,tender_title,location,Pincode,Organisation Chain,Bid Opening Place,Work Description,Tender Value in ₹,Product Category,Sub category,tender_externalreference,Tender ID,Tender Type,Tender Category,EMD Payable To,EMD Payable At,Awarded Value,Contract Date :,Contract Value :,tender_district_externalReference,tender_district_title_description,tender_district_location,DISTRICT_FINALISED,tender_villages,tender_block,tender_subdistrict,gp,tender_block_location,BLOCK_FINALISED
146,Construction of bridge cum wire under bridge on Kankurpal Nallah at 13.500km of Kosala Chhendipada road ODR in the district of Angul,ANGUL,759122,EIC-CIVIL||SERNB-CIRCLE-DHENKANAL||EERNB Angul Division,O/O the Superintending Engineer Angul RB Division,Construction of bridge cum wire under bridge on Kankurpal Nallah at 13.500km of Kosala Chhendipada road ODR in the district of Angul,"92,60,164",Civil Works - Roads,,SE (R and B) Angul-21/ 2021-22,2021_EICCL_74495_1,Open Tender,Works,Nil,Nil,"7,872,065",25-Jun-2022,"INR 7,872,065",NA,Anugul,NA,Anugul,"'KOSALA', 'CHHENDIPADA'",CHHENDIPADA,,KOSALA,CHHENDIPADA,CHHENDIPADA
168,Construction of c.c. drain from Mahendra Bastia house towards Industrial estate in ward No.12,Angul,759122,Municipal Bodies||Angul Municipality,"O/O Executive Officer, Angul Municipality, Angul",Construction of c.c. drain from Mahendra Bastia house towards Industrial estate in ward No.12,"2,73,290",Civil Works - Others,,EO/AGLM-02/2022-23,2022_ORULB_77875_5,Open Tender,Works,Nil,Nil,"232,324",20-Oct-2022,"INR 273,290.24",NA,Anugul,NA,Anugul,,,,,CHHENDIPADA,CHHENDIPADA
292,Construction of Matellia IV Check Dam in Banarapal Block of Angul District under MATY Grant for the year 2022-23,"Banarpal, Angul",759128,"CE,Minor Irrigation,BBSR||SESMIC-BERHAMPUR",ACE CMIC Bhubaneswar,Construction of Matellia IV Check Dam in Banarapal Block of Angul District under MATY Grant for the year 2022-23,"1,25,36,000",Civil Works - Others,,SECMIC/04/2022-23,2023_CEMIB_85186_1,Open Tender,Works,Nil,Nil,"10,657,273",01-Mar-2023,"INR 10,657,273",NA,NA,Anugul,Anugul,,,,,CHHENDIPADA,CHHENDIPADA
711,"Improvement to service road of LBC from RD 0.00 Km to RD 5.80 Km and approach road to left and right side afflux bundh of Samal Barrage of RIP for the year 2022,23.","Samal, Angul, Odisha",759037,CE and BM Brahmani Basin Samal||APD cum CCE RIP Samal||Headworks Division Samal,"Office of the ACE, RHWC, Samal","Improvement to service road of LBC from RD 0.00 Km to RD 5.80 Km and approach road to left and right side afflux bundh of Samal Barrage of RIP for the year 2022,23.","4,54,54,208",Civil Works - Roads,,ACE-RHWC-02/2022-23,2022_CEBBS_82016_1,Open Tender,Works,Nil,Nil,"38,640,622.48",27-Jan-2023,"INR 38,640,622.48",NA,Anugul,NA,Anugul,'SAMAL',PALALAHADA,,,CHHENDIPADA,CHHENDIPADA
1018,"Retrofitting of 70LPCD for RPWS to village Bonda, Chauridiha, Jhajiribahal, Tulasipal and Rajibpur of 11nos. Fluoride affected villages under Banarpal Block in Angul District. (Including 5years OM)",Angul,759100,Rural Water Supply and Sanitation||RWSS Circle Bhubaneswar||EE RWSS Divn Angul,"E.E, RWSS Division, Angul at Talcher","Retrofitting of 70LPCD for RPWS to village Bonda, Chauridiha, Jhajiribahal, Tulasipal and Rajibpur of 11nos. Fluoride affected villages under Banarpal Block in Angul District. (Including 5years OM)","3,67,62,000",Civil Works - Water Works,,11/EE/RWSS/ANGUL/2021-22 (JJM),2022_RWSS_76736_1,National Competitive Bid,Works,Nil,Nil,"31,251,408",29-Jul-2022,"INR 31,251,408",NA,Anugul,NA,Anugul,"'RAJIBPUR', 'JHAJIRIBAHAL', 'TULASIPAL', 'CHAURIDIHA', 'BANARPAL'",BANARPAL,,TULASIPAL,BANARPAL,BANARPAL
1019,Retrofitting of 70LPCD for RPWS to village Kulad and Girang of 11nos. Fluoride affected villages under Banarpal Block in Angul District. (Including 5years OM),Angul,759100,Rural Water Supply and Sanitation||RWSS Circle Bhubaneswar||EE RWSS Divn Angul,"E.E, RWSS Division, Angul at Talcher",Retrofitting of 70LPCD for RPWS to village Kulad and Girang of 11nos. Fluoride affected villages under Banarpal Block in Angul District. (Including 5years OM),"4,45,77,000",Civil Works - Water Works,,08/SE/RWSS/ANGUL/2021-22 (JJM),2022_RWSS_76316_1,National Competitive Bid,Works,Nil,Nil,"47,144,482",16-Dec-2022,"INR 47,144,482",NA,Anugul,NA,Anugul,"'GIRANG', 'BANARPAL'",BANARPAL,,BANARPAL,BANARPAL,BANARPAL
1027,"RPWS to 40LPCD Retrofitting to villages Kakudia, Saradhapur and Pabitranagar under Kaniha Block. (including 5years OM)",Angul,759100,Rural Water Supply and Sanitation||RWSS Circle Bhubaneswar||EE RWSS Divn Angul,"S.E, RWSS Division, Angul at Talcher","Laying of pipe line, const. of PH, CW, internal electrification to PH, supplying, fitting and fixing of pumping set, const. of ESR and UGR and other ancillary works for PWS to village Kakudia, Saradhapur and Pabitranagar under Kaniha Block in Angul.","4,06,72,000",Civil Works - Water Works,,06/ESE/RWSS/ANGUL/2021-22 (JJM),2021_RWSS_73582_1,National Competitive Bid,Works,Nil,Nil,"34,575,441",19-Dec-2022,"INR 34,575,441",NA,Anugul,NA,Anugul,"'SARADHAPUR', 'KANIHA', 'KAKUDIA'",KANIHA,,KAKUDIA,KANIHA,KANIHA
143,Construction of Boxcell culvert (1X6X3M) at 7/500 Km on PWD road to Karmeli for the year 2022-23,Dharmagarh / Kalahandi,766015,CE RW I||RWCIRCLE-BHAWANIPATNA||RWDIVISION-DHARMAGARH,"O/o the SE, RWD, Dharmagarh",Construction of Boxcell culvert (1X6X3M) at 7/500 Km on PWD road to Karmeli for the year 2022-23,"23,89,097",Civil Works - Bridges,,DMGH / Online-13 of 2022-23,2023_CERWI_85315_1,National Competitive Bid,Works,Nil,Nil,2030971,28-Feb-2023,INR 2030971.0,NA,NA,Kalahandi,Kalahandi,'KARMELI',JAYAPATNA,,,KANIHA,KANIHA
144,Construction of Boxcell culvert (2X6X3M) at 0/300 Km on Tingipokhan to Jhariguma road for the year 2022-23,Dharmagarh / Kalahandi,766015,CE RW I||RWCIRCLE-BHAWANIPATNA||RWDIVISION-DHARMAGARH,"O/o the SE, RWD, Dharmagarh",Construction of Boxcell culvert (2X6X3M) at 0/300 Km on Tingipokhan to Jhariguma road for the year 2022-23,"37,47,096",Civil Works - Bridges,,DMGH / Online-13 of 2022-23,2023_CERWI_85315_2,National Competitive Bid,Works,Nil,Nil,3185406,28-Feb-2023,INR 3185406.0,NA,NA,Kalahandi,Kalahandi,,,,,KANIHA,KANIHA
177,Construction of CC drain and CC wearing coat on Koksara to Majhiguda in the Dist of Kalahandi,Dharmagarh / Kalahandi,766015,CE RW I||RWCIRCLE-BHAWANIPATNA||RWDIVISION-DHARMAGARH,"O/o the SE, RWD, Dharmagarh",Construction of CC drain and CC wearing coat on Koksara to Majhiguda in the Dist of Kalahandi,"15,12,807",Civil Works - Roads,,DMGH / Online-15 of 2022-23,2023_CERWI_85719_5,National Competitive Bid,Works,Nil,Nil,1286037.98,01-Mar-2023,INR 1512807.88,NA,Kalahandi,Kalahandi,Kalahandi,'MAJHIGUDA',KOKASARA,,KOKSARA,KANIHA,KANIHA
341,Construction of RCC Drain from Lalu Behera Shop to Culvert at Titilagarh Road in Ward No-06,"EXECUTIVE OFFICER,NAC KESINGA",766012,Municipal Bodies||Kesinga NAC,"EXECUTIVE OFFICER, NAC KESINGA",Construction of RCC Drain from Lalu Behera Shop to Culvert at Titilagarh Road in Ward No-06,"13,39,375",Civil Works - Others,,KSNG-NAC-03/2022-23,2022_ORULB_80259_2,Open Tender,Works,Nil,Nil,"1,339,375",25-Feb-2023,"INR 1,339,375",NA,NA,Kalahandi,Kalahandi,'BEHERA',DHARAMAGARH,,BEHERA,KANIHA,KANIHA
833,Providing paver block at Dam Top Road of Ret Irrigation Project,"Ret Dam,Kuttingpadar,Narla Block,Kalahandi",766002,CCE Ret Irr. Project Bhawanipatna||CCE Ret Irrigation Project||Ret Dam Division Kuttingpadar,"Superintending Engineer,Ret Dam Division,Kuttingpa",Paver work,"92,82,895",Civil Works - Roads,,SERDD-01/2022-23,2023_RIPB_85398_1,Open Tender,Works,Nil,Nil,"7,891,389",16-Feb-2023,"INR 7,891,389",NA,NA,Kalahandi,Kalahandi,,,,,KANIHA,KANIHA
1051,Sl-2 Construction of Dhoskhola Check Dam over Local Nalla near village Koksur in Lanjigarh Block of Kalahandi District for the Year 2022-23,Lanjigarh,766027,"CE,Minor Irrigation,BBSR||SEKBKMIC-BHAWANIPATNA||EE K.M.I. Division Bhawanipatna","O/o the SE, M.I. Division, Kalahandi, Bhawanipatna",Construction of Dhoskhola Check Dam over Local Nalla near village Koksur in Lanjigarh Block of Kalahandi District for the Year 2022-23,"23,62,163",Civil Works - Others,Construction of New Check Dam,SEMIDKLD/16 of 22-23,2023_CEMIB_86297_2,Open Tender,Works,Nil,Nil,2008075,31-Mar-2023,INR 2008075.0,NA,Kalahandi,Kalahandi,Kalahandi,'LANJIGARH',LANJIGARH,,LANJIGARH,LANJIGARH,LANJIGARH
1052,Sl-3 Construction of Dhadel Check Dam over Kechbandha Nalla near village Dhadel in Lanjigarh Block of Kalahandi District for the Year 2022-23,Lanjigarh,766027,"CE,Minor Irrigation,BBSR||SEKBKMIC-BHAWANIPATNA||EE K.M.I. Division Bhawanipatna","O/o the SE, M.I. Division, Kalahandi, Bhawanipatna",Construction of Dhadel Check Dam over Kechbandha Nalla near village Dhadel in Lanjigarh Block of Kalahandi District for the Year 2022-23,"28,72,777",Civil Works - Others,Construction of New Check Dam,SEMIDKLD/16 of 22-23,2023_CEMIB_86297_3,Open Tender,Works,Nil,Nil,2442148,31-Mar-2023,INR 2442148.0,NA,Kalahandi,Kalahandi,Kalahandi,'LANJIGARH',LANJIGARH,,LANJIGARH,LANJIGARH,LANJIGARH
353,Construction of road and drain at Police Colony at Sundara Sahi in W. No.-10,Khordha Municipality,752055,Municipal Bodies||Khordha Municipality,EO Chamber,Construction of road and drain at Police Colony at Sundara Sahi in W. No.-10,"8,70,586",Civil Works - Others,,KMPLTY/07/2021-22,2022_ORULB_75418_6,Open Tender,Works,Nil,Nil,"740,085",03-Aug-2022,"INR 740,085",NA,NA,Khordha,Khordha,,,,,LANJIGARH,LANJIGARH
359,Construction of road and drain from Bula Behera house to R.K. Pattanaik house at Ghasi sahi in W. No.-12,Khordha Municipality,752055,Municipal Bodies||Khordha Municipality,EO Chamber,Construction of road and drain from Bula Behera house to R.K. Pattanaik house at Ghasi sahi in W. No.-12,"6,91,985",Civil Works - Others,,KMPLTY/06/2021-22,2021_ORULB_73154_19,Open Tender,Works,Nil,Nil,"588,256",03-Aug-2022,"INR 588,256",NA,NA,Khordha,Khordha,,,,,LANJIGARH,LANJIGARH
362,Construction of road and drain Gaya Prasad house in W. No.-09,Khordha Municipality,752055,Municipal Bodies||Khordha Municipality,EO Chamber,Construction of road and drain Gaya Prasad house in W. No.-09,"8,25,970",Civil Works - Others,,KMPLTY/07/2021-22,2022_ORULB_75418_5,Open Tender,Works,Nil,Nil,"702,157",02-Aug-2022,"INR 702,157",NA,NA,Khordha,Khordha,,,,,LANJIGARH,LANJIGARH
399,Construction of US protection wall in leading channel and guard wall DS of Nandunalla MIP (Head work ) in Tangi Block of Khordha District under Critical Grant 2022-23.,Khordha,752056,"CE,Minor Irrigation,BBSR||SECMIC-BHUBANESWAR||KHURDA",EE MI Division Khordha,Construction of US protection wall in leading channel and guard wall DS of Nandunalla MIP (Head work ) in Tangi Block of Khordha District under Critical Grant 2022-23.,"13,36,000",Civil Works - Others,,EE MID KHD 07 /2021-22,2022_CEMIB_76407_9,Open Tender,Works,Nil,Nil,"1,136,111",17-May-2022,"INR 1,336,444.075",NA,Khordha,Khordha,Khordha,'TANGI',KHORDHA,,TANGI,KHORDHA,KHORDHA
699,Improvement to road and drain from Bhabaani Young Club to Mangala Temple in W. No.-07,Khordha Municipality,752055,Municipal Bodies||Khordha Municipality,EO Chamber,Improvement to road and drain from Bhabaani Young Club to Mangala Temple in W. No.-07,"7,41,137",Civil Works - Others,,KMPLTY/07/2021-22,2022_ORULB_75418_2,Open Tender,Works,Nil,Nil,"630,041",03-Aug-2022,"INR 630,041",NA,NA,Khordha,Khordha,,,,,KHORDHA,KHORDHA
700,Improvement to road and drain from Bhagabata Ghara to Mangala Temple in Ward No.-04,Khordha Municipality,752055,Municipal Bodies||Khordha Municipality,EO Chamber,Improvement to road and drain from Bhagabata Ghara to Mangala Temple in Ward No.-04,"10,04,546",Civil Works - Others,,KMPLTY/07/2021-22,2022_ORULB_75418_1,Open Tender,Works,Nil,Nil,"853,965",02-Aug-2022,"INR 853,965",NA,NA,Khordha,Khordha,,,,,KHORDHA,KHORDHA
866,Renovation of Hansua Drain from US of Begunia VRB at RD 57.52Km to Rankei VRB at RD 64.09Km under DIP,Renovation of Hansua Drain from US of Begunia VRB,754103,"CE,Drainage,Cuttack||SE,Drainage,Cuttack",Additional Chief Engineer Drainage Circle Cuttack,Renovation of Hansua Drain from US of Begunia VRB at RD 57.52Km to Rankei VRB at RD 64.09Km under DIP,"3,43,31,556",Civil Works - Others,,SEDC-CTC / DDJSPR -12/2021-22,2021_CEDC_72447_1,National Competitive Bid,Works,Nil,Nil,"29,185,255",26-Apr-2022,"INR 29,185,255",NA,Khordha,Khordha,Khordha,'BEGUNIA',BEGUNIA,,BEGUNIA,BEGUNIA,BEGUNIA
85,Construction Of 20 Nos Recharge Shafts in Tanks Ponds in Korei Block Of Jajpur District,GWD Division Cuttack New Zobra,753003,Ground Water Survey and Investigation,CUTTACK,Construction Of 20 Nos Recharge Shafts in Tanks Ponds in Korei Block Of Jajpur District,"42,13,000",Civil Works - Others,,01/GWCTC/ARUA/2022-23,2022_GWSI_82357_1,National Competitive Bid,Works,Deputy Director Geology Cuttack,Cuttack,"4,213,248",05-Dec-2022,"INR 4,213,248",NA,NA,Cuttack,Cuttack,,,,,BEGUNIA,BEGUNIA
256,Construction of Ghantipada-I Checkdam in Tangi-Choudwar Block under Checkdam Scheme for the year 2022-23.,TANGI-CHOUDWAR,754022,"CE,Minor Irrigation,BBSR||SECMIC-BHUBANESWAR||CUTTACK","SE,MI DIVISION, CUTTACKK",Construction of Ghantipada-I Checkdam in Tangi-Choudwar Block under Checkdam Scheme for the year 2022-23.,"44,92,735",Civil Works - Others,,SECMID_11/2022-23,2023_CEMIB_85014_1,Open Tender,Works,Nil,Nil,"4,506,743",13-Feb-2023,"INR 3,819,274",NA,Cuttack,Cuttack,Cuttack,,TANGI CHOUDWAR,,,TANGI CHOUDWAR,TANGI CHOUDWAR
393,Construction of Tinimuhani Checkdam in Tangi-Choudwar Block under Checkdam Scheme for the year 2022-23.,TANGI-CHOUDWAR,754022,"CE,Minor Irrigation,BBSR||SECMIC-BHUBANESWAR||CUTTACK","SE,MI,DIVISION,CUTTACK",Construction of Tinimuhani Checkdam in Tangi-Choudwar Block under Checkdam Scheme for the year 2022-23.,"58,00,003",Civil Works - Others,,SECMID_12/2022-23,2023_CEMIB_85019_3,Open Tender,Works,Nil,Nil,"5,818,088",23-Feb-2023,"INR 4,930,583",NA,Cuttack,Cuttack,Cuttack,,TANGI CHOUDWAR,,,TANGI CHOUDWAR,TANGI CHOUDWAR
544,Improvement to Dhania Nalla Drainage Channel and its link drains of Narasinghpur Block in Cuttack District,Improvement to Dhania Nalla Drainage Channel and i,753003,"CE,Drainage,Cuttack||SE,Drainage,Cuttack",Additional Chief Engineer Drainage Circle Cuttack,Improvement to Dhania Nalla Drainage Channel and its link drains of Narasinghpur Block in Cuttack District,"4,25,54,447",Civil Works - Others,,SEDC-CTC/DDCTC-22/2021-22,2021_CEDC_73351_1,National Competitive Bid,Works,Nil,Nil,"36,175,536",25-Apr-2022,"INR 36,175,536",NA,Cuttack,NA,Cuttack,'NARASINGHPUR',NARASINGHPUR,,,NARASINGHPUR,NARASINGHPUR
720,Installation of Recharge Shafts and Monitoring Station at 08 Locations in Jajpur Block and 07 locations in Dasarathpur Block of Jajpur District,"Deputy Director Geology, GWD Division Cuttack",753003,Ground Water Survey and Investigation,CUTTACK,Installation of Recharge Shafts and Monitoring Station at 08 Locations in Jajpur Block and 07 locations in Dasarathpur Block of Jajpur District,"26,85,722",Civil Works - Others,,06/GWDCTC/ARUA/2022-23,2022_GWSI_84612_1,Open Tender,Works,Nil,Nil,"2,378,456",04-Feb-2023,"INR 2,378,456",NA,NA,Cuttack,Cuttack,,,,,NARASINGHPUR,NARASINGHPUR
728,Installation of Recharge Shafts and Monitoring Station at 20 Locations under Korei Block of Jajpur District Part-A,Deputy Director Geology GWD Division Cuttack,753003,Ground Water Survey and Investigation,CUTTACK,Installation of Recharge Shafts and Monitoring Station at 20 Locations under Korei Block of Jajpur District Part-A,"42,13,000",Civil Works - Others,,03/GWCTC/ARUA/2022-23,2022_GWSI_83570_1,Open Tender,Works,Nil,Nil,"4,423,910.09",06-Jan-2023,"INR 4,423,910.09",NA,NA,Cuttack,Cuttack,,,,,NARASINGHPUR,NARASINGHPUR
729,"Installation of Recharge Shafts and Monitoring Station in 03 blocks i.e Pattamundai, Kujanga, Cuttack sadar, 07 nos each of Kendrapada Jagatsinghpur and Cuttack district respectively","Deputy Director, Geology GWD Division, Cuttack",753003,Ground Water Survey and Investigation,CUTTACK,"Installation of Recharge Shafts and Monitoring Station in 03 blocks i.e Pattamundai, Kujanga, Cuttack sadar, 07 nos each of Kendrapada Jagatsinghpur and Cuttack district respectively","37,78,477",Civil Works - Others,,07/GWDCTC/ARUA/2022-23,2022_GWSI_84793_1,Open Tender,Works,Nil,Nil,"3,506,426",14-Feb-2023,"INR 3,506,426",NA,Cuttack,Cuttack,Cuttack,,,,,NARASINGHPUR,NARASINGHPUR
754,"Net work Improvement (installation of isolation valve, Air valve sluice valve, pipe laying valve chamber) for Implementation of Drink from Tap with 24 x 7 water supply to Zone No-5 at Bidanasi Ward No-1 (P) and 2(P) CMC, Cuttack under SUJAL",Cuttack,753003,WATCO Bhubaneswar||Director (Operation) Watco||WATCO Division Cuttack,"O/o-General Manager, WATCO Division, Cuttack","Net work Improvement (installation of isolation valve, Air valve sluice valve, pipe laying valve chamber) for Implementation of Drink from Tap with 24 x 7 water supply to Zone No-5 at Bidanasi Ward No-1 (P) and 2(P) CMC, Cuttack under SUJAL","86,99,957",Civil Works - Water Works,,WATCO(W)-04(1)/2022-23 Dtd.18.05.2022,2022_WCUTT_77946_1,National Competitive Bid,Works,Nil,Nil,"8,003,960",01-Aug-2022,"INR 8,003,960",NA,Cuttack,Cuttack,Cuttack,,,,,NARASINGHPUR,NARASINGHPUR
755,"Network Improvement (installation of isolation valve, Air valve, sluice valve, chamber) for Implementation of Drink from Tap with 24 x 7 water supply to Pratapnagari Ward No.58 and 56 (P) (DMA-III) CMC, Cuttack under SUJAL",Cuttack,753003,WATCO Bhubaneswar||Director (Operation) Watco||WATCO Division Cuttack,"O/o-General Manager, WATCO Division, Cuttack","Network Improvement (installation of isolation valve, Air valve, sluice valve, chamber) for Implementation of Drink from Tap with 24 x 7 water supply to Pratapnagari Ward No.58 and 56 (P) (DMA-III) CMC, Cuttack under SUJAL","50,11,562",Civil Works - Water Works,,WATCO(W)-05(1)/2022-23 Dtd.20.05.2022,2022_WCUTT_78040_1,National Competitive Bid,Works,Nil,Nil,"4,661,254",29-Jul-2022,"INR 4,661,254",NA,Cuttack,Cuttack,Cuttack,,,,,NARASINGHPUR,NARASINGHPUR
756,"Network Improvement (Installation of Isolation Valve, Air Valve, Sluice Valve, pipe laying, valve chamber, House Connection Work) for Implementation of Drink from Tap with 24 x 7 water supply to Gopalpur Ward No. 57, CMC, Cuttack under SUJAL",Cuttack,753003,WATCO Bhubaneswar||Director (Operation) Watco||WATCO Division Cuttack,"O/o-General Manager, WATCO Division, Cuttack","Network Improvement (Installation of Isolation Valve, Air Valve, Sluice Valve, pipe laying, valve chamber, House Connection Work) for Implementation of Drink from Tap with 24 x 7 water supply to Gopalpur Ward No. 57, CMC, Cuttack under SUJAL","60,83,181",Civil Works - Water Works,,WATCO(W)-05(5)/2022-23 Dtd.20.05.2022,2022_WCUTT_78046_1,National Competitive Bid,Works,Nil,Nil,"5,475,471",16-Jul-2022,"INR 5,475,471",NA,Cuttack,Cuttack,Cuttack,'GOPALPUR',KANTAPADA,,GOPALPUR,NARASINGHPUR,NARASINGHPUR
757,"Network Improvement (Installation of Isolation Valve, Air Valve, Sluice Valve, pipe laying, valve chamber, House Connection Work) for Implementation of Drink from Tap with 24 x 7 water supply to Zone No.41(227KL) at Khapuria Ward No. 50 CMC, Cuttack",Cuttack,753003,WATCO Bhubaneswar||Director (Operation) Watco||WATCO Division Cuttack,"O/o-General Manager, WATCO Division, Cuttack","Network Improvement (Installation of Isolation Valve, Air Valve, Sluice Valve, pipe laying, valve chamber, House Connection Work) for Implementation of Drink from Tap with 24 x 7 water supply to Zone No.41(227KL) at Khapuria Ward No. 50 CMC, Cuttack","48,63,630",Civil Works - Water Works,,WATCO(W)-07(4)/2022-23 Dt-21.06.2022,2022_WCUTT_79273_1,National Competitive Bid,Works,Nil,Nil,"4,134,572",01-Aug-2022,"INR 4,134,572",NA,Cuttack,Cuttack,Cuttack,,,,,NARASINGHPUR,NARASINGHPUR
758,"Network Improvement (Installation of Isolation Valve, Air Valve, Sluice Valve, pipe laying, valve chamber, House Connection Work) for Implementation of Drink from Tap with 24x7 water supply to Zone No.29 (600KL) at Badambadi ward No-44(P)CMC,Ctc",Cuttack,753003,WATCO Bhubaneswar||Director (Operation) Watco||WATCO Division Cuttack,"O/o- General Manager, WATCO Division, Cuttack","Network Improvement (Installation of Isolation Valve, Air Valve, Sluice Valve, pipe laying, valve chamber, House Connection Work) for Implementation of Drink from Tap with 24x7 water supply to Zone No.29 (600KL) at Badambadi ward No-44(P)CMC,Ctc","14,08,501",Civil Works - Water Works,,WATCO(W)-09(4)/2022-23 Dt-30.06.2022,2022_WCUTT_79595_1,National Competitive Bid,Works,Nil,Nil,"1,197,367",22-Aug-2022,"INR 1,197,367",NA,NA,Cuttack,Cuttack,,,,,NARASINGHPUR,NARASINGHPUR
759,"Network Improvement (Installation of Isolation Valve, Air Valve, Sluice Valve, pipe laying, valve chamber) for Implementation of Drink from Tap with 24x7 water supply to Zone No- 8(850KL) at Krushak Bazar Ward No-7,Ward No-1(P),6(P) CMC, Ctc SUJAL",Cuttack,753003,WATCO Bhubaneswar||Director (Operation) Watco||WATCO Division Cuttack,"O/o-General Manager, WATCO Division, Cuttack","Network Improvement (Installation of Isolation Valve, Air Valve, Sluice Valve, pipe laying, valve chamber) for Implementation of Drink from Tap with 24x7 water supply to Zone No- 8(850KL) at Krushak Bazar Ward No-7,Ward No-1(P),6(P) CMC, Ctc SUJAL","41,99,606",Civil Works - Water Works,,WATCO(W)-09(11)/2022-23 Dt-30.06.2022,2022_WCUTT_79604_1,National Competitive Bid,Works,Nil,Nil,"3,780,066",01-Nov-2022,"INR 3,780,066",NA,NA,Cuttack,Cuttack,,,,,NARASINGHPUR,NARASINGHPUR
760,"Network Improvement (Installation of Isolation Valve,Air Valve,Sluice Valve, pipe laying,valve chamber)for Implementation of Drink from Tap with 24x7 water supply to Zone No-11 at Gorakabar 700KL W.No. 8P,9P,16P CMC, Cuttack under SUJAL",Cuttack,753003,WATCO Bhubaneswar||Director (Operation) Watco||WATCO Division Cuttack,"O/o-General Manager, WATCO Division, Cuttack","Network Improvement (Installation of Isolation Valve,Air Valve,Sluice Valve, pipe laying,valve chamber)for Implementation of Drink from Tap with 24x7 water supply to Zone No-11 at Gorakabar 700KL W.No. 8P,9P,16P CMC, Cuttack under SUJAL","46,52,802",Civil Works - Water Works,,WATCO(W)- 10(3)/2022-23 Dt-25.07.2022,2022_WCUTT_80156_1,National Competitive Bid,Works,Nil,Nil,"4,187,987",26-Sep-2022,"INR 4,187,987",NA,Cuttack,Cuttack,Cuttack,,,,,NARASINGHPUR,NARASINGHPUR
761,"Network Improvement Installation of Isolation Valve, Air Valve, Sluice valve, Pipe laying, Valve Chamber, for Implementation of Drink from Tap with 24 x 7 water supply to Zone No-4 at CDA ward No.4 and ward No-5(P), CMC, Cuttack under SUJAL",Cuttack,753003,WATCO Bhubaneswar||Director (Operation) Watco||WATCO Division Cuttack,"O/o-General Manager, WATCO Division, Cuttack","Network Improvement Installation of Isolation Valve, Air Valve, Sluice valve, Pipe laying, Valve Chamber, for Implementation of Drink from Tap with 24 x 7 water supply to Zone No-4 at CDA ward No.4 and ward No-5(P), CMC, Cuttack under SUJAL","54,47,354",Civil Works - Water Works,,WATCO (W) - 03(1) /2022-23 Dtd.10.05.2022,2022_WCUTT_77762_1,National Competitive Bid,Works,Nil,Nil,"4,885,825",26-Jul-2022,"INR 4,885,825",NA,Cuttack,Cuttack,Cuttack,,,,,NARASINGHPUR,NARASINGHPUR
762,"Network Improvement with Installation of Isolation Valve, Air Valve, Sluice Valve, pipe laying, valve chamber for Implementation of Drink from Tap with 24 x 7 water supply to Zone No-2(750KL) at CDA Ward No. 3(P) CMC, Cuttack under SUJAL",Cuttack,753003,WATCO Bhubaneswar||Director (Operation) Watco||WATCO Division Cuttack,"O/o-General Manager, WATCO Division, Cuttack","Network Improvement with Installation of Isolation Valve, Air Valve, Sluice Valve, pipe laying, valve chamber for Implementation of Drink from Tap with 24 x 7 water supply to Zone No-2(750KL) at CDA Ward No. 3(P) CMC, Cuttack under SUJAL","58,68,025",Civil Works - Water Works,,WATCO(W)-07(15)/2022-23 Dt-21.06.2022,2022_WCUTT_79293_1,National Competitive Bid,Works,Nil,Nil,"5,281,809",29-Jul-2022,"INR 5,281,809",NA,Cuttack,Cuttack,Cuttack,,,,,NARASINGHPUR,NARASINGHPUR
763,"Network Improvement with Installation of Isolation Valve, Air Valve, Sluice Valve, pipe laying, valve chamber for Implementation of Drink from Tap with 24x7 water supply to Zone No-34(750KL) at Badambadi to WNo.36P and 37 CMC,Cuttack under SUJAL",Cuttack,753003,WATCO Bhubaneswar||Director (Operation) Watco||WATCO Division Cuttack,"O/o-General Manager, WATCO Division, Cuttack","Network Improvement with Installation of Isolation Valve, Air Valve, Sluice Valve, pipe laying, valve chamber for Implementation of Drink from Tap with 24x7 water supply to Zone No-34(750KL) at Badambadi to WNo.36P and 37 CMC,Cuttack under SUJAL","38,97,793",Civil Works - Water Works,,WATCO(W)-11(7)/2022-23 Dt-01.08.2022,2022_WCUTT_80396_1,National Competitive Bid,Works,Nil,Nil,"3,313,514",18-Oct-2022,"INR 3,313,514",NA,Cuttack,Cuttack,Cuttack,,,,,NARASINGHPUR,NARASINGHPUR
764,"Network Improvement with installation of isolation valve, Air Valve, Sluice Valve, pipe laying, Valve chamber, House connection for implementation of Drink from Tap with 24x7 water supply to zone No-42(600KL)at Badambadi ward No-44P and 45P CMC,CTC",Cuttack,753003,WATCO Bhubaneswar||Director (Operation) Watco||WATCO Division Cuttack,"O/o-General Manager, WATCO Division, Cuttack","Network Improvement with installation of isolation valve, Air Valve, Sluice Valve, pipe laying, Valve chamber, House connection for implementation of Drink from Tap with 24x7 water supply to zone No-42(600KL)at Badambadi ward No-44P and 45P CMC,CTC","49,21,840",Civil Works - Water Works,,WATCO(W)-11(6)/2022-23 Dt-01.08.2022,2022_WCUTT_80395_1,National Competitive Bid,Works,Nil,Nil,"4,430,148",01-Oct-2022,"INR 4,430,148",NA,NA,Cuttack,Cuttack,,,,,NARASINGHPUR,NARASINGHPUR
765,"Network Improvement with Installation of Isolation Valve, Air Valve, Sluice Valve, pipe laying, valve chamber, House Connection for Implementation of Drink from Tap with 24x7 water supply to Zone No-6(900KL) at CDA to Ward No.6(P)CMC,Cuttack SUJAL",Cuttack,753003,WATCO Bhubaneswar||Director (Operation) Watco||WATCO Division Cuttack,O/o-WATCO(W)-07(8)/2022-23 Dt-21.06.2022,"Network Improvement with Installation of Isolation Valve, Air Valve, Sluice Valve, pipe laying, valve chamber, House Connection for Implementation of Drink from Tap with 24x7 water supply to Zone No-6(900KL) at CDA to Ward No.6(P)CMC,Cuttack SUJAL","78,30,374",Civil Works - Water Works,,WATCO(W)-07(8)/2022-23 Dt-21.06.2022,2022_WCUTT_79281_1,National Competitive Bid,Works,Nil,Nil,"7,352,721",08-Aug-2022,"INR 7,352,721",NA,Cuttack,Cuttack,Cuttack,,,,,NARASINGHPUR,NARASINGHPUR
766,"Network Improvement with installation of isolation valve, Air Valve,Sluice Valve, pipe laying,Valve chamber,House connection for implementation of Drink from Tap with 24x7 water supply to zone No-3400KL at CDA ward No-3(P), CMC, Cuttack under SUJAL",Cuttack,753003,WATCO Bhubaneswar||Director (Operation) Watco||WATCO Division Cuttack,"O/o-General Manager, WATCO Division, Cuttack","Network Improvement with installation of isolation valve, Air Valve,Sluice Valve, pipe laying,Valve chamber,House connection for implementation of Drink from Tap with 24x7 water supply to zone No-3400KL at CDA ward No-3(P), CMC, Cuttack under SUJAL","73,15,526",Civil Works - Water Works,,WATCO(W)-07(1)/2022-23 Dt-21.06.2022,2022_WCUTT_79262_1,National Competitive Bid,Works,Nil,Nil,"6,803,439",19-Aug-2022,"INR 6,803,439",NA,Cuttack,Cuttack,Cuttack,,,,,NARASINGHPUR,NARASINGHPUR
767,"Network Improvement with Installation of Isolation Valve,Air Valve,Sluice Valve, pipe laying, valve chamber,House Connection for Implementation of Drink from Tap with 24x7 water supply to Zone No7 500KL at Sector-7P at CDA Ward No.5P CMC",Cuttack,753003,WATCO Bhubaneswar||Director (Operation) Watco||WATCO Division Cuttack,"O/o-General Manager, WATCO Division, Cuttack","Network Improvement with Installation of Isolation Valve,Air Valve,Sluice Valve, pipe laying, valve chamber,House Connection for Implementation of Drink from Tap with 24x7 water supply to Zone No7 500KL at Sector-7P at CDA Ward No.5P CMC","81,98,369",Civil Works - Water Works,,WATCO(W)-07(11)/2022-23 Dt-21.06.2022,2022_WCUTT_79286_1,National Competitive Bid,Works,Nil,Nil,"7,379,352",08-Aug-2022,"INR 7,379,352",NA,NA,Cuttack,Cuttack,,,,,NARASINGHPUR,NARASINGHPUR
768,"Network Improvement(Installation of Isolation Valve, Air Valve, Sluice Valve, pipe laying, valve chamber, House Connection Work)for Implementation of Drink from Tap with 24x7 water supply to Ward No.56(P) CMC, Cuttack under SUJAL.(DMA-I) Pratapnagari",Cuttack,753003,WATCO Bhubaneswar||Director (Operation) Watco||WATCO Division Cuttack,"O/o-General Manager, WATCO Division, Cuttack","Network Improvement(Installation of Isolation Valve, Air Valve, Sluice Valve, pipe laying, valve chamber, House Connection Work)for Implementation of Drink from Tap with 24x7 water supply to Ward No.56(P) CMC, Cuttack under SUJAL.(DMA-I) Pratapnagari","81,87,608",Civil Works - Water Works,,WATCO (W) - 06(9) /2022-23 Dtd.27.05.2022,2022_WCUTT_78264_1,National Competitive Bid,Works,Nil,Nil,"7,819,165",16-Jul-2022,"INR 7,819,165",NA,Cuttack,Cuttack,Cuttack,,,,,NARASINGHPUR,NARASINGHPUR
769,"Network Improvement(Installation of Isolation Valve, AirValve, SluiceValve, pipe laying, valve chamber, House Connection Work)for Implementation of Drink from Tap with 24x7 water supply to Zone No28 at Badambadi W.No.31(P)AND 36(P)CMC,Cuttack",Cuttack,753003,WATCO Bhubaneswar||Director (Operation) Watco||WATCO Division Cuttack,"O/o-General Manager, WATCO Division, Cuttack","Network Improvement(Installation of Isolation Valve, AirValve, SluiceValve, pipe laying, valve chamber, House Connection Work)for Implementation of Drink from Tap with 24x7 water supply to Zone No28 at Badambadi W.No.31(P)AND 36(P)CMC,Cuttack","36,66,587",Civil Works - Water Works,,WATCO (W) - 06(5) /2022-23 Dtd.27.05.2022,2022_WCUTT_78256_1,National Competitive Bid,Works,Nil,Nil,"3,116,965",26-Jul-2022,"INR 3,116,965",NA,Cuttack,Cuttack,Cuttack,,,,,NARASINGHPUR,NARASINGHPUR
770,"Network Improvement(Installation of Isolation Valve,Air Valve,Sluice Valve,pipe laying,valve chamber,House Connection Work) for Implementation of Drink from Tap with 24X7 water supply to ZoneNo12 450KL at Bijupattanaik Chawk Ward No9P and 16P CMC,Ctc",Cuttack,753003,WATCO Bhubaneswar||Director (Operation) Watco||WATCO Division Cuttack,"O/o-General Manager, WATCO Division, Cuttack","Network Improvement(Installation of Isolation Valve,Air Valve,Sluice Valve,pipe laying,valve chamber,House Connection Work) for Implementation of Drink from Tap with 24X7 water supply to ZoneNo12 450KL at Bijupattanaik Chawk Ward No9P and 16P CMC,Ctc","35,46,670",Civil Works - Water Works,,WATCO(W)-08(4)/2022-23 Dt-23.06.2022,2022_WCUTT_79383_1,National Competitive Bid,Works,Nil,Nil,"3,015,024",03-Dec-2022,"INR 3,015,024",NA,NA,Cuttack,Cuttack,,,,,NARASINGHPUR,NARASINGHPUR
994,Restoration to scoured bank on Mahanadi left from Kandarpur to Landeilo for the year 2022-23,ATHAGARH,754021,"CE-BM,LMB Basin,BBSR||SE, Eastern Circle,Cuttack||EE, Mahanadi North Division,Jagatpur","O/O THE SUPERINTENDING ENGINEER,MND-I",Restoration to scoured bank on Mahanadi left from Kandarpur to Landeilo for the year 2022-23,"26,44,036",Civil Works - Others,,MND-04/2021-22,2022_CELBB_76452_24,National Competitive Bid,Works,Nil,Nil,"2,247,695",16-Jul-2022,"INR 2,247,695",NA,Cuttack,NA,Cuttack,"'KANDARPUR', 'MAHANADI'",BANKI- DAMPARA,,KANDARPUR,NARASINGHPUR,NARASINGHPUR
1008,"Retrofitting for RPWS Scheme to Anlo I, Anlo II, Alatalanga II Zone I and Zone II under Niali Block",Niali,753004,Rural Water Supply and Sanitation||RWSS Circle Cuttack||RWSS Division Cuttack,"Superintending Engineer, RWSS Division, Cuttack","Retrofitting for RPWS Scheme to Anlo I, Anlo II, Alatalanga II Zone I and Zone II under Niali Block","4,45,49,000",Civil Works - Others,,RWSSCTC- 02 /2022-23,2022_RWSS_78511_6,National Competitive Bid,Works,Nil,Nil,"41,341,559",02-Mar-2023,"INR 41,341,559",NA,Cuttack,Cuttack,Cuttack,"'NIALI', 'ANLO', 'ALATALANGA'",NIALI,,NIALI,NIALI,NIALI
1009,Retrofitting for RPWS Scheme to Ayatpur and Dharina Zone I Zone II and Zone III under Cuttack Sadar Block,Cuttack Sadar,753004,Rural Water Supply and Sanitation||RWSS Circle Cuttack||RWSS Division Cuttack,"Superintending Engineer, RWSS Division, Cuttack",Retrofitting for RPWS Scheme to Ayatpur and Dharina Zone I Zone II and Zone III under Cuttack Sadar Block,"4,01,89,000",Civil Works - Water Works,,RWSSCTC- 01 /2022-23,2022_RWSS_78341_2,National Competitive Bid,Works,Nil,Nil,"36,925,602",21-Feb-2023,"INR 36,925,602",NA,Cuttack,Cuttack,Cuttack,"'DHARINA', 'AYATPUR'",CUTTACKSADAR,,DHARINA,NIALI,NIALI
1010,Retrofitting for RPWS Scheme to Brahmanabada and Sompur Zone 1 and Zone 2 under Cuttack Sadar Block,Cuttack Sadar,753004,Rural Water Supply and Sanitation||RWSS Circle Cuttack||RWSS Division Cuttack,"Superintending Engineer, RWSS Division, Cuttack",Retrofitting for RPWS Scheme to Brahmanabada and Sompur Zone 1 and Zone 2 under Cuttack Sadar Block,"3,11,49,000",Civil Works - Water Works,,RWSSCTC- 01 /2022-23,2022_RWSS_78341_1,National Competitive Bid,Works,Nil,Nil,"28,036,554",21-Feb-2023,"INR 28,036,554",NA,Cuttack,Cuttack,Cuttack,,,,SOMPUR,NIALI,NIALI
1031,S/R to (a). H.L. Bridge over river Kandal at 4th Km. on Patasundarpur Badamulei road (b). H.L. Bridge over river Prachi on Adaspur to Banamalipur Road (c). H.L. Bridge over river Chhinda on R.D. Road to Patrakana (d). Const. of Bridge over Telejodi N,"O/O THE S.E., R.W.DIVISION, CUTTACK",753004,CE RW I||RWCIRCLE-CUTTACK||RWDIVISION-CUTTACK,"O/O THE S.E., R.W.DIVISION, CUTTACK",S/R to (a). H.L. Bridge over river Kandal at 4th Km. on Patasundarpur Badamulei road (b). H.L. Bridge over river Prachi on Adaspur to Banamalipur Road (c). H.L. Bridge over river Chhinda on R.D. Road to Patrakana (d). Const. of Bridge over Telejodi N,"14,68,431",Civil Works - Bridges,,RWD-CTC-10-2021-22,2021_CERWI_73377_31,Open Tender,Works,Nil,Nil,"1,248,313",13-Apr-2022,"INR 1,248,313",NA,NA,Cuttack,Cuttack,"'BANAMALIPUR', 'ADASPUR', 'BADAMULEI', 'PATRAKANA'",NIALI,,BANAMALIPUR,NIALI,NIALI
1033,S/R to (a).Construction of Bridge over river Sukanai on Tribeniswar Mouda road (b). Construction of H.L. Bridge over river Birupa near Jasarajpur on Bheda to Anandabazar road in the District of Cuttack for the year 2021-22,"O/O THE S.E., R.W.DIVISION, CUTTACK",753004,CE RW I||RWCIRCLE-CUTTACK||RWDIVISION-CUTTACK,"O/O THE S.E., R.W.DIVISION, CUTTACK",S/R to (a).Construction of Bridge over river Sukanai on Tribeniswar Mouda road (b). Construction of H.L. Bridge over river Birupa near Jasarajpur on Bheda to Anandabazar road in the District of Cuttack for the year 2021-22,"5,92,506",Civil Works - Bridges,,RWD-CTC-10-2021-22,2021_CERWI_73377_35,Open Tender,Works,Nil,Nil,"503,689",13-Apr-2022,"INR 503,689",NA,Cuttack,Cuttack,Cuttack,"'MOUDA', 'JASARAJPUR'",MAHANGA,,BHEDA,NIALI,NIALI
1034,S/R to a. H.L. Bridge over Mahanadi at Kishannagar on Gadama Kishannagar road b. Construction of Bridge over Taladanda canal on Allarpur Sidheswarpur road in the District of Cuttack for the year 2021-22,"O/O THE S.E., R.W.DIVISION, CUTTACK",753004,CE RW I||RWCIRCLE-CUTTACK||RWDIVISION-CUTTACK,"O/O THE S.E., R.W.DIVISION, CUTTACK",S/R to a. H.L. Bridge over Mahanadi at Kishannagar on Gadama Kishannagar road b. Construction of Bridge over Taladanda canal on Allarpur Sidheswarpur road in the District of Cuttack for the year 2021-22,"22,10,596",Civil Works - Bridges,,RWD-CTC-10-2021-22,2021_CERWI_73377_34,Open Tender,Works,Nil,Nil,"1,879,228",11-Apr-2022,"INR 1,879,228",NA,Cuttack,Cuttack,Cuttack,"'MAHANADI', 'SIDHESWARPUR'",CUTTACKSADAR,,,NIALI,NIALI
1035,S/R to a. H.L. Bridge over river Prachi on Madhab Binishpur Road b. H.L. Bridge over river Prachi on R.D. Road (Nua Satanga) to Puruna Betenda road (Near Mishra Sahu house) (c). H.L. Bridge over river Prachi on Binishpur Sikharghat road (d). H.L. B,"O/O THE S.E., R.W.DIVISION, CUTTACK",753004,CE RW I||RWCIRCLE-CUTTACK||RWDIVISION-CUTTACK,"O/O THE S.E., R.W.DIVISION, CUTTACK",S/R to a. H.L. Bridge over river Prachi on Madhab Binishpur Road b. H.L. Bridge over river Prachi on R.D. Road (Nua Satanga) to Puruna Betenda road (Near Mishra Sahu house) (c). H.L. Bridge over river Prachi on Binishpur Sikharghat road (d). H.L. B,"9,74,321",Civil Works - Bridges,,RWD-CTC-10-2021-22,2021_CERWI_73377_30,Open Tender,Works,Nil,Nil,"828,270",11-Apr-2022,"INR 828,270",NA,NA,Cuttack,Cuttack,'BINISHPUR',NIALI,,BINISHPUR,NIALI,NIALI
1036,S/R to a.Construction of S.B. over Mendhakhai on N.H.5 (Govindpur) to Champapur via Anandabazar road b. Construction of Bridge over H.L. Canal at 1.500 Km. on Sanachancho Badachancho road in the District of Cuttack for the year 2021-22,"O/O THE S.E., R.W.DIVISION, CUTTACK",753004,CE RW I||RWCIRCLE-CUTTACK||RWDIVISION-CUTTACK,"O/O THE S.E., R.W.DIVISION, CUTTACK",S/R to a.Construction of S.B. over Mendhakhai on N.H.5 (Govindpur) to Champapur via Anandabazar road b. Construction of Bridge over H.L. Canal at 1.500 Km. on Sanachancho Badachancho road in the District of Cuttack for the year 2021-22,"3,63,206",Civil Works - Bridges,,RWD-CTC-10-2021-22,2021_CERWI_73377_29,Open Tender,Works,Nil,Nil,"308,761",14-Apr-2022,"INR 308,761",NA,Cuttack,Cuttack,Cuttack,"'CHAMPAPUR', 'GOVINDPUR'",BARANGA,,GOVINDPUR,NIALI,NIALI
1041,S/R to Construction of Bridge over river Gobari on Haribhaktapur Lalitgiri road (b). Const. of Bridge over Gobari on Nadiasahaspur to Podamarei Road (c). Bridge over river Gobari on Rahania to Champatipur road near Matiparilo (d). Bridge over river G,"O/O THE S.E., R.W.DIVISION, CUTTACK",753004,CE RW I||RWCIRCLE-CUTTACK||RWDIVISION-CUTTACK,"O/O THE S.E., R.W.DIVISION, CUTTACK",S/R to Construction of Bridge over river Gobari on Haribhaktapur Lalitgiri road (b). Const. of Bridge over Gobari on Nadiasahaspur to Podamarei Road (c). Bridge over river Gobari on Rahania to Champatipur road near Matiparilo (d). Bridge over river G,"26,16,233",Civil Works - Bridges,,RWD-CTC-10-2021-22,2021_CERWI_73377_38,Open Tender,Works,Nil,Nil,"2,224,060",11-Apr-2022,"INR 2,224,060",NA,NA,Cuttack,Cuttack,"'MATIPARILO', 'HARIBHAKTAPUR', 'RAHANIA', 'NADIASAHASPUR'",MAHANGA,,RAHANIA,NIALI,NIALI
1042,S/R to Construction of Bridge over river Sedua on Khalarda Sarichuan Road in the District of Cuttack for the year 2021-22,"O/O THE S.E., R.W.DIVISION, CUTTACK",753004,CE RW I||RWCIRCLE-CUTTACK||RWDIVISION-CUTTACK,"O/O THE S.E., R.W.DIVISION, CUTTACK",S/R to Construction of Bridge over river Sedua on Khalarda Sarichuan Road in the District of Cuttack for the year 2021-22,"8,84,628",Civil Works - Bridges,,RWD-CTC-10-2021-22,2021_CERWI_73377_32,Open Tender,Works,Nil,Nil,"752,022",11-Apr-2022,"INR 752,022",NA,Cuttack,Cuttack,Cuttack,,,,KHALARDA,NIALI,NIALI
1044,"S/R to High Level Bridge over river Kandal near Kundimuhan at 8th Km. on Salei Baharana road in the District of Cuttack for the year 2021-22 (such as providing, fitting, fixing stripseal, joint by replacing old damaged M.S. angle expansion joint)","O/O THE S.E., R.W.DIVISION, CUTTACK",753004,CE RW I||RWCIRCLE-CUTTACK||RWDIVISION-CUTTACK,"O/O THE S.E., R.W.DIVISION, CUTTACK","S/R to High Level Bridge over river Kandal near Kundimuhan at 8th Km. on Salei Baharana road in the District of Cuttack for the year 2021-22 (such as providing, fitting, fixing stripseal, joint by replacing old damaged M.S. angle expansion joint)","39,84,164",Civil Works - Bridges,,RWD-CTC-16-2021-22,2021_CERWI_74986_1,Open Tender,Works,Nil,Nil,"4,135,562",11-Apr-2022,"INR 4,135,562",NA,Cuttack,Cuttack,Cuttack,'BAHARANA',NIALI,,BAHARANA,NIALI,NIALI
1049,"Shifting of Old C.I. pipe line from Machhuabazar chhaka to Dr. Pitabasa Sahoo Residence, Baniasahi for reconstruction of CMC drain in Ward No.34 under WATCO Section, Annapurna, Cuttack",Cuttack,753003,WATCO Bhubaneswar||Director (Operation) Watco||WATCO Division Cuttack,"O/o-General Manager, WATCO Division, Cuttack","Shifting of Old C.I. pipe line from Machhuabazar chhaka to Dr. Pitabasa Sahoo Residence, Baniasahi for reconstruction of CMC drain in Ward No.34 under WATCO Section, Annapurna, Cuttack","45,98,226",Civil Works - Water Works,,WATCO(W)-17(1)/2022-23 Dt-19.12.2022,2022_WCUTT_84665_1,National Competitive Bid,Works,Nil,Nil,"4,368,775",09-Mar-2023,"INR 4,368,775",NA,Cuttack,Cuttack,Cuttack,,,,,NIALI,NIALI
1100,"Street Sweeping, Drain Desilting, Bush Uprooting, De-weeding and Conservancy Cleaning in",CMC area,753012,Municipal Bodies||Cuttack Municipal Corporation,"Bikash Bhawan,Jagannath Lane,Badambadi-753012","Street Sweeping, Drain Desilting, Bush Uprooting, De-weeding and Conservancy Cleaning in Cuttack Municipal Corporation (Zone-5)comprise with 9 wards viz 31, 36, 37, 42, 43, 46, 47, 54 and 55","31,70,84,577",Civil Works - Others,,MC(CMC)CTC_Div-II_No31/2021-22,2022_ORULB_75426_5,Open Tender,Works,Nil,Nil,"285,407,827.76",20-Dec-2022,"INR 285,407,827.76",NA,Cuttack,NA,Cuttack,,,,,NIALI,NIALI
1101,"Street Sweeping, Drain Desilting, Bush Uprooting, De-weeding and Conservancy Cleaning in",CMC area,753012,Municipal Bodies||Cuttack Municipal Corporation,"Bikash Bhawan,Jagannath Lane,Badambadi-753012","Street Sweeping, Drain Desilting, Bush Uprooting, De-weeding and Conservancy Cleaning in Cuttack Municipal Corporation (Zone-2)comprise with 10 wards viz 10, 11, 12, 13, 14, 15, 17, 18, 19 and 20","35,15,23,755",Civil Works - Others,,MC(CMC)CTC_Div-II_No31/2021-22,2022_ORULB_75426_2,Open Tender,Works,Nil,Nil,"347,656,993.70",20-Dec-2022,"INR 333,982,720",NA,Cuttack,NA,Cuttack,,,,,NIALI,NIALI
192,"Construction of Concrete Check Dam (SMC Structure) in Bada Nallah, Khanda Nallah, Ghadaghadi Nallah Khairabani Nallah in Koi RF under Hindol Range of Dhenkanal Forest Division","DFO, Dhenkanal",759001,Forest Environment and Climate Change Department||RCCF Angul||DFO Dhenkanal,"DFO, Dhenkanal","Construction of Concrete Check Dam SMC Structure in Bada Nallah, Khanda Nallah, Ghadaghadi Nallah Khairabani Nallah in Koi RF under Hindol Range of Dhenkanal Forest Division","52,97,769",Civil Works - Others,,12-DFO-DKL,2023_DFOD_84888_1,Open Tender,Works,Nil,Nil,"4,503,634",21-Feb-2023,"INR 4,503,634",NA,Dhenkanal,Dhenkanal,Dhenkanal,"'HINDOL', 'KOI', 'KHANDA'",HINDOL,,,HINDOL,HINDOL
193,Construction of Concrete Check Dam (SMC Structure) in Bhodua Nallah at Sunajhari RF under Bhuban Range of Dhenkanal Forest Division,"DFO,DHENKANAL",759001,Forest Environment and Climate Change Department||RCCF Angul||DFO Dhenkanal,"DFO,DHENKANAL",Construction of Concrete Check Dam (SMC Structure) in Bhodua Nallah at Sunajhari RF under Bhuban Range of Dhenkanal Forest Division,"8,40,935",Civil Works - Others,,DFO-DKL-17/2022-23,2023_DFOD_85682_1,Open Tender,Works,Nil,Nil,"714,879",21-Feb-2023,"INR 714,879",NA,Dhenkanal,Dhenkanal,Dhenkanal,'SUNAJHARI',BHUBAN,,,BHUBAN,BHUBAN
194,"Construction of Concrete Check Dam (SMC Structure) in Purunapani Nallah, Khali Nallah in Koi RF under Hindol Range of Dhenkanal Forest Division","DFO, Dhenkanal",759001,Forest Environment and Climate Change Department||RCCF Angul||DFO Dhenkanal,"DFO, Dhenkanal","Construction of Concrete Check Dam (SMC Structure) in Purunapani Nallah, Khali Nallah in Koi RF under Hindol Range of Dhenkanal Forest Division","43,58,265",Civil Works - Others,,13-DFO-DKL,2023_DFOD_84890_1,Open Tender,Works,Nil,Nil,"3,704,961",21-Feb-2023,"INR 3,704,961",NA,Dhenkanal,Dhenkanal,Dhenkanal,"'HINDOL', 'KOI'",HINDOL,,,HINDOL,HINDOL
195,"Construction of Concreted Check Dam on Nallah No. 1, 2 and 3 inside Charkhola RF under Dhenkanal Range of Dhenkanal Forest Division","DFO,DHENKANAL",759001,Forest Environment and Climate Change Department||RCCF Angul||DFO Dhenkanal,"DFO,DHENKANAL","Construction of Concreted Check Dam on Nallah No. 1, 2 and 3 inside Charkhola RF under Dhenkanal Range of Dhenkanal Forest Division","33,62,629",Civil Works - Others,,DFO-DKL-17/2022-23,2023_DFOD_85682_3,Open Tender,Works,Nil,Nil,"2,858,571",02-Mar-2023,"INR 2,858,571",NA,Dhenkanal,Dhenkanal,Dhenkanal,,,,,HINDOL,HINDOL
1025,"Road sweeping, Cleaning of drains, bush uprooting in ward no 01 to 10 and transportation of road sweeping waste to designated point wealth centres located around 05 k.m distant under Dhenkanal Municipality and land filling",DHENKANAL MUNICIPALITY,759013,Municipal Bodies||Dhenkanal Municipality,DHENKANAL MUNICIPALITY,"Road sweeping, Cleaning of drains, bush uprooting in ward no 01 to 10 and transportation of road sweeping waste to designated point wealth centres located around 05 k.m distant under Dhenkanal Municipality and land filling","19,61,380",Human Resources Supply,,06/2022-23,2022_ORULB_78206_1,Open Tender,Services,Nil,Nil,"2,000,803",16-Sep-2022,"INR 1,961,379.6",NA,Dhenkanal,Dhenkanal,Dhenkanal,,,,,HINDOL,HINDOL
1026,"Road sweeping, Cleaning of drains, bush uprooting in ward no 11 to 23 and transportation of road sweeping waste to designated point/wealth centres located around 05 KM distant under Dhenkanal Municipality and land filling",DHENKANAL MUNICIPALITY,759013,Municipal Bodies||Dhenkanal Municipality,DHENKANAL MUNICIPALITY,"Road sweeping, Cleaning of drains, bush uprooting in ward no 11 to 23 and transportation of road sweeping waste to designated point/wealth centres located around 05 KM distant under Dhenkanal Municipality and land filling","18,59,306",Human Resources Supply,,06/2022-23,2022_ORULB_78206_2,Open Tender,Services,Nil,Nil,"1,896,678.28",16-Sep-2022,"INR 1,859,306.22",NA,Dhenkanal,Dhenkanal,Dhenkanal,,,,,HINDOL,HINDOL
12,24 Construction of Bathing ghat on Left bank of Mahanadi Canal near Kalasuta.,Bhanjanagar,761126,"CE-BM,RVN Basin,Berhampur||S.E. Southern Irr. Circle I Berhampur||EE Bhanjanagar Irrigation Divn Bhanjanagar","O/o C.E.-B.M, RBVN Basin, Berhampur",Restoration and protection of River Embankment,"5,30,000",Civil Works - Others,,e-BNID-05/2022-23,2022_CEBMB_79197_24,Open Tender,Works,Nil,Nil,"480,482",30-Dec-2022,"INR 480,482",NA,NA,Ganjam,Ganjam,'KALASUTA',DHARAKOTE,,,HINDOL,HINDOL
82,Construction of 2 no of bathing ghat of RFB of river Nandini near village K.Karadakana.,Bhanjanagar,761126,"CE-BM,RVN Basin,Berhampur||S.E. Southern Irr. Circle I Berhampur||EE Bhanjanagar Irrigation Divn Bhanjanagar","O/o CE n BM, RVN Basin, Berhampur",Construction of bathing ghat,"9,60,000",Civil Works - Others,,e- BNID-04/ 2021-22,2021_CEBMB_70513_6,Open Tender,Works,Nil,Nil,"816,072",29-Mar-2023,"INR 816,072",NA,NA,Ganjam,Ganjam,,,,KARADAKANA,HINDOL,HINDOL
103,Construction of bathing ghat in LFB of river Badanadi near village Dhumuchhai.,Bhanjanagar,761126,"CE-BM,RVN Basin,Berhampur||S.E. Southern Irr. Circle I Berhampur||EE Bhanjanagar Irrigation Divn Bhanjanagar","S.E., Bhanjanagar Irrigation Division, Bhanjanagar",Construction of bathing ghat in LFB of river Badanadi near village Dhumuchhai.,"4,92,605",Civil Works - Others,,e- BNID-13/2022-23,2023_CEBMB_86030_1,Open Tender,Works,Nil,Nil,"418,764",25-Mar-2023,"INR 418,764",NA,NA,Ganjam,Ganjam,,,,,HINDOL,HINDOL
104,Construction of bathing ghat in LFB of river Badanadi near village Domuhani.,Bhanjanagar,761126,"CE-BM,RVN Basin,Berhampur||S.E. Southern Irr. Circle I Berhampur||EE Bhanjanagar Irrigation Divn Bhanjanagar","S.E., Bhanjanagar Irrigation Division, Bhanjanagar",Construction of bathing ghat in LFB of river Badanadi near village Domuhani.,"4,98,160",Civil Works - Others,,e- BNID-13/2022-23,2023_CEBMB_86030_6,Open Tender,Works,Nil,Nil,"423,486",25-Mar-2023,"INR 423,486",NA,NA,Ganjam,Ganjam,'DOMUHANI',BHANJANAGAR,,DOMUHANI,HINDOL,HINDOL
105,Construction of bathing ghat in LFB of river Badanadi near village Golapada,Bhanjanagar,761126,"CE-BM,RVN Basin,Berhampur||S.E. Southern Irr. Circle I Berhampur||EE Bhanjanagar Irrigation Divn Bhanjanagar","S.E., Bhanjanagar Irrigation Division, Bhanjanagar",Construction of bathing ghat in LFB of river Badanadi near village Golapada,"4,92,605",Civil Works - Others,,e- BNID-13/2022-23,2023_CEBMB_86030_2,Open Tender,Works,Nil,Nil,"418,764",25-Mar-2023,"INR 418,764",NA,NA,Ganjam,Ganjam,,,,,HINDOL,HINDOL
106,Construction of bathing ghat in LFB of river Badanadi near village Jalakahi.,Bhanjanagar,761126,"CE-BM,RVN Basin,Berhampur||S.E. Southern Irr. Circle I Berhampur||EE Bhanjanagar Irrigation Divn Bhanjanagar","S.E., Bhanjanagar Irrigation Division, Bhanjanagar",Construction of bathing ghat in LFB of river Badanadi near village Jalakahi.,"4,94,970",Civil Works - Others,,e- BNID-13/2022-23,2023_CEBMB_86030_12,Open Tender,Works,Nil,Nil,"420,774",27-Mar-2023,"INR 420,774",NA,NA,Ganjam,Ganjam,,,,,HINDOL,HINDOL
113,Construction of bathing ghat in RFB of river Badanadi near village Benipalli.,Bhanjanagar,761126,"CE-BM,RVN Basin,Berhampur||S.E. Southern Irr. Circle I Berhampur||EE Bhanjanagar Irrigation Divn Bhanjanagar","S.E., Bhanjanagar Irrigation Division, Bhanjanagar",Construction of bathing ghat in RFB of river Badanadi near village Benipalli.,"4,98,160",Civil Works - Others,,e- BNID-13/2022-23,2023_CEBMB_86030_9,Open Tender,Works,Nil,Nil,"423,486",26-Mar-2023,"INR 423,486",NA,NA,Ganjam,Ganjam,'BENIPALLI',BELLAGUNTHA,,BENIPALLI,HINDOL,HINDOL
114,Construction of bathing ghat in RFB of river Badanadi near village Mandar.,Bhanjanagar,761126,"CE-BM,RVN Basin,Berhampur||S.E. Southern Irr. Circle I Berhampur||EE Bhanjanagar Irrigation Divn Bhanjanagar","S.E., Bhanjanagar Irrigation Division, Bhanjanagar",Construction of bathing ghat in RFB of river Badanadi near village Mandar.,"4,98,160",Civil Works - Others,,e- BNID-13/2022-23,2023_CEBMB_86030_4,Open Tender,Works,Nil,Nil,"423,486",25-Mar-2023,"INR 423,486",NA,NA,Ganjam,Ganjam,'MANDAR',BELLAGUNTHA,,MANDAR,HINDOL,HINDOL
115,Construction of bathing ghat in RFB of river Badanadi near village Sanadodanga.,Bhanjanagar,761126,"CE-BM,RVN Basin,Berhampur||S.E. Southern Irr. Circle I Berhampur||EE Bhanjanagar Irrigation Divn Bhanjanagar","S.E., Bhanjanagar Irrigation Division, Bhanjanagar",Construction of bathing ghat in RFB of river Badanadi near village Sanadodanga.,"9,95,968",Civil Works - Others,,e- BNID-13/2022-23,2023_CEBMB_86030_8,Open Tender,Works,Nil,Nil,"846,673",26-Mar-2023,"INR 846,673",NA,NA,Ganjam,Ganjam,,,,,HINDOL,HINDOL
116,Construction of bathing ghat in RFB of river Badanadi near village Turumu.,Bhanjanagar,761126,"CE-BM,RVN Basin,Berhampur||S.E. Southern Irr. Circle I Berhampur||EE Bhanjanagar Irrigation Divn Bhanjanagar","S.E., Bhanjanagar Irrigation Division, Bhanjanagar",Construction of bathing ghat in RFB of river Badanadi near village Turumu.,"4,92,605",Civil Works - Others,,e- BNID-13/2022-23,2023_CEBMB_86030_5,Open Tender,Works,Nil,Nil,"492,605",25-Mar-2023,"INR 492,605",NA,NA,Ganjam,Ganjam,,,,TURUMU,HINDOL,HINDOL
117,Construction of bathing ghat in RFB of river Loharakhandi near village Bhanjanagar.,Bhanjanagar,761126,"CE-BM,RVN Basin,Berhampur||S.E. Southern Irr. Circle I Berhampur||EE Bhanjanagar Irrigation Divn Bhanjanagar","S.E., Bhanjanagar Irrigation Division, Bhanjanagar",Construction of bathing ghat in RFB of river Loharakhandi near village Bhanjanagar.,"4,92,605",Civil Works - Others,,e- BNID-13/2022-23,2023_CEBMB_86030_3,Open Tender,Works,Nil,Nil,"418,764",25-Mar-2023,"INR 418,764",NA,Ganjam,Ganjam,Ganjam,,BHANJANAGAR,,,BHANJANAGAR,BHANJANAGAR
121,Construction of Bathing ghat on Left bank of Mahanadi Canal near Jahada.,Bhanjanagar,761126,"CE-BM,RVN Basin,Berhampur||S.E. Southern Irr. Circle I Berhampur||EE Bhanjanagar Irrigation Divn Bhanjanagar","O/o C.E.-B.M, RBVN Basin, Berhampur",Restoration and protection of River Embankment,"5,24,000",Civil Works - Others,,e-BNID-05/2022-23,2022_CEBMB_79197_23,Open Tender,Works,Nil,Nil,"475,708",30-Dec-2022,"INR 475,708",NA,NA,Ganjam,Ganjam,'JAHADA',DHARAKOTE,,JAHADA,BHANJANAGAR,BHANJANAGAR
122,Construction of Bathing ghat on LFB of river Badanadi near village Jalakhai.,Bhanjanagar,761126,"CE-BM,RVN Basin,Berhampur||S.E. Southern Irr. Circle I Berhampur||EE Bhanjanagar Irrigation Divn Bhanjanagar","O/o C.E.-B.M, RBVN Basin, Berhampur",Restoration and protection of River Embankment,"5,32,000",Civil Works - Others,,e-BNID-05/2022-23,2022_CEBMB_79197_1,Open Tender,Works,Nil,Nil,"481,985",27-Dec-2022,"INR 481,985",NA,NA,Ganjam,Ganjam,,,,,BHANJANAGAR,BHANJANAGAR
125,Construction of bathing ghat on RFB of river Badanadi near village Dhepasahi,Bhanjanagar,761126,"CE-BM,RVN Basin,Berhampur||S.E. Southern Irr. Circle I Berhampur||EE Bhanjanagar Irrigation Divn Bhanjanagar","SE, BhanjanagarIrr. Divn., Bhanjanagar",Construction of bathing ghat on RFB of river Badanadi near village Dhepasahi,"4,23,160",Civil Works - Others,,e-BNID-08/2022-23,2022_CEBMB_82808_9,Open Tender,Works,Nil,Nil,"423,160",22-Jan-2023,"INR 423,160",NA,NA,Ganjam,Ganjam,,,,,BHANJANAGAR,BHANJANAGAR
135,Construction of bathing on RFB or River Baghua near village Dhayakana.,Bhanjanagar,761126,"CE-BM,RVN Basin,Berhampur||S.E. Southern Irr. Circle I Berhampur||EE Bhanjanagar Irrigation Divn Bhanjanagar","O/o C.E.-B.M, RBVN Basin, Berhampur",Restoration and protection of River Embankment,"4,75,000",Civil Works - Others,,e-BNID-06/2022-23,2022_CEBMB_79650_37,Open Tender,Works,Nil,Nil,"404,552",03-Jan-2023,"INR 404,552",NA,NA,Ganjam,Ganjam,,,,,BHANJANAGAR,BHANJANAGAR
259,Construction of guard wall in right bank of Nandini near Goudasahi Karadakana.,Bhanjanagar,761126,"CE-BM,RVN Basin,Berhampur||S.E. Southern Irr. Circle I Berhampur||EE Bhanjanagar Irrigation Divn Bhanjanagar","O/o C.E.-B.M, RBVN Basin, Berhampur",Restoration and protection of River Embankment,"9,98,000",Civil Works - Others,,e-BNID-06/2022-23,2022_CEBMB_79650_43,Open Tender,Works,Nil,Nil,"849,119",05-Jan-2023,"INR 849,119",NA,NA,Ganjam,Ganjam,,,,KARADAKANA,BHANJANAGAR,BHANJANAGAR
284,Construction of LFB and RFB of river Baghua from Badua to Badapankalabadi.,Buguda,761118,"CE-BM,RVN Basin,Berhampur||S.E. Southern Irr. Circle I Berhampur","O/o Additional CE, RB Basin, Berhampur",Construction of LFB and RFB of river Baghua from Badua to Badapankalabadi.,"6,97,42,187",Civil Works - Others,,"ACE,RBB-20/2022-23",2022_CEBMB_81568_1,National Competitive Bid,Works,Nil,Nil,"59,287,832.94",06-Dec-2022,"INR 59,287,833",NA,NA,Ganjam,Ganjam,'BADUA',SANAKHEMUNDI,,BADAPANKALABADI,BHANJANAGAR,BHANJANAGAR
285,Construction of Luchanabada Check Dam over Arakha nalla near village Buguda in Sanakhemundi Block,Sanakhemundi,761013,"CE,Minor Irrigation,BBSR||SESMIC-BERHAMPUR||GANJAM I","O/O SE, M.I. Division Ganjam-I, Berhampur",Construction of Luchanabada Check Dam over Arakha nalla near village Buguda in Sanakhemundi Block of Ganjam District,"38,40,000",Civil Works - Others,,Online Tender/11/GMID-I/2022-23,2023_CEMIB_85766_2,Open Tender,Works,Nil,Nil,3264119.48,20-Mar-2023,INR 3264119.48,NA,Ganjam,NA,Ganjam,"'GANJAM', 'BUGUDA'",SANAKHEMUNDI,,,SANAKHEMUNDI,SANAKHEMUNDI
307,Construction of Pairakha Check Dam (Barrage) near village Gopalpur over local nalla in Binjharpur Block under MATY grant for the year 2022-23.,JAJPUR,755001,"CE,Minor Irrigation,BBSR||SECMIC-BHUBANESWAR||CUTTACK","SE,MID, JAJPUR",Construction of Pairakha Check Dam (Barrage) near village Gopalpur over local nalla in Binjharpur Block under MATY grant for the year 2022-23.,"69,21,023",Civil Works - Others,,SEMIDJAJ_09/2022-23,2023_CEMIB_85201_4,Open Tender,Works,Nil,Nil,"5,883,561.57",21-Mar-2023,"INR 5,883,561.57",NA,Ganjam,NA,Ganjam,'GOPALPUR',BEGUNIAPADA,,,SANAKHEMUNDI,SANAKHEMUNDI
327,Construction of protection wall from RD 290m to 530m of Nuagaon sub minor-II offtaking from Kanjiguda Disty.,BORIGUMMA,764056,"CCE,Upper Kolab Project,Jeypore||CCE,Upper Kolab Project, Bariniput||EE, Upper Kolab Irrigation Divn IV, Boriguma","Office of the SE UKIDIVN, Borigumma,Dist-Koraput.",CANAL STRUCTURAL WORK,"8,76,169",Civil Works - Canal,,SEUKID 02/2022-23 (SL 19),2022_CCEJE_83315_1,Open Tender,Works,Nil,Nil,"744,831",02-Jan-2023,"INR 876,169",NA,Ganjam,NA,Ganjam,,,,,SANAKHEMUNDI,SANAKHEMUNDI
330,Construction of Protection wall in Feeder Channel from RD 1126 M to 1200 M.,Bhanjanagar,761126,"CE-BM,RVN Basin,Berhampur||S.E. Southern Irr. Circle I Berhampur||EE Bhanjanagar Irrigation Divn Bhanjanagar","C.E.-B.M, RBVN Basin, Berhampur",Construction of Protection wall,"7,98,000",Civil Works - Canal,,e-BNID-01/2022-23,2022_CEBMB_77590_2,Open Tender,Works,Nil,Nil,"677,835",14-Dec-2022,"INR 677,835",NA,NA,Ganjam,Ganjam,,,,,SANAKHEMUNDI,SANAKHEMUNDI
331,Construction of Protection wall in heavy cutting zone of Baghua Right Main Canal from RD 3300 M to 3400 M.,Bhanjanagar,761126,"CE-BM,RVN Basin,Berhampur||S.E. Southern Irr. Circle I Berhampur||EE Bhanjanagar Irrigation Divn Bhanjanagar","C.E.-B.M, RBVN Basin, Berhampur",Construction of Protection wall,"8,90,000",Civil Works - Canal,,e-BNID-01/2022-23,2022_CEBMB_77590_1,Open Tender,Works,Nil,Nil,"756,454",10-Dec-2022,"INR 756,454",NA,NA,Ganjam,Ganjam,,,,,SANAKHEMUNDI,SANAKHEMUNDI
345,Construction of RCC Retaining Wall in Down Stream Approaches and floor protection of HL Bridge over Pochaka Nallah at 18th. Km. on NH-326 in the District of Ganjam for the year 2021-22,Palaspur,761013,CE-NH||SE NH Circle South Berhampur||EE NH Division Paralakhemundi,Paralakhemundi,Road Protection Works,"63,99,254",Civil Works - Roads,,01/EENHPKD of 2022-23,2022_CENH_76896_1,Open Tender,Works,Nil,Nil,"5,440,006.19",18-Jun-2022,"INR 5,440,006.19",NA,Ganjam,NA,Ganjam,'GANJAM',GANJAM,,,GANJAM,GANJAM
380,Construction of spurs including launching apron and packing on RFB of River Rushikulya in between village Nandika and Putiapadar.,Hinjili,761102,"CE-BM,RVN Basin,Berhampur||S.E. Southern Irr. Circle I Berhampur","O/o the Additional CE, RB Basin, Berhampur",Construction of spurs including launching apron and packing on RFB of River Rushikulya in between village Nandika and Putiapadar.,"3,28,85,491",Civil Works - Others,,"ACE,RBB-29/2022-23",2022_CEBMB_83098_4,National Competitive Bid,Works,Nil,Nil,"31,244,505",28-Dec-2022,"INR 31,244,505",NA,NA,Ganjam,Ganjam,'PUTIAPADAR',PURUSHOTTAMPUR,,,GANJAM,GANJAM
381,Construction of spurs launching apron and packing on RFB of River Rushikulya near Giria including Gheribandha of Alapur.,Hinjili,761102,"CE-BM,RVN Basin,Berhampur||S.E. Southern Irr. Circle I Berhampur","O/o the Additional CE, RB Basin, Berhampur",Construction of spurs launching apron and packing on RFB of River Rushikulya near Giria including Gheribandha of Alapur.,"4,89,35,037",Civil Works - Others,,"ACE,RBB-10/2022-23",2022_CEBMB_80085_2,National Competitive Bid,Works,Nil,Nil,"41,599,675",15-Dec-2022,"INR 41,599,675",NA,NA,Ganjam,Ganjam,'GIRIA',HINJILICUT,,,GANJAM,GANJAM
397,Construction of two Nos. bathing ghats in RFB of River Rushikulya near village Ramuni Sahi and Kalimandira.,Bhanjanagar,761126,"CE-BM,RVN Basin,Berhampur||S.E. Southern Irr. Circle I Berhampur||EE Bhanjanagar Irrigation Divn Bhanjanagar","O/o C.E.-B.M, RBVN Basin, Berhampur",Restoration and protection of River Embankment,"9,75,000",Civil Works - Others,,e-BNID-06/2022-23,2022_CEBMB_79650_32,Open Tender,Works,Nil,Nil,"806,411",03-Jan-2023,"INR 806,411",NA,NA,Ganjam,Ganjam,,,,,GANJAM,GANJAM
400,Construction of vented sluice on LFB of river Rushikulya near village Kendupadar.,Bhanjanagar,761126,"CE-BM,RVN Basin,Berhampur||S.E. Southern Irr. Circle I Berhampur||EE Bhanjanagar Irrigation Divn Bhanjanagar","O/o C.E.-B.M, RVN Basin, Berhampur",Construction of vented sluice,"74,19,000",Civil Works - Others,,e- BNID-06/ 2021-22,2021_CEBMB_71096_1,Open Tender,Works,Nil,Nil,"6,306,370",29-Mar-2023,"INR 6,306,370",NA,NA,Ganjam,Ganjam,'KENDUPADAR',ASKA,,KENDUPADAR,GANJAM,GANJAM
416,"EXCUTION OF 2 NOS. RETROFITTING OF RPWS SCHEMES CLUBBED UP AT 1. GOPALPUR AND ADJ. VILL., 2. PANAPANA IN BAHANAGA BLOCK OF BALASORE DISTRICT WITH 5 YRS OM-JJM",BALASORE,756001,Rural Water Supply and Sanitation||RWSS Circle Cuttack||RWSS Balasore,O/O EE RWSS DIVISION BALASORE,RPWS WITH RCC ESR,"4,06,96,079",Civil Works - Water Works,,TCN NO. 04 DT. 22.04.2022,2022_RWSS_77434_1,National Competitive Bid,Works,Nil,Nil,"38,665,345",03-Nov-2022,"INR 38,665,345",NA,Ganjam,NA,Ganjam,"'GOPALPUR', 'PANAPANA'",CHIKITI,,,GANJAM,GANJAM
432,"EXECUTION OF 2 NOS. RETROFITTING OF RPWS SCHEMES CLUBBED AT 1. PURUSOTTAMPUR, 2. AINIRI UNDER SORO BLOCK OF BALASORE DISTRICT WITH 5 YRS OM - JJM",BALASORE,756001,Rural Water Supply and Sanitation||RWSS Circle Cuttack||RWSS Balasore,O/O EE RWSS DIVISION BALASORE,RPWS WITH RCC ESRS,"1,97,72,008",Civil Works - Water Works,,TCN NO. 54 DT. 10.03.2022,2022_RWSS_76424_1,National Competitive Bid,Works,Nil,Nil,"20,657,794",03-Nov-2022,"INR 20,657,794",NA,Ganjam,NA,Ganjam,,,,,GANJAM,GANJAM
465,"EXECUTION OF 3 NOS. RETROFITTING RPWS SCHEMES CLUBBED UP AT 1. CHHATRAPUR, 2. KADUANI, 3. GOHIRA UNDER NILGIRI BLOCK WITH 5 YRS OM OF BALASORE DISTRICT - JJM",BALASORE,756001,Rural Water Supply and Sanitation||RWSS Circle Cuttack||RWSS Balasore,O/O EE RWSS DIVISION BALASORE,RPWS WITH RCC ESR,"3,56,72,325",Civil Works - Water Works,,TCN NO. 25 DT. 08.09.2022,2022_RWSS_81219_1,National Competitive Bid,Works,Nil,Nil,"34,891,101",24-Jan-2023,"INR 34,891,101",NA,Ganjam,NA,Ganjam,'CHHATRAPUR',KHALLIKOTE,,,GANJAM,GANJAM
475,"EXECUTION OF 4 NOS. RETROFITTING OF RPWS SCHEMES CLUBBED UP 1. PURUSOTTAMPUR, 2. CHANDISINGHPUR, 3. SUHURIA, 4. JAYRAMPUR UNDER BHOGRAI BLOCK OF BALASORE DISTRICT WITH 5 YRS OM-JJM",BALASORE,756001,Rural Water Supply and Sanitation||RWSS Circle Cuttack||RWSS Balasore,O/O EE RWSS DIVISION BALASORE,RPWS WITH RCC ESR,"4,15,68,891",Civil Works - Water Works,,TCN NO. 02 DT. 08.04.2022,2022_RWSS_77043_1,National Competitive Bid,Works,Nil,Nil,"41,277,909",03-Nov-2022,"INR 41,277,909",NA,Ganjam,NA,Ganjam,,,,,GANJAM,GANJAM
496,"Flood Protection to Right side flood bank of River Ghodahada near village Gumma and Golunda of Sanakhemundi and Digapahandi Block, Dist Ganjam.",Digapahandi,761012,"CE-BM,RVN Basin,Berhampur||S.E. Southern Irr. Circle I Berhampur","O/o the Additional CE, RB Basin, Berhampur","Flood Protection to Right side flood bank of River Ghodahada near village Gumma and Golunda of Sanakhemundi and Digapahandi Block, Dist Ganjam.","2,84,64,997",Civil Works - Others,,"ACE,RBB-04/2022-23",2022_CEBMB_77505_1,National Competitive Bid,Works,Nil,Nil,"24,198,094",05-Jul-2022,"INR 24,198,094",NA,Ganjam,Ganjam,Ganjam,"'GUMMA', 'GANJAM'",SANAKHEMUNDI,,,SANAKHEMUNDI,SANAKHEMUNDI
504,"Improvement of Gudi Nalla Drainage system including structures under Sheragada, Aska Block of Hinjili Assembly Constituency in Doab-No.XVII of Ganjam District.","Sheragada, Aska of Ganjama",751012,"CE,Drainage,Cuttack||SE Drainage Circle Bhubaneswar","O/o the Addl. Chief Engineer, Drainage Circle, Bhu","Earthwork, Cement Concrete, Reinforced Cement Concrete and RR Stone Works","4,04,59,515",Civil Works - Others,,ACEDC-BBSR/DD-BAM-03/2022-23,2022_CEDC_78834_1,Open Tender,Works,Nil,Nil,"34,394,634",26-Sep-2022,"INR 34,394,634",NA,Ganjam,NA,Ganjam,"'GANJAM', 'SHERAGADA'",GANJAM,,,GANJAM,GANJAM
507,Improvement of LFB of river Rushikulya between Court chhaka to Sunmbosahi(Road work).,Bhanjanagar,761126,"CE-BM,RVN Basin,Berhampur||S.E. Southern Irr. Circle I Berhampur||EE Bhanjanagar Irrigation Divn Bhanjanagar","O/o C.E.-B.M, RBVN Basin, Berhampur",Restoration and protection of River Embankment,"8,91,000",Civil Works - Others,,e-BNID-06/2022-23,2022_CEBMB_79650_35,Open Tender,Works,Nil,Nil,"790,863",03-Jan-2023,"INR 790,863",NA,NA,Ganjam,Ganjam,,,,,GANJAM,GANJAM
509,Improvement of Right Flood Bank of River Dhanei from village Govindapur to Ekadasi and Left Flood Bank of River Dhanei from village Badachadheyapada to Ekadasi.,Kabisuryanagar,761104,"CE-BM,RVN Basin,Berhampur||S.E. Southern Irr. Circle I Berhampur","O/o the Additional CE, RB Basin, Berhampur",Improvement of Right Flood Bank of River Dhanei from village Govindapur to Ekadasi and Left Flood Bank of River Dhanei from village Badachadheyapada to Ekadasi.,"6,97,76,105",Civil Works - Others,,"ACE,RBB-29/2022-23",2022_CEBMB_83098_1,National Competitive Bid,Works,Nil,Nil,"59,316,666.90",11-Jan-2023,"INR 59,316,667",NA,NA,Ganjam,Ganjam,'GOVINDAPUR',SURADA,,GOVINDAPUR,GANJAM,GANJAM
529,Improvement to 3 nos Aqueducts of Daha Right Distributary from RD 8300 M to 14200 m and renovation of 5 ns O/L and 6 nos falls from RD 2050 M to 4650 M of Khamareddy Minor of Daha Irrigation Project.,Bhanjanagar,761126,"CE-BM,RVN Basin,Berhampur||S.E. Southern Irr. Circle I Berhampur||EE Bhanjanagar Irrigation Divn Bhanjanagar","O/o CE n BM, RVN Basin, Berhampur",Restoration of Embankment,"9,32,000",Civil Works - Others,,e-BNID-01/ 2021-22,2021_CEBMB_68091_64,Open Tender,Works,Nil,Nil,"931,743",02-Mar-2023,"INR 931,743",NA,NA,Ganjam,Ganjam,,,,,GANJAM,GANJAM
531,Improvement to Badakodanda Minor from RD 3500 M to 4600 M and from RD 150 M to 1850 M of Agajhola Sub-minor of Daha Irrigation Project (Rt minor and Lt minor).,Bhanjanagar,761126,"CE-BM,RVN Basin,Berhampur||S.E. Southern Irr. Circle I Berhampur||EE Bhanjanagar Irrigation Divn Bhanjanagar","O/o CE n BM, RVN Basin, Berhampur",Restoration of Embankment,"7,58,000",Civil Works - Others,,e-BNID-01/ 2021-22,2021_CEBMB_68091_68,Open Tender,Works,Nil,Nil,"757,105",03-Mar-2023,"INR 757,105",NA,NA,Ganjam,Ganjam,'AGAJHOLA',BHANJANAGAR,,BADAKODANDA,GANJAM,GANJAM
532,Improvement to Badakodanda Minor from RD 3500 M to 4600 M and from RD 150 M to 1850 m of Agajhola Sub-minor of Daha Irrigation Project.,Bhanjanagar,761126,"CE-BM,RVN Basin,Berhampur||S.E. Southern Irr. Circle I Berhampur||EE Bhanjanagar Irrigation Divn Bhanjanagar","O/o CE n BM, RVN Basin, Berhampur",Restoration of Embankment,"6,53,000",Civil Works - Others,,e-BNID-01/ 2021-22,2021_CEBMB_68091_62,Open Tender,Works,Nil,Nil,"659,522",28-Feb-2023,"INR 659,522",NA,NA,Ganjam,Ganjam,'AGAJHOLA',BHANJANAGAR,,BADAKODANDA,GANJAM,GANJAM
534,Improvement to Benipalli Sub Minor from RD 00 to 1500 M.,Bhanjanagar,761126,"CE-BM,RVN Basin,Berhampur||S.E. Southern Irr. Circle I Berhampur||EE Bhanjanagar Irrigation Divn Bhanjanagar","O/o C.E.-B.M, RBVN Basin, Berhampur",Restoration and protection of River Embankment,"7,00,000",Civil Works - Others,,e-BNID-05/2022-23,2022_CEBMB_79197_26,Open Tender,Works,Nil,Nil,"606,940",30-Dec-2022,"INR 606,940",NA,NA,Ganjam,Ganjam,'BENIPALLI',BELLAGUNTHA,,BENIPALLI,GANJAM,GANJAM
535,Improvement to both banks of Bethuar Nalla near village Kanagiridi.,Bhanjanagar,761126,"CE-BM,RVN Basin,Berhampur||S.E. Southern Irr. Circle I Berhampur||EE Bhanjanagar Irrigation Divn Bhanjanagar","O/o C.E.-B.M, RBVN Basin, Berhampur",Restoration and protection of River Embankment,"14,13,000",Civil Works - Others,,e-BNID-04/2022-23,2022_CEBMB_78504_15,Open Tender,Works,Nil,Nil,"1,200,619",26-Dec-2022,"INR 1,200,619",NA,NA,Ganjam,Ganjam,'BETHUAR',SURADA,,,GANJAM,GANJAM
536,Improvement to both banks of Bethuranalla near village Bethura,Bhanjanagar,761126,"CE-BM,RVN Basin,Berhampur||S.E. Southern Irr. Circle I Berhampur||EE Bhanjanagar Irrigation Divn Bhanjanagar","O/o C.E.-B.M, RBVN Basin, Berhampur",Restoration and protection of River Embankment,"14,12,000",Civil Works - Others,,e-BNID-04/2022-23,2022_CEBMB_78504_9,Open Tender,Works,Nil,Nil,"1,199,548",26-Dec-2022,"INR 1,199,548",NA,NA,Ganjam,Ganjam,,,,,GANJAM,GANJAM
537,Improvement to both banks of Budulinalla near village Buduli D/S from RD 900 M to 1163.40 M.,Bhanjanagar,761126,"CE-BM,RVN Basin,Berhampur||S.E. Southern Irr. Circle I Berhampur||EE Bhanjanagar Irrigation Divn Bhanjanagar","O/o CE n BM, RVN Basin, Berhampur",Restoration of Embankment,"5,71,000",Civil Works - Others,,e-BNID-01/ 2021-22,2021_CEBMB_68091_24,Open Tender,Works,Nil,Nil,"570,903",05-Feb-2023,"INR 570,903",NA,NA,Ganjam,Ganjam,'BUDULI',BHANJANAGAR,,,GANJAM,GANJAM
538,Improvement to both banks of Budulinalla near village Buduli from RD 600 M to 863.50 M.,Bhanjanagar,761126,"CE-BM,RVN Basin,Berhampur||S.E. Southern Irr. Circle I Berhampur||EE Bhanjanagar Irrigation Divn Bhanjanagar","O/o CE n BM, RVN Basin, Berhampur",Restoration of Embankment,"5,72,000",Civil Works - Others,,e-BNID-01/ 2021-22,2021_CEBMB_68091_22,Open Tender,Works,Nil,Nil,"571,140",02-Feb-2023,"INR 571,140",NA,NA,Ganjam,Ganjam,'BUDULI',BHANJANAGAR,,,GANJAM,GANJAM
539,Improvement to both banks of Durgaprasadnalla near old Durgaprasad from RD 300 M to 563.50 M.,Bhanjanagar,761126,"CE-BM,RVN Basin,Berhampur||S.E. Southern Irr. Circle I Berhampur||EE Bhanjanagar Irrigation Divn Bhanjanagar","O/o CE n BM, RVN Basin, Berhampur",Restoration of Embankment,"5,72,000",Civil Works - Others,,e-BNID-01/ 2021-22,2021_CEBMB_68091_27,Open Tender,Works,Nil,Nil,"571,140",05-Feb-2023,"INR 571,140",NA,NA,Ganjam,Ganjam,'DURGAPRASAD',BHANJANAGAR,,,GANJAM,GANJAM
540,Improvement to both banks of Durgaprasadnalla near village Rajirana from RD 750 M to 1013.60 M.,Bhanjanagar,761126,"CE-BM,RVN Basin,Berhampur||S.E. Southern Irr. Circle I Berhampur||EE Bhanjanagar Irrigation Divn Bhanjanagar","O/o CE n BM, RVN Basin, Berhampur",Restoration of Embankment,"5,72,000",Civil Works - Others,,e-BNID-01/ 2021-22,2021_CEBMB_68091_31,Open Tender,Works,Nil,Nil,"571,377",05-Feb-2023,"INR 571,377",NA,NA,Ganjam,Ganjam,,,,,GANJAM,GANJAM
541,Improvement to Daha Left Distributary from RD 7000 M to 8300 m and from RD 450 M to 1650 m of Binjigiri Minor of Daha Irrigation Project.,Bhanjanagar,761126,"CE-BM,RVN Basin,Berhampur||S.E. Southern Irr. Circle I Berhampur||EE Bhanjanagar Irrigation Divn Bhanjanagar","O/o CE n BM, RVN Basin, Berhampur",Restoration of Embankment,"7,50,000",Civil Works - Others,,e-BNID-01/ 2021-22,2021_CEBMB_68091_66,Open Tender,Works,Nil,Nil,"749,888",02-Mar-2023,"INR 749,888",NA,NA,Ganjam,Ganjam,'BINJIGIRI',SURADA,,,GANJAM,GANJAM
546,Improvement to drainage system of Batarada nalla and link drains under DOAB No.-XVII of Chikiti Block on Ganjam District.,"Chikiti, Ganjam",751012,"CE,Drainage,Cuttack||SE Drainage Circle Bhubaneswar","O/o the Addl. Chief Engineer, Drainage Circle, Bhu","Earthwork, Cement Concrete, Reinforced Cement Concrete and RR Stone Works","1,59,88,850",Civil Works - Others,,ACEDC-BBSR/DD-BAM-04/2022-23,2022_CEDC_78840_1,Open Tender,Works,Nil,Nil,"13,592,122",27-Sep-2022,"INR 13,592,122",NA,Ganjam,Ganjam,Ganjam,'GANJAM',GANJAM,,,GANJAM,GANJAM
547,Improvement to Drainage System of Kanteikoli Nalla including structures (excluding outfall point structure) in DOAB- XVII under Digapahandi Assembly Constituency of Ganjam District.,Digapahandi,751012,"CE,Drainage,Cuttack||SE Drainage Circle Bhubaneswar","O/o the Addl. Chief Engineer, Drainage Circle, Bhu","Earthwork, Cement Concrete, Reinforced Cement Concrete and RR Stone Works","4,76,39,246",Civil Works - Water Works,,ACEDC-BBSR/DD-BAM-11/2022-23,2022_CEDC_81792_1,Open Tender,Works,Nil,Nil,"40,498,123",29-Nov-2022,"INR 40,498,123",NA,Ganjam,Ganjam,Ganjam,'GANJAM',GANJAM,,,GANJAM,GANJAM
548,Improvement to drainage system of Kharia Nalla including structures under Chatrapur Constituency of Ganjam District in Doab-XVII.,"Chatrapur, Ganjam",751012,"CE,Drainage,Cuttack||SE Drainage Circle Bhubaneswar","O/o the Addl. Chief Engineer, Drainage Circle, Bhu","Earthwork, Cement Concrete, Reinforced Cement Concrete and RR Stone Works","1,94,53,804",Civil Works - Others,,ACEDC-BBSR/DD-BAM-05/2022-23,2022_CEDC_78842_1,Open Tender,Works,Nil,Nil,"16,537,679",28-Sep-2022,"INR 16,537,679",NA,Ganjam,Ganjam,Ganjam,"'GANJAM', 'KHARIA'",GANJAM,,KHARIA,GANJAM,GANJAM
549,Improvement to Hatimundanalla near U/S to Tarini Temple.,Bhanjanagar,761126,"CE-BM,RVN Basin,Berhampur||S.E. Southern Irr. Circle I Berhampur||EE Bhanjanagar Irrigation Divn Bhanjanagar","O/o C.E.-B.M, RBVN Basin, Berhampur",Improvement to flood embankment,"5,47,000",Civil Works - Others,,e-BNID-03/2022-23,2022_CEBMB_77896_3,Open Tender,Works,Nil,Nil,"537,827",23-Dec-2022,"INR 537,827",NA,NA,Ganjam,Ganjam,,,,,GANJAM,GANJAM
550,Improvement to Hatimundanallah Near village Gamundi.,Bhanjanagar,761126,"CE-BM,RVN Basin,Berhampur||S.E. Southern Irr. Circle I Berhampur||EE Bhanjanagar Irrigation Divn Bhanjanagar","O/o C.E.-B.M, RBVN Basin, Berhampur",Improvement to flood embankment,"5,32,000",Civil Works - Others,,e-BNID-03/2022-23,2022_CEBMB_77896_7,Open Tender,Works,Nil,Nil,"531,900",23-Dec-2022,"INR 531,900",NA,NA,Ganjam,Ganjam,'GAMUNDI',BHANJANAGAR,,,GANJAM,GANJAM
551,Improvement to Hatimundanallah Near village Jilundi,Bhanjanagar,761126,"CE-BM,RVN Basin,Berhampur||S.E. Southern Irr. Circle I Berhampur||EE Bhanjanagar Irrigation Divn Bhanjanagar","O/o C.E.-B.M, RBVN Basin, Berhampur",Improvement to flood embankment,"5,24,000",Civil Works - Others,,e-BNID-03/2022-23,2022_CEBMB_77896_13,Open Tender,Works,Nil,Nil,"523,971",24-Dec-2022,"INR 523,971",NA,NA,Ganjam,Ganjam,'JILUNDI',BHANJANAGAR,,JILUNDI,GANJAM,GANJAM
554,Improvement to Keshapur Sub Minor off taking at RD 17.60 Km of Mahanadi Canal.,Bhanjanagar,761126,"CE-BM,RVN Basin,Berhampur||S.E. Southern Irr. Circle I Berhampur||EE Bhanjanagar Irrigation Divn Bhanjanagar","O/o C.E.-B.M, RBVN Basin, Berhampur",Restoration and protection of River Embankment,"6,48,000",Civil Works - Others,,e-BNID-05/2022-23,2022_CEBMB_79197_25,Open Tender,Works,Nil,Nil,"563,140",30-Dec-2022,"INR 563,140",NA,NA,Ganjam,Ganjam,'KESHAPUR',PURUSHOTTAMPUR,,,GANJAM,GANJAM
556,Improvement to L.F.B of Bodanadi near Village Chhamunda from RD 1318 M to 1478 M.,Bhanjanagar,761126,"CE-BM,RVN Basin,Berhampur||S.E. Southern Irr. Circle I Berhampur||EE Bhanjanagar Irrigation Divn Bhanjanagar","O/o C.E.-B.M, RBVN Basin, Berhampur",Improvement to flood embankment,"5,33,000",Civil Works - Others,,e-BNID-03/2022-23,2022_CEBMB_77896_1,Open Tender,Works,Nil,Nil,"538,695",23-Dec-2022,"INR 538,695",NA,NA,Ganjam,Ganjam,'CHHAMUNDA',JAGANNATHPRASAD,,CHHAMUNDA,GANJAM,GANJAM
557,Improvement to L.F.B of Bodanadi near Village Chhamunda from RD 1480 M to 1610 M.,Bhanjanagar,761126,"CE-BM,RVN Basin,Berhampur||S.E. Southern Irr. Circle I Berhampur||EE Bhanjanagar Irrigation Divn Bhanjanagar","O/o C.E.-B.M, RBVN Basin, Berhampur",Improvement to flood embankment,"6,07,000",Civil Works - Others,,e-BNID-03/2022-23,2022_CEBMB_77896_4,Open Tender,Works,Nil,Nil,"613,612",23-Dec-2022,"INR 613,612",NA,NA,Ganjam,Ganjam,'CHHAMUNDA',JAGANNATHPRASAD,,CHHAMUNDA,GANJAM,GANJAM
558,Improvement to L.F.B of Bodanadi near Village Chhamunda from RD 1738 M to 1838 M.,Bhanjanagar,761126,"CE-BM,RVN Basin,Berhampur||S.E. Southern Irr. Circle I Berhampur||EE Bhanjanagar Irrigation Divn Bhanjanagar","O/o C.E.-B.M, RBVN Basin, Berhampur",Improvement to flood embankment,"6,02,000",Civil Works - Others,,e-BNID-03/2022-23,2022_CEBMB_77896_12,Open Tender,Works,Nil,Nil,"608,145",24-Dec-2022,"INR 608,145",NA,NA,Ganjam,Ganjam,'CHHAMUNDA',JAGANNATHPRASAD,,CHHAMUNDA,GANJAM,GANJAM
559,Improvement to L.F.B of Bodanadi near Village Chhamunda from RD 1840 M to 1940 M.,Bhanjanagar,761126,"CE-BM,RVN Basin,Berhampur||S.E. Southern Irr. Circle I Berhampur||EE Bhanjanagar Irrigation Divn Bhanjanagar","O/o C.E.-B.M, RBVN Basin, Berhampur",Improvement to flood embankment,"6,11,000",Civil Works - Others,,e-BNID-03/2022-23,2022_CEBMB_77896_14,Open Tender,Works,Nil,Nil,"610,087",24-Dec-2022,"INR 610,087",NA,NA,Ganjam,Ganjam,'CHHAMUNDA',JAGANNATHPRASAD,,CHHAMUNDA,GANJAM,GANJAM
560,Improvement to L.F.B of Bodanadi near Village Chhamunda from RD 1945 M to 2045 M.,Bhanjanagar,761126,"CE-BM,RVN Basin,Berhampur||S.E. Southern Irr. Circle I Berhampur||EE Bhanjanagar Irrigation Divn Bhanjanagar","O/o C.E.-B.M, RBVN Basin, Berhampur",Improvement to flood embankment,"6,06,000",Civil Works - Others,,e-BNID-03/2022-23,2022_CEBMB_77896_6,Open Tender,Works,Nil,Nil,"605,858",23-Dec-2022,"INR 605,858",NA,NA,Ganjam,Ganjam,'CHHAMUNDA',JAGANNATHPRASAD,,CHHAMUNDA,GANJAM,GANJAM
561,Improvement to L.F.B of River Bodanadi near D/S of Pump House of village Jirabadi.,Bhanjanagar,761126,"CE-BM,RVN Basin,Berhampur||S.E. Southern Irr. Circle I Berhampur||EE Bhanjanagar Irrigation Divn Bhanjanagar","O/o C.E.-B.M, RBVN Basin, Berhampur",Improvement to flood embankment,"5,17,000",Civil Works - Others,,e-BNID-03/2022-23,2022_CEBMB_77896_2,Open Tender,Works,Nil,Nil,"438,877",23-Dec-2022,"INR 438,877",NA,NA,Ganjam,Ganjam,,,,Jirabadi,GANJAM,GANJAM
568,Improvement to left flood bank of river Loharakhandi from Dhudua to Bhanjanagar,Bhanjanagar,761126,"CE-BM,RVN Basin,Berhampur||S.E. Southern Irr. Circle I Berhampur","O/o the Additional CE, RB Basin, Berhampur",Improvement to left flood bank of river Loharakhandi from Dhudua to Bhanjanagar,"1,46,41,328",Civil Works - Others,,"ACE,RBB-36/2022-23",2023_CEBMB_85075_3,National Competitive Bid,Works,Nil,Nil,"12,446,593.02",20-Feb-2023,"INR 12,446,593",NA,Ganjam,Ganjam,Ganjam,,BHANJANAGAR,,,BHANJANAGAR,BHANJANAGAR
569,Improvement to left flood bank river Baghua from RD 00 Km to 10.00 Km.,Kabisuryanagar,761104,"CE-BM,RVN Basin,Berhampur||S.E. Southern Irr. Circle I Berhampur","O/o Additional CE, RB Basin, Berhampur",Improvement to left flood bank river Baghua from RD 00 Km to 10.00 Km.,"6,90,17,404",Civil Works - Others,,"ACE,RBB-20/2022-23",2022_CEBMB_81568_2,National Competitive Bid,Works,Nil,Nil,"58,671,695.54",06-Dec-2022,"INR 58,671,696",NA,NA,Ganjam,Ganjam,,,,,BHANJANAGAR,BHANJANAGAR
571,Improvement to LFB of Baghuanalla from RD 3700 M to 3920 M.,Bhanjanagar,761126,"CE-BM,RVN Basin,Berhampur||S.E. Southern Irr. Circle I Berhampur||EE Bhanjanagar Irrigation Divn Bhanjanagar","O/o C.E.-B.M, RBVN Basin, Berhampur",Improvement to flood embankment,"6,56,000",Civil Works - Canal,,e-BNID-02/2022-23,2022_CEBMB_77732_16,Open Tender,Works,Nil,Nil,"622,747",18-Dec-2022,"INR 622,747",NA,NA,Ganjam,Ganjam,,,,,BHANJANAGAR,BHANJANAGAR
572,Improvement to LFB of Baghuanalla near Maa Petapatra Takurani from RD 3700 M to 3900 M.,Bhanjanagar,761126,"CE-BM,RVN Basin,Berhampur||S.E. Southern Irr. Circle I Berhampur||EE Bhanjanagar Irrigation Divn Bhanjanagar","O/o CE n BM, RVN Basin, Berhampur",Restoration of Embankment,"7,43,000",Civil Works - Others,,e-BNID-01/ 2021-22,2021_CEBMB_68091_51,Open Tender,Works,Nil,Nil,"742,700",26-Feb-2023,"INR 742,700",NA,NA,Ganjam,Ganjam,,,,,BHANJANAGAR,BHANJANAGAR
573,Improvement to LFB of Baghuanalla near Maa Petapatra Takurani from RD 3950 M to 4150 M.,Bhanjanagar,761126,"CE-BM,RVN Basin,Berhampur||S.E. Southern Irr. Circle I Berhampur||EE Bhanjanagar Irrigation Divn Bhanjanagar","O/o CE n BM, RVN Basin, Berhampur",Restoration of Embankment,"7,35,000",Civil Works - Others,,e-BNID-01/ 2021-22,2021_CEBMB_68091_54,Open Tender,Works,Nil,Nil,"734,386",28-Feb-2023,"INR 734,386",NA,NA,Ganjam,Ganjam,,,,,BHANJANAGAR,BHANJANAGAR
574,Improvement to LFB of Baghuanalla near village Baghua from RD 2260 M to 2550 M.,Bhanjanagar,761126,"CE-BM,RVN Basin,Berhampur||S.E. Southern Irr. Circle I Berhampur||EE Bhanjanagar Irrigation Divn Bhanjanagar","O/o CE n BM, RVN Basin, Berhampur",Restoration of Embankment,"7,72,000",Civil Works - Others,,e-BNID-01/ 2021-22,2021_CEBMB_68091_43,Open Tender,Works,Nil,Nil,"771,654",26-Feb-2023,"INR 771,654",NA,NA,Ganjam,Ganjam,,,,,BHANJANAGAR,BHANJANAGAR
575,Improvement to LFB of Baghuanalla near village Kalingapadar from RD 2900 M to 3150 M.,Bhanjanagar,761126,"CE-BM,RVN Basin,Berhampur||S.E. Southern Irr. Circle I Berhampur||EE Bhanjanagar Irrigation Divn Bhanjanagar","O/o CE n BM, RVN Basin, Berhampur",Restoration of Embankment,"8,22,000",Civil Works - Others,,e-BNID-01/ 2021-22,2021_CEBMB_68091_41,Open Tender,Works,Nil,Nil,"821,683",26-Feb-2023,"INR 821,683",NA,NA,Ganjam,Ganjam,'KALINGAPADAR',JAGANNATHPRASAD,,,BHANJANAGAR,BHANJANAGAR
576,Improvement to LFB of Baghuanalla near village Kalingapadar from RD 3200 M to 3370 M.,Bhanjanagar,761126,"CE-BM,RVN Basin,Berhampur||S.E. Southern Irr. Circle I Berhampur||EE Bhanjanagar Irrigation Divn Bhanjanagar","O/o CE n BM, RVN Basin, Berhampur",Restoration of Embankment,"6,53,000",Civil Works - Others,,e-BNID-01/ 2021-22,2021_CEBMB_68091_59,Open Tender,Works,Nil,Nil,"652,076",28-Feb-2023,"INR 652,076",NA,NA,Ganjam,Ganjam,'KALINGAPADAR',JAGANNATHPRASAD,,,BHANJANAGAR,BHANJANAGAR
577,Improvement to LFB of Dayapallinalla from RD 1600 M to 1840 M.,Bhanjanagar,761126,"CE-BM,RVN Basin,Berhampur||S.E. Southern Irr. Circle I Berhampur||EE Bhanjanagar Irrigation Divn Bhanjanagar","O/o C.E.-B.M, RBVN Basin, Berhampur",Improvement to nalla,"5,71,000",Civil Works - Others,,e-BNID-02/2022-23,2022_CEBMB_77732_19,Open Tender,Works,Nil,Nil,"570,735",18-Dec-2022,"INR 570,735",NA,NA,Ganjam,Ganjam,,,,,BHANJANAGAR,BHANJANAGAR
578,Improvement to LFB of Giringianalla near village Toladi from RD 520 M to 800 M.,Bhanjanagar,761126,"CE-BM,RVN Basin,Berhampur||S.E. Southern Irr. Circle I Berhampur||EE Bhanjanagar Irrigation Divn Bhanjanagar","O/o CE n BM, RVN Basin, Berhampur",Restoration of Embankment,"8,12,000",Civil Works - Others,,e-BNID-01/ 2021-22,2021_CEBMB_68091_36,Open Tender,Works,Nil,Nil,"811,886",05-Feb-2023,"INR 811,886",NA,NA,Ganjam,Ganjam,,,,,BHANJANAGAR,BHANJANAGAR
579,Improvement to LFB of Giringianalla near village Toladi from RD 930 M to 1200 M.,Bhanjanagar,761126,"CE-BM,RVN Basin,Berhampur||S.E. Southern Irr. Circle I Berhampur||EE Bhanjanagar Irrigation Divn Bhanjanagar","O/o CE n BM, RVN Basin, Berhampur",Restoration of Embankment,"8,41,000",Civil Works - Others,,e-BNID-01/ 2021-22,2021_CEBMB_68091_32,Open Tender,Works,Nil,Nil,"815,025",05-Feb-2023,"INR 815,025",NA,NA,Ganjam,Ganjam,,,,,BHANJANAGAR,BHANJANAGAR
580,Improvement to LFB of Hatimundanalla near village Jilundi from RD 1200 M to 1463.60 M.,Bhanjanagar,761126,"CE-BM,RVN Basin,Berhampur||S.E. Southern Irr. Circle I Berhampur||EE Bhanjanagar Irrigation Divn Bhanjanagar","O/o CE n BM, RVN Basin, Berhampur",Restoration of Embankment,"5,72,000",Civil Works - Others,,e-BNID-01/ 2021-22,2021_CEBMB_68091_42,Open Tender,Works,Nil,Nil,"571,377",26-Feb-2023,"INR 571,377",NA,NA,Ganjam,Ganjam,'JILUNDI',BHANJANAGAR,,JILUNDI,BHANJANAGAR,BHANJANAGAR
581,Improvement to LFB of Loharakhandi near village Baladi from RD 3330 M to 3522.70 M.,Bhanjanagar,761126,"CE-BM,RVN Basin,Berhampur||S.E. Southern Irr. Circle I Berhampur||EE Bhanjanagar Irrigation Divn Bhanjanagar","O/o CE n BM, RVN Basin, Berhampur",Restoration of Embankment,"6,67,000",Civil Works - Others,,e-BNID-01/ 2021-22,2021_CEBMB_68091_37,Open Tender,Works,Nil,Nil,"633,205",13-Mar-2023,"INR 633,205",NA,NA,Ganjam,Ganjam,'BALADI',BELLAGUNTHA,,,BHANJANAGAR,BHANJANAGAR
582,Improvement to LFB of Loharakhandi near village Patulaishai from RD 3000 M to 3165.10 M.,Bhanjanagar,761126,"CE-BM,RVN Basin,Berhampur||S.E. Southern Irr. Circle I Berhampur||EE Bhanjanagar Irrigation Divn Bhanjanagar","O/o CE n BM, RVN Basin, Berhampur",Restoration of Embankment,"5,72,000",Civil Works - Others,,e-BNID-01/ 2021-22,2021_CEBMB_68091_46,Open Tender,Works,Nil,Nil,"571,106",26-Feb-2023,"INR 571,106",NA,NA,Ganjam,Ganjam,,,,,BHANJANAGAR,BHANJANAGAR
583,Improvement to LFB of Loharakhandi near village Patulisahi from RD 3700 M to 3900 M.,Bhanjanagar,761126,"CE-BM,RVN Basin,Berhampur||S.E. Southern Irr. Circle I Berhampur||EE Bhanjanagar Irrigation Divn Bhanjanagar","O/o C.E.-B.M, RBVN Basin, Berhampur",Improvement to flood embankment,"5,72,000",Civil Works - Canal,,e-BNID-02/2022-23,2022_CEBMB_77732_7,Open Tender,Works,Nil,Nil,"571,124",17-Dec-2022,"INR 571,124",NA,NA,Ganjam,Ganjam,'PATULISAHI',BELLAGUNTHA,,,BHANJANAGAR,BHANJANAGAR
584,Improvement to LFB of river Badanadi from village Mukundapur to Baragan (road work).,Bhanjanagar,761126,"CE-BM,RVN Basin,Berhampur||S.E. Southern Irr. Circle I Berhampur||EE Bhanjanagar Irrigation Divn Bhanjanagar","O/o C.E.-B.M, RBVN Basin, Berhampur",Restoration and protection of River Embankment,"11,59,000",Civil Works - Others,,e-BNID-04/2022-23,2022_CEBMB_78504_4,Open Tender,Works,Nil,Nil,"985,160",25-Dec-2022,"INR 985,160",NA,NA,Ganjam,Ganjam,"'MUKUNDAPUR', 'BARAGAN', 'BARAGaN'",ASKA,,,BHANJANAGAR,BHANJANAGAR
585,Improvement to LFB of river Badanadi near village Dhanija.,Bhanjanagar,761126,"CE-BM,RVN Basin,Berhampur||S.E. Southern Irr. Circle I Berhampur||EE Bhanjanagar Irrigation Divn Bhanjanagar","SE, BhanjanagarIrr. Divn., Bhanjanagar",Improvement to LFB of river Badanadi near village Dhanija.,"7,98,381",Civil Works - Others,,e-BNID-08/2022-23,2022_CEBMB_82808_16,Open Tender,Works,Nil,Nil,"678,703",23-Jan-2023,"INR 678,703",NA,NA,Ganjam,Ganjam,,,,,BHANJANAGAR,BHANJANAGAR
586,Improvement to LFB of river Bodanadi at D/S of bridge near village Nimapadar from RD 00 to 200 M.,Bhanjanagar,761126,"CE-BM,RVN Basin,Berhampur||S.E. Southern Irr. Circle I Berhampur||EE Bhanjanagar Irrigation Divn Bhanjanagar","O/o CE n BM, RVN Basin, Berhampur",Restoration of Embankment,"8,38,000",Civil Works - Others,,e-BNID-01/ 2021-22,2021_CEBMB_68091_21,Open Tender,Works,Nil,Nil,"837,338",02-Feb-2023,"INR 837,338",NA,NA,Ganjam,Ganjam,'NIMAPADAR',JAGANNATHPRASAD,,,BHANJANAGAR,BHANJANAGAR
587,Improvement to LFB of river Bodanadi from RD 8190 M to 8370 M near village Pandiapada.,Bhanjanagar,761126,"CE-BM,RVN Basin,Berhampur||S.E. Southern Irr. Circle I Berhampur||EE Bhanjanagar Irrigation Divn Bhanjanagar","O/o CE n BM, RVN Basin, Berhampur",Restoration of Embankment,"6,24,000",Civil Works - Others,,e-BNID-01/ 2021-22,2021_CEBMB_68091_40,Open Tender,Works,Nil,Nil,"624,054",26-Feb-2023,"INR 624,054",NA,NA,Ganjam,Ganjam,,,,,BHANJANAGAR,BHANJANAGAR
588,Improvement to LFB of river Bodanadi near village Kadapada.,Bhanjanagar,761126,"CE-BM,RVN Basin,Berhampur||S.E. Southern Irr. Circle I Berhampur||EE Bhanjanagar Irrigation Divn Bhanjanagar","O/o C.E.-B.M, RBVN Basin, Berhampur",Improvement to nalla,"6,44,000",Civil Works - Canal,,e-BNID-02/2022-23,2022_CEBMB_77732_35,Open Tender,Works,Nil,Nil,"650,538",20-Dec-2022,"INR 650,538",NA,NA,Ganjam,Ganjam,'KADAPADA',JAGANNATHPRASAD,,,BHANJANAGAR,BHANJANAGAR
589,Improvement to LFB of river Bodanadi near village Tholanda.,Bhanjanagar,761126,"CE-BM,RVN Basin,Berhampur||S.E. Southern Irr. Circle I Berhampur||EE Bhanjanagar Irrigation Divn Bhanjanagar","O/o C.E.-B.M, RBVN Basin, Berhampur",Improvement to flood embankment,"6,48,000",Civil Works - Canal,,e-BNID-02/2022-23,2022_CEBMB_77732_34,Open Tender,Works,Nil,Nil,"654,335",20-Dec-2022,"INR 654,335",NA,NA,Ganjam,Ganjam,'THOLANDA',JAGANNATHPRASAD,,,BHANJANAGAR,BHANJANAGAR
590,Improvement to LFB of river Ghodahada near village Patharapunji from RD 0.342 Km to 1.00 Km.,Bhanjanagar,761126,"CE-BM,RVN Basin,Berhampur||S.E. Southern Irr. Circle I Berhampur||EE Bhanjanagar Irrigation Divn Bhanjanagar","O/o C.E.-B.M, RVN Basin, Berhampur",Restoration to river Embankment,"8,42,000",Civil Works - Others,,e- BNID-05/ 2021-22,2021_CEBMB_70921_3,Open Tender,Works,Nil,Nil,"715,523",29-Mar-2023,"INR 715,523",NA,NA,Ganjam,Ganjam,'PATHARAPUNJI',HINJILICUT,,,BHANJANAGAR,BHANJANAGAR
591,Improvement to LFB of River Jorou near village Sidhipur.,Bhanjanagar,761126,"CE-BM,RVN Basin,Berhampur||S.E. Southern Irr. Circle I Berhampur||EE Bhanjanagar Irrigation Divn Bhanjanagar","O/o C.E.-B.M, RBVN Basin, Berhampur",Restoration and protection of River Embankment,"9,80,000",Civil Works - Others,,e-BNID-06/2022-23,2022_CEBMB_79650_11,Open Tender,Works,Nil,Nil,"832,531",31-Dec-2022,"INR 832,531",NA,NA,Ganjam,Ganjam,,,,,BHANJANAGAR,BHANJANAGAR
592,Improvement to LFB of river Loharakhandi from by-pass to Raghunath temple from RD 00 to RD 1440m of Bhanjanagar Irrigation Divn.Bhanjanagar.,Bhanjanagar,761126,"CE-BM,RVN Basin,Berhampur||S.E. Southern Irr. Circle I Berhampur","O/o the Additional CE, RB Basin, Berhampur",Improvement to LFB of river Loharakhandi from by-pass to Raghunath temple from RD 00 to RD 1440m of Bhanjanagar Irrigation Divn.Bhanjanagar.,"4,71,07,632",Civil Works - Others,,"ACE,RBB-24/2022-23",2022_CEBMB_82096_4,National Competitive Bid,Works,Nil,Nil,"42,401,579.23",01-Mar-2023,"INR 42,401,580",NA,Ganjam,Ganjam,Ganjam,,BHANJANAGAR,,,BHANJANAGAR,BHANJANAGAR
593,Improvement to LFB of river Padma near village Amrutul.,Bhanjanagar,761126,"CE-BM,RVN Basin,Berhampur||S.E. Southern Irr. Circle I Berhampur||EE Bhanjanagar Irrigation Divn Bhanjanagar","O/o C.E.-B.M, RBVN Basin, Berhampur",Restoration and protection of River Embankment,"10,38,000",Civil Works - Others,,e-BNID-04/2022-23,2022_CEBMB_78504_20,Open Tender,Works,Nil,Nil,"882,355",24-Dec-2022,"INR 882,355",NA,NA,Ganjam,Ganjam,,,,,BHANJANAGAR,BHANJANAGAR
594,Improvement to LFB of River Padma near village Hinjilikuda.,Bhanjanagar,761126,"CE-BM,RVN Basin,Berhampur||S.E. Southern Irr. Circle I Berhampur||EE Bhanjanagar Irrigation Divn Bhanjanagar","O/o C.E.-B.M, RBVN Basin, Berhampur",Restoration and protection of River Embankment,"9,72,000",Civil Works - Others,,e-BNID-06/2022-23,2022_CEBMB_79650_10,Open Tender,Works,Nil,Nil,"826,129",30-Dec-2022,"INR 826,129",NA,NA,Ganjam,Ganjam,,,,,BHANJANAGAR,BHANJANAGAR
595,Improvement to LFB of river Padma near village Takarada.,Bhanjanagar,761126,"CE-BM,RVN Basin,Berhampur||S.E. Southern Irr. Circle I Berhampur||EE Bhanjanagar Irrigation Divn Bhanjanagar","O/o C.E.-B.M, RBVN Basin, Berhampur",Restoration and protection of River Embankment,"10,38,000",Civil Works - Others,,e-BNID-04/2022-23,2022_CEBMB_78504_7,Open Tender,Works,Nil,Nil,"881,770",24-Dec-2022,"INR 881,770",NA,NA,Ganjam,Ganjam,'TAKARADA',SHERAGADA,,TAKARADA,BHANJANAGAR,BHANJANAGAR
596,Improvement to LFB of River Rushikulya near Padhala Rameshwar Temple.,Bhanjanagar,761126,"CE-BM,RVN Basin,Berhampur||S.E. Southern Irr. Circle I Berhampur||EE Bhanjanagar Irrigation Divn Bhanjanagar","O/o C.E.-B.M, RBVN Basin, Berhampur",Restoration and protection of River Embankment,"9,50,000",Civil Works - Others,,e-BNID-06/2022-23,2022_CEBMB_79650_1,Open Tender,Works,Nil,Nil,"807,936",30-Dec-2022,"INR 807,936",NA,NA,Ganjam,Ganjam,'PADHALA',ASKA,,,BHANJANAGAR,BHANJANAGAR
597,Improvement to LFB of river Rushikulya near village Batasasan.,Bhanjanagar,761126,"CE-BM,RVN Basin,Berhampur||S.E. Southern Irr. Circle I Berhampur||EE Bhanjanagar Irrigation Divn Bhanjanagar","O/o C.E.-B.M, RBVN Basin, Berhampur",Restoration and protection of River Embankment,"15,67,000",Civil Works - Others,,e-BNID-04/2022-23,2022_CEBMB_78504_21,Open Tender,Works,Nil,Nil,"1,331,853",26-Dec-2022,"INR 1,331,853",NA,NA,Ganjam,Ganjam,,,,,BHANJANAGAR,BHANJANAGAR
600,Improvement to LFB of River Rushikulya near village Jayapur.,Bhanjanagar,761126,"CE-BM,RVN Basin,Berhampur||S.E. Southern Irr. Circle I Berhampur||EE Bhanjanagar Irrigation Divn Bhanjanagar","O/o C.E.-B.M, RBVN Basin, Berhampur",Restoration and protection of River Embankment,"9,71,000",Civil Works - Others,,e-BNID-06/2022-23,2022_CEBMB_79650_3,Open Tender,Works,Nil,Nil,"825,414",30-Dec-2022,"INR 825,414",NA,NA,Ganjam,Ganjam,'JAYAPUR',ASKA,,JAYAPUR,BHANJANAGAR,BHANJANAGAR
601,Improvement to LFB of River Rushikulya near village Keshara.,Bhanjanagar,761126,"CE-BM,RVN Basin,Berhampur||S.E. Southern Irr. Circle I Berhampur||EE Bhanjanagar Irrigation Divn Bhanjanagar","O/o C.E.-B.M, RBVN Basin, Berhampur",Restoration and protection of River Embankment,"9,73,000",Civil Works - Others,,e-BNID-06/2022-23,2022_CEBMB_79650_13,Open Tender,Works,Nil,Nil,"826,978",31-Dec-2022,"INR 826,978",NA,NA,Ganjam,Ganjam,,,,,BHANJANAGAR,BHANJANAGAR
602,Improvement to LFB of River Rushikulya near village Matiasahi Jagamohan.,Bhanjanagar,761126,"CE-BM,RVN Basin,Berhampur||S.E. Southern Irr. Circle I Berhampur||EE Bhanjanagar Irrigation Divn Bhanjanagar","O/o C.E.-B.M, RBVN Basin, Berhampur",Restoration and protection of River Embankment,"9,48,000",Civil Works - Others,,e-BNID-06/2022-23,2022_CEBMB_79650_7,Open Tender,Works,Nil,Nil,"805,417",30-Dec-2022,"INR 805,417",NA,NA,Ganjam,Ganjam,'JAGAMOHAN',DHARAKOTE,,,BHANJANAGAR,BHANJANAGAR
603,Improvement to LFB of River Rushikulya near village Muktapunji.,Bhanjanagar,761126,"CE-BM,RVN Basin,Berhampur||S.E. Southern Irr. Circle I Berhampur||EE Bhanjanagar Irrigation Divn Bhanjanagar","O/o C.E.-B.M, RBVN Basin, Berhampur",Restoration and protection of River Embankment,"9,58,000",Civil Works - Others,,e-BNID-06/2022-23,2022_CEBMB_79650_6,Open Tender,Works,Nil,Nil,"813,918",30-Dec-2022,"INR 813,918",NA,NA,Ganjam,Ganjam,,,,,BHANJANAGAR,BHANJANAGAR
604,Improvement to LFB of River Rushikulya near village Nandighar.,Bhanjanagar,761126,"CE-BM,RVN Basin,Berhampur||S.E. Southern Irr. Circle I Berhampur||EE Bhanjanagar Irrigation Divn Bhanjanagar","O/o C.E.-B.M, RBVN Basin, Berhampur",Restoration and protection of River Embankment,"9,63,000",Civil Works - Others,,e-BNID-06/2022-23,2022_CEBMB_79650_5,Open Tender,Works,Nil,Nil,"818,001",30-Dec-2022,"INR 818,001",NA,NA,Ganjam,Ganjam,,,,,BHANJANAGAR,BHANJANAGAR
605,Improvement to LFB of River Rushikulya near village Satimatha.,Bhanjanagar,761126,"CE-BM,RVN Basin,Berhampur||S.E. Southern Irr. Circle I Berhampur||EE Bhanjanagar Irrigation Divn Bhanjanagar","O/o C.E.-B.M, RBVN Basin, Berhampur",Restoration and protection of River Embankment,"9,79,000",Civil Works - Others,,e-BNID-06/2022-23,2022_CEBMB_79650_8,Open Tender,Works,Nil,Nil,"831,495",30-Dec-2022,"INR 831,495",NA,NA,Ganjam,Ganjam,,,,,BHANJANAGAR,BHANJANAGAR
606,Improvement to Mahanadi Canal from RD 3000 M to 3500M.,Bhanjanagar,761126,"CE-BM,RVN Basin,Berhampur||S.E. Southern Irr. Circle I Berhampur||EE Bhanjanagar Irrigation Divn Bhanjanagar","O/o C.E.-B.M, RBVN Basin, Berhampur",Restoration and protection of River Embankment,"4,95,000",Civil Works - Others,,e-BNID-05/2022-23,2022_CEBMB_79197_22,Open Tender,Works,Nil,Nil,"431,259",30-Dec-2022,"INR 431,259",NA,NA,Ganjam,Ganjam,,,,,BHANJANAGAR,BHANJANAGAR
607,Improvement to Mandar Minor (Construction of 5 nos of Foot Bridge),Bhanjanagar,761126,"CE-BM,RVN Basin,Berhampur||S.E. Southern Irr. Circle I Berhampur||EE Bhanjanagar Irrigation Divn Bhanjanagar","O/o C.E.-B.M, RBVN Basin, Berhampur",Improvement to flood embankment,"5,86,000",Civil Works - Others,,e-BNID-03/2022-23,2022_CEBMB_77896_10,Open Tender,Works,Nil,Nil,"577,755",23-Dec-2022,"INR 577,755",NA,NA,Ganjam,Ganjam,'MANDAR',BELLAGUNTHA,,MANDAR,BHANJANAGAR,BHANJANAGAR
608,Improvement to Mandar Minor near village Ratanga from RD 5400 M to 5467.20 M,Bhanjanagar,761126,"CE-BM,RVN Basin,Berhampur||S.E. Southern Irr. Circle I Berhampur||EE Bhanjanagar Irrigation Divn Bhanjanagar","O/o CE n BM, RVN Basin, Berhampur",Restoration of Embankment,"5,17,000",Civil Works - Others,,e-BNID-01/ 2021-22,2021_CEBMB_68091_63,Open Tender,Works,Nil,Nil,"516,402",28-Feb-2023,"INR 516,402",NA,NA,Ganjam,Ganjam,"'RATANGA', 'MANDAR'",BELLAGUNTHA,,MANDAR,BHANJANAGAR,BHANJANAGAR
609,Improvement to Mandar Minor near village Sariapalli from RD 3600 M to 3661.60 M.,Bhanjanagar,761126,"CE-BM,RVN Basin,Berhampur||S.E. Southern Irr. Circle I Berhampur||EE Bhanjanagar Irrigation Divn Bhanjanagar","O/o CE n BM, RVN Basin, Berhampur",Restoration of Embankment,"4,74,000",Civil Works - Others,,e-BNID-01/ 2021-22,2021_CEBMB_68091_61,Open Tender,Works,Nil,Nil,"449,720",13-Mar-2023,"INR 449,720",NA,NA,Ganjam,Ganjam,'MANDAR',BELLAGUNTHA,,MANDAR,BHANJANAGAR,BHANJANAGAR
610,"Improvement To Nandini Nalla from RD 12.00 Km To 26.00 Km and Secondary Drains (I) Kubei Nalla, (Ii) Gadagadia Nalla Including Structures Under Sheragada Block Of Hinjili Assembly Constituency In Doab-No.XVII of Ganjam District.","Sheragada, Ganjam",751012,"CE,Drainage,Cuttack||SE Drainage Circle Bhubaneswar","O/o the Addl. Chief Engineer, Drainage Circle, Bhu","Earthwork, Cement Concrete, Reinforced Cement Concrete and RR Stone Works","3,69,30,167",Civil Works - Others,,ACEDC-BBSR/DD-BAM-02/2022-23,2022_CEDC_78749_1,Open Tender,Works,Nil,Nil,"31,394,335",23-Sep-2022,"INR 31,394,335",NA,Ganjam,Ganjam,Ganjam,"'GANJAM', 'SHERAGADA'",GANJAM,,,GANJAM,GANJAM
612,Improvement to oulet 15L at RD 6100 M of Gallery Canal (country side protection wall).,Bhanjanagar,761126,"CE-BM,RVN Basin,Berhampur||S.E. Southern Irr. Circle I Berhampur||EE Bhanjanagar Irrigation Divn Bhanjanagar","O/o C.E.-B.M, RBVN Basin, Berhampur",Protection wall,"6,22,000",Civil Works - Canal,,e-BNID-07/2022-23,2022_CEBMB_81071_2,Open Tender,Works,Nil,Nil,"621,692",10-Jan-2023,"INR 621,692",NA,NA,Ganjam,Ganjam,'GALLERY',BHANJANAGAR,,GALLERY,GANJAM,GANJAM
616,Improvement to R.F.B of River Bodanadi near D/S of Chopra to Bhuktabhumi road of village Chopra.,Bhanjanagar,761126,"CE-BM,RVN Basin,Berhampur||S.E. Southern Irr. Circle I Berhampur||EE Bhanjanagar Irrigation Divn Bhanjanagar","O/o C.E.-B.M, RBVN Basin, Berhampur",Improvement to flood embankment,"5,27,000",Civil Works - Others,,e-BNID-03/2022-23,2022_CEBMB_77896_11,Open Tender,Works,Nil,Nil,"526,837",24-Dec-2022,"INR 526,837",NA,NA,Ganjam,Ganjam,'BHUKTABHUMI',JAGANNATHPRASAD,,,GANJAM,GANJAM
620,Improvement to RFB of Badanadi from RD 10500 M to 10800 M near village Panasapalli.,Bhanjanagar,761126,"CE-BM,RVN Basin,Berhampur||S.E. Southern Irr. Circle I Berhampur||EE Bhanjanagar Irrigation Divn Bhanjanagar","O/o CE n BM, RVN Basin, Berhampur",Restoration of Embankment,"11,40,000",Civil Works - Others,,e-BNID-01/ 2021-22,2021_CEBMB_68091_49,Open Tender,Works,Nil,Nil,"968,668",17-Mar-2023,"INR 968,668",NA,NA,Ganjam,Ganjam,,,,,GANJAM,GANJAM
621,Improvement to RFB of Badanadi from RD 16000 M to 17500 M between village Benapata to Nuapalli.,Bhanjanagar,761126,"CE-BM,RVN Basin,Berhampur||S.E. Southern Irr. Circle I Berhampur||EE Bhanjanagar Irrigation Divn Bhanjanagar","O/o CE n BM, RVN Basin, Berhampur",Restoration of Embankment,"21,41,000",Civil Works - Others,,e-BNID-01/ 2021-22,2021_CEBMB_68091_39,Open Tender,Works,Nil,Nil,"1,819,906",10-Mar-2023,"INR 1,819,906",NA,NA,Ganjam,Ganjam,"'NUAPALLI', 'BENAPATA'",DHARAKOTE,,,GANJAM,GANJAM
622,Improvement to RFB of Badanadi near village Mandar from RD 1100 M to 1292.60 M.,Bhanjanagar,761126,"CE-BM,RVN Basin,Berhampur||S.E. Southern Irr. Circle I Berhampur||EE Bhanjanagar Irrigation Divn Bhanjanagar","O/o CE n BM, RVN Basin, Berhampur",Restoration of Embankment,"6,67,000",Civil Works - Others,,e-BNID-01/ 2021-22,2021_CEBMB_68091_20,Open Tender,Works,Nil,Nil,"666,224",02-Feb-2023,"INR 666,224",NA,NA,Ganjam,Ganjam,'MANDAR',BELLAGUNTHA,,MANDAR,GANJAM,GANJAM
623,Improvement to RFB of Baghuanalla near Jadadhar from RD 1700 M to 2000 M.,Bhanjanagar,761126,"CE-BM,RVN Basin,Berhampur||S.E. Southern Irr. Circle I Berhampur||EE Bhanjanagar Irrigation Divn Bhanjanagar","O/o CE n BM, RVN Basin, Berhampur",Restoration of Embankment,"7,50,000",Civil Works - Others,,e-BNID-01/ 2021-22,2021_CEBMB_68091_47,Open Tender,Works,Nil,Nil,"720,219",26-Feb-2023,"INR 720,219",NA,NA,Ganjam,Ganjam,,,,,GANJAM,GANJAM
624,Improvement to RFB of Baghuanalla near Jadadhar from RD 2550 M to 2800 M.,Bhanjanagar,761126,"CE-BM,RVN Basin,Berhampur||S.E. Southern Irr. Circle I Berhampur||EE Bhanjanagar Irrigation Divn Bhanjanagar","O/o CE n BM, RVN Basin, Berhampur",Restoration of Embankment,"7,34,000",Civil Works - Others,,e-BNID-01/ 2021-22,2021_CEBMB_68091_45,Open Tender,Works,Nil,Nil,"733,524",26-Feb-2023,"INR 733,524",NA,NA,Ganjam,Ganjam,,,,,GANJAM,GANJAM
625,Improvement to RFB of Baghuanalla near siva mandir Kalingapadar from RD 3400 M to 3650 M.,Bhanjanagar,761126,"CE-BM,RVN Basin,Berhampur||S.E. Southern Irr. Circle I Berhampur||EE Bhanjanagar Irrigation Divn Bhanjanagar","O/o C.E.-B.M, RBVN Basin, Berhampur",Improvement to nalla,"6,14,000",Civil Works - Canal,,e-BNID-02/2022-23,2022_CEBMB_77732_21,Open Tender,Works,Nil,Nil,"613,531",20-Dec-2022,"INR 613,531",NA,NA,Ganjam,Ganjam,'KALINGAPADAR',JAGANNATHPRASAD,,,GANJAM,GANJAM
626,Improvement to RFB of Bantanalla from RD 2300 M to 2500 M.,Bhanjanagar,761126,"CE-BM,RVN Basin,Berhampur||S.E. Southern Irr. Circle I Berhampur||EE Bhanjanagar Irrigation Divn Bhanjanagar","O/o C.E.-B.M, RBVN Basin, Berhampur",Improvement to nalla,"5,74,000",Civil Works - Canal,,e-BNID-02/2022-23,2022_CEBMB_77732_20,Open Tender,Works,Nil,Nil,"573,326",18-Dec-2022,"INR 573,326",NA,NA,Ganjam,Ganjam,,,,,GANJAM,GANJAM
627,Improvement to RFB of Batanalla from RD 3300 M to 3550 M.,Bhanjanagar,761126,"CE-BM,RVN Basin,Berhampur||S.E. Southern Irr. Circle I Berhampur||EE Bhanjanagar Irrigation Divn Bhanjanagar","O/o C.E.-B.M, RBVN Basin, Berhampur",Improvement to nalla,"6,16,000",Civil Works - Canal,,e-BNID-02/2022-23,2022_CEBMB_77732_25,Open Tender,Works,Nil,Nil,"615,185",20-Dec-2022,"INR 615,185",NA,NA,Ganjam,Ganjam,,,,,GANJAM,GANJAM
628,Improvement to RFB of Budulinallah near village Buduli.,Bhanjanagar,761126,"CE-BM,RVN Basin,Berhampur||S.E. Southern Irr. Circle I Berhampur||EE Bhanjanagar Irrigation Divn Bhanjanagar","O/o C.E.-B.M, RBVN Basin, Berhampur",Improvement to flood embankment,"5,35,000",Civil Works - Others,,e-BNID-03/2022-23,2022_CEBMB_77896_15,Open Tender,Works,Nil,Nil,"454,772",24-Dec-2022,"INR 454,772",NA,NA,Ganjam,Ganjam,'BUDULI',BHANJANAGAR,,,GANJAM,GANJAM
629,Improvement to RFB of Dayapallinalla from RD 4000 M to 4200 M.,Bhanjanagar,761126,"CE-BM,RVN Basin,Berhampur||S.E. Southern Irr. Circle I Berhampur||EE Bhanjanagar Irrigation Divn Bhanjanagar","O/o C.E.-B.M, RBVN Basin, Berhampur",Improvement to nalla,"6,12,000",Civil Works - Canal,,e-BNID-02/2022-23,2022_CEBMB_77732_22,Open Tender,Works,Nil,Nil,"611,260",20-Dec-2022,"INR 611,260",NA,NA,Ganjam,Ganjam,,,,,GANJAM,GANJAM
630,Improvement to RFB of Kataranalla from RD 3250 M to 3500 M.,Bhanjanagar,761126,"CE-BM,RVN Basin,Berhampur||S.E. Southern Irr. Circle I Berhampur||EE Bhanjanagar Irrigation Divn Bhanjanagar","O/o C.E.-B.M, RBVN Basin, Berhampur",Improvement to flood embankment,"6,49,000",Civil Works - Canal,,e-BNID-02/2022-23,2022_CEBMB_77732_17,Open Tender,Works,Nil,Nil,"648,887",18-Dec-2022,"INR 648,887",NA,NA,Ganjam,Ganjam,,,,,GANJAM,GANJAM
631,Improvement to RFB of Kataranalla near Balichhai from RD 2900 M to 3250 M.,Bhanjanagar,761126,"CE-BM,RVN Basin,Berhampur||S.E. Southern Irr. Circle I Berhampur||EE Bhanjanagar Irrigation Divn Bhanjanagar","O/o C.E.-B.M, RBVN Basin, Berhampur",Improvement to nalla,"6,43,000",Civil Works - Canal,,e-BNID-02/2022-23,2022_CEBMB_77732_24,Open Tender,Works,Nil,Nil,"642,492",20-Dec-2022,"INR 642,492",NA,NA,Ganjam,Ganjam,'BALICHHAI',POLOSARA,,,GANJAM,GANJAM
632,Improvement to RFB of Kupatinalla near Talajibika from RD 150 M to 450 M.,Bhanjanagar,761126,"CE-BM,RVN Basin,Berhampur||S.E. Southern Irr. Circle I Berhampur||EE Bhanjanagar Irrigation Divn Bhanjanagar","O/o C.E.-B.M, RBVN Basin, Berhampur",Improvement to nalla,"6,52,000",Civil Works - Canal,,e-BNID-02/2022-23,2022_CEBMB_77732_28,Open Tender,Works,Nil,Nil,"651,708",20-Dec-2022,"INR 651,708",NA,NA,Ganjam,Ganjam,,,,,GANJAM,GANJAM
633,Improvement to RFB of Kupatinalla near Talajibika from RD 460 M to 760 M.,Bhanjanagar,761126,"CE-BM,RVN Basin,Berhampur||S.E. Southern Irr. Circle I Berhampur||EE Bhanjanagar Irrigation Divn Bhanjanagar","O/o C.E.-B.M, RBVN Basin, Berhampur",Improvement to nalla,"6,75,000",Civil Works - Canal,,e-BNID-02/2022-23,2022_CEBMB_77732_23,Open Tender,Works,Nil,Nil,"674,432",20-Dec-2022,"INR 674,432",NA,NA,Ganjam,Ganjam,,,,,GANJAM,GANJAM
634,Improvement to RFB of Latakiary nalla confluence to Kokolaba river,Bhanjanagar,761126,"CE-BM,RVN Basin,Berhampur||S.E. Southern Irr. Circle I Berhampur||EE Bhanjanagar Irrigation Divn Bhanjanagar","O/o C.E.-B.M, RBVN Basin, Berhampur",Improvement to flood embankment,"6,88,000",Civil Works - Canal,,e-BNID-02/2022-23,2022_CEBMB_77732_15,Open Tender,Works,Nil,Nil,"678,766",18-Dec-2022,"INR 678,766",NA,NA,Ganjam,Ganjam,,,,,GANJAM,GANJAM
635,Improvement to RFB of Loharakhandi near village Bhaliakhai from RD 6200 M to 6350 M.,Bhanjanagar,761126,"CE-BM,RVN Basin,Berhampur||S.E. Southern Irr. Circle I Berhampur||EE Bhanjanagar Irrigation Divn Bhanjanagar","O/o C.E.-B.M, RBVN Basin, Berhampur",Improvement to flood embankment,"5,24,000",Civil Works - Canal,,e-BNID-02/2022-23,2022_CEBMB_77732_13,Open Tender,Works,Nil,Nil,"523,904",18-Dec-2022,"INR 523,904",NA,NA,Ganjam,Ganjam,'BHALIAKHAI',BHANJANAGAR,,,GANJAM,GANJAM
636,Improvement to RFB of Loharakhandi near village Gamundi from RD 4000 M to 4150 M.,Bhanjanagar,761126,"CE-BM,RVN Basin,Berhampur||S.E. Southern Irr. Circle I Berhampur||EE Bhanjanagar Irrigation Divn Bhanjanagar","O/o C.E.-B.M, RBVN Basin, Berhampur",Improvement to flood embankment,"5,26,000",Civil Works - Canal,,e-BNID-02/2022-23,2022_CEBMB_77732_11,Open Tender,Works,Nil,Nil,"525,565",18-Dec-2022,"INR 525,565",NA,NA,Ganjam,Ganjam,'GAMUNDI',BHANJANAGAR,,,GANJAM,GANJAM
637,Improvement to RFB of Loharakhandi near village Kaithpalli from RD 00 to 135 M.,Bhanjanagar,761126,"CE-BM,RVN Basin,Berhampur||S.E. Southern Irr. Circle I Berhampur||EE Bhanjanagar Irrigation Divn Bhanjanagar","O/o CE n BM, RVN Basin, Berhampur",Restoration of Embankment,"5,71,000",Civil Works - Others,,e-BNID-01/ 2021-22,2021_CEBMB_68091_35,Open Tender,Works,Nil,Nil,"570,651",05-Feb-2023,"INR 570,651",NA,NA,Ganjam,Ganjam,,,,,GANJAM,GANJAM
638,Improvement to RFB of Loharakhandi near village Kusapalli from RD 7700 M to 7850 M.,Bhanjanagar,761126,"CE-BM,RVN Basin,Berhampur||S.E. Southern Irr. Circle I Berhampur||EE Bhanjanagar Irrigation Divn Bhanjanagar","O/o C.E.-B.M, RBVN Basin, Berhampur",Improvement to flood embankment,"5,38,000",Civil Works - Canal,,e-BNID-02/2022-23,2022_CEBMB_77732_12,Open Tender,Works,Nil,Nil,"510,998",18-Dec-2022,"INR 510,998",NA,NA,Ganjam,Ganjam,'KUSAPALLI',SURADA,,,GANJAM,GANJAM
639,Improvement to RFB of Nuapallinalla from RD 2100 M to 2350 M.,Bhanjanagar,761126,"CE-BM,RVN Basin,Berhampur||S.E. Southern Irr. Circle I Berhampur||EE Bhanjanagar Irrigation Divn Bhanjanagar","O/o C.E.-B.M, RBVN Basin, Berhampur",Improvement to nalla,"5,71,000",Civil Works - Canal,,e-BNID-02/2022-23,2022_CEBMB_77732_26,Open Tender,Works,Nil,Nil,"570,326",20-Dec-2022,"INR 570,326",NA,NA,Ganjam,Ganjam,,,,,GANJAM,GANJAM
640,Improvement to RFB of river Badanadi between RD 7500 M to 8000 M near village Nuagada.,Bhanjanagar,761126,"CE-BM,RVN Basin,Berhampur||S.E. Southern Irr. Circle I Berhampur||EE Bhanjanagar Irrigation Divn Bhanjanagar","O/o CE n BM, RVN Basin, Berhampur",Restoration of Embankment,"10,45,000",Civil Works - Others,,e-BNID-01/ 2021-22,2021_CEBMB_68091_55,Open Tender,Works,Nil,Nil,"888,270",17-Mar-2023,"INR 888,270",NA,NA,Ganjam,Ganjam,'NUAGADA',SURADA,,NUAGADA,GANJAM,GANJAM
641,Improvement to RFB of River Badanadi D/S of Bijupattnaik Chaka(road work).,Bhanjanagar,761126,"CE-BM,RVN Basin,Berhampur||S.E. Southern Irr. Circle I Berhampur||EE Bhanjanagar Irrigation Divn Bhanjanagar","O/o C.E.-B.M, RBVN Basin, Berhampur",Restoration and protection of River Embankment,"9,77,000",Civil Works - Others,,e-BNID-06/2022-23,2022_CEBMB_79650_4,Open Tender,Works,Nil,Nil,"830,591",30-Dec-2022,"INR 830,591",NA,NA,Ganjam,Ganjam,,,,,GANJAM,GANJAM
642,Improvement to RFB of river Badanadi form RD 8800 M to 10400 M near village Khukundia.,Bhanjanagar,761126,"CE-BM,RVN Basin,Berhampur||S.E. Southern Irr. Circle I Berhampur||EE Bhanjanagar Irrigation Divn Bhanjanagar","O/o CE n BM, RVN Basin, Berhampur",Restoration of Embankment,"11,40,000",Civil Works - Others,,e-BNID-01/ 2021-22,2021_CEBMB_68091_57,Open Tender,Works,Nil,Nil,"968,342",10-Mar-2023,"INR 968,342",NA,NA,Ganjam,Ganjam,'KHUKUNDIA',BELLAGUNTHA,,,GANJAM,GANJAM
643,Improvement to RFB of river Badanadi from RD 11000 M to 11500 M near village Bangarada.,Bhanjanagar,761126,"CE-BM,RVN Basin,Berhampur||S.E. Southern Irr. Circle I Berhampur||EE Bhanjanagar Irrigation Divn Bhanjanagar","O/o CE n BM, RVN Basin, Berhampur",Restoration of Embankment,"10,69,000",Civil Works - Others,,e-BNID-01/ 2021-22,2021_CEBMB_68091_29,Open Tender,Works,Nil,Nil,"908,349",16-Mar-2023,"INR 908,349",NA,NA,Ganjam,Ganjam,'BANGARADA',SANAKHEMUNDI,,BANGARADA,GANJAM,GANJAM
644,Improvement to RFB of river Badanadi from RD 12000 M to 12500 M near village Ambapua.,Bhanjanagar,761126,"CE-BM,RVN Basin,Berhampur||S.E. Southern Irr. Circle I Berhampur||EE Bhanjanagar Irrigation Divn Bhanjanagar","O/o CE n BM, RVN Basin, Berhampur",Restoration of Embankment,"13,78,000",Civil Works - Others,,e-BNID-01/ 2021-22,2021_CEBMB_68091_34,Open Tender,Works,Nil,Nil,"1,171,094",16-Mar-2023,"INR 1,171,094",NA,NA,Ganjam,Ganjam,'AMBAPUA',BELLAGUNTHA,,AMBAPUA,GANJAM,GANJAM
645,Improvement to RFB of river Badanadi from RD 5400 M to 6000 M near village Dahimunduli.,Bhanjanagar,761126,"CE-BM,RVN Basin,Berhampur||S.E. Southern Irr. Circle I Berhampur||EE Bhanjanagar Irrigation Divn Bhanjanagar","O/o CE n BM, RVN Basin, Berhampur",Restoration of Embankment,"11,40,000",Civil Works - Others,,e-BNID-01/ 2021-22,2021_CEBMB_68091_26,Open Tender,Works,Nil,Nil,"884,252",16-Mar-2023,"INR 884,252",NA,NA,Ganjam,Ganjam,,,,,GANJAM,GANJAM
646,Improvement to RFB of River Badanadi from village Khukundia,Bhanjanagar,761126,"CE-BM,RVN Basin,Berhampur||S.E. Southern Irr. Circle I Berhampur||EE Bhanjanagar Irrigation Divn Bhanjanagar","SE, BhanjanagarIrr. Divn., Bhanjanagar",Improvement to RFB of River Badanadi from village Khukundia,"20,32,290",Civil Works - Others,,e-BNID-08/2022-23,2022_CEBMB_82808_18,Open Tender,Works,Nil,Nil,"1,727,650",23-Jan-2023,"INR 1,727,650",NA,NA,Ganjam,Ganjam,'KHUKUNDIA',BELLAGUNTHA,,,GANJAM,GANJAM
647,Improvement to RFB of River Badanadi near village Nirala.,Bhanjanagar,761126,"CE-BM,RVN Basin,Berhampur||S.E. Southern Irr. Circle I Berhampur||EE Bhanjanagar Irrigation Divn Bhanjanagar","O/o C.E.-B.M, RBVN Basin, Berhampur",Restoration and protection of River Embankment,"9,57,000",Civil Works - Others,,e-BNID-06/2022-23,2022_CEBMB_79650_2,Open Tender,Works,Nil,Nil,"798,809",30-Dec-2022,"INR 798,809",NA,NA,Ganjam,Ganjam,'NIRALA',ASKA,,,GANJAM,GANJAM
649,Improvement to RFB of River Baghua near village Haridapadar.,Bhanjanagar,761126,"CE-BM,RVN Basin,Berhampur||S.E. Southern Irr. Circle I Berhampur||EE Bhanjanagar Irrigation Divn Bhanjanagar","O/o C.E.-B.M, RBVN Basin, Berhampur",Restoration and protection of River Embankment,"9,99,000",Civil Works - Others,,e-BNID-06/2022-23,2022_CEBMB_79650_34,Open Tender,Works,Nil,Nil,"849,420",03-Jan-2023,"INR 849,420",NA,NA,Ganjam,Ganjam,'HARIDAPADAR',ASKA,,HARIDAPADAR,GANJAM,GANJAM
650,Improvement to RFB of river Bodanadi from RD 1704 M to 1874 M near village Naada.,Bhanjanagar,761126,"CE-BM,RVN Basin,Berhampur||S.E. Southern Irr. Circle I Berhampur||EE Bhanjanagar Irrigation Divn Bhanjanagar","O/o CE n BM, RVN Basin, Berhampur",Restoration of Embankment,"8,44,000",Civil Works - Others,,e-BNID-01/ 2021-22,2021_CEBMB_68091_50,Open Tender,Works,Nil,Nil,"843,044",26-Feb-2023,"INR 843,044",NA,NA,Ganjam,Ganjam,,,,,GANJAM,GANJAM
651,Improvement to RFB of river Bodanadi from RD 6300 M to 6550 M near village Kandarasingi.,Bhanjanagar,761126,"CE-BM,RVN Basin,Berhampur||S.E. Southern Irr. Circle I Berhampur||EE Bhanjanagar Irrigation Divn Bhanjanagar","O/o CE n BM, RVN Basin, Berhampur",Restoration of Embankment,"5,90,000",Civil Works - Others,,e-BNID-01/ 2021-22,2021_CEBMB_68091_56,Open Tender,Works,Nil,Nil,"589,210",28-Feb-2023,"INR 589,210",NA,NA,Ganjam,Ganjam,'KANDARASINGI',JAGANNATHPRASAD,,,GANJAM,GANJAM
652,Improvement to RFB of river Bodanadi from RD 6570 M to 6790 M near village Kandarsingi.,Bhanjanagar,761126,"CE-BM,RVN Basin,Berhampur||S.E. Southern Irr. Circle I Berhampur||EE Bhanjanagar Irrigation Divn Bhanjanagar","O/o CE n BM, RVN Basin, Berhampur",Restoration of Embankment,"6,66,000",Civil Works - Others,,e-BNID-01/ 2021-22,2021_CEBMB_68091_25,Open Tender,Works,Nil,Nil,"665,372",05-Feb-2023,"INR 665,372",NA,NA,Ganjam,Ganjam,,,,,GANJAM,GANJAM
653,Improvement to RFB of river Bodanadi from RD 6796 M to 6980 M near village Kandarsingi.,Bhanjanagar,761126,"CE-BM,RVN Basin,Berhampur||S.E. Southern Irr. Circle I Berhampur||EE Bhanjanagar Irrigation Divn Bhanjanagar","O/o CE n BM, RVN Basin, Berhampur",Restoration of Embankment,"6,38,000",Civil Works - Others,,e-BNID-01/ 2021-22,2021_CEBMB_68091_33,Open Tender,Works,Nil,Nil,"637,918",05-Feb-2023,"INR 637,918",NA,NA,Ganjam,Ganjam,,,,,GANJAM,GANJAM
654,Improvement to RFB of river Bodanadi from RD 6980 M to 7180 M near village Kandarsingi.,Bhanjanagar,761126,"CE-BM,RVN Basin,Berhampur||S.E. Southern Irr. Circle I Berhampur||EE Bhanjanagar Irrigation Divn Bhanjanagar","O/o CE n BM, RVN Basin, Berhampur",Restoration of Embankment,"5,73,000",Civil Works - Others,,e-BNID-01/ 2021-22,2021_CEBMB_68091_48,Open Tender,Works,Nil,Nil,"572,880",26-Feb-2023,"INR 572,880",NA,NA,Ganjam,Ganjam,,,,,GANJAM,GANJAM
655,Improvement to RFB of river Bodanadi from RD 8730 M to 9080 M near village Pandripada.,Bhanjanagar,761126,"CE-BM,RVN Basin,Berhampur||S.E. Southern Irr. Circle I Berhampur||EE Bhanjanagar Irrigation Divn Bhanjanagar","O/o CE n BM, RVN Basin, Berhampur",Restoration of Embankment,"7,10,000",Civil Works - Others,,e-BNID-01/ 2021-22,2021_CEBMB_68091_30,Open Tender,Works,Nil,Nil,"709,635",05-Feb-2023,"INR 709,635",NA,NA,Ganjam,Ganjam,,,,,GANJAM,GANJAM
656,Improvement to RFB of river Bodanadi from RD 9090 M to 9416 M near village Pandiapada,Bhanjanagar,761126,"CE-BM,RVN Basin,Berhampur||S.E. Southern Irr. Circle I Berhampur||EE Bhanjanagar Irrigation Divn Bhanjanagar","O/o CE n BM, RVN Basin, Berhampur",Restoration of Embankment,"7,84,000",Civil Works - Others,,e-BNID-01/ 2021-22,2021_CEBMB_68091_23,Open Tender,Works,Nil,Nil,"783,894",02-Feb-2023,"INR 783,894",NA,NA,Ganjam,Ganjam,,,,,GANJAM,GANJAM
657,Improvement to RFB of river Bodanadi from RD 9420 M to 9730 M near village Pandripada.,Bhanjanagar,761126,"CE-BM,RVN Basin,Berhampur||S.E. Southern Irr. Circle I Berhampur||EE Bhanjanagar Irrigation Divn Bhanjanagar","O/o CE n BM, RVN Basin, Berhampur",Restoration of Embankment,"8,09,000",Civil Works - Others,,e-BNID-01/ 2021-22,2021_CEBMB_68091_28,Open Tender,Works,Nil,Nil,"808,475",05-Feb-2023,"INR 808,475",NA,NA,Ganjam,Ganjam,,,,,GANJAM,GANJAM
658,Improvement to RFB of river Bodanadi from RD 9730 M to 9960 M near village Tentulia.,Bhanjanagar,761126,"CE-BM,RVN Basin,Berhampur||S.E. Southern Irr. Circle I Berhampur||EE Bhanjanagar Irrigation Divn Bhanjanagar","O/o CE n BM, RVN Basin, Berhampur",Restoration of Embankment,"6,14,000",Civil Works - Others,,e-BNID-01/ 2021-22,2021_CEBMB_68091_53,Open Tender,Works,Nil,Nil,"613,226",27-Feb-2023,"INR 613,226",NA,NA,Ganjam,Ganjam,'TENTULIA',JAGANNATHPRASAD,,,GANJAM,GANJAM
659,Improvement to RFB of river Bodanadi near village Kandrasingi.,Bhanjanagar,761126,"CE-BM,RVN Basin,Berhampur||S.E. Southern Irr. Circle I Berhampur||EE Bhanjanagar Irrigation Divn Bhanjanagar","O/o C.E.-B.M, RBVN Basin, Berhampur",Improvement to nalla,"6,37,000",Civil Works - Canal,,e-BNID-02/2022-23,2022_CEBMB_77732_33,Open Tender,Works,Nil,Nil,"643,068",20-Dec-2022,"INR 643,068",NA,NA,Ganjam,Ganjam,,,,,GANJAM,GANJAM
660,Improvement to RFB of river Bodanadi near village Rauti from RD 00 to 300 M.,Bhanjanagar,761126,"CE-BM,RVN Basin,Berhampur||S.E. Southern Irr. Circle I Berhampur||EE Bhanjanagar Irrigation Divn Bhanjanagar","O/o CE n BM, RVN Basin, Berhampur",Restoration of Embankment,"6,75,000",Civil Works - Others,,e-BNID-01/ 2021-22,2021_CEBMB_68091_38,Open Tender,Works,Nil,Nil,"674,141",05-Feb-2023,"INR 674,141",NA,NA,Ganjam,Ganjam,'RAUTI',JAGANNATHPRASAD,,RAUTI,GANJAM,GANJAM
661,Improvement to RFB of River Jorou near village Sarabadi.,Bhanjanagar,761126,"CE-BM,RVN Basin,Berhampur||S.E. Southern Irr. Circle I Berhampur||EE Bhanjanagar Irrigation Divn Bhanjanagar","O/o C.E.-B.M, RBVN Basin, Berhampur",Restoration and protection of River Embankment,"9,66,000",Civil Works - Others,,e-BNID-06/2022-23,2022_CEBMB_79650_14,Open Tender,Works,Nil,Nil,"820,864",31-Dec-2022,"INR 820,864",NA,NA,Ganjam,Ganjam,'SARABADI',SURADA,,SARABADI,GANJAM,GANJAM
662,Improvement to RFB of river Loharakhandi near village Gamundi from RD 2000 M to 2165.20 M.,Bhanjanagar,761126,"CE-BM,RVN Basin,Berhampur||S.E. Southern Irr. Circle I Berhampur||EE Bhanjanagar Irrigation Divn Bhanjanagar","O/o CE n BM, RVN Basin, Berhampur",Restoration of Embankment,"5,72,000",Civil Works - Others,,e-BNID-01/ 2021-22,2021_CEBMB_68091_52,Open Tender,Works,Nil,Nil,"571,343",27-Feb-2023,"INR 571,343",NA,NA,Ganjam,Ganjam,'GAMUNDI',BHANJANAGAR,,,GANJAM,GANJAM
663,Improvement to RFB of River Loharakhandi near village Kushapalli D/S (construction of sluice),Bhanjanagar,761126,"CE-BM,RVN Basin,Berhampur||S.E. Southern Irr. Circle I Berhampur||EE Bhanjanagar Irrigation Divn Bhanjanagar","O/o SE, Bhanjanagar Irr. Division,Bhanjanagar",Improvement to RFB of River Loharakhandi near village Kushapalli D/S (construction of sluice),"9,60,379",Civil Works - Others,,e-BNID-08/2022-23,2022_CEBMB_82808_1,Open Tender,Works,Nil,Nil,"816,418",22-Jan-2023,"INR 816,418",NA,NA,Ganjam,Ganjam,'KUSHAPALLI',JAGANNATHPRASAD,,,GANJAM,GANJAM
664,Improvement to RFB of River Loharakhandi near village Kushapalli U/S(consutruction of sluice),Bhanjanagar,761126,"CE-BM,RVN Basin,Berhampur||S.E. Southern Irr. Circle I Berhampur||EE Bhanjanagar Irrigation Divn Bhanjanagar","SE, BhanjanagarIrr. Divn., Bhanjanagar",Improvement to RFB of River Loharakhandi near village Kushapalli U/S(consutruction of sluice),"9,60,379",Civil Works - Others,,e-BNID-08/2022-23,2022_CEBMB_82808_6,Open Tender,Works,Nil,Nil,"816,418",22-Jan-2023,"INR 816,418",NA,NA,Ganjam,Ganjam,'KUSHAPALLI',JAGANNATHPRASAD,,,GANJAM,GANJAM
665,Improvement to RFB of River Nandini near Chature Project.,Bhanjanagar,761126,"CE-BM,RVN Basin,Berhampur||S.E. Southern Irr. Circle I Berhampur||EE Bhanjanagar Irrigation Divn Bhanjanagar","O/o C.E.-B.M, RBVN Basin, Berhampur",Restoration and protection of River Embankment,"9,99,000",Civil Works - Others,,e-BNID-06/2022-23,2022_CEBMB_79650_42,Open Tender,Works,Nil,Nil,"849,956",05-Jan-2023,"INR 849,956",NA,NA,Ganjam,Ganjam,,,,,GANJAM,GANJAM
666,Improvement to RFB of river Nandini near village Bakilikana.,Bhanjanagar,761126,"CE-BM,RVN Basin,Berhampur||S.E. Southern Irr. Circle I Berhampur||EE Bhanjanagar Irrigation Divn Bhanjanagar","O/o C.E.-B.M, RBVN Basin, Berhampur",Restoration and protection of River Embankment,"11,96,000",Civil Works - Others,,e-BNID-04/2022-23,2022_CEBMB_78504_1,Open Tender,Works,Nil,Nil,"1,016,441",25-Dec-2022,"INR 1,016,441",NA,NA,Ganjam,Ganjam,'BAKILIKANA',SHERAGADA,,,GANJAM,GANJAM
669,Improvement to RFB of river Nandini near village Dengapadar.,Bhanjanagar,761126,"CE-BM,RVN Basin,Berhampur||S.E. Southern Irr. Circle I Berhampur||EE Bhanjanagar Irrigation Divn Bhanjanagar","O/o C.E.-B.M, RBVN Basin, Berhampur",Restoration and protection of River Embankment,"14,43,000",Civil Works - Others,,e-BNID-04/2022-23,2022_CEBMB_78504_2,Open Tender,Works,Nil,Nil,"1,226,678",25-Dec-2022,"INR 1,226,678",NA,NA,Ganjam,Ganjam,'DENGAPADAR',BELLAGUNTHA,,DENGAPADAR,GANJAM,GANJAM
670,Improvement to RFB of river Nandini near village Kirtipur.,Bhanjanagar,761126,"CE-BM,RVN Basin,Berhampur||S.E. Southern Irr. Circle I Berhampur||EE Bhanjanagar Irrigation Divn Bhanjanagar","O/o C.E.-B.M, RVN Basin, Berhampur",Restoration to river Embankment,"18,45,000",Civil Works - Others,,e- BNID-05/ 2021-22,2021_CEBMB_70921_2,Open Tender,Works,Nil,Nil,"1,567,644",29-Mar-2023,"INR 1,567,644",NA,NA,Ganjam,Ganjam,'KIRTIPUR',HINJILICUT,,,GANJAM,GANJAM
672,Improvement to RFB of river of Rushikulya near village Sundarapalli,Bhanjanagar,761126,"CE-BM,RVN Basin,Berhampur||S.E. Southern Irr. Circle I Berhampur||EE Bhanjanagar Irrigation Divn Bhanjanagar","O/o C.E.-B.M, RBVN Basin, Berhampur",Restoration and protection of River Embankment,"18,11,000",Civil Works - Others,,e-BNID-04/2022-23,2022_CEBMB_78504_11,Open Tender,Works,Nil,Nil,"1,539,513",26-Dec-2022,"INR 1,539,513",NA,NA,Ganjam,Ganjam,'SUNDARAPALLI',DHARAKOTE,,,GANJAM,GANJAM
674,Improvement to RFB of River Rushikulya D/S of village Sundarapalli.,Bhanjanagar,761126,"CE-BM,RVN Basin,Berhampur||S.E. Southern Irr. Circle I Berhampur||EE Bhanjanagar Irrigation Divn Bhanjanagar","O/o C.E.-B.M, RBVN Basin, Berhampur",Restoration and protection of River Embankment,"9,74,000",Civil Works - Others,,e-BNID-06/2022-23,2022_CEBMB_79650_18,Open Tender,Works,Nil,Nil,"827,355",31-Dec-2022,"INR 827,355",NA,NA,Ganjam,Ganjam,'SUNDARAPALLI',DHARAKOTE,,,GANJAM,GANJAM
675,Improvement to RFB of River Rushikulya from Kalasandhapur to Cheramaria(road work).,Bhanjanagar,761126,"CE-BM,RVN Basin,Berhampur||S.E. Southern Irr. Circle I Berhampur||EE Bhanjanagar Irrigation Divn Bhanjanagar","O/o C.E.-B.M, RBVN Basin, Berhampur",Restoration and protection of River Embankment,"9,77,000",Civil Works - Others,,e-BNID-06/2022-23,2022_CEBMB_79650_23,Open Tender,Works,Nil,Nil,"830,782",02-Jan-2023,"INR 830,782",NA,NA,Ganjam,Ganjam,"'KALASANDHAPUR', 'CHERAMARIA'",ASKA,,KALASANDHAPUR,GANJAM,GANJAM
676,Improvement to RFB of River Rushikulya near D/S of village Singipur Primary School.,Bhanjanagar,761126,"CE-BM,RVN Basin,Berhampur||S.E. Southern Irr. Circle I Berhampur||EE Bhanjanagar Irrigation Divn Bhanjanagar","O/o C.E.-B.M, RBVN Basin, Berhampur",Restoration and protection of River Embankment,"9,71,000",Civil Works - Others,,e-BNID-06/2022-23,2022_CEBMB_79650_9,Open Tender,Works,Nil,Nil,"825,133",30-Dec-2022,"INR 825,133",NA,NA,Ganjam,Ganjam,'SINGIPUR',JAGANNATHPRASAD,,SINGIPUR,GANJAM,GANJAM
678,Improvement to RFB of River Rushikulya near Stadium U/S of village Kalasandhapur.,Bhanjanagar,761126,"CE-BM,RVN Basin,Berhampur||S.E. Southern Irr. Circle I Berhampur||EE Bhanjanagar Irrigation Divn Bhanjanagar","O/o C.E.-B.M, RBVN Basin, Berhampur",Restoration and protection of River Embankment,"9,71,000",Civil Works - Others,,e-BNID-06/2022-23,2022_CEBMB_79650_19,Open Tender,Works,Nil,Nil,"824,889",02-Jan-2023,"INR 824,889",NA,NA,Ganjam,Ganjam,'KALASANDHAPUR',ASKA,,KALASANDHAPUR,GANJAM,GANJAM
679,Improvement to RFB of river Rushikulya near village Baradabilli.,Bhanjanagar,761126,"CE-BM,RVN Basin,Berhampur||S.E. Southern Irr. Circle I Berhampur||EE Bhanjanagar Irrigation Divn Bhanjanagar","O/o C.E.-B.M, RBVN Basin, Berhampur",Restoration and protection of River Embankment,"13,58,000",Civil Works - Others,,e-BNID-04/2022-23,2022_CEBMB_78504_16,Open Tender,Works,Nil,Nil,"1,154,011",26-Dec-2022,"INR 1,154,011",NA,NA,Ganjam,Ganjam,,,,,GANJAM,GANJAM
680,Improvement to RFB of river Rushikulya near village Cheramaria.,Bhanjanagar,761126,"CE-BM,RVN Basin,Berhampur||S.E. Southern Irr. Circle I Berhampur||EE Bhanjanagar Irrigation Divn Bhanjanagar","O/o C.E.-B.M, RBVN Basin, Berhampur",Restoration and protection of River Embankment,"12,40,000",Civil Works - Others,,e-BNID-04/2022-23,2022_CEBMB_78504_12,Open Tender,Works,Nil,Nil,"1,053,693",26-Dec-2022,"INR 1,053,693",NA,NA,Ganjam,Ganjam,'CHERAMARIA',ASKA,,,GANJAM,GANJAM
681,Improvement to RFB of River Rushikulya near village G. Damodapalli.,Bhanjanagar,761126,"CE-BM,RVN Basin,Berhampur||S.E. Southern Irr. Circle I Berhampur||EE Bhanjanagar Irrigation Divn Bhanjanagar","O/o C.E.-B.M, RBVN Basin, Berhampur",Restoration and protection of River Embankment,"9,74,000",Civil Works - Others,,e-BNID-06/2022-23,2022_CEBMB_79650_21,Open Tender,Works,Nil,Nil,"827,341",02-Jan-2023,"INR 827,341",NA,NA,Ganjam,Ganjam,,,,,GANJAM,GANJAM
682,Improvement to RFB of River Rushikulya near village Hanumandwar.,Bhanjanagar,761126,"CE-BM,RVN Basin,Berhampur||S.E. Southern Irr. Circle I Berhampur||EE Bhanjanagar Irrigation Divn Bhanjanagar","O/o C.E.-B.M, RBVN Basin, Berhampur",Restoration and protection of River Embankment,"9,71,000",Civil Works - Others,,e-BNID-06/2022-23,2022_CEBMB_79650_22,Open Tender,Works,Nil,Nil,"826,281",02-Jan-2023,"INR 826,281",NA,NA,Ganjam,Ganjam,,,,,GANJAM,GANJAM
683,Improvement to RFB of river Rushikulya near village Kalasandhapur,Bhanjanagar,761126,"CE-BM,RVN Basin,Berhampur||S.E. Southern Irr. Circle I Berhampur||EE Bhanjanagar Irrigation Divn Bhanjanagar","O/o C.E.-B.M, RBVN Basin, Berhampur",Restoration and protection of River Embankment,"9,78,000",Civil Works - Others,,e-BNID-04/2022-23,2022_CEBMB_78504_14,Open Tender,Works,Nil,Nil,"830,761",26-Dec-2022,"INR 830,761",NA,NA,Ganjam,Ganjam,'KALASANDHAPUR',ASKA,,KALASANDHAPUR,GANJAM,GANJAM
684,Improvement to RFB of river Rushikulya near village Mundamarai.,Bhanjanagar,761126,"CE-BM,RVN Basin,Berhampur||S.E. Southern Irr. Circle I Berhampur||EE Bhanjanagar Irrigation Divn Bhanjanagar","O/o C.E.-B.M, RBVN Basin, Berhampur",Restoration and protection of River Embankment,"13,89,000",Civil Works - Others,,e-BNID-04/2022-23,2022_CEBMB_78504_17,Open Tender,Works,Nil,Nil,"1,180,656",26-Dec-2022,"INR 1,180,656",NA,NA,Ganjam,Ganjam,'MUNDAMARAI',DHARAKOTE,,MUNDAMARAI,GANJAM,GANJAM
686,Improvement to RFB of river Rushikulya near village Pankalabadi.,Bhanjanagar,761126,"CE-BM,RVN Basin,Berhampur||S.E. Southern Irr. Circle I Berhampur||EE Bhanjanagar Irrigation Divn Bhanjanagar","O/o C.E.-B.M, RBVN Basin, Berhampur",Restoration and protection of River Embankment,"9,77,000",Civil Works - Others,,e-BNID-04/2022-23,2022_CEBMB_78504_13,Open Tender,Works,Nil,Nil,"829,801",26-Dec-2022,"INR 829,801",NA,NA,Ganjam,Ganjam,'PANKALABADI',BUGUDA,,,GANJAM,GANJAM
687,Improvement to RFB of River Rushikulya near village Podapalli.,Bhanjanagar,761126,"CE-BM,RVN Basin,Berhampur||S.E. Southern Irr. Circle I Berhampur||EE Bhanjanagar Irrigation Divn Bhanjanagar","O/o C.E.-B.M, RBVN Basin, Berhampur",Restoration and protection of River Embankment,"9,72,000",Civil Works - Others,,e-BNID-06/2022-23,2022_CEBMB_79650_17,Open Tender,Works,Nil,Nil,"826,204",31-Dec-2022,"INR 826,204",NA,NA,Ganjam,Ganjam,,,,,GANJAM,GANJAM
688,Improvement to RFB of river Rushikulya near village Pudugeswarapalli.,Bhanjanagar,761126,"CE-BM,RVN Basin,Berhampur||S.E. Southern Irr. Circle I Berhampur||EE Bhanjanagar Irrigation Divn Bhanjanagar","O/o C.E.-B.M, RBVN Basin, Berhampur",Restoration and protection of River Embankment,"15,66,000",Civil Works - Others,,e-BNID-04/2022-23,2022_CEBMB_78504_19,Open Tender,Works,Nil,Nil,"1,330,859",26-Dec-2022,"INR 1,330,859",NA,NA,Ganjam,Ganjam,,,,,GANJAM,GANJAM
689,Improvement to RFB of River Rushikulya near village Sunapalli.,Bhanjanagar,761126,"CE-BM,RVN Basin,Berhampur||S.E. Southern Irr. Circle I Berhampur||EE Bhanjanagar Irrigation Divn Bhanjanagar","O/o C.E.-B.M, RBVN Basin, Berhampur",Restoration and protection of River Embankment,"9,74,000",Civil Works - Others,,e-BNID-06/2022-23,2022_CEBMB_79650_20,Open Tender,Works,Nil,Nil,"827,569",02-Jan-2023,"INR 827,569",NA,NA,Ganjam,Ganjam,'SUNAPALLI',ASKA,,SUNAPALLI,GANJAM,GANJAM
690,Improvement to RFB of River Rushikulya near village Suramani Patna.,Bhanjanagar,761126,"CE-BM,RVN Basin,Berhampur||S.E. Southern Irr. Circle I Berhampur||EE Bhanjanagar Irrigation Divn Bhanjanagar","O/o C.E.-B.M, RBVN Basin, Berhampur",Restoration and protection of River Embankment,"9,66,000",Civil Works - Others,,e-BNID-06/2022-23,2022_CEBMB_79650_12,Open Tender,Works,Nil,Nil,"820,678",31-Dec-2022,"INR 820,678",NA,NA,Ganjam,Ganjam,'SURAMANI',BELLAGUNTHA,,SURAMANI,GANJAM,GANJAM
691,Improvement to RFB of River Rushikulya near village Talapatana.,Bhanjanagar,761126,"CE-BM,RVN Basin,Berhampur||S.E. Southern Irr. Circle I Berhampur||EE Bhanjanagar Irrigation Divn Bhanjanagar","O/o C.E.-B.M, RBVN Basin, Berhampur",Restoration and protection of River Embankment,"9,78,000",Civil Works - Others,,e-BNID-06/2022-23,2022_CEBMB_79650_15,Open Tender,Works,Nil,Nil,"830,833",31-Dec-2022,"INR 830,833",NA,NA,Ganjam,Ganjam,,,,,GANJAM,GANJAM
692,Improvement to RFB of River Rushikulya near village Thakurani Temple of Bharatpalli.,Bhanjanagar,761126,"CE-BM,RVN Basin,Berhampur||S.E. Southern Irr. Circle I Berhampur||EE Bhanjanagar Irrigation Divn Bhanjanagar","O/o C.E.-B.M, RBVN Basin, Berhampur",Restoration and protection of River Embankment,"9,65,000",Civil Works - Others,,e-BNID-06/2022-23,2022_CEBMB_79650_16,Open Tender,Works,Nil,Nil,"819,949",31-Dec-2022,"INR 819,949",NA,NA,Ganjam,Ganjam,,,,,GANJAM,GANJAM
693,Improvement to right bank of river Nandini near village Khaspa.,Bhanjanagar,761126,"CE-BM,RVN Basin,Berhampur||S.E. Southern Irr. Circle I Berhampur||EE Bhanjanagar Irrigation Divn Bhanjanagar","O/o C.E.-B.M, RBVN Basin, Berhampur",Restoration and protection of River Embankment,"15,05,000",Civil Works - Others,,e-BNID-04/2022-23,2022_CEBMB_78504_3,Open Tender,Works,Nil,Nil,"1,279,061",25-Dec-2022,"INR 1,279,061",NA,NA,Ganjam,Ganjam,'KHASPA',SHERAGADA,,,GANJAM,GANJAM
697,"Improvement to right minor from RD 2000 M to 2600 m, Centre minor from RD 1800 M to 2500 M and from RD 1850 M to 2850 M of left minor of Daha Irrigation Project (Center Minor).",Bhanjanagar,761126,"CE-BM,RVN Basin,Berhampur||S.E. Southern Irr. Circle I Berhampur||EE Bhanjanagar Irrigation Divn Bhanjanagar","O/o CE n BM, RVN Basin, Berhampur",Restoration of Embankment,"6,22,000",Civil Works - Others,,e-BNID-01/ 2021-22,2021_CEBMB_68091_69,Open Tender,Works,Nil,Nil,"590,297",13-Mar-2023,"INR 590,297",NA,NA,Ganjam,Ganjam,,,,,GANJAM,GANJAM
698,Improvement to River Mouth of Bahada Nalla near Haripur and Bahana Nalla near Markandi under Gopalpur Constituency. (Through Dredging).,"Gopalpur, Ganjam",751012,"CE,Drainage,Cuttack||SE Drainage Circle Bhubaneswar","O/o the Addl. Chief Engineer, Drainage Circle, Bhu",Desilting by Dredging,"7,00,04,164",Civil Works - Others,,SEDC-BBSR/DD-BAM-34/2021-22,2021_CEDC_74799_1,Open Tender,Works,Nil,Nil,"59,510,540",30-Jun-2022,"INR 59,510,540",NA,Ganjam,Ganjam,Ganjam,"'GOPALPUR', 'HARIPUR'",JAGANNATHPRASAD,,Markandi,GANJAM,GANJAM
703,Improvement to Sanakodanda S/M II from RD 100 M to 600 M and from RD 1560 M to 2150 M of Chadhiapalli minor of Daha Irrigation Project (Sanakodanda Sub-minor II).,Bhanjanagar,761126,"CE-BM,RVN Basin,Berhampur||S.E. Southern Irr. Circle I Berhampur||EE Bhanjanagar Irrigation Divn Bhanjanagar","O/o CE n BM, RVN Basin, Berhampur",Restoration of Embankment,"7,73,000",Civil Works - Others,,e-BNID-01/ 2021-22,2021_CEBMB_68091_60,Open Tender,Works,Nil,Nil,"772,128",28-Feb-2023,"INR 772,128",NA,NA,Ganjam,Ganjam,"'SANAKODANDA', 'CHADHIAPALLI'",BELLAGUNTHA,,SANAKODANDA,GANJAM,GANJAM
704,Improvement to Sapua nalla and its structures under Gopalpur Assembly Constituency of Ganjam District.,Rangeilunda and Kukudakahndi,751012,"CE,Drainage,Cuttack||SE Drainage Circle Bhubaneswar","O/o the Addl. Chief Engineer, Drainage Circle, Bhu","Earthwork, Cement Concrete, Reinforced Cement Concrete and RR Stone Works","1,92,40,029",Civil Works - Others,,ACEDC-BBSR/DD-BAM-12/2022-23,2022_CEDC_81794_1,Open Tender,Works,Nil,Nil,"16,355,949",28-Nov-2022,"INR 16,355,949",NA,Ganjam,NA,Ganjam,"'GOPALPUR', 'GANJAM'",GANJAM,,,GANJAM,GANJAM
707,Improvement to service bank of No-2 Distributary at RD 14.00 Km to 15.00 Km.,Bhanjanagar,761126,"CE-BM,RVN Basin,Berhampur||S.E. Southern Irr. Circle I Berhampur||EE Bhanjanagar Irrigation Divn Bhanjanagar","O/o C.E.-B.M, RBVN Basin, Berhampur",Restoration and protection of River Embankment,"9,95,000",Civil Works - Others,,e-BNID-06/2022-23,2022_CEBMB_79650_36,Open Tender,Works,Nil,Nil,"827,599",03-Jan-2023,"INR 827,599",NA,NA,Ganjam,Ganjam,,,,,GANJAM,GANJAM
708,Improvement to service bank on LFB of river Ghodahada from Pump House to NH-59.,Bhanjanagar,761126,"CE-BM,RVN Basin,Berhampur||S.E. Southern Irr. Circle I Berhampur||EE Bhanjanagar Irrigation Divn Bhanjanagar","O/o CE n BM, RVN Basin, Berhampur",Improvement to service bank,"5,22,000",Civil Works - Canal,,e- BNID-04/ 2021-22,2021_CEBMB_70513_7,Open Tender,Works,Nil,Nil,"443,304",29-Mar-2023,"INR 443,304",NA,NA,Ganjam,Ganjam,,,,,GANJAM,GANJAM
712,"Improvement to Service Road of Masania Distributary from RD 4705m to RD 5005m, Digimuhinbatia minor from RD 810m to RD 1010m, Manika minor from RD 500m to RD 955m, Dharsa nalla road from RD 00m to RD 2000m, Gangadehuni minor from RD00m to RD 1600m",Hinjili,761102,"CE-BM,RVN Basin,Berhampur||S.E. Southern Irr. Circle I Berhampur","O/o the Additional CE, RB Basin, Berhampur","Improvement to Service Road of Masania Distributary from RD 4705m to RD 5005m, Digimuhinbatia minor from RD 810m to RD 1010m, Manika minor from RD 500m to RD 955m, Dharsa nalla road from RD 00m to RD 2000m, Gangadehuni minor from RD 00m to RD 1600m","4,29,89,318",Civil Works - Others,,"ACE,RBB-29/2022-23",2022_CEBMB_83098_3,National Competitive Bid,Works,Nil,Nil,"36,545,219.31",07-Jan-2023,"INR 36,545,219",NA,NA,Ganjam,Ganjam,,,,,GANJAM,GANJAM
716,Improvement to Tailweir of Baliapatta.,Bhanjanagar,761126,"CE-BM,RVN Basin,Berhampur||S.E. Southern Irr. Circle I Berhampur||EE Bhanjanagar Irrigation Divn Bhanjanagar","O/o C.E.-B.M, RBVN Basin, Berhampur",Restoration and protection of River Embankment,"11,61,000",Civil Works - Others,,e-BNID-05/2022-23,2022_CEBMB_79197_21,Open Tender,Works,Nil,Nil,"989,250",29-Dec-2022,"INR 989,250",NA,NA,Ganjam,Ganjam,'BALIAPATTA',BHANJANAGAR,,,GANJAM,GANJAM
753,mprovement to RFB of Batanalla from RD 3850 M to 4150 M.,Bhanjanagar,761126,"CE-BM,RVN Basin,Berhampur||S.E. Southern Irr. Circle I Berhampur||EE Bhanjanagar Irrigation Divn Bhanjanagar","O/o C.E.-B.M, RBVN Basin, Berhampur",Improvement to nalla,"6,52,000",Civil Works - Canal,,e-BNID-02/2022-23,2022_CEBMB_77732_27,Open Tender,Works,Nil,Nil,"651,081",20-Dec-2022,"INR 651,081",NA,NA,Ganjam,Ganjam,,,,,GANJAM,GANJAM
772,Protection LFB of River Rushikulya near village Brahmanachhai.,Bhanjanagar,761126,"CE-BM,RVN Basin,Berhampur||S.E. Southern Irr. Circle I Berhampur||EE Bhanjanagar Irrigation Divn Bhanjanagar","O/o C.E.-B.M, RBVN Basin, Berhampur",Restoration and protection of River Embankment,"19,98,000",Civil Works - Others,,e-BNID-06/2022-23,2022_CEBMB_79650_33,Open Tender,Works,Nil,Nil,"1,698,537",03-Jan-2023,"INR 1,698,537",NA,NA,Ganjam,Ganjam,'BRAHMANACHHAI',HINJILICUT,,,GANJAM,GANJAM
774,Protection to both banks of river Sananadi from village Barakuda to Rangameru stone packing and lunching,Bhanjanagar,761126,"CE-BM,RVN Basin,Berhampur||S.E. Southern Irr. Circle I Berhampur||EE Bhanjanagar Irrigation Divn Bhanjanagar","SE, BhanjanagarIrr. Divn., Bhanjanagar",Protection to both banks of river Sananadi from village Barakuda to Rangameru stone packing and lunching,"12,48,600",Civil Works - Others,,e-BNID-08/2022-23,2022_CEBMB_82808_12,Open Tender,Works,Nil,Nil,"1,248,600",23-Jan-2023,"INR 1,248,600",NA,NA,Ganjam,Ganjam,'RANGAMERU',BHANJANAGAR,,,GANJAM,GANJAM
782,Protection to left bank of river Rushikulya from RD 14.40Km. to 15.50Km near Purushottampur NAC .,Purusottampur,761018,"CE-BM,RVN Basin,Berhampur||S.E. Southern Irr. Circle I Berhampur","O/o Additional CE, RB Basin, Berhampur",Protection to left bank of river Rushikulya from RD 14.40Km. to 15.50Km near Purushottampur NAC .,"5,40,70,782",Civil Works - Others,,"ACE,RBB-20/2022-23",2022_CEBMB_81568_3,National Competitive Bid,Works,Nil,Nil,"45,965,571.35",21-Dec-2022,"INR 45,965,571",NA,NA,Ganjam,Ganjam,,PURUSHOTTAMPUR,,,PURUSHOTTAMPUR,PURUSHOTTAMPUR
784,Protection to left side of river Badanadi of village Domuhani near Masanisahi,Bhanjanagar,761126,"CE-BM,RVN Basin,Berhampur||S.E. Southern Irr. Circle I Berhampur||EE Bhanjanagar Irrigation Divn Bhanjanagar","O/o SE, Bhanjanagar Irr. Divn.",Protection to left side of river Badanadi of village Domuhani near Masanisahi,"26,26,014",Civil Works - Others,,BNID-09/2022-23,2022_CEBMB_83464_3,Open Tender,Works,Nil,Nil,"2,447,230",01-Feb-2023,"INR 2,447,230",NA,NA,Ganjam,Ganjam,'DOMUHANI',BHANJANAGAR,,DOMUHANI,PURUSHOTTAMPUR,PURUSHOTTAMPUR
785,Protection to LFB of rive Sananadi from village Ranikiari to Jhaliagocha (stone packing),Bhanjanagar,761126,"CE-BM,RVN Basin,Berhampur||S.E. Southern Irr. Circle I Berhampur||EE Bhanjanagar Irrigation Divn Bhanjanagar","SE, BhanjanagarIrr. Divn., Bhanjanagar",Protection to LFB of rive Sananadi from village Ranikiari to Jhaliagocha (stone packing),"17,14,955",Civil Works - Others,,e-BNID-08/2022-23,2022_CEBMB_82808_11,Open Tender,Works,Nil,Nil,"1,629,379",23-Jan-2023,"INR 1,629,379",NA,NA,Ganjam,Ganjam,'RANIKIARI',BHANJANAGAR,,,PURUSHOTTAMPUR,PURUSHOTTAMPUR
786,Protection to LFB of River Ghodahada near village Mihirakana.,Bhanjanagar,761126,"CE-BM,RVN Basin,Berhampur||S.E. Southern Irr. Circle I Berhampur||EE Bhanjanagar Irrigation Divn Bhanjanagar","O/o C.E.-B.M, RBVN Basin, Berhampur",Restoration and protection of River Embankment,"19,84,000",Civil Works - Others,,e-BNID-06/2022-23,2022_CEBMB_79650_26,Open Tender,Works,Nil,Nil,"1,686,099",02-Jan-2023,"INR 1,686,099",NA,NA,Ganjam,Ganjam,,,,,PURUSHOTTAMPUR,PURUSHOTTAMPUR
787,Protection to LFB of River Ghodahada near village Naibandha.,Bhanjanagar,761126,"CE-BM,RVN Basin,Berhampur||S.E. Southern Irr. Circle I Berhampur||EE Bhanjanagar Irrigation Divn Bhanjanagar","O/o C.E.-B.M, RBVN Basin, Berhampur",Restoration and protection of River Embankment,"9,54,000",Civil Works - Others,,e-BNID-06/2022-23,2022_CEBMB_79650_24,Open Tender,Works,Nil,Nil,"801,219",02-Jan-2023,"INR 801,219",NA,NA,Ganjam,Ganjam,,,,,PURUSHOTTAMPUR,PURUSHOTTAMPUR
788,Protection to LFB of River Nandini near village Baliarasingpur.,Bhanjanagar,761126,"CE-BM,RVN Basin,Berhampur||S.E. Southern Irr. Circle I Berhampur||EE Bhanjanagar Irrigation Divn Bhanjanagar","O/o C.E.-B.M, RBVN Basin, Berhampur",Restoration and protection of River Embankment,"9,98,000",Civil Works - Others,,e-BNID-06/2022-23,2022_CEBMB_79650_27,Open Tender,Works,Nil,Nil,"848,230",02-Jan-2023,"INR 848,230",NA,NA,Ganjam,Ganjam,,,,,PURUSHOTTAMPUR,PURUSHOTTAMPUR
789,Protection to LFB of River Nandini near village Kurula.,Bhanjanagar,761126,"CE-BM,RVN Basin,Berhampur||S.E. Southern Irr. Circle I Berhampur||EE Bhanjanagar Irrigation Divn Bhanjanagar","O/o C.E.-B.M, RBVN Basin, Berhampur",Restoration and protection of River Embankment,"13,20,000",Civil Works - Others,,e-BNID-06/2022-23,2022_CEBMB_79650_31,Open Tender,Works,Nil,Nil,"1,114,736",03-Jan-2023,"INR 1,114,736",NA,NA,Ganjam,Ganjam,,,,KURULA,PURUSHOTTAMPUR,PURUSHOTTAMPUR
790,Protection to LFB of river Rushikulya at its outfall point into Bay of Bengal near historical fort Potagada.,Ganjam,761026,"CE-BM,RVN Basin,Berhampur||S.E. Southern Irr. Circle I Berhampur","O/o the Additional CE, RB Basin, Berhampur",Protection to LFB of river Rushikulya at its outfall point into Bay of Bengal near historical fort Potagada.,"6,10,69,004",Civil Works - Others,,"ACE,RBB-10/2022-23",2022_CEBMB_80085_1,National Competitive Bid,Works,Nil,Nil,"51,914,759.94",07-Dec-2022,"INR 51,914,760",NA,NA,Ganjam,Ganjam,,,,,PURUSHOTTAMPUR,PURUSHOTTAMPUR
791,Protection to LFB of river Sananadi from RD 9000 M to 13170 M(stone work for lunching).,Bhanjanagar,761126,"CE-BM,RVN Basin,Berhampur||S.E. Southern Irr. Circle I Berhampur||EE Bhanjanagar Irrigation Divn Bhanjanagar","O/o C.E.-B.M, RBVN Basin, Berhampur",Restoration and protection of River Embankment,"15,01,000",Civil Works - Others,,e-BNID-07/2022-23,2022_CEBMB_81071_1,Open Tender,Works,Nil,Nil,"1,500,477",10-Jan-2023,"INR 1,500,477",NA,NA,Ganjam,Ganjam,,,,,PURUSHOTTAMPUR,PURUSHOTTAMPUR
792,Protection to RFB of river Badanadi near village Ambapua,Bhanjanagar,761126,"CE-BM,RVN Basin,Berhampur||S.E. Southern Irr. Circle I Berhampur||EE Bhanjanagar Irrigation Divn Bhanjanagar","SE, BhanjanagarIrr. Divn., Bhanjanagar",Protection to RFB of river Badanadi near village Ambapua,"8,37,571",Civil Works - Others,,e-BNID-08/2022-23,2022_CEBMB_82808_19,Open Tender,Works,Nil,Nil,"712,019",23-Jan-2023,"INR 712,019",NA,NA,Ganjam,Ganjam,'AMBAPUA',BELLAGUNTHA,,AMBAPUA,PURUSHOTTAMPUR,PURUSHOTTAMPUR
793,Protection to RFB of river Badanadi near village Bangarada,Bhanjanagar,761126,"CE-BM,RVN Basin,Berhampur||S.E. Southern Irr. Circle I Berhampur||EE Bhanjanagar Irrigation Divn Bhanjanagar","SE, BhanjanagarIrr. Divn., Bhanjanagar",Protection to RFB of river Badanadi near village Bangarada,"8,31,369",Civil Works - Others,,e-BNID-08/2022-23,2022_CEBMB_82808_20,Open Tender,Works,Nil,Nil,"706,474",23-Jan-2023,"INR 706,474",NA,NA,Ganjam,Ganjam,'BANGARADA',SANAKHEMUNDI,,BANGARADA,PURUSHOTTAMPUR,PURUSHOTTAMPUR
794,Protection to RFB of river Badanadi near village Panasapalli.,Bhanjanagar,761126,"CE-BM,RVN Basin,Berhampur||S.E. Southern Irr. Circle I Berhampur||EE Bhanjanagar Irrigation Divn Bhanjanagar","SE, BhanjanagarIrr. Divn., Bhanjanagar",Protection to RFB of river Badanadi near village Panasapalli.,"8,38,993",Civil Works - Others,,e-BNID-08/2022-23,2022_CEBMB_82808_22,Open Tender,Works,Nil,Nil,"713,228",23-Jan-2023,"INR 713,228",NA,NA,Ganjam,Ganjam,,,,,PURUSHOTTAMPUR,PURUSHOTTAMPUR
795,Protection to RFB of River Nandini near village Baisipala.,Bhanjanagar,761126,"CE-BM,RVN Basin,Berhampur||S.E. Southern Irr. Circle I Berhampur||EE Bhanjanagar Irrigation Divn Bhanjanagar","O/o C.E.-B.M, RBVN Basin, Berhampur",Restoration and protection of River Embankment,"9,98,000",Civil Works - Others,,e-BNID-06/2022-23,2022_CEBMB_79650_29,Open Tender,Works,Nil,Nil,"847,940",03-Jan-2023,"INR 847,940",NA,NA,Ganjam,Ganjam,,,,,PURUSHOTTAMPUR,PURUSHOTTAMPUR
796,Protection to RFB of River Nandini near village Kachakhandi.,Bhanjanagar,761126,"CE-BM,RVN Basin,Berhampur||S.E. Southern Irr. Circle I Berhampur||EE Bhanjanagar Irrigation Divn Bhanjanagar","O/o C.E.-B.M, RBVN Basin, Berhampur",Restoration and protection of River Embankment,"9,96,000",Civil Works - Others,,e-BNID-06/2022-23,2022_CEBMB_79650_30,Open Tender,Works,Nil,Nil,"843,085",03-Jan-2023,"INR 843,085",NA,NA,Ganjam,Ganjam,,,,,PURUSHOTTAMPUR,PURUSHOTTAMPUR
797,Protection to RFB of river Nandini near village Karadakana.,Bhanjanagar,761126,"CE-BM,RVN Basin,Berhampur||S.E. Southern Irr. Circle I Berhampur||EE Bhanjanagar Irrigation Divn Bhanjanagar","O/o C.E.-B.M, RBVN Basin, Berhampur",Restoration and protection of River Embankment,"9,54,000",Civil Works - Others,,e-BNID-06/2022-23,2022_CEBMB_79650_25,Open Tender,Works,Nil,Nil,"801,219",02-Jan-2023,"INR 801,219",NA,NA,Ganjam,Ganjam,,,,KARADAKANA,PURUSHOTTAMPUR,PURUSHOTTAMPUR
798,Protection to RFB of River Nandini near village Krushnachai G.P office.,Bhanjanagar,761126,"CE-BM,RVN Basin,Berhampur||S.E. Southern Irr. Circle I Berhampur||EE Bhanjanagar Irrigation Divn Bhanjanagar","O/o C.E.-B.M, RBVN Basin, Berhampur",Restoration and protection of River Embankment,"9,97,000",Civil Works - Others,,e-BNID-06/2022-23,2022_CEBMB_79650_28,Open Tender,Works,Nil,Nil,"846,703",02-Jan-2023,"INR 846,703",NA,NA,Ganjam,Ganjam,,,,KRUSHNACHAI,PURUSHOTTAMPUR,PURUSHOTTAMPUR
819,Providing a bathing ghat in LFB of river Rushikulya near village Palligravyard.,Bhanjanagar,761126,"CE-BM,RVN Basin,Berhampur||S.E. Southern Irr. Circle I Berhampur||EE Bhanjanagar Irrigation Divn Bhanjanagar","O/o C.E.-B.M, RBVN Basin, Berhampur",Restoration and protection of River Embankment,"5,22,000",Civil Works - Others,,e-BNID-04/2022-23,2022_CEBMB_78504_23,Open Tender,Works,Nil,Nil,"443,708",26-Dec-2022,"INR 443,708",NA,NA,Ganjam,Ganjam,,,,,PURUSHOTTAMPUR,PURUSHOTTAMPUR
820,Providing a bathing step in LFB of river Ghodahada near village Kurula.,Bhanjanagar,761126,"CE-BM,RVN Basin,Berhampur||S.E. Southern Irr. Circle I Berhampur||EE Bhanjanagar Irrigation Divn Bhanjanagar","O/o C.E.-B.M, RBVN Basin, Berhampur",Restoration and protection of River Embankment,"6,36,000",Civil Works - Others,,e-BNID-04/2022-23,2022_CEBMB_78504_26,Open Tender,Works,Nil,Nil,"436,766",26-Dec-2022,"INR 436,766",NA,NA,Ganjam,Ganjam,,,,KURULA,PURUSHOTTAMPUR,PURUSHOTTAMPUR
821,Providing a bathing step on LFB of river Badanadi near village Kujiverada,Bhanjanagar,761126,"CE-BM,RVN Basin,Berhampur||S.E. Southern Irr. Circle I Berhampur||EE Bhanjanagar Irrigation Divn Bhanjanagar",Bhanjanagar,Providing a bathing step on LFB of river Badanadi near village Kujiverada,"6,08,161",Civil Works - Others,,e-BNID-08/2022-23,2022_CEBMB_82808_2,Open Tender,Works,Nil,Nil,"608,161",22-Jan-2023,"INR 608,161",NA,NA,Ganjam,Ganjam,,,,,PURUSHOTTAMPUR,PURUSHOTTAMPUR
822,Providing Bathing Ghat in LFB of River Nandini near village Baramundali.,Bhanjanagar,761126,"CE-BM,RVN Basin,Berhampur||S.E. Southern Irr. Circle I Berhampur||EE Bhanjanagar Irrigation Divn Bhanjanagar","O/o C.E.-B.M, RBVN Basin, Berhampur",Restoration and protection of River Embankment,"4,18,000",Civil Works - Others,,e-BNID-06/2022-23,2022_CEBMB_79650_38,Open Tender,Works,Nil,Nil,"405,888",04-Jan-2023,"INR 405,888",NA,NA,Ganjam,Ganjam,'BARAMUNDALI',DHARAKOTE,,,PURUSHOTTAMPUR,PURUSHOTTAMPUR
823,Providing Bathing Ghat in LFB of River Nandini near village Sheragada near Kalimandira.,Bhanjanagar,761126,"CE-BM,RVN Basin,Berhampur||S.E. Southern Irr. Circle I Berhampur||EE Bhanjanagar Irrigation Divn Bhanjanagar","O/o C.E.-B.M, RBVN Basin, Berhampur",Restoration and protection of River Embankment,"4,17,000",Civil Works - Others,,e-BNID-06/2022-23,2022_CEBMB_79650_40,Open Tender,Works,Nil,Nil,"404,815",04-Jan-2023,"INR 404,815",NA,NA,Ganjam,Ganjam,'SHERAGADA',SHERAGADA,,,SHERAGADA,SHERAGADA
824,Providing Bathing Ghat in LFB of River Nandini near village Shergada.,Bhanjanagar,761126,"CE-BM,RVN Basin,Berhampur||S.E. Southern Irr. Circle I Berhampur||EE Bhanjanagar Irrigation Divn Bhanjanagar","O/o C.E.-B.M, RBVN Basin, Berhampur",Restoration and protection of River Embankment,"4,17,000",Civil Works - Others,,e-BNID-06/2022-23,2022_CEBMB_79650_39,Open Tender,Works,Nil,Nil,"404,815",04-Jan-2023,"INR 404,815",NA,NA,Ganjam,Ganjam,,,,,SHERAGADA,SHERAGADA
826,Providing Bathing Ghat in RFB of River Rushikulya near Ramani Sahi Pitala.,Bhanjanagar,761126,"CE-BM,RVN Basin,Berhampur||S.E. Southern Irr. Circle I Berhampur||EE Bhanjanagar Irrigation Divn Bhanjanagar","O/o C.E.-B.M, RBVN Basin, Berhampur",Restoration and protection of River Embankment,"4,15,000",Civil Works - Others,,e-BNID-06/2022-23,2022_CEBMB_79650_41,Open Tender,Works,Nil,Nil,"403,184",05-Jan-2023,"INR 403,184",NA,NA,Ganjam,Ganjam,'PITALA',HINJILICUT,,PITALA,SHERAGADA,SHERAGADA
827,Providing culvert at RD 18.20 Km of No-II Distributary.,Bhanjanagar,761126,"CE-BM,RVN Basin,Berhampur||S.E. Southern Irr. Circle I Berhampur||EE Bhanjanagar Irrigation Divn Bhanjanagar","O/o C.E.-B.M, RBVN Basin, Berhampur",Restoration and protection of canal,"4,42,000",Civil Works - Canal,,e-BNID-06/2022-23,2022_CEBMB_79650_48,Open Tender,Works,Nil,Nil,"369,761",09-Jan-2023,"INR 369,761",NA,NA,Ganjam,Ganjam,,,,,SHERAGADA,SHERAGADA
828,Providing flood protection embankment on right bank of river Rushikulya from village Badamadhapur to Nuapalli.,Chhatrapur,761020,"CE-BM,RVN Basin,Berhampur||S.E. Southern Irr. Circle I Berhampur","O/o the Additional CE, RB Basin, Berhampur",Providing flood protection embankment on right bank of river Rushikulya from village Badamadhapur to Nuapalli.,"4,95,54,566",Civil Works - Others,,"ACE,RBB-08/2022-23",2022_CEBMB_78817_2,National Competitive Bid,Works,Nil,Nil,"42,126,336.81",01-Jan-2023,"INR 42,126,337",NA,NA,Ganjam,Ganjam,"'BADAMADHAPUR', 'NUAPALLI'",BUGUDA,,,SHERAGADA,SHERAGADA
829,Providing flood protection work on left bank of river Rushikulya from RD 39.200 Km to 40.100 Km near village Damodarapur in Ganjam Block of Ganjam District.,Ganjam,761026,"CE-BM,RVN Basin,Berhampur||S.E. Southern Irr. Circle I Berhampur","O/o the Additional CE, RB Basin, Berhampur",Providing flood protection work on left bank of river Rushikulya from RD 39.200 Km to 40.100 Km near village Damodarapur in Ganjam Block of Ganjam District.,"2,08,95,470",Civil Works - Others,,"ACE,RBB-08/2022-23",2022_CEBMB_78817_3,National Competitive Bid,Works,Nil,Nil,"17,763,239.22",01-Jan-2023,"INR 17,763,239",NA,Ganjam,Ganjam,Ganjam,'GANJAM',GANJAM,,,GANJAM,GANJAM
830,Providing flood protection work on right bank of river Ghodahada from RD 13.10 Km to 14.20 Km from village Laxmipur to Khairabethi in Sheragada Block of Ganjam District.,Digapahandi,761012,"CE-BM,RVN Basin,Berhampur||S.E. Southern Irr. Circle I Berhampur","O/o the Additional CE, RB Basin, Berhampur",Providing flood protection work on right bank of river Ghodahada from RD 13.10 Km to 14.20 Km from village Laxmipur to Khairabethi in Sheragada Block of Ganjam District.,"2,44,56,278",Civil Works - Others,,"ACE,RBB-10/2022-23",2022_CEBMB_80085_3,National Competitive Bid,Works,Nil,Nil,"20,790,282",25-Dec-2022,"INR 20,790,282",NA,Ganjam,Ganjam,Ganjam,"'GANJAM', 'SHERAGADA'",GANJAM,,LAXMIPUR,GANJAM,GANJAM
831,Providing flood protection work on right bank of river Ghodahada near village Dudurapadar in Sanakhemundi Block of Ganjam District.,Digapahandi,761012,"CE-BM,RVN Basin,Berhampur||S.E. Southern Irr. Circle I Berhampur","O/o the Additional CE, RB Basin, Berhampur",Providing flood protection work on right bank of river Ghodahada near village Dudurapadar in Sanakhemundi Block of Ganjam District.,"3,17,01,140",Civil Works - Others,,"ACE,RBB-27/2022-23",2022_CEBMB_82428_1,National Competitive Bid,Works,Nil,Nil,"26,949,138.99",06-Dec-2022,"INR 26,949,139",NA,Ganjam,Ganjam,Ganjam,'GANJAM',SANAKHEMUNDI,,,SANAKHEMUNDI,SANAKHEMUNDI
834,Providing two nos of bathing ghats in Aska NAC word no-8.,Bhanjanagar,761126,"CE-BM,RVN Basin,Berhampur||S.E. Southern Irr. Circle I Berhampur||EE Bhanjanagar Irrigation Divn Bhanjanagar","O/o C.E.-B.M, RBVN Basin, Berhampur",Restoration and protection of River Embankment,"7,89,000",Civil Works - Others,,e-BNID-04/2022-23,2022_CEBMB_78504_22,Open Tender,Works,Nil,Nil,"670,300",26-Dec-2022,"INR 670,300",NA,NA,Ganjam,Ganjam,,ASKA,,,ASKA,ASKA
836,Provision of drainage sluice in LFB of river Ghodahada near village Adapada.,Bhanjanagar,761126,"CE-BM,RVN Basin,Berhampur||S.E. Southern Irr. Circle I Berhampur||EE Bhanjanagar Irrigation Divn Bhanjanagar","O/o C.E.-B.M, RBVN Basin, Berhampur",Restoration and protection of River Embankment,"9,76,000",Civil Works - Others,,e-BNID-04/2022-23,2022_CEBMB_78504_24,Open Tender,Works,Nil,Nil,"829,417",26-Dec-2022,"INR 829,417",NA,NA,Ganjam,Ganjam,,,,ADAPADA,ASKA,ASKA
840,Raising and Strengthening to LFB of river Bodanadi near D/S of village Chamunda Bridge.,Bhanjanagar,761126,"CE-BM,RVN Basin,Berhampur||S.E. Southern Irr. Circle I Berhampur||EE Bhanjanagar Irrigation Divn Bhanjanagar","O/o C.E.-B.M, RBVN Basin, Berhampur",Improvement to flood embankment,"5,85,000",Civil Works - Canal,,e-BNID-02/2022-23,2022_CEBMB_77732_36,Open Tender,Works,Nil,Nil,"591,449",22-Dec-2022,"INR 591,449",NA,NA,Ganjam,Ganjam,,,,,ASKA,ASKA
841,Raising and Strengthening to LFB of river Bodanadi near village Jirabadi D/S of SH Crossing.,Bhanjanagar,761126,"CE-BM,RVN Basin,Berhampur||S.E. Southern Irr. Circle I Berhampur||EE Bhanjanagar Irrigation Divn Bhanjanagar","O/o C.E.-B.M, RBVN Basin, Berhampur",Improvement to flood embankment,"6,04,000",Civil Works - Canal,,e-BNID-02/2022-23,2022_CEBMB_77732_37,Open Tender,Works,Nil,Nil,"609,996",22-Dec-2022,"INR 609,996",NA,NA,Ganjam,Ganjam,,,,Jirabadi,ASKA,ASKA
842,Raising and Strengthening to LFB of river Bodanadi near village Jirabadi.,Bhanjanagar,761126,"CE-BM,RVN Basin,Berhampur||S.E. Southern Irr. Circle I Berhampur||EE Bhanjanagar Irrigation Divn Bhanjanagar","O/o C.E.-B.M, RBVN Basin, Berhampur",Improvement to flood embankment,"6,02,000",Civil Works - Canal,,e-BNID-02/2022-23,2022_CEBMB_77732_39,Open Tender,Works,Nil,Nil,"607,944",22-Dec-2022,"INR 607,944",NA,NA,Ganjam,Ganjam,,,,Jirabadi,ASKA,ASKA
843,Raising and Strengthening to LFB of river Bodanadi near village Palapada.,Bhanjanagar,761126,"CE-BM,RVN Basin,Berhampur||S.E. Southern Irr. Circle I Berhampur||EE Bhanjanagar Irrigation Divn Bhanjanagar","O/o C.E.-B.M, RBVN Basin, Berhampur",Improvement to flood embankment,"5,03,000",Civil Works - Canal,,e-BNID-02/2022-23,2022_CEBMB_77732_38,Open Tender,Works,Nil,Nil,"507,434",22-Dec-2022,"INR 507,434",NA,NA,Ganjam,Ganjam,,,,,ASKA,ASKA
855,"Renovation of Baghua Left Distributary with construction of protection wall near RD 11339 M,11910 M with repair of fall at RD 11003 M.",Bhanjanagar,761126,"CE-BM,RVN Basin,Berhampur||S.E. Southern Irr. Circle I Berhampur||EE Bhanjanagar Irrigation Divn Bhanjanagar","C.E.-B.M, RBVN Basin, Berhampur",Renovation of Canal,"8,93,000",Civil Works - Canal,,e-BNID-01/2022-23,2022_CEBMB_77590_11,Open Tender,Works,Nil,Nil,"758,730",15-Dec-2022,"INR 758,730",NA,NA,Ganjam,Ganjam,,,,,ASKA,ASKA
856,"Renovation of Baghua Left Distributary with construction of protection wall near RD 4632 M, 6100 M, 9920 M.",Bhanjanagar,761126,"CE-BM,RVN Basin,Berhampur||S.E. Southern Irr. Circle I Berhampur||EE Bhanjanagar Irrigation Divn Bhanjanagar","C.E.-B.M, RBVN Basin, Berhampur",Renovation of canal,"8,92,000",Civil Works - Canal,,e-BNID-01/2022-23,2022_CEBMB_77590_10,Open Tender,Works,Nil,Nil,"757,829",15-Dec-2022,"INR 757,829",NA,NA,Ganjam,Ganjam,,,,,ASKA,ASKA
873,Renovation to Santara Nalla from RD 00M to 1928 Mtr.,Bhanjanagar,761126,"CE-BM,RVN Basin,Berhampur||S.E. Southern Irr. Circle I Berhampur||EE Bhanjanagar Irrigation Divn Bhanjanagar","O/o C.E.-B.M, RBVN Basin, Berhampur",Restoration and protection of River Embankment,"14,29,000",Civil Works - Others,,e-BNID-05/2022-23,2022_CEBMB_79197_7,Open Tender,Works,Nil,Nil,"1,428,515",28-Dec-2022,"INR 1,428,515",NA,NA,Ganjam,Ganjam,,,,,ASKA,ASKA
933,Restoration and Raising to RFB of river Ghodahada near village Balarampur.,Digapahandi,761012,"CE-BM,RVN Basin,Berhampur||S.E. Southern Irr. Circle I Berhampur","O/o the Additional CE, RB Basin, Berhampur",Restoration and Raising to RFB of river Ghodahada near village Balarampur.,"1,20,08,786",Civil Works - Others,,"ACE,RBB-10/2022-23",2022_CEBMB_80085_4,National Competitive Bid,Works,Nil,Nil,"10,208,669",07-Dec-2022,"INR 10,208,669",NA,NA,Ganjam,Ganjam,'BALARAMPUR',HINJILICUT,,BALARAMPUR,ASKA,ASKA
936,Restoration of LFB Rushikulya near village Padhala.,Bhanjanagar,761126,"CE-BM,RVN Basin,Berhampur||S.E. Southern Irr. Circle I Berhampur||EE Bhanjanagar Irrigation Divn Bhanjanagar","O/o C.E.-B.M, RBVN Basin, Berhampur",Restoration and protection of River Embankment,"19,13,000",Civil Works - Others,,e-BNID-04/2022-23,2022_CEBMB_78504_5,Open Tender,Works,Nil,Nil,"1,626,020",26-Dec-2022,"INR 1,626,020",NA,NA,Ganjam,Ganjam,'PADHALA',ASKA,,,ASKA,ASKA
940,Restoration to Baranganalla near village Biripadar.,Bhanjanagar,761126,"CE-BM,RVN Basin,Berhampur||S.E. Southern Irr. Circle I Berhampur||EE Bhanjanagar Irrigation Divn Bhanjanagar","O/o C.E.-B.M, RBVN Basin, Berhampur",Improvement to nalla,"5,71,000",Civil Works - Canal,,e-BNID-02/2022-23,2022_CEBMB_77732_10,Open Tender,Works,Nil,Nil,"570,913",18-Dec-2022,"INR 570,913",NA,NA,Ganjam,Ganjam,'BIRIPADAR',BHANJANAGAR,,,ASKA,ASKA
941,Restoration to Durgaprasadnalla near village old Durgaprasad.,Bhanjanagar,761126,"CE-BM,RVN Basin,Berhampur||S.E. Southern Irr. Circle I Berhampur||EE Bhanjanagar Irrigation Divn Bhanjanagar","O/o C.E.-B.M, RBVN Basin, Berhampur",Improvement to nalla,"5,39,000",Civil Works - Canal,,e-BNID-02/2022-23,2022_CEBMB_77732_9,Open Tender,Works,Nil,Nil,"538,086",10-Dec-2022,"INR 538,086",NA,NA,Ganjam,Ganjam,'DURGAPRASAD',BHANJANAGAR,,,ASKA,ASKA
943,Restoration to LFB of Badanadi near village Golapada and Dhumuchhai (Construction of 2 nos of ramp and one no of step),Bhanjanagar,761126,"CE-BM,RVN Basin,Berhampur||S.E. Southern Irr. Circle I Berhampur||EE Bhanjanagar Irrigation Divn Bhanjanagar","O/o C.E.-B.M, RBVN Basin, Berhampur",Improvement to flood embankment,"6,44,000",Civil Works - Others,,e-BNID-03/2022-23,2022_CEBMB_77896_5,Open Tender,Works,Nil,Nil,"634,818",23-Dec-2022,"INR 634,818",NA,NA,Ganjam,Ganjam,,,,,ASKA,ASKA
944,Restoration to LFB of Baghua Nalla from RD 2600 M. to 2900 M.,Bhanjanagar,761126,"CE-BM,RVN Basin,Berhampur||S.E. Southern Irr. Circle I Berhampur||EE Bhanjanagar Irrigation Divn Bhanjanagar","O/o C.E.-B.M, RBVN Basin, Berhampur",Restoration and protection of River Embankment,"6,64,000",Civil Works - Others,,e-BNID-05/2022-23,2022_CEBMB_79197_20,Open Tender,Works,Nil,Nil,"663,746",29-Dec-2022,"INR 663,746",NA,NA,Ganjam,Ganjam,,,,,ASKA,ASKA
945,Restoration to LFB of Baradijhola Nalla from RD 400 M. to 700 M.,Bhanjanagar,761126,"CE-BM,RVN Basin,Berhampur||S.E. Southern Irr. Circle I Berhampur||EE Bhanjanagar Irrigation Divn Bhanjanagar","O/o C.E.-B.M, RBVN Basin, Berhampur",Restoration and protection of River Embankment,"6,51,000",Civil Works - Others,,e-BNID-05/2022-23,2022_CEBMB_79197_19,Open Tender,Works,Nil,Nil,"650,449",29-Dec-2022,"INR 650,449",NA,NA,Ganjam,Ganjam,,,,,ASKA,ASKA
946,Restoration to LFB of Kupatinalla near village Talajibika(Protection Wall near High school),Bhanjanagar,761126,"CE-BM,RVN Basin,Berhampur||S.E. Southern Irr. Circle I Berhampur||EE Bhanjanagar Irrigation Divn Bhanjanagar","O/o C.E.-B.M, RBVN Basin, Berhampur",Improvement to flood embankment,"11,58,000",Civil Works - Canal,,e-BNID-02/2022-23,2022_CEBMB_77732_14,Open Tender,Works,Nil,Nil,"1,155,235",18-Dec-2022,"INR 1,155,235",NA,NA,Ganjam,Ganjam,,,,,ASKA,ASKA
947,Restoration to LFB of Loharakhandi near confluence Point of Barrage Nalla from RD 2600 M to 2822 M.,Bhanjanagar,761126,"CE-BM,RVN Basin,Berhampur||S.E. Southern Irr. Circle I Berhampur||EE Bhanjanagar Irrigation Divn Bhanjanagar","O/o C.E.-B.M, RBVN Basin, Berhampur",Restoration and protection of River Embankment,"7,78,000",Civil Works - Others,,e-BNID-05/2022-23,2022_CEBMB_79197_6,Open Tender,Works,Nil,Nil,"777,739",28-Dec-2022,"INR 777,739",NA,NA,Ganjam,Ganjam,,,,,ASKA,ASKA
948,Restoration to LFB of Loharakhandi near Durgaprasad from RD 00 m to 220 M.,Bhanjanagar,761126,"CE-BM,RVN Basin,Berhampur||S.E. Southern Irr. Circle I Berhampur||EE Bhanjanagar Irrigation Divn Bhanjanagar","O/o C.E.-B.M, RBVN Basin, Berhampur",Restoration and protection of River Embankment,"7,71,000",Civil Works - Others,,e-BNID-05/2022-23,2022_CEBMB_79197_8,Open Tender,Works,Nil,Nil,"770,873",28-Dec-2022,"INR 770,873",NA,NA,Ganjam,Ganjam,'DURGAPRASAD',BHANJANAGAR,,,ASKA,ASKA
949,Restoration to LFB of Loharakhandi near Durgaprasad from RD 885 M to 1106 M.,Bhanjanagar,761126,"CE-BM,RVN Basin,Berhampur||S.E. Southern Irr. Circle I Berhampur||EE Bhanjanagar Irrigation Divn Bhanjanagar","O/o C.E.-B.M, RBVN Basin, Berhampur",Restoration and protection of River Embankment,"7,75,000",Civil Works - Others,,e-BNID-05/2022-23,2022_CEBMB_79197_12,Open Tender,Works,Nil,Nil,"774,416",29-Dec-2022,"INR 774,416",NA,NA,Ganjam,Ganjam,'DURGAPRASAD',BHANJANAGAR,,,ASKA,ASKA
950,Restoration to LFB of Loharakhandi near Gamundi Ramp from RD 4160 M. to 4382 M.,Bhanjanagar,761126,"CE-BM,RVN Basin,Berhampur||S.E. Southern Irr. Circle I Berhampur||EE Bhanjanagar Irrigation Divn Bhanjanagar","O/o C.E.-B.M, RBVN Basin, Berhampur",Restoration and protection of River Embankment,"7,78,000",Civil Works - Others,,e-BNID-05/2022-23,2022_CEBMB_79197_13,Open Tender,Works,Nil,Nil,"777,739",29-Dec-2022,"INR 777,739",NA,NA,Ganjam,Ganjam,'GAMUNDI',BHANJANAGAR,,,ASKA,ASKA
951,Restoration to LFB of Loharakhandi near village Jampalli Kandhasahi,Bhanjanagar,761126,"CE-BM,RVN Basin,Berhampur||S.E. Southern Irr. Circle I Berhampur||EE Bhanjanagar Irrigation Divn Bhanjanagar","O/o SE, Bhanjanagar Irr. Divn.",Restoration to LFB of Loharakhandi near village Jampalli Kandhasahi,"20,04,544",Civil Works - Others,,BNID-09/2022-23,2022_CEBMB_83464_2,Open Tender,Works,Nil,Nil,"1,904,518",01-Feb-2023,"INR 1,904,518",NA,NA,Ganjam,Ganjam,,,,,ASKA,ASKA
952,Restoration to LFB of Narigochha Nalla from RD 1300 M to 1600 M.,Bhanjanagar,761126,"CE-BM,RVN Basin,Berhampur||S.E. Southern Irr. Circle I Berhampur||EE Bhanjanagar Irrigation Divn Bhanjanagar","O/o C.E.-B.M, RBVN Basin, Berhampur",Restoration and protection of River Embankment,"6,64,000",Civil Works - Others,,e-BNID-05/2022-23,2022_CEBMB_79197_15,Open Tender,Works,Nil,Nil,"663,389",29-Dec-2022,"INR 663,389",NA,NA,Ganjam,Ganjam,'NARIGOCHHA',BHANJANAGAR,,,ASKA,ASKA
953,Restoration to LFB of Nuapallinalla from RD 1100 M to 1400 M.,Bhanjanagar,761126,"CE-BM,RVN Basin,Berhampur||S.E. Southern Irr. Circle I Berhampur||EE Bhanjanagar Irrigation Divn Bhanjanagar","O/o C.E.-B.M, RBVN Basin, Berhampur",Improvement to nalla,"6,56,000",Civil Works - Canal,,e-BNID-02/2022-23,2022_CEBMB_77732_29,Open Tender,Works,Nil,Nil,"655,584",20-Dec-2022,"INR 655,584",NA,NA,Ganjam,Ganjam,,,,,ASKA,ASKA
954,Restoration to LFB of Paikianalla from RD 1050 M to 1250 M,Bhanjanagar,761126,"CE-BM,RVN Basin,Berhampur||S.E. Southern Irr. Circle I Berhampur||EE Bhanjanagar Irrigation Divn Bhanjanagar","O/o C.E.-B.M, RBVN Basin, Berhampur",Improvement to nalla,"5,70,000",Civil Works - Others,,e-BNID-02/2022-23,2022_CEBMB_77732_50,Open Tender,Works,Nil,Nil,"562,222",18-Dec-2022,"INR 562,222",NA,NA,Ganjam,Ganjam,,,,,ASKA,ASKA
955,Restoration to LFB of Paikianalla from RD 2800 M to 3050 M.,Bhanjanagar,761126,"CE-BM,RVN Basin,Berhampur||S.E. Southern Irr. Circle I Berhampur||EE Bhanjanagar Irrigation Divn Bhanjanagar","O/o CE n BM, RVN Basin, Berhampur",Restoration of Embankment,"6,88,000",Civil Works - Others,,e-BNID-01/ 2021-22,2021_CEBMB_68091_12,Open Tender,Works,Nil,Nil,"687,196",01-Feb-2023,"INR 687,196",NA,NA,Ganjam,Ganjam,,,,,ASKA,ASKA
956,Restoration to LFB of Paikianalla near Khurudupalli from RD 2150 M to 2480 M.,Bhanjanagar,761126,"CE-BM,RVN Basin,Berhampur||S.E. Southern Irr. Circle I Berhampur||EE Bhanjanagar Irrigation Divn Bhanjanagar","O/o C.E.-B.M, RBVN Basin, Berhampur",Improvement to nalla,"6,67,000",Civil Works - Canal,,e-BNID-02/2022-23,2022_CEBMB_77732_30,Open Tender,Works,Nil,Nil,"663,401",20-Dec-2022,"INR 663,401",NA,NA,Ganjam,Ganjam,,,,,ASKA,ASKA
957,Restoration to LFB of Paikianalla near village Baniasahi from RD 800 M to 1050 M.,Bhanjanagar,761126,"CE-BM,RVN Basin,Berhampur||S.E. Southern Irr. Circle I Berhampur||EE Bhanjanagar Irrigation Divn Bhanjanagar","O/o CE n BM, RVN Basin, Berhampur",Restoration of Embankment,"7,46,000",Civil Works - Others,,e-BNID-01/ 2021-22,2021_CEBMB_68091_1,Open Tender,Works,Nil,Nil,"745,356",31-Jan-2023,"INR 745,356",NA,NA,Ganjam,Ganjam,,,,,ASKA,ASKA
958,Restoration to LFB of Paikianalla near village Matiagadia from RD 1360 M to 1650 M.,Bhanjanagar,761126,"CE-BM,RVN Basin,Berhampur||S.E. Southern Irr. Circle I Berhampur||EE Bhanjanagar Irrigation Divn Bhanjanagar","O/o CE n BM, RVN Basin, Berhampur",Restoration of Embankment,"7,17,000",Civil Works - Others,,e-BNID-01/ 2021-22,2021_CEBMB_68091_5,Open Tender,Works,Nil,Nil,"694,745",01-Feb-2023,"INR 694,745",NA,NA,Ganjam,Ganjam,,,,,ASKA,ASKA
959,Restoration to LFB of Ranikiarynalla from RD 1900 M to 2200 M.,Bhanjanagar,761126,"CE-BM,RVN Basin,Berhampur||S.E. Southern Irr. Circle I Berhampur||EE Bhanjanagar Irrigation Divn Bhanjanagar","O/o C.E.-B.M, RBVN Basin, Berhampur",Improvement to nalla,"6,61,000",Civil Works - Canal,,e-BNID-02/2022-23,2022_CEBMB_77732_31,Open Tender,Works,Nil,Nil,"660,227",20-Dec-2022,"INR 660,227",NA,NA,Ganjam,Ganjam,,,,,ASKA,ASKA
961,Restoration to LFB of river Bodanadi from RD 186 M to 376 M near village Chamunda.,Bhanjanagar,761126,"CE-BM,RVN Basin,Berhampur||S.E. Southern Irr. Circle I Berhampur||EE Bhanjanagar Irrigation Divn Bhanjanagar","O/o CE n BM, RVN Basin, Berhampur",Restoration of Embankment,"7,04,000",Civil Works - Others,,e-BNID-01/ 2021-22,2021_CEBMB_68091_4,Open Tender,Works,Nil,Nil,"703,204",31-Jan-2023,"INR 703,204",NA,NA,Ganjam,Ganjam,,,,,ASKA,ASKA
962,Restoration to LFB of river Bodanadi from RD 3480 M to 3880 M near village Kumanda.,Bhanjanagar,761126,"CE-BM,RVN Basin,Berhampur||S.E. Southern Irr. Circle I Berhampur||EE Bhanjanagar Irrigation Divn Bhanjanagar","O/o CE n BM, RVN Basin, Berhampur",Restoration of Embankment,"8,51,000",Civil Works - Others,,e-BNID-01/ 2021-22,2021_CEBMB_68091_8,Open Tender,Works,Nil,Nil,"850,835",01-Feb-2023,"INR 850,835",NA,NA,Ganjam,Ganjam,,,,,ASKA,ASKA
963,Restoration to LFB of river Bodanadi from RD 4454 M to 4714 M near village Kumanda.,Bhanjanagar,761126,"CE-BM,RVN Basin,Berhampur||S.E. Southern Irr. Circle I Berhampur||EE Bhanjanagar Irrigation Divn Bhanjanagar","O/o CE n BM, RVN Basin, Berhampur",Restoration of Embankment,"6,58,000",Civil Works - Others,,e-BNID-01/ 2021-22,2021_CEBMB_68091_15,Open Tender,Works,Nil,Nil,"657,922",02-Feb-2023,"INR 657,922",NA,NA,Ganjam,Ganjam,,,,,ASKA,ASKA
964,Restoration to LFB of river Bodanadi from RD 4717 M to 4954 M near village Kumanda.,Bhanjanagar,761126,"CE-BM,RVN Basin,Berhampur||S.E. Southern Irr. Circle I Berhampur||EE Bhanjanagar Irrigation Divn Bhanjanagar","O/o CE n BM, RVN Basin, Berhampur",Restoration of Embankment,"6,11,000",Civil Works - Others,,e-BNID-01/ 2021-22,2021_CEBMB_68091_10,Open Tender,Works,Nil,Nil,"610,957",01-Feb-2023,"INR 610,957",NA,NA,Ganjam,Ganjam,,,,,ASKA,ASKA
965,Restoration to LFB of river Bodanadi from RD 5378 M to 5598 M near village Nuapalli.,Bhanjanagar,761126,"CE-BM,RVN Basin,Berhampur||S.E. Southern Irr. Circle I Berhampur||EE Bhanjanagar Irrigation Divn Bhanjanagar","O/o CE n BM, RVN Basin, Berhampur",Restoration of Embankment,"5,30,000",Civil Works - Others,,e-BNID-01/ 2021-22,2021_CEBMB_68091_6,Open Tender,Works,Nil,Nil,"529,913",01-Feb-2023,"INR 529,913",NA,NA,Ganjam,Ganjam,'NUAPALLI',BUGUDA,,,ASKA,ASKA
966,Restoration to LFB of river Bodanadi from RD 6000 M to 6240 M near village Kadapada.,Bhanjanagar,761126,"CE-BM,RVN Basin,Berhampur||S.E. Southern Irr. Circle I Berhampur||EE Bhanjanagar Irrigation Divn Bhanjanagar","O/o CE n BM, RVN Basin, Berhampur",Restoration of Embankment,"5,68,000",Civil Works - Others,,e-BNID-01/ 2021-22,2021_CEBMB_68091_17,Open Tender,Works,Nil,Nil,"567,731",02-Feb-2023,"INR 567,731",NA,NA,Ganjam,Ganjam,'KADAPADA',JAGANNATHPRASAD,,,ASKA,ASKA
967,Restoration to LFB of river Bodanadi from RD 660 M to 960 M near village Chamunda.,Bhanjanagar,761126,"CE-BM,RVN Basin,Berhampur||S.E. Southern Irr. Circle I Berhampur||EE Bhanjanagar Irrigation Divn Bhanjanagar","O/o CE n BM, RVN Basin, Berhampur",Restoration of Embankment,"7,20,000",Civil Works - Others,,e-BNID-01/ 2021-22,2021_CEBMB_68091_13,Open Tender,Works,Nil,Nil,"719,837",01-Feb-2023,"INR 719,837",NA,NA,Ganjam,Ganjam,,,,,ASKA,ASKA
968,Restoration to LFB of river Bodanadi from RD 8010 M to 8190 M near village Pandripada.,Bhanjanagar,761126,"CE-BM,RVN Basin,Berhampur||S.E. Southern Irr. Circle I Berhampur||EE Bhanjanagar Irrigation Divn Bhanjanagar","O/o CE n BM, RVN Basin, Berhampur",Restoration of Embankment,"5,45,000",Civil Works - Others,,e-BNID-01/ 2021-22,2021_CEBMB_68091_19,Open Tender,Works,Nil,Nil,"544,396",02-Feb-2023,"INR 544,396",NA,NA,Ganjam,Ganjam,,,,,ASKA,ASKA
969,Restoration to LFB of river Loharakhandi near U/S of Jamapalli Kandhasahi.,Bhanjanagar,761126,"CE-BM,RVN Basin,Berhampur||S.E. Southern Irr. Circle I Berhampur||EE Bhanjanagar Irrigation Divn Bhanjanagar","S.E., Bhanjanagar Irrigation Division, Bhanjanagar",Restoration to LFB of river Loharakhandi near U/S of Jamapalli Kandhasahi.,"25,05,699",Civil Works - Others,,e- BNID-13/2022-23,2023_CEBMB_86030_7,Open Tender,Works,Nil,Nil,"2,130,094",26-Mar-2023,"INR 2,130,094",NA,NA,Ganjam,Ganjam,'JAMAPALLI',BHANJANAGAR,,,ASKA,ASKA
970,Restoration to LFB of river Rushikulya near village Kailashpur.,Bhanjanagar,761126,"CE-BM,RVN Basin,Berhampur||S.E. Southern Irr. Circle I Berhampur||EE Bhanjanagar Irrigation Divn Bhanjanagar","O/o C.E.-B.M, RBVN Basin, Berhampur",Restoration and protection of River Embankment,"9,48,000",Civil Works - Others,,e-BNID-04/2022-23,2022_CEBMB_78504_18,Open Tender,Works,Nil,Nil,"805,756",24-Dec-2022,"INR 805,756",NA,NA,Ganjam,Ganjam,,,,,ASKA,ASKA
972,Restoration to RFB of Bantanalla from RD 3560 M to 3810 M.,Bhanjanagar,761126,"CE-BM,RVN Basin,Berhampur||S.E. Southern Irr. Circle I Berhampur||EE Bhanjanagar Irrigation Divn Bhanjanagar","O/o C.E.-B.M, RBVN Basin, Berhampur",Improvement to nalla,"6,63,000",Civil Works - Canal,,e-BNID-02/2022-23,2022_CEBMB_77732_32,Open Tender,Works,Nil,Nil,"662,746",20-Dec-2022,"INR 662,746",NA,NA,Ganjam,Ganjam,,,,,ASKA,ASKA
973,Restoration to RFB of Bantanalla from RD 3700 M to 4000 M.,Bhanjanagar,761126,"CE-BM,RVN Basin,Berhampur||S.E. Southern Irr. Circle I Berhampur||EE Bhanjanagar Irrigation Divn Bhanjanagar","O/o CE n BM, RVN Basin, Berhampur",Restoration of Embankment,"7,56,000",Civil Works - Others,,e-BNID-01/ 2021-22,2021_CEBMB_68091_18,Open Tender,Works,Nil,Nil,"729,231",02-Feb-2023,"INR 729,231",NA,NA,Ganjam,Ganjam,,,,,ASKA,ASKA
974,Restoration to RFB of Bantanalla near village Manapur from RD 2000 M to 2300 M.,Bhanjanagar,761126,"CE-BM,RVN Basin,Berhampur||S.E. Southern Irr. Circle I Berhampur||EE Bhanjanagar Irrigation Divn Bhanjanagar","O/o CE n BM, RVN Basin, Berhampur",Restoration of Embankment,"7,60,000",Civil Works - Others,,e-BNID-01/ 2021-22,2021_CEBMB_68091_14,Open Tender,Works,Nil,Nil,"759,970",02-Feb-2023,"INR 759,970",NA,NA,Ganjam,Ganjam,'MANAPUR',JAGANNATHPRASAD,,,ASKA,ASKA
975,Restoration to RFB of Bantanalla near village Manapur from RD 3000 M to 3300 M.,Bhanjanagar,761126,"CE-BM,RVN Basin,Berhampur||S.E. Southern Irr. Circle I Berhampur||EE Bhanjanagar Irrigation Divn Bhanjanagar","O/o CE n BM, RVN Basin, Berhampur",Restoration of Embankment,"7,51,000",Civil Works - Others,,e-BNID-01/ 2021-22,2021_CEBMB_68091_16,Open Tender,Works,Nil,Nil,"750,937",02-Feb-2023,"INR 750,937",NA,NA,Ganjam,Ganjam,'MANAPUR',JAGANNATHPRASAD,,,ASKA,ASKA
976,Restoration to RFB of Bhurudupalli Nalla from RD 2200 M to 2500 M.,Bhanjanagar,761126,"CE-BM,RVN Basin,Berhampur||S.E. Southern Irr. Circle I Berhampur||EE Bhanjanagar Irrigation Divn Bhanjanagar","O/o C.E.-B.M, RBVN Basin, Berhampur",Restoration and protection of River Embankment,"6,42,000",Civil Works - Others,,e-BNID-05/2022-23,2022_CEBMB_79197_17,Open Tender,Works,Nil,Nil,"641,179",29-Dec-2022,"INR 641,179",NA,NA,Ganjam,Ganjam,,,,,ASKA,ASKA
977,Restoration to RFB of Dayapalli Nalla from RD 2100 M. to 2350 M.,Bhanjanagar,761126,"CE-BM,RVN Basin,Berhampur||S.E. Southern Irr. Circle I Berhampur||EE Bhanjanagar Irrigation Divn Bhanjanagar","O/o C.E.-B.M, RBVN Basin, Berhampur",Restoration and protection of River Embankment,"6,24,000",Civil Works - Others,,e-BNID-05/2022-23,2022_CEBMB_79197_14,Open Tender,Works,Nil,Nil,"623,595",29-Dec-2022,"INR 623,595",NA,NA,Ganjam,Ganjam,'DAYAPALLI',HINJILICUT,,DAYAPALLI,ASKA,ASKA
978,Restoration to RFB of Giringian Nalla from RD 2300 M. to 2600 M.,Bhanjanagar,761126,"CE-BM,RVN Basin,Berhampur||S.E. Southern Irr. Circle I Berhampur||EE Bhanjanagar Irrigation Divn Bhanjanagar","O/o C.E.-B.M, RBVN Basin, Berhampur",Restoration and protection of River Embankment,"6,84,000",Civil Works - Others,,e-BNID-05/2022-23,2022_CEBMB_79197_16,Open Tender,Works,Nil,Nil,"683,259",29-Dec-2022,"INR 683,259",NA,NA,Ganjam,Ganjam,,,,,ASKA,ASKA
979,Restoration to RFB of Katara Nalla from RD 3600 M to 3900 M.,Bhanjanagar,761126,"CE-BM,RVN Basin,Berhampur||S.E. Southern Irr. Circle I Berhampur||EE Bhanjanagar Irrigation Divn Bhanjanagar","O/o C.E.-B.M, RBVN Basin, Berhampur",Restoration and protection of River Embankment,"6,45,000",Civil Works - Others,,e-BNID-05/2022-23,2022_CEBMB_79197_18,Open Tender,Works,Nil,Nil,"644,903",29-Dec-2022,"INR 644,903",NA,NA,Ganjam,Ganjam,,,,,ASKA,ASKA
980,Restoration to RFB of Latakiary Nalla from RD 1400 M to 1700 M.,Bhanjanagar,761126,"CE-BM,RVN Basin,Berhampur||S.E. Southern Irr. Circle I Berhampur||EE Bhanjanagar Irrigation Divn Bhanjanagar","O/o C.E.-B.M, RBVN Basin, Berhampur",Restoration and protection of River Embankment,"7,83,000",Civil Works - Others,,e-BNID-05/2022-23,2022_CEBMB_79197_5,Open Tender,Works,Nil,Nil,"782,797",28-Dec-2022,"INR 782,797",NA,NA,Ganjam,Ganjam,,,,,ASKA,ASKA
981,Restoration to RFB of Loharakhandi near Gamundi from RD 3000 M to 3219 M.,Bhanjanagar,761126,"CE-BM,RVN Basin,Berhampur||S.E. Southern Irr. Circle I Berhampur||EE Bhanjanagar Irrigation Divn Bhanjanagar","O/o C.E.-B.M, RBVN Basin, Berhampur",Restoration and protection of River Embankment,"7,68,000",Civil Works - Others,,e-BNID-05/2022-23,2022_CEBMB_79197_11,Open Tender,Works,Nil,Nil,"767,330",29-Dec-2022,"INR 767,330",NA,NA,Ganjam,Ganjam,'GAMUNDI',BHANJANAGAR,,,ASKA,ASKA
982,Restoration to RFB of Paikianalla near village Kokolaba from RD 2150 M to 2400 M.,Bhanjanagar,761126,"CE-BM,RVN Basin,Berhampur||S.E. Southern Irr. Circle I Berhampur||EE Bhanjanagar Irrigation Divn Bhanjanagar","O/o CE n BM, RVN Basin, Berhampur",Restoration of Embankment,"6,96,000",Civil Works - Others,,e-BNID-01/ 2021-22,2021_CEBMB_68091_9,Open Tender,Works,Nil,Nil,"695,815",01-Feb-2023,"INR 695,815",NA,NA,Ganjam,Ganjam,,,,,ASKA,ASKA
983,Restoration to RFB of river Badanadi from RD 4700 M to 5200 M between village Sanadodanga to Kaliamba confluence.,Bhanjanagar,761126,"CE-BM,RVN Basin,Berhampur||S.E. Southern Irr. Circle I Berhampur||EE Bhanjanagar Irrigation Divn Bhanjanagar","O/o CE n BM, RVN Basin, Berhampur",Restoration of Embankment,"14,25,000",Civil Works - Others,,e-BNID-01/ 2021-22,2021_CEBMB_68091_3,Open Tender,Works,Nil,Nil,"1,210,572",10-Mar-2023,"INR 1,210,572",NA,NA,Ganjam,Ganjam,'KALIAMBA',BHANJANAGAR,,,ASKA,ASKA
984,Restoration to RFB of river Badanadi from Revenue IB to Marathibasa.,Bhanjanagar,761126,"CE-BM,RVN Basin,Berhampur||S.E. Southern Irr. Circle I Berhampur||EE Bhanjanagar Irrigation Divn Bhanjanagar","O/o C.E.-B.M, RBVN Basin, Berhampur",Restoration and protection of River Embankment,"10,99,000",Civil Works - Others,,e-BNID-04/2022-23,2022_CEBMB_78504_25,Open Tender,Works,Nil,Nil,"934,023",26-Dec-2022,"INR 934,023",NA,NA,Ganjam,Ganjam,,,,,ASKA,ASKA
985,Restoration to RFB of river Bodanadi from RD 5105 M to 5375 M near village Nuapalli.,Bhanjanagar,761126,"CE-BM,RVN Basin,Berhampur||S.E. Southern Irr. Circle I Berhampur||EE Bhanjanagar Irrigation Divn Bhanjanagar","O/o CE n BM, RVN Basin, Berhampur",Restoration of Embankment,"5,48,000",Civil Works - Others,,e-BNID-01/ 2021-22,2021_CEBMB_68091_2,Open Tender,Works,Nil,Nil,"547,433",31-Jan-2023,"INR 547,433",NA,NA,Ganjam,Ganjam,'NUAPALLI',BUGUDA,,,ASKA,ASKA
986,Restoration to RFB of river Loharakhandi from RD 1400 M to 2000 M near village Badapada.,Bhanjanagar,761126,"CE-BM,RVN Basin,Berhampur||S.E. Southern Irr. Circle I Berhampur||EE Bhanjanagar Irrigation Divn Bhanjanagar","O/o CE n BM, RVN Basin, Berhampur",Restoration of Embankment,"14,24,000",Civil Works - Others,,e-BNID-01/ 2021-22,2021_CEBMB_68091_7,Open Tender,Works,Nil,Nil,"1,210,350",10-Mar-2023,"INR 1,210,350",NA,NA,Ganjam,Ganjam,'BADAPADA',BELLAGUNTHA,,BADAPADA,ASKA,ASKA
987,Restoration to RFB of river Loharakhandi from RD 2000 M to 2600 M including restoration of river sluice near village Netenga.,Bhanjanagar,761126,"CE-BM,RVN Basin,Berhampur||S.E. Southern Irr. Circle I Berhampur||EE Bhanjanagar Irrigation Divn Bhanjanagar","O/o CE n BM, RVN Basin, Berhampur",Restoration of Embankment,"19,75,000",Civil Works - Others,,e-BNID-01/ 2021-22,2021_CEBMB_68091_11,Open Tender,Works,Nil,Nil,"1,678,509",10-Mar-2023,"INR 1,678,509",NA,NA,Ganjam,Ganjam,'NETENGA',BELLAGUNTHA,,,ASKA,ASKA
988,Restoration to RFB of river Rushikulya near village Bagidi.,Bhanjanagar,761126,"CE-BM,RVN Basin,Berhampur||S.E. Southern Irr. Circle I Berhampur||EE Bhanjanagar Irrigation Divn Bhanjanagar","O/o C.E.-B.M, RBVN Basin, Berhampur",Restoration and protection of River Embankment,"9,47,000",Civil Works - Others,,e-BNID-04/2022-23,2022_CEBMB_78504_6,Open Tender,Works,Nil,Nil,"804,935",24-Dec-2022,"INR 804,935",NA,NA,Ganjam,Ganjam,,,,,ASKA,ASKA
990,Restoration to RFB of river Rushikulya near village Brahmanadevi.,Bhanjanagar,761126,"CE-BM,RVN Basin,Berhampur||S.E. Southern Irr. Circle I Berhampur||EE Bhanjanagar Irrigation Divn Bhanjanagar","O/o C.E.-B.M, RBVN Basin, Berhampur",Restoration and protection of River Embankment,"9,45,000",Civil Works - Others,,e-BNID-04/2022-23,2022_CEBMB_78504_10,Open Tender,Works,Nil,Nil,"802,657",26-Dec-2022,"INR 802,657",NA,NA,Ganjam,Ganjam,,,,,ASKA,ASKA
991,Restoration to RFB of river Rushikulya near village Laxmipur.,Bhanjanagar,761126,"CE-BM,RVN Basin,Berhampur||S.E. Southern Irr. Circle I Berhampur||EE Bhanjanagar Irrigation Divn Bhanjanagar","O/o C.E.-B.M, RBVN Basin, Berhampur",Restoration and protection of River Embankment,"9,22,000",Civil Works - Others,,e-BNID-04/2022-23,2022_CEBMB_78504_8,Open Tender,Works,Nil,Nil,"783,091",26-Dec-2022,"INR 783,091",NA,NA,Ganjam,Ganjam,,,,LAXMIPUR,ASKA,ASKA
992,Restoration to RFB of river Rushikulya near village Mundamarai near RD 48500 M.,Bhanjanagar,761126,"CE-BM,RVN Basin,Berhampur||S.E. Southern Irr. Circle I Berhampur||EE Bhanjanagar Irrigation Divn Bhanjanagar","O/o C.E.-B.M, RVN Basin, Berhampur",Restoration to river Embankment,"15,87,000",Civil Works - Others,,e- BNID-05/ 2021-22,2021_CEBMB_70921_1,Open Tender,Works,Nil,Nil,"1,348,633",29-Mar-2023,"INR 1,348,633",NA,NA,Ganjam,Ganjam,'MUNDAMARAI',DHARAKOTE,,MUNDAMARAI,ASKA,ASKA
1004,"Restoration, Protection to LFB of Badanadi near village Dubakhama.",Bhanjanagar,761126,"CE-BM,RVN Basin,Berhampur||S.E. Southern Irr. Circle I Berhampur||EE Bhanjanagar Irrigation Divn Bhanjanagar","O/o C.E.-B.M, RBVN Basin, Berhampur",Restoration and protection of River Embankment,"8,89,000",Civil Works - Others,,e-BNID-05/2022-23,2022_CEBMB_79197_2,Open Tender,Works,Nil,Nil,"855,276",27-Dec-2022,"INR 855,276",NA,NA,Ganjam,Ganjam,,,,,ASKA,ASKA
1005,"Restoration, Protection to LFB of Badanadi near village Raipalli.",Bhanjanagar,761126,"CE-BM,RVN Basin,Berhampur||S.E. Southern Irr. Circle I Berhampur||EE Bhanjanagar Irrigation Divn Bhanjanagar","O/o C.E.-B.M, RBVN Basin, Berhampur",Restoration and protection of River Embankment,"8,91,000",Civil Works - Others,,e-BNID-05/2022-23,2022_CEBMB_79197_4,Open Tender,Works,Nil,Nil,"856,867",28-Dec-2022,"INR 856,867",NA,NA,Ganjam,Ganjam,'RAIPALLI',BHANJANAGAR,,,ASKA,ASKA
1006,"Restoration, Protection to LFB of Loharakhandi near village Rajakunda D/S.",Bhanjanagar,761126,"CE-BM,RVN Basin,Berhampur||S.E. Southern Irr. Circle I Berhampur||EE Bhanjanagar Irrigation Divn Bhanjanagar","O/o C.E.-B.M, RBVN Basin, Berhampur",Restoration and protection of River Embankment,"8,93,000",Civil Works - Others,,e-BNID-05/2022-23,2022_CEBMB_79197_3,Open Tender,Works,Nil,Nil,"858,459",27-Dec-2022,"INR 858,459",NA,NA,Ganjam,Ganjam,,,,,ASKA,ASKA
1078,Sl.No.7-Restoration to Gopalpur Gherry on Brahmani left,Jaraka,755050,"CE-BM,LMB Basin,BBSR||SE, Eastern Circle,Cuttack||EE,Jaraka Irr Division, Jaraka","S.E. Jaraka Irrigation Division, Jaraka",Earth work and Packing work,"7,25,149",Civil Works - Others,,JKID-03 OF 2022-23,2022_CELBB_77940_7,National Competitive Bid,Works,Nil,Nil,"616,449",27-Jun-2022,"INR 616,449",NA,Ganjam,NA,Ganjam,'GOPALPUR',BEGUNIAPADA,,,ASKA,ASKA
19,"Cluster of 1. Fencing of Boundary Wall,2.Drainage System,3. Fixing of Concertina Wire on the Perimeter Wall and 4.Digging of 2 Nos.Tube well inside the Jail to overcome the water Problem during Power Failure at Spl. Sub Jail,Boudh",Boudh,751022,Orissa State Police Housing and Welfare Corporation Ltd,OPHWC BHUBANESWAR,Building Work,"45,70,284",Civil Works - Buildings,,49/OPHWC/2022-23,2023_OSPHW_85205_1,National Competitive Bid,Works,Nil,Nil,"4,296,524.13",04-Mar-2023,"INR 4,296,524.13",NA,Boudh,Boudh,Boudh,,BOUDH,,,BOUDH,BOUDH
98,Construction of Baghuanalla Check Dam near village Badapankalsahi of Talagaon GP in Harabhanga Block of Boudh District,Harabhanga,762020,"CE,Minor Irrigation,BBSR||SESMIC-BERHAMPUR||EE,MI Divn, Boudh","EE, Minor Irrigation Division, Boudh",Construction of Baghuanalla Check Dam near village Badapankalsahi of Talagaon GP in Harabhanga Block of Boudh District,"33,66,678",Civil Works - Others,,ONLINE/06/BMID/2022-23,2022_CEMIB_83331_1,Open Tender,Works,Nil,Nil,"3,377,175",21-Dec-2022,"INR 3,377,175",NA,Boudh,NA,Boudh,"'BADAPANKALSAHI', 'HARABHANGA'",HARABHANGA,,HARABHANGA,HARABHANGA,HARABHANGA
100,Construction of Balisahi check dam over Balisahi Nalla near village Mahalikpada of Kusanga GP in Harabhanga Block of Boudh District,Harabhanga,762020,"CE,Minor Irrigation,BBSR||SESMIC-BERHAMPUR||EE,MI Divn, Boudh","EE, Minor Irrigation Division, Boudh",Construction of Balisahi check dam over Balisahi Nalla near village Mahalikpada of Kusanga GP in Harabhanga Block of Boudh District,"55,54,726",Civil Works - Others,,ONLINE/04/BMID/2022-2023,2022_CEMIB_82171_1,Open Tender,Works,Nil,Nil,"4,722,072",23-Nov-2022,"INR 4,722,072",NA,Boudh,NA,Boudh,"'HARABHANGA', 'BALISAHI', 'MAHALIKPADA', 'KUSANGA'",HARABHANGA,,MAHALIKPADA,HARABHANGA,HARABHANGA
150,Construction of Butupali Check Dam near village Narayanapur of Sarasara GP in Harabhanga Block of Boudh District for 2022-23,Harabhanga,762020,"CE,Minor Irrigation,BBSR||SESMIC-BERHAMPUR||EE,MI Divn, Boudh","EE, Minor Irrigation Division, Boudh",Construction of Butupali Check Dam near village Narayanapur of Sarasara GP in Harabhanga Block of Boudh District for 2022-23,"66,94,538",Civil Works - Others,,08/BMID/2022-2023,2022_CEMIB_84019_1,Open Tender,Works,Nil,Nil,"6,715,411",03-Feb-2023,"INR 6,715,411",NA,Boudh,NA,Boudh,"'HARABHANGA', 'SARASARA', 'BUTUPALI'",HARABHANGA,,HARABHANGA,HARABHANGA,HARABHANGA
203,Construction of Damanda check dam over Damanda Nalla near village Damanda of Chhatarang GP in Harabhanga Block of Boudh District,Harabhanga,762020,"CE,Minor Irrigation,BBSR||SESMIC-BERHAMPUR||EE,MI Divn, Boudh","EE, Minor Irrigation Division, Boudh",Construction of Damanda check dam over Damanda Nalla near village Damanda of Chhatarang GP in Harabhanga Block of Boudh District,"50,39,651",Civil Works - Others,,ONLINE/04/BMID/2022-2023,2022_CEMIB_82171_2,Open Tender,Works,Nil,Nil,"4,284,207",23-Nov-2022,"INR 4,284,207",NA,Boudh,NA,Boudh,'HARABHANGA',HARABHANGA,,HARABHANGA,HARABHANGA,HARABHANGA
205,Construction of Damodarpur Check Dam near village Damodarpur of Padampur GP in Boudh Block of Boudh District for 2022-23,Boudh,762014,"CE,Minor Irrigation,BBSR||SESMIC-BERHAMPUR||EE,MI Divn, Boudh","EE, Minor Irrigation Division, Boudh",Construction of Damodarpur Check Dam near village Damodarpur of Padampur GP in Boudh Block of Boudh District for 2022-23,"84,65,086",Civil Works - Others,,08/BMID/2022-2023,2022_CEMIB_84019_6,Open Tender,Works,Nil,Nil,"8,491,480",03-Feb-2023,"INR 8,491,480",NA,Boudh,Boudh,Boudh,'DAMODARPUR',BOUDH,,,BOUDH,BOUDH
244,Construction of Dumalpakhal Check Dam near village Dumalpakhal of Baragaon GP in Kantamal Block of Boudh District for 2022-23,Kantamal,762017,"CE,Minor Irrigation,BBSR||SESMIC-BERHAMPUR||EE,MI Divn, Boudh","EE, Minor Irrigation Division, Boudh",Construction of Dumalpakhal Check Dam near village Dumalpakhal of Baragaon GP in Kantamal Block of Boudh District for 2022-23,"74,03,359",Civil Works - Others,,08/BMID/2022-2023,2022_CEMIB_84019_10,Open Tender,Works,Nil,Nil,"7,426,443",03-Feb-2023,"INR 7,426,443",NA,Boudh,Boudh,Boudh,"'KANTAMAL', 'DUMALPAKHAL'",KANTAMAL,,BARAGAON,KANTAMAL,KANTAMAL
245,Construction of Dunguripali Check Dam near village Dumuripali of Baragaon GP in Kantamal Block of Boudh District for 2022-23,Kantamal,762017,"CE,Minor Irrigation,BBSR||SESMIC-BERHAMPUR||EE,MI Divn, Boudh","EE, Minor Irrigation Division, Boudh",Construction of Dunguripali Check Dam near village Dumuripali of Baragaon GP in Kantamal Block of Boudh District for 2022-23,"61,47,498",Civil Works - Others,,08/BMID/2022-2023,2022_CEMIB_84019_11,Open Tender,Works,Nil,Nil,"6,166,666",03-Feb-2023,"INR 6,166,666",NA,Boudh,Boudh,Boudh,"'KANTAMAL', 'DUMURIPALI'",KANTAMAL,,BARAGAON,KANTAMAL,KANTAMAL
258,Construction of Gochhapada Check Dam near village Gochhapada of Gochhapada GP in Boudh Block of Boudh District for 2022-23,Boudh,762014,"CE,Minor Irrigation,BBSR||SESMIC-BERHAMPUR||EE,MI Divn, Boudh","EE, Minor Irrigation Division, Boudh",Construction of Gochhapada Check Dam near village Gochhapada of Gochhapada GP in Boudh Block of Boudh District for 2022-23,"51,85,442",Civil Works - Others,,08/BMID/2022-2023,2022_CEMIB_84019_4,Open Tender,Works,Nil,Nil,"5,201,610",03-Feb-2023,"INR 5,201,610",NA,Boudh,Boudh,Boudh,'GOCHHAPADA',BOUDH,,GOCHHAPADA,BOUDH,BOUDH
260,Construction of Gunthanalla Check Dam near village Gandisar of Talagaon GP in Harabhanga Block of Boudh District,Harabhanga,762020,"CE,Minor Irrigation,BBSR||SESMIC-BERHAMPUR||EE,MI Divn, Boudh","EE, Minor Irrigation Division, Boudh",Construction of Gunthanalla Check Dam near village Gandisar of Talagaon GP in Harabhanga Block of Boudh District,"23,91,947",Civil Works - Others,,ONLINE/06/BMID/2022-23,2022_CEMIB_83331_2,Open Tender,Works,Nil,Nil,"2,399,404",21-Dec-2022,"INR 2,399,404",NA,Boudh,NA,Boudh,'HARABHANGA',HARABHANGA,,HARABHANGA,HARABHANGA,HARABHANGA
266,Construction of Jhimeinalla Check Dam near village Chhelibahali of Baunsuni GP in Boudh Block of Boudh District,Boudh,762014,"CE,Minor Irrigation,BBSR||SESMIC-BERHAMPUR||EE,MI Divn, Boudh","EE, Minor Irrigation Division, Boudh",Construction of Jhimeinalla Check Dam near village Chhelibahali of Baunsuni GP in Boudh Block of Boudh District,"84,63,026",Civil Works - Others,,ONLINE/05/BMID/2022-23,2022_CEMIB_83327_3,Open Tender,Works,Nil,Nil,"8,489,415",21-Dec-2022,"INR 8,489,415",NA,Boudh,Boudh,Boudh,'BAUNSUNI',BOUDH,,BAUNSUNI,BOUDH,BOUDH
269,Construction of Kaleswar-III Check Dam near village Kaleswar of Sarasara GP in Harabhanga Block of Boudh District for 2022-23,Harabhanga,762020,"CE,Minor Irrigation,BBSR||SESMIC-BERHAMPUR||EE,MI Divn, Boudh","EE, Minor Irrigation Division, Boudh",Construction of Kaleswar-III Check Dam near village Kaleswar of Sarasara GP in Harabhanga Block of Boudh District for 2022-23,"78,92,317",Civil Works - Others,,08/BMID/2022-2023,2022_CEMIB_84019_2,Open Tender,Works,Nil,Nil,"7,916,924",03-Feb-2023,"INR 7,916,924",NA,Boudh,NA,Boudh,"'HARABHANGA', 'SARASARA'",HARABHANGA,,HARABHANGA,HARABHANGA,HARABHANGA
270,Construction of Kapakhai Check Dam near village Barkhol of Tikarpada GP in Boudh Block of Boudh District for 2022-23,Boudh,762014,"CE,Minor Irrigation,BBSR||SESMIC-BERHAMPUR||EE,MI Divn, Boudh","SE, Minor Irrigation Division, Boudh",Construction of Kapakhai Check Dam near village Barkhol of Tikarpada GP in Boudh Block of Boudh District for 2022-23,"75,46,551",Civil Works - Others,,12/BMID/2022-2023,2023_CEMIB_86011_1,Open Tender,Works,Nil,Nil,6415323,13-Mar-2023,INR 7570081.0,NA,Boudh,Boudh,Boudh,,BOUDH,,,BOUDH,BOUDH
271,Construction of Karadakotha check dam over Rakatai Nalla near village Karadakotha of Mahalikpada GP in Harabhanga Block of Boudh District,Harabhanga,762020,"CE,Minor Irrigation,BBSR||SESMIC-BERHAMPUR||EE,MI Divn, Boudh","EE, Minor Irrigation Division, Boudh",Construction of Karadakotha check dam over Rakatai Nalla near village Karadakotha of Mahalikpada GP in Harabhanga Block of Boudh District,"77,55,547",Civil Works - Others,,ONLINE/04/BMID/2022-2023,2022_CEMIB_82171_4,Open Tender,Works,Nil,Nil,"6,592,991",23-Nov-2022,"INR 6,592,991",NA,Boudh,NA,Boudh,"'HARABHANGA', 'KARADAKOTHA', 'MAHALIKPADA'",HARABHANGA,,MAHALIKPADA,HARABHANGA,HARABHANGA
274,Construction of Kharabahali-IV check dam over Samaleswari Nalla near village Barhapurof Ambgaon GP in Kantamal Block of Boudh District,Kantamal,762017,"CE,Minor Irrigation,BBSR||SESMIC-BERHAMPUR||EE,MI Divn, Boudh","EE, Minor Irrigation Division, Boudh",Construction of Kharabahali-IV check dam over Samaleswari Nalla near village Barhapurof Ambgaon GP in Kantamal Block of Boudh District,"69,53,912",Civil Works - Others,,ONLINE/04/BMID/2022-2023,2022_CEMIB_82171_9,Open Tender,Works,Nil,Nil,"5,911,520",23-Nov-2022,"INR 5,911,520",NA,Boudh,Boudh,Boudh,'KANTAMAL',KANTAMAL,,KANTAMAL,KANTAMAL,KANTAMAL
275,Construction of Kiramaska check dam over Purunapani Nalla near village Kiramaska of Talagaon GP in Harabhanga Block of Boudh District,Harabhanga,762020,"CE,Minor Irrigation,BBSR||SESMIC-BERHAMPUR||EE,MI Divn, Boudh","EE, Minor Irrigation Division, Boudh",Construction of Kiramaska check dam over Purunapani Nalla near village Kiramaska of Talagaon GP in Harabhanga Block of Boudh District,"60,64,327",Civil Works - Others,,ONLINE/04/BMID/2022-2023,2022_CEMIB_82171_3,Open Tender,Works,Nil,Nil,"5,155,285",23-Nov-2022,"INR 5,155,285",NA,Boudh,NA,Boudh,"'HARABHANGA', 'KIRAMASKA', 'PURUNAPANI'",HARABHANGA,,HARABHANGA,HARABHANGA,HARABHANGA
278,Construction of Kukuti Nalla Check Dam near village Kukuti of Talagaon GP in Harabhanga Block of Boudh District,Harabhanga,762020,"CE,Minor Irrigation,BBSR||SESMIC-BERHAMPUR||EE,MI Divn, Boudh","EE, Minor Irrigation Division, Boudh",Construction of Kukuti Nalla Check Dam near village Kukuti of Talagaon GP in Harabhanga Block of Boudh District,"39,95,013",Civil Works - Others,,ONLINE/06/BMID/2022-23,2022_CEMIB_83331_3,Open Tender,Works,Nil,Nil,"4,007,468",21-Dec-2022,"INR 4,007,468",NA,Boudh,NA,Boudh,"'HARABHANGA', 'KUKUTI'",HARABHANGA,,HARABHANGA,HARABHANGA,HARABHANGA
282,Construction of Kurkuj Check Dam near village Kurkuj of Ambajhari GP in Boudh Block of Boudh District,Boudh,762014,"CE,Minor Irrigation,BBSR||SESMIC-BERHAMPUR||EE,MI Divn, Boudh","EE, Minor Irrigation Division, Boudh",Construction of Kurkuj Check Dam near village Kurkuj of Ambajhari GP in Boudh Block of Boudh District,"55,89,489",Civil Works - Others,,ONLINE/05/BMID/2022-23,2022_CEMIB_83327_5,Open Tender,Works,Nil,Nil,"5,606,917",21-Dec-2022,"INR 5,606,917",NA,Boudh,Boudh,Boudh,'AMBAJHARI',BOUDH,,AMBAJHARI,BOUDH,BOUDH
283,Construction of Kuthulimunda Check Dam near village Kuthulimunda of Tikarpada GP in Boudh Block of Boudh District,Boudh,762014,"CE,Minor Irrigation,BBSR||SESMIC-BERHAMPUR||EE,MI Divn, Boudh","EE, Minor Irrigation Division, Boudh",Construction of Kuthulimunda Check Dam near village Kuthulimunda of Tikarpada GP in Boudh Block of Boudh District,"76,34,709",Civil Works - Others,,ONLINE/05/BMID/2022-23,2022_CEMIB_83327_4,Open Tender,Works,Nil,Nil,"7,658,514",21-Dec-2022,"INR 7,658,514",NA,Boudh,Boudh,Boudh,,BOUDH,,,BOUDH,BOUDH
286,Construction of Lundrijhari Check Dam near village Lundrijhari of Talagaon GP in Harabhanga Block of Boudh District,Harabhanga,762020,"CE,Minor Irrigation,BBSR||SESMIC-BERHAMPUR||EE,MI Divn, Boudh","EE, Minor Irrigation Division, Boudh",Construction of Lundrijhari Check Dam near village Lundrijhari of Talagaon GP in Harabhanga Block of Boudh District,"24,25,790",Civil Works - Others,,ONLINE/06/BMID/2022-23,2022_CEMIB_83331_5,Open Tender,Works,Nil,Nil,"2,433,354",21-Dec-2022,"INR 2,433,354",NA,Boudh,NA,Boudh,'HARABHANGA',HARABHANGA,,HARABHANGA,HARABHANGA,HARABHANGA
287,Construction of Lunduru Check Dam near village Lunduru of Narayanaprasad GP in Kantamal Block of Boudh District for 2022-23,Kantamal,762017,"CE,Minor Irrigation,BBSR||SESMIC-BERHAMPUR||EE,MI Divn, Boudh","EE, Minor Irrigation Division, Boudh",Construction of Lunduru Check Dam near village Lunduru of Narayanaprasad GP in Kantamal Block of Boudh District for 2022-23,"65,90,380",Civil Works - Others,,08/BMID/2022-2023,2022_CEMIB_84019_12,Open Tender,Works,Nil,Nil,"6,610,928",03-Feb-2023,"INR 6,610,928",NA,Boudh,Boudh,Boudh,'KANTAMAL',KANTAMAL,,KANTAMAL,KANTAMAL,KANTAMAL
289,Construction of Majhipada Check Dam near village Majhipada of Baragochha GP in Kantamal Block of Boudh District.,Kantamal,762017,"CE,Minor Irrigation,BBSR||SESMIC-BERHAMPUR||EE,MI Divn, Boudh","EE, Minor Irrigation Division, Boudh",Construction of Majhipada Check Dam near village Majhipada of Baragochha GP in Kantamal Block of Boudh District.,"52,00,560",Civil Works - Others,,ONLINE/05/BMID/2022-23,2022_CEMIB_83327_2,Open Tender,Works,Nil,Nil,"5,216,776",21-Dec-2022,"INR 5,216,776",NA,Boudh,Boudh,Boudh,"'KANTAMAL', 'MAJHIPADA', 'BARAGOCHHA'",KANTAMAL,,KANTAMAL,KANTAMAL,KANTAMAL
294,Construction of Mrutunjayapur-I Check Dam near village Mrutunjayapur of Dapala GP in Kantamal Block of Boudh District for 2022-23,Kantamal,762017,"CE,Minor Irrigation,BBSR||SESMIC-BERHAMPUR||EE,MI Divn, Boudh","EE, Minor Irrigation Division, Boudh",Construction of Mrutunjayapur-I Check Dam near village Mrutunjayapur of Dapala GP in Kantamal Block of Boudh District for 2022-23,"59,70,687",Civil Works - Others,,08/BMID/2022-2023,2022_CEMIB_84019_8,Open Tender,Works,Nil,Nil,"5,989,303",03-Feb-2023,"INR 5,989,303",NA,Boudh,Boudh,Boudh,"'KANTAMAL', 'DAPALA', 'MRUTUNJAYAPUR'",KANTAMAL,,KANTAMAL,KANTAMAL,KANTAMAL
295,Construction of Mrutunjayapur-II Check Dam near village Mrutunjayapur of Dapala GP in Kantamal Block of Boudh District for 2022-23,Kantamal,762017,"CE,Minor Irrigation,BBSR||SESMIC-BERHAMPUR||EE,MI Divn, Boudh","EE, Minor Irrigation Division, Boudh",Construction of Mrutunjayapur-II Check Dam near village Mrutunjayapur of Dapala GP in Kantamal Block of Boudh District for 2022-23,"84,64,812",Civil Works - Others,,08/BMID/2022-2023,2022_CEMIB_84019_9,Open Tender,Works,Nil,Nil,"8,491,205",03-Feb-2023,"INR 8,491,205",NA,Boudh,Boudh,Boudh,"'KANTAMAL', 'DAPALA', 'MRUTUNJAYAPUR'",KANTAMAL,,KANTAMAL,KANTAMAL,KANTAMAL
305,Construction of Padmanpur-II Check Dam near village Padmanpur of Padmanpur GP in Boudh Block of Boudh District for 2022-23,Boudh,762014,"CE,Minor Irrigation,BBSR||SESMIC-BERHAMPUR||EE,MI Divn, Boudh","SE, Minor Irrigation Division, Boudh",Construction of Padmanpur-II Check Dam near village Padmanpur of Padmanpur GP in Boudh Block of Boudh District for 2022-23,"40,13,197",Civil Works - Others,,12/BMID/2022-2023,2023_CEMIB_86011_3,Open Tender,Works,Nil,Nil,3411619,13-Mar-2023,INR 4025711.0,NA,Boudh,Boudh,Boudh,,BOUDH,,PADMANPUR,BOUDH,BOUDH
306,Construction of Padmanpur-III Check Dam near village Padmanpur of Padmanpur GP in Boudh Block of Boudh District for 2022-23,Boudh,762014,"CE,Minor Irrigation,BBSR||SESMIC-BERHAMPUR||EE,MI Divn, Boudh","SE, Minor Irrigation Division, Boudh",Construction of Padmanpur-III Check Dam near village Padmanpur of Padmanpur GP in Boudh Block of Boudh District for 2022-23,"54,30,771",Civil Works - Others,,12/BMID/2022-2023,2023_CEMIB_86011_4,Open Tender,Works,Nil,Nil,4616698,13-Mar-2023,INR 5447704.0,NA,Boudh,Boudh,Boudh,,BOUDH,,PADMANPUR,BOUDH,BOUDH
308,Construction of Panjana Check Dam near village Panjana of Sagada GP in Boudh Block of Boudh District,Boudh,762014,"CE,Minor Irrigation,BBSR||SESMIC-BERHAMPUR||EE,MI Divn, Boudh","EE, Minor Irrigation Division, Boudh",Construction of Panjana Check Dam near village Panjana of Sagada GP in Boudh Block of Boudh District,"83,09,697",Civil Works - Others,,ONLINE/05/BMID/2022-23,2022_CEMIB_83327_6,Open Tender,Works,Nil,Nil,"8,335,607",21-Dec-2022,"INR 8,335,607",NA,Boudh,Boudh,Boudh,"'SAGADA', 'PANJANA'",BOUDH,,SAGADA,BOUDH,BOUDH
319,Construction of Pilabasangi(Nalaghai) Check Dam near village Baramunda of Talagaon GP in Harabhanga Block of Boudh District,Harabhanga,762020,"CE,Minor Irrigation,BBSR||SESMIC-BERHAMPUR||EE,MI Divn, Boudh","EE, Minor Irrigation Division, Boudh",Construction of Pilabasangi(Nalaghai) Check Dam near village Baramunda of Talagaon GP in Harabhanga Block of Boudh District,"27,10,612",Civil Works - Others,,ONLINE/06/BMID/2022-23,2022_CEMIB_83331_6,Open Tender,Works,Nil,Nil,"2,719,063",21-Dec-2022,"INR 2,719,063",NA,Boudh,NA,Boudh,"'HARABHANGA', 'BARAMUNDA'",HARABHANGA,,HARABHANGA,HARABHANGA,HARABHANGA
338,Construction of Rasitaila Nalla Check Dam near village Dakpadar of Talagaon GP in Harabhanga Block of Boudh District,Harabhanga,762020,"CE,Minor Irrigation,BBSR||SESMIC-BERHAMPUR||EE,MI Divn, Boudh","EE, Minor Irrigation Division, Boudh",Construction of Rasitaila Nalla Check Dam near village Dakpadar of Talagaon GP in Harabhanga Block of Boudh District,"33,73,922",Civil Works - Others,,ONLINE/06/BMID/2022-23,2022_CEMIB_83331_4,Open Tender,Works,Nil,Nil,"3,384,441",21-Dec-2022,"INR 3,384,441",NA,Boudh,NA,Boudh,'HARABHANGA',HARABHANGA,,HARABHANGA,HARABHANGA,HARABHANGA
349,Construction of Ringapada-I check dam over Kalimuhani Nalla near village Barhapurof Narayan Prasad GP in Kantamal Block of Boudh District,Kantamal,762017,"CE,Minor Irrigation,BBSR||SESMIC-BERHAMPUR||EE,MI Divn, Boudh","EE, Minor Irrigation Division, Boudh",Construction of Ringapada-I check dam over Kalimuhani Nalla near village Barhapurof Narayan Prasad GP in Kantamal Block of Boudh District,"80,73,939",Civil Works - Others,,ONLINE/04/BMID/2022-2023,2022_CEMIB_82171_6,Open Tender,Works,Nil,Nil,"6,863,656",23-Nov-2022,"INR 6,863,656",NA,Boudh,Boudh,Boudh,"'KANTAMAL', 'RINGAPADA'",KANTAMAL,,KANTAMAL,KANTAMAL,KANTAMAL
350,Construction of Ringapada-II check dam over Kalimuhani Nalla near village Barhapurof Narayan Prasad GP in Kantamal Block of Boudh District.,Kantamal,762017,"CE,Minor Irrigation,BBSR||SESMIC-BERHAMPUR||EE,MI Divn, Boudh","EE, Minor Irrigation Division, Boudh",Construction of Ringapada-II check dam over Kalimuhani Nalla near village Barhapurof Narayan Prasad GP in Kantamal Block of Boudh District.,"81,23,298",Civil Works - Others,,ONLINE/04/BMID/2022-2023,2022_CEMIB_82171_7,Open Tender,Works,Nil,Nil,"6,905,615",23-Nov-2022,"INR 6,905,615",NA,Boudh,Boudh,Boudh,"'KANTAMAL', 'RINGAPADA'",KANTAMAL,,KANTAMAL,KANTAMAL,KANTAMAL
369,Construction of Sagiripada check dam over Samaleswari Nalla near village Sagiripada of Ambgaon GP in Kantamal Block of Boudh District.,Kantamal,762017,"CE,Minor Irrigation,BBSR||SESMIC-BERHAMPUR||EE,MI Divn, Boudh","EE, Minor Irrigation Division, Boudh",Construction of Sagiripada check dam over Samaleswari Nalla near village Sagiripada of Ambgaon GP in Kantamal Block of Boudh District.,"74,15,724",Civil Works - Others,,ONLINE/04/BMID/2022-2023,2022_CEMIB_82171_8,Open Tender,Works,Nil,Nil,"6,304,107",23-Nov-2022,"INR 6,304,107",NA,Boudh,Boudh,Boudh,'KANTAMAL',KANTAMAL,,KANTAMAL,KANTAMAL,KANTAMAL
373,Construction of Sanbagbar Check Dam near village Bagbar of Sarasara GP in Harabhanga Block of Boudh District for 2022-23,Harabhanga,762020,"CE,Minor Irrigation,BBSR||SESMIC-BERHAMPUR||EE,MI Divn, Boudh","EE, Minor Irrigation Division, Boudh",Construction of Sanbagbar Check Dam near village Bagbar of Sarasara GP in Harabhanga Block of Boudh District for 2022-23,"79,99,390",Civil Works - Others,,08/BMID/2022-2023,2022_CEMIB_84019_3,Open Tender,Works,Nil,Nil,"8,024,332",03-Feb-2023,"INR 8,024,332",NA,Boudh,NA,Boudh,"'HARABHANGA', 'SARASARA'",HARABHANGA,,HARABHANGA,HARABHANGA,HARABHANGA
375,Construction of Satakhanda check dam over Satakhanda Nalla near village Satakhanda of Mahalikpada GP in Harabhanga Block of Boudh District,Harabhanga,762020,"CE,Minor Irrigation,BBSR||SESMIC-BERHAMPUR||EE,MI Divn, Boudh","EE, Minor Irrigation Division, Boudh",Construction of Satakhanda check dam over Satakhanda Nalla near village Satakhanda of Mahalikpada GP in Harabhanga Block of Boudh District,"50,10,702",Civil Works - Others,,ONLINE/04/BMID/2022-2023,2022_CEMIB_82171_5,Open Tender,Works,Nil,Nil,"4,259,598",23-Nov-2022,"INR 4,259,598",NA,Boudh,NA,Boudh,"'HARABHANGA', 'SATAKHANDA', 'MAHALIKPADA'",HARABHANGA,,MAHALIKPADA,HARABHANGA,HARABHANGA
390,Construction of Tentulimunda Check Dam near village Tentulimunda of Uma GP in Kantamal Block of Boudh District for 2022-23,Kantamal,762017,"CE,Minor Irrigation,BBSR||SESMIC-BERHAMPUR||EE,MI Divn, Boudh","EE, Minor Irrigation Division, Boudh",Construction of Tentulimunda Check Dam near village Tentulimunda of Uma GP in Kantamal Block of Boudh District for 2022-23,"79,86,145",Civil Works - Others,,08/BMID/2022-2023,2022_CEMIB_84019_13,Open Tender,Works,Nil,Nil,"8,011,046",03-Feb-2023,"INR 8,011,046",NA,Boudh,Boudh,Boudh,"'TENTULIMUNDA', 'KANTAMAL', 'UMA'",KANTAMAL,,UMA,KANTAMAL,KANTAMAL
391,Construction of Thapapali Check Dam near village Thapapali of Gochhapada GP in Boudh Block of Boudh District for 2022-23,Boudh,762014,"CE,Minor Irrigation,BBSR||SESMIC-BERHAMPUR||EE,MI Divn, Boudh","EE, Minor Irrigation Division, Boudh",Construction of Thapapali Check Dam near village Thapapali of Gochhapada GP in Boudh Block of Boudh District for 2022-23,"51,73,268",Civil Works - Others,,08/BMID/2022-2023,2022_CEMIB_84019_5,Open Tender,Works,Nil,Nil,"5,189,399",03-Feb-2023,"INR 5,189,399",NA,Boudh,Boudh,Boudh,"'GOCHHAPADA', 'THAPAPALI'",BOUDH,,GOCHHAPADA,BOUDH,BOUDH
394,Construction of Tokeipali Check Dam near village Tokeipali of Dapala GP in Kantamal Block of Boudh District,Kantamal,762017,"CE,Minor Irrigation,BBSR||SESMIC-BERHAMPUR||EE,MI Divn, Boudh","EE, Minor Irrigation Division, Boudh",Construction of Tokeipali Check Dam near village Tokeipali of Dapala GP in Kantamal Block of Boudh District,"54,32,147",Civil Works - Others,,ONLINE/05/BMID/2022-23,2022_CEMIB_83327_1,Open Tender,Works,Nil,Nil,"5,449,084",21-Dec-2022,"INR 5,449,084",NA,Boudh,Boudh,Boudh,"'KANTAMAL', 'DAPALA', 'TOKEIPALI'",KANTAMAL,,KANTAMAL,KANTAMAL,KANTAMAL
395,Construction of Tunikhamar Check Dam near village Tunikhamar of Gundulia GP in Boudh Block of Boudh District for 2022-23,Boudh,762014,"CE,Minor Irrigation,BBSR||SESMIC-BERHAMPUR||EE,MI Divn, Boudh","SE, Minor Irrigation Division, Boudh",Construction of Tunikhamar Check Dam near village Tunikhamar of Gundulia GP in Boudh Block of Boudh District for 2022-23,"86,81,960",Civil Works - Others,,12/BMID/2022-2023,2023_CEMIB_86011_2,Open Tender,Works,Nil,Nil,7380535,13-Mar-2023,INR 8709031.0,NA,Boudh,Boudh,Boudh,"'TUNIKHAMAR', 'GUNDULIA'",BOUDH,,GUNDULIA,BOUDH,BOUDH
396,Construction of Tutumsingh-I Check Dam near village Tutumsingh of Tikarpada GP in Boudh Block of Boudh District for 2022-23,Boudh,762014,"CE,Minor Irrigation,BBSR||SESMIC-BERHAMPUR||EE,MI Divn, Boudh","EE, Minor Irrigation Division, Boudh",Construction of Tutumsingh-I Check Dam near village Tutumsingh of Tikarpada GP in Boudh Block of Boudh District for 2022-23,"88,24,442",Civil Works - Others,,08/BMID/2022-2023,2022_CEMIB_84019_7,Open Tender,Works,Nil,Nil,"8,851,956",03-Feb-2023,"INR 8,851,956",NA,Boudh,Boudh,Boudh,,BOUDH,,,BOUDH,BOUDH
917,"Repair, Renovation and Restoration of Bakapali MIP in Boudh Block under RRR Scheme for the year 2022-23",Boudh,762014,"CE,Minor Irrigation,BBSR||SESMIC-BERHAMPUR||EE,MI Divn, Boudh","SE, Minor Irrigation Division, Boudh","Repair, Renovation and Restoration of Bakapali MIP in Boudh Block under RRR Scheme for the year 2022-23","18,16,950",Civil Works - Others,,09/BMID/2022-2023,2023_CEMIB_85319_2,Open Tender,Works,Nil,Nil,"1,822,615",21-Feb-2023,"INR 1,822,615",NA,Boudh,Boudh,Boudh,'BAKAPALI',BOUDH,,,BOUDH,BOUDH
919,"Repair, Renovation and Restoration of Bijapadar MIP in Boudh Block under RRR Scheme for the year 2022-23",Boudh,762014,"CE,Minor Irrigation,BBSR||SESMIC-BERHAMPUR||EE,MI Divn, Boudh","SE, Minor Irrigation Division, Boudh","Repair, Renovation and Restoration of Bijapadar MIP in Boudh Block under RRR Scheme for the year 2022-23","20,32,228",Civil Works - Others,,09/BMID/2022-2023,2023_CEMIB_85319_3,Open Tender,Works,Nil,Nil,"2,038,565",21-Feb-2023,"INR 2,038,565",NA,Boudh,Boudh,Boudh,'BIJAPADAR',BOUDH,,,BOUDH,BOUDH
920,"Repair, Renovation and Restoration of Bijapadar-Bhuktpada MIP in Boudh Block under RRR Scheme for the year 2022-23",Boudh,762014,"CE,Minor Irrigation,BBSR||SESMIC-BERHAMPUR||EE,MI Divn, Boudh","SE, Minor Irrigation Division, Boudh","Repair, Renovation and Restoration of Bijapadar-Bhuktpada MIP in Boudh Block under RRR Scheme for the year 2022-23","25,79,867",Civil Works - Others,,09/BMID/2022-2023,2023_CEMIB_85319_4,Open Tender,Works,Nil,Nil,"2,587,911",21-Feb-2023,"INR 2,587,911",NA,Boudh,Boudh,Boudh,'BIJAPADAR',BOUDH,,,BOUDH,BOUDH
921,"Repair, Renovation and Restoration of Dumduma MIP in Boudh Block under RRR Scheme for the year 2022-23",Boudh,762014,"CE,Minor Irrigation,BBSR||SESMIC-BERHAMPUR||EE,MI Divn, Boudh","EE, Minor Irrigation Division, Boudh","Repair, Renovation and Restoration of Dumduma MIP in Boudh Block under RRR Scheme for the year 2022-23","33,85,913",Civil Works - Others,,Online 02/BMID/2022-23,2022_CEMIB_77571_3,Open Tender,Works,Nil,Nil,"2,878,364",02-Jun-2022,"INR 3,223,768",NA,Boudh,Boudh,Boudh,,BOUDH,,,BOUDH,BOUDH
922,"Repair, Renovation and Restoration of Hatimunda MIP in Boudh Block under RRR Scheme for the year 2022-23",Boudh,762014,"CE,Minor Irrigation,BBSR||SESMIC-BERHAMPUR||EE,MI Divn, Boudh","SE, Minor Irrigation Division, Boudh","Repair, Renovation and Restoration of Hatimunda MIP in Boudh Block under RRR Scheme for the year 2022-23","12,90,408",Civil Works - Others,,09/BMID/2022-2023,2023_CEMIB_85319_5,Open Tender,Works,Nil,Nil,"1,294,432",21-Feb-2023,"INR 1,294,432",NA,Boudh,Boudh,Boudh,,BOUDH,,,BOUDH,BOUDH
923,"Repair, Renovation and Restoration of Jamulapadar MIP in Kantamal Block under RRR Scheme for the year 2022-23",Kantamal,762017,"CE,Minor Irrigation,BBSR||SESMIC-BERHAMPUR||EE,MI Divn, Boudh","EE, Minor Irrigation Division, Boudh","Repair, Renovation and Restoration of Jamulapadar MIP in Kantamal Block under RRR Scheme for the year 2022-23","31,79,671",Civil Works - Others,,Online 02/BMID/2022-23,2022_CEMIB_77571_4,Open Tender,Works,Nil,Nil,"2,703,038",02-Jun-2022,"INR 3,027,402",NA,Boudh,Boudh,Boudh,'KANTAMAL',KANTAMAL,,KANTAMAL,KANTAMAL,KANTAMAL
924,"Repair, Renovation and Restoration of Jogendrapur MIP in Kantamal Block under RRR Scheme for the year 2022-23",Kantamal,762017,"CE,Minor Irrigation,BBSR||SESMIC-BERHAMPUR||EE,MI Divn, Boudh","SE, Minor Irrigation Division, Boudh","Repair, Renovation and Restoration of Jogendrapur MIP in Kantamal Block under RRR Scheme for the year 2022-23","46,07,970",Civil Works - Others,,09/BMID/2022-2023,2023_CEMIB_85319_7,Open Tender,Works,Nil,Nil,"4,622,338",21-Feb-2023,"INR 4,622,338",NA,Boudh,Boudh,Boudh,'KANTAMAL',KANTAMAL,,KANTAMAL,KANTAMAL,KANTAMAL
926,"Repair, Renovation and Restoration of Narayanaprasad MIP in Kantamal Block under RRR Scheme for the year 2022-23",Kantamal,762017,"CE,Minor Irrigation,BBSR||SESMIC-BERHAMPUR||EE,MI Divn, Boudh","EE, Minor Irrigation Division, Boudh","Repair, Renovation and Restoration of Narayanaprasad MIP in Kantamal Block under RRR Scheme for the year 2022-23","25,17,993",Civil Works - Others,,Online 02/BMID/2022-23,2022_CEMIB_77571_5,Open Tender,Works,Nil,Nil,"2,140,546",02-Jun-2022,"INR 2,397,412",NA,Boudh,Boudh,Boudh,'KANTAMAL',KANTAMAL,,KANTAMAL,KANTAMAL,KANTAMAL
927,"Repair, Renovation and Restoration of Nuapali MIP in Kantamal Block under RRR Scheme for the year 2022-23",Kantamal,762017,"CE,Minor Irrigation,BBSR||SESMIC-BERHAMPUR||EE,MI Divn, Boudh","SE, Minor Irrigation Division, Boudh","Repair, Renovation and Restoration of Nuapali MIP in Kantamal Block under RRR Scheme for the year 2022-23","16,42,619",Civil Works - Others,,09/BMID/2022-2023,2023_CEMIB_85319_8,Open Tender,Works,Nil,Nil,"1,647,740",21-Feb-2023,"INR 1,647,740",NA,Boudh,Boudh,Boudh,"'KANTAMAL', 'NUAPALI'",KANTAMAL,,KANTAMAL,KANTAMAL,KANTAMAL
928,"Repair, Renovation and Restoration of Penajore MIP in Kantamal Block under RRR Scheme for the year 2022-23",Kantamal,762017,"CE,Minor Irrigation,BBSR||SESMIC-BERHAMPUR||EE,MI Divn, Boudh","SE, Minor Irrigation Division, Boudh","Repair, Renovation and Restoration of Penajore MIP in Kantamal Block under RRR Scheme for the year 2022-23","56,34,650",Civil Works - Others,,10/BMID/2022-2023,2023_CEMIB_85594_2,Open Tender,Works,Nil,Nil,5652218,02-Mar-2023,INR 5652218.0,NA,Boudh,Boudh,Boudh,'KANTAMAL',KANTAMAL,,KANTAMAL,KANTAMAL,KANTAMAL
929,"Repair, Renovation and Restoration of Ratanpur MIP in Boudh Block under RRR Scheme for the year 2022-23",Boudh,762014,"CE,Minor Irrigation,BBSR||SESMIC-BERHAMPUR||EE,MI Divn, Boudh","EE, Minor Irrigation Division, Boudh","Repair, Renovation and Restoration of Ratanpur MIP in Boudh Block under RRR Scheme for the year 2022-23","37,53,947",Civil Works - Others,,Online 02/BMID/2022-23,2022_CEMIB_77571_2,Open Tender,Works,Nil,Nil,"3,191,230",02-Jun-2022,"INR 3,574,178",NA,Boudh,Boudh,Boudh,'RATANPUR',BOUDH,,,BOUDH,BOUDH
930,"Repair, Renovation and Restoration of Tabada MIP in Kantamal Block under RRR Scheme for the year 2022-23",Kantamal,762017,"CE,Minor Irrigation,BBSR||SESMIC-BERHAMPUR||EE,MI Divn, Boudh","SE, Minor Irrigation Division, Boudh","Repair, Renovation and Restoration of Tabada MIP in Kantamal Block under RRR Scheme for the year 2022-23","14,99,693",Civil Works - Others,,09/BMID/2022-2023,2023_CEMIB_85319_6,Open Tender,Works,Nil,Nil,"1,504,369",21-Feb-2023,"INR 1,504,369",NA,Boudh,Boudh,Boudh,"'KANTAMAL', 'TABADA'",KANTAMAL,,KANTAMAL,KANTAMAL,KANTAMAL
147,Construction of Bridge over Lilari Nallah on NH-200 to Dhumal PS road in the District of Jharsuguda under BSY.,Jharsuguda,768203,CE RW I||RW-CIRCLE-SUNDARGARH,"Office of the C.C.E, R.W Circle, Sundargarh",Construction of Bridge over Lilari Nallah on NH-200 to Dhumal PS road in the District of Jharsuguda under BSY.,"5,97,94,357",Civil Works - Bridges,,RWCCESNG-05 Of 2022-23,2022_CERWI_77162_2,National Competitive Bid,Works,Nil,Nil,"53,820,900.68",26-Jul-2022,"INR 59,794,356.94",NA,Jharsuguda,Jharsuguda,Jharsuguda,,JHARSUGUDA,,,JHARSUGUDA,JHARSUGUDA
148,Construction of Bridge over Lilari Nallah on Pipilimal to Banjari road in the District of Jharsuguda under BSY.,Jharsuguda,768203,CE RW I||RW-CIRCLE-SUNDARGARH,"Office of the C.C.E, R.W Circle, Sundargarh",Construction of Bridge over Lilari Nallah on Pipilimal to Banjari road in the District of Jharsuguda under BSY.,"4,86,26,925",Civil Works - Bridges,,RWCCESNG-05 Of 2022-23,2022_CERWI_77162_1,National Competitive Bid,Works,Nil,Nil,"43,681,566.80",07-Jul-2022,"INR 48,626,925.09",NA,Jharsuguda,Jharsuguda,Jharsuguda,,JHARSUGUDA,,BANJARI,JHARSUGUDA,JHARSUGUDA
261,Construction of H.L. Bridge over Ghudadiha Nallah on Mauliberna to Pikol road in the district of Jharsuguda under BSY for the year 2021-22.,Jharsuguda,768203,CE RW I||RW-CIRCLE-SUNDARGARH,"Office of the C.C.E, R.W Circle, Sundargarh",Construction of H.L. Bridge over Ghudadiha Nallah on Mauliberna to Pikol road in the district of Jharsuguda under BSY for the year 2021-22.,"2,46,41,679",Civil Works - Bridges,,RWCCESNG-24 OF 2021-22,2021_CERWI_75007_1,National Competitive Bid,Works,Nil,Nil,"26,982,639",03-Jun-2022,"INR 24,641,679",NA,Jharsuguda,Jharsuguda,Jharsuguda,"'MAULIBERNA', 'PIKOL'",JHARSUGUDA,,,JHARSUGUDA,JHARSUGUDA
262,Construction of H.L. Bridge over Local Nallah at Ch.0/800 Km on Negipali to OPGC road in the district of Jharsuguda under BSY for the year 2021-22.,Jharsuguda,768203,CE RW I||RW-CIRCLE-SUNDARGARH,"Office of the C.C.E, R.W Circle, Sundargarh",Construction of H.L. Bridge over Local Nallah at Ch.0/800 Km on Negipali to OPGC road in the district of Jharsuguda under BSY for the year 2021-22.,"2,82,76,952",Civil Works - Bridges,,RWCCESNG-24 OF 2021-22,2021_CERWI_75007_2,National Competitive Bid,Works,Nil,Nil,"24,038,236.55",03-Jun-2022,"INR 28,276,951.59",NA,Jharsuguda,Jharsuguda,Jharsuguda,,JHARSUGUDA,,,JHARSUGUDA,JHARSUGUDA
263,Construction of H.L.Bridge over Local Nallah at Ch.0/700 Km on Piplikani to Kumarbandha road in the Dist. of Jharsuguda under BSY for the year 2021-22.,Jharsuguda,768203,CE RW I||RW-CIRCLE-SUNDARGARH,"Office of the C.C.E, R.W Circle, Sundargarh",Construction of H.L. Bridge over Local Nallah at Ch.0/700 Km on Piplikani to Kumarbandh road in the district of Jharsuguda under BSY for the year 2021-22.,"2,55,24,940",Civil Works - Bridges,,RWCCESNG-24 OF 2021-22,2021_CERWI_75007_3,National Competitive Bid,Works,Nil,Nil,"22,604,886.73",03-Jun-2022,"INR 25,524,940",NA,Jharsuguda,Jharsuguda,Jharsuguda,,JHARSUGUDA,,PIPLIKANI,JHARSUGUDA,JHARSUGUDA
334,Construction of protection work for the Bridge approach over Sukhasoda Nallah on Sukhasoda Kokeimuhan road in the district of Jharsuguda,Jharsuguda,768204,CE RW I||RW-CIRCLE-SUNDARGARH||RW-Division-Jharsuguda,Division Office Jharsuguda,Construction of protection work for the Bridge approach over Sukhasoda Nallah on Sukhasoda Kokeimuhan road in the district of Jharsuguda,"19,49,000",Civil Works - Bridges,,Online - SEJSG-18 of 2021-22,2022_CERWI_76494_1,Open Tender,Works,Nil,Nil,"1,656,485",22-Apr-2022,"INR 1,656,485",NA,Jharsuguda,Jharsuguda,Jharsuguda,,JHARSUGUDA,,,JHARSUGUDA,JHARSUGUDA
340,"Construction of RCC Drain and 1x1000mm dia H.P. Culvert at Office- Cum- Residential Building of Collector, Jharsuguda for the year 2020-21",JHARSUGUDA,768202,EIC-CIVIL||SERNB-CIRCLE-NORTHERN||EERNB-DIVN-JHARSUGUDA,O/O the EE Jharsuguda R and B Division,"Construction of RCC Drain and 1x1000mm dia H.P. Culvert at Office- Cum- Residential Building of Collector, Jharsuguda for the year 2020-21","17,62,527",Civil Works - Others,DRAIN AND CULVERT,Bid Identification No-EE-RandB-JSG- 09 OF 2021-22,2021_EICCL_72087_1,Open Tender,Works,Nil,Nil,"1,498,324",23-Jul-2022,"INR 1,498,324",NA,Jharsuguda,Jharsuguda,Jharsuguda,,JHARSUGUDA,,,JHARSUGUDA,JHARSUGUDA
896,Repair to Bridge over Balijori Nallah on Bhimjore- Budhapada road via. Kalupada for 2021-22.,Jharsuguda,768204,CE RW I||RW-CIRCLE-SUNDARGARH||RW-Division-Jharsuguda,Division Office Jharsuguda,Repair to Bridge over Balijori Nallah on Bhimjore- Budhapada road via. Kalupada for 2021-22.,"1,94,000",Civil Works - Roads,,Online - SEJSG-09 of 2021-22,2021_CERWI_73469_4,Open Tender,Works,Nil,Nil,"164,895",22-Apr-2022,"INR 164,895",NA,NA,Jharsuguda,Jharsuguda,,,,BHIMJORE,JHARSUGUDA,JHARSUGUDA
897,Repair to H.L. Bridge over River Saraswati Nallah on 1st Km on N.H. -49 to Betjharan road for the year 2021-22,Jharsuguda,768204,CE RW I||RW-CIRCLE-SUNDARGARH||RW-Division-Jharsuguda,Division Office Jharsuguda,Repair to H.L. Bridge over River Saraswati Nallah on 1st Km on N.H. -49 to Betjharan road for the year 2021-22,"1,94,000",Civil Works - Bridges,,Online - SEJSG-15 of 2021-22,2021_CERWI_75221_1,Open Tender,Works,Nil,Nil,"191,930",22-Apr-2022,"INR 191,930",NA,NA,Jharsuguda,Jharsuguda,'BETJHARAN',LAKHANPUR,,,JHARSUGUDA,JHARSUGUDA
898,Repair to H.L. Bridge over Sukhasada Nallah on Sukhasada to Kakeimuhan road for the year 2021-22,Jharsuguda,768204,CE RW I||RW-CIRCLE-SUNDARGARH||RW-Division-Jharsuguda,Division Office Jharsuguda,Repair to H.L. Bridge over Sukhasada Nallah on Sukhasada to Kakeimuhan road for the year 2021-22,"2,65,000",Civil Works - Roads,,Online - SEJSG-09 of 2021-22,2021_CERWI_73469_6,Open Tender,Works,Nil,Nil,"224,872",22-Apr-2022,"INR 224,872",NA,NA,Jharsuguda,Jharsuguda,,,,,JHARSUGUDA,JHARSUGUDA
14,4) Installation of Recharge Shaft cum Monitoring Station at and nos. locations of Bhandaripokhari Block and 7nos. of locations of Dhamnagar Block of Bhadrak District,Baripada,757001,Ground Water Survey and Investigation,"Deputy Director Geology, GWD Division Baripada",Installation of Recharge Shaft cum Monitoring Station at and nos. locations of Bhandaripokhari Block and 7nos. of locations of Dhamnagar Block of Bhadrak District,"31,71,520",Civil Works - Others,,03-06/GWBPD/ARUA/2022-23,2022_GWSI_84355_4,Open Tender,Works,Nil,Nil,"3,326,924",07-Feb-2023,"INR 3,326,924",NA,Bhadrak,NA,Bhadrak,,BHADRAK,,,BHADRAK,BHADRAK
198,"Construction of Culvert near Papu Karua house on the Damu hutting-Jagada Sahi Road, Ward No.15",Barbil,758035,Municipal Bodies||Barbil Municipality,Barbil Municipality Office,"Construction of Culvert near Papu Karua house on the Damu hutting-Jagada Sahi Road, Ward No.15","2,80,000",Civil Works - Others,,BBLM-2/2022-23,2022_ORULB_79787_55,Open Tender,Works,Nil,Nil,"287,407.17",15-Sep-2022,"INR 320,366",NA,NA,Kendujhar,Kendujhar,,,,,BHADRAK,BHADRAK
219,"Construction of Drain from Anganwadi Centre to Suru Bag house, near Gour garage, Ward No.9",Barbil,758035,Municipal Bodies||Barbil Municipality,Barbil Municipality Office,"Construction of Drain from Anganwadi Centre to Suru Bag house, near Gour garage, Ward No.9","5,00,000",Civil Works - Others,,BBLM-2/2022-23,2022_ORULB_79787_35,Open Tender,Works,Nil,Nil,"504,500.27",14-Sep-2022,"INR 565,040",NA,NA,Kendujhar,Kendujhar,,,,,BHADRAK,BHADRAK
220,"Construction of Drain from Bai hutting towards K. P. Singh house near Football field, Nalda, Ward No.1",Barbil,758035,Municipal Bodies||Barbil Municipality,Barbil Municipality Office,"Construction of Drain from Bai hutting towards K. P. Singh house near Football field, Nalda, Ward No.1","5,00,000",Civil Works - Others,,BBLM-2/2022-23,2022_ORULB_79787_2,Open Tender,Works,Nil,Nil,"511,041.81",22-Sep-2022,"INR 572,367",NA,NA,Kendujhar,Kendujhar,,,,,BHADRAK,BHADRAK
223,"Construction of Drain from Mahanta Basti Jahira to Basti road, Ward No.7",Barbil,758035,Municipal Bodies||Barbil Municipality,Barbil Municipality Office,"Construction of Drain from Mahanta Basti Jahira to Basti road, Ward No.7","5,00,000",Civil Works - Others,,BBLM-2/2022-23,2022_ORULB_79787_26,Open Tender,Works,Nil,Nil,"512,335.62",21-Sep-2022,"INR 572,067",NA,NA,Kendujhar,Kendujhar,,,,,BHADRAK,BHADRAK
224,"Construction of drain from Mahanta bsti Jahira to Basti road, Ward No.7 (Balance work)",Barbil,758035,Municipal Bodies||Barbil Municipality,Barbil Municipality office,"Construction of drain from Mahanta bsti Jahira to Basti road, Ward No.7 (Balance work)","5,00,000",Civil Works - Roads,,BBLM-4/2022-23,2022_ORULB_82612_27,Open Tender,Works,Nil,Nil,"485,154.10",20-Feb-2023,"INR 485,154.1",NA,NA,Kendujhar,Kendujhar,,,,,BHADRAK,BHADRAK
227,"Construction of Drain from Muna Mohanty house to Lalit Mahanta house, Sadhusingh hutting, Ward No.15",Barbil,758035,Municipal Bodies||Barbil Municipality,Barbil Municipality Office,"Construction of Drain from Muna Mohanty house to Lalit Mahanta house, Sadhusingh hutting, Ward No.15","5,00,000",Civil Works - Roads,,BBLM-2/2022-23,2022_ORULB_79787_53,Open Tender,Works,Nil,Nil,"511,037.52",20-Sep-2022,"INR 577,948",NA,NA,Kendujhar,Kendujhar,,,,,BHADRAK,BHADRAK
233,"Construction of drain from Rosalin Lakra house towards Bina Thakkar house, Baghiaburu, Ward No.9 (Balance work)",Barbil,758035,Municipal Bodies||Barbil Municipality,Barbil Municipality office,"Construction of drain from Rosalin Lakra house towards Bina Thakkar house, Baghiaburu, Ward No.9 (Balance work)","4,98,000",Civil Works - Others,,BBLM-4/2022-23,2022_ORULB_82612_18,Open Tender,Works,Nil,Nil,"483,145.85",17-Feb-2023,"INR 483,145.85",NA,NA,Kendujhar,Kendujhar,,,,,BHADRAK,BHADRAK
234,"Construction of Drain from Rosalin Lakra house towards Bina Thakker house, Baghiaburu, Ward No.9",Barbil,758035,Municipal Bodies||Barbil Municipality,Barbil Municipality Office,"Construction of Drain from Rosalin Lakra house towards Bina Thakker house, Baghiaburu, Ward No.9","5,00,000",Civil Works - Others,,BBLM-2/2022-23,2022_ORULB_79787_36,Open Tender,Works,Nil,Nil,"510,381.29",21-Sep-2022,"INR 571,627",NA,NA,Kendujhar,Kendujhar,,,,,BHADRAK,BHADRAK
235,"Construction of Drain from Samal sahi to PHD School, Ward No.8",Barbil,758035,Municipal Bodies||Barbil Municipality,Barbil Municipality Office,"Construction of Drain from Samal sahi to PHD School, Ward No.8","5,00,000",Civil Works - Others,,BBLM-2/2022-23,2022_ORULB_79787_30,Open Tender,Works,Nil,Nil,"508,933.93",20-Sep-2022,"INR 570,006",NA,NA,Kendujhar,Kendujhar,,,,,BHADRAK,BHADRAK
236,"Construction of drain from Samal sahi to PHD School, Ward No.8 (Balance work)",Barbil,758035,Municipal Bodies||Barbil Municipality,Barbil Municipality office,"Construction of drain from Samal sahi to PHD School, Ward No.8 (Balance work)","5,00,000",Civil Works - Others,,BBLM-4/2022-23,2022_ORULB_82612_19,Open Tender,Works,Nil,Nil,"486,886.82",17-Feb-2023,"INR 486,886.82",NA,NA,Kendujhar,Kendujhar,,,,,BHADRAK,BHADRAK
238,"Construction of drain from Sri Sudhir Mahanta house to existing drain, Santabahal, Ward No.8",Barbil,758035,Municipal Bodies||Barbil Municipality,Barbil Municipality Office,"Construction of drain from Sri Sudhir Mahanta house to existing drain, Santabahal, Ward No.8","4,87,000",Civil Works - Others,,BBLM-2/2022-23,2022_ORULB_79787_28,Open Tender,Works,Nil,Nil,"495,515.22",08-Sep-2022,"INR 554,977",NA,NA,Kendujhar,Kendujhar,,,,,BHADRAK,BHADRAK
332,"Construction of protection wall in West side of Poura Bhawan, Ward No.15 (Balance work)",Barbil,758035,Municipal Bodies||Barbil Municipality,Barbil Municipality Office,"Construction of protection wall in West side of Poura Bhawan, Ward No.15 (Balance work)","4,99,600",Civil Works - Others,,BBLM-4/2022-23,2022_ORULB_82612_38,Open Tender,Works,Nil,Nil,"486,809.64",06-Feb-2023,"INR 567,492",NA,NA,Kendujhar,Kendujhar,,,,,BHADRAK,BHADRAK
354,"Construction of road and drain at Punjabi pada end, Ward No.7",Barbil,758035,Municipal Bodies||Barbil Municipality,Barbil Municipality Office,"Construction of road and drain at Punjabi pada end, Ward No.7","5,00,000",Civil Works - Others,,BBLM-4/2022-23,2022_ORULB_82612_26,Open Tender,Works,Nil,Nil,"484,759.12",17-Feb-2023,"INR 484,759.12",NA,NA,Kendujhar,Kendujhar,,,,,BHADRAK,BHADRAK
355,"Construction of Road and Drain at Souri hutting, Ward No.6",Barbil,758035,Municipal Bodies||Barbil Municipality,Barbil Municipality Office,"Construction of Road and Drain at Souri hutting, Ward No.6","2,91,000",Civil Works - Roads,,BBLM-2/2022-23,2022_ORULB_79787_25,Open Tender,Works,Nil,Nil,"298,245.27",15-Sep-2022,"INR 332,611",NA,NA,Kendujhar,Kendujhar,,,,,BHADRAK,BHADRAK
356,"Construction of road and drain from Babulu Bodha shop to main road (Pradhan babu gali) near Pratik hotel, Ward No.5",Barbil,758035,Municipal Bodies||Barbil Municipality,Barbil Municipality Office,"Construction of road and drain from Babulu Bodha shop to main road (Pradhan babu gali) near Pratik hotel, Ward No.5","3,11,000",Civil Works - Roads,,BBLM-2/2022-23,2022_ORULB_79787_58,Open Tender,Works,Nil,Nil,"313,478.48",14-Sep-2022,"INR 351,096",NA,NA,Kendujhar,Kendujhar,,,,,BHADRAK,BHADRAK
357,"Construction of Road and Drain from Baidhar Das house to Nane Singh house, Sadhusingh hutting, Ward No.15",Barbil,758035,Municipal Bodies||Barbil Municipality,Barbil Municipality Office,"Construction of Road and Drain from Baidhar Das house to Nane Singh house, Sadhusingh hutting, Ward No.15","5,00,000",Civil Works - Others,,BBLM-2/2022-23,2022_ORULB_79787_52,Open Tender,Works,Nil,Nil,"510,724.50",20-Sep-2022,"INR 572,011",NA,NA,Kendujhar,Kendujhar,,,,,BHADRAK,BHADRAK
358,"Construction of Road and Drain from Basti tala dam road to Mr. Kadir house, Ward No.7",Barbil,758035,Municipal Bodies||Barbil Municipality,Barbil Municipality Office,"Construction of Road and Drain from Basti tala dam road to Mr. Kadir house, Ward No.7","4,31,200",Civil Works - Others,,BBLM-2/2022-23,2022_ORULB_79787_27,Open Tender,Works,Nil,Nil,"438,808.82",22-Sep-2022,"INR 491,466",NA,NA,Kendujhar,Kendujhar,,,,,BHADRAK,BHADRAK
360,"Construction of Road and Drain from Kundan Sahu house to Main road, Sedding hutting, Ward No.4",Barbil,758035,Municipal Bodies||Barbil Municipality,Barbil Municipality Office,"Construction of Road and Drain from Kundan Sahu house to Main road, Sedding hutting, Ward No.4","3,92,000",Civil Works - Roads,,BBLM-2/2022-23,2022_ORULB_79787_16,Open Tender,Works,Nil,Nil,"401,984.80",14-Sep-2022,"INR 448,304",NA,NA,Kendujhar,Kendujhar,,,,,BHADRAK,BHADRAK
366,"Construction of Road and Drain near Veterinary hospital, Ward No.11",Barbil,758035,Municipal Bodies||Barbil Municipality,Barbil Municipality Office,"Construction of Road and Drain near Veterinary hospital, Ward No.11","5,00,000",Civil Works - Others,,BBLM-2/2022-23,2022_ORULB_79787_37,Open Tender,Works,Nil,Nil,"513,113.72",22-Sep-2022,"INR 572,238",NA,NA,Kendujhar,Kendujhar,,,,,BHADRAK,BHADRAK
516,"Improvement of road and drain from back side of SBI to Basti road, Ward No.6",Barbil,758035,Municipal Bodies||Barbil Municipality,Barbil Municipality Office,"Improvement of road and drain from back side of SBI to Basti road, Ward No.6","4,99,000",Civil Works - Others,,BBLM-4/2022-23,2022_ORULB_82612_25,Open Tender,Works,Nil,Nil,"486,102.79",17-Feb-2023,"INR 486,102.79",NA,NA,Kendujhar,Kendujhar,,,,,BHADRAK,BHADRAK
614,"Improvement to Podasimila MIP in Jhumpura Block of Keonjhar District under Repair, Renovation and Restoration (RR and R) Scheme for the year 2022-2023.",Jhumpura Block of Keonjhar District,758001,"CE,Minor Irrigation,BBSR||SE,Eastern Minor Irr.Circle,Keonjhar||EE M.I. Division Keonjhar","O/o the SE, M.I. Division, Keonjhar",MIP,"56,09,000",Civil Works - Others,,Bid ID No. 08 SEMID (KJR/ 2022-2023) Dt. 09.01.20,2023_CEMIB_85419_1,National Competitive Bid,Works,Nil,Nil,4768208.08,21-Mar-2023,INR 4768208.08,NA,Kendujhar,Kendujhar,Kendujhar,'JHUMPURA',JHUMPURA,,JHUMPURA,JHUMPURA,JHUMPURA
736,JJPR-15/ 19-20 Restoration to OAE No.11 (abcd) B on Baitarani left from Anandapur to Mallimahara.,Dhamnagar,756117,"CE-BM,LMB Basin,BBSR||SE, Eastern Circle,Cuttack||EE, Jajpur Irr Division,Jajpur","O/o the EE, Jajpur Irrigation Division, Jajpur",Canal embankment,"22,76,215",Civil Works - Canal,,e-Procurement Notice No.01/ 2019-20,2020_CELBB_59018_12,Open Tender,Works,NIL,NIL,"1,872,526",29-May-2022,"INR 1,872,526",NA,Kendujhar,NA,Kendujhar,'BAITARANI',ANANDAPUR,,,ANANDAPUR,ANANDAPUR
868,Renovation of open well of Sundara Nallah at Gada hutting Ward No.10,Barbil,758035,Municipal Bodies||Barbil Municipality,Barbil Municipality Office,Renovation of open well of Sundara Nallah at Gada hutting Ward No.10,"2,45,100",Civil Works - Others,,BBLM-2/2022-23,2022_ORULB_79787_40,Open Tender,Works,Nil,Nil,"251,353.08",15-Sep-2022,"INR 280,584",NA,NA,Kendujhar,Kendujhar,,,,,ANANDAPUR,ANANDAPUR
885,"Repair of Drain and laying of cover slab over Drain at Champua basti, Ward No.13",Barbil,758035,Municipal Bodies||Barbil Municipality,Barbil Municipality Office,"Repair of Drain and laying of cover slab over Drain at Champua basti, Ward No.13","4,86,000",Civil Works - Roads,,BBLM-2/2022-23,2022_ORULB_79787_50,Open Tender,Works,Nil,Nil,"498,870.73",21-Sep-2022,"INR 556,354",NA,Kendujhar,Kendujhar,Kendujhar,,CHAMPUA,,,CHAMPUA,CHAMPUA
886,"Repair of Drain and laying of cover slab over Drain by the side of Municipality office and NAC hutting, Ward No.9",Barbil,758035,Municipal Bodies||Barbil Municipality,Barbil Municipality Office,"Repair of Drain and laying of cover slab over Drain by the side of Municipality office and NAC hutting, Ward No.9","3,87,000",Civil Works - Others,,BBLM-2/2022-23,2022_ORULB_79787_33,Open Tender,Works,Nil,Nil,"383,526.11",15-Sep-2022,"INR 429,549",NA,NA,Kendujhar,Kendujhar,,,,,CHAMPUA,CHAMPUA
887,"Repair of Drain and laying of cover slab over Drain from OMC chack towards Karrow river, Ward No.12",Barbil,758035,Municipal Bodies||Barbil Municipality,Barbil Municipality Office,"Repair of Drain and laying of cover slab over Drain from OMC chack towards Karrow river, Ward No.12","20,26,000",Civil Works - Others,,BBLM-2/2022-23,2022_ORULB_79787_45,Open Tender,Works,Nil,Nil,"2,079,548.40",21-Sep-2022,"INR 2,319,169",NA,NA,Kendujhar,Kendujhar,,,,,CHAMPUA,CHAMPUA
888,"Repair of Drain and laying of cover slab over Drain from OMC chhack towards Karrow river, Ward No.11",Barbil,758035,Municipal Bodies||Barbil Municipality,Barbil Municipality Office,"Repair of Drain and laying of cover slab over Drain from OMC chhack towards Karrow river, Ward No.11","20,26,000",Civil Works - Others,,BBLM-2/2022-23,2022_ORULB_79787_44,Open Tender,Works,Nil,Nil,"2,070,686.94",08-Sep-2022,"INR 2,319,169",NA,NA,Kendujhar,Kendujhar,,,,,CHAMPUA,CHAMPUA
889,"Repair of Drain and laying of cover slab over Drain from Pano house to Aftab house, New Market, Ward No.9",Barbil,758035,Municipal Bodies||Barbil Municipality,Barbil Municipality Office,"Repair of Drain and laying of cover slab over Drain from Pano house to Aftab house, New Market, Ward No.9","7,84,000",Civil Works - Others,,BBLM-2/2022-23,2022_ORULB_79787_34,Open Tender,Works,Nil,Nil,"797,767.92",20-Sep-2022,"INR 893,500",NA,NA,Kendujhar,Kendujhar,,,,,CHAMPUA,CHAMPUA
890,"Repair of Drain from Anita Patra house to Suren Kerai house, Gada hutting, Ward No.10",Barbil,758035,Municipal Bodies||Barbil Municipality,Barbil Municipality Office,"Repair of Drain from Anita Patra house to Suren Kerai house, Gada hutting, Ward No.10","5,00,000",Civil Works - Others,,BBLM-2/2022-23,2022_ORULB_79787_41,Open Tender,Works,Nil,Nil,"512,572.54",21-Sep-2022,"INR 571,635",NA,NA,Kendujhar,Kendujhar,,,,,CHAMPUA,CHAMPUA
892,"Repair of existing drain, laying of cover slab and extension of drain from Kara School to Kara basti, Ward No.2",Barbil,758035,Municipal Bodies||Barbil Municipality,Barbil Municipality Office,"Repair of existing drain, laying of cover slab and extension of drain from Kara School to Kara basti, Ward No.2","13,33,400",Civil Works - Others,,BBLM-2/2022-23,2022_ORULB_79787_9,Open Tender,Works,Nil,Nil,"1,368,499.39",22-Sep-2022,"INR 1,526,719",NA,NA,Kendujhar,Kendujhar,,,,,CHAMPUA,CHAMPUA
1028,S R to Naranpur Sankarpur Bauripada Road from ch 19 192 km to 19 692 km and Construction of culvert at ch 19 300 km for the year 2022 23,Kendujhar,758001,CE RW I||RWCIRCLE-KEONJHAR||RWDIVISION-KEONJHAR,Kendujhar,S R to Naranpur Sankarpur Bauripada Road from ch 19 192 km to 19 692 km and Construction of culvert at ch 19 300 km for the year 2022 23,"22,32,206",Civil Works - Roads,,01 2022 23,2022_CERWI_78752_1,National Competitive Bid,Works,Nil,Nil,"1,897,599",21-Nov-2022,"INR 2,232,206",NA,NA,Kendujhar,Kendujhar,"'SANKARPUR', 'NARANPUR'",KENDUJHAR SADAR,,NARANPUR,CHAMPUA,CHAMPUA
1086,SR Annual Maintenance to Anandapur Gayalmunda to Panasdiha Road Boxcell Culvert at Chainage 7th Km in the district of Keonjhar for the year 2022 23.,"SALAPADA, ANANDAPUR",758020,CE RW I||RWCIRCLE-KEONJHAR||RWDIVISION-ANANDAPUR,"Salapada, Anandapur",SR Annual Maintenance to Anandapur Gayalmunda to Panasdiha Road Boxcell Culvert at Chainage 7th Km in the district of Keonjhar for the year 2022 23.,"26,78,707",Miscellaneous Works,,4158,2022_CERWI_78727_1,Open Tender,Works,Nil,Nil,"2,277,169",03-Dec-2022,"INR 2,678,707",NA,Kendujhar,Kendujhar,Kendujhar,,ANANDAPUR,,,ANANDAPUR,ANANDAPUR
1087,SR Annual Maintenance to Kumuda Kadabahali Road Construction of Protection Work at 1st Km in the district of Keonjhar for 2022 23,"SALAPADA, ANANDAPUR",758020,CE RW I||RWCIRCLE-KEONJHAR||RWDIVISION-ANANDAPUR,"Salapada, Anandapur",SR Annual Maintenance to Kumuda Kadabahali Road Construction of Protection Work at 1st Km in the district of Keonjhar for 2022 23,"8,92,792",Civil Works - Roads,,4158,2022_CERWI_78690_1,Open Tender,Works,Nil,Nil,"758,962",22-Nov-2022,"INR 892,792",NA,NA,Kendujhar,Kendujhar,,,,,ANANDAPUR,ANANDAPUR
1088,SR Annual Maintenance to NH 215 Jatrakusuma Road Boxcell Culvert at Chainage 7.000 Km in the district of Keonjhar for 2022 23,"SALAPADA, ANANDAPUR",758020,CE RW I||RWCIRCLE-KEONJHAR||RWDIVISION-ANANDAPUR,"Salapada, Anandapur",SR Annual Maintenance to NH 215 Jatrakusuma Road Boxcell Culvert at Chainage 7.000 Km in the district of Keonjhar for 2022 23,"22,32,142",Miscellaneous Works,,4158,2022_CERWI_78735_1,Open Tender,Works,Nil,Nil,"1,897,544",03-Dec-2022,"INR 2,232,142",NA,NA,Kendujhar,Kendujhar,,,,,ANANDAPUR,ANANDAPUR
1089,SR to Annual maintenance pot Hole Repair and Construction of protection work to Jalananda to Arjunbania road from chainage 0.00 km to 1.150 km for the year 2022 23.,"SALAPADA, ANANDAPUR",758020,CE RW I||RWCIRCLE-KEONJHAR||RWDIVISION-ANANDAPUR,"Salapada, Anandapur",SR to Annual maintenance pot Hole Repair and Construction of protection work to Jalananda to Arjunbania road from chainage 0.00 km to 1.150 km for the year 2022 23.,"6,24,845",Miscellaneous Works,,4158,2022_CERWI_78724_1,Open Tender,Works,Nil,Nil,"531,181",03-Dec-2022,"INR 624,845",NA,NA,Kendujhar,Kendujhar,,,,,ANANDAPUR,ANANDAPUR
1090,SR to Annual Maintenance to NH 215 Marshapal Road Construction of Protection Work from 0.200 Km to 0.300Km in the district of Keonjhar for the year 2022 23,"SALAPADA, ANANDAPUR",758020,CE RW I||RWCIRCLE-KEONJHAR||RWDIVISION-ANANDAPUR,"Salapada, Anandapur",SR to Annual Maintenance to NH 215 Marshapal Road Construction of Protection Work from 0.200 Km to 0.300Km in the district of Keonjhar for the year 2022 23,"5,35,518",Miscellaneous Works,,4158,2022_CERWI_78691_1,Open Tender,Works,Nil,Nil,"455,244",22-Nov-2022,"INR 535,518",NA,NA,Kendujhar,Kendujhar,,,,,ANANDAPUR,ANANDAPUR
11,2) Installation of Recharge Shaft cum Monitoring Station at 8 nos. locations of Bahanaga Block and 8nos. of locations of Remuna Block of Balasore District,Baripada,757001,Ground Water Survey and Investigation,"Deputy Director Geology, GWD Division Baripada",2. Installation of Recharge Shaft cum Monitoring Station at 8 nos. locations of Bahanaga Block and 8nos. of locations of Remuna Block of Balasore District,"33,70,410",Civil Works - Others,,03-06/GWBPD/ARUA/2022-23,2022_GWSI_84355_2,Open Tender,Works,Nil,Nil,"3,532,190",07-Feb-2023,"INR 3,532,190",NA,Baleshwar,NA,Baleshwar,'BAHANAGA',REMUNA,,REMUNA,REMUNA,REMUNA
417,"EXECUTION OF 02 NOS. CLUBBED RETROFITTING RPWS SCHEMES 1. BAUNSDIHA, 2. KUSUDA UNDER BHOGRAI BLOCK IN BALASORE DISTRICT WITH 5 YRS OM-JJM",BALASORE,756001,Rural Water Supply and Sanitation||RWSS Circle Cuttack||RWSS Balasore,O/O EE RWSS DIVISION BALASORE,RPWS WITH RC ESR,"2,92,86,673",Civil Works - Water Works,,TCN NO. 17 DT. 25.07.2022,2022_RWSS_80197_1,National Competitive Bid,Works,Nil,Nil,"26,360,934",09-Dec-2022,"INR 26,360,934",NA,Baleshwar,NA,Baleshwar,"'BAUNSDIHA', 'BHOGRAI', 'KUSUDA'",BHOGRAI,,BHOGRAI,BHOGRAI,BHOGRAI
418,"EXECUTION OF 02 NOS. RETROFITTING RPWS SCHEMES 1. BAHARDA, 2. RANIGODA CLUBBED UP UNDER BHOGRAI BLOCK OF BALASORE DISTRICT WITH 5 YRS OM-JJM",BALASORE,756001,Rural Water Supply and Sanitation||RWSS Circle Cuttack||RWSS Balasore,O/O EE RWSS DIVISION BALASORE,RPWS WITH RCC ESR,"3,19,05,650",Civil Works - Water Works,,TCN NO. 24 DT. 30.08.2022,2022_RWSS_81066_1,National Competitive Bid,Works,Nil,Nil,"29,464,868",16-Nov-2022,"INR 29,464,868",NA,Baleshwar,NA,Baleshwar,"'BAHARDA', 'BHOGRAI'",BHOGRAI,,BHOGRAI,BHOGRAI,BHOGRAI
420,EXECUTION OF 1 NO. RETROFITTING OF RPWS SCHEME AT 1. DUNGURA AND ADJ/ VILL. IN KHAIRA BLOCK OF BALASORE DISTRICT WITH 5 YRS OM-JJM,BALASORE,756001,Rural Water Supply and Sanitation||RWSS Circle Cuttack||RWSS Balasore,O/O EE RWSS DIVISION BALASORE,RPWS WITH RCC ESR,"2,62,17,251",Civil Works - Water Works,,TCN NO. 04 DT. 22.04.2022,2022_RWSS_77435_1,National Competitive Bid,Works,Nil,Nil,"24,909,010",06-Nov-2022,"INR 24,909,010",NA,Baleshwar,NA,Baleshwar,"'DUNGURA', 'KHAIRA'",KHAIRA,,KHAIRA,KHAIRA,KHAIRA
421,EXECUTION OF 1 NO. RETROFITTING OF RPWS SCHEME AT. 1. RAPEYA AND ITS ADJ. VILLAGES UNDER KHAIRA BLOCK OF BALASORE DISTRICT WITH 5 YRS OM-JJM,BALASORE,756001,Rural Water Supply and Sanitation||RWSS Circle Cuttack||RWSS Balasore,O/O EE RWSS DIVISION BALASORE,RPWS WITH RCC ESR,"3,89,69,821",Civil Works - Water Works,,TCN NO. 02 DT. 08.04.2022,2022_RWSS_77026_1,National Competitive Bid,Works,Nil,Nil,"35,076,736",07-Nov-2022,"INR 35,076,736",NA,Baleshwar,NA,Baleshwar,"'KHAIRA', 'RAPEYA'",KHAIRA,,KHAIRA,KHAIRA,KHAIRA
422,EXECUTION OF 1 NO. RETROFITTING RPWS SCHEME AT SARDANG AND ADJ. VILLAGE UNDER KHAIRA BLOCK WITH 5 YRS OM OF BALASORE DISTRICT - JJM,BALASORE,756001,Rural Water Supply and Sanitation||RWSS Circle Cuttack||RWSS Balasore,O/O EE RWSS DIVISION BALASORE,RPWS WITH RCC ESR,"3,63,05,472",Civil Works - Water Works,,TCN NO. 25 DT. 08.09.2022,2022_RWSS_81237_1,National Competitive Bid,Works,Nil,Nil,"35,394,204",24-Jan-2023,"INR 35,394,204",NA,Baleshwar,NA,Baleshwar,"'SARDANG', 'KHAIRA'",KHAIRA,,KHAIRA,KHAIRA,KHAIRA
423,EXECUTION OF 1 NO. RETROFITTING RPWS SCHEME AT TUDIGADIA AND ADJ. VILLAGE UNDER KHAIRA BLOCK WITH 5 YRS OM OF BALASORE BLOCK -JJM,BALASORE,756001,Rural Water Supply and Sanitation||RWSS Circle Cuttack||RWSS Balasore,O/O EE RWSS DIVISION BALASORE,RPWS WITH RCC ESR,"3,58,04,694",Civil Works - Water Works,,TCN NO. 25 DT. 08.09.2022,2022_RWSS_81239_1,National Competitive Bid,Works,Nil,Nil,"34,891,674",24-Jan-2023,"INR 34,891,674",NA,Baleshwar,NA,Baleshwar,'KHAIRA',KHAIRA,,KHAIRA,KHAIRA,KHAIRA
424,EXECUTION OF 1 NO. RETROFITTING RPWS SCHEME TO VILLAGE 1. RAIBANIA AND KALIKO UNDER JALESWAR BLOCK OF BALASORE DISTRICT WITH 5 YRS OM-JJM,BALASORE,756001,Rural Water Supply and Sanitation||RWSS Circle Cuttack||RWSS Balasore,O/O EE RWSS DIVISION BALASORE,RPWS WITH RCC ESR,"3,84,62,477",Civil Works - Water Works,,TCN NO. 05 DT. 29.04.2022,2022_RWSS_77559_1,National Competitive Bid,Works,Nil,Nil,"37,977,850",30-Oct-2022,"INR 37,977,850",NA,Baleshwar,NA,Baleshwar,"'JALESWAR', 'RAIBANIA'",JALESWAR,,,JALESWAR,JALESWAR
425,"EXECUTION OF 2 NOS RETROFITTING OF RPWS CLUBBED UP SCHEMES AT 1. HARIPUR, 2. BALIA AND ADJ. UNDER REMUNA BLOCK OF BALASORE DISTRICT - JJM",BALASORE,756001,Rural Water Supply and Sanitation||RWSS Circle Cuttack||RWSS Balasore,O/O EE RWSS DIVISION BALASORE,RPWS WITH RCC ESR,"4,06,35,204",Civil Works - Water Works,,TCN NO. 56 DT. 17.03.2022,2022_RWSS_76648_1,National Competitive Bid,Works,Nil,Nil,"42,654,773",06-Nov-2022,"INR 42,654,773",NA,Baleshwar,NA,Baleshwar,'HARIPUR',REMUNA,,REMUNA,REMUNA,REMUNA
426,"EXECUTION OF 2 NOS RETROFITTING OF RPWS SCHEMES CLUBBED UP AT 1. GUD, 2. KIARPUR UNDER SORO BLOCK OF BALASORE DISTRICT WITH 5 YRS OM-JJM",BALASORE,756001,Rural Water Supply and Sanitation||RWSS Circle Cuttack||RWSS Balasore,O/O EE RWSS DIVISION BALASORE,RPWS WITH RCC ESR,"2,70,08,268",Civil Works - Water Works,,TCN NO. 03 DT. 13.04.2022,2022_RWSS_77278_1,National Competitive Bid,Works,Nil,Nil,"23,410,142",30-Oct-2022,"INR 23,410,142",NA,Baleshwar,NA,Baleshwar,"'KIARPUR', 'GUD'",SORO,,GUD,SORO,SORO
427,"EXECUTION OF 2 NOS. 40 LPCD RETROFITTING RPWS SCHEMES CLUBBED UP AT 1. ANANTAPUR, 2. DAHISADA UNDER SORO BLOCK OF BALASORE DISTRICT - JJM",BALASORE,756001,Rural Water Supply and Sanitation||RWSS Circle Cuttack||RWSS Balasore,O/O EE RWSS DIVISION BALASORE,RPWS WITH RCC ESR,"3,13,19,859",Civil Works - Water Works,,TCN NO. 19 DT. 02.08.2022,2022_RWSS_80373_1,National Competitive Bid,Works,Nil,Nil,"29,587,871",11-Nov-2022,"INR 29,587,871",NA,Baleshwar,NA,Baleshwar,"'ANANTAPUR', 'DAHISADA'",SORO,,,SORO,SORO
428,"EXECUTION OF 2 NOS. CLUBBED UP RETROFITTING OF RPWS SCHEMES AT 1. GOBARGHATTA, 2. LAXMANNATH UNDER JALESWAR BLOCK OF BALASORE DDISTRICT WIOTH 5 YRS OM-JJM",BALASORE,756001,Rural Water Supply and Sanitation||RWSS Circle Cuttack||RWSS Balasore,O/O EE RWSS DIVISION BALASORE,RPWS WITH RCC ESR,"5,02,06,249",Civil Works - Water Works,,TCN NO. 59 DT. 25.03.2022,2022_RWSS_76766_1,National Competitive Bid,Works,Nil,Nil,"47,816,432",07-Nov-2022,"INR 47,816,432",NA,Baleshwar,NA,Baleshwar,'JALESWAR',JALESWAR,,,JALESWAR,JALESWAR
429,"EXECUTION OF 2 NOS. CLUBBED UP RETROFITTING OF RPWS SCHEMES AT 1. HARIPUR, 2. MANITRI OF SORO BLOCK IN BALASORE DISTRICT WITH 5 YRS OM-JJM",BALASORE,756001,Rural Water Supply and Sanitation||RWSS Circle Cuttack||RWSS Balasore,O/O EE RWSS DIVISION BALASORE,RPWS WITH RCC ESR,"2,72,91,705",Civil Works - Water Works,,TCN NO. 59 DT. 25.03.2022,2022_RWSS_76760_1,National Competitive Bid,Works,Nil,Nil,"25,929,849",07-Nov-2022,"INR 25,929,849",NA,Baleshwar,NA,Baleshwar,"'HARIPUR', 'MANITRI'",SORO,,HARIPUR,SORO,SORO
433,"EXECUTION OF 2 NOS. RETROFITTING OF RPWS SCHEMES CLUBBED UP 1. RAJPUR AND ADJ, 2. RAJNAGAR UNDER JALESWAR BLOCK WITH 5 YRS OM OF BALASORE DISTRICT-JJM",BALASORE,756001,Rural Water Supply and Sanitation||RWSS Circle Cuttack||RWSS Balasore,O/O EE RWSS DIVISION BALASORE,RPWS WITH RCC ESR,"4,93,54,323",Civil Works - Water Works,,TCN NO. 05 DT. 29.04.2022,2022_RWSS_77555_1,National Competitive Bid,Works,Nil,Nil,"52,804,190",30-Oct-2022,"INR 52,804,190",NA,Baleshwar,NA,Baleshwar,"'RAJPUR', 'JALESWAR'",JALESWAR,,RAJPUR,JALESWAR,JALESWAR
434,"EXECUTION OF 2 NOS. RETROFITTING OF RPWS SCHEMES CLUBBED UP AT 1. BANIDA, 2. KHULUDA UNDER JALESWAR BLOCK OF BALASORE DISTRICT WITH 5 YRS OM-JJM",BALASORE,756001,Rural Water Supply and Sanitation||RWSS Circle Cuttack||RWSS Balasore,O/O EE RWSS DIVISION BALASORE,RPWS WITH RCC ESR,"4,11,73,483",Civil Works - Water Works,,TCNNO. 02 DT. 08.04.2022,2022_RWSS_77023_1,National Competitive Bid,Works,Nil,Nil,"42,668,080",17-Oct-2022,"INR 42,668,080",NA,Baleshwar,NA,Baleshwar,"'BANIDA', 'JALESWAR'",JALESWAR,,KHULUDA,JALESWAR,JALESWAR
435,"EXECUTION OF 2 NOS. RETROFITTING OF RPWS SCHEMES CLUBBED UP AT 1. GARSANG, 2. ANTARA UNDER KHAIRA BLOCK OF BALASORE DISTRICT WITH 5 YRS OM-JJM",BALASORE,756001,Rural Water Supply and Sanitation||RWSS Circle Cuttack||RWSS Balasore,O/O EE RWSS DIVISION BALASORE,RPWS WITH RCC ESR,"3,59,15,040",Civil Works - Water Works,,TCN NO. 02 DT. 08.04.2022,2022_RWSS_77017_1,National Competitive Bid,Works,Nil,Nil,"35,013,573",07-Nov-2022,"INR 35,013,573",NA,Baleshwar,NA,Baleshwar,"'ANTARA', 'KHAIRA'",KHAIRA,,KHAIRA,KHAIRA,KHAIRA
437,"EXECUTION OF 2 NOS. RETROFITTING OF RPWS SCHEMES CLUBBED UP AT 1. NADIGAN, 2. SIRAPUR UNDER SORO BLOCK OF BALASORE DISTRICT WITH 5 YRS OM-JJM",BALASORE,756001,Rural Water Supply and Sanitation||RWSS Circle Cuttack||RWSS Balasore,O/O EE RWSS DIVISION BALASORE,RPWS WITH RCC ESR,"3,15,00,922",Civil Works - Water Works,,TCN NO. 03 DT. 13.04.2022,2022_RWSS_77279_1,National Competitive Bid,Works,Nil,Nil,"29,614,017",07-Nov-2022,"INR 29,614,017",NA,Baleshwar,NA,Baleshwar,"'NADIGAN', 'SIRAPUR'",SORO,,NADIGAN,SORO,SORO
439,"EXECUTION OF 2 NOS. RETROFITTING RPWS SCHEMES CLUBBED UP AT VILLAGE 1. SUNDHIRA GANDIBED, 2. OHAD UNDER KHAIRA BLOCK OF BALASORE DISTRICT WITH 5 YRS OM - JJM",BALASORE,756001,Rural Water Supply and Sanitation||RWSS Circle Cuttack||RWSS Balasore,O/O EE RWSS DIVISION BALASORE,RPWS WITH RCC ESR,"3,36,37,058",Civil Works - Water Works,,TCN NO. 20 DT. 04.08.2022,2022_RWSS_80379_1,National Competitive Bid,Works,Nil,Nil,"30,276,716",11-Nov-2022,"INR 38,016,632",NA,Baleshwar,NA,Baleshwar,'KHAIRA',KHAIRA,,KHAIRA,KHAIRA,KHAIRA
440,"EXECUTION OF 3 NOS. 40 LPCD RETROFITTING RPWS SCHEMES CLUBBED UP 1 NUAGAN, 2. GUJADIHA, 3. SULTANPUR UNDER SORO BLOCK OF BALASORE DISTRICT - JJM",BALASORE,756001,Rural Water Supply and Sanitation||RWSS Circle Cuttack||RWSS Balasore,O/O EE RWSS DIVISION BALASORE,RPWS WITH RCC ESR,"3,80,07,013",Civil Works - Water Works,,TCN NO. 19 DT. 02-08-2022,2022_RWSS_80371_1,National Competitive Bid,Works,Nil,Nil,"34,210,113",11-Nov-2022,"INR 34,210,113",NA,Baleshwar,NA,Baleshwar,"'SULTANPUR', 'NUAGAN', 'GUJADIHA'",SORO,,SULTANPUR,SORO,SORO
441,"EXECUTION OF 3 NOS. 40 LPCD RETROFITTING RPWS SCHEMES CLUBBED UP 1. DANDAPALASA, 2. BAUNSKHUNTA, 3. GOPINATHPUR UNDER SORO BLOCK OF BALASORE DISTRICT - JJM",BALASORE,756001,Rural Water Supply and Sanitation||RWSS Circle Cuttack||RWSS Balasore,O/O EE RWSS DIVISION BALASORE,RPWS WITH RCC ESR,"3,03,29,030",Civil Works - Water Works,,TCN NO. 19 DT. 02-08-2022,2022_RWSS_80369_1,National Competitive Bid,Works,Nil,Nil,"28,539,618",11-Nov-2022,"INR 28,539,618",NA,Baleshwar,NA,Baleshwar,"'GOPINATHPUR', 'DANDAPALASA'",SORO,,GOPINATHPUR,SORO,SORO
442,"EXECUTION OF 3 NOS. 40 LPCD RETROFITTING RPWS SCHEMES CLUBBED UP 1. KUDEI, 2. KUMBHI, BRUNDADEIPUR, JOKA AND 3. PATULIDA UNDER SORO BLOCK OF BALASORE DISTRICT-JJM",BALASORE,756001,Rural Water Supply and Sanitation||RWSS Circle Cuttack||RWSS Balasore,O/O EE RWSS DIVISION BALASORE,RPWS WITH RCC ESR,"3,94,87,325",Civil Works - Water Works,,TCN NO. 19 DT. 02.08.2022,2022_RWSS_80372_1,National Competitive Bid,Works,Nil,Nil,"35,542,541",11-Nov-2022,"INR 35,542,541",NA,Baleshwar,NA,Baleshwar,"'BRUNDADEIPUR', 'KUMBHI', 'PATULIDA', 'KUDEI'",SORO,,,SORO,SORO
443,"EXECUTION OF 3 NOS. 40 LPCD RETROFITTING RPWS SCHEMES CLUBBED UP 1. SUNARI, 2. SARASANKHA, 3. SARALIA UNDER SORO BLOCK OF BALASORE DISTRICT - JJM",BALASORE,756001,Rural Water Supply and Sanitation||RWSS Circle Cuttack||RWSS Balasore,O/O EE RWSS DIVISION BALASORE,RPWS WITH RCC ESR,"4,22,36,010",Civil Works - Water Works,,TCN NO. 19 DT. 02-08-2022,2022_RWSS_80370_1,National Competitive Bid,Works,Nil,Nil,"38,016,632",11-Nov-2022,"INR 38,016,632",NA,Baleshwar,NA,Baleshwar,"'SARASANKHA', 'SUNARI', 'SARALIA'",SORO,,,SORO,SORO
444,"EXECUTION OF 3 NOS. CLUBBED UP RETROFITTING OF RPWS SCHEMES AT 1. DEVOG, 2. GHANTUA, 3. BADAKASBA UNDER BALIAPAL BLOCK IN BALASORE DISTRICT WITH 5 YRS OM-JJM",BALASORE,756001,Rural Water Supply and Sanitation||RWSS Circle Cuttack||RWSS Balasore,O/O EE RWSS DIVISION BALASORE,RPWS WITH RCC ESR,"2,81,86,996",Civil Works - Water Works,,TCN NO. 59 DT. 25.03.2022,2022_RWSS_76765_1,National Competitive Bid,Works,Nil,Nil,"27,482,321",03-Nov-2022,"INR 27,482,321",NA,Baleshwar,NA,Baleshwar,"'BALIAPAL', 'GHANTUA'",BALIAPAL,,GHANTUA,BALIAPAL,BALIAPAL
445,"EXECUTION OF 3 NOS. CLUBBED UP RETROFITTING OF RPWS SCHEMES AT 1. NATAKATA, 2. KADRAYAN, 3. SHYAMSUNDARPUR UNDER BASTA BLOCK OF BALASORE DISTRICT WITH 5 YRS OM-JJM",BALASORE,756001,Rural Water Supply and Sanitation||RWSS Circle Cuttack||RWSS Balasore,O/O EE RWSS DIVISION BALASORE,RPWS WITH RCC ESR,"4,25,81,075",Civil Works - Water Works,,TCN NO. 59 DT. 25.03.2022,2022_RWSS_76767_1,National Competitive Bid,Works,Nil,Nil,"41,733,712",30-Oct-2022,"INR 41,733,712",NA,Baleshwar,NA,Baleshwar,'NATAKATA',BASTA,,NATAKATA,BASTA,BASTA
446,"EXECUTION OF 3 NOS. CLUBBED UP RETROFITTING OF RPWS SCHEMES AT 1. SAMRAIPUR, 2. ROUTPADA, 3. LAXMANKHUNTA IN BASTA BLOCK UNDER BALASORE DISTRICT WITH 5 YRS OM-JJM",BALASORE,756001,Rural Water Supply and Sanitation||RWSS Circle Cuttack||RWSS Balasore,O/O EE RWSS DIVISION BALASORE,RPWS WITH RCC ESR,"4,69,25,226",Civil Works - Water Works,,TCN NO. 59 DT. 25.03.2022,2022_RWSS_76762_1,National Competitive Bid,Works,Nil,Nil,"48,788,157",03-Nov-2022,"INR 48,788,157",NA,Baleshwar,NA,Baleshwar,'SAMRAIPUR',BASTA,,ROUTPADA,BASTA,BASTA
447,"EXECUTION OF 3 NOS. CLUBBED UP RETROFITTING RPWS SCHEMES 1. KARUA AND ADJ, 2. PAUNSKULI AND ADJ, 3. PANISAPADA UNDER BASTA BLOCK WITH 5 YRS OM OF BALASORE DISTRICT - JJM",BALASORE,756001,Rural Water Supply and Sanitation||RWSS Circle Cuttack||RWSS Balasore,O/O EE RWSS DIVISION BALASORE,RPWS WITH RCC ESR,"3,40,91,439",Civil Works - Water Works,,TCN NO. 05 DT. 29.04.2022,2022_RWSS_77562_1,National Competitive Bid,Works,Nil,Nil,"36,631,251",11-Nov-2022,"INR 36,631,251",NA,Baleshwar,NA,Baleshwar,'KARUA',BASTA,,KARUA,BASTA,BASTA
448,"EXECUTION OF 3 NOS. RETROFITTING CLUBBED UP RPWS SCHEMES 1. IKIDA, 2. KALYANPUR, 3. MALIPAL UNDER JALESWAR BLOCK OF BALASORE DISTRICT -JJM",BALASORE,756001,Rural Water Supply and Sanitation||RWSS Circle Cuttack||RWSS Balasore,O/O EE RWSS DIVISION BALASORE,RPWS ITH RCC ESR,"3,58,82,918",Civil Works - Water Works,,TCN NO. 26 DT. 12.09.2022,2022_RWSS_81432_1,National Competitive Bid,Works,Nil,Nil,"37,300,293",08-Feb-2023,"INR 37,300,293",NA,Baleshwar,NA,Baleshwar,"'MALIPAL', 'KALYANPUR', 'JALESWAR'",JALESWAR,,,JALESWAR,JALESWAR
449,"EXECUTION OF 3 NOS. RETROFITTING CLUBBED UP RPWS SCHEMES 1. MANIPUR, 2. KHUNTA, 3. DHANBARKHUNTA UNDER SORO BLOCK OF BALASORE DISTRICT WITH 5 YRS OM-JJM",BALASORE,756001,Rural Water Supply and Sanitation||RWSS Circle Cuttack||RWSS Balasore,O/O EE RWSS DIVISION BALASORE,RPWS WITH RCC ESR,"3,50,28,940",Civil Works - Water Works,,TCN NO. 26 DT. 12.09.2022,2022_RWSS_81431_1,National Competitive Bid,Works,Nil,Nil,"33,280,996",25-Jan-2023,"INR 33,280,996",NA,Baleshwar,NA,Baleshwar,"'MANIPUR', 'KHUNTA'",SORO,,MANIPUR,SORO,SORO
450,"EXECUTION OF 3 NOS. RETROFITTING OF RPWS CLUBBED UP AT 1. BARADA, 2. SARUGAN, 3. RAIKULA UNDER KHAIRA BLOCK OF BALASORE DISTRICT WITH 5 YRS OM-JJM",BALASORE,756001,Rural Water Supply and Sanitation||RWSS Circle Cuttack||RWSS Balasore,O/O EE RWSS DIVISION BALASORE,RPWS WITH RCC ESR,"3,53,17,555",Civil Works - Water Works,,TCN NO. 02 DT. 08.04.2022,2022_RWSS_77027_1,National Competitive Bid,Works,Nil,Nil,"34,431,084",06-Nov-2022,"INR 34,431,084",NA,Baleshwar,NA,Baleshwar,"'BARADA', 'KHAIRA', 'SARUGAN', 'RAIKULA'",KHAIRA,,BARADA,KHAIRA,KHAIRA
452,"EXECUTION OF 3 NOS. RETROFITTING OF RPWS SCHEMES (CLUBBED UP) AT 1. KUMBHARI, 2. PALAPARA, 3. SUNAROI UNDER BALIAPAL BLOCK OF BALASORE DISTRICT WITH 5 YRS OM-JJM",BALASORE,756001,Rural Water Supply and Sanitation||RWSS Circle Cuttack||RWSS Balasore,O/O EE RWSS DIVISION BALASORE,RPWS WITH RCC ESR,"2,88,33,964",Civil Works - Water Works,,TCN NO. 01 DT. 07.04.2022,2022_RWSS_76953_1,National Competitive Bid,Works,Nil,Nil,"29,407,760",30-Oct-2022,"INR 29,407,760",NA,Baleshwar,NA,Baleshwar,"'BALIAPAL', 'PALAPARA', 'SUNAROI'",BALIAPAL,,KUMBHARI,BALIAPAL,BALIAPAL
454,"EXECUTION OF 3 NOS. RETROFITTING OF RPWS SCHEMES CLUBBED UP 1. ANGULA (KALANDIPATNA), 2. ANGULA (GOHIRAPADA), 3. DAHIPUR UNDER SORO BLOCK OF BALASORE DISTRICT WITH 5 YRS OM-JJM",BALASORE,756001,Rural Water Supply and Sanitation||RWSS Circle Cuttack||RWSS Balasore,O/O EE RWSS DIVISION BALASORE,RPWS WITH RCC ESR,"2,81,63,005",Civil Works - Water Works,,TCN NO. 56 DT. 17.03.2022,2022_RWSS_76640_1,National Competitive Bid,Works,Nil,Nil,"28,163,005",06-Nov-2022,"INR 28,163,005",NA,Baleshwar,NA,Baleshwar,"'ANGULA', 'DAHIPUR'",SORO,,,SORO,SORO
455,"EXECUTION OF 3 NOS. RETROFITTING OF RPWS SCHEMES CLUBBED UP 1. BAGHUA, 2. RANAPUR, 3. CHHATARA UNDER SORO BLOCK OF BALASORE DISTRICT WITH 5 YRS OM - JJM",BALASORE,756001,Rural Water Supply and Sanitation||RWSS Circle Cuttack||RWSS Balasore,O/O EE RWSS DIVISION BALASORE,RPWS WITH RCC ESR,"3,38,21,138",Civil Works - Water Works,,TCN NO. 54 DT. 10.03.2022,2022_RWSS_76421_1,National Competitive Bid,Works,Nil,Nil,"35,508,813",08-Nov-2022,"INR 35,508,813",NA,Baleshwar,NA,Baleshwar,"'CHHATARA', 'BAGHUA', 'RANAPUR'",SORO,,,SORO,SORO
456,"EXECUTION OF 3 NOS. RETROFITTING OF RPWS SCHEMES CLUBBED UP 1. TALANAGAR, 2. CHALISMEDHA, 3. BRAHMANSABIRA UNDER SORO BLOCK OF BALASORE DISTRICT WITH 5 YRS OM-JJM",BALASORE,756001,Rural Water Supply and Sanitation||RWSS Circle Cuttack||RWSS Balasore,O/O EE RWSS DIVISION BALASORE,RPWS WITH RCC ESR,"3,86,93,803",Civil Works - Water Works,,TCN NO. 04 DT. 22.04.2022,2022_RWSS_77437_1,National Competitive Bid,Works,Nil,Nil,"36,376,044",07-Nov-2022,"INR 36,376,044",NA,Baleshwar,NA,Baleshwar,'TALANAGAR',SORO,,TALANAGAR,SORO,SORO
458,"EXECUTION OF 3 NOS. RETROFITTING OF RPWS SCHEMES CLUBBED UP AT 1. BHAGABANPUR, 2. GUNDURISAHI, 3. CHORMARA WITH 5 YRS OM UNDER BASTA BLOCK OF BALASORE DISTRICT- JJM",BALASORE,756001,Rural Water Supply and Sanitation||RWSS Circle Cuttack||RWSS Balasore,O/O EE RWSS DIVISION BALASORE,RPWS WITH RCC ESR,"3,76,58,763",Civil Works - Water Works,,TCN NO. 01 DT. 07.04.2022,2022_RWSS_76958_1,National Competitive Bid,Works,Nil,Nil,"40,276,047",17-Oct-2022,"INR 40,276,047",NA,Baleshwar,NA,Baleshwar,"'CHORMARA', 'GUNDURISAHI', 'BHAGABANPUR'",BASTA,,CHORMARA,BASTA,BASTA
459,"EXECUTION OF 3 NOS. RETROFITTING OF RPWS SCHEMES CLUBBED UP AT 1. NARASINGHNAGAR, 2. BAGHAMPUDA (DIGIBHANRA), 3. GOBINDAPUR UNDER SORO BLOCK OF BALASORE DISTRICT WITH 5 YRS OM - JJM",BALASORE,756001,Rural Water Supply and Sanitation||RWSS Circle Cuttack||RWSS Balasore,O/O EE RWSS DIVISION BALASORE,RPWS WITH RCC ESR,"2,91,28,100",Civil Works - Water Works,,TCN NO. 54 DT. 11.03.2022,2022_RWSS_76425_1,National Competitive Bid,Works,Nil,Nil,"30,575,767",07-Nov-2022,"INR 30,575,767",NA,Baleshwar,NA,Baleshwar,"'GOBINDAPUR', 'NARASINGHNAGAR'",SORO,,,SORO,SORO
461,"EXECUTION OF 3 NOS. RETROFITTING OF RPWS SCHEMES CLUBBED UP AT 1. ULUDA, 2. ARUHABRUTI, 3. KHARIDPIPAL UNDER BHOGRAI BLOCK IN BALASORE DISTRICT WITH 5 YRS OM-JJM",BALASORE,756001,Rural Water Supply and Sanitation||RWSS Circle Cuttack||RWSS Balasore,O/O EE RWSS DIVISION BALASORE,RPWS WITH RCC ESR,"3,37,43,342",Civil Works - Water Works,,TCN NO. 02 DT. 08.04.2022,2022_RWSS_77042_1,National Competitive Bid,Works,Nil,Nil,"36,102,001",03-Nov-2022,"INR 36,102,001",NA,Baleshwar,NA,Baleshwar,"'ULUDA', 'KHARIDPIPAL', 'BHOGRAI'",BHOGRAI,,BHOGRAI,BHOGRAI,BHOGRAI
462,"EXECUTION OF 3 NOS. RETROFITTING OF RPWS SCHEMES CLUBBED UP AT VILLAGE 1. RADHIKANAGAR, 2. SABIRA, 3. ADIA UNDER SORO BLOCK OF BALASORE DISTRICT WITH 5 YRS OM- JJM",BALASORE,756001,Rural Water Supply and Sanitation||RWSS Circle Cuttack||RWSS Balasore,O/O EE RWSS DIVISION BALASORE,RPWS WITH RCC ESR,"3,24,12,019",Civil Works - Water Works,,TCN NO. 54 DT. 10.03.2022,2022_RWSS_76426_1,National Competitive Bid,Works,Nil,Nil,"31,656,819",07-Nov-2022,"INR 31,656,819",NA,Baleshwar,NA,Baleshwar,"'ADIA', 'SABIRA'",SORO,,SABIRA,SORO,SORO
463,"EXECUTION OF 3 NOS. RETROFITTING RPWS SCHEMES CLUBBED UP 1. ATTAPUR, 2. BALANGA, 3. SIMULIA UNDER SORO BLOCK OF BALASOE DISTRICT WITH 5 YRS OM-JJM",BALASORE,756001,Rural Water Supply and Sanitation||RWSS Circle Cuttack||RWSS Balasore,O/O EE RWSS DIVISION BALASORE,RPWS WITH RCC ESR,"3,95,89,000",Civil Works - Water Works,,TCN NO. 54 DT. 10.03.2022,2022_RWSS_76418_1,National Competitive Bid,Works,Nil,Nil,"40,380,781",06-Nov-2022,"INR 40,380,781",NA,Baleshwar,NA,Baleshwar,"'SIMULIA', 'ATTAPUR', 'BALANGA'",SIMULIA,,ATTAPUR,SIMULIA,SIMULIA
464,"EXECUTION OF 3 NOS. RETROFITTING RPWS SCHEMES CLUBBED UP 1. PASCHIMBAD, 2. KHALINA-II, 3. SARASATIA UNDER JALESWAR BLOCK OF BALASORE DISTRICT WITH 5 YRS OM-JJM",BALASORE,756001,Rural Water Supply and Sanitation||RWSS Circle Cuttack||RWSS Balasore,O/O EE RWSS DIVISION BALASORE,RPWS WITH RCC ESR,"5,21,14,103",Civil Works - Water Works,,TCN NO. 05 DT. 29.04.2022,2022_RWSS_77550_1,National Competitive Bid,Works,Nil,Nil,"56,179,003",11-Nov-2022,"INR 56,179,003",NA,Baleshwar,NA,Baleshwar,"'KHALINA', 'SARASATIA', 'JALESWAR'",JALESWAR,,PASCHIMBAD,JALESWAR,JALESWAR
467,"EXECUTION OF 3 NOS. RETROFITTING RPWS SCHEMES CLUBBED UP AT 1. NAHARA, 2. KALYANPUR, 3. BADAMANDARUNI UNDER BHOGRAI BLOCK OF BALASORE DISTRICT WITH 5 YRS OM-JJM",BALASORE,756001,Rural Water Supply and Sanitation||RWSS Circle Cuttack||RWSS Balasore,O/O EE RWSS DIVISION BALASORE,RPWS WITH RCC ESR,"3,71,85,094",Civil Works - Water Works,,TCN NO. 17 DT. 25.07.2022,2022_RWSS_80196_1,National Competitive Bid,Works,Nil,Nil,"35,325,877",11-Nov-2022,"INR 35,325,877",NA,Baleshwar,NA,Baleshwar,"'NAHARA', 'KALYANPUR', 'BADAMANDARUNI', 'BHOGRAI'",BHOGRAI,,NAHARA,BHOGRAI,BHOGRAI
468,"EXECUTION OF 3 NOS. RETROFITTING RPWS SCHEMES CLUBBED UP AT 1. SOLAGAN, 2. TENTEI, 3. RAGHUNATHPUR UNDER SORO BLOCK IN BALASORE DISTRICT WITH 5 YRS OM-JJM",BALASORE,756001,Rural Water Supply and Sanitation||RWSS Circle Cuttack||RWSS Balasore,O/O EE RWSS DIVISION BALASORE,RPWS WITH RCC ESR,"4,75,53,441",Civil Works - Water Works,,TCN NO. 13 DT. 23.06.2022,2022_RWSS_79405_1,National Competitive Bid,Works,Nil,Nil,"45,180,524",11-Nov-2022,"INR 45,180,524",NA,Baleshwar,NA,Baleshwar,"'RAGHUNATHPUR', 'TENTEI', 'SOLAGAN'",SORO,,RAGHUNATHPUR,SORO,SORO
470,"EXECUTION OF 4 NOS. CLUBBED UP RETROFITTING OF RPWS SCHEMES AT 1. DARADA, 2. MUKULISHI, 3. DUNDA, 4. SITAPUR UNDER BASTA BLOCK IN BALASORE DISTRICT WITH 5 YRS OM-JJM",BALASORE,756001,Rural Water Supply and Sanitation||RWSS Circle Cuttack||RWSS Balasore,O/O EE RWSS DIVISION BALASORE,RPWS WITH RCC ESR,"2,39,71,050",Civil Works - Water Works,,TCN NO. 59 DT. 25.03.2022,2022_RWSS_76763_1,National Competitive Bid,Works,Nil,Nil,"22,772,497",20-Oct-2022,"INR 22,772,497",NA,Baleshwar,NA,Baleshwar,"'DARADA', 'SITAPUR', 'DUNDA'",BASTA,,DARADA,BASTA,BASTA
471,"EXECUTION OF 4 NOS. CLUBBING UP RETROFITTING OF RPWS SCHEMES AT 1. GADASAHI BALIPAL, 2. BHADUA, 3.OLINDA, 4. CHITMISHRA UNDER JALESWAR BLOCK OF BALASORE DISTRICT WITH 5 YRS OM-JJM",BALASORE,756001,Rural Water Supply and Sanitation||RWSS Circle Cuttack||RWSS Balasore,O/O EE RWSS DIVISION BALASORE,RPWS WITH RCC ESR,"4,50,39,223",Civil Works - Water Works,,TCN NO. 10 DT. 24.05.2022,2022_RWSS_78015_1,National Competitive Bid,Works,Nil,Nil,"45,039,223",11-Nov-2022,"INR 45,039,223",NA,Baleshwar,NA,Baleshwar,"'CHITMISHRA', 'BALIPAL', 'GADASAHI', 'JALESWAR'",JALESWAR,,GADASAHI,JALESWAR,JALESWAR
472,"EXECUTION OF 4 NOS. RETROFITTING OF RPWS SCHEMES CLUBBED TO VILLAGE 1. BAUNSBANIA, 2. RAIRAMCHANDRAPUR, 3. 3. KANDAGARADI, 4. PRATAPADA UNDER OUPADA BLOK OF BALASORE DISTRICT WITH 5 YRS OM-JJM",BALASORE,756001,Rural Water Supply and Sanitation||RWSS Circle Cuttack||RWSS Balasore,O/O EE RWSS DIVISION BALASORE,RPWS WITH RCC ESR,"2,45,06,318",Civil Works - Water Works,,TCN NO. 56 DT. 17.03.2022,2022_RWSS_76645_1,National Competitive Bid,Works,Nil,Nil,"22,058,137",03-Nov-2022,"INR 22,058,137",NA,Baleshwar,NA,Baleshwar,"'KANDAGARADI', 'PRATAPADA'",OUPADA,,,OUPADA,OUPADA
473,"EXECUTION OF 4 NOS. RETROFITTING OF RPWS SCHEMES CLUBBED UP 1. BRAHMANDA, 2. PATHURIA, 3. SADANANDAPUR, 4. MADEVSARAI IN BASTA BLOCK OF BALASORE DISTRICT-JJM",BALASORE,756001,Rural Water Supply and Sanitation||RWSS Circle Cuttack||RWSS Balasore,O/O EE RWSS DIVISION BALASORE,RPWS WITH RCC ESR,"3,46,38,661",Civil Works - Water Works,,TCN NO. 04 DT. 22.04.2022,2022_RWSS_77431_1,National Competitive Bid,Works,Nil,Nil,"35,954,930",17-Oct-2022,"INR 35,954,930",NA,Baleshwar,NA,Baleshwar,"'SADANANDAPUR', 'BRAHMANDA', 'PATHURIA'",BASTA,,SADANANDAPUR,BASTA,BASTA
474,"EXECUTION OF 4 NOS. RETROFITTING OF RPWS SCHEMES CLUBBED UP 1. KHUAD, 2. UPERKUNDI, 3. MAHUDUMA AND ASANSOLIA, 4. KENDUKHUNTA UNDER JALESWAR BLOCK OF BALASORE DISTRICT WITH 5 YRS OM-JJM",BALASORE,756001,Rural Water Supply and Sanitation||RWSS Circle Cuttack||RWSS Balasore,O/O EE RWSS DIVISION BALASORE,RPWS WITH RCC ESR,"4,74,67,065",Civil Works - Water Works,,TCN NO. 02 DT. 08.04.2022,2022_RWSS_77033_1,National Competitive Bid,Works,Nil,Nil,"49,821,431",30-Oct-2022,"INR 49,821,431",NA,Baleshwar,NA,Baleshwar,"'KENDUKHUNTA', 'JALESWAR'",JALESWAR,,,JALESWAR,JALESWAR
479,"EXECUTION OF 4 NOS. RETROFITTING OF RPWS SCHEMES CLUBBED UP AT 1. DEHURDA, 2. BANABASAN, 3. BATAGRAM, 4. SIALIA UNDER BHOGRAI BLOCK OF BALASORE DISTRICT WITH 5 YRS OM-JJM",BALASORE,756001,Rural Water Supply and Sanitation||RWSS Circle Cuttack||RWSS Balasore,O/O EE RWSS DIVISION BALASORE,RPWS WITH RCC ESR,"4,91,97,895",Civil Works - Water Works,,TCN NO. 02 DT. 08.04.2022,2022_RWSS_77031_1,National Competitive Bid,Works,Nil,Nil,"48,164,739",11-Nov-2022,"INR 48,164,739",NA,Baleshwar,NA,Baleshwar,"'DEHURDA', 'BHOGRAI', 'BANABASAN', 'SIALIA'",BHOGRAI,,BHOGRAI,BHOGRAI,BHOGRAI
480,"EXECUTION OF 4 NOS. RETROFITTING OF RPWS SCHEMES CLUBBED UP AT 1. MAKIDIA, 2. KALIKAPUR, 3. BEHERASAHI, 4. SOUTH GOPALPRASAD UNDER JALESWAR BLOCK OF BALASORE DISTRICT WITH 5 YRS OM-JJM",BALASORE,756001,Rural Water Supply and Sanitation||RWSS Circle Cuttack||RWSS Balasore,O/O EE RWSS DIVISION BALASORE,RPWS WITH RCC ESR,"4,72,25,794",Civil Works - Water Works,,TCN NO. 02 DT. 08.04.2022,2022_RWSS_77034_1,National Competitive Bid,Works,Nil,Nil,"48,642,568",30-Oct-2022,"INR 48,642,568",NA,Baleshwar,NA,Baleshwar,"'GOPALPRASAD', 'KALIKAPUR', 'JALESWAR', 'BEHERASAHI'",JALESWAR,,MAKIDIA,JALESWAR,JALESWAR
481,"EXECUTION OF 4 NOS. RETROFITTING OF RPWS SCHEMES CLUBBED UP AT 1. NAIKUDI, 2. DANDI, 3. KUCHULI, 4. CHHACHINA UNDER BASTA BLOCK OF BALASORE DISTRICT WITH 5 YRS OM - JJM",BALASORE,756001,Rural Water Supply and Sanitation||RWSS Circle Cuttack||RWSS Balasore,O/O EE RWSS DIVISION BALASORE,RPWS WITH RCC ESR,"3,72,76,007",Civil Works - Water Works,,TCN NO. 56 DT. 17.03.2022,2022_RWSS_76641_1,National Competitive Bid,Works,Nil,Nil,"36,530,487",30-Oct-2022,"INR 36,530,487",NA,Baleshwar,NA,Baleshwar,"'KUCHULI', 'CHHACHINA', 'DANDI', 'NAIKUDI'",BASTA,,NAIKUDI,BASTA,BASTA
482,"EXECUTION OF 4 NOS. RETROFITTING RPWS CLUBBED UP AT 1. TALAKIA, 2. BAULAGADIA, 3. SHYAMSUNDARPUR, 4. TARTUA UNDER OUPADA BLOCK OF BALASORE DISTRICT WITH 5 YRS OM-JJM",BALASORE,756001,Rural Water Supply and Sanitation||RWSS Circle Cuttack||RWSS Balasore,O/O EE RWSS DIVISION BALASORE,RPWS WITH RCC ESR,"4,41,93,223",Civil Works - Water Works,,TCN NO. 18 DT. 26.07.2022,2022_RWSS_80226_1,National Competitive Bid,Works,Nil,Nil,"41,983,606",18-Jan-2023,"INR 41,983,606",NA,Baleshwar,NA,Baleshwar,"'TALAKIA', 'TARTUA', 'BAULAGADIA'",OUPADA,,TALAKIA,OUPADA,OUPADA
483,"EXECUTION OF 4 NOS. RETROFITTING RPWS SCHEMES CLUBBED UP 1. FAKIRMOHANNAGAR, 2. MAHARAJAPUR, 3. GANESWARPUR, 4. KURUDA UNDERE REMUNA BLOCK OF BALASORE DISTRICT WITH 5 YRS OM-JJM",BALASORE,756001,Rural Water Supply and Sanitation||RWSS Circle Cuttack||RWSS Balasore,O/O EE RWSS DIVISION BALASORE,RPWS WITH RCC ESR,"3,85,22,049",Civil Works - Water Works,,TCN NO. 18 DT. 26.07.2022,2022_RWSS_80238_1,National Competitive Bid,Works,Nil,Nil,"36,518,903",06-Nov-2022,"INR 36,518,903",NA,Baleshwar,NA,Baleshwar,"'KURUDA', 'GANESWARPUR'",REMUNA,,REMUNA,REMUNA,REMUNA
484,"EXECUTION OF 4 NOS. RETROFITTING RPWS SCHEMES CLUBBED UP 1. K.M.SAHI, 2. MATHURANATH, 3. CHAKARJUNI, 4. TARIBATPUR UNDER JALESWAR BLOCK OF BALASORE DISTRICT WITH 5 YRS OM-JJM",BALASORE,756001,Rural Water Supply and Sanitation||RWSS Circle Cuttack||RWSS Balasore,O/O EE RWSS DIVISION BALASORE,RPWS WITH RCC ESR,"3,83,06,280",Civil Works - Water Works,,TCN NO. 23 DT. 26.08.2022,2022_RWSS_80812_1,National Competitive Bid,Works,Nil,Nil,"36,391,004",31-Dec-2022,"INR 36,391,004",NA,Baleshwar,NA,Baleshwar,"'CHAKARJUNI', 'MATHURANATH', 'JALESWAR'",JALESWAR,,,JALESWAR,JALESWAR
485,"EXECUTION OF 5 NOS. CLUBBED UP RETROFITTING OF RPWS SCHEMES AT 1. SANTOSHPUR, 2. DHITPURA, 3. CHALANTI, 4. VELLORA, 5. GANGADHARPUR UNDER BASTA BLOCK OF BALASORE DISTRICT WITH 5 YRS OM-JJM",BALASORE,756001,Rural Water Supply and Sanitation||RWSS Circle Cuttack||RWSS Balasore,O/O EE RWSS DIVISION BALASORE,RPWS WITH RCC ESR,"3,81,64,798",Civil Works - Water Works,,TCN NO. 05 DT. 29.05.2022,2022_RWSS_77564_1,National Competitive Bid,Works,Nil,Nil,"37,649,573",30-Oct-2022,"INR 37,649,573",NA,Baleshwar,NA,Baleshwar,"'SANTOSHPUR', 'CHALANTI', 'DHITPURA', 'GANGADHARPUR'",BASTA,,SANTOSHPUR,BASTA,BASTA
486,"EXECUTION OF 5 NOS. RETROFITTING OF RPWS CLUBBED UP TO 1. KUNDHEI, 2. KAINAGARI, 3. IRDA, 4. NARGODA, 5. MATHANI UNDER BASTA BLOCK OF BALASORE DISTRICT WITH 5 YRS OM-JJM",BALASORE,756001,Rural Water Supply and Sanitation||RWSS Circle Cuttack||RWSS Balasore,O/O EE RWSS DIVISION BALASORE,RPWS WITH RCC ESR,"3,89,61,954",Civil Works - Water Works,,TCN NO. 02 DT. 08.04.2022,2022_RWSS_77021_1,National Competitive Bid,Works,Nil,Nil,"39,741,193",30-Oct-2022,"INR 39,741,193",NA,Baleshwar,NA,Baleshwar,"'MATHANI', 'IRDA', 'NARGODA', 'KAINAGARI'",BASTA,,IRDA,BASTA,BASTA
487,"EXECUTION OF 5 NOS. RETROFITTING OF RPWS SCHEMES CLUBBED UP AT 1. DHULIUDA, 2. BELGAN, 3. JUNABALADA, 4. TENTULIA, 5. PANCHURUKHI UNDER BASTA BLOCK WITH 5 YRS OM OF BALASORE DISTRICT-JJM",BALASORE,756001,Rural Water Supply and Sanitation||RWSS Circle Cuttack||RWSS Balasore,O/O EE RWSS DIVISION BALASORE,RPWS WITH RCC ESR,"3,68,98,851",Civil Works - Water Works,,TCN NO. 05 DT. 29.04.2022,2022_RWSS_77565_1,National Competitive Bid,Works,Nil,Nil,"36,433,925",20-Oct-2022,"INR 36,433,925",NA,Baleshwar,NA,Baleshwar,"'BELGAN', 'PANCHURUKHI', 'DHULIUDA', 'TENTULIA'",BASTA,,TENTULIA,BASTA,BASTA
489,EXECUTION OF RETROFITTING OF RPWS TO VILLAGE RUPSA 40 LPCD UNDER BALASORE BLOCK OF BALASORE DISTRICT-JJM,BALASORE,756001,Rural Water Supply and Sanitation||RWSS Circle Cuttack||RWSS Balasore,O/O EE RWSS DIVISION BALASORE,RPWS WITH RCC ESR,"3,56,30,455",Civil Works - Water Works,,TCN NO. 51 DT. 01.01.2022,2022_RWSS_75670_1,National Competitive Bid,Works,Nil,Nil,"33,453,434",07-Nov-2022,"INR 33,453,434",NA,Baleshwar,NA,Baleshwar,,,,,BASTA,BASTA
490,EXECUTION OF RETROFITTING RPWS SCHEME AT PAKHAR AND ADJOINING VILLAGES UNDER SORO BLOCK IN BALASORE DISTRICT WITH 5 YRS OM-JJM,BALASORE,756001,Rural Water Supply and Sanitation||RWSS Circle Cuttack||RWSS Balasore,O/O EE RWSS DIVISION BALASORE,RPWS WITH RCC ESR,"3,19,49,051",Civil Works - Water Works,,TCN NO. 13 DT. 23.06.2022,2022_RWSS_79403_1,National Competitive Bid,Works,Nil,Nil,"29,747,762",07-Nov-2022,"INR 29,747,762",NA,Baleshwar,NA,Baleshwar,'PAKHAR',SORO,,,SORO,SORO
492,EXTERNAL ELECTRIFICATION OF RPWS TO VILLAGE KALAMA UNDER JALESWAR BLOCK - JJM 40 LPCD RETROFITTING,BALASORE,756001,Rural Water Supply and Sanitation||RWSS Circle Cuttack||RWSS Balasore,EE RWSS DIVISION BALASORE,EXT. ELECTRIFICATION WORK,"6,67,429",Electrical Works,,TCN NO. 14 DT. 06.07.2022,2022_RWSS_79685_1,Open Tender,Works,Nil,Nil,"567,382",02-Nov-2022,"INR 567,382",NA,Baleshwar,NA,Baleshwar,"'JALESWAR', 'KALAMA'",JALESWAR,,KALAMA,JALESWAR,JALESWAR
493,Flood protection of River Bahuda near village Old Mahishanpur,Berhampur_Mahisanpur,760004,"CE-BM,RVN Basin,Berhampur||S.E. Southern Irr. Circle I Berhampur||EE Chikiti Irrigation Divn Berhampur","O/o the SE, Chikiti Irrigation Division, Berhampur",Earth Work,"5,69,183",Civil Works - Others,,SE-CHID-01/2022-23,2022_CEBMB_77815_9,National Competitive Bid,Works,Nil,Nil,"483,863",30-Jan-2023,"INR 483,863",NA,NA,Baleshwar,Baleshwar,,,,,JALESWAR,JALESWAR
505,Improvement of Left Flood Bank of river Bahuda near Ch. Tikarapada.,Berhampur_ChTikarapada,760004,"CE-BM,RVN Basin,Berhampur||S.E. Southern Irr. Circle I Berhampur||EE Chikiti Irrigation Divn Berhampur","O/o the SE, Chikiti Irrigation Division, Berhampur","Earth Work, Concrete Work, Stone work","17,40,447",Civil Works - Others,,SE-CHID-01/2022-23,2022_CEBMB_77815_13,National Competitive Bid,Works,Nil,Nil,"1,479,554",30-Jan-2023,"INR 1,479,554",NA,NA,Baleshwar,Baleshwar,'TIKARAPADA',BALIAPAL,,,JALESWAR,JALESWAR
506,Improvement of Left Flood Bank of river Bahuda near Goudagan,Berhampur_Goudagaon,760004,"CE-BM,RVN Basin,Berhampur||S.E. Southern Irr. Circle I Berhampur||EE Chikiti Irrigation Divn Berhampur","O/o the SE, Chikiti Irrigation Division, Berhampur","Earth Work, Concrete Work, Stone work","17,40,362",Civil Works - Others,,SE-CHID-01/2022-23,2022_CEBMB_77815_14,National Competitive Bid,Works,Nil,Nil,"1,479,482",30-Jan-2023,"INR 1,479,482",NA,NA,Baleshwar,Baleshwar,,,,,JALESWAR,JALESWAR
565,Improvement to Left Flood Bank of river Bahuda near Dhepapentha.,Berhampur_Dhepapentha,760004,"CE-BM,RVN Basin,Berhampur||S.E. Southern Irr. Circle I Berhampur||EE Chikiti Irrigation Divn Berhampur","O/o the SE, Chikiti Irrigation Division, Berhampur","Earth Work, Concrete Work, Stone work","13,27,092",Civil Works - Others,,SE-CHID-01/2022-23,2022_CEBMB_77815_11,National Competitive Bid,Works,Nil,Nil,"1,128,161",30-Jan-2023,"INR 1,128,161",NA,NA,Baleshwar,Baleshwar,,,,,JALESWAR,JALESWAR
566,Improvement to left flood bank of River Bahuda near village Kalabada near Village Pandiri,Berhampur_ Pandiri,760004,"CE-BM,RVN Basin,Berhampur||S.E. Southern Irr. Circle I Berhampur||EE Chikiti Irrigation Divn Berhampur","O/o the SE, Chikiti Irrigation Division, Berhampur","Earth Work, Stone Work, Concrete Work","19,78,940",Civil Works - Others,,SE-CHID-03/2022-23,2023_CEBMB_85609_2,National Competitive Bid,Works,Nil,Nil,"1,682,297",06-Mar-2023,"INR 1,682,297",NA,NA,Baleshwar,Baleshwar,,,,,JALESWAR,JALESWAR
567,Improvement to Left Flood Bank of River Bogi near village Badabaranga,Berhampur_ Badabaranga,760004,"CE-BM,RVN Basin,Berhampur||S.E. Southern Irr. Circle I Berhampur||EE Chikiti Irrigation Divn Berhampur","O/o the SE, Chikiti Irrigation Division, Berhampur","Earth Work, Stone Work, Concrete Work","9,91,902",Civil Works - Others,,SE-CHID-02/2022-23,2022_CEBMB_83405_6,National Competitive Bid,Works,Nil,Nil,"843,216",03-Feb-2023,"INR 843,216",NA,NA,Baleshwar,Baleshwar,,,,,JALESWAR,JALESWAR
694,Improvement to Right Flood Bank of river Bahuda near Mukundapur Khariaguda,Berhampur_Khariaguda,760004,"CE-BM,RVN Basin,Berhampur||S.E. Southern Irr. Circle I Berhampur||EE Chikiti Irrigation Divn Berhampur","O/o the SE, Chikiti Irrigation Division, Berhampur","Earth Work, Concrete Work, Stone work","13,27,109",Civil Works - Others,,SE-CHID-01/2022-23,2022_CEBMB_77815_10,National Competitive Bid,Works,Nil,Nil,"1,128,176",30-Jan-2023,"INR 1,128,176",NA,NA,Baleshwar,Baleshwar,'MUKUNDAPUR',BASTA,,,JALESWAR,JALESWAR
695,Improvement to Right Flood Bank of River Bahuda near village Kharkharia,Berhampur_ Kharkharia,760004,"CE-BM,RVN Basin,Berhampur||S.E. Southern Irr. Circle I Berhampur||EE Chikiti Irrigation Divn Berhampur","O/o the SE, Chikiti Irrigation Division, Berhampur","Earth Work, Metalling","8,49,376",Civil Works - Others,,SE-CHID-02/2022-23,2022_CEBMB_83405_5,National Competitive Bid,Works,Nil,Nil,"722,055",03-Feb-2023,"INR 722,055",NA,NA,Baleshwar,Baleshwar,,,,,JALESWAR,JALESWAR
696,Improvement to Right Flood Bank of River Bahuda with Protection Wall near Kharkharia,Berhampur_ Kharkharia,760004,"CE-BM,RVN Basin,Berhampur||S.E. Southern Irr. Circle I Berhampur||EE Chikiti Irrigation Divn Berhampur","O/o the SE, Chikiti Irrigation Division, Berhampur","Earth Work, Stone Work, Concrete Work","11,49,835",Civil Works - Others,,SE-CHID-03/2022-23,2023_CEBMB_85609_1,National Competitive Bid,Works,Nil,Nil,"977,475",04-Mar-2023,"INR 977,475",NA,NA,Baleshwar,Baleshwar,,,,,JALESWAR,JALESWAR
771,"Periodical Maintenance of Thanachhak Deula PWD road to Bagrukhi Manisha Pokhari Via- Dehurda Chhaka, Gobardhanpur Road for the year 2022-23.",Jaleswar,756086,CE RW I||RWCIRCLE-BALASORE||RWDIVISION-JALESWAR,"R.W.Division, Jaleswar","Periodical Maintenance of Thanachhak Deula PWD road to Bagrukhi Manisha Pokhari Via- Dehurda Chhaka, Gobardhanpur Road for the year 2022-23.","8,92,610",Civil Works - Roads,,TCN No.01/22-23,2022_CERWI_79128_1,Open Tender,Works,Nil,Nil,"758,807",28-Jul-2022,"INR 892,610",NA,NA,Baleshwar,Baleshwar,"'GOBARDHANPUR', 'DEHURDA', 'DEULA'",JALESWAR,,DEULA,JALESWAR,JALESWAR
804,Protection to river Bank of river Bahuda near village Puhundi of Patrapur Block.,Berhampur_Puhundi,760004,"CE-BM,RVN Basin,Berhampur||S.E. Southern Irr. Circle I Berhampur||EE Chikiti Irrigation Divn Berhampur","O/o the SE, Chikiti Irrigation Division, Berhampur","Earth Work, Concrete Work, Stone work","35,40,038",Civil Works - Others,,SE-CHID-01/2022-23,2022_CEBMB_77815_16,National Competitive Bid,Works,Nil,Nil,"3,009,411",30-Jan-2023,"INR 3,009,411",NA,NA,Baleshwar,Baleshwar,,,,,JALESWAR,JALESWAR
825,Providing bathing ghat in RFB of river Nandini near village B.Berhampur,Aska,761111,"CE-BM,RVN Basin,Berhampur||S.E. Southern Irr. Circle I Berhampur||EE Bhanjanagar Irrigation Divn Bhanjanagar","SE, BhanjanagarIrr. Divn., Bhanjanagar",Providing bathing ghat in RFB of river Nandini near village B.Berhampur,"2,70,319",Civil Works - Others,,e-BNID-08/2022-23,2022_CEBMB_82808_57,Open Tender,Works,Nil,Nil,"229,798",29-Jan-2023,"INR 229,798",NA,Baleshwar,NA,Baleshwar,'BERHAMPUR',NILGIRI,,BERHAMPUR,JALESWAR,JALESWAR
877,Repair and Restoration of Batagram Chitrarekha Pond to Putina Via- Chakeisab and Naradiha U.P.School road for the year 2022-23,Jaleswar,756086,CE RW I||RWCIRCLE-BALASORE||RWDIVISION-JALESWAR,"Rural Works Division, Jaleswar",Road Work,"5,21,814",Civil Works - Roads,,SE/RW/Jls- 04/2022-23,2022_CERWI_83508_30,Open Tender,Works,Nil,Nil,"443,594",16-Feb-2023,"INR 521,814",NA,NA,Baleshwar,Baleshwar,"'PUTINA', 'CHAKEISAB'",BHOGRAI,,PUTINA,JALESWAR,JALESWAR
879,"Repair and Restoration of Gunsartha Kiagadia Primary School to Bagsahi Choudhury Pokhari Via- Uplahat Bipin Matha, Mohadev Mandir and Patra Pokhari road for the year 2022-23",Jaleswar,756086,CE RW I||RWCIRCLE-BALASORE||RWDIVISION-JALESWAR,"Rural Works Division, Jaleswar",Road Work,"5,25,618",Civil Works - Roads,,SE/RW/Jls- 04/2022-23,2022_CERWI_83508_26,Open Tender,Works,Nil,Nil,"446,445",15-Feb-2023,"INR 525,168",NA,NA,Baleshwar,Baleshwar,'GUNSARTHA',BHOGRAI,,GUNSARTHA,JALESWAR,JALESWAR
880,Repair and Restoration of Salia Bandha Toilet,BERHAMPUR,760002,Municipal Bodies||Brahmapur Municipal Corporation,BERHAMPUR MUNICIPAL CORPORATION,Repair and Restoration of Salia Bandha Toilet,"4,43,000",Civil Works - Others,,BMC(BAM)/228/2020-21,2020_ORULB_63404_8,Open Tender,Works,COMMISSIONER,BERHAMPUR MUNICIPAL CORPORATION,"442,687.28",20-Sep-2022,"INR 442,687.28",NA,NA,Baleshwar,Baleshwar,,,,,JALESWAR,JALESWAR
938,"Restoration of Road at L.N. Street 1st, 2nd, 7th and 11th lane, Binayak Collage and Sramika Nagar in Ward no. 2",BERHAMPUR,760002,Municipal Bodies||Brahmapur Municipal Corporation,BERHAMPUR MUNICIPAL CORPORATION,"Restoration of Road at L.N. Street 1st, 2nd, 7th and 11th lane, Binayak Collage and Sramika Nagar in Ward no. 2","2,52,000",Civil Works - Others,,BMC(BAM)/229/2020-21,2020_ORULB_63479_11,Open Tender,Works,COMMISSIONER,BERHAMPUR MUNICIPAL CORPORATION,"244,744.85",16-Sep-2022,"INR 252,314.28",NA,NA,Baleshwar,Baleshwar,,,,,JALESWAR,JALESWAR
942,Restoration to Left flood Bank river Bahuda near Patrachudi.,Berhampur_Patrachudi,760004,"CE-BM,RVN Basin,Berhampur||S.E. Southern Irr. Circle I Berhampur||EE Chikiti Irrigation Divn Berhampur","O/o the SE, Chikiti Irrigation Division, Berhampur","Earth Work, Concrete Work, Stone work","26,55,094",Civil Works - Others,,SE-CHID-01/2022-23,2022_CEBMB_77815_15,National Competitive Bid,Works,Nil,Nil,"2,257,096",30-Jan-2023,"INR 2,257,096",NA,NA,Baleshwar,Baleshwar,,,,,JALESWAR,JALESWAR
1021,RETROFITTING OF RPWS TO BELDA 40 LPCD UNDER SORO BLOCK WITH 5 YRS OM-JJM,BALASORE,756001,Rural Water Supply and Sanitation||RWSS Circle Cuttack||RWSS Balasore,O/O EE RWSS DIVISION BALASORE,RPWS WITH RCC ESR,"1,63,58,092",Civil Works - Water Works,,TCN NO. 22 DT. 25.08.2022,2022_RWSS_80809_1,Open Tender,Works,Nil,Nil,"14,560,337",22-Nov-2022,"INR 14,560,337",NA,Baleshwar,NA,Baleshwar,'BELDA',SORO,,,SORO,SORO
1022,RETROFITTING OF RPWS TO CHAMPU WITH 50 KL RCC ESR UNDER SORO BLOCK-JJM,BALASORE,756001,Rural Water Supply and Sanitation||RWSS Circle Cuttack||RWSS Balasore,O/O EE RWSS DIVISION BALASORE,RPWS WITH RCC ESR,"56,28,210",Civil Works - Water Works,,TCN NO. 21 DT. 16-08-2021,2021_RWSS_70514_1,National Competitive Bid,Works,Nil,Nil,"5,065,952",07-Nov-2022,"INR 5,065,952",NA,Baleshwar,NA,Baleshwar,,SORO,,,SORO,SORO
1024,RETROFITTING OF RPWS TO SUGO WITH 3 NOS. 100 KL RCC ESR UNDER JALESWAR BLOCK OF BALASORE DISTRICT-JJM,BALASORE,756001,Rural Water Supply and Sanitation||RWSS Circle Cuttack||RWSS Balasore,O/O EE RWSS DIVISION BALASORE,RPWS WITH RCC ESR,"2,43,40,283",Civil Works - Water Works,,TCN NO. 59 DT. 25.03.2022,2022_RWSS_76756_1,National Competitive Bid,Works,Nil,Nil,"23,123,268",30-Oct-2022,"INR 23,123,268",NA,Baleshwar,NA,Baleshwar,"'JALESWAR', 'SUGO'",JALESWAR,,SUGO,JALESWAR,JALESWAR
191,Construction of Check dam over Tava Nalla in R.Udayagiri Block of Gajapapti District under MATY Scheme 2022-23,R.UDAYAGIRI,761016,"CE,Minor Irrigation,BBSR||SESMIC-BERHAMPUR||GAJAPATI","S.E.M.I.DIVISION, GAJAPTI PARALAKHEMUNDI",Construction of Check dam over Tava Nalla in R.Udayagiri Block of Gajapapti District under MATY Scheme 2022-23,"20,90,410",Civil Works - Others,,MIDGJP-06/2022-23,2023_CEMIB_85213_1,Open Tender,Works,Nil,Nil,"1,777,057.42",14-Mar-2023,"INR 2,090,409.86",NA,Gajapati,Gajapati,Gajapati,,R.UDAYAGIRI,,R.UDAYAGIRI,R.UDAYAGIRI,R.UDAYAGIRI
200,Construction of Dabarguda Nalla Check Dam in R.Udayagiri block of Gajapati Distirct under MATY Scheme.2022-23,R.UDAYAGIRI,761016,"CE,Minor Irrigation,BBSR||SESMIC-BERHAMPUR||GAJAPATI","S.E.M.I.DIVISION, GAJAPTI PARALAKHEMUNDI",Construction of Dabarguda Nalla Check Dam in R.Udayagiri block of Gajapati Distirct under MATY Scheme.2022-23,"72,19,294",Civil Works - Others,,MIDGJP-07/2022-23,2023_CEMIB_85256_2,Open Tender,Works,Nil,Nil,"6,137,121",03-Mar-2023,"INR 7,219,293.58",NA,Gajapati,Gajapati,Gajapati,,R.UDAYAGIRI,,R.UDAYAGIRI,R.UDAYAGIRI,R.UDAYAGIRI
304,Construction of Padmakesura Check Dam over Kesura nalla in Mohana Block of Block of Gajapati District under MATY Scheme 2022-23,Mohana,761015,"CE,Minor Irrigation,BBSR||SESMIC-BERHAMPUR||GAJAPATI","S.E.M.I.DIVISION, GAJAPTI PARALAKHEMUNDI",Construction of Padmakesura Check Dam over Kesura nalla in Mohana Block of Block of Gajapati District under MATY Scheme 2022-23,"43,85,526",Civil Works - Others,,MIDGJP-06/2022-23,2023_CEMIB_85213_4,Open Tender,Works,Nil,Nil,"3,728,135",03-Mar-2023,"INR 4,385,525.53",NA,Gajapati,Gajapati,Gajapati,,MOHANA,,MOHANA,MOHANA,MOHANA
368,Construction of Routana Nalla Check Dam in R.Udayagiri block of Gajapati District under MATY Scheme.2022-23,R.UDAYAGIRI,761016,"CE,Minor Irrigation,BBSR||SESMIC-BERHAMPUR||GAJAPATI","S.E.M.I.DIVISION, GAJAPTI PARALAKHEMUNDI",Construction of Routana Nalla Check Dam in R.Udayagiri block of Gajapati District under MATY Scheme.2022-23,"53,10,212",Civil Works - Others,,MIDGJP-07/2022-23,2023_CEMIB_85256_1,Open Tender,Works,Nil,Nil,"4,514,211",01-Mar-2023,"INR 5,310,211.89",NA,Gajapati,Gajapati,Gajapati,,R.UDAYAGIRI,,R.UDAYAGIRI,R.UDAYAGIRI,R.UDAYAGIRI
1043,S/R to Construction of R.C.C. Drain at chainage 32/200km of MMPKG Road for the year 2022-23.,Paralakhemundi,761200,EIC-CIVIL||SERNB-CIRCLE-RAYAGADA||EERNB DIVN PARALAKHEMUNDI,Paralakhemundi,S/R to Construction of R.C.C. Drain at chainage 32/200km of MMPKG Road for the year 2022-23.,"8,43,527",Civil Works - Roads,,SE-PKD-RandB-DIVN-18/2022-23,2023_EICCL_84980_3,National Competitive Bid,Works,Nil,Nil,"717,083",21-Mar-2023,"INR 717,083",NA,NA,Gajapati,Gajapati,,,,,R.UDAYAGIRI,R.UDAYAGIRI
24,Const of road and drain at Subash Nagar from Binod Sahugali to GwalaPada in ward No-14 of Bargarh Municipality,BARGARH MUNICIPALITY,768028,Municipal Bodies||Bargarh Municipal Council,BARGARH MUNICIPALITY,Const of road and drain at Subash Nagar from Binod Sahugali to GwalaPada in ward No-14 of Bargarh Municipality,"7,87,263",Civil Works - Roads,,4/BGH- MUN/2022-23,2022_ORULB_78379_70,Open Tender,Works,Nil,Nil,"735,951",17-Nov-2022,"INR 702,914",NA,Bargarh,Bargarh,Bargarh,,BARGARH,,,BARGARH,BARGARH
25,Const of road and drain from jhankarabari to dukhu house keshabnagar in ward No-1 of Bargarh Municipality,BARGARH MUNICIPALITY,768028,Municipal Bodies||Bargarh Municipal Council,BARGARH MUNICIPALITY,Const of road and drain from jhankarabari to dukhu house keshabnagar in ward No-1 of Bargarh Municipality,"14,44,478",Civil Works - Roads,,4/BGH- MUN/2022-23,2022_ORULB_78379_11,Open Tender,Works,Nil,Nil,"1,345,210",17-Nov-2022,"INR 1,289,750",NA,Bargarh,Bargarh,Bargarh,,BARGARH,,,BARGARH,BARGARH
26,Const of road and drain from Jibardhan Panda to Bab Matha in ward No-1 of Bargarh Municipality,BARGARH MUNICIPALITY,768028,Municipal Bodies||Bargarh Municipal Council,BARGARH MUNICIPALITY,Const of road and drain from Jibardhan Panda to Bab Matha in ward No-1 of Bargarh Municipality,"14,81,869",Civil Works - Roads,,4/BGH- MUN/2022-23,2022_ORULB_78379_12,Open Tender,Works,Nil,Nil,"1,381,365",17-Nov-2022,"INR 1,323,146",NA,Bargarh,Bargarh,Bargarh,,BARGARH,,,BARGARH,BARGARH
27,Const of road drain and slab from sibajisahu house to Sarangi Master house in ward No-14 of Bargarh Municipality,BARGARH MUNICIPALITY,768028,Municipal Bodies||Bargarh Municipal Council,BARGARH MUNICIPALITY,Const of road drain and slab from sibajisahu house to Sarangi Master house in ward No-14 of Bargarh Municipality,"17,78,169",Civil Works - Roads,,4/BGH- MUN/2022-23,2022_ORULB_78379_69,Open Tender,Works,Nil,Nil,"1,660,683",17-Nov-2022,"INR 1,587,651",NA,Bargarh,Bargarh,Bargarh,,BARGARH,,,BARGARH,BARGARH
57,"Const. of cc road and drain from Chhatrapati house to BarikBabu house, Gali No-2, Nigamananda Bihar in ward No-1 of Bargarh Municipality",BARGARH MUNICIPALITY,768028,Municipal Bodies||Bargarh Municipal Council,BARGARH MUNICIPALITY,"Const. of cc road and drain from Chhatrapati house to BarikBabu house, Gali No-2, Nigamananda Bihar in ward No-1 of Bargarh Municipality","7,87,263",Civil Works - Roads,,4/BGH- MUN/2022-23,2022_ORULB_78379_13,Open Tender,Works,Nil,Nil,"734,545",18-Nov-2022,"INR 702,914",NA,Bargarh,Bargarh,Bargarh,,BARGARH,,,BARGARH,BARGARH
153,"Construction of C.C road and drain at Gudesira Market Yard under RMC, Bargarh",Gudesira Market Yard,768038,Odisha State Agricultural Marketing Board||RMC Bargarh,"Office of the RMC, Bargarh",cement concrete road and drain work,"22,86,062",Civil Works - Buildings,,RMCBARGARH 03 OF 2022-23,2022_OSAMB_81134_1,Open Tender,Works,Nil,Nil,"2,286,062.86",28-Oct-2022,"INR 2,286,062.86",NA,Bargarh,NA,Bargarh,'GUDESIRA',BARGARH,,GUDESIRA,BARGARH,BARGARH
347,"Construction of Recharge shaft in Tanks and ponds at 23 locations of Bargarh,Bhatli and Jharbandh Block of Bargarh District","Deputy Director, Geology, GWD Division ,Bolangir",767002,Ground Water Survey and Investigation,Bolangir,"Construction of Recharge shaft in Tanks and ponds at 23 locations of Bargarh,Bhatli and Jharbandh Block of Bargarh District","39,56,000",Civil Works - Others,,02/GWBLG/ARUA/2022-23,2022_GWSI_84421_1,Open Tender,Works,Nil,Nil,"3,908,924",12-Jan-2023,"INR 3,908,924",NA,Bargarh,NA,Bargarh,'BHATLI',JHARBANDH,,BHATLI,JHARBANDH,JHARBANDH
102,Construction of Barebata Check Dam over Kateni nalla near village Barebata in Majhipada GP of Phiringia Block of Kandhamal District under MATY scheme for 2022-23.,Phulbani,762001,"CE,Minor Irrigation,BBSR||SESMIC-BERHAMPUR||EE Kandhamal MI Divn. Phulbani",O/o the S.E. MI Divn. Kandhamal,Construction of Barebata Check Dam over Kateni nalla near village Barebata in Majhipada GP of Phiringia Block of Kandhamal District under MATY scheme for 2022-23.,"66,75,000",Civil Works - Others,,BID IDENTIFICATION NO-07/2022-23,2023_CEMIB_85269_2,National Competitive Bid,Works,Nil,Nil,"5,673,993",28-Mar-2023,"INR 5,673,993",NA,Kandhamal,NA,Kandhamal,"'PHIRINGIA', 'BAREBATA'",PHIRINGIA,,,PHIRINGIA,PHIRINGIA
206,Construction of Delarpada Check Dam over Local nalla near village Delarpada in Ratanga GP of Phiringia Block of Kandhamal District under MATY scheme for 2022-23.,Phulbani,762001,"CE,Minor Irrigation,BBSR||SESMIC-BERHAMPUR||EE Kandhamal MI Divn. Phulbani",O/o the S.E. MI Divn. Kandhamal,Construction of Delarpada Check Dam over Local nalla near village Delarpada in Ratanga GP of Phiringia Block of Kandhamal District under MATY scheme for 2022-23.,"75,15,000",Civil Works - Others,,BID IDENTIFICATION NO-07/2022-23,2023_CEMIB_85269_5,National Competitive Bid,Works,Nil,Nil,"6,388,323",28-Mar-2023,"INR 6,388,323",NA,Kandhamal,NA,Kandhamal,"'RATANGA', 'PHIRINGIA'",PHIRINGIA,,RATANGA,PHIRINGIA,PHIRINGIA
276,Construction of Kotagada Check Dam near Commission Piped Water Supply scheme near village Kotagada in Kotagada Block of Kandhamal district under BKoGY for the year 2021-22,Phulbani,762001,"CE,Minor Irrigation,BBSR||SESMIC-BERHAMPUR||EE Kandhamal MI Divn. Phulbani","O/o the EE, KMID, Phulbani",Construction of Kotagada Check Dam near Commission Piped Water Supply scheme near village Kotagada in Kotagada Block of Kandhamal district under BKoGY for the year 2021-22,"40,76,000",Civil Works - Others,,BID IDENTIFICATION NO-02/2021-22,2021_CEMIB_75010_2,National Competitive Bid,Works,Nil,Nil,"3,464,818.28",26-May-2022,"INR 3,464,818.28",NA,Kandhamal,NA,Kandhamal,,,,,PHIRINGIA,PHIRINGIA
296,Construction of Mundasahi Check Dam over Kelichuan nalla near village Mundasahi in Minir GP of Phulbani Block of Kandhamal District under MATY scheme for 2022-23.,Phulbani,762001,"CE,Minor Irrigation,BBSR||SESMIC-BERHAMPUR||EE Kandhamal MI Divn. Phulbani",O/o the S.E. MI Divn. Kandhamal,Construction of Mundasahi Check Dam over Kelichuan nalla near village Mundasahi in Minir GP of Phulbani Block of Kandhamal District under MATY scheme for 2022-23.,"77,22,000",Civil Works - Others,,BID IDENTIFICATION NO-07/2022-23,2023_CEMIB_85269_1,National Competitive Bid,Works,Nil,Nil,"6,564,154",28-Mar-2023,"INR 6,564,154",NA,Kandhamal,NA,Kandhamal,'MUNDASAHI',PHULBANI,,,PHULBANI,PHULBANI
298,Construction of Nedipadar Check Dam over Penkaketa nalla near village Nedipadar in Palaburudi GP of Phiringia Block of Kandhamal District under MATY scheme for 2022-23,Phulbani,762001,"CE,Minor Irrigation,BBSR||SESMIC-BERHAMPUR||EE Kandhamal MI Divn. Phulbani",O/o the S.E. MI Divn. Kandhamal,Construction of Nedipadar Check Dam over Penkaketa nalla near village Nedipadar in Palaburudi GP of Phiringia Block of Kandhamal District under MATY scheme for 2022-23,"47,68,000",Civil Works - Others,,BID IDENTIFICATION NO-08/2022-23,2023_CEMIB_85270_1,National Competitive Bid,Works,Nil,Nil,"4,053,216",27-Mar-2023,"INR 4,053,216",NA,Kandhamal,NA,Kandhamal,'PHIRINGIA',PHIRINGIA,,,PHIRINGIA,PHIRINGIA
299,Construction of new Additional room for Emergency store room at Tahasil office at Khajuripada for 2022-23,"O/O the SE,RWD,Phulbani",762001,CE RW I||RWCIRCLE-BERHAMPUR||RWDIVISION-PHULBANI,"O/O the SE,RWD,Phulbani",Construction of new Additional room for Emergency store room at Tahasil office at Khajuripada for 2022-23,"8,85,000",Civil Works - Buildings,,Online Tender/05/SERWD PHULBANI/2022-23,2022_CERWI_80973_2,Open Tender,Works,Nil,Nil,"751,618",01-Nov-2022,"INR 751,618",NA,Kandhamal,NA,Kandhamal,,KHAJURIPADA,,KHAJURIPADA,KHAJURIPADA,KHAJURIPADA
300,Construction of new Additional room for Emergency store room at Tahasil office at Raikia for 2022-23,"O/O the SE,RWD,Phulbani",762001,CE RW I||RWCIRCLE-BERHAMPUR||RWDIVISION-PHULBANI,"O/O the SE,RWD,Phulbani",Construction of new Additional room for Emergency store room at Tahasil office at Raikia for 2022-23,"8,97,000",Civil Works - Buildings,,Online Tender/05/SERWD PHULBANI/2022-23,2022_CERWI_80973_1,Open Tender,Works,Nil,Nil,"732,431",30-Oct-2022,"INR 732,431",NA,Kandhamal,NA,Kandhamal,'RAIKIA',RAIKIA,,RAIKIA,RAIKIA,RAIKIA
320,Construction of Pokasungha Check Dam near Commission Piped Water Supply scheme near village Pokasungha in Badabarba GP of Raikia Block of Kandhamal district under BKoGY for the year 2021-22,Phulbani,762001,"CE,Minor Irrigation,BBSR||SESMIC-BERHAMPUR||EE Kandhamal MI Divn. Phulbani","O/o the EE, KMID, Phulbani",Construction of Pokasungha Check Dam near Commission Piped Water Supply scheme near village Pokasungha in Badabarba GP of Raikia Block of Kandhamal district under BKoGY for the year 2021-22,"15,78,000",Civil Works - Others,,BID IDENTIFICATION NO-02/2021-22,2021_CEMIB_75010_7,National Competitive Bid,Works,Nil,Nil,"1,341,410.69",26-May-2022,"INR 1,341,410.69",NA,Kandhamal,NA,Kandhamal,'RAIKIA',RAIKIA,,BADABARBA,RAIKIA,RAIKIA
370,Construction of Salaguda Check Dam over Biherigata nalla near village Salaguda in Salaguda GP of Phiringia Block of Kandhamal District under MATY scheme for 2022-23.,Phulbani,762001,"CE,Minor Irrigation,BBSR||SESMIC-BERHAMPUR||EE Kandhamal MI Divn. Phulbani",O/o the S.E. MI Divn. Kandhamal,Construction of Salaguda Check Dam over Biherigata nalla near village Salaguda in Salaguda GP of Phiringia Block of Kandhamal District under MATY scheme for 2022-23.,"60,80,000",Civil Works - Others,,BID IDENTIFICATION NO-07/2022-23,2023_CEMIB_85269_4,National Competitive Bid,Works,Nil,Nil,"5,168,354",28-Mar-2023,"INR 5,168,354",NA,Kandhamal,NA,Kandhamal,'PHIRINGIA',PHIRINGIA,,SALAGUDA,PHIRINGIA,PHIRINGIA
382,Construction of Sradimunda Check Dam over Kahasradu nalla near village Sradimunda in Palaburudi GP of Phiringia Block of Kandhamal District under MATY scheme for 2022-23.,Phulbani,762001,"CE,Minor Irrigation,BBSR||SESMIC-BERHAMPUR||EE Kandhamal MI Divn. Phulbani",O/o the S.E. MI Divn. Kandhamal,Construction of Sradimunda Check Dam over Kahasradu nalla near village Sradimunda in Palaburudi GP of Phiringia Block of Kandhamal District under MATY scheme for 2022-23.,"75,12,000",Civil Works - Others,,BID IDENTIFICATION NO-07/2022-23,2023_CEMIB_85269_3,National Competitive Bid,Works,Nil,Nil,"6,385,885",28-Mar-2023,"INR 6,385,885",NA,Kandhamal,NA,Kandhamal,'PHIRINGIA',PHIRINGIA,,,PHIRINGIA,PHIRINGIA
862,Renovation of Dulurinalla Check Dam (Low Height Check Dam) over Duluri nalla near village Dulurisahi in Daringibadi Block of Kandhamal district under BKoGY for the year 2021-22,Phulbani,762001,"CE,Minor Irrigation,BBSR||SESMIC-BERHAMPUR||EE Kandhamal MI Divn. Phulbani","O/o the EE, KMID, Phulbani",Renovation of Dulurinalla Check Dam (Low Height Check Dam) over Duluri nalla near village Dulurisahi in Daringibadi Block of Kandhamal district under BKoGY for the year 2021-22,"26,79,000",Civil Works - Others,,BID IDENTIFICATION NO-02/2021-22,2021_CEMIB_75010_3,National Competitive Bid,Works,Nil,Nil,"2,277,037.95",26-May-2022,"INR 2,277,037.95",NA,Kandhamal,NA,Kandhamal,,DARINGIBADI,,,DARINGIBADI,DARINGIBADI
900,"Repair, Renovation and Restoration (RRR) of Billabadi MIP in K.Nuagaon Block of Kandhamal district under PMKSY-HKKP during the current financial year 2022-23",Phulbani,762001,"CE,Minor Irrigation,BBSR||SESMIC-BERHAMPUR||EE Kandhamal MI Divn. Phulbani",O/o the E.E. KMI Divn.Phulbani,"Repair, Renovation and Restoration (RRR) of Billabadi MIP in K.Nuagaon Block of Kandhamal district under PMKSY-HKKP during the current financial year 2022-23","36,29,000",Civil Works - Others,,BID IDENTIFICATION NO-02/2022-23,2022_CEMIB_77617_4,National Competitive Bid,Works,Nil,Nil,"3,084,952.69",06-Oct-2022,"INR 3,084,952.69",NA,Kandhamal,NA,Kandhamal,'DURING',KOTAGARH,,,DARINGIBADI,DARINGIBADI
901,"Repair, Renovation and Restoration (RRR) of Boneigaon MIP in K.Nuagaon Block of Kandhamal district under PMKSY-HKKP during the year 2022-23",Phulbani,762001,"CE,Minor Irrigation,BBSR||SESMIC-BERHAMPUR||EE Kandhamal MI Divn. Phulbani","O/o the SE, MI Division, Kandhamal","Repair, Renovation and Restoration (RRR) of Boneigaon MIP in K.Nuagaon Block of Kandhamal district under PMKSY-HKKP during the year 2022-23","27,69,000",Civil Works - Others,,BID IDENTIFICATION NO-06/2022-23,2023_CEMIB_85167_4,National Competitive Bid,Works,Nil,Nil,"2,353,760",27-Mar-2023,"INR 2,353,760",NA,Kandhamal,NA,Kandhamal,'DURING',KOTAGARH,,,DARINGIBADI,DARINGIBADI
902,"Repair, Renovation and Restoration (RRR) of Budhadani MIP in Phulbani Block of Kandhamal district under PMKSY-HKKP during the current financial year 2022-23",Phulbani,762001,"CE,Minor Irrigation,BBSR||SESMIC-BERHAMPUR||EE Kandhamal MI Divn. Phulbani",O/o the E.E. KMI Divn.Phulbani,"Repair, Renovation and Restoration (RRR) of Budhadani MIP in Phulbani Block of Kandhamal district under PMKSY-HKKP during the current financial year 2022-23","32,66,000",Civil Works - Others,,BID IDENTIFICATION NO-02/2022-23,2022_CEMIB_77617_1,National Competitive Bid,Works,Nil,Nil,"2,776,416.17",06-Oct-2022,"INR 2,776,416.17",NA,Kandhamal,NA,Kandhamal,'DURING',PHULBANI,,,PHULBANI,PHULBANI
907,"Repair, Renovation and Restoration (RRR) of Japimaska MIP in Balliguda Block of Kandhamal district under PMKSY-HKKP during the current financial year 2022-23",Phulbani,762001,"CE,Minor Irrigation,BBSR||SESMIC-BERHAMPUR||EE Kandhamal MI Divn. Phulbani",O/o the E.E. KMI Divn.Phulbani,"Repair, Renovation and Restoration (RRR) of Japimaska MIP in Balliguda Block of Kandhamal district under PMKSY-HKKP during the current financial year 2022-23","42,10,000",Civil Works - Others,,BID IDENTIFICATION NO-02/2022-23,2022_CEMIB_77617_5,National Competitive Bid,Works,Nil,Nil,"3,578,599.95",06-Oct-2022,"INR 3,578,599.95",NA,Kandhamal,NA,Kandhamal,'DURING',KOTAGARH,,,PHULBANI,PHULBANI
908,"Repair, Renovation and Restoration (RRR) of Mankadagada MIP in Khajuripada Block of Kandhamal district under PMKSY-HKKP during the current financial year 2022-23",Phulbani,762001,"CE,Minor Irrigation,BBSR||SESMIC-BERHAMPUR||EE Kandhamal MI Divn. Phulbani",O/o the E.E. KMI Divn.Phulbani,"Repair, Renovation and Restoration (RRR) of Mankadagada MIP in Khajuripada Block of Kandhamal district under PMKSY-HKKP during the current financial year 2022-23","32,26,000",Civil Works - Others,,BID IDENTIFICATION NO-02/2022-23,2022_CEMIB_77617_3,National Competitive Bid,Works,Nil,Nil,"2,742,421.02",06-Oct-2022,"INR 2,742,421.02",NA,Kandhamal,NA,Kandhamal,'DURING',KHAJURIPADA,,KHAJURIPADA,KHAJURIPADA,KHAJURIPADA
915,"Repair, Renovation and Restoration (RRR) of Uppersahi MIP in Phiringia Block of Kandhamal district under PMKSY-HKKP during the current financial year 2022-23",Phulbani,762001,"CE,Minor Irrigation,BBSR||SESMIC-BERHAMPUR||EE Kandhamal MI Divn. Phulbani",O/o the E.E. KMI Divn.Phulbani,"Repair, Renovation and Restoration (RRR) of Uppersahi MIP in Phiringia Block of Kandhamal district under PMKSY-HKKP during the current financial year 2022-23","43,55,000",Civil Works - Others,,BID IDENTIFICATION NO-02/2022-23,2022_CEMIB_77617_2,National Competitive Bid,Works,Nil,Nil,"3,701,817",06-Oct-2022,"INR 3,701,817",NA,Kandhamal,NA,Kandhamal,"'DURING', 'PHIRINGIA'",PHIRINGIA,,,PHIRINGIA,PHIRINGIA
87,Construction of 2nd Bridge over Dharamghat Nallah on Badabeta to Handikhal road in the district of Koraput under BSY,Boipariguda,764043,CE RW I||RWCIRCLE-SUNABEDA,Rural Works Circle Suabeda,Construction of 2nd Bridge over Dharamghat Nallah on Badabeta to Handikhal road in the district of Koraput under BSY,"6,31,20,416",Civil Works - Bridges,,CCERWCSBD-Online-17/2021-22 B,2021_CERWI_73327_4,National Competitive Bid,Works,Nil,Nil,"58,544,185.73",05-Jan-2023,"INR 63,120,415.88",NA,Koraput,Koraput,Koraput,,KORAPUT,,,KORAPUT,KORAPUT
139,Construction of Bijaguda in stream storage Check Dam (Low height Check Dam) over local nallah near village Bijaguda in Lamataput Block of Koraput District,Lamataput,764081,"CE,Minor Irrigation,BBSR||SE,KBK Minor Irr.CircleII,Jeypore||EE M.I. Division Jeypore","Executive Engineer, M.I. Division, Jeypore",Construction of Bijaguda in stream storage Check Dam (Low height Check Dam) over local nallah near village Bijaguda in Lamataput Block of Koraput District,"35,92,786",Civil Works - Water Works,,MIDJEY05/2022-23,2022_CEMIB_82026_3,Open Tender,Works,Nil,Nil,"3,054,227.43",03-Feb-2023,"INR 3,054,227",NA,Koraput,NA,Koraput,'LAMATAPUT',KORAPUT,,,KORAPUT,KORAPUT
176,Construction of cattle crossing at RD 8.70km and protection wall of Kotpad Disty.,BORIGUMMA,764056,"CCE,Upper Kolab Project,Jeypore||CCE,Upper Kolab Project, Bariniput||EE, Upper Kolab Irrigation Divn IV, Boriguma","Office of the SE UKIDIVN, Borigumma,Dist-Koraput.",CANAL STRUCTURAL WORK,"7,38,634",Civil Works - Canal,,SEUKID 02/2022-23 (SL 17),2022_CCEJE_83313_1,Open Tender,Works,Nil,Nil,"627,913",02-Jan-2023,"INR 738,634",NA,Koraput,NA,Koraput,'KOTPAD',KOTPAD,,,KOTPAD,KOTPAD
251,"Construction of footpath, drains, providing decorative name boards, other sign boards at main entrance gates of Satiguda Dam including laying of floor tiles over open steps on down-stream side slope.",Jeypore,764004,"CCE,Upper Kolab Project,Jeypore||CCE,Upper Kolab Project, Bariniput||EE , Upper Kolab Headworks Division,Kolabnagar","Office of the SE, UKHWD, Kolabnagar,Dist-Koraput.",Dam periphery work,"8,09,277",Civil Works - Others,,SE-UKHWD-06-2022-23(Sl.No.03),2023_CCEJE_84877_1,Open Tender,Works,Nil,Nil,"687,966.50",22-Mar-2023,"INR 809,277.14",NA,NA,Koraput,Koraput,,,,,KOTPAD,KOTPAD
267,Construction of K. Pakhanaguda in stream storage Check Dam (Low Height Check Dam) over Birinadi near village K.Pakhanaguda in Kundra Block of Koraput District.,Kundra,764002,"CE,Minor Irrigation,BBSR||SE,KBK Minor Irr.CircleII,Jeypore||EE M.I. Division Jeypore","Executive Engineer, M.I. Division, Jeypore",Construction of K. Pakhanaguda in stream storage Check Dam (Low Height Check Dam) over Birinadi near village K.Pakhanaguda in Kundra Block of Koraput District.,"50,63,479",Civil Works - Water Works,,MIDJEY06/2022-23,2022_CEMIB_82070_3,Open Tender,Works,Nil,Nil,"4,304,463.59",03-Feb-2023,"INR 4,304,463.59",NA,Koraput,NA,Koraput,'PAKHANAGUDA',KORAPUT,,KUNDRA,KORAPUT,KORAPUT
277,Construction of Kuhudigaon in stream storage Check Dam (Low Height Check Dam) over Sunakata Nalla near village Batakuhudi in Kotpad Block of Koraput District.,Kotpad,764058,"CE,Minor Irrigation,BBSR||SE,KBK Minor Irr.CircleII,Jeypore||EE M.I. Division Jeypore","Executive Engineer, M.I. Division, Jeypore",Construction of Kuhudigaon in stream storage Check Dam (Low Height Check Dam) over Sunakata Nalla near village Batakuhudi in Kotpad Block of Koraput District.,"64,23,682",Civil Works - Water Works,,MIDJEY06/2022-23,2022_CEMIB_82070_1,Open Tender,Works,Nil,Nil,"5,460,771.71",03-Feb-2023,"INR 5,460,771.71",NA,Koraput,Koraput,Koraput,'KOTPAD',KORAPUT,,,KORAPUT,KORAPUT
279,Construction of Kumbharguda Check Dam over Kanyajodi Nallah near village Kumbharguda in Boipariguda Block of Koraput District.,Boipariguda,764043,"CE,Minor Irrigation,BBSR||SE,KBK Minor Irr.CircleII,Jeypore||EE M.I. Division Jeypore","Executive Engineer, M.I. Division, Jeypore",Construction of Kumbharguda Check Dam over Kanyajodi Nallah near village Kumbharguda in Boipariguda Block of Koraput District.,"48,59,829",Civil Works - Water Works,,MIDJEY05/2022-23,2022_CEMIB_82026_6,Open Tender,Works,Nil,Nil,"4,131,340",02-Feb-2023,"INR 4,131,340",NA,Koraput,Koraput,Koraput,'BOIPARIGUDA',BOIPARIGUDA,,BOIPARIGUDA,BOIPARIGUDA,BOIPARIGUDA
291,Construction of Mankidini in stream storage Check Dam (Low height Check Dam) over local nallah near village Mankidi in Narayanpatna Block of Koraput District.,Narayanapatna,764014,"CE,Minor Irrigation,BBSR||SE,KBK Minor Irr.CircleII,Jeypore||EE M.I. Division Jeypore","Executive Engineer, M.I. Division, Jeypore",Construction of Mankidini in stream storage Check Dam (Low height Check Dam) over local nallah near village Mankidi in Narayanpatna Block of Koraput District.,"43,55,080",Civil Works - Water Works,,MIDJEY05/2022-23,2022_CEMIB_82026_1,Open Tender,Works,Nil,Nil,"3,702,253.72",02-Feb-2023,"INR 3,702,253.72",NA,Koraput,NA,Koraput,"'MANKIDI', 'NARAYANPATNA'",KORAPUT,,,KORAPUT,KORAPUT
293,Construction of Meriput in stream storage Check Dam (Low height Check Dam) over local nallah near village Meriput in Lamataput Block of Koraput District.,Lamataput,764081,"CE,Minor Irrigation,BBSR||SE,KBK Minor Irr.CircleII,Jeypore||EE M.I. Division Jeypore","Executive Engineer, M.I. Division, Jeypore",Construction of Meriput in stream storage Check Dam (Low height Check Dam) over local nallah near village Meriput in Lamataput Block of Koraput District.,"41,39,478",Civil Works - Water Works,,MIDJEY05/2022-23,2022_CEMIB_82026_2,Open Tender,Works,Nil,Nil,"3,518,971",24-Jan-2023,"INR 3,518,971",NA,Koraput,NA,Koraput,'LAMATAPUT',KORAPUT,,,KORAPUT,KORAPUT
301,Construction of new protection walls of Padmapur Distributary between RD 7.150 Km to 7.300 Km and RD 9.200 Km to 9.250 Km for leakage control.,Jeypore,764004,"CCE,Upper Kolab Project,Jeypore||CCE,Upper Kolab Project, Bariniput||EE , Upper Kolab Headworks Division,Kolabnagar","Office of the SE UKHW DIVN, Kolabnagar, Koraput.",Canal structural work.,"10,87,897",Civil Works - Canal,,SE-UKHWD-05/2022-23(Sl.No.12),2022_CCEJE_83477_1,Open Tender,Works,Nil,Nil,"924,821.40",22-Mar-2023,"INR 1,087,897",NA,NA,Koraput,Koraput,'PADMAPUR',KUNDURA,,PADMAPUR,KORAPUT,KORAPUT
302,Construction of P. Maliguda Check Dam over Panijhola Nalla near village P. Maliguda in Boipariguda Block of Koraput District.,Boipariguda,764043,"CE,Minor Irrigation,BBSR||SE,KBK Minor Irr.CircleII,Jeypore||EE M.I. Division Jeypore","Executive Engineer, M.I. Division, Jeypore",Construction of P. Maliguda Check Dam over Panijhola Nalla near village P. Maliguda in Boipariguda Block of Koraput District.,"41,16,686",Civil Works - Water Works,,MIDJEY05/2022-23,2022_CEMIB_82026_4,Open Tender,Works,Nil,Nil,"3,499,595",24-Jan-2023,"INR 3,499,595",NA,Koraput,Koraput,Koraput,'BOIPARIGUDA',BOIPARIGUDA,,BOIPARIGUDA,BOIPARIGUDA,BOIPARIGUDA
329,Construction of protection wall from RD 800m to 1054m of Bentaguda sub minor offtaking from Kotpad minor-III.,BORIGUMMA,764056,"CCE,Upper Kolab Project,Jeypore||CCE,Upper Kolab Project, Bariniput||EE, Upper Kolab Irrigation Divn IV, Boriguma","Office of the SE UKIDIVN, Borigumma,Dist-Koraput",CANAL STRUCTURAL WORK,"7,88,897",Civil Works - Canal,,SEUKID 02/2022-23 (SL 22),2022_CCEJE_83320_1,Open Tender,Works,Nil,Nil,"670,642",02-Jan-2023,"INR 788,897",NA,Koraput,NA,Koraput,'KOTPAD',KOTPAD,,,KOTPAD,KOTPAD
348,Construction of Renga in stream storage Check Dam (Low height Check Dam) over local nallah near village Renga in Narayanpatna Block of Koraput District,Narayanapatna,764014,"CE,Minor Irrigation,BBSR||SE,KBK Minor Irr.CircleII,Jeypore||EE M.I. Division Jeypore","Executive Engineer, M.I. Division, Jeypore",Construction of Renga in stream storage Check Dam (Low height Check Dam) over local nallah near village Renga in Narayanpatna Block of Koraput District,"52,28,176",Civil Works - Water Works,,MIDJEY06/2022-23,2022_CEMIB_82070_2,Open Tender,Works,Nil,Nil,"4,444,472.54",03-Feb-2023,"INR 4,444,472.54",NA,Koraput,NA,Koraput,"'RENGA', 'NARAYANPATNA'",KORAPUT,,RENGA,KORAPUT,KORAPUT
388,Construction of Talaulubadi in stream storage Check Dam (Low height Check Dam) over local nallah near village Talaulubadi in Narayanpatna Block of Koraput District,Narayanapatna,764014,"CE,Minor Irrigation,BBSR||SE,KBK Minor Irr.CircleII,Jeypore||EE M.I. Division Jeypore","Executive Engineer, M.I. Division, Jeypore",Construction of Talaulubadi in stream storage Check Dam (Low height Check Dam) over local nallah near village Talaulubadi in Narayanpatna Block of Koraput District,"42,72,838",Civil Works - Water Works,,MIDJEY05/2022-23,2022_CEMIB_82026_5,Open Tender,Works,Nil,Nil,"3,632,339.75",02-Feb-2023,"INR 3,632,340",NA,Koraput,NA,Koraput,"'NARAYANPATNA', 'TALAULUBADI'",KORAPUT,,,KORAPUT,KORAPUT
405,Construction of VRC over Bichalakatta Minor at RD 720 m including slope protection works between RD 0.40 Km to 2.00 Km.,Jeypore,764004,"CCE,Upper Kolab Project,Jeypore||CCE,Upper Kolab Project, Bariniput||EE , Upper Kolab Headworks Division,Kolabnagar","Office of the SE UKHW DIVN, Kolabnagar, Koraput.",Canal structural work.,"9,31,541",Civil Works - Canal,,SE-UKHWD-05/2022-23(Sl.No.10),2022_CCEJE_83475_1,Open Tender,Works,Nil,Nil,"791,903.40",22-Mar-2023,"INR 931,541.47",NA,NA,Koraput,Koraput,,,,,KORAPUT,KORAPUT
773,Protection to bank including construction of trough wall near RD 12.58 Km and near 14.00 km of Dhanpur Distributary.,Jeypore,764004,"CCE,Upper Kolab Project,Jeypore||CCE,Upper Kolab Project, Bariniput||EE , Upper Kolab Headworks Division,Kolabnagar","Office of the SE UKHW DIVN, Kolabnagar, Koraput.",Canal structural works.,"4,49,075",Civil Works - Canal,,SE-UKHWD-05/2022-23(Sl.No.04),2022_CCEJE_83469_1,Open Tender,Works,Nil,Nil,"381,758.50",22-Mar-2023,"INR 449,074.82",NA,NA,Koraput,Koraput,'DHANPUR',KOTPAD,,DHANPUR,KORAPUT,KORAPUT
777,Protection to CD No 13 including providing toe wall on the service bank at RD 10.974 Km of Dhanpur Distributary.,Jeypore,764004,"CCE,Upper Kolab Project,Jeypore||CCE,Upper Kolab Project, Bariniput||EE , Upper Kolab Headworks Division,Kolabnagar","Office of the SE UKHW DIVN, Kolabnagar, Koraput.",Canal structural work.,"6,18,732",Civil Works - Canal,,SE-UKHWD-05/2022-23(Sl.No.07),2022_CCEJE_83472_1,Open Tender,Works,Nil,Nil,"525,984.35",22-Mar-2023,"INR 618,732.33",NA,NA,Koraput,Koraput,'DHANPUR',KOTPAD,,DHANPUR,KORAPUT,KORAPUT
778,"Protection to CD No-2 at RD 0.78 Km, CD No-4 at RD 2.07 Km and CD No-6 at RD 3.24 Km including providing of guardwalls to vulnearable reaches of Umuri Minor.",Jeypore,764004,"CCE,Upper Kolab Project,Jeypore||CCE,Upper Kolab Project, Bariniput||EE , Upper Kolab Headworks Division,Kolabnagar","Office of the SE UKHW DIVN, Kolabnagar, Koraput.",Canal structural work.,"4,48,732",Civil Works - Canal,,SE-UKHWD-05/2022-23(Sl.No.03),2022_CCEJE_83468_2,Open Tender,Works,Nil,Nil,"38,146.68",22-Mar-2023,"INR 448,731.53",NA,NA,Koraput,Koraput,'UMURI',JEYPORE,,UMURI,KORAPUT,KORAPUT
779,Protection to Left bank of Jeypore Distributary within RD 0.10 km to 0.205 km.,Jeypore,764004,"CCE,Upper Kolab Project,Jeypore||CCE,Upper Kolab Project, Bariniput||EE , Upper Kolab Headworks Division,Kolabnagar","Office of the SE UKHW DIVN, Kolabnagar, Koraput.",Canal structural work.,"11,52,548",Civil Works - Canal,,SE-UKHWD-05/2022-23(Sl.No.14),2022_CCEJE_83479_1,Open Tender,Works,Nil,Nil,"979,781.04",22-Mar-2023,"INR 1,152,547.99",NA,Koraput,Koraput,Koraput,,JEYPORE,,,JEYPORE,JEYPORE
799,Protection to right bank including construction of trough wall with bed concreting at RD 4.45 Km near village Tatibeda of Dhanapur Distributary.,Jeypore,764004,"CCE,Upper Kolab Project,Jeypore||CCE,Upper Kolab Project, Bariniput||EE , Upper Kolab Headworks Division,Kolabnagar","Office of the SE UKHW DIVN, Kolabnagar, Koraput.",Canal structural works.,"6,08,242",Civil Works - Canal,,SE-UKHWD-05/2022-23(Sl.No.06),2022_CCEJE_83471_1,Open Tender,Works,Nil,Nil,"517,066.42",22-Mar-2023,"INR 608,241.87",NA,NA,Koraput,Koraput,,,,,JEYPORE,JEYPORE
800,Protection to right bank of river Ambabelli near village Ekemba of Kotpad block in Koraput district for the year 2022-23,KOTPAD,764058,CE AND BM IK BASIN BARINIPUT JEYPORE||Upper Kolab Project Bariniput||Nawarangpur Irrigation Division Nawarangpur,"S E, Nabarangpur Irrigation Division, Nabarangpur",Protection to right bank of river Ambabelli near village Ekemba of Kotpad block in Koraput district for the year 2022-23,"11,29,952",Civil Works - Others,,"SE, NID-02/2022-23(04)",2023_NIDN_85277_1,Open Tender,Works,Nil,Nil,"960,572.75",13-Feb-2023,"INR 960,572.748",NA,Koraput,Koraput,Koraput,'KOTPAD',KORAPUT,,,KORAPUT,KORAPUT
802,Protection to Right Bank of River Joura Nallah near village Korlahandi of Kotpad Block in Koraput for the Year 2022-23,KOTPAD,764058,CE AND BM IK BASIN BARINIPUT JEYPORE||Upper Kolab Project Bariniput||Nawarangpur Irrigation Division Nawarangpur,"S E, Nabarangpur Irrigation Division, Nabarangpur",Protection to Right Bank of River Joura Nallah near village Korlahandi of Kotpad Block in Koraput for the Year 2022-23,"21,58,154",Civil Works - Others,,"SE, NID-02/2022-23(02)",2023_NIDN_85275_1,Open Tender,Works,Nil,Nil,"1,834,646.81",13-Feb-2023,"INR 1,834,646.809",NA,Koraput,Koraput,Koraput,'KOTPAD',KORAPUT,,,KORAPUT,KORAPUT
816,"Protection work at RD 1.270 Km to 1.285 Km,RD 6.040 Km to 6.151 Km and at RD 8.825 Km near fall and vulnearable reaches of Jeypore Distributary.",Jeypore,764004,"CCE,Upper Kolab Project,Jeypore||CCE,Upper Kolab Project, Bariniput||EE , Upper Kolab Headworks Division,Kolabnagar","Office of the SE UKHW DIVN, Kolabnagar, Koraput",Canal structural work.,"4,86,499",Civil Works - Canal,,SE-UKHWD-05/2022-23(Sl.No.05),2022_CCEJE_83470_1,Open Tender,Works,Nil,Nil,"413,572.68",22-Mar-2023,"INR 486,498.86",NA,Koraput,Koraput,Koraput,,JEYPORE,,,JEYPORE,JEYPORE
817,"Protection work from RD 4080 m to 4110 m (L/S) , 5900 to 5930 m (L/S),7800 m to 7830 m (R/S) and 8129 m to 8159 m (L/S) of Anta Distributary.",Jeypore,764004,"CCE,Upper Kolab Project,Jeypore||CCE,Upper Kolab Project, Bariniput||EE , Upper Kolab Headworks Division,Kolabnagar","Office of the SE UKHW DIVN, Kolabnagar, Koraput.",Canal structural work.,"9,80,764",Civil Works - Canal,,SE-UKHWD-05/2022-23(Sl.No.11),2022_CCEJE_83476_1,Open Tender,Works,Nil,Nil,"833,747.14",22-Mar-2023,"INR 980,763.6",NA,NA,Koraput,Koraput,,,,ANTA,JEYPORE,JEYPORE
1030,S/R such as providing interlocking Cement Concrete pave block from 175/466Km to 175/900Km and Construction of RCC Drain from 175/430Km to 175/530Km of Vizag -Jeypore Road (SH) (Lamtaput Town Portion) during the year 2021-22,Lamtaput,765013,EIC-CIVIL||SERNB-CIRCLE-JEYPORE||EERNB-DIVN-JEYPORE,"O/O the S.E, Jeypore (R and B) Division.",CIVIL,"66,98,000",Civil Works - Roads,,SE RANDB 05/2021-22,2021_EICCL_73241_2,National Competitive Bid,Works,Nil,Nil,"5,693,961",24-Jun-2022,"INR 5,693,961",NA,Koraput,NA,Koraput,'LAMTAPUT',LAMTAPUT,,LAMTAPUT,LAMTAPUT,LAMTAPUT
1084,Slope protection at vulnerable reaches of Durgabhata Minor between RD 0.80 Km to 2.00 Km including repair of structures.,Jeypore,764004,"CCE,Upper Kolab Project,Jeypore||CCE,Upper Kolab Project, Bariniput||EE , Upper Kolab Headworks Division,Kolabnagar","Office of the SE UKHW DIVN, Kolabnagar, Koraput.",Canal structural work.,"8,37,324",Civil Works - Canal,,SE-UKHWD-05/2022-23(Sl.No.09),2022_CCEJE_83474_1,Open Tender,Works,Nil,Nil,"711,808.82",22-Mar-2023,"INR 837,323.63",NA,NA,Koraput,Koraput,,,,,LAMTAPUT,LAMTAPUT
15,6. Construction of Bathamunda Check Dam over Laxmijore Nalla near Village Laitara in Titilagarh Block of Balangir District under MATY scheme for the year 2022-23,Titilagarh,767033,"CE,Minor Irrigation,BBSR||SEKBKMIC-BHAWANIPATNA||BOLANGIR","O/o the Executive Engineer,M.I. Division,Balangir",Construction of Bathamunda Check Dam over Laxmijore Nalla near Village Laitara in Titilagarh Block of Balangir District under MATY scheme for the year 2022-23,"53,90,335",Civil Works - Others,Construction of New Check Dam,MIBLGR/09 of 2022-23 (2),2023_CEMIB_84946_3,Open Tender,Works,Nil,Nil,"4,582,323.08",13-Mar-2023,"INR 4,582,323.076",NA,Balangir,NA,Balangir,'LAITARA',BALANGIR,,,BALANGIR,BALANGIR
79,"Const.of Culvert Infront of Akrura Acharya res,Rugudipada, W.No.19",Balangir Municipality,767001,Municipal Bodies||Balangir Municipality,"Office of the Municipal Council, Balangir","Const.of Culvert Infront of Akrura Acharya res,Rugudipada, W.No.19","3,00,000",Civil Works - Others,,BLGR MPTY/06(01-63)/2018-19,2019_ORULB_52794_52,Open Tender,Works,"Executive Officer, Balangir Municipality",Balangir,"227,503.92",27-Oct-2022,"INR 227,503.92",NA,NA,Balangir,Balangir,,,,,BALANGIR,BALANGIR
141,Construction of Box cell culvert and approach both side at left approach of Sonegarh Bridge at 35/050 knm on B-A-T-D road in the district of Balangir under state plan for the year 2021-22.,Balangir,767001,EIC-CIVIL||SERNB-CIRCLE-BOLANGIR,"O/o CCE, Balangir (R and B) Circle, Balangir",Culvert Work,"1,74,88,840",Civil Works - Bridges,,CCE (R and B) BGR-07-2021-22,2021_EICCL_73361_5,National Competitive Bid,Works,Nil,Nil,"14,867,263",07-Apr-2022,"INR 14,867,263",NA,Balangir,Balangir,Balangir,,BALANGIR,,,BALANGIR,BALANGIR
152,"Construction of C.C Drain and Road Reparing Near Anand Naik res, W.No.19",Balangir Municipality,767001,Municipal Bodies||Balangir Municipality,"Office of the Municipal Council, Balangir","Construction of C.C Drain and Road Reparing Near Anand Naik res, W.No.19","2,00,000",Civil Works - Others,,BLGR MPTY/06(01-63)/2018-19,2019_ORULB_52794_45,Open Tender,Works,"Executive Officer, Balangir Municipality",Balangir,"151,915.84",27-Oct-2022,"INR 151,915.84",NA,NA,Balangir,Balangir,,,,,BALANGIR,BALANGIR
181,"CONSTRUCTION OF CEMENT CONCRETE DRAIN OF MAIN AND BRANCH ROAD IN RR COLONY LARKIPALI AND SADEIPALI (BLOCK-E) OF LSIP, BALANGIR.",BALANGIR,767002,"CCE, L Suktel Irr.Project,Bolangir||CCE,L Sukhtel,Bolangir","OFFICE OF THE CCE, LSIP, BALANGIR","CONSTRUCTION OF CEMENT CONCRETE DRAIN OF MAIN AND BRANCH ROAD IN RR COLONY LARKIPALI AND SADEIPALI (BLOCK-E) OF LSIP, BALANGIR.","1,52,41,777",Civil Works - Others,,"04/2022-23 of CCE,LSP,Balangir",2022_CEEBO_77392_1,Open Tender,Works,Nil,Nil,"12,957,035",05-Jul-2022,"INR 12,957,035",NA,Balangir,Balangir,Balangir,'SADEIPALI',BALANGIR,,SADEIPALI,BALANGIR,BALANGIR
182,"CONSTRUCTION OF CEMENT CONCRETE DRAIN OF MAIN AND BRANCH ROAD IN RR COLONY LARKIPALI AND SADEIPALI(BLOCK-C) OF LSIP, BALANGIR",Balangir,767002,"CCE, L Suktel Irr.Project,Bolangir||CCE,L Sukhtel,Bolangir","O/o the CCE,LSP, Balangir.","CONSTRUCTION OF CEMENT CONCRETE DRAIN OF MAIN AND BRANCH ROAD IN RR COLONY LARKIPALI AND SADEIPALI(BLOCK-C) OF LSIP, BALANGIR","1,14,42,067",Civil Works - Others,,"03/2022-23 of CCE,LSP,Balangir",2022_CEEBO_77141_1,Open Tender,Works,Nil,Nil,"9,726,901",18-Jun-2022,"INR 9,726,901",NA,Balangir,Balangir,Balangir,'SADEIPALI',BALANGIR,,SADEIPALI,BALANGIR,BALANGIR
385,"CONSTRUCTION OF SUB-BASE FORMATION FOR MAIN ROAD AND BRANCH ROAD INCLUDING CROSS DRAINAGE WORKS ( BOX CULVERTS) IN RR COLONY OF LSIP, BALANGIR AT BAGDIA",BALANGIR,767002,"CCE, L Suktel Irr.Project,Bolangir||CCE,L Sukhtel,Bolangir","O/o the CCE,LSP,BALANGIR","CONSTRUCTION OF SUB-BASE FORMATION FOR MAIN ROAD AND BRANCH ROAD INCLUDING CROSS DRAINAGE WORKS ( BOX CULVERTS) IN RR COLONY OF LSIP, BALANGIR AT BAGDIA","1,84,99,450",Civil Works - Roads,,"01/2022-23 of CCE,LSP,BALANGIR",2022_CEEBO_76816_1,Open Tender,Works,Nil,Nil,"15,726,382.24",31-May-2022,"INR 15,726,382.24",NA,Balangir,Balangir,Balangir,'BAGDIA',BALANGIR,,,BALANGIR,BALANGIR
386,"CONSTRUCTION OF SUB-BASE FORMATION FOR MAIN ROAD AND BRANCH ROAD INCLUDING CROSS DRAINAGE WORKS(BOX CULVERTS)IN RR COLONY OF LSIP, BALANGIR AT HARDATAL",BALANGIR,767002,"CCE, L Suktel Irr.Project,Bolangir||CCE,L Sukhtel,Bolangir","O/O THE CCE,LSP, BALANGIR","CONSTRUCTION OF SUB-BASE FORMATION FOR MAIN ROAD AND BRANCH ROAD INCLUDING CROSS DRAINAGE WORKS(BOX CULVERTS) IN RR COLONY OF LSIP, BALANGIR AT HARDATAL","1,13,73,193",Civil Works - Roads,,"05/2022-23 of CCE,LSP,Balangir",2022_CEEBO_79003_1,Open Tender,Works,Nil,Nil,"9,668,352",29-Jul-2022,"INR 9,668,352",NA,Balangir,Balangir,Balangir,'HARDATAL',BALANGIR,,,BALANGIR,BALANGIR
517,IMPROVEMENT OF ROAD and DRAIN FROM KISHAN SONI HOUSE TO KIRAN TANDI HOUJSE IN SIPKA PADA IN WARD NO-10,NAC KANTABANJI,767039,Municipal Bodies||Kantabanji NAC,NAC OFFICE,IMPROVEMENT OF ROAD and DRAIN FROM KISHAN SONI HOUSE TO KIRAN TANDI HOUJSE IN SIPKA PADA IN WARD NO-10,"17,48,562",Civil Works - Others,,10_04.01.2022_NACKBJ,2022_ORULB_75461_1,Open Tender,Works,Nil,Nil,"1,748,562.94",17-Dec-2022,"INR 1,748,562.942",NA,NA,Balangir,Balangir,,,,,BALANGIR,BALANGIR
336,Construction of Ramakandi Check Dam (Barrage) near village Bitana over Junei nalla in Binjharpur Block under MATY grant for the year 2022-23.,JAJPUR,755001,"CE,Minor Irrigation,BBSR||SECMIC-BHUBANESWAR||CUTTACK","SE,MID, JAJPUR",Construction of Ramakandi Check Dam (Barrage) near village Bitana over Junei nalla in Binjharpur Block under MATY grant for the year 2022-23.,"69,71,901",Civil Works - Others,,SEMIDJAJ_09/2022-23,2023_CEMIB_85201_3,Open Tender,Works,Nil,Nil,"5,926,813.01",21-Mar-2023,"INR 5,926,813.01",NA,Jajapur,NA,Jajapur,'BITANA',BINJHARPUR,,BINJHARPUR,BINJHARPUR,BINJHARPUR
374,Construction of Sasanda Check Dam (Barrage) near village Sasanda over Kalabhaunri nalla in Binjharpur Block under MATY grant for the year 2022-23.,JAJPUR,755001,"CE,Minor Irrigation,BBSR||SECMIC-BHUBANESWAR||CUTTACK","SE,MID, JAJPUR",Construction of Sasanda Check Dam (Barrage) near village Sasanda over Kalabhaunri nalla in Binjharpur Block under MATY grant for the year 2022-23.,"73,67,135",Civil Works - Others,,SEMIDJAJ_09/2022-23,2023_CEMIB_85201_5,Open Tender,Works,Nil,Nil,"6,262,801.58",21-Mar-2023,"INR 6,262,801.58",NA,Jajapur,NA,Jajapur,,BINJHARPUR,,BINJHARPUR,BINJHARPUR,BINJHARPUR
733,JJPR-04/ 19-20 Protection to left flood bank of Jari Guide Bundha at Jari Gokha Sahi.,Binjharpur,755001,"CE-BM,LMB Basin,BBSR||SE, Eastern Circle,Cuttack||EE, Jajpur Irr Division,Jajpur","O/o the EE, Jajpur Irrigation Division, Jajpur",Embankment protection,"40,19,859",Civil Works - Others,,e-Procurement Notice No.01/ 2019-20,2020_CELBB_59018_2,Open Tender,Works,NIL,NIL,"3,417,282.06",29-May-2022,"INR 3,417,282.06",NA,NA,Jajapur,Jajapur,'JARI',BINJHARPUR,,JARI,BINJHARPUR,BINJHARPUR
1081,Sl.No.8-Protection to scoured bank portion near Jenapur(Construction of Gada),Jaraka,755050,"CE-BM,LMB Basin,BBSR||SE, Eastern Circle,Cuttack||EE,Jaraka Irr Division, Jaraka","S.E. Jaraka Irrigation Division, Jaraka",Earth work and Cement concrete work,"5,40,912",Civil Works - Others,,JKID-03 OF 2022-23,2022_CELBB_77940_8,National Competitive Bid,Works,Nil,Nil,"459,829",27-Jun-2022,"INR 459,829",NA,Jajapur,NA,Jajapur,'JENAPUR',RASULPUR,,JENAPUR,BINJHARPUR,BINJHARPUR
196,Construction of control Sluice cum V R bridge at RD 500 m on Belpal drainage cut outfalling on river Brahmani in Rajnagar block of kendrapara district.,"Rajanagar block,Kendrapara",754225,"CE,Drainage,Cuttack","o/o-the Chief Engineer,Drainage,,Cuttack",Construction of Control sluice cum VRB,"24,44,98,368",Civil Works - Others,,CE-DR-CTC-01/2022-23,2022_CEDC_76817_1,National Competitive Bid,Works,Nil,Nil,"207,848,063",06-Feb-2023,"INR 207,848,063",NA,Kendrapara,Kendrapara,Kendrapara,"'RAJNAGAR', 'BELPAL'",RAJNAGAR,,RAJNAGAR,RAJNAGAR,RAJNAGAR
209,Construction of Diannalla Check Dam near village B-Domanda over Dian nalla in Rajkanika Block under MATY grant for the year 2022-23.,jajpur,755001,"CE,Minor Irrigation,BBSR||SECMIC-BHUBANESWAR||CUTTACK",SE MI DIVISION JAJPUR,Construction of Diannalla Check Dam near village B-Domanda over Dian nalla in Rajkanika Block under MATY grant for the year 2022-23.,"44,37,168",Civil Works - Others,,SEMIDJAJ_08/2022-23,2023_CEMIB_85193_2,Open Tender,Works,Nil,Nil,"3,772,036.72",21-Mar-2023,"INR 3,772,036.72",NA,Kendrapara,NA,Kendrapara,,RAJKANIKA,,,RAJKANIKA,RAJKANIKA
272,Construction of Kesanagar Check Dam near village Kesanagar over Sanajore nalla in Rajkanika Block under MATY grant for the year 2022-23.,JAJPUR,755001,"CE,Minor Irrigation,BBSR||SECMIC-BHUBANESWAR||CUTTACK","SE,MID, JAJPUR",Construction of Kesanagar Check Dam near village Kesanagar over Sanajore nalla in Rajkanika Block under MATY grant for the year 2022-23.,"51,05,077",Civil Works - Others,,SEMIDJAJ_09/2022-23,2023_CEMIB_85201_1,Open Tender,Works,Nil,Nil,"4,339,825.62",21-Mar-2023,"INR 4,339,825.62",NA,Kendrapara,NA,Kendrapara,,RAJKANIKA,,,RAJKANIKA,RAJKANIKA
343,"Construction of RCC Hume Pipe drain at Ambadi Basti to drain outlet at Gobari enbankment,Dillarpur in Ward No 18",KENDRAPARA MUNICIPALITY,754211,Municipal Bodies||Kendrapara Municipality,KENDRAPARA MUNICIPALITY,"Construction of RCC Hume Pipe drain at Ambadi Basti to drain outlet at Gobari enbankment,Dillarpur in Ward No 18","12,10,469",Civil Works - Others,,KM_03-2018/19,2018_ORULB_46652_6,Open Tender,Works,EXECUTIVE OFFICER KENDRAPARA MUNICIPALITY,KENDRAPARA,"1,204,417",10-Jun-2022,"INR 1,204,417",NA,NA,Kendrapara,Kendrapara,,,,,RAJKANIKA,RAJKANIKA
398,Construction of Ujanga Mahara-II Check Dam near village Ujanga over Ujangamahara nalla in Rajkanika Block under MATY grant for the year 2022-23.,JAJPUR,755001,"CE,Minor Irrigation,BBSR||SECMIC-BHUBANESWAR||CUTTACK","SE,MID, JAJPUR",Construction of Ujanga Mahara-II Check Dam near village Ujanga over Ujangamahara nalla in Rajkanika Block under MATY grant for the year 2022-23.,"74,14,762",Civil Works - Others,,SEMIDJAJ_09/2022-23,2023_CEMIB_85201_2,Open Tender,Works,Nil,Nil,"6,303,289.57",21-Mar-2023,"INR 6,303,289.57",NA,Kendrapara,NA,Kendrapara,'UJANGA',RAJKANIKA,,,RAJKANIKA,RAJKANIKA
899,Repair to Patkura-Garadapur road such as providing and laying SDBC to the extensive damaged portion from ch 2/768km to 4/122km and drain from ch 2/100km to 2/200 km for the year 2022-23,PATKURA,754228,EIC-CIVIL||SERNB-CIRCLE-CUTTACK||EERNB-DIVN-KENDRAPADA,"S.E, KENDRAPARA RNB DIVISION-II, KENDRAPARA",ROAD WORK,"41,38,288",Civil Works - Roads,,SE(RnB) KPD-II-03/2022-23,2022_EICCL_78345_1,Open Tender,Works,Nil,Nil,"3,517,959",08-Jul-2022,"INR 4,138,288",NA,Kendrapara,Kendrapara,Kendrapara,'PATKURA',GARADAPUR,,GARADAPUR,GARADAPUR,GARADAPUR
1050,Silt Clearance of Disty No-4 from RD 00 to RD 16.960 Km and Kendrapara Canal from RD 4.780 Km to 11.750 Km for the year 2022-23,KENDUPATANA,754021,"CE-BM,LMB Basin,BBSR||SE, Eastern Circle,Cuttack||EE, Mahanadi North Division,Jagatpur","O/O THE SUPERINTENDING ENGINEER,MND-I",Silt Clearance of Disty No-4 from RD 00 to RD 16.960 Km and Kendrapara Canal from RD 4.780 Km to 11.750 Km for the year 2022-23,"13,90,600",Civil Works - Others,,MND-04/2021-22,2022_CELBB_76452_27,National Competitive Bid,Works,Nil,Nil,"754,378",16-Jul-2022,"INR 754,378",NA,Kendrapara,NA,Kendrapara,,,,,GARADAPUR,GARADAPUR
88,"Construction of 5 Nos pile foot bridge in Balikuda Erasama Block Near village Badagaon, near village Suakunda, near village Alia, near village Samantarapur near village Anianka",Construction of 5 Nos pile foot bridge in Balikuda,754103,"CE,Drainage,Cuttack||SE,Drainage,Cuttack",Additional Chief Engineer Drainage Circle Cuttack,"Construction of 5 Nos pile foot bridge in Balikuda Erasama Block Near village Badagaon, near village Suakunda, near village Alia, near village Samantarapur near village Anianka","1,30,98,532",Civil Works - Others,,SEDC-CTC/DDJSPR-23/2021-22,2021_CEDC_73352_1,National Competitive Bid,Works,Nil,Nil,"11,135,062",25-Apr-2022,"INR 11,135,062",NA,Jagatsinghapur,Jagatsinghapur,Jagatsinghapur,"'ANIANKA', 'SAMANTARAPUR'",ERASAMA,,SAMANTARAPUR,ERASAMA,ERASAMA
852,Renovation by Dredging of Hansua Drainage cut from Panchapalli VRB at RD 81.62 KM to U/S of Nagari creek at RD 86.53 KM under DIP,"Ersama block,Jagatsinghpur district",754139,"CE,Drainage,Cuttack||SE,Drainage,Cuttack","O/o the CE,Drainage,Cuttack",Dredging work,"10,46,64,838",Civil Works - Others,,CE-DR-CTC-02/2021-22,2022_CEDC_75544_1,National Competitive Bid,Works,Nil,Nil,"88,975,579",21-Oct-2022,"INR 88,975,579",NA,NA,Jagatsinghapur,Jagatsinghapur,,,,,ERASAMA,ERASAMA
1091,SR to Arada Inderpa Road RD from 00 mtr to 1100 mtr CC Drain at both side for the Year 2022 23,Jagatsinghapur,754103,CE RW I||RWCIRCLE-CUTTACK||RWDIVISION-JAGATSINGHPUR,Jagatsinghapur,SR to Arada Inderpa Road RD from 00 mtr to 1100 mtr CC Drain at both side for the Year 2022 23,"24,77,247",Civil Works - Roads,,03 of 2022-23,2022_CERWI_79331_1,Open Tender,Works,Nil,Nil,"2,105,907",04-Jan-2023,"INR 2,105,907",NA,NA,Jagatsinghapur,Jagatsinghapur,'ARADA',TIRTOL,,,ERASAMA,ERASAMA
1094,SR to Borikina Osakana Road RD 3100 mtr to 3290 mtr B.T repair and Protection work for the Year 2022 23,Jagatsinghapur,754103,CE RW I||RWCIRCLE-CUTTACK||RWDIVISION-JAGATSINGHPUR,Jagatsinghapur,SR to Borikina Osakana Road RD 3100 mtr to 3290 mtr B.T repair and Protection work for the Year 2022 23,"8,81,457",Civil Works - Roads,,03 of 2022-23,2022_CERWI_79238_1,Open Tender,Works,Nil,Nil,"749,327",12-Sep-2022,"INR 749,327",NA,NA,Jagatsinghapur,Jagatsinghapur,"'OSAKANA', 'BORIKINA'",BALIKUDA,,OSAKANA,ERASAMA,ERASAMA
1095,SR to Gaithipur Kusupur road RD from 6100 mtr to 6250 mtr such as CC drain at both side for the year 2022 23,Jagatsinghapur,754103,CE RW I||RWCIRCLE-CUTTACK||RWDIVISION-JAGATSINGHPUR,Jagatsinghapur,SR to Gaithipur Kusupur road RD from 6100 mtr to 6250 mtr such as CC drain at both side for the year 2022 23,"7,08,098",Civil Works - Roads,,03 of 2022-23,2022_CERWI_79225_1,Open Tender,Works,Nil,Nil,"601,954",11-Oct-2022,"INR 601,954",NA,NA,Jagatsinghapur,Jagatsinghapur,"'GAITHIPUR', 'KUSUPUR'",BALIKUDA,,KUSUPUR,ERASAMA,ERASAMA
1103,Transeverse drain,CHITRAKONDA,764052,"CCE Potteru Irr.Project,Balimela",S.I.SUB DIVN MALKANGIRI,Earth work hume pipe RCC M 20,"66,37,000",Civil Works - Others,,EE CKD NCB/05 /ORDRIPW-05 / 2019-20,2020_CCEBA_59020_1,Open Tender,Works,EXECUTIVE ENGINEER EDD CKD,CHITRAKONDA,"7,276,609",29-Jul-2022,"INR 7,276,609",NA,NA,Malkangiri,Malkangiri,,,,,ERASAMA,ERASAMA
13,3) Installation of Recharge Shaft cum Monitoring Station at 8 nos. locations of Badasahi Block of Mayurbhanj District and 8nos. of locations of Joda Block of Keonjhar District,Baripada,757001,Ground Water Survey and Investigation,"Deputy Director Geology, GWD Division Baripada",Installation of Recharge Shaft cum Monitoring Station at 8 nos. locations of Badasahi Block of Mayurbhanj District and 8nos. of locations of Joda Block of Keonjhar District,"33,70,410",Civil Works - Others,,03-06/GWBPD/ARUA/2022-23,2022_GWSI_84355_3,Open Tender,Works,Nil,Nil,"3,525,449",07-Feb-2023,"INR 3,525,449",NA,Mayurbhanj,NA,Mayurbhanj,'BADASAHI',BADASAHI,,BADASAHI,BADASAHI,BADASAHI
93,Construction of Amdabeda Check Dam over Local nalla near village Amdabeda in Bijatala Block of Mayurbhanj District.,BIJATALA,757048,"CE,Minor Irrigation,BBSR||SE,Eastern Minor Irr.Circle,Keonjhar||EE,MI Divn, Jashipur",MI DIVISION JASHIPUR,Construction of Amdabeda Check Dam over Local nalla near village Amdabeda in Bijatala Block of Mayurbhanj District.,"68,29,016",Civil Works - Others,CHECK DAM,SE-09/MID JSP/2022-23,2023_CEMIB_85979_5,Open Tender,Works,Nil,Nil,5805346.23,14-Mar-2023,INR 6829015.68,NA,Mayurbhanj,NA,Mayurbhanj,"'BIJATALA', 'AMDABEDA'",BIJATALA,,BIJATALA,BIJATALA,BIJATALA
95,"Construction of approach road, drainage system, main gate, boundary wall and renovation of staff toilet and administrative Block of Badampahar Higher Secondary School under Kusumi Block.",Badampahar,757050,ST and SC Development Deptt||ITDA Rairangpur,"ITDA, Rairangpur","Construction of approach road, drainage system, main gate, boundary wall and renovation of staff toilet and administrative Block of Badampahar Higher Secondary School under Kusumi Block.","8,77,192",Civil Works - Buildings,,"TCN-02/2022-23 of ITDA, Rairangpur",2022_STSCD_77809_19,National Competitive Bid,Works,Nil,Nil,"745,701.26",30-Nov-2022,"INR 745,701.26",NA,Mayurbhanj,Mayurbhanj,Mayurbhanj,'KUSUMI',RAIRANGPUR,,KUSUMI,RAIRANGPUR,RAIRANGPUR
99,Construction of Balarampur Nalla-II Check Dam over Balarampur nalla near village Balarampur in Bijatala Block of Mayurbhanj District.,BIJATALA,757048,"CE,Minor Irrigation,BBSR||SE,Eastern Minor Irr.Circle,Keonjhar||EE,MI Divn, Jashipur",MI DIVISION JASHIPUR,Construction of Balarampur Nalla-II Check Dam over Balarampur nalla near village Balarampur in Bijatala Block of Mayurbhanj District.,"65,64,054",Civil Works - Others,CHECK DAM,SE-09/MID JSP/2022-23,2023_CEMIB_85979_4,Open Tender,Works,Nil,Nil,5580102.18,14-Mar-2023,INR 6564053.86,NA,Mayurbhanj,NA,Mayurbhanj,"'BALARAMPUR', 'BIJATALA'",BIJATALA,,BIJATALA,BIJATALA,BIJATALA
101,Construction of Barabindha Check Dam over Dardara nalla near village Barabindha in Thakurmunda Block of Mayurbhanj District.,THAKURMUNDA,757038,"CE,Minor Irrigation,BBSR||SE,Eastern Minor Irr.Circle,Keonjhar||EE,MI Divn, Jashipur",MI DIVISION JASHIPUR,Construction of Barabindha Check Dam over Dardara nalla near village Barabindha in Thakurmunda Block of Mayurbhanj District.,"49,72,373",Civil Works - Others,CHECK DAM,SE-10/MID JSP/2022-23,2023_CEMIB_85981_4,Open Tender,Works,Nil,Nil,4227014.04,10-Mar-2023,INR 4972372.71,NA,Mayurbhanj,Mayurbhanj,Mayurbhanj,"'THAKURMUNDA', 'DARDARA'",THAKURMUNDA,,THAKURMUNDA,THAKURMUNDA,THAKURMUNDA
201,Construction of Dadekudar Check Dam over Local nalla near village Dharichua in Kusumi Block of Mayurbhanj District.,KUSUMI,757047,"CE,Minor Irrigation,BBSR||SE,Eastern Minor Irr.Circle,Keonjhar||EE,MI Divn, Jashipur",MI DIVISION JASHIPUR,Construction of Dadekudar Check Dam over Local nalla near village Dharichua in Kusumi Block of Mayurbhanj District.,"60,44,330",Civil Works - Others,CHECK DAM,SE-09/MID JSP/2022-23,2023_CEMIB_85979_2,Open Tender,Works,Nil,Nil,5138285.33,21-Mar-2023,INR 6044330.47,NA,Mayurbhanj,NA,Mayurbhanj,'KUSUMI',KUSUMI,,KUSUMI,KUSUMI,KUSUMI
207,Construction of Dhobadhubani Check Dam over local nalla near village Dhobadhubani in Tiring Block of Mayurbhanj District.,Tiring,757053,"CE,Minor Irrigation,BBSR||SE,Eastern Minor Irr.Circle,Keonjhar||EE,MI Divn, Jashipur","O/O EE, M.I. Division, Jashipur",Construction of Dhobadhubani Check Dam over local nalla near village Dhobadhubani in Tiring Block of Mayurbhanj District.,"59,11,932",Civil Works - Others,Check Dam,EE-07 MID JSP/2022-23,2022_CEMIB_83563_3,Open Tender,Works,Nil,Nil,"5,025,734",21-Jan-2023,"INR 5,911,932.25",NA,Mayurbhanj,Mayurbhanj,Mayurbhanj,,TIRING,,TIRING,TIRING,TIRING
208,Construction of Dhublabeda Check Dam over Chiru nalla near village Dhublabeda in Tiring Block of Mayurbhanj District.,Tiring,757053,"CE,Minor Irrigation,BBSR||SE,Eastern Minor Irr.Circle,Keonjhar||EE,MI Divn, Jashipur","O/O EE, M.I. Division, Jashipur",Construction of Dhublabeda Check Dam over Chiru nalla near village Dhublabeda in Tiring Block of Mayurbhanj District.,"62,68,927",Civil Works - Others,Check Dam,EE-07 MID JSP/2022-23,2022_CEMIB_83563_2,Open Tender,Works,Nil,Nil,"5,329,215",05-Jan-2023,"INR 6,268,926.89",NA,Mayurbhanj,Mayurbhanj,Mayurbhanj,,TIRING,,TIRING,TIRING,TIRING
257,Construction of Ghodadega Check Dam over Chulibhanga nalla near village Ghodadega in Kusumi Block of Mayurbhanj District.,KUSUMI,757047,"CE,Minor Irrigation,BBSR||SE,Eastern Minor Irr.Circle,Keonjhar||EE,MI Divn, Jashipur",MI DIVISION JASHIPUR,Construction of Ghodadega Check Dam over Chulibhanga nalla near village Ghodadega in Kusumi Block of Mayurbhanj District.,"52,09,250",Civil Works - Others,CHECK DAM,SE-09/MID JSP/2022-23,2023_CEMIB_85979_1,Open Tender,Works,Nil,Nil,4428383.37,14-Mar-2023,INR 5209249.94,NA,Mayurbhanj,NA,Mayurbhanj,"'KUSUMI', 'CHULIBHANGA', 'GHODADEGA'",KUSUMI,,KUSUMI,KUSUMI,KUSUMI
273,Construction of Khamdia Check Dam over Kantamuli nalla near village Khamdia in Thakurmunda Block of Mayurbhanj District.,THAKURMUNDA,757038,"CE,Minor Irrigation,BBSR||SE,Eastern Minor Irr.Circle,Keonjhar||EE,MI Divn, Jashipur",MI DIVISION JASHIPUR,Construction of Khamdia Check Dam over Kantamuli nalla near village Khamdia in Thakurmunda Block of Mayurbhanj District.,"48,19,453",Civil Works - Others,CHECK DAM,SE-10/MID JSP/2022-23,2023_CEMIB_85981_3,Open Tender,Works,Nil,Nil,4097017.25,10-Mar-2023,INR 4819453.29,NA,Mayurbhanj,Mayurbhanj,Mayurbhanj,'THAKURMUNDA',THAKURMUNDA,,THAKURMUNDA,THAKURMUNDA,THAKURMUNDA
281,Construction of Kunkijharan Check Dam over local nalla near village Uskigalusahi in Jashipur Block of Mayurbhanj District,Jashipur,757034,"CE,Minor Irrigation,BBSR||SE,Eastern Minor Irr.Circle,Keonjhar||EE,MI Divn, Jashipur","O/O EE M.I Division, Jashipur",Construction of Kunkijharan Check Dam over local nalla near village Uskigalusahi in Jashipur Block of Mayurbhanj District,"37,73,740",Civil Works - Others,Check Dam,EE MID JSP-6/ 2022-23,2022_CEMIB_82826_1,Open Tender,Works,Nil,Nil,"3,208,056",28-Dec-2022,"INR 3,773,739.51",NA,Mayurbhanj,Mayurbhanj,Mayurbhanj,'JASHIPUR',BAHALDA,,JASHIPUR,THAKURMUNDA,THAKURMUNDA
297,Construction of Naubudani Asura Check Dam over local nalla near village Naubudani Asura in Jashipur Block of Mayurbhanj District.,Jashipur,757034,"CE,Minor Irrigation,BBSR||SE,Eastern Minor Irr.Circle,Keonjhar||EE,MI Divn, Jashipur","O/O EE, M.I. Division, Jashipur",Construction of Naubudani Asura Check Dam over local nalla near village Naubudani Asura in Jashipur Block of Mayurbhanj District.,"52,16,307",Civil Works - Others,Check Dam,EE-07 MID JSP/2022-23,2022_CEMIB_83563_1,Open Tender,Works,Nil,Nil,"4,434,382",30-Dec-2022,"INR 5,216,306.52",NA,Mayurbhanj,Mayurbhanj,Mayurbhanj,"'ASURA', 'NAUBUDANI', 'JASHIPUR'",BAHALDA,,JASHIPUR,THAKURMUNDA,THAKURMUNDA
372,Construction of Sanaramchandrapur-II Check Dam over local nalla near village Sanaramchandrapur in Karanjia Block of Mayurbhanj District,Karanjia,757037,"CE,Minor Irrigation,BBSR||SE,Eastern Minor Irr.Circle,Keonjhar||EE,MI Divn, Jashipur","O/O EE M. I Division, Jashipur",Construction of Sanaramchandrapur-II Check Dam over local nalla near village Sanaramchandrapur in Karanjia Block of Mayurbhanj District,"49,53,114",Civil Works - Others,CHECK DAM,EE MID JSP-6/ 2022-23,2022_CEMIB_82826_2,Open Tender,Works,Nil,Nil,"4,210,642",28-Dec-2022,"INR 4,953,114.03",NA,Mayurbhanj,Mayurbhanj,Mayurbhanj,'KARANJIA',KARANJIA,,,KARANJIA,KARANJIA
477,"EXECUTION OF 4 NOS. RETROFITTING OF RPWS SCHEMES CLUBBED UP AT 1. BIDYADHARPUR AND ADJ, 2. KARANJIA, 3. KUSUDIHA, 4. PATRAJHADA UNDER BASTA BLOCK OF BALASORE DISTRICT WITH 5 YRS OM-JJM",BALASORE,756001,Rural Water Supply and Sanitation||RWSS Circle Cuttack||RWSS Balasore,O/O EE RWSS DIVISION BALASORE,RPWS WITH RCC ESR,"3,91,67,769",Civil Works - Water Works,,TCN NO. 02 DT. 08.04.2022,2022_RWSS_77025_1,National Competitive Bid,Works,Nil,Nil,"40,338,886",17-Oct-2022,"INR 40,338,886",NA,Mayurbhanj,NA,Mayurbhanj,"'BIDYADHARPUR', 'KARANJIA'",KARANJIA,,,KARANJIA,KARANJIA
717,Installation of Recharge Shaft cum Monitoring Station at 12 nos. locations of Baliapal Block of Balasore Districts and 8 nos. of locations of Rasgovindpur Block of Mayurbhanj District,Baripada,757001,Ground Water Survey and Investigation,"D.D. Geology, GWD Division Baripada",Installation of Recharge Shaft cum Monitoring Station at 12 nos. locations of Baliapal Block of Balasore Districts and 8 nos. of locations of Rasgovindpur Block of Mayurbhanj District,"42,13,062",Civil Works - Others,,03-06/GWBPD/ARUA/2022-23,2022_GWSI_84355_1,Open Tender,Works,Nil,Nil,"4,411,328",07-Mar-2023,"INR 4,411,328",NA,Mayurbhanj,NA,Mayurbhanj,,RASGOVINDPUR,,RASGOVINDPUR,RASGOVINDPUR,RASGOVINDPUR
724,Installation of Recharge Shafts and Monitoring Station at 20 Locations under Baliapala Block of Balasore District Part 1,Takatpur Baripada Dist Mayurbhanj Pin 757003,757003,Ground Water Survey and Investigation,Baripada,Installation of Recharge Shafts and Monitoring Station at 20 Locations under Baliapala Block of Balasore District Part 1,"42,13,000",Civil Works - Others,,01/GWBPD/ARUA/2022-23,2022_GWSI_82482_1,National Competitive Bid,Works,"Deputy Director, Geology, GWD Division ,Baripada",Baripada,"4,571,105",06-Dec-2022,"INR 4,571,105",NA,NA,Mayurbhanj,Mayurbhanj,,,,,RASGOVINDPUR,RASGOVINDPUR
1038,"S/R to Bahalda- Chaibasa Border Road ODR such providing RCC drain, cutting high flanks, tree painting, kilometre stone, culvert painting from 3/935 to 4/378 km, 4/813 to 5/00 km, 5/600 to 6/123 km, 5/667 to 7/450 km for 2021-22",RAIRANGPUR,757043,EIC-CIVIL||SERNB-CIRCLE-EASTERN||EERNB-DIVN-RAIRANGPUR,O/O THE S.E RAIRANGPUR R AND B DIVISION,ROAD WORK,"15,45,300",Civil Works - Roads,,IFB SE 24 OF 2021-22,2021_EICCL_72903_11,Open Tender,Works,Nil,Nil,"1,313,656",07-Jun-2022,"INR 1,313,656",NA,Mayurbhanj,Mayurbhanj,Mayurbhanj,'BAHALDA',BAHALDA,,BAHALDA,BAHALDA,BAHALDA
1039,"S/R to Bahalda-Station Approach Road such as providing BUSG and SDBC ,tree painting, kilometer stone, culvert painting and high flank cutting from 3/000 km to 5/000 Km for 2021-22",RAIRANGPUR,757043,EIC-CIVIL||SERNB-CIRCLE-EASTERN||EERNB-DIVN-RAIRANGPUR,O/O THE S.E RAIRANGPUR R AND B DIVISION,ROAD WORK,"29,67,000",Civil Works - Roads,,IFB SE 24 OF 2021-22,2021_EICCL_72903_4,Open Tender,Works,Nil,Nil,"2,581,581",07-Jun-2022,"INR 2,581,581",NA,Mayurbhanj,Mayurbhanj,Mayurbhanj,'BAHALDA',BAHALDA,,BAHALDA,BAHALDA,BAHALDA
1040,S/R to Baneikala to Purunapani road Such as Construction of one no Boxcell culvert for the year 2022 23,"KARANJIA,MAYURBHANJ",757037,CE RW I||RWCIRCLE-BARIPADA||RW Division Karanjia,"O/O the S.E.R.W.Divison,Karanjia",S/R to Baneikala to Purunapani road Such as Construction of one no Boxcell culvert for the year 2022 23,"30,96,999",Civil Works - Roads,,RWDKNJ 05/2022-23,2022_CERWI_79766_1,Open Tender,Works,Nil,Nil,"2,632,758.79",07-Oct-2022,"INR 2,632,758.79",NA,NA,Mayurbhanj,Mayurbhanj,"'PURUNAPANI', 'BANEIKALA'",BISOI,,PURUNAPANI,BAHALDA,BAHALDA
1046,"S/R to Nuagaon ( Rairangpur College) to Dundu via Jamda Road ODR such as fixing of kilometre stone and prolonged stone, bush cutting, flank dressing and paiting to trees, parapet of culvert from 25/100 to 32/526 km for 2021-22",RAIRANGPUR,757043,EIC-CIVIL||SERNB-CIRCLE-EASTERN||EERNB-DIVN-RAIRANGPUR,O/O THE S.E RAIRANGPUR R AND B DIVISION,ROAD WORK,"8,92,900",Civil Works - Roads,,IFB SE 24 OF 2021-22,2021_EICCL_72903_13,Open Tender,Works,Nil,Nil,"759,066",07-Jun-2022,"INR 759,066",NA,Mayurbhanj,Mayurbhanj,Mayurbhanj,"'NUAGAON', 'JAMDA'",JAMDA,,NUAGAON,JAMDA,JAMDA
1047,"S/R to Nuagaon ( Rairangpur College) to Dundu via Jamda Road ODR such as providing tree painting, kilometre stone, culvert painting high flank cutting , pothole repair with PMC and SC from 8/000 to 25/000 km for 2021-22",RAIRANGPUR,757043,EIC-CIVIL||SERNB-CIRCLE-EASTERN||EERNB-DIVN-RAIRANGPUR,O/O THE S.E RAIRANGPUR R AND B DIVISION,ROAD WORK,"12,94,600",Civil Works - Roads,,IFB SE 24 OF 2021-22,2021_EICCL_72903_12,Open Tender,Works,Nil,Nil,"1,100,556",06-Jun-2022,"INR 1,100,556",NA,Mayurbhanj,Mayurbhanj,Mayurbhanj,"'NUAGAON', 'JAMDA'",JAMDA,,NUAGAON,JAMDA,JAMDA
17,CC ROAD AND DRAIN,NAC ODAGAON,752081,Municipal Bodies,NAC ODAGAON,Construction of Balanced CC Road And RCC Drain At The End Of Tota Word No.08 of NAC Odagaon.,"2,49,020",Civil Works - Others,,NAC-ODG-07-2022-23,2022_ORULB_77863_4,Open Tender,Works,Nil,Nil,"249,019.72",10-Jun-2022,"INR 249,019.72",NA,Nayagarh,Nayagarh,Nayagarh,,ODAGAON,,,ODAGAON,ODAGAON
90,Construction Of 8 Nos Recharge Shafts in Tanks or Ponds in Nayagarh Block Of Nayagarh District,"Deputy Director, Geology GWD Division-II Bbsr",751001,Ground Water Survey and Investigation,BHUBANESWAR,Construction Of 8 Nos Recharge Shafts in Tanks or Ponds in Nayagarh Block Of Nayagarh District,"15,73,000",Civil Works - Others,,01/GWRSD/ARUA/2022-23,2022_GWSI_82773_1,National Competitive Bid,Works,Deputy Director Geology GWD Division-II Bbsr,BHUBANESWAR,"1,714,888",01-Dec-2022,"INR 1,714,888",NA,Nayagarh,NA,Nayagarh,,NAYAGARH,,,NAYAGARH,NAYAGARH
411,DRAIN,NAC ODAGAON,752081,Municipal Bodies,NAC ODAGAON,Construction of RCC Drain With Cover Plate From Laughing club to Existing Culvert at Dalak in Ward No. 13 Of NAC Odagaon.,"4,94,325",Civil Works - Others,,NAC-ODG-07-2022-23,2022_ORULB_77863_3,Open Tender,Works,Nil,Nil,"494,324.62",10-Jun-2022,"INR 494,324.62",NA,Nayagarh,Nayagarh,Nayagarh,,ODAGAON,,,ODAGAON,ODAGAON
845,RCC DRAIN,NAC ODAGAON,752081,Municipal Bodies,NAC ODAGAON,Construction of balance RCC Drains With Cover Plate From House of Prasanta Tripathy To PWD Existing Drain At Dalak Ward No. 13 Of NAC Odagaon,"4,29,637",Civil Works - Others,,NAC-ODG-07-2022-23,2022_ORULB_77863_8,Open Tender,Works,Nil,Nil,"429,636.81",10-Jun-2022,"INR 429,636.81",NA,Nayagarh,Nayagarh,Nayagarh,,ODAGAON,,,ODAGAON,ODAGAON
846,RCC DRAIN,NAC ODAGAON,752081,Municipal Bodies,NAC ODAGAON,Construction of RCC Drain With Cover Plate At (Balance Portion) Khelapadia Sahi in Ward No. 10 Of NAC Odagaon.,"3,19,836",Civil Works - Others,,NAC-ODG-07-2022-23,2022_ORULB_77863_5,Open Tender,Works,Nil,Nil,"319,836.19",10-Jun-2022,"INR 319,836.19",NA,Nayagarh,Nayagarh,Nayagarh,,ODAGAON,,,ODAGAON,ODAGAON
847,RCC DRAIN,NAC ODAGAON,752081,Municipal Bodies,NAC ODAGAON,Construction of balanced RCC Drains With Cover Plate and CC Road From HarijanSahi Towards MohatchhabPadia at Ward No. 07 Of NAC Odagaon.,"2,84,160",Civil Works - Others,,NAC-ODG-07-2022-23,2022_ORULB_77863_2,Open Tender,Works,Nil,Nil,"284,159.55",10-Jun-2022,"INR 284,159.55",NA,Nayagarh,Nayagarh,Nayagarh,,ODAGAON,,,ODAGAON,ODAGAON
848,RCC DRAIN,NAC ODAGAON,752081,Municipal Bodies,NAC ODAGAON,Construction of RCC Drain With Cover Plate From Bishwanath Barik House To Padmanav Khilar At Mathakhajuria in Ward No. 09 Of NAC Odagaon,"3,32,333",Civil Works - Others,,NAC-ODG-07-2022-23,2022_ORULB_77863_17,Open Tender,Works,Nil,Nil,"332,332.84",10-Jun-2022,"INR 332,332.84",NA,Nayagarh,Nayagarh,Nayagarh,,ODAGAON,,,ODAGAON,ODAGAON
533,Improvement to Bankuli to Jhadakusumi PMGSY road such as New Boxcell Culvert 6x3m single span at 1400 mtr under SR for the year 2022 23,Kosagumuda,764061,CE RW I||RWCIRCLE-SUNABEDA||RWDIVISION-NAWARANGAPUR,Nabarangapur,Improvement to Bankuli to Jhadakusumi PMGSY road such as New Boxcell Culvert 6x3m single span at 1400 mtr under SR for the year 2022 23,"17,69,919",Civil Works - Roads,,02 of 2022 23,2022_CERWI_79073_1,Open Tender,Works,Nil,Nil,"1,504,608",25-Aug-2022,"INR 1,504,608",NA,NA,Nabarangpur,Nabarangpur,"'BANKULI', 'JHADAKUSUMI'",KOSAGUMUDA,,BANKULI,ODAGAON,ODAGAON
553,Improvement to Hirimimunda to Jhadiaguda MMSY road such as new boxcell culvert 6x3m double span and toe wall protection to boxcell at 2200 mtr under SR for the year 2022 23,Tentulikhunti,764070,CE RW I||RWCIRCLE-SUNABEDA||RWDIVISION-NAWARANGAPUR,Nabarangapur,Improvement to Hirimimunda to Jhadiaguda MMSY road such as new boxcell culvert 6x3m double span and toe wall protection to boxcell at 2200 mtr under SR for the year 2022 23,"29,20,074",Civil Works - Roads,,02 of 2022 23,2022_CERWI_79085_1,Open Tender,Works,Nil,Nil,"2,482,355",25-Aug-2022,"INR 2,482,355",NA,NA,Nabarangpur,Nabarangpur,'HIRIMIMUNDA',TENTULIKHUNTI,,,ODAGAON,ODAGAON
617,Improvement to RD road to Bajragada PMGSY road such as new boxcell culvert 6x3m single span at 1800 mtr under SR for the year 2022 23,Kosagumuda,764061,CE RW I||RWCIRCLE-SUNABEDA||RWDIVISION-NAWARANGAPUR,Nabarangapur,Improvement to RD road to Bajragada PMGSY road such as new boxcell culvert 6x3m single span at 1800 mtr under SR for the year 2022 23,"17,69,661",Civil Works - Roads,,02 of 2022 23,2022_CERWI_79075_1,Open Tender,Works,Nil,Nil,"1,504,388.62",25-Aug-2022,"INR 1,504,388.62",NA,NA,Nabarangpur,Nabarangpur,,,,,ODAGAON,ODAGAON
752,"Minor repair, painting, installation of asset boart, other sign boards, repair of bridge and approach road for the work- Bridge over Tentulikhunti Nallah on Haldi-Muribahal Via- Tentulikhunti Road for the year 2021-22",TITILAGARH,767042,CE RW I||RWCIRCLE-BALANGIR||RWDIVISION-TITLAGARH,"O/o the S.E.R.W.Division,Titilagarh","Minor repair, painting, installation of asset boart, other sign boards, repair of bridge and approach road for the work- Bridge over Tentulikhunti Nallah on Haldi-Muribahal Via- Tentulikhunti Road for the year 2021-22","2,16,948",Civil Works - Bridges,,EEITG-ONLINE-04/2021-22,2021_CERWI_73856_22,Open Tender,Works,Nil,Nil,"184,428",22-Apr-2022,"INR 184,428",NA,Nabarangpur,NA,Nabarangpur,"'TENTULIKHUNTI', 'HALDI'",TENTULIKHUNTI,,TENTULIKHUNTI,TENTULIKHUNTI,TENTULIKHUNTI
781,Protection to left bank of river Bhaskel near Saimandir of Umerkote in Nabarangpur district for the year 2022-2023,UMERKOTE,764073,CE AND BM IK BASIN BARINIPUT JEYPORE||Upper Kolab Project Bariniput||Nawarangpur Irrigation Division Nawarangpur,"S E, Nabarangpur Irrigation Division, Nabarangpur",Protection to left bank of river Bhaskel near Saimandir of Umerkote in Nabarangpur district for the year 2022-2023,"29,44,476",Civil Works - Others,,"SE, NID-02/2022-23(01)",2023_NIDN_85268_1,Open Tender,Works,Nil,Nil,"2,503,099.18",13-Feb-2023,"INR 2,503,099.18",NA,Nabarangpur,NA,Nabarangpur,,NABARANGPUR,,,NABARANGPUR,NABARANGPUR
801,Protection to right bank of river Indravati near village Gundriguda in Kosagumuda block of Nabarangpur district for the year 2022-23,NABARANGPUR,764059,CE AND BM IK BASIN BARINIPUT JEYPORE||Upper Kolab Project Bariniput||Nawarangpur Irrigation Division Nawarangpur,"S E, Nabarangpur Irrigation Division, Nabarangpur",Protection to right bank of river Indravati near village Gundriguda in Kosagumuda block of Nabarangpur district for the year 2022-23,"16,80,735",Civil Works - Others,,"SE, NID-02/2022-23(03)",2023_NIDN_85276_1,Open Tender,Works,Nil,Nil,"1,428,793.20",13-Feb-2023,"INR 1,428,793.198",NA,Nabarangpur,Nabarangpur,Nabarangpur,,KOSAGUMUDA,,KOSAGUMUDA,KOSAGUMUDA,KOSAGUMUDA
23,"Const of D/S including cons. of Fall, Outlet, VRC , Cross-drainage syphon, Tail cluster, EW of canal and H/W works i.e. H/R, U/s stone rip-rap of earthdam of Sankarpur kata MIP in Naktideul Block of SBP District under Critical Grant 2021-22.",SAMBALPUR,768001,"CE,Minor Irrigation,BBSR||SENMIC-SAMBALPUR",EE MIDIVISION SAMBALPUR,"Const of D/S including cons. of Fall, Outlet, VRC , Cross-drainage syphon, Tail cluster, EW of canal and H/W works i.e. H/R, U/s stone rip-rap of earthdam of Sankarpur kata MIP in Naktideul Block of SBP District under Critical Grant 2021-22.","73,52,000",Civil Works - Water Works,,EEMID SBP-11 of 2021-22,2022_CEMIB_75732_2,Open Tender,Works,Nil,Nil,"6,249,091.47",14-Apr-2022,"INR 7,351,007.49",NA,Sambalpur,Sambalpur,Sambalpur,'NAKTIDEUL',NAKTIDEUL,,NAKTIDEUL,NAKTIDEUL,NAKTIDEUL
94,"CONSTRUCTION OF APPROACH ROAD TO C-16, OFFICERS CLUB, 11/0.4 KV SUB-STATION INFRONT OF OFFICE BUILDING AND RENOVATION OF BACKSIDE DRAIN OF 5 HP PUMP HOUSE AT BURLA POWER HOUSE, HHEP, BURLA",BURLA,768017,Odisha Hydro Power Corporation Ltd||Hirakud H.E. Project Burla,"O/O SRGM,HHEP,BURLA","CONSTRUCTION OF APPROACH ROAD TO C-16, OFFICERS CLUB, 11/0.4 KV SUB-STATION INFRONT OF OFFICE BUILDING AND RENOVATION OF BACKSIDE DRAIN OF 5 HP PUMP HOUSE AT BURLA POWER HOUSE, HHEP, BURLA","10,12,223",Civil Works - Roads,,HHEP-29/2022,2022_OHPCL_79312_1,Open Tender,Works,Nil,Nil,"860,491",28-Sep-2022,"INR 860,491",NA,Sambalpur,Sambalpur,Sambalpur,,,,,NAKTIDEUL,NAKTIDEUL
149,Construction of Bridge over Local nallah on RD road NH-6 Chandmunda road in the district of Sambalpur,Sambalpur,768001,CE RW I||RWCIRCLE-SAMBALPUR,SERW CIRCLE SAMBALPUR,Construction of Bridge over Local nallah on RD road NH-6 Chandmunda road in the district of Sambalpur,"3,69,12,816",Civil Works - Bridges,,ONLINE-13-2018-19 (BRIDGES),2019_CERWI_53180_2,Open Tender,Works,NIL,NIL,"32,132,618.52",07-Jul-2022,"INR 36,912,830.01",NA,Sambalpur,Sambalpur,Sambalpur,,,,,NAKTIDEUL,NAKTIDEUL
151,Construction of C C Road and Drain from Culvrt to Culvert Bishnu mandeer Para Cremation Road Ward no 4,Sambalpur,768001,Municipal Bodies||Sambalpur Municipal Corporation,Sambalpur Municipal Corporation,Construction of C C Road and Drain from Culvrt to Culvert Bishnu mandeer Para Cremation Road Ward no 4,"3,56,854",Civil Works - Others,,03/SMC_SBP/2021-22,2021_ORULB_71082_2,Open Tender,Works,Nil,Nil,"303,361",22-Aug-2022,"INR 356,854",NA,NA,Sambalpur,Sambalpur,,,,,NAKTIDEUL,NAKTIDEUL
179,"Construction of CC road with culvert and drain from Satyandra Bohidar Park towards Regional Probation Officers Office, Sambalpur, W.No.32","SMC, Sambalpur",768001,Municipal Bodies||Sambalpur Municipal Corporation,"SMC, Sambalpur","Construction of CC road with culvert and drain from Satyandra Bohidar Park towards Regional Probation Officers Office, Sambalpur, W.No.32","13,36,537",Civil Works - Others,,02/SMC/2019-2020,2019_ORULB_55763_12,Open Tender,Works,"Commissioner, SMC, Sambalpur",Samabalpur,"1,136,189.77",30-Apr-2022,"INR 1,136,189.77",NA,Sambalpur,Sambalpur,Sambalpur,,,,,NAKTIDEUL,NAKTIDEUL
342,"Construction of RCC drain from Ramachandi Nurshing home to Mitu Panda house at Pathanbandha in W.No.07, SMC, Sambalpur",Sambalpur,768001,Municipal Bodies||Sambalpur Municipal Corporation,"SMC., Sambalpur","Construction of RCC drain from Ramachandi Nurshing home to Mitu Panda house at Pathanbandha in W.No.07, SMC, Sambalpur","6,05,466",Civil Works - Others,,5_SMC/SBP/2019-20,2019_ORULB_56092_7,Open Tender,Works,"Municipal Commissioner, SMC., Sambalpur",Samabalpur,"605,466.03",22-Dec-2022,"INR 605,466.03",NA,Sambalpur,Sambalpur,Sambalpur,,,,,NAKTIDEUL,NAKTIDEUL
387,"Construction of Surplus Escape, Head Regulator and Improvement to Earth Dam of Salebhatakata MIP in Naktideul Block of Sambalpur District under Critical Grant 2021-22.",SAMBALPUR,768001,"CE,Minor Irrigation,BBSR||SENMIC-SAMBALPUR","E E, M.I.Division, Sambalpur","Construction of Surplus Escape, Head Regulator and Improvement to Earth Dam of Salebhatakata MIP in Naktideul Block of Sambalpur District under Critical Grant 2021-22.","51,00,000",Civil Works - Water Works,,EEMID SBP-11 of 2021-22,2022_CEMIB_75732_1,Open Tender,Works,Nil,Nil,"4,319,689.90",14-Apr-2022,"INR 5,081,390.31",NA,Sambalpur,Sambalpur,Sambalpur,'NAKTIDEUL',NAKTIDEUL,,NAKTIDEUL,NAKTIDEUL,NAKTIDEUL
527,Improvement of top road of Right Dyke from RD 00 mtr to RD 10800 mtr of Hirakud Dam at Burla for the year 2022-23,"Burla,Sambalpur",768017,"CE-BM,UM Basin,Burla||SE,Hirakud Dam Circle,Burla||EE,Main Dam Divn,Burla",office of theAddl. Chief Engineer HHW and AS Burla,Improvement of top road of Right Dyke from RD 00 mtr to RD 10800 mtr of Hirakud Dam at Burla for the year 2022-23,"5,38,27,308",Civil Works - Roads,,HHW AND ASC- 02(01)/2022-23,2022_CEBBU_82429_1,Open Tender,Works,Nil,Nil,"45,758,595",30-Jan-2023,"INR 45,758,595",NA,Sambalpur,Sambalpur,Sambalpur,,,,,NAKTIDEUL,NAKTIDEUL
563,Improvement to Left Dyke toe road of 4th gap from RD 9574m to RD 11659m and in 3rd gap RD 5693m to RD 7893m along with Left dyke top road 245m to RD 1645.92m with drainage and protection toe wall of Hirakud Dam for the Year 2022-23,"Hirakud,Sambalpur",768016,"CE-BM,UM Basin,Burla||SE,Hirakud Dam Circle,Burla||EE,Main Dam Divn,Burla",Addl. Chief Engineer HHW and AS Burla,Improvement to Left Dyke toe road of 4th gap from RD 9574m to RD 11659m and in 3rd gap RD 5693m to RD 7893m along with Left dyke top road 245m to RD 1645.92m with drainage and protection toe wall of Hirakud Dam for the Year 2022-23,"2,80,23,447",Civil Works - Roads,,HHW AND ASC- 02(02)/2022-23,2022_CEBBU_82431_1,Open Tender,Works,Nil,Nil,"23,822,733",16-Jan-2023,"INR 23,822,733",NA,Sambalpur,Sambalpur,Sambalpur,,,,,NAKTIDEUL,NAKTIDEUL
564,Improvement to Left dyke top and toe road from Left Pavilion to 5th Gap (from RD 0.00 mtr. to RD 13800 mtr.) of Hirakud Dam at Burla for the year 2022-23,"Hirakud,Sambalpur",768016,"CE-BM,UM Basin,Burla||SE,Hirakud Dam Circle,Burla||EE,Main Dam Divn,Burla",Addl. Chief Engineer HHW and AS Burla,Improvement to Left dyke top and toe road from Left Pavilion to 5th Gap (from RD 0.00 mtr. to RD 13800 mtr.) of Hirakud Dam at Burla for the year 2022-23,"4,52,80,017",Civil Works - Roads,,HHW AND ASC- 01(02)/2022-23,2022_CEBBU_81908_1,Open Tender,Works,Nil,Nil,"38,492,543",27-Dec-2022,"INR 38,492,543",NA,Sambalpur,Sambalpur,Sambalpur,,,,,NAKTIDEUL,NAKTIDEUL
1085,Slope Protection work on both sides of High-Level Bridge (SH-24 Linking NH-53B) across River Tikira near village Kutasingha for the year 2022-23.,Sambalpur,768001,"CE-BM,UM Basin,Burla||SE,Hirakud Dam Circle,Burla||EE Sambalpur Irrigation Division Sambalpur","O/o the SE, Sambalpur Irrigation Division, Sambalp",Slope Protection work on both sides of High-Level Bridge (SH-24 Linking NH-53B) across River Tikira near village Kutasingha for the year 2022-23.,"84,73,259",Civil Works - Others,,SESID-03(01)/2022-23,2022_CEBBU_82294_1,Open Tender,Works,Nil,Nil,"7,203,117",19-Dec-2022,"INR 7,203,117",NA,NA,Sambalpur,Sambalpur,'KUTASINGHA',NAKTIDEUL,,,NAKTIDEUL,NAKTIDEUL
1,(11) Restoration to Puri Main Canal Right Embankment from RD 22.70 KM to RD 24.400 KM,"Delta, BBSR-12",751012,"CE-BM,LMB Basin,BBSR||SE, Central Irr.Circle, BBSR||EE,Prachi Division,Bhubaneswar","S.E, Prachi Division, BBSR",Restoration to Puri Main Canal Right Embankment from RD 22.70 KM to RD 24.400 KM,"2,61,671",Civil Works - Others,,e-Procurement Notice No.SEPRD-23/2022-23,2023_CELBB_85168_11,Open Tender,Works,Nil,Nil,"222,446",04-Mar-2023,"INR 222,446",NA,Puri,NA,Puri,,,,,NAKTIDEUL,NAKTIDEUL
2,(13) Restoration to Gop Branch Canal from RD 17.700 Km. to 17.789 Km.,"Delta, BBSR-12",751012,"CE-BM,LMB Basin,BBSR||SE, Central Irr.Circle, BBSR||EE,Prachi Division,Bhubaneswar","S.E, Prachi Division, BBSR",Restoration to Gop Branch Canal from RD 17.700 Km. to 17.789 Km.,"12,70,423",Civil Works - Others,,e-Procurement Notice No.SEPRD-23/2022-23,2023_CELBB_85168_13,Open Tender,Works,Nil,Nil,"1,079,987",04-Mar-2023,"INR 1,079,987",NA,Puri,NA,Puri,'Gop',GOP,,GOP,GOP,GOP
89,Construction Of 7 Nos Recharge Shafts in Tanks or Ponds in Kakatpur Block Of Puri District,GWD Division II Unit V Bhubaneswar,751001,Ground Water Survey and Investigation,BHUBANESWAR,Construction Of 7 Nos Recharge Shafts in Tanks or Ponds in Kakatpur Block Of Puri District,"12,80,000",Civil Works - Others,,02/GWRSD/ARUA/2022-23,2022_GWSI_82894_1,Open Tender,Works,Nil,Nil,"1,265,056",13-Dec-2022,"INR 1,265,056",NA,Puri,NA,Puri,'Kakatpur',KAKAT PUR,,KAKATPUR,GOP,GOP
346,Construction of RCC Slab Culvert on Malud Morada road (Part-A) in the District for Puri for the year 2022-23.,Puri,752001,CE RW I||RWCIRCLE-BHUBANESWAR||RWDIVISION-PURI,"O/o Superintending Engineer, R.W.Division, Puri.",Construction of RCC Slab Culvert on Malud Morada road (Part-A) in the District for Puri for the year 2022-23.,"10,45,000",Civil Works - Roads,,Online-08 Dt.10.08.2022,2022_CERWI_80629_1,National Competitive Bid,Works,Nil,Nil,"888,320",15-Mar-2023,"INR 1,044,959.54",NA,Puri,Puri,Puri,'Morada',KRUSHNAPRASAD,,MALUD,GOP,GOP
378,Construction of sluice over D.C. No. 35 near village Lalitapahandi of Doab-VI under Nimapada Block of Puri District.,Nimapada,751012,"CE,Drainage,Cuttack||SE Drainage Circle Bhubaneswar","O/o the Addl. Chief Engineer, Drainage Circle, Bhu","Earthwork, Cement Concrete, Reinforced Cement Concrete and RR Stone Works","1,11,63,449",Civil Works - Others,,ACEDC-BBSR/DD-PURI-07/2022-23,2022_CEDC_80554_1,Open Tender,Works,Nil,Nil,"9,490,048",29-Sep-2022,"INR 9,490,048",NA,Puri,Puri,Puri,,NIMAPADA,,,NIMAPADA,NIMAPADA
379,Construction of sluice over Sunamuhin River Near Narsinghpatna at 12340 m.,"Brahmagiri, Puri",751012,"CE,Drainage,Cuttack||SE Drainage Circle Bhubaneswar","O/o the Addl. Chief Engineer, Drainage Circle, Bhu","Earthwork, Cement Concrete, Reinforced Cement Concrete and RR Stone Works","5,77,13,787",Civil Works - Others,,ACEDC-BBSR/DD-PURI-06/2022-23,2022_CEDC_78849_1,Open Tender,Works,Nil,Nil,"49,062,490",29-Sep-2022,"INR 49,062,490",NA,NA,Puri,Puri,'Sunamuhin',BRAHMAGIRI,,,NIMAPADA,NIMAPADA
415,"Dredging of Southkania drainage channel (from RD15.7km to RD20.0km), Madhakona to Mudirath drainage channel (from RD 0km to RD2.5km) and Basanpur nallah (from RD 0km to RD 4.0km) under Brahmagiri Block.",Brahmagiri,751012,"CE,Drainage,Cuttack||SE Drainage Circle Bhubaneswar","O/o the Addl. Chief Engineer, Drainage Circle, Bhu","Earthwork by Dredging, Weed clearance","4,98,63,774",Civil Works - Others,,ACEDC-BBSR/DD-PURI-09/2022-23,2022_CEDC_80559_1,Open Tender,Works,Nil,Nil,"42,389,195",28-Nov-2022,"INR 42,389,195",NA,Puri,Puri,Puri,'Brahmagiri',BRAHMAGIRI,,BRAHMAGIRI,BRAHMAGIRI,BRAHMAGIRI
528,Improvement road from Swargadwar to Baliapanda via Bidhaba Ashram from ch. 0/670 km to 1/579 km such as construction of drain,Puri,752001,EIC-CIVIL||SERNB-CIRCLE-KHURDA||EERNB-DIVN-PURI,"O/o the S.E. R and B Division, Puri",Improvement road from Swargadwar to Baliapanda via Bidhaba Ashram from ch. 0/670 km to 1/579 km such as construction of drain,"58,08,009",Civil Works - Others,,TCN NO 35 OF 2021-22,2021_EICCL_73669_1,National Competitive Bid,Works,Nil,Nil,"4,937,389",11-Apr-2022,"INR 4,937,389",NA,NA,Puri,Puri,,,,,BRAHMAGIRI,BRAHMAGIRI
851,Renovation by Dredging Method of Juajore Nallah from RD 00 km to 4.95 km and Hatia nalla from RD 00 km to 2.70 km under DOAB-XV in Kanasa Block and Satyabadi Constituency,Kanas,751012,"CE,Drainage,Cuttack||SE Drainage Circle Bhubaneswar","O/o the Addl. Chief Engineer, Drainage Circle, Bhu",Dredging work,"7,68,34,174",Civil Works - Others,,SEDC-BBSR/DD-PURI-32/2021-22,2021_CEDC_74139_1,Open Tender,Works,Nil,Nil,"65,316,731",29-Jun-2022,"INR 65,316,731",NA,Puri,NA,Puri,"'Satyabadi', 'Hatia'",SATYABADI,,,SATYABADI,SATYABADI
857,Renovation of Bhargavi-Ratnachira Drainage system with structures under Brahmagiri Block.,"Brahmagiri, Puri",751012,"CE,Drainage,Cuttack||SE Drainage Circle Bhubaneswar","O/o the Addl. Chief Engineer, Drainage Circle, Bhu","Earthwork, Cement Concrete, Reinforced Cement Concrete and RR Stone Works","1,55,22,153",Civil Works - Others,,ACEDC-BBSR/DD-PURI-10/2022-23,2022_CEDC_81788_1,Open Tender,Works,Nil,Nil,"13,195,382",30-Nov-2022,"INR 13,195,382",NA,Puri,Puri,Puri,'Brahmagiri',BRAHMAGIRI,,BRAHMAGIRI,BRAHMAGIRI,BRAHMAGIRI
867,Renovation of Malliatutha Drainage System including the link drains with structures in DOAB-V,Gop block Puri,752110,"CE,Drainage,Cuttack||SE Drainage Circle Bhubaneswar||EE Drainage Divn. Puri","O/oSuperintending Engineer, Drainage Division,Puri",Renovation earth and structure work,"96,63,203",Civil Works - Others,,DDP - 153/2021-22,2022_CEDC_75644_1,Open Tender,Works,Nil,Nil,"8,214,689",17-Nov-2022,"INR 8,214,689",NA,NA,Puri,Puri,,,,,BRAHMAGIRI,BRAHMAGIRI
870,"Renovation of Southkania drainage chanel (from RD 6.7km to 15.70km ), Boxikania drainage chanel (from RD 8.6KM to 10.1km),Benakania drainage channel (from RD 0km to 4.5 km) and Choudamouza Right drainage chanel (from RD 5.6km to 7.6km ) with structu",Brahmagiri,751012,"CE,Drainage,Cuttack||SE Drainage Circle Bhubaneswar","O/o the Addl. Chief Engineer, Drainage Circle, Bhu","Earthwork, Cement Concrete, Reinforced Cement Concrete and RR Stone Works","1,90,79,603",Civil Works - Others,,ACEDC-BBSR/DD-PURI-08/2022-23,2022_CEDC_80557_1,Open Tender,Works,Nil,Nil,"16,219,570",29-Nov-2022,"INR 16,219,570",NA,NA,Puri,Puri,,,,,BRAHMAGIRI,BRAHMAGIRI
97,Construction of Badghumuda Check dam over Brahmani Nalla near village Badghumuda in Hemgir Block of Sundargarh District under DMF 2022-23.,HEMGIR BLOCK,770013,"CE,Minor Irrigation,BBSR||SENMIC-SAMBALPUR||SUNDARGARH","O/o the Superintending Engineer, MID Sundargarh",Construction of Badghumuda Check dam over Brahmani Nalla near village Badghumuda in Hemgir Block of Sundargarh District under DMF 2022-23.,"59,00,802",Civil Works - Others,Check dam,SE MID SNG 04/2022-23,2023_CEMIB_85361_3,Open Tender,Works,Nil,Nil,"5,016,271.52",28-Mar-2023,"INR 5,016,271.52",NA,Sundargarh,Sundargarh,Sundargarh,"'BADGHUMUDA', 'HEMGIR'",HEMGIR,,HEMGIR,HEMGIR,HEMGIR
243,Construction of Drain on Subdega- Rajpur Road (ODR) from 15/400 Km to 16/000 Km for the year 2022-23.,Sundargarh,770001,EIC-CIVIL||SERNB-CIRCLE-KEONJHAR||EERNB-DIVN-SUNDERGARH,"O/o the SE R and B Dvn, Sundargarh",Construction of Drain on Subdega- Rajpur Road (ODR) from 15/400 Km to 16/000 Km for the year 2022-23.,"35,67,404",Civil Works - Roads,,Bid Identification No-SE-RandB-SNG-13 OF 2022-23,2022_EICCL_79616_1,Open Tender,Works,Nil,Nil,"3,032,650.56",22-Sep-2022,"INR 3,032,650.56",NA,NA,Sundargarh,Sundargarh,'RAJPUR',SUBDEGA,,RAJPUR,SUBDEGA,SUBDEGA
255,Construction of Gaijornalla Check dam over Gaijor Nalla near village Gaijor in Sundargarh Block of Sundargarh District under MATY 2022-23.,SUNDARGARH BLOCK,770001,"CE,Minor Irrigation,BBSR||SENMIC-SAMBALPUR||SUNDARGARH","O/o the Superintending Engineer, MID Sundargarh",Construction of Gaijornalla Check dam over Gaijor Nalla near village Gaijor in Sundargarh Block of Sundargarh District under MATY 2022-23.,"35,07,100",Civil Works - Others,Check dam,SE MID SNG 05/2022-23,2023_CEMIB_85384_4,Open Tender,Works,Nil,Nil,2981385.59,27-Feb-2023,INR 2981385.59,NA,Sundargarh,Sundargarh,Sundargarh,'GAIJOR',SUNDARGARH,,,SUNDARGARH,SUNDARGARH
268,Construction of Kadubinga sikipani Check dam over Kadubidinga Nalla near village Sikipani in Sundargarh Block of Sundargarh District under MATY 2022-23.,SUNDARGARH BLOCK,770001,"CE,Minor Irrigation,BBSR||SENMIC-SAMBALPUR||SUNDARGARH","O/o the Superintending Engineer, MID Sundargarh",Construction of Kadubinga sikipani Check dam over Kadubidinga Nalla near village Sikipani in Sundargarh Block of Sundargarh District under MATY 2022-23.,"44,84,094",Civil Works - Others,Check dam,SE MID SNG 05/2022-23,2023_CEMIB_85384_2,Open Tender,Works,Nil,Nil,3811928.49,03-Mar-2023,INR 3811928.49,NA,Sundargarh,Sundargarh,Sundargarh,'SIKIPANI',SUNDARGARH,,,SUNDARGARH,SUNDARGARH
280,Construction of Kund Check dam over Chhatenjore Nalla near village Kund in Hemgir Block of Sundargarh District under DMF 2022-23.,HEMGIR BLOCK,770013,"CE,Minor Irrigation,BBSR||SENMIC-SAMBALPUR||SUNDARGARH","O/o the Superintending Engineer, MID Sundargarh",Construction of Kund Check dam over Chhatenjore Nalla near village Kund in Hemgir Block of Sundargarh District under DMF 2022-23.,"49,39,419",Civil Works - Others,Check dam,SE MID SNG 05/2022-23,2023_CEMIB_85384_7,Open Tender,Works,Nil,Nil,4198999.8,28-Feb-2023,INR 4198999.8,NA,Sundargarh,Sundargarh,Sundargarh,'HEMGIR',HEMGIR,,HEMGIR,HEMGIR,HEMGIR
290,Construction of Mandabaga Check dam over Local Nalla near village Deogaon in Subdega Block of Sundargarh District under MATY 2022-23.,SUBDEGA BLOCK,770014,"CE,Minor Irrigation,BBSR||SENMIC-SAMBALPUR||SUNDARGARH","O/o the Superintending Engineer, MID Sundargarh",Construction of Mandabaga Check dam over Local Nalla near village Deogaon in Subdega Block of Sundargarh District under MATY 2022-23.,"33,10,831",Civil Works - Others,Check dam,SE MID SNG 05/2022-23,2023_CEMIB_85384_5,Open Tender,Works,Nil,Nil,2814537.32,03-Mar-2023,INR 2814537.32,NA,Sundargarh,NA,Sundargarh,'DEOGAON',SUNDARGARH,,DEOGAON,SUNDARGARH,SUNDARGARH
376,Construction of Sikipani-II Check dam over Kadubidinga Nalla near village Sikipani in Sundargarh Block of Sundargarh District under MATY 2022-23.,SUNDARGARH BLOCK,770001,"CE,Minor Irrigation,BBSR||SENMIC-SAMBALPUR||SUNDARGARH","O/o the Superintending Engineer, MID Sundargarh",Construction of Sikipani-II Check dam over Kadubidinga Nalla near village Sikipani in Sundargarh Block of Sundargarh District under MATY 2022-23.,"36,59,111",Civil Works - Others,Check dam,SE MID SNG 05/2022-23,2023_CEMIB_85384_3,Open Tender,Works,Nil,Nil,3110610.28,27-Feb-2023,INR 3110610.28,NA,Sundargarh,Sundargarh,Sundargarh,'SIKIPANI',SUNDARGARH,,,SUNDARGARH,SUNDARGARH
389,Construction of Tangardihi (Bhatipada) Check dam over Kutrajore Nalla near village Tangardihi in Hemgir Block of Sundargarh District under DMF 2022-23.,HEMGIR BLOCK,770013,"CE,Minor Irrigation,BBSR||SENMIC-SAMBALPUR||SUNDARGARH","O/o the Superintending Engineer, MID Sundargarh",Construction of Tangardihi (Bhatipada) Check dam over Kutrajore Nalla near village Tangardihi in Hemgir Block of Sundargarh District under DMF 2022-23.,"65,41,303",Civil Works - Others,Check dam,SE MID SNG 04/2022-23,2023_CEMIB_85361_2,Open Tender,Works,Nil,Nil,"5,560,761.38",28-Mar-2023,"INR 5,560,761.38",NA,Sundargarh,Sundargarh,Sundargarh,"'TANGARDIHI', 'HEMGIR'",HEMGIR,,HEMGIR,HEMGIR,HEMGIR
392,Construction of Tihuria-III Check dam over Tumikhol Nalla near village Tihuria in Hemgir Block of Sundargarh District under DMF 2022-23.,HEMGIR BLOCK,770013,"CE,Minor Irrigation,BBSR||SENMIC-SAMBALPUR||SUNDARGARH","O/o the Superintending Engineer, MID Sundargarh",Construction of Tihuria-III Check dam over Tumikhol Nalla near village Tihuria in Hemgir Block of Sundargarh District under DMF 2022-23.,"42,67,280",Civil Works - Others,Check dam,SE MID SNG 05/2022-23,2023_CEMIB_85384_6,Open Tender,Works,Nil,Nil,3627615.07,27-Feb-2023,INR 3627615.07,NA,Sundargarh,Sundargarh,Sundargarh,"'HEMGIR', 'TIHURIA'",HEMGIR,,HEMGIR,HEMGIR,HEMGIR
410,Dismantling and Shifting of Compound wall for Construction of four lane road with road side drain of Sundargarh - Lephripada road (MDR-27) (Sundargarh Town Portion) from 0/000 km to 0/628 km for the year 2022-23,Sundargarh,770001,EIC-CIVIL||SERNB-CIRCLE-KEONJHAR,O/o the CCE Keonjhar (R and B) Circle,Dismantling and Shifting of Compound wall for Construction of four lane road with road side drain of Sundargarh - Lephripada road (MDR-27) (Sundargarh Town Portion) from 0/000 km to 0/628 km for the year 2022-23,"1,46,39,052",Civil Works - Others,,"C.C.E.K.C., Keonjhar No. 28 / 2022-23",2022_EICCL_83413_1,Open Tender,Works,Nil,Nil,"12,444,658",06-Mar-2023,"INR 12,444,658",NA,Sundargarh,Sundargarh,Sundargarh,,SUNDARGARH,,,SUNDARGARH,SUNDARGARH
515,Improvement of road and Drain from Ashoka Public School gali in ward no 14 Tarani Nagar,SUNDARGARH MUNICIPALITY,770001,Municipal Bodies||Sundargarh Municipality,"O/O EXECUTIVE OFFICER, SUNDARGARH MUNICIPALITY",Improvement of road and Drain from Ashoka Public School gali in ward no 14 Tarani Nagar,"17,65,741",Civil Works - Others,,SNGM-02/2022-23,2022_ORULB_78105_9,Open Tender,Works,Nil,Nil,"1,942,315.22",19-Jan-2023,"INR 2,083,575",NA,NA,Sundargarh,Sundargarh,,,,,SUNDARGARH,SUNDARGARH
1048,Shifting of 11Kv line for work of construction of Birdge over Bagichapada Nallah near Dudi at 0/100KM on Rajgangpur Malidihi road.,Sundargarh,770017,CE RW I||RW Electrical Circle Bhubaneswar||RW Electrical Division Sambalpur,EE R.W Electrical Division Sambalpur,Shifting of 11Kv line for work of construction of Birdge over Bagichapada Nallah near Dudi at 0/100KM on Rajgangpur Malidihi road.,"11,11,380",Electrical Works,,EE/RWELECT/SBP/03/2022-23,2022_CERWI_78672_2,Open Tender,Works,Nil,Nil,"944,784",18-Jul-2022,"INR 944,784",NA,NA,Sundargarh,Sundargarh,'MALIDIHI',RAJGANGPUR,,MALIDIHI,RAJGANGPUR,RAJGANGPUR
478,"EXECUTION OF 4 NOS. RETROFITTING OF RPWS SCHEMES CLUBBED UP AT 1. CHITTOL, 2. NUAPADA, MAITRAPUR, 4. NACHINTA UNDER BAHANAGA BLOCK OF BALASORE DISTRICT WITH 5 YRS OM-JJM",BALASORE,756001,Rural Water Supply and Sanitation||RWSS Circle Cuttack||RWSS Balasore,O/O EE RWSS DIVISION BALASORE,RPWS WITH RCC ESR,"3,07,51,044",Civil Works - Water Works,,TCN NO. 02 DT. 08.04.2022,2022_RWSS_77040_1,National Competitive Bid,Works,Nil,Nil,"30,440,458",03-Nov-2022,"INR 30,440,458",NA,Nuapada,NA,Nuapada,,NUAPADA,,NUAPADA,NUAPADA,NUAPADA
705,"Improvement to Saranga Dr.Cut, Amirabad Merdha DC, Jaisinghpur Mangarajpur DC, Chhandamunda Jaripat Drain, Nuapada link drain, Gangarampur Lokanathpur DC of Gobari drainage system under DoabII","Improvement to Saranga Dr.Cut, Amirabad Merdha DC,",754211,"CE,Drainage,Cuttack||SE,Drainage,Cuttack",Additional Chief Engineer Drainage Circle Cuttack,"Improvement to Saranga Dr.Cut, Amirabad Merdha DC, Jaisinghpur Mangarajpur DC, Chhandamunda Jaripat Drain, Nuapada link drain, Gangarampur Lokanathpur DC of Gobari drainage system under DoabII","3,07,47,751",Civil Works - Others,,SEDC-CTC / DDKPD -16/2021-22,2021_CEDC_72652_1,National Competitive Bid,Works,Nil,Nil,"26,138,664",26-Apr-2022,"INR 26,138,664",NA,Nuapada,NA,Nuapada,'GOBARI',NUAPADA,,NUAPADA,NUAPADA,NUAPADA
21,Completion of incomplete road and drain at Babuli Nagar Lane 1 Left Side Ward No. 1,GUNUPUR,765022,Municipal Bodies||Gunupur Municipal Council,GUNUPUR,"Completion of incomplete road and drain at Babuli Nagar Lane 1 Left Side, Ward No 1","8,15,125",Civil Works - Others,,GUN-MUN-57/2022-23,2022_ORULB_75675_3,Open Tender,Works,Nil,Nil,"815,125",23-Oct-2022,"INR 815,125",NA,NA,Rayagada,Rayagada,,,,,NUAPADA,NUAPADA
81,Construction of 10 Nos.HP culverts in different stretches on Gunupur-Padmapur road,PADAMPUR,765025,EIC-CIVIL||SERNB-CIRCLE-RAYAGADA||EERNB-DIVN-RAYAGADA NEW,"O/O EE, RAYAGADA (RANDB) DIVISION II",Construction of 10 Nos. HP culverts in different stretches on Gunupur-Padmapur road,"26,14,493",Civil Works - Roads,,RC (RANDB) RGD No-II 09/2021-22,2021_EICCL_72112_9,Open Tender,Works,Nil,Nil,"2,222,581",28-Jun-2022,"INR 2,222,581",NA,Rayagada,NA,Rayagada,'PADMAPUR',GUNUPUR,,PADMAPUR,GUNUPUR,GUNUPUR
96,Construction of Arregada Check Dam (RG 040057) in Gunupur Block of Rayagada District under MATY 2022-23,Gunupur,765022,"CE,Minor Irrigation,BBSR||SE,KBK Minor Irr.CircleII,Jeypore||EE M.I. Division Rayagada","O/o E.E, M.I Division, Rayagada",Construction of Arregada Check Dam (RG 040057) in Gunupur Block of Rayagada District under MATY 2022-23,"41,26,153",Civil Works - Others,,09/MID RGD/2022-23,2022_CEMIB_82478_1,National Competitive Bid,Works,Nil,Nil,"3,507,642.76",30-Nov-2022,"INR 3,507,643",NA,Rayagada,Rayagada,Rayagada,,RAYAGADA,,,RAYAGADA,RAYAGADA
138,Construction of Berdeliguda Check Dam (RG 010150) in Bissamcuttack Block of Rayagada District under MATY 2022-23,Bissamcuttack,765019,"CE,Minor Irrigation,BBSR||SE,KBK Minor Irr.CircleII,Jeypore||EE M.I. Division Rayagada","O/o E.E, M.I Division, Rayagada",Construction of Berdeliguda Check Dam (RG 010150) in Bissamcuttack Block of Rayagada District under MATY 2022-23,"64,25,974",Civil Works - Others,,10/MID RGD/2022-23,2022_CEMIB_82497_1,National Competitive Bid,Works,Nil,Nil,"5,462,720.56",09-Dec-2022,"INR 5,462,720.56",NA,Rayagada,NA,Rayagada,,BISSAMCUTTACK,,BISSAMCUTTACK,BISSAMCUTTACK,BISSAMCUTTACK
189,Construction of Check dam over Badapadia Nalla in Rayagada block of Block of Gajapati District under MATY Scheme 2022-23,Rayagada,761207,"CE,Minor Irrigation,BBSR||SESMIC-BERHAMPUR||GAJAPATI","S.E.M.I.DIVISION, GAJAPTI PARALAKHEMUNDI",Construction of Check dam over Badapadia Nalla in Rayagada block of Block of Gajapati District under MATY Scheme 2022-23,"37,02,557",Civil Works - Others,,MIDGJP-06/2022-23,2023_CEMIB_85213_3,Open Tender,Works,Nil,Nil,"3,147,544.06",03-Mar-2023,"INR 3,702,557.42",NA,Rayagada,Rayagada,Rayagada,'BADAPADIA',RAYAGADA,,,RAYAGADA,RAYAGADA
199,"Construction of culvert with approach road in Gandhi Nagar and Golla Sahi, Ward No. 7",GUNUPUR,765022,Municipal Bodies||Gunupur Municipal Council,GUNUPUR,"Construction of culvert with approach road in Gandhi Nagar and Golla Sahi, Ward No. 7","4,69,299",Civil Works - Others,,GUN-MUN-57/2022-23,2022_ORULB_75675_21,Open Tender,Works,Nil,Nil,"469,299",23-Oct-2022,"INR 469,299",NA,NA,Rayagada,Rayagada,,,,,RAYAGADA,RAYAGADA
202,Construction of Dalaguminalla Check Dam (RG 030050) in Gudari Block of Rayagada District under MATY 2022-23,Gudari,765026,"CE,Minor Irrigation,BBSR||SE,KBK Minor Irr.CircleII,Jeypore||EE M.I. Division Rayagada","O/o E.E, M.I Division, Rayagada",Construction of Dalaguminalla Check Dam (RG 030050) in Gudari Block of Rayagada District under MATY 2022-23,"41,85,296",Civil Works - Others,,09/MID RGD/2022-23,2022_CEMIB_82466_1,National Competitive Bid,Works,Nil,Nil,"3,557,920.14",30-Nov-2022,"INR 3,557,920",NA,Rayagada,Rayagada,Rayagada,,RAYAGADA,,,RAYAGADA,RAYAGADA
204,Construction of Damguda Check Dam (RG 100079) in Ramanaguda Block of Rayagada District under MATY 2022-23,Ramanaguda,765029,"CE,Minor Irrigation,BBSR||SE,KBK Minor Irr.CircleII,Jeypore||EE M.I. Division Rayagada","O/o E.E, M.I Division, Rayagada",Construction of Damguda Check Dam (RG 100079) in Ramanaguda Block of Rayagada District under MATY 2022-23,"38,17,201",Civil Works - Others,,09/MID RGD/2022-23,2022_CEMIB_82480_1,National Competitive Bid,Works,Nil,Nil,"3,245,002.38",30-Nov-2022,"INR 3,245,002.38",NA,Rayagada,NA,Rayagada,'RAMANAGUDA',RAYAGADA,,,RAYAGADA,RAYAGADA
210,Construction of Dibalpadu Check Dam (RG 050053) in K Singhpur Block of Rayagada District under MATY 2022-23,K Singhpur,765016,"CE,Minor Irrigation,BBSR||SE,KBK Minor Irr.CircleII,Jeypore||EE M.I. Division Rayagada","O/o E.E, M.I Division, Rayagada",Construction of Dibalpadu Check Dam (RG 050053) in K Singhpur Block of Rayagada District under MATY 2022-23,"50,75,609",Civil Works - Others,,10/MID RGD/2022-23,2022_CEMIB_82490_1,National Competitive Bid,Works,Nil,Nil,"4,314,775.58",30-Nov-2022,"INR 4,314,775.58",NA,Rayagada,NA,Rayagada,,RAYAGADA,,,RAYAGADA,RAYAGADA
211,"Construction of drain and culvert near Gopal Pattanaik House, Ward No. 6",GUNUPUR,765022,Municipal Bodies||Gunupur Municipal Council,GUNUPUR,"Construction of drain and culvert near Gopal Pattanaik House, Ward No. 6","1,97,230",Civil Works - Others,,GUN-MUN-57/2022-23,2022_ORULB_75675_15,Open Tender,Works,Nil,Nil,"197,230",05-Nov-2022,"INR 197,230",NA,NA,Rayagada,Rayagada,,,,,RAYAGADA,RAYAGADA
212,"Construction of drain and Repair of road at Shiva Nagar, Ward No. 1",GUNUPUR,765022,Municipal Bodies||Gunupur Municipal Council,GUNUPUR,"Construction of drain and Repair of road at Shiva Nagar, Ward No. 1","8,23,135",Civil Works - Others,,GUN-MUN-57/2022-23,2022_ORULB_75675_4,Open Tender,Works,Nil,Nil,"823,135",23-Oct-2022,"INR 823,135",NA,NA,Rayagada,Rayagada,,,,,RAYAGADA,RAYAGADA
213,"Construction of drain at back side of Palia sahi and repair of road in netaji Nagar, Ward No. 3",GUNUPUR,765022,Municipal Bodies||Gunupur Municipal Council,GUNUPUR,"Construction of drain at back side of Palia sahi and repair of road in netaji Nagar, Ward No. 3","14,19,404",Civil Works - Others,,GUN-MUN-57/2022-23,2022_ORULB_75675_10,Open Tender,Works,Nil,Nil,"1,417,904",23-Oct-2022,"INR 1,417,904",NA,NA,Rayagada,Rayagada,,,,,RAYAGADA,RAYAGADA
215,"Construction of drain at Niladri Vihar Lane 3 and adjucent area, Ward No. 18",GUNUPUR,765022,Municipal Bodies||Gunupur Municipal Council,GUNUPUR,"Construction of drain at Niladri Vihar Lane 3 and adjucent area, Ward No. 18","19,23,538",Civil Works - Others,,GUN-MUN-57/2022-23,2022_ORULB_75675_34,Open Tender,Works,Nil,Nil,"1,922,016",09-Oct-2022,"INR 1,922,016",NA,NA,Rayagada,Rayagada,,,,,RAYAGADA,RAYAGADA
217,"Construction of drain back side of Sekhar Nagar and Rameswar Nagar, Ward No. 19",GUNUPUR,765022,Municipal Bodies||Gunupur Municipal Council,GUNUPUR,"Construction of drain back side of Sekhar Nagar and Rameswar Nagar, Ward No. 19","4,50,094",Civil Works - Others,,GUN-MUN-57/2022-23,2022_ORULB_75675_42,Open Tender,Works,Nil,Nil,"450,094",05-Nov-2022,"INR 450,094",NA,NA,Rayagada,Rayagada,,,,,RAYAGADA,RAYAGADA
218,"Construction of drain back side of Tulasi Lane , Ward No. 1",GUNUPUR,765022,Municipal Bodies||Gunupur Municipal Council,GUNUPUR,"Construction of drain back side of Tulasi Lane , Ward No. 1","6,14,940",Civil Works - Others,,GUN-MUN-57/2022-23,2022_ORULB_75675_2,Open Tender,Works,Nil,Nil,"614,940",22-Oct-2022,"INR 614,940",NA,NA,Rayagada,Rayagada,,,,,RAYAGADA,RAYAGADA
221,"Construction of drain from Balaji Nagar to Tala Soura Sahi, Ward No. 11",GUNUPUR,765022,Municipal Bodies||Gunupur Municipal Council,GUNUPUR,"Construction of drain from Balaji Nagar to Tala Soura Sahi, Ward No. 11","12,63,126",Civil Works - Others,,GUN-MUN-57/2022-23,2022_ORULB_75675_28,Open Tender,Works,Nil,Nil,"1,261,626",24-Oct-2022,"INR 1,261,626",NA,NA,Rayagada,Rayagada,,,,,RAYAGADA,RAYAGADA
222,"Construction of drain from Brahman sahi Chowk to Kotwalguda Sluice gate, Ward No. 6",GUNUPUR,765022,Municipal Bodies||Gunupur Municipal Council,GUNUPUR,"Construction of drain from Brahman sahi Chowk to Kotwalguda Sluice gate, Ward No. 6","19,84,112",Civil Works - Others,,GUN-MUN-57/2022-23,2022_ORULB_75675_17,Open Tender,Works,Nil,Nil,"1,984,112",05-Nov-2022,"INR 1,984,112",NA,NA,Rayagada,Rayagada,,,,,RAYAGADA,RAYAGADA
229,"Construction of drain from Pana Sahi to Haladia Nalla, Ward No. 7",GUNUPUR,765022,Municipal Bodies||Gunupur Municipal Council,GUNUPUR,"Construction of drain from Pana Sahi to Haladia Nalla, Ward No. 7","7,88,652",Civil Works - Others,,GUN-MUN-57/2022-23,2022_ORULB_75675_22,Open Tender,Works,Nil,Nil,"788,652",24-Oct-2022,"INR 788,652",NA,NA,Rayagada,Rayagada,,,,,RAYAGADA,RAYAGADA
240,"Construction of drain from uppar Soura Sahi to U.P School, Ward No. 11",GUNUPUR,765022,Municipal Bodies||Gunupur Municipal Council,GUNUPUR,"Construction of drain from uppar Soura Sahi to U.P School, Ward No. 11","19,69,328",Civil Works - Others,,GUN-MUN-57/2022-23,2022_ORULB_75675_27,Open Tender,Works,Nil,Nil,"1,672,851",17-Oct-2022,"INR 1,672,851",NA,NA,Rayagada,Rayagada,,,,,RAYAGADA,RAYAGADA
241,"Construction of drain in Nilachakra Nagar, Ward No. 18",GUNUPUR,765022,Municipal Bodies||Gunupur Municipal Council,GUNUPUR,"Construction of drain in Nilachakra Nagar, Ward No. 18","12,79,545",Civil Works - Others,,GUN-MUN-57/2022-23,2022_ORULB_75675_35,Open Tender,Works,Nil,Nil,"1,279,545",24-Oct-2022,"INR 1,279,545",NA,NA,Rayagada,Rayagada,,,,,RAYAGADA,RAYAGADA
246,Construction of Ejurupa Check Dam (RG 080121) in Muniguda Block of Rayagada District under MATY 2022-23,Muniguda,765020,"CE,Minor Irrigation,BBSR||SE,KBK Minor Irr.CircleII,Jeypore||EE M.I. Division Rayagada","O/o E.E, M.I Division, Rayagada",Construction of Ejurupa Check Dam (RG 080121) in Muniguda Block of Rayagada District under MATY 2022-23,"72,12,020",Civil Works - Others,,10/MID RGD/2022-23,2022_CEMIB_82498_1,National Competitive Bid,Works,Nil,Nil,"6,130,937.85",09-Dec-2022,"INR 6,130,937.85",NA,Rayagada,Rayagada,Rayagada,'MUNIGUDA',RAYAGADA,,MUNIGUDA,RAYAGADA,RAYAGADA
264,Construction of Hikiriguda Check Dam (RG 010151) in Bissamcuttack Block of Rayagada District under MATY 2022-23,Bissamcuttack,765019,"CE,Minor Irrigation,BBSR||SE,KBK Minor Irr.CircleII,Jeypore||EE M.I. Division Rayagada","O/o E.E, M.I Division, Rayagada",Construction of Hikiriguda Check Dam (RG 010151) in Bissamcuttack Block of Rayagada District under MATY 2022-23,"40,96,641",Civil Works - Others,,13/MID RGD/2022-23,2022_CEMIB_83459_1,National Competitive Bid,Works,Nil,Nil,"3,482,554.55",04-Jan-2023,"INR 3,482,554.55",NA,Rayagada,NA,Rayagada,,BISSAMCUTTACK,,BISSAMCUTTACK,BISSAMCUTTACK,BISSAMCUTTACK
288,Construction of Madhimanu Check Dam (RG 100080) in Ramanaguda Block of Rayagada District under MATY 2022-23,Ramanaguda,765029,"CE,Minor Irrigation,BBSR||SE,KBK Minor Irr.CircleII,Jeypore||EE M.I. Division Rayagada","O/o E.E, M.I Division, Rayagada",Construction of Madhimanu Check Dam (RG 100080) in Ramanaguda Block of Rayagada District under MATY 2022-23,"49,83,718",Civil Works - Others,,09/MID RGD/2022-23,2022_CEMIB_82483_1,National Competitive Bid,Works,Nil,Nil,"4,236,658.94",30-Nov-2022,"INR 4,236,658.94",NA,Rayagada,NA,Rayagada,'RAMANAGUDA',RAYAGADA,,,RAYAGADA,RAYAGADA
322,"Construction of Protection wall and road from New Bus stand terminal Building to SUH Building, Ward No. 2",GUNUPUR,765022,Municipal Bodies||Gunupur Municipal Council,GUNUPUR,"Construction of Protection wall and road from New Bus stand terminal Building to SUH Building, Ward No. 2","8,68,030",Civil Works - Others,,GUN-MUN-57/2022-23,2022_ORULB_75675_8,Open Tender,Works,Nil,Nil,"868,030",05-Nov-2022,"INR 868,030",NA,NA,Rayagada,Rayagada,,,,,RAYAGADA,RAYAGADA
351,"Construction of road and drain at back side of old post office street., Ward No. 5",GUNUPUR,765022,Municipal Bodies||Gunupur Municipal Council,GUNUPUR,"Construction of road and drain at back side of old post office street., Ward No. 5","6,58,307",Civil Works - Others,,GUN-MUN-57/2022-23,2022_ORULB_75675_14,Open Tender,Works,Nil,Nil,"658,307",05-Nov-2022,"INR 658,307",NA,NA,Rayagada,Rayagada,,,,,RAYAGADA,RAYAGADA
352,"Construction of road and drain at Manikantha Nagar, ward No. 16",GUNUPUR,765022,Municipal Bodies||Gunupur Municipal Council,GUNUPUR,"Construction of road and drain at Manikantha Nagar, ward No. 16","19,93,916",Civil Works - Others,,GUN-MUN-57/2022-23,2022_ORULB_75675_48,Open Tender,Works,Nil,Nil,"1,993,916",05-Nov-2022,"INR 1,993,916",NA,NA,Rayagada,Rayagada,,,,,RAYAGADA,RAYAGADA
363,"Construction of road and drain in Krishna Nagar Lane 5, Ward No. 3",GUNUPUR,765022,Municipal Bodies||Gunupur Municipal Council,GUNUPUR,"Construction of road and drain in Krishna Nagar Lane 5, Ward No. 3","19,93,467",Civil Works - Others,,GUN-MUN-57/2022-23,2022_ORULB_75675_11,Open Tender,Works,Nil,Nil,"1,993,467",16-Oct-2022,"INR 1,993,467",NA,NA,Rayagada,Rayagada,,,,,RAYAGADA,RAYAGADA
364,"Construction of road and drain in Panda Street, Ward No. 9",GUNUPUR,765022,Municipal Bodies||Gunupur Municipal Council,GUNUPUR,"Construction of road and drain in Panda Street, Ward No. 9","8,24,170",Civil Works - Others,,GUN-MUN-57/2022-23,2022_ORULB_75675_25,Open Tender,Works,Nil,Nil,"824,170",24-Oct-2022,"INR 824,170",NA,NA,Rayagada,Rayagada,,,,,RAYAGADA,RAYAGADA
365,"Construction of road and drain in Santi Nagar Lane 3 and 4, Ward No. 18",GUNUPUR,765022,Municipal Bodies||Gunupur Municipal Council,GUNUPUR,"Construction of road and drain in Santi Nagar Lane 3 and 4, Ward No. 18","9,27,825",Civil Works - Others,,GUN-MUN-57/2022-23,2022_ORULB_75675_37,Open Tender,Works,Nil,Nil,"927,825",05-Nov-2022,"INR 927,825",NA,NA,Rayagada,Rayagada,,,,,RAYAGADA,RAYAGADA
371,Construction of Sanakumudabali Check Dam (RG 080122) in Muniguda Block of Rayagada District under MATY 2022-23,Muniguda,765020,"CE,Minor Irrigation,BBSR||SE,KBK Minor Irr.CircleII,Jeypore||EE M.I. Division Rayagada","O/o E.E, M.I Division, Rayagada",Construction of Sanakumudabali Check Dam (RG 080122) in Muniguda Block of Rayagada District under MATY 2022-23,"46,77,271",Civil Works - Others,,09/MID RGD/2022-23,2022_CEMIB_82479_1,National Competitive Bid,Works,Nil,Nil,"3,976,147.69",30-Nov-2022,"INR 3,976,147.69",NA,Rayagada,Rayagada,Rayagada,'MUNIGUDA',RAYAGADA,,MUNIGUDA,RAYAGADA,RAYAGADA
494,Flood protection to left bank of river Nagavali near village J.K.Pur.,Rayagada,765001,"CE-BM,RVN Basin,Berhampur||SE Southern Irr Circle II Paralakhemundi||Rayagada Irrigation Division","SE, Rayagada Irrigation Division",Flood protection to left bank of river Nagavali near village J.K.Pur.,"39,78,906",Civil Works - Others,,SE-RID-01 / 2022-23,2022_CEBMB_84327_4,Open Tender,Works,Nil,Nil,"3,382,468",22-Feb-2023,"INR 3,382,468",NA,NA,Rayagada,Rayagada,,,,,RAYAGADA,RAYAGADA
495,Flood protection to right bank of river Nagavali near village J.K.Pur.,Rayagada,765001,"CE-BM,RVN Basin,Berhampur||SE Southern Irr Circle II Paralakhemundi||Rayagada Irrigation Division","SE, Rayagada Irrigation Division",Flood protection to right bank of river Nagavali near village J.K.Pur.,"38,02,973",Civil Works - Others,,SE-RID-01 / 2022-23,2022_CEBMB_84327_3,Open Tender,Works,Nil,Nil,"3,232,907",22-Feb-2023,"INR 3,232,907",NA,NA,Rayagada,Rayagada,,,,,RAYAGADA,RAYAGADA
498,Flood protection work to right flood bank of River Nagavali near village Pratappur.,Rayagada,765001,"CE-BM,RVN Basin,Berhampur||SE Southern Irr Circle II Paralakhemundi||Rayagada Irrigation Division","SE, Rayagada Irrigation Division",Flood protection work to right flood bank of River Nagavali near village Pratappur.,"41,51,927",Civil Works - Others,,SE-RID-01 / 2022-23,2022_CEBMB_84327_2,Open Tender,Works,Nil,Nil,"3,529,553",22-Feb-2023,"INR 3,529,553",NA,NA,Rayagada,Rayagada,'PRATAPPUR',RAYAGADA,,,RAYAGADA,RAYAGADA
499,Flood Protection work to right flood bank of River Nagavali near village San Raisingi.,Rayagada,765001,"CE-BM,RVN Basin,Berhampur||SE Southern Irr Circle II Paralakhemundi||Rayagada Irrigation Division","SE, Rayagada Irrigation Division, Rayagada",Flood Protection work to right flood bank of River Nagavali near village San Raisingi.,"38,13,131",Civil Works - Others,,SE-RID-01 / 2022-23,2022_CEBMB_84327_1,Open Tender,Works,Nil,Nil,"3,241,543",22-Feb-2023,"INR 3,241,543",NA,NA,Rayagada,Rayagada,,,,,RAYAGADA,RAYAGADA
502,"Improvement of Drain and Cover Slab in Jangam Sahi, Ward No. 8",GUNUPUR,765022,Municipal Bodies||Gunupur Municipal Council,GUNUPUR,"Improvement of Drain and Cover Slab in Jangam Sahi, Ward No. 8","5,96,850",Civil Works - Others,,GUN-MUN-57/2022-23,2022_ORULB_75675_24,Open Tender,Works,Nil,Nil,"596,850",24-Oct-2022,"INR 596,850",NA,NA,Rayagada,Rayagada,,,,,RAYAGADA,RAYAGADA
503,"Improvement of drain at Katika Street, Ward No. 12",GUNUPUR,765022,Municipal Bodies||Gunupur Municipal Council,GUNUPUR,"Improvement of drain at Katika Street, Ward No. 12","15,26,520",Civil Works - Others,,GUN-MUN-57/2022-23,2022_ORULB_75675_30,Open Tender,Works,Nil,Nil,"1,524,963",24-Oct-2022,"INR 1,524,963",NA,NA,Rayagada,Rayagada,,,,,RAYAGADA,RAYAGADA
510,"Improvement of road and drain at back side of old SBI Street, Ward No. 6",GUNUPUR,765022,Municipal Bodies||Gunupur Municipal Council,GUNUPUR,"Improvement of road and drain at back side of old SBI Street, Ward No. 6","7,92,735",Civil Works - Others,,GUN-MUN-57/2022-23,2022_ORULB_75675_18,Open Tender,Works,Nil,Nil,"792,735",05-Nov-2022,"INR 792,735",NA,NA,Rayagada,Rayagada,,,,,RAYAGADA,RAYAGADA
511,"Improvement of road and drain at Katturu Village, Ward No. 17",GUNUPUR,765022,Municipal Bodies||Gunupur Municipal Council,GUNUPUR,"Improvement of road and drain at Katturu Village, Ward No. 17","18,34,810",Civil Works - Others,,GUN-MUN-57/2022-23,2022_ORULB_75675_33,Open Tender,Works,Nil,Nil,"1,833,307",24-Oct-2022,"INR 1,833,307",NA,NA,Rayagada,Rayagada,,,,,RAYAGADA,RAYAGADA
512,Improvement of road and drain at Maratiguda (Khandia Sahi) Ward No. 18,GUNUPUR,765022,Municipal Bodies||Gunupur Municipal Council,GUNUPUR,Improvement of road and drain at Maratiguda(Khandia Sahi) Ward No. 18,"13,80,288",Civil Works - Others,,GUN-MUN-57/2022-23,2022_ORULB_75675_40,Open Tender,Works,Nil,Nil,"1,380,288",05-Nov-2022,"INR 1,380,288",NA,NA,Rayagada,Rayagada,'MARATIGUDA',GUDARI,,,RAYAGADA,RAYAGADA
513,"Improvement of road and drain at Maratiguda(Gula Sahi), Ward No. 18",GUNUPUR,765022,Municipal Bodies||Gunupur Municipal Council,GUNUPUR,"Improvement of road and drain at Maratiguda(Gula Sahi), Ward No. 18","11,94,865",Civil Works - Others,,GUN-MUN-57/2022-23,2022_ORULB_75675_39,Open Tender,Works,Nil,Nil,"1,194,865",05-Nov-2022,"INR 1,194,865",NA,NA,Rayagada,Rayagada,'MARATIGUDA',GUDARI,,,RAYAGADA,RAYAGADA
514,"Improvement of road and drain at Maratiguda(Majhi Sahi), Ward No. 18",GUNUPUR,765022,Municipal Bodies||Gunupur Municipal Council,GUNUPUR,"Improvement of road and drain at Maratiguda(Majhi Sahi), Ward No. 18","13,61,216",Civil Works - Others,,GUN-MUN-57/2022-23,2022_ORULB_75675_38,Open Tender,Works,Nil,Nil,"1,361,216",05-Nov-2022,"INR 1,361,216",NA,NA,Rayagada,Rayagada,'MARATIGUDA',GUDARI,,,RAYAGADA,RAYAGADA
518,"Improvement of road and drain in Adarsh Nagar Lane 4, Ward No. 2",GUNUPUR,765022,Municipal Bodies||Gunupur Municipal Council,GUNUPUR,"Improvement of road and drain in Adarsh Nagar Lane 4, Ward No. 2","19,99,174",Civil Works - Others,,GUN-MUN-57/2022-23,2022_ORULB_75675_6,Open Tender,Works,Nil,Nil,"1,999,174",05-Nov-2022,"INR 1,999,174",NA,NA,Rayagada,Rayagada,,,,,RAYAGADA,RAYAGADA
519,"Improvement of road and drain in Bauri sahi, Ward No. 13",GUNUPUR,765022,Municipal Bodies||Gunupur Municipal Council,GUNUPUR,"Improvement of road and drain in Bauri sahi, Ward No. 13","12,31,088",Civil Works - Others,,GUN-MUN-57/2022-23,2022_ORULB_75675_31,Open Tender,Works,Nil,Nil,"1,229,555",24-Oct-2022,"INR 1,229,555",NA,NA,Rayagada,Rayagada,,,,,RAYAGADA,RAYAGADA
520,"Improvement of road and drain in Kapilpur, Ward No. 2",GUNUPUR,765022,Municipal Bodies||Gunupur Municipal Council,GUNUPUR,"Improvement of road and drain in Kapilpur, Ward No. 2","7,52,748",Civil Works - Others,,GUN-MUN-57/2022-23,2022_ORULB_75675_7,Open Tender,Works,Nil,Nil,"752,748",23-Oct-2022,"INR 752,748",NA,NA,Rayagada,Rayagada,,,,,RAYAGADA,RAYAGADA
521,"Improvement of road and drain in Khandia relli sahi, Ward No. 6",GUNUPUR,765022,Municipal Bodies||Gunupur Municipal Council,GUNUPUR,"Improvement of road and drain in Khandia relli sahi, Ward No. 6","2,88,902",Civil Works - Others,,GUN-MUN-57/2022-23,2022_ORULB_75675_16,Open Tender,Works,Nil,Nil,"288,902",05-Nov-2022,"INR 288,902",NA,NA,Rayagada,Rayagada,,,,,RAYAGADA,RAYAGADA
522,"Improvement of road and drain in Paika Sahi, Ward No. 11",GUNUPUR,765022,Municipal Bodies||Gunupur Municipal Council,GUNUPUR,"Improvement of road and drain in Paika Sahi, Ward No. 11","15,30,056",Civil Works - Others,,GUN-MUN-57/2022-23,2022_ORULB_75675_29,Open Tender,Works,Nil,Nil,"1,299,426",17-Oct-2022,"INR 1,299,426",NA,NA,Rayagada,Rayagada,'PAIKA',MUNIGUDA,,,RAYAGADA,RAYAGADA
523,"Improvement of road and drain in Phula Bagicha Sahi, Ward No. 4",GUNUPUR,765022,Municipal Bodies||Gunupur Municipal Council,GUNUPUR,"Improvement of road and drain in Phula Bagicha Sahi, Ward No. 4","4,07,250",Civil Works - Others,,GUN-MUN-57/2022-23,2022_ORULB_75675_12,Open Tender,Works,Nil,Nil,"407,250",23-Oct-2022,"INR 407,250",NA,NA,Rayagada,Rayagada,,,,,RAYAGADA,RAYAGADA
524,"Improvement of road and drain in Rameswar Nagar, Ward No. 19",GUNUPUR,765022,Municipal Bodies||Gunupur Municipal Council,GUNUPUR,"Improvement of road and drain in Rameswar Nagar, Ward No. 19","16,96,250",Civil Works - Others,,GUN-MUN-57/2022-23,2022_ORULB_75675_43,Open Tender,Works,Nil,Nil,"1,696,250",05-Nov-2022,"INR 1,696,250",NA,NA,Rayagada,Rayagada,,,,,RAYAGADA,RAYAGADA
850,Rennovation to Distribution System of Siltiguda MIP in Rayagada block of Rayagada District under the Scheme Canal Lining and System Rehabilitation Programme (CLSRP) for the year 2022-23,Rayagada,765001,"CE,Minor Irrigation,BBSR||SE,KBK Minor Irr.CircleII,Jeypore||EE M.I. Division Rayagada","O/o E.E, M.I Division, Rayagada",Rennovation to Distribution System of Siltiguda MIP in Rayagada block of Rayagada District under the Scheme Canal Lining and System Rehabilitation Programme (CLSRP) for the year 2022-23,"87,72,070",Civil Works - Others,,01/MID RGD/2022-23,2022_CEMIB_77507_1,National Competitive Bid,Works,Nil,Nil,"7,457,136.97",16-Jun-2022,"INR 7,457,136.97",NA,Rayagada,Rayagada,Rayagada,,RAYAGADA,,,RAYAGADA,RAYAGADA
895,Repair Renovation and Restoration (RRR) of Dombosara MIP water body in Gunupur block of Rayagada District under PMKSY HKKP for 2022-23,Gunupur,765022,"CE,Minor Irrigation,BBSR||SE,KBK Minor Irr.CircleII,Jeypore||EE M.I. Division Rayagada","O/o E.E, M.I Division, Rayagada",Repair Renovation and Restoration (RRR) of Dombosara MIP water body in Gunupur block of Rayagada District under PMKSY HKKP for 2022-23,"41,08,198",Civil Works - Others,,02/MID RGD/2022-23,2022_CEMIB_77681_1,National Competitive Bid,Works,Nil,Nil,"3,492,378.92",02-Jul-2022,"INR 3,492,378.92",NA,Rayagada,Rayagada,Rayagada,,RAYAGADA,,,RAYAGADA,RAYAGADA
903,"Repair, Renovation and Restoration (RRR) of Debrisingi MIP (water body) in Padmapur block of Rayagada District under PMKSY-HKKP for 2022-23",Padmapur,765025,"CE,Minor Irrigation,BBSR||SE,KBK Minor Irr.CircleII,Jeypore||EE M.I. Division Rayagada","O/o E.E, M.I Division, Rayagada","Repair, Renovation and Restoration (RRR) of Debrisingi MIP (water body) in Padmapur block of Rayagada District under PMKSY-HKKP for 2022-23","33,88,022",Civil Works - Others,,02/MID RGD/2022-23,2022_CEMIB_77682_1,National Competitive Bid,Works,Nil,Nil,"2,880,157.78",02-Jul-2022,"INR 2,880,157.78",NA,Rayagada,NA,Rayagada,'PADMAPUR',RAYAGADA,,PADMAPUR,RAYAGADA,RAYAGADA
904,"Repair, Renovation and Restoration (RRR) of Dhepaguda MIP (water body) in Gudari block of Rayagada District under PMKSY-HKKP for 2022-23",Gudari,765026,"CE,Minor Irrigation,BBSR||SE,KBK Minor Irr.CircleII,Jeypore||EE M.I. Division Rayagada","O/o E.E, M.I Division, Rayagada","Repair, Renovation and Restoration (RRR) of Dhepaguda MIP (water body) in Gudari block of Rayagada District under PMKSY-HKKP for 2022-23","22,86,684",Civil Works - Others,,15/MID RGD/2022-23,2022_CEMIB_84346_1,National Competitive Bid,Works,Nil,Nil,"1,943,910",17-Mar-2023,"INR 1,943,910",NA,Rayagada,Rayagada,Rayagada,'DHEPAGUDA',RAYAGADA,,,RAYAGADA,RAYAGADA
905,"Repair, Renovation and Restoration (RRR) of Gudiabandha MIP (water body) in Padmapur block of Rayagada District under PMKSY-HKKP for 2022-23",Padmapur,765025,"CE,Minor Irrigation,BBSR||SE,KBK Minor Irr.CircleII,Jeypore||EE M.I. Division Rayagada","O/o E.E, M.I Division, Rayagada","Repair, Renovation and Restoration (RRR) of Gudiabandha MIP (water body) in Padmapur block of Rayagada District under PMKSY-HKKP for 2022-23","30,12,677",Civil Works - Others,,15/MID RGD/2022-23,2022_CEMIB_84352_1,National Competitive Bid,Works,Nil,Nil,"2,561,077",17-Mar-2023,"INR 2,561,077",NA,Rayagada,NA,Rayagada,'PADMAPUR',RAYAGADA,,PADMAPUR,RAYAGADA,RAYAGADA
906,"Repair, Renovation and Restoration (RRR) of Indupur MIP (water body) in Padmapur block of Rayagada District under PMKSY-HKKP for 2022-23",Padmapur,765025,"CE,Minor Irrigation,BBSR||SE,KBK Minor Irr.CircleII,Jeypore||EE M.I. Division Rayagada","O/o E.E, M.I Division, Rayagada","Repair, Renovation and Restoration (RRR) of Indupur MIP (water body) in Padmapur block of Rayagada District under PMKSY-HKKP for 2022-23","37,82,370",Civil Works - Others,,15/MID RGD/2022-23,2022_CEMIB_84353_1,National Competitive Bid,Works,Nil,Nil,"3,215,393",17-Mar-2023,"INR 3,215,393",NA,Rayagada,NA,Rayagada,"'PADMAPUR', 'INDUPUR'",RAYAGADA,,PADMAPUR,RAYAGADA,RAYAGADA
909,"Repair, Renovation and Restoration (RRR) of Padmapur MIP (water body) in Padmapur block of Rayagada District under PMKSY-HKKP for 2022-23",Padmapur,765025,"CE,Minor Irrigation,BBSR||SE,KBK Minor Irr.CircleII,Jeypore||EE M.I. Division Rayagada","O/o E.E, M.I Division, Rayagada","Repair, Renovation and Restoration (RRR) of Padmapur MIP (water body) in Padmapur block of Rayagada District under PMKSY-HKKP for 2022-23","29,81,475",Civil Works - Others,,15/MID RGD/2022-23,2022_CEMIB_84354_1,National Competitive Bid,Works,Nil,Nil,"2,534,552",17-Mar-2023,"INR 2,534,552",NA,Rayagada,NA,Rayagada,'PADMAPUR',RAYAGADA,,PADMAPUR,RAYAGADA,RAYAGADA
910,"Repair, Renovation and Restoration (RRR) of Parikhiti MIP (water body) in Ramanaguda block of Rayagada District under PMKSY-HKKP for 2022-23",Ramanaguda,765029,"CE,Minor Irrigation,BBSR||SE,KBK Minor Irr.CircleII,Jeypore||EE M.I. Division Rayagada","O/o E.E, M.I Division, Rayagada","Repair, Renovation and Restoration (RRR) of Parikhiti MIP (water body) in Ramanaguda block of Rayagada District under PMKSY-HKKP for 2022-23","39,88,878",Civil Works - Others,,02/MID RGD/2022-23,2022_CEMIB_77684_1,National Competitive Bid,Works,Nil,Nil,"3,390,945.21",02-Jul-2022,"INR 3,390,945.21",NA,Rayagada,NA,Rayagada,'RAMANAGUDA',RAYAGADA,,PARIKHITI,RAYAGADA,RAYAGADA
911,"Repair, Renovation and Restoration (RRR) of Rajabandha MIP (water body) in Padmapur block of Rayagada District under PMKSY-HKKP for 2022-23",Padmapur,765025,"CE,Minor Irrigation,BBSR||SE,KBK Minor Irr.CircleII,Jeypore||EE M.I. Division Rayagada","O/o E.E, M.I Division, Rayagada","Repair, Renovation and Restoration (RRR) of Rajabandha MIP (water body) in Padmapur block of Rayagada District under PMKSY-HKKP for 2022-23","31,47,999",Civil Works - Others,,02/MID RGD/2022-23,2022_CEMIB_77683_1,National Competitive Bid,Works,Nil,Nil,"2,676,113.64",02-Jul-2022,"INR 2,676,113.64",NA,Rayagada,NA,Rayagada,'PADMAPUR',RAYAGADA,,PADMAPUR,RAYAGADA,RAYAGADA
912,"Repair, Renovation and Restoration (RRR) of Ramanaguda MIP (water body) in Ramanaguda block of Rayagada District under PMKSY-HKKP for 2022-23",Ramanaguda,765029,"CE,Minor Irrigation,BBSR||SE,KBK Minor Irr.CircleII,Jeypore||EE M.I. Division Rayagada","O/o E.E, M.I Division, Rayagada","Repair, Renovation and Restoration (RRR) of Ramanaguda MIP (water body) in Ramanaguda block of Rayagada District under PMKSY-HKKP for 2022-23","35,97,020",Civil Works - Others,,02/MID RGD/2022-23,2022_CEMIB_77685_1,National Competitive Bid,Works,Nil,Nil,"3,057,826.87",02-Jul-2022,"INR 3,057,826.87",NA,Rayagada,NA,Rayagada,'RAMANAGUDA',RAYAGADA,,,RAYAGADA,RAYAGADA
913,"Repair, Renovation and Restoration (RRR) of Silimi MIP (water body) in Gudari block of Rayagada District under PMKSY-HKKP for 2022-23",Gudari,765026,"CE,Minor Irrigation,BBSR||SE,KBK Minor Irr.CircleII,Jeypore||EE M.I. Division Rayagada","O/o E.E, M.I Division, Rayagada","Repair, Renovation and Restoration (RRR) of Silimi MIP (water body) in Gudari block of Rayagada District under PMKSY-HKKP for 2022-23","22,31,064",Civil Works - Others,,15/MID RGD/2022-23,2022_CEMIB_84349_1,National Competitive Bid,Works,Nil,Nil,"1,896,628",17-Mar-2023,"INR 1,896,628",NA,Rayagada,Rayagada,Rayagada,'SILIMI',RAYAGADA,,,RAYAGADA,RAYAGADA
914,"Repair, Renovation and Restoration (RRR) of Siriguda MIP (water body) in Gudari block of Rayagada District under PMKSY-HKKP for 2022-23",Gudari,765026,"CE,Minor Irrigation,BBSR||SE,KBK Minor Irr.CircleII,Jeypore||EE M.I. Division Rayagada","O/o E.E, M.I Division, Rayagada","Repair, Renovation and Restoration (RRR) of Siriguda MIP (water body) in Gudari block of Rayagada District under PMKSY-HKKP for 2022-23","49,34,686",Civil Works - Roads,,15/MID RGD/2022-23,2022_CEMIB_84351_1,National Competitive Bid,Works,Nil,Nil,"4,194,977",17-Mar-2023,"INR 4,194,977",NA,Rayagada,Rayagada,Rayagada,'SIRIGUDA',RAYAGADA,,SIRIGUDA,RAYAGADA,RAYAGADA
1007,"Retrofitting for 40 LPCD PWS to Village Bankili of Bankili GP, Sarbapitesu of Dunduli GP, Dumuriguda of Dumuriguda GP, Hatikhamba of Mukundapur GP, Deopur of Khedapada GP, and Paikapada of Keliguda GP under Kolnara Block of Rayagada District.",Kolnara,765017,Rural Water Supply and Sanitation||RWSS Circle Koraput||RWSS Division Rayagada,"RWSS Division,Rayagada","Retrofitting for 40 LPCD PWS to Village Bankili of Bankili GP, Sarbapitesu of Dunduli GP, Dumuriguda of Dumuriguda GP, Hatikhamba of Mukundapur GP, Deopur of Khedapada GP, and Paikapada of Keliguda GP under Kolnara Block of Rayagada District.","3,90,74,602",Civil Works - Water Works,,05/RWSS/RGD/2021-22,2021_RWSS_72563_2,Open Tender,Works,Nil,Nil,"35,171,048.77",05-May-2022,"INR 39,074,601.45",NA,Rayagada,NA,Rayagada,"'MUKUNDAPUR', 'HATIKHAMBA', 'KOLNARA', 'BANKILI', 'KELIGUDA', 'DEOPUR', 'KHEDAPADA', 'DUMURIGUDA'",KOLNARA,,KOLNARA,KOLNARA,KOLNARA
1014,Retrofitting of 40 LPCD Rural Piped Water Supply to 2 nos. of villages Therubali of Therubali GP and Elengalpadu of Therubali GP under Kolnara Block in Rayagada District.,Kolnara,765017,Rural Water Supply and Sanitation||RWSS Circle Koraput||RWSS Division Rayagada,"RWSS Division,Rayagada",Retrofitting of 40 LPCD Rural Piped Water Supply to 2 nos. of villages Therubali of Therubali GP and Elengalpadu of Therubali GP under Kolnara Block in Rayagada District.,"3,79,11,936",Civil Works - Water Works,,07/RWSS/RGD/2021-22,2021_RWSS_73778_1,Open Tender,Works,Nil,Nil,"34,124,533.27",07-Apr-2022,"INR 37,911,935.64",NA,Rayagada,NA,Rayagada,"'KOLNARA', 'THERUBALI'",KOLNARA,,KOLNARA,KOLNARA,KOLNARA
1015,"Retrofitting of 40 LPCD Rural Piped Water Supply to 3 nos. of villages Kumtalpeta of Kumtalpeta GP under Rayagada Block, Gujalpadu of Dumuriguda GP and Dunduli of Dunduli GP under Kolnara Block in Rayagada District",Kolnara,765017,Rural Water Supply and Sanitation||RWSS Circle Koraput||RWSS Division Rayagada,"RWSS Division,Rayagada","Retrofitting of 40 LPCD Rural Piped Water Supply to 3 nos. of villages Kumtalpeta of Kumtalpeta GP under Rayagada Block, Gujalpadu of Dumuriguda GP and Dunduli of Dunduli GP under Kolnara Block in Rayagada District.","3,86,41,593",Civil Works - Water Works,,07/RWSS/RGD/2021-22,2021_RWSS_73778_2,Open Tender,Works,Nil,Nil,"34,781,297.81",26-Apr-2022,"INR 38,641,592.94",NA,Rayagada,NA,Rayagada,"'KOLNARA', 'GUJALPADU', 'DUMURIGUDA'",KOLNARA,,KOLNARA,KOLNARA,KOLNARA
1016,Retrofitting of 40 LPCD Rural Piped Water Supply to 5 nos. of villages Khambesi of Kurli GP Kurli of Kurli GP Duaragadi of Daliakuji GP Khajuri of Kurli GP under Bissamcuttack Block and Bondri of Chandrapur GP under Chandrapur Block in Rayagada Dist,CHANDRAPUR,765020,Rural Water Supply and Sanitation||RWSS Circle Koraput||RWSS Division Rayagada,RWSS DIVISION RAYAGADA,Retrofitting of 40 LPCD Rural Piped Water Supply to 5 nos. of villages Khambesi of Kurli GP Kurli of Kurli GP Duaragadi of Daliakuji GP Khajuri of Kurli GP under Bissamcuttack Block and Bondri of Chandrapur GP under Chandrapur Block in Rayagada Dist,"3,88,95,481",Civil Works - Water Works,,11/RWSS/RGD/2021-22,2022_RWSS_75702_1,Open Tender,Works,Nil,Nil,"42,396,074",21-Apr-2022,"INR 38,895,481.16",NA,Rayagada,Rayagada,Rayagada,"'KHAJURI', 'KURLI', 'CHANDRAPUR', 'KHAMBESI'",BISSAMCUTTACK,,KURLI,BISSAMCUTTACK,BISSAMCUTTACK
1017,Retrofitting of 40 LPCD Spring Based Water Supply to village Sagadi of Kurli GP under Bissamcuttack Block in Rayagada District.,SAGADI,765022,Rural Water Supply and Sanitation||RWSS Circle Koraput||RWSS Division Rayagada,RWSS DIVISION RAYAGADA,Retrofitting of 40 LPCD Spring Based Water Supply to village Sagadi of Kurli GP under Bissamcuttack Block in Rayagada District.,"7,66,717",Civil Works - Water Works,,11/RWSS/RGD/2021-22,2022_RWSS_75710_1,Open Tender,Works,Nil,Nil,"789,718.58",12-May-2022,"INR 766,717.07",NA,Rayagada,NA,Rayagada,"'SAGADI', 'KURLI'",BISSAMCUTTACK,,KURLI,BISSAMCUTTACK,BISSAMCUTTACK
20,Coastal Protection measures to control Erosion and saline intrusion to North at village Ramayapatna.,Sonapur,761009,"CE-BM,RVN Basin,Berhampur","O/o CE and BM, RBVN Basin, Berhampur",Coastal Protection measures to control Erosion and saline intrusion to North at village Ramayapatna.,"19,95,85,385",Civil Works - Others,,"CE and BM, RBVN -03/2022-23",2022_CEBMB_79977_1,National Competitive Bid,Works,Nil,Nil,"179,628,843",02-Feb-2023,"INR 179,628,843",NA,NA,Sonepur,Sonepur,,,,,BISSAMCUTTACK,BISSAMCUTTACK
140,Construction of Box Cell Bridge on Tarava-Kamsara road at 26/400 Km in the District of Subarnapur.,Sonepur,767017,EIC-CIVIL||SERNB-CIRCLE-BOLANGIR,"O/o CCE, Balangir (R and B) Circle, Balangir",Culvert work,"3,61,45,349",Civil Works - Bridges,,CCE (R and B) BGR-10-2021-22,2022_EICCL_75957_17,National Competitive Bid,Works,Nil,Nil,"30,727,161",15-Jul-2022,"INR 30,727,161",NA,NA,Sonepur,Sonepur,,,,KAMSARA,BISSAMCUTTACK,BISSAMCUTTACK
142,Construction of Box cell Culvert at CH. 3/550 km on Cherupali-Agalpur Road in the District of Subarnapur.,Sonepur,767017,EIC-CIVIL||SERNB-CIRCLE-BOLANGIR,"O/o CCE, Balangir (R and B) Circle, Balangir",Culvert Work,"2,00,09,707",Civil Works - Bridges,,CCE (R and B) BGR-11-2021-22,2022_EICCL_75970_2,National Competitive Bid,Works,Nil,Nil,"17,010,252",20-May-2022,"INR 17,010,252",NA,NA,Sonepur,Sonepur,,,,CHERUPALI,BISSAMCUTTACK,BISSAMCUTTACK
214,Construction of drain at malipada and Dhibarpada Ward No.12 in Sonepur Municipality,SONEPUR MUNICIPALITY,767017,Municipal Bodies||Sonepur Municipal Council,SONEPUR MUNICIPALITY,Construction of drain at malipada and Dhibarpada Ward No.12 in Sonepur Municipality,"9,73,303",Civil Works - Others,,SNP-MUN-11/2021-22,2022_ORULB_76556_4,Open Tender,Works,Nil,Nil,"827,404.56",02-Jun-2022,"INR 973,302.62",NA,Sonepur,Sonepur,Sonepur,,SONEPUR,,,SONEPUR,SONEPUR
225,Construction of Drain from Mahatma Gandhi School towards Bisagar bandha Ward No.11 in Sonepur Municipality,SONEPUR MUNICIPALITY,767017,Municipal Bodies||Sonepur Municipal Council,SONEPUR MUNICIPALITY,Construction of Drain from Mahatma Gandhi School towards Bisagar bandha Ward No.11 in Sonepur Municipality,"2,65,256",Civil Works - Others,,SNP-MUN-11/2021-22,2022_ORULB_76556_9,Open Tender,Works,Nil,Nil,"225,494.54",06-Jun-2022,"INR 265,256.49",NA,Sonepur,Sonepur,Sonepur,,SONEPUR,,,SONEPUR,SONEPUR
226,Construction of Drain from Masjid Chowk to Kasturi Hotel Chowk Ward No.9 in Sonepur Municipality,SONEPUR MUNICIPALITY,767017,Municipal Bodies||Sonepur Municipal Council,SONEPUR MUNICIPALITY,Construction of Drain from Masjid Chowk to Kasturi Hotel Chowk Ward No.9 in Sonepur Municipality,"10,06,195",Civil Works - Roads,,SNP-MUN-10/2021-22,2022_ORULB_75480_6,Open Tender,Works,Nil,Nil,"855,366.39",12-Apr-2022,"INR 1,006,195.02",NA,Sonepur,Sonepur,Sonepur,,SONEPUR,,,SONEPUR,SONEPUR
230,Construction of drain from Rabi Karmakar house to Govind Agrawal house Ward No.7 in Sonepur Municipality,SONEPUR MUNICIPALITY,767017,Municipal Bodies||Sonepur Municipal Council,SONEPUR MUNICIPALITY,Construction of drain from Rabi Karmakar house to Govind Agrawal house Ward No.7 in Sonepur Municipality,"67,201",Civil Works - Others,,SNP-MUN-11/2021-22,2022_ORULB_76556_6,Open Tender,Works,Nil,Nil,"63,847.89",09-Jun-2022,"INR 67,201.23",NA,Sonepur,Sonepur,Sonepur,,SONEPUR,,,SONEPUR,SONEPUR
231,Construction of drain from Rajesh Meher house towards RD Ward No.10 in Sonepur Municipality,SONEPUR MUNICIPALITY,767017,Municipal Bodies||Sonepur Municipal Council,SONEPUR MUNICIPALITY,Construction of drain from Rajesh Meher house towards RD Ward No.10 in Sonepur Municipality,"17,68,223",Civil Works - Roads,,SNP-MUN-09/2021-22,2021_ORULB_74733_10,Open Tender,Works,Nil,Nil,"1,503,166.51",08-Apr-2022,"INR 1,768,223.17",NA,Sonepur,Sonepur,Sonepur,,SONEPUR,,,SONEPUR,SONEPUR
237,Construction of drain from Sankar Kumbhar to Khirasindhu Kumbhar of Harijanapada Ward No.12 Sonepur Municipality,SONEPUR MUNICIPALITY,767017,Municipal Bodies||Sonepur Municipal Council,SONEPUR MUNICIPALITY,Construction of drain from Sankar Kumbhar to Khirasindhu Kumbhar of Harijanapada Ward No.12 Sonepur Municipality,"3,07,965",Civil Works - Roads,,SNP-MUN-09/2021-22,2021_ORULB_74733_16,Open Tender,Works,Nil,Nil,"301,805.67",08-Apr-2022,"INR 307,964.97",NA,Sonepur,Sonepur,Sonepur,,SONEPUR,,,SONEPUR,SONEPUR
247,Construction of F.P.E on Nibrutijore right from Antarda to Tarava from RD 00 m to RD 2000 m,Sonepur,767017,"CE-BM, Tel Basin,Bhawanipatna||SE Balangir Irr Circle Balangir","O-o the Addl Chief Engineer, Balangir Irr Circle,",Flood Protection Embankment work,"2,63,63,411",Civil Works - Others,,"SE,BOIC-02/2022-23",2022_CEBMT_81717_1,Open Tender,Works,Nil,Nil,"22,411,535.84",21-Nov-2022,"INR 26,363,411.18",NA,NA,Sonepur,Sonepur,'ANTARDA',BINIKA,,,SONEPUR,SONEPUR
248,Construction of F.P.E on Tel left from RD 00 m to 540 m near village Budelmunda,Sonepur,767017,"CE-BM, Tel Basin,Bhawanipatna||SE Balangir Irr Circle Balangir","O-o the EE, Tel Irrigation Division, Sonepur, Odis",Flood Protection Embankment work,"46,24,736",Civil Works - Others,,"EE,TID,SNP-05/2022-23",2022_CEBMT_81546_3,Open Tender,Works,Nil,Nil,"3,931,487.95",04-Nov-2022,"INR 4,624,735.86",NA,NA,Sonepur,Sonepur,'BUDELMUNDA',TARBHA,,,SONEPUR,SONEPUR
250,Construction of Flood Protection Embankment on Mahanadi left near village Khambeswaripali from RD 00 m to RD 270 m,Sonepur,767017,"CE-BM, Tel Basin,Bhawanipatna||SE Balangir Irr Circle Balangir","O-o the EE, Tel Irrigation Division, Sonepur, Odis",Flood Protection Embankment Work,"45,87,465",Civil Works - Others,,"EE,TID,SNP-05/2022-23",2022_CEBMT_81546_4,Open Tender,Works,Nil,Nil,"3,899,804.20",04-Nov-2022,"INR 4,587,465.24",NA,NA,Sonepur,Sonepur,,,,,SONEPUR,SONEPUR
252,Construction of four span of 8.0m X4.0m vent Boxcell Culvert at Ch. 10/625 Km on Khariarm Narayanpur Menda-Kumunde road in the district of Subarnapur.,Sonepur,767017,EIC-CIVIL||SERNB-CIRCLE-BOLANGIR,"O/o CCE, Balangir (R and B) Circle, Balangir",Culvert work,"2,15,96,519",Civil Works - Bridges,,CCE (R and B) BGR-10-2021-22,2022_EICCL_75957_20,National Competitive Bid,Works,Nil,Nil,"18,359,200",26-May-2022,"INR 18,359,200",NA,NA,Sonepur,Sonepur,'MENDA',TARBHA,,NARAYANPUR,SONEPUR,SONEPUR
253,Construction of FPE on Mahanadi left near village Apatnuagarh from RD 00 M to 275 M,Sonepur,767017,"CE-BM, Tel Basin,Bhawanipatna||SE Balangir Irr Circle Balangir","O-o the EE, Tel Irrigation Division, Sonepur, Odis",Flood Protection Embankment work,"46,86,812",Civil Works - Others,,"EE,TID,SNP-05/2022-23",2022_CEBMT_81546_2,Open Tender,Works,Nil,Nil,"3,984,258.88",04-Nov-2022,"INR 4,686,812",NA,NA,Sonepur,Sonepur,,,,,SONEPUR,SONEPUR
254,Construction of FPE on Mahanadi left near village Kapasira from RD 00 M to RD 270 M,Sonepur,767017,"CE-BM, Tel Basin,Bhawanipatna||SE Balangir Irr Circle Balangir","O-o the EE, Tel Irrigation Division, Sonepur, Odis",Flood protection Embankment work,"47,55,164",Civil Works - Others,,"EE,TID,SNP-05/2022-23",2022_CEBMT_81546_1,Open Tender,Works,Nil,Nil,"4,042,365.24",04-Nov-2022,"INR 4,755,164.38",NA,NA,Sonepur,Sonepur,'KAPASIRA',ULLUNDA,,KAPASIRA,SONEPUR,SONEPUR
314,"Construction of Paver Road and drain from Durga Mandap to Gudakhu Factory in W No.13, 14 in Sonepur Municipality",SONEPUR MUNICIPALITY,767017,Municipal Bodies||Sonepur Municipal Council,SONEPUR MUNICIPALITY,"Construction of Paver Road and drain from Durga Mandap to Gudakhu Factory in W No.13, 14 in Sonepur Municipality","11,55,525",Civil Works - Roads,,SNP-MUN-09/2021-22,2021_ORULB_74733_15,Open Tender,Works,Nil,Nil,"982,311.74",08-Apr-2022,"INR 1,155,524.93",NA,Sonepur,Sonepur,Sonepur,,SONEPUR,,,SONEPUR,SONEPUR
315,Construction of Paver road and drain from Kali Mandap to BalaKrishna Mohapatra Ward No.4 in Sonepur Municipality,SONEPUR MUNICIPALITY,767017,Municipal Bodies||Sonepur Municipal Council,SONEPUR MUNICIPALITY,Construction of Paver road and drain from Kali Mandap to BalaKrishna Mohapatra Ward No.4 in Sonepur Municipality,"14,31,859",Civil Works - Roads,,SNP-MUN-10/2021-22,2022_ORULB_75480_5,Open Tender,Works,Nil,Nil,"1,360,408.94",12-Apr-2022,"INR 1,431,858.69",NA,Sonepur,Sonepur,Sonepur,,SONEPUR,,,SONEPUR,SONEPUR
316,Construction of Paver road and drain from Laxman Naik house to community center in Ward No.5 Sonepur Municipality,SONEPUR MUNICIPALITY,767017,Municipal Bodies||Sonepur Municipal Council,SONEPUR MUNICIPALITY,Construction of Paver road and drain from Laxman Naik house to community center in Ward No.5 Sonepur Municipality,"2,68,143",Civil Works - Roads,,SNP-MUN-10/2021-22,2022_ORULB_75480_12,Open Tender,Works,Nil,Nil,"268,116.65",08-Apr-2022,"INR 268,143.47",NA,Sonepur,Sonepur,Sonepur,,SONEPUR,,,SONEPUR,SONEPUR
317,Construction of Paver Road of NuaMalipada and Construction of Drain in Ward No.2 in Sonepur Municipality,SONEPUR MUNICIPALITY,767017,Municipal Bodies||Sonepur Municipal Council,SONEPUR MUNICIPALITY,Construction of Paver Road of NuaMalipada and Construction of Drain in Ward No.2 in Sonepur Municipality,"10,74,337",Civil Works - Roads,,SNP-MUN-10/2021-22,2022_ORULB_75480_9,Open Tender,Works,Nil,Nil,"1,020,620.36",12-Apr-2022,"INR 1,074,337.22",NA,Sonepur,Sonepur,Sonepur,,SONEPUR,,,SONEPUR,SONEPUR
361,Construction of Road and drain from side of moon hotel to Sandhya Tandi house Ward No.12 in Sonepur Municipality,SONEPUR MUNICIPALITY,767017,Municipal Bodies||Sonepur Municipal Council,SONEPUR MUNICIPALITY,Construction of Road and drain from side of moon hotel to Sandhya Tandi house Ward No.12 in Sonepur Municipality,"1,76,806",Civil Works - Others,,SNP-MUN-11/2021-22,2022_ORULB_76556_8,Open Tender,Works,Nil,Nil,"166,197.91",06-Jun-2022,"INR 176,806.29",NA,Sonepur,Sonepur,Sonepur,,SONEPUR,,,SONEPUR,SONEPUR
367,Construction of Road and drain side of new town hall and smart park Ward No.12 in Sonepur Municipality,SONEPUR MUNICIPALITY,767017,Municipal Bodies||Sonepur Municipal Council,SONEPUR MUNICIPALITY,Construction of Road and drain side of new town hall and smart park Ward No.12 in Sonepur Municipality,"6,18,811",Civil Works - Others,,SNP-MUN-11/2021-22,2022_ORULB_76556_10,Open Tender,Works,Nil,Nil,"587,932.50",06-Jun-2022,"INR 618,811.18",NA,Sonepur,Sonepur,Sonepur,,SONEPUR,,,SONEPUR,SONEPUR
408,Development of Drain including cover plate at Hospital Chowk to Municipality Ward No.11 in Sonepur Municipality,SONEPUR MUNICIPALITY,767017,Municipal Bodies||Sonepur Municipal Council,SONEPUR MUNICIPALITY,Development of Drain including cover plate at Hospital Chowk to Municipality Ward No.11 in Sonepur Municipality,"3,83,716",Civil Works - Others,,SNP-MUN-11/2021-22,2022_ORULB_76556_5,Open Tender,Works,Nil,Nil,"326,196.86",03-Jun-2022,"INR 383,715.87",NA,Sonepur,Sonepur,Sonepur,,SONEPUR,,,SONEPUR,SONEPUR
500,Gap closing to F.P.E on Suktel right from Arakhpadar to Kankeda from RD 225 m to 640 m,Sonepur,767017,"CE-BM, Tel Basin,Bhawanipatna||SE Balangir Irr Circle Balangir","O-o the EE, Tel Irrigation Division, Sonepur, Odis",Flood Protection Embankment work,"43,61,874",Civil Works - Others,,"EE,TID,SNP-05/2022-23",2022_CEBMT_81546_5,Open Tender,Works,Nil,Nil,"3,708,028.79",04-Nov-2022,"INR 4,361,873.64",NA,NA,Sonepur,Sonepur,,,,,SONEPUR,SONEPUR
723,Installation of Recharge Shafts and Monitoring Station at 15 Locations under Sonepur block of Subarnapur and Loisinga block of Bolangir District,At Laltikra Po Rajendra college Bolangir,767002,Ground Water Survey and Investigation,Bolangir,Installation of Recharge Shafts and Monitoring Station at 15 Locations under Sonepur block of Subarnapur and Loisinga block of Bolangir District,"25,79,438",Civil Works - Others,,01/GWBLG/ARUA/2022-23,2022_GWSI_83007_1,Open Tender,Works,Nil,Nil,"2,579,438",16-Dec-2022,"INR 2,579,438",NA,Sonepur,NA,Sonepur,,SONEPUR,,,SONEPUR,SONEPUR
844,Raising of F.P.E from Tarbha P.W.D road to new bridge from RD 00 m to 137 m,Sonepur,767017,"CE-BM, Tel Basin,Bhawanipatna||SE Balangir Irr Circle Balangir","O-o the EE, Tel Irrigation Division, Sonepur, Odis",Flood Protection Embankment work,"28,09,317",Civil Works - Others,,"EE,TID,SNP-05/2022-23",2022_CEBMT_81546_6,Open Tender,Works,Nil,Nil,"2,388,199.98",04-Nov-2022,"INR 2,809,316.52",NA,Sonepur,Sonepur,Sonepur,,TARBHA,,,TARBHA,TARBHA
891,Repair of drain from Pattnaik Medical to Sanskrutik Mandap Chowk Ward No.9 in Sonepur Municipality,SONEPUR MUNICIPALITY,767017,Municipal Bodies||Sonepur Municipal Council,SONEPUR MUNICIPALITY,Repair of drain from Pattnaik Medical to Sanskrutik Mandap Chowk Ward No.9 in Sonepur Municipality,"2,59,292",Civil Works - Others,,SNP-MUN-09/2021-22,2021_ORULB_74733_8,Open Tender,Works,Nil,Nil,"246,353.01",08-Apr-2022,"INR 259,291.66",NA,Sonepur,Sonepur,Sonepur,,SONEPUR,,,SONEPUR,SONEPUR
894,Repair of road and drain from Madhab Das House to Rasananda House Ward No.9 in Sonepur Municipality,SONEPUR MUNICIPALITY,767017,Municipal Bodies||Sonepur Municipal Council,SONEPUR MUNICIPALITY,Repair of road and drain from Madhab Das House to Rasananda House Ward No.9 in Sonepur Municipality,"2,22,787",Civil Works - Roads,,SNP-MUN-10/2021-22,2022_ORULB_75480_7,Open Tender,Works,Nil,Nil,"211,669.60",12-Apr-2022,"INR 222,786.65",NA,Sonepur,Sonepur,Sonepur,,SONEPUR,,,SONEPUR,SONEPUR
1099,Stone pitching work to existing flood protection embankment near village Hikudi from RD 00 m to RD 155 m,Sonepur,767017,"CE-BM, Tel Basin,Bhawanipatna||SE Balangir Irr Circle Balangir","O-o the EE, Tel Irrigation Division, Sonepur, Odis",Flood Protection Embankment work,"8,88,308",Civil Works - Others,,"EE,TID,SNP-05/2022-23",2022_CEBMT_81546_7,Open Tender,Works,Nil,Nil,"750,155.79",04-Nov-2022,"INR 888,308.18",NA,NA,Sonepur,Sonepur,'HIKUDI',ULLUNDA,,,SONEPUR,SONEPUR
0,(1) Restoration to KSDR Embankment from RD 41.20 to 43.60 Km.,"Delta, BBSR-12",751012,"CE-BM,LMB Basin,BBSR||SE, Central Irr.Circle, BBSR||EE,Prachi Division,Bhubaneswar","S.E, Prachi Division, BBSR",Restoration to KSDR Embankment from RD 41.20 to 43.60 Km.,"4,01,548",Civil Works - Others,,e-Procurement Notice No.SEPRD-23/2022-23,2023_CELBB_85168_1,Open Tender,Works,Nil,Nil,"341,356",04-Mar-2023,"INR 341,356",NA,NA,NA,NA,,,,,,
3,(19) Restoration to OAE around Sithalo from RD 10.30 to 13.00 Km.,"Delta, BBSR-12",751012,"CE-BM,LMB Basin,BBSR||SE, Central Irr.Circle, BBSR||EE,Prachi Division,Bhubaneswar","S.E, Prachi Division, BBSR",Restoration to OAE around Sithalo from RD 10.30 to 13.00 Km.,"4,51,953",Civil Works - Others,,e-Procurement Notice No.SEPRD-23/2022-23,2023_CELBB_85168_19,Open Tender,Works,Nil,Nil,"384,205",04-Mar-2023,"INR 384,205",NA,NA,NA,NA,,,,,,
4,(22) Restoration to Right afflux bandha of Mundali weir from RD 00 to 2.50 Km,"Delta, BBSR-12",751012,"CE-BM,LMB Basin,BBSR||SE, Central Irr.Circle, BBSR||EE,Prachi Division,Bhubaneswar","S.E, Prachi Division, BBSR",Restoration to Right afflux bandha of Mundali weir from RD 00 to 2.50 Km,"4,16,072",Civil Works - Others,,e-Procurement Notice No.SEPRD-23/2022-23,2023_CELBB_85168_22,Open Tender,Works,Nil,Nil,"353,703",04-Mar-2023,"INR 353,703",NA,NA,NA,NA,,,,,,
5,(25) Restoration to Dhawa Rokat Distributary at RD 4.85 Km. and at RD 4.900 Km. near village Rokat and at RD 1775 mtr. (village Singara),"Delta, BBSR-12",751012,"CE-BM,LMB Basin,BBSR||SE, Central Irr.Circle, BBSR||EE,Prachi Division,Bhubaneswar","S.E, Prachi Division, BBSR",Restoration to Dhawa Rokat Distributary at RD 4.85 Km. and at RD 4.900 Km. near village Rokat and at RD 1775 mtr. (village Singara),"8,46,766",Civil Works - Others,,e-Procurement Notice No.SEPRD-23/2022-23,2023_CELBB_85168_25,Open Tender,Works,Nil,Nil,"719,835",04-Mar-2023,"INR 719,835",NA,NA,NA,NA,,,,,,
6,(26) Restoration to Kuakhai left embankment from RD. 3.50 to RD. 5.50 Km,"Delta, BBSR-12",751012,"CE-BM,LMB Basin,BBSR||SE, Central Irr.Circle, BBSR||EE,Prachi Division,Bhubaneswar","S.E, Prachi Division, BBSR",Restoration to Kuakhai left embankment from RD. 3.50 to RD. 5.50 Km,"3,33,919",Civil Works - Others,,e-Procurement Notice No.SEPRD-23/2022-23,2023_CELBB_85168_26,Open Tender,Works,Nil,Nil,"283,864",04-Mar-2023,"INR 283,864",NA,NA,NA,NA,,,,,,
7,(27) Restoration to KSDR Embankment from RD 2.500 Km. to RD 5.400 Km.,"Delta, BBSR-12",751012,"CE-BM,LMB Basin,BBSR||SE, Central Irr.Circle, BBSR||EE,Prachi Division,Bhubaneswar","S.E, Prachi Division, BBSR",Restoration to KSDR Embankment from RD 2.500 Km. to RD 5.400 Km.,"4,84,686",Civil Works - Others,,e-Procurement Notice No.SEPRD-23/2022-23,2023_CELBB_85168_27,Open Tender,Works,Nil,Nil,"412,031",04-Mar-2023,"INR 412,031",NA,NA,NA,NA,,,,,,
8,(28) Restoration to KSDR embankment from RD. 18.40 to RD. 21.00 Km,"Delta, BBSR-12",751012,"CE-BM,LMB Basin,BBSR||SE, Central Irr.Circle, BBSR||EE,Prachi Division,Bhubaneswar","S.E, Prachi Division, BBSR",Restoration to KSDR embankment from RD. 18.40 to RD. 21.00 Km,"4,34,470",Civil Works - Others,,e-Procurement Notice No.SEPRD-23/2022-23,2023_CELBB_85168_28,Open Tender,Works,Nil,Nil,"369,343",04-Mar-2023,"INR 369,343",NA,NA,NA,NA,,,,,,
9,(34) Restoration to Rahura Minor from RD 2.50 Km. to 3.22 Km. with construction of guard wall,"Delta, BBSR-12",751012,"CE-BM,LMB Basin,BBSR||SE, Central Irr.Circle, BBSR||EE,Prachi Division,Bhubaneswar","S.E, Prachi Division, BBSR",Restoration to Rahura Minor from RD 2.50 Km. to 3.22 Km. with construction of guard wall,"7,72,291",Civil Works - Others,,e-Procurement Notice No.SEPRD-23/2022-23,2023_CELBB_85168_34,Open Tender,Works,Nil,Nil,"656,524",04-Mar-2023,"INR 656,524",NA,NA,NA,NA,,,,,,
10,(35) Restoration to Sainso Minor from RD 30m. to RD 120m.,"Delta, BBSR-12",751012,"CE-BM,LMB Basin,BBSR||SE, Central Irr.Circle, BBSR||EE,Prachi Division,Bhubaneswar","S.E, Prachi Division, BBSR",Restoration to Sainso Minor from RD 30m. to RD 120m.,"8,68,951",Civil Works - Others,,e-Procurement Notice No.SEPRD-23/2022-23,2023_CELBB_85168_35,Open Tender,Works,Nil,Nil,"738,696",04-Mar-2023,"INR 738,696",NA,NA,NA,NA,,,,,,
16,Anlaposi Nallah toll gate on Kuchinda Kusumi road.,Kuchinda,768222,Orissa Bridge and Construction Corporation Ltd,"O/O THE EIC Cum MD, OB AND CC LTD, NAYAPALLI, BBSR",Anlaposi Nallah toll gate on Kuchinda Kusumi road.,"1,59,99,999",Toll Gate,,NO. 17/TOLL/OBCC/2022-23,2022_OBCC_80145_4,Open Tender,Works,Nil,Nil,"17,344,556",11-Oct-2022,"INR 17,344,556",NA,NA,NA,NA,,,,,,
18,Cleaning of toe drain and longitudinal drain from RD 384m to 3780m of Earth Dam of Lower Indra Irrigation Project,"Dam site, Tikhali",766107,CCE Lower Indra Irr. Project Nuapada||CCE LIP||EE Lower Indra Canal Divn. Khariar,"o/o the SE, L.I.Canal Division, Khariar",Cleaning of toe drain and longitudinal drain from RD 384m to 3780m of Earth Dam of Lower Indra Irrigation Project.,"10,29,073",Civil Works - Others,,"SELICD-03/2022-23, Dt. 21.12.2022",2022_CCELI_84639_2,Open Tender,Works,Nil,Nil,"874,815",06-Feb-2023,"INR 874,815",NA,NA,NA,NA,,,,,,
22,CONST OF C C ROAD AND DRAIN WITH COVER PLATE FROM JAGANNATH BAGARTY HOUSE TO HANU AGRAWAL HOUSE IN WARD NO- 03,WARD NO-03,766015,Municipal Bodies||Dharmagarh NAC,DHARMAGARH NAC,CONST OF C C ROAD AND DRAIN WITH COVER PLATE FROM JAGANNATH BAGARTY HOUSE TO HANU AGRAWAL HOUSE IN WARD NO- 03,"3,52,679",Civil Works - Roads,,DHARAMGARH/NAC/01/2022-23,2022_ORULB_80747_57,Open Tender,Works,Nil,Nil,"351,797.30",13-Mar-2023,"INR 351,797.303",NA,NA,NA,NA,,,,,,
28,Const. of Balance portion drain at ward No.11,Angul,759122,Municipal Bodies||Angul Municipality,"O/O Executive Officer, Angul Municipality, Angul",Const. of Balance portion drain at ward No.11,"3,57,144",Civil Works - Others,,EO/AGLM-09/2022-23,2022_ORULB_82324_7,Open Tender,Works,Nil,Nil,"303,607",27-Mar-2023,"INR 357,143.83",NA,NA,NA,NA,,,,,,
29,Const. of balance portion drain from Gagan Sethi house towards Laxmi temple in ward No.19,Angul,759122,Municipal Bodies||Angul Municipality,"O/O Executive Officer, Angul Municipality, Angul",Const. of balance portion drain from Gagan Sethi house towards Laxmi temple in ward No.19,"6,39,286",Civil Works - Others,,EO/AGLM-08/2022-23,2022_ORULB_81626_20,Open Tender,Works,Nil,Nil,"585,330",21-Feb-2023,"INR 639,285.81",NA,NA,NA,NA,,,,,,
30,Const. of balance portion drain near Jagannath temple in ward No.2,Angul,759122,Municipal Bodies||Angul Municipality,"O/O Executive Officer, Angul Municipality, Angul",Const. of balance portion drain near Jagannath temple in ward No.2,"6,51,786",Civil Works - Others,,EO/AGLM-22/2021-22,2021_ORULB_74768_12,Open Tender,Works,Nil,Nil,"713,914",17-Jan-2023,"INR 651,786.33",NA,NA,NA,NA,,,,,,
31,Const. of c.c. drain and culvert from Happy bandha to PHED pump house near Dhaneswar Mohapatra house in ward No.12,Angul,759122,Municipal Bodies||Angul Municipality,"O/O Executive Officer, Angul Municipality, Angul",Const. of c.c. drain and culvert from Happy bandha to PHED pump house near Dhaneswar Mohapatra house in ward No.12,"3,68,749",Civil Works - Others,,EO/AGLM-07/2022-23,2022_ORULB_80803_40,Open Tender,Works,Nil,Nil,"343,305",02-Mar-2023,"INR 368,749",NA,NA,NA,NA,,,,,,
32,Const. of c.c. drain and culvert from Kalia Behera house to Pranabandhu Sahu house in ward No.18,Angul,759122,Municipal Bodies||Angul Municipality,"O/O Executive Officer, Angul Municipality, Angul",Const. of c.c. drain and culvert from Kalia Behera house to Pranabandhu Sahu house in ward No.18,"3,39,284",Civil Works - Others,,EO/AGLM-07/2022-23,2022_ORULB_80803_39,Open Tender,Works,Nil,Nil,"288,426",02-Mar-2023,"INR 339,284.47",NA,NA,NA,NA,,,,,,
33,Const. of c.c. drain and raod from Nuhura Sahi gali post office to Tiar sahi in ward No.8,Angul,759122,Municipal Bodies||Angul Municipality,"O/O Executive Officer, Angul Municipality, Angul",Const. of c.c. drain and raod from Nuhura Sahi gali post office to Tiar sahi in ward No.8,"2,78,567",Civil Works - Others,,EO/AGLM-09/2022-23,2022_ORULB_82324_4,Open Tender,Works,Nil,Nil,"236,809",27-Mar-2023,"INR 278,567.08",NA,NA,NA,NA,,,,,,
34,Const. of c.c. drain and road from back side of Bulu Routray house to syphone via back side Late Gobinda Swain and Tapan Das house in ward No.18,Angul,759122,Municipal Bodies||Angul Municipality,"O/O Executive Officer, Angul Municipality, Angul",Const. of c.c. drain and road from back side of Bulu Routray house to syphone via back side Late Gobinda Swain and Tapan Das house in ward No.18,"5,35,714",Civil Works - Others,,EO/AGLM-07/2022-23,2022_ORULB_80803_51,Open Tender,Works,Nil,Nil,"455,410",02-Mar-2023,"INR 535,713.57",NA,NA,NA,NA,,,,,,
35,Const. of c.c. drain and road from Khirod Behera house to Manoj Dehury house at Rajkishorepada in ward No.18,Angul,759122,Municipal Bodies||Angul Municipality,"O/O Executive Officer, Angul Municipality, Angul",Const. of c.c. drain and road from Khirod Behera house to Manoj Dehury house at Rajkishorepada in ward No.18,"1,89,285",Civil Works - Others,,EO/AGLM-07/2022-23,2022_ORULB_80803_6,Open Tender,Works,Nil,Nil,"160,912",02-Mar-2023,"INR 189,284.82",NA,NA,NA,NA,,,,,,
36,Const. of c.c. drain and road from Pramila Pradhan house to Rabi Pattanaik house at Jayanandamarg in ward No.11,Angul,759122,Municipal Bodies||Angul Municipality,"O/O Executive Officer, Angul Municipality, Angul",Const. of c.c. drain and road from Pramila Pradhan house to Rabi Pattanaik house at Jayanandamarg in ward No.11,"4,37,499",Civil Works - Others,,EO/AGLM-07/2022-23,2022_ORULB_80803_47,Open Tender,Works,Nil,Nil,"371,919",02-Mar-2023,"INR 437,499.98",NA,NA,NA,NA,,,,,,
37,Const. of c.c. drain and slab from Gyana Rout house to Town High School back side water tank in ward No.2,Angul,759122,Municipal Bodies||Angul Municipality,"O/O Executive Officer, Angul Municipality, Angul",Const. of c.c. drain and slab from Gyana Rout house to Town High School back side water tank in ward No.2,"2,67,850",Civil Works - Others,,EO/AGLM-07/2022-23,2022_ORULB_80803_23,Open Tender,Works,Nil,Nil,"227,700",02-Mar-2023,"INR 267,850.37",NA,NA,NA,NA,,,,,,
38,Const. of C.C. drain from Babu Patanaik house towards Mandap in ward No.18,Angul,759122,Municipal Bodies||Angul Municipality,"O/O Executive Officer, Angul Municipality, Angul",Const. of C.C. drain from Babu Patanaik house towards Mandap in ward No.18,"1,78,572",Civil Works - Others,,EO/AGLM-20/2021-22,2021_ORULB_73137_3,Open Tender,Works,Nil,Nil,"200,000",14-Mar-2023,"INR 178,572.05",NA,NA,NA,NA,,,,,,
39,Const. of c.c. drain from Balaram Sahu house to sanjaya Dora house at 6th lane in ward No.21,Angul,759122,Municipal Bodies||Angul Municipality,"O/O Executive Officer, Angul Municipality, Angul",Const. of c.c. drain from Balaram Sahu house to sanjaya Dora house at 6th lane in ward No.21,"4,37,499",Civil Works - Others,,EO/AGLM-07/2022-23,2022_ORULB_80803_46,Open Tender,Works,Nil,Nil,"371,918",02-Mar-2023,"INR 437,498.96",NA,NA,NA,NA,,,,,,
40,Const. of c.c. drain from Bira Naik house to Moin Khan house in ward No.23,Angul,759122,Municipal Bodies||Angul Municipality,"O/O Executive Officer, Angul Municipality, Angul",Const. of c.c. drain from Bira Naik house to Moin Khan house in ward No.23,"3,34,821",Civil Works - Others,,EO/AGLM-07/2022-23,2022_ORULB_80803_38,Open Tender,Works,Nil,Nil,"284,632",02-Mar-2023,"INR 334,821.25",NA,NA,NA,NA,,,,,,
41,Const. of c.c. drain from CDPO res. Towards housing board road in ward No.3,Angul,759122,Municipal Bodies||Angul Municipality,"O/O Executive Officer, Angul Municipality, Angul",Const. of c.c. drain from CDPO res. Towards housing board road in ward No.3,"2,27,678",Civil Works - Others,,EO/AGLM-07/2022-23,2022_ORULB_80803_19,Open Tender,Works,Nil,Nil,"193,549",02-Mar-2023,"INR 227,677.63",NA,NA,NA,NA,,,,,,
42,Const. of c.c. drain from Gangadhar Swain house to Golekha Swain house in ward No.19,Angul,759122,Municipal Bodies||Angul Municipality,"O/O Executive Officer, Angul Municipality, Angul",Const. of c.c. drain from Gangadhar Swain house to Golekha Swain house in ward No.19,"2,84,818",Civil Works - Others,,EO/AGLM-09/2022-23,2022_ORULB_82324_5,Open Tender,Works,Nil,Nil,"242,123",27-Mar-2023,"INR 284,817.69",NA,NA,NA,NA,,,,,,
43,Const. of c.c. drain from Gurugobinda Dham front to Deepak Pani house in ward No.18,Angul,759122,Municipal Bodies||Angul Municipality,"O/O Executive Officer, Angul Municipality, Angul",Const. of c.c. drain from Gurugobinda Dham front to Deepak Pani house in ward No.18,"1,82,142",Civil Works - Others,,EO/AGLM-07/2022-23,2022_ORULB_80803_1,Open Tender,Works,Nil,Nil,"154,839",02-Mar-2023,"INR 182,142.18",NA,NA,NA,NA,,,,,,
44,Const. of c.c. drain from Jagannath Panigrahi house to Chakardhar Behera house in ward No.18,Angul,759122,Municipal Bodies||Angul Municipality,"O/O Executive Officer, Angul Municipality, Angul",Const. of c.c. drain from Jagannath Panigrahi house to Chakardhar Behera house in ward No.18,"1,97,320",Civil Works - Others,,EO/AGLM-07/2022-23,2022_ORULB_80803_9,Open Tender,Works,Nil,Nil,"167,742",02-Mar-2023,"INR 197,320.49",NA,NA,NA,NA,,,,,,
45,Const. of c.c. drain from Kulamani Majhi house to Sudhakar panigrfahi house in ward No.1,Angul,759122,Municipal Bodies||Angul Municipality,"O/O Executive Officer, Angul Municipality, Angul",Const. of c.c. drain from Kulamani Majhi house to Sudhakar panigrfahi house in ward No.1,"3,06,248",Civil Works - Others,,EO/AGLM-07/2022-23,2022_ORULB_80803_36,Open Tender,Works,Nil,Nil,"260,342",02-Mar-2023,"INR 306,248.36",NA,NA,NA,NA,,,,,,
46,Const. of c.c. drain from Manoj Modi house towards LIC colony in ward No.17,Angul,759122,Municipal Bodies||Angul Municipality,"O/O Executive Officer, Angul Municipality, Angul",Const. of c.c. drain from Manoj Modi house towards LIC colony in ward No.17,"2,08,927",Civil Works - Others,,EO/AGLM-07/2022-23,2022_ORULB_80803_12,Open Tender,Works,Nil,Nil,"191,294",02-Mar-2023,"INR 208,927.33",NA,NA,NA,NA,,,,,,
47,Const. of c.c. drain from Mohan samanta shop to Prasanta Pradhan house in ward No.18,Angul,759122,Municipal Bodies||Angul Municipality,"O/O Executive Officer, Angul Municipality, Angul",Const. of c.c. drain from Mohan samanta shop to Prasanta Pradhan house in ward No.18,"2,52,677",Civil Works - Others,,EO/AGLM-07/2022-23,2022_ORULB_80803_20,Open Tender,Works,Nil,Nil,"252,677",02-Mar-2023,"INR 252,677.47",NA,NA,NA,NA,,,,,,
48,Const. of c.c. drain from Prasanta Behera house to Umesh Agrawalla house in ward No.3,Angul,759122,Municipal Bodies||Angul Municipality,"O/O Executive Officer, Angul Municipality, Angul",Const. of c.c. drain from Prasanta Behera house to Umesh Agrawalla house in ward No.3,"2,19,642",Civil Works - Others,,EO/AGLM-07/2022-23,2022_ORULB_80803_16,Open Tender,Works,Nil,Nil,"186,717",02-Mar-2023,"INR 219,641.82",NA,NA,NA,NA,,,,,,
49,Const. of C.C. drain from Rajkishore Das house towards SUH building in ward No.18,Angul,759122,Municipal Bodies||Angul Municipality,"O/O Executive Officer, Angul Municipality, Angul",Const. of C.C. drain from Rajkishore Das house towards SUH building in ward No.18,"8,92,857",Civil Works - Others,,EO/AGLM-20/2021-22,2021_ORULB_73137_14,Open Tender,Works,Nil,Nil,"1,000,000",14-Mar-2023,"INR 892,856.97",NA,NA,NA,NA,,,,,,
50,Const. of c.c. drain from Sankar Nayak house to Durga Jena house via- Ajaya Kumar Dalabehera house in ward No.19,Angul,759122,Municipal Bodies||Angul Municipality,"O/O Executive Officer, Angul Municipality, Angul",Const. of c.c. drain from Sankar Nayak house to Durga Jena house via- Ajaya Kumar Dalabehera house in ward No.19,"6,60,711",Civil Works - Others,,EO/AGLM-07/2022-23,2022_ORULB_80803_56,Open Tender,Works,Nil,Nil,"561,670",02-Mar-2023,"INR 660,711.2",NA,NA,NA,NA,,,,,,
51,Const. of c.c. drain from Sita Behera house to Kamlesh continental at Radharamanpada in ward No.15,Angul,759122,Municipal Bodies||Angul Municipality,"O/O Executive Officer, Angul Municipality, Angul",Const. of c.c. drain from Sita Behera house to Kamlesh continental at Radharamanpada in ward No.15,"5,26,785",Civil Works - Others,,EO/AGLM-07/2022-23,2022_ORULB_80803_50,Open Tender,Works,Nil,Nil,"447,820",02-Mar-2023,"INR 526,784.63",NA,NA,NA,NA,,,,,,
52,Const. of c.c. drain from Suresh Gochhayat house to RD IB at ward No.13,Angul,759122,Municipal Bodies||Angul Municipality,"O/O Executive Officer, Angul Municipality, Angul",Const. of c.c. drain from Suresh Gochhayat house to RD IB at ward No.13,"2,67,857",Civil Works - Others,,EO/AGLM-07/2022-23,2022_ORULB_80803_26,Open Tender,Works,Nil,Nil,"237,214",02-Mar-2023,"INR 267,856.65",NA,NA,NA,NA,,,,,,
53,Const. of C.C. Road and Drain at Hanuman Nagar Adarshnagar Boundary wall side to culvert and Galli Road W.No.13.,Brajrajnagar Municipal Area,768216,Municipal Bodies||Brajrajnagar Municipality,Brajrajnagar Municipality,C.C. Road and Drain,"11,30,000",Civil Works - Others,,BRJNRM-06/2021-22,2022_ORULB_76535_16,Open Tender,Works,Nil,Nil,"856,714.61",20-Sep-2022,"INR 1,130,000",NA,NA,NA,NA,,,,,,
54,Const. of C.C. road and drain from Binod Patodia house to Bhaskar Chandra Behera house in ward No.6,Angul,759122,Municipal Bodies||Angul Municipality,"O/O Executive Officer, Angul Municipality, Angul",Const. of C.C. road and drain from Binod Patodia house to Bhaskar Chandra Behera house in ward No.6,"8,92,857",Civil Works - Others,,EO/AGLM-08/2022-23,2022_ORULB_81626_22,Open Tender,Works,Nil,Nil,"892,857",21-Feb-2023,"INR 892,856.69",NA,NA,NA,NA,,,,,,
55,Const. of c.c. road and drain from Madhab Behera house to Choukini pond in ward No.7,Angul,759122,Municipal Bodies||Angul Municipality,"O/O Executive Officer, Angul Municipality, Angul",Const. of c.c. road and drain from Madhab Behera house to Choukini pond in ward No.7,"2,58,928",Civil Works - Others,,EO/AGLM-07/2022-23,2022_ORULB_80803_21,Open Tender,Works,Nil,Nil,"220,115",02-Mar-2023,"INR 258,927.8",NA,NA,NA,NA,,,,,,
56,Const. of c.c. road and drain from Tuna Karna house to Sukanti Badamali house at ward No.7,Angul,759122,Municipal Bodies||Angul Municipality,"O/O Executive Officer, Angul Municipality, Angul",Const. of c.c. road and drain from Tuna Karna house to Sukanti Badamali house at ward No.7,"3,92,856",Civil Works - Others,,EO/AGLM-07/2022-23,2022_ORULB_80803_43,Open Tender,Works,Nil,Nil,"333,967",02-Mar-2023,"INR 392,856.19",NA,NA,NA,NA,,,,,,
58,Const. of culvert infront of Omm residency road at ward No.5,Angul,759122,Municipal Bodies||Angul Municipality,"O/O Executive Officer, Angul Municipality, Angul",Const. of culvert infront of Omm residency road at ward No.5,"2,23,212",Civil Works - Others,,EO/AGLM-07/2022-23,2022_ORULB_80803_17,Open Tender,Works,Nil,Nil,"189,752",02-Mar-2023,"INR 223,211.74",NA,NA,NA,NA,,,,,,
59,Const. of Drain at Jagannath Mandir Gali and Gaya Sahu Galli in W.No.22.,Brajrajnagar Municipal Area,768216,Municipal Bodies||Brajrajnagar Municipality,Brajrajnagar Municipality,Drain,"15,00,000",Civil Works - Others,,BRJNRM-04/2022-23,2022_ORULB_80581_56,Open Tender,Works,Nil,Nil,"1,231,157.56",12-Jan-2023,"INR 1,500,000",NA,NA,NA,NA,,,,,,
60,Const. of drain at South side of Siva field in ward No.2,Angul,759122,Municipal Bodies||Angul Municipality,"O/O Executive Officer, Angul Municipality, Angul",Const. of drain at South side of Siva field in ward No.2,"5,89,286",Civil Works - Others,,EO/AGLM-21/2021-22,2021_ORULB_73437_12,Open Tender,Works,Nil,Nil,"660,000",04-May-2022,"INR 589,286.09",NA,NA,NA,NA,,,,,,
61,Const. of drain back side of Municipal Colony in ward No.20,Angul,759122,Municipal Bodies||Angul Municipality,"O/O Executive Officer, Angul Municipality, Angul",Const. of drain back side of Municipal Colony in ward No.20,"11,74,107",Civil Works - Others,,EO/AGLM-18/2021-22,2021_ORULB_72308_4,Open Tender,Works,Nil,Nil,"1,315,000",18-Jan-2023,"INR 1,174,106.96",NA,NA,NA,NA,,,,,,
62,Const. of drain back side of Vatinary Office in ward No.3,Angul,759122,Municipal Bodies||Angul Municipality,"O/O Executive Officer, Angul Municipality, Angul",Const. of drain back side of Vatinary Office in ward No.3,"5,35,715",Civil Works - Others,,EO/AGLM-20/2021-22,2021_ORULB_73137_9,Open Tender,Works,Nil,Nil,"592,500",14-Mar-2023,"INR 535,715.03",NA,NA,NA,NA,,,,,,
63,Const. of drain from Danda road culvert to Kalinga Thakurani temple in ward No.9,Angul,759122,Municipal Bodies||Angul Municipality,"O/O Executive Officer, Angul Municipality, Angul",Const. of drain from Danda road culvert to Kalinga Thakurani temple in ward No.9,"15,66,965",Civil Works - Others,,EO/AGLM-18/2021-22,2021_ORULB_72308_6,Open Tender,Works,Nil,Nil,"1,755,000",18-Jan-2023,"INR 1,566,964.84",NA,NA,NA,NA,,,,,,
64,Const. of drain from Debendra Behera house to Jagurti Community Centre in ward No.16,Angul,759122,Municipal Bodies||Angul Municipality,"O/O Executive Officer, Angul Municipality, Angul",Const. of drain from Debendra Behera house to Jagurti Community Centre in ward No.16,"3,57,143",Civil Works - Others,,EO/AGLM-18/2021-22,2021_ORULB_72308_15,Open Tender,Works,Nil,Nil,"400,000",17-Jan-2023,"INR 357,143.12",NA,NA,NA,NA,,,,,,
65,Const. of drain from Mahendra Bastia house towards culvert in ward No.11,Angul,759122,Municipal Bodies||Angul Municipality,"O/O Executive Officer, Angul Municipality, Angul",Const. of drain from Mahendra Bastia house towards culvert in ward No.11,"7,14,286",Civil Works - Others,,EO/AGLM-20/2021-22,2021_ORULB_73137_13,Open Tender,Works,Nil,Nil,"800,000",14-Mar-2023,"INR 714,286.49",NA,NA,NA,NA,,,,,,
66,Const. of drain from Miraniya tower towards Kana Didi house in ward No.5,Angul,759122,Municipal Bodies||Angul Municipality,"O/O Executive Officer, Angul Municipality, Angul",Const. of drain from Miraniya tower towards Kana Didi house in ward No.5,"7,14,286",Civil Works - Others,,EO/AGLM-09/2022-23,2022_ORULB_82324_12,Open Tender,Works,Nil,Nil,"607,214",20-Mar-2023,"INR 714,285.97",NA,NA,NA,NA,,,,,,
67,Const. of drain from Purna Sahu house towards Central School in ward No.4,Angul,759122,Municipal Bodies||Angul Municipality,"O/O Executive Officer, Angul Municipality, Angul",Const. of drain from Purna Sahu house towards Central School in ward No.4,"5,35,714",Civil Works - Others,,EO/AGLM-09/2022-23,2022_ORULB_82324_8,Open Tender,Works,Nil,Nil,"535,714",27-Mar-2023,"INR 535,714.34",NA,NA,NA,NA,,,,,,
68,Const. of drain from Sarat Kumar Kar to Mayadhar Pradhan house near Brahmandeipada in ward No.4,Angul,759122,Municipal Bodies||Angul Municipality,"O/O Executive Officer, Angul Municipality, Angul",Const. of drain from Sarat Kumar Kar to Mayadhar Pradhan house near Brahmandeipada in ward No.4,"11,60,715",Civil Works - Others,,EO/AGLM-02/2022-23,2022_ORULB_77875_23,Open Tender,Works,Nil,Nil,"986,724",20-Oct-2022,"INR 1,160,715.07",NA,NA,NA,NA,,,,,,
69,Const. of drain from Sarat Sahu residence towards Spicy Villa via- Sitaram Hotel in ward No.21,Angul,759122,Municipal Bodies||Angul Municipality,"O/O Executive Officer, Angul Municipality, Angul",Const. of drain from Sarat Sahu residence towards Spicy Villa via- Sitaram Hotel in ward No.21,"17,85,714",Civil Works - Others,,EO/AGLM-22/2021-22,2021_ORULB_74768_21,Open Tender,Works,Nil,Nil,"2,000,000",24-Jan-2023,"INR 1,785,714.46",NA,NA,NA,NA,,,,,,
70,Const. of drain from Susil Pradhan house towards Nirupama Pradhan house in ward No.01,Angul,759122,Municipal Bodies||Angul Municipality,"O/O Executive Officer, Angul Municipality, Angul",Const. of drain from Susil Pradhan house towards Nirupama Pradhan house in ward No.01,"3,57,143",Civil Works - Others,,EO/AGLM-20/2021-22,2021_ORULB_73137_7,Open Tender,Works,Nil,Nil,"400,000",14-Mar-2023,"INR 357,142.64",NA,NA,NA,NA,,,,,,
71,Const. of drain from Trilochana Mohanty house towards Rabi Ghosh house in ward No.2,Angul,759122,Municipal Bodies||Angul Municipality,"O/O Executive Officer, Angul Municipality, Angul",Const. of drain from Trilochana Mohanty house towards Rabi Ghosh house in ward No.2,"6,25,000",Civil Works - Others,,EO/AGLM-22/2021-22,2021_ORULB_74768_10,Open Tender,Works,Nil,Nil,"700,000",17-Jan-2023,"INR 625,000.27",NA,NA,NA,NA,,,,,,
72,Const. of drain from Tutu Bhanja house towards Pabitra Barik in ward No.20,Angul,759122,Municipal Bodies||Angul Municipality,"O/O Executive Officer, Angul Municipality, Angul",Const. of drain from Tutu Bhanja house towards Pabitra Barik in ward No.20,"17,85,714",Civil Works - Others,,EO/AGLM-08/2022-23,2022_ORULB_81626_27,Open Tender,Works,Nil,Nil,"1,518,035",21-Feb-2023,"INR 1,785,713.62",NA,NA,NA,NA,,,,,,
73,Const. of drain infront of Sani temple in ward No.2,Angul,759122,Municipal Bodies||Angul Municipality,"O/O Executive Officer, Angul Municipality, Angul",Const. of drain infront of Sani temple in ward No.2,"4,91,071",Civil Works - Others,,EO/AGLM-22/2021-22,2021_ORULB_74768_6,Open Tender,Works,Nil,Nil,"550,000",17-Jan-2023,"INR 491,070.85",NA,NA,NA,NA,,,,,,
74,"Const. of road , drain and culvert from Mukunda Dalei house to Jata Mishra house in ward No.9",Angul,759122,Municipal Bodies||Angul Municipality,"O/O Executive Officer, Angul Municipality, Angul","Const. of road , drain and culvert from Mukunda Dalei house to Jata Mishra house in ward No.9","10,71,429",Civil Works - Others,,EO/AGLM-02/2022-23,2022_ORULB_77875_22,Open Tender,Works,Nil,Nil,"910,821",20-Oct-2022,"INR 1,071,428.64",NA,NA,NA,NA,,,,,,
75,Const. of Road and Drain at Ashok Sahu Colony Gandhi Chowk in W.No.23.,Brajrajnagar Municipal Area,768216,Municipal Bodies||Brajrajnagar Municipality,Brajrajnagar Municipality,Drain,"15,00,000",Civil Works - Others,,BRJNRM-05/2021-22,2021_ORULB_74052_54,Open Tender,Works,Nil,Nil,"1,215,249.25",13-Apr-2022,"INR 1,500,000",NA,NA,NA,NA,,,,,,
76,Const. of Road and Drain at Hanuman Nagar Gandhi Chhak in W.No.23.,Brajrajnagar Municipal Area,768216,Municipal Bodies||Brajrajnagar Municipality,Brajrajnagar Municipality,Road and Drain,"19,80,000",Civil Works - Others,,BRJNRM-04/2022-23,2022_ORULB_80581_32,Open Tender,Works,Nil,Nil,"1,581,454.58",12-Jan-2023,"INR 1,980,000",NA,NA,NA,NA,,,,,,
77,Const. of Road and Drain from Jagannath Mandir to Nitai Banda Nuadihi and Const. of Drain near Patjoshi House in W.No.22.,Brajrajnagar Municipal Area,768216,Municipal Bodies||Brajrajnagar Municipality,Brajrajnagar Municipality,Road and Drain,"18,00,000",Civil Works - Others,,BRJNRM-04/2022-23,2022_ORULB_80581_31,Open Tender,Works,Nil,Nil,"1,497,693.34",12-Jan-2023,"INR 1,800,000",NA,NA,NA,NA,,,,,,
78,"Const. of road, culvert from Pramila Rath house to Kulamani Mohapatra house in ward No.15",Angul,759122,Municipal Bodies||Angul Municipality,"O/O Executive Officer, Angul Municipality, Angul","Const. of road, culvert from Pramila Rath house to Kulamani Mohapatra house in ward No.15","10,71,429",Civil Works - Others,,EO/AGLM-18/2021-22,2021_ORULB_72308_38,Open Tender,Works,Nil,Nil,"1,200,000",17-Jan-2023,"INR 1,071,428.74",NA,NA,NA,NA,,,,,,
80,Construction Of 08 Nos Recharge Shafts in Tanks Ponds in Talcher Block Of Angul District,Deputy Director Geology GWD Angul,759143,Ground Water Survey and Investigation||GWSI Bhubaneswar,Angul,Construction Of 08 Nos Recharge Shafts in Tanks Ponds in Talcher Block Of Angul District,"17,79,600",Civil Works - Others,,01/GWDANG/ARUA/2022-23,2022_GWSI_83196_1,Open Tender,Works,Nil,Nil,"1,930,893",06-Dec-2022,"INR 1,930,893",NA,NA,NA,NA,,,,,,
83,Construction Of 20 Nos Recharge Shafts in Tanks Ponds in Bhubaneswar Block Of Khurdha District,BLOCK AREA BHUBANESWAR,751012,Ground Water Survey and Investigation,BHUBANESWAR,Construction Of 20 Nos Recharge Shafts in Tanks Ponds in Bhubaneswar Block Of Khurdha District,"39,46,000",Civil Works - Others,,02/GWHPD/ARUA/2022-23,2022_GWSI_82224_1,National Competitive Bid,Works,EE GWD Division 1 Bhubaneswar,BHUBANESWAR,"3,867,195",30-Jan-2023,"INR 3,867,195",NA,NA,NA,NA,,,,,,
84,Construction Of 20 Nos Recharge Shafts in Tanks Ponds in Bolagarh Block Of Khurdha District,Executive EngineerGWD Division1,751012,Ground Water Survey and Investigation,BHUBANESWAR,Construction Of 20 Nos Recharge Shafts in Tanks Ponds in Bolagarh Block Of Khurdha District,"44,28,000",Civil Works - Others,,03/GWHPD/ARUA/2022-23,2022_GWSI_82893_1,Open Tender,Works,Nil,Nil,"4,815,910",21-Jan-2023,"INR 4,815,910",NA,NA,NA,NA,,,,,,
86,Construction of 20 nos recharge shafts in TanksPonds in Bolagarh Block of Khurdha District,BOLGARH BLOCK,752066,Ground Water Survey and Investigation,BHUBANESWAR,Construction of 20 nos recharge shafts in Tanks Ponds in Bolagarh Block of Khurdha District,"44,28,000",Civil Works - Others,,01/GWHPD/ARUA/2022-23,2022_GWSI_82167_1,National Competitive Bid,Works,GWD Division 1 Bhubaneswar,BHUBANESWAR,"4,826,972",03-Dec-2022,"INR 4,826,972",NA,NA,NA,NA,,,,,,
107,Construction of bathing ghat in LFB of river Ghodahada near village Adapada.,Aska,761111,"CE-BM,RVN Basin,Berhampur||S.E. Southern Irr. Circle I Berhampur||EE Bhanjanagar Irrigation Divn Bhanjanagar","S.E., Bhanjanagar Irrigation Division, Bhanjanagar",Construction of bathing ghat in LFB of river Ghodahada near village Adapada.,"4,95,762",Civil Works - Others,,e- BNID-13/2022-23,2023_CEBMB_86030_15,Open Tender,Works,Nil,Nil,"421,448",27-Mar-2023,"INR 421,448",NA,NA,NA,NA,,,,,,
108,Construction of bathing ghat in LFB of river Ghodahada near village Mahiguda.,Aska,761111,"CE-BM,RVN Basin,Berhampur||S.E. Southern Irr. Circle I Berhampur||EE Bhanjanagar Irrigation Divn Bhanjanagar","S.E., Bhanjanagar Irrigation Division, Bhanjanagar",Construction of bathing ghat in LFB of river Ghodahada near village Mahiguda.,"4,91,872",Civil Works - Others,,e- BNID-13/2022-23,2023_CEBMB_86030_18,Open Tender,Works,Nil,Nil,"418,140",28-Mar-2023,"INR 418,140",NA,NA,NA,NA,,,,,,
109,Construction of bathing ghat in LFB of river Nandini near village Khaspa.,Aska,761111,"CE-BM,RVN Basin,Berhampur||S.E. Southern Irr. Circle I Berhampur||EE Bhanjanagar Irrigation Divn Bhanjanagar","S.E., Bhanjanagar Irrigation Division, Bhanjanagar",Construction of bathing ghat in LFB of river Nandini near village Khaspa.,"4,91,194",Civil Works - Others,,e- BNID-13/2022-23,2023_CEBMB_86030_17,Open Tender,Works,Nil,Nil,"417,564",28-Mar-2023,"INR 417,564",NA,NA,NA,NA,,,,,,
110,Construction of bathing ghat in LFB of river Rushikulya near village Singipur Rajasahi.,Aska,761111,"CE-BM,RVN Basin,Berhampur||S.E. Southern Irr. Circle I Berhampur||EE Bhanjanagar Irrigation Divn Bhanjanagar","S.E., Bhanjanagar Irrigation Division, Bhanjanagar",Construction of bathing ghat in LFB of river Rushikulya near village Singipur Rajasahi.,"4,95,976",Civil Works - Others,,e- BNID-13/2022-23,2023_CEBMB_86030_22,Open Tender,Works,Nil,Nil,"421,629",28-Mar-2023,"INR 421,629",NA,NA,NA,NA,,,,,,
111,Construction of bathing ghat in LFB of river Rushikulya near village Swapnaswar Temple of Aska.,Aska,761111,"CE-BM,RVN Basin,Berhampur||S.E. Southern Irr. Circle I Berhampur||EE Bhanjanagar Irrigation Divn Bhanjanagar","S.E., Bhanjanagar Irrigation Division, Bhanjanagar",Construction of bathing ghat in LFB of river Rushikulya near village Swapnaswar Temple of Aska.,"4,95,976",Civil Works - Others,,e- BNID-13/2022-23,2023_CEBMB_86030_24,Open Tender,Works,Nil,Nil,"421,629",28-Mar-2023,"INR 421,629",NA,NA,NA,NA,,,,,,
112,Construction of bathing ghat in LFB of river Rushikulya near village Tumbathengapalli.,Aska,761111,"CE-BM,RVN Basin,Berhampur||S.E. Southern Irr. Circle I Berhampur||EE Bhanjanagar Irrigation Divn Bhanjanagar","S.E., Bhanjanagar Irrigation Division, Bhanjanagar",Construction of bathing ghat in LFB of river Rushikulya near village Tumbathengapalli.,"4,98,879",Civil Works - Others,,e- BNID-13/2022-23,2023_CEBMB_86030_20,Open Tender,Works,Nil,Nil,"424,097",28-Mar-2023,"INR 424,097",NA,NA,NA,NA,,,,,,
118,Construction of bathing ghat in RFB of river Nandini near village Bakilikana.,Aska,761111,"CE-BM,RVN Basin,Berhampur||S.E. Southern Irr. Circle I Berhampur||EE Bhanjanagar Irrigation Divn Bhanjanagar","S.E., Bhanjanagar Irrigation Division, Bhanjanagar",Construction of bathing ghat in RFB of river Nandini near village Bakilikana.,"4,91,331",Civil Works - Others,,e- BNID-13/2022-23,2023_CEBMB_86030_14,Open Tender,Works,Nil,Nil,"417,681",27-Mar-2023,"INR 417,681",NA,NA,NA,NA,,,,,,
119,Construction of bathing ghat in RFB of river Rushikulya near village Pankalabadi.,Aska,761111,"CE-BM,RVN Basin,Berhampur||S.E. Southern Irr. Circle I Berhampur||EE Bhanjanagar Irrigation Divn Bhanjanagar","S.E., Bhanjanagar Irrigation Division, Bhanjanagar",Construction of bathing ghat in RFB of river Rushikulya near village Pankalabadi.,"4,95,976",Civil Works - Others,,e- BNID-13/2022-23,2023_CEBMB_86030_21,Open Tender,Works,Nil,Nil,"421,629",28-Mar-2023,"INR 421,629",NA,NA,NA,NA,,,,,,
120,Construction of bathing ghat in RFB of river Rushikulya near village Sundarapalli.,Aska,761111,"CE-BM,RVN Basin,Berhampur||S.E. Southern Irr. Circle I Berhampur||EE Bhanjanagar Irrigation Divn Bhanjanagar","S.E., Bhanjanagar Irrigation Division, Bhanjanagar",Construction of bathing ghat in RFB of river Rushikulya near village Sundarapalli.,"4,96,435",Civil Works - Others,,e- BNID-13/2022-23,2023_CEBMB_86030_25,Open Tender,Works,Nil,Nil,"422,019",28-Mar-2023,"INR 422,019",NA,NA,NA,NA,,,,,,
123,Construction of bathing ghat on LFB of river Padma at Hinjilikuda,Aska,761111,"CE-BM,RVN Basin,Berhampur||S.E. Southern Irr. Circle I Berhampur||EE Bhanjanagar Irrigation Divn Bhanjanagar","SE, BhanjanagarIrr. Divn., Bhanjanagar",Construction of bathing ghat on LFB of river Padma at Hinjilikuda,"6,13,986",Civil Works - Others,,e-BNID-08/2022-23,2022_CEBMB_82808_33,Open Tender,Works,Nil,Nil,"521,949",28-Jan-2023,"INR 521,949",NA,NA,NA,NA,,,,,,
124,Construction of bathing ghat on LFB of river Rushikulya at Sorisabilli,Aska,761111,"CE-BM,RVN Basin,Berhampur||S.E. Southern Irr. Circle I Berhampur||EE Bhanjanagar Irrigation Divn Bhanjanagar","SE, BhanjanagarIrr. Divn., Bhanjanagar",Construction of bathing ghat on LFB of river Rushikulya at Sorisabilli,"5,62,280",Civil Works - Others,,e-BNID-08/2022-23,2022_CEBMB_82808_28,Open Tender,Works,Nil,Nil,"477,994",23-Jan-2023,"INR 477,994",NA,NA,NA,NA,,,,,,
126,Construction of bathing ghat on RFB of river Baghua near village Balichhai,Aska,761111,"CE-BM,RVN Basin,Berhampur||S.E. Southern Irr. Circle I Berhampur||EE Bhanjanagar Irrigation Divn Bhanjanagar","SE, BhanjanagarIrr. Divn., Bhanjanagar",Construction of bathing ghat on RFB of river Baghua near village Balichhai,"5,72,378",Civil Works - Others,,e-BNID-08/2022-23,2022_CEBMB_82808_36,Open Tender,Works,Nil,Nil,"486,579",28-Jan-2023,"INR 486,579",NA,NA,NA,NA,,,,,,
127,Construction of bathing ghat on RFB of river Baghua near village Dhayakana.,Aska,761111,"CE-BM,RVN Basin,Berhampur||S.E. Southern Irr. Circle I Berhampur||EE Bhanjanagar Irrigation Divn Bhanjanagar","SE, BhanjanagarIrr. Divn., Bhanjanagar",Construction of bathing ghat on RFB of river Baghua near village Dhayakana.,"5,72,249",Civil Works - Others,,e-BNID-08/2022-23,2022_CEBMB_82808_42,Open Tender,Works,Nil,Nil,"486,469",29-Jan-2023,"INR 486,469",NA,NA,NA,NA,,,,,,
128,Construction of bathing ghat on RFB of river Baghua near village Hatiota,Aska,761111,"CE-BM,RVN Basin,Berhampur||S.E. Southern Irr. Circle I Berhampur||EE Bhanjanagar Irrigation Divn Bhanjanagar","SE, BhanjanagarIrr. Divn., Bhanjanagar",Construction of bathing ghat on RFB of river Baghua near village Hatiota,"5,71,637",Civil Works - Others,,e-BNID-08/2022-23,2022_CEBMB_82808_38,Open Tender,Works,Nil,Nil,"485,949",29-Jan-2023,"INR 485,949",NA,NA,NA,NA,,,,,,
129,Construction of bathing ghat on RFB of river Baghua near village Humuki,Aska,761111,"CE-BM,RVN Basin,Berhampur||S.E. Southern Irr. Circle I Berhampur||EE Bhanjanagar Irrigation Divn Bhanjanagar","SE, BhanjanagarIrr. Divn., Bhanjanagar",Construction of bathing ghat on RFB of river Baghua near village Humuki,"5,72,509",Civil Works - Others,,e-BNID-08/2022-23,2022_CEBMB_82808_44,Open Tender,Works,Nil,Nil,"486,690",29-Jan-2023,"INR 486,690",NA,NA,NA,NA,,,,,,
130,Construction of bathing ghat on RFB of river Baghua near village Mathetentulia,Aska,761111,"CE-BM,RVN Basin,Berhampur||S.E. Southern Irr. Circle I Berhampur||EE Bhanjanagar Irrigation Divn Bhanjanagar","SE, BhanjanagarIrr. Divn., Bhanjanagar",Construction of bathing ghat on RFB of river Baghua near village Mathetentulia,"5,71,568",Civil Works - Others,,e-BNID-08/2022-23,2022_CEBMB_82808_40,Open Tender,Works,Nil,Nil,"485,890",29-Jan-2023,"INR 485,890",NA,NA,NA,NA,,,,,,
131,Construction of bathing ghat on RFB of river Rushikulya at Nuagada Harizansahi,Aska,761111,"CE-BM,RVN Basin,Berhampur||S.E. Southern Irr. Circle I Berhampur||EE Bhanjanagar Irrigation Divn Bhanjanagar","SE, BhanjanagarIrr. Divn., Bhanjanagar",Construction of bathing ghat on RFB of river Rushikulya at Nuagada Harizansahi,"5,79,553",Civil Works - Others,,e-BNID-08/2022-23,2022_CEBMB_82808_30,Open Tender,Works,Nil,Nil,"492,678",23-Jan-2023,"INR 492,678",NA,NA,NA,NA,,,,,,
132,Construction of bathing ghat on RFB of river Rushikulya in front of School at Tatabali,Aska,761111,"CE-BM,RVN Basin,Berhampur||S.E. Southern Irr. Circle I Berhampur||EE Bhanjanagar Irrigation Divn Bhanjanagar","SE, BhanjanagarIrr. Divn., Bhanjanagar",Construction of bathing ghat on RFB of river Rushikulya in front of School at Tatabali,"6,00,729",Civil Works - Others,,e-BNID-08/2022-23,2022_CEBMB_82808_31,Open Tender,Works,Nil,Nil,"510,680",27-Jan-2023,"INR 510,680",NA,NA,NA,NA,,,,,,
133,Construction of bathing ghat on RFB of river Rushikulya near Suramani Swapneswar Temple,Aska,761111,"CE-BM,RVN Basin,Berhampur||S.E. Southern Irr. Circle I Berhampur||EE Bhanjanagar Irrigation Divn Bhanjanagar","SE, BhanjanagarIrr. Divn., Bhanjanagar",Construction of bathing ghat on RFB of river Rushikulya near Suramani Swapneswar Temple,"6,31,920",Civil Works - Others,,e-BNID-08/2022-23,2022_CEBMB_82808_26,Open Tender,Works,Nil,Nil,"537,195",23-Jan-2023,"INR 537,195",NA,NA,NA,NA,,,,,,
134,Construction of bathing ghat on RFB of river Rushikulya near U/S of village Sundarapalli,Aska,761111,"CE-BM,RVN Basin,Berhampur||S.E. Southern Irr. Circle I Berhampur||EE Bhanjanagar Irrigation Divn Bhanjanagar","SE, BhanjanagarIrr. Divn., Bhanjanagar",Construction of bathing ghat on RFB of river Rushikulya near U/S of village Sundarapalli,"7,54,819",Civil Works - Others,,e-BNID-08/2022-23,2022_CEBMB_82808_47,Open Tender,Works,Nil,Nil,"641,672",29-Jan-2023,"INR 641,672",NA,NA,NA,NA,,,,,,
136,Construction of bathing step and restoration to LFB of river Jorou at Khariguda,Aska,761111,"CE-BM,RVN Basin,Berhampur||S.E. Southern Irr. Circle I Berhampur||EE Bhanjanagar Irrigation Divn Bhanjanagar","SE, BhanjanagarIrr. Divn., Bhanjanagar",Construction of bathing step and restoration to LFB of river Jorou at Khariguda,"6,83,334",Civil Works - Others,,e-BNID-08/2022-23,2022_CEBMB_82808_32,Open Tender,Works,Nil,Nil,"580,902",27-Jan-2023,"INR 580,902",NA,NA,NA,NA,,,,,,
145,Construction of Boxcell Culvert at 32.900 km on Angul Tikarpada road under state plan for the year 2021-22.,ANGUL,759122,EIC-CIVIL||SERNB-CIRCLE-DHENKANAL||EERNB Angul Division,O/O the Executive Engineer Angul R and B Division,Construction of Boxcell Culvert at 32.900 km on Angul Tikarpada road under state plan for the year 2021-22.,"75,02,070",Civil Works - Roads,,EE (R and B) Angul-12/ 2021-22,2021_EICCL_72245_3,Open Tender,Works,Nil,Nil,"6,377,510",26-Jun-2022,"INR 6,377,510",NA,NA,NA,NA,,,,,,
154,Construction of c.c. drain and culvert from PTC colony to Revenue Colony in ward no.20,Angul,759122,Municipal Bodies||Angul Municipality,"O/O Executive Officer, Angul Municipality",Construction of c.c. drain and culvert from PTC colony to Revenue Colony in ward no.20,"4,82,177",Civil Works - Others,,EO/AGLM-25/2021-22,2022_ORULB_76531_41,Open Tender,Works,Nil,Nil,"513,090",30-Dec-2022,"INR 482,176.93",NA,NA,NA,NA,,,,,,
155,Construction of c.c. drain and slab inside Municipality Colony in ward No.2,Angul,759122,Municipal Bodies||Angul Municipality,"O/O Executive Officer, Angul Municipality",Construction of c.c. drain and slab inside Municipality Colony in ward No.2,"89,296",Civil Works - Others,,EO/AGLM-25/2021-22,2022_ORULB_76531_27,Open Tender,Works,Nil,Nil,"85,019",21-Jan-2023,"INR 89,295.6",NA,NA,NA,NA,,,,,,
156,Construction of c.c. drain at back side of Perfect Clinic,Angul,759122,Municipal Bodies||Angul Municipality,"O/O Executive Officer, Angul Municipality, Angul",Construction of c.c. drain at back side of Perfect Clinic,"5,93,769",Civil Works - Others,,EO/AGLM-09/2022-23,2022_ORULB_82324_11,Open Tender,Works,Nil,Nil,"593,769",27-Mar-2023,"INR 593,768.84",NA,NA,NA,NA,,,,,,
157,Construction of c.c. drain at Radharamanpada in ward No.15,Angul,759122,Municipal Bodies||Angul Municipality,"O/O Executive Officer, Angul Municipality, Angul",Construction of c.c. drain at Radharamanpada in ward No.15,"4,02,725",Civil Works - Others,,EO/AGLM-08/2022-23,2022_ORULB_81626_13,Open Tender,Works,Nil,Nil,"342,356",21-Feb-2023,"INR 402,724.99",NA,NA,NA,NA,,,,,,
158,Construction of c.c. drain at Sweeper Colony in ward No.19,Angul,759122,Municipal Bodies||Angul Municipality,"O/O Executive Officer, Angul Municipality",Construction of c.c. drain at Sweeper Colony in ward No.19,"1,93,807",Civil Works - Others,,EO/AGLM-25/2021-22,2022_ORULB_76531_30,Open Tender,Works,Nil,Nil,"184,525",30-Dec-2022,"INR 193,806.57",NA,NA,NA,NA,,,,,,
159,Construction of c.c. drain back side of SUH building in ward No.18,Angul,759122,Municipal Bodies||Angul Municipality,"O/O Executive Officer, Angul Municipality",Construction of c.c. drain back side of SUH building in ward No.18,"6,09,895",Civil Works - Others,,EO/AGLM-25/2021-22,2022_ORULB_76531_45,Open Tender,Works,Nil,Nil,"580,689",30-Dec-2022,"INR 609,895.39",NA,NA,NA,NA,,,,,,
160,Construction of c.c. drain from Amulya Jena house to Ananda Ch. Pradhan house at Millan Villa in ward No.1,Angul,759122,Municipal Bodies||Angul Municipality,"O/O Executive Officer, Angul Municipality",Construction of c.c. drain from Amulya Jena house to Ananda Ch. Pradhan house at Millan Villa in ward No.1,"4,65,199",Civil Works - Others,,EO/AGLM-25/2021-22,2022_ORULB_76531_40,Open Tender,Works,Nil,Nil,"442,922",01-Oct-2022,"INR 465,199.02",NA,NA,NA,NA,,,,,,
161,Construction of c.c. drain from Babu Pattanayak house drain junction to canal in ward No.18,Angul,759122,Municipal Bodies||Angul Municipality,"O/O Executive Officer, Angul Municipality",Construction of c.c. drain from Babu Pattanayak house drain junction to canal in ward No.18,"1,09,859",Civil Works - Others,,EO/AGLM-25/2021-22,2022_ORULB_76531_28,Open Tender,Works,Nil,Nil,"104,598",18-Jan-2023,"INR 109,859.21",NA,NA,NA,NA,,,,,,
162,Construction of c.c. drain from Basanta Kumar Kar house to Mayadhar Pradhan house in ward No.4,Angul,759122,Municipal Bodies||Angul Municipality,"O/O Executive Officer, Angul Municipality, Angul",Construction of c.c. drain from Basanta Kumar Kar house to Mayadhar Pradhan house in ward No.4,"10,24,200",Civil Works - Others,,EO/AGLM-02/2022-23,2022_ORULB_77875_9,Open Tender,Works,Nil,Nil,"970,430",20-Oct-2022,"INR 1,024,200.14",NA,NA,NA,NA,,,,,,
163,Construction of c.c. drain from Brahmananda Behera house to Prasanta Behera house in ward No.16,Angul,759122,Municipal Bodies||Angul Municipality,"O/O Executive Officer, Angul Municipality",Construction of c.c. drain from Brahmananda Behera house to Prasanta Behera house in ward No.16,"7,41,126",Civil Works - Others,,EO/AGLM-25/2021-22,2022_ORULB_76531_48,Open Tender,Works,Nil,Nil,"776,107",21-Jan-2023,"INR 741,126.04",NA,NA,NA,NA,,,,,,
164,Construction of c.c. drain from Dibyajyoti talkies to Harimohury chhak via- Kalinga Market in ward No.23,Angul,759122,Municipal Bodies||Angul Municipality,"O/O Executive Officer, Angul Municipality",Construction of c.c. drain from Dibyajyoti talkies to Harimohury chhak via- Kalinga Market in ward No.23,"3,66,555",Civil Works - Others,,EO/AGLM-25/2021-22,2022_ORULB_76531_37,Open Tender,Works,Nil,Nil,"410,541",05-Jan-2023,"INR 366,554.61",NA,NA,NA,NA,,,,,,
165,Construction of c.c. drain from Jagannath Das house to Santosh Tripathy house in ward no.18,Angul,759122,Municipal Bodies||Angul Municipality,"O/O Executive Officer, Angul Municipality",Construction of c.c. drain from Jagannath Das house to Santosh Tripathy house in ward no.18,"2,39,313",Civil Works - Others,,EO/AGLM-25/2021-22,2022_ORULB_76531_33,Open Tender,Works,Nil,Nil,"253,744",21-Jan-2023,"INR 239,312.69",NA,NA,NA,NA,,,,,,
166,Construction of c.c. drain from Jangyesh Kar house to Manoj Mishra house in ward No.06,Angul,759122,Municipal Bodies||Angul Municipality,"O/O Executive Officer, Angul Municipality",Construction of c.c. drain from Jangyesh Kar house to Manoj Mishra house in ward No.06,"5,93,759",Civil Works - Others,,EO/AGLM-25/2021-22,2022_ORULB_76531_44,Open Tender,Works,Nil,Nil,"631,826",01-Oct-2022,"INR 593,759",NA,NA,NA,NA,,,,,,
167,Construction of c.c. drain from Kuntala Mohanty house to syphone in ward No.19,Angul,759122,Municipal Bodies||Angul Municipality,"O/O Executive Officer, Angul Municipality",Construction of c.c. drain from Kuntala Mohanty house to syphone in ward No.19,"10,28,658",Civil Works - Others,,EO/AGLM-25/2021-22,2022_ORULB_76531_50,Open Tender,Works,Nil,Nil,"1,094,607",01-Oct-2022,"INR 1,028,657.66",NA,NA,NA,NA,,,,,,
169,Construction of c.c. drain from Nrusingha Naik house to Prafulla Mishra Apartment in ward No.12,Angul,759122,Municipal Bodies||Angul Municipality,"O/O Executive Officer, Angul Municipality",Construction of c.c. drain from Nrusingha Naik house to Prafulla Mishra Apartment in ward No.12,"3,82,213",Civil Works - Others,,EO/AGLM-25/2021-22,2022_ORULB_76531_38,Open Tender,Works,Nil,Nil,"400,254",21-Jan-2023,"INR 382,213.15",NA,NA,NA,NA,,,,,,
170,Construction of c.c. drain from Pabitra Mohan Pradhan house to Ashok Kumar Pradhan house in ward No.11,Angul,759122,Municipal Bodies||Angul Municipality,"O/O Executive Officer, Angul Municipality, Angul",Construction of c.c. drain from Pabitra Mohan Pradhan house to Ashok Kumar Pradhan house in ward No.11,"6,33,955",Civil Works - Others,,EO/AGLM-08/2022-23,2022_ORULB_81626_19,Open Tender,Works,Nil,Nil,"538,925",21-Feb-2023,"INR 633,955.24",NA,NA,NA,NA,,,,,,
171,Construction of c.c. drain from Satasangha Vihar to Parichaya Gruha in ward No.14,Angul,759122,Municipal Bodies||Angul Municipality,"O/O Executive Officer, Angul Municipality",Construction of c.c. drain from Satasangha Vihar to Parichaya Gruha in ward No.14,"5,07,184",Civil Works - Others,,EO/AGLM-25/2021-22,2022_ORULB_76531_43,Open Tender,Works,Nil,Nil,"539,700",30-Dec-2022,"INR 507,184.19",NA,NA,NA,NA,,,,,,
172,Construction of c.c. drain from Shibani Das house to blessed Hope Church in ward no.17,Angul,759122,Municipal Bodies||Angul Municipality,"O/O Executive Officer, Angul Municipality",Construction of c.c. drain from Shibani Das house to blessed Hope Church in ward no.17,"3,40,181",Civil Works - Others,,EO/AGLM-25/2021-22,2022_ORULB_76531_35,Open Tender,Works,Nil,Nil,"361,991",01-Oct-2022,"INR 340,181.48",NA,NA,NA,NA,,,,,,
173,Construction of c.c. drain from Siv Sagar shop to Lingarajodi river in ward No.6,Angul,759122,Municipal Bodies||Angul Municipality,"O/O Executive Officer, Angul Municipality, Angul",Construction of c.c. drain from Siv Sagar shop to Lingarajodi river in ward No.6,"2,16,096",Civil Works - Others,,EO/AGLM-08/2022-23,2022_ORULB_81626_2,Open Tender,Works,Nil,Nil,"216,096",21-Feb-2023,"INR 216,096.36",NA,NA,NA,NA,,,,,,
174,Construction of c.c. drain from Tarini temple to Pradipta Sahu house in ward No.17,Angul,759122,Municipal Bodies||Angul Municipality,"O/O Executive Officer, Angul Municipality, Angul",Construction of c.c. drain from Tarini temple to Pradipta Sahu house in ward No.17,"2,37,575",Civil Works - Others,,EO/AGLM-09/2022-23,2022_ORULB_82324_2,Open Tender,Works,Nil,Nil,"237,575",27-Mar-2023,"INR 237,575.15",NA,NA,NA,NA,,,,,,
175,"Construction of cable trench and making precast slabs for 11/33/220/400 KV Switchyard of UIHEP, Mukhiguda.","O/o the Sr. General Manager(El),UIHEP,Mukhiguda",766026,Odisha Hydro Power Corporation Ltd||Upper Indravati H.E. Project Mukhiguda,"O/o the Sr. General Manager(El),UIHEP,Mukhiguda","Construction of cable trench and making precast slabs for 11/33/220/400 KV Switchyard of UIHEP, Mukhiguda.","16,60,174",Civil Works - Others,Cable Trench,e-TCN-42/2021-22 Dt.29.12.2021,2021_OHPCL_75225_1,Open Tender,Works,Nil,Nil,"1,809,590",09-May-2022,"INR 1,809,590",NA,NA,NA,NA,,,,,,
178,Construction of CC drain and internal CC road at Badaramachandrapur RR colony of Deo Irrigation Project.,Badaramachandrapur,757037,CCE Deo Irr Project Karanjia||CCE Deo Irr Project Karanjia||E.E Deo Head Works Divn Karanjia,"O/o the SE, DHWD,Karanjia",Construction of CC drain and internal CC road at Badaramachandrapur RR colony of Deo Irrigation Project.,"60,90,937",Civil Works - Roads,,04(3)/SEDHWD OF 2022-23,2023_CCEDI_85059_1,Open Tender,Works,Nil,Nil,"5,177,906",17-Feb-2023,"INR 5,176,906",NA,NA,NA,NA,,,,,,
180,"Construction of CC road with drain from Loknath Senapati house to Jagannath Mandir house, Ward No-10.",Ward No-10,768222,Municipal Bodies||Kuchinda NAC,OFFICE OF THE NAC KUCHINDA,"Construction of CC road with drain from Loknath Senapati house to Jagannath Mandir house, Ward No-10.","2,65,086",Civil Works - Others,,KCDA/NAC-1/2022-23,2022_ORULB_77702_12,Open Tender,Works,Nil,Nil,"225,349.27",15-Nov-2022,"INR 225,349.27",NA,NA,NA,NA,,,,,,
183,"Construction of cement Concrete drain Rama Charan Ray house to Sukru Sahu house, Ward No-2",Ward No-2,768222,Municipal Bodies||Kuchinda NAC,OFFICE OF THE NAC KUCHINDA,"Construction of cement Concrete drain Rama Charan Ray house to Sukru Sahu house, Ward No-2","1,75,810",Civil Works - Others,,KCDA/NAC-1/2022-23,2022_ORULB_77702_22,Open Tender,Works,Nil,Nil,"149,456.44",16-Nov-2022,"INR 149,456.44",NA,NA,NA,NA,,,,,,
184,"Construction of Cement Concrete drain Tala Bandha towards Sharma house, Ward No-2",Ward No-2,768222,Municipal Bodies||Kuchinda NAC,OFFICE OF THE NAC KUCHINDA,"Construction of Cement Concrete drain Tala Bandha towards Sharma house, Ward No-2","1,75,810",Civil Works - Others,,KCDA/NAC-1/2022-23,2022_ORULB_77702_25,Open Tender,Works,Nil,Nil,"149,456.44",15-Nov-2022,"INR 149,456.44",NA,NA,NA,NA,,,,,,
185,CONSTRUCTION OF CEMENT CONCRETE DRAIN WITH COVER PLATE FROM PRAFULLA BEHERA HOUSE TO PRATAP BARIK HOUSE IN WARD NO- 01,WARD NO-01,766015,Municipal Bodies||Dharmagarh NAC,DHARMAGARH NAC,CONSTRUCTION OF CEMENT CONCRETE DRAIN WITH COVER PLATE FROM PRAFULLA BEHERA HOUSE TO PRATAP BARIK HOUSE IN WARD NO- 01,"8,92,857",Civil Works - Roads,,DHARAMGARH/NAC/01/2022-23,2022_ORULB_80747_63,Open Tender,Works,Nil,Nil,"882,857.00",13-Mar-2023,"INR 882,857.002",NA,NA,NA,NA,,,,,,
186,CONSTRUCTION OF CEMENT CONCRETE ROAD AND DRAIN WITH COVER PLATE FROM N.H 130C TO NATHURAM HOUSE IN WARD NO- 03,WARD NO-03,766015,Municipal Bodies||Dharmagarh NAC,DHARMAGARH NAC,CONSTRUCTION OF CEMENT CONCRETE ROAD AND DRAIN WITH COVER PLATE FROM N.H 130C TO NATHURAM HOUSE IN WARD NO- 03,"2,50,000",Civil Works - Roads,,DHARAMGARH/NAC/01/2022-23,2022_ORULB_80747_58,Open Tender,Works,Nil,Nil,"248,275",13-Mar-2023,"INR 248,275",NA,NA,NA,NA,,,,,,
187,"Construction of Cement Concrete road with drain from Arjun Pradhan house to Narsingha Chhatria house, Ward No-3",Ward No-3,768222,Municipal Bodies||Kuchinda NAC,OFFICVE OF THE NAC KUCHINDA,"Construction of Cement Concrete road with drain from Arjun Pradhan house to Narsingha Chhatria house, Ward No-3","2,19,510",Civil Works - Others,,KCDA/NAC-1/2022-23,2022_ORULB_77702_20,Open Tender,Works,Nil,Nil,"186,605.99",15-Nov-2022,"INR 186,605.99",NA,NA,NA,NA,,,,,,
188,"Construction of Cement Concrete road with drain from Sudhansu Mahapatra house to Susanta Mahakul house, Ward No-9.",Ward No-9,768222,Municipal Bodies||Kuchinda NAC,OFFICE OF THE NAC KUCHINDA,"Construction of Cement Concrete road with drain from Sudhansu Mahapatra house to Susanta Mahakul house, Ward No-9.","2,21,053",Civil Works - Roads,,KCDA/NAC-1/2022-23,2022_ORULB_77702_11,Open Tender,Works,Nil,Nil,"187,917.68",15-Nov-2022,"INR 187,917.68",NA,NA,NA,NA,,,,,,
190,Construction of Check dam over Kamalabada Nalla in Nuagada block of Block of Gajapapti District under MATY Scheme 2022-23,Nuagada,761214,"CE,Minor Irrigation,BBSR||SESMIC-BERHAMPUR||GAJAPATI","S.E.M.I.DIVISION, GAJAPTI PARALAKHEMUNDI",Construction of Check dam over Kamalabada Nalla in Nuagada block of Block of Gajapapti District under MATY Scheme 2022-23,"21,27,675",Civil Works - Others,,MIDGJP-06/2022-23,2023_CEMIB_85213_2,Open Tender,Works,Nil,Nil,"1,808,737",03-Mar-2023,"INR 2,127,675.18",NA,NA,NA,NA,,,,,,
197,"Construction of Culvert at Sargidhi Slum, Ward No-4,Kuchinda NAC",Ward No-4,768222,Municipal Bodies||Kuchinda NAC,OFFICE OF THE EXECUTIVE OFFICER NAC KUCHINDA,"Construction of Culvert at Sargidhi Slum, Ward No-4,Kuchinda NAC","97,740",Civil Works - Others,,KCDA/NAC-11/2021-22,2021_ORULB_72707_24,Open Tender,Works,Nil,Nil,"83,039.91",28-Oct-2022,"INR 83,039.91",NA,NA,NA,NA,,,,,,
216,"Construction of Drain at Padamavati Nagar 6th line to Joka Bandha Front ,Ward No 9",Hinjilicut Municipality,761102,Municipal Bodies||Hinjilicut Municipal Council,Hinjilicut Municipality,"Construction of Drain at Padamavati Nagar 6th line to Joka Bandha Front ,Ward No 9","15,89,509",Civil Works - Others,,HIN-MUN-02/2021-22,2021_ORULB_71885_5,Open Tender,Works,Nil,Nil,"1,351,242.37",03-Aug-2022,"INR 1,589,509.9",NA,NA,NA,NA,,,,,,
228,Construction of drain from Omm residency towards PWD drain in ward No.6,Angul,759122,Municipal Bodies||Angul Municipality,"O/O Executive Officer, Angul Municipality, Angul",Construction of drain from Omm residency towards PWD drain in ward No.6,"9,91,490",Civil Works - Others,,EO/AGLM-15/2021-22,2021_ORULB_71271_1,Open Tender,Works,Nil,Nil,"944,008",24-Jan-2023,"INR 991,488.81",NA,NA,NA,NA,,,,,,
232,Construction of drain from Ranjan Pradhan house to Binod Behera house at Sikhyakapada in ward No.1,Angul,759122,Municipal Bodies||Angul Municipality,"O/O Executive Officer, Angul Municipality",Construction of drain from Ranjan Pradhan house to Binod Behera house at Sikhyakapada in ward No.1,"3,41,070",Civil Works - Others,,EO/AGLM-25/2021-22,2022_ORULB_76531_36,Open Tender,Works,Nil,Nil,"324,737",01-Oct-2022,"INR 341,070.44",NA,NA,NA,NA,,,,,,
239,Construction of drain from TATA Heat paint shop to Pabi Senapati house in ward no.5,Angul,759122,Municipal Bodies||Angul Municipality,"O/O Executive Officer, Angul Municipality",Construction of drain from TATA Heat paint shop to Pabi Senapati house in ward no.5,"1,72,395",Civil Works - Others,,EO/AGLM-25/2021-22,2022_ORULB_76531_29,Open Tender,Works,Nil,Nil,"183,447",21-Jan-2023,"INR 172,394.73",NA,NA,NA,NA,,,,,,
242,"Construction of drain near new market complex ,Ward No-4,Kuchinda NAC",Ward No-4,768222,Municipal Bodies||Kuchinda NAC,OFFICE OF THE NAC KUCHINDA,"Construction of drain near new market complex ,Ward No-4,Kuchinda NAC","5,22,518",Civil Works - Others,,KCDA/NAC-5/2022-23,2022_ORULB_82029_8,Open Tender,Works,Nil,Nil,"441,383.01",16-Nov-2022,"INR 441,383.01",NA,NA,NA,NA,,,,,,
249,"Construction of fire fighting pump house building, fire fighting water tank, boundary wall, cement concrete road and drain inside Pump House premises, BHEP, Balimela","Power House premises, BHEP, Balimela",764051,Odisha Hydro Power Corporation Ltd||Balimela H.E. Project Balimela,"O/o the Unit Head, BHEP, Balimela","Construction of fire fighting pump house building, fire fighting water tank, boundary wall, cement concrete road and drain inside Pump House premises, BHEP, Balimela","1,39,10,814",Civil Works - Buildings,"Industrial building, water tank, brick wall, Road  ",BHEP/29/2021-22 DATED 04.12.2021,2021_OHPCL_73661_1,National Competitive Bid,Works,Nil,Nil,"11,825,583",10-Jun-2022,"INR 11,825,583",NA,NA,NA,NA,,,,,,
303,Construction of P.K.W cum VRB on Kantia Nalla at RD 2600m near village Bailo and Gourangapur in Athagarh Block,Construction of P.K.W cum VRB on Kantia Nalla at R,753003,"CE,Drainage,Cuttack||SE,Drainage,Cuttack",Additional Chief Engineer Drainage Circle Cuttack,Construction of PKW cum VRB on Kantia Nalla at RD 2600m near village Bailo and Gourangapur in Athagarh Block,"3,96,87,327",Civil Works - Others,,SEDC-CTC/DDCTC-14/2021-22,2021_CEDC_72650_1,National Competitive Bid,Works,Nil,Nil,"33,738,196",25-Apr-2022,"INR 33,738,196",NA,NA,NA,NA,,,,,,
309,Construction of paver block road and drain at Laxmi temple in ward No.20,Angul,759122,Municipal Bodies||Angul Municipality,"O/O Executive Officer, Angul Municipality",Construction of paver block road and drain at Laxmi temple in ward No.20,"17,86,868",Civil Works - Others,,EO/AGLM-25/2021-22,2022_ORULB_76531_26,Open Tender,Works,Nil,Nil,"1,701,298",18-Jan-2023,"INR 1,786,867.64",NA,NA,NA,NA,,,,,,
310,Construction of paver block road and drain from Jayakrishna Behera house to Prativa Pal at Jagannath Vihar in ward No.1,Angul,759122,Municipal Bodies||Angul Municipality,"O/O Executive Officer, Angul Municipality",Construction of paver block road and drain from Jayakrishna Behera house to Prativa Pal at Jagannath Vihar in ward No.1,"5,40,241",Civil Works - Others,,EO/AGLM-25/2021-22,2022_ORULB_76531_21,Open Tender,Works,Nil,Nil,"514,370",21-Jan-2023,"INR 540,240.69",NA,NA,NA,NA,,,,,,
311,Construction of paver block road from Main road to SUH with protection wall in ward No.18,Angul,759122,Municipal Bodies||Angul Municipality,"O/O Executive Officer, Angul Municipality",Construction of paver block road from Main road to SUH with protection wall in ward No.18,"2,76,846",Civil Works - Others,,EO/AGLM-25/2021-22,2022_ORULB_76531_9,Open Tender,Works,Nil,Nil,"288,735",05-Jan-2023,"INR 276,846.27",NA,NA,NA,NA,,,,,,
312,Construction of paver block road from Pravas sahu house to culvert in ward No.20,Angul,759122,Municipal Bodies||Angul Municipality,"O/O Executive Officer, Angul Municipality",Construction of paver block road from Pravas sahu house to culvert in ward No.20,"3,21,444",Civil Works - Others,,EO/AGLM-25/2021-22,2022_ORULB_76531_20,Open Tender,Works,Nil,Nil,"306,050",01-Oct-2022,"INR 321,443.51",NA,NA,NA,NA,,,,,,
313,Construction of paver block road with RCC drain from Plot No.17 to Plot No.283 at Mahanadibihar in Ward No.47.,CMC area,753012,Municipal Bodies||Cuttack Municipal Corporation,"Bikash Bhawan,Jagannath Lane,Badambadi-753012",Construction of paver block road with RCC drain from Plot No.17 to Plot No.283 at Mahanadibihar in Ward No.47.,"19,69,168",Civil Works - Others,,MC(CMC)CTC_Div-II_No1/2022-23,2022_ORULB_75429_42,Open Tender,Works,Nil,Nil,"2,028,243",20-Aug-2022,"INR 2,028,243",NA,NA,NA,NA,,,,,,
318,CONSTRUCTION OF PAVER ROAD WITH COVER DRAIN FROM PWD ROAD NEAR PRATAP THAKUR HOUSE TO PAHALI HOUSE IN WARD NO-04,WARD NO-04,766015,Municipal Bodies||Dharmagarh NAC,DHARMAGARH NAC,CONSTRUCTION OF PAVER ROAD WITH COVER DRAIN FROM PWD ROAD NEAR PRATAP THAKUR HOUSE TO PAHALI HOUSE IN WARD NO-04,"5,96,429",Civil Works - Roads,,DHARAMGARH/NAC/01/2022-23,2022_ORULB_80747_51,Open Tender,Works,Nil,Nil,"507,024.29",13-Mar-2023,"INR 507,024.293",NA,NA,NA,NA,,,,,,
321,"Construction of Protection wall ,from RD-39.320 km to 39.350km and repair of head wall of Makaput HR offtaking from JMC at RD-39.330km.",BORIGUMMA,764056,"CCE,Upper Kolab Project,Jeypore||CCE,Upper Kolab Project, Bariniput||EE, Upper Kolab Irrigation Divn IV, Boriguma","Office of the SE UKIDIVN, Borigumma,Dist-Koraput",CANAL STRUCTURAL WORKS,"7,91,084",Civil Works - Canal,,SEUKID 01/2022-23 (SL 20),2022_CCEJE_82202_1,Open Tender,Works,Nil,Nil,"672,501",28-Nov-2022,"INR 791,084",NA,NA,NA,NA,,,,,,
323,Construction of protection wall for intake well and construction of watchmen shed near intake site at Subarnapur Municipality.,Subarnapur Municipality,767017,PHEO||PH Circle Bhawanipatna||PH Division Balangir,"Superintending Engineer, P.H. Division, Balangir",Construction of protection wall for intake well and construction of watchmen shed near intake site at Subarnapur Municipality.,"86,47,890",Civil Works - Water Works,,SEPHBGR20/2021-22,2021_PHEO_70060_4,National Competitive Bid,Works,Nil,Nil,"8,064,158",16-Nov-2022,"INR 8,647,890.18",NA,NA,NA,NA,,,,,,
324,Construction of protection wall from RD 1.750km to 1.950km of Panchia minor offtaking from Karlahandi Disty.,BORIGUMMA,764056,"CCE,Upper Kolab Project,Jeypore||CCE,Upper Kolab Project, Bariniput||EE, Upper Kolab Irrigation Divn IV, Boriguma","Office of the SE UKIDIVN, Borigumma,Dist-Koraput.",CANAL STRUCTURAL WORK,"8,31,580",Civil Works - Canal,,SEUKID 02/2022-23 (SL 23),2022_CCEJE_83321_1,Open Tender,Works,Nil,Nil,"706,926",02-Jan-2023,"INR 831,580",NA,NA,NA,NA,,,,,,
325,Construction of protection wall from RD 1430m to 1680m of Sadaranga sub minor offtaking from Belagaon Disty.,BORIGUMMA,764056,"CCE,Upper Kolab Project,Jeypore||CCE,Upper Kolab Project, Bariniput||EE, Upper Kolab Irrigation Divn IV, Boriguma","Office of the SE UKIDIVN, Borigumma,Dist-Koraput.",CANAL STRUCTURAL WORK,"8,10,128",Civil Works - Canal,,SEUKID 02/2022-23 (SL 20),2022_CCEJE_83317_1,Open Tender,Works,Nil,Nil,"688,690",02-Jan-2023,"INR 810,128",NA,NA,NA,NA,,,,,,
326,Construction of protection wall from RD 2720m to 2920m of Sandhagaon minor.,BORIGUMMA,764056,"CCE,Upper Kolab Project,Jeypore||CCE,Upper Kolab Project, Bariniput||EE, Upper Kolab Irrigation Divn IV, Boriguma","Office of the SE UKIDIVN, Borigumma,Dist-Koraput.",CANAL STRUCTURAL WORK,"7,38,687",Civil Works - Canal,,SEUKID 02/2022-23 (SL 21),2022_CCEJE_83319_1,Open Tender,Works,Nil,Nil,"627,957",02-Jan-2023,"INR 738,687",NA,NA,NA,NA,,,,,,
328,Construction of protection wall from RD 400m to 560m of Ekama minor offtaking from RD 56.370km of JMC.,BORIGUMMA,764056,"CCE,Upper Kolab Project,Jeypore||CCE,Upper Kolab Project, Bariniput||EE, Upper Kolab Irrigation Divn IV, Boriguma","Office of the SE UKIDIVN, Borigumma,Dist-Koraput.",CANAL STRUCTURAL WORK,"7,24,693",Civil Works - Canal,,SEUKID 02/2022-23 (SL 24),2022_CCEJE_83322_1,Open Tender,Works,Nil,Nil,"616,062",02-Jan-2023,"INR 724,693",NA,NA,NA,NA,,,,,,
333,Construction of Protection wall on both banks near CD No 1 from RD 0.500 km to 0.840 km of Kusumi Sub Minor II.,BORIGUMMA,764056,"CCE,Upper Kolab Project,Jeypore||CCE,Upper Kolab Project, Bariniput||EE, Upper Kolab Irrigation Divn IV, Boriguma","Office of the SE UKIDIVN, Borigumma,Dist-Koraput.",Canal Structural work,"7,07,825",Civil Works - Canal,,SEUKID 01/2022-23 (SL 5),2022_CCEJE_82163_1,Open Tender,Works,Nil,Nil,"601,722",28-Nov-2022,"INR 707,825",NA,NA,NA,NA,,,,,,
335,Construction of Protection Work(Toe Wall) to Prevent from Land Sliding from RD 819.50 mtr.to 1215.00 mtr.of Pakhnaguda-Katharagada Minor,AMBAGUDA,764055,"CCE,Upper Kolab Project,Jeypore||CCE,Upper Kolab Project, Bariniput||EE Telingiri Canal Division No.II Ambaguda",S. E. Telengiri Canal Division Ambaguda,Construction of Protection Work(Toe Wall) to Prevent from Land Sliding from RD 819.50 mtr.to 1215.00 mtr.of Pakhnaguda-Katharagada Minor,"19,36,410",Civil Works - Others,,SETCD-03/2022-23(3),2023_CCEJE_85470_1,Open Tender,Works,Nil,Nil,"1,646,141.72",24-Feb-2023,"INR 1,936,409.509",NA,NA,NA,NA,,,,,,
337,Construction of Rambhila Check Dam near village Rambhila over Kundakhaijore nalla in Aul Block under MATY grant for the year 2022-23,jajpur,755001,"CE,Minor Irrigation,BBSR||SECMIC-BHUBANESWAR||CUTTACK",SE MI DIVISION JAJPUR,Construction of Rambhila Check Dam near village Rambhila over Kundakhaijore nalla in Aul Block under MATY grant for the year 2022-23,"40,45,943",Civil Works - Others,,SEMIDJAJ_08/2022-23,2023_CEMIB_85193_1,Open Tender,Works,Nil,Nil,"3,439,455.88",21-Mar-2023,"INR 3,439,455.88",NA,NA,NA,NA,,,,,,
339,Construction of RCC culvert to Bharat Nagar slum in ward No.17,Angul,759122,Municipal Bodies||Angul Municipality,"O/O Executive Officer, Angul Municipality, Angul",Construction of RCC culvert to Bharat Nagar slum in ward No.17,"1,77,400",Civil Works - Others,,EO/AGLM-09/2021-22,2021_ORULB_70459_2,Open Tender,Works,Nil,Nil,"150,802",18-Jan-2023,"INR 177,393.77",NA,NA,NA,NA,,,,,,
344,"Construction of RCC layer over dry stone wall and base of internal drain of RR colony, Bidyadharapur of Chheligada Irrigation Project.",Mahendragada,761017,"CE-BM,RVN Basin,Berhampur||SE Southern Irr Circle II Paralakhemundi||EE Chheligada Head Works Divn Mahendragada","O/o S.E., Chheligada Head Works Divn., Mahendragad",Construction of RCC layer,"12,31,000",Civil Works - Others,,SE-CHWD-05/2022-23,2023_CEBMB_85329_5,Open Tender,Works,Nil,Nil,"1,046,345",23-Mar-2023,"INR 1,046,345",NA,NA,NA,NA,,,,,,
377,Construction of SKEW culvert at Uamsankar Acharaya house of ward No.17 Bharata Nagar,Angul,759122,Municipal Bodies||Angul Municipality,"O/O Executive Officer, Angul Municipality, Angul",Construction of SKEW culvert at Uamsankar Acharaya house of ward No.17 Bharata Nagar,"1,36,600",Civil Works - Others,,EO/AGLM-09/2021-22,2021_ORULB_70459_1,Open Tender,Works,Nil,Nil,"116,130",17-Jan-2023,"INR 136,607.92",NA,NA,NA,NA,,,,,,
383,Construction of step on LFB of river Padma at Khilabadi,Aska,761111,"CE-BM,RVN Basin,Berhampur||S.E. Southern Irr. Circle I Berhampur||EE Bhanjanagar Irrigation Divn Bhanjanagar","SE, BhanjanagarIrr. Divn., Bhanjanagar",Construction of step on LFB of river Padma at Khilabadi,"5,94,056",Civil Works - Others,,e-BNID-08/2022-23,2022_CEBMB_82808_35,Open Tender,Works,Nil,Nil,"505,007",28-Jan-2023,"INR 505,007",NA,NA,NA,NA,,,,,,
384,Construction of step on RFB of river Rushikulya near Sri Pudugeswar Temple and Additional steps near gauge post,Aska,761111,"CE-BM,RVN Basin,Berhampur||S.E. Southern Irr. Circle I Berhampur||EE Bhanjanagar Irrigation Divn Bhanjanagar","SE, BhanjanagarIrr. Divn., Bhanjanagar",Construction of step on RFB of river Rushikulya near Sri Pudugeswar Temple and Additional steps near gauge post,"5,62,639",Civil Works - Others,,e-BNID-08/2022-23,2022_CEBMB_82808_27,Open Tender,Works,Nil,Nil,"478,299",23-Jan-2023,"INR 478,299",NA,NA,NA,NA,,,,,,
401,Construction of VRB at RD 0.480km including protection work of Sanaparia Minor.,BORIGUMMA,764056,"CCE,Upper Kolab Project,Jeypore||CCE,Upper Kolab Project, Bariniput||EE, Upper Kolab Irrigation Divn IV, Boriguma","Office of the SE UKIDIVN, Borigumma,Dist-Koraput.",CANAL STRUCTURAL WORK,"6,39,510",Civil Works - Canal,,SEUKID 02/2022-23 (SL 08),2022_CCEJE_83299_1,Open Tender,Works,Nil,Nil,"543,648",02-Jan-2023,"INR 639,510",NA,NA,NA,NA,,,,,,
402,Construction of VRB at RD 0.500Km of Hadia Sub Minor-II including its slope protection works.,BORIGUMMA,764056,"CCE,Upper Kolab Project,Jeypore||CCE,Upper Kolab Project, Bariniput||EE, Upper Kolab Irrigation Divn IV, Boriguma","Office of the SE UKIDIVN, Borigumma,Dist-Koraput.",CANAL/ROAD STRUCTURAL WORK,"4,56,451",Civil Works - Roads,,SEUKID 01/2022-23 (SL 29),2022_CCEJE_82211_1,Open Tender,Works,Nil,Nil,"388,029",28-Nov-2022,"INR 456,451",NA,NA,NA,NA,,,,,,
403,Construction of VRB at RD 0.800km including protection work of Mohantiput Minor.,BORIGUMMA,764056,"CCE,Upper Kolab Project,Jeypore||CCE,Upper Kolab Project, Bariniput||EE, Upper Kolab Irrigation Divn IV, Boriguma","Office of the SE UKIDIVN, Borigumma,Dist-Koraput.",CANAL/ROAD STRUCTURAL WORK,"6,79,849",Civil Works - Canal,,SEUKID 01/2022-23 (SL 25),2022_CCEJE_82207_1,Open Tender,Works,Nil,Nil,"577,940",28-Nov-2022,"INR 679,849",NA,NA,NA,NA,,,,,,
404,Construction of VRB at RD 3.350 km of Telia Minor including its slope protection works.,BORIGUMMA,764056,"CCE,Upper Kolab Project,Jeypore||CCE,Upper Kolab Project, Bariniput||EE, Upper Kolab Irrigation Divn IV, Boriguma","Office of the SE UKIDIVN, Borigumma,Dist-Koraput.",CANAL/ROAD STRUCTURAL WORK,"4,46,167",Civil Works - Roads,,SEUKID 01/2022-23 (SL 30),2022_CCEJE_82212_1,Open Tender,Works,Nil,Nil,"379,287",03-Dec-2022,"INR 446,167",NA,NA,NA,NA,,,,,,
406,"Constructions of CC drain from Dusasan shop to Sobhagy Pradhan house, Ward No-11",Ward No-11,768222,Municipal Bodies||Kuchinda NAC,OFFICE OF THE NAC KUCHINDA,"Constructions of CC drain from Dusasan shop to Sobhagy Pradhan house, Ward No-11","1,75,487",Civil Works - Others,,KCDA/NAC-1/2022-23,2022_ORULB_77702_8,Open Tender,Works,Nil,Nil,"149,181.94",15-Nov-2022,"INR 149,191.94",NA,NA,NA,NA,,,,,,
407,Creating a new drainage channel for Marshaghai college campus under DIP,Creating a new drainage channel for Marshaghai col,754201,"CE,Drainage,Cuttack||SE,Drainage,Cuttack",Additional Chief Engineer Drainage Circle Cuttack,Creating a new drainage channel for Marshaghai college campus under DIP,"2,25,19,120",Civil Works - Others,,SEDC-CTC / DDKPD -09/2021-22,2021_CEDC_72390_1,National Competitive Bid,Works,Nil,Nil,"19,143,504",26-Apr-2022,"INR 19,143,504",NA,NA,NA,NA,,,,,,
409,"Development of proposed garden at Satiguda Dam including concrete drains, laying of floor tiles Over walkway paths, providing steel hand railsat the steps",KOLABNAGAR,764011,"CCE,Upper Kolab Project,Jeypore||CCE,Upper Kolab Project, Bariniput||EE , Upper Kolab Headworks Division,Kolabnagar",O/O THE SE U.K.H.W DIV. KOLABNAGAR,"Concrete Drain, Walk way Path etc.,","13,06,191",Civil Works - Others,,SE-UKHWD-10/2022-23 (2),2023_CCEJE_86077_1,Open Tender,Works,Nil,Nil,"1,110,392.64",22-Mar-2023,"INR 1,306,190.61",NA,NA,NA,NA,,,,,,
412,DRAIN AT CHARBAHAL,CHARBAHAL,766017,CE-NH||NHCIRCLE-SAMBALPUR||EENH-DIVN-KESINGA,OFFICE OF EE NH DIVISION KESINGA,CONS OF RCC DRAIN AT CHARBAHAL FROM 224 200 TO 224 400 OF NH 26,"12,24,686",Civil Works - Others,,EE NH KSNG 03 202223,2022_CENH_80645_1,Open Tender,Works,Nil,Nil,"1,041,105",20-Oct-2022,"INR 1,041,105",NA,NA,NA,NA,,,,,,
413,Drain at Satsangbihar Bhawanipatna,Bhawanipatna,766001,CE-NH||NHCIRCLE-SAMBALPUR||EENH-DIVN-KESINGA,NH division Kesinga,Construction of RCC drain near Bhawanipatna town from km.181/390 to km.181/635 (R.H.S.) and from ch. Km.182/900 to km.183/315 (R.H.S.) of NH-26 for the year 2022-23,"47,24,363",Civil Works - Others,,ID07 EENH KSNG 2022 23,2022_CENH_83763_1,Open Tender,Works,Nil,Nil,"4,016,180.97",13-Jan-2023,"INR 4,016,180.97",NA,NA,NA,NA,,,,,,
414,Dredging of Alipada Nallla from RD 6400 m to 9300 m under DOAB-XV.,Kanasa,751012,"CE,Drainage,Cuttack||SE Drainage Circle Bhubaneswar","O/o the Addl. Chief Engineer, Drainage Circle, Bhu","Desilting through Dredging, Weed clearance","3,09,08,477",Civil Works - Others,,ACEDC-BBSR/DD-PURI-13/2022-23,2022_CEDC_82271_1,Open Tender,Works,Nil,Nil,"26,275,296",30-Nov-2022,"INR 26,275,296",NA,NA,NA,NA,,,,,,
419,EXECUTION OF 1 NO. RETROFITTING OF RPWS SCHEME 1. BAHANAGA AND ADJ. VILLAGE IN BAHANAGA BLOCK OF BALASORE DISTRICT WITH 5 YRS OM-JJM,BALASORE,756001,Rural Water Supply and Sanitation||RWSS Circle Cuttack||RWSS Balasore,O/O EE RWSS DIVISION BALASORE,RPWS WITH RCC ESR,"3,07,88,492",Civil Works - Water Works,,TCN NO. 04 dt. 22.04.2022,2022_RWSS_77432_1,National Competitive Bid,Works,Nil,Nil,"29,252,147",03-Nov-2022,"INR 29,252,147",NA,NA,NA,NA,,,,,,
430,"EXECUTION OF 2 NOS. CLUBBED UP RETROFITTING OF RPWS SCHEMES AT 1. PATHARPENTHA, 2. KHANTAPADA AND CHAKJAGANNATHPUR UNDER BAHANAGA BLOCK OF BALASORE DISTRICT WITH 5 YRS OM-JJM",BALASORE,756001,Rural Water Supply and Sanitation||RWSS Circle Cuttack||RWSS Balasore,O/O EE RWSS DIVISION BALASORE,RPWS WITH RCC ESR,"3,31,94,579",Civil Works - Water Works,,TCN NO. 02 DT. 08.04.2022,2022_RWSS_77044_1,National Competitive Bid,Works,Nil,Nil,"33,526,525",03-Nov-2022,"INR 33,526,525",NA,NA,NA,NA,,,,,,
431,"EXECUTION OF 2 NOS. RETROFITTING CLUBBED UP RPWS SCHEMES 1. GUDU, 2. ODANGI IN BALASORE BLOCK OF BALASORE DISTRICT WITH 5 YRS OM-JJM",BALASORE,756001,Rural Water Supply and Sanitation||RWSS Circle Cuttack||RWSS Balasore,O/O EE RWSS DIVISION BALASORE,RPWS WITH RCC ESR,"4,44,00,975",Civil Works - Water Works,,TCN NO. 26 DT. 12.09.2022,2022_RWSS_81429_1,National Competitive Bid,Works,Nil,Nil,"41,883,439",25-Jan-2023,"INR 41,883,439",NA,NA,NA,NA,,,,,,
436,"EXECUTION OF 2 NOS. RETROFITTING OF RPWS SCHEMES CLUBBED UP AT 1. MARKONA, 2. BALIKHANDA UNDER SIMULIA BLOCK OF BALASORE DISTRICT WITH 5 YRS OM-JJM",BALASORE,756001,Rural Water Supply and Sanitation||RWSS Circle Cuttack||RWSS Balasore,O/O EE RWSS DIVISION BALASORE,RPWS WITH RCC ESR,"3,56,30,212",Civil Works - Water Works,,TCN NO. 56 DT. 17.03.2022,2022_RWSS_76642_1,National Competitive Bid,Works,Nil,Nil,"37,340,462",07-Nov-2022,"INR 37,340,462",NA,NA,NA,NA,,,,,,
438,"EXECUTION OF 2 NOS. RETROFITTING OF RPWS SCHEMES CLUBBED UP AT 1. TELIPAL, 2. KCPUR (BETAKATA) UNDER NILGIRI BLOCK WITH 5 YRS OM OF BALASORE DISTRICT-JJM",BALASORE,756001,Rural Water Supply and Sanitation||RWSS Circle Cuttack||RWSS Balasore,O/O EE RWSS DIVISION BALASORE,RPWS WITH RCC ESR,"3,56,21,936",Civil Works - Water Works,,TCN NO. 03 DT. 13.04.2022,2022_RWSS_77268_1,National Competitive Bid,Works,Nil,Nil,"32,063,304",08-Nov-2022,"INR 32,063,304",NA,NA,NA,NA,,,,,,
451,"EXECUTION OF 3 NOS. RETROFITTING OF RPWS SCHEMES (CLUBBED UP) AT 1. KHIRKONA, 2. BATI, 3. KANCHAPADA UNDER SIMULIA BLOCK OF BALASORE DISTRICT WITH 5 YRS NOM-JJM",BALASORE,756001,Rural Water Supply and Sanitation||RWSS Circle Cuttack||RWSS Balasore,O/O EE RWSS DIVISION BALASORE,RPWS WITH RCC ESR,"3,74,65,892",Civil Works - Water Works,,TCN NO. 01 DT. 07.04.2022,2022_RWSS_76956_1,National Competitive Bid,Works,Nil,Nil,"36,300,702",07-Nov-2022,"INR 36,300,702",NA,NA,NA,NA,,,,,,
453,"EXECUTION OF 3 NOS. RETROFITTING OF RPWS SCHEMES CLUBBED 1. TALABHAGABANANDHA (BHOLANALA), 2. JAMUNA (JHARANAGHATI), 3 . JAMUNA IN NILGIRI BLOCK OF BALASORE DISTRICT WITH 5 YRS OM-JJM",BALASORE,756001,Rural Water Supply and Sanitation||RWSS Circle Cuttack||RWSS Balasore,O/O EE RWSS DIVISION BALASORE,PWS WITH RCC ESR,"3,11,67,855",Civil Works - Water Works,,TCN NO. 04 DT. 22.04.2022,2022_RWSS_77433_1,National Competitive Bid,Works,Nil,Nil,"29,612,579",11-Nov-2022,"INR 29,612,579",NA,NA,NA,NA,,,,,,
457,"EXECUTION OF 3 NOS. RETROFITTING OF RPWS SCHEMES CLUBBED UP AT 1. ARUHA, 2. ASIMILA, 3. SATHI UNDER BAHANAGA BLOCK OF BALASORE DISTRICT WITH 5 YRS OM-JJM",BALASORE,756001,Rural Water Supply and Sanitation||RWSS Circle Cuttack||RWSS Balasore,O/O EE RWSS DIVISION BALASORE,RPWS WITH RCC ESR,"4,84,22,912",Civil Works - Water Works,,TCN NO. 02 DT. 08.04.2022,2022_RWSS_77041_1,National Competitive Bid,Works,Nil,Nil,"43,585,463",11-Nov-2022,"INR 43,585,463",NA,NA,NA,NA,,,,,,
460,"EXECUTION OF 3 NOS. RETROFITTING OF RPWS SCHEMES CLUBBED UP AT 1. TALAKURUNIA, 2. THALSADA, 3. PODADIHA UNDER BAHANAGA BLOCK WITH 5 YRS OM OF BALASORE DISTRICT-JJM",BALASORE,756001,Rural Water Supply and Sanitation||RWSS Circle Cuttack||RWSS Balasore,O/O EE RWSS DIVISION BALASORE,RPWS WITH RCC ESR,"3,93,78,227",Civil Works - Water Works,,TCN NO. 03 DT. 13.04.2022,2022_RWSS_77277_1,National Competitive Bid,Works,Nil,Nil,"35,444,342",03-Nov-2022,"INR 35,444,342",NA,NA,NA,NA,,,,,,
466,"EXECUTION OF 3 NOS. RETROFITTING RPWS SCHEMES CLUBBED UP AT 1. JIRTAL, 2. KASABAJAYPUR, 3. MULAKUDEI UNDER BAHANAGA BLOCK WITH 5 YRS OM OF BALASORE DISTRICT-JJM",BALASORE,756001,Rural Water Supply and Sanitation||RWSS Circle Cuttack||RWSS Balasore,O/O EE RWSS DIVISION BALASORE,RPWS WITH RCC ESR,"3,23,25,005",Civil Works - Water Works,,TCN NO. 25 DT. 08.09.2022,2022_RWSS_81245_1,National Competitive Bid,Works,Nil,Nil,"31,481,322",24-Jan-2023,"INR 31,481,322",NA,NA,NA,NA,,,,,,
469,"EXECUTION OF 4 NOS. CLUBBED UP RETROFITTING OF RPWS SCHEMES AT 1. BARI, 2. JAMJHADI, 3. SHYAMSUNDARPUR, 4. HATAMAITAPUR UNDER SIMULIA BLOCK OF BALASORE DISTRICT WITH 5 YRS OM-JJM",BALASORE,756001,Rural Water Supply and Sanitation||RWSS Circle Cuttack||RWSS Balasore,O/O EE RWSS DIVISION BALASORE,RPWS WITH RCC ESR,"5,07,01,997",Civil Works - Water Works,,TCN NO. 02 DT. 08.04.2022,2022_RWSS_77019_1,National Competitive Bid,Works,Nil,Nil,"47,664,947",11-Nov-2022,"INR 47,664,947",NA,NA,NA,NA,,,,,,
476,"EXECUTION OF 4 NOS. RETROFITTING OF RPWS SCHEMES CLUBBED UP AT 1. BANKISAHIMAHAL, 2. GARADIHI (KALAKAD), 3. GARADIHI-I, 4. GARADIHI (CHEKAMARA) UNDER NILGIRI BLOCK WITH 5 YRS OM OF BALASORE DISTRICT-JJM",BALASORE,756001,Rural Water Supply and Sanitation||RWSS Circle Cuttack||RWSS Balasore,O/O EE RWSS DIVISION BALASORE,RPWS WITH RCC ESR,"3,38,43,476",Civil Works - Water Works,,TCN NO. 03 DT. 13.04.2022,2022_RWSS_77270_1,National Competitive Bid,Works,Nil,Nil,"31,129,229",08-Nov-2022,"INR 31,129,229",NA,NA,NA,NA,,,,,,
488,EXECUTION OF RETROFITTING OF RPWS SCHEME TO VILLAGE CHHANUA 40 LPCD UNDER BALASORE BLOCK OF BALASORE DISTRICT-JJM,BALASORE,756001,Rural Water Supply and Sanitation||RWSS Circle Cuttack||RWSS Balasore,O/O EE RWSS DIVISION BALASORE,RPWS WITH RCC ESR,"1,84,21,962",Civil Works - Water Works,,TCN NO. 51 DT. 01.01.2022,2022_RWSS_75668_1,National Competitive Bid,Works,Nil,Nil,"17,408,754",07-Nov-2022,"INR 17,408,754",NA,NA,NA,NA,,,,,,
491,EXECUTION OF RETROFITTING RPWS TO KHARASAHAPUR AND 7 ADJ. VILLAGES IN BAHANAGA BLOCK OF BALASORE DISTRICT WITH 5 YEARS OM,BALASORE,756001,Rural Water Supply and Sanitation||RWSS Circle Cuttack||RWSS Balasore,O/O EE RWSS DIVISION BALASORE,RPWS WITH RCC ESR AND FHTC,"5,35,24,528",Civil Works - Water Works,,TCN NO. 43 Dt.21.12.2022,2022_RWSS_84555_1,National Competitive Bid,Works,Nil,Nil,"48,177,428",31-Mar-2023,"INR 48,177,428",NA,NA,NA,NA,,,,,,
497,Flood Protection work on Right Flood Bank of River Rushikulya from village Baradabilli to Janivilly.,Aska,761110,"CE-BM,RVN Basin,Berhampur||S.E. Southern Irr. Circle I Berhampur","O/o the Additional Chief Engineer,RBB,Berhampur",Flood Protection work on Right Flood Bank of River Rushikulya from village Baradabilli to Janivilly.,"8,70,40,459",Civil Works - Others,,"ACE,RBB-14/2021-22",2021_CEBMB_71965_1,National Competitive Bid,Works,Nil,Nil,"73,993,094",18-Oct-2022,"INR 73,993,094",NA,NA,NA,NA,,,,,,
501,Improvement of canal banks including restoration of damaged fall at RD 410M and canal lining from RD 195 M to 695M of Murlapadar Minor.,MUKHIGUDA,766026,"CCE Upper Indravati Irrigation Project Mukhiguda||CCE Upper Indravati Irrigation Project Mukhiguda||EE, Right Canal Divn-I, Mukhiguda","Office of the EE, RCD-I, Mukhiguda",Canal Work,"28,47,452",Civil Works - Canal,,"EE,RCD-I-07(01-05)/2021-22, Dt. 19.07.2021.",2021_CEUIP_69963_2,National Competitive Bid,Works,Nil,Nil,"2,420,619",15-Jan-2023,"INR 2,420,619",NA,NA,NA,NA,,,,,,
508,Improvement of Longitudinal and Cross Drains at Downstream side of Earth Dam of Rukura Irrigation Project,Bonai,770038,CE and BM Brahmani Basin Samal||APD cum CCE RIP Samal||Headworks Division Samal,Rourkela,Improvement of Longitudinal and Cross Drains at Downstream side of Earth Dam of Rukura Irrigation Project,"7,86,700",Civil Works - Others,,SERID-RKL-06/2022-23,2023_CEBBS_84871_2,Open Tender,Works,Nil,Nil,"818,167.67",25-Jan-2023,"INR 786,699.68",NA,NA,NA,NA,,,,,,
525,"Improvement of Road and Drain Shyamalai Marga Main Line, Ward No 16",Hinjilicut Municipality,761102,Municipal Bodies||Hinjilicut Municipal Council,Hinjilicut Municipality,"Improvement of Road and Drain Shyamalai Marga Main Line, Ward No 16","16,24,343",Civil Works - Others,,HIN-MUN-02/2021-22,2021_ORULB_71885_8,Open Tender,Works,Nil,Nil,"1,380,854.37",03-Aug-2022,"INR 1,624,343.45",NA,NA,NA,NA,,,,,,
526,Improvement of Road from Culvert towards Remja in W.No.20.,Brajrajnagar Municipal Area,768216,Municipal Bodies||Brajrajnagar Municipality,Brajrajnagar Municipality,Road,"19,50,000",Civil Works - Roads,,BRJNRM-04/2022-23,2022_ORULB_80581_29,Open Tender,Works,Nil,Nil,"1,600,790.02",12-Jan-2023,"INR 1,950,000",NA,NA,NA,NA,,,,,,
530,"Improvement to Ashrukhala drainage system by constructing Farm Land Bridges and Guard Wall with stone packing near village Tentala, Chaulia bamra and Patsura under DoabIII.",Improvement to Ashrukhala drainage system by const,754211,"CE,Drainage,Cuttack||SE,Drainage,Cuttack",Additional Chief Engineer Drainage Circle Cuttack,"Improvement to Ashrukhala drainage system by constructing Farm Land Bridges and Guard Wall with stone packing near village Tentala, Chaulia bamra and Patsura under DoabIII.","2,96,21,744",Civil Works - Others,,SEDC-CTC/DDKPD-15/2021-22,2021_CEDC_72651_1,National Competitive Bid,Works,Nil,Nil,"25,181,445",26-Apr-2022,"INR 25,181,445",NA,NA,NA,NA,,,,,,
542,Improvement to Dead Alaka DC from RD 00 Km to 15.00 Km Near Adhanga under DIP,Improvement to Dead Alaka DC from RD 00 Km to 15.0,754103,"CE,Drainage,Cuttack||SE,Drainage,Cuttack",Additional Chief Engineer Drainage Circle Cuttack,Improvement to Dead Alaka DC from RD 00 Km to 15.00 Km Near Adhanga under DIP,"5,08,19,347",Civil Works - Others,,SEDC-CTC / DDJSPR -20/2021-22,2021_CEDC_72658_1,National Competitive Bid,Works,Nil,Nil,"43,201,527",26-Apr-2022,"INR 43,201,527",NA,NA,NA,NA,,,,,,
543,Improvement to Dead Alaka DC from RD 15.00Km Near Adhanga to 32.00 Km Near Odisho,Improvement to Dead Alaka DC from RD 15.00Km Near,754103,"CE,Drainage,Cuttack||SE,Drainage,Cuttack",Additional Chief Engineer Drainage Circle Cuttack,Improvement to Dead Alaka DC from RD 15.00Km Near Adhanga to 32.00 Km Near Odisho,"4,75,76,485",Civil Works - Others,,SEDC-CTC / DDJSPR -19/2021-22,2021_CEDC_72657_1,National Competitive Bid,Works,Nil,Nil,"40,444,770",27-Apr-2022,"INR 40,444,770",NA,NA,NA,NA,,,,,,
545,"Improvement to Dhatika MIP in Keonjhar Block of Keonjhar District under Repair, Renovation and Restoration (RR and R) Scheme for the year 2022-2023.",Sadar Block of Keonjhar District,758001,"CE,Minor Irrigation,BBSR||SE,Eastern Minor Irr.Circle,Keonjhar||EE M.I. Division Keonjhar","O/o the SE, M.I. Division, Keonjhar",MIP,"53,57,000",Civil Works - Others,,Bid ID No. 08 SEMID (KJR/ 2022-2023) Dt. 09.01.20,2023_CEMIB_85419_2,National Competitive Bid,Works,Nil,Nil,4553245.56,21-Mar-2023,INR 4553245.56,NA,NA,NA,NA,,,,,,
552,Improvement to Hayatpur DC and its link drains under DIP,Improvement to Hayatpur DC and its link drains und,754103,"CE,Drainage,Cuttack||SE,Drainage,Cuttack",Additional Chief Engineer Drainage Circle Cuttack,Improvement to Hayatpur DC and its link drains under DIP,"1,05,63,971",Civil Works - Others,,SEDC-CTC/DDJSPR-17/2021-22,2021_CEDC_72654_1,National Competitive Bid,Works,Nil,Nil,"8,980,432",26-Apr-2022,"INR 8,980,432",NA,NA,NA,NA,,,,,,
555,Improvement to Kundi Nala Drainage cut Drain No 4 and 5 of Salipur Block,Improvement to Kundi Nala Drainage cut Drain No 4,753003,"CE,Drainage,Cuttack||SE,Drainage,Cuttack",Additional Chief Engineer Drainage Circle Cuttack,Improvement to Kundi Nala Drainage cut Drain No 4 and 5 of Salipur Block,"2,51,34,361",Civil Works - Others,,SEDC-CTC / DDCTC -08/2021-22,2021_CEDC_72388_1,National Competitive Bid,Works,Nil,Nil,"21,366,720",25-Apr-2022,"INR 21,366,720",NA,NA,NA,NA,,,,,,
562,Improvement to Labanyapadar to Chandanpalla PMGSY road such as New RCC Culvert 3x2m single span at 2100 mtr and New Boxcell 6x3m single span at 280 mtr under SR for the year 2022 23,Papadahandi,764071,CE RW I||RWCIRCLE-SUNABEDA||RWDIVISION-NAWARANGAPUR,Nabarangapur,Improvement to Labanyapadar to Chandanpalla PMGSY road such as New RCC Culvert 3x2m single span at 2100 mtr and New Boxcell 6x3m single span at 280 mtr under SR for the year 2022 23,"23,00,921",Civil Works - Roads,,02 of 2022 23,2022_CERWI_79083_1,Open Tender,Works,Nil,Nil,"1,956,012.96",24-Aug-2022,"INR 1,956,012.95",NA,NA,NA,NA,,,,,,
570,Improvement to LFB and RFB of river Nandini from village Kirtipur to Sharankuda..,Sheragada,761106,"CE-BM,RVN Basin,Berhampur||S.E. Southern Irr. Circle I Berhampur","O/o the Additional CE, RB Basin, Berhampur",Improvement to LFB and RFB of river Nandini from village Kirtipur to Sharankuda..,"5,01,45,430",Civil Works - Others,,"ACE,RBB-36/2022-23",2023_CEBMB_85075_2,National Competitive Bid,Works,Nil,Nil,"42,628,629.67",13-Mar-2023,"INR 42,628,630",NA,NA,NA,NA,,,,,,
598,Improvement to LFB of river Rushikulya near village Bharatapalli,Aska,761111,"CE-BM,RVN Basin,Berhampur||S.E. Southern Irr. Circle I Berhampur||EE Bhanjanagar Irrigation Divn Bhanjanagar","SE, BhanjanagarIrr. Divn., Bhanjanagar",Improvement to LFB of river Rushikulya near village Bharatapalli,"10,16,453",Civil Works - Others,,e-BNID-08/2022-23,2022_CEBMB_82808_53,Open Tender,Works,Nil,Nil,"864,086",29-Jan-2023,"INR 864,086",NA,NA,NA,NA,,,,,,
599,Improvement to LFB of river Rushikulya near village Brahamanchhai,Aska,761111,"CE-BM,RVN Basin,Berhampur||S.E. Southern Irr. Circle I Berhampur||EE Bhanjanagar Irrigation Divn Bhanjanagar","SE, BhanjanagarIrr. Divn., Bhanjanagar",Improvement to LFB of river Rushikulya near village Brahamanchhai,"11,98,339",Civil Works - Others,,e-BNID-08/2022-23,2022_CEBMB_82808_45,Open Tender,Works,Nil,Nil,"1,018,708",29-Jan-2023,"INR 1,018,708",NA,NA,NA,NA,,,,,,
611,Improvement to NH Junction to Labanyapadar PMGSY road A such as New Boxcell Culvert 6x3m single span CC drain with culvert slab work at 1450 mtr under SR for the year 2022 23,Papadahandi,764070,CE RW I||RWCIRCLE-SUNABEDA||RWDIVISION-NAWARANGAPUR,Nabarangapur,Improvement to NH Junction to Labanyapadar PMGSY road A such as New Boxcell Culvert 6x3m single span CC drain with culvert slab work at 1450 mtr under SR for the year 2022 23,"23,00,950",Civil Works - Roads,,02 of 2022 23,2022_CERWI_79086_1,Open Tender,Works,Nil,Nil,"1,956,037",24-Aug-2022,"INR 1,956,037",NA,NA,NA,NA,,,,,,
613,"Improvement to Pallahara Town road such as widening and improvement of the road, construction of box cell culvert alongwith drain for 2021-22.",ANGUL,759122,EIC-CIVIL||SERNB-CIRCLE-DHENKANAL||EERNB Angul Division,O/O the Executive Engineer Angul R and B Division,"Improvement to Pallahara Town road such as widening and improvement of the road, construction of box cell culvert alongwith drain for 2021-22.","60,91,069",Civil Works - Roads,,EE (R and B) Angul-06/ 2021-22,2021_EICCL_70927_8,Open Tender,Works,Nil,Nil,"5,766,415",25-Jun-2022,"INR 5,766,415",NA,NA,NA,NA,,,,,,
615,Improvement to PS road to Kukurbindha PMGSY road A such as new Boxcell culvert 6x4m double span at 1100 mtr under SR for the year 2022 23,Papadahandi,764071,CE RW I||RWCIRCLE-SUNABEDA||RWDIVISION-NAWARANGAPUR,Nabarangapur,Improvement to PS road to Kukurbindha PMGSY road A such as new Boxcell culvert 6x4m double span at 1100 mtr under SR for the year 2022 23,"22,12,096",Civil Works - Roads,,02 of 2022 23,2022_CERWI_79084_1,Open Tender,Works,Nil,Nil,"1,880,503",25-Aug-2022,"INR 1,880,503",NA,NA,NA,NA,,,,,,
618,Improvement to RD road to Saruguda via Jetuguda PMGSY road such as New Boxcell Culvert 6x3m double span at 1480 Mtr under SR for the year 2022 23,Nandahandi,764078,CE RW I||RWCIRCLE-SUNABEDA||RWDIVISION-NAWARANGAPUR,Nabarangapur,Improvement to RD road to Saruguda via Jetuguda PMGSY road such as New Boxcell Culvert 6x3m double span at 1480 Mtr under SR for the year 2022 23,"31,85,757",Civil Works - Roads,,02 of 2022 23,2022_CERWI_79063_1,Open Tender,Works,Nil,Nil,"2,708,211.73",25-Aug-2022,"INR 2,708,211.727",NA,NA,NA,NA,,,,,,
619,Improvement to Rengali Irrigation Project Guest House Road and restoration of road from Panitanki Colony to over head tank at SBTS for the year 2022-23.,Samal,759037,CE and BM Brahmani Basin Samal,"Office of the Superintending Engineer, HWD, Samal",Improvement to Rengali Irrigation Project Guest House Road and restoration of road from Panitanki Colony to over head tank at SBTS for the year 2022-23.,"12,62,973",Civil Works - Roads,Road,SE-HWD-14/2022-23,2023_CEBBS_85871_1,Open Tender,Works,Nil,Nil,"1,073,653.35",02-Mar-2023,"INR 1,073,653.348",NA,NA,NA,NA,,,,,,
648,Improvement to RFB of river Baghua D/S of village Humuki.,Aska,761111,"CE-BM,RVN Basin,Berhampur||S.E. Southern Irr. Circle I Berhampur||EE Bhanjanagar Irrigation Divn Bhanjanagar","SE, BhanjanagarIrr. Divn., Bhanjanagar",Improvement to RFB of river Baghua D/S of village Humuki.,"5,79,137",Civil Works - Others,,e-BNID-08/2022-23,2022_CEBMB_82808_41,Open Tender,Works,Nil,Nil,"492,324",29-Jan-2023,"INR 492,324",NA,NA,NA,NA,,,,,,
667,Improvement to RFB of river Nandini near village Bakilikana.,Sheragada,761106,"CE-BM,RVN Basin,Berhampur||S.E. Southern Irr. Circle I Berhampur","O/o the Additional CE, RB Basin, Berhampur",Improvement to RFB of river Nandini near village Bakilikana.,"2,49,21,138",Civil Works - Others,,"ACE,RBB-22/2022-23",2022_CEBMB_81622_3,National Competitive Bid,Works,Nil,Nil,"21,185,459.26",25-Nov-2022,"INR 21,185,459",NA,NA,NA,NA,,,,,,
668,Improvement to RFB of river Nandini near village Dengapadar,Sheragada,761106,"CE-BM,RVN Basin,Berhampur||S.E. Southern Irr. Circle I Berhampur","O/o the Additional CE, RB Basin, Berhampur",Improvement to RFB of river Nandini near village Dengapadar,"4,84,75,464",Civil Works - Others,,"ACE,RBB-22/2022-23",2022_CEBMB_81622_1,National Competitive Bid,Works,Nil,Nil,"41,208,991.88",16-Dec-2022,"INR 41,208,992",NA,NA,NA,NA,,,,,,
671,Improvement to RFB of river Nandini near village Sheragada,Sheragada,761106,"CE-BM,RVN Basin,Berhampur||S.E. Southern Irr. Circle I Berhampur","O/o the Additional CE, RB Basin, Berhampur",Improvement to RFB of river Nandini near village Sheragada,"2,65,19,414",Civil Works - Others,,"ACE,RBB-22/2022-23",2022_CEBMB_81622_2,National Competitive Bid,Works,Nil,Nil,"22,544,153.60",25-Nov-2022,"INR 22,544,154",NA,NA,NA,NA,,,,,,
673,"Improvement to RFB of river Rushikulya D/S of HL bridge, Cheramaria",Aska,761111,"CE-BM,RVN Basin,Berhampur||S.E. Southern Irr. Circle I Berhampur||EE Bhanjanagar Irrigation Divn Bhanjanagar","SE, BhanjanagarIrr. Divn., Bhanjanagar","Improvement to RFB of river Rushikulya D/S of HL bridge, Cheramaria","8,21,227",Civil Works - Others,,e-BNID-08/2022-23,2022_CEBMB_82808_55,Open Tender,Works,Nil,Nil,"698,125",29-Jan-2023,"INR 698,125",NA,NA,NA,NA,,,,,,
677,Improvement to RFB of river Rushikulya near Kabiraj Sahi of Sorada Town.,Soroda,761108,"CE-BM,RVN Basin,Berhampur||S.E. Southern Irr. Circle I Berhampur","O/o the Additional CE, RB Basin, Berhampur",Improvement to RFB of river Rushikulya near Kabiraj Sahi of Sorada Town.,"5,32,06,273",Civil Works - Others,,"ACE,RBB-24/2022-23",2022_CEBMB_82096_2,National Competitive Bid,Works,Nil,Nil,"45,230,652.36",28-Dec-2022,"INR 45,230,652",NA,NA,NA,NA,,,,,,
685,Improvement to RFB of river Rushikulya near village Nuagada under Sorada Block.,Sorada,761108,"CE-BM,RVN Basin,Berhampur||S.E. Southern Irr. Circle I Berhampur","O/o Additional CE, RB Basin, Berhampur",Improvement to RFB of river Rushikulya near village Nuagada under Sorada Block.,"4,23,41,372",Civil Works - Others,,"ACE,RBB-28/2022-23",2022_CEBMB_82842_3,National Competitive Bid,Works,Nil,Nil,"35,994,400.47",16-Dec-2022,"INR 35,994,400",NA,NA,NA,NA,,,,,,
701,Improvement to Sahada Drainage cut with sluice and protection work of Alaka river along with Bathing Ghat,Improvement to Sahada Drainage cut with sluice and,754103,"CE,Drainage,Cuttack||SE,Drainage,Cuttack",Additional Chief Engineer Drainage Circle Cuttack,Improvement to Sahada Drainage cut with sluice and protection work of Alaka river along with Bathing Ghat,"1,27,87,041",Civil Works - Others,,SEDC-CTC / DDJSPR -24/2021-22,2022_CEDC_75442_1,National Competitive Bid,Works,Nil,Nil,"10,870,264",25-Apr-2022,"INR 10,870,264",NA,NA,NA,NA,,,,,,
706,Improvement to service bank from RD 0.00km to 1.550km including protection to scoured bank of Malda Minor.,BORIGUMMA,764056,"CCE,Upper Kolab Project,Jeypore||CCE,Upper Kolab Project, Bariniput||EE, Upper Kolab Irrigation Divn IV, Boriguma","Office of the SE UKIDIVN, Borigumma,Dist-Koraput.",CANAL WORK,"8,72,434",Civil Works - Canal,,SEUKID 02/2022-23 (SL 07),2022_CCEJE_83294_1,Open Tender,Works,Nil,Nil,"741,656",02-Jan-2023,"INR 872,434",NA,NA,NA,NA,,,,,,
709,Improvement to Service road from RD 00 to 1.500Km including protection to scoured bank of Hadapa Sub Minor(working RD 0.00km to 0.800km),BORIGUMMA,764056,"CCE,Upper Kolab Project,Jeypore||CCE,Upper Kolab Project, Bariniput||EE, Upper Kolab Irrigation Divn IV, Boriguma","Office of the SE UKIDIVN, Borigumma,Dist-Koraput.",CANAL ROAD WORK,"5,25,611",Civil Works - Roads,,SEUKID 01/2022-23 (SL 22),2022_CCEJE_82204_1,Open Tender,Works,Nil,Nil,"446,822",28-Nov-2022,"INR 525,611",NA,NA,NA,NA,,,,,,
710,Improvement to service road from RD 00km to 1.300km including protection to scoured bank of Malda Sub-Minor.,BORIGUMMA,764056,"CCE,Upper Kolab Project,Jeypore||CCE,Upper Kolab Project, Bariniput||EE, Upper Kolab Irrigation Divn IV, Boriguma","Office of the SE UKIDIVN, Borigumma,Dist-Koraput.",CANAL ROAD WORK,"6,54,340",Civil Works - Roads,,SEUKID 02/2022-23 (SL 06),2022_CCEJE_83293_1,Open Tender,Works,Nil,Nil,"556,254",02-Jan-2023,"INR 654,340",NA,NA,NA,NA,,,,,,
713,Improvement to Service roads from RD 00 to 438m on right bank of Kusumi Sub Minor-I and on left bank from RD 00 to 500M of Kusumi Sub Minor- II including its slope protection woks.,BORIGUMMA,764056,"CCE,Upper Kolab Project,Jeypore||CCE,Upper Kolab Project, Bariniput||EE, Upper Kolab Irrigation Divn IV, Boriguma","Office of the SE UKIDIVN, Borigumma,Dist-Koraput.",CANAL/ROAD STRUCTURAL WORK,"6,19,215",Civil Works - Canal,,SEUKID 01/2022-23 (SL 26),2022_CCEJE_82208_1,Open Tender,Works,Nil,Nil,"526,395",28-Nov-2022,"INR 619,215",NA,NA,NA,NA,,,,,,
714,Improvement to sloping drain from RD 384M to 3780M of Earth Dam of Lower Indra Irrigation Project.,"Dam site, Tikhali",766107,CCE Lower Indra Irr. Project Nuapada||CCE LIP||EE Lower Indra Canal Divn. Khariar,"o/o the SE, L.I.Canal Division, Khariar",Improvement to sloping drain from RD 384M to 3780M of Earth Dam of Lower Indra Irrigation Project.,"25,31,812",Civil Works - Others,,"SELICD-03/2022-23, Dt. 21.12.2022",2022_CCELI_84639_5,Open Tender,Works,Nil,Nil,"2,152,293",06-Feb-2023,"INR 3,495,923",NA,NA,NA,NA,,,,,,
715,Improvement to Sunadangri to Kaliaguda PMGSY road such as New Boxcell Culvert 6x3m double span at 1950 mtr under SR for the year 2022 23,Papadahandi,764070,CE RW I||RWCIRCLE-SUNABEDA||RWDIVISION-NAWARANGAPUR,Nabarangapur,Improvement to Sunadangri to Kaliaguda PMGSY road such as New Boxcell Culvert 6x3m double span at 1950 mtr under SR for the year 2022 23,"31,85,670",Civil Works - Roads,,02 of 2022 23,2022_CERWI_79087_1,Open Tender,Works,Nil,Nil,"2,708,138",24-Sep-2022,"INR 2,708,138",NA,NA,NA,NA,,,,,,
718,Installation of Recharge Shafts and Monitoring Station at 06 Locations under BhubaneswarBlock of Khurdha District,"Executive Engineer GWD Division-1, Bhubaneswar",751012,Ground Water Survey and Investigation,BHUBANESWAR,Installation of Recharge Shafts and Monitoring Station at 06 Locations under BhubaneswarBlock of Khurdha District,"12,64,096",Civil Works - Others,,05/GWDHPD/ARUA/BBSR/2022-23,2023_GWSI_85619_1,Open Tender,Works,Nil,Nil,"1,074,608",23-Feb-2023,"INR 1,074,608",NA,NA,NA,NA,,,,,,
721,Installation of Recharge Shafts and Monitoring Station at 08 Locations under BolagarhBlock of Khurdha District,"Executive Engineer GWD Division-1, Bhubaneswar",751012,Ground Water Survey and Investigation,BHUBANESWAR,Installation of Recharge Shafts and Monitoring Station at 08 Locations under BolagarhBlock of Khurdha District,"17,71,367",Civil Works - Others,,06/GWDHPD/ARUA/BBSR/2022-23,2023_GWSI_85622_1,Open Tender,Works,Nil,Nil,"1,505,839",23-Feb-2023,"INR 1,505,839",NA,NA,NA,NA,,,,,,
722,Installation of Recharge Shafts and Monitoring Station at 08 Locations under KhurdhaBlock of Khurdha District,"Executive Engineer GWD Division-1, Bhubaneswar",751012,Ground Water Survey and Investigation,BHUBANESWAR,Installation of Recharge Shafts and Monitoring Station at 08 Locations under KhurdhaBlock of Khurdha District,"17,71,367",Civil Works - Others,,07/GWDHPD/ARUA/BBSR/2022-23,2023_GWSI_85623_1,Open Tender,Works,Nil,Nil,"1,505,839",23-Feb-2023,"INR 1,505,839",NA,NA,NA,NA,,,,,,
725,Installation of Recharge Shafts and Monitoring Station at 20 Locations under Baliapala Block of Balasore District PartII,"GWD Division Baripada, At/Po-Takatpur, Baripada",757003,Ground Water Survey and Investigation,Baripada,Installation of Recharge Shafts and Monitoring Station at 20 Locations under Baliapala Block of Balasore District PartII,"42,13,000",Civil Works - Others,,02/GWBPD/ARUA/2022-23,2022_GWSI_82874_1,Open Tender,Works,Nil,Nil,"4,571,105",06-Dec-2022,"INR 4,571,105",NA,NA,NA,NA,,,,,,
730,JJPR-01/ 19-20 Protection to scoured bank of C.E. No.5 (b) A on Baitarani Left near Jasotikiri and Nerada.,Akhuapada,756122,"CE-BM,LMB Basin,BBSR||SE, Eastern Circle,Cuttack||EE, Jajpur Irr Division,Jajpur","O/o the EE, Jajpur Irrigation Division, Jajpur",Canal embankment,"47,72,356",Civil Works - Canal,,e-Procurement Notice No.01/ 2019-20,2020_CELBB_59018_1,Open Tender,Works,NIL,NIL,"4,056,980.09",29-May-2022,"INR 4,056,980.09",NA,NA,NA,NA,,,,,,
731,JJPR-02/ 19-20 Protection to scoured bank of Bodak Tinter TRE on Baitarani Left near Pada Creek No.1.,Dhamnagar,756117,"CE-BM,LMB Basin,BBSR||SE, Eastern Circle,Cuttack||EE, Jajpur Irr Division,Jajpur","O/o the EE, Jajpur Irrigation Division, Jajpur",Embankment protection,"53,58,823",Civil Works - Others,,e-Procurement Notice No.01/ 2019-20,2020_CELBB_59016_1,National Competitive Bid,Works,NIL,NIL,"4,555,535",29-May-2022,"INR 4,555,535",NA,NA,NA,NA,,,,,,
732,JJPR-03/ 19-20 Restoration to scoured bank on Baitarani right embankment near village Hemantapur.,Jajpur,755001,"CE-BM,LMB Basin,BBSR||SE, Eastern Circle,Cuttack||EE, Jajpur Irr Division,Jajpur","O/o the EE, Jajpur Irrigation Division, Jajpur",Embankment protection,"59,59,804",Civil Works - Others,,e-Procurement Notice No.01/ 2019-20,2020_CELBB_59016_2,National Competitive Bid,Works,NIL,NIL,"5,066,429",29-May-2022,"INR 5,066,429",NA,NA,NA,NA,,,,,,
734,JJPR-06/ 19-20 Protection to scoured Bank of Bodak Tinter Saline Embankment on Baitarani Left near Phuta Nullah.,Dhamnagar,756117,"CE-BM,LMB Basin,BBSR||SE, Eastern Circle,Cuttack||EE, Jajpur Irr Division,Jajpur","O/o the EE, Jajpur Irrigation Division, Jajpur",Embankment protection,"53,44,786",Civil Works - Others,,e-Procurement Notice No.01/ 2019-20,2020_CELBB_59016_3,National Competitive Bid,Works,NIL,NIL,"4,543,603",29-May-2022,"INR 4,543,603",NA,NA,NA,NA,,,,,,
735,JJPR-08/ 19-20 Protection to left flood bank of river Baitarani near Tala Astak Behera Sahi.,Dhamnagar,756117,"CE-BM,LMB Basin,BBSR||SE, Eastern Circle,Cuttack||EE, Jajpur Irr Division,Jajpur","O/o the EE, Jajpur Irrigation Division, Jajpur",Embankment protection,"44,48,706",Civil Works - Others,,e-Procurement Notice No.01/ 2019-20,2020_CELBB_59018_5,Open Tender,Works,NIL,NIL,"3,781,844.72",29-May-2022,"INR 3,781,844.72",NA,NA,NA,NA,,,,,,
737,JJPR-17/ 19-20 Protection to right flood bank of river Kochila right near village Upper Sailo Tarei Sahi Lenka Sahi.,Dhamnagar,756117,"CE-BM,LMB Basin,BBSR||SE, Eastern Circle,Cuttack||EE, Jajpur Irr Division,Jajpur","O/o the EE, Jajpur Irrigation Division, Jajpur",Embankment protection,"14,99,819",Civil Works - Others,,e-Procurement Notice No.01/ 2019-20,2020_CELBB_59018_14,Open Tender,Works,NIL,NIL,"1,233,825",29-May-2022,"INR 1,233,825",NA,NA,NA,NA,,,,,,
738,JJPR-23/ 19-20 Flood protection to scoured bank on Tantighai Left near Debil Sai Mandir.,Jajpur,755001,"CE-BM,LMB Basin,BBSR||SE, Eastern Circle,Cuttack||EE, Jajpur Irr Division,Jajpur","O/o the EE, Jajpur Irrigation Division, Jajpur",Embankment protection,"17,67,933",Civil Works - Others,,e-Procurement Notice No.01/ 2019-20,2020_CELBB_59018_20,Open Tender,Works,NIL,NIL,"1,603,514.89",29-May-2022,"INR 1,603,514.89",NA,NA,NA,NA,,,,,,
739,"Minor repair, painting, installation of asset board, other sign boards, repair of bridge and approach road for the work- Bridge over Bagbahal Nallah on PWD road to Bhuslad road for the year 2021-22",TITILAGARH,767042,CE RW I||RWCIRCLE-BALANGIR||RWDIVISION-TITLAGARH,"O/o the S.E.R.W.Division,Titilagarh","Minor repair, painting, installation of asset board, other sign boards, repair of bridge and approach road for the work- Bridge over Bagbahal Nallah on PWD road to Bhuslad road for the year 2021-22","2,21,078",Civil Works - Bridges,,EEITG-ONLINE-04/2021-22,2021_CERWI_73856_24,Open Tender,Works,Nil,Nil,"187,938",22-Apr-2022,"INR 187,938",NA,NA,NA,NA,,,,,,
740,"Minor repair, painting, installation of asset board, other sign boards, repair of bridge and approach road for the work- Bridge over Chalki Nallah on Chalki to Karla roadfor the year 2021-22",TITILAGARH,767042,CE RW I||RWCIRCLE-BALANGIR||RWDIVISION-TITLAGARH,"O/o the S.E.R.W.Division,Titilagarh","Minor repair, painting, installation of asset board, other sign boards, repair of bridge and approach road for the work- Bridge over Chalki Nallah on Chalki to Karla roadfor the year 2021-22","2,61,856",Civil Works - Bridges,,EEITG-ONLINE-04/2021-22,2021_CERWI_73856_28,Open Tender,Works,Nil,Nil,"222,604",22-Apr-2022,"INR 222,604",NA,NA,NA,NA,,,,,,
741,"Minor repair, painting, installation of asset board, other sign boards, repair of bridge and approach road for the work- Bridge over Ichhapara Nallah on PWD road to Ichhapara road for the year 2021-22",TITILAGARH,767042,CE RW I||RWCIRCLE-BALANGIR||RWDIVISION-TITLAGARH,"O/o the S.E.R.W.Division,Titilagarh","Minor repair, painting, installation of asset board, other sign boards, repair of bridge and approach road for the work- Bridge over Ichhapara Nallah on PWD road to Ichhapara road for the year 2021-22","2,20,821",Civil Works - Bridges,,EEITG-ONLINE-04/2021-22,2021_CERWI_73856_30,Open Tender,Works,Nil,Nil,"187,720",22-Apr-2022,"INR 187,720",NA,NA,NA,NA,,,,,,
742,"Minor repair, painting, installation of asset board, other sign boards, repair of bridge and approach road for the work- Bridge over Nagmani jore Nallah on Themra to Lebda road for the year 2021-22",TITILAGARH,767042,CE RW I||RWCIRCLE-BALANGIR||RWDIVISION-TITLAGARH,"O/o the S.E.R.W.Division,Titilagarh","Minor repair, painting, installation of asset board, other sign boards, repair of bridge and approach road for the work- Bridge over Nagmani jore Nallah on Themra to Lebda road for the year 2021-22","3,53,406",Civil Works - Bridges,,EEITG-ONLINE-04/2021-22,2021_CERWI_73856_26,Open Tender,Works,Nil,Nil,"300,430",22-Apr-2022,"INR 300,430",NA,NA,NA,NA,,,,,,
743,"Minor repair, painting, installation of asset board, other sign boards, repair of bridge and approach road for the work- Bridge over Silsati Nallah on Makripada to Badudar road for the year 2021-22",TITILAGARH,767042,CE RW I||RWCIRCLE-BALANGIR||RWDIVISION-TITLAGARH,"O/o the S.E.R.W.Division,Titilagarh","Minor repair, painting, installation of asset board, other sign boards, repair of bridge and approach road for the work- Bridge over Silsati Nallah on Makripada to Badudar road for the year 2021-22","2,64,723",Civil Works - Bridges,,EEITG-ONLINE-04/2021-22,2021_CERWI_73856_29,Open Tender,Works,Nil,Nil,"225,041",22-Apr-2022,"INR 225,041",NA,NA,NA,NA,,,,,,
744,"Minor repair, painting, installation of asset board, other sign boards, repair of bridge and approach road for the work- Bridge over Suwapara Nallah on Suwapara to Dumerbahal road for the year 2021-22",TITILAGARH,767042,CE RW I||RWCIRCLE-BALANGIR||RWDIVISION-TITLAGARH,"O/o the S.E.R.W.Division,Titilagarh","Minor repair, painting, installation of asset board, other sign boards, repair of bridge and approach road for the work- Bridge over Suwapara Nallah on Suwapara to Dumerbahal road for the year 2021-22","2,20,794",Civil Works - Bridges,,EEITG-ONLINE-04/2021-22,2021_CERWI_73856_25,Open Tender,Works,Nil,Nil,"187,697",22-Apr-2022,"INR 187,697",NA,NA,NA,NA,,,,,,
745,"Minor repair, painting, installation of asset board, other sign boards, repair of bridge and approach road for the work- Bridge over Tangjore Nallah on Sindheikela -Themra road for the year 2021-22",TITILAGARH,767042,CE RW I||RWCIRCLE-BALANGIR||RWDIVISION-TITLAGARH,"O/o the S.E.R.W.Division,Titilagarh","Minor repair, painting, installation of asset board, other sign boards, repair of bridge and approach road for the work- Bridge over Tangjore Nallah on Sindheikela -Themra road for the year 2021-22","2,21,426",Civil Works - Bridges,,EEITG-ONLINE-04/2021-22,2021_CERWI_73856_23,Open Tender,Works,Nil,Nil,"188,234",22-Apr-2022,"INR 188,234",NA,NA,NA,NA,,,,,,
746,"Minor repair, painting, installation of asset board, other sign boards, repair of bridge and approach road for the work- Bridge over Teleijore Nallah on Ledapadar Chaulsuka road for the year 2021-22",TITILAGARH,767042,CE RW I||RWCIRCLE-BALANGIR||RWDIVISION-TITLAGARH,"O/o the S.E.R.W.Division,Titilagarh","Minor repair, painting, installation of asset board, other sign boards, repair of bridge and approach road for the work- Bridge over Teleijore Nallah on Ledapadar Chaulsuka road for the year 2021-22","3,53,698",Civil Works - Bridges,,EEITG-ONLINE-04/2021-22,2021_CERWI_73856_27,Open Tender,Works,Nil,Nil,"300,679",22-Apr-2022,"INR 300,679",NA,NA,NA,NA,,,,,,
747,"Minor repair, painting, installation of asset board, other sign boards, repair of bridge and approach road for the work- Const. of Bridge over Ghagarajore nallah at 3rd km on Tureikela to Badabanki for the year 2021-22",TITILAGARH,767042,CE RW I||RWCIRCLE-BALANGIR||RWDIVISION-TITLAGARH,"O/o the S.E.R.W.Division,Titilagarh","Minor repair, painting, installation of asset board, other sign boards, repair of bridge and approach road for the work- Const. of Bridge over Ghagarajore nallah at 3rd km on Tureikela to Badabanki for the year 2021-22","2,21,128",Civil Works - Bridges,,EEITG-ONLINE-04/2021-22,2021_CERWI_73856_21,Open Tender,Works,Nil,Nil,"187,981",21-Apr-2022,"INR 187,981",NA,NA,NA,NA,,,,,,
748,"Minor repair, painting, installation of asset board, other sign boards, repair of bridge and approach road for the work- Const. of H.L Bridge Over River Tel at 14th Km on Titilagarh Lutherbandh road for the year 2021-22",TITILAGARH,767042,CE RW I||RWCIRCLE-BALANGIR||RWDIVISION-TITLAGARH,"O/o the S.E.R.W.Division,Titilagarh","Minor repair, painting, installation of asset board, other sign boards, repair of bridge and approach road for the work- Const. of H.L Bridge Over River Tel at 14th Km on Titilagarh Lutherbandh road for the year 2021-22","2,21,327",Civil Works - Bridges,,EEITG-ONLINE-04/2021-22,2021_CERWI_73856_2,Open Tender,Works,Nil,Nil,"188,150",21-Apr-2022,"INR 188,150",NA,NA,NA,NA,,,,,,
749,"Minor repair, painting, installation of asset board, other sign boards, repair of bridge and approach road for the work- Const. of S.B. over Satabahani nallah at 13th km on Titilagarh - Muribahal roadfor the year 2021-22",TITILAGARH,767042,CE RW I||RWCIRCLE-BALANGIR||RWDIVISION-TITLAGARH,"O/o the S.E.R.W.Division,Titilagarh","Minor repair, painting, installation of asset board, other sign boards, repair of bridge and approach road for the work- Const. of S.B. over Satabahani nallah at 13th km on Titilagarh - Muribahal roadfor the year 2021-22","2,21,253",Civil Works - Bridges,,EEITG-ONLINE-04/2021-22,2021_CERWI_73856_3,Open Tender,Works,Nil,Nil,"188,087",21-Apr-2022,"INR 188,087",NA,NA,NA,NA,,,,,,
750,"Minor repair, painting, installation of asset board, other sign boards, repair of bridge and approach road for the work- Const. of S.B.over Nehera Nallaha at 11 th K.M. on Bhatipada-Lebda road for the year 2021-22",TITILAGARH,767042,CE RW I||RWCIRCLE-BALANGIR||RWDIVISION-TITLAGARH,"O/o the S.E.R.W.Division,Titilagarh","Minor repair, painting, installation of asset board, other sign boards, repair of bridge and approach road for the work- Const. of S.B.over Nehera Nallaha at 11 th K.M. on Bhatipada-Lebda road for the year 2021-22","2,20,496",Civil Works - Bridges,,EEITG-ONLINE-04/2021-22,2021_CERWI_73856_1,Open Tender,Works,Nil,Nil,"187,444",21-Apr-2022,"INR 187,444",NA,NA,NA,NA,,,,,,
751,"Minor repair, painting, installation of asset board, other sign boards, repair of bridge and approach road for the work- Construction Bridge over Khagsa Nallah on Khagsa to Salepada road for the year 2021-22",TITILAGARH,767042,CE RW I||RWCIRCLE-BALANGIR||RWDIVISION-TITLAGARH,"O/o the S.E.R.W.Division,Titilagarh","Minor repair, painting, installation of asset board, other sign boards, repair of bridge and approach road for the work- Construction Bridge over Khagsa Nallah on Khagsa to Salepada road for the year 2021-22","2,21,086",Civil Works - Buildings,,EEITG-ONLINE-04/2021-22,2021_CERWI_73856_20,Open Tender,Works,Nil,Nil,"187,945",21-Apr-2022,"INR 187,945",NA,NA,NA,NA,,,,,,
775,Protection to both scoured banks within RD 1.310km to 1.390km including construction of toe wall and repair of fall cum V.R.B of Ghatarla Sub Minor-I,BORIGUMMA,764056,"CCE,Upper Kolab Project,Jeypore||CCE,Upper Kolab Project, Bariniput||EE, Upper Kolab Irrigation Divn IV, Boriguma","Office of the SE UKIDIVN, Borigumma,Dist-Koraput.",Canal Structural work,"7,07,234",Civil Works - Canal,,SEUKID 01/2022-23 (SL 17),2022_CCEJE_82199_1,Open Tender,Works,Nil,Nil,"707,234",28-Nov-2022,"INR 707,234",NA,NA,NA,NA,,,,,,
776,"Protection to both the scoured banks from RD 0.700km to 0.815km, renovation to 1.50m Fall at RD 0.105km including desilting and providing trough wall of Bedapaunsi SM-II.",BORIGUMMA,764056,"CCE,Upper Kolab Project,Jeypore||CCE,Upper Kolab Project, Bariniput||EE, Upper Kolab Irrigation Divn IV, Boriguma","Office of the SE UKIDIVN, Borigumma,Dist-Koraput",Canal Structural work,"6,63,320",Civil Works - Canal,,SEUKID 01/2022-23 (SL 11),2022_CCEJE_82189_1,Open Tender,Works,Nil,Nil,"563,889",28-Nov-2022,"INR 663,320",NA,NA,NA,NA,,,,,,
780,Protection to left bank of Khadapa Minor from RD 100 to 130m including raising and strengthening from fall No 3 at RD 313m to 600m .,BORIGUMMA,764056,"CCE,Upper Kolab Project,Jeypore||CCE,Upper Kolab Project, Bariniput||EE, Upper Kolab Irrigation Divn IV, Boriguma","Office of the SE UKIDIVN, Borigumma,Dist-Koraput",Canal Structural work,"5,75,254",Civil Works - Canal,,SEUKID 01/2022-23 (SL 10),2022_CCEJE_82177_1,Open Tender,Works,Nil,Nil,"489,023",28-Nov-2022,"INR 575,254",NA,NA,NA,NA,,,,,,
805,Protection to Sapua right near Godijharia to Arakhapatna for the year 2022-23,ATHAGARH,754021,"CE-BM,LMB Basin,BBSR||SE, Eastern Circle,Cuttack||EE, Mahanadi North Division,Jagatpur","O/O THE SUPERINTENDING ENGINEER,MND-I",Protection to Sapua right near Godijharia to Arakhapatna for the year 2022-23,"22,06,449",Civil Works - Others,,MND-04/2021-22,2022_CELBB_76452_4,National Competitive Bid,Works,Nil,Nil,"1,875,703",16-Jul-2022,"INR 1,875,703",NA,NA,NA,NA,,,,,,
806,Protection to scoured bank and Improvement to Mandia Gherry on Chitrotpala left embnakment for the year 2022-23,PUNDALO,754021,"CE-BM,LMB Basin,BBSR||SE, Eastern Circle,Cuttack||EE, Mahanadi North Division,Jagatpur","O/O THE SUPERINTENDING ENGINEER,MND-I",Protection to scoured bank and Improvement to Mandia Gherry on Chitrotpala left embnakment for the year 2022-23,"28,56,632",Civil Works - Others,,MND-04/2021-22,2022_CELBB_76452_22,National Competitive Bid,Works,Nil,Nil,"2,428,423",16-Jul-2022,"INR 2,428,423",NA,NA,NA,NA,,,,,,
807,Protection to scoured bank at 4.680km and construction of canal lining near CD No.2 at RD 1.483km of Batasana Disty.,BOIGUMMA,764056,"CCE,Upper Kolab Project,Jeypore||CCE,Upper Kolab Project, Bariniput||EE, Upper Kolab Irrigation Divn IV, Boriguma","Office of the SE UKIDIVN, Borigumma,Dist-Koraput.",CANAL STRUCTURAL WORK,"4,75,665",Civil Works - Canal,,SEUKID 02/2022-23 (SL 01),2022_CCEJE_83287_1,Open Tender,Works,Nil,Nil,"404,363",30-Dec-2022,"INR 475,665",NA,NA,NA,NA,,,,,,
808,Protection to scoured bank from RD 23.465 Km to 23.570 Km and Construction of spur at RD 23.480 Km on near village Uttarkul of Chitrotpala right for the year 2022-23,PUNDALO,754021,"CE-BM,LMB Basin,BBSR||SE, Eastern Circle,Cuttack||EE, Mahanadi North Division,Jagatpur","O/O THE SUPERINTENDING ENGINEER,MND-I",Protection to scoured bank from RD 23.465 Km to 23.570 Km and Construction of spur at RD 23.480 Km on near village Uttarkul of Chitrotpala right for the year 2022-23,"44,63,945",Civil Works - Others,,MND-04/2021-22,2022_CELBB_76452_18,National Competitive Bid,Works,Nil,Nil,"3,794,800",16-Jul-2022,"INR 3,794,800",NA,NA,NA,NA,,,,,,
809,Protection to scoured bank on Birupa right embankment near Dihasahi for the year 2022-23,NURTANGA,754021,"CE-BM,LMB Basin,BBSR||SE, Eastern Circle,Cuttack||EE, Mahanadi North Division,Jagatpur","O/O THE SUPERINTENDING ENGINEER,MND-I",Protection to scoured bank on Birupa right embankment near Dihasahi for the year 2022-23,"17,79,275",Civil Works - Others,,MND-04/2021-22,2022_CELBB_76452_16,National Competitive Bid,Works,Nil,Nil,"1,512,562",16-Jul-2022,"INR 1,512,562",NA,NA,NA,NA,,,,,,
810,Protection to scoured bank on Chitrotapala right embankment from RD 8.060 Km to 8.250 Km near village Janardanpur for the year 2022-23,PUNDALO,754021,"CE-BM,LMB Basin,BBSR||SE, Eastern Circle,Cuttack||EE, Mahanadi North Division,Jagatpur","O/O THE SUPERINTENDING ENGINEER,MND-I",Protection to scoured bank on Chitrotapala right embankment from RD 8.060 Km to 8.250 Km near village Janardanpur for the year 2022-23,"46,85,794",Civil Works - Others,,MND-04/2021-22,2022_CELBB_76452_17,National Competitive Bid,Works,Nil,Nil,"3,983,394",16-Jul-2022,"INR 3,983,394",NA,NA,NA,NA,,,,,,
811,Protection to scoured bank on Chitrotpala left from RD 0.205 Km to 0.475 Km at D/S of Harichandrapur bridge for the year 2022-23,KENDUPATANA,754021,"CE-BM,LMB Basin,BBSR||SE, Eastern Circle,Cuttack||EE, Mahanadi North Division,Jagatpur","O/O THE SUPERINTENDING ENGINEER,MND-I",Protection to scoured bank on Chitrotpala left from RD 0.205 Km to 0.475 Km at D/S of Harichandrapur bridge for the year 2022-23,"35,71,223",Civil Works - Others,,MND-04/2021-22,2022_CELBB_76452_14,National Competitive Bid,Works,Nil,Nil,"3,035,896",16-Jul-2022,"INR 3,035,896",NA,NA,NA,NA,,,,,,
812,Protection to scoured bank on Kani OAE on Birupa right from RD 1100 m to 1200 m for the year 2022-23,NURTANG,754021,"CE-BM,LMB Basin,BBSR||SE, Eastern Circle,Cuttack||EE, Mahanadi North Division,Jagatpur","O/O THE SUPERINTENDING ENGINEER,MND-I",Protection to scoured bank on Kani OAE on Birupa right from RD 1100 m to 1200 m for the year 2022-23,"8,84,060",Civil Works - Others,,MND-04/2021-22,2022_CELBB_76452_25,National Competitive Bid,Works,Nil,Nil,"751,540",16-Jul-2022,"INR 751,540",NA,NA,NA,NA,,,,,,
813,Protection to scoured bank on Mahanadi left near village Digisahi from RD 2710 m to 2895 m for the year 2022-23,KENDUPATANA,754021,"CE-BM,LMB Basin,BBSR||SE, Eastern Circle,Cuttack||EE, Mahanadi North Division,Jagatpur","O/O THE SUPERINTENDING ENGINEER,MND-I",Protection to scoured bank on Mahanadi left near village Digisahi from RD 2710 m to 2895 m for the year 2022-23,"35,47,209",Civil Works - Others,,MND-04/2021-22,2022_CELBB_76452_13,National Competitive Bid,Works,Nil,Nil,"3,015,483",16-Jul-2022,"INR 3,015,483",NA,NA,NA,NA,,,,,,
814,Protection to scoured bank on Nuna Karandia right embankment from RD 9.500 Km to 9.620 Km near village Kulagaon Isalo for the year 2022-23,PUNDALO,754021,"CE-BM,LMB Basin,BBSR||SE, Eastern Circle,Cuttack||EE, Mahanadi North Division,Jagatpur","O/O THE SUPERINTENDING ENGINEER,MND-I",Protection to scoured bank on Nuna Karandia right embankment from RD 9.500 Km to 9.620 Km near village Kulagaon Isalo for the year 2022-23,"33,34,949",Civil Works - Others,,MND-04/2021-22,2022_CELBB_76452_19,National Competitive Bid,Works,Nil,Nil,"2,835,040",16-Jul-2022,"INR 2,835,040",NA,NA,NA,NA,,,,,,
815,Protection to sluice and construction of step on LFB of river Rushikulya near village Nagapur,Aska,761111,"CE-BM,RVN Basin,Berhampur||S.E. Southern Irr. Circle I Berhampur||EE Bhanjanagar Irrigation Divn Bhanjanagar","SE, BhanjanagarIrr. Divn., Bhanjanagar",Protection to sluice and construction of step on LFB of river Rushikulya near village Nagapur,"10,72,553",Civil Works - Others,,e-BNID-08/2022-23,2022_CEBMB_82808_29,Open Tender,Works,Nil,Nil,"911,777",23-Jan-2023,"INR 911,777",NA,NA,NA,NA,,,,,,
818,Providing 2 nos of bathing steps in RFB of river Baghua near village Haridapadar,Aska,761111,"CE-BM,RVN Basin,Berhampur||S.E. Southern Irr. Circle I Berhampur||EE Bhanjanagar Irrigation Divn Bhanjanagar","SE, BhanjanagarIrr. Divn., Bhanjanagar",Providing 2 nos of bathing steps in RFB of river Baghua near village Haridapadar,"11,32,481",Civil Works - Others,,e-BNID-08/2022-23,2022_CEBMB_82808_56,Open Tender,Works,Nil,Nil,"962,722",29-Jan-2023,"INR 962,722",NA,NA,NA,NA,,,,,,
832,Providing of drainage sluice in RFB of river Baghua near village Brahamanachhai (Bolasara Road),Aska,761111,"CE-BM,RVN Basin,Berhampur||S.E. Southern Irr. Circle I Berhampur||EE Bhanjanagar Irrigation Divn Bhanjanagar","SE, BhanjanagarIrr. Divn., Bhanjanagar",Providing of drainage sluice in RFB of river Baghua near village Brahamanachhai (Bolasara Road),"11,88,303",Civil Works - Others,,e-BNID-08/2022-23,2022_CEBMB_82808_58,Open Tender,Works,Nil,Nil,"1,010,176",29-Jan-2023,"INR 1,010,176",NA,NA,NA,NA,,,,,,
835,Proving paver tile at Down Stream area of Dyke No-I for development of parking place of Lower Indra Irrigation Project.,"Dam site, Tikhali",766107,CCE Lower Indra Irr. Project Nuapada||CCE LIP||EE Lower Indra Canal Divn. Khariar,"o/o the SE, L.I.Canal Division, Khariar",Proving paver tile at Down Stream area of Dyke No-I for development of parking place of Lower Indra Irrigation Project.,"13,08,023",Civil Works - Others,,"SELICD-03/2022-23, Dt. 21.12.2022",2022_CCELI_84639_1,Open Tender,Works,Nil,Nil,"1,111,951",06-Feb-2023,"INR 1,111,951",NA,NA,NA,NA,,,,,,
837,"Raising , strengtening and construction of protection wall of Sankarda Disty from RD 13.000 km to 15.000 km(working RD 13.100 km to RD 13.267 km).",BORIGUMMA,764056,"CCE,Upper Kolab Project,Jeypore||CCE,Upper Kolab Project, Bariniput||EE, Upper Kolab Irrigation Divn IV, Boriguma","Office of the SE UKIDIVN, Borigumma,Dist-Koraput",Canal Structural work,"7,10,058",Civil Works - Canal,,SEUKID 01/2022-23 (SL 9),2022_CCEJE_82176_1,Open Tender,Works,Nil,Nil,"603,620",28-Nov-2022,"INR 710,058",NA,NA,NA,NA,,,,,,
838,"Raising , strengtening of both bank and construction of protection wall of Chitagaon minor from RD 2.500 km to 3.200 km.",BORIGUMMA,764056,"CCE,Upper Kolab Project,Jeypore||CCE,Upper Kolab Project, Bariniput||EE, Upper Kolab Irrigation Divn IV, Boriguma","Office of the SE UKIDIVN, Borigumma,Dist-Koraput.",Canal Structural work,"6,22,357",Civil Works - Canal,,SEUKID 01/2022-23 (SL 8),2022_CCEJE_82175_1,Open Tender,Works,Nil,Nil,"529,066",28-Nov-2022,"INR 622,357",NA,NA,NA,NA,,,,,,
839,Raising and Strengthening both bank side and construction protection wall in different patches from RD 2.00km to 3.00 km of Pachia Minor.,BORIGUMMA,764056,"CCE,Upper Kolab Project,Jeypore||CCE,Upper Kolab Project, Bariniput||EE, Upper Kolab Irrigation Divn IV, Boriguma","Office of the SE UKIDIVN, Borigumma,Dist-Koraput.",CANAL STRUCTURAL WORK,"4,45,933",Civil Works - Canal,,SEUKID 01/2022-23 (SL 32),2022_CCEJE_82214_1,Open Tender,Works,Nil,Nil,"379,088",28-Nov-2022,"INR 445,933",NA,NA,NA,NA,,,,,,
849,Reaming of porous pipes and foundation drainage holes inside gallery of U.K. Dam.,Kolabnagar,764011,"CCE,Upper Kolab Project,Jeypore||CCE,Upper Kolab Project, Bariniput||EE , Upper Kolab Headworks Division,Kolabnagar","Office of the SE UKHW DIVN, Kolabnagar, Koraput.",Dam maintenance work.,"46,31,932",Civil Works - Others,,SE-UKHWD-05/2022-23(Sl.No.15),2022_CCEJE_83481_1,Open Tender,Works,Nil,Nil,"3,937,605.39",22-Mar-2023,"INR 4,631,932",NA,NA,NA,NA,,,,,,
853,Renovation Hansua Drain from Rankei VRB at RD. 64.09Km to US of Baliakani VRB at RD.77.29 Km under DIP,Renovation Hansua Drain from Rankei VRB at RD. 64.,754103,"CE,Drainage,Cuttack||SE,Drainage,Cuttack",Additional Chief Engineer Drainage Circle Cuttack,Renovation Hansua Drain from Rankei VRB at RD. 64.09Km to US of Baliakani VRB at RD.77.29 Km under DIP,"5,24,05,421",Civil Works - Others,,SEDC-CTC / DDJSPR -13/2021-22,2021_CEDC_72448_1,National Competitive Bid,Works,Nil,Nil,"44,549,848",27-Apr-2022,"INR 44,549,848",NA,NA,NA,NA,,,,,,
854,Renovation Hansua Drain from US of Baliakani VRB at RD.77.29 Km to Panchapalli VRB at RD.81.62 Km under DIP,Renovation Hansua Drain from US of Baliakani VRB a,754103,"CE,Drainage,Cuttack||SE,Drainage,Cuttack",Additional Chief Engineer Drainage Circle Cuttack,Renovation Hansua Drain from US of Baliakani VRB at RD.77.29 Km to Panchapalli VRB at RD.81.62 Km under DIP,"2,97,58,111",Civil Works - Others,,SEDC-CTC / DDJSPR -11/2021-22,2021_CEDC_72446_1,National Competitive Bid,Works,Nil,Nil,"25,297,370",27-Apr-2022,"INR 25,297,370",NA,NA,NA,NA,,,,,,
858,"Renovation of canal and repair of HR, outlet and providing protection wall to scoured bank within RD 0.00km to 2.200km of Dhutiguda minor.",BORIGUMMA,764056,"CCE,Upper Kolab Project,Jeypore||CCE,Upper Kolab Project, Bariniput||EE, Upper Kolab Irrigation Divn IV, Boriguma","Office of the SE UKIDIVN, Borigumma,Dist-Koraput.",CANAL STRUCTURAL WORK,"8,48,472",Civil Works - Canal,,SEUKID 02/2022-23 (SL 12),2022_CCEJE_83308_1,Open Tender,Works,Nil,Nil,"721,286",02-Jan-2023,"INR 848,472",NA,NA,NA,NA,,,,,,
859,Renovation of CD No-3 at RD 1.715 km and protection to scoured bank of Miriguda S/M including outlet repair.,Borigumma,764056,"CCE,Upper Kolab Project,Jeypore||CCE,Upper Kolab Project, Bariniput||EE, Upper Kolab Irrigation Divn IV, Boriguma","Office of the SE UKIDIVN, Borigumma,Dist-Koraput.",Canal Structural work,"8,42,437",Civil Works - Canal,,SEUKID 01 /2022-23 (SL 4),2022_CCEJE_82162_1,Open Tender,Works,Nil,Nil,"716,155",03-Dec-2022,"INR 842,437",NA,NA,NA,NA,,,,,,
860,Renovation of CD No2 at RD 0.390km and protection to scoured bank and strengthening of both bank from RD 0.600km to 0.750km of Kandiput Sub-Minor(L) including repair of CD No-3 at RD 0.675km and CD No-1 at RD 0.090km.,Borigumma,764056,"CCE,Upper Kolab Project,Jeypore||CCE,Upper Kolab Project, Bariniput||EE, Upper Kolab Irrigation Divn IV, Boriguma","Office of the SE UKIDIVN, Borigumma,Dist-Koraput.",Canal structural works.,"7,07,928",Civil Works - Canal,,SEUKID 01 /2022-23 (SL 1),2022_CCEJE_82156_1,Open Tender,Works,Nil,Nil,"601,809",28-Nov-2022,"INR 707,928",NA,NA,NA,NA,,,,,,
861,"Renovation of Dighi Junusnagar DC, Righagoda to Rajbijayanagar via Barapita, Iswarpur to Dalakani DC, Ghadiamal Kholajora to Daruora Talachua Panchayat office to Rajendranagar, Dhagua to Mangarajpur","Renovation of Dighi Junusnagar DC, Righagoda to Ra",754201,"CE,Drainage,Cuttack||SE,Drainage,Cuttack",Additional Chief Engineer Drainage Circle Cuttack,"Renovation of Dighi Junusnagar DC, Righagoda to Rajbijayanagar via Barapita, Iswarpur to Dalakani DC, Ghadiamal Kholajora to Daruora Talachua Panchayat office to Rajendranagar, Dhagua to Mangarajpur","5,34,78,782",Civil Works - Others,,SEDC-CTC/DDKPD-21/2021-22,2021_CEDC_73350_1,National Competitive Bid,Works,Nil,Nil,"45,462,313",25-Apr-2022,"INR 45,462,313",NA,NA,NA,NA,,,,,,
863,Renovation of fall No-1 at RD 4.380km and fall No-2 at RD 4.480km and protection to scoured bank including outlet repair and desilting of Dharanahandi Disty.,BORIGUMMA,764056,"CCE,Upper Kolab Project,Jeypore||CCE,Upper Kolab Project, Bariniput||EE, Upper Kolab Irrigation Divn IV, Boriguma","Office of the SE UKIDIVN, Borigumma,Dist-Koraput.",Canal Structural works,"6,63,644",Civil Works - Canal,,SEUKID 01 /2022-23 (SL 2),2022_CCEJE_82158_1,Open Tender,Works,Nil,Nil,"564,164",28-Nov-2022,"INR 663,644",NA,NA,NA,NA,,,,,,
864,Renovation of fall No.3 at RD 4.650km and fall No.4 at RD 4.822km and protection to scoured bank including outlet repair of Dharanahandi Disty.,BORIGUMMA,764056,"CCE,Upper Kolab Project,Jeypore||CCE,Upper Kolab Project, Bariniput||EE, Upper Kolab Irrigation Divn IV, Boriguma","Office of the SE UKIDIVN, Borigumma,Dist-Koraput.",CANAL STRUCTURAL WORK,"6,87,598",Civil Works - Canal,,SEUKID 02/2022-23 (SL 04),2022_CCEJE_83291_1,Open Tender,Works,Nil,Nil,"584,527",30-Dec-2022,"INR 687,598",NA,NA,NA,NA,,,,,,
865,Renovation of Hansua drain from RD 40.76Km to RD 57.52 Km under DIP,Renovation of Hansua drain from RD 40.76Km to RD 5,754103,"CE,Drainage,Cuttack||SE,Drainage,Cuttack",Additional Chief Engineer Drainage Circle Cuttack,Renovation of Hansua drain from RD 40.76Km to RD 57.52 Km under DIP,"4,58,88,566",Civil Works - Others,,SEDC-CTC / DDJSPR -18/2021-22,2021_CEDC_72656_1,National Competitive Bid,Works,Nil,Nil,"39,009,870",26-Apr-2022,"INR 39,009,870",NA,NA,NA,NA,,,,,,
869,Renovation of RCC drain with cover slab from Jobra Fish Market Chhack to Dasa Sahi culvert via Purna Ch. Beura res located at Jobra in W.No 40.,CMC,753012,Municipal Bodies||Cuttack Municipal Corporation,"Bikash Bhawan,Jagannath Lane,Badambadi-753012",Renovation of RCC drain with cover slab from Jobra Fish Market Chhack to Dasa Sahi culvert via Purna Ch. Beura res located at Jobra in W.No 40.,"5,50,807",Civil Works - Others,,MC(CMC)CTC_Div-I_No37/2020-21,2020_ORULB_63526_13,Open Tender,Works,"Municipal Commissioner ,C.M.C",Cuttack,"468,241.03",10-Oct-2022,"INR 468,241",NA,NA,NA,NA,,,,,,
871,Renovation of step on RFB of river Jorou near Section Office(newkhilabadi),Aska,761111,"CE-BM,RVN Basin,Berhampur||S.E. Southern Irr. Circle I Berhampur||EE Bhanjanagar Irrigation Divn Bhanjanagar","SE, BhanjanagarIrr. Divn., Bhanjanagar",Renovation of step on RFB of river Jorou near Section Office(newkhilabadi),"6,04,528",Civil Works - Others,,e-BNID-08/2022-23,2022_CEBMB_82808_34,Open Tender,Works,Nil,Nil,"513,909",28-Jan-2023,"INR 513,909",NA,NA,NA,NA,,,,,,
872,Renovation to CD and drain at entrance of Gallery road of Upper Kolab Dam at Kolabnagar,Kolabnagar,764011,"CCE,Upper Kolab Project,Jeypore||CCE,Upper Kolab Project, Bariniput||EE , Upper Kolab Headworks Division,Kolabnagar","Office of the SE UKHW DIVN, Kolabnagar,Koraput",Dam renovation work,"7,13,164",Civil Works - Canal,,SE-UKHWD-05 /2021-22 (SL.No. 01) ),2022_CCEJE_76489_1,Open Tender,Works,Nil,Nil,"606,260.86",05-Nov-2022,"INR 713,164.17",NA,NA,NA,NA,,,,,,
874,Repair and Construction of river sluice on RFB of river Baghua near village Kusapalli,Aska,761111,"CE-BM,RVN Basin,Berhampur||S.E. Southern Irr. Circle I Berhampur||EE Bhanjanagar Irrigation Divn Bhanjanagar","SE, BhanjanagarIrr. Divn., Bhanjanagar",Repair and Construction of river sluice on RFB of river Baghua near village Kusapalli,"8,58,058",Civil Works - Others,,e-BNID-08/2022-23,2022_CEBMB_82808_43,Open Tender,Works,Nil,Nil,"792,435",29-Jan-2023,"INR 792,435",NA,NA,NA,NA,,,,,,
875,REPAIR AND RENOVATION OF DIFFERENT COLONY DRAINS INCLUDING BACKSIDE DRAINS OF GUDI LINE AND SAIBABA LINE AT BALIMELA,"COLONY AREA OF BHEP, BALIMELA",764051,Odisha Hydro Power Corporation Ltd||Balimela H.E. Project Balimela,"O/o Unit Head, BHEP, Balimela",REPAIR AND RENOVATION OF DIFFERENT COLONY DRAINS INCLUDING BACKSIDE DRAINS OF GUDI LINE AND SAIBABA LINE AT BALIMELA,"26,02,984",Civil Works - Others,REPAIRING OF DRAINS,BHEP/34/2022-23 DATED 10.10.2022,2022_OHPCL_82339_1,Open Tender,Works,Nil,Nil,"2,212,796",03-Mar-2023,"INR 2,212,796",NA,NA,NA,NA,,,,,,
876,Repair and renovation of roof and drain of E type and F type Qtrs at Kolabnagar colony,Kolabnagar,764011,"CCE,Upper Kolab Project,Jeypore||CCE,Upper Kolab Project, Bariniput||EE , Upper Kolab Headworks Division,Kolabnagar","Office of the SE, UKHWD, Kolabnagar,Dist-Koraput.",Colony Quarters works,"8,59,687",Civil Works - Buildings,,SE-UKHWD-06-2022-23(Sl.No.05),2023_CCEJE_84879_1,Open Tender,Works,Nil,Nil,"730,819.70",22-Mar-2023,"INR 859,686.75",NA,NA,NA,NA,,,,,,
878,"Repair and restoration of CC drain with cover slab from Siba Sahu house to Darji house, Ward No-5, Kuchinda NAC",Ward no-5,768222,Municipal Bodies||Kuchinda NAC,OFFICE OF THE NAC KUCHINDA,"Repair and restoration of CC drain with cover slab from Siba Sahu house to Darji house, Ward No-5, Kuchinda NAC","2,54,238",Civil Works - Others,,KCDA/NAC-5/2022-23,2022_ORULB_82029_12,Open Tender,Works,Nil,Nil,"216,127.70",16-Nov-2022,"INR 216,127.7",NA,NA,NA,NA,,,,,,
881,"Repair and widening of existing colony roads with black Bitumen along with repairing of existing 03 (three) nos. of Culverts, BHEP, Balimela","OHPC Colony premises, Balimela",764051,Odisha Hydro Power Corporation Ltd||Balimela H.E. Project Balimela,"O/o the Unit Head, BHEP, Balimela","Repair and widening of existing colony roads with black Bitumen along with repairing of existing 03 (three) nos. of Culverts, BHEP, Balimela","49,80,420",Civil Works - Roads,Strenghening and widening of Bituminous Roads,BHEP/35/2021-22 DATED 22.12.2021,2021_OHPCL_75281_1,Open Tender,Works,Nil,Nil,"5,129,335",24-Nov-2022,"INR 5,129,335",NA,NA,NA,NA,,,,,,
882,"Repair of CD No 4 at RD 1.375 km and CD No 2 at RD 0.880 km, repair of HR, outlet and providing protection wall to scoured bank of Lamtaguda Sub mionr.",BORIGUMMA,764056,"CCE,Upper Kolab Project,Jeypore||CCE,Upper Kolab Project, Bariniput||EE, Upper Kolab Irrigation Divn IV, Boriguma","Office of the SE UKIDIVN, Borigumma,Dist-Koraput",CANAL STRUCTURAL WORK,"4,42,021",Civil Works - Canal,,SEUKID 01/2022-23 (SL 33),2022_CCEJE_82215_1,Open Tender,Works,Nil,Nil,"375,762",28-Nov-2022,"INR 442,021",NA,NA,NA,NA,,,,,,
883,Repair of CD No-3 and CD No-4 including outlet repair and protection to scoured bank of Kupia minor.,Borigumma,764056,"CCE,Upper Kolab Project,Jeypore||CCE,Upper Kolab Project, Bariniput||EE, Upper Kolab Irrigation Divn IV, Boriguma","Office of the SE UKIDIVN, Borigumma,Dist-Koraput.",Canal Structural works,"8,71,454",Civil Works - Canal,,SEUKID 01 /2022-23 (SL 3),2022_CCEJE_82161_1,Open Tender,Works,Nil,Nil,"740,823",28-Nov-2022,"INR 871,454",NA,NA,NA,NA,,,,,,
884,"Repair of CD No.12 at RD 11.831km, CD No.15 at RD 13.553km construction of canal lining including repair of outlet and protection to scoured bank of Pakhanaguda Disty.",BORIGUMMA,764056,"CCE,Upper Kolab Project,Jeypore||CCE,Upper Kolab Project, Bariniput||EE, Upper Kolab Irrigation Divn IV, Boriguma","Office of the SE UKIDIVN, Borigumma,Dist-Koraput.",CANAL STRUCTURAL WORK,"7,95,686",Civil Works - Canal,,SEUKID 02/2022-23 (SL 03),2022_CCEJE_83290_1,Open Tender,Works,Nil,Nil,"676,413",30-Dec-2022,"INR 795,686",NA,NA,NA,NA,,,,,,
893,"Repair of outlet, 2 nos falls and construction of protection wall of Sankarda Disty. at RD 8.500km.",BORIGUMMA,764056,"CCE,Upper Kolab Project,Jeypore||CCE,Upper Kolab Project, Bariniput||EE, Upper Kolab Irrigation Divn IV, Boriguma","Office of the SE UKIDIVN, Borigumma,Dist-Koraput.",CANAL STRUCTURAL WORK,"5,80,655",Civil Works - Canal,,SEUKID 02/2022-23 (SL 14),2022_CCEJE_83310_1,Open Tender,Works,Nil,Nil,"493,615",02-Jan-2023,"INR 580,655",NA,NA,NA,NA,,,,,,
916,"Repair, Renovation and Restoration of Badabandha MIP in Harabhanga Block under RRR Scheme for the year 2022-23",Harabhanga,762020,"CE,Minor Irrigation,BBSR||SESMIC-BERHAMPUR||EE,MI Divn, Boudh","SE, Minor Irrigation Division, Boudh","Repair, Renovation and Restoration of Badabandha MIP in Harabhanga Block under RRR Scheme for the year 2022-23","58,78,907",Civil Works - Others,,10/BMID/2022-2023,2023_CEMIB_85594_1,Open Tender,Works,Nil,Nil,5897237,02-Mar-2023,INR 5897237.0,NA,NA,NA,NA,,,,,,
918,"Repair, Renovation and Restoration of Bharatpur MIP in Harabhanga Block under RRR Scheme for the year 2022-23",Harabhanga,762020,"CE,Minor Irrigation,BBSR||SESMIC-BERHAMPUR||EE,MI Divn, Boudh","SE, Minor Irrigation Division, Boudh","Repair, Renovation and Restoration of Bharatpur MIP in Harabhanga Block under RRR Scheme for the year 2022-23","33,66,814",Civil Works - Others,,09/BMID/2022-2023,2023_CEMIB_85319_1,Open Tender,Works,Nil,Nil,"3,377,313",21-Feb-2023,"INR 3,377,313",NA,NA,NA,NA,,,,,,
925,"Repair, Renovation and Restoration of Kelakata MIP in Harabhanga Block under RRR Scheme for the year 2022-23",Harabhanga,762020,"CE,Minor Irrigation,BBSR||SESMIC-BERHAMPUR||EE,MI Divn, Boudh","EE, Minor Irrigation Division, Boudh","Repair, Renovation and Restoration of Kelakata MIP in Harabhanga Block under RRR Scheme for the year 2022-23","46,11,916",Civil Works - Others,,Online 02/BMID/2022-23,2022_CEMIB_77571_1,Open Tender,Works,Nil,Nil,"3,920,590",02-Jun-2022,"INR 4,391,060",NA,NA,NA,NA,,,,,,
931,Repair/Const. of Road and Drain from Basant Kumar Dash House to Pradip Singh House W.No.12.,Brajrajnagar Municipal Area,768216,Municipal Bodies||Brajrajnagar Municipality,Brajrajnagar Municipality,Road and Drain,"19,00,000",Civil Works - Others,,BRJNRM-05/2021-22,2021_ORULB_74052_61,Open Tender,Works,Nil,Nil,"1,526,956.06",13-Apr-2022,"INR 1,900,000",NA,NA,NA,NA,,,,,,
932,Restoration and Protection of LFB of river Rushikulya near village Pudugeswarpalli.,Aska,761110,"CE-BM,RVN Basin,Berhampur||S.E. Southern Irr. Circle I Berhampur","O/o the Additional CE, RB Basin, Berhampur",Restoration and Protection of LFB of river Rushikulya near village Pudugeswarpalli.,"7,98,27,313",Civil Works - Others,,"ACE,RBB-25/2022-23",2022_CEBMB_82319_1,National Competitive Bid,Works,Nil,Nil,"67,861,199.03",22-Mar-2023,"INR 67,861,199",NA,NA,NA,NA,,,,,,
934,Restoration of boundary wall at Eco Park and Municipal Colony,Angul,759122,Municipal Bodies||Angul Municipality,"O/O Executive Officer, Angul Municipality, Angul",Restoration of boundary wall at Eco Park and Municipal Colony,"2,67,900",Civil Works - Others,,EO/AGLM-09/2021-22,2021_ORULB_70459_3,Open Tender,Works,Nil,Nil,"227,705",18-Jan-2023,"INR 267,857.02",NA,NA,NA,NA,,,,,,
935,Restoration of drainage sluice in RFB of river Baghua near village Mantapada,Aska,761111,"CE-BM,RVN Basin,Berhampur||S.E. Southern Irr. Circle I Berhampur||EE Bhanjanagar Irrigation Divn Bhanjanagar","O/o SE, Bhanjanagar Irr. Divn.",Restoration of drainage sluice in RFB of river Baghua near village Mantapada,"24,21,303",Civil Works - Others,,BNID-09/2022-23,2022_CEBMB_83464_4,Open Tender,Works,Nil,Nil,"2,058,350",01-Feb-2023,"INR 2,058,350",NA,NA,NA,NA,,,,,,
937,Restoration of Right flood bank of river Rushikulya near village Raipur ( RD 3.600Km. to 5.000Km .),Hinjilicut,761102,"CE-BM,RVN Basin,Berhampur||S.E. Southern Irr. Circle I Berhampur","O/o Additional CE, RB Basin, Berhampur",Restoration of Right flood bank of river Rushikulya near village Raipur ( RD 3.600Km. to 5.000Km .),"3,33,36,975",Civil Works - Others,,"ACE,RBB-20/2022-23",2022_CEBMB_81568_8,National Competitive Bid,Works,Nil,Nil,"28,339,762.30",06-Dec-2022,"INR 28,339,762",NA,NA,NA,NA,,,,,,
939,Restoration to Badapal-Nagarighat saline embankment on Saulia Right from RD.2.76 Km to RD.3.00 Km,Erasama,754139,"CE-BM,LMB Basin,BBSR||SE, Eastern Circle,Cuttack||EE,Mahanadi South Division,Cuttack","S.E, Mahanadi South Division-I, Cuttack",Restoration to Badapal-Nagarighat saline embankment on Saulia Right from RD.2.76 Km to RD.3.00 Km,"46,82,310",Civil Works - Others,,IFB No.04 MSD / (Online) 2022-23,2023_CELBB_85510_20,Open Tender,Works,Nil,Nil,"3,980,432",20-Mar-2023,"INR 3,980,432",NA,NA,NA,NA,,,,,,
960,Restoration to LFB of river Baghua near village Hatiota(Construction of drainage sluice).,Aska,761111,"CE-BM,RVN Basin,Berhampur||S.E. Southern Irr. Circle I Berhampur||EE Bhanjanagar Irrigation Divn Bhanjanagar","S.E., Bhanjanagar Irrigation Division, Bhanjanagar",Restoration to LFB of river Baghua near village Hatiota(Construction of drainage sluice).,"12,40,878",Civil Works - Others,,e- BNID-13/2022-23,2023_CEBMB_86030_28,Open Tender,Works,Nil,Nil,"1,054,871",28-Mar-2023,"INR 1,054,871",NA,NA,NA,NA,,,,,,
971,Restoration to Mahanadi left from Mangarajpur to Sankhamari embankment from RD 1500 m to RD 1800 m for the year 2022-23,ATHAGARH,754021,"CE-BM,LMB Basin,BBSR||SE, Eastern Circle,Cuttack||EE, Mahanadi North Division,Jagatpur","O/O THE SUPERINTENDING ENGINEER,MND-I",Restoration to Mahanadi left from Mangarajpur to Sankhamari embankment from RD 1500 m to RD 1800 m for the year 2022-23,"22,28,992",Civil Works - Others,,MND-04/2021-22,2022_CELBB_76452_2,National Competitive Bid,Works,Nil,Nil,"1,894,866",16-Jul-2022,"INR 1,894,866",NA,NA,NA,NA,,,,,,
989,"Restoration to RFB of river Rushikulya near village Bharatapalli, D/S of School.",Aska,761111,"CE-BM,RVN Basin,Berhampur||S.E. Southern Irr. Circle I Berhampur||EE Bhanjanagar Irrigation Divn Bhanjanagar","SE, BhanjanagarIrr. Divn., Bhanjanagar","Restoration to RFB of river Rushikulya near village Bharatapalli, D/S of School.","26,79,147",Civil Works - Others,,e-BNID-08/2022-23,2022_CEBMB_82808_46,Open Tender,Works,Nil,Nil,"2,277,543",29-Jan-2023,"INR 2,277,543",NA,NA,NA,NA,,,,,,
993,Restoration to scoured bank from Kandha to Sasanga from RD 200 m to RD 300 m on Mahanadi left for the year 2022-23,ATHAGARH,754021,"CE-BM,LMB Basin,BBSR||SE, Eastern Circle,Cuttack||EE, Mahanadi North Division,Jagatpur","O/O THE SUPERINTENDING ENGINEER,MND-I",Restoration to scoured bank from Kandha to Sasanga from RD 200 m to RD 300 m on Mahanadi left for the year 2022-23,"25,75,217",Civil Works - Others,,MND-04/2021-22,2022_CELBB_76452_11,National Competitive Bid,Works,Nil,Nil,"2,189,192",16-Jul-2022,"INR 2,189,192",NA,NA,NA,NA,,,,,,
995,Restoration to scoured bank on Mahanadi left near Ogalpur from RD 350 m to 440m for the year 2022-23,ATHAGARH,754021,"CE-BM,LMB Basin,BBSR||SE, Eastern Circle,Cuttack||EE, Mahanadi North Division,Jagatpur","O/O THE SUPERINTENDING ENGINEER,MND-I",Restoration to scoured bank on Mahanadi left near Ogalpur from RD 350 m to 440m for the year 2022-23,"22,45,120",Civil Works - Others,,MND-04/2021-22,2022_CELBB_76452_12,National Competitive Bid,Works,Nil,Nil,"1,908,576",16-Jul-2022,"INR 1,908,576",NA,NA,NA,NA,,,,,,
996,Restoration to scoured bank on Mahanadi left near Parianighat from RD 450 m to 580 m for the year 2022-23,ATHAGARH,754021,"CE-BM,LMB Basin,BBSR||SE, Eastern Circle,Cuttack||EE, Mahanadi North Division,Jagatpur","O/O THE SUPERINTENDING ENGINEER,MND-I",Restoration to scoured bank on Mahanadi left near Parianighat from RD 450 m to 580 m for the year 2022-23,"35,74,745",Civil Works - Others,,MND-04/2021-22,2022_CELBB_76452_5,National Competitive Bid,Works,Nil,Nil,"3,038,890",16-Jul-2022,"INR 3,038,890",NA,NA,NA,NA,,,,,,
997,Restoration to scoured bank on Mahanadi left near Prasannapur for the year 2022-23,ATHAGARH,754021,"CE-BM,LMB Basin,BBSR||SE, Eastern Circle,Cuttack||EE, Mahanadi North Division,Jagatpur","O/O THE SUPERINTENDING ENGINEER,MND-I",Restoration to scoured bank on Mahanadi left near Prasannapur for the year 2022-23,"26,45,607",Civil Works - Others,,MND-04/2021-22,2022_CELBB_76452_23,National Competitive Bid,Works,Nil,Nil,"2,249,030",16-Jul-2022,"INR 2,249,030",NA,NA,NA,NA,,,,,,
998,Restoration to scoured bank on Mahanadi left near village Baliput from RD 00 to 150 m for the year 2022-23,ATHAGARH,754021,"CE-BM,LMB Basin,BBSR||SE, Eastern Circle,Cuttack||EE, Mahanadi North Division,Jagatpur","O/O THE SUPERINTENDING ENGINEER,MND-I",Restoration to scoured bank on Mahanadi left near village Baliput from RD 00 to 150 m for the year 2022-23,"35,65,965",Civil Works - Others,,MND-04/2021-22,2022_CELBB_76452_6,National Competitive Bid,Works,Nil,Nil,"3,031,427",16-Jul-2022,"INR 3,031,427",NA,NA,NA,NA,,,,,,
999,Restoration to scoured bank on Mahanadi left near village Hairanpur from RD00 to 120 m for the year 2022-23,ATHAGARH,754021,"CE-BM,LMB Basin,BBSR||SE, Eastern Circle,Cuttack||EE, Mahanadi North Division,Jagatpur","O/O THE SUPERINTENDING ENGINEER,MND-I",Restoration to scoured bank on Mahanadi left near village Hairanpur from RD00 to 120 m for the year 2022-23,"35,55,531",Civil Works - Others,,MND-04/2021-22,2022_CELBB_76452_9,National Competitive Bid,Works,Nil,Nil,"3,022,557",25-Jul-2022,"INR 3,022,557",NA,NA,NA,NA,,,,,,
1000,Restoration to scoured bank on Mahanadi left near village Ranibhuin from RD 3070 m to 3160 m for the year 2022-23,ATHAGARH,754021,"CE-BM,LMB Basin,BBSR||SE, Eastern Circle,Cuttack||EE, Mahanadi North Division,Jagatpur","O/O THE SUPERINTENDING ENGINEER,MND-I",Restoration to scoured bank on Mahanadi left near village Ranibhuin from RD 3070 m to 3160 m for the year 2022-23,"35,37,010",Civil Works - Others,,MND-04/2021-22,2022_CELBB_76452_7,National Competitive Bid,Works,Nil,Nil,"3,006,812",25-Jul-2022,"INR 3,006,812",NA,NA,NA,NA,,,,,,
1001,Restoration to scoured bank on Mahanadi left near village Sanagaon from RD 5780 m to 5900 m for the year 2022-23,ATHAGARH,754021,"CE-BM,LMB Basin,BBSR||SE, Eastern Circle,Cuttack||EE, Mahanadi North Division,Jagatpur","O/O THE SUPERINTENDING ENGINEER,MND-I",Restoration to scoured bank on Mahanadi left near village Sanagaon from RD 5780 m to 5900 m for the year 2022-23,"37,16,499",Civil Works - Others,,MND-04/2021-22,2022_CELBB_76452_8,National Competitive Bid,Works,Nil,Nil,"3,159,396",16-Jul-2022,"INR 3,159,396",NA,NA,NA,NA,,,,,,
1002,Restoration to scoured bank on Sultania OAE on Birupa right from RD 00 to 2200m for the year 2022-23,NURTANGA,754021,"CE-BM,LMB Basin,BBSR||SE, Eastern Circle,Cuttack||EE, Mahanadi North Division,Jagatpur","O/O THE SUPERINTENDING ENGINEER,MND-I",Restoration to scoured bank on Sultania OAE on Birupa right from RD 00 to 2200m for the year 2022-23,"17,68,047",Civil Works - Others,,MND-04/2021-22,2022_CELBB_76452_15,National Competitive Bid,Works,Nil,Nil,"1,503,016",16-Jul-2022,"INR 1,503,016",NA,NA,NA,NA,,,,,,
1003,Restoration to Spur at RD 37.90 Km on Mahanadi right near Tarapur,Kissannagar,754131,"CE-BM,LMB Basin,BBSR||SE, Eastern Circle,Cuttack||EE,Mahanadi South Division,Cuttack","S.E, Mahanadi South Division-I, Cuttack",Restoration to Spur at RD 37.90 Km on Mahanadi right near Tarapur,"12,58,715",Civil Works - Others,,IFB No.04 MSD / (Online) 2022-23,2023_CELBB_85510_7,Open Tender,Works,Nil,Nil,"1,070,033",18-Mar-2023,"INR 1,070,033",NA,NA,NA,NA,,,,,,
1011,Retrofitting for RPWS Scheme to Gunadola and Kaliagarh Zone 1 and Zone II under Kantapada Block,Kantapada,753004,Rural Water Supply and Sanitation||RWSS Circle Cuttack||RWSS Division Cuttack,"Superintending Engineer, RWSS Division, Cuttack",Retrofitting for RPWS Scheme to Gunadola and Kaliagarh Zone 1 and Zone II under Kantapada Block,"2,91,33,000",Civil Works - Water Works,,RWSSCTC- 01 /2022-23,2022_RWSS_78341_4,National Competitive Bid,Works,Nil,Nil,"26,222,253",21-Feb-2023,"INR 26,222,253",NA,NA,NA,NA,,,,,,
1012,"Retrofitting for RPWS Scheme to Harianta, Andhoti, Sumandi and Usuma under Baranga Block",Baranga,753004,Rural Water Supply and Sanitation||RWSS Circle Cuttack||RWSS Division Cuttack,"Superintending Engineer, RWSS Division, Cuttack","Retrofitting for RPWS Scheme to Harianta, Andhoti, Sumandi and Usuma under Baranga Block","4,19,61,000",Civil Works - Others,,RWSSCTC- 02 /2022-23,2022_RWSS_78511_1,National Competitive Bid,Works,Nil,Nil,"37,240,776",02-Mar-2023,"INR 37,240,776",NA,NA,NA,NA,,,,,,
1013,"Retrofitting of 40 LPCD PWS schemes to 7 nos. of different villages namely Kharjoda, Badanaikguda, Belkona, Singari , Badadwarsahi, Sulipadar, Gurtuli under Kalyansinghpur block in Rayagad District.",Kalyansinghpur,765016,Rural Water Supply and Sanitation||RWSS Circle Koraput||RWSS Division Rayagada,"RWSS Division,Rayagada","Retrofitting of 40 LPCD PWS schemes to 7 nos. of different villages namely Kharjoda, Badanaikguda, Belkona, Singari , Badadwarsahi, Sulipadar, Gurtuli under Kalyansinghpur block in Rayagad District.","3,23,80,468",Civil Works - Water Works,,10/RWSS/RGD/2021-22,2021_RWSS_74834_1,Open Tender,Works,Nil,Nil,"29,145,659.32",26-Apr-2022,"INR 32,380,468.08",NA,NA,NA,NA,,,,,,
1020,RETROFITTING OF RPWS TO BADULI 40 LPCD UNDER SIMULIA BLOCK - JJM,BLASORE,756001,Rural Water Supply and Sanitation||RWSS Circle Cuttack||RWSS Balasore,O/O EE RWSS DIVISION BALASORE,RPWS WITH RCC ESR,"43,22,541",Civil Works - Water Works,,TCN NO. 22 DT. 25.08.2022,2022_RWSS_80808_1,Open Tender,Works,Nil,Nil,"3,674,592",31-Dec-2022,"INR 3,674,592",NA,NA,NA,NA,,,,,,
1023,RETROFITTING OF RPWS TO RANASAHI UNDER BALASORE BLOCK - JJM,BALASORE,756001,Rural Water Supply and Sanitation||RWSS Circle Cuttack||RWSS Balasore,O/O EE RWSS DIVISION BALASORE,RPWS WORKS,"68,37,056",Civil Works - Water Works,,TCN NO. 25 DT. 22.10.2021,2021_RWSS_72210_1,Open Tender,Works,Nil,Nil,"5,812,182",07-Nov-2022,"INR 5,812,182",NA,NA,NA,NA,,,,,,
1029,S R to PWD road to Kumudabahal road such as New culvert at 0 700 km 1x900 mm Damaged maintenance of boxcell at ch 2 800 and 4 500 km 0 700 km for the year 2022 23,KEONJHAR,758001,CE RW I||RWCIRCLE-KEONJHAR||RWDIVISION-KEONJHAR,"R.W DIVISION-I, KEONJHAR",S R to PWD road to Kumudabahal road such as New culvert at 0 700 km 1x900 mm Damaged maintenance of boxcell at ch 2 800 and 4 500 km 0 700 km for the year 2022 23,"7,96,135",Civil Works - Roads,,01 2022 23,2022_CERWI_78783_1,National Competitive Bid,Works,Nil,Nil,"676,795",17-Oct-2022,"INR 796,135",NA,NA,NA,NA,,,,,,
1037,S/R to Angul town road from Aptech Chhaka to Railway station via Salvation Army - construction of drain and paver block ch 0/000 to 1/200 km,ANGUL,759122,EIC-CIVIL||SERNB-CIRCLE-DHENKANAL||EERNB Angul Division,O/O the Executive Engineer Angul R and B Division,S/R to Angul town road from Aptech Chhaka to Railway station via Salvation Army - construction of drain and paver block ch 0/000 to 1/200 km,"10,48,346",Civil Works - Roads,,EE (R and B) Angul-10/ 2021-22,2021_EICCL_71932_12,Open Tender,Works,Nil,Nil,"891,199",25-Jun-2022,"INR 891,199",NA,NA,NA,NA,,,,,,
1045,S/R to NH 157 B to Helei via Belataila road such as construction of 2x1000 mm. dia Hume pipe culvert at 6/375 km and 6/460 km for the year 2021-22,ANGUL,759122,EIC-CIVIL||SERNB-CIRCLE-DHENKANAL||EERNB Angul Division,O/O the Executive Engineer Angul R and B Division,S/R to NH 157 B to Helei via Belataila road such as construction of 2x1000 mm. dia Hume pipe culvert at 6/375 km and 6/460 km for the year 2021-22,"8,83,690",Civil Works - Roads,,EE (R and B) Angul-10/ 2021-22,2021_EICCL_71932_7,Open Tender,Works,Nil,Nil,"751,225",26-Jun-2022,"INR 751,225",NA,NA,NA,NA,,,,,,
1053,Sl.No.1-Protection to Scoured bank on Nilai Haldharpur TRE on Biruapa left from RD 7400mtr to 7700 (Near Haladharpur Shiva Temple) with Improvement to Kampagarh-Palatpur TRE near Nilapada on Birupa left,Jaraka,755050,"CE-BM,LMB Basin,BBSR||SE, Eastern Circle,Cuttack||EE,Jaraka Irr Division, Jaraka","S.E. Jaraka Irrigation Division, Jaraka",Earth work and Cement concrete work,"49,94,093",Civil Works - Others,,JKID-03 OF 2022-23,2022_CELBB_77940_1,National Competitive Bid,Works,Nil,Nil,"4,245,478",27-Jun-2022,"INR 4,245,478",NA,NA,NA,NA,,,,,,
1054,Sl.No.1-Scoured bank protection to Bainsiria Kadikama TRE on Dudhei right near Khajurimala,Jaraka,755050,"CE-BM,LMB Basin,BBSR||SE, Eastern Circle,Cuttack||EE,Jaraka Irr Division, Jaraka","S.E. Jaraka Irrigation Division, Jaraka",Dumping work,"79,49,682",Civil Works - Others,,JKID-02 OF 2022-23,2022_CELBB_77227_1,National Competitive Bid,Works,Nil,Nil,"6,758,025",10-Jun-2022,"INR 6,758,025",NA,NA,NA,NA,,,,,,
1055,Sl.No.10-Protection to Scoured Bank on Kharasuan left at Routrapur,Jaraka,755050,"CE-BM,LMB Basin,BBSR||SE, Eastern Circle,Cuttack||EE,Jaraka Irr Division, Jaraka","S.E. Jaraka Irrigation Division, Jaraka","Earth work, Stone work and Dumping work","42,08,239",Civil Works - Others,,JKID-02 OF 2022-23,2022_CELBB_77227_10,National Competitive Bid,Works,Nil,Nil,"3,577,424",10-Jun-2022,"INR 3,577,424",NA,NA,NA,NA,,,,,,
1056,Sl.No.13-Protection to Scoured Portion near Village Uchhabali on Kusei Right,Jaraka,755050,"CE-BM,LMB Basin,BBSR||SE, Eastern Circle,Cuttack||EE,Jaraka Irr Division, Jaraka","S.E. Jaraka Irrigation Division, Jaraka","Earth work, Stone work and Dumping work","39,96,182",Civil Works - Others,,JKID-02 OF 2022-23,2022_CELBB_77227_13,National Competitive Bid,Works,Nil,Nil,"3,397,154",27-Jun-2022,"INR 3,397,154",NA,NA,NA,NA,,,,,,
1057,Sl.No.14-Protection to Scour bank near Immamnagar on Brahmnai right (RD.11195 M. to 11505 M),Jaraka,755050,"CE-BM,LMB Basin,BBSR||SE, Eastern Circle,Cuttack||EE,Jaraka Irr Division, Jaraka","S.E. Jaraka Irrigation Division, Jaraka","Earth work, Stone work and Dumping work","39,19,906",Civil Works - Others,,JKID-02 OF 2022-23,2022_CELBB_77227_14,National Competitive Bid,Works,Nil,Nil,"3,332,312",27-Jun-2022,"INR 3,332,312",NA,NA,NA,NA,,,,,,
1058,Sl.No.15-Protection to Scoured Portion near Village Harikansa on Kusei Right,Jaraka,755050,"CE-BM,LMB Basin,BBSR||SE, Eastern Circle,Cuttack||EE,Jaraka Irr Division, Jaraka","S.E. Jaraka Irrigation Division, Jaraka","Earth work, Stone work and Dumping work","37,10,667",Civil Works - Others,,JKID-02 OF 2022-23,2022_CELBB_77227_15,National Competitive Bid,Works,Nil,Nil,"3,154,438",10-Jun-2022,"INR 3,154,438",NA,NA,NA,NA,,,,,,
1059,Sl.No.17-Protection to Scoured Bank on Jamara Nadi Left at Bartanda,Jaraka,755050,"CE-BM,LMB Basin,BBSR||SE, Eastern Circle,Cuttack||EE,Jaraka Irr Division, Jaraka","S.E. Jaraka Irrigation Division, Jaraka","Earth work, Stone work and Dumping work","35,39,812",Civil Works - Others,,JKID-02 OF 2022-23,2022_CELBB_77227_17,National Competitive Bid,Works,Nil,Nil,"3,009,194",27-Jun-2022,"INR 3,009,194",NA,NA,NA,NA,,,,,,
1060,Sl.No.17-Restoration to Disty No.14 including construction of Outlets at RD.5370m 6453m 8262m 8767m 9121m 9773m and Guard wall at RD.5370m to5668m 3060m to 3637m,Jaraka,755050,CE AND BM MBBS CHANDIKOLE||EASTERN CIRCLE II CHANDIKOLE||Jaraka Irr Div Jaraka,"S.E. Jaraka Irrigation Division, Jaraka",Earth work and Cement Concrete work,"9,98,331",Civil Works - Others,,JKID-04 OF 2022-23,2022_JIRR_83086_17,National Competitive Bid,Works,Nil,Nil,"848,681",05-Jan-2023,"INR 848,681",NA,NA,NA,NA,,,,,,
1061,Sl.No.18-Protection to Scoured bank near Kabatabandha on Brahmani right,Jaraka,755050,"CE-BM,LMB Basin,BBSR||SE, Eastern Circle,Cuttack||EE,Jaraka Irr Division, Jaraka","S.E. Jaraka Irrigation Division, Jaraka",Packing work and Dumping work,"33,58,900",Civil Works - Others,,JKID-02 OF 2022-23,2022_CELBB_77227_18,National Competitive Bid,Works,Nil,Nil,"2,855,401",19-Jun-2022,"INR 2,855,401",NA,NA,NA,NA,,,,,,
1062,Sl.No.19-Restoration to Scoured Bank on Kharasuan Left at Pahanga,Jaraka,755050,"CE-BM,LMB Basin,BBSR||SE, Eastern Circle,Cuttack||EE,Jaraka Irr Division, Jaraka","S.E. Jaraka Irrigation Division, Jaraka","Earth work, Stone work and Dumping work","30,97,076",Civil Works - Others,,JKID-02 OF 2022-23,2022_CELBB_77227_19,National Competitive Bid,Works,Nil,Nil,"2,632,824",27-Jun-2022,"INR 2,632,824",NA,NA,NA,NA,,,,,,
1063,Sl.No.2-Protection of Scoured Bank on Kelua Right from Gokarneswar to Kaima Bridge (Construction of 4 Nos. spur),Jaraka,755050,"CE-BM,LMB Basin,BBSR||SE, Eastern Circle,Cuttack||EE,Jaraka Irr Division, Jaraka","S.E. Jaraka Irrigation Division, Jaraka","Earth work, Stone work and Dumping work","60,20,141",Civil Works - Others,,JKID-02 OF 2022-23,2022_CELBB_77227_2,National Competitive Bid,Works,Nil,Nil,"5,117,722",23-Jun-2022,"INR 5,117,722",NA,NA,NA,NA,,,,,,
1064,Sl.No.21-Bank protection to Rudrapur breach on Brahmani left,Jaraka,755050,"CE-BM,LMB Basin,BBSR||SE, Eastern Circle,Cuttack||EE,Jaraka Irr Division, Jaraka","S.E. Jaraka Irrigation Division, Jaraka",Earth work and Stone work,"14,89,931",Civil Works - Others,,JKID-02 OF 2022-23,2022_CELBB_77227_21,National Competitive Bid,Works,Nil,Nil,"1,266,590",22-Jun-2022,"INR 1,266,590",NA,NA,NA,NA,,,,,,
1065,Sl.No.21-Restoration to Biribati TRE,Jaraka,755050,CE AND BM MBBS CHANDIKOLE||EASTERN CIRCLE II CHANDIKOLE||Jaraka Irr Div Jaraka,"S.E. Jaraka Irrigation Division, Jaraka",Earth work and moorum work,"8,75,865",Civil Works - Others,,JKID-04 OF 2022-23,2022_JIRR_83086_21,National Competitive Bid,Works,Nil,Nil,"744,573",11-Jan-2023,"INR 744,573",NA,NA,NA,NA,,,,,,
1066,Sl.No.22-Bank protection to Santhan breach on Dudhei Right,Jaraka,755050,"CE-BM,LMB Basin,BBSR||SE, Eastern Circle,Cuttack||EE,Jaraka Irr Division, Jaraka","S.E. Jaraka Irrigation Division, Jaraka","Earth work, Stone work and Dumping work","14,64,109",Civil Works - Others,,JKID-02 OF 2022-23,2022_CELBB_77227_22,National Competitive Bid,Works,Nil,Nil,"1,244,639",22-Jun-2022,"INR 1,244,639",NA,NA,NA,NA,,,,,,
1067,Sl.No.22-Restoration to Birabhanpur Kakudikuda TRE from RD 1150 mtr to RD 1750 mtr,Jaraka,755050,CE AND BM MBBS CHANDIKOLE||EASTERN CIRCLE II CHANDIKOLE||Jaraka Irr Div Jaraka,"S.E. Jaraka Irrigation Division, Jaraka",Earth work and Stone work,"6,97,724",Civil Works - Others,,JKID-04 OF 2022-23,2022_JIRR_83086_22,National Competitive Bid,Works,Nil,Nil,"593,135",06-Jan-2023,"INR 593,135",NA,NA,NA,NA,,,,,,
1068,Sl.No.23-Bank protection to Isanpur breach and Benjarapur breach on Brahmani right,Jaraka,755050,"CE-BM,LMB Basin,BBSR||SE, Eastern Circle,Cuttack||EE,Jaraka Irr Division, Jaraka","S.E. Jaraka Irrigation Division, Jaraka",Earth work and Stone work,"8,27,739",Civil Works - Others,,JKID-02 OF 2022-23,2022_CELBB_77227_23,National Competitive Bid,Works,Nil,Nil,"703,661",22-Jun-2022,"INR 703,661",NA,NA,NA,NA,,,,,,
1069,"Sl.No.23-Restoration to Talabana Minor including const. of Guardwall from 441m to 680m,150m to 220m",Jaraka,755050,CE AND BM MBBS CHANDIKOLE||EASTERN CIRCLE II CHANDIKOLE||Jaraka Irr Div Jaraka,"S.E. Jaraka Irrigation Division, Jaraka",Earth work and Cement Concrete work,"6,93,862",Civil Works - Others,,JKID-04 OF 2022-23,2022_JIRR_83086_23,National Competitive Bid,Works,Nil,Nil,"589,852",06-Jan-2023,"INR 589,852",NA,NA,NA,NA,,,,,,
1070,Sl.No.3-Protection to Scoured Bank on Kharasuan Right at Tulasipur,Jaraka,755050,"CE-BM,LMB Basin,BBSR||SE, Eastern Circle,Cuttack||EE,Jaraka Irr Division, Jaraka","S.E. Jaraka Irrigation Division, Jaraka","Earth work, Stone work and Dumping work","55,51,339",Civil Works - Others,,JKID-02 OF 2022-23,2022_CELBB_77227_3,National Competitive Bid,Works,Nil,Nil,"4,719,193",27-Jun-2022,"INR 4,719,193",NA,NA,NA,NA,,,,,,
1071,Sl.No.3-Protection to scoured bank on Rahapada Mohanpur OAE from Rd 6.000km to 6.500km,Jaraka,755050,"CE-BM,LMB Basin,BBSR||SE, Eastern Circle,Cuttack||EE,Jaraka Irr Division, Jaraka","S.E. Jaraka Irrigation Division, Jaraka","Earth work, Dumping and Packing work","28,67,647",Civil Works - Others,,JKID-03 OF 2022-23,2022_CELBB_77940_3,National Competitive Bid,Works,Nil,Nil,"2,437,787",27-Jun-2022,"INR 2,437,787",NA,NA,NA,NA,,,,,,
1072,Sl.No.4-Protection to Scoured portion near village Sainkula on Kushei right,Jaraka,755050,"CE-BM,LMB Basin,BBSR||SE, Eastern Circle,Cuttack||EE,Jaraka Irr Division, Jaraka","S.E. Jaraka Irrigation Division, Jaraka","Earth work, Stone work and Dumping work","55,35,611",Civil Works - Others,,JKID-02 OF 2022-23,2022_CELBB_77227_4,National Competitive Bid,Works,Nil,Nil,"4,705,823",27-Jun-2022,"INR 4,705,823",NA,NA,NA,NA,,,,,,
1073,Sl.No.5-Protection to scoured bank on CE No.17A on Patia right near Ramaraja Temple,Jaraka,755050,"CE-BM,LMB Basin,BBSR||SE, Eastern Circle,Cuttack||EE,Jaraka Irr Division, Jaraka","S.E. Jaraka Irrigation Division, Jaraka",Earth work and Cement concrete work,"18,22,938",Civil Works - Others,,JKID-03 OF 2022-23,2022_CELBB_77940_5,National Competitive Bid,Works,Nil,Nil,"1,549,680",27-Jun-2022,"INR 1,549,680",NA,NA,NA,NA,,,,,,
1074,Sl.No.5-Protection to Scoured Portion near Charisapradaya thakura on Kusei Right,Jaraka,755050,"CE-BM,LMB Basin,BBSR||SE, Eastern Circle,Cuttack||EE,Jaraka Irr Division, Jaraka","S.E. Jaraka Irrigation Division, Jaraka","Earth work, Stone work and Dumping work","53,10,200",Civil Works - Others,,JKID-02 OF 2022-23,2022_CELBB_77227_5,National Competitive Bid,Works,Nil,Nil,"4,514,201",27-Jun-2022,"INR 4,514,201",NA,NA,NA,NA,,,,,,
1075,Sl.No.6-Protection to Scoured Bank on Brahmani Left at Kumudi to Mangarajpur,Jaraka,755050,"CE-BM,LMB Basin,BBSR||SE, Eastern Circle,Cuttack||EE,Jaraka Irr Division, Jaraka","S.E. Jaraka Irrigation Division, Jaraka","Earth work, Stone work and Dumping work","48,67,081",Civil Works - Others,,JKID-02 OF 2022-23,2022_CELBB_77227_6,National Competitive Bid,Works,Nil,Nil,"4,137,506",27-Jun-2022,"INR 4,137,506",NA,NA,NA,NA,,,,,,
1076,Sl.No.6-Restoration to Paikarapur Gherry on Brahmnai left,Jaraka,755050,"CE-BM,LMB Basin,BBSR||SE, Eastern Circle,Cuttack||EE,Jaraka Irr Division, Jaraka","S.E. Jaraka Irrigation Division, Jaraka",Earth work and Packing work,"10,01,536",Civil Works - Others,,JKID-03 OF 2022-23,2022_CELBB_77940_6,National Competitive Bid,Works,Nil,Nil,"851,406",27-Jun-2022,"INR 851,406",NA,NA,NA,NA,,,,,,
1077,Sl.No.7-Protection of Scoured Bank on Kelua Right in between Mirzapur and Gelehi,Jaraka,755050,"CE-BM,LMB Basin,BBSR||SE, Eastern Circle,Cuttack||EE,Jaraka Irr Division, Jaraka","S.E. Jaraka Irrigation Division, Jaraka","Earth work, Stone work and Dumping work","43,48,849",Civil Works - Others,,JKID-02 OF 2022-23,2022_CELBB_77227_7,National Competitive Bid,Works,Nil,Nil,"3,696,957",22-Jun-2022,"INR 3,696,957",NA,NA,NA,NA,,,,,,
1079,Sl.No.7-Restoration to Right Approach to HL Bridge over Pandra Nallah near Village -Atta,Jaraka,755050,CE AND BM MBBS CHANDIKOLE||EASTERN CIRCLE II CHANDIKOLE||Jaraka Irr Div Jaraka,"S.E. Jaraka Irrigation Division, Jaraka",Road work,"19,48,000",Civil Works - Others,,JKID-04 OF 2022-23,2022_JIRR_83086_7,National Competitive Bid,Works,Nil,Nil,"1,655,995",12-Jan-2023,"INR 1,655,995",NA,NA,NA,NA,,,,,,
1080,Sl.No.8-Protection to Scoured Bank on Kharasuana Right at Gopalapatana,Jaraka,755050,"CE-BM,LMB Basin,BBSR||SE, Eastern Circle,Cuttack||EE,Jaraka Irr Division, Jaraka","S.E. Jaraka Irrigation Division, Jaraka","Earth work, Stone work and Dumping work","42,20,761",Civil Works - Others,,JKID-02 OF 2022-23,2022_CELBB_77227_8,National Competitive Bid,Works,Nil,Nil,"3,588,069",27-Jun-2022,"INR 3,588,069",NA,NA,NA,NA,,,,,,
1082,Sl.No.9-Protection to Scoured Bank on Patia Left at Marthapur,Jaraka,755050,"CE-BM,LMB Basin,BBSR||SE, Eastern Circle,Cuttack||EE,Jaraka Irr Division, Jaraka","S.E. Jaraka Irrigation Division, Jaraka","Earth work, Stone work and Dumping work","42,13,107",Civil Works - Others,,JKID-02 OF 2022-23,2022_CELBB_77227_9,National Competitive Bid,Works,Nil,Nil,"3,581,562",23-Jun-2022,"INR 3,581,562",NA,NA,NA,NA,,,,,,
1083,Slab Casting and Laying on existing roadside drain,Near Chiplima Power House,768025,Odisha Hydro Power Corporation Ltd||Chiplima H.E. Project Chiplima,"O/o the GM (El.), CHEP, Chiplima",Slab Casting and Laying on existing roadside drain near Chiplima Power House,"8,20,320",Civil Works - Others,,CHEP-41/2022-23,2022_OHPCL_84535_1,Open Tender,Works,Nil,Nil,"697,354",04-Mar-2023,"INR 697,354",NA,NA,NA,NA,,,,,,
1092,SR to Balitutha Jatadhari Muhan road such as Hume Pipe Culvert at Ch 2500 m to 2600 m for 2022 23,Jagatsinghpur,754103,CE RW I||RWCIRCLE-CUTTACK||RWDIVISION-JAGATSINGHPUR,Jagatsinghpur,SR to Balitutha Jatadhari Muhan road such as Hume Pipe Culvert at Ch 2500 m to 2600 m for 2022 23,"6,72,027",Miscellaneous Works,,06 of 2022-23,2022_CERWI_80492_1,Open Tender,Works,Nil,Nil,"571,290",31-Jan-2023,"INR 571,290",NA,NA,NA,NA,,,,,,
1093,SR to Barabati Rasulpur road for the year 2022 23 Such as Slab Culvert,Jaraka,755050,CE RW I||RWCIRCLE-CUTTACK||RWDIVISION-JAJPUR-II,Jaraka,SR to Barabati Rasulpur road for the year 2022 23 Such as Slab Culvert,"8,84,974",Miscellaneous Works,,02 of 2022-23,2022_CERWI_79098_1,Open Tender,Works,Nil,Nil,"752,317",20-Aug-2022,"INR 752,317",NA,NA,NA,NA,,,,,,
1096,SR to Katara to Bolar road such as Box Cell Culvert retaining wall and approach road at Ch 2920 m 0950 m to 0960 mtr for 2022 23,Jagatsinghpur,754103,CE RW I||RWCIRCLE-CUTTACK||RWDIVISION-JAGATSINGHPUR,Jagatsinghpur,SR to Katara to Bolar road such as Box Cell Culvert retaining wall and approach road at Ch 2920 m 0950 m to 0960 mtr for 2022 23,"12,60,157",Civil Works - Roads,,06 of 2022-23,2022_CERWI_80498_1,Open Tender,Works,Nil,Nil,"1,071,260",04-Jan-2023,"INR 1,071,260",NA,NA,NA,NA,,,,,,
1097,SR to MDR-40 to Kurlubhata road -Const. of Slab Culvert at ch. 0.900km- for the year 2021-22,TITILAGARH,767042,CE RW I||RWCIRCLE-BALANGIR||RWDIVISION-TITLAGARH,"O/o the S.E.R.W.Division,Titilagarh",SR to MDR-40 to Kurlubhata road -Const. of Slab Culvert at ch. 0.900km- for the year 2021-22,"9,80,052",Civil Works - Roads,,EETIG-ONLINE-08/2021-22,2022_CERWI_76212_5,Open Tender,Works,Nil,Nil,"833,142",21-Apr-2022,"INR 833,142",NA,NA,NA,NA,,,,,,
1098,SR to such as construction of Box cell and Drain at Mahidharpur chhak of Nuahata Mahidharpur road.,ANGUL,759122,EIC-CIVIL||SERNB-CIRCLE-DHENKANAL||EERNB Angul Division,O/O the Executive Engineer Angul R and B Division,SR to such as construction of Box cell and Drain at Mahidharpur chhak of Nuahata Mahidharpur road.,"17,88,063",Civil Works - Roads,,EE (R and B) Angul-12/ 2021-22,2021_EICCL_72246_1,Open Tender,Works,Nil,Nil,"1,520,032",25-Jun-2022,"INR 1,520,032",NA,NA,NA,NA,,,,,,
1102,Supply Testing and Commissioning of Water Quality Lab equipment under National Hydrology Project Odisha,BHUBANESWAR,751012,Ground Water Survey and Investigation,BHUBANESWAR,Supply Testing and Commissioning of Water Quality Lab equipment under National Hydrology Project Odisha 20,"1,03,00,000",Laboratory and scientific equipment,,NHP/ODGW/2022-23/WQLE/31,2022_GWSI_78408_1,Open Tender,Goods,NODAL OFFICER NHP ODISHA,BHUBANESWAR,"3,258,072",06-Dec-2022,"INR 3,258,072",NA,NA,NA,NA,,,,,,
91,Construction Of 8 Nos Recharge Shafts in Tanks Ponds in Bisra Block Of Sundergarh District,GWD Division Danipali Budharaja Sambalpur,768004,Ground Water Survey and Investigation,SAMBALPUR,Construction Of 8 Nos Recharge Shafts in Tanks Ponds in Bisra Block Of Sundergarh District,"13,76,656",Civil Works - Others,,02/GWSBPD/ARUA/2022-23,2022_GWSI_83249_1,Open Tender,Works,Nil,Nil,"1,294,056",02-Jan-2023,"INR 1,294,056",NA,Sundargarh,Sambalpur,CONFLICT,,,,,,
92,Construction Of 8 Nos Recharge Shafts in Tanks Ponds in Jharsuguda Block Of Jharsuguda District,GWD Division Danipali Budharaja Sambalpur,768004,Ground Water Survey and Investigation,SAMBALPUR,Construction Of 8 Nos Recharge Shafts in Tanks Ponds in Jharsuguda Block Of Jharsuguda District,"13,76,000",Civil Works - Others,,01/GWSBPD/ARUA/2022-23,2022_GWSI_83241_1,Open Tender,Works,Nil,Nil,"1,300,053",02-Jan-2023,"INR 1,300,053",NA,Jharsuguda,Sambalpur,CONFLICT,,,,,,
137,"Construction of bathing steps of RFB of river Rushikulya near village Pakidi, Pital, Sasan Toatha and Ramunisahi",Bhanjanagar,761126,"CE-BM,RVN Basin,Berhampur||S.E. Southern Irr. Circle I Berhampur||EE Bhanjanagar Irrigation Divn Bhanjanagar","O/o CE n BM, RVN Basin, Berhampur",Construction of bathing ghat,"9,58,000",Civil Works - Others,,e- BNID-04/ 2021-22,2021_CEBMB_70513_5,Open Tender,Works,Nil,Nil,"813,915",29-Mar-2023,"INR 813,915",NA,Sambalpur,Ganjam,CONFLICT,,,,,,
265,Construction of HL Bridge over Kumarkani Nallah at 5/800 KM and Dumerpadar Nallah at 11/300 KM on Th-Rampur- Kasipur Road (MDR-112) under State Plan for the year 2018-19.,Kalahandi,762110,EIC-CIVIL||SERNB-CIRCLE-BOLANGIR,"O/o CCE, Balangir (R and B) Circle, Balangir",Bridge Work,"9,19,99,939",Civil Works - Bridges,,CCE (R and B) BGR-05-2021-22,2021_EICCL_70888_1,National Competitive Bid,Works,Nil,Nil,"78,209,148",13-May-2022,"INR 78,209,148",NA,Sonepur,Kalahandi,CONFLICT,,,,,,
702,Improvement to Sambalpur-Sundargarh-Rourkela road from 78/000 KM to 79/450 KM of (Sundargarh Town) such as providing Paver Block and drain under State Plan for the year 2022-23,Sundargarh,770001,EIC-CIVIL||SERNB-CIRCLE-KEONJHAR,O/o the CCE Keonjhar (R and B) Circle,Improvement to Sambalpur-Sundargarh-Rourkela road from 78/000 KM to 79/450 KM of (Sundargarh Town) such as providing Paver Block and drain under State Plan for the year 2022-23,"3,28,32,000",Civil Works - Roads,,"C.C.E.K.C., Keonjhar No. 26/ 2022-23",2022_EICCL_83064_2,Open Tender,Works,Nil,Nil,"27,910,552",06-Mar-2023,"INR 27,910,552",NA,Sambalpur,Sundargarh,CONFLICT,,,,,,
719,Installation of Recharge Shafts and Monitoring Station at 08 Locations in Binjharpur Block and 08 locations in Rasulpur Block of Jajpur District,"Deputy Director Geology, GWD Division Cuttack",753003,Ground Water Survey and Investigation,CUTTACK,Installation of Recharge Shafts and Monitoring Station at 08 Locations in Binjharpur Block and 08 locations in Rasulpur Block of Jajpur District,"28,56,059",Civil Works - Others,,05/GWCTC/ARUA/2022-23,2022_GWSI_84611_1,Open Tender,Works,Nil,Nil,"2,527,611",04-Feb-2023,"INR 2,527,611",NA,Jajapur,Cuttack,CONFLICT,,,,,,
726,Installation of Recharge Shafts and Monitoring Station at 20 Locations under Garadapur Block of Kendrapara District Part-B,Deputy Director Geology GWD Division Cuttack,753003,Ground Water Survey and Investigation,CUTTACK,Installation of Recharge Shafts and Monitoring Station at 20 Locations under Garadapur Block of Kendrapara District Part-B,"42,13,000",Civil Works - Others,,04/GWCTC/ARUA/2022-23,2022_GWSI_83601_1,Open Tender,Works,Nil,Nil,"4,402,844",12-Jan-2023,"INR 4,402,844",NA,Kendrapara,Cuttack,CONFLICT,,,,,,
727,Installation of Recharge Shafts and Monitoring Station at 20 Locations under Garadpur Block of Kendrapara District,"GWD Division ,Cuttack , New Zobra",753003,Ground Water Survey and Investigation,CUTTACK,Installation of Recharge Shafts and Monitoring Station at 20 Locations under Garadpur Block of Kendrapara District,"42,13,000",Civil Works - Others,,02/GWCTC/ARUA/2022-23,2022_GWSI_82564_1,National Competitive Bid,Works,"Deputy Director, Geology, GWD Division ,Cuttack",Cuttack,"4,213,248",13-Dec-2022,"INR 4,213,248",NA,Kendrapara,Cuttack,CONFLICT,,,,,,
783,Protection to left bank river Bahuda near village K Nuagaon,Berhampur_K Nuagaon,760004,"CE-BM,RVN Basin,Berhampur||S.E. Southern Irr. Circle I Berhampur||EE Chikiti Irrigation Divn Berhampur","O/o the SE, Chikiti Irrigation Division, Berhampur","Earth Work, Concrete Work, stone work","5,19,821",Civil Works - Others,,SE-CHID-01/2022-23,2022_CEBMB_77815_18,National Competitive Bid,Works,Nil,Nil,"441,900",30-Jan-2023,"INR 441,900",NA,Ganjam,Baleshwar,CONFLICT,,,,,,
803,Protection to river bank of river Bahuda near village Bajragamma of Digapahandi Block.,Berhampur_Bajragumma,760004,"CE-BM,RVN Basin,Berhampur||S.E. Southern Irr. Circle I Berhampur||EE Chikiti Irrigation Divn Berhampur","O/o the SE, Chikiti Irrigation Division, Berhampur","Earth Work, Concrete Work, Stone work","35,40,068",Civil Works - Others,,SE-CHID-01/2022-23,2022_CEBMB_77815_12,National Competitive Bid,Works,Nil,Nil,"3,009,411",30-Jan-2023,"INR 3,009,411",NA,Ganjam,Baleshwar,CONFLICT,,,,,,
1032,S/R to (a). H.L. Bridge over river Kandal at 8th Km. on Salei Baharana road (b). H.L. Bridge over river on Nuagaon Balisahi road (c). H.L. Bridge over river Prachi on F.N.M. road to Dinasinghpatana road (d). S.B. over Dengajore on Majhikhanda Bilasun,"O/O THE S.E., R.W.DIVISION, CUTTACK",753004,CE RW I||RWCIRCLE-CUTTACK||RWDIVISION-CUTTACK,"O/O THE S.E., R.W.DIVISION, CUTTACK",S/R to (a). H.L. Bridge over river Kandal at 8th Km. on Salei Baharana road (b). H.L. Bridge over river on Nuagaon Balisahi road (c). H.L. Bridge over river Prachi on F.N.M. road to Dinasinghpatana road (d). S.B. over Dengajore on Majhikhanda Bilasun,"14,68,940",Civil Works - Bridges,,RWD-CTC-10-2021-22,2021_CERWI_73377_37,Open Tender,Works,Nil,Nil,"1,248,745",13-Apr-2022,"INR 1,248,745",NA,Ganjam,Cuttack,CONFLICT,,,,,,
