,State,Title,District,Block,Pincode,Latitude,Longitude,Organisation_Chain,Bid_Opening_Place,Work_Description,Season,Contract_Date ,Product_Category,Sub_category,Tender_Reference_Number,Tender_ID,Awarded_Value,Contract_Value ,Tender_Value ,Response_Type
0,Odisha,Improvement to Pallahara Town road such as widening and improvement of the road construction of box cell culvert alongwith drain for 2021-22.,Angul,ANGUL,759122,20.95,85.26666666666667,EIC-CIVIL||SERNB-CIRCLE-DHENKANAL||EERNB Angul Division,O/O the Executive Engineer Angul R and B Division,Improvement to Pallahara Town road such as widening and improvement of the road construction of box cell culvert alongwith drain for 2021-22.,Monsoon,2022-06-25,Civil Works - Roads,,EE (R and B) Angul-06/ 2021-22,2021_EICCL_70927_8,5766415.0,5766415.0,6091069,
1,Odisha,S/R to Angul town road from Aptech Chhaka to Railway station via Salvation Army - construction of drain and paver block ch 0/000 to 1/200 km,Angul,ANGUL,759122,20.95,85.26666666666667,EIC-CIVIL||SERNB-CIRCLE-DHENKANAL||EERNB Angul Division,O/O the Executive Engineer Angul R and B Division,S/R to Angul town road from Aptech Chhaka to Railway station via Salvation Army - construction of drain and paver block ch 0/000 to 1/200 km,Monsoon,2022-06-25,Civil Works - Roads,,EE (R and B) Angul-10/ 2021-22,2021_EICCL_71932_12,891199.0,891199.0,1048346,
2,Odisha,S/R to NH 157 B to Helei via Belataila road such as construction of 2x1000 mm. dia Hume pipe culvert at 6/375 km and 6/460 km for the year 2021-22,Angul,ANGUL,759122,20.95,85.26666666666667,EIC-CIVIL||SERNB-CIRCLE-DHENKANAL||EERNB Angul Division,O/O the Executive Engineer Angul R and B Division,S/R to NH 157 B to Helei via Belataila road such as construction of 2x1000 mm. dia Hume pipe culvert at 6/375 km and 6/460 km for the year 2021-22,Monsoon,2022-06-26,Civil Works - Roads,,EE (R and B) Angul-10/ 2021-22,2021_EICCL_71932_7,751225.0,751225.0,883690,
3,Odisha,Construction of Boxcell Culvert at 32.900 km on Angul Tikarpada road under state plan for the year 2021-22.,Angul,ANGUL,759122,20.95,85.26666666666667,EIC-CIVIL||SERNB-CIRCLE-DHENKANAL||EERNB Angul Division,O/O the Executive Engineer Angul R and B Division,Construction of Boxcell Culvert at 32.900 km on Angul Tikarpada road under state plan for the year 2021-22.,Monsoon,2022-06-26,Civil Works - Roads,,EE (R and B) Angul-12/ 2021-22,2021_EICCL_72245_3,6377510.0,6377510.0,7502070,
4,Odisha,SR to such as construction of Box cell and Drain at Mahidharpur chhak of Nuahata Mahidharpur road.,Angul,ANGUL,759122,20.95,85.26666666666667,EIC-CIVIL||SERNB-CIRCLE-DHENKANAL||EERNB Angul Division,O/O the Executive Engineer Angul R and B Division,SR to such as construction of Box cell and Drain at Mahidharpur chhak of Nuahata Mahidharpur road.,Monsoon,2022-06-25,Civil Works - Roads,,EE (R and B) Angul-12/ 2021-22,2021_EICCL_72246_1,1520032.0,1520032.0,1788063,
5,Odisha,Construction of bridge cum wire under bridge on Kankurpal Nallah at 13.500km of Kosala Chhendipada road ODR in the district of Angul,Angul,ANGUL,759122,20.95,85.26666666666667,EIC-CIVIL||SERNB-CIRCLE-DHENKANAL||EERNB Angul Division,O/O the Superintending Engineer Angul RB Division,Construction of bridge cum wire under bridge on Kankurpal Nallah at 13.500km of Kosala Chhendipada road ODR in the district of Angul,Monsoon,2022-06-25,Civil Works - Roads,,SE (R and B) Angul-21/ 2021-22,2021_EICCL_74495_1,7872065.0,7872065.0,9260164,
6,Odisha,Construction of SKEW culvert at Uamsankar Acharaya house of ward No.17 Bharata Nagar,Angul,ANGUL,759122,20.95,85.26666666666667,Municipal Bodies||Angul Municipality,O/O Executive Officer Angul Municipality Angul,Construction of SKEW culvert at Uamsankar Acharaya house of ward No.17 Bharata Nagar,Post-Monsoon,2023-01-17,Civil Works - Others,,EO/AGLM-09/2021-22,2021_ORULB_70459_1,116130.0,136607.92,136600,
7,Odisha,Construction of RCC culvert to Bharat Nagar slum in ward No.17,Angul,ANGUL,759122,20.95,85.26666666666667,Municipal Bodies||Angul Municipality,O/O Executive Officer Angul Municipality Angul,Construction of RCC culvert to Bharat Nagar slum in ward No.17,Post-Monsoon,2023-01-18,Civil Works - Others,,EO/AGLM-09/2021-22,2021_ORULB_70459_2,150802.0,177393.77,177400,
8,Odisha,Restoration of boundary wall at Eco Park and Municipal Colony,Angul,ANGUL,759122,20.95,85.26666666666667,Municipal Bodies||Angul Municipality,O/O Executive Officer Angul Municipality Angul,Restoration of boundary wall at Eco Park and Municipal Colony,Post-Monsoon,2023-01-18,Civil Works - Others,,EO/AGLM-09/2021-22,2021_ORULB_70459_3,227705.0,267857.02,267900,
9,Odisha,Construction of drain from Omm residency towards PWD drain in ward No.6,Angul,ANGUL,759122,20.95,85.26666666666667,Municipal Bodies||Angul Municipality,O/O Executive Officer Angul Municipality Angul,Construction of drain from Omm residency towards PWD drain in ward No.6,Post-Monsoon,2023-01-24,Civil Works - Others,,EO/AGLM-15/2021-22,2021_ORULB_71271_1,944008.0,991488.81,991490,
10,Odisha,Const. of drain from Debendra Behera house to Jagurti Community Centre in ward No.16,Angul,ANGUL,759122,20.95,85.26666666666667,Municipal Bodies||Angul Municipality,O/O Executive Officer Angul Municipality Angul,Const. of drain from Debendra Behera house to Jagurti Community Centre in ward No.16,Post-Monsoon,2023-01-17,Civil Works - Others,,EO/AGLM-18/2021-22,2021_ORULB_72308_15,400000.0,357143.12,357143,
11,Odisha,Const. of road culvert from Pramila Rath house to Kulamani Mohapatra house in ward No.15,Angul,ANGUL,759122,20.95,85.26666666666667,Municipal Bodies||Angul Municipality,O/O Executive Officer Angul Municipality Angul,Const. of road culvert from Pramila Rath house to Kulamani Mohapatra house in ward No.15,Post-Monsoon,2023-01-17,Civil Works - Others,,EO/AGLM-18/2021-22,2021_ORULB_72308_38,1200000.0,1071428.74,1071429,
12,Odisha,Const. of drain back side of Municipal Colony in ward No.20,Angul,ANGUL,759122,20.95,85.26666666666667,Municipal Bodies||Angul Municipality,O/O Executive Officer Angul Municipality Angul,Const. of drain back side of Municipal Colony in ward No.20,Post-Monsoon,2023-01-18,Civil Works - Others,,EO/AGLM-18/2021-22,2021_ORULB_72308_4,1315000.0,1174106.96,1174107,
13,Odisha,Const. of drain from Danda road culvert to Kalinga Thakurani temple in ward No.9,Angul,ANGUL,759122,20.95,85.26666666666667,Municipal Bodies||Angul Municipality,O/O Executive Officer Angul Municipality Angul,Const. of drain from Danda road culvert to Kalinga Thakurani temple in ward No.9,Post-Monsoon,2023-01-18,Civil Works - Others,,EO/AGLM-18/2021-22,2021_ORULB_72308_6,1755000.0,1566964.84,1566965,
14,Odisha,Const. of drain from Mahendra Bastia house towards culvert in ward No.11,Angul,ANGUL,759122,20.95,85.26666666666667,Municipal Bodies||Angul Municipality,O/O Executive Officer Angul Municipality Angul,Const. of drain from Mahendra Bastia house towards culvert in ward No.11,Pre-Monsoon,2023-03-14,Civil Works - Others,,EO/AGLM-20/2021-22,2021_ORULB_73137_13,800000.0,714286.49,714286,
15,Odisha,Const. of C.C. drain from Rajkishore Das house towards SUH building in ward No.18,Angul,ANGUL,759122,20.95,85.26666666666667,Municipal Bodies||Angul Municipality,O/O Executive Officer Angul Municipality Angul,Const. of C.C. drain from Rajkishore Das house towards SUH building in ward No.18,Pre-Monsoon,2023-03-14,Civil Works - Others,,EO/AGLM-20/2021-22,2021_ORULB_73137_14,1000000.0,892856.97,892857,
16,Odisha,Const. of C.C. drain from Babu Patanaik house towards Mandap in ward No.18,Angul,ANGUL,759122,20.95,85.26666666666667,Municipal Bodies||Angul Municipality,O/O Executive Officer Angul Municipality Angul,Const. of C.C. drain from Babu Patanaik house towards Mandap in ward No.18,Pre-Monsoon,2023-03-14,Civil Works - Others,,EO/AGLM-20/2021-22,2021_ORULB_73137_3,200000.0,178572.05,178572,
17,Odisha,Const. of drain from Susil Pradhan house towards Nirupama Pradhan house in ward No.01,Angul,ANGUL,759122,20.95,85.26666666666667,Municipal Bodies||Angul Municipality,O/O Executive Officer Angul Municipality Angul,Const. of drain from Susil Pradhan house towards Nirupama Pradhan house in ward No.01,Pre-Monsoon,2023-03-14,Civil Works - Others,,EO/AGLM-20/2021-22,2021_ORULB_73137_7,400000.0,357142.64,357143,
18,Odisha,Const. of drain back side of Vatinary Office in ward No.3,Angul,ANGUL,759122,20.95,85.26666666666667,Municipal Bodies||Angul Municipality,O/O Executive Officer Angul Municipality Angul,Const. of drain back side of Vatinary Office in ward No.3,Pre-Monsoon,2023-03-14,Civil Works - Others,,EO/AGLM-20/2021-22,2021_ORULB_73137_9,592500.0,535715.03,535715,
19,Odisha,Const. of drain at South side of Siva field in ward No.2,Angul,ANGUL,759122,20.95,85.26666666666667,Municipal Bodies||Angul Municipality,O/O Executive Officer Angul Municipality Angul,Const. of drain at South side of Siva field in ward No.2,Pre-Monsoon,2022-05-04,Civil Works - Others,,EO/AGLM-21/2021-22,2021_ORULB_73437_12,660000.0,589286.09,589286,
20,Odisha,Const. of drain from Trilochana Mohanty house towards Rabi Ghosh house in ward No.2,Angul,ANGUL,759122,20.95,85.26666666666667,Municipal Bodies||Angul Municipality,O/O Executive Officer Angul Municipality Angul,Const. of drain from Trilochana Mohanty house towards Rabi Ghosh house in ward No.2,Post-Monsoon,2023-01-17,Civil Works - Others,,EO/AGLM-22/2021-22,2021_ORULB_74768_10,700000.0,625000.27,625000,
21,Odisha,Const. of balance portion drain near Jagannath temple in ward No.2,Angul,ANGUL,759122,20.95,85.26666666666667,Municipal Bodies||Angul Municipality,O/O Executive Officer Angul Municipality Angul,Const. of balance portion drain near Jagannath temple in ward No.2,Post-Monsoon,2023-01-17,Civil Works - Others,,EO/AGLM-22/2021-22,2021_ORULB_74768_12,713914.0,651786.33,651786,
22,Odisha,Const. of drain from Sarat Sahu residence towards Spicy Villa via- Sitaram Hotel in ward No.21,Angul,ANGUL,759122,20.95,85.26666666666667,Municipal Bodies||Angul Municipality,O/O Executive Officer Angul Municipality Angul,Const. of drain from Sarat Sahu residence towards Spicy Villa via- Sitaram Hotel in ward No.21,Post-Monsoon,2023-01-24,Civil Works - Others,,EO/AGLM-22/2021-22,2021_ORULB_74768_21,2000000.0,1785714.46,1785714,
23,Odisha,Const. of drain infront of Sani temple in ward No.2,Angul,ANGUL,759122,20.95,85.26666666666667,Municipal Bodies||Angul Municipality,O/O Executive Officer Angul Municipality Angul,Const. of drain infront of Sani temple in ward No.2,Post-Monsoon,2023-01-17,Civil Works - Others,,EO/AGLM-22/2021-22,2021_ORULB_74768_6,550000.0,491070.85,491071,
24,Odisha,RPWS to 40LPCD Retrofitting to villages Kakudia Saradhapur and Pabitranagar under Kaniha Block. (including 5years OM),Angul,KANIHA,759100,20.95,85.26666666666667,Rural Water Supply and Sanitation||RWSS Circle Bhubaneswar||EE RWSS Divn Angul,S.E RWSS Division Angul at Talcher,Laying of pipe line const. of PH CW internal electrification to PH supplying fitting and fixing of pumping set const. of ESR and UGR and other ancillary works for PWS to village Kakudia Saradhapur and Pabitranagar under Kaniha Block in Angul.,Post-Monsoon,2022-12-19,Civil Works - Water Works,,06/ESE/RWSS/ANGUL/2021-22 (JJM),2021_RWSS_73582_1,34575441.0,34575441.0,40672000,
25,Odisha,Improvement to service road of LBC from RD 0.00 Km to RD 5.80 Km and approach road to left and right side afflux bundh of Samal Barrage of RIP for the year 202223.,Angul,ANGUL,759037,20.95,85.26666666666667,CE and BM Brahmani Basin Samal||APD cum CCE RIP Samal||Headworks Division Samal,Office of the ACE RHWC Samal,Improvement to service road of LBC from RD 0.00 Km to RD 5.80 Km and approach road to left and right side afflux bundh of Samal Barrage of RIP for the year 202223.,Post-Monsoon,2023-01-27,Civil Works - Roads,,ACE-RHWC-02/2022-23,2022_CEBBS_82016_1,38640622.48,38640622.48,45454208,
26,Odisha,Construction Of 08 Nos Recharge Shafts in Tanks Ponds in Talcher Block Of Angul District,Angul,ANGUL,759143,20.95,85.26666666666667,Ground Water Survey and Investigation||GWSI Bhubaneswar,Angul,Construction Of 08 Nos Recharge Shafts in Tanks Ponds in Talcher Block Of Angul District,Post-Monsoon,2022-12-06,Civil Works - Others,,01/GWDANG/ARUA/2022-23,2022_GWSI_83196_1,1930893.0,1930893.0,1779600,
27,Odisha,Construction of paver block road from Pravas sahu house to culvert in ward No.20,Angul,ANGUL,759122,20.95,85.26666666666667,Municipal Bodies||Angul Municipality,O/O Executive Officer Angul Municipality,Construction of paver block road from Pravas sahu house to culvert in ward No.20,Post-Monsoon,2022-10-01,Civil Works - Others,,EO/AGLM-25/2021-22,2022_ORULB_76531_20,306050.0,321443.51,321444,
28,Odisha,Construction of paver block road and drain from Jayakrishna Behera house to Prativa Pal at Jagannath Vihar in ward No.1,Angul,ANGUL,759122,20.95,85.26666666666667,Municipal Bodies||Angul Municipality,O/O Executive Officer Angul Municipality,Construction of paver block road and drain from Jayakrishna Behera house to Prativa Pal at Jagannath Vihar in ward No.1,Post-Monsoon,2023-01-21,Civil Works - Others,,EO/AGLM-25/2021-22,2022_ORULB_76531_21,514370.0,540240.69,540241,
29,Odisha,Construction of paver block road and drain at Laxmi temple in ward No.20,Angul,ANGUL,759122,20.95,85.26666666666667,Municipal Bodies||Angul Municipality,O/O Executive Officer Angul Municipality,Construction of paver block road and drain at Laxmi temple in ward No.20,Post-Monsoon,2023-01-18,Civil Works - Others,,EO/AGLM-25/2021-22,2022_ORULB_76531_26,1701298.0,1786867.64,1786868,
30,Odisha,Construction of c.c. drain and slab inside Municipality Colony in ward No.2,Angul,ANGUL,759122,20.95,85.26666666666667,Municipal Bodies||Angul Municipality,O/O Executive Officer Angul Municipality,Construction of c.c. drain and slab inside Municipality Colony in ward No.2,Post-Monsoon,2023-01-21,Civil Works - Others,,EO/AGLM-25/2021-22,2022_ORULB_76531_27,85019.0,89295.6,89296,
31,Odisha,Construction of c.c. drain from Babu Pattanayak house drain junction to canal in ward No.18,Angul,ANGUL,759122,20.95,85.26666666666667,Municipal Bodies||Angul Municipality,O/O Executive Officer Angul Municipality,Construction of c.c. drain from Babu Pattanayak house drain junction to canal in ward No.18,Post-Monsoon,2023-01-18,Civil Works - Others,,EO/AGLM-25/2021-22,2022_ORULB_76531_28,104598.0,109859.21,109859,
32,Odisha,Construction of drain from TATA Heat paint shop to Pabi Senapati house in ward no.5,Angul,ANGUL,759122,20.95,85.26666666666667,Municipal Bodies||Angul Municipality,O/O Executive Officer Angul Municipality,Construction of drain from TATA Heat paint shop to Pabi Senapati house in ward no.5,Post-Monsoon,2023-01-21,Civil Works - Others,,EO/AGLM-25/2021-22,2022_ORULB_76531_29,183447.0,172394.73,172395,
33,Odisha,Construction of c.c. drain at Sweeper Colony in ward No.19,Angul,ANGUL,759122,20.95,85.26666666666667,Municipal Bodies||Angul Municipality,O/O Executive Officer Angul Municipality,Construction of c.c. drain at Sweeper Colony in ward No.19,Post-Monsoon,2022-12-30,Civil Works - Others,,EO/AGLM-25/2021-22,2022_ORULB_76531_30,184525.0,193806.57,193807,
34,Odisha,Construction of c.c. drain from Jagannath Das house to Santosh Tripathy house in ward no.18,Angul,ANGUL,759122,20.95,85.26666666666667,Municipal Bodies||Angul Municipality,O/O Executive Officer Angul Municipality,Construction of c.c. drain from Jagannath Das house to Santosh Tripathy house in ward no.18,Post-Monsoon,2023-01-21,Civil Works - Others,,EO/AGLM-25/2021-22,2022_ORULB_76531_33,253744.0,239312.69,239313,
35,Odisha,Construction of c.c. drain from Shibani Das house to blessed Hope Church in ward no.17,Angul,ANGUL,759122,20.95,85.26666666666667,Municipal Bodies||Angul Municipality,O/O Executive Officer Angul Municipality,Construction of c.c. drain from Shibani Das house to blessed Hope Church in ward no.17,Post-Monsoon,2022-10-01,Civil Works - Others,,EO/AGLM-25/2021-22,2022_ORULB_76531_35,361991.0,340181.48,340181,
36,Odisha,Construction of drain from Ranjan Pradhan house to Binod Behera house at Sikhyakapada in ward No.1,Angul,ANGUL,759122,20.95,85.26666666666667,Municipal Bodies||Angul Municipality,O/O Executive Officer Angul Municipality,Construction of drain from Ranjan Pradhan house to Binod Behera house at Sikhyakapada in ward No.1,Post-Monsoon,2022-10-01,Civil Works - Others,,EO/AGLM-25/2021-22,2022_ORULB_76531_36,324737.0,341070.44,341070,
37,Odisha,Construction of c.c. drain from Dibyajyoti talkies to Harimohury chhak via- Kalinga Market in ward No.23,Angul,ANGUL,759122,20.95,85.26666666666667,Municipal Bodies||Angul Municipality,O/O Executive Officer Angul Municipality,Construction of c.c. drain from Dibyajyoti talkies to Harimohury chhak via- Kalinga Market in ward No.23,Post-Monsoon,2023-01-05,Civil Works - Others,,EO/AGLM-25/2021-22,2022_ORULB_76531_37,410541.0,366554.61,366555,
38,Odisha,Construction of c.c. drain from Nrusingha Naik house to Prafulla Mishra Apartment in ward No.12,Angul,ANGUL,759122,20.95,85.26666666666667,Municipal Bodies||Angul Municipality,O/O Executive Officer Angul Municipality,Construction of c.c. drain from Nrusingha Naik house to Prafulla Mishra Apartment in ward No.12,Post-Monsoon,2023-01-21,Civil Works - Others,,EO/AGLM-25/2021-22,2022_ORULB_76531_38,400254.0,382213.15,382213,
39,Odisha,Construction of c.c. drain from Amulya Jena house to Ananda Ch. Pradhan house at Millan Villa in ward No.1,Angul,ANGUL,759122,20.95,85.26666666666667,Municipal Bodies||Angul Municipality,O/O Executive Officer Angul Municipality,Construction of c.c. drain from Amulya Jena house to Ananda Ch. Pradhan house at Millan Villa in ward No.1,Post-Monsoon,2022-10-01,Civil Works - Others,,EO/AGLM-25/2021-22,2022_ORULB_76531_40,442922.0,465199.02,465199,
40,Odisha,Construction of c.c. drain and culvert from PTC colony to Revenue Colony in ward no.20,Angul,ANGUL,759122,20.95,85.26666666666667,Municipal Bodies||Angul Municipality,O/O Executive Officer Angul Municipality,Construction of c.c. drain and culvert from PTC colony to Revenue Colony in ward no.20,Post-Monsoon,2022-12-30,Civil Works - Others,,EO/AGLM-25/2021-22,2022_ORULB_76531_41,513090.0,482176.93,482177,
41,Odisha,Construction of c.c. drain from Satasangha Vihar to Parichaya Gruha in ward No.14,Angul,ANGUL,759122,20.95,85.26666666666667,Municipal Bodies||Angul Municipality,O/O Executive Officer Angul Municipality,Construction of c.c. drain from Satasangha Vihar to Parichaya Gruha in ward No.14,Post-Monsoon,2022-12-30,Civil Works - Others,,EO/AGLM-25/2021-22,2022_ORULB_76531_43,539700.0,507184.19,507184,
42,Odisha,Construction of c.c. drain from Jangyesh Kar house to Manoj Mishra house in ward No.06,Angul,ANGUL,759122,20.95,85.26666666666667,Municipal Bodies||Angul Municipality,O/O Executive Officer Angul Municipality,Construction of c.c. drain from Jangyesh Kar house to Manoj Mishra house in ward No.06,Post-Monsoon,2022-10-01,Civil Works - Others,,EO/AGLM-25/2021-22,2022_ORULB_76531_44,631826.0,593759.0,593759,
43,Odisha,Construction of c.c. drain back side of SUH building in ward No.18,Angul,ANGUL,759122,20.95,85.26666666666667,Municipal Bodies||Angul Municipality,O/O Executive Officer Angul Municipality,Construction of c.c. drain back side of SUH building in ward No.18,Post-Monsoon,2022-12-30,Civil Works - Others,,EO/AGLM-25/2021-22,2022_ORULB_76531_45,580689.0,609895.39,609895,
44,Odisha,Construction of c.c. drain from Brahmananda Behera house to Prasanta Behera house in ward No.16,Angul,ANGUL,759122,20.95,85.26666666666667,Municipal Bodies||Angul Municipality,O/O Executive Officer Angul Municipality,Construction of c.c. drain from Brahmananda Behera house to Prasanta Behera house in ward No.16,Post-Monsoon,2023-01-21,Civil Works - Others,,EO/AGLM-25/2021-22,2022_ORULB_76531_48,776107.0,741126.04,741126,
45,Odisha,Construction of c.c. drain from Kuntala Mohanty house to syphone in ward No.19,Angul,ANGUL,759122,20.95,85.26666666666667,Municipal Bodies||Angul Municipality,O/O Executive Officer Angul Municipality,Construction of c.c. drain from Kuntala Mohanty house to syphone in ward No.19,Post-Monsoon,2022-10-01,Civil Works - Others,,EO/AGLM-25/2021-22,2022_ORULB_76531_50,1094607.0,1028657.66,1028658,
46,Odisha,Construction of paver block road from Main road to SUH with protection wall in ward No.18,Angul,ANGUL,759122,20.95,85.26666666666667,Municipal Bodies||Angul Municipality,O/O Executive Officer Angul Municipality,Construction of paver block road from Main road to SUH with protection wall in ward No.18,Post-Monsoon,2023-01-05,Civil Works - Others,,EO/AGLM-25/2021-22,2022_ORULB_76531_9,288735.0,276846.27,276846,
47,Odisha,Const. of road  drain and culvert from Mukunda Dalei house to Jata Mishra house in ward No.9,Angul,ANGUL,759122,20.95,85.26666666666667,Municipal Bodies||Angul Municipality,O/O Executive Officer Angul Municipality Angul,Const. of road  drain and culvert from Mukunda Dalei house to Jata Mishra house in ward No.9,Post-Monsoon,2022-10-20,Civil Works - Others,,EO/AGLM-02/2022-23,2022_ORULB_77875_22,910821.0,1071428.64,1071429,
48,Odisha,Const. of drain from Sarat Kumar Kar to Mayadhar Pradhan house near Brahmandeipada in ward No.4,Angul,ANGUL,759122,20.95,85.26666666666667,Municipal Bodies||Angul Municipality,O/O Executive Officer Angul Municipality Angul,Const. of drain from Sarat Kumar Kar to Mayadhar Pradhan house near Brahmandeipada in ward No.4,Post-Monsoon,2022-10-20,Civil Works - Others,,EO/AGLM-02/2022-23,2022_ORULB_77875_23,986724.0,1160715.07,1160715,
49,Odisha,Construction of c.c. drain from Mahendra Bastia house towards Industrial estate in ward No.12,Angul,ANGUL,759122,20.95,85.26666666666667,Municipal Bodies||Angul Municipality,O/O Executive Officer Angul Municipality Angul,Construction of c.c. drain from Mahendra Bastia house towards Industrial estate in ward No.12,Post-Monsoon,2022-10-20,Civil Works - Others,,EO/AGLM-02/2022-23,2022_ORULB_77875_5,232324.0,273290.24,273290,
50,Odisha,Construction of c.c. drain from Basanta Kumar Kar house to Mayadhar Pradhan house in ward No.4,Angul,ANGUL,759122,20.95,85.26666666666667,Municipal Bodies||Angul Municipality,O/O Executive Officer Angul Municipality Angul,Construction of c.c. drain from Basanta Kumar Kar house to Mayadhar Pradhan house in ward No.4,Post-Monsoon,2022-10-20,Civil Works - Others,,EO/AGLM-02/2022-23,2022_ORULB_77875_9,970430.0,1024200.14,1024200,
51,Odisha,Const. of c.c. drain from Gurugobinda Dham front to Deepak Pani house in ward No.18,Angul,ANGUL,759122,20.95,85.26666666666667,Municipal Bodies||Angul Municipality,O/O Executive Officer Angul Municipality Angul,Const. of c.c. drain from Gurugobinda Dham front to Deepak Pani house in ward No.18,Pre-Monsoon,2023-03-02,Civil Works - Others,,EO/AGLM-07/2022-23,2022_ORULB_80803_1,154839.0,182142.18,182142,
52,Odisha,Const. of c.c. drain from Manoj Modi house towards LIC colony in ward No.17,Angul,ANGUL,759122,20.95,85.26666666666667,Municipal Bodies||Angul Municipality,O/O Executive Officer Angul Municipality Angul,Const. of c.c. drain from Manoj Modi house towards LIC colony in ward No.17,Pre-Monsoon,2023-03-02,Civil Works - Others,,EO/AGLM-07/2022-23,2022_ORULB_80803_12,191294.0,208927.33,208927,
53,Odisha,Const. of c.c. drain from Prasanta Behera house to Umesh Agrawalla house in ward No.3,Angul,ANGUL,759122,20.95,85.26666666666667,Municipal Bodies||Angul Municipality,O/O Executive Officer Angul Municipality Angul,Const. of c.c. drain from Prasanta Behera house to Umesh Agrawalla house in ward No.3,Pre-Monsoon,2023-03-02,Civil Works - Others,,EO/AGLM-07/2022-23,2022_ORULB_80803_16,186717.0,219641.82,219642,
54,Odisha,Const. of culvert infront of Omm residency road at ward No.5,Angul,ANGUL,759122,20.95,85.26666666666667,Municipal Bodies||Angul Municipality,O/O Executive Officer Angul Municipality Angul,Const. of culvert infront of Omm residency road at ward No.5,Pre-Monsoon,2023-03-02,Civil Works - Others,,EO/AGLM-07/2022-23,2022_ORULB_80803_17,189752.0,223211.74,223212,
55,Odisha,Const. of c.c. drain from CDPO res. Towards housing board road in ward No.3,Angul,ANGUL,759122,20.95,85.26666666666667,Municipal Bodies||Angul Municipality,O/O Executive Officer Angul Municipality Angul,Const. of c.c. drain from CDPO res. Towards housing board road in ward No.3,Pre-Monsoon,2023-03-02,Civil Works - Others,,EO/AGLM-07/2022-23,2022_ORULB_80803_19,193549.0,227677.63,227678,
56,Odisha,Const. of c.c. drain from Mohan samanta shop to Prasanta Pradhan house in ward No.18,Angul,ANGUL,759122,20.95,85.26666666666667,Municipal Bodies||Angul Municipality,O/O Executive Officer Angul Municipality Angul,Const. of c.c. drain from Mohan samanta shop to Prasanta Pradhan house in ward No.18,Pre-Monsoon,2023-03-02,Civil Works - Others,,EO/AGLM-07/2022-23,2022_ORULB_80803_20,252677.0,252677.47,252677,
57,Odisha,Const. of c.c. road and drain from Madhab Behera house to Choukini pond in ward No.7,Angul,ANGUL,759122,20.95,85.26666666666667,Municipal Bodies||Angul Municipality,O/O Executive Officer Angul Municipality Angul,Const. of c.c. road and drain from Madhab Behera house to Choukini pond in ward No.7,Pre-Monsoon,2023-03-02,Civil Works - Others,,EO/AGLM-07/2022-23,2022_ORULB_80803_21,220115.0,258927.8,258928,
58,Odisha,Const. of c.c. drain and slab from Gyana Rout house to Town High School back side water tank in ward No.2,Angul,ANGUL,759122,20.95,85.26666666666667,Municipal Bodies||Angul Municipality,O/O Executive Officer Angul Municipality Angul,Const. of c.c. drain and slab from Gyana Rout house to Town High School back side water tank in ward No.2,Pre-Monsoon,2023-03-02,Civil Works - Others,,EO/AGLM-07/2022-23,2022_ORULB_80803_23,227700.0,267850.37,267850,
59,Odisha,Const. of c.c. drain from Suresh Gochhayat house to RD IB at ward No.13,Angul,ANGUL,759122,20.95,85.26666666666667,Municipal Bodies||Angul Municipality,O/O Executive Officer Angul Municipality Angul,Const. of c.c. drain from Suresh Gochhayat house to RD IB at ward No.13,Pre-Monsoon,2023-03-02,Civil Works - Others,,EO/AGLM-07/2022-23,2022_ORULB_80803_26,237214.0,267856.65,267857,
60,Odisha,Const. of c.c. drain from Kulamani Majhi house to Sudhakar panigrfahi house in ward No.1,Angul,ANGUL,759122,20.95,85.26666666666667,Municipal Bodies||Angul Municipality,O/O Executive Officer Angul Municipality Angul,Const. of c.c. drain from Kulamani Majhi house to Sudhakar panigrfahi house in ward No.1,Pre-Monsoon,2023-03-02,Civil Works - Others,,EO/AGLM-07/2022-23,2022_ORULB_80803_36,260342.0,306248.36,306248,
61,Odisha,Const. of c.c. drain from Bira Naik house to Moin Khan house in ward No.23,Angul,ANGUL,759122,20.95,85.26666666666667,Municipal Bodies||Angul Municipality,O/O Executive Officer Angul Municipality Angul,Const. of c.c. drain from Bira Naik house to Moin Khan house in ward No.23,Pre-Monsoon,2023-03-02,Civil Works - Others,,EO/AGLM-07/2022-23,2022_ORULB_80803_38,284632.0,334821.25,334821,
62,Odisha,Const. of c.c. drain and culvert from Kalia Behera house to Pranabandhu Sahu house in ward No.18,Angul,ANGUL,759122,20.95,85.26666666666667,Municipal Bodies||Angul Municipality,O/O Executive Officer Angul Municipality Angul,Const. of c.c. drain and culvert from Kalia Behera house to Pranabandhu Sahu house in ward No.18,Pre-Monsoon,2023-03-02,Civil Works - Others,,EO/AGLM-07/2022-23,2022_ORULB_80803_39,288426.0,339284.47,339284,
63,Odisha,Const. of c.c. drain and culvert from Happy bandha to PHED pump house near Dhaneswar Mohapatra house in ward No.12,Angul,ANGUL,759122,20.95,85.26666666666667,Municipal Bodies||Angul Municipality,O/O Executive Officer Angul Municipality Angul,Const. of c.c. drain and culvert from Happy bandha to PHED pump house near Dhaneswar Mohapatra house in ward No.12,Pre-Monsoon,2023-03-02,Civil Works - Others,,EO/AGLM-07/2022-23,2022_ORULB_80803_40,343305.0,368749.0,368749,
64,Odisha,Const. of c.c. road and drain from Tuna Karna house to Sukanti Badamali house at ward No.7,Angul,ANGUL,759122,20.95,85.26666666666667,Municipal Bodies||Angul Municipality,O/O Executive Officer Angul Municipality Angul,Const. of c.c. road and drain from Tuna Karna house to Sukanti Badamali house at ward No.7,Pre-Monsoon,2023-03-02,Civil Works - Others,,EO/AGLM-07/2022-23,2022_ORULB_80803_43,333967.0,392856.19,392856,
65,Odisha,Const. of c.c. drain from Balaram Sahu house to sanjaya Dora house at 6th lane in ward No.21,Angul,ANGUL,759122,20.95,85.26666666666667,Municipal Bodies||Angul Municipality,O/O Executive Officer Angul Municipality Angul,Const. of c.c. drain from Balaram Sahu house to sanjaya Dora house at 6th lane in ward No.21,Pre-Monsoon,2023-03-02,Civil Works - Others,,EO/AGLM-07/2022-23,2022_ORULB_80803_46,371918.0,437498.96,437499,
66,Odisha,Const. of c.c. drain and road from Pramila Pradhan house to Rabi Pattanaik house at Jayanandamarg in ward No.11,Angul,ANGUL,759122,20.95,85.26666666666667,Municipal Bodies||Angul Municipality,O/O Executive Officer Angul Municipality Angul,Const. of c.c. drain and road from Pramila Pradhan house to Rabi Pattanaik house at Jayanandamarg in ward No.11,Pre-Monsoon,2023-03-02,Civil Works - Others,,EO/AGLM-07/2022-23,2022_ORULB_80803_47,371919.0,437499.98,437499,
67,Odisha,Const. of c.c. drain from Sita Behera house to Kamlesh continental at Radharamanpada in ward No.15,Angul,ANGUL,759122,20.95,85.26666666666667,Municipal Bodies||Angul Municipality,O/O Executive Officer Angul Municipality Angul,Const. of c.c. drain from Sita Behera house to Kamlesh continental at Radharamanpada in ward No.15,Pre-Monsoon,2023-03-02,Civil Works - Others,,EO/AGLM-07/2022-23,2022_ORULB_80803_50,447820.0,526784.63,526785,
68,Odisha,Const. of c.c. drain and road from back side of Bulu Routray house to syphone via back side Late Gobinda Swain and Tapan Das house in ward No.18,Angul,ANGUL,759122,20.95,85.26666666666667,Municipal Bodies||Angul Municipality,O/O Executive Officer Angul Municipality Angul,Const. of c.c. drain and road from back side of Bulu Routray house to syphone via back side Late Gobinda Swain and Tapan Das house in ward No.18,Pre-Monsoon,2023-03-02,Civil Works - Others,,EO/AGLM-07/2022-23,2022_ORULB_80803_51,455410.0,535713.57,535714,
69,Odisha,Const. of c.c. drain from Sankar Nayak house to Durga Jena house via- Ajaya Kumar Dalabehera house in ward No.19,Angul,ANGUL,759122,20.95,85.26666666666667,Municipal Bodies||Angul Municipality,O/O Executive Officer Angul Municipality Angul,Const. of c.c. drain from Sankar Nayak house to Durga Jena house via- Ajaya Kumar Dalabehera house in ward No.19,Pre-Monsoon,2023-03-02,Civil Works - Others,,EO/AGLM-07/2022-23,2022_ORULB_80803_56,561670.0,660711.2,660711,
70,Odisha,Const. of c.c. drain and road from Khirod Behera house to Manoj Dehury house at Rajkishorepada in ward No.18,Angul,ANGUL,759122,20.95,85.26666666666667,Municipal Bodies||Angul Municipality,O/O Executive Officer Angul Municipality Angul,Const. of c.c. drain and road from Khirod Behera house to Manoj Dehury house at Rajkishorepada in ward No.18,Pre-Monsoon,2023-03-02,Civil Works - Others,,EO/AGLM-07/2022-23,2022_ORULB_80803_6,160912.0,189284.82,189285,
71,Odisha,Const. of c.c. drain from Jagannath Panigrahi house to Chakardhar Behera house in ward No.18,Angul,ANGUL,759122,20.95,85.26666666666667,Municipal Bodies||Angul Municipality,O/O Executive Officer Angul Municipality Angul,Const. of c.c. drain from Jagannath Panigrahi house to Chakardhar Behera house in ward No.18,Pre-Monsoon,2023-03-02,Civil Works - Others,,EO/AGLM-07/2022-23,2022_ORULB_80803_9,167742.0,197320.49,197320,
72,Odisha,Construction of c.c. drain at Radharamanpada in ward No.15,Angul,ANGUL,759122,20.95,85.26666666666667,Municipal Bodies||Angul Municipality,O/O Executive Officer Angul Municipality Angul,Construction of c.c. drain at Radharamanpada in ward No.15,Post-Monsoon,2023-02-21,Civil Works - Others,,EO/AGLM-08/2022-23,2022_ORULB_81626_13,342356.0,402724.99,402725,
73,Odisha,Construction of c.c. drain from Pabitra Mohan Pradhan house to Ashok Kumar Pradhan house in ward No.11,Angul,ANGUL,759122,20.95,85.26666666666667,Municipal Bodies||Angul Municipality,O/O Executive Officer Angul Municipality Angul,Construction of c.c. drain from Pabitra Mohan Pradhan house to Ashok Kumar Pradhan house in ward No.11,Post-Monsoon,2023-02-21,Civil Works - Others,,EO/AGLM-08/2022-23,2022_ORULB_81626_19,538925.0,633955.24,633955,
74,Odisha,Construction of c.c. drain from Siv Sagar shop to Lingarajodi river in ward No.6,Angul,ANGUL,759122,20.95,85.26666666666667,Municipal Bodies||Angul Municipality,O/O Executive Officer Angul Municipality Angul,Construction of c.c. drain from Siv Sagar shop to Lingarajodi river in ward No.6,Post-Monsoon,2023-02-21,Civil Works - Others,,EO/AGLM-08/2022-23,2022_ORULB_81626_2,216096.0,216096.36,216096,
75,Odisha,Const. of balance portion drain from Gagan Sethi house towards Laxmi temple in ward No.19,Angul,ANGUL,759122,20.95,85.26666666666667,Municipal Bodies||Angul Municipality,O/O Executive Officer Angul Municipality Angul,Const. of balance portion drain from Gagan Sethi house towards Laxmi temple in ward No.19,Post-Monsoon,2023-02-21,Civil Works - Others,,EO/AGLM-08/2022-23,2022_ORULB_81626_20,585330.0,639285.81,639286,
76,Odisha,Const. of C.C. road and drain from Binod Patodia house to Bhaskar Chandra Behera house in ward No.6,Angul,ANGUL,759122,20.95,85.26666666666667,Municipal Bodies||Angul Municipality,O/O Executive Officer Angul Municipality Angul,Const. of C.C. road and drain from Binod Patodia house to Bhaskar Chandra Behera house in ward No.6,Post-Monsoon,2023-02-21,Civil Works - Others,,EO/AGLM-08/2022-23,2022_ORULB_81626_22,892857.0,892856.69,892857,
77,Odisha,Const. of drain from Tutu Bhanja house towards Pabitra Barik in ward No.20,Angul,ANGUL,759122,20.95,85.26666666666667,Municipal Bodies||Angul Municipality,O/O Executive Officer Angul Municipality Angul,Const. of drain from Tutu Bhanja house towards Pabitra Barik in ward No.20,Post-Monsoon,2023-02-21,Civil Works - Others,,EO/AGLM-08/2022-23,2022_ORULB_81626_27,1518035.0,1785713.62,1785714,
78,Odisha,Construction of c.c. drain at back side of Perfect Clinic,Angul,ANGUL,759122,20.95,85.26666666666667,Municipal Bodies||Angul Municipality,O/O Executive Officer Angul Municipality Angul,Construction of c.c. drain at back side of Perfect Clinic,Pre-Monsoon,2023-03-27,Civil Works - Others,,EO/AGLM-09/2022-23,2022_ORULB_82324_11,593769.0,593768.84,593769,
79,Odisha,Const. of drain from Miraniya tower towards Kana Didi house in ward No.5,Angul,ANGUL,759122,20.95,85.26666666666667,Municipal Bodies||Angul Municipality,O/O Executive Officer Angul Municipality Angul,Const. of drain from Miraniya tower towards Kana Didi house in ward No.5,Pre-Monsoon,2023-03-20,Civil Works - Others,,EO/AGLM-09/2022-23,2022_ORULB_82324_12,607214.0,714285.97,714286,
80,Odisha,Construction of c.c. drain from Tarini temple to Pradipta Sahu house in ward No.17,Angul,ANGUL,759122,20.95,85.26666666666667,Municipal Bodies||Angul Municipality,O/O Executive Officer Angul Municipality Angul,Construction of c.c. drain from Tarini temple to Pradipta Sahu house in ward No.17,Pre-Monsoon,2023-03-27,Civil Works - Others,,EO/AGLM-09/2022-23,2022_ORULB_82324_2,237575.0,237575.15,237575,
81,Odisha,Const. of c.c. drain and raod from Nuhura Sahi gali post office to Tiar sahi in ward No.8,Angul,SAMAL,759122,20.95,85.26666666666667,Municipal Bodies||Angul Municipality,O/O Executive Officer Angul Municipality Angul,Const. of c.c. drain and raod from Nuhura Sahi gali post office to Tiar sahi in ward No.8,Pre-Monsoon,2023-03-27,Civil Works - Others,,EO/AGLM-09/2022-23,2022_ORULB_82324_4,236809.0,278567.08,278567,
82,Odisha,Const. of c.c. drain from Gangadhar Swain house to Golekha Swain house in ward No.19,Angul,BANARPAL,759122,20.95,85.26666666666667,Municipal Bodies||Angul Municipality,O/O Executive Officer Angul Municipality Angul,Const. of c.c. drain from Gangadhar Swain house to Golekha Swain house in ward No.19,Pre-Monsoon,2023-03-27,Civil Works - Others,,EO/AGLM-09/2022-23,2022_ORULB_82324_5,242123.0,284817.69,284818,
83,Odisha,Const. of Balance portion drain at ward No.11,Angul,DEPUTY DIRECTOR GEOLOGY GWD ANGUL,759122,20.95,85.26666666666667,Municipal Bodies||Angul Municipality,O/O Executive Officer Angul Municipality Angul,Const. of Balance portion drain at ward No.11,Pre-Monsoon,2023-03-27,Civil Works - Others,,EO/AGLM-09/2022-23,2022_ORULB_82324_7,303607.0,357143.83,357144,
84,Odisha,Const. of drain from Purna Sahu house towards Central School in ward No.4,Angul,DEPUTY DIRECTOR GEOLOGY GWD ANGUL,759122,20.95,85.26666666666667,Municipal Bodies||Angul Municipality,O/O Executive Officer Angul Municipality Angul,Const. of drain from Purna Sahu house towards Central School in ward No.4,Pre-Monsoon,2023-03-27,Civil Works - Others,,EO/AGLM-09/2022-23,2022_ORULB_82324_8,535714.0,535714.34,535714,
85,Odisha,Retrofitting of 70LPCD for RPWS to village Kulad and Girang of 11nos. Fluoride affected villages under Banarpal Block in Angul District. (Including 5years OM),Angul,BANARPAL,759100,20.95,85.26666666666667,Rural Water Supply and Sanitation||RWSS Circle Bhubaneswar||EE RWSS Divn Angul,E.E RWSS Division Angul at Talcher,Retrofitting of 70LPCD for RPWS to village Kulad and Girang of 11nos. Fluoride affected villages under Banarpal Block in Angul District. (Including 5years OM),Post-Monsoon,2022-12-16,Civil Works - Water Works,,08/SE/RWSS/ANGUL/2021-22 (JJM),2022_RWSS_76316_1,47144482.0,47144482.0,44577000,
86,Odisha,Retrofitting of 70LPCD for RPWS to village Bonda Chauridiha Jhajiribahal Tulasipal and Rajibpur of 11nos. Fluoride affected villages under Banarpal Block in Angul District. (Including 5years OM),Angul,BANARPAL,759100,20.95,85.26666666666667,Rural Water Supply and Sanitation||RWSS Circle Bhubaneswar||EE RWSS Divn Angul,E.E RWSS Division Angul at Talcher,Retrofitting of 70LPCD for RPWS to village Bonda Chauridiha Jhajiribahal Tulasipal and Rajibpur of 11nos. Fluoride affected villages under Banarpal Block in Angul District. (Including 5years OM),Monsoon,2022-07-29,Civil Works - Water Works,,11/EE/RWSS/ANGUL/2021-22 (JJM),2022_RWSS_76736_1,31251408.0,31251408.0,36762000,
87,Odisha,Improvement to Rengali Irrigation Project Guest House Road and restoration of road from Panitanki Colony to over head tank at SBTS for the year 2022-23.,Angul,TALCHER,759037,20.95,85.26666666666667,CE and BM Brahmani Basin Samal,Office of the Superintending Engineer HWD Samal,Improvement to Rengali Irrigation Project Guest House Road and restoration of road from Panitanki Colony to over head tank at SBTS for the year 2022-23.,Pre-Monsoon,2023-03-02,Civil Works - Roads,Road,SE-HWD-14/2022-23,2023_CEBBS_85871_1,1073653.35,1073653.35,1262973,
88,Odisha,Construction of Matellia IV Check Dam in Banarapal Block of Angul District under MATY Grant for the year 2022-23,Angul,BANARPAL,759128,20.95,85.26666666666667,CEMinor IrrigationBBSR||SESMIC-BERHAMPUR,ACE CMIC Bhubaneswar,Construction of Matellia IV Check Dam in Banarapal Block of Angul District under MATY Grant for the year 2022-23,Pre-Monsoon,2023-03-01,Civil Works - Others,,SECMIC/04/2022-23,2023_CEMIB_85186_1,10657273.0,10657273.0,12536000,
89,Odisha,RETROFITTING OF RPWS TO CHAMPU WITH 50 KL RCC ESR UNDER SORO BLOCK-JJM,Balasore,,756001,21.5,86.9,Rural Water Supply and Sanitation||RWSS Circle Cuttack||RWSS Balasore,O/O EE RWSS DIVISION BALASORE,RPWS WITH RCC ESR,Post-Monsoon,2022-11-07,Civil Works - Water Works,,TCN NO. 21 DT. 16-08-2021,2021_RWSS_70514_1,5065952.0,5065952.0,5628210,
90,Odisha,RETROFITTING OF RPWS TO RANASAHI UNDER BALASORE BLOCK - JJM,Balasore,,756001,21.5,86.9,Rural Water Supply and Sanitation||RWSS Circle Cuttack||RWSS Balasore,O/O EE RWSS DIVISION BALASORE,RPWS WORKS,Post-Monsoon,2022-11-07,Civil Works - Water Works,,TCN NO. 25 DT. 22.10.2021,2021_RWSS_72210_1,5812182.0,5812182.0,6837056,
91,Odisha,Periodical Maintenance of Thanachhak Deula PWD road to Bagrukhi Manisha Pokhari Via- Dehurda Chhaka Gobardhanpur Road for the year 2022-23.,Balasore,,756086,21.5,86.9,CE RW I||RWCIRCLE-BALASORE||RWDIVISION-JALESWAR,R.W.Division Jaleswar,Periodical Maintenance of Thanachhak Deula PWD road to Bagrukhi Manisha Pokhari Via- Dehurda Chhaka Gobardhanpur Road for the year 2022-23.,Monsoon,2022-07-28,Civil Works - Roads,,TCN No.01/22-23,2022_CERWI_79128_1,758807.0,892610.0,892610,
92,Odisha,Repair and Restoration of Gunsartha Kiagadia Primary School to Bagsahi Choudhury Pokhari Via- Uplahat Bipin Matha Mohadev Mandir and Patra Pokhari road for the year 2022-23,Balasore,,756086,21.5,86.9,CE RW I||RWCIRCLE-BALASORE||RWDIVISION-JALESWAR,Rural Works Division Jaleswar,Road Work,Post-Monsoon,2023-02-15,Civil Works - Roads,,SE/RW/Jls- 04/2022-23,2022_CERWI_83508_26,446445.0,525168.0,525618,
93,Odisha,Repair and Restoration of Batagram Chitrarekha Pond to Putina Via- Chakeisab and Naradiha U.P.School road for the year 2022-23,Balasore,,756086,21.5,86.9,CE RW I||RWCIRCLE-BALASORE||RWDIVISION-JALESWAR,Rural Works Division Jaleswar,Road Work,Post-Monsoon,2023-02-16,Civil Works - Roads,,SE/RW/Jls- 04/2022-23,2022_CERWI_83508_30,443594.0,521814.0,521814,
94,Odisha,EXECUTION OF RETROFITTING OF RPWS SCHEME TO VILLAGE CHHANUA 40 LPCD UNDER BALASORE BLOCK OF BALASORE DISTRICT-JJM,Balasore,,756001,21.5,86.9,Rural Water Supply and Sanitation||RWSS Circle Cuttack||RWSS Balasore,O/O EE RWSS DIVISION BALASORE,RPWS WITH RCC ESR,Post-Monsoon,2022-11-07,Civil Works - Water Works,,TCN NO. 51 DT. 01.01.2022,2022_RWSS_75668_1,17408754.0,17408754.0,18421962,
95,Odisha,EXECUTION OF RETROFITTING OF RPWS TO VILLAGE RUPSA 40 LPCD UNDER BALASORE BLOCK OF BALASORE DISTRICT-JJM,Balasore,,756001,21.5,86.9,Rural Water Supply and Sanitation||RWSS Circle Cuttack||RWSS Balasore,O/O EE RWSS DIVISION BALASORE,RPWS WITH RCC ESR,Post-Monsoon,2022-11-07,Civil Works - Water Works,,TCN NO. 51 DT. 01.01.2022,2022_RWSS_75670_1,33453434.0,33453434.0,35630455,
96,Odisha,EXECUTION OF 3 NOS. RETROFITTING RPWS SCHEMES CLUBBED UP 1. ATTAPUR 2. BALANGA 3. SIMULIA UNDER SORO BLOCK OF BALASOE DISTRICT WITH 5 YRS OM-JJM,Balasore,,756001,21.5,86.9,Rural Water Supply and Sanitation||RWSS Circle Cuttack||RWSS Balasore,O/O EE RWSS DIVISION BALASORE,RPWS WITH RCC ESR,Post-Monsoon,2022-11-06,Civil Works - Water Works,,TCN NO. 54 DT. 10.03.2022,2022_RWSS_76418_1,40380781.0,40380781.0,39589000,
97,Odisha,EXECUTION OF 3 NOS. RETROFITTING OF RPWS SCHEMES CLUBBED UP 1. BAGHUA 2. RANAPUR 3. CHHATARA UNDER SORO BLOCK OF BALASORE DISTRICT WITH 5 YRS OM - JJM,Balasore,,756001,21.5,86.9,Rural Water Supply and Sanitation||RWSS Circle Cuttack||RWSS Balasore,O/O EE RWSS DIVISION BALASORE,RPWS WITH RCC ESR,Post-Monsoon,2022-11-08,Civil Works - Water Works,,TCN NO. 54 DT. 10.03.2022,2022_RWSS_76421_1,35508813.0,35508813.0,33821138,
98,Odisha,EXECUTION OF 2 NOS. RETROFITTING OF RPWS SCHEMES CLUBBED AT 1. PURUSOTTAMPUR 2. AINIRI UNDER SORO BLOCK OF BALASORE DISTRICT WITH 5 YRS OM - JJM,Balasore,,756001,21.5,86.9,Rural Water Supply and Sanitation||RWSS Circle Cuttack||RWSS Balasore,O/O EE RWSS DIVISION BALASORE,RPWS WITH RCC ESRS,Post-Monsoon,2022-11-03,Civil Works - Water Works,,TCN NO. 54 DT. 10.03.2022,2022_RWSS_76424_1,20657794.0,20657794.0,19772008,
99,Odisha,EXECUTION OF 3 NOS. RETROFITTING OF RPWS SCHEMES CLUBBED UP AT 1. NARASINGHNAGAR 2. BAGHAMPUDA (DIGIBHANRA) 3. GOBINDAPUR UNDER SORO BLOCK OF BALASORE DISTRICT WITH 5 YRS OM - JJM,Balasore,,756001,21.5,86.9,Rural Water Supply and Sanitation||RWSS Circle Cuttack||RWSS Balasore,O/O EE RWSS DIVISION BALASORE,RPWS WITH RCC ESR,Post-Monsoon,2022-11-07,Civil Works - Water Works,,TCN NO. 54 DT. 11.03.2022,2022_RWSS_76425_1,30575767.0,30575767.0,29128100,
100,Odisha,EXECUTION OF 3 NOS. RETROFITTING OF RPWS SCHEMES CLUBBED UP AT VILLAGE 1. RADHIKANAGAR 2. SABIRA 3. ADIA UNDER SORO BLOCK OF BALASORE DISTRICT WITH 5 YRS OM- JJM,Balasore,,756001,21.5,86.9,Rural Water Supply and Sanitation||RWSS Circle Cuttack||RWSS Balasore,O/O EE RWSS DIVISION BALASORE,RPWS WITH RCC ESR,Post-Monsoon,2022-11-07,Civil Works - Water Works,,TCN NO. 54 DT. 10.03.2022,2022_RWSS_76426_1,31656819.0,31656819.0,32412019,
101,Odisha,EXECUTION OF 3 NOS. RETROFITTING OF RPWS SCHEMES CLUBBED UP 1. ANGULA (KALANDIPATNA) 2. ANGULA (GOHIRAPADA) 3. DAHIPUR UNDER SORO BLOCK OF BALASORE DISTRICT WITH 5 YRS OM-JJM,Balasore,,756001,21.5,86.9,Rural Water Supply and Sanitation||RWSS Circle Cuttack||RWSS Balasore,O/O EE RWSS DIVISION BALASORE,RPWS WITH RCC ESR,Post-Monsoon,2022-11-06,Civil Works - Water Works,,TCN NO. 56 DT. 17.03.2022,2022_RWSS_76640_1,28163005.0,28163005.0,28163005,
102,Odisha,EXECUTION OF 4 NOS. RETROFITTING OF RPWS SCHEMES CLUBBED UP AT 1. NAIKUDI 2. DANDI 3. KUCHULI 4. CHHACHINA UNDER BASTA BLOCK OF BALASORE DISTRICT WITH 5 YRS OM - JJM,Balasore,,756001,21.5,86.9,Rural Water Supply and Sanitation||RWSS Circle Cuttack||RWSS Balasore,O/O EE RWSS DIVISION BALASORE,RPWS WITH RCC ESR,Post-Monsoon,2022-10-30,Civil Works - Water Works,,TCN NO. 56 DT. 17.03.2022,2022_RWSS_76641_1,36530487.0,36530487.0,37276007,
103,Odisha,EXECUTION OF 2 NOS. RETROFITTING OF RPWS SCHEMES CLUBBED UP AT 1. MARKONA 2. BALIKHANDA UNDER SIMULIA BLOCK OF BALASORE DISTRICT WITH 5 YRS OM-JJM,Balasore,,756001,21.5,86.9,Rural Water Supply and Sanitation||RWSS Circle Cuttack||RWSS Balasore,O/O EE RWSS DIVISION BALASORE,RPWS WITH RCC ESR,Post-Monsoon,2022-11-07,Civil Works - Water Works,,TCN NO. 56 DT. 17.03.2022,2022_RWSS_76642_1,37340462.0,37340462.0,35630212,
104,Odisha,EXECUTION OF 4 NOS. RETROFITTING OF RPWS SCHEMES CLUBBED TO VILLAGE 1. BAUNSBANIA 2. RAIRAMCHANDRAPUR 3. 3. KANDAGARADI 4. PRATAPADA UNDER OUPADA BLOK OF BALASORE DISTRICT WITH 5 YRS OM-JJM,Balasore,,756001,21.5,86.9,Rural Water Supply and Sanitation||RWSS Circle Cuttack||RWSS Balasore,O/O EE RWSS DIVISION BALASORE,RPWS WITH RCC ESR,Post-Monsoon,2022-11-03,Civil Works - Water Works,,TCN NO. 56 DT. 17.03.2022,2022_RWSS_76645_1,22058137.0,22058137.0,24506318,
105,Odisha,EXECUTION OF 2 NOS RETROFITTING OF RPWS CLUBBED UP SCHEMES AT 1. HARIPUR 2. BALIA AND ADJ. UNDER REMUNA BLOCK OF BALASORE DISTRICT - JJM,Balasore,,756001,21.5,86.9,Rural Water Supply and Sanitation||RWSS Circle Cuttack||RWSS Balasore,O/O EE RWSS DIVISION BALASORE,RPWS WITH RCC ESR,Post-Monsoon,2022-11-06,Civil Works - Water Works,,TCN NO. 56 DT. 17.03.2022,2022_RWSS_76648_1,42654773.0,42654773.0,40635204,
106,Odisha,RETROFITTING OF RPWS TO SUGO WITH 3 NOS. 100 KL RCC ESR UNDER JALESWAR BLOCK OF BALASORE DISTRICT-JJM,Balasore,,756001,21.5,86.9,Rural Water Supply and Sanitation||RWSS Circle Cuttack||RWSS Balasore,O/O EE RWSS DIVISION BALASORE,RPWS WITH RCC ESR,Post-Monsoon,2022-10-30,Civil Works - Water Works,,TCN NO. 59 DT. 25.03.2022,2022_RWSS_76756_1,23123268.0,23123268.0,24340283,
107,Odisha,EXECUTION OF 2 NOS. CLUBBED UP RETROFITTING OF RPWS SCHEMES AT 1. HARIPUR 2. MANITRI OF SORO BLOCK IN BALASORE DISTRICT WITH 5 YRS OM-JJM,Balasore,,756001,21.5,86.9,Rural Water Supply and Sanitation||RWSS Circle Cuttack||RWSS Balasore,O/O EE RWSS DIVISION BALASORE,RPWS WITH RCC ESR,Post-Monsoon,2022-11-07,Civil Works - Water Works,,TCN NO. 59 DT. 25.03.2022,2022_RWSS_76760_1,25929849.0,25929849.0,27291705,
108,Odisha,EXECUTION OF 3 NOS. CLUBBED UP RETROFITTING OF RPWS SCHEMES AT 1. SAMRAIPUR 2. ROUTPADA 3. LAXMANKHUNTA IN BASTA BLOCK UNDER BALASORE DISTRICT WITH 5 YRS OM-JJM,Balasore,,756001,21.5,86.9,Rural Water Supply and Sanitation||RWSS Circle Cuttack||RWSS Balasore,O/O EE RWSS DIVISION BALASORE,RPWS WITH RCC ESR,Post-Monsoon,2022-11-03,Civil Works - Water Works,,TCN NO. 59 DT. 25.03.2022,2022_RWSS_76762_1,48788157.0,48788157.0,46925226,
109,Odisha,EXECUTION OF 4 NOS. CLUBBED UP RETROFITTING OF RPWS SCHEMES AT 1. DARADA 2. MUKULISHI 3. DUNDA 4. SITAPUR UNDER BASTA BLOCK IN BALASORE DISTRICT WITH 5 YRS OM-JJM,Balasore,,756001,21.5,86.9,Rural Water Supply and Sanitation||RWSS Circle Cuttack||RWSS Balasore,O/O EE RWSS DIVISION BALASORE,RPWS WITH RCC ESR,Post-Monsoon,2022-10-20,Civil Works - Water Works,,TCN NO. 59 DT. 25.03.2022,2022_RWSS_76763_1,22772497.0,22772497.0,23971050,
110,Odisha,EXECUTION OF 3 NOS. CLUBBED UP RETROFITTING OF RPWS SCHEMES AT 1. DEVOG 2. GHANTUA 3. BADAKASBA UNDER BALIAPAL BLOCK IN BALASORE DISTRICT WITH 5 YRS OM-JJM,Balasore,,756001,21.5,86.9,Rural Water Supply and Sanitation||RWSS Circle Cuttack||RWSS Balasore,O/O EE RWSS DIVISION BALASORE,RPWS WITH RCC ESR,Post-Monsoon,2022-11-03,Civil Works - Water Works,,TCN NO. 59 DT. 25.03.2022,2022_RWSS_76765_1,27482321.0,27482321.0,28186996,
111,Odisha,EXECUTION OF 2 NOS. CLUBBED UP RETROFITTING OF RPWS SCHEMES AT 1. GOBARGHATTA 2. LAXMANNATH UNDER JALESWAR BLOCK OF BALASORE DDISTRICT WIOTH 5 YRS OM-JJM,Balasore,,756001,21.5,86.9,Rural Water Supply and Sanitation||RWSS Circle Cuttack||RWSS Balasore,O/O EE RWSS DIVISION BALASORE,RPWS WITH RCC ESR,Post-Monsoon,2022-11-07,Civil Works - Water Works,,TCN NO. 59 DT. 25.03.2022,2022_RWSS_76766_1,47816432.0,47816432.0,50206249,
112,Odisha,EXECUTION OF 3 NOS. CLUBBED UP RETROFITTING OF RPWS SCHEMES AT 1. NATAKATA 2. KADRAYAN 3. SHYAMSUNDARPUR UNDER BASTA BLOCK OF BALASORE DISTRICT WITH 5 YRS OM-JJM,Balasore,,756001,21.5,86.9,Rural Water Supply and Sanitation||RWSS Circle Cuttack||RWSS Balasore,O/O EE RWSS DIVISION BALASORE,RPWS WITH RCC ESR,Post-Monsoon,2022-10-30,Civil Works - Water Works,,TCN NO. 59 DT. 25.03.2022,2022_RWSS_76767_1,41733712.0,41733712.0,42581075,
113,Odisha,EXECUTION OF 3 NOS. RETROFITTING OF RPWS SCHEMES (CLUBBED UP) AT 1. KUMBHARI 2. PALAPARA 3. SUNAROI UNDER BALIAPAL BLOCK OF BALASORE DISTRICT WITH 5 YRS OM-JJM,Balasore,,756001,21.5,86.9,Rural Water Supply and Sanitation||RWSS Circle Cuttack||RWSS Balasore,O/O EE RWSS DIVISION BALASORE,RPWS WITH RCC ESR,Post-Monsoon,2022-10-30,Civil Works - Water Works,,TCN NO. 01 DT. 07.04.2022,2022_RWSS_76953_1,29407760.0,29407760.0,28833964,
114,Odisha,EXECUTION OF 3 NOS. RETROFITTING OF RPWS SCHEMES (CLUBBED UP) AT 1. KHIRKONA 2. BATI 3. KANCHAPADA UNDER SIMULIA BLOCK OF BALASORE DISTRICT WITH 5 YRS NOM-JJM,Balasore,,756001,21.5,86.9,Rural Water Supply and Sanitation||RWSS Circle Cuttack||RWSS Balasore,O/O EE RWSS DIVISION BALASORE,RPWS WITH RCC ESR,Post-Monsoon,2022-11-07,Civil Works - Water Works,,TCN NO. 01 DT. 07.04.2022,2022_RWSS_76956_1,36300702.0,36300702.0,37465892,
115,Odisha,EXECUTION OF 3 NOS. RETROFITTING OF RPWS SCHEMES CLUBBED UP AT 1. BHAGABANPUR 2. GUNDURISAHI 3. CHORMARA WITH 5 YRS OM UNDER BASTA BLOCK OF BALASORE DISTRICT- JJM,Balasore,,756001,21.5,86.9,Rural Water Supply and Sanitation||RWSS Circle Cuttack||RWSS Balasore,O/O EE RWSS DIVISION BALASORE,RPWS WITH RCC ESR,Post-Monsoon,2022-10-17,Civil Works - Water Works,,TCN NO. 01 DT. 07.04.2022,2022_RWSS_76958_1,40276047.0,40276047.0,37658763,
116,Odisha,EXECUTION OF 2 NOS. RETROFITTING OF RPWS SCHEMES CLUBBED UP AT 1. GARSANG 2. ANTARA UNDER KHAIRA BLOCK OF BALASORE DISTRICT WITH 5 YRS OM-JJM,Balasore,,756001,21.5,86.9,Rural Water Supply and Sanitation||RWSS Circle Cuttack||RWSS Balasore,O/O EE RWSS DIVISION BALASORE,RPWS WITH RCC ESR,Post-Monsoon,2022-11-07,Civil Works - Water Works,,TCN NO. 02 DT. 08.04.2022,2022_RWSS_77017_1,35013573.0,35013573.0,35915040,
117,Odisha,EXECUTION OF 4 NOS. CLUBBED UP RETROFITTING OF RPWS SCHEMES AT 1. BARI 2. JAMJHADI 3. SHYAMSUNDARPUR 4. HATAMAITAPUR UNDER SIMULIA BLOCK OF BALASORE DISTRICT WITH 5 YRS OM-JJM,Balasore,,756001,21.5,86.9,Rural Water Supply and Sanitation||RWSS Circle Cuttack||RWSS Balasore,O/O EE RWSS DIVISION BALASORE,RPWS WITH RCC ESR,Post-Monsoon,2022-11-11,Civil Works - Water Works,,TCN NO. 02 DT. 08.04.2022,2022_RWSS_77019_1,47664947.0,47664947.0,50701997,
118,Odisha,EXECUTION OF 5 NOS. RETROFITTING OF RPWS CLUBBED UP TO 1. KUNDHEI 2. KAINAGARI 3. IRDA 4. NARGODA 5. MATHANI UNDER BASTA BLOCK OF BALASORE DISTRICT WITH 5 YRS OM-JJM,Balasore,,756001,21.5,86.9,Rural Water Supply and Sanitation||RWSS Circle Cuttack||RWSS Balasore,O/O EE RWSS DIVISION BALASORE,RPWS WITH RCC ESR,Post-Monsoon,2022-10-30,Civil Works - Water Works,,TCN NO. 02 DT. 08.04.2022,2022_RWSS_77021_1,39741193.0,39741193.0,38961954,
119,Odisha,EXECUTION OF 2 NOS. RETROFITTING OF RPWS SCHEMES CLUBBED UP AT 1. BANIDA 2. KHULUDA UNDER JALESWAR BLOCK OF BALASORE DISTRICT WITH 5 YRS OM-JJM,Balasore,,756001,21.5,86.9,Rural Water Supply and Sanitation||RWSS Circle Cuttack||RWSS Balasore,O/O EE RWSS DIVISION BALASORE,RPWS WITH RCC ESR,Post-Monsoon,2022-10-17,Civil Works - Water Works,,TCNNO. 02 DT. 08.04.2022,2022_RWSS_77023_1,42668080.0,42668080.0,41173483,
120,Odisha,EXECUTION OF 4 NOS. RETROFITTING OF RPWS SCHEMES CLUBBED UP AT 1. BIDYADHARPUR AND ADJ 2. KARANJIA 3. KUSUDIHA 4. PATRAJHADA UNDER BASTA BLOCK OF BALASORE DISTRICT WITH 5 YRS OM-JJM,Balasore,,756001,21.5,86.9,Rural Water Supply and Sanitation||RWSS Circle Cuttack||RWSS Balasore,O/O EE RWSS DIVISION BALASORE,RPWS WITH RCC ESR,Post-Monsoon,2022-10-17,Civil Works - Water Works,,TCN NO. 02 DT. 08.04.2022,2022_RWSS_77025_1,40338886.0,40338886.0,39167769,
121,Odisha,EXECUTION OF 1 NO. RETROFITTING OF RPWS SCHEME AT. 1. RAPEYA AND ITS ADJ. VILLAGES UNDER KHAIRA BLOCK OF BALASORE DISTRICT WITH 5 YRS OM-JJM,Balasore,,756001,21.5,86.9,Rural Water Supply and Sanitation||RWSS Circle Cuttack||RWSS Balasore,O/O EE RWSS DIVISION BALASORE,RPWS WITH RCC ESR,Post-Monsoon,2022-11-07,Civil Works - Water Works,,TCN NO. 02 DT. 08.04.2022,2022_RWSS_77026_1,35076736.0,35076736.0,38969821,
122,Odisha,EXECUTION OF 3 NOS. RETROFITTING OF RPWS CLUBBED UP AT 1. BARADA 2. SARUGAN 3. RAIKULA UNDER KHAIRA BLOCK OF BALASORE DISTRICT WITH 5 YRS OM-JJM,Balasore,,756001,21.5,86.9,Rural Water Supply and Sanitation||RWSS Circle Cuttack||RWSS Balasore,O/O EE RWSS DIVISION BALASORE,RPWS WITH RCC ESR,Post-Monsoon,2022-11-06,Civil Works - Water Works,,TCN NO. 02 DT. 08.04.2022,2022_RWSS_77027_1,34431084.0,34431084.0,35317555,
123,Odisha,EXECUTION OF 4 NOS. RETROFITTING OF RPWS SCHEMES CLUBBED UP AT 1. DEHURDA 2. BANABASAN 3. BATAGRAM 4. SIALIA UNDER BHOGRAI BLOCK OF BALASORE DISTRICT WITH 5 YRS OM-JJM,Balasore,,756001,21.5,86.9,Rural Water Supply and Sanitation||RWSS Circle Cuttack||RWSS Balasore,O/O EE RWSS DIVISION BALASORE,RPWS WITH RCC ESR,Post-Monsoon,2022-11-11,Civil Works - Water Works,,TCN NO. 02 DT. 08.04.2022,2022_RWSS_77031_1,48164739.0,48164739.0,49197895,
124,Odisha,EXECUTION OF 4 NOS. RETROFITTING OF RPWS SCHEMES CLUBBED UP 1. KHUAD 2. UPERKUNDI 3. MAHUDUMA AND ASANSOLIA 4. KENDUKHUNTA UNDER JALESWAR BLOCK OF BALASORE DISTRICT WITH 5 YRS OM-JJM,Balasore,,756001,21.5,86.9,Rural Water Supply and Sanitation||RWSS Circle Cuttack||RWSS Balasore,O/O EE RWSS DIVISION BALASORE,RPWS WITH RCC ESR,Post-Monsoon,2022-10-30,Civil Works - Water Works,,TCN NO. 02 DT. 08.04.2022,2022_RWSS_77033_1,49821431.0,49821431.0,47467065,
125,Odisha,EXECUTION OF 4 NOS. RETROFITTING OF RPWS SCHEMES CLUBBED UP AT 1. MAKIDIA 2. KALIKAPUR 3. BEHERASAHI 4. SOUTH GOPALPRASAD UNDER JALESWAR BLOCK OF BALASORE DISTRICT WITH 5 YRS OM-JJM,Balasore,,756001,21.5,86.9,Rural Water Supply and Sanitation||RWSS Circle Cuttack||RWSS Balasore,O/O EE RWSS DIVISION BALASORE,RPWS WITH RCC ESR,Post-Monsoon,2022-10-30,Civil Works - Water Works,,TCN NO. 02 DT. 08.04.2022,2022_RWSS_77034_1,48642568.0,48642568.0,47225794,
126,Odisha,EXECUTION OF 4 NOS. RETROFITTING OF RPWS SCHEMES CLUBBED UP AT 1. CHITTOL 2. NUAPADA MAITRAPUR 4. NACHINTA UNDER BAHANAGA BLOCK OF BALASORE DISTRICT WITH 5 YRS OM-JJM,Balasore,,756001,21.5,86.9,Rural Water Supply and Sanitation||RWSS Circle Cuttack||RWSS Balasore,O/O EE RWSS DIVISION BALASORE,RPWS WITH RCC ESR,Post-Monsoon,2022-11-03,Civil Works - Water Works,,TCN NO. 02 DT. 08.04.2022,2022_RWSS_77040_1,30440458.0,30440458.0,30751044,
127,Odisha,EXECUTION OF 3 NOS. RETROFITTING OF RPWS SCHEMES CLUBBED UP AT 1. ARUHA 2. ASIMILA 3. SATHI UNDER BAHANAGA BLOCK OF BALASORE DISTRICT WITH 5 YRS OM-JJM,Balasore,,756001,21.5,86.9,Rural Water Supply and Sanitation||RWSS Circle Cuttack||RWSS Balasore,O/O EE RWSS DIVISION BALASORE,RPWS WITH RCC ESR,Post-Monsoon,2022-11-11,Civil Works - Water Works,,TCN NO. 02 DT. 08.04.2022,2022_RWSS_77041_1,43585463.0,43585463.0,48422912,
128,Odisha,EXECUTION OF 3 NOS. RETROFITTING OF RPWS SCHEMES CLUBBED UP AT 1. ULUDA 2. ARUHABRUTI 3. KHARIDPIPAL UNDER BHOGRAI BLOCK IN BALASORE DISTRICT WITH 5 YRS OM-JJM,Balasore,,756001,21.5,86.9,Rural Water Supply and Sanitation||RWSS Circle Cuttack||RWSS Balasore,O/O EE RWSS DIVISION BALASORE,RPWS WITH RCC ESR,Post-Monsoon,2022-11-03,Civil Works - Water Works,,TCN NO. 02 DT. 08.04.2022,2022_RWSS_77042_1,36102001.0,36102001.0,33743342,
129,Odisha,EXECUTION OF 4 NOS. RETROFITTING OF RPWS SCHEMES CLUBBED UP 1. PURUSOTTAMPUR 2. CHANDISINGHPUR 3. SUHURIA 4. JAYRAMPUR UNDER BHOGRAI BLOCK OF BALASORE DISTRICT WITH 5 YRS OM-JJM,Balasore,,756001,21.5,86.9,Rural Water Supply and Sanitation||RWSS Circle Cuttack||RWSS Balasore,O/O EE RWSS DIVISION BALASORE,RPWS WITH RCC ESR,Post-Monsoon,2022-11-03,Civil Works - Water Works,,TCN NO. 02 DT. 08.04.2022,2022_RWSS_77043_1,41277909.0,41277909.0,41568891,
130,Odisha,EXECUTION OF 2 NOS. CLUBBED UP RETROFITTING OF RPWS SCHEMES AT 1. PATHARPENTHA 2. KHANTAPADA AND CHAKJAGANNATHPUR UNDER BAHANAGA BLOCK OF BALASORE DISTRICT WITH 5 YRS OM-JJM,Balasore,,756001,21.5,86.9,Rural Water Supply and Sanitation||RWSS Circle Cuttack||RWSS Balasore,O/O EE RWSS DIVISION BALASORE,RPWS WITH RCC ESR,Post-Monsoon,2022-11-03,Civil Works - Water Works,,TCN NO. 02 DT. 08.04.2022,2022_RWSS_77044_1,33526525.0,33526525.0,33194579,
131,Odisha,EXECUTION OF 2 NOS. RETROFITTING OF RPWS SCHEMES CLUBBED UP AT 1. TELIPAL 2. KCPUR (BETAKATA) UNDER NILGIRI BLOCK WITH 5 YRS OM OF BALASORE DISTRICT-JJM,Balasore,,756001,21.5,86.9,Rural Water Supply and Sanitation||RWSS Circle Cuttack||RWSS Balasore,O/O EE RWSS DIVISION BALASORE,RPWS WITH RCC ESR,Post-Monsoon,2022-11-08,Civil Works - Water Works,,TCN NO. 03 DT. 13.04.2022,2022_RWSS_77268_1,32063304.0,32063304.0,35621936,
132,Odisha,EXECUTION OF 4 NOS. RETROFITTING OF RPWS SCHEMES CLUBBED UP AT 1. BANKISAHIMAHAL 2. GARADIHI (KALAKAD) 3. GARADIHI-I 4. GARADIHI (CHEKAMARA) UNDER NILGIRI BLOCK WITH 5 YRS OM OF BALASORE DISTRICT-JJM,Balasore,,756001,21.5,86.9,Rural Water Supply and Sanitation||RWSS Circle Cuttack||RWSS Balasore,O/O EE RWSS DIVISION BALASORE,RPWS WITH RCC ESR,Post-Monsoon,2022-11-08,Civil Works - Water Works,,TCN NO. 03 DT. 13.04.2022,2022_RWSS_77270_1,31129229.0,31129229.0,33843476,
133,Odisha,EXECUTION OF 3 NOS. RETROFITTING OF RPWS SCHEMES CLUBBED UP AT 1. TALAKURUNIA 2. THALSADA 3. PODADIHA UNDER BAHANAGA BLOCK WITH 5 YRS OM OF BALASORE DISTRICT-JJM,Balasore,,756001,21.5,86.9,Rural Water Supply and Sanitation||RWSS Circle Cuttack||RWSS Balasore,O/O EE RWSS DIVISION BALASORE,RPWS WITH RCC ESR,Post-Monsoon,2022-11-03,Civil Works - Water Works,,TCN NO. 03 DT. 13.04.2022,2022_RWSS_77277_1,35444342.0,35444342.0,39378227,
134,Odisha,EXECUTION OF 2 NOS RETROFITTING OF RPWS SCHEMES CLUBBED UP AT 1. GUD 2. KIARPUR UNDER SORO BLOCK OF BALASORE DISTRICT WITH 5 YRS OM-JJM,Balasore,,756001,21.5,86.9,Rural Water Supply and Sanitation||RWSS Circle Cuttack||RWSS Balasore,O/O EE RWSS DIVISION BALASORE,RPWS WITH RCC ESR,Post-Monsoon,2022-10-30,Civil Works - Water Works,,TCN NO. 03 DT. 13.04.2022,2022_RWSS_77278_1,23410142.0,23410142.0,27008268,
135,Odisha,EXECUTION OF 2 NOS. RETROFITTING OF RPWS SCHEMES CLUBBED UP AT 1. NADIGAN 2. SIRAPUR UNDER SORO BLOCK OF BALASORE DISTRICT WITH 5 YRS OM-JJM,Balasore,,756001,21.5,86.9,Rural Water Supply and Sanitation||RWSS Circle Cuttack||RWSS Balasore,O/O EE RWSS DIVISION BALASORE,RPWS WITH RCC ESR,Post-Monsoon,2022-11-07,Civil Works - Water Works,,TCN NO. 03 DT. 13.04.2022,2022_RWSS_77279_1,29614017.0,29614017.0,31500922,
136,Odisha,EXECUTION OF 4 NOS. RETROFITTING OF RPWS SCHEMES CLUBBED UP 1. BRAHMANDA 2. PATHURIA 3. SADANANDAPUR 4. MADEVSARAI IN BASTA BLOCK OF BALASORE DISTRICT-JJM,Balasore,,756001,21.5,86.9,Rural Water Supply and Sanitation||RWSS Circle Cuttack||RWSS Balasore,O/O EE RWSS DIVISION BALASORE,RPWS WITH RCC ESR,Post-Monsoon,2022-10-17,Civil Works - Water Works,,TCN NO. 04 DT. 22.04.2022,2022_RWSS_77431_1,35954930.0,35954930.0,34638661,
137,Odisha,EXECUTION OF 1 NO. RETROFITTING OF RPWS SCHEME 1. BAHANAGA AND ADJ. VILLAGE IN BAHANAGA BLOCK OF BALASORE DISTRICT WITH 5 YRS OM-JJM,Balasore,,756001,21.5,86.9,Rural Water Supply and Sanitation||RWSS Circle Cuttack||RWSS Balasore,O/O EE RWSS DIVISION BALASORE,RPWS WITH RCC ESR,Post-Monsoon,2022-11-03,Civil Works - Water Works,,TCN NO. 04 dt. 22.04.2022,2022_RWSS_77432_1,29252147.0,29252147.0,30788492,
138,Odisha,EXECUTION OF 3 NOS. RETROFITTING OF RPWS SCHEMES CLUBBED 1. TALABHAGABANANDHA (BHOLANALA) 2. JAMUNA (JHARANAGHATI) 3 . JAMUNA IN NILGIRI BLOCK OF BALASORE DISTRICT WITH 5 YRS OM-JJM,Balasore,,756001,21.5,86.9,Rural Water Supply and Sanitation||RWSS Circle Cuttack||RWSS Balasore,O/O EE RWSS DIVISION BALASORE,PWS WITH RCC ESR,Post-Monsoon,2022-11-11,Civil Works - Water Works,,TCN NO. 04 DT. 22.04.2022,2022_RWSS_77433_1,29612579.0,29612579.0,31167855,
139,Odisha,EXCUTION OF 2 NOS. RETROFITTING OF RPWS SCHEMES CLUBBED UP AT 1. GOPALPUR AND ADJ. VILL. 2. PANAPANA IN BAHANAGA BLOCK OF BALASORE DISTRICT WITH 5 YRS OM-JJM,Balasore,,756001,21.5,86.9,Rural Water Supply and Sanitation||RWSS Circle Cuttack||RWSS Balasore,O/O EE RWSS DIVISION BALASORE,RPWS WITH RCC ESR,Post-Monsoon,2022-11-03,Civil Works - Water Works,,TCN NO. 04 DT. 22.04.2022,2022_RWSS_77434_1,38665345.0,38665345.0,40696079,
140,Odisha,EXECUTION OF 1 NO. RETROFITTING OF RPWS SCHEME AT 1. DUNGURA AND ADJ/ VILL. IN KHAIRA BLOCK OF BALASORE DISTRICT WITH 5 YRS OM-JJM,Balasore,,756001,21.5,86.9,Rural Water Supply and Sanitation||RWSS Circle Cuttack||RWSS Balasore,O/O EE RWSS DIVISION BALASORE,RPWS WITH RCC ESR,Post-Monsoon,2022-11-06,Civil Works - Water Works,,TCN NO. 04 DT. 22.04.2022,2022_RWSS_77435_1,24909010.0,24909010.0,26217251,
141,Odisha,EXECUTION OF 3 NOS. RETROFITTING OF RPWS SCHEMES CLUBBED UP 1. TALANAGAR 2. CHALISMEDHA 3. BRAHMANSABIRA UNDER SORO BLOCK OF BALASORE DISTRICT WITH 5 YRS OM-JJM,Balasore,,756001,21.5,86.9,Rural Water Supply and Sanitation||RWSS Circle Cuttack||RWSS Balasore,O/O EE RWSS DIVISION BALASORE,RPWS WITH RCC ESR,Post-Monsoon,2022-11-07,Civil Works - Water Works,,TCN NO. 04 DT. 22.04.2022,2022_RWSS_77437_1,36376044.0,36376044.0,38693803,
142,Odisha,EXECUTION OF 3 NOS. RETROFITTING RPWS SCHEMES CLUBBED UP 1. PASCHIMBAD 2. KHALINA-II 3. SARASATIA UNDER JALESWAR BLOCK OF BALASORE DISTRICT WITH 5 YRS OM-JJM,Balasore,,756001,21.5,86.9,Rural Water Supply and Sanitation||RWSS Circle Cuttack||RWSS Balasore,O/O EE RWSS DIVISION BALASORE,RPWS WITH RCC ESR,Post-Monsoon,2022-11-11,Civil Works - Water Works,,TCN NO. 05 DT. 29.04.2022,2022_RWSS_77550_1,56179003.0,56179003.0,52114103,
143,Odisha,EXECUTION OF 2 NOS. RETROFITTING OF RPWS SCHEMES CLUBBED UP 1. RAJPUR AND ADJ 2. RAJNAGAR UNDER JALESWAR BLOCK WITH 5 YRS OM OF BALASORE DISTRICT-JJM,Balasore,,756001,21.5,86.9,Rural Water Supply and Sanitation||RWSS Circle Cuttack||RWSS Balasore,O/O EE RWSS DIVISION BALASORE,RPWS WITH RCC ESR,Post-Monsoon,2022-10-30,Civil Works - Water Works,,TCN NO. 05 DT. 29.04.2022,2022_RWSS_77555_1,52804190.0,52804190.0,49354323,
144,Odisha,EXECUTION OF 1 NO. RETROFITTING RPWS SCHEME TO VILLAGE 1. RAIBANIA AND KALIKO UNDER JALESWAR BLOCK OF BALASORE DISTRICT WITH 5 YRS OM-JJM,Balasore,,756001,21.5,86.9,Rural Water Supply and Sanitation||RWSS Circle Cuttack||RWSS Balasore,O/O EE RWSS DIVISION BALASORE,RPWS WITH RCC ESR,Post-Monsoon,2022-10-30,Civil Works - Water Works,,TCN NO. 05 DT. 29.04.2022,2022_RWSS_77559_1,37977850.0,37977850.0,38462477,
145,Odisha,EXECUTION OF 3 NOS. CLUBBED UP RETROFITTING RPWS SCHEMES 1. KARUA AND ADJ 2. PAUNSKULI AND ADJ 3. PANISAPADA UNDER BASTA BLOCK WITH 5 YRS OM OF BALASORE DISTRICT - JJM,Balasore,,756001,21.5,86.9,Rural Water Supply and Sanitation||RWSS Circle Cuttack||RWSS Balasore,O/O EE RWSS DIVISION BALASORE,RPWS WITH RCC ESR,Post-Monsoon,2022-11-11,Civil Works - Water Works,,TCN NO. 05 DT. 29.04.2022,2022_RWSS_77562_1,36631251.0,36631251.0,34091439,
146,Odisha,EXECUTION OF 5 NOS. CLUBBED UP RETROFITTING OF RPWS SCHEMES AT 1. SANTOSHPUR 2. DHITPURA 3. CHALANTI 4. VELLORA 5. GANGADHARPUR UNDER BASTA BLOCK OF BALASORE DISTRICT WITH 5 YRS OM-JJM,Balasore,,756001,21.5,86.9,Rural Water Supply and Sanitation||RWSS Circle Cuttack||RWSS Balasore,O/O EE RWSS DIVISION BALASORE,RPWS WITH RCC ESR,Post-Monsoon,2022-10-30,Civil Works - Water Works,,TCN NO. 05 DT. 29.05.2022,2022_RWSS_77564_1,37649573.0,37649573.0,38164798,
147,Odisha,EXECUTION OF 5 NOS. RETROFITTING OF RPWS SCHEMES CLUBBED UP AT 1. DHULIUDA 2. BELGAN 3. JUNABALADA 4. TENTULIA 5. PANCHURUKHI UNDER BASTA BLOCK WITH 5 YRS OM OF BALASORE DISTRICT-JJM,Balasore,,756001,21.5,86.9,Rural Water Supply and Sanitation||RWSS Circle Cuttack||RWSS Balasore,O/O EE RWSS DIVISION BALASORE,RPWS WITH RCC ESR,Post-Monsoon,2022-10-20,Civil Works - Water Works,,TCN NO. 05 DT. 29.04.2022,2022_RWSS_77565_1,36433925.0,36433925.0,36898851,
148,Odisha,EXECUTION OF 4 NOS. CLUBBING UP RETROFITTING OF RPWS SCHEMES AT 1. GADASAHI BALIPAL 2. BHADUA 3.OLINDA 4. CHITMISHRA UNDER JALESWAR BLOCK OF BALASORE DISTRICT WITH 5 YRS OM-JJM,Balasore,,756001,21.5,86.9,Rural Water Supply and Sanitation||RWSS Circle Cuttack||RWSS Balasore,O/O EE RWSS DIVISION BALASORE,RPWS WITH RCC ESR,Post-Monsoon,2022-11-11,Civil Works - Water Works,,TCN NO. 10 DT. 24.05.2022,2022_RWSS_78015_1,45039223.0,45039223.0,45039223,
149,Odisha,EXECUTION OF RETROFITTING RPWS SCHEME AT PAKHAR AND ADJOINING VILLAGES UNDER SORO BLOCK IN BALASORE DISTRICT WITH 5 YRS OM-JJM,Balasore,,756001,21.5,86.9,Rural Water Supply and Sanitation||RWSS Circle Cuttack||RWSS Balasore,O/O EE RWSS DIVISION BALASORE,RPWS WITH RCC ESR,Post-Monsoon,2022-11-07,Civil Works - Water Works,,TCN NO. 13 DT. 23.06.2022,2022_RWSS_79403_1,29747762.0,29747762.0,31949051,
150,Odisha,EXECUTION OF 3 NOS. RETROFITTING RPWS SCHEMES CLUBBED UP AT 1. SOLAGAN 2. TENTEI 3. RAGHUNATHPUR UNDER SORO BLOCK IN BALASORE DISTRICT WITH 5 YRS OM-JJM,Balasore,,756001,21.5,86.9,Rural Water Supply and Sanitation||RWSS Circle Cuttack||RWSS Balasore,O/O EE RWSS DIVISION BALASORE,RPWS WITH RCC ESR,Post-Monsoon,2022-11-11,Civil Works - Water Works,,TCN NO. 13 DT. 23.06.2022,2022_RWSS_79405_1,45180524.0,45180524.0,47553441,
151,Odisha,EXTERNAL ELECTRIFICATION OF RPWS TO VILLAGE KALAMA UNDER JALESWAR BLOCK - JJM 40 LPCD RETROFITTING,Balasore,,756001,21.5,86.9,Rural Water Supply and Sanitation||RWSS Circle Cuttack||RWSS Balasore,EE RWSS DIVISION BALASORE,EXT. ELECTRIFICATION WORK,Post-Monsoon,2022-11-02,Electrical Works,,TCN NO. 14 DT. 06.07.2022,2022_RWSS_79685_1,567382.0,567382.0,667429,
152,Odisha,EXECUTION OF 3 NOS. RETROFITTING RPWS SCHEMES CLUBBED UP AT 1. NAHARA 2. KALYANPUR 3. BADAMANDARUNI UNDER BHOGRAI BLOCK OF BALASORE DISTRICT WITH 5 YRS OM-JJM,Balasore,,756001,21.5,86.9,Rural Water Supply and Sanitation||RWSS Circle Cuttack||RWSS Balasore,O/O EE RWSS DIVISION BALASORE,RPWS WITH RCC ESR,Post-Monsoon,2022-11-11,Civil Works - Water Works,,TCN NO. 17 DT. 25.07.2022,2022_RWSS_80196_1,35325877.0,35325877.0,37185094,
153,Odisha,EXECUTION OF 02 NOS. CLUBBED RETROFITTING RPWS SCHEMES 1. BAUNSDIHA 2. KUSUDA UNDER BHOGRAI BLOCK IN BALASORE DISTRICT WITH 5 YRS OM-JJM,Balasore,,756001,21.5,86.9,Rural Water Supply and Sanitation||RWSS Circle Cuttack||RWSS Balasore,O/O EE RWSS DIVISION BALASORE,RPWS WITH RC ESR,Post-Monsoon,2022-12-09,Civil Works - Water Works,,TCN NO. 17 DT. 25.07.2022,2022_RWSS_80197_1,26360934.0,26360934.0,29286673,
154,Odisha,EXECUTION OF 4 NOS. RETROFITTING RPWS CLUBBED UP AT 1. TALAKIA 2. BAULAGADIA 3. SHYAMSUNDARPUR 4. TARTUA UNDER OUPADA BLOCK OF BALASORE DISTRICT WITH 5 YRS OM-JJM,Balasore,,756001,21.5,86.9,Rural Water Supply and Sanitation||RWSS Circle Cuttack||RWSS Balasore,O/O EE RWSS DIVISION BALASORE,RPWS WITH RCC ESR,Post-Monsoon,2023-01-18,Civil Works - Water Works,,TCN NO. 18 DT. 26.07.2022,2022_RWSS_80226_1,41983606.0,41983606.0,44193223,
155,Odisha,EXECUTION OF 4 NOS. RETROFITTING RPWS SCHEMES CLUBBED UP 1. FAKIRMOHANNAGAR 2. MAHARAJAPUR 3. GANESWARPUR 4. KURUDA UNDERE REMUNA BLOCK OF BALASORE DISTRICT WITH 5 YRS OM-JJM,Balasore,,756001,21.5,86.9,Rural Water Supply and Sanitation||RWSS Circle Cuttack||RWSS Balasore,O/O EE RWSS DIVISION BALASORE,RPWS WITH RCC ESR,Post-Monsoon,2022-11-06,Civil Works - Water Works,,TCN NO. 18 DT. 26.07.2022,2022_RWSS_80238_1,36518903.0,36518903.0,38522049,
156,Odisha,EXECUTION OF 3 NOS. 40 LPCD RETROFITTING RPWS SCHEMES CLUBBED UP 1. DANDAPALASA 2. BAUNSKHUNTA 3. GOPINATHPUR UNDER SORO BLOCK OF BALASORE DISTRICT - JJM,Balasore,,756001,21.5,86.9,Rural Water Supply and Sanitation||RWSS Circle Cuttack||RWSS Balasore,O/O EE RWSS DIVISION BALASORE,RPWS WITH RCC ESR,Post-Monsoon,2022-11-11,Civil Works - Water Works,,TCN NO. 19 DT. 02-08-2022,2022_RWSS_80369_1,28539618.0,28539618.0,30329030,
157,Odisha,EXECUTION OF 3 NOS. 40 LPCD RETROFITTING RPWS SCHEMES CLUBBED UP 1. SUNARI 2. SARASANKHA 3. SARALIA UNDER SORO BLOCK OF BALASORE DISTRICT - JJM,Balasore,,756001,21.5,86.9,Rural Water Supply and Sanitation||RWSS Circle Cuttack||RWSS Balasore,O/O EE RWSS DIVISION BALASORE,RPWS WITH RCC ESR,Post-Monsoon,2022-11-11,Civil Works - Water Works,,TCN NO. 19 DT. 02-08-2022,2022_RWSS_80370_1,38016632.0,38016632.0,42236010,
158,Odisha,EXECUTION OF 3 NOS. 40 LPCD RETROFITTING RPWS SCHEMES CLUBBED UP 1 NUAGAN 2. GUJADIHA 3. SULTANPUR UNDER SORO BLOCK OF BALASORE DISTRICT - JJM,Balasore,,756001,21.5,86.9,Rural Water Supply and Sanitation||RWSS Circle Cuttack||RWSS Balasore,O/O EE RWSS DIVISION BALASORE,RPWS WITH RCC ESR,Post-Monsoon,2022-11-11,Civil Works - Water Works,,TCN NO. 19 DT. 02-08-2022,2022_RWSS_80371_1,34210113.0,34210113.0,38007013,
159,Odisha,EXECUTION OF 3 NOS. 40 LPCD RETROFITTING RPWS SCHEMES CLUBBED UP 1. KUDEI 2. KUMBHI BRUNDADEIPUR JOKA AND 3. PATULIDA UNDER SORO BLOCK OF BALASORE DISTRICT-JJM,Balasore,,756001,21.5,86.9,Rural Water Supply and Sanitation||RWSS Circle Cuttack||RWSS Balasore,O/O EE RWSS DIVISION BALASORE,RPWS WITH RCC ESR,Post-Monsoon,2022-11-11,Civil Works - Water Works,,TCN NO. 19 DT. 02.08.2022,2022_RWSS_80372_1,35542541.0,35542541.0,39487325,
160,Odisha,EXECUTION OF 2 NOS. 40 LPCD RETROFITTING RPWS SCHEMES CLUBBED UP AT 1. ANANTAPUR 2. DAHISADA UNDER SORO BLOCK OF BALASORE DISTRICT - JJM,Balasore,,756001,21.5,86.9,Rural Water Supply and Sanitation||RWSS Circle Cuttack||RWSS Balasore,O/O EE RWSS DIVISION BALASORE,RPWS WITH RCC ESR,Post-Monsoon,2022-11-11,Civil Works - Water Works,,TCN NO. 19 DT. 02.08.2022,2022_RWSS_80373_1,29587871.0,29587871.0,31319859,
161,Odisha,EXECUTION OF 2 NOS. RETROFITTING RPWS SCHEMES CLUBBED UP AT VILLAGE 1. SUNDHIRA GANDIBED 2. OHAD UNDER KHAIRA BLOCK OF BALASORE DISTRICT WITH 5 YRS OM - JJM,Balasore,,756001,21.5,86.9,Rural Water Supply and Sanitation||RWSS Circle Cuttack||RWSS Balasore,O/O EE RWSS DIVISION BALASORE,RPWS WITH RCC ESR,Post-Monsoon,2022-11-11,Civil Works - Water Works,,TCN NO. 20 DT. 04.08.2022,2022_RWSS_80379_1,30276716.0,38016632.0,33637058,
162,Odisha,RETROFITTING OF RPWS TO BADULI 40 LPCD UNDER SIMULIA BLOCK - JJM,Balasore,,756001,21.5,86.9,Rural Water Supply and Sanitation||RWSS Circle Cuttack||RWSS Balasore,O/O EE RWSS DIVISION BALASORE,RPWS WITH RCC ESR,Post-Monsoon,2022-12-31,Civil Works - Water Works,,TCN NO. 22 DT. 25.08.2022,2022_RWSS_80808_1,3674592.0,3674592.0,4322541,
163,Odisha,RETROFITTING OF RPWS TO BELDA 40 LPCD UNDER SORO BLOCK WITH 5 YRS OM-JJM,Balasore,,756001,21.5,86.9,Rural Water Supply and Sanitation||RWSS Circle Cuttack||RWSS Balasore,O/O EE RWSS DIVISION BALASORE,RPWS WITH RCC ESR,Post-Monsoon,2022-11-22,Civil Works - Water Works,,TCN NO. 22 DT. 25.08.2022,2022_RWSS_80809_1,14560337.0,14560337.0,16358092,
164,Odisha,EXECUTION OF 4 NOS. RETROFITTING RPWS SCHEMES CLUBBED UP 1. K.M.SAHI 2. MATHURANATH 3. CHAKARJUNI 4. TARIBATPUR UNDER JALESWAR BLOCK OF BALASORE DISTRICT WITH 5 YRS OM-JJM,Balasore,,756001,21.5,86.9,Rural Water Supply and Sanitation||RWSS Circle Cuttack||RWSS Balasore,O/O EE RWSS DIVISION BALASORE,RPWS WITH RCC ESR,Post-Monsoon,2022-12-31,Civil Works - Water Works,,TCN NO. 23 DT. 26.08.2022,2022_RWSS_80812_1,36391004.0,36391004.0,38306280,
165,Odisha,EXECUTION OF 02 NOS. RETROFITTING RPWS SCHEMES 1. BAHARDA 2. RANIGODA CLUBBED UP UNDER BHOGRAI BLOCK OF BALASORE DISTRICT WITH 5 YRS OM-JJM,Balasore,,756001,21.5,86.9,Rural Water Supply and Sanitation||RWSS Circle Cuttack||RWSS Balasore,O/O EE RWSS DIVISION BALASORE,RPWS WITH RCC ESR,Post-Monsoon,2022-11-16,Civil Works - Water Works,,TCN NO. 24 DT. 30.08.2022,2022_RWSS_81066_1,29464868.0,29464868.0,31905650,
166,Odisha,EXECUTION OF 3 NOS. RETROFITTING RPWS SCHEMES CLUBBED UP AT 1. CHHATRAPUR 2. KADUANI 3. GOHIRA UNDER NILGIRI BLOCK WITH 5 YRS OM OF BALASORE DISTRICT - JJM,Balasore,,756001,21.5,86.9,Rural Water Supply and Sanitation||RWSS Circle Cuttack||RWSS Balasore,O/O EE RWSS DIVISION BALASORE,RPWS WITH RCC ESR,Post-Monsoon,2023-01-24,Civil Works - Water Works,,TCN NO. 25 DT. 08.09.2022,2022_RWSS_81219_1,34891101.0,34891101.0,35672325,
167,Odisha,EXECUTION OF 1 NO. RETROFITTING RPWS SCHEME AT SARDANG AND ADJ. VILLAGE UNDER KHAIRA BLOCK WITH 5 YRS OM OF BALASORE DISTRICT - JJM,Balasore,,756001,21.5,86.9,Rural Water Supply and Sanitation||RWSS Circle Cuttack||RWSS Balasore,O/O EE RWSS DIVISION BALASORE,RPWS WITH RCC ESR,Post-Monsoon,2023-01-24,Civil Works - Water Works,,TCN NO. 25 DT. 08.09.2022,2022_RWSS_81237_1,35394204.0,35394204.0,36305472,
168,Odisha,EXECUTION OF 1 NO. RETROFITTING RPWS SCHEME AT TUDIGADIA AND ADJ. VILLAGE UNDER KHAIRA BLOCK WITH 5 YRS OM OF BALASORE BLOCK -JJM,Balasore,,756001,21.5,86.9,Rural Water Supply and Sanitation||RWSS Circle Cuttack||RWSS Balasore,O/O EE RWSS DIVISION BALASORE,RPWS WITH RCC ESR,Post-Monsoon,2023-01-24,Civil Works - Water Works,,TCN NO. 25 DT. 08.09.2022,2022_RWSS_81239_1,34891674.0,34891674.0,35804694,
169,Odisha,EXECUTION OF 3 NOS. RETROFITTING RPWS SCHEMES CLUBBED UP AT 1. JIRTAL 2. KASABAJAYPUR 3. MULAKUDEI UNDER BAHANAGA BLOCK WITH 5 YRS OM OF BALASORE DISTRICT-JJM,Balasore,,756001,21.5,86.9,Rural Water Supply and Sanitation||RWSS Circle Cuttack||RWSS Balasore,O/O EE RWSS DIVISION BALASORE,RPWS WITH RCC ESR,Post-Monsoon,2023-01-24,Civil Works - Water Works,,TCN NO. 25 DT. 08.09.2022,2022_RWSS_81245_1,31481322.0,31481322.0,32325005,
170,Odisha,EXECUTION OF 2 NOS. RETROFITTING CLUBBED UP RPWS SCHEMES 1. GUDU 2. ODANGI IN BALASORE BLOCK OF BALASORE DISTRICT WITH 5 YRS OM-JJM,Balasore,,756001,21.5,86.9,Rural Water Supply and Sanitation||RWSS Circle Cuttack||RWSS Balasore,O/O EE RWSS DIVISION BALASORE,RPWS WITH RCC ESR,Post-Monsoon,2023-01-25,Civil Works - Water Works,,TCN NO. 26 DT. 12.09.2022,2022_RWSS_81429_1,41883439.0,41883439.0,44400975,
171,Odisha,EXECUTION OF 3 NOS. RETROFITTING CLUBBED UP RPWS SCHEMES 1. MANIPUR 2. KHUNTA 3. DHANBARKHUNTA UNDER SORO BLOCK OF BALASORE DISTRICT WITH 5 YRS OM-JJM,Balasore,,756001,21.5,86.9,Rural Water Supply and Sanitation||RWSS Circle Cuttack||RWSS Balasore,O/O EE RWSS DIVISION BALASORE,RPWS WITH RCC ESR,Post-Monsoon,2023-01-25,Civil Works - Water Works,,TCN NO. 26 DT. 12.09.2022,2022_RWSS_81431_1,33280996.0,33280996.0,35028940,
172,Odisha,EXECUTION OF 3 NOS. RETROFITTING CLUBBED UP RPWS SCHEMES 1. IKIDA 2. KALYANPUR 3. MALIPAL UNDER JALESWAR BLOCK OF BALASORE DISTRICT -JJM,Balasore,,756001,21.5,86.9,Rural Water Supply and Sanitation||RWSS Circle Cuttack||RWSS Balasore,O/O EE RWSS DIVISION BALASORE,RPWS ITH RCC ESR,Post-Monsoon,2023-02-08,Civil Works - Water Works,,TCN NO. 26 DT. 12.09.2022,2022_RWSS_81432_1,37300293.0,37300293.0,35882918,
173,Odisha,EXECUTION OF RETROFITTING RPWS TO KHARASAHAPUR AND 7 ADJ. VILLAGES IN BAHANAGA BLOCK OF BALASORE DISTRICT WITH 5 YEARS OM,Balasore,,756001,21.5,86.9,Rural Water Supply and Sanitation||RWSS Circle Cuttack||RWSS Balasore,O/O EE RWSS DIVISION BALASORE,RPWS WITH RCC ESR AND FHTC,Pre-Monsoon,2023-03-31,Civil Works - Water Works,,TCN NO. 43 Dt.21.12.2022,2022_RWSS_84555_1,48177428.0,48177428.0,53524528,
174,Odisha,Construction of paver block road and drain from Tanti sahi main road to Mrs Trupti res in WARD NO_14 under Balasore Municipality,Balasore,,756003,21.5,86.9,Municipal Bodies||Balasore Municipality,Balasore Municipality,Construction of paver block road and drain from Tanti sahi main road to Mrs Trupti res in WARD NO_14 under Balasore Municipality,Pre-Monsoon,2023-04-28,Civil Works - Others,,BM_10_2022_23,2023_ORULB_86252_13,342938.08,426100.0,361102,
175,Odisha,Construction of protection wall at d/s of nikamahal culvert near gaffar res in ward no_11 under balasore municipality,Balasore,,756003,21.5,86.9,Municipal Bodies||Balasore Municipality,Balasore Municipality,Construction of protection wall at d/s of nikamahal culvert near gaffar res in ward no_11 under balasore municipality,Pre-Monsoon,2023-04-15,Civil Works - Others,,BM_10_2022_23,2023_ORULB_86252_27,683220.3,806200.0,683220,
176,Odisha,Constn. of Paver block Road and Drain from Mehraj House to Nurul House in Ward No_03 under Balasore Municipality,Balasore,,756003,21.5,86.9,Municipal Bodies||Balasore Municipality,Balasore Municipality,Constn. of Paver block Road and Drain from Mehraj House to Nurul House in Ward No_03 under Balasore Municipality,Pre-Monsoon,2023-04-12,Civil Works - Others,,BM_10_2022_23,2023_ORULB_86252_34,847881.0,847881.0,847881,
177,Odisha,Construction of paver block road and RCC drain at lane and bye lane of Kaibarta sahi in WARD NO_14 under Balasore Municipality,Balasore,,756003,21.5,86.9,Municipal Bodies||Balasore Municipality,Balasore Municipality,Construction of paver block road and RCC drain at lane and bye lane of Kaibarta sahi in WARD NO_14 under Balasore Municipality,Pre-Monsoon,2023-04-15,Civil Works - Others,,BM_11_2022_23,2023_ORULB_86458_36,1509048.68,1874200.0,1588305,
178,Odisha,Constn. of paver block Road with one side drain from Mandal Bagicha Ramai Kali Temple to Nandi Kishore Temple in W.N-07 under Balasore Municipality,Balasore,,756003,21.5,86.9,Municipal Bodies||Balasore Municipality,Balasore Municipality,Constn. of paver block Road with one side drain from Mandal Bagicha Ramai Kali Temple to Nandi Kishore Temple in W.N-07 under Balasore Municipality,Pre-Monsoon,2023-04-21,Civil Works - Others,,BM_11_2022_23,2023_ORULB_86458_7,292276.93,387907.0,328735,
179,Odisha,EXECUTION OF RETROFITTING RPWS SCHEME TO BISHNUPYUR AND 9 NOS. ADJ.VILLAGES (1 PKG) IN BAHANAGA BLOCK OF BALASORE DISTRICT WITH 5 YRS. OM-JJM,Balasore,,756001,21.5,86.9,Rural Water Supply and Sanitation||RWSS Circle Cuttack||RWSS Balasore,O/O EE RWSS DIVISION BALASORE,RPWS WITH RCC ESR,Pre-Monsoon,2023-04-26,Civil Works - Water Works,,TCN NO. 50 DT. 19.01.2023,2023_RWSS_85498_1,90836692.0,90836692.0,96830500,
180,Odisha,Construction of 10 Nos.HP culverts in different stretches on Gunupur-Padmapur road,Bargarh,,765025,26.78333333333333,83.53333333333333,EIC-CIVIL||SERNB-CIRCLE-RAYAGADA||EERNB-DIVN-RAYAGADA NEW,O/O EE RAYAGADA (RANDB) DIVISION II,Construction of 10 Nos. HP culverts in different stretches on Gunupur-Padmapur road,Monsoon,2022-06-28,Civil Works - Roads,,RC (RANDB) RGD No-II 09/2021-22,2021_EICCL_72112_9,2222581.0,2222581.0,2614493,
181,Odisha,Const of road and drain from jhankarabari to dukhu house keshabnagar in ward No-1 of Bargarh Municipality,Bargarh,,768028,26.78333333333333,83.53333333333333,Municipal Bodies||Bargarh Municipal Council,BARGARH MUNICIPALITY,Const of road and drain from jhankarabari to dukhu house keshabnagar in ward No-1 of Bargarh Municipality,Post-Monsoon,2022-11-17,Civil Works - Roads,,4/BGH- MUN/2022-23,2022_ORULB_78379_11,1345210.0,1289750.0,1444478,
182,Odisha,Const of road and drain from Jibardhan Panda to Bab Matha in ward No-1 of Bargarh Municipality,Bargarh,,768028,26.78333333333333,83.53333333333333,Municipal Bodies||Bargarh Municipal Council,BARGARH MUNICIPALITY,Const of road and drain from Jibardhan Panda to Bab Matha in ward No-1 of Bargarh Municipality,Post-Monsoon,2022-11-17,Civil Works - Roads,,4/BGH- MUN/2022-23,2022_ORULB_78379_12,1381365.0,1323146.0,1481869,
183,Odisha,Const. of cc road and drain from Chhatrapati house to BarikBabu house Gali No-2 Nigamananda Bihar in ward No-1 of Bargarh Municipality,Bargarh,,768028,26.78333333333333,83.53333333333333,Municipal Bodies||Bargarh Municipal Council,BARGARH MUNICIPALITY,Const. of cc road and drain from Chhatrapati house to BarikBabu house Gali No-2 Nigamananda Bihar in ward No-1 of Bargarh Municipality,Post-Monsoon,2022-11-18,Civil Works - Roads,,4/BGH- MUN/2022-23,2022_ORULB_78379_13,734545.0,702914.0,787263,
184,Odisha,Const of road drain and slab from sibajisahu house to Sarangi Master house in ward No-14 of Bargarh Municipality,Bargarh,,768028,26.78333333333333,83.53333333333333,Municipal Bodies||Bargarh Municipal Council,BARGARH MUNICIPALITY,Const of road drain and slab from sibajisahu house to Sarangi Master house in ward No-14 of Bargarh Municipality,Post-Monsoon,2022-11-17,Civil Works - Roads,,4/BGH- MUN/2022-23,2022_ORULB_78379_69,1660683.0,1587651.0,1778169,
185,Odisha,Const of road and drain at Subash Nagar from Binod Sahugali to GwalaPada in ward No-14 of Bargarh Municipality,Bargarh,,768028,26.78333333333333,83.53333333333333,Municipal Bodies||Bargarh Municipal Council,BARGARH MUNICIPALITY,Const of road and drain at Subash Nagar from Binod Sahugali to GwalaPada in ward No-14 of Bargarh Municipality,Post-Monsoon,2022-11-17,Civil Works - Roads,,4/BGH- MUN/2022-23,2022_ORULB_78379_70,735951.0,702914.0,787263,
186,Odisha,Construction of C.C road and drain at Gudesira Market Yard under RMC Bargarh,Bargarh,,768038,26.78333333333333,83.53333333333333,Odisha State Agricultural Marketing Board||RMC Bargarh,Office of the RMC Bargarh,cement concrete road and drain work,Post-Monsoon,2022-10-28,Civil Works - Buildings,,RMCBARGARH 03 OF 2022-23,2022_OSAMB_81134_1,2286062.86,2286062.86,2286062,
187,Odisha,Const. of cc road and drain from Narendra Pandit house to Hariram Mahapatra house Ward No-02,Bargarh,,768028,26.78333333333333,83.53333333333333,Municipal Bodies||Bargarh Municipal Council,BARGARH MUNICIPALITY,Const. of cc road and drain from Narendra Pandit house to Hariram Mahapatra house Ward No-02,Pre-Monsoon,2023-04-11,Civil Works - Roads,,10/BGH- MUN/2022-23,2023_ORULB_85372_5,1199199.0,1199199.0,1199296,
188,Odisha,Const. of cc drain from Balitikra to Beheratikra Ward No-2,Bargarh,,768028,26.78333333333333,83.53333333333333,Municipal Bodies||Bargarh Municipal Council,BARGARH MUNICIPALITY,Const. of cc drain from Balitikra to Beheratikra Ward No-2,Pre-Monsoon,2023-04-11,Civil Works - Roads,,10/BGH- MUN/2022-23,2023_ORULB_85372_7,1199199.0,1199199.0,1845071,
189,Odisha,JJPR-02/ 19-20 Protection to scoured bank of Bodak Tinter TRE on Baitarani Left near Pada Creek No.1.,Bhadrak,,756117,21.05,86.55,CE-BMLMB BasinBBSR||SE Eastern CircleCuttack||EE Jajpur Irr DivisionJajpur,O/o the EE Jajpur Irrigation Division Jajpur,Embankment protection,Pre-Monsoon,2022-05-29,Civil Works - Others,,e-Procurement Notice No.01/ 2019-20,2020_CELBB_59016_1,4555535.0,4555535.0,5358823,
190,Odisha,JJPR-06/ 19-20 Protection to scoured Bank of Bodak Tinter Saline Embankment on Baitarani Left near Phuta Nullah.,Bhadrak,,756117,21.05,86.55,CE-BMLMB BasinBBSR||SE Eastern CircleCuttack||EE Jajpur Irr DivisionJajpur,O/o the EE Jajpur Irrigation Division Jajpur,Embankment protection,Pre-Monsoon,2022-05-29,Civil Works - Others,,e-Procurement Notice No.01/ 2019-20,2020_CELBB_59016_3,4543603.0,4543603.0,5344786,
191,Odisha,JJPR-01/ 19-20 Protection to scoured bank of C.E. No.5 (b) A on Baitarani Left near Jasotikiri and Nerada.,Bhadrak,,756122,21.05,86.55,CE-BMLMB BasinBBSR||SE Eastern CircleCuttack||EE Jajpur Irr DivisionJajpur,O/o the EE Jajpur Irrigation Division Jajpur,Canal embankment,Pre-Monsoon,2022-05-29,Civil Works - Canal,,e-Procurement Notice No.01/ 2019-20,2020_CELBB_59018_1,4056980.09,4056980.09,4772356,
192,Odisha,JJPR-15/ 19-20 Restoration to OAE No.11 (abcd) B on Baitarani left from Anandapur to Mallimahara.,Bhadrak,,756117,21.05,86.55,CE-BMLMB BasinBBSR||SE Eastern CircleCuttack||EE Jajpur Irr DivisionJajpur,O/o the EE Jajpur Irrigation Division Jajpur,Canal embankment,Pre-Monsoon,2022-05-29,Civil Works - Canal,,e-Procurement Notice No.01/ 2019-20,2020_CELBB_59018_12,1872526.0,1872526.0,2276215,
193,Odisha,JJPR-17/ 19-20 Protection to right flood bank of river Kochila right near village Upper Sailo Tarei Sahi Lenka Sahi.,Bhadrak,,756117,21.05,86.55,CE-BMLMB BasinBBSR||SE Eastern CircleCuttack||EE Jajpur Irr DivisionJajpur,O/o the EE Jajpur Irrigation Division Jajpur,Embankment protection,Pre-Monsoon,2022-05-29,Civil Works - Others,,e-Procurement Notice No.01/ 2019-20,2020_CELBB_59018_14,1233825.0,1233825.0,1499819,
194,Odisha,JJPR-08/ 19-20 Protection to left flood bank of river Baitarani near Tala Astak Behera Sahi.,Bhadrak,,756117,21.05,86.55,CE-BMLMB BasinBBSR||SE Eastern CircleCuttack||EE Jajpur Irr DivisionJajpur,O/o the EE Jajpur Irrigation Division Jajpur,Embankment protection,Pre-Monsoon,2022-05-29,Civil Works - Others,,e-Procurement Notice No.01/ 2019-20,2020_CELBB_59018_5,3781844.72,3781844.72,4448706,
195,Odisha,Construction of Drain and culvert and installation of RCC slab over old drain from Mahendra Nayak house towards Railway road in Ward No.3,Bhadrak,,756100,21.05,86.55,Municipal Bodies||Bhadrak Municipality,Municipal Council Bhadrak,Construction of Drain and culvert and installation of RCC slab over old drain from Mahendra Nayak house towards Railway road in Ward No.3,Pre-Monsoon,2023-04-24,Civil Works - Others,,BM-BDK-03-2022-23,2023_ORULB_84998_11,791293.0,791293.0,811583,
196,Odisha,Construction of Drain from Kalimulla house towards Madrasa at Durgapur in ward No.29under Devolution Funds 2021-22,Bhadrak,,756100,21.05,86.55,Municipal Bodies||Bhadrak Municipality,Municipal Council Bhadrak,Construction of Drain from Kalimulla house towards Madrasa at Durgapur in ward No.29under Devolution Funds 2021-22,Pre-Monsoon,2023-04-25,Civil Works - Others,,BM-BDK-03-2022-23,2023_ORULB_84998_131,1390000.0,1390000.0,1390000,
197,Odisha,Construction of Drain from Madrasa Garib Nawaz towards River Embakment at Durgapur in ward No.29under Devolution Funds 2021-22,Bhadrak,,756100,21.05,86.55,Municipal Bodies||Bhadrak Municipality,Municipal Council Bhadrak,Construction of Drain from Madrasa Garib Nawaz towards River Embakment at Durgapur in ward No.29under Devolution Funds 2021-22,Pre-Monsoon,2023-04-25,Civil Works - Others,,BM-BDK-03-2022-23,2023_ORULB_84998_132,1321000.0,1321000.0,1321000,
198,Odisha,Construction of Drain from Karuna Mohanty house towards Sarif house via Bhuyan Mohalla Chhak and Masjid to Bhuyan Mohalla Chhak in ward No.29under Devolution Funds 2021-22,Bhadrak,,756100,21.05,86.55,Municipal Bodies||Bhadrak Municipality,Municipal Council Bhadrak,Construction of Drain from Karuna Mohanty house towards Sarif house via Bhuyan Mohalla Chhak and Masjid to Bhuyan Mohalla Chhak in ward No.29under Devolution Funds 2021-22,Pre-Monsoon,2023-04-25,Civil Works - Others,,BM-BDK-03-2022-23,2023_ORULB_84998_133,953425.0,953425.0,1003500,
199,Odisha,Construction of Drain from Dasaratha Sahoo Shop towards Sapta Mandap Chhak at Garadpur in ward No.29under Devolution Funds 2021-22,Bhadrak,,756100,21.05,86.55,Municipal Bodies||Bhadrak Municipality,Municipal Council Bhadrak,Construction of Drain from Dasaratha Sahoo Shop towards Sapta Mandap Chhak at Garadpur in ward No.29under Devolution Funds 2021-22,Pre-Monsoon,2023-04-25,Civil Works - Others,,BM-BDK-03-2022-23,2023_ORULB_84998_134,811385.0,811385.0,854000,
200,Odisha,Construction of RCC drain from Gabasahi Adivasi School towards Bhikari Charan Sethi house in Ward No.7,Bhadrak,,756100,21.05,86.55,Municipal Bodies||Bhadrak Municipality,Municipal Council Bhadrak,Construction of RCC drain from Gabasahi Adivasi School towards Bhikari Charan Sethi house in Ward No.7,Pre-Monsoon,2023-04-21,Civil Works - Others,,BM-BDK-03-2022-23,2023_ORULB_84998_26,1977789.0,1977789.0,1977789,
201,Odisha,Construction of RCC drain from Surendra Mohapatra house towards Kalyani Apartment side main drain in Ward No.7,Bhadrak,,756100,21.05,86.55,Municipal Bodies||Bhadrak Municipality,Municipal Council Bhadrak,Construction of RCC drain from Surendra Mohapatra house towards Kalyani Apartment side main drain in Ward No.7,Pre-Monsoon,2023-04-21,Civil Works - Others,,BM-BDK-03-2022-23,2023_ORULB_84998_27,1358934.0,1358934.0,1358934,
202,Odisha,Construction of paver road and RCC drain from Rabindra Das house towards Janaki Upadhaya house and extension of road towards River Ghat at Upar Bagurai in Ward No.8,Bhadrak,,756100,21.05,86.55,Municipal Bodies||Bhadrak Municipality,Municipal Council Bhadrak,Construction of paver road and RCC drain from Rabindra Das house towards Janaki Upadhaya house and extension of road towards River Ghat at Upar Bagurai in Ward No.8,Pre-Monsoon,2023-04-24,Civil Works - Others,,BM-BDK-03-2022-23,2023_ORULB_84998_34,539879.0,539879.0,546436,
203,Odisha,Construction of RCC drain from Satsang Mandir side culvert towards HDFC Bank in Ward No.9,Bhadrak,,756100,21.05,86.55,Municipal Bodies||Bhadrak Municipality,Municipal Council Bhadrak,Construction of RCC drain from Satsang Mandir side culvert towards HDFC Bank in Ward No.9,Pre-Monsoon,2023-04-24,Civil Works - Others,,BM-BDK-03-2022-23,2023_ORULB_84998_35,1988268.0,1988268.0,1998259,
204,Odisha,Construction of paver road and Renovation of drain from Municipality Market side culvert towards Basanta Padhi house via Kishore Behera and Santosh Malik house at Netaji Nagar in Ward No.10,Bhadrak,,756100,21.05,86.55,Municipal Bodies||Bhadrak Municipality,Municipal Council Bhadrak,Construction of paver road and Renovation of drain from Municipality Market side culvert towards Basanta Padhi house via Kishore Behera and Santosh Malik house at Netaji Nagar in Ward No.10,Pre-Monsoon,2023-04-10,Civil Works - Others,,BM-BDK-03-2022-23,2023_ORULB_84998_41,1689965.0,1689965.0,1689965,
205,Odisha,Construction of paver road and drain from Goutam Panda house towards Mruga Panda via Satyanarayan Panda house towards Tarini Mandir in Ward No.10,Bhadrak,,756100,21.05,86.55,Municipal Bodies||Bhadrak Municipality,Municipal Council Bhadrak,Construction of paver road and drain from Goutam Panda house towards Mruga Panda via Satyanarayan Panda house towards Tarini Mandir in Ward No.10,Pre-Monsoon,2023-04-24,Civil Works - Others,,BM-BDK-03-2022-23,2023_ORULB_84998_42,1343727.0,1343727.0,1343727,
206,Odisha,Construction of CC road near Saroj Das and drain with repair of road from Kedarnath Das house towards Soudamini Dixit and RWSS side main drain at New Colony in Ward No.10,Bhadrak,,756100,21.05,86.55,Municipal Bodies||Bhadrak Municipality,Municipal Council Bhadrak,Construction of CC road near Saroj Das and drain with repair of road from Kedarnath Das house towards Soudamini Dixit and RWSS side main drain at New Colony in Ward No.10,Pre-Monsoon,2023-04-24,Civil Works - Others,,BM-BDK-03-2022-23,2023_ORULB_84998_43,1182406.0,1182406.0,1182406,
207,Odisha,Construction of paver road and drain from Bidyadhar Palai house towards Kirtan Sahoo house and Braja Bal house towards Ajaya Mohanty house at Prafulla Nagar in Ward No.10,Bhadrak,,756100,21.05,86.55,Municipal Bodies||Bhadrak Municipality,Municipal Council Bhadrak,Construction of paver road and drain from Bidyadhar Palai house towards Kirtan Sahoo house and Braja Bal house towards Ajaya Mohanty house at Prafulla Nagar in Ward No.10,Pre-Monsoon,2023-04-24,Civil Works - Others,,BM-BDK-03-2022-23,2023_ORULB_84998_44,1167061.0,1167061.0,1167061,
208,Odisha,Maintenance of road and road crossing drain from State Bank ATM side road towards Tapan Kumar Bhowmik house (Apartibindha Elkha main road) and towards Bijay Kumar Barik via Apartibindha UP School in Ward No.13,Bhadrak,,756100,21.05,86.55,Municipal Bodies||Bhadrak Municipality,Municipal Council Bhadrak,Maintenance of road and road crossing drain from State Bank ATM side road towards Tapan Kumar Bhowmik house (Apartibindha Elkha main road) and towards Bijay Kumar Barik via Apartibindha UP School in Ward No.13,Pre-Monsoon,2023-04-21,Civil Works - Others,,BM-BDK-03-2022-23,2023_ORULB_84998_55,2612218.0,2612218.0,2612218,
209,Odisha,Construction of paver road and drain and retaining wall inside Ekta Market in front of Sulabha Sauchalaya at Kacheri Bazar in Ward No.13,Bhadrak,,756100,21.05,86.55,Municipal Bodies||Bhadrak Municipality,Municipal Council Bhadrak,Construction of paver road and drain and retaining wall inside Ekta Market in front of Sulabha Sauchalaya at Kacheri Bazar in Ward No.13,Pre-Monsoon,2023-04-21,Civil Works - Others,,BM-BDK-03-2022-23,2023_ORULB_84998_57,1141403.0,1141403.0,1141403,
210,Odisha,Construction of drain from Gopinath Panda house towards Sanatan Mohanty house and road with retaining wall from Prafulla Das house towards Saptaghar Chhak at Elkha in Ward No.13,Bhadrak,,756100,21.05,86.55,Municipal Bodies||Bhadrak Municipality,Municipal Council Bhadrak,Construction of drain from Gopinath Panda house towards Sanatan Mohanty house and road with retaining wall from Prafulla Das house towards Saptaghar Chhak at Elkha in Ward No.13,Pre-Monsoon,2023-04-21,Civil Works - Others,,BM-BDK-03-2022-23,2023_ORULB_84998_58,1099305.0,1099305.0,1099305,
211,Odisha,Construction of RCC drain and renovation of road from Aditya Prasad Malik house towards Sanskruti Bhawan and Extension of road back side of Collectorate in Ward No.13,Bhadrak,,756100,21.05,86.55,Municipal Bodies||Bhadrak Municipality,Municipal Council Bhadrak,Construction of RCC drain and renovation of road from Aditya Prasad Malik house towards Sanskruti Bhawan and Extension of road back side of Collectorate in Ward No.13,Pre-Monsoon,2023-04-21,Civil Works - Others,,BM-BDK-03-2022-23,2023_ORULB_84998_59,1020370.0,1020370.0,1020370,
212,Odisha,Construction of RCC drain and road from Mehmood Rabbi house towards Bancha Dey house via Mohammad Ali Rahbar house in Ward No.14,Bhadrak,,756100,21.05,86.55,Municipal Bodies||Bhadrak Municipality,Municipal Council Bhadrak,Construction of RCC drain and road from Mehmood Rabbi house towards Bancha Dey house via Mohammad Ali Rahbar house in Ward No.14,Pre-Monsoon,2023-04-10,Civil Works - Others,,BM-BDK-03-2022-23,2023_ORULB_84998_61,1244474.0,1244474.0,1244474,
213,Odisha,Construction of Drain from Jamser house towards Sankerpur Main Road in ward No.20under Devolution Funds 2021-22,Bhadrak,,756100,21.05,86.55,Municipal Bodies||Bhadrak Municipality,Municipal Council Bhadrak,Construction of Drain from Jamser house towards Sankerpur Main Road in ward No.20under Devolution Funds 2021-22,Pre-Monsoon,2023-04-25,Civil Works - Others,,BM-BDK-03-2022-23,2023_ORULB_84998_90,530000.0,530000.0,530000,
214,Odisha,Construction of Drain from Madhu house towards Bishnu Mallick house in ward No.20under Devolution Funds 2021-22,Bhadrak,,756100,21.05,86.55,Municipal Bodies||Bhadrak Municipality,Municipal Council Bhadrak,Construction of Drain from Madhu house towards Bishnu Mallick house in ward No.20under Devolution Funds 2021-22,Pre-Monsoon,2023-04-25,Civil Works - Others,,BM-BDK-03-2022-23,2023_ORULB_84998_91,374000.0,374000.0,374000,
215,Odisha,Construction of Drain from Farid house towards Alam house Patana Sahi Main Road in ward No.20under Devolution Funds 2021-22,Bhadrak,,756100,21.05,86.55,Municipal Bodies||Bhadrak Municipality,Municipal Council Bhadrak,Construction of Drain from Farid house towards Alam house Patana Sahi Main Road in ward No.20under Devolution Funds 2021-22,Pre-Monsoon,2023-04-25,Civil Works - Others,,BM-BDK-03-2022-23,2023_ORULB_84998_92,227000.0,227000.0,227000,
216,Odisha,Construction of Drain from Dayan house to Lalu house in ward No.20under Devolution Funds 2021-22,Bhadrak,,756100,21.05,86.55,Municipal Bodies||Bhadrak Municipality,Municipal Council Bhadrak,Construction of Drain from Dayan house to Lalu house in ward No.20under Devolution Funds 2021-22,Pre-Monsoon,2023-04-25,Civil Works - Others,,BM-BDK-03-2022-23,2023_ORULB_84998_93,177000.0,177000.0,177000,
217,Odisha,Construction of Drain from Amin house towards Seraj house in ward No.20under Devolution Funds 2021-22,Bhadrak,,756100,21.05,86.55,Municipal Bodies||Bhadrak Municipality,Municipal Council Bhadrak,Construction of Drain from Amin house towards Seraj house in ward No.20under Devolution Funds 2021-22,Pre-Monsoon,2023-04-25,Civil Works - Others,,BM-BDK-03-2022-23,2023_ORULB_84998_94,135000.0,135000.0,135000,
218,Odisha,Construction of RCC drain with slab from Dasaratha Sahoo House to Siba Durga School at Panchapada in W. no.-04,Bhadrak,,756133,21.05,86.55,Municipal Bodies||Chandbali NAC,Chandabali NAC Chandabali.,Construction of RCC drain with slab from Dasaratha Sahoo House to Siba Durga School at Panchapada in W. no.-04,Pre-Monsoon,2023-04-23,Civil Works - Others,,CN/05 /2022-23,2023_ORULB_86019_11,850194.89,850194.89,1000000,
219,Odisha,Construction of Protection Wall for Bedi Pokhari at side of Mohanty Sahi in W. no.-04,Bhadrak,,756133,21.05,86.55,Municipal Bodies||Chandbali NAC,Chandabali NAC Chandabali.,Construction of Protection Wall for Bedi Pokhari at side of Mohanty Sahi in W. no.-04,Pre-Monsoon,2023-04-23,Civil Works - Others,,CN/05 /2022-23,2023_ORULB_86019_12,1275571.92,1275571.92,1500000,
220,Odisha,Construction of Drain with slab from Madan Mohan Temple to Chatara in W. no.-05,Bhadrak,,756133,21.05,86.55,Municipal Bodies||Chandbali NAC,Chandabali NAC Chandabali.,Construction of Drain with slab from Madan Mohan Temple to Chatara in W. no.-05,Pre-Monsoon,2023-04-23,Civil Works - Others,,CN/05 /2022-23,2023_ORULB_86019_14,1280676.27,1280676.27,1500000,
221,Odisha,Construction of RCC Drain and Pavour Road from Sukanta Das House to Mallik Babu House at Jagannath Colony in W. no.-05,Bhadrak,,756133,21.05,86.55,Municipal Bodies||Chandbali NAC,Chandabali NAC Chandabali.,Construction of RCC Drain and Pavour Road from Sukanta Das House to Mallik Babu House at Jagannath Colony in W. no.-05,Pre-Monsoon,2023-04-23,Civil Works - Others,,CN/05 /2022-23,2023_ORULB_86019_15,680140.99,680140.99,800000,
222,Odisha,Construction of RCC Drain with slab from Barehimpur Temple to Madan Mohan Temple in W. no.-05,Bhadrak,,756133,21.05,86.55,Municipal Bodies||Chandbali NAC,Chandabali NAC Chandabali.,Construction of RCC Drain with slab from Barehimpur Temple to Madan Mohan Temple in W. no.-05,Pre-Monsoon,2023-04-23,Civil Works - Others,,CN/05 /2022-23,2023_ORULB_86019_16,1702661.6,1702661.6,2000000,
223,Odisha,Construction of RCC Drain with 2nos Culvert from Indramani Sahoo Shop Towards Nitya Biswal Shop at Shastri Ghat in W. no.-06,Bhadrak,,756133,21.05,86.55,Municipal Bodies||Chandbali NAC,Chandabali NAC Chandabali.,Construction of RCC Drain with 2nos Culvert from Indramani Sahoo Shop Towards Nitya Biswal Shop at Shastri Ghat in W. no.-06,Pre-Monsoon,2023-04-23,Civil Works - Others,,CN/05 /2022-23,2023_ORULB_86019_18,1700232.92,1700232.92,2000000,
224,Odisha,Construction of Pavour Block Road and Drain B.C .Road towards Papu Arts House in W. no.-06,Bhadrak,,756133,21.05,86.55,Municipal Bodies||Chandbali NAC,Chandabali NAC Chandabali.,Construction of Pavour Block Road and Drain B.C .Road towards Papu Arts House in W. no.-06,Pre-Monsoon,2023-04-23,Civil Works - Others,,CN/05 /2022-23,2023_ORULB_86019_20,1318097.18,1318097.18,1550000,
225,Odisha,Construction of RCC Drain from RMC Godown to Ice Factory at Shastri Ghat Road in W. no.-07,Bhadrak,,756133,21.05,86.55,Municipal Bodies||Chandbali NAC,Chandabali NAC Chandabali.,Construction of RCC Drain from RMC Godown to Ice Factory at Shastri Ghat Road in W. no.-07,Pre-Monsoon,2023-04-23,Civil Works - Others,,CN/05 /2022-23,2023_ORULB_86019_22,1487928.11,1487928.11,1750000,
226,Odisha,Repair and Restoration to Neheru Park Chandbali NAC.,Bhadrak,,756133,21.05,86.55,Municipal Bodies||Chandbali NAC,Chandabali NAC Chandabali.,Repair and Restoration to Neheru Park Chandbali NAC.,Pre-Monsoon,2023-04-23,Civil Works - Others,,CN/05 /2022-23,2023_ORULB_86019_24,765570.28,765570.28,900000,
227,Odisha,Construction of R C C Drain with slab Near House of Susanta Mandal at Bada Bazar in W. no.-07,Bhadrak,,756133,21.05,86.55,Municipal Bodies||Chandbali NAC,Chandabali NAC Chandabali.,Construction of R C C Drain with slab Near House of Susanta Mandal at Bada Bazar in W. no.-07,Pre-Monsoon,2023-04-23,Civil Works - Others,,CN/05 /2022-23,2023_ORULB_86019_25,297920.7,297920.7,350000,
228,Odisha,Construction of RCC Drain with Slab and C C Road from Munna Mishra House to Bira Behera House At Bada Bazar in W.no 07,Bhadrak,,756133,21.05,86.55,Municipal Bodies||Chandbali NAC,Chandabali NAC Chandabali.,Construction of RCC Drain with Slab and C C Road from Munna Mishra House to Bira Behera House At Bada Bazar in W.no. 07,Pre-Monsoon,2023-04-23,Civil Works - Others,,CN/05 /2022-23,2023_ORULB_86019_26,765402.32,765402.32,900000,
229,Odisha,Construction of Protection Wall at Deuligaon Nua Pokhari in W No 01,Bhadrak,,756133,21.05,86.55,Municipal Bodies||Chandbali NAC,Chandabali NAC Chandabali.,Construction of Protection Wall at Deuligaon Nua Pokhari in W. No 01,Pre-Monsoon,2023-04-22,Civil Works - Others,,CN/05 /2022-23,2023_ORULB_86019_3,850425.04,850425.04,1000000,
230,Odisha,Construction of RCC Drain with slab From Mian Pokhari towards Juti Nali in W. no.-10,Bhadrak,,756133,21.05,86.55,Municipal Bodies||Chandbali NAC,Chandabali NAC Chandabali.,Construction of RCC Drain with slab From Mian Pokhari towards Juti Nali in W. no.-10,Pre-Monsoon,2023-04-23,Civil Works - Others,,CN/05 /2022-23,2023_ORULB_86019_31,1700382.21,1700382.21,2000000,
231,Odisha,Construction of RCC Drain with slab from Mian Pokhari towards Kali Mandir Smasana in W. no.-10,Bhadrak,,756133,21.05,86.55,Municipal Bodies||Chandbali NAC,Chandabali NAC Chandabali.,Construction of RCC Drain with slab from Mian Pokhari towards Kali Mandir Smasana in W. no.-10,Pre-Monsoon,2023-04-23,Civil Works - Others,,CN/05 /2022-23,2023_ORULB_86019_32,1275523.36,1275523.36,1500000,
232,Odisha,Construction of Retaining wall and Road for Mian Pokhari in W. no.-10,Bhadrak,,756133,21.05,86.55,Municipal Bodies||Chandbali NAC,Chandabali NAC Chandabali.,Construction of Retaining wall and Road for Mian Pokhari in W. no.-10,Pre-Monsoon,2023-04-23,Civil Works - Others,,CN/05 /2022-23,2023_ORULB_86019_33,1275571.92,1275571.92,1500000,
233,Odisha,Construction of RCC Drain and C C Road from Bida Jena House to AWC at Goladia Jena Sahi in W. no.-13,Bhadrak,,756133,21.05,86.55,Municipal Bodies||Chandbali NAC,Chandabali NAC Chandabali.,Construction of RCC Drain and C C Road from Bida Jena House to AWC at Goladia Jena Sahi in W. no.-13,Pre-Monsoon,2023-04-24,Civil Works - Others,,CN/05 /2022-23,2023_ORULB_86019_42,935183.06,935183.06,1100000,
234,Odisha,Construction of C C Road and RCC Drain with slab from Srikanta Mohalik House to Sashikanta Mohalik House at Rampalli in W. no-15,Bhadrak,,756133,21.05,86.55,Municipal Bodies||Chandbali NAC,Chandabali NAC Chandabali.,Construction of C C Road and RCC Drain with slab from Srikanta Mohalik House to Sashikanta Mohalik House at Rampalli in W. no-15,Pre-Monsoon,2023-04-24,Civil Works - Others,,CN/05 /2022-23,2023_ORULB_86019_48,1122188.42,1122188.42,1320000,
235,Odisha,Construction of Pavour Road and C C Drain from B. C .Road Kakharudiha Mohanty Sahi in W. no.-02,Bhadrak,,756133,21.05,86.55,Municipal Bodies||Chandbali NAC,Chandabali NAC Chandabali.,Construction of Pavour Road and C C Drain from B. C .Road Kakharudiha Mohanty Sahi in W. no.-02,Pre-Monsoon,2023-04-23,Civil Works - Others,,CN/05 /2022-23,2023_ORULB_86019_6,646171.83,646171.83,760000,
236,Odisha,Construction of C.C Drain and Road Reparing Near Anand Naik res W.No.19,Bolangir,,767001,20.666666666666668,83.5,Municipal Bodies||Balangir Municipality,Office of the Municipal Council Balangir,Construction of C.C Drain and Road Reparing Near Anand Naik res W.No.19,Post-Monsoon,2022-10-27,Civil Works - Others,,BLGR MPTY/06(01-63)/2018-19,2019_ORULB_52794_45,151915.84,151915.84,200000,
237,Odisha,Const.of Culvert Infront of Akrura Acharya resRugudipada W.No.19,Bolangir,,767001,20.666666666666668,83.5,Municipal Bodies||Balangir Municipality,Office of the Municipal Council Balangir,Const.of Culvert Infront of Akrura Acharya resRugudipada W.No.19,Post-Monsoon,2022-10-27,Civil Works - Others,,BLGR MPTY/06(01-63)/2018-19,2019_ORULB_52794_52,227503.92,227503.92,300000,
238,Odisha,Minor repair painting installation of asset board other sign boards repair of bridge and approach road for the work- Const. of S.B.over Nehera Nallaha at 11 th K.M. on Bhatipada-Lebda road for the year 2021-22,Bolangir,,767042,20.666666666666668,83.5,CE RW I||RWCIRCLE-BALANGIR||RWDIVISION-TITLAGARH,O/o the S.E.R.W.DivisionTitilagarh,Minor repair painting installation of asset board other sign boards repair of bridge and approach road for the work- Const. of S.B.over Nehera Nallaha at 11 th K.M. on Bhatipada-Lebda road for the year 2021-22,Pre-Monsoon,2022-04-21,Civil Works - Bridges,,EEITG-ONLINE-04/2021-22,2021_CERWI_73856_1,187444.0,187444.0,220496,
239,Odisha,Minor repair painting installation of asset board other sign boards repair of bridge and approach road for the work- Const. of H.L Bridge Over River Tel at 14th Km on Titilagarh Lutherbandh road for the year 2021-22,Bolangir,,767042,20.666666666666668,83.5,CE RW I||RWCIRCLE-BALANGIR||RWDIVISION-TITLAGARH,O/o the S.E.R.W.DivisionTitilagarh,Minor repair painting installation of asset board other sign boards repair of bridge and approach road for the work- Const. of H.L Bridge Over River Tel at 14th Km on Titilagarh Lutherbandh road for the year 2021-22,Pre-Monsoon,2022-04-21,Civil Works - Bridges,,EEITG-ONLINE-04/2021-22,2021_CERWI_73856_2,188150.0,188150.0,221327,
240,Odisha,Minor repair painting installation of asset board other sign boards repair of bridge and approach road for the work- Construction Bridge over Khagsa Nallah on Khagsa to Salepada road for the year 2021-22,Bolangir,,767042,20.666666666666668,83.5,CE RW I||RWCIRCLE-BALANGIR||RWDIVISION-TITLAGARH,O/o the S.E.R.W.DivisionTitilagarh,Minor repair painting installation of asset board other sign boards repair of bridge and approach road for the work- Construction Bridge over Khagsa Nallah on Khagsa to Salepada road for the year 2021-22,Pre-Monsoon,2022-04-21,Civil Works - Buildings,,EEITG-ONLINE-04/2021-22,2021_CERWI_73856_20,187945.0,187945.0,221086,
241,Odisha,Minor repair painting installation of asset board other sign boards repair of bridge and approach road for the work- Const. of Bridge over Ghagarajore nallah at 3rd km on Tureikela to Badabanki for the year 2021-22,Bolangir,,767042,20.666666666666668,83.5,CE RW I||RWCIRCLE-BALANGIR||RWDIVISION-TITLAGARH,O/o the S.E.R.W.DivisionTitilagarh,Minor repair painting installation of asset board other sign boards repair of bridge and approach road for the work- Const. of Bridge over Ghagarajore nallah at 3rd km on Tureikela to Badabanki for the year 2021-22,Pre-Monsoon,2022-04-21,Civil Works - Bridges,,EEITG-ONLINE-04/2021-22,2021_CERWI_73856_21,187981.0,187981.0,221128,
242,Odisha,Minor repair painting installation of asset boart other sign boards repair of bridge and approach road for the work- Bridge over Tentulikhunti Nallah on Haldi-Muribahal Via- Tentulikhunti Road for the year 2021-22,Bolangir,,767042,20.666666666666668,83.5,CE RW I||RWCIRCLE-BALANGIR||RWDIVISION-TITLAGARH,O/o the S.E.R.W.DivisionTitilagarh,Minor repair painting installation of asset boart other sign boards repair of bridge and approach road for the work- Bridge over Tentulikhunti Nallah on Haldi-Muribahal Via- Tentulikhunti Road for the year 2021-22,Pre-Monsoon,2022-04-22,Civil Works - Bridges,,EEITG-ONLINE-04/2021-22,2021_CERWI_73856_22,184428.0,184428.0,216948,
243,Odisha,Minor repair painting installation of asset board other sign boards repair of bridge and approach road for the work- Bridge over Tangjore Nallah on Sindheikela -Themra road for the year 2021-22,Bolangir,,767042,20.666666666666668,83.5,CE RW I||RWCIRCLE-BALANGIR||RWDIVISION-TITLAGARH,O/o the S.E.R.W.DivisionTitilagarh,Minor repair painting installation of asset board other sign boards repair of bridge and approach road for the work- Bridge over Tangjore Nallah on Sindheikela -Themra road for the year 2021-22,Pre-Monsoon,2022-04-22,Civil Works - Bridges,,EEITG-ONLINE-04/2021-22,2021_CERWI_73856_23,188234.0,188234.0,221426,
244,Odisha,Minor repair painting installation of asset board other sign boards repair of bridge and approach road for the work- Bridge over Bagbahal Nallah on PWD road to Bhuslad road for the year 2021-22,Bolangir,,767042,20.666666666666668,83.5,CE RW I||RWCIRCLE-BALANGIR||RWDIVISION-TITLAGARH,O/o the S.E.R.W.DivisionTitilagarh,Minor repair painting installation of asset board other sign boards repair of bridge and approach road for the work- Bridge over Bagbahal Nallah on PWD road to Bhuslad road for the year 2021-22,Pre-Monsoon,2022-04-22,Civil Works - Bridges,,EEITG-ONLINE-04/2021-22,2021_CERWI_73856_24,187938.0,187938.0,221078,
245,Odisha,Minor repair painting installation of asset board other sign boards repair of bridge and approach road for the work- Bridge over Suwapara Nallah on Suwapara to Dumerbahal road for the year 2021-22,Bolangir,,767042,20.666666666666668,83.5,CE RW I||RWCIRCLE-BALANGIR||RWDIVISION-TITLAGARH,O/o the S.E.R.W.DivisionTitilagarh,Minor repair painting installation of asset board other sign boards repair of bridge and approach road for the work- Bridge over Suwapara Nallah on Suwapara to Dumerbahal road for the year 2021-22,Pre-Monsoon,2022-04-22,Civil Works - Bridges,,EEITG-ONLINE-04/2021-22,2021_CERWI_73856_25,187697.0,187697.0,220794,
246,Odisha,Minor repair painting installation of asset board other sign boards repair of bridge and approach road for the work- Bridge over Nagmani jore Nallah on Themra to Lebda road for the year 2021-22,Bolangir,,767042,20.666666666666668,83.5,CE RW I||RWCIRCLE-BALANGIR||RWDIVISION-TITLAGARH,O/o the S.E.R.W.DivisionTitilagarh,Minor repair painting installation of asset board other sign boards repair of bridge and approach road for the work- Bridge over Nagmani jore Nallah on Themra to Lebda road for the year 2021-22,Pre-Monsoon,2022-04-22,Civil Works - Bridges,,EEITG-ONLINE-04/2021-22,2021_CERWI_73856_26,300430.0,300430.0,353406,
247,Odisha,Minor repair painting installation of asset board other sign boards repair of bridge and approach road for the work- Bridge over Teleijore Nallah on Ledapadar Chaulsuka road for the year 2021-22,Bolangir,,767042,20.666666666666668,83.5,CE RW I||RWCIRCLE-BALANGIR||RWDIVISION-TITLAGARH,O/o the S.E.R.W.DivisionTitilagarh,Minor repair painting installation of asset board other sign boards repair of bridge and approach road for the work- Bridge over Teleijore Nallah on Ledapadar Chaulsuka road for the year 2021-22,Pre-Monsoon,2022-04-22,Civil Works - Bridges,,EEITG-ONLINE-04/2021-22,2021_CERWI_73856_27,300679.0,300679.0,353698,
248,Odisha,Minor repair painting installation of asset board other sign boards repair of bridge and approach road for the work- Bridge over Chalki Nallah on Chalki to Karla roadfor the year 2021-22,Bolangir,,767042,20.666666666666668,83.5,CE RW I||RWCIRCLE-BALANGIR||RWDIVISION-TITLAGARH,O/o the S.E.R.W.DivisionTitilagarh,Minor repair painting installation of asset board other sign boards repair of bridge and approach road for the work- Bridge over Chalki Nallah on Chalki to Karla roadfor the year 2021-22,Pre-Monsoon,2022-04-22,Civil Works - Bridges,,EEITG-ONLINE-04/2021-22,2021_CERWI_73856_28,222604.0,222604.0,261856,
249,Odisha,Minor repair painting installation of asset board other sign boards repair of bridge and approach road for the work- Bridge over Silsati Nallah on Makripada to Badudar road for the year 2021-22,Bolangir,,767042,20.666666666666668,83.5,CE RW I||RWCIRCLE-BALANGIR||RWDIVISION-TITLAGARH,O/o the S.E.R.W.DivisionTitilagarh,Minor repair painting installation of asset board other sign boards repair of bridge and approach road for the work- Bridge over Silsati Nallah on Makripada to Badudar road for the year 2021-22,Pre-Monsoon,2022-04-22,Civil Works - Bridges,,EEITG-ONLINE-04/2021-22,2021_CERWI_73856_29,225041.0,225041.0,264723,
250,Odisha,Minor repair painting installation of asset board other sign boards repair of bridge and approach road for the work- Const. of S.B. over Satabahani nallah at 13th km on Titilagarh - Muribahal roadfor the year 2021-22,Bolangir,,767042,20.666666666666668,83.5,CE RW I||RWCIRCLE-BALANGIR||RWDIVISION-TITLAGARH,O/o the S.E.R.W.DivisionTitilagarh,Minor repair painting installation of asset board other sign boards repair of bridge and approach road for the work- Const. of S.B. over Satabahani nallah at 13th km on Titilagarh - Muribahal roadfor the year 2021-22,Pre-Monsoon,2022-04-21,Civil Works - Bridges,,EEITG-ONLINE-04/2021-22,2021_CERWI_73856_3,188087.0,188087.0,221253,
251,Odisha,Minor repair painting installation of asset board other sign boards repair of bridge and approach road for the work- Bridge over Ichhapara Nallah on PWD road to Ichhapara road for the year 2021-22,Bolangir,,767042,20.666666666666668,83.5,CE RW I||RWCIRCLE-BALANGIR||RWDIVISION-TITLAGARH,O/o the S.E.R.W.DivisionTitilagarh,Minor repair painting installation of asset board other sign boards repair of bridge and approach road for the work- Bridge over Ichhapara Nallah on PWD road to Ichhapara road for the year 2021-22,Pre-Monsoon,2022-04-22,Civil Works - Bridges,,EEITG-ONLINE-04/2021-22,2021_CERWI_73856_30,187720.0,187720.0,220821,
252,Odisha,Construction of Box cell culvert and approach both side at left approach of Sonegarh Bridge at 35/050 knm on B-A-T-D road in the district of Balangir under state plan for the year 2021-22.,Bolangir,,767001,20.666666666666668,83.5,EIC-CIVIL||SERNB-CIRCLE-BOLANGIR,O/o CCE Balangir (R and B) Circle Balangir,Culvert Work,Pre-Monsoon,2022-04-07,Civil Works - Bridges,,CCE (R and B) BGR-07-2021-22,2021_EICCL_73361_5,14867263.0,14867263.0,17488840,
253,Odisha,CONSTRUCTION OF SUB-BASE FORMATION FOR MAIN ROAD AND BRANCH ROAD INCLUDING CROSS DRAINAGE WORKS ( BOX CULVERTS) IN RR COLONY OF LSIP BALANGIR AT BAGDIA,Bolangir,,767002,20.666666666666668,83.5,CCE L Suktel Irr.ProjectBolangir||CCEL SukhtelBolangir,O/o the CCELSPBALANGIR,CONSTRUCTION OF SUB-BASE FORMATION FOR MAIN ROAD AND BRANCH ROAD INCLUDING CROSS DRAINAGE WORKS ( BOX CULVERTS) IN RR COLONY OF LSIP BALANGIR AT BAGDIA,Pre-Monsoon,2022-05-31,Civil Works - Roads,,01/2022-23 of CCELSPBALANGIR,2022_CEEBO_76816_1,15726382.24,15726382.24,18499450,
254,Odisha,CONSTRUCTION OF CEMENT CONCRETE DRAIN OF MAIN AND BRANCH ROAD IN RR COLONY LARKIPALI AND SADEIPALI(BLOCK-C) OF LSIP BALANGIR,Bolangir,,767002,20.666666666666668,83.5,CCE L Suktel Irr.ProjectBolangir||CCEL SukhtelBolangir,O/o the CCELSP Balangir.,CONSTRUCTION OF CEMENT CONCRETE DRAIN OF MAIN AND BRANCH ROAD IN RR COLONY LARKIPALI AND SADEIPALI(BLOCK-C) OF LSIP BALANGIR,Monsoon,2022-06-18,Civil Works - Others,,03/2022-23 of CCELSPBalangir,2022_CEEBO_77141_1,9726901.0,9726901.0,11442067,
255,Odisha,CONSTRUCTION OF CEMENT CONCRETE DRAIN OF MAIN AND BRANCH ROAD IN RR COLONY LARKIPALI AND SADEIPALI (BLOCK-E) OF LSIP BALANGIR.,Bolangir,,767002,20.666666666666668,83.5,CCE L Suktel Irr.ProjectBolangir||CCEL SukhtelBolangir,OFFICE OF THE CCE LSIP BALANGIR,CONSTRUCTION OF CEMENT CONCRETE DRAIN OF MAIN AND BRANCH ROAD IN RR COLONY LARKIPALI AND SADEIPALI (BLOCK-E) OF LSIP BALANGIR.,Monsoon,2022-07-05,Civil Works - Others,,04/2022-23 of CCELSPBalangir,2022_CEEBO_77392_1,12957035.0,12957035.0,15241777,
256,Odisha,CONSTRUCTION OF SUB-BASE FORMATION FOR MAIN ROAD AND BRANCH ROAD INCLUDING CROSS DRAINAGE WORKS(BOX CULVERTS)IN RR COLONY OF LSIP BALANGIR AT HARDATAL,Bolangir,,767002,20.666666666666668,83.5,CCE L Suktel Irr.ProjectBolangir||CCEL SukhtelBolangir,O/O THE CCELSP BALANGIR,CONSTRUCTION OF SUB-BASE FORMATION FOR MAIN ROAD AND BRANCH ROAD INCLUDING CROSS DRAINAGE WORKS(BOX CULVERTS) IN RR COLONY OF LSIP BALANGIR AT HARDATAL,Monsoon,2022-07-29,Civil Works - Roads,,05/2022-23 of CCELSPBalangir,2022_CEEBO_79003_1,9668352.0,9668352.0,11373193,
257,Odisha,SR to MDR-40 to Kurlubhata road -Const. of Slab Culvert at ch. 0.900km- for the year 2021-22,Bolangir,,767042,20.666666666666668,83.5,CE RW I||RWCIRCLE-BALANGIR||RWDIVISION-TITLAGARH,O/o the S.E.R.W.DivisionTitilagarh,SR to MDR-40 to Kurlubhata road -Const. of Slab Culvert at ch. 0.900km- for the year 2021-22,Pre-Monsoon,2022-04-21,Civil Works - Roads,,EETIG-ONLINE-08/2021-22,2022_CERWI_76212_5,833142.0,833142.0,980052,
258,Odisha,Installation of Recharge Shafts and Monitoring Station at 15 Locations under Sonepur block of Subarnapur and Loisinga block of Bolangir District,Bolangir,,767002,20.666666666666668,83.5,Ground Water Survey and Investigation,Bolangir,Installation of Recharge Shafts and Monitoring Station at 15 Locations under Sonepur block of Subarnapur and Loisinga block of Bolangir District,Post-Monsoon,2022-12-16,Civil Works - Others,,01/GWBLG/ARUA/2022-23,2022_GWSI_83007_1,2579438.0,2579438.0,2579438,
259,Odisha,Construction of Recharge shaft in Tanks and ponds at 23 locations of BargarhBhatli and Jharbandh Block of Bargarh District,Bolangir,,767002,20.666666666666668,83.5,Ground Water Survey and Investigation,Bolangir,Construction of Recharge shaft in Tanks and ponds at 23 locations of BargarhBhatli and Jharbandh Block of Bargarh District,Post-Monsoon,2023-01-12,Civil Works - Others,,02/GWBLG/ARUA/2022-23,2022_GWSI_84421_1,3908924.0,3908924.0,3956000,
260,Odisha,IMPROVEMENT OF ROAD and DRAIN FROM KISHAN SONI HOUSE TO KIRAN TANDI HOUJSE IN SIPKA PADA IN WARD NO-10,Bolangir,,767039,20.666666666666668,83.5,Municipal Bodies||Kantabanji NAC,NAC OFFICE,IMPROVEMENT OF ROAD and DRAIN FROM KISHAN SONI HOUSE TO KIRAN TANDI HOUJSE IN SIPKA PADA IN WARD NO-10,Post-Monsoon,2022-12-17,Civil Works - Others,,10_04.01.2022_NACKBJ,2022_ORULB_75461_1,1748562.94,1748562.94,1748562,
261,Odisha,6. Construction of Bathamunda Check Dam over Laxmijore Nalla near Village Laitara in Titilagarh Block of Balangir District under MATY scheme for the year 2022-23,Bolangir,,767033,20.666666666666668,83.5,CEMinor IrrigationBBSR||SEKBKMIC-BHAWANIPATNA||BOLANGIR,O/o the Executive EngineerM.I. DivisionBalangir,Construction of Bathamunda Check Dam over Laxmijore Nalla near Village Laitara in Titilagarh Block of Balangir District under MATY scheme for the year 2022-23,Pre-Monsoon,2023-03-13,Civil Works - Others,Construction of New Check Dam,MIBLGR/09 of 2022-23 (2),2023_CEMIB_84946_3,4582323.08,4582323.08,5390335,
262,Odisha,Improvement of Road and Drain near Suman Satapathy ResW.No.13,Bolangir,,767001,20.666666666666668,83.5,Municipal Bodies||Balangir Municipality,Office of the Municipal Council Balangir,Road and Drain Work,Pre-Monsoon,2023-04-06,Civil Works - Roads,,BLGR MPTY/07(01-18)/2022-23,2023_ORULB_85973_10,586029.0,586029.0,700000,
263,Odisha,Improvement of Road and Drain from Chandra Sahu Res. to Sanjib Sahu Res. Sagar Colony W.No.14,Bolangir,,767001,20.666666666666668,83.5,Municipal Bodies||Balangir Municipality,Office of the Municipal Council Balangir,Road and Drain Work,Pre-Monsoon,2023-04-06,Civil Works - Roads,,BLGR MPTY/07(01-18)/2022-23,2023_ORULB_85973_11,718277.07,718277.07,1000000,
264,Odisha,Construction of Road and Drain from Gobardhan Pradhan Res. to Mina Sharma ResW.No.16,Bolangir,,767001,20.666666666666668,83.5,Municipal Bodies||Balangir Municipality,Office of the Municipal Council Balangir,Road and Drain Work,Pre-Monsoon,2023-04-06,Civil Works - Roads,,BLGR MPTY/07(01-18)/2022-23,2023_ORULB_85973_13,431210.27,431210.27,600000,
265,Odisha,Construction of Road and Drain at Santosh Pradhan Gali from Suresh Joshi to backside of Thanapati ResW.No.16,Bolangir,,767001,20.666666666666668,83.5,Municipal Bodies||Balangir Municipality,Office of the Municipal Council Balangir,Road and Drain Work,Pre-Monsoon,2023-04-06,Civil Works - Roads,,BLGR MPTY/07(01-18)/2022-23,2023_ORULB_85973_14,359306.19,359306.19,500000,
266,Odisha,Construction of Drain from Santosh Panda Res. to Main DrainW.No.16,Bolangir,,767001,20.666666666666668,83.5,Municipal Bodies||Balangir Municipality,Office of the Municipal Council Balangir,Drain Work,Pre-Monsoon,2023-04-06,Civil Works - Others,,BLGR MPTY/07(01-18)/2022-23,2023_ORULB_85973_15,359343.71,359343.71,500000,
267,Odisha,Construction of Road and Drain near Indramani Sahu Res. Palace LineW.No.20,Bolangir,,767001,20.666666666666668,83.5,Municipal Bodies||Balangir Municipality,Office of the Municipal Council Balangir,Road and Drain Work,Pre-Monsoon,2023-04-06,Civil Works - Roads,,BLGR MPTY/07(01-18)/2022-23,2023_ORULB_85973_17,359306.19,359306.19,500000,
268,Odisha,Improvement of Drain Cover Slab Nirakara Choudhury Res. to SH-42 Chandrasekhar Nagar W.No.21,Bolangir,,767001,20.666666666666668,83.5,Municipal Bodies||Balangir Municipality,Office of the Municipal Council Balangir,Drain work,Pre-Monsoon,2023-04-20,Civil Works - Others,,BLGR MPTY/08(01-03)/2022-23,2023_ORULB_86717_3,503917.54,503917.54,700000,
269,Odisha,Repair Renovation and Restoration of Kelakata MIP in Harabhanga Block under RRR Scheme for the year 2022-23,Boudh,,762020,20.833333333333332,84.86666666666666,CEMinor IrrigationBBSR||SESMIC-BERHAMPUR||EEMI Divn Boudh,EE Minor Irrigation Division Boudh,Repair Renovation and Restoration of Kelakata MIP in Harabhanga Block under RRR Scheme for the year 2022-23,Monsoon,2022-06-02,Civil Works - Others,,Online 02/BMID/2022-23,2022_CEMIB_77571_1,3920590.0,4391060.0,4611916,
270,Odisha,Repair Renovation and Restoration of Ratanpur MIP in Boudh Block under RRR Scheme for the year 2022-23,Boudh,,762014,20.833333333333332,84.86666666666666,CEMinor IrrigationBBSR||SESMIC-BERHAMPUR||EEMI Divn Boudh,EE Minor Irrigation Division Boudh,Repair Renovation and Restoration of Ratanpur MIP in Boudh Block under RRR Scheme for the year 2022-23,Monsoon,2022-06-02,Civil Works - Others,,Online 02/BMID/2022-23,2022_CEMIB_77571_2,3191230.0,3574178.0,3753947,
271,Odisha,Repair Renovation and Restoration of Dumduma MIP in Boudh Block under RRR Scheme for the year 2022-23,Boudh,,762014,20.833333333333332,84.86666666666666,CEMinor IrrigationBBSR||SESMIC-BERHAMPUR||EEMI Divn Boudh,EE Minor Irrigation Division Boudh,Repair Renovation and Restoration of Dumduma MIP in Boudh Block under RRR Scheme for the year 2022-23,Monsoon,2022-06-02,Civil Works - Others,,Online 02/BMID/2022-23,2022_CEMIB_77571_3,2878364.0,3223768.0,3385913,
272,Odisha,Repair Renovation and Restoration of Jamulapadar MIP in Kantamal Block under RRR Scheme for the year 2022-23,Boudh,,762017,20.833333333333332,84.86666666666666,CEMinor IrrigationBBSR||SESMIC-BERHAMPUR||EEMI Divn Boudh,EE Minor Irrigation Division Boudh,Repair Renovation and Restoration of Jamulapadar MIP in Kantamal Block under RRR Scheme for the year 2022-23,Monsoon,2022-06-02,Civil Works - Others,,Online 02/BMID/2022-23,2022_CEMIB_77571_4,2703038.0,3027402.0,3179671,
273,Odisha,Repair Renovation and Restoration of Narayanaprasad MIP in Kantamal Block under RRR Scheme for the year 2022-23,Boudh,,762017,20.833333333333332,84.86666666666666,CEMinor IrrigationBBSR||SESMIC-BERHAMPUR||EEMI Divn Boudh,EE Minor Irrigation Division Boudh,Repair Renovation and Restoration of Narayanaprasad MIP in Kantamal Block under RRR Scheme for the year 2022-23,Monsoon,2022-06-02,Civil Works - Others,,Online 02/BMID/2022-23,2022_CEMIB_77571_5,2140546.0,2397412.0,2517993,
274,Odisha,Construction of Balisahi check dam over Balisahi Nalla near village Mahalikpada of Kusanga GP in Harabhanga Block of Boudh District,Boudh,,762020,20.833333333333332,84.86666666666666,CEMinor IrrigationBBSR||SESMIC-BERHAMPUR||EEMI Divn Boudh,EE Minor Irrigation Division Boudh,Construction of Balisahi check dam over Balisahi Nalla near village Mahalikpada of Kusanga GP in Harabhanga Block of Boudh District,Post-Monsoon,2022-11-23,Civil Works - Others,,ONLINE/04/BMID/2022-2023,2022_CEMIB_82171_1,4722072.0,4722072.0,5554726,
275,Odisha,Construction of Damanda check dam over Damanda Nalla near village Damanda of Chhatarang GP in Harabhanga Block of Boudh District,Boudh,,762020,20.833333333333332,84.86666666666666,CEMinor IrrigationBBSR||SESMIC-BERHAMPUR||EEMI Divn Boudh,EE Minor Irrigation Division Boudh,Construction of Damanda check dam over Damanda Nalla near village Damanda of Chhatarang GP in Harabhanga Block of Boudh District,Post-Monsoon,2022-11-23,Civil Works - Others,,ONLINE/04/BMID/2022-2023,2022_CEMIB_82171_2,4284207.0,4284207.0,5039651,
276,Odisha,Construction of Kiramaska check dam over Purunapani Nalla near village Kiramaska of Talagaon GP in Harabhanga Block of Boudh District,Boudh,,762020,20.833333333333332,84.86666666666666,CEMinor IrrigationBBSR||SESMIC-BERHAMPUR||EEMI Divn Boudh,EE Minor Irrigation Division Boudh,Construction of Kiramaska check dam over Purunapani Nalla near village Kiramaska of Talagaon GP in Harabhanga Block of Boudh District,Post-Monsoon,2022-11-23,Civil Works - Others,,ONLINE/04/BMID/2022-2023,2022_CEMIB_82171_3,5155285.0,5155285.0,6064327,
277,Odisha,Construction of Karadakotha check dam over Rakatai Nalla near village Karadakotha of Mahalikpada GP in Harabhanga Block of Boudh District,Boudh,,762020,20.833333333333332,84.86666666666666,CEMinor IrrigationBBSR||SESMIC-BERHAMPUR||EEMI Divn Boudh,EE Minor Irrigation Division Boudh,Construction of Karadakotha check dam over Rakatai Nalla near village Karadakotha of Mahalikpada GP in Harabhanga Block of Boudh District,Post-Monsoon,2022-11-23,Civil Works - Others,,ONLINE/04/BMID/2022-2023,2022_CEMIB_82171_4,6592991.0,6592991.0,7755547,
278,Odisha,Construction of Satakhanda check dam over Satakhanda Nalla near village Satakhanda of Mahalikpada GP in Harabhanga Block of Boudh District,Boudh,,762020,20.833333333333332,84.86666666666666,CEMinor IrrigationBBSR||SESMIC-BERHAMPUR||EEMI Divn Boudh,EE Minor Irrigation Division Boudh,Construction of Satakhanda check dam over Satakhanda Nalla near village Satakhanda of Mahalikpada GP in Harabhanga Block of Boudh District,Post-Monsoon,2022-11-23,Civil Works - Others,,ONLINE/04/BMID/2022-2023,2022_CEMIB_82171_5,4259598.0,4259598.0,5010702,
279,Odisha,Construction of Ringapada-I check dam over Kalimuhani Nalla near village Barhapurof Narayan Prasad GP in Kantamal Block of Boudh District,Boudh,,762017,20.833333333333332,84.86666666666666,CEMinor IrrigationBBSR||SESMIC-BERHAMPUR||EEMI Divn Boudh,EE Minor Irrigation Division Boudh,Construction of Ringapada-I check dam over Kalimuhani Nalla near village Barhapurof Narayan Prasad GP in Kantamal Block of Boudh District,Post-Monsoon,2022-11-23,Civil Works - Others,,ONLINE/04/BMID/2022-2023,2022_CEMIB_82171_6,6863656.0,6863656.0,8073939,
280,Odisha,Construction of Ringapada-II check dam over Kalimuhani Nalla near village Barhapurof Narayan Prasad GP in Kantamal Block of Boudh District.,Boudh,,762017,20.833333333333332,84.86666666666666,CEMinor IrrigationBBSR||SESMIC-BERHAMPUR||EEMI Divn Boudh,EE Minor Irrigation Division Boudh,Construction of Ringapada-II check dam over Kalimuhani Nalla near village Barhapurof Narayan Prasad GP in Kantamal Block of Boudh District.,Post-Monsoon,2022-11-23,Civil Works - Others,,ONLINE/04/BMID/2022-2023,2022_CEMIB_82171_7,6905615.0,6905615.0,8123298,
281,Odisha,Construction of Sagiripada check dam over Samaleswari Nalla near village Sagiripada of Ambgaon GP in Kantamal Block of Boudh District.,Boudh,,762017,20.833333333333332,84.86666666666666,CEMinor IrrigationBBSR||SESMIC-BERHAMPUR||EEMI Divn Boudh,EE Minor Irrigation Division Boudh,Construction of Sagiripada check dam over Samaleswari Nalla near village Sagiripada of Ambgaon GP in Kantamal Block of Boudh District.,Post-Monsoon,2022-11-23,Civil Works - Others,,ONLINE/04/BMID/2022-2023,2022_CEMIB_82171_8,6304107.0,6304107.0,7415724,
282,Odisha,Construction of Kharabahali-IV check dam over Samaleswari Nalla near village Barhapurof Ambgaon GP in Kantamal Block of Boudh District,Boudh,,762017,20.833333333333332,84.86666666666666,CEMinor IrrigationBBSR||SESMIC-BERHAMPUR||EEMI Divn Boudh,EE Minor Irrigation Division Boudh,Construction of Kharabahali-IV check dam over Samaleswari Nalla near village Barhapurof Ambgaon GP in Kantamal Block of Boudh District,Post-Monsoon,2022-11-23,Civil Works - Others,,ONLINE/04/BMID/2022-2023,2022_CEMIB_82171_9,5911520.0,5911520.0,6953912,
283,Odisha,Construction of Tokeipali Check Dam near village Tokeipali of Dapala GP in Kantamal Block of Boudh District,Boudh,,762017,20.833333333333332,84.86666666666666,CEMinor IrrigationBBSR||SESMIC-BERHAMPUR||EEMI Divn Boudh,EE Minor Irrigation Division Boudh,Construction of Tokeipali Check Dam near village Tokeipali of Dapala GP in Kantamal Block of Boudh District,Post-Monsoon,2022-12-21,Civil Works - Others,,ONLINE/05/BMID/2022-23,2022_CEMIB_83327_1,5449084.0,5449084.0,5432147,
284,Odisha,Construction of Majhipada Check Dam near village Majhipada of Baragochha GP in Kantamal Block of Boudh District.,Boudh,,762017,20.833333333333332,84.86666666666666,CEMinor IrrigationBBSR||SESMIC-BERHAMPUR||EEMI Divn Boudh,EE Minor Irrigation Division Boudh,Construction of Majhipada Check Dam near village Majhipada of Baragochha GP in Kantamal Block of Boudh District.,Post-Monsoon,2022-12-21,Civil Works - Others,,ONLINE/05/BMID/2022-23,2022_CEMIB_83327_2,5216776.0,5216776.0,5200560,
285,Odisha,Construction of Jhimeinalla Check Dam near village Chhelibahali of Baunsuni GP in Boudh Block of Boudh District,Boudh,,762014,20.833333333333332,84.86666666666666,CEMinor IrrigationBBSR||SESMIC-BERHAMPUR||EEMI Divn Boudh,EE Minor Irrigation Division Boudh,Construction of Jhimeinalla Check Dam near village Chhelibahali of Baunsuni GP in Boudh Block of Boudh District,Post-Monsoon,2022-12-21,Civil Works - Others,,ONLINE/05/BMID/2022-23,2022_CEMIB_83327_3,8489415.0,8489415.0,8463026,
286,Odisha,Construction of Kuthulimunda Check Dam near village Kuthulimunda of Tikarpada GP in Boudh Block of Boudh District,Boudh,,762014,20.833333333333332,84.86666666666666,CEMinor IrrigationBBSR||SESMIC-BERHAMPUR||EEMI Divn Boudh,EE Minor Irrigation Division Boudh,Construction of Kuthulimunda Check Dam near village Kuthulimunda of Tikarpada GP in Boudh Block of Boudh District,Post-Monsoon,2022-12-21,Civil Works - Others,,ONLINE/05/BMID/2022-23,2022_CEMIB_83327_4,7658514.0,7658514.0,7634709,
287,Odisha,Construction of Kurkuj Check Dam near village Kurkuj of Ambajhari GP in Boudh Block of Boudh District,Boudh,,762014,20.833333333333332,84.86666666666666,CEMinor IrrigationBBSR||SESMIC-BERHAMPUR||EEMI Divn Boudh,EE Minor Irrigation Division Boudh,Construction of Kurkuj Check Dam near village Kurkuj of Ambajhari GP in Boudh Block of Boudh District,Post-Monsoon,2022-12-21,Civil Works - Others,,ONLINE/05/BMID/2022-23,2022_CEMIB_83327_5,5606917.0,5606917.0,5589489,
288,Odisha,Construction of Panjana Check Dam near village Panjana of Sagada GP in Boudh Block of Boudh District,Boudh,,762014,20.833333333333332,84.86666666666666,CEMinor IrrigationBBSR||SESMIC-BERHAMPUR||EEMI Divn Boudh,EE Minor Irrigation Division Boudh,Construction of Panjana Check Dam near village Panjana of Sagada GP in Boudh Block of Boudh District,Post-Monsoon,2022-12-21,Civil Works - Others,,ONLINE/05/BMID/2022-23,2022_CEMIB_83327_6,8335607.0,8335607.0,8309697,
289,Odisha,Construction of Baghuanalla Check Dam near village Badapankalsahi of Talagaon GP in Harabhanga Block of Boudh District,Boudh,,762020,20.833333333333332,84.86666666666666,CEMinor IrrigationBBSR||SESMIC-BERHAMPUR||EEMI Divn Boudh,EE Minor Irrigation Division Boudh,Construction of Baghuanalla Check Dam near village Badapankalsahi of Talagaon GP in Harabhanga Block of Boudh District,Post-Monsoon,2022-12-21,Civil Works - Others,,ONLINE/06/BMID/2022-23,2022_CEMIB_83331_1,3377175.0,3377175.0,3366678,
290,Odisha,Construction of Gunthanalla Check Dam near village Gandisar of Talagaon GP in Harabhanga Block of Boudh District,Boudh,,762020,20.833333333333332,84.86666666666666,CEMinor IrrigationBBSR||SESMIC-BERHAMPUR||EEMI Divn Boudh,EE Minor Irrigation Division Boudh,Construction of Gunthanalla Check Dam near village Gandisar of Talagaon GP in Harabhanga Block of Boudh District,Post-Monsoon,2022-12-21,Civil Works - Others,,ONLINE/06/BMID/2022-23,2022_CEMIB_83331_2,2399404.0,2399404.0,2391947,
291,Odisha,Construction of Kukuti Nalla Check Dam near village Kukuti of Talagaon GP in Harabhanga Block of Boudh District,Boudh,,762020,20.833333333333332,84.86666666666666,CEMinor IrrigationBBSR||SESMIC-BERHAMPUR||EEMI Divn Boudh,EE Minor Irrigation Division Boudh,Construction of Kukuti Nalla Check Dam near village Kukuti of Talagaon GP in Harabhanga Block of Boudh District,Post-Monsoon,2022-12-21,Civil Works - Others,,ONLINE/06/BMID/2022-23,2022_CEMIB_83331_3,4007468.0,4007468.0,3995013,
292,Odisha,Construction of Rasitaila Nalla Check Dam near village Dakpadar of Talagaon GP in Harabhanga Block of Boudh District,Boudh,,762020,20.833333333333332,84.86666666666666,CEMinor IrrigationBBSR||SESMIC-BERHAMPUR||EEMI Divn Boudh,EE Minor Irrigation Division Boudh,Construction of Rasitaila Nalla Check Dam near village Dakpadar of Talagaon GP in Harabhanga Block of Boudh District,Post-Monsoon,2022-12-21,Civil Works - Others,,ONLINE/06/BMID/2022-23,2022_CEMIB_83331_4,3384441.0,3384441.0,3373922,
293,Odisha,Construction of Lundrijhari Check Dam near village Lundrijhari of Talagaon GP in Harabhanga Block of Boudh District,Boudh,,762020,20.833333333333332,84.86666666666666,CEMinor IrrigationBBSR||SESMIC-BERHAMPUR||EEMI Divn Boudh,EE Minor Irrigation Division Boudh,Construction of Lundrijhari Check Dam near village Lundrijhari of Talagaon GP in Harabhanga Block of Boudh District,Post-Monsoon,2022-12-21,Civil Works - Others,,ONLINE/06/BMID/2022-23,2022_CEMIB_83331_5,2433354.0,2433354.0,2425790,
294,Odisha,Construction of Pilabasangi(Nalaghai) Check Dam near village Baramunda of Talagaon GP in Harabhanga Block of Boudh District,Boudh,,762020,20.833333333333332,84.86666666666666,CEMinor IrrigationBBSR||SESMIC-BERHAMPUR||EEMI Divn Boudh,EE Minor Irrigation Division Boudh,Construction of Pilabasangi(Nalaghai) Check Dam near village Baramunda of Talagaon GP in Harabhanga Block of Boudh District,Post-Monsoon,2022-12-21,Civil Works - Others,,ONLINE/06/BMID/2022-23,2022_CEMIB_83331_6,2719063.0,2719063.0,2710612,
295,Odisha,Construction of Butupali Check Dam near village Narayanapur of Sarasara GP in Harabhanga Block of Boudh District for 2022-23,Boudh,,762020,20.833333333333332,84.86666666666666,CEMinor IrrigationBBSR||SESMIC-BERHAMPUR||EEMI Divn Boudh,EE Minor Irrigation Division Boudh,Construction of Butupali Check Dam near village Narayanapur of Sarasara GP in Harabhanga Block of Boudh District for 2022-23,Post-Monsoon,2023-02-03,Civil Works - Others,,08/BMID/2022-2023,2022_CEMIB_84019_1,6715411.0,6715411.0,6694538,
296,Odisha,Construction of Dumalpakhal Check Dam near village Dumalpakhal of Baragaon GP in Kantamal Block of Boudh District for 2022-23,Boudh,,762017,20.833333333333332,84.86666666666666,CEMinor IrrigationBBSR||SESMIC-BERHAMPUR||EEMI Divn Boudh,EE Minor Irrigation Division Boudh,Construction of Dumalpakhal Check Dam near village Dumalpakhal of Baragaon GP in Kantamal Block of Boudh District for 2022-23,Post-Monsoon,2023-02-03,Civil Works - Others,,08/BMID/2022-2023,2022_CEMIB_84019_10,7426443.0,7426443.0,7403359,
297,Odisha,Construction of Dunguripali Check Dam near village Dumuripali of Baragaon GP in Kantamal Block of Boudh District for 2022-23,Boudh,,762017,20.833333333333332,84.86666666666666,CEMinor IrrigationBBSR||SESMIC-BERHAMPUR||EEMI Divn Boudh,EE Minor Irrigation Division Boudh,Construction of Dunguripali Check Dam near village Dumuripali of Baragaon GP in Kantamal Block of Boudh District for 2022-23,Post-Monsoon,2023-02-03,Civil Works - Others,,08/BMID/2022-2023,2022_CEMIB_84019_11,6166666.0,6166666.0,6147498,
298,Odisha,Construction of Lunduru Check Dam near village Lunduru of Narayanaprasad GP in Kantamal Block of Boudh District for 2022-23,Boudh,,762017,20.833333333333332,84.86666666666666,CEMinor IrrigationBBSR||SESMIC-BERHAMPUR||EEMI Divn Boudh,EE Minor Irrigation Division Boudh,Construction of Lunduru Check Dam near village Lunduru of Narayanaprasad GP in Kantamal Block of Boudh District for 2022-23,Post-Monsoon,2023-02-03,Civil Works - Others,,08/BMID/2022-2023,2022_CEMIB_84019_12,6610928.0,6610928.0,6590380,
299,Odisha,Construction of Tentulimunda Check Dam near village Tentulimunda of Uma GP in Kantamal Block of Boudh District for 2022-23,Boudh,,762017,20.833333333333332,84.86666666666666,CEMinor IrrigationBBSR||SESMIC-BERHAMPUR||EEMI Divn Boudh,EE Minor Irrigation Division Boudh,Construction of Tentulimunda Check Dam near village Tentulimunda of Uma GP in Kantamal Block of Boudh District for 2022-23,Post-Monsoon,2023-02-03,Civil Works - Others,,08/BMID/2022-2023,2022_CEMIB_84019_13,8011046.0,8011046.0,7986145,
300,Odisha,Construction of Kaleswar-III Check Dam near village Kaleswar of Sarasara GP in Harabhanga Block of Boudh District for 2022-23,Boudh,,762020,20.833333333333332,84.86666666666666,CEMinor IrrigationBBSR||SESMIC-BERHAMPUR||EEMI Divn Boudh,EE Minor Irrigation Division Boudh,Construction of Kaleswar-III Check Dam near village Kaleswar of Sarasara GP in Harabhanga Block of Boudh District for 2022-23,Post-Monsoon,2023-02-03,Civil Works - Others,,08/BMID/2022-2023,2022_CEMIB_84019_2,7916924.0,7916924.0,7892317,
301,Odisha,Construction of Sanbagbar Check Dam near village Bagbar of Sarasara GP in Harabhanga Block of Boudh District for 2022-23,Boudh,,762020,20.833333333333332,84.86666666666666,CEMinor IrrigationBBSR||SESMIC-BERHAMPUR||EEMI Divn Boudh,EE Minor Irrigation Division Boudh,Construction of Sanbagbar Check Dam near village Bagbar of Sarasara GP in Harabhanga Block of Boudh District for 2022-23,Post-Monsoon,2023-02-03,Civil Works - Others,,08/BMID/2022-2023,2022_CEMIB_84019_3,8024332.0,8024332.0,7999390,
302,Odisha,Construction of Gochhapada Check Dam near village Gochhapada of Gochhapada GP in Boudh Block of Boudh District for 2022-23,Boudh,,762014,20.833333333333332,84.86666666666666,CEMinor IrrigationBBSR||SESMIC-BERHAMPUR||EEMI Divn Boudh,EE Minor Irrigation Division Boudh,Construction of Gochhapada Check Dam near village Gochhapada of Gochhapada GP in Boudh Block of Boudh District for 2022-23,Post-Monsoon,2023-02-03,Civil Works - Others,,08/BMID/2022-2023,2022_CEMIB_84019_4,5201610.0,5201610.0,5185442,
303,Odisha,Construction of Thapapali Check Dam near village Thapapali of Gochhapada GP in Boudh Block of Boudh District for 2022-23,Boudh,,762014,20.833333333333332,84.86666666666666,CEMinor IrrigationBBSR||SESMIC-BERHAMPUR||EEMI Divn Boudh,EE Minor Irrigation Division Boudh,Construction of Thapapali Check Dam near village Thapapali of Gochhapada GP in Boudh Block of Boudh District for 2022-23,Post-Monsoon,2023-02-03,Civil Works - Others,,08/BMID/2022-2023,2022_CEMIB_84019_5,5189399.0,5189399.0,5173268,
304,Odisha,Construction of Damodarpur Check Dam near village Damodarpur of Padampur GP in Boudh Block of Boudh District for 2022-23,Boudh,,762014,20.833333333333332,84.86666666666666,CEMinor IrrigationBBSR||SESMIC-BERHAMPUR||EEMI Divn Boudh,EE Minor Irrigation Division Boudh,Construction of Damodarpur Check Dam near village Damodarpur of Padampur GP in Boudh Block of Boudh District for 2022-23,Post-Monsoon,2023-02-03,Civil Works - Others,,08/BMID/2022-2023,2022_CEMIB_84019_6,8491480.0,8491480.0,8465086,
305,Odisha,Construction of Tutumsingh-I Check Dam near village Tutumsingh of Tikarpada GP in Boudh Block of Boudh District for 2022-23,Boudh,,762014,20.833333333333332,84.86666666666666,CEMinor IrrigationBBSR||SESMIC-BERHAMPUR||EEMI Divn Boudh,EE Minor Irrigation Division Boudh,Construction of Tutumsingh-I Check Dam near village Tutumsingh of Tikarpada GP in Boudh Block of Boudh District for 2022-23,Post-Monsoon,2023-02-03,Civil Works - Others,,08/BMID/2022-2023,2022_CEMIB_84019_7,8851956.0,8851956.0,8824442,
306,Odisha,Construction of Mrutunjayapur-I Check Dam near village Mrutunjayapur of Dapala GP in Kantamal Block of Boudh District for 2022-23,Boudh,,762017,20.833333333333332,84.86666666666666,CEMinor IrrigationBBSR||SESMIC-BERHAMPUR||EEMI Divn Boudh,EE Minor Irrigation Division Boudh,Construction of Mrutunjayapur-I Check Dam near village Mrutunjayapur of Dapala GP in Kantamal Block of Boudh District for 2022-23,Post-Monsoon,2023-02-03,Civil Works - Others,,08/BMID/2022-2023,2022_CEMIB_84019_8,5989303.0,5989303.0,5970687,
307,Odisha,Construction of Mrutunjayapur-II Check Dam near village Mrutunjayapur of Dapala GP in Kantamal Block of Boudh District for 2022-23,Boudh,,762017,20.833333333333332,84.86666666666666,CEMinor IrrigationBBSR||SESMIC-BERHAMPUR||EEMI Divn Boudh,EE Minor Irrigation Division Boudh,Construction of Mrutunjayapur-II Check Dam near village Mrutunjayapur of Dapala GP in Kantamal Block of Boudh District for 2022-23,Post-Monsoon,2023-02-03,Civil Works - Others,,08/BMID/2022-2023,2022_CEMIB_84019_9,8491205.0,8491205.0,8464812,
308,Odisha,Repair Renovation and Restoration of Bharatpur MIP in Harabhanga Block under RRR Scheme for the year 2022-23,Boudh,,762020,20.833333333333332,84.86666666666666,CEMinor IrrigationBBSR||SESMIC-BERHAMPUR||EEMI Divn Boudh,SE Minor Irrigation Division Boudh,Repair Renovation and Restoration of Bharatpur MIP in Harabhanga Block under RRR Scheme for the year 2022-23,Post-Monsoon,2023-02-21,Civil Works - Others,,09/BMID/2022-2023,2023_CEMIB_85319_1,3377313.0,3377313.0,3366814,
309,Odisha,Repair Renovation and Restoration of Bakapali MIP in Boudh Block under RRR Scheme for the year 2022-23,Boudh,,762014,20.833333333333332,84.86666666666666,CEMinor IrrigationBBSR||SESMIC-BERHAMPUR||EEMI Divn Boudh,SE Minor Irrigation Division Boudh,Repair Renovation and Restoration of Bakapali MIP in Boudh Block under RRR Scheme for the year 2022-23,Post-Monsoon,2023-02-21,Civil Works - Others,,09/BMID/2022-2023,2023_CEMIB_85319_2,1822615.0,1822615.0,1816950,
310,Odisha,Repair Renovation and Restoration of Bijapadar MIP in Boudh Block under RRR Scheme for the year 2022-23,Boudh,,762014,20.833333333333332,84.86666666666666,CEMinor IrrigationBBSR||SESMIC-BERHAMPUR||EEMI Divn Boudh,SE Minor Irrigation Division Boudh,Repair Renovation and Restoration of Bijapadar MIP in Boudh Block under RRR Scheme for the year 2022-23,Post-Monsoon,2023-02-21,Civil Works - Others,,09/BMID/2022-2023,2023_CEMIB_85319_3,2038565.0,2038565.0,2032228,
311,Odisha,Repair Renovation and Restoration of Bijapadar-Bhuktpada MIP in Boudh Block under RRR Scheme for the year 2022-23,Boudh,,762014,20.833333333333332,84.86666666666666,CEMinor IrrigationBBSR||SESMIC-BERHAMPUR||EEMI Divn Boudh,SE Minor Irrigation Division Boudh,Repair Renovation and Restoration of Bijapadar-Bhuktpada MIP in Boudh Block under RRR Scheme for the year 2022-23,Post-Monsoon,2023-02-21,Civil Works - Others,,09/BMID/2022-2023,2023_CEMIB_85319_4,2587911.0,2587911.0,2579867,
312,Odisha,Repair Renovation and Restoration of Hatimunda MIP in Boudh Block under RRR Scheme for the year 2022-23,Boudh,,762014,20.833333333333332,84.86666666666666,CEMinor IrrigationBBSR||SESMIC-BERHAMPUR||EEMI Divn Boudh,SE Minor Irrigation Division Boudh,Repair Renovation and Restoration of Hatimunda MIP in Boudh Block under RRR Scheme for the year 2022-23,Post-Monsoon,2023-02-21,Civil Works - Others,,09/BMID/2022-2023,2023_CEMIB_85319_5,1294432.0,1294432.0,1290408,
313,Odisha,Repair Renovation and Restoration of Tabada MIP in Kantamal Block under RRR Scheme for the year 2022-23,Boudh,,762017,20.833333333333332,84.86666666666666,CEMinor IrrigationBBSR||SESMIC-BERHAMPUR||EEMI Divn Boudh,SE Minor Irrigation Division Boudh,Repair Renovation and Restoration of Tabada MIP in Kantamal Block under RRR Scheme for the year 2022-23,Post-Monsoon,2023-02-21,Civil Works - Others,,09/BMID/2022-2023,2023_CEMIB_85319_6,1504369.0,1504369.0,1499693,
314,Odisha,Repair Renovation and Restoration of Jogendrapur MIP in Kantamal Block under RRR Scheme for the year 2022-23,Boudh,,762017,20.833333333333332,84.86666666666666,CEMinor IrrigationBBSR||SESMIC-BERHAMPUR||EEMI Divn Boudh,SE Minor Irrigation Division Boudh,Repair Renovation and Restoration of Jogendrapur MIP in Kantamal Block under RRR Scheme for the year 2022-23,Post-Monsoon,2023-02-21,Civil Works - Others,,09/BMID/2022-2023,2023_CEMIB_85319_7,4622338.0,4622338.0,4607970,
315,Odisha,Repair Renovation and Restoration of Nuapali MIP in Kantamal Block under RRR Scheme for the year 2022-23,Boudh,,762017,20.833333333333332,84.86666666666666,CEMinor IrrigationBBSR||SESMIC-BERHAMPUR||EEMI Divn Boudh,SE Minor Irrigation Division Boudh,Repair Renovation and Restoration of Nuapali MIP in Kantamal Block under RRR Scheme for the year 2022-23,Post-Monsoon,2023-02-21,Civil Works - Others,,09/BMID/2022-2023,2023_CEMIB_85319_8,1647740.0,1647740.0,1642619,
316,Odisha,Repair Renovation and Restoration of Badabandha MIP in Harabhanga Block under RRR Scheme for the year 2022-23,Boudh,,762020,20.833333333333332,84.86666666666666,CEMinor IrrigationBBSR||SESMIC-BERHAMPUR||EEMI Divn Boudh,SE Minor Irrigation Division Boudh,Repair Renovation and Restoration of Badabandha MIP in Harabhanga Block under RRR Scheme for the year 2022-23,Pre-Monsoon,2023-03-02,Civil Works - Others,,10/BMID/2022-2023,2023_CEMIB_85594_1,5897237.0,5897237.0,5878907,
317,Odisha,Repair Renovation and Restoration of Penajore MIP in Kantamal Block under RRR Scheme for the year 2022-23,Boudh,,762017,20.833333333333332,84.86666666666666,CEMinor IrrigationBBSR||SESMIC-BERHAMPUR||EEMI Divn Boudh,SE Minor Irrigation Division Boudh,Repair Renovation and Restoration of Penajore MIP in Kantamal Block under RRR Scheme for the year 2022-23,Pre-Monsoon,2023-03-02,Civil Works - Others,,10/BMID/2022-2023,2023_CEMIB_85594_2,5652218.0,5652218.0,5634650,
318,Odisha,Construction of Kapakhai Check Dam near village Barkhol of Tikarpada GP in Boudh Block of Boudh District for 2022-23,Boudh,,762014,20.833333333333332,84.86666666666666,CEMinor IrrigationBBSR||SESMIC-BERHAMPUR||EEMI Divn Boudh,SE Minor Irrigation Division Boudh,Construction of Kapakhai Check Dam near village Barkhol of Tikarpada GP in Boudh Block of Boudh District for 2022-23,Pre-Monsoon,2023-03-13,Civil Works - Others,,12/BMID/2022-2023,2023_CEMIB_86011_1,6415323.0,7570081.0,7546551,
319,Odisha,Construction of Tunikhamar Check Dam near village Tunikhamar of Gundulia GP in Boudh Block of Boudh District for 2022-23,Boudh,,762014,20.833333333333332,84.86666666666666,CEMinor IrrigationBBSR||SESMIC-BERHAMPUR||EEMI Divn Boudh,SE Minor Irrigation Division Boudh,Construction of Tunikhamar Check Dam near village Tunikhamar of Gundulia GP in Boudh Block of Boudh District for 2022-23,Pre-Monsoon,2023-03-13,Civil Works - Others,,12/BMID/2022-2023,2023_CEMIB_86011_2,7380535.0,8709031.0,8681960,
320,Odisha,Construction of Padmanpur-II Check Dam near village Padmanpur of Padmanpur GP in Boudh Block of Boudh District for 2022-23,Boudh,,762014,20.833333333333332,84.86666666666666,CEMinor IrrigationBBSR||SESMIC-BERHAMPUR||EEMI Divn Boudh,SE Minor Irrigation Division Boudh,Construction of Padmanpur-II Check Dam near village Padmanpur of Padmanpur GP in Boudh Block of Boudh District for 2022-23,Pre-Monsoon,2023-03-13,Civil Works - Others,,12/BMID/2022-2023,2023_CEMIB_86011_3,3411619.0,4025711.0,4013197,
321,Odisha,Construction of Padmanpur-III Check Dam near village Padmanpur of Padmanpur GP in Boudh Block of Boudh District for 2022-23,Boudh,,762014,20.833333333333332,84.86666666666666,CEMinor IrrigationBBSR||SESMIC-BERHAMPUR||EEMI Divn Boudh,SE Minor Irrigation Division Boudh,Construction of Padmanpur-III Check Dam near village Padmanpur of Padmanpur GP in Boudh Block of Boudh District for 2022-23,Pre-Monsoon,2023-03-13,Civil Works - Others,,12/BMID/2022-2023,2023_CEMIB_86011_4,4616698.0,5447704.0,5430771,
322,Odisha,FDR to Bridge over Kusanga nallah on Jagannath Road approach for the year 2022-23,Boudh,,762014,20.833333333333332,84.86666666666666,CE RW I||RWCIRCLE-BERHAMPUR||RWDIVISION-BOUDH,O/o SERW Division Boudh,FDR to Bridge over Kusanga nallah on Jagannath Road approach for the year 2022-23,Pre-Monsoon,2023-04-18,Civil Works - Roads,,Online Tender/20/EERW Division Boudh/2022-23,2023_CERWI_86616_1,110820.0,110820.0,130362,
323,Odisha,Cluster of 1. Fencing of Boundary Wall2.Drainage System3. Fixing of Concertina Wire on the Perimeter Wall and 4.Digging of 2 Nos.Tube well inside the Jail to overcome the water Problem during Power Failure at Spl. Sub JailBoudh,Boudh,,751022,20.833333333333332,84.86666666666666,Orissa State Police Housing and Welfare Corporation Ltd,OPHWC BHUBANESWAR,Building Work,Pre-Monsoon,2023-03-04,Civil Works - Buildings,,49/OPHWC/2022-23,2023_OSPHW_85205_1,4296524.13,4296524.13,4570284,
324,Odisha,Renovation of RCC drain with cover slab from Jobra Fish Market Chhack to Dasa Sahi culvert via Purna Ch. Beura res located at Jobra in W.No 40.,Cuttack,,753012,20.466666666666665,85.9,Municipal Bodies||Cuttack Municipal Corporation,Bikash BhawanJagannath LaneBadambadi-753012,Renovation of RCC drain with cover slab from Jobra Fish Market Chhack to Dasa Sahi culvert via Purna Ch. Beura res located at Jobra in W.No 40.,Post-Monsoon,2022-10-10,Civil Works - Others,,MC(CMC)CTC_Div-I_No37/2020-21,2020_ORULB_63526_13,468241.03,468241.0,550807,
325,Odisha,Improvement to Kundi Nala Drainage cut Drain No 4 and 5 of Salipur Block,Cuttack,,753003,20.466666666666665,85.9,CEDrainageCuttack||SEDrainageCuttack,Additional Chief Engineer Drainage Circle Cuttack,Improvement to Kundi Nala Drainage cut Drain No 4 and 5 of Salipur Block,Pre-Monsoon,2022-04-25,Civil Works - Others,,SEDC-CTC / DDCTC -08/2021-22,2021_CEDC_72388_1,21366720.0,21366720.0,25134361,
326,Odisha,Creating a new drainage channel for Marshaghai college campus under DIP,Cuttack,,754201,20.466666666666665,85.9,CEDrainageCuttack||SEDrainageCuttack,Additional Chief Engineer Drainage Circle Cuttack,Creating a new drainage channel for Marshaghai college campus under DIP,Pre-Monsoon,2022-04-26,Civil Works - Others,,SEDC-CTC / DDKPD -09/2021-22,2021_CEDC_72390_1,19143504.0,19143504.0,22519120,
327,Odisha,Renovation Hansua Drain from US of Baliakani VRB at RD.77.29 Km to Panchapalli VRB at RD.81.62 Km under DIP,Cuttack,,754103,20.466666666666665,85.9,CEDrainageCuttack||SEDrainageCuttack,Additional Chief Engineer Drainage Circle Cuttack,Renovation Hansua Drain from US of Baliakani VRB at RD.77.29 Km to Panchapalli VRB at RD.81.62 Km under DIP,Pre-Monsoon,2022-04-27,Civil Works - Others,,SEDC-CTC / DDJSPR -11/2021-22,2021_CEDC_72446_1,25297370.0,25297370.0,29758111,
328,Odisha,Renovation of Hansua Drain from US of Begunia VRB at RD 57.52Km to Rankei VRB at RD 64.09Km under DIP,Cuttack,,754103,20.466666666666665,85.9,CEDrainageCuttack||SEDrainageCuttack,Additional Chief Engineer Drainage Circle Cuttack,Renovation of Hansua Drain from US of Begunia VRB at RD 57.52Km to Rankei VRB at RD 64.09Km under DIP,Pre-Monsoon,2022-04-26,Civil Works - Others,,SEDC-CTC / DDJSPR -12/2021-22,2021_CEDC_72447_1,29185255.0,29185255.0,34331556,
329,Odisha,Renovation Hansua Drain from Rankei VRB at RD. 64.09Km to US of Baliakani VRB at RD.77.29 Km under DIP,Cuttack,,754103,20.466666666666665,85.9,CEDrainageCuttack||SEDrainageCuttack,Additional Chief Engineer Drainage Circle Cuttack,Renovation Hansua Drain from Rankei VRB at RD. 64.09Km to US of Baliakani VRB at RD.77.29 Km under DIP,Pre-Monsoon,2022-04-27,Civil Works - Others,,SEDC-CTC / DDJSPR -13/2021-22,2021_CEDC_72448_1,44549848.0,44549848.0,52405421,
330,Odisha,Construction of P.K.W cum VRB on Kantia Nalla at RD 2600m near village Bailo and Gourangapur in Athagarh Block,Cuttack,,753003,20.466666666666665,85.9,CEDrainageCuttack||SEDrainageCuttack,Additional Chief Engineer Drainage Circle Cuttack,Construction of PKW cum VRB on Kantia Nalla at RD 2600m near village Bailo and Gourangapur in Athagarh Block,Pre-Monsoon,2022-04-25,Civil Works - Others,,SEDC-CTC/DDCTC-14/2021-22,2021_CEDC_72650_1,33738196.0,33738196.0,39687327,
331,Odisha,Improvement to Ashrukhala drainage system by constructing Farm Land Bridges and Guard Wall with stone packing near village Tentala Chaulia bamra and Patsura under DoabIII.,Cuttack,,754211,20.466666666666665,85.9,CEDrainageCuttack||SEDrainageCuttack,Additional Chief Engineer Drainage Circle Cuttack,Improvement to Ashrukhala drainage system by constructing Farm Land Bridges and Guard Wall with stone packing near village Tentala Chaulia bamra and Patsura under DoabIII.,Pre-Monsoon,2022-04-26,Civil Works - Others,,SEDC-CTC/DDKPD-15/2021-22,2021_CEDC_72651_1,25181445.0,25181445.0,29621744,
332,Odisha,Improvement to Hayatpur DC and its link drains under DIP,Cuttack,,754103,20.466666666666665,85.9,CEDrainageCuttack||SEDrainageCuttack,Additional Chief Engineer Drainage Circle Cuttack,Improvement to Hayatpur DC and its link drains under DIP,Pre-Monsoon,2022-04-26,Civil Works - Others,,SEDC-CTC/DDJSPR-17/2021-22,2021_CEDC_72654_1,8980432.0,8980432.0,10563971,
333,Odisha,Renovation of Hansua drain from RD 40.76Km to RD 57.52 Km under DIP,Cuttack,,754103,20.466666666666665,85.9,CEDrainageCuttack||SEDrainageCuttack,Additional Chief Engineer Drainage Circle Cuttack,Renovation of Hansua drain from RD 40.76Km to RD 57.52 Km under DIP,Pre-Monsoon,2022-04-26,Civil Works - Others,,SEDC-CTC / DDJSPR -18/2021-22,2021_CEDC_72656_1,39009870.0,39009870.0,45888566,
334,Odisha,Improvement to Dead Alaka DC from RD 15.00Km Near Adhanga to 32.00 Km Near Odisho,Cuttack,,754103,20.466666666666665,85.9,CEDrainageCuttack||SEDrainageCuttack,Additional Chief Engineer Drainage Circle Cuttack,Improvement to Dead Alaka DC from RD 15.00Km Near Adhanga to 32.00 Km Near Odisho,Pre-Monsoon,2022-04-27,Civil Works - Others,,SEDC-CTC / DDJSPR -19/2021-22,2021_CEDC_72657_1,40444770.0,40444770.0,47576485,
335,Odisha,Improvement to Dead Alaka DC from RD 00 Km to 15.00 Km Near Adhanga under DIP,Cuttack,,754103,20.466666666666665,85.9,CEDrainageCuttack||SEDrainageCuttack,Additional Chief Engineer Drainage Circle Cuttack,Improvement to Dead Alaka DC from RD 00 Km to 15.00 Km Near Adhanga under DIP,Pre-Monsoon,2022-04-26,Civil Works - Others,,SEDC-CTC / DDJSPR -20/2021-22,2021_CEDC_72658_1,43201527.0,43201527.0,50819347,
336,Odisha,Renovation of Dighi Junusnagar DC Righagoda to Rajbijayanagar via Barapita Iswarpur to Dalakani DC Ghadiamal Kholajora to Daruora Talachua Panchayat office to Rajendranagar Dhagua to Mangarajpur,Cuttack,,754201,20.466666666666665,85.9,CEDrainageCuttack||SEDrainageCuttack,Additional Chief Engineer Drainage Circle Cuttack,Renovation of Dighi Junusnagar DC Righagoda to Rajbijayanagar via Barapita Iswarpur to Dalakani DC Ghadiamal Kholajora to Daruora Talachua Panchayat office to Rajendranagar Dhagua to Mangarajpur,Pre-Monsoon,2022-04-25,Civil Works - Others,,SEDC-CTC/DDKPD-21/2021-22,2021_CEDC_73350_1,45462313.0,45462313.0,53478782,
337,Odisha,Improvement to Dhania Nalla Drainage Channel and its link drains of Narasinghpur Block in Cuttack District,Cuttack,,753003,20.466666666666665,85.9,CEDrainageCuttack||SEDrainageCuttack,Additional Chief Engineer Drainage Circle Cuttack,Improvement to Dhania Nalla Drainage Channel and its link drains of Narasinghpur Block in Cuttack District,Pre-Monsoon,2022-04-25,Civil Works - Others,,SEDC-CTC/DDCTC-22/2021-22,2021_CEDC_73351_1,36175536.0,36175536.0,42554447,
338,Odisha,Construction of 5 Nos pile foot bridge in Balikuda Erasama Block Near village Badagaon near village Suakunda near village Alia near village Samantarapur near village Anianka,Cuttack,,754103,20.466666666666665,85.9,CEDrainageCuttack||SEDrainageCuttack,Additional Chief Engineer Drainage Circle Cuttack,Construction of 5 Nos pile foot bridge in Balikuda Erasama Block Near village Badagaon near village Suakunda near village Alia near village Samantarapur near village Anianka,Pre-Monsoon,2022-04-25,Civil Works - Others,,SEDC-CTC/DDJSPR-23/2021-22,2021_CEDC_73352_1,11135062.0,11135062.0,13098532,
339,Odisha,S/R to a.Construction of S.B. over Mendhakhai on N.H.5 (Govindpur) to Champapur via Anandabazar road b. Construction of Bridge over H.L. Canal at 1.500 Km. on Sanachancho Badachancho road in the District of Cuttack for the year 2021-22,Cuttack,,753004,20.466666666666665,85.9,CE RW I||RWCIRCLE-CUTTACK||RWDIVISION-CUTTACK,O/O THE S.E. R.W.DIVISION CUTTACK,S/R to a.Construction of S.B. over Mendhakhai on N.H.5 (Govindpur) to Champapur via Anandabazar road b. Construction of Bridge over H.L. Canal at 1.500 Km. on Sanachancho Badachancho road in the District of Cuttack for the year 2021-22,Pre-Monsoon,2022-04-14,Civil Works - Bridges,,RWD-CTC-10-2021-22,2021_CERWI_73377_29,308761.0,308761.0,363206,
340,Odisha,S/R to a. H.L. Bridge over river Prachi on Madhab Binishpur Road b. H.L. Bridge over river Prachi on R.D. Road (Nua Satanga) to Puruna Betenda road (Near Mishra Sahu house) (c). H.L. Bridge over river Prachi on Binishpur Sikharghat road (d). H.L. B,Cuttack,,753004,20.466666666666665,85.9,CE RW I||RWCIRCLE-CUTTACK||RWDIVISION-CUTTACK,O/O THE S.E. R.W.DIVISION CUTTACK,S/R to a. H.L. Bridge over river Prachi on Madhab Binishpur Road b. H.L. Bridge over river Prachi on R.D. Road (Nua Satanga) to Puruna Betenda road (Near Mishra Sahu house) (c). H.L. Bridge over river Prachi on Binishpur Sikharghat road (d). H.L. B,Pre-Monsoon,2022-04-11,Civil Works - Bridges,,RWD-CTC-10-2021-22,2021_CERWI_73377_30,828270.0,828270.0,974321,
341,Odisha,S/R to (a). H.L. Bridge over river Kandal at 4th Km. on Patasundarpur Badamulei road (b). H.L. Bridge over river Prachi on Adaspur to Banamalipur Road (c). H.L. Bridge over river Chhinda on R.D. Road to Patrakana (d). Const. of Bridge over Telejodi N,Cuttack,,753004,20.466666666666665,85.9,CE RW I||RWCIRCLE-CUTTACK||RWDIVISION-CUTTACK,O/O THE S.E. R.W.DIVISION CUTTACK,S/R to (a). H.L. Bridge over river Kandal at 4th Km. on Patasundarpur Badamulei road (b). H.L. Bridge over river Prachi on Adaspur to Banamalipur Road (c). H.L. Bridge over river Chhinda on R.D. Road to Patrakana (d). Const. of Bridge over Telejodi N,Pre-Monsoon,2022-04-13,Civil Works - Bridges,,RWD-CTC-10-2021-22,2021_CERWI_73377_31,1248313.0,1248313.0,1468431,
342,Odisha,S/R to Construction of Bridge over river Sedua on Khalarda Sarichuan Road in the District of Cuttack for the year 2021-22,Cuttack,,753004,20.466666666666665,85.9,CE RW I||RWCIRCLE-CUTTACK||RWDIVISION-CUTTACK,O/O THE S.E. R.W.DIVISION CUTTACK,S/R to Construction of Bridge over river Sedua on Khalarda Sarichuan Road in the District of Cuttack for the year 2021-22,Pre-Monsoon,2022-04-11,Civil Works - Bridges,,RWD-CTC-10-2021-22,2021_CERWI_73377_32,752022.0,752022.0,884628,
343,Odisha,S/R to a. H.L. Bridge over Mahanadi at Kishannagar on Gadama Kishannagar road b. Construction of Bridge over Taladanda canal on Allarpur Sidheswarpur road in the District of Cuttack for the year 2021-22,Cuttack,,753004,20.466666666666665,85.9,CE RW I||RWCIRCLE-CUTTACK||RWDIVISION-CUTTACK,O/O THE S.E. R.W.DIVISION CUTTACK,S/R to a. H.L. Bridge over Mahanadi at Kishannagar on Gadama Kishannagar road b. Construction of Bridge over Taladanda canal on Allarpur Sidheswarpur road in the District of Cuttack for the year 2021-22,Pre-Monsoon,2022-04-11,Civil Works - Bridges,,RWD-CTC-10-2021-22,2021_CERWI_73377_34,1879228.0,1879228.0,2210596,
344,Odisha,S/R to (a).Construction of Bridge over river Sukanai on Tribeniswar Mouda road (b). Construction of H.L. Bridge over river Birupa near Jasarajpur on Bheda to Anandabazar road in the District of Cuttack for the year 2021-22,Cuttack,,753004,20.466666666666665,85.9,CE RW I||RWCIRCLE-CUTTACK||RWDIVISION-CUTTACK,O/O THE S.E. R.W.DIVISION CUTTACK,S/R to (a).Construction of Bridge over river Sukanai on Tribeniswar Mouda road (b). Construction of H.L. Bridge over river Birupa near Jasarajpur on Bheda to Anandabazar road in the District of Cuttack for the year 2021-22,Pre-Monsoon,2022-04-13,Civil Works - Bridges,,RWD-CTC-10-2021-22,2021_CERWI_73377_35,503689.0,503689.0,592506,
345,Odisha,S/R to (a). H.L. Bridge over river Kandal at 8th Km. on Salei Baharana road (b). H.L. Bridge over river on Nuagaon Balisahi road (c). H.L. Bridge over river Prachi on F.N.M. road to Dinasinghpatana road (d). S.B. over Dengajore on Majhikhanda Bilasun,Cuttack,,753004,20.466666666666665,85.9,CE RW I||RWCIRCLE-CUTTACK||RWDIVISION-CUTTACK,O/O THE S.E. R.W.DIVISION CUTTACK,S/R to (a). H.L. Bridge over river Kandal at 8th Km. on Salei Baharana road (b). H.L. Bridge over river on Nuagaon Balisahi road (c). H.L. Bridge over river Prachi on F.N.M. road to Dinasinghpatana road (d). S.B. over Dengajore on Majhikhanda Bilasun,Pre-Monsoon,2022-04-13,Civil Works - Bridges,,RWD-CTC-10-2021-22,2021_CERWI_73377_37,1248745.0,1248745.0,1468940,
346,Odisha,S/R to Construction of Bridge over river Gobari on Haribhaktapur Lalitgiri road (b). Const. of Bridge over Gobari on Nadiasahaspur to Podamarei Road (c). Bridge over river Gobari on Rahania to Champatipur road near Matiparilo (d). Bridge over river G,Cuttack,,753004,20.466666666666665,85.9,CE RW I||RWCIRCLE-CUTTACK||RWDIVISION-CUTTACK,O/O THE S.E. R.W.DIVISION CUTTACK,S/R to Construction of Bridge over river Gobari on Haribhaktapur Lalitgiri road (b). Const. of Bridge over Gobari on Nadiasahaspur to Podamarei Road (c). Bridge over river Gobari on Rahania to Champatipur road near Matiparilo (d). Bridge over river G,Pre-Monsoon,2022-04-11,Civil Works - Bridges,,RWD-CTC-10-2021-22,2021_CERWI_73377_38,2224060.0,2224060.0,2616233,
347,Odisha,S/R to High Level Bridge over river Kandal near Kundimuhan at 8th Km. on Salei Baharana road in the District of Cuttack for the year 2021-22 (such as providing fitting fixing stripseal joint by replacing old damaged M.S. angle expansion joint),Cuttack,,753004,20.466666666666665,85.9,CE RW I||RWCIRCLE-CUTTACK||RWDIVISION-CUTTACK,O/O THE S.E. R.W.DIVISION CUTTACK,S/R to High Level Bridge over river Kandal near Kundimuhan at 8th Km. on Salei Baharana road in the District of Cuttack for the year 2021-22 (such as providing fitting fixing stripseal joint by replacing old damaged M.S. angle expansion joint),Pre-Monsoon,2022-04-11,Civil Works - Bridges,,RWD-CTC-16-2021-22,2021_CERWI_74986_1,4135562.0,4135562.0,3984164,
348,Odisha,Improvement to Sahada Drainage cut with sluice and protection work of Alaka river along with Bathing Ghat,Cuttack,,754103,20.466666666666665,85.9,CEDrainageCuttack||SEDrainageCuttack,Additional Chief Engineer Drainage Circle Cuttack,Improvement to Sahada Drainage cut with sluice and protection work of Alaka river along with Bathing Ghat,Pre-Monsoon,2022-04-25,Civil Works - Others,,SEDC-CTC / DDJSPR -24/2021-22,2022_CEDC_75442_1,10870264.0,10870264.0,12787041,
349,Odisha,1.Renovation of Kachera D/C under Kantapada Block,Cuttack,,754002,20.466666666666665,85.9,CEDrainageCuttack||SEDrainageCuttack,ACE Drainage Circle Cuttack,1.Renovation of Kachera D/C under Kantapada Block (Doab-V),Pre-Monsoon,2023-04-19,Civil Works - Others,,ACEDC-CTC -DD-CTC -13/2022-23,2022_CEDC_81898_1,9332840.0,9332840.0,10978520,
350,Odisha,Improvement to Porha nalla Drainage cut from RD 3.00km to 7.0km with its 4nos of link drains of Narasinghpur Block in Cuttack District,Cuttack,,754032,20.466666666666665,85.9,CEDrainageCuttack||SEDrainageCuttack,ACE Drainage Circle Cuttack,Improvement to Porha nalla Drainage cut from RD 3.00km to 7.0km with its 4nos of link drains of Narasinghpur Block in Cuttack District,Pre-Monsoon,2023-04-17,Civil Works - Others,,ACEDC-CTC-DDCTC-16/2022-23,2022_CEDC_82028_1,35141697.0,35141697.0,41338309,
351,Odisha,Renovation of Adaspur Drainage cut from RD 00km to RD 15km including link drains under Niali Block,Cuttack,,754004,20.466666666666665,85.9,CEDrainageCuttack||SEDrainageCuttack,ACE Drainage Circle Cuttack,Renovation of Adaspur Drainage cut from RD 00km to RD 15km including link drains under Niali Block,Pre-Monsoon,2023-04-05,Civil Works - Others,,ACEDC-DDCTC-17/2022-23,2022_CEDC_82030_1,36020728.0,36020728.0,42372342,
352,Odisha,Restoration to scoured bank from Kandha to Sasanga from RD 200 m to RD 300 m on Mahanadi left for the year 2022-23,Cuttack,,754021,20.466666666666665,85.9,CE-BMLMB BasinBBSR||SE Eastern CircleCuttack||EE Mahanadi North DivisionJagatpur,O/O THE SUPERINTENDING ENGINEERMND-I,Restoration to scoured bank from Kandha to Sasanga from RD 200 m to RD 300 m on Mahanadi left for the year 2022-23,Monsoon,2022-07-16,Civil Works - Others,,MND-04/2021-22,2022_CELBB_76452_11,2189192.0,2189192.0,2575217,
353,Odisha,Restoration to scoured bank on Mahanadi left near Ogalpur from RD 350 m to 440m for the year 2022-23,Cuttack,,754021,20.466666666666665,85.9,CE-BMLMB BasinBBSR||SE Eastern CircleCuttack||EE Mahanadi North DivisionJagatpur,O/O THE SUPERINTENDING ENGINEERMND-I,Restoration to scoured bank on Mahanadi left near Ogalpur from RD 350 m to 440m for the year 2022-23,Monsoon,2022-07-16,Civil Works - Others,,MND-04/2021-22,2022_CELBB_76452_12,1908576.0,1908576.0,2245120,
354,Odisha,Protection to scoured bank on Mahanadi left near village Digisahi from RD 2710 m to 2895 m for the year 2022-23,Cuttack,,754021,20.466666666666665,85.9,CE-BMLMB BasinBBSR||SE Eastern CircleCuttack||EE Mahanadi North DivisionJagatpur,O/O THE SUPERINTENDING ENGINEERMND-I,Protection to scoured bank on Mahanadi left near village Digisahi from RD 2710 m to 2895 m for the year 2022-23,Monsoon,2022-07-16,Civil Works - Others,,MND-04/2021-22,2022_CELBB_76452_13,3015483.0,3015483.0,3547209,
355,Odisha,Protection to scoured bank on Chitrotpala left from RD 0.205 Km to 0.475 Km at D/S of Harichandrapur bridge for the year 2022-23,Cuttack,,754021,20.466666666666665,85.9,CE-BMLMB BasinBBSR||SE Eastern CircleCuttack||EE Mahanadi North DivisionJagatpur,O/O THE SUPERINTENDING ENGINEERMND-I,Protection to scoured bank on Chitrotpala left from RD 0.205 Km to 0.475 Km at D/S of Harichandrapur bridge for the year 2022-23,Monsoon,2022-07-16,Civil Works - Others,,MND-04/2021-22,2022_CELBB_76452_14,3035896.0,3035896.0,3571223,
356,Odisha,Restoration to scoured bank on Sultania OAE on Birupa right from RD 00 to 2200m for the year 2022-23,Cuttack,,754021,20.466666666666665,85.9,CE-BMLMB BasinBBSR||SE Eastern CircleCuttack||EE Mahanadi North DivisionJagatpur,O/O THE SUPERINTENDING ENGINEERMND-I,Restoration to scoured bank on Sultania OAE on Birupa right from RD 00 to 2200m for the year 2022-23,Monsoon,2022-07-16,Civil Works - Others,,MND-04/2021-22,2022_CELBB_76452_15,1503016.0,1503016.0,1768047,
357,Odisha,Protection to scoured bank on Birupa right embankment near Dihasahi for the year 2022-23,Cuttack,,754021,20.466666666666665,85.9,CE-BMLMB BasinBBSR||SE Eastern CircleCuttack||EE Mahanadi North DivisionJagatpur,O/O THE SUPERINTENDING ENGINEERMND-I,Protection to scoured bank on Birupa right embankment near Dihasahi for the year 2022-23,Monsoon,2022-07-16,Civil Works - Others,,MND-04/2021-22,2022_CELBB_76452_16,1512562.0,1512562.0,1779275,
358,Odisha,Restoration to Mahanadi left from Mangarajpur to Sankhamari embankment from RD 1500 m to RD 1800 m for the year 2022-23,Cuttack,,754021,20.466666666666665,85.9,CE-BMLMB BasinBBSR||SE Eastern CircleCuttack||EE Mahanadi North DivisionJagatpur,O/O THE SUPERINTENDING ENGINEERMND-I,Restoration to Mahanadi left from Mangarajpur to Sankhamari embankment from RD 1500 m to RD 1800 m for the year 2022-23,Monsoon,2022-07-16,Civil Works - Others,,MND-04/2021-22,2022_CELBB_76452_2,1894866.0,1894866.0,2228992,
359,Odisha,Restoration to scoured bank on Mahanadi left near Prasannapur for the year 2022-23,Cuttack,,754021,20.466666666666665,85.9,CE-BMLMB BasinBBSR||SE Eastern CircleCuttack||EE Mahanadi North DivisionJagatpur,O/O THE SUPERINTENDING ENGINEERMND-I,Restoration to scoured bank on Mahanadi left near Prasannapur for the year 2022-23,Monsoon,2022-07-16,Civil Works - Others,,MND-04/2021-22,2022_CELBB_76452_23,2249030.0,2249030.0,2645607,
360,Odisha,Restoration to scoured bank on Mahanadi left from Kandarpur to Landeilo for the year 2022-23,Cuttack,,754021,20.466666666666665,85.9,CE-BMLMB BasinBBSR||SE Eastern CircleCuttack||EE Mahanadi North DivisionJagatpur,O/O THE SUPERINTENDING ENGINEERMND-I,Restoration to scoured bank on Mahanadi left from Kandarpur to Landeilo for the year 2022-23,Monsoon,2022-07-16,Civil Works - Others,,MND-04/2021-22,2022_CELBB_76452_24,2247695.0,2247695.0,2644036,
361,Odisha,Protection to scoured bank on Kani OAE on Birupa right from RD 1100 m to 1200 m for the year 2022-23,Cuttack,,754021,20.466666666666665,85.9,CE-BMLMB BasinBBSR||SE Eastern CircleCuttack||EE Mahanadi North DivisionJagatpur,O/O THE SUPERINTENDING ENGINEERMND-I,Protection to scoured bank on Kani OAE on Birupa right from RD 1100 m to 1200 m for the year 2022-23,Monsoon,2022-07-16,Civil Works - Others,,MND-04/2021-22,2022_CELBB_76452_25,751540.0,751540.0,884060,
362,Odisha,Protection to Sapua right near Godijharia to Arakhapatna for the year 2022-23,Cuttack,,754021,20.466666666666665,85.9,CE-BMLMB BasinBBSR||SE Eastern CircleCuttack||EE Mahanadi North DivisionJagatpur,O/O THE SUPERINTENDING ENGINEERMND-I,Protection to Sapua right near Godijharia to Arakhapatna for the year 2022-23,Monsoon,2022-07-16,Civil Works - Others,,MND-04/2021-22,2022_CELBB_76452_4,1875703.0,1875703.0,2206449,
363,Odisha,Restoration to scoured bank on Mahanadi left near Parianighat from RD 450 m to 580 m for the year 2022-23,Cuttack,,754021,20.466666666666665,85.9,CE-BMLMB BasinBBSR||SE Eastern CircleCuttack||EE Mahanadi North DivisionJagatpur,O/O THE SUPERINTENDING ENGINEERMND-I,Restoration to scoured bank on Mahanadi left near Parianighat from RD 450 m to 580 m for the year 2022-23,Monsoon,2022-07-16,Civil Works - Others,,MND-04/2021-22,2022_CELBB_76452_5,3038890.0,3038890.0,3574745,
364,Odisha,Restoration to scoured bank on Mahanadi left near village Baliput from RD 00 to 150 m for the year 2022-23,Cuttack,,754021,20.466666666666665,85.9,CE-BMLMB BasinBBSR||SE Eastern CircleCuttack||EE Mahanadi North DivisionJagatpur,O/O THE SUPERINTENDING ENGINEERMND-I,Restoration to scoured bank on Mahanadi left near village Baliput from RD 00 to 150 m for the year 2022-23,Monsoon,2022-07-16,Civil Works - Others,,MND-04/2021-22,2022_CELBB_76452_6,3031427.0,3031427.0,3565965,
365,Odisha,Restoration to scoured bank on Mahanadi left near village Ranibhuin from RD 3070 m to 3160 m for the year 2022-23,Cuttack,,754021,20.466666666666665,85.9,CE-BMLMB BasinBBSR||SE Eastern CircleCuttack||EE Mahanadi North DivisionJagatpur,O/O THE SUPERINTENDING ENGINEERMND-I,Restoration to scoured bank on Mahanadi left near village Ranibhuin from RD 3070 m to 3160 m for the year 2022-23,Monsoon,2022-07-25,Civil Works - Others,,MND-04/2021-22,2022_CELBB_76452_7,3006812.0,3006812.0,3537010,
366,Odisha,Restoration to scoured bank on Mahanadi left near village Sanagaon from RD 5780 m to 5900 m for the year 2022-23,Cuttack,,754021,20.466666666666665,85.9,CE-BMLMB BasinBBSR||SE Eastern CircleCuttack||EE Mahanadi North DivisionJagatpur,O/O THE SUPERINTENDING ENGINEERMND-I,Restoration to scoured bank on Mahanadi left near village Sanagaon from RD 5780 m to 5900 m for the year 2022-23,Monsoon,2022-07-16,Civil Works - Others,,MND-04/2021-22,2022_CELBB_76452_8,3159396.0,3159396.0,3716499,
367,Odisha,Restoration to scoured bank on Mahanadi left near village Hairanpur from RD00 to 120 m for the year 2022-23,Cuttack,,754021,20.466666666666665,85.9,CE-BMLMB BasinBBSR||SE Eastern CircleCuttack||EE Mahanadi North DivisionJagatpur,O/O THE SUPERINTENDING ENGINEERMND-I,Restoration to scoured bank on Mahanadi left near village Hairanpur from RD00 to 120 m for the year 2022-23,Monsoon,2022-07-25,Civil Works - Others,,MND-04/2021-22,2022_CELBB_76452_9,3022557.0,3022557.0,3555531,
368,Odisha,Construction Of 20 Nos Recharge Shafts in Tanks Ponds in Korei Block Of Jajpur District,Cuttack,,753003,20.466666666666665,85.9,Ground Water Survey and Investigation,CUTTACK,Construction Of 20 Nos Recharge Shafts in Tanks Ponds in Korei Block Of Jajpur District,Post-Monsoon,2022-12-05,Civil Works - Others,,01/GWCTC/ARUA/2022-23,2022_GWSI_82357_1,4213248.0,4213248.0,4213000,
369,Odisha,Installation of Recharge Shafts and Monitoring Station at 20 Locations under Garadpur Block of Kendrapara District,Cuttack,,753003,20.466666666666665,85.9,Ground Water Survey and Investigation,CUTTACK,Installation of Recharge Shafts and Monitoring Station at 20 Locations under Garadpur Block of Kendrapara District,Post-Monsoon,2022-12-13,Civil Works - Others,,02/GWCTC/ARUA/2022-23,2022_GWSI_82564_1,4213248.0,4213248.0,4213000,
370,Odisha,Installation of Recharge Shafts and Monitoring Station at 20 Locations under Korei Block of Jajpur District Part-A,Cuttack,,753003,20.466666666666665,85.9,Ground Water Survey and Investigation,CUTTACK,Installation of Recharge Shafts and Monitoring Station at 20 Locations under Korei Block of Jajpur District Part-A,Post-Monsoon,2023-01-06,Civil Works - Others,,03/GWCTC/ARUA/2022-23,2022_GWSI_83570_1,4423910.09,4423910.09,4213000,
371,Odisha,Installation of Recharge Shafts and Monitoring Station at 20 Locations under Garadapur Block of Kendrapara District Part-B,Cuttack,,753003,20.466666666666665,85.9,Ground Water Survey and Investigation,CUTTACK,Installation of Recharge Shafts and Monitoring Station at 20 Locations under Garadapur Block of Kendrapara District Part-B,Post-Monsoon,2023-01-12,Civil Works - Others,,04/GWCTC/ARUA/2022-23,2022_GWSI_83601_1,4402844.0,4402844.0,4213000,
372,Odisha,Installation of Recharge Shafts and Monitoring Station at 08 Locations in Binjharpur Block and 08 locations in Rasulpur Block of Jajpur District,Cuttack,,753003,20.466666666666665,85.9,Ground Water Survey and Investigation,CUTTACK,Installation of Recharge Shafts and Monitoring Station at 08 Locations in Binjharpur Block and 08 locations in Rasulpur Block of Jajpur District,Post-Monsoon,2023-02-04,Civil Works - Others,,05/GWCTC/ARUA/2022-23,2022_GWSI_84611_1,2527611.0,2527611.0,2856059,
373,Odisha,Installation of Recharge Shafts and Monitoring Station at 08 Locations in Jajpur Block and 07 locations in Dasarathpur Block of Jajpur District,Cuttack,,753003,20.466666666666665,85.9,Ground Water Survey and Investigation,CUTTACK,Installation of Recharge Shafts and Monitoring Station at 08 Locations in Jajpur Block and 07 locations in Dasarathpur Block of Jajpur District,Post-Monsoon,2023-02-04,Civil Works - Others,,06/GWDCTC/ARUA/2022-23,2022_GWSI_84612_1,2378456.0,2378456.0,2685722,
374,Odisha,Installation of Recharge Shafts and Monitoring Station in 03 blocks i.e Pattamundai Kujanga Cuttack sadar 07 nos each of Kendrapada Jagatsinghpur and Cuttack district respectively,Cuttack,,753003,20.466666666666665,85.9,Ground Water Survey and Investigation,CUTTACK,Installation of Recharge Shafts and Monitoring Station in 03 blocks i.e Pattamundai Kujanga Cuttack sadar 07 nos each of Kendrapada Jagatsinghpur and Cuttack district respectively,Post-Monsoon,2023-02-14,Civil Works - Others,,07/GWDCTC/ARUA/2022-23,2022_GWSI_84793_1,3506426.0,3506426.0,3778477,
375,Odisha,Street Sweeping Drain Desilting Bush Uprooting De-weeding and Conservancy Cleaning in,Cuttack,,753012,20.466666666666665,85.9,Municipal Bodies||Cuttack Municipal Corporation,Bikash BhawanJagannath LaneBadambadi-753012,Street Sweeping Drain Desilting Bush Uprooting De-weeding and Conservancy Cleaning in Cuttack Municipal Corporation (Zone-2)comprise with 10 wards viz 10 11 12 13 14 15 17 18 19 and 20,Post-Monsoon,2022-12-20,Civil Works - Others,,MC(CMC)CTC_Div-II_No31/2021-22,2022_ORULB_75426_2,347656993.7,333982720.0,351523755,
376,Odisha,Street Sweeping Drain Desilting Bush Uprooting De-weeding and Conservancy Cleaning in,Cuttack,,753012,20.466666666666665,85.9,Municipal Bodies||Cuttack Municipal Corporation,Bikash BhawanJagannath LaneBadambadi-753012,Street Sweeping Drain Desilting Bush Uprooting De-weeding and Conservancy Cleaning in Cuttack Municipal Corporation (Zone-3)comprise with 10 wards viz 21 22 23 24 25 26 27 28 29 and 30,Pre-Monsoon,2023-04-21,Civil Works - Others,,MC(CMC)CTC_Div-II_No31/2021-22,2022_ORULB_75426_3,273961779.92,273961779.92,304368159,
377,Odisha,Street Sweeping Drain Desilting Bush Uprooting De-weeding and Conservancy Cleaning in,Cuttack,,753012,20.466666666666665,85.9,Municipal Bodies||Cuttack Municipal Corporation,Bikash BhawanJagannath LaneBadambadi-753012,Street Sweeping Drain Desilting Bush Uprooting De-weeding and Conservancy Cleaning in Cuttack Municipal Corporation (Zone-4)comprise with 10 wards viz 32 33 34 35 38 39 40 41 48 and 49,Pre-Monsoon,2023-04-21,Civil Works - Others,,MC(CMC)CTC_Div-II_No31/2021-22,2022_ORULB_75426_4,313374282.92,313374282.92,348154963,
378,Odisha,Street Sweeping Drain Desilting Bush Uprooting De-weeding and Conservancy Cleaning in,Cuttack,,753012,20.466666666666665,85.9,Municipal Bodies||Cuttack Municipal Corporation,Bikash BhawanJagannath LaneBadambadi-753012,Street Sweeping Drain Desilting Bush Uprooting De-weeding and Conservancy Cleaning in Cuttack Municipal Corporation (Zone-5)comprise with 9 wards viz 31 36 37 42 43 46 47 54 and 55,Post-Monsoon,2022-12-20,Civil Works - Others,,MC(CMC)CTC_Div-II_No31/2021-22,2022_ORULB_75426_5,285407827.76,285407827.76,317084577,
379,Odisha,Construction of paver block road with RCC drain from Plot No.17 to Plot No.283 at Mahanadibihar in Ward No.47.,Cuttack,,753012,20.466666666666665,85.9,Municipal Bodies||Cuttack Municipal Corporation,Bikash BhawanJagannath LaneBadambadi-753012,Construction of paver block road with RCC drain from Plot No.17 to Plot No.283 at Mahanadibihar in Ward No.47.,Monsoon,2022-08-20,Civil Works - Others,,MC(CMC)CTC_Div-II_No1/2022-23,2022_ORULB_75429_42,2028243.0,2028243.0,1969168,
380,Odisha,Retrofitting for RPWS Scheme to Brahmanabada and Sompur Zone 1 and Zone 2 under Cuttack Sadar Block,Cuttack,,753004,20.466666666666665,85.9,Rural Water Supply and Sanitation||RWSS Circle Cuttack||RWSS Division Cuttack,Superintending Engineer RWSS Division Cuttack,Retrofitting for RPWS Scheme to Brahmanabada and Sompur Zone 1 and Zone 2 under Cuttack Sadar Block,Post-Monsoon,2023-02-21,Civil Works - Water Works,,RWSSCTC- 01 /2022-23,2022_RWSS_78341_1,28036554.0,28036554.0,31149000,
381,Odisha,Retrofitting for RPWS Scheme to Ayatpur and Dharina Zone I Zone II and Zone III under Cuttack Sadar Block,Cuttack,,753004,20.466666666666665,85.9,Rural Water Supply and Sanitation||RWSS Circle Cuttack||RWSS Division Cuttack,Superintending Engineer RWSS Division Cuttack,Retrofitting for RPWS Scheme to Ayatpur and Dharina Zone I Zone II and Zone III under Cuttack Sadar Block,Post-Monsoon,2023-02-21,Civil Works - Water Works,,RWSSCTC- 01 /2022-23,2022_RWSS_78341_2,36925602.0,36925602.0,40189000,
382,Odisha,Retrofitting for RPWS Scheme to Gunadola and Kaliagarh Zone 1 and Zone II under Kantapada Block,Cuttack,,753004,20.466666666666665,85.9,Rural Water Supply and Sanitation||RWSS Circle Cuttack||RWSS Division Cuttack,Superintending Engineer RWSS Division Cuttack,Retrofitting for RPWS Scheme to Gunadola and Kaliagarh Zone 1 and Zone II under Kantapada Block,Post-Monsoon,2023-02-21,Civil Works - Water Works,,RWSSCTC- 01 /2022-23,2022_RWSS_78341_4,26222253.0,26222253.0,29133000,
383,Odisha,Retrofitting for RPWS Scheme to Harianta Andhoti Sumandi and Usuma under Baranga Block,Cuttack,,753004,20.466666666666665,85.9,Rural Water Supply and Sanitation||RWSS Circle Cuttack||RWSS Division Cuttack,Superintending Engineer RWSS Division Cuttack,Retrofitting for RPWS Scheme to Harianta Andhoti Sumandi and Usuma under Baranga Block,Pre-Monsoon,2023-03-02,Civil Works - Others,,RWSSCTC- 02 /2022-23,2022_RWSS_78511_1,37240776.0,37240776.0,41961000,
384,Odisha,Retrofitting for RPWS Scheme to Anlo I Anlo II Alatalanga II Zone I and Zone II under Niali Block,Cuttack,,753004,20.466666666666665,85.9,Rural Water Supply and Sanitation||RWSS Circle Cuttack||RWSS Division Cuttack,Superintending Engineer RWSS Division Cuttack,Retrofitting for RPWS Scheme to Anlo I Anlo II Alatalanga II Zone I and Zone II under Niali Block,Pre-Monsoon,2023-03-02,Civil Works - Others,,RWSSCTC- 02 /2022-23,2022_RWSS_78511_6,41341559.0,41341559.0,44549000,
385,Odisha,Network Improvement Installation of Isolation Valve Air Valve Sluice valve Pipe laying Valve Chamber for Implementation of Drink from Tap with 24 x 7 water supply to Zone No-4 at CDA ward No.4 and ward No-5(P) CMC Cuttack under SUJAL,Cuttack,,753003,20.466666666666665,85.9,WATCO Bhubaneswar||Director (Operation) Watco||WATCO Division Cuttack,O/o-General Manager WATCO Division Cuttack,Network Improvement Installation of Isolation Valve Air Valve Sluice valve Pipe laying Valve Chamber for Implementation of Drink from Tap with 24 x 7 water supply to Zone No-4 at CDA ward No.4 and ward No-5(P) CMC Cuttack under SUJAL,Monsoon,2022-07-26,Civil Works - Water Works,,WATCO (W) - 03(1) /2022-23 Dtd.10.05.2022,2022_WCUTT_77762_1,4885825.0,4885825.0,5447354,
386,Odisha,Net work Improvement (installation of isolation valve Air valve sluice valve pipe laying valve chamber) for Implementation of Drink from Tap with 24 x 7 water supply to Zone No-5 at Bidanasi Ward No-1 (P) and 2(P) CMC Cuttack under SUJAL,Cuttack,,753003,20.466666666666665,85.9,WATCO Bhubaneswar||Director (Operation) Watco||WATCO Division Cuttack,O/o-General Manager WATCO Division Cuttack,Net work Improvement (installation of isolation valve Air valve sluice valve pipe laying valve chamber) for Implementation of Drink from Tap with 24 x 7 water supply to Zone No-5 at Bidanasi Ward No-1 (P) and 2(P) CMC Cuttack under SUJAL,Monsoon,2022-08-01,Civil Works - Water Works,,WATCO(W)-04(1)/2022-23 Dtd.18.05.2022,2022_WCUTT_77946_1,8003960.0,8003960.0,8699957,
387,Odisha,Network Improvement (installation of isolation valve Air valve sluice valve chamber) for Implementation of Drink from Tap with 24 x 7 water supply to Pratapnagari Ward No.58 and 56 (P) (DMA-III) CMC Cuttack under SUJAL,Cuttack,,753003,20.466666666666665,85.9,WATCO Bhubaneswar||Director (Operation) Watco||WATCO Division Cuttack,O/o-General Manager WATCO Division Cuttack,Network Improvement (installation of isolation valve Air valve sluice valve chamber) for Implementation of Drink from Tap with 24 x 7 water supply to Pratapnagari Ward No.58 and 56 (P) (DMA-III) CMC Cuttack under SUJAL,Monsoon,2022-07-29,Civil Works - Water Works,,WATCO(W)-05(1)/2022-23 Dtd.20.05.2022,2022_WCUTT_78040_1,4661254.0,4661254.0,5011562,
388,Odisha,Network Improvement (Installation of Isolation Valve Air Valve Sluice Valve pipe laying valve chamber House Connection Work) for Implementation of Drink from Tap with 24 x 7 water supply to Gopalpur Ward No. 57 CMC Cuttack under SUJAL,Cuttack,,753003,20.466666666666665,85.9,WATCO Bhubaneswar||Director (Operation) Watco||WATCO Division Cuttack,O/o-General Manager WATCO Division Cuttack,Network Improvement (Installation of Isolation Valve Air Valve Sluice Valve pipe laying valve chamber House Connection Work) for Implementation of Drink from Tap with 24 x 7 water supply to Gopalpur Ward No. 57 CMC Cuttack under SUJAL,Monsoon,2022-07-16,Civil Works - Water Works,,WATCO(W)-05(5)/2022-23 Dtd.20.05.2022,2022_WCUTT_78046_1,5475471.0,5475471.0,6083181,
389,Odisha,Network Improvement(Installation of Isolation Valve AirValve SluiceValve pipe laying valve chamber House Connection Work)for Implementation of Drink from Tap with 24x7 water supply to Zone No28 at Badambadi W.No.31(P)AND 36(P)CMCCuttack,Cuttack,,753003,20.466666666666665,85.9,WATCO Bhubaneswar||Director (Operation) Watco||WATCO Division Cuttack,O/o-General Manager WATCO Division Cuttack,Network Improvement(Installation of Isolation Valve AirValve SluiceValve pipe laying valve chamber House Connection Work)for Implementation of Drink from Tap with 24x7 water supply to Zone No28 at Badambadi W.No.31(P)AND 36(P)CMCCuttack,Monsoon,2022-07-26,Civil Works - Water Works,,WATCO (W) - 06(5) /2022-23 Dtd.27.05.2022,2022_WCUTT_78256_1,3116965.0,3116965.0,3666587,
390,Odisha,Network Improvement(Installation of Isolation Valve Air Valve Sluice Valve pipe laying valve chamber House Connection Work)for Implementation of Drink from Tap with 24x7 water supply to Ward No.56(P) CMC Cuttack under SUJAL.(DMA-I) Pratapnagari,Cuttack,,753003,20.466666666666665,85.9,WATCO Bhubaneswar||Director (Operation) Watco||WATCO Division Cuttack,O/o-General Manager WATCO Division Cuttack,Network Improvement(Installation of Isolation Valve Air Valve Sluice Valve pipe laying valve chamber House Connection Work)for Implementation of Drink from Tap with 24x7 water supply to Ward No.56(P) CMC Cuttack under SUJAL.(DMA-I) Pratapnagari,Monsoon,2022-07-16,Civil Works - Water Works,,WATCO (W) - 06(9) /2022-23 Dtd.27.05.2022,2022_WCUTT_78264_1,7819165.0,7819165.0,8187608,
391,Odisha,Network Improvement with installation of isolation valve Air ValveSluice Valve pipe layingValve chamberHouse connection for implementation of Drink from Tap with 24x7 water supply to zone No-3400KL at CDA ward No-3(P) CMC Cuttack under SUJAL,Cuttack,,753003,20.466666666666665,85.9,WATCO Bhubaneswar||Director (Operation) Watco||WATCO Division Cuttack,O/o-General Manager WATCO Division Cuttack,Network Improvement with installation of isolation valve Air ValveSluice Valve pipe layingValve chamberHouse connection for implementation of Drink from Tap with 24x7 water supply to zone No-3400KL at CDA ward No-3(P) CMC Cuttack under SUJAL,Monsoon,2022-08-19,Civil Works - Water Works,,WATCO(W)-07(1)/2022-23 Dt-21.06.2022,2022_WCUTT_79262_1,6803439.0,6803439.0,7315526,
392,Odisha,Network Improvement (Installation of Isolation Valve Air Valve Sluice Valve pipe laying valve chamber House Connection Work) for Implementation of Drink from Tap with 24 x 7 water supply to Zone No.41(227KL) at Khapuria Ward No. 50 CMC Cuttack,Cuttack,,753003,20.466666666666665,85.9,WATCO Bhubaneswar||Director (Operation) Watco||WATCO Division Cuttack,O/o-General Manager WATCO Division Cuttack,Network Improvement (Installation of Isolation Valve Air Valve Sluice Valve pipe laying valve chamber House Connection Work) for Implementation of Drink from Tap with 24 x 7 water supply to Zone No.41(227KL) at Khapuria Ward No. 50 CMC Cuttack,Monsoon,2022-08-01,Civil Works - Water Works,,WATCO(W)-07(4)/2022-23 Dt-21.06.2022,2022_WCUTT_79273_1,4134572.0,4134572.0,4863630,
393,Odisha,Network Improvement with Installation of Isolation Valve Air Valve Sluice Valve pipe laying valve chamber House Connection for Implementation of Drink from Tap with 24x7 water supply to Zone No-6(900KL) at CDA to Ward No.6(P)CMCCuttack SUJAL,Cuttack,,753003,20.466666666666665,85.9,WATCO Bhubaneswar||Director (Operation) Watco||WATCO Division Cuttack,O/o-WATCO(W)-07(8)/2022-23 Dt-21.06.2022,Network Improvement with Installation of Isolation Valve Air Valve Sluice Valve pipe laying valve chamber House Connection for Implementation of Drink from Tap with 24x7 water supply to Zone No-6(900KL) at CDA to Ward No.6(P)CMCCuttack SUJAL,Monsoon,2022-08-08,Civil Works - Water Works,,WATCO(W)-07(8)/2022-23 Dt-21.06.2022,2022_WCUTT_79281_1,7352721.0,7352721.0,7830374,
394,Odisha,Network Improvement with Installation of Isolation ValveAir ValveSluice Valve pipe laying valve chamberHouse Connection for Implementation of Drink from Tap with 24x7 water supply to Zone No7 500KL at Sector-7P at CDA Ward No.5P CMC,Cuttack,,753003,20.466666666666665,85.9,WATCO Bhubaneswar||Director (Operation) Watco||WATCO Division Cuttack,O/o-General Manager WATCO Division Cuttack,Network Improvement with Installation of Isolation ValveAir ValveSluice Valve pipe laying valve chamberHouse Connection for Implementation of Drink from Tap with 24x7 water supply to Zone No7 500KL at Sector-7P at CDA Ward No.5P CMC,Monsoon,2022-08-08,Civil Works - Water Works,,WATCO(W)-07(11)/2022-23 Dt-21.06.2022,2022_WCUTT_79286_1,7379352.0,7379352.0,8198369,
395,Odisha,Network Improvement with Installation of Isolation Valve Air Valve Sluice Valve pipe laying valve chamber for Implementation of Drink from Tap with 24 x 7 water supply to Zone No-2(750KL) at CDA Ward No. 3(P) CMC Cuttack under SUJAL,Cuttack,,753003,20.466666666666665,85.9,WATCO Bhubaneswar||Director (Operation) Watco||WATCO Division Cuttack,O/o-General Manager WATCO Division Cuttack,Network Improvement with Installation of Isolation Valve Air Valve Sluice Valve pipe laying valve chamber for Implementation of Drink from Tap with 24 x 7 water supply to Zone No-2(750KL) at CDA Ward No. 3(P) CMC Cuttack under SUJAL,Monsoon,2022-07-29,Civil Works - Water Works,,WATCO(W)-07(15)/2022-23 Dt-21.06.2022,2022_WCUTT_79293_1,5281809.0,5281809.0,5868025,
396,Odisha,Network Improvement(Installation of Isolation ValveAir ValveSluice Valvepipe layingvalve chamberHouse Connection Work) for Implementation of Drink from Tap with 24X7 water supply to ZoneNo12 450KL at Bijupattanaik Chawk Ward No9P and 16P CMCCtc,Cuttack,,753003,20.466666666666665,85.9,WATCO Bhubaneswar||Director (Operation) Watco||WATCO Division Cuttack,O/o-General Manager WATCO Division Cuttack,Network Improvement(Installation of Isolation ValveAir ValveSluice Valvepipe layingvalve chamberHouse Connection Work) for Implementation of Drink from Tap with 24X7 water supply to ZoneNo12 450KL at Bijupattanaik Chawk Ward No9P and 16P CMCCtc,Post-Monsoon,2022-12-03,Civil Works - Water Works,,WATCO(W)-08(4)/2022-23 Dt-23.06.2022,2022_WCUTT_79383_1,3015024.0,3015024.0,3546670,
397,Odisha,Network Improvement (Installation of Isolation Valve Air Valve Sluice Valve pipe laying valve chamber House Connection Work) for Implementation of Drink from Tap with 24x7 water supply to Zone No.29 (600KL) at Badambadi ward No-44(P)CMCCtc,Cuttack,,753003,20.466666666666665,85.9,WATCO Bhubaneswar||Director (Operation) Watco||WATCO Division Cuttack,O/o- General Manager WATCO Division Cuttack,Network Improvement (Installation of Isolation Valve Air Valve Sluice Valve pipe laying valve chamber House Connection Work) for Implementation of Drink from Tap with 24x7 water supply to Zone No.29 (600KL) at Badambadi ward No-44(P)CMCCtc,Monsoon,2022-08-22,Civil Works - Water Works,,WATCO(W)-09(4)/2022-23 Dt-30.06.2022,2022_WCUTT_79595_1,1197367.0,1197367.0,1408501,
398,Odisha,Network Improvement (Installation of Isolation Valve Air Valve Sluice Valve pipe laying valve chamber) for Implementation of Drink from Tap with 24x7 water supply to Zone No- 8(850KL) at Krushak Bazar Ward No-7Ward No-1(P)6(P) CMC Ctc SUJAL,Cuttack,,753003,20.466666666666665,85.9,WATCO Bhubaneswar||Director (Operation) Watco||WATCO Division Cuttack,O/o-General Manager WATCO Division Cuttack,Network Improvement (Installation of Isolation Valve Air Valve Sluice Valve pipe laying valve chamber) for Implementation of Drink from Tap with 24x7 water supply to Zone No- 8(850KL) at Krushak Bazar Ward No-7Ward No-1(P)6(P) CMC Ctc SUJAL,Post-Monsoon,2022-11-01,Civil Works - Water Works,,WATCO(W)-09(11)/2022-23 Dt-30.06.2022,2022_WCUTT_79604_1,3780066.0,3780066.0,4199606,
399,Odisha,Network Improvement (Installation of Isolation ValveAir ValveSluice Valve pipe layingvalve chamber)for Implementation of Drink from Tap with 24x7 water supply to Zone No-11 at Gorakabar 700KL W.No. 8P9P16P CMC Cuttack under SUJAL,Cuttack,,753003,20.466666666666665,85.9,WATCO Bhubaneswar||Director (Operation) Watco||WATCO Division Cuttack,O/o-General Manager WATCO Division Cuttack,Network Improvement (Installation of Isolation ValveAir ValveSluice Valve pipe layingvalve chamber)for Implementation of Drink from Tap with 24x7 water supply to Zone No-11 at Gorakabar 700KL W.No. 8P9P16P CMC Cuttack under SUJAL,Monsoon,2022-09-26,Civil Works - Water Works,,WATCO(W)- 10(3)/2022-23 Dt-25.07.2022,2022_WCUTT_80156_1,4187987.0,4187987.0,4652802,
400,Odisha,Network Improvement with installation of isolation valve Air Valve Sluice Valve pipe laying Valve chamber House connection for implementation of Drink from Tap with 24x7 water supply to zone No-42(600KL)at Badambadi ward No-44P and 45P CMCCTC,Cuttack,,753003,20.466666666666665,85.9,WATCO Bhubaneswar||Director (Operation) Watco||WATCO Division Cuttack,O/o-General Manager WATCO Division Cuttack,Network Improvement with installation of isolation valve Air Valve Sluice Valve pipe laying Valve chamber House connection for implementation of Drink from Tap with 24x7 water supply to zone No-42(600KL)at Badambadi ward No-44P and 45P CMCCTC,Post-Monsoon,2022-10-01,Civil Works - Water Works,,WATCO(W)-11(6)/2022-23 Dt-01.08.2022,2022_WCUTT_80395_1,4430148.0,4430148.0,4921840,
401,Odisha,Network Improvement with Installation of Isolation Valve Air Valve Sluice Valve pipe laying valve chamber for Implementation of Drink from Tap with 24x7 water supply to Zone No-34(750KL) at Badambadi to WNo.36P and 37 CMCCuttack under SUJAL,Cuttack,,753003,20.466666666666665,85.9,WATCO Bhubaneswar||Director (Operation) Watco||WATCO Division Cuttack,O/o-General Manager WATCO Division Cuttack,Network Improvement with Installation of Isolation Valve Air Valve Sluice Valve pipe laying valve chamber for Implementation of Drink from Tap with 24x7 water supply to Zone No-34(750KL) at Badambadi to WNo.36P and 37 CMCCuttack under SUJAL,Post-Monsoon,2022-10-18,Civil Works - Water Works,,WATCO(W)-11(7)/2022-23 Dt-01.08.2022,2022_WCUTT_80396_1,3313514.0,3313514.0,3897793,
402,Odisha,Shifting of Old C.I. pipe line from Machhuabazar chhaka to Dr. Pitabasa Sahoo Residence Baniasahi for reconstruction of CMC drain in Ward No.34 under WATCO Section Annapurna Cuttack,Cuttack,,753003,20.466666666666665,85.9,WATCO Bhubaneswar||Director (Operation) Watco||WATCO Division Cuttack,O/o-General Manager WATCO Division Cuttack,Shifting of Old C.I. pipe line from Machhuabazar chhaka to Dr. Pitabasa Sahoo Residence Baniasahi for reconstruction of CMC drain in Ward No.34 under WATCO Section Annapurna Cuttack,Pre-Monsoon,2023-03-09,Civil Works - Water Works,,WATCO(W)-17(1)/2022-23 Dt-19.12.2022,2022_WCUTT_84665_1,4368775.0,4368775.0,4598226,
403,Odisha,DESILTING CLEANING GRASS AND SHRUB JUNGLE WITH BANK PROTECTION WORK FROM RD 100 M TO 510 M 580 M TO 787 M 855 M TO 1415 M AND 1830 M TO 3750 M OF BAGHUA DISTRIBUTARY.,Cuttack,,758025,20.466666666666665,85.9,CE BM Baitarani Basin Kenojhar||Addl CE Salapada Irrigation Circle Salapada||SE Bidyadharpur Canal Division Bidyadharpur,S.E Bidyadharpur Canal Division Bidyadharpur,DESILTING CLEANING GRASS AND SHRUB JUNGLE WITH BANK PROTECTION WORK FROM RD 100 M TO 510 M 580 M TO 787 M 855 M TO 1415 M AND 1830 M TO 3750 M OF BAGHUA DISTRIBUTARY.,Pre-Monsoon,2023-04-24,Civil Works - Canal,,SE-BCD- 14(02) OF 2022-23,2023_BCDB_85433_2,1047305.0,1047305.0,1232000,
404,Odisha,Restoration to Spur at RD 37.90 Km on Mahanadi right near Tarapur,Cuttack,,754131,20.466666666666665,85.9,CE-BMLMB BasinBBSR||SE Eastern CircleCuttack||EEMahanadi South DivisionCuttack,S.E Mahanadi South Division-I Cuttack,Restoration to Spur at RD 37.90 Km on Mahanadi right near Tarapur,Pre-Monsoon,2023-03-18,Civil Works - Others,,IFB No.04 MSD / (Online) 2022-23,2023_CELBB_85510_7,1070033.0,1070033.0,1258715,
405,Odisha,Restoration to disty No 4E at RD1280MRD1470m and disty No 4C3 canal at RD 400M of K.Canal,Cuttack,,754021,20.466666666666665,85.9,CE-BMLMB BasinBBSR||SE Eastern CircleCuttack||EE Mahanadi North DivisionJagatpur,O/o the Superintending Engineer MNDJAGATPUR,Restoration to disty No 4E at RD1280MRD1470m and disty No 4C3 canal at RD 400M of K.Canal,Pre-Monsoon,2023-04-26,Civil Works - Others,,MND-06 OF 2022-23,2023_CELBB_85686_12,1697997.0,1697997.0,1997409,
406,Odisha,Improvement to Mahanadi left from Nuasasan to Berhampur and Construction of hume pipe culvert near Nuasasan,Cuttack,,754021,20.466666666666665,85.9,CE-BMLMB BasinBBSR||SE Eastern CircleCuttack||EE Mahanadi North DivisionJagatpur,O/o the Superintending Engineer MNDJAGATPUR,Improvement to Mahanadi left from Nuasasan to Berhampur and Construction of hume pipe culvert near Nuasasan,Pre-Monsoon,2023-04-26,Civil Works - Others,,MND-06 OF 2022-23,2023_CELBB_85686_3,2100932.0,2100932.0,2471394,
407,Odisha,Restoration to Mahanadi left embankment near village Telenia,Cuttack,,754021,20.466666666666665,85.9,CE-BMLMB BasinBBSR||SE Eastern CircleCuttack||EE Mahanadi North DivisionJagatpur,O/o the Superintending Engineer MNDJAGATPUR,Restoration to Mahanadi left embankment near village Telenia,Pre-Monsoon,2023-04-26,Civil Works - Others,,MND-06 OF 2022-23,2023_CELBB_85686_5,2777479.0,2777479.0,3267238,
408,Odisha,Restoration to scoured bank on Mahanadi left near village Kathakhunta from RD 40m to 160m .,Cuttack,,754021,20.466666666666665,85.9,CE-BMLMB BasinBBSR||SE Eastern CircleCuttack||EE Mahanadi North DivisionJagatpur,O/o the Superintending Engineer MNDJAGATPUR,Restoration to scoured bank on Mahanadi left near village Kathakhunta from RD 40m to 160m .,Pre-Monsoon,2023-04-03,Civil Works - Others,,MND-06 OF 2022-23,2023_CELBB_85686_6,2498144.0,2498144.0,2938647,
409,Odisha,Restoration to Disty No.6D3B near RD226M450M960M1750M and Disty No.6D3C near RD 300M840M1300M of K.Canala.,Cuttack,,754021,20.466666666666665,85.9,CE-BMLMB BasinBBSR||SE Eastern CircleCuttack||EE Mahanadi North DivisionJagatpur,O/o the Superintending Engineer MNDJAGATPUR,Restoration to Disty No.6D3B near RD226M450M960M1750M and Disty No.6D3C near RD 300M840M1300M of K.Canala.,Pre-Monsoon,2023-04-04,Civil Works - Others,,MND-06 OF 2022-23,2023_CELBB_85686_8,1696340.0,1696340.0,1995460,
410,Odisha,Construction of Ghantipada-I Checkdam in Tangi-Choudwar Block under Checkdam Scheme for the year 2022-23.,Cuttack,,754022,20.466666666666665,85.9,CEMinor IrrigationBBSR||SECMIC-BHUBANESWAR||CUTTACK,SEMI DIVISION CUTTACKK,Construction of Ghantipada-I Checkdam in Tangi-Choudwar Block under Checkdam Scheme for the year 2022-23.,Post-Monsoon,2023-02-13,Civil Works - Others,,SECMID_11/2022-23,2023_CEMIB_85014_1,4506743.0,3819274.0,4492735,
411,Odisha,Construction of Tinimuhani Checkdam in Tangi-Choudwar Block under Checkdam Scheme for the year 2022-23.,Cuttack,,754022,20.466666666666665,85.9,CEMinor IrrigationBBSR||SECMIC-BHUBANESWAR||CUTTACK,SEMIDIVISIONCUTTACK,Construction of Tinimuhani Checkdam in Tangi-Choudwar Block under Checkdam Scheme for the year 2022-23.,Post-Monsoon,2023-02-23,Civil Works - Others,,SECMID_12/2022-23,2023_CEMIB_85019_3,5818088.0,4930583.0,5800003,
412,Odisha,Construction of drain and Paver Block road near Bhaktamadhu School Telugu Sahi in Ward No. 14.,Cuttack,,753012,20.466666666666665,85.9,Municipal Bodies||Cuttack Municipal Corporation,At Bikash Bhawan Jagannathlane,Construction of drain and Paver Block road near Bhaktamadhu School Telugu Sahi in Ward No. 14.,Pre-Monsoon,2023-04-11,Civil Works - Others,,MC(CMC)CTC_Div-I_No19/2022-23,2023_ORULB_85209_13,294632.0,294632.0,286100,
413,Odisha,Construction of Storm water drain at Odisha Adarsha Vidyalaya Bahadaposi in the District of Deogarh for the year 2022-23 under OMBADC Phase-II.,Deogarh,,768108,21.533333333333335,84.76666666666667,EIC-CIVIL||SERNB-CIRCLE-NORTHERN||EE RNB Division Deogarh,Deogarh,Construction of Storm water drain at Odisha Adarsha Vidyalaya Bahadaposi in the District of Deogarh for the year 2022-23 under OMBADC Phase-II.,Pre-Monsoon,2023-04-26,Civil Works - Others,,EE PWD DGR No. 17 of 2022-23,2023_EICCL_85563_1,1666445.0,1666445.0,1960000,
414,Odisha,Construction of Storm water drain at Odisha Adarsha Vidyalaya Tileibani in the District of Deogarh for the year 2022-23 under OMBADC Phase-II.,Deogarh,,768108,21.533333333333335,84.76666666666667,EIC-CIVIL||SERNB-CIRCLE-NORTHERN||EE RNB Division Deogarh,Deogarh,Construction of Storm water drain at Odisha Adarsha Vidyalaya Tileibani in the District of Deogarh for the year 2022-23 under OMBADC Phase-II.,Pre-Monsoon,2023-04-17,Civil Works - Others,,EE PWD DGR No. 17 of 2022-23,2023_EICCL_85815_1,1895203.0,1895203.0,2229000,
415,Odisha,Road sweeping Cleaning of drains bush uprooting in ward no 01 to 10 and transportation of road sweeping waste to designated point wealth centres located around 05 k.m distant under Dhenkanal Municipality and land filling,Dhenkanal,,759013,20.666666666666668,85.63333333333334,Municipal Bodies||Dhenkanal Municipality,DHENKANAL MUNICIPALITY,Road sweeping Cleaning of drains bush uprooting in ward no 01 to 10 and transportation of road sweeping waste to designated point wealth centres located around 05 k.m distant under Dhenkanal Municipality and land filling,Monsoon,2022-09-16,Human Resources Supply,,06/2022-23,2022_ORULB_78206_1,2000803.0,1961379.6,1961380,
416,Odisha,Road sweeping Cleaning of drains bush uprooting in ward no 11 to 23 and transportation of road sweeping waste to designated point/wealth centres located around 05 KM distant under Dhenkanal Municipality and land filling,Dhenkanal,,759013,20.666666666666668,85.63333333333334,Municipal Bodies||Dhenkanal Municipality,DHENKANAL MUNICIPALITY,Road sweeping Cleaning of drains bush uprooting in ward no 11 to 23 and transportation of road sweeping waste to designated point/wealth centres located around 05 KM distant under Dhenkanal Municipality and land filling,Monsoon,2022-09-16,Human Resources Supply,,06/2022-23,2022_ORULB_78206_2,1896678.28,1859306.22,1859306,
417,Odisha,Construction of Concrete Check Dam (SMC Structure) in Bada Nallah Khanda Nallah Ghadaghadi Nallah Khairabani Nallah in Koi RF under Hindol Range of Dhenkanal Forest Division,Dhenkanal,,759001,20.666666666666668,85.63333333333334,Forest Environment and Climate Change Department||RCCF Angul||DFO Dhenkanal,DFO Dhenkanal,Construction of Concrete Check Dam SMC Structure in Bada Nallah Khanda Nallah Ghadaghadi Nallah Khairabani Nallah in Koi RF under Hindol Range of Dhenkanal Forest Division,Post-Monsoon,2023-02-21,Civil Works - Others,,12-DFO-DKL,2023_DFOD_84888_1,4503634.0,4503634.0,5297769,
418,Odisha,Construction of Concrete Check Dam (SMC Structure) in Purunapani Nallah Khali Nallah in Koi RF under Hindol Range of Dhenkanal Forest Division,Dhenkanal,,759001,20.666666666666668,85.63333333333334,Forest Environment and Climate Change Department||RCCF Angul||DFO Dhenkanal,DFO Dhenkanal,Construction of Concrete Check Dam (SMC Structure) in Purunapani Nallah Khali Nallah in Koi RF under Hindol Range of Dhenkanal Forest Division,Post-Monsoon,2023-02-21,Civil Works - Others,,13-DFO-DKL,2023_DFOD_84890_1,3704961.0,3704961.0,4358265,
419,Odisha,Construction of Concrete Check Dam (SMC Structure) in Bhodua Nallah at Sunajhari RF under Bhuban Range of Dhenkanal Forest Division,Dhenkanal,,759001,20.666666666666668,85.63333333333334,Forest Environment and Climate Change Department||RCCF Angul||DFO Dhenkanal,DFODHENKANAL,Construction of Concrete Check Dam (SMC Structure) in Bhodua Nallah at Sunajhari RF under Bhuban Range of Dhenkanal Forest Division,Post-Monsoon,2023-02-21,Civil Works - Others,,DFO-DKL-17/2022-23,2023_DFOD_85682_1,714879.0,714879.0,840935,
420,Odisha,Construction of Concreted Check Dam on Nallah No. 1 2 and 3 inside Charkhola RF under Dhenkanal Range of Dhenkanal Forest Division,Dhenkanal,,759001,20.666666666666668,85.63333333333334,Forest Environment and Climate Change Department||RCCF Angul||DFO Dhenkanal,DFODHENKANAL,Construction of Concreted Check Dam on Nallah No. 1 2 and 3 inside Charkhola RF under Dhenkanal Range of Dhenkanal Forest Division,Pre-Monsoon,2023-03-02,Civil Works - Others,,DFO-DKL-17/2022-23,2023_DFOD_85682_3,2858571.0,2858571.0,3362629,
421,Odisha,Construction of RCC Culvert near Bania Sahi at Puruna Rekukla AT Kamakhyanagar in W.No.12,Dhenkanal,,759018,20.666666666666668,85.63333333333334,Municipal Bodies||Kamakhyanagar NAC,Kamakhyanagar NAC,Construction of RCC Culvert near Bania Sahi at Puruna Rekukla AT Kamakhyanagar in W.No.12,Pre-Monsoon,2023-04-17,Civil Works - Others,,KNR-NAC-01/2022-23,2023_ORULB_85230_13,716126.0,716126.0,847480,
422,Odisha,Repair and Restoration of C.C Road leading from Charana Sahoo House towards Jhumpan Pokhari in WN 02 Kamakhya Nagar NAC,Dhenkanal,,759018,20.666666666666668,85.63333333333334,Municipal Bodies||Kamakhyanagar NAC,Kamakhyanagar NAC,Repair and Restoration of C.C Road leading from Charana Sahoo House towards Jhumpan Pokhari in WN 02 Kamakhya Nagar NAC,Pre-Monsoon,2023-04-20,Civil Works - Others,,KNR-NAC-01/2022-23,2023_ORULB_85230_15,398865.0,398865.0,553600,
423,Odisha,Construction Of C.C Drain Leading from Brahmanandha Biswal Boundary wall house towards D.P.E.P school front via Sudhakar Tripathy house in W.N- 03,Dhenkanal,,759018,20.666666666666668,85.63333333333334,Municipal Bodies||Kamakhyanagar NAC,Kamakhyanagar NAC,Construction Of C.C Drain Leading from Brahmanandha Biswal Boundary wall house towards D.P.E.P school front via Sudhakar Tripathy house in W.N- 03,Pre-Monsoon,2023-04-17,Civil Works - Others,,KNR-NAC-01/2022-23,2023_ORULB_85230_7,455914.0,455914.0,632400,
424,Odisha,Flood Protection work to right flood bank of River Nagavali near village San Raisingi.,Gajapati,,765001,22.183333333333334,8.3,CE-BMRVN BasinBerhampur||SE Southern Irr Circle II Paralakhemundi||Rayagada Irrigation Division,SE Rayagada Irrigation Division Rayagada,Flood Protection work to right flood bank of River Nagavali near village San Raisingi.,Post-Monsoon,2023-02-22,Civil Works - Others,,SE-RID-01 / 2022-23,2022_CEBMB_84327_1,3241543.0,3241543.0,3813131,
425,Odisha,Flood protection work to right flood bank of River Nagavali near village Pratappur.,Gajapati,,765001,22.183333333333334,8.3,CE-BMRVN BasinBerhampur||SE Southern Irr Circle II Paralakhemundi||Rayagada Irrigation Division,SE Rayagada Irrigation Division,Flood protection work to right flood bank of River Nagavali near village Pratappur.,Post-Monsoon,2023-02-22,Civil Works - Others,,SE-RID-01 / 2022-23,2022_CEBMB_84327_2,3529553.0,3529553.0,4151927,
426,Odisha,Flood protection to right bank of river Nagavali near village J.K.Pur.,Gajapati,,765001,22.183333333333334,8.3,CE-BMRVN BasinBerhampur||SE Southern Irr Circle II Paralakhemundi||Rayagada Irrigation Division,SE Rayagada Irrigation Division,Flood protection to right bank of river Nagavali near village J.K.Pur.,Post-Monsoon,2023-02-22,Civil Works - Others,,SE-RID-01 / 2022-23,2022_CEBMB_84327_3,3232907.0,3232907.0,3802973,
427,Odisha,Flood protection to left bank of river Nagavali near village J.K.Pur.,Gajapati,,765001,22.183333333333334,8.3,CE-BMRVN BasinBerhampur||SE Southern Irr Circle II Paralakhemundi||Rayagada Irrigation Division,SE Rayagada Irrigation Division,Flood protection to left bank of river Nagavali near village J.K.Pur.,Post-Monsoon,2023-02-22,Civil Works - Others,,SE-RID-01 / 2022-23,2022_CEBMB_84327_4,3382468.0,3382468.0,3978906,
428,Odisha,Construction of RCC layer over dry stone wall and base of internal drain of RR colony Bidyadharapur of Chheligada Irrigation Project.,Gajapati,,761017,22.183333333333334,8.3,CE-BMRVN BasinBerhampur||SE Southern Irr Circle II Paralakhemundi||EE Chheligada Head Works Divn Mahendragada,O/o S.E. Chheligada Head Works Divn. Mahendragad,Construction of RCC layer,Pre-Monsoon,2023-03-23,Civil Works - Others,,SE-CHWD-05/2022-23,2023_CEBMB_85329_5,1046345.0,1046345.0,1231000,
429,Odisha,Construction of Check dam over Tava Nalla in R.Udayagiri Block of Gajapapti District under MATY Scheme 2022-23,Gajapati,,761016,22.183333333333334,8.3,CEMinor IrrigationBBSR||SESMIC-BERHAMPUR||GAJAPATI,S.E.M.I.DIVISION GAJAPTI PARALAKHEMUNDI,Construction of Check dam over Tava Nalla in R.Udayagiri Block of Gajapapti District under MATY Scheme 2022-23,Pre-Monsoon,2023-03-14,Civil Works - Others,,MIDGJP-06/2022-23,2023_CEMIB_85213_1,1777057.42,2090409.86,2090410,
430,Odisha,Construction of Check dam over Kamalabada Nalla in Nuagada block of Block of Gajapapti District under MATY Scheme 2022-23,Gajapati,,761214,22.183333333333334,8.3,CEMinor IrrigationBBSR||SESMIC-BERHAMPUR||GAJAPATI,S.E.M.I.DIVISION GAJAPTI PARALAKHEMUNDI,Construction of Check dam over Kamalabada Nalla in Nuagada block of Block of Gajapapti District under MATY Scheme 2022-23,Pre-Monsoon,2023-03-03,Civil Works - Others,,MIDGJP-06/2022-23,2023_CEMIB_85213_2,1808737.0,2127675.18,2127675,
431,Odisha,Construction of Check dam over Badapadia Nalla in Rayagada block of Block of Gajapati District under MATY Scheme 2022-23,Gajapati,,761207,22.183333333333334,8.3,CEMinor IrrigationBBSR||SESMIC-BERHAMPUR||GAJAPATI,S.E.M.I.DIVISION GAJAPTI PARALAKHEMUNDI,Construction of Check dam over Badapadia Nalla in Rayagada block of Block of Gajapati District under MATY Scheme 2022-23,Pre-Monsoon,2023-03-03,Civil Works - Others,,MIDGJP-06/2022-23,2023_CEMIB_85213_3,3147544.06,3702557.42,3702557,
432,Odisha,Construction of Padmakesura Check Dam over Kesura nalla in Mohana Block of Block of Gajapati District under MATY Scheme 2022-23,Gajapati,,761015,22.183333333333334,8.3,CEMinor IrrigationBBSR||SESMIC-BERHAMPUR||GAJAPATI,S.E.M.I.DIVISION GAJAPTI PARALAKHEMUNDI,Construction of Padmakesura Check Dam over Kesura nalla in Mohana Block of Block of Gajapati District under MATY Scheme 2022-23,Pre-Monsoon,2023-03-03,Civil Works - Others,,MIDGJP-06/2022-23,2023_CEMIB_85213_4,3728135.0,4385525.53,4385526,
433,Odisha,Construction of Routana Nalla Check Dam in R.Udayagiri block of Gajapati District under MATY Scheme.2022-23,Gajapati,,761016,22.183333333333334,8.3,CEMinor IrrigationBBSR||SESMIC-BERHAMPUR||GAJAPATI,S.E.M.I.DIVISION GAJAPTI PARALAKHEMUNDI,Construction of Routana Nalla Check Dam in R.Udayagiri block of Gajapati District under MATY Scheme.2022-23,Pre-Monsoon,2023-03-01,Civil Works - Others,,MIDGJP-07/2022-23,2023_CEMIB_85256_1,4514211.0,5310211.89,5310212,
434,Odisha,Construction of Dabarguda Nalla Check Dam in R.Udayagiri block of Gajapati Distirct under MATY Scheme.2022-23,Gajapati,,761016,22.183333333333334,8.3,CEMinor IrrigationBBSR||SESMIC-BERHAMPUR||GAJAPATI,S.E.M.I.DIVISION GAJAPTI PARALAKHEMUNDI,Construction of Dabarguda Nalla Check Dam in R.Udayagiri block of Gajapati Distirct under MATY Scheme.2022-23,Pre-Monsoon,2023-03-03,Civil Works - Others,,MIDGJP-07/2022-23,2023_CEMIB_85256_2,6137121.0,7219293.58,7219294,
435,Odisha,Construction of Badapur Check Dam over Parabadi nalla in Mohana block of Gajapati District under MATY Scheme.-2022-23,Gajapati,,761015,22.183333333333334,8.3,CEMinor IrrigationBBSR||SESMIC-BERHAMPUR||GAJAPATI,S.E.M.I.DIVISION GAJAPTI PARALAKHEMUNDI,Construction of Badapur Check Dam over Parabadi nalla in Mohana block of Gajapati District under MATY Scheme.-2022-23,Pre-Monsoon,2023-04-21,Civil Works - Others,,MIDGJP-07/2022-23,2023_CEMIB_85256_4,7692246.14,9048636.79,9048637,
436,Odisha,Construction of H.L.Bridge Local Nallah on Kerandi Dalimbapur (RD) road in the district of Gajapati under BSY,Gajapati,,761200,22.183333333333334,8.3,CE RW I||RWCIRCLE-BERHAMPUR||RWDIVISION-GAJAPATI,SUPERINTENDING ENGINEER RW DIVISION GAJAPATI,Construction of H.L.Bridge Local Nallah on Kerandi Dalimbapur (RD) road in the district of Gajapati under BSY,Pre-Monsoon,2023-04-19,Civil Works - Bridges,BRIDGE,Online Tender/09-2022-23/ GJP,2023_CERWI_86514_1,7925473.84,9322990.05,9323000,
437,Odisha,S/R to Construction of R.C.C. Drain at chainage 32/200km of MMPKG Road for the year 2022-23.,Gajapati,,761200,22.183333333333334,8.3,EIC-CIVIL||SERNB-CIRCLE-RAYAGADA||EERNB DIVN PARALAKHEMUNDI,Paralakhemundi,S/R to Construction of R.C.C. Drain at chainage 32/200km of MMPKG Road for the year 2022-23.,Pre-Monsoon,2023-03-21,Civil Works - Roads,,SE-PKD-RandB-DIVN-18/2022-23,2023_EICCL_84980_3,717083.0,717083.0,843527,
438,Odisha,Construction of drain on kashipur-mandibishi-Sikarpai from ch.12/400 to 12/600km,Gajapati,,765001,22.183333333333334,8.3,EIC-CIVIL||SERNB-CIRCLE-RAYAGADA||EERNB DIVN RAYAGADA I,RAYAGADA R AND B DIVISION I RAYAGADA,Construction of drain on kashipur-mandibishi-Sikarpai from ch.12/400 to 12/600km,Pre-Monsoon,2023-04-28,Civil Works - Roads,,RC(RANDB)RGD14/2022-23,2023_EICCL_86520_13,642336.41,642336.0,755601,
439,Odisha,S/R to Komtalpeta-MunigudaTumudibanda Road such as Construction of CC Drain at 25/9 to 26/0km,Gajapati,,765001,22.183333333333334,8.3,EIC-CIVIL||SERNB-CIRCLE-RAYAGADA||EERNB DIVN RAYAGADA I,RAYAGADA R AND B DIVISION I RAYAGADA,S/R to Komtalpeta-MunigudaTumudibanda Road such as Construction of CC Drain at 25/9 to 26/0km,Pre-Monsoon,2023-04-11,Civil Works - Roads,,RC(RANDB)RGD14/2022-23,2023_EICCL_86520_9,672861.0,672861.0,791508,
440,Odisha,Repair and Restoration of Salia Bandha Toilet,Ganjam,,760002,19.366666666666667,85.1,Municipal Bodies||Brahmapur Municipal Corporation,BERHAMPUR MUNICIPAL CORPORATION,Repair and Restoration of Salia Bandha Toilet,Monsoon,2022-09-20,Civil Works - Others,,BMC(BAM)/228/2020-21,2020_ORULB_63404_8,442687.28,442687.28,443000,
441,Odisha,Restoration of Road at L.N. Street 1st 2nd 7th and 11th lane Binayak Collage and Sramika Nagar in Ward no. 2,Ganjam,,760002,19.366666666666667,85.1,Municipal Bodies||Brahmapur Municipal Corporation,BERHAMPUR MUNICIPAL CORPORATION,Restoration of Road at L.N. Street 1st 2nd 7th and 11th lane Binayak Collage and Sramika Nagar in Ward no. 2,Monsoon,2022-09-16,Civil Works - Others,,BMC(BAM)/229/2020-21,2020_ORULB_63479_11,244744.85,252314.28,252000,
442,Odisha,Restoration to LFB of Paikianalla near village Baniasahi from RD 800 M to 1050 M.,Ganjam,,761126,19.366666666666667,85.1,CE-BMRVN BasinBerhampur||S.E. Southern Irr. Circle I Berhampur||EE Bhanjanagar Irrigation Divn Bhanjanagar,O/o CE n BM RVN Basin Berhampur,Restoration of Embankment,Post-Monsoon,2023-01-31,Civil Works - Others,,e-BNID-01/ 2021-22,2021_CEBMB_68091_1,745356.0,745356.0,746000,
443,Odisha,Restoration to LFB of river Bodanadi from RD 4717 M to 4954 M near village Kumanda.,Ganjam,,761126,19.366666666666667,85.1,CE-BMRVN BasinBerhampur||S.E. Southern Irr. Circle I Berhampur||EE Bhanjanagar Irrigation Divn Bhanjanagar,O/o CE n BM RVN Basin Berhampur,Restoration of Embankment,Post-Monsoon,2023-02-01,Civil Works - Others,,e-BNID-01/ 2021-22,2021_CEBMB_68091_10,610957.0,610957.0,611000,
444,Odisha,Restoration to RFB of river Loharakhandi from RD 2000 M to 2600 M including restoration of river sluice near village Netenga.,Ganjam,,761126,19.366666666666667,85.1,CE-BMRVN BasinBerhampur||S.E. Southern Irr. Circle I Berhampur||EE Bhanjanagar Irrigation Divn Bhanjanagar,O/o CE n BM RVN Basin Berhampur,Restoration of Embankment,Pre-Monsoon,2023-03-10,Civil Works - Others,,e-BNID-01/ 2021-22,2021_CEBMB_68091_11,1678509.0,1678509.0,1975000,
445,Odisha,Restoration to LFB of Paikianalla from RD 2800 M to 3050 M.,Ganjam,,761126,19.366666666666667,85.1,CE-BMRVN BasinBerhampur||S.E. Southern Irr. Circle I Berhampur||EE Bhanjanagar Irrigation Divn Bhanjanagar,O/o CE n BM RVN Basin Berhampur,Restoration of Embankment,Post-Monsoon,2023-02-01,Civil Works - Others,,e-BNID-01/ 2021-22,2021_CEBMB_68091_12,687196.0,687196.0,688000,
446,Odisha,Restoration to LFB of river Bodanadi from RD 660 M to 960 M near village Chamunda.,Ganjam,,761126,19.366666666666667,85.1,CE-BMRVN BasinBerhampur||S.E. Southern Irr. Circle I Berhampur||EE Bhanjanagar Irrigation Divn Bhanjanagar,O/o CE n BM RVN Basin Berhampur,Restoration of Embankment,Post-Monsoon,2023-02-01,Civil Works - Others,,e-BNID-01/ 2021-22,2021_CEBMB_68091_13,719837.0,719837.0,720000,
447,Odisha,Restoration to RFB of Bantanalla near village Manapur from RD 2000 M to 2300 M.,Ganjam,,761126,19.366666666666667,85.1,CE-BMRVN BasinBerhampur||S.E. Southern Irr. Circle I Berhampur||EE Bhanjanagar Irrigation Divn Bhanjanagar,O/o CE n BM RVN Basin Berhampur,Restoration of Embankment,Post-Monsoon,2023-02-02,Civil Works - Others,,e-BNID-01/ 2021-22,2021_CEBMB_68091_14,759970.0,759970.0,760000,
448,Odisha,Restoration to LFB of river Bodanadi from RD 4454 M to 4714 M near village Kumanda.,Ganjam,,761126,19.366666666666667,85.1,CE-BMRVN BasinBerhampur||S.E. Southern Irr. Circle I Berhampur||EE Bhanjanagar Irrigation Divn Bhanjanagar,O/o CE n BM RVN Basin Berhampur,Restoration of Embankment,Post-Monsoon,2023-02-02,Civil Works - Others,,e-BNID-01/ 2021-22,2021_CEBMB_68091_15,657922.0,657922.0,658000,
449,Odisha,Restoration to RFB of Bantanalla near village Manapur from RD 3000 M to 3300 M.,Ganjam,,761126,19.366666666666667,85.1,CE-BMRVN BasinBerhampur||S.E. Southern Irr. Circle I Berhampur||EE Bhanjanagar Irrigation Divn Bhanjanagar,O/o CE n BM RVN Basin Berhampur,Restoration of Embankment,Post-Monsoon,2023-02-02,Civil Works - Others,,e-BNID-01/ 2021-22,2021_CEBMB_68091_16,750937.0,750937.0,751000,
450,Odisha,Restoration to LFB of river Bodanadi from RD 6000 M to 6240 M near village Kadapada.,Ganjam,,761126,19.366666666666667,85.1,CE-BMRVN BasinBerhampur||S.E. Southern Irr. Circle I Berhampur||EE Bhanjanagar Irrigation Divn Bhanjanagar,O/o CE n BM RVN Basin Berhampur,Restoration of Embankment,Post-Monsoon,2023-02-02,Civil Works - Others,,e-BNID-01/ 2021-22,2021_CEBMB_68091_17,567731.0,567731.0,568000,
451,Odisha,Restoration to RFB of Bantanalla from RD 3700 M to 4000 M.,Ganjam,,761126,19.366666666666667,85.1,CE-BMRVN BasinBerhampur||S.E. Southern Irr. Circle I Berhampur||EE Bhanjanagar Irrigation Divn Bhanjanagar,O/o CE n BM RVN Basin Berhampur,Restoration of Embankment,Post-Monsoon,2023-02-02,Civil Works - Others,,e-BNID-01/ 2021-22,2021_CEBMB_68091_18,729231.0,729231.0,756000,
452,Odisha,Restoration to LFB of river Bodanadi from RD 8010 M to 8190 M near village Pandripada.,Ganjam,,761126,19.366666666666667,85.1,CE-BMRVN BasinBerhampur||S.E. Southern Irr. Circle I Berhampur||EE Bhanjanagar Irrigation Divn Bhanjanagar,O/o CE n BM RVN Basin Berhampur,Restoration of Embankment,Post-Monsoon,2023-02-02,Civil Works - Others,,e-BNID-01/ 2021-22,2021_CEBMB_68091_19,544396.0,544396.0,545000,
453,Odisha,Restoration to RFB of river Bodanadi from RD 5105 M to 5375 M near village Nuapalli.,Ganjam,,761126,19.366666666666667,85.1,CE-BMRVN BasinBerhampur||S.E. Southern Irr. Circle I Berhampur||EE Bhanjanagar Irrigation Divn Bhanjanagar,O/o CE n BM RVN Basin Berhampur,Restoration of Embankment,Post-Monsoon,2023-01-31,Civil Works - Others,,e-BNID-01/ 2021-22,2021_CEBMB_68091_2,547433.0,547433.0,548000,
454,Odisha,Improvement to RFB of Badanadi near village Mandar from RD 1100 M to 1292.60 M.,Ganjam,,761126,19.366666666666667,85.1,CE-BMRVN BasinBerhampur||S.E. Southern Irr. Circle I Berhampur||EE Bhanjanagar Irrigation Divn Bhanjanagar,O/o CE n BM RVN Basin Berhampur,Restoration of Embankment,Post-Monsoon,2023-02-02,Civil Works - Others,,e-BNID-01/ 2021-22,2021_CEBMB_68091_20,666224.0,666224.0,667000,
455,Odisha,Improvement to LFB of river Bodanadi at D/S of bridge near village Nimapadar from RD 00 to 200 M.,Ganjam,,761126,19.366666666666667,85.1,CE-BMRVN BasinBerhampur||S.E. Southern Irr. Circle I Berhampur||EE Bhanjanagar Irrigation Divn Bhanjanagar,O/o CE n BM RVN Basin Berhampur,Restoration of Embankment,Post-Monsoon,2023-02-02,Civil Works - Others,,e-BNID-01/ 2021-22,2021_CEBMB_68091_21,837338.0,837338.0,838000,
456,Odisha,Improvement to both banks of Budulinalla near village Buduli from RD 600 M to 863.50 M.,Ganjam,,761126,19.366666666666667,85.1,CE-BMRVN BasinBerhampur||S.E. Southern Irr. Circle I Berhampur||EE Bhanjanagar Irrigation Divn Bhanjanagar,O/o CE n BM RVN Basin Berhampur,Restoration of Embankment,Post-Monsoon,2023-02-02,Civil Works - Others,,e-BNID-01/ 2021-22,2021_CEBMB_68091_22,571140.0,571140.0,572000,
457,Odisha,Improvement to RFB of river Bodanadi from RD 9090 M to 9416 M near village Pandiapada,Ganjam,,761126,19.366666666666667,85.1,CE-BMRVN BasinBerhampur||S.E. Southern Irr. Circle I Berhampur||EE Bhanjanagar Irrigation Divn Bhanjanagar,O/o CE n BM RVN Basin Berhampur,Restoration of Embankment,Post-Monsoon,2023-02-02,Civil Works - Others,,e-BNID-01/ 2021-22,2021_CEBMB_68091_23,783894.0,783894.0,784000,
458,Odisha,Improvement to both banks of Budulinalla near village Buduli D/S from RD 900 M to 1163.40 M.,Ganjam,,761126,19.366666666666667,85.1,CE-BMRVN BasinBerhampur||S.E. Southern Irr. Circle I Berhampur||EE Bhanjanagar Irrigation Divn Bhanjanagar,O/o CE n BM RVN Basin Berhampur,Restoration of Embankment,Post-Monsoon,2023-02-05,Civil Works - Others,,e-BNID-01/ 2021-22,2021_CEBMB_68091_24,570903.0,570903.0,571000,
459,Odisha,Improvement to RFB of river Bodanadi from RD 6570 M to 6790 M near village Kandarsingi.,Ganjam,,761126,19.366666666666667,85.1,CE-BMRVN BasinBerhampur||S.E. Southern Irr. Circle I Berhampur||EE Bhanjanagar Irrigation Divn Bhanjanagar,O/o CE n BM RVN Basin Berhampur,Restoration of Embankment,Post-Monsoon,2023-02-05,Civil Works - Others,,e-BNID-01/ 2021-22,2021_CEBMB_68091_25,665372.0,665372.0,666000,
460,Odisha,Improvement to RFB of river Badanadi from RD 5400 M to 6000 M near village Dahimunduli.,Ganjam,,761126,19.366666666666667,85.1,CE-BMRVN BasinBerhampur||S.E. Southern Irr. Circle I Berhampur||EE Bhanjanagar Irrigation Divn Bhanjanagar,O/o CE n BM RVN Basin Berhampur,Restoration of Embankment,Pre-Monsoon,2023-03-16,Civil Works - Others,,e-BNID-01/ 2021-22,2021_CEBMB_68091_26,884252.0,884252.0,1140000,
461,Odisha,Improvement to both banks of Durgaprasadnalla near old Durgaprasad from RD 300 M to 563.50 M.,Ganjam,,761126,19.366666666666667,85.1,CE-BMRVN BasinBerhampur||S.E. Southern Irr. Circle I Berhampur||EE Bhanjanagar Irrigation Divn Bhanjanagar,O/o CE n BM RVN Basin Berhampur,Restoration of Embankment,Post-Monsoon,2023-02-05,Civil Works - Others,,e-BNID-01/ 2021-22,2021_CEBMB_68091_27,571140.0,571140.0,572000,
462,Odisha,Improvement to RFB of river Bodanadi from RD 9420 M to 9730 M near village Pandripada.,Ganjam,,761126,19.366666666666667,85.1,CE-BMRVN BasinBerhampur||S.E. Southern Irr. Circle I Berhampur||EE Bhanjanagar Irrigation Divn Bhanjanagar,O/o CE n BM RVN Basin Berhampur,Restoration of Embankment,Post-Monsoon,2023-02-05,Civil Works - Others,,e-BNID-01/ 2021-22,2021_CEBMB_68091_28,808475.0,808475.0,809000,
463,Odisha,Improvement to RFB of river Badanadi from RD 11000 M to 11500 M near village Bangarada.,Ganjam,,761126,19.366666666666667,85.1,CE-BMRVN BasinBerhampur||S.E. Southern Irr. Circle I Berhampur||EE Bhanjanagar Irrigation Divn Bhanjanagar,O/o CE n BM RVN Basin Berhampur,Restoration of Embankment,Pre-Monsoon,2023-03-16,Civil Works - Others,,e-BNID-01/ 2021-22,2021_CEBMB_68091_29,908349.0,908349.0,1069000,
464,Odisha,Restoration to RFB of river Badanadi from RD 4700 M to 5200 M between village Sanadodanga to Kaliamba confluence.,Ganjam,,761126,19.366666666666667,85.1,CE-BMRVN BasinBerhampur||S.E. Southern Irr. Circle I Berhampur||EE Bhanjanagar Irrigation Divn Bhanjanagar,O/o CE n BM RVN Basin Berhampur,Restoration of Embankment,Pre-Monsoon,2023-03-10,Civil Works - Others,,e-BNID-01/ 2021-22,2021_CEBMB_68091_3,1210572.0,1210572.0,1425000,
465,Odisha,Improvement to RFB of river Bodanadi from RD 8730 M to 9080 M near village Pandripada.,Ganjam,,761126,19.366666666666667,85.1,CE-BMRVN BasinBerhampur||S.E. Southern Irr. Circle I Berhampur||EE Bhanjanagar Irrigation Divn Bhanjanagar,O/o CE n BM RVN Basin Berhampur,Restoration of Embankment,Post-Monsoon,2023-02-05,Civil Works - Others,,e-BNID-01/ 2021-22,2021_CEBMB_68091_30,709635.0,709635.0,710000,
466,Odisha,Improvement to both banks of Durgaprasadnalla near village Rajirana from RD 750 M to 1013.60 M.,Ganjam,,761126,19.366666666666667,85.1,CE-BMRVN BasinBerhampur||S.E. Southern Irr. Circle I Berhampur||EE Bhanjanagar Irrigation Divn Bhanjanagar,O/o CE n BM RVN Basin Berhampur,Restoration of Embankment,Post-Monsoon,2023-02-05,Civil Works - Others,,e-BNID-01/ 2021-22,2021_CEBMB_68091_31,571377.0,571377.0,572000,
467,Odisha,Improvement to LFB of Giringianalla near village Toladi from RD 930 M to 1200 M.,Ganjam,,761126,19.366666666666667,85.1,CE-BMRVN BasinBerhampur||S.E. Southern Irr. Circle I Berhampur||EE Bhanjanagar Irrigation Divn Bhanjanagar,O/o CE n BM RVN Basin Berhampur,Restoration of Embankment,Post-Monsoon,2023-02-05,Civil Works - Others,,e-BNID-01/ 2021-22,2021_CEBMB_68091_32,815025.0,815025.0,841000,
468,Odisha,Improvement to RFB of river Bodanadi from RD 6796 M to 6980 M near village Kandarsingi.,Ganjam,,761126,19.366666666666667,85.1,CE-BMRVN BasinBerhampur||S.E. Southern Irr. Circle I Berhampur||EE Bhanjanagar Irrigation Divn Bhanjanagar,O/o CE n BM RVN Basin Berhampur,Restoration of Embankment,Post-Monsoon,2023-02-05,Civil Works - Others,,e-BNID-01/ 2021-22,2021_CEBMB_68091_33,637918.0,637918.0,638000,
469,Odisha,Improvement to RFB of river Badanadi from RD 12000 M to 12500 M near village Ambapua.,Ganjam,,761126,19.366666666666667,85.1,CE-BMRVN BasinBerhampur||S.E. Southern Irr. Circle I Berhampur||EE Bhanjanagar Irrigation Divn Bhanjanagar,O/o CE n BM RVN Basin Berhampur,Restoration of Embankment,Pre-Monsoon,2023-03-16,Civil Works - Others,,e-BNID-01/ 2021-22,2021_CEBMB_68091_34,1171094.0,1171094.0,1378000,
470,Odisha,Improvement to RFB of Loharakhandi near village Kaithpalli from RD 00 to 135 M.,Ganjam,,761126,19.366666666666667,85.1,CE-BMRVN BasinBerhampur||S.E. Southern Irr. Circle I Berhampur||EE Bhanjanagar Irrigation Divn Bhanjanagar,O/o CE n BM RVN Basin Berhampur,Restoration of Embankment,Post-Monsoon,2023-02-05,Civil Works - Others,,e-BNID-01/ 2021-22,2021_CEBMB_68091_35,570651.0,570651.0,571000,
471,Odisha,Improvement to LFB of Giringianalla near village Toladi from RD 520 M to 800 M.,Ganjam,,761126,19.366666666666667,85.1,CE-BMRVN BasinBerhampur||S.E. Southern Irr. Circle I Berhampur||EE Bhanjanagar Irrigation Divn Bhanjanagar,O/o CE n BM RVN Basin Berhampur,Restoration of Embankment,Post-Monsoon,2023-02-05,Civil Works - Others,,e-BNID-01/ 2021-22,2021_CEBMB_68091_36,811886.0,811886.0,812000,
472,Odisha,Improvement to LFB of Loharakhandi near village Baladi from RD 3330 M to 3522.70 M.,Ganjam,,761126,19.366666666666667,85.1,CE-BMRVN BasinBerhampur||S.E. Southern Irr. Circle I Berhampur||EE Bhanjanagar Irrigation Divn Bhanjanagar,O/o CE n BM RVN Basin Berhampur,Restoration of Embankment,Pre-Monsoon,2023-03-13,Civil Works - Others,,e-BNID-01/ 2021-22,2021_CEBMB_68091_37,633205.0,633205.0,667000,
473,Odisha,Improvement to RFB of river Bodanadi near village Rauti from RD 00 to 300 M.,Ganjam,,761126,19.366666666666667,85.1,CE-BMRVN BasinBerhampur||S.E. Southern Irr. Circle I Berhampur||EE Bhanjanagar Irrigation Divn Bhanjanagar,O/o CE n BM RVN Basin Berhampur,Restoration of Embankment,Post-Monsoon,2023-02-05,Civil Works - Others,,e-BNID-01/ 2021-22,2021_CEBMB_68091_38,674141.0,674141.0,675000,
474,Odisha,Improvement to RFB of Badanadi from RD 16000 M to 17500 M between village Benapata to Nuapalli.,Ganjam,,761126,19.366666666666667,85.1,CE-BMRVN BasinBerhampur||S.E. Southern Irr. Circle I Berhampur||EE Bhanjanagar Irrigation Divn Bhanjanagar,O/o CE n BM RVN Basin Berhampur,Restoration of Embankment,Pre-Monsoon,2023-03-10,Civil Works - Others,,e-BNID-01/ 2021-22,2021_CEBMB_68091_39,1819906.0,1819906.0,2141000,
475,Odisha,Restoration to LFB of river Bodanadi from RD 186 M to 376 M near village Chamunda.,Ganjam,,761126,19.366666666666667,85.1,CE-BMRVN BasinBerhampur||S.E. Southern Irr. Circle I Berhampur||EE Bhanjanagar Irrigation Divn Bhanjanagar,O/o CE n BM RVN Basin Berhampur,Restoration of Embankment,Post-Monsoon,2023-01-31,Civil Works - Others,,e-BNID-01/ 2021-22,2021_CEBMB_68091_4,703204.0,703204.0,704000,
476,Odisha,Improvement to LFB of river Bodanadi from RD 8190 M to 8370 M near village Pandiapada.,Ganjam,,761126,19.366666666666667,85.1,CE-BMRVN BasinBerhampur||S.E. Southern Irr. Circle I Berhampur||EE Bhanjanagar Irrigation Divn Bhanjanagar,O/o CE n BM RVN Basin Berhampur,Restoration of Embankment,Post-Monsoon,2023-02-26,Civil Works - Others,,e-BNID-01/ 2021-22,2021_CEBMB_68091_40,624054.0,624054.0,624000,
477,Odisha,Improvement to LFB of Baghuanalla near village Kalingapadar from RD 2900 M to 3150 M.,Ganjam,,761126,19.366666666666667,85.1,CE-BMRVN BasinBerhampur||S.E. Southern Irr. Circle I Berhampur||EE Bhanjanagar Irrigation Divn Bhanjanagar,O/o CE n BM RVN Basin Berhampur,Restoration of Embankment,Post-Monsoon,2023-02-26,Civil Works - Others,,e-BNID-01/ 2021-22,2021_CEBMB_68091_41,821683.0,821683.0,822000,
478,Odisha,Improvement to LFB of Hatimundanalla near village Jilundi from RD 1200 M to 1463.60 M.,Ganjam,,761126,19.366666666666667,85.1,CE-BMRVN BasinBerhampur||S.E. Southern Irr. Circle I Berhampur||EE Bhanjanagar Irrigation Divn Bhanjanagar,O/o CE n BM RVN Basin Berhampur,Restoration of Embankment,Post-Monsoon,2023-02-26,Civil Works - Others,,e-BNID-01/ 2021-22,2021_CEBMB_68091_42,571377.0,571377.0,572000,
479,Odisha,Improvement to LFB of Baghuanalla near village Baghua from RD 2260 M to 2550 M.,Ganjam,,761126,19.366666666666667,85.1,CE-BMRVN BasinBerhampur||S.E. Southern Irr. Circle I Berhampur||EE Bhanjanagar Irrigation Divn Bhanjanagar,O/o CE n BM RVN Basin Berhampur,Restoration of Embankment,Post-Monsoon,2023-02-26,Civil Works - Others,,e-BNID-01/ 2021-22,2021_CEBMB_68091_43,771654.0,771654.0,772000,
480,Odisha,Improvement to RFB of Baghuanalla near Jadadhar from RD 2550 M to 2800 M.,Ganjam,,761126,19.366666666666667,85.1,CE-BMRVN BasinBerhampur||S.E. Southern Irr. Circle I Berhampur||EE Bhanjanagar Irrigation Divn Bhanjanagar,O/o CE n BM RVN Basin Berhampur,Restoration of Embankment,Post-Monsoon,2023-02-26,Civil Works - Others,,e-BNID-01/ 2021-22,2021_CEBMB_68091_45,733524.0,733524.0,734000,
481,Odisha,Improvement to LFB of Loharakhandi near village Patulaishai from RD 3000 M to 3165.10 M.,Ganjam,,761126,19.366666666666667,85.1,CE-BMRVN BasinBerhampur||S.E. Southern Irr. Circle I Berhampur||EE Bhanjanagar Irrigation Divn Bhanjanagar,O/o CE n BM RVN Basin Berhampur,Restoration of Embankment,Post-Monsoon,2023-02-26,Civil Works - Others,,e-BNID-01/ 2021-22,2021_CEBMB_68091_46,571106.0,571106.0,572000,
482,Odisha,Improvement to RFB of Baghuanalla near Jadadhar from RD 1700 M to 2000 M.,Ganjam,,761126,19.366666666666667,85.1,CE-BMRVN BasinBerhampur||S.E. Southern Irr. Circle I Berhampur||EE Bhanjanagar Irrigation Divn Bhanjanagar,O/o CE n BM RVN Basin Berhampur,Restoration of Embankment,Post-Monsoon,2023-02-26,Civil Works - Others,,e-BNID-01/ 2021-22,2021_CEBMB_68091_47,720219.0,720219.0,750000,
483,Odisha,Improvement to RFB of river Bodanadi from RD 6980 M to 7180 M near village Kandarsingi.,Ganjam,,761126,19.366666666666667,85.1,CE-BMRVN BasinBerhampur||S.E. Southern Irr. Circle I Berhampur||EE Bhanjanagar Irrigation Divn Bhanjanagar,O/o CE n BM RVN Basin Berhampur,Restoration of Embankment,Post-Monsoon,2023-02-26,Civil Works - Others,,e-BNID-01/ 2021-22,2021_CEBMB_68091_48,572880.0,572880.0,573000,
484,Odisha,Improvement to RFB of Badanadi from RD 10500 M to 10800 M near village Panasapalli.,Ganjam,,761126,19.366666666666667,85.1,CE-BMRVN BasinBerhampur||S.E. Southern Irr. Circle I Berhampur||EE Bhanjanagar Irrigation Divn Bhanjanagar,O/o CE n BM RVN Basin Berhampur,Restoration of Embankment,Pre-Monsoon,2023-03-17,Civil Works - Others,,e-BNID-01/ 2021-22,2021_CEBMB_68091_49,968668.0,968668.0,1140000,
485,Odisha,Restoration to LFB of Paikianalla near village Matiagadia from RD 1360 M to 1650 M.,Ganjam,,761126,19.366666666666667,85.1,CE-BMRVN BasinBerhampur||S.E. Southern Irr. Circle I Berhampur||EE Bhanjanagar Irrigation Divn Bhanjanagar,O/o CE n BM RVN Basin Berhampur,Restoration of Embankment,Post-Monsoon,2023-02-01,Civil Works - Others,,e-BNID-01/ 2021-22,2021_CEBMB_68091_5,694745.0,694745.0,717000,
486,Odisha,Improvement to RFB of river Bodanadi from RD 1704 M to 1874 M near village Naada.,Ganjam,,761126,19.366666666666667,85.1,CE-BMRVN BasinBerhampur||S.E. Southern Irr. Circle I Berhampur||EE Bhanjanagar Irrigation Divn Bhanjanagar,O/o CE n BM RVN Basin Berhampur,Restoration of Embankment,Post-Monsoon,2023-02-26,Civil Works - Others,,e-BNID-01/ 2021-22,2021_CEBMB_68091_50,843044.0,843044.0,844000,
487,Odisha,Improvement to LFB of Baghuanalla near Maa Petapatra Takurani from RD 3700 M to 3900 M.,Ganjam,,761126,19.366666666666667,85.1,CE-BMRVN BasinBerhampur||S.E. Southern Irr. Circle I Berhampur||EE Bhanjanagar Irrigation Divn Bhanjanagar,O/o CE n BM RVN Basin Berhampur,Restoration of Embankment,Post-Monsoon,2023-02-26,Civil Works - Others,,e-BNID-01/ 2021-22,2021_CEBMB_68091_51,742700.0,742700.0,743000,
488,Odisha,Improvement to RFB of river Loharakhandi near village Gamundi from RD 2000 M to 2165.20 M.,Ganjam,,761126,19.366666666666667,85.1,CE-BMRVN BasinBerhampur||S.E. Southern Irr. Circle I Berhampur||EE Bhanjanagar Irrigation Divn Bhanjanagar,O/o CE n BM RVN Basin Berhampur,Restoration of Embankment,Post-Monsoon,2023-02-27,Civil Works - Others,,e-BNID-01/ 2021-22,2021_CEBMB_68091_52,571343.0,571343.0,572000,
489,Odisha,Improvement to RFB of river Bodanadi from RD 9730 M to 9960 M near village Tentulia.,Ganjam,,761126,19.366666666666667,85.1,CE-BMRVN BasinBerhampur||S.E. Southern Irr. Circle I Berhampur||EE Bhanjanagar Irrigation Divn Bhanjanagar,O/o CE n BM RVN Basin Berhampur,Restoration of Embankment,Post-Monsoon,2023-02-27,Civil Works - Others,,e-BNID-01/ 2021-22,2021_CEBMB_68091_53,613226.0,613226.0,614000,
490,Odisha,Improvement to LFB of Baghuanalla near Maa Petapatra Takurani from RD 3950 M to 4150 M.,Ganjam,,761126,19.366666666666667,85.1,CE-BMRVN BasinBerhampur||S.E. Southern Irr. Circle I Berhampur||EE Bhanjanagar Irrigation Divn Bhanjanagar,O/o CE n BM RVN Basin Berhampur,Restoration of Embankment,Post-Monsoon,2023-02-28,Civil Works - Others,,e-BNID-01/ 2021-22,2021_CEBMB_68091_54,734386.0,734386.0,735000,
491,Odisha,Improvement to RFB of river Badanadi between RD 7500 M to 8000 M near village Nuagada.,Ganjam,,761126,19.366666666666667,85.1,CE-BMRVN BasinBerhampur||S.E. Southern Irr. Circle I Berhampur||EE Bhanjanagar Irrigation Divn Bhanjanagar,O/o CE n BM RVN Basin Berhampur,Restoration of Embankment,Pre-Monsoon,2023-03-17,Civil Works - Others,,e-BNID-01/ 2021-22,2021_CEBMB_68091_55,888270.0,888270.0,1045000,
492,Odisha,Improvement to RFB of river Bodanadi from RD 6300 M to 6550 M near village Kandarasingi.,Ganjam,,761126,19.366666666666667,85.1,CE-BMRVN BasinBerhampur||S.E. Southern Irr. Circle I Berhampur||EE Bhanjanagar Irrigation Divn Bhanjanagar,O/o CE n BM RVN Basin Berhampur,Restoration of Embankment,Post-Monsoon,2023-02-28,Civil Works - Others,,e-BNID-01/ 2021-22,2021_CEBMB_68091_56,589210.0,589210.0,590000,
493,Odisha,Improvement to RFB of river Badanadi form RD 8800 M to 10400 M near village Khukundia.,Ganjam,,761126,19.366666666666667,85.1,CE-BMRVN BasinBerhampur||S.E. Southern Irr. Circle I Berhampur||EE Bhanjanagar Irrigation Divn Bhanjanagar,O/o CE n BM RVN Basin Berhampur,Restoration of Embankment,Pre-Monsoon,2023-03-10,Civil Works - Others,,e-BNID-01/ 2021-22,2021_CEBMB_68091_57,968342.0,968342.0,1140000,
494,Odisha,Improvement to LFB of Baghuanalla near village Kalingapadar from RD 3200 M to 3370 M.,Ganjam,,761126,19.366666666666667,85.1,CE-BMRVN BasinBerhampur||S.E. Southern Irr. Circle I Berhampur||EE Bhanjanagar Irrigation Divn Bhanjanagar,O/o CE n BM RVN Basin Berhampur,Restoration of Embankment,Post-Monsoon,2023-02-28,Civil Works - Others,,e-BNID-01/ 2021-22,2021_CEBMB_68091_59,652076.0,652076.0,653000,
495,Odisha,Restoration to LFB of river Bodanadi from RD 5378 M to 5598 M near village Nuapalli.,Ganjam,,761126,19.366666666666667,85.1,CE-BMRVN BasinBerhampur||S.E. Southern Irr. Circle I Berhampur||EE Bhanjanagar Irrigation Divn Bhanjanagar,O/o CE n BM RVN Basin Berhampur,Restoration of Embankment,Post-Monsoon,2023-02-01,Civil Works - Others,,e-BNID-01/ 2021-22,2021_CEBMB_68091_6,529913.0,529913.0,530000,
496,Odisha,Improvement to Sanakodanda S/M II from RD 100 M to 600 M and from RD 1560 M to 2150 M of Chadhiapalli minor of Daha Irrigation Project (Sanakodanda Sub-minor II).,Ganjam,,761126,19.366666666666667,85.1,CE-BMRVN BasinBerhampur||S.E. Southern Irr. Circle I Berhampur||EE Bhanjanagar Irrigation Divn Bhanjanagar,O/o CE n BM RVN Basin Berhampur,Restoration of Embankment,Post-Monsoon,2023-02-28,Civil Works - Others,,e-BNID-01/ 2021-22,2021_CEBMB_68091_60,772128.0,772128.0,773000,
497,Odisha,Improvement to Mandar Minor near village Sariapalli from RD 3600 M to 3661.60 M.,Ganjam,,761126,19.366666666666667,85.1,CE-BMRVN BasinBerhampur||S.E. Southern Irr. Circle I Berhampur||EE Bhanjanagar Irrigation Divn Bhanjanagar,O/o CE n BM RVN Basin Berhampur,Restoration of Embankment,Pre-Monsoon,2023-03-13,Civil Works - Others,,e-BNID-01/ 2021-22,2021_CEBMB_68091_61,449720.0,449720.0,474000,
498,Odisha,Improvement to Badakodanda Minor from RD 3500 M to 4600 M and from RD 150 M to 1850 m of Agajhola Sub-minor of Daha Irrigation Project.,Ganjam,,761126,19.366666666666667,85.1,CE-BMRVN BasinBerhampur||S.E. Southern Irr. Circle I Berhampur||EE Bhanjanagar Irrigation Divn Bhanjanagar,O/o CE n BM RVN Basin Berhampur,Restoration of Embankment,Post-Monsoon,2023-02-28,Civil Works - Others,,e-BNID-01/ 2021-22,2021_CEBMB_68091_62,659522.0,659522.0,653000,
499,Odisha,Improvement to Mandar Minor near village Ratanga from RD 5400 M to 5467.20 M,Ganjam,,761126,19.366666666666667,85.1,CE-BMRVN BasinBerhampur||S.E. Southern Irr. Circle I Berhampur||EE Bhanjanagar Irrigation Divn Bhanjanagar,O/o CE n BM RVN Basin Berhampur,Restoration of Embankment,Post-Monsoon,2023-02-28,Civil Works - Others,,e-BNID-01/ 2021-22,2021_CEBMB_68091_63,516402.0,516402.0,517000,
500,Odisha,Improvement to 3 nos Aqueducts of Daha Right Distributary from RD 8300 M to 14200 m and renovation of 5 ns O/L and 6 nos falls from RD 2050 M to 4650 M of Khamareddy Minor of Daha Irrigation Project.,Ganjam,,761126,19.366666666666667,85.1,CE-BMRVN BasinBerhampur||S.E. Southern Irr. Circle I Berhampur||EE Bhanjanagar Irrigation Divn Bhanjanagar,O/o CE n BM RVN Basin Berhampur,Restoration of Embankment,Pre-Monsoon,2023-03-02,Civil Works - Others,,e-BNID-01/ 2021-22,2021_CEBMB_68091_64,931743.0,931743.0,932000,
501,Odisha,Improvement to Daha Left Distributary from RD 7000 M to 8300 m and from RD 450 M to 1650 m of Binjigiri Minor of Daha Irrigation Project.,Ganjam,,761126,19.366666666666667,85.1,CE-BMRVN BasinBerhampur||S.E. Southern Irr. Circle I Berhampur||EE Bhanjanagar Irrigation Divn Bhanjanagar,O/o CE n BM RVN Basin Berhampur,Restoration of Embankment,Pre-Monsoon,2023-03-02,Civil Works - Others,,e-BNID-01/ 2021-22,2021_CEBMB_68091_66,749888.0,749888.0,750000,
502,Odisha,Improvement to Badakodanda Minor from RD 3500 M to 4600 M and from RD 150 M to 1850 M of Agajhola Sub-minor of Daha Irrigation Project (Rt minor and Lt minor).,Ganjam,,761126,19.366666666666667,85.1,CE-BMRVN BasinBerhampur||S.E. Southern Irr. Circle I Berhampur||EE Bhanjanagar Irrigation Divn Bhanjanagar,O/o CE n BM RVN Basin Berhampur,Restoration of Embankment,Pre-Monsoon,2023-03-03,Civil Works - Others,,e-BNID-01/ 2021-22,2021_CEBMB_68091_68,757105.0,757105.0,758000,
503,Odisha,Improvement to right minor from RD 2000 M to 2600 m Centre minor from RD 1800 M to 2500 M and from RD 1850 M to 2850 M of left minor of Daha Irrigation Project (Center Minor).,Ganjam,,761126,19.366666666666667,85.1,CE-BMRVN BasinBerhampur||S.E. Southern Irr. Circle I Berhampur||EE Bhanjanagar Irrigation Divn Bhanjanagar,O/o CE n BM RVN Basin Berhampur,Restoration of Embankment,Pre-Monsoon,2023-03-13,Civil Works - Others,,e-BNID-01/ 2021-22,2021_CEBMB_68091_69,590297.0,590297.0,622000,
504,Odisha,Restoration to RFB of river Loharakhandi from RD 1400 M to 2000 M near village Badapada.,Ganjam,,761126,19.366666666666667,85.1,CE-BMRVN BasinBerhampur||S.E. Southern Irr. Circle I Berhampur||EE Bhanjanagar Irrigation Divn Bhanjanagar,O/o CE n BM RVN Basin Berhampur,Restoration of Embankment,Pre-Monsoon,2023-03-10,Civil Works - Others,,e-BNID-01/ 2021-22,2021_CEBMB_68091_7,1210350.0,1210350.0,1424000,
505,Odisha,Restoration to LFB of river Bodanadi from RD 3480 M to 3880 M near village Kumanda.,Ganjam,,761126,19.366666666666667,85.1,CE-BMRVN BasinBerhampur||S.E. Southern Irr. Circle I Berhampur||EE Bhanjanagar Irrigation Divn Bhanjanagar,O/o CE n BM RVN Basin Berhampur,Restoration of Embankment,Post-Monsoon,2023-02-01,Civil Works - Others,,e-BNID-01/ 2021-22,2021_CEBMB_68091_8,850835.0,850835.0,851000,
506,Odisha,Restoration to RFB of Paikianalla near village Kokolaba from RD 2150 M to 2400 M.,Ganjam,,761126,19.366666666666667,85.1,CE-BMRVN BasinBerhampur||S.E. Southern Irr. Circle I Berhampur||EE Bhanjanagar Irrigation Divn Bhanjanagar,O/o CE n BM RVN Basin Berhampur,Restoration of Embankment,Post-Monsoon,2023-02-01,Civil Works - Others,,e-BNID-01/ 2021-22,2021_CEBMB_68091_9,695815.0,695815.0,696000,
507,Odisha,Restoration to RFB of river Rushikulya near village Mundamarai near RD 48500 M.,Ganjam,,761126,19.366666666666667,85.1,CE-BMRVN BasinBerhampur||S.E. Southern Irr. Circle I Berhampur||EE Bhanjanagar Irrigation Divn Bhanjanagar,O/o C.E.-B.M RVN Basin Berhampur,Restoration to river Embankment,Pre-Monsoon,2023-03-29,Civil Works - Others,,e- BNID-05/ 2021-22,2021_CEBMB_70921_1,1348633.0,1348633.0,1587000,
508,Odisha,Improvement to RFB of river Rushikulya near village Suramani.,Ganjam,,761126,19.366666666666667,85.1,CE-BMRVN BasinBerhampur||S.E. Southern Irr. Circle I Berhampur||EE Bhanjanagar Irrigation Divn Bhanjanagar,O/o C.E.-B.M RVN Basin Berhampur,Restoration to river Embankment,Pre-Monsoon,2023-04-04,Civil Works - Others,,e- BNID-05/ 2021-22,2021_CEBMB_70921_10,1516761.0,1516761.0,1785000,
509,Odisha,Improvement to LFB of river Rushikulya near village Aska Odia Street.,Ganjam,,761126,19.366666666666667,85.1,CE-BMRVN BasinBerhampur||S.E. Southern Irr. Circle I Berhampur||EE Bhanjanagar Irrigation Divn Bhanjanagar,O/o C.E.-B.M RVN Basin Berhampur,Restoration to river Embankment,Pre-Monsoon,2023-04-04,Civil Works - Others,,e- BNID-05/ 2021-22,2021_CEBMB_70921_12,756810.0,756810.0,891000,
510,Odisha,Improvement to RFB of river Rushikulya near village R.Damodarapalli.,Ganjam,,761126,19.366666666666667,85.1,CE-BMRVN BasinBerhampur||S.E. Southern Irr. Circle I Berhampur||EE Bhanjanagar Irrigation Divn Bhanjanagar,O/o C.E.-B.M RVN Basin Berhampur,Restoration to river Embankment,Pre-Monsoon,2023-04-04,Civil Works - Others,,e- BNID-05/ 2021-22,2021_CEBMB_70921_13,1133960.0,1133960.0,1334000,
511,Odisha,Improvement to LFB of river Ghodahada near village Adapada from RD 2.70 Km to 3.50 Km.,Ganjam,,761126,19.366666666666667,85.1,CE-BMRVN BasinBerhampur||S.E. Southern Irr. Circle I Berhampur||EE Bhanjanagar Irrigation Divn Bhanjanagar,O/o C.E.-B.M RVN Basin Berhampur,Restoration to river Embankment,Pre-Monsoon,2023-04-04,Civil Works - Others,,e- BNID-05/ 2021-22,2021_CEBMB_70921_14,680855.0,680855.0,801000,
512,Odisha,Improvement to LFB of river Nandini near village Krushnachhai form RD 1.34 Km to 1.84 Km.,Ganjam,,761126,19.366666666666667,85.1,CE-BMRVN BasinBerhampur||S.E. Southern Irr. Circle I Berhampur||EE Bhanjanagar Irrigation Divn Bhanjanagar,O/o C.E.-B.M RVN Basin Berhampur,Restoration to river Embankment,Pre-Monsoon,2023-04-05,Civil Works - Others,,e- BNID-05/ 2021-22,2021_CEBMB_70921_15,1005498.0,1005498.0,1183000,
513,Odisha,Improvement to No-II distributary of RMC near village Karnoli.,Ganjam,,761126,19.366666666666667,85.1,CE-BMRVN BasinBerhampur||S.E. Southern Irr. Circle I Berhampur||EE Bhanjanagar Irrigation Divn Bhanjanagar,O/o C.E.-B.M RVN Basin Berhampur,Restoration to river Embankment,Pre-Monsoon,2023-04-05,Civil Works - Others,,e- BNID-05/ 2021-22,2021_CEBMB_70921_16,1157771.0,1157771.0,1362000,
514,Odisha,Improvement to RFB of river Rushikulya near village Brahmandevi.,Ganjam,,761126,19.366666666666667,85.1,CE-BMRVN BasinBerhampur||S.E. Southern Irr. Circle I Berhampur||EE Bhanjanagar Irrigation Divn Bhanjanagar,O/o C.E.-B.M RVN Basin Berhampur,Restoration to river Embankment,Pre-Monsoon,2023-04-05,Civil Works - Others,,e- BNID-05/ 2021-22,2021_CEBMB_70921_18,1009119.0,1009119.0,1188000,
515,Odisha,Improvement to RFB of river Nandini near village Kirtipur.,Ganjam,,761126,19.366666666666667,85.1,CE-BMRVN BasinBerhampur||S.E. Southern Irr. Circle I Berhampur||EE Bhanjanagar Irrigation Divn Bhanjanagar,O/o C.E.-B.M RVN Basin Berhampur,Restoration to river Embankment,Pre-Monsoon,2023-03-29,Civil Works - Others,,e- BNID-05/ 2021-22,2021_CEBMB_70921_2,1567644.0,1567644.0,1845000,
516,Odisha,Improvement to service bank on LFB of river Badanadi near village Alipur.,Ganjam,,761126,19.366666666666667,85.1,CE-BMRVN BasinBerhampur||S.E. Southern Irr. Circle I Berhampur||EE Bhanjanagar Irrigation Divn Bhanjanagar,O/o C.E.-B.M RVN Basin Berhampur,Restoration to river Embankment,Pre-Monsoon,2023-04-05,Civil Works - Others,,e- BNID-05/ 2021-22,2021_CEBMB_70921_21,471610.0,471610.0,555000,
517,Odisha,Improvement to service bank on LFB of river Badanadi near village Mukundapur.,Ganjam,,761126,19.366666666666667,85.1,CE-BMRVN BasinBerhampur||S.E. Southern Irr. Circle I Berhampur||EE Bhanjanagar Irrigation Divn Bhanjanagar,O/o C.E.-B.M RVN Basin Berhampur,Restoration to river Embankment,Pre-Monsoon,2023-04-05,Civil Works - Others,,e- BNID-05/ 2021-22,2021_CEBMB_70921_22,467199.0,467199.0,550000,
518,Odisha,Improvement to LFB of river Ghodahada near village Patharapunji from RD 0.342 Km to 1.00 Km.,Ganjam,,761126,19.366666666666667,85.1,CE-BMRVN BasinBerhampur||S.E. Southern Irr. Circle I Berhampur||EE Bhanjanagar Irrigation Divn Bhanjanagar,O/o C.E.-B.M RVN Basin Berhampur,Restoration to river Embankment,Pre-Monsoon,2023-03-29,Civil Works - Others,,e- BNID-05/ 2021-22,2021_CEBMB_70921_3,715523.0,715523.0,842000,
519,Odisha,Improvement to LFB of river Rushikulya near village Singipur.,Ganjam,,761126,19.366666666666667,85.1,CE-BMRVN BasinBerhampur||S.E. Southern Irr. Circle I Berhampur||EE Bhanjanagar Irrigation Divn Bhanjanagar,O/o C.E.-B.M RVN Basin Berhampur,Restoration to river Embankment,Pre-Monsoon,2023-04-04,Civil Works - Others,,e- BNID-05/ 2021-22,2021_CEBMB_70921_4,602831.0,602831.0,710000,
520,Odisha,Improvement to RFB of river Rushikulya near village Sundarapalli.,Ganjam,,761126,19.366666666666667,85.1,CE-BMRVN BasinBerhampur||S.E. Southern Irr. Circle I Berhampur||EE Bhanjanagar Irrigation Divn Bhanjanagar,O/o C.E.-B.M RVN Basin Berhampur,Restoration to river Embankment,Pre-Monsoon,2023-04-04,Civil Works - Others,,e- BNID-05/ 2021-22,2021_CEBMB_70921_5,1513551.0,1513551.0,1781000,
521,Odisha,Improvement to RFB of river Badanadi near village Nirala.,Ganjam,,761126,19.366666666666667,85.1,CE-BMRVN BasinBerhampur||S.E. Southern Irr. Circle I Berhampur||EE Bhanjanagar Irrigation Divn Bhanjanagar,O/o C.E.-B.M RVN Basin Berhampur,Restoration to river Embankment,Pre-Monsoon,2023-04-04,Civil Works - Others,,e- BNID-05/ 2021-22,2021_CEBMB_70921_6,902384.0,902384.0,1062000,
522,Odisha,Improvement to LFB of river Rushikulya near village Gandapalli.,Ganjam,,761126,19.366666666666667,85.1,CE-BMRVN BasinBerhampur||S.E. Southern Irr. Circle I Berhampur||EE Bhanjanagar Irrigation Divn Bhanjanagar,O/o C.E.-B.M RVN Basin Berhampur,Restoration to river Embankment,Pre-Monsoon,2023-04-04,Civil Works - Others,,e- BNID-05/ 2021-22,2021_CEBMB_70921_7,753633.0,753633.0,887000,
523,Odisha,Improvement to service bank on RFB of river Rushikulya near village Sundarapalli to Sunapalli.,Ganjam,,761126,19.366666666666667,85.1,CE-BMRVN BasinBerhampur||S.E. Southern Irr. Circle I Berhampur||EE Bhanjanagar Irrigation Divn Bhanjanagar,O/o C.E.-B.M RVN Basin Berhampur,Restoration to river Embankment,Pre-Monsoon,2023-04-04,Civil Works - Others,,e- BNID-05/ 2021-22,2021_CEBMB_70921_8,433409.0,433409.0,550000,
524,Odisha,Improvement to LFB of river Rushikulya near village Nandighor.,Ganjam,,761126,19.366666666666667,85.1,CE-BMRVN BasinBerhampur||S.E. Southern Irr. Circle I Berhampur||EE Bhanjanagar Irrigation Divn Bhanjanagar,O/o C.E.-B.M RVN Basin Berhampur,Restoration to river Embankment,Pre-Monsoon,2023-04-04,Civil Works - Others,,e- BNID-05/ 2021-22,2021_CEBMB_70921_9,1132112.0,1132112.0,1332000,
525,Odisha,Construction of vented sluice on LFB of river Rushikulya near village Kendupadar.,Ganjam,,761126,19.366666666666667,85.1,CE-BMRVN BasinBerhampur||S.E. Southern Irr. Circle I Berhampur||EE Bhanjanagar Irrigation Divn Bhanjanagar,O/o C.E.-B.M RVN Basin Berhampur,Construction of vented sluice,Pre-Monsoon,2023-03-29,Civil Works - Others,,e- BNID-06/ 2021-22,2021_CEBMB_71096_1,6306370.0,6306370.0,7419000,
526,Odisha,Flood Protection work on Right Flood Bank of River Rushikulya from village Baradabilli to Janivilly.,Ganjam,,761110,19.366666666666667,85.1,CE-BMRVN BasinBerhampur||S.E. Southern Irr. Circle I Berhampur,O/o the Additional Chief EngineerRBBBerhampur,Flood Protection work on Right Flood Bank of River Rushikulya from village Baradabilli to Janivilly.,Post-Monsoon,2022-10-18,Civil Works - Others,,ACERBB-14/2021-22,2021_CEBMB_71965_1,73993094.0,73993094.0,87040459,
527,Odisha,Improvement to River Mouth of Bahada Nalla near Haripur and Bahana Nalla near Markandi under Gopalpur Constituency. (Through Dredging).,Ganjam,,751012,19.366666666666667,85.1,CEDrainageCuttack||SE Drainage Circle Bhubaneswar,O/o the Addl. Chief Engineer Drainage Circle Bhu,Desilting by Dredging,Monsoon,2022-06-30,Civil Works - Others,,SEDC-BBSR/DD-BAM-34/2021-22,2021_CEDC_74799_1,59510540.0,59510540.0,70004164,
528,Odisha,Construction of Drain at Padamavati Nagar 6th line to Joka Bandha Front Ward No 9,Ganjam,,761102,19.366666666666667,85.1,Municipal Bodies||Hinjilicut Municipal Council,Hinjilicut Municipality,Construction of Drain at Padamavati Nagar 6th line to Joka Bandha Front Ward No 9,Monsoon,2022-08-03,Civil Works - Others,,HIN-MUN-02/2021-22,2021_ORULB_71885_5,1351242.37,1589509.9,1589509,
529,Odisha,Improvement of Road and Drain Shyamalai Marga Main Line Ward No 16,Ganjam,,761102,19.366666666666667,85.1,Municipal Bodies||Hinjilicut Municipal Council,Hinjilicut Municipality,Improvement of Road and Drain Shyamalai Marga Main Line Ward No 16,Monsoon,2022-08-03,Civil Works - Others,,HIN-MUN-02/2021-22,2021_ORULB_71885_8,1380854.37,1624343.45,1624343,
530,Odisha,Flood Protection to Right side flood bank of River Ghodahada near village Gumma and Golunda of Sanakhemundi and Digapahandi Block Dist Ganjam.,Ganjam,,761012,19.366666666666667,85.1,CE-BMRVN BasinBerhampur||S.E. Southern Irr. Circle I Berhampur,O/o the Additional CE RB Basin Berhampur,Flood Protection to Right side flood bank of River Ghodahada near village Gumma and Golunda of Sanakhemundi and Digapahandi Block Dist Ganjam.,Monsoon,2022-07-05,Civil Works - Others,,ACERBB-04/2022-23,2022_CEBMB_77505_1,24198094.0,24198094.0,28464997,
531,Odisha,Construction of Protection wall in heavy cutting zone of Baghua Right Main Canal from RD 3300 M to 3400 M.,Ganjam,,761126,19.366666666666667,85.1,CE-BMRVN BasinBerhampur||S.E. Southern Irr. Circle I Berhampur||EE Bhanjanagar Irrigation Divn Bhanjanagar,C.E.-B.M RBVN Basin Berhampur,Construction of Protection wall,Post-Monsoon,2022-12-10,Civil Works - Canal,,e-BNID-01/2022-23,2022_CEBMB_77590_1,756454.0,756454.0,890000,
532,Odisha,Renovation of Baghua Left Distributary with construction of protection wall near RD 4632 M 6100 M 9920 M.,Ganjam,,761126,19.366666666666667,85.1,CE-BMRVN BasinBerhampur||S.E. Southern Irr. Circle I Berhampur||EE Bhanjanagar Irrigation Divn Bhanjanagar,C.E.-B.M RBVN Basin Berhampur,Renovation of canal,Post-Monsoon,2022-12-15,Civil Works - Canal,,e-BNID-01/2022-23,2022_CEBMB_77590_10,757829.0,757829.0,892000,
533,Odisha,Renovation of Baghua Left Distributary with construction of protection wall near RD 11339 M11910 M with repair of fall at RD 11003 M.,Ganjam,,761126,19.366666666666667,85.1,CE-BMRVN BasinBerhampur||S.E. Southern Irr. Circle I Berhampur||EE Bhanjanagar Irrigation Divn Bhanjanagar,C.E.-B.M RBVN Basin Berhampur,Renovation of Canal,Post-Monsoon,2022-12-15,Civil Works - Canal,,e-BNID-01/2022-23,2022_CEBMB_77590_11,758730.0,758730.0,893000,
534,Odisha,Construction of Protection wall in Feeder Channel from RD 1126 M to 1200 M.,Ganjam,,761126,19.366666666666667,85.1,CE-BMRVN BasinBerhampur||S.E. Southern Irr. Circle I Berhampur||EE Bhanjanagar Irrigation Divn Bhanjanagar,C.E.-B.M RBVN Basin Berhampur,Construction of Protection wall,Post-Monsoon,2022-12-14,Civil Works - Canal,,e-BNID-01/2022-23,2022_CEBMB_77590_2,677835.0,677835.0,798000,
535,Odisha,Restoration to Baranganalla near village Biripadar.,Ganjam,,761126,19.366666666666667,85.1,CE-BMRVN BasinBerhampur||S.E. Southern Irr. Circle I Berhampur||EE Bhanjanagar Irrigation Divn Bhanjanagar,O/o C.E.-B.M RBVN Basin Berhampur,Improvement to nalla,Post-Monsoon,2022-12-18,Civil Works - Canal,,e-BNID-02/2022-23,2022_CEBMB_77732_10,570913.0,570913.0,571000,
536,Odisha,Improvement to RFB of Loharakhandi near village Gamundi from RD 4000 M to 4150 M.,Ganjam,,761126,19.366666666666667,85.1,CE-BMRVN BasinBerhampur||S.E. Southern Irr. Circle I Berhampur||EE Bhanjanagar Irrigation Divn Bhanjanagar,O/o C.E.-B.M RBVN Basin Berhampur,Improvement to flood embankment,Post-Monsoon,2022-12-18,Civil Works - Canal,,e-BNID-02/2022-23,2022_CEBMB_77732_11,525565.0,525565.0,526000,
537,Odisha,Improvement to RFB of Loharakhandi near village Kusapalli from RD 7700 M to 7850 M.,Ganjam,,761126,19.366666666666667,85.1,CE-BMRVN BasinBerhampur||S.E. Southern Irr. Circle I Berhampur||EE Bhanjanagar Irrigation Divn Bhanjanagar,O/o C.E.-B.M RBVN Basin Berhampur,Improvement to flood embankment,Post-Monsoon,2022-12-18,Civil Works - Canal,,e-BNID-02/2022-23,2022_CEBMB_77732_12,510998.0,510998.0,538000,
538,Odisha,Improvement to RFB of Loharakhandi near village Bhaliakhai from RD 6200 M to 6350 M.,Ganjam,,761126,19.366666666666667,85.1,CE-BMRVN BasinBerhampur||S.E. Southern Irr. Circle I Berhampur||EE Bhanjanagar Irrigation Divn Bhanjanagar,O/o C.E.-B.M RBVN Basin Berhampur,Improvement to flood embankment,Post-Monsoon,2022-12-18,Civil Works - Canal,,e-BNID-02/2022-23,2022_CEBMB_77732_13,523904.0,523904.0,524000,
539,Odisha,Restoration to LFB of Kupatinalla near village Talajibika(Protection Wall near High school),Ganjam,,761126,19.366666666666667,85.1,CE-BMRVN BasinBerhampur||S.E. Southern Irr. Circle I Berhampur||EE Bhanjanagar Irrigation Divn Bhanjanagar,O/o C.E.-B.M RBVN Basin Berhampur,Improvement to flood embankment,Post-Monsoon,2022-12-18,Civil Works - Canal,,e-BNID-02/2022-23,2022_CEBMB_77732_14,1155235.0,1155235.0,1158000,
540,Odisha,Improvement to RFB of Latakiary nalla confluence to Kokolaba river,Ganjam,,761126,19.366666666666667,85.1,CE-BMRVN BasinBerhampur||S.E. Southern Irr. Circle I Berhampur||EE Bhanjanagar Irrigation Divn Bhanjanagar,O/o C.E.-B.M RBVN Basin Berhampur,Improvement to flood embankment,Post-Monsoon,2022-12-18,Civil Works - Canal,,e-BNID-02/2022-23,2022_CEBMB_77732_15,678766.0,678766.0,688000,
541,Odisha,Improvement to LFB of Baghuanalla from RD 3700 M to 3920 M.,Ganjam,,761126,19.366666666666667,85.1,CE-BMRVN BasinBerhampur||S.E. Southern Irr. Circle I Berhampur||EE Bhanjanagar Irrigation Divn Bhanjanagar,O/o C.E.-B.M RBVN Basin Berhampur,Improvement to flood embankment,Post-Monsoon,2022-12-18,Civil Works - Canal,,e-BNID-02/2022-23,2022_CEBMB_77732_16,622747.0,622747.0,656000,
542,Odisha,Improvement to RFB of Kataranalla from RD 3250 M to 3500 M.,Ganjam,,761126,19.366666666666667,85.1,CE-BMRVN BasinBerhampur||S.E. Southern Irr. Circle I Berhampur||EE Bhanjanagar Irrigation Divn Bhanjanagar,O/o C.E.-B.M RBVN Basin Berhampur,Improvement to flood embankment,Post-Monsoon,2022-12-18,Civil Works - Canal,,e-BNID-02/2022-23,2022_CEBMB_77732_17,648887.0,648887.0,649000,
543,Odisha,Restoration to LFB of Nuapallinalla from RD 1100 M to 1400 M.,Ganjam,,761126,19.366666666666667,85.1,CE-BMRVN BasinBerhampur||S.E. Southern Irr. Circle I Berhampur||EE Bhanjanagar Irrigation Divn Bhanjanagar,O/o C.E.-B.M RBVN Basin Berhampur,Improvement to nalla,Post-Monsoon,2022-12-20,Civil Works - Canal,,e-BNID-02/2022-23,2022_CEBMB_77732_29,655584.0,655584.0,656000,
544,Odisha,Restoration to LFB of Paikianalla near Khurudupalli from RD 2150 M to 2480 M.,Ganjam,,761126,19.366666666666667,85.1,CE-BMRVN BasinBerhampur||S.E. Southern Irr. Circle I Berhampur||EE Bhanjanagar Irrigation Divn Bhanjanagar,O/o C.E.-B.M RBVN Basin Berhampur,Improvement to nalla,Post-Monsoon,2022-12-20,Civil Works - Canal,,e-BNID-02/2022-23,2022_CEBMB_77732_30,663401.0,663401.0,667000,
545,Odisha,Restoration to LFB of Ranikiarynalla from RD 1900 M to 2200 M.,Ganjam,,761126,19.366666666666667,85.1,CE-BMRVN BasinBerhampur||S.E. Southern Irr. Circle I Berhampur||EE Bhanjanagar Irrigation Divn Bhanjanagar,O/o C.E.-B.M RBVN Basin Berhampur,Improvement to nalla,Post-Monsoon,2022-12-20,Civil Works - Canal,,e-BNID-02/2022-23,2022_CEBMB_77732_31,660227.0,660227.0,661000,
546,Odisha,Restoration to RFB of Bantanalla from RD 3560 M to 3810 M.,Ganjam,,761126,19.366666666666667,85.1,CE-BMRVN BasinBerhampur||S.E. Southern Irr. Circle I Berhampur||EE Bhanjanagar Irrigation Divn Bhanjanagar,O/o C.E.-B.M RBVN Basin Berhampur,Improvement to nalla,Post-Monsoon,2022-12-20,Civil Works - Canal,,e-BNID-02/2022-23,2022_CEBMB_77732_32,662746.0,662746.0,663000,
547,Odisha,Improvement to LFB of river Bodanadi near village Tholanda.,Ganjam,,761126,19.366666666666667,85.1,CE-BMRVN BasinBerhampur||S.E. Southern Irr. Circle I Berhampur||EE Bhanjanagar Irrigation Divn Bhanjanagar,O/o C.E.-B.M RBVN Basin Berhampur,Improvement to flood embankment,Post-Monsoon,2022-12-20,Civil Works - Canal,,e-BNID-02/2022-23,2022_CEBMB_77732_34,654335.0,654335.0,648000,
548,Odisha,Raising and Strengthening to LFB of river Bodanadi near D/S of village Chamunda Bridge.,Ganjam,,761126,19.366666666666667,85.1,CE-BMRVN BasinBerhampur||S.E. Southern Irr. Circle I Berhampur||EE Bhanjanagar Irrigation Divn Bhanjanagar,O/o C.E.-B.M RBVN Basin Berhampur,Improvement to flood embankment,Post-Monsoon,2022-12-22,Civil Works - Canal,,e-BNID-02/2022-23,2022_CEBMB_77732_36,591449.0,591449.0,585000,
549,Odisha,Raising and Strengthening to LFB of river Bodanadi near village Jirabadi D/S of SH Crossing.,Ganjam,,761126,19.366666666666667,85.1,CE-BMRVN BasinBerhampur||S.E. Southern Irr. Circle I Berhampur||EE Bhanjanagar Irrigation Divn Bhanjanagar,O/o C.E.-B.M RBVN Basin Berhampur,Improvement to flood embankment,Post-Monsoon,2022-12-22,Civil Works - Canal,,e-BNID-02/2022-23,2022_CEBMB_77732_37,609996.0,609996.0,604000,
550,Odisha,Raising and Strengthening to LFB of river Bodanadi near village Palapada.,Ganjam,,761126,19.366666666666667,85.1,CE-BMRVN BasinBerhampur||S.E. Southern Irr. Circle I Berhampur||EE Bhanjanagar Irrigation Divn Bhanjanagar,O/o C.E.-B.M RBVN Basin Berhampur,Improvement to flood embankment,Post-Monsoon,2022-12-22,Civil Works - Canal,,e-BNID-02/2022-23,2022_CEBMB_77732_38,507434.0,507434.0,503000,
551,Odisha,Raising and Strengthening to LFB of river Bodanadi near village Jirabadi.,Ganjam,,761126,19.366666666666667,85.1,CE-BMRVN BasinBerhampur||S.E. Southern Irr. Circle I Berhampur||EE Bhanjanagar Irrigation Divn Bhanjanagar,O/o C.E.-B.M RBVN Basin Berhampur,Improvement to flood embankment,Post-Monsoon,2022-12-22,Civil Works - Canal,,e-BNID-02/2022-23,2022_CEBMB_77732_39,607944.0,607944.0,602000,
552,Odisha,Restoration to LFB of Paikianalla from RD 1050 M to 1250 M,Ganjam,,761126,19.366666666666667,85.1,CE-BMRVN BasinBerhampur||S.E. Southern Irr. Circle I Berhampur||EE Bhanjanagar Irrigation Divn Bhanjanagar,O/o C.E.-B.M RBVN Basin Berhampur,Improvement to nalla,Post-Monsoon,2022-12-18,Civil Works - Others,,e-BNID-02/2022-23,2022_CEBMB_77732_50,562222.0,562222.0,570000,
553,Odisha,Improvement to LFB of Loharakhandi near village Patulisahi from RD 3700 M to 3900 M.,Ganjam,,761126,19.366666666666667,85.1,CE-BMRVN BasinBerhampur||S.E. Southern Irr. Circle I Berhampur||EE Bhanjanagar Irrigation Divn Bhanjanagar,O/o C.E.-B.M RBVN Basin Berhampur,Improvement to flood embankment,Post-Monsoon,2022-12-17,Civil Works - Canal,,e-BNID-02/2022-23,2022_CEBMB_77732_7,571124.0,571124.0,572000,
554,Odisha,Restoration to Durgaprasadnalla near village old Durgaprasad.,Ganjam,,761126,19.366666666666667,85.1,CE-BMRVN BasinBerhampur||S.E. Southern Irr. Circle I Berhampur||EE Bhanjanagar Irrigation Divn Bhanjanagar,O/o C.E.-B.M RBVN Basin Berhampur,Improvement to nalla,Post-Monsoon,2022-12-10,Civil Works - Canal,,e-BNID-02/2022-23,2022_CEBMB_77732_9,538086.0,538086.0,539000,
555,Odisha,Improvement to Right Flood Bank of river Bahuda near Mukundapur Khariaguda,Ganjam,,760004,19.366666666666667,85.1,CE-BMRVN BasinBerhampur||S.E. Southern Irr. Circle I Berhampur||EE Chikiti Irrigation Divn Berhampur,O/o the SE Chikiti Irrigation Division Berhampur,Earth Work Concrete Work Stone work,Post-Monsoon,2023-01-30,Civil Works - Others,,SE-CHID-01/2022-23,2022_CEBMB_77815_10,1128176.0,1128176.0,1327109,
556,Odisha,Improvement to Left Flood Bank of river Bahuda near Dhepapentha.,Ganjam,,760004,19.366666666666667,85.1,CE-BMRVN BasinBerhampur||S.E. Southern Irr. Circle I Berhampur||EE Chikiti Irrigation Divn Berhampur,O/o the SE Chikiti Irrigation Division Berhampur,Earth Work Concrete Work Stone work,Post-Monsoon,2023-01-30,Civil Works - Others,,SE-CHID-01/2022-23,2022_CEBMB_77815_11,1128161.0,1128161.0,1327092,
557,Odisha,Protection to river bank of river Bahuda near village Bajragamma of Digapahandi Block.,Ganjam,,760004,19.366666666666667,85.1,CE-BMRVN BasinBerhampur||S.E. Southern Irr. Circle I Berhampur||EE Chikiti Irrigation Divn Berhampur,O/o the SE Chikiti Irrigation Division Berhampur,Earth Work Concrete Work Stone work,Post-Monsoon,2023-01-30,Civil Works - Others,,SE-CHID-01/2022-23,2022_CEBMB_77815_12,3009411.0,3009411.0,3540068,
558,Odisha,Improvement of Left Flood Bank of river Bahuda near Ch. Tikarapada.,Ganjam,,760004,19.366666666666667,85.1,CE-BMRVN BasinBerhampur||S.E. Southern Irr. Circle I Berhampur||EE Chikiti Irrigation Divn Berhampur,O/o the SE Chikiti Irrigation Division Berhampur,Earth Work Concrete Work Stone work,Post-Monsoon,2023-01-30,Civil Works - Others,,SE-CHID-01/2022-23,2022_CEBMB_77815_13,1479554.0,1479554.0,1740447,
559,Odisha,Improvement of Left Flood Bank of river Bahuda near Goudagan,Ganjam,,760004,19.366666666666667,85.1,CE-BMRVN BasinBerhampur||S.E. Southern Irr. Circle I Berhampur||EE Chikiti Irrigation Divn Berhampur,O/o the SE Chikiti Irrigation Division Berhampur,Earth Work Concrete Work Stone work,Post-Monsoon,2023-01-30,Civil Works - Others,,SE-CHID-01/2022-23,2022_CEBMB_77815_14,1479482.0,1479482.0,1740362,
560,Odisha,Restoration to Left flood Bank river Bahuda near Patrachudi.,Ganjam,,760004,19.366666666666667,85.1,CE-BMRVN BasinBerhampur||S.E. Southern Irr. Circle I Berhampur||EE Chikiti Irrigation Divn Berhampur,O/o the SE Chikiti Irrigation Division Berhampur,Earth Work Concrete Work Stone work,Post-Monsoon,2023-01-30,Civil Works - Others,,SE-CHID-01/2022-23,2022_CEBMB_77815_15,2257096.0,2257096.0,2655094,
561,Odisha,Protection to river Bank of river Bahuda near village Puhundi of Patrapur Block.,Ganjam,,760004,19.366666666666667,85.1,CE-BMRVN BasinBerhampur||S.E. Southern Irr. Circle I Berhampur||EE Chikiti Irrigation Divn Berhampur,O/o the SE Chikiti Irrigation Division Berhampur,Earth Work Concrete Work Stone work,Post-Monsoon,2023-01-30,Civil Works - Others,,SE-CHID-01/2022-23,2022_CEBMB_77815_16,3009411.0,3009411.0,3540038,
562,Odisha,Protection to left bank river Bahuda near village K Nuagaon,Ganjam,,760004,19.366666666666667,85.1,CE-BMRVN BasinBerhampur||S.E. Southern Irr. Circle I Berhampur||EE Chikiti Irrigation Divn Berhampur,O/o the SE Chikiti Irrigation Division Berhampur,Earth Work Concrete Work stone work,Post-Monsoon,2023-01-30,Civil Works - Others,,SE-CHID-01/2022-23,2022_CEBMB_77815_18,441900.0,441900.0,519821,
563,Odisha,Flood protection of River Bahuda near village Old Mahishanpur,Ganjam,,760004,19.366666666666667,85.1,CE-BMRVN BasinBerhampur||S.E. Southern Irr. Circle I Berhampur||EE Chikiti Irrigation Divn Berhampur,O/o the SE Chikiti Irrigation Division Berhampur,Earth Work,Post-Monsoon,2023-01-30,Civil Works - Others,,SE-CHID-01/2022-23,2022_CEBMB_77815_9,483863.0,483863.0,569183,
564,Odisha,Improvement to L.F.B of Bodanadi near Village Chhamunda from RD 1318 M to 1478 M.,Ganjam,,761126,19.366666666666667,85.1,CE-BMRVN BasinBerhampur||S.E. Southern Irr. Circle I Berhampur||EE Bhanjanagar Irrigation Divn Bhanjanagar,O/o C.E.-B.M RBVN Basin Berhampur,Improvement to flood embankment,Post-Monsoon,2022-12-23,Civil Works - Others,,e-BNID-03/2022-23,2022_CEBMB_77896_1,538695.0,538695.0,533000,
565,Odisha,Improvement to Mandar Minor (Construction of 5 nos of Foot Bridge),Ganjam,,761126,19.366666666666667,85.1,CE-BMRVN BasinBerhampur||S.E. Southern Irr. Circle I Berhampur||EE Bhanjanagar Irrigation Divn Bhanjanagar,O/o C.E.-B.M RBVN Basin Berhampur,Improvement to flood embankment,Post-Monsoon,2022-12-23,Civil Works - Others,,e-BNID-03/2022-23,2022_CEBMB_77896_10,577755.0,577755.0,586000,
566,Odisha,Improvement to R.F.B of River Bodanadi near D/S of Chopra to Bhuktabhumi road of village Chopra.,Ganjam,,761126,19.366666666666667,85.1,CE-BMRVN BasinBerhampur||S.E. Southern Irr. Circle I Berhampur||EE Bhanjanagar Irrigation Divn Bhanjanagar,O/o C.E.-B.M RBVN Basin Berhampur,Improvement to flood embankment,Post-Monsoon,2022-12-24,Civil Works - Others,,e-BNID-03/2022-23,2022_CEBMB_77896_11,526837.0,526837.0,527000,
567,Odisha,Improvement to L.F.B of Bodanadi near Village Chhamunda from RD 1738 M to 1838 M.,Ganjam,,761126,19.366666666666667,85.1,CE-BMRVN BasinBerhampur||S.E. Southern Irr. Circle I Berhampur||EE Bhanjanagar Irrigation Divn Bhanjanagar,O/o C.E.-B.M RBVN Basin Berhampur,Improvement to flood embankment,Post-Monsoon,2022-12-24,Civil Works - Others,,e-BNID-03/2022-23,2022_CEBMB_77896_12,608145.0,608145.0,602000,
568,Odisha,Improvement to Hatimundanallah Near village Jilundi,Ganjam,,761126,19.366666666666667,85.1,CE-BMRVN BasinBerhampur||S.E. Southern Irr. Circle I Berhampur||EE Bhanjanagar Irrigation Divn Bhanjanagar,O/o C.E.-B.M RBVN Basin Berhampur,Improvement to flood embankment,Post-Monsoon,2022-12-24,Civil Works - Others,,e-BNID-03/2022-23,2022_CEBMB_77896_13,523971.0,523971.0,524000,
569,Odisha,Improvement to L.F.B of Bodanadi near Village Chhamunda from RD 1840 M to 1940 M.,Ganjam,,761126,19.366666666666667,85.1,CE-BMRVN BasinBerhampur||S.E. Southern Irr. Circle I Berhampur||EE Bhanjanagar Irrigation Divn Bhanjanagar,O/o C.E.-B.M RBVN Basin Berhampur,Improvement to flood embankment,Post-Monsoon,2022-12-24,Civil Works - Others,,e-BNID-03/2022-23,2022_CEBMB_77896_14,610087.0,610087.0,611000,
570,Odisha,Improvement to RFB of Budulinallah near village Buduli.,Ganjam,,761126,19.366666666666667,85.1,CE-BMRVN BasinBerhampur||S.E. Southern Irr. Circle I Berhampur||EE Bhanjanagar Irrigation Divn Bhanjanagar,O/o C.E.-B.M RBVN Basin Berhampur,Improvement to flood embankment,Post-Monsoon,2022-12-24,Civil Works - Others,,e-BNID-03/2022-23,2022_CEBMB_77896_15,454772.0,454772.0,535000,
571,Odisha,Improvement to L.F.B of River Bodanadi near D/S of Pump House of village Jirabadi.,Ganjam,,761126,19.366666666666667,85.1,CE-BMRVN BasinBerhampur||S.E. Southern Irr. Circle I Berhampur||EE Bhanjanagar Irrigation Divn Bhanjanagar,O/o C.E.-B.M RBVN Basin Berhampur,Improvement to flood embankment,Post-Monsoon,2022-12-23,Civil Works - Others,,e-BNID-03/2022-23,2022_CEBMB_77896_2,438877.0,438877.0,517000,
572,Odisha,Improvement to Hatimundanalla near U/S to Tarini Temple.,Ganjam,,761126,19.366666666666667,85.1,CE-BMRVN BasinBerhampur||S.E. Southern Irr. Circle I Berhampur||EE Bhanjanagar Irrigation Divn Bhanjanagar,O/o C.E.-B.M RBVN Basin Berhampur,Improvement to flood embankment,Post-Monsoon,2022-12-23,Civil Works - Others,,e-BNID-03/2022-23,2022_CEBMB_77896_3,537827.0,537827.0,547000,
573,Odisha,Improvement to L.F.B of Bodanadi near Village Chhamunda from RD 1480 M to 1610 M.,Ganjam,,761126,19.366666666666667,85.1,CE-BMRVN BasinBerhampur||S.E. Southern Irr. Circle I Berhampur||EE Bhanjanagar Irrigation Divn Bhanjanagar,O/o C.E.-B.M RBVN Basin Berhampur,Improvement to flood embankment,Post-Monsoon,2022-12-23,Civil Works - Others,,e-BNID-03/2022-23,2022_CEBMB_77896_4,613612.0,613612.0,607000,
574,Odisha,Restoration to LFB of Badanadi near village Golapada and Dhumuchhai (Construction of 2 nos of ramp and one no of step),Ganjam,,761126,19.366666666666667,85.1,CE-BMRVN BasinBerhampur||S.E. Southern Irr. Circle I Berhampur||EE Bhanjanagar Irrigation Divn Bhanjanagar,O/o C.E.-B.M RBVN Basin Berhampur,Improvement to flood embankment,Post-Monsoon,2022-12-23,Civil Works - Others,,e-BNID-03/2022-23,2022_CEBMB_77896_5,634818.0,634818.0,644000,
575,Odisha,Improvement to L.F.B of Bodanadi near Village Chhamunda from RD 1945 M to 2045 M.,Ganjam,,761126,19.366666666666667,85.1,CE-BMRVN BasinBerhampur||S.E. Southern Irr. Circle I Berhampur||EE Bhanjanagar Irrigation Divn Bhanjanagar,O/o C.E.-B.M RBVN Basin Berhampur,Improvement to flood embankment,Post-Monsoon,2022-12-23,Civil Works - Others,,e-BNID-03/2022-23,2022_CEBMB_77896_6,605858.0,605858.0,606000,
576,Odisha,Improvement to Hatimundanallah Near village Gamundi.,Ganjam,,761126,19.366666666666667,85.1,CE-BMRVN BasinBerhampur||S.E. Southern Irr. Circle I Berhampur||EE Bhanjanagar Irrigation Divn Bhanjanagar,O/o C.E.-B.M RBVN Basin Berhampur,Improvement to flood embankment,Post-Monsoon,2022-12-23,Civil Works - Others,,e-BNID-03/2022-23,2022_CEBMB_77896_7,531900.0,531900.0,532000,
577,Odisha,Improvement to RFB of river Nandini near village Bakilikana.,Ganjam,,761126,19.366666666666667,85.1,CE-BMRVN BasinBerhampur||S.E. Southern Irr. Circle I Berhampur||EE Bhanjanagar Irrigation Divn Bhanjanagar,O/o C.E.-B.M RBVN Basin Berhampur,Restoration and protection of River Embankment,Post-Monsoon,2022-12-25,Civil Works - Others,,e-BNID-04/2022-23,2022_CEBMB_78504_1,1016441.0,1016441.0,1196000,
578,Odisha,Restoration to RFB of river Rushikulya near village Brahmanadevi.,Ganjam,,761126,19.366666666666667,85.1,CE-BMRVN BasinBerhampur||S.E. Southern Irr. Circle I Berhampur||EE Bhanjanagar Irrigation Divn Bhanjanagar,O/o C.E.-B.M RBVN Basin Berhampur,Restoration and protection of River Embankment,Post-Monsoon,2022-12-26,Civil Works - Others,,e-BNID-04/2022-23,2022_CEBMB_78504_10,802657.0,802657.0,945000,
579,Odisha,Improvement to RFB of river of Rushikulya near village Sundarapalli,Ganjam,,761126,19.366666666666667,85.1,CE-BMRVN BasinBerhampur||S.E. Southern Irr. Circle I Berhampur||EE Bhanjanagar Irrigation Divn Bhanjanagar,O/o C.E.-B.M RBVN Basin Berhampur,Restoration and protection of River Embankment,Post-Monsoon,2022-12-26,Civil Works - Others,,e-BNID-04/2022-23,2022_CEBMB_78504_11,1539513.0,1539513.0,1811000,
580,Odisha,Improvement to RFB of river Rushikulya near village Cheramaria.,Ganjam,,761126,19.366666666666667,85.1,CE-BMRVN BasinBerhampur||S.E. Southern Irr. Circle I Berhampur||EE Bhanjanagar Irrigation Divn Bhanjanagar,O/o C.E.-B.M RBVN Basin Berhampur,Restoration and protection of River Embankment,Post-Monsoon,2022-12-26,Civil Works - Others,,e-BNID-04/2022-23,2022_CEBMB_78504_12,1053693.0,1053693.0,1240000,
581,Odisha,Improvement to RFB of river Rushikulya near village Pankalabadi.,Ganjam,,761126,19.366666666666667,85.1,CE-BMRVN BasinBerhampur||S.E. Southern Irr. Circle I Berhampur||EE Bhanjanagar Irrigation Divn Bhanjanagar,O/o C.E.-B.M RBVN Basin Berhampur,Restoration and protection of River Embankment,Post-Monsoon,2022-12-26,Civil Works - Others,,e-BNID-04/2022-23,2022_CEBMB_78504_13,829801.0,829801.0,977000,
582,Odisha,Improvement to RFB of river Rushikulya near village Kalasandhapur,Ganjam,,761126,19.366666666666667,85.1,CE-BMRVN BasinBerhampur||S.E. Southern Irr. Circle I Berhampur||EE Bhanjanagar Irrigation Divn Bhanjanagar,O/o C.E.-B.M RBVN Basin Berhampur,Restoration and protection of River Embankment,Post-Monsoon,2022-12-26,Civil Works - Others,,e-BNID-04/2022-23,2022_CEBMB_78504_14,830761.0,830761.0,978000,
583,Odisha,Improvement to both banks of Bethuar Nalla near village Kanagiridi.,Ganjam,,761126,19.366666666666667,85.1,CE-BMRVN BasinBerhampur||S.E. Southern Irr. Circle I Berhampur||EE Bhanjanagar Irrigation Divn Bhanjanagar,O/o C.E.-B.M RBVN Basin Berhampur,Restoration and protection of River Embankment,Post-Monsoon,2022-12-26,Civil Works - Others,,e-BNID-04/2022-23,2022_CEBMB_78504_15,1200619.0,1200619.0,1413000,
584,Odisha,Improvement to RFB of river Rushikulya near village Baradabilli.,Ganjam,,761126,19.366666666666667,85.1,CE-BMRVN BasinBerhampur||S.E. Southern Irr. Circle I Berhampur||EE Bhanjanagar Irrigation Divn Bhanjanagar,O/o C.E.-B.M RBVN Basin Berhampur,Restoration and protection of River Embankment,Post-Monsoon,2022-12-26,Civil Works - Others,,e-BNID-04/2022-23,2022_CEBMB_78504_16,1154011.0,1154011.0,1358000,
585,Odisha,Improvement to RFB of river Rushikulya near village Mundamarai.,Ganjam,,761126,19.366666666666667,85.1,CE-BMRVN BasinBerhampur||S.E. Southern Irr. Circle I Berhampur||EE Bhanjanagar Irrigation Divn Bhanjanagar,O/o C.E.-B.M RBVN Basin Berhampur,Restoration and protection of River Embankment,Post-Monsoon,2022-12-26,Civil Works - Others,,e-BNID-04/2022-23,2022_CEBMB_78504_17,1180656.0,1180656.0,1389000,
586,Odisha,Restoration to LFB of river Rushikulya near village Kailashpur.,Ganjam,,761126,19.366666666666667,85.1,CE-BMRVN BasinBerhampur||S.E. Southern Irr. Circle I Berhampur||EE Bhanjanagar Irrigation Divn Bhanjanagar,O/o C.E.-B.M RBVN Basin Berhampur,Restoration and protection of River Embankment,Post-Monsoon,2022-12-24,Civil Works - Others,,e-BNID-04/2022-23,2022_CEBMB_78504_18,805756.0,805756.0,948000,
587,Odisha,Improvement to RFB of river Rushikulya near village Pudugeswarapalli.,Ganjam,,761126,19.366666666666667,85.1,CE-BMRVN BasinBerhampur||S.E. Southern Irr. Circle I Berhampur||EE Bhanjanagar Irrigation Divn Bhanjanagar,O/o C.E.-B.M RBVN Basin Berhampur,Restoration and protection of River Embankment,Post-Monsoon,2022-12-26,Civil Works - Others,,e-BNID-04/2022-23,2022_CEBMB_78504_19,1330859.0,1330859.0,1566000,
588,Odisha,Improvement to RFB of river Nandini near village Dengapadar.,Ganjam,,761126,19.366666666666667,85.1,CE-BMRVN BasinBerhampur||S.E. Southern Irr. Circle I Berhampur||EE Bhanjanagar Irrigation Divn Bhanjanagar,O/o C.E.-B.M RBVN Basin Berhampur,Restoration and protection of River Embankment,Post-Monsoon,2022-12-25,Civil Works - Others,,e-BNID-04/2022-23,2022_CEBMB_78504_2,1226678.0,1226678.0,1443000,
589,Odisha,Improvement to LFB of river Padma near village Amrutul.,Ganjam,,761126,19.366666666666667,85.1,CE-BMRVN BasinBerhampur||S.E. Southern Irr. Circle I Berhampur||EE Bhanjanagar Irrigation Divn Bhanjanagar,O/o C.E.-B.M RBVN Basin Berhampur,Restoration and protection of River Embankment,Post-Monsoon,2022-12-24,Civil Works - Others,,e-BNID-04/2022-23,2022_CEBMB_78504_20,882355.0,882355.0,1038000,
590,Odisha,Improvement to LFB of river Rushikulya near village Batasasan.,Ganjam,,761126,19.366666666666667,85.1,CE-BMRVN BasinBerhampur||S.E. Southern Irr. Circle I Berhampur||EE Bhanjanagar Irrigation Divn Bhanjanagar,O/o C.E.-B.M RBVN Basin Berhampur,Restoration and protection of River Embankment,Post-Monsoon,2022-12-26,Civil Works - Others,,e-BNID-04/2022-23,2022_CEBMB_78504_21,1331853.0,1331853.0,1567000,
591,Odisha,Providing two nos of bathing ghats in Aska NAC word no-8.,Ganjam,,761126,19.366666666666667,85.1,CE-BMRVN BasinBerhampur||S.E. Southern Irr. Circle I Berhampur||EE Bhanjanagar Irrigation Divn Bhanjanagar,O/o C.E.-B.M RBVN Basin Berhampur,Restoration and protection of River Embankment,Post-Monsoon,2022-12-26,Civil Works - Others,,e-BNID-04/2022-23,2022_CEBMB_78504_22,670300.0,670300.0,789000,
592,Odisha,Providing a bathing ghat in LFB of river Rushikulya near village Palligravyard.,Ganjam,,761126,19.366666666666667,85.1,CE-BMRVN BasinBerhampur||S.E. Southern Irr. Circle I Berhampur||EE Bhanjanagar Irrigation Divn Bhanjanagar,O/o C.E.-B.M RBVN Basin Berhampur,Restoration and protection of River Embankment,Post-Monsoon,2022-12-26,Civil Works - Others,,e-BNID-04/2022-23,2022_CEBMB_78504_23,443708.0,443708.0,522000,
593,Odisha,Provision of drainage sluice in LFB of river Ghodahada near village Adapada.,Ganjam,,761126,19.366666666666667,85.1,CE-BMRVN BasinBerhampur||S.E. Southern Irr. Circle I Berhampur||EE Bhanjanagar Irrigation Divn Bhanjanagar,O/o C.E.-B.M RBVN Basin Berhampur,Restoration and protection of River Embankment,Post-Monsoon,2022-12-26,Civil Works - Others,,e-BNID-04/2022-23,2022_CEBMB_78504_24,829417.0,829417.0,976000,
594,Odisha,Restoration to RFB of river Badanadi from Revenue IB to Marathibasa.,Ganjam,,761126,19.366666666666667,85.1,CE-BMRVN BasinBerhampur||S.E. Southern Irr. Circle I Berhampur||EE Bhanjanagar Irrigation Divn Bhanjanagar,O/o C.E.-B.M RBVN Basin Berhampur,Restoration and protection of River Embankment,Post-Monsoon,2022-12-26,Civil Works - Others,,e-BNID-04/2022-23,2022_CEBMB_78504_25,934023.0,934023.0,1099000,
595,Odisha,Providing a bathing step in LFB of river Ghodahada near village Kurula.,Ganjam,,761126,19.366666666666667,85.1,CE-BMRVN BasinBerhampur||S.E. Southern Irr. Circle I Berhampur||EE Bhanjanagar Irrigation Divn Bhanjanagar,O/o C.E.-B.M RBVN Basin Berhampur,Restoration and protection of River Embankment,Post-Monsoon,2022-12-26,Civil Works - Others,,e-BNID-04/2022-23,2022_CEBMB_78504_26,436766.0,436766.0,636000,
596,Odisha,Improvement to right bank of river Nandini near village Khaspa.,Ganjam,,761126,19.366666666666667,85.1,CE-BMRVN BasinBerhampur||S.E. Southern Irr. Circle I Berhampur||EE Bhanjanagar Irrigation Divn Bhanjanagar,O/o C.E.-B.M RBVN Basin Berhampur,Restoration and protection of River Embankment,Post-Monsoon,2022-12-25,Civil Works - Others,,e-BNID-04/2022-23,2022_CEBMB_78504_3,1279061.0,1279061.0,1505000,
597,Odisha,Improvement to LFB of river Badanadi from village Mukundapur to Baragan (road work).,Ganjam,,761126,19.366666666666667,85.1,CE-BMRVN BasinBerhampur||S.E. Southern Irr. Circle I Berhampur||EE Bhanjanagar Irrigation Divn Bhanjanagar,O/o C.E.-B.M RBVN Basin Berhampur,Restoration and protection of River Embankment,Post-Monsoon,2022-12-25,Civil Works - Others,,e-BNID-04/2022-23,2022_CEBMB_78504_4,985160.0,985160.0,1159000,
598,Odisha,Restoration of LFB Rushikulya near village Padhala.,Ganjam,,761126,19.366666666666667,85.1,CE-BMRVN BasinBerhampur||S.E. Southern Irr. Circle I Berhampur||EE Bhanjanagar Irrigation Divn Bhanjanagar,O/o C.E.-B.M RBVN Basin Berhampur,Restoration and protection of River Embankment,Post-Monsoon,2022-12-26,Civil Works - Others,,e-BNID-04/2022-23,2022_CEBMB_78504_5,1626020.0,1626020.0,1913000,
599,Odisha,Restoration to RFB of river Rushikulya near village Bagidi.,Ganjam,,761126,19.366666666666667,85.1,CE-BMRVN BasinBerhampur||S.E. Southern Irr. Circle I Berhampur||EE Bhanjanagar Irrigation Divn Bhanjanagar,O/o C.E.-B.M RBVN Basin Berhampur,Restoration and protection of River Embankment,Post-Monsoon,2022-12-24,Civil Works - Others,,e-BNID-04/2022-23,2022_CEBMB_78504_6,804935.0,804935.0,947000,
600,Odisha,Improvement to LFB of river Padma near village Takarada.,Ganjam,,761126,19.366666666666667,85.1,CE-BMRVN BasinBerhampur||S.E. Southern Irr. Circle I Berhampur||EE Bhanjanagar Irrigation Divn Bhanjanagar,O/o C.E.-B.M RBVN Basin Berhampur,Restoration and protection of River Embankment,Post-Monsoon,2022-12-24,Civil Works - Others,,e-BNID-04/2022-23,2022_CEBMB_78504_7,881770.0,881770.0,1038000,
601,Odisha,Restoration to RFB of river Rushikulya near village Laxmipur.,Ganjam,,761126,19.366666666666667,85.1,CE-BMRVN BasinBerhampur||S.E. Southern Irr. Circle I Berhampur||EE Bhanjanagar Irrigation Divn Bhanjanagar,O/o C.E.-B.M RBVN Basin Berhampur,Restoration and protection of River Embankment,Post-Monsoon,2022-12-26,Civil Works - Others,,e-BNID-04/2022-23,2022_CEBMB_78504_8,783091.0,783091.0,922000,
602,Odisha,Improvement to both banks of Bethuranalla near village Bethura,Ganjam,,761126,19.366666666666667,85.1,CE-BMRVN BasinBerhampur||S.E. Southern Irr. Circle I Berhampur||EE Bhanjanagar Irrigation Divn Bhanjanagar,O/o C.E.-B.M RBVN Basin Berhampur,Restoration and protection of River Embankment,Post-Monsoon,2022-12-26,Civil Works - Others,,e-BNID-04/2022-23,2022_CEBMB_78504_9,1199548.0,1199548.0,1412000,
603,Odisha,Providing flood protection embankment on right bank of river Rushikulya from village Badamadhapur to Nuapalli.,Ganjam,,761020,19.366666666666667,85.1,CE-BMRVN BasinBerhampur||S.E. Southern Irr. Circle I Berhampur,O/o the Additional CE RB Basin Berhampur,Providing flood protection embankment on right bank of river Rushikulya from village Badamadhapur to Nuapalli.,Post-Monsoon,2023-01-01,Civil Works - Others,,ACERBB-08/2022-23,2022_CEBMB_78817_2,42126336.81,42126337.0,49554566,
604,Odisha,Providing flood protection work on left bank of river Rushikulya from RD 39.200 Km to 40.100 Km near village Damodarapur in Ganjam Block of Ganjam District.,Ganjam,,761026,19.366666666666667,85.1,CE-BMRVN BasinBerhampur||S.E. Southern Irr. Circle I Berhampur,O/o the Additional CE RB Basin Berhampur,Providing flood protection work on left bank of river Rushikulya from RD 39.200 Km to 40.100 Km near village Damodarapur in Ganjam Block of Ganjam District.,Post-Monsoon,2023-01-01,Civil Works - Others,,ACERBB-08/2022-23,2022_CEBMB_78817_3,17763239.22,17763239.0,20895470,
605,Odisha,Construction of Bathing ghat on LFB of river Badanadi near village Jalakhai.,Ganjam,,761126,19.366666666666667,85.1,CE-BMRVN BasinBerhampur||S.E. Southern Irr. Circle I Berhampur||EE Bhanjanagar Irrigation Divn Bhanjanagar,O/o C.E.-B.M RBVN Basin Berhampur,Restoration and protection of River Embankment,Post-Monsoon,2022-12-27,Civil Works - Others,,e-BNID-05/2022-23,2022_CEBMB_79197_1,481985.0,481985.0,532000,
606,Odisha,Restoration to RFB of Loharakhandi near Gamundi from RD 3000 M to 3219 M.,Ganjam,,761126,19.366666666666667,85.1,CE-BMRVN BasinBerhampur||S.E. Southern Irr. Circle I Berhampur||EE Bhanjanagar Irrigation Divn Bhanjanagar,O/o C.E.-B.M RBVN Basin Berhampur,Restoration and protection of River Embankment,Post-Monsoon,2022-12-29,Civil Works - Others,,e-BNID-05/2022-23,2022_CEBMB_79197_11,767330.0,767330.0,768000,
607,Odisha,Restoration to LFB of Loharakhandi near Durgaprasad from RD 885 M to 1106 M.,Ganjam,,761126,19.366666666666667,85.1,CE-BMRVN BasinBerhampur||S.E. Southern Irr. Circle I Berhampur||EE Bhanjanagar Irrigation Divn Bhanjanagar,O/o C.E.-B.M RBVN Basin Berhampur,Restoration and protection of River Embankment,Post-Monsoon,2022-12-29,Civil Works - Others,,e-BNID-05/2022-23,2022_CEBMB_79197_12,774416.0,774416.0,775000,
608,Odisha,Restoration to LFB of Loharakhandi near Gamundi Ramp from RD 4160 M. to 4382 M.,Ganjam,,761126,19.366666666666667,85.1,CE-BMRVN BasinBerhampur||S.E. Southern Irr. Circle I Berhampur||EE Bhanjanagar Irrigation Divn Bhanjanagar,O/o C.E.-B.M RBVN Basin Berhampur,Restoration and protection of River Embankment,Post-Monsoon,2022-12-29,Civil Works - Others,,e-BNID-05/2022-23,2022_CEBMB_79197_13,777739.0,777739.0,778000,
609,Odisha,Restoration to RFB of Dayapalli Nalla from RD 2100 M. to 2350 M.,Ganjam,,761126,19.366666666666667,85.1,CE-BMRVN BasinBerhampur||S.E. Southern Irr. Circle I Berhampur||EE Bhanjanagar Irrigation Divn Bhanjanagar,O/o C.E.-B.M RBVN Basin Berhampur,Restoration and protection of River Embankment,Post-Monsoon,2022-12-29,Civil Works - Others,,e-BNID-05/2022-23,2022_CEBMB_79197_14,623595.0,623595.0,624000,
610,Odisha,Restoration to LFB of Narigochha Nalla from RD 1300 M to 1600 M.,Ganjam,,761126,19.366666666666667,85.1,CE-BMRVN BasinBerhampur||S.E. Southern Irr. Circle I Berhampur||EE Bhanjanagar Irrigation Divn Bhanjanagar,O/o C.E.-B.M RBVN Basin Berhampur,Restoration and protection of River Embankment,Post-Monsoon,2022-12-29,Civil Works - Others,,e-BNID-05/2022-23,2022_CEBMB_79197_15,663389.0,663389.0,664000,
611,Odisha,Restoration to RFB of Giringian Nalla from RD 2300 M. to 2600 M.,Ganjam,,761126,19.366666666666667,85.1,CE-BMRVN BasinBerhampur||S.E. Southern Irr. Circle I Berhampur||EE Bhanjanagar Irrigation Divn Bhanjanagar,O/o C.E.-B.M RBVN Basin Berhampur,Restoration and protection of River Embankment,Post-Monsoon,2022-12-29,Civil Works - Others,,e-BNID-05/2022-23,2022_CEBMB_79197_16,683259.0,683259.0,684000,
612,Odisha,Restoration to RFB of Bhurudupalli Nalla from RD 2200 M to 2500 M.,Ganjam,,761126,19.366666666666667,85.1,CE-BMRVN BasinBerhampur||S.E. Southern Irr. Circle I Berhampur||EE Bhanjanagar Irrigation Divn Bhanjanagar,O/o C.E.-B.M RBVN Basin Berhampur,Restoration and protection of River Embankment,Post-Monsoon,2022-12-29,Civil Works - Others,,e-BNID-05/2022-23,2022_CEBMB_79197_17,641179.0,641179.0,642000,
613,Odisha,Restoration to RFB of Katara Nalla from RD 3600 M to 3900 M.,Ganjam,,761126,19.366666666666667,85.1,CE-BMRVN BasinBerhampur||S.E. Southern Irr. Circle I Berhampur||EE Bhanjanagar Irrigation Divn Bhanjanagar,O/o C.E.-B.M RBVN Basin Berhampur,Restoration and protection of River Embankment,Post-Monsoon,2022-12-29,Civil Works - Others,,e-BNID-05/2022-23,2022_CEBMB_79197_18,644903.0,644903.0,645000,
614,Odisha,Restoration to LFB of Baradijhola Nalla from RD 400 M. to 700 M.,Ganjam,,761126,19.366666666666667,85.1,CE-BMRVN BasinBerhampur||S.E. Southern Irr. Circle I Berhampur||EE Bhanjanagar Irrigation Divn Bhanjanagar,O/o C.E.-B.M RBVN Basin Berhampur,Restoration and protection of River Embankment,Post-Monsoon,2022-12-29,Civil Works - Others,,e-BNID-05/2022-23,2022_CEBMB_79197_19,650449.0,650449.0,651000,
615,Odisha,Restoration Protection to LFB of Badanadi near village Dubakhama.,Ganjam,,761126,19.366666666666667,85.1,CE-BMRVN BasinBerhampur||S.E. Southern Irr. Circle I Berhampur||EE Bhanjanagar Irrigation Divn Bhanjanagar,O/o C.E.-B.M RBVN Basin Berhampur,Restoration and protection of River Embankment,Post-Monsoon,2022-12-27,Civil Works - Others,,e-BNID-05/2022-23,2022_CEBMB_79197_2,855276.0,855276.0,889000,
616,Odisha,Restoration to LFB of Baghua Nalla from RD 2600 M. to 2900 M.,Ganjam,,761126,19.366666666666667,85.1,CE-BMRVN BasinBerhampur||S.E. Southern Irr. Circle I Berhampur||EE Bhanjanagar Irrigation Divn Bhanjanagar,O/o C.E.-B.M RBVN Basin Berhampur,Restoration and protection of River Embankment,Post-Monsoon,2022-12-29,Civil Works - Others,,e-BNID-05/2022-23,2022_CEBMB_79197_20,663746.0,663746.0,664000,
617,Odisha,Improvement to Tailweir of Baliapatta.,Ganjam,,761126,19.366666666666667,85.1,CE-BMRVN BasinBerhampur||S.E. Southern Irr. Circle I Berhampur||EE Bhanjanagar Irrigation Divn Bhanjanagar,O/o C.E.-B.M RBVN Basin Berhampur,Restoration and protection of River Embankment,Post-Monsoon,2022-12-29,Civil Works - Others,,e-BNID-05/2022-23,2022_CEBMB_79197_21,989250.0,989250.0,1161000,
618,Odisha,Improvement to Mahanadi Canal from RD 3000 M to 3500M.,Ganjam,,761126,19.366666666666667,85.1,CE-BMRVN BasinBerhampur||S.E. Southern Irr. Circle I Berhampur||EE Bhanjanagar Irrigation Divn Bhanjanagar,O/o C.E.-B.M RBVN Basin Berhampur,Restoration and protection of River Embankment,Post-Monsoon,2022-12-30,Civil Works - Others,,e-BNID-05/2022-23,2022_CEBMB_79197_22,431259.0,431259.0,495000,
619,Odisha,Construction of Bathing ghat on Left bank of Mahanadi Canal near Jahada.,Ganjam,,761126,19.366666666666667,85.1,CE-BMRVN BasinBerhampur||S.E. Southern Irr. Circle I Berhampur||EE Bhanjanagar Irrigation Divn Bhanjanagar,O/o C.E.-B.M RBVN Basin Berhampur,Restoration and protection of River Embankment,Post-Monsoon,2022-12-30,Civil Works - Others,,e-BNID-05/2022-23,2022_CEBMB_79197_23,475708.0,475708.0,524000,
620,Odisha,24 Construction of Bathing ghat on Left bank of Mahanadi Canal near Kalasuta.,Ganjam,,761126,19.366666666666667,85.1,CE-BMRVN BasinBerhampur||S.E. Southern Irr. Circle I Berhampur||EE Bhanjanagar Irrigation Divn Bhanjanagar,O/o C.E.-B.M RBVN Basin Berhampur,Restoration and protection of River Embankment,Post-Monsoon,2022-12-30,Civil Works - Others,,e-BNID-05/2022-23,2022_CEBMB_79197_24,480482.0,480482.0,530000,
621,Odisha,Improvement to Keshapur Sub Minor off taking at RD 17.60 Km of Mahanadi Canal.,Ganjam,,761126,19.366666666666667,85.1,CE-BMRVN BasinBerhampur||S.E. Southern Irr. Circle I Berhampur||EE Bhanjanagar Irrigation Divn Bhanjanagar,O/o C.E.-B.M RBVN Basin Berhampur,Restoration and protection of River Embankment,Post-Monsoon,2022-12-30,Civil Works - Others,,e-BNID-05/2022-23,2022_CEBMB_79197_25,563140.0,563140.0,648000,
622,Odisha,Improvement to Benipalli Sub Minor from RD 00 to 1500 M.,Ganjam,,761126,19.366666666666667,85.1,CE-BMRVN BasinBerhampur||S.E. Southern Irr. Circle I Berhampur||EE Bhanjanagar Irrigation Divn Bhanjanagar,O/o C.E.-B.M RBVN Basin Berhampur,Restoration and protection of River Embankment,Post-Monsoon,2022-12-30,Civil Works - Others,,e-BNID-05/2022-23,2022_CEBMB_79197_26,606940.0,606940.0,700000,
623,Odisha,Restoration Protection to LFB of Loharakhandi near village Rajakunda D/S.,Ganjam,,761126,19.366666666666667,85.1,CE-BMRVN BasinBerhampur||S.E. Southern Irr. Circle I Berhampur||EE Bhanjanagar Irrigation Divn Bhanjanagar,O/o C.E.-B.M RBVN Basin Berhampur,Restoration and protection of River Embankment,Post-Monsoon,2022-12-27,Civil Works - Others,,e-BNID-05/2022-23,2022_CEBMB_79197_3,858459.0,858459.0,893000,
624,Odisha,Restoration Protection to LFB of Badanadi near village Raipalli.,Ganjam,,761126,19.366666666666667,85.1,CE-BMRVN BasinBerhampur||S.E. Southern Irr. Circle I Berhampur||EE Bhanjanagar Irrigation Divn Bhanjanagar,O/o C.E.-B.M RBVN Basin Berhampur,Restoration and protection of River Embankment,Post-Monsoon,2022-12-28,Civil Works - Others,,e-BNID-05/2022-23,2022_CEBMB_79197_4,856867.0,856867.0,891000,
625,Odisha,Restoration to RFB of Latakiary Nalla from RD 1400 M to 1700 M.,Ganjam,,761126,19.366666666666667,85.1,CE-BMRVN BasinBerhampur||S.E. Southern Irr. Circle I Berhampur||EE Bhanjanagar Irrigation Divn Bhanjanagar,O/o C.E.-B.M RBVN Basin Berhampur,Restoration and protection of River Embankment,Post-Monsoon,2022-12-28,Civil Works - Others,,e-BNID-05/2022-23,2022_CEBMB_79197_5,782797.0,782797.0,783000,
626,Odisha,Restoration to LFB of Loharakhandi near confluence Point of Barrage Nalla from RD 2600 M to 2822 M.,Ganjam,,761126,19.366666666666667,85.1,CE-BMRVN BasinBerhampur||S.E. Southern Irr. Circle I Berhampur||EE Bhanjanagar Irrigation Divn Bhanjanagar,O/o C.E.-B.M RBVN Basin Berhampur,Restoration and protection of River Embankment,Post-Monsoon,2022-12-28,Civil Works - Others,,e-BNID-05/2022-23,2022_CEBMB_79197_6,777739.0,777739.0,778000,
627,Odisha,Renovation to Santara Nalla from RD 00M to 1928 Mtr.,Ganjam,,761126,19.366666666666667,85.1,CE-BMRVN BasinBerhampur||S.E. Southern Irr. Circle I Berhampur||EE Bhanjanagar Irrigation Divn Bhanjanagar,O/o C.E.-B.M RBVN Basin Berhampur,Restoration and protection of River Embankment,Post-Monsoon,2022-12-28,Civil Works - Others,,e-BNID-05/2022-23,2022_CEBMB_79197_7,1428515.0,1428515.0,1429000,
628,Odisha,Restoration to LFB of Loharakhandi near Durgaprasad from RD 00 m to 220 M.,Ganjam,,761126,19.366666666666667,85.1,CE-BMRVN BasinBerhampur||S.E. Southern Irr. Circle I Berhampur||EE Bhanjanagar Irrigation Divn Bhanjanagar,O/o C.E.-B.M RBVN Basin Berhampur,Restoration and protection of River Embankment,Post-Monsoon,2022-12-28,Civil Works - Others,,e-BNID-05/2022-23,2022_CEBMB_79197_8,770873.0,770873.0,771000,
629,Odisha,Improvement to LFB of River Rushikulya near Padhala Rameshwar Temple.,Ganjam,,761126,19.366666666666667,85.1,CE-BMRVN BasinBerhampur||S.E. Southern Irr. Circle I Berhampur||EE Bhanjanagar Irrigation Divn Bhanjanagar,O/o C.E.-B.M RBVN Basin Berhampur,Restoration and protection of River Embankment,Post-Monsoon,2022-12-30,Civil Works - Others,,e-BNID-06/2022-23,2022_CEBMB_79650_1,807936.0,807936.0,950000,
630,Odisha,Improvement to LFB of River Padma near village Hinjilikuda.,Ganjam,,761126,19.366666666666667,85.1,CE-BMRVN BasinBerhampur||S.E. Southern Irr. Circle I Berhampur||EE Bhanjanagar Irrigation Divn Bhanjanagar,O/o C.E.-B.M RBVN Basin Berhampur,Restoration and protection of River Embankment,Post-Monsoon,2022-12-30,Civil Works - Others,,e-BNID-06/2022-23,2022_CEBMB_79650_10,826129.0,826129.0,972000,
631,Odisha,Improvement to LFB of River Jorou near village Sidhipur.,Ganjam,,761126,19.366666666666667,85.1,CE-BMRVN BasinBerhampur||S.E. Southern Irr. Circle I Berhampur||EE Bhanjanagar Irrigation Divn Bhanjanagar,O/o C.E.-B.M RBVN Basin Berhampur,Restoration and protection of River Embankment,Post-Monsoon,2022-12-31,Civil Works - Others,,e-BNID-06/2022-23,2022_CEBMB_79650_11,832531.0,832531.0,980000,
632,Odisha,Improvement to RFB of River Rushikulya near village Suramani Patna.,Ganjam,,761126,19.366666666666667,85.1,CE-BMRVN BasinBerhampur||S.E. Southern Irr. Circle I Berhampur||EE Bhanjanagar Irrigation Divn Bhanjanagar,O/o C.E.-B.M RBVN Basin Berhampur,Restoration and protection of River Embankment,Post-Monsoon,2022-12-31,Civil Works - Others,,e-BNID-06/2022-23,2022_CEBMB_79650_12,820678.0,820678.0,966000,
633,Odisha,Improvement to LFB of River Rushikulya near village Keshara.,Ganjam,,761126,19.366666666666667,85.1,CE-BMRVN BasinBerhampur||S.E. Southern Irr. Circle I Berhampur||EE Bhanjanagar Irrigation Divn Bhanjanagar,O/o C.E.-B.M RBVN Basin Berhampur,Restoration and protection of River Embankment,Post-Monsoon,2022-12-31,Civil Works - Others,,e-BNID-06/2022-23,2022_CEBMB_79650_13,826978.0,826978.0,973000,
634,Odisha,Improvement to RFB of River Jorou near village Sarabadi.,Ganjam,,761126,19.366666666666667,85.1,CE-BMRVN BasinBerhampur||S.E. Southern Irr. Circle I Berhampur||EE Bhanjanagar Irrigation Divn Bhanjanagar,O/o C.E.-B.M RBVN Basin Berhampur,Restoration and protection of River Embankment,Post-Monsoon,2022-12-31,Civil Works - Others,,e-BNID-06/2022-23,2022_CEBMB_79650_14,820864.0,820864.0,966000,
635,Odisha,Improvement to RFB of River Rushikulya near village Talapatana.,Ganjam,,761126,19.366666666666667,85.1,CE-BMRVN BasinBerhampur||S.E. Southern Irr. Circle I Berhampur||EE Bhanjanagar Irrigation Divn Bhanjanagar,O/o C.E.-B.M RBVN Basin Berhampur,Restoration and protection of River Embankment,Post-Monsoon,2022-12-31,Civil Works - Others,,e-BNID-06/2022-23,2022_CEBMB_79650_15,830833.0,830833.0,978000,
636,Odisha,Improvement to RFB of River Rushikulya near village Thakurani Temple of Bharatpalli.,Ganjam,,761126,19.366666666666667,85.1,CE-BMRVN BasinBerhampur||S.E. Southern Irr. Circle I Berhampur||EE Bhanjanagar Irrigation Divn Bhanjanagar,O/o C.E.-B.M RBVN Basin Berhampur,Restoration and protection of River Embankment,Post-Monsoon,2022-12-31,Civil Works - Others,,e-BNID-06/2022-23,2022_CEBMB_79650_16,819949.0,819949.0,965000,
637,Odisha,Improvement to RFB of River Rushikulya near village Podapalli.,Ganjam,,761126,19.366666666666667,85.1,CE-BMRVN BasinBerhampur||S.E. Southern Irr. Circle I Berhampur||EE Bhanjanagar Irrigation Divn Bhanjanagar,O/o C.E.-B.M RBVN Basin Berhampur,Restoration and protection of River Embankment,Post-Monsoon,2022-12-31,Civil Works - Others,,e-BNID-06/2022-23,2022_CEBMB_79650_17,826204.0,826204.0,972000,
638,Odisha,Improvement to RFB of River Rushikulya D/S of village Sundarapalli.,Ganjam,,761126,19.366666666666667,85.1,CE-BMRVN BasinBerhampur||S.E. Southern Irr. Circle I Berhampur||EE Bhanjanagar Irrigation Divn Bhanjanagar,O/o C.E.-B.M RBVN Basin Berhampur,Restoration and protection of River Embankment,Post-Monsoon,2022-12-31,Civil Works - Others,,e-BNID-06/2022-23,2022_CEBMB_79650_18,827355.0,827355.0,974000,
639,Odisha,Improvement to RFB of River Rushikulya near Stadium U/S of village Kalasandhapur.,Ganjam,,761126,19.366666666666667,85.1,CE-BMRVN BasinBerhampur||S.E. Southern Irr. Circle I Berhampur||EE Bhanjanagar Irrigation Divn Bhanjanagar,O/o C.E.-B.M RBVN Basin Berhampur,Restoration and protection of River Embankment,Post-Monsoon,2023-01-02,Civil Works - Others,,e-BNID-06/2022-23,2022_CEBMB_79650_19,824889.0,824889.0,971000,
640,Odisha,Improvement to RFB of River Badanadi near village Nirala.,Ganjam,,761126,19.366666666666667,85.1,CE-BMRVN BasinBerhampur||S.E. Southern Irr. Circle I Berhampur||EE Bhanjanagar Irrigation Divn Bhanjanagar,O/o C.E.-B.M RBVN Basin Berhampur,Restoration and protection of River Embankment,Post-Monsoon,2022-12-30,Civil Works - Others,,e-BNID-06/2022-23,2022_CEBMB_79650_2,798809.0,798809.0,957000,
641,Odisha,Improvement to RFB of River Rushikulya near village Sunapalli.,Ganjam,,761126,19.366666666666667,85.1,CE-BMRVN BasinBerhampur||S.E. Southern Irr. Circle I Berhampur||EE Bhanjanagar Irrigation Divn Bhanjanagar,O/o C.E.-B.M RBVN Basin Berhampur,Restoration and protection of River Embankment,Post-Monsoon,2023-01-02,Civil Works - Others,,e-BNID-06/2022-23,2022_CEBMB_79650_20,827569.0,827569.0,974000,
642,Odisha,Improvement to RFB of River Rushikulya near village G. Damodapalli.,Ganjam,,761126,19.366666666666667,85.1,CE-BMRVN BasinBerhampur||S.E. Southern Irr. Circle I Berhampur||EE Bhanjanagar Irrigation Divn Bhanjanagar,O/o C.E.-B.M RBVN Basin Berhampur,Restoration and protection of River Embankment,Post-Monsoon,2023-01-02,Civil Works - Others,,e-BNID-06/2022-23,2022_CEBMB_79650_21,827341.0,827341.0,974000,
643,Odisha,Improvement to RFB of River Rushikulya near village Hanumandwar.,Ganjam,,761126,19.366666666666667,85.1,CE-BMRVN BasinBerhampur||S.E. Southern Irr. Circle I Berhampur||EE Bhanjanagar Irrigation Divn Bhanjanagar,O/o C.E.-B.M RBVN Basin Berhampur,Restoration and protection of River Embankment,Post-Monsoon,2023-01-02,Civil Works - Others,,e-BNID-06/2022-23,2022_CEBMB_79650_22,826281.0,826281.0,971000,
644,Odisha,Improvement to RFB of River Rushikulya from Kalasandhapur to Cheramaria(road work).,Ganjam,,761126,19.366666666666667,85.1,CE-BMRVN BasinBerhampur||S.E. Southern Irr. Circle I Berhampur||EE Bhanjanagar Irrigation Divn Bhanjanagar,O/o C.E.-B.M RBVN Basin Berhampur,Restoration and protection of River Embankment,Post-Monsoon,2023-01-02,Civil Works - Others,,e-BNID-06/2022-23,2022_CEBMB_79650_23,830782.0,830782.0,977000,
645,Odisha,Protection to LFB of River Ghodahada near village Naibandha.,Ganjam,,761126,19.366666666666667,85.1,CE-BMRVN BasinBerhampur||S.E. Southern Irr. Circle I Berhampur||EE Bhanjanagar Irrigation Divn Bhanjanagar,O/o C.E.-B.M RBVN Basin Berhampur,Restoration and protection of River Embankment,Post-Monsoon,2023-01-02,Civil Works - Others,,e-BNID-06/2022-23,2022_CEBMB_79650_24,801219.0,801219.0,954000,
646,Odisha,Protection to RFB of river Nandini near village Karadakana.,Ganjam,,761126,19.366666666666667,85.1,CE-BMRVN BasinBerhampur||S.E. Southern Irr. Circle I Berhampur||EE Bhanjanagar Irrigation Divn Bhanjanagar,O/o C.E.-B.M RBVN Basin Berhampur,Restoration and protection of River Embankment,Post-Monsoon,2023-01-02,Civil Works - Others,,e-BNID-06/2022-23,2022_CEBMB_79650_25,801219.0,801219.0,954000,
647,Odisha,Protection to LFB of River Ghodahada near village Mihirakana.,Ganjam,,761126,19.366666666666667,85.1,CE-BMRVN BasinBerhampur||S.E. Southern Irr. Circle I Berhampur||EE Bhanjanagar Irrigation Divn Bhanjanagar,O/o C.E.-B.M RBVN Basin Berhampur,Restoration and protection of River Embankment,Post-Monsoon,2023-01-02,Civil Works - Others,,e-BNID-06/2022-23,2022_CEBMB_79650_26,1686099.0,1686099.0,1984000,
648,Odisha,Protection to LFB of River Nandini near village Baliarasingpur.,Ganjam,,761126,19.366666666666667,85.1,CE-BMRVN BasinBerhampur||S.E. Southern Irr. Circle I Berhampur||EE Bhanjanagar Irrigation Divn Bhanjanagar,O/o C.E.-B.M RBVN Basin Berhampur,Restoration and protection of River Embankment,Post-Monsoon,2023-01-02,Civil Works - Others,,e-BNID-06/2022-23,2022_CEBMB_79650_27,848230.0,848230.0,998000,
649,Odisha,Protection to RFB of River Nandini near village Krushnachai G.P office.,Ganjam,,761126,19.366666666666667,85.1,CE-BMRVN BasinBerhampur||S.E. Southern Irr. Circle I Berhampur||EE Bhanjanagar Irrigation Divn Bhanjanagar,O/o C.E.-B.M RBVN Basin Berhampur,Restoration and protection of River Embankment,Post-Monsoon,2023-01-02,Civil Works - Others,,e-BNID-06/2022-23,2022_CEBMB_79650_28,846703.0,846703.0,997000,
650,Odisha,Protection to RFB of River Nandini near village Baisipala.,Ganjam,,761126,19.366666666666667,85.1,CE-BMRVN BasinBerhampur||S.E. Southern Irr. Circle I Berhampur||EE Bhanjanagar Irrigation Divn Bhanjanagar,O/o C.E.-B.M RBVN Basin Berhampur,Restoration and protection of River Embankment,Post-Monsoon,2023-01-03,Civil Works - Others,,e-BNID-06/2022-23,2022_CEBMB_79650_29,847940.0,847940.0,998000,
651,Odisha,Improvement to LFB of River Rushikulya near village Jayapur.,Ganjam,,761126,19.366666666666667,85.1,CE-BMRVN BasinBerhampur||S.E. Southern Irr. Circle I Berhampur||EE Bhanjanagar Irrigation Divn Bhanjanagar,O/o C.E.-B.M RBVN Basin Berhampur,Restoration and protection of River Embankment,Post-Monsoon,2022-12-30,Civil Works - Others,,e-BNID-06/2022-23,2022_CEBMB_79650_3,825414.0,825414.0,971000,
652,Odisha,Protection to RFB of River Nandini near village Kachakhandi.,Ganjam,,761126,19.366666666666667,85.1,CE-BMRVN BasinBerhampur||S.E. Southern Irr. Circle I Berhampur||EE Bhanjanagar Irrigation Divn Bhanjanagar,O/o C.E.-B.M RBVN Basin Berhampur,Restoration and protection of River Embankment,Post-Monsoon,2023-01-03,Civil Works - Others,,e-BNID-06/2022-23,2022_CEBMB_79650_30,843085.0,843085.0,996000,
653,Odisha,Protection to LFB of River Nandini near village Kurula.,Ganjam,,761126,19.366666666666667,85.1,CE-BMRVN BasinBerhampur||S.E. Southern Irr. Circle I Berhampur||EE Bhanjanagar Irrigation Divn Bhanjanagar,O/o C.E.-B.M RBVN Basin Berhampur,Restoration and protection of River Embankment,Post-Monsoon,2023-01-03,Civil Works - Others,,e-BNID-06/2022-23,2022_CEBMB_79650_31,1114736.0,1114736.0,1320000,
654,Odisha,Construction of two Nos. bathing ghats in RFB of River Rushikulya near village Ramuni Sahi and Kalimandira.,Ganjam,,761126,19.366666666666667,85.1,CE-BMRVN BasinBerhampur||S.E. Southern Irr. Circle I Berhampur||EE Bhanjanagar Irrigation Divn Bhanjanagar,O/o C.E.-B.M RBVN Basin Berhampur,Restoration and protection of River Embankment,Post-Monsoon,2023-01-03,Civil Works - Others,,e-BNID-06/2022-23,2022_CEBMB_79650_32,806411.0,806411.0,975000,
655,Odisha,Protection LFB of River Rushikulya near village Brahmanachhai.,Ganjam,,761126,19.366666666666667,85.1,CE-BMRVN BasinBerhampur||S.E. Southern Irr. Circle I Berhampur||EE Bhanjanagar Irrigation Divn Bhanjanagar,O/o C.E.-B.M RBVN Basin Berhampur,Restoration and protection of River Embankment,Post-Monsoon,2023-01-03,Civil Works - Others,,e-BNID-06/2022-23,2022_CEBMB_79650_33,1698537.0,1698537.0,1998000,
656,Odisha,Improvement to RFB of River Baghua near village Haridapadar.,Ganjam,,761126,19.366666666666667,85.1,CE-BMRVN BasinBerhampur||S.E. Southern Irr. Circle I Berhampur||EE Bhanjanagar Irrigation Divn Bhanjanagar,O/o C.E.-B.M RBVN Basin Berhampur,Restoration and protection of River Embankment,Post-Monsoon,2023-01-03,Civil Works - Others,,e-BNID-06/2022-23,2022_CEBMB_79650_34,849420.0,849420.0,999000,
657,Odisha,Improvement of LFB of river Rushikulya between Court chhaka to Sunmbosahi(Road work).,Ganjam,,761126,19.366666666666667,85.1,CE-BMRVN BasinBerhampur||S.E. Southern Irr. Circle I Berhampur||EE Bhanjanagar Irrigation Divn Bhanjanagar,O/o C.E.-B.M RBVN Basin Berhampur,Restoration and protection of River Embankment,Post-Monsoon,2023-01-03,Civil Works - Others,,e-BNID-06/2022-23,2022_CEBMB_79650_35,790863.0,790863.0,891000,
658,Odisha,Improvement to service bank of No-2 Distributary at RD 14.00 Km to 15.00 Km.,Ganjam,,761126,19.366666666666667,85.1,CE-BMRVN BasinBerhampur||S.E. Southern Irr. Circle I Berhampur||EE Bhanjanagar Irrigation Divn Bhanjanagar,O/o C.E.-B.M RBVN Basin Berhampur,Restoration and protection of River Embankment,Post-Monsoon,2023-01-03,Civil Works - Others,,e-BNID-06/2022-23,2022_CEBMB_79650_36,827599.0,827599.0,995000,
659,Odisha,Construction of bathing on RFB or River Baghua near village Dhayakana.,Ganjam,,761126,19.366666666666667,85.1,CE-BMRVN BasinBerhampur||S.E. Southern Irr. Circle I Berhampur||EE Bhanjanagar Irrigation Divn Bhanjanagar,O/o C.E.-B.M RBVN Basin Berhampur,Restoration and protection of River Embankment,Post-Monsoon,2023-01-03,Civil Works - Others,,e-BNID-06/2022-23,2022_CEBMB_79650_37,404552.0,404552.0,475000,
660,Odisha,Providing Bathing Ghat in LFB of River Nandini near village Baramundali.,Ganjam,,761126,19.366666666666667,85.1,CE-BMRVN BasinBerhampur||S.E. Southern Irr. Circle I Berhampur||EE Bhanjanagar Irrigation Divn Bhanjanagar,O/o C.E.-B.M RBVN Basin Berhampur,Restoration and protection of River Embankment,Post-Monsoon,2023-01-04,Civil Works - Others,,e-BNID-06/2022-23,2022_CEBMB_79650_38,405888.0,405888.0,418000,
661,Odisha,Providing Bathing Ghat in LFB of River Nandini near village Shergada.,Ganjam,,761126,19.366666666666667,85.1,CE-BMRVN BasinBerhampur||S.E. Southern Irr. Circle I Berhampur||EE Bhanjanagar Irrigation Divn Bhanjanagar,O/o C.E.-B.M RBVN Basin Berhampur,Restoration and protection of River Embankment,Post-Monsoon,2023-01-04,Civil Works - Others,,e-BNID-06/2022-23,2022_CEBMB_79650_39,404815.0,404815.0,417000,
662,Odisha,Improvement to RFB of River Badanadi D/S of Bijupattnaik Chaka(road work).,Ganjam,,761126,19.366666666666667,85.1,CE-BMRVN BasinBerhampur||S.E. Southern Irr. Circle I Berhampur||EE Bhanjanagar Irrigation Divn Bhanjanagar,O/o C.E.-B.M RBVN Basin Berhampur,Restoration and protection of River Embankment,Post-Monsoon,2022-12-30,Civil Works - Others,,e-BNID-06/2022-23,2022_CEBMB_79650_4,830591.0,830591.0,977000,
663,Odisha,Providing Bathing Ghat in LFB of River Nandini near village Sheragada near Kalimandira.,Ganjam,,761126,19.366666666666667,85.1,CE-BMRVN BasinBerhampur||S.E. Southern Irr. Circle I Berhampur||EE Bhanjanagar Irrigation Divn Bhanjanagar,O/o C.E.-B.M RBVN Basin Berhampur,Restoration and protection of River Embankment,Post-Monsoon,2023-01-04,Civil Works - Others,,e-BNID-06/2022-23,2022_CEBMB_79650_40,404815.0,404815.0,417000,
664,Odisha,Providing Bathing Ghat in RFB of River Rushikulya near Ramani Sahi Pitala.,Ganjam,,761126,19.366666666666667,85.1,CE-BMRVN BasinBerhampur||S.E. Southern Irr. Circle I Berhampur||EE Bhanjanagar Irrigation Divn Bhanjanagar,O/o C.E.-B.M RBVN Basin Berhampur,Restoration and protection of River Embankment,Post-Monsoon,2023-01-05,Civil Works - Others,,e-BNID-06/2022-23,2022_CEBMB_79650_41,403184.0,403184.0,415000,
665,Odisha,Improvement to RFB of River Nandini near Chature Project.,Ganjam,,761126,19.366666666666667,85.1,CE-BMRVN BasinBerhampur||S.E. Southern Irr. Circle I Berhampur||EE Bhanjanagar Irrigation Divn Bhanjanagar,O/o C.E.-B.M RBVN Basin Berhampur,Restoration and protection of River Embankment,Post-Monsoon,2023-01-05,Civil Works - Others,,e-BNID-06/2022-23,2022_CEBMB_79650_42,849956.0,849956.0,999000,
666,Odisha,Construction of guard wall in right bank of Nandini near Goudasahi Karadakana.,Ganjam,,761126,19.366666666666667,85.1,CE-BMRVN BasinBerhampur||S.E. Southern Irr. Circle I Berhampur||EE Bhanjanagar Irrigation Divn Bhanjanagar,O/o C.E.-B.M RBVN Basin Berhampur,Restoration and protection of River Embankment,Post-Monsoon,2023-01-05,Civil Works - Others,,e-BNID-06/2022-23,2022_CEBMB_79650_43,849119.0,849119.0,998000,
667,Odisha,Providing culvert at RD 18.20 Km of No-II Distributary.,Ganjam,,761126,19.366666666666667,85.1,CE-BMRVN BasinBerhampur||S.E. Southern Irr. Circle I Berhampur||EE Bhanjanagar Irrigation Divn Bhanjanagar,O/o C.E.-B.M RBVN Basin Berhampur,Restoration and protection of canal,Post-Monsoon,2023-01-09,Civil Works - Canal,,e-BNID-06/2022-23,2022_CEBMB_79650_48,369761.0,369761.0,442000,
668,Odisha,Improvement to LFB of River Rushikulya near village Nandighar.,Ganjam,,761126,19.366666666666667,85.1,CE-BMRVN BasinBerhampur||S.E. Southern Irr. Circle I Berhampur||EE Bhanjanagar Irrigation Divn Bhanjanagar,O/o C.E.-B.M RBVN Basin Berhampur,Restoration and protection of River Embankment,Post-Monsoon,2022-12-30,Civil Works - Others,,e-BNID-06/2022-23,2022_CEBMB_79650_5,818001.0,818001.0,963000,
669,Odisha,Improvement to LFB of River Rushikulya near village Muktapunji.,Ganjam,,761126,19.366666666666667,85.1,CE-BMRVN BasinBerhampur||S.E. Southern Irr. Circle I Berhampur||EE Bhanjanagar Irrigation Divn Bhanjanagar,O/o C.E.-B.M RBVN Basin Berhampur,Restoration and protection of River Embankment,Post-Monsoon,2022-12-30,Civil Works - Others,,e-BNID-06/2022-23,2022_CEBMB_79650_6,813918.0,813918.0,958000,
670,Odisha,Improvement to LFB of River Rushikulya near village Matiasahi Jagamohan.,Ganjam,,761126,19.366666666666667,85.1,CE-BMRVN BasinBerhampur||S.E. Southern Irr. Circle I Berhampur||EE Bhanjanagar Irrigation Divn Bhanjanagar,O/o C.E.-B.M RBVN Basin Berhampur,Restoration and protection of River Embankment,Post-Monsoon,2022-12-30,Civil Works - Others,,e-BNID-06/2022-23,2022_CEBMB_79650_7,805417.0,805417.0,948000,
671,Odisha,Improvement to LFB of River Rushikulya near village Satimatha.,Ganjam,,761126,19.366666666666667,85.1,CE-BMRVN BasinBerhampur||S.E. Southern Irr. Circle I Berhampur||EE Bhanjanagar Irrigation Divn Bhanjanagar,O/o C.E.-B.M RBVN Basin Berhampur,Restoration and protection of River Embankment,Post-Monsoon,2022-12-30,Civil Works - Others,,e-BNID-06/2022-23,2022_CEBMB_79650_8,831495.0,831495.0,979000,
672,Odisha,Improvement to RFB of River Rushikulya near D/S of village Singipur Primary School.,Ganjam,,761126,19.366666666666667,85.1,CE-BMRVN BasinBerhampur||S.E. Southern Irr. Circle I Berhampur||EE Bhanjanagar Irrigation Divn Bhanjanagar,O/o C.E.-B.M RBVN Basin Berhampur,Restoration and protection of River Embankment,Post-Monsoon,2022-12-30,Civil Works - Others,,e-BNID-06/2022-23,2022_CEBMB_79650_9,825133.0,825133.0,971000,
673,Odisha,Protection to LFB of river Rushikulya at its outfall point into Bay of Bengal near historical fort Potagada.,Ganjam,,761026,19.366666666666667,85.1,CE-BMRVN BasinBerhampur||S.E. Southern Irr. Circle I Berhampur,O/o the Additional CE RB Basin Berhampur,Protection to LFB of river Rushikulya at its outfall point into Bay of Bengal near historical fort Potagada.,Post-Monsoon,2022-12-07,Civil Works - Others,,ACERBB-10/2022-23,2022_CEBMB_80085_1,51914759.94,51914760.0,61069004,
674,Odisha,Providing flood protection work on right bank of river Ghodahada from RD 13.10 Km to 14.20 Km from village Laxmipur to Khairabethi in Sheragada Block of Ganjam District.,Ganjam,,761012,19.366666666666667,85.1,CE-BMRVN BasinBerhampur||S.E. Southern Irr. Circle I Berhampur,O/o the Additional CE RB Basin Berhampur,Providing flood protection work on right bank of river Ghodahada from RD 13.10 Km to 14.20 Km from village Laxmipur to Khairabethi in Sheragada Block of Ganjam District.,Post-Monsoon,2022-12-25,Civil Works - Others,,ACERBB-10/2022-23,2022_CEBMB_80085_3,20790282.0,20790282.0,24456278,
675,Odisha,Protection to LFB of river Sananadi from RD 9000 M to 13170 M(stone work for lunching).,Ganjam,,761126,19.366666666666667,85.1,CE-BMRVN BasinBerhampur||S.E. Southern Irr. Circle I Berhampur||EE Bhanjanagar Irrigation Divn Bhanjanagar,O/o C.E.-B.M RBVN Basin Berhampur,Restoration and protection of River Embankment,Post-Monsoon,2023-01-10,Civil Works - Others,,e-BNID-07/2022-23,2022_CEBMB_81071_1,1500477.0,1500477.0,1501000,
676,Odisha,Improvement to oulet 15L at RD 6100 M of Gallery Canal (country side protection wall).,Ganjam,,761126,19.366666666666667,85.1,CE-BMRVN BasinBerhampur||S.E. Southern Irr. Circle I Berhampur||EE Bhanjanagar Irrigation Divn Bhanjanagar,O/o C.E.-B.M RBVN Basin Berhampur,Protection wall,Post-Monsoon,2023-01-10,Civil Works - Canal,,e-BNID-07/2022-23,2022_CEBMB_81071_2,621692.0,621692.0,622000,
677,Odisha,Improvement to left flood bank river Baghua from RD 00 Km to 10.00 Km.,Ganjam,,761104,19.366666666666667,85.1,CE-BMRVN BasinBerhampur||S.E. Southern Irr. Circle I Berhampur,O/o Additional CE RB Basin Berhampur,Improvement to left flood bank river Baghua from RD 00 Km to 10.00 Km.,Post-Monsoon,2022-12-06,Civil Works - Others,,ACERBB-20/2022-23,2022_CEBMB_81568_2,58671695.54,58671696.0,69017404,
678,Odisha,Protection to left bank of river Rushikulya from RD 14.40Km. to 15.50Km near Purushottampur NAC .,Ganjam,,761018,19.366666666666667,85.1,CE-BMRVN BasinBerhampur||S.E. Southern Irr. Circle I Berhampur,O/o Additional CE RB Basin Berhampur,Protection to left bank of river Rushikulya from RD 14.40Km. to 15.50Km near Purushottampur NAC .,Post-Monsoon,2022-12-21,Civil Works - Others,,ACERBB-20/2022-23,2022_CEBMB_81568_3,45965571.35,45965571.0,54070782,
679,Odisha,Restoration of Right flood bank of river Rushikulya near village Raipur ( RD 3.600Km. to 5.000Km .),Ganjam,,761102,19.366666666666667,85.1,CE-BMRVN BasinBerhampur||S.E. Southern Irr. Circle I Berhampur,O/o Additional CE RB Basin Berhampur,Restoration of Right flood bank of river Rushikulya near village Raipur ( RD 3.600Km. to 5.000Km .),Post-Monsoon,2022-12-06,Civil Works - Others,,ACERBB-20/2022-23,2022_CEBMB_81568_8,28339762.3,28339762.0,33336975,
680,Odisha,Restoration and Protection of LFB of river Rushikulya near village Pudugeswarpalli.,Ganjam,,761110,19.366666666666667,85.1,CE-BMRVN BasinBerhampur||S.E. Southern Irr. Circle I Berhampur,O/o the Additional CE RB Basin Berhampur,Restoration and Protection of LFB of river Rushikulya near village Pudugeswarpalli.,Pre-Monsoon,2023-03-22,Civil Works - Others,,ACERBB-25/2022-23,2022_CEBMB_82319_1,67861199.03,67861199.0,79827313,
681,Odisha,Providing flood protection work on right bank of river Ghodahada near village Dudurapadar in Sanakhemundi Block of Ganjam District.,Ganjam,,761012,19.366666666666667,85.1,CE-BMRVN BasinBerhampur||S.E. Southern Irr. Circle I Berhampur,O/o the Additional CE RB Basin Berhampur,Providing flood protection work on right bank of river Ghodahada near village Dudurapadar in Sanakhemundi Block of Ganjam District.,Post-Monsoon,2022-12-06,Civil Works - Others,,ACERBB-27/2022-23,2022_CEBMB_82428_1,26949138.99,26949139.0,31701140,
682,Odisha,Improvement to RFB of River Loharakhandi near village Kushapalli D/S (construction of sluice),Ganjam,,761126,19.366666666666667,85.1,CE-BMRVN BasinBerhampur||S.E. Southern Irr. Circle I Berhampur||EE Bhanjanagar Irrigation Divn Bhanjanagar,O/o SE Bhanjanagar Irr. DivisionBhanjanagar,Improvement to RFB of River Loharakhandi near village Kushapalli D/S (construction of sluice),Post-Monsoon,2023-01-22,Civil Works - Others,,e-BNID-08/2022-23,2022_CEBMB_82808_1,816418.0,816418.0,960379,
683,Odisha,Protection to LFB of rive Sananadi from village Ranikiari to Jhaliagocha (stone packing),Ganjam,,761126,19.366666666666667,85.1,CE-BMRVN BasinBerhampur||S.E. Southern Irr. Circle I Berhampur||EE Bhanjanagar Irrigation Divn Bhanjanagar,SE BhanjanagarIrr. Divn. Bhanjanagar,Protection to LFB of rive Sananadi from village Ranikiari to Jhaliagocha (stone packing),Post-Monsoon,2023-01-23,Civil Works - Others,,e-BNID-08/2022-23,2022_CEBMB_82808_11,1629379.0,1629379.0,1714955,
684,Odisha,Protection to both banks of river Sananadi from village Barakuda to Rangameru stone packing and lunching,Ganjam,,761126,19.366666666666667,85.1,CE-BMRVN BasinBerhampur||S.E. Southern Irr. Circle I Berhampur||EE Bhanjanagar Irrigation Divn Bhanjanagar,SE BhanjanagarIrr. Divn. Bhanjanagar,Protection to both banks of river Sananadi from village Barakuda to Rangameru stone packing and lunching,Post-Monsoon,2023-01-23,Civil Works - Others,,e-BNID-08/2022-23,2022_CEBMB_82808_12,1248600.0,1248600.0,1248600,
685,Odisha,Protection to RFB of river Badanadi near village Ambapua,Ganjam,,761126,19.366666666666667,85.1,CE-BMRVN BasinBerhampur||S.E. Southern Irr. Circle I Berhampur||EE Bhanjanagar Irrigation Divn Bhanjanagar,SE BhanjanagarIrr. Divn. Bhanjanagar,Protection to RFB of river Badanadi near village Ambapua,Post-Monsoon,2023-01-23,Civil Works - Others,,e-BNID-08/2022-23,2022_CEBMB_82808_19,712019.0,712019.0,837571,
686,Odisha,Protection to RFB of river Badanadi near village Bangarada,Ganjam,,761126,19.366666666666667,85.1,CE-BMRVN BasinBerhampur||S.E. Southern Irr. Circle I Berhampur||EE Bhanjanagar Irrigation Divn Bhanjanagar,SE BhanjanagarIrr. Divn. Bhanjanagar,Protection to RFB of river Badanadi near village Bangarada,Post-Monsoon,2023-01-23,Civil Works - Others,,e-BNID-08/2022-23,2022_CEBMB_82808_20,706474.0,706474.0,831369,
687,Odisha,Protection to RFB of river Badanadi near village Panasapalli.,Ganjam,,761126,19.366666666666667,85.1,CE-BMRVN BasinBerhampur||S.E. Southern Irr. Circle I Berhampur||EE Bhanjanagar Irrigation Divn Bhanjanagar,SE BhanjanagarIrr. Divn. Bhanjanagar,Protection to RFB of river Badanadi near village Panasapalli.,Post-Monsoon,2023-01-23,Civil Works - Others,,e-BNID-08/2022-23,2022_CEBMB_82808_22,713228.0,713228.0,838993,
688,Odisha,Protection to sluice and construction of step on LFB of river Rushikulya near village Nagapur,Ganjam,,761111,19.366666666666667,85.1,CE-BMRVN BasinBerhampur||S.E. Southern Irr. Circle I Berhampur||EE Bhanjanagar Irrigation Divn Bhanjanagar,SE BhanjanagarIrr. Divn. Bhanjanagar,Protection to sluice and construction of step on LFB of river Rushikulya near village Nagapur,Post-Monsoon,2023-01-23,Civil Works - Others,,e-BNID-08/2022-23,2022_CEBMB_82808_29,911777.0,911777.0,1072553,
689,Odisha,Repair and Construction of river sluice on RFB of river Baghua near village Kusapalli,Ganjam,,761111,19.366666666666667,85.1,CE-BMRVN BasinBerhampur||S.E. Southern Irr. Circle I Berhampur||EE Bhanjanagar Irrigation Divn Bhanjanagar,SE BhanjanagarIrr. Divn. Bhanjanagar,Repair and Construction of river sluice on RFB of river Baghua near village Kusapalli,Post-Monsoon,2023-01-29,Civil Works - Others,,e-BNID-08/2022-23,2022_CEBMB_82808_43,792435.0,792435.0,858058,
690,Odisha,Providing of drainage sluice in RFB of river Baghua near village Brahamanachhai (Bolasara Road),Ganjam,,761111,19.366666666666667,85.1,CE-BMRVN BasinBerhampur||S.E. Southern Irr. Circle I Berhampur||EE Bhanjanagar Irrigation Divn Bhanjanagar,SE BhanjanagarIrr. Divn. Bhanjanagar,Providing of drainage sluice in RFB of river Baghua near village Brahamanachhai (Bolasara Road),Post-Monsoon,2023-01-29,Civil Works - Others,,e-BNID-08/2022-23,2022_CEBMB_82808_58,1010176.0,1010176.0,1188303,
691,Odisha,Improvement to RFB of River Loharakhandi near village Kushapalli U/S(consutruction of sluice),Ganjam,,761126,19.366666666666667,85.1,CE-BMRVN BasinBerhampur||S.E. Southern Irr. Circle I Berhampur||EE Bhanjanagar Irrigation Divn Bhanjanagar,SE BhanjanagarIrr. Divn. Bhanjanagar,Improvement to RFB of River Loharakhandi near village Kushapalli U/S(consutruction of sluice),Post-Monsoon,2023-01-22,Civil Works - Others,,e-BNID-08/2022-23,2022_CEBMB_82808_6,816418.0,816418.0,960379,
692,Odisha,Improvement of Right Flood Bank of River Dhanei from village Govindapur to Ekadasi and Left Flood Bank of River Dhanei from village Badachadheyapada to Ekadasi.,Ganjam,,761104,19.366666666666667,85.1,CE-BMRVN BasinBerhampur||S.E. Southern Irr. Circle I Berhampur,O/o the Additional CE RB Basin Berhampur,Improvement of Right Flood Bank of River Dhanei from village Govindapur to Ekadasi and Left Flood Bank of River Dhanei from village Badachadheyapada to Ekadasi.,Post-Monsoon,2023-01-11,Civil Works - Others,,ACERBB-29/2022-23,2022_CEBMB_83098_1,59316666.9,59316667.0,69776105,
693,Odisha,Improvement to Service Road of Masania Distributary from RD 4705m to RD 5005m Digimuhinbatia minor from RD 810m to RD 1010m Manika minor from RD 500m to RD 955m Dharsa nalla road from RD 00m to RD 2000m Gangadehuni minor from RD00m to RD 1600m,Ganjam,,761102,19.366666666666667,85.1,CE-BMRVN BasinBerhampur||S.E. Southern Irr. Circle I Berhampur,O/o the Additional CE RB Basin Berhampur,Improvement to Service Road of Masania Distributary from RD 4705m to RD 5005m Digimuhinbatia minor from RD 810m to RD 1010m Manika minor from RD 500m to RD 955m Dharsa nalla road from RD 00m to RD 2000m Gangadehuni minor from RD 00m to RD 1600m,Post-Monsoon,2023-01-07,Civil Works - Others,,ACERBB-29/2022-23,2022_CEBMB_83098_3,36545219.31,36545219.0,42989318,
694,Odisha,Improvement to Right Flood Bank of River Bahuda near village Kharkharia,Ganjam,,760004,19.366666666666667,85.1,CE-BMRVN BasinBerhampur||S.E. Southern Irr. Circle I Berhampur||EE Chikiti Irrigation Divn Berhampur,O/o the SE Chikiti Irrigation Division Berhampur,Earth Work Metalling,Post-Monsoon,2023-02-03,Civil Works - Others,,SE-CHID-02/2022-23,2022_CEBMB_83405_5,722055.0,722055.0,849376,
695,Odisha,Improvement to Left Flood Bank of River Bogi near village Badabaranga,Ganjam,,760004,19.366666666666667,85.1,CE-BMRVN BasinBerhampur||S.E. Southern Irr. Circle I Berhampur||EE Chikiti Irrigation Divn Berhampur,O/o the SE Chikiti Irrigation Division Berhampur,Earth Work Stone Work Concrete Work,Post-Monsoon,2023-02-03,Civil Works - Others,,SE-CHID-02/2022-23,2022_CEBMB_83405_6,843216.0,843216.0,991902,
696,Odisha,Restoration to LFB of Loharakhandi near village Jampalli Kandhasahi,Ganjam,,761126,19.366666666666667,85.1,CE-BMRVN BasinBerhampur||S.E. Southern Irr. Circle I Berhampur||EE Bhanjanagar Irrigation Divn Bhanjanagar,O/o SE Bhanjanagar Irr. Divn.,Restoration to LFB of Loharakhandi near village Jampalli Kandhasahi,Post-Monsoon,2023-02-01,Civil Works - Others,,BNID-09/2022-23,2022_CEBMB_83464_2,1904518.0,1904518.0,2004544,
697,Odisha,Protection to left side of river Badanadi of village Domuhani near Masanisahi,Ganjam,,761126,19.366666666666667,85.1,CE-BMRVN BasinBerhampur||S.E. Southern Irr. Circle I Berhampur||EE Bhanjanagar Irrigation Divn Bhanjanagar,O/o SE Bhanjanagar Irr. Divn.,Protection to left side of river Badanadi of village Domuhani near Masanisahi,Post-Monsoon,2023-02-01,Civil Works - Others,,BNID-09/2022-23,2022_CEBMB_83464_3,2447230.0,2447230.0,2626014,
698,Odisha,Restoration of drainage sluice in RFB of river Baghua near village Mantapada,Ganjam,,761111,19.366666666666667,85.1,CE-BMRVN BasinBerhampur||S.E. Southern Irr. Circle I Berhampur||EE Bhanjanagar Irrigation Divn Bhanjanagar,O/o SE Bhanjanagar Irr. Divn.,Restoration of drainage sluice in RFB of river Baghua near village Mantapada,Post-Monsoon,2023-02-01,Civil Works - Others,,BNID-09/2022-23,2022_CEBMB_83464_4,2058350.0,2058350.0,2421303,
699,Odisha,Improvement To Nandini Nalla from RD 12.00 Km To 26.00 Km and Secondary Drains (I) Kubei Nalla (Ii) Gadagadia Nalla Including Structures Under Sheragada Block Of Hinjili Assembly Constituency In Doab-No.XVII of Ganjam District.,Ganjam,,751012,19.366666666666667,85.1,CEDrainageCuttack||SE Drainage Circle Bhubaneswar,O/o the Addl. Chief Engineer Drainage Circle Bhu,Earthwork Cement Concrete Reinforced Cement Concrete and RR Stone Works,Monsoon,2022-09-23,Civil Works - Others,,ACEDC-BBSR/DD-BAM-02/2022-23,2022_CEDC_78749_1,31394335.0,31394335.0,36930167,
700,Odisha,Improvement of Gudi Nalla Drainage system including structures under Sheragada Aska Block of Hinjili Assembly Constituency in Doab-No.XVII of Ganjam District.,Ganjam,,751012,19.366666666666667,85.1,CEDrainageCuttack||SE Drainage Circle Bhubaneswar,O/o the Addl. Chief Engineer Drainage Circle Bhu,Earthwork Cement Concrete Reinforced Cement Concrete and RR Stone Works,Monsoon,2022-09-26,Civil Works - Others,,ACEDC-BBSR/DD-BAM-03/2022-23,2022_CEDC_78834_1,34394634.0,34394634.0,40459515,
701,Odisha,Improvement to drainage system of Batarada nalla and link drains under DOAB No.-XVII of Chikiti Block on Ganjam District.,Ganjam,,751012,19.366666666666667,85.1,CEDrainageCuttack||SE Drainage Circle Bhubaneswar,O/o the Addl. Chief Engineer Drainage Circle Bhu,Earthwork Cement Concrete Reinforced Cement Concrete and RR Stone Works,Monsoon,2022-09-27,Civil Works - Others,,ACEDC-BBSR/DD-BAM-04/2022-23,2022_CEDC_78840_1,13592122.0,13592122.0,15988850,
702,Odisha,Improvement to drainage system of Kharia Nalla including structures under Chatrapur Constituency of Ganjam District in Doab-XVII.,Ganjam,,751012,19.366666666666667,85.1,CEDrainageCuttack||SE Drainage Circle Bhubaneswar,O/o the Addl. Chief Engineer Drainage Circle Bhu,Earthwork Cement Concrete Reinforced Cement Concrete and RR Stone Works,Monsoon,2022-09-28,Civil Works - Others,,ACEDC-BBSR/DD-BAM-05/2022-23,2022_CEDC_78842_1,16537679.0,16537679.0,19453804,
703,Odisha,Improvement to Drainage System of Kanteikoli Nalla including structures (excluding outfall point structure) in DOAB- XVII under Digapahandi Assembly Constituency of Ganjam District.,Ganjam,,751012,19.366666666666667,85.1,CEDrainageCuttack||SE Drainage Circle Bhubaneswar,O/o the Addl. Chief Engineer Drainage Circle Bhu,Earthwork Cement Concrete Reinforced Cement Concrete and RR Stone Works,Post-Monsoon,2022-11-29,Civil Works - Water Works,,ACEDC-BBSR/DD-BAM-11/2022-23,2022_CEDC_81792_1,40498123.0,40498123.0,47639246,
704,Odisha,Improvement to Sapua nalla and its structures under Gopalpur Assembly Constituency of Ganjam District.,Ganjam,,751012,19.366666666666667,85.1,CEDrainageCuttack||SE Drainage Circle Bhubaneswar,O/o the Addl. Chief Engineer Drainage Circle Bhu,Earthwork Cement Concrete Reinforced Cement Concrete and RR Stone Works,Post-Monsoon,2022-11-28,Civil Works - Others,,ACEDC-BBSR/DD-BAM-12/2022-23,2022_CEDC_81794_1,16355949.0,16355949.0,19240029,
705,Odisha,Construction of RCC Retaining Wall in Down Stream Approaches and floor protection of HL Bridge over Pochaka Nallah at 18th. Km. on NH-326 in the District of Ganjam for the year 2021-22,Ganjam,,761013,19.366666666666667,85.1,CE-NH||SE NH Circle South Berhampur||EE NH Division Paralakhemundi,Paralakhemundi,Road Protection Works,Monsoon,2022-06-18,Civil Works - Roads,,01/EENHPKD of 2022-23,2022_CENH_76896_1,5440006.19,5440006.19,6399254,
706,Odisha,Improvement to left flood bank of river Loharakhandi from Dhudua to Bhanjanagar,Ganjam,,761126,19.366666666666667,85.1,CE-BMRVN BasinBerhampur||S.E. Southern Irr. Circle I Berhampur,O/o the Additional CE RB Basin Berhampur,Improvement to left flood bank of river Loharakhandi from Dhudua to Bhanjanagar,Post-Monsoon,2023-02-20,Civil Works - Others,,ACERBB-36/2022-23,2023_CEBMB_85075_3,12446593.02,12446593.0,14641328,
707,Odisha,Improvement to Right Flood Bank of River Bahuda with Protection Wall near Kharkharia,Ganjam,,760004,19.366666666666667,85.1,CE-BMRVN BasinBerhampur||S.E. Southern Irr. Circle I Berhampur||EE Chikiti Irrigation Divn Berhampur,O/o the SE Chikiti Irrigation Division Berhampur,Earth Work Stone Work Concrete Work,Pre-Monsoon,2023-03-04,Civil Works - Others,,SE-CHID-03/2022-23,2023_CEBMB_85609_1,977475.0,977475.0,1149835,
708,Odisha,Improvement to left flood bank of River Bahuda near village Kalabada near Village Pandiri,Ganjam,,760004,19.366666666666667,85.1,CE-BMRVN BasinBerhampur||S.E. Southern Irr. Circle I Berhampur||EE Chikiti Irrigation Divn Berhampur,O/o the SE Chikiti Irrigation Division Berhampur,Earth Work Stone Work Concrete Work,Pre-Monsoon,2023-03-06,Civil Works - Others,,SE-CHID-03/2022-23,2023_CEBMB_85609_2,1682297.0,1682297.0,1978940,
709,Odisha,Construction of Flood Embankment including Spurs Launching Apron and packing from Chanduli to Hiradharbati.,Ganjam,,761102,19.366666666666667,85.1,CE-BMRVN BasinBerhampur||S.E. Southern Irr. Circle I Berhampur,O/o the Additional CE RB Basin Berhampur,Construction of Flood Embankment including Spurs Launching Apron and packing from Chanduli to Hiradharbati.,Pre-Monsoon,2023-04-05,Civil Works - Others,,ACERBB-39/2022-23,2023_CEBMB_85974_1,34756353.46,34756353.0,40885018,
710,Odisha,Restoration to LFB of river Baghua near village Hatiota(Construction of drainage sluice).,Ganjam,,761111,19.366666666666667,85.1,CE-BMRVN BasinBerhampur||S.E. Southern Irr. Circle I Berhampur||EE Bhanjanagar Irrigation Divn Bhanjanagar,S.E. Bhanjanagar Irrigation Division Bhanjanagar,Restoration to LFB of river Baghua near village Hatiota(Construction of drainage sluice).,Pre-Monsoon,2023-03-28,Civil Works - Others,,e- BNID-13/2022-23,2023_CEBMB_86030_28,1054871.0,1054871.0,1240878,
711,Odisha,CONSTRUCTION OF RETAINING WALL OVER AMBA NALLA NEAR VILLAGE BABULI BANDHA UNDER DIGAPAHANDI BLOCK,Ganjam,,760007,19.366666666666667,85.1,CEDrainageCuttack||SE Drainage Circle Bhubaneswar||EE Drainage Divn. Berhampur,O/o EXECUTIVE ENGINEER DRAINAGE DIVISION BERHAMPUR,RETAINING WALL,Pre-Monsoon,2023-04-24,Civil Works - Others,,EE-DD-BER-NO-01/2022-23,2023_CEDC_86653_1,791203.0,791203.0,930717,
712,Odisha,IMPROVEMENT TO KAITHADA LINK NALLA NEAR VILLAGE GUHALPUR UNDER DIGAPAHANDI BLOCK,Ganjam,,760007,19.366666666666667,85.1,CEDrainageCuttack||SE Drainage Circle Bhubaneswar||EE Drainage Divn. Berhampur,O/o EXECUTIVE ENGINEER DRAINAGE DIVISION BERHAMPUR,IMPROVEMENT WORK,Pre-Monsoon,2023-04-26,Civil Works - Others,,EE-DD-BER-NO-03/2022-23,2023_CEDC_86658_1,555655.0,555655.0,653635,
713,Odisha,IMPROVEMENT TO ALEKHA NALLA NEAR VILLAGE PATRAPUR UNDER PATRAPUR BLOCK IN GANJAM DIST,Ganjam,,760007,19.366666666666667,85.1,CEDrainageCuttack||SE Drainage Circle Bhubaneswar||EE Drainage Divn. Berhampur,O/o EXECUTIVE ENGINEER DRAINAGE DIVISION BERHAMPUR,IMPROVEMENT WORK,Pre-Monsoon,2023-04-26,Civil Works - Others,,EE-DD-BER-NO-04/2022-23,2023_CEDC_86659_1,667579.0,667579.0,785295,
714,Odisha,CONSTRUCTION OF PROTECTION WALL WITH STONE PACKING OVER PADMATOLA NALLA NEAR VILLAGE GUDIPADAR UNDER PATRAPUR BLOCK,Ganjam,,760007,19.366666666666667,85.1,CEDrainageCuttack||SE Drainage Circle Bhubaneswar||EE Drainage Divn. Berhampur,O/o EXECUTIVE ENGINEER DRAINAGE DIVISION BERHAMPUR,PROTECTION WALL,Pre-Monsoon,2023-04-26,Civil Works - Others,,EE-DD-BER-NO-06/2022-23,2023_CEDC_86662_1,1417085.0,1417085.0,1666963,
715,Odisha,Construction of Anla Nalla Check Dam in R.Udayagiri block of Gajapati District under MATY Scheme.2022-23,Ganjam,,761016,19.366666666666667,85.1,CEMinor IrrigationBBSR||SESMIC-BERHAMPUR||GAJAPATI,S.E.M.I.DIVISION GAJAPTI PARALAKHEMUNDI,Construction of Anla Nalla Check Dam in R.Udayagiri block of Gajapati District under MATY Scheme.2022-23,Pre-Monsoon,2023-04-21,Civil Works - Others,,MIDGJP-07/2022-23,2023_CEMIB_85256_3,6000184.84,7058210.61,7058211,
716,Odisha,Construction of Luchanabada Check Dam over Arakha nalla near village Buguda in Sanakhemundi Block,Ganjam,,761013,19.366666666666667,85.1,CEMinor IrrigationBBSR||SESMIC-BERHAMPUR||GANJAM I,O/O SE M.I. Division Ganjam-I Berhampur,Construction of Luchanabada Check Dam over Arakha nalla near village Buguda in Sanakhemundi Block of Ganjam District,Pre-Monsoon,2023-03-20,Civil Works - Others,,Online Tender/11/GMID-I/2022-23,2023_CEMIB_85766_2,3264119.48,3264119.48,3840000,
717,Odisha,Renovation by Dredging of Hansua Drainage cut from Panchapalli VRB at RD 81.62 KM to U/S of Nagari creek at RD 86.53 KM under DIP,Jagatsinghapur,,754139,,86.91666666666667,CEDrainageCuttack||SEDrainageCuttack,O/o the CEDrainageCuttack,Dredging work,Post-Monsoon,2022-10-21,Civil Works - Others,,CE-DR-CTC-02/2021-22,2022_CEDC_75544_1,88975579.0,88975579.0,104664838,
718,Odisha,SR to Gaithipur Kusupur road RD from 6100 mtr to 6250 mtr such as CC drain at both side for the year 2022 23,Jagatsinghapur,,754103,,86.91666666666667,CE RW I||RWCIRCLE-CUTTACK||RWDIVISION-JAGATSINGHPUR,Jagatsinghapur,SR to Gaithipur Kusupur road RD from 6100 mtr to 6250 mtr such as CC drain at both side for the year 2022 23,Post-Monsoon,2022-10-11,Civil Works - Roads,,03 of 2022-23,2022_CERWI_79225_1,601954.0,601954.0,708098,
719,Odisha,SR to Borikina Osakana Road RD 3100 mtr to 3290 mtr B.T repair and Protection work for the Year 2022 23,Jagatsinghapur,,754103,,86.91666666666667,CE RW I||RWCIRCLE-CUTTACK||RWDIVISION-JAGATSINGHPUR,Jagatsinghapur,SR to Borikina Osakana Road RD 3100 mtr to 3290 mtr B.T repair and Protection work for the Year 2022 23,Monsoon,2022-09-12,Civil Works - Roads,,03 of 2022-23,2022_CERWI_79238_1,749327.0,749327.0,881457,
720,Odisha,SR to Arada Inderpa Road RD from 00 mtr to 1100 mtr CC Drain at both side for the Year 2022 23,Jagatsinghapur,,754103,,86.91666666666667,CE RW I||RWCIRCLE-CUTTACK||RWDIVISION-JAGATSINGHPUR,Jagatsinghapur,SR to Arada Inderpa Road RD from 00 mtr to 1100 mtr CC Drain at both side for the Year 2022 23,Post-Monsoon,2023-01-04,Civil Works - Roads,,03 of 2022-23,2022_CERWI_79331_1,2105907.0,2105907.0,2477247,
721,Odisha,SR to Balitutha Jatadhari Muhan road such as Hume Pipe Culvert at Ch 2500 m to 2600 m for 2022 23,Jagatsinghapur,,754103,,86.91666666666667,CE RW I||RWCIRCLE-CUTTACK||RWDIVISION-JAGATSINGHPUR,Jagatsinghpur,SR to Balitutha Jatadhari Muhan road such as Hume Pipe Culvert at Ch 2500 m to 2600 m for 2022 23,Post-Monsoon,2023-01-31,Miscellaneous Works,,06 of 2022-23,2022_CERWI_80492_1,571290.0,571290.0,672027,
722,Odisha,SR to Katara to Bolar road such as Box Cell Culvert retaining wall and approach road at Ch 2920 m 0950 m to 0960 mtr for 2022 23,Jagatsinghapur,,754103,,86.91666666666667,CE RW I||RWCIRCLE-CUTTACK||RWDIVISION-JAGATSINGHPUR,Jagatsinghpur,SR to Katara to Bolar road such as Box Cell Culvert retaining wall and approach road at Ch 2920 m 0950 m to 0960 mtr for 2022 23,Post-Monsoon,2023-01-04,Civil Works - Roads,,06 of 2022-23,2022_CERWI_80498_1,1071260.0,1071260.0,1260157,
723,Odisha,Restoration to Badapal-Nagarighat saline embankment on Saulia Right from RD.2.76 Km to RD.3.00 Km,Jagatsinghapur,,754139,,86.91666666666667,CE-BMLMB BasinBBSR||SE Eastern CircleCuttack||EEMahanadi South DivisionCuttack,S.E Mahanadi South Division-I Cuttack,Restoration to Badapal-Nagarighat saline embankment on Saulia Right from RD.2.76 Km to RD.3.00 Km,Pre-Monsoon,2023-03-20,Civil Works - Others,,IFB No.04 MSD / (Online) 2022-23,2023_CELBB_85510_20,3980432.0,3980432.0,4682310,
724,Odisha,JJPR-03/ 19-20 Restoration to scoured bank on Baitarani right embankment near village Hemantapur.,Jajpur,,755001,33.9,86.53333333333333,CE-BMLMB BasinBBSR||SE Eastern CircleCuttack||EE Jajpur Irr DivisionJajpur,O/o the EE Jajpur Irrigation Division Jajpur,Embankment protection,Pre-Monsoon,2022-05-29,Civil Works - Others,,e-Procurement Notice No.01/ 2019-20,2020_CELBB_59016_2,5066429.0,5066429.0,5959804,
725,Odisha,JJPR-04/ 19-20 Protection to left flood bank of Jari Guide Bundha at Jari Gokha Sahi.,Jajpur,,755001,33.9,86.53333333333333,CE-BMLMB BasinBBSR||SE Eastern CircleCuttack||EE Jajpur Irr DivisionJajpur,O/o the EE Jajpur Irrigation Division Jajpur,Embankment protection,Pre-Monsoon,2022-05-29,Civil Works - Others,,e-Procurement Notice No.01/ 2019-20,2020_CELBB_59018_2,3417282.06,3417282.06,4019859,
726,Odisha,JJPR-23/ 19-20 Flood protection to scoured bank on Tantighai Left near Debil Sai Mandir.,Jajpur,,755001,33.9,86.53333333333333,CE-BMLMB BasinBBSR||SE Eastern CircleCuttack||EE Jajpur Irr DivisionJajpur,O/o the EE Jajpur Irrigation Division Jajpur,Embankment protection,Pre-Monsoon,2022-05-29,Civil Works - Others,,e-Procurement Notice No.01/ 2019-20,2020_CELBB_59018_20,1603514.89,1603514.89,1767933,
727,Odisha,Sl.No.1-Scoured bank protection to Bainsiria Kadikama TRE on Dudhei right near Khajurimala,JAJPUR,,755050,33.9,86.53333333333333,CE-BMLMB BasinBBSR||SE Eastern CircleCuttack||EEJaraka Irr Division Jaraka,S.E. Jaraka Irrigation Division Jaraka,Dumping work,Monsoon,2022-06-10,Civil Works - Others,,JKID-02 OF 2022-23,2022_CELBB_77227_1,6758025.0,6758025.0,7949682,
728,Odisha,Sl.No.10-Protection to Scoured Bank on Kharasuan left at Routrapur,JAJPUR,,755050,33.9,86.53333333333333,CE-BMLMB BasinBBSR||SE Eastern CircleCuttack||EEJaraka Irr Division Jaraka,S.E. Jaraka Irrigation Division Jaraka,Earth work Stone work and Dumping work,Monsoon,2022-06-10,Civil Works - Others,,JKID-02 OF 2022-23,2022_CELBB_77227_10,3577424.0,3577424.0,4208239,
729,Odisha,Sl.No.13-Protection to Scoured Portion near Village Uchhabali on Kusei Right,JAJPUR,,755050,33.9,86.53333333333333,CE-BMLMB BasinBBSR||SE Eastern CircleCuttack||EEJaraka Irr Division Jaraka,S.E. Jaraka Irrigation Division Jaraka,Earth work Stone work and Dumping work,Monsoon,2022-06-27,Civil Works - Others,,JKID-02 OF 2022-23,2022_CELBB_77227_13,3397154.0,3397154.0,3996182,
730,Odisha,Sl.No.14-Protection to Scour bank near Immamnagar on Brahmnai right (RD.11195 M. to 11505 M),JAJPUR,,755050,33.9,86.53333333333333,CE-BMLMB BasinBBSR||SE Eastern CircleCuttack||EEJaraka Irr Division Jaraka,S.E. Jaraka Irrigation Division Jaraka,Earth work Stone work and Dumping work,Monsoon,2022-06-27,Civil Works - Others,,JKID-02 OF 2022-23,2022_CELBB_77227_14,3332312.0,3332312.0,3919906,
731,Odisha,Sl.No.15-Protection to Scoured Portion near Village Harikansa on Kusei Right,JAJPUR,,755050,33.9,86.53333333333333,CE-BMLMB BasinBBSR||SE Eastern CircleCuttack||EEJaraka Irr Division Jaraka,S.E. Jaraka Irrigation Division Jaraka,Earth work Stone work and Dumping work,Monsoon,2022-06-10,Civil Works - Others,,JKID-02 OF 2022-23,2022_CELBB_77227_15,3154438.0,3154438.0,3710667,
732,Odisha,Sl.No.17-Protection to Scoured Bank on Jamara Nadi Left at Bartanda,JAJPUR,,755050,33.9,86.53333333333333,CE-BMLMB BasinBBSR||SE Eastern CircleCuttack||EEJaraka Irr Division Jaraka,S.E. Jaraka Irrigation Division Jaraka,Earth work Stone work and Dumping work,Monsoon,2022-06-27,Civil Works - Others,,JKID-02 OF 2022-23,2022_CELBB_77227_17,3009194.0,3009194.0,3539812,
733,Odisha,Sl.No.18-Protection to Scoured bank near Kabatabandha on Brahmani right,JAJPUR,,755050,33.9,86.53333333333333,CE-BMLMB BasinBBSR||SE Eastern CircleCuttack||EEJaraka Irr Division Jaraka,S.E. Jaraka Irrigation Division Jaraka,Packing work and Dumping work,Monsoon,2022-06-19,Civil Works - Others,,JKID-02 OF 2022-23,2022_CELBB_77227_18,2855401.0,2855401.0,3358900,
734,Odisha,Sl.No.19-Restoration to Scoured Bank on Kharasuan Left at Pahanga,JAJPUR,,755050,33.9,86.53333333333333,CE-BMLMB BasinBBSR||SE Eastern CircleCuttack||EEJaraka Irr Division Jaraka,S.E. Jaraka Irrigation Division Jaraka,Earth work Stone work and Dumping work,Monsoon,2022-06-27,Civil Works - Others,,JKID-02 OF 2022-23,2022_CELBB_77227_19,2632824.0,2632824.0,3097076,
735,Odisha,Sl.No.2-Protection of Scoured Bank on Kelua Right from Gokarneswar to Kaima Bridge (Construction of 4 Nos. spur),JAJPUR,,755050,33.9,86.53333333333333,CE-BMLMB BasinBBSR||SE Eastern CircleCuttack||EEJaraka Irr Division Jaraka,S.E. Jaraka Irrigation Division Jaraka,Earth work Stone work and Dumping work,Monsoon,2022-06-23,Civil Works - Others,,JKID-02 OF 2022-23,2022_CELBB_77227_2,5117722.0,5117722.0,6020141,
736,Odisha,Sl.No.21-Bank protection to Rudrapur breach on Brahmani left,JAJPUR,,755050,33.9,86.53333333333333,CE-BMLMB BasinBBSR||SE Eastern CircleCuttack||EEJaraka Irr Division Jaraka,S.E. Jaraka Irrigation Division Jaraka,Earth work and Stone work,Monsoon,2022-06-22,Civil Works - Others,,JKID-02 OF 2022-23,2022_CELBB_77227_21,1266590.0,1266590.0,1489931,
737,Odisha,Sl.No.22-Bank protection to Santhan breach on Dudhei Right,JAJPUR,,755050,33.9,86.53333333333333,CE-BMLMB BasinBBSR||SE Eastern CircleCuttack||EEJaraka Irr Division Jaraka,S.E. Jaraka Irrigation Division Jaraka,Earth work Stone work and Dumping work,Monsoon,2022-06-22,Civil Works - Others,,JKID-02 OF 2022-23,2022_CELBB_77227_22,1244639.0,1244639.0,1464109,
738,Odisha,Sl.No.23-Bank protection to Isanpur breach and Benjarapur breach on Brahmani right,JAJPUR,,755050,33.9,86.53333333333333,CE-BMLMB BasinBBSR||SE Eastern CircleCuttack||EEJaraka Irr Division Jaraka,S.E. Jaraka Irrigation Division Jaraka,Earth work and Stone work,Monsoon,2022-06-22,Civil Works - Others,,JKID-02 OF 2022-23,2022_CELBB_77227_23,703661.0,703661.0,827739,
739,Odisha,Sl.No.3-Protection to Scoured Bank on Kharasuan Right at Tulasipur,JAJPUR,,755050,33.9,86.53333333333333,CE-BMLMB BasinBBSR||SE Eastern CircleCuttack||EEJaraka Irr Division Jaraka,S.E. Jaraka Irrigation Division Jaraka,Earth work Stone work and Dumping work,Monsoon,2022-06-27,Civil Works - Others,,JKID-02 OF 2022-23,2022_CELBB_77227_3,4719193.0,4719193.0,5551339,
740,Odisha,Sl.No.4-Protection to Scoured portion near village Sainkula on Kushei right,JAJPUR,,755050,33.9,86.53333333333333,CE-BMLMB BasinBBSR||SE Eastern CircleCuttack||EEJaraka Irr Division Jaraka,S.E. Jaraka Irrigation Division Jaraka,Earth work Stone work and Dumping work,Monsoon,2022-06-27,Civil Works - Others,,JKID-02 OF 2022-23,2022_CELBB_77227_4,4705823.0,4705823.0,5535611,
741,Odisha,Sl.No.5-Protection to Scoured Portion near Charisapradaya thakura on Kusei Right,JAJPUR,,755050,33.9,86.53333333333333,CE-BMLMB BasinBBSR||SE Eastern CircleCuttack||EEJaraka Irr Division Jaraka,S.E. Jaraka Irrigation Division Jaraka,Earth work Stone work and Dumping work,Monsoon,2022-06-27,Civil Works - Others,,JKID-02 OF 2022-23,2022_CELBB_77227_5,4514201.0,4514201.0,5310200,
742,Odisha,Sl.No.6-Protection to Scoured Bank on Brahmani Left at Kumudi to Mangarajpur,JAJPUR,,755050,33.9,86.53333333333333,CE-BMLMB BasinBBSR||SE Eastern CircleCuttack||EEJaraka Irr Division Jaraka,S.E. Jaraka Irrigation Division Jaraka,Earth work Stone work and Dumping work,Monsoon,2022-06-27,Civil Works - Others,,JKID-02 OF 2022-23,2022_CELBB_77227_6,4137506.0,4137506.0,4867081,
743,Odisha,Sl.No.7-Protection of Scoured Bank on Kelua Right in between Mirzapur and Gelehi,JAJPUR,,755050,33.9,86.53333333333333,CE-BMLMB BasinBBSR||SE Eastern CircleCuttack||EEJaraka Irr Division Jaraka,S.E. Jaraka Irrigation Division Jaraka,Earth work Stone work and Dumping work,Monsoon,2022-06-22,Civil Works - Others,,JKID-02 OF 2022-23,2022_CELBB_77227_7,3696957.0,3696957.0,4348849,
744,Odisha,Sl.No.8-Protection to Scoured Bank on Kharasuana Right at Gopalapatana,JAJPUR,,755050,33.9,86.53333333333333,CE-BMLMB BasinBBSR||SE Eastern CircleCuttack||EEJaraka Irr Division Jaraka,S.E. Jaraka Irrigation Division Jaraka,Earth work Stone work and Dumping work,Monsoon,2022-06-27,Civil Works - Others,,JKID-02 OF 2022-23,2022_CELBB_77227_8,3588069.0,3588069.0,4220761,
745,Odisha,Sl.No.9-Protection to Scoured Bank on Patia Left at Marthapur,JAJPUR,,755050,33.9,86.53333333333333,CE-BMLMB BasinBBSR||SE Eastern CircleCuttack||EEJaraka Irr Division Jaraka,S.E. Jaraka Irrigation Division Jaraka,Earth work Stone work and Dumping work,Monsoon,2022-06-23,Civil Works - Others,,JKID-02 OF 2022-23,2022_CELBB_77227_9,3581562.0,3581562.0,4213107,
746,Odisha,Sl.No.1-Protection to Scoured bank on Nilai Haldharpur TRE on Biruapa left from RD 7400mtr to 7700 (Near Haladharpur Shiva Temple) with Improvement to Kampagarh-Palatpur TRE near Nilapada on Birupa left,JAJPUR,,755050,33.9,86.53333333333333,CE-BMLMB BasinBBSR||SE Eastern CircleCuttack||EEJaraka Irr Division Jaraka,S.E. Jaraka Irrigation Division Jaraka,Earth work and Cement concrete work,Monsoon,2022-06-27,Civil Works - Others,,JKID-03 OF 2022-23,2022_CELBB_77940_1,4245478.0,4245478.0,4994093,
747,Odisha,Sl.No.3-Protection to scoured bank on Rahapada Mohanpur OAE from Rd 6.000km to 6.500km,JAJPUR,,755050,33.9,86.53333333333333,CE-BMLMB BasinBBSR||SE Eastern CircleCuttack||EEJaraka Irr Division Jaraka,S.E. Jaraka Irrigation Division Jaraka,Earth work Dumping and Packing work,Monsoon,2022-06-27,Civil Works - Others,,JKID-03 OF 2022-23,2022_CELBB_77940_3,2437787.0,2437787.0,2867647,
748,Odisha,Sl.No.5-Protection to scoured bank on CE No.17A on Patia right near Ramaraja Temple,JAJPUR,,755050,33.9,86.53333333333333,CE-BMLMB BasinBBSR||SE Eastern CircleCuttack||EEJaraka Irr Division Jaraka,S.E. Jaraka Irrigation Division Jaraka,Earth work and Cement concrete work,Monsoon,2022-06-27,Civil Works - Others,,JKID-03 OF 2022-23,2022_CELBB_77940_5,1549680.0,1549680.0,1822938,
749,Odisha,Sl.No.6-Restoration to Paikarapur Gherry on Brahmnai left,JAJPUR,,755050,33.9,86.53333333333333,CE-BMLMB BasinBBSR||SE Eastern CircleCuttack||EEJaraka Irr Division Jaraka,S.E. Jaraka Irrigation Division Jaraka,Earth work and Packing work,Monsoon,2022-06-27,Civil Works - Others,,JKID-03 OF 2022-23,2022_CELBB_77940_6,851406.0,851406.0,1001536,
750,Odisha,Sl.No.7-Restoration to Gopalpur Gherry on Brahmani left,JAJPUR,,755050,33.9,86.53333333333333,CE-BMLMB BasinBBSR||SE Eastern CircleCuttack||EEJaraka Irr Division Jaraka,S.E. Jaraka Irrigation Division Jaraka,Earth work and Packing work,Monsoon,2022-06-27,Civil Works - Others,,JKID-03 OF 2022-23,2022_CELBB_77940_7,616449.0,616449.0,725149,
751,Odisha,Sl.No.8-Protection to scoured bank portion near Jenapur(Construction of Gada),JAJPUR,,755050,33.9,86.53333333333333,CE-BMLMB BasinBBSR||SE Eastern CircleCuttack||EEJaraka Irr Division Jaraka,S.E. Jaraka Irrigation Division Jaraka,Earth work and Cement concrete work,Monsoon,2022-06-27,Civil Works - Others,,JKID-03 OF 2022-23,2022_CELBB_77940_8,459829.0,459829.0,540912,
752,Odisha,SR to Barabati Rasulpur road for the year 2022 23 Such as Slab Culvert,JAJPUR,,755050,33.9,86.53333333333333,CE RW I||RWCIRCLE-CUTTACK||RWDIVISION-JAJPUR-II,Jaraka,SR to Barabati Rasulpur road for the year 2022 23 Such as Slab Culvert,Monsoon,2022-08-20,Miscellaneous Works,,02 of 2022-23,2022_CERWI_79098_1,752317.0,752317.0,884974,
753,Odisha,Sl.No.17-Restoration to Disty No.14 including construction of Outlets at RD.5370m 6453m 8262m 8767m 9121m 9773m and Guard wall at RD.5370m to5668m 3060m to 3637m,Jajpur,,755050,33.9,86.53333333333333,CE AND BM MBBS CHANDIKOLE||EASTERN CIRCLE II CHANDIKOLE||Jaraka Irr Div Jaraka,S.E. Jaraka Irrigation Division Jaraka,Earth work and Cement Concrete work,Post-Monsoon,2023-01-05,Civil Works - Others,,JKID-04 OF 2022-23,2022_JIRR_83086_17,848681.0,848681.0,998331,
754,Odisha,Sl.No.21-Restoration to Biribati TRE,Jajpur,,755050,33.9,86.53333333333333,CE AND BM MBBS CHANDIKOLE||EASTERN CIRCLE II CHANDIKOLE||Jaraka Irr Div Jaraka,S.E. Jaraka Irrigation Division Jaraka,Earth work and moorum work,Post-Monsoon,2023-01-11,Civil Works - Others,,JKID-04 OF 2022-23,2022_JIRR_83086_21,744573.0,744573.0,875865,
755,Odisha,Sl.No.22-Restoration to Birabhanpur Kakudikuda TRE from RD 1150 mtr to RD 1750 mtr,Jajpur,,755050,33.9,86.53333333333333,CE AND BM MBBS CHANDIKOLE||EASTERN CIRCLE II CHANDIKOLE||Jaraka Irr Div Jaraka,S.E. Jaraka Irrigation Division Jaraka,Earth work and Stone work,Post-Monsoon,2023-01-06,Civil Works - Others,,JKID-04 OF 2022-23,2022_JIRR_83086_22,593135.0,593135.0,697724,
756,Odisha,Sl.No.23-Restoration to Talabana Minor including const. of Guardwall from 441m to 680m150m to 220m,Jajpur,,755050,33.9,86.53333333333333,CE AND BM MBBS CHANDIKOLE||EASTERN CIRCLE II CHANDIKOLE||Jaraka Irr Div Jaraka,S.E. Jaraka Irrigation Division Jaraka,Earth work and Cement Concrete work,Post-Monsoon,2023-01-06,Civil Works - Others,,JKID-04 OF 2022-23,2022_JIRR_83086_23,589852.0,589852.0,693862,
757,Odisha,Sl.No.7-Restoration to Right Approach to HL Bridge over Pandra Nallah near Village -Atta,Jajpur,,755050,33.9,86.53333333333333,CE AND BM MBBS CHANDIKOLE||EASTERN CIRCLE II CHANDIKOLE||Jaraka Irr Div Jaraka,S.E. Jaraka Irrigation Division Jaraka,Road work,Post-Monsoon,2023-01-12,Civil Works - Others,,JKID-04 OF 2022-23,2022_JIRR_83086_7,1655995.0,1655995.0,1948000,
758,Odisha,Construction of Rambhila Check Dam near village Rambhila over Kundakhaijore nalla in Aul Block under MATY grant for the year 2022-23,Jajpur,,755001,33.9,86.53333333333333,CEMinor IrrigationBBSR||SECMIC-BHUBANESWAR||CUTTACK,SE MI DIVISION JAJPUR,Construction of Rambhila Check Dam near village Rambhila over Kundakhaijore nalla in Aul Block under MATY grant for the year 2022-23,Pre-Monsoon,2023-03-21,Civil Works - Others,,SEMIDJAJ_08/2022-23,2023_CEMIB_85193_1,3439455.88,3439455.88,4045943,
759,Odisha,Construction of Diannalla Check Dam near village B-Domanda over Dian nalla in Rajkanika Block under MATY grant for the year 2022-23.,Jajpur,,755001,33.9,86.53333333333333,CEMinor IrrigationBBSR||SECMIC-BHUBANESWAR||CUTTACK,SE MI DIVISION JAJPUR,Construction of Diannalla Check Dam near village B-Domanda over Dian nalla in Rajkanika Block under MATY grant for the year 2022-23.,Pre-Monsoon,2023-03-21,Civil Works - Others,,SEMIDJAJ_08/2022-23,2023_CEMIB_85193_2,3772036.72,3772036.72,4437168,
760,Odisha,Construction of Kesanagar Check Dam near village Kesanagar over Sanajore nalla in Rajkanika Block under MATY grant for the year 2022-23.,Jajpur,,755001,33.9,86.53333333333333,CEMinor IrrigationBBSR||SECMIC-BHUBANESWAR||CUTTACK,SEMID JAJPUR,Construction of Kesanagar Check Dam near village Kesanagar over Sanajore nalla in Rajkanika Block under MATY grant for the year 2022-23.,Pre-Monsoon,2023-03-21,Civil Works - Others,,SEMIDJAJ_09/2022-23,2023_CEMIB_85201_1,4339825.62,4339825.62,5105077,
761,Odisha,Construction of Ujanga Mahara-II Check Dam near village Ujanga over Ujangamahara nalla in Rajkanika Block under MATY grant for the year 2022-23.,Jajpur,,755001,33.9,86.53333333333333,CEMinor IrrigationBBSR||SECMIC-BHUBANESWAR||CUTTACK,SEMID JAJPUR,Construction of Ujanga Mahara-II Check Dam near village Ujanga over Ujangamahara nalla in Rajkanika Block under MATY grant for the year 2022-23.,Pre-Monsoon,2023-03-21,Civil Works - Others,,SEMIDJAJ_09/2022-23,2023_CEMIB_85201_2,6303289.57,6303289.57,7414762,
762,Odisha,Construction of Ramakandi Check Dam (Barrage) near village Bitana over Junei nalla in Binjharpur Block under MATY grant for the year 2022-23.,Jajpur,,755001,33.9,86.53333333333333,CEMinor IrrigationBBSR||SECMIC-BHUBANESWAR||CUTTACK,SEMID JAJPUR,Construction of Ramakandi Check Dam (Barrage) near village Bitana over Junei nalla in Binjharpur Block under MATY grant for the year 2022-23.,Pre-Monsoon,2023-03-21,Civil Works - Others,,SEMIDJAJ_09/2022-23,2023_CEMIB_85201_3,5926813.01,5926813.01,6971901,
763,Odisha,Construction of Pairakha Check Dam (Barrage) near village Gopalpur over local nalla in Binjharpur Block under MATY grant for the year 2022-23.,Jajpur,,755001,33.9,86.53333333333333,CEMinor IrrigationBBSR||SECMIC-BHUBANESWAR||CUTTACK,SEMID JAJPUR,Construction of Pairakha Check Dam (Barrage) near village Gopalpur over local nalla in Binjharpur Block under MATY grant for the year 2022-23.,Pre-Monsoon,2023-03-21,Civil Works - Others,,SEMIDJAJ_09/2022-23,2023_CEMIB_85201_4,5883561.57,5883561.57,6921023,
764,Odisha,Construction of Sasanda Check Dam (Barrage) near village Sasanda over Kalabhaunri nalla in Binjharpur Block under MATY grant for the year 2022-23.,Jajpur,,755001,33.9,86.53333333333333,CEMinor IrrigationBBSR||SECMIC-BHUBANESWAR||CUTTACK,SEMID JAJPUR,Construction of Sasanda Check Dam (Barrage) near village Sasanda over Kalabhaunri nalla in Binjharpur Block under MATY grant for the year 2022-23.,Pre-Monsoon,2023-03-21,Civil Works - Others,,SEMIDJAJ_09/2022-23,2023_CEMIB_85201_5,6262801.58,6262801.58,7367135,
765,Odisha,Repair to Bridge over Balijori Nallah on Bhimjore- Budhapada road via. Kalupada for 2021-22.,Jharsuguda,,768204,35.25,84.1,CE RW I||RW-CIRCLE-SUNDARGARH||RW-Division-Jharsuguda,Division Office Jharsuguda,Repair to Bridge over Balijori Nallah on Bhimjore- Budhapada road via. Kalupada for 2021-22.,Pre-Monsoon,2022-04-22,Civil Works - Roads,,Online - SEJSG-09 of 2021-22,2021_CERWI_73469_4,164895.0,164895.0,194000,
766,Odisha,Repair to H.L. Bridge over Sukhasada Nallah on Sukhasada to Kakeimuhan road for the year 2021-22,Jharsuguda,,768204,35.25,84.1,CE RW I||RW-CIRCLE-SUNDARGARH||RW-Division-Jharsuguda,Division Office Jharsuguda,Repair to H.L. Bridge over Sukhasada Nallah on Sukhasada to Kakeimuhan road for the year 2021-22,Pre-Monsoon,2022-04-22,Civil Works - Roads,,Online - SEJSG-09 of 2021-22,2021_CERWI_73469_6,224872.0,224872.0,265000,
767,Odisha,Construction of H.L. Bridge over Ghudadiha Nallah on Mauliberna to Pikol road in the district of Jharsuguda under BSY for the year 2021-22.,Jharsuguda,,768203,35.25,84.1,CE RW I||RW-CIRCLE-SUNDARGARH,Office of the C.C.E R.W Circle Sundargarh,Construction of H.L. Bridge over Ghudadiha Nallah on Mauliberna to Pikol road in the district of Jharsuguda under BSY for the year 2021-22.,Monsoon,2022-06-03,Civil Works - Bridges,,RWCCESNG-24 OF 2021-22,2021_CERWI_75007_1,26982639.0,24641679.0,24641679,
768,Odisha,Construction of H.L. Bridge over Local Nallah at Ch.0/800 Km on Negipali to OPGC road in the district of Jharsuguda under BSY for the year 2021-22.,Jharsuguda,,768203,35.25,84.1,CE RW I||RW-CIRCLE-SUNDARGARH,Office of the C.C.E R.W Circle Sundargarh,Construction of H.L. Bridge over Local Nallah at Ch.0/800 Km on Negipali to OPGC road in the district of Jharsuguda under BSY for the year 2021-22.,Monsoon,2022-06-03,Civil Works - Bridges,,RWCCESNG-24 OF 2021-22,2021_CERWI_75007_2,24038236.55,28276951.59,28276952,
769,Odisha,Construction of H.L.Bridge over Local Nallah at Ch.0/700 Km on Piplikani to Kumarbandha road in the Dist. of Jharsuguda under BSY for the year 2021-22.,Jharsuguda,,768203,35.25,84.1,CE RW I||RW-CIRCLE-SUNDARGARH,Office of the C.C.E R.W Circle Sundargarh,Construction of H.L. Bridge over Local Nallah at Ch.0/700 Km on Piplikani to Kumarbandh road in the district of Jharsuguda under BSY for the year 2021-22.,Monsoon,2022-06-03,Civil Works - Bridges,,RWCCESNG-24 OF 2021-22,2021_CERWI_75007_3,22604886.73,25524940.0,25524940,
770,Odisha,Repair to H.L. Bridge over River Saraswati Nallah on 1st Km on N.H. -49 to Betjharan road for the year 2021-22,Jharsuguda,,768204,35.25,84.1,CE RW I||RW-CIRCLE-SUNDARGARH||RW-Division-Jharsuguda,Division Office Jharsuguda,Repair to H.L. Bridge over River Saraswati Nallah on 1st Km on N.H. -49 to Betjharan road for the year 2021-22,Pre-Monsoon,2022-04-22,Civil Works - Bridges,,Online - SEJSG-15 of 2021-22,2021_CERWI_75221_1,191930.0,191930.0,194000,
771,Odisha,Construction of RCC Drain and 1x1000mm dia H.P. Culvert at Office- Cum- Residential Building of Collector Jharsuguda for the year 2020-21,Jharsuguda,,768202,35.25,84.1,EIC-CIVIL||SERNB-CIRCLE-NORTHERN||EERNB-DIVN-JHARSUGUDA,O/O the EE Jharsuguda R and B Division,Construction of RCC Drain and 1x1000mm dia H.P. Culvert at Office- Cum- Residential Building of Collector Jharsuguda for the year 2020-21,Monsoon,2022-07-23,Civil Works - Others,DRAIN AND CULVERT,Bid Identification No-EE-RandB-JSG- 09 OF 2021-22,2021_EICCL_72087_1,1498324.0,1498324.0,1762527,
772,Odisha,Const. of Road and Drain at Ashok Sahu Colony Gandhi Chowk in W.No.23.,Jharsuguda,,768216,35.25,84.1,Municipal Bodies||Brajrajnagar Municipality,Brajrajnagar Municipality,Drain,Pre-Monsoon,2022-04-13,Civil Works - Others,,BRJNRM-05/2021-22,2021_ORULB_74052_54,1215249.25,1500000.0,1500000,
773,Odisha,Repair/Const. of Road and Drain from Basant Kumar Dash House to Pradip Singh House W.No.12.,Jharsuguda,,768216,35.25,84.1,Municipal Bodies||Brajrajnagar Municipality,Brajrajnagar Municipality,Road and Drain,Pre-Monsoon,2022-04-13,Civil Works - Others,,BRJNRM-05/2021-22,2021_ORULB_74052_61,1526956.06,1900000.0,1900000,
774,Odisha,Construction of protection work for the Bridge approach over Sukhasoda Nallah on Sukhasoda Kokeimuhan road in the district of Jharsuguda,Jharsuguda,,768204,35.25,84.1,CE RW I||RW-CIRCLE-SUNDARGARH||RW-Division-Jharsuguda,Division Office Jharsuguda,Construction of protection work for the Bridge approach over Sukhasoda Nallah on Sukhasoda Kokeimuhan road in the district of Jharsuguda,Pre-Monsoon,2022-04-22,Civil Works - Bridges,,Online - SEJSG-18 of 2021-22,2022_CERWI_76494_1,1656485.0,1656485.0,1949000,
775,Odisha,Construction of Bridge over Lilari Nallah on Pipilimal to Banjari road in the District of Jharsuguda under BSY.,Jharsuguda,,768203,35.25,84.1,CE RW I||RW-CIRCLE-SUNDARGARH,Office of the C.C.E R.W Circle Sundargarh,Construction of Bridge over Lilari Nallah on Pipilimal to Banjari road in the District of Jharsuguda under BSY.,Monsoon,2022-07-07,Civil Works - Bridges,,RWCCESNG-05 Of 2022-23,2022_CERWI_77162_1,43681566.8,48626925.09,48626925,
776,Odisha,Construction of Bridge over Lilari Nallah on NH-200 to Dhumal PS road in the District of Jharsuguda under BSY.,Jharsuguda,,768203,35.25,84.1,CE RW I||RW-CIRCLE-SUNDARGARH,Office of the C.C.E R.W Circle Sundargarh,Construction of Bridge over Lilari Nallah on NH-200 to Dhumal PS road in the District of Jharsuguda under BSY.,Monsoon,2022-07-26,Civil Works - Bridges,,RWCCESNG-05 Of 2022-23,2022_CERWI_77162_2,53820900.68,59794356.94,59794357,
777,Odisha,Const. of C.C. Road and Drain at Hanuman Nagar Adarshnagar Boundary wall side to culvert and Galli Road W.No.13.,Jharsuguda,,768216,35.25,84.1,Municipal Bodies||Brajrajnagar Municipality,Brajrajnagar Municipality,C.C. Road and Drain,Monsoon,2022-09-20,Civil Works - Others,,BRJNRM-06/2021-22,2022_ORULB_76535_16,856714.61,1130000.0,1130000,
778,Odisha,Improvement of Road from Culvert towards Remja in W.No.20.,Jharsuguda,,768216,35.25,84.1,Municipal Bodies||Brajrajnagar Municipality,Brajrajnagar Municipality,Road,Post-Monsoon,2023-01-12,Civil Works - Roads,,BRJNRM-04/2022-23,2022_ORULB_80581_29,1600790.02,1950000.0,1950000,
779,Odisha,Const. of Road and Drain from Jagannath Mandir to Nitai Banda Nuadihi and Const. of Drain near Patjoshi House in W.No.22.,Jharsuguda,,768216,35.25,84.1,Municipal Bodies||Brajrajnagar Municipality,Brajrajnagar Municipality,Road and Drain,Post-Monsoon,2023-01-12,Civil Works - Others,,BRJNRM-04/2022-23,2022_ORULB_80581_31,1497693.34,1800000.0,1800000,
780,Odisha,Const. of Road and Drain at Hanuman Nagar Gandhi Chhak in W.No.23.,Jharsuguda,,768216,35.25,84.1,Municipal Bodies||Brajrajnagar Municipality,Brajrajnagar Municipality,Road and Drain,Post-Monsoon,2023-01-12,Civil Works - Others,,BRJNRM-04/2022-23,2022_ORULB_80581_32,1581454.58,1980000.0,1980000,
781,Odisha,Const. of Drain at Jagannath Mandir Gali and Gaya Sahu Galli in W.No.22.,Jharsuguda,,768216,35.25,84.1,Municipal Bodies||Brajrajnagar Municipality,Brajrajnagar Municipality,Drain,Post-Monsoon,2023-01-12,Civil Works - Others,,BRJNRM-04/2022-23,2022_ORULB_80581_56,1231157.56,1500000.0,1500000,
782,Odisha,Construction of Simeldumri Check Dam over Jharana Nalla near village Jhargaon in Lakhanpur block of Jharsuguda district.,Jharsuguda,,768202,35.25,84.1,CEMinor IrrigationBBSR||SENMIC-SAMBALPUR||EE M.I. Division Jharsuguda,Oo the Executive Engineer MI Division Jharsuguda,Construction of Simeldumri Check Dam over Jharana Nalla near village Jhargaon in Lakhanpur block of Jharsuguda district.,Pre-Monsoon,2023-04-24,Civil Works - Others,,EEMIDJSD/07/2022-23,2023_CEMIB_85356_8,3073781.08,3073781.08,3616000,
783,Odisha,Construction of Jharana Check Dam over Jharana Nalla near village Jhargaon in Lakhanpur block of Jharsuguda district.,Jharsuguda,,768202,35.25,84.1,CEMinor IrrigationBBSR||SENMIC-SAMBALPUR||EE M.I. Division Jharsuguda,Oo the Executive Engineer MI Division Jharsuguda,Construction of Jharana Check Dam over Jharana Nalla near village Jhargaon in Lakhanpur block of Jharsuguda district.,Pre-Monsoon,2023-04-13,Civil Works - Others,,EEMIDJSD/07/2022-23,2023_CEMIB_85356_9,3770141.6,3770141.6,4435000,
784,Odisha,Improvement of canal banks including restoration of damaged fall at RD 410M and canal lining from RD 195 M to 695M of Murlapadar Minor.,Kalahandi,,766026,19.666666666666668,83.0,CCE Upper Indravati Irrigation Project Mukhiguda||CCE Upper Indravati Irrigation Project Mukhiguda||EE Right Canal Divn-I Mukhiguda,Office of the EE RCD-I Mukhiguda,Canal Work,Post-Monsoon,2023-01-15,Civil Works - Canal,,EERCD-I-07(01-05)/2021-22 Dt. 19.07.2021.,2021_CEUIP_69963_2,2420619.0,2420619.0,2847452,
785,Odisha,Construction of HL Bridge over Kumarkani Nallah at 5/800 KM and Dumerpadar Nallah at 11/300 KM on Th-Rampur- Kasipur Road (MDR-112) under State Plan for the year 2018-19.,Kalahandi,,762110,19.666666666666668,83.0,EIC-CIVIL||SERNB-CIRCLE-BOLANGIR,O/o CCE Balangir (R and B) Circle Balangir,Bridge Work,Pre-Monsoon,2022-05-13,Civil Works - Bridges,,CCE (R and B) BGR-05-2021-22,2021_EICCL_70888_1,78209148.0,78209148.0,91999939,
786,Odisha,DRAIN AT CHARBAHAL,Kalahandi,,766017,19.666666666666668,83.0,CE-NH||NHCIRCLE-SAMBALPUR||EENH-DIVN-KESINGA,OFFICE OF EE NH DIVISION KESINGA,CONS OF RCC DRAIN AT CHARBAHAL FROM 224 200 TO 224 400 OF NH 26,Post-Monsoon,2022-10-20,Civil Works - Others,,EE NH KSNG 03 202223,2022_CENH_80645_1,1041105.0,1041105.0,1224686,
787,Odisha,Drain at Satsangbihar Bhawanipatna,Kalahandi,,766001,19.666666666666668,83.0,CE-NH||NHCIRCLE-SAMBALPUR||EENH-DIVN-KESINGA,NH division Kesinga,Construction of RCC drain near Bhawanipatna town from km.181/390 to km.181/635 (R.H.S.) and from ch. Km.182/900 to km.183/315 (R.H.S.) of NH-26 for the year 2022-23,Post-Monsoon,2023-01-13,Civil Works - Others,,ID07 EENH KSNG 2022 23,2022_CENH_83763_1,4016180.97,4016180.97,4724363,
788,Odisha,Construction of RCC Drain from Lalu Behera Shop to Culvert at Titilagarh Road in Ward No-06,Kalahandi,,766012,19.666666666666668,83.0,Municipal Bodies||Kesinga NAC,EXECUTIVE OFFICER NAC KESINGA,Construction of RCC Drain from Lalu Behera Shop to Culvert at Titilagarh Road in Ward No-06,Post-Monsoon,2023-02-25,Civil Works - Others,,KSNG-NAC-03/2022-23,2022_ORULB_80259_2,1339375.0,1339375.0,1339375,
789,Odisha,CONSTRUCTION OF PAVER ROAD WITH COVER DRAIN FROM PWD ROAD NEAR PRATAP THAKUR HOUSE TO PAHALI HOUSE IN WARD NO-04,Kalahandi,,766015,19.666666666666668,83.0,Municipal Bodies||Dharmagarh NAC,DHARMAGARH NAC,CONSTRUCTION OF PAVER ROAD WITH COVER DRAIN FROM PWD ROAD NEAR PRATAP THAKUR HOUSE TO PAHALI HOUSE IN WARD NO-04,Pre-Monsoon,2023-03-13,Civil Works - Roads,,DHARAMGARH/NAC/01/2022-23,2022_ORULB_80747_51,507024.29,507024.29,596429,
790,Odisha,CONST OF C C ROAD AND DRAIN WITH COVER PLATE FROM JAGANNATH BAGARTY HOUSE TO HANU AGRAWAL HOUSE IN WARD NO- 03,Kalahandi,,766015,19.666666666666668,83.0,Municipal Bodies||Dharmagarh NAC,DHARMAGARH NAC,CONST OF C C ROAD AND DRAIN WITH COVER PLATE FROM JAGANNATH BAGARTY HOUSE TO HANU AGRAWAL HOUSE IN WARD NO- 03,Pre-Monsoon,2023-03-13,Civil Works - Roads,,DHARAMGARH/NAC/01/2022-23,2022_ORULB_80747_57,351797.3,351797.3,352679,
791,Odisha,CONSTRUCTION OF CEMENT CONCRETE ROAD AND DRAIN WITH COVER PLATE FROM N.H 130C TO NATHURAM HOUSE IN WARD NO- 03,Kalahandi,,766015,19.666666666666668,83.0,Municipal Bodies||Dharmagarh NAC,DHARMAGARH NAC,CONSTRUCTION OF CEMENT CONCRETE ROAD AND DRAIN WITH COVER PLATE FROM N.H 130C TO NATHURAM HOUSE IN WARD NO- 03,Pre-Monsoon,2023-03-13,Civil Works - Roads,,DHARAMGARH/NAC/01/2022-23,2022_ORULB_80747_58,248275.0,248275.0,250000,
792,Odisha,CONSTRUCTION OF CEMENT CONCRETE DRAIN WITH COVER PLATE FROM PRAFULLA BEHERA HOUSE TO PRATAP BARIK HOUSE IN WARD NO- 01,Kalahandi,,766015,19.666666666666668,83.0,Municipal Bodies||Dharmagarh NAC,DHARMAGARH NAC,CONSTRUCTION OF CEMENT CONCRETE DRAIN WITH COVER PLATE FROM PRAFULLA BEHERA HOUSE TO PRATAP BARIK HOUSE IN WARD NO- 01,Pre-Monsoon,2023-03-13,Civil Works - Roads,,DHARAMGARH/NAC/01/2022-23,2022_ORULB_80747_63,882857.0,882857.0,892857,
793,Odisha,Sl-2 Construction of Dhoskhola Check Dam over Local Nalla near village Koksur in Lanjigarh Block of Kalahandi District for the Year 2022-23,Kalahandi,,766027,19.666666666666668,83.0,CEMinor IrrigationBBSR||SEKBKMIC-BHAWANIPATNA||EE K.M.I. Division Bhawanipatna,O/o the SE M.I. Division Kalahandi Bhawanipatna,Construction of Dhoskhola Check Dam over Local Nalla near village Koksur in Lanjigarh Block of Kalahandi District for the Year 2022-23,Pre-Monsoon,2023-03-31,Civil Works - Others,Construction of New Check Dam,SEMIDKLD/16 of 22-23,2023_CEMIB_86297_2,2008075.0,2008075.0,2362163,
794,Odisha,Sl-3 Construction of Dhadel Check Dam over Kechbandha Nalla near village Dhadel in Lanjigarh Block of Kalahandi District for the Year 2022-23,Kalahandi,,766027,19.666666666666668,83.0,CEMinor IrrigationBBSR||SEKBKMIC-BHAWANIPATNA||EE K.M.I. Division Bhawanipatna,O/o the SE M.I. Division Kalahandi Bhawanipatna,Construction of Dhadel Check Dam over Kechbandha Nalla near village Dhadel in Lanjigarh Block of Kalahandi District for the Year 2022-23,Pre-Monsoon,2023-03-31,Civil Works - Others,Construction of New Check Dam,SEMIDKLD/16 of 22-23,2023_CEMIB_86297_3,2442148.0,2442148.0,2872777,
795,Odisha,Construction of Boxcell culvert (1X6X3M) at 7/500 Km on PWD road to Karmeli for the year 2022-23,Kalahandi,,766015,19.666666666666668,83.0,CE RW I||RWCIRCLE-BHAWANIPATNA||RWDIVISION-DHARMAGARH,O/o the SE RWD Dharmagarh,Construction of Boxcell culvert (1X6X3M) at 7/500 Km on PWD road to Karmeli for the year 2022-23,Post-Monsoon,2023-02-28,Civil Works - Bridges,,DMGH / Online-13 of 2022-23,2023_CERWI_85315_1,2030971.0,2030971.0,2389097,
796,Odisha,Construction of Boxcell culvert (2X6X3M) at 0/300 Km on Tingipokhan to Jhariguma road for the year 2022-23,Kalahandi,,766015,19.666666666666668,83.0,CE RW I||RWCIRCLE-BHAWANIPATNA||RWDIVISION-DHARMAGARH,O/o the SE RWD Dharmagarh,Construction of Boxcell culvert (2X6X3M) at 0/300 Km on Tingipokhan to Jhariguma road for the year 2022-23,Post-Monsoon,2023-02-28,Civil Works - Bridges,,DMGH / Online-13 of 2022-23,2023_CERWI_85315_2,3185406.0,3185406.0,3747096,
797,Odisha,Construction of CC drain and CC wearing coat on Koksara to Majhiguda in the Dist of Kalahandi,Kalahandi,,766015,19.666666666666668,83.0,CE RW I||RWCIRCLE-BHAWANIPATNA||RWDIVISION-DHARMAGARH,O/o the SE RWD Dharmagarh,Construction of CC drain and CC wearing coat on Koksara to Majhiguda in the Dist of Kalahandi,Pre-Monsoon,2023-03-01,Civil Works - Roads,,DMGH / Online-15 of 2022-23,2023_CERWI_85719_5,1286037.98,1512807.88,1512807,
798,Odisha,Providing paver block at Dam Top Road of Ret Irrigation Project,Kalahandi,,766002,19.666666666666668,83.0,CCE Ret Irr. Project Bhawanipatna||CCE Ret Irrigation Project||Ret Dam Division Kuttingpadar,Superintending EngineerRet Dam DivisionKuttingpa,Paver work,Post-Monsoon,2023-02-16,Civil Works - Roads,,SERDD-01/2022-23,2023_RIPB_85398_1,7891389.0,7891389.0,9282895,
799,Odisha,Construction of Kotagada Check Dam near Commission Piped Water Supply scheme near village Kotagada in Kotagada Block of Kandhamal district under BKoGY for the year 2021-22,Kandhamal,,762001,22.233333333333334,84.26666666666667,CEMinor IrrigationBBSR||SESMIC-BERHAMPUR||EE Kandhamal MI Divn. Phulbani,O/o the EE KMID Phulbani,Construction of Kotagada Check Dam near Commission Piped Water Supply scheme near village Kotagada in Kotagada Block of Kandhamal district under BKoGY for the year 2021-22,Pre-Monsoon,2022-05-26,Civil Works - Others,,BID IDENTIFICATION NO-02/2021-22,2021_CEMIB_75010_2,3464818.28,3464818.28,4076000,
800,Odisha,Renovation of Dulurinalla Check Dam (Low Height Check Dam) over Duluri nalla near village Dulurisahi in Daringibadi Block of Kandhamal district under BKoGY for the year 2021-22,Kandhamal,,762001,22.233333333333334,84.26666666666667,CEMinor IrrigationBBSR||SESMIC-BERHAMPUR||EE Kandhamal MI Divn. Phulbani,O/o the EE KMID Phulbani,Renovation of Dulurinalla Check Dam (Low Height Check Dam) over Duluri nalla near village Dulurisahi in Daringibadi Block of Kandhamal district under BKoGY for the year 2021-22,Pre-Monsoon,2022-05-26,Civil Works - Others,,BID IDENTIFICATION NO-02/2021-22,2021_CEMIB_75010_3,2277037.95,2277037.95,2679000,
801,Odisha,Construction of Pokasungha Check Dam near Commission Piped Water Supply scheme near village Pokasungha in Badabarba GP of Raikia Block of Kandhamal district under BKoGY for the year 2021-22,Kandhamal,,762001,22.233333333333334,84.26666666666667,CEMinor IrrigationBBSR||SESMIC-BERHAMPUR||EE Kandhamal MI Divn. Phulbani,O/o the EE KMID Phulbani,Construction of Pokasungha Check Dam near Commission Piped Water Supply scheme near village Pokasungha in Badabarba GP of Raikia Block of Kandhamal district under BKoGY for the year 2021-22,Pre-Monsoon,2022-05-26,Civil Works - Others,,BID IDENTIFICATION NO-02/2021-22,2021_CEMIB_75010_7,1341410.69,1341410.69,1578000,
802,Odisha,Repair Renovation and Restoration (RRR) of Budhadani MIP in Phulbani Block of Kandhamal district under PMKSY-HKKP during the current financial year 2022-23,Kandhamal,,762001,22.233333333333334,84.26666666666667,CEMinor IrrigationBBSR||SESMIC-BERHAMPUR||EE Kandhamal MI Divn. Phulbani,O/o the E.E. KMI Divn.Phulbani,Repair Renovation and Restoration (RRR) of Budhadani MIP in Phulbani Block of Kandhamal district under PMKSY-HKKP during the current financial year 2022-23,Post-Monsoon,2022-10-06,Civil Works - Others,,BID IDENTIFICATION NO-02/2022-23,2022_CEMIB_77617_1,2776416.17,2776416.17,3266000,
803,Odisha,Repair Renovation and Restoration (RRR) of Uppersahi MIP in Phiringia Block of Kandhamal district under PMKSY-HKKP during the current financial year 2022-23,Kandhamal,,762001,22.233333333333334,84.26666666666667,CEMinor IrrigationBBSR||SESMIC-BERHAMPUR||EE Kandhamal MI Divn. Phulbani,O/o the E.E. KMI Divn.Phulbani,Repair Renovation and Restoration (RRR) of Uppersahi MIP in Phiringia Block of Kandhamal district under PMKSY-HKKP during the current financial year 2022-23,Post-Monsoon,2022-10-06,Civil Works - Others,,BID IDENTIFICATION NO-02/2022-23,2022_CEMIB_77617_2,3701817.0,3701817.0,4355000,
804,Odisha,Repair Renovation and Restoration (RRR) of Mankadagada MIP in Khajuripada Block of Kandhamal district under PMKSY-HKKP during the current financial year 2022-23,Kandhamal,,762001,22.233333333333334,84.26666666666667,CEMinor IrrigationBBSR||SESMIC-BERHAMPUR||EE Kandhamal MI Divn. Phulbani,O/o the E.E. KMI Divn.Phulbani,Repair Renovation and Restoration (RRR) of Mankadagada MIP in Khajuripada Block of Kandhamal district under PMKSY-HKKP during the current financial year 2022-23,Post-Monsoon,2022-10-06,Civil Works - Others,,BID IDENTIFICATION NO-02/2022-23,2022_CEMIB_77617_3,2742421.02,2742421.02,3226000,
805,Odisha,Repair Renovation and Restoration (RRR) of Billabadi MIP in K.Nuagaon Block of Kandhamal district under PMKSY-HKKP during the current financial year 2022-23,Kandhamal,,762001,22.233333333333334,84.26666666666667,CEMinor IrrigationBBSR||SESMIC-BERHAMPUR||EE Kandhamal MI Divn. Phulbani,O/o the E.E. KMI Divn.Phulbani,Repair Renovation and Restoration (RRR) of Billabadi MIP in K.Nuagaon Block of Kandhamal district under PMKSY-HKKP during the current financial year 2022-23,Post-Monsoon,2022-10-06,Civil Works - Others,,BID IDENTIFICATION NO-02/2022-23,2022_CEMIB_77617_4,3084952.69,3084952.69,3629000,
806,Odisha,Repair Renovation and Restoration (RRR) of Japimaska MIP in Balliguda Block of Kandhamal district under PMKSY-HKKP during the current financial year 2022-23,Kandhamal,,762001,22.233333333333334,84.26666666666667,CEMinor IrrigationBBSR||SESMIC-BERHAMPUR||EE Kandhamal MI Divn. Phulbani,O/o the E.E. KMI Divn.Phulbani,Repair Renovation and Restoration (RRR) of Japimaska MIP in Balliguda Block of Kandhamal district under PMKSY-HKKP during the current financial year 2022-23,Post-Monsoon,2022-10-06,Civil Works - Others,,BID IDENTIFICATION NO-02/2022-23,2022_CEMIB_77617_5,3578599.95,3578599.95,4210000,
807,Odisha,Construction of Sriguni Check Dam PKD type in Phiringia Block of Kandhamal district under MATY scheme for the year 2022-23,Kandhamal,,762001,22.233333333333334,84.26666666666667,CEMinor IrrigationBBSR||SESMIC-BERHAMPUR||EE Kandhamal MI Divn. Phulbani,O/o Executive Engineer K.M.I.DivnPhulbani,Construction of Sriguni Check Dam PKD type in Phiringia Block of Kandhamal district under MATY scheme for the year 2022-23,Pre-Monsoon,2023-04-15,Civil Works - Others,,BID IDENTIFICATION NO-03/2022-23,2022_CEMIB_82292_1,5500256.0,5500256.0,6471000,
808,Odisha,Construction of Suberpanga Check Dam PKD type in Phiringia Block of Kandhamal district under MATY scheme for the year 2022-23,Kandhamal,,762001,22.233333333333334,84.26666666666667,CEMinor IrrigationBBSR||SESMIC-BERHAMPUR||EE Kandhamal MI Divn. Phulbani,O/o Executive Engineer K.M.I.DivnPhulbani,Construction of Suberpanga Check Dam PKD type in Phiringia Block of Kandhamal district under MATY scheme for the year 2022-23,Pre-Monsoon,2023-04-15,Civil Works - Others,,BID IDENTIFICATION NO-03/2022-23,2022_CEMIB_82292_2,6078385.0,6078385.0,7151000,
809,Odisha,Construction of Barasahi Check Dam PKD type in Phiringia Block of Kandhamal district under MATY scheme for the year 2022-23,Kandhamal,,762001,22.233333333333334,84.26666666666667,CEMinor IrrigationBBSR||SESMIC-BERHAMPUR||EE Kandhamal MI Divn. Phulbani,O/o Executive Engineer K.M.I.DivnPhulbani,Construction of Barasahi Check Dam PKD type in Phiringia Block of Kandhamal district under MATY scheme for the year 2022-23,Pre-Monsoon,2023-04-15,Civil Works - Others,,BID IDENTIFICATION NO-03/2022-23,2022_CEMIB_82292_3,5872661.0,5872661.0,6909000,
810,Odisha,Construction of Pakari-1 Check Dam PKD type in Phiringia Block of Kandhamal district under MATY scheme for the year 2022-23,Kandhamal,,762001,22.233333333333334,84.26666666666667,CEMinor IrrigationBBSR||SESMIC-BERHAMPUR||EE Kandhamal MI Divn. Phulbani,O/o Executive Engineer K.M.I.DivnPhulbani,Construction of Pakari-1 Check Dam PKD type in Phiringia Block of Kandhamal district under MATY scheme for the year 2022-23,Pre-Monsoon,2023-04-15,Civil Works - Others,,BID IDENTIFICATION NO-03/2022-23,2022_CEMIB_82292_4,4517514.0,4517514.0,5315000,
811,Odisha,Construction of Ganjukhol Check Dam PKD type in Phiringia Block of Kandhamal district under MATY scheme for the year 2022-23,Kandhamal,,762001,22.233333333333334,84.26666666666667,CEMinor IrrigationBBSR||SESMIC-BERHAMPUR||EE Kandhamal MI Divn. Phulbani,O/o Executive Engineer K.M.I.DivnPhulbani,Construction of Ganjukhol Check Dam PKD type in Phiringia Block of Kandhamal district under MATY scheme for the year 2022-23,Pre-Monsoon,2023-04-15,Civil Works - Others,,BID IDENTIFICATION NO-03/2022-23,2022_CEMIB_82292_5,6305045.0,6305045.0,7417000,
812,Odisha,Construction of Chuanmunda Check Dam PKD type in Phulbani Block of Kandhamal district under MATY scheme for the year 2022-23,Kandhamal,,762001,22.233333333333334,84.26666666666667,CEMinor IrrigationBBSR||SESMIC-BERHAMPUR||EE Kandhamal MI Divn. Phulbani,O/o Executive Engineer K.M.I.DivnPhulbani,Construction of Chuanmunda Check Dam PKD type in Phulbani Block of Kandhamal district under MATY scheme for the year 2022-23,Pre-Monsoon,2023-04-15,Civil Works - Others,,BID IDENTIFICATION NO-03/2022-23,2022_CEMIB_82292_6,6177969.0,6177969.0,7268000,
813,Odisha,Construction of Nakudipanga Check Dam PKD type in Phulbani Block of Kandhamal district under MATY scheme for the year 2022-23,Kandhamal,,762001,22.233333333333334,84.26666666666667,CEMinor IrrigationBBSR||SESMIC-BERHAMPUR||EE Kandhamal MI Divn. Phulbani,O/o Executive Engineer K.M.I.DivnPhulbani,Construction of Nakudipanga Check Dam PKD type in Phulbani Block of Kandhamal district under MATY scheme for the year 2022-23,Pre-Monsoon,2023-04-15,Civil Works - Others,,BID IDENTIFICATION NO-03/2022-23,2022_CEMIB_82292_7,5935980.0,5935980.0,6983000,
814,Odisha,Construction of Kumuriguda-1 Check Dam PKD type in Phulbani Block of Kandhamal district under MATY scheme for the year 2022-23,Kandhamal,,762001,22.233333333333334,84.26666666666667,CEMinor IrrigationBBSR||SESMIC-BERHAMPUR||EE Kandhamal MI Divn. Phulbani,O/o Executive Engineer K.M.I.DivnPhulbani,Construction of Kumuriguda-1 Check Dam PKD type in Phulbani Block of Kandhamal district under MATY scheme for the year 2022-23,Pre-Monsoon,2023-04-15,Civil Works - Others,,BID IDENTIFICATION NO-03/2022-23,2022_CEMIB_82292_8,5985478.0,5985478.0,7041000,
815,Odisha,Construction of Kapumunda Check Dam PKD type in Phulbani Block of Kandhamal district under MATY scheme for the year 2022-23,Kandhamal,,762001,22.233333333333334,84.26666666666667,CEMinor IrrigationBBSR||SESMIC-BERHAMPUR||EE Kandhamal MI Divn. Phulbani,O/o of E.E. KMID Phulbani,Construction of Kapumunda Check Dam PKD type in Phulbani Block of Kandhamal district under MATY scheme for the year 2022-23,Pre-Monsoon,2023-04-14,Civil Works - Others,,BID IDENTIFICATION NO-04/2022-23,2022_CEMIB_83824_1,3696948.0,3696948.0,4349000,
816,Odisha,Construction of Sarliguda Check Dam near Commissioned Pipe water supply near village Sarliguda in Kotagada Block of Kandhamal district under Aspirational District Programme (ADP),Kandhamal,,762001,22.233333333333334,84.26666666666667,CEMinor IrrigationBBSR||SESMIC-BERHAMPUR||EE Kandhamal MI Divn. Phulbani,O/o of E.E. KMID Phulbani,Construction of Sarliguda Check Dam near Commissioned Pipe water supply near village Sarliguda in Kotagada Block of Kandhamal district under Aspirational District Programme (ADP),Pre-Monsoon,2023-04-14,Civil Works - Others,,BID IDENTIFICATION NO-04/2022-23,2022_CEMIB_83824_2,3093178.0,3093178.0,3639000,
817,Odisha,Repair Renovation and Restoration (RRR) of Boneigaon MIP in K.Nuagaon Block of Kandhamal district under PMKSY-HKKP during the year 2022-23,Kandhamal,,762001,22.233333333333334,84.26666666666667,CEMinor IrrigationBBSR||SESMIC-BERHAMPUR||EE Kandhamal MI Divn. Phulbani,O/o the SE MI Division Kandhamal,Repair Renovation and Restoration (RRR) of Boneigaon MIP in K.Nuagaon Block of Kandhamal district under PMKSY-HKKP during the year 2022-23,Pre-Monsoon,2023-03-27,Civil Works - Others,,BID IDENTIFICATION NO-06/2022-23,2023_CEMIB_85167_4,2353760.0,2353760.0,2769000,
818,Odisha,Construction of Suberpanga Check Dam PKD type in Phiringia Block of Kandhamal district under MATY scheme for the year 2022-23,Kandhamal,,762001,22.233333333333334,84.26666666666667,CEMinor IrrigationBBSR||SESMIC-BERHAMPUR||EE Kandhamal MI Divn. Phulbani,O/o the S.E. MI Divn. Kandhamal,Construction of Suberpanga Check Dam PKD type in Phiringia Block of Kandhamal district under MATY scheme for the year 2022-23,Pre-Monsoon,2023-04-07,Civil Works - Others,,BID IDENTIFICATION NO-05/2022-23,2023_CEMIB_85175_10,6079063.0,6079063.0,7151000,
819,Odisha,Repair Renovation and Restoration (RRR) of Sitagudari MIP in Khajuripada Block of Kandhamal district under PMKSY-HKKP during the year 2022-23,Kandhamal,,762001,22.233333333333334,84.26666666666667,CEMinor IrrigationBBSR||SESMIC-BERHAMPUR||EE Kandhamal MI Divn. Phulbani,O/o the S.E. MI Divn. Kandhamal,Repair Renovation and Restoration (RRR) of Sitagudari MIP in Khajuripada Block of Kandhamal district under PMKSY-HKKP during the year 2022-23,Pre-Monsoon,2023-04-07,Civil Works - Others,,BID IDENTIFICATION NO-05/2022-23,2023_CEMIB_85175_4,4577346.0,4577346.0,5385000,
820,Odisha,Repair Renovation and Restoration (RRR) of Lambagudari MIP in Khajuripada Block of Kandhamal district under PMKSY-HKKP during the year 2022-23,Kandhamal,,762001,22.233333333333334,84.26666666666667,CEMinor IrrigationBBSR||SESMIC-BERHAMPUR||EE Kandhamal MI Divn. Phulbani,O/o the S.E. MI Divn. Kandhamal,Repair Renovation and Restoration (RRR) of Lambagudari MIP in Khajuripada Block of Kandhamal district under PMKSY-HKKP during the year 2022-23,Pre-Monsoon,2023-04-07,Civil Works - Others,,BID IDENTIFICATION NO-05/2022-23,2023_CEMIB_85175_5,4577432.0,4577432.0,5385000,
821,Odisha,Repair Renovation and Restoration (RRR) of Jamujhori MIP in Khajuripada Block of Kandhamal district under PMKSY-HKKP during the year 2022-23,Kandhamal,,762001,22.233333333333334,84.26666666666667,CEMinor IrrigationBBSR||SESMIC-BERHAMPUR||EE Kandhamal MI Divn. Phulbani,O/o the S.E. MI Divn. Kandhamal,Repair Renovation and Restoration (RRR) of Jamujhori MIP in Khajuripada Block of Kandhamal district under PMKSY-HKKP during the year 2022-23,Pre-Monsoon,2023-04-07,Civil Works - Others,,BID IDENTIFICATION NO-05/2022-23,2023_CEMIB_85175_6,4254318.0,4254318.0,5005000,
822,Odisha,Repair Renovation and Restoration (RRR) of Lajurimunda MIP in Chakapad Block of Kandhamal district under PMKSY-HKKP during the year 2022-23,Kandhamal,,762001,22.233333333333334,84.26666666666667,CEMinor IrrigationBBSR||SESMIC-BERHAMPUR||EE Kandhamal MI Divn. Phulbani,O/o the S.E. MI Divn. Kandhamal,Repair Renovation and Restoration (RRR) of Lajurimunda MIP in Chakapad Block of Kandhamal district under PMKSY-HKKP during the year 2022-23,Pre-Monsoon,2023-04-07,Civil Works - Others,,BID IDENTIFICATION NO-05/2022-23,2023_CEMIB_85175_7,5428958.0,5428958.0,6387000,
823,Odisha,Repair Renovation and Restoration (RRR) of Tambalamba MIP in K.Nuagaon Block of Kandhamal district under PMKSY-HKKP during the current financial year 2022-23,Kandhamal,,762001,22.233333333333334,84.26666666666667,CEMinor IrrigationBBSR||SESMIC-BERHAMPUR||EE Kandhamal MI Divn. Phulbani,O/o the S.E. MI Divn. Kandhamal,Repair Renovation and Restoration (RRR) of Tambalamba MIP in K.Nuagaon Block of Kandhamal district under PMKSY-HKKP during the current financial year 2022-23,Pre-Monsoon,2023-04-07,Civil Works - Others,,BID IDENTIFICATION NO-05/2022-23,2023_CEMIB_85175_8,4708230.0,4708230.0,5539000,
824,Odisha,Construction of Check Dam over commissioned pipe water supply near village Sainipada in Sainipada GP of K.Nuagaon Block of Kandhamal district under A.D.P Scheme for the year 2022-23,Kandhamal,,762001,22.233333333333334,84.26666666666667,CEMinor IrrigationBBSR||SESMIC-BERHAMPUR||EE Kandhamal MI Divn. Phulbani,O/o the S.E. MI Divn. Kandhamal,Construction of Check Dam over commissioned pipe water supply near village Sainipada in Sainipada GP of K.Nuagaon Block of Kandhamal district under A.D.P Scheme for the year 2022-23,Pre-Monsoon,2023-04-07,Civil Works - Others,,BID IDENTIFICATION NO-05/2022-23,2023_CEMIB_85175_9,4572508.0,4572508.0,5379000,
825,Odisha,Construction of Mundasahi Check Dam over Kelichuan nalla near village Mundasahi in Minir GP of Phulbani Block of Kandhamal District under MATY scheme for 2022-23.,Kandhamal,,762001,22.233333333333334,84.26666666666667,CEMinor IrrigationBBSR||SESMIC-BERHAMPUR||EE Kandhamal MI Divn. Phulbani,O/o the S.E. MI Divn. Kandhamal,Construction of Mundasahi Check Dam over Kelichuan nalla near village Mundasahi in Minir GP of Phulbani Block of Kandhamal District under MATY scheme for 2022-23.,Pre-Monsoon,2023-03-28,Civil Works - Others,,BID IDENTIFICATION NO-07/2022-23,2023_CEMIB_85269_1,6564154.0,6564154.0,7722000,
826,Odisha,Construction of Barebata Check Dam over Kateni nalla near village Barebata in Majhipada GP of Phiringia Block of Kandhamal District under MATY scheme for 2022-23.,Kandhamal,,762001,22.233333333333334,84.26666666666667,CEMinor IrrigationBBSR||SESMIC-BERHAMPUR||EE Kandhamal MI Divn. Phulbani,O/o the S.E. MI Divn. Kandhamal,Construction of Barebata Check Dam over Kateni nalla near village Barebata in Majhipada GP of Phiringia Block of Kandhamal District under MATY scheme for 2022-23.,Pre-Monsoon,2023-03-28,Civil Works - Others,,BID IDENTIFICATION NO-07/2022-23,2023_CEMIB_85269_2,5673993.0,5673993.0,6675000,
827,Odisha,Construction of Sradimunda Check Dam over Kahasradu nalla near village Sradimunda in Palaburudi GP of Phiringia Block of Kandhamal District under MATY scheme for 2022-23.,Kandhamal,,762001,22.233333333333334,84.26666666666667,CEMinor IrrigationBBSR||SESMIC-BERHAMPUR||EE Kandhamal MI Divn. Phulbani,O/o the S.E. MI Divn. Kandhamal,Construction of Sradimunda Check Dam over Kahasradu nalla near village Sradimunda in Palaburudi GP of Phiringia Block of Kandhamal District under MATY scheme for 2022-23.,Pre-Monsoon,2023-03-28,Civil Works - Others,,BID IDENTIFICATION NO-07/2022-23,2023_CEMIB_85269_3,6385885.0,6385885.0,7512000,
828,Odisha,Construction of Salaguda Check Dam over Biherigata nalla near village Salaguda in Salaguda GP of Phiringia Block of Kandhamal District under MATY scheme for 2022-23.,Kandhamal,,762001,22.233333333333334,84.26666666666667,CEMinor IrrigationBBSR||SESMIC-BERHAMPUR||EE Kandhamal MI Divn. Phulbani,O/o the S.E. MI Divn. Kandhamal,Construction of Salaguda Check Dam over Biherigata nalla near village Salaguda in Salaguda GP of Phiringia Block of Kandhamal District under MATY scheme for 2022-23.,Pre-Monsoon,2023-03-28,Civil Works - Others,,BID IDENTIFICATION NO-07/2022-23,2023_CEMIB_85269_4,5168354.0,5168354.0,6080000,
829,Odisha,Construction of Delarpada Check Dam over Local nalla near village Delarpada in Ratanga GP of Phiringia Block of Kandhamal District under MATY scheme for 2022-23.,Kandhamal,,762001,22.233333333333334,84.26666666666667,CEMinor IrrigationBBSR||SESMIC-BERHAMPUR||EE Kandhamal MI Divn. Phulbani,O/o the S.E. MI Divn. Kandhamal,Construction of Delarpada Check Dam over Local nalla near village Delarpada in Ratanga GP of Phiringia Block of Kandhamal District under MATY scheme for 2022-23.,Pre-Monsoon,2023-03-28,Civil Works - Others,,BID IDENTIFICATION NO-07/2022-23,2023_CEMIB_85269_5,6388323.0,6388323.0,7515000,
830,Odisha,Construction of Nedipadar Check Dam over Penkaketa nalla near village Nedipadar in Palaburudi GP of Phiringia Block of Kandhamal District under MATY scheme for 2022-23,Kandhamal,,762001,22.233333333333334,84.26666666666667,CEMinor IrrigationBBSR||SESMIC-BERHAMPUR||EE Kandhamal MI Divn. Phulbani,O/o the S.E. MI Divn. Kandhamal,Construction of Nedipadar Check Dam over Penkaketa nalla near village Nedipadar in Palaburudi GP of Phiringia Block of Kandhamal District under MATY scheme for 2022-23,Pre-Monsoon,2023-03-27,Civil Works - Others,,BID IDENTIFICATION NO-08/2022-23,2023_CEMIB_85270_1,4053216.0,4053216.0,4768000,
831,Odisha,Construction of RCC Hume Pipe drain at Ambadi Basti to drain outlet at Gobari enbankmentDillarpur in Ward No 18,Kendrapada,,754211,20.5,86.46666666666667,Municipal Bodies||Kendrapara Municipality,KENDRAPARA MUNICIPALITY,Construction of RCC Hume Pipe drain at Ambadi Basti to drain outlet at Gobari enbankmentDillarpur in Ward No 18,Monsoon,2022-06-10,Civil Works - Others,,KM_03-2018/19,2018_ORULB_46652_6,1204417.0,1204417.0,1210469,
832,Odisha,Improvement to Saranga Dr.Cut Amirabad Merdha DC Jaisinghpur Mangarajpur DC Chhandamunda Jaripat Drain Nuapada link drain Gangarampur Lokanathpur DC of Gobari drainage system under DoabII,Kendrapada,,754211,20.5,86.46666666666667,CEDrainageCuttack||SEDrainageCuttack,Additional Chief Engineer Drainage Circle Cuttack,Improvement to Saranga Dr.Cut Amirabad Merdha DC Jaisinghpur Mangarajpur DC Chhandamunda Jaripat Drain Nuapada link drain Gangarampur Lokanathpur DC of Gobari drainage system under DoabII,Pre-Monsoon,2022-04-26,Civil Works - Others,,SEDC-CTC / DDKPD -16/2021-22,2021_CEDC_72652_1,26138664.0,26138664.0,30747751,
833,Odisha,Construction of control Sluice cum V R bridge at RD 500 m on Belpal drainage cut outfalling on river Brahmani in Rajnagar block of kendrapara district.,Kendrapada,,754225,20.5,86.46666666666667,CEDrainageCuttack,o/o-the Chief EngineerDrainageCuttack,Construction of Control sluice cum VRB,Post-Monsoon,2023-02-06,Civil Works - Others,,CE-DR-CTC-01/2022-23,2022_CEDC_76817_1,207848063.0,207848063.0,244498368,
834,Odisha,Protection to scoured bank on Chitrotapala right embankment from RD 8.060 Km to 8.250 Km near village Janardanpur for the year 2022-23,Kendrapada,,754021,20.5,86.46666666666667,CE-BMLMB BasinBBSR||SE Eastern CircleCuttack||EE Mahanadi North DivisionJagatpur,O/O THE SUPERINTENDING ENGINEERMND-I,Protection to scoured bank on Chitrotapala right embankment from RD 8.060 Km to 8.250 Km near village Janardanpur for the year 2022-23,Monsoon,2022-07-16,Civil Works - Others,,MND-04/2021-22,2022_CELBB_76452_17,3983394.0,3983394.0,4685794,
835,Odisha,Protection to scoured bank from RD 23.465 Km to 23.570 Km and Construction of spur at RD 23.480 Km on near village Uttarkul of Chitrotpala right for the year 2022-23,Kendrapada,,754021,20.5,86.46666666666667,CE-BMLMB BasinBBSR||SE Eastern CircleCuttack||EE Mahanadi North DivisionJagatpur,O/O THE SUPERINTENDING ENGINEERMND-I,Protection to scoured bank from RD 23.465 Km to 23.570 Km and Construction of spur at RD 23.480 Km on near village Uttarkul of Chitrotpala right for the year 2022-23,Monsoon,2022-07-16,Civil Works - Others,,MND-04/2021-22,2022_CELBB_76452_18,3794800.0,3794800.0,4463945,
836,Odisha,Protection to scoured bank on Nuna Karandia right embankment from RD 9.500 Km to 9.620 Km near village Kulagaon Isalo for the year 2022-23,Kendrapada,,754021,20.5,86.46666666666667,CE-BMLMB BasinBBSR||SE Eastern CircleCuttack||EE Mahanadi North DivisionJagatpur,O/O THE SUPERINTENDING ENGINEERMND-I,Protection to scoured bank on Nuna Karandia right embankment from RD 9.500 Km to 9.620 Km near village Kulagaon Isalo for the year 2022-23,Monsoon,2022-07-16,Civil Works - Others,,MND-04/2021-22,2022_CELBB_76452_19,2835040.0,2835040.0,3334949,
837,Odisha,Protection to scoured bank and Improvement to Mandia Gherry on Chitrotpala left embnakment for the year 2022-23,Kendrapada,,754021,20.5,86.46666666666667,CE-BMLMB BasinBBSR||SE Eastern CircleCuttack||EE Mahanadi North DivisionJagatpur,O/O THE SUPERINTENDING ENGINEERMND-I,Protection to scoured bank and Improvement to Mandia Gherry on Chitrotpala left embnakment for the year 2022-23,Monsoon,2022-07-16,Civil Works - Others,,MND-04/2021-22,2022_CELBB_76452_22,2428423.0,2428423.0,2856632,
838,Odisha,Silt Clearance of Disty No-4 from RD 00 to RD 16.960 Km and Kendrapara Canal from RD 4.780 Km to 11.750 Km for the year 2022-23,Kendrapada,,754021,20.5,86.46666666666667,CE-BMLMB BasinBBSR||SE Eastern CircleCuttack||EE Mahanadi North DivisionJagatpur,O/O THE SUPERINTENDING ENGINEERMND-I,Silt Clearance of Disty No-4 from RD 00 to RD 16.960 Km and Kendrapara Canal from RD 4.780 Km to 11.750 Km for the year 2022-23,Monsoon,2022-07-16,Civil Works - Others,,MND-04/2021-22,2022_CELBB_76452_27,754378.0,754378.0,1390600,
839,Odisha,Repair to Patkura-Garadapur road such as providing and laying SDBC to the extensive damaged portion from ch 2/768km to 4/122km and drain from ch 2/100km to 2/200 km for the year 2022-23,Kendrapada,,754228,20.5,86.46666666666667,EIC-CIVIL||SERNB-CIRCLE-CUTTACK||EERNB-DIVN-KENDRAPADA,S.E KENDRAPARA RNB DIVISION-II KENDRAPARA,ROAD WORK,Monsoon,2022-07-08,Civil Works - Roads,,SE(RnB) KPD-II-03/2022-23,2022_EICCL_78345_1,3517959.0,4138288.0,4138288,
840,Odisha,Construction of Drain from IPICOL Chhak(new Indyustrial Estate Chhak) Culvert to Immanagar Syphone via Khaira Bridge by the side of Kendrapada Canal at Jagatpur in Ward No.49.,Kendrapada,,753012,20.5,86.46666666666667,Municipal Bodies||Cuttack Municipal Corporation,Bikash BhawanJagannath LaneBadambadi-753012,Construction of Drain from IPICOL Chhak(new Indyustrial Estate Chhak) Culvert to Immanagar Syphone via Khaira Bridge by the side of Kendrapada Canal at Jagatpur in Ward No.49.,Pre-Monsoon,2023-04-21,Civil Works - Others,,MC(CMC)CTC_Div-II_No23/2022-23,2022_ORULB_84409_13,3987225.67,3987225.67,4201503,
841,Odisha,Protection to scoured bank on Mahanadi left from RD 9.250km to 9.550km near village Kulasamitanga,Kendrapada,,754021,20.5,86.46666666666667,CE-BMLMB BasinBBSR||SE Eastern CircleCuttack||EE Mahanadi North DivisionJagatpur,O/o the Superintending Engineer MNDJAGATPUR,Protection to scoured bank on Mahanadi left from RD 9.250km to 9.550km near village Kulasamitanga,Pre-Monsoon,2023-04-26,Civil Works - Others,,MND-06 OF 2022-23,2023_CELBB_85686_31,4214447.0,4214447.0,4957590,
842,Odisha,SR Annual Maintenance to Kumuda Kadabahali Road Construction of Protection Work at 1st Km in the district of Keonjhar for 2022 23,Keonjhar,,758020,21.5,85.5,CE RW I||RWCIRCLE-KEONJHAR||RWDIVISION-ANANDAPUR,Salapada Anandapur,SR Annual Maintenance to Kumuda Kadabahali Road Construction of Protection Work at 1st Km in the district of Keonjhar for 2022 23,Post-Monsoon,2022-11-22,Civil Works - Roads,,4158,2022_CERWI_78690_1,758962.0,892792.0,892792,
843,Odisha,SR to Annual Maintenance to NH 215 Marshapal Road Construction of Protection Work from 0.200 Km to 0.300Km in the district of Keonjhar for the year 2022 23,Keonjhar,,758020,21.5,85.5,CE RW I||RWCIRCLE-KEONJHAR||RWDIVISION-ANANDAPUR,Salapada Anandapur,SR to Annual Maintenance to NH 215 Marshapal Road Construction of Protection Work from 0.200 Km to 0.300Km in the district of Keonjhar for the year 2022 23,Post-Monsoon,2022-11-22,Miscellaneous Works,,4158,2022_CERWI_78691_1,455244.0,535518.0,535518,
844,Odisha,SR to Annual maintenance pot Hole Repair and Construction of protection work to Jalananda to Arjunbania road from chainage 0.00 km to 1.150 km for the year 2022 23.,Keonjhar,,758020,21.5,85.5,CE RW I||RWCIRCLE-KEONJHAR||RWDIVISION-ANANDAPUR,Salapada Anandapur,SR to Annual maintenance pot Hole Repair and Construction of protection work to Jalananda to Arjunbania road from chainage 0.00 km to 1.150 km for the year 2022 23.,Post-Monsoon,2022-12-03,Miscellaneous Works,,4158,2022_CERWI_78724_1,531181.0,624845.0,624845,
845,Odisha,SR Annual Maintenance to Anandapur Gayalmunda to Panasdiha Road Boxcell Culvert at Chainage 7th Km in the district of Keonjhar for the year 2022 23.,Keonjhar,,758020,21.5,85.5,CE RW I||RWCIRCLE-KEONJHAR||RWDIVISION-ANANDAPUR,Salapada Anandapur,SR Annual Maintenance to Anandapur Gayalmunda to Panasdiha Road Boxcell Culvert at Chainage 7th Km in the district of Keonjhar for the year 2022 23.,Post-Monsoon,2022-12-03,Miscellaneous Works,,4158,2022_CERWI_78727_1,2277169.0,2678707.0,2678707,
846,Odisha,SR Annual Maintenance to NH 215 Jatrakusuma Road Boxcell Culvert at Chainage 7.000 Km in the district of Keonjhar for 2022 23,Keonjhar,,758020,21.5,85.5,CE RW I||RWCIRCLE-KEONJHAR||RWDIVISION-ANANDAPUR,Salapada Anandapur,SR Annual Maintenance to NH 215 Jatrakusuma Road Boxcell Culvert at Chainage 7.000 Km in the district of Keonjhar for 2022 23,Post-Monsoon,2022-12-03,Miscellaneous Works,,4158,2022_CERWI_78735_1,1897544.0,2232142.0,2232142,
847,Odisha,S R to Naranpur Sankarpur Bauripada Road from ch 19 192 km to 19 692 km and Construction of culvert at ch 19 300 km for the year 2022 23,Keonjhar,,758001,21.5,85.5,CE RW I||RWCIRCLE-KEONJHAR||RWDIVISION-KEONJHAR,Kendujhar,S R to Naranpur Sankarpur Bauripada Road from ch 19 192 km to 19 692 km and Construction of culvert at ch 19 300 km for the year 2022 23,Post-Monsoon,2022-11-21,Civil Works - Roads,,01 2022 23,2022_CERWI_78752_1,1897599.0,2232206.0,2232206,
848,Odisha,S R to PWD road to Kumudabahal road such as New culvert at 0 700 km 1x900 mm Damaged maintenance of boxcell at ch 2 800 and 4 500 km 0 700 km for the year 2022 23,Keonjhar,,758001,21.5,85.5,CE RW I||RWCIRCLE-KEONJHAR||RWDIVISION-KEONJHAR,R.W DIVISION-I KEONJHAR,S R to PWD road to Kumudabahal road such as New culvert at 0 700 km 1x900 mm Damaged maintenance of boxcell at ch 2 800 and 4 500 km 0 700 km for the year 2022 23,Post-Monsoon,2022-10-17,Civil Works - Roads,,01 2022 23,2022_CERWI_78783_1,676795.0,796135.0,796135,
849,Odisha,Construction of Road and Drain from Kundan Sahu house to Main road Sedding hutting Ward No.4,Keonjhar,,758035,21.5,85.5,Municipal Bodies||Barbil Municipality,Barbil Municipality Office,Construction of Road and Drain from Kundan Sahu house to Main road Sedding hutting Ward No.4,Monsoon,2022-09-14,Civil Works - Roads,,BBLM-2/2022-23,2022_ORULB_79787_16,401984.8,448304.0,392000,
850,Odisha,Construction of Drain from Bai hutting towards K. P. Singh house near Football field Nalda Ward No.1,Keonjhar,,758035,21.5,85.5,Municipal Bodies||Barbil Municipality,Barbil Municipality Office,Construction of Drain from Bai hutting towards K. P. Singh house near Football field Nalda Ward No.1,Monsoon,2022-09-22,Civil Works - Others,,BBLM-2/2022-23,2022_ORULB_79787_2,511041.81,572367.0,500000,
851,Odisha,Construction of Road and Drain at Souri hutting Ward No.6,Keonjhar,,758035,21.5,85.5,Municipal Bodies||Barbil Municipality,Barbil Municipality Office,Construction of Road and Drain at Souri hutting Ward No.6,Monsoon,2022-09-15,Civil Works - Roads,,BBLM-2/2022-23,2022_ORULB_79787_25,298245.27,332611.0,291000,
852,Odisha,Construction of Drain from Mahanta Basti Jahira to Basti road Ward No.7,Keonjhar,,758035,21.5,85.5,Municipal Bodies||Barbil Municipality,Barbil Municipality Office,Construction of Drain from Mahanta Basti Jahira to Basti road Ward No.7,Monsoon,2022-09-21,Civil Works - Others,,BBLM-2/2022-23,2022_ORULB_79787_26,512335.62,572067.0,500000,
853,Odisha,Construction of Road and Drain from Basti tala dam road to Mr. Kadir house Ward No.7,Keonjhar,,758035,21.5,85.5,Municipal Bodies||Barbil Municipality,Barbil Municipality Office,Construction of Road and Drain from Basti tala dam road to Mr. Kadir house Ward No.7,Monsoon,2022-09-22,Civil Works - Others,,BBLM-2/2022-23,2022_ORULB_79787_27,438808.82,491466.0,431200,
854,Odisha,Construction of drain from Sri Sudhir Mahanta house to existing drain Santabahal Ward No.8,Keonjhar,,758035,21.5,85.5,Municipal Bodies||Barbil Municipality,Barbil Municipality Office,Construction of drain from Sri Sudhir Mahanta house to existing drain Santabahal Ward No.8,Monsoon,2022-09-08,Civil Works - Others,,BBLM-2/2022-23,2022_ORULB_79787_28,495515.22,554977.0,487000,
855,Odisha,Construction of Drain from Samal sahi to PHD School Ward No.8,Keonjhar,,758035,21.5,85.5,Municipal Bodies||Barbil Municipality,Barbil Municipality Office,Construction of Drain from Samal sahi to PHD School Ward No.8,Monsoon,2022-09-20,Civil Works - Others,,BBLM-2/2022-23,2022_ORULB_79787_30,508933.93,570006.0,500000,
856,Odisha,Repair of Drain and laying of cover slab over Drain by the side of Municipality office and NAC hutting Ward No.9,Keonjhar,,758035,21.5,85.5,Municipal Bodies||Barbil Municipality,Barbil Municipality Office,Repair of Drain and laying of cover slab over Drain by the side of Municipality office and NAC hutting Ward No.9,Monsoon,2022-09-15,Civil Works - Others,,BBLM-2/2022-23,2022_ORULB_79787_33,383526.11,429549.0,387000,
857,Odisha,Repair of Drain and laying of cover slab over Drain from Pano house to Aftab house New Market Ward No.9,Keonjhar,,758035,21.5,85.5,Municipal Bodies||Barbil Municipality,Barbil Municipality Office,Repair of Drain and laying of cover slab over Drain from Pano house to Aftab house New Market Ward No.9,Monsoon,2022-09-20,Civil Works - Others,,BBLM-2/2022-23,2022_ORULB_79787_34,797767.92,893500.0,784000,
858,Odisha,Construction of Drain from Anganwadi Centre to Suru Bag house near Gour garage Ward No.9,Keonjhar,,758035,21.5,85.5,Municipal Bodies||Barbil Municipality,Barbil Municipality Office,Construction of Drain from Anganwadi Centre to Suru Bag house near Gour garage Ward No.9,Monsoon,2022-09-14,Civil Works - Others,,BBLM-2/2022-23,2022_ORULB_79787_35,504500.27,565040.0,500000,
859,Odisha,Construction of Drain from Rosalin Lakra house towards Bina Thakker house Baghiaburu Ward No.9,Keonjhar,,758035,21.5,85.5,Municipal Bodies||Barbil Municipality,Barbil Municipality Office,Construction of Drain from Rosalin Lakra house towards Bina Thakker house Baghiaburu Ward No.9,Monsoon,2022-09-21,Civil Works - Others,,BBLM-2/2022-23,2022_ORULB_79787_36,510381.29,571627.0,500000,
860,Odisha,Construction of Road and Drain near Veterinary hospital Ward No.11,Keonjhar,,758035,21.5,85.5,Municipal Bodies||Barbil Municipality,Barbil Municipality Office,Construction of Road and Drain near Veterinary hospital Ward No.11,Monsoon,2022-09-22,Civil Works - Others,,BBLM-2/2022-23,2022_ORULB_79787_37,513113.72,572238.0,500000,
861,Odisha,Renovation of open well of Sundara Nallah at Gada hutting Ward No.10,Keonjhar,,758035,21.5,85.5,Municipal Bodies||Barbil Municipality,Barbil Municipality Office,Renovation of open well of Sundara Nallah at Gada hutting Ward No.10,Monsoon,2022-09-15,Civil Works - Others,,BBLM-2/2022-23,2022_ORULB_79787_40,251353.08,280584.0,245100,
862,Odisha,Repair of Drain from Anita Patra house to Suren Kerai house Gada hutting Ward No.10,Keonjhar,,758035,21.5,85.5,Municipal Bodies||Barbil Municipality,Barbil Municipality Office,Repair of Drain from Anita Patra house to Suren Kerai house Gada hutting Ward No.10,Monsoon,2022-09-21,Civil Works - Others,,BBLM-2/2022-23,2022_ORULB_79787_41,512572.54,571635.0,500000,
863,Odisha,Repair of Drain and laying of cover slab over Drain from OMC chhack towards Karrow river Ward No.11,Keonjhar,,758035,21.5,85.5,Municipal Bodies||Barbil Municipality,Barbil Municipality Office,Repair of Drain and laying of cover slab over Drain from OMC chhack towards Karrow river Ward No.11,Monsoon,2022-09-08,Civil Works - Others,,BBLM-2/2022-23,2022_ORULB_79787_44,2070686.94,2319169.0,2026000,
864,Odisha,Repair of Drain and laying of cover slab over Drain from OMC chack towards Karrow river Ward No.12,Keonjhar,,758035,21.5,85.5,Municipal Bodies||Barbil Municipality,Barbil Municipality Office,Repair of Drain and laying of cover slab over Drain from OMC chack towards Karrow river Ward No.12,Monsoon,2022-09-21,Civil Works - Others,,BBLM-2/2022-23,2022_ORULB_79787_45,2079548.4,2319169.0,2026000,
865,Odisha,Repair of Drain and laying of cover slab over Drain at Champua basti Ward No.13,Keonjhar,,758035,21.5,85.5,Municipal Bodies||Barbil Municipality,Barbil Municipality Office,Repair of Drain and laying of cover slab over Drain at Champua basti Ward No.13,Monsoon,2022-09-21,Civil Works - Roads,,BBLM-2/2022-23,2022_ORULB_79787_50,498870.73,556354.0,486000,
866,Odisha,Construction of Road and Drain from Baidhar Das house to Nane Singh house Sadhusingh hutting Ward No.15,Keonjhar,,758035,21.5,85.5,Municipal Bodies||Barbil Municipality,Barbil Municipality Office,Construction of Road and Drain from Baidhar Das house to Nane Singh house Sadhusingh hutting Ward No.15,Monsoon,2022-09-20,Civil Works - Others,,BBLM-2/2022-23,2022_ORULB_79787_52,510724.5,572011.0,500000,
867,Odisha,Construction of Drain from Muna Mohanty house to Lalit Mahanta house Sadhusingh hutting Ward No.15,Keonjhar,,758035,21.5,85.5,Municipal Bodies||Barbil Municipality,Barbil Municipality Office,Construction of Drain from Muna Mohanty house to Lalit Mahanta house Sadhusingh hutting Ward No.15,Monsoon,2022-09-20,Civil Works - Roads,,BBLM-2/2022-23,2022_ORULB_79787_53,511037.52,577948.0,500000,
868,Odisha,Construction of Culvert near Papu Karua house on the Damu hutting-Jagada Sahi Road Ward No.15,Keonjhar,,758035,21.5,85.5,Municipal Bodies||Barbil Municipality,Barbil Municipality Office,Construction of Culvert near Papu Karua house on the Damu hutting-Jagada Sahi Road Ward No.15,Monsoon,2022-09-15,Civil Works - Others,,BBLM-2/2022-23,2022_ORULB_79787_55,287407.17,320366.0,280000,
869,Odisha,Construction of road and drain from Babulu Bodha shop to main road (Pradhan babu gali) near Pratik hotel Ward No.5,Keonjhar,,758035,21.5,85.5,Municipal Bodies||Barbil Municipality,Barbil Municipality Office,Construction of road and drain from Babulu Bodha shop to main road (Pradhan babu gali) near Pratik hotel Ward No.5,Monsoon,2022-09-14,Civil Works - Roads,,BBLM-2/2022-23,2022_ORULB_79787_58,313478.48,351096.0,311000,
870,Odisha,Repair of existing drain laying of cover slab and extension of drain from Kara School to Kara basti Ward No.2,Keonjhar,,758035,21.5,85.5,Municipal Bodies||Barbil Municipality,Barbil Municipality Office,Repair of existing drain laying of cover slab and extension of drain from Kara School to Kara basti Ward No.2,Monsoon,2022-09-22,Civil Works - Others,,BBLM-2/2022-23,2022_ORULB_79787_9,1368499.39,1526719.0,1333400,
871,Odisha,Construction of drain from Rosalin Lakra house towards Bina Thakkar house Baghiaburu Ward No.9 (Balance work),Keonjhar,,758035,21.5,85.5,Municipal Bodies||Barbil Municipality,Barbil Municipality office,Construction of drain from Rosalin Lakra house towards Bina Thakkar house Baghiaburu Ward No.9 (Balance work),Post-Monsoon,2023-02-17,Civil Works - Others,,BBLM-4/2022-23,2022_ORULB_82612_18,483145.85,483145.85,498000,
872,Odisha,Construction of drain from Samal sahi to PHD School Ward No.8 (Balance work),Keonjhar,,758035,21.5,85.5,Municipal Bodies||Barbil Municipality,Barbil Municipality office,Construction of drain from Samal sahi to PHD School Ward No.8 (Balance work),Post-Monsoon,2023-02-17,Civil Works - Others,,BBLM-4/2022-23,2022_ORULB_82612_19,486886.82,486886.82,500000,
873,Odisha,Improvement of road and drain from back side of SBI to Basti road Ward No.6,Keonjhar,,758035,21.5,85.5,Municipal Bodies||Barbil Municipality,Barbil Municipality Office,Improvement of road and drain from back side of SBI to Basti road Ward No.6,Post-Monsoon,2023-02-17,Civil Works - Others,,BBLM-4/2022-23,2022_ORULB_82612_25,486102.79,486102.79,499000,
874,Odisha,Construction of road and drain at Punjabi pada end Ward No.7,Keonjhar,,758035,21.5,85.5,Municipal Bodies||Barbil Municipality,Barbil Municipality Office,Construction of road and drain at Punjabi pada end Ward No.7,Post-Monsoon,2023-02-17,Civil Works - Others,,BBLM-4/2022-23,2022_ORULB_82612_26,484759.12,484759.12,500000,
875,Odisha,Construction of drain from Mahanta bsti Jahira to Basti road Ward No.7 (Balance work),Keonjhar,,758035,21.5,85.5,Municipal Bodies||Barbil Municipality,Barbil Municipality office,Construction of drain from Mahanta bsti Jahira to Basti road Ward No.7 (Balance work),Post-Monsoon,2023-02-20,Civil Works - Roads,,BBLM-4/2022-23,2022_ORULB_82612_27,485154.1,485154.1,500000,
876,Odisha,Construction of protection wall in West side of Poura Bhawan Ward No.15 (Balance work),Keonjhar,,758035,21.5,85.5,Municipal Bodies||Barbil Municipality,Barbil Municipality Office,Construction of protection wall in West side of Poura Bhawan Ward No.15 (Balance work),Post-Monsoon,2023-02-06,Civil Works - Others,,BBLM-4/2022-23,2022_ORULB_82612_38,486809.64,567492.0,499600,
877,Odisha,Improvement to Podasimila MIP in Jhumpura Block of Keonjhar District under Repair Renovation and Restoration (RR and R) Scheme for the year 2022-2023.,Keonjhar,,758001,21.5,85.5,CEMinor IrrigationBBSR||SEEastern Minor Irr.CircleKeonjhar||EE M.I. Division Keonjhar,O/o the SE M.I. Division Keonjhar,MIP,Pre-Monsoon,2023-03-21,Civil Works - Others,,Bid ID No. 08 SEMID (KJR/ 2022-2023) Dt. 09.01.20,2023_CEMIB_85419_1,4768208.08,4768208.08,5609000,
878,Odisha,Improvement to Dhatika MIP in Keonjhar Block of Keonjhar District under Repair Renovation and Restoration (RR and R) Scheme for the year 2022-2023.,Keonjhar,,758001,21.5,85.5,CEMinor IrrigationBBSR||SEEastern Minor Irr.CircleKeonjhar||EE M.I. Division Keonjhar,O/o the SE M.I. Division Keonjhar,MIP,Pre-Monsoon,2023-03-21,Civil Works - Others,,Bid ID No. 08 SEMID (KJR/ 2022-2023) Dt. 09.01.20,2023_CEMIB_85419_2,4553245.56,4553245.56,5357000,
879,Odisha,Construction of road and drain from Bula Behera house to R.K. Pattanaik house at Ghasi sahi in W. No.-12,Khurdha,,752055,20.183333333333334,85.66666666666667,Municipal Bodies||Khordha Municipality,EO Chamber,Construction of road and drain from Bula Behera house to R.K. Pattanaik house at Ghasi sahi in W. No.-12,Monsoon,2022-08-03,Civil Works - Others,,KMPLTY/06/2021-22,2021_ORULB_73154_19,588256.0,588256.0,691985,
880,Odisha,Construction of US protection wall in leading channel and guard wall DS of Nandunalla MIP (Head work ) in Tangi Block of Khordha District under Critical Grant 2022-23.,Khurdha,,752056,20.183333333333334,85.66666666666667,CEMinor IrrigationBBSR||SECMIC-BHUBANESWAR||KHURDA,EE MI Division Khordha,Construction of US protection wall in leading channel and guard wall DS of Nandunalla MIP (Head work ) in Tangi Block of Khordha District under Critical Grant 2022-23.,Pre-Monsoon,2022-05-17,Civil Works - Others,,EE MID KHD 07 /2021-22,2022_CEMIB_76407_9,1136111.0,1336444.08,1336000,
881,Odisha,Construction of 20 nos recharge shafts in TanksPonds in Bolagarh Block of Khurdha District,Khurdha,,752066,20.183333333333334,85.66666666666667,Ground Water Survey and Investigation,BHUBANESWAR,Construction of 20 nos recharge shafts in Tanks Ponds in Bolagarh Block of Khurdha District,Post-Monsoon,2022-12-03,Civil Works - Others,,01/GWHPD/ARUA/2022-23,2022_GWSI_82167_1,4826972.0,4826972.0,4428000,
882,Odisha,Construction Of 20 Nos Recharge Shafts in Tanks Ponds in Bhubaneswar Block Of Khurdha District,Khurdha,,751012,20.183333333333334,85.66666666666667,Ground Water Survey and Investigation,BHUBANESWAR,Construction Of 20 Nos Recharge Shafts in Tanks Ponds in Bhubaneswar Block Of Khurdha District,Post-Monsoon,2023-01-30,Civil Works - Others,,02/GWHPD/ARUA/2022-23,2022_GWSI_82224_1,3867195.0,3867195.0,3946000,
883,Odisha,Construction Of 8 Nos Recharge Shafts in Tanks or Ponds in Nayagarh Block Of Nayagarh District,Khurdha,,751001,20.183333333333334,85.66666666666667,Ground Water Survey and Investigation,BHUBANESWAR,Construction Of 8 Nos Recharge Shafts in Tanks or Ponds in Nayagarh Block Of Nayagarh District,Post-Monsoon,2022-12-01,Civil Works - Others,,01/GWRSD/ARUA/2022-23,2022_GWSI_82773_1,1714888.0,1714888.0,1573000,
884,Odisha,Construction Of 20 Nos Recharge Shafts in Tanks Ponds in Bolagarh Block Of Khurdha District,Khurdha,,751012,20.183333333333334,85.66666666666667,Ground Water Survey and Investigation,BHUBANESWAR,Construction Of 20 Nos Recharge Shafts in Tanks Ponds in Bolagarh Block Of Khurdha District,Post-Monsoon,2023-01-21,Civil Works - Others,,03/GWHPD/ARUA/2022-23,2022_GWSI_82893_1,4815910.0,4815910.0,4428000,
885,Odisha,Construction Of 7 Nos Recharge Shafts in Tanks or Ponds in Kakatpur Block Of Puri District,Khurdha,,751001,20.183333333333334,85.66666666666667,Ground Water Survey and Investigation,BHUBANESWAR,Construction Of 7 Nos Recharge Shafts in Tanks or Ponds in Kakatpur Block Of Puri District,Post-Monsoon,2022-12-13,Civil Works - Others,,02/GWRSD/ARUA/2022-23,2022_GWSI_82894_1,1265056.0,1265056.0,1280000,
886,Odisha,Improvement to road and drain from Bhagabata Ghara to Mangala Temple in Ward No.-04,Khurdha,,752055,20.183333333333334,85.66666666666667,Municipal Bodies||Khordha Municipality,EO Chamber,Improvement to road and drain from Bhagabata Ghara to Mangala Temple in Ward No.-04,Monsoon,2022-08-02,Civil Works - Others,,KMPLTY/07/2021-22,2022_ORULB_75418_1,853965.0,853965.0,1004546,
887,Odisha,Improvement to road and drain from Bhabaani Young Club to Mangala Temple in W. No.-07,Khurdha,,752055,20.183333333333334,85.66666666666667,Municipal Bodies||Khordha Municipality,EO Chamber,Improvement to road and drain from Bhabaani Young Club to Mangala Temple in W. No.-07,Monsoon,2022-08-03,Civil Works - Others,,KMPLTY/07/2021-22,2022_ORULB_75418_2,630041.0,630041.0,741137,
888,Odisha,Construction of road and drain Gaya Prasad house in W. No.-09,Khurdha,,752055,20.183333333333334,85.66666666666667,Municipal Bodies||Khordha Municipality,EO Chamber,Construction of road and drain Gaya Prasad house in W. No.-09,Monsoon,2022-08-02,Civil Works - Others,,KMPLTY/07/2021-22,2022_ORULB_75418_5,702157.0,702157.0,825970,
889,Odisha,Construction of road and drain at Police Colony at Sundara Sahi in W. No.-10,Khurdha,,752055,20.183333333333334,85.66666666666667,Municipal Bodies||Khordha Municipality,EO Chamber,Construction of road and drain at Police Colony at Sundara Sahi in W. No.-10,Monsoon,2022-08-03,Civil Works - Others,,KMPLTY/07/2021-22,2022_ORULB_75418_6,740085.0,740085.0,870586,
890,Odisha,Construction of CC drain and internal CC road at Badaramachandrapur RR colony of Deo Irrigation Project.,khurdha,,757037,20.183333333333334,85.66666666666667,CCE Deo Irr Project Karanjia||CCE Deo Irr Project Karanjia||E.E Deo Head Works Divn Karanjia,O/o the SE DHWDKaranjia,Construction of CC drain and internal CC road at Badaramachandrapur RR colony of Deo Irrigation Project.,Post-Monsoon,2023-02-17,Civil Works - Roads,,04(3)/SEDHWD OF 2022-23,2023_CCEDI_85059_1,5177906.0,5176906.0,6090937,
891,Odisha,(11) Restoration to Puri Main Canal Right Embankment from RD 22.70 KM to RD 24.400 KM,khurdha,,751012,20.183333333333334,85.66666666666667,CE-BMLMB BasinBBSR||SE Central Irr.Circle BBSR||EEPrachi DivisionBhubaneswar,S.E Prachi Division BBSR,Restoration to Puri Main Canal Right Embankment from RD 22.70 KM to RD 24.400 KM,Pre-Monsoon,2023-03-04,Civil Works - Others,,e-Procurement Notice No.SEPRD-23/2022-23,2023_CELBB_85168_11,222446.0,222446.0,261671,
892,Odisha,(13) Restoration to Gop Branch Canal from RD 17.700 Km. to 17.789 Km.,khurdha,,751012,20.183333333333334,85.66666666666667,CE-BMLMB BasinBBSR||SE Central Irr.Circle BBSR||EEPrachi DivisionBhubaneswar,S.E Prachi Division BBSR,Restoration to Gop Branch Canal from RD 17.700 Km. to 17.789 Km.,Pre-Monsoon,2023-03-04,Civil Works - Others,,e-Procurement Notice No.SEPRD-23/2022-23,2023_CELBB_85168_13,1079987.0,1079987.0,1270423,
893,Odisha,(19) Restoration to OAE around Sithalo from RD 10.30 to 13.00 Km.,khurdha,,751012,20.183333333333334,85.66666666666667,CE-BMLMB BasinBBSR||SE Central Irr.Circle BBSR||EEPrachi DivisionBhubaneswar,S.E Prachi Division BBSR,Restoration to OAE around Sithalo from RD 10.30 to 13.00 Km.,Pre-Monsoon,2023-03-04,Civil Works - Others,,e-Procurement Notice No.SEPRD-23/2022-23,2023_CELBB_85168_19,384205.0,384205.0,451953,
894,Odisha,(22) Restoration to Right afflux bandha of Mundali weir from RD 00 to 2.50 Km,khurdha,,751012,20.183333333333334,85.66666666666667,CE-BMLMB BasinBBSR||SE Central Irr.Circle BBSR||EEPrachi DivisionBhubaneswar,S.E Prachi Division BBSR,Restoration to Right afflux bandha of Mundali weir from RD 00 to 2.50 Km,Pre-Monsoon,2023-03-04,Civil Works - Others,,e-Procurement Notice No.SEPRD-23/2022-23,2023_CELBB_85168_22,353703.0,353703.0,416072,
895,Odisha,(25) Restoration to Dhawa Rokat Distributary at RD 4.85 Km. and at RD 4.900 Km. near village Rokat and at RD 1775 mtr. (village Singara),khurdha,,751012,20.183333333333334,85.66666666666667,CE-BMLMB BasinBBSR||SE Central Irr.Circle BBSR||EEPrachi DivisionBhubaneswar,S.E Prachi Division BBSR,Restoration to Dhawa Rokat Distributary at RD 4.85 Km. and at RD 4.900 Km. near village Rokat and at RD 1775 mtr. (village Singara),Pre-Monsoon,2023-03-04,Civil Works - Others,,e-Procurement Notice No.SEPRD-23/2022-23,2023_CELBB_85168_25,719835.0,719835.0,846766,
896,Odisha,(26) Restoration to Kuakhai left embankment from RD. 3.50 to RD. 5.50 Km,khurdha,,751012,20.183333333333334,85.66666666666667,CE-BMLMB BasinBBSR||SE Central Irr.Circle BBSR||EEPrachi DivisionBhubaneswar,S.E Prachi Division BBSR,Restoration to Kuakhai left embankment from RD. 3.50 to RD. 5.50 Km,Pre-Monsoon,2023-03-04,Civil Works - Others,,e-Procurement Notice No.SEPRD-23/2022-23,2023_CELBB_85168_26,283864.0,283864.0,333919,
897,Odisha,(27) Restoration to KSDR Embankment from RD 2.500 Km. to RD 5.400 Km.,khurdha,,751012,20.183333333333334,85.66666666666667,CE-BMLMB BasinBBSR||SE Central Irr.Circle BBSR||EEPrachi DivisionBhubaneswar,S.E Prachi Division BBSR,Restoration to KSDR Embankment from RD 2.500 Km. to RD 5.400 Km.,Pre-Monsoon,2023-03-04,Civil Works - Others,,e-Procurement Notice No.SEPRD-23/2022-23,2023_CELBB_85168_27,412031.0,412031.0,484686,
898,Odisha,(28) Restoration to KSDR embankment from RD. 18.40 to RD. 21.00 Km,khurdha,,751012,20.183333333333334,85.66666666666667,CE-BMLMB BasinBBSR||SE Central Irr.Circle BBSR||EEPrachi DivisionBhubaneswar,S.E Prachi Division BBSR,Restoration to KSDR embankment from RD. 18.40 to RD. 21.00 Km,Pre-Monsoon,2023-03-04,Civil Works - Others,,e-Procurement Notice No.SEPRD-23/2022-23,2023_CELBB_85168_28,369343.0,369343.0,434470,
899,Odisha,(34) Restoration to Rahura Minor from RD 2.50 Km. to 3.22 Km. with construction of guard wall,khurdha,,751012,20.183333333333334,85.66666666666667,CE-BMLMB BasinBBSR||SE Central Irr.Circle BBSR||EEPrachi DivisionBhubaneswar,S.E Prachi Division BBSR,Restoration to Rahura Minor from RD 2.50 Km. to 3.22 Km. with construction of guard wall,Pre-Monsoon,2023-03-04,Civil Works - Others,,e-Procurement Notice No.SEPRD-23/2022-23,2023_CELBB_85168_34,656524.0,656524.0,772291,
900,Odisha,(35) Restoration to Sainso Minor from RD 30m. to RD 120m.,khurdha,,751012,20.183333333333334,85.66666666666667,CE-BMLMB BasinBBSR||SE Central Irr.Circle BBSR||EEPrachi DivisionBhubaneswar,S.E Prachi Division BBSR,Restoration to Sainso Minor from RD 30m. to RD 120m.,Pre-Monsoon,2023-03-04,Civil Works - Others,,e-Procurement Notice No.SEPRD-23/2022-23,2023_CELBB_85168_35,738696.0,738696.0,868951,
901,Odisha,Installation of Recharge Shafts and Monitoring Station at 06 Locations under BhubaneswarBlock of Khurdha District,Khurdha,,751012,20.183333333333334,85.66666666666667,Ground Water Survey and Investigation,BHUBANESWAR,Installation of Recharge Shafts and Monitoring Station at 06 Locations under BhubaneswarBlock of Khurdha District,Post-Monsoon,2023-02-23,Civil Works - Others,,05/GWDHPD/ARUA/BBSR/2022-23,2023_GWSI_85619_1,1074608.0,1074608.0,1264096,
902,Odisha,Installation of Recharge Shafts and Monitoring Station at 08 Locations under BolagarhBlock of Khurdha District,Khurdha,,751012,20.183333333333334,85.66666666666667,Ground Water Survey and Investigation,BHUBANESWAR,Installation of Recharge Shafts and Monitoring Station at 08 Locations under BolagarhBlock of Khurdha District,Post-Monsoon,2023-02-23,Civil Works - Others,,06/GWDHPD/ARUA/BBSR/2022-23,2023_GWSI_85622_1,1505839.0,1505839.0,1771367,
903,Odisha,Installation of Recharge Shafts and Monitoring Station at 08 Locations under KhurdhaBlock of Khurdha District,Khurdha,,751012,20.183333333333334,85.66666666666667,Ground Water Survey and Investigation,BHUBANESWAR,Installation of Recharge Shafts and Monitoring Station at 08 Locations under KhurdhaBlock of Khurdha District,Post-Monsoon,2023-02-23,Civil Works - Others,,07/GWDHPD/ARUA/BBSR/2022-23,2023_GWSI_85623_1,1505839.0,1505839.0,1771367,
904,Odisha,Construction of 2nd Bridge over Dharamghat Nallah on Badabeta to Handikhal road in the district of Koraput under BSY,koraput,,764043,18.866666666666667,82.63333333333334,CE RW I||RWCIRCLE-SUNABEDA,Rural Works Circle Suabeda,Construction of 2nd Bridge over Dharamghat Nallah on Badabeta to Handikhal road in the district of Koraput under BSY,Post-Monsoon,2023-01-05,Civil Works - Bridges,,CCERWCSBD-Online-17/2021-22 B,2021_CERWI_73327_4,58544185.73,63120415.88,63120416,
905,Odisha,S/R such as providing interlocking Cement Concrete pave block from 175/466Km to 175/900Km and Construction of RCC Drain from 175/430Km to 175/530Km of Vizag -Jeypore Road (SH) (Lamtaput Town Portion) during the year 2021-22,Koraput,,765013,18.866666666666667,82.63333333333334,EIC-CIVIL||SERNB-CIRCLE-JEYPORE||EERNB-DIVN-JEYPORE,O/O the S.E Jeypore (R and B) Division.,CIVIL,Monsoon,2022-06-24,Civil Works - Roads,,SE RANDB 05/2021-22,2021_EICCL_73241_2,5693961.0,5693961.0,6698000,
906,Odisha,Renovation to CD and drain at entrance of Gallery road of Upper Kolab Dam at Kolabnagar,Koraput,,764011,18.866666666666667,82.63333333333334,CCEUpper Kolab ProjectJeypore||CCEUpper Kolab Project Bariniput||EE  Upper Kolab Headworks DivisionKolabnagar,Office of the SE UKHW DIVN KolabnagarKoraput,Dam renovation work,Post-Monsoon,2022-11-05,Civil Works - Canal,,SE-UKHWD-05 /2021-22 (SL.No. 01) ),2022_CCEJE_76489_1,606260.86,713164.17,713164,
907,Odisha,Renovation of CD No2 at RD 0.390km and protection to scoured bank and strengthening of both bank from RD 0.600km to 0.750km of Kandiput Sub-Minor(L) including repair of CD No-3 at RD 0.675km and CD No-1 at RD 0.090km.,Koraput,,764056,18.866666666666667,82.63333333333334,CCEUpper Kolab ProjectJeypore||CCEUpper Kolab Project Bariniput||EE Upper Kolab Irrigation Divn IV Boriguma,Office of the SE UKIDIVN BorigummaDist-Koraput.,Canal structural works.,Post-Monsoon,2022-11-28,Civil Works - Canal,,SEUKID 01 /2022-23 (SL 1),2022_CCEJE_82156_1,601809.0,707928.0,707928,
908,Odisha,Renovation of fall No-1 at RD 4.380km and fall No-2 at RD 4.480km and protection to scoured bank including outlet repair and desilting of Dharanahandi Disty.,Koraput,,764056,18.866666666666667,82.63333333333334,CCEUpper Kolab ProjectJeypore||CCEUpper Kolab Project Bariniput||EE Upper Kolab Irrigation Divn IV Boriguma,Office of the SE UKIDIVN BorigummaDist-Koraput.,Canal Structural works,Post-Monsoon,2022-11-28,Civil Works - Canal,,SEUKID 01 /2022-23 (SL 2),2022_CCEJE_82158_1,564164.0,663644.0,663644,
909,Odisha,Repair of CD No-3 and CD No-4 including outlet repair and protection to scoured bank of Kupia minor.,Koraput,,764056,18.866666666666667,82.63333333333334,CCEUpper Kolab ProjectJeypore||CCEUpper Kolab Project Bariniput||EE Upper Kolab Irrigation Divn IV Boriguma,Office of the SE UKIDIVN BorigummaDist-Koraput.,Canal Structural works,Post-Monsoon,2022-11-28,Civil Works - Canal,,SEUKID 01 /2022-23 (SL 3),2022_CCEJE_82161_1,740823.0,871454.0,871454,
910,Odisha,Renovation of CD No-3 at RD 1.715 km and protection to scoured bank of Miriguda S/M including outlet repair.,Koraput,,764056,18.866666666666667,82.63333333333334,CCEUpper Kolab ProjectJeypore||CCEUpper Kolab Project Bariniput||EE Upper Kolab Irrigation Divn IV Boriguma,Office of the SE UKIDIVN BorigummaDist-Koraput.,Canal Structural work,Post-Monsoon,2022-12-03,Civil Works - Canal,,SEUKID 01 /2022-23 (SL 4),2022_CCEJE_82162_1,716155.0,842437.0,842437,
911,Odisha,Construction of Protection wall on both banks near CD No 1 from RD 0.500 km to 0.840 km of Kusumi Sub Minor II.,Koraput,,764056,18.866666666666667,82.63333333333334,CCEUpper Kolab ProjectJeypore||CCEUpper Kolab Project Bariniput||EE Upper Kolab Irrigation Divn IV Boriguma,Office of the SE UKIDIVN BorigummaDist-Koraput.,Canal Structural work,Post-Monsoon,2022-11-28,Civil Works - Canal,,SEUKID 01/2022-23 (SL 5),2022_CCEJE_82163_1,601722.0,707825.0,707825,
912,Odisha,Raising  strengtening of both bank and construction of protection wall of Chitagaon minor from RD 2.500 km to 3.200 km.,Koraput,,764056,18.866666666666667,82.63333333333334,CCEUpper Kolab ProjectJeypore||CCEUpper Kolab Project Bariniput||EE Upper Kolab Irrigation Divn IV Boriguma,Office of the SE UKIDIVN BorigummaDist-Koraput.,Canal Structural work,Post-Monsoon,2022-11-28,Civil Works - Canal,,SEUKID 01/2022-23 (SL 8),2022_CCEJE_82175_1,529066.0,622357.0,622357,
913,Odisha,Raising  strengtening and construction of protection wall of Sankarda Disty from RD 13.000 km to 15.000 km(working RD 13.100 km to RD 13.267 km).,Koraput,,764056,18.866666666666667,82.63333333333334,CCEUpper Kolab ProjectJeypore||CCEUpper Kolab Project Bariniput||EE Upper Kolab Irrigation Divn IV Boriguma,Office of the SE UKIDIVN BorigummaDist-Koraput,Canal Structural work,Post-Monsoon,2022-11-28,Civil Works - Canal,,SEUKID 01/2022-23 (SL 9),2022_CCEJE_82176_1,603620.0,710058.0,710058,
914,Odisha,Protection to left bank of Khadapa Minor from RD 100 to 130m including raising and strengthening from fall No 3 at RD 313m to 600m .,Koraput,,764056,18.866666666666667,82.63333333333334,CCEUpper Kolab ProjectJeypore||CCEUpper Kolab Project Bariniput||EE Upper Kolab Irrigation Divn IV Boriguma,Office of the SE UKIDIVN BorigummaDist-Koraput,Canal Structural work,Post-Monsoon,2022-11-28,Civil Works - Canal,,SEUKID 01/2022-23 (SL 10),2022_CCEJE_82177_1,489023.0,575254.0,575254,
915,Odisha,Protection to both the scoured banks from RD 0.700km to 0.815km renovation to 1.50m Fall at RD 0.105km including desilting and providing trough wall of Bedapaunsi SM-II.,Koraput,,764056,18.866666666666667,82.63333333333334,CCEUpper Kolab ProjectJeypore||CCEUpper Kolab Project Bariniput||EE Upper Kolab Irrigation Divn IV Boriguma,Office of the SE UKIDIVN BorigummaDist-Koraput,Canal Structural work,Post-Monsoon,2022-11-28,Civil Works - Canal,,SEUKID 01/2022-23 (SL 11),2022_CCEJE_82189_1,563889.0,663320.0,663320,
916,Odisha,Protection to both scoured banks within RD 1.310km to 1.390km including construction of toe wall and repair of fall cum V.R.B of Ghatarla Sub Minor-I,Koraput,,764056,18.866666666666667,82.63333333333334,CCEUpper Kolab ProjectJeypore||CCEUpper Kolab Project Bariniput||EE Upper Kolab Irrigation Divn IV Boriguma,Office of the SE UKIDIVN BorigummaDist-Koraput.,Canal Structural work,Post-Monsoon,2022-11-28,Civil Works - Canal,,SEUKID 01/2022-23 (SL 17),2022_CCEJE_82199_1,707234.0,707234.0,707234,
917,Odisha,Construction of Protection wall from RD-39.320 km to 39.350km and repair of head wall of Makaput HR offtaking from JMC at RD-39.330km.,Koraput,,764056,18.866666666666667,82.63333333333334,CCEUpper Kolab ProjectJeypore||CCEUpper Kolab Project Bariniput||EE Upper Kolab Irrigation Divn IV Boriguma,Office of the SE UKIDIVN BorigummaDist-Koraput,CANAL STRUCTURAL WORKS,Post-Monsoon,2022-11-28,Civil Works - Canal,,SEUKID 01/2022-23 (SL 20),2022_CCEJE_82202_1,672501.0,791084.0,791084,
918,Odisha,Improvement to Service road from RD 00 to 1.500Km including protection to scoured bank of Hadapa Sub Minor(working RD 0.00km to 0.800km),Koraput,,764056,18.866666666666667,82.63333333333334,CCEUpper Kolab ProjectJeypore||CCEUpper Kolab Project Bariniput||EE Upper Kolab Irrigation Divn IV Boriguma,Office of the SE UKIDIVN BorigummaDist-Koraput.,CANAL ROAD WORK,Post-Monsoon,2022-11-28,Civil Works - Roads,,SEUKID 01/2022-23 (SL 22),2022_CCEJE_82204_1,446822.0,525611.0,525611,
919,Odisha,Construction of VRB at RD 0.800km including protection work of Mohantiput Minor.,Koraput,,764056,18.866666666666667,82.63333333333334,CCEUpper Kolab ProjectJeypore||CCEUpper Kolab Project Bariniput||EE Upper Kolab Irrigation Divn IV Boriguma,Office of the SE UKIDIVN BorigummaDist-Koraput.,CANAL/ROAD STRUCTURAL WORK,Post-Monsoon,2022-11-28,Civil Works - Canal,,SEUKID 01/2022-23 (SL 25),2022_CCEJE_82207_1,577940.0,679849.0,679849,
920,Odisha,Improvement to Service roads from RD 00 to 438m on right bank of Kusumi Sub Minor-I and on left bank from RD 00 to 500M of Kusumi Sub Minor- II including its slope protection woks.,Koraput,,764056,18.866666666666667,82.63333333333334,CCEUpper Kolab ProjectJeypore||CCEUpper Kolab Project Bariniput||EE Upper Kolab Irrigation Divn IV Boriguma,Office of the SE UKIDIVN BorigummaDist-Koraput.,CANAL/ROAD STRUCTURAL WORK,Post-Monsoon,2022-11-28,Civil Works - Canal,,SEUKID 01/2022-23 (SL 26),2022_CCEJE_82208_1,526395.0,619215.0,619215,
921,Odisha,Construction of VRB at RD 0.500Km of Hadia Sub Minor-II including its slope protection works.,Koraput,,764056,18.866666666666667,82.63333333333334,CCEUpper Kolab ProjectJeypore||CCEUpper Kolab Project Bariniput||EE Upper Kolab Irrigation Divn IV Boriguma,Office of the SE UKIDIVN BorigummaDist-Koraput.,CANAL/ROAD STRUCTURAL WORK,Post-Monsoon,2022-11-28,Civil Works - Roads,,SEUKID 01/2022-23 (SL 29),2022_CCEJE_82211_1,388029.0,456451.0,456451,
922,Odisha,Construction of VRB at RD 3.350 km of Telia Minor including its slope protection works.,Koraput,,764056,18.866666666666667,82.63333333333334,CCEUpper Kolab ProjectJeypore||CCEUpper Kolab Project Bariniput||EE Upper Kolab Irrigation Divn IV Boriguma,Office of the SE UKIDIVN BorigummaDist-Koraput.,CANAL/ROAD STRUCTURAL WORK,Post-Monsoon,2022-12-03,Civil Works - Roads,,SEUKID 01/2022-23 (SL 30),2022_CCEJE_82212_1,379287.0,446167.0,446167,
923,Odisha,Raising and Strengthening both bank side and construction protection wall in different patches from RD 2.00km to 3.00 km of Pachia Minor.,Koraput,,764056,18.866666666666667,82.63333333333334,CCEUpper Kolab ProjectJeypore||CCEUpper Kolab Project Bariniput||EE Upper Kolab Irrigation Divn IV Boriguma,Office of the SE UKIDIVN BorigummaDist-Koraput.,CANAL STRUCTURAL WORK,Post-Monsoon,2022-11-28,Civil Works - Canal,,SEUKID 01/2022-23 (SL 32),2022_CCEJE_82214_1,379088.0,445933.0,445933,
924,Odisha,Repair of CD No 4 at RD 1.375 km and CD No 2 at RD 0.880 km repair of HR outlet and providing protection wall to scoured bank of Lamtaguda Sub mionr.,Koraput,,764056,18.866666666666667,82.63333333333334,CCEUpper Kolab ProjectJeypore||CCEUpper Kolab Project Bariniput||EE Upper Kolab Irrigation Divn IV Boriguma,Office of the SE UKIDIVN BorigummaDist-Koraput,CANAL STRUCTURAL WORK,Post-Monsoon,2022-11-28,Civil Works - Canal,,SEUKID 01/2022-23 (SL 33),2022_CCEJE_82215_1,375762.0,442021.0,442021,
925,Odisha,Protection to scoured bank at 4.680km and construction of canal lining near CD No.2 at RD 1.483km of Batasana Disty.,Koraput,,764056,18.866666666666667,82.63333333333334,CCEUpper Kolab ProjectJeypore||CCEUpper Kolab Project Bariniput||EE Upper Kolab Irrigation Divn IV Boriguma,Office of the SE UKIDIVN BorigummaDist-Koraput.,CANAL STRUCTURAL WORK,Post-Monsoon,2022-12-30,Civil Works - Canal,,SEUKID 02/2022-23 (SL 01),2022_CCEJE_83287_1,404363.0,475665.0,475665,
926,Odisha,Repair of CD No.12 at RD 11.831km CD No.15 at RD 13.553km construction of canal lining including repair of outlet and protection to scoured bank of Pakhanaguda Disty.,Koraput,,764056,18.866666666666667,82.63333333333334,CCEUpper Kolab ProjectJeypore||CCEUpper Kolab Project Bariniput||EE Upper Kolab Irrigation Divn IV Boriguma,Office of the SE UKIDIVN BorigummaDist-Koraput.,CANAL STRUCTURAL WORK,Post-Monsoon,2022-12-30,Civil Works - Canal,,SEUKID 02/2022-23 (SL 03),2022_CCEJE_83290_1,676413.0,795686.0,795686,
927,Odisha,Renovation of fall No.3 at RD 4.650km and fall No.4 at RD 4.822km and protection to scoured bank including outlet repair of Dharanahandi Disty.,Koraput,,764056,18.866666666666667,82.63333333333334,CCEUpper Kolab ProjectJeypore||CCEUpper Kolab Project Bariniput||EE Upper Kolab Irrigation Divn IV Boriguma,Office of the SE UKIDIVN BorigummaDist-Koraput.,CANAL STRUCTURAL WORK,Post-Monsoon,2022-12-30,Civil Works - Canal,,SEUKID 02/2022-23 (SL 04),2022_CCEJE_83291_1,584527.0,687598.0,687598,
928,Odisha,Improvement to service road from RD 00km to 1.300km including protection to scoured bank of Malda Sub-Minor.,Koraput,,764056,18.866666666666667,82.63333333333334,CCEUpper Kolab ProjectJeypore||CCEUpper Kolab Project Bariniput||EE Upper Kolab Irrigation Divn IV Boriguma,Office of the SE UKIDIVN BorigummaDist-Koraput.,CANAL ROAD WORK,Post-Monsoon,2023-01-02,Civil Works - Roads,,SEUKID 02/2022-23 (SL 06),2022_CCEJE_83293_1,556254.0,654340.0,654340,
929,Odisha,Improvement to service bank from RD 0.00km to 1.550km including protection to scoured bank of Malda Minor.,Koraput,,764056,18.866666666666667,82.63333333333334,CCEUpper Kolab ProjectJeypore||CCEUpper Kolab Project Bariniput||EE Upper Kolab Irrigation Divn IV Boriguma,Office of the SE UKIDIVN BorigummaDist-Koraput.,CANAL WORK,Post-Monsoon,2023-01-02,Civil Works - Canal,,SEUKID 02/2022-23 (SL 07),2022_CCEJE_83294_1,741656.0,872434.0,872434,
930,Odisha,Construction of VRB at RD 0.480km including protection work of Sanaparia Minor.,Koraput,,764056,18.866666666666667,82.63333333333334,CCEUpper Kolab ProjectJeypore||CCEUpper Kolab Project Bariniput||EE Upper Kolab Irrigation Divn IV Boriguma,Office of the SE UKIDIVN BorigummaDist-Koraput.,CANAL STRUCTURAL WORK,Post-Monsoon,2023-01-02,Civil Works - Canal,,SEUKID 02/2022-23 (SL 08),2022_CCEJE_83299_1,543648.0,639510.0,639510,
931,Odisha,Renovation of canal and repair of HR outlet and providing protection wall to scoured bank within RD 0.00km to 2.200km of Dhutiguda minor.,Koraput,,764056,18.866666666666667,82.63333333333334,CCEUpper Kolab ProjectJeypore||CCEUpper Kolab Project Bariniput||EE Upper Kolab Irrigation Divn IV Boriguma,Office of the SE UKIDIVN BorigummaDist-Koraput.,CANAL STRUCTURAL WORK,Post-Monsoon,2023-01-02,Civil Works - Canal,,SEUKID 02/2022-23 (SL 12),2022_CCEJE_83308_1,721286.0,848472.0,848472,
932,Odisha,Repair of outlet 2 nos falls and construction of protection wall of Sankarda Disty. at RD 8.500km.,Koraput,,764056,18.866666666666667,82.63333333333334,CCEUpper Kolab ProjectJeypore||CCEUpper Kolab Project Bariniput||EE Upper Kolab Irrigation Divn IV Boriguma,Office of the SE UKIDIVN BorigummaDist-Koraput.,CANAL STRUCTURAL WORK,Post-Monsoon,2023-01-02,Civil Works - Canal,,SEUKID 02/2022-23 (SL 14),2022_CCEJE_83310_1,493615.0,580655.0,580655,
933,Odisha,Construction of cattle crossing at RD 8.70km and protection wall of Kotpad Disty.,Koraput,,764056,18.866666666666667,82.63333333333334,CCEUpper Kolab ProjectJeypore||CCEUpper Kolab Project Bariniput||EE Upper Kolab Irrigation Divn IV Boriguma,Office of the SE UKIDIVN BorigummaDist-Koraput.,CANAL STRUCTURAL WORK,Post-Monsoon,2023-01-02,Civil Works - Canal,,SEUKID 02/2022-23 (SL 17),2022_CCEJE_83313_1,627913.0,738634.0,738634,
934,Odisha,Construction of protection wall from RD 290m to 530m of Nuagaon sub minor-II offtaking from Kanjiguda Disty.,Koraput,,764056,18.866666666666667,82.63333333333334,CCEUpper Kolab ProjectJeypore||CCEUpper Kolab Project Bariniput||EE Upper Kolab Irrigation Divn IV Boriguma,Office of the SE UKIDIVN BorigummaDist-Koraput.,CANAL STRUCTURAL WORK,Post-Monsoon,2023-01-02,Civil Works - Canal,,SEUKID 02/2022-23 (SL 19),2022_CCEJE_83315_1,744831.0,876169.0,876169,
935,Odisha,Construction of protection wall from RD 1430m to 1680m of Sadaranga sub minor offtaking from Belagaon Disty.,Koraput,,764056,18.866666666666667,82.63333333333334,CCEUpper Kolab ProjectJeypore||CCEUpper Kolab Project Bariniput||EE Upper Kolab Irrigation Divn IV Boriguma,Office of the SE UKIDIVN BorigummaDist-Koraput.,CANAL STRUCTURAL WORK,Post-Monsoon,2023-01-02,Civil Works - Canal,,SEUKID 02/2022-23 (SL 20),2022_CCEJE_83317_1,688690.0,810128.0,810128,
936,Odisha,Construction of protection wall from RD 2720m to 2920m of Sandhagaon minor.,Koraput,,764056,18.866666666666667,82.63333333333334,CCEUpper Kolab ProjectJeypore||CCEUpper Kolab Project Bariniput||EE Upper Kolab Irrigation Divn IV Boriguma,Office of the SE UKIDIVN BorigummaDist-Koraput.,CANAL STRUCTURAL WORK,Post-Monsoon,2023-01-02,Civil Works - Canal,,SEUKID 02/2022-23 (SL 21),2022_CCEJE_83319_1,627957.0,738687.0,738687,
937,Odisha,Construction of protection wall from RD 800m to 1054m of Bentaguda sub minor offtaking from Kotpad minor-III.,Koraput,,764056,18.866666666666667,82.63333333333334,CCEUpper Kolab ProjectJeypore||CCEUpper Kolab Project Bariniput||EE Upper Kolab Irrigation Divn IV Boriguma,Office of the SE UKIDIVN BorigummaDist-Koraput,CANAL STRUCTURAL WORK,Post-Monsoon,2023-01-02,Civil Works - Canal,,SEUKID 02/2022-23 (SL 22),2022_CCEJE_83320_1,670642.0,788897.0,788897,
938,Odisha,Construction of protection wall from RD 1.750km to 1.950km of Panchia minor offtaking from Karlahandi Disty.,Koraput,,764056,18.866666666666667,82.63333333333334,CCEUpper Kolab ProjectJeypore||CCEUpper Kolab Project Bariniput||EE Upper Kolab Irrigation Divn IV Boriguma,Office of the SE UKIDIVN BorigummaDist-Koraput.,CANAL STRUCTURAL WORK,Post-Monsoon,2023-01-02,Civil Works - Canal,,SEUKID 02/2022-23 (SL 23),2022_CCEJE_83321_1,706926.0,831580.0,831580,
939,Odisha,Construction of protection wall from RD 400m to 560m of Ekama minor offtaking from RD 56.370km of JMC.,Koraput,,764056,18.866666666666667,82.63333333333334,CCEUpper Kolab ProjectJeypore||CCEUpper Kolab Project Bariniput||EE Upper Kolab Irrigation Divn IV Boriguma,Office of the SE UKIDIVN BorigummaDist-Koraput.,CANAL STRUCTURAL WORK,Post-Monsoon,2023-01-02,Civil Works - Canal,,SEUKID 02/2022-23 (SL 24),2022_CCEJE_83322_1,616062.0,724693.0,724693,
940,Odisha,Protection to CD No-2 at RD 0.78 Km CD No-4 at RD 2.07 Km and CD No-6 at RD 3.24 Km including providing of guardwalls to vulnearable reaches of Umuri Minor.,Koraput,,764004,18.866666666666667,82.63333333333334,CCEUpper Kolab ProjectJeypore||CCEUpper Kolab Project Bariniput||EE  Upper Kolab Headworks DivisionKolabnagar,Office of the SE UKHW DIVN Kolabnagar Koraput.,Canal structural work.,Pre-Monsoon,2023-03-22,Civil Works - Canal,,SE-UKHWD-05/2022-23(Sl.No.03),2022_CCEJE_83468_2,38146.68,448731.53,448732,
941,Odisha,Protection to bank including construction of trough wall near RD 12.58 Km and near 14.00 km of Dhanpur Distributary.,Koraput,,764004,18.866666666666667,82.63333333333334,CCEUpper Kolab ProjectJeypore||CCEUpper Kolab Project Bariniput||EE  Upper Kolab Headworks DivisionKolabnagar,Office of the SE UKHW DIVN Kolabnagar Koraput.,Canal structural works.,Pre-Monsoon,2023-03-22,Civil Works - Canal,,SE-UKHWD-05/2022-23(Sl.No.04),2022_CCEJE_83469_1,381758.5,449074.82,449075,
942,Odisha,Protection work at RD 1.270 Km to 1.285 KmRD 6.040 Km to 6.151 Km and at RD 8.825 Km near fall and vulnearable reaches of Jeypore Distributary.,Koraput,,764004,18.866666666666667,82.63333333333334,CCEUpper Kolab ProjectJeypore||CCEUpper Kolab Project Bariniput||EE  Upper Kolab Headworks DivisionKolabnagar,Office of the SE UKHW DIVN Kolabnagar Koraput,Canal structural work.,Pre-Monsoon,2023-03-22,Civil Works - Canal,,SE-UKHWD-05/2022-23(Sl.No.05),2022_CCEJE_83470_1,413572.68,486498.86,486499,
943,Odisha,Protection to right bank including construction of trough wall with bed concreting at RD 4.45 Km near village Tatibeda of Dhanapur Distributary.,Koraput,,764004,18.866666666666667,82.63333333333334,CCEUpper Kolab ProjectJeypore||CCEUpper Kolab Project Bariniput||EE  Upper Kolab Headworks DivisionKolabnagar,Office of the SE UKHW DIVN Kolabnagar Koraput.,Canal structural works.,Pre-Monsoon,2023-03-22,Civil Works - Canal,,SE-UKHWD-05/2022-23(Sl.No.06),2022_CCEJE_83471_1,517066.42,608241.87,608242,
944,Odisha,Protection to CD No 13 including providing toe wall on the service bank at RD 10.974 Km of Dhanpur Distributary.,Koraput,,764004,18.866666666666667,82.63333333333334,CCEUpper Kolab ProjectJeypore||CCEUpper Kolab Project Bariniput||EE  Upper Kolab Headworks DivisionKolabnagar,Office of the SE UKHW DIVN Kolabnagar Koraput.,Canal structural work.,Pre-Monsoon,2023-03-22,Civil Works - Canal,,SE-UKHWD-05/2022-23(Sl.No.07),2022_CCEJE_83472_1,525984.35,618732.33,618732,
945,Odisha,Slope protection at vulnerable reaches of Durgabhata Minor between RD 0.80 Km to 2.00 Km including repair of structures.,Koraput,,764004,18.866666666666667,82.63333333333334,CCEUpper Kolab ProjectJeypore||CCEUpper Kolab Project Bariniput||EE  Upper Kolab Headworks DivisionKolabnagar,Office of the SE UKHW DIVN Kolabnagar Koraput.,Canal structural work.,Pre-Monsoon,2023-03-22,Civil Works - Canal,,SE-UKHWD-05/2022-23(Sl.No.09),2022_CCEJE_83474_1,711808.82,837323.63,837324,
946,Odisha,Construction of VRC over Bichalakatta Minor at RD 720 m including slope protection works between RD 0.40 Km to 2.00 Km.,Koraput,,764004,18.866666666666667,82.63333333333334,CCEUpper Kolab ProjectJeypore||CCEUpper Kolab Project Bariniput||EE  Upper Kolab Headworks DivisionKolabnagar,Office of the SE UKHW DIVN Kolabnagar Koraput.,Canal structural work.,Pre-Monsoon,2023-03-22,Civil Works - Canal,,SE-UKHWD-05/2022-23(Sl.No.10),2022_CCEJE_83475_1,791903.4,931541.47,931541,
947,Odisha,Protection work from RD 4080 m to 4110 m (L/S)  5900 to 5930 m (L/S)7800 m to 7830 m (R/S) and 8129 m to 8159 m (L/S) of Anta Distributary.,Koraput,,764004,18.866666666666667,82.63333333333334,CCEUpper Kolab ProjectJeypore||CCEUpper Kolab Project Bariniput||EE  Upper Kolab Headworks DivisionKolabnagar,Office of the SE UKHW DIVN Kolabnagar Koraput.,Canal structural work.,Pre-Monsoon,2023-03-22,Civil Works - Canal,,SE-UKHWD-05/2022-23(Sl.No.11),2022_CCEJE_83476_1,833747.14,980763.6,980764,
948,Odisha,Construction of new protection walls of Padmapur Distributary between RD 7.150 Km to 7.300 Km and RD 9.200 Km to 9.250 Km for leakage control.,Koraput,,764004,18.866666666666667,82.63333333333334,CCEUpper Kolab ProjectJeypore||CCEUpper Kolab Project Bariniput||EE  Upper Kolab Headworks DivisionKolabnagar,Office of the SE UKHW DIVN Kolabnagar Koraput.,Canal structural work.,Pre-Monsoon,2023-03-22,Civil Works - Canal,,SE-UKHWD-05/2022-23(Sl.No.12),2022_CCEJE_83477_1,924821.4,1087897.0,1087897,
949,Odisha,Protection to Left bank of Jeypore Distributary within RD 0.10 km to 0.205 km.,Koraput,,764004,18.866666666666667,82.63333333333334,CCEUpper Kolab ProjectJeypore||CCEUpper Kolab Project Bariniput||EE  Upper Kolab Headworks DivisionKolabnagar,Office of the SE UKHW DIVN Kolabnagar Koraput.,Canal structural work.,Pre-Monsoon,2023-03-22,Civil Works - Canal,,SE-UKHWD-05/2022-23(Sl.No.14),2022_CCEJE_83479_1,979781.04,1152547.99,1152548,
950,Odisha,Reaming of porous pipes and foundation drainage holes inside gallery of U.K. Dam.,Koraput,,764011,18.866666666666667,82.63333333333334,CCEUpper Kolab ProjectJeypore||CCEUpper Kolab Project Bariniput||EE  Upper Kolab Headworks DivisionKolabnagar,Office of the SE UKHW DIVN Kolabnagar Koraput.,Dam maintenance work.,Pre-Monsoon,2023-03-22,Civil Works - Others,,SE-UKHWD-05/2022-23(Sl.No.15),2022_CCEJE_83481_1,3937605.39,4631932.0,4631932,
951,Odisha,Construction of Mankidini in stream storage Check Dam (Low height Check Dam) over local nallah near village Mankidi in Narayanpatna Block of Koraput District.,koraput,,764014,18.866666666666667,82.63333333333334,CEMinor IrrigationBBSR||SEKBK Minor Irr.CircleIIJeypore||EE M.I. Division Jeypore,Executive Engineer M.I. Division Jeypore,Construction of Mankidini in stream storage Check Dam (Low height Check Dam) over local nallah near village Mankidi in Narayanpatna Block of Koraput District.,Post-Monsoon,2023-02-02,Civil Works - Water Works,,MIDJEY05/2022-23,2022_CEMIB_82026_1,3702253.72,3702253.72,4355080,
952,Odisha,Construction of Meriput in stream storage Check Dam (Low height Check Dam) over local nallah near village Meriput in Lamataput Block of Koraput District.,koraput,,764081,18.866666666666667,82.63333333333334,CEMinor IrrigationBBSR||SEKBK Minor Irr.CircleIIJeypore||EE M.I. Division Jeypore,Executive Engineer M.I. Division Jeypore,Construction of Meriput in stream storage Check Dam (Low height Check Dam) over local nallah near village Meriput in Lamataput Block of Koraput District.,Post-Monsoon,2023-01-24,Civil Works - Water Works,,MIDJEY05/2022-23,2022_CEMIB_82026_2,3518971.0,3518971.0,4139478,
953,Odisha,Construction of Bijaguda in stream storage Check Dam (Low height Check Dam) over local nallah near village Bijaguda in Lamataput Block of Koraput District,koraput,,764081,18.866666666666667,82.63333333333334,CEMinor IrrigationBBSR||SEKBK Minor Irr.CircleIIJeypore||EE M.I. Division Jeypore,Executive Engineer M.I. Division Jeypore,Construction of Bijaguda in stream storage Check Dam (Low height Check Dam) over local nallah near village Bijaguda in Lamataput Block of Koraput District,Post-Monsoon,2023-02-03,Civil Works - Water Works,,MIDJEY05/2022-23,2022_CEMIB_82026_3,3054227.43,3054227.0,3592786,
954,Odisha,Construction of P. Maliguda Check Dam over Panijhola Nalla near village P. Maliguda in Boipariguda Block of Koraput District.,koraput,,764043,18.866666666666667,82.63333333333334,CEMinor IrrigationBBSR||SEKBK Minor Irr.CircleIIJeypore||EE M.I. Division Jeypore,Executive Engineer M.I. Division Jeypore,Construction of P. Maliguda Check Dam over Panijhola Nalla near village P. Maliguda in Boipariguda Block of Koraput District.,Post-Monsoon,2023-01-24,Civil Works - Water Works,,MIDJEY05/2022-23,2022_CEMIB_82026_4,3499595.0,3499595.0,4116686,
955,Odisha,Construction of Talaulubadi in stream storage Check Dam (Low height Check Dam) over local nallah near village Talaulubadi in Narayanpatna Block of Koraput District,koraput,,764014,18.866666666666667,82.63333333333334,CEMinor IrrigationBBSR||SEKBK Minor Irr.CircleIIJeypore||EE M.I. Division Jeypore,Executive Engineer M.I. Division Jeypore,Construction of Talaulubadi in stream storage Check Dam (Low height Check Dam) over local nallah near village Talaulubadi in Narayanpatna Block of Koraput District,Post-Monsoon,2023-02-02,Civil Works - Water Works,,MIDJEY05/2022-23,2022_CEMIB_82026_5,3632339.75,3632340.0,4272838,
956,Odisha,Construction of Kumbharguda Check Dam over Kanyajodi Nallah near village Kumbharguda in Boipariguda Block of Koraput District.,koraput,,764043,18.866666666666667,82.63333333333334,CEMinor IrrigationBBSR||SEKBK Minor Irr.CircleIIJeypore||EE M.I. Division Jeypore,Executive Engineer M.I. Division Jeypore,Construction of Kumbharguda Check Dam over Kanyajodi Nallah near village Kumbharguda in Boipariguda Block of Koraput District.,Post-Monsoon,2023-02-02,Civil Works - Water Works,,MIDJEY05/2022-23,2022_CEMIB_82026_6,4131340.0,4131340.0,4859829,
957,Odisha,Construction of Kuhudigaon in stream storage Check Dam (Low Height Check Dam) over Sunakata Nalla near village Batakuhudi in Kotpad Block of Koraput District.,koraput,,764058,18.866666666666667,82.63333333333334,CEMinor IrrigationBBSR||SEKBK Minor Irr.CircleIIJeypore||EE M.I. Division Jeypore,Executive Engineer M.I. Division Jeypore,Construction of Kuhudigaon in stream storage Check Dam (Low Height Check Dam) over Sunakata Nalla near village Batakuhudi in Kotpad Block of Koraput District.,Post-Monsoon,2023-02-03,Civil Works - Water Works,,MIDJEY06/2022-23,2022_CEMIB_82070_1,5460771.71,5460771.71,6423682,
958,Odisha,Construction of Renga in stream storage Check Dam (Low height Check Dam) over local nallah near village Renga in Narayanpatna Block of Koraput District,koraput,,764014,18.866666666666667,82.63333333333334,CEMinor IrrigationBBSR||SEKBK Minor Irr.CircleIIJeypore||EE M.I. Division Jeypore,Executive Engineer M.I. Division Jeypore,Construction of Renga in stream storage Check Dam (Low height Check Dam) over local nallah near village Renga in Narayanpatna Block of Koraput District,Post-Monsoon,2023-02-03,Civil Works - Water Works,,MIDJEY06/2022-23,2022_CEMIB_82070_2,4444472.54,4444472.54,5228176,
959,Odisha,Construction of K. Pakhanaguda in stream storage Check Dam (Low Height Check Dam) over Birinadi near village K.Pakhanaguda in Kundra Block of Koraput District.,koraput,,764002,18.866666666666667,82.63333333333334,CEMinor IrrigationBBSR||SEKBK Minor Irr.CircleIIJeypore||EE M.I. Division Jeypore,Executive Engineer M.I. Division Jeypore,Construction of K. Pakhanaguda in stream storage Check Dam (Low Height Check Dam) over Birinadi near village K.Pakhanaguda in Kundra Block of Koraput District.,Post-Monsoon,2023-02-03,Civil Works - Water Works,,MIDJEY06/2022-23,2022_CEMIB_82070_3,4304463.59,4304463.59,5063479,
960,Odisha,Construction of footpath drains providing decorative name boards other sign boards at main entrance gates of Satiguda Dam including laying of floor tiles over open steps on down-stream side slope.,Koraput,,764004,18.866666666666667,82.63333333333334,CCEUpper Kolab ProjectJeypore||CCEUpper Kolab Project Bariniput||EE  Upper Kolab Headworks DivisionKolabnagar,Office of the SE UKHWD KolabnagarDist-Koraput.,Dam periphery work,Pre-Monsoon,2023-03-22,Civil Works - Others,,SE-UKHWD-06-2022-23(Sl.No.03),2023_CCEJE_84877_1,687966.5,809277.14,809277,
961,Odisha,Repair and renovation of roof and drain of E type and F type Qtrs at Kolabnagar colony,Koraput,,764011,18.866666666666667,82.63333333333334,CCEUpper Kolab ProjectJeypore||CCEUpper Kolab Project Bariniput||EE  Upper Kolab Headworks DivisionKolabnagar,Office of the SE UKHWD KolabnagarDist-Koraput.,Colony Quarters works,Pre-Monsoon,2023-03-22,Civil Works - Buildings,,SE-UKHWD-06-2022-23(Sl.No.05),2023_CCEJE_84879_1,730819.7,859686.75,859687,
962,Odisha,Construction of Protection Work(Toe Wall) to Prevent from Land Sliding from RD 819.50 mtr.to 1215.00 mtr.of Pakhnaguda-Katharagada Minor,Koraput,,764055,18.866666666666667,82.63333333333334,CCEUpper Kolab ProjectJeypore||CCEUpper Kolab Project Bariniput||EE Telingiri Canal Division No.II Ambaguda,S. E. Telengiri Canal Division Ambaguda,Construction of Protection Work(Toe Wall) to Prevent from Land Sliding from RD 819.50 mtr.to 1215.00 mtr.of Pakhnaguda-Katharagada Minor,Post-Monsoon,2023-02-24,Civil Works - Others,,SETCD-03/2022-23(3),2023_CCEJE_85470_1,1646141.72,1936409.51,1936410,
963,Odisha,Development of proposed garden at Satiguda Dam including concrete drains laying of floor tiles Over walkway paths providing steel hand railsat the steps,Koraput,,764011,18.866666666666667,82.63333333333334,CCEUpper Kolab ProjectJeypore||CCEUpper Kolab Project Bariniput||EE  Upper Kolab Headworks DivisionKolabnagar,O/O THE SE U.K.H.W DIV. KOLABNAGAR,Concrete Drain Walk way Path etc.,Pre-Monsoon,2023-03-22,Civil Works - Others,,SE-UKHWD-10/2022-23 (2),2023_CCEJE_86077_1,1110392.64,1306190.61,1306191,
964,Odisha,Protection to Right Bank of River Joura Nallah near village Korlahandi of Kotpad Block in Koraput for the Year 2022-23,koraput,,764058,18.866666666666667,82.63333333333334,CE AND BM IK BASIN BARINIPUT JEYPORE||Upper Kolab Project Bariniput||Nawarangpur Irrigation Division Nawarangpur,S E Nabarangpur Irrigation Division Nabarangpur,Protection to Right Bank of River Joura Nallah near village Korlahandi of Kotpad Block in Koraput for the Year 2022-23,Post-Monsoon,2023-02-13,Civil Works - Others,,SE NID-02/2022-23(02),2023_NIDN_85275_1,1834646.81,1834646.81,2158154,
965,Odisha,Protection to right bank of river Ambabelli near village Ekemba of Kotpad block in Koraput district for the year 2022-23,koraput,,764058,18.866666666666667,82.63333333333334,CE AND BM IK BASIN BARINIPUT JEYPORE||Upper Kolab Project Bariniput||Nawarangpur Irrigation Division Nawarangpur,S E Nabarangpur Irrigation Division Nabarangpur,Protection to right bank of river Ambabelli near village Ekemba of Kotpad block in Koraput district for the year 2022-23,Post-Monsoon,2023-02-13,Civil Works - Others,,SE NID-02/2022-23(04),2023_NIDN_85277_1,960572.75,960572.75,1129952,
966,Odisha,Transeverse drain,Malkangiri,,764052,18.366666666666667,81.93333333333334,CCE Potteru Irr.ProjectBalimela,S.I.SUB DIVN MALKANGIRI,Earth work hume pipe RCC M 20,Monsoon,2022-07-29,Civil Works - Others,,EE CKD NCB/05 /ORDRIPW-05 / 2019-20,2020_CCEBA_59020_1,7276609.0,7276609.0,6637000,
967,Odisha,Construction of fire fighting pump house building fire fighting water tank boundary wall cement concrete road and drain inside Pump House premises BHEP Balimela,Malkangiri,,764051,18.366666666666667,81.93333333333334,Odisha Hydro Power Corporation Ltd||Balimela H.E. Project Balimela,O/o the Unit Head BHEP Balimela,Construction of fire fighting pump house building fire fighting water tank boundary wall cement concrete road and drain inside Pump House premises BHEP Balimela,Monsoon,2022-06-10,Civil Works - Buildings,Industrial building water tank brick wall Road,BHEP/29/2021-22 DATED 04.12.2021,2021_OHPCL_73661_1,11825583.0,11825583.0,13910814,
968,Odisha,Repair and widening of existing colony roads with black Bitumen along with repairing of existing 03 (three) nos. of Culverts BHEP Balimela,Malkangiri,,764051,18.366666666666667,81.93333333333334,Odisha Hydro Power Corporation Ltd||Balimela H.E. Project Balimela,O/o the Unit Head BHEP Balimela,Repair and widening of existing colony roads with black Bitumen along with repairing of existing 03 (three) nos. of Culverts BHEP Balimela,Post-Monsoon,2022-11-24,Civil Works - Roads,Strenghening and widening of Bituminous Roads,BHEP/35/2021-22 DATED 22.12.2021,2021_OHPCL_75281_1,5129335.0,5129335.0,4980420,
969,Odisha,REPAIR AND RENOVATION OF DIFFERENT COLONY DRAINS INCLUDING BACKSIDE DRAINS OF GUDI LINE AND SAIBABA LINE AT BALIMELA,Malkangiri,,764051,18.366666666666667,81.93333333333334,Odisha Hydro Power Corporation Ltd||Balimela H.E. Project Balimela,O/o Unit Head BHEP Balimela,REPAIR AND RENOVATION OF DIFFERENT COLONY DRAINS INCLUDING BACKSIDE DRAINS OF GUDI LINE AND SAIBABA LINE AT BALIMELA,Pre-Monsoon,2023-03-03,Civil Works - Others,REPAIRING OF DRAINS,BHEP/34/2022-23 DATED 10.10.2022,2022_OHPCL_82339_1,2212796.0,2212796.0,2602984,
970,Odisha,S/R to Bahalda- Chaibasa Border Road ODR such providing RCC drain cutting high flanks tree painting kilometre stone culvert painting from 3/935 to 4/378 km 4/813 to 5/00 km 5/600 to 6/123 km 5/667 to 7/450 km for 2021-22,Mayurbhanj,,757043,21.933333333333334,86.76666666666667,EIC-CIVIL||SERNB-CIRCLE-EASTERN||EERNB-DIVN-RAIRANGPUR,O/O THE S.E RAIRANGPUR R AND B DIVISION,ROAD WORK,Monsoon,2022-06-07,Civil Works - Roads,,IFB SE 24 OF 2021-22,2021_EICCL_72903_11,1313656.0,1313656.0,1545300,
971,Odisha,S/R to Nuagaon ( Rairangpur College) to Dundu via Jamda Road ODR such as providing tree painting kilometre stone culvert painting high flank cutting  pothole repair with PMC and SC from 8/000 to 25/000 km for 2021-22,Mayurbhanj,,757043,21.933333333333334,86.76666666666667,EIC-CIVIL||SERNB-CIRCLE-EASTERN||EERNB-DIVN-RAIRANGPUR,O/O THE S.E RAIRANGPUR R AND B DIVISION,ROAD WORK,Monsoon,2022-06-06,Civil Works - Roads,,IFB SE 24 OF 2021-22,2021_EICCL_72903_12,1100556.0,1100556.0,1294600,
972,Odisha,S/R to Nuagaon ( Rairangpur College) to Dundu via Jamda Road ODR such as fixing of kilometre stone and prolonged stone bush cutting flank dressing and paiting to trees parapet of culvert from 25/100 to 32/526 km for 2021-22,Mayurbhanj,,757043,21.933333333333334,86.76666666666667,EIC-CIVIL||SERNB-CIRCLE-EASTERN||EERNB-DIVN-RAIRANGPUR,O/O THE S.E RAIRANGPUR R AND B DIVISION,ROAD WORK,Monsoon,2022-06-07,Civil Works - Roads,,IFB SE 24 OF 2021-22,2021_EICCL_72903_13,759066.0,759066.0,892900,
973,Odisha,S/R to Bahalda-Station Approach Road such as providing BUSG and SDBC tree painting kilometer stone culvert painting and high flank cutting from 3/000 km to 5/000 Km for 2021-22,Mayurbhanj,,757043,21.933333333333334,86.76666666666667,EIC-CIVIL||SERNB-CIRCLE-EASTERN||EERNB-DIVN-RAIRANGPUR,O/O THE S.E RAIRANGPUR R AND B DIVISION,ROAD WORK,Monsoon,2022-06-07,Civil Works - Roads,,IFB SE 24 OF 2021-22,2021_EICCL_72903_4,2581581.0,2581581.0,2967000,
974,Odisha,Construction of Toe wall-cum-Catch water drain from RD 3805M to RD 4030M including field channel RD 3630M to RD 3750M of Baisinga Branch Canal.,Mayurbhanj,,757020,21.933333333333334,86.76666666666667,CE-BMBSB BasinLaxmiposi||SESubarnarekha Irr.CircleLaxmiposi||EE Jambira Canal Divn Laxmiposi,Office of the SEBCDLaxmiposi,Earthwork Concrete work filling foundation with sand,Pre-Monsoon,2023-04-26,Civil Works - Canal,,09 / 22-23 of SE BCD Laxmiposi,2022_CEBML_81953_2,5524639.0,5524639.0,6498811,
975,Odisha,Construction of Kunkijharan Check Dam over local nalla near village Uskigalusahi in Jashipur Block of Mayurbhanj District,Mayurbhanj,,757034,21.933333333333334,86.76666666666667,CEMinor IrrigationBBSR||SEEastern Minor Irr.CircleKeonjhar||EEMI Divn Jashipur,O/O EE M.I Division Jashipur,Construction of Kunkijharan Check Dam over local nalla near village Uskigalusahi in Jashipur Block of Mayurbhanj District,Post-Monsoon,2022-12-28,Civil Works - Others,Check Dam,EE MID JSP-6/ 2022-23,2022_CEMIB_82826_1,3208056.0,3773739.51,3773740,
976,Odisha,Construction of Sanaramchandrapur-II Check Dam over local nalla near village Sanaramchandrapur in Karanjia Block of Mayurbhanj District,Mayurbhanj,,757037,21.933333333333334,86.76666666666667,CEMinor IrrigationBBSR||SEEastern Minor Irr.CircleKeonjhar||EEMI Divn Jashipur,O/O EE M. I Division Jashipur,Construction of Sanaramchandrapur-II Check Dam over local nalla near village Sanaramchandrapur in Karanjia Block of Mayurbhanj District,Post-Monsoon,2022-12-28,Civil Works - Others,CHECK DAM,EE MID JSP-6/ 2022-23,2022_CEMIB_82826_2,4210642.0,4953114.03,4953114,
977,Odisha,Construction of Naubudani Asura Check Dam over local nalla near village Naubudani Asura in Jashipur Block of Mayurbhanj District.,Mayurbhanj,,757034,21.933333333333334,86.76666666666667,CEMinor IrrigationBBSR||SEEastern Minor Irr.CircleKeonjhar||EEMI Divn Jashipur,O/O EE M.I. Division Jashipur,Construction of Naubudani Asura Check Dam over local nalla near village Naubudani Asura in Jashipur Block of Mayurbhanj District.,Post-Monsoon,2022-12-30,Civil Works - Others,Check Dam,EE-07 MID JSP/2022-23,2022_CEMIB_83563_1,4434382.0,5216306.52,5216307,
978,Odisha,Construction of Dhublabeda Check Dam over Chiru nalla near village Dhublabeda in Tiring Block of Mayurbhanj District.,Mayurbhanj,,757053,21.933333333333334,86.76666666666667,CEMinor IrrigationBBSR||SEEastern Minor Irr.CircleKeonjhar||EEMI Divn Jashipur,O/O EE M.I. Division Jashipur,Construction of Dhublabeda Check Dam over Chiru nalla near village Dhublabeda in Tiring Block of Mayurbhanj District.,Post-Monsoon,2023-01-05,Civil Works - Others,Check Dam,EE-07 MID JSP/2022-23,2022_CEMIB_83563_2,5329215.0,6268926.89,6268927,
979,Odisha,Construction of Dhobadhubani Check Dam over local nalla near village Dhobadhubani in Tiring Block of Mayurbhanj District.,Mayurbhanj,,757053,21.933333333333334,86.76666666666667,CEMinor IrrigationBBSR||SEEastern Minor Irr.CircleKeonjhar||EEMI Divn Jashipur,O/O EE M.I. Division Jashipur,Construction of Dhobadhubani Check Dam over local nalla near village Dhobadhubani in Tiring Block of Mayurbhanj District.,Post-Monsoon,2023-01-21,Civil Works - Others,Check Dam,EE-07 MID JSP/2022-23,2022_CEMIB_83563_3,5025734.0,5911932.25,5911932,
980,Odisha,S/R to Baneikala to Purunapani road Such as Construction of one no Boxcell culvert for the year 2022 23,MAYURBHANJ,,757037,21.933333333333334,86.76666666666667,CE RW I||RWCIRCLE-BARIPADA||RW Division Karanjia,O/O the S.E.R.W.DivisonKaranjia,S/R to Baneikala to Purunapani road Such as Construction of one no Boxcell culvert for the year 2022 23,Post-Monsoon,2022-10-07,Civil Works - Roads,,RWDKNJ 05/2022-23,2022_CERWI_79766_1,2632758.79,2632758.79,3096999,
981,Odisha,Installation of Recharge Shafts and Monitoring Station at 20 Locations under Baliapala Block of Balasore District PartII,Mayurbhanj,,757003,21.933333333333334,86.76666666666667,Ground Water Survey and Investigation,Baripada,Installation of Recharge Shafts and Monitoring Station at 20 Locations under Baliapala Block of Balasore District PartII,Post-Monsoon,2022-12-06,Civil Works - Others,,02/GWBPD/ARUA/2022-23,2022_GWSI_82874_1,4571105.0,4571105.0,4213000,
982,Odisha,Installation of Recharge Shaft cum Monitoring Station at 12 nos. locations of Baliapal Block of Balasore Districts and 8 nos. of locations of Rasgovindpur Block of Mayurbhanj District,Mayurbhanj,,757001,21.933333333333334,86.76666666666667,Ground Water Survey and Investigation,D.D. Geology GWD Division Baripada,Installation of Recharge Shaft cum Monitoring Station at 12 nos. locations of Baliapal Block of Balasore Districts and 8 nos. of locations of Rasgovindpur Block of Mayurbhanj District,Pre-Monsoon,2023-03-07,Civil Works - Others,,03-06/GWBPD/ARUA/2022-23,2022_GWSI_84355_1,4411328.0,4411328.0,4213062,
983,Odisha,2) Installation of Recharge Shaft cum Monitoring Station at 8 nos. locations of Bahanaga Block and 8nos. of locations of Remuna Block of Balasore District,Mayurbhanj,,757001,21.933333333333334,86.76666666666667,Ground Water Survey and Investigation,Deputy Director Geology GWD Division Baripada,2. Installation of Recharge Shaft cum Monitoring Station at 8 nos. locations of Bahanaga Block and 8nos. of locations of Remuna Block of Balasore District,Post-Monsoon,2023-02-07,Civil Works - Others,,03-06/GWBPD/ARUA/2022-23,2022_GWSI_84355_2,3532190.0,3532190.0,3370410,
984,Odisha,3) Installation of Recharge Shaft cum Monitoring Station at 8 nos. locations of Badasahi Block of Mayurbhanj District and 8nos. of locations of Joda Block of Keonjhar District,Mayurbhanj,,757001,21.933333333333334,86.76666666666667,Ground Water Survey and Investigation,Deputy Director Geology GWD Division Baripada,Installation of Recharge Shaft cum Monitoring Station at 8 nos. locations of Badasahi Block of Mayurbhanj District and 8nos. of locations of Joda Block of Keonjhar District,Post-Monsoon,2023-02-07,Civil Works - Others,,03-06/GWBPD/ARUA/2022-23,2022_GWSI_84355_3,3525449.0,3525449.0,3370410,
985,Odisha,4) Installation of Recharge Shaft cum Monitoring Station at and nos. locations of Bhandaripokhari Block and 7nos. of locations of Dhamnagar Block of Bhadrak District,Mayurbhanj,,757001,21.933333333333334,86.76666666666667,Ground Water Survey and Investigation,Deputy Director Geology GWD Division Baripada,Installation of Recharge Shaft cum Monitoring Station at and nos. locations of Bhandaripokhari Block and 7nos. of locations of Dhamnagar Block of Bhadrak District,Post-Monsoon,2023-02-07,Civil Works - Others,,03-06/GWBPD/ARUA/2022-23,2022_GWSI_84355_4,3326924.0,3326924.0,3171520,
986,Odisha,Construction of approach road drainage system main gate boundary wall and renovation of staff toilet and administrative Block of Badampahar Higher Secondary School under Kusumi Block.,Mayurbhanj,,757050,21.933333333333334,86.76666666666667,ST and SC Development Deptt||ITDA Rairangpur,ITDA Rairangpur,Construction of approach road drainage system main gate boundary wall and renovation of staff toilet and administrative Block of Badampahar Higher Secondary School under Kusumi Block.,Post-Monsoon,2022-11-30,Civil Works - Buildings,,TCN-02/2022-23 of ITDA Rairangpur,2022_STSCD_77809_19,745701.26,745701.26,877192,
987,Odisha,Construction of Ghodadega Check Dam over Chulibhanga nalla near village Ghodadega in Kusumi Block of Mayurbhanj District.,Mayurbhanj,,757047,21.933333333333334,86.76666666666667,CEMinor IrrigationBBSR||SEEastern Minor Irr.CircleKeonjhar||EEMI Divn Jashipur,MI DIVISION JASHIPUR,Construction of Ghodadega Check Dam over Chulibhanga nalla near village Ghodadega in Kusumi Block of Mayurbhanj District.,Pre-Monsoon,2023-03-14,Civil Works - Others,CHECK DAM,SE-09/MID JSP/2022-23,2023_CEMIB_85979_1,4428383.37,5209249.94,5209250,
988,Odisha,Construction of Dadekudar Check Dam over Local nalla near village Dharichua in Kusumi Block of Mayurbhanj District.,Mayurbhanj,,757047,21.933333333333334,86.76666666666667,CEMinor IrrigationBBSR||SEEastern Minor Irr.CircleKeonjhar||EEMI Divn Jashipur,MI DIVISION JASHIPUR,Construction of Dadekudar Check Dam over Local nalla near village Dharichua in Kusumi Block of Mayurbhanj District.,Pre-Monsoon,2023-03-21,Civil Works - Others,CHECK DAM,SE-09/MID JSP/2022-23,2023_CEMIB_85979_2,5138285.33,6044330.47,6044330,
989,Odisha,Construction of Balarampur Nalla-II Check Dam over Balarampur nalla near village Balarampur in Bijatala Block of Mayurbhanj District.,Mayurbhanj,,757048,21.933333333333334,86.76666666666667,CEMinor IrrigationBBSR||SEEastern Minor Irr.CircleKeonjhar||EEMI Divn Jashipur,MI DIVISION JASHIPUR,Construction of Balarampur Nalla-II Check Dam over Balarampur nalla near village Balarampur in Bijatala Block of Mayurbhanj District.,Pre-Monsoon,2023-03-14,Civil Works - Others,CHECK DAM,SE-09/MID JSP/2022-23,2023_CEMIB_85979_4,5580102.18,6564053.86,6564054,
990,Odisha,Construction of Amdabeda Check Dam over Local nalla near village Amdabeda in Bijatala Block of Mayurbhanj District.,Mayurbhanj,,757048,21.933333333333334,86.76666666666667,CEMinor IrrigationBBSR||SEEastern Minor Irr.CircleKeonjhar||EEMI Divn Jashipur,MI DIVISION JASHIPUR,Construction of Amdabeda Check Dam over Local nalla near village Amdabeda in Bijatala Block of Mayurbhanj District.,Pre-Monsoon,2023-03-14,Civil Works - Others,CHECK DAM,SE-09/MID JSP/2022-23,2023_CEMIB_85979_5,5805346.23,6829015.68,6829016,
991,Odisha,Construction of Khamdia Check Dam over Kantamuli nalla near village Khamdia in Thakurmunda Block of Mayurbhanj District.,Mayurbhanj,,757038,21.933333333333334,86.76666666666667,CEMinor IrrigationBBSR||SEEastern Minor Irr.CircleKeonjhar||EEMI Divn Jashipur,MI DIVISION JASHIPUR,Construction of Khamdia Check Dam over Kantamuli nalla near village Khamdia in Thakurmunda Block of Mayurbhanj District.,Pre-Monsoon,2023-03-10,Civil Works - Others,CHECK DAM,SE-10/MID JSP/2022-23,2023_CEMIB_85981_3,4097017.25,4819453.29,4819453,
992,Odisha,Construction of Barabindha Check Dam over Dardara nalla near village Barabindha in Thakurmunda Block of Mayurbhanj District.,Mayurbhanj,,757038,21.933333333333334,86.76666666666667,CEMinor IrrigationBBSR||SEEastern Minor Irr.CircleKeonjhar||EEMI Divn Jashipur,MI DIVISION JASHIPUR,Construction of Barabindha Check Dam over Dardara nalla near village Barabindha in Thakurmunda Block of Mayurbhanj District.,Pre-Monsoon,2023-03-10,Civil Works - Others,CHECK DAM,SE-10/MID JSP/2022-23,2023_CEMIB_85981_4,4227014.04,4972372.71,4972373,
993,Odisha,Installation of Recharge Shafts and Monitoring Station at 20 Locations under Baliapala Block of Balasore District Part 1,Mayurbhanj ,,757003,21.933333333333334,86.76666666666667,Ground Water Survey and Investigation,Baripada,Installation of Recharge Shafts and Monitoring Station at 20 Locations under Baliapala Block of Balasore District Part 1,Post-Monsoon,2022-12-06,Civil Works - Others,,01/GWBPD/ARUA/2022-23,2022_GWSI_82482_1,4571105.0,4571105.0,4213000,
994,Odisha,Improvement to RD road to Saruguda via Jetuguda PMGSY road such as New Boxcell Culvert 6x3m double span at 1480 Mtr under SR for the year 2022 23,Nabarangpur,,764078,22.78333333333333,8.9,CE RW I||RWCIRCLE-SUNABEDA||RWDIVISION-NAWARANGAPUR,Nabarangapur,Improvement to RD road to Saruguda via Jetuguda PMGSY road such as New Boxcell Culvert 6x3m double span at 1480 Mtr under SR for the year 2022 23,Monsoon,2022-08-25,Civil Works - Roads,,02 of 2022 23,2022_CERWI_79063_1,2708211.73,2708211.73,3185757,
995,Odisha,Improvement to Bankuli to Jhadakusumi PMGSY road such as New Boxcell Culvert 6x3m single span at 1400 mtr under SR for the year 2022 23,Nabarangpur,,764061,22.78333333333333,8.9,CE RW I||RWCIRCLE-SUNABEDA||RWDIVISION-NAWARANGAPUR,Nabarangapur,Improvement to Bankuli to Jhadakusumi PMGSY road such as New Boxcell Culvert 6x3m single span at 1400 mtr under SR for the year 2022 23,Monsoon,2022-08-25,Civil Works - Roads,,02 of 2022 23,2022_CERWI_79073_1,1504608.0,1504608.0,1769919,
996,Odisha,Improvement to RD road to Bajragada PMGSY road such as new boxcell culvert 6x3m single span at 1800 mtr under SR for the year 2022 23,Nabarangpur,,764061,22.78333333333333,8.9,CE RW I||RWCIRCLE-SUNABEDA||RWDIVISION-NAWARANGAPUR,Nabarangapur,Improvement to RD road to Bajragada PMGSY road such as new boxcell culvert 6x3m single span at 1800 mtr under SR for the year 2022 23,Monsoon,2022-08-25,Civil Works - Roads,,02 of 2022 23,2022_CERWI_79075_1,1504388.62,1504388.62,1769661,
997,Odisha,Improvement to Labanyapadar to Chandanpalla PMGSY road such as New RCC Culvert 3x2m single span at 2100 mtr and New Boxcell 6x3m single span at 280 mtr under SR for the year 2022 23,Nabarangpur,,764071,22.78333333333333,8.9,CE RW I||RWCIRCLE-SUNABEDA||RWDIVISION-NAWARANGAPUR,Nabarangapur,Improvement to Labanyapadar to Chandanpalla PMGSY road such as New RCC Culvert 3x2m single span at 2100 mtr and New Boxcell 6x3m single span at 280 mtr under SR for the year 2022 23,Monsoon,2022-08-24,Civil Works - Roads,,02 of 2022 23,2022_CERWI_79083_1,1956012.96,1956012.95,2300921,
998,Odisha,Improvement to PS road to Kukurbindha PMGSY road A such as new Boxcell culvert 6x4m double span at 1100 mtr under SR for the year 2022 23,Nabarangpur,,764071,22.78333333333333,8.9,CE RW I||RWCIRCLE-SUNABEDA||RWDIVISION-NAWARANGAPUR,Nabarangapur,Improvement to PS road to Kukurbindha PMGSY road A such as new Boxcell culvert 6x4m double span at 1100 mtr under SR for the year 2022 23,Monsoon,2022-08-25,Civil Works - Roads,,02 of 2022 23,2022_CERWI_79084_1,1880503.0,1880503.0,2212096,
999,Odisha,Improvement to Hirimimunda to Jhadiaguda MMSY road such as new boxcell culvert 6x3m double span and toe wall protection to boxcell at 2200 mtr under SR for the year 2022 23,Nabarangpur,,764070,22.78333333333333,8.9,CE RW I||RWCIRCLE-SUNABEDA||RWDIVISION-NAWARANGAPUR,Nabarangapur,Improvement to Hirimimunda to Jhadiaguda MMSY road such as new boxcell culvert 6x3m double span and toe wall protection to boxcell at 2200 mtr under SR for the year 2022 23,Monsoon,2022-08-25,Civil Works - Roads,,02 of 2022 23,2022_CERWI_79085_1,2482355.0,2482355.0,2920074,
1000,Odisha,Improvement to NH Junction to Labanyapadar PMGSY road A such as New Boxcell Culvert 6x3m single span CC drain with culvert slab work at 1450 mtr under SR for the year 2022 23,Nabarangpur,,764070,22.78333333333333,8.9,CE RW I||RWCIRCLE-SUNABEDA||RWDIVISION-NAWARANGAPUR,Nabarangapur,Improvement to NH Junction to Labanyapadar PMGSY road A such as New Boxcell Culvert 6x3m single span CC drain with culvert slab work at 1450 mtr under SR for the year 2022 23,Monsoon,2022-08-24,Civil Works - Roads,,02 of 2022 23,2022_CERWI_79086_1,1956037.0,1956037.0,2300950,
1001,Odisha,Improvement to Sunadangri to Kaliaguda PMGSY road such as New Boxcell Culvert 6x3m double span at 1950 mtr under SR for the year 2022 23,Nabarangpur,,764070,22.78333333333333,8.9,CE RW I||RWCIRCLE-SUNABEDA||RWDIVISION-NAWARANGAPUR,Nabarangapur,Improvement to Sunadangri to Kaliaguda PMGSY road such as New Boxcell Culvert 6x3m double span at 1950 mtr under SR for the year 2022 23,Monsoon,2022-09-24,Civil Works - Roads,,02 of 2022 23,2022_CERWI_79087_1,2708138.0,2708138.0,3185670,
1002,Odisha,Protection to left bank of river Bhaskel near Saimandir of Umerkote in Nabarangpur district for the year 2022-2023,Nabarangpur,,764073,22.78333333333333,8.9,CE AND BM IK BASIN BARINIPUT JEYPORE||Upper Kolab Project Bariniput||Nawarangpur Irrigation Division Nawarangpur,S E Nabarangpur Irrigation Division Nabarangpur,Protection to left bank of river Bhaskel near Saimandir of Umerkote in Nabarangpur district for the year 2022-2023,Post-Monsoon,2023-02-13,Civil Works - Others,,SE NID-02/2022-23(01),2023_NIDN_85268_1,2503099.18,2503099.18,2944476,
1003,Odisha,Protection to right bank of river Indravati near village Gundriguda in Kosagumuda block of Nabarangpur district for the year 2022-23,Nabarangpur,,764059,22.78333333333333,8.9,CE AND BM IK BASIN BARINIPUT JEYPORE||Upper Kolab Project Bariniput||Nawarangpur Irrigation Division Nawarangpur,S E Nabarangpur Irrigation Division Nabarangpur,Protection to right bank of river Indravati near village Gundriguda in Kosagumuda block of Nabarangpur district for the year 2022-23,Post-Monsoon,2023-02-13,Civil Works - Others,,SE NID-02/2022-23(03),2023_NIDN_85276_1,1428793.2,1428793.2,1680735,
1004,Odisha,RCC DRAIN,Nayagarh,,752081,20.133333333333333,85.13333333333334,Municipal Bodies,NAC ODAGAON,Construction of RCC Drain With Cover Plate From Bishwanath Barik House To Padmanav Khilar At Mathakhajuria in Ward No. 09 Of NAC Odagaon,Monsoon,2022-06-10,Civil Works - Others,,NAC-ODG-07-2022-23,2022_ORULB_77863_17,332332.84,332332.84,332333,
1005,Odisha,RCC DRAIN,Nayagarh,,752081,20.133333333333333,85.13333333333334,Municipal Bodies,NAC ODAGAON,Construction of balanced RCC Drains With Cover Plate and CC Road From HarijanSahi Towards MohatchhabPadia at Ward No. 07 Of NAC Odagaon.,Monsoon,2022-06-10,Civil Works - Others,,NAC-ODG-07-2022-23,2022_ORULB_77863_2,284159.55,284159.55,284160,
1006,Odisha,DRAIN,Nayagarh,,752081,20.133333333333333,85.13333333333334,Municipal Bodies,NAC ODAGAON,Construction of RCC Drain With Cover Plate From Laughing club to Existing Culvert at Dalak in Ward No. 13 Of NAC Odagaon.,Monsoon,2022-06-10,Civil Works - Others,,NAC-ODG-07-2022-23,2022_ORULB_77863_3,494324.62,494324.62,494325,
1007,Odisha,CC ROAD AND DRAIN,Nayagarh,,752081,20.133333333333333,85.13333333333334,Municipal Bodies,NAC ODAGAON,Construction of Balanced CC Road And RCC Drain At The End Of Tota Word No.08 of NAC Odagaon.,Monsoon,2022-06-10,Civil Works - Others,,NAC-ODG-07-2022-23,2022_ORULB_77863_4,249019.72,249019.72,249020,
1008,Odisha,RCC DRAIN,Nayagarh,,752081,20.133333333333333,85.13333333333334,Municipal Bodies,NAC ODAGAON,Construction of RCC Drain With Cover Plate At (Balance Portion) Khelapadia Sahi in Ward No. 10 Of NAC Odagaon.,Monsoon,2022-06-10,Civil Works - Others,,NAC-ODG-07-2022-23,2022_ORULB_77863_5,319836.19,319836.19,319836,
1009,Odisha,RCC DRAIN,Nayagarh,,752081,20.133333333333333,85.13333333333334,Municipal Bodies,NAC ODAGAON,Construction of balance RCC Drains With Cover Plate From House of Prasanta Tripathy To PWD Existing Drain At Dalak Ward No. 13 Of NAC Odagaon,Monsoon,2022-06-10,Civil Works - Others,,NAC-ODG-07-2022-23,2022_ORULB_77863_8,429636.81,429636.81,429637,
1010,Odisha,Proving paver tile at Down Stream area of Dyke No-I for development of parking place of Lower Indra Irrigation Project.,Nuapada,,766107,30.71666666666667,83.25,CCE Lower Indra Irr. Project Nuapada||CCE LIP||EE Lower Indra Canal Divn. Khariar,o/o the SE L.I.Canal Division Khariar,Proving paver tile at Down Stream area of Dyke No-I for development of parking place of Lower Indra Irrigation Project.,Post-Monsoon,2023-02-06,Civil Works - Others,,SELICD-03/2022-23 Dt. 21.12.2022,2022_CCELI_84639_1,1111951.0,1111951.0,1308023,
1011,Odisha,Cleaning of toe drain and longitudinal drain from RD 384m to 3780m of Earth Dam of Lower Indra Irrigation Project,Nuapada,,766107,30.71666666666667,83.25,CCE Lower Indra Irr. Project Nuapada||CCE LIP||EE Lower Indra Canal Divn. Khariar,o/o the SE L.I.Canal Division Khariar,Cleaning of toe drain and longitudinal drain from RD 384m to 3780m of Earth Dam of Lower Indra Irrigation Project.,Post-Monsoon,2023-02-06,Civil Works - Others,,SELICD-03/2022-23 Dt. 21.12.2022,2022_CCELI_84639_2,874815.0,874815.0,1029073,
1012,Odisha,Improvement to sloping drain from RD 384M to 3780M of Earth Dam of Lower Indra Irrigation Project.,Nuapada,,766107,30.71666666666667,83.25,CCE Lower Indra Irr. Project Nuapada||CCE LIP||EE Lower Indra Canal Divn. Khariar,o/o the SE L.I.Canal Division Khariar,Improvement to sloping drain from RD 384M to 3780M of Earth Dam of Lower Indra Irrigation Project.,Post-Monsoon,2023-02-06,Civil Works - Others,,SELICD-03/2022-23 Dt. 21.12.2022,2022_CCELI_84639_5,2152293.0,3495923.0,2531812,
1013,Odisha,Renovation by Dredging Method of Juajore Nallah from RD 00 km to 4.95 km and Hatia nalla from RD 00 km to 2.70 km under DOAB-XV in Kanasa Block and Satyabadi Constituency,Puri,,751012,19.8,85.86666666666666,CEDrainageCuttack||SE Drainage Circle Bhubaneswar,O/o the Addl. Chief Engineer Drainage Circle Bhu,Dredging work,Monsoon,2022-06-29,Civil Works - Others,,SEDC-BBSR/DD-PURI-32/2021-22,2021_CEDC_74139_1,65316731.0,65316731.0,76834174,
1014,Odisha,Improvement road from Swargadwar to Baliapanda via Bidhaba Ashram from ch. 0/670 km to 1/579 km such as construction of drain,Puri,,752001,19.8,85.86666666666666,EIC-CIVIL||SERNB-CIRCLE-KHURDA||EERNB-DIVN-PURI,O/o the S.E. R and B Division Puri,Improvement road from Swargadwar to Baliapanda via Bidhaba Ashram from ch. 0/670 km to 1/579 km such as construction of drain,Pre-Monsoon,2022-04-11,Civil Works - Others,,TCN NO 35 OF 2021-22,2021_EICCL_73669_1,4937389.0,4937389.0,5808009,
1015,Odisha,Renovation of Malliatutha Drainage System including the link drains with structures in DOAB-V,Puri,,752110,19.8,85.86666666666666,CEDrainageCuttack||SE Drainage Circle Bhubaneswar||EE Drainage Divn. Puri,O/oSuperintending Engineer Drainage DivisionPuri,Renovation earth and structure work,Post-Monsoon,2022-11-17,Civil Works - Others,,DDP - 153/2021-22,2022_CEDC_75644_1,8214689.0,8214689.0,9663203,
1016,Odisha,Construction of sluice over Sunamuhin River Near Narsinghpatna at 12340 m.,Puri,,751012,19.8,85.86666666666666,CEDrainageCuttack||SE Drainage Circle Bhubaneswar,O/o the Addl. Chief Engineer Drainage Circle Bhu,Earthwork Cement Concrete Reinforced Cement Concrete and RR Stone Works,Monsoon,2022-09-29,Civil Works - Others,,ACEDC-BBSR/DD-PURI-06/2022-23,2022_CEDC_78849_1,49062490.0,49062490.0,57713787,
1017,Odisha,Construction of sluice over D.C. No. 35 near village Lalitapahandi of Doab-VI under Nimapada Block of Puri District.,Puri,,751012,19.8,85.86666666666666,CEDrainageCuttack||SE Drainage Circle Bhubaneswar,O/o the Addl. Chief Engineer Drainage Circle Bhu,Earthwork Cement Concrete Reinforced Cement Concrete and RR Stone Works,Monsoon,2022-09-29,Civil Works - Others,,ACEDC-BBSR/DD-PURI-07/2022-23,2022_CEDC_80554_1,9490048.0,9490048.0,11163449,
1018,Odisha,Renovation of Southkania drainage chanel (from RD 6.7km to 15.70km ) Boxikania drainage chanel (from RD 8.6KM to 10.1km)Benakania drainage channel (from RD 0km to 4.5 km) and Choudamouza Right drainage chanel (from RD 5.6km to 7.6km ) with structu,Puri,,751012,19.8,85.86666666666666,CEDrainageCuttack||SE Drainage Circle Bhubaneswar,O/o the Addl. Chief Engineer Drainage Circle Bhu,Earthwork Cement Concrete Reinforced Cement Concrete and RR Stone Works,Post-Monsoon,2022-11-29,Civil Works - Others,,ACEDC-BBSR/DD-PURI-08/2022-23,2022_CEDC_80557_1,16219570.0,16219570.0,19079603,
1019,Odisha,Dredging of Southkania drainage channel (from RD15.7km to RD20.0km) Madhakona to Mudirath drainage channel (from RD 0km to RD2.5km) and Basanpur nallah (from RD 0km to RD 4.0km) under Brahmagiri Block.,Puri,,751012,19.8,85.86666666666666,CEDrainageCuttack||SE Drainage Circle Bhubaneswar,O/o the Addl. Chief Engineer Drainage Circle Bhu,Earthwork by Dredging Weed clearance,Post-Monsoon,2022-11-28,Civil Works - Others,,ACEDC-BBSR/DD-PURI-09/2022-23,2022_CEDC_80559_1,42389195.0,42389195.0,49863774,
1020,Odisha,Renovation of Bhargavi-Ratnachira Drainage system with structures under Brahmagiri Block.,Puri,,751012,19.8,85.86666666666666,CEDrainageCuttack||SE Drainage Circle Bhubaneswar,O/o the Addl. Chief Engineer Drainage Circle Bhu,Earthwork Cement Concrete Reinforced Cement Concrete and RR Stone Works,Post-Monsoon,2022-11-30,Civil Works - Others,,ACEDC-BBSR/DD-PURI-10/2022-23,2022_CEDC_81788_1,13195382.0,13195382.0,15522153,
1021,Odisha,Dredging of Alipada Nallla from RD 6400 m to 9300 m under DOAB-XV.,Puri,,751012,19.8,85.86666666666666,CEDrainageCuttack||SE Drainage Circle Bhubaneswar,O/o the Addl. Chief Engineer Drainage Circle Bhu,Desilting through Dredging Weed clearance,Post-Monsoon,2022-11-30,Civil Works - Others,,ACEDC-BBSR/DD-PURI-13/2022-23,2022_CEDC_82271_1,26275296.0,26275296.0,30908477,
1022,Odisha,Construction of RCC Slab Culvert on Malud Morada road (Part-A) in the District for Puri for the year 2022-23.,Puri,,752001,19.8,85.86666666666666,CE RW I||RWCIRCLE-BHUBANESWAR||RWDIVISION-PURI,O/o Superintending Engineer R.W.Division Puri.,Construction of RCC Slab Culvert on Malud Morada road (Part-A) in the District for Puri for the year 2022-23.,Pre-Monsoon,2023-03-15,Civil Works - Roads,,Online-08 Dt.10.08.2022,2022_CERWI_80629_1,888320.0,1044959.54,1045000,
1023,Odisha,(1) Restoration to KSDR Embankment from RD 41.20 to 43.60 Km.,Puri,,751012,19.8,85.86666666666666,CE-BMLMB BasinBBSR||SE Central Irr.Circle BBSR||EEPrachi DivisionBhubaneswar,S.E Prachi Division BBSR,Restoration to KSDR Embankment from RD 41.20 to 43.60 Km.,Pre-Monsoon,2023-03-04,Civil Works - Others,,e-Procurement Notice No.SEPRD-23/2022-23,2023_CELBB_85168_1,341356.0,341356.0,401548,
1024,Odisha,NID-185-Repairs to Outlet at RD 26.635Km. L/B Drainage Syphon at RD 25.515Km. and Padmapur C/R of Nimapara Branch Canal.,Puri,,752106,19.8,85.86666666666666,CE-BMLMB BasinBBSR||SE Central Irr.Circle BBSR||EENimapada Irr Division Nimapada,O.O the S.E. Nimapara Irr Divn. Nimapara,Repairs to Outlet at RD 26.635Km. L/B Drainage Syphon at RD 25.515Km. and Padmapur C/R of Nimapara Branch Canal.,Pre-Monsoon,2023-04-12,Civil Works - Canal,Canal,e-PROCUREMENT NOTICE NO 08 OF 2022-23,2023_CELBB_86068_11,291033.0,291033.0,342352,
1025,Odisha,NID-187-Construction of V.R.B. in Andhira Minor-II at RD 0.075 km and a slab culvert at RD 0.535Km.,Puri,,752106,19.8,85.86666666666666,CE-BMLMB BasinBBSR||SE Central Irr.Circle BBSR||EENimapada Irr Division Nimapada,O.O the S.E. Nimapara Irr Divn. Nimapara,Construction of V.R.B. in Andhira Minor-II at RD 0.075 km and a slab culvert at RD 0.535Km.,Pre-Monsoon,2023-04-12,Civil Works - Canal,Canal,e-PROCUREMENT NOTICE NO 08 OF 2022-23,2023_CELBB_86068_13,424471.0,424471.0,499319,
1026,Odisha,NID-180- Restoration to Left Bank of Nuagaon Distry. within RD 19100 Mtr. to RD 24500 Mtr.,Puri,,752106,19.8,85.86666666666666,CE-BMLMB BasinBBSR||SE Central Irr.Circle BBSR||EENimapada Irr Division Nimapada,O.O the S.E. Nimapara Irr Divn. Nimapara,Restoration to Left Bank of Nuagaon Distry. within RD 19100 Mtr. to RD 24500 Mtr.,Pre-Monsoon,2023-04-12,Civil Works - Canal,Canal,e-PROCUREMENT NOTICE NO 08 OF 2022-23,2023_CELBB_86068_6,507678.0,507678.0,597198,
1027,Odisha,Retrofitting for 40 LPCD PWS to Village Bankili of Bankili GP Sarbapitesu of Dunduli GP Dumuriguda of Dumuriguda GP Hatikhamba of Mukundapur GP Deopur of Khedapada GP and Paikapada of Keliguda GP under Kolnara Block of Rayagada District.,Rayagada,,765017,19.15,83.45,Rural Water Supply and Sanitation||RWSS Circle Koraput||RWSS Division Rayagada,RWSS DivisionRayagada,Retrofitting for 40 LPCD PWS to Village Bankili of Bankili GP Sarbapitesu of Dunduli GP Dumuriguda of Dumuriguda GP Hatikhamba of Mukundapur GP Deopur of Khedapada GP and Paikapada of Keliguda GP under Kolnara Block of Rayagada District.,Pre-Monsoon,2022-05-05,Civil Works - Water Works,,05/RWSS/RGD/2021-22,2021_RWSS_72563_2,35171048.77,39074601.45,39074602,
1028,Odisha,Retrofitting of 40 LPCD Rural Piped Water Supply to 2 nos. of villages Therubali of Therubali GP and Elengalpadu of Therubali GP under Kolnara Block in Rayagada District.,Rayagada,,765017,19.15,83.45,Rural Water Supply and Sanitation||RWSS Circle Koraput||RWSS Division Rayagada,RWSS DivisionRayagada,Retrofitting of 40 LPCD Rural Piped Water Supply to 2 nos. of villages Therubali of Therubali GP and Elengalpadu of Therubali GP under Kolnara Block in Rayagada District.,Pre-Monsoon,2022-04-07,Civil Works - Water Works,,07/RWSS/RGD/2021-22,2021_RWSS_73778_1,34124533.27,37911935.64,37911936,
1029,Odisha,Retrofitting of 40 LPCD Rural Piped Water Supply to 3 nos. of villages Kumtalpeta of Kumtalpeta GP under Rayagada Block Gujalpadu of Dumuriguda GP and Dunduli of Dunduli GP under Kolnara Block in Rayagada District,Rayagada,,765017,19.15,83.45,Rural Water Supply and Sanitation||RWSS Circle Koraput||RWSS Division Rayagada,RWSS DivisionRayagada,Retrofitting of 40 LPCD Rural Piped Water Supply to 3 nos. of villages Kumtalpeta of Kumtalpeta GP under Rayagada Block Gujalpadu of Dumuriguda GP and Dunduli of Dunduli GP under Kolnara Block in Rayagada District.,Pre-Monsoon,2022-04-26,Civil Works - Water Works,,07/RWSS/RGD/2021-22,2021_RWSS_73778_2,34781297.81,38641592.94,38641593,
1030,Odisha,Retrofitting of 40 LPCD PWS schemes to 7 nos. of different villages namely Kharjoda Badanaikguda Belkona Singari  Badadwarsahi Sulipadar Gurtuli under Kalyansinghpur block in Rayagad District.,Rayagada,,765016,19.15,83.45,Rural Water Supply and Sanitation||RWSS Circle Koraput||RWSS Division Rayagada,RWSS DivisionRayagada,Retrofitting of 40 LPCD PWS schemes to 7 nos. of different villages namely Kharjoda Badanaikguda Belkona Singari  Badadwarsahi Sulipadar Gurtuli under Kalyansinghpur block in Rayagad District.,Pre-Monsoon,2022-04-26,Civil Works - Water Works,,10/RWSS/RGD/2021-22,2021_RWSS_74834_1,29145659.32,32380468.08,32380468,
1031,Odisha,Rennovation to Distribution System of Siltiguda MIP in Rayagada block of Rayagada District under the Scheme Canal Lining and System Rehabilitation Programme (CLSRP) for the year 2022-23,Rayagada,,765001,19.15,83.45,CEMinor IrrigationBBSR||SEKBK Minor Irr.CircleIIJeypore||EE M.I. Division Rayagada,O/o E.E M.I Division Rayagada,Rennovation to Distribution System of Siltiguda MIP in Rayagada block of Rayagada District under the Scheme Canal Lining and System Rehabilitation Programme (CLSRP) for the year 2022-23,Monsoon,2022-06-16,Civil Works - Others,,01/MID RGD/2022-23,2022_CEMIB_77507_1,7457136.97,7457136.97,8772070,
1032,Odisha,Repair Renovation and Restoration (RRR) of Dombosara MIP water body in Gunupur block of Rayagada District under PMKSY HKKP for 2022-23,Rayagada,,765022,19.15,83.45,CEMinor IrrigationBBSR||SEKBK Minor Irr.CircleIIJeypore||EE M.I. Division Rayagada,O/o E.E M.I Division Rayagada,Repair Renovation and Restoration (RRR) of Dombosara MIP water body in Gunupur block of Rayagada District under PMKSY HKKP for 2022-23,Monsoon,2022-07-02,Civil Works - Others,,02/MID RGD/2022-23,2022_CEMIB_77681_1,3492378.92,3492378.92,4108198,
1033,Odisha,Repair Renovation and Restoration (RRR) of Debrisingi MIP (water body) in Padmapur block of Rayagada District under PMKSY-HKKP for 2022-23,Rayagada,,765025,19.15,83.45,CEMinor IrrigationBBSR||SEKBK Minor Irr.CircleIIJeypore||EE M.I. Division Rayagada,O/o E.E M.I Division Rayagada,Repair Renovation and Restoration (RRR) of Debrisingi MIP (water body) in Padmapur block of Rayagada District under PMKSY-HKKP for 2022-23,Monsoon,2022-07-02,Civil Works - Others,,02/MID RGD/2022-23,2022_CEMIB_77682_1,2880157.78,2880157.78,3388022,
1034,Odisha,Repair Renovation and Restoration (RRR) of Rajabandha MIP (water body) in Padmapur block of Rayagada District under PMKSY-HKKP for 2022-23,Rayagada,,765025,19.15,83.45,CEMinor IrrigationBBSR||SEKBK Minor Irr.CircleIIJeypore||EE M.I. Division Rayagada,O/o E.E M.I Division Rayagada,Repair Renovation and Restoration (RRR) of Rajabandha MIP (water body) in Padmapur block of Rayagada District under PMKSY-HKKP for 2022-23,Monsoon,2022-07-02,Civil Works - Others,,02/MID RGD/2022-23,2022_CEMIB_77683_1,2676113.64,2676113.64,3147999,
1035,Odisha,Repair Renovation and Restoration (RRR) of Parikhiti MIP (water body) in Ramanaguda block of Rayagada District under PMKSY-HKKP for 2022-23,Rayagada,,765029,19.15,83.45,CEMinor IrrigationBBSR||SEKBK Minor Irr.CircleIIJeypore||EE M.I. Division Rayagada,O/o E.E M.I Division Rayagada,Repair Renovation and Restoration (RRR) of Parikhiti MIP (water body) in Ramanaguda block of Rayagada District under PMKSY-HKKP for 2022-23,Monsoon,2022-07-02,Civil Works - Others,,02/MID RGD/2022-23,2022_CEMIB_77684_1,3390945.21,3390945.21,3988878,
1036,Odisha,Repair Renovation and Restoration (RRR) of Ramanaguda MIP (water body) in Ramanaguda block of Rayagada District under PMKSY-HKKP for 2022-23,Rayagada,,765029,19.15,83.45,CEMinor IrrigationBBSR||SEKBK Minor Irr.CircleIIJeypore||EE M.I. Division Rayagada,O/o E.E M.I Division Rayagada,Repair Renovation and Restoration (RRR) of Ramanaguda MIP (water body) in Ramanaguda block of Rayagada District under PMKSY-HKKP for 2022-23,Monsoon,2022-07-02,Civil Works - Others,,02/MID RGD/2022-23,2022_CEMIB_77685_1,3057826.87,3057826.87,3597020,
1037,Odisha,Construction of Dalaguminalla Check Dam (RG 030050) in Gudari Block of Rayagada District under MATY 2022-23,Rayagada,,765026,19.15,83.45,CEMinor IrrigationBBSR||SEKBK Minor Irr.CircleIIJeypore||EE M.I. Division Rayagada,O/o E.E M.I Division Rayagada,Construction of Dalaguminalla Check Dam (RG 030050) in Gudari Block of Rayagada District under MATY 2022-23,Post-Monsoon,2022-11-30,Civil Works - Others,,09/MID RGD/2022-23,2022_CEMIB_82466_1,3557920.14,3557920.0,4185296,
1038,Odisha,Construction of Arregada Check Dam (RG 040057) in Gunupur Block of Rayagada District under MATY 2022-23,Rayagada,,765022,19.15,83.45,CEMinor IrrigationBBSR||SEKBK Minor Irr.CircleIIJeypore||EE M.I. Division Rayagada,O/o E.E M.I Division Rayagada,Construction of Arregada Check Dam (RG 040057) in Gunupur Block of Rayagada District under MATY 2022-23,Post-Monsoon,2022-11-30,Civil Works - Others,,09/MID RGD/2022-23,2022_CEMIB_82478_1,3507642.76,3507643.0,4126153,
1039,Odisha,Construction of Sanakumudabali Check Dam (RG 080122) in Muniguda Block of Rayagada District under MATY 2022-23,Rayagada,,765020,19.15,83.45,CEMinor IrrigationBBSR||SEKBK Minor Irr.CircleIIJeypore||EE M.I. Division Rayagada,O/o E.E M.I Division Rayagada,Construction of Sanakumudabali Check Dam (RG 080122) in Muniguda Block of Rayagada District under MATY 2022-23,Post-Monsoon,2022-11-30,Civil Works - Others,,09/MID RGD/2022-23,2022_CEMIB_82479_1,3976147.69,3976147.69,4677271,
1040,Odisha,Construction of Damguda Check Dam (RG 100079) in Ramanaguda Block of Rayagada District under MATY 2022-23,Rayagada,,765029,19.15,83.45,CEMinor IrrigationBBSR||SEKBK Minor Irr.CircleIIJeypore||EE M.I. Division Rayagada,O/o E.E M.I Division Rayagada,Construction of Damguda Check Dam (RG 100079) in Ramanaguda Block of Rayagada District under MATY 2022-23,Post-Monsoon,2022-11-30,Civil Works - Others,,09/MID RGD/2022-23,2022_CEMIB_82480_1,3245002.38,3245002.38,3817201,
1041,Odisha,Construction of Madhimanu Check Dam (RG 100080) in Ramanaguda Block of Rayagada District under MATY 2022-23,Rayagada,,765029,19.15,83.45,CEMinor IrrigationBBSR||SEKBK Minor Irr.CircleIIJeypore||EE M.I. Division Rayagada,O/o E.E M.I Division Rayagada,Construction of Madhimanu Check Dam (RG 100080) in Ramanaguda Block of Rayagada District under MATY 2022-23,Post-Monsoon,2022-11-30,Civil Works - Others,,09/MID RGD/2022-23,2022_CEMIB_82483_1,4236658.94,4236658.94,4983718,
1042,Odisha,Construction of Dibalpadu Check Dam (RG 050053) in K Singhpur Block of Rayagada District under MATY 2022-23,Rayagada,,765016,19.15,83.45,CEMinor IrrigationBBSR||SEKBK Minor Irr.CircleIIJeypore||EE M.I. Division Rayagada,O/o E.E M.I Division Rayagada,Construction of Dibalpadu Check Dam (RG 050053) in K Singhpur Block of Rayagada District under MATY 2022-23,Post-Monsoon,2022-11-30,Civil Works - Others,,10/MID RGD/2022-23,2022_CEMIB_82490_1,4314775.58,4314775.58,5075609,
1043,Odisha,Construction of Berdeliguda Check Dam (RG 010150) in Bissamcuttack Block of Rayagada District under MATY 2022-23,Rayagada,,765019,19.15,83.45,CEMinor IrrigationBBSR||SEKBK Minor Irr.CircleIIJeypore||EE M.I. Division Rayagada,O/o E.E M.I Division Rayagada,Construction of Berdeliguda Check Dam (RG 010150) in Bissamcuttack Block of Rayagada District under MATY 2022-23,Post-Monsoon,2022-12-09,Civil Works - Others,,10/MID RGD/2022-23,2022_CEMIB_82497_1,5462720.56,5462720.56,6425974,
1044,Odisha,Construction of Ejurupa Check Dam (RG 080121) in Muniguda Block of Rayagada District under MATY 2022-23,Rayagada,,765020,19.15,83.45,CEMinor IrrigationBBSR||SEKBK Minor Irr.CircleIIJeypore||EE M.I. Division Rayagada,O/o E.E M.I Division Rayagada,Construction of Ejurupa Check Dam (RG 080121) in Muniguda Block of Rayagada District under MATY 2022-23,Post-Monsoon,2022-12-09,Civil Works - Others,,10/MID RGD/2022-23,2022_CEMIB_82498_1,6130937.85,6130937.85,7212020,
1045,Odisha,Construction of Hikiriguda Check Dam (RG 010151) in Bissamcuttack Block of Rayagada District under MATY 2022-23,Rayagada,,765019,19.15,83.45,CEMinor IrrigationBBSR||SEKBK Minor Irr.CircleIIJeypore||EE M.I. Division Rayagada,O/o E.E M.I Division Rayagada,Construction of Hikiriguda Check Dam (RG 010151) in Bissamcuttack Block of Rayagada District under MATY 2022-23,Post-Monsoon,2023-01-04,Civil Works - Others,,13/MID RGD/2022-23,2022_CEMIB_83459_1,3482554.55,3482554.55,4096641,
1046,Odisha,Repair Renovation and Restoration (RRR) of Dhepaguda MIP (water body) in Gudari block of Rayagada District under PMKSY-HKKP for 2022-23,Rayagada,,765026,19.15,83.45,CEMinor IrrigationBBSR||SEKBK Minor Irr.CircleIIJeypore||EE M.I. Division Rayagada,O/o E.E M.I Division Rayagada,Repair Renovation and Restoration (RRR) of Dhepaguda MIP (water body) in Gudari block of Rayagada District under PMKSY-HKKP for 2022-23,Pre-Monsoon,2023-03-17,Civil Works - Others,,15/MID RGD/2022-23,2022_CEMIB_84346_1,1943910.0,1943910.0,2286684,
1047,Odisha,Repair Renovation and Restoration (RRR) of Silimi MIP (water body) in Gudari block of Rayagada District under PMKSY-HKKP for 2022-23,Rayagada,,765026,19.15,83.45,CEMinor IrrigationBBSR||SEKBK Minor Irr.CircleIIJeypore||EE M.I. Division Rayagada,O/o E.E M.I Division Rayagada,Repair Renovation and Restoration (RRR) of Silimi MIP (water body) in Gudari block of Rayagada District under PMKSY-HKKP for 2022-23,Pre-Monsoon,2023-03-17,Civil Works - Others,,15/MID RGD/2022-23,2022_CEMIB_84349_1,1896628.0,1896628.0,2231064,
1048,Odisha,Repair Renovation and Restoration (RRR) of Siriguda MIP (water body) in Gudari block of Rayagada District under PMKSY-HKKP for 2022-23,Rayagada,,765026,19.15,83.45,CEMinor IrrigationBBSR||SEKBK Minor Irr.CircleIIJeypore||EE M.I. Division Rayagada,O/o E.E M.I Division Rayagada,Repair Renovation and Restoration (RRR) of Siriguda MIP (water body) in Gudari block of Rayagada District under PMKSY-HKKP for 2022-23,Pre-Monsoon,2023-03-17,Civil Works - Roads,,15/MID RGD/2022-23,2022_CEMIB_84351_1,4194977.0,4194977.0,4934686,
1049,Odisha,Repair Renovation and Restoration (RRR) of Gudiabandha MIP (water body) in Padmapur block of Rayagada District under PMKSY-HKKP for 2022-23,Rayagada,,765025,19.15,83.45,CEMinor IrrigationBBSR||SEKBK Minor Irr.CircleIIJeypore||EE M.I. Division Rayagada,O/o E.E M.I Division Rayagada,Repair Renovation and Restoration (RRR) of Gudiabandha MIP (water body) in Padmapur block of Rayagada District under PMKSY-HKKP for 2022-23,Pre-Monsoon,2023-03-17,Civil Works - Others,,15/MID RGD/2022-23,2022_CEMIB_84352_1,2561077.0,2561077.0,3012677,
1050,Odisha,Repair Renovation and Restoration (RRR) of Indupur MIP (water body) in Padmapur block of Rayagada District under PMKSY-HKKP for 2022-23,Rayagada,,765025,19.15,83.45,CEMinor IrrigationBBSR||SEKBK Minor Irr.CircleIIJeypore||EE M.I. Division Rayagada,O/o E.E M.I Division Rayagada,Repair Renovation and Restoration (RRR) of Indupur MIP (water body) in Padmapur block of Rayagada District under PMKSY-HKKP for 2022-23,Pre-Monsoon,2023-03-17,Civil Works - Others,,15/MID RGD/2022-23,2022_CEMIB_84353_1,3215393.0,3215393.0,3782370,
1051,Odisha,Repair Renovation and Restoration (RRR) of Padmapur MIP (water body) in Padmapur block of Rayagada District under PMKSY-HKKP for 2022-23,Rayagada,,765025,19.15,83.45,CEMinor IrrigationBBSR||SEKBK Minor Irr.CircleIIJeypore||EE M.I. Division Rayagada,O/o E.E M.I Division Rayagada,Repair Renovation and Restoration (RRR) of Padmapur MIP (water body) in Padmapur block of Rayagada District under PMKSY-HKKP for 2022-23,Pre-Monsoon,2023-03-17,Civil Works - Others,,15/MID RGD/2022-23,2022_CEMIB_84354_1,2534552.0,2534552.0,2981475,
1052,Odisha,Construction of drain at back side of Palia sahi and repair of road in netaji Nagar Ward No. 3,Rayagada,,765022,19.15,83.45,Municipal Bodies||Gunupur Municipal Council,GUNUPUR,Construction of drain at back side of Palia sahi and repair of road in netaji Nagar Ward No. 3,Post-Monsoon,2022-10-23,Civil Works - Others,,GUN-MUN-57/2022-23,2022_ORULB_75675_10,1417904.0,1417904.0,1419404,
1053,Odisha,Construction of road and drain in Krishna Nagar Lane 5 Ward No. 3,Rayagada,,765022,19.15,83.45,Municipal Bodies||Gunupur Municipal Council,GUNUPUR,Construction of road and drain in Krishna Nagar Lane 5 Ward No. 3,Post-Monsoon,2022-10-16,Civil Works - Others,,GUN-MUN-57/2022-23,2022_ORULB_75675_11,1993467.0,1993467.0,1993467,
1054,Odisha,Improvement of road and drain in Phula Bagicha Sahi Ward No. 4,Rayagada,,765022,19.15,83.45,Municipal Bodies||Gunupur Municipal Council,GUNUPUR,Improvement of road and drain in Phula Bagicha Sahi Ward No. 4,Post-Monsoon,2022-10-23,Civil Works - Others,,GUN-MUN-57/2022-23,2022_ORULB_75675_12,407250.0,407250.0,407250,
1055,Odisha,Construction of road and drain at back side of old post office street. Ward No. 5,Rayagada,,765022,19.15,83.45,Municipal Bodies||Gunupur Municipal Council,GUNUPUR,Construction of road and drain at back side of old post office street. Ward No. 5,Post-Monsoon,2022-11-05,Civil Works - Others,,GUN-MUN-57/2022-23,2022_ORULB_75675_14,658307.0,658307.0,658307,
1056,Odisha,Construction of drain and culvert near Gopal Pattanaik House Ward No. 6,Rayagada,,765022,19.15,83.45,Municipal Bodies||Gunupur Municipal Council,GUNUPUR,Construction of drain and culvert near Gopal Pattanaik House Ward No. 6,Post-Monsoon,2022-11-05,Civil Works - Others,,GUN-MUN-57/2022-23,2022_ORULB_75675_15,197230.0,197230.0,197230,
1057,Odisha,Improvement of road and drain in Khandia relli sahi Ward No. 6,Rayagada,,765022,19.15,83.45,Municipal Bodies||Gunupur Municipal Council,GUNUPUR,Improvement of road and drain in Khandia relli sahi Ward No. 6,Post-Monsoon,2022-11-05,Civil Works - Others,,GUN-MUN-57/2022-23,2022_ORULB_75675_16,288902.0,288902.0,288902,
1058,Odisha,Construction of drain from Brahman sahi Chowk to Kotwalguda Sluice gate Ward No. 6,Rayagada,,765022,19.15,83.45,Municipal Bodies||Gunupur Municipal Council,GUNUPUR,Construction of drain from Brahman sahi Chowk to Kotwalguda Sluice gate Ward No. 6,Post-Monsoon,2022-11-05,Civil Works - Others,,GUN-MUN-57/2022-23,2022_ORULB_75675_17,1984112.0,1984112.0,1984112,
1059,Odisha,Improvement of road and drain at back side of old SBI Street Ward No. 6,Rayagada,,765022,19.15,83.45,Municipal Bodies||Gunupur Municipal Council,GUNUPUR,Improvement of road and drain at back side of old SBI Street Ward No. 6,Post-Monsoon,2022-11-05,Civil Works - Others,,GUN-MUN-57/2022-23,2022_ORULB_75675_18,792735.0,792735.0,792735,
1060,Odisha,Construction of drain back side of Tulasi Lane  Ward No. 1,Rayagada,,765022,19.15,83.45,Municipal Bodies||Gunupur Municipal Council,GUNUPUR,Construction of drain back side of Tulasi Lane  Ward No. 1,Post-Monsoon,2022-10-22,Civil Works - Others,,GUN-MUN-57/2022-23,2022_ORULB_75675_2,614940.0,614940.0,614940,
1061,Odisha,Construction of culvert with approach road in Gandhi Nagar and Golla Sahi Ward No. 7,Rayagada,,765022,19.15,83.45,Municipal Bodies||Gunupur Municipal Council,GUNUPUR,Construction of culvert with approach road in Gandhi Nagar and Golla Sahi Ward No. 7,Post-Monsoon,2022-10-23,Civil Works - Others,,GUN-MUN-57/2022-23,2022_ORULB_75675_21,469299.0,469299.0,469299,
1062,Odisha,Construction of drain from Pana Sahi to Haladia Nalla Ward No. 7,Rayagada,,765022,19.15,83.45,Municipal Bodies||Gunupur Municipal Council,GUNUPUR,Construction of drain from Pana Sahi to Haladia Nalla Ward No. 7,Post-Monsoon,2022-10-24,Civil Works - Others,,GUN-MUN-57/2022-23,2022_ORULB_75675_22,788652.0,788652.0,788652,
1063,Odisha,Improvement of Drain and Cover Slab in Jangam Sahi Ward No. 8,Rayagada,,765022,19.15,83.45,Municipal Bodies||Gunupur Municipal Council,GUNUPUR,Improvement of Drain and Cover Slab in Jangam Sahi Ward No. 8,Post-Monsoon,2022-10-24,Civil Works - Others,,GUN-MUN-57/2022-23,2022_ORULB_75675_24,596850.0,596850.0,596850,
1064,Odisha,Construction of road and drain in Panda Street Ward No. 9,Rayagada,,765022,19.15,83.45,Municipal Bodies||Gunupur Municipal Council,GUNUPUR,Construction of road and drain in Panda Street Ward No. 9,Post-Monsoon,2022-10-24,Civil Works - Others,,GUN-MUN-57/2022-23,2022_ORULB_75675_25,824170.0,824170.0,824170,
1065,Odisha,Construction of drain from uppar Soura Sahi to U.P School Ward No. 11,Rayagada,,765022,19.15,83.45,Municipal Bodies||Gunupur Municipal Council,GUNUPUR,Construction of drain from uppar Soura Sahi to U.P School Ward No. 11,Post-Monsoon,2022-10-17,Civil Works - Others,,GUN-MUN-57/2022-23,2022_ORULB_75675_27,1672851.0,1672851.0,1969328,
1066,Odisha,Construction of drain from Balaji Nagar to Tala Soura Sahi Ward No. 11,Rayagada,,765022,19.15,83.45,Municipal Bodies||Gunupur Municipal Council,GUNUPUR,Construction of drain from Balaji Nagar to Tala Soura Sahi Ward No. 11,Post-Monsoon,2022-10-24,Civil Works - Others,,GUN-MUN-57/2022-23,2022_ORULB_75675_28,1261626.0,1261626.0,1263126,
1067,Odisha,Improvement of road and drain in Paika Sahi Ward No. 11,Rayagada,,765022,19.15,83.45,Municipal Bodies||Gunupur Municipal Council,GUNUPUR,Improvement of road and drain in Paika Sahi Ward No. 11,Post-Monsoon,2022-10-17,Civil Works - Others,,GUN-MUN-57/2022-23,2022_ORULB_75675_29,1299426.0,1299426.0,1530056,
1068,Odisha,Completion of incomplete road and drain at Babuli Nagar Lane 1 Left Side Ward No. 1,Rayagada,,765022,19.15,83.45,Municipal Bodies||Gunupur Municipal Council,GUNUPUR,Completion of incomplete road and drain at Babuli Nagar Lane 1 Left Side Ward No 1,Post-Monsoon,2022-10-23,Civil Works - Others,,GUN-MUN-57/2022-23,2022_ORULB_75675_3,815125.0,815125.0,815125,
1069,Odisha,Improvement of drain at Katika Street Ward No. 12,Rayagada,,765022,19.15,83.45,Municipal Bodies||Gunupur Municipal Council,GUNUPUR,Improvement of drain at Katika Street Ward No. 12,Post-Monsoon,2022-10-24,Civil Works - Others,,GUN-MUN-57/2022-23,2022_ORULB_75675_30,1524963.0,1524963.0,1526520,
1070,Odisha,Improvement of road and drain in Bauri sahi Ward No. 13,Rayagada,,765022,19.15,83.45,Municipal Bodies||Gunupur Municipal Council,GUNUPUR,Improvement of road and drain in Bauri sahi Ward No. 13,Post-Monsoon,2022-10-24,Civil Works - Others,,GUN-MUN-57/2022-23,2022_ORULB_75675_31,1229555.0,1229555.0,1231088,
1071,Odisha,Improvement of road and drain at Katturu Village Ward No. 17,Rayagada,,765022,19.15,83.45,Municipal Bodies||Gunupur Municipal Council,GUNUPUR,Improvement of road and drain at Katturu Village Ward No. 17,Post-Monsoon,2022-10-24,Civil Works - Others,,GUN-MUN-57/2022-23,2022_ORULB_75675_33,1833307.0,1833307.0,1834810,
1072,Odisha,Construction of drain at Niladri Vihar Lane 3 and adjucent area Ward No. 18,Rayagada,,765022,19.15,83.45,Municipal Bodies||Gunupur Municipal Council,GUNUPUR,Construction of drain at Niladri Vihar Lane 3 and adjucent area Ward No. 18,Post-Monsoon,2022-10-09,Civil Works - Others,,GUN-MUN-57/2022-23,2022_ORULB_75675_34,1922016.0,1922016.0,1923538,
1073,Odisha,Construction of drain in Nilachakra Nagar Ward No. 18,Rayagada,,765022,19.15,83.45,Municipal Bodies||Gunupur Municipal Council,GUNUPUR,Construction of drain in Nilachakra Nagar Ward No. 18,Post-Monsoon,2022-10-24,Civil Works - Others,,GUN-MUN-57/2022-23,2022_ORULB_75675_35,1279545.0,1279545.0,1279545,
1074,Odisha,Construction of road and drain in Santi Nagar Lane 3 and 4 Ward No. 18,Rayagada,,765022,19.15,83.45,Municipal Bodies||Gunupur Municipal Council,GUNUPUR,Construction of road and drain in Santi Nagar Lane 3 and 4 Ward No. 18,Post-Monsoon,2022-11-05,Civil Works - Others,,GUN-MUN-57/2022-23,2022_ORULB_75675_37,927825.0,927825.0,927825,
1075,Odisha,Improvement of road and drain at Maratiguda(Majhi Sahi) Ward No. 18,Rayagada,,765022,19.15,83.45,Municipal Bodies||Gunupur Municipal Council,GUNUPUR,Improvement of road and drain at Maratiguda(Majhi Sahi) Ward No. 18,Post-Monsoon,2022-11-05,Civil Works - Others,,GUN-MUN-57/2022-23,2022_ORULB_75675_38,1361216.0,1361216.0,1361216,
1076,Odisha,Improvement of road and drain at Maratiguda(Gula Sahi) Ward No. 18,Rayagada,,765022,19.15,83.45,Municipal Bodies||Gunupur Municipal Council,GUNUPUR,Improvement of road and drain at Maratiguda(Gula Sahi) Ward No. 18,Post-Monsoon,2022-11-05,Civil Works - Others,,GUN-MUN-57/2022-23,2022_ORULB_75675_39,1194865.0,1194865.0,1194865,
1077,Odisha,Construction of drain and Repair of road at Shiva Nagar Ward No. 1,Rayagada,,765022,19.15,83.45,Municipal Bodies||Gunupur Municipal Council,GUNUPUR,Construction of drain and Repair of road at Shiva Nagar Ward No. 1,Post-Monsoon,2022-10-23,Civil Works - Others,,GUN-MUN-57/2022-23,2022_ORULB_75675_4,823135.0,823135.0,823135,
1078,Odisha,Improvement of road and drain at Maratiguda (Khandia Sahi) Ward No. 18,Rayagada,,765022,19.15,83.45,Municipal Bodies||Gunupur Municipal Council,GUNUPUR,Improvement of road and drain at Maratiguda(Khandia Sahi) Ward No. 18,Post-Monsoon,2022-11-05,Civil Works - Others,,GUN-MUN-57/2022-23,2022_ORULB_75675_40,1380288.0,1380288.0,1380288,
1079,Odisha,Construction of drain back side of Sekhar Nagar and Rameswar Nagar Ward No. 19,Rayagada,,765022,19.15,83.45,Municipal Bodies||Gunupur Municipal Council,GUNUPUR,Construction of drain back side of Sekhar Nagar and Rameswar Nagar Ward No. 19,Post-Monsoon,2022-11-05,Civil Works - Others,,GUN-MUN-57/2022-23,2022_ORULB_75675_42,450094.0,450094.0,450094,
1080,Odisha,Improvement of road and drain in Rameswar Nagar Ward No. 19,Rayagada,,765022,19.15,83.45,Municipal Bodies||Gunupur Municipal Council,GUNUPUR,Improvement of road and drain in Rameswar Nagar Ward No. 19,Post-Monsoon,2022-11-05,Civil Works - Others,,GUN-MUN-57/2022-23,2022_ORULB_75675_43,1696250.0,1696250.0,1696250,
1081,Odisha,Construction of road and drain at Manikantha Nagar ward No. 16,Rayagada,,765022,19.15,83.45,Municipal Bodies||Gunupur Municipal Council,GUNUPUR,Construction of road and drain at Manikantha Nagar ward No. 16,Post-Monsoon,2022-11-05,Civil Works - Others,,GUN-MUN-57/2022-23,2022_ORULB_75675_48,1993916.0,1993916.0,1993916,
1082,Odisha,Improvement of road and drain in Adarsh Nagar Lane 4 Ward No. 2,Rayagada,,765022,19.15,83.45,Municipal Bodies||Gunupur Municipal Council,GUNUPUR,Improvement of road and drain in Adarsh Nagar Lane 4 Ward No. 2,Post-Monsoon,2022-11-05,Civil Works - Others,,GUN-MUN-57/2022-23,2022_ORULB_75675_6,1999174.0,1999174.0,1999174,
1083,Odisha,Improvement of road and drain in Kapilpur Ward No. 2,Rayagada,,765022,19.15,83.45,Municipal Bodies||Gunupur Municipal Council,GUNUPUR,Improvement of road and drain in Kapilpur Ward No. 2,Post-Monsoon,2022-10-23,Civil Works - Others,,GUN-MUN-57/2022-23,2022_ORULB_75675_7,752748.0,752748.0,752748,
1084,Odisha,Construction of Protection wall and road from New Bus stand terminal Building to SUH Building Ward No. 2,Rayagada,,765022,19.15,83.45,Municipal Bodies||Gunupur Municipal Council,GUNUPUR,Construction of Protection wall and road from New Bus stand terminal Building to SUH Building Ward No. 2,Post-Monsoon,2022-11-05,Civil Works - Others,,GUN-MUN-57/2022-23,2022_ORULB_75675_8,868030.0,868030.0,868030,
1085,Odisha,Retrofitting of 40 LPCD Rural Piped Water Supply to 5 nos. of villages Khambesi of Kurli GP Kurli of Kurli GP Duaragadi of Daliakuji GP Khajuri of Kurli GP under Bissamcuttack Block and Bondri of Chandrapur GP under Chandrapur Block in Rayagada Dist,Rayagada,,765020,19.15,83.45,Rural Water Supply and Sanitation||RWSS Circle Koraput||RWSS Division Rayagada,RWSS DIVISION RAYAGADA,Retrofitting of 40 LPCD Rural Piped Water Supply to 5 nos. of villages Khambesi of Kurli GP Kurli of Kurli GP Duaragadi of Daliakuji GP Khajuri of Kurli GP under Bissamcuttack Block and Bondri of Chandrapur GP under Chandrapur Block in Rayagada Dist,Pre-Monsoon,2022-04-21,Civil Works - Water Works,,11/RWSS/RGD/2021-22,2022_RWSS_75702_1,42396074.0,38895481.16,38895481,
1086,Odisha,Retrofitting of 40 LPCD Spring Based Water Supply to village Sagadi of Kurli GP under Bissamcuttack Block in Rayagada District.,Rayagada,,765022,19.15,83.45,Rural Water Supply and Sanitation||RWSS Circle Koraput||RWSS Division Rayagada,RWSS DIVISION RAYAGADA,Retrofitting of 40 LPCD Spring Based Water Supply to village Sagadi of Kurli GP under Bissamcuttack Block in Rayagada District.,Pre-Monsoon,2022-05-12,Civil Works - Water Works,,11/RWSS/RGD/2021-22,2022_RWSS_75710_1,789718.58,766717.07,766717,
1087,Odisha,Construction of Bridge over Local nallah on RD road NH-6 Chandmunda road in the district of Sambalpur,SAMBALPUR,,768001,21.466666666666665,84.01666666666667,CE RW I||RWCIRCLE-SAMBALPUR,SERW CIRCLE SAMBALPUR,Construction of Bridge over Local nallah on RD road NH-6 Chandmunda road in the district of Sambalpur,Monsoon,2022-07-07,Civil Works - Bridges,,ONLINE-13-2018-19 (BRIDGES),2019_CERWI_53180_2,32132618.52,36912830.01,36912816,
1088,Odisha,Construction of CC road with culvert and drain from Satyandra Bohidar Park towards Regional Probation Officers Office Sambalpur W.No.32,SAMBALPUR,,768001,21.466666666666665,84.01666666666667,Municipal Bodies||Sambalpur Municipal Corporation,SMC Sambalpur,Construction of CC road with culvert and drain from Satyandra Bohidar Park towards Regional Probation Officers Office Sambalpur W.No.32,Pre-Monsoon,2022-04-30,Civil Works - Others,,02/SMC/2019-2020,2019_ORULB_55763_12,1136189.77,1136189.77,1336537,
1089,Odisha,Construction of RCC drain from Ramachandi Nurshing home to Mitu Panda house at Pathanbandha in W.No.07 SMC Sambalpur,SAMBALPUR,,768001,21.466666666666665,84.01666666666667,Municipal Bodies||Sambalpur Municipal Corporation,SMC. Sambalpur,Construction of RCC drain from Ramachandi Nurshing home to Mitu Panda house at Pathanbandha in W.No.07 SMC Sambalpur,Post-Monsoon,2022-12-22,Civil Works - Others,,5_SMC/SBP/2019-20,2019_ORULB_56092_7,605466.03,605466.03,605466,
1090,Odisha,Construction of C C Road and Drain from Culvrt to Culvert Bishnu mandeer Para Cremation Road Ward no 4,SAMBALPUR,,768001,21.466666666666665,84.01666666666667,Municipal Bodies||Sambalpur Municipal Corporation,Sambalpur Municipal Corporation,Construction of C C Road and Drain from Culvrt to Culvert Bishnu mandeer Para Cremation Road Ward no 4,Monsoon,2022-08-22,Civil Works - Others,,03/SMC_SBP/2021-22,2021_ORULB_71082_2,303361.0,356854.0,356854,
1091,Odisha,Construction of Culvert at Sargidhi Slum Ward No-4Kuchinda NAC,SAMBALPUR,,768222,21.466666666666665,84.01666666666667,Municipal Bodies||Kuchinda NAC,OFFICE OF THE EXECUTIVE OFFICER NAC KUCHINDA,Construction of Culvert at Sargidhi Slum Ward No-4Kuchinda NAC,Post-Monsoon,2022-10-28,Civil Works - Others,,KCDA/NAC-11/2021-22,2021_ORULB_72707_24,83039.91,83039.91,97740,
1092,Odisha,Improvement to Left dyke top and toe road from Left Pavilion to 5th Gap (from RD 0.00 mtr. to RD 13800 mtr.) of Hirakud Dam at Burla for the year 2022-23,Sambalpur,,768016,21.466666666666665,84.01666666666667,CE-BMUM BasinBurla||SEHirakud Dam CircleBurla||EEMain Dam DivnBurla,Addl. Chief Engineer HHW and AS Burla,Improvement to Left dyke top and toe road from Left Pavilion to 5th Gap (from RD 0.00 mtr. to RD 13800 mtr.) of Hirakud Dam at Burla for the year 2022-23,Post-Monsoon,2022-12-27,Civil Works - Roads,,HHW AND ASC- 01(02)/2022-23,2022_CEBBU_81908_1,38492543.0,38492543.0,45280017,
1093,Odisha,Slope Protection work on both sides of High-Level Bridge (SH-24 Linking NH-53B) across River Tikira near village Kutasingha for the year 2022-23.,SAMBALPUR,,768001,21.466666666666665,84.01666666666667,CE-BMUM BasinBurla||SEHirakud Dam CircleBurla||EE Sambalpur Irrigation Division Sambalpur,O/o the SE Sambalpur Irrigation Division Sambalp,Slope Protection work on both sides of High-Level Bridge (SH-24 Linking NH-53B) across River Tikira near village Kutasingha for the year 2022-23.,Post-Monsoon,2022-12-19,Civil Works - Others,,SESID-03(01)/2022-23,2022_CEBBU_82294_1,7203117.0,7203117.0,8473259,
1094,Odisha,Improvement of top road of Right Dyke from RD 00 mtr to RD 10800 mtr of Hirakud Dam at Burla for the year 2022-23,Sambalpur,,768017,21.466666666666665,84.01666666666667,CE-BMUM BasinBurla||SEHirakud Dam CircleBurla||EEMain Dam DivnBurla,office of theAddl. Chief Engineer HHW and AS Burla,Improvement of top road of Right Dyke from RD 00 mtr to RD 10800 mtr of Hirakud Dam at Burla for the year 2022-23,Post-Monsoon,2023-01-30,Civil Works - Roads,,HHW AND ASC- 02(01)/2022-23,2022_CEBBU_82429_1,45758595.0,45758595.0,53827308,
1095,Odisha,Improvement to Left Dyke toe road of 4th gap from RD 9574m to RD 11659m and in 3rd gap RD 5693m to RD 7893m along with Left dyke top road 245m to RD 1645.92m with drainage and protection toe wall of Hirakud Dam for the Year 2022-23,Sambalpur,,768016,21.466666666666665,84.01666666666667,CE-BMUM BasinBurla||SEHirakud Dam CircleBurla||EEMain Dam DivnBurla,Addl. Chief Engineer HHW and AS Burla,Improvement to Left Dyke toe road of 4th gap from RD 9574m to RD 11659m and in 3rd gap RD 5693m to RD 7893m along with Left dyke top road 245m to RD 1645.92m with drainage and protection toe wall of Hirakud Dam for the Year 2022-23,Post-Monsoon,2023-01-16,Civil Works - Roads,,HHW AND ASC- 02(02)/2022-23,2022_CEBBU_82431_1,23822733.0,23822733.0,28023447,
1096,Odisha,Construction of Surplus Escape Head Regulator and Improvement to Earth Dam of Salebhatakata MIP in Naktideul Block of Sambalpur District under Critical Grant 2021-22.,SAMBALPUR,,768001,21.466666666666665,84.01666666666667,CEMinor IrrigationBBSR||SENMIC-SAMBALPUR,E E M.I.Division Sambalpur,Construction of Surplus Escape Head Regulator and Improvement to Earth Dam of Salebhatakata MIP in Naktideul Block of Sambalpur District under Critical Grant 2021-22.,Pre-Monsoon,2022-04-14,Civil Works - Water Works,,EEMID SBP-11 of 2021-22,2022_CEMIB_75732_1,4319689.9,5081390.31,5100000,
1097,Odisha,Const of D/S including cons. of Fall Outlet VRC  Cross-drainage syphon Tail cluster EW of canal and H/W works i.e. H/R U/s stone rip-rap of earthdam of Sankarpur kata MIP in Naktideul Block of SBP District under Critical Grant 2021-22.,SAMBALPUR,,768001,21.466666666666665,84.01666666666667,CEMinor IrrigationBBSR||SENMIC-SAMBALPUR,EE MIDIVISION SAMBALPUR,Const of D/S including cons. of Fall Outlet VRC  Cross-drainage syphon Tail cluster EW of canal and H/W works i.e. H/R U/s stone rip-rap of earthdam of Sankarpur kata MIP in Naktideul Block of SBP District under Critical Grant 2021-22.,Pre-Monsoon,2022-04-14,Civil Works - Water Works,,EEMID SBP-11 of 2021-22,2022_CEMIB_75732_2,6249091.47,7351007.49,7352000,
1098,Odisha,Construction Of 8 Nos Recharge Shafts in Tanks Ponds in Jharsuguda Block Of Jharsuguda District,SAMBALPUR,,768004,21.466666666666665,84.01666666666667,Ground Water Survey and Investigation,SAMBALPUR,Construction Of 8 Nos Recharge Shafts in Tanks Ponds in Jharsuguda Block Of Jharsuguda District,Post-Monsoon,2023-01-02,Civil Works - Others,,01/GWSBPD/ARUA/2022-23,2022_GWSI_83241_1,1300053.0,1300053.0,1376000,
1099,Odisha,Construction Of 8 Nos Recharge Shafts in Tanks Ponds in Bisra Block Of Sundergarh District,SAMBALPUR,,768004,21.466666666666665,84.01666666666667,Ground Water Survey and Investigation,SAMBALPUR,Construction Of 8 Nos Recharge Shafts in Tanks Ponds in Bisra Block Of Sundergarh District,Post-Monsoon,2023-01-02,Civil Works - Others,,02/GWSBPD/ARUA/2022-23,2022_GWSI_83249_1,1294056.0,1294056.0,1376656,
1100,Odisha,Anlaposi Nallah toll gate on Kuchinda Kusumi road.,SAMBALPUR,,768222,21.466666666666665,84.01666666666667,Orissa Bridge and Construction Corporation Ltd,O/O THE EIC Cum MD OB AND CC LTD NAYAPALLI BBSR,Anlaposi Nallah toll gate on Kuchinda Kusumi road.,Post-Monsoon,2022-10-11,Toll Gate,,NO. 17/TOLL/OBCC/2022-23,2022_OBCC_80145_4,17344556.0,17344556.0,15999999,
1101,Odisha,CONSTRUCTION OF APPROACH ROAD TO C-16 OFFICERS CLUB 11/0.4 KV SUB-STATION INFRONT OF OFFICE BUILDING AND RENOVATION OF BACKSIDE DRAIN OF 5 HP PUMP HOUSE AT BURLA POWER HOUSE HHEP BURLA,SAMBALPUR,,768017,21.466666666666665,84.01666666666667,Odisha Hydro Power Corporation Ltd||Hirakud H.E. Project Burla,O/O SRGMHHEPBURLA,CONSTRUCTION OF APPROACH ROAD TO C-16 OFFICERS CLUB 11/0.4 KV SUB-STATION INFRONT OF OFFICE BUILDING AND RENOVATION OF BACKSIDE DRAIN OF 5 HP PUMP HOUSE AT BURLA POWER HOUSE HHEP BURLA,Monsoon,2022-09-28,Civil Works - Roads,,HHEP-29/2022,2022_OHPCL_79312_1,860491.0,860491.0,1012223,
1102,Odisha,Slab Casting and Laying on existing roadside drain,SAMBALPUR,,768025,21.466666666666665,84.01666666666667,Odisha Hydro Power Corporation Ltd||Chiplima H.E. Project Chiplima,O/o the GM (El.) CHEP Chiplima,Slab Casting and Laying on existing roadside drain near Chiplima Power House,Pre-Monsoon,2023-03-04,Civil Works - Others,,CHEP-41/2022-23,2022_OHPCL_84535_1,697354.0,697354.0,820320,
1103,Odisha,Construction of Cement Concrete road with drain from Sudhansu Mahapatra house to Susanta Mahakul house Ward No-9.,SAMBALPUR,,768222,21.466666666666665,84.01666666666667,Municipal Bodies||Kuchinda NAC,OFFICE OF THE NAC KUCHINDA,Construction of Cement Concrete road with drain from Sudhansu Mahapatra house to Susanta Mahakul house Ward No-9.,Post-Monsoon,2022-11-15,Civil Works - Roads,,KCDA/NAC-1/2022-23,2022_ORULB_77702_11,187917.68,187917.68,221053,
1104,Odisha,Construction of CC road with drain from Loknath Senapati house to Jagannath Mandir house Ward No-10.,SAMBALPUR,,768222,21.466666666666665,84.01666666666667,Municipal Bodies||Kuchinda NAC,OFFICE OF THE NAC KUCHINDA,Construction of CC road with drain from Loknath Senapati house to Jagannath Mandir house Ward No-10.,Post-Monsoon,2022-11-15,Civil Works - Others,,KCDA/NAC-1/2022-23,2022_ORULB_77702_12,225349.27,225349.27,265086,
1105,Odisha,Construction of Cement Concrete road with drain from Arjun Pradhan house to Narsingha Chhatria house Ward No-3,SAMBALPUR,,768222,21.466666666666665,84.01666666666667,Municipal Bodies||Kuchinda NAC,OFFICVE OF THE NAC KUCHINDA,Construction of Cement Concrete road with drain from Arjun Pradhan house to Narsingha Chhatria house Ward No-3,Post-Monsoon,2022-11-15,Civil Works - Others,,KCDA/NAC-1/2022-23,2022_ORULB_77702_20,186605.99,186605.99,219510,
1106,Odisha,Construction of cement Concrete drain Rama Charan Ray house to Sukru Sahu house Ward No-2,SAMBALPUR,,768222,21.466666666666665,84.01666666666667,Municipal Bodies||Kuchinda NAC,OFFICE OF THE NAC KUCHINDA,Construction of cement Concrete drain Rama Charan Ray house to Sukru Sahu house Ward No-2,Post-Monsoon,2022-11-16,Civil Works - Others,,KCDA/NAC-1/2022-23,2022_ORULB_77702_22,149456.44,149456.44,175810,
1107,Odisha,Construction of Cement Concrete drain Tala Bandha towards Sharma house Ward No-2,SAMBALPUR,,768222,21.466666666666665,84.01666666666667,Municipal Bodies||Kuchinda NAC,OFFICE OF THE NAC KUCHINDA,Construction of Cement Concrete drain Tala Bandha towards Sharma house Ward No-2,Post-Monsoon,2022-11-15,Civil Works - Others,,KCDA/NAC-1/2022-23,2022_ORULB_77702_25,149456.44,149456.44,175810,
1108,Odisha,Constructions of CC drain from Dusasan shop to Sobhagy Pradhan house Ward No-11,SAMBALPUR,,768222,21.466666666666665,84.01666666666667,Municipal Bodies||Kuchinda NAC,OFFICE OF THE NAC KUCHINDA,Constructions of CC drain from Dusasan shop to Sobhagy Pradhan house Ward No-11,Post-Monsoon,2022-11-15,Civil Works - Others,,KCDA/NAC-1/2022-23,2022_ORULB_77702_8,149181.94,149191.94,175487,
1109,Odisha,Repair and restoration of CC drain with cover slab from Siba Sahu house to Darji house Ward No-5 Kuchinda NAC,SAMBALPUR,,768222,21.466666666666665,84.01666666666667,Municipal Bodies||Kuchinda NAC,OFFICE OF THE NAC KUCHINDA,Repair and restoration of CC drain with cover slab from Siba Sahu house to Darji house Ward No-5 Kuchinda NAC,Post-Monsoon,2022-11-16,Civil Works - Others,,KCDA/NAC-5/2022-23,2022_ORULB_82029_12,216127.7,216127.7,254238,
1110,Odisha,Construction of drain near new market complex Ward No-4Kuchinda NAC,SAMBALPUR,,768222,21.466666666666665,84.01666666666667,Municipal Bodies||Kuchinda NAC,OFFICE OF THE NAC KUCHINDA,Construction of drain near new market complex Ward No-4Kuchinda NAC,Post-Monsoon,2022-11-16,Civil Works - Others,,KCDA/NAC-5/2022-23,2022_ORULB_82029_8,441383.01,441383.01,522518,
1111,Odisha,Boxcell culvert with approach road of PWD road to Badbahal road from 0.28 km in the district of sambalpur for the year 2022-23,SAMBALPUR,,768106,21.466666666666665,84.01666666666667,EIC-CIVIL||SERNB-CIRCLE-NORTHERN||EERNB-DIVN-SAMBALPUR,O/o SE R AND B DIV-I SBP,Road works,Pre-Monsoon,2023-04-04,Civil Works - Roads,,SE/ R AND B/ SBP/43/2022-23,2023_EICCL_85662_2,3399828.0,3399828.0,3999327,
1112,Odisha,Construction of (1x5x2.5) Boxcell culvert of Sahebi to Mandkunda road at 1.273km and 2.418 km for the year 2022-23,SAMBALPUR,,768106,21.466666666666665,84.01666666666667,EIC-CIVIL||SERNB-CIRCLE-NORTHERN||EERNB-DIVN-SAMBALPUR,O/O SE R AND B DIV-I SBP,ROAD WORKS,Pre-Monsoon,2023-04-04,Civil Works - Roads,,SE/ R AND B/ SBP/43/2022-23,2023_EICCL_85662_3,3363967.0,3363967.0,3957143,
1113,Odisha,Construction of drain from Rajesh Meher house towards RD Ward No.10 in Sonepur Municipality,Subarnapur,,767017,34.016666666666666,84.61666666666666,Municipal Bodies||Sonepur Municipal Council,SONEPUR MUNICIPALITY,Construction of drain from Rajesh Meher house towards RD Ward No.10 in Sonepur Municipality,Pre-Monsoon,2022-04-08,Civil Works - Roads,,SNP-MUN-09/2021-22,2021_ORULB_74733_10,1503166.51,1768223.17,1768223,
1114,Odisha,Construction of Paver Road and drain from Durga Mandap to Gudakhu Factory in W No.13 14 in Sonepur Municipality,Subarnapur,,767017,34.016666666666666,84.61666666666666,Municipal Bodies||Sonepur Municipal Council,SONEPUR MUNICIPALITY,Construction of Paver Road and drain from Durga Mandap to Gudakhu Factory in W No.13 14 in Sonepur Municipality,Pre-Monsoon,2022-04-08,Civil Works - Roads,,SNP-MUN-09/2021-22,2021_ORULB_74733_15,982311.74,1155524.93,1155525,
1115,Odisha,Construction of drain from Sankar Kumbhar to Khirasindhu Kumbhar of Harijanapada Ward No.12 Sonepur Municipality,Subarnapur,,767017,34.016666666666666,84.61666666666666,Municipal Bodies||Sonepur Municipal Council,SONEPUR MUNICIPALITY,Construction of drain from Sankar Kumbhar to Khirasindhu Kumbhar of Harijanapada Ward No.12 Sonepur Municipality,Pre-Monsoon,2022-04-08,Civil Works - Roads,,SNP-MUN-09/2021-22,2021_ORULB_74733_16,301805.67,307964.97,307965,
1116,Odisha,Repair of drain from Pattnaik Medical to Sanskrutik Mandap Chowk Ward No.9 in Sonepur Municipality,Subarnapur,,767017,34.016666666666666,84.61666666666666,Municipal Bodies||Sonepur Municipal Council,SONEPUR MUNICIPALITY,Repair of drain from Pattnaik Medical to Sanskrutik Mandap Chowk Ward No.9 in Sonepur Municipality,Pre-Monsoon,2022-04-08,Civil Works - Others,,SNP-MUN-09/2021-22,2021_ORULB_74733_8,246353.01,259291.66,259292,
1117,Odisha,Construction of protection wall for intake well and construction of watchmen shed near intake site at Subarnapur Municipality.,Subarnapur,,767017,34.016666666666666,84.61666666666666,PHEO||PH Circle Bhawanipatna||PH Division Balangir,Superintending Engineer P.H. Division Balangir,Construction of protection wall for intake well and construction of watchmen shed near intake site at Subarnapur Municipality.,Post-Monsoon,2022-11-16,Civil Works - Water Works,,SEPHBGR20/2021-22,2021_PHEO_70060_4,8064158.0,8647890.18,8647890,
1118,Odisha,Coastal Protection measures to control Erosion and saline intrusion to North at village Ramayapatna.,Subarnapur,,761009,34.016666666666666,84.61666666666666,CE-BMRVN BasinBerhampur,O/o CE and BM RBVN Basin Berhampur,Coastal Protection measures to control Erosion and saline intrusion to North at village Ramayapatna.,Post-Monsoon,2023-02-02,Civil Works - Others,,CE and BM RBVN -03/2022-23,2022_CEBMB_79977_1,179628843.0,179628843.0,199585385,
1119,Odisha,Construction of FPE on Mahanadi left near village Kapasira from RD 00 M to RD 270 M,Subarnapur,,767017,34.016666666666666,84.61666666666666,CE-BM Tel BasinBhawanipatna||SE Balangir Irr Circle Balangir,O-o the EE Tel Irrigation Division Sonepur Odis,Flood protection Embankment work,Post-Monsoon,2022-11-04,Civil Works - Others,,EETIDSNP-05/2022-23,2022_CEBMT_81546_1,4042365.24,4755164.38,4755164,
1120,Odisha,Construction of FPE on Mahanadi left near village Apatnuagarh from RD 00 M to 275 M,Subarnapur,,767017,34.016666666666666,84.61666666666666,CE-BM Tel BasinBhawanipatna||SE Balangir Irr Circle Balangir,O-o the EE Tel Irrigation Division Sonepur Odis,Flood Protection Embankment work,Post-Monsoon,2022-11-04,Civil Works - Others,,EETIDSNP-05/2022-23,2022_CEBMT_81546_2,3984258.88,4686812.0,4686812,
1121,Odisha,Construction of F.P.E on Tel left from RD 00 m to 540 m near village Budelmunda,Subarnapur,,767017,34.016666666666666,84.61666666666666,CE-BM Tel BasinBhawanipatna||SE Balangir Irr Circle Balangir,O-o the EE Tel Irrigation Division Sonepur Odis,Flood Protection Embankment work,Post-Monsoon,2022-11-04,Civil Works - Others,,EETIDSNP-05/2022-23,2022_CEBMT_81546_3,3931487.95,4624735.86,4624736,
1122,Odisha,Construction of Flood Protection Embankment on Mahanadi left near village Khambeswaripali from RD 00 m to RD 270 m,Subarnapur,,767017,34.016666666666666,84.61666666666666,CE-BM Tel BasinBhawanipatna||SE Balangir Irr Circle Balangir,O-o the EE Tel Irrigation Division Sonepur Odis,Flood Protection Embankment Work,Post-Monsoon,2022-11-04,Civil Works - Others,,EETIDSNP-05/2022-23,2022_CEBMT_81546_4,3899804.2,4587465.24,4587465,
1123,Odisha,Gap closing to F.P.E on Suktel right from Arakhpadar to Kankeda from RD 225 m to 640 m,Subarnapur,,767017,34.016666666666666,84.61666666666666,CE-BM Tel BasinBhawanipatna||SE Balangir Irr Circle Balangir,O-o the EE Tel Irrigation Division Sonepur Odis,Flood Protection Embankment work,Post-Monsoon,2022-11-04,Civil Works - Others,,EETIDSNP-05/2022-23,2022_CEBMT_81546_5,3708028.79,4361873.64,4361874,
1124,Odisha,Raising of F.P.E from Tarbha P.W.D road to new bridge from RD 00 m to 137 m,Subarnapur,,767017,34.016666666666666,84.61666666666666,CE-BM Tel BasinBhawanipatna||SE Balangir Irr Circle Balangir,O-o the EE Tel Irrigation Division Sonepur Odis,Flood Protection Embankment work,Post-Monsoon,2022-11-04,Civil Works - Others,,EETIDSNP-05/2022-23,2022_CEBMT_81546_6,2388199.98,2809316.52,2809317,
1125,Odisha,Stone pitching work to existing flood protection embankment near village Hikudi from RD 00 m to RD 155 m,Subarnapur,,767017,34.016666666666666,84.61666666666666,CE-BM Tel BasinBhawanipatna||SE Balangir Irr Circle Balangir,O-o the EE Tel Irrigation Division Sonepur Odis,Flood Protection Embankment work,Post-Monsoon,2022-11-04,Civil Works - Others,,EETIDSNP-05/2022-23,2022_CEBMT_81546_7,750155.79,888308.18,888308,
1126,Odisha,Construction of F.P.E on Nibrutijore right from Antarda to Tarava from RD 00 m to RD 2000 m,Subarnapur,,767017,34.016666666666666,84.61666666666666,CE-BM Tel BasinBhawanipatna||SE Balangir Irr Circle Balangir,O-o the Addl Chief Engineer Balangir Irr Circle,Flood Protection Embankment work,Post-Monsoon,2022-11-21,Civil Works - Others,,SEBOIC-02/2022-23,2022_CEBMT_81717_1,22411535.84,26363411.18,26363411,
1127,Odisha,Construction of Box Cell Bridge on Tarava-Kamsara road at 26/400 Km in the District of Subarnapur.,Subarnapur,,767017,34.016666666666666,84.61666666666666,EIC-CIVIL||SERNB-CIRCLE-BOLANGIR,O/o CCE Balangir (R and B) Circle Balangir,Culvert work,Monsoon,2022-07-15,Civil Works - Bridges,,CCE (R and B) BGR-10-2021-22,2022_EICCL_75957_17,30727161.0,30727161.0,36145349,
1128,Odisha,Construction of four span of 8.0m X4.0m vent Boxcell Culvert at Ch. 10/625 Km on Khariarm Narayanpur Menda-Kumunde road in the district of Subarnapur.,Subarnapur,,767017,34.016666666666666,84.61666666666666,EIC-CIVIL||SERNB-CIRCLE-BOLANGIR,O/o CCE Balangir (R and B) Circle Balangir,Culvert work,Pre-Monsoon,2022-05-26,Civil Works - Bridges,,CCE (R and B) BGR-10-2021-22,2022_EICCL_75957_20,18359200.0,18359200.0,21596519,
1129,Odisha,Construction of Box cell Culvert at CH. 3/550 km on Cherupali-Agalpur Road in the District of Subarnapur.,Subarnapur,,767017,34.016666666666666,84.61666666666666,EIC-CIVIL||SERNB-CIRCLE-BOLANGIR,O/o CCE Balangir (R and B) Circle Balangir,Culvert Work,Pre-Monsoon,2022-05-20,Civil Works - Bridges,,CCE (R and B) BGR-11-2021-22,2022_EICCL_75970_2,17010252.0,17010252.0,20009707,
1130,Odisha,Construction of Paver road and drain from Laxman Naik house to community center in Ward No.5 Sonepur Municipality,Subarnapur,,767017,34.016666666666666,84.61666666666666,Municipal Bodies||Sonepur Municipal Council,SONEPUR MUNICIPALITY,Construction of Paver road and drain from Laxman Naik house to community center in Ward No.5 Sonepur Municipality,Pre-Monsoon,2022-04-08,Civil Works - Roads,,SNP-MUN-10/2021-22,2022_ORULB_75480_12,268116.65,268143.47,268143,
1131,Odisha,Construction of Paver road and drain from Kali Mandap to BalaKrishna Mohapatra Ward No.4 in Sonepur Municipality,Subarnapur,,767017,34.016666666666666,84.61666666666666,Municipal Bodies||Sonepur Municipal Council,SONEPUR MUNICIPALITY,Construction of Paver road and drain from Kali Mandap to BalaKrishna Mohapatra Ward No.4 in Sonepur Municipality,Pre-Monsoon,2022-04-12,Civil Works - Roads,,SNP-MUN-10/2021-22,2022_ORULB_75480_5,1360408.94,1431858.69,1431859,
1132,Odisha,Construction of Drain from Masjid Chowk to Kasturi Hotel Chowk Ward No.9 in Sonepur Municipality,Subarnapur,,767017,34.016666666666666,84.61666666666666,Municipal Bodies||Sonepur Municipal Council,SONEPUR MUNICIPALITY,Construction of Drain from Masjid Chowk to Kasturi Hotel Chowk Ward No.9 in Sonepur Municipality,Pre-Monsoon,2022-04-12,Civil Works - Roads,,SNP-MUN-10/2021-22,2022_ORULB_75480_6,855366.39,1006195.02,1006195,
1133,Odisha,Repair of road and drain from Madhab Das House to Rasananda House Ward No.9 in Sonepur Municipality,Subarnapur,,767017,34.016666666666666,84.61666666666666,Municipal Bodies||Sonepur Municipal Council,SONEPUR MUNICIPALITY,Repair of road and drain from Madhab Das House to Rasananda House Ward No.9 in Sonepur Municipality,Pre-Monsoon,2022-04-12,Civil Works - Roads,,SNP-MUN-10/2021-22,2022_ORULB_75480_7,211669.6,222786.65,222787,
1134,Odisha,Construction of Paver Road of NuaMalipada and Construction of Drain in Ward No.2 in Sonepur Municipality,Subarnapur,,767017,34.016666666666666,84.61666666666666,Municipal Bodies||Sonepur Municipal Council,SONEPUR MUNICIPALITY,Construction of Paver Road of NuaMalipada and Construction of Drain in Ward No.2 in Sonepur Municipality,Pre-Monsoon,2022-04-12,Civil Works - Roads,,SNP-MUN-10/2021-22,2022_ORULB_75480_9,1020620.36,1074337.22,1074337,
1135,Odisha,Construction of Road and drain side of new town hall and smart park Ward No.12 in Sonepur Municipality,Subarnapur,,767017,34.016666666666666,84.61666666666666,Municipal Bodies||Sonepur Municipal Council,SONEPUR MUNICIPALITY,Construction of Road and drain side of new town hall and smart park Ward No.12 in Sonepur Municipality,Monsoon,2022-06-06,Civil Works - Others,,SNP-MUN-11/2021-22,2022_ORULB_76556_10,587932.5,618811.18,618811,
1136,Odisha,Construction of drain at malipada and Dhibarpada Ward No.12 in Sonepur Municipality,Subarnapur,,767017,34.016666666666666,84.61666666666666,Municipal Bodies||Sonepur Municipal Council,SONEPUR MUNICIPALITY,Construction of drain at malipada and Dhibarpada Ward No.12 in Sonepur Municipality,Monsoon,2022-06-02,Civil Works - Others,,SNP-MUN-11/2021-22,2022_ORULB_76556_4,827404.56,973302.62,973303,
1137,Odisha,Development of Drain including cover plate at Hospital Chowk to Municipality Ward No.11 in Sonepur Municipality,Subarnapur,,767017,34.016666666666666,84.61666666666666,Municipal Bodies||Sonepur Municipal Council,SONEPUR MUNICIPALITY,Development of Drain including cover plate at Hospital Chowk to Municipality Ward No.11 in Sonepur Municipality,Monsoon,2022-06-03,Civil Works - Others,,SNP-MUN-11/2021-22,2022_ORULB_76556_5,326196.86,383715.87,383716,
1138,Odisha,Construction of drain from Rabi Karmakar house to Govind Agrawal house Ward No.7 in Sonepur Municipality,Subarnapur,,767017,34.016666666666666,84.61666666666666,Municipal Bodies||Sonepur Municipal Council,SONEPUR MUNICIPALITY,Construction of drain from Rabi Karmakar house to Govind Agrawal house Ward No.7 in Sonepur Municipality,Monsoon,2022-06-09,Civil Works - Others,,SNP-MUN-11/2021-22,2022_ORULB_76556_6,63847.89,67201.23,67201,
1139,Odisha,Construction of Road and drain from side of moon hotel to Sandhya Tandi house Ward No.12 in Sonepur Municipality,Subarnapur,,767017,34.016666666666666,84.61666666666666,Municipal Bodies||Sonepur Municipal Council,SONEPUR MUNICIPALITY,Construction of Road and drain from side of moon hotel to Sandhya Tandi house Ward No.12 in Sonepur Municipality,Monsoon,2022-06-06,Civil Works - Others,,SNP-MUN-11/2021-22,2022_ORULB_76556_8,166197.91,176806.29,176806,
1140,Odisha,Construction of Drain from Mahatma Gandhi School towards Bisagar bandha Ward No.11 in Sonepur Municipality,Subarnapur,,767017,34.016666666666666,84.61666666666666,Municipal Bodies||Sonepur Municipal Council,SONEPUR MUNICIPALITY,Construction of Drain from Mahatma Gandhi School towards Bisagar bandha Ward No.11 in Sonepur Municipality,Monsoon,2022-06-06,Civil Works - Others,,SNP-MUN-11/2021-22,2022_ORULB_76556_9,225494.54,265256.49,265256,
1141,Odisha,Shifting of 11Kv line for work of construction of Birdge over Bagichapada Nallah near Dudi at 0/100KM on Rajgangpur Malidihi road.,Sundargarh,,770017,22.416666666666668,85.0,CE RW I||RW Electrical Circle Bhubaneswar||RW Electrical Division Sambalpur,EE R.W Electrical Division Sambalpur,Shifting of 11Kv line for work of construction of Birdge over Bagichapada Nallah near Dudi at 0/100KM on Rajgangpur Malidihi road.,Monsoon,2022-07-18,Electrical Works,,EE/RWELECT/SBP/03/2022-23,2022_CERWI_78672_2,944784.0,944784.0,1111380,
1142,Odisha,Construction of Drain on Subdega- Rajpur Road (ODR) from 15/400 Km to 16/000 Km for the year 2022-23.,Sundargarh,,770001,22.416666666666668,85.0,EIC-CIVIL||SERNB-CIRCLE-KEONJHAR||EERNB-DIVN-SUNDERGARH,O/o the SE R and B Dvn Sundargarh,Construction of Drain on Subdega- Rajpur Road (ODR) from 15/400 Km to 16/000 Km for the year 2022-23.,Monsoon,2022-09-22,Civil Works - Roads,,Bid Identification No-SE-RandB-SNG-13 OF 2022-23,2022_EICCL_79616_1,3032650.56,3032650.56,3567404,
1143,Odisha,Improvement to Sambalpur-Sundargarh-Rourkela road from 78/000 KM to 79/450 KM of (Sundargarh Town) such as providing Paver Block and drain under State Plan for the year 2022-23,Sundargarh,,770001,22.416666666666668,85.0,EIC-CIVIL||SERNB-CIRCLE-KEONJHAR,O/o the CCE Keonjhar (R and B) Circle,Improvement to Sambalpur-Sundargarh-Rourkela road from 78/000 KM to 79/450 KM of (Sundargarh Town) such as providing Paver Block and drain under State Plan for the year 2022-23,Pre-Monsoon,2023-03-06,Civil Works - Roads,,C.C.E.K.C. Keonjhar No. 26/ 2022-23,2022_EICCL_83064_2,27910552.0,27910552.0,32832000,
1144,Odisha,Dismantling and Shifting of Compound wall for Construction of four lane road with road side drain of Sundargarh - Lephripada road (MDR-27) (Sundargarh Town Portion) from 0/000 km to 0/628 km for the year 2022-23,Sundargarh,,770001,22.416666666666668,85.0,EIC-CIVIL||SERNB-CIRCLE-KEONJHAR,O/o the CCE Keonjhar (R and B) Circle,Dismantling and Shifting of Compound wall for Construction of four lane road with road side drain of Sundargarh - Lephripada road (MDR-27) (Sundargarh Town Portion) from 0/000 km to 0/628 km for the year 2022-23,Pre-Monsoon,2023-03-06,Civil Works - Others,,C.C.E.K.C. Keonjhar No. 28 / 2022-23,2022_EICCL_83413_1,12444658.0,12444658.0,14639052,
1145,Odisha,Improvement of road and Drain from Ashoka Public School gali in ward no 14 Tarani Nagar,Sundargarh,,770001,22.416666666666668,85.0,Municipal Bodies||Sundargarh Municipality,O/O EXECUTIVE OFFICER SUNDARGARH MUNICIPALITY,Improvement of road and Drain from Ashoka Public School gali in ward no 14 Tarani Nagar,Post-Monsoon,2023-01-19,Civil Works - Others,,SNGM-02/2022-23,2022_ORULB_78105_9,1942315.22,2083575.0,1765741,
1146,Odisha,Improvement of Longitudinal and Cross Drains at Downstream side of Earth Dam of Rukura Irrigation Project,Sundargarh,,770038,22.416666666666668,85.0,CE and BM Brahmani Basin Samal||APD cum CCE RIP Samal||Headworks Division Samal,Rourkela,Improvement of Longitudinal and Cross Drains at Downstream side of Earth Dam of Rukura Irrigation Project,Post-Monsoon,2023-01-25,Civil Works - Others,,SERID-RKL-06/2022-23,2023_CEBBS_84871_2,818167.67,786699.68,786700,
1147,Odisha,Construction of Tangardihi (Bhatipada) Check dam over Kutrajore Nalla near village Tangardihi in Hemgir Block of Sundargarh District under DMF 2022-23.,Sundargarh,,770013,22.416666666666668,85.0,CEMinor IrrigationBBSR||SENMIC-SAMBALPUR||SUNDARGARH,O/o the Superintending Engineer MID Sundargarh,Construction of Tangardihi (Bhatipada) Check dam over Kutrajore Nalla near village Tangardihi in Hemgir Block of Sundargarh District under DMF 2022-23.,Pre-Monsoon,2023-03-28,Civil Works - Others,Check dam,SE MID SNG 04/2022-23,2023_CEMIB_85361_2,5560761.38,5560761.38,6541303,
1148,Odisha,Construction of Badghumuda Check dam over Brahmani Nalla near village Badghumuda in Hemgir Block of Sundargarh District under DMF 2022-23.,Sundargarh,,770013,22.416666666666668,85.0,CEMinor IrrigationBBSR||SENMIC-SAMBALPUR||SUNDARGARH,O/o the Superintending Engineer MID Sundargarh,Construction of Badghumuda Check dam over Brahmani Nalla near village Badghumuda in Hemgir Block of Sundargarh District under DMF 2022-23.,Pre-Monsoon,2023-03-28,Civil Works - Others,Check dam,SE MID SNG 04/2022-23,2023_CEMIB_85361_3,5016271.52,5016271.52,5900802,
1149,Odisha,Construction of Kadubinga sikipani Check dam over Kadubidinga Nalla near village Sikipani in Sundargarh Block of Sundargarh District under MATY 2022-23.,Sundargarh,,770001,22.416666666666668,85.0,CEMinor IrrigationBBSR||SENMIC-SAMBALPUR||SUNDARGARH,O/o the Superintending Engineer MID Sundargarh,Construction of Kadubinga sikipani Check dam over Kadubidinga Nalla near village Sikipani in Sundargarh Block of Sundargarh District under MATY 2022-23.,Pre-Monsoon,2023-03-03,Civil Works - Others,Check dam,SE MID SNG 05/2022-23,2023_CEMIB_85384_2,3811928.49,3811928.49,4484094,
1150,Odisha,Construction of Sikipani-II Check dam over Kadubidinga Nalla near village Sikipani in Sundargarh Block of Sundargarh District under MATY 2022-23.,Sundargarh,,770001,22.416666666666668,85.0,CEMinor IrrigationBBSR||SENMIC-SAMBALPUR||SUNDARGARH,O/o the Superintending Engineer MID Sundargarh,Construction of Sikipani-II Check dam over Kadubidinga Nalla near village Sikipani in Sundargarh Block of Sundargarh District under MATY 2022-23.,Post-Monsoon,2023-02-27,Civil Works - Others,Check dam,SE MID SNG 05/2022-23,2023_CEMIB_85384_3,3110610.28,3110610.28,3659111,
1151,Odisha,Construction of Gaijornalla Check dam over Gaijor Nalla near village Gaijor in Sundargarh Block of Sundargarh District under MATY 2022-23.,Sundargarh,,770001,22.416666666666668,85.0,CEMinor IrrigationBBSR||SENMIC-SAMBALPUR||SUNDARGARH,O/o the Superintending Engineer MID Sundargarh,Construction of Gaijornalla Check dam over Gaijor Nalla near village Gaijor in Sundargarh Block of Sundargarh District under MATY 2022-23.,Post-Monsoon,2023-02-27,Civil Works - Others,Check dam,SE MID SNG 05/2022-23,2023_CEMIB_85384_4,2981385.59,2981385.59,3507100,
1152,Odisha,Construction of Mandabaga Check dam over Local Nalla near village Deogaon in Subdega Block of Sundargarh District under MATY 2022-23.,Sundargarh,,770014,22.416666666666668,85.0,CEMinor IrrigationBBSR||SENMIC-SAMBALPUR||SUNDARGARH,O/o the Superintending Engineer MID Sundargarh,Construction of Mandabaga Check dam over Local Nalla near village Deogaon in Subdega Block of Sundargarh District under MATY 2022-23.,Pre-Monsoon,2023-03-03,Civil Works - Others,Check dam,SE MID SNG 05/2022-23,2023_CEMIB_85384_5,2814537.32,2814537.32,3310831,
1153,Odisha,Construction of Tihuria-III Check dam over Tumikhol Nalla near village Tihuria in Hemgir Block of Sundargarh District under DMF 2022-23.,Sundargarh,,770013,22.416666666666668,85.0,CEMinor IrrigationBBSR||SENMIC-SAMBALPUR||SUNDARGARH,O/o the Superintending Engineer MID Sundargarh,Construction of Tihuria-III Check dam over Tumikhol Nalla near village Tihuria in Hemgir Block of Sundargarh District under DMF 2022-23.,Post-Monsoon,2023-02-27,Civil Works - Others,Check dam,SE MID SNG 05/2022-23,2023_CEMIB_85384_6,3627615.07,3627615.07,4267280,
1154,Odisha,Construction of Kund Check dam over Chhatenjore Nalla near village Kund in Hemgir Block of Sundargarh District under DMF 2022-23.,Sundargarh,,770013,22.416666666666668,85.0,CEMinor IrrigationBBSR||SENMIC-SAMBALPUR||SUNDARGARH,O/o the Superintending Engineer MID Sundargarh,Construction of Kund Check dam over Chhatenjore Nalla near village Kund in Hemgir Block of Sundargarh District under DMF 2022-23.,Post-Monsoon,2023-02-28,Civil Works - Others,Check dam,SE MID SNG 05/2022-23,2023_CEMIB_85384_7,4198999.8,4198999.8,4939419,
