,18-300,18-301,18-302,18-303,18-304,18-305,18-306,18-307,18-308,18-309,18-310,18-311,18-312,18-313,18-314,18-315,18-316,18-317,18-318,18-319,18-320,18-321,18-322,18-323,18-324,18-325,18-326,18-755,18-756,18-757,18-758,18-759,18-760,18-799,18-816,timeperiod,indicator
0,9.0,7.5,8.9,8.0,7.2,9.8,9.8,8.3,7.0,8.6,10.2,10.4,10.3,8.8,7.2,8.1,9.8,9.8,9.5,9.1,8.2,10.1,12.1,10.5,9.0,9.2,8.3,8.6,8.9,8.0,6.7,5.8,9.4,7.0,11.6,2021_04,avg-electricity
1,2.2,2.6,2.0,2.0,2.4,2.0,2.2,2.4,2.0,2.0,2.0,2.2,2.2,2.3,2.0,2.5,2.2,2.4,2.0,2.2,2.2,2.4,2.5,2.1,2.3,2.0,2.2,2.0,2.3,2.3,2.0,2.0,2.5,2.3,2.2,2021_04,avg-tele
2,0.868580242765881,7.850894623892731,5.512517918478251,11.862959883193469,7.597584755054908,1.1634119150636952,10.396058518692072,3.3157292183085354,5.150400593255752,5.562767456104703,11.548535488717718,1.118844042545363,0.4852425834744918,5.611770225834522,0.0039335520292327,0.0135588328169281,0.0454022335456661,0.0012143773889144,0.0210413681225184,5.008542394133784,2.674081321702636,2.4320641301167454,0.636118344050566,1.3434249807219034,0.8976191104094248,8.226348189672269,0.7185833782322901,0.0014790785340733,5.9522381727563305,0.1134160558865175,17.62388530809625,0.0325845786673929,24.257732540047048,0.1061903765441955,1.353986992614652,2021_04,bare-ground
3,0.0,0.0,0.0,0.0,0.0,0.0,0.0,0.0,0.0,0.0,0.0,0.0,0.0,0.0,0.0,0.0,0.0,0.0,0.0,0.0,0.0,0.0,0.0,0.0,0.0,0.0,0.0,0.0,0.0,0.0,0.0,0.0,0.0,0.0,0.0,2021_04,bridge
4,12.044507636100583,19.712033647258004,17.88517689685316,22.60918436813678,15.239566152995582,18.79940070687596,13.86214908189695,16.3755366925974,13.761287559104836,11.68169278263021,12.199992717054732,16.3381694667156,19.7359978945898,17.651220410091742,4.002865217163113,1.5100434169302526,8.715899038846057,16.61126248690062,11.322822570273248,28.10424864461894,24.817448224733894,18.0798899031534,40.07690835892768,20.76511423183489,15.54006845169349,18.20232759882122,16.371363216369723,13.3167114082049,15.074560687615934,17.5682568427919,13.402473919303212,2.78956411810206,7.48018802062985,22.58072299127653,17.78814610464522,2021_04,built-area
5,,,,,,,,,,,,,,,,,,,,,,,,,,,,,,,,,,,,2021_04,children-camp
6,0.0,0.0,0.0,0.0,0.0,0.0,0.0,0.0,0.0,0.0,0.0,0.0,0.0,0.0,0.0,0.0,0.0,0.0,0.0,0.0,0.0,0.0,0.0,0.0,0.0,0.0,0.0,0.0,0.0,0.0,0.0,0.0,0.0,0.0,0.0,2021_04,cidf-tenders-awarded-value
7,0.0,0.0,1.737844052391654e-05,0.0,4.256584350710181e-06,0.0,0.0,0.0,0.0,0.0,0.0,0.0,0.0,0.0,0.0,5.38038380932035e-06,0.0,0.0,0.0001941413602205,0.0,0.0,4.244643058839207e-06,0.0008892499344914,0.0,0.0,7.751888818182e-05,0.0,0.0,0.0,0.0,0.0,0.0,0.0,0.0,0.0,2021_04,clouds
8,,,,,,,,,,,,,,,,,,,,,,,,,,,,,,,,,,,,2021_04,count
9,0.0,0.0,0.0,0.0,0.0,0.0,0.0,0.0,0.0,0.0,0.0,0.0,0.0,0.0,0.0,0.0,0.0,0.0,0.0,0.0,0.0,0.0,0.0,0.0,0.0,0.0,0.0,0.0,0.0,0.0,0.0,0.0,0.0,0.0,0.0,2021_04,crop-area
10,34.35694085305036,51.65519640546251,42.02268465024946,36.16037160832635,53.34492041448938,54.48967950723607,43.05241294625702,59.44206798777107,54.26949899858874,24.881468055247147,36.31640286863132,52.169582560913646,52.668237904262696,41.12115965882656,7.361829060255534,1.086437362667872,25.02176611891062,38.93843502580468,38.94892388657762,37.768873072406805,42.71712632701242,48.44260755929896,13.33446076633077,59.148520389867386,52.28503838315709,54.1443900277245,67.02497083381824,42.8185193189568,54.1566164520331,51.807735845295575,36.2774975884176,8.54834328662391,38.46045658793105,62.11184510032704,60.242035923079584,2021_04,crops
11,4296.624151156235,2231.5993331549903,3585.3069321814023,1247.6117514050093,2700.336576957554,3477.530108369159,1557.3606551140049,2711.0464141089856,2238.6415334905228,4159.102888381455,9491.630139883577,3889.6067327857527,7133.757644739053,3445.526862961011,8511.666927309077,4923.29748622475,3222.517655928944,4060.318063254274,4335.474967336042,1883.330083753236,975.2407923854796,4254.719948057848,3333.953706616405,1829.807307358248,1576.5499878215094,1098.83444541599,1489.926404330648,4700.953196095703,4363.59388114963,5163.44360094801,880.805632910103,4989.53282327419,1292.455559234692,1123.7037030160088,1578.254039674223,2021_04,distance-from-river
12,KOKRAJHAR,DHUBRI,GOALPARA,BARPETA,MORIGAON,NAGAON,SONITPUR,LAKHIMPUR,DHEMAJI,TINSUKIA,DIBRUGARH,SIVASAGAR,JORHAT,GOLAGHAT,KARBI ANGLONG,DIMA HASAO,CACHAR,KARIMGANJ,HAILAKANDI,BONGAIGAON,CHIRANG,KAMRUP,KAMRUP METRO,NALBARI,BAKSA,DARRANG,UDALGURI,CHARAIDEO,BISWANATH,HOJAI,SOUTH SALMARA MANCACHAR,WEST KARBI ANGLONG,MAJULI,BAJALI,TAMULPUR,2021_04,district
13,0.0005623749999999,0.0006515714285714,0.0005706,0.0006465,0.0005976,0.0005747142857142,0.000571,0.0006111428571428,0.0005535,0.00057375,0.0006251428571428,0.0006055,0.0006035999999999,0.0005855,0.00041,0.00031275,0.0004408,0.0005329999999999,0.0005025,0.0005798,0.000528,0.0005858461538461,0.00044875,0.000670625,0.0005907142857142,0.0006724,0.0006286666666666,0.000603,0.0006126666666666,0.00058,0.000585,0.000439,0.0006255,0.0006813333333333,0.0006636,2021_04,drainage-density
14,,,,,,,,,,,,,,,,,,,,,,,,,,,,,,,,,,,,2021_04,dtcode11
15,,,,,,,,,,,,,,,,,,,,,,,,,,,,,,,,,,,,2021_04,dtname
16,0.89244575,0.9277878571428572,0.8636886,0.8736663333333333,0.800827,0.8780387142857143,0.83290375,0.8280547142857143,0.8651581666666667,0.81588525,0.8360355714285715,0.880761,0.9323276,0.8770435,0.9603543333333334,1.0,0.8673714,0.9623464,0.94848225,0.8859791999999999,0.8912708,0.9523873076923076,1.0,0.962125625,0.853616,0.8623016,0.8242077777777779,0.8789193333333333,0.8203713333333335,0.7818350000000001,0.914733,0.803344,0.951437,0.9768436666666668,0.8785076,2021_04,efficiency
17,63.0,33.0,49.0,40.0,63.0,72.0,86.0,96.0,141.0,142.0,113.0,99.0,105.0,97.0,347.0,607.0,155.0,36.0,47.0,54.0,84.0,82.0,114.0,49.0,70.0,59.0,91.0,112.0,86.0,125.0,26.0,483.0,85.0,47.0,71.0,2021_04,elevation-mean
18,0.0,0.0,0.0,0.0,0.0,0.0,0.0,0.0,0.0,0.0,0.0,0.0,0.0,0.0,0.0,0.0,0.0,0.0,0.0,0.0,0.0,0.0,0.0,0.0,0.0,0.0,0.0,0.0,0.0,0.0,0.0,0.0,0.0,0.0,0.0,2021_04,embankment-breached
19,0.0,0.0,0.0,0.0,0.0,0.0,0.0,0.0,0.0,0.0,0.0,0.0,0.0,0.0,0.0,0.0,0.0,0.0,0.0,0.0,0.0,0.0,0.0,0.0,0.0,0.0,0.0,0.0,0.0,0.0,0.0,0.0,0.0,0.0,0.0,2021_04,embankments-affected
20,1,2,2,3,2,4,5,1,1,5,2,2,2,2,2,1,5,3,2,1,1,1,4,1,1,3,1,1,2,5,4,3,1,1,1,2021_04,exposure
21,,,,,,,,,,,,,,,,,,,,,,,,,,,,,,,,,,,,2021_04,female-camp
22,2021-2022,2021-2022,2021-2022,2021-2022,2021-2022,2021-2022,2021-2022,2021-2022,2021-2022,2021-2022,2021-2022,2021-2022,2021-2022,2021-2022,2021-2022,2021-2022,2021-2022,2021-2022,2021-2022,2021-2022,2021-2022,2021-2022,2021-2022,2021-2022,2021-2022,2021-2022,2021-2022,2021-2022,2021-2022,2021-2022,2021-2022,2021-2022,2021-2022,2021-2022,2021-2022,2021_04,financial-year
23,3,4,4,3,1,1,3,1,4,2,2,1,1,1,1,1,3,3,3,3,3,3,1,3,2,1,1,1,2,1,5,1,1,2,2,2021_04,flood-hazard
24,,,,,,,,,,,,,,,,,,,,,,,,,,,,,,,,,,,,2021_04,flood-hazard-float
25,0.5304142629862878,0.0107662317913023,0.1933642407648085,0.0806194846364986,0.4188956560950299,1.4834535536275912,0.0858220630151136,0.158613856428508,0.2593962204787826,0.5796031213342887,0.2869224097919428,1.0514967764224237,1.214703590199248,0.3884901993439709,0.000964348705565,0.0027422022814836,0.1484475040399481,0.4607070227993903,0.6185071663823104,0.0592169823888001,0.011608077211315,0.0524379892802181,0.2153373818964564,0.1024063567301933,1.2746094421410486e-05,0.0119458228402453,0.0,0.0230161588118496,0.322551646896779,0.009537208651381,0.0029990918833667,0.0206582634240563,0.0726146217210788,0.0006026865144437,0.0,2021_04,flooded-vegetation
26,5,5,5,5,5,5,5,5,5,5,5,5,5,5,5,5,5,4,5,5,5,5,5,5,5,5,5,5,5,5,5,5,5,5,5,2021_04,government-response
27,163,151,154,205,116,277,158,124,73,119,169,143,106,153,30,4,176,96,87,88,68,282,52,142,109,129,15,82,100,91,69,25,32,70,67,2021_04,health-centres-count
28,0,0,0,0,0,0,0,0,0,0,0,0,0,0,0,0,0,0,0,0,0,0,0,0,0,0,0,0,0,0,0,0,0,0,0,2021_04,human-live-lost
29,,,,,,,,,,,,,,,,,,,,,,,,,,,,,,,,,,,,2021_04,human-live-lost-children
30,,,,,,,,,,,,,,,,,,,,,,,,,,,,,,,,,,,,2021_04,human-live-lost-female
31,,,,,,,,,,,,,,,,,,,,,,,,,,,,,,,,,,,,2021_04,human-live-lost-male
32,0.0,0.0,0.0,0.0,0.0,0.0,0.0,0.0,0.0,0.0,0.0,0.0,0.0,0.0,0.0,0.0,0.0,145026209.0,0.0,0.0,0.0,0.0,0.0,0.0,0.0,0.0,0.0,0.0,0.0,0.0,0.0,0.0,0.0,0.0,0.0,2021_04,immediate-measures-tenders-awarded-value
33,0.0,0.0,0.0,0.0,0.0,0.0,0.0,0.0,0.0,0.0,0.0,0.0,0.0,0.0,0.0,0.0,0.0,0.0,0.0,0.0,0.0,0.0,0.0,0.0,0.0,0.0,0.0,0.0,0.0,0.0,0.0,0.0,0.0,0.0,0.0,2021_04,inundation-intensity-mean
34,0.0,0.0,0.0,0.0,0.0,0.0,0.0,0.0,0.0,0.0,0.0,0.0,0.0,0.0,0.0,0.0,0.0,0.0,0.0,0.0,0.0,0.0,0.0,0.0,0.0,0.0,0.0,0.0,0.0,0.0,0.0,0.0,0.0,0.0,0.0,2021_04,inundation-intensity-mean-nonzero
35,0.0,0.0,0.0,0.0,0.0,0.0,0.0,0.0,0.0,0.0,0.0,0.0,0.0,0.0,0.0,0.0,0.0,0.0,0.0,0.0,0.0,0.0,0.0,0.0,0.0,0.0,0.0,0.0,0.0,0.0,0.0,0.0,0.0,0.0,0.0,2021_04,inundation-intensity-sum
36,0.0,0.0,0.0,0.0,0.0,0.0,0.0,0.0,0.0,0.0,0.0,0.0,0.0,0.0,0.0,0.0,0.0,0.0,0.0,0.0,0.0,0.0,0.0,0.0,0.0,0.0,0.0,0.0,0.0,0.0,0.0,0.0,0.0,0.0,0.0,2021_04,inundation-pct
37,0.0,0.0,0.0,0.0,0.0,0.0,0.0,0.0,0.0,0.0,0.0,0.0,0.0,0.0,0.0,0.0,0.0,0.0,0.0,0.0,0.0,0.0,0.0,0.0,0.0,0.0,0.0,0.0,0.0,0.0,0.0,0.0,0.0,0.0,0.0,2021_04,ltif-tenders-awarded-value
38,,,,,,,,,,,,,,,,,,,,,,,,,,,,,,,,,,,,2021_04,male-camp
39,0.21,0.21,0.18,0.18,0.11,0.11,0.22,0.16,0.22,0.21,0.17,0.13,0.1,0.11,0.1,0.28,0.26,0.2,0.17,0.18,0.21,0.29,0.07,0.13,0.13,0.09,0.1,0.1,0.25,0.1,0.3,0.17,0.13,0.11,0.13,2021_04,max-rain
40,79.02868494142712,101.80280753365652,92.94383900653578,105.59323892727154,101.52151689605476,82.80184981421402,96.12358569934148,83.9078683433952,82.58482453454118,85.28440626816572,92.33941954273553,80.5484411209615,79.26767921681454,87.0143854317649,73.9235270160713,74.45407242468538,76.22171823123378,78.77654329987095,76.5297175055914,92.84413483394596,78.73454361714819,88.47737641290556,90.33791694141864,81.3350244170581,77.2968865972734,93.73693822422564,78.06937273928872,76.99096084367254,87.73877652848734,76.69919006241047,135.19869279538494,74.5890767941101,111.4923918776678,77.2774448783579,78.49346327750206,2021_04,mean-cn
41,0.0089177316669973,-0.0150636461892974,0.0466857552550767,-0.0175331138762886,-0.0430500660126944,-0.0190571668003314,0.0211432342109203,-0.005865727863497,-0.0028350328046936,-0.0170588627325035,0.0457171637808913,0.0468150600628122,0.0307362860492228,0.0718051012215296,-0.0361531068256779,-0.071290632692186,-0.0422638506883259,-0.0019176302824084,0.0182152620521511,-0.0127890247757875,-0.0144206947465758,0.0051262586662358,0.0073489116029962,0.0167420931775177,-0.0035977973607722,0.0179578408199842,0.0132015853377996,0.0530338559097999,0.0237952296346102,0.0854520058032507,0.0120157442724901,-0.0027859162563231,0.0410958414281793,0.0132325832315287,0.0120975477186377,2021_04,mean-ndbi
42,0.3884266072101595,0.2915466245055604,0.3286427698409884,0.2675867971271553,0.2951802188984012,0.3098229837165013,0.2956828003665427,0.3590200672686252,0.3392211806108343,0.4181231008714667,0.2899440830938594,0.356545548885083,0.3615558762429748,0.2710475689971985,0.4197980427538645,0.5101777148500464,0.4577638273737451,0.4095256861529719,0.3868961752219625,0.3546964914465101,0.3971322565632704,0.3395419701844898,0.3092785582795418,0.3257477539571189,0.4016789002367615,0.2688304529200521,0.3571581907274098,0.3646694703113033,0.3087295793018166,0.2501369398578119,0.209007483619506,0.4469962309038539,0.2165551904230839,0.3516643829280789,0.3498223583284582,2021_04,mean-ndvi
43,0.16,0.14,0.16,0.14,0.07,0.1,0.13,0.09,0.17,0.11,0.11,0.09,0.06,0.05,0.05,0.13,0.17,0.16,0.15,0.17,0.15,0.13,0.06,0.13,0.11,0.06,0.07,0.08,0.1,0.08,0.2,0.07,0.06,0.11,0.1,2021_04,mean-rain
44,0.94,0.94,0.94,0.94,0.95,0.94,0.93,0.94,0.93,0.93,0.94,0.93,0.94,0.94,0.92,0.91,0.94,0.94,0.93,0.95,0.94,0.93,0.91,0.93,0.95,0.93,0.94,0.93,0.93,0.94,0.94,0.93,0.94,0.94,0.95,2021_04,mean-sex-ratio
45,78683.46309,83470.903,78088.12,79714.84605,75490.3523,87424.202,71470.137,90513.46103,104651.240916,68512.0013,81437.447,43095.76595,54183.314,128914.321604,35388.58,27888.17,66721.37,42827.17595,35287.21,42395.395,27850.66,74001.84561,6039.38,44021.984,58167.37587,76196.45569999999,93034.31635285716,23849.9,71288.401,78621.26999999999,17419.61,48488.349,16642.66,23559.76,71015.57777333334,2021_04,net-sown-area-in-hac
46,0.0,0.0,0.0,0.0,0.0,0.0,0.0,0.0,0.0,0.0,0.0,0.0,0.0,0.0,0.0,0.0,0.0,0.0,0.0,0.0,0.0,24407319.0,0.0,0.0,0.0,0.0,0.0,0.0,0.0,0.0,0.0,0.0,0.0,0.0,0.0,2021_04,others-tenders-awarded-value
47,0.0,0.0,0.0,0.0,0.0,0.0,0.0,0.0,0.0,0.0,0.0,0.0,0.0,0.0,0.0,0.0,0.0,0.0,0.0,0.0,0.0,0.0,0.0,0.0,0.0,0.0,0.0,0.0,0.0,0.0,0.0,0.0,0.0,0.0,0.0,2021_04,population-affected-total
48,62.0,342.0,34.0,5.0,10.0,45.0,35.0,38.0,77.0,43.0,49.0,27.0,41.0,43.0,32.0,146.0,46.0,45.0,28.0,81.0,8.0,45.0,80.0,11.0,0.0,0.0,24.0,24.0,19.0,30.0,0.0,0.0,0.0,9.0,6.0,2021_04,rail-count
49,145613.0,139561.0,78425.0,17621.0,30884.0,174517.0,138494.0,108334.0,121454.0,119685.0,123774.0,73292.0,86126.0,117155.0,73424.0,172636.0,103488.0,117739.0,90281.0,82273.0,24548.0,109026.0,89510.0,30164.0,0.0,0.0,66114.0,80492.0,74271.0,75327.0,0.0,0.0,0.0,28139.0,18201.0,2021_04,rail-length
50,5.555624983857404,5.996106926536052,3.5604039411333988,6.267930535154481,2.684482354476203,3.698020169566056,6.500786610930343,2.3063023945926067,4.447537705422305,8.37996671008257,4.7186096020908455,3.891643453265035,1.9206761011743596,7.875875441832467,2.32140457366514,4.092857261441682,2.318856184434248,1.5928149191405208,2.3992694260685314,4.918838536894644,4.35171844816326,2.6183787673260506,1.4389938854588624,1.2067170305083057,3.8904408096083207,2.52307723747256,1.1492006754066422,1.334872354407603,4.884892808008314,1.3229221245459817,10.14849531857374,4.53378009258239,12.56991224610625,0.1886936146970008,1.478507911656724,2021_04,rangeland
51,3131,1557,1979,1848,1512,2564,3445,2998,2483,3810,3379,1567,1865,3523,7337,4884,3783,1839,1329,1088,1926,3283,834,1036,1526,1611,1987,1073,1783,1456,684,3073,970,470,877,2021_04,rc-area
52,22.9,25.01,25.42,15.04,15.81,23.51,13.19,16.32,20.87,24.89,12.8,8.96,12.07,15.06,23.47,23.25,15.87,14.25,19.26,12.86,25.35,9.48,11.61,21.25,15.46,13.0,15.96,19.71,28.46,27.66,28.09,28.84,17.28,9.75,12.15,2021_04,rc-nosanitation-hhds-pct
53,2.85,1.19,3.55,2.25,3.35,4.98,6.04,2.83,2.26,3.42,4.19,6.81,14.25,7.18,1.95,6.36,8.53,5.57,4.01,2.04,1.03,3.32,11.46,9.66,2.8,5.1,3.07,3.8,4.2,5.27,3.57,0.24,4.95,6.03,5.78,2021_04,rc-piped-hhds-pct
54,,,,,,,,,,,,,,,,,,,,,,,,,,,,,,,,,,,,2021_04,relief-camp-inmates
55,12710045.7,0.0,0.0,0.0,0.0,0.0,0.0,0.0,0.0,0.0,0.0,0.0,0.0,0.0,0.0,0.0,0.0,0.0,0.0,0.0,0.0,30167143.0,0.0,0.0,0.0,0.0,0.0,0.0,0.0,0.0,0.0,0.0,0.0,0.0,0.0,2021_04,restoration-measures-tenders-awarded-value
56,,,,,,,,,,,,,,,,,,,,,,,,,,,,,,,,,,,,2021_04,revenue-ci
57,12710045.7,0.0,0.0,0.0,0.0,0.0,0.0,0.0,0.0,0.0,0.0,0.0,0.0,0.0,0.0,0.0,0.0,0.0,0.0,0.0,0.0,0.0,0.0,0.0,0.0,0.0,0.0,0.0,0.0,0.0,0.0,0.0,0.0,0.0,0.0,2021_04,ridf-tenders-awarded-value
58,2,3,3,4,1,2,3,2,4,2,2,1,1,1,1,1,3,2,2,3,2,2,1,2,2,1,1,1,2,1,5,1,1,1,2,2021_04,risk-score
59,40.49,31.62,54.61,42.67,50.12,55.54,75.99,93.32,0.0,131.65,113.7,97.52,81.42,128.25,0.0,131.52,20.73,17.93,21.78,50.91,52.62,49.98,50.49,50.83,0.0,0.0,0.0,97.8,0.0,0.0,0.0,753.98,0.0,0.0,161.16,2021_04,riverlevel-max
60,5.04438888888889,11.718376984126984,15.252946666666668,7.078,19.26107692307692,7.81552590266876,33.724906732573245,37.56373626373626,0.0,64.00663217338217,30.37996989398465,68.18679945054946,16.25167032967033,44.97695054945055,0.0,32.81733333333333,13.939348941653174,10.08031421107628,11.435217803030303,9.622733333333333,10.517977777777778,7.537237053795877,22.96296351037023,6.34975,0.0,0.0,0.0,32.56278388278388,0.0,0.0,0.0,407.8169834254143,0.0,0.0,45.21224444444445,2021_04,riverlevel-mean
61,0.0,0.0,0.0,0.0,0.0,0.0,0.0,0.0,0.0,0.0,0.0,0.0,0.0,0.0,0.0,0.0,6.54,0.0,0.0,0.0,0.0,0.0,0.0,0.0,0.0,0.0,0.0,0.0,0.0,0.0,0.0,65.66,0.0,0.0,0.0,2021_04,riverlevel-min
62,858892.0,705770.0,1011509.0,725891.0,634621.0,1331470.0,745620.0,804067.0,578686.0,1211943.0,1453600.0,700651.0,736030.0,1389863.0,752361.0,843185.0,988230.0,615579.0,483931.0,654117.0,547046.0,1589070.0,746938.0,450865.0,429399.0,767150.0,650574.0,485197.0,574075.0,560100.0,78936.0,457481.0,54196.0,461489.0,294016.0,2021_04,road-length
63,0.0,0.0,0.0,0.0,0.0,0.0,0.0,0.0,0.0,0.0,0.0,0.0,0.0,0.0,0.0,0.0,0.0,0.0,0.0,0.0,0.0,0.0,0.0,0.0,0.0,0.0,0.0,0.0,0.0,0.0,0.0,0.0,0.0,0.0,0.0,2021_04,roads
64,2788,3147,2578,2904,1994,3284,2025,3519,2301,1950,2431,1838,2072,2507,1757,1063,3322,3188,3016,1463,1336,3463,1151,1817,1497,1858,1795,1007,1291,1320,1381,925,805,813,995,2021_04,schools-count
65,0.0,0.0,0.0,0.0,0.0,0.0,0.0,0.0,0.0,0.0,0.0,0.0,0.0,0.0,0.0,0.0,0.0,0.0,0.0,0.0,0.0,0.0,0.0,0.0,0.0,0.0,0.0,0.0,0.0,0.0,0.0,0.0,0.0,0.0,0.0,2021_04,sdrf-sanctions-awarded-value
66,0.0,0.0,0.0,0.0,0.0,0.0,0.0,0.0,0.0,0.0,0.0,0.0,0.0,0.0,0.0,0.0,0.0,0.0,0.0,0.0,0.0,0.0,0.0,0.0,0.0,0.0,0.0,0.0,0.0,0.0,0.0,0.0,0.0,0.0,0.0,2021_04,sdrf-tenders-awarded-value
67,84.0,81.0,84.0,78.0,81.0,86.0,82.0,84.0,84.0,83.0,79.0,85.0,85.0,84.0,89.0,90.0,88.0,86.0,87.0,84.0,85.0,83.0,85.0,83.0,85.0,82.0,85.0,84.0,83.0,88.0,75.0,89.0,78.0,85.0,85.0,2021_04,slope-mean
68,0.0,0.0,0.0,0.0,0.0,0.0,0.0,0.0,0.0,0.0,0.0,0.0,0.0,0.0,0.0,0.0,0.0,145026209.0,0.0,0.0,0.0,30167143.0,0.0,0.0,0.0,0.0,0.0,0.0,0.0,0.0,0.0,0.0,0.0,0.0,0.0,2021_04,sopd-tenders-awarded-value
69,56008.0,40765.0,44786.0,65408.0,40566.0,93735.0,65693.0,56287.0,31350.0,75587.0,63360.0,42377.0,49025.0,68332.0,33994.0,10403.0,103558.0,80707.0,27240.0,33348.0,30767.0,70977.0,50815.0,40712.0,25467.0,52397.0,37778.0,16076.0,30541.0,44658.0,23250.0,22980.0,7069.0,11822.0,20546.0,2021_04,sum-aged-population
70,1281881.0,1359043.0,1060533.0,1572628.0,1120104.0,2319902.0,1446186.0,1148639.0,694961.0,1391101.0,1487017.0,778295.0,997472.0,1291200.0,695437.0,284484.0,2087230.0,1374000.0,757942.0,796774.0,606535.0,1618630.0,1343547.0,959339.0,713721.0,1140900.0,870281.0,495616.0,658525.0,1101898.0,530164.0,359966.0,167349.0,318207.0,500585.0,2021_04,sum-population
71,490.3,190.75,284.25,232.11,93.89,223.58,377.72,253.79,375.44,379.97,344.18,125.34,103.96,170.89,345.7,567.1,550.45,249.24,174.03,163.89,263.99,399.42,45.98,118.81,142.82,97.14,136.35,80.36,186.47,94.85,114.84,203.88,54.73,45.29,65.25,2021_04,sum-rain
72,121651.0,106666.0,109635.0,137134.0,88492.0,187668.0,118737.0,106671.0,63338.0,139787.0,99072.0,58515.0,58475.0,106776.0,83027.0,25510.0,184741.0,163480.0,60524.0,68143.0,62610.0,107785.0,64455.0,49652.0,38117.0,110746.0,68454.0,22419.0,54999.0,89876.0,58131.0,54305.0,8786.0,24007.0,31297.0,2021_04,sum-young-population
73,,,,,,,,,,,,,,,,,,,,,,,,,,,,,,,,,,,,2021_04,topsis-score
74,0.0,0.0,0.0,0.0,0.0,0.0,0.0,0.0,0.0,0.0,0.0,0.0,0.0,0.0,0.0,0.0,0.0,0.0,0.0,0.0,0.0,0.0,0.0,0.0,0.0,0.0,0.0,0.0,0.0,0.0,0.0,0.0,0.0,0.0,0.0,2021_04,total-animal-affected
75,0.0,0.0,0.0,0.0,0.0,0.0,0.0,0.0,0.0,0.0,0.0,0.0,0.0,0.0,0.0,0.0,0.0,0.0,0.0,0.0,0.0,0.0,0.0,0.0,0.0,0.0,0.0,0.0,0.0,0.0,0.0,0.0,0.0,0.0,0.0,2021_04,total-animal-washed-away
76,214904.0,377710.0,240459.0,393378.0,267778.0,527427.0,318730.0,266928.0,195025.0,318555.0,311523.0,172096.0,272707.0,275841.0,103131.0,30119.0,416101.0,256161.0,165784.0,185414.0,105445.0,408132.0,327221.0,233278.0,132203.0,231859.0,185739.0,108235.0,150938.0,214866.0,202538.0,52339.0,39239.0,77895.0,112690.0,2021_04,total-hhd
77,0.0,0.0,0.0,0.0,0.0,0.0,0.0,0.0,0.0,0.0,0.0,0.0,0.0,0.0,0.0,0.0,0.0,0.0,0.0,0.0,0.0,0.0,0.0,0.0,0.0,0.0,0.0,0.0,0.0,0.0,0.0,0.0,0.0,0.0,0.0,2021_04,total-house-fully-damaged
78,0.0,0.0,0.0,0.0,0.0,0.0,0.0,0.0,0.0,0.0,0.0,0.0,0.0,0.0,0.0,0.0,0.0,145026209.0,0.0,0.0,0.0,30167143.0,0.0,0.0,0.0,0.0,0.0,0.0,0.0,0.0,0.0,0.0,0.0,0.0,0.0,2021_04,total-tender-awarded-value
79,43.98932267010756,5.144386888079183,24.18246369319196,2.0719326398805653,8.909372340284827,14.523458971432348,17.38480479972998,12.428285713267991,18.7238999923748,44.911270270226375,28.07006483630923,22.568294310271757,22.547394124288424,21.538219052939983,86.04086283868104,92.70805107896902,61.19674549088654,38.80036940166334,44.10043312221657,15.167158079097288,23.306941588540017,23.185619567722654,38.00611230326868,11.406913612118768,26.06572918305741,8.030025208883123,13.578760237089558,41.299449603990205,14.342280130815992,27.692108982330566,2.244012825278056,83.399830651071,3.6292408407182446,12.09850531991776,16.553468863374015,2021_04,trees
80,3,2,3,3,5,3,4,4,3,4,4,3,2,3,1,1,3,1,1,3,3,2,1,1,3,3,4,3,4,5,2,4,1,1,3,2021_04,vulnerability
81,2.654609351131904,9.630615276980134,6.643371280888397,20.94700148067192,11.805174070019678,5.84257517619834,8.7179659794783,5.973464137033906,3.387978930774807,4.00323160437465,6.859472077404234,2.861969389866096,1.4277478020110324,5.813265011130777,0.2681404095004063,0.5863044645090593,2.55288342933694,3.595196766302481,2.588808318998985,8.973122290459699,2.1210760126364976,5.18899783845898,6.29117971013233,6.026903398218472,1.3210913159798612,8.861808395697839,1.1571216590836426,1.2059520770946432,5.26686010187354,1.4860229404979866,20.30063594844775,0.675239009529183,13.529855142846449,2.9134399107229245,2.583854204629774,2021_04,water
82,9.0,7.5,8.9,8.0,7.2,9.8,9.8,8.3,7.0,8.6,10.2,10.4,10.3,8.8,7.2,8.1,9.8,9.8,9.5,9.1,8.2,10.1,12.1,10.5,9.0,9.2,8.3,8.6,8.9,8.0,6.7,5.8,9.4,7.0,11.6,2021_05,avg-electricity
83,2.2,2.6,2.0,2.0,2.4,2.0,2.2,2.4,2.0,2.0,2.0,2.2,2.2,2.3,2.0,2.5,2.2,2.4,2.0,2.2,2.2,2.4,2.5,2.1,2.3,2.0,2.2,2.0,2.3,2.3,2.0,2.0,2.5,2.3,2.2,2021_05,avg-tele
84,0.868580242765881,7.850894623892732,5.512517918478251,11.862959883193469,7.597584755054908,1.1634119150636952,10.396058518692072,3.3157292183085354,5.150400593255752,5.562767456104703,11.548535488717716,1.118844042545363,0.4852425834744919,5.611770225834522,0.0039335520292327,0.0135588328169281,0.0454022335456661,0.0012143773889144,0.0210413681225184,5.008542394133784,2.674081321702636,2.4320641301167454,0.636118344050566,1.3434249807219034,0.8976191104094247,8.226348189672269,0.7185833782322901,0.0014790785340733,5.9522381727563305,0.1134160558865175,17.62388530809625,0.0325845786673929,24.257732540047048,0.1061903765441955,1.353986992614652,2021_05,bare-ground
85,0.0,0.0,0.0,0.0,0.0,0.0,0.0,0.0,0.0,0.0,0.0,0.0,0.0,0.0,0.0,0.0,0.0,0.0,0.0,0.0,0.0,0.0,0.0,0.0,0.0,0.0,0.0,0.0,0.0,0.0,0.0,0.0,0.0,0.0,0.0,2021_05,bridge
86,12.044507636100583,19.712033647258,17.88517689685316,22.60918436813678,15.239566152995582,18.79940070687596,13.86214908189695,16.3755366925974,13.761287559104836,11.68169278263021,12.199992717054732,16.3381694667156,19.7359978945898,17.651220410091742,4.002865217163113,1.5100434169302526,8.715899038846057,16.61126248690062,11.322822570273248,28.10424864461894,24.8174482247339,18.0798899031534,40.07690835892768,20.76511423183489,15.54006845169349,18.20232759882122,16.371363216369723,13.3167114082049,15.074560687615934,17.5682568427919,13.402473919303212,2.78956411810206,7.48018802062985,22.58072299127653,17.788146104645218,2021_05,built-area
87,,,,,,,,,,,,,,,,,,,,,,,,,,,,,,,,,,,,2021_05,children-camp
88,0.0,0.0,0.0,0.0,0.0,0.0,0.0,0.0,0.0,0.0,0.0,0.0,0.0,0.0,0.0,0.0,0.0,0.0,0.0,0.0,0.0,0.0,0.0,0.0,0.0,0.0,0.0,0.0,0.0,0.0,0.0,0.0,0.0,0.0,0.0,2021_05,cidf-tenders-awarded-value
89,0.0,0.0,1.737844052391654e-05,0.0,4.256584350710181e-06,0.0,0.0,0.0,0.0,0.0,0.0,0.0,0.0,0.0,0.0,5.38038380932035e-06,0.0,0.0,0.0001941413602205,0.0,0.0,4.244643058839207e-06,0.0008892499344914,0.0,0.0,7.751888818182e-05,0.0,0.0,0.0,0.0,0.0,0.0,0.0,0.0,0.0,2021_05,clouds
90,,,,,,,,,,,,,,,,,,,,,,,,,,,,,,,,,,,,2021_05,count
91,0.0,0.0,0.0,0.0,0.0,0.0,0.0,0.0,0.0,0.0,0.0,0.0,0.0,0.0,0.0,0.0,0.0,0.0,0.0,0.0,0.0,0.0,0.0,0.0,0.0,0.0,0.0,0.0,0.0,0.0,0.0,0.0,0.0,0.0,0.0,2021_05,crop-area
92,34.35694085305036,51.65519640546251,42.02268465024946,36.16037160832635,53.34492041448938,54.48967950723607,43.05241294625703,59.44206798777107,54.26949899858874,24.881468055247147,36.31640286863132,52.169582560913646,52.668237904262696,41.12115965882656,7.361829060255534,1.0864373626678718,25.02176611891062,38.93843502580468,38.94892388657762,37.768873072406805,42.71712632701242,48.44260755929896,13.33446076633077,59.148520389867386,52.28503838315709,54.1443900277245,67.02497083381824,42.8185193189568,54.1566164520331,51.807735845295575,36.2774975884176,8.54834328662391,38.46045658793105,62.11184510032704,60.242035923079584,2021_05,crops
93,4296.624151156235,2231.5993331549903,3585.3069321814023,1247.6117514050093,2700.336576957554,3477.530108369159,1557.3606551140049,2711.0464141089856,2238.6415334905228,4159.102888381455,9491.630139883577,3889.6067327857527,7133.757644739055,3445.5268629610114,8511.666927309076,4923.29748622475,3222.517655928944,4060.318063254274,4335.474967336042,1883.330083753236,975.2407923854796,4254.719948057848,3333.953706616405,1829.807307358248,1576.5499878215094,1098.83444541599,1489.926404330648,4700.953196095703,4363.59388114963,5163.44360094801,880.805632910103,4989.53282327419,1292.455559234692,1123.7037030160088,1578.254039674223,2021_05,distance-from-river
94,KOKRAJHAR,DHUBRI,GOALPARA,BARPETA,MORIGAON,NAGAON,SONITPUR,LAKHIMPUR,DHEMAJI,TINSUKIA,DIBRUGARH,SIVASAGAR,JORHAT,GOLAGHAT,KARBI ANGLONG,DIMA HASAO,CACHAR,KARIMGANJ,HAILAKANDI,BONGAIGAON,CHIRANG,KAMRUP,KAMRUP METRO,NALBARI,BAKSA,DARRANG,UDALGURI,CHARAIDEO,BISWANATH,HOJAI,SOUTH SALMARA MANCACHAR,WEST KARBI ANGLONG,MAJULI,BAJALI,TAMULPUR,2021_05,district
95,0.0005623749999999,0.0006515714285714,0.0005706,0.0006465,0.0005976,0.0005747142857142,0.000571,0.0006111428571428,0.0005535,0.00057375,0.0006251428571428,0.0006055,0.0006035999999999,0.0005855,0.00041,0.00031275,0.0004408,0.0005329999999999,0.0005025,0.0005798,0.000528,0.0005858461538461,0.00044875,0.000670625,0.0005907142857142,0.0006724,0.0006286666666666,0.000603,0.0006126666666666,0.00058,0.000585,0.000439,0.0006255,0.0006813333333333,0.0006636,2021_05,drainage-density
96,,,,,,,,,,,,,,,,,,,,,,,,,,,,,,,,,,,,2021_05,dtcode11
97,,,,,,,,,,,,,,,,,,,,,,,,,,,,,,,,,,,,2021_05,dtname
98,0.89244575,0.9277878571428572,0.8636886,0.8736663333333333,0.800827,0.8781672857142857,0.83290375,0.8279444285714286,0.8650978333333333,0.81588525,0.8360355714285715,0.880761,0.9323276,0.8770435000000001,0.9603543333333334,1.0,0.8673714,0.9620012,0.94848225,0.8860188000000001,0.8912708,0.9523873076923076,1.0,0.961587375,0.853616,0.8623016,0.8242077777777778,0.8789193333333333,0.8180906666666666,0.7818350000000001,0.914733,0.803344,0.951437,0.9768436666666668,0.8785076,2021_05,efficiency
99,63.0,33.0,49.0,40.0,63.0,72.0,86.0,96.0,141.0,142.0,113.0,99.0,105.0,97.0,347.0,607.0,155.0,36.0,47.0,54.0,84.0,82.0,114.0,49.0,70.0,59.0,91.0,112.0,86.0,125.0,26.0,483.0,85.0,47.0,71.0,2021_05,elevation-mean
100,0.0,0.0,0.0,0.0,0.0,0.0,0.0,0.0,0.0,0.0,0.0,0.0,0.0,0.0,0.0,0.0,0.0,0.0,0.0,0.0,0.0,0.0,0.0,0.0,0.0,0.0,0.0,0.0,0.0,0.0,0.0,0.0,0.0,0.0,0.0,2021_05,embankment-breached
101,0.0,0.0,0.0,0.0,0.0,0.0,0.0,0.0,0.0,0.0,0.0,0.0,0.0,0.0,0.0,0.0,0.0,0.0,0.0,0.0,0.0,0.0,0.0,1.0,0.0,0.0,0.0,0.0,1.0,0.0,0.0,0.0,0.0,0.0,0.0,2021_05,embankments-affected
102,1,2,2,3,2,4,5,1,1,5,2,2,2,2,2,1,5,3,2,1,1,1,4,1,1,3,1,1,2,5,4,3,1,1,1,2021_05,exposure
103,,,,,,,,,,,,,,,,,,,,,,,,,,,,,,,,,,,,2021_05,female-camp
104,2021-2022,2021-2022,2021-2022,2021-2022,2021-2022,2021-2022,2021-2022,2021-2022,2021-2022,2021-2022,2021-2022,2021-2022,2021-2022,2021-2022,2021-2022,2021-2022,2021-2022,2021-2022,2021-2022,2021-2022,2021-2022,2021-2022,2021-2022,2021-2022,2021-2022,2021-2022,2021-2022,2021-2022,2021-2022,2021-2022,2021-2022,2021-2022,2021-2022,2021-2022,2021-2022,2021_05,financial-year
105,1,4,1,2,1,1,4,4,3,3,4,3,2,1,1,1,3,5,5,2,2,1,1,2,1,1,1,4,3,1,5,1,3,2,1,2021_05,flood-hazard
106,,,,,,,,,,,,,,,,,,,,,,,,,,,,,,,,,,,,2021_05,flood-hazard-float
107,0.5304142629862878,0.0107662317913023,0.1933642407648085,0.0806194846364986,0.4188956560950299,1.4834535536275912,0.0858220630151136,0.158613856428508,0.2593962204787826,0.5796031213342887,0.2869224097919429,1.0514967764224237,1.214703590199248,0.3884901993439709,0.000964348705565,0.0027422022814836,0.1484475040399481,0.4607070227993903,0.6185071663823104,0.0592169823888001,0.011608077211315,0.0524379892802181,0.2153373818964564,0.1024063567301933,1.2746094421410486e-05,0.0119458228402453,0.0,0.0230161588118496,0.322551646896779,0.009537208651381,0.0029990918833667,0.0206582634240563,0.0726146217210788,0.0006026865144437,0.0,2021_05,flooded-vegetation
108,5,5,4,5,5,5,5,5,5,5,4,5,5,5,5,5,5,5,5,5,5,5,4,5,5,5,5,5,5,5,5,5,5,5,5,2021_05,government-response
109,163,151,154,205,116,277,158,124,73,119,169,143,106,153,30,4,176,96,87,88,68,282,52,142,109,129,15,82,100,91,69,25,32,70,67,2021_05,health-centres-count
110,0,0,0,0,0,0,0,0,0,0,0,0,0,0,0,0,0,0,0,0,0,0,0,0,0,0,0,0,0,0,0,0,0,0,0,2021_05,human-live-lost
111,,,,,,,,,,,,,,,,,,,,,,,,,,,,,,,,,,,,2021_05,human-live-lost-children
112,,,,,,,,,,,,,,,,,,,,,,,,,,,,,,,,,,,,2021_05,human-live-lost-female
113,,,,,,,,,,,,,,,,,,,,,,,,,,,,,,,,,,,,2021_05,human-live-lost-male
114,0.0,0.0,112493436.09,30979112.33,0.0,0.0,0.0,0.0,0.0,0.0,57776784.21,0.0,49497245.02,0.0,0.0,0.0,0.0,0.0,0.0,0.0,0.0,0.0,33298020.73,9801410.82,0.0,40497698.51,10113220.0,0.0,0.0,0.0,0.0,0.0,0.0,0.0,0.0,2021_05,immediate-measures-tenders-awarded-value
115,0.0,0.0,0.0,0.0,0.0,0.0,0.0,0.0,0.0,0.0,0.0,0.0,0.0,0.0,0.0,0.0,0.0,0.0,0.0,0.0,0.0,0.0,0.0,0.0,0.0,0.0,0.0,0.0,0.0,0.0,0.0,0.0,0.0,0.0,0.0,2021_05,inundation-intensity-mean
116,0.0,0.0,0.0,0.0,0.0,0.0,0.0,0.0,0.0,0.0,0.0,0.0,0.0,0.0,0.0,0.0,0.0,0.0,0.0,0.0,0.0,0.0,0.0,0.0,0.0,0.0,0.0,0.0,0.0,0.0,0.0,0.0,0.0,0.0,0.0,2021_05,inundation-intensity-mean-nonzero
117,0.0,0.0,0.0,0.0,0.0,0.0,0.0,0.0,0.0,0.0,0.0,0.0,0.0,0.0,0.0,0.0,0.0,0.0,0.0,0.0,0.0,0.0,0.0,0.0,0.0,0.0,0.0,0.0,0.0,0.0,0.0,0.0,0.0,0.0,0.0,2021_05,inundation-intensity-sum
118,0.0,0.0,0.0,0.0,0.0,0.0,0.0,0.0,0.0,0.0,0.0,0.0,0.0,0.0,0.0,0.0,0.0,0.0,0.0,0.0,0.0,0.0,0.0,0.0,0.0,0.0,0.0,0.0,0.0,0.0,0.0,0.0,0.0,0.0,0.0,2021_05,inundation-pct
119,0.0,0.0,0.0,0.0,0.0,0.0,0.0,0.0,0.0,0.0,0.0,0.0,0.0,0.0,0.0,0.0,0.0,0.0,0.0,0.0,0.0,0.0,0.0,0.0,0.0,0.0,0.0,0.0,0.0,0.0,0.0,0.0,0.0,0.0,0.0,2021_05,ltif-tenders-awarded-value
120,,,,,,,,,,,,,,,,,,,,,,,,,,,,,,,,,,,,2021_05,male-camp
121,0.48,0.5,0.48,0.38,0.3,0.36,0.62,0.67,0.47,0.57,0.66,0.5,0.44,0.44,0.35,0.53,0.71,0.71,0.71,0.4,0.56,0.57,0.3,0.3,0.37,0.33,0.54,0.66,0.68,0.24,1.8,0.24,0.45,0.37,0.29,2021_05,max-rain
122,79.02868494142712,101.80280753365652,92.94383900653578,105.59323892727154,101.52151689605476,82.80184981421402,96.12358569934148,83.9078683433952,82.58482453454118,85.28440626816572,92.33941954273553,80.5484411209615,79.26767921681454,87.0143854317649,73.9235270160713,74.45407242468538,76.22171823123378,78.77654329987095,76.5297175055914,92.844134833946,78.73454361714819,88.47737641290556,90.33791694141864,81.3350244170581,77.2968865972734,93.73693822422564,78.06937273928872,76.99096084367254,87.73877652848734,76.69919006241047,135.19869279538494,74.5890767941101,111.4923918776678,77.2774448783579,78.49346327750206,2021_05,mean-cn
123,-0.0557469717713713,-0.0504561513882639,0.0143880935286443,-0.0516491640071862,-0.0625903370698183,-0.0445567478862481,-0.0107788918789395,-0.0513918450342894,-0.0509956610809935,-0.0726867190548442,-0.0153824765996063,0.0257999135688228,0.0143698787906128,0.043678089203595,-0.0424799366553359,-0.0869962269184967,-0.0856395573452463,-0.080968928028172,-0.0388203009841035,-0.0457920753967247,-0.0731679093992761,-0.0410594804453771,-0.0335587958706201,-0.0211753968511322,-0.0450564627121931,-0.0190701277949944,-0.0154152577472075,0.0220160780057084,-0.0395882702778658,0.0789203389792895,-0.0118833583933248,-0.0230305662957912,-0.0138187846909517,-0.027177827010767,-0.0335912491321565,2021_05,mean-ndbi
124,0.4669733447075706,0.3736474262397181,0.3758815953822238,0.3042784858665651,0.3950061918951251,0.4466164606961033,0.3499950029405705,0.4448441599484729,0.4050501715178174,0.5118664571790545,0.364168300119345,0.4265910855903028,0.4411316484652089,0.357101149227981,0.530002483864073,0.5272865234802221,0.5081798287532086,0.4801733419951772,0.4580086020866323,0.4149045799915784,0.4704979739225577,0.4149561801365573,0.4003225523215659,0.3774752104050248,0.4590948936292566,0.3454906998005799,0.4445313007654475,0.4473217908530443,0.2942864182897979,0.3409011100267706,0.2166223577563665,0.507653056864586,0.2451238548127648,0.3923948030503887,0.4203430910067581,2021_05,mean-ndvi
125,0.32,0.41,0.36,0.34,0.21,0.26,0.44,0.47,0.44,0.43,0.51,0.43,0.38,0.29,0.18,0.22,0.54,0.63,0.64,0.38,0.41,0.28,0.21,0.29,0.31,0.24,0.28,0.52,0.37,0.17,1.09,0.18,0.43,0.32,0.28,2021_05,mean-rain
126,0.94,0.94,0.94,0.94,0.95,0.94,0.93,0.94,0.93,0.93,0.94,0.93,0.94,0.94,0.92,0.91,0.94,0.94,0.93,0.95,0.94,0.93,0.91,0.93,0.95,0.93,0.94,0.93,0.93,0.94,0.94,0.93,0.94,0.94,0.95,2021_05,mean-sex-ratio
127,78683.46309,83470.903,78088.12,79714.84605,75490.3523,87424.202,71470.137,90513.46103,104651.240916,68512.0013,81437.447,43095.76595,54183.314,128914.321604,35388.58,27888.17,66721.37,42827.17595,35287.21,42395.395,27850.66,74001.84561,6039.38,44021.984,58167.37587,76196.45569999999,93034.31635285716,23849.9,71288.401,78621.26999999999,17419.61,48488.349,16642.66,23559.76,71015.57777333334,2021_05,net-sown-area-in-hac
128,0.0,15394964.76,29497757.66,0.0,0.0,0.0,0.0,0.0,0.0,0.0,0.0,0.0,0.0,0.0,0.0,0.0,0.0,0.0,0.0,0.0,0.0,0.0,161649511.34,0.0,0.0,0.0,4247067.0,0.0,0.0,0.0,0.0,0.0,0.0,0.0,0.0,2021_05,others-tenders-awarded-value
129,0.0,0.0,0.0,0.0,0.0,0.0,0.0,0.0,0.0,0.0,0.0,0.0,0.0,0.0,0.0,0.0,0.0,0.0,0.0,0.0,0.0,0.0,0.0,0.0,0.0,0.0,0.0,0.0,0.0,0.0,0.0,0.0,0.0,0.0,0.0,2021_05,population-affected-total
130,62.0,342.0,34.0,5.0,10.0,45.0,35.0,38.0,77.0,43.0,49.0,27.0,41.0,43.0,32.0,146.0,46.0,45.0,28.0,81.0,8.0,45.0,80.0,11.0,0.0,0.0,24.0,24.0,19.0,30.0,0.0,0.0,0.0,9.0,6.0,2021_05,rail-count
131,145613.0,139561.0,78425.0,17621.0,30884.0,174517.0,138494.0,108334.0,121454.0,119685.0,123774.0,73292.0,86126.0,117155.0,73424.0,172636.0,103488.0,117739.0,90281.0,82273.0,24548.0,109026.0,89510.0,30164.0,0.0,0.0,66114.0,80492.0,74271.0,75327.0,0.0,0.0,0.0,28139.0,18201.0,2021_05,rail-length
132,5.555624983857404,5.996106926536052,3.560403941133399,6.267930535154481,2.684482354476203,3.698020169566056,6.500786610930343,2.3063023945926067,4.447537705422305,8.37996671008257,4.718609602090846,3.891643453265035,1.9206761011743596,7.875875441832467,2.32140457366514,4.092857261441682,2.318856184434248,1.5928149191405208,2.3992694260685314,4.918838536894644,4.351718448163259,2.6183787673260506,1.4389938854588624,1.2067170305083057,3.89044080960832,2.52307723747256,1.1492006754066422,1.334872354407603,4.884892808008314,1.3229221245459817,10.14849531857374,4.53378009258239,12.56991224610625,0.1886936146970008,1.478507911656724,2021_05,rangeland
133,3131,1557,1979,1848,1512,2564,3445,2998,2483,3810,3379,1567,1865,3523,7337,4884,3783,1839,1329,1088,1926,3283,834,1036,1526,1611,1987,1073,1783,1456,684,3073,970,470,877,2021_05,rc-area
134,22.9,25.01,25.42,15.04,15.81,23.51,13.19,16.32,20.87,24.89,12.8,8.96,12.07,15.06,23.47,23.25,15.87,14.25,19.26,12.86,25.35,9.48,11.61,21.25,15.46,13.0,15.96,19.71,28.46,27.66,28.09,28.84,17.28,9.75,12.15,2021_05,rc-nosanitation-hhds-pct
135,2.85,1.19,3.55,2.25,3.35,4.98,6.04,2.83,2.26,3.42,4.19,6.81,14.25,7.18,1.95,6.36,8.53,5.57,4.01,2.04,1.03,3.32,11.46,9.66,2.8,5.1,3.07,3.8,4.2,5.27,3.57,0.24,4.95,6.03,5.78,2021_05,rc-piped-hhds-pct
136,,,,,,,,,,,,,,,,,,,,,,,,,,,,,,,,,,,,2021_05,relief-camp-inmates
137,122181967.1,15394964.76,29497757.66,11936367.0,38924717.45,0.0,0.0,0.0,0.0,0.0,17931256.48,0.0,0.0,0.0,0.0,11153505.54,0.0,0.0,0.0,0.0,14733572.72,0.0,161901373.5,0.0,0.0,0.0,18108401.54,0.0,0.0,0.0,0.0,0.0,0.0,0.0,0.0,2021_05,restoration-measures-tenders-awarded-value
138,,,,,,,,,,,,,,,,,,,,,,,,,,,,,,,,,,,,2021_05,revenue-ci
139,0.0,0.0,16123585.32,0.0,38924717.45,0.0,0.0,0.0,0.0,0.0,17931256.48,0.0,0.0,0.0,0.0,0.0,0.0,0.0,0.0,0.0,0.0,0.0,64657520.24,0.0,0.0,0.0,0.0,0.0,0.0,0.0,0.0,0.0,0.0,0.0,0.0,2021_05,ridf-tenders-awarded-value
140,1,3,1,2,1,1,4,4,3,3,4,3,2,1,1,1,3,4,4,2,2,1,1,1,1,1,2,4,3,1,5,2,2,1,1,2021_05,risk-score
141,40.43,31.73,46.6,44.64,51.08,56.18,77.36,95.02,0.0,133.74,116.22,96.52,85.47,128.31,0.0,131.48,22.62,18.72,22.7,51.37,52.64,50.77,50.74,51.08,0.0,0.0,0.0,101.29,0.0,0.0,0.0,754.0,0.0,0.0,161.47,2021_05,riverlevel-max
142,5.04207604306864,11.85181537955724,15.412679676985196,7.189573799910273,19.598425302826374,7.882464910594116,34.39624413513938,37.96777384722475,0.0,64.18503313220947,30.56672835241278,68.7186693437241,16.58550201884253,45.87807887860074,0.0,32.8256998654105,14.557556564179958,10.542347054588344,11.84140025347198,9.63498115746972,10.507986541049798,7.563289160368568,23.42578230148048,6.358162853297443,0.0,0.0,0.0,32.861870794078065,0.0,0.0,0.0,422.0173797909407,0.0,0.0,45.24181561238223,2021_05,riverlevel-mean
143,0.0,0.0,0.0,0.0,0.0,0.0,0.0,0.0,0.0,0.0,0.0,0.0,0.0,0.0,0.0,0.0,6.49,0.0,0.0,0.0,0.0,0.0,0.0,0.0,0.0,0.0,0.0,0.0,0.0,0.0,0.0,66.29,0.0,0.0,0.0,2021_05,riverlevel-min
144,858892.0,705770.0,1011509.0,725891.0,634621.0,1331470.0,745620.0,804067.0,578686.0,1211943.0,1453600.0,700651.0,736030.0,1389863.0,752361.0,843185.0,988230.0,615579.0,483931.0,654117.0,547046.0,1589070.0,746938.0,450865.0,429399.0,767150.0,650574.0,485197.0,574075.0,560100.0,78936.0,457481.0,54196.0,461489.0,294016.0,2021_05,road-length
145,0.0,0.0,0.0,0.0,0.0,0.0,0.0,2.0,1.0,0.0,0.0,0.0,0.0,0.0,0.0,0.0,0.0,5.0,0.0,0.0,0.0,0.0,0.0,0.0,0.0,0.0,0.0,0.0,0.0,0.0,0.0,0.0,0.0,0.0,0.0,2021_05,roads
146,2788,3147,2578,2904,1994,3284,2025,3519,2301,1950,2431,1838,2072,2507,1757,1063,3322,3188,3016,1463,1336,3463,1151,1817,1497,1858,1795,1007,1291,1320,1381,925,805,813,995,2021_05,schools-count
147,0.0,0.0,0.0,0.0,0.0,0.0,0.0,0.0,0.0,0.0,0.0,0.0,0.0,0.0,0.0,0.0,0.0,0.0,0.0,0.0,0.0,0.0,0.0,0.0,0.0,0.0,0.0,0.0,0.0,0.0,0.0,0.0,0.0,0.0,0.0,2021_05,sdrf-sanctions-awarded-value
148,0.0,50310757.85,112493436.09,48977757.35,0.0,71995846.9,23757718.34,13499233.0,0.0,0.0,57776784.21,0.0,49497245.02,0.0,0.0,0.0,0.0,0.0,0.0,0.0,0.0,0.0,50404897.85,56442739.93000001,4856993.0,40497698.51,10113220.0,0.0,0.0,0.0,0.0,0.0,0.0,0.0,0.0,2021_05,sdrf-tenders-awarded-value
149,84.0,81.0,84.0,78.0,81.0,86.0,82.0,84.0,84.0,83.0,79.0,85.0,85.0,84.0,89.0,90.0,88.0,86.0,87.0,84.0,85.0,83.0,85.0,83.0,85.0,82.0,85.0,84.0,83.0,88.0,75.0,89.0,78.0,85.0,85.0,2021_05,slope-mean
150,75359582.82,15394964.76,13374172.34,0.0,0.0,0.0,0.0,0.0,0.0,0.0,0.0,0.0,0.0,0.0,0.0,0.0,0.0,0.0,0.0,0.0,0.0,0.0,114886568.48,0.0,0.0,0.0,4247067.0,0.0,0.0,0.0,0.0,0.0,0.0,0.0,0.0,2021_05,sopd-tenders-awarded-value
151,56008.0,40765.0,44786.0,65408.0,40566.0,93735.0,65693.0,56287.0,31350.0,75587.0,63360.0,42377.0,49025.0,68332.0,33994.0,10403.0,103558.0,80707.0,27240.0,33348.0,30767.0,70977.0,50815.0,40712.0,25467.0,52397.0,37778.0,16076.0,30541.0,44658.0,23250.0,22980.0,7069.0,11822.0,20546.0,2021_05,sum-aged-population
152,1281881.0,1359043.0,1060533.0,1572628.0,1120104.0,2319902.0,1446186.0,1148639.0,694961.0,1391101.0,1487017.0,778295.0,997472.0,1291200.0,695437.0,284484.0,2087230.0,1374000.0,757942.0,796774.0,606535.0,1618630.0,1343547.0,959339.0,713721.0,1140900.0,870281.0,495616.0,658525.0,1101898.0,530164.0,359966.0,167349.0,318207.0,500585.0,2021_05,sum-population
153,889.27,588.43,671.88,558.52,276.89,597.96,1371.88,1265.55,1001.63,1500.49,1548.96,621.69,621.27,870.74,1166.41,909.17,1847.7,977.72,715.15,375.41,782.93,861.36,154.74,264.61,441.97,347.52,545.38,508.5,636.92,209.39,617.44,503.14,381.49,141.24,227.06,2021_05,sum-rain
154,121651.0,106666.0,109635.0,137134.0,88492.0,187668.0,118737.0,106671.0,63338.0,139787.0,99072.0,58515.0,58475.0,106776.0,83027.0,25510.0,184741.0,163480.0,60524.0,68143.0,62610.0,107785.0,64455.0,49652.0,38117.0,110746.0,68454.0,22419.0,54999.0,89876.0,58131.0,54305.0,8786.0,24007.0,31297.0,2021_05,sum-young-population
155,,,,,,,,,,,,,,,,,,,,,,,,,,,,,,,,,,,,2021_05,topsis-score
156,0.0,0.0,0.0,0.0,0.0,0.0,0.0,0.0,0.0,0.0,0.0,0.0,0.0,0.0,0.0,0.0,0.0,0.0,0.0,0.0,0.0,0.0,0.0,0.0,0.0,0.0,0.0,0.0,0.0,0.0,0.0,0.0,0.0,0.0,0.0,2021_05,total-animal-affected
157,0.0,0.0,0.0,0.0,0.0,0.0,0.0,0.0,0.0,0.0,0.0,0.0,0.0,0.0,0.0,0.0,0.0,0.0,0.0,0.0,0.0,0.0,0.0,0.0,0.0,0.0,0.0,0.0,0.0,0.0,0.0,0.0,0.0,0.0,0.0,2021_05,total-animal-washed-away
158,214904.0,377710.0,240459.0,393378.0,267778.0,527427.0,318730.0,266928.0,195025.0,318555.0,311523.0,172096.0,272707.0,275841.0,103131.0,30119.0,416101.0,256161.0,165784.0,185414.0,105445.0,408132.0,327221.0,233278.0,132203.0,231859.0,185739.0,108235.0,150938.0,214866.0,202538.0,52339.0,39239.0,77895.0,112690.0,2021_05,total-hhd
159,0.0,0.0,0.0,0.0,0.0,0.0,0.0,0.0,0.0,0.0,0.0,0.0,0.0,0.0,0.0,0.0,0.0,0.0,0.0,0.0,0.0,0.0,0.0,0.0,0.0,0.0,0.0,0.0,0.0,0.0,0.0,0.0,0.0,0.0,0.0,2021_05,total-house-fully-damaged
160,75359582.82,65705722.61,141991193.75,48977757.35,38924717.45,71995846.9,23757718.34,13499233.0,0.0,0.0,75708040.69,0.0,49497245.02,0.0,0.0,0.0,0.0,0.0,0.0,0.0,0.0,0.0,229948986.57,56442739.93000001,4856993.0,40497698.51,33286239.59,0.0,0.0,0.0,0.0,0.0,0.0,0.0,0.0,2021_05,total-tender-awarded-value
161,43.98932267010756,5.144386888079183,24.18246369319196,2.0719326398805658,8.909372340284825,14.523458971432348,17.38480479972998,12.428285713267991,18.7238999923748,44.911270270226375,28.07006483630923,22.568294310271757,22.547394124288424,21.538219052939983,86.04086283868104,92.70805107896902,61.19674549088654,38.80036940166334,44.10043312221657,15.167158079097288,23.306941588540017,23.185619567722654,38.00611230326868,11.406913612118768,26.06572918305741,8.030025208883123,13.578760237089556,41.299449603990205,14.342280130815992,27.692108982330566,2.244012825278056,83.399830651071,3.6292408407182446,12.098505319917756,16.553468863374015,2021_05,trees
162,3,2,3,3,5,3,4,4,3,4,4,3,2,3,1,1,3,1,1,3,3,2,1,1,3,3,4,3,4,5,2,4,1,1,3,2021_05,vulnerability
163,2.654609351131904,9.630615276980134,6.643371280888395,20.94700148067192,11.80517407001968,5.84257517619834,8.7179659794783,5.973464137033906,3.387978930774807,4.00323160437465,6.859472077404234,2.861969389866096,1.4277478020110324,5.813265011130777,0.2681404095004063,0.5863044645090593,2.55288342933694,3.595196766302481,2.588808318998985,8.973122290459699,2.1210760126364976,5.18899783845898,6.29117971013233,6.026903398218473,1.3210913159798612,8.861808395697839,1.1571216590836428,1.2059520770946432,5.26686010187354,1.4860229404979866,20.30063594844775,0.675239009529183,13.529855142846449,2.9134399107229245,2.583854204629774,2021_05,water
164,9.0,7.5,8.9,8.0,7.2,9.8,9.8,8.3,7.0,8.6,10.2,10.4,10.3,8.8,7.2,8.1,9.8,9.8,9.5,9.1,8.2,10.1,12.1,10.5,9.0,9.2,8.3,8.6,8.9,8.0,6.7,5.8,9.4,7.0,11.6,2021_06,avg-electricity
165,2.2,2.6,2.0,2.0,2.4,2.0,2.2,2.4,2.0,2.0,2.0,2.2,2.2,2.3,2.0,2.5,2.2,2.4,2.0,2.2,2.2,2.4,2.5,2.1,2.3,2.0,2.2,2.0,2.3,2.3,2.0,2.0,2.5,2.3,2.2,2021_06,avg-tele
166,0.868580242765881,7.850894623892732,5.512517918478251,11.862959883193469,7.597584755054908,1.1634119150636952,10.396058518692072,3.3157292183085354,5.150400593255752,5.562767456104703,11.548535488717716,1.118844042545363,0.4852425834744918,5.611770225834522,0.0039335520292327,0.0135588328169281,0.0454022335456661,0.0012143773889144,0.0210413681225184,5.008542394133784,2.674081321702636,2.4320641301167454,0.636118344050566,1.3434249807219034,0.8976191104094247,8.226348189672269,0.7185833782322901,0.0014790785340733,5.9522381727563305,0.1134160558865175,17.62388530809625,0.0325845786673929,24.257732540047048,0.1061903765441955,1.353986992614652,2021_06,bare-ground
167,0.0,0.0,0.0,0.0,0.0,0.0,0.0,0.0,1.0,0.0,0.0,0.0,0.0,0.0,0.0,0.0,0.0,0.0,0.0,4.0,0.0,0.0,0.0,0.0,0.0,0.0,0.0,0.0,0.0,0.0,0.0,0.0,0.0,0.0,0.0,2021_06,bridge
168,12.044507636100588,19.712033647258004,17.88517689685316,22.609184368136784,15.239566152995582,18.79940070687596,13.86214908189695,16.3755366925974,13.761287559104836,11.68169278263021,12.199992717054732,16.3381694667156,19.7359978945898,17.651220410091742,4.002865217163113,1.5100434169302526,8.715899038846057,16.61126248690062,11.322822570273248,28.10424864461894,24.8174482247339,18.0798899031534,40.07690835892768,20.76511423183489,15.54006845169349,18.20232759882122,16.371363216369723,13.3167114082049,15.074560687615934,17.5682568427919,13.402473919303212,2.78956411810206,7.48018802062985,22.58072299127653,17.78814610464522,2021_06,built-area
169,,,,,,,,,,,,,,,,,,,,,,,,,,,,,,,,,,,,2021_06,children-camp
170,0.0,0.0,0.0,0.0,0.0,0.0,0.0,0.0,0.0,0.0,0.0,0.0,0.0,0.0,0.0,0.0,0.0,0.0,0.0,0.0,0.0,0.0,0.0,0.0,0.0,0.0,0.0,0.0,0.0,0.0,0.0,0.0,0.0,0.0,0.0,2021_06,cidf-tenders-awarded-value
171,0.0,0.0,1.737844052391654e-05,0.0,4.256584350710181e-06,0.0,0.0,0.0,0.0,0.0,0.0,0.0,0.0,0.0,0.0,5.38038380932035e-06,0.0,0.0,0.0001941413602205,0.0,0.0,4.244643058839207e-06,0.0008892499344914,0.0,0.0,7.751888818182e-05,0.0,0.0,0.0,0.0,0.0,0.0,0.0,0.0,0.0,2021_06,clouds
172,,,,,,,,,,,,,,,,,,,,,,,,,,,,,,,,,,,,2021_06,count
173,0.0,0.0,0.0,2.0,0.0,0.0,0.0,191.0,1477.0,147.0,443.0,58.0,8.0,0.0,0.0,0.0,0.0,0.0,0.0,240.0,0.0,0.0,0.0,0.0,0.0,76.0,0.0,109.0,194.0,0.0,0.0,0.0,30.0,0.0,0.0,2021_06,crop-area
174,34.35694085305036,51.65519640546251,42.02268465024946,36.16037160832635,53.34492041448938,54.48967950723607,43.05241294625702,59.44206798777107,54.26949899858874,24.881468055247147,36.31640286863132,52.169582560913646,52.668237904262696,41.12115965882656,7.361829060255534,1.0864373626678718,25.02176611891062,38.93843502580468,38.94892388657762,37.768873072406805,42.71712632701242,48.44260755929896,13.33446076633077,59.148520389867386,52.28503838315709,54.1443900277245,67.02497083381824,42.8185193189568,54.1566164520331,51.807735845295575,36.2774975884176,8.54834328662391,38.46045658793105,62.11184510032704,60.242035923079584,2021_06,crops
175,4296.624151156235,2231.5993331549903,3585.3069321814023,1247.6117514050093,2700.336576957554,3477.530108369159,1557.3606551140049,2711.046414108986,2238.6415334905228,4159.102888381454,9491.630139883577,3889.6067327857527,7133.757644739055,3445.526862961011,8511.666927309076,4923.29748622475,3222.517655928944,4060.318063254274,4335.474967336042,1883.330083753236,975.2407923854796,4254.719948057848,3333.953706616405,1829.807307358248,1576.5499878215094,1098.83444541599,1489.9264043306482,4700.953196095703,4363.59388114963,5163.44360094801,880.805632910103,4989.53282327419,1292.455559234692,1123.7037030160088,1578.254039674223,2021_06,distance-from-river
176,KOKRAJHAR,DHUBRI,GOALPARA,BARPETA,MORIGAON,NAGAON,SONITPUR,LAKHIMPUR,DHEMAJI,TINSUKIA,DIBRUGARH,SIVASAGAR,JORHAT,GOLAGHAT,KARBI ANGLONG,DIMA HASAO,CACHAR,KARIMGANJ,HAILAKANDI,BONGAIGAON,CHIRANG,KAMRUP,KAMRUP METRO,NALBARI,BAKSA,DARRANG,UDALGURI,CHARAIDEO,BISWANATH,HOJAI,SOUTH SALMARA MANCACHAR,WEST KARBI ANGLONG,MAJULI,BAJALI,TAMULPUR,2021_06,district
177,0.0005623749999999,0.0006515714285714,0.0005706,0.0006465,0.0005976,0.0005747142857142,0.000571,0.0006111428571428,0.0005535,0.00057375,0.0006251428571428,0.0006055,0.0006035999999999,0.0005855,0.00041,0.00031275,0.0004408,0.0005329999999999,0.0005025,0.0005798,0.000528,0.0005858461538461,0.00044875,0.000670625,0.0005907142857142,0.0006724,0.0006286666666666,0.000603,0.0006126666666666,0.00058,0.000585,0.000439,0.0006255,0.0006813333333333,0.0006636,2021_06,drainage-density
178,,,,,,,,,,,,,,,,,,,,,,,,,,,,,,,,,,,,2021_06,dtcode11
179,,,,,,,,,,,,,,,,,,,,,,,,,,,,,,,,,,,,2021_06,dtname
180,0.89244575,0.9277878571428572,0.8636886,0.8736625,0.800827,0.8780387142857143,0.83290375,0.8249192857142857,0.8619513333333334,0.81565325,0.835075,0.8805735,0.9323138,0.8770435,0.9603543333333334,1.0,0.8673714,0.9623464,0.94848225,0.8806727999999999,0.8912708,0.9523873076923076,1.0,0.962125625,0.853616,0.8621055999999999,0.8242077777777778,0.8772289999999999,0.8118453333333333,0.7818350000000001,0.914733,0.803344,0.94927,0.9768436666666668,0.8785076,2021_06,efficiency
181,63.0,33.0,49.0,40.0,63.0,72.0,86.0,96.0,141.0,142.0,113.0,99.0,105.0,97.0,347.0,607.0,155.0,36.0,47.0,54.0,84.0,82.0,114.0,49.0,70.0,59.0,91.0,112.0,86.0,125.0,26.0,483.0,85.0,47.0,71.0,2021_06,elevation-mean
182,0.0,0.0,0.0,0.0,0.0,0.0,0.0,0.0,1.0,0.0,0.0,0.0,2.0,0.0,0.0,0.0,0.0,0.0,0.0,0.0,0.0,0.0,0.0,0.0,0.0,0.0,0.0,0.0,3.0,0.0,0.0,0.0,0.0,0.0,0.0,2021_06,embankment-breached
183,0.0,0.0,0.0,0.0,0.0,0.0,0.0,1.0,0.0,0.0,0.0,0.0,0.0,0.0,0.0,0.0,0.0,0.0,0.0,0.0,0.0,0.0,0.0,0.0,0.0,0.0,0.0,0.0,2.0,0.0,0.0,0.0,0.0,0.0,0.0,2021_06,embankments-affected
184,1,2,2,3,2,4,5,1,1,5,2,2,2,2,2,1,5,3,2,1,1,1,4,1,1,3,1,1,2,5,4,3,1,1,1,2021_06,exposure
185,,,,,,,,,,,,,,,,,,,,,,,,,,,,,,,,,,,,2021_06,female-camp
186,2021-2022,2021-2022,2021-2022,2021-2022,2021-2022,2021-2022,2021-2022,2021-2022,2021-2022,2021-2022,2021-2022,2021-2022,2021-2022,2021-2022,2021-2022,2021-2022,2021-2022,2021-2022,2021-2022,2021-2022,2021-2022,2021-2022,2021-2022,2021-2022,2021-2022,2021-2022,2021-2022,2021-2022,2021-2022,2021-2022,2021-2022,2021-2022,2021-2022,2021-2022,2021-2022,2021_06,financial-year
187,1,2,2,4,1,1,5,4,2,3,1,4,2,1,1,1,1,1,1,3,3,2,1,2,2,3,2,3,5,1,4,1,2,3,2,2021_06,flood-hazard
188,,,,,,,,,,,,,,,,,,,,,,,,,,,,,,,,,,,,2021_06,flood-hazard-float
189,0.5304142629862878,0.0107662317913023,0.1933642407648085,0.0806194846364986,0.4188956560950299,1.4834535536275912,0.0858220630151136,0.158613856428508,0.2593962204787826,0.5796031213342887,0.2869224097919429,1.0514967764224237,1.214703590199248,0.3884901993439709,0.000964348705565,0.0027422022814836,0.1484475040399481,0.4607070227993903,0.6185071663823105,0.0592169823888001,0.011608077211315,0.0524379892802181,0.2153373818964564,0.1024063567301933,1.2746094421410486e-05,0.0119458228402453,0.0,0.0230161588118496,0.322551646896779,0.009537208651381,0.0029990918833667,0.0206582634240563,0.0726146217210788,0.0006026865144437,0.0,2021_06,flooded-vegetation
190,5,5,4,5,5,5,5,5,5,5,5,5,5,5,5,5,5,5,5,5,5,5,4,5,5,5,5,5,5,5,5,5,5,5,5,2021_06,government-response
191,163,151,154,205,116,277,158,124,73,119,169,143,106,153,30,4,176,96,87,88,68,282,52,142,109,129,15,82,100,91,69,25,32,70,67,2021_06,health-centres-count
192,0,0,0,2,0,0,0,0,0,0,0,0,0,0,0,0,0,0,0,0,0,0,0,0,0,0,0,0,0,0,0,0,0,0,0,2021_06,human-live-lost
193,,,,,,,,,,,,,,,,,,,,,,,,,,,,,,,,,,,,2021_06,human-live-lost-children
194,,,,,,,,,,,,,,,,,,,,,,,,,,,,,,,,,,,,2021_06,human-live-lost-female
195,,,,,,,,,,,,,,,,,,,,,,,,,,,,,,,,,,,,2021_06,human-live-lost-male
196,401832619.05,0.0,0.0,0.0,0.0,0.0,0.0,0.0,0.0,0.0,0.0,0.0,4592400.0,0.0,0.0,0.0,0.0,0.0,0.0,9963104.07,0.0,0.0,0.0,0.0,0.0,0.0,0.0,0.0,0.0,0.0,0.0,0.0,0.0,0.0,0.0,2021_06,immediate-measures-tenders-awarded-value
197,0.0,0.0,0.0,5.881327080689959e-06,0.0013102490941494,0.0,0.0078768072763982,0.0097804631725487,0.0051731053218542,0.000264582362383,9.299209904960191e-05,0.0587401964608242,0.0031724056019631,5.216527104027074e-06,6.934297256126312e-07,0.0,0.0,5.809777067037442e-06,1.1162189289298942e-06,0.0,0.0,0.0035602354945339,0.0008552653580088,0.0,0.0,0.0182299973841126,0.0015919057241509,0.0031444457389897,0.0071897356573059,0.0,0.0,0.0,7.509047564892804e-06,0.0,0.0012146958959941,2021_06,inundation-intensity-mean
198,0.0,0.0,0.0,0.17,0.3,0.0,0.5,0.43,0.34,0.5,0.21,0.54,0.5,0.17,0.17,0.0,0.0,0.1,0.12,0.0,0.0,0.23,0.25,0.0,0.0,0.5,0.22,0.5,0.5,0.0,0.0,0.0,0.5,0.0,0.2,2021_06,inundation-intensity-mean-nonzero
199,0.0,0.0,0.0,45.5,9728.0,0.0,67796.0,86099.0,63778.5,2954.0,827.0,300313.5,15176.5,59.0,10.0,0.0,0.0,59.0,10.0,0.0,0.0,17645.5,1354.0,0.0,0.0,54450.5,1843.0,9710.5,26190.0,0.0,0.0,0.0,27.0,0.0,664.5,2021_06,inundation-intensity-sum
200,0.0,0.0,0.0,0.0011762654161379,0.2620498188298887,0.0,1.5753614552796529,1.956092634509745,1.0220661426837316,0.0529164724766208,0.0185984198099218,10.294087170086309,0.6212506267045594,0.0010433054208054,0.0001386859451225,0.0,0.0,0.0011619554134074,0.0002232437857859,0.0,0.0,0.7120470989067996,0.1710530716017774,0.0,0.0,3.645999476822539,0.3183811448301944,0.6288891477979534,1.4379471314611898,0.0,0.0,0.0,0.0015018095129785,0.0,0.2429391791988319,2021_06,inundation-pct
201,0.0,0.0,0.0,0.0,0.0,0.0,0.0,0.0,0.0,0.0,0.0,0.0,0.0,0.0,0.0,0.0,0.0,0.0,0.0,0.0,0.0,0.0,0.0,0.0,0.0,0.0,0.0,0.0,0.0,0.0,0.0,0.0,0.0,0.0,0.0,2021_06,ltif-tenders-awarded-value
202,,,,,,,,,,,,,,,,,,,,,,,,,,,,,,,,,,,,2021_06,male-camp
203,1.35,1.3,1.29,1.29,0.67,0.67,1.0,1.23,0.69,1.03,0.64,0.6,0.55,0.53,0.59,0.72,0.87,0.87,0.87,1.29,1.52,1.53,0.43,0.93,1.1,0.66,0.83,0.64,1.13,0.59,1.73,0.65,0.57,1.1,0.83,2021_06,max-rain
204,79.02868494142712,101.80280753365652,92.94383900653578,105.59323892727154,101.52151689605472,82.80184981421402,96.12358569934148,83.9078683433952,82.58482453454118,85.28440626816572,92.33941954273553,80.5484411209615,79.26767921681454,87.0143854317649,73.9235270160713,74.45407242468538,76.22171823123378,78.77654329987095,76.5297175055914,92.84413483394596,78.73454361714819,88.47737641290556,90.33791694141864,81.3350244170581,77.2968865972734,93.73693822422564,78.06937273928872,76.99096084367254,87.73877652848734,76.69919006241047,135.19869279538494,74.5890767941101,111.4923918776678,77.2774448783579,78.49346327750206,2021_06,mean-cn
205,-0.1417965409599765,-0.0781405890251274,0.0041913055876984,-0.0371953696398575,-0.0471760797099699,-0.033151737042379,0.0210480180531463,-0.0513918450342894,-0.0509956610809935,-0.0726867190548442,-0.0153824765996063,0.0257999135688228,0.0143698787906128,0.0275472689717176,-0.0719456014427373,-0.1814325338673711,-0.1742814203736898,-0.112767130072403,-0.1532079656094473,-0.0275634030933261,-0.0731679093992761,-0.065693021884513,-0.0576137873233851,-0.0195971789841075,-0.0450564627121931,-0.0018138904385024,0.0016869647438197,0.0220160780057084,-0.0176152917410176,0.0517203463206578,-0.0132107534966764,-0.0626948631064019,-0.0138187846909517,-0.0271778270107669,-0.0335912491321565,2021_06,mean-ndbi
206,0.5708552297847618,0.4403419469320625,0.3099940430620088,0.2649515600691034,0.3829892620544688,0.4067380478618075,0.3588719909864425,0.4448441599484729,0.4050501715178174,0.5118664571790545,0.364168300119345,0.4265910855903028,0.4411316484652089,0.3369669675140749,0.3384419748315987,0.631133767259844,0.6007105666584016,0.5015422342939931,0.5132257235579387,0.3589631421333819,0.4704979739225577,0.3315920582933561,0.4228607560038061,0.3446346045127279,0.4590948936292566,0.2992239574707981,0.4442599165789406,0.4473217908530443,0.3478447235127402,0.3663052017000641,0.2946570620685359,0.5000447640684484,0.2451238548127648,0.3923948030503887,0.4203430910067581,2021_06,mean-ndvi
207,0.82,0.91,0.94,0.97,0.47,0.58,0.78,0.68,0.53,0.55,0.56,0.55,0.52,0.4,0.29,0.28,0.73,0.71,0.8,1.25,1.29,0.59,0.31,0.83,0.93,0.49,0.58,0.6,0.61,0.3,1.1,0.23,0.49,0.96,0.67,2021_06,mean-rain
208,0.94,0.94,0.94,0.94,0.95,0.94,0.93,0.94,0.93,0.93,0.94,0.93,0.94,0.94,0.92,0.91,0.94,0.94,0.93,0.95,0.94,0.93,0.91,0.93,0.95,0.93,0.94,0.93,0.93,0.94,0.94,0.93,0.94,0.94,0.95,2021_06,mean-sex-ratio
209,78683.46309,83470.903,78088.12,79714.84605000001,75490.3523,87424.202,71470.137,90513.46103,104651.240916,68512.0013,81437.447,43095.76595,54183.314,128914.321604,35388.58,27888.17,66721.37,42827.17595,35287.21,42395.395,27850.66,74001.84561,6039.38,44021.984,58167.37587,76196.45569999999,93034.31635285716,23849.9,71288.401,78621.26999999999,17419.61,48488.349,16642.66,23559.76,71015.57777333334,2021_06,net-sown-area-in-hac
210,21833344.21,34105304.44,0.0,0.0,19777948.5,66827564.28,0.0,0.0,0.0,0.0,0.0,0.0,17098889.0,0.0,0.0,0.0,0.0,13498761.47,0.0,0.0,0.0,0.0,55984300.0,0.0,11761532.88,0.0,0.0,0.0,0.0,0.0,0.0,0.0,0.0,0.0,0.0,2021_06,others-tenders-awarded-value
211,0.0,0.0,0.0,0.0,0.0,0.0,0.0,31934.0,8943.0,1279.0,3717.0,0.0,0.0,0.0,0.0,0.0,0.0,0.0,0.0,0.0,0.0,0.0,0.0,0.0,0.0,0.0,0.0,4986.0,955.0,0.0,0.0,0.0,0.0,0.0,0.0,2021_06,population-affected-total
212,62.0,342.0,34.0,5.0,10.0,45.0,35.0,38.0,77.0,43.0,49.0,27.0,41.0,43.0,32.0,146.0,46.0,45.0,28.0,81.0,8.0,45.0,80.0,11.0,0.0,0.0,24.0,24.0,19.0,30.0,0.0,0.0,0.0,9.0,6.0,2021_06,rail-count
213,145613.0,139561.0,78425.0,17621.0,30884.0,174517.0,138494.0,108334.0,121454.0,119685.0,123774.0,73292.0,86126.0,117155.0,73424.0,172636.0,103488.0,117739.0,90281.0,82273.0,24548.0,109026.0,89510.0,30164.0,0.0,0.0,66114.0,80492.0,74271.0,75327.0,0.0,0.0,0.0,28139.0,18201.0,2021_06,rail-length
214,5.555624983857404,5.996106926536052,3.560403941133399,6.267930535154481,2.684482354476203,3.698020169566056,6.500786610930343,2.3063023945926067,4.447537705422305,8.37996671008257,4.718609602090846,3.891643453265035,1.9206761011743596,7.875875441832467,2.32140457366514,4.092857261441682,2.318856184434248,1.5928149191405208,2.3992694260685314,4.918838536894644,4.351718448163259,2.6183787673260506,1.4389938854588624,1.2067170305083057,3.89044080960832,2.52307723747256,1.1492006754066422,1.334872354407603,4.884892808008314,1.3229221245459817,10.14849531857374,4.53378009258239,12.56991224610625,0.1886936146970008,1.478507911656724,2021_06,rangeland
215,3131,1557,1979,1848,1512,2564,3445,2998,2483,3810,3379,1567,1865,3523,7337,4884,3783,1839,1329,1088,1926,3283,834,1036,1526,1611,1987,1073,1783,1456,684,3073,970,470,877,2021_06,rc-area
216,22.9,25.01,25.42,15.04,15.81,23.51,13.19,16.32,20.87,24.89,12.8,8.96,12.07,15.06,23.47,23.25,15.87,14.25,19.26,12.86,25.35,9.48,11.61,21.25,15.46,13.0,15.96,19.71,28.46,27.66,28.09,28.84,17.28,9.75,12.15,2021_06,rc-nosanitation-hhds-pct
217,2.85,1.19,3.55,2.25,3.35,4.98,6.04,2.83,2.26,3.42,4.19,6.81,14.25,7.18,1.95,6.36,8.53,5.57,4.01,2.04,1.03,3.32,11.46,9.66,2.8,5.1,3.07,3.8,4.2,5.27,3.57,0.24,4.95,6.03,5.78,2021_06,rc-piped-hhds-pct
218,,,,,,,,,,,,,,,,,,,,,,,,,,,,,,,,,,,,2021_06,relief-camp-inmates
219,40278303.84,34105304.44,0.0,0.0,30479568.29,66827564.28,0.0,0.0,16963088.85,0.0,0.0,0.0,17098889.0,0.0,0.0,0.0,0.0,13498761.47,0.0,0.0,19523963.0,0.0,0.0,36528208.71,12777482.88,14847289.0,17829625.08,0.0,0.0,0.0,0.0,0.0,0.0,0.0,0.0,2021_06,restoration-measures-tenders-awarded-value
220,,,,,,,,,,,,,,,,,,,,,,,,,,,,,,,,,,,,2021_06,revenue-ci
221,21833344.21,34105304.44,0.0,0.0,19777948.5,66827564.28,0.0,0.0,16963088.85,0.0,0.0,0.0,17098889.0,0.0,0.0,0.0,0.0,13498761.47,0.0,0.0,0.0,0.0,0.0,0.0,0.0,0.0,0.0,0.0,0.0,0.0,0.0,0.0,0.0,0.0,0.0,2021_06,ridf-tenders-awarded-value
222,1,2,2,4,2,1,5,4,2,3,2,4,2,1,1,1,1,1,1,3,3,2,1,2,2,4,3,3,5,1,4,2,1,3,2,2021_06,risk-score
223,42.3,32.74,47.41,44.6,52.44,58.17,77.46,95.47,0.0,134.32,119.1,98.98,85.91,128.75,0.0,131.54,22.89,18.96,23.9,52.25,53.6,51.73,51.24,52.65,0.0,0.0,0.0,105.43,0.0,0.0,0.0,753.78,0.0,0.0,162.82,2021_06,riverlevel-max
224,5.096342013888889,12.31920889123796,15.87469027777778,7.332219907407407,20.15783467540574,7.950865079365079,35.1526900323726,38.30699540866054,0.0,64.32506944444445,30.858266041192483,70.39981884555975,16.95274444444444,46.056952349401605,0.0,32.84879385964912,16.07046922342624,11.110276023391814,12.527116319444444,9.743434722222222,10.539111111111112,7.5851677350427344,24.11363020833333,6.415694444444445,0.0,0.0,0.0,33.87767592592592,0.0,0.0,0.0,409.176977067408,0.0,0.0,45.338947222222224,2021_06,riverlevel-mean
225,0.0,0.0,0.0,0.0,0.0,0.0,0.0,0.0,0.0,0.0,0.0,0.0,0.0,0.0,0.0,0.0,7.86,0.0,0.0,0.0,0.0,0.0,0.0,0.0,0.0,0.0,0.0,0.0,0.0,0.0,0.0,13.62,0.0,0.0,0.0,2021_06,riverlevel-min
226,858892.0,705770.0,1011509.0,725891.0,634621.0,1331470.0,745620.0,804067.0,578686.0,1211943.0,1453600.0,700651.0,736030.0,1389863.0,752361.0,843185.0,988230.0,615579.0,483931.0,654117.0,547046.0,1589070.0,746938.0,450865.0,429399.0,767150.0,650574.0,485197.0,574075.0,560100.0,78936.0,457481.0,54196.0,461489.0,294016.0,2021_06,road-length
227,0.0,0.0,0.0,0.0,0.0,0.0,0.0,0.0,8.0,0.0,0.0,0.0,0.0,0.0,0.0,0.0,0.0,0.0,0.0,9.0,0.0,0.0,0.0,0.0,0.0,0.0,0.0,0.0,3.0,0.0,0.0,0.0,0.0,0.0,0.0,2021_06,roads
228,2788,3147,2578,2904,1994,3284,2025,3519,2301,1950,2431,1838,2072,2507,1757,1063,3322,3188,3016,1463,1336,3463,1151,1817,1497,1858,1795,1007,1291,1320,1381,925,805,813,995,2021_06,schools-count
229,0.0,0.0,0.0,0.0,0.0,0.0,0.0,0.0,0.0,0.0,0.0,0.0,0.0,0.0,0.0,0.0,0.0,0.0,0.0,0.0,0.0,0.0,0.0,0.0,0.0,0.0,0.0,0.0,0.0,0.0,0.0,0.0,0.0,0.0,0.0,2021_06,sdrf-sanctions-awarded-value
230,0.0,0.0,0.0,22498324.8,0.0,71995868.43,8999139.0,0.0,17958510.0,0.0,0.0,0.0,0.0,0.0,0.0,0.0,0.0,10344693.35,0.0,0.0,0.0,0.0,0.0,8172920.61,84991160.45,0.0,0.0,0.0,0.0,0.0,0.0,0.0,14848827.0,0.0,0.0,2021_06,sdrf-tenders-awarded-value
231,84.0,81.0,84.0,78.0,81.0,86.0,82.0,84.0,84.0,83.0,79.0,85.0,85.0,84.0,89.0,90.0,88.0,86.0,87.0,84.0,85.0,83.0,85.0,83.0,85.0,82.0,85.0,84.0,83.0,88.0,75.0,89.0,78.0,85.0,85.0,2021_06,slope-mean
232,410377121.05,0.0,0.0,0.0,0.0,0.0,0.0,0.0,0.0,0.0,0.0,0.0,0.0,0.0,0.0,0.0,0.0,0.0,0.0,0.0,0.0,0.0,55984300.0,36528208.71,12777482.88,0.0,0.0,0.0,0.0,0.0,0.0,0.0,0.0,0.0,0.0,2021_06,sopd-tenders-awarded-value
233,56008.0,40765.0,44786.0,65408.0,40566.0,93735.0,65693.0,56287.0,31350.0,75587.0,63360.0,42377.0,49025.0,68332.0,33994.0,10403.0,103558.0,80707.0,27240.0,33348.0,30767.0,70977.0,50815.0,40712.0,25467.0,52397.0,37778.0,16076.0,30541.0,44658.0,23250.0,22980.0,7069.0,11822.0,20546.0,2021_06,sum-aged-population
234,1281881.0,1359043.0,1060533.0,1572628.0,1120104.0,2319902.0,1446186.0,1148639.0,694961.0,1391101.0,1487017.0,778295.0,997472.0,1291200.0,695437.0,284484.0,2087230.0,1374000.0,757942.0,796774.0,606535.0,1618630.0,1343547.0,959339.0,713721.0,1140900.0,870281.0,495616.0,658525.0,1101898.0,530164.0,359966.0,167349.0,318207.0,500585.0,2021_06,sum-population
235,2495.4,1221.8,1748.07,1604.77,572.31,1307.48,2442.28,1838.5,1182.63,1893.43,1718.69,781.97,869.05,1251.24,1924.75,1161.86,2501.24,1071.28,892.1,1234.72,2356.94,1762.46,206.76,732.08,1324.05,717.63,1060.26,588.36,1028.52,322.53,632.6,623.55,432.53,416.51,488.29,2021_06,sum-rain
236,121651.0,106666.0,109635.0,137134.0,88492.0,187668.0,118737.0,106671.0,63338.0,139787.0,99072.0,58515.0,58475.0,106776.0,83027.0,25510.0,184741.0,163480.0,60524.0,68143.0,62610.0,107785.0,64455.0,49652.0,38117.0,110746.0,68454.0,22419.0,54999.0,89876.0,58131.0,54305.0,8786.0,24007.0,31297.0,2021_06,sum-young-population
237,,,,,,,,,,,,,,,,,,,,,,,,,,,,,,,,,,,,2021_06,topsis-score
238,0.0,0.0,0.0,0.0,0.0,0.0,0.0,1630.0,3941.0,0.0,0.0,0.0,0.0,0.0,0.0,0.0,0.0,0.0,0.0,0.0,0.0,0.0,0.0,0.0,0.0,0.0,0.0,0.0,0.0,0.0,0.0,0.0,0.0,0.0,0.0,2021_06,total-animal-affected
239,0.0,0.0,0.0,0.0,0.0,0.0,0.0,0.0,0.0,0.0,0.0,0.0,0.0,0.0,0.0,0.0,0.0,0.0,0.0,0.0,0.0,0.0,0.0,0.0,0.0,0.0,0.0,0.0,0.0,0.0,0.0,0.0,0.0,0.0,0.0,2021_06,total-animal-washed-away
240,214904.0,377710.0,240459.0,393378.0,267778.0,527427.0,318730.0,266928.0,195025.0,318555.0,311523.0,172096.0,272707.0,275841.0,103131.0,30119.0,416101.0,256161.0,165784.0,185414.0,105445.0,408132.0,327221.0,233278.0,132203.0,231859.0,185739.0,108235.0,150938.0,214866.0,202538.0,52339.0,39239.0,77895.0,112690.0,2021_06,total-hhd
241,0.0,0.0,0.0,0.0,0.0,0.0,0.0,0.0,0.0,0.0,0.0,0.0,0.0,0.0,0.0,0.0,0.0,0.0,0.0,0.0,0.0,0.0,0.0,0.0,0.0,0.0,0.0,0.0,0.0,0.0,0.0,0.0,0.0,0.0,0.0,2021_06,total-house-fully-damaged
242,432210465.26,34105304.44,0.0,22498324.8,19777948.5,138823432.71,8999139.0,0.0,34921598.85,0.0,0.0,0.0,21691289.0,0.0,0.0,0.0,0.0,23843454.82,0.0,9963104.07,0.0,0.0,55984300.0,44701129.32,97768643.33,0.0,0.0,0.0,0.0,0.0,0.0,0.0,14848827.0,0.0,0.0,2021_06,total-tender-awarded-value
243,43.98932267010756,5.144386888079183,24.18246369319196,2.0719326398805653,8.909372340284825,14.523458971432348,17.38480479972998,12.428285713267991,18.7238999923748,44.911270270226375,28.07006483630923,22.568294310271757,22.547394124288424,21.538219052939983,86.04086283868104,92.70805107896902,61.19674549088654,38.80036940166334,44.10043312221657,15.167158079097288,23.306941588540017,23.185619567722654,38.00611230326868,11.406913612118768,26.06572918305741,8.030025208883123,13.578760237089556,41.299449603990205,14.342280130815992,27.692108982330566,2.244012825278056,83.399830651071,3.6292408407182446,12.098505319917756,16.553468863374015,2021_06,trees
244,3,2,3,3,5,3,4,4,3,4,4,3,1,3,1,1,3,1,1,3,3,2,1,1,3,3,4,3,5,5,2,4,1,1,3,2021_06,vulnerability
245,2.654609351131904,9.630615276980134,6.643371280888395,20.947001480671915,11.80517407001968,5.84257517619834,8.7179659794783,5.973464137033906,3.387978930774807,4.00323160437465,6.859472077404234,2.861969389866096,1.4277478020110324,5.813265011130777,0.2681404095004063,0.5863044645090593,2.55288342933694,3.595196766302481,2.588808318998985,8.973122290459699,2.1210760126364976,5.18899783845898,6.29117971013233,6.026903398218473,1.3210913159798612,8.861808395697839,1.1571216590836426,1.2059520770946432,5.26686010187354,1.4860229404979866,20.30063594844775,0.675239009529183,13.529855142846449,2.9134399107229245,2.583854204629774,2021_06,water
246,9.0,7.5,8.9,8.0,7.2,9.8,9.8,8.3,7.0,8.6,10.2,10.4,10.3,8.8,7.2,8.1,9.8,9.8,9.5,9.1,8.2,10.1,12.1,10.5,9.0,9.2,8.3,8.6,8.9,8.0,6.7,5.8,9.4,7.0,11.6,2021_07,avg-electricity
247,2.2,2.6,2.0,2.0,2.4,2.0,2.2,2.4,2.0,2.0,2.0,2.2,2.2,2.3,2.0,2.5,2.2,2.4,2.0,2.2,2.2,2.4,2.5,2.1,2.3,2.0,2.2,2.0,2.3,2.3,2.0,2.0,2.5,2.3,2.2,2021_07,avg-tele
248,0.868580242765881,7.850894623892731,5.512517918478251,11.862959883193469,7.597584755054908,1.1634119150636952,10.396058518692072,3.3157292183085354,5.150400593255751,5.562767456104703,11.548535488717716,1.118844042545363,0.4852425834744918,5.611770225834522,0.0039335520292327,0.0135588328169281,0.0454022335456661,0.0012143773889144,0.0210413681225184,5.008542394133784,2.674081321702636,2.4320641301167454,0.636118344050566,1.3434249807219034,0.8976191104094247,8.226348189672269,0.7185833782322901,0.0014790785340733,5.9522381727563305,0.1134160558865175,17.62388530809625,0.0325845786673929,24.257732540047048,0.1061903765441955,1.353986992614652,2021_07,bare-ground
249,0.0,0.0,0.0,0.0,0.0,0.0,0.0,0.0,0.0,0.0,0.0,0.0,0.0,0.0,0.0,0.0,0.0,0.0,0.0,5.0,0.0,0.0,0.0,0.0,0.0,0.0,0.0,0.0,0.0,0.0,0.0,0.0,0.0,0.0,0.0,2021_07,bridge
250,12.044507636100588,19.712033647258004,17.88517689685316,22.60918436813678,15.239566152995582,18.79940070687596,13.86214908189695,16.3755366925974,13.761287559104836,11.68169278263021,12.199992717054732,16.3381694667156,19.7359978945898,17.651220410091742,4.002865217163113,1.5100434169302526,8.715899038846057,16.61126248690062,11.322822570273248,28.10424864461894,24.8174482247339,18.0798899031534,40.07690835892768,20.76511423183489,15.54006845169349,18.20232759882122,16.371363216369723,13.3167114082049,15.074560687615934,17.5682568427919,13.402473919303212,2.78956411810206,7.48018802062985,22.58072299127653,17.788146104645218,2021_07,built-area
251,,,,,,,,,,,,,,,,,,,,,,,,,,,,,,,,,,,,2021_07,children-camp
252,0.0,0.0,0.0,0.0,0.0,0.0,0.0,0.0,0.0,0.0,0.0,0.0,0.0,0.0,0.0,0.0,0.0,0.0,0.0,0.0,0.0,0.0,0.0,0.0,0.0,0.0,0.0,0.0,0.0,0.0,0.0,0.0,0.0,0.0,0.0,2021_07,cidf-tenders-awarded-value
253,0.0,0.0,1.737844052391654e-05,0.0,4.256584350710181e-06,0.0,0.0,0.0,0.0,0.0,0.0,0.0,0.0,0.0,0.0,5.38038380932035e-06,0.0,0.0,0.0001941413602205,0.0,0.0,4.244643058839207e-06,0.0008892499344914,0.0,0.0,7.751888818182e-05,0.0,0.0,0.0,0.0,0.0,0.0,0.0,0.0,0.0,2021_07,clouds
254,,,,,,,,,,,,,,,,,,,,,,,,,,,,,,,,,,,,2021_07,count
255,0.0,0.0,0.0,0.0,0.0,0.0,9.0,279.0,1057.0,238.0,84.0,21.0,134.0,234.0,0.0,0.0,0.0,0.0,0.0,126.0,0.0,0.0,0.0,0.0,0.0,0.0,0.0,0.0,58.0,0.0,0.0,0.0,0.0,0.0,0.0,2021_07,crop-area
256,34.35694085305036,51.65519640546251,42.02268465024946,36.16037160832635,53.34492041448938,54.48967950723607,43.05241294625703,59.44206798777107,54.26949899858874,24.88146805524715,36.31640286863132,52.169582560913646,52.668237904262696,41.12115965882656,7.361829060255533,1.0864373626678718,25.02176611891062,38.93843502580468,38.94892388657762,37.768873072406805,42.71712632701242,48.44260755929896,13.33446076633077,59.148520389867386,52.28503838315709,54.1443900277245,67.02497083381824,42.8185193189568,54.1566164520331,51.807735845295575,36.2774975884176,8.54834328662391,38.46045658793105,62.11184510032704,60.242035923079584,2021_07,crops
257,4296.624151156235,2231.5993331549903,3585.3069321814023,1247.6117514050093,2700.336576957554,3477.5301083691584,1557.3606551140049,2711.046414108986,2238.6415334905228,4159.102888381454,9491.630139883577,3889.6067327857527,7133.757644739053,3445.526862961011,8511.666927309076,4923.29748622475,3222.517655928944,4060.318063254274,4335.474967336042,1883.330083753236,975.2407923854796,4254.719948057848,3333.953706616405,1829.807307358248,1576.5499878215094,1098.83444541599,1489.9264043306482,4700.953196095703,4363.59388114963,5163.44360094801,880.805632910103,4989.53282327419,1292.455559234692,1123.7037030160088,1578.254039674223,2021_07,distance-from-river
258,KOKRAJHAR,DHUBRI,GOALPARA,BARPETA,MORIGAON,NAGAON,SONITPUR,LAKHIMPUR,DHEMAJI,TINSUKIA,DIBRUGARH,SIVASAGAR,JORHAT,GOLAGHAT,KARBI ANGLONG,DIMA HASAO,CACHAR,KARIMGANJ,HAILAKANDI,BONGAIGAON,CHIRANG,KAMRUP,KAMRUP METRO,NALBARI,BAKSA,DARRANG,UDALGURI,CHARAIDEO,BISWANATH,HOJAI,SOUTH SALMARA MANCACHAR,WEST KARBI ANGLONG,MAJULI,BAJALI,TAMULPUR,2021_07,district
259,0.0005623749999999,0.0006515714285714,0.0005706,0.0006465,0.0005976,0.0005747142857142,0.000571,0.0006111428571428,0.0005535,0.00057375,0.0006251428571428,0.0006055,0.0006035999999999,0.0005855,0.00041,0.00031275,0.0004408,0.0005329999999999,0.0005025,0.0005798,0.000528,0.0005858461538461,0.00044875,0.000670625,0.0005907142857142,0.0006724,0.0006286666666666,0.000603,0.0006126666666666,0.00058,0.000585,0.000439,0.0006255,0.0006813333333333,0.0006636,2021_07,drainage-density
260,,,,,,,,,,,,,,,,,,,,,,,,,,,,,,,,,,,,2021_07,dtcode11
261,,,,,,,,,,,,,,,,,,,,,,,,,,,,,,,,,,,,2021_07,dtname
262,0.89244575,0.9277878571428572,0.8636886,0.8696983333333334,0.800827,0.8779844285714286,0.832993,0.8273811428571428,0.8626673333333333,0.815359,0.8355327142857144,0.8806925,0.9317712,0.8773938333333334,0.9603543333333334,1.0,0.8677914,0.9623464,0.94848225,0.8688342,0.8912708,0.9523873076923076,1.0,0.962125625,0.853616,0.8623016,0.824173,0.8791343333333334,0.8200493333333334,0.7818350000000001,0.914733,0.803344,0.951437,0.9768436666666668,0.8785076,2021_07,efficiency
263,63.0,33.0,49.0,40.0,63.0,72.0,86.0,96.0,141.0,142.0,113.0,99.0,105.0,97.0,347.0,607.0,155.0,36.0,47.0,54.0,84.0,82.0,114.0,49.0,70.0,59.0,91.0,112.0,86.0,125.0,26.0,483.0,85.0,47.0,71.0,2021_07,elevation-mean
264,0.0,0.0,0.0,0.0,0.0,0.0,0.0,0.0,1.0,0.0,0.0,0.0,3.0,0.0,0.0,0.0,0.0,0.0,0.0,6.0,0.0,0.0,0.0,0.0,0.0,0.0,0.0,0.0,0.0,0.0,0.0,0.0,0.0,0.0,0.0,2021_07,embankment-breached
265,0.0,0.0,0.0,0.0,0.0,0.0,0.0,0.0,0.0,0.0,0.0,0.0,0.0,0.0,0.0,0.0,0.0,0.0,0.0,0.0,0.0,0.0,0.0,0.0,0.0,0.0,0.0,0.0,0.0,0.0,0.0,0.0,0.0,0.0,0.0,2021_07,embankments-affected
266,1,2,2,3,2,4,5,1,1,5,2,2,2,2,2,1,5,3,2,1,1,1,4,1,1,3,1,1,2,5,4,3,1,1,1,2021_07,exposure
267,,,,,,,,,,,,,,,,,,,,,,,,,,,,,,,,,,,,2021_07,female-camp
268,2021-2022,2021-2022,2021-2022,2021-2022,2021-2022,2021-2022,2021-2022,2021-2022,2021-2022,2021-2022,2021-2022,2021-2022,2021-2022,2021-2022,2021-2022,2021-2022,2021-2022,2021-2022,2021-2022,2021-2022,2021-2022,2021-2022,2021-2022,2021-2022,2021-2022,2021-2022,2021-2022,2021-2022,2021-2022,2021-2022,2021-2022,2021-2022,2021-2022,2021-2022,2021-2022,2021_07,financial-year
269,1,2,1,3,1,3,5,4,1,1,2,5,5,3,1,1,1,1,1,3,2,1,1,2,1,2,3,3,3,3,1,1,3,3,2,2021_07,flood-hazard
270,,,,,,,,,,,,,,,,,,,,,,,,,,,,,,,,,,,,2021_07,flood-hazard-float
271,0.5304142629862878,0.0107662317913023,0.1933642407648085,0.0806194846364986,0.4188956560950299,1.4834535536275912,0.0858220630151136,0.158613856428508,0.2593962204787826,0.5796031213342887,0.2869224097919429,1.0514967764224237,1.214703590199248,0.3884901993439709,0.000964348705565,0.0027422022814836,0.1484475040399481,0.4607070227993903,0.6185071663823105,0.0592169823888001,0.011608077211315,0.0524379892802181,0.2153373818964564,0.1024063567301933,1.2746094421410486e-05,0.0119458228402453,0.0,0.0230161588118496,0.322551646896779,0.009537208651381,0.0029990918833667,0.0206582634240563,0.0726146217210788,0.0006026865144437,0.0,2021_07,flooded-vegetation
272,5,5,4,4,5,5,5,5,5,5,5,5,5,5,5,5,5,5,5,5,5,5,4,5,5,5,5,5,5,5,5,5,5,5,5,2021_07,government-response
273,163,151,154,205,116,277,158,124,73,119,169,143,106,153,30,4,176,96,87,88,68,282,52,142,109,129,15,82,100,91,69,25,32,70,67,2021_07,health-centres-count
274,0,0,0,3,0,0,0,0,0,0,0,0,0,0,0,0,0,0,0,0,0,0,0,0,0,0,0,0,0,0,0,0,1,0,0,2021_07,human-live-lost
275,,,,,,,,,,,,,,,,,,,,,,,,,,,,,,,,,,,,2021_07,human-live-lost-children
276,,,,,,,,,,,,,,,,,,,,,,,,,,,,,,,,,,,,2021_07,human-live-lost-female
277,,,,,,,,,,,,,,,,,,,,,,,,,,,,,,,,,,,,2021_07,human-live-lost-male
278,0.0,0.0,0.0,0.0,0.0,5103935.0,0.0,0.0,0.0,0.0,0.0,0.0,0.0,0.0,0.0,0.0,0.0,0.0,0.0,0.0,0.0,0.0,0.0,0.0,0.0,0.0,0.0,0.0,0.0,0.0,0.0,0.0,0.0,0.0,0.0,2021_07,immediate-measures-tenders-awarded-value
279,0.0,0.0,0.000785218872363,0.0068298161738271,0.018909535640967,0.0283267839489561,0.025481704955522,0.0274181874244893,0.0102854425400891,9.146177328063465e-08,0.012278533096795,0.1057246950038151,0.0529480937166179,0.0390734283824618,0.0079892026820473,6.2487426653135225e-06,0.0,0.0,0.0,0.0041485536005923,0.0002652007073937,0.0063519365453922,0.007251343079793,0.0185959252235636,0.0154080649599362,0.0204283643205482,0.056126559276678,0.0342084119731667,0.0144458062545276,0.0839312880686205,0.0,0.0045767086130656,0.0037963207758288,0.0393575439222063,0.0450354092201581,2021_07,inundation-intensity-mean
280,0.0,0.0,0.13,0.21,0.25,0.24,0.26,0.23,0.18,0.1,0.16,0.31,0.26,0.3,0.27,0.05,0.0,0.0,0.0,0.12,0.08,0.19,0.19,0.22,0.21,0.24,0.26,0.25,0.22,0.32,0.0,0.24,0.2,0.22,0.25,2021_07,inundation-intensity-mean-nonzero
281,0.0,0.0,5627.4,35237.8,104507.4,217063.8,275396.4,246357.4,94080.4,1.2,116528.4,503114.0,317848.4,435074.6,231860.6,111.2,0.0,0.0,0.0,15457.6,3411.6,29831.0,17216.2,43062.2,51896.4,80306.6,161308.6,106761.8,67150.0,304018.6,0.0,42970.2,11081.0,43635.0,73915.4,2021_07,inundation-intensity-sum
282,0.0,0.0,0.3242705072483353,3.2424135951535584,6.975785920536158,11.829345457761685,9.77647871085057,11.387158532269211,4.784243356054337,4.573088664031732e-05,4.997149740155827,34.64766542158605,19.644528534809517,12.739848526208815,2.750392025227326,0.003124371332655,0.0,0.0,0.0,1.9769073285610923,0.132600353696854,2.887664214838099,2.41913842458022,8.443909378597997,7.222880519071621,8.482110357993717,20.56565477305178,13.254661454560017,6.458372302986803,25.91709911118445,0.0,1.92291162946151,1.897685341834945,18.261739169541872,17.38520193520786,2021_07,inundation-pct
283,0.0,0.0,0.0,0.0,0.0,0.0,0.0,0.0,0.0,0.0,0.0,0.0,0.0,0.0,0.0,0.0,0.0,0.0,0.0,0.0,0.0,0.0,0.0,0.0,0.0,0.0,0.0,0.0,0.0,0.0,0.0,0.0,0.0,0.0,0.0,2021_07,ltif-tenders-awarded-value
284,,,,,,,,,,,,,,,,,,,,,,,,,,,,,,,,,,,,2021_07,male-camp
285,0.98,0.98,0.74,0.73,0.47,0.52,1.16,1.17,0.59,0.47,0.53,0.69,0.73,0.62,0.62,0.5,0.74,0.77,0.77,0.79,0.83,0.92,0.42,0.41,0.48,0.62,1.16,0.53,0.64,0.49,0.75,0.47,0.73,0.48,0.43,2021_07,max-rain
286,79.02868494142712,101.80280753365652,92.94383900653578,105.59323892727154,101.52151689605476,82.80184981421402,96.12358569934148,83.9078683433952,82.58482453454118,85.28440626816572,92.33941954273553,80.5484411209615,79.26767921681454,87.0143854317649,73.9235270160713,74.45407242468538,76.22171823123378,78.77654329987095,76.5297175055914,92.84413483394596,78.73454361714819,88.47737641290556,90.33791694141864,81.3350244170581,77.2968865972734,93.73693822422564,78.06937273928872,76.99096084367254,87.73877652848734,76.69919006241047,135.19869279538494,74.5890767941101,111.4923918776678,77.2774448783579,78.49346327750206,2021_07,mean-cn
287,-0.0999304424785913,-0.0528848887218937,-0.1367470206984938,-0.1198684101371026,-0.0471760797099699,-0.033151737042379,0.0210480180531463,-0.0513918450342894,-0.0509956610809935,-0.0726867190548442,-0.0153824765996063,0.0257999135688228,0.0143698787906128,0.0275472689717176,-0.0719456014427373,-0.1814325338673711,-0.1742814203736898,-0.112767130072403,-0.1532079656094473,-0.1270443465506212,-0.1099617301099216,-0.0600604757716453,-0.0576137873233851,-0.0195971789841075,-0.0609802514485552,-0.0018138904385024,0.0016869647438197,0.0220160780057084,-0.0176152917410176,0.0517203463206578,-0.0132107534966764,-0.0626948631064019,-0.0138187846909517,-0.0473110753492194,-0.0335912491321565,2021_07,mean-ndbi
288,0.4767967916195439,0.3416834823568891,0.2598549337271515,0.2101507797277407,0.3829892620544688,0.4067380478618075,0.3588719909864425,0.4448441599484729,0.4050501715178174,0.5118664571790545,0.364168300119345,0.4265910855903028,0.4411316484652089,0.3369669675140749,0.3384419748315987,0.631133767259844,0.6007105666584016,0.5015422342939931,0.5132257235579387,0.4081245128422427,0.5329337155453467,0.3486661392401848,0.4228607560038061,0.3446346045127279,0.4476916009228419,0.2992239574707981,0.4442599165789406,0.4473217908530443,0.3478447235127402,0.3663052017000641,0.2946570620685359,0.5000447640684484,0.2451238548127648,0.4074609339167789,0.4203430910067581,2021_07,mean-ndvi
289,0.68,0.76,0.56,0.48,0.34,0.45,0.59,0.52,0.35,0.32,0.42,0.57,0.6,0.38,0.43,0.33,0.54,0.72,0.71,0.75,0.74,0.38,0.33,0.37,0.41,0.37,0.44,0.45,0.45,0.42,0.71,0.32,0.43,0.42,0.36,2021_07,mean-rain
290,0.94,0.94,0.94,0.94,0.95,0.94,0.93,0.94,0.93,0.93,0.94,0.93,0.94,0.94,0.92,0.91,0.94,0.94,0.93,0.95,0.94,0.93,0.91,0.93,0.95,0.93,0.94,0.93,0.93,0.94,0.94,0.93,0.94,0.94,0.95,2021_07,mean-sex-ratio
291,78683.46309,83470.903,78088.12,79714.84605,75490.3523,87424.20199999999,71470.137,90513.46103,104651.240916,68512.0013,81437.447,43095.76595,54183.314,128914.321604,35388.58,27888.17,66721.37,42827.17595,35287.21,42395.395,27850.66,74001.84561,6039.38,44021.984,58167.37587,76196.45569999999,93034.31635285716,23849.9,71288.401,78621.26999999999,17419.61,48488.349,16642.66,23559.76,71015.57777333334,2021_07,net-sown-area-in-hac
292,0.0,0.0,0.0,0.0,0.0,0.0,0.0,0.0,0.0,0.0,0.0,0.0,0.0,0.0,0.0,0.0,0.0,10806862.32,0.0,0.0,0.0,0.0,0.0,7772400.0,0.0,0.0,0.0,0.0,0.0,0.0,0.0,0.0,20430872.26,0.0,0.0,2021_07,others-tenders-awarded-value
293,0.0,0.0,0.0,0.0,0.0,0.0,0.0,0.0,4491.0,2866.0,3717.0,57.0,30.0,0.0,0.0,0.0,0.0,0.0,0.0,0.0,0.0,0.0,0.0,0.0,0.0,0.0,0.0,0.0,0.0,0.0,0.0,0.0,0.0,0.0,0.0,2021_07,population-affected-total
294,62.0,342.0,34.0,5.0,10.0,45.0,35.0,38.0,77.0,43.0,49.0,27.0,41.0,43.0,32.0,146.0,46.0,45.0,28.0,81.0,8.0,45.0,80.0,11.0,0.0,0.0,24.0,24.0,19.0,30.0,0.0,0.0,0.0,9.0,6.0,2021_07,rail-count
295,145613.0,139561.0,78425.0,17621.0,30884.0,174517.0,138494.0,108334.0,121454.0,119685.0,123774.0,73292.0,86126.0,117155.0,73424.0,172636.0,103488.0,117739.0,90281.0,82273.0,24548.0,109026.0,89510.0,30164.0,0.0,0.0,66114.0,80492.0,74271.0,75327.0,0.0,0.0,0.0,28139.0,18201.0,2021_07,rail-length
296,5.555624983857405,5.996106926536052,3.560403941133399,6.267930535154481,2.684482354476203,3.698020169566056,6.500786610930343,2.3063023945926067,4.447537705422305,8.37996671008257,4.718609602090846,3.891643453265036,1.9206761011743596,7.875875441832467,2.32140457366514,4.092857261441682,2.318856184434248,1.592814919140521,2.3992694260685314,4.918838536894644,4.351718448163259,2.6183787673260506,1.4389938854588624,1.2067170305083057,3.89044080960832,2.52307723747256,1.1492006754066422,1.334872354407603,4.884892808008314,1.3229221245459817,10.14849531857374,4.53378009258239,12.56991224610625,0.1886936146970008,1.478507911656724,2021_07,rangeland
297,3131,1557,1979,1848,1512,2564,3445,2998,2483,3810,3379,1567,1865,3523,7337,4884,3783,1839,1329,1088,1926,3283,834,1036,1526,1611,1987,1073,1783,1456,684,3073,970,470,877,2021_07,rc-area
298,22.9,25.01,25.42,15.04,15.81,23.51,13.19,16.32,20.87,24.89,12.8,8.96,12.07,15.06,23.47,23.25,15.87,14.25,19.26,12.86,25.35,9.48,11.61,21.25,15.46,13.0,15.96,19.71,28.46,27.66,28.09,28.84,17.28,9.75,12.15,2021_07,rc-nosanitation-hhds-pct
299,2.85,1.19,3.55,2.25,3.35,4.98,6.04,2.83,2.26,3.42,4.19,6.81,14.25,7.18,1.95,6.36,8.53,5.57,4.01,2.04,1.03,3.32,11.46,9.66,2.8,5.1,3.07,3.8,4.2,5.27,3.57,0.24,4.95,6.03,5.78,2021_07,rc-piped-hhds-pct
300,,,,,,,,,,,,,,,,,,,,,,,,,,,,,,,,,,,,2021_07,relief-camp-inmates
301,142379125.93,0.0,0.0,14996070.69,0.0,0.0,0.0,0.0,0.0,0.0,0.0,0.0,0.0,0.0,0.0,0.0,7699652.0,10806862.32,0.0,0.0,0.0,9003000.0,0.0,7772400.0,0.0,0.0,14935955.0,0.0,0.0,0.0,0.0,0.0,20430872.26,0.0,14983925.28,2021_07,restoration-measures-tenders-awarded-value
302,,,,,,,,,,,,,,,,,,,,,,,,,,,,,,,,,,,,2021_07,revenue-ci
303,0.0,0.0,0.0,0.0,0.0,0.0,0.0,0.0,0.0,0.0,0.0,0.0,0.0,0.0,0.0,0.0,0.0,0.0,0.0,0.0,0.0,0.0,0.0,0.0,0.0,0.0,0.0,0.0,0.0,0.0,0.0,0.0,20430872.26,0.0,0.0,2021_07,ridf-tenders-awarded-value
304,1,2,1,3,2,3,5,4,1,1,2,4,4,2,1,1,1,1,1,3,2,1,1,1,1,2,3,3,3,3,1,1,2,2,1,2021_07,risk-score
305,42.03,33.55,47.29,45.41,54.09,58.97,77.94,95.54,0.0,134.24,119.8,97.66,86.06,130.29,0.0,131.52,24.86,20.93,26.85,52.4,53.33,50.98,52.64,52.45,0.0,0.0,0.0,102.4,0.0,0.0,0.0,754.42,0.0,0.0,162.67,2021_07,riverlevel-max
306,5.153296370967742,12.719285123628625,16.05049193548387,7.449451164874552,20.87779392371678,8.075633640552995,35.42692615853078,38.396658028494414,0.0,64.4189321236559,30.973909218549288,70.45180779569893,17.0222688172043,46.201338180188976,0.0,32.83199596774194,17.06481493400029,11.803833333333332,13.704593413978497,9.813372311827958,10.590317204301076,7.636468155500414,24.52259744623656,6.39145497311828,0.0,0.0,0.0,33.638512544802865,0.0,0.0,0.0,411.1659164420485,0.0,0.0,45.28617069892473,2021_07,riverlevel-mean
307,0.0,0.0,0.0,0.0,0.0,0.0,0.0,0.0,0.0,0.0,0.0,0.0,0.0,0.0,0.0,0.0,11.55,0.0,0.0,0.0,0.0,0.0,0.0,0.0,0.0,0.0,0.0,0.0,0.0,0.0,0.0,66.78,0.0,0.0,0.0,2021_07,riverlevel-min
308,858892.0,705770.0,1011509.0,725891.0,634621.0,1331470.0,745620.0,804067.0,578686.0,1211943.0,1453600.0,700651.0,736030.0,1389863.0,752361.0,843185.0,988230.0,615579.0,483931.0,654117.0,547046.0,1589070.0,746938.0,450865.0,429399.0,767150.0,650574.0,485197.0,574075.0,560100.0,78936.0,457481.0,54196.0,461489.0,294016.0,2021_07,road-length
309,0.0,0.0,0.0,2.0,0.0,1.0,0.0,0.0,4.0,0.0,0.0,0.0,0.0,0.0,0.0,0.0,0.0,0.0,0.0,21.0,0.0,0.0,0.0,0.0,0.0,0.0,1.0,0.0,0.0,0.0,0.0,0.0,0.0,0.0,0.0,2021_07,roads
310,2788,3147,2578,2904,1994,3284,2025,3519,2301,1950,2431,1838,2072,2507,1757,1063,3322,3188,3016,1463,1336,3463,1151,1817,1497,1858,1795,1007,1291,1320,1381,925,805,813,995,2021_07,schools-count
311,0.0,0.0,0.0,0.0,0.0,0.0,0.0,0.0,0.0,0.0,0.0,0.0,0.0,0.0,0.0,0.0,0.0,0.0,0.0,0.0,0.0,0.0,0.0,0.0,0.0,0.0,0.0,0.0,0.0,0.0,0.0,0.0,0.0,0.0,0.0,2021_07,sdrf-sanctions-awarded-value
312,0.0,0.0,0.0,0.0,18869776.0,5103935.0,0.0,0.0,0.0,0.0,0.0,0.0,0.0,0.0,0.0,0.0,0.0,0.0,0.0,0.0,0.0,0.0,0.0,0.0,0.0,0.0,0.0,0.0,0.0,0.0,0.0,0.0,0.0,0.0,0.0,2021_07,sdrf-tenders-awarded-value
313,84.0,81.0,84.0,78.0,81.0,86.0,82.0,84.0,84.0,83.0,79.0,85.0,85.0,84.0,89.0,90.0,88.0,86.0,87.0,84.0,85.0,83.0,85.0,83.0,85.0,82.0,85.0,84.0,83.0,88.0,75.0,89.0,78.0,85.0,85.0,2021_07,slope-mean
314,0.0,0.0,0.0,0.0,0.0,0.0,0.0,0.0,0.0,0.0,0.0,0.0,0.0,0.0,0.0,0.0,0.0,0.0,0.0,0.0,0.0,0.0,0.0,7772400.0,0.0,0.0,0.0,0.0,0.0,0.0,0.0,0.0,0.0,0.0,0.0,2021_07,sopd-tenders-awarded-value
315,56008.0,40765.0,44786.0,65408.0,40566.0,93735.0,65693.0,56287.0,31350.0,75587.0,63360.0,42377.0,49025.0,68332.0,33994.0,10403.0,103558.0,80707.0,27240.0,33348.0,30767.0,70977.0,50815.0,40712.0,25467.0,52397.0,37778.0,16076.0,30541.0,44658.0,23250.0,22980.0,7069.0,11822.0,20546.0,2021_07,sum-aged-population
316,1281881.0,1359043.0,1060533.0,1572628.0,1120104.0,2319902.0,1446186.0,1148639.0,694961.0,1391101.0,1487017.0,778295.0,997472.0,1291200.0,695437.0,284484.0,2087230.0,1374000.0,757942.0,796774.0,606535.0,1618630.0,1343547.0,959339.0,713721.0,1140900.0,870281.0,495616.0,658525.0,1101898.0,530164.0,359966.0,167349.0,318207.0,500585.0,2021_07,sum-population
317,2024.48,1025.47,1050.52,795.09,445.09,1065.89,1874.81,1410.79,739.39,1117.84,1296.1,799.81,984.54,1208.24,2817.26,1444.82,1852.57,1148.54,833.57,730.56,1321.39,1169.03,244.3,334.63,578.43,519.31,909.49,443.04,790.93,546.1,436.81,876.67,369.89,178.76,295.52,2021_07,sum-rain
318,121651.0,106666.0,109635.0,137134.0,88492.0,187668.0,118737.0,106671.0,63338.0,139787.0,99072.0,58515.0,58475.0,106776.0,83027.0,25510.0,184741.0,163480.0,60524.0,68143.0,62610.0,107785.0,64455.0,49652.0,38117.0,110746.0,68454.0,22419.0,54999.0,89876.0,58131.0,54305.0,8786.0,24007.0,31297.0,2021_07,sum-young-population
319,,,,,,,,,,,,,,,,,,,,,,,,,,,,,,,,,,,,2021_07,topsis-score
320,0.0,0.0,0.0,0.0,0.0,0.0,0.0,0.0,7460.0,0.0,0.0,0.0,0.0,0.0,0.0,0.0,0.0,0.0,0.0,0.0,0.0,0.0,0.0,0.0,0.0,0.0,0.0,0.0,0.0,0.0,0.0,0.0,0.0,0.0,0.0,2021_07,total-animal-affected
321,0.0,0.0,0.0,0.0,0.0,0.0,0.0,0.0,0.0,0.0,0.0,0.0,0.0,0.0,0.0,0.0,0.0,0.0,0.0,0.0,0.0,0.0,0.0,0.0,0.0,0.0,0.0,0.0,0.0,0.0,0.0,0.0,0.0,0.0,0.0,2021_07,total-animal-washed-away
322,214904.0,377710.0,240459.0,393378.0,267778.0,527427.0,318730.0,266928.0,195025.0,318555.0,311523.0,172096.0,272707.0,275841.0,103131.0,30119.0,416101.0,256161.0,165784.0,185414.0,105445.0,408132.0,327221.0,233278.0,132203.0,231859.0,185739.0,108235.0,150938.0,214866.0,202538.0,52339.0,39239.0,77895.0,112690.0,2021_07,total-hhd
323,0.0,0.0,0.0,0.0,0.0,0.0,0.0,4.0,0.0,0.0,0.0,0.0,0.0,0.0,0.0,0.0,0.0,0.0,0.0,22.0,0.0,0.0,0.0,0.0,0.0,0.0,0.0,0.0,0.0,0.0,0.0,0.0,0.0,0.0,0.0,2021_07,total-house-fully-damaged
324,123100000.0,0.0,0.0,0.0,18869776.0,5103935.0,0.0,0.0,0.0,0.0,0.0,0.0,0.0,0.0,0.0,0.0,0.0,10806862.32,0.0,0.0,0.0,0.0,0.0,7772400.0,0.0,0.0,0.0,0.0,0.0,0.0,0.0,0.0,20430872.26,0.0,0.0,2021_07,total-tender-awarded-value
325,43.98932267010756,5.144386888079183,24.18246369319196,2.0719326398805658,8.909372340284825,14.523458971432348,17.38480479972998,12.428285713267991,18.7238999923748,44.911270270226375,28.07006483630923,22.568294310271757,22.547394124288424,21.538219052939983,86.04086283868104,92.70805107896902,61.19674549088654,38.80036940166334,44.10043312221657,15.167158079097288,23.306941588540017,23.185619567722654,38.00611230326868,11.406913612118768,26.06572918305741,8.03002520888312,13.578760237089556,41.299449603990205,14.342280130815992,27.69210898233057,2.244012825278056,83.399830651071,3.6292408407182446,12.09850531991776,16.553468863374015,2021_07,trees
326,3,2,3,3,5,3,4,4,3,4,4,3,2,3,1,1,3,1,1,3,3,2,1,1,3,3,4,3,4,5,2,4,1,1,3,2021_07,vulnerability
327,2.654609351131904,9.630615276980134,6.643371280888395,20.94700148067192,11.80517407001968,5.84257517619834,8.7179659794783,5.973464137033906,3.387978930774807,4.00323160437465,6.859472077404234,2.861969389866096,1.4277478020110324,5.813265011130777,0.2681404095004063,0.5863044645090593,2.55288342933694,3.595196766302481,2.588808318998985,8.973122290459699,2.1210760126364976,5.18899783845898,6.29117971013233,6.026903398218473,1.3210913159798612,8.861808395697839,1.1571216590836428,1.2059520770946432,5.26686010187354,1.4860229404979866,20.30063594844775,0.675239009529183,13.529855142846449,2.9134399107229245,2.583854204629774,2021_07,water
328,9.0,7.5,8.9,8.0,7.2,9.8,9.8,8.3,7.0,8.6,10.2,10.4,10.3,8.8,7.2,8.1,9.8,9.8,9.5,9.1,8.2,10.1,12.1,10.5,9.0,9.2,8.3,8.6,8.9,8.0,6.7,5.8,9.4,7.0,11.6,2021_08,avg-electricity
329,2.2,2.6,2.0,2.0,2.4,2.0,2.2,2.4,2.0,2.0,2.0,2.2,2.2,2.3,2.0,2.5,2.2,2.4,2.0,2.2,2.2,2.4,2.5,2.1,2.3,2.0,2.2,2.0,2.3,2.3,2.0,2.0,2.5,2.3,2.2,2021_08,avg-tele
330,0.868580242765881,7.850894623892731,5.512517918478251,11.862959883193469,7.597584755054908,1.1634119150636952,10.396058518692072,3.3157292183085354,5.150400593255752,5.562767456104703,11.548535488717718,1.118844042545363,0.4852425834744918,5.611770225834522,0.0039335520292327,0.0135588328169281,0.0454022335456661,0.0012143773889144,0.0210413681225184,5.008542394133784,2.674081321702636,2.4320641301167454,0.636118344050566,1.3434249807219034,0.8976191104094248,8.226348189672269,0.7185833782322901,0.0014790785340733,5.9522381727563305,0.1134160558865175,17.62388530809625,0.0325845786673929,24.257732540047048,0.1061903765441955,1.353986992614652,2021_08,bare-ground
331,0.0,0.0,0.0,1.0,0.0,0.0,1.0,0.0,2.0,0.0,0.0,0.0,0.0,0.0,0.0,0.0,0.0,0.0,0.0,1.0,1.0,0.0,0.0,0.0,0.0,0.0,0.0,0.0,0.0,0.0,0.0,0.0,0.0,0.0,0.0,2021_08,bridge
332,12.044507636100583,19.712033647258004,17.88517689685316,22.609184368136784,15.239566152995582,18.79940070687596,13.86214908189695,16.3755366925974,13.761287559104836,11.68169278263021,12.199992717054732,16.3381694667156,19.7359978945898,17.651220410091742,4.002865217163113,1.5100434169302526,8.715899038846057,16.61126248690062,11.322822570273248,28.10424864461894,24.8174482247339,18.0798899031534,40.07690835892768,20.76511423183489,15.54006845169349,18.20232759882122,16.371363216369723,13.3167114082049,15.074560687615934,17.5682568427919,13.402473919303212,2.78956411810206,7.48018802062985,22.58072299127653,17.788146104645218,2021_08,built-area
333,,,,,,,,,,,,,,,,,,,,,,,,,,,,,,,,,,,,2021_08,children-camp
334,0.0,0.0,0.0,0.0,0.0,0.0,0.0,0.0,0.0,5558319.75,0.0,0.0,0.0,0.0,0.0,0.0,0.0,0.0,0.0,0.0,0.0,0.0,0.0,0.0,0.0,0.0,0.0,0.0,0.0,0.0,0.0,0.0,0.0,0.0,0.0,2021_08,cidf-tenders-awarded-value
335,0.0,0.0,1.737844052391654e-05,0.0,4.256584350710181e-06,0.0,0.0,0.0,0.0,0.0,0.0,0.0,0.0,0.0,0.0,5.38038380932035e-06,0.0,0.0,0.0001941413602205,0.0,0.0,4.244643058839207e-06,0.0008892499344914,0.0,0.0,7.751888818182e-05,0.0,0.0,0.0,0.0,0.0,0.0,0.0,0.0,0.0,2021_08,clouds
336,,,,,,,,,,,,,,,,,,,,,,,,,,,,,,,,,,,,2021_08,count
337,20.0,0.0,2854.0,2632.0,4300.0,1616.0,2216.0,8551.0,13195.0,728.0,1152.0,588.0,3509.0,541.0,0.0,0.0,301.0,0.0,0.0,1391.0,596.0,1681.0,0.0,796.0,0.0,5687.0,0.0,0.0,854.0,0.0,0.0,0.0,4322.0,0.0,0.0,2021_08,crop-area
338,34.35694085305036,51.65519640546251,42.02268465024946,36.16037160832635,53.34492041448938,54.48967950723607,43.05241294625702,59.44206798777107,54.26949899858874,24.881468055247147,36.31640286863132,52.169582560913646,52.668237904262696,41.12115965882656,7.361829060255534,1.0864373626678718,25.02176611891062,38.93843502580468,38.94892388657762,37.768873072406805,42.71712632701242,48.44260755929896,13.33446076633077,59.148520389867386,52.28503838315709,54.1443900277245,67.02497083381824,42.8185193189568,54.1566164520331,51.807735845295575,36.2774975884176,8.54834328662391,38.46045658793105,62.11184510032704,60.242035923079584,2021_08,crops
339,4296.624151156235,2231.5993331549903,3585.3069321814023,1247.6117514050093,2700.336576957554,3477.5301083691584,1557.3606551140049,2711.046414108986,2238.6415334905228,4159.102888381455,9491.630139883577,3889.6067327857527,7133.757644739055,3445.5268629610114,8511.666927309076,4923.29748622475,3222.517655928944,4060.318063254274,4335.474967336042,1883.330083753236,975.2407923854796,4254.719948057848,3333.953706616405,1829.807307358248,1576.5499878215094,1098.83444541599,1489.926404330648,4700.953196095703,4363.59388114963,5163.44360094801,880.805632910103,4989.53282327419,1292.455559234692,1123.7037030160088,1578.254039674223,2021_08,distance-from-river
340,KOKRAJHAR,DHUBRI,GOALPARA,BARPETA,MORIGAON,NAGAON,SONITPUR,LAKHIMPUR,DHEMAJI,TINSUKIA,DIBRUGARH,SIVASAGAR,JORHAT,GOLAGHAT,KARBI ANGLONG,DIMA HASAO,CACHAR,KARIMGANJ,HAILAKANDI,BONGAIGAON,CHIRANG,KAMRUP,KAMRUP METRO,NALBARI,BAKSA,DARRANG,UDALGURI,CHARAIDEO,BISWANATH,HOJAI,SOUTH SALMARA MANCACHAR,WEST KARBI ANGLONG,MAJULI,BAJALI,TAMULPUR,2021_08,district
341,0.0005623749999999,0.0006515714285714,0.0005706,0.0006465,0.0005976,0.0005747142857142,0.000571,0.0006111428571428,0.0005535,0.00057375,0.0006251428571428,0.0006055,0.0006035999999999,0.0005855,0.00041,0.00031275,0.0004408,0.0005329999999999,0.0005025,0.0005798,0.000528,0.0005858461538461,0.00044875,0.000670625,0.0005907142857142,0.0006724,0.0006286666666666,0.000603,0.0006126666666666,0.00058,0.000585,0.000439,0.0006255,0.0006813333333333,0.0006636,2021_08,drainage-density
342,,,,,,,,,,,,,,,,,,,,,,,,,,,,,,,,,,,,2021_08,dtcode11
343,,,,,,,,,,,,,,,,,,,,,,,,,,,,,,,,,,,,2021_08,dtname
344,0.89245125,0.9278778571428572,0.8576931999999999,0.8551796666666666,0.7879622000000001,0.8750020000000001,0.8163087499999999,0.8035265714285714,0.8450943333333334,0.81113825,0.8326408571428571,0.8661965,0.9296114,0.8506033333333334,0.9603943333333332,1.0,0.8669484000000001,0.964845,0.94862175,0.8669813999999999,0.8874711999999999,0.9516946153846154,1.0,0.958581125,0.8536151428571428,0.8448064000000001,0.8245843333333334,0.880579,0.806835,0.7818350000000001,0.9147475,0.803344,0.817337,0.9768436666666668,0.8785076,2021_08,efficiency
345,63.0,33.0,49.0,40.0,63.0,72.0,86.0,96.0,141.0,142.0,113.0,99.0,105.0,97.0,347.0,607.0,155.0,36.0,47.0,54.0,84.0,82.0,114.0,49.0,70.0,59.0,91.0,112.0,86.0,125.0,26.0,483.0,85.0,47.0,71.0,2021_08,elevation-mean
346,0.0,0.0,0.0,0.0,0.0,0.0,0.0,0.0,2.0,0.0,0.0,0.0,0.0,0.0,0.0,0.0,0.0,0.0,0.0,3.0,1.0,0.0,0.0,0.0,0.0,0.0,0.0,0.0,0.0,0.0,0.0,0.0,0.0,0.0,0.0,2021_08,embankment-breached
347,0.0,0.0,0.0,0.0,0.0,1.0,0.0,0.0,0.0,0.0,0.0,1.0,0.0,0.0,0.0,0.0,0.0,0.0,0.0,0.0,0.0,0.0,0.0,0.0,0.0,0.0,0.0,0.0,1.0,0.0,0.0,0.0,0.0,0.0,0.0,2021_08,embankments-affected
348,1,2,2,3,2,4,5,1,1,5,2,2,2,2,2,1,5,3,2,1,1,1,4,1,1,3,1,1,2,5,4,3,1,1,1,2021_08,exposure
349,,,,,,,,,,,,,,,,,,,,,,,,,,,,,,,,,,,,2021_08,female-camp
350,2021-2022,2021-2022,2021-2022,2021-2022,2021-2022,2021-2022,2021-2022,2021-2022,2021-2022,2021-2022,2021-2022,2021-2022,2021-2022,2021-2022,2021-2022,2021-2022,2021-2022,2021-2022,2021-2022,2021-2022,2021-2022,2021-2022,2021-2022,2021-2022,2021-2022,2021-2022,2021-2022,2021-2022,2021-2022,2021-2022,2021-2022,2021-2022,2021-2022,2021-2022,2021-2022,2021_08,financial-year
351,4,5,2,2,1,1,4,5,3,2,2,3,2,2,1,1,1,2,1,3,3,2,1,2,1,1,1,1,4,1,5,1,3,2,1,2021_08,flood-hazard
352,,,,,,,,,,,,,,,,,,,,,,,,,,,,,,,,,,,,2021_08,flood-hazard-float
353,0.5304142629862878,0.0107662317913023,0.1933642407648085,0.0806194846364986,0.4188956560950297,1.4834535536275912,0.0858220630151136,0.158613856428508,0.2593962204787826,0.5796031213342887,0.2869224097919429,1.0514967764224237,1.214703590199248,0.3884901993439709,0.000964348705565,0.0027422022814836,0.1484475040399481,0.4607070227993903,0.6185071663823104,0.0592169823888001,0.011608077211315,0.0524379892802181,0.2153373818964564,0.1024063567301933,1.2746094421410486e-05,0.0119458228402453,0.0,0.0230161588118496,0.322551646896779,0.009537208651381,0.0029990918833667,0.0206582634240563,0.0726146217210788,0.0006026865144437,0.0,2021_08,flooded-vegetation
354,5,5,4,4,5,5,5,5,5,5,5,5,5,5,5,5,5,5,5,5,5,5,4,5,5,5,5,5,5,5,5,5,5,5,5,2021_08,government-response
355,163,151,154,205,116,277,158,124,73,119,169,143,106,153,30,4,176,96,87,88,68,282,52,142,109,129,15,82,100,91,69,25,32,70,67,2021_08,health-centres-count
356,0,0,0,1,2,0,0,0,0,0,0,0,0,0,0,0,0,0,0,0,0,0,0,0,0,0,0,0,0,0,0,0,0,0,0,2021_08,human-live-lost
357,,,,,,,,,,,,,,,,,,,,,,,,,,,,,,,,,,,,2021_08,human-live-lost-children
358,,,,,,,,,,,,,,,,,,,,,,,,,,,,,,,,,,,,2021_08,human-live-lost-female
359,,,,,,,,,,,,,,,,,,,,,,,,,,,,,,,,,,,,2021_08,human-live-lost-male
360,0.0,0.0,0.0,0.0,0.0,34989047.1,0.0,0.0,0.0,0.0,0.0,0.0,7732676.0,0.0,0.0,0.0,0.0,0.0,0.0,0.0,0.0,0.0,0.0,0.0,0.0,0.0,0.0,0.0,0.0,0.0,0.0,0.0,0.0,0.0,0.0,2021_08,immediate-measures-tenders-awarded-value
361,0.0166613956684129,0.082839849966865,0.017887979686217,0.0178621278319023,0.0,2.441212779486001e-06,0.0027150504711035,0.0426078247055117,0.0121367669897196,1.1804453281940206e-06,0.0050094625397919,0.0131911122361981,0.006299389491411,0.0163165438868848,2.9296475666897705e-06,0.0,0.0,0.0,0.0,0.0163994237178458,9.993353843930198e-05,0.0224799239089459,0.0008672385702221,0.0019447502095583,0.0001895565003604,0.0,0.0,0.0,0.04307780789886,2.398860044257722e-05,0.0420286436345716,0.0,0.0302071386375529,0.0044801671226548,4.364495062377824e-06,2021_08,inundation-intensity-mean
362,0.5,0.5,0.5,0.5,0.0,0.07,0.38,0.53,0.52,0.12,0.23,0.52,0.41,0.25,0.33,0.0,0.0,0.0,0.0,0.5,0.2,0.35,0.12,0.44,0.43,0.0,0.0,0.0,0.57,0.33,0.5,0.0,0.51,0.5,0.1,2021_08,inundation-intensity-mean-nonzero
363,68037.5,429754.5,114246.0,99081.5,0.0,19.5,21762.0,437227.5,151919.0,12.5,73114.5,70068.5,29568.0,167027.5,71.0,0.0,0.0,0.0,0.0,78690.5,360.5,125996.5,1220.0,9970.5,448.5,0.0,0.0,0.0,162825.5,102.5,87287.0,0.0,102100.0,9351.5,19.0,2021_08,inundation-intensity-sum
364,3.3322791336825865,16.567969993373,3.577595937243414,3.5724255663804736,0.0,0.0004882425558972,0.54301009422071,7.831236860624648,2.1093023473483465,0.0002360890656388,0.962035848714374,2.433052969942544,1.21267475962337,3.2457920754373117,0.0005859295133379,0.0,0.0,0.0,0.0,3.2798847435691822,0.0199867076878624,4.495984781789191,0.17344771404443,0.388950041911675,0.0379113000720834,0.0,0.0,0.0,7.195112572935076,0.0047977200885154,8.405728726914324,0.0,5.907382087823235,0.8960334245309634,0.0008728990124755,2021_08,inundation-pct
365,0.0,0.0,0.0,0.0,0.0,0.0,0.0,0.0,0.0,0.0,0.0,0.0,0.0,0.0,0.0,0.0,0.0,0.0,0.0,0.0,0.0,0.0,0.0,0.0,0.0,0.0,0.0,0.0,0.0,0.0,0.0,0.0,0.0,0.0,0.0,2021_08,ltif-tenders-awarded-value
366,,,,,,,,,,,,,,,,,,,,,,,,,,,,,,,,,,,,2021_08,male-camp
367,1.31,1.07,0.49,0.47,0.34,0.45,1.23,1.1,0.94,1.6,0.94,0.61,0.52,0.46,0.41,0.67,0.84,0.84,0.84,0.59,1.27,1.85,0.44,0.49,0.53,0.41,1.23,0.61,0.86,0.43,1.42,0.43,0.61,0.53,0.26,2021_08,max-rain
368,79.02868494142712,101.80280753365652,92.94383900653578,105.59323892727154,101.52151689605476,82.80184981421402,96.12358569934148,83.9078683433952,82.58482453454118,85.28440626816572,92.33941954273553,80.5484411209615,79.26767921681454,87.0143854317649,73.9235270160713,74.45407242468538,76.22171823123378,78.77654329987095,76.5297175055914,92.84413483394596,78.73454361714819,88.47737641290556,90.33791694141864,81.3350244170581,77.2968865972734,93.73693822422564,78.06937273928872,76.99096084367254,87.73877652848734,76.69919006241047,135.19869279538494,74.5890767941101,111.4923918776678,77.2774448783579,78.49346327750206,2021_08,mean-cn
369,-0.0999304424785913,-0.0528848887218937,-0.1367470206984938,-0.1198684101371026,-0.1220338069243032,-0.2022677846075748,-0.215281778134889,-0.1963595728627079,-0.1388899416355779,-0.1611260805985795,-0.2370575159682258,-0.3059490566242285,-0.2726885499330536,-0.2785561731334868,-0.2494451444660721,-0.2124219016025615,-0.2197325637264389,-0.2049750821422595,-0.215978668367193,-0.1270443465506212,-0.1099617301099216,-0.0600604757716453,-0.0576137873233851,-0.0195971789841075,-0.0609802514485552,-0.0018138904385024,0.0016869647438197,-0.2782792359123604,-0.1908750812080808,-0.3260369179767026,-0.0132107534966764,-0.216816520229397,-0.2868869723722269,-0.0473110753492194,-0.0335912491321565,2021_08,mean-ndbi
370,0.4767967916195439,0.3416834823568891,0.2598549337271515,0.2101507797277407,0.4011210357397557,0.4527476470431049,0.4069930576800116,0.51554605026801,0.4869014449495048,0.5522016260798872,0.4600125755904908,0.4910237516204668,0.5394724250921807,0.5096687764419742,0.7764981427797956,0.576045650668053,0.5910794216782806,0.4452588510783904,0.4664960659320272,0.4081245128422427,0.5329337155453467,0.3486661392401848,0.4228607560038061,0.3446346045127279,0.447691600922842,0.2992239574707981,0.4442599165789406,0.5888895416128871,0.4952872390038529,0.4309084249294337,0.2946570620685359,0.6248411313780956,0.3556593990164018,0.4074609339167789,0.4203430910067581,2021_08,mean-ndvi
371,0.73,0.62,0.39,0.32,0.29,0.34,0.64,0.61,0.56,0.69,0.62,0.48,0.37,0.38,0.25,0.39,0.69,0.77,0.79,0.5,0.74,0.37,0.28,0.31,0.34,0.31,0.36,0.52,0.53,0.36,0.91,0.26,0.46,0.32,0.23,2021_08,mean-rain
372,0.94,0.94,0.94,0.94,0.95,0.94,0.93,0.94,0.93,0.93,0.94,0.93,0.94,0.94,0.92,0.91,0.94,0.94,0.93,0.95,0.94,0.93,0.91,0.93,0.95,0.93,0.94,0.93,0.93,0.94,0.94,0.93,0.94,0.94,0.95,2021_08,mean-sex-ratio
373,78683.46309,83470.903,78088.12,79714.84605,75490.3523,87424.202,71470.137,90513.46103,104651.240916,68512.0013,81437.447,43095.76595,54183.314,128914.321604,35388.58,27888.17,66721.37,42827.17595,35287.21,42395.395,27850.66,74001.84561,6039.38,44021.984,58167.37587,76196.45569999999,93034.31635285716,23849.9,71288.401,78621.26999999999,17419.61,48488.349,16642.66,23559.76,71015.57777333334,2021_08,net-sown-area-in-hac
374,0.0,0.0,0.0,0.0,0.0,0.0,0.0,0.0,0.0,0.0,0.0,0.0,17064653.57,0.0,0.0,0.0,0.0,0.0,0.0,0.0,7276370.0,0.0,0.0,0.0,6199877.0,2671369.0,0.0,0.0,0.0,0.0,0.0,0.0,0.0,0.0,0.0,2021_08,others-tenders-awarded-value
375,507.0,0.0,0.0,6831.0,10888.0,16212.0,6659.0,128234.0,59066.0,12785.0,11157.0,18348.0,18318.0,23311.0,0.0,0.0,0.0,0.0,0.0,63891.0,17316.0,1807.0,0.0,110671.0,144.0,109651.0,0.0,0.0,26715.0,0.0,0.0,0.0,65503.0,0.0,0.0,2021_08,population-affected-total
376,62.0,342.0,34.0,5.0,10.0,45.0,35.0,38.0,77.0,43.0,49.0,27.0,41.0,43.0,32.0,146.0,46.0,45.0,28.0,81.0,8.0,45.0,80.0,11.0,0.0,0.0,24.0,24.0,19.0,30.0,0.0,0.0,0.0,9.0,6.0,2021_08,rail-count
377,145613.0,139561.0,78425.0,17621.0,30884.0,174517.0,138494.0,108334.0,121454.0,119685.0,123774.0,73292.0,86126.0,117155.0,73424.0,172636.0,103488.0,117739.0,90281.0,82273.0,24548.0,109026.0,89510.0,30164.0,0.0,0.0,66114.0,80492.0,74271.0,75327.0,0.0,0.0,0.0,28139.0,18201.0,2021_08,rail-length
378,5.555624983857405,5.996106926536052,3.560403941133399,6.267930535154481,2.6844823544762035,3.698020169566056,6.500786610930343,2.3063023945926067,4.447537705422305,8.37996671008257,4.7186096020908455,3.891643453265035,1.9206761011743596,7.875875441832467,2.32140457366514,4.092857261441682,2.318856184434248,1.5928149191405208,2.3992694260685314,4.918838536894644,4.351718448163259,2.6183787673260506,1.4389938854588624,1.2067170305083057,3.89044080960832,2.52307723747256,1.1492006754066422,1.334872354407603,4.884892808008314,1.3229221245459817,10.14849531857374,4.53378009258239,12.56991224610625,0.1886936146970008,1.478507911656724,2021_08,rangeland
379,3131,1557,1979,1848,1512,2564,3445,2998,2483,3810,3379,1567,1865,3523,7337,4884,3783,1839,1329,1088,1926,3283,834,1036,1526,1611,1987,1073,1783,1456,684,3073,970,470,877,2021_08,rc-area
380,22.9,25.01,25.42,15.04,15.81,23.51,13.19,16.32,20.87,24.89,12.8,8.96,12.07,15.06,23.47,23.25,15.87,14.25,19.26,12.86,25.35,9.48,11.61,21.25,15.46,13.0,15.96,19.71,28.46,27.66,28.09,28.84,17.28,9.75,12.15,2021_08,rc-nosanitation-hhds-pct
381,2.85,1.19,3.55,2.25,3.35,4.98,6.04,2.83,2.26,3.42,4.19,6.81,14.25,7.18,1.95,6.36,8.53,5.57,4.01,2.04,1.03,3.32,11.46,9.66,2.8,5.1,3.07,3.8,4.2,5.27,3.57,0.24,4.95,6.03,5.78,2021_08,rc-piped-hhds-pct
382,,,,,,,,,,,,,,,,,,,,,,,,,,,,,,,,,,,,2021_08,relief-camp-inmates
383,0.0,0.0,0.0,0.0,0.0,0.0,0.0,0.0,0.0,5558319.75,0.0,0.0,17064653.57,4442961.12,0.0,0.0,0.0,0.0,0.0,0.0,7276370.0,0.0,0.0,0.0,6199877.0,2671369.0,0.0,0.0,0.0,0.0,0.0,0.0,0.0,0.0,0.0,2021_08,restoration-measures-tenders-awarded-value
384,,,,,,,,,,,,,,,,,,,,,,,,,,,,,,,,,,,,2021_08,revenue-ci
385,0.0,0.0,0.0,0.0,0.0,0.0,0.0,0.0,0.0,0.0,0.0,0.0,17064653.57,0.0,0.0,0.0,0.0,0.0,0.0,0.0,0.0,0.0,0.0,0.0,0.0,0.0,0.0,0.0,0.0,0.0,0.0,0.0,0.0,0.0,0.0,2021_08,ridf-tenders-awarded-value
386,3,4,2,2,1,1,4,5,3,3,2,3,2,2,1,1,1,1,1,3,2,1,1,1,1,1,1,1,5,2,5,1,3,1,1,2021_08,risk-score
387,42.9,35.1,46.06,45.79,54.87,59.51,78.16,97.03,0.0,134.86,120.45,98.37,87.02,130.62,0.0,131.56,23.92,20.89,26.77,53.1,54.12,51.7,52.97,52.13,0.0,0.0,0.0,104.11,0.0,0.0,0.0,754.93,0.0,0.0,162.3,2021_08,riverlevel-max
388,5.204986559139785,12.88948327617619,16.049825268817205,7.472517921146953,21.08127419354839,8.12861559139785,35.581087393789005,38.51850331221198,0.0,64.61649787142798,31.182116356873003,70.68851814516128,17.104231182795697,45.79339364872556,0.0,32.774375,18.067197421796244,12.321395161290322,14.504524529569892,9.828319892473118,10.624182795698925,7.681245864350704,24.64609375,6.389751344086022,0.0,0.0,0.0,33.712679211469535,0.0,0.0,0.0,410.4767069892473,0.0,0.0,45.26662903225807,2021_08,riverlevel-mean
389,0.0,0.0,0.0,0.0,0.0,0.0,0.0,0.0,0.0,0.0,0.0,0.0,0.0,0.0,0.0,0.0,11.49,0.0,0.0,0.0,0.0,0.0,0.0,0.0,0.0,0.0,0.0,0.0,0.0,0.0,0.0,66.67,0.0,0.0,0.0,2021_08,riverlevel-min
390,858892.0,705770.0,1011509.0,725891.0,634621.0,1331470.0,745620.0,804067.0,578686.0,1211943.0,1453600.0,700651.0,736030.0,1389863.0,752361.0,843185.0,988230.0,615579.0,483931.0,654117.0,547046.0,1589070.0,746938.0,450865.0,429399.0,767150.0,650574.0,485197.0,574075.0,560100.0,78936.0,457481.0,54196.0,461489.0,294016.0,2021_08,road-length
391,0.0,0.0,0.0,9.0,33.0,4.0,0.0,0.0,42.0,0.0,0.0,7.0,1.0,17.0,0.0,0.0,0.0,0.0,0.0,36.0,12.0,0.0,0.0,0.0,0.0,1.0,0.0,0.0,0.0,0.0,0.0,0.0,9.0,0.0,0.0,2021_08,roads
392,2788,3147,2578,2904,1994,3284,2025,3519,2301,1950,2431,1838,2072,2507,1757,1063,3322,3188,3016,1463,1336,3463,1151,1817,1497,1858,1795,1007,1291,1320,1381,925,805,813,995,2021_08,schools-count
393,0.0,0.0,0.0,0.0,0.0,0.0,0.0,0.0,0.0,0.0,0.0,0.0,0.0,0.0,0.0,0.0,0.0,0.0,0.0,0.0,0.0,0.0,0.0,0.0,0.0,0.0,0.0,0.0,0.0,0.0,0.0,0.0,0.0,0.0,0.0,2021_08,sdrf-sanctions-awarded-value
394,0.0,0.0,0.0,25096615.0,0.0,34989047.1,0.0,0.0,0.0,0.0,0.0,0.0,7732676.0,0.0,0.0,0.0,0.0,10576828.82,9917247.19,0.0,0.0,0.0,0.0,0.0,0.0,0.0,36677995.0,0.0,0.0,0.0,0.0,0.0,0.0,0.0,0.0,2021_08,sdrf-tenders-awarded-value
395,84.0,81.0,84.0,78.0,81.0,86.0,82.0,84.0,84.0,83.0,79.0,85.0,85.0,84.0,89.0,90.0,88.0,86.0,87.0,84.0,85.0,83.0,85.0,83.0,85.0,82.0,85.0,84.0,83.0,88.0,75.0,89.0,78.0,85.0,85.0,2021_08,slope-mean
396,9997133.0,0.0,0.0,0.0,0.0,0.0,0.0,0.0,0.0,0.0,0.0,0.0,0.0,0.0,0.0,0.0,0.0,0.0,0.0,0.0,18684276.0,0.0,0.0,0.0,0.0,0.0,0.0,0.0,0.0,0.0,0.0,0.0,0.0,0.0,0.0,2021_08,sopd-tenders-awarded-value
397,56008.0,40765.0,44786.0,65408.0,40566.0,93735.0,65693.0,56287.0,31350.0,75587.0,63360.0,42377.0,49025.0,68332.0,33994.0,10403.0,103558.0,80707.0,27240.0,33348.0,30767.0,70977.0,50815.0,40712.0,25467.0,52397.0,37778.0,16076.0,30541.0,44658.0,23250.0,22980.0,7069.0,11822.0,20546.0,2021_08,sum-aged-population
398,1281881.0,1359043.0,1060533.0,1572628.0,1120104.0,2319902.0,1446186.0,1148639.0,694961.0,1391101.0,1487017.0,778295.0,997472.0,1291200.0,695437.0,284484.0,2087230.0,1374000.0,757942.0,796774.0,606535.0,1618630.0,1343547.0,959339.0,713721.0,1140900.0,870281.0,495616.0,658525.0,1101898.0,530164.0,359966.0,167349.0,318207.0,500585.0,2021_08,sum-population
399,2139.56,817.46,720.76,525.36,385.25,803.67,2025.69,1653.99,1435.91,2343.31,1925.33,698.89,629.57,1183.5,1619.82,1634.61,2365.5,1198.84,892.71,466.93,1583.48,1246.25,200.72,301.65,502.16,443.42,691.16,513.62,874.52,479.05,520.44,729.68,409.53,130.9,185.56,2021_08,sum-rain
400,121651.0,106666.0,109635.0,137134.0,88492.0,187668.0,118737.0,106671.0,63338.0,139787.0,99072.0,58515.0,58475.0,106776.0,83027.0,25510.0,184741.0,163480.0,60524.0,68143.0,62610.0,107785.0,64455.0,49652.0,38117.0,110746.0,68454.0,22419.0,54999.0,89876.0,58131.0,54305.0,8786.0,24007.0,31297.0,2021_08,sum-young-population
401,,,,,,,,,,,,,,,,,,,,,,,,,,,,,,,,,,,,2021_08,topsis-score
402,0.0,0.0,0.0,93601.0,18000.0,13640.0,0.0,100589.0,222271.0,0.0,78926.0,19392.0,26294.0,23550.0,0.0,0.0,0.0,0.0,0.0,177342.0,15605.0,10500.0,12661.0,30010.0,0.0,122519.0,0.0,0.0,0.0,0.0,16745.0,0.0,180912.0,0.0,0.0,2021_08,total-animal-affected
403,0.0,0.0,0.0,0.0,0.0,0.0,0.0,0.0,0.0,0.0,0.0,0.0,0.0,0.0,0.0,0.0,0.0,0.0,0.0,0.0,0.0,0.0,0.0,0.0,0.0,0.0,0.0,0.0,0.0,0.0,0.0,0.0,0.0,0.0,0.0,2021_08,total-animal-washed-away
404,214904.0,377710.0,240459.0,393378.0,267778.0,527427.0,318730.0,266928.0,195025.0,318555.0,311523.0,172096.0,272707.0,275841.0,103131.0,30119.0,416101.0,256161.0,165784.0,185414.0,105445.0,408132.0,327221.0,233278.0,132203.0,231859.0,185739.0,108235.0,150938.0,214866.0,202538.0,52339.0,39239.0,77895.0,112690.0,2021_08,total-hhd
405,0.0,0.0,0.0,0.0,0.0,0.0,0.0,16.0,1.0,0.0,0.0,9.0,1.0,0.0,0.0,0.0,0.0,0.0,0.0,223.0,6.0,0.0,0.0,0.0,36.0,0.0,0.0,0.0,0.0,0.0,0.0,0.0,0.0,0.0,0.0,2021_08,total-house-fully-damaged
406,0.0,0.0,0.0,25096615.0,0.0,34989047.1,0.0,0.0,0.0,5558319.75,0.0,0.0,24797329.57,0.0,0.0,0.0,0.0,10576828.82,9917247.19,0.0,7276370.0,0.0,0.0,0.0,6199877.0,2671369.0,36677995.0,0.0,0.0,0.0,0.0,0.0,0.0,0.0,0.0,2021_08,total-tender-awarded-value
407,43.98932267010756,5.144386888079183,24.18246369319196,2.0719326398805653,8.909372340284825,14.523458971432348,17.38480479972998,12.428285713267991,18.7238999923748,44.911270270226375,28.07006483630923,22.568294310271757,22.547394124288424,21.538219052939983,86.04086283868104,92.70805107896902,61.19674549088654,38.80036940166334,44.10043312221657,15.167158079097288,23.306941588540017,23.185619567722654,38.00611230326868,11.406913612118768,26.06572918305741,8.030025208883123,13.578760237089556,41.299449603990205,14.342280130815992,27.692108982330566,2.244012825278056,83.399830651071,3.6292408407182446,12.098505319917756,16.553468863374015,2021_08,trees
408,3,2,3,4,5,3,4,5,3,4,4,3,2,3,1,1,3,1,1,3,3,2,1,1,3,4,4,3,5,5,2,4,4,1,3,2021_08,vulnerability
409,2.654609351131904,9.630615276980134,6.643371280888395,20.947001480671915,11.80517407001968,5.84257517619834,8.7179659794783,5.973464137033906,3.387978930774807,4.00323160437465,6.859472077404234,2.861969389866096,1.4277478020110324,5.813265011130777,0.2681404095004063,0.5863044645090593,2.55288342933694,3.595196766302481,2.588808318998985,8.973122290459699,2.1210760126364976,5.18899783845898,6.29117971013233,6.026903398218473,1.3210913159798612,8.861808395697839,1.1571216590836426,1.2059520770946432,5.26686010187354,1.4860229404979866,20.30063594844775,0.675239009529183,13.529855142846449,2.9134399107229245,2.583854204629774,2021_08,water
410,9.0,7.5,8.9,8.0,7.2,9.8,9.8,8.3,7.0,8.6,10.2,10.4,10.3,8.8,7.2,8.1,9.8,9.8,9.5,9.1,8.2,10.1,12.1,10.5,9.0,9.2,8.3,8.6,8.9,8.0,6.7,5.8,9.4,7.0,11.6,2021_09,avg-electricity
411,2.2,2.6,2.0,2.0,2.4,2.0,2.2,2.4,2.0,2.0,2.0,2.2,2.2,2.3,2.0,2.5,2.2,2.4,2.0,2.2,2.2,2.4,2.5,2.1,2.3,2.0,2.2,2.0,2.3,2.3,2.0,2.0,2.5,2.3,2.2,2021_09,avg-tele
412,0.868580242765881,7.850894623892731,5.512517918478251,11.862959883193469,7.597584755054908,1.1634119150636952,10.396058518692072,3.3157292183085354,5.150400593255752,5.562767456104703,11.548535488717716,1.118844042545363,0.4852425834744918,5.611770225834522,0.0039335520292327,0.0135588328169281,0.0454022335456661,0.0012143773889144,0.0210413681225184,5.008542394133784,2.674081321702636,2.4320641301167454,0.636118344050566,1.3434249807219034,0.8976191104094248,8.226348189672269,0.7185833782322901,0.0014790785340733,5.9522381727563305,0.1134160558865175,17.62388530809625,0.0325845786673929,24.257732540047048,0.1061903765441955,1.353986992614652,2021_09,bare-ground
413,0.0,0.0,1.0,1.0,0.0,0.0,0.0,0.0,0.0,0.0,0.0,0.0,0.0,0.0,0.0,0.0,0.0,0.0,0.0,1.0,0.0,0.0,0.0,0.0,0.0,2.0,0.0,0.0,0.0,0.0,0.0,0.0,0.0,0.0,0.0,2021_09,bridge
414,12.044507636100588,19.712033647258004,17.88517689685316,22.60918436813678,15.239566152995582,18.79940070687596,13.86214908189695,16.3755366925974,13.761287559104836,11.68169278263021,12.199992717054732,16.3381694667156,19.7359978945898,17.651220410091742,4.002865217163113,1.5100434169302526,8.715899038846057,16.61126248690062,11.322822570273248,28.10424864461894,24.817448224733894,18.0798899031534,40.07690835892768,20.76511423183489,15.54006845169349,18.20232759882122,16.371363216369723,13.3167114082049,15.074560687615934,17.5682568427919,13.402473919303212,2.78956411810206,7.48018802062985,22.58072299127653,17.788146104645218,2021_09,built-area
415,,,,,,,,,,,,,,,,,,,,,,,,,,,,,,,,,,,,2021_09,children-camp
416,0.0,0.0,0.0,0.0,0.0,0.0,0.0,0.0,0.0,0.0,0.0,0.0,0.0,0.0,0.0,0.0,0.0,0.0,0.0,0.0,0.0,0.0,0.0,0.0,0.0,0.0,0.0,0.0,0.0,0.0,0.0,0.0,0.0,0.0,0.0,2021_09,cidf-tenders-awarded-value
417,0.0,0.0,1.737844052391654e-05,0.0,4.256584350710181e-06,0.0,0.0,0.0,0.0,0.0,0.0,0.0,0.0,0.0,0.0,5.38038380932035e-06,0.0,0.0,0.0001941413602205,0.0,0.0,4.244643058839207e-06,0.0008892499344914,0.0,0.0,7.751888818182e-05,0.0,0.0,0.0,0.0,0.0,0.0,0.0,0.0,0.0,2021_09,clouds
418,,,,,,,,,,,,,,,,,,,,,,,,,,,,,,,,,,,,2021_09,count
419,0.0,109.0,3917.0,1348.0,5871.0,1646.0,2093.0,6845.0,2320.0,271.0,399.0,272.0,2424.0,549.0,0.0,0.0,573.0,0.0,0.0,210.0,0.0,2576.0,0.0,1166.0,0.0,7602.0,0.0,0.0,582.0,159.0,0.0,0.0,3890.0,0.0,0.0,2021_09,crop-area
420,34.35694085305036,51.65519640546251,42.02268465024946,36.16037160832635,53.34492041448938,54.48967950723607,43.05241294625703,59.44206798777107,54.26949899858874,24.88146805524715,36.31640286863132,52.169582560913646,52.668237904262696,41.12115965882656,7.361829060255534,1.0864373626678718,25.02176611891062,38.93843502580468,38.94892388657762,37.768873072406805,42.71712632701242,48.44260755929896,13.33446076633077,59.148520389867386,52.28503838315709,54.1443900277245,67.02497083381824,42.8185193189568,54.1566164520331,51.807735845295575,36.2774975884176,8.54834328662391,38.46045658793105,62.11184510032704,60.242035923079584,2021_09,crops
421,4296.624151156235,2231.5993331549903,3585.3069321814023,1247.6117514050093,2700.336576957554,3477.530108369159,1557.3606551140049,2711.0464141089856,2238.6415334905228,4159.102888381454,9491.630139883577,3889.6067327857527,7133.757644739053,3445.5268629610114,8511.666927309077,4923.29748622475,3222.517655928944,4060.318063254274,4335.474967336042,1883.330083753236,975.2407923854796,4254.719948057848,3333.953706616405,1829.807307358248,1576.5499878215094,1098.83444541599,1489.926404330648,4700.953196095703,4363.59388114963,5163.44360094801,880.805632910103,4989.53282327419,1292.455559234692,1123.7037030160088,1578.254039674223,2021_09,distance-from-river
422,KOKRAJHAR,DHUBRI,GOALPARA,BARPETA,MORIGAON,NAGAON,SONITPUR,LAKHIMPUR,DHEMAJI,TINSUKIA,DIBRUGARH,SIVASAGAR,JORHAT,GOLAGHAT,KARBI ANGLONG,DIMA HASAO,CACHAR,KARIMGANJ,HAILAKANDI,BONGAIGAON,CHIRANG,KAMRUP,KAMRUP METRO,NALBARI,BAKSA,DARRANG,UDALGURI,CHARAIDEO,BISWANATH,HOJAI,SOUTH SALMARA MANCACHAR,WEST KARBI ANGLONG,MAJULI,BAJALI,TAMULPUR,2021_09,district
423,0.0005623749999999,0.0006515714285714,0.0005706,0.0006465,0.0005976,0.0005747142857142,0.000571,0.0006111428571428,0.0005535,0.00057375,0.0006251428571428,0.0006055,0.0006035999999999,0.0005855,0.00041,0.00031275,0.0004408,0.0005329999999999,0.0005025,0.0005798,0.000528,0.0005858461538461,0.00044875,0.000670625,0.0005907142857142,0.0006724,0.0006286666666666,0.000603,0.0006126666666666,0.00058,0.000585,0.000439,0.0006255,0.0006813333333333,0.0006636,2021_09,drainage-density
424,,,,,,,,,,,,,,,,,,,,,,,,,,,,,,,,,,,,2021_09,dtcode11
425,,,,,,,,,,,,,,,,,,,,,,,,,,,,,,,,,,,,2021_09,dtname
426,0.892446,0.9277644285714286,0.8497543999999999,0.8627385,0.7778568,0.874122,0.814893,0.8087441428571429,0.8564741666666666,0.81497725,0.8349897142857143,0.8733105,0.921638,0.8522776666666667,0.9603503333333334,1.0,0.866028,0.9646402,0.94848225,0.8831756000000001,0.8908505999999999,0.9502899230769232,1.0,0.957702875,0.8536178571428571,0.8369973999999999,0.8244895555555556,0.879607,0.806934,0.7779636666666666,0.914733,0.803343,0.7874140000000001,0.9768436666666668,0.8785044,2021_09,efficiency
427,63.0,33.0,49.0,40.0,63.0,72.0,86.0,96.0,141.0,142.0,113.0,99.0,105.0,97.0,347.0,607.0,155.0,36.0,47.0,54.0,84.0,82.0,114.0,49.0,70.0,59.0,91.0,112.0,86.0,125.0,26.0,483.0,85.0,47.0,71.0,2021_09,elevation-mean
428,0.0,0.0,0.0,0.0,0.0,0.0,1.0,0.0,0.0,0.0,0.0,0.0,2.0,1.0,0.0,0.0,0.0,0.0,0.0,0.0,0.0,0.0,0.0,0.0,0.0,0.0,0.0,0.0,0.0,2.0,0.0,0.0,0.0,0.0,0.0,2021_09,embankment-breached
429,0.0,0.0,0.0,0.0,0.0,0.0,0.0,0.0,0.0,0.0,0.0,0.0,0.0,0.0,0.0,0.0,0.0,0.0,0.0,0.0,0.0,0.0,0.0,0.0,0.0,0.0,0.0,0.0,1.0,0.0,0.0,0.0,1.0,0.0,0.0,2021_09,embankments-affected
430,1,2,2,3,2,4,5,1,1,5,2,2,2,2,2,1,5,3,2,1,1,1,4,1,1,3,1,1,2,5,4,3,1,1,1,2021_09,exposure
431,,,,,,,,,,,,,,,,,,,,,,,,,,,,,,,,,,,,2021_09,female-camp
432,2021-2022,2021-2022,2021-2022,2021-2022,2021-2022,2021-2022,2021-2022,2021-2022,2021-2022,2021-2022,2021-2022,2021-2022,2021-2022,2021-2022,2021-2022,2021-2022,2021-2022,2021-2022,2021-2022,2021-2022,2021-2022,2021-2022,2021-2022,2021-2022,2021-2022,2021-2022,2021-2022,2021-2022,2021-2022,2021-2022,2021-2022,2021-2022,2021-2022,2021-2022,2021-2022,2021_09,financial-year
433,3,4,3,3,4,4,5,1,1,1,1,1,1,2,1,1,1,3,2,2,1,2,2,2,2,3,3,1,3,1,3,1,1,2,1,2021_09,flood-hazard
434,,,,,,,,,,,,,,,,,,,,,,,,,,,,,,,,,,,,2021_09,flood-hazard-float
435,0.5304142629862878,0.0107662317913023,0.1933642407648085,0.0806194846364986,0.4188956560950299,1.4834535536275912,0.0858220630151136,0.158613856428508,0.2593962204787826,0.5796031213342887,0.2869224097919429,1.0514967764224237,1.214703590199248,0.3884901993439709,0.000964348705565,0.0027422022814836,0.1484475040399481,0.4607070227993903,0.6185071663823104,0.0592169823888001,0.011608077211315,0.0524379892802181,0.2153373818964564,0.1024063567301933,1.2746094421410486e-05,0.0119458228402453,0.0,0.0230161588118496,0.322551646896779,0.009537208651381,0.0029990918833667,0.0206582634240563,0.0726146217210788,0.0006026865144437,0.0,2021_09,flooded-vegetation
436,5,5,4,4,5,5,5,5,5,5,4,5,5,5,5,5,5,5,5,5,5,5,4,5,5,5,5,5,5,5,5,5,3,5,5,2021_09,government-response
437,163,151,154,205,116,277,158,124,73,119,169,143,106,153,30,4,176,96,87,88,68,282,52,142,109,129,15,82,100,91,69,25,32,70,67,2021_09,health-centres-count
438,0,0,1,1,7,0,0,0,0,0,0,0,0,0,0,0,0,0,0,0,0,1,0,0,0,0,0,0,0,0,0,0,5,0,0,2021_09,human-live-lost
439,,,,,,,,,,,,,,,,,,,,,,,,,,,,,,,,,,,,2021_09,human-live-lost-children
440,,,,,,,,,,,,,,,,,,,,,,,,,,,,,,,,,,,,2021_09,human-live-lost-female
441,,,,,,,,,,,,,,,,,,,,,,,,,,,,,,,,,,,,2021_09,human-live-lost-male
442,0.0,0.0,0.0,0.0,0.0,0.0,0.0,0.0,0.0,0.0,38221550.11,0.0,0.0,0.0,0.0,0.0,0.0,0.0,0.0,0.0,0.0,0.0,0.0,0.0,0.0,0.0,0.0,0.0,0.0,0.0,0.0,0.0,0.0,0.0,0.0,2021_09,immediate-measures-tenders-awarded-value
443,0.0043869033188308,0.0716601616994487,0.0275990329325959,0.0204801793280433,0.1074882438211646,0.0244618129722881,0.0106401639288489,2.678729717145624e-06,0.0,1.6215215566882215e-05,0.0,0.0,0.0,0.0069244477390719,2.632820703396227e-07,0.0,0.0060224844648909,0.0184458862015372,0.0066464058009275,0.0232320488220571,3.332842129883825e-05,0.0726368385700613,0.0398550242995691,0.0046306736340244,9.196731193623564e-05,0.0219373833711844,6.958399301748889e-05,0.0,0.0052647721271533,0.0,0.0420125243428911,2.305917623675735e-05,0.0,0.0,2.22986409067e-05,2021_09,inundation-intensity-mean
444,0.38,0.43,0.62,0.48,0.62,0.6,0.55,0.07,0.0,0.12,0.0,0.0,0.0,0.28,0.17,0.0,0.5,0.5,0.26,0.36,0.2,0.48,0.6,0.27,0.14,0.39,0.11,0.0,0.36,0.0,0.63,0.5,0.0,0.0,0.1,2021_09,inundation-intensity-mean-nonzero
445,15525.5,411477.0,169937.0,112274.5,642325.0,199025.0,106277.0,22.0,0.0,188.5,0.0,0.0,0.0,93343.0,8.0,0.0,70717.5,83088.5,12630.0,116593.5,369.5,487970.0,96700.5,24253.0,579.0,140440.5,537.0,0.0,25224.5,0.0,91053.5,216.5,0.0,0.0,188.5,2021_09,inundation-intensity-sum
446,0.8557660554392407,11.788268270639469,4.10132593015978,3.485032318520192,15.73594572626286,3.866505114841962,1.8845805533023088,0.0005357459434291,0.0,0.0032430431133749,0.0,0.0,0.0,1.1601395281007685,5.265641406792454e-05,0.0,1.2044968929781947,3.689177240307464,1.2785864311699524,3.500584416748148,0.0066656842597696,10.30959887763236,5.457656497401725,0.8136377184355438,0.0183934623872471,3.3778070507361035,0.0139167986034988,0.0,1.0297300277077168,0.0,6.667164268686346,0.0046118352473514,0.0,0.0,0.00445972818134,2021_09,inundation-pct
447,0.0,0.0,0.0,0.0,0.0,0.0,0.0,0.0,0.0,0.0,0.0,0.0,0.0,0.0,0.0,0.0,0.0,0.0,0.0,0.0,0.0,0.0,0.0,0.0,0.0,0.0,0.0,0.0,0.0,0.0,0.0,0.0,0.0,0.0,0.0,2021_09,ltif-tenders-awarded-value
448,,,,,,,,,,,,,,,,,,,,,,,,,,,,,,,,,,,,2021_09,male-camp
449,0.53,0.51,0.29,0.31,0.43,0.43,0.75,0.34,0.24,0.15,0.24,0.24,0.27,0.3,0.34,0.29,0.35,0.37,0.37,0.32,0.39,0.34,0.3,0.31,0.35,0.45,0.75,0.24,0.44,0.34,0.3,0.34,0.26,0.35,0.31,2021_09,max-rain
450,79.02868494142712,101.80280753365652,92.94383900653578,105.59323892727154,101.52151689605476,82.80184981421402,96.12358569934148,83.9078683433952,82.58482453454118,85.28440626816572,92.33941954273553,80.5484411209615,79.26767921681454,87.0143854317649,73.9235270160713,74.45407242468538,76.22171823123378,78.77654329987095,76.5297175055914,92.844134833946,78.73454361714819,88.47737641290556,90.33791694141864,81.3350244170581,77.2968865972734,93.73693822422564,78.06937273928872,76.99096084367254,87.73877652848734,76.69919006241047,135.19869279538494,74.5890767941101,111.4923918776678,77.2774448783579,78.49346327750206,2021_09,mean-cn
451,-0.0999304424785913,-0.0528848887218937,-0.1367470206984938,-0.1198684101371026,-0.1220338069243032,-0.2022677846075748,-0.215281778134889,-0.1963595728627079,-0.1492328988116046,-0.2078193654884729,-0.2461817833274511,-0.3059490566242285,-0.2726885499330536,-0.2785561731334868,-0.2494451444660721,-0.2124219016025615,-0.2197325637264389,-0.2049750821422595,-0.215978668367193,-0.1270443465506212,-0.1099617301099215,-0.0600604757716453,-0.0576137873233851,-0.0195971789841075,-0.0609802514485552,-0.0018138904385024,0.0016869647438197,-0.250459031695581,-0.1908750812080808,-0.3260369179767026,-0.0132107534966764,-0.216816520229397,-0.2868869723722269,-0.0473110753492195,-0.0335912491321565,2021_09,mean-ndbi
452,0.4767967916195439,0.3416834823568891,0.2598549337271515,0.2101507797277407,0.4011210357397557,0.4527476470431049,0.4069930576800116,0.51554605026801,0.4871968571985408,0.5751543236860328,0.4721470698689656,0.4910237516204668,0.5394724250921807,0.5096687764419742,0.7764981427797956,0.576045650668053,0.5910794216782806,0.4452588510783904,0.4664960659320272,0.4081245128422427,0.5329337155453467,0.3486661392401848,0.4228607560038061,0.3446346045127279,0.4476916009228419,0.2992239574707981,0.4442599165789406,0.5485908001830461,0.4952872390038529,0.4309084249294337,0.2946570620685359,0.6248411313780956,0.3556593990164018,0.4074609339167789,0.4203430910067581,2021_09,mean-ndvi
453,0.36,0.32,0.27,0.27,0.29,0.33,0.45,0.22,0.18,0.08,0.19,0.19,0.24,0.25,0.25,0.19,0.25,0.33,0.34,0.3,0.33,0.27,0.25,0.28,0.31,0.31,0.37,0.19,0.3,0.28,0.26,0.21,0.2,0.3,0.29,2021_09,mean-rain
454,0.94,0.94,0.94,0.94,0.95,0.94,0.93,0.94,0.93,0.93,0.94,0.93,0.94,0.94,0.92,0.91,0.94,0.94,0.93,0.95,0.94,0.93,0.91,0.93,0.95,0.93,0.94,0.93,0.93,0.94,0.94,0.93,0.94,0.94,0.95,2021_09,mean-sex-ratio
455,78683.46309,83470.903,78088.12,79714.84605,75490.3523,87424.20199999999,71470.137,90513.46103,104651.240916,68512.0013,81437.447,43095.76595,54183.314,128914.321604,35388.58,27888.17,66721.37,42827.17595,35287.21,42395.395,27850.66,74001.84561,6039.38,44021.984,58167.37587,76196.45569999999,93034.31635285716,23849.9,71288.401,78621.26999999999,17419.61,48488.349,16642.66,23559.76,71015.57777333334,2021_09,net-sown-area-in-hac
456,19475878.46,0.0,0.0,0.0,0.0,0.0,0.0,0.0,0.0,0.0,30469083.83,0.0,0.0,0.0,0.0,0.0,0.0,0.0,0.0,0.0,0.0,0.0,0.0,0.0,0.0,12496117.49,0.0,0.0,0.0,0.0,0.0,0.0,23103996.22,0.0,35037970.0,2021_09,others-tenders-awarded-value
457,0.0,1127.0,412.0,32125.0,59393.0,16007.0,14256.0,103768.0,32142.0,3115.0,3717.0,14326.0,11185.0,94927.0,0.0,0.0,0.0,0.0,0.0,695.0,523.0,4017.0,0.0,110731.0,0.0,108441.0,0.0,0.0,17445.0,3535.0,0.0,0.0,52461.0,0.0,0.0,2021_09,population-affected-total
458,62.0,342.0,34.0,5.0,10.0,45.0,35.0,38.0,77.0,43.0,49.0,27.0,41.0,43.0,32.0,146.0,46.0,45.0,28.0,81.0,8.0,45.0,80.0,11.0,0.0,0.0,24.0,24.0,19.0,30.0,0.0,0.0,0.0,9.0,6.0,2021_09,rail-count
459,145613.0,139561.0,78425.0,17621.0,30884.0,174517.0,138494.0,108334.0,121454.0,119685.0,123774.0,73292.0,86126.0,117155.0,73424.0,172636.0,103488.0,117739.0,90281.0,82273.0,24548.0,109026.0,89510.0,30164.0,0.0,0.0,66114.0,80492.0,74271.0,75327.0,0.0,0.0,0.0,28139.0,18201.0,2021_09,rail-length
460,5.555624983857405,5.996106926536052,3.560403941133399,6.267930535154481,2.684482354476203,3.698020169566056,6.500786610930343,2.3063023945926067,4.447537705422305,8.37996671008257,4.718609602090846,3.891643453265035,1.9206761011743596,7.875875441832467,2.32140457366514,4.092857261441682,2.318856184434248,1.592814919140521,2.3992694260685314,4.918838536894644,4.351718448163259,2.6183787673260506,1.4389938854588624,1.2067170305083057,3.89044080960832,2.52307723747256,1.1492006754066422,1.334872354407603,4.884892808008314,1.3229221245459817,10.14849531857374,4.53378009258239,12.56991224610625,0.1886936146970008,1.478507911656724,2021_09,rangeland
461,3131,1557,1979,1848,1512,2564,3445,2998,2483,3810,3379,1567,1865,3523,7337,4884,3783,1839,1329,1088,1926,3283,834,1036,1526,1611,1987,1073,1783,1456,684,3073,970,470,877,2021_09,rc-area
462,22.9,25.01,25.42,15.04,15.81,23.51,13.19,16.32,20.87,24.89,12.8,8.96,12.07,15.06,23.47,23.25,15.87,14.25,19.26,12.86,25.35,9.48,11.61,21.25,15.46,13.0,15.96,19.71,28.46,27.66,28.09,28.84,17.28,9.75,12.15,2021_09,rc-nosanitation-hhds-pct
463,2.85,1.19,3.55,2.25,3.35,4.98,6.04,2.83,2.26,3.42,4.19,6.81,14.25,7.18,1.95,6.36,8.53,5.57,4.01,2.04,1.03,3.32,11.46,9.66,2.8,5.1,3.07,3.8,4.2,5.27,3.57,0.24,4.95,6.03,5.78,2021_09,rc-piped-hhds-pct
464,,,,,,,,,,,,,,,,,,,,,,,,,,,,,,,,,,,,2021_09,relief-camp-inmates
465,30376839.81,0.0,0.0,0.0,0.0,0.0,0.0,0.0,0.0,0.0,30469083.83,0.0,0.0,0.0,0.0,0.0,0.0,0.0,0.0,0.0,0.0,0.0,13499158.48,0.0,21773265.0,12496117.49,0.0,0.0,19851602.0,0.0,0.0,0.0,23103996.22,29018567.0,35037970.0,2021_09,restoration-measures-tenders-awarded-value
466,,,,,,,,,,,,,,,,,,,,,,,,,,,,,,,,,,,,2021_09,revenue-ci
467,0.0,0.0,0.0,0.0,0.0,0.0,0.0,0.0,0.0,0.0,30469083.83,0.0,0.0,0.0,0.0,0.0,0.0,0.0,0.0,0.0,0.0,0.0,13499158.48,0.0,0.0,12496117.49,0.0,0.0,0.0,0.0,0.0,0.0,23103996.22,0.0,0.0,2021_09,ridf-tenders-awarded-value
468,2,3,2,3,4,4,5,1,1,1,1,1,1,1,1,1,1,2,1,2,1,2,1,1,1,3,2,1,3,1,2,1,1,1,1,2021_09,risk-score
469,42.05,33.85,45.8,45.26,54.65,57.42,78.06,95.92,0.0,133.71,119.65,98.57,86.21,130.96,0.0,131.44,25.18,20.61,27.19,52.01,53.7,51.66,52.99,52.17,0.0,0.0,0.0,102.2,0.0,0.0,0.0,753.81,0.0,0.0,162.9,2021_09,riverlevel-max
470,5.141628472222222,12.696290674603176,16.009736111111113,7.389296296296297,20.865883333333336,8.011017857142857,35.279457592043485,38.251774268475614,0.0,64.28656944444444,31.02502192157981,69.91853298611112,16.956513888888885,45.6511724537037,0.0,32.82388888888889,16.335995068887335,11.966988888888888,14.5865,9.756226388888887,10.617122222222225,7.671913461538462,24.56677256944445,6.382548611111112,0.0,0.0,0.0,33.2514212962963,0.0,0.0,0.0,409.5940347222223,0.0,0.0,45.3686875,2021_09,riverlevel-mean
471,0.0,0.0,0.0,0.0,0.0,0.0,0.0,0.0,0.0,0.0,0.0,0.0,0.0,0.0,0.0,0.0,6.32,0.0,0.0,0.0,0.0,0.0,0.0,0.0,0.0,0.0,0.0,0.0,0.0,0.0,0.0,66.65,0.0,0.0,0.0,2021_09,riverlevel-min
472,858892.0,705770.0,1011509.0,725891.0,634621.0,1331470.0,745620.0,804067.0,578686.0,1211943.0,1453600.0,700651.0,736030.0,1389863.0,752361.0,843185.0,988230.0,615579.0,483931.0,654117.0,547046.0,1589070.0,746938.0,450865.0,429399.0,767150.0,650574.0,485197.0,574075.0,560100.0,78936.0,457481.0,54196.0,461489.0,294016.0,2021_09,road-length
473,0.0,0.0,9.0,10.0,3.0,7.0,4.0,1.0,0.0,0.0,0.0,2.0,2.0,6.0,0.0,0.0,0.0,0.0,0.0,12.0,4.0,6.0,0.0,0.0,0.0,8.0,0.0,0.0,0.0,2.0,0.0,0.0,3.0,0.0,0.0,2021_09,roads
474,2788,3147,2578,2904,1994,3284,2025,3519,2301,1950,2431,1838,2072,2507,1757,1063,3322,3188,3016,1463,1336,3463,1151,1817,1497,1858,1795,1007,1291,1320,1381,925,805,813,995,2021_09,schools-count
475,0.0,0.0,0.0,0.0,0.0,0.0,0.0,0.0,0.0,0.0,0.0,0.0,0.0,0.0,0.0,0.0,0.0,0.0,0.0,0.0,0.0,0.0,0.0,0.0,0.0,0.0,0.0,0.0,0.0,0.0,0.0,0.0,0.0,0.0,0.0,2021_09,sdrf-sanctions-awarded-value
476,0.0,0.0,0.0,0.0,0.0,0.0,0.0,0.0,0.0,0.0,38221550.11,0.0,0.0,0.0,0.0,0.0,0.0,0.0,0.0,0.0,0.0,0.0,0.0,0.0,0.0,0.0,0.0,0.0,0.0,0.0,0.0,0.0,35907795.59,0.0,0.0,2021_09,sdrf-tenders-awarded-value
477,84.0,81.0,84.0,78.0,81.0,86.0,82.0,84.0,84.0,83.0,79.0,85.0,85.0,84.0,89.0,90.0,88.0,86.0,87.0,84.0,85.0,83.0,85.0,83.0,85.0,82.0,85.0,84.0,83.0,88.0,75.0,89.0,78.0,85.0,85.0,2021_09,slope-mean
478,10900961.35,0.0,0.0,0.0,0.0,0.0,0.0,0.0,0.0,0.0,0.0,0.0,0.0,0.0,0.0,0.0,0.0,0.0,0.0,0.0,0.0,0.0,0.0,0.0,0.0,0.0,0.0,0.0,19851602.0,0.0,0.0,0.0,0.0,0.0,0.0,2021_09,sopd-tenders-awarded-value
479,56008.0,40765.0,44786.0,65408.0,40566.0,93735.0,65693.0,56287.0,31350.0,75587.0,63360.0,42377.0,49025.0,68332.0,33994.0,10403.0,103558.0,80707.0,27240.0,33348.0,30767.0,70977.0,50815.0,40712.0,25467.0,52397.0,37778.0,16076.0,30541.0,44658.0,23250.0,22980.0,7069.0,11822.0,20546.0,2021_09,sum-aged-population
480,1281881.0,1359043.0,1060533.0,1572628.0,1120104.0,2319902.0,1446186.0,1148639.0,694961.0,1391101.0,1487017.0,778295.0,997472.0,1291200.0,695437.0,284484.0,2087230.0,1374000.0,757942.0,796774.0,606535.0,1618630.0,1343547.0,959339.0,713721.0,1140900.0,870281.0,495616.0,658525.0,1101898.0,530164.0,359966.0,167349.0,318207.0,500585.0,2021_09,sum-population
481,1070.84,421.16,491.3,460.02,375.07,742.34,1444.79,584.06,375.92,289.24,588.99,275.19,404.11,781.84,1629.92,880.31,876.28,545.4,409.43,287.58,598.94,793.5,189.07,252.97,439.32,464.93,716.65,187.53,489.52,369.37,159.63,578.31,178.41,124.02,231.37,2021_09,sum-rain
482,121651.0,106666.0,109635.0,137134.0,88492.0,187668.0,118737.0,106671.0,63338.0,139787.0,99072.0,58515.0,58475.0,106776.0,83027.0,25510.0,184741.0,163480.0,60524.0,68143.0,62610.0,107785.0,64455.0,49652.0,38117.0,110746.0,68454.0,22419.0,54999.0,89876.0,58131.0,54305.0,8786.0,24007.0,31297.0,2021_09,sum-young-population
483,,,,,,,,,,,,,,,,,,,,,,,,,,,,,,,,,,,,2021_09,topsis-score
484,0.0,24250.0,12206.0,69691.0,116390.0,41416.0,70036.0,32731.0,104169.0,8819.0,24865.0,6675.0,2400.0,2000.0,0.0,0.0,0.0,0.0,0.0,26143.0,0.0,92270.0,19926.0,77026.0,0.0,1325612.0,0.0,0.0,0.0,0.0,181350.0,0.0,106465.0,0.0,0.0,2021_09,total-animal-affected
485,0.0,0.0,0.0,0.0,1.0,0.0,0.0,0.0,0.0,0.0,0.0,0.0,0.0,0.0,0.0,0.0,0.0,0.0,0.0,0.0,0.0,0.0,0.0,0.0,0.0,0.0,0.0,0.0,0.0,0.0,0.0,0.0,0.0,0.0,0.0,2021_09,total-animal-washed-away
486,214904.0,377710.0,240459.0,393378.0,267778.0,527427.0,318730.0,266928.0,195025.0,318555.0,311523.0,172096.0,272707.0,275841.0,103131.0,30119.0,416101.0,256161.0,165784.0,185414.0,105445.0,408132.0,327221.0,233278.0,132203.0,231859.0,185739.0,108235.0,150938.0,214866.0,202538.0,52339.0,39239.0,77895.0,112690.0,2021_09,total-hhd
487,0.0,0.0,0.0,0.0,0.0,0.0,0.0,0.0,0.0,0.0,0.0,0.0,0.0,0.0,0.0,0.0,0.0,0.0,0.0,0.0,0.0,1.0,0.0,0.0,0.0,0.0,0.0,0.0,0.0,0.0,0.0,0.0,0.0,0.0,0.0,2021_09,total-house-fully-damaged
488,30376839.81,0.0,0.0,0.0,0.0,0.0,0.0,0.0,0.0,0.0,68690633.94,0.0,0.0,0.0,0.0,0.0,0.0,0.0,0.0,0.0,0.0,0.0,13499158.48,0.0,0.0,12496117.49,0.0,0.0,19851602.0,0.0,0.0,0.0,59011791.81,0.0,35037970.0,2021_09,total-tender-awarded-value
489,43.98932267010756,5.144386888079183,24.18246369319196,2.0719326398805653,8.909372340284827,14.523458971432348,17.38480479972998,12.428285713267991,18.7238999923748,44.911270270226375,28.07006483630923,22.568294310271757,22.547394124288424,21.538219052939983,86.04086283868104,92.70805107896902,61.19674549088654,38.80036940166334,44.10043312221657,15.167158079097293,23.306941588540017,23.185619567722657,38.00611230326868,11.406913612118768,26.06572918305741,8.030025208883123,13.578760237089556,41.299449603990205,14.342280130815992,27.692108982330566,2.244012825278056,83.399830651071,3.6292408407182446,12.098505319917756,16.553468863374015,2021_09,trees
490,3,2,3,3,5,3,4,4,3,4,4,3,2,3,1,1,3,1,1,3,3,2,1,1,3,4,4,3,5,5,2,4,5,1,3,2021_09,vulnerability
491,2.654609351131904,9.630615276980134,6.643371280888395,20.94700148067192,11.80517407001968,5.84257517619834,8.7179659794783,5.973464137033906,3.387978930774807,4.00323160437465,6.859472077404234,2.861969389866096,1.4277478020110324,5.813265011130777,0.2681404095004063,0.5863044645090593,2.55288342933694,3.595196766302481,2.588808318998985,8.973122290459699,2.1210760126364976,5.18899783845898,6.29117971013233,6.026903398218472,1.3210913159798612,8.861808395697839,1.1571216590836426,1.2059520770946432,5.26686010187354,1.4860229404979866,20.30063594844775,0.675239009529183,13.529855142846449,2.9134399107229245,2.583854204629774,2021_09,water
492,9.0,7.5,8.9,8.0,7.2,9.8,9.8,8.3,7.0,8.6,10.2,10.4,10.3,8.8,7.2,8.1,9.8,9.8,9.5,9.1,8.2,10.1,12.1,10.5,9.0,9.2,8.3,8.6,8.9,8.0,6.7,5.8,9.4,7.0,11.6,2021_10,avg-electricity
493,2.2,2.6,2.0,2.0,2.4,2.0,2.2,2.4,2.0,2.0,2.0,2.2,2.2,2.3,2.0,2.5,2.2,2.4,2.0,2.2,2.2,2.4,2.5,2.1,2.3,2.0,2.2,2.0,2.3,2.3,2.0,2.0,2.5,2.3,2.2,2021_10,avg-tele
494,0.868580242765881,7.850894623892732,5.512517918478251,11.862959883193469,7.597584755054908,1.1634119150636952,10.396058518692072,3.3157292183085354,5.150400593255751,5.562767456104703,11.548535488717718,1.118844042545363,0.4852425834744918,5.611770225834522,0.0039335520292327,0.0135588328169281,0.0454022335456661,0.0012143773889144,0.0210413681225184,5.008542394133784,2.674081321702636,2.4320641301167454,0.636118344050566,1.3434249807219036,0.8976191104094247,8.226348189672269,0.7185833782322901,0.0014790785340733,5.9522381727563305,0.1134160558865175,17.62388530809625,0.0325845786673929,24.257732540047048,0.1061903765441955,1.353986992614652,2021_10,bare-ground
495,0.0,0.0,0.0,0.0,0.0,0.0,0.0,0.0,0.0,0.0,0.0,0.0,0.0,0.0,0.0,0.0,0.0,0.0,0.0,0.0,0.0,0.0,0.0,0.0,0.0,0.0,0.0,0.0,0.0,0.0,0.0,0.0,0.0,0.0,0.0,2021_10,bridge
496,12.044507636100588,19.712033647258004,17.88517689685316,22.60918436813678,15.239566152995582,18.79940070687596,13.86214908189695,16.3755366925974,13.761287559104836,11.68169278263021,12.199992717054732,16.3381694667156,19.7359978945898,17.651220410091742,4.002865217163113,1.5100434169302526,8.715899038846057,16.61126248690062,11.322822570273248,28.10424864461894,24.817448224733894,18.0798899031534,40.07690835892768,20.76511423183489,15.54006845169349,18.20232759882122,16.371363216369723,13.3167114082049,15.074560687615934,17.5682568427919,13.402473919303212,2.78956411810206,7.48018802062985,22.58072299127653,17.78814610464522,2021_10,built-area
497,,,,,,,,,,,,,,,,,,,,,,,,,,,,,,,,,,,,2021_10,children-camp
498,0.0,0.0,0.0,0.0,0.0,0.0,0.0,0.0,0.0,0.0,0.0,0.0,0.0,0.0,0.0,0.0,0.0,0.0,0.0,0.0,0.0,0.0,0.0,0.0,0.0,0.0,0.0,0.0,0.0,0.0,0.0,0.0,0.0,0.0,0.0,2021_10,cidf-tenders-awarded-value
499,0.0,0.0,1.737844052391654e-05,0.0,4.256584350710181e-06,0.0,0.0,0.0,0.0,0.0,0.0,0.0,0.0,0.0,0.0,5.38038380932035e-06,0.0,0.0,0.0001941413602205,0.0,0.0,4.244643058839207e-06,0.0008892499344914,0.0,0.0,7.751888818182e-05,0.0,0.0,0.0,0.0,0.0,0.0,0.0,0.0,0.0,2021_10,clouds
500,,,,,,,,,,,,,,,,,,,,,,,,,,,,,,,,,,,,2021_10,count
501,0.0,0.0,0.0,0.0,0.0,0.0,0.0,0.0,0.0,0.0,0.0,0.0,0.0,0.0,0.0,0.0,0.0,0.0,0.0,0.0,0.0,0.0,0.0,0.0,0.0,0.0,0.0,0.0,0.0,0.0,0.0,0.0,0.0,0.0,0.0,2021_10,crop-area
502,34.35694085305036,51.65519640546251,42.02268465024946,36.16037160832635,53.34492041448938,54.48967950723607,43.05241294625703,59.44206798777107,54.26949899858874,24.881468055247147,36.31640286863132,52.169582560913646,52.668237904262696,41.12115965882656,7.361829060255534,1.0864373626678718,25.02176611891062,38.93843502580468,38.94892388657762,37.768873072406805,42.71712632701242,48.44260755929896,13.33446076633077,59.148520389867386,52.28503838315709,54.1443900277245,67.02497083381824,42.8185193189568,54.1566164520331,51.807735845295575,36.2774975884176,8.54834328662391,38.46045658793105,62.11184510032704,60.242035923079584,2021_10,crops
503,4296.624151156235,2231.5993331549903,3585.3069321814023,1247.6117514050093,2700.336576957554,3477.530108369159,1557.3606551140049,2711.0464141089856,2238.6415334905228,4159.102888381454,9491.630139883577,3889.6067327857527,7133.757644739053,3445.526862961011,8511.666927309077,4923.29748622475,3222.517655928944,4060.318063254274,4335.474967336042,1883.330083753236,975.2407923854796,4254.719948057848,3333.953706616405,1829.807307358248,1576.5499878215094,1098.83444541599,1489.926404330648,4700.953196095703,4363.59388114963,5163.44360094801,880.805632910103,4989.53282327419,1292.455559234692,1123.7037030160088,1578.254039674223,2021_10,distance-from-river
504,KOKRAJHAR,DHUBRI,GOALPARA,BARPETA,MORIGAON,NAGAON,SONITPUR,LAKHIMPUR,DHEMAJI,TINSUKIA,DIBRUGARH,SIVASAGAR,JORHAT,GOLAGHAT,KARBI ANGLONG,DIMA HASAO,CACHAR,KARIMGANJ,HAILAKANDI,BONGAIGAON,CHIRANG,KAMRUP,KAMRUP METRO,NALBARI,BAKSA,DARRANG,UDALGURI,CHARAIDEO,BISWANATH,HOJAI,SOUTH SALMARA MANCACHAR,WEST KARBI ANGLONG,MAJULI,BAJALI,TAMULPUR,2021_10,district
505,0.0005623749999999,0.0006515714285714,0.0005706,0.0006465,0.0005976,0.0005747142857142,0.000571,0.0006111428571428,0.0005535,0.00057375,0.0006251428571428,0.0006055,0.0006035999999999,0.0005855,0.00041,0.00031275,0.0004408,0.0005329999999999,0.0005025,0.0005798,0.000528,0.0005858461538461,0.00044875,0.000670625,0.0005907142857142,0.0006724,0.0006286666666666,0.000603,0.0006126666666666,0.00058,0.000585,0.000439,0.0006255,0.0006813333333333,0.0006636,2021_10,drainage-density
506,,,,,,,,,,,,,,,,,,,,,,,,,,,,,,,,,,,,2021_10,dtcode11
507,,,,,,,,,,,,,,,,,,,,,,,,,,,,,,,,,,,,2021_10,dtname
508,0.89244575,0.9277878571428572,0.8636886,0.8736663333333333,0.800827,0.8780387142857143,0.83290375,0.8280547142857143,0.8651581666666667,0.81588525,0.8360355714285715,0.880761,0.9323276,0.8770435,0.9603543333333334,1.0,0.8673714,0.9623464,0.94848225,0.8859791999999999,0.8912708,0.9523873076923076,1.0,0.962125625,0.853616,0.8623016,0.8242077777777778,0.8789193333333333,0.8203713333333335,0.7818350000000001,0.914733,0.803344,0.951437,0.9768436666666668,0.8785076,2021_10,efficiency
509,63.0,33.0,49.0,40.0,63.0,72.0,86.0,96.0,141.0,142.0,113.0,99.0,105.0,97.0,347.0,607.0,155.0,36.0,47.0,54.0,84.0,82.0,114.0,49.0,70.0,59.0,91.0,112.0,86.0,125.0,26.0,483.0,85.0,47.0,71.0,2021_10,elevation-mean
510,0.0,0.0,0.0,0.0,0.0,0.0,0.0,0.0,0.0,0.0,0.0,0.0,0.0,0.0,0.0,0.0,0.0,0.0,0.0,0.0,0.0,0.0,0.0,0.0,0.0,0.0,0.0,0.0,0.0,0.0,0.0,0.0,0.0,0.0,0.0,2021_10,embankment-breached
511,0.0,0.0,0.0,0.0,0.0,0.0,0.0,0.0,0.0,0.0,0.0,0.0,0.0,0.0,0.0,0.0,0.0,0.0,0.0,0.0,0.0,0.0,0.0,0.0,0.0,0.0,0.0,0.0,0.0,0.0,0.0,0.0,0.0,0.0,0.0,2021_10,embankments-affected
512,1,2,2,3,2,4,5,1,1,5,2,2,2,2,2,1,5,3,2,1,1,1,4,1,1,3,1,1,2,5,4,3,1,1,1,2021_10,exposure
513,,,,,,,,,,,,,,,,,,,,,,,,,,,,,,,,,,,,2021_10,female-camp
514,2021-2022,2021-2022,2021-2022,2021-2022,2021-2022,2021-2022,2021-2022,2021-2022,2021-2022,2021-2022,2021-2022,2021-2022,2021-2022,2021-2022,2021-2022,2021-2022,2021-2022,2021-2022,2021-2022,2021-2022,2021-2022,2021-2022,2021-2022,2021-2022,2021-2022,2021-2022,2021-2022,2021-2022,2021-2022,2021-2022,2021-2022,2021-2022,2021-2022,2021-2022,2021-2022,2021_10,financial-year
515,5,5,3,2,1,1,2,2,2,1,1,1,1,2,1,1,2,3,3,4,4,2,1,1,1,3,2,1,2,1,5,3,1,1,1,2021_10,flood-hazard
516,,,,,,,,,,,,,,,,,,,,,,,,,,,,,,,,,,,,2021_10,flood-hazard-float
517,0.5304142629862878,0.0107662317913023,0.1933642407648085,0.0806194846364986,0.4188956560950299,1.4834535536275912,0.0858220630151136,0.158613856428508,0.2593962204787826,0.5796031213342887,0.2869224097919429,1.0514967764224237,1.214703590199248,0.3884901993439709,0.000964348705565,0.0027422022814836,0.1484475040399481,0.4607070227993902,0.6185071663823104,0.0592169823888001,0.011608077211315,0.0524379892802181,0.2153373818964564,0.1024063567301933,1.2746094421410486e-05,0.0119458228402453,0.0,0.0230161588118496,0.322551646896779,0.009537208651381,0.0029990918833667,0.0206582634240563,0.0726146217210788,0.0006026865144437,0.0,2021_10,flooded-vegetation
518,5,5,4,5,5,5,5,5,5,5,4,5,5,5,5,5,5,5,5,5,5,5,4,5,5,5,5,5,5,5,5,5,3,5,5,2021_10,government-response
519,163,151,154,205,116,277,158,124,73,119,169,143,106,153,30,4,176,96,87,88,68,282,52,142,109,129,15,82,100,91,69,25,32,70,67,2021_10,health-centres-count
520,0,0,0,0,0,0,0,0,0,0,0,0,0,0,0,0,0,0,0,0,0,0,0,0,0,0,0,0,0,0,0,0,1,0,0,2021_10,human-live-lost
521,,,,,,,,,,,,,,,,,,,,,,,,,,,,,,,,,,,,2021_10,human-live-lost-children
522,,,,,,,,,,,,,,,,,,,,,,,,,,,,,,,,,,,,2021_10,human-live-lost-female
523,,,,,,,,,,,,,,,,,,,,,,,,,,,,,,,,,,,,2021_10,human-live-lost-male
524,0.0,0.0,0.0,0.0,0.0,0.0,6749989.68,0.0,44907486.84,0.0,305506917.69,0.0,0.0,0.0,0.0,0.0,0.0,0.0,0.0,0.0,0.0,0.0,0.0,0.0,0.0,0.0,0.0,0.0,0.0,0.0,0.0,0.0,22498407.94,0.0,0.0,2021_10,immediate-measures-tenders-awarded-value
525,0.0,0.0,0.0,0.0,0.0,0.0,0.0,0.0,0.0,0.0,0.0,0.0,0.0,0.0,0.0,0.0,0.0,0.0,0.0,0.0,0.0,0.0,0.0,0.0,0.0,0.0,0.0,0.0,0.0,0.0,0.0,0.0,0.0,0.0,0.0,2021_10,inundation-intensity-mean
526,0.0,0.0,0.0,0.0,0.0,0.0,0.0,0.0,0.0,0.0,0.0,0.0,0.0,0.0,0.0,0.0,0.0,0.0,0.0,0.0,0.0,0.0,0.0,0.0,0.0,0.0,0.0,0.0,0.0,0.0,0.0,0.0,0.0,0.0,0.0,2021_10,inundation-intensity-mean-nonzero
527,0.0,0.0,0.0,0.0,0.0,0.0,0.0,0.0,0.0,0.0,0.0,0.0,0.0,0.0,0.0,0.0,0.0,0.0,0.0,0.0,0.0,0.0,0.0,0.0,0.0,0.0,0.0,0.0,0.0,0.0,0.0,0.0,0.0,0.0,0.0,2021_10,inundation-intensity-sum
528,0.0,0.0,0.0,0.0,0.0,0.0,0.0,0.0,0.0,0.0,0.0,0.0,0.0,0.0,0.0,0.0,0.0,0.0,0.0,0.0,0.0,0.0,0.0,0.0,0.0,0.0,0.0,0.0,0.0,0.0,0.0,0.0,0.0,0.0,0.0,2021_10,inundation-pct
529,0.0,0.0,0.0,0.0,0.0,0.0,0.0,0.0,0.0,0.0,0.0,0.0,0.0,0.0,0.0,0.0,0.0,0.0,0.0,0.0,0.0,0.0,0.0,0.0,0.0,0.0,0.0,0.0,0.0,0.0,0.0,0.0,0.0,0.0,0.0,2021_10,ltif-tenders-awarded-value
530,,,,,,,,,,,,,,,,,,,,,,,,,,,,,,,,,,,,2021_10,male-camp
531,0.53,0.53,0.39,0.28,0.24,0.24,0.23,0.27,0.17,0.24,0.17,0.13,0.14,0.17,0.2,0.28,0.27,0.33,0.26,0.33,0.51,0.26,0.22,0.13,0.1,0.17,0.23,0.09,0.17,0.17,0.5,0.33,0.14,0.1,0.13,2021_10,max-rain
532,79.02868494142712,101.80280753365652,92.94383900653578,105.59323892727156,101.52151689605476,82.80184981421402,96.12358569934148,83.9078683433952,82.58482453454118,85.28440626816572,92.33941954273553,80.5484411209615,79.26767921681454,87.0143854317649,73.9235270160713,74.45407242468538,76.22171823123378,78.77654329987095,76.5297175055914,92.844134833946,78.73454361714819,88.47737641290556,90.33791694141864,81.3350244170581,77.2968865972734,93.73693822422564,78.06937273928872,76.99096084367254,87.73877652848734,76.69919006241047,135.19869279538494,74.5890767941101,111.4923918776678,77.2774448783579,78.49346327750206,2021_10,mean-cn
533,-0.2153475808166558,-0.176725087683832,-0.245887350799156,-0.2512314550888244,-0.1362987581534181,-0.2226368819476908,-0.2218387317559095,-0.1835116024213972,-0.1787351185733078,-0.2050542407401988,-0.2565918326690012,-0.2279426387595119,-0.2350510566356176,-0.2124563548304092,-0.2387411071027516,-0.2445817442300056,-0.2265992229539958,-0.2267205792565541,-0.2205914340512951,-0.1714773763022755,-0.1665194535845407,-0.1050940769225998,-0.0576137873233851,-0.0195971789841075,-0.0859582195041675,-0.0018138904385024,0.0016869647438197,-0.236686958148482,-0.2001891721428871,-0.2162539993061744,-0.3176960211922908,-0.2214568221867825,-0.2879682361547805,-0.0619309508484942,-0.0335912491321565,2021_10,mean-ndbi
534,0.7450503687941074,0.4816549163269887,0.4453186662432374,0.2087944230658479,0.4336216004207386,0.6501328512744692,0.5005382147978886,0.5889168482246124,0.6033921337494378,0.6679206493744265,0.5417900887631829,0.6254402952100601,0.6838118170035956,0.586589283430558,0.6959849848795386,0.7083364891847017,0.6835939506113652,0.660487059320871,0.5996339760752808,0.5010304226634432,0.6873984476459112,0.3508428221883604,0.4228607560038061,0.3446346045127279,0.5277928847317616,0.2992239574707981,0.4442599165789406,0.6771787308848589,0.5956831554363387,0.6386619499575691,0.2785335653821642,0.7067002490703764,0.331103385001844,0.4334833196473528,0.4203430910067581,2021_10,mean-ndvi
535,0.36,0.43,0.24,0.12,0.09,0.12,0.15,0.13,0.14,0.11,0.09,0.09,0.08,0.14,0.13,0.17,0.24,0.28,0.24,0.31,0.31,0.12,0.16,0.07,0.07,0.13,0.13,0.08,0.14,0.11,0.41,0.22,0.09,0.06,0.09,2021_10,mean-rain
536,0.94,0.94,0.94,0.94,0.95,0.94,0.93,0.94,0.93,0.93,0.94,0.93,0.94,0.94,0.92,0.91,0.94,0.94,0.93,0.95,0.94,0.93,0.91,0.93,0.95,0.93,0.94,0.93,0.93,0.94,0.94,0.93,0.94,0.94,0.95,2021_10,mean-sex-ratio
537,78683.46309,83470.903,78088.12,79714.84605,75490.3523,87424.202,71470.137,90513.46103,104651.240916,68512.0013,81437.447,43095.76595,54183.314,128914.321604,35388.58,27888.17,66721.37,42827.17595,35287.21,42395.395,27850.66,74001.84561,6039.38,44021.984,58167.37587,76196.45569999999,93034.31635285716,23849.9,71288.401,78621.26999999999,17419.61,48488.349,16642.66,23559.76,71015.57777333334,2021_10,net-sown-area-in-hac
538,0.0,0.0,0.0,0.0,0.0,0.0,0.0,0.0,0.0,0.0,0.0,0.0,0.0,0.0,0.0,0.0,0.0,0.0,0.0,0.0,0.0,0.0,0.0,17842722.79,0.0,0.0,0.0,0.0,0.0,0.0,0.0,0.0,0.0,0.0,0.0,2021_10,others-tenders-awarded-value
539,0.0,0.0,0.0,0.0,0.0,0.0,0.0,0.0,0.0,0.0,0.0,0.0,0.0,0.0,0.0,0.0,0.0,0.0,0.0,0.0,0.0,0.0,0.0,0.0,0.0,0.0,0.0,0.0,0.0,0.0,0.0,0.0,0.0,0.0,0.0,2021_10,population-affected-total
540,62.0,342.0,34.0,5.0,10.0,45.0,35.0,38.0,77.0,43.0,49.0,27.0,41.0,43.0,32.0,146.0,46.0,45.0,28.0,81.0,8.0,45.0,80.0,11.0,0.0,0.0,24.0,24.0,19.0,30.0,0.0,0.0,0.0,9.0,6.0,2021_10,rail-count
541,145613.0,139561.0,78425.0,17621.0,30884.0,174517.0,138494.0,108334.0,121454.0,119685.0,123774.0,73292.0,86126.0,117155.0,73424.0,172636.0,103488.0,117739.0,90281.0,82273.0,24548.0,109026.0,89510.0,30164.0,0.0,0.0,66114.0,80492.0,74271.0,75327.0,0.0,0.0,0.0,28139.0,18201.0,2021_10,rail-length
542,5.555624983857404,5.996106926536052,3.560403941133399,6.267930535154481,2.684482354476203,3.698020169566056,6.500786610930343,2.3063023945926067,4.447537705422305,8.37996671008257,4.7186096020908455,3.891643453265035,1.9206761011743596,7.875875441832467,2.32140457366514,4.092857261441682,2.318856184434248,1.5928149191405208,2.3992694260685314,4.918838536894644,4.351718448163259,2.6183787673260506,1.4389938854588624,1.2067170305083057,3.89044080960832,2.52307723747256,1.1492006754066422,1.334872354407603,4.884892808008314,1.3229221245459817,10.14849531857374,4.53378009258239,12.56991224610625,0.1886936146970008,1.478507911656724,2021_10,rangeland
543,3131,1557,1979,1848,1512,2564,3445,2998,2483,3810,3379,1567,1865,3523,7337,4884,3783,1839,1329,1088,1926,3283,834,1036,1526,1611,1987,1073,1783,1456,684,3073,970,470,877,2021_10,rc-area
544,22.9,25.01,25.42,15.04,15.81,23.51,13.19,16.32,20.87,24.89,12.8,8.96,12.07,15.06,23.47,23.25,15.87,14.25,19.26,12.86,25.35,9.48,11.61,21.25,15.46,13.0,15.96,19.71,28.46,27.66,28.09,28.84,17.28,9.75,12.15,2021_10,rc-nosanitation-hhds-pct
545,2.85,1.19,3.55,2.25,3.35,4.98,6.04,2.83,2.26,3.42,4.19,6.81,14.25,7.18,1.95,6.36,8.53,5.57,4.01,2.04,1.03,3.32,11.46,9.66,2.8,5.1,3.07,3.8,4.2,5.27,3.57,0.24,4.95,6.03,5.78,2021_10,rc-piped-hhds-pct
546,,,,,,,,,,,,,,,,,,,,,,,,,,,,,,,,,,,,2021_10,relief-camp-inmates
547,0.0,0.0,0.0,0.0,0.0,0.0,0.0,0.0,0.0,0.0,0.0,0.0,0.0,0.0,0.0,0.0,0.0,0.0,0.0,0.0,0.0,0.0,0.0,17842722.79,0.0,0.0,0.0,0.0,0.0,0.0,0.0,0.0,0.0,0.0,0.0,2021_10,restoration-measures-tenders-awarded-value
548,,,,,,,,,,,,,,,,,,,,,,,,,,,,,,,,,,,,2021_10,revenue-ci
549,0.0,0.0,0.0,0.0,0.0,0.0,0.0,0.0,0.0,0.0,0.0,0.0,0.0,0.0,0.0,0.0,0.0,0.0,0.0,0.0,0.0,0.0,0.0,0.0,0.0,0.0,0.0,0.0,0.0,0.0,0.0,0.0,0.0,0.0,0.0,2021_10,ridf-tenders-awarded-value
550,5,5,4,3,1,2,3,2,2,2,1,1,1,2,1,1,3,3,3,4,4,2,1,1,1,3,3,1,3,2,5,3,1,1,2,2021_10,risk-score
551,41.77,33.08,45.99,45.16,5040.0,56.9,77.1,94.76,0.0,132.99,124.24,95.65,85.15,129.69,0.0,131.54,22.58,18.68,25.28,51.97,53.17,50.7,51.11,50.93,0.0,0.0,0.0,99.3,0.0,0.0,0.0,753.48,0.0,0.0,162.57,2021_10,riverlevel-max
552,5.109576612903226,12.373317012288783,15.596190188172042,7.264751344086021,21.578239569313595,7.9551804915514595,34.658908890865675,37.9570547128648,0.0,64.13723792525678,30.82372262400895,69.01674576865295,16.67346630727763,45.26897788939092,0.0,32.81973790322581,15.32188508064516,11.23124193548387,12.39686827956989,9.72441129032258,10.599349462365591,7.639117038875104,23.827605846774198,6.349915994623656,0.0,0.0,0.0,32.87309523809524,0.0,0.0,0.0,410.4479878869448,0.0,0.0,45.34580779569893,2021_10,riverlevel-mean
553,0.0,0.0,0.0,0.0,0.0,0.0,0.0,0.0,0.0,0.0,0.0,0.0,0.0,0.0,0.0,0.0,8.76,0.0,0.0,0.0,0.0,0.0,0.0,0.0,0.0,0.0,0.0,0.0,0.0,0.0,0.0,66.4,0.0,0.0,0.0,2021_10,riverlevel-min
554,858892.0,705770.0,1011509.0,725891.0,634621.0,1331470.0,745620.0,804067.0,578686.0,1211943.0,1453600.0,700651.0,736030.0,1389863.0,752361.0,843185.0,988230.0,615579.0,483931.0,654117.0,547046.0,1589070.0,746938.0,450865.0,429399.0,767150.0,650574.0,485197.0,574075.0,560100.0,78936.0,457481.0,54196.0,461489.0,294016.0,2021_10,road-length
555,0.0,0.0,0.0,0.0,0.0,0.0,0.0,0.0,0.0,0.0,0.0,0.0,0.0,0.0,0.0,0.0,0.0,0.0,0.0,0.0,0.0,0.0,0.0,0.0,0.0,0.0,0.0,0.0,0.0,0.0,0.0,0.0,0.0,0.0,0.0,2021_10,roads
556,2788,3147,2578,2904,1994,3284,2025,3519,2301,1950,2431,1838,2072,2507,1757,1063,3322,3188,3016,1463,1336,3463,1151,1817,1497,1858,1795,1007,1291,1320,1381,925,805,813,995,2021_10,schools-count
557,0.0,0.0,0.0,0.0,0.0,0.0,0.0,0.0,0.0,0.0,0.0,0.0,0.0,0.0,0.0,0.0,0.0,0.0,0.0,0.0,0.0,0.0,0.0,0.0,0.0,0.0,0.0,0.0,0.0,0.0,0.0,0.0,0.0,0.0,0.0,2021_10,sdrf-sanctions-awarded-value
558,0.0,0.0,0.0,0.0,0.0,0.0,6749989.68,0.0,44907486.84,0.0,139585405.27,0.0,0.0,0.0,0.0,0.0,0.0,0.0,0.0,0.0,0.0,0.0,0.0,0.0,0.0,0.0,0.0,0.0,0.0,0.0,0.0,0.0,22498407.94,0.0,0.0,2021_10,sdrf-tenders-awarded-value
559,84.0,81.0,84.0,78.0,81.0,86.0,82.0,84.0,84.0,83.0,79.0,85.0,85.0,84.0,89.0,90.0,88.0,86.0,87.0,84.0,85.0,83.0,85.0,83.0,85.0,82.0,85.0,84.0,83.0,88.0,75.0,89.0,78.0,85.0,85.0,2021_10,slope-mean
560,0.0,0.0,0.0,0.0,0.0,0.0,0.0,0.0,0.0,0.0,0.0,0.0,0.0,0.0,0.0,0.0,0.0,0.0,0.0,0.0,0.0,0.0,0.0,17842722.79,0.0,0.0,0.0,0.0,0.0,0.0,0.0,0.0,0.0,0.0,0.0,2021_10,sopd-tenders-awarded-value
561,56008.0,40765.0,44786.0,65408.0,40566.0,93735.0,65693.0,56287.0,31350.0,75587.0,63360.0,42377.0,49025.0,68332.0,33994.0,10403.0,103558.0,80707.0,27240.0,33348.0,30767.0,70977.0,50815.0,40712.0,25467.0,52397.0,37778.0,16076.0,30541.0,44658.0,23250.0,22980.0,7069.0,11822.0,20546.0,2021_10,sum-aged-population
562,1281881.0,1359043.0,1060533.0,1572628.0,1120104.0,2319902.0,1446186.0,1148639.0,694961.0,1391101.0,1487017.0,778295.0,997472.0,1291200.0,695437.0,284484.0,2087230.0,1374000.0,757942.0,796774.0,606535.0,1618630.0,1343547.0,959339.0,713721.0,1140900.0,870281.0,495616.0,658525.0,1101898.0,530164.0,359966.0,167349.0,318207.0,500585.0,2021_10,sum-population
563,1149.32,587.26,481.72,205.1,126.03,287.71,485.81,357.16,316.33,364.64,276.41,128.31,144.55,452.54,829.86,746.63,820.01,443.56,278.37,300.61,581.19,384.99,119.92,69.6,100.7,193.01,253.03,80.2,233.85,138.88,251.2,605.13,77.75,25.06,77.84,2021_10,sum-rain
564,121651.0,106666.0,109635.0,137134.0,88492.0,187668.0,118737.0,106671.0,63338.0,139787.0,99072.0,58515.0,58475.0,106776.0,83027.0,25510.0,184741.0,163480.0,60524.0,68143.0,62610.0,107785.0,64455.0,49652.0,38117.0,110746.0,68454.0,22419.0,54999.0,89876.0,58131.0,54305.0,8786.0,24007.0,31297.0,2021_10,sum-young-population
565,,,,,,,,,,,,,,,,,,,,,,,,,,,,,,,,,,,,2021_10,topsis-score
566,0.0,0.0,0.0,0.0,0.0,0.0,0.0,0.0,0.0,0.0,0.0,0.0,0.0,0.0,0.0,0.0,0.0,0.0,0.0,0.0,0.0,0.0,0.0,0.0,0.0,0.0,0.0,0.0,0.0,0.0,0.0,0.0,0.0,0.0,0.0,2021_10,total-animal-affected
567,0.0,0.0,0.0,0.0,0.0,0.0,0.0,0.0,0.0,0.0,0.0,0.0,0.0,0.0,0.0,0.0,0.0,0.0,0.0,0.0,0.0,0.0,0.0,0.0,0.0,0.0,0.0,0.0,0.0,0.0,0.0,0.0,0.0,0.0,0.0,2021_10,total-animal-washed-away
568,214904.0,377710.0,240459.0,393378.0,267778.0,527427.0,318730.0,266928.0,195025.0,318555.0,311523.0,172096.0,272707.0,275841.0,103131.0,30119.0,416101.0,256161.0,165784.0,185414.0,105445.0,408132.0,327221.0,233278.0,132203.0,231859.0,185739.0,108235.0,150938.0,214866.0,202538.0,52339.0,39239.0,77895.0,112690.0,2021_10,total-hhd
569,0.0,0.0,0.0,0.0,0.0,0.0,0.0,0.0,0.0,0.0,0.0,0.0,0.0,0.0,0.0,0.0,0.0,0.0,0.0,0.0,0.0,0.0,0.0,0.0,0.0,0.0,0.0,0.0,0.0,0.0,0.0,0.0,0.0,0.0,0.0,2021_10,total-house-fully-damaged
570,0.0,0.0,0.0,0.0,0.0,0.0,6749989.68,0.0,44907486.84,0.0,139585405.27,0.0,0.0,0.0,0.0,0.0,0.0,0.0,0.0,0.0,0.0,0.0,0.0,17842722.79,0.0,0.0,0.0,0.0,0.0,0.0,0.0,0.0,22498407.94,0.0,0.0,2021_10,total-tender-awarded-value
571,43.98932267010756,5.144386888079183,24.18246369319196,2.0719326398805653,8.909372340284825,14.523458971432348,17.38480479972998,12.428285713267991,18.7238999923748,44.911270270226375,28.07006483630923,22.568294310271757,22.547394124288424,21.538219052939983,86.04086283868104,92.70805107896902,61.19674549088654,38.80036940166334,44.10043312221657,15.167158079097288,23.306941588540017,23.185619567722657,38.00611230326868,11.406913612118768,26.06572918305741,8.030025208883123,13.578760237089556,41.299449603990205,14.342280130815992,27.69210898233057,2.244012825278056,83.399830651071,3.6292408407182446,12.098505319917756,16.553468863374015,2021_10,trees
572,3,2,3,3,5,3,4,4,3,4,4,3,2,3,1,1,3,1,1,3,3,2,1,1,3,3,4,3,4,5,2,4,1,1,3,2021_10,vulnerability
573,2.654609351131904,9.630615276980134,6.643371280888395,20.947001480671915,11.80517407001968,5.84257517619834,8.7179659794783,5.973464137033906,3.387978930774807,4.00323160437465,6.859472077404234,2.861969389866096,1.4277478020110324,5.813265011130777,0.2681404095004063,0.5863044645090593,2.55288342933694,3.595196766302481,2.588808318998985,8.973122290459699,2.1210760126364976,5.18899783845898,6.29117971013233,6.026903398218472,1.3210913159798612,8.861808395697839,1.1571216590836428,1.2059520770946432,5.26686010187354,1.4860229404979866,20.30063594844775,0.675239009529183,13.529855142846449,2.9134399107229245,2.583854204629774,2021_10,water
574,9.0,7.5,8.9,8.0,7.2,9.8,9.8,8.3,7.0,8.6,10.2,10.4,10.3,8.8,7.2,8.1,9.8,9.8,9.5,9.1,8.2,10.1,12.1,10.5,9.0,9.2,8.3,8.6,8.9,8.0,6.7,5.8,9.4,7.0,11.6,2021_11,avg-electricity
575,2.2,2.6,2.0,2.0,2.4,2.0,2.2,2.4,2.0,2.0,2.0,2.2,2.2,2.3,2.0,2.5,2.2,2.4,2.0,2.2,2.2,2.4,2.5,2.1,2.3,2.0,2.2,2.0,2.3,2.3,2.0,2.0,2.5,2.3,2.2,2021_11,avg-tele
576,0.868580242765881,7.850894623892732,5.512517918478251,11.862959883193469,7.597584755054908,1.1634119150636952,10.396058518692072,3.3157292183085354,5.150400593255752,5.562767456104703,11.548535488717716,1.118844042545363,0.4852425834744918,5.611770225834522,0.0039335520292327,0.0135588328169281,0.0454022335456661,0.0012143773889144,0.0210413681225184,5.008542394133784,2.674081321702636,2.4320641301167454,0.636118344050566,1.3434249807219034,0.8976191104094247,8.226348189672269,0.7185833782322901,0.0014790785340733,5.9522381727563305,0.1134160558865175,17.62388530809625,0.0325845786673929,24.257732540047048,0.1061903765441955,1.353986992614652,2021_11,bare-ground
577,0.0,0.0,0.0,0.0,0.0,0.0,0.0,0.0,0.0,0.0,0.0,0.0,0.0,0.0,0.0,0.0,0.0,0.0,0.0,0.0,0.0,0.0,0.0,0.0,0.0,0.0,0.0,0.0,0.0,0.0,0.0,0.0,0.0,0.0,0.0,2021_11,bridge
578,12.044507636100588,19.712033647258,17.88517689685316,22.60918436813678,15.239566152995582,18.79940070687596,13.86214908189695,16.3755366925974,13.761287559104836,11.68169278263021,12.199992717054732,16.3381694667156,19.7359978945898,17.651220410091742,4.002865217163113,1.5100434169302526,8.715899038846057,16.61126248690062,11.322822570273248,28.10424864461894,24.8174482247339,18.0798899031534,40.07690835892768,20.76511423183489,15.54006845169349,18.20232759882122,16.371363216369723,13.3167114082049,15.074560687615934,17.5682568427919,13.402473919303212,2.78956411810206,7.48018802062985,22.58072299127653,17.788146104645218,2021_11,built-area
579,,,,,,,,,,,,,,,,,,,,,,,,,,,,,,,,,,,,2021_11,children-camp
580,0.0,0.0,0.0,0.0,0.0,0.0,0.0,0.0,0.0,0.0,0.0,0.0,0.0,0.0,0.0,0.0,0.0,0.0,0.0,0.0,0.0,0.0,0.0,0.0,0.0,0.0,0.0,0.0,0.0,0.0,0.0,0.0,0.0,0.0,0.0,2021_11,cidf-tenders-awarded-value
581,0.0,0.0,1.737844052391654e-05,0.0,4.256584350710181e-06,0.0,0.0,0.0,0.0,0.0,0.0,0.0,0.0,0.0,0.0,5.38038380932035e-06,0.0,0.0,0.0001941413602205,0.0,0.0,4.244643058839207e-06,0.0008892499344914,0.0,0.0,7.751888818182e-05,0.0,0.0,0.0,0.0,0.0,0.0,0.0,0.0,0.0,2021_11,clouds
582,,,,,,,,,,,,,,,,,,,,,,,,,,,,,,,,,,,,2021_11,count
583,0.0,0.0,0.0,0.0,0.0,0.0,0.0,0.0,0.0,0.0,0.0,0.0,0.0,0.0,0.0,0.0,0.0,0.0,0.0,0.0,0.0,0.0,0.0,0.0,0.0,0.0,0.0,0.0,0.0,0.0,0.0,0.0,0.0,0.0,0.0,2021_11,crop-area
584,34.35694085305036,51.65519640546251,42.02268465024946,36.16037160832635,53.34492041448938,54.48967950723607,43.05241294625703,59.44206798777107,54.26949899858874,24.88146805524715,36.31640286863132,52.169582560913646,52.668237904262696,41.12115965882656,7.361829060255534,1.0864373626678718,25.02176611891062,38.93843502580468,38.94892388657762,37.768873072406805,42.71712632701242,48.44260755929896,13.33446076633077,59.148520389867386,52.28503838315709,54.1443900277245,67.02497083381824,42.8185193189568,54.1566164520331,51.807735845295575,36.2774975884176,8.54834328662391,38.46045658793105,62.11184510032704,60.242035923079584,2021_11,crops
585,4296.624151156235,2231.5993331549903,3585.3069321814023,1247.6117514050093,2700.336576957554,3477.530108369159,1557.3606551140049,2711.0464141089856,2238.6415334905228,4159.102888381454,9491.630139883577,3889.6067327857527,7133.757644739053,3445.5268629610114,8511.666927309076,4923.29748622475,3222.517655928944,4060.318063254274,4335.474967336042,1883.330083753236,975.2407923854796,4254.719948057848,3333.953706616405,1829.807307358248,1576.5499878215094,1098.83444541599,1489.926404330648,4700.953196095703,4363.59388114963,5163.44360094801,880.805632910103,4989.53282327419,1292.455559234692,1123.7037030160088,1578.254039674223,2021_11,distance-from-river
586,KOKRAJHAR,DHUBRI,GOALPARA,BARPETA,MORIGAON,NAGAON,SONITPUR,LAKHIMPUR,DHEMAJI,TINSUKIA,DIBRUGARH,SIVASAGAR,JORHAT,GOLAGHAT,KARBI ANGLONG,DIMA HASAO,CACHAR,KARIMGANJ,HAILAKANDI,BONGAIGAON,CHIRANG,KAMRUP,KAMRUP METRO,NALBARI,BAKSA,DARRANG,UDALGURI,CHARAIDEO,BISWANATH,HOJAI,SOUTH SALMARA MANCACHAR,WEST KARBI ANGLONG,MAJULI,BAJALI,TAMULPUR,2021_11,district
587,0.0005623749999999,0.0006515714285714,0.0005706,0.0006465,0.0005976,0.0005747142857142,0.000571,0.0006111428571428,0.0005535,0.00057375,0.0006251428571428,0.0006055,0.0006035999999999,0.0005855,0.00041,0.00031275,0.0004408,0.0005329999999999,0.0005025,0.0005798,0.000528,0.0005858461538461,0.00044875,0.000670625,0.0005907142857142,0.0006724,0.0006286666666666,0.000603,0.0006126666666666,0.00058,0.000585,0.000439,0.0006255,0.0006813333333333,0.0006636,2021_11,drainage-density
588,,,,,,,,,,,,,,,,,,,,,,,,,,,,,,,,,,,,2021_11,dtcode11
589,,,,,,,,,,,,,,,,,,,,,,,,,,,,,,,,,,,,2021_11,dtname
590,0.89244575,0.9277878571428572,0.8636886,0.8736663333333333,0.800827,0.8780387142857143,0.83290375,0.8280547142857143,0.8651581666666667,0.81588525,0.8360355714285715,0.880761,0.9323276,0.8770435,0.9603543333333334,1.0,0.8673714,0.9623464,0.94848225,0.8859791999999999,0.8912708,0.9523873076923076,1.0,0.962125625,0.853616,0.8623016,0.8242077777777778,0.8789193333333333,0.8203713333333335,0.7818350000000001,0.914733,0.803344,0.951437,0.9768436666666668,0.8785076,2021_11,efficiency
591,63.0,33.0,49.0,40.0,63.0,72.0,86.0,96.0,141.0,142.0,113.0,99.0,105.0,97.0,347.0,607.0,155.0,36.0,47.0,54.0,84.0,82.0,114.0,49.0,70.0,59.0,91.0,112.0,86.0,125.0,26.0,483.0,85.0,47.0,71.0,2021_11,elevation-mean
592,0.0,0.0,0.0,0.0,0.0,0.0,0.0,0.0,0.0,0.0,0.0,0.0,0.0,0.0,0.0,0.0,0.0,0.0,0.0,0.0,0.0,0.0,0.0,0.0,0.0,0.0,0.0,0.0,0.0,0.0,0.0,0.0,0.0,0.0,0.0,2021_11,embankment-breached
593,0.0,0.0,0.0,0.0,0.0,0.0,0.0,0.0,0.0,0.0,0.0,0.0,0.0,0.0,0.0,0.0,0.0,0.0,0.0,0.0,0.0,0.0,0.0,0.0,0.0,0.0,0.0,0.0,0.0,0.0,0.0,0.0,0.0,0.0,0.0,2021_11,embankments-affected
594,1,2,2,3,2,4,5,1,1,5,2,2,2,2,2,1,5,3,2,1,1,1,4,1,1,3,1,1,2,5,4,3,1,1,1,2021_11,exposure
595,,,,,,,,,,,,,,,,,,,,,,,,,,,,,,,,,,,,2021_11,female-camp
596,2021-2022,2021-2022,2021-2022,2021-2022,2021-2022,2021-2022,2021-2022,2021-2022,2021-2022,2021-2022,2021-2022,2021-2022,2021-2022,2021-2022,2021-2022,2021-2022,2021-2022,2021-2022,2021-2022,2021-2022,2021-2022,2021-2022,2021-2022,2021-2022,2021-2022,2021-2022,2021-2022,2021-2022,2021-2022,2021-2022,2021-2022,2021-2022,2021-2022,2021-2022,2021-2022,2021_11,financial-year
597,1,2,1,2,1,2,3,5,4,4,4,4,4,4,2,1,1,1,1,2,1,1,1,2,1,2,2,3,5,1,1,1,5,2,2,2021_11,flood-hazard
598,,,,,,,,,,,,,,,,,,,,,,,,,,,,,,,,,,,,2021_11,flood-hazard-float
599,0.5304142629862878,0.0107662317913023,0.1933642407648085,0.0806194846364986,0.4188956560950299,1.4834535536275912,0.0858220630151136,0.158613856428508,0.2593962204787826,0.5796031213342887,0.2869224097919429,1.0514967764224237,1.214703590199248,0.3884901993439709,0.000964348705565,0.0027422022814836,0.1484475040399481,0.4607070227993903,0.6185071663823105,0.0592169823888001,0.011608077211315,0.0524379892802181,0.2153373818964564,0.1024063567301933,1.2746094421410486e-05,0.0119458228402453,0.0,0.0230161588118496,0.322551646896779,0.009537208651381,0.0029990918833667,0.0206582634240563,0.0726146217210788,0.0006026865144437,0.0,2021_11,flooded-vegetation
600,5,5,4,5,5,5,5,5,5,5,4,5,5,5,5,5,5,5,5,5,5,5,4,5,5,5,5,5,5,5,5,5,3,5,5,2021_11,government-response
601,163,151,154,205,116,277,158,124,73,119,169,143,106,153,30,4,176,96,87,88,68,282,52,142,109,129,15,82,100,91,69,25,32,70,67,2021_11,health-centres-count
602,0,0,0,0,0,0,0,0,0,0,0,0,0,0,0,0,0,0,0,0,0,0,0,0,0,0,0,0,0,0,0,0,0,0,0,2021_11,human-live-lost
603,,,,,,,,,,,,,,,,,,,,,,,,,,,,,,,,,,,,2021_11,human-live-lost-children
604,,,,,,,,,,,,,,,,,,,,,,,,,,,,,,,,,,,,2021_11,human-live-lost-female
605,,,,,,,,,,,,,,,,,,,,,,,,,,,,,,,,,,,,2021_11,human-live-lost-male
606,0.0,0.0,0.0,0.0,0.0,18945817.49,0.0,0.0,0.0,0.0,62996404.13,0.0,0.0,0.0,0.0,0.0,0.0,0.0,0.0,0.0,0.0,0.0,0.0,0.0,0.0,0.0,0.0,0.0,0.0,0.0,0.0,0.0,0.0,0.0,0.0,2021_11,immediate-measures-tenders-awarded-value
607,0.0,0.0,0.0,0.0,0.0,0.0,0.0,0.0,0.0,0.0,0.0,0.0,0.0,0.0,0.0,0.0,0.0,0.0,0.0,0.0,0.0,0.0,0.0,0.0,0.0,0.0,0.0,0.0,0.0,0.0,0.0,0.0,0.0,0.0,0.0,2021_11,inundation-intensity-mean
608,0.0,0.0,0.0,0.0,0.0,0.0,0.0,0.0,0.0,0.0,0.0,0.0,0.0,0.0,0.0,0.0,0.0,0.0,0.0,0.0,0.0,0.0,0.0,0.0,0.0,0.0,0.0,0.0,0.0,0.0,0.0,0.0,0.0,0.0,0.0,2021_11,inundation-intensity-mean-nonzero
609,0.0,0.0,0.0,0.0,0.0,0.0,0.0,0.0,0.0,0.0,0.0,0.0,0.0,0.0,0.0,0.0,0.0,0.0,0.0,0.0,0.0,0.0,0.0,0.0,0.0,0.0,0.0,0.0,0.0,0.0,0.0,0.0,0.0,0.0,0.0,2021_11,inundation-intensity-sum
610,0.0,0.0,0.0,0.0,0.0,0.0,0.0,0.0,0.0,0.0,0.0,0.0,0.0,0.0,0.0,0.0,0.0,0.0,0.0,0.0,0.0,0.0,0.0,0.0,0.0,0.0,0.0,0.0,0.0,0.0,0.0,0.0,0.0,0.0,0.0,2021_11,inundation-pct
611,0.0,0.0,0.0,0.0,0.0,0.0,0.0,0.0,0.0,0.0,0.0,0.0,0.0,0.0,0.0,0.0,0.0,0.0,0.0,0.0,0.0,0.0,0.0,0.0,0.0,0.0,0.0,0.0,0.0,0.0,0.0,0.0,0.0,0.0,0.0,2021_11,ltif-tenders-awarded-value
612,,,,,,,,,,,,,,,,,,,,,,,,,,,,,,,,,,,,2021_11,male-camp
613,0.01,0.01,0.01,0.01,0.01,0.02,0.02,0.03,0.03,0.03,0.02,0.02,0.03,0.03,0.03,0.0,0.0,0.0,0.0,0.01,0.01,0.0,0.0,0.0,0.0,0.01,0.03,0.02,0.03,0.0,0.0,0.0,0.03,0.0,0.01,2021_11,max-rain
614,79.02868494142712,101.80280753365652,92.94383900653578,105.59323892727154,101.52151689605472,82.80184981421402,96.12358569934148,83.9078683433952,82.58482453454118,85.28440626816572,92.33941954273553,80.5484411209615,79.26767921681454,87.0143854317649,73.9235270160713,74.45407242468538,76.22171823123378,78.77654329987095,76.5297175055914,92.84413483394596,78.73454361714819,88.47737641290556,90.33791694141864,81.3350244170581,77.2968865972734,93.73693822422564,78.06937273928872,76.99096084367254,87.73877652848734,76.69919006241047,135.19869279538494,74.5890767941101,111.4923918776678,77.2774448783579,78.49346327750206,2021_11,mean-cn
615,-0.2133298448928179,-0.1691158675056768,-0.2350271050507598,-0.2036310420954714,-0.2409513194072935,-0.2265270900876485,-0.17812736179025,-0.1468360275665228,-0.1679177333768042,-0.2027356105879553,-0.1801498099382348,-0.1866403214111348,-0.2090152405390884,-0.171579142007999,-0.2411338104525833,-0.2737951903212028,-0.2562407141520698,-0.2552311996845364,-0.2562540753356011,-0.1906491402005578,-0.1806171422076962,-0.2136510875967166,-0.1921620991721383,-0.2243181293839287,-0.2129486033921196,-0.1917900647489092,-0.1953077348663107,-0.222696443692653,-0.1580426087104729,-0.2329562767489817,-0.220474588744052,-0.2685709593876472,-0.1498110487151062,-0.206189436964826,-0.1875873918470442,2021_11,mean-ndbi
616,0.6669196281029062,0.4771950821451708,0.5499644028842352,0.3653146748628152,0.5079370305683708,0.6177407664089465,0.5206030291877168,0.4832041024185557,0.578445402217919,0.6735666512910323,0.5159135258113124,0.627256437913583,0.6057896555536418,0.5294754198411021,0.6798097052669695,0.7251008971296031,0.7491709056988212,0.6875192897450004,0.7342261100809666,0.5534599054535523,0.6558876518549723,0.5065534481050874,0.5380161443419395,0.4302265068161743,0.6204727681890141,0.4599730826947053,0.6388501496206452,0.673927817474525,0.5638510465423762,0.5994111149274887,0.3271424760872686,0.7597519164858805,0.3369647236022829,0.55917968149612,0.5568044404207914,2021_11,mean-ndvi
617,0.0,0.0,0.0,0.0,0.0,0.0,0.01,0.02,0.02,0.01,0.01,0.02,0.02,0.02,0.01,0.0,0.0,0.0,0.0,0.01,0.01,0.0,0.0,0.0,0.0,0.0,0.0,0.01,0.02,0.0,0.0,0.0,0.03,0.0,0.0,2021_11,mean-rain
618,0.94,0.94,0.94,0.94,0.95,0.94,0.93,0.94,0.93,0.93,0.94,0.93,0.94,0.94,0.92,0.91,0.94,0.94,0.93,0.95,0.94,0.93,0.91,0.93,0.95,0.93,0.94,0.93,0.93,0.94,0.94,0.93,0.94,0.94,0.95,2021_11,mean-sex-ratio
619,78683.46309,83470.903,78088.12,79714.84605,75490.3523,87424.202,71470.137,90513.46103,104651.240916,68512.0013,81437.447,43095.76595,54183.314,128914.321604,35388.58,27888.17,66721.37,42827.17595,35287.21,42395.395,27850.66,74001.84561,6039.38,44021.984,58167.37587,76196.45569999999,93034.31635285716,23849.9,71288.401,78621.26999999999,17419.61,48488.349,16642.66,23559.76,71015.57777333334,2021_11,net-sown-area-in-hac
620,0.0,0.0,0.0,0.0,7996508.0,15644260.88,0.0,0.0,11755100.0,0.0,0.0,0.0,0.0,0.0,0.0,0.0,0.0,0.0,0.0,0.0,0.0,0.0,0.0,0.0,0.0,0.0,0.0,0.0,0.0,0.0,0.0,0.0,0.0,0.0,0.0,2021_11,others-tenders-awarded-value
621,0.0,0.0,0.0,0.0,0.0,0.0,0.0,0.0,0.0,0.0,0.0,0.0,0.0,0.0,0.0,0.0,0.0,0.0,0.0,0.0,0.0,0.0,0.0,0.0,0.0,0.0,0.0,0.0,0.0,0.0,0.0,0.0,0.0,0.0,0.0,2021_11,population-affected-total
622,62.0,342.0,34.0,5.0,10.0,45.0,35.0,38.0,77.0,43.0,49.0,27.0,41.0,43.0,32.0,146.0,46.0,45.0,28.0,81.0,8.0,45.0,80.0,11.0,0.0,0.0,24.0,24.0,19.0,30.0,0.0,0.0,0.0,9.0,6.0,2021_11,rail-count
623,145613.0,139561.0,78425.0,17621.0,30884.0,174517.0,138494.0,108334.0,121454.0,119685.0,123774.0,73292.0,86126.0,117155.0,73424.0,172636.0,103488.0,117739.0,90281.0,82273.0,24548.0,109026.0,89510.0,30164.0,0.0,0.0,66114.0,80492.0,74271.0,75327.0,0.0,0.0,0.0,28139.0,18201.0,2021_11,rail-length
624,5.555624983857405,5.996106926536052,3.560403941133399,6.267930535154481,2.684482354476203,3.698020169566056,6.500786610930343,2.3063023945926067,4.447537705422305,8.37996671008257,4.718609602090846,3.891643453265035,1.9206761011743596,7.875875441832467,2.32140457366514,4.092857261441682,2.318856184434248,1.592814919140521,2.3992694260685314,4.918838536894644,4.351718448163259,2.6183787673260506,1.4389938854588624,1.2067170305083057,3.89044080960832,2.52307723747256,1.1492006754066422,1.334872354407603,4.884892808008314,1.3229221245459817,10.14849531857374,4.53378009258239,12.56991224610625,0.1886936146970008,1.478507911656724,2021_11,rangeland
625,3131,1557,1979,1848,1512,2564,3445,2998,2483,3810,3379,1567,1865,3523,7337,4884,3783,1839,1329,1088,1926,3283,834,1036,1526,1611,1987,1073,1783,1456,684,3073,970,470,877,2021_11,rc-area
626,22.9,25.01,25.42,15.04,15.81,23.51,13.19,16.32,20.87,24.89,12.8,8.96,12.07,15.06,23.47,23.25,15.87,14.25,19.26,12.86,25.35,9.48,11.61,21.25,15.46,13.0,15.96,19.71,28.46,27.66,28.09,28.84,17.28,9.75,12.15,2021_11,rc-nosanitation-hhds-pct
627,2.85,1.19,3.55,2.25,3.35,4.98,6.04,2.83,2.26,3.42,4.19,6.81,14.25,7.18,1.95,6.36,8.53,5.57,4.01,2.04,1.03,3.32,11.46,9.66,2.8,5.1,3.07,3.8,4.2,5.27,3.57,0.24,4.95,6.03,5.78,2021_11,rc-piped-hhds-pct
628,,,,,,,,,,,,,,,,,,,,,,,,,,,,,,,,,,,,2021_11,relief-camp-inmates
629,0.0,0.0,0.0,0.0,7996508.0,15644260.88,0.0,0.0,11755100.0,0.0,0.0,0.0,0.0,0.0,0.0,0.0,0.0,0.0,0.0,0.0,0.0,0.0,0.0,0.0,0.0,0.0,0.0,0.0,0.0,0.0,0.0,0.0,0.0,0.0,0.0,2021_11,restoration-measures-tenders-awarded-value
630,,,,,,,,,,,,,,,,,,,,,,,,,,,,,,,,,,,,2021_11,revenue-ci
631,0.0,0.0,0.0,0.0,0.0,15644260.88,0.0,0.0,11755100.0,0.0,0.0,0.0,0.0,0.0,0.0,0.0,0.0,0.0,0.0,0.0,0.0,0.0,0.0,0.0,0.0,0.0,0.0,0.0,0.0,0.0,0.0,0.0,0.0,0.0,0.0,2021_11,ridf-tenders-awarded-value
632,2,2,1,3,2,2,4,5,4,4,4,5,4,5,2,1,1,1,1,2,2,1,1,2,1,2,3,3,5,2,1,2,5,2,2,2021_11,risk-score
633,40.72,32.14,45.29,43.29,50.49,54.9,76.02,92.89,0.0,131.93,119.22,94.36,82.62,128.36,0.0,131.22,22.52,17.73,25.4,51.19,52.96,49.95,50.61,50.78,0.0,0.0,0.0,98.31,0.0,0.0,0.0,752.75,0.0,0.0,162.19,2021_11,riverlevel-max
634,5.083008241758241,12.106900834264351,15.227021978021977,7.171630036630037,19.5716043956044,7.8174725274725265,34.077016666666665,37.66468210361067,0.0,64.02793956043956,30.736312587516757,68.53099647634974,16.422725274725273,45.10597069597069,0.0,32.7960989010989,14.327319900770284,10.768885914760917,11.4943634704668,9.681230769230767,10.583362637362637,7.58433643279797,23.233324175824176,6.34004120879121,0.0,0.0,0.0,32.690439560439565,0.0,0.0,0.0,403.7803351955308,0.0,0.0,45.3091978021978,2021_11,riverlevel-mean
635,0.0,0.0,0.0,0.0,0.0,0.0,0.0,0.0,0.0,0.0,0.0,0.0,0.0,0.0,0.0,0.0,1.26,0.0,0.0,0.0,0.0,0.0,0.0,0.0,0.0,0.0,0.0,0.0,0.0,0.0,0.0,66.35,0.0,0.0,0.0,2021_11,riverlevel-min
636,858892.0,705770.0,1011509.0,725891.0,634621.0,1331470.0,745620.0,804067.0,578686.0,1211943.0,1453600.0,700651.0,736030.0,1389863.0,752361.0,843185.0,988230.0,615579.0,483931.0,654117.0,547046.0,1589070.0,746938.0,450865.0,429399.0,767150.0,650574.0,485197.0,574075.0,560100.0,78936.0,457481.0,54196.0,461489.0,294016.0,2021_11,road-length
637,0.0,0.0,0.0,0.0,0.0,0.0,0.0,0.0,0.0,0.0,0.0,0.0,0.0,0.0,0.0,0.0,0.0,0.0,0.0,0.0,0.0,0.0,0.0,0.0,0.0,0.0,0.0,0.0,0.0,0.0,0.0,0.0,0.0,0.0,0.0,2021_11,roads
638,2788,3147,2578,2904,1994,3284,2025,3519,2301,1950,2431,1838,2072,2507,1757,1063,3322,3188,3016,1463,1336,3463,1151,1817,1497,1858,1795,1007,1291,1320,1381,925,805,813,995,2021_11,schools-count
639,0.0,0.0,0.0,0.0,0.0,0.0,0.0,0.0,0.0,0.0,0.0,0.0,0.0,0.0,0.0,0.0,0.0,0.0,0.0,0.0,0.0,0.0,0.0,0.0,0.0,0.0,0.0,0.0,0.0,0.0,0.0,0.0,0.0,0.0,0.0,2021_11,sdrf-sanctions-awarded-value
640,15084883.0,0.0,0.0,0.0,0.0,18945817.49,0.0,0.0,0.0,0.0,62996404.13,0.0,0.0,0.0,0.0,0.0,0.0,0.0,0.0,0.0,0.0,0.0,0.0,0.0,0.0,0.0,0.0,0.0,10385711.0,0.0,0.0,0.0,0.0,0.0,0.0,2021_11,sdrf-tenders-awarded-value
641,84.0,81.0,84.0,78.0,81.0,86.0,82.0,84.0,84.0,83.0,79.0,85.0,85.0,84.0,89.0,90.0,88.0,86.0,87.0,84.0,85.0,83.0,85.0,83.0,85.0,82.0,85.0,84.0,83.0,88.0,75.0,89.0,78.0,85.0,85.0,2021_11,slope-mean
642,0.0,0.0,0.0,0.0,0.0,0.0,0.0,0.0,0.0,0.0,0.0,0.0,0.0,0.0,0.0,0.0,0.0,0.0,0.0,0.0,0.0,0.0,0.0,0.0,0.0,0.0,0.0,0.0,0.0,0.0,0.0,0.0,0.0,0.0,0.0,2021_11,sopd-tenders-awarded-value
643,56008.0,40765.0,44786.0,65408.0,40566.0,93735.0,65693.0,56287.0,31350.0,75587.0,63360.0,42377.0,49025.0,68332.0,33994.0,10403.0,103558.0,80707.0,27240.0,33348.0,30767.0,70977.0,50815.0,40712.0,25467.0,52397.0,37778.0,16076.0,30541.0,44658.0,23250.0,22980.0,7069.0,11822.0,20546.0,2021_11,sum-aged-population
644,1281881.0,1359043.0,1060533.0,1572628.0,1120104.0,2319902.0,1446186.0,1148639.0,694961.0,1391101.0,1487017.0,778295.0,997472.0,1291200.0,695437.0,284484.0,2087230.0,1374000.0,757942.0,796774.0,606535.0,1618630.0,1343547.0,959339.0,713721.0,1140900.0,870281.0,495616.0,658525.0,1101898.0,530164.0,359966.0,167349.0,318207.0,500585.0,2021_11,sum-population
645,14.08,1.48,5.36,4.06,1.68,11.99,27.45,61.73,32.02,48.74,28.69,28.26,27.69,67.69,55.97,0.15,0.16,0.94,0.14,6.84,12.43,0.19,0.0,0.0,1.16,3.92,7.73,11.94,24.46,0.03,0.0,0.0,24.99,0.04,2.23,2021_11,sum-rain
646,121651.0,106666.0,109635.0,137134.0,88492.0,187668.0,118737.0,106671.0,63338.0,139787.0,99072.0,58515.0,58475.0,106776.0,83027.0,25510.0,184741.0,163480.0,60524.0,68143.0,62610.0,107785.0,64455.0,49652.0,38117.0,110746.0,68454.0,22419.0,54999.0,89876.0,58131.0,54305.0,8786.0,24007.0,31297.0,2021_11,sum-young-population
647,,,,,,,,,,,,,,,,,,,,,,,,,,,,,,,,,,,,2021_11,topsis-score
648,0.0,0.0,0.0,0.0,0.0,0.0,0.0,0.0,0.0,0.0,0.0,0.0,0.0,0.0,0.0,0.0,0.0,0.0,0.0,0.0,0.0,0.0,0.0,0.0,0.0,0.0,0.0,0.0,0.0,0.0,0.0,0.0,0.0,0.0,0.0,2021_11,total-animal-affected
649,0.0,0.0,0.0,0.0,0.0,0.0,0.0,0.0,0.0,0.0,0.0,0.0,0.0,0.0,0.0,0.0,0.0,0.0,0.0,0.0,0.0,0.0,0.0,0.0,0.0,0.0,0.0,0.0,0.0,0.0,0.0,0.0,0.0,0.0,0.0,2021_11,total-animal-washed-away
650,214904.0,377710.0,240459.0,393378.0,267778.0,527427.0,318730.0,266928.0,195025.0,318555.0,311523.0,172096.0,272707.0,275841.0,103131.0,30119.0,416101.0,256161.0,165784.0,185414.0,105445.0,408132.0,327221.0,233278.0,132203.0,231859.0,185739.0,108235.0,150938.0,214866.0,202538.0,52339.0,39239.0,77895.0,112690.0,2021_11,total-hhd
651,0.0,0.0,0.0,0.0,0.0,0.0,0.0,0.0,0.0,0.0,0.0,0.0,0.0,0.0,0.0,0.0,0.0,0.0,0.0,0.0,0.0,0.0,0.0,0.0,0.0,0.0,0.0,0.0,0.0,0.0,0.0,0.0,0.0,0.0,0.0,2021_11,total-house-fully-damaged
652,15084883.0,0.0,0.0,0.0,7996508.0,34590078.37,0.0,0.0,11755100.0,0.0,62996404.13,0.0,0.0,0.0,0.0,0.0,0.0,0.0,0.0,0.0,0.0,0.0,0.0,0.0,0.0,0.0,0.0,0.0,10385711.0,0.0,0.0,0.0,0.0,0.0,0.0,2021_11,total-tender-awarded-value
653,43.98932267010756,5.144386888079183,24.18246369319196,2.0719326398805653,8.909372340284827,14.523458971432348,17.38480479972998,12.428285713267991,18.7238999923748,44.911270270226375,28.07006483630923,22.568294310271757,22.547394124288424,21.538219052939983,86.04086283868104,92.70805107896902,61.19674549088654,38.80036940166334,44.10043312221657,15.167158079097288,23.306941588540017,23.185619567722654,38.00611230326868,11.406913612118768,26.06572918305741,8.030025208883123,13.578760237089556,41.299449603990205,14.342280130815992,27.692108982330566,2.244012825278056,83.399830651071,3.6292408407182446,12.09850531991776,16.553468863374015,2021_11,trees
654,3,2,3,3,5,3,4,4,3,4,4,3,2,3,1,1,3,1,1,3,3,2,1,1,3,3,4,3,4,5,2,4,1,1,3,2021_11,vulnerability
655,2.654609351131904,9.630615276980134,6.643371280888395,20.94700148067192,11.80517407001968,5.84257517619834,8.7179659794783,5.973464137033906,3.387978930774807,4.00323160437465,6.859472077404234,2.861969389866096,1.4277478020110324,5.813265011130777,0.2681404095004063,0.5863044645090593,2.55288342933694,3.595196766302481,2.588808318998985,8.973122290459699,2.1210760126364976,5.18899783845898,6.29117971013233,6.026903398218473,1.3210913159798612,8.861808395697839,1.1571216590836426,1.2059520770946432,5.26686010187354,1.4860229404979866,20.30063594844775,0.675239009529183,13.529855142846449,2.9134399107229245,2.583854204629774,2021_11,water
656,9.0,7.5,8.9,8.0,7.2,9.8,9.8,8.3,7.0,8.6,10.2,10.4,10.3,8.8,7.2,8.1,9.8,9.8,9.5,9.1,8.2,10.1,12.1,10.5,9.0,9.2,8.3,8.6,8.9,8.0,6.7,5.8,9.4,7.0,11.6,2021_12,avg-electricity
657,2.2,2.6,2.0,2.0,2.4,2.0,2.2,2.4,2.0,2.0,2.0,2.2,2.2,2.3,2.0,2.5,2.2,2.4,2.0,2.2,2.2,2.4,2.5,2.1,2.3,2.0,2.2,2.0,2.3,2.3,2.0,2.0,2.5,2.3,2.2,2021_12,avg-tele
658,0.868580242765881,7.850894623892731,5.512517918478251,11.862959883193469,7.597584755054908,1.1634119150636952,10.396058518692072,3.3157292183085345,5.150400593255752,5.562767456104703,11.548535488717718,1.118844042545363,0.4852425834744918,5.611770225834522,0.0039335520292327,0.0135588328169281,0.0454022335456661,0.0012143773889144,0.0210413681225184,5.008542394133784,2.674081321702636,2.4320641301167454,0.636118344050566,1.3434249807219034,0.8976191104094248,8.226348189672269,0.7185833782322901,0.0014790785340733,5.9522381727563305,0.1134160558865175,17.62388530809625,0.0325845786673929,24.257732540047048,0.1061903765441955,1.353986992614652,2021_12,bare-ground
659,0.0,0.0,0.0,0.0,0.0,0.0,0.0,0.0,0.0,0.0,0.0,0.0,0.0,0.0,0.0,0.0,0.0,0.0,0.0,0.0,0.0,0.0,0.0,0.0,0.0,0.0,0.0,0.0,0.0,0.0,0.0,0.0,0.0,0.0,0.0,2021_12,bridge
660,12.044507636100583,19.712033647258004,17.88517689685316,22.60918436813678,15.239566152995582,18.79940070687596,13.86214908189695,16.3755366925974,13.761287559104836,11.68169278263021,12.199992717054732,16.3381694667156,19.7359978945898,17.651220410091742,4.002865217163113,1.5100434169302526,8.715899038846057,16.61126248690062,11.322822570273248,28.10424864461894,24.817448224733894,18.0798899031534,40.07690835892768,20.76511423183489,15.54006845169349,18.20232759882122,16.371363216369723,13.3167114082049,15.074560687615934,17.5682568427919,13.402473919303212,2.78956411810206,7.48018802062985,22.58072299127653,17.788146104645218,2021_12,built-area
661,,,,,,,,,,,,,,,,,,,,,,,,,,,,,,,,,,,,2021_12,children-camp
662,0.0,0.0,0.0,0.0,0.0,0.0,0.0,0.0,0.0,0.0,0.0,0.0,0.0,0.0,0.0,0.0,0.0,0.0,0.0,0.0,0.0,0.0,0.0,0.0,0.0,0.0,0.0,0.0,0.0,0.0,0.0,0.0,0.0,0.0,0.0,2021_12,cidf-tenders-awarded-value
663,0.0,0.0,1.737844052391654e-05,0.0,4.256584350710181e-06,0.0,0.0,0.0,0.0,0.0,0.0,0.0,0.0,0.0,0.0,5.38038380932035e-06,0.0,0.0,0.0001941413602205,0.0,0.0,4.244643058839207e-06,0.0008892499344914,0.0,0.0,7.751888818182e-05,0.0,0.0,0.0,0.0,0.0,0.0,0.0,0.0,0.0,2021_12,clouds
664,,,,,,,,,,,,,,,,,,,,,,,,,,,,,,,,,,,,2021_12,count
665,0.0,0.0,0.0,0.0,0.0,0.0,0.0,0.0,0.0,0.0,0.0,0.0,0.0,0.0,0.0,0.0,0.0,0.0,0.0,0.0,0.0,0.0,0.0,0.0,0.0,0.0,0.0,0.0,0.0,0.0,0.0,0.0,0.0,0.0,0.0,2021_12,crop-area
666,34.35694085305036,51.65519640546251,42.02268465024946,36.16037160832635,53.34492041448938,54.48967950723607,43.05241294625703,59.44206798777107,54.26949899858874,24.88146805524715,36.31640286863132,52.169582560913646,52.668237904262696,41.12115965882656,7.361829060255534,1.0864373626678718,25.02176611891062,38.93843502580468,38.94892388657762,37.768873072406805,42.71712632701242,48.44260755929896,13.33446076633077,59.148520389867386,52.28503838315709,54.1443900277245,67.02497083381824,42.8185193189568,54.1566164520331,51.807735845295575,36.2774975884176,8.54834328662391,38.46045658793105,62.11184510032704,60.242035923079584,2021_12,crops
667,4296.624151156235,2231.5993331549903,3585.3069321814023,1247.6117514050093,2700.336576957554,3477.5301083691584,1557.3606551140049,2711.0464141089856,2238.6415334905228,4159.102888381455,9491.630139883577,3889.6067327857527,7133.757644739055,3445.526862961011,8511.666927309076,4923.29748622475,3222.517655928944,4060.318063254274,4335.474967336042,1883.330083753236,975.2407923854796,4254.719948057848,3333.953706616405,1829.807307358248,1576.5499878215094,1098.83444541599,1489.926404330648,4700.953196095703,4363.59388114963,5163.44360094801,880.805632910103,4989.53282327419,1292.455559234692,1123.7037030160088,1578.254039674223,2021_12,distance-from-river
668,KOKRAJHAR,DHUBRI,GOALPARA,BARPETA,MORIGAON,NAGAON,SONITPUR,LAKHIMPUR,DHEMAJI,TINSUKIA,DIBRUGARH,SIVASAGAR,JORHAT,GOLAGHAT,KARBI ANGLONG,DIMA HASAO,CACHAR,KARIMGANJ,HAILAKANDI,BONGAIGAON,CHIRANG,KAMRUP,KAMRUP METRO,NALBARI,BAKSA,DARRANG,UDALGURI,CHARAIDEO,BISWANATH,HOJAI,SOUTH SALMARA MANCACHAR,WEST KARBI ANGLONG,MAJULI,BAJALI,TAMULPUR,2021_12,district
669,0.0005623749999999,0.0006515714285714,0.0005706,0.0006465,0.0005976,0.0005747142857142,0.000571,0.0006111428571428,0.0005535,0.00057375,0.0006251428571428,0.0006055,0.0006035999999999,0.0005855,0.00041,0.00031275,0.0004408,0.0005329999999999,0.0005025,0.0005798,0.000528,0.0005858461538461,0.00044875,0.000670625,0.0005907142857142,0.0006724,0.0006286666666666,0.000603,0.0006126666666666,0.00058,0.000585,0.000439,0.0006255,0.0006813333333333,0.0006636,2021_12,drainage-density
670,,,,,,,,,,,,,,,,,,,,,,,,,,,,,,,,,,,,2021_12,dtcode11
671,,,,,,,,,,,,,,,,,,,,,,,,,,,,,,,,,,,,2021_12,dtname
672,0.89244575,0.9277878571428572,0.8636886,0.8736663333333333,0.800827,0.8780387142857143,0.83290375,0.8280547142857143,0.8651581666666667,0.81588525,0.8360355714285715,0.880761,0.9323276,0.8770435,0.9603543333333334,1.0,0.8673714,0.9623464,0.94848225,0.8859791999999999,0.8912708,0.9523873076923076,1.0,0.962125625,0.853616,0.8623016,0.8242077777777778,0.8789193333333333,0.8203713333333335,0.7818350000000001,0.914733,0.803344,0.951437,0.9768436666666668,0.8785076,2021_12,efficiency
673,63.0,33.0,49.0,40.0,63.0,72.0,86.0,96.0,141.0,142.0,113.0,99.0,105.0,97.0,347.0,607.0,155.0,36.0,47.0,54.0,84.0,82.0,114.0,49.0,70.0,59.0,91.0,112.0,86.0,125.0,26.0,483.0,85.0,47.0,71.0,2021_12,elevation-mean
674,0.0,0.0,0.0,0.0,0.0,0.0,0.0,0.0,0.0,0.0,0.0,0.0,0.0,0.0,0.0,0.0,0.0,0.0,0.0,0.0,0.0,0.0,0.0,0.0,0.0,0.0,0.0,0.0,0.0,0.0,0.0,0.0,0.0,0.0,0.0,2021_12,embankment-breached
675,0.0,0.0,0.0,0.0,0.0,0.0,0.0,0.0,0.0,0.0,0.0,0.0,0.0,0.0,0.0,0.0,0.0,0.0,0.0,0.0,0.0,0.0,0.0,0.0,0.0,0.0,0.0,0.0,0.0,0.0,0.0,0.0,0.0,0.0,0.0,2021_12,embankments-affected
676,1,2,2,3,2,4,5,1,1,5,2,2,2,2,2,1,5,3,2,1,1,1,4,1,1,3,1,1,2,5,4,3,1,1,1,2021_12,exposure
677,,,,,,,,,,,,,,,,,,,,,,,,,,,,,,,,,,,,2021_12,female-camp
678,2021-2022,2021-2022,2021-2022,2021-2022,2021-2022,2021-2022,2021-2022,2021-2022,2021-2022,2021-2022,2021-2022,2021-2022,2021-2022,2021-2022,2021-2022,2021-2022,2021-2022,2021-2022,2021-2022,2021-2022,2021-2022,2021-2022,2021-2022,2021-2022,2021-2022,2021-2022,2021-2022,2021-2022,2021-2022,2021-2022,2021-2022,2021-2022,2021-2022,2021-2022,2021-2022,2021_12,financial-year
679,1,2,1,1,2,3,1,3,4,4,3,4,2,2,1,2,4,5,5,1,1,1,1,2,1,2,2,3,1,3,1,1,4,2,2,2021_12,flood-hazard
680,,,,,,,,,,,,,,,,,,,,,,,,,,,,,,,,,,,,2021_12,flood-hazard-float
681,0.5304142629862878,0.0107662317913023,0.1933642407648085,0.0806194846364986,0.4188956560950299,1.4834535536275912,0.0858220630151136,0.158613856428508,0.2593962204787826,0.5796031213342887,0.2869224097919429,1.0514967764224237,1.214703590199248,0.3884901993439709,0.000964348705565,0.0027422022814836,0.1484475040399481,0.4607070227993903,0.6185071663823104,0.0592169823888001,0.011608077211315,0.0524379892802181,0.2153373818964564,0.1024063567301933,1.2746094421410486e-05,0.0119458228402453,0.0,0.0230161588118496,0.322551646896779,0.009537208651381,0.0029990918833667,0.0206582634240563,0.0726146217210788,0.0006026865144437,0.0,2021_12,flooded-vegetation
682,5,5,4,5,4,5,5,5,5,5,4,5,5,5,5,5,5,5,5,5,5,5,4,5,5,5,5,5,5,5,5,5,4,5,5,2021_12,government-response
683,163,151,154,205,116,277,158,124,73,119,169,143,106,153,30,4,176,96,87,88,68,282,52,142,109,129,15,82,100,91,69,25,32,70,67,2021_12,health-centres-count
684,0,0,0,0,0,0,0,0,0,0,0,0,0,0,0,0,0,0,0,0,0,0,0,0,0,0,0,0,0,0,0,0,0,0,0,2021_12,human-live-lost
685,,,,,,,,,,,,,,,,,,,,,,,,,,,,,,,,,,,,2021_12,human-live-lost-children
686,,,,,,,,,,,,,,,,,,,,,,,,,,,,,,,,,,,,2021_12,human-live-lost-female
687,,,,,,,,,,,,,,,,,,,,,,,,,,,,,,,,,,,,2021_12,human-live-lost-male
688,0.0,0.0,0.0,0.0,0.0,0.0,0.0,149848627.39,0.0,0.0,0.0,0.0,17054493.0,0.0,0.0,0.0,0.0,0.0,0.0,0.0,0.0,0.0,0.0,0.0,0.0,0.0,0.0,0.0,0.0,0.0,0.0,0.0,0.0,0.0,0.0,2021_12,immediate-measures-tenders-awarded-value
689,0.0,0.0,0.0,0.0,0.0,0.0,0.0,0.0,0.0,0.0,0.0,0.0,0.0,0.0,0.0,0.0,0.0,0.0,0.0,0.0,0.0,0.0,0.0,0.0,0.0,0.0,0.0,0.0,0.0,0.0,0.0,0.0,0.0,0.0,0.0,2021_12,inundation-intensity-mean
690,0.0,0.0,0.0,0.0,0.0,0.0,0.0,0.0,0.0,0.0,0.0,0.0,0.0,0.0,0.0,0.0,0.0,0.0,0.0,0.0,0.0,0.0,0.0,0.0,0.0,0.0,0.0,0.0,0.0,0.0,0.0,0.0,0.0,0.0,0.0,2021_12,inundation-intensity-mean-nonzero
691,0.0,0.0,0.0,0.0,0.0,0.0,0.0,0.0,0.0,0.0,0.0,0.0,0.0,0.0,0.0,0.0,0.0,0.0,0.0,0.0,0.0,0.0,0.0,0.0,0.0,0.0,0.0,0.0,0.0,0.0,0.0,0.0,0.0,0.0,0.0,2021_12,inundation-intensity-sum
692,0.0,0.0,0.0,0.0,0.0,0.0,0.0,0.0,0.0,0.0,0.0,0.0,0.0,0.0,0.0,0.0,0.0,0.0,0.0,0.0,0.0,0.0,0.0,0.0,0.0,0.0,0.0,0.0,0.0,0.0,0.0,0.0,0.0,0.0,0.0,2021_12,inundation-pct
693,0.0,0.0,0.0,0.0,0.0,0.0,0.0,0.0,0.0,0.0,0.0,0.0,0.0,0.0,0.0,0.0,0.0,0.0,0.0,0.0,0.0,0.0,0.0,0.0,0.0,0.0,0.0,0.0,0.0,0.0,0.0,0.0,0.0,0.0,0.0,2021_12,ltif-tenders-awarded-value
694,,,,,,,,,,,,,,,,,,,,,,,,,,,,,,,,,,,,2021_12,male-camp
695,0.0,0.0,0.0,0.0,0.04,0.04,0.02,0.06,0.06,0.05,0.06,0.06,0.04,0.02,0.03,0.1,0.1,0.15,0.15,0.0,0.0,0.04,0.02,0.0,0.0,0.0,0.02,0.03,0.01,0.03,0.0,0.04,0.06,0.0,0.0,2021_12,max-rain
696,79.02868494142712,101.80280753365652,92.94383900653578,105.59323892727154,101.52151689605476,82.80184981421402,96.12358569934148,83.9078683433952,82.58482453454118,85.28440626816572,92.33941954273553,80.5484411209615,79.26767921681454,87.0143854317649,73.9235270160713,74.45407242468538,76.22171823123378,78.77654329987095,76.5297175055914,92.84413483394596,78.73454361714819,88.47737641290556,90.33791694141864,81.3350244170581,77.2968865972734,93.73693822422564,78.06937273928872,76.99096084367254,87.73877652848734,76.69919006241047,135.19869279538494,74.5890767941101,111.4923918776678,77.2774448783579,78.49346327750206,2021_12,mean-cn
697,-0.168311161738462,-0.0979842794565939,-0.1645005802393872,-0.1141146088800107,-0.1627347444004774,-0.1542672392321327,-0.1194298665912774,-0.1119693186052213,-0.1185966374405576,-0.1939011710060084,-0.1189684137371405,-0.1308970991669753,-0.1691705061938275,-0.1401441545401337,-0.2678608599271221,-0.3023653195896258,-0.2569541017592912,-0.234553111869797,-0.2288497535828162,-0.1231142287764437,-0.1303798952630495,-0.1419608383248689,-0.1683631097972758,-0.1348584913423404,-0.1256139166319097,-0.1085177126146597,-0.0756179980210236,-0.1852996036636162,-0.1126185093948451,-0.1378967673505004,-0.1315871470144152,-0.2592660831848303,-0.0837227271457612,-0.1212308955403246,-0.0689874606719618,2021_12,mean-ndbi
698,0.6403780939986555,0.4382275649494682,0.5420057301402257,0.3716688703209413,0.4536633778435607,0.5427477753445185,0.4744791613696236,0.5233691350280226,0.5397661992206382,0.6566512890949212,0.5064962808341213,0.5967167356398909,0.629843522829136,0.5600861296133919,0.8026031206155947,0.8394419108181538,0.7389062495609552,0.6599880595824984,0.6822904680190468,0.5093478040716664,0.5986492493247368,0.5441178714743357,0.5476165766165365,0.5330177854542336,0.5832044608822342,0.4381078634152769,0.5238040516233586,0.6700476909756797,0.5187923305736146,0.5709306014800177,0.297313732619588,0.7653202136580741,0.3204944453775225,0.5492542616290967,0.5153395277115458,2021_12,mean-ndvi
699,0.0,0.0,0.0,0.0,0.01,0.02,0.0,0.03,0.03,0.04,0.02,0.03,0.01,0.01,0.01,0.04,0.08,0.11,0.11,0.0,0.0,0.0,0.0,0.0,0.0,0.0,0.0,0.02,0.0,0.02,0.0,0.01,0.02,0.0,0.0,2021_12,mean-rain
700,0.94,0.94,0.94,0.94,0.95,0.94,0.93,0.94,0.93,0.93,0.94,0.93,0.94,0.94,0.92,0.91,0.94,0.94,0.93,0.95,0.94,0.93,0.91,0.93,0.95,0.93,0.94,0.93,0.93,0.94,0.94,0.93,0.94,0.94,0.95,2021_12,mean-sex-ratio
701,78683.46309,83470.90299999999,78088.12,79714.84605,75490.3523,87424.20199999999,71470.137,90513.46103,104651.240916,68512.0013,81437.447,43095.76595,54183.314,128914.321604,35388.58,27888.17,66721.37,42827.17595,35287.21,42395.395,27850.66,74001.84561,6039.38,44021.984,58167.37587,76196.45569999999,93034.31635285716,23849.9,71288.401,78621.26999999999,17419.61,48488.349,16642.66,23559.76,71015.57777333334,2021_12,net-sown-area-in-hac
702,0.0,0.0,0.0,0.0,530233263.05,21119860.73,0.0,17099951.0,0.0,0.0,0.0,0.0,3303873.0,0.0,0.0,0.0,0.0,0.0,0.0,0.0,0.0,0.0,25184245.27,0.0,0.0,0.0,0.0,0.0,0.0,0.0,0.0,0.0,0.0,0.0,0.0,2021_12,others-tenders-awarded-value
703,0.0,0.0,0.0,0.0,0.0,0.0,0.0,0.0,0.0,0.0,0.0,0.0,0.0,0.0,0.0,0.0,0.0,0.0,0.0,0.0,0.0,0.0,0.0,0.0,0.0,0.0,0.0,0.0,0.0,0.0,0.0,0.0,0.0,0.0,0.0,2021_12,population-affected-total
704,62.0,342.0,34.0,5.0,10.0,45.0,35.0,38.0,77.0,43.0,49.0,27.0,41.0,43.0,32.0,146.0,46.0,45.0,28.0,81.0,8.0,45.0,80.0,11.0,0.0,0.0,24.0,24.0,19.0,30.0,0.0,0.0,0.0,9.0,6.0,2021_12,rail-count
705,145613.0,139561.0,78425.0,17621.0,30884.0,174517.0,138494.0,108334.0,121454.0,119685.0,123774.0,73292.0,86126.0,117155.0,73424.0,172636.0,103488.0,117739.0,90281.0,82273.0,24548.0,109026.0,89510.0,30164.0,0.0,0.0,66114.0,80492.0,74271.0,75327.0,0.0,0.0,0.0,28139.0,18201.0,2021_12,rail-length
706,5.555624983857404,5.996106926536052,3.560403941133399,6.267930535154481,2.6844823544762035,3.698020169566056,6.500786610930343,2.3063023945926067,4.447537705422305,8.37996671008257,4.7186096020908455,3.891643453265035,1.9206761011743596,7.875875441832467,2.32140457366514,4.092857261441682,2.318856184434248,1.592814919140521,2.3992694260685314,4.918838536894644,4.351718448163259,2.6183787673260506,1.4389938854588624,1.2067170305083057,3.8904408096083207,2.52307723747256,1.1492006754066422,1.334872354407603,4.884892808008314,1.3229221245459817,10.14849531857374,4.53378009258239,12.56991224610625,0.1886936146970008,1.478507911656724,2021_12,rangeland
707,3131,1557,1979,1848,1512,2564,3445,2998,2483,3810,3379,1567,1865,3523,7337,4884,3783,1839,1329,1088,1926,3283,834,1036,1526,1611,1987,1073,1783,1456,684,3073,970,470,877,2021_12,rc-area
708,22.9,25.01,25.42,15.04,15.81,23.51,13.19,16.32,20.87,24.89,12.8,8.96,12.07,15.06,23.47,23.25,15.87,14.25,19.26,12.86,25.35,9.48,11.61,21.25,15.46,13.0,15.96,19.71,28.46,27.66,28.09,28.84,17.28,9.75,12.15,2021_12,rc-nosanitation-hhds-pct
709,2.85,1.19,3.55,2.25,3.35,4.98,6.04,2.83,2.26,3.42,4.19,6.81,14.25,7.18,1.95,6.36,8.53,5.57,4.01,2.04,1.03,3.32,11.46,9.66,2.8,5.1,3.07,3.8,4.2,5.27,3.57,0.24,4.95,6.03,5.78,2021_12,rc-piped-hhds-pct
710,,,,,,,,,,,,,,,,,,,,,,,,,,,,,,,,,,,,2021_12,relief-camp-inmates
711,0.0,0.0,0.0,0.0,530233263.1,83912033.73,119440825.0,17099951.0,0.0,0.0,0.0,0.0,3303873.0,0.0,0.0,0.0,0.0,0.0,0.0,0.0,0.0,0.0,25184245.27,0.0,0.0,0.0,0.0,0.0,0.0,0.0,0.0,0.0,0.0,0.0,0.0,2021_12,restoration-measures-tenders-awarded-value
712,,,,,,,,,,,,,,,,,,,,,,,,,,,,,,,,,,,,2021_12,revenue-ci
713,0.0,0.0,0.0,0.0,530233263.05,21119860.73,0.0,17099951.0,0.0,0.0,0.0,0.0,0.0,0.0,0.0,0.0,0.0,0.0,0.0,0.0,0.0,0.0,25184245.27,0.0,0.0,0.0,0.0,0.0,0.0,0.0,0.0,0.0,0.0,0.0,0.0,2021_12,ridf-tenders-awarded-value
714,1,2,1,2,3,3,2,3,4,5,3,4,2,2,1,2,5,5,5,1,1,1,1,2,1,3,3,3,2,3,1,2,4,2,2,2021_12,risk-score
715,40.61,32.05,45.15,42.82,50.25,54.88,75.69,92.78,0.0,131.71,117.74,93.89,81.77,128.1,0.0,131.24,22.47,18.99,25.3,50.99,52.9,49.84,50.25,50.69,0.0,0.0,0.0,97.94,0.0,0.0,0.0,752.46,0.0,0.0,162.12,2021_12,riverlevel-max
716,5.07138440860215,11.927242191500255,15.016107526881722,7.114390681003585,19.30548936170213,7.805410334346504,33.76619060283687,37.47811694128939,0.0,63.98102179135209,30.66220069651931,68.33537751959686,16.315106382978723,44.99761524822696,0.0,32.79241935483871,13.950023957639711,10.635926030958288,11.730900537634408,9.65505376344086,10.575032258064518,7.564276261373035,22.90331989247312,6.328615591397849,0.0,0.0,0.0,32.6195390070922,0.0,0.0,0.0,407.72855614973264,0.0,0.0,45.282580645161296,2021_12,riverlevel-mean
717,0.0,0.0,0.0,0.0,0.0,0.0,0.0,0.0,0.0,0.0,0.0,0.0,0.0,0.0,0.0,0.0,1.6,0.0,0.0,0.0,0.0,0.0,0.0,0.0,0.0,0.0,0.0,0.0,0.0,0.0,0.0,66.56,0.0,0.0,0.0,2021_12,riverlevel-min
718,858892.0,705770.0,1011509.0,725891.0,634621.0,1331470.0,745620.0,804067.0,578686.0,1211943.0,1453600.0,700651.0,736030.0,1389863.0,752361.0,843185.0,988230.0,615579.0,483931.0,654117.0,547046.0,1589070.0,746938.0,450865.0,429399.0,767150.0,650574.0,485197.0,574075.0,560100.0,78936.0,457481.0,54196.0,461489.0,294016.0,2021_12,road-length
719,0.0,0.0,0.0,0.0,0.0,0.0,0.0,0.0,0.0,0.0,0.0,0.0,0.0,0.0,0.0,0.0,0.0,0.0,0.0,0.0,0.0,0.0,0.0,0.0,0.0,0.0,0.0,0.0,0.0,0.0,0.0,0.0,0.0,0.0,0.0,2021_12,roads
720,2788,3147,2578,2904,1994,3284,2025,3519,2301,1950,2431,1838,2072,2507,1757,1063,3322,3188,3016,1463,1336,3463,1151,1817,1497,1858,1795,1007,1291,1320,1381,925,805,813,995,2021_12,schools-count
721,0.0,0.0,0.0,0.0,0.0,0.0,0.0,0.0,0.0,0.0,0.0,0.0,0.0,0.0,0.0,0.0,0.0,0.0,0.0,0.0,0.0,0.0,0.0,0.0,0.0,0.0,0.0,0.0,0.0,0.0,0.0,0.0,0.0,0.0,0.0,2021_12,sdrf-sanctions-awarded-value
722,0.0,0.0,0.0,0.0,0.0,0.0,0.0,149848627.39,0.0,0.0,0.0,0.0,0.0,0.0,0.0,0.0,0.0,0.0,0.0,0.0,0.0,0.0,0.0,0.0,0.0,0.0,0.0,0.0,0.0,0.0,0.0,0.0,0.0,0.0,0.0,2021_12,sdrf-tenders-awarded-value
723,84.0,81.0,84.0,78.0,81.0,86.0,82.0,84.0,84.0,83.0,79.0,85.0,85.0,84.0,89.0,90.0,88.0,86.0,87.0,84.0,85.0,83.0,85.0,83.0,85.0,82.0,85.0,84.0,83.0,88.0,75.0,89.0,78.0,85.0,85.0,2021_12,slope-mean
724,0.0,0.0,0.0,0.0,0.0,0.0,119440825.0,0.0,0.0,0.0,0.0,0.0,0.0,0.0,0.0,0.0,0.0,0.0,0.0,0.0,0.0,0.0,0.0,0.0,0.0,0.0,0.0,0.0,0.0,0.0,0.0,0.0,0.0,0.0,0.0,2021_12,sopd-tenders-awarded-value
725,56008.0,40765.0,44786.0,65408.0,40566.0,93735.0,65693.0,56287.0,31350.0,75587.0,63360.0,42377.0,49025.0,68332.0,33994.0,10403.0,103558.0,80707.0,27240.0,33348.0,30767.0,70977.0,50815.0,40712.0,25467.0,52397.0,37778.0,16076.0,30541.0,44658.0,23250.0,22980.0,7069.0,11822.0,20546.0,2021_12,sum-aged-population
726,1281881.0,1359043.0,1060533.0,1572628.0,1120104.0,2319902.0,1446186.0,1148639.0,694961.0,1391101.0,1487017.0,778295.0,997472.0,1291200.0,695437.0,284484.0,2087230.0,1374000.0,757942.0,796774.0,606535.0,1618630.0,1343547.0,959339.0,713721.0,1140900.0,870281.0,495616.0,658525.0,1101898.0,530164.0,359966.0,167349.0,318207.0,500585.0,2021_12,sum-population
727,1.06,1.04,0.06,0.1,12.89,49.22,9.45,72.54,68.35,124.06,60.53,43.51,22.91,29.36,78.98,151.57,265.68,186.36,141.74,0.23,0.35,13.18,2.28,0.03,0.6,0.12,1.75,16.76,4.82,21.4,0.28,35.94,12.91,0.04,1.22,2021_12,sum-rain
728,121651.0,106666.0,109635.0,137134.0,88492.0,187668.0,118737.0,106671.0,63338.0,139787.0,99072.0,58515.0,58475.0,106776.0,83027.0,25510.0,184741.0,163480.0,60524.0,68143.0,62610.0,107785.0,64455.0,49652.0,38117.0,110746.0,68454.0,22419.0,54999.0,89876.0,58131.0,54305.0,8786.0,24007.0,31297.0,2021_12,sum-young-population
729,,,,,,,,,,,,,,,,,,,,,,,,,,,,,,,,,,,,2021_12,topsis-score
730,0.0,0.0,0.0,0.0,0.0,0.0,0.0,0.0,0.0,0.0,0.0,0.0,0.0,0.0,0.0,0.0,0.0,0.0,0.0,0.0,0.0,0.0,0.0,0.0,0.0,0.0,0.0,0.0,0.0,0.0,0.0,0.0,0.0,0.0,0.0,2021_12,total-animal-affected
731,0.0,0.0,0.0,0.0,0.0,0.0,0.0,0.0,0.0,0.0,0.0,0.0,0.0,0.0,0.0,0.0,0.0,0.0,0.0,0.0,0.0,0.0,0.0,0.0,0.0,0.0,0.0,0.0,0.0,0.0,0.0,0.0,0.0,0.0,0.0,2021_12,total-animal-washed-away
732,214904.0,377710.0,240459.0,393378.0,267778.0,527427.0,318730.0,266928.0,195025.0,318555.0,311523.0,172096.0,272707.0,275841.0,103131.0,30119.0,416101.0,256161.0,165784.0,185414.0,105445.0,408132.0,327221.0,233278.0,132203.0,231859.0,185739.0,108235.0,150938.0,214866.0,202538.0,52339.0,39239.0,77895.0,112690.0,2021_12,total-hhd
733,0.0,0.0,0.0,0.0,0.0,0.0,0.0,0.0,0.0,0.0,0.0,0.0,0.0,0.0,0.0,0.0,0.0,0.0,0.0,0.0,0.0,0.0,0.0,0.0,0.0,0.0,0.0,0.0,0.0,0.0,0.0,0.0,0.0,0.0,0.0,2021_12,total-house-fully-damaged
734,0.0,0.0,0.0,0.0,530233263.05,21119860.73,119440825.0,166948578.39,0.0,0.0,0.0,0.0,20358366.0,0.0,0.0,0.0,0.0,0.0,0.0,0.0,0.0,0.0,25184245.27,0.0,0.0,0.0,0.0,0.0,0.0,0.0,0.0,0.0,0.0,0.0,0.0,2021_12,total-tender-awarded-value
735,43.98932267010756,5.144386888079183,24.18246369319196,2.0719326398805653,8.909372340284825,14.523458971432348,17.38480479972998,12.428285713267991,18.7238999923748,44.911270270226375,28.07006483630923,22.568294310271757,22.547394124288424,21.538219052939983,86.04086283868104,92.70805107896902,61.19674549088654,38.80036940166334,44.10043312221657,15.167158079097288,23.306941588540017,23.185619567722654,38.00611230326868,11.406913612118768,26.06572918305741,8.03002520888312,13.578760237089556,41.299449603990205,14.342280130815992,27.69210898233057,2.244012825278056,83.399830651071,3.6292408407182446,12.09850531991776,16.553468863374015,2021_12,trees
736,3,2,3,3,5,3,4,4,3,4,4,3,2,3,1,1,3,1,1,3,3,2,1,1,3,3,4,3,4,5,2,4,1,1,3,2021_12,vulnerability
737,2.654609351131904,9.630615276980134,6.643371280888395,20.947001480671915,11.80517407001968,5.84257517619834,8.7179659794783,5.973464137033906,3.387978930774807,4.00323160437465,6.859472077404234,2.861969389866096,1.4277478020110324,5.813265011130777,0.2681404095004063,0.5863044645090593,2.55288342933694,3.595196766302481,2.588808318998985,8.973122290459699,2.1210760126364976,5.18899783845898,6.29117971013233,6.026903398218473,1.3210913159798612,8.861808395697839,1.1571216590836426,1.2059520770946432,5.26686010187354,1.4860229404979866,20.30063594844775,0.675239009529183,13.529855142846449,2.9134399107229245,2.583854204629774,2021_12,water
738,9.0,7.5,8.9,8.0,7.2,9.8,9.8,8.3,7.0,8.6,10.2,10.4,10.3,8.8,7.2,8.1,9.8,9.8,9.5,9.1,8.2,10.1,12.1,10.5,9.0,9.2,8.3,8.6,8.9,8.0,6.7,5.8,9.4,7.0,11.6,2022_01,avg-electricity
739,2.2,2.6,2.0,2.0,2.4,2.0,2.2,2.4,2.0,2.0,2.0,2.2,2.2,2.3,2.0,2.5,2.2,2.4,2.0,2.2,2.2,2.4,2.5,2.1,2.3,2.0,2.2,2.0,2.3,2.3,2.0,2.0,2.5,2.3,2.2,2022_01,avg-tele
740,0.7926530269491988,7.531760711382733,5.9975841882527146,13.399743893694705,9.087423770641626,1.3559646022141194,11.16993018461264,3.321949651206243,5.2991176353693925,5.549417795933058,11.896881144583432,1.1135349370612126,0.4813646419853773,6.200207708738966,0.0032022457056181,0.0112955447522568,0.0442322942026991,0.0005821967384394,0.0007817744432644,5.446282937545654,2.6240657801650604,2.713399795461528,0.6252866012662451,1.5346122135798803,0.7279240894938651,9.113289753821244,0.692098757126833,0.0007835410233665,6.477376686892146,0.1040992334832411,18.30364889362488,0.0291324919691509,24.24725091913665,0.1021579643228508,0.9800489342396108,2022_01,bare-ground
741,0.0,0.0,0.0,0.0,0.0,0.0,0.0,0.0,0.0,0.0,0.0,0.0,0.0,0.0,0.0,0.0,0.0,0.0,0.0,0.0,0.0,0.0,0.0,0.0,0.0,0.0,0.0,0.0,0.0,0.0,0.0,0.0,0.0,0.0,0.0,2022_01,bridge
742,11.264850221750155,18.68685688043959,20.07028981164902,23.298894574607434,16.29951533262418,20.48813880453336,15.023216012689074,17.4522747070768,14.71861886001929,12.154705287272218,13.61867532627536,17.5099405252546,20.4814066773714,19.487721132368616,4.44886025271191,1.5368532584904049,9.10146485261492,18.16413114488408,11.692113258103412,29.03448414003954,25.207304333030816,19.642315297342577,41.77419085025272,22.52836057941624,17.184724781574545,20.83163737213544,19.833272477709933,15.361738693511066,16.307754508621432,18.67734995944407,13.584563748839374,3.06652116810747,7.895660111838286,23.186526086855533,20.951904792722186,2022_01,built-area
743,,,,,,,,,,,,,,,,,,,,,,,,,,,,,,,,,,,,2022_01,children-camp
744,0.0,0.0,0.0,0.0,0.0,0.0,0.0,0.0,0.0,0.0,0.0,0.0,0.0,0.0,0.0,0.0,0.0,0.0,0.0,0.0,0.0,0.0,0.0,0.0,0.0,0.0,0.0,0.0,0.0,0.0,0.0,0.0,0.0,0.0,0.0,2022_01,cidf-tenders-awarded-value
745,0.0,0.0,0.0,0.0,0.0,0.0,0.0,0.0,0.0,0.0,0.0,0.0,0.0,0.0,0.0,0.0,0.0,0.0,0.0,0.0,0.0,0.0,0.0,0.0,0.0,0.0,0.0,0.0,0.0,0.0,0.0,0.0,0.0,0.0,0.0,2022_01,clouds
746,,,,,,,,,,,,,,,,,,,,,,,,,,,,,,,,,,,,2022_01,count
747,0.0,0.0,0.0,0.0,0.0,0.0,0.0,0.0,0.0,0.0,0.0,0.0,0.0,0.0,0.0,0.0,0.0,0.0,0.0,0.0,0.0,0.0,0.0,0.0,0.0,0.0,0.0,0.0,0.0,0.0,0.0,0.0,0.0,0.0,0.0,2022_01,crop-area
748,34.9317704888082,52.40605978487702,41.90048690372884,39.78883882637817,54.938104096082654,52.84995016494956,42.430108230565374,59.220248011676354,53.84524370376692,23.916453965964777,37.007801509232486,51.49506236580305,51.5431523154699,40.48003041827815,7.3319902914434465,1.1705332822997936,25.11128351276798,39.4415642847609,38.76788596538208,38.85547024163674,40.535326387412894,49.82767215203262,14.305666246257186,63.02893160899544,54.33608252147262,54.67737476207797,66.94304859635157,44.30796823377707,53.5223113648856,51.12834615515126,36.66279815234376,8.66392715215393,38.3720622201222,64.73913688080393,63.92200816180048,2022_01,crops
749,4296.624151156235,2231.5993331549903,3585.3069321814023,1247.6117514050093,2700.336576957554,3477.530108369159,1557.3606551140049,2711.046414108986,2238.6415334905228,4159.102888381455,9491.630139883577,3889.6067327857527,7133.757644739055,3445.526862961011,8511.666927309077,4923.29748622475,3222.517655928944,4060.318063254274,4335.474967336042,1883.330083753236,975.2407923854796,4254.719948057848,3333.953706616405,1829.807307358248,1576.5499878215094,1098.83444541599,1489.926404330648,4700.953196095703,4363.59388114963,5163.44360094801,880.805632910103,4989.53282327419,1292.455559234692,1123.7037030160088,1578.254039674223,2022_01,distance-from-river
750,KOKRAJHAR,DHUBRI,GOALPARA,BARPETA,MORIGAON,NAGAON,SONITPUR,LAKHIMPUR,DHEMAJI,TINSUKIA,DIBRUGARH,SIVASAGAR,JORHAT,GOLAGHAT,KARBI ANGLONG,DIMA HASAO,CACHAR,KARIMGANJ,HAILAKANDI,BONGAIGAON,CHIRANG,KAMRUP,KAMRUP METRO,NALBARI,BAKSA,DARRANG,UDALGURI,CHARAIDEO,BISWANATH,HOJAI,SOUTH SALMARA MANCACHAR,WEST KARBI ANGLONG,MAJULI,BAJALI,TAMULPUR,2022_01,district
751,0.0005623749999999,0.0006515714285714,0.0005706,0.0006465,0.0005976,0.0005747142857142,0.000571,0.0006111428571428,0.0005535,0.00057375,0.0006251428571428,0.0006055,0.0006035999999999,0.0005855,0.00041,0.00031275,0.0004408,0.0005329999999999,0.0005025,0.0005798,0.000528,0.0005858461538461,0.00044875,0.000670625,0.0005907142857142,0.0006724,0.0006286666666666,0.000603,0.0006126666666666,0.00058,0.000585,0.000439,0.0006255,0.0006813333333333,0.0006636,2022_01,drainage-density
752,,,,,,,,,,,,,,,,,,,,,,,,,,,,,,,,,,,,2022_01,dtcode11
753,,,,,,,,,,,,,,,,,,,,,,,,,,,,,,,,,,,,2022_01,dtname
754,0.892336125,0.9275952857142856,0.8636792,0.8737891666666666,0.8007104,0.8779455714285714,0.832699,0.8284125714285714,0.8657298333333333,0.8166225,0.8363555714285714,0.88131625,0.9324282,0.8768676666666666,0.9583996666666668,1.0,0.8670698,0.9622118,0.94859225,0.8860098000000001,0.8912074000000001,0.9525425384615384,1.0,0.962015,0.8542915714285714,0.862842,0.8246266666666666,0.8798163333333333,0.8216853333333334,0.7807976666666666,0.914745,0.804262,0.952643,0.9769423333333332,0.8795656,2022_01,efficiency
755,63.0,33.0,49.0,40.0,63.0,72.0,86.0,96.0,141.0,142.0,113.0,99.0,105.0,97.0,347.0,607.0,155.0,36.0,47.0,54.0,84.0,82.0,114.0,49.0,70.0,59.0,91.0,112.0,86.0,125.0,26.0,483.0,85.0,47.0,71.0,2022_01,elevation-mean
756,0.0,0.0,0.0,0.0,0.0,0.0,0.0,0.0,0.0,0.0,0.0,0.0,0.0,0.0,0.0,0.0,0.0,0.0,0.0,0.0,0.0,0.0,0.0,0.0,0.0,0.0,0.0,0.0,0.0,0.0,0.0,0.0,0.0,0.0,0.0,2022_01,embankment-breached
757,0.0,0.0,0.0,0.0,0.0,0.0,0.0,0.0,0.0,0.0,0.0,0.0,0.0,0.0,0.0,0.0,0.0,0.0,0.0,0.0,0.0,0.0,0.0,0.0,0.0,0.0,0.0,0.0,0.0,0.0,0.0,0.0,0.0,0.0,0.0,2022_01,embankments-affected
758,1,2,2,3,2,4,5,1,1,5,2,2,2,2,2,1,5,3,2,1,1,1,4,1,1,3,1,1,2,5,4,3,1,1,1,2022_01,exposure
759,,,,,,,,,,,,,,,,,,,,,,,,,,,,,,,,,,,,2022_01,female-camp
760,2021-2022,2021-2022,2021-2022,2021-2022,2021-2022,2021-2022,2021-2022,2021-2022,2021-2022,2021-2022,2021-2022,2021-2022,2021-2022,2021-2022,2021-2022,2021-2022,2021-2022,2021-2022,2021-2022,2021-2022,2021-2022,2021-2022,2021-2022,2021-2022,2021-2022,2021-2022,2021-2022,2021-2022,2021-2022,2021-2022,2021-2022,2021-2022,2021-2022,2021-2022,2021-2022,2022_01,financial-year
761,1,1,1,4,5,5,3,3,3,4,3,3,2,2,2,1,1,1,1,1,1,2,2,1,2,2,1,2,4,3,1,3,3,3,1,2022_01,flood-hazard
762,,,,,,,,,,,,,,,,,,,,,,,,,,,,,,,,,,,,2022_01,flood-hazard-float
763,0.6919566134631445,0.0130738712947678,0.1555253828857338,0.070670317524941,0.3009575537051402,1.297652198820306,0.0403752298285348,0.0575528552506696,0.0418665903116203,0.4476628781144292,0.205718549547722,0.6821346650851449,0.71555397083185,0.3522390394504635,0.0001308687455715,0.0029179614859214,0.1999473249919585,0.354315401887915,0.3265545862272735,0.1142242087136369,0.0120753346183426,0.0388034671918635,0.1514026544257694,0.0733545189974068,0.000497097682435,0.0106451229965376,0.0,0.0309594757269307,0.1413892783954933,0.0211213460285527,0.0867816769319334,0.0076061202987784,0.0528964925144814,0.0002983981827297,0.0,2022_01,flooded-vegetation
764,5,5,4,5,4,5,5,5,5,5,4,5,5,5,5,5,5,5,5,5,5,5,4,5,5,5,5,5,5,5,5,5,4,5,5,2022_01,government-response
765,163,151,154,205,116,277,158,124,73,119,169,143,106,153,30,4,176,96,87,88,68,282,52,142,109,129,15,82,100,91,69,25,32,70,67,2022_01,health-centres-count
766,0,0,0,0,0,0,0,0,0,0,0,0,0,0,0,0,0,0,0,0,0,0,0,0,0,0,0,0,0,0,0,0,0,0,0,2022_01,human-live-lost
767,,,,,,,,,,,,,,,,,,,,,,,,,,,,,,,,,,,,2022_01,human-live-lost-children
768,,,,,,,,,,,,,,,,,,,,,,,,,,,,,,,,,,,,2022_01,human-live-lost-female
769,,,,,,,,,,,,,,,,,,,,,,,,,,,,,,,,,,,,2022_01,human-live-lost-male
770,0.0,0.0,0.0,0.0,0.0,0.0,0.0,0.0,0.0,0.0,0.0,0.0,40497687.58,0.0,0.0,0.0,0.0,0.0,0.0,0.0,0.0,0.0,0.0,0.0,0.0,0.0,0.0,0.0,0.0,0.0,0.0,0.0,0.0,0.0,0.0,2022_01,immediate-measures-tenders-awarded-value
771,0.0,0.0,0.0,0.0,0.0,0.0,0.0,0.0,0.0,0.0,0.0,0.0,0.0,0.0,0.0,0.0,0.0,0.0,0.0,0.0,0.0,0.0,0.0,0.0,0.0,0.0,0.0,0.0,0.0,0.0,0.0,0.0,0.0,0.0,0.0,2022_01,inundation-intensity-mean
772,0.0,0.0,0.0,0.0,0.0,0.0,0.0,0.0,0.0,0.0,0.0,0.0,0.0,0.0,0.0,0.0,0.0,0.0,0.0,0.0,0.0,0.0,0.0,0.0,0.0,0.0,0.0,0.0,0.0,0.0,0.0,0.0,0.0,0.0,0.0,2022_01,inundation-intensity-mean-nonzero
773,0.0,0.0,0.0,0.0,0.0,0.0,0.0,0.0,0.0,0.0,0.0,0.0,0.0,0.0,0.0,0.0,0.0,0.0,0.0,0.0,0.0,0.0,0.0,0.0,0.0,0.0,0.0,0.0,0.0,0.0,0.0,0.0,0.0,0.0,0.0,2022_01,inundation-intensity-sum
774,0.0,0.0,0.0,0.0,0.0,0.0,0.0,0.0,0.0,0.0,0.0,0.0,0.0,0.0,0.0,0.0,0.0,0.0,0.0,0.0,0.0,0.0,0.0,0.0,0.0,0.0,0.0,0.0,0.0,0.0,0.0,0.0,0.0,0.0,0.0,2022_01,inundation-pct
775,0.0,0.0,0.0,0.0,0.0,0.0,0.0,0.0,0.0,0.0,0.0,0.0,0.0,0.0,0.0,0.0,0.0,0.0,0.0,0.0,0.0,0.0,0.0,0.0,0.0,0.0,0.0,0.0,0.0,0.0,0.0,0.0,0.0,0.0,0.0,2022_01,ltif-tenders-awarded-value
776,,,,,,,,,,,,,,,,,,,,,,,,,,,,,,,,,,,,2022_01,male-camp
777,0.03,0.02,0.04,0.07,0.09,0.09,0.07,0.07,0.08,0.11,0.07,0.07,0.07,0.07,0.08,0.06,0.04,0.05,0.04,0.03,0.07,0.08,0.07,0.03,0.07,0.06,0.05,0.05,0.07,0.08,0.03,0.09,0.07,0.07,0.02,2022_01,max-rain
778,79.02868494142712,101.80280753365652,92.94383900653578,105.59323892727154,101.52151689605476,82.80184981421402,96.12358569934148,83.9078683433952,82.58482453454118,85.28440626816572,92.33941954273553,80.5484411209615,79.26767921681454,87.0143854317649,73.9235270160713,74.45407242468538,76.22171823123378,78.77654329987095,76.5297175055914,92.84413483394596,78.73454361714819,88.47737641290556,90.33791694141864,81.3350244170581,77.2968865972734,93.73693822422564,78.06937273928872,76.99096084367254,87.73877652848734,76.69919006241047,135.19869279538494,74.5890767941101,111.4923918776678,77.2774448783579,78.49346327750206,2022_01,mean-cn
779,-0.1030019326766235,-0.0542062084108307,-0.0509008528619724,-0.0575647719356026,-0.0891111223846841,-0.0700258455865289,-0.0446782512911695,-0.0728658908402499,-0.0741728368204739,-0.1182030573581033,-0.0375939578263021,-0.0213593546471561,-0.0804760585317371,-0.0641281496185163,-0.2198012704447474,-0.266488338064721,-0.2080899663935677,-0.1603560039832896,-0.1059187569489162,-0.0559843207826722,-0.0760384034951509,-0.0740726164387009,-0.1061385552844963,-0.0340563608870743,-0.0366471869530654,-0.0306630817023843,0.0175364489799927,-0.0745932597722963,-0.0470064484222336,-0.012948942499449,-0.0583891292620184,-0.2073843209301159,-0.0165398139440002,-0.0129775137169299,0.0006104168684371,2022_01,mean-ndbi
780,0.5718627814078122,0.3953191496684249,0.4447761279959527,0.3354819423947821,0.3785090787770105,0.4524809625879967,0.4177028813100713,0.4945889512403559,0.4945770428651574,0.589406408906811,0.4480568544448493,0.5057933696177526,0.5474133046276535,0.4932678260752217,0.7501330419879834,0.783333671838611,0.6504153150285038,0.5953060836551776,0.3055728635064795,0.4367318990612318,0.5439091823350481,0.4732879147020581,0.4742393061786484,0.4234594311606252,0.4879117128655649,0.3666419355064637,0.4287036690425764,0.5836082729996735,0.4671745030669223,0.4700432078332879,0.2580382034913031,0.7259820529268604,0.2812966426925156,0.4368445810614168,0.4238945596763598,2022_01,mean-ndvi
781,0.01,0.01,0.03,0.04,0.06,0.07,0.05,0.05,0.05,0.07,0.05,0.05,0.04,0.04,0.05,0.04,0.04,0.04,0.04,0.03,0.04,0.04,0.05,0.03,0.03,0.03,0.02,0.05,0.05,0.05,0.03,0.04,0.04,0.04,0.02,2022_01,mean-rain
782,0.94,0.94,0.94,0.94,0.95,0.94,0.93,0.94,0.93,0.93,0.94,0.93,0.94,0.94,0.92,0.91,0.94,0.94,0.93,0.95,0.94,0.93,0.91,0.93,0.95,0.93,0.94,0.93,0.93,0.94,0.94,0.93,0.94,0.94,0.95,2022_01,mean-sex-ratio
783,78683.46309,83470.903,78088.12,79714.84605,75490.3523,87424.20199999999,71470.137,90513.46103,104651.240916,68512.0013,81437.447,43095.76595,54183.314,128914.321604,35388.58,27888.17,66721.37,42827.17595,35287.21,42395.395,27850.66,74001.84561,6039.38,44021.984,58167.37587,76196.45569999999,93034.31635285716,23849.9,71288.401,78621.26999999999,17419.61,48488.349,16642.66,23559.76,71015.57777333334,2022_01,net-sown-area-in-hac
784,6852963.0,0.0,0.0,0.0,0.0,0.0,0.0,0.0,58212765.0,0.0,0.0,0.0,0.0,0.0,0.0,0.0,0.0,0.0,0.0,0.0,0.0,0.0,0.0,0.0,16847265.0,0.0,0.0,0.0,0.0,0.0,0.0,0.0,0.0,0.0,0.0,2022_01,others-tenders-awarded-value
785,0.0,0.0,0.0,0.0,0.0,0.0,0.0,0.0,0.0,0.0,0.0,0.0,0.0,0.0,0.0,0.0,0.0,0.0,0.0,0.0,0.0,0.0,0.0,0.0,0.0,0.0,0.0,0.0,0.0,0.0,0.0,0.0,0.0,0.0,0.0,2022_01,population-affected-total
786,62.0,342.0,34.0,5.0,10.0,45.0,35.0,38.0,77.0,43.0,49.0,27.0,41.0,43.0,32.0,146.0,46.0,45.0,28.0,81.0,8.0,45.0,80.0,11.0,0.0,0.0,24.0,24.0,19.0,30.0,0.0,0.0,0.0,9.0,6.0,2022_01,rail-count
787,145613.0,139561.0,78425.0,17621.0,30884.0,174517.0,138494.0,108334.0,121454.0,119685.0,123774.0,73292.0,86126.0,117155.0,73424.0,172636.0,103488.0,117739.0,90281.0,82273.0,24548.0,109026.0,89510.0,30164.0,0.0,0.0,66114.0,80492.0,74271.0,75327.0,0.0,0.0,0.0,28139.0,18201.0,2022_01,rail-length
788,5.348181495209121,6.11422582825285,4.222401286928734,6.325469252768145,2.68036631042268,4.138311105335525,6.36787949645059,2.4283219406002194,4.418716086861928,8.77291435501842,4.531429300907208,4.18961517513282,2.210791467401826,8.27238914406129,3.13934663740754,4.6924371708647925,2.466942021750114,1.4861342710638126,1.8722924922271555,4.158213202779798,4.20388925251038,2.8250830466856347,1.818306465032017,1.195214100601416,3.623357912080288,3.0711036919448205,1.1631100930371554,1.5694427659100232,4.954940498899165,1.8239676215399023,10.509433698879796,6.54063950414741,12.1976826979844,0.1831885030970285,1.2896898194313615,2022_01,rangeland
789,3131,1557,1979,1848,1512,2564,3445,2998,2483,3810,3379,1567,1865,3523,7337,4884,3783,1839,1329,1088,1926,3283,834,1036,1526,1611,1987,1073,1783,1456,684,3073,970,470,877,2022_01,rc-area
790,22.9,25.01,25.42,15.04,15.81,23.51,13.19,16.32,20.87,24.89,12.8,8.96,12.07,15.06,23.47,23.25,15.87,14.25,19.26,12.86,25.35,9.48,11.61,21.25,15.46,13.0,15.96,19.71,28.46,27.66,28.09,28.84,17.28,9.75,12.15,2022_01,rc-nosanitation-hhds-pct
791,2.85,1.19,3.55,2.25,3.35,4.98,6.04,2.83,2.26,3.42,4.19,6.81,14.25,7.18,1.95,6.36,8.53,5.57,4.01,2.04,1.03,3.32,11.46,9.66,2.8,5.1,3.07,3.8,4.2,5.27,3.57,0.24,4.95,6.03,5.78,2022_01,rc-piped-hhds-pct
792,,,,,,,,,,,,,,,,,,,,,,,,,,,,,,,,,,,,2022_01,relief-camp-inmates
793,6852963.0,0.0,0.0,0.0,0.0,0.0,0.0,89810655.0,58212765.0,0.0,133730855.0,0.0,0.0,0.0,0.0,0.0,0.0,0.0,0.0,0.0,0.0,0.0,0.0,0.0,16847265.0,0.0,0.0,0.0,0.0,0.0,0.0,0.0,0.0,5988642.0,0.0,2022_01,restoration-measures-tenders-awarded-value
794,,,,,,,,,,,,,,,,,,,,,,,,,,,,,,,,,,,,2022_01,revenue-ci
795,0.0,0.0,0.0,0.0,0.0,0.0,0.0,0.0,58212765.0,0.0,0.0,0.0,0.0,0.0,0.0,0.0,0.0,0.0,0.0,0.0,0.0,0.0,0.0,0.0,0.0,0.0,0.0,0.0,0.0,0.0,0.0,0.0,0.0,0.0,0.0,2022_01,ridf-tenders-awarded-value
796,1,1,1,4,5,5,4,4,3,5,4,3,2,3,2,1,1,2,1,1,2,2,2,1,2,2,2,2,4,5,1,4,3,3,1,2022_01,risk-score
797,40.54,31.89,45.07,42.6,49.44,54.64,75.48,92.75,0.0,131.61,117.77,96.69,81.32,128.12,0.0,131.14,21.68,17.73,21.84,50.9,52.85,49.68,50.19,50.66,0.0,0.0,0.0,97.89,0.0,0.0,0.0,752.4,0.0,0.0,161.02,2022_01,riverlevel-max
798,5.064932795698924,11.810444121055326,14.882204301075268,7.086164874551971,19.13264516129032,7.767019969278034,33.60232794249776,37.42941628264209,0.0,63.96445418419822,30.62718384759233,68.28147849462366,16.240645161290324,44.936818996415774,0.0,32.77860215053763,13.76842845404894,10.364946236559138,11.19967741935484,9.63948387096774,10.568107526881722,7.53771712158809,22.736854838709675,6.319879032258064,0.0,0.0,0.0,32.595519713261645,0.0,0.0,0.0,407.2770588235294,0.0,0.0,45.16760215053763,2022_01,riverlevel-mean
799,0.0,0.0,0.0,0.0,0.0,0.0,0.0,0.0,0.0,0.0,0.0,0.0,0.0,0.0,0.0,0.0,6.52,0.0,0.0,0.0,0.0,0.0,0.0,0.0,0.0,0.0,0.0,0.0,0.0,0.0,0.0,0.0,0.0,0.0,0.0,2022_01,riverlevel-min
800,858892.0,705770.0,1011509.0,725891.0,634621.0,1331470.0,745620.0,804067.0,578686.0,1211943.0,1453600.0,700651.0,736030.0,1389863.0,752361.0,843185.0,988230.0,615579.0,483931.0,654117.0,547046.0,1589070.0,746938.0,450865.0,429399.0,767150.0,650574.0,485197.0,574075.0,560100.0,78936.0,457481.0,54196.0,461489.0,294016.0,2022_01,road-length
801,0.0,0.0,0.0,0.0,0.0,0.0,0.0,0.0,0.0,0.0,0.0,0.0,0.0,0.0,0.0,0.0,0.0,0.0,0.0,0.0,0.0,0.0,0.0,0.0,0.0,0.0,0.0,0.0,0.0,0.0,0.0,0.0,0.0,0.0,0.0,2022_01,roads
802,2788,3147,2578,2904,1994,3284,2025,3519,2301,1950,2431,1838,2072,2507,1757,1063,3322,3188,3016,1463,1336,3463,1151,1817,1497,1858,1795,1007,1291,1320,1381,925,805,813,995,2022_01,schools-count
803,0.0,0.0,0.0,0.0,0.0,0.0,0.0,0.0,0.0,0.0,0.0,0.0,0.0,0.0,0.0,0.0,0.0,0.0,0.0,0.0,0.0,0.0,0.0,0.0,0.0,0.0,0.0,0.0,0.0,0.0,0.0,0.0,0.0,0.0,0.0,2022_01,sdrf-sanctions-awarded-value
804,0.0,0.0,0.0,0.0,0.0,0.0,0.0,0.0,0.0,0.0,0.0,0.0,40497687.58,0.0,0.0,0.0,0.0,0.0,0.0,0.0,0.0,0.0,0.0,0.0,0.0,0.0,0.0,0.0,0.0,0.0,0.0,0.0,0.0,0.0,0.0,2022_01,sdrf-tenders-awarded-value
805,84.0,81.0,84.0,78.0,81.0,86.0,82.0,84.0,84.0,83.0,79.0,85.0,85.0,84.0,89.0,90.0,88.0,86.0,87.0,84.0,85.0,83.0,85.0,83.0,85.0,82.0,85.0,84.0,83.0,88.0,75.0,89.0,78.0,85.0,85.0,2022_01,slope-mean
806,6852963.0,0.0,0.0,0.0,0.0,0.0,0.0,0.0,0.0,0.0,0.0,0.0,0.0,0.0,0.0,0.0,0.0,0.0,0.0,0.0,0.0,0.0,0.0,0.0,6847997.0,0.0,0.0,0.0,0.0,0.0,0.0,0.0,0.0,0.0,0.0,2022_01,sopd-tenders-awarded-value
807,57857.0,42575.0,46470.0,67953.0,42280.0,97610.0,68323.0,58342.0,32533.0,78299.0,65397.0,43660.0,50348.0,70723.0,35381.0,10818.0,107625.0,84067.0,28439.0,34649.0,31827.0,73518.0,52534.0,42123.0,26244.0,54588.0,39025.0,16626.0,31591.0,46543.0,24163.0,23910.0,7312.0,12224.0,21238.0,2022_01,sum-aged-population
808,1285566.0,1380036.0,1071403.0,1592951.0,1134860.0,2349536.0,1457402.0,1159587.0,701395.0,1403053.0,1493591.0,780035.0,999320.0,1300195.0,701883.0,287573.0,2109650.0,1392873.0,767428.0,805117.0,610607.0,1631483.0,1355213.0,964758.0,719391.0,1155605.0,871748.0,496730.0,661663.0,1116144.0,539004.0,364058.0,166527.0,320250.0,501941.0,2022_01,sum-population
809,45.71,21.27,45.95,74.62,86.71,159.81,147.71,132.0,125.04,225.65,158.71,68.13,70.18,132.68,322.56,155.45,137.2,53.33,42.16,27.33,66.21,119.04,38.72,23.1,46.44,44.99,33.95,44.68,88.79,64.38,15.96,108.29,36.35,20.97,16.81,2022_01,sum-rain
810,121755.0,108187.0,110299.0,138171.0,89493.0,189578.0,119771.0,107159.0,63722.0,140321.0,98977.0,58320.0,58038.0,107008.0,83796.0,25721.0,186200.0,165255.0,61334.0,68671.0,62729.0,108185.0,64585.0,49770.0,38011.0,111967.0,68474.0,22454.0,55099.0,90898.0,58752.0,54830.0,8806.0,24043.0,31327.0,2022_01,sum-young-population
811,,,,,,,,,,,,,,,,,,,,,,,,,,,,,,,,,,,,2022_01,topsis-score
812,0.0,0.0,0.0,0.0,0.0,0.0,0.0,0.0,0.0,0.0,0.0,0.0,0.0,0.0,0.0,0.0,0.0,0.0,0.0,0.0,0.0,0.0,0.0,0.0,0.0,0.0,0.0,0.0,0.0,0.0,0.0,0.0,0.0,0.0,0.0,2022_01,total-animal-affected
813,0.0,0.0,0.0,0.0,0.0,0.0,0.0,0.0,0.0,0.0,0.0,0.0,0.0,0.0,0.0,0.0,0.0,0.0,0.0,0.0,0.0,0.0,0.0,0.0,0.0,0.0,0.0,0.0,0.0,0.0,0.0,0.0,0.0,0.0,0.0,2022_01,total-animal-washed-away
814,214904.0,377710.0,240459.0,393378.0,267778.0,527427.0,318730.0,266928.0,195025.0,318555.0,311523.0,172096.0,272707.0,275841.0,103131.0,30119.0,416101.0,256161.0,165784.0,185414.0,105445.0,408132.0,327221.0,233278.0,132203.0,231859.0,185739.0,108235.0,150938.0,214866.0,202538.0,52339.0,39239.0,77895.0,112690.0,2022_01,total-hhd
815,0.0,0.0,0.0,0.0,0.0,0.0,0.0,0.0,0.0,0.0,0.0,0.0,0.0,0.0,0.0,0.0,0.0,0.0,0.0,0.0,0.0,0.0,0.0,0.0,0.0,0.0,0.0,0.0,0.0,0.0,0.0,0.0,0.0,0.0,0.0,2022_01,total-house-fully-damaged
816,6852963.0,0.0,0.0,0.0,0.0,0.0,0.0,0.0,58212765.0,0.0,133730855.0,0.0,40497687.58,0.0,0.0,0.0,0.0,0.0,0.0,0.0,0.0,0.0,0.0,0.0,16847265.0,0.0,0.0,0.0,0.0,0.0,0.0,0.0,0.0,0.0,0.0,2022_01,total-tender-awarded-value
817,44.82310382182993,6.321206822171816,22.17775765494202,1.73608459730065,7.428591072756205,13.738477714009118,16.926471024044787,11.86243788406468,18.492079646139395,45.3288068036129,26.16921253871126,22.293049479466347,23.1796731943248,20.00995806072238,84.83872280753643,92.05546516762968,60.388095350395474,37.62801177789037,45.0801965914072,14.646563349516626,25.17195701278569,20.99890824542552,35.79076612553773,7.197226245997946,22.97002391129913,5.385593776164412,10.292381021660908,37.6018834218617,14.041094293919931,26.961889746398366,2.1720923479523893,81.043384726924,3.9934399889388095,9.326448302643366,10.394268862702978,2022_01,trees
818,3,2,3,3,5,3,4,4,3,4,4,3,2,3,1,1,3,1,1,3,3,2,1,1,3,3,4,3,4,5,2,4,1,1,3,2022_01,vulnerability
819,2.14748433199024,8.926816101581226,5.475954771612946,15.380298537726048,9.265041863767612,6.131505410138075,8.042019821808795,5.657214950125068,3.184357477531447,3.830038914084223,6.570281630742558,2.716662852196684,1.3880577326149368,5.197454496380245,0.2377468964495746,0.5304976144773761,2.688034643276909,2.92526092277451,2.2601753322097475,7.744761919768054,2.245381899476784,3.9538179958602666,5.534381057228192,4.442300732411621,1.15738968639711,6.9103555208594845,1.076089054113655,1.127223868189796,4.555133368386216,1.2832259379546722,18.680681481428,0.648788836399234,13.241007569465063,2.462243864094462,2.4620794291034347,2022_01,water
820,9.0,7.5,8.9,8.0,7.2,9.8,9.8,8.3,7.0,8.6,10.2,10.4,10.3,8.8,7.2,8.1,9.8,9.8,9.5,9.1,8.2,10.1,12.1,10.5,9.0,9.2,8.3,8.6,8.9,8.0,6.7,5.8,9.4,7.0,11.6,2022_02,avg-electricity
821,2.2,2.6,2.0,2.0,2.4,2.0,2.2,2.4,2.0,2.0,2.0,2.2,2.2,2.3,2.0,2.5,2.2,2.4,2.0,2.2,2.2,2.4,2.5,2.1,2.3,2.0,2.2,2.0,2.3,2.3,2.0,2.0,2.5,2.3,2.2,2022_02,avg-tele
822,0.7926530269491988,7.531760711382735,5.9975841882527146,13.399743893694705,9.087423770641625,1.3559646022141194,11.16993018461264,3.321949651206243,5.2991176353693925,5.549417795933058,11.896881144583432,1.1135349370612126,0.4813646419853772,6.200207708738966,0.0032022457056181,0.0112955447522568,0.0442322942026991,0.0005821967384394,0.0007817744432644,5.446282937545653,2.6240657801650604,2.713399795461528,0.6252866012662451,1.5346122135798803,0.7279240894938651,9.113289753821244,0.692098757126833,0.0007835410233665,6.477376686892146,0.1040992334832411,18.30364889362488,0.0291324919691509,24.24725091913665,0.1021579643228508,0.9800489342396108,2022_02,bare-ground
823,0.0,0.0,0.0,0.0,0.0,0.0,0.0,0.0,0.0,0.0,0.0,0.0,0.0,0.0,0.0,0.0,0.0,0.0,0.0,0.0,0.0,0.0,0.0,0.0,0.0,0.0,0.0,0.0,0.0,0.0,0.0,0.0,0.0,0.0,0.0,2022_02,bridge
824,11.264850221750155,18.68685688043959,20.07028981164902,23.29889457460743,16.29951533262418,20.48813880453336,15.023216012689074,17.4522747070768,14.71861886001929,12.154705287272218,13.61867532627536,17.5099405252546,20.481406677371403,19.487721132368616,4.44886025271191,1.5368532584904049,9.10146485261492,18.16413114488408,11.692113258103412,29.03448414003954,25.20730433303082,19.642315297342577,41.77419085025272,22.52836057941624,17.184724781574545,20.83163737213544,19.833272477709933,15.361738693511066,16.307754508621432,18.67734995944407,13.584563748839374,3.06652116810747,7.895660111838286,23.186526086855533,20.951904792722186,2022_02,built-area
825,,,,,,,,,,,,,,,,,,,,,,,,,,,,,,,,,,,,2022_02,children-camp
826,0.0,0.0,0.0,0.0,0.0,0.0,0.0,0.0,0.0,0.0,0.0,0.0,0.0,0.0,0.0,0.0,0.0,0.0,0.0,0.0,0.0,0.0,0.0,0.0,0.0,0.0,0.0,0.0,0.0,0.0,0.0,0.0,0.0,0.0,0.0,2022_02,cidf-tenders-awarded-value
827,0.0,0.0,0.0,0.0,0.0,0.0,0.0,0.0,0.0,0.0,0.0,0.0,0.0,0.0,0.0,0.0,0.0,0.0,0.0,0.0,0.0,0.0,0.0,0.0,0.0,0.0,0.0,0.0,0.0,0.0,0.0,0.0,0.0,0.0,0.0,2022_02,clouds
828,,,,,,,,,,,,,,,,,,,,,,,,,,,,,,,,,,,,2022_02,count
829,0.0,0.0,0.0,0.0,0.0,0.0,0.0,0.0,0.0,0.0,0.0,0.0,0.0,0.0,0.0,0.0,0.0,0.0,0.0,0.0,0.0,0.0,0.0,0.0,0.0,0.0,0.0,0.0,0.0,0.0,0.0,0.0,0.0,0.0,0.0,2022_02,crop-area
830,34.9317704888082,52.40605978487702,41.90048690372884,39.78883882637817,54.938104096082654,52.849950164949554,42.430108230565374,59.220248011676354,53.84524370376692,23.916453965964777,37.007801509232486,51.49506236580305,51.5431523154699,40.48003041827815,7.3319902914434465,1.1705332822997936,25.11128351276798,39.4415642847609,38.76788596538208,38.85547024163674,40.535326387412894,49.82767215203262,14.305666246257186,63.02893160899544,54.33608252147261,54.67737476207797,66.94304859635157,44.30796823377707,53.5223113648856,51.12834615515126,36.66279815234376,8.66392715215393,38.3720622201222,64.73913688080394,63.92200816180048,2022_02,crops
831,4296.624151156235,2231.5993331549903,3585.3069321814023,1247.6117514050093,2700.336576957554,3477.530108369159,1557.3606551140049,2711.0464141089856,2238.6415334905228,4159.102888381455,9491.630139883577,3889.6067327857527,7133.757644739055,3445.526862961011,8511.666927309076,4923.29748622475,3222.517655928944,4060.318063254274,4335.474967336042,1883.330083753236,975.2407923854796,4254.719948057848,3333.953706616405,1829.807307358248,1576.5499878215094,1098.83444541599,1489.926404330648,4700.953196095703,4363.59388114963,5163.44360094801,880.805632910103,4989.53282327419,1292.455559234692,1123.7037030160088,1578.254039674223,2022_02,distance-from-river
832,KOKRAJHAR,DHUBRI,GOALPARA,BARPETA,MORIGAON,NAGAON,SONITPUR,LAKHIMPUR,DHEMAJI,TINSUKIA,DIBRUGARH,SIVASAGAR,JORHAT,GOLAGHAT,KARBI ANGLONG,DIMA HASAO,CACHAR,KARIMGANJ,HAILAKANDI,BONGAIGAON,CHIRANG,KAMRUP,KAMRUP METRO,NALBARI,BAKSA,DARRANG,UDALGURI,CHARAIDEO,BISWANATH,HOJAI,SOUTH SALMARA MANCACHAR,WEST KARBI ANGLONG,MAJULI,BAJALI,TAMULPUR,2022_02,district
833,0.0005623749999999,0.0006515714285714,0.0005706,0.0006465,0.0005976,0.0005747142857142,0.000571,0.0006111428571428,0.0005535,0.00057375,0.0006251428571428,0.0006055,0.0006035999999999,0.0005855,0.00041,0.00031275,0.0004408,0.0005329999999999,0.0005025,0.0005798,0.000528,0.0005858461538461,0.00044875,0.000670625,0.0005907142857142,0.0006724,0.0006286666666666,0.000603,0.0006126666666666,0.00058,0.000585,0.000439,0.0006255,0.0006813333333333,0.0006636,2022_02,drainage-density
834,,,,,,,,,,,,,,,,,,,,,,,,,,,,,,,,,,,,2022_02,dtcode11
835,,,,,,,,,,,,,,,,,,,,,,,,,,,,,,,,,,,,2022_02,dtname
836,0.892336125,0.9275952857142856,0.8636792,0.8737891666666666,0.8007104,0.8779455714285714,0.832699,0.8284125714285714,0.8657298333333333,0.8166225,0.8363555714285714,0.88131625,0.9324282,0.8768676666666666,0.9583996666666668,1.0,0.8670698,0.9622118,0.94859225,0.8860098000000001,0.8912074000000001,0.9525425384615384,1.0,0.962015,0.8542915714285714,0.862842,0.8246266666666666,0.8798163333333333,0.8216853333333334,0.7807976666666666,0.914745,0.804262,0.952643,0.9769423333333332,0.8795656,2022_02,efficiency
837,63.0,33.0,49.0,40.0,63.0,72.0,86.0,96.0,141.0,142.0,113.0,99.0,105.0,97.0,347.0,607.0,155.0,36.0,47.0,54.0,84.0,82.0,114.0,49.0,70.0,59.0,91.0,112.0,86.0,125.0,26.0,483.0,85.0,47.0,71.0,2022_02,elevation-mean
838,0.0,0.0,0.0,0.0,0.0,0.0,0.0,0.0,0.0,0.0,0.0,0.0,0.0,0.0,0.0,0.0,0.0,0.0,0.0,0.0,0.0,0.0,0.0,0.0,0.0,0.0,0.0,0.0,0.0,0.0,0.0,0.0,0.0,0.0,0.0,2022_02,embankment-breached
839,0.0,0.0,0.0,0.0,0.0,0.0,0.0,0.0,0.0,0.0,0.0,0.0,0.0,0.0,0.0,0.0,0.0,0.0,0.0,0.0,0.0,0.0,0.0,0.0,0.0,0.0,0.0,0.0,0.0,0.0,0.0,0.0,0.0,0.0,0.0,2022_02,embankments-affected
840,1,2,2,3,2,4,5,1,1,5,2,2,2,2,2,1,5,3,2,1,1,1,4,1,1,3,1,1,2,5,4,3,1,1,1,2022_02,exposure
841,,,,,,,,,,,,,,,,,,,,,,,,,,,,,,,,,,,,2022_02,female-camp
842,2021-2022,2021-2022,2021-2022,2021-2022,2021-2022,2021-2022,2021-2022,2021-2022,2021-2022,2021-2022,2021-2022,2021-2022,2021-2022,2021-2022,2021-2022,2021-2022,2021-2022,2021-2022,2021-2022,2021-2022,2021-2022,2021-2022,2021-2022,2021-2022,2021-2022,2021-2022,2021-2022,2021-2022,2021-2022,2021-2022,2021-2022,2021-2022,2021-2022,2021-2022,2021-2022,2022_02,financial-year
843,2,3,2,2,1,1,2,4,4,2,2,2,3,2,1,1,1,1,1,2,3,2,1,3,2,3,4,2,3,1,2,1,3,1,5,2022_02,flood-hazard
844,,,,,,,,,,,,,,,,,,,,,,,,,,,,,,,,,,,,2022_02,flood-hazard-float
845,0.6919566134631445,0.0130738712947678,0.1555253828857338,0.070670317524941,0.3009575537051402,1.297652198820306,0.0403752298285348,0.0575528552506696,0.0418665903116203,0.4476628781144293,0.205718549547722,0.6821346650851449,0.71555397083185,0.3522390394504635,0.0001308687455715,0.0029179614859214,0.1999473249919585,0.354315401887915,0.3265545862272735,0.1142242087136369,0.0120753346183426,0.0388034671918635,0.1514026544257694,0.0733545189974068,0.000497097682435,0.0106451229965376,0.0,0.0309594757269307,0.1413892783954933,0.0211213460285527,0.0867816769319334,0.0076061202987784,0.0528964925144814,0.0002983981827297,0.0,2022_02,flooded-vegetation
846,5,5,5,5,4,5,5,5,4,5,4,5,5,5,5,5,5,5,5,5,5,5,4,5,5,5,5,5,5,5,5,5,4,5,5,2022_02,government-response
847,163,151,154,205,116,277,158,124,73,119,169,143,106,153,30,4,176,96,87,88,68,282,52,142,109,129,15,82,100,91,69,25,32,70,67,2022_02,health-centres-count
848,0,0,0,0,0,0,0,0,0,0,0,0,0,0,0,0,0,0,0,0,0,0,0,0,0,0,0,0,0,0,0,0,0,0,0,2022_02,human-live-lost
849,,,,,,,,,,,,,,,,,,,,,,,,,,,,,,,,,,,,2022_02,human-live-lost-children
850,,,,,,,,,,,,,,,,,,,,,,,,,,,,,,,,,,,,2022_02,human-live-lost-female
851,,,,,,,,,,,,,,,,,,,,,,,,,,,,,,,,,,,,2022_02,human-live-lost-male
852,0.0,0.0,0.0,0.0,0.0,0.0,0.0,27594617.11,0.0,0.0,0.0,0.0,0.0,0.0,0.0,0.0,0.0,0.0,0.0,0.0,0.0,0.0,0.0,0.0,0.0,0.0,0.0,0.0,0.0,0.0,0.0,0.0,0.0,0.0,0.0,2022_02,immediate-measures-tenders-awarded-value
853,0.0,0.0,0.0,0.0,0.0,0.0,0.0,0.0,0.0,0.0,0.0,0.0,0.0,0.0,0.0,0.0,0.0,0.0,0.0,0.0,0.0,0.0,0.0,0.0,0.0,0.0,0.0,0.0,0.0,0.0,0.0,0.0,0.0,0.0,0.0,2022_02,inundation-intensity-mean
854,0.0,0.0,0.0,0.0,0.0,0.0,0.0,0.0,0.0,0.0,0.0,0.0,0.0,0.0,0.0,0.0,0.0,0.0,0.0,0.0,0.0,0.0,0.0,0.0,0.0,0.0,0.0,0.0,0.0,0.0,0.0,0.0,0.0,0.0,0.0,2022_02,inundation-intensity-mean-nonzero
855,0.0,0.0,0.0,0.0,0.0,0.0,0.0,0.0,0.0,0.0,0.0,0.0,0.0,0.0,0.0,0.0,0.0,0.0,0.0,0.0,0.0,0.0,0.0,0.0,0.0,0.0,0.0,0.0,0.0,0.0,0.0,0.0,0.0,0.0,0.0,2022_02,inundation-intensity-sum
856,0.0,0.0,0.0,0.0,0.0,0.0,0.0,0.0,0.0,0.0,0.0,0.0,0.0,0.0,0.0,0.0,0.0,0.0,0.0,0.0,0.0,0.0,0.0,0.0,0.0,0.0,0.0,0.0,0.0,0.0,0.0,0.0,0.0,0.0,0.0,2022_02,inundation-pct
857,0.0,0.0,0.0,0.0,0.0,0.0,0.0,0.0,0.0,0.0,0.0,0.0,0.0,0.0,0.0,0.0,0.0,0.0,0.0,0.0,0.0,0.0,0.0,0.0,0.0,0.0,0.0,0.0,0.0,0.0,0.0,0.0,0.0,0.0,0.0,2022_02,ltif-tenders-awarded-value
858,,,,,,,,,,,,,,,,,,,,,,,,,,,,,,,,,,,,2022_02,male-camp
859,0.11,0.11,0.11,0.1,0.08,0.09,0.11,0.18,0.18,0.15,0.12,0.11,0.11,0.12,0.12,0.1,0.1,0.07,0.07,0.11,0.15,0.15,0.07,0.14,0.16,0.15,0.15,0.1,0.12,0.07,0.1,0.07,0.11,0.09,0.16,2022_02,max-rain
860,79.02868494142712,101.80280753365652,92.94383900653578,105.59323892727154,101.52151689605476,82.80184981421402,96.12358569934148,83.9078683433952,82.58482453454118,85.28440626816572,92.33941954273553,80.5484411209615,79.26767921681454,87.0143854317649,73.9235270160713,74.45407242468538,76.22171823123378,78.77654329987095,76.5297175055914,92.844134833946,78.73454361714819,88.47737641290556,90.33791694141864,81.3350244170581,77.2968865972734,93.73693822422564,78.06937273928872,76.99096084367254,87.73877652848734,76.69919006241047,135.19869279538494,74.5890767941101,111.4923918776678,77.2774448783579,78.49346327750206,2022_02,mean-cn
861,-0.0601961796766018,-0.0149252490176982,-0.0058926411786065,-0.0569247076214745,-0.078600488722907,-0.0556367846084721,-0.0065890048358778,-0.0400479622543496,-0.0528898032775435,-0.0676658160527478,0.0076925117893453,0.0273016324692248,-0.0200684657180196,-0.0097821744285217,-0.1820031459177004,-0.2366318525190331,-0.1643413934829418,-0.0936225016876883,-0.0998308787990594,-0.0539840418954075,-0.0514154618798563,-0.0555116805713113,-0.0758587605480186,-0.0204098562327571,-0.0391943203622308,-0.0170097763676198,0.0234504837157888,-0.0174927521324269,0.0014056080403211,0.016608625999124,-0.0238847803344623,-0.1489792956711481,0.0215923616876442,-0.0217258980264913,-0.0246888054791633,2022_02,mean-ndbi
862,0.5010983921481913,0.3372076916222936,0.3598680988907621,0.3199096419519882,0.3235493705821269,0.3783917843963481,0.3639368501298785,0.4333078922630198,0.4444180083486901,0.5255155168757596,0.3862120298087229,0.4140021951767461,0.4603617958692771,0.4335934531578521,0.7036991579487725,0.7595224368016716,0.5497671265313148,0.4730344950491186,0.41052629622659,0.4166218083235125,0.4927423805654727,0.3937599672602554,0.358376138546926,0.3795121181575736,0.472744282081173,0.3116452368815309,0.3921867266084933,0.4810352224950482,0.4040852786580931,0.3971222604853481,0.2254447670715066,0.6604218698727531,0.2353641456305686,0.4243791819631367,0.4134394050666056,2022_02,mean-ndvi
863,0.09,0.1,0.09,0.08,0.06,0.07,0.09,0.12,0.12,0.1,0.09,0.1,0.1,0.1,0.08,0.07,0.07,0.05,0.06,0.1,0.11,0.07,0.04,0.09,0.1,0.09,0.12,0.09,0.1,0.05,0.09,0.05,0.1,0.07,0.15,2022_02,mean-rain
864,0.94,0.94,0.94,0.94,0.95,0.94,0.93,0.94,0.93,0.93,0.94,0.93,0.94,0.94,0.92,0.91,0.94,0.94,0.93,0.95,0.94,0.93,0.91,0.93,0.95,0.93,0.94,0.93,0.93,0.94,0.94,0.93,0.94,0.94,0.95,2022_02,mean-sex-ratio
865,78683.46309,83470.903,78088.12,79714.84605,75490.3523,87424.202,71470.137,90513.46103,104651.240916,68512.0013,81437.447,43095.76595,54183.314,128914.321604,35388.58,27888.17,66721.37,42827.17595,35287.21,42395.395,27850.66,74001.84561,6039.38,44021.984,58167.37587,76196.45569999999,93034.31635285716,23849.9,71288.401,78621.26999999999,17419.61,48488.349,16642.66,23559.76,71015.57777333334,2022_02,net-sown-area-in-hac
866,0.0,0.0,23821600.0,0.0,0.0,0.0,0.0,0.0,452731648.0,0.0,0.0,0.0,0.0,0.0,0.0,0.0,0.0,0.0,0.0,0.0,0.0,0.0,36790037.0,0.0,0.0,0.0,0.0,0.0,0.0,0.0,0.0,0.0,42083269.0,0.0,0.0,2022_02,others-tenders-awarded-value
867,0.0,0.0,0.0,0.0,0.0,0.0,0.0,0.0,0.0,0.0,0.0,0.0,0.0,0.0,0.0,0.0,0.0,0.0,0.0,0.0,0.0,0.0,0.0,0.0,0.0,0.0,0.0,0.0,0.0,0.0,0.0,0.0,0.0,0.0,0.0,2022_02,population-affected-total
868,62.0,342.0,34.0,5.0,10.0,45.0,35.0,38.0,77.0,43.0,49.0,27.0,41.0,43.0,32.0,146.0,46.0,45.0,28.0,81.0,8.0,45.0,80.0,11.0,0.0,0.0,24.0,24.0,19.0,30.0,0.0,0.0,0.0,9.0,6.0,2022_02,rail-count
869,145613.0,139561.0,78425.0,17621.0,30884.0,174517.0,138494.0,108334.0,121454.0,119685.0,123774.0,73292.0,86126.0,117155.0,73424.0,172636.0,103488.0,117739.0,90281.0,82273.0,24548.0,109026.0,89510.0,30164.0,0.0,0.0,66114.0,80492.0,74271.0,75327.0,0.0,0.0,0.0,28139.0,18201.0,2022_02,rail-length
870,5.348181495209121,6.11422582825285,4.222401286928735,6.325469252768145,2.68036631042268,4.138311105335524,6.36787949645059,2.428321940600219,4.418716086861928,8.77291435501842,4.531429300907208,4.18961517513282,2.210791467401826,8.272389144061291,3.13934663740754,4.6924371708647925,2.466942021750114,1.4861342710638126,1.8722924922271555,4.158213202779798,4.20388925251038,2.8250830466856347,1.818306465032017,1.195214100601416,3.623357912080288,3.0711036919448205,1.1631100930371554,1.5694427659100232,4.954940498899165,1.8239676215399023,10.509433698879796,6.54063950414741,12.1976826979844,0.1831885030970285,1.2896898194313615,2022_02,rangeland
871,3131,1557,1979,1848,1512,2564,3445,2998,2483,3810,3379,1567,1865,3523,7337,4884,3783,1839,1329,1088,1926,3283,834,1036,1526,1611,1987,1073,1783,1456,684,3073,970,470,877,2022_02,rc-area
872,22.9,25.01,25.42,15.04,15.81,23.51,13.19,16.32,20.87,24.89,12.8,8.96,12.07,15.06,23.47,23.25,15.87,14.25,19.26,12.86,25.35,9.48,11.61,21.25,15.46,13.0,15.96,19.71,28.46,27.66,28.09,28.84,17.28,9.75,12.15,2022_02,rc-nosanitation-hhds-pct
873,2.85,1.19,3.55,2.25,3.35,4.98,6.04,2.83,2.26,3.42,4.19,6.81,14.25,7.18,1.95,6.36,8.53,5.57,4.01,2.04,1.03,3.32,11.46,9.66,2.8,5.1,3.07,3.8,4.2,5.27,3.57,0.24,4.95,6.03,5.78,2022_02,rc-piped-hhds-pct
874,,,,,,,,,,,,,,,,,,,,,,,,,,,,,,,,,,,,2022_02,relief-camp-inmates
875,0.0,0.0,23821600.0,3979000.0,0.0,0.0,0.0,0.0,496599017.0,0.0,0.0,0.0,0.0,0.0,0.0,0.0,0.0,7199832.0,0.0,0.0,0.0,0.0,68479816.0,5631676.0,0.0,0.0,0.0,0.0,0.0,0.0,0.0,0.0,42083269.0,0.0,0.0,2022_02,restoration-measures-tenders-awarded-value
876,,,,,,,,,,,,,,,,,,,,,,,,,,,,,,,,,,,,2022_02,revenue-ci
877,0.0,0.0,0.0,0.0,0.0,0.0,0.0,0.0,0.0,0.0,0.0,0.0,0.0,0.0,0.0,0.0,0.0,0.0,0.0,0.0,0.0,0.0,36790037.0,0.0,0.0,0.0,0.0,0.0,0.0,0.0,0.0,0.0,0.0,0.0,0.0,2022_02,ridf-tenders-awarded-value
878,2,3,2,2,1,1,3,4,4,3,3,2,3,2,1,1,1,1,1,2,3,2,1,3,2,4,4,2,4,2,2,2,3,1,5,2022_02,risk-score
879,40.55,31.79,45.13,42.54,48.96,53.97,75.6,92.84,0.0,131.7,117.78,93.74,81.14,128.29,0.0,131.08,21.53,17.7,21.74,50.98,52.87,49.6,50.43,50.56,0.0,0.0,0.0,98.05,0.0,0.0,0.0,752.44,0.0,0.0,160.94,2022_02,riverlevel-max
880,5.063675595238095,11.76313840920984,14.854571428571427,7.076349206349207,19.00052380952381,7.636751700680271,33.57066354166666,37.45957442977191,0.0,63.971428571428575,30.632544231131185,68.29928956582634,16.19852380952381,44.980685404339255,0.0,32.75892857142857,13.666039516129032,9.91497619047619,11.169791666666669,9.63677380952381,10.562166666666666,7.532271062271063,22.707232142857144,6.316473214285715,0.0,0.0,0.0,32.6097619047619,0.0,0.0,0.0,409.3933333333333,0.0,0.0,45.15891666666667,2022_02,riverlevel-mean
881,0.0,0.0,0.0,0.0,0.0,0.0,0.0,0.0,0.0,0.0,0.0,0.0,0.0,0.0,0.0,0.0,6.89,0.0,0.0,0.0,0.0,0.0,0.0,0.0,0.0,0.0,0.0,0.0,0.0,0.0,0.0,66.32,0.0,0.0,0.0,2022_02,riverlevel-min
882,858892.0,705770.0,1011509.0,725891.0,634621.0,1331470.0,745620.0,804067.0,578686.0,1211943.0,1453600.0,700651.0,736030.0,1389863.0,752361.0,843185.0,988230.0,615579.0,483931.0,654117.0,547046.0,1589070.0,746938.0,450865.0,429399.0,767150.0,650574.0,485197.0,574075.0,560100.0,78936.0,457481.0,54196.0,461489.0,294016.0,2022_02,road-length
883,0.0,0.0,0.0,0.0,0.0,0.0,0.0,0.0,0.0,0.0,0.0,0.0,0.0,0.0,0.0,0.0,0.0,0.0,0.0,0.0,0.0,0.0,0.0,0.0,0.0,0.0,0.0,0.0,0.0,0.0,0.0,0.0,0.0,0.0,0.0,2022_02,roads
884,2788,3147,2578,2904,1994,3284,2025,3519,2301,1950,2431,1838,2072,2507,1757,1063,3322,3188,3016,1463,1336,3463,1151,1817,1497,1858,1795,1007,1291,1320,1381,925,805,813,995,2022_02,schools-count
885,0.0,0.0,0.0,0.0,0.0,0.0,0.0,0.0,0.0,0.0,0.0,0.0,0.0,0.0,0.0,0.0,0.0,0.0,0.0,0.0,0.0,0.0,0.0,0.0,0.0,0.0,0.0,0.0,0.0,0.0,0.0,0.0,0.0,0.0,0.0,2022_02,sdrf-sanctions-awarded-value
886,7420215.01,0.0,0.0,0.0,0.0,0.0,0.0,27594617.11,0.0,0.0,0.0,0.0,0.0,0.0,0.0,0.0,0.0,0.0,0.0,0.0,0.0,8060280.0,0.0,0.0,0.0,0.0,0.0,0.0,0.0,0.0,0.0,0.0,0.0,0.0,0.0,2022_02,sdrf-tenders-awarded-value
887,84.0,81.0,84.0,78.0,81.0,86.0,82.0,84.0,84.0,83.0,79.0,85.0,85.0,84.0,89.0,90.0,88.0,86.0,87.0,84.0,85.0,83.0,85.0,83.0,85.0,82.0,85.0,84.0,83.0,88.0,75.0,89.0,78.0,85.0,85.0,2022_02,slope-mean
888,0.0,0.0,23821600.0,0.0,0.0,0.0,0.0,0.0,496599017.0,0.0,0.0,0.0,0.0,0.0,0.0,0.0,0.0,0.0,0.0,0.0,0.0,0.0,31689779.0,5631676.0,0.0,0.0,0.0,0.0,0.0,0.0,0.0,0.0,42083269.0,0.0,0.0,2022_02,sopd-tenders-awarded-value
889,57857.0,42575.0,46470.0,67953.0,42280.0,97610.0,68323.0,58342.0,32533.0,78299.0,65397.0,43660.0,50348.0,70723.0,35381.0,10818.0,107625.0,84067.0,28439.0,34649.0,31827.0,73518.0,52534.0,42123.0,26244.0,54588.0,39025.0,16626.0,31591.0,46543.0,24163.0,23910.0,7312.0,12224.0,21238.0,2022_02,sum-aged-population
890,1285566.0,1380036.0,1071403.0,1592951.0,1134860.0,2349536.0,1457402.0,1159587.0,701395.0,1403053.0,1493591.0,780035.0,999320.0,1300195.0,701883.0,287573.0,2109650.0,1392873.0,767428.0,805117.0,610607.0,1631483.0,1355213.0,964758.0,719391.0,1155605.0,871748.0,496730.0,661663.0,1116144.0,539004.0,364058.0,166527.0,320250.0,501941.0,2022_02,sum-population
891,279.49,136.95,169.38,136.24,70.76,168.96,288.81,323.48,266.15,347.59,293.13,144.59,175.26,306.4,503.09,282.66,236.72,77.86,57.81,102.21,214.02,182.72,33.78,78.14,131.82,124.84,233.9,88.54,165.02,59.67,57.18,133.06,90.83,32.54,123.43,2022_02,sum-rain
892,121755.0,108187.0,110299.0,138171.0,89493.0,189578.0,119771.0,107159.0,63722.0,140321.0,98977.0,58320.0,58038.0,107008.0,83796.0,25721.0,186200.0,165255.0,61334.0,68671.0,62729.0,108185.0,64585.0,49770.0,38011.0,111967.0,68474.0,22454.0,55099.0,90898.0,58752.0,54830.0,8806.0,24043.0,31327.0,2022_02,sum-young-population
893,,,,,,,,,,,,,,,,,,,,,,,,,,,,,,,,,,,,2022_02,topsis-score
894,0.0,0.0,0.0,0.0,0.0,0.0,0.0,0.0,0.0,0.0,0.0,0.0,0.0,0.0,0.0,0.0,0.0,0.0,0.0,0.0,0.0,0.0,0.0,0.0,0.0,0.0,0.0,0.0,0.0,0.0,0.0,0.0,0.0,0.0,0.0,2022_02,total-animal-affected
895,0.0,0.0,0.0,0.0,0.0,0.0,0.0,0.0,0.0,0.0,0.0,0.0,0.0,0.0,0.0,0.0,0.0,0.0,0.0,0.0,0.0,0.0,0.0,0.0,0.0,0.0,0.0,0.0,0.0,0.0,0.0,0.0,0.0,0.0,0.0,2022_02,total-animal-washed-away
896,214904.0,377710.0,240459.0,393378.0,267778.0,527427.0,318730.0,266928.0,195025.0,318555.0,311523.0,172096.0,272707.0,275841.0,103131.0,30119.0,416101.0,256161.0,165784.0,185414.0,105445.0,408132.0,327221.0,233278.0,132203.0,231859.0,185739.0,108235.0,150938.0,214866.0,202538.0,52339.0,39239.0,77895.0,112690.0,2022_02,total-hhd
897,0.0,0.0,0.0,0.0,0.0,0.0,0.0,0.0,0.0,0.0,0.0,0.0,0.0,0.0,0.0,0.0,0.0,0.0,0.0,0.0,0.0,0.0,0.0,0.0,0.0,0.0,0.0,0.0,0.0,0.0,0.0,0.0,0.0,0.0,0.0,2022_02,total-house-fully-damaged
898,7420215.01,0.0,23821600.0,3979000.0,0.0,0.0,0.0,27594617.11,496599017.0,0.0,0.0,0.0,0.0,0.0,0.0,0.0,0.0,7199832.0,0.0,0.0,0.0,8060280.0,68479816.0,5631676.0,0.0,0.0,0.0,0.0,0.0,0.0,0.0,0.0,42083269.0,0.0,0.0,2022_02,total-tender-awarded-value
899,44.82310382182993,6.321206822171816,22.17775765494202,1.7360845973006505,7.428591072756205,13.738477714009118,16.926471024044787,11.86243788406468,18.492079646139395,45.3288068036129,26.16921253871126,22.293049479466347,23.1796731943248,20.00995806072238,84.83872280753643,92.05546516762968,60.388095350395474,37.62801177789037,45.0801965914072,14.646563349516626,25.17195701278569,20.99890824542552,35.79076612553773,7.197226245997946,22.97002391129913,5.385593776164412,10.292381021660908,37.6018834218617,14.041094293919931,26.961889746398366,2.1720923479523893,81.043384726924,3.9934399889388095,9.326448302643366,10.394268862702978,2022_02,trees
900,3,2,3,3,5,3,4,4,3,4,4,3,2,3,1,1,3,1,1,3,3,2,1,1,3,3,4,3,4,5,2,4,1,1,3,2022_02,vulnerability
901,2.14748433199024,8.926816101581226,5.475954771612946,15.380298537726048,9.265041863767612,6.131505410138075,8.042019821808795,5.657214950125068,3.184357477531447,3.830038914084223,6.570281630742558,2.716662852196684,1.3880577326149368,5.197454496380245,0.2377468964495746,0.5304976144773761,2.688034643276909,2.92526092277451,2.2601753322097475,7.744761919768054,2.245381899476784,3.9538179958602666,5.534381057228192,4.442300732411621,1.15738968639711,6.9103555208594845,1.076089054113655,1.127223868189796,4.555133368386216,1.2832259379546722,18.680681481428,0.648788836399234,13.241007569465063,2.462243864094462,2.4620794291034347,2022_02,water
902,9.0,7.5,8.9,8.0,7.2,9.8,9.8,8.3,7.0,8.6,10.2,10.4,10.3,8.8,7.2,8.1,9.8,9.8,9.5,9.1,8.2,10.1,12.1,10.5,9.0,9.2,8.3,8.6,8.9,8.0,6.7,5.8,9.4,7.0,11.6,2022_03,avg-electricity
903,2.2,2.6,2.0,2.0,2.4,2.0,2.2,2.4,2.0,2.0,2.0,2.2,2.2,2.3,2.0,2.5,2.2,2.4,2.0,2.2,2.2,2.4,2.5,2.1,2.3,2.0,2.2,2.0,2.3,2.3,2.0,2.0,2.5,2.3,2.2,2022_03,avg-tele
904,0.7926530269491988,7.531760711382735,5.9975841882527146,13.399743893694705,9.087423770641626,1.3559646022141194,11.16993018461264,3.321949651206243,5.2991176353693925,5.549417795933058,11.896881144583432,1.1135349370612126,0.4813646419853773,6.200207708738966,0.0032022457056181,0.0112955447522568,0.0442322942026991,0.0005821967384394,0.0007817744432644,5.446282937545654,2.6240657801650604,2.713399795461528,0.6252866012662451,1.5346122135798803,0.7279240894938651,9.113289753821244,0.692098757126833,0.0007835410233665,6.477376686892146,0.1040992334832411,18.30364889362488,0.0291324919691509,24.24725091913665,0.1021579643228508,0.9800489342396108,2022_03,bare-ground
905,0.0,0.0,0.0,0.0,0.0,0.0,0.0,0.0,0.0,0.0,0.0,0.0,0.0,0.0,0.0,0.0,0.0,0.0,0.0,0.0,0.0,0.0,0.0,0.0,0.0,0.0,0.0,0.0,0.0,0.0,0.0,0.0,0.0,0.0,0.0,2022_03,bridge
906,11.264850221750155,18.68685688043959,20.07028981164902,23.29889457460743,16.29951533262418,20.48813880453336,15.023216012689074,17.4522747070768,14.71861886001929,12.154705287272218,13.61867532627536,17.5099405252546,20.481406677371403,19.487721132368616,4.44886025271191,1.5368532584904049,9.10146485261492,18.16413114488408,11.692113258103412,29.03448414003954,25.20730433303082,19.642315297342577,41.77419085025272,22.52836057941624,17.184724781574545,20.83163737213544,19.833272477709933,15.361738693511066,16.307754508621432,18.67734995944407,13.584563748839374,3.06652116810747,7.895660111838286,23.186526086855533,20.951904792722186,2022_03,built-area
907,,,,,,,,,,,,,,,,,,,,,,,,,,,,,,,,,,,,2022_03,children-camp
908,0.0,0.0,0.0,0.0,0.0,0.0,0.0,0.0,0.0,0.0,0.0,0.0,0.0,0.0,0.0,0.0,0.0,0.0,0.0,0.0,0.0,0.0,0.0,0.0,0.0,0.0,0.0,0.0,0.0,0.0,0.0,0.0,0.0,0.0,0.0,2022_03,cidf-tenders-awarded-value
909,0.0,0.0,0.0,0.0,0.0,0.0,0.0,0.0,0.0,0.0,0.0,0.0,0.0,0.0,0.0,0.0,0.0,0.0,0.0,0.0,0.0,0.0,0.0,0.0,0.0,0.0,0.0,0.0,0.0,0.0,0.0,0.0,0.0,0.0,0.0,2022_03,clouds
910,,,,,,,,,,,,,,,,,,,,,,,,,,,,,,,,,,,,2022_03,count
911,0.0,0.0,0.0,0.0,0.0,0.0,0.0,0.0,0.0,0.0,0.0,0.0,0.0,0.0,0.0,0.0,0.0,0.0,0.0,0.0,0.0,0.0,0.0,0.0,0.0,0.0,0.0,0.0,0.0,0.0,0.0,0.0,0.0,0.0,0.0,2022_03,crop-area
912,34.9317704888082,52.40605978487702,41.90048690372884,39.78883882637817,54.938104096082654,52.84995016494956,42.430108230565374,59.220248011676354,53.84524370376692,23.916453965964777,37.007801509232486,51.49506236580305,51.5431523154699,40.48003041827815,7.3319902914434465,1.1705332822997936,25.11128351276798,39.4415642847609,38.76788596538208,38.85547024163674,40.535326387412894,49.82767215203262,14.305666246257186,63.02893160899544,54.33608252147261,54.67737476207797,66.94304859635157,44.30796823377707,53.5223113648856,51.12834615515126,36.66279815234376,8.66392715215393,38.3720622201222,64.73913688080394,63.92200816180048,2022_03,crops
913,4296.624151156235,2231.5993331549903,3585.3069321814023,1247.6117514050093,2700.336576957554,3477.530108369159,1557.3606551140049,2711.0464141089856,2238.6415334905228,4159.102888381455,9491.630139883577,3889.6067327857527,7133.757644739055,3445.526862961011,8511.666927309076,4923.29748622475,3222.517655928944,4060.318063254274,4335.474967336042,1883.330083753236,975.2407923854796,4254.719948057848,3333.953706616405,1829.807307358248,1576.5499878215094,1098.83444541599,1489.926404330648,4700.953196095703,4363.59388114963,5163.44360094801,880.805632910103,4989.53282327419,1292.455559234692,1123.7037030160088,1578.254039674223,2022_03,distance-from-river
914,KOKRAJHAR,DHUBRI,GOALPARA,BARPETA,MORIGAON,NAGAON,SONITPUR,LAKHIMPUR,DHEMAJI,TINSUKIA,DIBRUGARH,SIVASAGAR,JORHAT,GOLAGHAT,KARBI ANGLONG,DIMA HASAO,CACHAR,KARIMGANJ,HAILAKANDI,BONGAIGAON,CHIRANG,KAMRUP,KAMRUP METRO,NALBARI,BAKSA,DARRANG,UDALGURI,CHARAIDEO,BISWANATH,HOJAI,SOUTH SALMARA MANCACHAR,WEST KARBI ANGLONG,MAJULI,BAJALI,TAMULPUR,2022_03,district
915,0.0005623749999999,0.0006515714285714,0.0005706,0.0006465,0.0005976,0.0005747142857142,0.000571,0.0006111428571428,0.0005535,0.00057375,0.0006251428571428,0.0006055,0.0006035999999999,0.0005855,0.00041,0.00031275,0.0004408,0.0005329999999999,0.0005025,0.0005798,0.000528,0.0005858461538461,0.00044875,0.000670625,0.0005907142857142,0.0006724,0.0006286666666666,0.000603,0.0006126666666666,0.00058,0.000585,0.000439,0.0006255,0.0006813333333333,0.0006636,2022_03,drainage-density
916,,,,,,,,,,,,,,,,,,,,,,,,,,,,,,,,,,,,2022_03,dtcode11
917,,,,,,,,,,,,,,,,,,,,,,,,,,,,,,,,,,,,2022_03,dtname
918,0.892336125,0.9275952857142856,0.8636792,0.8737891666666666,0.8007104,0.8779455714285714,0.832699,0.8284125714285714,0.8657298333333333,0.8166225,0.8363555714285714,0.88131625,0.9324282,0.8768676666666666,0.9583996666666668,1.0,0.8670698,0.9622118,0.94859225,0.8860098000000001,0.8912074000000001,0.9525425384615384,1.0,0.962015,0.8542915714285714,0.862842,0.8246266666666666,0.8798163333333333,0.8216853333333334,0.7807976666666666,0.914745,0.804262,0.952643,0.9769423333333332,0.8795656,2022_03,efficiency
919,63.0,33.0,49.0,40.0,63.0,72.0,86.0,96.0,141.0,142.0,113.0,99.0,105.0,97.0,347.0,607.0,155.0,36.0,47.0,54.0,84.0,82.0,114.0,49.0,70.0,59.0,91.0,112.0,86.0,125.0,26.0,483.0,85.0,47.0,71.0,2022_03,elevation-mean
920,0.0,0.0,0.0,0.0,0.0,0.0,0.0,0.0,0.0,0.0,0.0,0.0,0.0,0.0,0.0,0.0,0.0,0.0,0.0,0.0,0.0,0.0,0.0,0.0,0.0,0.0,0.0,0.0,0.0,0.0,0.0,0.0,0.0,0.0,0.0,2022_03,embankment-breached
921,0.0,0.0,0.0,0.0,0.0,0.0,0.0,0.0,0.0,0.0,0.0,0.0,0.0,0.0,0.0,0.0,0.0,0.0,0.0,0.0,0.0,0.0,0.0,0.0,0.0,0.0,0.0,0.0,0.0,0.0,0.0,0.0,0.0,0.0,0.0,2022_03,embankments-affected
922,1,2,2,3,2,4,5,1,1,5,2,2,2,2,2,1,5,3,2,1,1,1,4,1,1,3,1,1,2,5,4,3,1,1,1,2022_03,exposure
923,,,,,,,,,,,,,,,,,,,,,,,,,,,,,,,,,,,,2022_03,female-camp
924,2021-2022,2021-2022,2021-2022,2021-2022,2021-2022,2021-2022,2021-2022,2021-2022,2021-2022,2021-2022,2021-2022,2021-2022,2021-2022,2021-2022,2021-2022,2021-2022,2021-2022,2021-2022,2021-2022,2021-2022,2021-2022,2021-2022,2021-2022,2021-2022,2021-2022,2021-2022,2021-2022,2021-2022,2021-2022,2021-2022,2021-2022,2021-2022,2021-2022,2021-2022,2021-2022,2022_03,financial-year
925,1,2,1,1,1,1,2,2,3,2,3,2,1,2,1,2,4,4,3,1,1,3,1,3,2,4,4,2,2,1,2,1,3,1,4,2022_03,flood-hazard
926,,,,,,,,,,,,,,,,,,,,,,,,,,,,,,,,,,,,2022_03,flood-hazard-float
927,0.6919566134631445,0.0130738712947678,0.1555253828857338,0.070670317524941,0.3009575537051402,1.297652198820306,0.0403752298285348,0.0575528552506696,0.0418665903116203,0.4476628781144292,0.205718549547722,0.6821346650851449,0.71555397083185,0.3522390394504635,0.0001308687455715,0.0029179614859214,0.1999473249919585,0.354315401887915,0.3265545862272735,0.1142242087136369,0.0120753346183426,0.0388034671918635,0.1514026544257694,0.0733545189974068,0.000497097682435,0.0106451229965376,0.0,0.0309594757269307,0.1413892783954933,0.0211213460285527,0.0867816769319334,0.0076061202987784,0.0528964925144814,0.0002983981827297,0.0,2022_03,flooded-vegetation
928,1,5,5,2,5,2,5,5,5,5,5,5,5,5,5,5,5,5,5,4,4,5,4,5,5,4,5,5,5,5,5,5,5,5,5,2022_03,government-response
929,163,151,154,205,116,277,158,124,73,119,169,143,106,153,30,4,176,96,87,88,68,282,52,142,109,129,15,82,100,91,69,25,32,70,67,2022_03,health-centres-count
930,0,0,0,0,0,0,0,0,0,0,0,0,0,0,0,0,0,0,0,0,0,0,0,0,0,0,0,0,0,0,0,0,0,0,0,2022_03,human-live-lost
931,,,,,,,,,,,,,,,,,,,,,,,,,,,,,,,,,,,,2022_03,human-live-lost-children
932,,,,,,,,,,,,,,,,,,,,,,,,,,,,,,,,,,,,2022_03,human-live-lost-female
933,,,,,,,,,,,,,,,,,,,,,,,,,,,,,,,,,,,,2022_03,human-live-lost-male
934,0.0,0.0,0.0,0.0,0.0,0.0,0.0,0.0,0.0,0.0,161410916.43,0.0,0.0,0.0,0.0,0.0,0.0,0.0,0.0,0.0,0.0,0.0,0.0,0.0,0.0,0.0,0.0,0.0,0.0,0.0,0.0,0.0,0.0,0.0,0.0,2022_03,immediate-measures-tenders-awarded-value
935,0.0,0.0,0.0,0.0,0.0,0.0,0.0,0.0,0.0,0.0,0.0,0.0,0.0,0.0,0.0,0.0,0.0,0.0,0.0,0.0,0.0,0.0,0.0,0.0,0.0,0.0,0.0,0.0,0.0,0.0,0.0,0.0,0.0,0.0,0.0,2022_03,inundation-intensity-mean
936,0.0,0.0,0.0,0.0,0.0,0.0,0.0,0.0,0.0,0.0,0.0,0.0,0.0,0.0,0.0,0.0,0.0,0.0,0.0,0.0,0.0,0.0,0.0,0.0,0.0,0.0,0.0,0.0,0.0,0.0,0.0,0.0,0.0,0.0,0.0,2022_03,inundation-intensity-mean-nonzero
937,0.0,0.0,0.0,0.0,0.0,0.0,0.0,0.0,0.0,0.0,0.0,0.0,0.0,0.0,0.0,0.0,0.0,0.0,0.0,0.0,0.0,0.0,0.0,0.0,0.0,0.0,0.0,0.0,0.0,0.0,0.0,0.0,0.0,0.0,0.0,2022_03,inundation-intensity-sum
938,0.0,0.0,0.0,0.0,0.0,0.0,0.0,0.0,0.0,0.0,0.0,0.0,0.0,0.0,0.0,0.0,0.0,0.0,0.0,0.0,0.0,0.0,0.0,0.0,0.0,0.0,0.0,0.0,0.0,0.0,0.0,0.0,0.0,0.0,0.0,2022_03,inundation-pct
939,0.0,0.0,0.0,0.0,0.0,0.0,0.0,0.0,0.0,0.0,0.0,0.0,0.0,0.0,0.0,0.0,0.0,0.0,0.0,0.0,0.0,0.0,0.0,0.0,0.0,0.0,0.0,0.0,0.0,0.0,0.0,0.0,0.0,0.0,0.0,2022_03,ltif-tenders-awarded-value
940,,,,,,,,,,,,,,,,,,,,,,,,,,,,,,,,,,,,2022_03,male-camp
941,0.1,0.1,0.1,0.06,0.06,0.06,0.1,0.1,0.11,0.14,0.11,0.1,0.08,0.07,0.06,0.26,0.25,0.26,0.16,0.04,0.09,0.29,0.07,0.16,0.1,0.19,0.19,0.09,0.11,0.04,0.1,0.12,0.1,0.05,0.12,2022_03,max-rain
942,79.02868494142712,101.80280753365652,92.94383900653578,105.59323892727154,101.52151689605476,82.80184981421402,96.12358569934148,83.9078683433952,82.58482453454118,85.28440626816572,92.33941954273553,80.5484411209615,79.26767921681454,87.0143854317649,73.9235270160713,74.45407242468538,76.22171823123378,78.77654329987095,76.5297175055914,92.84413483394596,78.73454361714819,88.47737641290556,90.33791694141864,81.3350244170581,77.2968865972734,93.73693822422564,78.06937273928872,76.99096084367254,87.73877652848734,76.69919006241047,135.19869279538494,74.5890767941101,111.4923918776678,77.2774448783579,78.49346327750206,2022_03,mean-cn
943,-0.027697991623263,-0.0222414312425661,0.0108959082356257,-0.0543380734310684,-0.0762817605815595,-0.049804545334386,4.0649116084574485e-05,-0.0209273968936249,-0.0363583822930072,-0.0401151532492605,0.0245771987595631,0.0426865536714063,0.0029515011593621,0.0175235115531241,-0.1289059433628319,-0.1724449172800567,-0.1437220046470952,-0.0673040474303488,-0.0744369513124906,-0.0406819012687246,-0.0231094157393065,-0.0389534138778918,-0.035602851192131,-0.0170982977855432,-0.03432950093495,-0.0151976419420683,0.0142104096796903,0.0180257353652253,0.004694924244946,0.0379542883915867,-0.0272982306161016,-0.0900705645735704,0.0345962946108601,-0.0258838447184801,-0.0276544955294868,2022_03,mean-ndbi
944,0.4665104263441054,0.3042441822101037,0.3681845978415661,0.3219941924727691,0.3330882381707282,0.3688220740044819,0.3569553317748001,0.4160183731559474,0.4419140736311585,0.496511571119674,0.3724210325470996,0.423105547229429,0.458011392042763,0.3973273340806771,0.6313027089105069,0.6950904189193609,0.5933817280130737,0.4757757701080375,0.478825469489117,0.4005495499988984,0.4752080808460939,0.4309499186596209,0.394751070430837,0.4092986616282139,0.4926365558769399,0.3395336770422957,0.4091145506196445,0.467968016783527,0.41589050066224,0.3694876699735756,0.2277460320637149,0.5957584209332957,0.2626386259470117,0.4497969059077487,0.4467171667695117,2022_03,mean-ndvi
945,0.03,0.06,0.04,0.03,0.03,0.05,0.07,0.07,0.1,0.07,0.08,0.07,0.05,0.05,0.03,0.08,0.14,0.16,0.11,0.04,0.05,0.09,0.04,0.08,0.05,0.08,0.11,0.07,0.07,0.02,0.06,0.01,0.06,0.03,0.1,2022_03,mean-rain
946,0.94,0.94,0.94,0.94,0.95,0.94,0.93,0.94,0.93,0.93,0.94,0.93,0.94,0.94,0.92,0.91,0.94,0.94,0.93,0.95,0.94,0.93,0.91,0.93,0.95,0.93,0.94,0.93,0.93,0.94,0.94,0.93,0.94,0.94,0.95,2022_03,mean-sex-ratio
947,78683.46309,83470.903,78088.12,79714.84605000001,75490.3523,87424.202,71470.137,90513.46103,104651.240916,68512.0013,81437.447,43095.76595,54183.314,128914.321604,35388.58,27888.17,66721.37,42827.17595,35287.21,42395.395,27850.66,74001.84561,6039.38,44021.984,58167.37587,76196.45569999999,93034.31635285716,23849.9,71288.401,78621.26999999999,17419.61,48488.349,16642.66,23559.76,71015.57777333334,2022_03,net-sown-area-in-hac
948,14765833.0,0.0,0.0,29647449.0,0.0,0.0,153368555.0,0.0,75767114.34,0.0,166525900.0,0.0,0.0,0.0,0.0,0.0,0.0,0.0,0.0,0.0,0.0,0.0,1005673809.43,0.0,5441779.5,0.0,13639309.94,0.0,0.0,0.0,0.0,0.0,31230424.0,0.0,0.0,2022_03,others-tenders-awarded-value
949,0.0,0.0,0.0,0.0,0.0,0.0,0.0,0.0,0.0,0.0,0.0,0.0,0.0,0.0,0.0,0.0,0.0,0.0,0.0,0.0,0.0,0.0,0.0,0.0,0.0,0.0,0.0,0.0,0.0,0.0,0.0,0.0,0.0,0.0,0.0,2022_03,population-affected-total
950,62.0,342.0,34.0,5.0,10.0,45.0,35.0,38.0,77.0,43.0,49.0,27.0,41.0,43.0,32.0,146.0,46.0,45.0,28.0,81.0,8.0,45.0,80.0,11.0,0.0,0.0,24.0,24.0,19.0,30.0,0.0,0.0,0.0,9.0,6.0,2022_03,rail-count
951,145613.0,139561.0,78425.0,17621.0,30884.0,174517.0,138494.0,108334.0,121454.0,119685.0,123774.0,73292.0,86126.0,117155.0,73424.0,172636.0,103488.0,117739.0,90281.0,82273.0,24548.0,109026.0,89510.0,30164.0,0.0,0.0,66114.0,80492.0,74271.0,75327.0,0.0,0.0,0.0,28139.0,18201.0,2022_03,rail-length
952,5.348181495209121,6.11422582825285,4.222401286928735,6.325469252768145,2.68036631042268,4.138311105335524,6.36787949645059,2.428321940600219,4.418716086861928,8.77291435501842,4.531429300907208,4.18961517513282,2.210791467401826,8.272389144061291,3.13934663740754,4.6924371708647925,2.466942021750114,1.4861342710638126,1.8722924922271555,4.158213202779798,4.20388925251038,2.8250830466856347,1.818306465032017,1.195214100601416,3.623357912080288,3.0711036919448205,1.1631100930371554,1.5694427659100232,4.954940498899165,1.8239676215399023,10.509433698879796,6.54063950414741,12.1976826979844,0.1831885030970285,1.2896898194313615,2022_03,rangeland
953,3131,1557,1979,1848,1512,2564,3445,2998,2483,3810,3379,1567,1865,3523,7337,4884,3783,1839,1329,1088,1926,3283,834,1036,1526,1611,1987,1073,1783,1456,684,3073,970,470,877,2022_03,rc-area
954,22.9,25.01,25.42,15.04,15.81,23.51,13.19,16.32,20.87,24.89,12.8,8.96,12.07,15.06,23.47,23.25,15.87,14.25,19.26,12.86,25.35,9.48,11.61,21.25,15.46,13.0,15.96,19.71,28.46,27.66,28.09,28.84,17.28,9.75,12.15,2022_03,rc-nosanitation-hhds-pct
955,2.85,1.19,3.55,2.25,3.35,4.98,6.04,2.83,2.26,3.42,4.19,6.81,14.25,7.18,1.95,6.36,8.53,5.57,4.01,2.04,1.03,3.32,11.46,9.66,2.8,5.1,3.07,3.8,4.2,5.27,3.57,0.24,4.95,6.03,5.78,2022_03,rc-piped-hhds-pct
956,,,,,,,,,,,,,,,,,,,,,,,,,,,,,,,,,,,,2022_03,relief-camp-inmates
957,20559313.28,0.0,0.0,29647449.0,0.0,0.0,102831334.0,186845437.0,75767114.34,0.0,226321495.4,0.0,0.0,96461542.0,0.0,0.0,3600000.0,0.0,0.0,0.0,0.0,39046923.0,1018062285.4,0.0,5441779.5,98826773.0,13639309.94,0.0,0.0,0.0,0.0,0.0,31230424.0,9875850.0,0.0,2022_03,restoration-measures-tenders-awarded-value
958,,,,,,,,,,,,,,,,,,,,,,,,,,,,,,,,,,,,2022_03,revenue-ci
959,0.0,0.0,0.0,0.0,0.0,0.0,0.0,0.0,0.0,0.0,0.0,0.0,0.0,0.0,0.0,0.0,0.0,0.0,0.0,0.0,0.0,0.0,895319171.43,0.0,0.0,0.0,0.0,0.0,0.0,0.0,0.0,0.0,0.0,0.0,0.0,2022_03,ridf-tenders-awarded-value
960,1,2,1,1,2,1,3,3,3,3,3,2,1,2,1,2,4,4,3,1,1,3,1,3,2,4,4,2,2,2,2,2,3,1,4,2022_03,risk-score
961,40.47,31.72,44.85,43.02,50.75,57.5,76.08,93.52,0.0,131.66,117.75,93.66,82.8,128.9,0.0,131.18,22.08,17.77,21.69,50.98,52.78,49.58,50.54,50.5,0.0,0.0,0.0,97.77,0.0,0.0,0.0,752.4,0.0,0.0,161.08,2022_03,riverlevel-max
962,5.053951612903226,11.753738607270863,14.865849462365594,7.123996415770608,18.968461450469,7.66015197568389,33.72891443850267,37.53089665653496,0.0,63.946356382978735,30.65369687271677,68.19396276595745,16.2991914893617,44.88710106382979,0.0,32.759731182795704,13.680985544017338,9.758559139784946,11.035954301075268,9.621333333333334,10.551806451612904,7.503129859387922,22.7946370967742,6.3059408602150535,0.0,0.0,0.0,32.56088652482269,0.0,0.0,0.0,407.4508556149733,0.0,0.0,45.14968817204301,2022_03,riverlevel-mean
963,0.0,0.0,0.0,0.0,0.0,0.0,0.0,0.0,0.0,0.0,0.0,0.0,0.0,0.0,0.0,0.0,6.78,0.0,0.0,0.0,0.0,0.0,0.0,0.0,0.0,0.0,0.0,0.0,0.0,0.0,0.0,66.22,0.0,0.0,0.0,2022_03,riverlevel-min
964,858892.0,705770.0,1011509.0,725891.0,634621.0,1331470.0,745620.0,804067.0,578686.0,1211943.0,1453600.0,700651.0,736030.0,1389863.0,752361.0,843185.0,988230.0,615579.0,483931.0,654117.0,547046.0,1589070.0,746938.0,450865.0,429399.0,767150.0,650574.0,485197.0,574075.0,560100.0,78936.0,457481.0,54196.0,461489.0,294016.0,2022_03,road-length
965,0.0,0.0,0.0,0.0,0.0,0.0,0.0,0.0,0.0,0.0,0.0,0.0,0.0,0.0,0.0,0.0,0.0,0.0,0.0,0.0,0.0,0.0,0.0,0.0,0.0,0.0,0.0,0.0,0.0,0.0,0.0,0.0,0.0,0.0,0.0,2022_03,roads
966,2788,3147,2578,2904,1994,3284,2025,3519,2301,1950,2431,1838,2072,2507,1757,1063,3322,3188,3016,1463,1336,3463,1151,1817,1497,1858,1795,1007,1291,1320,1381,925,805,813,995,2022_03,schools-count
967,62397000.0,0.0,0.0,23913500.0,0.0,43339000.0,0.0,0.0,0.0,0.0,0.0,0.0,0.0,0.0,0.0,0.0,0.0,0.0,0.0,13296000.0,17545000.0,2722352.9411764704,837647.0588235294,0.0,0.0,7559000.0,0.0,0.0,0.0,0.0,0.0,0.0,0.0,0.0,0.0,2022_03,sdrf-sanctions-awarded-value
968,0.0,0.0,0.0,0.0,0.0,0.0,0.0,0.0,6998176.83,0.0,161410916.43,0.0,0.0,0.0,0.0,0.0,0.0,0.0,0.0,0.0,0.0,0.0,0.0,0.0,0.0,0.0,0.0,0.0,0.0,0.0,0.0,0.0,0.0,0.0,0.0,2022_03,sdrf-tenders-awarded-value
969,84.0,81.0,84.0,78.0,81.0,86.0,82.0,84.0,84.0,83.0,79.0,85.0,85.0,84.0,89.0,90.0,88.0,86.0,87.0,84.0,85.0,83.0,85.0,83.0,85.0,82.0,85.0,84.0,83.0,88.0,75.0,89.0,78.0,85.0,85.0,2022_03,slope-mean
970,0.0,0.0,0.0,29647449.0,0.0,0.0,152759822.0,0.0,49569299.0,0.0,225674210.0,0.0,0.0,0.0,0.0,0.0,0.0,0.0,0.0,0.0,0.0,0.0,119593114.0,0.0,5441779.5,98826773.0,9911488.91,0.0,0.0,0.0,0.0,0.0,31230424.0,0.0,0.0,2022_03,sopd-tenders-awarded-value
971,57857.0,42575.0,46470.0,67953.0,42280.0,97610.0,68323.0,58342.0,32533.0,78299.0,65397.0,43660.0,50348.0,70723.0,35381.0,10818.0,107625.0,84067.0,28439.0,34649.0,31827.0,73518.0,52534.0,42123.0,26244.0,54588.0,39025.0,16626.0,31591.0,46543.0,24163.0,23910.0,7312.0,12224.0,21238.0,2022_03,sum-aged-population
972,1285566.0,1380036.0,1071403.0,1592951.0,1134860.0,2349536.0,1457402.0,1159587.0,701395.0,1403053.0,1493591.0,780035.0,999320.0,1300195.0,701883.0,287573.0,2109650.0,1392873.0,767428.0,805117.0,610607.0,1631483.0,1355213.0,964758.0,719391.0,1155605.0,871748.0,496730.0,661663.0,1116144.0,539004.0,364058.0,166527.0,320250.0,501941.0,2022_03,sum-population
973,101.4,80.49,61.18,51.64,33.78,104.98,210.61,199.18,221.83,235.71,251.34,105.48,85.55,157.75,165.53,341.7,464.45,217.33,105.25,35.49,113.41,258.59,19.71,79.49,73.26,105.18,220.66,73.1,112.38,17.99,37.31,39.0,53.48,11.94,83.3,2022_03,sum-rain
974,121755.0,108187.0,110299.0,138171.0,89493.0,189578.0,119771.0,107159.0,63722.0,140321.0,98977.0,58320.0,58038.0,107008.0,83796.0,25721.0,186200.0,165255.0,61334.0,68671.0,62729.0,108185.0,64585.0,49770.0,38011.0,111967.0,68474.0,22454.0,55099.0,90898.0,58752.0,54830.0,8806.0,24043.0,31327.0,2022_03,sum-young-population
975,,,,,,,,,,,,,,,,,,,,,,,,,,,,,,,,,,,,2022_03,topsis-score
976,0.0,0.0,0.0,0.0,0.0,0.0,0.0,0.0,0.0,0.0,0.0,0.0,0.0,0.0,0.0,0.0,0.0,0.0,0.0,0.0,0.0,0.0,0.0,0.0,0.0,0.0,0.0,0.0,0.0,0.0,0.0,0.0,0.0,0.0,0.0,2022_03,total-animal-affected
977,0.0,0.0,0.0,0.0,0.0,0.0,0.0,0.0,0.0,0.0,0.0,0.0,0.0,0.0,0.0,0.0,0.0,0.0,0.0,0.0,0.0,0.0,0.0,0.0,0.0,0.0,0.0,0.0,0.0,0.0,0.0,0.0,0.0,0.0,0.0,2022_03,total-animal-washed-away
978,214904.0,377710.0,240459.0,393378.0,267778.0,527427.0,318730.0,266928.0,195025.0,318555.0,311523.0,172096.0,272707.0,275841.0,103131.0,30119.0,416101.0,256161.0,165784.0,185414.0,105445.0,408132.0,327221.0,233278.0,132203.0,231859.0,185739.0,108235.0,150938.0,214866.0,202538.0,52339.0,39239.0,77895.0,112690.0,2022_03,total-hhd
979,0.0,0.0,0.0,0.0,0.0,0.0,0.0,0.0,0.0,0.0,0.0,0.0,0.0,0.0,0.0,0.0,0.0,0.0,0.0,0.0,0.0,0.0,0.0,0.0,0.0,0.0,0.0,0.0,0.0,0.0,0.0,0.0,0.0,0.0,0.0,2022_03,total-house-fully-damaged
980,14765833.0,0.0,0.0,29647449.0,0.0,0.0,153368555.0,0.0,82765291.17,0.0,387085126.43,0.0,0.0,0.0,0.0,0.0,3600000.0,0.0,0.0,0.0,0.0,0.0,1021443410.43,0.0,5441779.5,98826773.0,13639309.94,0.0,0.0,0.0,0.0,0.0,31230424.0,0.0,0.0,2022_03,total-tender-awarded-value
981,44.82310382182993,6.321206822171816,22.17775765494202,1.7360845973006505,7.428591072756205,13.738477714009118,16.926471024044787,11.86243788406468,18.492079646139395,45.3288068036129,26.16921253871126,22.293049479466347,23.1796731943248,20.00995806072238,84.83872280753643,92.05546516762968,60.388095350395474,37.62801177789037,45.0801965914072,14.646563349516626,25.17195701278569,20.99890824542552,35.79076612553773,7.197226245997946,22.97002391129913,5.385593776164412,10.292381021660908,37.6018834218617,14.041094293919931,26.961889746398366,2.1720923479523893,81.043384726924,3.9934399889388095,9.326448302643366,10.394268862702978,2022_03,trees
982,3,2,3,3,5,3,4,4,3,4,4,3,2,3,1,1,3,1,1,3,3,2,1,1,3,3,4,3,4,5,2,4,1,1,3,2022_03,vulnerability
983,2.14748433199024,8.926816101581226,5.475954771612946,15.380298537726048,9.265041863767612,6.131505410138075,8.042019821808795,5.657214950125068,3.184357477531447,3.830038914084223,6.570281630742558,2.716662852196684,1.3880577326149368,5.197454496380245,0.2377468964495746,0.5304976144773761,2.688034643276909,2.92526092277451,2.2601753322097475,7.744761919768054,2.245381899476784,3.9538179958602666,5.534381057228192,4.442300732411621,1.15738968639711,6.9103555208594845,1.076089054113655,1.127223868189796,4.555133368386216,1.2832259379546722,18.680681481428,0.648788836399234,13.241007569465063,2.462243864094462,2.4620794291034347,2022_03,water
984,9.0,7.5,8.9,8.0,7.2,9.8,9.8,8.3,7.0,8.6,10.2,10.4,10.3,8.8,7.2,8.1,9.8,9.8,9.5,9.1,8.2,10.1,12.1,10.5,9.0,9.2,8.3,8.6,8.9,8.0,6.7,5.8,9.4,7.0,11.6,2022_04,avg-electricity
985,2.2,2.6,2.0,2.0,2.4,2.0,2.2,2.4,2.0,2.0,2.0,2.2,2.2,2.3,2.0,2.5,2.2,2.4,2.0,2.2,2.2,2.4,2.5,2.1,2.3,2.0,2.2,2.0,2.3,2.3,2.0,2.0,2.5,2.3,2.2,2022_04,avg-tele
986,0.7926530269491988,7.531760711382735,5.9975841882527146,13.399743893694705,9.087423770641626,1.3559646022141194,11.16993018461264,3.321949651206243,5.2991176353693925,5.549417795933058,11.896881144583432,1.1135349370612126,0.4813646419853773,6.200207708738966,0.0032022457056181,0.0112955447522568,0.0442322942026991,0.0005821967384394,0.0007817744432644,5.446282937545654,2.6240657801650604,2.713399795461528,0.6252866012662451,1.5346122135798803,0.7279240894938651,9.113289753821244,0.692098757126833,0.0007835410233665,6.477376686892146,0.1040992334832411,18.30364889362488,0.0291324919691509,24.24725091913665,0.1021579643228508,0.9800489342396108,2022_04,bare-ground
987,0.0,0.0,0.0,0.0,0.0,0.0,0.0,0.0,0.0,0.0,0.0,0.0,0.0,0.0,0.0,0.0,0.0,0.0,0.0,0.0,0.0,0.0,0.0,0.0,0.0,0.0,0.0,0.0,0.0,0.0,0.0,0.0,0.0,0.0,0.0,2022_04,bridge
988,11.264850221750155,18.68685688043959,20.07028981164902,23.298894574607434,16.29951533262418,20.48813880453336,15.023216012689074,17.4522747070768,14.71861886001929,12.154705287272218,13.61867532627536,17.5099405252546,20.4814066773714,19.487721132368616,4.44886025271191,1.5368532584904049,9.10146485261492,18.16413114488408,11.692113258103412,29.03448414003954,25.20730433303082,19.642315297342577,41.77419085025272,22.52836057941624,17.184724781574545,20.83163737213544,19.833272477709933,15.361738693511066,16.307754508621432,18.67734995944407,13.584563748839374,3.06652116810747,7.895660111838286,23.186526086855533,20.951904792722186,2022_04,built-area
989,,,,,,,,,,,,,,,,,,,,,,,,,,,,,,,,,,,,2022_04,children-camp
990,0.0,0.0,0.0,0.0,0.0,0.0,0.0,0.0,0.0,0.0,0.0,0.0,0.0,0.0,0.0,0.0,0.0,0.0,0.0,0.0,0.0,0.0,0.0,0.0,0.0,0.0,0.0,0.0,0.0,0.0,0.0,0.0,0.0,0.0,0.0,2022_04,cidf-tenders-awarded-value
991,0.0,0.0,0.0,0.0,0.0,0.0,0.0,0.0,0.0,0.0,0.0,0.0,0.0,0.0,0.0,0.0,0.0,0.0,0.0,0.0,0.0,0.0,0.0,0.0,0.0,0.0,0.0,0.0,0.0,0.0,0.0,0.0,0.0,0.0,0.0,2022_04,clouds
992,,,,,,,,,,,,,,,,,,,,,,,,,,,,,,,,,,,,2022_04,count
993,480.0,712.0,0.0,0.0,0.0,0.0,0.0,0.0,0.0,0.0,0.0,0.0,0.0,0.0,0.0,0.0,0.0,0.0,0.0,35.0,0.0,0.0,0.0,0.0,0.0,0.0,0.0,0.0,20.0,0.0,0.0,0.0,0.0,0.0,0.0,2022_04,crop-area
994,34.9317704888082,52.40605978487702,41.90048690372884,39.78883882637817,54.938104096082654,52.84995016494956,42.430108230565374,59.220248011676354,53.84524370376692,23.916453965964777,37.007801509232486,51.49506236580305,51.5431523154699,40.48003041827815,7.3319902914434465,1.1705332822997936,25.11128351276798,39.4415642847609,38.76788596538208,38.85547024163674,40.535326387412894,49.82767215203262,14.305666246257186,63.02893160899544,54.33608252147262,54.67737476207797,66.94304859635157,44.30796823377707,53.5223113648856,51.12834615515126,36.66279815234376,8.66392715215393,38.3720622201222,64.73913688080394,63.92200816180048,2022_04,crops
995,4296.624151156235,2231.5993331549903,3585.3069321814023,1247.6117514050093,2700.336576957554,3477.530108369159,1557.3606551140049,2711.0464141089856,2238.6415334905228,4159.102888381454,9491.630139883577,3889.6067327857527,7133.757644739053,3445.526862961011,8511.666927309076,4923.29748622475,3222.517655928944,4060.318063254274,4335.474967336042,1883.330083753236,975.2407923854796,4254.719948057848,3333.953706616405,1829.807307358248,1576.5499878215094,1098.83444541599,1489.926404330648,4700.953196095703,4363.59388114963,5163.44360094801,880.805632910103,4989.53282327419,1292.455559234692,1123.7037030160088,1578.254039674223,2022_04,distance-from-river
996,KOKRAJHAR,DHUBRI,GOALPARA,BARPETA,MORIGAON,NAGAON,SONITPUR,LAKHIMPUR,DHEMAJI,TINSUKIA,DIBRUGARH,SIVASAGAR,JORHAT,GOLAGHAT,KARBI ANGLONG,DIMA HASAO,CACHAR,KARIMGANJ,HAILAKANDI,BONGAIGAON,CHIRANG,KAMRUP,KAMRUP METRO,NALBARI,BAKSA,DARRANG,UDALGURI,CHARAIDEO,BISWANATH,HOJAI,SOUTH SALMARA MANCACHAR,WEST KARBI ANGLONG,MAJULI,BAJALI,TAMULPUR,2022_04,district
997,0.0005623749999999,0.0006515714285714,0.0005706,0.0006465,0.0005976,0.0005747142857142,0.000571,0.0006111428571428,0.0005535,0.00057375,0.0006251428571428,0.0006055,0.0006035999999999,0.0005855,0.00041,0.00031275,0.0004408,0.0005329999999999,0.0005025,0.0005798,0.000528,0.0005858461538461,0.00044875,0.000670625,0.0005907142857142,0.0006724,0.0006286666666666,0.000603,0.0006126666666666,0.00058,0.000585,0.000439,0.0006255,0.0006813333333333,0.0006636,2022_04,drainage-density
998,,,,,,,,,,,,,,,,,,,,,,,,,,,,,,,,,,,,2022_04,dtcode11
999,,,,,,,,,,,,,,,,,,,,,,,,,,,,,,,,,,,,2022_04,dtname
1000,0.89363725,0.9275952857142856,0.8636792,0.8737891666666666,0.8007104,0.8779455714285714,0.832699,0.8092168571428572,0.865783,0.8166225,0.8353172857142858,0.881316,0.9326772,0.8769126666666667,0.9583993333333334,1.0,0.8670698,0.9661068,0.948592,0.885972,0.8921759999999999,0.953080076923077,1.0,0.962015,0.8566925714285715,0.8628536,0.8247435555555556,0.8798163333333333,0.8191483333333333,0.7807976666666666,0.914745,0.804262,0.95447,0.9769423333333332,0.879565,2022_04,efficiency
1001,63.0,33.0,49.0,40.0,63.0,72.0,86.0,96.0,141.0,142.0,113.0,99.0,105.0,97.0,347.0,607.0,155.0,36.0,47.0,54.0,84.0,82.0,114.0,49.0,70.0,59.0,91.0,112.0,86.0,125.0,26.0,483.0,85.0,47.0,71.0,2022_04,elevation-mean
1002,0.0,0.0,0.0,0.0,0.0,0.0,0.0,0.0,0.0,0.0,0.0,0.0,0.0,0.0,0.0,0.0,0.0,0.0,0.0,0.0,0.0,0.0,0.0,0.0,0.0,0.0,0.0,0.0,1.0,0.0,0.0,0.0,0.0,0.0,0.0,2022_04,embankment-breached
1003,0.0,0.0,0.0,0.0,0.0,0.0,0.0,0.0,0.0,0.0,0.0,0.0,0.0,0.0,0.0,0.0,0.0,4.0,0.0,0.0,0.0,0.0,0.0,0.0,0.0,0.0,0.0,0.0,0.0,0.0,0.0,0.0,0.0,0.0,0.0,2022_04,embankments-affected
1004,1,2,2,3,2,4,5,1,1,5,2,2,2,2,2,1,5,3,2,1,1,1,4,1,1,3,1,1,2,5,4,3,1,1,1,2022_04,exposure
1005,,,,,,,,,,,,,,,,,,,,,,,,,,,,,,,,,,,,2022_04,female-camp
1006,2022-2023,2022-2023,2022-2023,2022-2023,2022-2023,2022-2023,2022-2023,2022-2023,2022-2023,2022-2023,2022-2023,2022-2023,2022-2023,2022-2023,2022-2023,2022-2023,2022-2023,2022-2023,2022-2023,2022-2023,2022-2023,2022-2023,2022-2023,2022-2023,2022-2023,2022-2023,2022-2023,2022-2023,2022-2023,2022-2023,2022-2023,2022-2023,2022-2023,2022-2023,2022-2023,2022_04,financial-year
1007,3,4,2,3,1,1,2,2,2,3,4,2,1,1,1,1,1,1,1,4,3,1,1,3,3,2,3,3,3,1,2,1,2,3,3,2022_04,flood-hazard
1008,,,,,,,,,,,,,,,,,,,,,,,,,,,,,,,,,,,,2022_04,flood-hazard-float
1009,0.6919566134631445,0.0130738712947678,0.1555253828857338,0.070670317524941,0.3009575537051402,1.297652198820306,0.0403752298285348,0.0575528552506696,0.0418665903116203,0.4476628781144292,0.205718549547722,0.6821346650851449,0.71555397083185,0.3522390394504635,0.0001308687455715,0.0029179614859214,0.1999473249919585,0.354315401887915,0.3265545862272735,0.1142242087136369,0.0120753346183426,0.0388034671918635,0.1514026544257694,0.0733545189974068,0.000497097682435,0.0106451229965376,0.0,0.0309594757269307,0.1413892783954933,0.0211213460285527,0.0867816769319334,0.0076061202987784,0.0528964925144814,0.0002983981827297,0.0,2022_04,flooded-vegetation
1010,5,5,5,5,4,5,4,5,4,5,5,5,5,5,5,5,5,5,5,5,5,5,4,5,5,5,5,5,5,5,5,5,3,5,5,2022_04,government-response
1011,163,151,154,205,116,277,158,124,73,119,169,143,106,153,30,4,176,96,87,88,68,282,52,142,109,129,15,82,100,91,69,25,32,70,67,2022_04,health-centres-count
1012,0,0,0,0,0,0,0,1,0,0,0,0,0,0,0,0,0,0,0,0,0,0,0,0,0,0,0,0,0,0,0,0,0,0,0,2022_04,human-live-lost
1013,,,,,,,,,,,,,,,,,,,,,,,,,,,,,,,,,,,,2022_04,human-live-lost-children
1014,,,,,,,,,,,,,,,,,,,,,,,,,,,,,,,,,,,,2022_04,human-live-lost-female
1015,,,,,,,,,,,,,,,,,,,,,,,,,,,,,,,,,,,,2022_04,human-live-lost-male
1016,0.0,0.0,0.0,0.0,0.0,0.0,0.0,0.0,0.0,0.0,0.0,0.0,0.0,0.0,0.0,0.0,0.0,0.0,0.0,0.0,0.0,0.0,0.0,5745600.0,0.0,0.0,0.0,0.0,0.0,0.0,0.0,0.0,0.0,0.0,0.0,2022_04,immediate-measures-tenders-awarded-value
1017,0.0,0.0,0.0,0.0,0.0,0.0,0.0,0.0,0.0,0.0,0.0,0.0,0.0,0.0,0.0,0.0,0.0,0.0,0.0,0.0,0.0,0.0,0.0,0.0,0.0,0.0,0.0,0.0,0.0,0.0,0.0,0.0,0.0,0.0,0.0,2022_04,inundation-intensity-mean
1018,0.0,0.0,0.0,0.0,0.0,0.0,0.0,0.0,0.0,0.0,0.0,0.0,0.0,0.0,0.0,0.0,0.0,0.0,0.0,0.0,0.0,0.0,0.0,0.0,0.0,0.0,0.0,0.0,0.0,0.0,0.0,0.0,0.0,0.0,0.0,2022_04,inundation-intensity-mean-nonzero
1019,0.0,0.0,0.0,0.0,0.0,0.0,0.0,0.0,0.0,0.0,0.0,0.0,0.0,0.0,0.0,0.0,0.0,0.0,0.0,0.0,0.0,0.0,0.0,0.0,0.0,0.0,0.0,0.0,0.0,0.0,0.0,0.0,0.0,0.0,0.0,2022_04,inundation-intensity-sum
1020,0.0,0.0,0.0,0.0,0.0,0.0,0.0,0.0,0.0,0.0,0.0,0.0,0.0,0.0,0.0,0.0,0.0,0.0,0.0,0.0,0.0,0.0,0.0,0.0,0.0,0.0,0.0,0.0,0.0,0.0,0.0,0.0,0.0,0.0,0.0,2022_04,inundation-pct
1021,0.0,0.0,0.0,0.0,0.0,0.0,0.0,0.0,0.0,0.0,0.0,0.0,0.0,0.0,0.0,0.0,0.0,0.0,0.0,0.0,0.0,0.0,0.0,0.0,0.0,0.0,0.0,0.0,0.0,0.0,0.0,0.0,0.0,0.0,0.0,2022_04,ltif-tenders-awarded-value
1022,,,,,,,,,,,,,,,,,,,,,,,,,,,,,,,,,,,,2022_04,male-camp
1023,0.98,0.89,0.86,0.86,0.51,0.51,0.85,0.74,0.75,1.11,0.75,0.74,0.56,0.47,0.43,0.8,0.77,0.45,0.4,0.86,0.98,1.06,0.29,0.71,0.87,0.82,0.82,0.74,1.01,0.43,0.68,0.43,0.72,0.87,0.71,2022_04,max-rain
1024,79.02868494142712,101.80280753365652,92.94383900653578,105.59323892727154,101.52151689605476,82.80184981421402,96.12358569934148,83.9078683433952,82.58482453454118,85.28440626816572,92.33941954273553,80.5484411209615,79.26767921681454,87.0143854317649,73.9235270160713,74.45407242468538,76.22171823123378,78.77654329987095,76.5297175055914,92.84413483394596,78.73454361714819,88.47737641290556,90.33791694141864,81.3350244170581,77.2968865972734,93.73693822422564,78.06937273928872,76.99096084367254,87.73877652848734,76.69919006241047,135.19869279538494,74.5890767941101,111.4923918776678,77.2774448783579,78.49346327750206,2022_04,mean-cn
1025,0.0164323031031449,-0.00522683022689,0.0377842546790989,-0.0370545564342714,-0.0369567687409725,-0.0006484875935731,0.027936517120051,0.0127490627813462,-0.0075903207480433,-0.0115741445375888,0.0467868458317828,0.0764770268536268,0.0364821203446553,0.0562934020055496,-0.0611452701834285,-0.0976629382994194,-0.0855737025105016,-0.0139562488077172,-0.0208641679008366,-0.0138636129204506,-0.0006926753144734,-9.77628700405083e-05,0.0012170791767071,0.0150302727782671,0.0097893201866306,0.0139775978703277,0.0292449861003493,0.0618481558058347,0.0334341143113247,0.0931260752677755,0.0067361723007707,-0.0211861904415503,0.0402220479217547,0.0132159807163843,0.0315663142305455,2022_04,mean-ndbi
1026,0.4648882595182695,0.3407606612317028,0.343704428974515,0.3032267191253377,0.3292390569633138,0.3777036850991352,0.3433840425458614,0.4037566486258131,0.4436495790553982,0.4843255797090475,0.3462993406074944,0.3865197610956773,0.4251386154694886,0.3627169676330299,0.5819593679698469,0.6400426575167554,0.5601873718783417,0.4622210509415078,0.4637545478219214,0.3874534430239303,0.4511281233022869,0.3695513229030686,0.3351330518812346,0.369858848665419,0.4474597918504676,0.3186767463230507,0.3966599697301612,0.4276169001753201,0.3644194503200381,0.3400401614805157,0.2541216780339192,0.5321530007497174,0.2474569413053061,0.4032130852111876,0.3873070692511195,2022_04,mean-ndvi
1027,0.64,0.67,0.55,0.54,0.3,0.42,0.59,0.58,0.63,0.71,0.73,0.6,0.36,0.35,0.27,0.39,0.49,0.36,0.37,0.82,0.79,0.43,0.23,0.62,0.71,0.46,0.59,0.73,0.58,0.29,0.52,0.19,0.45,0.6,0.68,2022_04,mean-rain
1028,0.94,0.94,0.94,0.94,0.95,0.94,0.93,0.94,0.93,0.93,0.94,0.93,0.94,0.94,0.92,0.91,0.94,0.94,0.93,0.95,0.94,0.93,0.91,0.93,0.95,0.93,0.94,0.93,0.93,0.94,0.94,0.93,0.94,0.94,0.95,2022_04,mean-sex-ratio
1029,78683.46309,83470.903,78088.12,79714.84605,75490.3523,87424.20199999999,71470.137,90513.46103,104651.240916,68512.0013,81437.447,43095.76595,54183.314,128914.321604,35388.58,27888.17,66721.37,42827.17595,35287.21,42395.395,27850.66,74001.84561,6039.38,44021.984,58167.37587,76196.45569999999,93034.31635285716,23849.9,71288.401,78621.26999999999,17419.61,48488.349,16642.66,23559.76,71015.57777333334,2022_04,net-sown-area-in-hac
1030,14885088.0,0.0,0.0,9012004.0,143795991.0,0.0,119879436.0,0.0,144366984.77,0.0,7610532.0,0.0,0.0,0.0,0.0,0.0,0.0,67216200.02,0.0,0.0,0.0,0.0,69693031.0,0.0,16430548.0,44794076.0,0.0,0.0,0.0,0.0,0.0,0.0,62630217.0,0.0,0.0,2022_04,others-tenders-awarded-value
1031,5137.0,0.0,0.0,0.0,0.0,0.0,0.0,18.0,0.0,0.0,3857.0,0.0,0.0,0.0,0.0,0.0,0.0,0.0,0.0,0.0,0.0,0.0,0.0,0.0,0.0,0.0,0.0,0.0,2.0,0.0,0.0,0.0,0.0,0.0,0.0,2022_04,population-affected-total
1032,62.0,342.0,34.0,5.0,10.0,45.0,35.0,38.0,77.0,43.0,49.0,27.0,41.0,43.0,32.0,146.0,46.0,45.0,28.0,81.0,8.0,45.0,80.0,11.0,0.0,0.0,24.0,24.0,19.0,30.0,0.0,0.0,0.0,9.0,6.0,2022_04,rail-count
1033,145613.0,139561.0,78425.0,17621.0,30884.0,174517.0,138494.0,108334.0,121454.0,119685.0,123774.0,73292.0,86126.0,117155.0,73424.0,172636.0,103488.0,117739.0,90281.0,82273.0,24548.0,109026.0,89510.0,30164.0,0.0,0.0,66114.0,80492.0,74271.0,75327.0,0.0,0.0,0.0,28139.0,18201.0,2022_04,rail-length
1034,5.348181495209121,6.11422582825285,4.222401286928735,6.325469252768145,2.68036631042268,4.138311105335524,6.36787949645059,2.4283219406002194,4.418716086861928,8.77291435501842,4.531429300907208,4.18961517513282,2.210791467401826,8.272389144061291,3.13934663740754,4.6924371708647925,2.466942021750114,1.4861342710638126,1.8722924922271555,4.158213202779798,4.20388925251038,2.8250830466856347,1.818306465032017,1.195214100601416,3.623357912080288,3.0711036919448205,1.1631100930371554,1.5694427659100232,4.954940498899165,1.8239676215399023,10.509433698879796,6.54063950414741,12.1976826979844,0.1831885030970285,1.2896898194313615,2022_04,rangeland
1035,3131,1557,1979,1848,1512,2564,3445,2998,2483,3810,3379,1567,1865,3523,7337,4884,3783,1839,1329,1088,1926,3283,834,1036,1526,1611,1987,1073,1783,1456,684,3073,970,470,877,2022_04,rc-area
1036,22.9,25.01,25.42,15.04,15.81,23.51,13.19,16.32,20.87,24.89,12.8,8.96,12.07,15.06,23.47,23.25,15.87,14.25,19.26,12.86,25.35,9.48,11.61,21.25,15.46,13.0,15.96,19.71,28.46,27.66,28.09,28.84,17.28,9.75,12.15,2022_04,rc-nosanitation-hhds-pct
1037,2.85,1.19,3.55,2.25,3.35,4.98,6.04,2.83,2.26,3.42,4.19,6.81,14.25,7.18,1.95,6.36,8.53,5.57,4.01,2.04,1.03,3.32,11.46,9.66,2.8,5.1,3.07,3.8,4.2,5.27,3.57,0.24,4.95,6.03,5.78,2022_04,rc-piped-hhds-pct
1038,,,,,,,,,,,,,,,,,,,,,,,,,,,,,,,,,,,,2022_04,relief-camp-inmates
1039,14885088.0,0.0,0.0,9012004.0,205846954.01,0.0,119879436.0,84910058.0,144366984.8,0.0,0.0,0.0,42887156.0,0.0,0.0,0.0,0.0,67216200.02,0.0,0.0,0.0,87302379.0,35887896.0,0.0,16430548.0,44794076.0,0.0,0.0,0.0,0.0,0.0,0.0,62630217.0,5382000.0,0.0,2022_04,restoration-measures-tenders-awarded-value
1040,,,,,,,,,,,,,,,,,,,,,,,,,,,,,,,,,,,,2022_04,revenue-ci
1041,0.0,0.0,0.0,6912004.0,0.0,0.0,0.0,0.0,0.0,0.0,0.0,0.0,0.0,0.0,0.0,0.0,0.0,0.0,0.0,0.0,0.0,0.0,22274595.0,0.0,9953450.0,0.0,0.0,0.0,0.0,0.0,0.0,0.0,0.0,0.0,0.0,2022_04,ridf-tenders-awarded-value
1042,3,4,2,3,1,1,3,2,2,4,5,3,1,1,1,1,1,1,1,5,3,1,1,3,4,2,3,4,3,2,2,2,1,3,4,2022_04,risk-score
1043,41.0,31.88,44.98,43.83,53.79,59.55,76.75,94.48,0.0,134.45,117.88,96.86,85.33,128.57,0.0,131.32,22.8,17.81,21.9,51.28,52.94,50.54,50.68,51.48,0.0,0.0,0.0,102.6,0.0,0.0,0.0,752.77,0.0,0.0,161.86,2022_04,riverlevel-max
1044,5.075768072289157,11.986785641138177,15.40221686746988,7.115793650793651,19.915266666666668,8.086019261637238,34.64359137426901,37.95872222222222,0.0,64.2431388888889,30.92425288692252,69.216875,16.774816326530612,44.974694444444445,0.0,32.803333333333335,14.646058521778327,9.990273232323233,11.159675717852684,9.623449101796409,10.57289156626506,7.51563422922459,23.62576807228916,6.3690138888888885,0.0,0.0,0.0,33.01914814814815,0.0,0.0,0.0,411.8378212290503,0.0,0.0,45.30455555555555,2022_04,riverlevel-mean
1045,0.0,0.0,0.0,0.0,0.0,0.0,0.0,0.0,0.0,0.0,0.0,0.0,0.0,0.0,0.0,0.0,2.25,0.0,0.0,0.0,0.0,0.0,0.0,0.0,0.0,0.0,0.0,0.0,0.0,0.0,0.0,56.45,0.0,0.0,0.0,2022_04,riverlevel-min
1046,858892.0,705770.0,1011509.0,725891.0,634621.0,1331470.0,745620.0,804067.0,578686.0,1211943.0,1453600.0,700651.0,736030.0,1389863.0,752361.0,843185.0,988230.0,615579.0,483931.0,654117.0,547046.0,1589070.0,746938.0,450865.0,429399.0,767150.0,650574.0,485197.0,574075.0,560100.0,78936.0,457481.0,54196.0,461489.0,294016.0,2022_04,road-length
1047,1.0,0.0,0.0,0.0,0.0,0.0,0.0,0.0,0.0,0.0,0.0,0.0,0.0,0.0,0.0,0.0,0.0,0.0,0.0,0.0,0.0,0.0,0.0,0.0,0.0,0.0,0.0,0.0,1.0,0.0,0.0,0.0,0.0,0.0,0.0,2022_04,roads
1048,2788,3147,2578,2904,1994,3284,2025,3519,2301,1950,2431,1838,2072,2507,1757,1063,3322,3188,3016,1463,1336,3463,1151,1817,1497,1858,1795,1007,1291,1320,1381,925,805,813,995,2022_04,schools-count
1049,0.0,0.0,0.0,0.0,0.0,0.0,0.0,0.0,0.0,0.0,0.0,0.0,0.0,0.0,0.0,0.0,0.0,0.0,0.0,0.0,0.0,0.0,0.0,0.0,0.0,0.0,0.0,0.0,0.0,0.0,0.0,0.0,0.0,0.0,0.0,2022_04,sdrf-sanctions-awarded-value
1050,0.0,0.0,0.0,0.0,0.0,0.0,0.0,0.0,0.0,0.0,0.0,0.0,0.0,0.0,0.0,0.0,0.0,0.0,0.0,0.0,0.0,0.0,0.0,5745600.0,0.0,0.0,0.0,0.0,0.0,0.0,0.0,0.0,0.0,0.0,0.0,2022_04,sdrf-tenders-awarded-value
1051,84.0,81.0,84.0,78.0,81.0,86.0,82.0,84.0,84.0,83.0,79.0,85.0,85.0,84.0,89.0,90.0,88.0,86.0,87.0,84.0,85.0,83.0,85.0,83.0,85.0,82.0,85.0,84.0,83.0,88.0,75.0,89.0,78.0,85.0,85.0,2022_04,slope-mean
1052,0.0,0.0,0.0,2100000.0,143795991.0,0.0,119879436.0,84910058.0,144366984.77,0.0,7610532.0,0.0,0.0,0.0,0.0,0.0,0.0,67216200.02,0.0,0.0,0.0,0.0,47418436.0,0.0,2247500.0,44794076.0,0.0,0.0,0.0,0.0,0.0,0.0,62630217.0,0.0,0.0,2022_04,sopd-tenders-awarded-value
1053,57857.0,42575.0,46470.0,67953.0,42280.0,97610.0,68323.0,58342.0,32533.0,78299.0,65397.0,43660.0,50348.0,70723.0,35381.0,10818.0,107625.0,84067.0,28439.0,34649.0,31827.0,73518.0,52534.0,42123.0,26244.0,54588.0,39025.0,16626.0,31591.0,46543.0,24163.0,23910.0,7312.0,12224.0,21238.0,2022_04,sum-aged-population
1054,1285566.0,1380036.0,1071403.0,1592951.0,1134860.0,2349536.0,1457402.0,1159587.0,701395.0,1403053.0,1493591.0,780035.0,999320.0,1300195.0,701883.0,287573.0,2109650.0,1392873.0,767428.0,805117.0,610607.0,1631483.0,1355213.0,964758.0,719391.0,1155605.0,871748.0,496730.0,661663.0,1116144.0,539004.0,364058.0,166527.0,320250.0,501941.0,2022_04,sum-population
1055,2130.73,890.13,1018.98,884.07,357.57,960.68,1785.23,1577.68,1468.16,2473.55,2241.55,869.67,612.03,1085.22,1824.14,1689.56,1614.13,554.35,419.89,807.38,1378.8,1183.43,144.68,534.32,1026.58,636.48,1145.66,714.67,954.28,355.47,325.28,529.62,394.34,241.36,538.21,2022_04,sum-rain
1056,121755.0,108187.0,110299.0,138171.0,89493.0,189578.0,119771.0,107159.0,63722.0,140321.0,98977.0,58320.0,58038.0,107008.0,83796.0,25721.0,186200.0,165255.0,61334.0,68671.0,62729.0,108185.0,64585.0,49770.0,38011.0,111967.0,68474.0,22454.0,55099.0,90898.0,58752.0,54830.0,8806.0,24043.0,31327.0,2022_04,sum-young-population
1057,,,,,,,,,,,,,,,,,,,,,,,,,,,,,,,,,,,,2022_04,topsis-score
1058,0.0,0.0,0.0,0.0,0.0,0.0,0.0,0.0,0.0,0.0,0.0,0.0,0.0,0.0,0.0,0.0,0.0,0.0,0.0,0.0,0.0,0.0,0.0,0.0,0.0,0.0,0.0,0.0,483.0,0.0,0.0,0.0,0.0,0.0,0.0,2022_04,total-animal-affected
1059,0.0,0.0,0.0,0.0,0.0,0.0,0.0,0.0,0.0,0.0,0.0,0.0,0.0,0.0,0.0,0.0,0.0,0.0,0.0,0.0,0.0,0.0,0.0,0.0,0.0,0.0,0.0,0.0,0.0,0.0,0.0,0.0,0.0,0.0,0.0,2022_04,total-animal-washed-away
1060,214904.0,377710.0,240459.0,393378.0,267778.0,527427.0,318730.0,266928.0,195025.0,318555.0,311523.0,172096.0,272707.0,275841.0,103131.0,30119.0,416101.0,256161.0,165784.0,185414.0,105445.0,408132.0,327221.0,233278.0,132203.0,231859.0,185739.0,108235.0,150938.0,214866.0,202538.0,52339.0,39239.0,77895.0,112690.0,2022_04,total-hhd
1061,0.0,0.0,0.0,0.0,0.0,0.0,0.0,0.0,0.0,0.0,0.0,0.0,0.0,0.0,0.0,0.0,0.0,0.0,0.0,0.0,0.0,0.0,0.0,0.0,0.0,0.0,0.0,0.0,0.0,0.0,0.0,0.0,0.0,0.0,0.0,2022_04,total-house-fully-damaged
1062,14885088.0,0.0,0.0,9012004.0,143795991.0,0.0,119879436.0,84910058.0,144366984.77,0.0,7610532.0,0.0,0.0,0.0,0.0,0.0,0.0,67216200.02,0.0,0.0,0.0,0.0,69693031.0,5745600.0,16430548.0,44794076.0,0.0,0.0,0.0,0.0,0.0,0.0,62630217.0,0.0,0.0,2022_04,total-tender-awarded-value
1063,44.82310382182993,6.321206822171816,22.17775765494202,1.7360845973006505,7.428591072756205,13.73847771400912,16.926471024044787,11.86243788406468,18.492079646139395,45.3288068036129,26.16921253871126,22.293049479466347,23.1796731943248,20.00995806072238,84.83872280753643,92.05546516762968,60.388095350395474,37.62801177789037,45.0801965914072,14.64656334951663,25.17195701278569,20.99890824542552,35.79076612553773,7.197226245997946,22.97002391129913,5.385593776164412,10.292381021660908,37.6018834218617,14.041094293919931,26.961889746398366,2.1720923479523893,81.043384726924,3.9934399889388095,9.326448302643366,10.394268862702978,2022_04,trees
1064,3,2,3,3,5,3,4,4,3,4,4,3,2,3,1,1,3,1,1,3,3,2,1,1,3,3,4,3,4,5,2,4,1,1,3,2022_04,vulnerability
1065,2.14748433199024,8.926816101581226,5.475954771612946,15.380298537726048,9.265041863767612,6.131505410138075,8.042019821808795,5.657214950125068,3.184357477531447,3.830038914084223,6.570281630742558,2.716662852196684,1.3880577326149368,5.197454496380245,0.2377468964495746,0.5304976144773761,2.688034643276909,2.92526092277451,2.2601753322097475,7.744761919768054,2.245381899476784,3.9538179958602666,5.534381057228192,4.442300732411621,1.15738968639711,6.9103555208594845,1.076089054113655,1.127223868189796,4.555133368386216,1.2832259379546722,18.680681481428,0.648788836399234,13.241007569465063,2.462243864094462,2.4620794291034347,2022_04,water
1066,9.0,7.5,8.9,8.0,7.2,9.8,9.8,8.3,7.0,8.6,10.2,10.4,10.3,8.8,7.2,8.1,9.8,9.8,9.5,9.1,8.2,10.1,12.1,10.5,9.0,9.2,8.3,8.6,8.9,8.0,6.7,5.8,9.4,7.0,11.6,2022_05,avg-electricity
1067,2.2,2.6,2.0,2.0,2.4,2.0,2.2,2.4,2.0,2.0,2.0,2.2,2.2,2.3,2.0,2.5,2.2,2.4,2.0,2.2,2.2,2.4,2.5,2.1,2.3,2.0,2.2,2.0,2.3,2.3,2.0,2.0,2.5,2.3,2.2,2022_05,avg-tele
1068,0.7926530269491988,7.531760711382735,5.9975841882527146,13.399743893694705,9.087423770641625,1.3559646022141194,11.16993018461264,3.321949651206243,5.2991176353693925,5.549417795933058,11.89688114458343,1.1135349370612126,0.4813646419853773,6.200207708738966,0.0032022457056181,0.0112955447522568,0.0442322942026991,0.0005821967384394,0.0007817744432644,5.446282937545653,2.6240657801650604,2.713399795461527,0.6252866012662451,1.5346122135798803,0.7279240894938651,9.113289753821244,0.692098757126833,0.0007835410233665,6.477376686892146,0.1040992334832411,18.30364889362488,0.0291324919691509,24.24725091913665,0.1021579643228508,0.9800489342396108,2022_05,bare-ground
1069,0.0,0.0,1.0,8.0,0.0,1.0,4.0,0.0,0.0,0.0,0.0,0.0,0.0,0.0,0.0,0.0,1.0,1.0,1.0,0.0,0.0,1.0,0.0,5.0,1.0,3.0,4.0,0.0,1.0,0.0,0.0,0.0,0.0,0.0,2.0,2022_05,bridge
1070,11.264850221750155,18.68685688043959,20.07028981164902,23.29889457460743,16.29951533262418,20.48813880453336,15.023216012689074,17.4522747070768,14.71861886001929,12.154705287272218,13.61867532627536,17.5099405252546,20.4814066773714,19.487721132368616,4.44886025271191,1.5368532584904049,9.10146485261492,18.16413114488408,11.692113258103412,29.03448414003954,25.20730433303082,19.642315297342577,41.77419085025272,22.52836057941624,17.184724781574545,20.83163737213544,19.833272477709933,15.361738693511066,16.307754508621432,18.67734995944407,13.584563748839374,3.06652116810747,7.895660111838286,23.186526086855533,20.951904792722186,2022_05,built-area
1071,,,,,,,,,,,,,,,,,,,,,,,,,,,,,,,,,,,,2022_05,children-camp
1072,0.0,0.0,0.0,0.0,0.0,0.0,0.0,0.0,0.0,0.0,0.0,0.0,0.0,0.0,0.0,0.0,0.0,0.0,0.0,0.0,0.0,0.0,0.0,0.0,0.0,0.0,0.0,0.0,0.0,0.0,0.0,0.0,0.0,0.0,0.0,2022_05,cidf-tenders-awarded-value
1073,0.0,0.0,0.0,0.0,0.0,0.0,0.0,0.0,0.0,0.0,0.0,0.0,0.0,0.0,0.0,0.0,0.0,0.0,0.0,0.0,0.0,0.0,0.0,0.0,0.0,0.0,0.0,0.0,0.0,0.0,0.0,0.0,0.0,0.0,0.0,2022_05,clouds
1074,,,,,,,,,,,,,,,,,,,,,,,,,,,,,,,,,,,,2022_05,count
1075,2206.0,3512.0,16098.0,14814.0,14570.0,18869.0,1647.0,1347.0,500.0,19.0,4.0,0.0,171.0,63.0,0.0,0.0,8330.0,11.0,154.0,3042.0,0.0,5847.0,0.0,4326.0,2.0,19898.0,5659.0,3.0,2830.0,7275.0,0.0,0.0,293.0,194.0,128.0,2022_05,crop-area
1076,34.9317704888082,52.40605978487702,41.90048690372884,39.78883882637817,54.938104096082654,52.84995016494956,42.430108230565374,59.220248011676354,53.845243703766926,23.916453965964777,37.007801509232486,51.49506236580305,51.5431523154699,40.48003041827815,7.3319902914434465,1.1705332822997936,25.11128351276798,39.4415642847609,38.76788596538208,38.85547024163674,40.535326387412894,49.82767215203262,14.305666246257186,63.02893160899544,54.33608252147261,54.67737476207797,66.94304859635157,44.30796823377707,53.5223113648856,51.12834615515126,36.66279815234376,8.66392715215393,38.3720622201222,64.73913688080393,63.92200816180048,2022_05,crops
1077,4296.624151156235,2231.5993331549903,3585.3069321814023,1247.6117514050093,2700.336576957554,3477.5301083691584,1557.3606551140049,2711.0464141089856,2238.6415334905228,4159.102888381455,9491.630139883577,3889.6067327857527,7133.757644739055,3445.526862961011,8511.666927309077,4923.29748622475,3222.517655928944,4060.318063254274,4335.474967336042,1883.330083753236,975.2407923854796,4254.719948057848,3333.953706616405,1829.807307358248,1576.5499878215094,1098.83444541599,1489.926404330648,4700.953196095703,4363.59388114963,5163.44360094801,880.805632910103,4989.53282327419,1292.455559234692,1123.7037030160088,1578.254039674223,2022_05,distance-from-river
1078,KOKRAJHAR,DHUBRI,GOALPARA,BARPETA,MORIGAON,NAGAON,SONITPUR,LAKHIMPUR,DHEMAJI,TINSUKIA,DIBRUGARH,SIVASAGAR,JORHAT,GOLAGHAT,KARBI ANGLONG,DIMA HASAO,CACHAR,KARIMGANJ,HAILAKANDI,BONGAIGAON,CHIRANG,KAMRUP,KAMRUP METRO,NALBARI,BAKSA,DARRANG,UDALGURI,CHARAIDEO,BISWANATH,HOJAI,SOUTH SALMARA MANCACHAR,WEST KARBI ANGLONG,MAJULI,BAJALI,TAMULPUR,2022_05,district
1079,0.0005623749999999,0.0006515714285714,0.0005706,0.0006465,0.0005976,0.0005747142857142,0.000571,0.0006111428571428,0.0005535,0.00057375,0.0006251428571428,0.0006055,0.0006035999999999,0.0005855,0.00041,0.00031275,0.0004408,0.0005329999999999,0.0005025,0.0005798,0.000528,0.0005858461538461,0.00044875,0.000670625,0.0005907142857142,0.0006724,0.0006286666666666,0.000603,0.0006126666666666,0.00058,0.000585,0.000439,0.0006255,0.0006813333333333,0.0006636,2022_05,drainage-density
1080,,,,,,,,,,,,,,,,,,,,,,,,,,,,,,,,,,,,2022_05,dtcode11
1081,,,,,,,,,,,,,,,,,,,,,,,,,,,,,,,,,,,,2022_05,dtname
1082,0.8915196249999999,0.883709,0.8459161999999999,0.8571056666666667,0.8250258,0.8959592857142857,0.8268752500000001,0.7750715714285714,0.8079575,0.80164925,0.8062502857142857,0.905068,0.9238886,0.839315,0.9015153333333332,0.9709865,0.8350009999999999,0.9621912,0.940073,0.8567906000000001,0.8795344,0.9267532307692308,1.0,0.97315025,0.8471127142857142,0.8560168000000001,0.7937155555555555,0.8665113333333334,0.8254406666666667,0.7806536666666667,0.8967255,0.759805,0.793952,0.9885373333333334,0.8554416,2022_05,efficiency
1083,63.0,33.0,49.0,40.0,63.0,72.0,86.0,96.0,141.0,142.0,113.0,99.0,105.0,97.0,347.0,607.0,155.0,36.0,47.0,54.0,84.0,82.0,114.0,49.0,70.0,59.0,91.0,112.0,86.0,125.0,26.0,483.0,85.0,47.0,71.0,2022_05,elevation-mean
1084,0.0,0.0,0.0,7.0,1.0,3.0,0.0,0.0,0.0,0.0,0.0,0.0,0.0,0.0,0.0,0.0,31.0,0.0,0.0,0.0,0.0,0.0,0.0,5.0,0.0,3.0,8.0,0.0,8.0,4.0,0.0,0.0,0.0,0.0,0.0,2022_05,embankment-breached
1085,0.0,0.0,0.0,0.0,0.0,1.0,0.0,1.0,1.0,0.0,0.0,0.0,0.0,0.0,0.0,0.0,0.0,0.0,0.0,0.0,0.0,0.0,0.0,5.0,0.0,1.0,1.0,0.0,0.0,0.0,0.0,0.0,2.0,0.0,4.0,2022_05,embankments-affected
1086,1,2,2,3,2,4,5,1,1,5,2,2,2,2,2,1,5,3,2,1,1,1,4,1,1,3,1,1,2,5,4,3,1,1,1,2022_05,exposure
1087,,,,,,,,,,,,,,,,,,,,,,,,,,,,,,,,,,,,2022_05,female-camp
1088,2022-2023,2022-2023,2022-2023,2022-2023,2022-2023,2022-2023,2022-2023,2022-2023,2022-2023,2022-2023,2022-2023,2022-2023,2022-2023,2022-2023,2022-2023,2022-2023,2022-2023,2022-2023,2022-2023,2022-2023,2022-2023,2022-2023,2022-2023,2022-2023,2022-2023,2022-2023,2022-2023,2022-2023,2022-2023,2022-2023,2022-2023,2022-2023,2022-2023,2022-2023,2022-2023,2022_05,financial-year
1089,2,3,3,3,1,3,3,1,1,1,1,1,1,1,1,1,4,5,4,2,1,3,1,4,1,3,2,1,3,3,5,1,1,4,1,2022_05,flood-hazard
1090,,,,,,,,,,,,,,,,,,,,,,,,,,,,,,,,,,,,2022_05,flood-hazard-float
1091,0.6919566134631444,0.0130738712947678,0.1555253828857338,0.070670317524941,0.3009575537051402,1.297652198820306,0.0403752298285348,0.0575528552506696,0.0418665903116203,0.4476628781144292,0.205718549547722,0.6821346650851449,0.71555397083185,0.3522390394504635,0.0001308687455715,0.0029179614859214,0.1999473249919585,0.354315401887915,0.3265545862272735,0.1142242087136369,0.0120753346183426,0.0388034671918635,0.1514026544257694,0.0733545189974068,0.000497097682435,0.0106451229965376,0.0,0.0309594757269307,0.1413892783954933,0.0211213460285527,0.0867816769319334,0.0076061202987784,0.0528964925144814,0.0002983981827297,0.0,2022_05,flooded-vegetation
1092,5,5,5,5,4,5,4,4,4,5,5,5,5,5,5,5,5,4,5,5,5,5,5,5,5,5,5,5,5,5,5,5,4,5,5,2022_05,government-response
1093,163,151,154,205,116,277,158,124,73,119,169,143,106,153,30,4,176,96,87,88,68,282,52,142,109,129,15,82,100,91,69,25,32,70,67,2022_05,health-centres-count
1094,0,0,0,0,0,14,0,1,0,0,0,0,0,0,0,0,12,0,0,0,0,0,0,0,0,0,0,0,0,2,0,0,0,0,0,2022_05,human-live-lost
1095,,,,,,,,,,,,,,,,,,,,,,,,,,,,,,,,,,,,2022_05,human-live-lost-children
1096,,,,,,,,,,,,,,,,,,,,,,,,,,,,,,,,,,,,2022_05,human-live-lost-female
1097,,,,,,,,,,,,,,,,,,,,,,,,,,,,,,,,,,,,2022_05,human-live-lost-male
1098,54549148.68,0.0,0.0,5491376.0,0.0,9630000.0,0.0,23654895.0,8310636.0,0.0,8999635.0,0.0,0.0,0.0,0.0,0.0,0.0,0.0,0.0,0.0,8999992.0,8999665.0,0.0,0.0,0.0,0.0,0.0,0.0,0.0,0.0,0.0,0.0,0.0,0.0,0.0,2022_05,immediate-measures-tenders-awarded-value
1099,0.0031496170790452,0.0032095003477876,0.0160163325307453,0.0283540543240382,0.0502323564241314,0.101796745603886,0.0165511279929409,0.0206145627483898,0.0065004419030862,1.0343138794187195e-05,0.0025316955620453,0.0454416806837232,0.0095676335624339,0.0090334032415903,0.0016069972295077,1.049258920910485e-05,0.0509618888943575,0.0588349175874045,0.0564365535925566,0.0039327899312018,5.761580006099149e-05,0.0270694108948708,0.0132416142629872,0.0166008433839889,0.0011354355608598,0.0415347380221794,0.0076707369496128,0.0009161152038091,0.0469055054631598,0.1359088382636804,0.0126180640878621,0.0045349624508208,0.0092280327992797,0.0170994943718059,0.0033064123928004,2022_05,inundation-intensity-mean
1100,0.1,0.09,0.16,0.15,0.27,0.33,0.18,0.16,0.13,0.12,0.06,0.19,0.14,0.18,0.15,0.06,0.27,0.22,0.2,0.13,0.08,0.17,0.22,0.17,0.11,0.2,0.13,0.13,0.22,0.34,0.13,0.26,0.13,0.15,0.08,2022_05,inundation-intensity-mean-nonzero
1101,11217.25,18363.62,110170.25,150219.12,337034.75,798081.75,146867.62,182692.0,51015.25,132.5,38755.62,234179.12,53732.5,104115.12,45360.12,187.0,603808.75,213929.38,121949.38,14809.25,241.62,173017.25,32344.62,50270.12,3199.12,155090.25,13459.12,2752.38,190769.38,376633.38,22890.75,42578.25,27640.5,31191.0,3697.5,2022_05,inundation-intensity-sum
1102,1.971208073773785,2.4845474399658314,9.51975659047594,16.311269996004306,12.98374523533274,19.21420980004867,8.830128835169116,12.804666605275935,3.84970117662579,0.0082745110353475,1.4150866034705625,20.11676203486842,6.137896094586652,5.488921036763972,0.9754668462530302,0.0083940713672831,18.51560990235755,24.983020893717363,26.0876597305481,2.9152594417999422,0.046092640048807,13.347153475468282,3.8737242294905214,8.90047377320383,0.8568068524954602,16.694844058760914,6.075328030619366,0.7036495676364667,20.005554963090667,32.07673069458426,9.694284165091537,1.77589739870125,6.92873828415857,11.475959402590137,2.4480676695266803,2022_05,inundation-pct
1103,0.0,0.0,0.0,0.0,0.0,0.0,0.0,0.0,0.0,0.0,0.0,0.0,0.0,0.0,0.0,0.0,0.0,0.0,0.0,0.0,0.0,0.0,0.0,0.0,0.0,0.0,0.0,0.0,0.0,0.0,0.0,0.0,0.0,0.0,0.0,2022_05,ltif-tenders-awarded-value
1104,,,,,,,,,,,,,,,,,,,,,,,,,,,,,,,,,,,,2022_05,male-camp
1105,1.16,1.03,0.97,0.82,0.75,0.75,0.88,0.75,0.68,0.8,0.65,0.57,0.41,0.4,0.62,1.23,1.23,1.41,1.13,0.84,0.98,1.53,0.58,1.09,0.92,0.98,0.98,0.59,0.85,0.62,1.69,0.75,0.45,0.92,0.69,2022_05,max-rain
1106,79.02868494142712,101.80280753365652,92.94383900653578,105.59323892727154,101.52151689605476,82.80184981421402,96.12358569934148,83.9078683433952,82.58482453454118,85.28440626816572,92.33941954273553,80.5484411209615,79.26767921681454,87.0143854317649,73.9235270160713,74.45407242468538,76.22171823123378,78.77654329987095,76.5297175055914,92.844134833946,78.73454361714819,88.47737641290556,90.33791694141864,81.3350244170581,77.2968865972734,93.73693822422564,78.06937273928872,76.99096084367254,87.73877652848734,76.69919006241047,135.19869279538494,74.5890767941101,111.4923918776678,77.2774448783579,78.49346327750206,2022_05,mean-cn
1107,-0.1167399335885597,-0.1111004229343169,-0.1278381762388562,-0.1892937246907164,-0.0958641917761625,-0.1115764166842626,-0.1050221182276458,-0.147828158829721,-0.1205353882946331,-0.1470506722061378,-0.1822872057810591,-0.194423299039095,-0.1646720329799967,-0.1350923144912428,-0.1153147227960638,-0.1352101621313198,-0.1586032600987811,-0.1742754355598944,-0.1476252908557297,-0.1275921256495786,-0.0915821825501446,-0.0670999933441902,-0.0812606133570104,-0.011009276215345,-0.0190552303440262,-0.0458890690027921,0.0292449861003493,-0.1981175552486192,-0.1428916363359545,0.0177610136261284,-0.1609331305848893,-0.0799861481784796,-0.1764465387927657,-0.0129138645075658,0.0315663142305455,2022_05,mean-ndbi
1108,0.5542614001969359,0.3613277968693086,0.4684831332337455,0.339717559656586,0.3901830154297273,0.4197012116591222,0.299291658603931,0.5763952310257803,0.5785104466836216,0.5699205700788942,0.4522141661848202,0.5174390916097792,0.5917727340445418,0.4987045608329646,0.532074121802924,0.428980137367762,0.5908581882963991,0.5221484639870922,0.5235898204180905,0.4141755735166481,0.4647520691075694,0.4064118781383415,0.4354984196424329,0.3476736962079551,0.4403104389805086,0.2812386851650122,0.3966599697301612,0.598898613700126,0.5537784893135907,0.3537807526647538,0.3023696594188853,0.5263167339665293,0.3471129650472488,0.3995596404877508,0.3873070692511195,2022_05,mean-ndvi
1109,1.02,0.94,0.79,0.74,0.42,0.57,0.66,0.49,0.48,0.69,0.57,0.46,0.33,0.3,0.27,0.57,1.04,1.05,1.03,0.81,0.8,0.73,0.36,0.8,0.8,0.61,0.74,0.56,0.49,0.38,1.26,0.35,0.39,0.82,0.67,2022_05,mean-rain
1110,0.94,0.94,0.94,0.94,0.95,0.94,0.93,0.94,0.93,0.93,0.94,0.93,0.94,0.94,0.92,0.91,0.94,0.94,0.93,0.95,0.94,0.93,0.91,0.93,0.95,0.93,0.94,0.93,0.93,0.94,0.94,0.93,0.94,0.94,0.95,2022_05,mean-sex-ratio
1111,78683.46309,83470.903,78088.12,79714.84605,75490.3523,87424.202,71470.137,90513.46103,104651.240916,68512.0013,81437.447,43095.76595,54183.314,128914.321604,35388.58,27888.17,66721.37,42827.17595,35287.21,42395.395,27850.66,74001.84561,6039.38,44021.984,58167.37587,76196.45569999999,93034.31635285716,23849.9,71288.401,78621.26999999999,17419.61,48488.349,16642.66,23559.76,71015.57777333334,2022_05,net-sown-area-in-hac
1112,0.0,0.0,53761642.0,0.0,79098376.01,0.0,0.0,0.0,115849029.0,0.0,0.0,0.0,0.0,0.0,0.0,0.0,31447941.0,184282121.47,0.0,0.0,0.0,0.0,0.0,0.0,0.0,0.0,0.0,0.0,0.0,0.0,0.0,0.0,26820792.0,0.0,0.0,2022_05,others-tenders-awarded-value
1113,0.0,0.0,0.0,2536.0,41036.0,409957.0,9936.0,11421.0,715.0,0.0,4624.0,0.0,0.0,0.0,0.0,0.0,243758.0,16382.0,2140.0,0.0,0.0,3508.0,0.0,9673.0,44.0,48106.0,29983.0,190.0,36640.0,117998.0,0.0,0.0,0.0,183.0,1000.0,2022_05,population-affected-total
1114,62.0,342.0,34.0,5.0,10.0,45.0,35.0,38.0,77.0,43.0,49.0,27.0,41.0,43.0,32.0,146.0,46.0,45.0,28.0,81.0,8.0,45.0,80.0,11.0,0.0,0.0,24.0,24.0,19.0,30.0,0.0,0.0,0.0,9.0,6.0,2022_05,rail-count
1115,145613.0,139561.0,78425.0,17621.0,30884.0,174517.0,138494.0,108334.0,121454.0,119685.0,123774.0,73292.0,86126.0,117155.0,73424.0,172636.0,103488.0,117739.0,90281.0,82273.0,24548.0,109026.0,89510.0,30164.0,0.0,0.0,66114.0,80492.0,74271.0,75327.0,0.0,0.0,0.0,28139.0,18201.0,2022_05,rail-length
1116,5.348181495209121,6.11422582825285,4.222401286928735,6.325469252768145,2.68036631042268,4.138311105335524,6.36787949645059,2.428321940600219,4.418716086861928,8.77291435501842,4.531429300907208,4.18961517513282,2.210791467401826,8.27238914406129,3.13934663740754,4.6924371708647925,2.466942021750114,1.4861342710638126,1.8722924922271555,4.158213202779798,4.20388925251038,2.8250830466856347,1.818306465032017,1.195214100601416,3.623357912080288,3.0711036919448205,1.1631100930371554,1.5694427659100232,4.954940498899165,1.8239676215399023,10.509433698879796,6.54063950414741,12.1976826979844,0.1831885030970285,1.2896898194313615,2022_05,rangeland
1117,3131,1557,1979,1848,1512,2564,3445,2998,2483,3810,3379,1567,1865,3523,7337,4884,3783,1839,1329,1088,1926,3283,834,1036,1526,1611,1987,1073,1783,1456,684,3073,970,470,877,2022_05,rc-area
1118,22.9,25.01,25.42,15.04,15.81,23.51,13.19,16.32,20.87,24.89,12.8,8.96,12.07,15.06,23.47,23.25,15.87,14.25,19.26,12.86,25.35,9.48,11.61,21.25,15.46,13.0,15.96,19.71,28.46,27.66,28.09,28.84,17.28,9.75,12.15,2022_05,rc-nosanitation-hhds-pct
1119,2.85,1.19,3.55,2.25,3.35,4.98,6.04,2.83,2.26,3.42,4.19,6.81,14.25,7.18,1.95,6.36,8.53,5.57,4.01,2.04,1.03,3.32,11.46,9.66,2.8,5.1,3.07,3.8,4.2,5.27,3.57,0.24,4.95,6.03,5.78,2022_05,rc-piped-hhds-pct
1120,,,,,,,,,,,,,,,,,,,,,,,,,,,,,,,,,,,,2022_05,relief-camp-inmates
1121,44265815.44,0.0,53761642.0,0.0,79098376.01,0.0,0.0,0.0,119848829.0,26518816.0,103351472.0,0.0,0.0,0.0,0.0,0.0,49336405.0,214214750.47,0.0,0.0,0.0,0.0,17987080.0,0.0,44025201.0,0.0,0.0,0.0,0.0,0.0,0.0,0.0,26820792.0,0.0,0.0,2022_05,restoration-measures-tenders-awarded-value
1122,,,,,,,,,,,,,,,,,,,,,,,,,,,,,,,,,,,,2022_05,revenue-ci
1123,0.0,0.0,0.0,0.0,0.0,0.0,0.0,0.0,0.0,0.0,0.0,0.0,0.0,0.0,0.0,0.0,0.0,0.0,0.0,0.0,0.0,0.0,0.0,0.0,0.0,0.0,0.0,0.0,0.0,0.0,0.0,0.0,0.0,0.0,0.0,2022_05,ridf-tenders-awarded-value
1124,2,2,2,2,1,2,3,1,1,1,1,1,1,1,1,1,4,4,3,1,1,2,1,3,1,2,2,1,3,3,5,1,1,3,1,2022_05,risk-score
1125,41.46,33.68,47.82,44.31,57.32,62.17,77.54,97.37,0.0,135.19,119.82,98.29,86.06,131.83,0.0,134.9,30.74,20.36,24.9,51.61,53.03,52.23,52.16,52.72,0.0,0.0,0.0,104.31,0.0,0.0,0.0,758.06,0.0,0.0,162.18,2022_05,riverlevel-max
1126,5.101059895833333,12.287757559350329,15.91220692992644,7.255257936507937,21.097427777777774,8.402325396825397,34.90274226912224,38.11527662682391,0.0,64.55046875,31.094738154876985,70.34115156039704,16.84751388888889,45.59721296296296,0.0,32.810201884253026,18.052605660014088,11.528524679807232,13.103307426685395,9.758107723577236,10.581970833333331,7.6282763850212,24.296869791666666,6.382434329710145,0.0,0.0,0.0,33.99311350381337,0.0,0.0,0.0,416.8044388243336,0.0,0.0,45.28085067838421,2022_05,riverlevel-mean
1127,0.0,0.0,0.0,0.0,0.0,0.0,0.0,0.0,0.0,0.0,0.0,0.0,0.0,0.0,0.0,0.0,8.04,0.0,0.0,0.0,0.0,0.0,0.0,0.0,0.0,0.0,0.0,0.0,0.0,0.0,0.0,66.7,0.0,0.0,0.0,2022_05,riverlevel-min
1128,858892.0,705770.0,1011509.0,725891.0,634621.0,1331470.0,745620.0,804067.0,578686.0,1211943.0,1453600.0,700651.0,736030.0,1389863.0,752361.0,843185.0,988230.0,615579.0,483931.0,654117.0,547046.0,1589070.0,746938.0,450865.0,429399.0,767150.0,650574.0,485197.0,574075.0,560100.0,78936.0,457481.0,54196.0,461489.0,294016.0,2022_05,road-length
1129,0.0,0.0,35.0,126.0,35.0,137.0,14.0,8.0,12.0,0.0,0.0,0.0,5.0,0.0,0.0,0.0,239.0,15.0,8.0,12.0,0.0,4.0,0.0,47.0,0.0,51.0,69.0,0.0,16.0,39.0,0.0,0.0,1.0,5.0,7.0,2022_05,roads
1130,2788,3147,2578,2904,1994,3284,2025,3519,2301,1950,2431,1838,2072,2507,1757,1063,3322,3188,3016,1463,1336,3463,1151,1817,1497,1858,1795,1007,1291,1320,1381,925,805,813,995,2022_05,schools-count
1131,0.0,0.0,0.0,0.0,0.0,0.0,0.0,0.0,0.0,0.0,0.0,0.0,0.0,0.0,0.0,0.0,0.0,0.0,0.0,0.0,0.0,0.0,0.0,0.0,0.0,0.0,0.0,0.0,0.0,0.0,0.0,0.0,0.0,0.0,0.0,2022_05,sdrf-sanctions-awarded-value
1132,0.0,0.0,0.0,5491376.0,0.0,9630000.0,0.0,23654895.0,8310636.0,0.0,0.0,0.0,0.0,0.0,0.0,0.0,0.0,0.0,0.0,0.0,0.0,0.0,0.0,0.0,0.0,0.0,0.0,0.0,0.0,0.0,0.0,0.0,0.0,0.0,0.0,2022_05,sdrf-tenders-awarded-value
1133,84.0,81.0,84.0,78.0,81.0,86.0,82.0,84.0,84.0,83.0,79.0,85.0,85.0,84.0,89.0,90.0,88.0,86.0,87.0,84.0,85.0,83.0,85.0,83.0,85.0,82.0,85.0,84.0,83.0,88.0,75.0,89.0,78.0,85.0,85.0,2022_05,slope-mean
1134,0.0,0.0,53761642.0,0.0,79098376.01,0.0,0.0,0.0,111289481.0,0.0,0.0,0.0,0.0,0.0,0.0,0.0,49336405.0,214214750.47,0.0,0.0,0.0,0.0,17987080.0,0.0,0.0,0.0,0.0,0.0,0.0,0.0,0.0,0.0,26820792.0,0.0,0.0,2022_05,sopd-tenders-awarded-value
1135,57857.0,42575.0,46470.0,67953.0,42280.0,97610.0,68323.0,58342.0,32533.0,78299.0,65397.0,43660.0,50348.0,70723.0,35381.0,10818.0,107625.0,84067.0,28439.0,34649.0,31827.0,73518.0,52534.0,42123.0,26244.0,54588.0,39025.0,16626.0,31591.0,46543.0,24163.0,23910.0,7312.0,12224.0,21238.0,2022_05,sum-aged-population
1136,1285566.0,1380036.0,1071403.0,1592951.0,1134860.0,2349536.0,1457402.0,1159587.0,701395.0,1403053.0,1493591.0,780035.0,999320.0,1300195.0,701883.0,287573.0,2109650.0,1392873.0,767428.0,805117.0,610607.0,1631483.0,1355213.0,964758.0,719391.0,1155605.0,871748.0,496730.0,661663.0,1116144.0,539004.0,364058.0,166527.0,320250.0,501941.0,2022_05,sum-population
1137,2907.76,1301.4,1450.52,1232.24,496.4,1295.21,2097.72,1332.52,1154.95,2412.62,1743.85,665.2,562.67,950.72,1869.31,2337.2,3514.33,1621.33,1154.82,794.34,1377.8,2247.34,234.07,768.29,1138.01,847.59,1432.68,542.74,810.96,453.34,750.24,972.18,344.18,340.64,516.93,2022_05,sum-rain
1138,121755.0,108187.0,110299.0,138171.0,89493.0,189578.0,119771.0,107159.0,63722.0,140321.0,98977.0,58320.0,58038.0,107008.0,83796.0,25721.0,186200.0,165255.0,61334.0,68671.0,62729.0,108185.0,64585.0,49770.0,38011.0,111967.0,68474.0,22454.0,55099.0,90898.0,58752.0,54830.0,8806.0,24043.0,31327.0,2022_05,sum-young-population
1139,,,,,,,,,,,,,,,,,,,,,,,,,,,,,,,,,,,,2022_05,topsis-score
1140,0.0,0.0,6101.0,217341.0,828675.0,1249284.0,22611.0,25153.0,184.0,0.0,7623.0,0.0,0.0,0.0,0.0,1424.0,320241.0,942.0,1366.0,0.0,0.0,76608.0,0.0,143736.0,0.0,810534.0,5815.0,0.0,27722.0,55763.0,0.0,0.0,0.0,2427.0,0.0,2022_05,total-animal-affected
1141,0.0,0.0,0.0,0.0,0.0,650.0,0.0,0.0,0.0,0.0,0.0,0.0,0.0,0.0,0.0,476.0,19.0,0.0,0.0,0.0,0.0,0.0,0.0,0.0,0.0,0.0,0.0,0.0,4.0,2.0,0.0,0.0,0.0,0.0,0.0,2022_05,total-animal-washed-away
1142,214904.0,377710.0,240459.0,393378.0,267778.0,527427.0,318730.0,266928.0,195025.0,318555.0,311523.0,172096.0,272707.0,275841.0,103131.0,30119.0,416101.0,256161.0,165784.0,185414.0,105445.0,408132.0,327221.0,233278.0,132203.0,231859.0,185739.0,108235.0,150938.0,214866.0,202538.0,52339.0,39239.0,77895.0,112690.0,2022_05,total-hhd
1143,0.0,0.0,1.0,0.0,0.0,332.0,0.0,0.0,0.0,0.0,0.0,0.0,0.0,0.0,0.0,2595.0,10755.0,0.0,0.0,0.0,0.0,4.0,0.0,0.0,0.0,0.0,1.0,0.0,14.0,350.0,0.0,0.0,0.0,0.0,0.0,2022_05,total-house-fully-damaged
1144,0.0,0.0,53761642.0,5491376.0,79098376.01,9630000.0,0.0,23654895.0,124159665.0,0.0,0.0,0.0,0.0,0.0,0.0,0.0,49336405.0,214214750.47,0.0,0.0,0.0,0.0,17987080.0,0.0,0.0,0.0,0.0,0.0,0.0,0.0,0.0,0.0,26820792.0,0.0,0.0,2022_05,total-tender-awarded-value
1145,44.82310382182993,6.321206822171816,22.17775765494202,1.7360845973006505,7.428591072756205,13.73847771400912,16.926471024044787,11.86243788406468,18.492079646139395,45.3288068036129,26.16921253871126,22.293049479466347,23.1796731943248,20.00995806072238,84.83872280753643,92.05546516762968,60.388095350395474,37.62801177789037,45.0801965914072,14.646563349516626,25.17195701278569,20.99890824542552,35.79076612553773,7.197226245997946,22.97002391129913,5.385593776164412,10.292381021660908,37.6018834218617,14.041094293919931,26.961889746398366,2.1720923479523893,81.043384726924,3.9934399889388095,9.326448302643366,10.394268862702978,2022_05,trees
1146,3,3,3,3,4,2,4,5,4,5,4,2,2,3,2,1,3,1,1,3,3,2,1,1,3,3,4,3,3,5,2,5,4,1,3,2022_05,vulnerability
1147,2.14748433199024,8.926816101581226,5.475954771612946,15.380298537726048,9.265041863767612,6.131505410138075,8.042019821808795,5.657214950125068,3.184357477531447,3.830038914084223,6.570281630742558,2.716662852196683,1.3880577326149368,5.197454496380245,0.2377468964495746,0.5304976144773761,2.688034643276909,2.92526092277451,2.2601753322097475,7.744761919768054,2.245381899476784,3.9538179958602666,5.534381057228192,4.442300732411621,1.15738968639711,6.9103555208594845,1.076089054113655,1.127223868189796,4.555133368386216,1.2832259379546722,18.680681481428,0.648788836399234,13.241007569465063,2.462243864094462,2.4620794291034347,2022_05,water
1148,9.0,7.5,8.9,8.0,7.2,9.8,9.8,8.3,7.0,8.6,10.2,10.4,10.3,8.8,7.2,8.1,9.8,9.8,9.5,9.1,8.2,10.1,12.1,10.5,9.0,9.2,8.3,8.6,8.9,8.0,6.7,5.8,9.4,7.0,11.6,2022_06,avg-electricity
1149,2.2,2.6,2.0,2.0,2.4,2.0,2.2,2.4,2.0,2.0,2.0,2.2,2.2,2.3,2.0,2.5,2.2,2.4,2.0,2.2,2.2,2.4,2.5,2.1,2.3,2.0,2.2,2.0,2.3,2.3,2.0,2.0,2.5,2.3,2.2,2022_06,avg-tele
1150,0.7926530269491989,7.531760711382733,5.9975841882527146,13.399743893694705,9.087423770641625,1.3559646022141194,11.16993018461264,3.321949651206243,5.2991176353693925,5.549417795933058,11.89688114458343,1.1135349370612126,0.4813646419853773,6.200207708738966,0.0032022457056181,0.0112955447522568,0.0442322942026991,0.0005821967384394,0.0007817744432644,5.446282937545654,2.6240657801650604,2.713399795461528,0.6252866012662451,1.5346122135798803,0.7279240894938651,9.113289753821244,0.692098757126833,0.0007835410233665,6.477376686892146,0.1040992334832411,18.30364889362488,0.0291324919691509,24.24725091913665,0.1021579643228508,0.9800489342396108,2022_06,bare-ground
1151,13.0,5.0,0.0,14.0,5.0,6.0,4.0,0.0,5.0,0.0,0.0,0.0,0.0,0.0,0.0,0.0,0.0,0.0,0.0,0.0,0.0,5.0,0.0,15.0,0.0,0.0,12.0,0.0,6.0,0.0,0.0,0.0,0.0,33.0,3.0,2022_06,bridge
1152,11.264850221750155,18.68685688043959,20.07028981164902,23.298894574607434,16.29951533262418,20.48813880453336,15.023216012689074,17.4522747070768,14.71861886001929,12.154705287272218,13.61867532627536,17.5099405252546,20.4814066773714,19.487721132368616,4.44886025271191,1.5368532584904049,9.10146485261492,18.16413114488408,11.692113258103412,29.03448414003954,25.20730433303082,19.642315297342577,41.77419085025272,22.52836057941624,17.184724781574545,20.83163737213544,19.833272477709933,15.361738693511066,16.307754508621432,18.67734995944407,13.584563748839374,3.06652116810747,7.895660111838286,23.186526086855533,20.951904792722186,2022_06,built-area
1153,,,,,,,,,,,,,,,,,,,,,,,,,,,,,,,,,,,,2022_06,children-camp
1154,0.0,0.0,0.0,0.0,0.0,0.0,0.0,0.0,0.0,0.0,0.0,0.0,0.0,0.0,0.0,0.0,0.0,0.0,0.0,0.0,0.0,0.0,0.0,0.0,0.0,0.0,0.0,0.0,0.0,0.0,0.0,0.0,0.0,0.0,0.0,2022_06,cidf-tenders-awarded-value
1155,0.0,0.0,0.0,0.0,0.0,0.0,0.0,0.0,0.0,0.0,0.0,0.0,0.0,0.0,0.0,0.0,0.0,0.0,0.0,0.0,0.0,0.0,0.0,0.0,0.0,0.0,0.0,0.0,0.0,0.0,0.0,0.0,0.0,0.0,0.0,2022_06,clouds
1156,,,,,,,,,,,,,,,,,,,,,,,,,,,,,,,,,,,,2022_06,count
1157,1787.0,5542.0,3631.0,34432.0,19960.0,19843.0,4110.0,2666.0,11109.0,1655.0,78.0,148.0,0.0,134.0,0.0,0.0,10630.0,1538.0,157.0,5354.0,3544.0,5465.0,0.0,7503.0,543.0,8868.0,6515.0,0.0,2345.0,4287.0,0.0,0.0,826.0,2073.0,2110.0,2022_06,crop-area
1158,34.9317704888082,52.40605978487702,41.90048690372884,39.78883882637817,54.938104096082654,52.84995016494956,42.430108230565374,59.220248011676354,53.84524370376692,23.916453965964777,37.007801509232486,51.49506236580305,51.5431523154699,40.48003041827815,7.3319902914434465,1.1705332822997936,25.11128351276798,39.4415642847609,38.76788596538208,38.85547024163674,40.535326387412894,49.82767215203262,14.305666246257186,63.02893160899544,54.33608252147262,54.67737476207797,66.94304859635157,44.30796823377707,53.5223113648856,51.12834615515126,36.66279815234376,8.66392715215393,38.3720622201222,64.73913688080393,63.92200816180048,2022_06,crops
1159,4296.624151156235,2231.5993331549903,3585.3069321814023,1247.611751405009,2700.336576957554,3477.530108369159,1557.3606551140049,2711.0464141089856,2238.6415334905228,4159.102888381455,9491.630139883577,3889.6067327857527,7133.757644739055,3445.526862961011,8511.666927309076,4923.29748622475,3222.517655928944,4060.318063254274,4335.474967336042,1883.330083753236,975.2407923854796,4254.719948057848,3333.953706616405,1829.807307358248,1576.5499878215094,1098.83444541599,1489.926404330648,4700.953196095703,4363.59388114963,5163.44360094801,880.805632910103,4989.53282327419,1292.455559234692,1123.7037030160088,1578.254039674223,2022_06,distance-from-river
1160,KOKRAJHAR,DHUBRI,GOALPARA,BARPETA,MORIGAON,NAGAON,SONITPUR,LAKHIMPUR,DHEMAJI,TINSUKIA,DIBRUGARH,SIVASAGAR,JORHAT,GOLAGHAT,KARBI ANGLONG,DIMA HASAO,CACHAR,KARIMGANJ,HAILAKANDI,BONGAIGAON,CHIRANG,KAMRUP,KAMRUP METRO,NALBARI,BAKSA,DARRANG,UDALGURI,CHARAIDEO,BISWANATH,HOJAI,SOUTH SALMARA MANCACHAR,WEST KARBI ANGLONG,MAJULI,BAJALI,TAMULPUR,2022_06,district
1161,0.0005623749999999,0.0006515714285714,0.0005706,0.0006465,0.0005976,0.0005747142857142,0.000571,0.0006111428571428,0.0005535,0.00057375,0.0006251428571428,0.0006055,0.0006035999999999,0.0005855,0.00041,0.00031275,0.0004408,0.0005329999999999,0.0005025,0.0005798,0.000528,0.0005858461538461,0.00044875,0.000670625,0.0005907142857142,0.0006724,0.0006286666666666,0.000603,0.0006126666666666,0.00058,0.000585,0.000439,0.0006255,0.0006813333333333,0.0006636,2022_06,drainage-density
1162,,,,,,,,,,,,,,,,,,,,,,,,,,,,,,,,,,,,2022_06,dtcode11
1163,,,,,,,,,,,,,,,,,,,,,,,,,,,,,,,,,,,,2022_06,dtname
1164,0.8863875,0.8841745714285715,0.8530982,0.9093918333333332,0.8264656,0.9090167142857144,0.8268752500000001,0.7761414285714286,0.8079575,0.80164925,0.8061111428571428,0.905068,0.9227404,0.8364545,0.8950413333333334,0.9709865,0.8500218,0.9577878,0.940073,0.8567906000000001,0.8788774,0.9179029230769232,1.0,0.960986875,0.8471127142857143,0.8798147999999999,0.795164,0.8665113333333334,0.8254406666666667,0.8166503333333334,0.9033195,0.759805,0.7966949999999999,0.6613813333333334,0.8554416,2022_06,efficiency
1165,63.0,33.0,49.0,40.0,63.0,72.0,86.0,96.0,141.0,142.0,113.0,99.0,105.0,97.0,347.0,607.0,155.0,36.0,47.0,54.0,84.0,82.0,114.0,49.0,70.0,59.0,91.0,112.0,86.0,125.0,26.0,483.0,85.0,47.0,71.0,2022_06,elevation-mean
1166,0.0,0.0,0.0,2.0,0.0,3.0,2.0,0.0,0.0,0.0,0.0,0.0,0.0,0.0,0.0,0.0,0.0,0.0,6.0,0.0,0.0,0.0,0.0,9.0,1.0,10.0,5.0,0.0,7.0,1.0,0.0,0.0,0.0,5.0,19.0,2022_06,embankment-breached
1167,1.0,0.0,0.0,3.0,0.0,0.0,0.0,5.0,6.0,0.0,0.0,3.0,0.0,1.0,0.0,0.0,2.0,18.0,2.0,1.0,0.0,8.0,0.0,8.0,1.0,1.0,1.0,0.0,3.0,0.0,0.0,0.0,5.0,5.0,2.0,2022_06,embankments-affected
1168,1,2,2,3,2,4,5,1,1,5,2,2,2,2,2,1,5,3,2,1,1,1,4,1,1,3,1,1,2,5,4,3,1,1,1,2022_06,exposure
1169,,,,,,,,,,,,,,,,,,,,,,,,,,,,,,,,,,,,2022_06,female-camp
1170,2022-2023,2022-2023,2022-2023,2022-2023,2022-2023,2022-2023,2022-2023,2022-2023,2022-2023,2022-2023,2022-2023,2022-2023,2022-2023,2022-2023,2022-2023,2022-2023,2022-2023,2022-2023,2022-2023,2022-2023,2022-2023,2022-2023,2022-2023,2022-2023,2022-2023,2022-2023,2022-2023,2022-2023,2022-2023,2022-2023,2022-2023,2022-2023,2022-2023,2022-2023,2022-2023,2022_06,financial-year
1171,2,4,3,5,2,2,2,2,1,1,1,1,1,1,1,1,2,4,2,3,1,3,1,3,2,3,2,1,2,2,4,1,1,4,2,2022_06,flood-hazard
1172,,,,,,,,,,,,,,,,,,,,,,,,,,,,,,,,,,,,2022_06,flood-hazard-float
1173,0.6919566134631445,0.0130738712947678,0.1555253828857338,0.070670317524941,0.3009575537051402,1.297652198820306,0.0403752298285348,0.0575528552506696,0.0418665903116203,0.4476628781144293,0.205718549547722,0.6821346650851449,0.71555397083185,0.3522390394504635,0.0001308687455715,0.0029179614859214,0.1999473249919585,0.354315401887915,0.3265545862272735,0.1142242087136369,0.0120753346183426,0.0388034671918635,0.1514026544257694,0.0733545189974068,0.000497097682435,0.0106451229965376,0.0,0.0309594757269307,0.1413892783954933,0.0211213460285527,0.0867816769319334,0.0076061202987784,0.0528964925144814,0.0002983981827297,0.0,2022_06,flooded-vegetation
1174,5,5,5,5,4,4,4,5,4,5,5,5,5,5,5,5,5,5,5,5,5,5,4,5,5,5,5,5,4,5,5,5,5,5,5,2022_06,government-response
1175,163,151,154,205,116,277,158,124,73,119,169,143,106,153,30,4,176,96,87,88,68,282,52,142,109,129,15,82,100,91,69,25,32,70,67,2022_06,health-centres-count
1176,1,3,2,16,5,6,2,4,2,0,1,0,0,2,0,0,21,6,2,0,2,5,0,6,0,7,4,0,2,6,0,0,0,3,2,2022_06,human-live-lost
1177,,,,,,,,,,,,,,,,,,,,,,,,,,,,,,,,,,,,2022_06,human-live-lost-children
1178,,,,,,,,,,,,,,,,,,,,,,,,,,,,,,,,,,,,2022_06,human-live-lost-female
1179,,,,,,,,,,,,,,,,,,,,,,,,,,,,,,,,,,,,2022_06,human-live-lost-male
1180,0.0,0.0,0.0,0.0,0.0,0.0,0.0,0.0,0.0,0.0,0.0,0.0,0.0,3110076.0,0.0,0.0,0.0,0.0,0.0,0.0,0.0,0.0,0.0,0.0,0.0,0.0,0.0,0.0,0.0,0.0,0.0,0.0,0.0,0.0,0.0,2022_06,immediate-measures-tenders-awarded-value
1181,0.0070592006149056,0.027234035893316,0.0288145844734818,0.0535476336081264,0.1025581517693119,0.1104482760478376,0.031109091812898,0.0666893800890253,0.0236957185886833,0.0,0.0062958261811099,0.0330494829040097,0.0321206833548411,0.0175175891083943,0.00226619547441,0.000196895802216,0.0573078640881987,0.1102183377468043,0.0773591394914673,0.0185553807412267,0.0011372260563215,0.0519121791853193,0.028495711419014,0.0434888320289207,0.021517031642112,0.1038560330647816,0.060794966493376,0.0030759018112252,0.0689171086166952,0.1543158269023224,0.0228242498484769,0.0105293630650789,0.0543011001122894,0.0858953403227281,0.047024457650506,2022_06,inundation-intensity-mean
1182,0.16,0.16,0.21,0.21,0.39,0.37,0.29,0.25,0.17,0.0,0.14,0.18,0.2,0.21,0.16,0.06,0.3,0.35,0.24,0.15,0.11,0.2,0.31,0.19,0.17,0.34,0.25,0.13,0.27,0.4,0.17,0.34,0.28,0.21,0.18,2022_06,inundation-intensity-mean-nonzero
1183,26034.88,154020.62,193745.62,297467.12,617036.75,860704.0,309094.0,593934.12,164007.38,0.0,70689.62,165626.12,174631.62,203875.0,66384.0,3503.88,680793.25,418825.5,168355.38,72308.88,14223.88,341226.0,82818.62,134060.38,66303.62,398437.62,139390.5,10594.75,276558.25,508616.62,39604.88,98859.0,154029.62,131377.12,73844.62,2022_06,inundation-intensity-sum
1184,3.690110117990173,15.174580171233329,12.809776513629808,24.461377763385,22.87859772043312,24.25417479140049,10.9608176773948,25.778637600216157,12.593106706786935,0.0,4.278085692412626,16.80693422786195,15.121516839483512,8.541080275680248,1.3803107296114565,0.07739562295806,17.444225453032022,28.672650744016916,28.57196125027493,8.817003859213678,0.6789244174290848,22.43991823340948,6.609799587773522,22.803034887897343,12.175955768950397,29.65464960248442,22.994090634181777,2.3597432819709736,23.585343444273946,35.401673317547214,13.44415683196142,3.08330476232166,19.645540134402488,41.028699632309824,24.682532496968022,2022_06,inundation-pct
1185,0.0,0.0,0.0,0.0,0.0,0.0,0.0,0.0,0.0,0.0,0.0,0.0,0.0,0.0,0.0,0.0,0.0,0.0,0.0,0.0,0.0,0.0,0.0,0.0,0.0,0.0,0.0,0.0,0.0,0.0,0.0,0.0,0.0,0.0,0.0,2022_06,ltif-tenders-awarded-value
1186,,,,,,,,,,,,,,,,,,,,,,,,,,,,,,,,,,,,2022_06,male-camp
1187,2.44,2.44,2.07,2.29,0.88,0.92,1.63,1.78,1.0,1.54,1.0,0.85,0.65,0.75,0.92,1.22,1.64,1.75,1.64,2.43,2.78,2.77,0.83,2.02,1.97,1.37,1.63,0.87,1.38,0.92,2.61,0.88,0.73,1.97,1.38,2022_06,max-rain
1188,79.02868494142712,101.80280753365652,92.94383900653578,105.59323892727154,101.52151689605476,82.80184981421402,96.12358569934148,83.9078683433952,82.58482453454118,85.28440626816572,92.33941954273553,80.5484411209615,79.26767921681454,87.0143854317649,73.9235270160713,74.45407242468538,76.22171823123378,78.77654329987095,76.5297175055914,92.84413483394596,78.73454361714819,88.47737641290556,90.33791694141864,81.3350244170581,77.2968865972734,93.73693822422564,78.06937273928872,76.99096084367254,87.73877652848734,76.69919006241047,135.19869279538494,74.5890767941101,111.4923918776678,77.2774448783579,78.49346327750206,2022_06,mean-cn
1189,-0.1508959330851149,-0.0904449099491916,-0.0619383980834008,-0.1892937246907164,-0.0880248290493509,-0.1037997241668701,-0.1072089505143543,-0.0987929137956617,-0.099533504485755,-0.1355898763672251,-0.0994769106965205,-0.1283755936232075,-0.1267540707995721,-0.1076385706013661,-0.1812346722985296,-0.1726805193598097,-0.1609602805758786,-0.1527535762549149,-0.1487742228860412,-0.0802787390220667,-0.1080275937967888,-0.0670999933441902,-0.0812606133570104,-0.011009276215345,-0.0190552303440262,-0.0458890690027921,0.0292449861003493,-0.1502916840630025,-0.0938547989577123,-0.0062149828299818,-0.1062473867514775,-0.093163798008911,-0.0837918773905555,-0.0129138645075658,0.0315663142305455,2022_06,mean-ndbi
1190,0.5103359060039976,0.3581635026387608,0.4245870018165562,0.339717559656586,0.4054883833737059,0.4918421771328001,0.3938365284763196,0.5283105179526696,0.5411883302169961,0.5867795462008325,0.4203207668254946,0.4865850490607333,0.5546668933979333,0.5135106645620134,0.5093901117080832,0.6278557167032264,0.6139917658963323,0.5626167462875784,0.5779303489712372,0.3735285929987691,0.4916121285645184,0.4064118781383415,0.4354984196424329,0.3476736962079551,0.4403104389805086,0.2812386851650122,0.3966599697301612,0.5845764629511493,0.5068725357808784,0.4355636275138922,0.2989915953106107,0.530673526358262,0.3046458908821028,0.3995596404877508,0.3873070692511195,2022_06,mean-ndvi
1191,2.07,1.96,1.81,1.8,0.67,0.79,1.05,0.89,0.77,0.95,0.84,0.68,0.49,0.49,0.3,0.52,1.22,1.42,1.41,2.23,2.45,1.31,0.6,1.58,1.6,0.88,1.06,0.84,0.81,0.45,2.07,0.44,0.59,1.7,1.27,2022_06,mean-rain
1192,0.94,0.94,0.94,0.94,0.95,0.94,0.93,0.94,0.93,0.93,0.94,0.93,0.94,0.94,0.92,0.91,0.94,0.94,0.93,0.95,0.94,0.93,0.91,0.93,0.95,0.93,0.94,0.93,0.93,0.94,0.94,0.93,0.94,0.94,0.95,2022_06,mean-sex-ratio
1193,78683.46309,83470.903,78088.12,79714.84605,75490.3523,87424.202,71470.137,90513.46103,104651.240916,68512.0013,81437.447,43095.76595,54183.314,128914.321604,35388.58,27888.17,66721.37,42827.17595,35287.21,42395.395,27850.66,74001.84561,6039.38,44021.984,58167.37587,76196.45569999999,93034.31635285716,23849.9,71288.401,78621.26999999999,17419.61,48488.349,16642.66,23559.76,71015.57777333334,2022_06,net-sown-area-in-hac
1194,0.0,0.0,0.0,0.0,255828800.0,444140027.0,0.0,89761247.0,0.0,0.0,0.0,0.0,0.0,0.0,0.0,0.0,0.0,0.0,0.0,0.0,0.0,496009585.0,88709800.9,154520100.0,0.0,46744200.0,0.0,0.0,152573400.0,0.0,0.0,0.0,0.0,0.0,0.0,2022_06,others-tenders-awarded-value
1195,97442.0,195850.0,284368.0,1213060.0,165753.0,527243.0,90255.0,131458.0,108283.0,25802.0,15263.0,6292.0,392.0,26565.0,0.0,0.0,1434750.0,257441.0,84955.0,337824.0,20431.0,835684.0,0.0,499090.0,25403.0,465585.0,74500.0,0.0,70747.0,128284.0,0.0,0.0,17403.0,356000.0,39355.0,2022_06,population-affected-total
1196,62.0,342.0,34.0,5.0,10.0,45.0,35.0,38.0,77.0,43.0,49.0,27.0,41.0,43.0,32.0,146.0,46.0,45.0,28.0,81.0,8.0,45.0,80.0,11.0,0.0,0.0,24.0,24.0,19.0,30.0,0.0,0.0,0.0,9.0,6.0,2022_06,rail-count
1197,145613.0,139561.0,78425.0,17621.0,30884.0,174517.0,138494.0,108334.0,121454.0,119685.0,123774.0,73292.0,86126.0,117155.0,73424.0,172636.0,103488.0,117739.0,90281.0,82273.0,24548.0,109026.0,89510.0,30164.0,0.0,0.0,66114.0,80492.0,74271.0,75327.0,0.0,0.0,0.0,28139.0,18201.0,2022_06,rail-length
1198,5.348181495209121,6.11422582825285,4.222401286928735,6.325469252768145,2.68036631042268,4.138311105335524,6.36787949645059,2.428321940600219,4.418716086861928,8.77291435501842,4.531429300907208,4.18961517513282,2.210791467401826,8.27238914406129,3.13934663740754,4.6924371708647925,2.466942021750114,1.4861342710638126,1.8722924922271555,4.158213202779798,4.20388925251038,2.8250830466856347,1.818306465032017,1.195214100601416,3.623357912080288,3.0711036919448205,1.1631100930371554,1.5694427659100232,4.954940498899165,1.8239676215399023,10.509433698879796,6.54063950414741,12.1976826979844,0.1831885030970285,1.2896898194313615,2022_06,rangeland
1199,3131,1557,1979,1848,1512,2564,3445,2998,2483,3810,3379,1567,1865,3523,7337,4884,3783,1839,1329,1088,1926,3283,834,1036,1526,1611,1987,1073,1783,1456,684,3073,970,470,877,2022_06,rc-area
1200,22.9,25.01,25.42,15.04,15.81,23.51,13.19,16.32,20.87,24.89,12.8,8.96,12.07,15.06,23.47,23.25,15.87,14.25,19.26,12.86,25.35,9.48,11.61,21.25,15.46,13.0,15.96,19.71,28.46,27.66,28.09,28.84,17.28,9.75,12.15,2022_06,rc-nosanitation-hhds-pct
1201,2.85,1.19,3.55,2.25,3.35,4.98,6.04,2.83,2.26,3.42,4.19,6.81,14.25,7.18,1.95,6.36,8.53,5.57,4.01,2.04,1.03,3.32,11.46,9.66,2.8,5.1,3.07,3.8,4.2,5.27,3.57,0.24,4.95,6.03,5.78,2022_06,rc-piped-hhds-pct
1202,,,,,,,,,,,,,,,,,,,,,,,,,,,,,,,,,,,,2022_06,relief-camp-inmates
1203,13154245.0,104850990.0,37904400.0,76496400.0,581532590.0,444140027.0,0.0,89761247.0,163006515.0,0.0,104484960.0,0.0,0.0,0.0,0.0,0.0,0.0,0.0,0.0,1507442.0,0.0,514711585.0,22339619.0,154520100.0,0.0,46744200.0,0.0,0.0,152573400.0,0.0,21478500.0,0.0,0.0,767555915.0,0.0,2022_06,restoration-measures-tenders-awarded-value
1204,,,,,,,,,,,,,,,,,,,,,,,,,,,,,,,,,,,,2022_06,revenue-ci
1205,0.0,0.0,0.0,0.0,255828800.0,257284800.0,0.0,0.0,0.0,0.0,0.0,0.0,0.0,0.0,0.0,0.0,0.0,0.0,0.0,0.0,0.0,496009585.0,0.0,154520100.0,0.0,46744200.0,0.0,0.0,152573400.0,0.0,21478500.0,0.0,0.0,0.0,0.0,2022_06,ridf-tenders-awarded-value
1206,2,4,4,5,2,2,3,2,1,1,1,1,1,1,1,1,2,4,2,3,1,3,1,3,2,4,2,1,2,2,5,1,1,4,2,2022_06,risk-score
1207,43.07,35.5,48.47,45.7,58.0,62.2,78.1,96.33,0.0,135.96,120.5,98.77,86.6,131.24,0.0,132.8,30.34,22.48,31.2,52.6,55.0,54.49,53.54,53.88,0.0,0.0,0.0,104.34,0.0,0.0,0.0,775.08,0.0,0.0,164.3,2022_06,riverlevel-max
1208,5.187461805555556,12.78294658880804,16.142634722222223,7.409324074074074,21.8381,8.525295634920635,35.51860763888889,38.50761111111111,0.0,64.87289236111111,31.41189737429572,71.19134895833334,17.08292222222222,45.86743171296297,0.0,32.90113888888889,19.48787189814815,13.491063834801423,14.55093923611111,9.87395,10.575733333333334,7.715924145299144,24.75634340277778,6.469917708333334,0.0,0.0,0.0,34.220782407407405,0.0,0.0,0.0,412.21245138888895,0.0,0.0,45.50653194444444,2022_06,riverlevel-mean
1209,0.0,0.0,0.0,0.0,0.0,0.0,0.0,0.0,0.0,0.0,0.0,0.0,0.0,0.0,0.0,0.0,13.24,0.0,0.0,0.0,0.0,0.0,0.0,0.0,0.0,0.0,0.0,0.0,0.0,0.0,0.0,67.84,0.0,0.0,0.0,2022_06,riverlevel-min
1210,858892.0,705770.0,1011509.0,725891.0,634621.0,1331470.0,745620.0,804067.0,578686.0,1211943.0,1453600.0,700651.0,736030.0,1389863.0,752361.0,843185.0,988230.0,615579.0,483931.0,654117.0,547046.0,1589070.0,746938.0,450865.0,429399.0,767150.0,650574.0,485197.0,574075.0,560100.0,78936.0,457481.0,54196.0,461489.0,294016.0,2022_06,road-length
1211,78.0,155.0,65.0,260.0,70.0,240.0,22.0,42.0,54.0,0.0,0.0,0.0,0.0,1.0,0.0,0.0,120.0,80.0,70.0,117.0,28.0,145.0,0.0,345.0,29.0,159.0,47.0,0.0,29.0,10.0,0.0,0.0,14.0,151.0,54.0,2022_06,roads
1212,2788,3147,2578,2904,1994,3284,2025,3519,2301,1950,2431,1838,2072,2507,1757,1063,3322,3188,3016,1463,1336,3463,1151,1817,1497,1858,1795,1007,1291,1320,1381,925,805,813,995,2022_06,schools-count
1213,0.0,0.0,0.0,0.0,0.0,0.0,0.0,0.0,0.0,0.0,0.0,0.0,0.0,0.0,0.0,0.0,0.0,0.0,0.0,0.0,0.0,0.0,0.0,0.0,0.0,0.0,0.0,0.0,0.0,0.0,0.0,0.0,0.0,0.0,0.0,2022_06,sdrf-sanctions-awarded-value
1214,0.0,0.0,22499828.0,13499727.0,0.0,0.0,58499774.0,0.0,75322280.75,0.0,23399870.0,0.0,0.0,0.0,0.0,0.0,0.0,0.0,0.0,0.0,0.0,0.0,16199956.0,0.0,0.0,5507523.0,0.0,0.0,0.0,0.0,0.0,0.0,0.0,0.0,0.0,2022_06,sdrf-tenders-awarded-value
1215,84.0,81.0,84.0,78.0,81.0,86.0,82.0,84.0,84.0,83.0,79.0,85.0,85.0,84.0,89.0,90.0,88.0,86.0,87.0,84.0,85.0,83.0,85.0,83.0,85.0,82.0,85.0,84.0,83.0,88.0,75.0,89.0,78.0,85.0,85.0,2022_06,slope-mean
1216,0.0,0.0,0.0,0.0,0.0,186855227.0,0.0,89761247.0,163006515.0,0.0,0.0,0.0,0.0,0.0,0.0,0.0,0.0,0.0,0.0,0.0,0.0,0.0,88709800.9,0.0,0.0,0.0,0.0,0.0,0.0,0.0,0.0,0.0,0.0,0.0,0.0,2022_06,sopd-tenders-awarded-value
1217,57857.0,42575.0,46470.0,67953.0,42280.0,97610.0,68323.0,58342.0,32533.0,78299.0,65397.0,43660.0,50348.0,70723.0,35381.0,10818.0,107625.0,84067.0,28439.0,34649.0,31827.0,73518.0,52534.0,42123.0,26244.0,54588.0,39025.0,16626.0,31591.0,46543.0,24163.0,23910.0,7312.0,12224.0,21238.0,2022_06,sum-aged-population
1218,1285566.0,1380036.0,1071403.0,1592951.0,1134860.0,2349536.0,1457402.0,1159587.0,701395.0,1403053.0,1493591.0,780035.0,999320.0,1300195.0,701883.0,287573.0,2109650.0,1392873.0,767428.0,805117.0,610607.0,1631483.0,1355213.0,964758.0,719391.0,1155605.0,871748.0,496730.0,661663.0,1116144.0,539004.0,364058.0,166527.0,320250.0,501941.0,2022_06,sum-population
1219,6047.56,2670.52,3274.6,2959.75,859.05,1807.01,3281.91,2391.01,1837.94,3296.54,2607.23,982.62,831.75,1524.87,1995.53,2095.11,4156.07,2131.15,1538.77,2145.39,4443.15,3758.16,379.73,1534.2,2263.39,1198.13,2082.45,818.37,1363.8,484.13,1238.54,1216.73,519.35,744.02,998.48,2022_06,sum-rain
1220,121755.0,108187.0,110299.0,138171.0,89493.0,189578.0,119771.0,107159.0,63722.0,140321.0,98977.0,58320.0,58038.0,107008.0,83796.0,25721.0,186200.0,165255.0,61334.0,68671.0,62729.0,108185.0,64585.0,49770.0,38011.0,111967.0,68474.0,22454.0,55099.0,90898.0,58752.0,54830.0,8806.0,24043.0,31327.0,2022_06,sum-young-population
1221,,,,,,,,,,,,,,,,,,,,,,,,,,,,,,,,,,,,2022_06,topsis-score
1222,209802.0,1519319.0,682352.0,10472700.0,1394401.0,1407123.0,194998.0,399770.0,322291.0,0.0,22389.0,0.0,0.0,6670.0,0.0,863.0,731963.0,194484.0,53307.0,508842.0,28079.0,3769005.0,135660.0,2298128.0,149285.0,3415658.0,50203.0,0.0,139954.0,535849.0,3208947.0,0.0,20125.0,873996.0,430905.0,2022_06,total-animal-affected
1223,410.0,0.0,5.0,103.0,0.0,5211.0,4.0,0.0,12.0,0.0,0.0,0.0,0.0,0.0,0.0,0.0,15.0,0.0,4.0,0.0,66.0,747.0,0.0,162.0,16.0,1083.0,12.0,0.0,0.0,4.0,0.0,0.0,0.0,6014.0,0.0,2022_06,total-animal-washed-away
1224,214904.0,377710.0,240459.0,393378.0,267778.0,527427.0,318730.0,266928.0,195025.0,318555.0,311523.0,172096.0,272707.0,275841.0,103131.0,30119.0,416101.0,256161.0,165784.0,185414.0,105445.0,408132.0,327221.0,233278.0,132203.0,231859.0,185739.0,108235.0,150938.0,214866.0,202538.0,52339.0,39239.0,77895.0,112690.0,2022_06,total-hhd
1225,0.0,164.0,0.0,347.0,0.0,718.0,169.0,39.0,4.0,1.0,0.0,1.0,0.0,0.0,0.0,0.0,0.0,0.0,0.0,322.0,52.0,36.0,1.0,0.0,14.0,143.0,87.0,0.0,17.0,118.0,287.0,0.0,1.0,551.0,748.0,2022_06,total-house-fully-damaged
1226,0.0,0.0,22499828.0,13499727.0,255828800.0,444140027.0,58499774.0,89761247.0,238328795.75,0.0,97519239.0,0.0,0.0,3110076.0,0.0,0.0,0.0,0.0,0.0,0.0,0.0,496009585.0,104909756.9,154520100.0,0.0,52251723.0,0.0,0.0,152573400.0,0.0,21478500.0,0.0,0.0,0.0,0.0,2022_06,total-tender-awarded-value
1227,44.82310382182993,6.321206822171816,22.17775765494202,1.7360845973006505,7.428591072756205,13.738477714009118,16.926471024044787,11.86243788406468,18.492079646139395,45.3288068036129,26.16921253871126,22.293049479466347,23.1796731943248,20.00995806072238,84.83872280753643,92.05546516762968,60.388095350395474,37.62801177789037,45.0801965914072,14.646563349516626,25.17195701278569,20.99890824542552,35.79076612553773,7.197226245997946,22.97002391129913,5.385593776164412,10.29238102166091,37.6018834218617,14.041094293919931,26.961889746398366,2.1720923479523893,81.043384726924,3.9934399889388095,9.326448302643366,10.394268862702978,2022_06,trees
1228,1,1,1,1,1,1,2,2,2,2,2,1,1,2,1,1,1,1,1,1,1,1,1,1,1,1,2,1,2,2,1,2,2,1,1,2022_06,vulnerability
1229,2.14748433199024,8.926816101581226,5.475954771612946,15.380298537726048,9.265041863767612,6.131505410138075,8.042019821808795,5.657214950125068,3.184357477531447,3.830038914084223,6.570281630742558,2.716662852196683,1.3880577326149368,5.197454496380245,0.2377468964495746,0.5304976144773761,2.688034643276909,2.92526092277451,2.2601753322097475,7.744761919768054,2.245381899476784,3.9538179958602666,5.534381057228192,4.442300732411621,1.15738968639711,6.9103555208594845,1.076089054113655,1.127223868189796,4.555133368386216,1.2832259379546722,18.680681481428,0.648788836399234,13.241007569465063,2.462243864094462,2.4620794291034347,2022_06,water
1230,9.0,7.5,8.9,8.0,7.2,9.8,9.8,8.3,7.0,8.6,10.2,10.4,10.3,8.8,7.2,8.1,9.8,9.8,9.5,9.1,8.2,10.1,12.1,10.5,9.0,9.2,8.3,8.6,8.9,8.0,6.7,5.8,9.4,7.0,11.6,2022_07,avg-electricity
1231,2.2,2.6,2.0,2.0,2.4,2.0,2.2,2.4,2.0,2.0,2.0,2.2,2.2,2.3,2.0,2.5,2.2,2.4,2.0,2.2,2.2,2.4,2.5,2.1,2.3,2.0,2.2,2.0,2.3,2.3,2.0,2.0,2.5,2.3,2.2,2022_07,avg-tele
1232,0.7926530269491988,7.531760711382735,5.9975841882527146,13.399743893694705,9.087423770641625,1.3559646022141194,11.16993018461264,3.321949651206243,5.2991176353693925,5.549417795933058,11.89688114458343,1.1135349370612126,0.4813646419853773,6.200207708738966,0.0032022457056181,0.0112955447522568,0.0442322942026991,0.0005821967384394,0.0007817744432644,5.446282937545653,2.6240657801650604,2.713399795461528,0.6252866012662451,1.5346122135798803,0.7279240894938651,9.113289753821244,0.692098757126833,0.0007835410233665,6.477376686892146,0.1040992334832411,18.30364889362488,0.0291324919691509,24.24725091913665,0.1021579643228508,0.9800489342396108,2022_07,bare-ground
1233,0.0,0.0,0.0,8.0,0.0,1.0,0.0,0.0,3.0,0.0,0.0,0.0,0.0,0.0,0.0,0.0,0.0,0.0,0.0,0.0,0.0,0.0,0.0,0.0,0.0,0.0,1.0,0.0,1.0,0.0,0.0,0.0,0.0,1.0,0.0,2022_07,bridge
1234,11.264850221750155,18.68685688043959,20.07028981164902,23.29889457460743,16.29951533262418,20.48813880453336,15.023216012689074,17.4522747070768,14.71861886001929,12.154705287272218,13.61867532627536,17.5099405252546,20.481406677371403,19.487721132368616,4.44886025271191,1.5368532584904049,9.10146485261492,18.16413114488408,11.692113258103412,29.03448414003954,25.20730433303082,19.642315297342577,41.77419085025272,22.52836057941624,17.184724781574545,20.83163737213544,19.833272477709933,15.361738693511066,16.307754508621432,18.67734995944407,13.584563748839374,3.06652116810747,7.895660111838286,23.186526086855533,20.951904792722186,2022_07,built-area
1235,,,,,,,,,,,,,,,,,,,,,,,,,,,,,,,,,,,,2022_07,children-camp
1236,0.0,0.0,0.0,0.0,0.0,0.0,0.0,0.0,0.0,0.0,0.0,0.0,0.0,0.0,0.0,0.0,9043914.0,0.0,0.0,0.0,0.0,0.0,0.0,0.0,0.0,0.0,0.0,0.0,0.0,0.0,0.0,0.0,0.0,0.0,0.0,2022_07,cidf-tenders-awarded-value
1237,0.0,0.0,0.0,0.0,0.0,0.0,0.0,0.0,0.0,0.0,0.0,0.0,0.0,0.0,0.0,0.0,0.0,0.0,0.0,0.0,0.0,0.0,0.0,0.0,0.0,0.0,0.0,0.0,0.0,0.0,0.0,0.0,0.0,0.0,0.0,2022_07,clouds
1238,,,,,,,,,,,,,,,,,,,,,,,,,,,,,,,,,,,,2022_07,count
1239,0.0,0.0,39.0,16619.0,9582.0,17874.0,319.0,1953.0,7954.0,388.0,745.0,56.0,99.0,92.0,0.0,0.0,9870.0,1339.0,361.0,0.0,0.0,311.0,0.0,139.0,614.0,5011.0,0.0,104.0,735.0,271.0,0.0,0.0,75.0,35.0,853.0,2022_07,crop-area
1240,34.931770488808205,52.40605978487702,41.90048690372884,39.78883882637817,54.938104096082654,52.84995016494956,42.430108230565374,59.220248011676354,53.84524370376692,23.916453965964777,37.007801509232486,51.49506236580305,51.5431523154699,40.48003041827815,7.3319902914434465,1.1705332822997936,25.11128351276798,39.4415642847609,38.76788596538208,38.85547024163674,40.535326387412894,49.82767215203262,14.305666246257186,63.02893160899544,54.33608252147262,54.67737476207797,66.94304859635157,44.30796823377707,53.5223113648856,51.12834615515126,36.66279815234376,8.66392715215393,38.3720622201222,64.73913688080393,63.92200816180048,2022_07,crops
1241,4296.624151156235,2231.5993331549903,3585.3069321814023,1247.6117514050093,2700.336576957554,3477.530108369159,1557.3606551140049,2711.0464141089856,2238.6415334905228,4159.102888381455,9491.630139883577,3889.6067327857527,7133.757644739053,3445.526862961011,8511.666927309077,4923.29748622475,3222.517655928944,4060.318063254274,4335.474967336042,1883.330083753236,975.2407923854796,4254.719948057848,3333.953706616405,1829.807307358248,1576.5499878215094,1098.83444541599,1489.926404330648,4700.953196095703,4363.59388114963,5163.44360094801,880.805632910103,4989.53282327419,1292.455559234692,1123.7037030160088,1578.254039674223,2022_07,distance-from-river
1242,KOKRAJHAR,DHUBRI,GOALPARA,BARPETA,MORIGAON,NAGAON,SONITPUR,LAKHIMPUR,DHEMAJI,TINSUKIA,DIBRUGARH,SIVASAGAR,JORHAT,GOLAGHAT,KARBI ANGLONG,DIMA HASAO,CACHAR,KARIMGANJ,HAILAKANDI,BONGAIGAON,CHIRANG,KAMRUP,KAMRUP METRO,NALBARI,BAKSA,DARRANG,UDALGURI,CHARAIDEO,BISWANATH,HOJAI,SOUTH SALMARA MANCACHAR,WEST KARBI ANGLONG,MAJULI,BAJALI,TAMULPUR,2022_07,district
1243,0.0005623749999999,0.0006515714285714,0.0005706,0.0006465,0.0005976,0.0005747142857142,0.000571,0.0006111428571428,0.0005535,0.00057375,0.0006251428571428,0.0006055,0.0006035999999999,0.0005855,0.00041,0.00031275,0.0004408,0.0005329999999999,0.0005025,0.0005798,0.000528,0.0005858461538461,0.00044875,0.000670625,0.0005907142857142,0.0006724,0.0006286666666666,0.000603,0.0006126666666666,0.00058,0.000585,0.000439,0.0006255,0.0006813333333333,0.0006636,2022_07,drainage-density
1244,,,,,,,,,,,,,,,,,,,,,,,,,,,,,,,,,,,,2022_07,dtcode11
1245,,,,,,,,,,,,,,,,,,,,,,,,,,,,,,,,,,,,2022_07,dtname
1246,0.868752625,0.8417172857142857,0.8116284,0.8309973333333334,0.7677546000000001,0.8618808571428571,0.7853289999999999,0.7376888571428571,0.7484453333333333,0.7696857500000001,0.7772958571428571,0.83192225,0.879297,0.8063263333333334,0.8936649999999999,0.9709865,0.8273534,0.9533884,0.936553,0.8305834000000001,0.8693325999999999,0.8853961538461538,1.0,0.929011,0.7782401428571429,0.7962566,0.767206,0.8325819999999999,0.7662396666666668,0.7680406666666667,0.850948,0.72803,0.7675915,0.9594673333333332,0.8093324,2022_07,efficiency
1247,63.0,33.0,49.0,40.0,63.0,72.0,86.0,96.0,141.0,142.0,113.0,99.0,105.0,97.0,347.0,607.0,155.0,36.0,47.0,54.0,84.0,82.0,114.0,49.0,70.0,59.0,91.0,112.0,86.0,125.0,26.0,483.0,85.0,47.0,71.0,2022_07,elevation-mean
1248,0.0,0.0,0.0,0.0,0.0,0.0,0.0,0.0,0.0,0.0,0.0,0.0,3.0,0.0,0.0,0.0,17.0,0.0,0.0,1.0,0.0,0.0,0.0,0.0,0.0,0.0,4.0,0.0,0.0,0.0,0.0,0.0,0.0,0.0,0.0,2022_07,embankment-breached
1249,0.0,1.0,0.0,2.0,0.0,7.0,0.0,3.0,0.0,0.0,3.0,1.0,0.0,0.0,0.0,0.0,5.0,1.0,8.0,0.0,0.0,0.0,0.0,0.0,0.0,0.0,0.0,0.0,1.0,0.0,0.0,0.0,5.0,8.0,0.0,2022_07,embankments-affected
1250,1,2,2,3,2,4,5,1,1,5,2,2,2,2,2,1,5,3,2,1,1,1,4,1,1,3,1,1,2,5,4,3,1,1,1,2022_07,exposure
1251,,,,,,,,,,,,,,,,,,,,,,,,,,,,,,,,,,,,2022_07,female-camp
1252,2022-2023,2022-2023,2022-2023,2022-2023,2022-2023,2022-2023,2022-2023,2022-2023,2022-2023,2022-2023,2022-2023,2022-2023,2022-2023,2022-2023,2022-2023,2022-2023,2022-2023,2022-2023,2022-2023,2022-2023,2022-2023,2022-2023,2022-2023,2022-2023,2022-2023,2022-2023,2022-2023,2022-2023,2022-2023,2022-2023,2022-2023,2022-2023,2022-2023,2022-2023,2022-2023,2022_07,financial-year
1253,1,2,2,2,3,3,3,2,2,1,4,5,4,2,1,1,4,5,4,2,1,2,1,1,1,1,1,5,3,1,3,1,4,1,1,2022_07,flood-hazard
1254,,,,,,,,,,,,,,,,,,,,,,,,,,,,,,,,,,,,2022_07,flood-hazard-float
1255,0.6919566134631445,0.0130738712947678,0.1555253828857338,0.070670317524941,0.3009575537051402,1.297652198820306,0.0403752298285348,0.0575528552506696,0.0418665903116203,0.4476628781144292,0.205718549547722,0.6821346650851449,0.71555397083185,0.3522390394504635,0.0001308687455715,0.0029179614859214,0.1999473249919585,0.354315401887915,0.3265545862272735,0.1142242087136369,0.0120753346183426,0.0388034671918635,0.1514026544257694,0.0733545189974068,0.000497097682435,0.0106451229965376,0.0,0.0309594757269307,0.1413892783954933,0.0211213460285527,0.0867816769319334,0.0076061202987784,0.0528964925144814,0.0002983981827297,0.0,2022_07,flooded-vegetation
1256,5,5,5,5,4,4,4,5,4,5,5,5,5,5,5,5,5,4,5,5,5,5,4,5,5,5,5,5,4,5,5,5,5,5,5,2022_07,government-response
1257,163,151,154,205,116,277,158,124,73,119,169,143,106,153,30,4,176,96,87,88,68,282,52,142,109,129,15,82,100,91,69,25,32,70,67,2022_07,health-centres-count
1258,1,0,0,2,1,9,0,2,0,0,1,1,0,0,0,0,15,3,3,0,0,0,0,0,0,0,0,0,0,0,0,0,0,0,0,2022_07,human-live-lost
1259,,,,,,,,,,,,,,,,,,,,,,,,,,,,,,,,,,,,2022_07,human-live-lost-children
1260,,,,,,,,,,,,,,,,,,,,,,,,,,,,,,,,,,,,2022_07,human-live-lost-female
1261,,,,,,,,,,,,,,,,,,,,,,,,,,,,,,,,,,,,2022_07,human-live-lost-male
1262,0.0,0.0,0.0,0.0,0.0,0.0,0.0,0.0,0.0,0.0,0.0,0.0,0.0,0.0,0.0,0.0,0.0,0.0,0.0,0.0,0.0,0.0,8196433.0,0.0,0.0,0.0,0.0,0.0,0.0,0.0,0.0,0.0,0.0,0.0,0.0,2022_07,immediate-measures-tenders-awarded-value
1263,0.0180629553671981,0.0268773705870505,0.0209221413210931,0.053851926218914,0.0803624274014186,0.0776989251595851,0.0407603620088393,0.0114091621347889,0.0032261928052032,0.0013023224674407,0.0164298181438438,0.0589030477713938,0.028866425706479,0.0118762038138132,0.0045060730270342,6.602763158042615e-07,0.0355963913847123,0.0748979574456369,0.0445304369642972,0.0162010131610974,0.0025242737139853,0.0457838829023767,0.0178695255418864,0.0309971089469747,0.0115215925282082,0.0289751187949578,0.0359650312464532,0.0173359691523908,0.0208490113054122,0.0588987906715128,0.0235756155895244,0.0033138911992443,0.0342931266395415,0.0092153798673542,0.0300391880142921,2022_07,inundation-intensity-mean
1264,0.35,0.26,0.38,0.37,0.33,0.32,0.26,0.27,0.25,0.12,0.28,0.31,0.29,0.29,0.27,0.06,0.34,0.34,0.29,0.38,0.21,0.33,0.32,0.35,0.25,0.27,0.25,0.27,0.28,0.3,0.39,0.27,0.29,0.27,0.25,2022_07,inundation-intensity-mean-nonzero
1265,78799.0,153304.0,132309.75,321212.75,450941.75,604281.5,347804.0,101694.75,29068.75,14377.75,172084.25,285028.0,180593.5,142383.75,134065.75,11.75,418597.5,266629.0,87547.25,70149.5,24278.0,358699.5,46570.5,114456.25,35695.25,127571.75,100769.5,56849.25,130537.5,250843.5,47789.0,31113.75,77640.75,21182.0,51318.25,2022_07,inundation-intensity-sum
1266,4.423880897079077,6.894930555930425,5.182017408257268,13.443219607291242,22.769489060034942,22.60047716548272,15.81783110448315,4.119917135974228,1.2690873556635318,0.5209289869762904,5.624953732248572,19.113837424505007,9.171630692008298,4.110048703407352,1.5776531460810934,0.0002641105263217,9.948999970822443,21.00828164320616,13.223045601850616,3.988975921706142,0.904999047124406,11.631874021371756,5.280505387636885,9.025593948123378,4.01422461843551,10.44290513324052,14.239688559148435,6.452479180028591,7.618658074277183,19.650983521010254,6.02053639189995,1.20768308320251,11.526221561132424,2.9536018088808165,12.01567520571687,2022_07,inundation-pct
1267,0.0,0.0,0.0,0.0,0.0,0.0,0.0,0.0,0.0,0.0,0.0,0.0,0.0,0.0,0.0,0.0,0.0,0.0,0.0,0.0,0.0,0.0,0.0,0.0,0.0,0.0,0.0,0.0,0.0,0.0,0.0,0.0,0.0,0.0,0.0,2022_07,ltif-tenders-awarded-value
1268,,,,,,,,,,,,,,,,,,,,,,,,,,,,,,,,,,,,2022_07,male-camp
1269,0.76,0.72,0.44,0.44,0.56,0.58,0.79,0.7,0.73,0.86,0.91,0.89,0.78,0.6,0.59,0.64,0.97,0.99,0.99,0.43,0.57,0.6,0.51,0.47,0.43,0.56,0.79,0.91,0.64,0.58,0.57,0.54,0.78,0.43,0.24,2022_07,max-rain
1270,79.02868494142712,101.80280753365652,92.94383900653578,105.59323892727156,101.52151689605476,82.80184981421402,96.12358569934148,83.9078683433952,82.58482453454118,85.28440626816572,92.33941954273553,80.5484411209615,79.26767921681454,87.0143854317649,73.9235270160713,74.45407242468538,76.22171823123378,78.77654329987095,76.5297175055914,92.844134833946,78.73454361714819,88.47737641290556,90.33791694141864,81.3350244170581,77.2968865972734,93.73693822422564,78.06937273928872,76.99096084367254,87.73877652848734,76.69919006241047,135.19869279538494,74.5890767941101,111.4923918776678,77.2774448783579,78.49346327750206,2022_07,mean-cn
1271,-0.1508959330851149,-0.0904449099491916,-0.0619383980834008,-0.1892937246907164,-0.0880248290493509,-0.1037997241668701,-0.1072089505143543,-0.0987929137956617,-0.099533504485755,-0.1355898763672251,-0.0994769106965205,-0.1283755936232075,-0.1267540707995721,-0.1076385706013661,-0.1812346722985296,-0.1726805193598097,-0.1609602805758786,-0.1527535762549149,-0.1487742228860412,-0.0802787390220667,-0.1080275937967888,-0.0670999933441902,-0.0812606133570104,-0.011009276215345,-0.0190552303440262,-0.0458890690027921,0.0292449861003493,-0.1502916840630025,-0.0938547989577123,-0.0062149828299818,-0.1062473867514775,-0.093163798008911,-0.0837918773905555,-0.0129138645075658,0.0315663142305455,2022_07,mean-ndbi
1272,0.5103359060039976,0.3581635026387608,0.4245870018165562,0.339717559656586,0.4054883833737059,0.4918421771328001,0.3938365284763196,0.5283105179526696,0.5411883302169961,0.5867795462008325,0.4203207668254946,0.4865850490607333,0.5546668933979333,0.5135106645620134,0.5093901117080832,0.6278557167032264,0.6139917658963323,0.5626167462875784,0.5779303489712372,0.3735285929987691,0.4916121285645184,0.4064118781383415,0.4354984196424329,0.3476736962079551,0.4403104389805086,0.2812386851650122,0.3966599697301612,0.5845764629511493,0.5068725357808784,0.4355636275138922,0.2989915953106107,0.530673526358262,0.3046458908821028,0.3995596404877508,0.3873070692511195,2022_07,mean-ndvi
1273,0.42,0.45,0.4,0.35,0.5,0.52,0.58,0.57,0.47,0.68,0.78,0.72,0.69,0.42,0.36,0.31,0.72,0.82,0.93,0.41,0.44,0.39,0.32,0.3,0.32,0.35,0.35,0.88,0.5,0.32,0.45,0.26,0.63,0.34,0.21,2022_07,mean-rain
1274,0.94,0.94,0.94,0.94,0.95,0.94,0.93,0.94,0.93,0.93,0.94,0.93,0.94,0.94,0.92,0.91,0.94,0.94,0.93,0.95,0.94,0.93,0.91,0.93,0.95,0.93,0.94,0.93,0.93,0.94,0.94,0.93,0.94,0.94,0.95,2022_07,mean-sex-ratio
1275,78683.46309,83470.903,78088.12,79714.84605,75490.3523,87424.20199999999,71470.137,90513.46103,104651.240916,68512.0013,81437.447,43095.76595,54183.314,128914.321604,35388.58,27888.17,66721.37,42827.17595,35287.21,42395.395,27850.66,74001.84561,6039.38,44021.984,58167.37587,76196.45569999999,93034.31635285716,23849.9,71288.401,78621.26999999999,17419.61,48488.349,16642.66,23559.76,71015.57777333334,2022_07,net-sown-area-in-hac
1276,0.0,0.0,0.0,0.0,0.0,66826951.0,0.0,0.0,0.0,119725000.0,0.0,0.0,0.0,51691000.0,0.0,0.0,4381365.0,36751770.0,90843700.0,0.0,0.0,0.0,127589030.92,0.0,0.0,0.0,0.0,0.0,201802135.0,0.0,0.0,0.0,36003600.0,0.0,0.0,2022_07,others-tenders-awarded-value
1277,0.0,0.0,7296.0,311821.0,179133.0,432791.0,6642.0,77307.0,92757.0,15162.0,26121.0,6829.0,112.0,0.0,0.0,0.0,1404748.0,29877.0,240681.0,0.0,897.0,1492.0,0.0,2074.0,0.0,36093.0,909.0,8806.0,24511.0,745.0,0.0,0.0,0.0,1755.0,2374.0,2022_07,population-affected-total
1278,62.0,342.0,34.0,5.0,10.0,45.0,35.0,38.0,77.0,43.0,49.0,27.0,41.0,43.0,32.0,146.0,46.0,45.0,28.0,81.0,8.0,45.0,80.0,11.0,0.0,0.0,24.0,24.0,19.0,30.0,0.0,0.0,0.0,9.0,6.0,2022_07,rail-count
1279,145613.0,139561.0,78425.0,17621.0,30884.0,174517.0,138494.0,108334.0,121454.0,119685.0,123774.0,73292.0,86126.0,117155.0,73424.0,172636.0,103488.0,117739.0,90281.0,82273.0,24548.0,109026.0,89510.0,30164.0,0.0,0.0,66114.0,80492.0,74271.0,75327.0,0.0,0.0,0.0,28139.0,18201.0,2022_07,rail-length
1280,5.348181495209121,6.11422582825285,4.222401286928735,6.325469252768145,2.68036631042268,4.138311105335524,6.36787949645059,2.428321940600219,4.418716086861928,8.77291435501842,4.531429300907208,4.18961517513282,2.210791467401826,8.27238914406129,3.13934663740754,4.6924371708647925,2.466942021750114,1.4861342710638126,1.8722924922271555,4.158213202779798,4.20388925251038,2.8250830466856347,1.818306465032017,1.195214100601416,3.623357912080288,3.0711036919448205,1.1631100930371554,1.5694427659100232,4.954940498899165,1.8239676215399023,10.509433698879796,6.54063950414741,12.1976826979844,0.1831885030970285,1.2896898194313615,2022_07,rangeland
1281,3131,1557,1979,1848,1512,2564,3445,2998,2483,3810,3379,1567,1865,3523,7337,4884,3783,1839,1329,1088,1926,3283,834,1036,1526,1611,1987,1073,1783,1456,684,3073,970,470,877,2022_07,rc-area
1282,22.9,25.01,25.42,15.04,15.81,23.51,13.19,16.32,20.87,24.89,12.8,8.96,12.07,15.06,23.47,23.25,15.87,14.25,19.26,12.86,25.35,9.48,11.61,21.25,15.46,13.0,15.96,19.71,28.46,27.66,28.09,28.84,17.28,9.75,12.15,2022_07,rc-nosanitation-hhds-pct
1283,2.85,1.19,3.55,2.25,3.35,4.98,6.04,2.83,2.26,3.42,4.19,6.81,14.25,7.18,1.95,6.36,8.53,5.57,4.01,2.04,1.03,3.32,11.46,9.66,2.8,5.1,3.07,3.8,4.2,5.27,3.57,0.24,4.95,6.03,5.78,2022_07,rc-piped-hhds-pct
1284,,,,,,,,,,,,,,,,,,,,,,,,,,,,,,,,,,,,2022_07,relief-camp-inmates
1285,0.0,0.0,0.0,0.0,0.0,412156051.0,146840061.0,200619458.0,307647341.0,119725000.0,134203500.0,0.0,0.0,51691000.0,0.0,0.0,9043914.0,99659836.0,90843700.0,0.0,0.0,80421160.0,62999157.0,44501118.0,0.0,0.0,0.0,0.0,238689625.0,0.0,0.0,0.0,36003600.0,0.0,0.0,2022_07,restoration-measures-tenders-awarded-value
1286,,,,,,,,,,,,,,,,,,,,,,,,,,,,,,,,,,,,2022_07,revenue-ci
1287,0.0,0.0,0.0,0.0,0.0,390753900.0,0.0,0.0,0.0,119725000.0,0.0,0.0,0.0,51691000.0,0.0,0.0,0.0,76734270.0,90843700.0,0.0,0.0,0.0,40123099.0,0.0,0.0,0.0,0.0,0.0,201802135.0,0.0,0.0,0.0,36003600.0,0.0,0.0,2022_07,ridf-tenders-awarded-value
1288,2,2,2,2,3,3,3,2,2,3,5,5,4,2,1,1,4,4,4,2,1,2,1,1,1,1,2,5,3,2,3,2,4,1,1,2022_07,risk-score
1289,41.99,35.57,46.41,44.95,56.64,59.16,77.88,95.37,0.0,135.49,120.3,99.14,86.03,130.64,0.0,131.48,25.92,20.34,28.07,52.6,54.18,51.18,52.64,51.71,0.0,0.0,0.0,105.16,0.0,0.0,0.0,754.15,0.0,0.0,162.65,2022_07,riverlevel-max
1290,5.1303276209677415,12.626510247528326,15.944074256649747,7.37347894265233,21.251325268817205,8.182169738863287,35.29474966397849,38.2565969569646,0.0,64.67693548387098,31.35961008704557,71.10705813172042,16.95608064516129,46.05940793010753,0.0,32.83703872282609,18.592209081020883,12.951142919945804,14.700613854196003,9.773390194761584,10.62144623655914,7.659088427499739,24.62034677419355,6.390924496644296,0.0,0.0,0.0,34.12645609318996,0.0,0.0,0.0,410.8820161290322,0.0,0.0,45.44142473118279,2022_07,riverlevel-mean
1291,0.0,0.0,0.0,0.0,0.0,0.0,0.0,0.0,0.0,0.0,0.0,0.0,0.0,0.0,0.0,0.0,5.84,0.0,0.0,0.0,0.0,0.0,0.0,0.0,0.0,0.0,0.0,0.0,0.0,0.0,0.0,67.41,0.0,0.0,0.0,2022_07,riverlevel-min
1292,858892.0,705770.0,1011509.0,725891.0,634621.0,1331470.0,745620.0,804067.0,578686.0,1211943.0,1453600.0,700651.0,736030.0,1389863.0,752361.0,843185.0,988230.0,615579.0,483931.0,654117.0,547046.0,1589070.0,746938.0,450865.0,429399.0,767150.0,650574.0,485197.0,574075.0,560100.0,78936.0,457481.0,54196.0,461489.0,294016.0,2022_07,road-length
1293,0.0,11.0,0.0,277.0,13.0,19.0,3.0,8.0,7.0,1.0,27.0,2.0,1.0,0.0,0.0,0.0,164.0,89.0,38.0,11.0,9.0,71.0,0.0,43.0,0.0,80.0,12.0,1.0,9.0,23.0,0.0,0.0,2.0,69.0,5.0,2022_07,roads
1294,2788,3147,2578,2904,1994,3284,2025,3519,2301,1950,2431,1838,2072,2507,1757,1063,3322,3188,3016,1463,1336,3463,1151,1817,1497,1858,1795,1007,1291,1320,1381,925,805,813,995,2022_07,schools-count
1295,0.0,0.0,0.0,0.0,0.0,0.0,0.0,0.0,0.0,0.0,0.0,0.0,0.0,0.0,0.0,0.0,0.0,0.0,0.0,0.0,0.0,0.0,0.0,0.0,0.0,0.0,0.0,0.0,0.0,0.0,0.0,0.0,0.0,0.0,0.0,2022_07,sdrf-sanctions-awarded-value
1296,0.0,0.0,0.0,20699989.0,0.0,17994600.0,0.0,0.0,33050219.23,0.0,0.0,0.0,0.0,0.0,0.0,0.0,0.0,44999663.0,0.0,0.0,0.0,4984985.18,0.0,0.0,0.0,0.0,0.0,0.0,0.0,0.0,12819459.15,0.0,0.0,0.0,0.0,2022_07,sdrf-tenders-awarded-value
1297,84.0,81.0,84.0,78.0,81.0,86.0,82.0,84.0,84.0,83.0,79.0,85.0,85.0,84.0,89.0,90.0,88.0,86.0,87.0,84.0,85.0,83.0,85.0,83.0,85.0,82.0,85.0,84.0,83.0,88.0,75.0,89.0,78.0,85.0,85.0,2022_07,slope-mean
1298,0.0,0.0,0.0,0.0,0.0,21402151.0,0.0,0.0,0.0,0.0,0.0,0.0,0.0,0.0,0.0,0.0,0.0,22925566.0,0.0,0.0,0.0,0.0,107593236.8,44501118.0,0.0,0.0,0.0,0.0,0.0,0.0,0.0,0.0,0.0,0.0,0.0,2022_07,sopd-tenders-awarded-value
1299,57857.0,42575.0,46470.0,67953.0,42280.0,97610.0,68323.0,58342.0,32533.0,78299.0,65397.0,43660.0,50348.0,70723.0,35381.0,10818.0,107625.0,84067.0,28439.0,34649.0,31827.0,73518.0,52534.0,42123.0,26244.0,54588.0,39025.0,16626.0,31591.0,46543.0,24163.0,23910.0,7312.0,12224.0,21238.0,2022_07,sum-aged-population
1300,1285566.0,1380036.0,1071403.0,1592951.0,1134860.0,2349536.0,1457402.0,1159587.0,701395.0,1403053.0,1493591.0,780035.0,999320.0,1300195.0,701883.0,287573.0,2109650.0,1392873.0,767428.0,805117.0,610607.0,1631483.0,1355213.0,964758.0,719391.0,1155605.0,871748.0,496730.0,661663.0,1116144.0,539004.0,364058.0,166527.0,320250.0,501941.0,2022_07,sum-population
1301,1247.03,595.12,710.44,585.0,652.31,1207.68,1785.98,1536.42,1184.86,2362.02,2346.96,1019.87,1141.76,1331.0,2426.68,1313.37,2494.42,1350.22,1122.37,401.55,825.18,1286.94,229.66,299.7,475.26,557.18,632.54,862.78,857.58,383.24,272.93,726.48,556.57,144.81,170.68,2022_07,sum-rain
1302,121755.0,108187.0,110299.0,138171.0,89493.0,189578.0,119771.0,107159.0,63722.0,140321.0,98977.0,58320.0,58038.0,107008.0,83796.0,25721.0,186200.0,165255.0,61334.0,68671.0,62729.0,108185.0,64585.0,49770.0,38011.0,111967.0,68474.0,22454.0,55099.0,90898.0,58752.0,54830.0,8806.0,24043.0,31327.0,2022_07,sum-young-population
1303,,,,,,,,,,,,,,,,,,,,,,,,,,,,,,,,,,,,2022_07,topsis-score
1304,0.0,0.0,0.0,1516263.0,1612329.0,573848.0,5353.0,85922.0,66041.0,0.0,155180.0,13524.0,0.0,350.0,0.0,0.0,0.0,0.0,47629.0,0.0,0.0,9823.0,4607.0,17790.0,7152.0,171236.0,1800.0,5100.0,34625.0,0.0,0.0,0.0,25936.0,6994.0,2102.0,2022_07,total-animal-affected
1305,0.0,0.0,0.0,34241.0,150.0,285.0,0.0,0.0,0.0,0.0,205.0,0.0,0.0,1.0,0.0,0.0,0.0,14.0,1952.0,0.0,0.0,1023.0,0.0,932.0,0.0,1000.0,0.0,0.0,0.0,0.0,0.0,0.0,0.0,15.0,0.0,2022_07,total-animal-washed-away
1306,214904.0,377710.0,240459.0,393378.0,267778.0,527427.0,318730.0,266928.0,195025.0,318555.0,311523.0,172096.0,272707.0,275841.0,103131.0,30119.0,416101.0,256161.0,165784.0,185414.0,105445.0,408132.0,327221.0,233278.0,132203.0,231859.0,185739.0,108235.0,150938.0,214866.0,202538.0,52339.0,39239.0,77895.0,112690.0,2022_07,total-hhd
1307,10.0,34.0,0.0,1.0,7.0,526.0,55.0,25.0,59.0,1.0,0.0,44.0,0.0,0.0,0.0,0.0,1731.0,100.0,835.0,42.0,7.0,88.0,0.0,140.0,0.0,3322.0,231.0,0.0,0.0,232.0,54.0,28.0,0.0,58.0,247.0,2022_07,total-house-fully-damaged
1308,0.0,0.0,0.0,20699989.0,0.0,430150651.0,0.0,0.0,33050219.23,119725000.0,0.0,0.0,0.0,51691000.0,0.0,0.0,9043914.0,144659499.0,90843700.0,0.0,0.0,4984985.18,158661521.92,44501118.0,0.0,0.0,0.0,0.0,201802135.0,0.0,12819459.15,0.0,36003600.0,0.0,0.0,2022_07,total-tender-awarded-value
1309,44.82310382182993,6.321206822171816,22.17775765494202,1.73608459730065,7.428591072756205,13.738477714009118,16.926471024044787,11.86243788406468,18.492079646139395,45.3288068036129,26.16921253871126,22.293049479466347,23.1796731943248,20.00995806072238,84.83872280753643,92.05546516762968,60.388095350395474,37.62801177789037,45.0801965914072,14.646563349516626,25.17195701278569,20.99890824542552,35.79076612553773,7.197226245997946,22.97002391129913,5.385593776164412,10.292381021660908,37.6018834218617,14.041094293919931,26.961889746398366,2.1720923479523893,81.043384726924,3.9934399889388095,9.326448302643366,10.394268862702978,2022_07,trees
1310,3,3,3,3,4,2,4,5,4,4,4,3,2,3,2,1,3,1,1,3,2,2,1,2,4,4,4,3,5,4,2,5,4,1,3,2022_07,vulnerability
1311,2.14748433199024,8.926816101581226,5.475954771612946,15.380298537726048,9.265041863767612,6.131505410138075,8.042019821808795,5.657214950125068,3.184357477531447,3.830038914084223,6.570281630742558,2.716662852196683,1.3880577326149368,5.197454496380245,0.2377468964495746,0.5304976144773761,2.688034643276909,2.92526092277451,2.2601753322097475,7.744761919768054,2.245381899476784,3.9538179958602666,5.534381057228192,4.442300732411621,1.15738968639711,6.9103555208594845,1.076089054113655,1.127223868189796,4.555133368386216,1.2832259379546722,18.680681481428,0.648788836399234,13.241007569465063,2.462243864094462,2.4620794291034347,2022_07,water
1312,9.0,7.5,8.9,8.0,7.2,9.8,9.8,8.3,7.0,8.6,10.2,10.4,10.3,8.8,7.2,8.1,9.8,9.8,9.5,9.1,8.2,10.1,12.1,10.5,9.0,9.2,8.3,8.6,8.9,8.0,6.7,5.8,9.4,7.0,11.6,2022_08,avg-electricity
1313,2.2,2.6,2.0,2.0,2.4,2.0,2.2,2.4,2.0,2.0,2.0,2.2,2.2,2.3,2.0,2.5,2.2,2.4,2.0,2.2,2.2,2.4,2.5,2.1,2.3,2.0,2.2,2.0,2.3,2.3,2.0,2.0,2.5,2.3,2.2,2022_08,avg-tele
1314,0.7926530269491988,7.531760711382733,5.9975841882527146,13.399743893694705,9.087423770641626,1.3559646022141194,11.16993018461264,3.321949651206243,5.2991176353693925,5.549417795933058,11.896881144583432,1.1135349370612126,0.4813646419853773,6.200207708738966,0.0032022457056181,0.0112955447522568,0.0442322942026991,0.0005821967384394,0.0007817744432644,5.446282937545653,2.6240657801650604,2.713399795461528,0.6252866012662451,1.5346122135798803,0.7279240894938651,9.113289753821244,0.6920987571268329,0.0007835410233665,6.477376686892146,0.1040992334832411,18.30364889362488,0.0291324919691509,24.24725091913665,0.1021579643228508,0.9800489342396108,2022_08,bare-ground
1315,0.0,0.0,0.0,0.0,0.0,0.0,0.0,0.0,2.0,0.0,0.0,0.0,0.0,0.0,0.0,0.0,0.0,0.0,0.0,0.0,0.0,0.0,0.0,0.0,0.0,0.0,0.0,0.0,0.0,0.0,0.0,0.0,0.0,0.0,0.0,2022_08,bridge
1316,11.264850221750155,18.68685688043959,20.07028981164902,23.29889457460743,16.29951533262418,20.48813880453336,15.023216012689074,17.4522747070768,14.71861886001929,12.154705287272218,13.61867532627536,17.5099405252546,20.481406677371403,19.487721132368616,4.44886025271191,1.5368532584904049,9.10146485261492,18.16413114488408,11.692113258103412,29.03448414003954,25.20730433303082,19.642315297342577,41.77419085025272,22.52836057941624,17.184724781574545,20.83163737213544,19.833272477709933,15.361738693511066,16.307754508621432,18.67734995944407,13.584563748839374,3.06652116810747,7.895660111838286,23.186526086855533,20.951904792722186,2022_08,built-area
1317,,,,,,,,,,,,,,,,,,,,,,,,,,,,,,,,,,,,2022_08,children-camp
1318,0.0,0.0,0.0,0.0,0.0,0.0,0.0,0.0,0.0,0.0,0.0,0.0,0.0,0.0,0.0,0.0,0.0,0.0,0.0,0.0,0.0,0.0,0.0,0.0,0.0,0.0,0.0,0.0,0.0,0.0,0.0,0.0,0.0,0.0,0.0,2022_08,cidf-tenders-awarded-value
1319,0.0,0.0,0.0,0.0,0.0,0.0,0.0,0.0,0.0,0.0,0.0,0.0,0.0,0.0,0.0,0.0,0.0,0.0,0.0,0.0,0.0,0.0,0.0,0.0,0.0,0.0,0.0,0.0,0.0,0.0,0.0,0.0,0.0,0.0,0.0,2022_08,clouds
1320,,,,,,,,,,,,,,,,,,,,,,,,,,,,,,,,,,,,2022_08,count
1321,0.0,36.0,0.0,0.0,0.0,0.0,0.0,130.0,4750.0,0.0,0.0,0.0,15.0,0.0,0.0,0.0,0.0,0.0,0.0,0.0,9.0,435.0,0.0,12.0,14.0,574.0,129.0,0.0,0.0,26.0,0.0,0.0,0.0,0.0,98.0,2022_08,crop-area
1322,34.9317704888082,52.40605978487703,41.90048690372884,39.78883882637817,54.938104096082654,52.84995016494956,42.430108230565374,59.220248011676354,53.84524370376692,23.916453965964777,37.007801509232486,51.49506236580305,51.5431523154699,40.48003041827815,7.3319902914434465,1.1705332822997934,25.11128351276798,39.4415642847609,38.76788596538208,38.85547024163674,40.535326387412894,49.82767215203263,14.305666246257186,63.02893160899544,54.33608252147262,54.67737476207797,66.94304859635157,44.30796823377707,53.5223113648856,51.12834615515126,36.66279815234376,8.66392715215393,38.3720622201222,64.73913688080393,63.92200816180048,2022_08,crops
1323,4296.624151156235,2231.5993331549903,3585.3069321814023,1247.6117514050093,2700.336576957554,3477.5301083691584,1557.3606551140049,2711.0464141089856,2238.6415334905228,4159.102888381455,9491.630139883577,3889.6067327857527,7133.757644739053,3445.526862961011,8511.666927309077,4923.29748622475,3222.517655928944,4060.318063254274,4335.474967336042,1883.330083753236,975.2407923854796,4254.719948057848,3333.953706616405,1829.807307358248,1576.5499878215094,1098.83444541599,1489.926404330648,4700.953196095703,4363.59388114963,5163.44360094801,880.805632910103,4989.53282327419,1292.455559234692,1123.7037030160088,1578.254039674223,2022_08,distance-from-river
1324,KOKRAJHAR,DHUBRI,GOALPARA,BARPETA,MORIGAON,NAGAON,SONITPUR,LAKHIMPUR,DHEMAJI,TINSUKIA,DIBRUGARH,SIVASAGAR,JORHAT,GOLAGHAT,KARBI ANGLONG,DIMA HASAO,CACHAR,KARIMGANJ,HAILAKANDI,BONGAIGAON,CHIRANG,KAMRUP,KAMRUP METRO,NALBARI,BAKSA,DARRANG,UDALGURI,CHARAIDEO,BISWANATH,HOJAI,SOUTH SALMARA MANCACHAR,WEST KARBI ANGLONG,MAJULI,BAJALI,TAMULPUR,2022_08,district
1325,0.0005623749999999,0.0006515714285714,0.0005706,0.0006465,0.0005976,0.0005747142857142,0.000571,0.0006111428571428,0.0005535,0.00057375,0.0006251428571428,0.0006055,0.0006035999999999,0.0005855,0.00041,0.00031275,0.0004408,0.0005329999999999,0.0005025,0.0005798,0.000528,0.0005858461538461,0.00044875,0.000670625,0.0005907142857142,0.0006724,0.0006286666666666,0.000603,0.0006126666666666,0.00058,0.000585,0.000439,0.0006255,0.0006813333333333,0.0006636,2022_08,drainage-density
1326,,,,,,,,,,,,,,,,,,,,,,,,,,,,,,,,,,,,2022_08,dtcode11
1327,,,,,,,,,,,,,,,,,,,,,,,,,,,,,,,,,,,,2022_08,dtname
1328,0.892426625,0.9276131428571428,0.8636792,0.8737891666666666,0.8007104,0.8776554285714286,0.832699,0.8219358571428571,0.8475625,0.81658125,0.8363555714285714,0.88131625,0.9268536,0.8768818333333334,0.9583996666666668,1.0,0.8670698,0.9622118,0.94859225,0.886181,0.8899984,0.9509186923076924,1.0,0.96170825,0.8512301428571429,0.8475256,0.8226548888888889,0.8802106666666667,0.8216899999999999,0.780855,0.914745,0.804262,0.9526425,0.9755236666666668,0.8793365999999999,2022_08,efficiency
1329,63.0,33.0,49.0,40.0,63.0,72.0,86.0,96.0,141.0,142.0,113.0,99.0,105.0,97.0,347.0,607.0,155.0,36.0,47.0,54.0,84.0,82.0,114.0,49.0,70.0,59.0,91.0,112.0,86.0,125.0,26.0,483.0,85.0,47.0,71.0,2022_08,elevation-mean
1330,0.0,0.0,0.0,0.0,0.0,0.0,0.0,0.0,1.0,0.0,0.0,0.0,0.0,0.0,0.0,0.0,0.0,0.0,0.0,0.0,0.0,0.0,0.0,0.0,0.0,0.0,1.0,0.0,0.0,0.0,0.0,0.0,0.0,0.0,0.0,2022_08,embankment-breached
1331,0.0,0.0,0.0,0.0,0.0,1.0,0.0,0.0,1.0,0.0,0.0,0.0,1.0,0.0,0.0,0.0,0.0,0.0,0.0,0.0,0.0,0.0,0.0,0.0,0.0,1.0,0.0,0.0,0.0,0.0,0.0,0.0,0.0,0.0,0.0,2022_08,embankments-affected
1332,1,2,2,3,2,4,5,1,1,5,2,2,2,2,2,1,5,3,2,1,1,1,4,1,1,3,1,1,2,5,4,3,1,1,1,2022_08,exposure
1333,,,,,,,,,,,,,,,,,,,,,,,,,,,,,,,,,,,,2022_08,female-camp
1334,2022-2023,2022-2023,2022-2023,2022-2023,2022-2023,2022-2023,2022-2023,2022-2023,2022-2023,2022-2023,2022-2023,2022-2023,2022-2023,2022-2023,2022-2023,2022-2023,2022-2023,2022-2023,2022-2023,2022-2023,2022-2023,2022-2023,2022-2023,2022-2023,2022-2023,2022-2023,2022-2023,2022-2023,2022-2023,2022-2023,2022-2023,2022-2023,2022-2023,2022-2023,2022-2023,2022_08,financial-year
1335,4,4,3,2,1,2,3,3,2,4,4,3,3,2,1,1,1,1,1,4,4,1,1,1,1,1,1,4,2,1,5,1,3,1,1,2022_08,flood-hazard
1336,,,,,,,,,,,,,,,,,,,,,,,,,,,,,,,,,,,,2022_08,flood-hazard-float
1337,0.6919566134631445,0.0130738712947678,0.1555253828857338,0.070670317524941,0.3009575537051402,1.297652198820306,0.0403752298285348,0.0575528552506696,0.0418665903116203,0.4476628781144293,0.205718549547722,0.6821346650851449,0.71555397083185,0.3522390394504635,0.0001308687455715,0.0029179614859214,0.1999473249919585,0.354315401887915,0.3265545862272735,0.1142242087136369,0.0120753346183426,0.0388034671918635,0.1514026544257694,0.0733545189974068,0.000497097682435,0.0106451229965376,0.0,0.0309594757269307,0.1413892783954933,0.0211213460285527,0.0867816769319334,0.0076061202987784,0.0528964925144814,0.0002983981827297,0.0,2022_08,flooded-vegetation
1338,5,5,5,4,4,4,4,5,4,5,4,5,5,5,5,5,5,4,5,5,5,5,4,5,5,5,5,5,4,5,5,5,4,5,5,2022_08,government-response
1339,163,151,154,205,116,277,158,124,73,119,169,143,106,153,30,4,176,96,87,88,68,282,52,142,109,129,15,82,100,91,69,25,32,70,67,2022_08,health-centres-count
1340,0,0,0,0,0,0,0,0,0,0,0,0,0,0,0,0,0,0,0,0,0,0,0,0,0,0,0,0,0,0,0,0,0,0,0,2022_08,human-live-lost
1341,,,,,,,,,,,,,,,,,,,,,,,,,,,,,,,,,,,,2022_08,human-live-lost-children
1342,,,,,,,,,,,,,,,,,,,,,,,,,,,,,,,,,,,,2022_08,human-live-lost-female
1343,,,,,,,,,,,,,,,,,,,,,,,,,,,,,,,,,,,,2022_08,human-live-lost-male
1344,0.0,0.0,0.0,17978334.0,0.0,0.0,0.0,0.0,0.0,0.0,67499654.39,0.0,0.0,0.0,0.0,0.0,13433761.13,0.0,0.0,0.0,0.0,0.0,10997886.0,0.0,0.0,0.0,0.0,0.0,0.0,0.0,0.0,0.0,0.0,0.0,0.0,2022_08,immediate-measures-tenders-awarded-value
1345,0.0,0.0,0.0,0.0,0.0,0.0,0.0,0.0,0.0,0.0,0.0,0.0,0.0,0.0,0.0,0.0,0.0,0.0,0.0,0.0,0.0,0.0,0.0,0.0,0.0,0.0,0.0,0.0,0.0,0.0,0.0,0.0,0.0,0.0,0.0,2022_08,inundation-intensity-mean
1346,0.0,0.0,0.0,0.0,0.0,0.0,0.0,0.0,0.0,0.0,0.0,0.0,0.0,0.0,0.0,0.0,0.0,0.0,0.0,0.0,0.0,0.0,0.0,0.0,0.0,0.0,0.0,0.0,0.0,0.0,0.0,0.0,0.0,0.0,0.0,2022_08,inundation-intensity-mean-nonzero
1347,0.0,0.0,0.0,0.0,0.0,0.0,0.0,0.0,0.0,0.0,0.0,0.0,0.0,0.0,0.0,0.0,0.0,0.0,0.0,0.0,0.0,0.0,0.0,0.0,0.0,0.0,0.0,0.0,0.0,0.0,0.0,0.0,0.0,0.0,0.0,2022_08,inundation-intensity-sum
1348,0.0,0.0,0.0,0.0,0.0,0.0,0.0,0.0,0.0,0.0,0.0,0.0,0.0,0.0,0.0,0.0,0.0,0.0,0.0,0.0,0.0,0.0,0.0,0.0,0.0,0.0,0.0,0.0,0.0,0.0,0.0,0.0,0.0,0.0,0.0,2022_08,inundation-pct
1349,0.0,0.0,0.0,0.0,0.0,0.0,0.0,0.0,0.0,0.0,0.0,0.0,0.0,0.0,0.0,0.0,0.0,0.0,0.0,0.0,0.0,0.0,0.0,0.0,0.0,0.0,0.0,0.0,0.0,0.0,0.0,0.0,0.0,0.0,0.0,2022_08,ltif-tenders-awarded-value
1350,,,,,,,,,,,,,,,,,,,,,,,,,,,,,,,,,,,,2022_08,male-camp
1351,1.03,0.73,0.66,0.59,0.42,0.42,0.82,0.69,0.69,0.69,0.69,0.51,0.49,0.45,0.42,0.25,0.41,0.49,0.46,0.65,0.79,0.57,0.37,0.29,0.36,0.22,0.82,0.69,0.39,0.41,1.03,0.42,0.43,0.36,0.21,2022_08,max-rain
1352,79.02868494142712,101.80280753365652,92.94383900653578,105.59323892727156,101.52151689605476,82.80184981421402,96.12358569934148,83.9078683433952,82.58482453454118,85.28440626816572,92.33941954273553,80.5484411209615,79.26767921681454,87.0143854317649,73.9235270160713,74.45407242468538,76.22171823123378,78.77654329987095,76.5297175055914,92.844134833946,78.73454361714819,88.47737641290556,90.33791694141864,81.3350244170581,77.2968865972734,93.73693822422564,78.06937273928872,76.99096084367254,87.73877652848734,76.69919006241047,135.19869279538494,74.5890767941101,111.4923918776678,77.2774448783579,78.49346327750206,2022_08,mean-cn
1353,-0.1379679591125378,-0.0891022778144102,-0.0619383980834008,-0.1892937246907164,-0.0880248290493509,-0.1037997241668701,-0.1072089505143543,-0.1850424527927217,-0.1541251694684293,-0.1521953729004357,-0.2297154380546323,-0.1897236747601047,-0.1267540707995721,-0.1076385706013661,-0.1812346722985296,-0.1726805193598097,-0.1609602805758786,-0.1527535762549149,-0.1487742228860412,-0.0802787390220667,-0.1080275937967888,-0.0670999933441902,-0.0812606133570104,-0.011009276215345,-0.0190552303440262,-0.0458890690027921,0.0292449861003493,-0.2235128305768532,-0.0938547989577123,-0.0062149828299818,-0.2388396586574166,-0.093163798008911,-0.4157471122153371,-0.0129138645075658,0.0315663142305455,2022_08,mean-ndbi
1354,0.5622910970765164,0.3562769500098894,0.4245870018165562,0.339717559656586,0.4054883833737059,0.4918421771328001,0.3938365284763196,0.3364047613651375,0.4072519669375494,0.5204907063783528,0.3250634014481835,0.4099556933694184,0.5546668933979333,0.5135106645620134,0.5093901117080832,0.6278557167032264,0.6139917658963323,0.5626167462875784,0.5779303489712372,0.3735285929987691,0.4916121285645184,0.4064118781383415,0.4354984196424329,0.3476736962079551,0.4403104389805086,0.2812386851650122,0.3966599697301612,0.4902137626986553,0.5068725357808784,0.4355636275138922,0.2151019367760516,0.530673526358262,0.0747968179998425,0.3995596404877508,0.3873070692511195,2022_08,mean-ndvi
1355,0.56,0.52,0.48,0.31,0.28,0.35,0.38,0.44,0.42,0.5,0.54,0.45,0.42,0.32,0.27,0.18,0.27,0.34,0.35,0.59,0.64,0.3,0.2,0.21,0.23,0.19,0.21,0.53,0.32,0.26,0.66,0.24,0.4,0.22,0.17,2022_08,mean-rain
1356,0.94,0.94,0.94,0.94,0.95,0.94,0.93,0.94,0.93,0.93,0.94,0.93,0.94,0.94,0.92,0.91,0.94,0.94,0.93,0.95,0.94,0.93,0.91,0.93,0.95,0.93,0.94,0.93,0.93,0.94,0.94,0.93,0.94,0.94,0.95,2022_08,mean-sex-ratio
1357,78683.46309,83470.903,78088.12,79714.84605,75490.3523,87424.20199999999,71470.137,90513.46103,104651.240916,68512.0013,81437.447,43095.76595,54183.314,128914.321604,35388.58,27888.17,66721.37,42827.17595,35287.21,42395.395,27850.66,74001.84561,6039.38,44021.984,58167.37587,76196.45569999999,93034.31635285716,23849.9,71288.401,78621.26999999999,17419.61,48488.349,16642.66,23559.76,71015.57777333334,2022_08,net-sown-area-in-hac
1358,0.0,0.0,0.0,53380346.0,0.0,0.0,0.0,0.0,0.0,44375000.0,0.0,0.0,54990900.0,82745000.0,0.0,0.0,0.0,0.0,43597800.0,0.0,0.0,0.0,46492651.0,0.0,0.0,0.0,0.0,0.0,0.0,0.0,0.0,0.0,76626900.0,0.0,0.0,2022_08,others-tenders-awarded-value
1359,0.0,0.0,0.0,0.0,0.0,0.0,0.0,4230.0,26542.0,495.0,0.0,0.0,112.0,0.0,0.0,0.0,0.0,0.0,0.0,0.0,3953.0,0.0,0.0,694.0,0.0,354.0,383.0,0.0,0.0,57.0,0.0,0.0,0.0,7226.0,596.0,2022_08,population-affected-total
1360,62.0,342.0,34.0,5.0,10.0,45.0,35.0,38.0,77.0,43.0,49.0,27.0,41.0,43.0,32.0,146.0,46.0,45.0,28.0,81.0,8.0,45.0,80.0,11.0,0.0,0.0,24.0,24.0,19.0,30.0,0.0,0.0,0.0,9.0,6.0,2022_08,rail-count
1361,145613.0,139561.0,78425.0,17621.0,30884.0,174517.0,138494.0,108334.0,121454.0,119685.0,123774.0,73292.0,86126.0,117155.0,73424.0,172636.0,103488.0,117739.0,90281.0,82273.0,24548.0,109026.0,89510.0,30164.0,0.0,0.0,66114.0,80492.0,74271.0,75327.0,0.0,0.0,0.0,28139.0,18201.0,2022_08,rail-length
1362,5.348181495209121,6.11422582825285,4.222401286928735,6.325469252768145,2.68036631042268,4.138311105335524,6.36787949645059,2.428321940600219,4.418716086861928,8.77291435501842,4.531429300907208,4.18961517513282,2.210791467401826,8.272389144061291,3.13934663740754,4.6924371708647925,2.466942021750114,1.4861342710638126,1.8722924922271555,4.158213202779798,4.20388925251038,2.8250830466856347,1.818306465032017,1.195214100601416,3.623357912080288,3.0711036919448205,1.1631100930371554,1.5694427659100232,4.954940498899165,1.8239676215399023,10.509433698879796,6.54063950414741,12.1976826979844,0.1831885030970285,1.2896898194313615,2022_08,rangeland
1363,3131,1557,1979,1848,1512,2564,3445,2998,2483,3810,3379,1567,1865,3523,7337,4884,3783,1839,1329,1088,1926,3283,834,1036,1526,1611,1987,1073,1783,1456,684,3073,970,470,877,2022_08,rc-area
1364,22.9,25.01,25.42,15.04,15.81,23.51,13.19,16.32,20.87,24.89,12.8,8.96,12.07,15.06,23.47,23.25,15.87,14.25,19.26,12.86,25.35,9.48,11.61,21.25,15.46,13.0,15.96,19.71,28.46,27.66,28.09,28.84,17.28,9.75,12.15,2022_08,rc-nosanitation-hhds-pct
1365,2.85,1.19,3.55,2.25,3.35,4.98,6.04,2.83,2.26,3.42,4.19,6.81,14.25,7.18,1.95,6.36,8.53,5.57,4.01,2.04,1.03,3.32,11.46,9.66,2.8,5.1,3.07,3.8,4.2,5.27,3.57,0.24,4.95,6.03,5.78,2022_08,rc-piped-hhds-pct
1366,,,,,,,,,,,,,,,,,,,,,,,,,,,,,,,,,,,,2022_08,relief-camp-inmates
1367,3465000.0,0.0,0.0,53380346.0,0.0,19933200.0,14849755.0,0.0,0.0,44375000.0,93140100.0,0.0,54990900.0,82745000.0,0.0,0.0,0.0,0.0,43597800.0,0.0,66906080.0,0.0,37512649.0,0.0,0.0,0.0,0.0,0.0,119143800.0,0.0,0.0,0.0,76626900.0,0.0,0.0,2022_08,restoration-measures-tenders-awarded-value
1368,,,,,,,,,,,,,,,,,,,,,,,,,,,,,,,,,,,,2022_08,revenue-ci
1369,0.0,0.0,0.0,0.0,0.0,0.0,0.0,0.0,0.0,44375000.0,0.0,0.0,54990900.0,82745000.0,0.0,0.0,0.0,0.0,43597800.0,0.0,0.0,0.0,0.0,0.0,0.0,0.0,0.0,0.0,0.0,0.0,0.0,0.0,76626900.0,0.0,0.0,2022_08,ridf-tenders-awarded-value
1370,4,4,3,3,2,2,3,3,3,4,4,3,3,2,2,2,2,2,2,4,4,2,2,2,2,2,2,4,2,3,5,2,3,2,2,2022_08,risk-score
1371,42.58,34.68,46.34,45.49,53.45,57.11,77.67,95.15,0.0,134.6,119.7,97.88,85.0,130.45,0.0,131.4,26.12,21.9,28.15,52.84,54.15,51.79,53.01,52.97,0.0,0.0,0.0,103.49,0.0,0.0,0.0,753.66,0.0,0.0,162.82,2022_08,riverlevel-max
1372,5.144781586021506,12.616694508448544,15.801326034023646,7.370918458781362,20.37343870967742,7.9972561443932415,35.103640793010754,38.20370967741936,0.0,64.47034946236559,31.20371351766513,70.56253360215054,16.879470430107524,45.79736111111112,0.0,32.810625,16.802380361456876,12.20892123655914,14.385290658602152,9.780807795698928,10.62296505376344,7.650552109181141,24.328198924731183,6.386649865591397,0.0,0.0,0.0,33.525201612903224,0.0,0.0,0.0,410.09403897849467,0.0,0.0,45.53355510752689,2022_08,riverlevel-mean
1373,0.0,0.0,0.0,0.0,0.0,0.0,0.0,0.0,0.0,0.0,0.0,0.0,0.0,0.0,0.0,0.0,1.25,0.0,0.0,0.0,0.0,0.0,0.0,0.0,0.0,0.0,0.0,0.0,0.0,0.0,0.0,66.95,0.0,0.0,0.0,2022_08,riverlevel-min
1374,858892.0,705770.0,1011509.0,725891.0,634621.0,1331470.0,745620.0,804067.0,578686.0,1211943.0,1453600.0,700651.0,736030.0,1389863.0,752361.0,843185.0,988230.0,615579.0,483931.0,654117.0,547046.0,1589070.0,746938.0,450865.0,429399.0,767150.0,650574.0,485197.0,574075.0,560100.0,78936.0,457481.0,54196.0,461489.0,294016.0,2022_08,road-length
1375,0.0,0.0,0.0,0.0,0.0,0.0,0.0,5.0,19.0,0.0,0.0,0.0,0.0,0.0,0.0,0.0,0.0,0.0,0.0,0.0,0.0,0.0,0.0,0.0,1.0,0.0,3.0,0.0,0.0,0.0,0.0,0.0,0.0,0.0,0.0,2022_08,roads
1376,2788,3147,2578,2904,1994,3284,2025,3519,2301,1950,2431,1838,2072,2507,1757,1063,3322,3188,3016,1463,1336,3463,1151,1817,1497,1858,1795,1007,1291,1320,1381,925,805,813,995,2022_08,schools-count
1377,0.0,0.0,0.0,0.0,0.0,0.0,0.0,0.0,0.0,0.0,0.0,0.0,0.0,0.0,0.0,0.0,0.0,0.0,0.0,0.0,0.0,0.0,0.0,0.0,0.0,0.0,0.0,0.0,0.0,0.0,0.0,0.0,0.0,0.0,0.0,2022_08,sdrf-sanctions-awarded-value
1378,0.0,0.0,0.0,17978334.0,0.0,9090000.0,3154000.0,0.0,0.0,0.0,70001954.39,0.0,0.0,0.0,0.0,0.0,0.0,17999778.0,0.0,9986507.0,0.0,0.0,0.0,0.0,0.0,0.0,0.0,0.0,0.0,0.0,0.0,0.0,0.0,0.0,0.0,2022_08,sdrf-tenders-awarded-value
1379,84.0,81.0,84.0,78.0,81.0,86.0,82.0,84.0,84.0,83.0,79.0,85.0,85.0,84.0,89.0,90.0,88.0,86.0,87.0,84.0,85.0,83.0,85.0,83.0,85.0,82.0,85.0,84.0,83.0,88.0,75.0,89.0,78.0,85.0,85.0,2022_08,slope-mean
1380,0.0,0.0,0.0,53380346.0,0.0,0.0,0.0,0.0,0.0,0.0,0.0,0.0,0.0,0.0,0.0,0.0,0.0,0.0,0.0,0.0,0.0,0.0,46492651.0,0.0,0.0,0.0,0.0,0.0,0.0,0.0,0.0,0.0,0.0,0.0,0.0,2022_08,sopd-tenders-awarded-value
1381,57857.0,42575.0,46470.0,67953.0,42280.0,97610.0,68323.0,58342.0,32533.0,78299.0,65397.0,43660.0,50348.0,70723.0,35381.0,10818.0,107625.0,84067.0,28439.0,34649.0,31827.0,73518.0,52534.0,42123.0,26244.0,54588.0,39025.0,16626.0,31591.0,46543.0,24163.0,23910.0,7312.0,12224.0,21238.0,2022_08,sum-aged-population
1382,1285566.0,1380036.0,1071403.0,1592951.0,1134860.0,2349536.0,1457402.0,1159587.0,701395.0,1403053.0,1493591.0,780035.0,999320.0,1300195.0,701883.0,287573.0,2109650.0,1392873.0,767428.0,805117.0,610607.0,1631483.0,1355213.0,964758.0,719391.0,1155605.0,871748.0,496730.0,661663.0,1116144.0,539004.0,364058.0,166527.0,320250.0,501941.0,2022_08,sum-population
1383,1662.58,709.35,912.56,507.83,370.3,833.93,1194.71,1191.15,999.03,1707.15,1654.55,647.7,715.43,1026.8,1731.21,788.82,941.73,615.0,468.58,557.7,1207.7,1020.47,147.44,212.03,336.0,280.68,412.83,520.95,540.98,305.78,380.28,673.77,350.27,94.62,140.08,2022_08,sum-rain
1384,121755.0,108187.0,110299.0,138171.0,89493.0,189578.0,119771.0,107159.0,63722.0,140321.0,98977.0,58320.0,58038.0,107008.0,83796.0,25721.0,186200.0,165255.0,61334.0,68671.0,62729.0,108185.0,64585.0,49770.0,38011.0,111967.0,68474.0,22454.0,55099.0,90898.0,58752.0,54830.0,8806.0,24043.0,31327.0,2022_08,sum-young-population
1385,,,,,,,,,,,,,,,,,,,,,,,,,,,,,,,,,,,,2022_08,topsis-score
1386,0.0,0.0,0.0,0.0,0.0,0.0,0.0,13793.0,147975.0,0.0,0.0,0.0,0.0,0.0,0.0,0.0,0.0,0.0,0.0,0.0,0.0,0.0,0.0,4698.0,0.0,0.0,1975.0,0.0,0.0,0.0,0.0,0.0,0.0,1858.0,0.0,2022_08,total-animal-affected
1387,0.0,0.0,0.0,0.0,0.0,0.0,0.0,0.0,1.0,0.0,0.0,0.0,0.0,0.0,0.0,0.0,0.0,0.0,0.0,0.0,0.0,0.0,0.0,0.0,0.0,0.0,30.0,0.0,0.0,0.0,0.0,0.0,0.0,0.0,0.0,2022_08,total-animal-washed-away
1388,214904.0,377710.0,240459.0,393378.0,267778.0,527427.0,318730.0,266928.0,195025.0,318555.0,311523.0,172096.0,272707.0,275841.0,103131.0,30119.0,416101.0,256161.0,165784.0,185414.0,105445.0,408132.0,327221.0,233278.0,132203.0,231859.0,185739.0,108235.0,150938.0,214866.0,202538.0,52339.0,39239.0,77895.0,112690.0,2022_08,total-hhd
1389,0.0,0.0,0.0,0.0,0.0,0.0,0.0,0.0,4.0,0.0,0.0,0.0,0.0,0.0,0.0,0.0,0.0,0.0,0.0,0.0,0.0,0.0,0.0,0.0,0.0,0.0,1.0,0.0,0.0,0.0,0.0,0.0,0.0,0.0,1.0,2022_08,total-house-fully-damaged
1390,0.0,0.0,0.0,71358680.0,0.0,9090000.0,18003755.0,0.0,0.0,44375000.0,70001954.39,0.0,54990900.0,82745000.0,0.0,0.0,13433761.13,17999778.0,43597800.0,9986507.0,0.0,0.0,57490537.0,0.0,0.0,0.0,0.0,0.0,0.0,0.0,0.0,0.0,76626900.0,0.0,0.0,2022_08,total-tender-awarded-value
1391,44.82310382182993,6.321206822171816,22.17775765494202,1.7360845973006505,7.428591072756205,13.738477714009118,16.926471024044787,11.86243788406468,18.492079646139395,45.3288068036129,26.16921253871126,22.293049479466347,23.1796731943248,20.00995806072238,84.83872280753643,92.05546516762968,60.388095350395474,37.62801177789037,45.0801965914072,14.646563349516626,25.17195701278569,20.99890824542552,35.79076612553773,7.197226245997946,22.97002391129913,5.385593776164412,10.292381021660908,37.6018834218617,14.041094293919931,26.961889746398366,2.1720923479523893,81.043384726924,3.9934399889388095,9.326448302643366,10.394268862702978,2022_08,trees
1392,3,2,3,3,5,3,4,4,4,4,4,3,2,3,1,1,3,1,1,3,3,2,1,1,3,4,4,3,4,5,2,4,1,1,3,2022_08,vulnerability
1393,2.14748433199024,8.926816101581226,5.475954771612946,15.380298537726048,9.265041863767612,6.131505410138075,8.042019821808795,5.657214950125068,3.184357477531447,3.830038914084223,6.570281630742558,2.716662852196684,1.3880577326149368,5.197454496380245,0.2377468964495746,0.5304976144773761,2.688034643276909,2.92526092277451,2.2601753322097475,7.744761919768054,2.245381899476784,3.9538179958602666,5.534381057228192,4.442300732411621,1.15738968639711,6.9103555208594845,1.076089054113655,1.127223868189796,4.555133368386216,1.2832259379546722,18.680681481428,0.648788836399234,13.241007569465063,2.462243864094462,2.4620794291034347,2022_08,water
1394,9.0,7.5,8.9,8.0,7.2,9.8,9.8,8.3,7.0,8.6,10.2,10.4,10.3,8.8,7.2,8.1,9.8,9.8,9.5,9.1,8.2,10.1,12.1,10.5,9.0,9.2,8.3,8.6,8.9,8.0,6.7,5.8,9.4,7.0,11.6,2022_09,avg-electricity
1395,2.2,2.6,2.0,2.0,2.4,2.0,2.2,2.4,2.0,2.0,2.0,2.2,2.2,2.3,2.0,2.5,2.2,2.4,2.0,2.2,2.2,2.4,2.5,2.1,2.3,2.0,2.2,2.0,2.3,2.3,2.0,2.0,2.5,2.3,2.2,2022_09,avg-tele
1396,0.7926530269491988,7.531760711382735,5.9975841882527146,13.399743893694705,9.087423770641626,1.3559646022141194,11.16993018461264,3.321949651206243,5.2991176353693925,5.549417795933058,11.896881144583432,1.1135349370612126,0.4813646419853773,6.200207708738966,0.0032022457056181,0.0112955447522568,0.0442322942026991,0.0005821967384394,0.0007817744432644,5.446282937545654,2.6240657801650604,2.713399795461528,0.6252866012662451,1.5346122135798803,0.7279240894938651,9.113289753821244,0.692098757126833,0.0007835410233665,6.477376686892146,0.1040992334832411,18.30364889362488,0.0291324919691509,24.24725091913665,0.1021579643228508,0.9800489342396108,2022_09,bare-ground
1397,0.0,0.0,0.0,0.0,0.0,0.0,0.0,0.0,0.0,0.0,0.0,0.0,0.0,0.0,0.0,0.0,0.0,0.0,0.0,0.0,0.0,0.0,0.0,0.0,0.0,0.0,0.0,0.0,0.0,0.0,0.0,0.0,0.0,0.0,0.0,2022_09,bridge
1398,11.264850221750155,18.68685688043959,20.07028981164902,23.298894574607434,16.29951533262418,20.48813880453336,15.023216012689074,17.4522747070768,14.71861886001929,12.154705287272218,13.61867532627536,17.5099405252546,20.481406677371403,19.487721132368616,4.44886025271191,1.5368532584904049,9.10146485261492,18.16413114488408,11.692113258103412,29.03448414003954,25.20730433303082,19.642315297342577,41.77419085025272,22.52836057941624,17.184724781574545,20.83163737213544,19.833272477709933,15.361738693511066,16.307754508621432,18.67734995944407,13.584563748839374,3.06652116810747,7.895660111838286,23.186526086855533,20.951904792722186,2022_09,built-area
1399,,,,,,,,,,,,,,,,,,,,,,,,,,,,,,,,,,,,2022_09,children-camp
1400,0.0,0.0,0.0,0.0,0.0,0.0,0.0,0.0,0.0,0.0,0.0,0.0,0.0,0.0,0.0,0.0,0.0,0.0,0.0,0.0,0.0,0.0,0.0,0.0,0.0,0.0,0.0,0.0,0.0,0.0,0.0,0.0,0.0,0.0,0.0,2022_09,cidf-tenders-awarded-value
1401,0.0,0.0,0.0,0.0,0.0,0.0,0.0,0.0,0.0,0.0,0.0,0.0,0.0,0.0,0.0,0.0,0.0,0.0,0.0,0.0,0.0,0.0,0.0,0.0,0.0,0.0,0.0,0.0,0.0,0.0,0.0,0.0,0.0,0.0,0.0,2022_09,clouds
1402,,,,,,,,,,,,,,,,,,,,,,,,,,,,,,,,,,,,2022_09,count
1403,0.0,0.0,0.0,0.0,23.0,6.0,0.0,0.0,760.0,0.0,0.0,0.0,0.0,10.0,0.0,0.0,0.0,0.0,0.0,0.0,0.0,0.0,0.0,0.0,0.0,0.0,0.0,0.0,0.0,0.0,0.0,0.0,0.0,0.0,0.0,2022_09,crop-area
1404,34.9317704888082,52.40605978487703,41.90048690372884,39.78883882637817,54.938104096082654,52.84995016494956,42.430108230565374,59.220248011676354,53.84524370376692,23.916453965964777,37.007801509232486,51.49506236580305,51.5431523154699,40.48003041827815,7.3319902914434465,1.1705332822997936,25.11128351276798,39.4415642847609,38.76788596538208,38.85547024163674,40.535326387412894,49.82767215203262,14.305666246257186,63.02893160899544,54.33608252147261,54.67737476207797,66.94304859635157,44.30796823377707,53.5223113648856,51.12834615515126,36.66279815234376,8.66392715215393,38.3720622201222,64.73913688080394,63.92200816180048,2022_09,crops
1405,4296.624151156235,2231.5993331549903,3585.3069321814023,1247.6117514050093,2700.336576957554,3477.530108369159,1557.3606551140049,2711.0464141089856,2238.6415334905228,4159.102888381454,9491.630139883577,3889.6067327857527,7133.757644739055,3445.5268629610114,8511.666927309076,4923.29748622475,3222.517655928944,4060.318063254274,4335.474967336042,1883.330083753236,975.2407923854796,4254.719948057848,3333.953706616405,1829.807307358248,1576.5499878215094,1098.83444541599,1489.926404330648,4700.953196095703,4363.59388114963,5163.44360094801,880.805632910103,4989.53282327419,1292.455559234692,1123.7037030160088,1578.254039674223,2022_09,distance-from-river
1406,KOKRAJHAR,DHUBRI,GOALPARA,BARPETA,MORIGAON,NAGAON,SONITPUR,LAKHIMPUR,DHEMAJI,TINSUKIA,DIBRUGARH,SIVASAGAR,JORHAT,GOLAGHAT,KARBI ANGLONG,DIMA HASAO,CACHAR,KARIMGANJ,HAILAKANDI,BONGAIGAON,CHIRANG,KAMRUP,KAMRUP METRO,NALBARI,BAKSA,DARRANG,UDALGURI,CHARAIDEO,BISWANATH,HOJAI,SOUTH SALMARA MANCACHAR,WEST KARBI ANGLONG,MAJULI,BAJALI,TAMULPUR,2022_09,district
1407,0.0005623749999999,0.0006515714285714,0.0005706,0.0006465,0.0005976,0.0005747142857142,0.000571,0.0006111428571428,0.0005535,0.00057375,0.0006251428571428,0.0006055,0.0006035999999999,0.0005855,0.00041,0.00031275,0.0004408,0.0005329999999999,0.0005025,0.0005798,0.000528,0.0005858461538461,0.00044875,0.000670625,0.0005907142857142,0.0006724,0.0006286666666666,0.000603,0.0006126666666666,0.00058,0.000585,0.000439,0.0006255,0.0006813333333333,0.0006636,2022_09,drainage-density
1408,,,,,,,,,,,,,,,,,,,,,,,,,,,,,,,,,,,,2022_09,dtcode11
1409,,,,,,,,,,,,,,,,,,,,,,,,,,,,,,,,,,,,2022_09,dtname
1410,0.892336125,0.9275952857142856,0.8636792,0.8737891666666666,0.7994802,0.877925142857143,0.832699,0.8284125714285714,0.8531939999999999,0.8166225,0.8363555714285714,0.88131625,0.9324282,0.8759415,0.9583996666666666,1.0,0.8670698,0.9622118,0.94859225,0.8860098000000001,0.8912074000000001,0.9525423846153848,1.0,0.962015,0.8542915714285714,0.8628422,0.8246266666666666,0.8798163333333333,0.821685,0.7807976666666666,0.914745,0.804262,0.9526415,0.9769423333333332,0.8795658,2022_09,efficiency
1411,63.0,33.0,49.0,40.0,63.0,72.0,86.0,96.0,141.0,142.0,113.0,99.0,105.0,97.0,347.0,607.0,155.0,36.0,47.0,54.0,84.0,82.0,114.0,49.0,70.0,59.0,91.0,112.0,86.0,125.0,26.0,483.0,85.0,47.0,71.0,2022_09,elevation-mean
1412,0.0,0.0,0.0,0.0,0.0,0.0,0.0,0.0,0.0,0.0,0.0,0.0,0.0,0.0,0.0,0.0,0.0,0.0,0.0,0.0,0.0,0.0,0.0,0.0,0.0,0.0,0.0,0.0,0.0,0.0,0.0,0.0,0.0,0.0,0.0,2022_09,embankment-breached
1413,0.0,0.0,0.0,0.0,0.0,0.0,0.0,0.0,0.0,0.0,0.0,0.0,0.0,11.0,0.0,0.0,0.0,0.0,0.0,0.0,0.0,0.0,0.0,0.0,0.0,0.0,0.0,0.0,0.0,0.0,0.0,0.0,0.0,0.0,0.0,2022_09,embankments-affected
1414,1,2,2,3,2,4,5,1,1,5,2,2,2,2,2,1,5,3,2,1,1,1,4,1,1,3,1,1,2,5,4,3,1,1,1,2022_09,exposure
1415,,,,,,,,,,,,,,,,,,,,,,,,,,,,,,,,,,,,2022_09,female-camp
1416,2022-2023,2022-2023,2022-2023,2022-2023,2022-2023,2022-2023,2022-2023,2022-2023,2022-2023,2022-2023,2022-2023,2022-2023,2022-2023,2022-2023,2022-2023,2022-2023,2022-2023,2022-2023,2022-2023,2022-2023,2022-2023,2022-2023,2022-2023,2022-2023,2022-2023,2022-2023,2022-2023,2022-2023,2022-2023,2022-2023,2022-2023,2022-2023,2022-2023,2022-2023,2022-2023,2022_09,financial-year
1417,2,2,1,1,1,1,5,3,1,4,4,2,3,2,1,1,1,4,3,1,1,3,1,4,2,1,2,3,3,1,5,1,3,2,2,2022_09,flood-hazard
1418,,,,,,,,,,,,,,,,,,,,,,,,,,,,,,,,,,,,2022_09,flood-hazard-float
1419,0.6919566134631445,0.0130738712947678,0.1555253828857338,0.070670317524941,0.3009575537051402,1.297652198820306,0.0403752298285348,0.0575528552506696,0.0418665903116203,0.4476628781144293,0.205718549547722,0.6821346650851449,0.71555397083185,0.3522390394504635,0.0001308687455715,0.0029179614859214,0.1999473249919585,0.354315401887915,0.3265545862272735,0.1142242087136369,0.0120753346183426,0.0388034671918635,0.1514026544257694,0.0733545189974068,0.000497097682435,0.0106451229965376,0.0,0.0309594757269307,0.1413892783954933,0.0211213460285527,0.0867816769319334,0.0076061202987784,0.0528964925144814,0.0002983981827297,0.0,2022_09,flooded-vegetation
1420,5,5,5,4,4,4,4,5,4,5,4,5,5,5,5,5,5,4,5,5,5,5,4,5,5,5,5,5,4,5,5,5,4,5,5,2022_09,government-response
1421,163,151,154,205,116,277,158,124,73,119,169,143,106,153,30,4,176,96,87,88,68,282,52,142,109,129,15,82,100,91,69,25,32,70,67,2022_09,health-centres-count
1422,0,0,0,0,0,0,0,0,1,0,0,0,0,0,0,0,0,0,0,0,0,0,0,0,0,0,0,0,0,0,0,0,0,0,0,2022_09,human-live-lost
1423,,,,,,,,,,,,,,,,,,,,,,,,,,,,,,,,,,,,2022_09,human-live-lost-children
1424,,,,,,,,,,,,,,,,,,,,,,,,,,,,,,,,,,,,2022_09,human-live-lost-female
1425,,,,,,,,,,,,,,,,,,,,,,,,,,,,,,,,,,,,2022_09,human-live-lost-male
1426,0.0,0.0,0.0,13500000.0,0.0,0.0,0.0,0.0,0.0,0.0,0.0,0.0,0.0,0.0,0.0,0.0,0.0,0.0,0.0,0.0,0.0,0.0,3093706.0,0.0,0.0,0.0,0.0,0.0,0.0,0.0,0.0,0.0,0.0,0.0,0.0,2022_09,immediate-measures-tenders-awarded-value
1427,0.0,0.0,0.0,0.0,0.0,0.0,0.0,0.0,0.0,0.0,0.0,0.0,0.0,0.0,0.0,0.0,0.0,0.0,0.0,0.0,0.0,0.0,0.0,0.0,0.0,0.0,0.0,0.0,0.0,0.0,0.0,0.0,0.0,0.0,0.0,2022_09,inundation-intensity-mean
1428,0.0,0.0,0.0,0.0,0.0,0.0,0.0,0.0,0.0,0.0,0.0,0.0,0.0,0.0,0.0,0.0,0.0,0.0,0.0,0.0,0.0,0.0,0.0,0.0,0.0,0.0,0.0,0.0,0.0,0.0,0.0,0.0,0.0,0.0,0.0,2022_09,inundation-intensity-mean-nonzero
1429,0.0,0.0,0.0,0.0,0.0,0.0,0.0,0.0,0.0,0.0,0.0,0.0,0.0,0.0,0.0,0.0,0.0,0.0,0.0,0.0,0.0,0.0,0.0,0.0,0.0,0.0,0.0,0.0,0.0,0.0,0.0,0.0,0.0,0.0,0.0,2022_09,inundation-intensity-sum
1430,0.0,0.0,0.0,0.0,0.0,0.0,0.0,0.0,0.0,0.0,0.0,0.0,0.0,0.0,0.0,0.0,0.0,0.0,0.0,0.0,0.0,0.0,0.0,0.0,0.0,0.0,0.0,0.0,0.0,0.0,0.0,0.0,0.0,0.0,0.0,2022_09,inundation-pct
1431,0.0,0.0,0.0,0.0,0.0,0.0,0.0,0.0,0.0,0.0,0.0,0.0,0.0,0.0,0.0,0.0,0.0,0.0,0.0,0.0,0.0,0.0,0.0,0.0,0.0,0.0,0.0,0.0,0.0,0.0,0.0,0.0,0.0,0.0,0.0,2022_09,ltif-tenders-awarded-value
1432,,,,,,,,,,,,,,,,,,,,,,,,,,,,,,,,,,,,2022_09,male-camp
1433,0.62,0.62,0.36,0.36,0.32,0.32,1.07,0.66,0.72,0.55,0.64,0.42,0.46,0.46,0.41,0.31,0.5,0.63,0.5,0.35,0.41,0.55,0.31,0.55,0.43,0.3,1.07,0.64,0.46,0.3,1.22,0.32,0.43,0.36,0.43,2022_09,max-rain
1434,79.02868494142712,101.80280753365652,92.94383900653578,105.59323892727154,101.52151689605476,82.80184981421402,96.12358569934148,83.9078683433952,82.58482453454118,85.28440626816572,92.33941954273553,80.5484411209615,79.26767921681454,87.0143854317649,73.9235270160713,74.45407242468538,76.22171823123378,78.77654329987095,76.5297175055914,92.844134833946,78.73454361714819,88.47737641290556,90.33791694141864,81.3350244170581,77.2968865972734,93.73693822422564,78.06937273928872,76.99096084367254,87.73877652848734,76.69919006241047,135.19869279538494,74.5890767941101,111.4923918776678,77.2774448783579,78.49346327750206,2022_09,mean-cn
1435,-0.2115204949062749,-0.1190538265608417,-0.0871410367742002,-0.1892937246907164,-0.1209153609826974,-0.1942274554566835,-0.2316087240626653,-0.2049726934572277,-0.1541251694684293,-0.1670068580873649,-0.2310518225596313,-0.1897236747601047,-0.1726497480377986,-0.2415156028739362,-0.2466013604205587,-0.2677346842575764,-0.206222416668932,-0.1886904874647291,-0.1852226658114153,-0.0982826770259761,-0.1370134773956802,-0.0670999933441902,-0.0812606133570104,-0.011009276215345,-0.0190552303440262,-0.0458890690027921,0.0292449861003493,-0.2232465060816469,-0.2176175410703888,-0.2186924612975997,-0.2388396586574166,-0.2568562892898117,-0.2697084333399498,-0.0129138645075658,0.0315663142305455,2022_09,mean-ndbi
1436,0.6542050420234733,0.436854320058893,0.353306279425002,0.339717559656586,0.3937005076605695,0.5400748734201258,0.4612886807378267,0.4760128173572403,0.4072519669375494,0.5767536040361094,0.3332563930909761,0.4099556933694184,0.5473730361488115,0.5099220730142485,0.7488274213948096,0.8563199351137847,0.6661293719128242,0.4538415721630023,0.5089794024835227,0.3456534529082365,0.5125204893323954,0.4064118781383415,0.4354984196424329,0.3476736962079551,0.4403104389805086,0.2812386851650122,0.3966599697301612,0.4447838816340758,0.545589538125784,0.5800598980399262,0.2151019367760516,0.8245397508870491,0.2076298383327303,0.3995596404877508,0.3873070692511195,2022_09,mean-ndvi
1437,0.33,0.31,0.27,0.25,0.26,0.29,0.46,0.4,0.29,0.45,0.43,0.37,0.41,0.37,0.2,0.17,0.3,0.53,0.46,0.33,0.35,0.37,0.21,0.39,0.31,0.23,0.28,0.45,0.39,0.2,0.65,0.21,0.39,0.27,0.31,2022_09,mean-rain
1438,0.94,0.94,0.94,0.94,0.95,0.94,0.93,0.94,0.93,0.93,0.94,0.93,0.94,0.94,0.92,0.91,0.94,0.94,0.93,0.95,0.94,0.93,0.91,0.93,0.95,0.93,0.94,0.93,0.93,0.94,0.94,0.93,0.94,0.94,0.95,2022_09,mean-sex-ratio
1439,78683.46309,83470.903,78088.12,79714.84605,75490.3523,87424.202,71470.137,90513.46103,104651.240916,68512.0013,81437.447,43095.76595,54183.314,128914.321604,35388.58,27888.17,66721.37,42827.17595,35287.21,42395.395,27850.66,74001.84561,6039.38,44021.984,58167.37587,76196.45569999999,93034.31635285716,23849.9,71288.401,78621.26999999999,17419.61,48488.349,16642.66,23559.76,71015.57777333334,2022_09,net-sown-area-in-hac
1440,0.0,0.0,10567918.0,0.0,0.0,0.0,89998738.0,0.0,10593822.0,0.0,0.0,0.0,0.0,0.0,0.0,0.0,0.0,0.0,0.0,0.0,0.0,0.0,9999486.0,12116130.0,0.0,0.0,4653920.01,0.0,0.0,0.0,0.0,0.0,0.0,0.0,0.0,2022_09,others-tenders-awarded-value
1441,0.0,0.0,0.0,0.0,0.0,0.0,0.0,0.0,4273.0,0.0,0.0,0.0,0.0,1387.0,0.0,0.0,0.0,0.0,0.0,0.0,5.0,0.0,0.0,0.0,0.0,0.0,0.0,0.0,0.0,0.0,0.0,0.0,0.0,0.0,0.0,2022_09,population-affected-total
1442,62.0,342.0,34.0,5.0,10.0,45.0,35.0,38.0,77.0,43.0,49.0,27.0,41.0,43.0,32.0,146.0,46.0,45.0,28.0,81.0,8.0,45.0,80.0,11.0,0.0,0.0,24.0,24.0,19.0,30.0,0.0,0.0,0.0,9.0,6.0,2022_09,rail-count
1443,145613.0,139561.0,78425.0,17621.0,30884.0,174517.0,138494.0,108334.0,121454.0,119685.0,123774.0,73292.0,86126.0,117155.0,73424.0,172636.0,103488.0,117739.0,90281.0,82273.0,24548.0,109026.0,89510.0,30164.0,0.0,0.0,66114.0,80492.0,74271.0,75327.0,0.0,0.0,0.0,28139.0,18201.0,2022_09,rail-length
1444,5.348181495209121,6.11422582825285,4.222401286928735,6.325469252768145,2.68036631042268,4.138311105335524,6.36787949645059,2.428321940600219,4.418716086861928,8.77291435501842,4.531429300907208,4.18961517513282,2.210791467401826,8.27238914406129,3.13934663740754,4.6924371708647925,2.466942021750114,1.4861342710638126,1.8722924922271555,4.158213202779798,4.20388925251038,2.8250830466856347,1.818306465032017,1.195214100601416,3.623357912080288,3.0711036919448205,1.1631100930371554,1.5694427659100232,4.954940498899165,1.8239676215399023,10.509433698879796,6.54063950414741,12.1976826979844,0.1831885030970285,1.2896898194313615,2022_09,rangeland
1445,3131,1557,1979,1848,1512,2564,3445,2998,2483,3810,3379,1567,1865,3523,7337,4884,3783,1839,1329,1088,1926,3283,834,1036,1526,1611,1987,1073,1783,1456,684,3073,970,470,877,2022_09,rc-area
1446,22.9,25.01,25.42,15.04,15.81,23.51,13.19,16.32,20.87,24.89,12.8,8.96,12.07,15.06,23.47,23.25,15.87,14.25,19.26,12.86,25.35,9.48,11.61,21.25,15.46,13.0,15.96,19.71,28.46,27.66,28.09,28.84,17.28,9.75,12.15,2022_09,rc-nosanitation-hhds-pct
1447,2.85,1.19,3.55,2.25,3.35,4.98,6.04,2.83,2.26,3.42,4.19,6.81,14.25,7.18,1.95,6.36,8.53,5.57,4.01,2.04,1.03,3.32,11.46,9.66,2.8,5.1,3.07,3.8,4.2,5.27,3.57,0.24,4.95,6.03,5.78,2022_09,rc-piped-hhds-pct
1448,,,,,,,,,,,,,,,,,,,,,,,,,,,,,,,,,,,,2022_09,relief-camp-inmates
1449,0.0,0.0,10567918.0,0.0,0.0,0.0,89998738.0,0.0,10593822.0,0.0,0.0,0.0,0.0,0.0,0.0,0.0,0.0,22370859.0,0.0,0.0,0.0,0.0,0.0,12116130.0,0.0,0.0,4653920.01,0.0,0.0,0.0,0.0,0.0,0.0,0.0,0.0,2022_09,restoration-measures-tenders-awarded-value
1450,,,,,,,,,,,,,,,,,,,,,,,,,,,,,,,,,,,,2022_09,revenue-ci
1451,0.0,0.0,0.0,0.0,0.0,0.0,89998738.0,0.0,0.0,0.0,0.0,0.0,0.0,0.0,0.0,0.0,0.0,0.0,0.0,0.0,0.0,0.0,0.0,0.0,0.0,0.0,0.0,0.0,0.0,0.0,0.0,0.0,0.0,0.0,0.0,2022_09,ridf-tenders-awarded-value
1452,2,2,1,1,1,1,4,3,1,4,3,2,2,2,1,1,1,3,2,1,1,2,1,3,2,1,2,3,3,1,5,1,2,1,2,2022_09,risk-score
1453,42.25,33.69,45.88,45.07,52.84,56.81,77.94,96.0,0.0,134.91,120.46,98.03,86.36,130.9,0.0,131.38,23.52,20.43,25.28,52.26,54.04,50.67,52.71,51.39,0.0,0.0,0.0,104.61,0.0,0.0,0.0,752.7,0.0,0.0,163.68,2022_09,riverlevel-max
1454,5.159184027777779,12.653348214285714,15.86087777777778,7.378483796296297,20.540322222222223,8.006206349206348,35.45401909722222,38.41226388888889,0.0,64.53458333333333,31.300470568783076,70.91023784722222,17.02205,45.80417939814814,0.0,32.82211458333333,16.619469200494855,12.156330555555556,13.278560763888889,9.786569444444444,10.619586111111111,7.61150326753682,24.53066493055556,6.340394097222222,0.0,0.0,0.0,33.93880555555556,0.0,0.0,0.0,409.8716666666666,0.0,0.0,45.71528194444444,2022_09,riverlevel-mean
1455,0.0,0.0,0.0,0.0,0.0,0.0,0.0,0.0,0.0,0.0,0.0,0.0,0.0,0.0,0.0,0.0,11.14,0.0,0.0,0.0,0.0,0.0,0.0,0.0,0.0,0.0,0.0,0.0,0.0,0.0,0.0,66.89,0.0,0.0,0.0,2022_09,riverlevel-min
1456,858892.0,705770.0,1011509.0,725891.0,634621.0,1331470.0,745620.0,804067.0,578686.0,1211943.0,1453600.0,700651.0,736030.0,1389863.0,752361.0,843185.0,988230.0,615579.0,483931.0,654117.0,547046.0,1589070.0,746938.0,450865.0,429399.0,767150.0,650574.0,485197.0,574075.0,560100.0,78936.0,457481.0,54196.0,461489.0,294016.0,2022_09,road-length
1457,0.0,0.0,0.0,0.0,3.0,0.0,0.0,0.0,0.0,0.0,0.0,0.0,0.0,9.0,0.0,0.0,0.0,0.0,0.0,0.0,0.0,0.0,0.0,0.0,0.0,0.0,0.0,0.0,0.0,0.0,0.0,0.0,0.0,0.0,0.0,2022_09,roads
1458,2788,3147,2578,2904,1994,3284,2025,3519,2301,1950,2431,1838,2072,2507,1757,1063,3322,3188,3016,1463,1336,3463,1151,1817,1497,1858,1795,1007,1291,1320,1381,925,805,813,995,2022_09,schools-count
1459,0.0,0.0,0.0,0.0,0.0,0.0,0.0,0.0,0.0,0.0,0.0,0.0,0.0,0.0,0.0,0.0,0.0,0.0,0.0,0.0,0.0,0.0,0.0,0.0,0.0,0.0,0.0,0.0,0.0,0.0,0.0,0.0,0.0,0.0,0.0,2022_09,sdrf-sanctions-awarded-value
1460,11955526.55,0.0,0.0,13500000.0,0.0,0.0,0.0,0.0,7829698.25,0.0,0.0,0.0,0.0,19970965.0,0.0,0.0,25997994.0,0.0,0.0,0.0,0.0,0.0,3093706.0,0.0,0.0,3728700.0,0.0,4518122.03,0.0,0.0,7870615.07,0.0,0.0,0.0,0.0,2022_09,sdrf-tenders-awarded-value
1461,84.0,81.0,84.0,78.0,81.0,86.0,82.0,84.0,84.0,83.0,79.0,85.0,85.0,84.0,89.0,90.0,88.0,86.0,87.0,84.0,85.0,83.0,85.0,83.0,85.0,82.0,85.0,84.0,83.0,88.0,75.0,89.0,78.0,85.0,85.0,2022_09,slope-mean
1462,0.0,0.0,0.0,0.0,0.0,0.0,0.0,0.0,10593822.0,0.0,0.0,0.0,0.0,0.0,0.0,0.0,0.0,19221176.0,0.0,0.0,0.0,0.0,9999486.0,0.0,0.0,0.0,0.0,0.0,0.0,0.0,0.0,0.0,0.0,0.0,0.0,2022_09,sopd-tenders-awarded-value
1463,57857.0,42575.0,46470.0,67953.0,42280.0,97610.0,68323.0,58342.0,32533.0,78299.0,65397.0,43660.0,50348.0,70723.0,35381.0,10818.0,107625.0,84067.0,28439.0,34649.0,31827.0,73518.0,52534.0,42123.0,26244.0,54588.0,39025.0,16626.0,31591.0,46543.0,24163.0,23910.0,7312.0,12224.0,21238.0,2022_09,sum-aged-population
1464,1285566.0,1380036.0,1071403.0,1592951.0,1134860.0,2349536.0,1457402.0,1159587.0,701395.0,1403053.0,1493591.0,780035.0,999320.0,1300195.0,701883.0,287573.0,2109650.0,1392873.0,767428.0,805117.0,610607.0,1631483.0,1355213.0,964758.0,719391.0,1155605.0,871748.0,496730.0,661663.0,1116144.0,539004.0,364058.0,166527.0,320250.0,501941.0,2022_09,sum-population
1465,1067.13,378.01,469.28,409.0,340.18,666.22,1494.57,1083.03,717.7,1577.85,1292.15,527.19,689.41,1158.13,1288.44,713.99,1041.21,833.56,530.83,323.59,635.91,1158.82,143.68,372.0,426.9,339.56,546.73,441.49,601.05,245.17,356.65,572.83,347.44,102.66,206.37,2022_09,sum-rain
1466,121755.0,108187.0,110299.0,138171.0,89493.0,189578.0,119771.0,107159.0,63722.0,140321.0,98977.0,58320.0,58038.0,107008.0,83796.0,25721.0,186200.0,165255.0,61334.0,68671.0,62729.0,108185.0,64585.0,49770.0,38011.0,111967.0,68474.0,22454.0,55099.0,90898.0,58752.0,54830.0,8806.0,24043.0,31327.0,2022_09,sum-young-population
1467,,,,,,,,,,,,,,,,,,,,,,,,,,,,,,,,,,,,2022_09,topsis-score
1468,0.0,0.0,0.0,0.0,0.0,0.0,0.0,0.0,17124.0,0.0,0.0,0.0,0.0,237.0,0.0,0.0,0.0,0.0,0.0,0.0,0.0,0.0,0.0,0.0,0.0,0.0,0.0,0.0,0.0,0.0,0.0,0.0,0.0,0.0,0.0,2022_09,total-animal-affected
1469,0.0,0.0,0.0,0.0,0.0,0.0,0.0,0.0,0.0,0.0,0.0,0.0,0.0,80.0,0.0,0.0,0.0,0.0,0.0,0.0,0.0,0.0,0.0,0.0,0.0,0.0,0.0,0.0,0.0,0.0,0.0,0.0,0.0,0.0,0.0,2022_09,total-animal-washed-away
1470,214904.0,377710.0,240459.0,393378.0,267778.0,527427.0,318730.0,266928.0,195025.0,318555.0,311523.0,172096.0,272707.0,275841.0,103131.0,30119.0,416101.0,256161.0,165784.0,185414.0,105445.0,408132.0,327221.0,233278.0,132203.0,231859.0,185739.0,108235.0,150938.0,214866.0,202538.0,52339.0,39239.0,77895.0,112690.0,2022_09,total-hhd
1471,0.0,0.0,0.0,0.0,0.0,0.0,0.0,0.0,0.0,0.0,0.0,0.0,0.0,0.0,0.0,0.0,0.0,0.0,0.0,0.0,2.0,0.0,0.0,0.0,0.0,0.0,0.0,0.0,0.0,0.0,0.0,0.0,0.0,0.0,0.0,2022_09,total-house-fully-damaged
1472,11955526.55,0.0,10567918.0,13500000.0,0.0,0.0,89998738.0,0.0,18423520.25,0.0,0.0,0.0,0.0,19970965.0,0.0,0.0,25997994.0,22370859.0,0.0,0.0,0.0,0.0,13093192.0,12116130.0,0.0,3728700.0,4653920.01,4518122.03,0.0,0.0,7870615.07,0.0,0.0,0.0,0.0,2022_09,total-tender-awarded-value
1473,44.82310382182993,6.321206822171816,22.17775765494202,1.73608459730065,7.428591072756205,13.73847771400912,16.926471024044787,11.86243788406468,18.492079646139395,45.3288068036129,26.16921253871126,22.293049479466347,23.1796731943248,20.00995806072238,84.83872280753643,92.05546516762968,60.388095350395474,37.62801177789037,45.0801965914072,14.646563349516626,25.17195701278569,20.99890824542552,35.79076612553773,7.197226245997946,22.97002391129913,5.385593776164412,10.292381021660908,37.6018834218617,14.041094293919931,26.961889746398366,2.1720923479523893,81.043384726924,3.9934399889388095,9.326448302643366,10.394268862702978,2022_09,trees
1474,3,2,3,3,5,3,4,4,3,4,4,3,2,3,1,1,3,1,1,3,3,2,1,1,3,3,4,3,4,5,2,4,1,1,3,2022_09,vulnerability
1475,2.14748433199024,8.926816101581226,5.475954771612946,15.380298537726048,9.265041863767612,6.131505410138075,8.042019821808795,5.657214950125068,3.184357477531447,3.830038914084223,6.570281630742558,2.716662852196684,1.3880577326149368,5.197454496380245,0.2377468964495746,0.5304976144773761,2.688034643276909,2.92526092277451,2.2601753322097475,7.744761919768054,2.245381899476784,3.9538179958602666,5.534381057228192,4.442300732411621,1.15738968639711,6.9103555208594845,1.076089054113655,1.127223868189796,4.555133368386216,1.2832259379546722,18.680681481428,0.648788836399234,13.241007569465063,2.462243864094462,2.4620794291034347,2022_09,water
1476,9.0,7.5,8.9,8.0,7.2,9.8,9.8,8.3,7.0,8.6,10.2,10.4,10.3,8.8,7.2,8.1,9.8,9.8,9.5,9.1,8.2,10.1,12.1,10.5,9.0,9.2,8.3,8.6,8.9,8.0,6.7,5.8,9.4,7.0,11.6,2022_10,avg-electricity
1477,2.2,2.6,2.0,2.0,2.4,2.0,2.2,2.4,2.0,2.0,2.0,2.2,2.2,2.3,2.0,2.5,2.2,2.4,2.0,2.2,2.2,2.4,2.5,2.1,2.3,2.0,2.2,2.0,2.3,2.3,2.0,2.0,2.5,2.3,2.2,2022_10,avg-tele
1478,0.7926530269491989,7.531760711382733,5.9975841882527146,13.399743893694705,9.087423770641626,1.3559646022141194,11.16993018461264,3.321949651206243,5.2991176353693925,5.549417795933058,11.896881144583432,1.1135349370612126,0.4813646419853773,6.200207708738966,0.0032022457056181,0.0112955447522568,0.0442322942026991,0.0005821967384394,0.0007817744432644,5.446282937545654,2.6240657801650604,2.713399795461528,0.6252866012662451,1.5346122135798803,0.7279240894938651,9.113289753821244,0.692098757126833,0.0007835410233665,6.477376686892146,0.1040992334832411,18.30364889362488,0.0291324919691509,24.24725091913665,0.1021579643228508,0.9800489342396108,2022_10,bare-ground
1479,0.0,0.0,0.0,0.0,0.0,0.0,0.0,0.0,0.0,0.0,0.0,0.0,0.0,0.0,0.0,0.0,0.0,0.0,0.0,0.0,0.0,0.0,0.0,0.0,0.0,0.0,0.0,0.0,0.0,0.0,0.0,0.0,0.0,0.0,0.0,2022_10,bridge
1480,11.264850221750155,18.68685688043959,20.07028981164902,23.298894574607434,16.29951533262418,20.48813880453336,15.023216012689074,17.4522747070768,14.71861886001929,12.154705287272218,13.61867532627536,17.5099405252546,20.4814066773714,19.487721132368616,4.44886025271191,1.5368532584904049,9.10146485261492,18.16413114488408,11.692113258103412,29.03448414003954,25.20730433303082,19.642315297342577,41.77419085025272,22.52836057941624,17.184724781574545,20.83163737213544,19.833272477709933,15.361738693511066,16.307754508621432,18.67734995944407,13.584563748839374,3.06652116810747,7.895660111838286,23.186526086855533,20.951904792722186,2022_10,built-area
1481,,,,,,,,,,,,,,,,,,,,,,,,,,,,,,,,,,,,2022_10,children-camp
1482,0.0,0.0,0.0,0.0,0.0,0.0,0.0,0.0,0.0,0.0,0.0,0.0,0.0,0.0,0.0,0.0,0.0,0.0,0.0,0.0,0.0,0.0,0.0,0.0,0.0,0.0,0.0,0.0,0.0,0.0,0.0,0.0,0.0,0.0,0.0,2022_10,cidf-tenders-awarded-value
1483,0.0,0.0,0.0,0.0,0.0,0.0,0.0,0.0,0.0,0.0,0.0,0.0,0.0,0.0,0.0,0.0,0.0,0.0,0.0,0.0,0.0,0.0,0.0,0.0,0.0,0.0,0.0,0.0,0.0,0.0,0.0,0.0,0.0,0.0,0.0,2022_10,clouds
1484,,,,,,,,,,,,,,,,,,,,,,,,,,,,,,,,,,,,2022_10,count
1485,260.0,861.0,0.0,0.0,733.0,1046.0,0.0,2268.0,3872.0,238.0,65.0,0.0,136.0,753.0,96.0,0.0,0.0,0.0,0.0,0.0,0.0,0.0,0.0,0.0,0.0,116.0,0.0,0.0,0.0,0.0,0.0,0.0,725.0,0.0,0.0,2022_10,crop-area
1486,34.9317704888082,52.40605978487703,41.90048690372884,39.78883882637817,54.938104096082654,52.84995016494956,42.430108230565374,59.220248011676354,53.845243703766926,23.916453965964777,37.007801509232486,51.49506236580305,51.5431523154699,40.48003041827815,7.3319902914434465,1.1705332822997936,25.11128351276798,39.4415642847609,38.76788596538208,38.85547024163674,40.535326387412894,49.82767215203262,14.305666246257186,63.02893160899544,54.33608252147262,54.67737476207797,66.94304859635157,44.30796823377707,53.5223113648856,51.12834615515126,36.66279815234376,8.66392715215393,38.3720622201222,64.73913688080394,63.92200816180048,2022_10,crops
1487,4296.624151156235,2231.5993331549903,3585.3069321814023,1247.6117514050093,2700.336576957554,3477.530108369159,1557.3606551140049,2711.0464141089856,2238.6415334905228,4159.102888381455,9491.630139883577,3889.6067327857527,7133.757644739053,3445.526862961011,8511.666927309077,4923.29748622475,3222.517655928944,4060.318063254274,4335.474967336042,1883.330083753236,975.2407923854796,4254.719948057848,3333.953706616405,1829.807307358248,1576.5499878215094,1098.83444541599,1489.9264043306482,4700.953196095703,4363.59388114963,5163.44360094801,880.805632910103,4989.53282327419,1292.455559234692,1123.7037030160088,1578.254039674223,2022_10,distance-from-river
1488,KOKRAJHAR,DHUBRI,GOALPARA,BARPETA,MORIGAON,NAGAON,SONITPUR,LAKHIMPUR,DHEMAJI,TINSUKIA,DIBRUGARH,SIVASAGAR,JORHAT,GOLAGHAT,KARBI ANGLONG,DIMA HASAO,CACHAR,KARIMGANJ,HAILAKANDI,BONGAIGAON,CHIRANG,KAMRUP,KAMRUP METRO,NALBARI,BAKSA,DARRANG,UDALGURI,CHARAIDEO,BISWANATH,HOJAI,SOUTH SALMARA MANCACHAR,WEST KARBI ANGLONG,MAJULI,BAJALI,TAMULPUR,2022_10,district
1489,0.0005623749999999,0.0006515714285714,0.0005706,0.0006465,0.0005976,0.0005747142857142,0.000571,0.0006111428571428,0.0005535,0.00057375,0.0006251428571428,0.0006055,0.0006035999999999,0.0005855,0.00041,0.00031275,0.0004408,0.0005329999999999,0.0005025,0.0005798,0.000528,0.0005858461538461,0.00044875,0.000670625,0.0005907142857142,0.0006724,0.0006286666666666,0.000603,0.0006126666666666,0.00058,0.000585,0.000439,0.0006255,0.0006813333333333,0.0006636,2022_10,drainage-density
1490,,,,,,,,,,,,,,,,,,,,,,,,,,,,,,,,,,,,2022_10,dtcode11
1491,,,,,,,,,,,,,,,,,,,,,,,,,,,,,,,,,,,,2022_10,dtname
1492,0.89396425,0.9271334285714286,0.8636792,0.8737891666666666,0.7988378,0.8747598571428572,0.832699,0.8085415714285714,0.8478423333333334,0.8139035,0.834588,0.8813325,0.9323296,0.8530393333333333,0.946397,1.0,0.8670698,0.9662652,0.94859225,0.8860222,0.8921759999999999,0.95308,1.0,0.962015,0.8566925714285715,0.8622387999999999,0.8247435555555556,0.8798163333333333,0.821685,0.7807976666666666,0.914745,0.804262,0.8490770000000001,0.9769423333333332,0.8795653999999999,2022_10,efficiency
1493,63.0,33.0,49.0,40.0,63.0,72.0,86.0,96.0,141.0,142.0,113.0,99.0,105.0,97.0,347.0,607.0,155.0,36.0,47.0,54.0,84.0,82.0,114.0,49.0,70.0,59.0,91.0,112.0,86.0,125.0,26.0,483.0,85.0,47.0,71.0,2022_10,elevation-mean
1494,0.0,0.0,0.0,0.0,0.0,0.0,0.0,1.0,0.0,0.0,0.0,0.0,0.0,0.0,0.0,0.0,0.0,0.0,0.0,0.0,0.0,0.0,0.0,0.0,0.0,0.0,0.0,0.0,0.0,0.0,0.0,0.0,0.0,0.0,0.0,2022_10,embankment-breached
1495,0.0,0.0,0.0,0.0,0.0,0.0,0.0,0.0,0.0,0.0,0.0,0.0,0.0,0.0,2.0,0.0,0.0,0.0,0.0,0.0,0.0,0.0,0.0,0.0,0.0,0.0,0.0,0.0,0.0,0.0,0.0,0.0,0.0,0.0,0.0,2022_10,embankments-affected
1496,1,2,2,3,2,4,5,1,1,5,2,2,2,2,2,1,5,3,2,1,1,1,4,1,1,3,1,1,2,5,4,3,1,1,1,2022_10,exposure
1497,,,,,,,,,,,,,,,,,,,,,,,,,,,,,,,,,,,,2022_10,female-camp
1498,2022-2023,2022-2023,2022-2023,2022-2023,2022-2023,2022-2023,2022-2023,2022-2023,2022-2023,2022-2023,2022-2023,2022-2023,2022-2023,2022-2023,2022-2023,2022-2023,2022-2023,2022-2023,2022-2023,2022-2023,2022-2023,2022-2023,2022-2023,2022-2023,2022-2023,2022-2023,2022-2023,2022-2023,2022-2023,2022-2023,2022-2023,2022-2023,2022-2023,2022-2023,2022-2023,2022_10,financial-year
1499,4,5,3,3,1,2,5,4,2,2,1,1,1,1,1,1,1,1,1,3,2,2,1,3,2,1,3,1,5,1,5,1,1,3,1,2022_10,flood-hazard
1500,,,,,,,,,,,,,,,,,,,,,,,,,,,,,,,,,,,,2022_10,flood-hazard-float
1501,0.6919566134631445,0.0130738712947678,0.1555253828857338,0.070670317524941,0.3009575537051402,1.297652198820306,0.0403752298285348,0.0575528552506696,0.0418665903116203,0.4476628781144292,0.205718549547722,0.6821346650851449,0.71555397083185,0.3522390394504635,0.0001308687455715,0.0029179614859214,0.1999473249919585,0.354315401887915,0.3265545862272735,0.1142242087136369,0.0120753346183426,0.0388034671918635,0.1514026544257694,0.0733545189974068,0.000497097682435,0.0106451229965376,0.0,0.0309594757269307,0.1413892783954933,0.0211213460285527,0.0867816769319334,0.0076061202987784,0.0528964925144814,0.0002983981827297,0.0,2022_10,flooded-vegetation
1502,5,5,5,4,5,4,4,5,4,5,4,5,5,5,5,5,5,4,5,5,5,5,4,5,5,5,5,5,4,5,5,5,5,5,5,2022_10,government-response
1503,163,151,154,205,116,277,158,124,73,119,169,143,106,153,30,4,176,96,87,88,68,282,52,142,109,129,15,82,100,91,69,25,32,70,67,2022_10,health-centres-count
1504,0,0,0,0,0,0,0,0,0,0,0,0,0,0,0,0,0,0,0,0,0,0,0,0,0,0,0,0,0,0,0,0,0,0,0,2022_10,human-live-lost
1505,,,,,,,,,,,,,,,,,,,,,,,,,,,,,,,,,,,,2022_10,human-live-lost-children
1506,,,,,,,,,,,,,,,,,,,,,,,,,,,,,,,,,,,,2022_10,human-live-lost-female
1507,,,,,,,,,,,,,,,,,,,,,,,,,,,,,,,,,,,,2022_10,human-live-lost-male
1508,0.0,0.0,0.0,6494926.0,0.0,0.0,0.0,0.0,0.0,0.0,0.0,0.0,0.0,0.0,0.0,0.0,0.0,0.0,0.0,0.0,0.0,0.0,0.0,0.0,0.0,0.0,0.0,0.0,0.0,0.0,0.0,0.0,0.0,0.0,0.0,2022_10,immediate-measures-tenders-awarded-value
1509,0.0,0.0,0.0,0.0,0.0,0.0,0.0,0.0,0.0,0.0,0.0,0.0,0.0,0.0,0.0,0.0,0.0,0.0,0.0,0.0,0.0,0.0,0.0,0.0,0.0,0.0,0.0,0.0,0.0,0.0,0.0,0.0,0.0,0.0,0.0,2022_10,inundation-intensity-mean
1510,0.0,0.0,0.0,0.0,0.0,0.0,0.0,0.0,0.0,0.0,0.0,0.0,0.0,0.0,0.0,0.0,0.0,0.0,0.0,0.0,0.0,0.0,0.0,0.0,0.0,0.0,0.0,0.0,0.0,0.0,0.0,0.0,0.0,0.0,0.0,2022_10,inundation-intensity-mean-nonzero
1511,0.0,0.0,0.0,0.0,0.0,0.0,0.0,0.0,0.0,0.0,0.0,0.0,0.0,0.0,0.0,0.0,0.0,0.0,0.0,0.0,0.0,0.0,0.0,0.0,0.0,0.0,0.0,0.0,0.0,0.0,0.0,0.0,0.0,0.0,0.0,2022_10,inundation-intensity-sum
1512,0.0,0.0,0.0,0.0,0.0,0.0,0.0,0.0,0.0,0.0,0.0,0.0,0.0,0.0,0.0,0.0,0.0,0.0,0.0,0.0,0.0,0.0,0.0,0.0,0.0,0.0,0.0,0.0,0.0,0.0,0.0,0.0,0.0,0.0,0.0,2022_10,inundation-pct
1513,0.0,0.0,0.0,0.0,0.0,0.0,0.0,0.0,0.0,0.0,0.0,0.0,0.0,0.0,0.0,0.0,0.0,0.0,0.0,0.0,0.0,0.0,0.0,0.0,0.0,0.0,0.0,0.0,0.0,0.0,0.0,0.0,0.0,0.0,0.0,2022_10,ltif-tenders-awarded-value
1514,,,,,,,,,,,,,,,,,,,,,,,,,,,,,,,,,,,,2022_10,male-camp
1515,0.61,0.61,0.51,0.42,0.42,0.45,0.91,0.95,0.46,0.76,0.41,0.4,0.33,0.45,0.4,0.23,0.22,0.33,0.26,0.42,0.42,0.47,0.34,0.4,0.4,0.43,0.91,0.31,0.84,0.4,0.92,0.42,0.4,0.4,0.34,2022_10,max-rain
1516,79.02868494142712,101.80280753365652,92.94383900653578,105.59323892727154,101.52151689605476,82.80184981421402,96.12358569934148,83.9078683433952,82.58482453454118,85.28440626816572,92.33941954273553,80.5484411209615,79.26767921681454,87.0143854317649,73.9235270160713,74.45407242468538,76.22171823123378,78.77654329987095,76.5297175055914,92.84413483394596,78.73454361714819,88.47737641290556,90.33791694141864,81.3350244170581,77.2968865972734,93.73693822422564,78.06937273928872,76.99096084367254,87.73877652848734,76.69919006241047,135.19869279538494,74.5890767941101,111.4923918776678,77.2774448783579,78.49346327750206,2022_10,mean-cn
1517,-0.2136588165329931,-0.1436421532603929,-0.1534054900586228,-0.1892937246907164,-0.1155426306699965,-0.1936017175482155,-0.2660227379919055,-0.220471616197704,-0.2057084204736149,-0.2207599782898399,-0.2684907159128976,-0.2000137101618178,-0.166068667438963,-0.2312130820479337,-0.2199099923947571,-0.2698320188647888,-0.217584777966964,-0.2512650501870829,-0.2826807940572656,-0.0982826770259761,-0.1370134773956802,-0.0670999933441902,-0.0812606133570104,-0.011009276215345,-0.0190552303440262,-0.0458890690027921,0.0292449861003493,-0.2471397496660718,-0.2348508525361795,-0.2374822484099043,-0.285314352353586,-0.2564008949968945,-0.3189905112613522,-0.0129138645075658,0.0315663142305455,2022_10,mean-ndbi
1518,0.6275909413744215,0.3574447047175829,0.4394734311661254,0.339717559656586,0.3965472699807107,0.5343726365146038,0.5106570394225458,0.6213755529699467,0.6491928242166436,0.6385293956742288,0.5844066562217873,0.535952347700977,0.5578264506032612,0.4450308873466468,0.6045602616524263,0.8488884787273872,0.6688518909425827,0.5905018514019638,0.7998077340196268,0.3456534529082365,0.5125204893323954,0.4064118781383415,0.4354984196424329,0.3476736962079551,0.4403104389805086,0.2812386851650122,0.3966599697301612,0.7397983436712154,0.6117344406938535,0.6230186574436857,0.3224133657730379,0.8168425971499554,0.319815036487131,0.3995596404877508,0.3873070692511195,2022_10,mean-ndvi
1519,0.5,0.51,0.41,0.37,0.27,0.35,0.52,0.47,0.36,0.34,0.26,0.27,0.21,0.31,0.24,0.17,0.16,0.23,0.21,0.4,0.38,0.33,0.24,0.34,0.35,0.27,0.32,0.27,0.47,0.27,0.67,0.25,0.24,0.37,0.3,2022_10,mean-rain
1520,0.94,0.94,0.94,0.94,0.95,0.94,0.93,0.94,0.93,0.93,0.94,0.93,0.94,0.94,0.92,0.91,0.94,0.94,0.93,0.95,0.94,0.93,0.91,0.93,0.95,0.93,0.94,0.93,0.93,0.94,0.94,0.93,0.94,0.94,0.95,2022_10,mean-sex-ratio
1521,78683.46309,83470.90299999999,78088.12,79714.84605,75490.3523,87424.20199999999,71470.137,90513.46103,104651.240916,68512.0013,81437.447,43095.76595,54183.314,128914.321604,35388.58,27888.17,66721.37,42827.17595,35287.21,42395.395,27850.66,74001.84561,6039.38,44021.984,58167.37587,76196.45569999999,93034.31635285716,23849.9,71288.401,78621.26999999999,17419.61,48488.349,16642.66,23559.76,71015.57777333334,2022_10,net-sown-area-in-hac
1522,0.0,0.0,0.0,0.0,45911790.0,0.0,0.0,0.0,0.0,0.0,0.0,0.0,0.0,0.0,0.0,0.0,0.0,26992020.0,0.0,0.0,0.0,61299000.0,178929000.0,0.0,0.0,0.0,0.0,0.0,0.0,0.0,0.0,0.0,0.0,0.0,0.0,2022_10,others-tenders-awarded-value
1523,0.0,0.0,0.0,0.0,0.0,0.0,0.0,10761.0,38774.0,2666.0,3857.0,0.0,0.0,0.0,0.0,0.0,0.0,0.0,0.0,0.0,0.0,0.0,0.0,0.0,0.0,0.0,0.0,0.0,0.0,0.0,0.0,0.0,0.0,0.0,0.0,2022_10,population-affected-total
1524,62.0,342.0,34.0,5.0,10.0,45.0,35.0,38.0,77.0,43.0,49.0,27.0,41.0,43.0,32.0,146.0,46.0,45.0,28.0,81.0,8.0,45.0,80.0,11.0,0.0,0.0,24.0,24.0,19.0,30.0,0.0,0.0,0.0,9.0,6.0,2022_10,rail-count
1525,145613.0,139561.0,78425.0,17621.0,30884.0,174517.0,138494.0,108334.0,121454.0,119685.0,123774.0,73292.0,86126.0,117155.0,73424.0,172636.0,103488.0,117739.0,90281.0,82273.0,24548.0,109026.0,89510.0,30164.0,0.0,0.0,66114.0,80492.0,74271.0,75327.0,0.0,0.0,0.0,28139.0,18201.0,2022_10,rail-length
1526,5.348181495209121,6.11422582825285,4.222401286928735,6.325469252768145,2.68036631042268,4.138311105335524,6.36787949645059,2.428321940600219,4.418716086861928,8.77291435501842,4.531429300907208,4.18961517513282,2.210791467401826,8.27238914406129,3.13934663740754,4.6924371708647925,2.466942021750114,1.4861342710638126,1.8722924922271555,4.158213202779798,4.20388925251038,2.8250830466856347,1.818306465032017,1.195214100601416,3.623357912080288,3.0711036919448205,1.1631100930371554,1.5694427659100232,4.954940498899165,1.8239676215399023,10.509433698879796,6.54063950414741,12.1976826979844,0.1831885030970285,1.2896898194313615,2022_10,rangeland
1527,3131,1557,1979,1848,1512,2564,3445,2998,2483,3810,3379,1567,1865,3523,7337,4884,3783,1839,1329,1088,1926,3283,834,1036,1526,1611,1987,1073,1783,1456,684,3073,970,470,877,2022_10,rc-area
1528,22.9,25.01,25.42,15.04,15.81,23.51,13.19,16.32,20.87,24.89,12.8,8.96,12.07,15.06,23.47,23.25,15.87,14.25,19.26,12.86,25.35,9.48,11.61,21.25,15.46,13.0,15.96,19.71,28.46,27.66,28.09,28.84,17.28,9.75,12.15,2022_10,rc-nosanitation-hhds-pct
1529,2.85,1.19,3.55,2.25,3.35,4.98,6.04,2.83,2.26,3.42,4.19,6.81,14.25,7.18,1.95,6.36,8.53,5.57,4.01,2.04,1.03,3.32,11.46,9.66,2.8,5.1,3.07,3.8,4.2,5.27,3.57,0.24,4.95,6.03,5.78,2022_10,rc-piped-hhds-pct
1530,,,,,,,,,,,,,,,,,,,,,,,,,,,,,,,,,,,,2022_10,relief-camp-inmates
1531,0.0,0.0,0.0,66852000.0,45911790.0,0.0,0.0,0.0,0.0,0.0,0.0,0.0,0.0,0.0,0.0,0.0,0.0,26992020.0,0.0,0.0,0.0,61299000.0,178929000.0,0.0,0.0,0.0,0.0,0.0,0.0,0.0,0.0,0.0,0.0,0.0,0.0,2022_10,restoration-measures-tenders-awarded-value
1532,,,,,,,,,,,,,,,,,,,,,,,,,,,,,,,,,,,,2022_10,revenue-ci
1533,0.0,0.0,0.0,0.0,45911790.0,0.0,0.0,0.0,0.0,0.0,0.0,0.0,0.0,0.0,0.0,0.0,0.0,0.0,0.0,0.0,0.0,61299000.0,178929000.0,0.0,0.0,0.0,0.0,0.0,0.0,0.0,0.0,0.0,0.0,0.0,0.0,2022_10,ridf-tenders-awarded-value
1534,4,4,3,4,2,3,5,4,3,3,2,2,2,2,2,2,2,1,2,3,2,2,2,3,3,2,3,2,5,2,5,2,2,3,2,2022_10,risk-score
1535,41.6,32.97,46.85,44.67,54.39,59.68,77.91,95.63,0.0,134.31,119.1,98.0,86.19,130.25,0.0,131.68,1095.0,20.48,24.82,51.93,53.14,51.68,53.28,51.41,0.0,0.0,0.0,101.49,0.0,0.0,0.0,752.85,0.0,0.0,163.68,2022_10,riverlevel-max
1536,5.115006720430108,12.490535714285716,15.822899193548386,7.311037186379928,20.724895161290323,8.084445084485408,35.31085181451613,38.3083698156682,0.0,64.35725470430108,31.10845942140297,69.8426125672043,16.963647849462365,45.603687275985656,0.0,32.82905241935484,16.0826514019565,11.44661951875164,12.913867882148152,9.743405913978496,10.609408602150538,7.604104631927212,24.423257728494622,6.339872311827957,0.0,0.0,0.0,33.29556003584229,0.0,0.0,0.0,410.034375,0.0,0.0,45.72778225806452,2022_10,riverlevel-mean
1537,0.0,0.0,0.0,0.0,0.0,0.0,0.0,0.0,0.0,0.0,0.0,0.0,0.0,0.0,0.0,0.0,9.69,0.0,0.0,0.0,0.0,0.0,0.0,0.0,0.0,0.0,0.0,0.0,0.0,0.0,0.0,66.89,0.0,0.0,0.0,2022_10,riverlevel-min
1538,858892.0,705770.0,1011509.0,725891.0,634621.0,1331470.0,745620.0,804067.0,578686.0,1211943.0,1453600.0,700651.0,736030.0,1389863.0,752361.0,843185.0,988230.0,615579.0,483931.0,654117.0,547046.0,1589070.0,746938.0,450865.0,429399.0,767150.0,650574.0,485197.0,574075.0,560100.0,78936.0,457481.0,54196.0,461489.0,294016.0,2022_10,road-length
1539,0.0,0.0,0.0,0.0,2.0,0.0,0.0,0.0,3.0,0.0,0.0,0.0,0.0,0.0,0.0,0.0,0.0,0.0,0.0,0.0,0.0,0.0,0.0,0.0,0.0,0.0,0.0,0.0,0.0,0.0,0.0,0.0,0.0,0.0,0.0,2022_10,roads
1540,2788,3147,2578,2904,1994,3284,2025,3519,2301,1950,2431,1838,2072,2507,1757,1063,3322,3188,3016,1463,1336,3463,1151,1817,1497,1858,1795,1007,1291,1320,1381,925,805,813,995,2022_10,schools-count
1541,0.0,0.0,0.0,0.0,0.0,0.0,0.0,0.0,0.0,0.0,0.0,0.0,0.0,0.0,0.0,0.0,0.0,0.0,0.0,0.0,0.0,0.0,0.0,0.0,0.0,0.0,0.0,0.0,0.0,0.0,0.0,0.0,0.0,0.0,0.0,2022_10,sdrf-sanctions-awarded-value
1542,2763395.99,0.0,0.0,26294909.0,0.0,0.0,0.0,0.0,0.0,0.0,0.0,0.0,0.0,0.0,0.0,0.0,0.0,18841982.0,0.0,0.0,0.0,0.0,0.0,0.0,0.0,0.0,0.0,0.0,0.0,0.0,0.0,0.0,0.0,0.0,0.0,2022_10,sdrf-tenders-awarded-value
1543,84.0,81.0,84.0,78.0,81.0,86.0,82.0,84.0,84.0,83.0,79.0,85.0,85.0,84.0,89.0,90.0,88.0,86.0,87.0,84.0,85.0,83.0,85.0,83.0,85.0,82.0,85.0,84.0,83.0,88.0,75.0,89.0,78.0,85.0,85.0,2022_10,slope-mean
1544,0.0,0.0,0.0,0.0,0.0,0.0,0.0,0.0,0.0,0.0,0.0,0.0,0.0,0.0,0.0,0.0,0.0,26992020.0,0.0,0.0,0.0,0.0,0.0,0.0,0.0,0.0,0.0,0.0,0.0,0.0,0.0,0.0,0.0,0.0,0.0,2022_10,sopd-tenders-awarded-value
1545,57857.0,42575.0,46470.0,67953.0,42280.0,97610.0,68323.0,58342.0,32533.0,78299.0,65397.0,43660.0,50348.0,70723.0,35381.0,10818.0,107625.0,84067.0,28439.0,34649.0,31827.0,73518.0,52534.0,42123.0,26244.0,54588.0,39025.0,16626.0,31591.0,46543.0,24163.0,23910.0,7312.0,12224.0,21238.0,2022_10,sum-aged-population
1546,1285566.0,1380036.0,1071403.0,1592951.0,1134860.0,2349536.0,1457402.0,1159587.0,701395.0,1403053.0,1493591.0,780035.0,999320.0,1300195.0,701883.0,287573.0,2109650.0,1392873.0,767428.0,805117.0,610607.0,1631483.0,1355213.0,964758.0,719391.0,1155605.0,871748.0,496730.0,661663.0,1116144.0,539004.0,364058.0,166527.0,320250.0,501941.0,2022_10,sum-population
1547,1347.22,708.92,747.46,613.55,346.24,828.97,1595.73,1255.09,784.68,1189.36,824.6,397.13,350.93,976.65,1552.98,766.32,540.89,394.46,258.72,396.58,656.6,1004.23,172.17,320.86,500.46,375.27,661.41,258.35,801.9,325.27,399.59,679.55,219.56,158.94,248.16,2022_10,sum-rain
1548,121755.0,108187.0,110299.0,138171.0,89493.0,189578.0,119771.0,107159.0,63722.0,140321.0,98977.0,58320.0,58038.0,107008.0,83796.0,25721.0,186200.0,165255.0,61334.0,68671.0,62729.0,108185.0,64585.0,49770.0,38011.0,111967.0,68474.0,22454.0,55099.0,90898.0,58752.0,54830.0,8806.0,24043.0,31327.0,2022_10,sum-young-population
1549,,,,,,,,,,,,,,,,,,,,,,,,,,,,,,,,,,,,2022_10,topsis-score
1550,0.0,0.0,0.0,0.0,0.0,0.0,0.0,43319.0,100638.0,0.0,1446.0,0.0,0.0,0.0,0.0,0.0,0.0,0.0,0.0,0.0,0.0,0.0,0.0,0.0,0.0,2844.0,0.0,0.0,0.0,0.0,0.0,0.0,0.0,0.0,0.0,2022_10,total-animal-affected
1551,0.0,0.0,0.0,0.0,0.0,0.0,0.0,0.0,0.0,0.0,0.0,0.0,0.0,0.0,0.0,0.0,0.0,0.0,0.0,0.0,0.0,0.0,0.0,0.0,0.0,0.0,0.0,0.0,0.0,0.0,0.0,0.0,0.0,0.0,0.0,2022_10,total-animal-washed-away
1552,214904.0,377710.0,240459.0,393378.0,267778.0,527427.0,318730.0,266928.0,195025.0,318555.0,311523.0,172096.0,272707.0,275841.0,103131.0,30119.0,416101.0,256161.0,165784.0,185414.0,105445.0,408132.0,327221.0,233278.0,132203.0,231859.0,185739.0,108235.0,150938.0,214866.0,202538.0,52339.0,39239.0,77895.0,112690.0,2022_10,total-hhd
1553,0.0,0.0,0.0,0.0,0.0,0.0,0.0,0.0,1.0,0.0,0.0,0.0,0.0,0.0,0.0,0.0,0.0,0.0,0.0,0.0,0.0,0.0,0.0,0.0,0.0,0.0,0.0,0.0,0.0,0.0,0.0,0.0,0.0,0.0,0.0,2022_10,total-house-fully-damaged
1554,2763395.99,0.0,0.0,26294909.0,45911790.0,0.0,0.0,0.0,0.0,0.0,0.0,0.0,0.0,0.0,0.0,0.0,0.0,45834002.0,0.0,0.0,0.0,61299000.0,178929000.0,0.0,0.0,0.0,0.0,0.0,0.0,0.0,0.0,0.0,0.0,0.0,0.0,2022_10,total-tender-awarded-value
1555,44.82310382182993,6.321206822171816,22.17775765494202,1.7360845973006505,7.428591072756205,13.738477714009118,16.926471024044787,11.86243788406468,18.492079646139395,45.3288068036129,26.16921253871126,22.293049479466347,23.1796731943248,20.00995806072238,84.83872280753643,92.05546516762968,60.388095350395474,37.62801177789037,45.0801965914072,14.64656334951663,25.17195701278569,20.99890824542552,35.79076612553773,7.197226245997946,22.97002391129913,5.385593776164412,10.29238102166091,37.6018834218617,14.041094293919931,26.961889746398366,2.1720923479523893,81.043384726924,3.9934399889388095,9.326448302643366,10.394268862702978,2022_10,trees
1556,3,2,3,3,5,3,4,5,4,5,4,3,2,4,2,1,4,1,1,3,3,2,1,1,3,4,4,3,5,5,2,4,4,1,3,2022_10,vulnerability
1557,2.14748433199024,8.926816101581226,5.475954771612946,15.380298537726048,9.265041863767612,6.131505410138075,8.042019821808795,5.657214950125068,3.184357477531447,3.830038914084223,6.570281630742558,2.716662852196684,1.3880577326149368,5.197454496380245,0.2377468964495746,0.5304976144773761,2.688034643276909,2.92526092277451,2.2601753322097475,7.744761919768054,2.245381899476784,3.9538179958602666,5.534381057228192,4.442300732411621,1.15738968639711,6.9103555208594845,1.076089054113655,1.127223868189796,4.555133368386216,1.2832259379546722,18.680681481428,0.648788836399234,13.241007569465063,2.462243864094462,2.4620794291034347,2022_10,water
1558,9.0,7.5,8.9,8.0,7.2,9.8,9.8,8.3,7.0,8.6,10.2,10.4,10.3,8.8,7.2,8.1,9.8,9.8,9.5,9.1,8.2,10.1,12.1,10.5,9.0,9.2,8.3,8.6,8.9,8.0,6.7,5.8,9.4,7.0,11.6,2022_11,avg-electricity
1559,2.2,2.6,2.0,2.0,2.4,2.0,2.2,2.4,2.0,2.0,2.0,2.2,2.2,2.3,2.0,2.5,2.2,2.4,2.0,2.2,2.2,2.4,2.5,2.1,2.3,2.0,2.2,2.0,2.3,2.3,2.0,2.0,2.5,2.3,2.2,2022_11,avg-tele
1560,0.7926530269491988,7.531760711382735,5.9975841882527146,13.399743893694705,9.087423770641625,1.3559646022141194,11.16993018461264,3.321949651206243,5.2991176353693925,5.549417795933058,11.89688114458343,1.1135349370612126,0.4813646419853772,6.200207708738966,0.0032022457056181,0.0112955447522568,0.0442322942026991,0.0005821967384394,0.0007817744432644,5.446282937545654,2.6240657801650604,2.713399795461527,0.6252866012662451,1.5346122135798803,0.7279240894938651,9.113289753821244,0.692098757126833,0.0007835410233665,6.477376686892146,0.1040992334832411,18.30364889362488,0.0291324919691509,24.24725091913665,0.1021579643228508,0.9800489342396108,2022_11,bare-ground
1561,0.0,0.0,0.0,0.0,0.0,0.0,0.0,0.0,0.0,0.0,0.0,0.0,0.0,0.0,0.0,0.0,0.0,0.0,0.0,0.0,0.0,0.0,0.0,0.0,0.0,0.0,0.0,0.0,0.0,0.0,0.0,0.0,0.0,0.0,0.0,2022_11,bridge
1562,11.264850221750155,18.68685688043959,20.07028981164902,23.29889457460743,16.29951533262418,20.48813880453336,15.023216012689074,17.4522747070768,14.71861886001929,12.154705287272218,13.61867532627536,17.5099405252546,20.481406677371403,19.487721132368616,4.44886025271191,1.5368532584904049,9.10146485261492,18.16413114488408,11.692113258103412,29.03448414003954,25.20730433303082,19.642315297342577,41.77419085025272,22.52836057941624,17.184724781574545,20.83163737213544,19.833272477709933,15.361738693511066,16.307754508621432,18.67734995944407,13.584563748839374,3.06652116810747,7.895660111838286,23.186526086855533,20.951904792722186,2022_11,built-area
1563,,,,,,,,,,,,,,,,,,,,,,,,,,,,,,,,,,,,2022_11,children-camp
1564,0.0,0.0,0.0,0.0,0.0,0.0,0.0,0.0,0.0,0.0,0.0,0.0,0.0,0.0,0.0,0.0,0.0,0.0,0.0,0.0,0.0,0.0,0.0,0.0,0.0,0.0,0.0,0.0,0.0,0.0,0.0,0.0,0.0,0.0,0.0,2022_11,cidf-tenders-awarded-value
1565,0.0,0.0,0.0,0.0,0.0,0.0,0.0,0.0,0.0,0.0,0.0,0.0,0.0,0.0,0.0,0.0,0.0,0.0,0.0,0.0,0.0,0.0,0.0,0.0,0.0,0.0,0.0,0.0,0.0,0.0,0.0,0.0,0.0,0.0,0.0,2022_11,clouds
1566,,,,,,,,,,,,,,,,,,,,,,,,,,,,,,,,,,,,2022_11,count
1567,0.0,0.0,0.0,0.0,0.0,0.0,0.0,0.0,0.0,0.0,0.0,0.0,0.0,0.0,0.0,0.0,0.0,0.0,0.0,0.0,0.0,0.0,0.0,0.0,0.0,0.0,0.0,0.0,0.0,0.0,0.0,0.0,0.0,0.0,0.0,2022_11,crop-area
1568,34.9317704888082,52.40605978487703,41.90048690372884,39.78883882637817,54.938104096082654,52.84995016494956,42.430108230565374,59.220248011676354,53.845243703766926,23.916453965964777,37.007801509232486,51.49506236580305,51.5431523154699,40.48003041827815,7.3319902914434465,1.1705332822997936,25.111283512767983,39.4415642847609,38.76788596538208,38.85547024163674,40.535326387412894,49.82767215203262,14.305666246257186,63.02893160899544,54.33608252147262,54.67737476207797,66.94304859635157,44.30796823377707,53.5223113648856,51.12834615515126,36.66279815234376,8.66392715215393,38.3720622201222,64.73913688080394,63.92200816180048,2022_11,crops
1569,4296.624151156235,2231.5993331549903,3585.3069321814023,1247.6117514050093,2700.336576957554,3477.530108369159,1557.3606551140049,2711.0464141089856,2238.6415334905228,4159.102888381454,9491.63013988358,3889.6067327857527,7133.757644739055,3445.5268629610114,8511.666927309077,4923.29748622475,3222.517655928944,4060.318063254274,4335.474967336042,1883.330083753236,975.2407923854796,4254.719948057848,3333.953706616405,1829.807307358248,1576.5499878215094,1098.83444541599,1489.926404330648,4700.953196095703,4363.59388114963,5163.44360094801,880.805632910103,4989.53282327419,1292.455559234692,1123.7037030160088,1578.254039674223,2022_11,distance-from-river
1570,KOKRAJHAR,DHUBRI,GOALPARA,BARPETA,MORIGAON,NAGAON,SONITPUR,LAKHIMPUR,DHEMAJI,TINSUKIA,DIBRUGARH,SIVASAGAR,JORHAT,GOLAGHAT,KARBI ANGLONG,DIMA HASAO,CACHAR,KARIMGANJ,HAILAKANDI,BONGAIGAON,CHIRANG,KAMRUP,KAMRUP METRO,NALBARI,BAKSA,DARRANG,UDALGURI,CHARAIDEO,BISWANATH,HOJAI,SOUTH SALMARA MANCACHAR,WEST KARBI ANGLONG,MAJULI,BAJALI,TAMULPUR,2022_11,district
1571,0.0005623749999999,0.0006515714285714,0.0005706,0.0006465,0.0005976,0.0005747142857142,0.000571,0.0006111428571428,0.0005535,0.00057375,0.0006251428571428,0.0006055,0.0006035999999999,0.0005855,0.00041,0.00031275,0.0004408,0.0005329999999999,0.0005025,0.0005798,0.000528,0.0005858461538461,0.00044875,0.000670625,0.0005907142857142,0.0006724,0.0006286666666666,0.000603,0.0006126666666666,0.00058,0.000585,0.000439,0.0006255,0.0006813333333333,0.0006636,2022_11,drainage-density
1572,,,,,,,,,,,,,,,,,,,,,,,,,,,,,,,,,,,,2022_11,dtcode11
1573,,,,,,,,,,,,,,,,,,,,,,,,,,,,,,,,,,,,2022_11,dtname
1574,0.892336125,0.9275952857142856,0.8636792,0.8737891666666666,0.8007104,0.8779455714285714,0.832699,0.8284125714285714,0.8657298333333333,0.8166225,0.8363555714285714,0.88131625,0.9263634,0.8768676666666666,0.9583996666666668,1.0,0.8670698,0.9622118,0.94859225,0.8860098000000001,0.8912074000000001,0.9525425384615384,1.0,0.962015,0.8542915714285714,0.862842,0.8246266666666666,0.8798163333333333,0.8216853333333334,0.7807976666666666,0.914745,0.804262,0.952643,0.9769423333333332,0.8795656,2022_11,efficiency
1575,63.0,33.0,49.0,40.0,63.0,72.0,86.0,96.0,141.0,142.0,113.0,99.0,105.0,97.0,347.0,607.0,155.0,36.0,47.0,54.0,84.0,82.0,114.0,49.0,70.0,59.0,91.0,112.0,86.0,125.0,26.0,483.0,85.0,47.0,71.0,2022_11,elevation-mean
1576,0.0,0.0,0.0,0.0,0.0,0.0,0.0,0.0,0.0,0.0,0.0,0.0,0.0,0.0,0.0,0.0,0.0,0.0,0.0,0.0,0.0,0.0,0.0,0.0,0.0,0.0,0.0,0.0,0.0,0.0,0.0,0.0,0.0,0.0,0.0,2022_11,embankment-breached
1577,0.0,0.0,0.0,0.0,0.0,0.0,0.0,0.0,0.0,0.0,0.0,0.0,1.0,0.0,0.0,0.0,0.0,0.0,0.0,0.0,0.0,0.0,0.0,0.0,0.0,0.0,0.0,0.0,0.0,0.0,0.0,0.0,0.0,0.0,0.0,2022_11,embankments-affected
1578,1,2,2,3,2,4,5,1,1,5,2,2,2,2,2,1,5,3,2,1,1,1,4,1,1,3,1,1,2,5,4,3,1,1,1,2022_11,exposure
1579,,,,,,,,,,,,,,,,,,,,,,,,,,,,,,,,,,,,2022_11,female-camp
1580,2022-2023,2022-2023,2022-2023,2022-2023,2022-2023,2022-2023,2022-2023,2022-2023,2022-2023,2022-2023,2022-2023,2022-2023,2022-2023,2022-2023,2022-2023,2022-2023,2022-2023,2022-2023,2022-2023,2022-2023,2022-2023,2022-2023,2022-2023,2022-2023,2022-2023,2022-2023,2022-2023,2022-2023,2022-2023,2022-2023,2022-2023,2022-2023,2022-2023,2022-2023,2022-2023,2022_11,financial-year
1581,1,2,1,2,2,1,1,2,4,1,2,1,2,1,1,1,1,4,3,1,1,4,4,3,2,4,3,1,1,1,1,1,2,3,3,2022_11,flood-hazard
1582,,,,,,,,,,,,,,,,,,,,,,,,,,,,,,,,,,,,2022_11,flood-hazard-float
1583,0.6919566134631445,0.0130738712947678,0.1555253828857338,0.070670317524941,0.3009575537051402,1.297652198820306,0.0403752298285348,0.0575528552506696,0.0418665903116203,0.4476628781144293,0.205718549547722,0.6821346650851449,0.71555397083185,0.3522390394504635,0.0001308687455715,0.0029179614859214,0.1999473249919585,0.354315401887915,0.3265545862272735,0.1142242087136369,0.0120753346183426,0.0388034671918635,0.1514026544257694,0.0733545189974068,0.000497097682435,0.0106451229965376,0.0,0.0309594757269307,0.1413892783954933,0.0211213460285527,0.0867816769319334,0.0076061202987784,0.0528964925144814,0.0002983981827297,0.0,2022_11,flooded-vegetation
1584,5,5,5,4,5,4,4,5,4,4,4,5,5,5,5,5,5,4,5,5,5,5,4,5,5,5,5,5,4,5,5,5,4,5,5,2022_11,government-response
1585,163,151,154,205,116,277,158,124,73,119,169,143,106,153,30,4,176,96,87,88,68,282,52,142,109,129,15,82,100,91,69,25,32,70,67,2022_11,health-centres-count
1586,0,0,0,0,0,0,0,0,0,0,0,0,0,0,0,0,0,0,0,0,0,0,0,0,0,0,0,0,0,0,0,0,0,0,0,2022_11,human-live-lost
1587,,,,,,,,,,,,,,,,,,,,,,,,,,,,,,,,,,,,2022_11,human-live-lost-children
1588,,,,,,,,,,,,,,,,,,,,,,,,,,,,,,,,,,,,2022_11,human-live-lost-female
1589,,,,,,,,,,,,,,,,,,,,,,,,,,,,,,,,,,,,2022_11,human-live-lost-male
1590,0.0,0.0,4453468.57,0.0,0.0,0.0,0.0,0.0,0.0,0.0,134973759.26,0.0,0.0,0.0,0.0,0.0,0.0,0.0,0.0,0.0,0.0,0.0,0.0,0.0,0.0,0.0,0.0,0.0,0.0,0.0,0.0,0.0,0.0,0.0,0.0,2022_11,immediate-measures-tenders-awarded-value
1591,0.0,0.0,0.0,0.0,0.0,0.0,0.0,0.0,0.0,0.0,0.0,0.0,0.0,0.0,0.0,0.0,0.0,0.0,0.0,0.0,0.0,0.0,0.0,0.0,0.0,0.0,0.0,0.0,0.0,0.0,0.0,0.0,0.0,0.0,0.0,2022_11,inundation-intensity-mean
1592,0.0,0.0,0.0,0.0,0.0,0.0,0.0,0.0,0.0,0.0,0.0,0.0,0.0,0.0,0.0,0.0,0.0,0.0,0.0,0.0,0.0,0.0,0.0,0.0,0.0,0.0,0.0,0.0,0.0,0.0,0.0,0.0,0.0,0.0,0.0,2022_11,inundation-intensity-mean-nonzero
1593,0.0,0.0,0.0,0.0,0.0,0.0,0.0,0.0,0.0,0.0,0.0,0.0,0.0,0.0,0.0,0.0,0.0,0.0,0.0,0.0,0.0,0.0,0.0,0.0,0.0,0.0,0.0,0.0,0.0,0.0,0.0,0.0,0.0,0.0,0.0,2022_11,inundation-intensity-sum
1594,0.0,0.0,0.0,0.0,0.0,0.0,0.0,0.0,0.0,0.0,0.0,0.0,0.0,0.0,0.0,0.0,0.0,0.0,0.0,0.0,0.0,0.0,0.0,0.0,0.0,0.0,0.0,0.0,0.0,0.0,0.0,0.0,0.0,0.0,0.0,2022_11,inundation-pct
1595,0.0,0.0,0.0,0.0,0.0,0.0,0.0,0.0,0.0,0.0,0.0,0.0,0.0,0.0,0.0,0.0,0.0,0.0,0.0,0.0,0.0,0.0,0.0,0.0,0.0,0.0,0.0,0.0,0.0,0.0,0.0,0.0,0.0,0.0,0.0,2022_11,ltif-tenders-awarded-value
1596,,,,,,,,,,,,,,,,,,,,,,,,,,,,,,,,,,,,2022_11,male-camp
1597,0.0,0.0,0.0,0.0,0.0,0.0,0.0,0.0,0.0,0.0,0.0,0.0,0.0,0.0,0.0,0.0,0.0,0.0,0.0,0.0,0.0,0.02,0.01,0.0,0.0,0.0,0.0,0.0,0.0,0.0,0.0,0.0,0.0,0.0,0.0,2022_11,max-rain
1598,79.02868494142712,101.80280753365652,92.94383900653578,105.59323892727154,101.52151689605476,82.80184981421402,96.12358569934148,83.9078683433952,82.58482453454118,85.28440626816572,92.33941954273553,80.5484411209615,79.26767921681454,87.0143854317649,73.9235270160713,74.45407242468538,76.22171823123378,78.77654329987095,76.5297175055914,92.84413483394596,78.73454361714819,88.47737641290556,90.33791694141864,81.3350244170581,77.2968865972734,93.73693822422564,78.06937273928872,76.99096084367254,87.73877652848734,76.69919006241047,135.19869279538494,74.5890767941101,111.4923918776678,77.2774448783579,78.49346327750206,2022_11,mean-cn
1599,-0.246543194217538,-0.2193937686972117,-0.2757676204716869,-0.2731498656448788,-0.268769443037999,-0.2514681867854417,-0.2641984968071796,-0.2040640432895408,-0.1925498099390623,-0.2469072502527158,-0.2451436291846363,-0.271050246288315,-0.239901933674322,-0.2415596516321325,-0.2632585989143147,-0.2596938002345038,-0.2638037569857483,-0.2556190921036168,-0.2729971337675212,-0.2317626000377219,-0.2117302945191534,-0.2471537934328747,-0.2260639086747895,-0.2515963064390284,-0.2484633016017257,-0.2356895868756223,-0.2205185983082233,-0.2777881460600859,-0.2262428958408473,-0.2463764903935824,-0.3261220691702047,-0.2882341291769971,-0.2454555384252972,-0.2548120266288253,-0.2223315619024866,2022_11,mean-ndbi
1600,0.7477161116845844,0.5295527519803798,0.5891308000963088,0.4179036340556714,0.4278427300073106,0.6059373274780903,0.5487748401541495,0.6226722613196757,0.6307169887954275,0.6984030279981288,0.589066643861993,0.7169336471898973,0.6184997679180377,0.6045467024911305,0.7319156557549578,0.672940148932895,0.7452444503647566,0.69597783379847,0.7368220324240113,0.6005963150591748,0.7207780392170834,0.5662987432819521,0.5927168803446466,0.5961658408691876,0.7323361242770271,0.4264728392191189,0.6175012089110573,0.7688595057576845,0.5987082955510661,0.5632429548147657,0.3239363520478263,0.7989499683250082,0.3782726471863949,0.7068803129251751,0.6370488326990031,2022_11,mean-ndvi
1601,0.0,0.0,0.0,0.0,0.0,0.0,0.0,0.0,0.0,0.0,0.0,0.0,0.0,0.0,0.0,0.0,0.0,0.0,0.0,0.0,0.0,0.0,0.0,0.0,0.0,0.0,0.0,0.0,0.0,0.0,0.0,0.0,0.0,0.0,0.0,2022_11,mean-rain
1602,0.94,0.94,0.94,0.94,0.95,0.94,0.93,0.94,0.93,0.93,0.94,0.93,0.94,0.94,0.92,0.91,0.94,0.94,0.93,0.95,0.94,0.93,0.91,0.93,0.95,0.93,0.94,0.93,0.93,0.94,0.94,0.93,0.94,0.94,0.95,2022_11,mean-sex-ratio
1603,78683.46309,83470.903,78088.12,79714.84605,75490.3523,87424.202,71470.137,90513.46103,104651.240916,68512.0013,81437.447,43095.76595,54183.314,128914.321604,35388.58,27888.17,66721.37,42827.17595,35287.21,42395.395,27850.66,74001.84561,6039.38,44021.984,58167.37587,76196.45569999999,93034.31635285716,23849.9,71288.401,78621.26999999999,17419.61,48488.349,16642.66,23559.76,71015.57777333334,2022_11,net-sown-area-in-hac
1604,0.0,0.0,0.0,37800091.0,0.0,0.0,0.0,0.0,0.0,342540008.0,0.0,0.0,0.0,0.0,0.0,0.0,0.0,0.0,34485855.0,0.0,0.0,0.0,0.0,0.0,0.0,0.0,0.0,0.0,0.0,0.0,0.0,0.0,3900000.0,0.0,0.0,2022_11,others-tenders-awarded-value
1605,0.0,0.0,0.0,0.0,0.0,0.0,0.0,0.0,0.0,0.0,0.0,0.0,0.0,0.0,0.0,0.0,0.0,0.0,0.0,0.0,0.0,0.0,0.0,0.0,0.0,0.0,0.0,0.0,0.0,0.0,0.0,0.0,0.0,0.0,0.0,2022_11,population-affected-total
1606,62.0,342.0,34.0,5.0,10.0,45.0,35.0,38.0,77.0,43.0,49.0,27.0,41.0,43.0,32.0,146.0,46.0,45.0,28.0,81.0,8.0,45.0,80.0,11.0,0.0,0.0,24.0,24.0,19.0,30.0,0.0,0.0,0.0,9.0,6.0,2022_11,rail-count
1607,145613.0,139561.0,78425.0,17621.0,30884.0,174517.0,138494.0,108334.0,121454.0,119685.0,123774.0,73292.0,86126.0,117155.0,73424.0,172636.0,103488.0,117739.0,90281.0,82273.0,24548.0,109026.0,89510.0,30164.0,0.0,0.0,66114.0,80492.0,74271.0,75327.0,0.0,0.0,0.0,28139.0,18201.0,2022_11,rail-length
1608,5.348181495209121,6.11422582825285,4.222401286928735,6.325469252768145,2.68036631042268,4.138311105335524,6.36787949645059,2.428321940600219,4.418716086861928,8.77291435501842,4.531429300907208,4.18961517513282,2.210791467401826,8.27238914406129,3.13934663740754,4.6924371708647925,2.466942021750114,1.4861342710638126,1.8722924922271555,4.158213202779798,4.20388925251038,2.8250830466856347,1.818306465032017,1.195214100601416,3.623357912080288,3.0711036919448205,1.1631100930371554,1.5694427659100232,4.954940498899165,1.8239676215399023,10.509433698879796,6.54063950414741,12.1976826979844,0.1831885030970285,1.2896898194313615,2022_11,rangeland
1609,3131,1557,1979,1848,1512,2564,3445,2998,2483,3810,3379,1567,1865,3523,7337,4884,3783,1839,1329,1088,1926,3283,834,1036,1526,1611,1987,1073,1783,1456,684,3073,970,470,877,2022_11,rc-area
1610,22.9,25.01,25.42,15.04,15.81,23.51,13.19,16.32,20.87,24.89,12.8,8.96,12.07,15.06,23.47,23.25,15.87,14.25,19.26,12.86,25.35,9.48,11.61,21.25,15.46,13.0,15.96,19.71,28.46,27.66,28.09,28.84,17.28,9.75,12.15,2022_11,rc-nosanitation-hhds-pct
1611,2.85,1.19,3.55,2.25,3.35,4.98,6.04,2.83,2.26,3.42,4.19,6.81,14.25,7.18,1.95,6.36,8.53,5.57,4.01,2.04,1.03,3.32,11.46,9.66,2.8,5.1,3.07,3.8,4.2,5.27,3.57,0.24,4.95,6.03,5.78,2022_11,rc-piped-hhds-pct
1612,,,,,,,,,,,,,,,,,,,,,,,,,,,,,,,,,,,,2022_11,relief-camp-inmates
1613,0.0,0.0,0.0,37800091.0,0.0,26642973.65,0.0,0.0,0.0,342540008.0,0.0,0.0,0.0,0.0,0.0,0.0,0.0,0.0,34485855.0,0.0,0.0,0.0,0.0,0.0,0.0,0.0,0.0,0.0,0.0,0.0,0.0,0.0,0.0,0.0,0.0,2022_11,restoration-measures-tenders-awarded-value
1614,,,,,,,,,,,,,,,,,,,,,,,,,,,,,,,,,,,,2022_11,revenue-ci
1615,0.0,0.0,0.0,0.0,0.0,0.0,0.0,0.0,0.0,342540008.0,0.0,0.0,0.0,0.0,0.0,0.0,0.0,0.0,0.0,0.0,0.0,0.0,0.0,0.0,0.0,0.0,0.0,0.0,0.0,0.0,0.0,0.0,0.0,0.0,0.0,2022_11,ridf-tenders-awarded-value
1616,1,2,1,3,3,1,2,2,5,2,2,1,2,2,1,1,1,4,3,1,1,4,4,3,2,4,3,1,2,3,1,2,1,3,4,2022_11,risk-score
1617,40.72,32.2,44.86,43.38,53.04,56.68,76.61,93.47,0.0,132.55,117.68,95.6,84.07,128.97,0.0,131.2,21.8,18.11,22.22,51.19,53.02,50.36,50.93,50.65,0.0,0.0,0.0,98.83,0.0,0.0,0.0,752.49,0.0,0.0,163.3,2022_11,riverlevel-max
1618,5.077747252747253,12.105120289170683,15.20252418172936,7.176794871794872,19.75767391304348,7.87111801242236,34.26932065217392,37.70959627329192,0.0,64.08554945054945,30.77331623902403,68.83908967391305,16.575717391304348,45.197518115942025,0.0,32.4754945054945,14.529628552153664,10.45322348712461,11.41799369162232,9.67812087912088,10.596857142857145,7.557265051188128,23.41284908026756,6.30798076923077,0.0,0.0,0.0,32.77815217391305,0.0,0.0,0.0,405.8243956043956,0.0,0.0,45.54753834143997,2022_11,riverlevel-mean
1619,0.0,0.0,0.0,0.0,0.0,0.0,0.0,0.0,0.0,0.0,0.0,0.0,0.0,0.0,0.0,0.0,7.85,0.0,0.0,0.0,0.0,0.0,0.0,0.0,0.0,0.0,0.0,0.0,0.0,0.0,0.0,66.46,0.0,0.0,0.0,2022_11,riverlevel-min
1620,858892.0,705770.0,1011509.0,725891.0,634621.0,1331470.0,745620.0,804067.0,578686.0,1211943.0,1453600.0,700651.0,736030.0,1389863.0,752361.0,843185.0,988230.0,615579.0,483931.0,654117.0,547046.0,1589070.0,746938.0,450865.0,429399.0,767150.0,650574.0,485197.0,574075.0,560100.0,78936.0,457481.0,54196.0,461489.0,294016.0,2022_11,road-length
1621,0.0,0.0,0.0,0.0,0.0,0.0,0.0,0.0,0.0,0.0,0.0,0.0,0.0,0.0,0.0,0.0,0.0,0.0,0.0,0.0,0.0,0.0,0.0,0.0,0.0,0.0,0.0,0.0,0.0,0.0,0.0,0.0,0.0,0.0,0.0,2022_11,roads
1622,2788,3147,2578,2904,1994,3284,2025,3519,2301,1950,2431,1838,2072,2507,1757,1063,3322,3188,3016,1463,1336,3463,1151,1817,1497,1858,1795,1007,1291,1320,1381,925,805,813,995,2022_11,schools-count
1623,0.0,0.0,0.0,0.0,0.0,0.0,0.0,0.0,0.0,0.0,0.0,0.0,0.0,0.0,0.0,0.0,0.0,0.0,0.0,0.0,0.0,0.0,0.0,0.0,0.0,0.0,0.0,0.0,0.0,0.0,0.0,0.0,0.0,0.0,0.0,2022_11,sdrf-sanctions-awarded-value
1624,3029379.3,49008496.08,4453468.57,0.0,0.0,44997300.0,17999997.0,44999683.0,3861147.0,0.0,134973759.26,0.0,0.0,0.0,0.0,0.0,0.0,0.0,0.0,0.0,0.0,0.0,0.0,0.0,0.0,0.0,0.0,0.0,0.0,0.0,0.0,0.0,0.0,0.0,0.0,2022_11,sdrf-tenders-awarded-value
1625,84.0,81.0,84.0,78.0,81.0,86.0,82.0,84.0,84.0,83.0,79.0,85.0,85.0,84.0,89.0,90.0,88.0,86.0,87.0,84.0,85.0,83.0,85.0,83.0,85.0,82.0,85.0,84.0,83.0,88.0,75.0,89.0,78.0,85.0,85.0,2022_11,slope-mean
1626,0.0,0.0,0.0,37800091.0,0.0,26642973.65,0.0,0.0,0.0,0.0,0.0,0.0,0.0,0.0,0.0,0.0,0.0,0.0,0.0,0.0,0.0,0.0,0.0,0.0,0.0,0.0,0.0,0.0,0.0,0.0,0.0,0.0,0.0,0.0,0.0,2022_11,sopd-tenders-awarded-value
1627,57857.0,42575.0,46470.0,67953.0,42280.0,97610.0,68323.0,58342.0,32533.0,78299.0,65397.0,43660.0,50348.0,70723.0,35381.0,10818.0,107625.0,84067.0,28439.0,34649.0,31827.0,73518.0,52534.0,42123.0,26244.0,54588.0,39025.0,16626.0,31591.0,46543.0,24163.0,23910.0,7312.0,12224.0,21238.0,2022_11,sum-aged-population
1628,1285566.0,1380036.0,1071403.0,1592951.0,1134860.0,2349536.0,1457402.0,1159587.0,701395.0,1403053.0,1493591.0,780035.0,999320.0,1300195.0,701883.0,287573.0,2109650.0,1392873.0,767428.0,805117.0,610607.0,1631483.0,1355213.0,964758.0,719391.0,1155605.0,871748.0,496730.0,661663.0,1116144.0,539004.0,364058.0,166527.0,320250.0,501941.0,2022_11,sum-population
1629,0.0,0.0,0.0,0.0,0.16,0.0,0.0,0.61,2.52,0.02,0.06,0.0,0.0,0.0,0.0,0.27,0.93,1.59,0.7,0.0,0.0,5.1,0.9,0.0,0.0,0.43,0.03,0.0,0.0,0.0,0.0,0.06,0.0,0.0,0.06,2022_11,sum-rain
1630,121755.0,108187.0,110299.0,138171.0,89493.0,189578.0,119771.0,107159.0,63722.0,140321.0,98977.0,58320.0,58038.0,107008.0,83796.0,25721.0,186200.0,165255.0,61334.0,68671.0,62729.0,108185.0,64585.0,49770.0,38011.0,111967.0,68474.0,22454.0,55099.0,90898.0,58752.0,54830.0,8806.0,24043.0,31327.0,2022_11,sum-young-population
1631,,,,,,,,,,,,,,,,,,,,,,,,,,,,,,,,,,,,2022_11,topsis-score
1632,0.0,0.0,0.0,0.0,0.0,0.0,0.0,0.0,0.0,0.0,0.0,0.0,0.0,0.0,0.0,0.0,0.0,0.0,0.0,0.0,0.0,0.0,0.0,0.0,0.0,0.0,0.0,0.0,0.0,0.0,0.0,0.0,0.0,0.0,0.0,2022_11,total-animal-affected
1633,0.0,0.0,0.0,0.0,0.0,0.0,0.0,0.0,0.0,0.0,0.0,0.0,0.0,0.0,0.0,0.0,0.0,0.0,0.0,0.0,0.0,0.0,0.0,0.0,0.0,0.0,0.0,0.0,0.0,0.0,0.0,0.0,0.0,0.0,0.0,2022_11,total-animal-washed-away
1634,214904.0,377710.0,240459.0,393378.0,267778.0,527427.0,318730.0,266928.0,195025.0,318555.0,311523.0,172096.0,272707.0,275841.0,103131.0,30119.0,416101.0,256161.0,165784.0,185414.0,105445.0,408132.0,327221.0,233278.0,132203.0,231859.0,185739.0,108235.0,150938.0,214866.0,202538.0,52339.0,39239.0,77895.0,112690.0,2022_11,total-hhd
1635,0.0,0.0,0.0,0.0,0.0,0.0,0.0,0.0,0.0,0.0,0.0,0.0,0.0,0.0,0.0,0.0,0.0,0.0,0.0,0.0,0.0,0.0,0.0,0.0,0.0,0.0,0.0,0.0,0.0,0.0,0.0,0.0,0.0,0.0,0.0,2022_11,total-house-fully-damaged
1636,3029379.3,49008496.08,4453468.57,37800091.0,0.0,71640273.65,17999997.0,44999683.0,3861147.0,342540008.0,134973759.26,0.0,0.0,0.0,0.0,0.0,0.0,0.0,34485855.0,0.0,0.0,0.0,0.0,0.0,0.0,0.0,0.0,0.0,0.0,0.0,0.0,0.0,3900000.0,0.0,0.0,2022_11,total-tender-awarded-value
1637,44.82310382182993,6.321206822171817,22.17775765494202,1.73608459730065,7.428591072756205,13.73847771400912,16.926471024044787,11.86243788406468,18.492079646139395,45.3288068036129,26.16921253871126,22.293049479466347,23.1796731943248,20.00995806072238,84.83872280753643,92.05546516762968,60.388095350395474,37.62801177789037,45.0801965914072,14.64656334951663,25.17195701278569,20.99890824542552,35.79076612553773,7.197226245997946,22.97002391129913,5.385593776164412,10.292381021660908,37.6018834218617,14.041094293919931,26.961889746398366,2.1720923479523893,81.043384726924,3.9934399889388095,9.326448302643366,10.394268862702978,2022_11,trees
1638,3,2,3,3,5,3,4,4,3,4,4,3,2,3,1,1,3,1,1,3,3,2,1,1,3,3,4,3,4,5,2,4,1,1,3,2022_11,vulnerability
1639,2.14748433199024,8.926816101581226,5.475954771612946,15.380298537726048,9.265041863767612,6.131505410138075,8.042019821808795,5.657214950125068,3.184357477531447,3.830038914084223,6.570281630742558,2.716662852196684,1.3880577326149368,5.197454496380245,0.2377468964495746,0.5304976144773761,2.688034643276909,2.92526092277451,2.2601753322097475,7.744761919768054,2.245381899476784,3.9538179958602666,5.534381057228192,4.442300732411621,1.15738968639711,6.9103555208594845,1.076089054113655,1.127223868189796,4.555133368386216,1.2832259379546722,18.680681481428,0.648788836399234,13.241007569465063,2.462243864094462,2.4620794291034347,2022_11,water
1640,9.0,7.5,8.9,8.0,7.2,9.8,9.8,8.3,7.0,8.6,10.2,10.4,10.3,8.8,7.2,8.1,9.8,9.8,9.5,9.1,8.2,10.1,12.1,10.5,9.0,9.2,8.3,8.6,8.9,8.0,6.7,5.8,9.4,7.0,11.6,2022_12,avg-electricity
1641,2.2,2.6,2.0,2.0,2.4,2.0,2.2,2.4,2.0,2.0,2.0,2.2,2.2,2.3,2.0,2.5,2.2,2.4,2.0,2.2,2.2,2.4,2.5,2.1,2.3,2.0,2.2,2.0,2.3,2.3,2.0,2.0,2.5,2.3,2.2,2022_12,avg-tele
1642,0.7926530269491988,7.531760711382735,5.9975841882527146,13.399743893694705,9.087423770641626,1.3559646022141194,11.16993018461264,3.321949651206243,5.2991176353693925,5.549417795933058,11.896881144583432,1.1135349370612126,0.4813646419853773,6.200207708738966,0.0032022457056181,0.0112955447522568,0.0442322942026991,0.0005821967384394,0.0007817744432644,5.446282937545654,2.6240657801650604,2.713399795461528,0.6252866012662451,1.5346122135798803,0.7279240894938651,9.113289753821244,0.692098757126833,0.0007835410233665,6.477376686892146,0.1040992334832411,18.30364889362488,0.0291324919691509,24.24725091913665,0.1021579643228508,0.9800489342396108,2022_12,bare-ground
1643,0.0,0.0,0.0,0.0,0.0,0.0,0.0,0.0,0.0,0.0,0.0,0.0,0.0,0.0,0.0,0.0,0.0,0.0,0.0,0.0,0.0,0.0,0.0,0.0,0.0,0.0,0.0,0.0,0.0,0.0,0.0,0.0,0.0,0.0,0.0,2022_12,bridge
1644,11.264850221750155,18.68685688043959,20.07028981164902,23.29889457460743,16.29951533262418,20.48813880453336,15.023216012689074,17.4522747070768,14.71861886001929,12.154705287272218,13.61867532627536,17.5099405252546,20.4814066773714,19.487721132368616,4.44886025271191,1.5368532584904049,9.10146485261492,18.16413114488408,11.692113258103412,29.03448414003954,25.20730433303082,19.642315297342577,41.77419085025272,22.52836057941624,17.184724781574545,20.83163737213544,19.833272477709933,15.361738693511066,16.307754508621432,18.67734995944407,13.584563748839374,3.06652116810747,7.895660111838286,23.186526086855533,20.951904792722186,2022_12,built-area
1645,,,,,,,,,,,,,,,,,,,,,,,,,,,,,,,,,,,,2022_12,children-camp
1646,0.0,0.0,0.0,0.0,0.0,0.0,0.0,0.0,0.0,0.0,0.0,0.0,0.0,0.0,0.0,0.0,0.0,0.0,0.0,0.0,0.0,0.0,0.0,0.0,0.0,0.0,0.0,0.0,0.0,0.0,0.0,0.0,0.0,0.0,0.0,2022_12,cidf-tenders-awarded-value
1647,0.0,0.0,0.0,0.0,0.0,0.0,0.0,0.0,0.0,0.0,0.0,0.0,0.0,0.0,0.0,0.0,0.0,0.0,0.0,0.0,0.0,0.0,0.0,0.0,0.0,0.0,0.0,0.0,0.0,0.0,0.0,0.0,0.0,0.0,0.0,2022_12,clouds
1648,,,,,,,,,,,,,,,,,,,,,,,,,,,,,,,,,,,,2022_12,count
1649,0.0,0.0,0.0,0.0,0.0,0.0,0.0,0.0,0.0,0.0,0.0,0.0,0.0,0.0,0.0,0.0,0.0,0.0,0.0,0.0,0.0,0.0,0.0,0.0,0.0,0.0,0.0,0.0,0.0,0.0,0.0,0.0,0.0,0.0,0.0,2022_12,crop-area
1650,34.9317704888082,52.40605978487702,41.90048690372884,39.78883882637817,54.938104096082654,52.84995016494956,42.430108230565374,59.220248011676354,53.84524370376692,23.916453965964777,37.007801509232486,51.49506236580305,51.5431523154699,40.48003041827815,7.3319902914434465,1.1705332822997936,25.11128351276798,39.4415642847609,38.76788596538208,38.85547024163674,40.535326387412894,49.82767215203262,14.305666246257186,63.02893160899544,54.33608252147262,54.67737476207797,66.94304859635157,44.30796823377707,53.5223113648856,51.12834615515126,36.66279815234376,8.66392715215393,38.3720622201222,64.73913688080394,63.92200816180048,2022_12,crops
1651,4296.624151156235,2231.5993331549903,3585.3069321814023,1247.6117514050093,2700.336576957554,3477.530108369159,1557.3606551140049,2711.0464141089856,2238.6415334905228,4159.102888381454,9491.630139883577,3889.6067327857527,7133.757644739055,3445.5268629610114,8511.666927309076,4923.29748622475,3222.517655928944,4060.318063254274,4335.474967336042,1883.330083753236,975.2407923854796,4254.719948057848,3333.953706616405,1829.807307358248,1576.5499878215094,1098.83444541599,1489.926404330648,4700.953196095703,4363.59388114963,5163.44360094801,880.805632910103,4989.53282327419,1292.455559234692,1123.7037030160088,1578.254039674223,2022_12,distance-from-river
1652,KOKRAJHAR,DHUBRI,GOALPARA,BARPETA,MORIGAON,NAGAON,SONITPUR,LAKHIMPUR,DHEMAJI,TINSUKIA,DIBRUGARH,SIVASAGAR,JORHAT,GOLAGHAT,KARBI ANGLONG,DIMA HASAO,CACHAR,KARIMGANJ,HAILAKANDI,BONGAIGAON,CHIRANG,KAMRUP,KAMRUP METRO,NALBARI,BAKSA,DARRANG,UDALGURI,CHARAIDEO,BISWANATH,HOJAI,SOUTH SALMARA MANCACHAR,WEST KARBI ANGLONG,MAJULI,BAJALI,TAMULPUR,2022_12,district
1653,0.0005623749999999,0.0006515714285714,0.0005706,0.0006465,0.0005976,0.0005747142857142,0.000571,0.0006111428571428,0.0005535,0.00057375,0.0006251428571428,0.0006055,0.0006035999999999,0.0005855,0.00041,0.00031275,0.0004408,0.0005329999999999,0.0005025,0.0005798,0.000528,0.0005858461538461,0.00044875,0.000670625,0.0005907142857142,0.0006724,0.0006286666666666,0.000603,0.0006126666666666,0.00058,0.000585,0.000439,0.0006255,0.0006813333333333,0.0006636,2022_12,drainage-density
1654,,,,,,,,,,,,,,,,,,,,,,,,,,,,,,,,,,,,2022_12,dtcode11
1655,,,,,,,,,,,,,,,,,,,,,,,,,,,,,,,,,,,,2022_12,dtname
1656,0.892336125,0.9275952857142856,0.8636792,0.8737891666666666,0.8007104,0.8779455714285714,0.832699,0.8284125714285714,0.8657298333333333,0.8166225,0.8363555714285714,0.88131625,0.9324282,0.8768676666666666,0.9583996666666668,1.0,0.8670698,0.9622118,0.94859225,0.8860098000000001,0.8912074000000001,0.9525425384615384,1.0,0.962015,0.8542915714285714,0.862842,0.8246266666666666,0.8798163333333333,0.8216853333333334,0.7807976666666666,0.914745,0.804262,0.952643,0.9769423333333332,0.8795656,2022_12,efficiency
1657,63.0,33.0,49.0,40.0,63.0,72.0,86.0,96.0,141.0,142.0,113.0,99.0,105.0,97.0,347.0,607.0,155.0,36.0,47.0,54.0,84.0,82.0,114.0,49.0,70.0,59.0,91.0,112.0,86.0,125.0,26.0,483.0,85.0,47.0,71.0,2022_12,elevation-mean
1658,0.0,0.0,0.0,0.0,0.0,0.0,0.0,0.0,0.0,0.0,0.0,0.0,0.0,0.0,0.0,0.0,0.0,0.0,0.0,0.0,0.0,0.0,0.0,0.0,0.0,0.0,0.0,0.0,0.0,0.0,0.0,0.0,0.0,0.0,0.0,2022_12,embankment-breached
1659,0.0,0.0,0.0,0.0,0.0,0.0,0.0,0.0,0.0,0.0,0.0,0.0,0.0,0.0,0.0,0.0,0.0,0.0,0.0,0.0,0.0,0.0,0.0,0.0,0.0,0.0,0.0,0.0,0.0,0.0,0.0,0.0,0.0,0.0,0.0,2022_12,embankments-affected
1660,1,2,2,3,2,4,5,1,1,5,2,2,2,2,2,1,5,3,2,1,1,1,4,1,1,3,1,1,2,5,4,3,1,1,1,2022_12,exposure
1661,,,,,,,,,,,,,,,,,,,,,,,,,,,,,,,,,,,,2022_12,female-camp
1662,2022-2023,2022-2023,2022-2023,2022-2023,2022-2023,2022-2023,2022-2023,2022-2023,2022-2023,2022-2023,2022-2023,2022-2023,2022-2023,2022-2023,2022-2023,2022-2023,2022-2023,2022-2023,2022-2023,2022-2023,2022-2023,2022-2023,2022-2023,2022-2023,2022-2023,2022-2023,2022-2023,2022-2023,2022-2023,2022-2023,2022-2023,2022-2023,2022-2023,2022-2023,2022-2023,2022_12,financial-year
1663,1,1,1,1,1,1,2,4,5,5,5,5,3,2,1,1,3,3,3,1,2,1,1,2,1,2,2,4,3,2,1,1,4,2,2,2022_12,flood-hazard
1664,,,,,,,,,,,,,,,,,,,,,,,,,,,,,,,,,,,,2022_12,flood-hazard-float
1665,0.6919566134631445,0.0130738712947678,0.1555253828857338,0.070670317524941,0.3009575537051402,1.297652198820306,0.0403752298285348,0.0575528552506696,0.0418665903116203,0.4476628781144293,0.205718549547722,0.6821346650851449,0.71555397083185,0.3522390394504635,0.0001308687455715,0.0029179614859214,0.1999473249919585,0.354315401887915,0.3265545862272735,0.1142242087136369,0.0120753346183426,0.0388034671918635,0.1514026544257694,0.0733545189974068,0.000497097682435,0.0106451229965376,0.0,0.0309594757269307,0.1413892783954933,0.0211213460285527,0.0867816769319334,0.0076061202987784,0.0528964925144814,0.0002983981827297,0.0,2022_12,flooded-vegetation
1666,5,5,5,4,5,4,4,5,4,4,4,5,5,5,5,5,5,4,5,5,5,5,4,5,5,5,5,5,4,5,5,5,4,5,5,2022_12,government-response
1667,163,151,154,205,116,277,158,124,73,119,169,143,106,153,30,4,176,96,87,88,68,282,52,142,109,129,15,82,100,91,69,25,32,70,67,2022_12,health-centres-count
1668,0,0,0,0,0,0,0,0,0,0,0,0,0,0,0,0,2,0,0,0,0,0,0,0,0,0,0,0,0,0,0,0,0,0,0,2022_12,human-live-lost
1669,,,,,,,,,,,,,,,,,,,,,,,,,,,,,,,,,,,,2022_12,human-live-lost-children
1670,,,,,,,,,,,,,,,,,,,,,,,,,,,,,,,,,,,,2022_12,human-live-lost-female
1671,,,,,,,,,,,,,,,,,,,,,,,,,,,,,,,,,,,,2022_12,human-live-lost-male
1672,0.0,0.0,0.0,11250000.0,0.0,0.0,0.0,0.0,0.0,0.0,0.0,0.0,12143000.0,0.0,0.0,0.0,0.0,0.0,0.0,0.0,0.0,0.0,2834544.0,0.0,0.0,0.0,0.0,0.0,0.0,0.0,0.0,0.0,0.0,0.0,0.0,2022_12,immediate-measures-tenders-awarded-value
1673,0.0,0.0,0.0,0.0,0.0,0.0,0.0,0.0,0.0,0.0,0.0,0.0,0.0,0.0,0.0,0.0,0.0,0.0,0.0,0.0,0.0,0.0,0.0,0.0,0.0,0.0,0.0,0.0,0.0,0.0,0.0,0.0,0.0,0.0,0.0,2022_12,inundation-intensity-mean
1674,0.0,0.0,0.0,0.0,0.0,0.0,0.0,0.0,0.0,0.0,0.0,0.0,0.0,0.0,0.0,0.0,0.0,0.0,0.0,0.0,0.0,0.0,0.0,0.0,0.0,0.0,0.0,0.0,0.0,0.0,0.0,0.0,0.0,0.0,0.0,2022_12,inundation-intensity-mean-nonzero
1675,0.0,0.0,0.0,0.0,0.0,0.0,0.0,0.0,0.0,0.0,0.0,0.0,0.0,0.0,0.0,0.0,0.0,0.0,0.0,0.0,0.0,0.0,0.0,0.0,0.0,0.0,0.0,0.0,0.0,0.0,0.0,0.0,0.0,0.0,0.0,2022_12,inundation-intensity-sum
1676,0.0,0.0,0.0,0.0,0.0,0.0,0.0,0.0,0.0,0.0,0.0,0.0,0.0,0.0,0.0,0.0,0.0,0.0,0.0,0.0,0.0,0.0,0.0,0.0,0.0,0.0,0.0,0.0,0.0,0.0,0.0,0.0,0.0,0.0,0.0,2022_12,inundation-pct
1677,0.0,0.0,0.0,0.0,0.0,0.0,0.0,0.0,0.0,0.0,0.0,0.0,0.0,0.0,0.0,0.0,0.0,0.0,0.0,0.0,0.0,0.0,0.0,0.0,0.0,0.0,0.0,0.0,0.0,0.0,0.0,0.0,0.0,0.0,0.0,2022_12,ltif-tenders-awarded-value
1678,,,,,,,,,,,,,,,,,,,,,,,,,,,,,,,,,,,,2022_12,male-camp
1679,0.0,0.0,0.0,0.0,0.01,0.01,0.02,0.06,0.06,0.05,0.06,0.06,0.04,0.03,0.03,0.03,0.03,0.02,0.02,0.0,0.03,0.01,0.01,0.01,0.01,0.01,0.01,0.02,0.02,0.01,0.01,0.01,0.06,0.01,0.0,2022_12,max-rain
1680,79.02868494142712,101.80280753365652,92.94383900653578,105.59323892727154,101.52151689605476,82.80184981421402,96.12358569934148,83.9078683433952,82.58482453454118,85.28440626816572,92.33941954273553,80.5484411209615,79.26767921681454,87.0143854317649,73.9235270160713,74.45407242468538,76.22171823123378,78.77654329987095,76.5297175055914,92.84413483394596,78.73454361714819,88.47737641290556,90.33791694141864,81.3350244170581,77.2968865972734,93.73693822422564,78.06937273928872,76.99096084367254,87.73877652848734,76.69919006241047,135.19869279538494,74.5890767941101,111.4923918776678,77.2774448783579,78.49346327750206,2022_12,mean-cn
1681,-0.246543194217538,-0.2193937686972117,-0.2757676204716869,-0.2731498656448788,-0.268769443037999,-0.2514681867854417,-0.2641984968071796,-0.2040640432895408,-0.1925498099390623,-0.2469072502527158,-0.2451436291846363,-0.271050246288315,-0.239901933674322,-0.2415596516321325,-0.2632585989143147,-0.2596938002345038,-0.2638037569857483,-0.2556190921036168,-0.2729971337675212,-0.2317626000377219,-0.2117302945191534,-0.2471537934328747,-0.2260639086747895,-0.2515963064390284,-0.2484633016017257,-0.2356895868756223,-0.2205185983082233,-0.2777881460600859,-0.2262428958408473,-0.2463764903935824,-0.3261220691702047,-0.2882341291769971,-0.2454555384252972,-0.2548120266288253,-0.2223315619024866,2022_12,mean-ndbi
1682,0.6673734377587185,0.4424416553931466,0.5509243889246918,0.3650808227662024,0.4375122131557356,0.555405898014808,0.4934335893393384,0.5266484880173535,0.5490383427760387,0.6623495002440094,0.5311766924664865,0.6359181840541193,0.64372705141186,0.5712131640564019,0.8073664432651132,0.7781664305699165,0.749952722984078,0.6687597880337408,0.7065398407739073,0.5142124439299802,0.6266094503757869,0.542595601360523,0.5390813366002213,0.5290198503861108,0.5899380555791646,0.4275033899899222,0.5339921209107349,0.6955465716014354,0.5205937732838731,0.581083885601302,0.2954340259040749,0.7881667984559011,0.3370089335629073,0.559645659580722,0.5210954607250169,2022_12,mean-ndvi
1683,0.0,0.0,0.0,0.0,0.0,0.0,0.01,0.02,0.04,0.03,0.02,0.03,0.01,0.01,0.01,0.02,0.02,0.02,0.02,0.0,0.01,0.0,0.0,0.0,0.0,0.0,0.0,0.02,0.01,0.01,0.0,0.01,0.02,0.0,0.0,2022_12,mean-rain
1684,0.94,0.94,0.94,0.94,0.95,0.94,0.93,0.94,0.93,0.93,0.94,0.93,0.94,0.94,0.92,0.91,0.94,0.94,0.93,0.95,0.94,0.93,0.91,0.93,0.95,0.93,0.94,0.93,0.93,0.94,0.94,0.93,0.94,0.94,0.95,2022_12,mean-sex-ratio
1685,78683.46309,83470.903,78088.12,79714.84605,75490.3523,87424.202,71470.137,90513.46103,104651.240916,68512.0013,81437.447,43095.76595,54183.314,128914.321604,35388.58,27888.17,66721.37,42827.17595,35287.21,42395.395,27850.66,74001.84561,6039.38,44021.984,58167.37587,76196.45569999999,93034.31635285716,23849.9,71288.401,78621.26999999999,17419.61,48488.349,16642.66,23559.76,71015.57777333334,2022_12,net-sown-area-in-hac
1686,18678178.56,0.0,0.0,0.0,0.0,2216601.0,0.0,0.0,0.0,0.0,0.0,0.0,0.0,0.0,0.0,0.0,0.0,0.0,0.0,0.0,14507098.45,0.0,25141467.0,0.0,12297934.92,0.0,3899900.0,0.0,0.0,0.0,0.0,0.0,0.0,0.0,0.0,2022_12,others-tenders-awarded-value
1687,0.0,0.0,0.0,0.0,0.0,0.0,0.0,0.0,0.0,0.0,0.0,0.0,0.0,0.0,0.0,0.0,0.0,0.0,0.0,0.0,0.0,0.0,0.0,0.0,0.0,0.0,0.0,0.0,0.0,0.0,0.0,0.0,0.0,0.0,0.0,2022_12,population-affected-total
1688,62.0,342.0,34.0,5.0,10.0,45.0,35.0,38.0,77.0,43.0,49.0,27.0,41.0,43.0,32.0,146.0,46.0,45.0,28.0,81.0,8.0,45.0,80.0,11.0,0.0,0.0,24.0,24.0,19.0,30.0,0.0,0.0,0.0,9.0,6.0,2022_12,rail-count
1689,145613.0,139561.0,78425.0,17621.0,30884.0,174517.0,138494.0,108334.0,121454.0,119685.0,123774.0,73292.0,86126.0,117155.0,73424.0,172636.0,103488.0,117739.0,90281.0,82273.0,24548.0,109026.0,89510.0,30164.0,0.0,0.0,66114.0,80492.0,74271.0,75327.0,0.0,0.0,0.0,28139.0,18201.0,2022_12,rail-length
1690,5.348181495209121,6.11422582825285,4.222401286928735,6.325469252768145,2.68036631042268,4.138311105335524,6.36787949645059,2.428321940600219,4.418716086861928,8.77291435501842,4.531429300907208,4.18961517513282,2.210791467401826,8.27238914406129,3.13934663740754,4.6924371708647925,2.466942021750114,1.4861342710638126,1.8722924922271555,4.158213202779798,4.20388925251038,2.8250830466856347,1.818306465032017,1.195214100601416,3.623357912080288,3.0711036919448205,1.1631100930371554,1.5694427659100232,4.954940498899165,1.8239676215399023,10.509433698879796,6.54063950414741,12.1976826979844,0.1831885030970285,1.2896898194313615,2022_12,rangeland
1691,3131,1557,1979,1848,1512,2564,3445,2998,2483,3810,3379,1567,1865,3523,7337,4884,3783,1839,1329,1088,1926,3283,834,1036,1526,1611,1987,1073,1783,1456,684,3073,970,470,877,2022_12,rc-area
1692,22.9,25.01,25.42,15.04,15.81,23.51,13.19,16.32,20.87,24.89,12.8,8.96,12.07,15.06,23.47,23.25,15.87,14.25,19.26,12.86,25.35,9.48,11.61,21.25,15.46,13.0,15.96,19.71,28.46,27.66,28.09,28.84,17.28,9.75,12.15,2022_12,rc-nosanitation-hhds-pct
1693,2.85,1.19,3.55,2.25,3.35,4.98,6.04,2.83,2.26,3.42,4.19,6.81,14.25,7.18,1.95,6.36,8.53,5.57,4.01,2.04,1.03,3.32,11.46,9.66,2.8,5.1,3.07,3.8,4.2,5.27,3.57,0.24,4.95,6.03,5.78,2022_12,rc-piped-hhds-pct
1694,,,,,,,,,,,,,,,,,,,,,,,,,,,,,,,,,,,,2022_12,relief-camp-inmates
1695,30975199.700000003,0.0,0.0,0.0,0.0,2216601.0,0.0,0.0,0.0,0.0,0.0,0.0,482450.37,0.0,0.0,0.0,1499396.0,0.0,0.0,0.0,14507098.45,0.0,25141467.0,0.0,12297934.92,0.0,3899900.0,0.0,0.0,0.0,0.0,0.0,0.0,0.0,0.0,2022_12,restoration-measures-tenders-awarded-value
1696,,,,,,,,,,,,,,,,,,,,,,,,,,,,,,,,,,,,2022_12,revenue-ci
1697,0.0,0.0,0.0,0.0,0.0,0.0,0.0,0.0,0.0,0.0,0.0,0.0,0.0,0.0,0.0,0.0,0.0,0.0,0.0,0.0,0.0,0.0,0.0,0.0,0.0,0.0,0.0,0.0,0.0,0.0,0.0,0.0,0.0,0.0,0.0,2022_12,ridf-tenders-awarded-value
1698,1,1,1,1,1,1,3,5,5,5,5,5,3,2,1,1,4,3,3,1,2,1,1,2,2,2,3,4,3,3,1,2,4,2,2,2022_12,risk-score
1699,40.54,32.09,44.66,42.97,49.87,54.5,75.72,92.7,0.0,131.9,117.68,94.24,81.85,128.53,0.0,0.0,21.66,17.83,21.37,51.0,52.97,49.96,50.39,50.42,0.0,0.0,0.0,98.06,0.0,0.0,0.0,752.3,0.0,0.0,163.19,2022_12,riverlevel-max
1700,5.063024193548387,11.917924131529444,14.905585042680595,7.136989247311828,19.25995744680851,7.771322188449848,33.820744680851064,37.49834346504559,0.0,63.971356382978726,30.633870314083083,68.4945744680851,16.305063829787237,45.057163120567374,0.0,0.0,14.117100367384497,10.17178494623656,11.122849462365592,9.6524623655914,10.58748387096774,7.523333333333334,22.978561827956987,6.299341397849463,0.0,0.0,0.0,32.64851063829787,0.0,0.0,0.0,407.4728877005347,0.0,0.0,45.53978299120234,2022_12,riverlevel-mean
1701,0.0,0.0,0.0,0.0,0.0,0.0,0.0,0.0,0.0,0.0,0.0,0.0,0.0,0.0,0.0,0.0,7.48,0.0,0.0,0.0,0.0,0.0,0.0,0.0,0.0,0.0,0.0,0.0,0.0,0.0,0.0,66.26,0.0,0.0,0.0,2022_12,riverlevel-min
1702,858892.0,705770.0,1011509.0,725891.0,634621.0,1331470.0,745620.0,804067.0,578686.0,1211943.0,1453600.0,700651.0,736030.0,1389863.0,752361.0,843185.0,988230.0,615579.0,483931.0,654117.0,547046.0,1589070.0,746938.0,450865.0,429399.0,767150.0,650574.0,485197.0,574075.0,560100.0,78936.0,457481.0,54196.0,461489.0,294016.0,2022_12,road-length
1703,0.0,0.0,0.0,0.0,0.0,0.0,0.0,0.0,0.0,0.0,0.0,0.0,0.0,0.0,0.0,0.0,0.0,0.0,0.0,0.0,0.0,0.0,0.0,0.0,0.0,0.0,0.0,0.0,0.0,0.0,0.0,0.0,0.0,0.0,0.0,2022_12,roads
1704,2788,3147,2578,2904,1994,3284,2025,3519,2301,1950,2431,1838,2072,2507,1757,1063,3322,3188,3016,1463,1336,3463,1151,1817,1497,1858,1795,1007,1291,1320,1381,925,805,813,995,2022_12,schools-count
1705,0.0,0.0,0.0,0.0,0.0,0.0,0.0,0.0,0.0,0.0,0.0,0.0,0.0,0.0,0.0,0.0,0.0,0.0,0.0,0.0,0.0,0.0,0.0,0.0,0.0,0.0,0.0,0.0,0.0,0.0,0.0,0.0,0.0,0.0,0.0,2022_12,sdrf-sanctions-awarded-value
1706,0.0,0.0,0.0,31404153.1,0.0,17999869.0,13499869.0,0.0,0.0,0.0,0.0,0.0,0.0,0.0,0.0,0.0,0.0,0.0,0.0,0.0,0.0,0.0,2834544.0,0.0,0.0,0.0,0.0,0.0,0.0,0.0,0.0,0.0,0.0,0.0,0.0,2022_12,sdrf-tenders-awarded-value
1707,84.0,81.0,84.0,78.0,81.0,86.0,82.0,84.0,84.0,83.0,79.0,85.0,85.0,84.0,89.0,90.0,88.0,86.0,87.0,84.0,85.0,83.0,85.0,83.0,85.0,82.0,85.0,84.0,83.0,88.0,75.0,89.0,78.0,85.0,85.0,2022_12,slope-mean
1708,0.0,0.0,0.0,0.0,0.0,413324.0,0.0,0.0,0.0,0.0,0.0,0.0,0.0,33751069.0,0.0,0.0,0.0,0.0,0.0,0.0,14507098.45,0.0,25141467.0,0.0,0.0,0.0,0.0,0.0,0.0,0.0,0.0,0.0,0.0,0.0,0.0,2022_12,sopd-tenders-awarded-value
1709,57857.0,42575.0,46470.0,67953.0,42280.0,97610.0,68323.0,58342.0,32533.0,78299.0,65397.0,43660.0,50348.0,70723.0,35381.0,10818.0,107625.0,84067.0,28439.0,34649.0,31827.0,73518.0,52534.0,42123.0,26244.0,54588.0,39025.0,16626.0,31591.0,46543.0,24163.0,23910.0,7312.0,12224.0,21238.0,2022_12,sum-aged-population
1710,1285566.0,1380036.0,1071403.0,1592951.0,1134860.0,2349536.0,1457402.0,1159587.0,701395.0,1403053.0,1493591.0,780035.0,999320.0,1300195.0,701883.0,287573.0,2109650.0,1392873.0,767428.0,805117.0,610607.0,1631483.0,1355213.0,964758.0,719391.0,1155605.0,871748.0,496730.0,661663.0,1116144.0,539004.0,364058.0,166527.0,320250.0,501941.0,2022_12,sum-population
1711,0.6,0.14,2.13,1.29,3.04,10.72,25.79,59.91,79.3,88.38,77.63,39.06,19.24,26.12,51.62,79.1,72.06,28.22,23.54,0.85,23.21,11.88,1.13,2.19,7.01,3.3,7.49,15.57,10.69,11.81,1.96,15.73,15.22,0.63,1.17,2022_12,sum-rain
1712,121755.0,108187.0,110299.0,138171.0,89493.0,189578.0,119771.0,107159.0,63722.0,140321.0,98977.0,58320.0,58038.0,107008.0,83796.0,25721.0,186200.0,165255.0,61334.0,68671.0,62729.0,108185.0,64585.0,49770.0,38011.0,111967.0,68474.0,22454.0,55099.0,90898.0,58752.0,54830.0,8806.0,24043.0,31327.0,2022_12,sum-young-population
1713,,,,,,,,,,,,,,,,,,,,,,,,,,,,,,,,,,,,2022_12,topsis-score
1714,0.0,0.0,0.0,0.0,0.0,0.0,0.0,0.0,0.0,0.0,0.0,0.0,0.0,0.0,0.0,0.0,0.0,0.0,0.0,0.0,0.0,0.0,0.0,0.0,0.0,0.0,0.0,0.0,0.0,0.0,0.0,0.0,0.0,0.0,0.0,2022_12,total-animal-affected
1715,0.0,0.0,0.0,0.0,0.0,0.0,0.0,0.0,0.0,0.0,0.0,0.0,0.0,0.0,0.0,0.0,0.0,0.0,0.0,0.0,0.0,0.0,0.0,0.0,0.0,0.0,0.0,0.0,0.0,0.0,0.0,0.0,0.0,0.0,0.0,2022_12,total-animal-washed-away
1716,214904.0,377710.0,240459.0,393378.0,267778.0,527427.0,318730.0,266928.0,195025.0,318555.0,311523.0,172096.0,272707.0,275841.0,103131.0,30119.0,416101.0,256161.0,165784.0,185414.0,105445.0,408132.0,327221.0,233278.0,132203.0,231859.0,185739.0,108235.0,150938.0,214866.0,202538.0,52339.0,39239.0,77895.0,112690.0,2022_12,total-hhd
1717,0.0,0.0,0.0,0.0,0.0,0.0,0.0,0.0,0.0,0.0,0.0,0.0,0.0,0.0,0.0,0.0,0.0,0.0,0.0,0.0,0.0,0.0,0.0,0.0,0.0,0.0,0.0,0.0,0.0,0.0,0.0,0.0,0.0,0.0,0.0,2022_12,total-house-fully-damaged
1718,30975199.700000003,0.0,0.0,31404153.1,0.0,20629794.0,13499869.0,0.0,0.0,0.0,0.0,0.0,12625450.37,33751069.0,0.0,0.0,0.0,0.0,0.0,0.0,14507098.45,0.0,27976011.0,0.0,12297934.92,0.0,3899900.0,0.0,0.0,0.0,0.0,0.0,0.0,0.0,0.0,2022_12,total-tender-awarded-value
1719,44.82310382182993,6.321206822171816,22.17775765494202,1.7360845973006505,7.428591072756205,13.73847771400912,16.926471024044787,11.86243788406468,18.492079646139395,45.3288068036129,26.16921253871126,22.293049479466347,23.1796731943248,20.00995806072238,84.83872280753643,92.05546516762968,60.388095350395474,37.62801177789037,45.0801965914072,14.646563349516626,25.17195701278569,20.99890824542552,35.79076612553773,7.197226245997946,22.97002391129913,5.385593776164412,10.29238102166091,37.6018834218617,14.041094293919931,26.961889746398366,2.1720923479523893,81.043384726924,3.9934399889388095,9.326448302643366,10.394268862702978,2022_12,trees
1720,3,2,3,3,5,3,4,4,3,4,4,3,2,3,1,1,3,1,1,3,3,2,1,1,3,3,4,3,4,5,2,4,1,1,3,2022_12,vulnerability
1721,2.14748433199024,8.926816101581226,5.475954771612946,15.380298537726048,9.265041863767612,6.131505410138075,8.042019821808795,5.657214950125068,3.184357477531447,3.830038914084223,6.570281630742558,2.716662852196684,1.3880577326149368,5.197454496380245,0.2377468964495746,0.5304976144773761,2.688034643276909,2.92526092277451,2.2601753322097475,7.744761919768054,2.245381899476784,3.9538179958602666,5.534381057228192,4.442300732411621,1.15738968639711,6.9103555208594845,1.076089054113655,1.127223868189796,4.555133368386216,1.2832259379546722,18.680681481428,0.648788836399234,13.241007569465063,2.462243864094462,2.4620794291034347,2022_12,water
1722,9.0,7.5,8.9,8.0,7.2,9.8,9.8,8.3,7.0,8.6,10.2,10.4,10.3,8.8,7.2,8.1,9.8,9.8,9.5,9.1,8.2,10.1,12.1,10.5,9.0,9.2,8.3,8.6,8.9,8.0,6.7,5.8,9.4,7.0,11.6,2023_01,avg-electricity
1723,2.2,2.6,2.0,2.0,2.4,2.0,2.2,2.4,2.0,2.0,2.0,2.2,2.2,2.3,2.0,2.5,2.2,2.4,2.0,2.2,2.2,2.4,2.5,2.1,2.3,2.0,2.2,2.0,2.3,2.3,2.0,2.0,2.5,2.3,2.2,2023_01,avg-tele
1724,0.7291309832244668,6.282752457308544,4.999391518830241,10.444177178408005,8.175019472251908,1.2235212390545087,10.52618531586649,3.2325924577600795,4.742513716993724,5.312196685500217,11.662489485489248,1.0101712469281114,0.5156360065359646,5.505277315803769,0.0058624454729746,0.0622146613901976,0.083037601117575,0.0071894581167785,0.0098294580600155,4.710942945529917,2.3036081993801845,2.318835888359872,0.3503958936808835,1.3536474650209338,0.7391123039039552,7.460556744979987,1.0683508705361642,0.0002064591751955,5.342328361705498,0.1324172855045991,13.813883850363,0.0460991244995262,22.8588192180144,0.0578268931460054,1.441767189681854,2023_01,bare-ground
1725,0.0,0.0,0.0,0.0,0.0,0.0,0.0,0.0,0.0,0.0,0.0,0.0,0.0,0.0,0.0,0.0,0.0,0.0,0.0,0.0,0.0,0.0,0.0,0.0,0.0,0.0,0.0,0.0,0.0,0.0,0.0,0.0,0.0,0.0,0.0,2023_01,bridge
1726,12.813002279760273,19.532673095299,21.7278935367819,23.22428039314995,16.40366742520424,21.521102451629076,16.13009496182345,19.12773530099464,15.515829181438098,13.5380629538649,14.759587412202354,19.086871949976327,21.9959009966027,21.986894352236536,4.95661790333012,1.753435870164205,10.199739088758738,21.39170055907628,15.507520568519816,30.68667020128292,27.17428197975876,20.9913903969805,42.34549788090294,25.232936526655187,21.912543882589222,22.29582757731616,21.989800182739955,17.539405921056268,17.597931303237132,21.919616710066062,14.28818141391939,3.85584375244879,8.66307250908374,26.54786157172083,24.67738978643938,2023_01,built-area
1727,,,,,,,,,,,,,,,,,,,,,,,,,,,,,,,,,,,,2023_01,children-camp
1728,0.0,0.0,0.0,0.0,0.0,0.0,0.0,0.0,0.0,0.0,0.0,0.0,0.0,0.0,0.0,0.0,0.0,0.0,0.0,0.0,0.0,0.0,0.0,0.0,0.0,0.0,0.0,0.0,0.0,0.0,0.0,0.0,0.0,0.0,0.0,2023_01,cidf-tenders-awarded-value
1729,0.0,0.0,0.0,0.0,0.0,0.0,0.0,0.0,0.0,0.0,0.0,0.0,0.0,0.0,0.0,3.58464258819225e-06,0.0,0.0,0.0,0.0,0.0,0.0,0.0,0.0,0.0,0.0,0.0,0.0,0.0,0.0,0.0,0.0,0.0,0.0,0.0,2023_01,clouds
1730,,,,,,,,,,,,,,,,,,,,,,,,,,,,,,,,,,,,2023_01,count
1731,0.0,0.0,0.0,0.0,0.0,0.0,0.0,0.0,0.0,0.0,0.0,0.0,0.0,0.0,0.0,0.0,0.0,0.0,0.0,0.0,0.0,0.0,0.0,0.0,0.0,0.0,0.0,0.0,0.0,0.0,0.0,0.0,0.0,0.0,0.0,2023_01,crop-area
1732,34.77527152998702,53.115174092308514,43.081676878517285,39.87347334063675,56.12263874661642,53.9577972353235,41.80341038314397,57.6139478308087,54.41830836224068,24.58412332813268,36.01737012803437,50.6661323741195,51.67930031884608,39.59934936480119,7.411819754383287,1.2420343135366083,23.52796139910944,36.26379760547847,35.95412517709405,38.46939367950876,41.60286149446442,49.12874115534136,14.133211183628369,59.13318531920358,52.62028872633751,53.61755361358087,65.17174349430036,42.21612032772426,52.41287206896256,49.23144002421417,38.8693357103284,8.8456687960696,37.523128650518046,62.02119192738156,61.68116906697584,2023_01,crops
1733,4296.624151156235,2231.5993331549903,3585.3069321814023,1247.6117514050093,2700.336576957554,3477.530108369159,1557.3606551140049,2711.0464141089856,2238.6415334905228,4159.102888381455,9491.630139883577,3889.6067327857527,7133.757644739055,3445.5268629610114,8511.666927309077,4923.29748622475,3222.517655928944,4060.318063254274,4335.474967336042,1883.330083753236,975.2407923854796,4254.719948057848,3333.953706616405,1829.807307358248,1576.5499878215094,1098.83444541599,1489.926404330648,4700.953196095703,4363.59388114963,5163.44360094801,880.805632910103,4989.53282327419,1292.455559234692,1123.7037030160088,1578.254039674223,2023_01,distance-from-river
1734,KOKRAJHAR,DHUBRI,GOALPARA,BARPETA,MORIGAON,NAGAON,SONITPUR,LAKHIMPUR,DHEMAJI,TINSUKIA,DIBRUGARH,SIVASAGAR,JORHAT,GOLAGHAT,KARBI ANGLONG,DIMA HASAO,CACHAR,KARIMGANJ,HAILAKANDI,BONGAIGAON,CHIRANG,KAMRUP,KAMRUP METRO,NALBARI,BAKSA,DARRANG,UDALGURI,CHARAIDEO,BISWANATH,HOJAI,SOUTH SALMARA MANCACHAR,WEST KARBI ANGLONG,MAJULI,BAJALI,TAMULPUR,2023_01,district
1735,0.0005623749999999,0.0006515714285714,0.0005706,0.0006465,0.0005976,0.0005747142857142,0.000571,0.0006111428571428,0.0005535,0.00057375,0.0006251428571428,0.0006055,0.0006035999999999,0.0005855,0.00041,0.00031275,0.0004408,0.0005329999999999,0.0005025,0.0005798,0.000528,0.0005858461538461,0.00044875,0.000670625,0.0005907142857142,0.0006724,0.0006286666666666,0.000603,0.0006126666666666,0.00058,0.000585,0.000439,0.0006255,0.0006813333333333,0.0006636,2023_01,drainage-density
1736,,,,,,,,,,,,,,,,,,,,,,,,,,,,,,,,,,,,2023_01,dtcode11
1737,,,,,,,,,,,,,,,,,,,,,,,,,,,,,,,,,,,,2023_01,dtname
1738,0.89223725,0.9274135714285714,0.8636692,0.873894,0.8006142,0.8778561428571428,0.832555,0.8287354285714285,0.8662709999999999,0.8173367500000001,0.8366504285714286,0.8818345,0.9324576,0.8766566666666668,0.9565656666666666,1.0,0.8667832000000001,0.962109,0.9487,0.8860340000000001,0.8911484,0.9526882307692308,1.0,0.961905625,0.8549077142857142,0.8635468,0.8250333333333333,0.8807079999999999,0.8230616666666667,0.7797956666666667,0.9147565,0.80514,0.953603,0.977035,0.8797736,2023_01,efficiency
1739,63.0,33.0,49.0,40.0,63.0,72.0,86.0,96.0,141.0,142.0,113.0,99.0,105.0,97.0,347.0,607.0,155.0,36.0,47.0,54.0,84.0,82.0,114.0,49.0,70.0,59.0,91.0,112.0,86.0,125.0,26.0,483.0,85.0,47.0,71.0,2023_01,elevation-mean
1740,0.0,0.0,0.0,0.0,0.0,0.0,0.0,0.0,0.0,0.0,0.0,0.0,0.0,0.0,0.0,0.0,0.0,0.0,0.0,0.0,0.0,0.0,0.0,0.0,0.0,0.0,0.0,0.0,0.0,0.0,0.0,0.0,0.0,0.0,0.0,2023_01,embankment-breached
1741,0.0,0.0,0.0,0.0,0.0,0.0,0.0,0.0,0.0,0.0,0.0,0.0,0.0,0.0,0.0,0.0,0.0,0.0,0.0,0.0,0.0,0.0,0.0,0.0,0.0,0.0,0.0,0.0,0.0,0.0,0.0,0.0,0.0,0.0,0.0,2023_01,embankments-affected
1742,1,2,2,3,2,4,5,1,1,5,2,2,2,2,2,1,5,3,2,1,1,1,4,1,1,3,1,1,2,5,5,3,1,1,1,2023_01,exposure
1743,,,,,,,,,,,,,,,,,,,,,,,,,,,,,,,,,,,,2023_01,female-camp
1744,2022-2023,2022-2023,2022-2023,2022-2023,2022-2023,2022-2023,2022-2023,2022-2023,2022-2023,2022-2023,2022-2023,2022-2023,2022-2023,2022-2023,2022-2023,2022-2023,2022-2023,2022-2023,2022-2023,2022-2023,2022-2023,2022-2023,2022-2023,2022-2023,2022-2023,2022-2023,2022-2023,2022-2023,2022-2023,2022-2023,2022-2023,2022-2023,2022-2023,2022-2023,2022-2023,2023_01,financial-year
1745,1,2,1,2,1,1,2,5,5,4,4,4,3,1,1,1,1,1,1,1,1,2,1,3,1,2,2,4,3,1,1,1,4,3,2,2023_01,flood-hazard
1746,,,,,,,,,,,,,,,,,,,,,,,,,,,,,,,,,,,,2023_01,flood-hazard-float
1747,0.6319548814145014,0.0264988838337595,0.1872910037294446,0.158831904668017,0.1961153522045057,1.390530397598282,0.1195075980714078,0.1324518295700244,0.1712649359439842,0.5289883082629272,0.392753765703258,0.9543536034917056,0.7424989815603891,0.4650992334585388,0.0003520763338109,0.0,0.2152261455433427,0.3384627601280647,0.5305185702806088,0.0770863053839264,0.013611502290577,0.0940553611739222,0.0947180121379085,0.1077116990742689,0.0031494346409583,0.0100595008760245,0.0,0.0461566608796366,0.4186526542872403,0.0265504009117852,0.0410408182797719,0.0127980275092552,0.3927505813793145,0.0625726025883714,0.0002513994932999,2023_01,flooded-vegetation
1748,5,5,5,4,5,4,4,5,4,4,4,5,5,5,5,5,5,4,5,5,5,5,4,5,5,5,5,5,4,5,5,5,5,5,5,2023_01,government-response
1749,163,151,154,205,116,277,158,124,73,119,169,143,106,153,30,4,176,96,87,88,68,282,52,142,109,129,15,82,100,91,69,25,32,70,67,2023_01,health-centres-count
1750,0,0,0,0,0,0,0,0,0,0,0,0,0,0,0,0,0,0,0,0,0,0,0,0,0,0,0,0,0,0,0,0,0,0,0,2023_01,human-live-lost
1751,,,,,,,,,,,,,,,,,,,,,,,,,,,,,,,,,,,,2023_01,human-live-lost-children
1752,,,,,,,,,,,,,,,,,,,,,,,,,,,,,,,,,,,,2023_01,human-live-lost-female
1753,,,,,,,,,,,,,,,,,,,,,,,,,,,,,,,,,,,,2023_01,human-live-lost-male
1754,0.0,0.0,0.0,0.0,0.0,0.0,0.0,0.0,0.0,0.0,0.0,0.0,15299761.0,0.0,0.0,0.0,39852016.0,0.0,0.0,0.0,0.0,0.0,6665000.0,0.0,0.0,0.0,0.0,0.0,0.0,0.0,0.0,0.0,0.0,0.0,0.0,2023_01,immediate-measures-tenders-awarded-value
1755,0.0,0.0,0.0,0.0,0.0,0.0,0.0,0.0,0.0,0.0,0.0,0.0,0.0,0.0,0.0,0.0,0.0,0.0,0.0,0.0,0.0,0.0,0.0,0.0,0.0,0.0,0.0,0.0,0.0,0.0,0.0,0.0,0.0,0.0,0.0,2023_01,inundation-intensity-mean
1756,0.0,0.0,0.0,0.0,0.0,0.0,0.0,0.0,0.0,0.0,0.0,0.0,0.0,0.0,0.0,0.0,0.0,0.0,0.0,0.0,0.0,0.0,0.0,0.0,0.0,0.0,0.0,0.0,0.0,0.0,0.0,0.0,0.0,0.0,0.0,2023_01,inundation-intensity-mean-nonzero
1757,0.0,0.0,0.0,0.0,0.0,0.0,0.0,0.0,0.0,0.0,0.0,0.0,0.0,0.0,0.0,0.0,0.0,0.0,0.0,0.0,0.0,0.0,0.0,0.0,0.0,0.0,0.0,0.0,0.0,0.0,0.0,0.0,0.0,0.0,0.0,2023_01,inundation-intensity-sum
1758,0.0,0.0,0.0,0.0,0.0,0.0,0.0,0.0,0.0,0.0,0.0,0.0,0.0,0.0,0.0,0.0,0.0,0.0,0.0,0.0,0.0,0.0,0.0,0.0,0.0,0.0,0.0,0.0,0.0,0.0,0.0,0.0,0.0,0.0,0.0,2023_01,inundation-pct
1759,0.0,0.0,0.0,0.0,0.0,0.0,0.0,0.0,0.0,0.0,0.0,0.0,0.0,0.0,0.0,0.0,0.0,0.0,0.0,0.0,0.0,0.0,0.0,0.0,0.0,0.0,0.0,0.0,0.0,0.0,0.0,0.0,0.0,0.0,0.0,2023_01,ltif-tenders-awarded-value
1760,,,,,,,,,,,,,,,,,,,,,,,,,,,,,,,,,,,,2023_01,male-camp
1761,0.0,0.0,0.0,0.0,0.0,0.0,0.0,0.02,0.02,0.01,0.01,0.01,0.01,0.0,0.0,0.0,0.0,0.0,0.0,0.0,0.0,0.0,0.0,0.0,0.0,0.0,0.0,0.01,0.0,0.0,0.0,0.0,0.01,0.0,0.0,2023_01,max-rain
1762,79.02868494142712,101.80280753365652,92.94383900653578,105.59323892727154,101.52151689605476,82.80184981421402,96.12358569934148,83.9078683433952,82.58482453454118,85.28440626816572,92.33941954273553,80.5484411209615,79.26767921681454,87.0143854317649,73.9235270160713,74.45407242468538,76.22171823123378,78.77654329987095,76.5297175055914,92.844134833946,78.73454361714819,88.47737641290556,90.33791694141864,81.3350244170581,77.2968865972734,93.73693822422564,78.06937273928872,76.99096084367254,87.73877652848734,76.69919006241047,135.19869279538494,74.5890767941101,111.4923918776678,77.2774448783579,78.49346327750206,2023_01,mean-cn
1763,-0.1128911718549016,-0.0579263264354553,-0.0757749498827754,-0.060989128200497,-0.0838221319693158,-0.083784122163704,-0.0657102510720558,-0.0637946652300479,-0.0682249538593291,-0.1293700044392517,-0.0524491908713212,-0.0542153344178117,-0.0823829122597603,-0.0647350392481794,-0.2334510003004427,-0.2743039994376323,-0.198661043416937,-0.1376464678492162,-0.1395258539729646,-0.0635119179644507,-0.0988206574413096,-0.0855267255974805,-0.1160073900805581,-0.0621585709422312,-0.055153709307525,-0.0452025684359222,-0.0048316751461678,-0.0960038453281408,-0.0563357095559806,-0.0354512180065045,-0.0688070424941475,-0.2098886292129325,-0.0102552712265361,-0.0299659947969497,-0.0194277057299912,2023_01,mean-ndbi
1764,0.5610785016589132,0.3927964939805638,0.4506932194149147,0.3209093809040444,0.3613337147709765,0.4618582669825795,0.4308433879285707,0.4687590386061798,0.4740829181906027,0.5902355616677901,0.4459224085034349,0.5059891036745496,0.5300039550938943,0.4880867424928131,0.7541433920818615,0.777993609044655,0.6688992204689999,0.5866354435198435,0.5883647876059327,0.4434424593838919,0.5444433321542587,0.4588757253137716,0.4603922639955768,0.4351272485249235,0.5025956452821334,0.3562338109646654,0.4442580815868723,0.5740935610370221,0.459953293637003,0.4908676862481322,0.2592805054694165,0.7341919824348714,0.2766214813968084,0.4454483588517841,0.4336003750106847,2023_01,mean-ndvi
1765,0.0,0.0,0.0,0.0,0.0,0.0,0.0,0.01,0.01,0.0,0.0,0.01,0.0,0.0,0.0,0.0,0.0,0.0,0.0,0.0,0.0,0.0,0.0,0.0,0.0,0.0,0.0,0.0,0.0,0.0,0.0,0.0,0.01,0.0,0.0,2023_01,mean-rain
1766,0.94,0.94,0.94,0.94,0.95,0.94,0.93,0.94,0.93,0.93,0.94,0.93,0.94,0.94,0.92,0.91,0.94,0.94,0.93,0.95,0.95,0.93,0.91,0.93,0.95,0.93,0.94,0.93,0.93,0.94,0.94,0.93,0.94,0.94,0.95,2023_01,mean-sex-ratio
1767,78683.46309,83470.903,78088.12,79714.84605,75490.3523,87424.202,71470.137,90513.46103,104651.240916,68512.0013,81437.447,43095.76595,54183.314,128914.321604,35388.58,27888.17,66721.37,42827.17595,35287.21,42395.395,27850.66,74001.84561,6039.38,44021.984,58167.37587,76196.45569999999,93034.31635285716,23849.9,71288.401,78621.26999999999,17419.61,48488.349,16642.66,23559.76,71015.57777333334,2023_01,net-sown-area-in-hac
1768,0.0,0.0,0.0,0.0,0.0,0.0,0.0,0.0,0.0,0.0,0.0,0.0,0.0,0.0,0.0,0.0,0.0,0.0,0.0,0.0,12999000.0,0.0,42127045.0,0.0,0.0,0.0,12099493.02,0.0,0.0,0.0,0.0,0.0,0.0,0.0,0.0,2023_01,others-tenders-awarded-value
1769,0.0,0.0,0.0,0.0,0.0,0.0,0.0,0.0,0.0,0.0,0.0,0.0,0.0,0.0,0.0,0.0,0.0,0.0,0.0,0.0,0.0,0.0,0.0,0.0,0.0,0.0,0.0,0.0,0.0,0.0,0.0,0.0,0.0,0.0,0.0,2023_01,population-affected-total
1770,62.0,342.0,34.0,5.0,10.0,45.0,35.0,38.0,77.0,43.0,49.0,27.0,41.0,43.0,32.0,146.0,46.0,45.0,28.0,81.0,8.0,45.0,80.0,11.0,0.0,0.0,24.0,24.0,19.0,30.0,0.0,0.0,0.0,9.0,6.0,2023_01,rail-count
1771,145613.0,139561.0,78425.0,17621.0,30884.0,174517.0,138494.0,108334.0,121454.0,119685.0,123774.0,73292.0,86126.0,117155.0,73424.0,172636.0,103488.0,117739.0,90281.0,82273.0,24548.0,109026.0,89510.0,30164.0,0.0,0.0,66114.0,80492.0,74271.0,75327.0,0.0,0.0,0.0,28139.0,18201.0,2023_01,rail-length
1772,3.4316022053394977,4.631771110776882,2.480076935955142,5.151738720707722,2.354508450862955,3.2259908629471004,6.684978657038228,2.258072376681141,3.8582144101230815,8.866465988479138,4.572728216035082,4.295512834683773,2.2626972241491186,8.208069269494366,2.31529174859903,4.1864981782576525,2.6560880085077523,1.7641347979211102,1.770884178922499,3.1354835001524783,4.194584231618326,2.263085006584079,1.5105626549677873,0.7437163841109358,3.775269655645464,3.057866698589287,1.1021045667816776,1.8759862480289105,5.527102633434498,1.123268335953194,8.68864710677468,5.07007759276236,13.02218904136665,0.1139183961385548,1.193505835288304,2023_01,rangeland
1773,3131,1557,1979,1848,1512,2564,3445,2998,2483,3810,3379,1567,1865,3523,7337,4884,3783,1839,1329,1088,1926,3283,834,1036,1526,1611,1987,1073,1783,1456,684,3073,970,470,877,2023_01,rc-area
1774,22.9,25.01,25.42,15.04,15.81,23.51,13.19,16.32,20.87,24.89,12.8,8.96,12.07,15.06,23.47,23.25,15.87,14.25,19.26,12.86,25.35,9.48,11.61,21.25,15.46,13.0,15.96,19.71,28.46,27.66,28.09,28.84,17.28,9.75,12.15,2023_01,rc-nosanitation-hhds-pct
1775,2.85,1.19,3.55,2.25,3.35,4.98,6.04,2.83,2.26,3.42,4.19,6.81,14.25,7.18,1.95,6.36,8.53,5.57,4.01,2.04,1.03,3.32,11.46,9.66,2.8,5.1,3.07,3.8,4.2,5.27,3.57,0.24,4.95,6.03,5.78,2023_01,rc-piped-hhds-pct
1776,,,,,,,,,,,,,,,,,,,,,,,,,,,,,,,,,,,,2023_01,relief-camp-inmates
1777,0.0,0.0,0.0,0.0,0.0,0.0,0.0,0.0,0.0,0.0,2501349.0,0.0,0.0,0.0,0.0,0.0,39852016.0,0.0,0.0,0.0,12999000.0,0.0,42127045.0,0.0,0.0,0.0,12099493.02,0.0,0.0,0.0,0.0,0.0,0.0,0.0,74678342.0,2023_01,restoration-measures-tenders-awarded-value
1778,,,,,,,,,,,,,,,,,,,,,,,,,,,,,,,,,,,,2023_01,revenue-ci
1779,0.0,0.0,0.0,0.0,0.0,0.0,0.0,0.0,0.0,0.0,0.0,0.0,0.0,0.0,0.0,0.0,0.0,0.0,0.0,0.0,0.0,0.0,0.0,0.0,0.0,0.0,0.0,0.0,0.0,0.0,0.0,0.0,0.0,0.0,0.0,2023_01,ridf-tenders-awarded-value
1780,2,3,2,3,3,2,3,5,5,5,5,5,3,2,2,2,2,2,1,2,2,2,2,3,2,3,4,5,4,3,2,2,4,3,3,2023_01,risk-score
1781,40.47,31.91,44.54,42.85,49.1,54.62,76.69,92.69,0.0,133.51,117.38,95.3,84.95,128.29,0.0,0.0,21.48,17.69,21.21,50.91,52.91,49.7,50.29,50.52,0.0,0.0,0.0,97.89,0.0,0.0,0.0,753.24,0.0,0.0,163.15,2023_01,riverlevel-max
1782,5.053101851851852,11.819835050589436,14.793843137254902,7.118374485596708,19.087720430107527,7.747588325652841,33.661050531914896,37.44192109305522,0.0,63.93794726607183,30.59002304147465,68.3762900366049,16.18987234042553,44.999507168458784,0.0,0.0,14.051542780337943,10.027270250896056,10.986115591397848,9.634864197530865,10.576962962962964,7.468416936269121,22.82795539249942,6.303427419354839,0.0,0.0,0.0,32.58960573476703,0.0,0.0,0.0,409.416935483871,0.0,0.0,45.68064516129033,2023_01,riverlevel-mean
1783,0.0,0.0,0.0,0.0,0.0,0.0,0.0,0.0,0.0,0.0,0.0,0.0,0.0,0.0,0.0,0.0,7.27,0.0,0.0,0.0,0.0,0.0,0.0,0.0,0.0,0.0,0.0,0.0,0.0,0.0,0.0,66.12,0.0,0.0,0.0,2023_01,riverlevel-min
1784,858892.0,705770.0,1011509.0,725891.0,634621.0,1331470.0,745620.0,804067.0,578686.0,1211943.0,1453600.0,700651.0,736030.0,1389863.0,752361.0,843185.0,988230.0,615579.0,483931.0,654117.0,547046.0,1589070.0,746938.0,450865.0,429399.0,767150.0,650574.0,485197.0,574075.0,560100.0,78936.0,457481.0,54196.0,461489.0,294016.0,2023_01,road-length
1785,0.0,0.0,0.0,0.0,0.0,0.0,0.0,0.0,0.0,0.0,0.0,0.0,0.0,0.0,0.0,0.0,0.0,0.0,0.0,0.0,0.0,0.0,0.0,0.0,0.0,0.0,0.0,0.0,0.0,0.0,0.0,0.0,0.0,0.0,0.0,2023_01,roads
1786,2788,3147,2578,2904,1994,3284,2025,3519,2301,1950,2431,1838,2072,2507,1757,1063,3322,3188,3016,1463,1336,3463,1151,1817,1497,1858,1795,1007,1291,1320,1381,925,805,813,995,2023_01,schools-count
1787,0.0,0.0,0.0,0.0,0.0,0.0,0.0,0.0,0.0,0.0,0.0,0.0,0.0,0.0,0.0,0.0,0.0,0.0,0.0,0.0,0.0,0.0,0.0,0.0,0.0,0.0,0.0,0.0,0.0,0.0,0.0,0.0,0.0,0.0,0.0,2023_01,sdrf-sanctions-awarded-value
1788,0.0,89999836.0,0.0,0.0,0.0,0.0,12599978.0,0.0,0.0,0.0,0.0,0.0,15299761.0,0.0,0.0,0.0,0.0,40499644.0,0.0,0.0,0.0,0.0,0.0,0.0,0.0,0.0,0.0,0.0,0.0,0.0,0.0,0.0,0.0,0.0,0.0,2023_01,sdrf-tenders-awarded-value
1789,84.0,81.0,84.0,78.0,81.0,86.0,82.0,84.0,84.0,83.0,79.0,85.0,85.0,84.0,89.0,90.0,88.0,86.0,87.0,84.0,85.0,83.0,85.0,83.0,85.0,82.0,85.0,84.0,83.0,88.0,75.0,89.0,78.0,85.0,85.0,2023_01,slope-mean
1790,0.0,0.0,0.0,0.0,0.0,0.0,0.0,0.0,0.0,0.0,0.0,0.0,0.0,0.0,0.0,0.0,0.0,0.0,0.0,0.0,0.0,0.0,0.0,0.0,0.0,0.0,12099493.02,0.0,0.0,0.0,0.0,0.0,0.0,0.0,0.0,2023_01,sopd-tenders-awarded-value
1791,59707.0,44385.0,48154.0,70498.0,43994.0,101486.0,70953.0,60397.0,33716.0,81010.0,67434.0,44943.0,51670.0,73114.0,36768.0,11232.0,111691.0,87426.0,29638.0,35950.0,32886.0,76059.0,54254.0,43534.0,27022.0,56778.0,40272.0,17176.0,32641.0,48429.0,25076.0,24839.0,7555.0,12625.0,21929.0,2023_01,sum-aged-population
1792,1289251.0,1401030.0,1082272.0,1613275.0,1149616.0,2379170.0,1468618.0,1170535.0,707830.0,1415005.0,1500165.0,781776.0,1001168.0,1309191.0,708329.0,290661.0,2132069.0,1411746.0,776915.0,813460.0,614679.0,1644335.0,1366878.0,970177.0,725061.0,1170309.0,873216.0,497844.0,664801.0,1130389.0,547844.0,368151.0,165704.0,322294.0,503297.0,2023_01,sum-population
1793,0.0,0.0,0.0,0.0,0.0,0.04,2.35,22.68,19.99,14.81,12.95,7.6,2.83,0.5,0.15,0.0,0.0,0.61,0.0,0.0,0.0,0.0,0.0,0.0,0.0,0.0,0.0,3.44,1.55,0.0,0.0,0.0,4.28,0.0,0.0,2023_01,sum-rain
1794,121859.0,109709.0,110964.0,139208.0,90493.0,191488.0,120806.0,107647.0,64106.0,140856.0,98881.0,58125.0,57601.0,107241.0,84566.0,25933.0,187658.0,167030.0,62145.0,69199.0,62848.0,108586.0,64714.0,49888.0,37905.0,113188.0,68495.0,22488.0,55200.0,91919.0,59374.0,55356.0,8826.0,24080.0,31356.0,2023_01,sum-young-population
1795,,,,,,,,,,,,,,,,,,,,,,,,,,,,,,,,,,,,2023_01,topsis-score
1796,0.0,0.0,0.0,0.0,0.0,0.0,0.0,0.0,0.0,0.0,0.0,0.0,0.0,0.0,0.0,0.0,0.0,0.0,0.0,0.0,0.0,0.0,0.0,0.0,0.0,0.0,0.0,0.0,0.0,0.0,0.0,0.0,0.0,0.0,0.0,2023_01,total-animal-affected
1797,0.0,0.0,0.0,0.0,0.0,0.0,0.0,0.0,0.0,0.0,0.0,0.0,0.0,0.0,0.0,0.0,0.0,0.0,0.0,0.0,0.0,0.0,0.0,0.0,0.0,0.0,0.0,0.0,0.0,0.0,0.0,0.0,0.0,0.0,0.0,2023_01,total-animal-washed-away
1798,214904.0,377710.0,240459.0,393378.0,267778.0,527427.0,318730.0,266928.0,195025.0,318555.0,311523.0,172096.0,272707.0,275841.0,103131.0,30119.0,416101.0,256161.0,165784.0,185414.0,105445.0,408132.0,327221.0,233278.0,132203.0,231859.0,185739.0,108235.0,150938.0,214866.0,202538.0,52339.0,39239.0,77895.0,112690.0,2023_01,total-hhd
1799,0.0,0.0,0.0,0.0,0.0,0.0,0.0,0.0,0.0,0.0,0.0,0.0,0.0,0.0,0.0,0.0,0.0,0.0,0.0,0.0,0.0,0.0,0.0,0.0,0.0,0.0,0.0,0.0,0.0,0.0,0.0,0.0,0.0,0.0,0.0,2023_01,total-house-fully-damaged
1800,0.0,89999836.0,0.0,0.0,0.0,0.0,12599978.0,0.0,0.0,0.0,0.0,0.0,15299761.0,0.0,0.0,0.0,39852016.0,40499644.0,0.0,0.0,12999000.0,0.0,48792045.0,0.0,0.0,0.0,12099493.02,0.0,0.0,0.0,0.0,0.0,0.0,0.0,0.0,2023_01,total-tender-awarded-value
1801,45.15733260910527,6.295669443200221,21.316097456778483,1.441097958859923,7.1631365256988335,13.130603256074066,16.32433289018804,11.298052164659342,17.488013427436147,43.15625777286192,25.92105688247573,21.1422424318834,21.393395288013565,18.82660027045509,85.07154964982493,92.29569010169598,60.353704961758446,36.26565971971056,43.36511709357278,14.16548230227064,22.37029812106575,20.81245902591373,35.957924938067336,7.207882563668975,19.429144582194063,5.091573205520924,9.495156980657285,37.10315796607807,13.32930413132909,26.15250229961493,2.169503904800628,81.478893902149,4.161078533221625,7.849966625084857,8.614991753163086,2023_01,trees
1802,3,2,3,3,5,3,4,4,3,4,4,3,2,3,1,1,3,1,1,3,3,2,1,1,3,3,4,3,4,5,2,4,1,1,3,2023_01,vulnerability
1803,2.4617055111690327,10.115460917273063,6.207572669407478,19.70640050356963,9.58491402716118,5.550454557373425,8.41149019386846,6.33714803952608,3.805855965824301,4.013904962898205,6.674014110059943,2.8447155589171693,1.4105711842920938,5.40871019375055,0.2385064220558348,0.4601232903128437,2.9642427952048047,3.969055099568677,2.862004953550255,8.754941065871378,2.340754471421925,4.391433165646533,5.607689436614821,6.220920042266078,1.5204914146888506,8.46656265913684,1.1728439049845485,1.2189664170576533,5.371808847044157,1.414204943735177,22.12940719553415,0.690618804561425,13.378961466416229,3.346661983939757,2.390924968958241,2023_01,water
1804,9.0,7.5,8.9,8.0,7.2,9.8,9.8,8.3,7.0,8.6,10.2,10.4,10.3,8.8,7.2,8.1,9.8,9.8,9.5,9.1,8.2,10.1,12.1,10.5,9.0,9.2,8.3,8.6,8.9,8.0,6.7,5.8,9.4,7.0,11.6,2023_02,avg-electricity
1805,2.2,2.6,2.0,2.0,2.4,2.0,2.2,2.4,2.0,2.0,2.0,2.2,2.2,2.3,2.0,2.5,2.2,2.4,2.0,2.2,2.2,2.4,2.5,2.1,2.3,2.0,2.2,2.0,2.3,2.3,2.0,2.0,2.5,2.3,2.2,2023_02,avg-tele
1806,0.7291309832244668,6.282752457308544,4.999391518830241,10.444177178408005,8.175019472251908,1.2235212390545087,10.52618531586649,3.2325924577600795,4.742513716993724,5.312196685500217,11.662489485489248,1.0101712469281114,0.5156360065359646,5.505277315803769,0.0058624454729746,0.0622146613901976,0.083037601117575,0.0071894581167785,0.0098294580600155,4.710942945529917,2.3036081993801845,2.3188358883598714,0.3503958936808835,1.3536474650209336,0.7391123039039551,7.460556744979987,1.0683508705361642,0.0002064591751955,5.342328361705498,0.1324172855045991,13.813883850363,0.0460991244995262,22.8588192180144,0.0578268931460054,1.441767189681854,2023_02,bare-ground
1807,0.0,0.0,0.0,0.0,0.0,0.0,0.0,0.0,0.0,0.0,0.0,0.0,0.0,0.0,0.0,0.0,0.0,0.0,0.0,0.0,0.0,0.0,0.0,0.0,0.0,0.0,0.0,0.0,0.0,0.0,0.0,0.0,0.0,0.0,0.0,2023_02,bridge
1808,12.813002279760273,19.532673095299,21.7278935367819,23.22428039314995,16.40366742520424,21.521102451629076,16.13009496182345,19.12773530099464,15.515829181438098,13.5380629538649,14.759587412202352,19.086871949976327,21.9959009966027,21.986894352236536,4.95661790333012,1.753435870164205,10.199739088758738,21.39170055907628,15.507520568519816,30.68667020128292,27.174281979758764,20.9913903969805,42.34549788090294,25.232936526655187,21.912543882589222,22.29582757731616,21.989800182739955,17.539405921056268,17.597931303237132,21.919616710066062,14.28818141391939,3.85584375244879,8.66307250908374,26.54786157172083,24.67738978643938,2023_02,built-area
1809,,,,,,,,,,,,,,,,,,,,,,,,,,,,,,,,,,,,2023_02,children-camp
1810,0.0,0.0,0.0,0.0,0.0,0.0,0.0,0.0,0.0,0.0,0.0,0.0,0.0,0.0,0.0,0.0,0.0,0.0,0.0,0.0,0.0,0.0,0.0,0.0,0.0,0.0,0.0,0.0,0.0,0.0,0.0,0.0,0.0,0.0,0.0,2023_02,cidf-tenders-awarded-value
1811,0.0,0.0,0.0,0.0,0.0,0.0,0.0,0.0,0.0,0.0,0.0,0.0,0.0,0.0,0.0,3.58464258819225e-06,0.0,0.0,0.0,0.0,0.0,0.0,0.0,0.0,0.0,0.0,0.0,0.0,0.0,0.0,0.0,0.0,0.0,0.0,0.0,2023_02,clouds
1812,,,,,,,,,,,,,,,,,,,,,,,,,,,,,,,,,,,,2023_02,count
1813,0.0,0.0,0.0,0.0,0.0,0.0,0.0,0.0,0.0,0.0,0.0,0.0,0.0,0.0,0.0,0.0,0.0,0.0,0.0,0.0,0.0,0.0,0.0,0.0,0.0,0.0,0.0,0.0,0.0,0.0,0.0,0.0,0.0,0.0,0.0,2023_02,crop-area
1814,34.77527152998702,53.115174092308514,43.081676878517285,39.87347334063675,56.12263874661642,53.9577972353235,41.80341038314398,57.6139478308087,54.41830836224068,24.58412332813268,36.01737012803437,50.6661323741195,51.67930031884608,39.59934936480119,7.411819754383287,1.2420343135366083,23.52796139910944,36.26379760547847,35.95412517709405,38.46939367950876,41.60286149446442,49.12874115534136,14.133211183628369,59.13318531920358,52.62028872633751,53.61755361358087,65.17174349430036,42.21612032772426,52.41287206896256,49.23144002421417,38.8693357103284,8.8456687960696,37.523128650518046,62.02119192738156,61.68116906697585,2023_02,crops
1815,4296.624151156235,2231.5993331549903,3585.3069321814023,1247.6117514050093,2700.336576957554,3477.5301083691584,1557.3606551140049,2711.0464141089856,2238.6415334905228,4159.102888381454,9491.630139883577,3889.6067327857527,7133.757644739055,3445.5268629610114,8511.666927309077,4923.29748622475,3222.517655928944,4060.318063254274,4335.474967336042,1883.330083753236,975.2407923854796,4254.719948057848,3333.953706616405,1829.807307358248,1576.5499878215094,1098.83444541599,1489.926404330648,4700.953196095703,4363.59388114963,5163.44360094801,880.805632910103,4989.53282327419,1292.455559234692,1123.7037030160088,1578.254039674223,2023_02,distance-from-river
1816,KOKRAJHAR,DHUBRI,GOALPARA,BARPETA,MORIGAON,NAGAON,SONITPUR,LAKHIMPUR,DHEMAJI,TINSUKIA,DIBRUGARH,SIVASAGAR,JORHAT,GOLAGHAT,KARBI ANGLONG,DIMA HASAO,CACHAR,KARIMGANJ,HAILAKANDI,BONGAIGAON,CHIRANG,KAMRUP,KAMRUP METRO,NALBARI,BAKSA,DARRANG,UDALGURI,CHARAIDEO,BISWANATH,HOJAI,SOUTH SALMARA MANCACHAR,WEST KARBI ANGLONG,MAJULI,BAJALI,TAMULPUR,2023_02,district
1817,0.0005623749999999,0.0006515714285714,0.0005706,0.0006465,0.0005976,0.0005747142857142,0.000571,0.0006111428571428,0.0005535,0.00057375,0.0006251428571428,0.0006055,0.0006035999999999,0.0005855,0.00041,0.00031275,0.0004408,0.0005329999999999,0.0005025,0.0005798,0.000528,0.0005858461538461,0.00044875,0.000670625,0.0005907142857142,0.0006724,0.0006286666666666,0.000603,0.0006126666666666,0.00058,0.000585,0.000439,0.0006255,0.0006813333333333,0.0006636,2023_02,drainage-density
1818,,,,,,,,,,,,,,,,,,,,,,,,,,,,,,,,,,,,2023_02,dtcode11
1819,,,,,,,,,,,,,,,,,,,,,,,,,,,,,,,,,,,,2023_02,dtname
1820,0.89223725,0.9274135714285714,0.8636692,0.873894,0.8006142,0.8778561428571428,0.832555,0.8287354285714285,0.8662709999999999,0.8173367500000001,0.8282515714285715,0.8818345,0.9324576,0.8766566666666668,0.9565656666666666,1.0,0.8667832000000001,0.962109,0.9487,0.8860340000000001,0.8911484,0.9526882307692308,1.0,0.961905625,0.8549077142857142,0.8635468,0.8250333333333333,0.8807079999999999,0.8230616666666667,0.7797956666666667,0.9147565,0.80514,0.953603,0.977035,0.8797736,2023_02,efficiency
1821,63.0,33.0,49.0,40.0,63.0,72.0,86.0,96.0,141.0,142.0,113.0,99.0,105.0,97.0,347.0,607.0,155.0,36.0,47.0,54.0,84.0,82.0,114.0,49.0,70.0,59.0,91.0,112.0,86.0,125.0,26.0,483.0,85.0,47.0,71.0,2023_02,elevation-mean
1822,0.0,0.0,0.0,0.0,0.0,0.0,0.0,0.0,0.0,0.0,0.0,0.0,0.0,0.0,0.0,0.0,0.0,0.0,0.0,0.0,0.0,0.0,0.0,0.0,0.0,0.0,0.0,0.0,0.0,0.0,0.0,0.0,0.0,0.0,0.0,2023_02,embankment-breached
1823,0.0,0.0,0.0,0.0,0.0,0.0,0.0,0.0,0.0,0.0,2.0,0.0,0.0,0.0,0.0,0.0,0.0,0.0,0.0,0.0,0.0,0.0,0.0,0.0,0.0,0.0,0.0,0.0,0.0,0.0,0.0,0.0,0.0,0.0,0.0,2023_02,embankments-affected
1824,1,2,2,3,2,4,5,1,1,5,2,2,2,2,2,1,5,3,2,1,1,1,4,1,1,3,1,1,2,5,5,3,1,1,1,2023_02,exposure
1825,,,,,,,,,,,,,,,,,,,,,,,,,,,,,,,,,,,,2023_02,female-camp
1826,2022-2023,2022-2023,2022-2023,2022-2023,2022-2023,2022-2023,2022-2023,2022-2023,2022-2023,2022-2023,2022-2023,2022-2023,2022-2023,2022-2023,2022-2023,2022-2023,2022-2023,2022-2023,2022-2023,2022-2023,2022-2023,2022-2023,2022-2023,2022-2023,2022-2023,2022-2023,2022-2023,2022-2023,2022-2023,2022-2023,2022-2023,2022-2023,2022-2023,2022-2023,2022-2023,2023_02,financial-year
1827,1,2,1,2,2,2,3,4,4,5,5,4,2,2,1,1,1,1,1,1,1,1,1,2,1,3,3,5,4,1,1,1,4,3,2,2023_02,flood-hazard
1828,,,,,,,,,,,,,,,,,,,,,,,,,,,,,,,,,,,,2023_02,flood-hazard-float
1829,0.6319548814145014,0.0264988838337596,0.1872910037294446,0.158831904668017,0.1961153522045057,1.390530397598282,0.1195075980714078,0.1324518295700244,0.1712649359439842,0.5289883082629272,0.392753765703258,0.9543536034917056,0.7424989815603891,0.4650992334585387,0.0003520763338109,0.0,0.2152261455433427,0.3384627601280647,0.5305185702806088,0.0770863053839264,0.013611502290577,0.0940553611739222,0.0947180121379085,0.1077116990742689,0.0031494346409583,0.0100595008760245,0.0,0.0461566608796366,0.4186526542872403,0.0265504009117852,0.0410408182797719,0.0127980275092552,0.3927505813793145,0.0625726025883714,0.0002513994932999,2023_02,flooded-vegetation
1830,5,5,5,4,5,4,4,5,4,4,4,5,5,5,5,5,5,4,5,5,4,5,4,5,5,5,5,5,4,5,5,5,5,5,5,2023_02,government-response
1831,163,151,154,205,116,277,158,124,73,119,169,143,106,153,30,4,176,96,87,88,68,282,52,142,109,129,15,82,100,91,69,25,32,70,67,2023_02,health-centres-count
1832,0,0,0,0,0,0,0,0,0,0,0,0,0,0,0,0,0,0,0,0,0,0,0,0,0,0,0,0,0,0,0,0,0,0,0,2023_02,human-live-lost
1833,,,,,,,,,,,,,,,,,,,,,,,,,,,,,,,,,,,,2023_02,human-live-lost-children
1834,,,,,,,,,,,,,,,,,,,,,,,,,,,,,,,,,,,,2023_02,human-live-lost-female
1835,,,,,,,,,,,,,,,,,,,,,,,,,,,,,,,,,,,,2023_02,human-live-lost-male
1836,0.0,0.0,0.0,0.0,0.0,0.0,0.0,0.0,0.0,0.0,0.0,0.0,0.0,0.0,0.0,0.0,12501000.0,0.0,0.0,0.0,565668069.0,0.0,59288150.0,0.0,0.0,0.0,0.0,0.0,0.0,0.0,0.0,0.0,0.0,0.0,0.0,2023_02,immediate-measures-tenders-awarded-value
1837,0.0,0.0,0.0,0.0,0.0,0.0,0.0,0.0,0.0,0.0,0.0,0.0,0.0,0.0,0.0,0.0,0.0,0.0,0.0,0.0,0.0,0.0,0.0,0.0,0.0,0.0,0.0,0.0,0.0,0.0,0.0,0.0,0.0,0.0,0.0,2023_02,inundation-intensity-mean
1838,0.0,0.0,0.0,0.0,0.0,0.0,0.0,0.0,0.0,0.0,0.0,0.0,0.0,0.0,0.0,0.0,0.0,0.0,0.0,0.0,0.0,0.0,0.0,0.0,0.0,0.0,0.0,0.0,0.0,0.0,0.0,0.0,0.0,0.0,0.0,2023_02,inundation-intensity-mean-nonzero
1839,0.0,0.0,0.0,0.0,0.0,0.0,0.0,0.0,0.0,0.0,0.0,0.0,0.0,0.0,0.0,0.0,0.0,0.0,0.0,0.0,0.0,0.0,0.0,0.0,0.0,0.0,0.0,0.0,0.0,0.0,0.0,0.0,0.0,0.0,0.0,2023_02,inundation-intensity-sum
1840,0.0,0.0,0.0,0.0,0.0,0.0,0.0,0.0,0.0,0.0,0.0,0.0,0.0,0.0,0.0,0.0,0.0,0.0,0.0,0.0,0.0,0.0,0.0,0.0,0.0,0.0,0.0,0.0,0.0,0.0,0.0,0.0,0.0,0.0,0.0,2023_02,inundation-pct
1841,0.0,0.0,0.0,0.0,0.0,0.0,0.0,0.0,0.0,0.0,0.0,0.0,0.0,0.0,0.0,0.0,0.0,0.0,0.0,0.0,0.0,0.0,0.0,0.0,0.0,0.0,0.0,0.0,0.0,0.0,0.0,0.0,0.0,0.0,0.0,2023_02,ltif-tenders-awarded-value
1842,,,,,,,,,,,,,,,,,,,,,,,,,,,,,,,,,,,,2023_02,male-camp
1843,0.05,0.04,0.03,0.03,0.09,0.06,0.1,0.14,0.2,0.22,0.19,0.15,0.11,0.14,0.04,0.04,0.02,0.01,0.0,0.03,0.05,0.04,0.06,0.02,0.04,0.09,0.1,0.16,0.11,0.04,0.01,0.06,0.14,0.04,0.1,2023_02,max-rain
1844,79.02868494142712,101.80280753365652,92.94383900653578,105.59323892727154,101.52151689605476,82.80184981421402,96.12358569934148,83.9078683433952,82.58482453454118,85.28440626816572,92.33941954273553,80.5484411209615,79.26767921681454,87.0143854317649,73.9235270160713,74.45407242468538,76.22171823123378,78.77654329987095,76.5297175055914,92.844134833946,78.73454361714819,88.47737641290556,90.33791694141864,81.3350244170581,77.2968865972734,93.73693822422564,78.06937273928872,76.99096084367254,87.73877652848734,76.69919006241047,135.19869279538494,74.5890767941101,111.4923918776678,77.2774448783579,78.49346327750206,2023_02,mean-cn
1845,-0.0611599428201552,-0.0335143981231236,-0.0083834728939871,-0.0540054387262596,-0.0508285170788933,-0.0493905141258806,-0.0131808430956537,-0.05905004735889,-0.0604497592141156,-0.0538345797992025,0.0119751959734173,0.0109861532653592,-0.0198998266734728,-0.0083550937337188,-0.1715102573015783,-0.2292047955201157,-0.151183732563187,-0.0907209528314513,-0.0899029145983855,-0.0411900815099715,-0.0548395535700284,-0.0632072760449905,-0.0679723461523314,-0.036732967915348,-0.0529603055957443,-0.0423185412032024,0.0041640174687679,-0.0093688568297647,-0.0145688411240763,0.0042725607473467,-0.012313556302998,-0.1426896896623833,0.0149623243121176,-0.0071754835260795,-0.05105056793758,2023_02,mean-ndbi
1846,0.4231711920490918,0.2981956558139906,0.3516623108304443,0.2812232598787392,0.2751993362057497,0.3427397532980509,0.3595454883795813,0.4489996045011745,0.4509492393031089,0.500052961624701,0.3571830435321819,0.3714760003709345,0.3877134944231956,0.3880821222005321,0.6145455122814519,0.6989309473197612,0.4650787953738561,0.4133192704244323,0.3664866148950148,0.3562012456355115,0.4472970724327661,0.3852674469867217,0.3517003387586985,0.360572845945047,0.4622129811817207,0.3202755483404069,0.3835274507892917,0.4250524099674633,0.4179457375170137,0.3560227802875866,0.2164209786285718,0.6114502531720567,0.2428677917616624,0.3834682275225704,0.4164233926057951,2023_02,mean-ndvi
1847,0.02,0.01,0.01,0.02,0.06,0.04,0.06,0.1,0.15,0.16,0.16,0.11,0.05,0.04,0.01,0.01,0.0,0.0,0.0,0.03,0.03,0.01,0.01,0.01,0.02,0.03,0.04,0.15,0.08,0.01,0.01,0.01,0.11,0.02,0.03,2023_02,mean-rain
1848,0.94,0.94,0.94,0.94,0.95,0.94,0.93,0.94,0.93,0.93,0.94,0.93,0.94,0.94,0.92,0.91,0.94,0.94,0.93,0.95,0.95,0.93,0.91,0.93,0.95,0.93,0.94,0.93,0.93,0.94,0.94,0.93,0.94,0.94,0.95,2023_02,mean-sex-ratio
1849,78683.46309,83470.903,78088.12,79714.84605,75490.3523,87424.20199999999,71470.137,90513.46103,104651.240916,68512.0013,81437.447,43095.76595,54183.314,128914.321604,35388.58,27888.17,66721.37,42827.17595,35287.21,42395.395,27850.66,74001.84561,6039.38,44021.984,58167.37587,76196.45569999999,93034.31635285716,23849.9,71288.401,78621.26999999999,17419.61,48488.349,16642.66,23559.76,71015.57777333334,2023_02,net-sown-area-in-hac
1850,4499990.0,0.0,0.0,0.0,0.0,0.0,0.0,0.0,0.0,0.0,0.0,0.0,0.0,0.0,0.0,0.0,0.0,0.0,10589082.0,0.0,319147533.0,0.0,0.0,0.0,18207521.83,0.0,0.0,0.0,0.0,0.0,0.0,0.0,0.0,0.0,0.0,2023_02,others-tenders-awarded-value
1851,0.0,0.0,0.0,0.0,0.0,0.0,0.0,0.0,0.0,0.0,0.0,0.0,0.0,0.0,0.0,0.0,0.0,0.0,0.0,0.0,0.0,0.0,0.0,0.0,0.0,0.0,0.0,0.0,0.0,0.0,0.0,0.0,0.0,0.0,0.0,2023_02,population-affected-total
1852,62.0,342.0,34.0,5.0,10.0,45.0,35.0,38.0,77.0,43.0,49.0,27.0,41.0,43.0,32.0,146.0,46.0,45.0,28.0,81.0,8.0,45.0,80.0,11.0,0.0,0.0,24.0,24.0,19.0,30.0,0.0,0.0,0.0,9.0,6.0,2023_02,rail-count
1853,145613.0,139561.0,78425.0,17621.0,30884.0,174517.0,138494.0,108334.0,121454.0,119685.0,123774.0,73292.0,86126.0,117155.0,73424.0,172636.0,103488.0,117739.0,90281.0,82273.0,24548.0,109026.0,89510.0,30164.0,0.0,0.0,66114.0,80492.0,74271.0,75327.0,0.0,0.0,0.0,28139.0,18201.0,2023_02,rail-length
1854,3.4316022053394977,4.631771110776882,2.480076935955142,5.151738720707722,2.354508450862955,3.2259908629471004,6.684978657038228,2.258072376681141,3.8582144101230815,8.866465988479138,4.572728216035081,4.295512834683773,2.2626972241491186,8.208069269494366,2.31529174859903,4.1864981782576525,2.6560880085077523,1.7641347979211102,1.770884178922499,3.1354835001524783,4.194584231618326,2.263085006584079,1.5105626549677873,0.7437163841109358,3.775269655645464,3.057866698589287,1.1021045667816776,1.8759862480289105,5.527102633434499,1.123268335953194,8.68864710677468,5.07007759276236,13.02218904136665,0.1139183961385548,1.193505835288304,2023_02,rangeland
1855,3131,1557,1979,1848,1512,2564,3445,2998,2483,3810,3379,1567,1865,3523,7337,4884,3783,1839,1329,1088,1926,3283,834,1036,1526,1611,1987,1073,1783,1456,684,3073,970,470,877,2023_02,rc-area
1856,22.9,25.01,25.42,15.04,15.81,23.51,13.19,16.32,20.87,24.89,12.8,8.96,12.07,15.06,23.47,23.25,15.87,14.25,19.26,12.86,25.35,9.48,11.61,21.25,15.46,13.0,15.96,19.71,28.46,27.66,28.09,28.84,17.28,9.75,12.15,2023_02,rc-nosanitation-hhds-pct
1857,2.85,1.19,3.55,2.25,3.35,4.98,6.04,2.83,2.26,3.42,4.19,6.81,14.25,7.18,1.95,6.36,8.53,5.57,4.01,2.04,1.03,3.32,11.46,9.66,2.8,5.1,3.07,3.8,4.2,5.27,3.57,0.24,4.95,6.03,5.78,2023_02,rc-piped-hhds-pct
1858,,,,,,,,,,,,,,,,,,,,,,,,,,,,,,,,,,,,2023_02,relief-camp-inmates
1859,4499990.0,0.0,0.0,0.0,0.0,0.0,0.0,0.0,0.0,0.0,4668718.0,0.0,0.0,0.0,0.0,0.0,0.0,0.0,10589082.0,0.0,319147533.0,0.0,17500653.0,0.0,18207521.83,0.0,0.0,0.0,0.0,0.0,0.0,0.0,0.0,0.0,0.0,2023_02,restoration-measures-tenders-awarded-value
1860,,,,,,,,,,,,,,,,,,,,,,,,,,,,,,,,,,,,2023_02,revenue-ci
1861,0.0,0.0,0.0,0.0,0.0,0.0,0.0,0.0,0.0,0.0,0.0,0.0,0.0,0.0,0.0,0.0,0.0,0.0,0.0,0.0,0.0,0.0,0.0,0.0,0.0,0.0,0.0,0.0,0.0,0.0,0.0,0.0,0.0,0.0,0.0,2023_02,ridf-tenders-awarded-value
1862,2,2,2,2,3,3,3,4,4,5,5,4,3,3,2,2,2,1,1,2,2,2,2,2,2,3,3,5,4,3,1,2,4,3,3,2023_02,risk-score
1863,40.41,31.82,44.45,42.67,48.72,54.12,75.86,92.72,0.0,132.1,117.46,93.89,81.24,128.04,0.0,131.02,21.39,17.55,21.07,50.82,52.86,49.5,50.22,50.65,0.0,0.0,0.0,97.87,0.0,0.0,0.0,753.19,0.0,0.0,162.79,2023_02,riverlevel-max
1864,5.050119047619047,11.762372448979592,14.750463203463203,7.095892857142857,18.962117647058825,7.718453781512605,33.618117647058824,37.428948579431776,0.0,63.93729411764706,30.597941176470588,68.33483658197007,16.14715294117647,44.98601960784314,0.0,32.667280701754386,14.00225832125372,9.978126016260164,10.876011904761905,9.624083333333331,10.56642857142857,7.44856099596606,22.73475222317843,6.324062500000001,0.0,0.0,0.0,32.57101960784314,0.0,0.0,0.0,392.6651234567901,0.0,0.0,45.64585714285714,2023_02,riverlevel-mean
1865,0.0,0.0,0.0,0.0,0.0,0.0,0.0,0.0,0.0,0.0,0.0,0.0,0.0,0.0,0.0,0.0,7.11,0.0,0.0,0.0,0.0,0.0,0.0,0.0,0.0,0.0,0.0,0.0,0.0,0.0,0.0,66.07,0.0,0.0,0.0,2023_02,riverlevel-min
1866,858892.0,705770.0,1011509.0,725891.0,634621.0,1331470.0,745620.0,804067.0,578686.0,1211943.0,1453600.0,700651.0,736030.0,1389863.0,752361.0,843185.0,988230.0,615579.0,483931.0,654117.0,547046.0,1589070.0,746938.0,450865.0,429399.0,767150.0,650574.0,485197.0,574075.0,560100.0,78936.0,457481.0,54196.0,461489.0,294016.0,2023_02,road-length
1867,0.0,0.0,0.0,0.0,0.0,0.0,0.0,0.0,0.0,0.0,0.0,0.0,0.0,0.0,0.0,0.0,0.0,0.0,0.0,0.0,0.0,0.0,0.0,0.0,0.0,0.0,0.0,0.0,0.0,0.0,0.0,0.0,0.0,0.0,0.0,2023_02,roads
1868,2788,3147,2578,2904,1994,3284,2025,3519,2301,1950,2431,1838,2072,2507,1757,1063,3322,3188,3016,1463,1336,3463,1151,1817,1497,1858,1795,1007,1291,1320,1381,925,805,813,995,2023_02,schools-count
1869,0.0,0.0,0.0,0.0,0.0,0.0,0.0,0.0,0.0,0.0,0.0,0.0,0.0,0.0,0.0,0.0,0.0,0.0,0.0,0.0,0.0,0.0,0.0,0.0,0.0,0.0,0.0,0.0,0.0,0.0,0.0,0.0,0.0,0.0,0.0,2023_02,sdrf-sanctions-awarded-value
1870,0.0,0.0,0.0,0.0,0.0,0.0,0.0,0.0,0.0,0.0,0.0,0.0,0.0,0.0,0.0,0.0,0.0,0.0,0.0,0.0,0.0,0.0,0.0,0.0,0.0,0.0,0.0,0.0,0.0,0.0,0.0,0.0,0.0,0.0,0.0,2023_02,sdrf-tenders-awarded-value
1871,84.0,81.0,84.0,78.0,81.0,86.0,82.0,84.0,84.0,83.0,79.0,85.0,85.0,84.0,89.0,90.0,88.0,86.0,87.0,84.0,85.0,83.0,85.0,83.0,85.0,82.0,85.0,84.0,83.0,88.0,75.0,89.0,78.0,85.0,85.0,2023_02,slope-mean
1872,0.0,0.0,0.0,0.0,0.0,0.0,0.0,0.0,0.0,0.0,0.0,0.0,0.0,0.0,0.0,0.0,0.0,0.0,0.0,0.0,0.0,0.0,17500653.0,0.0,0.0,0.0,0.0,0.0,0.0,0.0,0.0,0.0,0.0,0.0,0.0,2023_02,sopd-tenders-awarded-value
1873,59707.0,44385.0,48154.0,70498.0,43994.0,101486.0,70953.0,60397.0,33716.0,81010.0,67434.0,44943.0,51670.0,73114.0,36768.0,11232.0,111691.0,87426.0,29638.0,35950.0,32886.0,76059.0,54254.0,43534.0,27022.0,56778.0,40272.0,17176.0,32641.0,48429.0,25076.0,24839.0,7555.0,12625.0,21929.0,2023_02,sum-aged-population
1874,1289251.0,1401030.0,1082272.0,1613275.0,1149616.0,2379170.0,1468618.0,1170535.0,707830.0,1415005.0,1500165.0,781776.0,1001168.0,1309191.0,708329.0,290661.0,2132069.0,1411746.0,776915.0,813460.0,614679.0,1644335.0,1366878.0,970177.0,725061.0,1170309.0,873216.0,497844.0,664801.0,1130389.0,547844.0,368151.0,165704.0,322294.0,503297.0,2023_02,sum-population
1875,94.12,16.72,26.39,29.16,71.12,96.88,200.5,276.9,363.11,533.56,491.06,166.89,79.64,117.97,71.9,29.92,15.65,6.72,0.64,25.98,46.2,22.42,6.27,7.02,37.53,53.86,81.11,147.54,119.56,14.35,3.6,27.77,95.53,8.97,34.88,2023_02,sum-rain
1876,121859.0,109709.0,110964.0,139208.0,90493.0,191488.0,120806.0,107647.0,64106.0,140856.0,98881.0,58125.0,57601.0,107241.0,84566.0,25933.0,187658.0,167030.0,62145.0,69199.0,62848.0,108586.0,64714.0,49888.0,37905.0,113188.0,68495.0,22488.0,55200.0,91919.0,59374.0,55356.0,8826.0,24080.0,31356.0,2023_02,sum-young-population
1877,,,,,,,,,,,,,,,,,,,,,,,,,,,,,,,,,,,,2023_02,topsis-score
1878,0.0,0.0,0.0,0.0,0.0,0.0,0.0,0.0,0.0,0.0,0.0,0.0,0.0,0.0,0.0,0.0,0.0,0.0,0.0,0.0,0.0,0.0,0.0,0.0,0.0,0.0,0.0,0.0,0.0,0.0,0.0,0.0,0.0,0.0,0.0,2023_02,total-animal-affected
1879,0.0,0.0,0.0,0.0,0.0,0.0,0.0,0.0,0.0,0.0,0.0,0.0,0.0,0.0,0.0,0.0,0.0,0.0,0.0,0.0,0.0,0.0,0.0,0.0,0.0,0.0,0.0,0.0,0.0,0.0,0.0,0.0,0.0,0.0,0.0,2023_02,total-animal-washed-away
1880,214904.0,377710.0,240459.0,393378.0,267778.0,527427.0,318730.0,266928.0,195025.0,318555.0,311523.0,172096.0,272707.0,275841.0,103131.0,30119.0,416101.0,256161.0,165784.0,185414.0,105445.0,408132.0,327221.0,233278.0,132203.0,231859.0,185739.0,108235.0,150938.0,214866.0,202538.0,52339.0,39239.0,77895.0,112690.0,2023_02,total-hhd
1881,0.0,0.0,0.0,0.0,0.0,0.0,0.0,0.0,0.0,0.0,0.0,0.0,0.0,0.0,0.0,0.0,0.0,0.0,0.0,0.0,0.0,0.0,0.0,0.0,0.0,0.0,0.0,0.0,0.0,0.0,0.0,0.0,0.0,0.0,0.0,2023_02,total-house-fully-damaged
1882,4499990.0,0.0,0.0,0.0,0.0,0.0,0.0,0.0,0.0,0.0,0.0,0.0,0.0,0.0,0.0,0.0,12501000.0,0.0,10589082.0,0.0,884815602.0,0.0,76788803.0,0.0,18207521.83,0.0,0.0,0.0,0.0,0.0,0.0,0.0,0.0,0.0,0.0,2023_02,total-tender-awarded-value
1883,45.15733260910527,6.295669443200221,21.316097456778483,1.4410979588599238,7.1631365256988335,13.130603256074064,16.32433289018804,11.298052164659342,17.488013427436147,43.15625777286192,25.92105688247573,21.1422424318834,21.393395288013565,18.82660027045509,85.07154964982493,92.29569010169598,60.353704961758446,36.26565971971056,43.36511709357278,14.16548230227064,22.37029812106575,20.81245902591373,35.957924938067336,7.207882563668975,19.429144582194063,5.091573205520924,9.495156980657285,37.10315796607807,13.32930413132909,26.15250229961493,2.169503904800628,81.478893902149,4.161078533221625,7.849966625084857,8.614991753163086,2023_02,trees
1884,3,2,3,3,5,3,4,4,3,4,4,3,2,3,1,1,3,1,1,3,3,2,1,1,3,3,4,3,4,5,2,4,1,1,3,2023_02,vulnerability
1885,2.4617055111690327,10.115460917273063,6.207572669407478,19.70640050356963,9.58491402716118,5.550454557373425,8.41149019386846,6.337148039526079,3.805855965824301,4.013904962898205,6.674014110059943,2.8447155589171693,1.4105711842920938,5.40871019375055,0.2385064220558348,0.4601232903128437,2.9642427952048047,3.969055099568677,2.862004953550255,8.754941065871378,2.340754471421925,4.391433165646533,5.607689436614821,6.220920042266077,1.5204914146888506,8.466562659136839,1.1728439049845485,1.2189664170576533,5.371808847044157,1.414204943735177,22.12940719553415,0.690618804561425,13.378961466416229,3.346661983939757,2.390924968958241,2023_02,water
1886,9.0,7.5,8.9,8.0,7.2,9.8,9.8,8.3,7.0,8.6,10.2,10.4,10.3,8.8,7.2,8.1,9.8,9.8,9.5,9.1,8.2,10.1,12.1,10.5,9.0,9.2,8.3,8.6,8.9,8.0,6.7,5.8,9.4,7.0,11.6,2023_03,avg-electricity
1887,2.2,2.6,2.0,2.0,2.4,2.0,2.2,2.4,2.0,2.0,2.0,2.2,2.2,2.3,2.0,2.5,2.2,2.4,2.0,2.2,2.2,2.4,2.5,2.1,2.3,2.0,2.2,2.0,2.3,2.3,2.0,2.0,2.5,2.3,2.2,2023_03,avg-tele
1888,0.7291309832244668,6.282752457308544,4.999391518830241,10.444177178408005,8.175019472251908,1.2235212390545087,10.52618531586649,3.2325924577600795,4.742513716993724,5.312196685500217,11.662489485489248,1.0101712469281114,0.5156360065359646,5.505277315803769,0.0058624454729746,0.0622146613901976,0.083037601117575,0.0071894581167785,0.0098294580600155,4.710942945529917,2.3036081993801845,2.3188358883598714,0.3503958936808835,1.3536474650209336,0.7391123039039552,7.460556744979987,1.0683508705361642,0.0002064591751955,5.342328361705498,0.1324172855045991,13.813883850363,0.0460991244995262,22.8588192180144,0.0578268931460054,1.441767189681854,2023_03,bare-ground
1889,0.0,0.0,0.0,0.0,0.0,0.0,0.0,0.0,0.0,0.0,0.0,0.0,0.0,0.0,0.0,0.0,0.0,0.0,0.0,0.0,0.0,0.0,0.0,0.0,0.0,0.0,0.0,0.0,0.0,0.0,0.0,0.0,0.0,0.0,0.0,2023_03,bridge
1890,12.81300227976027,19.532673095299,21.7278935367819,23.22428039314995,16.40366742520424,21.521102451629076,16.13009496182345,19.12773530099464,15.515829181438098,13.5380629538649,14.759587412202354,19.086871949976327,21.9959009966027,21.986894352236536,4.95661790333012,1.753435870164205,10.199739088758738,21.39170055907628,15.507520568519816,30.68667020128292,27.174281979758764,20.9913903969805,42.34549788090294,25.232936526655187,21.912543882589222,22.29582757731616,21.989800182739955,17.539405921056268,17.597931303237132,21.919616710066062,14.28818141391939,3.85584375244879,8.66307250908374,26.54786157172083,24.67738978643938,2023_03,built-area
1891,,,,,,,,,,,,,,,,,,,,,,,,,,,,,,,,,,,,2023_03,children-camp
1892,0.0,0.0,0.0,0.0,0.0,0.0,0.0,0.0,0.0,0.0,0.0,0.0,0.0,0.0,0.0,0.0,0.0,0.0,0.0,0.0,0.0,0.0,0.0,0.0,0.0,0.0,0.0,0.0,0.0,0.0,0.0,0.0,0.0,0.0,0.0,2023_03,cidf-tenders-awarded-value
1893,0.0,0.0,0.0,0.0,0.0,0.0,0.0,0.0,0.0,0.0,0.0,0.0,0.0,0.0,0.0,3.58464258819225e-06,0.0,0.0,0.0,0.0,0.0,0.0,0.0,0.0,0.0,0.0,0.0,0.0,0.0,0.0,0.0,0.0,0.0,0.0,0.0,2023_03,clouds
1894,,,,,,,,,,,,,,,,,,,,,,,,,,,,,,,,,,,,2023_03,count
1895,0.0,0.0,0.0,0.0,0.0,0.0,0.0,0.0,0.0,0.0,0.0,0.0,0.0,0.0,0.0,0.0,0.0,0.0,0.0,0.0,0.0,0.0,0.0,0.0,0.0,0.0,0.0,0.0,0.0,0.0,0.0,0.0,0.0,0.0,0.0,2023_03,crop-area
1896,34.77527152998702,53.115174092308514,43.081676878517285,39.87347334063675,56.12263874661642,53.9577972353235,41.80341038314397,57.6139478308087,54.41830836224068,24.58412332813268,36.01737012803437,50.6661323741195,51.67930031884608,39.59934936480119,7.411819754383287,1.2420343135366083,23.52796139910944,36.26379760547847,35.95412517709405,38.46939367950876,41.60286149446442,49.12874115534136,14.133211183628369,59.13318531920358,52.62028872633751,53.61755361358087,65.17174349430036,42.21612032772426,52.41287206896256,49.23144002421417,38.8693357103284,8.8456687960696,37.523128650518046,62.02119192738157,61.68116906697585,2023_03,crops
1897,4296.624151156235,2231.5993331549903,3585.3069321814023,1247.6117514050093,2700.336576957554,3477.530108369159,1557.3606551140049,2711.0464141089856,2238.6415334905228,4159.102888381455,9491.630139883577,3889.6067327857527,7133.757644739055,3445.5268629610114,8511.666927309077,4923.297486224749,3222.517655928944,4060.318063254274,4335.474967336042,1883.330083753236,975.2407923854796,4254.719948057848,3333.953706616405,1829.807307358248,1576.5499878215094,1098.83444541599,1489.926404330648,4700.953196095703,4363.59388114963,5163.44360094801,880.805632910103,4989.53282327419,1292.455559234692,1123.7037030160088,1578.254039674223,2023_03,distance-from-river
1898,KOKRAJHAR,DHUBRI,GOALPARA,BARPETA,MORIGAON,NAGAON,SONITPUR,LAKHIMPUR,DHEMAJI,TINSUKIA,DIBRUGARH,SIVASAGAR,JORHAT,GOLAGHAT,KARBI ANGLONG,DIMA HASAO,CACHAR,KARIMGANJ,HAILAKANDI,BONGAIGAON,CHIRANG,KAMRUP,KAMRUP METRO,NALBARI,BAKSA,DARRANG,UDALGURI,CHARAIDEO,BISWANATH,HOJAI,SOUTH SALMARA MANCACHAR,WEST KARBI ANGLONG,MAJULI,BAJALI,TAMULPUR,2023_03,district
1899,0.0005623749999999,0.0006515714285714,0.0005706,0.0006465,0.0005976,0.0005747142857142,0.000571,0.0006111428571428,0.0005535,0.00057375,0.0006251428571428,0.0006055,0.0006035999999999,0.0005855,0.00041,0.00031275,0.0004408,0.0005329999999999,0.0005025,0.0005798,0.000528,0.0005858461538461,0.00044875,0.000670625,0.0005907142857142,0.0006724,0.0006286666666666,0.000603,0.0006126666666666,0.00058,0.000585,0.000439,0.0006255,0.0006813333333333,0.0006636,2023_03,drainage-density
1900,,,,,,,,,,,,,,,,,,,,,,,,,,,,,,,,,,,,2023_03,dtcode11
1901,,,,,,,,,,,,,,,,,,,,,,,,,,,,,,,,,,,,2023_03,dtname
1902,0.89223725,0.9274135714285714,0.8636692,0.873894,0.8006142,0.8778561428571428,0.832555,0.8287354285714285,0.8662709999999999,0.8173367500000001,0.8366504285714286,0.8818345,0.9273082,0.8766566666666668,0.9565656666666666,1.0,0.8667832000000001,0.962109,0.9487,0.8860340000000001,0.8911484,0.9526882307692308,1.0,0.961905625,0.8549077142857142,0.8635468,0.8250333333333333,0.8807079999999999,0.8230616666666667,0.7761589999999999,0.9147565,0.80514,0.953603,0.977035,0.8797736,2023_03,efficiency
1903,63.0,33.0,49.0,40.0,63.0,72.0,86.0,96.0,141.0,142.0,113.0,99.0,105.0,97.0,347.0,607.0,155.0,36.0,47.0,54.0,84.0,82.0,114.0,49.0,70.0,59.0,91.0,112.0,86.0,125.0,26.0,483.0,85.0,47.0,71.0,2023_03,elevation-mean
1904,0.0,0.0,0.0,0.0,0.0,0.0,0.0,0.0,0.0,0.0,0.0,0.0,0.0,0.0,0.0,0.0,0.0,0.0,0.0,0.0,0.0,0.0,0.0,0.0,0.0,0.0,0.0,0.0,0.0,0.0,0.0,0.0,0.0,0.0,0.0,2023_03,embankment-breached
1905,0.0,0.0,0.0,0.0,0.0,0.0,0.0,0.0,0.0,0.0,0.0,0.0,0.0,0.0,0.0,0.0,0.0,0.0,0.0,0.0,0.0,0.0,0.0,0.0,0.0,0.0,0.0,0.0,0.0,0.0,0.0,0.0,0.0,0.0,0.0,2023_03,embankments-affected
1906,1,2,2,3,2,4,5,1,1,5,2,2,2,2,2,1,5,3,2,1,1,1,4,1,1,3,1,1,2,5,5,3,1,1,1,2023_03,exposure
1907,,,,,,,,,,,,,,,,,,,,,,,,,,,,,,,,,,,,2023_03,female-camp
1908,2022-2023,2022-2023,2022-2023,2022-2023,2022-2023,2022-2023,2022-2023,2022-2023,2022-2023,2022-2023,2022-2023,2022-2023,2022-2023,2022-2023,2022-2023,2022-2023,2022-2023,2022-2023,2022-2023,2022-2023,2022-2023,2022-2023,2022-2023,2022-2023,2022-2023,2022-2023,2022-2023,2022-2023,2022-2023,2022-2023,2022-2023,2022-2023,2022-2023,2022-2023,2022-2023,2023_03,financial-year
1909,2,3,3,3,1,1,1,4,4,4,5,4,2,2,1,1,1,1,1,2,2,2,1,1,2,1,1,5,2,1,4,1,5,2,1,2023_03,flood-hazard
1910,,,,,,,,,,,,,,,,,,,,,,,,,,,,,,,,,,,,2023_03,flood-hazard-float
1911,0.6319548814145013,0.0264988838337596,0.1872910037294446,0.158831904668017,0.1961153522045057,1.390530397598282,0.1195075980714078,0.1324518295700244,0.1712649359439842,0.5289883082629272,0.392753765703258,0.9543536034917056,0.7424989815603891,0.4650992334585388,0.0003520763338109,0.0,0.2152261455433427,0.3384627601280647,0.5305185702806088,0.0770863053839264,0.013611502290577,0.0940553611739222,0.0947180121379085,0.1077116990742689,0.0031494346409583,0.0100595008760245,0.0,0.0461566608796366,0.4186526542872403,0.0265504009117852,0.0410408182797719,0.0127980275092552,0.3927505813793145,0.0625726025883714,0.0002513994932999,2023_03,flooded-vegetation
1912,5,1,5,4,5,5,5,2,5,5,5,5,5,5,5,5,5,4,5,4,5,5,4,5,5,5,5,5,5,5,5,5,5,5,5,2023_03,government-response
1913,163,151,154,205,116,277,158,124,73,119,169,143,106,153,30,4,176,96,87,88,68,282,52,142,109,129,15,82,100,91,69,25,32,70,67,2023_03,health-centres-count
1914,0,0,0,0,0,0,0,0,0,0,0,0,0,0,0,0,0,0,0,0,0,0,0,0,0,0,0,0,0,0,0,0,0,0,0,2023_03,human-live-lost
1915,,,,,,,,,,,,,,,,,,,,,,,,,,,,,,,,,,,,2023_03,human-live-lost-children
1916,,,,,,,,,,,,,,,,,,,,,,,,,,,,,,,,,,,,2023_03,human-live-lost-female
1917,,,,,,,,,,,,,,,,,,,,,,,,,,,,,,,,,,,,2023_03,human-live-lost-male
1918,0.0,0.0,0.0,0.0,173008113.0,23592642.0,0.0,0.0,0.0,0.0,0.0,0.0,0.0,0.0,0.0,0.0,0.0,0.0,0.0,0.0,5917427.1,0.0,235969317.62,0.0,0.0,0.0,0.0,0.0,0.0,0.0,0.0,0.0,268829079.0,0.0,0.0,2023_03,immediate-measures-tenders-awarded-value
1919,0.0,0.0,0.0,0.0,0.0,0.0,0.0,0.0,0.0,0.0,0.0,0.0,0.0,0.0,0.0,0.0,0.0,0.0,0.0,0.0,0.0,0.0,0.0,0.0,0.0,0.0,0.0,0.0,0.0,0.0,0.0,0.0,0.0,0.0,0.0,2023_03,inundation-intensity-mean
1920,0.0,0.0,0.0,0.0,0.0,0.0,0.0,0.0,0.0,0.0,0.0,0.0,0.0,0.0,0.0,0.0,0.0,0.0,0.0,0.0,0.0,0.0,0.0,0.0,0.0,0.0,0.0,0.0,0.0,0.0,0.0,0.0,0.0,0.0,0.0,2023_03,inundation-intensity-mean-nonzero
1921,0.0,0.0,0.0,0.0,0.0,0.0,0.0,0.0,0.0,0.0,0.0,0.0,0.0,0.0,0.0,0.0,0.0,0.0,0.0,0.0,0.0,0.0,0.0,0.0,0.0,0.0,0.0,0.0,0.0,0.0,0.0,0.0,0.0,0.0,0.0,2023_03,inundation-intensity-sum
1922,0.0,0.0,0.0,0.0,0.0,0.0,0.0,0.0,0.0,0.0,0.0,0.0,0.0,0.0,0.0,0.0,0.0,0.0,0.0,0.0,0.0,0.0,0.0,0.0,0.0,0.0,0.0,0.0,0.0,0.0,0.0,0.0,0.0,0.0,0.0,2023_03,inundation-pct
1923,0.0,0.0,0.0,0.0,0.0,0.0,0.0,0.0,0.0,0.0,0.0,0.0,0.0,0.0,0.0,0.0,0.0,0.0,0.0,0.0,0.0,0.0,0.0,0.0,0.0,0.0,0.0,0.0,0.0,0.0,0.0,0.0,0.0,0.0,0.0,2023_03,ltif-tenders-awarded-value
1924,,,,,,,,,,,,,,,,,,,,,,,,,,,,,,,,,,,,2023_03,male-camp
1925,0.2,0.2,0.22,0.22,0.17,0.16,0.17,0.34,0.26,0.23,0.26,0.26,0.21,0.34,0.14,0.18,0.15,0.13,0.15,0.16,0.19,0.27,0.14,0.16,0.19,0.17,0.17,0.26,0.19,0.14,0.25,0.18,0.34,0.19,0.15,2023_03,max-rain
1926,79.02868494142712,101.80280753365652,92.94383900653578,105.59323892727154,101.52151689605472,82.80184981421402,96.12358569934148,83.9078683433952,82.58482453454118,85.28440626816572,92.33941954273553,80.5484411209615,79.26767921681454,87.0143854317649,73.9235270160713,74.45407242468538,76.22171823123378,78.77654329987095,76.5297175055914,92.84413483394596,78.73454361714819,88.47737641290556,90.33791694141864,81.3350244170581,77.2968865972734,93.73693822422564,78.06937273928872,76.99096084367254,87.73877652848734,76.69919006241047,135.19869279538494,74.5890767941101,111.4923918776678,77.2774448783579,78.49346327750206,2023_03,mean-cn
1927,-0.0077552624670513,-0.0043632118843224,0.0380669973723008,-0.0456845222330715,-0.0575642859535798,-0.0140264541805444,0.0133663544214458,0.0016834669433135,-0.0228387737472939,-0.0185044393419421,0.0602521744098142,0.0670214008805065,0.045491682663669,0.0712220563354241,-0.0887036305443291,-0.139467321088395,-0.0910585682521509,-0.0213089150025924,-0.0204374613020107,-0.0252995821218159,-0.0090876800337528,-0.0258557084432908,-0.0285372981306411,-0.0127565091026505,-0.0288805458049262,-0.0191410796582395,0.0121796342824137,0.0625076551442541,0.0303293043933945,0.0581667111112283,0.0217789366423538,-0.0613852198260336,0.0518719241750585,-0.0002344475022648,-0.0317462709725876,2023_03,mean-ndbi
1928,0.3709632273805051,0.241358008470615,0.2475938370557884,0.2352046747201543,0.1777346752398379,0.3127246264826204,0.3026857635583084,0.4096933167599785,0.442351913431005,0.4787287135405213,0.3415280641232873,0.3626500792560824,0.424537940786568,0.3696523771371893,0.562286002971196,0.6499865834054457,0.5361632936069408,0.367026055760783,0.4093192351889195,0.313092646131976,0.3831675077131493,0.2677832789160001,0.2092420851315221,0.3038266776355553,0.4165283106415985,0.2621480349846334,0.3505623568536778,0.3902986569840904,0.3653653888712704,0.3098880784775702,0.194454333844263,0.5008820644916505,0.2537699533497489,0.3355374647035107,0.3832971537894561,2023_03,mean-ndvi
1929,0.16,0.17,0.19,0.16,0.13,0.14,0.14,0.2,0.22,0.2,0.24,0.21,0.14,0.13,0.1,0.1,0.12,0.12,0.13,0.16,0.16,0.16,0.12,0.12,0.15,0.11,0.11,0.25,0.15,0.1,0.22,0.09,0.21,0.13,0.11,2023_03,mean-rain
1930,0.94,0.94,0.94,0.94,0.95,0.94,0.93,0.94,0.93,0.93,0.94,0.93,0.94,0.94,0.92,0.91,0.94,0.94,0.93,0.95,0.95,0.93,0.91,0.93,0.95,0.93,0.94,0.93,0.93,0.94,0.94,0.93,0.94,0.94,0.95,2023_03,mean-sex-ratio
1931,78683.46309,83470.903,78088.12,79714.84605,75490.3523,87424.20199999999,71470.137,90513.46103,104651.240916,68512.0013,81437.447,43095.76595,54183.314,128914.321604,35388.58,27888.17,66721.37,42827.17595,35287.21,42395.395,27850.66,74001.84561,6039.38,44021.984,58167.37587,76196.45569999999,93034.31635285716,23849.9,71288.401,78621.26999999999,17419.61,48488.349,16642.66,23559.76,71015.57777333334,2023_03,net-sown-area-in-hac
1932,19996712.85,0.0,0.0,0.0,0.0,161546941.38,0.0,10980000.0,0.0,0.0,0.0,0.0,27151263.0,0.0,0.0,0.0,102290039.0,44728009.0,97296585.0,0.0,4964057.0,3325000.0,0.0,72749220.0,0.0,0.0,7999900.0,0.0,0.0,0.0,0.0,0.0,9650700.0,0.0,0.0,2023_03,others-tenders-awarded-value
1933,0.0,0.0,0.0,0.0,0.0,0.0,0.0,0.0,0.0,0.0,0.0,0.0,0.0,0.0,0.0,0.0,0.0,0.0,0.0,0.0,0.0,0.0,0.0,0.0,0.0,0.0,0.0,0.0,0.0,0.0,0.0,0.0,0.0,0.0,0.0,2023_03,population-affected-total
1934,62.0,342.0,34.0,5.0,10.0,45.0,35.0,38.0,77.0,43.0,49.0,27.0,41.0,43.0,32.0,146.0,46.0,45.0,28.0,81.0,8.0,45.0,80.0,11.0,0.0,0.0,24.0,24.0,19.0,30.0,0.0,0.0,0.0,9.0,6.0,2023_03,rail-count
1935,145613.0,139561.0,78425.0,17621.0,30884.0,174517.0,138494.0,108334.0,121454.0,119685.0,123774.0,73292.0,86126.0,117155.0,73424.0,172636.0,103488.0,117739.0,90281.0,82273.0,24548.0,109026.0,89510.0,30164.0,0.0,0.0,66114.0,80492.0,74271.0,75327.0,0.0,0.0,0.0,28139.0,18201.0,2023_03,rail-length
1936,3.4316022053394977,4.631771110776882,2.480076935955142,5.151738720707722,2.354508450862955,3.2259908629471004,6.684978657038228,2.258072376681141,3.8582144101230815,8.866465988479138,4.572728216035082,4.295512834683773,2.2626972241491186,8.208069269494366,2.31529174859903,4.1864981782576525,2.6560880085077523,1.7641347979211095,1.770884178922499,3.135483500152478,4.194584231618326,2.2630850065840784,1.5105626549677873,0.7437163841109358,3.775269655645464,3.057866698589287,1.1021045667816776,1.8759862480289105,5.527102633434498,1.123268335953194,8.68864710677468,5.07007759276236,13.02218904136665,0.1139183961385548,1.193505835288304,2023_03,rangeland
1937,3131,1557,1979,1848,1512,2564,3445,2998,2483,3810,3379,1567,1865,3523,7337,4884,3783,1839,1329,1088,1926,3283,834,1036,1526,1611,1987,1073,1783,1456,684,3073,970,470,877,2023_03,rc-area
1938,22.9,25.01,25.42,15.04,15.81,23.51,13.19,16.32,20.87,24.89,12.8,8.96,12.07,15.06,23.47,23.25,15.87,14.25,19.26,12.86,25.35,9.48,11.61,21.25,15.46,13.0,15.96,19.71,28.46,27.66,28.09,28.84,17.28,9.75,12.15,2023_03,rc-nosanitation-hhds-pct
1939,2.85,1.19,3.55,2.25,3.35,4.98,6.04,2.83,2.26,3.42,4.19,6.81,14.25,7.18,1.95,6.36,8.53,5.57,4.01,2.04,1.03,3.32,11.46,9.66,2.8,5.1,3.07,3.8,4.2,5.27,3.57,0.24,4.95,6.03,5.78,2023_03,rc-piped-hhds-pct
1940,,,,,,,,,,,,,,,,,,,,,,,,,,,,,,,,,,,,2023_03,relief-camp-inmates
1941,22996576.85,156123495.0,0.0,190401069.0,4049974.0,291240029.18,0.0,10980000.0,291761318.0,0.0,0.0,0.0,27151263.0,0.0,0.0,0.0,102290039.0,44728009.0,249664812.0,0.0,4964057.0,3325000.0,651118514.0,163431117.0,48097550.0,5283900.0,78680194.9,0.0,0.0,0.0,0.0,144102252.0,9650700.0,0.0,4406100.0,2023_03,restoration-measures-tenders-awarded-value
1942,,,,,,,,,,,,,,,,,,,,,,,,,,,,,,,,,,,,2023_03,revenue-ci
1943,0.0,156123495.0,0.0,0.0,173008113.0,314832671.14,0.0,0.0,143636913.0,0.0,0.0,0.0,27151263.0,0.0,0.0,0.0,44746894.0,203363224.0,0.0,0.0,0.0,0.0,462477496.0,117443054.0,48097550.0,0.0,0.0,0.0,0.0,0.0,0.0,0.0,268829079.0,0.0,0.0,2023_03,ridf-tenders-awarded-value
1944,3,3,4,4,3,2,2,5,4,5,5,5,3,3,1,1,2,1,1,2,2,3,1,2,2,2,2,5,3,2,5,2,5,2,1,2023_03,risk-score
1945,40.5,31.8,44.91,42.83,49.4,54.36,76.35,93.15,0.0,132.4,117.98,94.92,82.17,128.11,0.0,131.34,21.37,17.69,21.28,50.91,52.82,49.65,50.25,50.7,0.0,0.0,0.0,98.7,0.0,0.0,0.0,753.65,0.0,0.0,162.96,2023_03,riverlevel-max
1946,5.051023936170212,11.758496629633408,14.799306633291613,7.101897163120568,18.96722933930571,7.7095639097744355,33.74721052631578,37.49213533834587,0.0,63.97080235162374,30.65455662966942,68.43817105263157,16.188863157894737,44.951931145066965,0.0,32.60231707317073,13.926006250546376,9.97189247311828,10.838440860215057,9.628808510638295,10.55861111111111,7.461206148153421,22.79906114161519,6.32501329787234,0.0,0.0,0.0,32.49021052631579,0.0,0.0,0.0,406.0892021276596,0.0,0.0,45.63379787234042,2023_03,riverlevel-mean
1947,0.0,0.0,0.0,0.0,0.0,0.0,0.0,0.0,0.0,0.0,0.0,0.0,0.0,0.0,0.0,0.0,5.12,0.0,0.0,0.0,0.0,0.0,0.0,0.0,0.0,0.0,0.0,0.0,0.0,0.0,0.0,66.02,0.0,0.0,0.0,2023_03,riverlevel-min
1948,858892.0,705770.0,1011509.0,725891.0,634621.0,1331470.0,745620.0,804067.0,578686.0,1211943.0,1453600.0,700651.0,736030.0,1389863.0,752361.0,843185.0,988230.0,615579.0,483931.0,654117.0,547046.0,1589070.0,746938.0,450865.0,429399.0,767150.0,650574.0,485197.0,574075.0,560100.0,78936.0,457481.0,54196.0,461489.0,294016.0,2023_03,road-length
1949,0.0,0.0,0.0,0.0,0.0,0.0,0.0,0.0,0.0,0.0,0.0,0.0,1.0,0.0,0.0,0.0,0.0,0.0,0.0,0.0,0.0,0.0,0.0,0.0,0.0,0.0,0.0,0.0,0.0,1.0,0.0,0.0,0.0,0.0,0.0,2023_03,roads
1950,2788,3147,2578,2904,1994,3284,2025,3519,2301,1950,2431,1838,2072,2507,1757,1063,3322,3188,3016,1463,1336,3463,1151,1817,1497,1858,1795,1007,1291,1320,1381,925,805,813,995,2023_03,schools-count
1951,0.0,7889000.0,190000.0,850000.0,0.0,0.0,0.0,5916000.0,0.0,0.0,0.0,0.0,0.0,0.0,0.0,0.0,0.0,0.0,0.0,1400000.0,0.0,105529.41176470587,32470.58823529412,369400.0,440500.0,0.0,0.0,0.0,0.0,0.0,0.0,0.0,0.0,408000.0,0.0,2023_03,sdrf-sanctions-awarded-value
1952,0.0,0.0,0.0,14310250.0,0.0,0.0,0.0,0.0,3769570.55,0.0,0.0,0.0,0.0,0.0,0.0,0.0,0.0,0.0,0.0,0.0,0.0,0.0,0.0,0.0,0.0,0.0,0.0,0.0,0.0,0.0,0.0,0.0,0.0,0.0,0.0,2023_03,sdrf-tenders-awarded-value
1953,84.0,81.0,84.0,78.0,81.0,86.0,82.0,84.0,84.0,83.0,79.0,85.0,85.0,84.0,89.0,90.0,88.0,86.0,87.0,84.0,85.0,83.0,85.0,83.0,85.0,82.0,85.0,84.0,83.0,88.0,75.0,89.0,78.0,85.0,85.0,2023_03,slope-mean
1954,0.0,0.0,0.0,0.0,0.0,0.0,0.0,0.0,0.0,0.0,0.0,0.0,0.0,0.0,0.0,0.0,57543145.0,0.0,97296585.0,0.0,0.0,3325000.0,105489000.0,0.0,0.0,0.0,0.0,0.0,0.0,0.0,0.0,0.0,0.0,0.0,0.0,2023_03,sopd-tenders-awarded-value
1955,59707.0,44385.0,48154.0,70498.0,43994.0,101486.0,70953.0,60397.0,33716.0,81010.0,67434.0,44943.0,51670.0,73114.0,36768.0,11232.0,111691.0,87426.0,29638.0,35950.0,32886.0,76059.0,54254.0,43534.0,27022.0,56778.0,40272.0,17176.0,32641.0,48429.0,25076.0,24839.0,7555.0,12625.0,21929.0,2023_03,sum-aged-population
1956,1289251.0,1401030.0,1082272.0,1613275.0,1149616.0,2379170.0,1468618.0,1170535.0,707830.0,1415005.0,1500165.0,781776.0,1001168.0,1309191.0,708329.0,290661.0,2132069.0,1411746.0,776915.0,813460.0,614679.0,1644335.0,1366878.0,970177.0,725061.0,1170309.0,873216.0,497844.0,664801.0,1130389.0,547844.0,368151.0,165704.0,322294.0,503297.0,2023_03,sum-population
1957,462.52,249.25,330.27,261.27,174.32,320.0,441.53,529.91,505.62,714.77,751.62,309.82,228.61,388.47,636.9,462.55,394.04,189.35,149.63,152.74,285.24,522.89,80.47,115.36,221.81,171.47,194.07,247.46,248.19,135.7,135.2,246.53,187.63,60.0,101.17,2023_03,sum-rain
1958,121859.0,109709.0,110964.0,139208.0,90493.0,191488.0,120806.0,107647.0,64106.0,140856.0,98881.0,58125.0,57601.0,107241.0,84566.0,25933.0,187658.0,167030.0,62145.0,69199.0,62848.0,108586.0,64714.0,49888.0,37905.0,113188.0,68495.0,22488.0,55200.0,91919.0,59374.0,55356.0,8826.0,24080.0,31356.0,2023_03,sum-young-population
1959,,,,,,,,,,,,,,,,,,,,,,,,,,,,,,,,,,,,2023_03,topsis-score
1960,0.0,0.0,0.0,0.0,0.0,0.0,0.0,0.0,0.0,0.0,0.0,0.0,0.0,0.0,0.0,0.0,0.0,0.0,0.0,0.0,0.0,0.0,0.0,0.0,0.0,0.0,0.0,0.0,0.0,0.0,0.0,0.0,0.0,0.0,0.0,2023_03,total-animal-affected
1961,0.0,0.0,0.0,0.0,0.0,0.0,0.0,0.0,0.0,0.0,0.0,0.0,0.0,0.0,0.0,0.0,0.0,0.0,0.0,0.0,0.0,0.0,0.0,0.0,0.0,0.0,0.0,0.0,0.0,0.0,0.0,0.0,0.0,0.0,0.0,2023_03,total-animal-washed-away
1962,214904.0,377710.0,240459.0,393378.0,267778.0,527427.0,318730.0,266928.0,195025.0,318555.0,311523.0,172096.0,272707.0,275841.0,103131.0,30119.0,416101.0,256161.0,165784.0,185414.0,105445.0,408132.0,327221.0,233278.0,132203.0,231859.0,185739.0,108235.0,150938.0,214866.0,202538.0,52339.0,39239.0,77895.0,112690.0,2023_03,total-hhd
1963,0.0,0.0,0.0,0.0,0.0,0.0,0.0,0.0,0.0,0.0,0.0,0.0,0.0,0.0,0.0,0.0,0.0,0.0,0.0,0.0,0.0,0.0,0.0,0.0,0.0,0.0,0.0,0.0,0.0,0.0,0.0,0.0,0.0,0.0,0.0,2023_03,total-house-fully-damaged
1964,22996576.85,156123495.0,0.0,341083000.0,173008113.0,369703552.63,0.0,10980000.0,295530888.55,0.0,0.0,0.0,27151263.0,0.0,0.0,0.0,102290039.0,203363224.0,415339389.0,0.0,10881484.1,3325000.0,803935813.62,163431117.0,48097550.0,82558245.0,370486850.0,0.0,0.0,0.0,0.0,0.0,278479779.0,0.0,329334807.0,2023_03,total-tender-awarded-value
1965,45.15733260910527,6.295669443200221,21.316097456778483,1.4410979588599238,7.1631365256988335,13.130603256074064,16.32433289018804,11.298052164659342,17.488013427436147,43.15625777286193,25.92105688247573,21.1422424318834,21.393395288013565,18.82660027045509,85.07154964982493,92.29569010169598,60.353704961758446,36.26565971971056,43.36511709357278,14.16548230227064,22.37029812106575,20.81245902591373,35.957924938067336,7.207882563668975,19.429144582194063,5.091573205520924,9.495156980657285,37.10315796607807,13.32930413132909,26.15250229961493,2.169503904800628,81.478893902149,4.161078533221625,7.849966625084856,8.614991753163086,2023_03,trees
1966,3,2,3,3,5,3,4,4,3,4,4,3,2,3,1,1,3,1,1,3,3,2,1,1,3,3,4,3,4,5,2,4,1,1,3,2023_03,vulnerability
1967,2.4617055111690327,10.115460917273063,6.207572669407478,19.70640050356963,9.58491402716118,5.550454557373423,8.41149019386846,6.337148039526079,3.805855965824301,4.013904962898205,6.674014110059943,2.8447155589171693,1.4105711842920938,5.40871019375055,0.2385064220558348,0.4601232903128437,2.9642427952048047,3.969055099568677,2.862004953550255,8.754941065871378,2.340754471421925,4.391433165646533,5.607689436614821,6.220920042266077,1.5204914146888506,8.46656265913684,1.1728439049845485,1.2189664170576533,5.371808847044157,1.414204943735177,22.12940719553415,0.690618804561425,13.378961466416229,3.346661983939757,2.390924968958241,2023_03,water
1968,9.0,7.5,8.9,8.0,7.2,9.8,9.8,8.3,7.0,8.6,10.2,10.4,10.3,8.8,7.2,8.1,9.8,9.8,9.5,9.1,8.2,10.1,12.1,10.5,9.0,9.2,8.3,8.6,8.9,8.0,6.7,5.8,9.4,7.0,11.6,2023_04,avg-electricity
1969,2.2,2.6,2.0,2.0,2.4,2.0,2.2,2.4,2.0,2.0,2.0,2.2,2.2,2.3,2.0,2.5,2.2,2.4,2.0,2.2,2.2,2.4,2.5,2.1,2.3,2.0,2.2,2.0,2.3,2.3,2.0,2.0,2.5,2.3,2.2,2023_04,avg-tele
1970,0.7291309832244668,6.282752457308544,4.999391518830241,10.444177178408005,8.175019472251908,1.2235212390545087,10.52618531586649,3.2325924577600795,4.742513716993725,5.312196685500217,11.662489485489248,1.0101712469281114,0.5156360065359646,5.505277315803769,0.0058624454729746,0.0622146613901976,0.083037601117575,0.0071894581167785,0.0098294580600155,4.710942945529917,2.303608199380184,2.3188358883598714,0.3503958936808835,1.3536474650209336,0.7391123039039552,7.460556744979987,1.0683508705361644,0.0002064591751955,5.342328361705498,0.1324172855045991,13.813883850363,0.0460991244995262,22.8588192180144,0.0578268931460054,1.441767189681854,2023_04,bare-ground
1971,0.0,0.0,0.0,0.0,0.0,0.0,0.0,0.0,0.0,0.0,0.0,0.0,0.0,0.0,0.0,0.0,0.0,0.0,0.0,0.0,0.0,0.0,0.0,0.0,0.0,0.0,0.0,0.0,0.0,0.0,0.0,0.0,0.0,0.0,0.0,2023_04,bridge
1972,12.813002279760273,19.532673095299,21.7278935367819,23.22428039314995,16.40366742520424,21.521102451629076,16.13009496182345,19.12773530099464,15.515829181438098,13.5380629538649,14.759587412202354,19.086871949976327,21.9959009966027,21.986894352236536,4.95661790333012,1.753435870164205,10.199739088758738,21.39170055907628,15.507520568519816,30.68667020128292,27.17428197975876,20.9913903969805,42.34549788090294,25.232936526655187,21.912543882589222,22.29582757731616,21.989800182739955,17.539405921056268,17.597931303237132,21.919616710066062,14.28818141391939,3.85584375244879,8.66307250908374,26.54786157172083,24.67738978643938,2023_04,built-area
1973,,,,,,,,,,,,,,,,,,,,,,,,,,,,,,,,,,,,2023_04,children-camp
1974,0.0,0.0,0.0,0.0,0.0,0.0,0.0,0.0,0.0,0.0,0.0,0.0,0.0,0.0,0.0,0.0,0.0,0.0,0.0,0.0,0.0,0.0,0.0,0.0,0.0,0.0,0.0,0.0,0.0,0.0,0.0,0.0,0.0,0.0,0.0,2023_04,cidf-tenders-awarded-value
1975,0.0,0.0,0.0,0.0,0.0,0.0,0.0,0.0,0.0,0.0,0.0,0.0,0.0,0.0,0.0,3.58464258819225e-06,0.0,0.0,0.0,0.0,0.0,0.0,0.0,0.0,0.0,0.0,0.0,0.0,0.0,0.0,0.0,0.0,0.0,0.0,0.0,2023_04,clouds
1976,,,,,,,,,,,,,,,,,,,,,,,,,,,,,,,,,,,,2023_04,count
1977,0.0,0.0,0.0,0.0,0.0,0.0,0.0,0.0,0.0,0.0,0.0,0.0,0.0,0.0,0.0,0.0,0.0,0.0,0.0,0.0,0.0,0.0,0.0,0.0,0.0,0.0,0.0,0.0,0.0,0.0,0.0,0.0,0.0,0.0,0.0,2023_04,crop-area
1978,34.77527152998702,53.115174092308514,43.081676878517285,39.87347334063675,56.12263874661642,53.9577972353235,41.80341038314398,57.6139478308087,54.41830836224068,24.58412332813268,36.01737012803437,50.6661323741195,51.67930031884608,39.59934936480119,7.411819754383287,1.2420343135366083,23.52796139910944,36.26379760547847,35.95412517709405,38.46939367950876,41.60286149446442,49.12874115534136,14.133211183628369,59.13318531920358,52.62028872633751,53.61755361358087,65.17174349430036,42.21612032772426,52.41287206896256,49.23144002421417,38.8693357103284,8.8456687960696,37.523128650518046,62.02119192738157,61.68116906697584,2023_04,crops
1979,4296.624151156235,2231.5993331549903,3585.3069321814023,1247.6117514050093,2700.336576957554,3477.530108369159,1557.3606551140049,2711.0464141089856,2238.6415334905228,4159.102888381454,9491.630139883577,3889.6067327857527,7133.757644739055,3445.5268629610114,8511.666927309077,4923.29748622475,3222.517655928944,4060.318063254274,4335.474967336042,1883.330083753236,975.2407923854796,4254.719948057848,3333.953706616405,1829.807307358248,1576.5499878215094,1098.83444541599,1489.926404330648,4700.953196095703,4363.59388114963,5163.44360094801,880.805632910103,4989.53282327419,1292.455559234692,1123.7037030160088,1578.254039674223,2023_04,distance-from-river
1980,KOKRAJHAR,DHUBRI,GOALPARA,BARPETA,MORIGAON,NAGAON,SONITPUR,LAKHIMPUR,DHEMAJI,TINSUKIA,DIBRUGARH,SIVASAGAR,JORHAT,GOLAGHAT,KARBI ANGLONG,DIMA HASAO,CACHAR,KARIMGANJ,HAILAKANDI,BONGAIGAON,CHIRANG,KAMRUP,KAMRUP METRO,NALBARI,BAKSA,DARRANG,UDALGURI,CHARAIDEO,BISWANATH,HOJAI,SOUTH SALMARA MANCACHAR,WEST KARBI ANGLONG,MAJULI,BAJALI,TAMULPUR,2023_04,district
1981,0.0005623749999999,0.0006515714285714,0.0005706,0.0006465,0.0005976,0.0005747142857142,0.000571,0.0006111428571428,0.0005535,0.00057375,0.0006251428571428,0.0006055,0.0006035999999999,0.0005855,0.00041,0.00031275,0.0004408,0.0005329999999999,0.0005025,0.0005798,0.000528,0.0005858461538461,0.00044875,0.000670625,0.0005907142857142,0.0006724,0.0006286666666666,0.000603,0.0006126666666666,0.00058,0.000585,0.000439,0.0006255,0.0006813333333333,0.0006636,2023_04,drainage-density
1982,,,,,,,,,,,,,,,,,,,,,,,,,,,,,,,,,,,,2023_04,dtcode11
1983,,,,,,,,,,,,,,,,,,,,,,,,,,,,,,,,,,,,2023_04,dtname
1984,0.89223725,0.9274135714285714,0.8636692,0.873894,0.8006142,0.8778561428571428,0.832555,0.8287354285714285,0.8662709999999999,0.8173367500000001,0.8366504285714286,0.8818345,0.9324576,0.8766566666666668,0.9565656666666666,1.0,0.8667832000000001,0.962109,0.9487,0.8860340000000001,0.8911484,0.9526882307692308,1.0,0.961905625,0.8549077142857142,0.8635468,0.8250333333333333,0.8807079999999999,0.8230616666666667,0.7797956666666667,0.9147565,0.80514,0.953603,0.977035,0.8797736,2023_04,efficiency
1985,63.0,33.0,49.0,40.0,63.0,72.0,86.0,96.0,141.0,142.0,113.0,99.0,105.0,97.0,347.0,607.0,155.0,36.0,47.0,54.0,84.0,82.0,114.0,49.0,70.0,59.0,91.0,112.0,86.0,125.0,26.0,483.0,85.0,47.0,71.0,2023_04,elevation-mean
1986,0.0,0.0,0.0,0.0,0.0,0.0,0.0,0.0,0.0,0.0,0.0,0.0,0.0,0.0,0.0,0.0,0.0,0.0,0.0,0.0,0.0,0.0,0.0,0.0,0.0,0.0,0.0,0.0,0.0,0.0,0.0,0.0,0.0,0.0,0.0,2023_04,embankment-breached
1987,0.0,0.0,0.0,0.0,0.0,0.0,0.0,0.0,0.0,0.0,0.0,0.0,0.0,0.0,0.0,0.0,0.0,0.0,0.0,0.0,0.0,0.0,0.0,0.0,0.0,0.0,0.0,0.0,0.0,0.0,0.0,0.0,0.0,0.0,0.0,2023_04,embankments-affected
1988,1,2,2,3,2,4,5,1,1,5,2,2,2,2,2,1,5,3,2,1,1,1,4,1,1,3,1,1,2,5,5,3,1,1,1,2023_04,exposure
1989,,,,,,,,,,,,,,,,,,,,,,,,,,,,,,,,,,,,2023_04,female-camp
1990,2023-2024,2023-2024,2023-2024,2023-2024,2023-2024,2023-2024,2023-2024,2023-2024,2023-2024,2023-2024,2023-2024,2023-2024,2023-2024,2023-2024,2023-2024,2023-2024,2023-2024,2023-2024,2023-2024,2023-2024,2023-2024,2023-2024,2023-2024,2023-2024,2023-2024,2023-2024,2023-2024,2023-2024,2023-2024,2023-2024,2023-2024,2023-2024,2023-2024,2023-2024,2023-2024,2023_04,financial-year
1991,2,1,2,5,1,1,1,3,4,3,5,4,1,1,1,1,1,3,3,3,3,1,1,2,4,1,1,5,1,1,2,1,3,4,2,2023_04,flood-hazard
1992,,,,,,,,,,,,,,,,,,,,,,,,,,,,,,,,,,,,2023_04,flood-hazard-float
1993,0.6319548814145014,0.0264988838337595,0.1872910037294446,0.158831904668017,0.1961153522045057,1.390530397598282,0.1195075980714078,0.1324518295700244,0.1712649359439842,0.5289883082629272,0.392753765703258,0.9543536034917056,0.7424989815603891,0.4650992334585388,0.0003520763338109,0.0,0.2152261455433427,0.3384627601280647,0.5305185702806088,0.0770863053839264,0.013611502290577,0.0940553611739222,0.0947180121379085,0.1077116990742689,0.0031494346409583,0.0100595008760245,0.0,0.0461566608796366,0.4186526542872403,0.0265504009117852,0.0410408182797719,0.0127980275092552,0.3927505813793145,0.0625726025883714,0.0002513994932999,2023_04,flooded-vegetation
1994,5,5,5,4,3,5,5,5,5,5,5,5,5,5,5,5,5,5,5,5,5,5,5,5,5,4,5,5,5,5,5,5,5,5,5,2023_04,government-response
1995,163,151,154,205,116,277,158,124,73,119,169,143,106,153,30,4,176,96,87,88,68,282,52,142,109,129,15,82,100,91,69,25,32,70,67,2023_04,health-centres-count
1996,0,0,0,0,0,0,0,0,0,0,0,0,0,0,0,0,0,0,0,0,0,0,0,0,0,0,0,0,0,0,0,0,0,0,0,2023_04,human-live-lost
1997,,,,,,,,,,,,,,,,,,,,,,,,,,,,,,,,,,,,2023_04,human-live-lost-children
1998,,,,,,,,,,,,,,,,,,,,,,,,,,,,,,,,,,,,2023_04,human-live-lost-female
1999,,,,,,,,,,,,,,,,,,,,,,,,,,,,,,,,,,,,2023_04,human-live-lost-male
2000,0.0,0.0,0.0,0.0,345434819.11,0.0,0.0,0.0,0.0,0.0,0.0,0.0,0.0,0.0,0.0,0.0,0.0,0.0,0.0,0.0,4720570.0,0.0,43515365.0,0.0,0.0,0.0,0.0,0.0,0.0,0.0,0.0,0.0,0.0,0.0,0.0,2023_04,immediate-measures-tenders-awarded-value
2001,0.0,0.0,0.0,0.0,0.0,0.0,0.0,0.0,0.0,0.0,0.0,0.0,0.0,0.0,0.0,0.0,0.0,0.0,0.0,0.0,0.0,0.0,0.0,0.0,0.0,0.0,0.0,0.0,0.0,0.0,0.0,0.0,0.0,0.0,0.0,2023_04,inundation-intensity-mean
2002,0.0,0.0,0.0,0.0,0.0,0.0,0.0,0.0,0.0,0.0,0.0,0.0,0.0,0.0,0.0,0.0,0.0,0.0,0.0,0.0,0.0,0.0,0.0,0.0,0.0,0.0,0.0,0.0,0.0,0.0,0.0,0.0,0.0,0.0,0.0,2023_04,inundation-intensity-mean-nonzero
2003,0.0,0.0,0.0,0.0,0.0,0.0,0.0,0.0,0.0,0.0,0.0,0.0,0.0,0.0,0.0,0.0,0.0,0.0,0.0,0.0,0.0,0.0,0.0,0.0,0.0,0.0,0.0,0.0,0.0,0.0,0.0,0.0,0.0,0.0,0.0,2023_04,inundation-intensity-sum
2004,0.0,0.0,0.0,0.0,0.0,0.0,0.0,0.0,0.0,0.0,0.0,0.0,0.0,0.0,0.0,0.0,0.0,0.0,0.0,0.0,0.0,0.0,0.0,0.0,0.0,0.0,0.0,0.0,0.0,0.0,0.0,0.0,0.0,0.0,0.0,2023_04,inundation-pct
2005,0.0,0.0,0.0,0.0,0.0,0.0,0.0,0.0,0.0,0.0,0.0,0.0,0.0,0.0,0.0,0.0,0.0,0.0,0.0,0.0,0.0,0.0,0.0,0.0,0.0,0.0,0.0,0.0,0.0,0.0,0.0,0.0,0.0,0.0,0.0,2023_04,ltif-tenders-awarded-value
2006,,,,,,,,,,,,,,,,,,,,,,,,,,,,,,,,,,,,2023_04,male-camp
2007,0.29,0.25,0.35,0.41,0.18,0.16,0.18,0.4,0.4,0.31,0.37,0.36,0.28,0.2,0.18,0.3,0.33,0.33,0.33,0.35,0.41,0.27,0.14,0.25,0.41,0.21,0.25,0.37,0.2,0.11,0.34,0.15,0.31,0.41,0.25,2023_04,max-rain
2008,79.02868494142712,101.80280753365652,92.94383900653578,105.59323892727154,101.52151689605472,82.80184981421402,96.12358569934148,83.9078683433952,82.58482453454118,85.28440626816572,92.33941954273553,80.5484411209615,79.26767921681454,87.0143854317649,73.9235270160713,74.45407242468538,76.22171823123378,78.77654329987095,76.5297175055914,92.84413483394596,78.73454361714819,88.47737641290556,90.33791694141864,81.3350244170581,77.2968865972734,93.73693822422564,78.06937273928872,76.99096084367254,87.73877652848734,76.69919006241047,135.19869279538494,74.5890767941101,111.4923918776678,77.2774448783579,78.49346327750206,2023_04,mean-cn
2009,0.0285361552134636,-0.0040622301391725,0.0442348969992984,-0.0247620069877918,-0.0142635795684508,0.0087615133006086,0.0372344759294743,-0.0246089806970457,-0.0321560134192504,-0.0438790603267243,0.0262479571924948,0.0628867805281719,0.0526012758462795,0.0840102721482742,-0.0344192147624989,-0.0751913090025419,-0.0397098308887108,0.0068562338956746,0.0262595384240038,-0.019052213629078,0.0097763411053749,0.00482367929871,0.0071792455696751,0.0248612030315314,0.022889800017717,0.0042629002947876,0.0194477517667983,0.0528734166143826,-0.0155531348232239,0.1034222929822713,0.0191508989091194,-0.0001332032858825,0.0353124607340277,0.0389657431055534,0.015247349412191,2023_04,mean-ndbi
2010,0.3994400279621306,0.2986150775740906,0.3226619862429675,0.2780933440690573,0.2738796592160334,0.3585347170294038,0.3202645516910601,0.3667393957183655,0.4274368660704095,0.4294813131481226,0.3113726511879392,0.3766750845050358,0.4040478680134516,0.3094825196072201,0.5065037021898556,0.5838276875567109,0.4881192089715497,0.4148058721262211,0.4057815670740969,0.3792733215623191,0.3787985445260963,0.3469832218754304,0.3062507300765607,0.3531542237630112,0.3923013491541872,0.3033206452348188,0.3665366925400239,0.408844361579578,0.2821167839041827,0.3256416742123363,0.2337707065560416,0.5142691280490028,0.2705843965987705,0.3656985035545446,0.3617827982627076,2023_04,mean-ndvi
2011,0.21,0.15,0.2,0.3,0.14,0.13,0.16,0.24,0.29,0.26,0.3,0.28,0.18,0.17,0.1,0.16,0.23,0.29,0.28,0.29,0.28,0.15,0.09,0.19,0.28,0.14,0.17,0.35,0.16,0.07,0.2,0.07,0.22,0.29,0.18,2023_04,mean-rain
2012,0.94,0.94,0.94,0.94,0.95,0.94,0.93,0.94,0.93,0.93,0.94,0.93,0.94,0.94,0.92,0.91,0.94,0.94,0.93,0.95,0.95,0.93,0.91,0.93,0.95,0.93,0.94,0.93,0.93,0.94,0.94,0.93,0.94,0.94,0.95,2023_04,mean-sex-ratio
2013,78683.46309,83470.903,78088.12,79714.84605,75490.3523,87424.202,71470.137,90513.46103,104651.240916,68512.0013,81437.447,43095.76595,54183.314,128914.321604,35388.58,27888.17,66721.37,42827.17595,35287.21,42395.395,27850.66,74001.84561,6039.38,44021.984,58167.37587,76196.45569999999,93034.31635285716,23849.9,71288.401,78621.26999999999,17419.61,48488.349,16642.66,23559.76,71015.57777333334,2023_04,net-sown-area-in-hac
2014,0.0,0.0,72656557.13,0.0,213895538.0,81658663.2,0.0,0.0,0.0,0.0,0.0,0.0,0.0,0.0,0.0,0.0,0.0,0.0,0.0,0.0,0.0,0.0,0.0,0.0,0.0,0.0,0.0,0.0,0.0,0.0,0.0,0.0,0.0,0.0,0.0,2023_04,others-tenders-awarded-value
2015,0.0,0.0,0.0,0.0,0.0,0.0,0.0,0.0,0.0,0.0,0.0,0.0,0.0,0.0,0.0,0.0,0.0,0.0,0.0,0.0,0.0,0.0,0.0,0.0,0.0,0.0,0.0,0.0,0.0,0.0,0.0,0.0,0.0,0.0,0.0,2023_04,population-affected-total
2016,62.0,342.0,34.0,5.0,10.0,45.0,35.0,38.0,77.0,43.0,49.0,27.0,41.0,43.0,32.0,146.0,46.0,45.0,28.0,81.0,8.0,45.0,80.0,11.0,0.0,0.0,24.0,24.0,19.0,30.0,0.0,0.0,0.0,9.0,6.0,2023_04,rail-count
2017,145613.0,139561.0,78425.0,17621.0,30884.0,174517.0,138494.0,108334.0,121454.0,119685.0,123774.0,73292.0,86126.0,117155.0,73424.0,172636.0,103488.0,117739.0,90281.0,82273.0,24548.0,109026.0,89510.0,30164.0,0.0,0.0,66114.0,80492.0,74271.0,75327.0,0.0,0.0,0.0,28139.0,18201.0,2023_04,rail-length
2018,3.4316022053394977,4.631771110776882,2.480076935955142,5.151738720707722,2.354508450862955,3.2259908629471004,6.684978657038228,2.258072376681141,3.8582144101230815,8.866465988479138,4.572728216035082,4.295512834683773,2.2626972241491186,8.208069269494366,2.31529174859903,4.1864981782576525,2.6560880085077523,1.7641347979211102,1.770884178922499,3.135483500152478,4.194584231618326,2.263085006584079,1.5105626549677873,0.7437163841109358,3.775269655645464,3.057866698589287,1.1021045667816771,1.8759862480289105,5.527102633434498,1.123268335953194,8.68864710677468,5.07007759276236,13.02218904136665,0.1139183961385548,1.193505835288304,2023_04,rangeland
2019,3131,1557,1979,1848,1512,2564,3445,2998,2483,3810,3379,1567,1865,3523,7337,4884,3783,1839,1329,1088,1926,3283,834,1036,1526,1611,1987,1073,1783,1456,684,3073,970,470,877,2023_04,rc-area
2020,22.9,25.01,25.42,15.04,15.81,23.51,13.19,16.32,20.87,24.89,12.8,8.96,12.07,15.06,23.47,23.25,15.87,14.25,19.26,12.86,25.35,9.48,11.61,21.25,15.46,13.0,15.96,19.71,28.46,27.66,28.09,28.84,17.28,9.75,12.15,2023_04,rc-nosanitation-hhds-pct
2021,2.85,1.19,3.55,2.25,3.35,4.98,6.04,2.83,2.26,3.42,4.19,6.81,14.25,7.18,1.95,6.36,8.53,5.57,4.01,2.04,1.03,3.32,11.46,9.66,2.8,5.1,3.07,3.8,4.2,5.27,3.57,0.24,4.95,6.03,5.78,2023_04,rc-piped-hhds-pct
2022,,,,,,,,,,,,,,,,,,,,,,,,,,,,,,,,,,,,2023_04,relief-camp-inmates
2023,0.0,0.0,72656557.13,0.0,213895538.0,81658663.2,0.0,13499973.0,0.0,0.0,0.0,0.0,0.0,0.0,0.0,0.0,0.0,0.0,0.0,0.0,0.0,0.0,4511785.0,0.0,0.0,0.0,152417097.0,0.0,0.0,0.0,0.0,30367798.0,0.0,0.0,80572874.0,2023_04,restoration-measures-tenders-awarded-value
2024,,,,,,,,,,,,,,,,,,,,,,,,,,,,,,,,,,,,2023_04,revenue-ci
2025,0.0,0.0,72656557.13,0.0,559330357.11,81658663.2,0.0,0.0,0.0,0.0,0.0,0.0,0.0,0.0,0.0,0.0,0.0,107857466.0,0.0,0.0,0.0,0.0,0.0,0.0,0.0,0.0,152417097.0,0.0,0.0,0.0,0.0,0.0,0.0,0.0,43962788.0,2023_04,ridf-tenders-awarded-value
2026,2,1,2,5,1,1,1,3,4,4,5,5,1,1,1,1,1,3,3,4,3,1,1,2,4,1,1,5,2,1,2,1,3,4,1,2023_04,risk-score
2027,40.55,31.9,45.1,43.34,48.99,54.73,76.35,93.35,0.0,133.45,118.32,95.71,83.06,128.7,0.0,130.65,21.62,18.15,22.0,51.09,52.87,49.65,50.19,50.81,0.0,0.0,0.0,99.74,0.0,0.0,0.0,753.35,0.0,0.0,162.99,2023_04,riverlevel-max
2028,5.054651162790697,11.847460628314977,14.961977686989314,7.153100775193798,18.958377777777777,7.742158730158731,34.10263888888889,37.66279365079366,0.0,64.11366666666666,30.82731481481481,68.77155555555555,16.378844444444443,44.90622222222223,0.0,32.64281690140845,14.150639055373682,10.503003968253967,11.262153987816973,9.63686046511628,10.555279069767442,7.47536784376672,23.03465382161089,6.329578651685393,0.0,0.0,0.0,32.79618518518518,0.0,0.0,0.0,409.7509444444444,0.0,0.0,45.62268539325843,2023_04,riverlevel-mean
2029,0.0,0.0,0.0,0.0,0.0,0.0,0.0,0.0,0.0,0.0,0.0,0.0,0.0,0.0,0.0,0.0,7.02,0.0,0.0,0.0,0.0,0.0,0.0,0.0,0.0,0.0,0.0,0.0,0.0,0.0,0.0,66.0,0.0,0.0,0.0,2023_04,riverlevel-min
2030,858892.0,705770.0,1011509.0,725891.0,634621.0,1331470.0,745620.0,804067.0,578686.0,1211943.0,1453600.0,700651.0,736030.0,1389863.0,752361.0,843185.0,988230.0,615579.0,483931.0,654117.0,547046.0,1589070.0,746938.0,450865.0,429399.0,767150.0,650574.0,485197.0,574075.0,560100.0,78936.0,457481.0,54196.0,461489.0,294016.0,2023_04,road-length
2031,0.0,0.0,0.0,0.0,0.0,0.0,0.0,0.0,0.0,0.0,0.0,0.0,0.0,0.0,0.0,0.0,0.0,0.0,0.0,0.0,0.0,0.0,0.0,0.0,0.0,0.0,0.0,0.0,0.0,0.0,0.0,0.0,0.0,0.0,0.0,2023_04,roads
2032,2788,3147,2578,2904,1994,3284,2025,3519,2301,1950,2431,1838,2072,2507,1757,1063,3322,3188,3016,1463,1336,3463,1151,1817,1497,1858,1795,1007,1291,1320,1381,925,805,813,995,2023_04,schools-count
2033,0.0,0.0,0.0,0.0,0.0,0.0,0.0,0.0,0.0,0.0,0.0,0.0,0.0,0.0,0.0,0.0,0.0,0.0,0.0,0.0,0.0,0.0,0.0,0.0,0.0,0.0,0.0,0.0,0.0,0.0,0.0,0.0,0.0,0.0,0.0,2023_04,sdrf-sanctions-awarded-value
2034,0.0,0.0,0.0,0.0,0.0,0.0,0.0,0.0,0.0,0.0,0.0,0.0,0.0,0.0,0.0,0.0,0.0,0.0,0.0,0.0,0.0,0.0,0.0,0.0,0.0,0.0,0.0,0.0,0.0,0.0,0.0,0.0,0.0,0.0,0.0,2023_04,sdrf-tenders-awarded-value
2035,84.0,81.0,84.0,78.0,81.0,86.0,82.0,84.0,84.0,83.0,79.0,85.0,85.0,84.0,89.0,90.0,88.0,86.0,87.0,84.0,85.0,83.0,85.0,83.0,85.0,82.0,85.0,84.0,83.0,88.0,75.0,89.0,78.0,85.0,85.0,2023_04,slope-mean
2036,0.0,0.0,0.0,0.0,0.0,0.0,0.0,0.0,0.0,0.0,0.0,0.0,0.0,0.0,0.0,0.0,0.0,0.0,0.0,0.0,0.0,0.0,4511785.0,0.0,0.0,0.0,0.0,0.0,0.0,0.0,0.0,30367798.0,0.0,0.0,0.0,2023_04,sopd-tenders-awarded-value
2037,59707.0,44385.0,48154.0,70498.0,43994.0,101486.0,70953.0,60397.0,33716.0,81010.0,67434.0,44943.0,51670.0,73114.0,36768.0,11232.0,111691.0,87426.0,29638.0,35950.0,32886.0,76059.0,54254.0,43534.0,27022.0,56778.0,40272.0,17176.0,32641.0,48429.0,25076.0,24839.0,7555.0,12625.0,21929.0,2023_04,sum-aged-population
2038,1289251.0,1401030.0,1082272.0,1613275.0,1149616.0,2379170.0,1468618.0,1170535.0,707830.0,1415005.0,1500165.0,781776.0,1001168.0,1309191.0,708329.0,290661.0,2132069.0,1411746.0,776915.0,813460.0,614679.0,1644335.0,1366878.0,970177.0,725061.0,1170309.0,873216.0,497844.0,664801.0,1130389.0,547844.0,368151.0,165704.0,322294.0,503297.0,2023_04,sum-population
2039,657.51,194.95,359.55,488.68,185.67,295.25,491.27,667.22,613.67,922.65,918.56,403.14,309.62,512.25,627.93,611.74,747.54,455.79,309.84,287.01,447.59,433.48,67.29,170.25,409.52,204.73,349.37,343.99,261.99,85.0,116.09,205.2,194.72,135.85,169.76,2023_04,sum-rain
2040,121859.0,109709.0,110964.0,139208.0,90493.0,191488.0,120806.0,107647.0,64106.0,140856.0,98881.0,58125.0,57601.0,107241.0,84566.0,25933.0,187658.0,167030.0,62145.0,69199.0,62848.0,108586.0,64714.0,49888.0,37905.0,113188.0,68495.0,22488.0,55200.0,91919.0,59374.0,55356.0,8826.0,24080.0,31356.0,2023_04,sum-young-population
2041,,,,,,,,,,,,,,,,,,,,,,,,,,,,,,,,,,,,2023_04,topsis-score
2042,0.0,0.0,0.0,0.0,0.0,0.0,0.0,0.0,0.0,0.0,0.0,0.0,0.0,0.0,0.0,0.0,0.0,0.0,0.0,0.0,0.0,0.0,0.0,0.0,0.0,0.0,0.0,0.0,0.0,0.0,0.0,0.0,0.0,0.0,0.0,2023_04,total-animal-affected
2043,0.0,0.0,0.0,0.0,0.0,0.0,0.0,0.0,0.0,0.0,0.0,0.0,0.0,0.0,0.0,0.0,0.0,0.0,0.0,0.0,0.0,0.0,0.0,0.0,0.0,0.0,0.0,0.0,0.0,0.0,0.0,0.0,0.0,0.0,0.0,2023_04,total-animal-washed-away
2044,214904.0,377710.0,240459.0,393378.0,267778.0,527427.0,318730.0,266928.0,195025.0,318555.0,311523.0,172096.0,272707.0,275841.0,103131.0,30119.0,416101.0,256161.0,165784.0,185414.0,105445.0,408132.0,327221.0,233278.0,132203.0,231859.0,185739.0,108235.0,150938.0,214866.0,202538.0,52339.0,39239.0,77895.0,112690.0,2023_04,total-hhd
2045,0.0,0.0,0.0,0.0,0.0,0.0,0.0,0.0,0.0,0.0,0.0,0.0,0.0,0.0,0.0,0.0,0.0,0.0,0.0,0.0,0.0,0.0,0.0,0.0,0.0,0.0,0.0,0.0,0.0,0.0,0.0,0.0,0.0,0.0,0.0,2023_04,total-house-fully-damaged
2046,0.0,0.0,72656557.13,150853372.0,559330357.11,81658663.2,0.0,13499973.0,0.0,0.0,0.0,0.0,0.0,0.0,0.0,0.0,0.0,107857466.0,0.0,0.0,4720570.0,0.0,43515365.0,0.0,0.0,276689411.0,152417097.0,0.0,0.0,0.0,0.0,0.0,0.0,0.0,80572874.0,2023_04,total-tender-awarded-value
2047,45.15733260910527,6.29566944320022,21.316097456778483,1.4410979588599238,7.1631365256988335,13.130603256074064,16.32433289018804,11.298052164659342,17.488013427436147,43.15625777286192,25.92105688247573,21.1422424318834,21.393395288013565,18.82660027045509,85.07154964982493,92.29569010169598,60.353704961758446,36.26565971971056,43.36511709357278,14.16548230227064,22.37029812106575,20.81245902591373,35.957924938067336,7.207882563668975,19.429144582194063,5.091573205520924,9.495156980657285,37.10315796607807,13.32930413132909,26.15250229961493,2.169503904800628,81.478893902149,4.161078533221625,7.849966625084856,8.614991753163086,2023_04,trees
2048,3,2,3,3,5,3,4,4,3,4,4,3,2,3,1,1,3,1,1,3,3,2,1,1,3,3,4,3,4,5,2,4,1,1,3,2023_04,vulnerability
2049,2.461705511169032,10.115460917273063,6.207572669407478,19.70640050356963,9.58491402716118,5.550454557373425,8.41149019386846,6.337148039526079,3.805855965824301,4.013904962898205,6.674014110059943,2.8447155589171693,1.4105711842920938,5.40871019375055,0.2385064220558348,0.4601232903128437,2.9642427952048047,3.969055099568677,2.862004953550255,8.754941065871378,2.340754471421925,4.391433165646533,5.607689436614821,6.220920042266078,1.5204914146888506,8.466562659136839,1.1728439049845485,1.2189664170576533,5.371808847044157,1.414204943735177,22.12940719553415,0.690618804561425,13.378961466416229,3.346661983939757,2.390924968958241,2023_04,water
2050,9.0,7.5,8.9,8.0,7.2,9.8,9.8,8.3,7.0,8.6,10.2,10.4,10.3,8.8,7.2,8.1,9.8,9.8,9.5,9.1,8.2,10.1,12.1,10.5,9.0,9.2,8.3,8.6,8.9,8.0,6.7,5.8,9.4,7.0,11.6,2023_05,avg-electricity
2051,2.2,2.6,2.0,2.0,2.4,2.0,2.2,2.4,2.0,2.0,2.0,2.2,2.2,2.3,2.0,2.5,2.2,2.4,2.0,2.2,2.2,2.4,2.5,2.1,2.3,2.0,2.2,2.0,2.3,2.3,2.0,2.0,2.5,2.3,2.2,2023_05,avg-tele
2052,0.7291309832244668,6.282752457308544,4.999391518830241,10.444177178408005,8.175019472251908,1.2235212390545087,10.52618531586649,3.2325924577600795,4.742513716993725,5.312196685500217,11.662489485489248,1.0101712469281114,0.5156360065359646,5.505277315803769,0.0058624454729746,0.0622146613901976,0.083037601117575,0.0071894581167785,0.0098294580600155,4.710942945529917,2.3036081993801845,2.3188358883598714,0.3503958936808835,1.3536474650209338,0.7391123039039552,7.460556744979987,1.0683508705361642,0.0002064591751955,5.342328361705498,0.1324172855045991,13.813883850363,0.0460991244995262,22.8588192180144,0.0578268931460054,1.441767189681854,2023_05,bare-ground
2053,0.0,0.0,0.0,0.0,0.0,0.0,0.0,0.0,0.0,0.0,0.0,0.0,0.0,0.0,0.0,0.0,0.0,0.0,0.0,0.0,0.0,0.0,0.0,0.0,0.0,0.0,0.0,0.0,0.0,0.0,0.0,0.0,0.0,0.0,0.0,2023_05,bridge
2054,12.81300227976027,19.532673095299,21.7278935367819,23.224280393149957,16.40366742520424,21.521102451629076,16.13009496182345,19.12773530099464,15.515829181438098,13.5380629538649,14.759587412202352,19.086871949976327,21.9959009966027,21.986894352236536,4.95661790333012,1.753435870164205,10.199739088758738,21.39170055907628,15.507520568519816,30.68667020128292,27.174281979758764,20.9913903969805,42.34549788090294,25.232936526655187,21.912543882589222,22.29582757731616,21.989800182739955,17.539405921056268,17.597931303237132,21.919616710066062,14.28818141391939,3.85584375244879,8.66307250908374,26.54786157172083,24.67738978643938,2023_05,built-area
2055,,,,,,,,,,,,,,,,,,,,,,,,,,,,,,,,,,,,2023_05,children-camp
2056,0.0,0.0,0.0,0.0,0.0,0.0,0.0,0.0,0.0,0.0,0.0,0.0,0.0,0.0,0.0,0.0,0.0,0.0,0.0,0.0,0.0,0.0,0.0,0.0,0.0,0.0,0.0,0.0,0.0,0.0,0.0,0.0,0.0,0.0,0.0,2023_05,cidf-tenders-awarded-value
2057,0.0,0.0,0.0,0.0,0.0,0.0,0.0,0.0,0.0,0.0,0.0,0.0,0.0,0.0,0.0,3.58464258819225e-06,0.0,0.0,0.0,0.0,0.0,0.0,0.0,0.0,0.0,0.0,0.0,0.0,0.0,0.0,0.0,0.0,0.0,0.0,0.0,2023_05,clouds
2058,,,,,,,,,,,,,,,,,,,,,,,,,,,,,,,,,,,,2023_05,count
2059,0.0,0.0,0.0,0.0,0.0,0.0,0.0,0.0,0.0,0.0,0.0,0.0,0.0,0.0,0.0,0.0,0.0,0.0,0.0,0.0,0.0,0.0,0.0,0.0,0.0,0.0,0.0,0.0,0.0,0.0,0.0,0.0,0.0,0.0,0.0,2023_05,crop-area
2060,34.77527152998702,53.115174092308514,43.081676878517285,39.87347334063675,56.12263874661642,53.9577972353235,41.80341038314397,57.6139478308087,54.41830836224068,24.58412332813268,36.01737012803437,50.6661323741195,51.67930031884608,39.59934936480119,7.411819754383287,1.2420343135366083,23.52796139910944,36.26379760547847,35.95412517709405,38.46939367950876,41.60286149446442,49.12874115534136,14.133211183628369,59.13318531920358,52.62028872633751,53.61755361358087,65.17174349430036,42.21612032772426,52.41287206896256,49.23144002421417,38.8693357103284,8.8456687960696,37.523128650518046,62.02119192738157,61.68116906697585,2023_05,crops
2061,4296.624151156235,2231.5993331549903,3585.3069321814023,1247.6117514050093,2700.336576957554,3477.530108369159,1557.3606551140049,2711.046414108986,2238.6415334905228,4159.102888381455,9491.630139883577,3889.6067327857527,7133.757644739055,3445.5268629610114,8511.666927309077,4923.29748622475,3222.517655928944,4060.318063254274,4335.474967336042,1883.330083753236,975.2407923854796,4254.719948057848,3333.953706616405,1829.807307358248,1576.5499878215094,1098.83444541599,1489.926404330648,4700.953196095703,4363.59388114963,5163.44360094801,880.805632910103,4989.53282327419,1292.455559234692,1123.7037030160088,1578.254039674223,2023_05,distance-from-river
2062,KOKRAJHAR,DHUBRI,GOALPARA,BARPETA,MORIGAON,NAGAON,SONITPUR,LAKHIMPUR,DHEMAJI,TINSUKIA,DIBRUGARH,SIVASAGAR,JORHAT,GOLAGHAT,KARBI ANGLONG,DIMA HASAO,CACHAR,KARIMGANJ,HAILAKANDI,BONGAIGAON,CHIRANG,KAMRUP,KAMRUP METRO,NALBARI,BAKSA,DARRANG,UDALGURI,CHARAIDEO,BISWANATH,HOJAI,SOUTH SALMARA MANCACHAR,WEST KARBI ANGLONG,MAJULI,BAJALI,TAMULPUR,2023_05,district
2063,0.0005623749999999,0.0006515714285714,0.0005706,0.0006465,0.0005976,0.0005747142857142,0.000571,0.0006111428571428,0.0005535,0.00057375,0.0006251428571428,0.0006055,0.0006035999999999,0.0005855,0.00041,0.00031275,0.0004408,0.0005329999999999,0.0005025,0.0005798,0.000528,0.0005858461538461,0.00044875,0.000670625,0.0005907142857142,0.0006724,0.0006286666666666,0.000603,0.0006126666666666,0.00058,0.000585,0.000439,0.0006255,0.0006813333333333,0.0006636,2023_05,drainage-density
2064,,,,,,,,,,,,,,,,,,,,,,,,,,,,,,,,,,,,2023_05,dtcode11
2065,,,,,,,,,,,,,,,,,,,,,,,,,,,,,,,,,,,,2023_05,dtname
2066,0.89223725,0.9274135714285714,0.8636692,0.873894,0.8006142,0.8778561428571428,0.832555,0.8287354285714285,0.8662611666666667,0.8173367500000001,0.8366504285714286,0.8818345,0.9324576,0.8766566666666668,0.9565656666666666,1.0,0.8667832000000001,0.962109,0.9487,0.8860340000000001,0.8911484,0.9526882307692308,1.0,0.961905625,0.8549077142857142,0.8635468,0.8250333333333333,0.8807079999999999,0.8230616666666667,0.7797956666666667,0.9147565,0.80514,0.953603,0.977035,0.8797736,2023_05,efficiency
2067,63.0,33.0,49.0,40.0,63.0,72.0,86.0,96.0,141.0,142.0,113.0,99.0,105.0,97.0,347.0,607.0,155.0,36.0,47.0,54.0,84.0,82.0,114.0,49.0,70.0,59.0,91.0,112.0,86.0,125.0,26.0,483.0,85.0,47.0,71.0,2023_05,elevation-mean
2068,0.0,0.0,0.0,0.0,0.0,0.0,0.0,0.0,0.0,0.0,0.0,0.0,0.0,0.0,0.0,0.0,0.0,0.0,0.0,0.0,0.0,0.0,0.0,0.0,0.0,0.0,0.0,0.0,0.0,0.0,0.0,0.0,0.0,0.0,0.0,2023_05,embankment-breached
2069,0.0,0.0,0.0,0.0,0.0,0.0,0.0,0.0,0.0,0.0,0.0,0.0,0.0,0.0,0.0,0.0,0.0,0.0,0.0,0.0,0.0,0.0,0.0,0.0,0.0,0.0,0.0,0.0,0.0,0.0,0.0,0.0,0.0,0.0,0.0,2023_05,embankments-affected
2070,1,2,2,3,2,4,5,1,1,5,2,2,2,2,2,1,5,3,2,1,1,1,4,1,1,3,1,1,2,5,5,3,1,1,1,2023_05,exposure
2071,,,,,,,,,,,,,,,,,,,,,,,,,,,,,,,,,,,,2023_05,female-camp
2072,2023-2024,2023-2024,2023-2024,2023-2024,2023-2024,2023-2024,2023-2024,2023-2024,2023-2024,2023-2024,2023-2024,2023-2024,2023-2024,2023-2024,2023-2024,2023-2024,2023-2024,2023-2024,2023-2024,2023-2024,2023-2024,2023-2024,2023-2024,2023-2024,2023-2024,2023-2024,2023-2024,2023-2024,2023-2024,2023-2024,2023-2024,2023-2024,2023-2024,2023-2024,2023-2024,2023_05,financial-year
2073,2,3,2,2,2,2,4,5,4,3,3,4,3,3,1,1,1,2,2,2,1,1,1,1,1,1,2,3,5,1,5,1,4,2,1,2023_05,flood-hazard
2074,,,,,,,,,,,,,,,,,,,,,,,,,,,,,,,,,,,,2023_05,flood-hazard-float
2075,0.6319548814145014,0.0264988838337596,0.1872910037294446,0.158831904668017,0.1961153522045057,1.390530397598282,0.1195075980714078,0.1324518295700244,0.1712649359439842,0.5289883082629272,0.392753765703258,0.9543536034917056,0.7424989815603891,0.4650992334585387,0.0003520763338109,0.0,0.2152261455433427,0.3384627601280647,0.5305185702806089,0.0770863053839264,0.013611502290577,0.0940553611739222,0.0947180121379085,0.1077116990742689,0.0031494346409583,0.0100595008760245,0.0,0.0461566608796366,0.4186526542872403,0.0265504009117852,0.0410408182797719,0.0127980275092552,0.3927505813793145,0.0625726025883714,0.0002513994932999,2023_05,flooded-vegetation
2076,5,5,5,3,4,5,4,5,5,5,5,5,5,5,5,5,4,5,5,5,5,5,5,5,5,4,5,5,5,5,5,5,5,5,5,2023_05,government-response
2077,163,151,154,205,116,277,158,124,73,119,169,143,106,153,30,4,176,96,87,88,68,282,52,142,109,129,15,82,100,91,69,25,32,70,67,2023_05,health-centres-count
2078,0,0,0,0,0,0,0,0,0,0,0,0,0,0,0,0,0,0,0,0,0,0,0,0,0,0,0,0,0,0,0,0,0,0,0,2023_05,human-live-lost
2079,,,,,,,,,,,,,,,,,,,,,,,,,,,,,,,,,,,,2023_05,human-live-lost-children
2080,,,,,,,,,,,,,,,,,,,,,,,,,,,,,,,,,,,,2023_05,human-live-lost-female
2081,,,,,,,,,,,,,,,,,,,,,,,,,,,,,,,,,,,,2023_05,human-live-lost-male
2082,0.0,0.0,0.0,0.0,135962504.02,0.0,0.0,0.0,0.0,0.0,0.0,0.0,0.0,0.0,0.0,0.0,13119987.24,0.0,0.0,0.0,0.0,0.0,0.0,0.0,0.0,0.0,0.0,0.0,0.0,0.0,0.0,0.0,0.0,0.0,0.0,2023_05,immediate-measures-tenders-awarded-value
2083,0.0,0.0,0.0,0.0,0.0,0.0,0.0,0.0,0.0,0.0,0.0,0.0,0.0,0.0,0.0,0.0,0.0,0.0,0.0,0.0,0.0,0.0,0.0,0.0,0.0,0.0,0.0,0.0,0.0,0.0,0.0,0.0,0.0,0.0,0.0,2023_05,inundation-intensity-mean
2084,0.0,0.0,0.0,0.0,0.0,0.0,0.0,0.0,0.0,0.0,0.0,0.0,0.0,0.0,0.0,0.0,0.0,0.0,0.0,0.0,0.0,0.0,0.0,0.0,0.0,0.0,0.0,0.0,0.0,0.0,0.0,0.0,0.0,0.0,0.0,2023_05,inundation-intensity-mean-nonzero
2085,0.0,0.0,0.0,0.0,0.0,0.0,0.0,0.0,0.0,0.0,0.0,0.0,0.0,0.0,0.0,0.0,0.0,0.0,0.0,0.0,0.0,0.0,0.0,0.0,0.0,0.0,0.0,0.0,0.0,0.0,0.0,0.0,0.0,0.0,0.0,2023_05,inundation-intensity-sum
2086,0.0,0.0,0.0,0.0,0.0,0.0,0.0,0.0,0.0,0.0,0.0,0.0,0.0,0.0,0.0,0.0,0.0,0.0,0.0,0.0,0.0,0.0,0.0,0.0,0.0,0.0,0.0,0.0,0.0,0.0,0.0,0.0,0.0,0.0,0.0,2023_05,inundation-pct
2087,0.0,0.0,0.0,0.0,0.0,0.0,0.0,0.0,0.0,0.0,0.0,0.0,0.0,0.0,0.0,0.0,0.0,0.0,0.0,0.0,0.0,0.0,0.0,0.0,0.0,0.0,0.0,0.0,0.0,0.0,0.0,0.0,0.0,0.0,0.0,2023_05,ltif-tenders-awarded-value
2088,,,,,,,,,,,,,,,,,,,,,,,,,,,,,,,,,,,,2023_05,male-camp
2089,0.3,0.34,0.3,0.29,0.31,0.46,0.51,0.5,0.46,0.33,0.46,0.46,0.41,0.49,0.36,0.24,0.34,0.34,0.34,0.29,0.3,0.28,0.31,0.2,0.29,0.34,0.34,0.34,0.54,0.27,0.56,0.31,0.49,0.29,0.25,2023_05,max-rain
2090,79.02868494142712,101.80280753365652,92.94383900653578,105.59323892727154,101.52151689605472,82.80184981421402,96.12358569934148,83.9078683433952,82.58482453454118,85.28440626816572,92.33941954273553,80.5484411209615,79.26767921681454,87.0143854317649,73.9235270160713,74.45407242468538,76.22171823123378,78.77654329987095,76.5297175055914,92.84413483394596,78.73454361714819,88.47737641290556,90.33791694141864,81.3350244170581,77.2968865972734,93.73693822422564,78.06937273928872,76.99096084367254,87.73877652848734,76.69919006241047,135.19869279538494,74.5890767941101,111.4923918776678,77.2774448783579,78.49346327750206,2023_05,mean-cn
2091,-0.0813987761594715,-0.0601731327018572,-0.0339553346305816,-0.0859303946075143,-0.0938383027412022,-0.0625252922104859,-0.0232561677036876,-0.053716052512045,-0.0719176526156412,-0.0866588368821768,-0.057729233234631,-0.0636568680651885,-0.0452071219857272,0.0040571006843829,-0.0666352900732595,-0.1115682370487167,-0.1142451706492325,-0.0966878471227559,-0.0769955118599264,-0.0733924598582599,-0.0909426964945332,-0.0879069461206755,-0.057978545846964,-0.0796442660207682,-0.0918183450083932,-0.0966021665641186,-0.0769051003829819,-0.0869255189382405,-0.0216667828998141,0.0606585004914176,-0.0284243325837338,-0.0255521890418095,-0.0205890227303882,-0.0692046195154208,-0.0936128953438992,2023_05,mean-ndbi
2092,0.5511376830539124,0.4287481285701991,0.4282599408413169,0.3691406683813071,0.4419596361371201,0.4791366727474488,0.3956224427202809,0.4777686637353328,0.5141352496603749,0.5267490608881593,0.3927411337571233,0.4246072971587764,0.4627769425735512,0.3845677217761989,0.5043349440503079,0.64268287175803,0.5833976585107623,0.5239297595850262,0.5090578675169768,0.4737092452165719,0.5364222926658629,0.4637799217829693,0.4337380217126977,0.4650306520215633,0.5277771983413257,0.4189668898857989,0.5050679015598533,0.457755289747141,0.4278083480232197,0.3687111277731101,0.2780876540623025,0.5314711125214205,0.302199114863593,0.4844705108126694,0.4921971076083891,2023_05,mean-ndvi
2093,0.28,0.28,0.26,0.25,0.26,0.27,0.33,0.39,0.36,0.29,0.29,0.34,0.29,0.28,0.24,0.17,0.21,0.31,0.27,0.27,0.28,0.19,0.14,0.19,0.24,0.18,0.2,0.29,0.45,0.22,0.42,0.23,0.4,0.23,0.15,2023_05,mean-rain
2094,0.94,0.94,0.94,0.94,0.95,0.94,0.93,0.94,0.93,0.93,0.94,0.93,0.94,0.94,0.92,0.91,0.94,0.94,0.93,0.95,0.95,0.93,0.91,0.93,0.95,0.93,0.94,0.93,0.93,0.94,0.94,0.93,0.94,0.94,0.95,2023_05,mean-sex-ratio
2095,78683.46309,83470.903,78088.12,79714.84605000001,75490.3523,87424.202,71470.137,90513.46103,104651.240916,68512.0013,81437.447,43095.76595,54183.314,128914.321604,35388.58,27888.17,66721.37,42827.17595,35287.21,42395.395,27850.66,74001.84561,6039.38,44021.984,58167.37587,76196.45569999999,93034.31635285716,23849.9,71288.401,78621.26999999999,17419.61,48488.349,16642.66,23559.76,71015.57777333334,2023_05,net-sown-area-in-hac
2096,9894767.69,0.0,0.0,44632100.0,88447445.0,71182262.0,0.0,136364866.0,0.0,0.0,10762300.0,0.0,37332450.0,41551800.0,0.0,0.0,0.0,0.0,34796340.0,0.0,0.0,14669400.0,0.0,106353000.0,11305801.0,41785300.0,25906500.0,0.0,0.0,0.0,29762700.0,0.0,0.0,0.0,0.0,2023_05,others-tenders-awarded-value
2097,0.0,0.0,0.0,0.0,0.0,0.0,0.0,0.0,44.0,0.0,0.0,0.0,0.0,0.0,0.0,0.0,0.0,0.0,0.0,0.0,0.0,0.0,0.0,0.0,0.0,0.0,0.0,0.0,0.0,0.0,0.0,0.0,0.0,0.0,0.0,2023_05,population-affected-total
2098,62.0,342.0,34.0,5.0,10.0,45.0,35.0,38.0,77.0,43.0,49.0,27.0,41.0,43.0,32.0,146.0,46.0,45.0,28.0,81.0,8.0,45.0,80.0,11.0,0.0,0.0,24.0,24.0,19.0,30.0,0.0,0.0,0.0,9.0,6.0,2023_05,rail-count
2099,145613.0,139561.0,78425.0,17621.0,30884.0,174517.0,138494.0,108334.0,121454.0,119685.0,123774.0,73292.0,86126.0,117155.0,73424.0,172636.0,103488.0,117739.0,90281.0,82273.0,24548.0,109026.0,89510.0,30164.0,0.0,0.0,66114.0,80492.0,74271.0,75327.0,0.0,0.0,0.0,28139.0,18201.0,2023_05,rail-length
2100,3.4316022053394977,4.631771110776882,2.480076935955142,5.151738720707722,2.354508450862955,3.2259908629471004,6.684978657038228,2.258072376681141,3.8582144101230815,8.866465988479138,4.572728216035082,4.295512834683773,2.2626972241491186,8.208069269494366,2.31529174859903,4.1864981782576525,2.6560880085077523,1.7641347979211102,1.770884178922499,3.135483500152478,4.194584231618326,2.263085006584079,1.5105626549677873,0.7437163841109358,3.775269655645464,3.057866698589287,1.1021045667816776,1.8759862480289105,5.527102633434499,1.123268335953194,8.68864710677468,5.07007759276236,13.02218904136665,0.1139183961385548,1.193505835288304,2023_05,rangeland
2101,3131,1557,1979,1848,1512,2564,3445,2998,2483,3810,3379,1567,1865,3523,7337,4884,3783,1839,1329,1088,1926,3283,834,1036,1526,1611,1987,1073,1783,1456,684,3073,970,470,877,2023_05,rc-area
2102,22.9,25.01,25.42,15.04,15.81,23.51,13.19,16.32,20.87,24.89,12.8,8.96,12.07,15.06,23.47,23.25,15.87,14.25,19.26,12.86,25.35,9.48,11.61,21.25,15.46,13.0,15.96,19.71,28.46,27.66,28.09,28.84,17.28,9.75,12.15,2023_05,rc-nosanitation-hhds-pct
2103,2.85,1.19,3.55,2.25,3.35,4.98,6.04,2.83,2.26,3.42,4.19,6.81,14.25,7.18,1.95,6.36,8.53,5.57,4.01,2.04,1.03,3.32,11.46,9.66,2.8,5.1,3.07,3.8,4.2,5.27,3.57,0.24,4.95,6.03,5.78,2023_05,rc-piped-hhds-pct
2104,,,,,,,,,,,,,,,,,,,,,,,,,,,,,,,,,,,,2023_05,relief-camp-inmates
2105,9894767.69,34732800.0,0.0,70919200.0,88447445.0,80182131.0,186316020.0,149864641.0,0.0,0.0,152091545.72,0.0,37332450.0,41551800.0,0.0,0.0,0.0,0.0,34796340.0,0.0,0.0,26612271.0,124860550.0,106353000.0,11305801.0,41785300.0,25906500.0,0.0,0.0,772926.0,61262700.0,0.0,0.0,146506500.0,0.0,2023_05,restoration-measures-tenders-awarded-value
2106,,,,,,,,,,,,,,,,,,,,,,,,,,,,,,,,,,,,2023_05,revenue-ci
2107,0.0,0.0,0.0,0.0,224409949.02,71182262.0,73816991.0,136364866.0,0.0,0.0,73629000.0,0.0,37332450.0,0.0,0.0,0.0,0.0,151823986.0,34796340.0,0.0,0.0,0.0,0.0,106353000.0,0.0,0.0,25906500.0,0.0,0.0,0.0,0.0,0.0,0.0,0.0,0.0,2023_05,ridf-tenders-awarded-value
2108,1,3,1,2,2,1,4,4,3,3,3,4,2,2,1,1,1,2,1,1,1,1,1,1,1,1,2,2,5,1,4,1,3,1,1,2023_05,risk-score
2109,40.55,31.89,45.52,43.76,51.78,56.88,77.4,95.56,0.0,133.3,119.1,96.14,84.91,129.29,0.0,131.12,1646.0,18.47,21.82,51.27,52.77,49.8,50.33,51.09,0.0,0.0,0.0,100.95,0.0,0.0,0.0,753.45,0.0,0.0,163.01,2023_05,riverlevel-max
2110,5.055322580645161,11.998541762026738,15.255483870967742,7.192721774193548,19.26284253028264,7.798313785810421,34.62751177658143,37.99555277831187,0.0,64.13953903095558,30.940015381657368,69.07915376850606,16.622939434724092,44.91337707492149,0.0,32.726726110363394,14.50092971443668,10.240216048852426,10.854634784346349,9.640298387096774,10.548174731182796,7.476175558312655,23.39291330645161,6.338948252688172,0.0,0.0,0.0,32.979282189322575,0.0,0.0,0.0,407.7328514056225,0.0,0.0,45.63956586021506,2023_05,riverlevel-mean
2111,0.0,0.0,0.0,0.0,0.0,0.0,0.0,0.0,0.0,0.0,0.0,0.0,0.0,0.0,0.0,0.0,0.0,0.0,0.0,0.0,0.0,0.0,0.0,0.0,0.0,0.0,0.0,0.0,0.0,0.0,0.0,0.0,0.0,0.0,0.0,2023_05,riverlevel-min
2112,858892.0,705770.0,1011509.0,725891.0,634621.0,1331470.0,745620.0,804067.0,578686.0,1211943.0,1453600.0,700651.0,736030.0,1389863.0,752361.0,843185.0,988230.0,615579.0,483931.0,654117.0,547046.0,1589070.0,746938.0,450865.0,429399.0,767150.0,650574.0,485197.0,574075.0,560100.0,78936.0,457481.0,54196.0,461489.0,294016.0,2023_05,road-length
2113,0.0,0.0,0.0,0.0,0.0,0.0,0.0,0.0,0.0,0.0,0.0,0.0,0.0,0.0,0.0,0.0,0.0,0.0,0.0,0.0,0.0,0.0,0.0,0.0,0.0,0.0,0.0,0.0,0.0,0.0,0.0,0.0,0.0,0.0,0.0,2023_05,roads
2114,2788,3147,2578,2904,1994,3284,2025,3519,2301,1950,2431,1838,2072,2507,1757,1063,3322,3188,3016,1463,1336,3463,1151,1817,1497,1858,1795,1007,1291,1320,1381,925,805,813,995,2023_05,schools-count
2115,0.0,0.0,0.0,0.0,0.0,0.0,0.0,0.0,0.0,0.0,0.0,0.0,0.0,0.0,0.0,0.0,0.0,0.0,0.0,0.0,0.0,0.0,0.0,0.0,0.0,0.0,0.0,0.0,0.0,0.0,0.0,0.0,0.0,0.0,0.0,2023_05,sdrf-sanctions-awarded-value
2116,0.0,0.0,0.0,7793143.0,0.0,0.0,0.0,0.0,0.0,0.0,0.0,0.0,0.0,0.0,0.0,0.0,0.0,0.0,0.0,0.0,0.0,0.0,0.0,0.0,0.0,0.0,0.0,0.0,0.0,0.0,0.0,0.0,0.0,0.0,0.0,2023_05,sdrf-tenders-awarded-value
2117,84.0,81.0,84.0,78.0,81.0,86.0,82.0,84.0,84.0,83.0,79.0,85.0,85.0,84.0,89.0,90.0,88.0,86.0,87.0,84.0,85.0,83.0,85.0,83.0,85.0,82.0,85.0,84.0,83.0,88.0,75.0,89.0,78.0,85.0,85.0,2023_05,slope-mean
2118,0.0,0.0,0.0,0.0,0.0,0.0,0.0,0.0,0.0,0.0,0.0,0.0,0.0,0.0,0.0,0.0,0.0,0.0,0.0,0.0,0.0,0.0,0.0,0.0,11305801.0,0.0,0.0,0.0,0.0,0.0,0.0,0.0,0.0,0.0,0.0,2023_05,sopd-tenders-awarded-value
2119,59707.0,44385.0,48154.0,70498.0,43994.0,101486.0,70953.0,60397.0,33716.0,81010.0,67434.0,44943.0,51670.0,73114.0,36768.0,11232.0,111691.0,87426.0,29638.0,35950.0,32886.0,76059.0,54254.0,43534.0,27022.0,56778.0,40272.0,17176.0,32641.0,48429.0,25076.0,24839.0,7555.0,12625.0,21929.0,2023_05,sum-aged-population
2120,1289251.0,1401030.0,1082272.0,1613275.0,1149616.0,2379170.0,1468618.0,1170535.0,707830.0,1415005.0,1500165.0,781776.0,1001168.0,1309191.0,708329.0,290661.0,2132069.0,1411746.0,776915.0,813460.0,614679.0,1644335.0,1366878.0,970177.0,725061.0,1170309.0,873216.0,497844.0,664801.0,1130389.0,547844.0,368151.0,165704.0,322294.0,503297.0,2023_05,sum-population
2121,777.26,397.31,459.28,410.55,341.1,644.91,997.05,1066.48,774.88,1004.5,913.16,491.48,484.03,902.75,1549.79,758.3,729.19,471.08,283.76,262.21,485.4,601.29,110.92,176.96,344.68,278.95,406.84,288.19,744.65,277.81,250.91,647.78,361.03,102.94,128.57,2023_05,sum-rain
2122,121859.0,109709.0,110964.0,139208.0,90493.0,191488.0,120806.0,107647.0,64106.0,140856.0,98881.0,58125.0,57601.0,107241.0,84566.0,25933.0,187658.0,167030.0,62145.0,69199.0,62848.0,108586.0,64714.0,49888.0,37905.0,113188.0,68495.0,22488.0,55200.0,91919.0,59374.0,55356.0,8826.0,24080.0,31356.0,2023_05,sum-young-population
2123,,,,,,,,,,,,,,,,,,,,,,,,,,,,,,,,,,,,2023_05,topsis-score
2124,0.0,0.0,0.0,0.0,0.0,0.0,0.0,0.0,0.0,0.0,0.0,0.0,0.0,0.0,0.0,0.0,0.0,0.0,0.0,0.0,0.0,0.0,0.0,0.0,0.0,0.0,0.0,0.0,0.0,0.0,0.0,0.0,0.0,0.0,0.0,2023_05,total-animal-affected
2125,0.0,0.0,0.0,0.0,0.0,0.0,0.0,0.0,0.0,0.0,0.0,0.0,0.0,0.0,0.0,0.0,0.0,0.0,0.0,0.0,0.0,0.0,0.0,0.0,0.0,0.0,0.0,0.0,0.0,0.0,0.0,0.0,0.0,0.0,0.0,2023_05,total-animal-washed-away
2126,214904.0,377710.0,240459.0,393378.0,267778.0,527427.0,318730.0,266928.0,195025.0,318555.0,311523.0,172096.0,272707.0,275841.0,103131.0,30119.0,416101.0,256161.0,165784.0,185414.0,105445.0,408132.0,327221.0,233278.0,132203.0,231859.0,185739.0,108235.0,150938.0,214866.0,202538.0,52339.0,39239.0,77895.0,112690.0,2023_05,total-hhd
2127,0.0,0.0,0.0,0.0,0.0,0.0,0.0,0.0,0.0,0.0,0.0,0.0,0.0,0.0,0.0,0.0,0.0,0.0,0.0,0.0,0.0,0.0,0.0,0.0,0.0,0.0,0.0,0.0,0.0,0.0,0.0,0.0,0.0,0.0,0.0,2023_05,total-house-fully-damaged
2128,9894767.69,0.0,0.0,52425243.0,224409949.02,206712966.69,316056329.0,136364866.0,0.0,0.0,84391300.0,0.0,37332450.0,41551800.0,0.0,0.0,517033598.24,151823986.0,34796340.0,0.0,0.0,14669400.0,124860550.0,106353000.0,11305801.0,559209106.0,25906500.0,0.0,0.0,772926.0,29762700.0,0.0,0.0,0.0,81297382.0,2023_05,total-tender-awarded-value
2129,45.15733260910527,6.295669443200221,21.316097456778483,1.4410979588599238,7.1631365256988335,13.130603256074064,16.32433289018804,11.298052164659342,17.488013427436147,43.15625777286192,25.92105688247573,21.1422424318834,21.393395288013565,18.82660027045509,85.07154964982493,92.29569010169598,60.353704961758446,36.26565971971056,43.36511709357278,14.16548230227064,22.37029812106575,20.81245902591373,35.957924938067336,7.207882563668975,19.429144582194063,5.091573205520924,9.495156980657285,37.10315796607807,13.32930413132909,26.15250229961493,2.169503904800628,81.478893902149,4.161078533221625,7.849966625084856,8.614991753163086,2023_05,trees
2130,3,2,3,3,5,3,4,4,3,4,4,3,2,3,1,1,3,1,1,3,3,2,1,1,3,3,4,3,4,5,2,4,1,1,3,2023_05,vulnerability
2131,2.4617055111690327,10.115460917273063,6.207572669407478,19.70640050356963,9.58491402716118,5.550454557373425,8.41149019386846,6.337148039526079,3.805855965824301,4.013904962898205,6.674014110059942,2.8447155589171693,1.4105711842920938,5.40871019375055,0.2385064220558348,0.4601232903128437,2.9642427952048047,3.969055099568677,2.862004953550255,8.754941065871378,2.340754471421925,4.391433165646533,5.607689436614821,6.220920042266077,1.5204914146888506,8.466562659136839,1.1728439049845485,1.2189664170576533,5.371808847044157,1.414204943735177,22.12940719553415,0.690618804561425,13.378961466416229,3.346661983939757,2.390924968958241,2023_05,water
2132,9.0,7.5,8.9,8.0,7.2,9.8,9.8,8.3,7.0,8.6,10.2,10.4,10.3,8.8,7.2,8.1,9.8,9.8,9.5,9.1,8.2,10.1,12.1,10.5,9.0,9.2,8.3,8.6,8.9,8.0,6.7,5.8,9.4,7.0,11.6,2023_06,avg-electricity
2133,2.2,2.6,2.0,2.0,2.4,2.0,2.2,2.4,2.0,2.0,2.0,2.2,2.2,2.3,2.0,2.5,2.2,2.4,2.0,2.2,2.2,2.4,2.5,2.1,2.3,2.0,2.2,2.0,2.3,2.3,2.0,2.0,2.5,2.3,2.2,2023_06,avg-tele
2134,0.7291309832244668,6.282752457308544,4.999391518830241,10.444177178408005,8.175019472251908,1.2235212390545087,10.52618531586649,3.2325924577600795,4.742513716993724,5.312196685500217,11.662489485489248,1.0101712469281114,0.5156360065359646,5.505277315803769,0.0058624454729746,0.0622146613901976,0.083037601117575,0.0071894581167785,0.0098294580600155,4.710942945529917,2.3036081993801845,2.3188358883598714,0.3503958936808835,1.3536474650209338,0.7391123039039552,7.460556744979987,1.0683508705361642,0.0002064591751955,5.342328361705498,0.1324172855045991,13.813883850363,0.0460991244995262,22.8588192180144,0.0578268931460054,1.441767189681854,2023_06,bare-ground
2135,2.0,7.0,0.0,3.0,0.0,0.0,2.0,0.0,1.0,0.0,0.0,0.0,0.0,0.0,0.0,0.0,0.0,0.0,0.0,0.0,0.0,0.0,0.0,3.0,1.0,3.0,0.0,0.0,1.0,0.0,0.0,0.0,0.0,2.0,0.0,2023_06,bridge
2136,12.813002279760273,19.532673095299,21.7278935367819,23.224280393149957,16.40366742520424,21.521102451629076,16.13009496182345,19.12773530099464,15.515829181438098,13.5380629538649,14.759587412202352,19.086871949976327,21.9959009966027,21.986894352236536,4.95661790333012,1.753435870164205,10.199739088758738,21.39170055907628,15.507520568519816,30.68667020128292,27.17428197975876,20.9913903969805,42.34549788090294,25.232936526655187,21.912543882589222,22.29582757731616,21.989800182739955,17.539405921056268,17.597931303237132,21.919616710066062,14.28818141391939,3.85584375244879,8.66307250908374,26.54786157172083,24.67738978643938,2023_06,built-area
2137,,,,,,,,,,,,,,,,,,,,,,,,,,,,,,,,,,,,2023_06,children-camp
2138,0.0,0.0,0.0,0.0,0.0,0.0,0.0,0.0,0.0,0.0,0.0,0.0,0.0,0.0,0.0,0.0,0.0,0.0,0.0,0.0,0.0,0.0,0.0,0.0,0.0,0.0,0.0,0.0,0.0,0.0,0.0,0.0,0.0,0.0,0.0,2023_06,cidf-tenders-awarded-value
2139,0.0,0.0,0.0,0.0,0.0,0.0,0.0,0.0,0.0,0.0,0.0,0.0,0.0,0.0,0.0,3.58464258819225e-06,0.0,0.0,0.0,0.0,0.0,0.0,0.0,0.0,0.0,0.0,0.0,0.0,0.0,0.0,0.0,0.0,0.0,0.0,0.0,2023_06,clouds
2140,,,,,,,,,,,,,,,,,,,,,,,,,,,,,,,,,,,,2023_06,count
2141,578.0,244.0,4.0,465.0,0.0,1599.0,51.0,473.0,135.0,238.0,210.0,0.0,81.0,210.0,0.0,0.0,0.0,0.0,0.0,1785.0,232.0,1539.0,0.0,1469.0,4135.0,2875.0,70.0,0.0,430.0,370.0,0.0,0.0,11.0,450.0,417.0,2023_06,crop-area
2142,34.77527152998702,53.115174092308514,43.081676878517285,39.87347334063675,56.12263874661642,53.9577972353235,41.80341038314397,57.6139478308087,54.41830836224068,24.58412332813268,36.01737012803437,50.6661323741195,51.67930031884608,39.59934936480119,7.411819754383287,1.2420343135366083,23.52796139910944,36.26379760547847,35.95412517709405,38.46939367950876,41.60286149446442,49.12874115534136,14.133211183628369,59.13318531920358,52.62028872633751,53.61755361358087,65.17174349430036,42.21612032772426,52.41287206896256,49.23144002421417,38.8693357103284,8.8456687960696,37.523128650518046,62.02119192738156,61.68116906697584,2023_06,crops
2143,4296.624151156235,2231.5993331549903,3585.3069321814023,1247.6117514050093,2700.336576957554,3477.530108369159,1557.3606551140049,2711.046414108986,2238.6415334905228,4159.102888381454,9491.63013988358,3889.6067327857527,7133.757644739055,3445.5268629610114,8511.666927309077,4923.29748622475,3222.517655928944,4060.318063254274,4335.474967336042,1883.330083753236,975.2407923854796,4254.719948057848,3333.953706616405,1829.807307358248,1576.5499878215094,1098.83444541599,1489.926404330648,4700.953196095703,4363.59388114963,5163.44360094801,880.805632910103,4989.53282327419,1292.455559234692,1123.7037030160088,1578.254039674223,2023_06,distance-from-river
2144,KOKRAJHAR,DHUBRI,GOALPARA,BARPETA,MORIGAON,NAGAON,SONITPUR,LAKHIMPUR,DHEMAJI,TINSUKIA,DIBRUGARH,SIVASAGAR,JORHAT,GOLAGHAT,KARBI ANGLONG,DIMA HASAO,CACHAR,KARIMGANJ,HAILAKANDI,BONGAIGAON,CHIRANG,KAMRUP,KAMRUP METRO,NALBARI,BAKSA,DARRANG,UDALGURI,CHARAIDEO,BISWANATH,HOJAI,SOUTH SALMARA MANCACHAR,WEST KARBI ANGLONG,MAJULI,BAJALI,TAMULPUR,2023_06,district
2145,0.0005623749999999,0.0006515714285714,0.0005706,0.0006465,0.0005976,0.0005747142857142,0.000571,0.0006111428571428,0.0005535,0.00057375,0.0006251428571428,0.0006055,0.0006035999999999,0.0005855,0.00041,0.00031275,0.0004408,0.0005329999999999,0.0005025,0.0005798,0.000528,0.0005858461538461,0.00044875,0.000670625,0.0005907142857142,0.0006724,0.0006286666666666,0.000603,0.0006126666666666,0.00058,0.000585,0.000439,0.0006255,0.0006813333333333,0.0006636,2023_06,drainage-density
2146,,,,,,,,,,,,,,,,,,,,,,,,,,,,,,,,,,,,2023_06,dtcode11
2147,,,,,,,,,,,,,,,,,,,,,,,,,,,,,,,,,,,,2023_06,dtname
2148,0.87814525,0.8647671428571428,0.8414856000000001,0.8706663333333333,0.7987852,0.8912574285714285,0.809998,0.7633038571428571,0.7756568333333332,0.7896697500000001,0.7949371428571429,0.87550025,0.9158782,0.8275606666666667,0.8939766666666666,0.970234,0.8456303999999999,0.9558902,0.931446,0.8473556,0.8748543999999999,0.8999474615384616,1.0,0.959279375,0.8202154285714286,0.8291062,0.7833088888888889,0.8475183333333334,0.7919083333333333,0.7914653333333334,0.8860435,0.746913,0.7913525,0.9730256666666668,0.834141,2023_06,efficiency
2149,63.0,33.0,49.0,40.0,63.0,72.0,86.0,96.0,141.0,142.0,113.0,99.0,105.0,97.0,347.0,607.0,155.0,36.0,47.0,54.0,84.0,82.0,114.0,49.0,70.0,59.0,91.0,112.0,86.0,125.0,26.0,483.0,85.0,47.0,71.0,2023_06,elevation-mean
2150,0.0,0.0,0.0,0.0,0.0,0.0,2.0,2.0,0.0,0.0,0.0,0.0,1.0,0.0,0.0,0.0,0.0,0.0,0.0,0.0,0.0,0.0,0.0,2.0,3.0,12.0,3.0,0.0,5.0,0.0,0.0,0.0,0.0,7.0,0.0,2023_06,embankment-breached
2151,0.0,0.0,0.0,0.0,0.0,1.0,0.0,0.0,1.0,0.0,0.0,0.0,0.0,1.0,0.0,0.0,0.0,0.0,0.0,0.0,0.0,3.0,0.0,24.0,0.0,6.0,0.0,0.0,16.0,0.0,0.0,0.0,0.0,3.0,4.0,2023_06,embankments-affected
2152,1,2,2,3,2,4,5,1,1,5,2,2,2,2,2,1,5,3,2,1,1,1,4,1,1,3,1,1,2,5,5,3,1,1,1,2023_06,exposure
2153,,,,,,,,,,,,,,,,,,,,,,,,,,,,,,,,,,,,2023_06,female-camp
2154,2023-2024,2023-2024,2023-2024,2023-2024,2023-2024,2023-2024,2023-2024,2023-2024,2023-2024,2023-2024,2023-2024,2023-2024,2023-2024,2023-2024,2023-2024,2023-2024,2023-2024,2023-2024,2023-2024,2023-2024,2023-2024,2023-2024,2023-2024,2023-2024,2023-2024,2023-2024,2023-2024,2023-2024,2023-2024,2023-2024,2023-2024,2023-2024,2023-2024,2023-2024,2023-2024,2023_06,financial-year
2155,1,1,2,4,1,1,3,1,1,1,1,2,1,1,1,1,1,4,2,4,3,3,1,4,4,3,2,1,3,1,1,1,1,5,3,2023_06,flood-hazard
2156,,,,,,,,,,,,,,,,,,,,,,,,,,,,,,,,,,,,2023_06,flood-hazard-float
2157,0.6319548814145013,0.0264988838337595,0.1872910037294446,0.158831904668017,0.1961153522045057,1.390530397598282,0.1195075980714078,0.1324518295700244,0.1712649359439842,0.5289883082629272,0.392753765703258,0.9543536034917056,0.7424989815603891,0.4650992334585387,0.0003520763338109,0.0,0.2152261455433427,0.3384627601280647,0.5305185702806089,0.0770863053839264,0.013611502290577,0.0940553611739222,0.0947180121379085,0.1077116990742689,0.0031494346409583,0.0100595008760245,0.0,0.0461566608796366,0.4186526542872403,0.0265504009117852,0.0410408182797719,0.0127980275092552,0.3927505813793145,0.0625726025883714,0.0002513994932999,2023_06,flooded-vegetation
2158,5,5,5,4,4,5,4,5,5,5,5,5,5,5,5,5,5,5,5,5,5,5,4,5,5,4,5,5,5,5,5,5,5,5,4,2023_06,government-response
2159,163,151,154,205,116,277,158,124,73,119,169,143,106,153,30,4,176,96,87,88,68,282,52,142,109,129,15,82,100,91,69,25,32,70,67,2023_06,health-centres-count
2160,0,0,1,3,0,0,0,0,0,0,0,0,0,0,0,0,0,0,0,0,0,0,0,2,1,0,0,0,0,0,0,0,0,0,1,2023_06,human-live-lost
2161,,,,,,,,,,,,,,,,,,,,,,,,,,,,,,,,,,,,2023_06,human-live-lost-children
2162,,,,,,,,,,,,,,,,,,,,,,,,,,,,,,,,,,,,2023_06,human-live-lost-female
2163,,,,,,,,,,,,,,,,,,,,,,,,,,,,,,,,,,,,2023_06,human-live-lost-male
2164,0.0,0.0,0.0,14999900.0,0.0,207103820.0,0.0,0.0,0.0,0.0,0.0,0.0,0.0,0.0,0.0,0.0,0.0,0.0,0.0,0.0,108093028.0,0.0,137318174.25,0.0,0.0,0.0,0.0,0.0,0.0,0.0,0.0,0.0,0.0,0.0,26997972.0,2023_06,immediate-measures-tenders-awarded-value
2165,0.0,0.0,0.0180500097561828,0.0547814029113946,0.0421738474299432,0.0324716892354583,0.0159051338103481,0.0041954684493489,0.003318018715828,0.0027990924154726,0.0105078213034384,0.0369978089264781,0.0207733222983947,0.006497942501121,0.002100017110323,5.821670324878426e-06,0.0333981066786475,0.0848929514397505,0.0538048961615006,0.0256971273458879,0.0024054712438868,0.0804210808999752,0.0197476284493515,0.1075900487008268,0.0431716249684125,0.1043769803841363,0.0601062146709708,0.0081494881275226,0.0141925720499739,0.0377549415819565,0.0,0.0009531694225311,0.0023541993594014,0.1203851410334988,0.0567157780624004,2023_06,inundation-intensity-mean
2166,0.0,0.0,0.2,0.25,0.35,0.32,0.26,0.23,0.24,0.23,0.25,0.31,0.26,0.23,0.24,0.05,0.34,0.47,0.37,0.23,0.17,0.36,0.41,0.37,0.27,0.42,0.28,0.22,0.25,0.32,0.0,0.24,0.26,0.29,0.27,2023_06,inundation-intensity-mean-nonzero
2167,0.0,0.0,96681.6,283582.6,279153.4,251541.6,168683.8,36304.4,32736.2,32344.0,109892.8,195471.2,119164.2,74992.6,63679.6,103.6,393720.0,309859.4,116976.4,89317.2,25861.2,610155.6,52577.2,309588.0,127060.6,402785.4,129482.8,24376.4,56459.6,143343.0,0.0,8949.2,8916.0,175281.2,84839.6,2023_06,inundation-intensity-sum
2168,0.0,0.0,6.900602189631753,21.31886241662756,9.119851554331488,9.062060125480274,6.034880432670812,1.7900797696598396,1.2344489916739083,1.1600305253537275,4.211078437789992,10.30929170746667,8.066609186360532,2.892217298912575,0.6559312433030348,0.0027253958567225,7.919632760527005,16.661341458755885,12.35105395443122,9.811095300050498,1.030317774421678,20.617027776400125,3.991944808584333,28.72119602399236,15.503173756549682,23.43965092606908,19.81140599045418,3.646416362031776,5.720473839761033,12.05646453095119,0.0,0.39960008039291,1.0214268770631298,41.102635147238175,19.839839326146265,2023_06,inundation-pct
2169,0.0,0.0,0.0,0.0,0.0,0.0,0.0,0.0,0.0,0.0,0.0,0.0,0.0,0.0,0.0,0.0,0.0,0.0,0.0,0.0,0.0,0.0,0.0,0.0,0.0,0.0,0.0,0.0,0.0,0.0,0.0,0.0,0.0,0.0,0.0,2023_06,ltif-tenders-awarded-value
2170,,,,,,,,,,,,,,,,,,,,,,,,,,,,,,,,,,,,2023_06,male-camp
2171,2.19,2.14,1.44,1.5,0.7,0.8,1.14,1.03,0.84,0.73,0.68,0.66,0.62,0.8,0.61,1.06,1.06,1.2,0.97,1.54,2.19,1.73,0.61,1.03,1.77,1.18,1.18,0.67,1.28,0.55,1.82,0.54,0.7,1.77,1.29,2023_06,max-rain
2172,79.02868494142712,101.80280753365652,92.94383900653578,105.59323892727154,101.52151689605476,82.80184981421402,96.12358569934148,83.9078683433952,82.58482453454118,85.28440626816572,92.33941954273553,80.5484411209615,79.26767921681454,87.0143854317649,73.9235270160713,74.45407242468538,76.22171823123378,78.77654329987095,76.5297175055914,92.84413483394596,78.73454361714819,88.47737641290556,90.33791694141864,81.3350244170581,77.2968865972734,93.73693822422564,78.06937273928872,76.99096084367254,87.73877652848734,76.69919006241047,135.19869279538494,74.5890767941101,111.4923918776678,77.2774448783579,78.49346327750206,2023_06,mean-cn
2173,-0.1341460443772563,-0.0778249778462001,-0.0859755142242121,-0.1259758431129314,-0.0872667197575189,-0.0787722291500978,-0.0814352563053944,-0.1454879068376235,-0.1265095218179705,-0.1442929396601363,-0.1840043882476284,-0.1377507066314716,-0.0452071219857272,-0.0185237128240636,-0.0906756159378963,-0.1624656313565151,-0.1441431245445716,-0.1631037556353416,-0.0995915735542834,-0.100137882519451,-0.1348368288284448,-0.1490368487693198,-0.1061340301179287,-0.1494417894853278,-0.1389498704984372,-0.1259086402739483,-0.1121845466505428,-0.215886530739801,-0.0493281705497294,-0.0084632445023595,-0.0699664468338847,-0.1515955067512125,-0.1535157206055453,-0.096328354598843,-0.1380725875553354,2023_06,mean-ndbi
2174,0.6322680296883708,0.4630043614376271,0.4956873257564996,0.4060782106516059,0.4193509252110159,0.4871146626859751,0.4578557933365098,0.5277800419109677,0.5554749449760709,0.5941164534240619,0.4801784425091316,0.4644053150982432,0.4627769425735512,0.4058412483095104,0.5463194042161326,0.6192423074950506,0.5940698594313655,0.5631801626814479,0.5412708751623845,0.4951392632579904,0.5982681700048228,0.535696030303154,0.4824428337647792,0.5060000290828183,0.5738038000103506,0.4234030362984136,0.5195567814744442,0.5789212067792556,0.4935049553682392,0.4526085881134318,0.3168627781887779,0.6290083676668976,0.1833250095828774,0.5252079689570389,0.5127752558954477,2023_06,mean-ndvi
2175,1.86,1.41,1.22,1.09,0.53,0.54,0.79,0.69,0.63,0.64,0.62,0.61,0.57,0.58,0.46,0.65,0.77,0.95,0.79,1.46,1.57,0.68,0.5,0.89,1.38,0.66,0.72,0.66,0.81,0.39,1.41,0.32,0.58,1.13,0.8,2023_06,mean-rain
2176,0.94,0.94,0.94,0.94,0.95,0.94,0.93,0.94,0.93,0.93,0.94,0.93,0.94,0.94,0.92,0.91,0.94,0.94,0.93,0.95,0.95,0.93,0.91,0.93,0.95,0.93,0.94,0.93,0.93,0.94,0.94,0.93,0.94,0.94,0.95,2023_06,mean-sex-ratio
2177,78683.46309,83470.903,78088.12,79714.84605,75490.3523,87424.202,71470.137,90513.46103,104651.240916,68512.0013,81437.447,43095.76595,54183.314,128914.321604,35388.58,27888.17,66721.37,42827.17595,35287.21,42395.395,27850.66,74001.84561,6039.38,44021.984,58167.37587,76196.45569999999,93034.31635285716,23849.9,71288.401,78621.26999999999,17419.61,48488.349,16642.66,23559.76,71015.57777333334,2023_06,net-sown-area-in-hac
2178,14751054.0,17735011.0,0.0,14365800.0,0.0,0.0,0.0,38661353.0,36889156.0,4155958.0,0.0,0.0,33646050.0,14456687.0,0.0,0.0,11692673.0,0.0,84236123.0,0.0,5866626.0,9902000.0,194095467.66,7059724.1,0.0,49817100.0,0.0,0.0,0.0,0.0,0.0,0.0,0.0,0.0,0.0,2023_06,others-tenders-awarded-value
2179,8196.0,2126.0,4750.0,169785.0,0.0,0.0,1280.0,1745.0,1706.0,2666.0,3925.0,0.0,0.0,161.0,0.0,0.0,565.0,0.0,0.0,0.0,1119.0,228.0,0.0,86331.0,27395.0,16956.0,783.0,0.0,3891.0,0.0,0.0,0.0,0.0,285575.0,22647.0,2023_06,population-affected-total
2180,62.0,342.0,34.0,5.0,10.0,45.0,35.0,38.0,77.0,43.0,49.0,27.0,41.0,43.0,32.0,146.0,46.0,45.0,28.0,81.0,8.0,45.0,80.0,11.0,0.0,0.0,24.0,24.0,19.0,30.0,0.0,0.0,0.0,9.0,6.0,2023_06,rail-count
2181,145613.0,139561.0,78425.0,17621.0,30884.0,174517.0,138494.0,108334.0,121454.0,119685.0,123774.0,73292.0,86126.0,117155.0,73424.0,172636.0,103488.0,117739.0,90281.0,82273.0,24548.0,109026.0,89510.0,30164.0,0.0,0.0,66114.0,80492.0,74271.0,75327.0,0.0,0.0,0.0,28139.0,18201.0,2023_06,rail-length
2182,3.4316022053394977,4.631771110776883,2.480076935955142,5.151738720707722,2.354508450862955,3.2259908629471004,6.684978657038228,2.258072376681141,3.8582144101230815,8.866465988479138,4.572728216035082,4.295512834683773,2.2626972241491186,8.208069269494366,2.31529174859903,4.1864981782576525,2.6560880085077523,1.7641347979211102,1.770884178922499,3.135483500152478,4.194584231618326,2.2630850065840784,1.5105626549677873,0.7437163841109358,3.775269655645464,3.057866698589287,1.1021045667816776,1.8759862480289105,5.527102633434499,1.123268335953194,8.68864710677468,5.07007759276236,13.02218904136665,0.1139183961385548,1.193505835288304,2023_06,rangeland
2183,3131,1557,1979,1848,1512,2564,3445,2998,2483,3810,3379,1567,1865,3523,7337,4884,3783,1839,1329,1088,1926,3283,834,1036,1526,1611,1987,1073,1783,1456,684,3073,970,470,877,2023_06,rc-area
2184,22.9,25.01,25.42,15.04,15.81,23.51,13.19,16.32,20.87,24.89,12.8,8.96,12.07,15.06,23.47,23.25,15.87,14.25,19.26,12.86,25.35,9.48,11.61,21.25,15.46,13.0,15.96,19.71,28.46,27.66,28.09,28.84,17.28,9.75,12.15,2023_06,rc-nosanitation-hhds-pct
2185,2.85,1.19,3.55,2.25,3.35,4.98,6.04,2.83,2.26,3.42,4.19,6.81,14.25,7.18,1.95,6.36,8.53,5.57,4.01,2.04,1.03,3.32,11.46,9.66,2.8,5.1,3.07,3.8,4.2,5.27,3.57,0.24,4.95,6.03,5.78,2023_06,rc-piped-hhds-pct
2186,,,,,,,,,,,,,,,,,,,,,,,,,,,,,,,,,,,,2023_06,relief-camp-inmates
2187,14751054.0,17735011.0,0.0,14365800.0,49935482.16,0.0,19763606.0,51963750.8,36889156.0,5678978.9,137751201.0,0.0,33646050.0,14456687.0,0.0,0.0,11692673.0,0.0,84236123.0,0.0,9366126.0,9902000.0,69560273.94,126518273.1,0.0,49817100.0,0.0,0.0,0.0,0.0,0.0,0.0,0.0,0.0,181239116.49,2023_06,restoration-measures-tenders-awarded-value
2188,,,,,,,,,,,,,,,,,,,,,,,,,,,,,,,,,,,,2023_06,revenue-ci
2189,0.0,0.0,0.0,0.0,0.0,207103820.0,19763606.0,0.0,0.0,0.0,137751201.0,0.0,33646050.0,0.0,0.0,0.0,0.0,0.0,0.0,0.0,0.0,0.0,0.0,0.0,0.0,0.0,0.0,0.0,0.0,0.0,0.0,0.0,0.0,0.0,0.0,2023_06,ridf-tenders-awarded-value
2190,1,1,3,4,1,1,3,2,1,1,1,2,1,1,1,1,2,4,2,4,3,3,1,4,5,4,2,1,3,1,1,2,1,4,3,2023_06,risk-score
2191,42.85,35.37,47.14,45.26,55.44,60.93,77.72,95.92,0.0,135.49,119.65,98.35,86.01,130.39,0.0,132.5,23.55,20.63,25.82,52.27,54.6,54.13,51.58,54.57,0.0,0.0,0.0,104.42,0.0,0.0,0.0,755.8,0.0,0.0,164.97,2023_06,riverlevel-max
2192,5.111157986111111,12.491911463182351,15.714377777777775,7.321962962962964,20.39017222222222,8.11878373015873,35.11397569444445,38.232954365079365,0.0,64.53375,31.170294312169315,70.21660069444445,16.901266666666665,45.36883912037037,0.0,32.84453472222222,16.045332685185183,11.522966666666663,12.403284722222224,9.766134722222224,10.595361111111112,7.610936965811967,24.10168576388889,6.424418402777778,0.0,0.0,0.0,33.54357407407407,0.0,0.0,0.0,411.0494305555556,0.0,0.0,45.79106388888889,2023_06,riverlevel-mean
2193,0.0,0.0,0.0,0.0,0.0,0.0,0.0,0.0,0.0,0.0,0.0,0.0,0.0,0.0,0.0,0.0,6.94,0.0,0.0,0.0,0.0,0.0,0.0,0.0,0.0,0.0,0.0,0.0,0.0,0.0,0.0,66.27,0.0,0.0,0.0,2023_06,riverlevel-min
2194,858892.0,705770.0,1011509.0,725891.0,634621.0,1331470.0,745620.0,804067.0,578686.0,1211943.0,1453600.0,700651.0,736030.0,1389863.0,752361.0,843185.0,988230.0,615579.0,483931.0,654117.0,547046.0,1589070.0,746938.0,450865.0,429399.0,767150.0,650574.0,485197.0,574075.0,560100.0,78936.0,457481.0,54196.0,461489.0,294016.0,2023_06,road-length
2195,23.0,75.0,24.0,123.0,0.0,5.0,0.0,1.0,4.0,0.0,0.0,0.0,0.0,2.0,0.0,0.0,1.0,0.0,0.0,0.0,13.0,2.0,0.0,83.0,12.0,15.0,6.0,0.0,16.0,0.0,0.0,0.0,0.0,49.0,29.0,2023_06,roads
2196,2788,3147,2578,2904,1994,3284,2025,3519,2301,1950,2431,1838,2072,2507,1757,1063,3322,3188,3016,1463,1336,3463,1151,1817,1497,1858,1795,1007,1291,1320,1381,925,805,813,995,2023_06,schools-count
2197,0.0,0.0,0.0,0.0,0.0,0.0,0.0,0.0,0.0,0.0,0.0,0.0,0.0,0.0,0.0,0.0,0.0,0.0,0.0,0.0,0.0,0.0,0.0,0.0,0.0,0.0,0.0,0.0,0.0,0.0,0.0,0.0,0.0,0.0,0.0,2023_06,sdrf-sanctions-awarded-value
2198,0.0,22498239.0,0.0,14999900.0,0.0,0.0,0.0,0.0,0.0,0.0,0.0,0.0,0.0,0.0,0.0,0.0,0.0,0.0,0.0,0.0,0.0,0.0,0.0,0.0,0.0,0.0,0.0,0.0,0.0,0.0,0.0,0.0,0.0,0.0,26997972.0,2023_06,sdrf-tenders-awarded-value
2199,84.0,81.0,84.0,78.0,81.0,86.0,82.0,84.0,84.0,83.0,79.0,85.0,85.0,84.0,89.0,90.0,88.0,86.0,87.0,84.0,85.0,83.0,85.0,83.0,85.0,82.0,85.0,84.0,83.0,88.0,75.0,89.0,78.0,85.0,85.0,2023_06,slope-mean
2200,0.0,0.0,0.0,0.0,0.0,0.0,0.0,0.0,0.0,0.0,0.0,0.0,0.0,0.0,0.0,0.0,0.0,0.0,84236123.0,0.0,3366786.0,0.0,185252067.66,0.0,0.0,0.0,0.0,0.0,0.0,0.0,0.0,0.0,0.0,0.0,0.0,2023_06,sopd-tenders-awarded-value
2201,59707.0,44385.0,48154.0,70498.0,43994.0,101486.0,70953.0,60397.0,33716.0,81010.0,67434.0,44943.0,51670.0,73114.0,36768.0,11232.0,111691.0,87426.0,29638.0,35950.0,32886.0,76059.0,54254.0,43534.0,27022.0,56778.0,40272.0,17176.0,32641.0,48429.0,25076.0,24839.0,7555.0,12625.0,21929.0,2023_06,sum-aged-population
2202,1289251.0,1401030.0,1082272.0,1613275.0,1149616.0,2379170.0,1468618.0,1170535.0,707830.0,1415005.0,1500165.0,781776.0,1001168.0,1309191.0,708329.0,290661.0,2132069.0,1411746.0,776915.0,813460.0,614679.0,1644335.0,1366878.0,970177.0,725061.0,1170309.0,873216.0,497844.0,664801.0,1130389.0,547844.0,368151.0,165704.0,322294.0,503297.0,2023_06,sum-population
2203,5623.76,1888.28,2238.34,1787.93,698.54,1271.83,2448.84,1872.38,1408.43,2238.14,1898.3,868.22,954.36,1865.24,2945.17,2618.83,2479.22,1466.68,851.27,1419.62,2812.96,2082.97,346.39,753.21,2088.91,959.34,1427.52,642.3,1384.6,509.76,841.15,895.88,516.39,495.06,657.17,2023_06,sum-rain
2204,121859.0,109709.0,110964.0,139208.0,90493.0,191488.0,120806.0,107647.0,64106.0,140856.0,98881.0,58125.0,57601.0,107241.0,84566.0,25933.0,187658.0,167030.0,62145.0,69199.0,62848.0,108586.0,64714.0,49888.0,37905.0,113188.0,68495.0,22488.0,55200.0,91919.0,59374.0,55356.0,8826.0,24080.0,31356.0,2023_06,sum-young-population
2205,,,,,,,,,,,,,,,,,,,,,,,,,,,,,,,,,,,,2023_06,topsis-score
2206,0.0,0.0,1584.0,437610.0,0.0,0.0,4055.0,82658.0,1333.0,0.0,45572.0,0.0,0.0,0.0,0.0,0.0,0.0,0.0,0.0,0.0,2256.0,80212.0,0.0,664418.0,56121.0,65727.0,844.0,0.0,95765.0,0.0,0.0,0.0,0.0,589998.0,69715.0,2023_06,total-animal-affected
2207,0.0,0.0,0.0,0.0,0.0,0.0,0.0,0.0,0.0,0.0,0.0,0.0,0.0,0.0,0.0,0.0,0.0,0.0,0.0,0.0,90.0,0.0,0.0,627.0,10.0,21.0,0.0,0.0,0.0,0.0,0.0,0.0,0.0,764.0,0.0,2023_06,total-animal-washed-away
2208,214904.0,377710.0,240459.0,393378.0,267778.0,527427.0,318730.0,266928.0,195025.0,318555.0,311523.0,172096.0,272707.0,275841.0,103131.0,30119.0,416101.0,256161.0,165784.0,185414.0,105445.0,408132.0,327221.0,233278.0,132203.0,231859.0,185739.0,108235.0,150938.0,214866.0,202538.0,52339.0,39239.0,77895.0,112690.0,2023_06,total-hhd
2209,1.0,0.0,0.0,0.0,0.0,0.0,0.0,3.0,0.0,0.0,0.0,0.0,0.0,0.0,0.0,0.0,0.0,0.0,0.0,0.0,0.0,0.0,0.0,21.0,3.0,0.0,0.0,0.0,0.0,0.0,0.0,0.0,0.0,12.0,21.0,2023_06,total-house-fully-damaged
2210,14751054.0,40233250.0,0.0,29365700.0,49935482.16,207103820.0,110496082.0,38661353.0,36889156.0,4155958.0,137751201.0,0.0,33646050.0,14456687.0,0.0,0.0,11692673.0,0.0,329729535.0,0.0,117459154.0,9902000.0,348239791.91,126518273.1,0.0,163524354.0,0.0,0.0,0.0,0.0,0.0,0.0,0.0,0.0,342752073.0,2023_06,total-tender-awarded-value
2211,45.15733260910527,6.295669443200221,21.316097456778483,1.4410979588599238,7.1631365256988335,13.130603256074064,16.32433289018804,11.298052164659342,17.488013427436147,43.15625777286192,25.92105688247573,21.1422424318834,21.39339528801357,18.82660027045509,85.07154964982493,92.29569010169598,60.353704961758446,36.26565971971056,43.36511709357278,14.16548230227064,22.370298121065755,20.81245902591373,35.957924938067336,7.207882563668975,19.429144582194063,5.091573205520924,9.495156980657285,37.10315796607807,13.32930413132909,26.15250229961493,2.169503904800628,81.478893902149,4.161078533221625,7.849966625084857,8.614991753163086,2023_06,trees
2212,3,3,3,3,4,2,4,5,4,4,4,3,2,4,3,1,3,1,1,3,3,2,1,1,4,3,4,3,5,5,2,5,4,1,3,2023_06,vulnerability
2213,2.4617055111690327,10.115460917273063,6.207572669407478,19.70640050356963,9.58491402716118,5.550454557373425,8.41149019386846,6.33714803952608,3.805855965824301,4.013904962898205,6.674014110059942,2.8447155589171693,1.4105711842920938,5.40871019375055,0.2385064220558348,0.4601232903128437,2.9642427952048047,3.969055099568677,2.862004953550255,8.754941065871378,2.340754471421925,4.391433165646533,5.607689436614821,6.220920042266077,1.5204914146888506,8.466562659136839,1.1728439049845485,1.2189664170576533,5.371808847044157,1.414204943735177,22.12940719553415,0.690618804561425,13.378961466416229,3.346661983939757,2.390924968958241,2023_06,water
2214,9.0,7.5,8.9,8.0,7.2,9.8,9.8,8.3,7.0,8.6,10.2,10.4,10.3,8.8,7.2,8.1,9.8,9.8,9.5,9.1,8.2,10.1,12.1,10.5,9.0,9.2,8.3,8.6,8.9,8.0,6.7,5.8,9.4,7.0,11.6,2023_07,avg-electricity
2215,2.2,2.6,2.0,2.0,2.4,2.0,2.2,2.4,2.0,2.0,2.0,2.2,2.2,2.3,2.0,2.5,2.2,2.4,2.0,2.2,2.2,2.4,2.5,2.1,2.3,2.0,2.2,2.0,2.3,2.3,2.0,2.0,2.5,2.3,2.2,2023_07,avg-tele
2216,0.7291309832244668,6.282752457308544,4.999391518830241,10.444177178408005,8.175019472251908,1.2235212390545087,10.52618531586649,3.2325924577600795,4.742513716993724,5.312196685500217,11.662489485489248,1.0101712469281114,0.5156360065359646,5.505277315803769,0.0058624454729746,0.0622146613901976,0.083037601117575,0.0071894581167785,0.0098294580600155,4.710942945529917,2.3036081993801845,2.3188358883598714,0.3503958936808835,1.3536474650209338,0.7391123039039552,7.460556744979987,1.0683508705361642,0.0002064591751955,5.342328361705498,0.1324172855045991,13.813883850363,0.0460991244995262,22.8588192180144,0.0578268931460054,1.441767189681854,2023_07,bare-ground
2217,0.0,0.0,0.0,0.0,0.0,0.0,2.0,0.0,1.0,0.0,0.0,0.0,0.0,0.0,0.0,0.0,0.0,0.0,0.0,0.0,0.0,0.0,0.0,0.0,0.0,0.0,0.0,0.0,1.0,0.0,0.0,0.0,0.0,0.0,0.0,2023_07,bridge
2218,12.81300227976027,19.532673095299,21.7278935367819,23.22428039314995,16.40366742520424,21.521102451629076,16.13009496182345,19.12773530099464,15.515829181438098,13.5380629538649,14.759587412202352,19.086871949976327,21.9959009966027,21.986894352236536,4.95661790333012,1.753435870164205,10.199739088758738,21.39170055907628,15.507520568519816,30.68667020128292,27.17428197975876,20.9913903969805,42.34549788090294,25.232936526655187,21.912543882589222,22.29582757731616,21.989800182739955,17.539405921056268,17.597931303237132,21.919616710066062,14.28818141391939,3.85584375244879,8.66307250908374,26.54786157172083,24.67738978643938,2023_07,built-area
2219,,,,,,,,,,,,,,,,,,,,,,,,,,,,,,,,,,,,2023_07,children-camp
2220,0.0,0.0,0.0,0.0,0.0,0.0,0.0,0.0,0.0,0.0,0.0,0.0,0.0,0.0,0.0,0.0,0.0,0.0,0.0,0.0,0.0,0.0,0.0,0.0,0.0,0.0,0.0,0.0,0.0,0.0,0.0,0.0,0.0,0.0,0.0,2023_07,cidf-tenders-awarded-value
2221,0.0,0.0,0.0,0.0,0.0,0.0,0.0,0.0,0.0,0.0,0.0,0.0,0.0,0.0,0.0,3.58464258819225e-06,0.0,0.0,0.0,0.0,0.0,0.0,0.0,0.0,0.0,0.0,0.0,0.0,0.0,0.0,0.0,0.0,0.0,0.0,0.0,2023_07,clouds
2222,,,,,,,,,,,,,,,,,,,,,,,,,,,,,,,,,,,,2023_07,count
2223,21.0,60.0,0.0,45.0,354.0,59.0,203.0,2068.0,2014.0,267.0,238.0,323.0,111.0,163.0,0.0,0.0,0.0,0.0,0.0,413.0,916.0,1021.0,0.0,0.0,100.0,19.0,0.0,3.0,858.0,0.0,0.0,0.0,1386.0,23.0,0.0,2023_07,crop-area
2224,34.77527152998702,53.115174092308514,43.081676878517285,39.87347334063675,56.12263874661642,53.9577972353235,41.80341038314398,57.6139478308087,54.41830836224068,24.58412332813268,36.01737012803437,50.6661323741195,51.67930031884608,39.59934936480119,7.411819754383287,1.2420343135366083,23.52796139910944,36.26379760547847,35.95412517709405,38.46939367950876,41.60286149446442,49.12874115534136,14.133211183628369,59.13318531920358,52.62028872633751,53.61755361358087,65.17174349430036,42.21612032772426,52.41287206896256,49.23144002421417,38.8693357103284,8.8456687960696,37.523128650518046,62.02119192738157,61.68116906697584,2023_07,crops
2225,4296.624151156235,2231.5993331549903,3585.3069321814023,1247.6117514050093,2700.336576957554,3477.530108369159,1557.3606551140049,2711.0464141089856,2238.6415334905228,4159.102888381455,9491.630139883577,3889.6067327857527,7133.757644739055,3445.526862961011,8511.666927309077,4923.29748622475,3222.517655928944,4060.318063254274,4335.474967336042,1883.330083753236,975.2407923854796,4254.719948057848,3333.953706616405,1829.807307358248,1576.5499878215094,1098.83444541599,1489.926404330648,4700.953196095703,4363.59388114963,5163.44360094801,880.805632910103,4989.53282327419,1292.455559234692,1123.7037030160088,1578.254039674223,2023_07,distance-from-river
2226,KOKRAJHAR,DHUBRI,GOALPARA,BARPETA,MORIGAON,NAGAON,SONITPUR,LAKHIMPUR,DHEMAJI,TINSUKIA,DIBRUGARH,SIVASAGAR,JORHAT,GOLAGHAT,KARBI ANGLONG,DIMA HASAO,CACHAR,KARIMGANJ,HAILAKANDI,BONGAIGAON,CHIRANG,KAMRUP,KAMRUP METRO,NALBARI,BAKSA,DARRANG,UDALGURI,CHARAIDEO,BISWANATH,HOJAI,SOUTH SALMARA MANCACHAR,WEST KARBI ANGLONG,MAJULI,BAJALI,TAMULPUR,2023_07,district
2227,0.0005623749999999,0.0006515714285714,0.0005706,0.0006465,0.0005976,0.0005747142857142,0.000571,0.0006111428571428,0.0005535,0.00057375,0.0006251428571428,0.0006055,0.0006035999999999,0.0005855,0.00041,0.00031275,0.0004408,0.0005329999999999,0.0005025,0.0005798,0.000528,0.0005858461538461,0.00044875,0.000670625,0.0005907142857142,0.0006724,0.0006286666666666,0.000603,0.0006126666666666,0.00058,0.000585,0.000439,0.0006255,0.0006813333333333,0.0006636,2023_07,drainage-density
2228,,,,,,,,,,,,,,,,,,,,,,,,,,,,,,,,,,,,2023_07,dtcode11
2229,,,,,,,,,,,,,,,,,,,,,,,,,,,,,,,,,,,,2023_07,dtname
2230,0.877838125,0.907028,0.8116284,0.830747,0.7661958,0.8639782857142857,0.7858735,0.7614744285714286,0.7963585000000001,0.78905325,0.7772958571428571,0.8324705,0.879297,0.8063263333333334,0.922021,0.99257475,0.8273534,0.951551,0.918806,0.8305838,0.8693325999999999,0.8942024615384615,1.0,0.9289685,0.80769,0.7963818,0.7888433333333333,0.8335309999999999,0.7671436666666667,0.7680406666666667,0.910141,0.806071,0.7675915,0.9594673333333332,0.8554704000000001,2023_07,efficiency
2231,63.0,33.0,49.0,40.0,63.0,72.0,86.0,96.0,141.0,142.0,113.0,99.0,105.0,97.0,347.0,607.0,155.0,36.0,47.0,54.0,84.0,82.0,114.0,49.0,70.0,59.0,91.0,112.0,86.0,125.0,26.0,483.0,85.0,47.0,71.0,2023_07,elevation-mean
2232,0.0,0.0,0.0,0.0,0.0,0.0,0.0,0.0,0.0,0.0,0.0,0.0,1.0,0.0,0.0,0.0,0.0,0.0,0.0,0.0,0.0,0.0,0.0,0.0,0.0,0.0,0.0,0.0,3.0,0.0,0.0,0.0,0.0,0.0,0.0,2023_07,embankment-breached
2233,0.0,0.0,0.0,0.0,0.0,0.0,0.0,1.0,1.0,0.0,0.0,10.0,0.0,1.0,0.0,0.0,0.0,0.0,0.0,0.0,0.0,0.0,0.0,0.0,0.0,0.0,0.0,0.0,6.0,0.0,0.0,0.0,3.0,0.0,0.0,2023_07,embankments-affected
2234,1,2,2,3,2,4,5,1,1,5,2,2,2,2,2,1,5,3,2,1,1,1,4,1,1,3,1,1,2,5,5,3,1,1,1,2023_07,exposure
2235,,,,,,,,,,,,,,,,,,,,,,,,,,,,,,,,,,,,2023_07,female-camp
2236,2023-2024,2023-2024,2023-2024,2023-2024,2023-2024,2023-2024,2023-2024,2023-2024,2023-2024,2023-2024,2023-2024,2023-2024,2023-2024,2023-2024,2023-2024,2023-2024,2023-2024,2023-2024,2023-2024,2023-2024,2023-2024,2023-2024,2023-2024,2023-2024,2023-2024,2023-2024,2023-2024,2023-2024,2023-2024,2023-2024,2023-2024,2023-2024,2023-2024,2023-2024,2023-2024,2023_07,financial-year
2237,2,3,2,3,1,1,2,5,4,3,3,4,3,3,1,1,1,1,1,3,2,2,1,1,2,1,1,3,5,1,4,1,4,2,1,2023_07,flood-hazard
2238,,,,,,,,,,,,,,,,,,,,,,,,,,,,,,,,,,,,2023_07,flood-hazard-float
2239,0.6319548814145014,0.0264988838337596,0.1872910037294446,0.158831904668017,0.1961153522045057,1.390530397598282,0.1195075980714078,0.1324518295700244,0.1712649359439842,0.5289883082629272,0.392753765703258,0.9543536034917056,0.7424989815603891,0.4650992334585388,0.0003520763338109,0.0,0.2152261455433427,0.3384627601280647,0.5305185702806088,0.0770863053839264,0.013611502290577,0.0940553611739222,0.0947180121379085,0.1077116990742689,0.0031494346409583,0.0100595008760245,0.0,0.0461566608796366,0.4186526542872403,0.0265504009117852,0.0410408182797719,0.0127980275092552,0.3927505813793145,0.0625726025883714,0.0002513994932999,2023_07,flooded-vegetation
2240,4,5,5,4,4,5,4,5,5,5,5,5,5,5,5,5,5,5,5,5,5,5,4,5,5,4,5,5,5,5,5,5,5,5,4,2023_07,government-response
2241,163,151,154,205,116,277,158,124,73,119,169,143,106,153,30,4,176,96,87,88,68,282,52,142,109,129,15,82,100,91,69,25,32,70,67,2023_07,health-centres-count
2242,0,0,0,0,0,0,0,0,0,0,0,2,0,0,0,0,0,0,0,0,0,0,0,0,0,0,0,0,0,0,0,0,0,0,0,2023_07,human-live-lost
2243,,,,,,,,,,,,,,,,,,,,,,,,,,,,,,,,,,,,2023_07,human-live-lost-children
2244,,,,,,,,,,,,,,,,,,,,,,,,,,,,,,,,,,,,2023_07,human-live-lost-female
2245,,,,,,,,,,,,,,,,,,,,,,,,,,,,,,,,,,,,2023_07,human-live-lost-male
2246,113889080.0,0.0,0.0,0.0,0.0,0.0,0.0,0.0,0.0,0.0,0.0,0.0,0.0,9448204.0,0.0,0.0,0.0,38316000.0,0.0,0.0,0.0,0.0,0.0,0.0,0.0,0.0,0.0,0.0,0.0,0.0,0.0,0.0,0.0,0.0,0.0,2023_07,immediate-measures-tenders-awarded-value
2247,0.0056596840211748,0.0105779276409627,0.0080351057526403,0.0163564077673342,0.0,0.0011869668588571,0.0,0.0272056346057354,0.0240492479559199,2.350018129592004e-05,0.0072084905757004,0.0581074429191273,0.0199409835189918,0.0040305323066332,0.0003300336537101,0.0,0.0,0.0,0.0,0.0100571658586172,0.0010295308169826,0.0077404564864686,0.0,0.0012524771788433,0.0029201016259584,0.0008222503999564,0.0,0.0171837998734964,0.022804166049168,7.032583206382723e-06,0.0012840616929453,0.0,0.0070634057438276,0.0044814722829203,7.47930041839176e-05,2023_07,inundation-intensity-mean
2248,0.21,0.2,0.37,0.37,0.0,0.05,0.0,0.37,0.32,0.25,0.37,0.47,0.37,0.33,0.33,0.0,0.0,0.0,0.0,0.35,0.2,0.27,0.0,0.25,0.24,0.13,0.0,0.4,0.33,0.11,0.33,0.0,0.35,0.34,0.13,2023_07,inundation-intensity-mean-nonzero
2249,30898.67,60625.0,53259.33,94190.67,0.0,14823.0,0.0,233654.67,183976.0,259.0,82592.67,296232.0,97724.0,46945.0,9888.0,0.0,0.0,0.0,0.0,31931.0,6468.67,55320.33,0.0,7980.67,9069.67,3591.33,0.0,52576.33,83239.67,56.33,2995.0,0.0,24129.33,8656.0,37.67,2023_07,inundation-intensity-sum
2250,1.6979052063524562,2.865181220077393,2.0494834804085325,4.266366067235475,0.0,0.3560900576571371,0.0,7.04630084038938,6.126903503629582,0.0069322711490754,1.8532692365039083,11.810495968146617,4.916316490754718,1.209159691989975,0.0990100961130405,0.0,0.0,0.0,0.0,2.774958352483018,0.308859245094792,2.028609236916173,0.0,0.3669407319307569,0.8760304877875444,0.246675119986934,0.0,4.139106864940733,6.841249814750428,0.0021097749619148,0.385218507883615,0.0,2.0221312862376504,1.2881969655957533,0.0224379012551792,2023_07,inundation-pct
2251,0.0,0.0,0.0,0.0,0.0,0.0,0.0,0.0,0.0,0.0,0.0,0.0,0.0,0.0,0.0,0.0,0.0,0.0,0.0,0.0,0.0,0.0,0.0,0.0,0.0,0.0,0.0,0.0,0.0,0.0,0.0,0.0,0.0,0.0,0.0,2023_07,ltif-tenders-awarded-value
2252,,,,,,,,,,,,,,,,,,,,,,,,,,,,,,,,,,,,2023_07,male-camp
2253,1.21,1.01,0.64,0.67,0.6,0.52,1.18,1.41,1.19,1.06,0.84,0.71,0.66,0.77,0.58,0.73,0.74,0.61,0.74,0.67,0.71,1.41,0.58,0.31,0.45,0.6,1.13,0.6,1.36,0.44,1.04,0.51,0.77,0.45,0.44,2023_07,max-rain
2254,79.02868494142712,101.80280753365652,92.94383900653578,105.59323892727154,101.52151689605472,82.80184981421402,96.12358569934148,83.9078683433952,82.58482453454118,85.28440626816572,92.33941954273553,80.5484411209615,79.26767921681454,87.0143854317649,73.9235270160713,74.45407242468538,76.22171823123378,78.77654329987095,76.5297175055914,92.84413483394596,78.73454361714819,88.47737641290556,90.33791694141864,81.3350244170581,77.2968865972734,93.73693822422564,78.06937273928872,76.99096084367254,87.73877652848734,76.69919006241047,135.19869279538494,74.5890767941101,111.4923918776678,77.2774448783579,78.49346327750206,2023_07,mean-cn
2255,-0.1440778014764855,-0.0769620475270855,-0.0752289160580391,-0.1259758431129314,-0.0704908703807254,-0.0497694171890658,-0.068610922684501,-0.1454879068376235,-0.1161626301019892,-0.1159193495374455,-0.1342828926831224,-0.1377507066314716,-0.0452071219857272,-0.0185237128240636,-0.1064157224177751,-0.1769310836542678,-0.1449437193717487,-0.1416525965428725,-0.1456127027439684,-0.0626237020527392,-0.1348368288284448,-0.1490368487693198,-0.0608214502201025,-0.1494417894853278,-0.1389498704984372,-0.1107711037677772,-0.0851231711544214,-0.1937775663925758,-0.0425368543194349,-0.0315434816424185,-0.0427644618233014,-0.2092483836206896,-0.1535157206055453,-0.096328354598843,-0.1380725875553354,2023_07,mean-ndbi
2256,0.5298988819134585,0.3850702668169375,0.4443305559075822,0.4060782106516059,0.3075508869902876,0.4178046553479214,0.4096532475220306,0.5277800419109678,0.4809475259762983,0.5540381641482217,0.4731051263578124,0.4644053150982432,0.4627769425735512,0.4058412483095104,0.4667715250546282,0.5922850425667504,0.6137813238556584,0.473475025349007,0.5455609121536247,0.441657221470901,0.5982681700048228,0.535696030303154,0.3739631313957174,0.5060000290828183,0.5738038000103506,0.3716188262889552,0.3784167883298902,0.5736969480203514,0.4821608343436691,0.4406983208598458,0.2969168647425758,0.5787010354475773,0.1833250095828774,0.5252079689570389,0.5127752558954477,2023_07,mean-ndvi
2257,0.49,0.52,0.44,0.41,0.49,0.41,0.71,0.87,0.78,0.68,0.54,0.61,0.58,0.5,0.3,0.42,0.6,0.59,0.62,0.62,0.63,0.42,0.47,0.27,0.36,0.42,0.4,0.53,0.67,0.27,0.73,0.26,0.59,0.31,0.31,2023_07,mean-rain
2258,0.94,0.94,0.94,0.94,0.95,0.94,0.93,0.94,0.93,0.93,0.94,0.93,0.94,0.94,0.92,0.91,0.94,0.94,0.93,0.95,0.95,0.93,0.91,0.93,0.95,0.93,0.94,0.93,0.93,0.94,0.94,0.93,0.94,0.94,0.95,2023_07,mean-sex-ratio
2259,78683.46309,83470.903,78088.12,79714.84605,75490.3523,87424.202,71470.137,90513.46103,104651.240916,68512.0013,81437.447,43095.76595,54183.314,128914.321604,35388.58,27888.17,66721.37,42827.17595,35287.21,42395.395,27850.66,74001.84561,6039.38,44021.984,58167.37587,76196.45569999999,93034.31635285716,23849.9,71288.401,78621.26999999999,17419.61,48488.349,16642.66,23559.76,71015.57777333334,2023_07,net-sown-area-in-hac
2260,13484651.0,0.0,22102222.0,0.0,21506000.0,60597146.0,0.0,0.0,0.0,121197821.0,83325000.0,0.0,35547927.010000005,0.0,0.0,0.0,24543000.0,0.0,0.0,0.0,0.0,167073910.0,31066357.6,0.0,0.0,30867300.0,0.0,0.0,59992200.0,0.0,0.0,0.0,0.0,0.0,0.0,2023_07,others-tenders-awarded-value
2261,1792.0,3336.0,0.0,3417.0,3499.0,0.0,4415.0,26364.0,44026.0,3273.0,13774.0,33094.0,5709.0,34770.0,0.0,0.0,0.0,214.0,0.0,0.0,16684.0,0.0,0.0,549.0,1311.0,2392.0,125.0,315.0,38287.0,0.0,0.0,0.0,11971.0,6674.0,110.0,2023_07,population-affected-total
2262,62.0,342.0,34.0,5.0,10.0,45.0,35.0,38.0,77.0,43.0,49.0,27.0,41.0,43.0,32.0,146.0,46.0,45.0,28.0,81.0,8.0,45.0,80.0,11.0,0.0,0.0,24.0,24.0,19.0,30.0,0.0,0.0,0.0,9.0,6.0,2023_07,rail-count
2263,145613.0,139561.0,78425.0,17621.0,30884.0,174517.0,138494.0,108334.0,121454.0,119685.0,123774.0,73292.0,86126.0,117155.0,73424.0,172636.0,103488.0,117739.0,90281.0,82273.0,24548.0,109026.0,89510.0,30164.0,0.0,0.0,66114.0,80492.0,74271.0,75327.0,0.0,0.0,0.0,28139.0,18201.0,2023_07,rail-length
2264,3.4316022053394977,4.631771110776882,2.4800769359551422,5.151738720707722,2.354508450862955,3.2259908629471004,6.684978657038228,2.258072376681141,3.8582144101230815,8.866465988479138,4.572728216035082,4.295512834683773,2.2626972241491186,8.208069269494366,2.31529174859903,4.1864981782576525,2.6560880085077523,1.7641347979211102,1.770884178922499,3.135483500152478,4.194584231618326,2.2630850065840784,1.5105626549677873,0.7437163841109358,3.775269655645464,3.0578666985892866,1.1021045667816771,1.8759862480289105,5.527102633434499,1.123268335953194,8.68864710677468,5.07007759276236,13.02218904136665,0.1139183961385548,1.193505835288304,2023_07,rangeland
2265,3131,1557,1979,1848,1512,2564,3445,2998,2483,3810,3379,1567,1865,3523,7337,4884,3783,1839,1329,1088,1926,3283,834,1036,1526,1611,1987,1073,1783,1456,684,3073,970,470,877,2023_07,rc-area
2266,22.9,25.01,25.42,15.04,15.81,23.51,13.19,16.32,20.87,24.89,12.8,8.96,12.07,15.06,23.47,23.25,15.87,14.25,19.26,12.86,25.35,9.48,11.61,21.25,15.46,13.0,15.96,19.71,28.46,27.66,28.09,28.84,17.28,9.75,12.15,2023_07,rc-nosanitation-hhds-pct
2267,2.85,1.19,3.55,2.25,3.35,4.98,6.04,2.83,2.26,3.42,4.19,6.81,14.25,7.18,1.95,6.36,8.53,5.57,4.01,2.04,1.03,3.32,11.46,9.66,2.8,5.1,3.07,3.8,4.2,5.27,3.57,0.24,4.95,6.03,5.78,2023_07,rc-piped-hhds-pct
2268,,,,,,,,,,,,,,,,,,,,,,,,,,,,,,,,,,,,2023_07,relief-camp-inmates
2269,13484651.0,0.0,22102222.0,50028030.0,53520200.0,60597146.0,0.0,0.0,0.0,121197821.0,83325000.0,0.0,35547927.010000005,54000000.0,0.0,0.0,24543000.0,4319462.0,0.0,0.0,0.0,167073910.0,13622002.0,0.0,26432500.0,30867300.0,0.0,0.0,59992200.0,0.0,17798999.0,0.0,0.0,0.0,0.0,2023_07,restoration-measures-tenders-awarded-value
2270,,,,,,,,,,,,,,,,,,,,,,,,,,,,,,,,,,,,2023_07,revenue-ci
2271,0.0,0.0,22102222.0,0.0,0.0,60597146.0,0.0,0.0,0.0,121197821.0,83325000.0,0.0,0.0,54000000.0,0.0,0.0,24543000.0,38316000.0,0.0,0.0,0.0,167073910.0,0.0,0.0,0.0,30867300.0,0.0,0.0,59992200.0,0.0,0.0,0.0,0.0,0.0,0.0,2023_07,ridf-tenders-awarded-value
2272,2,3,2,3,1,1,2,5,4,3,3,4,3,3,1,1,1,1,1,3,2,2,1,1,2,2,1,3,5,1,5,1,4,2,1,2023_07,risk-score
2273,42.46,34.27,45.44,45.46,53.54,57.83,78.09,96.48,0.0,135.97,119.4,101.66,86.74,130.61,0.0,131.6,23.15,20.78,27.45,53.13,53.43,51.3,52.07,52.18,0.0,0.0,0.0,104.99,0.0,0.0,0.0,753.88,0.0,0.0,162.72,2023_07,riverlevel-max
2274,5.1535971102150535,12.839929915514592,15.974431586021506,7.433599910394264,20.772215053763443,8.018172043010752,35.653563508064515,38.5406643625192,0.0,64.6706754032258,31.35947516641065,71.5277620967742,17.10997311827957,45.82738575268817,0.0,32.847741935483874,16.658699580176524,12.365650537634409,13.114937836021507,9.788707795698926,10.586938172043013,7.59039123242349,24.75474630376344,6.373805443548387,0.0,0.0,0.0,34.14277777777777,0.0,0.0,0.0,410.4196774193548,0.0,0.0,45.7122311827957,2023_07,riverlevel-mean
2275,0.0,0.0,0.0,0.0,0.0,0.0,0.0,0.0,0.0,0.0,0.0,0.0,0.0,0.0,0.0,0.0,11.15,0.0,0.0,0.0,0.0,0.0,0.0,0.0,0.0,0.0,0.0,0.0,0.0,0.0,0.0,66.65,0.0,0.0,0.0,2023_07,riverlevel-min
2276,858892.0,705770.0,1011509.0,725891.0,634621.0,1331470.0,745620.0,804067.0,578686.0,1211943.0,1453600.0,700651.0,736030.0,1389863.0,752361.0,843185.0,988230.0,615579.0,483931.0,654117.0,547046.0,1589070.0,746938.0,450865.0,429399.0,767150.0,650574.0,485197.0,574075.0,560100.0,78936.0,457481.0,54196.0,461489.0,294016.0,2023_07,road-length
2277,1.0,3.0,0.0,0.0,6.0,0.0,3.0,8.0,20.0,0.0,2.0,11.0,4.0,5.0,0.0,0.0,0.0,0.0,0.0,8.0,6.0,0.0,0.0,0.0,0.0,0.0,0.0,1.0,8.0,0.0,0.0,0.0,6.0,49.0,0.0,2023_07,roads
2278,2788,3147,2578,2904,1994,3284,2025,3519,2301,1950,2431,1838,2072,2507,1757,1063,3322,3188,3016,1463,1336,3463,1151,1817,1497,1858,1795,1007,1291,1320,1381,925,805,813,995,2023_07,schools-count
2279,0.0,0.0,0.0,0.0,0.0,0.0,0.0,0.0,0.0,0.0,0.0,0.0,0.0,0.0,0.0,0.0,0.0,0.0,0.0,0.0,0.0,0.0,0.0,0.0,0.0,0.0,0.0,0.0,0.0,0.0,0.0,0.0,0.0,0.0,0.0,2023_07,sdrf-sanctions-awarded-value
2280,113889080.0,0.0,0.0,0.0,0.0,0.0,0.0,0.0,0.0,0.0,0.0,0.0,0.0,9448204.0,0.0,0.0,0.0,0.0,0.0,0.0,0.0,0.0,0.0,0.0,0.0,0.0,0.0,0.0,0.0,0.0,0.0,0.0,0.0,0.0,0.0,2023_07,sdrf-tenders-awarded-value
2281,84.0,81.0,84.0,78.0,81.0,86.0,82.0,84.0,84.0,83.0,79.0,85.0,85.0,84.0,89.0,90.0,88.0,86.0,87.0,84.0,85.0,83.0,85.0,83.0,85.0,82.0,85.0,84.0,83.0,88.0,75.0,89.0,78.0,85.0,85.0,2023_07,slope-mean
2282,0.0,0.0,0.0,0.0,0.0,0.0,0.0,0.0,0.0,0.0,0.0,0.0,0.0,0.0,0.0,0.0,0.0,0.0,0.0,0.0,0.0,0.0,31066357.6,0.0,0.0,0.0,0.0,0.0,0.0,0.0,0.0,0.0,0.0,0.0,0.0,2023_07,sopd-tenders-awarded-value
2283,59707.0,44385.0,48154.0,70498.0,43994.0,101486.0,70953.0,60397.0,33716.0,81010.0,67434.0,44943.0,51670.0,73114.0,36768.0,11232.0,111691.0,87426.0,29638.0,35950.0,32886.0,76059.0,54254.0,43534.0,27022.0,56778.0,40272.0,17176.0,32641.0,48429.0,25076.0,24839.0,7555.0,12625.0,21929.0,2023_07,sum-aged-population
2284,1289251.0,1401030.0,1082272.0,1613275.0,1149616.0,2379170.0,1468618.0,1170535.0,707830.0,1415005.0,1500165.0,781776.0,1001168.0,1309191.0,708329.0,290661.0,2132069.0,1411746.0,776915.0,813460.0,614679.0,1644335.0,1366878.0,970177.0,725061.0,1170309.0,873216.0,497844.0,664801.0,1130389.0,547844.0,368151.0,165704.0,322294.0,503297.0,2023_07,sum-population
2285,1619.98,671.34,758.95,685.94,662.26,937.59,2210.36,2365.7,1681.68,2371.83,1688.74,864.72,973.09,1613.65,2000.77,1669.37,1989.55,953.31,728.56,591.14,1098.39,1440.31,342.99,246.04,541.28,659.35,709.15,523.02,1131.56,353.44,424.62,704.11,526.79,144.14,260.46,2023_07,sum-rain
2286,121859.0,109709.0,110964.0,139208.0,90493.0,191488.0,120806.0,107647.0,64106.0,140856.0,98881.0,58125.0,57601.0,107241.0,84566.0,25933.0,187658.0,167030.0,62145.0,69199.0,62848.0,108586.0,64714.0,49888.0,37905.0,113188.0,68495.0,22488.0,55200.0,91919.0,59374.0,55356.0,8826.0,24080.0,31356.0,2023_07,sum-young-population
2287,,,,,,,,,,,,,,,,,,,,,,,,,,,,,,,,,,,,2023_07,topsis-score
2288,645.0,0.0,0.0,10645.0,34710.0,525.0,8790.0,107491.0,220654.0,0.0,86735.0,90188.0,0.0,28193.0,0.0,0.0,0.0,0.0,0.0,25846.0,12683.0,79912.0,4239.0,486.0,404.0,1240.0,0.0,520.0,128002.0,0.0,0.0,0.0,0.0,7544.0,0.0,2023_07,total-animal-affected
2289,0.0,0.0,0.0,0.0,0.0,0.0,0.0,1.0,0.0,0.0,0.0,0.0,0.0,0.0,0.0,0.0,0.0,0.0,0.0,0.0,0.0,0.0,0.0,0.0,0.0,0.0,0.0,0.0,0.0,0.0,0.0,0.0,0.0,0.0,0.0,2023_07,total-animal-washed-away
2290,214904.0,377710.0,240459.0,393378.0,267778.0,527427.0,318730.0,266928.0,195025.0,318555.0,311523.0,172096.0,272707.0,275841.0,103131.0,30119.0,416101.0,256161.0,165784.0,185414.0,105445.0,408132.0,327221.0,233278.0,132203.0,231859.0,185739.0,108235.0,150938.0,214866.0,202538.0,52339.0,39239.0,77895.0,112690.0,2023_07,total-hhd
2291,0.0,0.0,0.0,0.0,0.0,0.0,0.0,13.0,5.0,0.0,1.0,0.0,0.0,0.0,0.0,0.0,0.0,0.0,0.0,0.0,32.0,0.0,0.0,0.0,0.0,0.0,0.0,0.0,0.0,0.0,0.0,0.0,0.0,0.0,2.0,2023_07,total-house-fully-damaged
2292,127373731.0,0.0,22102222.0,0.0,21506000.0,60597146.0,0.0,0.0,0.0,121197821.0,83325000.0,0.0,35547927.010000005,63448204.0,0.0,0.0,24543000.0,57330684.0,0.0,0.0,0.0,167073910.0,64661294.6,0.0,0.0,30867300.0,0.0,0.0,59992200.0,0.0,0.0,0.0,0.0,0.0,0.0,2023_07,total-tender-awarded-value
2293,45.15733260910527,6.295669443200221,21.316097456778483,1.4410979588599238,7.1631365256988335,13.130603256074064,16.32433289018804,11.298052164659342,17.488013427436147,43.15625777286193,25.921056882475728,21.1422424318834,21.393395288013565,18.82660027045509,85.07154964982493,92.29569010169598,60.353704961758446,36.26565971971056,43.36511709357278,14.16548230227064,22.37029812106575,20.81245902591373,35.957924938067336,7.207882563668975,19.429144582194063,5.091573205520924,9.495156980657285,37.10315796607807,13.32930413132909,26.15250229961493,2.169503904800628,81.478893902149,4.161078533221625,7.849966625084857,8.614991753163086,2023_07,trees
2294,3,2,3,3,4,2,4,4,3,4,4,3,2,3,1,1,3,1,2,3,2,2,1,2,4,4,4,3,5,4,2,3,4,1,3,2023_07,vulnerability
2295,2.4617055111690327,10.115460917273063,6.207572669407478,19.70640050356963,9.58491402716118,5.550454557373425,8.41149019386846,6.337148039526079,3.805855965824301,4.013904962898205,6.674014110059942,2.8447155589171693,1.410571184292094,5.40871019375055,0.2385064220558348,0.4601232903128437,2.9642427952048047,3.969055099568677,2.862004953550255,8.754941065871378,2.340754471421925,4.391433165646533,5.607689436614821,6.220920042266077,1.5204914146888506,8.466562659136839,1.1728439049845485,1.2189664170576533,5.371808847044157,1.414204943735177,22.12940719553415,0.690618804561425,13.378961466416229,3.346661983939757,2.390924968958241,2023_07,water
2296,9.0,7.5,8.9,8.0,7.2,9.8,9.8,8.3,7.0,8.6,10.2,10.4,10.3,8.8,7.2,8.1,9.8,9.8,9.5,9.1,8.2,10.1,12.1,10.5,9.0,9.2,8.3,8.6,8.9,8.0,6.7,5.8,9.4,7.0,11.6,2023_08,avg-electricity
2297,2.2,2.6,2.0,2.0,2.4,2.0,2.2,2.4,2.0,2.0,2.0,2.2,2.2,2.3,2.0,2.5,2.2,2.4,2.0,2.2,2.2,2.4,2.5,2.1,2.3,2.0,2.2,2.0,2.3,2.3,2.0,2.0,2.5,2.3,2.2,2023_08,avg-tele
2298,0.7291309832244668,6.282752457308544,4.999391518830241,10.444177178408005,8.175019472251908,1.2235212390545087,10.52618531586649,3.2325924577600795,4.742513716993724,5.312196685500217,11.662489485489248,1.0101712469281114,0.5156360065359646,5.505277315803769,0.0058624454729746,0.0622146613901976,0.083037601117575,0.0071894581167785,0.0098294580600155,4.710942945529917,2.3036081993801845,2.3188358883598714,0.3503958936808835,1.3536474650209338,0.7391123039039552,7.460556744979987,1.0683508705361644,0.0002064591751955,5.342328361705498,0.1324172855045991,13.813883850363,0.0460991244995262,22.8588192180144,0.0578268931460054,1.4417671896818542,2023_08,bare-ground
2299,0.0,0.0,0.0,0.0,0.0,0.0,0.0,0.0,3.0,0.0,0.0,0.0,0.0,0.0,0.0,0.0,0.0,0.0,0.0,0.0,0.0,0.0,0.0,0.0,0.0,0.0,0.0,0.0,1.0,0.0,0.0,0.0,0.0,0.0,1.0,2023_08,bridge
2300,12.81300227976027,19.532673095299,21.7278935367819,23.224280393149957,16.40366742520424,21.521102451629076,16.13009496182345,19.12773530099464,15.515829181438098,13.5380629538649,14.759587412202354,19.086871949976327,21.9959009966027,21.986894352236536,4.95661790333012,1.753435870164205,10.199739088758738,21.39170055907628,15.507520568519816,30.68667020128292,27.174281979758764,20.9913903969805,42.34549788090294,25.232936526655187,21.912543882589222,22.29582757731616,21.989800182739955,17.539405921056268,17.597931303237132,21.919616710066062,14.28818141391939,3.85584375244879,8.66307250908374,26.54786157172083,24.67738978643938,2023_08,built-area
2301,,,,,,,,,,,,,,,,,,,,,,,,,,,,,,,,,,,,2023_08,children-camp
2302,0.0,0.0,0.0,0.0,0.0,0.0,0.0,0.0,0.0,0.0,0.0,0.0,0.0,0.0,0.0,0.0,0.0,0.0,0.0,0.0,0.0,0.0,0.0,0.0,0.0,0.0,0.0,0.0,0.0,0.0,0.0,0.0,0.0,0.0,0.0,2023_08,cidf-tenders-awarded-value
2303,0.0,0.0,0.0,0.0,0.0,0.0,0.0,0.0,0.0,0.0,0.0,0.0,0.0,0.0,0.0,3.58464258819225e-06,0.0,0.0,0.0,0.0,0.0,0.0,0.0,0.0,0.0,0.0,0.0,0.0,0.0,0.0,0.0,0.0,0.0,0.0,0.0,2023_08,clouds
2304,,,,,,,,,,,,,,,,,,,,,,,,,,,,,,,,,,,,2023_08,count
2305,116.0,0.0,803.0,78.0,3143.0,1020.0,1317.0,1430.0,3466.0,0.0,3096.0,2872.0,95.0,1351.0,0.0,0.0,0.0,0.0,0.0,0.0,2.0,3077.0,0.0,958.0,0.0,6784.0,100.0,41.0,1085.0,0.0,0.0,0.0,4690.0,0.0,171.0,2023_08,crop-area
2306,34.77527152998702,53.115174092308514,43.081676878517285,39.87347334063675,56.12263874661642,53.9577972353235,41.80341038314397,57.6139478308087,54.41830836224068,24.58412332813268,36.01737012803437,50.6661323741195,51.67930031884608,39.59934936480119,7.411819754383287,1.2420343135366083,23.52796139910944,36.26379760547847,35.95412517709405,38.46939367950876,41.60286149446442,49.12874115534136,14.133211183628369,59.13318531920358,52.62028872633751,53.61755361358087,65.17174349430036,42.21612032772426,52.41287206896256,49.23144002421417,38.8693357103284,8.8456687960696,37.523128650518046,62.02119192738157,61.68116906697584,2023_08,crops
2307,4296.624151156235,2231.5993331549903,3585.3069321814023,1247.6117514050093,2700.336576957554,3477.530108369159,1557.3606551140049,2711.0464141089856,2238.6415334905228,4159.102888381454,9491.630139883577,3889.6067327857527,7133.757644739055,3445.526862961011,8511.666927309077,4923.29748622475,3222.517655928944,4060.318063254274,4335.474967336042,1883.330083753236,975.2407923854796,4254.719948057848,3333.953706616405,1829.807307358248,1576.5499878215094,1098.83444541599,1489.926404330648,4700.953196095703,4363.59388114963,5163.44360094801,880.805632910103,4989.53282327419,1292.455559234692,1123.7037030160088,1578.254039674223,2023_08,distance-from-river
2308,KOKRAJHAR,DHUBRI,GOALPARA,BARPETA,MORIGAON,NAGAON,SONITPUR,LAKHIMPUR,DHEMAJI,TINSUKIA,DIBRUGARH,SIVASAGAR,JORHAT,GOLAGHAT,KARBI ANGLONG,DIMA HASAO,CACHAR,KARIMGANJ,HAILAKANDI,BONGAIGAON,CHIRANG,KAMRUP,KAMRUP METRO,NALBARI,BAKSA,DARRANG,UDALGURI,CHARAIDEO,BISWANATH,HOJAI,SOUTH SALMARA MANCACHAR,WEST KARBI ANGLONG,MAJULI,BAJALI,TAMULPUR,2023_08,district
2309,0.0005623749999999,0.0006515714285714,0.0005706,0.0006465,0.0005976,0.0005747142857142,0.000571,0.0006111428571428,0.0005535,0.00057375,0.0006251428571428,0.0006055,0.0006035999999999,0.0005855,0.00041,0.00031275,0.0004408,0.0005329999999999,0.0005025,0.0005798,0.000528,0.0005858461538461,0.00044875,0.000670625,0.0005907142857142,0.0006724,0.0006286666666666,0.000603,0.0006126666666666,0.00058,0.000585,0.000439,0.0006255,0.0006813333333333,0.0006636,2023_08,drainage-density
2310,,,,,,,,,,,,,,,,,,,,,,,,,,,,,,,,,,,,2023_08,dtcode11
2311,,,,,,,,,,,,,,,,,,,,,,,,,,,,,,,,,,,,2023_08,dtname
2312,0.895260625,0.9302035714285716,0.8598866,0.8790306666666666,0.7957862,0.88678,0.813046,0.7955994285714285,0.8371636666666666,0.81985575,0.8153261428571429,0.837028,0.9162442,0.8378706666666668,0.9559193333333336,0.98479675,0.8725134000000001,0.9688624,0.951112,0.8875206,0.88845,0.9342153846153848,1.0,0.962109125,0.8631674285714286,0.8408260000000001,0.8155846666666666,0.873056,0.7993116666666666,0.7869389999999999,0.951931,0.80667,0.769806,0.9810033333333332,0.8778002,2023_08,efficiency
2313,63.0,33.0,49.0,40.0,63.0,72.0,86.0,96.0,141.0,142.0,113.0,99.0,105.0,97.0,347.0,607.0,155.0,36.0,47.0,54.0,84.0,82.0,114.0,49.0,70.0,59.0,91.0,112.0,86.0,125.0,26.0,483.0,85.0,47.0,71.0,2023_08,elevation-mean
2314,0.0,0.0,0.0,0.0,0.0,0.0,0.0,0.0,0.0,0.0,0.0,0.0,2.0,0.0,0.0,0.0,0.0,0.0,0.0,0.0,0.0,0.0,0.0,0.0,0.0,3.0,2.0,0.0,1.0,0.0,0.0,0.0,0.0,0.0,0.0,2023_08,embankment-breached
2315,0.0,0.0,0.0,0.0,0.0,0.0,0.0,0.0,0.0,0.0,0.0,7.0,4.0,0.0,0.0,0.0,0.0,0.0,0.0,0.0,0.0,0.0,0.0,0.0,0.0,1.0,0.0,0.0,0.0,0.0,0.0,0.0,0.0,0.0,0.0,2023_08,embankments-affected
2316,1,2,2,3,2,4,5,1,1,5,2,2,2,2,2,1,5,3,2,1,1,1,4,1,1,3,1,1,2,5,5,3,1,1,1,2023_08,exposure
2317,,,,,,,,,,,,,,,,,,,,,,,,,,,,,,,,,,,,2023_08,female-camp
2318,2023-2024,2023-2024,2023-2024,2023-2024,2023-2024,2023-2024,2023-2024,2023-2024,2023-2024,2023-2024,2023-2024,2023-2024,2023-2024,2023-2024,2023-2024,2023-2024,2023-2024,2023-2024,2023-2024,2023-2024,2023-2024,2023-2024,2023-2024,2023-2024,2023-2024,2023-2024,2023-2024,2023-2024,2023-2024,2023-2024,2023-2024,2023-2024,2023-2024,2023-2024,2023-2024,2023_08,financial-year
2319,2,3,4,5,1,1,3,4,1,1,3,4,2,2,1,1,1,1,1,4,3,2,1,3,2,2,1,3,2,1,2,1,4,3,1,2023_08,flood-hazard
2320,,,,,,,,,,,,,,,,,,,,,,,,,,,,,,,,,,,,2023_08,flood-hazard-float
2321,0.6319548814145014,0.0264988838337595,0.1872910037294446,0.158831904668017,0.1961153522045057,1.390530397598282,0.1195075980714078,0.1324518295700244,0.1712649359439842,0.5289883082629272,0.392753765703258,0.9543536034917056,0.7424989815603891,0.4650992334585387,0.0003520763338109,0.0,0.2152261455433427,0.3384627601280647,0.5305185702806088,0.0770863053839264,0.013611502290577,0.0940553611739222,0.0947180121379085,0.1077116990742689,0.0031494346409583,0.0100595008760245,0.0,0.0461566608796366,0.4186526542872403,0.0265504009117852,0.0410408182797719,0.0127980275092552,0.3927505813793145,0.0625726025883714,0.0002513994932999,2023_08,flooded-vegetation
2322,4,5,5,4,4,5,4,5,5,5,5,5,5,5,5,5,5,5,5,5,5,5,4,5,5,4,5,5,5,5,5,5,5,5,4,2023_08,government-response
2323,163,151,154,205,116,277,158,124,73,119,169,143,106,153,30,4,176,96,87,88,68,282,52,142,109,129,15,82,100,91,69,25,32,70,67,2023_08,health-centres-count
2324,0,0,0,0,0,0,2,0,0,0,1,2,0,2,0,0,0,0,0,0,0,0,0,0,0,0,0,0,0,0,0,0,0,0,0,2023_08,human-live-lost
2325,,,,,,,,,,,,,,,,,,,,,,,,,,,,,,,,,,,,2023_08,human-live-lost-children
2326,,,,,,,,,,,,,,,,,,,,,,,,,,,,,,,,,,,,2023_08,human-live-lost-female
2327,,,,,,,,,,,,,,,,,,,,,,,,,,,,,,,,,,,,2023_08,human-live-lost-male
2328,0.0,0.0,0.0,0.0,0.0,0.0,0.0,0.0,0.0,0.0,0.0,0.0,0.0,0.0,0.0,0.0,0.0,0.0,0.0,0.0,0.0,0.0,0.0,0.0,0.0,3296670.0,0.0,0.0,0.0,0.0,0.0,0.0,0.0,0.0,0.0,2023_08,immediate-measures-tenders-awarded-value
2329,0.0002745235687741,0.0128520161931868,0.0260188027637872,0.1007454426850391,0.0,0.0175201892758796,0.0469838198747096,0.0946804339790518,0.0,0.0,0.0134450643467645,0.1164940905205909,0.0424421730147221,0.0503659015878976,0.0,0.0,0.0,0.0,0.0,0.0151916803527812,0.0,0.0504086376161367,0.0014603125969186,0.035433093956828,1.7240243832216564e-06,0.0251524973422725,0.0,0.0126832092106504,0.1102658428680777,0.0,0.0,0.0,0.0929414412898489,0.0254349223866603,0.0,2023_08,inundation-intensity-mean
2330,0.12,0.14,1.0,0.83,0.0,0.57,1.0,1.0,0.0,0.0,0.71,1.0,0.6,0.5,0.0,0.0,0.0,0.0,0.0,0.4,0.0,0.92,0.75,0.88,0.14,0.6,0.0,1.0,1.0,0.0,0.0,0.0,1.0,0.67,0.0,2023_08,inundation-intensity-mean-nonzero
2331,682.0,53798.0,163551.0,607507.0,0.0,167955.0,370152.0,914328.0,0.0,0.0,162570.0,615523.0,198570.0,555867.0,0.0,0.0,0.0,0.0,0.0,77446.0,0.0,377270.0,2077.0,193196.0,5.0,105899.0,0.0,37879.0,448661.0,0.0,0.0,0.0,302845.0,56378.0,0.0,2023_08,inundation-intensity-sum
2332,0.0274523568774187,1.285201619318683,2.601880276378729,10.074544268503912,0.0,1.7520189275879685,4.698381987470966,9.46804339790518,0.0,0.0,1.3445064346764544,11.64940905205909,4.244217301472212,5.036590158789764,0.0,0.0,0.0,0.0,0.0,1.5191680352781265,0.0,5.040863761613678,0.146031259691865,3.5433093956828072,0.0001724024383221,2.515249734227252,0.0,1.2683209210650437,11.026584286807772,0.0,0.0,0.0,9.294144128984897,2.543492238666033,0.0,2023_08,inundation-pct
2333,0.0,0.0,0.0,0.0,0.0,0.0,0.0,0.0,0.0,0.0,0.0,0.0,0.0,0.0,0.0,0.0,0.0,0.0,0.0,0.0,0.0,0.0,0.0,0.0,0.0,0.0,0.0,0.0,0.0,0.0,0.0,0.0,0.0,0.0,0.0,2023_08,ltif-tenders-awarded-value
2334,,,,,,,,,,,,,,,,,,,,,,,,,,,,,,,,,,,,2023_08,male-camp
2335,1.33,1.21,1.43,1.43,0.52,0.45,0.77,1.12,0.71,0.9,0.69,0.69,0.79,0.79,0.71,0.88,0.91,0.79,0.91,1.43,1.42,1.1,0.4,0.68,1.17,0.86,0.86,0.62,0.83,0.37,0.89,0.43,0.69,1.17,0.72,2023_08,max-rain
2336,79.02868494142712,101.80280753365652,92.94383900653578,105.59323892727154,101.52151689605476,82.80184981421402,96.12358569934148,83.9078683433952,82.58482453454118,85.28440626816572,92.33941954273553,80.5484411209615,79.26767921681454,87.0143854317649,73.9235270160713,74.45407242468538,76.22171823123378,78.77654329987095,76.5297175055914,92.844134833946,78.73454361714819,88.47737641290556,90.33791694141864,81.3350244170581,77.2968865972734,93.73693822422564,78.06937273928872,76.99096084367254,87.73877652848734,76.69919006241047,135.19869279538494,74.5890767941101,111.4923918776678,77.2774448783579,78.49346327750206,2023_08,mean-cn
2337,-0.1445694548917719,-0.1311726933788852,-0.0752289160580391,-0.1259758431129314,-0.0704908703807254,-0.0497694171890658,-0.068610922684501,-0.1454879068376235,-0.1161626301019892,-0.1539775704817697,-0.1536486726939885,-0.1377507066314716,-0.0452071219857272,-0.0185237128240636,-0.1064157224177751,-0.1769310836542678,-0.1449437193717487,-0.1770583584700904,-0.1456127027439684,-0.0626237020527392,-0.1348368288284448,-0.1490368487693198,-0.0608214502201025,-0.1494417894853278,-0.1389498704984372,-0.1107711037677772,-0.0851231711544214,-0.2234150265530257,-0.0425368543194349,-0.0315434816424185,-0.3541147146045837,-0.2092483836206896,-0.1535157206055453,-0.096328354598843,-0.1380725875553354,2023_08,mean-ndbi
2338,0.5978877950090863,0.3665307948303894,0.4443305559075822,0.4060782106516059,0.3075508869902876,0.4178046553479214,0.4096532475220306,0.5277800419109678,0.4809475259762983,0.6291326902684574,0.4958342372118817,0.4644053150982431,0.4627769425735512,0.4058412483095104,0.4667715250546282,0.5922850425667504,0.6137813238556584,0.5207142996056586,0.5455609121536247,0.441657221470901,0.5982681700048228,0.535696030303154,0.3739631313957174,0.5060000290828183,0.5738038000103506,0.3716188262889552,0.3784167883298902,0.5798548314234993,0.4821608343436691,0.4406983208598458,0.2447950283567391,0.5787010354475773,0.1833250095828774,0.5252079689570389,0.5127752558954477,2023_08,mean-ndvi
2339,0.85,0.81,0.76,0.83,0.41,0.37,0.53,0.6,0.65,0.63,0.59,0.59,0.58,0.44,0.33,0.43,0.7,0.69,0.75,1.3,1.25,0.41,0.37,0.53,0.82,0.51,0.56,0.55,0.4,0.19,0.77,0.17,0.53,0.63,0.58,2023_08,mean-rain
2340,0.94,0.94,0.94,0.94,0.95,0.94,0.93,0.94,0.93,0.93,0.94,0.93,0.94,0.94,0.92,0.91,0.94,0.94,0.93,0.95,0.95,0.93,0.91,0.93,0.95,0.93,0.94,0.93,0.93,0.94,0.94,0.93,0.94,0.94,0.95,2023_08,mean-sex-ratio
2341,78683.46309,83470.903,78088.12,79714.84605,75490.3523,87424.202,71470.137,90513.46103,104651.240916,68512.0013,81437.447,43095.76595,54183.314,128914.321604,35388.58,27888.17,66721.37,42827.17595,35287.21,42395.395,27850.66,74001.84561,6039.38,44021.984,58167.37587,76196.45569999999,93034.31635285716,23849.9,71288.401,78621.26999999999,17419.61,48488.349,16642.66,23559.76,71015.57777333334,2023_08,net-sown-area-in-hac
2342,27639686.0,0.0,0.0,0.0,17549851.0,17999826.0,0.0,76491000.0,42008228.0,0.0,0.0,0.0,0.0,0.0,0.0,0.0,39150000.0,0.0,18400770.0,0.0,7236373.5,79410000.0,39661882.0,103182280.0,0.0,0.0,67248000.0,0.0,136332000.0,0.0,0.0,0.0,0.0,0.0,0.0,2023_08,others-tenders-awarded-value
2343,1421.0,1946.0,0.0,10560.0,44181.0,10332.0,21427.0,73777.0,93411.0,0.0,16183.0,46586.0,5955.0,60698.0,0.0,0.0,0.0,0.0,0.0,0.0,3293.0,0.0,0.0,72461.0,0.0,55626.0,948.0,742.0,43389.0,0.0,0.0,0.0,65381.0,0.0,4492.0,2023_08,population-affected-total
2344,62.0,342.0,34.0,5.0,10.0,45.0,35.0,38.0,77.0,43.0,49.0,27.0,41.0,43.0,32.0,146.0,46.0,45.0,28.0,81.0,8.0,45.0,80.0,11.0,0.0,0.0,24.0,24.0,19.0,30.0,0.0,0.0,0.0,9.0,6.0,2023_08,rail-count
2345,145613.0,139561.0,78425.0,17621.0,30884.0,174517.0,138494.0,108334.0,121454.0,119685.0,123774.0,73292.0,86126.0,117155.0,73424.0,172636.0,103488.0,117739.0,90281.0,82273.0,24548.0,109026.0,89510.0,30164.0,0.0,0.0,66114.0,80492.0,74271.0,75327.0,0.0,0.0,0.0,28139.0,18201.0,2023_08,rail-length
2346,3.4316022053394977,4.631771110776882,2.480076935955142,5.151738720707722,2.354508450862955,3.2259908629471004,6.684978657038228,2.258072376681141,3.8582144101230815,8.866465988479138,4.572728216035082,4.295512834683773,2.2626972241491186,8.208069269494366,2.31529174859903,4.1864981782576525,2.6560880085077523,1.7641347979211102,1.770884178922499,3.1354835001524783,4.194584231618326,2.263085006584079,1.5105626549677873,0.7437163841109358,3.775269655645464,3.0578666985892866,1.1021045667816771,1.8759862480289105,5.527102633434499,1.123268335953194,8.68864710677468,5.07007759276236,13.02218904136665,0.1139183961385548,1.193505835288304,2023_08,rangeland
2347,3131,1557,1979,1848,1512,2564,3445,2998,2483,3810,3379,1567,1865,3523,7337,4884,3783,1839,1329,1088,1926,3283,834,1036,1526,1611,1987,1073,1783,1456,684,3073,970,470,877,2023_08,rc-area
2348,22.9,25.01,25.42,15.04,15.81,23.51,13.19,16.32,20.87,24.89,12.8,8.96,12.07,15.06,23.47,23.25,15.87,14.25,19.26,12.86,25.35,9.48,11.61,21.25,15.46,13.0,15.96,19.71,28.46,27.66,28.09,28.84,17.28,9.75,12.15,2023_08,rc-nosanitation-hhds-pct
2349,2.85,1.19,3.55,2.25,3.35,4.98,6.04,2.83,2.26,3.42,4.19,6.81,14.25,7.18,1.95,6.36,8.53,5.57,4.01,2.04,1.03,3.32,11.46,9.66,2.8,5.1,3.07,3.8,4.2,5.27,3.57,0.24,4.95,6.03,5.78,2023_08,rc-piped-hhds-pct
2350,,,,,,,,,,,,,,,,,,,,,,,,,,,,,,,,,,,,2023_08,relief-camp-inmates
2351,27639686.0,0.0,26086320.0,0.0,17549851.0,23430426.0,0.0,115912800.0,42008228.0,0.0,36813600.0,0.0,0.0,0.0,0.0,22435229.0,44626885.0,0.0,18400770.0,0.0,24722821.5,87096605.0,124262566.0,103180950.0,0.0,0.0,100552107.6,429277.38,136332000.0,34060635.0,52134300.0,0.0,0.0,0.0,0.0,2023_08,restoration-measures-tenders-awarded-value
2352,,,,,,,,,,,,,,,,,,,,,,,,,,,,,,,,,,,,2023_08,revenue-ci
2353,0.0,0.0,0.0,0.0,0.0,17999826.0,0.0,76491000.0,0.0,0.0,36813600.0,0.0,0.0,0.0,0.0,0.0,39150000.0,0.0,18400770.0,0.0,0.0,79410000.0,0.0,103180950.0,0.0,0.0,67248000.0,0.0,136332000.0,0.0,52134300.0,0.0,0.0,0.0,0.0,2023_08,ridf-tenders-awarded-value
2354,2,3,4,5,1,1,3,4,2,2,3,4,2,2,1,1,1,1,1,4,3,2,1,3,2,3,1,3,2,1,2,2,4,3,1,2023_08,risk-score
2355,42.78,34.38,45.7,45.65,54.53,58.66,78.25,96.45,0.0,135.58,119.37,101.16,86.86,130.56,0.0,131.9,23.93,19.72,29.84,52.5,54.35,52.8,52.71,52.88,0.0,0.0,0.0,105.05,0.0,0.0,0.0,754.8,0.0,0.0,163.25,2023_08,riverlevel-max
2356,5.203591733870968,12.937866743471584,16.03831182795699,7.470793010752689,20.72295967741936,7.902812980030722,35.727825940860214,38.5932277265745,0.0,64.78258736559141,31.3805411546339,71.87814852150538,17.16304569892473,46.20043122759856,0.0,32.86510080645161,17.43449023297491,11.741510752688171,14.161510416666667,9.819258064516127,10.616846774193547,7.633822373862698,24.95123487903226,6.395977822580646,0.0,0.0,0.0,34.21997311827957,0.0,0.0,0.0,410.1843884408602,0.0,0.0,45.72660752688172,2023_08,riverlevel-mean
2357,0.0,0.0,0.0,0.0,0.0,0.0,0.0,0.0,0.0,0.0,0.0,0.0,0.0,0.0,0.0,0.0,10.57,0.0,0.0,0.0,0.0,0.0,0.0,0.0,0.0,0.0,0.0,0.0,0.0,0.0,0.0,66.38,0.0,0.0,0.0,2023_08,riverlevel-min
2358,858892.0,705770.0,1011509.0,725891.0,634621.0,1331470.0,745620.0,804067.0,578686.0,1211943.0,1453600.0,700651.0,736030.0,1389863.0,752361.0,843185.0,988230.0,615579.0,483931.0,654117.0,547046.0,1589070.0,746938.0,450865.0,429399.0,767150.0,650574.0,485197.0,574075.0,560100.0,78936.0,457481.0,54196.0,461489.0,294016.0,2023_08,road-length
2359,0.0,2.0,0.0,0.0,15.0,0.0,11.0,6.0,15.0,0.0,0.0,14.0,1.0,10.0,0.0,0.0,0.0,0.0,0.0,1.0,2.0,0.0,0.0,0.0,0.0,5.0,2.0,0.0,0.0,0.0,0.0,0.0,13.0,0.0,1.0,2023_08,roads
2360,2788,3147,2578,2904,1994,3284,2025,3519,2301,1950,2431,1838,2072,2507,1757,1063,3322,3188,3016,1463,1336,3463,1151,1817,1497,1858,1795,1007,1291,1320,1381,925,805,813,995,2023_08,schools-count
2361,0.0,0.0,0.0,0.0,0.0,0.0,0.0,0.0,0.0,0.0,0.0,0.0,0.0,0.0,0.0,0.0,0.0,0.0,0.0,0.0,0.0,0.0,0.0,0.0,0.0,0.0,0.0,0.0,0.0,0.0,0.0,0.0,0.0,0.0,0.0,2023_08,sdrf-sanctions-awarded-value
2362,0.0,0.0,0.0,0.0,0.0,0.0,0.0,0.0,0.0,0.0,0.0,0.0,0.0,0.0,0.0,0.0,0.0,0.0,0.0,0.0,0.0,0.0,0.0,0.0,0.0,3296670.0,0.0,0.0,0.0,0.0,0.0,0.0,0.0,0.0,0.0,2023_08,sdrf-tenders-awarded-value
2363,84.0,81.0,84.0,78.0,81.0,86.0,82.0,84.0,84.0,83.0,79.0,85.0,85.0,84.0,89.0,90.0,88.0,86.0,87.0,84.0,85.0,83.0,85.0,83.0,85.0,82.0,85.0,84.0,83.0,88.0,75.0,89.0,78.0,85.0,85.0,2023_08,slope-mean
2364,0.0,0.0,0.0,0.0,0.0,0.0,0.0,0.0,0.0,0.0,0.0,0.0,0.0,0.0,0.0,0.0,0.0,0.0,0.0,0.0,0.0,0.0,118841566.0,0.0,0.0,0.0,0.0,0.0,0.0,0.0,0.0,0.0,0.0,0.0,0.0,2023_08,sopd-tenders-awarded-value
2365,59707.0,44385.0,48154.0,70498.0,43994.0,101486.0,70953.0,60397.0,33716.0,81010.0,67434.0,44943.0,51670.0,73114.0,36768.0,11232.0,111691.0,87426.0,29638.0,35950.0,32886.0,76059.0,54254.0,43534.0,27022.0,56778.0,40272.0,17176.0,32641.0,48429.0,25076.0,24839.0,7555.0,12625.0,21929.0,2023_08,sum-aged-population
2366,1289251.0,1401030.0,1082272.0,1613275.0,1149616.0,2379170.0,1468618.0,1170535.0,707830.0,1415005.0,1500165.0,781776.0,1001168.0,1309191.0,708329.0,290661.0,2132069.0,1411746.0,776915.0,813460.0,614679.0,1644335.0,1366878.0,970177.0,725061.0,1170309.0,873216.0,497844.0,664801.0,1130389.0,547844.0,368151.0,165704.0,322294.0,503297.0,2023_08,sum-population
2367,2510.55,1075.43,1410.25,1370.11,550.87,860.18,1642.51,1632.92,1467.85,2178.26,1849.58,840.19,991.4,1444.69,2183.85,1625.64,2336.25,1066.94,817.63,1265.81,2148.37,1197.64,266.65,436.77,1270.49,735.27,1107.49,536.66,728.79,243.12,468.48,473.34,459.78,298.7,454.1,2023_08,sum-rain
2368,121859.0,109709.0,110964.0,139208.0,90493.0,191488.0,120806.0,107647.0,64106.0,140856.0,98881.0,58125.0,57601.0,107241.0,84566.0,25933.0,187658.0,167030.0,62145.0,69199.0,62848.0,108586.0,64714.0,49888.0,37905.0,113188.0,68495.0,22488.0,55200.0,91919.0,59374.0,55356.0,8826.0,24080.0,31356.0,2023_08,sum-young-population
2369,,,,,,,,,,,,,,,,,,,,,,,,,,,,,,,,,,,,2023_08,topsis-score
2370,0.0,31535.0,0.0,3042.0,46848.0,0.0,71813.0,70286.0,342678.0,0.0,70677.0,53123.0,44316.0,36658.0,0.0,0.0,0.0,0.0,0.0,0.0,0.0,0.0,7570.0,0.0,0.0,42842.0,8731.0,0.0,159501.0,0.0,0.0,0.0,37658.0,0.0,6578.0,2023_08,total-animal-affected
2371,0.0,0.0,0.0,0.0,0.0,0.0,0.0,0.0,0.0,0.0,0.0,0.0,0.0,0.0,0.0,0.0,0.0,0.0,0.0,0.0,0.0,0.0,0.0,0.0,0.0,0.0,0.0,0.0,0.0,0.0,0.0,0.0,0.0,0.0,0.0,2023_08,total-animal-washed-away
2372,214904.0,377710.0,240459.0,393378.0,267778.0,527427.0,318730.0,266928.0,195025.0,318555.0,311523.0,172096.0,272707.0,275841.0,103131.0,30119.0,416101.0,256161.0,165784.0,185414.0,105445.0,408132.0,327221.0,233278.0,132203.0,231859.0,185739.0,108235.0,150938.0,214866.0,202538.0,52339.0,39239.0,77895.0,112690.0,2023_08,total-hhd
2373,0.0,0.0,0.0,0.0,0.0,0.0,0.0,0.0,24.0,0.0,0.0,5.0,0.0,0.0,0.0,0.0,0.0,0.0,0.0,0.0,23.0,0.0,0.0,0.0,0.0,0.0,0.0,0.0,0.0,0.0,0.0,0.0,0.0,0.0,1.0,2023_08,total-house-fully-damaged
2374,27639686.0,0.0,6451000.0,0.0,17549851.0,23430426.0,0.0,76491000.0,42008228.0,0.0,36813600.0,0.0,0.0,0.0,0.0,0.0,44626885.0,0.0,18400770.0,0.0,7236373.5,79410000.0,143081594.0,103182280.0,0.0,3296670.0,67248000.0,0.0,136332000.0,0.0,52134300.0,0.0,0.0,0.0,0.0,2023_08,total-tender-awarded-value
2375,45.15733260910527,6.295669443200221,21.316097456778483,1.4410979588599238,7.163136525698832,13.130603256074066,16.32433289018804,11.298052164659342,17.488013427436147,43.15625777286193,25.92105688247573,21.1422424318834,21.393395288013565,18.82660027045509,85.07154964982493,92.29569010169598,60.353704961758446,36.26565971971056,43.36511709357278,14.16548230227064,22.370298121065755,20.81245902591373,35.957924938067336,7.207882563668975,19.429144582194063,5.091573205520924,9.495156980657285,37.10315796607807,13.32930413132909,26.15250229961493,2.169503904800628,81.478893902149,4.161078533221625,7.849966625084857,8.614991753163086,2023_08,trees
2376,3,2,3,3,4,3,4,5,4,4,4,4,2,4,1,1,3,1,1,3,3,2,1,1,3,4,4,3,4,5,2,4,5,1,3,2023_08,vulnerability
2377,2.4617055111690327,10.115460917273063,6.207572669407478,19.70640050356963,9.58491402716118,5.550454557373425,8.41149019386846,6.337148039526079,3.805855965824301,4.013904962898205,6.674014110059942,2.8447155589171693,1.4105711842920938,5.40871019375055,0.2385064220558348,0.4601232903128437,2.9642427952048047,3.969055099568677,2.862004953550255,8.754941065871378,2.340754471421925,4.391433165646533,5.607689436614821,6.220920042266077,1.5204914146888506,8.46656265913684,1.1728439049845485,1.2189664170576533,5.371808847044157,1.414204943735177,22.12940719553415,0.690618804561425,13.378961466416229,3.346661983939757,2.390924968958241,2023_08,water
2378,9.0,7.5,8.9,8.0,7.2,9.8,9.8,8.3,7.0,8.6,10.2,10.4,10.3,8.8,7.2,8.1,9.8,9.8,9.5,9.1,8.2,10.1,12.1,10.5,9.0,9.2,8.3,8.6,8.9,8.0,6.7,5.8,9.4,7.0,11.6,2023_09,avg-electricity
2379,2.2,2.6,2.0,2.0,2.4,2.0,2.2,2.4,2.0,2.0,2.0,2.2,2.2,2.3,2.0,2.5,2.2,2.4,2.0,2.2,2.2,2.4,2.5,2.1,2.3,2.0,2.2,2.0,2.3,2.3,2.0,2.0,2.5,2.3,2.2,2023_09,avg-tele
2380,0.7291309832244668,6.282752457308544,4.999391518830241,10.444177178408005,8.175019472251908,1.2235212390545087,10.52618531586649,3.2325924577600795,4.742513716993724,5.312196685500217,11.662489485489248,1.0101712469281114,0.5156360065359646,5.505277315803769,0.0058624454729746,0.0622146613901976,0.083037601117575,0.0071894581167785,0.0098294580600155,4.710942945529917,2.3036081993801845,2.3188358883598714,0.3503958936808835,1.3536474650209338,0.7391123039039552,7.460556744979987,1.0683508705361642,0.0002064591751955,5.342328361705498,0.1324172855045991,13.813883850363,0.0460991244995262,22.8588192180144,0.0578268931460054,1.441767189681854,2023_09,bare-ground
2381,0.0,0.0,0.0,0.0,0.0,0.0,0.0,0.0,0.0,0.0,0.0,0.0,0.0,0.0,0.0,0.0,0.0,0.0,0.0,0.0,0.0,0.0,0.0,0.0,0.0,0.0,0.0,0.0,0.0,0.0,0.0,0.0,0.0,0.0,0.0,2023_09,bridge
2382,12.813002279760273,19.532673095299,21.7278935367819,23.22428039314995,16.40366742520424,21.521102451629076,16.13009496182345,19.12773530099464,15.515829181438098,13.5380629538649,14.759587412202352,19.086871949976327,21.9959009966027,21.986894352236533,4.95661790333012,1.753435870164205,10.199739088758738,21.39170055907628,15.507520568519816,30.68667020128292,27.17428197975876,20.9913903969805,42.34549788090294,25.232936526655187,21.912543882589222,22.29582757731616,21.989800182739955,17.539405921056268,17.597931303237132,21.919616710066062,14.28818141391939,3.85584375244879,8.66307250908374,26.54786157172083,24.67738978643938,2023_09,built-area
2383,,,,,,,,,,,,,,,,,,,,,,,,,,,,,,,,,,,,2023_09,children-camp
2384,0.0,0.0,0.0,0.0,0.0,0.0,0.0,0.0,0.0,0.0,0.0,0.0,0.0,0.0,0.0,0.0,0.0,0.0,0.0,0.0,0.0,0.0,0.0,0.0,0.0,0.0,0.0,0.0,0.0,0.0,0.0,0.0,0.0,0.0,0.0,2023_09,cidf-tenders-awarded-value
2385,0.0,0.0,0.0,0.0,0.0,0.0,0.0,0.0,0.0,0.0,0.0,0.0,0.0,0.0,0.0,3.58464258819225e-06,0.0,0.0,0.0,0.0,0.0,0.0,0.0,0.0,0.0,0.0,0.0,0.0,0.0,0.0,0.0,0.0,0.0,0.0,0.0,2023_09,clouds
2386,,,,,,,,,,,,,,,,,,,,,,,,,,,,,,,,,,,,2023_09,count
2387,16.0,0.0,1626.0,516.0,3360.0,914.0,535.0,17.0,4.0,0.0,135.0,1530.0,114.0,1058.0,0.0,0.0,0.0,0.0,0.0,0.0,0.0,4938.0,0.0,176.0,0.0,6506.0,0.0,0.0,186.0,0.0,0.0,0.0,2899.0,0.0,0.0,2023_09,crop-area
2388,34.77527152998702,53.115174092308514,43.081676878517285,39.87347334063675,56.12263874661642,53.9577972353235,41.80341038314397,57.6139478308087,54.41830836224068,24.58412332813268,36.01737012803437,50.6661323741195,51.67930031884608,39.59934936480119,7.411819754383287,1.2420343135366083,23.52796139910944,36.26379760547847,35.95412517709405,38.46939367950876,41.60286149446442,49.12874115534136,14.133211183628369,59.13318531920358,52.62028872633751,53.61755361358087,65.17174349430036,42.21612032772426,52.41287206896256,49.23144002421417,38.8693357103284,8.8456687960696,37.523128650518046,62.02119192738157,61.68116906697584,2023_09,crops
2389,4296.624151156235,2231.5993331549903,3585.3069321814023,1247.6117514050093,2700.336576957554,3477.530108369159,1557.3606551140049,2711.0464141089856,2238.6415334905228,4159.102888381454,9491.630139883577,3889.6067327857527,7133.757644739055,3445.5268629610114,8511.666927309076,4923.29748622475,3222.517655928944,4060.318063254274,4335.474967336042,1883.330083753236,975.2407923854796,4254.719948057848,3333.953706616405,1829.807307358248,1576.5499878215094,1098.83444541599,1489.926404330648,4700.953196095703,4363.59388114963,5163.44360094801,880.805632910103,4989.53282327419,1292.455559234692,1123.7037030160088,1578.254039674223,2023_09,distance-from-river
2390,KOKRAJHAR,DHUBRI,GOALPARA,BARPETA,MORIGAON,NAGAON,SONITPUR,LAKHIMPUR,DHEMAJI,TINSUKIA,DIBRUGARH,SIVASAGAR,JORHAT,GOLAGHAT,KARBI ANGLONG,DIMA HASAO,CACHAR,KARIMGANJ,HAILAKANDI,BONGAIGAON,CHIRANG,KAMRUP,KAMRUP METRO,NALBARI,BAKSA,DARRANG,UDALGURI,CHARAIDEO,BISWANATH,HOJAI,SOUTH SALMARA MANCACHAR,WEST KARBI ANGLONG,MAJULI,BAJALI,TAMULPUR,2023_09,district
2391,0.0005623749999999,0.0006515714285714,0.0005706,0.0006465,0.0005976,0.0005747142857142,0.000571,0.0006111428571428,0.0005535,0.00057375,0.0006251428571428,0.0006055,0.0006035999999999,0.0005855,0.00041,0.00031275,0.0004408,0.0005329999999999,0.0005025,0.0005798,0.000528,0.0005858461538461,0.00044875,0.000670625,0.0005907142857142,0.0006724,0.0006286666666666,0.000603,0.0006126666666666,0.00058,0.000585,0.000439,0.0006255,0.0006813333333333,0.0006636,2023_09,drainage-density
2392,,,,,,,,,,,,,,,,,,,,,,,,,,,,,,,,,,,,2023_09,dtcode11
2393,,,,,,,,,,,,,,,,,,,,,,,,,,,,,,,,,,,,2023_09,dtname
2394,0.887986375,0.8821864285714286,0.8480610000000001,0.8874786666666666,0.7947714,0.8880251428571428,0.8130315,0.7694324285714286,0.7941938333333334,0.812507,0.812538,0.86485875,0.8980404,0.8256513333333334,0.904785,0.98490925,0.8541714,0.9614284,0.945702,0.8769874,0.8815542000000001,0.9276234615384616,1.0,0.95923025,0.8303195714285714,0.8366876,0.7998188888888889,0.8663793333333333,0.8103633333333334,0.7814733333333334,0.8885075,0.752388,0.7777689999999999,0.984566,0.8463685999999999,2023_09,efficiency
2395,63.0,33.0,49.0,40.0,63.0,72.0,86.0,96.0,141.0,142.0,113.0,99.0,105.0,97.0,347.0,607.0,155.0,36.0,47.0,54.0,84.0,82.0,114.0,49.0,70.0,59.0,91.0,112.0,86.0,125.0,26.0,483.0,85.0,47.0,71.0,2023_09,elevation-mean
2396,0.0,0.0,0.0,0.0,0.0,0.0,0.0,0.0,0.0,0.0,0.0,0.0,0.0,0.0,0.0,0.0,0.0,0.0,0.0,0.0,0.0,0.0,0.0,0.0,0.0,0.0,0.0,0.0,0.0,0.0,0.0,0.0,0.0,0.0,0.0,2023_09,embankment-breached
2397,0.0,0.0,0.0,0.0,0.0,0.0,0.0,0.0,0.0,0.0,0.0,0.0,0.0,0.0,0.0,0.0,0.0,0.0,0.0,0.0,0.0,0.0,0.0,0.0,0.0,1.0,0.0,0.0,0.0,0.0,0.0,0.0,0.0,0.0,0.0,2023_09,embankments-affected
2398,1,2,2,3,2,4,5,1,1,5,2,2,2,2,2,1,5,3,2,1,1,1,4,1,1,3,1,1,2,5,5,3,1,1,1,2023_09,exposure
2399,,,,,,,,,,,,,,,,,,,,,,,,,,,,,,,,,,,,2023_09,female-camp
2400,2023-2024,2023-2024,2023-2024,2023-2024,2023-2024,2023-2024,2023-2024,2023-2024,2023-2024,2023-2024,2023-2024,2023-2024,2023-2024,2023-2024,2023-2024,2023-2024,2023-2024,2023-2024,2023-2024,2023-2024,2023-2024,2023-2024,2023-2024,2023-2024,2023-2024,2023-2024,2023-2024,2023-2024,2023-2024,2023-2024,2023-2024,2023-2024,2023-2024,2023-2024,2023-2024,2023_09,financial-year
2401,5,5,4,3,1,1,1,2,2,2,3,3,3,2,1,1,2,2,3,4,4,1,1,1,1,1,1,3,2,1,4,1,3,1,1,2023_09,flood-hazard
2402,,,,,,,,,,,,,,,,,,,,,,,,,,,,,,,,,,,,2023_09,flood-hazard-float
2403,0.6319548814145014,0.0264988838337595,0.1872910037294446,0.158831904668017,0.1961153522045057,1.390530397598282,0.1195075980714078,0.1324518295700244,0.1712649359439842,0.5289883082629272,0.392753765703258,0.9543536034917056,0.7424989815603891,0.4650992334585387,0.0003520763338109,0.0,0.2152261455433427,0.3384627601280647,0.5305185702806088,0.0770863053839264,0.013611502290577,0.0940553611739222,0.0947180121379085,0.1077116990742689,0.0031494346409583,0.0100595008760245,0.0,0.0461566608796366,0.4186526542872403,0.0265504009117852,0.0410408182797719,0.0127980275092552,0.3927505813793145,0.0625726025883714,0.0002513994932999,2023_09,flooded-vegetation
2404,5,5,5,5,5,5,5,5,5,5,5,5,5,5,5,5,5,5,5,5,5,1,1,5,5,5,5,5,5,5,5,5,5,5,5,2023_09,government-response
2405,163,151,154,205,116,277,158,124,73,119,169,143,106,153,30,4,176,96,87,88,68,282,52,142,109,129,15,82,100,91,69,25,32,70,67,2023_09,health-centres-count
2406,0,0,0,0,0,0,0,0,0,0,0,0,0,0,0,0,0,0,0,0,0,0,0,0,0,1,0,0,0,0,0,0,0,0,0,2023_09,human-live-lost
2407,,,,,,,,,,,,,,,,,,,,,,,,,,,,,,,,,,,,2023_09,human-live-lost-children
2408,,,,,,,,,,,,,,,,,,,,,,,,,,,,,,,,,,,,2023_09,human-live-lost-female
2409,,,,,,,,,,,,,,,,,,,,,,,,,,,,,,,,,,,,2023_09,human-live-lost-male
2410,0.0,0.0,0.0,0.0,0.0,0.0,0.0,0.0,0.0,0.0,0.0,0.0,0.0,0.0,0.0,0.0,0.0,0.0,0.0,0.0,0.0,0.0,31949626.0,0.0,0.0,0.0,0.0,0.0,0.0,0.0,0.0,0.0,0.0,0.0,0.0,2023_09,immediate-measures-tenders-awarded-value
2411,0.0,0.0,0.0,0.0,0.0,0.0,0.0,0.0,0.0,0.0,0.0,0.0,0.0,0.0,0.0,0.0,0.0,0.0,0.0,0.0,0.0,0.0,0.0,0.0,0.0,0.0,0.0,0.0,0.0,0.0,0.0,0.0,0.0,0.0,0.0,2023_09,inundation-intensity-mean
2412,0.0,0.0,0.0,0.0,0.0,0.0,0.0,0.0,0.0,0.0,0.0,0.0,0.0,0.0,0.0,0.0,0.0,0.0,0.0,0.0,0.0,0.0,0.0,0.0,0.0,0.0,0.0,0.0,0.0,0.0,0.0,0.0,0.0,0.0,0.0,2023_09,inundation-intensity-mean-nonzero
2413,0.0,0.0,0.0,0.0,0.0,0.0,0.0,0.0,0.0,0.0,0.0,0.0,0.0,0.0,0.0,0.0,0.0,0.0,0.0,0.0,0.0,0.0,0.0,0.0,0.0,0.0,0.0,0.0,0.0,0.0,0.0,0.0,0.0,0.0,0.0,2023_09,inundation-intensity-sum
2414,0.0,0.0,0.0,0.0,0.0,0.0,0.0,0.0,0.0,0.0,0.0,0.0,0.0,0.0,0.0,0.0,0.0,0.0,0.0,0.0,0.0,0.0,0.0,0.0,0.0,0.0,0.0,0.0,0.0,0.0,0.0,0.0,0.0,0.0,0.0,2023_09,inundation-pct
2415,0.0,0.0,0.0,0.0,0.0,0.0,0.0,0.0,0.0,0.0,0.0,0.0,0.0,0.0,0.0,0.0,0.0,0.0,0.0,0.0,0.0,0.0,0.0,0.0,0.0,0.0,0.0,0.0,0.0,0.0,0.0,0.0,0.0,0.0,0.0,2023_09,ltif-tenders-awarded-value
2416,,,,,,,,,,,,,,,,,,,,,,,,,,,,,,,,,,,,2023_09,male-camp
2417,0.63,0.63,0.55,0.49,0.23,0.22,0.29,0.38,0.38,0.35,0.4,0.4,0.4,0.48,0.41,0.26,0.53,0.63,0.54,0.53,0.54,0.47,0.28,0.18,0.22,0.21,0.23,0.4,0.32,0.26,0.54,0.22,0.38,0.22,0.17,2023_09,max-rain
2418,79.02868494142712,101.80280753365652,92.94383900653578,105.59323892727156,101.52151689605476,82.80184981421402,96.12358569934148,83.9078683433952,82.58482453454118,85.28440626816572,92.33941954273553,80.5484411209615,79.26767921681454,87.0143854317649,73.9235270160713,74.45407242468538,76.22171823123378,78.77654329987095,76.5297175055914,92.84413483394596,78.73454361714819,88.47737641290556,90.33791694141864,81.3350244170581,77.2968865972734,93.73693822422564,78.06937273928872,76.99096084367254,87.73877652848734,76.69919006241047,135.19869279538494,74.5890767941101,111.4923918776678,77.2774448783579,78.49346327750206,2023_09,mean-cn
2419,-0.1850835517203444,-0.1956678468128085,-0.0752289160580391,-0.1259758431129314,-0.1525422918570213,-0.2334060994513962,-0.2958093379321799,-0.1454879068376235,-0.1528966620435803,-0.2370712643210324,-0.2596744701582269,-0.1377507066314716,-0.0452071219857272,-0.0185237128240636,-0.1538110041309242,-0.1769310836542678,-0.1449437193717487,-0.1770583584700904,-0.1456127027439684,-0.0626237020527392,-0.1348368288284448,-0.1490368487693198,-0.0608214502201025,-0.1494417894853278,-0.1389498704984372,-0.1107711037677772,-0.0851231711544214,-0.2632697761086836,-0.0958510980054095,-0.0674460567516172,-0.315793915109311,-0.2054044169764365,-0.1535157206055453,-0.096328354598843,-0.1380725875553354,2023_09,mean-ndbi
2420,0.5948139321370294,0.348896367458991,0.4443305559075822,0.4060782106516059,0.3931257249132537,0.5225512831831975,0.3489793821476288,0.5277800419109678,0.5476224430007779,0.59180938265601,0.4618180009758691,0.4644053150982432,0.4627769425735512,0.4058412483095104,0.6139901362790255,0.5922850425667504,0.6137813238556584,0.5207142996056586,0.5455609121536247,0.441657221470901,0.5982681700048228,0.535696030303154,0.3739631313957174,0.5060000290828183,0.5738038000103506,0.3716188262889552,0.3784167883298902,0.6414649445428332,0.5171434705886266,0.4512366167861031,0.1825243453219916,0.5504271476499496,0.1833250095828774,0.5252079689570389,0.5127752558954477,2023_09,mean-ndvi
2421,0.56,0.46,0.43,0.26,0.21,0.17,0.18,0.31,0.28,0.25,0.33,0.37,0.35,0.28,0.27,0.15,0.33,0.35,0.43,0.51,0.45,0.2,0.18,0.15,0.18,0.16,0.13,0.38,0.22,0.15,0.38,0.13,0.27,0.17,0.15,2023_09,mean-rain
2422,0.94,0.94,0.94,0.94,0.95,0.94,0.93,0.94,0.93,0.93,0.94,0.93,0.94,0.94,0.92,0.91,0.94,0.94,0.93,0.95,0.95,0.93,0.91,0.93,0.95,0.93,0.94,0.93,0.93,0.94,0.94,0.93,0.94,0.94,0.95,2023_09,mean-sex-ratio
2423,78683.46309,83470.903,78088.12,79714.84605,75490.3523,87424.202,71470.137,90513.46103,104651.240916,68512.0013,81437.447,43095.76595,54183.314,128914.321604,35388.58,27888.17,66721.37000000001,42827.17595,35287.21,42395.395,27850.66,74001.84561,6039.38,44021.984,58167.37587,76196.45569999999,93034.31635285716,23849.9,71288.401,78621.26999999999,17419.61,48488.349,16642.66,23559.76,71015.57777333334,2023_09,net-sown-area-in-hac
2424,0.0,0.0,102158539.0,95098500.0,0.0,0.0,0.0,0.0,0.0,67085200.0,0.0,0.0,0.0,29107170.0,0.0,0.0,31649400.0,33113250.0,49950000.0,0.0,0.0,0.0,18959996.0,0.0,5000000.0,0.0,0.0,0.0,0.0,0.0,0.0,0.0,0.0,0.0,0.0,2023_09,others-tenders-awarded-value
2425,0.0,0.0,9200.0,8793.0,44181.0,10943.0,3547.0,688.0,135.0,0.0,444.0,29893.0,325.0,56772.0,0.0,0.0,0.0,0.0,0.0,0.0,22.0,0.0,0.0,72427.0,0.0,51496.0,0.0,0.0,12776.0,0.0,0.0,0.0,0.0,0.0,0.0,2023_09,population-affected-total
2426,62.0,342.0,34.0,5.0,10.0,45.0,35.0,38.0,77.0,43.0,49.0,27.0,41.0,43.0,32.0,146.0,46.0,45.0,28.0,81.0,8.0,45.0,80.0,11.0,0.0,0.0,24.0,24.0,19.0,30.0,0.0,0.0,0.0,9.0,6.0,2023_09,rail-count
2427,145613.0,139561.0,78425.0,17621.0,30884.0,174517.0,138494.0,108334.0,121454.0,119685.0,123774.0,73292.0,86126.0,117155.0,73424.0,172636.0,103488.0,117739.0,90281.0,82273.0,24548.0,109026.0,89510.0,30164.0,0.0,0.0,66114.0,80492.0,74271.0,75327.0,0.0,0.0,0.0,28139.0,18201.0,2023_09,rail-length
2428,3.4316022053394977,4.631771110776882,2.480076935955142,5.151738720707722,2.354508450862955,3.2259908629471004,6.684978657038228,2.258072376681141,3.8582144101230815,8.866465988479138,4.572728216035082,4.295512834683773,2.2626972241491186,8.208069269494366,2.31529174859903,4.1864981782576525,2.6560880085077523,1.7641347979211102,1.770884178922499,3.135483500152478,4.194584231618326,2.2630850065840784,1.5105626549677873,0.7437163841109358,3.775269655645464,3.057866698589287,1.1021045667816776,1.8759862480289105,5.527102633434499,1.123268335953194,8.68864710677468,5.07007759276236,13.02218904136665,0.1139183961385548,1.193505835288304,2023_09,rangeland
2429,3131,1557,1979,1848,1512,2564,3445,2998,2483,3810,3379,1567,1865,3523,7337,4884,3783,1839,1329,1088,1926,3283,834,1036,1526,1611,1987,1073,1783,1456,684,3073,970,470,877,2023_09,rc-area
2430,22.9,25.01,25.42,15.04,15.81,23.51,13.19,16.32,20.87,24.89,12.8,8.96,12.07,15.06,23.47,23.25,15.87,14.25,19.26,12.86,25.35,9.48,11.61,21.25,15.46,13.0,15.96,19.71,28.46,27.66,28.09,28.84,17.28,9.75,12.15,2023_09,rc-nosanitation-hhds-pct
2431,2.85,1.19,3.55,2.25,3.35,4.98,6.04,2.83,2.26,3.42,4.19,6.81,14.25,7.18,1.95,6.36,8.53,5.57,4.01,2.04,1.03,3.32,11.46,9.66,2.8,5.1,3.07,3.8,4.2,5.27,3.57,0.24,4.95,6.03,5.78,2023_09,rc-piped-hhds-pct
2432,,,,,,,,,,,,,,,,,,,,,,,,,,,,,,,,,,,,2023_09,relief-camp-inmates
2433,13104450.0,0.0,102158539.0,0.0,0.0,0.0,0.0,17549832.0,0.0,67085200.0,21034720.0,0.0,0.0,47513700.0,0.0,0.0,0.0,33113250.0,49950000.0,0.0,30714681.6,32995800.0,37431857.67,0.0,5000000.0,11966650.0,48909503.0,0.0,0.0,0.0,17788552.0,0.0,0.0,0.0,0.0,2023_09,restoration-measures-tenders-awarded-value
2434,,,,,,,,,,,,,,,,,,,,,,,,,,,,,,,,,,,,2023_09,revenue-ci
2435,13104450.0,0.0,102158539.0,95098500.0,0.0,0.0,0.0,0.0,0.0,67085200.0,0.0,0.0,0.0,29107170.0,0.0,0.0,31649400.0,33113250.0,49950000.0,0.0,0.0,0.0,0.0,0.0,0.0,0.0,0.0,0.0,0.0,0.0,0.0,0.0,0.0,0.0,0.0,2023_09,ridf-tenders-awarded-value
2436,5,5,4,3,2,2,2,4,3,3,4,4,4,3,1,1,3,3,4,5,4,1,1,1,2,2,2,4,3,2,5,2,4,1,2,2023_09,risk-score
2437,41.98,34.24,46.0,44.62,54.17,56.99,77.49,95.39,0.0,134.03,119.94,98.35,85.91,130.84,0.0,131.44,25.2,20.97,28.33,52.04,53.9,51.24,52.59,51.33,0.0,0.0,0.0,103.15,0.0,0.0,0.0,753.72,0.0,0.0,162.57,2023_09,riverlevel-max
2438,5.134159125188537,12.578371527323457,15.799785822021118,7.323740573152338,20.38600392203254,7.873872633390706,35.167719503012044,38.12508310228633,0.0,64.29679969879518,31.09935599541021,70.26126317771083,16.894866165413536,45.78800828313253,0.0,32.83260834670947,16.39470127863741,12.096946965396016,14.25198423599631,9.780775263951735,10.619752639517348,7.609237730595197,24.443696019193176,6.345573152337858,0.0,0.0,0.0,33.518965863453815,0.0,0.0,0.0,374.7583693843594,0.0,0.0,45.63503619909502,2023_09,riverlevel-mean
2439,0.0,0.0,0.0,0.0,0.0,0.0,0.0,0.0,0.0,0.0,0.0,0.0,0.0,0.0,0.0,0.0,10.83,0.0,0.0,0.0,0.0,0.0,0.0,0.0,0.0,0.0,0.0,0.0,0.0,0.0,0.0,66.49,0.0,0.0,0.0,2023_09,riverlevel-min
2440,858892.0,705770.0,1011509.0,725891.0,634621.0,1331470.0,745620.0,804067.0,578686.0,1211943.0,1453600.0,700651.0,736030.0,1389863.0,752361.0,843185.0,988230.0,615579.0,483931.0,654117.0,547046.0,1589070.0,746938.0,450865.0,429399.0,767150.0,650574.0,485197.0,574075.0,560100.0,78936.0,457481.0,54196.0,461489.0,294016.0,2023_09,road-length
2441,0.0,0.0,4.0,1.0,0.0,0.0,0.0,0.0,0.0,0.0,0.0,0.0,0.0,0.0,0.0,0.0,0.0,0.0,0.0,0.0,0.0,5.0,0.0,0.0,0.0,10.0,0.0,0.0,0.0,0.0,0.0,0.0,0.0,0.0,0.0,2023_09,roads
2442,2788,3147,2578,2904,1994,3284,2025,3519,2301,1950,2431,1838,2072,2507,1757,1063,3322,3188,3016,1463,1336,3463,1151,1817,1497,1858,1795,1007,1291,1320,1381,925,805,813,995,2023_09,schools-count
2443,280000.0,0.0,0.0,0.0,0.0,0.0,0.0,0.0,0.0,0.0,0.0,0.0,0.0,0.0,90000.0,0.0,0.0,0.0,0.0,0.0,0.0,20701352.941176467,6369647.058823529,0.0,0.0,0.0,160000.0,0.0,0.0,0.0,0.0,30000.0,0.0,0.0,0.0,2023_09,sdrf-sanctions-awarded-value
2444,38376396.75,0.0,0.0,21522002.0,0.0,0.0,0.0,0.0,0.0,0.0,0.0,0.0,0.0,0.0,0.0,0.0,0.0,0.0,0.0,0.0,0.0,0.0,31949626.0,0.0,0.0,0.0,0.0,0.0,0.0,0.0,0.0,0.0,0.0,0.0,0.0,2023_09,sdrf-tenders-awarded-value
2445,84.0,81.0,84.0,78.0,81.0,86.0,82.0,84.0,84.0,83.0,79.0,85.0,85.0,84.0,89.0,90.0,88.0,86.0,87.0,84.0,85.0,83.0,85.0,83.0,85.0,82.0,85.0,84.0,83.0,88.0,75.0,89.0,78.0,85.0,85.0,2023_09,slope-mean
2446,0.0,0.0,0.0,0.0,0.0,0.0,0.0,0.0,0.0,0.0,0.0,0.0,0.0,0.0,0.0,0.0,0.0,0.0,0.0,0.0,25882020.0,0.0,18959996.0,0.0,0.0,11966650.0,0.0,0.0,0.0,0.0,0.0,0.0,0.0,0.0,0.0,2023_09,sopd-tenders-awarded-value
2447,59707.0,44385.0,48154.0,70498.0,43994.0,101486.0,70953.0,60397.0,33716.0,81010.0,67434.0,44943.0,51670.0,73114.0,36768.0,11232.0,111691.0,87426.0,29638.0,35950.0,32886.0,76059.0,54254.0,43534.0,27022.0,56778.0,40272.0,17176.0,32641.0,48429.0,25076.0,24839.0,7555.0,12625.0,21929.0,2023_09,sum-aged-population
2448,1289251.0,1401030.0,1082272.0,1613275.0,1149616.0,2379170.0,1468618.0,1170535.0,707830.0,1415005.0,1500165.0,781776.0,1001168.0,1309191.0,708329.0,290661.0,2132069.0,1411746.0,776915.0,813460.0,614679.0,1644335.0,1366878.0,970177.0,725061.0,1170309.0,873216.0,497844.0,664801.0,1130389.0,547844.0,368151.0,165704.0,322294.0,503297.0,2023_09,sum-population
2449,1583.86,615.12,805.97,429.63,281.42,391.87,540.64,829.04,642.92,875.64,1018.85,533.58,587.57,925.48,1692.96,600.51,1157.25,623.61,542.13,495.64,752.03,635.44,126.95,138.46,262.65,243.51,221.97,365.57,354.13,192.36,227.39,366.86,239.62,73.35,121.25,2023_09,sum-rain
2450,121859.0,109709.0,110964.0,139208.0,90493.0,191488.0,120806.0,107647.0,64106.0,140856.0,98881.0,58125.0,57601.0,107241.0,84566.0,25933.0,187658.0,167030.0,62145.0,69199.0,62848.0,108586.0,64714.0,49888.0,37905.0,113188.0,68495.0,22488.0,55200.0,91919.0,59374.0,55356.0,8826.0,24080.0,31356.0,2023_09,sum-young-population
2451,,,,,,,,,,,,,,,,,,,,,,,,,,,,,,,,,,,,2023_09,topsis-score
2452,0.0,0.0,0.0,0.0,0.0,0.0,0.0,0.0,0.0,0.0,0.0,0.0,0.0,0.0,0.0,0.0,0.0,0.0,0.0,0.0,0.0,0.0,0.0,0.0,0.0,0.0,0.0,0.0,0.0,0.0,0.0,0.0,0.0,0.0,0.0,2023_09,total-animal-affected
2453,0.0,0.0,0.0,0.0,0.0,0.0,0.0,0.0,0.0,0.0,0.0,0.0,0.0,0.0,0.0,0.0,0.0,0.0,0.0,0.0,0.0,0.0,0.0,0.0,0.0,0.0,0.0,0.0,0.0,0.0,0.0,0.0,0.0,0.0,0.0,2023_09,total-animal-washed-away
2454,214904.0,377710.0,240459.0,393378.0,267778.0,527427.0,318730.0,266928.0,195025.0,318555.0,311523.0,172096.0,272707.0,275841.0,103131.0,30119.0,416101.0,256161.0,165784.0,185414.0,105445.0,408132.0,327221.0,233278.0,132203.0,231859.0,185739.0,108235.0,150938.0,214866.0,202538.0,52339.0,39239.0,77895.0,112690.0,2023_09,total-hhd
2455,0.0,0.0,0.0,0.0,0.0,0.0,0.0,0.0,0.0,0.0,0.0,0.0,0.0,0.0,0.0,0.0,0.0,0.0,0.0,0.0,0.0,0.0,0.0,0.0,0.0,0.0,0.0,0.0,0.0,0.0,0.0,0.0,0.0,0.0,0.0,2023_09,total-house-fully-damaged
2456,51480846.75,0.0,102158539.0,116620502.0,0.0,0.0,0.0,17549832.0,0.0,67085200.0,0.0,0.0,0.0,29107170.0,0.0,0.0,31649400.0,33113250.0,49950000.0,0.0,30714681.6,0.0,55431543.67,0.0,5000000.0,11966650.0,0.0,0.0,0.0,0.0,0.0,0.0,0.0,0.0,0.0,2023_09,total-tender-awarded-value
2457,45.15733260910527,6.295669443200221,21.316097456778483,1.4410979588599238,7.1631365256988335,13.130603256074064,16.32433289018804,11.298052164659342,17.488013427436147,43.15625777286192,25.92105688247573,21.1422424318834,21.393395288013565,18.82660027045509,85.07154964982493,92.29569010169598,60.353704961758446,36.26565971971056,43.36511709357278,14.16548230227064,22.370298121065755,20.81245902591373,35.957924938067336,7.207882563668975,19.429144582194063,5.091573205520924,9.495156980657285,37.10315796607807,13.32930413132909,26.15250229961493,2.169503904800628,81.478893902149,4.161078533221625,7.849966625084856,8.614991753163086,2023_09,trees
2458,3,3,3,2,4,2,4,5,4,4,4,3,2,4,2,1,3,1,1,3,3,2,1,1,4,3,4,3,4,5,2,5,5,1,3,2023_09,vulnerability
2459,2.4617055111690327,10.115460917273063,6.207572669407478,19.70640050356963,9.58491402716118,5.550454557373425,8.41149019386846,6.337148039526079,3.805855965824301,4.013904962898205,6.674014110059942,2.8447155589171693,1.410571184292094,5.40871019375055,0.2385064220558348,0.4601232903128437,2.9642427952048047,3.969055099568677,2.862004953550255,8.754941065871378,2.340754471421925,4.391433165646533,5.607689436614821,6.220920042266077,1.5204914146888506,8.46656265913684,1.1728439049845485,1.2189664170576533,5.371808847044157,1.414204943735177,22.12940719553415,0.690618804561425,13.378961466416229,3.346661983939757,2.390924968958241,2023_09,water
2460,9.0,7.5,8.9,8.0,7.2,9.8,9.8,8.3,7.0,8.6,10.2,10.4,10.3,8.8,7.2,8.1,9.8,9.8,9.5,9.1,8.2,10.1,12.1,10.5,9.0,9.2,8.3,8.6,8.9,8.0,6.7,5.8,9.4,7.0,11.6,2023_10,avg-electricity
2461,2.2,2.6,2.0,2.0,2.4,2.0,2.2,2.4,2.0,2.0,2.0,2.2,2.2,2.3,2.0,2.5,2.2,2.4,2.0,2.2,2.2,2.4,2.5,2.1,2.3,2.0,2.2,2.0,2.3,2.3,2.0,2.0,2.5,2.3,2.2,2023_10,avg-tele
2462,0.7291309832244668,6.282752457308544,4.999391518830241,10.444177178408005,8.175019472251908,1.2235212390545087,10.52618531586649,3.2325924577600795,4.742513716993725,5.312196685500217,11.662489485489248,1.0101712469281114,0.5156360065359646,5.505277315803769,0.0058624454729746,0.0622146613901976,0.083037601117575,0.0071894581167785,0.0098294580600155,4.710942945529917,2.3036081993801845,2.318835888359872,0.3503958936808835,1.3536474650209336,0.7391123039039552,7.460556744979987,1.0683508705361642,0.0002064591751955,5.342328361705498,0.1324172855045991,13.813883850363,0.0460991244995262,22.8588192180144,0.0578268931460054,1.441767189681854,2023_10,bare-ground
2463,0.0,0.0,0.0,0.0,0.0,0.0,0.0,0.0,0.0,0.0,0.0,0.0,0.0,0.0,0.0,0.0,0.0,0.0,0.0,0.0,0.0,0.0,0.0,0.0,0.0,0.0,0.0,0.0,0.0,0.0,0.0,0.0,0.0,0.0,0.0,2023_10,bridge
2464,12.813002279760273,19.532673095299,21.7278935367819,23.22428039314995,16.40366742520424,21.521102451629076,16.13009496182345,19.12773530099464,15.515829181438098,13.5380629538649,14.759587412202352,19.086871949976327,21.9959009966027,21.986894352236536,4.95661790333012,1.753435870164205,10.199739088758738,21.39170055907628,15.507520568519816,30.68667020128292,27.17428197975876,20.9913903969805,42.34549788090294,25.232936526655187,21.912543882589222,22.29582757731616,21.989800182739955,17.539405921056268,17.597931303237132,21.919616710066062,14.28818141391939,3.85584375244879,8.66307250908374,26.54786157172083,24.67738978643938,2023_10,built-area
2465,,,,,,,,,,,,,,,,,,,,,,,,,,,,,,,,,,,,2023_10,children-camp
2466,0.0,0.0,0.0,0.0,0.0,0.0,0.0,0.0,0.0,0.0,0.0,0.0,0.0,0.0,0.0,0.0,0.0,0.0,0.0,0.0,0.0,0.0,0.0,0.0,0.0,0.0,0.0,0.0,0.0,0.0,0.0,0.0,0.0,0.0,0.0,2023_10,cidf-tenders-awarded-value
2467,0.0,0.0,0.0,0.0,0.0,0.0,0.0,0.0,0.0,0.0,0.0,0.0,0.0,0.0,0.0,3.58464258819225e-06,0.0,0.0,0.0,0.0,0.0,0.0,0.0,0.0,0.0,0.0,0.0,0.0,0.0,0.0,0.0,0.0,0.0,0.0,0.0,2023_10,clouds
2468,,,,,,,,,,,,,,,,,,,,,,,,,,,,,,,,,,,,2023_10,count
2469,0.0,0.0,0.0,0.0,0.0,0.0,0.0,0.0,0.0,0.0,0.0,0.0,0.0,0.0,0.0,0.0,0.0,0.0,0.0,0.0,0.0,0.0,0.0,0.0,0.0,0.0,0.0,0.0,0.0,0.0,0.0,0.0,0.0,0.0,0.0,2023_10,crop-area
2470,34.77527152998702,53.115174092308514,43.081676878517285,39.87347334063675,56.12263874661642,53.9577972353235,41.80341038314397,57.6139478308087,54.41830836224068,24.58412332813268,36.01737012803437,50.6661323741195,51.67930031884608,39.59934936480119,7.411819754383287,1.2420343135366083,23.52796139910944,36.26379760547847,35.95412517709405,38.46939367950876,41.60286149446442,49.12874115534136,14.133211183628369,59.13318531920358,52.62028872633751,53.61755361358085,65.17174349430036,42.21612032772426,52.41287206896256,49.23144002421417,38.8693357103284,8.8456687960696,37.523128650518046,62.02119192738156,61.68116906697584,2023_10,crops
2471,4296.624151156235,2231.5993331549903,3585.3069321814023,1247.6117514050093,2700.336576957554,3477.530108369159,1557.3606551140049,2711.0464141089856,2238.6415334905228,4159.102888381455,9491.630139883577,3889.6067327857527,7133.757644739055,3445.526862961011,8511.666927309077,4923.29748622475,3222.517655928944,4060.318063254274,4335.474967336042,1883.330083753236,975.2407923854796,4254.719948057848,3333.953706616405,1829.807307358248,1576.5499878215094,1098.83444541599,1489.926404330648,4700.953196095703,4363.59388114963,5163.44360094801,880.805632910103,4989.53282327419,1292.455559234692,1123.7037030160088,1578.254039674223,2023_10,distance-from-river
2472,KOKRAJHAR,DHUBRI,GOALPARA,BARPETA,MORIGAON,NAGAON,SONITPUR,LAKHIMPUR,DHEMAJI,TINSUKIA,DIBRUGARH,SIVASAGAR,JORHAT,GOLAGHAT,KARBI ANGLONG,DIMA HASAO,CACHAR,KARIMGANJ,HAILAKANDI,BONGAIGAON,CHIRANG,KAMRUP,KAMRUP METRO,NALBARI,BAKSA,DARRANG,UDALGURI,CHARAIDEO,BISWANATH,HOJAI,SOUTH SALMARA MANCACHAR,WEST KARBI ANGLONG,MAJULI,BAJALI,TAMULPUR,2023_10,district
2473,0.0005623749999999,0.0006515714285714,0.0005706,0.0006465,0.0005976,0.0005747142857142,0.000571,0.0006111428571428,0.0005535,0.00057375,0.0006251428571428,0.0006055,0.0006035999999999,0.0005855,0.00041,0.00031275,0.0004408,0.0005329999999999,0.0005025,0.0005798,0.000528,0.0005858461538461,0.00044875,0.000670625,0.0005907142857142,0.0006724,0.0006286666666666,0.000603,0.0006126666666666,0.00058,0.000585,0.000439,0.0006255,0.0006813333333333,0.0006636,2023_10,drainage-density
2474,,,,,,,,,,,,,,,,,,,,,,,,,,,,,,,,,,,,2023_10,dtcode11
2475,,,,,,,,,,,,,,,,,,,,,,,,,,,,,,,,,,,,2023_10,dtname
2476,0.89223725,0.9274135714285714,0.8636692,0.873894,0.8006142,0.8778561428571428,0.832555,0.8287354285714285,0.8662709999999999,0.8173367500000001,0.8366504285714286,0.8818345,0.9324576,0.8766566666666668,0.9565656666666666,1.0,0.8667832000000001,0.962109,0.9487,0.8860340000000001,0.8911484,0.9526882307692308,1.0,0.961905625,0.8549077142857142,0.8635468,0.8250333333333333,0.8807079999999999,0.8230616666666667,0.7797956666666667,0.9147565,0.80514,0.953603,0.977035,0.8797736,2023_10,efficiency
2477,63.0,33.0,49.0,40.0,63.0,72.0,86.0,96.0,141.0,142.0,113.0,99.0,105.0,97.0,347.0,607.0,155.0,36.0,47.0,54.0,84.0,82.0,114.0,49.0,70.0,59.0,91.0,112.0,86.0,125.0,26.0,483.0,85.0,47.0,71.0,2023_10,elevation-mean
2478,0.0,0.0,0.0,0.0,0.0,0.0,0.0,0.0,0.0,0.0,0.0,0.0,0.0,0.0,0.0,0.0,0.0,0.0,0.0,0.0,0.0,0.0,0.0,0.0,0.0,0.0,0.0,0.0,0.0,0.0,0.0,0.0,0.0,0.0,0.0,2023_10,embankment-breached
2479,0.0,0.0,0.0,0.0,0.0,0.0,0.0,0.0,0.0,0.0,0.0,0.0,0.0,0.0,0.0,0.0,0.0,0.0,0.0,0.0,0.0,0.0,0.0,0.0,0.0,0.0,0.0,0.0,0.0,0.0,0.0,0.0,0.0,0.0,0.0,2023_10,embankments-affected
2480,1,2,2,3,2,4,5,1,1,5,2,2,2,2,2,1,5,3,2,1,1,1,4,1,1,3,1,1,2,5,5,3,1,1,1,2023_10,exposure
2481,,,,,,,,,,,,,,,,,,,,,,,,,,,,,,,,,,,,2023_10,female-camp
2482,2023-2024,2023-2024,2023-2024,2023-2024,2023-2024,2023-2024,2023-2024,2023-2024,2023-2024,2023-2024,2023-2024,2023-2024,2023-2024,2023-2024,2023-2024,2023-2024,2023-2024,2023-2024,2023-2024,2023-2024,2023-2024,2023-2024,2023-2024,2023-2024,2023-2024,2023-2024,2023-2024,2023-2024,2023-2024,2023-2024,2023-2024,2023-2024,2023-2024,2023-2024,2023-2024,2023_10,financial-year
2483,2,3,3,3,1,1,4,4,2,1,3,3,3,2,1,1,1,1,1,5,4,3,1,2,1,2,1,3,5,1,4,1,2,1,1,2023_10,flood-hazard
2484,,,,,,,,,,,,,,,,,,,,,,,,,,,,,,,,,,,,2023_10,flood-hazard-float
2485,0.6319548814145014,0.0264988838337595,0.1872910037294446,0.158831904668017,0.1961153522045057,1.390530397598282,0.1195075980714078,0.1324518295700244,0.1712649359439842,0.5289883082629272,0.392753765703258,0.9543536034917056,0.7424989815603891,0.4650992334585388,0.0003520763338109,0.0,0.2152261455433427,0.3384627601280647,0.5305185702806088,0.0770863053839264,0.013611502290577,0.0940553611739222,0.0947180121379085,0.1077116990742689,0.0031494346409583,0.0100595008760245,0.0,0.0461566608796366,0.4186526542872403,0.0265504009117852,0.0410408182797719,0.0127980275092552,0.3927505813793145,0.0625726025883714,0.0002513994932999,2023_10,flooded-vegetation
2486,5,5,5,5,5,5,5,5,5,5,5,5,5,5,5,5,5,5,5,5,5,1,1,5,5,5,5,5,5,5,5,5,5,5,5,2023_10,government-response
2487,163,151,154,205,116,277,158,124,73,119,169,143,106,153,30,4,176,96,87,88,68,282,52,142,109,129,15,82,100,91,69,25,32,70,67,2023_10,health-centres-count
2488,0,0,0,0,0,0,0,0,0,0,0,0,0,0,0,0,0,0,0,0,0,0,0,0,0,0,0,0,0,0,0,0,0,0,0,2023_10,human-live-lost
2489,,,,,,,,,,,,,,,,,,,,,,,,,,,,,,,,,,,,2023_10,human-live-lost-children
2490,,,,,,,,,,,,,,,,,,,,,,,,,,,,,,,,,,,,2023_10,human-live-lost-female
2491,,,,,,,,,,,,,,,,,,,,,,,,,,,,,,,,,,,,2023_10,human-live-lost-male
2492,0.0,0.0,0.0,0.0,0.0,0.0,0.0,0.0,0.0,0.0,0.0,0.0,0.0,0.0,0.0,0.0,0.0,0.0,0.0,0.0,0.0,0.0,0.0,0.0,0.0,0.0,0.0,0.0,0.0,0.0,0.0,0.0,0.0,0.0,0.0,2023_10,immediate-measures-tenders-awarded-value
2493,0.0,0.0,0.0,0.0,0.0,0.0,0.0,0.0,0.0,0.0,0.0,0.0,0.0,0.0,0.0,0.0,0.0,0.0,0.0,0.0,0.0,0.0,0.0,0.0,0.0,0.0,0.0,0.0,0.0,0.0,0.0,0.0,0.0,0.0,0.0,2023_10,inundation-intensity-mean
2494,0.0,0.0,0.0,0.0,0.0,0.0,0.0,0.0,0.0,0.0,0.0,0.0,0.0,0.0,0.0,0.0,0.0,0.0,0.0,0.0,0.0,0.0,0.0,0.0,0.0,0.0,0.0,0.0,0.0,0.0,0.0,0.0,0.0,0.0,0.0,2023_10,inundation-intensity-mean-nonzero
2495,0.0,0.0,0.0,0.0,0.0,0.0,0.0,0.0,0.0,0.0,0.0,0.0,0.0,0.0,0.0,0.0,0.0,0.0,0.0,0.0,0.0,0.0,0.0,0.0,0.0,0.0,0.0,0.0,0.0,0.0,0.0,0.0,0.0,0.0,0.0,2023_10,inundation-intensity-sum
2496,0.0,0.0,0.0,0.0,0.0,0.0,0.0,0.0,0.0,0.0,0.0,0.0,0.0,0.0,0.0,0.0,0.0,0.0,0.0,0.0,0.0,0.0,0.0,0.0,0.0,0.0,0.0,0.0,0.0,0.0,0.0,0.0,0.0,0.0,0.0,2023_10,inundation-pct
2497,0.0,0.0,0.0,0.0,0.0,0.0,0.0,0.0,0.0,0.0,0.0,0.0,0.0,0.0,0.0,0.0,0.0,0.0,0.0,0.0,0.0,0.0,0.0,0.0,0.0,0.0,0.0,0.0,0.0,0.0,0.0,0.0,0.0,0.0,0.0,2023_10,ltif-tenders-awarded-value
2498,,,,,,,,,,,,,,,,,,,,,,,,,,,,,,,,,,,,2023_10,male-camp
2499,0.36,0.3,0.39,0.4,0.25,0.31,0.46,0.48,0.36,0.23,0.33,0.28,0.28,0.31,0.23,0.19,0.1,0.17,0.15,0.4,0.4,0.48,0.28,0.3,0.19,0.28,0.26,0.33,0.52,0.19,0.41,0.19,0.28,0.19,0.15,2023_10,max-rain
2500,79.02868494142712,101.80280753365652,92.94383900653578,105.59323892727156,101.52151689605476,82.80184981421402,96.12358569934148,83.9078683433952,82.58482453454118,85.28440626816572,92.33941954273553,80.5484411209615,79.26767921681454,87.0143854317649,73.9235270160713,74.45407242468538,76.22171823123378,78.77654329987095,76.5297175055914,92.84413483394596,78.73454361714819,88.47737641290556,90.33791694141864,81.3350244170581,77.2968865972734,93.73693822422564,78.06937273928872,76.99096084367254,87.73877652848734,76.69919006241047,135.19869279538494,74.5890767941101,111.4923918776678,77.2774448783579,78.49346327750206,2023_10,mean-cn
2501,-0.1850835517203444,-0.1956678468128085,-0.0752289160580391,-0.1259758431129314,-0.1525422918570213,-0.2334060994513962,-0.2958093379321799,-0.1454879068376235,-0.1528966620435803,-0.2370712643210324,-0.2596744701582269,-0.1377507066314716,-0.0452071219857272,-0.0185237128240636,-0.1538110041309242,-0.1769310836542678,-0.1449437193717487,-0.1770583584700904,-0.1456127027439684,-0.0626237020527392,-0.1348368288284448,-0.1490368487693198,-0.0608214502201025,-0.1494417894853278,-0.1389498704984372,-0.1107711037677772,-0.0851231711544214,-0.2632697761086836,-0.0958510980054095,-0.0674460567516172,-0.315793915109311,-0.2054044169764365,-0.1535157206055453,-0.096328354598843,-0.1380725875553354,2023_10,mean-ndbi
2502,0.5948139321370294,0.348896367458991,0.4443305559075822,0.4060782106516059,0.3931257249132537,0.5225512831831975,0.3489793821476288,0.5277800419109677,0.5476224430007779,0.59180938265601,0.4618180009758691,0.4644053150982432,0.4627769425735512,0.4058412483095104,0.6139901362790255,0.5922850425667504,0.6137813238556584,0.5207142996056586,0.5455609121536247,0.441657221470901,0.5982681700048228,0.535696030303154,0.3739631313957174,0.5060000290828183,0.5738038000103506,0.3716188262889552,0.3784167883298902,0.6414649445428332,0.5171434705886266,0.4512366167861031,0.1825243453219916,0.5504271476499496,0.1833250095828774,0.5252079689570389,0.5127752558954477,2023_10,mean-ndvi
2503,0.24,0.21,0.27,0.23,0.15,0.16,0.27,0.27,0.24,0.19,0.24,0.24,0.25,0.2,0.11,0.08,0.07,0.12,0.1,0.36,0.3,0.24,0.25,0.14,0.12,0.19,0.16,0.26,0.31,0.11,0.26,0.15,0.2,0.09,0.12,2023_10,mean-rain
2504,0.94,0.94,0.94,0.94,0.95,0.94,0.93,0.94,0.93,0.93,0.94,0.93,0.94,0.94,0.92,0.91,0.94,0.94,0.93,0.95,0.95,0.93,0.91,0.93,0.95,0.93,0.94,0.93,0.93,0.94,0.94,0.93,0.94,0.94,0.95,2023_10,mean-sex-ratio
2505,78683.46309,83470.90299999999,78088.12,79714.84605,75490.3523,87424.202,71470.137,90513.46103,104651.240916,68512.0013,81437.447,43095.76595,54183.314,128914.321604,35388.58,27888.17,66721.37,42827.17595,35287.21,42395.395,27850.66,74001.84561,6039.38,44021.984,58167.37587,76196.45569999999,93034.31635285716,23849.9,71288.401,78621.26999999999,17419.61,48488.349,16642.66,23559.76,71015.57777333334,2023_10,net-sown-area-in-hac
2506,0.0,0.0,0.0,0.0,0.0,0.0,0.0,41585400.0,0.0,0.0,0.0,0.0,74476800.0,0.0,0.0,0.0,0.0,46064000.0,0.0,0.0,0.0,0.0,0.0,0.0,0.0,5000000.0,17058112.0,0.0,0.0,0.0,0.0,0.0,0.0,0.0,0.0,2023_10,others-tenders-awarded-value
2507,0.0,0.0,0.0,0.0,0.0,0.0,0.0,0.0,0.0,0.0,0.0,0.0,0.0,0.0,0.0,0.0,0.0,0.0,0.0,0.0,0.0,0.0,0.0,0.0,0.0,0.0,0.0,0.0,0.0,0.0,0.0,0.0,0.0,0.0,0.0,2023_10,population-affected-total
2508,62.0,342.0,34.0,5.0,10.0,45.0,35.0,38.0,77.0,43.0,49.0,27.0,41.0,43.0,32.0,146.0,46.0,45.0,28.0,81.0,8.0,45.0,80.0,11.0,0.0,0.0,24.0,24.0,19.0,30.0,0.0,0.0,0.0,9.0,6.0,2023_10,rail-count
2509,145613.0,139561.0,78425.0,17621.0,30884.0,174517.0,138494.0,108334.0,121454.0,119685.0,123774.0,73292.0,86126.0,117155.0,73424.0,172636.0,103488.0,117739.0,90281.0,82273.0,24548.0,109026.0,89510.0,30164.0,0.0,0.0,66114.0,80492.0,74271.0,75327.0,0.0,0.0,0.0,28139.0,18201.0,2023_10,rail-length
2510,3.4316022053394977,4.631771110776882,2.4800769359551422,5.151738720707722,2.354508450862955,3.2259908629471004,6.684978657038228,2.258072376681141,3.858214410123083,8.866465988479138,4.572728216035082,4.295512834683773,2.2626972241491186,8.208069269494366,2.31529174859903,4.1864981782576525,2.6560880085077523,1.7641347979211102,1.770884178922499,3.135483500152478,4.194584231618326,2.2630850065840784,1.5105626549677873,0.7437163841109358,3.775269655645464,3.057866698589287,1.1021045667816776,1.8759862480289105,5.527102633434499,1.123268335953194,8.68864710677468,5.07007759276236,13.02218904136665,0.1139183961385548,1.193505835288304,2023_10,rangeland
2511,3131,1557,1979,1848,1512,2564,3445,2998,2483,3810,3379,1567,1865,3523,7337,4884,3783,1839,1329,1088,1926,3283,834,1036,1526,1611,1987,1073,1783,1456,684,3073,970,470,877,2023_10,rc-area
2512,22.9,25.01,25.42,15.04,15.81,23.51,13.19,16.32,20.87,24.89,12.8,8.96,12.07,15.06,23.47,23.25,15.87,14.25,19.26,12.86,25.35,9.48,11.61,21.25,15.46,13.0,15.96,19.71,28.46,27.66,28.09,28.84,17.28,9.75,12.15,2023_10,rc-nosanitation-hhds-pct
2513,2.85,1.19,3.55,2.25,3.35,4.98,6.04,2.83,2.26,3.42,4.19,6.81,14.25,7.18,1.95,6.36,8.53,5.57,4.01,2.04,1.03,3.32,11.46,9.66,2.8,5.1,3.07,3.8,4.2,5.27,3.57,0.24,4.95,6.03,5.78,2023_10,rc-piped-hhds-pct
2514,,,,,,,,,,,,,,,,,,,,,,,,,,,,,,,,,,,,2023_10,relief-camp-inmates
2515,0.0,0.0,0.0,0.0,0.0,0.0,0.0,0.0,0.0,0.0,0.0,0.0,0.0,0.0,0.0,0.0,0.0,0.0,0.0,0.0,0.0,0.0,0.0,0.0,0.0,0.0,0.0,0.0,0.0,0.0,0.0,0.0,0.0,0.0,0.0,2023_10,restoration-measures-tenders-awarded-value
2516,,,,,,,,,,,,,,,,,,,,,,,,,,,,,,,,,,,,2023_10,revenue-ci
2517,0.0,0.0,0.0,0.0,0.0,0.0,0.0,41585400.0,0.0,0.0,720316000.0,0.0,74476800.0,0.0,0.0,0.0,0.0,46064000.0,0.0,0.0,0.0,0.0,0.0,0.0,0.0,0.0,0.0,0.0,0.0,0.0,0.0,0.0,0.0,0.0,0.0,2023_10,ridf-tenders-awarded-value
2518,2,3,3,4,2,2,4,4,2,2,4,3,3,2,1,1,1,1,1,4,4,3,1,2,1,2,2,3,5,2,4,2,2,1,1,2023_10,risk-score
2519,41.39,32.86,45.91,44.57,53.57,57.5,77.68,95.17,0.0,133.71,118.5,103.58,85.48,129.26,0.0,131.5,22.77,18.57,25.05,51.61,53.26,50.47,52.23,51.32,0.0,0.0,0.0,101.76,0.0,0.0,0.0,749.48,0.0,0.0,162.36,2023_10,riverlevel-max
2520,5.087018569463549,12.334195323246217,15.585453920220084,7.235958276020173,20.039812929848694,7.858027510316369,34.80046767537827,38.055818431911966,0.0,64.1746045392022,30.9573085740486,69.70475790921596,16.708503438789545,45.4399679046309,0.0,32.80700137551582,14.93448137286422,11.276198074277854,12.2848022696011,9.734039889958732,10.600044016506189,7.583903468707927,24.061143225584598,6.331225928473179,0.0,0.0,0.0,33.21392022008253,0.0,0.0,0.0,407.1295309491059,0.0,0.0,45.53819807427785,2023_10,riverlevel-mean
2521,0.0,0.0,0.0,0.0,0.0,0.0,0.0,0.0,0.0,0.0,0.0,0.0,0.0,0.0,0.0,0.0,8.36,0.0,0.0,0.0,0.0,0.0,0.0,0.0,0.0,0.0,0.0,0.0,0.0,0.0,0.0,66.25,0.0,0.0,0.0,2023_10,riverlevel-min
2522,858892.0,705770.0,1011509.0,725891.0,634621.0,1331470.0,745620.0,804067.0,578686.0,1211943.0,1453600.0,700651.0,736030.0,1389863.0,752361.0,843185.0,988230.0,615579.0,483931.0,654117.0,547046.0,1589070.0,746938.0,450865.0,429399.0,767150.0,650574.0,485197.0,574075.0,560100.0,78936.0,457481.0,54196.0,461489.0,294016.0,2023_10,road-length
2523,0.0,0.0,0.0,0.0,0.0,0.0,0.0,0.0,0.0,0.0,0.0,0.0,0.0,0.0,0.0,0.0,0.0,0.0,0.0,0.0,0.0,0.0,0.0,0.0,0.0,0.0,0.0,0.0,0.0,0.0,0.0,0.0,0.0,0.0,0.0,2023_10,roads
2524,2788,3147,2578,2904,1994,3284,2025,3519,2301,1950,2431,1838,2072,2507,1757,1063,3322,3188,3016,1463,1336,3463,1151,1817,1497,1858,1795,1007,1291,1320,1381,925,805,813,995,2023_10,schools-count
2525,0.0,0.0,0.0,0.0,0.0,0.0,0.0,0.0,0.0,0.0,0.0,0.0,0.0,0.0,0.0,0.0,0.0,0.0,0.0,0.0,0.0,0.0,0.0,0.0,0.0,0.0,0.0,0.0,0.0,0.0,0.0,0.0,0.0,0.0,0.0,2023_10,sdrf-sanctions-awarded-value
2526,8759449.0,0.0,0.0,0.0,0.0,0.0,0.0,0.0,0.0,0.0,0.0,0.0,0.0,0.0,0.0,0.0,0.0,0.0,0.0,0.0,0.0,0.0,0.0,0.0,0.0,0.0,0.0,0.0,0.0,0.0,0.0,0.0,0.0,0.0,0.0,2023_10,sdrf-tenders-awarded-value
2527,84.0,81.0,84.0,78.0,81.0,86.0,82.0,84.0,84.0,83.0,79.0,85.0,85.0,84.0,89.0,90.0,88.0,86.0,87.0,84.0,85.0,83.0,85.0,83.0,85.0,82.0,85.0,84.0,83.0,88.0,75.0,89.0,78.0,85.0,85.0,2023_10,slope-mean
2528,0.0,0.0,0.0,0.0,0.0,0.0,0.0,0.0,0.0,0.0,0.0,0.0,0.0,0.0,0.0,0.0,0.0,0.0,0.0,0.0,0.0,0.0,0.0,0.0,0.0,0.0,17058112.0,0.0,0.0,0.0,0.0,0.0,0.0,0.0,0.0,2023_10,sopd-tenders-awarded-value
2529,59707.0,44385.0,48154.0,70498.0,43994.0,101486.0,70953.0,60397.0,33716.0,81010.0,67434.0,44943.0,51670.0,73114.0,36768.0,11232.0,111691.0,87426.0,29638.0,35950.0,32886.0,76059.0,54254.0,43534.0,27022.0,56778.0,40272.0,17176.0,32641.0,48429.0,25076.0,24839.0,7555.0,12625.0,21929.0,2023_10,sum-aged-population
2530,1289251.0,1401030.0,1082272.0,1613275.0,1149616.0,2379170.0,1468618.0,1170535.0,707830.0,1415005.0,1500165.0,781776.0,1001168.0,1309191.0,708329.0,290661.0,2132069.0,1411746.0,776915.0,813460.0,614679.0,1644335.0,1366878.0,970177.0,725061.0,1170309.0,873216.0,497844.0,664801.0,1130389.0,547844.0,368151.0,165704.0,322294.0,503297.0,2023_10,sum-population
2531,772.33,272.7,466.37,387.83,206.09,372.14,806.3,728.98,506.27,682.85,743.89,338.51,421.31,636.3,689.63,388.34,261.02,214.96,132.15,351.54,488.7,772.79,177.76,158.62,182.15,283.59,276.86,252.87,536.81,138.04,151.89,407.26,173.6,43.55,81.19,2023_10,sum-rain
2532,121859.0,109709.0,110964.0,139208.0,90493.0,191488.0,120806.0,107647.0,64106.0,140856.0,98881.0,58125.0,57601.0,107241.0,84566.0,25933.0,187658.0,167030.0,62145.0,69199.0,62848.0,108586.0,64714.0,49888.0,37905.0,113188.0,68495.0,22488.0,55200.0,91919.0,59374.0,55356.0,8826.0,24080.0,31356.0,2023_10,sum-young-population
2533,,,,,,,,,,,,,,,,,,,,,,,,,,,,,,,,,,,,2023_10,topsis-score
2534,0.0,0.0,0.0,0.0,0.0,0.0,0.0,0.0,0.0,0.0,0.0,0.0,0.0,0.0,0.0,0.0,0.0,0.0,0.0,0.0,0.0,0.0,0.0,0.0,0.0,0.0,0.0,0.0,0.0,0.0,0.0,0.0,0.0,0.0,0.0,2023_10,total-animal-affected
2535,0.0,0.0,0.0,0.0,0.0,0.0,0.0,0.0,0.0,0.0,0.0,0.0,0.0,0.0,0.0,0.0,0.0,0.0,0.0,0.0,0.0,0.0,0.0,0.0,0.0,0.0,0.0,0.0,0.0,0.0,0.0,0.0,0.0,0.0,0.0,2023_10,total-animal-washed-away
2536,214904.0,377710.0,240459.0,393378.0,267778.0,527427.0,318730.0,266928.0,195025.0,318555.0,311523.0,172096.0,272707.0,275841.0,103131.0,30119.0,416101.0,256161.0,165784.0,185414.0,105445.0,408132.0,327221.0,233278.0,132203.0,231859.0,185739.0,108235.0,150938.0,214866.0,202538.0,52339.0,39239.0,77895.0,112690.0,2023_10,total-hhd
2537,0.0,0.0,0.0,0.0,0.0,0.0,0.0,0.0,0.0,0.0,0.0,0.0,0.0,0.0,0.0,0.0,0.0,0.0,0.0,0.0,0.0,0.0,0.0,0.0,0.0,0.0,0.0,0.0,0.0,0.0,0.0,0.0,0.0,0.0,0.0,2023_10,total-house-fully-damaged
2538,8759449.0,0.0,0.0,0.0,0.0,0.0,0.0,41585400.0,0.0,0.0,720316000.0,0.0,74476800.0,0.0,0.0,0.0,0.0,46064000.0,0.0,0.0,0.0,0.0,0.0,0.0,0.0,5000000.0,17058112.0,0.0,0.0,0.0,0.0,0.0,0.0,0.0,0.0,2023_10,total-tender-awarded-value
2539,45.15733260910527,6.295669443200221,21.316097456778483,1.4410979588599238,7.1631365256988335,13.130603256074064,16.32433289018804,11.298052164659342,17.488013427436147,43.15625777286192,25.921056882475728,21.1422424318834,21.393395288013565,18.82660027045509,85.07154964982493,92.29569010169598,60.353704961758446,36.26565971971056,43.36511709357278,14.16548230227064,22.37029812106575,20.81245902591373,35.957924938067336,7.207882563668975,19.429144582194063,5.091573205520924,9.495156980657285,37.10315796607807,13.32930413132909,26.15250229961493,2.169503904800628,81.478893902149,4.161078533221625,7.849966625084857,8.614991753163086,2023_10,trees
2540,3,2,3,3,5,3,4,4,3,4,4,3,2,3,1,1,3,1,1,3,3,2,1,1,3,3,4,3,4,5,2,4,1,1,3,2023_10,vulnerability
2541,2.4617055111690327,10.115460917273063,6.207572669407478,19.70640050356963,9.58491402716118,5.550454557373425,8.41149019386846,6.33714803952608,3.805855965824301,4.013904962898205,6.674014110059942,2.8447155589171693,1.4105711842920938,5.40871019375055,0.2385064220558348,0.4601232903128437,2.9642427952048047,3.969055099568677,2.862004953550255,8.754941065871378,2.340754471421925,4.391433165646534,5.607689436614821,6.220920042266077,1.5204914146888506,8.466562659136839,1.1728439049845485,1.2189664170576533,5.371808847044157,1.414204943735177,22.12940719553415,0.690618804561425,13.378961466416229,3.346661983939757,2.390924968958241,2023_10,water
2542,9.0,7.5,8.9,8.0,7.2,9.8,9.8,8.3,7.0,8.6,10.2,10.4,10.3,8.8,7.2,8.1,9.8,9.8,9.5,9.1,8.2,10.1,12.1,10.5,9.0,9.2,8.3,8.6,8.9,8.0,6.7,5.8,9.4,7.0,11.6,2023_11,avg-electricity
2543,2.2,2.6,2.0,2.0,2.4,2.0,2.2,2.4,2.0,2.0,2.0,2.2,2.2,2.3,2.0,2.5,2.2,2.4,2.0,2.2,2.2,2.4,2.5,2.1,2.3,2.0,2.2,2.0,2.3,2.3,2.0,2.0,2.5,2.3,2.2,2023_11,avg-tele
2544,0.7291309832244668,6.282752457308544,4.999391518830241,10.444177178408005,8.175019472251908,1.2235212390545087,10.52618531586649,3.2325924577600795,4.742513716993725,5.312196685500217,11.662489485489248,1.0101712469281114,0.5156360065359646,5.505277315803769,0.0058624454729746,0.0622146613901976,0.083037601117575,0.0071894581167785,0.0098294580600155,4.710942945529917,2.3036081993801845,2.3188358883598714,0.3503958936808835,1.3536474650209336,0.7391123039039551,7.460556744979987,1.0683508705361642,0.0002064591751955,5.342328361705498,0.1324172855045991,13.813883850363,0.0460991244995262,22.8588192180144,0.0578268931460054,1.4417671896818542,2023_11,bare-ground
2545,0.0,0.0,0.0,0.0,0.0,0.0,0.0,0.0,0.0,0.0,0.0,0.0,0.0,0.0,0.0,0.0,0.0,0.0,0.0,0.0,0.0,0.0,0.0,0.0,0.0,0.0,0.0,0.0,0.0,0.0,0.0,0.0,0.0,0.0,0.0,2023_11,bridge
2546,12.81300227976027,19.532673095299,21.7278935367819,23.22428039314995,16.40366742520424,21.521102451629076,16.13009496182345,19.12773530099464,15.515829181438098,13.5380629538649,14.759587412202352,19.086871949976327,21.9959009966027,21.986894352236536,4.95661790333012,1.753435870164205,10.199739088758738,21.39170055907628,15.507520568519816,30.68667020128292,27.17428197975876,20.9913903969805,42.34549788090294,25.232936526655187,21.912543882589222,22.29582757731616,21.989800182739955,17.539405921056268,17.597931303237132,21.919616710066062,14.28818141391939,3.85584375244879,8.66307250908374,26.54786157172083,24.67738978643938,2023_11,built-area
2547,,,,,,,,,,,,,,,,,,,,,,,,,,,,,,,,,,,,2023_11,children-camp
2548,0.0,0.0,0.0,0.0,0.0,0.0,0.0,0.0,0.0,0.0,0.0,0.0,0.0,0.0,0.0,0.0,0.0,0.0,0.0,0.0,0.0,0.0,0.0,0.0,0.0,0.0,0.0,0.0,0.0,0.0,0.0,0.0,0.0,0.0,0.0,2023_11,cidf-tenders-awarded-value
2549,0.0,0.0,0.0,0.0,0.0,0.0,0.0,0.0,0.0,0.0,0.0,0.0,0.0,0.0,0.0,3.58464258819225e-06,0.0,0.0,0.0,0.0,0.0,0.0,0.0,0.0,0.0,0.0,0.0,0.0,0.0,0.0,0.0,0.0,0.0,0.0,0.0,2023_11,clouds
2550,,,,,,,,,,,,,,,,,,,,,,,,,,,,,,,,,,,,2023_11,count
2551,0.0,0.0,0.0,0.0,0.0,0.0,0.0,0.0,0.0,0.0,0.0,0.0,0.0,0.0,0.0,0.0,0.0,0.0,0.0,0.0,0.0,0.0,0.0,0.0,0.0,0.0,0.0,0.0,0.0,0.0,0.0,0.0,0.0,0.0,0.0,2023_11,crop-area
2552,34.77527152998702,53.115174092308514,43.081676878517285,39.87347334063675,56.12263874661642,53.9577972353235,41.80341038314397,57.6139478308087,54.41830836224068,24.58412332813268,36.01737012803437,50.6661323741195,51.67930031884608,39.59934936480119,7.411819754383287,1.2420343135366083,23.52796139910944,36.26379760547847,35.95412517709405,38.46939367950876,41.60286149446442,49.12874115534136,14.133211183628369,59.13318531920358,52.62028872633751,53.61755361358087,65.17174349430036,42.21612032772426,52.41287206896256,49.23144002421417,38.8693357103284,8.8456687960696,37.523128650518046,62.02119192738156,61.68116906697584,2023_11,crops
2553,4296.624151156235,2231.5993331549903,3585.3069321814023,1247.6117514050093,2700.336576957554,3477.530108369159,1557.3606551140049,2711.0464141089856,2238.6415334905228,4159.102888381454,9491.63013988358,3889.6067327857527,7133.757644739053,3445.5268629610114,8511.666927309077,4923.29748622475,3222.517655928944,4060.318063254274,4335.474967336042,1883.330083753236,975.2407923854796,4254.719948057848,3333.953706616405,1829.807307358248,1576.5499878215094,1098.83444541599,1489.926404330648,4700.953196095703,4363.59388114963,5163.44360094801,880.805632910103,4989.53282327419,1292.455559234692,1123.7037030160088,1578.254039674223,2023_11,distance-from-river
2554,KOKRAJHAR,DHUBRI,GOALPARA,BARPETA,MORIGAON,NAGAON,SONITPUR,LAKHIMPUR,DHEMAJI,TINSUKIA,DIBRUGARH,SIVASAGAR,JORHAT,GOLAGHAT,KARBI ANGLONG,DIMA HASAO,CACHAR,KARIMGANJ,HAILAKANDI,BONGAIGAON,CHIRANG,KAMRUP,KAMRUP METRO,NALBARI,BAKSA,DARRANG,UDALGURI,CHARAIDEO,BISWANATH,HOJAI,SOUTH SALMARA MANCACHAR,WEST KARBI ANGLONG,MAJULI,BAJALI,TAMULPUR,2023_11,district
2555,0.0005623749999999,0.0006515714285714,0.0005706,0.0006465,0.0005976,0.0005747142857142,0.000571,0.0006111428571428,0.0005535,0.00057375,0.0006251428571428,0.0006055,0.0006035999999999,0.0005855,0.00041,0.00031275,0.0004408,0.0005329999999999,0.0005025,0.0005798,0.000528,0.0005858461538461,0.00044875,0.000670625,0.0005907142857142,0.0006724,0.0006286666666666,0.000603,0.0006126666666666,0.00058,0.000585,0.000439,0.0006255,0.0006813333333333,0.0006636,2023_11,drainage-density
2556,,,,,,,,,,,,,,,,,,,,,,,,,,,,,,,,,,,,2023_11,dtcode11
2557,,,,,,,,,,,,,,,,,,,,,,,,,,,,,,,,,,,,2023_11,dtname
2558,0.89223725,0.9274135714285714,0.8636692,0.873894,0.8006142,0.8778561428571428,0.832555,0.8287354285714285,0.8662709999999999,0.8173367500000001,0.8366504285714286,0.8818345,0.9324576,0.8766566666666668,0.9565656666666666,1.0,0.8667832000000001,0.962109,0.9487,0.8860340000000001,0.8911484,0.9526882307692308,1.0,0.961905625,0.8549077142857142,0.8635468,0.8250333333333333,0.8807079999999999,0.8230616666666667,0.7797956666666667,0.9147565,0.80514,0.953603,0.977035,0.8797736,2023_11,efficiency
2559,63.0,33.0,49.0,40.0,63.0,72.0,86.0,96.0,141.0,142.0,113.0,99.0,105.0,97.0,347.0,607.0,155.0,36.0,47.0,54.0,84.0,82.0,114.0,49.0,70.0,59.0,91.0,112.0,86.0,125.0,26.0,483.0,85.0,47.0,71.0,2023_11,elevation-mean
2560,0.0,0.0,0.0,0.0,0.0,0.0,0.0,0.0,0.0,0.0,0.0,0.0,0.0,0.0,0.0,0.0,0.0,0.0,0.0,0.0,0.0,0.0,0.0,0.0,0.0,0.0,0.0,0.0,0.0,0.0,0.0,0.0,0.0,0.0,0.0,2023_11,embankment-breached
2561,0.0,0.0,0.0,0.0,0.0,0.0,0.0,0.0,0.0,0.0,0.0,0.0,0.0,0.0,0.0,0.0,0.0,0.0,0.0,0.0,0.0,0.0,0.0,0.0,0.0,0.0,0.0,0.0,0.0,0.0,0.0,0.0,0.0,0.0,0.0,2023_11,embankments-affected
2562,1,2,2,3,2,4,5,1,1,5,2,2,2,2,2,1,5,3,2,1,1,1,4,1,1,3,1,1,2,5,5,3,1,1,1,2023_11,exposure
2563,,,,,,,,,,,,,,,,,,,,,,,,,,,,,,,,,,,,2023_11,female-camp
2564,2023-2024,2023-2024,2023-2024,2023-2024,2023-2024,2023-2024,2023-2024,2023-2024,2023-2024,2023-2024,2023-2024,2023-2024,2023-2024,2023-2024,2023-2024,2023-2024,2023-2024,2023-2024,2023-2024,2023-2024,2023-2024,2023-2024,2023-2024,2023-2024,2023-2024,2023-2024,2023-2024,2023-2024,2023-2024,2023-2024,2023-2024,2023-2024,2023-2024,2023-2024,2023-2024,2023_11,financial-year
2565,1,1,1,1,1,2,2,4,2,1,2,3,4,4,3,1,4,5,5,1,1,1,1,2,1,2,2,3,3,4,3,3,3,2,2,2023_11,flood-hazard
2566,,,,,,,,,,,,,,,,,,,,,,,,,,,,,,,,,,,,2023_11,flood-hazard-float
2567,0.6319548814145013,0.0264988838337595,0.1872910037294446,0.158831904668017,0.1961153522045057,1.390530397598282,0.1195075980714078,0.1324518295700244,0.1712649359439842,0.5289883082629272,0.392753765703258,0.9543536034917056,0.7424989815603891,0.4650992334585388,0.0003520763338109,0.0,0.2152261455433427,0.3384627601280647,0.5305185702806088,0.0770863053839264,0.013611502290577,0.0940553611739222,0.0947180121379085,0.1077116990742689,0.0031494346409583,0.0100595008760245,0.0,0.0461566608796366,0.4186526542872403,0.0265504009117852,0.0410408182797719,0.0127980275092552,0.3927505813793145,0.0625726025883714,0.0002513994932999,2023_11,flooded-vegetation
2568,5,5,5,5,5,5,5,5,5,5,5,5,5,5,5,5,5,5,5,5,5,1,1,5,5,5,5,5,5,5,5,5,5,5,5,2023_11,government-response
2569,163,151,154,205,116,277,158,124,73,119,169,143,106,153,30,4,176,96,87,88,68,282,52,142,109,129,15,82,100,91,69,25,32,70,67,2023_11,health-centres-count
2570,0,0,0,0,0,0,0,0,0,0,0,0,0,0,0,0,0,0,0,0,0,0,0,0,0,0,0,0,0,0,0,0,0,0,0,2023_11,human-live-lost
2571,,,,,,,,,,,,,,,,,,,,,,,,,,,,,,,,,,,,2023_11,human-live-lost-children
2572,,,,,,,,,,,,,,,,,,,,,,,,,,,,,,,,,,,,2023_11,human-live-lost-female
2573,,,,,,,,,,,,,,,,,,,,,,,,,,,,,,,,,,,,2023_11,human-live-lost-male
2574,0.0,0.0,0.0,0.0,0.0,0.0,0.0,0.0,0.0,0.0,0.0,0.0,0.0,0.0,0.0,0.0,0.0,0.0,0.0,0.0,0.0,0.0,0.0,0.0,0.0,0.0,0.0,0.0,0.0,0.0,0.0,0.0,0.0,0.0,0.0,2023_11,immediate-measures-tenders-awarded-value
2575,0.0,0.0,0.0,0.0,0.0,0.0,0.0,0.0,0.0,0.0,0.0,0.0,0.0,0.0,0.0,0.0,0.0,0.0,0.0,0.0,0.0,0.0,0.0,0.0,0.0,0.0,0.0,0.0,0.0,0.0,0.0,0.0,0.0,0.0,0.0,2023_11,inundation-intensity-mean
2576,0.0,0.0,0.0,0.0,0.0,0.0,0.0,0.0,0.0,0.0,0.0,0.0,0.0,0.0,0.0,0.0,0.0,0.0,0.0,0.0,0.0,0.0,0.0,0.0,0.0,0.0,0.0,0.0,0.0,0.0,0.0,0.0,0.0,0.0,0.0,2023_11,inundation-intensity-mean-nonzero
2577,0.0,0.0,0.0,0.0,0.0,0.0,0.0,0.0,0.0,0.0,0.0,0.0,0.0,0.0,0.0,0.0,0.0,0.0,0.0,0.0,0.0,0.0,0.0,0.0,0.0,0.0,0.0,0.0,0.0,0.0,0.0,0.0,0.0,0.0,0.0,2023_11,inundation-intensity-sum
2578,0.0,0.0,0.0,0.0,0.0,0.0,0.0,0.0,0.0,0.0,0.0,0.0,0.0,0.0,0.0,0.0,0.0,0.0,0.0,0.0,0.0,0.0,0.0,0.0,0.0,0.0,0.0,0.0,0.0,0.0,0.0,0.0,0.0,0.0,0.0,2023_11,inundation-pct
2579,0.0,0.0,0.0,0.0,0.0,0.0,0.0,0.0,0.0,0.0,0.0,0.0,0.0,0.0,0.0,0.0,0.0,0.0,0.0,0.0,0.0,0.0,0.0,0.0,0.0,0.0,0.0,0.0,0.0,0.0,0.0,0.0,0.0,0.0,0.0,2023_11,ltif-tenders-awarded-value
2580,,,,,,,,,,,,,,,,,,,,,,,,,,,,,,,,,,,,2023_11,male-camp
2581,0.01,0.01,0.01,0.01,0.03,0.05,0.04,0.06,0.06,0.02,0.03,0.03,0.07,0.07,0.09,0.08,0.16,0.17,0.16,0.0,0.01,0.02,0.01,0.0,0.01,0.01,0.04,0.02,0.03,0.06,0.04,0.06,0.03,0.01,0.0,2023_11,max-rain
2582,79.02868494142712,101.80280753365652,92.94383900653578,105.59323892727154,101.52151689605476,82.80184981421402,96.12358569934148,83.9078683433952,82.58482453454118,85.28440626816572,92.33941954273553,80.5484411209615,79.26767921681454,87.0143854317649,73.9235270160713,74.45407242468538,76.22171823123378,78.77654329987095,76.5297175055914,92.84413483394596,78.73454361714819,88.47737641290556,90.33791694141864,81.3350244170581,77.2968865972734,93.73693822422564,78.06937273928872,76.99096084367254,87.73877652848734,76.69919006241047,135.19869279538494,74.5890767941101,111.4923918776678,77.2774448783579,78.49346327750206,2023_11,mean-cn
2583,-0.1850835517203444,-0.1956678468128085,-0.0752289160580391,-0.1259758431129314,-0.1525422918570213,-0.2334060994513962,-0.2958093379321799,-0.1454879068376235,-0.1528966620435803,-0.2370712643210324,-0.2596744701582269,-0.1377507066314716,-0.0452071219857272,-0.0185237128240636,-0.1538110041309242,-0.1769310836542678,-0.1449437193717487,-0.1770583584700904,-0.1456127027439684,-0.0626237020527392,-0.1348368288284448,-0.1490368487693198,-0.0608214502201025,-0.1494417894853278,-0.1389498704984372,-0.1107711037677772,-0.0851231711544214,-0.2632697761086836,-0.0958510980054095,-0.0674460567516172,-0.315793915109311,-0.2054044169764365,-0.1535157206055453,-0.096328354598843,-0.1380725875553354,2023_11,mean-ndbi
2584,0.5948139321370294,0.348896367458991,0.4443305559075822,0.4060782106516059,0.3931257249132537,0.5225512831831975,0.3489793821476288,0.5277800419109677,0.5476224430007779,0.59180938265601,0.4618180009758691,0.4644053150982432,0.4627769425735512,0.4058412483095104,0.6139901362790255,0.5922850425667504,0.6137813238556584,0.5207142996056586,0.5455609121536247,0.441657221470901,0.5982681700048228,0.535696030303154,0.3739631313957174,0.5060000290828183,0.5738038000103506,0.3716188262889552,0.3784167883298902,0.6414649445428332,0.5171434705886266,0.4512366167861031,0.1825243453219916,0.5504271476499496,0.1833250095828774,0.5252079689570389,0.5127752558954477,2023_11,mean-ndvi
2585,0.0,0.0,0.0,0.0,0.01,0.02,0.01,0.03,0.03,0.02,0.02,0.02,0.03,0.04,0.04,0.05,0.07,0.13,0.14,0.0,0.0,0.0,0.01,0.0,0.0,0.0,0.0,0.02,0.02,0.05,0.02,0.04,0.02,0.0,0.0,2023_11,mean-rain
2586,0.94,0.94,0.94,0.94,0.95,0.94,0.93,0.94,0.93,0.93,0.94,0.93,0.94,0.94,0.92,0.91,0.94,0.94,0.93,0.95,0.95,0.93,0.91,0.93,0.95,0.93,0.94,0.93,0.93,0.94,0.94,0.93,0.94,0.94,0.95,2023_11,mean-sex-ratio
2587,78683.46309,83470.903,78088.12,79714.84605,75490.3523,87424.20199999999,71470.137,90513.46103,104651.240916,68512.0013,81437.447,43095.76595,54183.314,128914.321604,35388.58,27888.17,66721.37,42827.17595,35287.21,42395.395,27850.66,74001.84561,6039.38,44021.984,58167.37587,76196.45569999999,93034.31635285716,23849.9,71288.401,78621.26999999999,17419.61,48488.349,16642.66,23559.76,71015.57777333334,2023_11,net-sown-area-in-hac
2588,0.0,78690240.0,0.0,0.0,0.0,0.0,17099871.0,0.0,0.0,0.0,0.0,0.0,0.0,0.0,0.0,0.0,0.0,0.0,0.0,0.0,327178643.25,0.0,43653600.0,0.0,0.0,0.0,0.0,75750000.0,0.0,0.0,0.0,0.0,0.0,0.0,10026360.0,2023_11,others-tenders-awarded-value
2589,0.0,0.0,0.0,0.0,0.0,0.0,0.0,0.0,0.0,0.0,0.0,0.0,0.0,0.0,0.0,0.0,0.0,0.0,0.0,0.0,0.0,0.0,0.0,0.0,0.0,0.0,0.0,0.0,0.0,0.0,0.0,0.0,0.0,0.0,0.0,2023_11,population-affected-total
2590,62.0,342.0,34.0,5.0,10.0,45.0,35.0,38.0,77.0,43.0,49.0,27.0,41.0,43.0,32.0,146.0,46.0,45.0,28.0,81.0,8.0,45.0,80.0,11.0,0.0,0.0,24.0,24.0,19.0,30.0,0.0,0.0,0.0,9.0,6.0,2023_11,rail-count
2591,145613.0,139561.0,78425.0,17621.0,30884.0,174517.0,138494.0,108334.0,121454.0,119685.0,123774.0,73292.0,86126.0,117155.0,73424.0,172636.0,103488.0,117739.0,90281.0,82273.0,24548.0,109026.0,89510.0,30164.0,0.0,0.0,66114.0,80492.0,74271.0,75327.0,0.0,0.0,0.0,28139.0,18201.0,2023_11,rail-length
2592,3.4316022053394977,4.631771110776882,2.480076935955142,5.151738720707723,2.354508450862955,3.2259908629471004,6.684978657038228,2.258072376681141,3.8582144101230815,8.866465988479138,4.572728216035082,4.295512834683773,2.2626972241491186,8.208069269494366,2.31529174859903,4.1864981782576525,2.6560880085077523,1.7641347979211102,1.770884178922499,3.135483500152478,4.194584231618326,2.2630850065840784,1.5105626549677873,0.7437163841109358,3.775269655645464,3.0578666985892866,1.1021045667816776,1.8759862480289105,5.527102633434499,1.123268335953194,8.68864710677468,5.07007759276236,13.02218904136665,0.1139183961385548,1.193505835288304,2023_11,rangeland
2593,3131,1557,1979,1848,1512,2564,3445,2998,2483,3810,3379,1567,1865,3523,7337,4884,3783,1839,1329,1088,1926,3283,834,1036,1526,1611,1987,1073,1783,1456,684,3073,970,470,877,2023_11,rc-area
2594,22.9,25.01,25.42,15.04,15.81,23.51,13.19,16.32,20.87,24.89,12.8,8.96,12.07,15.06,23.47,23.25,15.87,14.25,19.26,12.86,25.35,9.48,11.61,21.25,15.46,13.0,15.96,19.71,28.46,27.66,28.09,28.84,17.28,9.75,12.15,2023_11,rc-nosanitation-hhds-pct
2595,2.85,1.19,3.55,2.25,3.35,4.98,6.04,2.83,2.26,3.42,4.19,6.81,14.25,7.18,1.95,6.36,8.53,5.57,4.01,2.04,1.03,3.32,11.46,9.66,2.8,5.1,3.07,3.8,4.2,5.27,3.57,0.24,4.95,6.03,5.78,2023_11,rc-piped-hhds-pct
2596,,,,,,,,,,,,,,,,,,,,,,,,,,,,,,,,,,,,2023_11,relief-camp-inmates
2597,0.0,0.0,0.0,0.0,0.0,0.0,0.0,0.0,0.0,0.0,0.0,0.0,0.0,0.0,0.0,0.0,0.0,0.0,0.0,0.0,0.0,0.0,0.0,0.0,0.0,0.0,0.0,0.0,0.0,0.0,0.0,0.0,0.0,0.0,0.0,2023_11,restoration-measures-tenders-awarded-value
2598,,,,,,,,,,,,,,,,,,,,,,,,,,,,,,,,,,,,2023_11,revenue-ci
2599,0.0,78690240.0,0.0,0.0,0.0,0.0,0.0,0.0,0.0,0.0,0.0,0.0,0.0,0.0,0.0,0.0,0.0,0.0,0.0,0.0,0.0,0.0,43653600.0,0.0,0.0,0.0,0.0,75750000.0,0.0,0.0,0.0,0.0,0.0,0.0,0.0,2023_11,ridf-tenders-awarded-value
2600,1,2,1,2,2,3,3,4,3,3,3,4,4,5,3,1,5,5,5,1,1,1,1,2,2,2,3,3,4,5,4,4,3,2,2,2023_11,risk-score
2601,40.53,31.96,44.65,42.95,49.95,54.64,75.91,92.96,0.0,132.14,117.78,94.6,82.35,128.59,0.0,131.2,22.53,19.94,25.3,51.09,52.98,49.87,50.7,50.5,0.0,0.0,0.0,98.54,0.0,0.0,0.0,747.6,0.0,0.0,162.11,2023_11,riverlevel-max
2602,5.061346153846154,11.976357927786498,15.006010989010989,7.122967032967034,19.350153846153848,7.767299843014128,33.99298076923077,37.64047095761381,0.0,63.92400671550672,30.70102564102564,68.84521978021978,16.326681318681317,45.06249084249084,0.0,32.792609890109894,14.226706586082472,10.57310598016216,11.611500929470033,9.67342857142857,10.591076923076924,7.530845308537616,23.20788461538461,6.307184065934066,0.0,0.0,0.0,32.700769230769225,0.0,0.0,0.0,406.72478021978026,0.0,0.0,45.49935164835165,2023_11,riverlevel-mean
2603,0.0,0.0,0.0,0.0,0.0,0.0,0.0,0.0,0.0,0.0,0.0,0.0,0.0,0.0,0.0,0.0,0.77,0.0,0.0,0.0,0.0,0.0,0.0,0.0,0.0,0.0,0.0,0.0,0.0,0.0,0.0,65.0,0.0,0.0,0.0,2023_11,riverlevel-min
2604,858892.0,705770.0,1011509.0,725891.0,634621.0,1331470.0,745620.0,804067.0,578686.0,1211943.0,1453600.0,700651.0,736030.0,1389863.0,752361.0,843185.0,988230.0,615579.0,483931.0,654117.0,547046.0,1589070.0,746938.0,450865.0,429399.0,767150.0,650574.0,485197.0,574075.0,560100.0,78936.0,457481.0,54196.0,461489.0,294016.0,2023_11,road-length
2605,0.0,0.0,0.0,0.0,0.0,0.0,0.0,0.0,0.0,0.0,0.0,0.0,0.0,0.0,0.0,0.0,0.0,0.0,0.0,0.0,0.0,0.0,0.0,0.0,0.0,0.0,0.0,0.0,0.0,0.0,0.0,0.0,0.0,0.0,0.0,2023_11,roads
2606,2788,3147,2578,2904,1994,3284,2025,3519,2301,1950,2431,1838,2072,2507,1757,1063,3322,3188,3016,1463,1336,3463,1151,1817,1497,1858,1795,1007,1291,1320,1381,925,805,813,995,2023_11,schools-count
2607,0.0,0.0,0.0,0.0,0.0,0.0,0.0,0.0,0.0,0.0,0.0,0.0,0.0,0.0,0.0,0.0,0.0,0.0,0.0,0.0,0.0,0.0,0.0,0.0,0.0,0.0,0.0,0.0,0.0,0.0,0.0,0.0,0.0,0.0,0.0,2023_11,sdrf-sanctions-awarded-value
2608,0.0,0.0,0.0,0.0,0.0,0.0,0.0,0.0,0.0,0.0,0.0,0.0,0.0,0.0,0.0,0.0,0.0,0.0,0.0,0.0,0.0,0.0,0.0,0.0,0.0,0.0,0.0,0.0,0.0,0.0,0.0,0.0,0.0,0.0,0.0,2023_11,sdrf-tenders-awarded-value
2609,84.0,81.0,84.0,78.0,81.0,86.0,82.0,84.0,84.0,83.0,79.0,85.0,85.0,84.0,89.0,90.0,88.0,86.0,87.0,84.0,85.0,83.0,85.0,83.0,85.0,82.0,85.0,84.0,83.0,88.0,75.0,89.0,78.0,85.0,85.0,2023_11,slope-mean
2610,0.0,0.0,0.0,0.0,0.0,0.0,0.0,0.0,0.0,0.0,0.0,0.0,0.0,0.0,0.0,0.0,0.0,0.0,0.0,0.0,0.0,0.0,18804754.0,0.0,0.0,0.0,0.0,0.0,0.0,0.0,0.0,0.0,0.0,0.0,0.0,2023_11,sopd-tenders-awarded-value
2611,59707.0,44385.0,48154.0,70498.0,43994.0,101486.0,70953.0,60397.0,33716.0,81010.0,67434.0,44943.0,51670.0,73114.0,36768.0,11232.0,111691.0,87426.0,29638.0,35950.0,32886.0,76059.0,54254.0,43534.0,27022.0,56778.0,40272.0,17176.0,32641.0,48429.0,25076.0,24839.0,7555.0,12625.0,21929.0,2023_11,sum-aged-population
2612,1289251.0,1401030.0,1082272.0,1613275.0,1149616.0,2379170.0,1468618.0,1170535.0,707830.0,1415005.0,1500165.0,781776.0,1001168.0,1309191.0,708329.0,290661.0,2132069.0,1411746.0,776915.0,813460.0,614679.0,1644335.0,1366878.0,970177.0,725061.0,1170309.0,873216.0,497844.0,664801.0,1130389.0,547844.0,368151.0,165704.0,322294.0,503297.0,2023_11,sum-population
2613,0.47,3.65,5.07,2.12,10.09,41.24,43.96,77.78,41.79,54.88,47.29,32.72,56.42,117.45,277.15,228.29,265.39,213.99,161.61,0.82,2.65,11.15,4.05,0.51,8.79,4.04,3.77,16.64,35.2,64.09,12.81,111.09,17.95,1.59,0.59,2023_11,sum-rain
2614,121859.0,109709.0,110964.0,139208.0,90493.0,191488.0,120806.0,107647.0,64106.0,140856.0,98881.0,58125.0,57601.0,107241.0,84566.0,25933.0,187658.0,167030.0,62145.0,69199.0,62848.0,108586.0,64714.0,49888.0,37905.0,113188.0,68495.0,22488.0,55200.0,91919.0,59374.0,55356.0,8826.0,24080.0,31356.0,2023_11,sum-young-population
2615,,,,,,,,,,,,,,,,,,,,,,,,,,,,,,,,,,,,2023_11,topsis-score
2616,0.0,0.0,0.0,0.0,0.0,0.0,0.0,0.0,0.0,0.0,0.0,0.0,0.0,0.0,0.0,0.0,0.0,0.0,0.0,0.0,0.0,0.0,0.0,0.0,0.0,0.0,0.0,0.0,0.0,0.0,0.0,0.0,0.0,0.0,0.0,2023_11,total-animal-affected
2617,0.0,0.0,0.0,0.0,0.0,0.0,0.0,0.0,0.0,0.0,0.0,0.0,0.0,0.0,0.0,0.0,0.0,0.0,0.0,0.0,0.0,0.0,0.0,0.0,0.0,0.0,0.0,0.0,0.0,0.0,0.0,0.0,0.0,0.0,0.0,2023_11,total-animal-washed-away
2618,214904.0,377710.0,240459.0,393378.0,267778.0,527427.0,318730.0,266928.0,195025.0,318555.0,311523.0,172096.0,272707.0,275841.0,103131.0,30119.0,416101.0,256161.0,165784.0,185414.0,105445.0,408132.0,327221.0,233278.0,132203.0,231859.0,185739.0,108235.0,150938.0,214866.0,202538.0,52339.0,39239.0,77895.0,112690.0,2023_11,total-hhd
2619,0.0,0.0,0.0,0.0,0.0,0.0,0.0,0.0,0.0,0.0,0.0,0.0,0.0,0.0,0.0,0.0,0.0,0.0,0.0,0.0,0.0,0.0,0.0,0.0,0.0,0.0,0.0,0.0,0.0,0.0,0.0,0.0,0.0,0.0,0.0,2023_11,total-house-fully-damaged
2620,0.0,78690240.0,0.0,0.0,0.0,5489835.0,17099871.0,0.0,0.0,0.0,0.0,0.0,0.0,0.0,0.0,0.0,0.0,0.0,0.0,0.0,327178643.25,0.0,72439954.0,0.0,0.0,0.0,0.0,75750000.0,0.0,0.0,0.0,0.0,0.0,0.0,10026360.0,2023_11,total-tender-awarded-value
2621,45.15733260910527,6.295669443200221,21.316097456778483,1.441097958859923,7.1631365256988335,13.130603256074064,16.32433289018804,11.298052164659342,17.488013427436147,43.15625777286193,25.92105688247573,21.1422424318834,21.393395288013565,18.82660027045509,85.07154964982493,92.29569010169598,60.353704961758446,36.26565971971056,43.36511709357278,14.16548230227064,22.370298121065755,20.81245902591373,35.957924938067336,7.207882563668975,19.429144582194063,5.091573205520924,9.495156980657285,37.10315796607807,13.32930413132909,26.15250229961493,2.169503904800628,81.478893902149,4.161078533221625,7.849966625084857,8.614991753163086,2023_11,trees
2622,3,2,3,3,5,3,4,4,3,4,4,3,2,3,1,1,3,1,1,3,3,2,1,1,3,3,4,3,4,5,2,4,1,1,3,2023_11,vulnerability
2623,2.4617055111690327,10.115460917273063,6.207572669407478,19.70640050356963,9.58491402716118,5.550454557373425,8.41149019386846,6.337148039526079,3.805855965824301,4.013904962898205,6.674014110059943,2.8447155589171693,1.410571184292094,5.40871019375055,0.2385064220558348,0.4601232903128437,2.9642427952048047,3.969055099568677,2.862004953550255,8.754941065871378,2.340754471421925,4.391433165646533,5.607689436614821,6.220920042266077,1.5204914146888506,8.466562659136839,1.1728439049845485,1.2189664170576533,5.371808847044157,1.414204943735177,22.12940719553415,0.690618804561425,13.378961466416229,3.346661983939757,2.390924968958241,2023_11,water
2624,9.0,7.5,8.9,8.0,7.2,9.8,9.8,8.3,7.0,8.6,10.2,10.4,10.3,8.8,7.2,8.1,9.8,9.8,9.5,9.1,8.2,10.1,12.1,10.5,9.0,9.2,8.3,8.6,8.9,8.0,6.7,5.8,9.4,7.0,11.6,2023_12,avg-electricity
2625,2.2,2.6,2.0,2.0,2.4,2.0,2.2,2.4,2.0,2.0,2.0,2.2,2.2,2.3,2.0,2.5,2.2,2.4,2.0,2.2,2.2,2.4,2.5,2.1,2.3,2.0,2.2,2.0,2.3,2.3,2.0,2.0,2.5,2.3,2.2,2023_12,avg-tele
2626,0.7291309832244668,6.282752457308544,4.999391518830241,10.444177178408005,8.175019472251908,1.2235212390545087,10.52618531586649,3.2325924577600795,4.742513716993724,5.312196685500217,11.662489485489248,1.0101712469281114,0.5156360065359646,5.505277315803769,0.0058624454729746,0.0622146613901976,0.083037601117575,0.0071894581167785,0.0098294580600155,4.710942945529917,2.3036081993801845,2.3188358883598714,0.3503958936808835,1.3536474650209336,0.7391123039039552,7.460556744979987,1.0683508705361642,0.0002064591751955,5.342328361705498,0.1324172855045991,13.813883850363,0.0460991244995262,22.8588192180144,0.0578268931460054,1.441767189681854,2023_12,bare-ground
2627,0.0,0.0,0.0,0.0,0.0,0.0,0.0,0.0,0.0,0.0,0.0,0.0,0.0,0.0,0.0,0.0,0.0,0.0,0.0,0.0,0.0,0.0,0.0,0.0,0.0,0.0,0.0,0.0,0.0,0.0,0.0,0.0,0.0,0.0,0.0,2023_12,bridge
2628,12.81300227976027,19.532673095299,21.7278935367819,23.22428039314995,16.40366742520424,21.521102451629076,16.13009496182345,19.12773530099464,15.515829181438098,13.5380629538649,14.759587412202352,19.086871949976327,21.9959009966027,21.986894352236536,4.95661790333012,1.753435870164205,10.199739088758738,21.39170055907628,15.507520568519816,30.68667020128292,27.17428197975876,20.9913903969805,42.34549788090294,25.232936526655187,21.912543882589222,22.29582757731616,21.989800182739955,17.539405921056268,17.597931303237132,21.919616710066062,14.28818141391939,3.85584375244879,8.66307250908374,26.54786157172083,24.67738978643938,2023_12,built-area
2629,,,,,,,,,,,,,,,,,,,,,,,,,,,,,,,,,,,,2023_12,children-camp
2630,0.0,0.0,0.0,0.0,0.0,0.0,0.0,0.0,0.0,0.0,0.0,0.0,0.0,0.0,0.0,0.0,0.0,0.0,0.0,0.0,0.0,0.0,0.0,0.0,0.0,0.0,0.0,0.0,0.0,0.0,0.0,0.0,0.0,0.0,0.0,2023_12,cidf-tenders-awarded-value
2631,0.0,0.0,0.0,0.0,0.0,0.0,0.0,0.0,0.0,0.0,0.0,0.0,0.0,0.0,0.0,3.58464258819225e-06,0.0,0.0,0.0,0.0,0.0,0.0,0.0,0.0,0.0,0.0,0.0,0.0,0.0,0.0,0.0,0.0,0.0,0.0,0.0,2023_12,clouds
2632,,,,,,,,,,,,,,,,,,,,,,,,,,,,,,,,,,,,2023_12,count
2633,0.0,0.0,0.0,0.0,0.0,0.0,0.0,0.0,0.0,0.0,0.0,0.0,0.0,0.0,0.0,0.0,0.0,0.0,0.0,0.0,0.0,0.0,0.0,0.0,0.0,0.0,0.0,0.0,0.0,0.0,0.0,0.0,0.0,0.0,0.0,2023_12,crop-area
2634,34.77527152998702,53.115174092308514,43.081676878517285,39.87347334063675,56.12263874661642,53.9577972353235,41.80341038314397,57.6139478308087,54.41830836224068,24.58412332813268,36.01737012803437,50.6661323741195,51.67930031884608,39.59934936480119,7.411819754383287,1.2420343135366083,23.52796139910944,36.26379760547847,35.95412517709405,38.46939367950876,41.60286149446442,49.12874115534136,14.133211183628369,59.13318531920358,52.62028872633751,53.61755361358087,65.17174349430036,42.21612032772426,52.41287206896256,49.23144002421417,38.8693357103284,8.8456687960696,37.523128650518046,62.02119192738156,61.68116906697584,2023_12,crops
2635,4296.624151156235,2231.5993331549903,3585.3069321814023,1247.6117514050093,2700.336576957554,3477.5301083691584,1557.3606551140049,2711.046414108986,2238.6415334905228,4159.102888381454,9491.630139883577,3889.6067327857527,7133.757644739055,3445.5268629610114,8511.666927309077,4923.29748622475,3222.517655928944,4060.318063254274,4335.474967336042,1883.330083753236,975.2407923854796,4254.719948057848,3333.953706616405,1829.807307358248,1576.5499878215094,1098.83444541599,1489.926404330648,4700.953196095703,4363.59388114963,5163.44360094801,880.805632910103,4989.53282327419,1292.455559234692,1123.7037030160088,1578.254039674223,2023_12,distance-from-river
2636,KOKRAJHAR,DHUBRI,GOALPARA,BARPETA,MORIGAON,NAGAON,SONITPUR,LAKHIMPUR,DHEMAJI,TINSUKIA,DIBRUGARH,SIVASAGAR,JORHAT,GOLAGHAT,KARBI ANGLONG,DIMA HASAO,CACHAR,KARIMGANJ,HAILAKANDI,BONGAIGAON,CHIRANG,KAMRUP,KAMRUP METRO,NALBARI,BAKSA,DARRANG,UDALGURI,CHARAIDEO,BISWANATH,HOJAI,SOUTH SALMARA MANCACHAR,WEST KARBI ANGLONG,MAJULI,BAJALI,TAMULPUR,2023_12,district
2637,0.0005623749999999,0.0006515714285714,0.0005706,0.0006465,0.0005976,0.0005747142857142,0.000571,0.0006111428571428,0.0005535,0.00057375,0.0006251428571428,0.0006055,0.0006035999999999,0.0005855,0.00041,0.00031275,0.0004408,0.0005329999999999,0.0005025,0.0005798,0.000528,0.0005858461538461,0.00044875,0.000670625,0.0005907142857142,0.0006724,0.0006286666666666,0.000603,0.0006126666666666,0.00058,0.000585,0.000439,0.0006255,0.0006813333333333,0.0006636,2023_12,drainage-density
2638,,,,,,,,,,,,,,,,,,,,,,,,,,,,,,,,,,,,2023_12,dtcode11
2639,,,,,,,,,,,,,,,,,,,,,,,,,,,,,,,,,,,,2023_12,dtname
2640,0.89223725,0.9274135714285714,0.8636692,0.873894,0.8006142,0.8778561428571428,0.832555,0.8287354285714285,0.8662709999999999,0.8173367500000001,0.8366504285714286,0.8818345,0.9324576,0.8766566666666668,0.9565656666666666,1.0,0.8667832000000001,0.962109,0.9487,0.8860340000000001,0.8911484,0.9526882307692308,1.0,0.961905625,0.8549077142857142,0.8635468,0.8250333333333333,0.8807079999999999,0.8230616666666667,0.7797956666666667,0.9147565,0.80514,0.953603,0.977035,0.8797736,2023_12,efficiency
2641,63.0,33.0,49.0,40.0,63.0,72.0,86.0,96.0,141.0,142.0,113.0,99.0,105.0,97.0,347.0,607.0,155.0,36.0,47.0,54.0,84.0,82.0,114.0,49.0,70.0,59.0,91.0,112.0,86.0,125.0,26.0,483.0,85.0,47.0,71.0,2023_12,elevation-mean
2642,0.0,0.0,0.0,0.0,0.0,0.0,0.0,0.0,0.0,0.0,0.0,0.0,0.0,0.0,0.0,0.0,0.0,0.0,0.0,0.0,0.0,0.0,0.0,0.0,0.0,0.0,0.0,0.0,0.0,0.0,0.0,0.0,0.0,0.0,0.0,2023_12,embankment-breached
2643,0.0,0.0,0.0,0.0,0.0,0.0,0.0,0.0,0.0,0.0,0.0,0.0,0.0,0.0,0.0,0.0,0.0,0.0,0.0,0.0,0.0,0.0,0.0,0.0,0.0,0.0,0.0,0.0,0.0,0.0,0.0,0.0,0.0,0.0,0.0,2023_12,embankments-affected
2644,1,2,2,3,2,4,5,1,1,5,2,2,2,2,2,1,5,3,2,1,1,1,4,1,1,3,1,1,2,5,5,3,1,1,1,2023_12,exposure
2645,,,,,,,,,,,,,,,,,,,,,,,,,,,,,,,,,,,,2023_12,female-camp
2646,2023-2024,2023-2024,2023-2024,2023-2024,2023-2024,2023-2024,2023-2024,2023-2024,2023-2024,2023-2024,2023-2024,2023-2024,2023-2024,2023-2024,2023-2024,2023-2024,2023-2024,2023-2024,2023-2024,2023-2024,2023-2024,2023-2024,2023-2024,2023-2024,2023-2024,2023-2024,2023-2024,2023-2024,2023-2024,2023-2024,2023-2024,2023-2024,2023-2024,2023-2024,2023-2024,2023_12,financial-year
2647,1,2,1,1,1,2,1,3,2,4,3,3,4,5,3,2,3,5,4,1,1,1,1,1,1,1,1,3,3,4,5,3,4,1,1,2023_12,flood-hazard
2648,,,,,,,,,,,,,,,,,,,,,,,,,,,,,,,,,,,,2023_12,flood-hazard-float
2649,0.6319548814145013,0.0264988838337595,0.1872910037294446,0.158831904668017,0.1961153522045057,1.390530397598282,0.1195075980714078,0.1324518295700244,0.1712649359439842,0.5289883082629272,0.392753765703258,0.9543536034917056,0.7424989815603891,0.4650992334585388,0.0003520763338109,0.0,0.2152261455433427,0.3384627601280647,0.5305185702806088,0.0770863053839264,0.013611502290577,0.0940553611739222,0.0947180121379085,0.1077116990742689,0.0031494346409583,0.0100595008760245,0.0,0.0461566608796366,0.4186526542872403,0.0265504009117852,0.0410408182797719,0.0127980275092552,0.3927505813793145,0.0625726025883714,0.0002513994932999,2023_12,flooded-vegetation
2650,5,5,5,5,5,5,5,5,5,5,5,5,5,5,5,5,5,5,5,5,5,1,1,5,5,5,5,5,5,5,5,5,5,5,5,2023_12,government-response
2651,163,151,154,205,116,277,158,124,73,119,169,143,106,153,30,4,176,96,87,88,68,282,52,142,109,129,15,82,100,91,69,25,32,70,67,2023_12,health-centres-count
2652,0,0,0,0,0,0,0,0,0,0,0,0,0,0,0,0,0,0,0,0,0,0,0,0,0,0,0,0,0,0,0,0,0,0,0,2023_12,human-live-lost
2653,,,,,,,,,,,,,,,,,,,,,,,,,,,,,,,,,,,,2023_12,human-live-lost-children
2654,,,,,,,,,,,,,,,,,,,,,,,,,,,,,,,,,,,,2023_12,human-live-lost-female
2655,,,,,,,,,,,,,,,,,,,,,,,,,,,,,,,,,,,,2023_12,human-live-lost-male
2656,0.0,0.0,0.0,0.0,0.0,0.0,0.0,0.0,0.0,0.0,0.0,0.0,0.0,0.0,0.0,0.0,0.0,0.0,0.0,0.0,0.0,0.0,0.0,0.0,0.0,22765671.0,0.0,0.0,0.0,0.0,28276200.0,0.0,0.0,0.0,0.0,2023_12,immediate-measures-tenders-awarded-value
2657,0.0,0.0,0.0,0.0,0.0,0.0,0.0,0.0,0.0,0.0,0.0,0.0,0.0,0.0,0.0,0.0,0.0,0.0,0.0,0.0,0.0,0.0,0.0,0.0,0.0,0.0,0.0,0.0,0.0,0.0,0.0,0.0,0.0,0.0,0.0,2023_12,inundation-intensity-mean
2658,0.0,0.0,0.0,0.0,0.0,0.0,0.0,0.0,0.0,0.0,0.0,0.0,0.0,0.0,0.0,0.0,0.0,0.0,0.0,0.0,0.0,0.0,0.0,0.0,0.0,0.0,0.0,0.0,0.0,0.0,0.0,0.0,0.0,0.0,0.0,2023_12,inundation-intensity-mean-nonzero
2659,0.0,0.0,0.0,0.0,0.0,0.0,0.0,0.0,0.0,0.0,0.0,0.0,0.0,0.0,0.0,0.0,0.0,0.0,0.0,0.0,0.0,0.0,0.0,0.0,0.0,0.0,0.0,0.0,0.0,0.0,0.0,0.0,0.0,0.0,0.0,2023_12,inundation-intensity-sum
2660,0.0,0.0,0.0,0.0,0.0,0.0,0.0,0.0,0.0,0.0,0.0,0.0,0.0,0.0,0.0,0.0,0.0,0.0,0.0,0.0,0.0,0.0,0.0,0.0,0.0,0.0,0.0,0.0,0.0,0.0,0.0,0.0,0.0,0.0,0.0,2023_12,inundation-pct
2661,0.0,0.0,0.0,0.0,0.0,0.0,0.0,0.0,0.0,0.0,0.0,0.0,0.0,0.0,0.0,0.0,0.0,0.0,0.0,0.0,0.0,0.0,0.0,0.0,0.0,0.0,0.0,0.0,0.0,0.0,0.0,0.0,0.0,0.0,0.0,2023_12,ltif-tenders-awarded-value
2662,,,,,,,,,,,,,,,,,,,,,,,,,,,,,,,,,,,,2023_12,male-camp
2663,0.03,0.03,0.01,0.01,0.03,0.05,0.04,0.06,0.06,0.07,0.05,0.04,0.08,0.08,0.09,0.07,0.06,0.11,0.09,0.01,0.02,0.05,0.03,0.01,0.01,0.01,0.02,0.05,0.05,0.07,0.08,0.07,0.05,0.0,0.01,2023_12,max-rain
2664,79.02868494142712,101.80280753365652,92.94383900653578,105.59323892727154,101.52151689605476,82.80184981421402,96.12358569934148,83.9078683433952,82.58482453454118,85.28440626816572,92.33941954273553,80.5484411209615,79.26767921681454,87.0143854317649,73.9235270160713,74.45407242468538,76.22171823123378,78.77654329987095,76.5297175055914,92.84413483394596,78.73454361714819,88.47737641290556,90.33791694141864,81.3350244170581,77.2968865972734,93.73693822422564,78.06937273928872,76.99096084367254,87.73877652848734,76.69919006241047,135.19869279538494,74.5890767941101,111.4923918776678,77.2774448783579,78.49346327750206,2023_12,mean-cn
2665,-0.1850835517203444,-0.1956678468128085,-0.0752289160580391,-0.1259758431129314,-0.1525422918570213,-0.2334060994513962,-0.2958093379321799,-0.1454879068376235,-0.1528966620435803,-0.2370712643210324,-0.2596744701582269,-0.1377507066314716,-0.0452071219857272,-0.0185237128240636,-0.1538110041309242,-0.1769310836542678,-0.1449437193717487,-0.1770583584700904,-0.1456127027439684,-0.0626237020527392,-0.1348368288284448,-0.1490368487693198,-0.0608214502201025,-0.1494417894853278,-0.1389498704984372,-0.1107711037677772,-0.0851231711544214,-0.2632697761086836,-0.0958510980054095,-0.0674460567516172,-0.315793915109311,-0.2054044169764365,-0.1535157206055453,-0.096328354598843,-0.1380725875553354,2023_12,mean-ndbi
2666,0.5948139321370294,0.348896367458991,0.4443305559075822,0.4060782106516059,0.3931257249132537,0.5225512831831975,0.3489793821476288,0.5277800419109678,0.5476224430007779,0.59180938265601,0.4618180009758691,0.4644053150982432,0.4627769425735512,0.4058412483095104,0.6139901362790255,0.5922850425667504,0.6137813238556584,0.5207142996056586,0.5455609121536247,0.441657221470901,0.5982681700048228,0.535696030303154,0.3739631313957174,0.5060000290828183,0.5738038000103506,0.3716188262889552,0.3784167883298902,0.6414649445428332,0.5171434705886266,0.4512366167861031,0.1825243453219916,0.5504271476499496,0.1833250095828774,0.5252079689570389,0.5127752558954477,2023_12,mean-ndvi
2667,0.01,0.01,0.01,0.0,0.01,0.02,0.01,0.03,0.03,0.03,0.03,0.03,0.05,0.05,0.04,0.05,0.05,0.05,0.06,0.01,0.01,0.01,0.01,0.0,0.0,0.01,0.01,0.03,0.03,0.04,0.04,0.04,0.03,0.0,0.01,2023_12,mean-rain
2668,0.94,0.94,0.94,0.94,0.95,0.94,0.93,0.94,0.93,0.93,0.94,0.93,0.94,0.94,0.92,0.91,0.94,0.94,0.93,0.95,0.95,0.93,0.91,0.93,0.95,0.93,0.94,0.93,0.93,0.94,0.94,0.93,0.94,0.94,0.95,2023_12,mean-sex-ratio
2669,78683.46309,83470.903,78088.12,79714.84605,75490.3523,87424.202,71470.137,90513.46103,104651.240916,68512.0013,81437.447,43095.76595,54183.314,128914.321604,35388.58,27888.17,66721.37000000001,42827.17595,35287.21,42395.395,27850.66,74001.84561,6039.38,44021.984,58167.37587,76196.45569999999,93034.31635285716,23849.9,71288.401,78621.26999999999,17419.61,48488.349,16642.66,23559.76,71015.57777333334,2023_12,net-sown-area-in-hac
2670,17262264.0,0.0,0.0,0.0,0.0,0.0,0.0,0.0,9466085.0,0.0,0.0,0.0,0.0,0.0,0.0,0.0,0.0,0.0,0.0,0.0,17035377.5,0.0,17098973.0,0.0,0.0,0.0,17525615.0,0.0,0.0,0.0,0.0,0.0,0.0,0.0,46089655.0,2023_12,others-tenders-awarded-value
2671,0.0,0.0,0.0,0.0,0.0,0.0,0.0,0.0,0.0,0.0,0.0,0.0,0.0,0.0,0.0,0.0,0.0,0.0,0.0,0.0,0.0,0.0,0.0,0.0,0.0,0.0,0.0,0.0,0.0,0.0,0.0,0.0,0.0,0.0,0.0,2023_12,population-affected-total
2672,62.0,342.0,34.0,5.0,10.0,45.0,35.0,38.0,77.0,43.0,49.0,27.0,41.0,43.0,32.0,146.0,46.0,45.0,28.0,81.0,8.0,45.0,80.0,11.0,0.0,0.0,24.0,24.0,19.0,30.0,0.0,0.0,0.0,9.0,6.0,2023_12,rail-count
2673,145613.0,139561.0,78425.0,17621.0,30884.0,174517.0,138494.0,108334.0,121454.0,119685.0,123774.0,73292.0,86126.0,117155.0,73424.0,172636.0,103488.0,117739.0,90281.0,82273.0,24548.0,109026.0,89510.0,30164.0,0.0,0.0,66114.0,80492.0,74271.0,75327.0,0.0,0.0,0.0,28139.0,18201.0,2023_12,rail-length
2674,3.4316022053394977,4.631771110776882,2.480076935955142,5.151738720707722,2.354508450862955,3.2259908629471004,6.684978657038228,2.258072376681141,3.8582144101230815,8.866465988479138,4.572728216035082,4.295512834683773,2.2626972241491186,8.208069269494366,2.31529174859903,4.1864981782576525,2.6560880085077523,1.7641347979211102,1.770884178922499,3.135483500152478,4.194584231618326,2.2630850065840784,1.5105626549677873,0.7437163841109359,3.775269655645464,3.057866698589287,1.1021045667816776,1.8759862480289105,5.527102633434499,1.123268335953194,8.68864710677468,5.07007759276236,13.02218904136665,0.1139183961385548,1.193505835288304,2023_12,rangeland
2675,3131,1557,1979,1848,1512,2564,3445,2998,2483,3810,3379,1567,1865,3523,7337,4884,3783,1839,1329,1088,1926,3283,834,1036,1526,1611,1987,1073,1783,1456,684,3073,970,470,877,2023_12,rc-area
2676,22.9,25.01,25.42,15.04,15.81,23.51,13.19,16.32,20.87,24.89,12.8,8.96,12.07,15.06,23.47,23.25,15.87,14.25,19.26,12.86,25.35,9.48,11.61,21.25,15.46,13.0,15.96,19.71,28.46,27.66,28.09,28.84,17.28,9.75,12.15,2023_12,rc-nosanitation-hhds-pct
2677,2.85,1.19,3.55,2.25,3.35,4.98,6.04,2.83,2.26,3.42,4.19,6.81,14.25,7.18,1.95,6.36,8.53,5.57,4.01,2.04,1.03,3.32,11.46,9.66,2.8,5.1,3.07,3.8,4.2,5.27,3.57,0.24,4.95,6.03,5.78,2023_12,rc-piped-hhds-pct
2678,,,,,,,,,,,,,,,,,,,,,,,,,,,,,,,,,,,,2023_12,relief-camp-inmates
2679,0.0,0.0,0.0,0.0,0.0,0.0,0.0,0.0,0.0,0.0,0.0,0.0,0.0,0.0,0.0,0.0,0.0,0.0,0.0,0.0,0.0,0.0,0.0,0.0,0.0,0.0,0.0,0.0,0.0,0.0,0.0,0.0,0.0,0.0,0.0,2023_12,restoration-measures-tenders-awarded-value
2680,,,,,,,,,,,,,,,,,,,,,,,,,,,,,,,,,,,,2023_12,revenue-ci
2681,0.0,0.0,0.0,0.0,0.0,0.0,0.0,0.0,9466085.0,0.0,0.0,0.0,0.0,0.0,0.0,0.0,0.0,0.0,0.0,0.0,0.0,0.0,0.0,0.0,0.0,0.0,0.0,0.0,0.0,0.0,0.0,0.0,0.0,0.0,0.0,2023_12,ridf-tenders-awarded-value
2682,1,2,1,1,2,2,2,3,2,4,4,3,4,5,3,2,4,4,4,1,1,1,1,1,1,2,2,3,3,5,5,3,4,1,2,2023_12,risk-score
2683,40.44,31.86,44.44,42.67,49.9,54.45,75.59,92.55,0.0,131.89,117.78,93.92,81.24,128.1,0.0,131.2,21.77,18.6,23.8,50.98,52.93,49.78,50.52,50.42,0.0,0.0,0.0,98.1,0.0,0.0,0.0,747.64,0.0,0.0,162.23,2023_12,riverlevel-max
2684,5.048252688172044,11.828226019447618,14.792053763440862,7.090465949820789,19.136064516129032,7.744239631336406,33.72024193548387,37.539201228878646,0.0,63.869516129032256,30.5534178187404,68.63842741935484,16.20032258064516,45.00125448028674,0.0,32.78551075268817,14.165373387096777,10.338818329403182,11.51377458682385,9.646731182795698,10.580817204301075,7.509023986765923,22.87470430107527,6.301209677419355,0.0,0.0,0.0,32.64215053763441,0.0,0.0,0.0,402.9078260869565,0.0,0.0,45.49197849462365,2023_12,riverlevel-mean
2685,0.0,0.0,0.0,0.0,0.0,0.0,0.0,0.0,0.0,0.0,0.0,0.0,0.0,0.0,0.0,0.0,7.44,0.0,0.0,0.0,0.0,0.0,0.0,0.0,0.0,0.0,0.0,0.0,0.0,0.0,0.0,65.53,0.0,0.0,0.0,2023_12,riverlevel-min
2686,858892.0,705770.0,1011509.0,725891.0,634621.0,1331470.0,745620.0,804067.0,578686.0,1211943.0,1453600.0,700651.0,736030.0,1389863.0,752361.0,843185.0,988230.0,615579.0,483931.0,654117.0,547046.0,1589070.0,746938.0,450865.0,429399.0,767150.0,650574.0,485197.0,574075.0,560100.0,78936.0,457481.0,54196.0,461489.0,294016.0,2023_12,road-length
2687,0.0,0.0,0.0,0.0,0.0,0.0,0.0,0.0,0.0,0.0,0.0,0.0,0.0,0.0,0.0,0.0,0.0,0.0,0.0,0.0,0.0,0.0,0.0,0.0,0.0,0.0,0.0,0.0,0.0,0.0,0.0,0.0,0.0,0.0,0.0,2023_12,roads
2688,2788,3147,2578,2904,1994,3284,2025,3519,2301,1950,2431,1838,2072,2507,1757,1063,3322,3188,3016,1463,1336,3463,1151,1817,1497,1858,1795,1007,1291,1320,1381,925,805,813,995,2023_12,schools-count
2689,0.0,0.0,0.0,0.0,0.0,0.0,0.0,0.0,0.0,0.0,0.0,0.0,0.0,0.0,0.0,0.0,0.0,0.0,0.0,0.0,0.0,0.0,0.0,0.0,0.0,0.0,0.0,0.0,0.0,0.0,0.0,0.0,0.0,0.0,0.0,2023_12,sdrf-sanctions-awarded-value
2690,0.0,0.0,0.0,0.0,0.0,0.0,0.0,0.0,0.0,0.0,0.0,0.0,0.0,0.0,0.0,0.0,0.0,2687400.0,0.0,0.0,0.0,0.0,0.0,0.0,0.0,0.0,0.0,0.0,0.0,0.0,0.0,0.0,0.0,0.0,0.0,2023_12,sdrf-tenders-awarded-value
2691,84.0,81.0,84.0,78.0,81.0,86.0,82.0,84.0,84.0,83.0,79.0,85.0,85.0,84.0,89.0,90.0,88.0,86.0,87.0,84.0,85.0,83.0,85.0,83.0,85.0,82.0,85.0,84.0,83.0,88.0,75.0,89.0,78.0,85.0,85.0,2023_12,slope-mean
2692,8299000.0,0.0,0.0,0.0,0.0,0.0,0.0,0.0,0.0,0.0,0.0,0.0,0.0,0.0,0.0,0.0,0.0,0.0,0.0,0.0,2225754.2,0.0,32778000.0,0.0,0.0,0.0,0.0,0.0,0.0,0.0,28276200.0,0.0,0.0,0.0,0.0,2023_12,sopd-tenders-awarded-value
2693,59707.0,44385.0,48154.0,70498.0,43994.0,101486.0,70953.0,60397.0,33716.0,81010.0,67434.0,44943.0,51670.0,73114.0,36768.0,11232.0,111691.0,87426.0,29638.0,35950.0,32886.0,76059.0,54254.0,43534.0,27022.0,56778.0,40272.0,17176.0,32641.0,48429.0,25076.0,24839.0,7555.0,12625.0,21929.0,2023_12,sum-aged-population
2694,1289251.0,1401030.0,1082272.0,1613275.0,1149616.0,2379170.0,1468618.0,1170535.0,707830.0,1415005.0,1500165.0,781776.0,1001168.0,1309191.0,708329.0,290661.0,2132069.0,1411746.0,776915.0,813460.0,614679.0,1644335.0,1366878.0,970177.0,725061.0,1170309.0,873216.0,497844.0,664801.0,1130389.0,547844.0,368151.0,165704.0,322294.0,503297.0,2023_12,sum-population
2695,31.34,16.42,14.71,8.15,13.15,44.1,37.59,76.91,58.92,121.44,89.26,43.84,92.81,172.18,285.04,235.66,182.12,92.53,71.86,6.02,10.06,53.19,9.85,4.44,5.52,10.91,16.3,32.3,40.31,58.92,23.2,106.33,25.88,1.13,7.82,2023_12,sum-rain
2696,121859.0,109709.0,110964.0,139208.0,90493.0,191488.0,120806.0,107647.0,64106.0,140856.0,98881.0,58125.0,57601.0,107241.0,84566.0,25933.0,187658.0,167030.0,62145.0,69199.0,62848.0,108586.0,64714.0,49888.0,37905.0,113188.0,68495.0,22488.0,55200.0,91919.0,59374.0,55356.0,8826.0,24080.0,31356.0,2023_12,sum-young-population
2697,,,,,,,,,,,,,,,,,,,,,,,,,,,,,,,,,,,,2023_12,topsis-score
2698,0.0,0.0,0.0,0.0,0.0,0.0,0.0,0.0,0.0,0.0,0.0,0.0,0.0,0.0,0.0,0.0,0.0,0.0,0.0,0.0,0.0,0.0,0.0,0.0,0.0,0.0,0.0,0.0,0.0,0.0,0.0,0.0,0.0,0.0,0.0,2023_12,total-animal-affected
2699,0.0,0.0,0.0,0.0,0.0,0.0,0.0,0.0,0.0,0.0,0.0,0.0,0.0,0.0,0.0,0.0,0.0,0.0,0.0,0.0,0.0,0.0,0.0,0.0,0.0,0.0,0.0,0.0,0.0,0.0,0.0,0.0,0.0,0.0,0.0,2023_12,total-animal-washed-away
2700,214904.0,377710.0,240459.0,393378.0,267778.0,527427.0,318730.0,266928.0,195025.0,318555.0,311523.0,172096.0,272707.0,275841.0,103131.0,30119.0,416101.0,256161.0,165784.0,185414.0,105445.0,408132.0,327221.0,233278.0,132203.0,231859.0,185739.0,108235.0,150938.0,214866.0,202538.0,52339.0,39239.0,77895.0,112690.0,2023_12,total-hhd
2701,0.0,0.0,0.0,0.0,0.0,0.0,0.0,0.0,0.0,0.0,0.0,0.0,0.0,0.0,0.0,0.0,0.0,0.0,0.0,0.0,0.0,0.0,0.0,0.0,0.0,0.0,0.0,0.0,0.0,0.0,0.0,0.0,0.0,0.0,0.0,2023_12,total-house-fully-damaged
2702,17262264.0,0.0,0.0,0.0,0.0,14340436.87,0.0,0.0,9466085.0,0.0,0.0,0.0,0.0,0.0,0.0,0.0,0.0,2687400.0,0.0,0.0,17035377.5,0.0,49876973.0,0.0,0.0,22765671.0,17525615.0,0.0,0.0,0.0,28276200.0,0.0,0.0,0.0,46089655.0,2023_12,total-tender-awarded-value
2703,45.15733260910527,6.295669443200221,21.316097456778483,1.441097958859923,7.1631365256988335,13.130603256074064,16.32433289018804,11.298052164659342,17.488013427436147,43.15625777286192,25.921056882475728,21.1422424318834,21.393395288013565,18.82660027045509,85.07154964982493,92.29569010169598,60.353704961758446,36.26565971971056,43.36511709357278,14.16548230227064,22.370298121065755,20.81245902591373,35.957924938067336,7.207882563668975,19.429144582194063,5.091573205520924,9.495156980657285,37.10315796607807,13.32930413132909,26.15250229961493,2.169503904800628,81.478893902149,4.161078533221625,7.849966625084857,8.614991753163086,2023_12,trees
2704,3,2,3,3,5,3,4,4,3,4,4,3,2,3,1,1,3,1,1,3,3,2,1,1,3,3,4,3,4,5,2,4,1,1,3,2023_12,vulnerability
2705,2.4617055111690327,10.11546091727306,6.207572669407478,19.70640050356963,9.58491402716118,5.550454557373425,8.41149019386846,6.33714803952608,3.805855965824301,4.013904962898205,6.674014110059942,2.8447155589171693,1.410571184292094,5.40871019375055,0.2385064220558348,0.4601232903128437,2.9642427952048047,3.969055099568677,2.862004953550255,8.754941065871378,2.340754471421925,4.391433165646533,5.607689436614821,6.220920042266077,1.5204914146888506,8.46656265913684,1.1728439049845485,1.2189664170576533,5.371808847044157,1.414204943735177,22.12940719553415,0.690618804561425,13.378961466416229,3.346661983939757,2.390924968958241,2023_12,water
2706,9.0,7.5,8.9,8.0,7.2,9.8,9.8,8.3,7.0,8.6,10.2,10.4,10.3,8.8,7.2,8.1,9.8,9.8,9.5,9.1,8.2,10.1,12.1,10.5,9.0,9.2,8.3,8.6,8.9,8.0,6.7,5.8,9.4,7.0,11.6,2024_01,avg-electricity
2707,2.2,2.6,2.0,2.0,2.4,2.0,2.2,2.4,2.0,2.0,2.0,2.2,2.2,2.3,2.0,2.5,2.2,2.4,2.0,2.2,2.2,2.4,2.5,2.1,2.3,2.0,2.2,2.0,2.3,2.3,2.0,2.0,2.5,2.3,2.2,2024_01,avg-tele
2708,0.0,0.0,0.0,0.0,0.0,0.0,0.0,0.0,0.0,0.0,0.0,0.0,0.0,0.0,0.0,0.0,0.0,0.0,0.0,0.0,0.0,0.0,0.0,0.0,0.0,0.0,0.0,0.0,0.0,0.0,0.0,0.0,0.0,0.0,0.0,2024_01,bare-ground
2709,0.0,0.0,0.0,0.0,0.0,0.0,0.0,0.0,0.0,0.0,0.0,0.0,0.0,0.0,0.0,0.0,0.0,0.0,0.0,0.0,0.0,0.0,0.0,0.0,0.0,0.0,0.0,0.0,0.0,0.0,0.0,0.0,0.0,0.0,0.0,2024_01,bridge
2710,0.0,0.0,0.0,0.0,0.0,0.0,0.0,0.0,0.0,0.0,0.0,0.0,0.0,0.0,0.0,0.0,0.0,0.0,0.0,0.0,0.0,0.0,0.0,0.0,0.0,0.0,0.0,0.0,0.0,0.0,0.0,0.0,0.0,0.0,0.0,2024_01,built-area
2711,,,,,,,,,,,,,,,,,,,,,,,,,,,,,,,,,,,,2024_01,children-camp
2712,0.0,0.0,0.0,0.0,0.0,0.0,0.0,0.0,0.0,0.0,0.0,0.0,0.0,0.0,0.0,0.0,0.0,0.0,0.0,0.0,0.0,0.0,0.0,0.0,0.0,0.0,0.0,0.0,0.0,0.0,0.0,0.0,0.0,0.0,0.0,2024_01,cidf-tenders-awarded-value
2713,0.0,0.0,0.0,0.0,0.0,0.0,0.0,0.0,0.0,0.0,0.0,0.0,0.0,0.0,0.0,0.0,0.0,0.0,0.0,0.0,0.0,0.0,0.0,0.0,0.0,0.0,0.0,0.0,0.0,0.0,0.0,0.0,0.0,0.0,0.0,2024_01,clouds
2714,,,,,,,,,,,,,,,,,,,,,,,,,,,,,,,,,,,,2024_01,count
2715,0.0,0.0,0.0,0.0,0.0,0.0,0.0,0.0,0.0,0.0,0.0,0.0,0.0,0.0,0.0,0.0,0.0,0.0,0.0,0.0,0.0,0.0,0.0,0.0,0.0,0.0,0.0,0.0,0.0,0.0,0.0,0.0,0.0,0.0,0.0,2024_01,crop-area
2716,0.0,0.0,0.0,0.0,0.0,0.0,0.0,0.0,0.0,0.0,0.0,0.0,0.0,0.0,0.0,0.0,0.0,0.0,0.0,0.0,0.0,0.0,0.0,0.0,0.0,0.0,0.0,0.0,0.0,0.0,0.0,0.0,0.0,0.0,0.0,2024_01,crops
2717,4296.624151156235,2231.5993331549903,3585.3069321814023,1247.6117514050093,2700.336576957554,3477.530108369159,1557.3606551140049,2711.0464141089856,2238.6415334905228,4159.102888381454,9491.630139883577,3889.6067327857527,7133.757644739055,3445.526862961011,8511.666927309077,4923.297486224749,3222.517655928944,4060.318063254274,4335.474967336042,1883.330083753236,975.2407923854796,4254.719948057848,3333.953706616405,1829.807307358248,1576.5499878215094,1098.83444541599,1489.926404330648,4700.953196095703,4363.59388114963,5163.44360094801,880.805632910103,4989.53282327419,1292.455559234692,1123.7037030160088,1578.254039674223,2024_01,distance-from-river
2718,KOKRAJHAR,DHUBRI,GOALPARA,BARPETA,MORIGAON,NAGAON,SONITPUR,LAKHIMPUR,DHEMAJI,TINSUKIA,DIBRUGARH,SIVASAGAR,JORHAT,GOLAGHAT,KARBI ANGLONG,DIMA HASAO,CACHAR,KARIMGANJ,HAILAKANDI,BONGAIGAON,CHIRANG,KAMRUP,KAMRUP METRO,NALBARI,BAKSA,DARRANG,UDALGURI,CHARAIDEO,BISWANATH,HOJAI,SOUTH SALMARA MANCACHAR,WEST KARBI ANGLONG,MAJULI,BAJALI,TAMULPUR,2024_01,district
2719,0.0005623749999999,0.0006515714285714,0.0005706,0.0006465,0.0005976,0.0005747142857142,0.000571,0.0006111428571428,0.0005535,0.00057375,0.0006251428571428,0.0006055,0.0006035999999999,0.0005855,0.00041,0.00031275,0.0004408,0.0005329999999999,0.0005025,0.0005798,0.000528,0.0005858461538461,0.00044875,0.000670625,0.0005907142857142,0.0006724,0.0006286666666666,0.000603,0.0006126666666666,0.00058,0.000585,0.000439,0.0006255,0.0006813333333333,0.0006636,2024_01,drainage-density
2720,,,,,,,,,,,,,,,,,,,,,,,,,,,,,,,,,,,,2024_01,dtcode11
2721,,,,,,,,,,,,,,,,,,,,,,,,,,,,,,,,,,,,2024_01,dtname
2722,0.892259375,0.9272422857142856,0.8636582,0.8739833333333333,0.8005294,0.8777715714285714,0.83249825,0.8290474285714285,0.8667876666666667,0.818027,0.8369224285714285,0.88258125,0.9324726,0.876446,0.9548416666666668,1.0,0.8665115999999999,0.9620144,0.9488055,0.8860518,0.8910933999999999,0.9528222307692308,1.0,0.96180125,0.8554734285714286,0.8642139999999999,0.8254092222222221,0.881589,0.8245483333333334,0.778826,0.914767,0.80598,0.954477,0.9771223333333332,0.8799783999999999,2024_01,efficiency
2723,63.0,33.0,49.0,40.0,63.0,72.0,86.0,96.0,141.0,142.0,113.0,99.0,105.0,97.0,347.0,607.0,155.0,36.0,47.0,54.0,84.0,82.0,114.0,49.0,70.0,59.0,91.0,112.0,86.0,125.0,26.0,483.0,85.0,47.0,71.0,2024_01,elevation-mean
2724,0.0,0.0,0.0,0.0,0.0,0.0,0.0,0.0,0.0,0.0,0.0,0.0,0.0,0.0,0.0,0.0,0.0,0.0,0.0,0.0,0.0,0.0,0.0,0.0,0.0,0.0,0.0,0.0,0.0,0.0,0.0,0.0,0.0,0.0,0.0,2024_01,embankment-breached
2725,0.0,0.0,0.0,0.0,0.0,0.0,0.0,0.0,0.0,0.0,0.0,0.0,0.0,0.0,0.0,0.0,0.0,0.0,0.0,0.0,0.0,0.0,0.0,0.0,0.0,0.0,0.0,0.0,0.0,0.0,0.0,0.0,0.0,0.0,0.0,2024_01,embankments-affected
2726,1,2,2,3,2,4,5,1,1,5,2,2,2,2,2,1,5,3,2,1,1,1,4,1,1,3,1,1,2,5,5,3,1,1,1,2024_01,exposure
2727,,,,,,,,,,,,,,,,,,,,,,,,,,,,,,,,,,,,2024_01,female-camp
2728,2023-2024,2023-2024,2023-2024,2023-2024,2023-2024,2023-2024,2023-2024,2023-2024,2023-2024,2023-2024,2023-2024,2023-2024,2023-2024,2023-2024,2023-2024,2023-2024,2023-2024,2023-2024,2023-2024,2023-2024,2023-2024,2023-2024,2023-2024,2023-2024,2023-2024,2023-2024,2023-2024,2023-2024,2023-2024,2023-2024,2023-2024,2023-2024,2023-2024,2023-2024,2023-2024,2024_01,financial-year
2729,1,2,2,3,1,1,3,3,3,5,4,4,2,1,1,1,1,1,1,1,1,3,1,2,1,2,2,5,3,1,1,1,4,2,2,2024_01,flood-hazard
2730,,,,,,,,,,,,,,,,,,,,,,,,,,,,,,,,,,,,2024_01,flood-hazard-float
2731,0.0,0.0,0.0,0.0,0.0,0.0,0.0,0.0,0.0,0.0,0.0,0.0,0.0,0.0,0.0,0.0,0.0,0.0,0.0,0.0,0.0,0.0,0.0,0.0,0.0,0.0,0.0,0.0,0.0,0.0,0.0,0.0,0.0,0.0,0.0,2024_01,flooded-vegetation
2732,5,5,5,5,5,5,5,5,5,5,5,5,5,5,5,5,5,5,5,5,5,1,1,5,5,5,5,5,5,5,5,5,5,5,5,2024_01,government-response
2733,163,151,154,205,116,277,158,124,73,119,169,143,106,153,30,4,176,96,87,88,68,282,52,142,109,129,15,82,100,91,69,25,32,70,67,2024_01,health-centres-count
2734,0,0,0,0,0,0,0,0,0,0,0,0,0,0,0,0,0,0,0,0,0,0,0,0,0,0,0,0,0,0,0,0,0,0,0,2024_01,human-live-lost
2735,,,,,,,,,,,,,,,,,,,,,,,,,,,,,,,,,,,,2024_01,human-live-lost-children
2736,,,,,,,,,,,,,,,,,,,,,,,,,,,,,,,,,,,,2024_01,human-live-lost-female
2737,,,,,,,,,,,,,,,,,,,,,,,,,,,,,,,,,,,,2024_01,human-live-lost-male
2738,0.0,0.0,0.0,0.0,0.0,0.0,0.0,0.0,0.0,0.0,0.0,0.0,0.0,0.0,0.0,0.0,0.0,0.0,0.0,0.0,0.0,0.0,0.0,0.0,0.0,0.0,0.0,0.0,0.0,0.0,0.0,0.0,0.0,0.0,0.0,2024_01,immediate-measures-tenders-awarded-value
2739,0.0,0.0,0.0,0.0,0.0,0.0,0.0,0.0,0.0,0.0,0.0,0.0,0.0,0.0,0.0,0.0,0.0,0.0,0.0,0.0,0.0,0.0,0.0,0.0,0.0,0.0,0.0,0.0,0.0,0.0,0.0,0.0,0.0,0.0,0.0,2024_01,inundation-intensity-mean
2740,0.0,0.0,0.0,0.0,0.0,0.0,0.0,0.0,0.0,0.0,0.0,0.0,0.0,0.0,0.0,0.0,0.0,0.0,0.0,0.0,0.0,0.0,0.0,0.0,0.0,0.0,0.0,0.0,0.0,0.0,0.0,0.0,0.0,0.0,0.0,2024_01,inundation-intensity-mean-nonzero
2741,0.0,0.0,0.0,0.0,0.0,0.0,0.0,0.0,0.0,0.0,0.0,0.0,0.0,0.0,0.0,0.0,0.0,0.0,0.0,0.0,0.0,0.0,0.0,0.0,0.0,0.0,0.0,0.0,0.0,0.0,0.0,0.0,0.0,0.0,0.0,2024_01,inundation-intensity-sum
2742,0.0,0.0,0.0,0.0,0.0,0.0,0.0,0.0,0.0,0.0,0.0,0.0,0.0,0.0,0.0,0.0,0.0,0.0,0.0,0.0,0.0,0.0,0.0,0.0,0.0,0.0,0.0,0.0,0.0,0.0,0.0,0.0,0.0,0.0,0.0,2024_01,inundation-pct
2743,0.0,0.0,0.0,0.0,0.0,0.0,0.0,0.0,0.0,0.0,0.0,0.0,0.0,0.0,0.0,0.0,0.0,0.0,0.0,0.0,0.0,0.0,0.0,0.0,0.0,0.0,0.0,0.0,0.0,0.0,0.0,0.0,0.0,0.0,0.0,2024_01,ltif-tenders-awarded-value
2744,,,,,,,,,,,,,,,,,,,,,,,,,,,,,,,,,,,,2024_01,male-camp
2745,0.0,0.0,0.01,0.01,0.0,0.0,0.02,0.01,0.03,0.05,0.01,0.01,0.01,0.01,0.01,0.0,0.0,0.0,0.0,0.0,0.02,0.01,0.0,0.01,0.0,0.0,0.01,0.01,0.02,0.0,0.0,0.0,0.01,0.0,0.0,2024_01,max-rain
2746,79.02868494142712,101.80280753365652,92.94383900653578,105.59323892727154,101.52151689605472,82.80184981421402,96.12358569934148,83.9078683433952,82.58482453454118,85.28440626816572,92.33941954273553,80.5484411209615,79.26767921681454,87.0143854317649,73.9235270160713,74.45407242468538,76.22171823123378,78.77654329987095,76.5297175055914,92.84413483394596,78.73454361714819,88.47737641290556,90.33791694141864,81.3350244170581,77.2968865972734,93.73693822422564,78.06937273928872,76.99096084367254,87.73877652848734,76.69919006241047,135.19869279538494,74.5890767941101,111.4923918776678,77.2774448783579,78.49346327750206,2024_01,mean-cn
2747,-0.1850835517203444,-0.1956678468128085,-0.0752289160580391,-0.1259758431129314,-0.1525422918570213,-0.2334060994513962,-0.2958093379321799,-0.1454879068376235,-0.1528966620435803,-0.2370712643210324,-0.2596744701582269,-0.1377507066314716,-0.0452071219857272,-0.0185237128240636,-0.1538110041309242,-0.1769310836542678,-0.1449437193717487,-0.1770583584700904,-0.1456127027439684,-0.0626237020527392,-0.1348368288284448,-0.1490368487693198,-0.0608214502201025,-0.1494417894853278,-0.1389498704984372,-0.1107711037677772,-0.0851231711544214,-0.2632697761086836,-0.0958510980054095,-0.0674460567516172,-0.315793915109311,-0.2054044169764365,-0.1535157206055453,-0.096328354598843,-0.1380725875553354,2024_01,mean-ndbi
2748,0.5948139321370294,0.348896367458991,0.4443305559075822,0.4060782106516059,0.3931257249132537,0.5225512831831975,0.3489793821476288,0.5277800419109677,0.5476224430007779,0.59180938265601,0.4618180009758691,0.4644053150982432,0.4627769425735512,0.4058412483095104,0.6139901362790255,0.5922850425667504,0.6137813238556584,0.5207142996056586,0.5455609121536247,0.441657221470901,0.5982681700048228,0.535696030303154,0.3739631313957174,0.5060000290828183,0.5738038000103506,0.3716188262889552,0.3784167883298902,0.6414649445428332,0.5171434705886266,0.4512366167861031,0.1825243453219916,0.5504271476499496,0.1833250095828774,0.5252079689570389,0.5127752558954477,2024_01,mean-ndvi
2749,0.0,0.0,0.0,0.0,0.0,0.0,0.0,0.01,0.01,0.02,0.01,0.01,0.0,0.0,0.0,0.0,0.0,0.0,0.0,0.0,0.0,0.01,0.0,0.0,0.0,0.0,0.0,0.01,0.01,0.0,0.0,0.0,0.01,0.0,0.0,2024_01,mean-rain
2750,0.94,0.94,0.94,0.94,0.95,0.94,0.93,0.94,0.93,0.93,0.94,0.93,0.94,0.94,0.92,0.91,0.94,0.94,0.93,0.95,0.95,0.93,0.91,0.93,0.95,0.93,0.94,0.93,0.93,0.94,0.94,0.93,0.94,0.94,0.95,2024_01,mean-sex-ratio
2751,78683.46309,83470.903,78088.12,79714.84605,75490.3523,87424.202,71470.137,90513.46103,104651.240916,68512.0013,81437.447,43095.76595,54183.314,128914.321604,35388.58,27888.17,66721.37,42827.17595,35287.21,42395.395,27850.66,74001.84561,6039.38,44021.984,58167.37587,76196.45569999999,93034.31635285716,23849.9,71288.401,78621.26999999999,17419.61,48488.349,16642.66,23559.76,71015.57777333334,2024_01,net-sown-area-in-hac
2752,2660000.0,0.0,0.0,0.0,0.0,0.0,0.0,0.0,0.0,0.0,0.0,0.0,0.0,0.0,0.0,0.0,0.0,0.0,0.0,0.0,0.0,0.0,0.0,0.0,0.0,0.0,0.0,0.0,0.0,0.0,0.0,0.0,0.0,0.0,0.0,2024_01,others-tenders-awarded-value
2753,0.0,0.0,0.0,0.0,0.0,0.0,0.0,0.0,0.0,0.0,0.0,0.0,0.0,0.0,0.0,0.0,0.0,0.0,0.0,0.0,0.0,0.0,0.0,0.0,0.0,0.0,0.0,0.0,0.0,0.0,0.0,0.0,0.0,0.0,0.0,2024_01,population-affected-total
2754,62.0,342.0,34.0,5.0,10.0,45.0,35.0,38.0,77.0,43.0,49.0,27.0,41.0,43.0,32.0,146.0,46.0,45.0,28.0,81.0,8.0,45.0,80.0,11.0,0.0,0.0,24.0,24.0,19.0,30.0,0.0,0.0,0.0,9.0,6.0,2024_01,rail-count
2755,145613.0,139561.0,78425.0,17621.0,30884.0,174517.0,138494.0,108334.0,121454.0,119685.0,123774.0,73292.0,86126.0,117155.0,73424.0,172636.0,103488.0,117739.0,90281.0,82273.0,24548.0,109026.0,89510.0,30164.0,0.0,0.0,66114.0,80492.0,74271.0,75327.0,0.0,0.0,0.0,28139.0,18201.0,2024_01,rail-length
2756,0.0,0.0,0.0,0.0,0.0,0.0,0.0,0.0,0.0,0.0,0.0,0.0,0.0,0.0,0.0,0.0,0.0,0.0,0.0,0.0,0.0,0.0,0.0,0.0,0.0,0.0,0.0,0.0,0.0,0.0,0.0,0.0,0.0,0.0,0.0,2024_01,rangeland
2757,3131,1557,1979,1848,1512,2564,3445,2998,2483,3810,3379,1567,1865,3523,7337,4884,3783,1839,1329,1088,1926,3283,834,1036,1526,1611,1987,1073,1783,1456,684,3073,970,470,877,2024_01,rc-area
2758,22.9,25.01,25.42,15.04,15.81,23.51,13.19,16.32,20.87,24.89,12.8,8.96,12.07,15.06,23.47,23.25,15.87,14.25,19.26,12.86,25.35,9.48,11.61,21.25,15.46,13.0,15.96,19.71,28.46,27.66,28.09,28.84,17.28,9.75,12.15,2024_01,rc-nosanitation-hhds-pct
2759,2.85,1.19,3.55,2.25,3.35,4.98,6.04,2.83,2.26,3.42,4.19,6.81,14.25,7.18,1.95,6.36,8.53,5.57,4.01,2.04,1.03,3.32,11.46,9.66,2.8,5.1,3.07,3.8,4.2,5.27,3.57,0.24,4.95,6.03,5.78,2024_01,rc-piped-hhds-pct
2760,,,,,,,,,,,,,,,,,,,,,,,,,,,,,,,,,,,,2024_01,relief-camp-inmates
2761,0.0,0.0,0.0,0.0,0.0,0.0,0.0,0.0,0.0,0.0,0.0,0.0,0.0,0.0,0.0,0.0,0.0,0.0,0.0,0.0,0.0,0.0,0.0,0.0,0.0,0.0,0.0,0.0,0.0,0.0,0.0,0.0,0.0,0.0,0.0,2024_01,restoration-measures-tenders-awarded-value
2762,,,,,,,,,,,,,,,,,,,,,,,,,,,,,,,,,,,,2024_01,revenue-ci
2763,2660000.0,0.0,0.0,0.0,0.0,0.0,0.0,0.0,0.0,0.0,0.0,0.0,0.0,0.0,0.0,0.0,0.0,0.0,0.0,0.0,0.0,0.0,0.0,0.0,0.0,0.0,0.0,0.0,0.0,0.0,0.0,0.0,0.0,0.0,0.0,2024_01,ridf-tenders-awarded-value
2764,1,2,3,3,2,2,3,4,3,5,4,4,3,2,1,1,1,1,1,1,2,3,1,2,2,3,3,5,4,2,1,2,4,2,2,2024_01,risk-score
2765,40.39,31.72,44.24,42.45,48.94,54.18,75.4,92.48,0.0,131.65,117.59,93.64,80.75,128.03,0.0,131.12,1618.0,17.49,21.27,50.85,52.9,49.77,50.36,50.39,0.0,0.0,0.0,97.74,0.0,0.0,0.0,747.3,0.0,0.0,162.23,2024_01,riverlevel-max
2766,5.039153225806452,11.744190476190475,14.673064516129037,7.056874551971327,19.0134623655914,7.724915514592935,33.55532258064516,37.5599692780338,0.0,63.83822580645162,30.571976446492577,68.48158602150538,16.11058064516129,44.9355017921147,0.0,32.777849462365594,17.4259785828676,9.965505376344089,11.07013440860215,9.621129032258064,10.573698924731184,7.493507030603805,22.660456989247308,6.295645161290323,0.0,0.0,0.0,32.56344086021505,0.0,0.0,0.0,402.7206521739131,0.0,0.0,45.5176559139785,2024_01,riverlevel-mean
2767,0.0,0.0,0.0,0.0,0.0,0.0,0.0,0.0,0.0,0.0,0.0,0.0,0.0,0.0,0.0,0.0,7.3,0.0,0.0,0.0,0.0,0.0,0.0,0.0,0.0,0.0,0.0,0.0,0.0,0.0,0.0,65.47,0.0,0.0,0.0,2024_01,riverlevel-min
2768,858892.0,705770.0,1011509.0,725891.0,634621.0,1331470.0,745620.0,804067.0,578686.0,1211943.0,1453600.0,700651.0,736030.0,1389863.0,752361.0,843185.0,988230.0,615579.0,483931.0,654117.0,547046.0,1589070.0,746938.0,450865.0,429399.0,767150.0,650574.0,485197.0,574075.0,560100.0,78936.0,457481.0,54196.0,461489.0,294016.0,2024_01,road-length
2769,0.0,0.0,0.0,0.0,0.0,0.0,0.0,0.0,0.0,0.0,0.0,0.0,0.0,0.0,0.0,0.0,0.0,0.0,0.0,0.0,0.0,0.0,0.0,0.0,0.0,0.0,0.0,0.0,0.0,0.0,0.0,0.0,0.0,0.0,0.0,2024_01,roads
2770,2788,3147,2578,2904,1994,3284,2025,3519,2301,1950,2431,1838,2072,2507,1757,1063,3322,3188,3016,1463,1336,3463,1151,1817,1497,1858,1795,1007,1291,1320,1381,925,805,813,995,2024_01,schools-count
2771,0.0,0.0,0.0,0.0,0.0,0.0,0.0,0.0,0.0,0.0,0.0,0.0,0.0,0.0,0.0,0.0,0.0,0.0,0.0,0.0,0.0,0.0,0.0,0.0,0.0,0.0,0.0,0.0,0.0,0.0,0.0,0.0,0.0,0.0,0.0,2024_01,sdrf-sanctions-awarded-value
2772,0.0,0.0,0.0,0.0,0.0,0.0,0.0,0.0,0.0,0.0,0.0,0.0,0.0,0.0,0.0,0.0,0.0,0.0,0.0,0.0,0.0,0.0,0.0,0.0,0.0,0.0,0.0,0.0,0.0,0.0,0.0,0.0,0.0,0.0,0.0,2024_01,sdrf-tenders-awarded-value
2773,84.0,81.0,84.0,78.0,81.0,86.0,82.0,84.0,84.0,83.0,79.0,85.0,85.0,84.0,89.0,90.0,88.0,86.0,87.0,84.0,85.0,83.0,85.0,83.0,85.0,82.0,85.0,84.0,83.0,88.0,75.0,89.0,78.0,85.0,85.0,2024_01,slope-mean
2774,0.0,0.0,0.0,0.0,0.0,0.0,0.0,0.0,0.0,0.0,0.0,0.0,0.0,0.0,0.0,0.0,0.0,0.0,0.0,0.0,0.0,0.0,0.0,0.0,0.0,0.0,0.0,0.0,0.0,0.0,0.0,0.0,0.0,0.0,0.0,2024_01,sopd-tenders-awarded-value
2775,61556.0,46195.0,49838.0,73043.0,45709.0,105362.0,73583.0,62453.0,34899.0,83722.0,69471.0,46226.0,52993.0,75505.0,38155.0,11647.0,115757.0,90785.0,30837.0,37252.0,33945.0,78600.0,55973.0,44945.0,27799.0,58969.0,41519.0,17727.0,33691.0,50315.0,25989.0,25769.0,7799.0,13027.0,22621.0,2024_01,sum-aged-population
2776,1292936.0,1422023.0,1093141.0,1633598.0,1164373.0,2408804.0,1479834.0,1181482.0,714264.0,1426956.0,1506738.0,783516.0,1003016.0,1318187.0,714774.0,293750.0,2154488.0,1430620.0,786401.0,821803.0,618750.0,1657188.0,1378544.0,975597.0,730731.0,1185014.0,874683.0,498958.0,667939.0,1144635.0,556684.0,372244.0,164882.0,324337.0,504653.0,2024_01,sum-population
2777,1.0,0.13,4.28,5.17,2.65,4.01,13.51,16.18,21.69,78.37,31.22,11.77,4.44,5.18,12.72,1.16,0.0,0.0,0.0,0.0,9.41,19.07,0.42,2.37,0.35,2.29,3.39,8.77,10.26,1.12,0.03,1.43,5.71,0.0,0.16,2024_01,sum-rain
2778,121963.0,111231.0,111628.0,140245.0,91493.0,193397.0,121841.0,108134.0,64489.0,141390.0,98785.0,57929.0,57163.0,107474.0,85336.0,26144.0,189117.0,168805.0,62955.0,69727.0,62967.0,108986.0,64843.0,50006.0,37799.0,114409.0,68516.0,22523.0,55300.0,92940.0,59995.0,55881.0,8847.0,24116.0,31386.0,2024_01,sum-young-population
2779,,,,,,,,,,,,,,,,,,,,,,,,,,,,,,,,,,,,2024_01,topsis-score
2780,0.0,0.0,0.0,0.0,0.0,0.0,0.0,0.0,0.0,0.0,0.0,0.0,0.0,0.0,0.0,0.0,0.0,0.0,0.0,0.0,0.0,0.0,0.0,0.0,0.0,0.0,0.0,0.0,0.0,0.0,0.0,0.0,0.0,0.0,0.0,2024_01,total-animal-affected
2781,0.0,0.0,0.0,0.0,0.0,0.0,0.0,0.0,0.0,0.0,0.0,0.0,0.0,0.0,0.0,0.0,0.0,0.0,0.0,0.0,0.0,0.0,0.0,0.0,0.0,0.0,0.0,0.0,0.0,0.0,0.0,0.0,0.0,0.0,0.0,2024_01,total-animal-washed-away
2782,214904.0,377710.0,240459.0,393378.0,267778.0,527427.0,318730.0,266928.0,195025.0,318555.0,311523.0,172096.0,272707.0,275841.0,103131.0,30119.0,416101.0,256161.0,165784.0,185414.0,105445.0,408132.0,327221.0,233278.0,132203.0,231859.0,185739.0,108235.0,150938.0,214866.0,202538.0,52339.0,39239.0,77895.0,112690.0,2024_01,total-hhd
2783,0.0,0.0,0.0,0.0,0.0,0.0,0.0,0.0,0.0,0.0,0.0,0.0,0.0,0.0,0.0,0.0,0.0,0.0,0.0,0.0,0.0,0.0,0.0,0.0,0.0,0.0,0.0,0.0,0.0,0.0,0.0,0.0,0.0,0.0,0.0,2024_01,total-house-fully-damaged
2784,2660000.0,0.0,0.0,0.0,0.0,0.0,0.0,0.0,0.0,0.0,0.0,0.0,0.0,0.0,0.0,0.0,0.0,0.0,0.0,0.0,0.0,0.0,0.0,0.0,0.0,0.0,0.0,0.0,0.0,0.0,0.0,0.0,0.0,0.0,0.0,2024_01,total-tender-awarded-value
2785,0.0,0.0,0.0,0.0,0.0,0.0,0.0,0.0,0.0,0.0,0.0,0.0,0.0,0.0,0.0,0.0,0.0,0.0,0.0,0.0,0.0,0.0,0.0,0.0,0.0,0.0,0.0,0.0,0.0,0.0,0.0,0.0,0.0,0.0,0.0,2024_01,trees
2786,3,2,3,3,5,3,4,4,3,4,4,3,2,3,1,1,3,1,1,3,3,2,1,1,3,3,4,3,4,5,2,4,1,1,3,2024_01,vulnerability
2787,0.0,0.0,0.0,0.0,0.0,0.0,0.0,0.0,0.0,0.0,0.0,0.0,0.0,0.0,0.0,0.0,0.0,0.0,0.0,0.0,0.0,0.0,0.0,0.0,0.0,0.0,0.0,0.0,0.0,0.0,0.0,0.0,0.0,0.0,0.0,2024_01,water
2788,9.0,7.5,8.9,8.0,7.2,9.8,9.8,8.3,7.0,8.6,10.2,10.4,10.3,8.8,7.2,8.1,9.8,9.8,9.5,9.1,8.2,10.1,12.1,10.5,9.0,9.2,8.3,8.6,8.9,8.0,6.7,5.8,9.4,7.0,11.6,2024_02,avg-electricity
2789,2.2,2.6,2.0,2.0,2.4,2.0,2.2,2.4,2.0,2.0,2.0,2.2,2.2,2.3,2.0,2.5,2.2,2.4,2.0,2.2,2.2,2.4,2.5,2.1,2.3,2.0,2.2,2.0,2.3,2.3,2.0,2.0,2.5,2.3,2.2,2024_02,avg-tele
2790,0.0,0.0,0.0,0.0,0.0,0.0,0.0,0.0,0.0,0.0,0.0,0.0,0.0,0.0,0.0,0.0,0.0,0.0,0.0,0.0,0.0,0.0,0.0,0.0,0.0,0.0,0.0,0.0,0.0,0.0,0.0,0.0,0.0,0.0,0.0,2024_02,bare-ground
2791,0.0,0.0,0.0,0.0,0.0,0.0,0.0,0.0,0.0,0.0,0.0,0.0,0.0,0.0,0.0,0.0,0.0,0.0,0.0,0.0,0.0,0.0,0.0,0.0,0.0,0.0,0.0,0.0,0.0,0.0,0.0,0.0,0.0,0.0,0.0,2024_02,bridge
2792,0.0,0.0,0.0,0.0,0.0,0.0,0.0,0.0,0.0,0.0,0.0,0.0,0.0,0.0,0.0,0.0,0.0,0.0,0.0,0.0,0.0,0.0,0.0,0.0,0.0,0.0,0.0,0.0,0.0,0.0,0.0,0.0,0.0,0.0,0.0,2024_02,built-area
2793,,,,,,,,,,,,,,,,,,,,,,,,,,,,,,,,,,,,2024_02,children-camp
2794,0.0,0.0,0.0,0.0,0.0,0.0,0.0,0.0,0.0,0.0,0.0,0.0,0.0,0.0,0.0,0.0,0.0,0.0,0.0,0.0,0.0,0.0,0.0,0.0,0.0,0.0,0.0,0.0,0.0,0.0,0.0,0.0,0.0,0.0,0.0,2024_02,cidf-tenders-awarded-value
2795,0.0,0.0,0.0,0.0,0.0,0.0,0.0,0.0,0.0,0.0,0.0,0.0,0.0,0.0,0.0,0.0,0.0,0.0,0.0,0.0,0.0,0.0,0.0,0.0,0.0,0.0,0.0,0.0,0.0,0.0,0.0,0.0,0.0,0.0,0.0,2024_02,clouds
2796,,,,,,,,,,,,,,,,,,,,,,,,,,,,,,,,,,,,2024_02,count
2797,0.0,0.0,0.0,0.0,0.0,0.0,0.0,0.0,0.0,0.0,0.0,0.0,0.0,0.0,0.0,0.0,0.0,0.0,0.0,0.0,0.0,0.0,0.0,0.0,0.0,0.0,0.0,0.0,0.0,0.0,0.0,0.0,0.0,0.0,0.0,2024_02,crop-area
2798,0.0,0.0,0.0,0.0,0.0,0.0,0.0,0.0,0.0,0.0,0.0,0.0,0.0,0.0,0.0,0.0,0.0,0.0,0.0,0.0,0.0,0.0,0.0,0.0,0.0,0.0,0.0,0.0,0.0,0.0,0.0,0.0,0.0,0.0,0.0,2024_02,crops
2799,4296.624151156235,2231.5993331549903,3585.3069321814023,1247.611751405009,2700.336576957554,3477.530108369159,1557.3606551140049,2711.0464141089856,2238.6415334905228,4159.102888381454,9491.630139883577,3889.6067327857527,7133.757644739053,3445.5268629610114,8511.666927309076,4923.29748622475,3222.517655928944,4060.318063254274,4335.474967336042,1883.330083753236,975.2407923854796,4254.719948057848,3333.953706616405,1829.807307358248,1576.5499878215094,1098.83444541599,1489.926404330648,4700.953196095703,4363.59388114963,5163.44360094801,880.805632910103,4989.53282327419,1292.455559234692,1123.7037030160088,1578.254039674223,2024_02,distance-from-river
2800,KOKRAJHAR,DHUBRI,GOALPARA,BARPETA,MORIGAON,NAGAON,SONITPUR,LAKHIMPUR,DHEMAJI,TINSUKIA,DIBRUGARH,SIVASAGAR,JORHAT,GOLAGHAT,KARBI ANGLONG,DIMA HASAO,CACHAR,KARIMGANJ,HAILAKANDI,BONGAIGAON,CHIRANG,KAMRUP,KAMRUP METRO,NALBARI,BAKSA,DARRANG,UDALGURI,CHARAIDEO,BISWANATH,HOJAI,SOUTH SALMARA MANCACHAR,WEST KARBI ANGLONG,MAJULI,BAJALI,TAMULPUR,2024_02,district
2801,0.0005623749999999,0.0006515714285714,0.0005706,0.0006465,0.0005976,0.0005747142857142,0.000571,0.0006111428571428,0.0005535,0.00057375,0.0006251428571428,0.0006055,0.0006035999999999,0.0005855,0.00041,0.00031275,0.0004408,0.0005329999999999,0.0005025,0.0005798,0.000528,0.0005858461538461,0.00044875,0.000670625,0.0005907142857142,0.0006724,0.0006286666666666,0.000603,0.0006126666666666,0.00058,0.000585,0.000439,0.0006255,0.0006813333333333,0.0006636,2024_02,drainage-density
2802,,,,,,,,,,,,,,,,,,,,,,,,,,,,,,,,,,,,2024_02,dtcode11
2803,,,,,,,,,,,,,,,,,,,,,,,,,,,,,,,,,,,,2024_02,dtname
2804,0.892259375,0.9272422857142856,0.8636582,0.8739833333333333,0.8005294,0.8777715714285714,0.83249825,0.8290474285714285,0.8667876666666667,0.818027,0.8369224285714285,0.88258125,0.9324726,0.8764460000000001,0.9548416666666668,1.0,0.8665115999999999,0.9620144,0.9488055,0.8860518,0.8910933999999999,0.9528222307692308,1.0,0.96180125,0.8554734285714286,0.8642139999999999,0.8254092222222221,0.881589,0.8245483333333334,0.778826,0.914767,0.80598,0.954477,0.9771223333333332,0.8799783999999999,2024_02,efficiency
2805,63.0,33.0,49.0,40.0,63.0,72.0,86.0,96.0,141.0,142.0,113.0,99.0,105.0,97.0,347.0,607.0,155.0,36.0,47.0,54.0,84.0,82.0,114.0,49.0,70.0,59.0,91.0,112.0,86.0,125.0,26.0,483.0,85.0,47.0,71.0,2024_02,elevation-mean
2806,0.0,0.0,0.0,0.0,0.0,0.0,0.0,0.0,0.0,0.0,0.0,0.0,0.0,0.0,0.0,0.0,0.0,0.0,0.0,0.0,0.0,0.0,0.0,0.0,0.0,0.0,0.0,0.0,0.0,0.0,0.0,0.0,0.0,0.0,0.0,2024_02,embankment-breached
2807,0.0,0.0,0.0,0.0,0.0,0.0,0.0,0.0,0.0,0.0,0.0,0.0,0.0,0.0,0.0,0.0,0.0,0.0,0.0,0.0,0.0,0.0,0.0,0.0,0.0,0.0,0.0,0.0,0.0,0.0,0.0,0.0,0.0,0.0,0.0,2024_02,embankments-affected
2808,1,2,2,3,2,4,5,1,1,5,2,2,2,2,2,1,5,3,2,1,1,1,4,1,1,3,1,1,2,5,5,3,1,1,1,2024_02,exposure
2809,,,,,,,,,,,,,,,,,,,,,,,,,,,,,,,,,,,,2024_02,female-camp
2810,2023-2024,2023-2024,2023-2024,2023-2024,2023-2024,2023-2024,2023-2024,2023-2024,2023-2024,2023-2024,2023-2024,2023-2024,2023-2024,2023-2024,2023-2024,2023-2024,2023-2024,2023-2024,2023-2024,2023-2024,2023-2024,2023-2024,2023-2024,2023-2024,2023-2024,2023-2024,2023-2024,2023-2024,2023-2024,2023-2024,2023-2024,2023-2024,2023-2024,2023-2024,2023-2024,2024_02,financial-year
2811,1,1,1,2,2,1,1,4,4,5,5,3,2,2,1,2,4,5,4,1,1,1,1,2,1,2,2,4,3,2,1,1,3,2,2,2024_02,flood-hazard
2812,,,,,,,,,,,,,,,,,,,,,,,,,,,,,,,,,,,,2024_02,flood-hazard-float
2813,0.0,0.0,0.0,0.0,0.0,0.0,0.0,0.0,0.0,0.0,0.0,0.0,0.0,0.0,0.0,0.0,0.0,0.0,0.0,0.0,0.0,0.0,0.0,0.0,0.0,0.0,0.0,0.0,0.0,0.0,0.0,0.0,0.0,0.0,0.0,2024_02,flooded-vegetation
2814,5,5,5,5,5,5,5,5,5,5,5,5,5,5,5,5,5,5,5,5,5,1,1,5,5,5,5,5,5,5,5,5,5,5,5,2024_02,government-response
2815,163,151,154,205,116,277,158,124,73,119,169,143,106,153,30,4,176,96,87,88,68,282,52,142,109,129,15,82,100,91,69,25,32,70,67,2024_02,health-centres-count
2816,0,0,0,0,0,0,0,0,0,0,0,0,0,0,0,0,0,0,0,0,0,0,0,0,0,0,0,0,0,0,0,0,0,0,0,2024_02,human-live-lost
2817,,,,,,,,,,,,,,,,,,,,,,,,,,,,,,,,,,,,2024_02,human-live-lost-children
2818,,,,,,,,,,,,,,,,,,,,,,,,,,,,,,,,,,,,2024_02,human-live-lost-female
2819,,,,,,,,,,,,,,,,,,,,,,,,,,,,,,,,,,,,2024_02,human-live-lost-male
2820,0.0,0.0,0.0,0.0,0.0,0.0,0.0,0.0,0.0,0.0,0.0,0.0,0.0,0.0,0.0,0.0,0.0,0.0,0.0,0.0,0.0,0.0,85953091.78,0.0,0.0,0.0,0.0,0.0,0.0,0.0,0.0,0.0,0.0,0.0,0.0,2024_02,immediate-measures-tenders-awarded-value
2821,0.0,0.0,0.0,0.0,0.0,0.0,0.0,0.0,0.0,0.0,0.0,0.0,0.0,0.0,0.0,0.0,0.0,0.0,0.0,0.0,0.0,0.0,0.0,0.0,0.0,0.0,0.0,0.0,0.0,0.0,0.0,0.0,0.0,0.0,0.0,2024_02,inundation-intensity-mean
2822,0.0,0.0,0.0,0.0,0.0,0.0,0.0,0.0,0.0,0.0,0.0,0.0,0.0,0.0,0.0,0.0,0.0,0.0,0.0,0.0,0.0,0.0,0.0,0.0,0.0,0.0,0.0,0.0,0.0,0.0,0.0,0.0,0.0,0.0,0.0,2024_02,inundation-intensity-mean-nonzero
2823,0.0,0.0,0.0,0.0,0.0,0.0,0.0,0.0,0.0,0.0,0.0,0.0,0.0,0.0,0.0,0.0,0.0,0.0,0.0,0.0,0.0,0.0,0.0,0.0,0.0,0.0,0.0,0.0,0.0,0.0,0.0,0.0,0.0,0.0,0.0,2024_02,inundation-intensity-sum
2824,0.0,0.0,0.0,0.0,0.0,0.0,0.0,0.0,0.0,0.0,0.0,0.0,0.0,0.0,0.0,0.0,0.0,0.0,0.0,0.0,0.0,0.0,0.0,0.0,0.0,0.0,0.0,0.0,0.0,0.0,0.0,0.0,0.0,0.0,0.0,2024_02,inundation-pct
2825,0.0,0.0,0.0,0.0,0.0,0.0,0.0,0.0,0.0,0.0,0.0,0.0,0.0,0.0,0.0,0.0,0.0,0.0,0.0,0.0,0.0,0.0,0.0,0.0,0.0,0.0,0.0,0.0,0.0,0.0,0.0,0.0,0.0,0.0,0.0,2024_02,ltif-tenders-awarded-value
2826,,,,,,,,,,,,,,,,,,,,,,,,,,,,,,,,,,,,2024_02,male-camp
2827,0.01,0.01,0.03,0.03,0.07,0.05,0.07,0.23,0.23,0.15,0.14,0.12,0.08,0.11,0.13,0.21,0.21,0.21,0.16,0.01,0.02,0.07,0.06,0.02,0.03,0.07,0.07,0.13,0.08,0.07,0.02,0.06,0.11,0.03,0.03,2024_02,max-rain
2828,79.02868494142712,101.80280753365652,92.94383900653578,105.59323892727154,101.52151689605476,82.80184981421402,96.12358569934148,83.9078683433952,82.58482453454118,85.28440626816572,92.33941954273553,80.5484411209615,79.26767921681454,87.0143854317649,73.9235270160713,74.45407242468538,76.22171823123378,78.77654329987095,76.5297175055914,92.84413483394596,78.73454361714819,88.47737641290556,90.33791694141864,81.3350244170581,77.2968865972734,93.73693822422564,78.06937273928872,76.99096084367254,87.73877652848734,76.69919006241047,135.19869279538494,74.5890767941101,111.4923918776678,77.2774448783579,78.49346327750206,2024_02,mean-cn
2829,-0.1850835517203444,-0.1956678468128085,-0.0752289160580391,-0.1259758431129314,-0.1525422918570213,-0.2334060994513962,-0.2958093379321799,-0.1454879068376235,-0.1528966620435803,-0.2370712643210324,-0.2596744701582269,-0.1377507066314716,-0.0452071219857272,-0.0185237128240636,-0.1538110041309242,-0.1769310836542678,-0.1449437193717487,-0.1770583584700904,-0.1456127027439684,-0.0626237020527392,-0.1348368288284448,-0.1490368487693198,-0.0608214502201025,-0.1494417894853278,-0.1389498704984372,-0.1107711037677772,-0.0851231711544214,-0.2632697761086836,-0.0958510980054095,-0.0674460567516172,-0.315793915109311,-0.2054044169764365,-0.1535157206055453,-0.096328354598843,-0.1380725875553354,2024_02,mean-ndbi
2830,0.5948139321370294,0.348896367458991,0.4443305559075822,0.4060782106516059,0.3931257249132537,0.5225512831831975,0.3489793821476288,0.5277800419109677,0.5476224430007779,0.59180938265601,0.4618180009758691,0.4644053150982432,0.4627769425735512,0.4058412483095104,0.6139901362790255,0.5922850425667504,0.6137813238556584,0.5207142996056586,0.5455609121536247,0.441657221470901,0.5982681700048228,0.535696030303154,0.3739631313957174,0.5060000290828183,0.5738038000103506,0.3716188262889552,0.3784167883298902,0.6414649445428332,0.5171434705886266,0.4512366167861031,0.1825243453219916,0.5504271476499496,0.1833250095828774,0.5252079689570389,0.5127752558954477,2024_02,mean-ndvi
2831,0.0,0.0,0.02,0.01,0.05,0.03,0.03,0.11,0.13,0.13,0.12,0.08,0.05,0.05,0.05,0.1,0.14,0.14,0.14,0.01,0.01,0.01,0.01,0.02,0.02,0.02,0.02,0.12,0.04,0.04,0.01,0.02,0.07,0.02,0.02,2024_02,mean-rain
2832,0.94,0.94,0.94,0.94,0.95,0.94,0.93,0.94,0.93,0.93,0.94,0.93,0.94,0.94,0.92,0.91,0.94,0.94,0.93,0.95,0.95,0.93,0.91,0.93,0.95,0.93,0.94,0.93,0.93,0.94,0.94,0.93,0.94,0.94,0.95,2024_02,mean-sex-ratio
2833,78683.46309,83470.90299999999,78088.12,79714.84605,75490.3523,87424.202,71470.137,90513.46103,104651.240916,68512.0013,81437.447,43095.76595,54183.314,128914.321604,35388.58,27888.17,66721.37,42827.17595,35287.21,42395.395,27850.66,74001.84561,6039.38,44021.984,58167.37587,76196.45569999999,93034.31635285716,23849.9,71288.401,78621.26999999999,17419.61,48488.349,16642.66,23559.76,71015.57777333334,2024_02,net-sown-area-in-hac
2834,0.0,0.0,0.0,0.0,0.0,0.0,0.0,0.0,0.0,0.0,0.0,0.0,0.0,0.0,0.0,0.0,0.0,0.0,0.0,0.0,0.0,0.0,0.0,0.0,8999449.0,0.0,9998349.16,0.0,24874900.0,0.0,0.0,0.0,11556900.0,0.0,7650000.0,2024_02,others-tenders-awarded-value
2835,0.0,0.0,0.0,0.0,0.0,0.0,0.0,0.0,0.0,0.0,0.0,0.0,0.0,0.0,0.0,0.0,0.0,0.0,0.0,0.0,0.0,0.0,0.0,0.0,0.0,0.0,0.0,0.0,0.0,0.0,0.0,0.0,0.0,0.0,0.0,2024_02,population-affected-total
2836,62.0,342.0,34.0,5.0,10.0,45.0,35.0,38.0,77.0,43.0,49.0,27.0,41.0,43.0,32.0,146.0,46.0,45.0,28.0,81.0,8.0,45.0,80.0,11.0,0.0,0.0,24.0,24.0,19.0,30.0,0.0,0.0,0.0,9.0,6.0,2024_02,rail-count
2837,145613.0,139561.0,78425.0,17621.0,30884.0,174517.0,138494.0,108334.0,121454.0,119685.0,123774.0,73292.0,86126.0,117155.0,73424.0,172636.0,103488.0,117739.0,90281.0,82273.0,24548.0,109026.0,89510.0,30164.0,0.0,0.0,66114.0,80492.0,74271.0,75327.0,0.0,0.0,0.0,28139.0,18201.0,2024_02,rail-length
2838,0.0,0.0,0.0,0.0,0.0,0.0,0.0,0.0,0.0,0.0,0.0,0.0,0.0,0.0,0.0,0.0,0.0,0.0,0.0,0.0,0.0,0.0,0.0,0.0,0.0,0.0,0.0,0.0,0.0,0.0,0.0,0.0,0.0,0.0,0.0,2024_02,rangeland
2839,3131,1557,1979,1848,1512,2564,3445,2998,2483,3810,3379,1567,1865,3523,7337,4884,3783,1839,1329,1088,1926,3283,834,1036,1526,1611,1987,1073,1783,1456,684,3073,970,470,877,2024_02,rc-area
2840,22.9,25.01,25.42,15.04,15.81,23.51,13.19,16.32,20.87,24.89,12.8,8.96,12.07,15.06,23.47,23.25,15.87,14.25,19.26,12.86,25.35,9.48,11.61,21.25,15.46,13.0,15.96,19.71,28.46,27.66,28.09,28.84,17.28,9.75,12.15,2024_02,rc-nosanitation-hhds-pct
2841,2.85,1.19,3.55,2.25,3.35,4.98,6.04,2.83,2.26,3.42,4.19,6.81,14.25,7.18,1.95,6.36,8.53,5.57,4.01,2.04,1.03,3.32,11.46,9.66,2.8,5.1,3.07,3.8,4.2,5.27,3.57,0.24,4.95,6.03,5.78,2024_02,rc-piped-hhds-pct
2842,,,,,,,,,,,,,,,,,,,,,,,,,,,,,,,,,,,,2024_02,relief-camp-inmates
2843,0.0,0.0,0.0,0.0,0.0,0.0,0.0,0.0,0.0,0.0,0.0,0.0,0.0,0.0,0.0,0.0,0.0,0.0,0.0,0.0,0.0,0.0,0.0,0.0,0.0,0.0,0.0,0.0,0.0,0.0,0.0,0.0,0.0,0.0,0.0,2024_02,restoration-measures-tenders-awarded-value
2844,,,,,,,,,,,,,,,,,,,,,,,,,,,,,,,,,,,,2024_02,revenue-ci
2845,0.0,0.0,0.0,0.0,0.0,0.0,0.0,0.0,0.0,0.0,0.0,0.0,0.0,0.0,0.0,0.0,0.0,0.0,0.0,0.0,0.0,0.0,0.0,0.0,0.0,0.0,0.0,0.0,0.0,0.0,0.0,0.0,0.0,0.0,0.0,2024_02,ridf-tenders-awarded-value
2846,1,1,1,2,3,2,2,5,4,5,5,3,2,3,2,2,4,5,4,1,1,1,1,2,2,2,2,4,3,3,1,2,3,2,2,2024_02,risk-score
2847,40.29,31.63,44.24,42.31,48.56,54.07,75.48,92.49,0.0,131.7,117.56,96.63,81.28,128.14,0.0,131.14,21.92,18.43,22.58,50.74,52.84,49.56,50.18,50.35,0.0,0.0,0.0,97.85,0.0,0.0,0.0,747.19,0.0,0.0,162.06,2024_02,riverlevel-max
2848,5.0336637931034485,11.69903865074498,14.612551724137932,7.042030651340997,18.895204545454543,7.714204545454545,33.29861006493506,37.60229399910434,0.0,63.84589080459771,30.56583603896104,68.4876202922078,16.104390804597703,44.86557683982684,0.0,32.77793103448276,14.015180291783008,9.873778067936772,11.028075288796703,9.60496551724138,10.563816091954024,7.454288240495137,22.573275862068968,6.291637931034484,0.0,0.0,0.0,32.57137931034483,0.0,0.0,0.0,402.38209302325583,0.0,0.0,45.50804597701149,2024_02,riverlevel-mean
2849,0.0,0.0,0.0,0.0,0.0,0.0,0.0,0.0,0.0,0.0,0.0,0.0,0.0,0.0,0.0,0.0,6.87,0.0,0.0,0.0,0.0,0.0,0.0,0.0,0.0,0.0,0.0,0.0,0.0,0.0,0.0,65.49,0.0,0.0,0.0,2024_02,riverlevel-min
2850,858892.0,705770.0,1011509.0,725891.0,634621.0,1331470.0,745620.0,804067.0,578686.0,1211943.0,1453600.0,700651.0,736030.0,1389863.0,752361.0,843185.0,988230.0,615579.0,483931.0,654117.0,547046.0,1589070.0,746938.0,450865.0,429399.0,767150.0,650574.0,485197.0,574075.0,560100.0,78936.0,457481.0,54196.0,461489.0,294016.0,2024_02,road-length
2851,0.0,0.0,0.0,0.0,0.0,0.0,0.0,0.0,0.0,0.0,0.0,0.0,0.0,0.0,0.0,0.0,0.0,0.0,0.0,0.0,0.0,0.0,0.0,0.0,0.0,0.0,0.0,0.0,0.0,0.0,0.0,0.0,0.0,0.0,0.0,2024_02,roads
2852,2788,3147,2578,2904,1994,3284,2025,3519,2301,1950,2431,1838,2072,2507,1757,1063,3322,3188,3016,1463,1336,3463,1151,1817,1497,1858,1795,1007,1291,1320,1381,925,805,813,995,2024_02,schools-count
2853,0.0,0.0,0.0,0.0,0.0,0.0,0.0,0.0,0.0,0.0,0.0,0.0,0.0,0.0,0.0,0.0,0.0,0.0,0.0,0.0,0.0,0.0,0.0,0.0,0.0,0.0,0.0,0.0,0.0,0.0,0.0,0.0,0.0,0.0,0.0,2024_02,sdrf-sanctions-awarded-value
2854,0.0,0.0,0.0,0.0,0.0,0.0,0.0,0.0,0.0,0.0,0.0,0.0,0.0,0.0,0.0,0.0,0.0,0.0,0.0,0.0,0.0,0.0,0.0,0.0,0.0,0.0,0.0,0.0,0.0,0.0,0.0,0.0,0.0,0.0,0.0,2024_02,sdrf-tenders-awarded-value
2855,84.0,81.0,84.0,78.0,81.0,86.0,82.0,84.0,84.0,83.0,79.0,85.0,85.0,84.0,89.0,90.0,88.0,86.0,87.0,84.0,85.0,83.0,85.0,83.0,85.0,82.0,85.0,84.0,83.0,88.0,75.0,89.0,78.0,85.0,85.0,2024_02,slope-mean
2856,0.0,0.0,0.0,0.0,0.0,0.0,0.0,0.0,0.0,0.0,0.0,0.0,0.0,0.0,0.0,0.0,0.0,0.0,0.0,0.0,0.0,0.0,0.0,0.0,8999449.0,0.0,9998349.16,0.0,0.0,0.0,0.0,0.0,0.0,0.0,0.0,2024_02,sopd-tenders-awarded-value
2857,61556.0,46195.0,49838.0,73043.0,45709.0,105362.0,73583.0,62453.0,34899.0,83722.0,69471.0,46226.0,52993.0,75505.0,38155.0,11647.0,115757.0,90785.0,30837.0,37252.0,33945.0,78600.0,55973.0,44945.0,27799.0,58969.0,41519.0,17727.0,33691.0,50315.0,25989.0,25769.0,7799.0,13027.0,22621.0,2024_02,sum-aged-population
2858,1292936.0,1422023.0,1093141.0,1633598.0,1164373.0,2408804.0,1479834.0,1181482.0,714264.0,1426956.0,1506738.0,783516.0,1003016.0,1318187.0,714774.0,293750.0,2154488.0,1430620.0,786401.0,821803.0,618750.0,1657188.0,1378544.0,975597.0,730731.0,1185014.0,874683.0,498958.0,667939.0,1144635.0,556684.0,372244.0,164882.0,324337.0,504653.0,2024_02,sum-population
2859,15.12,3.2,29.61,16.32,63.4,71.41,72.58,302.89,282.37,447.96,364.51,113.45,85.01,158.77,344.86,394.29,442.55,235.09,163.36,6.48,22.62,36.35,4.67,12.25,34.77,39.8,32.71,115.9,66.74,56.22,6.06,67.2,63.07,7.58,18.54,2024_02,sum-rain
2860,121963.0,111231.0,111628.0,140245.0,91493.0,193397.0,121841.0,108134.0,64489.0,141390.0,98785.0,57929.0,57163.0,107474.0,85336.0,26144.0,189117.0,168805.0,62955.0,69727.0,62967.0,108986.0,64843.0,50006.0,37799.0,114409.0,68516.0,22523.0,55300.0,92940.0,59995.0,55881.0,8847.0,24116.0,31386.0,2024_02,sum-young-population
2861,,,,,,,,,,,,,,,,,,,,,,,,,,,,,,,,,,,,2024_02,topsis-score
2862,0.0,0.0,0.0,0.0,0.0,0.0,0.0,0.0,0.0,0.0,0.0,0.0,0.0,0.0,0.0,0.0,0.0,0.0,0.0,0.0,0.0,0.0,0.0,0.0,0.0,0.0,0.0,0.0,0.0,0.0,0.0,0.0,0.0,0.0,0.0,2024_02,total-animal-affected
2863,0.0,0.0,0.0,0.0,0.0,0.0,0.0,0.0,0.0,0.0,0.0,0.0,0.0,0.0,0.0,0.0,0.0,0.0,0.0,0.0,0.0,0.0,0.0,0.0,0.0,0.0,0.0,0.0,0.0,0.0,0.0,0.0,0.0,0.0,0.0,2024_02,total-animal-washed-away
2864,214904.0,377710.0,240459.0,393378.0,267778.0,527427.0,318730.0,266928.0,195025.0,318555.0,311523.0,172096.0,272707.0,275841.0,103131.0,30119.0,416101.0,256161.0,165784.0,185414.0,105445.0,408132.0,327221.0,233278.0,132203.0,231859.0,185739.0,108235.0,150938.0,214866.0,202538.0,52339.0,39239.0,77895.0,112690.0,2024_02,total-hhd
2865,0.0,0.0,0.0,0.0,0.0,0.0,0.0,0.0,0.0,0.0,0.0,0.0,0.0,0.0,0.0,0.0,0.0,0.0,0.0,0.0,0.0,0.0,0.0,0.0,0.0,0.0,0.0,0.0,0.0,0.0,0.0,0.0,0.0,0.0,0.0,2024_02,total-house-fully-damaged
2866,0.0,0.0,0.0,0.0,0.0,0.0,0.0,0.0,0.0,0.0,0.0,0.0,0.0,0.0,0.0,0.0,0.0,0.0,0.0,0.0,0.0,0.0,85953091.78,0.0,8999449.0,0.0,9998349.16,0.0,24874900.0,0.0,0.0,0.0,11556900.0,0.0,7650000.0,2024_02,total-tender-awarded-value
2867,0.0,0.0,0.0,0.0,0.0,0.0,0.0,0.0,0.0,0.0,0.0,0.0,0.0,0.0,0.0,0.0,0.0,0.0,0.0,0.0,0.0,0.0,0.0,0.0,0.0,0.0,0.0,0.0,0.0,0.0,0.0,0.0,0.0,0.0,0.0,2024_02,trees
2868,3,2,3,3,5,3,4,4,3,4,4,3,2,3,1,1,3,1,1,3,3,2,1,1,3,3,4,3,4,5,2,4,1,1,3,2024_02,vulnerability
2869,0.0,0.0,0.0,0.0,0.0,0.0,0.0,0.0,0.0,0.0,0.0,0.0,0.0,0.0,0.0,0.0,0.0,0.0,0.0,0.0,0.0,0.0,0.0,0.0,0.0,0.0,0.0,0.0,0.0,0.0,0.0,0.0,0.0,0.0,0.0,2024_02,water
2870,9.0,7.5,8.9,8.0,7.2,9.8,9.8,8.3,7.0,8.6,10.2,10.4,10.3,8.8,7.2,8.1,9.8,9.8,9.5,9.1,8.2,10.1,12.1,10.5,9.0,9.2,8.3,8.6,8.9,8.0,6.7,5.8,9.4,7.0,11.6,2024_03,avg-electricity
2871,2.2,2.6,2.0,2.0,2.4,2.0,2.2,2.4,2.0,2.0,2.0,2.2,2.2,2.3,2.0,2.5,2.2,2.4,2.0,2.2,2.2,2.4,2.5,2.1,2.3,2.0,2.2,2.0,2.3,2.3,2.0,2.0,2.5,2.3,2.2,2024_03,avg-tele
2872,0.0,0.0,0.0,0.0,0.0,0.0,0.0,0.0,0.0,0.0,0.0,0.0,0.0,0.0,0.0,0.0,0.0,0.0,0.0,0.0,0.0,0.0,0.0,0.0,0.0,0.0,0.0,0.0,0.0,0.0,0.0,0.0,0.0,0.0,0.0,2024_03,bare-ground
2873,0.0,0.0,0.0,0.0,0.0,0.0,0.0,0.0,0.0,0.0,0.0,0.0,0.0,0.0,0.0,0.0,0.0,0.0,0.0,0.0,0.0,0.0,0.0,0.0,0.0,0.0,0.0,0.0,0.0,0.0,0.0,0.0,0.0,0.0,0.0,2024_03,bridge
2874,0.0,0.0,0.0,0.0,0.0,0.0,0.0,0.0,0.0,0.0,0.0,0.0,0.0,0.0,0.0,0.0,0.0,0.0,0.0,0.0,0.0,0.0,0.0,0.0,0.0,0.0,0.0,0.0,0.0,0.0,0.0,0.0,0.0,0.0,0.0,2024_03,built-area
2875,,,,,,,,,,,,,,,,,,,,,,,,,,,,,,,,,,,,2024_03,children-camp
2876,0.0,0.0,0.0,0.0,0.0,0.0,0.0,0.0,0.0,0.0,0.0,0.0,0.0,0.0,0.0,0.0,0.0,0.0,0.0,0.0,0.0,0.0,0.0,0.0,0.0,0.0,0.0,0.0,0.0,0.0,0.0,0.0,0.0,0.0,0.0,2024_03,cidf-tenders-awarded-value
2877,0.0,0.0,0.0,0.0,0.0,0.0,0.0,0.0,0.0,0.0,0.0,0.0,0.0,0.0,0.0,0.0,0.0,0.0,0.0,0.0,0.0,0.0,0.0,0.0,0.0,0.0,0.0,0.0,0.0,0.0,0.0,0.0,0.0,0.0,0.0,2024_03,clouds
2878,,,,,,,,,,,,,,,,,,,,,,,,,,,,,,,,,,,,2024_03,count
2879,0.0,0.0,0.0,0.0,0.0,0.0,0.0,0.0,0.0,0.0,0.0,0.0,0.0,0.0,0.0,0.0,0.0,0.0,0.0,0.0,0.0,0.0,0.0,0.0,0.0,0.0,0.0,0.0,0.0,0.0,0.0,0.0,0.0,0.0,0.0,2024_03,crop-area
2880,0.0,0.0,0.0,0.0,0.0,0.0,0.0,0.0,0.0,0.0,0.0,0.0,0.0,0.0,0.0,0.0,0.0,0.0,0.0,0.0,0.0,0.0,0.0,0.0,0.0,0.0,0.0,0.0,0.0,0.0,0.0,0.0,0.0,0.0,0.0,2024_03,crops
2881,4296.624151156235,2231.5993331549903,3585.3069321814023,1247.6117514050093,2700.336576957554,3477.530108369159,1557.3606551140049,2711.0464141089856,2238.6415334905228,4159.102888381454,9491.630139883577,3889.6067327857527,7133.757644739055,3445.5268629610114,8511.666927309076,4923.29748622475,3222.517655928944,4060.318063254274,4335.474967336042,1883.330083753236,975.2407923854796,4254.719948057848,3333.953706616405,1829.807307358248,1576.5499878215094,1098.83444541599,1489.926404330648,4700.953196095703,4363.59388114963,5163.44360094801,880.805632910103,4989.53282327419,1292.455559234692,1123.7037030160088,1578.254039674223,2024_03,distance-from-river
2882,KOKRAJHAR,DHUBRI,GOALPARA,BARPETA,MORIGAON,NAGAON,SONITPUR,LAKHIMPUR,DHEMAJI,TINSUKIA,DIBRUGARH,SIVASAGAR,JORHAT,GOLAGHAT,KARBI ANGLONG,DIMA HASAO,CACHAR,KARIMGANJ,HAILAKANDI,BONGAIGAON,CHIRANG,KAMRUP,KAMRUP METRO,NALBARI,BAKSA,DARRANG,UDALGURI,CHARAIDEO,BISWANATH,HOJAI,SOUTH SALMARA MANCACHAR,WEST KARBI ANGLONG,MAJULI,BAJALI,TAMULPUR,2024_03,district
2883,0.0005623749999999,0.0006515714285714,0.0005706,0.0006465,0.0005976,0.0005747142857142,0.000571,0.0006111428571428,0.0005535,0.00057375,0.0006251428571428,0.0006055,0.0006035999999999,0.0005855,0.00041,0.00031275,0.0004408,0.0005329999999999,0.0005025,0.0005798,0.000528,0.0005858461538461,0.00044875,0.000670625,0.0005907142857142,0.0006724,0.0006286666666666,0.000603,0.0006126666666666,0.00058,0.000585,0.000439,0.0006255,0.0006813333333333,0.0006636,2024_03,drainage-density
2884,,,,,,,,,,,,,,,,,,,,,,,,,,,,,,,,,,,,2024_03,dtcode11
2885,,,,,,,,,,,,,,,,,,,,,,,,,,,,,,,,,,,,2024_03,dtname
2886,0.892259375,0.9272422857142856,0.8636582,0.8739833333333333,0.8005294,0.8777715714285714,0.83249825,0.8290474285714285,0.8667876666666667,0.818027,0.8369224285714285,0.88258125,0.9324726,0.8764460000000001,0.9548416666666668,1.0,0.8665115999999999,0.9620144,0.9488055,0.8860518,0.8910933999999999,0.9528222307692308,1.0,0.96180125,0.8554734285714286,0.8642139999999999,0.8254092222222221,0.881589,0.8245483333333334,0.778826,0.914767,0.80598,0.954477,0.9771223333333332,0.8799783999999999,2024_03,efficiency
2887,63.0,33.0,49.0,40.0,63.0,72.0,86.0,96.0,141.0,142.0,113.0,99.0,105.0,97.0,347.0,607.0,155.0,36.0,47.0,54.0,84.0,82.0,114.0,49.0,70.0,59.0,91.0,112.0,86.0,125.0,26.0,483.0,85.0,47.0,71.0,2024_03,elevation-mean
2888,0.0,0.0,0.0,0.0,0.0,0.0,0.0,0.0,0.0,0.0,0.0,0.0,0.0,0.0,0.0,0.0,0.0,0.0,0.0,0.0,0.0,0.0,0.0,0.0,0.0,0.0,0.0,0.0,0.0,0.0,0.0,0.0,0.0,0.0,0.0,2024_03,embankment-breached
2889,0.0,0.0,0.0,0.0,0.0,0.0,0.0,0.0,0.0,0.0,0.0,0.0,0.0,0.0,0.0,0.0,0.0,0.0,0.0,0.0,0.0,0.0,0.0,0.0,0.0,0.0,0.0,0.0,0.0,0.0,0.0,0.0,0.0,0.0,0.0,2024_03,embankments-affected
2890,1,2,2,3,2,4,5,1,1,5,2,2,2,2,2,1,5,3,2,1,1,1,4,1,1,3,1,1,2,5,5,3,1,1,1,2024_03,exposure
2891,,,,,,,,,,,,,,,,,,,,,,,,,,,,,,,,,,,,2024_03,female-camp
2892,2023-2024,2023-2024,2023-2024,2023-2024,2023-2024,2023-2024,2023-2024,2023-2024,2023-2024,2023-2024,2023-2024,2023-2024,2023-2024,2023-2024,2023-2024,2023-2024,2023-2024,2023-2024,2023-2024,2023-2024,2023-2024,2023-2024,2023-2024,2023-2024,2023-2024,2023-2024,2023-2024,2023-2024,2023-2024,2023-2024,2023-2024,2023-2024,2023-2024,2023-2024,2023-2024,2024_03,financial-year
2893,1,1,1,3,1,1,3,4,3,3,1,1,2,3,1,4,4,3,2,1,1,1,1,3,4,2,3,1,3,1,5,1,1,4,3,2024_03,flood-hazard
2894,,,,,,,,,,,,,,,,,,,,,,,,,,,,,,,,,,,,2024_03,flood-hazard-float
2895,0.0,0.0,0.0,0.0,0.0,0.0,0.0,0.0,0.0,0.0,0.0,0.0,0.0,0.0,0.0,0.0,0.0,0.0,0.0,0.0,0.0,0.0,0.0,0.0,0.0,0.0,0.0,0.0,0.0,0.0,0.0,0.0,0.0,0.0,0.0,2024_03,flooded-vegetation
2896,5,5,5,5,5,5,5,5,5,5,5,5,5,5,5,5,5,5,5,5,5,1,1,5,5,3,5,5,5,5,5,5,5,5,5,2024_03,government-response
2897,163,151,154,205,116,277,158,124,73,119,169,143,106,153,30,4,176,96,87,88,68,282,52,142,109,129,15,82,100,91,69,25,32,70,67,2024_03,health-centres-count
2898,0,0,0,0,0,0,0,0,0,0,0,0,0,0,0,0,0,0,0,0,0,0,0,0,0,0,0,0,0,0,0,0,0,0,0,2024_03,human-live-lost
2899,,,,,,,,,,,,,,,,,,,,,,,,,,,,,,,,,,,,2024_03,human-live-lost-children
2900,,,,,,,,,,,,,,,,,,,,,,,,,,,,,,,,,,,,2024_03,human-live-lost-female
2901,,,,,,,,,,,,,,,,,,,,,,,,,,,,,,,,,,,,2024_03,human-live-lost-male
2902,0.0,7789267.0,0.0,0.0,0.0,0.0,0.0,0.0,0.0,0.0,0.0,0.0,0.0,0.0,0.0,0.0,0.0,0.0,0.0,0.0,0.0,0.0,8158233.0,0.0,0.0,0.0,0.0,0.0,0.0,0.0,0.0,0.0,0.0,0.0,40136509.0,2024_03,immediate-measures-tenders-awarded-value
2903,0.0,0.0,0.0,0.0,0.0,0.0,0.0,0.0,0.0,0.0,0.0,0.0,0.0,0.0,0.0,0.0,0.0,0.0,0.0,0.0,0.0,0.0,0.0,0.0,0.0,0.0,0.0,0.0,0.0,0.0,0.0,0.0,0.0,0.0,0.0,2024_03,inundation-intensity-mean
2904,0.0,0.0,0.0,0.0,0.0,0.0,0.0,0.0,0.0,0.0,0.0,0.0,0.0,0.0,0.0,0.0,0.0,0.0,0.0,0.0,0.0,0.0,0.0,0.0,0.0,0.0,0.0,0.0,0.0,0.0,0.0,0.0,0.0,0.0,0.0,2024_03,inundation-intensity-mean-nonzero
2905,0.0,0.0,0.0,0.0,0.0,0.0,0.0,0.0,0.0,0.0,0.0,0.0,0.0,0.0,0.0,0.0,0.0,0.0,0.0,0.0,0.0,0.0,0.0,0.0,0.0,0.0,0.0,0.0,0.0,0.0,0.0,0.0,0.0,0.0,0.0,2024_03,inundation-intensity-sum
2906,0.0,0.0,0.0,0.0,0.0,0.0,0.0,0.0,0.0,0.0,0.0,0.0,0.0,0.0,0.0,0.0,0.0,0.0,0.0,0.0,0.0,0.0,0.0,0.0,0.0,0.0,0.0,0.0,0.0,0.0,0.0,0.0,0.0,0.0,0.0,2024_03,inundation-pct
2907,0.0,0.0,0.0,0.0,0.0,0.0,0.0,0.0,0.0,0.0,0.0,0.0,0.0,0.0,0.0,0.0,0.0,0.0,0.0,0.0,0.0,0.0,0.0,0.0,0.0,0.0,0.0,0.0,0.0,0.0,0.0,0.0,0.0,0.0,0.0,2024_03,ltif-tenders-awarded-value
2908,,,,,,,,,,,,,,,,,,,,,,,,,,,,,,,,,,,,2024_03,male-camp
2909,0.08,0.08,0.08,0.11,0.07,0.07,0.17,0.28,0.28,0.18,0.09,0.07,0.12,0.13,0.14,0.27,0.27,0.16,0.13,0.08,0.13,0.1,0.05,0.1,0.15,0.14,0.17,0.07,0.19,0.08,0.36,0.1,0.1,0.13,0.15,2024_03,max-rain
2910,79.02868494142712,101.80280753365652,92.94383900653578,105.59323892727154,101.52151689605472,82.80184981421402,96.12358569934148,83.9078683433952,82.58482453454118,85.28440626816572,92.33941954273553,80.5484411209615,79.26767921681454,87.0143854317649,73.9235270160713,74.45407242468538,76.22171823123378,78.77654329987095,76.5297175055914,92.844134833946,78.73454361714819,88.47737641290556,90.33791694141864,81.3350244170581,77.2968865972734,93.73693822422564,78.06937273928872,76.99096084367254,87.73877652848734,76.69919006241047,135.19869279538494,74.5890767941101,111.4923918776678,77.2774448783579,78.49346327750206,2024_03,mean-cn
2911,-0.1850835517203444,-0.1956678468128085,-0.0752289160580391,-0.1259758431129314,-0.1525422918570213,-0.2334060994513962,-0.2958093379321799,-0.1454879068376235,-0.1528966620435803,-0.2370712643210324,-0.2596744701582269,-0.1377507066314716,-0.0452071219857272,-0.0185237128240636,-0.1538110041309242,-0.1769310836542678,-0.1449437193717487,-0.1770583584700904,-0.1456127027439684,-0.0626237020527392,-0.1348368288284448,-0.1490368487693198,-0.0608214502201025,-0.1494417894853278,-0.1389498704984372,-0.1107711037677772,-0.0851231711544214,-0.2632697761086836,-0.0958510980054095,-0.0674460567516172,-0.315793915109311,-0.2054044169764365,-0.1535157206055453,-0.096328354598843,-0.1380725875553354,2024_03,mean-ndbi
2912,0.5948139321370294,0.348896367458991,0.4443305559075822,0.4060782106516059,0.3931257249132537,0.5225512831831975,0.3489793821476288,0.5277800419109677,0.5476224430007779,0.59180938265601,0.4618180009758691,0.4644053150982432,0.4627769425735512,0.4058412483095104,0.6139901362790255,0.5922850425667504,0.6137813238556584,0.5207142996056586,0.5455609121536247,0.441657221470901,0.5982681700048228,0.535696030303154,0.3739631313957174,0.5060000290828183,0.5738038000103506,0.3716188262889552,0.3784167883298902,0.6414649445428332,0.5171434705886266,0.4512366167861031,0.1825243453219916,0.5504271476499496,0.1833250095828774,0.5252079689570389,0.5127752558954477,2024_03,mean-ndvi
2913,0.07,0.06,0.08,0.09,0.06,0.06,0.1,0.12,0.13,0.11,0.07,0.06,0.08,0.09,0.07,0.16,0.17,0.13,0.12,0.07,0.08,0.06,0.04,0.08,0.11,0.08,0.09,0.06,0.09,0.07,0.2,0.06,0.07,0.09,0.09,2024_03,mean-rain
2914,0.94,0.94,0.94,0.94,0.95,0.94,0.93,0.94,0.93,0.93,0.94,0.93,0.94,0.94,0.92,0.91,0.94,0.94,0.93,0.95,0.95,0.93,0.91,0.93,0.95,0.93,0.94,0.93,0.93,0.94,0.94,0.93,0.94,0.94,0.95,2024_03,mean-sex-ratio
2915,78683.46309,83470.903,78088.12,79714.84605,75490.3523,87424.202,71470.137,90513.46103,104651.240916,68512.0013,81437.447,43095.76595,54183.314,128914.321604,35388.58,27888.17,66721.37,42827.17595,35287.21,42395.395,27850.66,74001.84561,6039.38,44021.984,58167.37587,76196.45569999999,93034.31635285716,23849.9,71288.401,78621.26999999999,17419.61,48488.349,16642.66,23559.76,71015.57777333334,2024_03,net-sown-area-in-hac
2916,5450478.81,4984888.0,0.0,44291694.0,59916629.86,0.0,0.0,170778771.26,8982250.0,0.0,0.0,0.0,0.0,0.0,0.0,6270000.0,0.0,0.0,0.0,0.0,2473951.2,0.0,6561924.0,19271500.0,15320434.0,0.0,10499274.36,0.0,0.0,0.0,19021500.0,0.0,0.0,0.0,0.0,2024_03,others-tenders-awarded-value
2917,0.0,0.0,0.0,0.0,0.0,0.0,0.0,0.0,0.0,0.0,0.0,0.0,0.0,0.0,0.0,0.0,0.0,0.0,0.0,0.0,0.0,0.0,0.0,0.0,0.0,0.0,0.0,0.0,0.0,0.0,0.0,0.0,0.0,0.0,0.0,2024_03,population-affected-total
2918,62.0,342.0,34.0,5.0,10.0,45.0,35.0,38.0,77.0,43.0,49.0,27.0,41.0,43.0,32.0,146.0,46.0,45.0,28.0,81.0,8.0,45.0,80.0,11.0,0.0,0.0,24.0,24.0,19.0,30.0,0.0,0.0,0.0,9.0,6.0,2024_03,rail-count
2919,145613.0,139561.0,78425.0,17621.0,30884.0,174517.0,138494.0,108334.0,121454.0,119685.0,123774.0,73292.0,86126.0,117155.0,73424.0,172636.0,103488.0,117739.0,90281.0,82273.0,24548.0,109026.0,89510.0,30164.0,0.0,0.0,66114.0,80492.0,74271.0,75327.0,0.0,0.0,0.0,28139.0,18201.0,2024_03,rail-length
2920,0.0,0.0,0.0,0.0,0.0,0.0,0.0,0.0,0.0,0.0,0.0,0.0,0.0,0.0,0.0,0.0,0.0,0.0,0.0,0.0,0.0,0.0,0.0,0.0,0.0,0.0,0.0,0.0,0.0,0.0,0.0,0.0,0.0,0.0,0.0,2024_03,rangeland
2921,3131,1557,1979,1848,1512,2564,3445,2998,2483,3810,3379,1567,1865,3523,7337,4884,3783,1839,1329,1088,1926,3283,834,1036,1526,1611,1987,1073,1783,1456,684,3073,970,470,877,2024_03,rc-area
2922,22.9,25.01,25.42,15.04,15.81,23.51,13.19,16.32,20.87,24.89,12.8,8.96,12.07,15.06,23.47,23.25,15.87,14.25,19.26,12.86,25.35,9.48,11.61,21.25,15.46,13.0,15.96,19.71,28.46,27.66,28.09,28.84,17.28,9.75,12.15,2024_03,rc-nosanitation-hhds-pct
2923,2.85,1.19,3.55,2.25,3.35,4.98,6.04,2.83,2.26,3.42,4.19,6.81,14.25,7.18,1.95,6.36,8.53,5.57,4.01,2.04,1.03,3.32,11.46,9.66,2.8,5.1,3.07,3.8,4.2,5.27,3.57,0.24,4.95,6.03,5.78,2024_03,rc-piped-hhds-pct
2924,,,,,,,,,,,,,,,,,,,,,,,,,,,,,,,,,,,,2024_03,relief-camp-inmates
2925,0.0,0.0,0.0,0.0,0.0,0.0,0.0,0.0,0.0,0.0,0.0,0.0,0.0,0.0,0.0,0.0,0.0,0.0,0.0,0.0,0.0,0.0,0.0,0.0,0.0,0.0,0.0,0.0,0.0,0.0,0.0,0.0,0.0,0.0,0.0,2024_03,restoration-measures-tenders-awarded-value
2926,,,,,,,,,,,,,,,,,,,,,,,,,,,,,,,,,,,,2024_03,revenue-ci
2927,0.0,0.0,0.0,44291694.0,59916629.86,0.0,0.0,263681239.26,0.0,0.0,0.0,0.0,80369368.0,0.0,0.0,6270000.0,0.0,0.0,0.0,0.0,0.0,0.0,80999942.0,9025000.0,0.0,0.0,0.0,0.0,0.0,0.0,0.0,0.0,0.0,0.0,40136509.0,2024_03,ridf-tenders-awarded-value
2928,1,2,1,3,2,2,3,4,3,4,2,2,2,3,1,4,4,3,3,1,1,1,1,3,4,3,3,1,3,2,5,2,1,4,3,2024_03,risk-score
2929,40.25,31.7,44.28,42.86,48.53,54.14,76.42,93.24,0.0,131.62,117.75,93.55,81.3,128.09,0.0,131.26,21.2,17.76,21.75,50.72,52.79,49.47,50.23,50.43,0.0,0.0,0.0,97.77,0.0,0.0,0.0,747.8,0.0,0.0,162.06,2024_03,riverlevel-max
2930,5.028803191489361,11.699179661517414,14.64437234042553,7.058882978723404,18.84901935483871,7.724500768049155,33.708198924731185,37.67110599078341,0.0,63.83693548387096,30.58096262160779,68.3901747311828,16.155483870967743,44.81617383512545,0.0,32.79016129032258,13.85702407804608,9.87731182795699,11.01462365591398,9.59787165775401,10.552787234042556,7.433625204582652,22.697672872340423,6.286609042553192,0.0,0.0,0.0,32.546129032258065,0.0,0.0,0.0,406.3932795698925,0.0,0.0,45.515978723404245,2024_03,riverlevel-mean
2931,0.0,0.0,0.0,0.0,0.0,0.0,0.0,0.0,0.0,0.0,0.0,0.0,0.0,0.0,0.0,0.0,6.86,0.0,0.0,0.0,0.0,0.0,0.0,0.0,0.0,0.0,0.0,0.0,0.0,0.0,0.0,65.53,0.0,0.0,0.0,2024_03,riverlevel-min
2932,858892.0,705770.0,1011509.0,725891.0,634621.0,1331470.0,745620.0,804067.0,578686.0,1211943.0,1453600.0,700651.0,736030.0,1389863.0,752361.0,843185.0,988230.0,615579.0,483931.0,654117.0,547046.0,1589070.0,746938.0,450865.0,429399.0,767150.0,650574.0,485197.0,574075.0,560100.0,78936.0,457481.0,54196.0,461489.0,294016.0,2024_03,road-length
2933,0.0,0.0,0.0,0.0,0.0,0.0,0.0,0.0,0.0,0.0,0.0,0.0,0.0,0.0,0.0,0.0,0.0,0.0,0.0,0.0,0.0,0.0,0.0,0.0,0.0,0.0,0.0,0.0,0.0,0.0,0.0,0.0,0.0,0.0,0.0,2024_03,roads
2934,2788,3147,2578,2904,1994,3284,2025,3519,2301,1950,2431,1838,2072,2507,1757,1063,3322,3188,3016,1463,1336,3463,1151,1817,1497,1858,1795,1007,1291,1320,1381,925,805,813,995,2024_03,schools-count
2935,0.0,0.0,0.0,0.0,0.0,0.0,0.0,0.0,1643000.0,0.0,0.0,0.0,0.0,0.0,0.0,0.0,0.0,0.0,0.0,0.0,0.0,0.0,0.0,0.0,0.0,1865000.0,0.0,0.0,0.0,0.0,0.0,0.0,0.0,0.0,0.0,2024_03,sdrf-sanctions-awarded-value
2936,0.0,0.0,0.0,0.0,0.0,0.0,0.0,0.0,0.0,0.0,0.0,0.0,0.0,0.0,0.0,0.0,0.0,0.0,0.0,0.0,0.0,0.0,0.0,0.0,0.0,0.0,0.0,0.0,0.0,0.0,0.0,0.0,0.0,0.0,0.0,2024_03,sdrf-tenders-awarded-value
2937,84.0,81.0,84.0,78.0,81.0,86.0,82.0,84.0,84.0,83.0,79.0,85.0,85.0,84.0,89.0,90.0,88.0,86.0,87.0,84.0,85.0,83.0,85.0,83.0,85.0,82.0,85.0,84.0,83.0,88.0,75.0,89.0,78.0,85.0,85.0,2024_03,slope-mean
2938,2499478.28,0.0,0.0,0.0,0.0,0.0,0.0,0.0,0.0,0.0,0.0,0.0,0.0,0.0,0.0,0.0,0.0,0.0,0.0,0.0,0.0,0.0,0.0,0.0,5867915.0,0.0,10499274.36,0.0,0.0,0.0,0.0,0.0,0.0,0.0,0.0,2024_03,sopd-tenders-awarded-value
2939,61556.0,46195.0,49838.0,73043.0,45709.0,105362.0,73583.0,62453.0,34899.0,83722.0,69471.0,46226.0,52993.0,75505.0,38155.0,11647.0,115757.0,90785.0,30837.0,37252.0,33945.0,78600.0,55973.0,44945.0,27799.0,58969.0,41519.0,17727.0,33691.0,50315.0,25989.0,25769.0,7799.0,13027.0,22621.0,2024_03,sum-aged-population
2940,1292936.0,1422023.0,1093141.0,1633598.0,1164373.0,2408804.0,1479834.0,1181482.0,714264.0,1426956.0,1506738.0,783516.0,1003016.0,1318187.0,714774.0,293750.0,2154488.0,1430620.0,786401.0,821803.0,618750.0,1657188.0,1378544.0,975597.0,730731.0,1185014.0,874683.0,498958.0,667939.0,1144635.0,556684.0,372244.0,164882.0,324337.0,504653.0,2024_03,sum-population
2941,177.49,88.41,131.47,142.32,77.5,144.6,304.59,322.98,241.18,370.67,212.37,92.07,145.93,299.69,468.36,629.63,525.43,200.3,128.88,66.25,151.21,181.53,31.19,73.53,159.01,108.52,185.06,57.74,147.4,89.56,109.41,170.42,59.65,41.0,81.88,2024_03,sum-rain
2942,121963.0,111231.0,111628.0,140245.0,91493.0,193397.0,121841.0,108134.0,64489.0,141390.0,98785.0,57929.0,57163.0,107474.0,85336.0,26144.0,189117.0,168805.0,62955.0,69727.0,62967.0,108986.0,64843.0,50006.0,37799.0,114409.0,68516.0,22523.0,55300.0,92940.0,59995.0,55881.0,8847.0,24116.0,31386.0,2024_03,sum-young-population
2943,,,,,,,,,,,,,,,,,,,,,,,,,,,,,,,,,,,,2024_03,topsis-score
2944,0.0,0.0,0.0,0.0,0.0,0.0,0.0,0.0,0.0,0.0,0.0,0.0,0.0,0.0,0.0,0.0,0.0,0.0,0.0,0.0,0.0,0.0,0.0,0.0,0.0,0.0,0.0,0.0,0.0,0.0,0.0,0.0,0.0,0.0,0.0,2024_03,total-animal-affected
2945,0.0,0.0,0.0,0.0,0.0,0.0,0.0,0.0,0.0,0.0,0.0,0.0,0.0,0.0,0.0,0.0,0.0,0.0,0.0,0.0,0.0,0.0,0.0,0.0,0.0,0.0,0.0,0.0,0.0,0.0,0.0,0.0,0.0,0.0,0.0,2024_03,total-animal-washed-away
2946,214904.0,377710.0,240459.0,393378.0,267778.0,527427.0,318730.0,266928.0,195025.0,318555.0,311523.0,172096.0,272707.0,275841.0,103131.0,30119.0,416101.0,256161.0,165784.0,185414.0,105445.0,408132.0,327221.0,233278.0,132203.0,231859.0,185739.0,108235.0,150938.0,214866.0,202538.0,52339.0,39239.0,77895.0,112690.0,2024_03,total-hhd
2947,0.0,0.0,0.0,0.0,0.0,0.0,0.0,0.0,0.0,0.0,0.0,0.0,0.0,0.0,0.0,0.0,0.0,0.0,0.0,0.0,0.0,0.0,0.0,0.0,0.0,0.0,0.0,0.0,0.0,0.0,0.0,0.0,0.0,0.0,0.0,2024_03,total-house-fully-damaged
2948,5450478.81,12774155.0,0.0,44291694.0,59916629.86,0.0,0.0,263681239.26,8982250.0,0.0,0.0,0.0,80369368.0,0.0,0.0,6270000.0,0.0,0.0,0.0,0.0,2473951.2,0.0,194168108.0,19271500.0,15320434.0,0.0,10499274.36,0.0,0.0,0.0,19021500.0,0.0,0.0,0.0,40136509.0,2024_03,total-tender-awarded-value
2949,0.0,0.0,0.0,0.0,0.0,0.0,0.0,0.0,0.0,0.0,0.0,0.0,0.0,0.0,0.0,0.0,0.0,0.0,0.0,0.0,0.0,0.0,0.0,0.0,0.0,0.0,0.0,0.0,0.0,0.0,0.0,0.0,0.0,0.0,0.0,2024_03,trees
2950,3,2,3,3,5,3,4,4,3,4,4,3,2,3,1,1,3,1,1,3,3,2,1,1,3,3,4,3,4,5,2,4,1,1,3,2024_03,vulnerability
2951,0.0,0.0,0.0,0.0,0.0,0.0,0.0,0.0,0.0,0.0,0.0,0.0,0.0,0.0,0.0,0.0,0.0,0.0,0.0,0.0,0.0,0.0,0.0,0.0,0.0,0.0,0.0,0.0,0.0,0.0,0.0,0.0,0.0,0.0,0.0,2024_03,water
2952,9.0,7.5,8.9,8.0,7.2,9.8,9.8,8.3,7.0,8.6,10.2,10.4,10.3,8.8,7.2,8.1,9.8,9.8,9.5,9.1,8.2,10.1,12.1,10.5,9.0,9.2,8.3,8.6,8.9,8.0,6.7,5.8,9.4,7.0,11.6,2024_04,avg-electricity
2953,2.2,2.6,2.0,2.0,2.4,2.0,2.2,2.4,2.0,2.0,2.0,2.2,2.2,2.3,2.0,2.5,2.2,2.4,2.0,2.2,2.2,2.4,2.5,2.1,2.3,2.0,2.2,2.0,2.3,2.3,2.0,2.0,2.5,2.3,2.2,2024_04,avg-tele
2954,0.0,0.0,0.0,0.0,0.0,0.0,0.0,0.0,0.0,0.0,0.0,0.0,0.0,0.0,0.0,0.0,0.0,0.0,0.0,0.0,0.0,0.0,0.0,0.0,0.0,0.0,0.0,0.0,0.0,0.0,0.0,0.0,0.0,0.0,0.0,2024_04,bare-ground
2955,0.0,0.0,0.0,0.0,0.0,0.0,0.0,0.0,0.0,0.0,0.0,0.0,0.0,0.0,0.0,0.0,0.0,0.0,0.0,0.0,0.0,0.0,0.0,0.0,0.0,0.0,0.0,0.0,0.0,0.0,0.0,0.0,0.0,0.0,0.0,2024_04,bridge
2956,0.0,0.0,0.0,0.0,0.0,0.0,0.0,0.0,0.0,0.0,0.0,0.0,0.0,0.0,0.0,0.0,0.0,0.0,0.0,0.0,0.0,0.0,0.0,0.0,0.0,0.0,0.0,0.0,0.0,0.0,0.0,0.0,0.0,0.0,0.0,2024_04,built-area
2957,,,,,,,,,,,,,,,,,,,,,,,,,,,,,,,,,,,,2024_04,children-camp
2958,0.0,0.0,0.0,0.0,0.0,0.0,0.0,0.0,0.0,0.0,0.0,0.0,0.0,0.0,0.0,0.0,0.0,0.0,0.0,0.0,0.0,0.0,0.0,0.0,0.0,0.0,0.0,0.0,0.0,0.0,0.0,0.0,0.0,0.0,0.0,2024_04,cidf-tenders-awarded-value
2959,0.0,0.0,0.0,0.0,0.0,0.0,0.0,0.0,0.0,0.0,0.0,0.0,0.0,0.0,0.0,0.0,0.0,0.0,0.0,0.0,0.0,0.0,0.0,0.0,0.0,0.0,0.0,0.0,0.0,0.0,0.0,0.0,0.0,0.0,0.0,2024_04,clouds
2960,,,,,,,,,,,,,,,,,,,,,,,,,,,,,,,,,,,,2024_04,count
2961,0.0,0.0,0.0,0.0,0.0,0.0,0.0,0.0,0.0,0.0,0.0,0.0,0.0,0.0,0.0,0.0,0.0,0.0,0.0,0.0,0.0,0.0,0.0,0.0,0.0,0.0,0.0,0.0,0.0,0.0,0.0,0.0,0.0,0.0,0.0,2024_04,crop-area
2962,0.0,0.0,0.0,0.0,0.0,0.0,0.0,0.0,0.0,0.0,0.0,0.0,0.0,0.0,0.0,0.0,0.0,0.0,0.0,0.0,0.0,0.0,0.0,0.0,0.0,0.0,0.0,0.0,0.0,0.0,0.0,0.0,0.0,0.0,0.0,2024_04,crops
2963,4296.624151156235,2231.5993331549903,3585.3069321814023,1247.6117514050093,2700.336576957554,3477.530108369159,1557.3606551140049,2711.0464141089856,2238.6415334905228,4159.102888381454,9491.630139883577,3889.6067327857527,7133.757644739053,3445.5268629610114,8511.666927309077,4923.29748622475,3222.517655928944,4060.318063254274,4335.474967336042,1883.330083753236,975.2407923854796,4254.719948057848,3333.953706616405,1829.807307358248,1576.5499878215094,1098.83444541599,1489.926404330648,4700.953196095703,4363.59388114963,5163.44360094801,880.805632910103,4989.53282327419,1292.455559234692,1123.7037030160088,1578.254039674223,2024_04,distance-from-river
2964,KOKRAJHAR,DHUBRI,GOALPARA,BARPETA,MORIGAON,NAGAON,SONITPUR,LAKHIMPUR,DHEMAJI,TINSUKIA,DIBRUGARH,SIVASAGAR,JORHAT,GOLAGHAT,KARBI ANGLONG,DIMA HASAO,CACHAR,KARIMGANJ,HAILAKANDI,BONGAIGAON,CHIRANG,KAMRUP,KAMRUP METRO,NALBARI,BAKSA,DARRANG,UDALGURI,CHARAIDEO,BISWANATH,HOJAI,SOUTH SALMARA MANCACHAR,WEST KARBI ANGLONG,MAJULI,BAJALI,TAMULPUR,2024_04,district
2965,0.0005623749999999,0.0006515714285714,0.0005706,0.0006465,0.0005976,0.0005747142857142,0.000571,0.0006111428571428,0.0005535,0.00057375,0.0006251428571428,0.0006055,0.0006035999999999,0.0005855,0.00041,0.00031275,0.0004408,0.0005329999999999,0.0005025,0.0005798,0.000528,0.0005858461538461,0.00044875,0.000670625,0.0005907142857142,0.0006724,0.0006286666666666,0.000603,0.0006126666666666,0.00058,0.000585,0.000439,0.0006255,0.0006813333333333,0.0006636,2024_04,drainage-density
2966,,,,,,,,,,,,,,,,,,,,,,,,,,,,,,,,,,,,2024_04,dtcode11
2967,,,,,,,,,,,,,,,,,,,,,,,,,,,,,,,,,,,,2024_04,dtname
2968,0.892259375,0.9272422857142856,0.8636582,0.8739833333333333,0.8005294,0.8777715714285714,0.83249825,0.8290474285714285,0.8667876666666667,0.818027,0.8369224285714285,0.88258125,0.9324726,0.8764460000000001,0.9548416666666668,1.0,0.8665115999999999,0.9620144,0.9488055,0.8860518,0.8910933999999999,0.9528222307692308,1.0,0.96180125,0.8554734285714286,0.8642139999999999,0.8254092222222221,0.881589,0.8245483333333334,0.778826,0.914767,0.80598,0.954477,0.9771223333333332,0.8799783999999999,2024_04,efficiency
2969,63.0,33.0,49.0,40.0,63.0,72.0,86.0,96.0,141.0,142.0,113.0,99.0,105.0,97.0,347.0,607.0,155.0,36.0,47.0,54.0,84.0,82.0,114.0,49.0,70.0,59.0,91.0,112.0,86.0,125.0,26.0,483.0,85.0,47.0,71.0,2024_04,elevation-mean
2970,0.0,0.0,0.0,0.0,0.0,0.0,0.0,0.0,0.0,0.0,0.0,0.0,0.0,0.0,0.0,0.0,0.0,0.0,0.0,0.0,0.0,0.0,0.0,0.0,0.0,0.0,0.0,0.0,0.0,0.0,0.0,0.0,0.0,0.0,0.0,2024_04,embankment-breached
2971,0.0,0.0,0.0,0.0,0.0,0.0,0.0,0.0,0.0,0.0,0.0,0.0,0.0,0.0,0.0,0.0,0.0,0.0,0.0,0.0,0.0,0.0,0.0,0.0,0.0,0.0,0.0,0.0,0.0,0.0,0.0,0.0,0.0,0.0,0.0,2024_04,embankments-affected
2972,1,2,2,3,2,4,5,1,1,5,2,2,2,2,2,1,5,3,2,1,1,1,4,1,1,3,1,1,2,5,5,3,1,1,1,2024_04,exposure
2973,,,,,,,,,,,,,,,,,,,,,,,,,,,,,,,,,,,,2024_04,female-camp
2974,2024-2025,2024-2025,2024-2025,2024-2025,2024-2025,2024-2025,2024-2025,2024-2025,2024-2025,2024-2025,2024-2025,2024-2025,2024-2025,2024-2025,2024-2025,2024-2025,2024-2025,2024-2025,2024-2025,2024-2025,2024-2025,2024-2025,2024-2025,2024-2025,2024-2025,2024-2025,2024-2025,2024-2025,2024-2025,2024-2025,2024-2025,2024-2025,2024-2025,2024-2025,2024-2025,2024_04,financial-year
2975,1,1,1,2,2,1,2,3,3,5,4,4,4,4,1,1,3,5,5,1,1,1,1,2,1,2,2,4,3,1,1,1,4,2,2,2024_04,flood-hazard
2976,,,,,,,,,,,,,,,,,,,,,,,,,,,,,,,,,,,,2024_04,flood-hazard-float
2977,0.0,0.0,0.0,0.0,0.0,0.0,0.0,0.0,0.0,0.0,0.0,0.0,0.0,0.0,0.0,0.0,0.0,0.0,0.0,0.0,0.0,0.0,0.0,0.0,0.0,0.0,0.0,0.0,0.0,0.0,0.0,0.0,0.0,0.0,0.0,2024_04,flooded-vegetation
2978,5,5,4,5,4,5,5,5,5,5,5,5,5,5,5,5,5,5,5,5,5,5,5,5,5,5,5,5,5,5,5,4,2,5,5,2024_04,government-response
2979,163,151,154,205,116,277,158,124,73,119,169,143,106,153,30,4,176,96,87,88,68,282,52,142,109,129,15,82,100,91,69,25,32,70,67,2024_04,health-centres-count
2980,0,0,0,0,0,0,0,0,0,0,0,0,0,0,0,0,0,0,0,0,0,0,0,0,0,0,0,0,0,0,0,0,0,0,0,2024_04,human-live-lost
2981,,,,,,,,,,,,,,,,,,,,,,,,,,,,,,,,,,,,2024_04,human-live-lost-children
2982,,,,,,,,,,,,,,,,,,,,,,,,,,,,,,,,,,,,2024_04,human-live-lost-female
2983,,,,,,,,,,,,,,,,,,,,,,,,,,,,,,,,,,,,2024_04,human-live-lost-male
2984,0.0,0.0,0.0,0.0,322259328.38,0.0,0.0,0.0,0.0,0.0,0.0,0.0,0.0,0.0,0.0,0.0,0.0,0.0,0.0,0.0,0.0,0.0,0.0,0.0,0.0,0.0,0.0,0.0,0.0,0.0,0.0,60910798.0,0.0,0.0,0.0,2024_04,immediate-measures-tenders-awarded-value
2985,0.0,0.0,0.0,0.0,0.0,0.0,0.0,0.0,0.0,0.0,0.0,0.0,0.0,0.0,0.0,0.0,0.0,0.0,0.0,0.0,0.0,0.0,0.0,0.0,0.0,0.0,0.0,0.0,0.0,0.0,0.0,0.0,0.0,0.0,0.0,2024_04,inundation-intensity-mean
2986,0.0,0.0,0.0,0.0,0.0,0.0,0.0,0.0,0.0,0.0,0.0,0.0,0.0,0.0,0.0,0.0,0.0,0.0,0.0,0.0,0.0,0.0,0.0,0.0,0.0,0.0,0.0,0.0,0.0,0.0,0.0,0.0,0.0,0.0,0.0,2024_04,inundation-intensity-mean-nonzero
2987,0.0,0.0,0.0,0.0,0.0,0.0,0.0,0.0,0.0,0.0,0.0,0.0,0.0,0.0,0.0,0.0,0.0,0.0,0.0,0.0,0.0,0.0,0.0,0.0,0.0,0.0,0.0,0.0,0.0,0.0,0.0,0.0,0.0,0.0,0.0,2024_04,inundation-intensity-sum
2988,0.0,0.0,0.0,0.0,0.0,0.0,0.0,0.0,0.0,0.0,0.0,0.0,0.0,0.0,0.0,0.0,0.0,0.0,0.0,0.0,0.0,0.0,0.0,0.0,0.0,0.0,0.0,0.0,0.0,0.0,0.0,0.0,0.0,0.0,0.0,2024_04,inundation-pct
2989,0.0,0.0,0.0,0.0,0.0,0.0,0.0,0.0,0.0,0.0,0.0,0.0,0.0,0.0,0.0,0.0,0.0,0.0,0.0,0.0,0.0,0.0,0.0,0.0,0.0,0.0,0.0,0.0,0.0,0.0,0.0,0.0,0.0,0.0,0.0,2024_04,ltif-tenders-awarded-value
2990,,,,,,,,,,,,,,,,,,,,,,,,,,,,,,,,,,,,2024_04,male-camp
2991,0.17,0.14,0.18,0.18,0.26,0.33,0.33,0.45,0.39,0.81,0.63,0.54,0.58,0.5,0.5,0.56,0.79,0.79,0.79,0.18,0.17,0.17,0.16,0.15,0.17,0.26,0.26,0.59,0.33,0.17,0.08,0.18,0.55,0.17,0.15,2024_04,max-rain
2992,79.02868494142712,101.80280753365652,92.94383900653578,105.59323892727154,101.52151689605476,82.80184981421402,96.12358569934148,83.9078683433952,82.58482453454118,85.28440626816572,92.33941954273553,80.5484411209615,79.26767921681454,87.0143854317649,73.9235270160713,74.45407242468538,76.22171823123378,78.77654329987095,76.5297175055914,92.844134833946,78.73454361714819,88.47737641290556,90.33791694141864,81.3350244170581,77.2968865972734,93.73693822422564,78.06937273928872,76.99096084367254,87.73877652848734,76.69919006241047,135.19869279538494,74.5890767941101,111.4923918776678,77.2774448783579,78.49346327750206,2024_04,mean-cn
2993,-0.1850835517203444,-0.1956678468128085,-0.0752289160580391,-0.1259758431129314,-0.1525422918570213,-0.2334060994513962,-0.2958093379321799,-0.1454879068376235,-0.1528966620435803,-0.2370712643210324,-0.2596744701582269,-0.1377507066314716,-0.0452071219857272,-0.0185237128240636,-0.1538110041309242,-0.1769310836542678,-0.1449437193717487,-0.1770583584700904,-0.1456127027439684,-0.0626237020527392,-0.1348368288284448,-0.1490368487693198,-0.0608214502201025,-0.1494417894853278,-0.1389498704984372,-0.1107711037677772,-0.0851231711544214,-0.2632697761086836,-0.0958510980054095,-0.0674460567516172,-0.315793915109311,-0.2054044169764365,-0.1535157206055453,-0.096328354598843,-0.1380725875553354,2024_04,mean-ndbi
2994,0.5948139321370294,0.348896367458991,0.4443305559075822,0.4060782106516059,0.3931257249132537,0.5225512831831975,0.3489793821476288,0.5277800419109678,0.5476224430007779,0.59180938265601,0.4618180009758691,0.4644053150982431,0.4627769425735512,0.4058412483095104,0.6139901362790255,0.5922850425667504,0.6137813238556584,0.5207142996056586,0.5455609121536247,0.441657221470901,0.5982681700048228,0.535696030303154,0.3739631313957174,0.5060000290828183,0.5738038000103506,0.3716188262889552,0.3784167883298902,0.6414649445428332,0.5171434705886266,0.4512366167861031,0.1825243453219916,0.5504271476499496,0.1833250095828774,0.5252079689570389,0.5127752558954477,2024_04,mean-ndvi
2995,0.11,0.08,0.11,0.16,0.17,0.18,0.17,0.31,0.3,0.53,0.46,0.42,0.51,0.37,0.24,0.21,0.5,0.69,0.7,0.16,0.15,0.1,0.05,0.14,0.15,0.1,0.11,0.52,0.23,0.09,0.03,0.06,0.3,0.16,0.12,2024_04,mean-rain
2996,0.94,0.94,0.94,0.94,0.95,0.94,0.93,0.94,0.93,0.93,0.94,0.93,0.94,0.94,0.92,0.91,0.94,0.94,0.93,0.95,0.95,0.93,0.91,0.93,0.95,0.93,0.94,0.93,0.93,0.94,0.94,0.93,0.94,0.94,0.95,2024_04,mean-sex-ratio
2997,78683.46309,83470.903,78088.12,79714.84605,75490.3523,87424.202,71470.137,90513.46103,104651.240916,68512.0013,81437.447,43095.76595,54183.314,128914.321604,35388.58,27888.17,66721.37,42827.17595,35287.21,42395.395,27850.66,74001.84561,6039.38,44021.984,58167.37587,76196.45569999999,93034.31635285716,23849.9,71288.401,78621.26999999999,17419.61,48488.349,16642.66,23559.76,71015.57777333334,2024_04,net-sown-area-in-hac
2998,31363239.07,40575412.0,0.0,0.0,125999977.0,64090585.0,0.0,0.0,0.0,0.0,0.0,0.0,0.0,0.0,0.0,0.0,0.0,0.0,0.0,0.0,0.0,0.0,0.0,107534705.0,0.0,0.0,0.0,0.0,0.0,33831200.0,0.0,0.0,0.0,0.0,0.0,2024_04,others-tenders-awarded-value
2999,0.0,0.0,0.0,0.0,0.0,0.0,0.0,0.0,0.0,0.0,0.0,0.0,0.0,0.0,0.0,0.0,0.0,0.0,0.0,0.0,0.0,0.0,0.0,0.0,0.0,0.0,0.0,0.0,0.0,0.0,0.0,0.0,0.0,0.0,0.0,2024_04,population-affected-total
3000,62.0,342.0,34.0,5.0,10.0,45.0,35.0,38.0,77.0,43.0,49.0,27.0,41.0,43.0,32.0,146.0,46.0,45.0,28.0,81.0,8.0,45.0,80.0,11.0,0.0,0.0,24.0,24.0,19.0,30.0,0.0,0.0,0.0,9.0,6.0,2024_04,rail-count
3001,145613.0,139561.0,78425.0,17621.0,30884.0,174517.0,138494.0,108334.0,121454.0,119685.0,123774.0,73292.0,86126.0,117155.0,73424.0,172636.0,103488.0,117739.0,90281.0,82273.0,24548.0,109026.0,89510.0,30164.0,0.0,0.0,66114.0,80492.0,74271.0,75327.0,0.0,0.0,0.0,28139.0,18201.0,2024_04,rail-length
3002,0.0,0.0,0.0,0.0,0.0,0.0,0.0,0.0,0.0,0.0,0.0,0.0,0.0,0.0,0.0,0.0,0.0,0.0,0.0,0.0,0.0,0.0,0.0,0.0,0.0,0.0,0.0,0.0,0.0,0.0,0.0,0.0,0.0,0.0,0.0,2024_04,rangeland
3003,3131,1557,1979,1848,1512,2564,3445,2998,2483,3810,3379,1567,1865,3523,7337,4884,3783,1839,1329,1088,1926,3283,834,1036,1526,1611,1987,1073,1783,1456,684,3073,970,470,877,2024_04,rc-area
3004,22.9,25.01,25.42,15.04,15.81,23.51,13.19,16.32,20.87,24.89,12.8,8.96,12.07,15.06,23.47,23.25,15.87,14.25,19.26,12.86,25.35,9.48,11.61,21.25,15.46,13.0,15.96,19.71,28.46,27.66,28.09,28.84,17.28,9.75,12.15,2024_04,rc-nosanitation-hhds-pct
3005,2.85,1.19,3.55,2.25,3.35,4.98,6.04,2.83,2.26,3.42,4.19,6.81,14.25,7.18,1.95,6.36,8.53,5.57,4.01,2.04,1.03,3.32,11.46,9.66,2.8,5.1,3.07,3.8,4.2,5.27,3.57,0.24,4.95,6.03,5.78,2024_04,rc-piped-hhds-pct
3006,,,,,,,,,,,,,,,,,,,,,,,,,,,,,,,,,,,,2024_04,relief-camp-inmates
3007,0.0,0.0,0.0,0.0,0.0,0.0,0.0,0.0,0.0,0.0,0.0,0.0,0.0,0.0,0.0,0.0,0.0,0.0,0.0,0.0,0.0,0.0,0.0,0.0,0.0,0.0,0.0,0.0,0.0,0.0,0.0,0.0,0.0,0.0,0.0,2024_04,restoration-measures-tenders-awarded-value
3008,,,,,,,,,,,,,,,,,,,,,,,,,,,,,,,,,,,,2024_04,revenue-ci
3009,0.0,0.0,0.0,0.0,448259305.38,0.0,0.0,0.0,0.0,0.0,0.0,0.0,0.0,0.0,0.0,0.0,83595261.0,0.0,0.0,0.0,0.0,0.0,0.0,104695778.0,133866390.0,0.0,0.0,0.0,0.0,0.0,0.0,60910798.0,0.0,0.0,0.0,2024_04,ridf-tenders-awarded-value
3010,1,1,1,2,2,1,2,3,2,5,4,4,4,3,1,1,3,4,4,1,1,1,1,1,1,1,1,4,3,1,1,1,2,1,2,2024_04,risk-score
3011,40.25,31.71,44.22,43.02,48.66,54.2,76.2,93.7,0.0,134.7,118.99,99.5,84.32,128.09,0.0,131.5,22.18,19.15,22.85,50.75,52.78,49.55,50.08,50.63,0.0,0.0,0.0,99.1,0.0,0.0,0.0,747.31,0.0,0.0,162.09,2024_04,riverlevel-max
3012,5.027041666666667,11.82131525386758,14.95568888888889,7.122870370370371,18.92547252747253,7.723936507936508,34.137692307692305,37.7239284842142,0.0,64.11701027233636,30.834115646258503,69.1178855965463,16.51978021978022,44.93940476190476,0.0,32.865,14.586367440355655,10.734365811965812,11.727572941493587,9.604244444444443,10.54608888888889,7.433299145299145,23.13860939450687,6.29025,0.0,0.0,0.0,32.85007326007326,0.0,0.0,0.0,404.5672928176796,0.0,0.0,45.530644444444434,2024_04,riverlevel-mean
3013,0.0,0.0,0.0,0.0,0.0,0.0,0.0,0.0,0.0,0.0,0.0,0.0,0.0,0.0,0.0,0.0,1.0,0.0,0.0,0.0,0.0,0.0,0.0,0.0,0.0,0.0,0.0,0.0,0.0,0.0,0.0,64.55,0.0,0.0,0.0,2024_04,riverlevel-min
3014,858892.0,705770.0,1011509.0,725891.0,634621.0,1331470.0,745620.0,804067.0,578686.0,1211943.0,1453600.0,700651.0,736030.0,1389863.0,752361.0,843185.0,988230.0,615579.0,483931.0,654117.0,547046.0,1589070.0,746938.0,450865.0,429399.0,767150.0,650574.0,485197.0,574075.0,560100.0,78936.0,457481.0,54196.0,461489.0,294016.0,2024_04,road-length
3015,0.0,0.0,0.0,0.0,0.0,0.0,0.0,0.0,0.0,0.0,0.0,0.0,0.0,0.0,0.0,0.0,0.0,0.0,0.0,0.0,0.0,0.0,0.0,0.0,0.0,0.0,0.0,0.0,0.0,0.0,0.0,0.0,0.0,0.0,0.0,2024_04,roads
3016,2788,3147,2578,2904,1994,3284,2025,3519,2301,1950,2431,1838,2072,2507,1757,1063,3322,3188,3016,1463,1336,3463,1151,1817,1497,1858,1795,1007,1291,1320,1381,925,805,813,995,2024_04,schools-count
3017,0.0,0.0,0.0,0.0,0.0,0.0,0.0,0.0,0.0,0.0,0.0,0.0,0.0,0.0,0.0,0.0,0.0,0.0,0.0,0.0,0.0,0.0,0.0,0.0,0.0,0.0,0.0,0.0,0.0,0.0,0.0,0.0,0.0,0.0,0.0,2024_04,sdrf-sanctions-awarded-value
3018,0.0,0.0,0.0,0.0,0.0,0.0,0.0,0.0,0.0,0.0,0.0,0.0,0.0,0.0,0.0,0.0,0.0,0.0,0.0,0.0,0.0,0.0,0.0,0.0,0.0,0.0,0.0,0.0,0.0,0.0,0.0,0.0,0.0,0.0,0.0,2024_04,sdrf-tenders-awarded-value
3019,84.0,81.0,84.0,78.0,81.0,86.0,82.0,84.0,84.0,83.0,79.0,85.0,85.0,84.0,89.0,90.0,88.0,86.0,87.0,84.0,85.0,83.0,85.0,83.0,85.0,82.0,85.0,84.0,83.0,88.0,75.0,89.0,78.0,85.0,85.0,2024_04,slope-mean
3020,0.0,0.0,0.0,0.0,0.0,0.0,0.0,0.0,99696520.0,0.0,0.0,0.0,0.0,0.0,0.0,0.0,0.0,0.0,0.0,0.0,0.0,0.0,0.0,0.0,0.0,0.0,0.0,0.0,0.0,0.0,0.0,0.0,0.0,0.0,0.0,2024_04,sopd-tenders-awarded-value
3021,61556.0,46195.0,49838.0,73043.0,45709.0,105362.0,73583.0,62453.0,34899.0,83722.0,69471.0,46226.0,52993.0,75505.0,38155.0,11647.0,115757.0,90785.0,30837.0,37252.0,33945.0,78600.0,55973.0,44945.0,27799.0,58969.0,41519.0,17727.0,33691.0,50315.0,25989.0,25769.0,7799.0,13027.0,22621.0,2024_04,sum-aged-population
3022,1292936.0,1422023.0,1093141.0,1633598.0,1164373.0,2408804.0,1479834.0,1181482.0,714264.0,1426956.0,1506738.0,783516.0,1003016.0,1318187.0,714774.0,293750.0,2154488.0,1430620.0,786401.0,821803.0,618750.0,1657188.0,1378544.0,975597.0,730731.0,1185014.0,874683.0,498958.0,667939.0,1144635.0,556684.0,372244.0,164882.0,324337.0,504653.0,2024_04,sum-population
3023,351.8,102.88,198.56,274.23,211.28,447.19,512.8,853.51,692.09,1901.31,1393.85,600.76,845.56,1126.92,1492.07,807.81,1702.2,1067.94,774.98,159.05,246.5,273.63,36.35,129.94,202.51,180.67,193.7,510.05,362.09,109.34,17.42,165.29,279.96,68.08,88.12,2024_04,sum-rain
3024,121963.0,111231.0,111628.0,140245.0,91493.0,193397.0,121841.0,108134.0,64489.0,141390.0,98785.0,57929.0,57163.0,107474.0,85336.0,26144.0,189117.0,168805.0,62955.0,69727.0,62967.0,108986.0,64843.0,50006.0,37799.0,114409.0,68516.0,22523.0,55300.0,92940.0,59995.0,55881.0,8847.0,24116.0,31386.0,2024_04,sum-young-population
3025,,,,,,,,,,,,,,,,,,,,,,,,,,,,,,,,,,,,2024_04,topsis-score
3026,0.0,0.0,0.0,0.0,0.0,0.0,0.0,0.0,0.0,0.0,0.0,0.0,0.0,0.0,0.0,0.0,0.0,0.0,0.0,0.0,0.0,0.0,0.0,0.0,0.0,0.0,0.0,0.0,0.0,0.0,0.0,0.0,0.0,0.0,0.0,2024_04,total-animal-affected
3027,0.0,0.0,0.0,0.0,0.0,0.0,0.0,0.0,0.0,0.0,0.0,0.0,0.0,0.0,0.0,0.0,0.0,0.0,0.0,0.0,0.0,0.0,0.0,0.0,0.0,0.0,0.0,0.0,0.0,0.0,0.0,0.0,0.0,0.0,0.0,2024_04,total-animal-washed-away
3028,214904.0,377710.0,240459.0,393378.0,267778.0,527427.0,318730.0,266928.0,195025.0,318555.0,311523.0,172096.0,272707.0,275841.0,103131.0,30119.0,416101.0,256161.0,165784.0,185414.0,105445.0,408132.0,327221.0,233278.0,132203.0,231859.0,185739.0,108235.0,150938.0,214866.0,202538.0,52339.0,39239.0,77895.0,112690.0,2024_04,total-hhd
3029,0.0,0.0,0.0,0.0,0.0,0.0,0.0,0.0,0.0,0.0,0.0,0.0,0.0,0.0,0.0,0.0,0.0,0.0,0.0,0.0,0.0,0.0,0.0,0.0,0.0,0.0,0.0,0.0,0.0,0.0,0.0,0.0,0.0,0.0,0.0,2024_04,total-house-fully-damaged
3030,31363239.07,40575412.0,307311791.0,0.0,448259305.38,66072973.2,12010000.0,0.0,99696520.0,0.0,0.0,0.0,0.0,0.0,0.0,0.0,95449161.0,0.0,0.0,0.0,0.0,0.0,54447300.0,122955878.0,133866390.0,0.0,0.0,0.0,0.0,33831200.0,0.0,60910798.0,917207900.0,0.0,0.0,2024_04,total-tender-awarded-value
3031,0.0,0.0,0.0,0.0,0.0,0.0,0.0,0.0,0.0,0.0,0.0,0.0,0.0,0.0,0.0,0.0,0.0,0.0,0.0,0.0,0.0,0.0,0.0,0.0,0.0,0.0,0.0,0.0,0.0,0.0,0.0,0.0,0.0,0.0,0.0,2024_04,trees
3032,3,2,3,3,5,3,4,4,3,4,4,3,2,3,1,1,3,1,1,3,3,2,1,1,3,3,4,3,4,5,2,4,1,1,3,2024_04,vulnerability
3033,0.0,0.0,0.0,0.0,0.0,0.0,0.0,0.0,0.0,0.0,0.0,0.0,0.0,0.0,0.0,0.0,0.0,0.0,0.0,0.0,0.0,0.0,0.0,0.0,0.0,0.0,0.0,0.0,0.0,0.0,0.0,0.0,0.0,0.0,0.0,2024_04,water
3034,9.0,7.5,8.9,8.0,7.2,9.8,9.8,8.3,7.0,8.6,10.2,10.4,10.3,8.8,7.2,8.1,9.8,9.8,9.5,9.1,8.2,10.1,12.1,10.5,9.0,9.2,8.3,8.6,8.9,8.0,6.7,5.8,9.4,7.0,11.6,2024_05,avg-electricity
3035,2.2,2.6,2.0,2.0,2.4,2.0,2.2,2.4,2.0,2.0,2.0,2.2,2.2,2.3,2.0,2.5,2.2,2.4,2.0,2.2,2.2,2.4,2.5,2.1,2.3,2.0,2.2,2.0,2.3,2.3,2.0,2.0,2.5,2.3,2.2,2024_05,avg-tele
3036,0.0,0.0,0.0,0.0,0.0,0.0,0.0,0.0,0.0,0.0,0.0,0.0,0.0,0.0,0.0,0.0,0.0,0.0,0.0,0.0,0.0,0.0,0.0,0.0,0.0,0.0,0.0,0.0,0.0,0.0,0.0,0.0,0.0,0.0,0.0,2024_05,bare-ground
3037,0.0,0.0,0.0,0.0,0.0,0.0,0.0,0.0,0.0,0.0,0.0,0.0,0.0,0.0,0.0,0.0,0.0,0.0,0.0,0.0,0.0,0.0,0.0,0.0,0.0,0.0,0.0,0.0,0.0,0.0,0.0,0.0,0.0,0.0,0.0,2024_05,bridge
3038,0.0,0.0,0.0,0.0,0.0,0.0,0.0,0.0,0.0,0.0,0.0,0.0,0.0,0.0,0.0,0.0,0.0,0.0,0.0,0.0,0.0,0.0,0.0,0.0,0.0,0.0,0.0,0.0,0.0,0.0,0.0,0.0,0.0,0.0,0.0,2024_05,built-area
3039,,,,,,,,,,,,,,,,,,,,,,,,,,,,,,,,,,,,2024_05,children-camp
3040,0.0,0.0,0.0,0.0,0.0,0.0,0.0,0.0,0.0,0.0,0.0,0.0,0.0,0.0,0.0,0.0,0.0,0.0,0.0,0.0,0.0,0.0,0.0,0.0,0.0,0.0,0.0,0.0,0.0,0.0,0.0,0.0,0.0,0.0,0.0,2024_05,cidf-tenders-awarded-value
3041,0.0,0.0,0.0,0.0,0.0,0.0,0.0,0.0,0.0,0.0,0.0,0.0,0.0,0.0,0.0,0.0,0.0,0.0,0.0,0.0,0.0,0.0,0.0,0.0,0.0,0.0,0.0,0.0,0.0,0.0,0.0,0.0,0.0,0.0,0.0,2024_05,clouds
3042,,,,,,,,,,,,,,,,,,,,,,,,,,,,,,,,,,,,2024_05,count
3043,0.0,0.0,0.0,0.0,0.0,0.0,0.0,0.0,0.0,0.0,0.0,0.0,0.0,0.0,0.0,0.0,0.0,0.0,0.0,0.0,0.0,0.0,0.0,0.0,0.0,0.0,0.0,0.0,0.0,0.0,0.0,0.0,0.0,0.0,0.0,2024_05,crop-area
3044,0.0,0.0,0.0,0.0,0.0,0.0,0.0,0.0,0.0,0.0,0.0,0.0,0.0,0.0,0.0,0.0,0.0,0.0,0.0,0.0,0.0,0.0,0.0,0.0,0.0,0.0,0.0,0.0,0.0,0.0,0.0,0.0,0.0,0.0,0.0,2024_05,crops
3045,4296.624151156235,2231.5993331549903,3585.3069321814023,1247.6117514050093,2700.336576957554,3477.530108369159,1557.3606551140049,2711.0464141089856,2238.6415334905228,4159.102888381455,9491.630139883577,3889.6067327857527,7133.757644739055,3445.526862961011,8511.666927309077,4923.29748622475,3222.517655928944,4060.318063254274,4335.474967336042,1883.330083753236,975.2407923854796,4254.719948057848,3333.953706616405,1829.807307358248,1576.5499878215094,1098.83444541599,1489.926404330648,4700.953196095703,4363.59388114963,5163.44360094801,880.805632910103,4989.53282327419,1292.455559234692,1123.7037030160088,1578.254039674223,2024_05,distance-from-river
3046,KOKRAJHAR,DHUBRI,GOALPARA,BARPETA,MORIGAON,NAGAON,SONITPUR,LAKHIMPUR,DHEMAJI,TINSUKIA,DIBRUGARH,SIVASAGAR,JORHAT,GOLAGHAT,KARBI ANGLONG,DIMA HASAO,CACHAR,KARIMGANJ,HAILAKANDI,BONGAIGAON,CHIRANG,KAMRUP,KAMRUP METRO,NALBARI,BAKSA,DARRANG,UDALGURI,CHARAIDEO,BISWANATH,HOJAI,SOUTH SALMARA MANCACHAR,WEST KARBI ANGLONG,MAJULI,BAJALI,TAMULPUR,2024_05,district
3047,0.0005623749999999,0.0006515714285714,0.0005706,0.0006465,0.0005976,0.0005747142857142,0.000571,0.0006111428571428,0.0005535,0.00057375,0.0006251428571428,0.0006055,0.0006035999999999,0.0005855,0.00041,0.00031275,0.0004408,0.0005329999999999,0.0005025,0.0005798,0.000528,0.0005858461538461,0.00044875,0.000670625,0.0005907142857142,0.0006724,0.0006286666666666,0.000603,0.0006126666666666,0.00058,0.000585,0.000439,0.0006255,0.0006813333333333,0.0006636,2024_05,drainage-density
3048,,,,,,,,,,,,,,,,,,,,,,,,,,,,,,,,,,,,2024_05,dtcode11
3049,,,,,,,,,,,,,,,,,,,,,,,,,,,,,,,,,,,,2024_05,dtname
3050,0.892259375,0.9272422857142856,0.8636582,0.8739833333333333,0.8005294,0.8777715714285714,0.83249825,0.8290474285714285,0.8667876666666667,0.818027,0.8369224285714285,0.88258125,0.9324726,0.8764460000000001,0.9548416666666668,1.0,0.8665115999999999,0.9620144,0.9488055,0.8860518,0.8910933999999999,0.9528222307692308,1.0,0.96180125,0.8554734285714286,0.8642139999999999,0.8254092222222221,0.881589,0.8245483333333334,0.778826,0.914767,0.80598,0.954477,0.9771223333333332,0.8799783999999999,2024_05,efficiency
3051,63.0,33.0,49.0,40.0,63.0,72.0,86.0,96.0,141.0,142.0,113.0,99.0,105.0,97.0,347.0,607.0,155.0,36.0,47.0,54.0,84.0,82.0,114.0,49.0,70.0,59.0,91.0,112.0,86.0,125.0,26.0,483.0,85.0,47.0,71.0,2024_05,elevation-mean
3052,0.0,0.0,0.0,0.0,0.0,0.0,0.0,0.0,0.0,0.0,0.0,0.0,0.0,0.0,0.0,0.0,0.0,0.0,0.0,0.0,0.0,0.0,0.0,0.0,0.0,0.0,0.0,0.0,0.0,0.0,0.0,0.0,0.0,0.0,0.0,2024_05,embankment-breached
3053,0.0,0.0,0.0,0.0,0.0,0.0,0.0,0.0,0.0,0.0,0.0,0.0,0.0,0.0,0.0,0.0,0.0,0.0,0.0,0.0,0.0,0.0,0.0,0.0,0.0,0.0,0.0,0.0,0.0,0.0,0.0,0.0,0.0,0.0,0.0,2024_05,embankments-affected
3054,1,2,2,3,2,4,5,1,1,5,2,2,2,2,2,1,5,3,2,1,1,1,4,1,1,3,1,1,2,5,5,3,1,1,1,2024_05,exposure
3055,,,,,,,,,,,,,,,,,,,,,,,,,,,,,,,,,,,,2024_05,female-camp
3056,2024-2025,2024-2025,2024-2025,2024-2025,2024-2025,2024-2025,2024-2025,2024-2025,2024-2025,2024-2025,2024-2025,2024-2025,2024-2025,2024-2025,2024-2025,2024-2025,2024-2025,2024-2025,2024-2025,2024-2025,2024-2025,2024-2025,2024-2025,2024-2025,2024-2025,2024-2025,2024-2025,2024-2025,2024-2025,2024-2025,2024-2025,2024-2025,2024-2025,2024-2025,2024-2025,2024_05,financial-year
3057,3,4,2,2,2,4,4,2,1,1,1,2,1,1,1,2,3,4,4,2,1,1,1,1,1,2,1,1,2,5,5,5,2,3,1,2024_05,flood-hazard
3058,,,,,,,,,,,,,,,,,,,,,,,,,,,,,,,,,,,,2024_05,flood-hazard-float
3059,0.0,0.0,0.0,0.0,0.0,0.0,0.0,0.0,0.0,0.0,0.0,0.0,0.0,0.0,0.0,0.0,0.0,0.0,0.0,0.0,0.0,0.0,0.0,0.0,0.0,0.0,0.0,0.0,0.0,0.0,0.0,0.0,0.0,0.0,0.0,2024_05,flooded-vegetation
3060,5,5,4,5,4,5,5,5,5,5,5,5,5,5,5,5,5,5,5,5,5,5,4,5,5,5,5,5,5,5,5,4,2,5,5,2024_05,government-response
3061,163,151,154,205,116,277,158,124,73,119,169,143,106,153,30,4,176,96,87,88,68,282,52,142,109,129,15,82,100,91,69,25,32,70,67,2024_05,health-centres-count
3062,0,0,0,0,0,0,0,0,0,0,0,0,0,0,0,0,0,0,0,0,0,0,0,0,0,0,0,0,0,0,0,0,0,0,0,2024_05,human-live-lost
3063,,,,,,,,,,,,,,,,,,,,,,,,,,,,,,,,,,,,2024_05,human-live-lost-children
3064,,,,,,,,,,,,,,,,,,,,,,,,,,,,,,,,,,,,2024_05,human-live-lost-female
3065,,,,,,,,,,,,,,,,,,,,,,,,,,,,,,,,,,,,2024_05,human-live-lost-male
3066,0.0,0.0,0.0,0.0,0.0,0.0,0.0,0.0,0.0,0.0,0.0,0.0,0.0,0.0,0.0,0.0,0.0,0.0,0.0,0.0,0.0,0.0,0.0,0.0,0.0,0.0,0.0,0.0,0.0,0.0,0.0,0.0,0.0,0.0,0.0,2024_05,immediate-measures-tenders-awarded-value
3067,0.0,0.0,0.0,0.0,0.0029698682403962,0.0626291201527018,0.0004283268905673,0.0,0.0,0.0,0.0,0.0,0.0,0.0002281175114865,1.3517989063946849e-05,6.424164089305e-05,0.0,0.0,0.0,0.0,0.0,0.0,6.2322098736325e-05,0.0,0.0,0.0003986461824266,3.538397568284373e-05,0.0,0.0001236634222786,0.1436495511605828,0.0,0.0135138977697511,0.0,0.0,0.0,2024_05,inundation-intensity-mean
3068,0.0,0.0,0.0,0.0,0.4,0.71,1.0,0.0,0.0,0.0,0.0,0.0,0.0,0.17,0.33,0.25,0.0,0.0,0.0,0.0,0.0,0.0,0.25,0.0,0.0,0.6,0.22,0.0,0.33,1.0,0.0,1.0,0.0,0.0,0.0,2024_05,inundation-intensity-mean-nonzero
3069,0.0,0.0,0.0,0.0,2962.0,71562.0,528.0,0.0,0.0,0.0,0.0,0.0,0.0,523.0,60.0,167.0,0.0,0.0,0.0,0.0,0.0,0.0,55.0,0.0,0.0,285.0,24.0,0.0,174.0,57120.0,0.0,18535.0,0.0,0.0,0.0,2024_05,inundation-intensity-sum
3070,0.0,0.0,0.0,0.0,0.296986824039622,6.262912015270181,0.0428326890567302,0.0,0.0,0.0,0.0,0.0,0.0,0.0228117511486566,0.0013517989063946,0.006424164089305,0.0,0.0,0.0,0.0,0.0,0.0,0.0062322098736325,0.0,0.0,0.0398646182426606,0.0035383975682843,0.0,0.01236634222786,14.364955116058288,0.0,1.35138977697511,0.0,0.0,0.0,2024_05,inundation-pct
3071,0.0,0.0,0.0,0.0,0.0,0.0,0.0,0.0,0.0,0.0,0.0,0.0,0.0,0.0,0.0,0.0,0.0,0.0,0.0,0.0,0.0,0.0,0.0,0.0,0.0,0.0,0.0,0.0,0.0,0.0,0.0,0.0,0.0,0.0,0.0,2024_05,ltif-tenders-awarded-value
3072,,,,,,,,,,,,,,,,,,,,,,,,,,,,,,,,,,,,2024_05,male-camp
3073,0.82,0.82,0.82,0.48,0.37,0.37,0.33,0.58,0.58,0.52,0.5,0.5,0.48,0.47,0.35,0.96,0.95,0.98,0.91,0.56,0.51,1.01,0.47,0.41,0.48,0.33,0.39,0.42,0.33,0.34,1.32,0.84,0.5,0.48,0.39,2024_05,max-rain
3074,79.02868494142712,101.80280753365652,92.94383900653578,105.59323892727154,101.52151689605476,82.80184981421402,96.12358569934148,83.9078683433952,82.58482453454118,85.28440626816572,92.33941954273553,80.5484411209615,79.26767921681454,87.0143854317649,73.9235270160713,74.45407242468538,76.22171823123378,78.77654329987095,76.5297175055914,92.84413483394596,78.73454361714819,88.47737641290556,90.33791694141864,81.3350244170581,77.2968865972734,93.73693822422564,78.06937273928872,76.99096084367254,87.73877652848734,76.69919006241047,135.19869279538494,74.5890767941101,111.4923918776678,77.2774448783579,78.49346327750206,2024_05,mean-cn
3075,-0.1850835517203444,-0.1956678468128085,-0.0752289160580391,-0.1259758431129314,-0.1525422918570213,-0.2334060994513962,-0.2958093379321799,-0.1454879068376235,-0.1528966620435803,-0.2370712643210324,-0.2596744701582269,-0.1377507066314716,-0.0452071219857272,-0.0185237128240636,-0.1538110041309242,-0.1769310836542678,-0.1449437193717487,-0.1770583584700904,-0.1456127027439684,-0.0626237020527392,-0.1348368288284448,-0.1490368487693198,-0.0608214502201025,-0.1494417894853278,-0.1389498704984372,-0.1107711037677772,-0.0851231711544214,-0.2632697761086836,-0.0958510980054095,-0.0674460567516172,-0.315793915109311,-0.2054044169764365,-0.1535157206055453,-0.096328354598843,-0.1380725875553354,2024_05,mean-ndbi
3076,0.5948139321370294,0.348896367458991,0.4443305559075822,0.4060782106516059,0.3931257249132537,0.5225512831831975,0.3489793821476288,0.5277800419109677,0.5476224430007779,0.59180938265601,0.4618180009758691,0.4644053150982432,0.4627769425735512,0.4058412483095104,0.6139901362790255,0.5922850425667504,0.6137813238556584,0.5207142996056586,0.5455609121536247,0.441657221470901,0.5982681700048228,0.535696030303154,0.3739631313957174,0.5060000290828183,0.5738038000103506,0.3716188262889552,0.3784167883298902,0.6414649445428332,0.5171434705886266,0.4512366167861031,0.1825243453219916,0.5504271476499496,0.1833250095828774,0.5252079689570389,0.5127752558954477,2024_05,mean-ndvi
3077,0.59,0.59,0.55,0.44,0.27,0.31,0.31,0.45,0.38,0.4,0.37,0.42,0.35,0.32,0.23,0.52,0.7,0.88,0.82,0.44,0.38,0.39,0.29,0.37,0.35,0.27,0.28,0.39,0.3,0.27,0.87,0.4,0.41,0.43,0.33,2024_05,mean-rain
3078,0.94,0.94,0.94,0.94,0.95,0.94,0.93,0.94,0.93,0.93,0.94,0.93,0.94,0.94,0.92,0.91,0.94,0.94,0.93,0.95,0.95,0.93,0.91,0.93,0.95,0.93,0.94,0.93,0.93,0.94,0.94,0.93,0.94,0.94,0.95,2024_05,mean-sex-ratio
3079,78683.46309,83470.903,78088.12,79714.84605,75490.3523,87424.20199999999,71470.137,90513.46103,104651.240916,68512.0013,81437.447,43095.76595,54183.314,128914.321604,35388.58,27888.17,66721.37,42827.17595,35287.21,42395.395,27850.66,74001.84561,6039.38,44021.984,58167.37587,76196.45569999999,93034.31635285716,23849.9,71288.401,78621.26999999999,17419.61,48488.349,16642.66,23559.76,71015.57777333334,2024_05,net-sown-area-in-hac
3080,0.0,0.0,0.0,0.0,144954464.68,0.0,7953200.0,17945623.0,0.0,0.0,0.0,0.0,89104953.76,0.0,0.0,0.0,0.0,49122269.0,0.0,0.0,0.0,10068300.0,214535157.6,27828100.0,0.0,179300633.0,0.0,0.0,0.0,0.0,0.0,0.0,0.0,0.0,91224462.0,2024_05,others-tenders-awarded-value
3081,0.0,0.0,0.0,0.0,0.0,0.0,0.0,0.0,0.0,0.0,0.0,0.0,0.0,0.0,0.0,0.0,0.0,0.0,0.0,0.0,0.0,0.0,0.0,0.0,0.0,0.0,0.0,0.0,0.0,0.0,0.0,0.0,0.0,0.0,0.0,2024_05,population-affected-total
3082,62.0,342.0,34.0,5.0,10.0,45.0,35.0,38.0,77.0,43.0,49.0,27.0,41.0,43.0,32.0,146.0,46.0,45.0,28.0,81.0,8.0,45.0,80.0,11.0,0.0,0.0,24.0,24.0,19.0,30.0,0.0,0.0,0.0,9.0,6.0,2024_05,rail-count
3083,145613.0,139561.0,78425.0,17621.0,30884.0,174517.0,138494.0,108334.0,121454.0,119685.0,123774.0,73292.0,86126.0,117155.0,73424.0,172636.0,103488.0,117739.0,90281.0,82273.0,24548.0,109026.0,89510.0,30164.0,0.0,0.0,66114.0,80492.0,74271.0,75327.0,0.0,0.0,0.0,28139.0,18201.0,2024_05,rail-length
3084,0.0,0.0,0.0,0.0,0.0,0.0,0.0,0.0,0.0,0.0,0.0,0.0,0.0,0.0,0.0,0.0,0.0,0.0,0.0,0.0,0.0,0.0,0.0,0.0,0.0,0.0,0.0,0.0,0.0,0.0,0.0,0.0,0.0,0.0,0.0,2024_05,rangeland
3085,3131,1557,1979,1848,1512,2564,3445,2998,2483,3810,3379,1567,1865,3523,7337,4884,3783,1839,1329,1088,1926,3283,834,1036,1526,1611,1987,1073,1783,1456,684,3073,970,470,877,2024_05,rc-area
3086,22.9,25.01,25.42,15.04,15.81,23.51,13.19,16.32,20.87,24.89,12.8,8.96,12.07,15.06,23.47,23.25,15.87,14.25,19.26,12.86,25.35,9.48,11.61,21.25,15.46,13.0,15.96,19.71,28.46,27.66,28.09,28.84,17.28,9.75,12.15,2024_05,rc-nosanitation-hhds-pct
3087,2.85,1.19,3.55,2.25,3.35,4.98,6.04,2.83,2.26,3.42,4.19,6.81,14.25,7.18,1.95,6.36,8.53,5.57,4.01,2.04,1.03,3.32,11.46,9.66,2.8,5.1,3.07,3.8,4.2,5.27,3.57,0.24,4.95,6.03,5.78,2024_05,rc-piped-hhds-pct
3088,,,,,,,,,,,,,,,,,,,,,,,,,,,,,,,,,,,,2024_05,relief-camp-inmates
3089,0.0,0.0,0.0,0.0,0.0,0.0,0.0,0.0,0.0,0.0,0.0,0.0,0.0,0.0,0.0,0.0,0.0,0.0,0.0,0.0,0.0,0.0,0.0,0.0,0.0,0.0,0.0,0.0,0.0,0.0,0.0,0.0,0.0,0.0,0.0,2024_05,restoration-measures-tenders-awarded-value
3090,,,,,,,,,,,,,,,,,,,,,,,,,,,,,,,,,,,,2024_05,revenue-ci
3091,0.0,0.0,0.0,0.0,144954464.68,0.0,0.0,89279363.0,0.0,0.0,0.0,0.0,89104953.76,0.0,0.0,0.0,0.0,0.0,0.0,0.0,0.0,0.0,215297935.0,0.0,0.0,179300633.0,0.0,0.0,0.0,0.0,0.0,0.0,0.0,0.0,91224462.0,2024_05,ridf-tenders-awarded-value
3092,3,3,2,2,2,3,4,2,1,1,1,2,1,1,1,1,3,3,3,2,1,1,1,1,1,2,1,1,2,5,5,5,1,1,1,2024_05,risk-score
3093,40.74,32.21,46.42,44.08,55.62,62.1,77.8,94.53,0.0,135.82,119.11,97.52,85.27,129.27,0.0,132.7,30.15,23.19,33.33,50.98,52.89,49.91,53.26,51.08,0.0,0.0,0.0,102.51,0.0,0.0,0.0,75030.0,0.0,0.0,162.25,2024_05,riverlevel-max
3094,5.022628900949797,11.929598147771754,15.19568871217682,7.181033697632057,19.367508152173915,7.911556677018632,34.42803668478261,37.85976746894409,0.0,64.31865754140611,30.987529761904764,69.5132574728261,16.691339673913042,45.008503170289856,0.0,32.825360054347826,15.862525443449448,11.787896388856115,12.716230792944142,9.599763104152483,10.53775350140056,7.450252778937481,23.53215572667464,6.287089552238806,0.0,0.0,0.0,33.17683423913044,0.0,0.0,0.0,508.3464945652174,0.0,0.0,45.5101922676714,2024_05,riverlevel-mean
3095,0.0,0.0,0.0,0.0,0.0,0.0,0.0,0.0,0.0,0.0,0.0,0.0,0.0,0.0,0.0,0.0,7.84,0.0,0.0,0.0,0.0,0.0,0.0,0.0,0.0,0.0,0.0,0.0,0.0,0.0,0.0,65.78,0.0,0.0,0.0,2024_05,riverlevel-min
3096,858892.0,705770.0,1011509.0,725891.0,634621.0,1331470.0,745620.0,804067.0,578686.0,1211943.0,1453600.0,700651.0,736030.0,1389863.0,752361.0,843185.0,988230.0,615579.0,483931.0,654117.0,547046.0,1589070.0,746938.0,450865.0,429399.0,767150.0,650574.0,485197.0,574075.0,560100.0,78936.0,457481.0,54196.0,461489.0,294016.0,2024_05,road-length
3097,0.0,0.0,0.0,0.0,0.0,0.0,0.0,0.0,0.0,0.0,0.0,0.0,0.0,0.0,0.0,0.0,0.0,0.0,0.0,0.0,0.0,0.0,0.0,0.0,0.0,0.0,0.0,0.0,0.0,0.0,0.0,0.0,0.0,0.0,0.0,2024_05,roads
3098,2788,3147,2578,2904,1994,3284,2025,3519,2301,1950,2431,1838,2072,2507,1757,1063,3322,3188,3016,1463,1336,3463,1151,1817,1497,1858,1795,1007,1291,1320,1381,925,805,813,995,2024_05,schools-count
3099,0.0,0.0,0.0,0.0,0.0,0.0,0.0,0.0,0.0,0.0,0.0,0.0,0.0,0.0,0.0,0.0,0.0,0.0,0.0,0.0,0.0,0.0,0.0,0.0,0.0,0.0,0.0,0.0,0.0,0.0,0.0,0.0,0.0,0.0,0.0,2024_05,sdrf-sanctions-awarded-value
3100,0.0,0.0,0.0,0.0,0.0,0.0,0.0,0.0,0.0,0.0,0.0,0.0,0.0,0.0,0.0,0.0,0.0,0.0,0.0,0.0,0.0,0.0,0.0,0.0,0.0,0.0,0.0,0.0,0.0,0.0,0.0,0.0,0.0,0.0,0.0,2024_05,sdrf-tenders-awarded-value
3101,84.0,81.0,84.0,78.0,81.0,86.0,82.0,84.0,84.0,83.0,79.0,85.0,85.0,84.0,89.0,90.0,88.0,86.0,87.0,84.0,85.0,83.0,85.0,83.0,85.0,82.0,85.0,84.0,83.0,88.0,75.0,89.0,78.0,85.0,85.0,2024_05,slope-mean
3102,0.0,0.0,0.0,0.0,0.0,0.0,0.0,0.0,0.0,0.0,0.0,0.0,0.0,0.0,0.0,0.0,0.0,0.0,0.0,0.0,0.0,0.0,17996385.6,0.0,0.0,0.0,0.0,0.0,0.0,0.0,0.0,0.0,0.0,0.0,0.0,2024_05,sopd-tenders-awarded-value
3103,61556.0,46195.0,49838.0,73043.0,45709.0,105362.0,73583.0,62453.0,34899.0,83722.0,69471.0,46226.0,52993.0,75505.0,38155.0,11647.0,115757.0,90785.0,30837.0,37252.0,33945.0,78600.0,55973.0,44945.0,27799.0,58969.0,41519.0,17727.0,33691.0,50315.0,25989.0,25769.0,7799.0,13027.0,22621.0,2024_05,sum-aged-population
3104,1292936.0,1422023.0,1093141.0,1633598.0,1164373.0,2408804.0,1479834.0,1181482.0,714264.0,1426956.0,1506738.0,783516.0,1003016.0,1318187.0,714774.0,293750.0,2154488.0,1430620.0,786401.0,821803.0,618750.0,1657188.0,1378544.0,975597.0,730731.0,1185014.0,874683.0,498958.0,667939.0,1144635.0,556684.0,372244.0,164882.0,324337.0,504653.0,2024_05,sum-population
3105,1567.82,843.37,1032.83,732.95,364.54,716.87,977.75,1245.83,779.79,1413.53,1135.02,596.67,585.14,1020.7,1504.12,2116.2,2369.32,1404.45,946.89,448.69,667.42,1255.1,202.81,337.77,460.43,402.56,505.22,382.05,476.57,332.02,506.55,1097.81,366.55,185.94,253.56,2024_05,sum-rain
3106,121963.0,111231.0,111628.0,140245.0,91493.0,193397.0,121841.0,108134.0,64489.0,141390.0,98785.0,57929.0,57163.0,107474.0,85336.0,26144.0,189117.0,168805.0,62955.0,69727.0,62967.0,108986.0,64843.0,50006.0,37799.0,114409.0,68516.0,22523.0,55300.0,92940.0,59995.0,55881.0,8847.0,24116.0,31386.0,2024_05,sum-young-population
3107,,,,,,,,,,,,,,,,,,,,,,,,,,,,,,,,,,,,2024_05,topsis-score
3108,0.0,0.0,0.0,0.0,0.0,0.0,0.0,0.0,0.0,0.0,0.0,0.0,0.0,0.0,0.0,0.0,0.0,0.0,0.0,0.0,0.0,0.0,0.0,0.0,0.0,0.0,0.0,0.0,0.0,0.0,0.0,0.0,0.0,0.0,0.0,2024_05,total-animal-affected
3109,0.0,0.0,0.0,0.0,0.0,0.0,0.0,0.0,0.0,0.0,0.0,0.0,0.0,0.0,0.0,0.0,0.0,0.0,0.0,0.0,0.0,0.0,0.0,0.0,0.0,0.0,0.0,0.0,0.0,0.0,0.0,0.0,0.0,0.0,0.0,2024_05,total-animal-washed-away
3110,214904.0,377710.0,240459.0,393378.0,267778.0,527427.0,318730.0,266928.0,195025.0,318555.0,311523.0,172096.0,272707.0,275841.0,103131.0,30119.0,416101.0,256161.0,165784.0,185414.0,105445.0,408132.0,327221.0,233278.0,132203.0,231859.0,185739.0,108235.0,150938.0,214866.0,202538.0,52339.0,39239.0,77895.0,112690.0,2024_05,total-hhd
3111,0.0,0.0,0.0,0.0,0.0,0.0,0.0,0.0,0.0,0.0,0.0,0.0,0.0,0.0,0.0,0.0,0.0,0.0,0.0,0.0,0.0,0.0,0.0,0.0,0.0,0.0,0.0,0.0,0.0,0.0,0.0,0.0,0.0,0.0,0.0,2024_05,total-house-fully-damaged
3112,0.0,0.0,0.0,0.0,144954464.68,0.0,7953200.0,89279363.0,0.0,0.0,0.0,0.0,89104953.76,0.0,0.0,0.0,0.0,49122269.0,0.0,0.0,0.0,10068300.0,250335634.6,27828100.0,0.0,179300633.0,17033606.0,0.0,0.0,30587000.0,0.0,0.0,0.0,0.0,91224462.0,2024_05,total-tender-awarded-value
3113,0.0,0.0,0.0,0.0,0.0,0.0,0.0,0.0,0.0,0.0,0.0,0.0,0.0,0.0,0.0,0.0,0.0,0.0,0.0,0.0,0.0,0.0,0.0,0.0,0.0,0.0,0.0,0.0,0.0,0.0,0.0,0.0,0.0,0.0,0.0,2024_05,trees
3114,3,2,3,3,5,3,4,4,3,4,4,3,2,3,1,1,3,1,1,3,3,2,1,1,3,3,4,3,4,5,2,4,1,1,3,2024_05,vulnerability
3115,0.0,0.0,0.0,0.0,0.0,0.0,0.0,0.0,0.0,0.0,0.0,0.0,0.0,0.0,0.0,0.0,0.0,0.0,0.0,0.0,0.0,0.0,0.0,0.0,0.0,0.0,0.0,0.0,0.0,0.0,0.0,0.0,0.0,0.0,0.0,2024_05,water
3116,9.0,7.5,8.9,8.0,7.2,9.8,9.8,8.3,7.0,8.6,10.2,10.4,10.3,8.8,7.2,8.1,9.8,9.8,9.5,9.1,8.2,10.1,12.1,10.5,9.0,9.2,8.3,8.6,8.9,8.0,6.7,5.8,9.4,7.0,11.6,2024_06,avg-electricity
3117,2.2,2.6,2.0,2.0,2.4,2.0,2.2,2.4,2.0,2.0,2.0,2.2,2.2,2.3,2.0,2.5,2.2,2.4,2.0,2.2,2.2,2.4,2.5,2.1,2.3,2.0,2.2,2.0,2.3,2.3,2.0,2.0,2.5,2.3,2.2,2024_06,avg-tele
3118,0.0,0.0,0.0,0.0,0.0,0.0,0.0,0.0,0.0,0.0,0.0,0.0,0.0,0.0,0.0,0.0,0.0,0.0,0.0,0.0,0.0,0.0,0.0,0.0,0.0,0.0,0.0,0.0,0.0,0.0,0.0,0.0,0.0,0.0,0.0,2024_06,bare-ground
3119,11.0,2.0,6.0,1.0,0.0,0.0,1.0,1.0,0.0,0.0,0.0,0.0,0.0,0.0,0.0,0.0,0.0,0.0,0.0,2.0,0.0,1.0,0.0,0.0,0.0,0.0,2.0,0.0,2.0,0.0,0.0,0.0,0.0,3.0,0.0,2024_06,bridge
3120,0.0,0.0,0.0,0.0,0.0,0.0,0.0,0.0,0.0,0.0,0.0,0.0,0.0,0.0,0.0,0.0,0.0,0.0,0.0,0.0,0.0,0.0,0.0,0.0,0.0,0.0,0.0,0.0,0.0,0.0,0.0,0.0,0.0,0.0,0.0,2024_06,built-area
3121,,,,,,,,,,,,,,,,,,,,,,,,,,,,,,,,,,,,2024_06,children-camp
3122,0.0,0.0,0.0,0.0,0.0,0.0,0.0,0.0,0.0,0.0,0.0,0.0,0.0,0.0,0.0,0.0,0.0,0.0,0.0,0.0,0.0,0.0,0.0,0.0,0.0,0.0,0.0,0.0,0.0,0.0,0.0,0.0,0.0,0.0,0.0,2024_06,cidf-tenders-awarded-value
3123,0.0,0.0,0.0,0.0,0.0,0.0,0.0,0.0,0.0,0.0,0.0,0.0,0.0,0.0,0.0,0.0,0.0,0.0,0.0,0.0,0.0,0.0,0.0,0.0,0.0,0.0,0.0,0.0,0.0,0.0,0.0,0.0,0.0,0.0,0.0,2024_06,clouds
3124,,,,,,,,,,,,,,,,,,,,,,,,,,,,,,,,,,,,2024_06,count
3125,150.0,0.0,224.0,80.0,1348.0,5999.0,0.0,311.0,2660.0,2402.0,748.0,60.0,0.0,61.0,0.0,0.0,3.0,1784.0,117.0,938.0,0.0,1445.0,0.0,223.0,66.0,733.0,140.0,0.0,128.0,2490.0,0.0,0.0,234.0,209.0,554.0,2024_06,crop-area
3126,0.0,0.0,0.0,0.0,0.0,0.0,0.0,0.0,0.0,0.0,0.0,0.0,0.0,0.0,0.0,0.0,0.0,0.0,0.0,0.0,0.0,0.0,0.0,0.0,0.0,0.0,0.0,0.0,0.0,0.0,0.0,0.0,0.0,0.0,0.0,2024_06,crops
3127,4296.624151156235,2231.5993331549903,3585.3069321814023,1247.6117514050093,2700.336576957554,3477.530108369159,1557.3606551140049,2711.046414108986,2238.6415334905228,4159.102888381455,9491.630139883577,3889.6067327857527,7133.757644739053,3445.526862961011,8511.666927309076,4923.29748622475,3222.517655928944,4060.318063254274,4335.474967336042,1883.330083753236,975.2407923854796,4254.719948057848,3333.953706616405,1829.807307358248,1576.5499878215094,1098.83444541599,1489.9264043306482,4700.953196095703,4363.59388114963,5163.44360094801,880.805632910103,4989.53282327419,1292.455559234692,1123.7037030160088,1578.254039674223,2024_06,distance-from-river
3128,KOKRAJHAR,DHUBRI,GOALPARA,BARPETA,MORIGAON,NAGAON,SONITPUR,LAKHIMPUR,DHEMAJI,TINSUKIA,DIBRUGARH,SIVASAGAR,JORHAT,GOLAGHAT,KARBI ANGLONG,DIMA HASAO,CACHAR,KARIMGANJ,HAILAKANDI,BONGAIGAON,CHIRANG,KAMRUP,KAMRUP METRO,NALBARI,BAKSA,DARRANG,UDALGURI,CHARAIDEO,BISWANATH,HOJAI,SOUTH SALMARA MANCACHAR,WEST KARBI ANGLONG,MAJULI,BAJALI,TAMULPUR,2024_06,district
3129,0.0005623749999999,0.0006515714285714,0.0005706,0.0006465,0.0005976,0.0005747142857142,0.000571,0.0006111428571428,0.0005535,0.00057375,0.0006251428571428,0.0006055,0.0006035999999999,0.0005855,0.00041,0.00031275,0.0004408,0.0005329999999999,0.0005025,0.0005798,0.000528,0.0005858461538461,0.00044875,0.000670625,0.0005907142857142,0.0006724,0.0006286666666666,0.000603,0.0006126666666666,0.00058,0.000585,0.000439,0.0006255,0.0006813333333333,0.0006636,2024_06,drainage-density
3130,,,,,,,,,,,,,,,,,,,,,,,,,,,,,,,,,,,,2024_06,dtcode11
3131,,,,,,,,,,,,,,,,,,,,,,,,,,,,,,,,,,,,2024_06,dtname
3132,0.868778125,0.8399401428571428,0.8116284,0.8310913333333333,0.7661958,0.8639781428571428,0.78639675,0.7376888571428571,0.7497205,0.7711135,0.7772958571428571,0.83300225,0.8802116,0.8063263333333334,0.8925960000000001,0.96950975,0.8273534,0.9575468,0.92058425,0.8305834000000001,0.8693326000000001,0.8856048461538462,1.0,0.92892775,0.7782401428571429,0.7965744,0.7665174444444445,0.8344433333333333,0.7682856666666668,0.7680406666666667,0.8306325000000001,0.729127,0.7675915,0.9594673333333332,0.8093324,2024_06,efficiency
3133,63.0,33.0,49.0,40.0,63.0,72.0,86.0,96.0,141.0,142.0,113.0,99.0,105.0,97.0,347.0,607.0,155.0,36.0,47.0,54.0,84.0,82.0,114.0,49.0,70.0,59.0,91.0,112.0,86.0,125.0,26.0,483.0,85.0,47.0,71.0,2024_06,elevation-mean
3134,0.0,0.0,1.0,0.0,0.0,0.0,1.0,2.0,0.0,0.0,0.0,0.0,0.0,0.0,0.0,0.0,2.0,0.0,0.0,2.0,0.0,1.0,0.0,5.0,0.0,2.0,2.0,0.0,0.0,0.0,0.0,0.0,0.0,0.0,1.0,2024_06,embankment-breached
3135,0.0,0.0,1.0,0.0,0.0,7.0,0.0,0.0,1.0,0.0,0.0,0.0,0.0,0.0,0.0,0.0,0.0,4.0,2.0,0.0,1.0,1.0,0.0,1.0,0.0,2.0,2.0,0.0,10.0,0.0,0.0,0.0,0.0,4.0,0.0,2024_06,embankments-affected
3136,1,2,2,3,2,4,5,1,1,5,2,2,2,2,2,1,5,3,2,1,1,1,4,1,1,3,1,1,2,5,5,3,1,1,1,2024_06,exposure
3137,,,,,,,,,,,,,,,,,,,,,,,,,,,,,,,,,,,,2024_06,female-camp
3138,2024-2025,2024-2025,2024-2025,2024-2025,2024-2025,2024-2025,2024-2025,2024-2025,2024-2025,2024-2025,2024-2025,2024-2025,2024-2025,2024-2025,2024-2025,2024-2025,2024-2025,2024-2025,2024-2025,2024-2025,2024-2025,2024-2025,2024-2025,2024-2025,2024-2025,2024-2025,2024-2025,2024-2025,2024-2025,2024-2025,2024-2025,2024-2025,2024-2025,2024-2025,2024-2025,2024_06,financial-year
3139,2,3,2,4,2,2,1,1,1,1,2,2,1,1,1,1,2,4,3,4,3,3,1,4,3,2,1,2,1,1,2,1,1,4,3,2024_06,flood-hazard
3140,,,,,,,,,,,,,,,,,,,,,,,,,,,,,,,,,,,,2024_06,flood-hazard-float
3141,0.0,0.0,0.0,0.0,0.0,0.0,0.0,0.0,0.0,0.0,0.0,0.0,0.0,0.0,0.0,0.0,0.0,0.0,0.0,0.0,0.0,0.0,0.0,0.0,0.0,0.0,0.0,0.0,0.0,0.0,0.0,0.0,0.0,0.0,0.0,2024_06,flooded-vegetation
3142,5,5,5,5,4,5,5,5,5,5,5,5,5,5,5,5,5,5,5,5,5,5,4,5,5,5,5,5,4,5,5,4,2,5,5,2024_06,government-response
3143,163,151,154,205,116,277,158,124,73,119,169,143,106,153,30,4,176,96,87,88,68,282,52,142,109,129,15,82,100,91,69,25,32,70,67,2024_06,health-centres-count
3144,0,0,0,2,0,2,0,0,2,0,0,0,0,0,0,0,15,1,2,0,0,0,0,0,0,0,0,0,0,0,0,0,0,1,0,2024_06,human-live-lost
3145,,,,,,,,,,,,,,,,,,,,,,,,,,,,,,,,,,,,2024_06,human-live-lost-children
3146,,,,,,,,,,,,,,,,,,,,,,,,,,,,,,,,,,,,2024_06,human-live-lost-female
3147,,,,,,,,,,,,,,,,,,,,,,,,,,,,,,,,,,,,2024_06,human-live-lost-male
3148,0.0,0.0,0.0,0.0,0.0,0.0,0.0,0.0,0.0,0.0,0.0,0.0,0.0,0.0,0.0,0.0,0.0,0.0,0.0,0.0,0.0,0.0,0.0,0.0,0.0,0.0,0.0,0.0,110147598.54,0.0,0.0,0.0,0.0,136869816.0,0.0,2024_06,immediate-measures-tenders-awarded-value
3149,0.0,0.0,0.0012379305502501,0.0072612165702178,0.0308307588329402,0.0574680151806945,0.0018994026913913,0.0018885923762357,0.0004183907823272,0.0015976990906615,0.0034722141115657,0.012468723370223,0.0026993439949908,7.833626310957363e-07,5.365354230856667e-05,1.6486306473842824e-07,0.039115089295264,0.1016053211028685,0.083024252842102,0.0027948138045621,0.0001595990739675,0.0193191883270205,0.0032275936875599,0.0259687891254851,0.0059251435241251,0.0276257395311947,0.0228595556223666,0.0065793806959026,0.0014301259844707,0.0589854207933654,0.0,0.0021123114321981,0.0003707434135764,0.0214433573535503,0.0270858102101173,2024_06,inundation-intensity-mean
3150,0.0,0.0,0.1,0.14,0.27,0.28,0.14,0.12,0.05,0.14,0.14,0.14,0.11,0.02,0.05,0.04,0.32,0.37,0.33,0.09,0.06,0.17,0.17,0.17,0.15,0.18,0.16,0.14,0.14,0.28,0.0,0.24,0.14,0.14,0.17,2024_06,inundation-intensity-mean-nonzero
3151,0.0,0.0,994.43,5298.29,30004.86,64408.43,3118.0,2601.14,884.71,2594.57,5717.57,8735.14,2050.43,1.0,238.14,0.43,67243.0,53553.43,25303.71,1247.57,305.0,19493.14,1446.71,10128.43,2410.57,12338.14,5613.86,3103.0,723.71,23243.0,0.0,2897.14,161.43,4977.57,6103.71,2024_06,inundation-intensity-sum
3152,0.0,0.0,0.7220466833689513,5.056575578790774,8.21595040472375,13.559816564928182,1.32958188397397,1.3220146633650414,0.2928735476290867,1.1183893634630682,2.4305498780960746,8.72810635915616,1.889540796493638,0.000548353841767,0.0373547097800366,0.0001154041453168,11.295768727663384,24.741633280018327,20.905479369746093,1.956369663193546,0.111719351777264,11.134611311067715,1.5654530890006026,14.770161546277157,4.050105457324259,15.114005629878177,13.100889623354126,4.605566487131913,1.0010881891295331,16.97608015744601,0.0,0.88855609452364,0.25952038950351,15.010350147485273,15.881684661031835,2024_06,inundation-pct
3153,0.0,0.0,0.0,0.0,0.0,0.0,0.0,0.0,0.0,0.0,0.0,0.0,0.0,0.0,0.0,0.0,0.0,0.0,0.0,0.0,0.0,0.0,0.0,0.0,0.0,0.0,0.0,0.0,0.0,0.0,0.0,0.0,0.0,0.0,0.0,2024_06,ltif-tenders-awarded-value
3154,,,,,,,,,,,,,,,,,,,,,,,,,,,,,,,,,,,,2024_06,male-camp
3155,2.17,2.1,2.09,2.09,0.72,0.64,0.79,1.21,1.21,1.0,1.01,0.89,0.66,0.66,0.66,0.87,0.91,1.13,0.91,2.09,1.91,1.8,0.66,1.02,1.35,0.83,0.83,0.93,0.9,0.53,2.14,0.64,0.75,1.35,1.07,2024_06,max-rain
3156,79.02868494142712,101.80280753365652,92.94383900653578,105.59323892727154,101.52151689605476,82.80184981421402,96.12358569934148,83.9078683433952,82.58482453454118,85.28440626816572,92.33941954273553,80.5484411209615,79.26767921681454,87.0143854317649,73.9235270160713,74.45407242468538,76.22171823123378,78.77654329987095,76.5297175055914,92.84413483394596,78.73454361714819,88.47737641290556,90.33791694141864,81.3350244170581,77.2968865972734,93.73693822422564,78.06937273928872,76.99096084367254,87.73877652848734,76.69919006241047,135.19869279538494,74.5890767941101,111.4923918776678,77.2774448783579,78.49346327750206,2024_06,mean-cn
3157,-0.1850835517203444,-0.1956678468128085,-0.0752289160580391,-0.1259758431129314,-0.1525422918570213,-0.2334060994513962,-0.2958093379321799,-0.1454879068376235,-0.1528966620435803,-0.2370712643210324,-0.2596744701582269,-0.1377507066314716,-0.0452071219857272,-0.0185237128240636,-0.1538110041309242,-0.1769310836542678,-0.1449437193717487,-0.1770583584700904,-0.1456127027439684,-0.0626237020527392,-0.1348368288284448,-0.1490368487693198,-0.0608214502201025,-0.1494417894853278,-0.1389498704984372,-0.1107711037677772,-0.0851231711544214,-0.2632697761086836,-0.0958510980054095,-0.0674460567516172,-0.315793915109311,-0.2054044169764365,-0.1535157206055453,-0.096328354598843,-0.1380725875553354,2024_06,mean-ndbi
3158,0.5948139321370294,0.348896367458991,0.4443305559075822,0.4060782106516059,0.3931257249132537,0.5225512831831975,0.3489793821476288,0.5277800419109677,0.5476224430007779,0.59180938265601,0.4618180009758691,0.4644053150982432,0.4627769425735512,0.4058412483095104,0.6139901362790255,0.5922850425667504,0.6137813238556584,0.5207142996056586,0.5455609121536247,0.441657221470901,0.5982681700048228,0.535696030303154,0.3739631313957174,0.5060000290828183,0.5738038000103506,0.3716188262889552,0.3784167883298902,0.6414649445428332,0.5171434705886266,0.4512366167861031,0.1825243453219916,0.5504271476499496,0.1833250095828774,0.5252079689570389,0.5127752558954477,2024_06,mean-ndvi
3159,1.87,1.63,1.35,1.31,0.6,0.53,0.62,0.79,1.01,0.69,0.86,0.71,0.52,0.54,0.35,0.41,0.59,0.93,0.75,1.9,1.69,0.74,0.45,0.9,1.14,0.58,0.65,0.86,0.55,0.27,1.73,0.32,0.58,1.04,0.79,2024_06,mean-rain
3160,0.94,0.94,0.94,0.94,0.95,0.94,0.93,0.94,0.93,0.93,0.94,0.93,0.94,0.94,0.92,0.91,0.94,0.94,0.93,0.95,0.95,0.93,0.91,0.93,0.95,0.93,0.94,0.93,0.93,0.94,0.94,0.93,0.94,0.94,0.95,2024_06,mean-sex-ratio
3161,78683.46309,83470.903,78088.12,79714.84605,75490.3523,87424.202,71470.137,90513.46103,104651.240916,68512.0013,81437.447,43095.76595,54183.314,128914.321604,35388.58,27888.17,66721.37,42827.17595,35287.21,42395.395,27850.66,74001.84561,6039.38,44021.984,58167.37587,76196.45569999999,93034.31635285716,23849.9,71288.401,78621.26999999999,17419.61,48488.349,16642.66,23559.76,71015.57777333334,2024_06,net-sown-area-in-hac
3162,9495800.0,11610000.0,0.0,31327200.0,958633337.5,29218483.17,0.0,78160223.57,0.0,0.0,0.0,0.0,0.0,0.0,0.0,0.0,0.0,0.0,0.0,0.0,0.0,0.0,195748501.92,0.0,72553769.7,0.0,137834691.01,0.0,0.0,0.0,0.0,0.0,0.0,0.0,98901074.0,2024_06,others-tenders-awarded-value
3163,1004.0,205.0,7267.0,19792.0,1479.0,365535.0,151.0,1069.0,69252.0,45281.0,15010.0,0.0,7973.0,4919.0,0.0,0.0,159071.0,204934.0,25286.0,0.0,0.0,3742.0,0.0,7400.0,1835.0,21441.0,99.0,0.0,1038.0,126813.0,0.0,0.0,34966.0,11903.0,23481.0,2024_06,population-affected-total
3164,62.0,342.0,34.0,5.0,10.0,45.0,35.0,38.0,77.0,43.0,49.0,27.0,41.0,43.0,32.0,146.0,46.0,45.0,28.0,81.0,8.0,45.0,80.0,11.0,0.0,0.0,24.0,24.0,19.0,30.0,0.0,0.0,0.0,9.0,6.0,2024_06,rail-count
3165,145613.0,139561.0,78425.0,17621.0,30884.0,174517.0,138494.0,108334.0,121454.0,119685.0,123774.0,73292.0,86126.0,117155.0,73424.0,172636.0,103488.0,117739.0,90281.0,82273.0,24548.0,109026.0,89510.0,30164.0,0.0,0.0,66114.0,80492.0,74271.0,75327.0,0.0,0.0,0.0,28139.0,18201.0,2024_06,rail-length
3166,0.0,0.0,0.0,0.0,0.0,0.0,0.0,0.0,0.0,0.0,0.0,0.0,0.0,0.0,0.0,0.0,0.0,0.0,0.0,0.0,0.0,0.0,0.0,0.0,0.0,0.0,0.0,0.0,0.0,0.0,0.0,0.0,0.0,0.0,0.0,2024_06,rangeland
3167,3131,1557,1979,1848,1512,2564,3445,2998,2483,3810,3379,1567,1865,3523,7337,4884,3783,1839,1329,1088,1926,3283,834,1036,1526,1611,1987,1073,1783,1456,684,3073,970,470,877,2024_06,rc-area
3168,22.9,25.01,25.42,15.04,15.81,23.51,13.19,16.32,20.87,24.89,12.8,8.96,12.07,15.06,23.47,23.25,15.87,14.25,19.26,12.86,25.35,9.48,11.61,21.25,15.46,13.0,15.96,19.71,28.46,27.66,28.09,28.84,17.28,9.75,12.15,2024_06,rc-nosanitation-hhds-pct
3169,2.85,1.19,3.55,2.25,3.35,4.98,6.04,2.83,2.26,3.42,4.19,6.81,14.25,7.18,1.95,6.36,8.53,5.57,4.01,2.04,1.03,3.32,11.46,9.66,2.8,5.1,3.07,3.8,4.2,5.27,3.57,0.24,4.95,6.03,5.78,2024_06,rc-piped-hhds-pct
3170,,,,,,,,,,,,,,,,,,,,,,,,,,,,,,,,,,,,2024_06,relief-camp-inmates
3171,0.0,0.0,0.0,0.0,0.0,0.0,0.0,0.0,0.0,0.0,0.0,0.0,0.0,0.0,0.0,0.0,0.0,0.0,0.0,0.0,0.0,0.0,0.0,0.0,0.0,0.0,0.0,0.0,0.0,0.0,0.0,0.0,0.0,0.0,0.0,2024_06,restoration-measures-tenders-awarded-value
3172,,,,,,,,,,,,,,,,,,,,,,,,,,,,,,,,,,,,2024_06,revenue-ci
3173,0.0,0.0,0.0,0.0,19490677.5,0.0,0.0,0.0,0.0,0.0,0.0,0.0,0.0,0.0,0.0,0.0,0.0,0.0,0.0,0.0,0.0,0.0,0.0,0.0,0.0,0.0,71945824.0,0.0,0.0,0.0,0.0,0.0,0.0,136869816.0,0.0,2024_06,ridf-tenders-awarded-value
3174,1,2,2,4,2,2,1,1,1,1,2,1,1,1,1,1,2,3,2,3,2,2,1,3,3,2,1,2,1,2,2,1,1,3,3,2024_06,risk-score
3175,0.0,0.0,0.0,0.0,0.0,0.0,0.0,0.0,0.0,0.0,0.0,0.0,0.0,0.0,0.0,0.0,0.0,0.0,0.0,0.0,0.0,0.0,0.0,0.0,0.0,0.0,0.0,0.0,0.0,0.0,0.0,0.0,0.0,0.0,0.0,2024_06,riverlevel-max
3176,0.0,0.0,0.0,0.0,0.0,0.0,0.0,0.0,0.0,0.0,0.0,0.0,0.0,0.0,0.0,0.0,0.0,0.0,0.0,0.0,0.0,0.0,0.0,0.0,0.0,0.0,0.0,0.0,0.0,0.0,0.0,0.0,0.0,0.0,0.0,2024_06,riverlevel-mean
3177,0.0,0.0,0.0,0.0,0.0,0.0,0.0,0.0,0.0,0.0,0.0,0.0,0.0,0.0,0.0,0.0,0.0,0.0,0.0,0.0,0.0,0.0,0.0,0.0,0.0,0.0,0.0,0.0,0.0,0.0,0.0,0.0,0.0,0.0,0.0,2024_06,riverlevel-min
3178,858892.0,705770.0,1011509.0,725891.0,634621.0,1331470.0,745620.0,804067.0,578686.0,1211943.0,1453600.0,700651.0,736030.0,1389863.0,752361.0,843185.0,988230.0,615579.0,483931.0,654117.0,547046.0,1589070.0,746938.0,450865.0,429399.0,767150.0,650574.0,485197.0,574075.0,560100.0,78936.0,457481.0,54196.0,461489.0,294016.0,2024_06,road-length
3179,17.0,1.0,44.0,72.0,2.0,87.0,1.0,13.0,17.0,0.0,0.0,0.0,0.0,1.0,0.0,0.0,81.0,29.0,31.0,63.0,5.0,69.0,0.0,33.0,0.0,42.0,6.0,0.0,2.0,14.0,0.0,0.0,0.0,9.0,17.0,2024_06,roads
3180,2788,3147,2578,2904,1994,3284,2025,3519,2301,1950,2431,1838,2072,2507,1757,1063,3322,3188,3016,1463,1336,3463,1151,1817,1497,1858,1795,1007,1291,1320,1381,925,805,813,995,2024_06,schools-count
3181,0.0,0.0,0.0,0.0,0.0,0.0,0.0,0.0,0.0,0.0,0.0,0.0,0.0,0.0,0.0,0.0,0.0,0.0,0.0,0.0,0.0,0.0,0.0,0.0,0.0,0.0,0.0,0.0,0.0,0.0,0.0,0.0,0.0,0.0,0.0,2024_06,sdrf-sanctions-awarded-value
3182,0.0,0.0,0.0,0.0,0.0,0.0,0.0,0.0,0.0,0.0,0.0,0.0,0.0,0.0,0.0,0.0,0.0,0.0,0.0,0.0,0.0,0.0,0.0,0.0,0.0,0.0,0.0,0.0,0.0,0.0,0.0,0.0,0.0,0.0,0.0,2024_06,sdrf-tenders-awarded-value
3183,84.0,81.0,84.0,78.0,81.0,86.0,82.0,84.0,84.0,83.0,79.0,85.0,85.0,84.0,89.0,90.0,88.0,86.0,87.0,84.0,85.0,83.0,85.0,83.0,85.0,82.0,85.0,84.0,83.0,88.0,75.0,89.0,78.0,85.0,85.0,2024_06,slope-mean
3184,0.0,0.0,0.0,0.0,0.0,0.0,0.0,0.0,35280000.0,0.0,0.0,0.0,0.0,0.0,0.0,0.0,0.0,0.0,0.0,0.0,0.0,0.0,0.0,0.0,0.0,0.0,0.0,0.0,0.0,0.0,0.0,0.0,0.0,0.0,0.0,2024_06,sopd-tenders-awarded-value
3185,61556.0,46195.0,49838.0,73043.0,45709.0,105362.0,73583.0,62453.0,34899.0,83722.0,69471.0,46226.0,52993.0,75505.0,38155.0,11647.0,115757.0,90785.0,30837.0,37252.0,33945.0,78600.0,55973.0,44945.0,27799.0,58969.0,41519.0,17727.0,33691.0,50315.0,25989.0,25769.0,7799.0,13027.0,22621.0,2024_06,sum-aged-population
3186,1292936.0,1422023.0,1093141.0,1633598.0,1164373.0,2408804.0,1479834.0,1181482.0,714264.0,1426956.0,1506738.0,783516.0,1003016.0,1318187.0,714774.0,293750.0,2154488.0,1430620.0,786401.0,821803.0,618750.0,1657188.0,1378544.0,975597.0,730731.0,1185014.0,874683.0,498958.0,667939.0,1144635.0,556684.0,372244.0,164882.0,324337.0,504653.0,2024_06,sum-population
3187,5380.91,2189.43,2533.27,2169.03,786.32,1210.22,1939.35,2172.69,2250.63,2397.0,2657.68,1028.93,886.82,1669.01,2308.05,1648.7,1943.55,1485.37,848.94,1878.49,2778.94,2352.51,317.19,808.26,1668.82,865.58,1237.16,834.1,922.06,323.46,1038.17,888.18,515.76,472.42,616.12,2024_06,sum-rain
3188,121963.0,111231.0,111628.0,140245.0,91493.0,193397.0,121841.0,108134.0,64489.0,141390.0,98785.0,57929.0,57163.0,107474.0,85336.0,26144.0,189117.0,168805.0,62955.0,69727.0,62967.0,108986.0,64843.0,50006.0,37799.0,114409.0,68516.0,22523.0,55300.0,92940.0,59995.0,55881.0,8847.0,24116.0,31386.0,2024_06,sum-young-population
3189,,,,,,,,,,,,,,,,,,,,,,,,,,,,,,,,,,,,2024_06,topsis-score
3190,0.0,0.0,0.0,0.0,0.0,0.0,0.0,0.0,0.0,0.0,0.0,0.0,0.0,0.0,0.0,0.0,0.0,0.0,0.0,0.0,0.0,0.0,0.0,0.0,0.0,0.0,0.0,0.0,0.0,0.0,0.0,0.0,0.0,0.0,0.0,2024_06,total-animal-affected
3191,0.0,0.0,0.0,0.0,0.0,0.0,0.0,0.0,0.0,0.0,0.0,0.0,0.0,0.0,0.0,0.0,0.0,0.0,0.0,0.0,0.0,0.0,0.0,0.0,0.0,0.0,0.0,0.0,0.0,0.0,0.0,0.0,0.0,0.0,0.0,2024_06,total-animal-washed-away
3192,214904.0,377710.0,240459.0,393378.0,267778.0,527427.0,318730.0,266928.0,195025.0,318555.0,311523.0,172096.0,272707.0,275841.0,103131.0,30119.0,416101.0,256161.0,165784.0,185414.0,105445.0,408132.0,327221.0,233278.0,132203.0,231859.0,185739.0,108235.0,150938.0,214866.0,202538.0,52339.0,39239.0,77895.0,112690.0,2024_06,total-hhd
3193,0.0,0.0,0.0,0.0,0.0,0.0,0.0,0.0,0.0,0.0,0.0,0.0,0.0,0.0,0.0,0.0,0.0,0.0,0.0,0.0,0.0,0.0,0.0,0.0,0.0,0.0,0.0,0.0,0.0,0.0,0.0,0.0,0.0,0.0,0.0,2024_06,total-house-fully-damaged
3194,9495800.0,11610000.0,0.0,31327200.0,958633337.5,29218483.17,0.0,78160223.57,35280000.0,0.0,0.0,0.0,0.0,0.0,0.0,0.0,0.0,0.0,0.0,0.0,0.0,0.0,198304383.92,0.0,72553769.7,0.0,137834691.01,0.0,273542886.54,23659200.0,0.0,0.0,0.0,136869816.0,98901074.0,2024_06,total-tender-awarded-value
3195,0.0,0.0,0.0,0.0,0.0,0.0,0.0,0.0,0.0,0.0,0.0,0.0,0.0,0.0,0.0,0.0,0.0,0.0,0.0,0.0,0.0,0.0,0.0,0.0,0.0,0.0,0.0,0.0,0.0,0.0,0.0,0.0,0.0,0.0,0.0,2024_06,trees
3196,3,3,3,3,4,2,4,5,4,4,4,3,2,3,2,1,3,1,2,3,2,2,1,2,4,4,4,3,5,4,3,5,4,1,3,2024_06,vulnerability
3197,0.0,0.0,0.0,0.0,0.0,0.0,0.0,0.0,0.0,0.0,0.0,0.0,0.0,0.0,0.0,0.0,0.0,0.0,0.0,0.0,0.0,0.0,0.0,0.0,0.0,0.0,0.0,0.0,0.0,0.0,0.0,0.0,0.0,0.0,0.0,2024_06,water
3198,9.0,7.5,8.9,8.0,7.2,9.8,9.8,8.3,7.0,8.6,10.2,10.4,10.3,8.8,7.2,8.1,9.8,9.8,9.5,9.1,8.2,10.1,12.1,10.5,9.0,9.2,8.3,8.6,8.9,8.0,6.7,5.8,9.4,7.0,11.6,2024_07,avg-electricity
3199,2.2,2.6,2.0,2.0,2.4,2.0,2.2,2.4,2.0,2.0,2.0,2.2,2.2,2.3,2.0,2.5,2.2,2.4,2.0,2.2,2.2,2.4,2.5,2.1,2.3,2.0,2.2,2.0,2.3,2.3,2.0,2.0,2.5,2.3,2.2,2024_07,avg-tele
3200,0.0,0.0,0.0,0.0,0.0,0.0,0.0,0.0,0.0,0.0,0.0,0.0,0.0,0.0,0.0,0.0,0.0,0.0,0.0,0.0,0.0,0.0,0.0,0.0,0.0,0.0,0.0,0.0,0.0,0.0,0.0,0.0,0.0,0.0,0.0,2024_07,bare-ground
3201,2.0,1.0,4.0,11.0,1.0,1.0,2.0,0.0,3.0,1.0,1.0,0.0,0.0,4.0,0.0,0.0,0.0,0.0,0.0,7.0,0.0,0.0,0.0,0.0,0.0,0.0,0.0,4.0,8.0,0.0,0.0,0.0,1.0,1.0,0.0,2024_07,bridge
3202,0.0,0.0,0.0,0.0,0.0,0.0,0.0,0.0,0.0,0.0,0.0,0.0,0.0,0.0,0.0,0.0,0.0,0.0,0.0,0.0,0.0,0.0,0.0,0.0,0.0,0.0,0.0,0.0,0.0,0.0,0.0,0.0,0.0,0.0,0.0,2024_07,built-area
3203,,,,,,,,,,,,,,,,,,,,,,,,,,,,,,,,,,,,2024_07,children-camp
3204,0.0,0.0,0.0,0.0,0.0,0.0,0.0,0.0,0.0,0.0,0.0,0.0,0.0,0.0,0.0,0.0,0.0,0.0,0.0,0.0,0.0,0.0,0.0,0.0,0.0,0.0,0.0,0.0,0.0,0.0,0.0,0.0,0.0,0.0,0.0,2024_07,cidf-tenders-awarded-value
3205,0.0,0.0,0.0,0.0,0.0,0.0,0.0,0.0,0.0,0.0,0.0,0.0,0.0,0.0,0.0,0.0,0.0,0.0,0.0,0.0,0.0,0.0,0.0,0.0,0.0,0.0,0.0,0.0,0.0,0.0,0.0,0.0,0.0,0.0,0.0,2024_07,clouds
3206,,,,,,,,,,,,,,,,,,,,,,,,,,,,,,,,,,,,2024_07,count
3207,406.0,671.0,2787.0,2048.0,13836.0,19968.0,654.0,4247.0,5202.0,16041.0,3907.0,1945.0,753.0,1506.0,632.0,0.0,960.0,440.0,1174.0,1479.0,0.0,5100.0,0.0,741.0,0.0,1144.0,410.0,1401.0,780.0,417.0,0.0,0.0,20196.0,0.0,0.0,2024_07,crop-area
3208,0.0,0.0,0.0,0.0,0.0,0.0,0.0,0.0,0.0,0.0,0.0,0.0,0.0,0.0,0.0,0.0,0.0,0.0,0.0,0.0,0.0,0.0,0.0,0.0,0.0,0.0,0.0,0.0,0.0,0.0,0.0,0.0,0.0,0.0,0.0,2024_07,crops
3209,4296.624151156235,2231.5993331549903,3585.3069321814023,1247.6117514050093,2700.336576957554,3477.5301083691584,1557.3606551140049,2711.0464141089856,2238.6415334905228,4159.102888381455,9491.630139883577,3889.6067327857527,7133.757644739055,3445.5268629610114,8511.666927309076,4923.29748622475,3222.517655928944,4060.318063254274,4335.474967336042,1883.330083753236,975.2407923854796,4254.719948057848,3333.953706616405,1829.807307358248,1576.5499878215094,1098.83444541599,1489.9264043306482,4700.953196095703,4363.59388114963,5163.44360094801,880.805632910103,4989.53282327419,1292.455559234692,1123.7037030160088,1578.254039674223,2024_07,distance-from-river
3210,KOKRAJHAR,DHUBRI,GOALPARA,BARPETA,MORIGAON,NAGAON,SONITPUR,LAKHIMPUR,DHEMAJI,TINSUKIA,DIBRUGARH,SIVASAGAR,JORHAT,GOLAGHAT,KARBI ANGLONG,DIMA HASAO,CACHAR,KARIMGANJ,HAILAKANDI,BONGAIGAON,CHIRANG,KAMRUP,KAMRUP METRO,NALBARI,BAKSA,DARRANG,UDALGURI,CHARAIDEO,BISWANATH,HOJAI,SOUTH SALMARA MANCACHAR,WEST KARBI ANGLONG,MAJULI,BAJALI,TAMULPUR,2024_07,district
3211,0.0005623749999999,0.0006515714285714,0.0005706,0.0006465,0.0005976,0.0005747142857142,0.000571,0.0006111428571428,0.0005535,0.00057375,0.0006251428571428,0.0006055,0.0006035999999999,0.0005855,0.00041,0.00031275,0.0004408,0.0005329999999999,0.0005025,0.0005798,0.000528,0.0005858461538461,0.00044875,0.000670625,0.0005907142857142,0.0006724,0.0006286666666666,0.000603,0.0006126666666666,0.00058,0.000585,0.000439,0.0006255,0.0006813333333333,0.0006636,2024_07,drainage-density
3212,,,,,,,,,,,,,,,,,,,,,,,,,,,,,,,,,,,,2024_07,dtcode11
3213,,,,,,,,,,,,,,,,,,,,,,,,,,,,,,,,,,,,2024_07,dtname
3214,0.875057625,0.8399387142857143,0.8199251999999999,0.8320439999999999,0.7662728000000001,0.8749775714285715,0.7864195,0.7401505714285713,0.7520531666666667,0.7711135,0.780109,0.835175,0.879297,0.8071103333333333,0.8925960000000001,0.96950975,0.8287901999999999,0.953515,0.91914325,0.842831,0.8693325999999999,0.8854205384615385,1.0,0.9356815,0.779008,0.7965744,0.7672627777777777,0.8346439999999999,0.769376,0.7755413333333333,0.8322905,0.729127,0.7676975,0.9594673333333332,0.8151780000000001,2024_07,efficiency
3215,63.0,33.0,49.0,40.0,63.0,72.0,86.0,96.0,141.0,142.0,113.0,99.0,105.0,97.0,347.0,607.0,155.0,36.0,47.0,54.0,84.0,82.0,114.0,49.0,70.0,59.0,91.0,112.0,86.0,125.0,26.0,483.0,85.0,47.0,71.0,2024_07,elevation-mean
3216,0.0,0.0,0.0,0.0,0.0,2.0,2.0,1.0,0.0,1.0,9.0,1.0,0.0,1.0,0.0,0.0,35.0,2.0,0.0,0.0,0.0,0.0,0.0,1.0,0.0,10.0,0.0,0.0,0.0,0.0,0.0,0.0,1.0,0.0,0.0,2024_07,embankment-breached
3217,0.0,0.0,1.0,0.0,4.0,1.0,0.0,5.0,1.0,0.0,3.0,14.0,2.0,1.0,0.0,0.0,17.0,3.0,6.0,1.0,0.0,0.0,0.0,0.0,0.0,1.0,0.0,0.0,13.0,0.0,0.0,0.0,3.0,0.0,0.0,2024_07,embankments-affected
3218,1,2,2,3,2,4,5,1,1,5,2,2,2,2,2,1,5,3,2,1,1,1,4,1,1,3,1,1,2,5,5,3,1,1,1,2024_07,exposure
3219,,,,,,,,,,,,,,,,,,,,,,,,,,,,,,,,,,,,2024_07,female-camp
3220,2024-2025,2024-2025,2024-2025,2024-2025,2024-2025,2024-2025,2024-2025,2024-2025,2024-2025,2024-2025,2024-2025,2024-2025,2024-2025,2024-2025,2024-2025,2024-2025,2024-2025,2024-2025,2024-2025,2024-2025,2024-2025,2024-2025,2024-2025,2024-2025,2024-2025,2024-2025,2024-2025,2024-2025,2024-2025,2024-2025,2024-2025,2024-2025,2024-2025,2024-2025,2024-2025,2024_07,financial-year
3221,4,5,3,3,2,2,2,3,2,1,3,4,2,2,1,1,2,2,2,2,1,2,1,1,1,1,1,3,2,1,4,1,2,2,1,2024_07,flood-hazard
3222,,,,,,,,,,,,,,,,,,,,,,,,,,,,,,,,,,,,2024_07,flood-hazard-float
3223,0.0,0.0,0.0,0.0,0.0,0.0,0.0,0.0,0.0,0.0,0.0,0.0,0.0,0.0,0.0,0.0,0.0,0.0,0.0,0.0,0.0,0.0,0.0,0.0,0.0,0.0,0.0,0.0,0.0,0.0,0.0,0.0,0.0,0.0,0.0,2024_07,flooded-vegetation
3224,5,5,5,5,4,5,5,5,5,5,5,5,5,5,5,5,5,5,5,5,5,5,4,5,5,5,5,5,4,5,5,4,2,5,5,2024_07,government-response
3225,163,151,154,205,116,277,158,124,73,119,169,143,106,153,30,4,176,96,87,88,68,282,52,142,109,129,15,82,100,91,69,25,32,70,67,2024_07,health-centres-count
3226,0,4,8,0,2,3,4,0,7,5,3,2,1,6,0,0,4,2,0,0,0,0,0,2,0,0,0,3,1,0,0,0,0,0,0,2024_07,human-live-lost
3227,,,,,,,,,,,,,,,,,,,,,,,,,,,,,,,,,,,,2024_07,human-live-lost-children
3228,,,,,,,,,,,,,,,,,,,,,,,,,,,,,,,,,,,,2024_07,human-live-lost-female
3229,,,,,,,,,,,,,,,,,,,,,,,,,,,,,,,,,,,,2024_07,human-live-lost-male
3230,0.0,0.0,0.0,0.0,0.0,0.0,0.0,0.0,0.0,0.0,749552154.05,0.0,0.0,0.0,0.0,0.0,0.0,0.0,0.0,0.0,0.0,0.0,0.0,0.0,0.0,0.0,0.0,0.0,0.0,0.0,0.0,0.0,0.0,0.0,0.0,2024_07,immediate-measures-tenders-awarded-value
3231,0.0128198996024978,0.0472490450604454,0.0314521738066286,0.0516607499757204,0.0734157919938539,0.0697842848350524,0.0217476064630055,0.0254180712739152,0.0198813268777924,0.0051250107012659,0.0250561915272959,0.0605630959603976,0.0177870546797537,0.0125087390503439,0.0020697694560181,1.7585393572099017e-06,0.0205552875406021,0.0416050496037869,0.0279893534148031,0.0149516795336177,0.0002307561643953,0.047409369258629,0.0198636230121136,0.0208559139793787,0.0058236665443365,0.0239597590746874,0.0163095008196448,0.0124482453676402,0.0143785568967761,0.0866086774848401,0.0202495853709731,0.003150656238292,0.0153860449980056,0.0198393769981598,0.0111648002360008,2024_07,inundation-intensity-mean
3232,0.18,0.2,0.28,0.29,0.26,0.27,0.19,0.18,0.17,0.14,0.18,0.24,0.2,0.18,0.15,0.04,0.2,0.2,0.18,0.21,0.11,0.25,0.21,0.19,0.12,0.19,0.15,0.17,0.17,0.28,0.16,0.18,0.19,0.18,0.16,2024_07,inundation-intensity-mean-nonzero
3233,7722.14,34841.43,29532.29,43948.29,65218.71,78481.71,31709.29,34321.71,21199.29,8672.43,38488.29,46347.86,13562.0,22996.43,9174.43,4.57,35288.29,21597.71,8411.71,10555.71,114.86,52958.29,8133.29,11709.71,2631.86,20496.43,2490.0,5531.57,7355.86,44073.71,5383.0,4321.29,6850.86,4974.71,2187.86,2024_07,inundation-intensity-sum
3234,6.604470494514154,23.069012152406017,9.629969747435114,15.865884352612754,24.453687574210544,24.781864075376895,10.904246123431086,12.807072133279156,10.98757312901501,3.5875074908861424,13.31772955646445,22.260608921367528,8.00753365173832,6.534225692864323,1.2712573028759862,0.0012309775500469,9.843587842612532,18.909241314000653,13.4420128381097,5.331533529948343,0.161467194594112,14.083637146956582,7.463215655111473,10.193445866191986,4.02579748831473,11.928020989042343,9.905465592190412,6.772883223403657,8.537565549351351,29.938910699718065,12.656826056908685,1.75859300893659,8.06901485055082,10.626343941419965,6.606328224970248,2024_07,inundation-pct
3235,0.0,0.0,0.0,0.0,0.0,0.0,0.0,0.0,0.0,0.0,0.0,0.0,0.0,0.0,0.0,0.0,0.0,0.0,0.0,0.0,0.0,0.0,0.0,0.0,0.0,0.0,0.0,0.0,0.0,0.0,0.0,0.0,0.0,0.0,0.0,2024_07,ltif-tenders-awarded-value
3236,,,,,,,,,,,,,,,,,,,,,,,,,,,,,,,,,,,,2024_07,male-camp
3237,1.81,1.63,0.8,0.8,0.68,0.55,0.86,1.07,0.92,0.82,0.88,0.88,0.81,0.81,0.81,0.91,0.91,0.84,0.84,0.79,0.91,1.75,0.64,0.53,0.91,0.68,0.68,0.88,0.95,0.52,1.09,0.55,0.79,0.91,0.76,2024_07,max-rain
3238,79.02868494142712,101.80280753365652,92.94383900653578,105.59323892727154,101.52151689605476,82.80184981421402,96.12358569934148,83.9078683433952,82.58482453454118,85.28440626816572,92.33941954273553,80.5484411209615,79.26767921681454,87.0143854317649,73.9235270160713,74.45407242468538,76.22171823123378,78.77654329987095,76.5297175055914,92.844134833946,78.73454361714819,88.47737641290556,90.33791694141864,81.3350244170581,77.2968865972734,93.73693822422564,78.06937273928872,76.99096084367254,87.73877652848734,76.69919006241047,135.19869279538494,74.5890767941101,111.4923918776678,77.2774448783579,78.49346327750206,2024_07,mean-cn
3239,-0.1850835517203444,-0.1956678468128085,-0.0752289160580391,-0.1259758431129314,-0.1525422918570213,-0.2334060994513962,-0.2958093379321799,-0.1454879068376235,-0.1528966620435803,-0.2370712643210324,-0.2596744701582269,-0.1377507066314716,-0.0452071219857272,-0.0185237128240636,-0.1538110041309242,-0.1769310836542678,-0.1449437193717487,-0.1770583584700904,-0.1456127027439684,-0.0626237020527392,-0.1348368288284448,-0.1490368487693198,-0.0608214502201025,-0.1494417894853278,-0.1389498704984372,-0.1107711037677772,-0.0851231711544214,-0.2632697761086836,-0.0958510980054095,-0.0674460567516172,-0.315793915109311,-0.2054044169764365,-0.1535157206055453,-0.096328354598843,-0.1380725875553354,2024_07,mean-ndbi
3240,0.5948139321370294,0.348896367458991,0.4443305559075822,0.4060782106516059,0.3931257249132537,0.5225512831831975,0.3489793821476288,0.5277800419109678,0.5476224430007779,0.59180938265601,0.4618180009758691,0.4644053150982432,0.4627769425735512,0.4058412483095104,0.6139901362790255,0.5922850425667504,0.6137813238556584,0.5207142996056586,0.5455609121536247,0.441657221470901,0.5982681700048228,0.535696030303154,0.3739631313957174,0.5060000290828183,0.5738038000103506,0.3716188262889552,0.3784167883298902,0.6414649445428332,0.5171434705886266,0.4512366167861031,0.1825243453219916,0.5504271476499496,0.1833250095828774,0.5252079689570389,0.5127752558954477,2024_07,mean-ndvi
3241,1.03,0.99,0.72,0.62,0.54,0.49,0.59,0.76,0.74,0.69,0.79,0.75,0.66,0.66,0.48,0.61,0.78,0.77,0.8,0.77,0.81,0.54,0.44,0.43,0.69,0.43,0.41,0.86,0.59,0.31,0.93,0.27,0.5,0.48,0.47,2024_07,mean-rain
3242,0.94,0.94,0.94,0.94,0.95,0.94,0.93,0.94,0.93,0.93,0.94,0.93,0.94,0.94,0.92,0.91,0.94,0.94,0.93,0.95,0.95,0.93,0.91,0.93,0.95,0.93,0.94,0.93,0.93,0.94,0.94,0.93,0.94,0.94,0.95,2024_07,mean-sex-ratio
3243,78683.46309,83470.903,78088.12,79714.84605,75490.3523,87424.20199999999,71470.137,90513.46103,104651.240916,68512.0013,81437.447,43095.76595,54183.314,128914.321604,35388.58,27888.17,66721.37,42827.17595,35287.21,42395.395,27850.66,74001.84561,6039.38,44021.984,58167.37587,76196.45569999999,93034.31635285716,23849.9,71288.401,78621.26999999999,17419.61,48488.349,16642.66,23559.76,71015.57777333334,2024_07,net-sown-area-in-hac
3244,24035800.0,71532154.97999999,28068400.0,131302624.0,0.0,0.0,0.0,0.0,0.0,0.0,0.0,0.0,0.0,0.0,0.0,0.0,0.0,0.0,0.0,0.0,27080000.0,0.0,27372431.4,0.0,128839105.2,16197156.0,23198529.77,0.0,0.0,0.0,0.0,0.0,0.0,0.0,0.0,2024_07,others-tenders-awarded-value
3245,32629.0,448585.0,108928.0,151063.0,156708.0,92184.0,75220.0,135264.0,120391.0,75487.0,57998.0,150415.0,48159.0,118225.0,4499.0,0.0,205855.0,58747.0,14752.0,46837.0,2097.0,14410.0,0.0,105448.0,0.0,119956.0,57.0,69372.0,81650.0,15270.0,0.0,0.0,95086.0,0.0,256.0,2024_07,population-affected-total
3246,62.0,342.0,34.0,5.0,10.0,45.0,35.0,38.0,77.0,43.0,49.0,27.0,41.0,43.0,32.0,146.0,46.0,45.0,28.0,81.0,8.0,45.0,80.0,11.0,0.0,0.0,24.0,24.0,19.0,30.0,0.0,0.0,0.0,9.0,6.0,2024_07,rail-count
3247,145613.0,139561.0,78425.0,17621.0,30884.0,174517.0,138494.0,108334.0,121454.0,119685.0,123774.0,73292.0,86126.0,117155.0,73424.0,172636.0,103488.0,117739.0,90281.0,82273.0,24548.0,109026.0,89510.0,30164.0,0.0,0.0,66114.0,80492.0,74271.0,75327.0,0.0,0.0,0.0,28139.0,18201.0,2024_07,rail-length
3248,0.0,0.0,0.0,0.0,0.0,0.0,0.0,0.0,0.0,0.0,0.0,0.0,0.0,0.0,0.0,0.0,0.0,0.0,0.0,0.0,0.0,0.0,0.0,0.0,0.0,0.0,0.0,0.0,0.0,0.0,0.0,0.0,0.0,0.0,0.0,2024_07,rangeland
3249,3131,1557,1979,1848,1512,2564,3445,2998,2483,3810,3379,1567,1865,3523,7337,4884,3783,1839,1329,1088,1926,3283,834,1036,1526,1611,1987,1073,1783,1456,684,3073,970,470,877,2024_07,rc-area
3250,22.9,25.01,25.42,15.04,15.81,23.51,13.19,16.32,20.87,24.89,12.8,8.96,12.07,15.06,23.47,23.25,15.87,14.25,19.26,12.86,25.35,9.48,11.61,21.25,15.46,13.0,15.96,19.71,28.46,27.66,28.09,28.84,17.28,9.75,12.15,2024_07,rc-nosanitation-hhds-pct
3251,2.85,1.19,3.55,2.25,3.35,4.98,6.04,2.83,2.26,3.42,4.19,6.81,14.25,7.18,1.95,6.36,8.53,5.57,4.01,2.04,1.03,3.32,11.46,9.66,2.8,5.1,3.07,3.8,4.2,5.27,3.57,0.24,4.95,6.03,5.78,2024_07,rc-piped-hhds-pct
3252,,,,,,,,,,,,,,,,,,,,,,,,,,,,,,,,,,,,2024_07,relief-camp-inmates
3253,0.0,0.0,0.0,0.0,0.0,0.0,0.0,0.0,0.0,0.0,0.0,0.0,0.0,0.0,0.0,0.0,0.0,0.0,0.0,0.0,0.0,0.0,0.0,0.0,0.0,0.0,0.0,0.0,0.0,0.0,0.0,0.0,0.0,0.0,0.0,2024_07,restoration-measures-tenders-awarded-value
3254,,,,,,,,,,,,,,,,,,,,,,,,,,,,,,,,,,,,2024_07,revenue-ci
3255,0.0,0.0,0.0,0.0,0.0,0.0,0.0,0.0,0.0,0.0,0.0,0.0,0.0,0.0,0.0,0.0,0.0,0.0,0.0,0.0,0.0,0.0,0.0,0.0,0.0,0.0,0.0,0.0,0.0,0.0,0.0,0.0,0.0,0.0,0.0,2024_07,ridf-tenders-awarded-value
3256,4,5,4,3,2,2,2,3,2,2,3,4,2,2,1,1,3,2,2,2,1,2,1,1,1,1,1,3,2,2,5,2,2,2,1,2024_07,risk-score
3257,0.0,0.0,0.0,0.0,0.0,0.0,0.0,0.0,0.0,0.0,0.0,0.0,0.0,0.0,0.0,0.0,0.0,0.0,0.0,0.0,0.0,0.0,0.0,0.0,0.0,0.0,0.0,0.0,0.0,0.0,0.0,0.0,0.0,0.0,0.0,2024_07,riverlevel-max
3258,0.0,0.0,0.0,0.0,0.0,0.0,0.0,0.0,0.0,0.0,0.0,0.0,0.0,0.0,0.0,0.0,0.0,0.0,0.0,0.0,0.0,0.0,0.0,0.0,0.0,0.0,0.0,0.0,0.0,0.0,0.0,0.0,0.0,0.0,0.0,2024_07,riverlevel-mean
3259,0.0,0.0,0.0,0.0,0.0,0.0,0.0,0.0,0.0,0.0,0.0,0.0,0.0,0.0,0.0,0.0,0.0,0.0,0.0,0.0,0.0,0.0,0.0,0.0,0.0,0.0,0.0,0.0,0.0,0.0,0.0,0.0,0.0,0.0,0.0,2024_07,riverlevel-min
3260,858892.0,705770.0,1011509.0,725891.0,634621.0,1331470.0,745620.0,804067.0,578686.0,1211943.0,1453600.0,700651.0,736030.0,1389863.0,752361.0,843185.0,988230.0,615579.0,483931.0,654117.0,547046.0,1589070.0,746938.0,450865.0,429399.0,767150.0,650574.0,485197.0,574075.0,560100.0,78936.0,457481.0,54196.0,461489.0,294016.0,2024_07,road-length
3261,27.0,218.0,71.0,96.0,48.0,49.0,6.0,33.0,76.0,19.0,202.0,26.0,22.0,45.0,0.0,0.0,93.0,134.0,31.0,58.0,1.0,57.0,0.0,1.0,0.0,5.0,1.0,48.0,12.0,14.0,0.0,0.0,24.0,19.0,8.0,2024_07,roads
3262,2788,3147,2578,2904,1994,3284,2025,3519,2301,1950,2431,1838,2072,2507,1757,1063,3322,3188,3016,1463,1336,3463,1151,1817,1497,1858,1795,1007,1291,1320,1381,925,805,813,995,2024_07,schools-count
3263,0.0,0.0,0.0,0.0,0.0,0.0,0.0,0.0,0.0,0.0,0.0,0.0,0.0,0.0,0.0,0.0,0.0,0.0,0.0,0.0,0.0,0.0,0.0,0.0,0.0,0.0,0.0,0.0,0.0,0.0,0.0,0.0,0.0,0.0,0.0,2024_07,sdrf-sanctions-awarded-value
3264,0.0,0.0,0.0,0.0,0.0,0.0,0.0,0.0,0.0,0.0,0.0,0.0,0.0,0.0,0.0,0.0,0.0,0.0,0.0,0.0,0.0,0.0,0.0,0.0,0.0,0.0,0.0,0.0,0.0,0.0,0.0,0.0,0.0,0.0,0.0,2024_07,sdrf-tenders-awarded-value
3265,84.0,81.0,84.0,78.0,81.0,86.0,82.0,84.0,84.0,83.0,79.0,85.0,85.0,84.0,89.0,90.0,88.0,86.0,87.0,84.0,85.0,83.0,85.0,83.0,85.0,82.0,85.0,84.0,83.0,88.0,75.0,89.0,78.0,85.0,85.0,2024_07,slope-mean
3266,0.0,0.0,0.0,0.0,0.0,0.0,0.0,0.0,0.0,0.0,0.0,0.0,0.0,0.0,0.0,0.0,0.0,0.0,0.0,0.0,0.0,0.0,48353400.0,0.0,0.0,0.0,4188529.06,0.0,0.0,0.0,0.0,0.0,0.0,14939735.0,0.0,2024_07,sopd-tenders-awarded-value
3267,61556.0,46195.0,49838.0,73043.0,45709.0,105362.0,73583.0,62453.0,34899.0,83722.0,69471.0,46226.0,52993.0,75505.0,38155.0,11647.0,115757.0,90785.0,30837.0,37252.0,33945.0,78600.0,55973.0,44945.0,27799.0,58969.0,41519.0,17727.0,33691.0,50315.0,25989.0,25769.0,7799.0,13027.0,22621.0,2024_07,sum-aged-population
3268,1292936.0,1422023.0,1093141.0,1633598.0,1164373.0,2408804.0,1479834.0,1181482.0,714264.0,1426956.0,1506738.0,783516.0,1003016.0,1318187.0,714774.0,293750.0,2154488.0,1430620.0,786401.0,821803.0,618750.0,1657188.0,1378544.0,975597.0,730731.0,1185014.0,874683.0,498958.0,667939.0,1144635.0,556684.0,372244.0,164882.0,324337.0,504653.0,2024_07,sum-population
3269,2865.13,1310.93,1301.91,1026.56,709.12,1142.07,1801.17,2070.6,1659.94,2427.26,2402.51,1071.24,1123.63,2050.03,3051.79,2453.87,2583.61,1244.78,936.2,753.06,1459.59,1849.7,306.45,397.37,1084.06,691.72,718.08,842.83,977.75,398.14,560.0,753.25,454.39,233.31,409.76,2024_07,sum-rain
3270,121963.0,111231.0,111628.0,140245.0,91493.0,193397.0,121841.0,108134.0,64489.0,141390.0,98785.0,57929.0,57163.0,107474.0,85336.0,26144.0,189117.0,168805.0,62955.0,69727.0,62967.0,108986.0,64843.0,50006.0,37799.0,114409.0,68516.0,22523.0,55300.0,92940.0,59995.0,55881.0,8847.0,24116.0,31386.0,2024_07,sum-young-population
3271,,,,,,,,,,,,,,,,,,,,,,,,,,,,,,,,,,,,2024_07,topsis-score
3272,0.0,0.0,0.0,0.0,0.0,0.0,0.0,0.0,0.0,0.0,0.0,0.0,0.0,0.0,0.0,0.0,0.0,0.0,0.0,0.0,0.0,0.0,0.0,0.0,0.0,0.0,0.0,0.0,0.0,0.0,0.0,0.0,0.0,0.0,0.0,2024_07,total-animal-affected
3273,0.0,0.0,0.0,0.0,0.0,0.0,0.0,0.0,0.0,0.0,0.0,0.0,0.0,0.0,0.0,0.0,0.0,0.0,0.0,0.0,0.0,0.0,0.0,0.0,0.0,0.0,0.0,0.0,0.0,0.0,0.0,0.0,0.0,0.0,0.0,2024_07,total-animal-washed-away
3274,214904.0,377710.0,240459.0,393378.0,267778.0,527427.0,318730.0,266928.0,195025.0,318555.0,311523.0,172096.0,272707.0,275841.0,103131.0,30119.0,416101.0,256161.0,165784.0,185414.0,105445.0,408132.0,327221.0,233278.0,132203.0,231859.0,185739.0,108235.0,150938.0,214866.0,202538.0,52339.0,39239.0,77895.0,112690.0,2024_07,total-hhd
3275,0.0,0.0,0.0,0.0,0.0,0.0,0.0,0.0,0.0,0.0,0.0,0.0,0.0,0.0,0.0,0.0,0.0,0.0,0.0,0.0,0.0,0.0,0.0,0.0,0.0,0.0,0.0,0.0,0.0,0.0,0.0,0.0,0.0,0.0,0.0,2024_07,total-house-fully-damaged
3276,24035800.0,71532154.97999999,44848900.0,134419818.0,0.0,0.0,0.0,0.0,97560000.1,0.0,749552154.05,0.0,0.0,0.0,0.0,0.0,0.0,0.0,0.0,0.0,27080000.0,0.0,247245480.22,0.0,128839105.2,16197156.0,23198529.77,0.0,102643793.87,0.0,0.0,0.0,0.0,14939735.0,0.0,2024_07,total-tender-awarded-value
3277,0.0,0.0,0.0,0.0,0.0,0.0,0.0,0.0,0.0,0.0,0.0,0.0,0.0,0.0,0.0,0.0,0.0,0.0,0.0,0.0,0.0,0.0,0.0,0.0,0.0,0.0,0.0,0.0,0.0,0.0,0.0,0.0,0.0,0.0,0.0,2024_07,trees
3278,3,3,4,3,5,2,4,5,4,5,4,3,2,4,2,1,3,1,2,3,3,2,1,1,4,4,4,3,5,4,3,5,4,1,3,2024_07,vulnerability
3279,0.0,0.0,0.0,0.0,0.0,0.0,0.0,0.0,0.0,0.0,0.0,0.0,0.0,0.0,0.0,0.0,0.0,0.0,0.0,0.0,0.0,0.0,0.0,0.0,0.0,0.0,0.0,0.0,0.0,0.0,0.0,0.0,0.0,0.0,0.0,2024_07,water
3280,9.0,7.5,8.9,8.0,7.2,9.8,9.8,8.3,7.0,8.6,10.2,10.4,10.3,8.8,7.2,8.1,9.8,9.8,9.5,9.1,8.2,10.1,12.1,10.5,9.0,9.2,8.3,8.6,8.9,8.0,6.7,5.8,9.4,7.0,11.6,2024_08,avg-electricity
3281,2.2,2.6,2.0,2.0,2.4,2.0,2.2,2.4,2.0,2.0,2.0,2.2,2.2,2.3,2.0,2.5,2.2,2.4,2.0,2.2,2.2,2.4,2.5,2.1,2.3,2.0,2.2,2.0,2.3,2.3,2.0,2.0,2.5,2.3,2.2,2024_08,avg-tele
3282,0.0,0.0,0.0,0.0,0.0,0.0,0.0,0.0,0.0,0.0,0.0,0.0,0.0,0.0,0.0,0.0,0.0,0.0,0.0,0.0,0.0,0.0,0.0,0.0,0.0,0.0,0.0,0.0,0.0,0.0,0.0,0.0,0.0,0.0,0.0,2024_08,bare-ground
3283,0.0,0.0,0.0,1.0,0.0,0.0,0.0,0.0,0.0,0.0,0.0,0.0,0.0,1.0,0.0,0.0,0.0,0.0,0.0,0.0,0.0,0.0,0.0,0.0,0.0,0.0,0.0,0.0,0.0,0.0,0.0,0.0,0.0,0.0,0.0,2024_08,bridge
3284,0.0,0.0,0.0,0.0,0.0,0.0,0.0,0.0,0.0,0.0,0.0,0.0,0.0,0.0,0.0,0.0,0.0,0.0,0.0,0.0,0.0,0.0,0.0,0.0,0.0,0.0,0.0,0.0,0.0,0.0,0.0,0.0,0.0,0.0,0.0,2024_08,built-area
3285,,,,,,,,,,,,,,,,,,,,,,,,,,,,,,,,,,,,2024_08,children-camp
3286,0.0,0.0,0.0,0.0,0.0,0.0,0.0,0.0,0.0,0.0,0.0,0.0,0.0,0.0,0.0,0.0,0.0,0.0,0.0,0.0,0.0,0.0,0.0,0.0,0.0,0.0,0.0,0.0,0.0,0.0,0.0,0.0,0.0,0.0,0.0,2024_08,cidf-tenders-awarded-value
3287,0.0,0.0,0.0,0.0,0.0,0.0,0.0,0.0,0.0,0.0,0.0,0.0,0.0,0.0,0.0,0.0,0.0,0.0,0.0,0.0,0.0,0.0,0.0,0.0,0.0,0.0,0.0,0.0,0.0,0.0,0.0,0.0,0.0,0.0,0.0,2024_08,clouds
3288,,,,,,,,,,,,,,,,,,,,,,,,,,,,,,,,,,,,2024_08,count
3289,0.0,0.0,16.0,0.0,0.0,1803.0,0.0,0.0,6.0,0.0,2304.0,1988.0,20.0,2010.0,220.0,0.0,0.0,2119.0,105.0,0.0,0.0,0.0,0.0,0.0,0.0,20.0,10.0,5410.0,0.0,0.0,0.0,0.0,0.0,0.0,11.0,2024_08,crop-area
3290,0.0,0.0,0.0,0.0,0.0,0.0,0.0,0.0,0.0,0.0,0.0,0.0,0.0,0.0,0.0,0.0,0.0,0.0,0.0,0.0,0.0,0.0,0.0,0.0,0.0,0.0,0.0,0.0,0.0,0.0,0.0,0.0,0.0,0.0,0.0,2024_08,crops
3291,4296.624151156235,2231.5993331549903,3585.3069321814023,1247.6117514050093,2700.336576957554,3477.530108369159,1557.3606551140049,2711.0464141089856,2238.6415334905228,4159.102888381454,9491.630139883577,3889.6067327857527,7133.757644739055,3445.5268629610114,8511.666927309076,4923.29748622475,3222.517655928944,4060.318063254274,4335.474967336042,1883.330083753236,975.2407923854796,4254.719948057848,3333.953706616405,1829.807307358248,1576.5499878215094,1098.83444541599,1489.926404330648,4700.953196095703,4363.59388114963,5163.44360094801,880.805632910103,4989.53282327419,1292.455559234692,1123.7037030160088,1578.254039674223,2024_08,distance-from-river
3292,KOKRAJHAR,DHUBRI,GOALPARA,BARPETA,MORIGAON,NAGAON,SONITPUR,LAKHIMPUR,DHEMAJI,TINSUKIA,DIBRUGARH,SIVASAGAR,JORHAT,GOLAGHAT,KARBI ANGLONG,DIMA HASAO,CACHAR,KARIMGANJ,HAILAKANDI,BONGAIGAON,CHIRANG,KAMRUP,KAMRUP METRO,NALBARI,BAKSA,DARRANG,UDALGURI,CHARAIDEO,BISWANATH,HOJAI,SOUTH SALMARA MANCACHAR,WEST KARBI ANGLONG,MAJULI,BAJALI,TAMULPUR,2024_08,district
3293,0.0005623749999999,0.0006515714285714,0.0005706,0.0006465,0.0005976,0.0005747142857142,0.000571,0.0006111428571428,0.0005535,0.00057375,0.0006251428571428,0.0006055,0.0006035999999999,0.0005855,0.00041,0.00031275,0.0004408,0.0005329999999999,0.0005025,0.0005798,0.000528,0.0005858461538461,0.00044875,0.000670625,0.0005907142857142,0.0006724,0.0006286666666666,0.000603,0.0006126666666666,0.00058,0.000585,0.000439,0.0006255,0.0006813333333333,0.0006636,2024_08,drainage-density
3294,,,,,,,,,,,,,,,,,,,,,,,,,,,,,,,,,,,,2024_08,dtcode11
3295,,,,,,,,,,,,,,,,,,,,,,,,,,,,,,,,,,,,2024_08,dtname
3296,0.868778125,0.8399374285714286,0.8116284,0.8307285000000001,0.7661958,0.8639781428571428,0.78639675,0.7376888571428571,0.7497205,0.7711135,0.7772958571428571,0.83300225,0.879297,0.8063263333333334,0.8925960000000001,0.96950975,0.8273534,0.951551,0.91914325,0.8305834000000001,0.8693325999999999,0.8854119230769231,1.0,0.92892775,0.7782401428571429,0.7965744,0.7665174444444445,0.8344433333333333,0.7682856666666668,0.7680406666666667,0.8301335000000001,0.729127,0.7675915,0.9594673333333332,0.8093324,2024_08,efficiency
3297,63.0,33.0,49.0,40.0,63.0,72.0,86.0,96.0,141.0,142.0,113.0,99.0,105.0,97.0,347.0,607.0,155.0,36.0,47.0,54.0,84.0,82.0,114.0,49.0,70.0,59.0,91.0,112.0,86.0,125.0,26.0,483.0,85.0,47.0,71.0,2024_08,elevation-mean
3298,0.0,0.0,0.0,0.0,0.0,1.0,0.0,0.0,0.0,0.0,0.0,0.0,0.0,0.0,0.0,0.0,0.0,2.0,0.0,0.0,0.0,0.0,0.0,0.0,0.0,0.0,0.0,0.0,0.0,0.0,0.0,0.0,0.0,0.0,1.0,2024_08,embankment-breached
3299,0.0,0.0,1.0,0.0,0.0,0.0,0.0,0.0,0.0,0.0,0.0,0.0,0.0,0.0,0.0,0.0,0.0,0.0,0.0,0.0,0.0,0.0,0.0,0.0,0.0,0.0,1.0,0.0,0.0,0.0,0.0,0.0,0.0,0.0,0.0,2024_08,embankments-affected
3300,1,2,2,3,2,4,5,1,1,5,2,2,2,2,2,1,5,3,2,1,1,1,4,1,1,3,1,1,2,5,5,3,1,1,1,2024_08,exposure
3301,,,,,,,,,,,,,,,,,,,,,,,,,,,,,,,,,,,,2024_08,female-camp
3302,2024-2025,2024-2025,2024-2025,2024-2025,2024-2025,2024-2025,2024-2025,2024-2025,2024-2025,2024-2025,2024-2025,2024-2025,2024-2025,2024-2025,2024-2025,2024-2025,2024-2025,2024-2025,2024-2025,2024-2025,2024-2025,2024-2025,2024-2025,2024-2025,2024-2025,2024-2025,2024-2025,2024-2025,2024-2025,2024-2025,2024-2025,2024-2025,2024-2025,2024-2025,2024-2025,2024_08,financial-year
3303,1,2,2,2,3,2,1,4,2,2,4,5,2,3,1,1,4,4,4,1,1,3,2,1,1,1,1,5,2,1,5,2,3,1,1,2024_08,flood-hazard
3304,,,,,,,,,,,,,,,,,,,,,,,,,,,,,,,,,,,,2024_08,flood-hazard-float
3305,0.0,0.0,0.0,0.0,0.0,0.0,0.0,0.0,0.0,0.0,0.0,0.0,0.0,0.0,0.0,0.0,0.0,0.0,0.0,0.0,0.0,0.0,0.0,0.0,0.0,0.0,0.0,0.0,0.0,0.0,0.0,0.0,0.0,0.0,0.0,2024_08,flooded-vegetation
3306,5,5,5,5,4,5,5,5,5,5,5,5,5,5,5,5,5,5,5,5,5,5,4,5,5,5,5,5,4,5,5,4,2,5,5,2024_08,government-response
3307,163,151,154,205,116,277,158,124,73,119,169,143,106,153,30,4,176,96,87,88,68,282,52,142,109,129,15,82,100,91,69,25,32,70,67,2024_08,health-centres-count
3308,0,0,0,0,0,0,0,0,0,0,1,1,0,3,0,0,0,0,0,0,0,0,0,0,0,0,0,5,0,0,0,0,0,0,0,2024_08,human-live-lost
3309,,,,,,,,,,,,,,,,,,,,,,,,,,,,,,,,,,,,2024_08,human-live-lost-children
3310,,,,,,,,,,,,,,,,,,,,,,,,,,,,,,,,,,,,2024_08,human-live-lost-female
3311,,,,,,,,,,,,,,,,,,,,,,,,,,,,,,,,,,,,2024_08,human-live-lost-male
3312,0.0,0.0,0.0,0.0,0.0,0.0,0.0,0.0,0.0,0.0,0.0,0.0,0.0,0.0,0.0,0.0,0.0,0.0,0.0,0.0,0.0,0.0,0.0,0.0,0.0,0.0,0.0,0.0,120421519.23,0.0,0.0,64956248.0,0.0,0.0,0.0,2024_08,immediate-measures-tenders-awarded-value
3313,0.0039688722459056,0.0032374410930427,0.0039593862615251,0.0027812380069415,0.0385096277193755,0.009016570005361,2.2579153480441037e-07,0.0012682006705007,0.0,0.0,0.0037571923183645,0.0235196525212511,0.0012691181334829,0.0059974156692989,0.0,0.0,0.0245503848454394,0.0314942432518403,0.0328298555644488,7.886886325190299e-05,0.0,0.0118140248170435,0.0080139388909141,0.0,9.325149306001666e-06,0.0,3.7979952661787e-07,0.0169564064531844,0.0030195418650539,0.0,0.0026171303370915,9.697051002842768e-05,0.0015025807423228,0.0006274897287597,0.0,2024_08,inundation-intensity-mean
3314,0.25,0.43,0.41,0.42,0.5,0.29,0.12,0.45,0.0,0.0,0.22,0.51,0.31,0.5,0.0,0.0,0.4,0.4,0.5,0.2,0.0,0.29,0.38,0.0,0.07,0.0,0.06,0.5,0.37,0.0,0.5,0.5,0.31,0.17,0.0,2024_08,inundation-intensity-mean-nonzero
3315,1782.0,2606.5,3787.5,2522.0,29949.0,9634.0,0.5,1871.5,0.0,0.0,6120.0,17904.5,1143.5,9773.0,0.0,0.0,42721.0,15306.0,9507.0,60.5,0.0,11652.0,2812.5,0.0,13.5,0.0,0.5,7135.0,1518.5,0.0,781.5,133.0,878.0,221.0,0.0,2024_08,inundation-intensity-sum
3316,0.79377444918114,0.6474882186085529,0.7802527245514821,0.55624760138832,7.701925543875109,1.8033140010722088,4.515830696088207e-05,0.2342191617460371,0.0,0.0,0.7414744608183186,4.597971949201797,0.242815731589596,0.8968009382927817,0.0,0.0,4.910076969087895,6.298848650368076,6.565971112889778,0.0157737726503806,0.0,2.0973816838740498,1.60278777818283,0.0,0.0018650298612,0.0,7.5959905323574e-05,3.3912812906369,0.5516030374743134,0.0,0.523426067418305,0.0193941020056799,0.241645103435055,0.12549794575195,0.0,2024_08,inundation-pct
3317,0.0,0.0,0.0,0.0,0.0,0.0,0.0,0.0,0.0,0.0,0.0,0.0,0.0,0.0,0.0,0.0,0.0,0.0,0.0,0.0,0.0,0.0,0.0,0.0,0.0,0.0,0.0,0.0,0.0,0.0,0.0,0.0,0.0,0.0,0.0,2024_08,ltif-tenders-awarded-value
3318,,,,,,,,,,,,,,,,,,,,,,,,,,,,,,,,,,,,2024_08,male-camp
3319,0.44,0.41,0.53,0.53,0.44,0.46,0.67,0.8,0.87,0.77,0.87,0.87,0.68,0.58,0.58,1.08,1.08,0.93,0.85,0.27,0.34,1.14,0.56,0.52,0.47,0.64,0.67,0.87,0.43,0.46,1.06,0.46,0.8,0.36,0.47,2024_08,max-rain
3320,79.02868494142712,101.80280753365652,92.94383900653578,105.59323892727154,101.52151689605476,82.80184981421402,96.12358569934148,83.9078683433952,82.58482453454118,85.28440626816572,92.33941954273553,80.5484411209615,79.26767921681454,87.0143854317649,73.9235270160713,74.45407242468538,76.22171823123378,78.77654329987095,76.5297175055914,92.844134833946,78.73454361714819,88.47737641290556,90.33791694141864,81.3350244170581,77.2968865972734,93.73693822422564,78.06937273928872,76.99096084367254,87.73877652848734,76.69919006241047,135.19869279538494,74.5890767941101,111.4923918776678,77.2774448783579,78.49346327750206,2024_08,mean-cn
3321,-0.1850835517203444,-0.1956678468128085,-0.0752289160580391,-0.1259758431129314,-0.1525422918570213,-0.2334060994513962,-0.2958093379321799,-0.1454879068376235,-0.1528966620435803,-0.2370712643210324,-0.2596744701582269,-0.1377507066314716,-0.0452071219857272,-0.0185237128240636,-0.1538110041309242,-0.1769310836542678,-0.1449437193717487,-0.1770583584700904,-0.1456127027439684,-0.0626237020527392,-0.1348368288284448,-0.1490368487693198,-0.0608214502201025,-0.1494417894853278,-0.1389498704984372,-0.1107711037677772,-0.0851231711544214,-0.2632697761086836,-0.0958510980054095,-0.0674460567516172,-0.315793915109311,-0.2054044169764365,-0.1535157206055453,-0.096328354598843,-0.1380725875553354,2024_08,mean-ndbi
3322,0.5948139321370294,0.348896367458991,0.4443305559075822,0.4060782106516059,0.3931257249132537,0.5225512831831975,0.3489793821476288,0.5277800419109678,0.5476224430007779,0.59180938265601,0.4618180009758691,0.4644053150982431,0.4627769425735512,0.4058412483095104,0.6139901362790255,0.5922850425667504,0.6137813238556584,0.5207142996056586,0.5455609121536247,0.441657221470901,0.5982681700048228,0.535696030303154,0.3739631313957174,0.5060000290828183,0.5738038000103506,0.3716188262889552,0.3784167883298902,0.6414649445428332,0.5171434705886266,0.4512366167861031,0.1825243453219916,0.5504271476499496,0.1833250095828774,0.5252079689570389,0.5127752558954477,2024_08,mean-ndvi
3323,0.3,0.3,0.39,0.24,0.35,0.42,0.46,0.6,0.63,0.6,0.76,0.72,0.41,0.42,0.32,0.71,0.79,0.73,0.7,0.26,0.27,0.5,0.44,0.3,0.31,0.42,0.44,0.81,0.35,0.42,0.64,0.41,0.46,0.22,0.36,2024_08,mean-rain
3324,0.94,0.94,0.94,0.94,0.95,0.94,0.93,0.94,0.93,0.93,0.94,0.93,0.94,0.94,0.92,0.91,0.94,0.94,0.93,0.95,0.95,0.93,0.91,0.93,0.95,0.93,0.94,0.93,0.93,0.94,0.94,0.93,0.94,0.94,0.95,2024_08,mean-sex-ratio
3325,78683.46309,83470.903,78088.12,79714.84605,75490.3523,87424.20199999999,71470.137,90513.46103,104651.240916,68512.0013,81437.447,43095.76595,54183.314,128914.321604,35388.58,27888.17,66721.37,42827.17595,35287.21,42395.395,27850.66,74001.84561,6039.38,44021.984,58167.37587,76196.45569999999,93034.31635285716,23849.9,71288.401,78621.26999999999,17419.61,48488.349,16642.66,23559.76,71015.57777333334,2024_08,net-sown-area-in-hac
3326,40492761.69,0.0,0.0,15823875.0,0.0,36875436.0,25492535.02,0.0,8512000.0,0.0,0.0,0.0,0.0,0.0,0.0,0.0,0.0,0.0,0.0,0.0,0.0,0.0,0.0,24205348.0,14908126.0,0.0,0.0,0.0,0.0,0.0,0.0,0.0,0.0,0.0,7648971.0,2024_08,others-tenders-awarded-value
3327,0.0,0.0,1080.0,0.0,0.0,2084.0,0.0,0.0,2596.0,0.0,18227.0,47768.0,0.0,15342.0,2541.0,0.0,0.0,15305.0,947.0,0.0,0.0,0.0,0.0,0.0,0.0,223.0,161.0,31290.0,0.0,0.0,0.0,0.0,0.0,0.0,0.0,2024_08,population-affected-total
3328,62.0,342.0,34.0,5.0,10.0,45.0,35.0,38.0,77.0,43.0,49.0,27.0,41.0,43.0,32.0,146.0,46.0,45.0,28.0,81.0,8.0,45.0,80.0,11.0,0.0,0.0,24.0,24.0,19.0,30.0,0.0,0.0,0.0,9.0,6.0,2024_08,rail-count
3329,145613.0,139561.0,78425.0,17621.0,30884.0,174517.0,138494.0,108334.0,121454.0,119685.0,123774.0,73292.0,86126.0,117155.0,73424.0,172636.0,103488.0,117739.0,90281.0,82273.0,24548.0,109026.0,89510.0,30164.0,0.0,0.0,66114.0,80492.0,74271.0,75327.0,0.0,0.0,0.0,28139.0,18201.0,2024_08,rail-length
3330,0.0,0.0,0.0,0.0,0.0,0.0,0.0,0.0,0.0,0.0,0.0,0.0,0.0,0.0,0.0,0.0,0.0,0.0,0.0,0.0,0.0,0.0,0.0,0.0,0.0,0.0,0.0,0.0,0.0,0.0,0.0,0.0,0.0,0.0,0.0,2024_08,rangeland
3331,3131,1557,1979,1848,1512,2564,3445,2998,2483,3810,3379,1567,1865,3523,7337,4884,3783,1839,1329,1088,1926,3283,834,1036,1526,1611,1987,1073,1783,1456,684,3073,970,470,877,2024_08,rc-area
3332,22.9,25.01,25.42,15.04,15.81,23.51,13.19,16.32,20.87,24.89,12.8,8.96,12.07,15.06,23.47,23.25,15.87,14.25,19.26,12.86,25.35,9.48,11.61,21.25,15.46,13.0,15.96,19.71,28.46,27.66,28.09,28.84,17.28,9.75,12.15,2024_08,rc-nosanitation-hhds-pct
3333,2.85,1.19,3.55,2.25,3.35,4.98,6.04,2.83,2.26,3.42,4.19,6.81,14.25,7.18,1.95,6.36,8.53,5.57,4.01,2.04,1.03,3.32,11.46,9.66,2.8,5.1,3.07,3.8,4.2,5.27,3.57,0.24,4.95,6.03,5.78,2024_08,rc-piped-hhds-pct
3334,,,,,,,,,,,,,,,,,,,,,,,,,,,,,,,,,,,,2024_08,relief-camp-inmates
3335,0.0,0.0,0.0,0.0,0.0,0.0,0.0,0.0,0.0,0.0,0.0,0.0,0.0,0.0,0.0,0.0,0.0,0.0,0.0,0.0,0.0,0.0,0.0,0.0,0.0,0.0,0.0,0.0,0.0,0.0,0.0,0.0,0.0,0.0,0.0,2024_08,restoration-measures-tenders-awarded-value
3336,,,,,,,,,,,,,,,,,,,,,,,,,,,,,,,,,,,,2024_08,revenue-ci
3337,0.0,0.0,0.0,0.0,0.0,0.0,8499166.0,0.0,0.0,0.0,0.0,0.0,0.0,0.0,0.0,0.0,0.0,0.0,0.0,0.0,0.0,0.0,0.0,0.0,0.0,0.0,0.0,0.0,0.0,0.0,0.0,64956248.0,0.0,0.0,0.0,2024_08,ridf-tenders-awarded-value
3338,1,2,2,2,3,2,2,4,2,2,4,5,2,3,1,1,5,4,4,1,1,3,2,1,1,2,1,5,3,2,5,2,3,1,1,2024_08,risk-score
3339,0.0,0.0,0.0,0.0,0.0,0.0,0.0,0.0,0.0,0.0,0.0,0.0,0.0,0.0,0.0,0.0,0.0,0.0,0.0,0.0,0.0,0.0,0.0,0.0,0.0,0.0,0.0,0.0,0.0,0.0,0.0,0.0,0.0,0.0,0.0,2024_08,riverlevel-max
3340,0.0,0.0,0.0,0.0,0.0,0.0,0.0,0.0,0.0,0.0,0.0,0.0,0.0,0.0,0.0,0.0,0.0,0.0,0.0,0.0,0.0,0.0,0.0,0.0,0.0,0.0,0.0,0.0,0.0,0.0,0.0,0.0,0.0,0.0,0.0,2024_08,riverlevel-mean
3341,0.0,0.0,0.0,0.0,0.0,0.0,0.0,0.0,0.0,0.0,0.0,0.0,0.0,0.0,0.0,0.0,0.0,0.0,0.0,0.0,0.0,0.0,0.0,0.0,0.0,0.0,0.0,0.0,0.0,0.0,0.0,0.0,0.0,0.0,0.0,2024_08,riverlevel-min
3342,858892.0,705770.0,1011509.0,725891.0,634621.0,1331470.0,745620.0,804067.0,578686.0,1211943.0,1453600.0,700651.0,736030.0,1389863.0,752361.0,843185.0,988230.0,615579.0,483931.0,654117.0,547046.0,1589070.0,746938.0,450865.0,429399.0,767150.0,650574.0,485197.0,574075.0,560100.0,78936.0,457481.0,54196.0,461489.0,294016.0,2024_08,road-length
3343,0.0,0.0,2.0,16.0,0.0,0.0,0.0,0.0,2.0,0.0,6.0,0.0,1.0,2.0,15.0,0.0,0.0,3.0,0.0,4.0,0.0,0.0,0.0,0.0,0.0,0.0,2.0,36.0,0.0,0.0,0.0,0.0,0.0,0.0,0.0,2024_08,roads
3344,2788,3147,2578,2904,1994,3284,2025,3519,2301,1950,2431,1838,2072,2507,1757,1063,3322,3188,3016,1463,1336,3463,1151,1817,1497,1858,1795,1007,1291,1320,1381,925,805,813,995,2024_08,schools-count
3345,0.0,0.0,0.0,0.0,0.0,0.0,0.0,0.0,0.0,0.0,0.0,0.0,0.0,0.0,0.0,0.0,0.0,0.0,0.0,0.0,0.0,0.0,0.0,0.0,0.0,0.0,0.0,0.0,0.0,0.0,0.0,0.0,0.0,0.0,0.0,2024_08,sdrf-sanctions-awarded-value
3346,0.0,0.0,0.0,0.0,0.0,0.0,0.0,0.0,0.0,0.0,0.0,0.0,0.0,0.0,0.0,0.0,0.0,0.0,0.0,0.0,0.0,0.0,0.0,0.0,0.0,0.0,0.0,0.0,0.0,0.0,0.0,0.0,0.0,0.0,0.0,2024_08,sdrf-tenders-awarded-value
3347,84.0,81.0,84.0,78.0,81.0,86.0,82.0,84.0,84.0,83.0,79.0,85.0,85.0,84.0,89.0,90.0,88.0,86.0,87.0,84.0,85.0,83.0,85.0,83.0,85.0,82.0,85.0,84.0,83.0,88.0,75.0,89.0,78.0,85.0,85.0,2024_08,slope-mean
3348,35494824.0,0.0,0.0,15823875.0,0.0,31555214.0,16993369.02,0.0,0.0,0.0,0.0,0.0,0.0,0.0,0.0,0.0,0.0,0.0,0.0,0.0,0.0,0.0,0.0,3796148.0,0.0,0.0,0.0,0.0,0.0,0.0,0.0,0.0,0.0,0.0,7648971.0,2024_08,sopd-tenders-awarded-value
3349,61556.0,46195.0,49838.0,73043.0,45709.0,105362.0,73583.0,62453.0,34899.0,83722.0,69471.0,46226.0,52993.0,75505.0,38155.0,11647.0,115757.0,90785.0,30837.0,37252.0,33945.0,78600.0,55973.0,44945.0,27799.0,58969.0,41519.0,17727.0,33691.0,50315.0,25989.0,25769.0,7799.0,13027.0,22621.0,2024_08,sum-aged-population
3350,1292936.0,1422023.0,1093141.0,1633598.0,1164373.0,2408804.0,1479834.0,1181482.0,714264.0,1426956.0,1506738.0,783516.0,1003016.0,1318187.0,714774.0,293750.0,2154488.0,1430620.0,786401.0,821803.0,618750.0,1657188.0,1378544.0,975597.0,730731.0,1185014.0,874683.0,498958.0,667939.0,1144635.0,556684.0,372244.0,164882.0,324337.0,504653.0,2024_08,sum-population
3351,892.92,407.69,634.38,418.59,478.26,970.58,1434.91,1651.0,1341.76,2111.51,2330.26,1050.93,708.86,1341.08,2059.06,2906.13,2553.98,1201.61,847.05,250.62,494.4,1644.93,312.85,299.51,455.01,597.47,869.62,790.86,601.2,535.52,366.93,1141.99,410.5,88.23,329.29,2024_08,sum-rain
3352,121963.0,111231.0,111628.0,140245.0,91493.0,193397.0,121841.0,108134.0,64489.0,141390.0,98785.0,57929.0,57163.0,107474.0,85336.0,26144.0,189117.0,168805.0,62955.0,69727.0,62967.0,108986.0,64843.0,50006.0,37799.0,114409.0,68516.0,22523.0,55300.0,92940.0,59995.0,55881.0,8847.0,24116.0,31386.0,2024_08,sum-young-population
3353,,,,,,,,,,,,,,,,,,,,,,,,,,,,,,,,,,,,2024_08,topsis-score
3354,0.0,0.0,0.0,0.0,0.0,0.0,0.0,0.0,0.0,0.0,0.0,0.0,0.0,0.0,0.0,0.0,0.0,0.0,0.0,0.0,0.0,0.0,0.0,0.0,0.0,0.0,0.0,0.0,0.0,0.0,0.0,0.0,0.0,0.0,0.0,2024_08,total-animal-affected
3355,0.0,0.0,0.0,0.0,0.0,0.0,0.0,0.0,0.0,0.0,0.0,0.0,0.0,0.0,0.0,0.0,0.0,0.0,0.0,0.0,0.0,0.0,0.0,0.0,0.0,0.0,0.0,0.0,0.0,0.0,0.0,0.0,0.0,0.0,0.0,2024_08,total-animal-washed-away
3356,214904.0,377710.0,240459.0,393378.0,267778.0,527427.0,318730.0,266928.0,195025.0,318555.0,311523.0,172096.0,272707.0,275841.0,103131.0,30119.0,416101.0,256161.0,165784.0,185414.0,105445.0,408132.0,327221.0,233278.0,132203.0,231859.0,185739.0,108235.0,150938.0,214866.0,202538.0,52339.0,39239.0,77895.0,112690.0,2024_08,total-hhd
3357,0.0,0.0,0.0,0.0,0.0,0.0,0.0,0.0,0.0,0.0,0.0,0.0,0.0,0.0,0.0,0.0,0.0,0.0,0.0,0.0,0.0,0.0,0.0,0.0,0.0,0.0,0.0,0.0,0.0,0.0,0.0,0.0,0.0,0.0,0.0,2024_08,total-house-fully-damaged
3358,40492761.69,0.0,0.0,15823875.0,8985371.75,36875436.0,25492535.02,0.0,8512000.0,0.0,0.0,0.0,0.0,0.0,0.0,0.0,0.0,0.0,0.0,0.0,0.0,0.0,54030777.0,24205348.0,14908126.0,0.0,0.0,0.0,120421519.23,0.0,0.0,64956248.0,0.0,0.0,7648971.0,2024_08,total-tender-awarded-value
3359,0.0,0.0,0.0,0.0,0.0,0.0,0.0,0.0,0.0,0.0,0.0,0.0,0.0,0.0,0.0,0.0,0.0,0.0,0.0,0.0,0.0,0.0,0.0,0.0,0.0,0.0,0.0,0.0,0.0,0.0,0.0,0.0,0.0,0.0,0.0,2024_08,trees
3360,3,3,3,3,4,2,4,5,4,4,4,3,2,3,2,1,3,1,2,3,2,2,1,2,4,4,4,3,5,4,3,5,4,1,3,2024_08,vulnerability
3361,0.0,0.0,0.0,0.0,0.0,0.0,0.0,0.0,0.0,0.0,0.0,0.0,0.0,0.0,0.0,0.0,0.0,0.0,0.0,0.0,0.0,0.0,0.0,0.0,0.0,0.0,0.0,0.0,0.0,0.0,0.0,0.0,0.0,0.0,0.0,2024_08,water
3362,9.0,7.5,8.9,8.0,7.2,9.8,9.8,8.3,7.0,8.6,10.2,10.4,10.3,8.8,7.2,8.1,9.8,9.8,9.5,9.1,8.2,10.1,12.1,10.5,9.0,9.2,8.3,8.6,8.9,8.0,6.7,5.8,9.4,7.0,11.6,2024_09,avg-electricity
3363,2.2,2.6,2.0,2.0,2.4,2.0,2.2,2.4,2.0,2.0,2.0,2.2,2.2,2.3,2.0,2.5,2.2,2.4,2.0,2.2,2.2,2.4,2.5,2.1,2.3,2.0,2.2,2.0,2.3,2.3,2.0,2.0,2.5,2.3,2.2,2024_09,avg-tele
3364,0.0,0.0,0.0,0.0,0.0,0.0,0.0,0.0,0.0,0.0,0.0,0.0,0.0,0.0,0.0,0.0,0.0,0.0,0.0,0.0,0.0,0.0,0.0,0.0,0.0,0.0,0.0,0.0,0.0,0.0,0.0,0.0,0.0,0.0,0.0,2024_09,bare-ground
3365,0.0,0.0,0.0,0.0,0.0,0.0,0.0,0.0,0.0,0.0,0.0,0.0,0.0,0.0,0.0,0.0,0.0,0.0,0.0,0.0,0.0,0.0,0.0,0.0,0.0,0.0,0.0,0.0,0.0,0.0,0.0,0.0,0.0,0.0,0.0,2024_09,bridge
3366,0.0,0.0,0.0,0.0,0.0,0.0,0.0,0.0,0.0,0.0,0.0,0.0,0.0,0.0,0.0,0.0,0.0,0.0,0.0,0.0,0.0,0.0,0.0,0.0,0.0,0.0,0.0,0.0,0.0,0.0,0.0,0.0,0.0,0.0,0.0,2024_09,built-area
3367,,,,,,,,,,,,,,,,,,,,,,,,,,,,,,,,,,,,2024_09,children-camp
3368,0.0,0.0,0.0,0.0,0.0,0.0,0.0,0.0,0.0,0.0,0.0,0.0,0.0,0.0,0.0,0.0,0.0,0.0,0.0,0.0,0.0,0.0,0.0,0.0,0.0,0.0,0.0,0.0,0.0,0.0,0.0,0.0,0.0,0.0,0.0,2024_09,cidf-tenders-awarded-value
3369,0.0,0.0,0.0,0.0,0.0,0.0,0.0,0.0,0.0,0.0,0.0,0.0,0.0,0.0,0.0,0.0,0.0,0.0,0.0,0.0,0.0,0.0,0.0,0.0,0.0,0.0,0.0,0.0,0.0,0.0,0.0,0.0,0.0,0.0,0.0,2024_09,clouds
3370,,,,,,,,,,,,,,,,,,,,,,,,,,,,,,,,,,,,2024_09,count
3371,0.0,0.0,0.0,0.0,0.0,0.0,0.0,0.0,2.0,0.0,0.0,166.0,0.0,65.0,0.0,0.0,0.0,0.0,0.0,0.0,0.0,0.0,0.0,0.0,0.0,0.0,0.0,0.0,0.0,350.0,0.0,0.0,0.0,0.0,0.0,2024_09,crop-area
3372,0.0,0.0,0.0,0.0,0.0,0.0,0.0,0.0,0.0,0.0,0.0,0.0,0.0,0.0,0.0,0.0,0.0,0.0,0.0,0.0,0.0,0.0,0.0,0.0,0.0,0.0,0.0,0.0,0.0,0.0,0.0,0.0,0.0,0.0,0.0,2024_09,crops
3373,4296.624151156235,2231.5993331549903,3585.3069321814023,1247.6117514050093,2700.336576957554,3477.530108369159,1557.3606551140049,2711.0464141089856,2238.6415334905228,4159.102888381454,9491.630139883577,3889.6067327857527,7133.757644739055,3445.5268629610114,8511.666927309077,4923.29748622475,3222.517655928944,4060.318063254274,4335.474967336042,1883.330083753236,975.2407923854796,4254.719948057848,3333.953706616405,1829.807307358248,1576.5499878215094,1098.83444541599,1489.926404330648,4700.953196095703,4363.59388114963,5163.44360094801,880.805632910103,4989.53282327419,1292.455559234692,1123.7037030160088,1578.254039674223,2024_09,distance-from-river
3374,KOKRAJHAR,DHUBRI,GOALPARA,BARPETA,MORIGAON,NAGAON,SONITPUR,LAKHIMPUR,DHEMAJI,TINSUKIA,DIBRUGARH,SIVASAGAR,JORHAT,GOLAGHAT,KARBI ANGLONG,DIMA HASAO,CACHAR,KARIMGANJ,HAILAKANDI,BONGAIGAON,CHIRANG,KAMRUP,KAMRUP METRO,NALBARI,BAKSA,DARRANG,UDALGURI,CHARAIDEO,BISWANATH,HOJAI,SOUTH SALMARA MANCACHAR,WEST KARBI ANGLONG,MAJULI,BAJALI,TAMULPUR,2024_09,district
3375,0.0005623749999999,0.0006515714285714,0.0005706,0.0006465,0.0005976,0.0005747142857142,0.000571,0.0006111428571428,0.0005535,0.00057375,0.0006251428571428,0.0006055,0.0006035999999999,0.0005855,0.00041,0.00031275,0.0004408,0.0005329999999999,0.0005025,0.0005798,0.000528,0.0005858461538461,0.00044875,0.000670625,0.0005907142857142,0.0006724,0.0006286666666666,0.000603,0.0006126666666666,0.00058,0.000585,0.000439,0.0006255,0.0006813333333333,0.0006636,2024_09,drainage-density
3376,,,,,,,,,,,,,,,,,,,,,,,,,,,,,,,,,,,,2024_09,dtcode11
3377,,,,,,,,,,,,,,,,,,,,,,,,,,,,,,,,,,,,2024_09,dtname
3378,0.892259375,0.9272422857142856,0.8636582,0.8739833333333333,0.8005294,0.8777715714285714,0.83249825,0.8290474285714285,0.8616176666666666,0.818027,0.8369224285714285,0.8753435,0.9324726,0.8763566666666667,0.9548416666666668,1.0,0.8665115999999999,0.959913,0.9488055,0.8860518,0.8910933999999999,0.9528222307692308,1.0,0.96180125,0.8554734285714286,0.8642139999999999,0.8254092222222221,0.881589,0.8245483333333334,0.7739766666666666,0.914767,0.80598,0.954477,0.9771223333333332,0.8799783999999999,2024_09,efficiency
3379,63.0,33.0,49.0,40.0,63.0,72.0,86.0,96.0,141.0,142.0,113.0,99.0,105.0,97.0,347.0,607.0,155.0,36.0,47.0,54.0,84.0,82.0,114.0,49.0,70.0,59.0,91.0,112.0,86.0,125.0,26.0,483.0,85.0,47.0,71.0,2024_09,elevation-mean
3380,0.0,0.0,0.0,0.0,0.0,0.0,0.0,1.0,0.0,0.0,0.0,0.0,0.0,0.0,0.0,0.0,0.0,0.0,0.0,0.0,0.0,0.0,0.0,0.0,0.0,0.0,0.0,0.0,0.0,0.0,0.0,0.0,0.0,0.0,0.0,2024_09,embankment-breached
3381,0.0,0.0,0.0,0.0,0.0,0.0,0.0,0.0,0.0,0.0,0.0,0.0,0.0,0.0,0.0,0.0,0.0,0.0,0.0,0.0,0.0,0.0,0.0,0.0,0.0,0.0,0.0,0.0,0.0,0.0,0.0,0.0,0.0,0.0,0.0,2024_09,embankments-affected
3382,1,2,2,3,2,4,5,1,1,5,2,2,2,2,2,1,5,3,2,1,1,1,4,1,1,3,1,1,2,5,5,3,1,1,1,2024_09,exposure
3383,,,,,,,,,,,,,,,,,,,,,,,,,,,,,,,,,,,,2024_09,female-camp
3384,2024-2025,2024-2025,2024-2025,2024-2025,2024-2025,2024-2025,2024-2025,2024-2025,2024-2025,2024-2025,2024-2025,2024-2025,2024-2025,2024-2025,2024-2025,2024-2025,2024-2025,2024-2025,2024-2025,2024-2025,2024-2025,2024-2025,2024-2025,2024-2025,2024-2025,2024-2025,2024-2025,2024-2025,2024-2025,2024-2025,2024-2025,2024-2025,2024-2025,2024-2025,2024-2025,2024_09,financial-year
3385,5,5,3,2,1,1,1,3,4,3,4,3,2,2,1,1,1,3,2,3,3,1,1,1,1,1,1,4,2,1,4,1,2,2,1,2024_09,flood-hazard
3386,,,,,,,,,,,,,,,,,,,,,,,,,,,,,,,,,,,,2024_09,flood-hazard-float
3387,0.0,0.0,0.0,0.0,0.0,0.0,0.0,0.0,0.0,0.0,0.0,0.0,0.0,0.0,0.0,0.0,0.0,0.0,0.0,0.0,0.0,0.0,0.0,0.0,0.0,0.0,0.0,0.0,0.0,0.0,0.0,0.0,0.0,0.0,0.0,2024_09,flooded-vegetation
3388,5,5,5,5,4,5,5,5,5,5,5,5,5,5,5,5,5,5,5,5,5,5,4,5,5,5,5,5,4,5,5,4,2,5,5,2024_09,government-response
3389,163,151,154,205,116,277,158,124,73,119,169,143,106,153,30,4,176,96,87,88,68,282,52,142,109,129,15,82,100,91,69,25,32,70,67,2024_09,health-centres-count
3390,0,0,0,0,0,0,0,0,0,0,0,0,0,0,0,0,0,0,0,0,0,0,0,0,0,0,0,0,0,0,0,0,0,0,0,2024_09,human-live-lost
3391,,,,,,,,,,,,,,,,,,,,,,,,,,,,,,,,,,,,2024_09,human-live-lost-children
3392,,,,,,,,,,,,,,,,,,,,,,,,,,,,,,,,,,,,2024_09,human-live-lost-female
3393,,,,,,,,,,,,,,,,,,,,,,,,,,,,,,,,,,,,2024_09,human-live-lost-male
3394,0.0,0.0,0.0,0.0,0.0,0.0,0.0,0.0,0.0,0.0,3488316.2,0.0,0.0,0.0,0.0,0.0,0.0,0.0,0.0,0.0,0.0,0.0,0.0,0.0,0.0,0.0,0.0,0.0,0.0,0.0,0.0,0.0,0.0,0.0,0.0,2024_09,immediate-measures-tenders-awarded-value
3395,0.0,0.0,0.0,0.0,0.0,0.0,0.0,0.0,0.0,0.0,0.0,0.0,0.0,0.0,0.0,0.0,0.0,0.0,0.0,0.0,0.0,0.0,0.0,0.0,0.0,0.0,0.0,0.0,0.0,0.0,0.0,0.0,0.0,0.0,0.0,2024_09,inundation-intensity-mean
3396,0.0,0.0,0.0,0.0,0.0,0.0,0.0,0.0,0.0,0.0,0.0,0.0,0.0,0.0,0.0,0.0,0.0,0.0,0.0,0.0,0.0,0.0,0.0,0.0,0.0,0.0,0.0,0.0,0.0,0.0,0.0,0.0,0.0,0.0,0.0,2024_09,inundation-intensity-mean-nonzero
3397,0.0,0.0,0.0,0.0,0.0,0.0,0.0,0.0,0.0,0.0,0.0,0.0,0.0,0.0,0.0,0.0,0.0,0.0,0.0,0.0,0.0,0.0,0.0,0.0,0.0,0.0,0.0,0.0,0.0,0.0,0.0,0.0,0.0,0.0,0.0,2024_09,inundation-intensity-sum
3398,0.0,0.0,0.0,0.0,0.0,0.0,0.0,0.0,0.0,0.0,0.0,0.0,0.0,0.0,0.0,0.0,0.0,0.0,0.0,0.0,0.0,0.0,0.0,0.0,0.0,0.0,0.0,0.0,0.0,0.0,0.0,0.0,0.0,0.0,0.0,2024_09,inundation-pct
3399,0.0,0.0,0.0,0.0,0.0,0.0,0.0,0.0,0.0,0.0,0.0,0.0,0.0,0.0,0.0,0.0,0.0,0.0,0.0,0.0,0.0,0.0,0.0,0.0,0.0,0.0,0.0,0.0,0.0,0.0,0.0,0.0,0.0,0.0,0.0,2024_09,ltif-tenders-awarded-value
3400,,,,,,,,,,,,,,,,,,,,,,,,,,,,,,,,,,,,2024_09,male-camp
3401,0.75,0.75,0.42,0.39,0.26,0.26,0.24,0.54,0.54,0.41,0.48,0.45,0.43,0.44,0.44,0.31,0.33,0.45,0.45,0.39,0.43,0.43,0.28,0.26,0.19,0.24,0.2,0.48,0.3,0.23,0.47,0.26,0.31,0.19,0.15,2024_09,max-rain
3402,79.02868494142712,101.80280753365652,92.94383900653578,105.59323892727156,101.52151689605476,82.80184981421402,96.12358569934148,83.9078683433952,82.58482453454118,85.28440626816572,92.33941954273553,80.5484411209615,79.26767921681454,87.0143854317649,73.9235270160713,74.45407242468538,76.22171823123378,78.77654329987095,76.5297175055914,92.84413483394596,78.73454361714819,88.47737641290556,90.33791694141864,81.3350244170581,77.2968865972734,93.73693822422564,78.06937273928872,76.99096084367254,87.73877652848734,76.69919006241047,135.19869279538494,74.5890767941101,111.4923918776678,77.2774448783579,78.49346327750206,2024_09,mean-cn
3403,-0.1850835517203444,-0.1956678468128085,-0.0752289160580391,-0.1259758431129314,-0.1525422918570213,-0.2334060994513962,-0.2958093379321799,-0.1454879068376235,-0.1528966620435803,-0.2370712643210324,-0.2596744701582269,-0.1377507066314716,-0.0452071219857272,-0.0185237128240636,-0.1538110041309242,-0.1769310836542678,-0.1449437193717487,-0.1770583584700904,-0.1456127027439684,-0.0626237020527392,-0.1348368288284448,-0.1490368487693198,-0.0608214502201025,-0.1494417894853278,-0.1389498704984372,-0.1107711037677772,-0.0851231711544214,-0.2632697761086836,-0.0958510980054095,-0.0674460567516172,-0.315793915109311,-0.2054044169764365,-0.1535157206055453,-0.096328354598843,-0.1380725875553354,2024_09,mean-ndbi
3404,0.5948139321370294,0.348896367458991,0.4443305559075822,0.4060782106516059,0.3931257249132537,0.5225512831831975,0.3489793821476288,0.5277800419109677,0.5476224430007779,0.59180938265601,0.4618180009758691,0.4644053150982432,0.4627769425735512,0.4058412483095104,0.6139901362790255,0.5922850425667504,0.6137813238556584,0.5207142996056586,0.5455609121536247,0.441657221470901,0.5982681700048228,0.535696030303154,0.3739631313957174,0.5060000290828183,0.5738038000103506,0.3716188262889552,0.3784167883298902,0.6414649445428332,0.5171434705886266,0.4512366167861031,0.1825243453219916,0.5504271476499496,0.1833250095828774,0.5252079689570389,0.5127752558954477,2024_09,mean-ndvi
3405,0.53,0.47,0.33,0.23,0.23,0.17,0.14,0.34,0.4,0.3,0.41,0.31,0.25,0.23,0.14,0.17,0.2,0.34,0.35,0.37,0.34,0.22,0.22,0.17,0.17,0.16,0.12,0.44,0.2,0.19,0.44,0.21,0.19,0.18,0.13,2024_09,mean-rain
3406,0.94,0.94,0.94,0.94,0.95,0.94,0.93,0.94,0.93,0.93,0.94,0.93,0.94,0.94,0.92,0.91,0.94,0.94,0.93,0.95,0.95,0.93,0.91,0.93,0.95,0.93,0.94,0.93,0.93,0.94,0.94,0.93,0.94,0.94,0.95,2024_09,mean-sex-ratio
3407,78683.46309,83470.903,78088.12,79714.84605,75490.3523,87424.20199999999,71470.137,90513.46103,104651.240916,68512.0013,81437.447,43095.76595,54183.314,128914.321604,35388.58,27888.17,66721.37,42827.17595,35287.21,42395.395,27850.66,74001.84561,6039.38,44021.984,58167.37587,76196.45569999999,93034.31635285716,23849.9,71288.401,78621.26999999999,17419.61,48488.349,16642.66,23559.76,71015.57777333334,2024_09,net-sown-area-in-hac
3408,0.0,0.0,0.0,0.0,13957298.0,0.0,0.0,4998000.0,13265400.0,0.0,0.0,0.0,0.0,0.0,0.0,0.0,0.0,0.0,0.0,0.0,0.0,23983600.0,78027089.12,27668650.91,0.0,11998800.0,0.0,24371153.0,0.0,0.0,26470569.0,29350738.42,0.0,0.0,0.0,2024_09,others-tenders-awarded-value
3409,0.0,0.0,0.0,0.0,0.0,0.0,0.0,4.0,220.0,0.0,0.0,0.0,0.0,0.0,0.0,0.0,0.0,5715.0,0.0,0.0,0.0,0.0,0.0,0.0,0.0,0.0,0.0,0.0,0.0,0.0,0.0,0.0,0.0,0.0,0.0,2024_09,population-affected-total
3410,62.0,342.0,34.0,5.0,10.0,45.0,35.0,38.0,77.0,43.0,49.0,27.0,41.0,43.0,32.0,146.0,46.0,45.0,28.0,81.0,8.0,45.0,80.0,11.0,0.0,0.0,24.0,24.0,19.0,30.0,0.0,0.0,0.0,9.0,6.0,2024_09,rail-count
3411,145613.0,139561.0,78425.0,17621.0,30884.0,174517.0,138494.0,108334.0,121454.0,119685.0,123774.0,73292.0,86126.0,117155.0,73424.0,172636.0,103488.0,117739.0,90281.0,82273.0,24548.0,109026.0,89510.0,30164.0,0.0,0.0,66114.0,80492.0,74271.0,75327.0,0.0,0.0,0.0,28139.0,18201.0,2024_09,rail-length
3412,0.0,0.0,0.0,0.0,0.0,0.0,0.0,0.0,0.0,0.0,0.0,0.0,0.0,0.0,0.0,0.0,0.0,0.0,0.0,0.0,0.0,0.0,0.0,0.0,0.0,0.0,0.0,0.0,0.0,0.0,0.0,0.0,0.0,0.0,0.0,2024_09,rangeland
3413,3131,1557,1979,1848,1512,2564,3445,2998,2483,3810,3379,1567,1865,3523,7337,4884,3783,1839,1329,1088,1926,3283,834,1036,1526,1611,1987,1073,1783,1456,684,3073,970,470,877,2024_09,rc-area
3414,22.9,25.01,25.42,15.04,15.81,23.51,13.19,16.32,20.87,24.89,12.8,8.96,12.07,15.06,23.47,23.25,15.87,14.25,19.26,12.86,25.35,9.48,11.61,21.25,15.46,13.0,15.96,19.71,28.46,27.66,28.09,28.84,17.28,9.75,12.15,2024_09,rc-nosanitation-hhds-pct
3415,2.85,1.19,3.55,2.25,3.35,4.98,6.04,2.83,2.26,3.42,4.19,6.81,14.25,7.18,1.95,6.36,8.53,5.57,4.01,2.04,1.03,3.32,11.46,9.66,2.8,5.1,3.07,3.8,4.2,5.27,3.57,0.24,4.95,6.03,5.78,2024_09,rc-piped-hhds-pct
3416,,,,,,,,,,,,,,,,,,,,,,,,,,,,,,,,,,,,2024_09,relief-camp-inmates
3417,0.0,0.0,0.0,0.0,0.0,0.0,0.0,0.0,0.0,0.0,0.0,0.0,0.0,0.0,0.0,0.0,0.0,0.0,0.0,0.0,0.0,0.0,0.0,0.0,0.0,0.0,0.0,0.0,0.0,0.0,0.0,0.0,0.0,0.0,0.0,2024_09,restoration-measures-tenders-awarded-value
3418,,,,,,,,,,,,,,,,,,,,,,,,,,,,,,,,,,,,2024_09,revenue-ci
3419,0.0,0.0,0.0,0.0,0.0,0.0,0.0,0.0,0.0,0.0,0.0,0.0,0.0,0.0,0.0,0.0,0.0,0.0,0.0,0.0,0.0,0.0,0.0,0.0,0.0,0.0,0.0,0.0,0.0,0.0,0.0,0.0,0.0,0.0,0.0,2024_09,ridf-tenders-awarded-value
3420,4,4,2,2,1,1,1,3,4,3,4,3,1,2,1,1,1,2,2,3,2,1,1,1,1,1,1,4,2,2,5,1,1,1,1,2024_09,risk-score
3421,0.0,0.0,0.0,0.0,0.0,0.0,0.0,0.0,0.0,0.0,0.0,0.0,0.0,0.0,0.0,0.0,0.0,0.0,0.0,0.0,0.0,0.0,0.0,0.0,0.0,0.0,0.0,0.0,0.0,0.0,0.0,0.0,0.0,0.0,0.0,2024_09,riverlevel-max
3422,0.0,0.0,0.0,0.0,0.0,0.0,0.0,0.0,0.0,0.0,0.0,0.0,0.0,0.0,0.0,0.0,0.0,0.0,0.0,0.0,0.0,0.0,0.0,0.0,0.0,0.0,0.0,0.0,0.0,0.0,0.0,0.0,0.0,0.0,0.0,2024_09,riverlevel-mean
3423,0.0,0.0,0.0,0.0,0.0,0.0,0.0,0.0,0.0,0.0,0.0,0.0,0.0,0.0,0.0,0.0,0.0,0.0,0.0,0.0,0.0,0.0,0.0,0.0,0.0,0.0,0.0,0.0,0.0,0.0,0.0,0.0,0.0,0.0,0.0,2024_09,riverlevel-min
3424,858892.0,705770.0,1011509.0,725891.0,634621.0,1331470.0,745620.0,804067.0,578686.0,1211943.0,1453600.0,700651.0,736030.0,1389863.0,752361.0,843185.0,988230.0,615579.0,483931.0,654117.0,547046.0,1589070.0,746938.0,450865.0,429399.0,767150.0,650574.0,485197.0,574075.0,560100.0,78936.0,457481.0,54196.0,461489.0,294016.0,2024_09,road-length
3425,0.0,0.0,0.0,0.0,0.0,0.0,0.0,0.0,4.0,0.0,0.0,0.0,0.0,0.0,0.0,0.0,0.0,0.0,0.0,0.0,0.0,0.0,0.0,0.0,0.0,0.0,0.0,0.0,0.0,0.0,0.0,0.0,0.0,0.0,0.0,2024_09,roads
3426,2788,3147,2578,2904,1994,3284,2025,3519,2301,1950,2431,1838,2072,2507,1757,1063,3322,3188,3016,1463,1336,3463,1151,1817,1497,1858,1795,1007,1291,1320,1381,925,805,813,995,2024_09,schools-count
3427,0.0,0.0,0.0,0.0,0.0,0.0,0.0,0.0,0.0,0.0,0.0,0.0,0.0,0.0,0.0,0.0,0.0,0.0,0.0,0.0,0.0,0.0,0.0,0.0,0.0,0.0,0.0,0.0,0.0,0.0,0.0,0.0,0.0,0.0,0.0,2024_09,sdrf-sanctions-awarded-value
3428,0.0,0.0,0.0,0.0,0.0,0.0,0.0,0.0,0.0,0.0,0.0,0.0,0.0,0.0,0.0,0.0,0.0,0.0,0.0,0.0,0.0,0.0,0.0,0.0,0.0,0.0,0.0,0.0,0.0,0.0,0.0,0.0,0.0,0.0,0.0,2024_09,sdrf-tenders-awarded-value
3429,84.0,81.0,84.0,78.0,81.0,86.0,82.0,84.0,84.0,83.0,79.0,85.0,85.0,84.0,89.0,90.0,88.0,86.0,87.0,84.0,85.0,83.0,85.0,83.0,85.0,82.0,85.0,84.0,83.0,88.0,75.0,89.0,78.0,85.0,85.0,2024_09,slope-mean
3430,0.0,0.0,0.0,0.0,0.0,0.0,0.0,0.0,0.0,0.0,0.0,0.0,0.0,0.0,0.0,0.0,0.0,0.0,0.0,0.0,0.0,16348000.0,78027089.12,3202650.91,0.0,0.0,0.0,24371153.0,0.0,0.0,0.0,0.0,0.0,0.0,0.0,2024_09,sopd-tenders-awarded-value
3431,61556.0,46195.0,49838.0,73043.0,45709.0,105362.0,73583.0,62453.0,34899.0,83722.0,69471.0,46226.0,52993.0,75505.0,38155.0,11647.0,115757.0,90785.0,30837.0,37252.0,33945.0,78600.0,55973.0,44945.0,27799.0,58969.0,41519.0,17727.0,33691.0,50315.0,25989.0,25769.0,7799.0,13027.0,22621.0,2024_09,sum-aged-population
3432,1292936.0,1422023.0,1093141.0,1633598.0,1164373.0,2408804.0,1479834.0,1181482.0,714264.0,1426956.0,1506738.0,783516.0,1003016.0,1318187.0,714774.0,293750.0,2154488.0,1430620.0,786401.0,821803.0,618750.0,1657188.0,1378544.0,975597.0,730731.0,1185014.0,874683.0,498958.0,667939.0,1144635.0,556684.0,372244.0,164882.0,324337.0,504653.0,2024_09,sum-population
3433,1453.01,622.38,595.11,390.85,313.0,399.99,419.07,926.0,808.76,1044.98,1241.19,448.27,436.72,774.26,923.34,730.84,701.8,588.56,448.77,363.89,558.8,713.36,160.16,162.31,232.02,244.01,185.41,436.02,301.45,231.5,266.92,586.22,177.03,77.32,100.18,2024_09,sum-rain
3434,121963.0,111231.0,111628.0,140245.0,91493.0,193397.0,121841.0,108134.0,64489.0,141390.0,98785.0,57929.0,57163.0,107474.0,85336.0,26144.0,189117.0,168805.0,62955.0,69727.0,62967.0,108986.0,64843.0,50006.0,37799.0,114409.0,68516.0,22523.0,55300.0,92940.0,59995.0,55881.0,8847.0,24116.0,31386.0,2024_09,sum-young-population
3435,,,,,,,,,,,,,,,,,,,,,,,,,,,,,,,,,,,,2024_09,topsis-score
3436,0.0,0.0,0.0,0.0,0.0,0.0,0.0,0.0,0.0,0.0,0.0,0.0,0.0,0.0,0.0,0.0,0.0,0.0,0.0,0.0,0.0,0.0,0.0,0.0,0.0,0.0,0.0,0.0,0.0,0.0,0.0,0.0,0.0,0.0,0.0,2024_09,total-animal-affected
3437,0.0,0.0,0.0,0.0,0.0,0.0,0.0,0.0,0.0,0.0,0.0,0.0,0.0,0.0,0.0,0.0,0.0,0.0,0.0,0.0,0.0,0.0,0.0,0.0,0.0,0.0,0.0,0.0,0.0,0.0,0.0,0.0,0.0,0.0,0.0,2024_09,total-animal-washed-away
3438,214904.0,377710.0,240459.0,393378.0,267778.0,527427.0,318730.0,266928.0,195025.0,318555.0,311523.0,172096.0,272707.0,275841.0,103131.0,30119.0,416101.0,256161.0,165784.0,185414.0,105445.0,408132.0,327221.0,233278.0,132203.0,231859.0,185739.0,108235.0,150938.0,214866.0,202538.0,52339.0,39239.0,77895.0,112690.0,2024_09,total-hhd
3439,0.0,0.0,0.0,0.0,0.0,0.0,0.0,0.0,0.0,0.0,0.0,0.0,0.0,0.0,0.0,0.0,0.0,0.0,0.0,0.0,0.0,0.0,0.0,0.0,0.0,0.0,0.0,0.0,0.0,0.0,0.0,0.0,0.0,0.0,0.0,2024_09,total-house-fully-damaged
3440,0.0,0.0,0.0,0.0,29112964.23,0.0,0.0,4998000.0,13265400.0,0.0,3488316.2,0.0,0.0,0.0,0.0,0.0,0.0,0.0,0.0,0.0,0.0,23983600.0,88625889.12,134958832.75,0.0,11998800.0,0.0,24371153.0,0.0,0.0,26470569.0,29350738.42,0.0,0.0,0.0,2024_09,total-tender-awarded-value
3441,0.0,0.0,0.0,0.0,0.0,0.0,0.0,0.0,0.0,0.0,0.0,0.0,0.0,0.0,0.0,0.0,0.0,0.0,0.0,0.0,0.0,0.0,0.0,0.0,0.0,0.0,0.0,0.0,0.0,0.0,0.0,0.0,0.0,0.0,0.0,2024_09,trees
3442,3,2,3,3,5,3,4,4,3,4,4,3,2,3,1,1,3,1,1,3,3,2,1,1,3,3,4,3,4,5,2,4,1,1,3,2024_09,vulnerability
3443,0.0,0.0,0.0,0.0,0.0,0.0,0.0,0.0,0.0,0.0,0.0,0.0,0.0,0.0,0.0,0.0,0.0,0.0,0.0,0.0,0.0,0.0,0.0,0.0,0.0,0.0,0.0,0.0,0.0,0.0,0.0,0.0,0.0,0.0,0.0,2024_09,water
3444,9.0,7.5,8.9,8.0,7.2,9.8,9.8,8.3,7.0,8.6,10.2,10.4,10.3,8.8,7.2,8.1,9.8,9.8,9.5,9.1,8.2,10.1,12.1,10.5,9.0,9.2,8.3,8.6,8.9,8.0,6.7,5.8,9.4,7.0,11.6,2024_10,avg-electricity
3445,2.2,2.6,2.0,2.0,2.4,2.0,2.2,2.4,2.0,2.0,2.0,2.2,2.2,2.3,2.0,2.5,2.2,2.4,2.0,2.2,2.2,2.4,2.5,2.1,2.3,2.0,2.2,2.0,2.3,2.3,2.0,2.0,2.5,2.3,2.2,2024_10,avg-tele
3446,0.0,0.0,0.0,0.0,0.0,0.0,0.0,0.0,0.0,0.0,0.0,0.0,0.0,0.0,0.0,0.0,0.0,0.0,0.0,0.0,0.0,0.0,0.0,0.0,0.0,0.0,0.0,0.0,0.0,0.0,0.0,0.0,0.0,0.0,0.0,2024_10,bare-ground
3447,0.0,0.0,0.0,0.0,0.0,0.0,0.0,0.0,0.0,0.0,0.0,0.0,0.0,0.0,0.0,0.0,0.0,0.0,0.0,0.0,0.0,0.0,0.0,0.0,0.0,0.0,0.0,0.0,0.0,0.0,0.0,0.0,0.0,0.0,0.0,2024_10,bridge
3448,0.0,0.0,0.0,0.0,0.0,0.0,0.0,0.0,0.0,0.0,0.0,0.0,0.0,0.0,0.0,0.0,0.0,0.0,0.0,0.0,0.0,0.0,0.0,0.0,0.0,0.0,0.0,0.0,0.0,0.0,0.0,0.0,0.0,0.0,0.0,2024_10,built-area
3449,,,,,,,,,,,,,,,,,,,,,,,,,,,,,,,,,,,,2024_10,children-camp
3450,0.0,0.0,0.0,0.0,0.0,0.0,0.0,0.0,0.0,0.0,0.0,0.0,0.0,0.0,0.0,0.0,0.0,0.0,0.0,0.0,0.0,0.0,0.0,0.0,0.0,0.0,0.0,0.0,0.0,0.0,0.0,0.0,0.0,0.0,0.0,2024_10,cidf-tenders-awarded-value
3451,0.0,0.0,0.0,0.0,0.0,0.0,0.0,0.0,0.0,0.0,0.0,0.0,0.0,0.0,0.0,0.0,0.0,0.0,0.0,0.0,0.0,0.0,0.0,0.0,0.0,0.0,0.0,0.0,0.0,0.0,0.0,0.0,0.0,0.0,0.0,2024_10,clouds
3452,,,,,,,,,,,,,,,,,,,,,,,,,,,,,,,,,,,,2024_10,count
3453,0.0,0.0,0.0,0.0,0.0,0.0,0.0,0.0,0.0,0.0,0.0,0.0,0.0,0.0,0.0,0.0,0.0,0.0,0.0,0.0,0.0,0.0,0.0,0.0,0.0,0.0,0.0,0.0,0.0,0.0,0.0,0.0,0.0,0.0,0.0,2024_10,crop-area
3454,0.0,0.0,0.0,0.0,0.0,0.0,0.0,0.0,0.0,0.0,0.0,0.0,0.0,0.0,0.0,0.0,0.0,0.0,0.0,0.0,0.0,0.0,0.0,0.0,0.0,0.0,0.0,0.0,0.0,0.0,0.0,0.0,0.0,0.0,0.0,2024_10,crops
3455,4296.624151156235,2231.5993331549903,3585.3069321814023,1247.6117514050093,2700.336576957554,3477.530108369159,1557.3606551140049,2711.0464141089856,2238.6415334905228,4159.102888381454,9491.630139883577,3889.6067327857527,7133.757644739055,3445.526862961011,8511.666927309076,4923.29748622475,3222.517655928944,4060.318063254274,4335.474967336042,1883.330083753236,975.2407923854796,4254.719948057848,3333.953706616405,1829.807307358248,1576.5499878215094,1098.83444541599,1489.926404330648,4700.953196095703,4363.59388114963,5163.44360094801,880.805632910103,4989.53282327419,1292.455559234692,1123.7037030160088,1578.254039674223,2024_10,distance-from-river
3456,KOKRAJHAR,DHUBRI,GOALPARA,BARPETA,MORIGAON,NAGAON,SONITPUR,LAKHIMPUR,DHEMAJI,TINSUKIA,DIBRUGARH,SIVASAGAR,JORHAT,GOLAGHAT,KARBI ANGLONG,DIMA HASAO,CACHAR,KARIMGANJ,HAILAKANDI,BONGAIGAON,CHIRANG,KAMRUP,KAMRUP METRO,NALBARI,BAKSA,DARRANG,UDALGURI,CHARAIDEO,BISWANATH,HOJAI,SOUTH SALMARA MANCACHAR,WEST KARBI ANGLONG,MAJULI,BAJALI,TAMULPUR,2024_10,district
3457,0.0005623749999999,0.0006515714285714,0.0005706,0.0006465,0.0005976,0.0005747142857142,0.000571,0.0006111428571428,0.0005535,0.00057375,0.0006251428571428,0.0006055,0.0006035999999999,0.0005855,0.00041,0.00031275,0.0004408,0.0005329999999999,0.0005025,0.0005798,0.000528,0.0005858461538461,0.00044875,0.000670625,0.0005907142857142,0.0006724,0.0006286666666666,0.000603,0.0006126666666666,0.00058,0.000585,0.000439,0.0006255,0.0006813333333333,0.0006636,2024_10,drainage-density
3458,,,,,,,,,,,,,,,,,,,,,,,,,,,,,,,,,,,,2024_10,dtcode11
3459,,,,,,,,,,,,,,,,,,,,,,,,,,,,,,,,,,,,2024_10,dtname
3460,0.892259375,0.9272422857142856,0.8636582,0.8739833333333333,0.8005294,0.8777715714285714,0.83249825,0.8290474285714285,0.8667876666666667,0.818027,0.8369224285714285,0.88258125,0.9324726,0.876446,0.9548416666666668,1.0,0.8665115999999999,0.9620144,0.9488055,0.8860518,0.8910933999999999,0.9528222307692308,1.0,0.96180125,0.8554734285714286,0.8642139999999999,0.8254092222222221,0.881589,0.8245483333333334,0.778826,0.914767,0.80598,0.954477,0.9771223333333332,0.8799783999999999,2024_10,efficiency
3461,63.0,33.0,49.0,40.0,63.0,72.0,86.0,96.0,141.0,142.0,113.0,99.0,105.0,97.0,347.0,607.0,155.0,36.0,47.0,54.0,84.0,82.0,114.0,49.0,70.0,59.0,91.0,112.0,86.0,125.0,26.0,483.0,85.0,47.0,71.0,2024_10,elevation-mean
3462,0.0,0.0,0.0,0.0,0.0,0.0,0.0,0.0,0.0,0.0,0.0,0.0,0.0,0.0,0.0,0.0,0.0,0.0,0.0,0.0,0.0,0.0,0.0,0.0,0.0,0.0,0.0,0.0,0.0,0.0,0.0,0.0,0.0,0.0,0.0,2024_10,embankment-breached
3463,0.0,0.0,0.0,0.0,0.0,0.0,0.0,0.0,0.0,0.0,0.0,0.0,0.0,0.0,0.0,0.0,0.0,0.0,0.0,0.0,0.0,0.0,0.0,0.0,0.0,0.0,0.0,0.0,0.0,0.0,0.0,0.0,0.0,0.0,0.0,2024_10,embankments-affected
3464,1,2,2,3,2,4,5,1,1,5,2,2,2,2,2,1,5,3,2,1,1,1,4,1,1,3,1,1,2,5,5,3,1,1,1,2024_10,exposure
3465,,,,,,,,,,,,,,,,,,,,,,,,,,,,,,,,,,,,2024_10,female-camp
3466,2024-2025,2024-2025,2024-2025,2024-2025,2024-2025,2024-2025,2024-2025,2024-2025,2024-2025,2024-2025,2024-2025,2024-2025,2024-2025,2024-2025,2024-2025,2024-2025,2024-2025,2024-2025,2024-2025,2024-2025,2024-2025,2024-2025,2024-2025,2024-2025,2024-2025,2024-2025,2024-2025,2024-2025,2024-2025,2024-2025,2024-2025,2024-2025,2024-2025,2024-2025,2024-2025,2024_10,financial-year
3467,2,2,3,4,2,3,4,1,1,1,1,1,1,1,1,1,2,4,2,5,3,1,1,3,2,3,4,1,1,1,1,1,1,3,2,2024_10,flood-hazard
3468,,,,,,,,,,,,,,,,,,,,,,,,,,,,,,,,,,,,2024_10,flood-hazard-float
3469,0.0,0.0,0.0,0.0,0.0,0.0,0.0,0.0,0.0,0.0,0.0,0.0,0.0,0.0,0.0,0.0,0.0,0.0,0.0,0.0,0.0,0.0,0.0,0.0,0.0,0.0,0.0,0.0,0.0,0.0,0.0,0.0,0.0,0.0,0.0,2024_10,flooded-vegetation
3470,5,5,5,5,4,5,5,5,5,5,5,5,5,5,5,5,5,5,5,5,5,5,4,5,5,5,5,5,3,5,5,4,2,5,5,2024_10,government-response
3471,163,151,154,205,116,277,158,124,73,119,169,143,106,153,30,4,176,96,87,88,68,282,52,142,109,129,15,82,100,91,69,25,32,70,67,2024_10,health-centres-count
3472,0,0,0,0,0,0,0,0,0,0,0,0,0,0,0,0,0,0,0,0,0,0,0,0,0,0,0,0,0,0,0,0,0,0,0,2024_10,human-live-lost
3473,,,,,,,,,,,,,,,,,,,,,,,,,,,,,,,,,,,,2024_10,human-live-lost-children
3474,,,,,,,,,,,,,,,,,,,,,,,,,,,,,,,,,,,,2024_10,human-live-lost-female
3475,,,,,,,,,,,,,,,,,,,,,,,,,,,,,,,,,,,,2024_10,human-live-lost-male
3476,0.0,0.0,0.0,0.0,0.0,0.0,0.0,0.0,0.0,0.0,0.0,0.0,0.0,0.0,0.0,0.0,0.0,0.0,0.0,0.0,0.0,0.0,7097612.5,0.0,0.0,0.0,0.0,0.0,0.0,0.0,0.0,0.0,0.0,0.0,0.0,2024_10,immediate-measures-tenders-awarded-value
3477,0.0,0.0,0.0,0.0,0.0,0.0,0.0,0.0,0.0,0.0,0.0,0.0,0.0,0.0,0.0,0.0,0.0,0.0,0.0,0.0,0.0,0.0,0.0,0.0,0.0,0.0,0.0,0.0,0.0,0.0,0.0,0.0,0.0,0.0,0.0,2024_10,inundation-intensity-mean
3478,0.0,0.0,0.0,0.0,0.0,0.0,0.0,0.0,0.0,0.0,0.0,0.0,0.0,0.0,0.0,0.0,0.0,0.0,0.0,0.0,0.0,0.0,0.0,0.0,0.0,0.0,0.0,0.0,0.0,0.0,0.0,0.0,0.0,0.0,0.0,2024_10,inundation-intensity-mean-nonzero
3479,0.0,0.0,0.0,0.0,0.0,0.0,0.0,0.0,0.0,0.0,0.0,0.0,0.0,0.0,0.0,0.0,0.0,0.0,0.0,0.0,0.0,0.0,0.0,0.0,0.0,0.0,0.0,0.0,0.0,0.0,0.0,0.0,0.0,0.0,0.0,2024_10,inundation-intensity-sum
3480,0.0,0.0,0.0,0.0,0.0,0.0,0.0,0.0,0.0,0.0,0.0,0.0,0.0,0.0,0.0,0.0,0.0,0.0,0.0,0.0,0.0,0.0,0.0,0.0,0.0,0.0,0.0,0.0,0.0,0.0,0.0,0.0,0.0,0.0,0.0,2024_10,inundation-pct
3481,0.0,0.0,0.0,0.0,0.0,0.0,0.0,0.0,0.0,0.0,0.0,0.0,0.0,0.0,0.0,0.0,0.0,0.0,0.0,0.0,0.0,0.0,0.0,0.0,0.0,0.0,0.0,0.0,0.0,0.0,0.0,0.0,0.0,0.0,0.0,2024_10,ltif-tenders-awarded-value
3482,,,,,,,,,,,,,,,,,,,,,,,,,,,,,,,,,,,,2024_10,male-camp
3483,0.14,0.14,0.22,0.22,0.15,0.15,0.21,0.03,0.0,0.01,0.01,0.01,0.01,0.02,0.06,0.14,0.14,0.17,0.12,0.22,0.15,0.06,0.0,0.05,0.09,0.21,0.21,0.01,0.02,0.06,0.0,0.04,0.0,0.09,0.04,2024_10,max-rain
3484,79.02868494142712,101.80280753365652,92.94383900653578,105.59323892727154,101.52151689605476,82.80184981421402,96.12358569934148,83.9078683433952,82.58482453454118,85.28440626816572,92.33941954273553,80.5484411209615,79.26767921681454,87.0143854317649,73.9235270160713,74.45407242468538,76.22171823123378,78.77654329987095,76.5297175055914,92.844134833946,78.73454361714819,88.47737641290556,90.33791694141864,81.3350244170581,77.2968865972734,93.73693822422564,78.06937273928872,76.99096084367254,87.73877652848734,76.69919006241047,135.19869279538494,74.5890767941101,111.4923918776678,77.2774448783579,78.49346327750206,2024_10,mean-cn
3485,-0.1850835517203444,-0.1956678468128085,-0.0752289160580391,-0.1259758431129314,-0.1525422918570213,-0.2334060994513962,-0.2958093379321799,-0.1454879068376235,-0.1528966620435803,-0.2370712643210324,-0.2596744701582269,-0.1377507066314716,-0.0452071219857272,-0.0185237128240636,-0.1538110041309242,-0.1769310836542678,-0.1449437193717487,-0.1770583584700904,-0.1456127027439684,-0.0626237020527392,-0.1348368288284448,-0.1490368487693198,-0.0608214502201025,-0.1494417894853278,-0.1389498704984372,-0.1107711037677772,-0.0851231711544214,-0.2632697761086836,-0.0958510980054095,-0.0674460567516172,-0.315793915109311,-0.2054044169764365,-0.1535157206055453,-0.096328354598843,-0.1380725875553354,2024_10,mean-ndbi
3486,0.5948139321370294,0.348896367458991,0.4443305559075822,0.4060782106516059,0.3931257249132537,0.5225512831831975,0.3489793821476288,0.5277800419109678,0.5476224430007779,0.59180938265601,0.4618180009758691,0.4644053150982432,0.4627769425735512,0.4058412483095104,0.6139901362790255,0.5922850425667504,0.6137813238556584,0.5207142996056586,0.5455609121536247,0.441657221470901,0.5982681700048228,0.535696030303154,0.3739631313957174,0.5060000290828183,0.5738038000103506,0.3716188262889552,0.3784167883298902,0.6414649445428332,0.5171434705886266,0.4512366167861031,0.1825243453219916,0.5504271476499496,0.1833250095828774,0.5252079689570389,0.5127752558954477,2024_10,mean-ndvi
3487,0.02,0.02,0.07,0.1,0.04,0.08,0.09,0.0,0.0,0.0,0.0,0.0,0.0,0.01,0.01,0.05,0.08,0.12,0.07,0.15,0.09,0.01,0.0,0.04,0.04,0.05,0.09,0.01,0.0,0.01,0.0,0.0,0.0,0.06,0.03,2024_10,mean-rain
3488,0.94,0.94,0.94,0.94,0.95,0.94,0.93,0.94,0.93,0.93,0.94,0.93,0.94,0.94,0.92,0.91,0.94,0.94,0.93,0.95,0.95,0.93,0.91,0.93,0.95,0.93,0.94,0.93,0.93,0.94,0.94,0.93,0.94,0.94,0.95,2024_10,mean-sex-ratio
3489,78683.46309,83470.903,78088.12,79714.84605,75490.3523,87424.202,71470.137,90513.46103,104651.240916,68512.0013,81437.447,43095.76595,54183.314,128914.321604,35388.58,27888.17,66721.37,42827.17595,35287.21,42395.395,27850.66,74001.84561,6039.38,44021.984,58167.37587,76196.45569999999,93034.31635285716,23849.9,71288.401,78621.26999999999,17419.61,48488.349,16642.66,23559.76,71015.57777333334,2024_10,net-sown-area-in-hac
3490,0.0,0.0,0.0,15479291.0,37221408.0,82488706.0,0.0,22500000.0,2499746.0,0.0,0.0,0.0,0.0,0.0,0.0,0.0,31694295.03,0.0,0.0,0.0,0.0,0.0,55636606.02,13895296.32,10736680.0,0.0,16000000.0,0.0,0.0,0.0,0.0,0.0,0.0,0.0,0.0,2024_10,others-tenders-awarded-value
3491,0.0,0.0,0.0,0.0,0.0,0.0,0.0,0.0,0.0,0.0,0.0,0.0,0.0,0.0,0.0,0.0,0.0,0.0,0.0,0.0,0.0,0.0,0.0,0.0,0.0,0.0,0.0,0.0,0.0,0.0,0.0,0.0,0.0,0.0,0.0,2024_10,population-affected-total
3492,62.0,342.0,34.0,5.0,10.0,45.0,35.0,38.0,77.0,43.0,49.0,27.0,41.0,43.0,32.0,146.0,46.0,45.0,28.0,81.0,8.0,45.0,80.0,11.0,0.0,0.0,24.0,24.0,19.0,30.0,0.0,0.0,0.0,9.0,6.0,2024_10,rail-count
3493,145613.0,139561.0,78425.0,17621.0,30884.0,174517.0,138494.0,108334.0,121454.0,119685.0,123774.0,73292.0,86126.0,117155.0,73424.0,172636.0,103488.0,117739.0,90281.0,82273.0,24548.0,109026.0,89510.0,30164.0,0.0,0.0,66114.0,80492.0,74271.0,75327.0,0.0,0.0,0.0,28139.0,18201.0,2024_10,rail-length
3494,0.0,0.0,0.0,0.0,0.0,0.0,0.0,0.0,0.0,0.0,0.0,0.0,0.0,0.0,0.0,0.0,0.0,0.0,0.0,0.0,0.0,0.0,0.0,0.0,0.0,0.0,0.0,0.0,0.0,0.0,0.0,0.0,0.0,0.0,0.0,2024_10,rangeland
3495,3131,1557,1979,1848,1512,2564,3445,2998,2483,3810,3379,1567,1865,3523,7337,4884,3783,1839,1329,1088,1926,3283,834,1036,1526,1611,1987,1073,1783,1456,684,3073,970,470,877,2024_10,rc-area
3496,22.9,25.01,25.42,15.04,15.81,23.51,13.19,16.32,20.87,24.89,12.8,8.96,12.07,15.06,23.47,23.25,15.87,14.25,19.26,12.86,25.35,9.48,11.61,21.25,15.46,13.0,15.96,19.71,28.46,27.66,28.09,28.84,17.28,9.75,12.15,2024_10,rc-nosanitation-hhds-pct
3497,2.85,1.19,3.55,2.25,3.35,4.98,6.04,2.83,2.26,3.42,4.19,6.81,14.25,7.18,1.95,6.36,8.53,5.57,4.01,2.04,1.03,3.32,11.46,9.66,2.8,5.1,3.07,3.8,4.2,5.27,3.57,0.24,4.95,6.03,5.78,2024_10,rc-piped-hhds-pct
3498,,,,,,,,,,,,,,,,,,,,,,,,,,,,,,,,,,,,2024_10,relief-camp-inmates
3499,0.0,0.0,0.0,0.0,0.0,0.0,0.0,0.0,0.0,0.0,0.0,0.0,0.0,0.0,0.0,0.0,0.0,0.0,0.0,0.0,0.0,0.0,0.0,0.0,0.0,0.0,0.0,0.0,0.0,0.0,0.0,0.0,0.0,0.0,0.0,2024_10,restoration-measures-tenders-awarded-value
3500,,,,,,,,,,,,,,,,,,,,,,,,,,,,,,,,,,,,2024_10,revenue-ci
3501,0.0,0.0,0.0,0.0,37221408.0,0.0,0.0,0.0,0.0,0.0,0.0,0.0,0.0,0.0,0.0,0.0,0.0,0.0,0.0,0.0,0.0,0.0,0.0,0.0,10736680.0,0.0,0.0,0.0,0.0,0.0,0.0,0.0,0.0,0.0,0.0,2024_10,ridf-tenders-awarded-value
3502,2,2,3,4,3,3,4,2,2,2,2,2,2,2,1,1,2,3,3,4,3,2,1,3,2,3,4,2,2,2,2,2,1,3,2,2024_10,risk-score
3503,0.0,0.0,0.0,0.0,0.0,0.0,0.0,0.0,0.0,0.0,0.0,0.0,0.0,0.0,0.0,0.0,0.0,0.0,0.0,0.0,0.0,0.0,0.0,0.0,0.0,0.0,0.0,0.0,0.0,0.0,0.0,0.0,0.0,0.0,0.0,2024_10,riverlevel-max
3504,0.0,0.0,0.0,0.0,0.0,0.0,0.0,0.0,0.0,0.0,0.0,0.0,0.0,0.0,0.0,0.0,0.0,0.0,0.0,0.0,0.0,0.0,0.0,0.0,0.0,0.0,0.0,0.0,0.0,0.0,0.0,0.0,0.0,0.0,0.0,2024_10,riverlevel-mean
3505,0.0,0.0,0.0,0.0,0.0,0.0,0.0,0.0,0.0,0.0,0.0,0.0,0.0,0.0,0.0,0.0,0.0,0.0,0.0,0.0,0.0,0.0,0.0,0.0,0.0,0.0,0.0,0.0,0.0,0.0,0.0,0.0,0.0,0.0,0.0,2024_10,riverlevel-min
3506,858892.0,705770.0,1011509.0,725891.0,634621.0,1331470.0,745620.0,804067.0,578686.0,1211943.0,1453600.0,700651.0,736030.0,1389863.0,752361.0,843185.0,988230.0,615579.0,483931.0,654117.0,547046.0,1589070.0,746938.0,450865.0,429399.0,767150.0,650574.0,485197.0,574075.0,560100.0,78936.0,457481.0,54196.0,461489.0,294016.0,2024_10,road-length
3507,0.0,0.0,0.0,0.0,0.0,0.0,0.0,0.0,0.0,0.0,0.0,0.0,0.0,0.0,0.0,0.0,0.0,0.0,0.0,0.0,0.0,0.0,0.0,0.0,0.0,0.0,0.0,0.0,0.0,0.0,0.0,0.0,0.0,0.0,0.0,2024_10,roads
3508,2788,3147,2578,2904,1994,3284,2025,3519,2301,1950,2431,1838,2072,2507,1757,1063,3322,3188,3016,1463,1336,3463,1151,1817,1497,1858,1795,1007,1291,1320,1381,925,805,813,995,2024_10,schools-count
3509,0.0,0.0,0.0,0.0,0.0,0.0,0.0,0.0,0.0,0.0,0.0,0.0,0.0,0.0,0.0,0.0,0.0,0.0,0.0,0.0,0.0,0.0,0.0,0.0,0.0,0.0,0.0,0.0,0.0,0.0,0.0,0.0,0.0,0.0,0.0,2024_10,sdrf-sanctions-awarded-value
3510,0.0,0.0,0.0,0.0,0.0,0.0,0.0,0.0,0.0,0.0,0.0,0.0,0.0,0.0,0.0,0.0,0.0,0.0,0.0,0.0,0.0,0.0,0.0,0.0,0.0,0.0,0.0,0.0,0.0,0.0,0.0,0.0,0.0,0.0,0.0,2024_10,sdrf-tenders-awarded-value
3511,84.0,81.0,84.0,78.0,81.0,86.0,82.0,84.0,84.0,83.0,79.0,85.0,85.0,84.0,89.0,90.0,88.0,86.0,87.0,84.0,85.0,83.0,85.0,83.0,85.0,82.0,85.0,84.0,83.0,88.0,75.0,89.0,78.0,85.0,85.0,2024_10,slope-mean
3512,0.0,0.0,0.0,15479291.0,0.0,11958271.0,0.0,0.0,0.0,0.0,0.0,0.0,0.0,0.0,0.0,0.0,0.0,0.0,0.0,0.0,0.0,0.0,66484606.02,41226054.69,0.0,0.0,0.0,0.0,0.0,0.0,0.0,0.0,0.0,0.0,0.0,2024_10,sopd-tenders-awarded-value
3513,61556.0,46195.0,49838.0,73043.0,45709.0,105362.0,73583.0,62453.0,34899.0,83722.0,69471.0,46226.0,52993.0,75505.0,38155.0,11647.0,115757.0,90785.0,30837.0,37252.0,33945.0,78600.0,55973.0,44945.0,27799.0,58969.0,41519.0,17727.0,33691.0,50315.0,25989.0,25769.0,7799.0,13027.0,22621.0,2024_10,sum-aged-population
3514,1292936.0,1422023.0,1093141.0,1633598.0,1164373.0,2408804.0,1479834.0,1181482.0,714264.0,1426956.0,1506738.0,783516.0,1003016.0,1318187.0,714774.0,293750.0,2154488.0,1430620.0,786401.0,821803.0,618750.0,1657188.0,1378544.0,975597.0,730731.0,1185014.0,874683.0,498958.0,667939.0,1144635.0,556684.0,372244.0,164882.0,324337.0,504653.0,2024_10,sum-population
3515,116.22,18.49,123.57,159.49,39.78,158.67,294.2,6.67,2.17,14.59,13.65,1.98,5.5,19.27,60.69,170.65,241.07,166.44,54.68,152.11,109.07,25.86,1.34,30.62,52.21,84.19,138.09,5.2,7.87,14.44,0.02,12.61,1.83,28.58,18.81,2024_10,sum-rain
3516,121963.0,111231.0,111628.0,140245.0,91493.0,193397.0,121841.0,108134.0,64489.0,141390.0,98785.0,57929.0,57163.0,107474.0,85336.0,26144.0,189117.0,168805.0,62955.0,69727.0,62967.0,108986.0,64843.0,50006.0,37799.0,114409.0,68516.0,22523.0,55300.0,92940.0,59995.0,55881.0,8847.0,24116.0,31386.0,2024_10,sum-young-population
3517,,,,,,,,,,,,,,,,,,,,,,,,,,,,,,,,,,,,2024_10,topsis-score
3518,0.0,0.0,0.0,0.0,0.0,0.0,0.0,0.0,0.0,0.0,0.0,0.0,0.0,0.0,0.0,0.0,0.0,0.0,0.0,0.0,0.0,0.0,0.0,0.0,0.0,0.0,0.0,0.0,0.0,0.0,0.0,0.0,0.0,0.0,0.0,2024_10,total-animal-affected
3519,0.0,0.0,0.0,0.0,0.0,0.0,0.0,0.0,0.0,0.0,0.0,0.0,0.0,0.0,0.0,0.0,0.0,0.0,0.0,0.0,0.0,0.0,0.0,0.0,0.0,0.0,0.0,0.0,0.0,0.0,0.0,0.0,0.0,0.0,0.0,2024_10,total-animal-washed-away
3520,214904.0,377710.0,240459.0,393378.0,267778.0,527427.0,318730.0,266928.0,195025.0,318555.0,311523.0,172096.0,272707.0,275841.0,103131.0,30119.0,416101.0,256161.0,165784.0,185414.0,105445.0,408132.0,327221.0,233278.0,132203.0,231859.0,185739.0,108235.0,150938.0,214866.0,202538.0,52339.0,39239.0,77895.0,112690.0,2024_10,total-hhd
3521,0.0,0.0,0.0,0.0,0.0,0.0,0.0,0.0,0.0,0.0,0.0,0.0,0.0,0.0,0.0,0.0,0.0,0.0,0.0,0.0,0.0,0.0,0.0,0.0,0.0,0.0,0.0,0.0,0.0,0.0,0.0,0.0,0.0,0.0,0.0,2024_10,total-house-fully-damaged
3522,0.0,0.0,0.0,15479291.0,51756193.0,82488706.0,0.0,22500000.0,2499746.0,0.0,0.0,0.0,0.0,0.0,0.0,0.0,31694295.03,0.0,0.0,0.0,0.0,0.0,99605259.52,114387876.59,10736680.0,0.0,16000000.0,0.0,100665792.02,0.0,0.0,0.0,0.0,0.0,0.0,2024_10,total-tender-awarded-value
3523,0.0,0.0,0.0,0.0,0.0,0.0,0.0,0.0,0.0,0.0,0.0,0.0,0.0,0.0,0.0,0.0,0.0,0.0,0.0,0.0,0.0,0.0,0.0,0.0,0.0,0.0,0.0,0.0,0.0,0.0,0.0,0.0,0.0,0.0,0.0,2024_10,trees
3524,3,2,3,3,5,3,4,4,3,4,4,3,2,3,1,1,3,1,1,3,3,2,1,1,3,3,4,3,4,5,2,4,1,1,3,2024_10,vulnerability
3525,0.0,0.0,0.0,0.0,0.0,0.0,0.0,0.0,0.0,0.0,0.0,0.0,0.0,0.0,0.0,0.0,0.0,0.0,0.0,0.0,0.0,0.0,0.0,0.0,0.0,0.0,0.0,0.0,0.0,0.0,0.0,0.0,0.0,0.0,0.0,2024_10,water
3526,9.0,7.5,8.9,8.0,7.2,9.8,9.8,8.3,7.0,8.6,10.2,10.4,10.3,8.8,7.2,8.1,9.8,9.8,9.5,9.1,8.2,10.1,12.1,10.5,9.0,9.2,8.3,8.6,8.9,8.0,6.7,5.8,9.4,7.0,11.6,2024_11,avg-electricity
3527,2.2,2.6,2.0,2.0,2.4,2.0,2.2,2.4,2.0,2.0,2.0,2.2,2.2,2.3,2.0,2.5,2.2,2.4,2.0,2.2,2.2,2.4,2.5,2.1,2.3,2.0,2.2,2.0,2.3,2.3,2.0,2.0,2.5,2.3,2.2,2024_11,avg-tele
3528,0.0,0.0,0.0,0.0,0.0,0.0,0.0,0.0,0.0,0.0,0.0,0.0,0.0,0.0,0.0,0.0,0.0,0.0,0.0,0.0,0.0,0.0,0.0,0.0,0.0,0.0,0.0,0.0,0.0,0.0,0.0,0.0,0.0,0.0,0.0,2024_11,bare-ground
3529,0.0,0.0,0.0,0.0,0.0,0.0,0.0,0.0,0.0,0.0,0.0,0.0,0.0,0.0,0.0,0.0,0.0,0.0,0.0,0.0,0.0,0.0,0.0,0.0,0.0,0.0,0.0,0.0,0.0,0.0,0.0,0.0,0.0,0.0,0.0,2024_11,bridge
3530,0.0,0.0,0.0,0.0,0.0,0.0,0.0,0.0,0.0,0.0,0.0,0.0,0.0,0.0,0.0,0.0,0.0,0.0,0.0,0.0,0.0,0.0,0.0,0.0,0.0,0.0,0.0,0.0,0.0,0.0,0.0,0.0,0.0,0.0,0.0,2024_11,built-area
3531,,,,,,,,,,,,,,,,,,,,,,,,,,,,,,,,,,,,2024_11,children-camp
3532,0.0,0.0,0.0,0.0,0.0,0.0,0.0,0.0,0.0,0.0,0.0,0.0,0.0,0.0,0.0,0.0,0.0,0.0,0.0,0.0,0.0,0.0,0.0,0.0,0.0,0.0,0.0,0.0,0.0,0.0,0.0,0.0,0.0,0.0,0.0,2024_11,cidf-tenders-awarded-value
3533,0.0,0.0,0.0,0.0,0.0,0.0,0.0,0.0,0.0,0.0,0.0,0.0,0.0,0.0,0.0,0.0,0.0,0.0,0.0,0.0,0.0,0.0,0.0,0.0,0.0,0.0,0.0,0.0,0.0,0.0,0.0,0.0,0.0,0.0,0.0,2024_11,clouds
3534,,,,,,,,,,,,,,,,,,,,,,,,,,,,,,,,,,,,2024_11,count
3535,0.0,0.0,0.0,0.0,0.0,0.0,0.0,0.0,0.0,0.0,0.0,0.0,0.0,0.0,0.0,0.0,0.0,0.0,0.0,0.0,0.0,0.0,0.0,0.0,0.0,0.0,0.0,0.0,0.0,0.0,0.0,0.0,0.0,0.0,0.0,2024_11,crop-area
3536,0.0,0.0,0.0,0.0,0.0,0.0,0.0,0.0,0.0,0.0,0.0,0.0,0.0,0.0,0.0,0.0,0.0,0.0,0.0,0.0,0.0,0.0,0.0,0.0,0.0,0.0,0.0,0.0,0.0,0.0,0.0,0.0,0.0,0.0,0.0,2024_11,crops
3537,4296.624151156235,2231.5993331549903,3585.3069321814023,1247.6117514050093,2700.336576957554,3477.530108369159,1557.3606551140049,2711.0464141089856,2238.6415334905228,4159.102888381454,9491.630139883577,3889.6067327857527,7133.757644739055,3445.5268629610114,8511.666927309076,4923.29748622475,3222.517655928944,4060.318063254274,4335.474967336042,1883.330083753236,975.2407923854796,4254.719948057848,3333.953706616405,1829.807307358248,1576.5499878215094,1098.83444541599,1489.926404330648,4700.953196095703,4363.59388114963,5163.44360094801,880.805632910103,4989.53282327419,1292.455559234692,1123.7037030160088,1578.254039674223,2024_11,distance-from-river
3538,KOKRAJHAR,DHUBRI,GOALPARA,BARPETA,MORIGAON,NAGAON,SONITPUR,LAKHIMPUR,DHEMAJI,TINSUKIA,DIBRUGARH,SIVASAGAR,JORHAT,GOLAGHAT,KARBI ANGLONG,DIMA HASAO,CACHAR,KARIMGANJ,HAILAKANDI,BONGAIGAON,CHIRANG,KAMRUP,KAMRUP METRO,NALBARI,BAKSA,DARRANG,UDALGURI,CHARAIDEO,BISWANATH,HOJAI,SOUTH SALMARA MANCACHAR,WEST KARBI ANGLONG,MAJULI,BAJALI,TAMULPUR,2024_11,district
3539,0.0005623749999999,0.0006515714285714,0.0005706,0.0006465,0.0005976,0.0005747142857142,0.000571,0.0006111428571428,0.0005535,0.00057375,0.0006251428571428,0.0006055,0.0006035999999999,0.0005855,0.00041,0.00031275,0.0004408,0.0005329999999999,0.0005025,0.0005798,0.000528,0.0005858461538461,0.00044875,0.000670625,0.0005907142857142,0.0006724,0.0006286666666666,0.000603,0.0006126666666666,0.00058,0.000585,0.000439,0.0006255,0.0006813333333333,0.0006636,2024_11,drainage-density
3540,,,,,,,,,,,,,,,,,,,,,,,,,,,,,,,,,,,,2024_11,dtcode11
3541,,,,,,,,,,,,,,,,,,,,,,,,,,,,,,,,,,,,2024_11,dtname
3542,0.892259375,0.9272422857142856,0.8636582,0.8739833333333333,0.8005294,0.8777715714285714,0.83249825,0.8290474285714285,0.8667876666666667,0.818027,0.8369224285714285,0.88258125,0.9324726,0.8764460000000001,0.9548416666666668,1.0,0.8665115999999999,0.9620144,0.9488055,0.8860518,0.8910933999999999,0.9528222307692308,1.0,0.96180125,0.8554734285714286,0.8642139999999999,0.8254092222222221,0.881589,0.8245483333333334,0.778826,0.914767,0.80598,0.954477,0.9771223333333332,0.8799783999999999,2024_11,efficiency
3543,63.0,33.0,49.0,40.0,63.0,72.0,86.0,96.0,141.0,142.0,113.0,99.0,105.0,97.0,347.0,607.0,155.0,36.0,47.0,54.0,84.0,82.0,114.0,49.0,70.0,59.0,91.0,112.0,86.0,125.0,26.0,483.0,85.0,47.0,71.0,2024_11,elevation-mean
3544,0.0,0.0,0.0,0.0,0.0,0.0,0.0,0.0,0.0,0.0,0.0,0.0,0.0,0.0,0.0,0.0,0.0,0.0,0.0,0.0,0.0,0.0,0.0,0.0,0.0,0.0,0.0,0.0,0.0,0.0,0.0,0.0,0.0,0.0,0.0,2024_11,embankment-breached
3545,0.0,0.0,0.0,0.0,0.0,0.0,0.0,0.0,0.0,0.0,0.0,0.0,0.0,0.0,0.0,0.0,0.0,0.0,0.0,0.0,0.0,0.0,0.0,0.0,0.0,0.0,0.0,0.0,0.0,0.0,0.0,0.0,0.0,0.0,0.0,2024_11,embankments-affected
3546,1,2,2,3,2,4,5,1,1,5,2,2,2,2,2,1,5,3,2,1,1,1,4,1,1,3,1,1,2,5,5,3,1,1,1,2024_11,exposure
3547,,,,,,,,,,,,,,,,,,,,,,,,,,,,,,,,,,,,2024_11,female-camp
3548,2024-2025,2024-2025,2024-2025,2024-2025,2024-2025,2024-2025,2024-2025,2024-2025,2024-2025,2024-2025,2024-2025,2024-2025,2024-2025,2024-2025,2024-2025,2024-2025,2024-2025,2024-2025,2024-2025,2024-2025,2024-2025,2024-2025,2024-2025,2024-2025,2024-2025,2024-2025,2024-2025,2024-2025,2024-2025,2024-2025,2024-2025,2024-2025,2024-2025,2024-2025,2024-2025,2024_11,financial-year
3549,3,4,1,3,2,2,1,1,1,1,1,1,1,1,1,2,4,4,4,1,1,2,1,4,3,2,2,1,1,3,4,2,1,5,3,2024_11,flood-hazard
3550,,,,,,,,,,,,,,,,,,,,,,,,,,,,,,,,,,,,2024_11,flood-hazard-float
3551,0.0,0.0,0.0,0.0,0.0,0.0,0.0,0.0,0.0,0.0,0.0,0.0,0.0,0.0,0.0,0.0,0.0,0.0,0.0,0.0,0.0,0.0,0.0,0.0,0.0,0.0,0.0,0.0,0.0,0.0,0.0,0.0,0.0,0.0,0.0,2024_11,flooded-vegetation
3552,5,5,5,5,4,5,5,5,5,5,5,5,5,5,5,5,5,5,5,5,5,5,4,5,5,5,5,5,3,5,5,4,2,5,5,2024_11,government-response
3553,163,151,154,205,116,277,158,124,73,119,169,143,106,153,30,4,176,96,87,88,68,282,52,142,109,129,15,82,100,91,69,25,32,70,67,2024_11,health-centres-count
3554,0,0,0,0,0,0,0,0,0,0,0,0,0,0,0,0,0,0,0,0,0,0,0,0,0,0,0,0,0,0,0,0,0,0,0,2024_11,human-live-lost
3555,,,,,,,,,,,,,,,,,,,,,,,,,,,,,,,,,,,,2024_11,human-live-lost-children
3556,,,,,,,,,,,,,,,,,,,,,,,,,,,,,,,,,,,,2024_11,human-live-lost-female
3557,,,,,,,,,,,,,,,,,,,,,,,,,,,,,,,,,,,,2024_11,human-live-lost-male
3558,0.0,0.0,0.0,0.0,26081900.0,0.0,0.0,0.0,0.0,0.0,0.0,0.0,0.0,0.0,0.0,0.0,0.0,0.0,0.0,0.0,0.0,0.0,12500000.0,0.0,0.0,0.0,0.0,0.0,0.0,0.0,0.0,0.0,0.0,0.0,0.0,2024_11,immediate-measures-tenders-awarded-value
3559,0.0,0.0,0.0,0.0,0.0,0.0,0.0,0.0,0.0,0.0,0.0,0.0,0.0,0.0,0.0,0.0,0.0,0.0,0.0,0.0,0.0,0.0,0.0,0.0,0.0,0.0,0.0,0.0,0.0,0.0,0.0,0.0,0.0,0.0,0.0,2024_11,inundation-intensity-mean
3560,0.0,0.0,0.0,0.0,0.0,0.0,0.0,0.0,0.0,0.0,0.0,0.0,0.0,0.0,0.0,0.0,0.0,0.0,0.0,0.0,0.0,0.0,0.0,0.0,0.0,0.0,0.0,0.0,0.0,0.0,0.0,0.0,0.0,0.0,0.0,2024_11,inundation-intensity-mean-nonzero
3561,0.0,0.0,0.0,0.0,0.0,0.0,0.0,0.0,0.0,0.0,0.0,0.0,0.0,0.0,0.0,0.0,0.0,0.0,0.0,0.0,0.0,0.0,0.0,0.0,0.0,0.0,0.0,0.0,0.0,0.0,0.0,0.0,0.0,0.0,0.0,2024_11,inundation-intensity-sum
3562,0.0,0.0,0.0,0.0,0.0,0.0,0.0,0.0,0.0,0.0,0.0,0.0,0.0,0.0,0.0,0.0,0.0,0.0,0.0,0.0,0.0,0.0,0.0,0.0,0.0,0.0,0.0,0.0,0.0,0.0,0.0,0.0,0.0,0.0,0.0,2024_11,inundation-pct
3563,0.0,0.0,0.0,0.0,0.0,0.0,0.0,0.0,0.0,0.0,0.0,0.0,0.0,0.0,0.0,0.0,0.0,0.0,0.0,0.0,0.0,0.0,0.0,0.0,0.0,0.0,0.0,0.0,0.0,0.0,0.0,0.0,0.0,0.0,0.0,2024_11,ltif-tenders-awarded-value
3564,,,,,,,,,,,,,,,,,,,,,,,,,,,,,,,,,,,,2024_11,male-camp
3565,0.06,0.06,0.01,0.05,0.02,0.02,0.02,0.03,0.03,0.02,0.0,0.0,0.01,0.01,0.03,0.04,0.05,0.09,0.07,0.01,0.01,0.03,0.01,0.05,0.05,0.02,0.02,0.0,0.0,0.04,0.05,0.04,0.0,0.05,0.02,2024_11,max-rain
3566,79.02868494142712,101.80280753365652,92.94383900653578,105.59323892727154,101.52151689605476,82.80184981421402,96.12358569934148,83.9078683433952,82.58482453454118,85.28440626816572,92.33941954273553,80.5484411209615,79.26767921681454,87.0143854317649,73.9235270160713,74.45407242468538,76.22171823123378,78.77654329987095,76.5297175055914,92.844134833946,78.73454361714819,88.47737641290556,90.33791694141864,81.3350244170581,77.2968865972734,93.73693822422564,78.06937273928872,76.99096084367254,87.73877652848734,76.69919006241047,135.19869279538494,74.5890767941101,111.4923918776678,77.2774448783579,78.49346327750206,2024_11,mean-cn
3567,-0.1850835517203444,-0.1956678468128085,-0.0752289160580391,-0.1259758431129314,-0.1525422918570213,-0.2334060994513962,-0.2958093379321799,-0.1454879068376235,-0.1528966620435803,-0.2370712643210324,-0.2596744701582269,-0.1377507066314716,-0.0452071219857272,-0.0185237128240636,-0.1538110041309242,-0.1769310836542678,-0.1449437193717487,-0.1770583584700904,-0.1456127027439684,-0.0626237020527392,-0.1348368288284448,-0.1490368487693198,-0.0608214502201025,-0.1494417894853278,-0.1389498704984372,-0.1107711037677772,-0.0851231711544214,-0.2632697761086836,-0.0958510980054095,-0.0674460567516172,-0.315793915109311,-0.2054044169764365,-0.1535157206055453,-0.096328354598843,-0.1380725875553354,2024_11,mean-ndbi
3568,0.5948139321370294,0.348896367458991,0.4443305559075822,0.4060782106516059,0.3931257249132537,0.5225512831831975,0.3489793821476288,0.5277800419109677,0.5476224430007779,0.59180938265601,0.4618180009758691,0.4644053150982432,0.4627769425735512,0.4058412483095104,0.6139901362790255,0.5922850425667504,0.6137813238556584,0.5207142996056586,0.5455609121536247,0.441657221470901,0.5982681700048228,0.535696030303154,0.3739631313957174,0.5060000290828183,0.5738038000103506,0.3716188262889552,0.3784167883298902,0.6414649445428332,0.5171434705886266,0.4512366167861031,0.1825243453219916,0.5504271476499496,0.1833250095828774,0.5252079689570389,0.5127752558954477,2024_11,mean-ndvi
3569,0.02,0.03,0.01,0.01,0.01,0.01,0.0,0.01,0.01,0.0,0.0,0.0,0.0,0.01,0.01,0.03,0.03,0.04,0.04,0.01,0.01,0.01,0.0,0.03,0.02,0.0,0.0,0.0,0.0,0.02,0.03,0.01,0.0,0.04,0.01,2024_11,mean-rain
3570,0.94,0.94,0.94,0.94,0.95,0.94,0.93,0.94,0.93,0.93,0.94,0.93,0.94,0.94,0.92,0.91,0.94,0.94,0.93,0.95,0.95,0.93,0.91,0.93,0.95,0.93,0.94,0.93,0.93,0.94,0.94,0.93,0.94,0.94,0.95,2024_11,mean-sex-ratio
3571,78683.46309,83470.903,78088.12,79714.84605,75490.3523,87424.20199999999,71470.137,90513.46103,104651.240916,68512.0013,81437.447,43095.76595,54183.314,128914.321604,35388.58,27888.17,66721.37,42827.17595,35287.21,42395.395,27850.66,74001.84561,6039.38,44021.984,58167.37587,76196.45569999999,93034.31635285716,23849.9,71288.401,78621.26999999999,17419.61,48488.349,16642.66,23559.76,71015.57777333334,2024_11,net-sown-area-in-hac
3572,2499497.45,0.0,0.0,3964580.2,0.0,0.0,0.0,18401790.48,0.0,0.0,0.0,0.0,0.0,0.0,0.0,0.0,0.0,8205004.92,0.0,0.0,0.0,0.0,0.0,0.0,9907499.28,0.0,21451047.69,0.0,0.0,0.0,0.0,0.0,1995000.0,0.0,0.0,2024_11,others-tenders-awarded-value
3573,0.0,0.0,0.0,0.0,0.0,0.0,0.0,0.0,0.0,0.0,0.0,0.0,0.0,0.0,0.0,0.0,0.0,0.0,0.0,0.0,0.0,0.0,0.0,0.0,0.0,0.0,0.0,0.0,0.0,0.0,0.0,0.0,0.0,0.0,0.0,2024_11,population-affected-total
3574,62.0,342.0,34.0,5.0,10.0,45.0,35.0,38.0,77.0,43.0,49.0,27.0,41.0,43.0,32.0,146.0,46.0,45.0,28.0,81.0,8.0,45.0,80.0,11.0,0.0,0.0,24.0,24.0,19.0,30.0,0.0,0.0,0.0,9.0,6.0,2024_11,rail-count
3575,145613.0,139561.0,78425.0,17621.0,30884.0,174517.0,138494.0,108334.0,121454.0,119685.0,123774.0,73292.0,86126.0,117155.0,73424.0,172636.0,103488.0,117739.0,90281.0,82273.0,24548.0,109026.0,89510.0,30164.0,0.0,0.0,66114.0,80492.0,74271.0,75327.0,0.0,0.0,0.0,28139.0,18201.0,2024_11,rail-length
3576,0.0,0.0,0.0,0.0,0.0,0.0,0.0,0.0,0.0,0.0,0.0,0.0,0.0,0.0,0.0,0.0,0.0,0.0,0.0,0.0,0.0,0.0,0.0,0.0,0.0,0.0,0.0,0.0,0.0,0.0,0.0,0.0,0.0,0.0,0.0,2024_11,rangeland
3577,3131,1557,1979,1848,1512,2564,3445,2998,2483,3810,3379,1567,1865,3523,7337,4884,3783,1839,1329,1088,1926,3283,834,1036,1526,1611,1987,1073,1783,1456,684,3073,970,470,877,2024_11,rc-area
3578,22.9,25.01,25.42,15.04,15.81,23.51,13.19,16.32,20.87,24.89,12.8,8.96,12.07,15.06,23.47,23.25,15.87,14.25,19.26,12.86,25.35,9.48,11.61,21.25,15.46,13.0,15.96,19.71,28.46,27.66,28.09,28.84,17.28,9.75,12.15,2024_11,rc-nosanitation-hhds-pct
3579,2.85,1.19,3.55,2.25,3.35,4.98,6.04,2.83,2.26,3.42,4.19,6.81,14.25,7.18,1.95,6.36,8.53,5.57,4.01,2.04,1.03,3.32,11.46,9.66,2.8,5.1,3.07,3.8,4.2,5.27,3.57,0.24,4.95,6.03,5.78,2024_11,rc-piped-hhds-pct
3580,,,,,,,,,,,,,,,,,,,,,,,,,,,,,,,,,,,,2024_11,relief-camp-inmates
3581,0.0,0.0,0.0,0.0,0.0,0.0,0.0,0.0,0.0,0.0,0.0,0.0,0.0,0.0,0.0,0.0,0.0,0.0,0.0,0.0,0.0,0.0,0.0,0.0,0.0,0.0,0.0,0.0,0.0,0.0,0.0,0.0,0.0,0.0,0.0,2024_11,restoration-measures-tenders-awarded-value
3582,,,,,,,,,,,,,,,,,,,,,,,,,,,,,,,,,,,,2024_11,revenue-ci
3583,0.0,0.0,0.0,0.0,0.0,0.0,0.0,0.0,0.0,0.0,0.0,0.0,0.0,0.0,0.0,0.0,0.0,0.0,0.0,0.0,0.0,0.0,0.0,0.0,0.0,0.0,0.0,0.0,0.0,0.0,0.0,0.0,0.0,0.0,0.0,2024_11,ridf-tenders-awarded-value
3584,4,5,2,4,3,3,2,3,2,3,2,2,2,2,2,2,5,5,5,3,2,2,2,4,4,3,3,2,2,5,5,3,1,5,4,2024_11,risk-score
3585,0.0,0.0,0.0,0.0,0.0,0.0,0.0,0.0,0.0,0.0,0.0,0.0,0.0,0.0,0.0,0.0,0.0,0.0,0.0,0.0,0.0,0.0,0.0,0.0,0.0,0.0,0.0,0.0,0.0,0.0,0.0,0.0,0.0,0.0,0.0,2024_11,riverlevel-max
3586,0.0,0.0,0.0,0.0,0.0,0.0,0.0,0.0,0.0,0.0,0.0,0.0,0.0,0.0,0.0,0.0,0.0,0.0,0.0,0.0,0.0,0.0,0.0,0.0,0.0,0.0,0.0,0.0,0.0,0.0,0.0,0.0,0.0,0.0,0.0,2024_11,riverlevel-mean
3587,0.0,0.0,0.0,0.0,0.0,0.0,0.0,0.0,0.0,0.0,0.0,0.0,0.0,0.0,0.0,0.0,0.0,0.0,0.0,0.0,0.0,0.0,0.0,0.0,0.0,0.0,0.0,0.0,0.0,0.0,0.0,0.0,0.0,0.0,0.0,2024_11,riverlevel-min
3588,858892.0,705770.0,1011509.0,725891.0,634621.0,1331470.0,745620.0,804067.0,578686.0,1211943.0,1453600.0,700651.0,736030.0,1389863.0,752361.0,843185.0,988230.0,615579.0,483931.0,654117.0,547046.0,1589070.0,746938.0,450865.0,429399.0,767150.0,650574.0,485197.0,574075.0,560100.0,78936.0,457481.0,54196.0,461489.0,294016.0,2024_11,road-length
3589,0.0,0.0,0.0,0.0,0.0,0.0,0.0,0.0,0.0,0.0,0.0,0.0,0.0,0.0,0.0,0.0,0.0,0.0,0.0,0.0,0.0,0.0,0.0,0.0,0.0,0.0,0.0,0.0,0.0,0.0,0.0,0.0,0.0,0.0,0.0,2024_11,roads
3590,2788,3147,2578,2904,1994,3284,2025,3519,2301,1950,2431,1838,2072,2507,1757,1063,3322,3188,3016,1463,1336,3463,1151,1817,1497,1858,1795,1007,1291,1320,1381,925,805,813,995,2024_11,schools-count
3591,0.0,0.0,0.0,0.0,0.0,0.0,0.0,0.0,0.0,0.0,0.0,0.0,0.0,0.0,0.0,0.0,0.0,0.0,0.0,0.0,0.0,0.0,0.0,0.0,0.0,0.0,0.0,0.0,0.0,0.0,0.0,0.0,0.0,0.0,0.0,2024_11,sdrf-sanctions-awarded-value
3592,0.0,0.0,0.0,0.0,0.0,0.0,0.0,0.0,0.0,0.0,0.0,0.0,0.0,0.0,0.0,0.0,0.0,0.0,0.0,0.0,0.0,0.0,0.0,0.0,0.0,0.0,0.0,0.0,0.0,0.0,0.0,0.0,0.0,0.0,0.0,2024_11,sdrf-tenders-awarded-value
3593,84.0,81.0,84.0,78.0,81.0,86.0,82.0,84.0,84.0,83.0,79.0,85.0,85.0,84.0,89.0,90.0,88.0,86.0,87.0,84.0,85.0,83.0,85.0,83.0,85.0,82.0,85.0,84.0,83.0,88.0,75.0,89.0,78.0,85.0,85.0,2024_11,slope-mean
3594,2499497.45,0.0,0.0,0.0,0.0,0.0,0.0,0.0,0.0,0.0,0.0,0.0,0.0,0.0,0.0,0.0,0.0,0.0,0.0,0.0,0.0,0.0,0.0,0.0,7478986.28,0.0,6379327.16,0.0,0.0,0.0,0.0,0.0,0.0,0.0,0.0,2024_11,sopd-tenders-awarded-value
3595,61556.0,46195.0,49838.0,73043.0,45709.0,105362.0,73583.0,62453.0,34899.0,83722.0,69471.0,46226.0,52993.0,75505.0,38155.0,11647.0,115757.0,90785.0,30837.0,37252.0,33945.0,78600.0,55973.0,44945.0,27799.0,58969.0,41519.0,17727.0,33691.0,50315.0,25989.0,25769.0,7799.0,13027.0,22621.0,2024_11,sum-aged-population
3596,1292936.0,1422023.0,1093141.0,1633598.0,1164373.0,2408804.0,1479834.0,1181482.0,714264.0,1426956.0,1506738.0,783516.0,1003016.0,1318187.0,714774.0,293750.0,2154488.0,1430620.0,786401.0,821803.0,618750.0,1657188.0,1378544.0,975597.0,730731.0,1185014.0,874683.0,498958.0,667939.0,1144635.0,556684.0,372244.0,164882.0,324337.0,504653.0,2024_11,sum-population
3597,47.45,35.45,14.24,17.82,11.26,22.81,9.83,16.53,14.58,5.59,7.61,4.44,7.12,18.18,62.02,131.63,106.49,70.46,57.07,9.9,9.34,20.77,0.81,18.2,11.73,6.61,3.69,2.57,2.7,31.64,15.08,38.53,1.43,12.19,3.12,2024_11,sum-rain
3598,121963.0,111231.0,111628.0,140245.0,91493.0,193397.0,121841.0,108134.0,64489.0,141390.0,98785.0,57929.0,57163.0,107474.0,85336.0,26144.0,189117.0,168805.0,62955.0,69727.0,62967.0,108986.0,64843.0,50006.0,37799.0,114409.0,68516.0,22523.0,55300.0,92940.0,59995.0,55881.0,8847.0,24116.0,31386.0,2024_11,sum-young-population
3599,,,,,,,,,,,,,,,,,,,,,,,,,,,,,,,,,,,,2024_11,topsis-score
3600,0.0,0.0,0.0,0.0,0.0,0.0,0.0,0.0,0.0,0.0,0.0,0.0,0.0,0.0,0.0,0.0,0.0,0.0,0.0,0.0,0.0,0.0,0.0,0.0,0.0,0.0,0.0,0.0,0.0,0.0,0.0,0.0,0.0,0.0,0.0,2024_11,total-animal-affected
3601,0.0,0.0,0.0,0.0,0.0,0.0,0.0,0.0,0.0,0.0,0.0,0.0,0.0,0.0,0.0,0.0,0.0,0.0,0.0,0.0,0.0,0.0,0.0,0.0,0.0,0.0,0.0,0.0,0.0,0.0,0.0,0.0,0.0,0.0,0.0,2024_11,total-animal-washed-away
3602,214904.0,377710.0,240459.0,393378.0,267778.0,527427.0,318730.0,266928.0,195025.0,318555.0,311523.0,172096.0,272707.0,275841.0,103131.0,30119.0,416101.0,256161.0,165784.0,185414.0,105445.0,408132.0,327221.0,233278.0,132203.0,231859.0,185739.0,108235.0,150938.0,214866.0,202538.0,52339.0,39239.0,77895.0,112690.0,2024_11,total-hhd
3603,0.0,0.0,0.0,0.0,0.0,0.0,0.0,0.0,0.0,0.0,0.0,0.0,0.0,0.0,0.0,0.0,0.0,0.0,0.0,0.0,0.0,0.0,0.0,0.0,0.0,0.0,0.0,0.0,0.0,0.0,0.0,0.0,0.0,0.0,0.0,2024_11,total-house-fully-damaged
3604,2499497.45,0.0,0.0,3964580.2,26081900.0,0.0,0.0,18401790.48,0.0,0.0,0.0,0.0,13107406.0,0.0,0.0,0.0,0.0,8205004.92,0.0,0.0,0.0,0.0,12500000.0,0.0,9907499.28,0.0,24103743.36,0.0,0.0,0.0,0.0,0.0,1995000.0,0.0,0.0,2024_11,total-tender-awarded-value
3605,0.0,0.0,0.0,0.0,0.0,0.0,0.0,0.0,0.0,0.0,0.0,0.0,0.0,0.0,0.0,0.0,0.0,0.0,0.0,0.0,0.0,0.0,0.0,0.0,0.0,0.0,0.0,0.0,0.0,0.0,0.0,0.0,0.0,0.0,0.0,2024_11,trees
3606,3,2,3,3,5,3,4,4,3,4,4,3,2,3,1,1,3,1,1,3,3,2,1,1,3,3,4,3,4,5,2,4,1,1,3,2024_11,vulnerability
3607,0.0,0.0,0.0,0.0,0.0,0.0,0.0,0.0,0.0,0.0,0.0,0.0,0.0,0.0,0.0,0.0,0.0,0.0,0.0,0.0,0.0,0.0,0.0,0.0,0.0,0.0,0.0,0.0,0.0,0.0,0.0,0.0,0.0,0.0,0.0,2024_11,water
3608,9.0,7.5,8.9,8.0,7.2,9.8,9.8,8.3,7.0,8.6,10.2,10.4,10.3,8.8,7.2,8.1,9.8,9.8,9.5,9.1,8.2,10.1,12.1,10.5,9.0,9.2,8.3,8.6,8.9,8.0,6.7,5.8,9.4,7.0,11.6,2024_12,avg-electricity
3609,2.2,2.6,2.0,2.0,2.4,2.0,2.2,2.4,2.0,2.0,2.0,2.2,2.2,2.3,2.0,2.5,2.2,2.4,2.0,2.2,2.2,2.4,2.5,2.1,2.3,2.0,2.2,2.0,2.3,2.3,2.0,2.0,2.5,2.3,2.2,2024_12,avg-tele
3610,0.0,0.0,0.0,0.0,0.0,0.0,0.0,0.0,0.0,0.0,0.0,0.0,0.0,0.0,0.0,0.0,0.0,0.0,0.0,0.0,0.0,0.0,0.0,0.0,0.0,0.0,0.0,0.0,0.0,0.0,0.0,0.0,0.0,0.0,0.0,2024_12,bare-ground
3611,0.0,0.0,0.0,0.0,0.0,0.0,0.0,0.0,0.0,0.0,0.0,0.0,0.0,0.0,0.0,0.0,0.0,0.0,0.0,0.0,0.0,0.0,0.0,0.0,0.0,0.0,0.0,0.0,0.0,0.0,0.0,0.0,0.0,0.0,0.0,2024_12,bridge
3612,0.0,0.0,0.0,0.0,0.0,0.0,0.0,0.0,0.0,0.0,0.0,0.0,0.0,0.0,0.0,0.0,0.0,0.0,0.0,0.0,0.0,0.0,0.0,0.0,0.0,0.0,0.0,0.0,0.0,0.0,0.0,0.0,0.0,0.0,0.0,2024_12,built-area
3613,,,,,,,,,,,,,,,,,,,,,,,,,,,,,,,,,,,,2024_12,children-camp
3614,0.0,0.0,0.0,0.0,0.0,0.0,0.0,0.0,0.0,0.0,0.0,0.0,0.0,0.0,0.0,0.0,0.0,0.0,0.0,0.0,0.0,0.0,0.0,0.0,0.0,0.0,0.0,0.0,0.0,0.0,0.0,0.0,0.0,0.0,0.0,2024_12,cidf-tenders-awarded-value
3615,0.0,0.0,0.0,0.0,0.0,0.0,0.0,0.0,0.0,0.0,0.0,0.0,0.0,0.0,0.0,0.0,0.0,0.0,0.0,0.0,0.0,0.0,0.0,0.0,0.0,0.0,0.0,0.0,0.0,0.0,0.0,0.0,0.0,0.0,0.0,2024_12,clouds
3616,,,,,,,,,,,,,,,,,,,,,,,,,,,,,,,,,,,,2024_12,count
3617,0.0,0.0,0.0,0.0,0.0,0.0,0.0,0.0,0.0,0.0,0.0,0.0,0.0,0.0,0.0,0.0,0.0,0.0,0.0,0.0,0.0,0.0,0.0,0.0,0.0,0.0,0.0,0.0,0.0,0.0,0.0,0.0,0.0,0.0,0.0,2024_12,crop-area
3618,0.0,0.0,0.0,0.0,0.0,0.0,0.0,0.0,0.0,0.0,0.0,0.0,0.0,0.0,0.0,0.0,0.0,0.0,0.0,0.0,0.0,0.0,0.0,0.0,0.0,0.0,0.0,0.0,0.0,0.0,0.0,0.0,0.0,0.0,0.0,2024_12,crops
3619,4296.624151156235,2231.5993331549903,3585.3069321814023,1247.6117514050093,2700.336576957554,3477.530108369159,1557.3606551140049,2711.0464141089856,2238.6415334905228,4159.102888381455,9491.630139883577,3889.6067327857527,7133.757644739055,3445.5268629610114,8511.666927309076,4923.29748622475,3222.517655928944,4060.318063254274,4335.474967336042,1883.330083753236,975.2407923854796,4254.719948057848,3333.953706616405,1829.807307358248,1576.5499878215094,1098.83444541599,1489.9264043306482,4700.953196095703,4363.59388114963,5163.44360094801,880.805632910103,4989.53282327419,1292.455559234692,1123.7037030160088,1578.254039674223,2024_12,distance-from-river
3620,KOKRAJHAR,DHUBRI,GOALPARA,BARPETA,MORIGAON,NAGAON,SONITPUR,LAKHIMPUR,DHEMAJI,TINSUKIA,DIBRUGARH,SIVASAGAR,JORHAT,GOLAGHAT,KARBI ANGLONG,DIMA HASAO,CACHAR,KARIMGANJ,HAILAKANDI,BONGAIGAON,CHIRANG,KAMRUP,KAMRUP METRO,NALBARI,BAKSA,DARRANG,UDALGURI,CHARAIDEO,BISWANATH,HOJAI,SOUTH SALMARA MANCACHAR,WEST KARBI ANGLONG,MAJULI,BAJALI,TAMULPUR,2024_12,district
3621,0.0005623749999999,0.0006515714285714,0.0005706,0.0006465,0.0005976,0.0005747142857142,0.000571,0.0006111428571428,0.0005535,0.00057375,0.0006251428571428,0.0006055,0.0006035999999999,0.0005855,0.00041,0.00031275,0.0004408,0.0005329999999999,0.0005025,0.0005798,0.000528,0.0005858461538461,0.00044875,0.000670625,0.0005907142857142,0.0006724,0.0006286666666666,0.000603,0.0006126666666666,0.00058,0.000585,0.000439,0.0006255,0.0006813333333333,0.0006636,2024_12,drainage-density
3622,,,,,,,,,,,,,,,,,,,,,,,,,,,,,,,,,,,,2024_12,dtcode11
3623,,,,,,,,,,,,,,,,,,,,,,,,,,,,,,,,,,,,2024_12,dtname
3624,0.892259375,0.9272422857142856,0.8636582,0.8739833333333333,0.8005294,0.8777715714285714,0.83249825,0.8290474285714285,0.8667876666666667,0.818027,0.8369224285714285,0.88258125,0.9324726,0.8764460000000001,0.9548416666666668,1.0,0.8665115999999999,0.9620144,0.9488055,0.8860518,0.8910933999999999,0.9528222307692308,1.0,0.96180125,0.8554734285714286,0.8642139999999999,0.8254092222222221,0.881589,0.8245483333333334,0.778826,0.914767,0.80598,0.954477,0.9771223333333332,0.8799783999999999,2024_12,efficiency
3625,63.0,33.0,49.0,40.0,63.0,72.0,86.0,96.0,141.0,142.0,113.0,99.0,105.0,97.0,347.0,607.0,155.0,36.0,47.0,54.0,84.0,82.0,114.0,49.0,70.0,59.0,91.0,112.0,86.0,125.0,26.0,483.0,85.0,47.0,71.0,2024_12,elevation-mean
3626,0.0,0.0,0.0,0.0,0.0,0.0,0.0,0.0,0.0,0.0,0.0,0.0,0.0,0.0,0.0,0.0,0.0,0.0,0.0,0.0,0.0,0.0,0.0,0.0,0.0,0.0,0.0,0.0,0.0,0.0,0.0,0.0,0.0,0.0,0.0,2024_12,embankment-breached
3627,0.0,0.0,0.0,0.0,0.0,0.0,0.0,0.0,0.0,0.0,0.0,0.0,0.0,0.0,0.0,0.0,0.0,0.0,0.0,0.0,0.0,0.0,0.0,0.0,0.0,0.0,0.0,0.0,0.0,0.0,0.0,0.0,0.0,0.0,0.0,2024_12,embankments-affected
3628,1,2,2,3,2,4,5,1,1,5,2,2,2,2,2,1,5,3,2,1,1,1,4,1,1,3,1,1,2,5,5,3,1,1,1,2024_12,exposure
3629,,,,,,,,,,,,,,,,,,,,,,,,,,,,,,,,,,,,2024_12,female-camp
3630,2024-2025,2024-2025,2024-2025,2024-2025,2024-2025,2024-2025,2024-2025,2024-2025,2024-2025,2024-2025,2024-2025,2024-2025,2024-2025,2024-2025,2024-2025,2024-2025,2024-2025,2024-2025,2024-2025,2024-2025,2024-2025,2024-2025,2024-2025,2024-2025,2024-2025,2024-2025,2024-2025,2024-2025,2024-2025,2024-2025,2024-2025,2024-2025,2024-2025,2024-2025,2024-2025,2024_12,financial-year
3631,1,2,1,2,1,1,1,4,5,3,4,3,2,1,1,1,1,2,1,1,1,2,1,3,1,4,4,3,3,1,1,1,2,3,3,2024_12,flood-hazard
3632,,,,,,,,,,,,,,,,,,,,,,,,,,,,,,,,,,,,2024_12,flood-hazard-float
3633,0.0,0.0,0.0,0.0,0.0,0.0,0.0,0.0,0.0,0.0,0.0,0.0,0.0,0.0,0.0,0.0,0.0,0.0,0.0,0.0,0.0,0.0,0.0,0.0,0.0,0.0,0.0,0.0,0.0,0.0,0.0,0.0,0.0,0.0,0.0,2024_12,flooded-vegetation
3634,5,5,5,5,4,5,5,5,5,5,5,5,5,5,5,5,5,5,5,5,5,5,4,5,5,5,5,5,4,5,5,4,2,5,5,2024_12,government-response
3635,163,151,154,205,116,277,158,124,73,119,169,143,106,153,30,4,176,96,87,88,68,282,52,142,109,129,15,82,100,91,69,25,32,70,67,2024_12,health-centres-count
3636,0,0,0,0,0,0,0,0,0,0,0,0,0,0,0,0,0,0,0,0,0,0,0,0,0,0,0,0,0,0,0,0,0,0,0,2024_12,human-live-lost
3637,,,,,,,,,,,,,,,,,,,,,,,,,,,,,,,,,,,,2024_12,human-live-lost-children
3638,,,,,,,,,,,,,,,,,,,,,,,,,,,,,,,,,,,,2024_12,human-live-lost-female
3639,,,,,,,,,,,,,,,,,,,,,,,,,,,,,,,,,,,,2024_12,human-live-lost-male
3640,0.0,0.0,0.0,0.0,29373140.0,0.0,0.0,0.0,0.0,0.0,33554800.0,0.0,0.0,0.0,0.0,0.0,0.0,0.0,0.0,0.0,0.0,0.0,0.0,0.0,0.0,0.0,0.0,0.0,0.0,0.0,0.0,0.0,0.0,0.0,0.0,2024_12,immediate-measures-tenders-awarded-value
3641,0.0,0.0,0.0,0.0,0.0,0.0,0.0,0.0,0.0,0.0,0.0,0.0,0.0,0.0,0.0,0.0,0.0,0.0,0.0,0.0,0.0,0.0,0.0,0.0,0.0,0.0,0.0,0.0,0.0,0.0,0.0,0.0,0.0,0.0,0.0,2024_12,inundation-intensity-mean
3642,0.0,0.0,0.0,0.0,0.0,0.0,0.0,0.0,0.0,0.0,0.0,0.0,0.0,0.0,0.0,0.0,0.0,0.0,0.0,0.0,0.0,0.0,0.0,0.0,0.0,0.0,0.0,0.0,0.0,0.0,0.0,0.0,0.0,0.0,0.0,2024_12,inundation-intensity-mean-nonzero
3643,0.0,0.0,0.0,0.0,0.0,0.0,0.0,0.0,0.0,0.0,0.0,0.0,0.0,0.0,0.0,0.0,0.0,0.0,0.0,0.0,0.0,0.0,0.0,0.0,0.0,0.0,0.0,0.0,0.0,0.0,0.0,0.0,0.0,0.0,0.0,2024_12,inundation-intensity-sum
3644,0.0,0.0,0.0,0.0,0.0,0.0,0.0,0.0,0.0,0.0,0.0,0.0,0.0,0.0,0.0,0.0,0.0,0.0,0.0,0.0,0.0,0.0,0.0,0.0,0.0,0.0,0.0,0.0,0.0,0.0,0.0,0.0,0.0,0.0,0.0,2024_12,inundation-pct
3645,0.0,0.0,0.0,0.0,0.0,0.0,0.0,0.0,0.0,0.0,0.0,0.0,0.0,0.0,0.0,0.0,0.0,0.0,0.0,0.0,0.0,0.0,0.0,0.0,0.0,0.0,0.0,0.0,0.0,0.0,0.0,0.0,0.0,0.0,0.0,2024_12,ltif-tenders-awarded-value
3646,,,,,,,,,,,,,,,,,,,,,,,,,,,,,,,,,,,,2024_12,male-camp
3647,0.0,0.0,0.0,0.0,0.0,0.0,0.0,0.01,0.01,0.01,0.01,0.0,0.0,0.0,0.0,0.0,0.0,0.01,0.0,0.0,0.0,0.0,0.0,0.0,0.0,0.01,0.01,0.0,0.01,0.0,0.0,0.0,0.0,0.0,0.0,2024_12,max-rain
3648,79.02868494142712,101.80280753365652,92.94383900653578,105.59323892727154,101.52151689605476,82.80184981421402,96.12358569934148,83.9078683433952,82.58482453454118,85.28440626816572,92.33941954273553,80.5484411209615,79.26767921681454,87.0143854317649,73.9235270160713,74.45407242468538,76.22171823123378,78.77654329987095,76.5297175055914,92.844134833946,78.73454361714819,88.47737641290556,90.33791694141864,81.3350244170581,77.2968865972734,93.73693822422564,78.06937273928872,76.99096084367254,87.73877652848734,76.69919006241047,135.19869279538494,74.5890767941101,111.4923918776678,77.2774448783579,78.49346327750206,2024_12,mean-cn
3649,-0.1850835517203444,-0.1956678468128085,-0.0752289160580391,-0.1259758431129314,-0.1525422918570213,-0.2334060994513962,-0.2958093379321799,-0.1454879068376235,-0.1528966620435803,-0.2370712643210324,-0.2596744701582269,-0.1377507066314716,-0.0452071219857272,-0.0185237128240636,-0.1538110041309242,-0.1769310836542678,-0.1449437193717487,-0.1770583584700904,-0.1456127027439684,-0.0626237020527392,-0.1348368288284448,-0.1490368487693198,-0.0608214502201025,-0.1494417894853278,-0.1389498704984372,-0.1107711037677772,-0.0851231711544214,-0.2632697761086836,-0.0958510980054095,-0.0674460567516172,-0.315793915109311,-0.2054044169764365,-0.1535157206055453,-0.096328354598843,-0.1380725875553354,2024_12,mean-ndbi
3650,0.5948139321370294,0.348896367458991,0.4443305559075822,0.4060782106516059,0.3931257249132537,0.5225512831831975,0.3489793821476288,0.5277800419109678,0.5476224430007779,0.59180938265601,0.4618180009758691,0.4644053150982432,0.4627769425735512,0.4058412483095104,0.6139901362790255,0.5922850425667504,0.6137813238556584,0.5207142996056586,0.5455609121536247,0.441657221470901,0.5982681700048228,0.535696030303154,0.3739631313957174,0.5060000290828183,0.5738038000103506,0.3716188262889552,0.3784167883298902,0.6414649445428332,0.5171434705886266,0.4512366167861031,0.1825243453219916,0.5504271476499496,0.1833250095828774,0.5252079689570389,0.5127752558954477,2024_12,mean-ndvi
3651,0.0,0.0,0.0,0.0,0.0,0.0,0.0,0.0,0.0,0.0,0.0,0.0,0.0,0.0,0.0,0.0,0.0,0.0,0.0,0.0,0.0,0.0,0.0,0.0,0.0,0.0,0.0,0.0,0.0,0.0,0.0,0.0,0.0,0.0,0.0,2024_12,mean-rain
3652,0.94,0.94,0.94,0.94,0.95,0.94,0.93,0.94,0.93,0.93,0.94,0.93,0.94,0.94,0.92,0.91,0.94,0.94,0.93,0.95,0.95,0.93,0.91,0.93,0.95,0.93,0.94,0.93,0.93,0.94,0.94,0.93,0.94,0.94,0.95,2024_12,mean-sex-ratio
3653,78683.46309,83470.90299999999,78088.12,79714.84605,75490.3523,87424.202,71470.137,90513.46103,104651.240916,68512.0013,81437.447,43095.76595,54183.314,128914.321604,35388.58,27888.17,66721.37,42827.17595,35287.21,42395.395,27850.66,74001.84561,6039.38,44021.984,58167.37587,76196.45569999999,93034.31635285716,23849.9,71288.401,78621.26999999999,17419.61,48488.349,16642.66,23559.76,71015.57777333334,2024_12,net-sown-area-in-hac
3654,0.0,0.0,0.0,0.0,0.0,0.0,0.0,0.0,0.0,0.0,0.0,0.0,0.0,14890050.0,0.0,0.0,0.0,0.0,0.0,0.0,0.0,0.0,0.0,0.0,0.0,0.0,0.0,0.0,0.0,0.0,0.0,0.0,0.0,0.0,0.0,2024_12,others-tenders-awarded-value
3655,0.0,0.0,0.0,0.0,0.0,0.0,0.0,0.0,0.0,0.0,0.0,0.0,0.0,0.0,0.0,0.0,0.0,0.0,0.0,0.0,0.0,0.0,0.0,0.0,0.0,0.0,0.0,0.0,0.0,0.0,0.0,0.0,0.0,0.0,0.0,2024_12,population-affected-total
3656,62.0,342.0,34.0,5.0,10.0,45.0,35.0,38.0,77.0,43.0,49.0,27.0,41.0,43.0,32.0,146.0,46.0,45.0,28.0,81.0,8.0,45.0,80.0,11.0,0.0,0.0,24.0,24.0,19.0,30.0,0.0,0.0,0.0,9.0,6.0,2024_12,rail-count
3657,145613.0,139561.0,78425.0,17621.0,30884.0,174517.0,138494.0,108334.0,121454.0,119685.0,123774.0,73292.0,86126.0,117155.0,73424.0,172636.0,103488.0,117739.0,90281.0,82273.0,24548.0,109026.0,89510.0,30164.0,0.0,0.0,66114.0,80492.0,74271.0,75327.0,0.0,0.0,0.0,28139.0,18201.0,2024_12,rail-length
3658,0.0,0.0,0.0,0.0,0.0,0.0,0.0,0.0,0.0,0.0,0.0,0.0,0.0,0.0,0.0,0.0,0.0,0.0,0.0,0.0,0.0,0.0,0.0,0.0,0.0,0.0,0.0,0.0,0.0,0.0,0.0,0.0,0.0,0.0,0.0,2024_12,rangeland
3659,3131,1557,1979,1848,1512,2564,3445,2998,2483,3810,3379,1567,1865,3523,7337,4884,3783,1839,1329,1088,1926,3283,834,1036,1526,1611,1987,1073,1783,1456,684,3073,970,470,877,2024_12,rc-area
3660,22.9,25.01,25.42,15.04,15.81,23.51,13.19,16.32,20.87,24.89,12.8,8.96,12.07,15.06,23.47,23.25,15.87,14.25,19.26,12.86,25.35,9.48,11.61,21.25,15.46,13.0,15.96,19.71,28.46,27.66,28.09,28.84,17.28,9.75,12.15,2024_12,rc-nosanitation-hhds-pct
3661,2.85,1.19,3.55,2.25,3.35,4.98,6.04,2.83,2.26,3.42,4.19,6.81,14.25,7.18,1.95,6.36,8.53,5.57,4.01,2.04,1.03,3.32,11.46,9.66,2.8,5.1,3.07,3.8,4.2,5.27,3.57,0.24,4.95,6.03,5.78,2024_12,rc-piped-hhds-pct
3662,,,,,,,,,,,,,,,,,,,,,,,,,,,,,,,,,,,,2024_12,relief-camp-inmates
3663,0.0,0.0,0.0,0.0,0.0,0.0,0.0,0.0,0.0,0.0,0.0,0.0,0.0,0.0,0.0,0.0,0.0,0.0,0.0,0.0,0.0,0.0,0.0,0.0,0.0,0.0,0.0,0.0,0.0,0.0,0.0,0.0,0.0,0.0,0.0,2024_12,restoration-measures-tenders-awarded-value
3664,,,,,,,,,,,,,,,,,,,,,,,,,,,,,,,,,,,,2024_12,revenue-ci
3665,0.0,0.0,0.0,0.0,0.0,0.0,0.0,0.0,0.0,0.0,0.0,0.0,0.0,14890050.0,0.0,0.0,0.0,0.0,0.0,0.0,0.0,0.0,0.0,0.0,0.0,0.0,0.0,0.0,0.0,0.0,0.0,0.0,0.0,0.0,0.0,2024_12,ridf-tenders-awarded-value
3666,1,2,1,2,1,1,1,5,5,4,4,3,1,1,1,1,1,2,1,1,1,2,1,2,1,5,4,3,3,2,1,1,1,2,3,2024_12,risk-score
3667,0.0,0.0,0.0,0.0,0.0,0.0,0.0,0.0,0.0,0.0,0.0,0.0,0.0,0.0,0.0,0.0,0.0,0.0,0.0,0.0,0.0,0.0,0.0,0.0,0.0,0.0,0.0,0.0,0.0,0.0,0.0,0.0,0.0,0.0,0.0,2024_12,riverlevel-max
3668,0.0,0.0,0.0,0.0,0.0,0.0,0.0,0.0,0.0,0.0,0.0,0.0,0.0,0.0,0.0,0.0,0.0,0.0,0.0,0.0,0.0,0.0,0.0,0.0,0.0,0.0,0.0,0.0,0.0,0.0,0.0,0.0,0.0,0.0,0.0,2024_12,riverlevel-mean
3669,0.0,0.0,0.0,0.0,0.0,0.0,0.0,0.0,0.0,0.0,0.0,0.0,0.0,0.0,0.0,0.0,0.0,0.0,0.0,0.0,0.0,0.0,0.0,0.0,0.0,0.0,0.0,0.0,0.0,0.0,0.0,0.0,0.0,0.0,0.0,2024_12,riverlevel-min
3670,858892.0,705770.0,1011509.0,725891.0,634621.0,1331470.0,745620.0,804067.0,578686.0,1211943.0,1453600.0,700651.0,736030.0,1389863.0,752361.0,843185.0,988230.0,615579.0,483931.0,654117.0,547046.0,1589070.0,746938.0,450865.0,429399.0,767150.0,650574.0,485197.0,574075.0,560100.0,78936.0,457481.0,54196.0,461489.0,294016.0,2024_12,road-length
3671,0.0,0.0,0.0,0.0,0.0,0.0,0.0,0.0,0.0,0.0,0.0,0.0,0.0,0.0,0.0,0.0,0.0,0.0,0.0,0.0,0.0,0.0,0.0,0.0,0.0,0.0,0.0,0.0,0.0,0.0,0.0,0.0,0.0,0.0,0.0,2024_12,roads
3672,2788,3147,2578,2904,1994,3284,2025,3519,2301,1950,2431,1838,2072,2507,1757,1063,3322,3188,3016,1463,1336,3463,1151,1817,1497,1858,1795,1007,1291,1320,1381,925,805,813,995,2024_12,schools-count
3673,0.0,0.0,0.0,0.0,0.0,0.0,0.0,0.0,0.0,0.0,0.0,0.0,0.0,0.0,0.0,0.0,0.0,0.0,0.0,0.0,0.0,0.0,0.0,0.0,0.0,0.0,0.0,0.0,0.0,0.0,0.0,0.0,0.0,0.0,0.0,2024_12,sdrf-sanctions-awarded-value
3674,0.0,0.0,0.0,0.0,0.0,0.0,0.0,0.0,0.0,0.0,0.0,0.0,0.0,0.0,0.0,0.0,0.0,0.0,0.0,0.0,0.0,0.0,0.0,0.0,0.0,0.0,0.0,0.0,0.0,0.0,0.0,0.0,0.0,0.0,0.0,2024_12,sdrf-tenders-awarded-value
3675,84.0,81.0,84.0,78.0,81.0,86.0,82.0,84.0,84.0,83.0,79.0,85.0,85.0,84.0,89.0,90.0,88.0,86.0,87.0,84.0,85.0,83.0,85.0,83.0,85.0,82.0,85.0,84.0,83.0,88.0,75.0,89.0,78.0,85.0,85.0,2024_12,slope-mean
3676,0.0,0.0,58346058.6,0.0,0.0,0.0,0.0,0.0,0.0,0.0,0.0,0.0,0.0,0.0,0.0,0.0,0.0,0.0,0.0,0.0,0.0,0.0,0.0,0.0,0.0,0.0,0.0,0.0,0.0,0.0,0.0,0.0,0.0,0.0,0.0,2024_12,sopd-tenders-awarded-value
3677,61556.0,46195.0,49838.0,73043.0,45709.0,105362.0,73583.0,62453.0,34899.0,83722.0,69471.0,46226.0,52993.0,75505.0,38155.0,11647.0,115757.0,90785.0,30837.0,37252.0,33945.0,78600.0,55973.0,44945.0,27799.0,58969.0,41519.0,17727.0,33691.0,50315.0,25989.0,25769.0,7799.0,13027.0,22621.0,2024_12,sum-aged-population
3678,1292936.0,1422023.0,1093141.0,1633598.0,1164373.0,2408804.0,1479834.0,1181482.0,714264.0,1426956.0,1506738.0,783516.0,1003016.0,1318187.0,714774.0,293750.0,2154488.0,1430620.0,786401.0,821803.0,618750.0,1657188.0,1378544.0,975597.0,730731.0,1185014.0,874683.0,498958.0,667939.0,1144635.0,556684.0,372244.0,164882.0,324337.0,504653.0,2024_12,sum-population
3679,0.01,0.0,0.0,0.0,0.05,0.0,0.23,7.17,9.54,4.64,6.43,1.16,0.03,0.08,0.0,0.0,0.0,1.55,1.2,0.0,0.29,0.51,0.16,0.0,0.05,2.26,6.85,0.85,1.16,0.0,0.0,0.0,0.58,0.0,1.33,2024_12,sum-rain
3680,121963.0,111231.0,111628.0,140245.0,91493.0,193397.0,121841.0,108134.0,64489.0,141390.0,98785.0,57929.0,57163.0,107474.0,85336.0,26144.0,189117.0,168805.0,62955.0,69727.0,62967.0,108986.0,64843.0,50006.0,37799.0,114409.0,68516.0,22523.0,55300.0,92940.0,59995.0,55881.0,8847.0,24116.0,31386.0,2024_12,sum-young-population
3681,,,,,,,,,,,,,,,,,,,,,,,,,,,,,,,,,,,,2024_12,topsis-score
3682,0.0,0.0,0.0,0.0,0.0,0.0,0.0,0.0,0.0,0.0,0.0,0.0,0.0,0.0,0.0,0.0,0.0,0.0,0.0,0.0,0.0,0.0,0.0,0.0,0.0,0.0,0.0,0.0,0.0,0.0,0.0,0.0,0.0,0.0,0.0,2024_12,total-animal-affected
3683,0.0,0.0,0.0,0.0,0.0,0.0,0.0,0.0,0.0,0.0,0.0,0.0,0.0,0.0,0.0,0.0,0.0,0.0,0.0,0.0,0.0,0.0,0.0,0.0,0.0,0.0,0.0,0.0,0.0,0.0,0.0,0.0,0.0,0.0,0.0,2024_12,total-animal-washed-away
3684,214904.0,377710.0,240459.0,393378.0,267778.0,527427.0,318730.0,266928.0,195025.0,318555.0,311523.0,172096.0,272707.0,275841.0,103131.0,30119.0,416101.0,256161.0,165784.0,185414.0,105445.0,408132.0,327221.0,233278.0,132203.0,231859.0,185739.0,108235.0,150938.0,214866.0,202538.0,52339.0,39239.0,77895.0,112690.0,2024_12,total-hhd
3685,0.0,0.0,0.0,0.0,0.0,0.0,0.0,0.0,0.0,0.0,0.0,0.0,0.0,0.0,0.0,0.0,0.0,0.0,0.0,0.0,0.0,0.0,0.0,0.0,0.0,0.0,0.0,0.0,0.0,0.0,0.0,0.0,0.0,0.0,0.0,2024_12,total-house-fully-damaged
3686,0.0,0.0,58346058.6,0.0,29373140.0,0.0,0.0,0.0,0.0,0.0,33554800.0,0.0,0.0,14890050.0,0.0,0.0,0.0,0.0,0.0,0.0,0.0,0.0,53740985.5,0.0,0.0,0.0,0.0,0.0,0.0,0.0,0.0,0.0,0.0,0.0,0.0,2024_12,total-tender-awarded-value
3687,0.0,0.0,0.0,0.0,0.0,0.0,0.0,0.0,0.0,0.0,0.0,0.0,0.0,0.0,0.0,0.0,0.0,0.0,0.0,0.0,0.0,0.0,0.0,0.0,0.0,0.0,0.0,0.0,0.0,0.0,0.0,0.0,0.0,0.0,0.0,2024_12,trees
3688,3,2,3,3,5,3,4,4,3,4,4,3,2,3,1,1,3,1,1,3,3,2,1,1,3,3,4,3,4,5,2,4,1,1,3,2024_12,vulnerability
3689,0.0,0.0,0.0,0.0,0.0,0.0,0.0,0.0,0.0,0.0,0.0,0.0,0.0,0.0,0.0,0.0,0.0,0.0,0.0,0.0,0.0,0.0,0.0,0.0,0.0,0.0,0.0,0.0,0.0,0.0,0.0,0.0,0.0,0.0,0.0,2024_12,water
