{"type":"FeatureCollection", "features": [
{"type":"Feature","geometry":{"type":"Polygon","coordinates":[[[3692891.8971999995,4829904.5373000065],[3692086.5071,4830485.707899998],[3691374.305200006,4831276.919000002],[3690611.2399000023,4831415.435499996],[3688400.4915999956,4830931.8911],[3688270.798399999,4830728.6744000055],[3688313.2342,4830058.394399999],[3687898.983600002,4830254.680200003],[3687162.966300004,4829909.9964],[3686736.760000001,4829838.890800001],[3686531.214199998,4829527.775800002],[3685955.709799997,4829459.136699997],[3685693.8202000055,4830098.4219],[3685171.3752000025,4830285.295900002],[3684958.370100001,4830056.667199999],[3684395.744700001,4830133.713400001],[3683861.533000004,4829198.5145000005],[3683478.4188,4829163.788199997],[3683335.7191999983,4829598.387400001],[3682595.276999999,4829311.118600003],[3682525.2814999963,4828664.3806000035],[3682142.026199996,4828233.629200004],[3682280.3511999976,4827578.614400001],[3682269.758199995,4826980.943900004],[3681946.102700006,4826256.957600003],[3682031.963999998,4826037.672200002],[3682146.301200006,4825204.445099996],[3681898.1219999995,4824925.1739000045],[3682198.897100005,4824068.839799996],[3682218.989000001,4822753.040100003],[3682414.8532999987,4822299.670899997],[3682392.0803000024,4821781.347100005],[3683287.6795999985,4820169.314500001],[3683870.5869999975,4820136.735800004],[3684274.8907999983,4819669.6725],[3684815.651900001,4818773.7819],[3685270.8432999975,4819060.212900004],[3685788.682500001,4818818.663400004],[3685906.7470000032,4819397.2184000015],[3686772.2510000058,4819547.8325],[3687552.9091999973,4819529.387400001],[3687771.8733000048,4819168.825999999],[3688136.0095999995,4819384.011900004],[3688311.6895000003,4818861.043600004],[3689107.0852999976,4818988.230499998],[3688809.4274999993,4819361.586100005],[3688950.3107000017,4819797.038099999],[3689604.708400001,4820367.434600003],[3689474.4456000044,4821064.848400002],[3689109.7343000015,4822062.862200001],[3689078.3281000014,4822806.253800005],[3689329.169200003,4823284.138199996],[3689814.515400001,4823384.649799999],[3689922.9936999963,4824004.111800002],[3689829.666199995,4824712.782900003],[3690146.607100006,4825367.972600004],[3690471.5209000045,4825642.312399996],[3690454.846799999,4826054.1008],[3692301.660300003,4827702.738099997],[3692914.6658999957,4828697.846700004],[3693016.230799999,4829812.020900002],[3692891.8971999995,4829904.5373000065]]]},"properties":{"District":"BILASPUR","STATE":"HIMACHAL PRADESH","TEHSIL":"BHARARI","Shape_Leng":50253.2287631,"Shape_Area":90003059.4992}},
{"type":"Feature","geometry":{"type":"Polygon","coordinates":[[[3706044.9011999946,4804192.115500003],[3705754.805399998,4804773.121599996],[3706168.432999998,4805435.018000001],[3705920.9376000045,4806365.988399997],[3705008.7470000032,4807229.5190999955],[3705362.587199997,4807530.883399997],[3705422.1084000063,4807923.235400001],[3706131.5193999987,4807546.7080999985],[3706594.667099997,4807730.541699998],[3706834.2913000006,4808696.824899999],[3706814.415900004,4809711.641100002],[3706238.800399995,4811069.983799999],[3705063.2174000014,4810817.547099998],[3704068.9994999995,4810855.069400005],[3703191.2446999988,4811404.617699999],[3702397.4755999986,4812081.368399998],[3701893.3077999996,4812084.149799995],[3700965.1937000006,4811634.527600002],[3700573.5206999974,4812037.968999997],[3700007.465599996,4812290.953499999],[3699347.2018999946,4812038.324800001],[3698838.548399997,4811505.916099999],[3699248.1071000025,4810324.266399996],[3699140.569799998,4809979.067699999],[3698125.1424999973,4810244.524300001],[3697612.236800003,4810478.842599997],[3696658.4999999967,4810519.286999999],[3696057.4709000005,4810641.631299997],[3695496.577299999,4810463.689200001],[3695160.1281000003,4809208.080200003],[3694512.292200003,4809179.134099999],[3694346.9293000055,4808942.7842000015],[3694735.9618000025,4808557.673299999],[3694574.333599996,4808116.170600001],[3693869.3532000054,4808262.934799995],[3693095.0699999984,4808260.0084000025],[3692361.047000002,4807722.142600004],[3692107.5336999996,4806609.506299997],[3691825.924500007,4805949.336599998],[3692047.9070999986,4805379.451300002],[3692495.267399996,4804991.854599997],[3693232.817100008,4804862.918000005],[3694003.3289000033,4804204.7382999975],[3694465.573299995,4803519.724200001],[3694468.7743999995,4802515.268999998],[3694235.8543999996,4802332.045799997],[3693674.313299997,4802386.6745],[3694006.9900999945,4801142.189700004],[3694258.039099995,4800763.610199995],[3694278.825900004,4800317.9822],[3693731.9870000007,4799749.502099995],[3693329.416599994,4798786.303399996],[3692087.4517,4797558.641599999],[3691735.2704999954,4797555.859200003],[3691491.9473000057,4797864.288400001],[3691029.357399998,4797528.220799997],[3691695.664900002,4796964.529199995],[3692241.2563999994,4795586.734599997],[3692919.6068000016,4795689.813599998],[3692919.5129000023,4795223.674299998],[3693495.4703,4794961.299299998],[3694236.5353000024,4794302.102499997],[3694483.167700002,4793328.432999996],[3695161.0457999995,4792926.050300002],[3695412.5757000046,4791773.375000004],[3695267.9864,4791488.1021000035],[3695469.127299999,4790844.317899999],[3695975.1759999953,4790382.717699999],[3696452.246699997,4790401.392599998],[3696162.5940000014,4789805.129200001],[3696746.0689000003,4789573.647500003],[3697277.0161999967,4790259.780200003],[3697980.314099993,4790740.322000002],[3698599.329400004,4790249.411400003],[3698360.2926999987,4791543.955900001],[3697845.150499998,4791588.562800005],[3697488.3291999972,4791967.2113],[3697598.8055000054,4792310.000800001],[3697493.902400002,4792872.563999997],[3697107.7717000013,4793574.199299995],[3697472.8565000035,4793684.264100004],[3697769.899599996,4794114.900700001],[3698351.920000001,4794075.3434999995],[3698564.8076999984,4793829.327599997],[3699119.748000001,4793840.847599999],[3700042.9122999962,4794102.776500005],[3700186.3475999995,4794657.533899996],[3699671.4723000033,4794750.304999998],[3699587.1270999955,4795641.304000005],[3699359.2901999988,4796971.910899999],[3699503.410200002,4798138.445199996],[3699763.715499999,4798408.833000004],[3699588.7729999977,4798748.284],[3699914.389700002,4799243.0538],[3699828.6170999967,4799695.612100005],[3700037.102300004,4800298.3024],[3700524.974100004,4800311.395999998],[3700417.4539000057,4800968.387399999],[3700693.680499999,4801196.785200002],[3699980.188300002,4801734.816599999],[3700091.5922999997,4801958.1647],[3700652.996400001,4802104.4631],[3700492.1953999987,4802610.274400004],[3700534.5009999983,4803399.8792],[3700223.981399999,4803941.986899998],[3700669.1964000016,4804238.947499998],[3700892.948800001,4805022.292800004],[3701477.398500002,4804861.086800003],[3701617.6438000007,4803943.438900001],[3701826.697099997,4803573.602299998],[3702856.8599999994,4803645.865800004],[3703278.3967999965,4803770.196],[3704373.266500002,4803200.781800006],[3704527.402599997,4802600.865699998],[3704879.125799996,4802124.844699997],[3705405.6925000036,4802188.789100003],[3705961.8562999973,4802017.457799998],[3706365.006300002,4802118.167599999],[3706703.4492999986,4802527.328399997],[3706489.369499998,4803059.465900002],[3705836.798999999,4803761.423399998],[3706044.9011999946,4804192.115500003]]]},"properties":{"District":"BILASPUR","STATE":"HIMACHAL PRADESH","TEHSIL":"BILASPUR","Shape_Leng":93446.6858184,"Shape_Area":170352534.169}},
{"type":"Feature","geometry":{"type":"Polygon","coordinates":[[[3697948.5902000004,4820771.464400001],[3697648.2226000014,4821317.128899996],[3697111.3608,4821662.7607999975],[3696909.6800000006,4822308.364199998],[3696204.854299998,4822748.1768000005],[3695610.9054000042,4822634.680799997],[3694740.2812000024,4822783.102000003],[3693878.201200002,4822435.005799999],[3693227.726199998,4822508.802199999],[3692864.4120999994,4822689.040499997],[3693167.208200001,4823144.270099999],[3693629.122800002,4823136.115800003],[3693525.1926999995,4823800.724900001],[3692769.5985000026,4825008.652900001],[3692930.9558999967,4825441.6348],[3692713.4493999975,4825903.358400002],[3692646.467600002,4826610.694999998],[3692947.2745999983,4827157.585500002],[3693391.980700005,4827536.198199997],[3692619.464100006,4827956.006799996],[3692914.6658999957,4828697.846700004],[3692301.660300003,4827702.738099997],[3690454.846799999,4826054.1008],[3690471.5209000045,4825642.312399996],[3690146.607100006,4825367.972600004],[3689829.666199995,4824712.782900003],[3689922.9936999963,4824004.111800002],[3689814.515400001,4823384.649799999],[3689329.169200003,4823284.138199996],[3689078.3281000014,4822806.253800005],[3689109.7343000015,4822062.862200001],[3689474.4456000044,4821064.848400002],[3689604.708400001,4820367.434600003],[3688950.3107000017,4819797.038099999],[3688809.4274999993,4819361.586100005],[3689107.0852999976,4818988.230499998],[3688311.6895000003,4818861.043600004],[3688136.0095999995,4819384.011900004],[3687771.8733000048,4819168.825999999],[3687552.9091999973,4819529.387400001],[3686772.2510000058,4819547.8325],[3685906.7470000032,4819397.2184000015],[3685788.682500001,4818818.663400004],[3685270.8432999975,4819060.212900004],[3684815.651900001,4818773.7819],[3684274.8907999983,4819669.6725],[3683870.5869999975,4820136.735800004],[3683287.6795999985,4820169.314500001],[3682392.0803000024,4821781.347100005],[3682414.8532999987,4822299.670899997],[3682218.989000001,4822753.040100003],[3681664.4467,4821928.267400004],[3681558.5211000033,4821119.060800003],[3681573.658200004,4820302.569899997],[3681190.4827000005,4819300.428800005],[3681188.0979999993,4818498.652600005],[3681697.6366000054,4817209.634499999],[3681990.1813999973,4816276.869500002],[3682621.8812999986,4815526.8451999985],[3682790.8050000034,4814649.744100003],[3682461.055800002,4814191.511200002],[3681850.5571000013,4814104.1603],[3681491.0380000044,4813465.705499999],[3681942.3011000007,4812520.430899996],[3682788.7749999976,4813308.437699997],[3683032.925,4813254.336199999],[3683583.2635999983,4813538.400499996],[3684014.5471,4813484.235000001],[3684405.892099995,4813687.677200004],[3684718.9113000007,4813563.966399999],[3685337.866300001,4813730.214699995],[3686278.1461000033,4813687.073199998],[3686979.313100007,4814110.288700001],[3687307.186800002,4813300.812200002],[3687766.325300003,4812911.604799997],[3687333.8798999996,4812399.758900006],[3688239.8595999973,4811854.174800005],[3688817.9711000035,4810961.028400004],[3689498.0015999936,4810480.0799999945],[3689711.55,4810481.657300003],[3690193.952800001,4809953.837200001],[3690361.309800003,4809507.972100003],[3691281.265699999,4808579.585600004],[3691410.188500005,4808217.986899998],[3691145.144100001,4807986.195700005],[3691077.569799999,4807549.127499999],[3690600.001599999,4807483.506299998],[3691016.4003000073,4806943.039500004],[3690677.9010000015,4806024.328199998],[3690936.177900004,4805842.853099998],[3691262.5490999976,4806120.353100002],[3691825.924500007,4805949.336599998],[3692107.5336999996,4806609.506299997],[3692361.047000002,4807722.142600004],[3693095.0699999984,4808260.0084000025],[3693869.3532000054,4808262.934799995],[3694574.333599996,4808116.170600001],[3694735.9618000025,4808557.673299999],[3694346.9293000055,4808942.7842000015],[3694512.292200003,4809179.134099999],[3695160.1281000003,4809208.080200003],[3695496.577299999,4810463.689200001],[3696057.4709000005,4810641.631299997],[3696658.4999999967,4810519.286999999],[3697612.236800003,4810478.842599997],[3698125.1424999973,4810244.524300001],[3699140.569799998,4809979.067699999],[3699248.1071000025,4810324.266399996],[3698838.548399997,4811505.916099999],[3699347.2018999946,4812038.324800001],[3699295.4384999983,4812658.044599997],[3699462.6388,4813022.749500001],[3699132.752299998,4813610.410900002],[3699460.034900003,4814151.355999999],[3698911.161799996,4814286.657900001],[3698786.6884999983,4814973.871599996],[3699358.589900003,4815440.171999999],[3699391.0035000043,4815749.828500003],[3698933.287999999,4816252.689800005],[3698764.2217999976,4817664.860200001],[3698503.4768999983,4818412.690400001],[3697846.3805000074,4818349.368099999],[3697576.4520000024,4818548.578800002],[3698176.9202000014,4819489.163399998],[3698137.525500002,4820523.345499997],[3697948.5902000004,4820771.464400001]]]},"properties":{"District":"BILASPUR","STATE":"HIMACHAL PRADESH","TEHSIL":"GHUMARWIN","Shape_Leng":105834.665205,"Shape_Area":190654237.996}},
{"type":"Feature","geometry":{"type":"Polygon","coordinates":[[[3673945.1073000026,4817319.272500003],[3673111.7837999985,4817343.1074],[3673102.5418000016,4817578.066599995],[3672544.934100001,4818067.891899997],[3672257.9015000034,4817068.058200002],[3671987.7652999945,4817017.709600002],[3670941.329800004,4817887.169599998],[3670520.001900004,4818069.858599998],[3670174.6183,4817979.736399999],[3669822.2333,4818212.284999999],[3669264.259800005,4818041.931300003],[3668752.393599999,4818437.544300003],[3667661.2599000083,4819685.761199997],[3667564.4244000018,4819909.774500003],[3666865.685999995,4819822.0307],[3666443.6503,4819524.416400004],[3666856.6876000026,4818978.716],[3667374.407399996,4818070.621700004],[3667349.4273999967,4817749.859199999],[3668208.3181000007,4816795.965299999],[3668302.9848000077,4816371.3028],[3667812.708400002,4815979.950599995],[3667809.4051999995,4815248.443799999],[3668351.122100004,4814801.623599999],[3668154.810200001,4814547.692900002],[3668645.6030000024,4813529.644100004],[3668359.7041,4813191.313699999],[3668333.3115999987,4812700.621900004],[3668478.8999000005,4812204.534000006],[3668908.455100002,4811704.643699999],[3669458.7171000037,4811328.981799997],[3669929.6473999987,4811354.5294],[3670764.318099994,4809779.728300003],[3671745.766300003,4809032.668400001],[3672663.9042999987,4807736.746200003],[3672972.465099998,4807697.325700004],[3673416.9152999967,4807292.676600001],[3673510.194600003,4806648.859700004],[3674236.3466999996,4806601.382500002],[3674465.2347000055,4806228.3982000025],[3674670.613200003,4805395.4355000025],[3675212.0632999963,4804873.350399999],[3676196.580199998,4804689.1662],[3676617.568299999,4803353.1773999985],[3677300.2533000046,4802633.678899996],[3677473.920599995,4802073.530699998],[3677624.6845000004,4800725.592199999],[3677957.2098000017,4800348.0086],[3678723.9509000024,4800679.174600003],[3679179.5701000025,4800680.203499996],[3679832.163599994,4799677.6367],[3679968.4717999967,4799279.635299996],[3679331.0650000004,4798575.791100001],[3679582.436899998,4797952.447700004],[3680926.7898999993,4798261.0106000025],[3681444.3807000034,4798095.073499998],[3681618.196199998,4797766.371399996],[3681226.9179000035,4797234.1642999975],[3681150.139600004,4796625.340300001],[3681322.138999998,4795828.554500001],[3681836.6734000035,4795295.450199995],[3682482.3272999944,4795674.653599998],[3682850.3816000004,4795669.137200005],[3683104.0788000026,4795291.4224],[3683691.485200002,4795046.0809],[3684412.787299997,4794173.791700002],[3684804.042999999,4793954.003899997],[3685651.1499999966,4793814.410100002],[3686823.350299998,4793960.993100001],[3687472.292499996,4794163.848000001],[3688708.3917000033,4795631.226500003],[3688828.6794999964,4796463.801899999],[3689192.361100005,4796915.736700002],[3688488.2468999997,4798125.094700003],[3688526.606200006,4798796.276000002],[3689054.278700001,4799138.027900001],[3689764.0243000053,4799256.2615],[3690683.9572,4799023.167199998],[3690987.078699999,4798820.942700002],[3691491.9473000057,4797864.288400001],[3691735.2704999954,4797555.859200003],[3692087.4517,4797558.641599999],[3693329.416599994,4798786.303399996],[3693731.9870000007,4799749.502099995],[3694278.825900004,4800317.9822],[3694258.039099995,4800763.610199995],[3694006.9900999945,4801142.189700004],[3693674.313299997,4802386.6745],[3694235.8543999996,4802332.045799997],[3694468.7743999995,4802515.268999998],[3694465.573299995,4803519.724200001],[3694003.3289000033,4804204.7382999975],[3693232.817100008,4804862.918000005],[3692495.267399996,4804991.854599997],[3692047.9070999986,4805379.451300002],[3691825.924500007,4805949.336599998],[3691262.5490999976,4806120.353100002],[3690936.177900004,4805842.853099998],[3690677.9010000015,4806024.328199998],[3691016.4003000073,4806943.039500004],[3690600.001599999,4807483.506299998],[3691077.569799999,4807549.127499999],[3691145.144100001,4807986.195700005],[3691410.188500005,4808217.986899998],[3691281.265699999,4808579.585600004],[3690361.309800003,4809507.972100003],[3690193.952800001,4809953.837200001],[3689711.55,4810481.657300003],[3689498.0015999936,4810480.0799999945],[3688817.9711000035,4810961.028400004],[3688239.8595999973,4811854.174800005],[3687333.8798999996,4812399.758900006],[3687766.325300003,4812911.604799997],[3687307.186800002,4813300.812200002],[3686979.313100007,4814110.288700001],[3686278.1461000033,4813687.073199998],[3685337.866300001,4813730.214699995],[3684718.9113000007,4813563.966399999],[3684405.892099995,4813687.677200004],[3684014.5471,4813484.235000001],[3683583.2635999983,4813538.400499996],[3683032.925,4813254.336199999],[3682788.7749999976,4813308.437699997],[3681942.3011000007,4812520.430899996],[3681651.039000001,4811945.062399996],[3681249.271600003,4811898.790000002],[3681020.274200004,4812465.828599999],[3680134.988600001,4812375.307300006],[3679972.619800004,4812622.705300001],[3679448.539399993,4812768.082800004],[3678741.731200006,4812474.8259],[3678432.2580999993,4812588.718700002],[3677813.145499993,4813698.328499995],[3677134.786600002,4813607.362000003],[3676816.0927,4813418.811700001],[3676353.839900004,4813936.808200004],[3676290.5894000046,4814657.848900005],[3675286.047799993,4815337.2337000035],[3675131.5969000054,4815672.2618],[3674344.6482000016,4816018.444899999],[3673945.1073000026,4817319.272500003]]]},"properties":{"District":"BILASPUR","STATE":"HIMACHAL PRADESH","TEHSIL":"JHANDUTA","Shape_Leng":112831.475031,"Shape_Area":320537617.031}},
{"type":"Feature","geometry":{"type":"Polygon","coordinates":[[[3705961.8562999973,4802017.457799998],[3705405.6925000036,4802188.789100003],[3704879.125799996,4802124.844699997],[3704527.402599997,4802600.865699998],[3704373.266500002,4803200.781800006],[3703278.3967999965,4803770.196],[3702856.8599999994,4803645.865800004],[3701826.697099997,4803573.602299998],[3701617.6438000007,4803943.438900001],[3701477.398500002,4804861.086800003],[3700892.948800001,4805022.292800004],[3700669.1964000016,4804238.947499998],[3700223.981399999,4803941.986899998],[3700534.5009999983,4803399.8792],[3700492.1953999987,4802610.274400004],[3700652.996400001,4802104.4631],[3700091.5922999997,4801958.1647],[3699980.188300002,4801734.816599999],[3700693.680499999,4801196.785200002],[3700417.4539000057,4800968.387399999],[3700524.974100004,4800311.395999998],[3700037.102300004,4800298.3024],[3699828.6170999967,4799695.612100005],[3699914.389700002,4799243.0538],[3699588.7729999977,4798748.284],[3699763.715499999,4798408.833000004],[3699503.410200002,4798138.445199996],[3699359.2901999988,4796971.910899999],[3699587.1270999955,4795641.304000005],[3699671.4723000033,4794750.304999998],[3700186.3475999995,4794657.533899996],[3700042.9122999962,4794102.776500005],[3699119.748000001,4793840.847599999],[3698564.8076999984,4793829.327599997],[3698351.920000001,4794075.3434999995],[3697769.899599996,4794114.900700001],[3697472.8565000035,4793684.264100004],[3697107.7717000013,4793574.199299995],[3697493.902400002,4792872.563999997],[3697598.8055000054,4792310.000800001],[3697488.3291999972,4791967.2113],[3697845.150499998,4791588.562800005],[3698360.2926999987,4791543.955900001],[3698599.329400004,4790249.411400003],[3699035.8209000044,4790721.820900001],[3700162.1110999994,4790751.132100001],[3700324.3597000027,4790928.3366],[3700861.771700002,4790324.2761999965],[3701123.997299996,4790381.050200003],[3701399.1000000057,4790467.830300003],[3701719.8266000017,4790991.166099997],[3702439.9043999957,4791137.233800001],[3702653.0729999975,4790730.157500002],[3703208.075900006,4790781.310500001],[3703367.192800001,4790356.823100005],[3703862.5176000027,4789843.719800001],[3705550.5821999987,4789801.7723],[3706003.1099000005,4789903.546500003],[3705958.0372999962,4790292.583999999],[3705616.9707999965,4790756.151000002],[3705797.232500006,4791154.449599998],[3705107.293200001,4791853.787900001],[3704889.3813000033,4792685.174599998],[3705341.8774999976,4793383.279999998],[3705294.9258999974,4793855.707000002],[3705566.914800007,4794527.153200002],[3706114.1678000027,4794576.408999998],[3706507.763200002,4794405.448599998],[3706868.2754000016,4794825.020400002],[3707542.9033999974,4794758.6055000005],[3707765.7472,4795000.355],[3707676.7304000054,4795532.915199999],[3707394.160899998,4795784.714099998],[3708183.6129999952,4796531.443700004],[3708664.941399996,4796669.960799996],[3708994.9214999983,4796519.100500001],[3709710.726000006,4797047.186399998],[3709828.7963000014,4797495.192400005],[3710221.3138000015,4797880.194600006],[3710360.5311999978,4798263.066500002],[3710854.4130999995,4798981.366699999],[3710049.3977999957,4799059.243399998],[3709949.412600006,4799824.509199996],[3709472.7814999977,4800281.175599997],[3708577.930899998,4800122.098900003],[3708076.7511,4800187.9429],[3707673.5203,4800427.070699997],[3707415.3378,4800883.390200002],[3706174.0784999994,4801656.409299999],[3705961.8562999973,4802017.457799998]]]},"properties":{"District":"BILASPUR","STATE":"HIMACHAL PRADESH","TEHSIL":"NAMHOL","Shape_Leng":61752.6169941,"Shape_Area":103497870.22}},
{"type":"Feature","geometry":{"type":"Polygon","coordinates":[[[3668333.3115999987,4812700.621900004],[3667797.281000003,4812965.2130999975],[3667321.2936000004,4812886.126700003],[3666795.1802999997,4812422.2576],[3666117.4129,4812361.452899997],[3664990.196999994,4812082.8194999965],[3664341.716199998,4811619.955699998],[3663885.3860000037,4811465.9175999975],[3663191.9205000037,4811900.2927],[3661743.879400002,4813427.700000001],[3661256.8342000004,4813652.9241999965],[3660926.852300006,4813326.845000001],[3660859.3622000027,4812858.052700005],[3661159.2858000053,4812192.316300001],[3661023.9014000027,4811579.281300001],[3661211.475599997,4811543.522],[3661421.993899999,4810642.969800003],[3661761.233599999,4810297.589200002],[3661751.1713000005,4809827.168600005],[3661269.6799000017,4809990.575300004],[3660748.0889000017,4809487.5023000045],[3661168.330600002,4809032.543899999],[3661397.9021999985,4808521.405499995],[3661749.3246999993,4808278.945700001],[3662093.505000007,4807447.833999995],[3662106.836699998,4807073.965399997],[3662934.376400002,4805620.860799998],[3663161.314700002,4805065.121300001],[3663587.7271999978,4805055.4684000015],[3663829.198199999,4804560.773699997],[3663664.9886000026,4803985.974300001],[3664299.6744999993,4802542.489300001],[3664632.0557999946,4802513.425800001],[3664778.1788000013,4802053.416099999],[3665225.471100001,4801608.985100005],[3665711.0820000027,4801403.399799999],[3666327.6896000025,4800925.473799999],[3667097.9328999985,4799948.947400002],[3667138.5997999962,4799488.732000001],[3666492.932899995,4798999.133000001],[3664948.8737000045,4798285.059399997],[3664871.5247000055,4797319.570900003],[3665167.741700003,4797136.443500004],[3665894.207999995,4797658.657900004],[3666517.6699000048,4797908.837400001],[3667245.110500003,4799036.235200001],[3668188.2454000004,4799789.852399999],[3668652.9865000057,4800470.8233],[3669146.2271,4800109.989699997],[3669456.751699999,4799142.505500004],[3669732.867299996,4798860.439099999],[3669653.101300003,4798377.038800002],[3670019.2112000007,4798285.483700002],[3670245.1860999973,4797873.118099997],[3670062.106600003,4797381.579600003],[3670196.986100002,4796923.714599997],[3670171.277300002,4796293.8802999975],[3671107.8853,4795919.997299998],[3672547.4898000024,4797252.469900003],[3673113.0997999986,4796906.178199997],[3673367.952999998,4796238.2564999955],[3672643.1951000025,4795041.268499997],[3672719.8171999957,4794829.230200004],[3673362.155700001,4794613.511599999],[3674168.0671999957,4795086.370500002],[3674264.5354999993,4795681.819200002],[3674064.485299996,4796156.9034],[3674392.722300004,4796632.274200004],[3674586.5616999976,4797402.854099998],[3675366.6663999977,4796995.141700003],[3675119.4795999937,4796539.595900001],[3675236.7990000006,4796054.221799996],[3674586.9345999993,4794866.496599996],[3674616.2098999973,4794608.079600003],[3675097.1575999986,4794180.553100002],[3675421.475800001,4794427.645900004],[3675780.2907999973,4794124.997100001],[3676235.4375999994,4794255.3806000035],[3676651.1675999956,4795132.847100003],[3677034.0972,4795082.3421],[3677212.502899998,4795599.741700001],[3677632.7312999973,4796064.527400002],[3677964.617200002,4796123.206699997],[3678387.9615,4796665.644999997],[3678781.788200001,4796441.793999997],[3679199.488300003,4795791.8004],[3679145.1739999996,4795526.693],[3679549.674800005,4794993.611299995],[3679996.430699994,4794756.328699999],[3680543.4784000013,4794025.8399],[3680974.7562000044,4793714.780500002],[3680857.3457999984,4793094.011799999],[3680416.6666999953,4792811.331900001],[3679687.445800003,4792621.4456],[3679331.1228000023,4792047.326299997],[3679359.2696000007,4791237.504999999],[3678754.4993000035,4790422.290399995],[3679066.4761999957,4790218.508100003],[3679058.2567000017,4789598.515700003],[3679531.244900001,4789596.574299999],[3680380.487300005,4790090.003800001],[3681005.2877999977,4790157.361399999],[3681839.216500004,4790626.805899997],[3682411.7422000035,4791094.5775],[3682934.6335999994,4790776.087499995],[3683463.875500003,4790751.899000003],[3683232.0084000034,4790133.044000002],[3683782.1366000026,4789751.394400002],[3684041.4092000015,4789181.547099997],[3685216.7655000007,4789278.693400003],[3685553.568499999,4789219.189000002],[3685830.9323000032,4789514.065099996],[3687119.2134000026,4789653.534300003],[3687870.2191000027,4789501.02],[3688342.5094000045,4789835.2129],[3689132.4766000006,4789938.3587000035],[3689506.5823000018,4790466.727900002],[3690302.1759999995,4790570.908500003],[3691148.5418000007,4791116.817400003],[3691300.8388000024,4791427.883499999],[3691850.83,4791870.026799997],[3692320.842299998,4792439.021300003],[3693554.696999996,4791951.148199998],[3694120.614600002,4791209.112199998],[3694874.489799998,4790863.993699998],[3695469.127299999,4790844.317899999],[3695267.9864,4791488.1021000035],[3695412.5757000046,4791773.375000004],[3695161.0457999995,4792926.050300002],[3694483.167700002,4793328.432999996],[3694236.5353000024,4794302.102499997],[3693495.4703,4794961.299299998],[3692919.5129000023,4795223.674299998],[3692919.6068000016,4795689.813599998],[3692241.2563999994,4795586.734599997],[3691695.664900002,4796964.529199995],[3691029.357399998,4797528.220799997],[3691491.9473000057,4797864.288400001],[3690987.078699999,4798820.942700002],[3690683.9572,4799023.167199998],[3689764.0243000053,4799256.2615],[3689054.278700001,4799138.027900001],[3688526.606200006,4798796.276000002],[3688488.2468999997,4798125.094700003],[3689192.361100005,4796915.736700002],[3688828.6794999964,4796463.801899999],[3688708.3917000033,4795631.226500003],[3687472.292499996,4794163.848000001],[3686823.350299998,4793960.993100001],[3685651.1499999966,4793814.410100002],[3684804.042999999,4793954.003899997],[3684412.787299997,4794173.791700002],[3683691.485200002,4795046.0809],[3683104.0788000026,4795291.4224],[3682850.3816000004,4795669.137200005],[3682482.3272999944,4795674.653599998],[3681836.6734000035,4795295.450199995],[3681322.138999998,4795828.554500001],[3681150.139600004,4796625.340300001],[3681226.9179000035,4797234.1642999975],[3681618.196199998,4797766.371399996],[3681444.3807000034,4798095.073499998],[3680926.7898999993,4798261.0106000025],[3679582.436899998,4797952.447700004],[3679331.0650000004,4798575.791100001],[3679968.4717999967,4799279.635299996],[3679832.163599994,4799677.6367],[3679179.5701000025,4800680.203499996],[3678723.9509000024,4800679.174600003],[3677957.2098000017,4800348.0086],[3677624.6845000004,4800725.592199999],[3677473.920599995,4802073.530699998],[3677300.2533000046,4802633.678899996],[3676617.568299999,4803353.1773999985],[3676196.580199998,4804689.1662],[3675212.0632999963,4804873.350399999],[3674670.613200003,4805395.4355000025],[3674465.2347000055,4806228.3982000025],[3674236.3466999996,4806601.382500002],[3673510.194600003,4806648.859700004],[3673416.9152999967,4807292.676600001],[3672972.465099998,4807697.325700004],[3672663.9042999987,4807736.746200003],[3671745.766300003,4809032.668400001],[3670764.318099994,4809779.728300003],[3669929.6473999987,4811354.5294],[3669458.7171000037,4811328.981799997],[3668908.455100002,4811704.643699999],[3668478.8999000005,4812204.534000006],[3668333.3115999987,4812700.621900004]]]},"properties":{"District":"BILASPUR","STATE":"HIMACHAL PRADESH","TEHSIL":"NAINA DEVI","Shape_Leng":148639.558438,"Shape_Area":264795831.173}},
{"type":"Feature","geometry":{"type":"Polygon","coordinates":[[[3640662.931699999,4923276.608800005],[3640023.8981000027,4923904.7017],[3639782.0752999987,4924745.480399998],[3639430.1743,4924887.948900003],[3639030.3037000033,4925547.500399997],[3639257.6931999996,4925994.2298000045],[3638915.134700001,4926359.799800003],[3637938.7951000053,4927059.412600001],[3637554.4516000003,4927193.622299997],[3637457.737300003,4928032.841699999],[3636958.7632000037,4929416.075599996],[3636955.5153999967,4930370.976799996],[3636635.298000004,4930535.077500002],[3635894.285400003,4930144.839799998],[3634392.4927000036,4930849.069000002],[3632879.122000004,4930846.309400002],[3632517.917499995,4931100.077100001],[3631607.287199998,4933476.127900001],[3631535.6075000037,4933918.844799999],[3631152.4164000037,4934063.400899999],[3631163.0961000053,4934406.1203999985],[3630253.8362999996,4935085.335100001],[3629666.1259000003,4934741.836199999],[3629334.192900001,4934978.100400005],[3629024.3263999997,4934831.246900001],[3628778.2016000003,4934489.003600004],[3627563.8560000006,4934641.0272],[3627219.285700002,4934430.870599998],[3627415.0767000043,4933848.592400001],[3626966.322599998,4933510.099699998],[3626887.324799996,4933128.132399997],[3626261.772399999,4932546.699799998],[3625613.566500001,4932199.484300001],[3624867.848500002,4931399.238500003],[3624630.134499994,4931616.605900001],[3623591.238099999,4930909.8255999945],[3623018.325700002,4931517.770000002],[3622528.4588000076,4931407.899999997],[3622367.8467999985,4931741.259300002],[3622494.6888000006,4932135.607200002],[3622086.468400005,4932625.4848000035],[3622241.939600002,4933411.796799998],[3621332.3254999937,4933285.8363999985],[3620699.2682000063,4933367.489999995],[3620731.059499999,4933725.625400002],[3620414.4931000024,4933900.942999997],[3619949.591399997,4933610.858899998],[3619127.1983999996,4933945.059699997],[3618845.936099996,4933747.921100003],[3618553.3876000014,4933073.139299998],[3618568.241100001,4932422.7452],[3618153.4724999946,4932029.401599996],[3617697.712899998,4932166.3824000005],[3617120.441899997,4932006.651799997],[3616738.845399999,4932114.800199999],[3616730.910899996,4931400.896500003],[3616284.2574999975,4930915.415599998],[3616030.857999999,4930931.574500002],[3616024.2849999955,4930127.848299998],[3615539.9859999986,4929560.601299997],[3616103.070000001,4928770.7226],[3616542.7308999933,4928726.225499999],[3618077.5711999987,4927438.631000003],[3617904.0041999975,4927070.330300002],[3618202.4548000004,4926532.695899999],[3618350.6216999944,4925726.244400002],[3618949.639600006,4925393.927],[3619661.7634999948,4924821.216899997],[3619563.474200003,4924123.924500004],[3619294.656999997,4923882.624],[3619696.824400002,4922760.788400006],[3620482.109300004,4921859.086600002],[3620554.0761999995,4921547.936000001],[3621111.1179000014,4921302.157600003],[3621551.031000007,4921074.734099999],[3622329.4672000045,4920895.419799997],[3622725.4997999994,4920654.936300001],[3623602.3079999955,4920775.124299999],[3624268.6536000017,4920724.3115],[3625077.167099999,4919676.399400001],[3625825.322700004,4919392.504299996],[3626024.316900001,4920260.7086999975],[3626457.5079000033,4920418.161699997],[3626830.270000004,4921039.600400001],[3627234.9902000013,4921203.195599997],[3627333.1533999955,4920640.662599996],[3627707.458300003,4920504.419700003],[3628687.6202000016,4919354.972100001],[3629114.7825999963,4919209.541700003],[3630060.7327000024,4919362.685499998],[3630702.035499998,4919060.7589],[3631288.747100004,4919316.009599998],[3631959.1368000023,4919181.482099998],[3632848.2525999993,4919212.439099997],[3633395.2905999976,4919478.134900002],[3633581.7474000007,4919302.923600001],[3633620.4063000046,4918697.136699997],[3635161.343099995,4919394.737599995],[3635837.614299997,4918645.094400001],[3637140.434799995,4918264.863300001],[3637421.382600005,4918435.749799999],[3637886.9077000013,4918362.1509],[3638297.7961,4918776.1087],[3638625.1592000015,4919706.936399996],[3638661.2028000015,4920399.138100001],[3639061.6299000015,4920895.030300001],[3638891.633800001,4921359.014100002],[3639112.4543000036,4921969.606199998],[3639680.9520000024,4922239.113100004],[3640394.473899998,4922836.143300001],[3640662.931699999,4923276.608800005]]]},"properties":{"District":"CHAMBA","STATE":"HIMACHAL PRADESH","TEHSIL":"BHATTIYAT","Shape_Leng":85144.2123522,"Shape_Area":257999513.743}},
{"type":"Feature","geometry":{"type":"Polygon","coordinates":[[[3707869.7674999987,4926348.294500001],[3707559.5600000042,4926689.5638999995],[3707525.159000004,4927458.3523],[3707079.687000002,4928115.516500002],[3707180.981400001,4929415.977300003],[3707394.819399997,4930151.532299995],[3708010.226300002,4930929.1966],[3708583.7403000016,4931250.172399998],[3709061.716500002,4931783.906900002],[3708566.399300002,4932480.460900005],[3708307.8499999996,4932578.128599998],[3708408.462199999,4933169.124800004],[3707986.0111000063,4934062.815699995],[3706991.3450000016,4933682.522200003],[3706532.474100005,4933286.893700001],[3705697.726099995,4933098.4532999955],[3704401.074699996,4933839.559599999],[3704406.837200001,4934529.209699999],[3703577.3425000007,4934562.370200004],[3702051.143799994,4933955.1796999965],[3701636.9771999987,4933996.551800005],[3701389.8391000023,4934669.794700002],[3701065.8149000006,4934930.789500003],[3701210.0851000035,4935685.770400002],[3700266.734600004,4935819.002599999],[3699071.4625000013,4935518.350599998],[3698446.5559000005,4935748.5021],[3698304.787100003,4936223.929299997],[3697736.803199998,4936710.998199999],[3696854.048400001,4936671.829800001],[3696034.447099999,4935755.9541000035],[3695209.8391000037,4935634.5811],[3693973.600800005,4934903.867399998],[3693758.5019999994,4934946.302900001],[3693164.5414000005,4935547.998700004],[3692399.413300004,4935741.839800004],[3692494.765800003,4936382.4169999985],[3692194.407400001,4936832.082300004],[3692240.8421000023,4937358.255899997],[3691570.6727999942,4938003.081600003],[3691061.2885,4937650.051800005],[3690099.9541999996,4937821.639700001],[3689717.6236999966,4938702.440900002],[3688298.6787000024,4939552.1911],[3688049.5104999975,4939920.586900003],[3687593.090800006,4939782.961100005],[3687325.9606,4939474.150699995],[3685875.611400002,4939096.041499996],[3685510.7356000002,4939550.279400002],[3685687.156900002,4940732.122500002],[3685936.796300002,4941289.287800002],[3685879.686700003,4941710.650999997],[3686449.6043000002,4942462.234999999],[3685621.701399995,4942553.549300002],[3684841.082300004,4942193.5923],[3684269.3131000064,4942221.882099997],[3683752.2446000017,4942412.2564],[3683367.700099999,4943660.177600004],[3683785.0722000017,4944372.152499996],[3683157.554200005,4944780.156800003],[3682794.9463999993,4945680.921899999],[3682832.6564999972,4946008.592399996],[3681858.4655999998,4946320.2443],[3681051.8276999937,4946816.472299998],[3680291.6004000045,4947020.265600004],[3679976.988799999,4947365.658499999],[3679130.1874999995,4947941.024700005],[3678892.7845000047,4948267.602699997],[3677350.734200005,4948217.061100002],[3676925.3206999977,4948319.681699997],[3676075.302500002,4949351.676300003],[3675202.2363000005,4949482.373799996],[3674746.6060000006,4949347.7031000005],[3674173.925599996,4948894.9985000035],[3673410.619099994,4948652.575899998],[3671988.188699995,4948428.104600005],[3671200.9100999977,4947998.459700001],[3670601.731600004,4948088.097499998],[3669773.324699999,4948423.677099999],[3668888.7453000043,4948668.627700004],[3668615.586600002,4948112.734399998],[3668152.5582000017,4947498.178699996],[3667620.482499999,4947119.021299997],[3668242.4696000004,4946043.767899999],[3668314.092299995,4945292.411400003],[3669176.2852000035,4944227.8127000015],[3669159.5605000053,4943953.593100004],[3668415.8761000037,4943118.352699997],[3668133.5267999987,4942569.929699996],[3667275.077399995,4942323.5929000005],[3667517.5278999987,4941703.1204],[3667338.237999997,4941391.268700001],[3667306.475100006,4940629.850800001],[3666857.4459999986,4939936.672299998],[3666958.5262999954,4939013.999],[3667370.250499999,4937343.350799997],[3666910.745599997,4936866.903400002],[3666750.405199994,4936458.866199998],[3666765.9215000016,4935644.878899999],[3666590.410100001,4935144.8559],[3666946.816299994,4933224.896200003],[3666325.4106,4932675.106499998],[3665748.9436999997,4931857.291100003],[3664262.673699998,4931491.716499997],[3663713.279100002,4930844.554799998],[3663683.1152999997,4929446.0097999945],[3663141.5911,4928895.492600003],[3662355.4667999935,4928835.724800004],[3661729.9786000066,4928958.074699999],[3661451.083300001,4928764.138599999],[3660937.2074000034,4928810.0768],[3660507.7992000026,4928221.375600003],[3661078.6855000015,4927333.4286],[3660975.7945999987,4926519.2563000005],[3661107.4716000026,4926251.859700001],[3661621.948799995,4926392.006299997],[3662959.323799994,4926437.240699996],[3663128.894100005,4926159.570900004],[3663786.748200001,4925924.825199997],[3663898.2440999933,4925263.803399998],[3663755.4349000026,4924801.415500004],[3663853.8669999978,4923993.299599999],[3663598.979399999,4923587.467899997],[3662933.861100007,4923267.032299999],[3662476.832800001,4922403.110200003],[3662050.4698000057,4922036.776299997],[3661626.2552000014,4921396.462200001],[3661283.138699997,4921208.937899999],[3660979.1012999993,4920697.999999998],[3661096.7951000007,4919906.434600001],[3660995.7119999966,4918384.771899996],[3660604.556599993,4917757.194399999],[3660419.3089999985,4916778.783100003],[3660437.0149999997,4915311.711800002],[3660117.5495000025,4914936.649899997],[3659199.6670999983,4914928.410000004],[3658357.0394999953,4914135.086599996],[3659035.7435000003,4913889.574600001],[3659778.171899996,4912995.690299997],[3659733.9942999966,4912524.027600002],[3660124.5605999986,4912265.743500005],[3660310.9197999993,4911541.346399996],[3660699.8816000028,4911059.7608],[3660735.3402999984,4910599.586599998],[3661826.875799997,4909333.811700002],[3662289.1793000046,4909176.898699997],[3663028.3428999986,4908314.638499999],[3663094.992499997,4908003.055599999],[3663978.409000001,4908024.34],[3664375.742100003,4907482.8665999975],[3665629.2013000017,4906937.4075000025],[3665926.9120999984,4906384.791599999],[3665774.4495000057,4906022.588900003],[3665884.3291000007,4905594.174699999],[3666520.1827,4905024.397499999],[3667815.4223000063,4905349.876400001],[3668252.478699996,4905204.243299998],[3668592.6802000045,4904745.928100003],[3668951.042800001,4904575.185400005],[3669360.6236999976,4903772.536800002],[3669716.025900002,4903504.223200003],[3670760.6852999963,4903526.319999997],[3671161.869999999,4903788.163399998],[3671740.6775000007,4903757.623199996],[3671995.374999997,4903141.652399999],[3672450.832000002,4902866.9036],[3672879.121399995,4902341.772000004],[3673090.683800001,4901786.969500003],[3674139.8999999976,4901532.497000004],[3674887.654400002,4901916.662400002],[3675401.5743999993,4901702.868000003],[3675550.540000002,4901199.043200003],[3676011.079400001,4901147.085799996],[3676214.472000001,4901355.351900002],[3676742.2388999993,4901344.076100002],[3678029.842600002,4900997.378600005],[3678389.4390000044,4901150.411000002],[3678653.2257999983,4900659.368099995],[3679060.419200004,4900476.819300003],[3679395.7409999957,4900593.541699999],[3680186.8939999985,4900560.0986],[3680524.1482999963,4900377.594700003],[3681185.7623000033,4900517.8751],[3681449.4135999978,4900160.431900001],[3682140.929600005,4899644.474399999],[3682616.222400002,4898783.056899998],[3683290.392999999,4898263.395599997],[3683511.2941000005,4897572.994600002],[3684351.2550000055,4897276.333500005],[3684651.9903000016,4896850.437800006],[3686232.3170000054,4896432.910199997],[3686503.6526999967,4896195.652400002],[3687217.5460999953,4896138.197500002],[3687452.7962000025,4896084.454199997],[3688355.418700001,4895216.889600002],[3689658.8912999993,4895211.228700001],[3690310.4896000074,4895842.7771999985],[3690471.6615999998,4896219.079400001],[3691203.3031999962,4897093.862899998],[3691223.8095000014,4897392.505800005],[3691873.3275000006,4897359.431],[3692490.312499998,4897645.6173],[3693085.651899999,4897254.046000004],[3693681.4363000025,4896631.387999998],[3694238.4343999987,4896371.2117],[3694512.8026999948,4896447.320200004],[3694966.5846000016,4896160.585499998],[3695656.3562999936,4897175.771000003],[3695973.1218000026,4897436.425999995],[3696913.638299999,4897702.217499999],[3697358.032899997,4898418.807000005],[3697604.7689999985,4898498.007800001],[3697880.9691000013,4899222.409099998],[3698123.7497000042,4899398.441300006],[3698375.750200006,4900048.004099996],[3698165.917900001,4900479.9208],[3698392.656999995,4900898.404200003],[3698505.9220999978,4901700.980999996],[3698358.500800003,4902229.221999999],[3698759.8827000065,4902465.148200006],[3698749.591300007,4902808.220899999],[3698078.720299995,4903047.101399999],[3698404.287100007,4903644.584600001],[3698789.620300001,4903698.804299995],[3699232.900500003,4904291.9820000045],[3699215.5185000002,4904637.191400001],[3698695.4125000034,4905526.726800002],[3698470.9978,4906665.055599996],[3698927.2093999954,4907452.483199999],[3699208.9756999984,4908353.065900005],[3698535.2250000043,4909185.138199998],[3698619.973899996,4909533.516399998],[3699496.879300002,4909993.346699998],[3699950.3233999973,4910112.023600003],[3699293.0948,4910990.401999999],[3699064.282100003,4912287.274500005],[3698467.1241000025,4913307.222900003],[3697521.408499998,4913973.240399999],[3696985.3857999938,4915022.696199998],[3698183.4852999966,4915192.468400002],[3698524.6585000013,4915009.031399997],[3699295.872100003,4915323.969999996],[3699760.2594,4916156.541800001],[3700217.5503999954,4916480.608799998],[3700002.455799997,4916961.9453000035],[3700192.6402999954,4917246.944699995],[3700377.461599997,4918191.143700004],[3700119.9630000032,4918932.5255999975],[3699849.9942000024,4919362.028600003],[3700008.6162000014,4919826.436999999],[3700955.0547999954,4920303.172699995],[3701674.3044999978,4920346.835800002],[3702491.2254,4921047.373900003],[3702794.789999999,4921576.982400002],[3702837.607100006,4922181.543400001],[3703581.020999994,4923104.667999998],[3704284.5034999982,4923804.348499997],[3704885.093400002,4923953.422200004],[3705597.4181000013,4924283.102299998],[3705936.5183000006,4924728.039900003],[3706604.8531000055,4925138.635299999],[3707144.6723999977,4925697.1159],[3707723.4812000045,4926018.4157000035],[3707869.7674999987,4926348.294500001]]]},"properties":{"District":"CHAMBA","STATE":"HIMACHAL PRADESH","TEHSIL":"BRAHMAUR","Shape_Leng":209367.738985,"Shape_Area":1627176726.52}},
{"type":"Feature","geometry":{"type":"Polygon","coordinates":[[[3667275.077399995,4942323.5929000005],[3666672.022499999,4942299.049300004],[3665628.5275000054,4941868.052200001],[3665294.248099995,4942245.246399997],[3664976.234099997,4942258.144200002],[3664728.619099998,4942771.9701999985],[3664914.5050000055,4943231.152300004],[3664262.644299998,4943298.499600004],[3663452.9005000014,4943699.456599997],[3663219.458300004,4944346.534000005],[3662672.0029999968,4944365.897200003],[3662727.1018999964,4945092.108699998],[3662434.015300002,4945211.685800003],[3662534.8978000004,4945763.626800001],[3661758.7408000017,4946021.3156],[3659886.364799999,4945519.260199998],[3659207.6023000013,4945704.7700999975],[3658638.057199996,4945996.1578],[3658326.493900001,4946656.834699999],[3657851.525300007,4946599.582299996],[3657130.0125999986,4946822.239800002],[3656490.8488000007,4946843.989200003],[3656454.0266000014,4947446.084699998],[3655986.670100007,4947700.473299997],[3655719.1809999994,4948056.807700004],[3655070.5008000005,4948542.016799999],[3654762.203699998,4949075.994099997],[3654281.3273999984,4949062.0219],[3653980.794600001,4949298.372499999],[3653775.5597,4950019.340699999],[3653807.3385000033,4950468.044599996],[3653088.9673999995,4950802.787700002],[3652865.595500004,4951038.489699997],[3652138.0101999994,4951036.2457],[3650993.3945999965,4951586.662099998],[3650471.562200001,4951602.8155],[3650031.880000005,4951387.283300003],[3648851.1098999986,4952165.8500000015],[3648460.1018999964,4952034.6673000045],[3646500.7336999956,4952653.514300003],[3646069.885599998,4952412.9245000025],[3645636.1855000034,4952669.449199999],[3645149.6060999963,4952257.239399999],[3644855.207299998,4952264.987800002],[3644090.137400004,4951245.948999998],[3643813.445600005,4951596.4427],[3643037.1062999927,4951814.0428],[3642119.233999999,4951530.633499995],[3641713.6318000075,4951224.9185],[3640722.6193000013,4950950.982200004],[3639798.3617,4951142.357799999],[3639498.6446999996,4950990.806000004],[3639116.8199999966,4951487.468699997],[3638651.3430000013,4951640.312600005],[3638272.3890999993,4952525.711200001],[3637595.827100004,4952955.601700005],[3637325.733999997,4953811.895099998],[3636761.003899996,4954542.826599997],[3636430.994099995,4955715.228300005],[3636021.3165000007,4955839.552900004],[3635045.627099994,4954321.713900002],[3634359.290000001,4953619.613699997],[3633847.246299994,4953444.163699999],[3633432.9755000016,4952358.493200005],[3632899.3430999955,4952337.428800002],[3632553.331600004,4952115.2925999975],[3632404.2986000013,4951502.2316],[3631842.4654,4951192.7785],[3631663.014799996,4950925.439600001],[3630786.6913000005,4950216.433599997],[3630761.8752000025,4949716.484000005],[3630032.781600003,4949191.088300003],[3629493.8624,4948675.6027000025],[3629075.6471000058,4948105.4648],[3629474.8742000023,4947711.859300001],[3629683.777999998,4947176.775800005],[3629552.1913999952,4946211.947799997],[3628385.7420999976,4945474.833000004],[3628237.718800001,4944818.1734],[3628320.6643999983,4944491.286699999],[3627910.668000001,4944222.860200001],[3627884.1336999945,4943837.2010999955],[3627272.3853999954,4943445.426200001],[3627841.3548000013,4942394.567199998],[3627762.108000003,4942127.186200004],[3628916.689199998,4941621.519900003],[3628878.0808999958,4941291.733400002],[3629521.0128000034,4940850.375500003],[3628938.051200003,4939752.711300004],[3629582.2666999986,4939117.265900002],[3629462.1587999957,4938177.209699998],[3629676.4554999964,4937808.895600002],[3629558.107000001,4937129.908200001],[3629231.555799998,4936824.573800003],[3629044.2301999987,4936162.934099998],[3629206.095399997,4935592.245200004],[3629024.3263999997,4934831.246900001],[3629334.192900001,4934978.100400005],[3629666.1259000003,4934741.836199999],[3630253.8362999996,4935085.335100001],[3631163.0961000053,4934406.1203999985],[3631152.4164000037,4934063.400899999],[3631535.6075000037,4933918.844799999],[3631607.287199998,4933476.127900001],[3632517.917499995,4931100.077100001],[3632879.122000004,4930846.309400002],[3634392.4927000036,4930849.069000002],[3635894.285400003,4930144.839799998],[3636635.298000004,4930535.077500002],[3636955.5153999967,4930370.976799996],[3636958.7632000037,4929416.075599996],[3637457.737300003,4928032.841699999],[3637554.4516000003,4927193.622299997],[3637938.7951000053,4927059.412600001],[3638915.134700001,4926359.799800003],[3639257.6931999996,4925994.2298000045],[3639030.3037000033,4925547.500399997],[3639430.1743,4924887.948900003],[3639782.0752999987,4924745.480399998],[3640023.8981000027,4923904.7017],[3640662.931699999,4923276.608800005],[3641154.1723999954,4923161.091400005],[3641480.7839,4923509.397400001],[3642160.7339999964,4923529.608100001],[3642844.5333999987,4923258.934600002],[3643653.8673999943,4922771.2122],[3644211.458700006,4921897.363299996],[3644637.0901999967,4922077.7919000015],[3645174.329300002,4922058.331200003],[3645946.7656000014,4921543.070400003],[3646361.478600007,4921031.520600003],[3646608.4231999964,4920996.935899999],[3647622.8193000015,4920216.946800003],[3647807.5771000013,4920362.809399998],[3648746.821199994,4920346.976899998],[3649837.5406000055,4920105.214000004],[3650117.253200001,4920299.690099998],[3650885.7103,4920127.5163],[3651191.875500003,4919209.995299997],[3651100.672200006,4918503.879400002],[3651381.4638000005,4918236.126100004],[3651353.8624000056,4917891.143100003],[3652185.3638999965,4918111.5918999985],[3652505.242899998,4918004.3401999995],[3652794.5341000073,4917589.6755],[3653192.867299999,4917501.033399999],[3653697.0653999937,4915665.405400004],[3653615.743399997,4915286.812299998],[3653849.794600001,4915039.309300002],[3653809.1224999987,4914535.004999997],[3653982.8524999972,4914068.610300003],[3654335.684500005,4913761.766300004],[3655132.5255999994,4913859.968400002],[3655601.9427000033,4914051.783300001],[3656614.054600001,4913742.048400001],[3657295.7483000043,4913070.800200004],[3658495.6559000043,4912187.038299996],[3659307.505100001,4912296.004700005],[3659733.9942999966,4912524.027600002],[3659778.171899996,4912995.690299997],[3659035.7435000003,4913889.574600001],[3658357.0394999953,4914135.086599996],[3659199.6670999983,4914928.410000004],[3660117.5495000025,4914936.649899997],[3660437.0149999997,4915311.711800002],[3660419.3089999985,4916778.783100003],[3660604.556599993,4917757.194399999],[3660995.7119999966,4918384.771899996],[3661096.7951000007,4919906.434600001],[3660979.1012999993,4920697.999999998],[3661283.138699997,4921208.937899999],[3661626.2552000014,4921396.462200001],[3662050.4698000057,4922036.776299997],[3662476.832800001,4922403.110200003],[3662933.861100007,4923267.032299999],[3663598.979399999,4923587.467899997],[3663853.8669999978,4923993.299599999],[3663755.4349000026,4924801.415500004],[3663898.2440999933,4925263.803399998],[3663786.748200001,4925924.825199997],[3663128.894100005,4926159.570900004],[3662959.323799994,4926437.240699996],[3661621.948799995,4926392.006299997],[3661107.4716000026,4926251.859700001],[3660975.7945999987,4926519.2563000005],[3661078.6855000015,4927333.4286],[3660507.7992000026,4928221.375600003],[3660937.2074000034,4928810.0768],[3661451.083300001,4928764.138599999],[3661729.9786000066,4928958.074699999],[3662355.4667999935,4928835.724800004],[3663141.5911,4928895.492600003],[3663683.1152999997,4929446.0097999945],[3663713.279100002,4930844.554799998],[3664262.673699998,4931491.716499997],[3665748.9436999997,4931857.291100003],[3666325.4106,4932675.106499998],[3666946.816299994,4933224.896200003],[3666590.410100001,4935144.8559],[3666765.9215000016,4935644.878899999],[3666750.405199994,4936458.866199998],[3666910.745599997,4936866.903400002],[3667370.250499999,4937343.350799997],[3666958.5262999954,4939013.999],[3666857.4459999986,4939936.672299998],[3667306.475100006,4940629.850800001],[3667338.237999997,4941391.268700001],[3667517.5278999987,4941703.1204],[3667275.077399995,4942323.5929000005]]]},"properties":{"District":"CHAMBA","STATE":"HIMACHAL PRADESH","TEHSIL":"CHAMBA","Shape_Leng":162862.220151,"Shape_Area":991617744.872}},
{"type":"Feature","geometry":{"type":"Polygon","coordinates":[[[3651002.4568999996,4989104.671500001],[3650023.817599995,4989191.3094999995],[3649391.068199998,4989373.292700001],[3648487.3930000034,4988670.154900001],[3647774.2589999996,4988658.1302000005],[3646495.693400005,4988944.874499997],[3645909.1657000068,4989200.026399998],[3645352.414399997,4989130.972300005],[3644449.479400001,4987930.0238],[3643466.0149999987,4987714.782499999],[3642256.1586000053,4987899.155599998],[3641419.766599996,4988117.898199998],[3640772.8514000014,4987930.071200002],[3639680.866700003,4987958.120600003],[3638803.8555999985,4987783.552000002],[3638860.6833999967,4987139.629399998],[3638451.381899995,4986180.604899999],[3638668.6247000056,4985699.322500002],[3638355.631399994,4985262.4049999975],[3637897.1563999997,4984030.356800001],[3637287.787299999,4983144.176399998],[3636359.893599998,4982974.938799996],[3636441.250600001,4982319.6296],[3635037.994000006,4981946.868899998],[3634685.294200005,4981181.304500001],[3634349.9577999986,4980759.415600002],[3633716.0800999976,4980552.2907],[3632422.4899000004,4980354.744199997],[3631799.8960000016,4979777.806699999],[3631590.932300005,4979290.396800004],[3631679.0090999985,4978678.6893000025],[3631109.2306000013,4978070.532099999],[3630238.543000001,4977808.252799997],[3629410.1170000024,4977347.171300005],[3628757.9370999997,4976573.922600005],[3627548.3545999974,4976236.520899996],[3626778.8426999953,4975923.579099999],[3626207.0555000044,4974991.022400002],[3625988.584900002,4975025.2809999995],[3624646.9124000035,4974049.919200001],[3624063.047199998,4973743.6996],[3624484.1614999995,4972560.979400003],[3624729.109200003,4972174.916700001],[3625468.5983000062,4971614.691100003],[3625951.382799996,4970731.936999997],[3626176.2601000033,4969980.202899998],[3627245.3725999994,4969430.510199998],[3627454.6230999967,4969131.620599998],[3628332.659699998,4968371.7948],[3628427.894500003,4967344.114499999],[3629058.982100004,4966654.486000003],[3629316.6598000033,4966160.3807],[3630126.968899999,4965707.9141000025],[3630875.1445999965,4965814.498499997],[3631744.141,4965494.375799997],[3632449.1280000024,4965766.7401],[3634158.261100006,4965228.330800001],[3634531.9628000073,4964942.8511000015],[3634836.6016000025,4964466.098900004],[3635373.4317,4964344.083799999],[3636130.3017999986,4964483.1691],[3636983.5650999965,4965146.705999998],[3637383.7827000013,4965244.5825999975],[3638400.7430000054,4965160.1052],[3638585.2701000003,4964516.972900001],[3637873.663800001,4964363.076100001],[3637827.6473999983,4963787.888600001],[3638212.8017000016,4962304.657399997],[3638379.549200002,4961293.419200001],[3638759.8646000037,4960811.098200001],[3639128.6976000024,4961091.377800003],[3640222.069799996,4962210.131199997],[3640402.7473999984,4962524.691100001],[3641152.5387000022,4962245.6099],[3641582.6165999956,4961646.471800003],[3641367.5663999952,4960542.470799999],[3640993.3883000035,4960040.3259],[3640136.893800001,4959365.603799999],[3639007.182499996,4959003.572699999],[3638551.060999994,4958723.172400001],[3637936.279600005,4958134.720899999],[3637116.2100000004,4956781.870699998],[3636629.0212000026,4956528.438700004],[3636498.711700004,4956161.230700003],[3636021.3165000007,4955839.552900004],[3636430.994099995,4955715.228300005],[3636761.003899996,4954542.826599997],[3637325.733999997,4953811.895099998],[3637595.827100004,4952955.601700005],[3638272.3890999993,4952525.711200001],[3638651.3430000013,4951640.312600005],[3639116.8199999966,4951487.468699997],[3639498.6446999996,4950990.806000004],[3639798.3617,4951142.357799999],[3640722.6193000013,4950950.982200004],[3641713.6318000075,4951224.9185],[3642119.233999999,4951530.633499995],[3643037.1062999927,4951814.0428],[3643813.445600005,4951596.4427],[3644090.137400004,4951245.948999998],[3644855.207299998,4952264.987800002],[3645149.6060999963,4952257.239399999],[3645636.1855000034,4952669.449199999],[3646069.885599998,4952412.9245000025],[3646500.7336999956,4952653.514300003],[3648460.1018999964,4952034.6673000045],[3648851.1098999986,4952165.8500000015],[3650031.880000005,4951387.283300003],[3650471.562200001,4951602.8155],[3650993.3945999965,4951586.662099998],[3652138.0101999994,4951036.2457],[3652865.595500004,4951038.489699997],[3653088.9673999995,4950802.787700002],[3653807.3385000033,4950468.044599996],[3653775.5597,4950019.340699999],[3653980.794600001,4949298.372499999],[3654281.3273999984,4949062.0219],[3654762.203699998,4949075.994099997],[3655070.5008000005,4948542.016799999],[3655719.1809999994,4948056.807700004],[3655986.670100007,4947700.473299997],[3656454.0266000014,4947446.084699998],[3656490.8488000007,4946843.989200003],[3657130.0125999986,4946822.239800002],[3657851.525300007,4946599.582299996],[3658326.493900001,4946656.834699999],[3658638.057199996,4945996.1578],[3659207.6023000013,4945704.7700999975],[3659886.364799999,4945519.260199998],[3661758.7408000017,4946021.3156],[3662534.8978000004,4945763.626800001],[3662434.015300002,4945211.685800003],[3662727.1018999964,4945092.108699998],[3662672.0029999968,4944365.897200003],[3663219.458300004,4944346.534000005],[3663452.9005000014,4943699.456599997],[3664262.644299998,4943298.499600004],[3664914.5050000055,4943231.152300004],[3664728.619099998,4942771.9701999985],[3664976.234099997,4942258.144200002],[3665294.248099995,4942245.246399997],[3665628.5275000054,4941868.052200001],[3666672.022499999,4942299.049300004],[3667275.077399995,4942323.5929000005],[3668133.5267999987,4942569.929699996],[3668415.8761000037,4943118.352699997],[3669159.5605000053,4943953.593100004],[3669176.2852000035,4944227.8127000015],[3668314.092299995,4945292.411400003],[3668242.4696000004,4946043.767899999],[3667620.482499999,4947119.021299997],[3668152.5582000017,4947498.178699996],[3668615.586600002,4948112.734399998],[3668888.7453000043,4948668.627700004],[3668707.1083000004,4948845.679400002],[3669149.432899996,4949532.998100005],[3669295.558000002,4949980.392],[3669144.5349999983,4950476.991799999],[3668407.965099997,4950739.079199997],[3667872.963200006,4951435.394100001],[3667219.5054000057,4952031.7700999975],[3667912.636299994,4953082.771999996],[3667732.0803000024,4953409.127399998],[3667791.212699998,4954297.549500003],[3666269.136699994,4955796.603599999],[3665213.7212999994,4956415.364500005],[3665010.989500002,4957128.5648],[3665095.942000002,4957848.459500005],[3664682.328000002,4958158.5271999985],[3664706.4069999987,4959101.311900006],[3664364.1502000056,4959917.858199999],[3664279.2757999958,4960830.218999999],[3663937.7070999974,4961532.660500003],[3664140.4274000027,4962466.5988],[3663815.8888000017,4963635.501400001],[3663013.8526,4964191.292200001],[3663188.7539000018,4964802.581000001],[3662932.6521999957,4965317.009400001],[3662957.898199996,4966066.311899999],[3663303.1452,4966723.962300003],[3662609.743199993,4967158.851199999],[3662664.9275999973,4967790.079400001],[3662316.1400999995,4968114.096599999],[3662204.6261000033,4968685.360900002],[3662622.7024,4968819.396399998],[3663229.5802000053,4969388.045200001],[3663438.613599997,4969838.611900001],[3662846.7113000033,4970021.838100006],[3661641.255300001,4970821.969900005],[3662195.9506,4971508.558299998],[3662704.7338000047,4971860.257300001],[3663194.0679000057,4972510.502199997],[3663976.133100004,4974048.794799997],[3664210.066400001,4974804.978799995],[3664403.2142000007,4976083.307900001],[3664150.9511000025,4976480.837499997],[3663692.617100003,4976611.0006],[3663114.4419,4977298.320400003],[3662307.076399997,4977381.856100002],[3661341.4000000022,4977912.035100006],[3661156.3721000073,4978585.391799999],[3660920.2251999946,4978893.1130000055],[3660305.937700003,4979182.644200003],[3660112.565300007,4979974.434500003],[3660484.572500001,4980398.373200003],[3660959.276,4980550.157800002],[3661696.685800001,4981235.986100001],[3661081.1817000033,4981986.706699998],[3660834.0244000023,4983633.580299996],[3659829.596600003,4983722.2786000045],[3659045.6353999963,4983980.510699999],[3658575.2256000005,4983867.125199998],[3658035.831799999,4983988.912000004],[3657662.1343000038,4984297.1088],[3656882.2064999994,4984413.214200003],[3656006.014100001,4985020.914500002],[3654854.572199998,4985250.782099996],[3654204.922100003,4985640.490100004],[3653043.380800005,4985340.738699996],[3651936.117799998,4986469.035100002],[3651765.817199994,4987124.244],[3651314.5730999974,4987801.337699996],[3650957.2587000006,4988792.051399998],[3651002.4568999996,4989104.671500001]]]},"properties":{"District":"CHAMBA","STATE":"HIMACHAL PRADESH","TEHSIL":"CHAURAH","Shape_Leng":186807.573257,"Shape_Area":1146328795.67}},
{"type":"Feature","geometry":{"type":"Polygon","coordinates":[[[3627272.3853999954,4943445.426200001],[3626559.9890999985,4943074.6068],[3625850.7920999974,4943630.488400001],[3624353.395900007,4942439.094699997],[3623605.822599996,4942589.6803],[3623054.922100002,4942357.429700002],[3622884.7632000004,4941662.5732],[3622465.327900004,4941977.059800001],[3622309.6181000015,4942855.3994999975],[3621717.253100002,4942839.916099997],[3621571.9485000037,4943299.603000004],[3621966.1739999996,4943679.084500004],[3621794.092400003,4944075.807600001],[3621359.9200000037,4944104.177500002],[3621156.5790999974,4944458.3549000025],[3621182.675099998,4945058.9496],[3620861.554200003,4945402.662200002],[3619810.7913000016,4945185.094700001],[3618992.918499997,4944641.1006999975],[3618815.2701999974,4944371.793399999],[3618790.1631999947,4943799.1645],[3618218.569100001,4942851.8997],[3617579.6343000014,4942485.362],[3616773.8412000006,4942603.649200004],[3616219.3430999937,4942198.021600004],[3616357.9953999952,4941413.064899999],[3616211.221600002,4940625.960900001],[3615981.0824000025,4940199.158500001],[3615365.685000002,4940034.985400002],[3615018.9520999985,4939644.465199998],[3615724.469199999,4938479.1731],[3615537.773399998,4938055.059800001],[3613889.895999999,4936865.361299995],[3613937.0563000003,4936109.211699996],[3613649.4968999987,4935777.244699998],[3613155.1102000037,4935698.740500003],[3612293.0930999992,4935307.748199999],[3612134.342500002,4934889.6087],[3612313.4794999994,4934399.788400006],[3611768.4366999986,4934454.0280000055],[3611691.7074000053,4934047.8918],[3612228.812600006,4934057.152300002],[3612603.198799994,4933640.432700002],[3612768.563699996,4932801.701799998],[3613087.104999993,4932404.5671],[3613593.6602999996,4931441.372400003],[3614317.8786000023,4930865.918099999],[3615539.9859999986,4929560.601299997],[3616024.2849999955,4930127.848299998],[3616030.857999999,4930931.574500002],[3616284.2574999975,4930915.415599998],[3616730.910899996,4931400.896500003],[3616738.845399999,4932114.800199999],[3617120.441899997,4932006.651799997],[3617697.712899998,4932166.3824000005],[3618153.4724999946,4932029.401599996],[3618568.241100001,4932422.7452],[3618553.3876000014,4933073.139299998],[3618845.936099996,4933747.921100003],[3619127.1983999996,4933945.059699997],[3619949.591399997,4933610.858899998],[3620414.4931000024,4933900.942999997],[3620731.059499999,4933725.625400002],[3620699.2682000063,4933367.489999995],[3621332.3254999937,4933285.8363999985],[3622241.939600002,4933411.796799998],[3622086.468400005,4932625.4848000035],[3622494.6888000006,4932135.607200002],[3622367.8467999985,4931741.259300002],[3622528.4588000076,4931407.899999997],[3623018.325700002,4931517.770000002],[3623591.238099999,4930909.8255999945],[3624630.134499994,4931616.605900001],[3624867.848500002,4931399.238500003],[3625613.566500001,4932199.484300001],[3626261.772399999,4932546.699799998],[3626887.324799996,4933128.132399997],[3626966.322599998,4933510.099699998],[3627415.0767000043,4933848.592400001],[3627219.285700002,4934430.870599998],[3627563.8560000006,4934641.0272],[3628778.2016000003,4934489.003600004],[3629024.3263999997,4934831.246900001],[3629206.095399997,4935592.245200004],[3629044.2301999987,4936162.934099998],[3629231.555799998,4936824.573800003],[3629558.107000001,4937129.908200001],[3629676.4554999964,4937808.895600002],[3629462.1587999957,4938177.209699998],[3629582.2666999986,4939117.265900002],[3628938.051200003,4939752.711300004],[3629521.0128000034,4940850.375500003],[3628878.0808999958,4941291.733400002],[3628916.689199998,4941621.519900003],[3627762.108000003,4942127.186200004],[3627841.3548000013,4942394.567199998],[3627272.3853999954,4943445.426200001]]]},"properties":{"District":"CHAMBA","STATE":"HIMACHAL PRADESH","TEHSIL":"DALHOUSIE","Shape_Leng":71519.7966795,"Shape_Area":159436528.297}},
{"type":"Feature","geometry":{"type":"Polygon","coordinates":[[[3698598.8055000007,5005370.415700002],[3696924.8888000017,5005134.6286999965],[3696176.3372,5005680.468900001],[3695036.2936000023,5005531.1377],[3694915.9959999975,5005200.633899999],[3694422.5832000007,5004892.538900003],[3693739.027099996,5004755.995000005],[3692765.494999996,5004854.511599997],[3691601.9399999958,5004593.851299998],[3690950.8748999997,5004676.891000001],[3689948.9581999984,5003857.474800002],[3689426.5283999993,5003910.7755],[3689056.8893000036,5003685.124300004],[3688590.519800003,5003672.964800004],[3688031.400700002,5004019.7919999985],[3687119.545800004,5004286.616499999],[3686135.4576000017,5005023.718999997],[3686115.508000005,5006328.580499998],[3685757.474900001,5006857.922999999],[3685190.3567999974,5006748.7416],[3684888.2541000065,5006915.971099997],[3684778.305699995,5007638.152900001],[3684978.063299996,5008324.1165999975],[3684592.4297000016,5008677.217199998],[3684170.825,5008544.168300003],[3683855.2027000003,5008708.242199995],[3682526.2152000014,5008743.426999998],[3681426.580799995,5009123.439099999],[3680733.4079999994,5008583.358799998],[3680229.5573999994,5008000.026899997],[3679463.9688999997,5008133.497900005],[3678832.5305999964,5008098.298099995],[3678110.3657000028,5007758.146899997],[3677387.1336999945,5007665.971500003],[3676725.489699999,5007739.783799997],[3676242.859800002,5007315.407000005],[3675024.918900001,5006524.768100003],[3674035.1637999993,5005957.175800001],[3673203.087499996,5006044.404199998],[3672768.2995999977,5006313.607400002],[3671550.6135000032,5006056.9893000005],[3670991.8795000045,5006088.367300003],[3670470.4953000024,5006295.183700001],[3670077.4064000025,5006179.641000003],[3669085.0394999953,5006391.189800002],[3668366.7628000034,5007036.898799999],[3667788.2358999997,5006764.1228],[3666870.8174000047,5006876.767799996],[3666313.1210000003,5006506.026999999],[3665704.5129000065,5005682.414999997],[3664353.2769000037,5004771.096599996],[3663843.7306000013,5004164.078899998],[3663465.6181000005,5003392.682799996],[3662874.9618000044,5003379.055799998],[3661169.262000003,5002299.912699998],[3659912.3789999983,5001145.136199996],[3659483.9856000044,5000617.5255999975],[3658416.952600006,5000392.4421999995],[3658276.191399998,5000134.206800003],[3657327.3290999955,4999672.0691],[3657155.423000004,4999166.712200001],[3656254.0512000043,4998345.137200002],[3655672.0758000035,4997967.513599999],[3655889.794200003,4997602.259900004],[3655325.770700003,4996038.818499997],[3655371.9577999986,4994617.348700004],[3655882.0580000016,4994166.182500001],[3655971.448700005,4993795.793300003],[3655887.9558999953,4992938.038400001],[3654950.056199996,4992605.815100003],[3654599.5962999966,4992264.551000003],[3654473.8211999955,4991208.7243000055],[3654135.3488000073,4990713.667900002],[3653685.0512999985,4990605.4366999995],[3653270.7162000025,4990719.809200003],[3652600.380399999,4990494.973999999],[3651770.7109000026,4989794.979299998],[3651430.774800006,4989092.117000002],[3651002.4568999996,4989104.671500001],[3650957.2587000006,4988792.051399998],[3651314.5730999974,4987801.337699996],[3651765.817199994,4987124.244],[3651936.117799998,4986469.035100002],[3653043.380800005,4985340.738699996],[3654204.922100003,4985640.490100004],[3654854.572199998,4985250.782099996],[3656006.014100001,4985020.914500002],[3656882.2064999994,4984413.214200003],[3657662.1343000038,4984297.1088],[3658035.831799999,4983988.912000004],[3658575.2256000005,4983867.125199998],[3659045.6353999963,4983980.510699999],[3659829.596600003,4983722.2786000045],[3660834.0244000023,4983633.580299996],[3661081.1817000033,4981986.706699998],[3661696.685800001,4981235.986100001],[3660959.276,4980550.157800002],[3660484.572500001,4980398.373200003],[3660112.565300007,4979974.434500003],[3660305.937700003,4979182.644200003],[3660920.2251999946,4978893.1130000055],[3661156.3721000073,4978585.391799999],[3661341.4000000022,4977912.035100006],[3662307.076399997,4977381.856100002],[3663114.4419,4977298.320400003],[3663692.617100003,4976611.0006],[3664150.9511000025,4976480.837499997],[3664403.2142000007,4976083.307900001],[3664210.066400001,4974804.978799995],[3663976.133100004,4974048.794799997],[3663194.0679000057,4972510.502199997],[3662704.7338000047,4971860.257300001],[3662195.9506,4971508.558299998],[3661641.255300001,4970821.969900005],[3662846.7113000033,4970021.838100006],[3663438.613599997,4969838.611900001],[3663229.5802000053,4969388.045200001],[3662622.7024,4968819.396399998],[3662204.6261000033,4968685.360900002],[3662316.1400999995,4968114.096599999],[3662664.9275999973,4967790.079400001],[3662609.743199993,4967158.851199999],[3663303.1452,4966723.962300003],[3663538.2816999997,4966893.377600002],[3664712.2368000015,4967183.241700004],[3665411.7044000006,4968006.063599996],[3666181.009299999,4968764.809700005],[3667002.0741999988,4969166.6570000015],[3667869.530599995,4969118.229699997],[3668300.9416999966,4969308.435699996],[3668966.6424999973,4969972.293800002],[3669226.591999998,4970465.024699998],[3670350.3419,4969897.519299999],[3670582.9931999953,4969614.204399998],[3671143.406700003,4968460.711300004],[3671205.0913999956,4968146.361600004],[3671718.902500004,4967136.499299999],[3672332.388199999,4966545.764800003],[3672116.943,4965840.539599996],[3671918.8782,4965675.965399999],[3671894.6849000044,4964940.235900001],[3672063.2634000015,4964795.9522],[3672953.2128000017,4964692.495800002],[3673877.049800001,4964415.396100003],[3675278.9448999963,4964672.0035999995],[3675834.3341000006,4964607.023200003],[3676051.570700001,4964880.069900002],[3676732.4812000063,4964878.969199999],[3677432.1653999984,4965453.970700001],[3678392.306400001,4965826.888199998],[3679379.4344000006,4965837.796199998],[3679803.9512000047,4966187.641900003],[3680952.3852000027,4966596.422599999],[3681489.6538000023,4966605.4541000035],[3682311.0432000034,4967517.479700002],[3682831.2113000024,4968458.291599998],[3683172.3853,4968643.913600004],[3683745.099099998,4968601.240500003],[3684237.0578000015,4968957.925800001],[3684754.1202999996,4969591.120900001],[3685064.7135000024,4969598.937199998],[3685555.3162999945,4969157.6457],[3685970.8417000026,4969370.232800001],[3686804.1016999967,4969395.097599998],[3688046.966500002,4969774.679600002],[3688745.4452000046,4969579.167900001],[3688944.173400001,4969057.473099995],[3689409.550800006,4968551.5417],[3690130.9898000006,4968869.401199997],[3691226.832000004,4968950.421700003],[3691630.7881999994,4969419.213800002],[3692228.9795999974,4970583.7525999965],[3692589.487199998,4970853.832599999],[3692807.5080000022,4971718.405600002],[3693261.159999998,4972172.613200004],[3693511.427600001,4972625.595600001],[3694154.4198000017,4972942.028699998],[3694176.8532000035,4974157.672900002],[3694562.6366000054,4975172.094300004],[3694474.985600001,4975722.266300004],[3694772.1664000032,4976622.044799999],[3695524.710499998,4976869.6801999975],[3695699.611900002,4977480.968999999],[3696010.214300002,4977800.3608],[3696804.686499996,4977969.841699999],[3697827.597800003,4977677.968199994],[3698548.369999997,4977322.2956000045],[3698781.0672000013,4977345.733600001],[3700049.207799999,4978469.657099997],[3700084.434600004,4979209.0972000025],[3701164.9701999994,4980183.052700002],[3701249.803,4980922.791600004],[3701013.0948000066,4981511.755699996],[3701317.8092000005,4981984.911200002],[3700972.895499994,4982419.424300004],[3700740.4297999963,4983127.484199997],[3700831.9584999997,4983579.510299997],[3700259.9047000026,4983839.010899996],[3699924.1939999955,4984392.649700003],[3700006.842800002,4985494.547499999],[3700481.144800001,4985814.925700005],[3700697.807699998,4987037.015900002],[3700919.523400002,4987447.481899999],[3700009.8766000005,4987459.225199999],[3699542.5337999994,4987630.053899996],[3699566.2538000015,4988632.371399997],[3699422.659900003,4989410.424300002],[3699049.927399998,4989522.287899999],[3698694.5703000007,4990313.386299999],[3698913.0833000047,4990826.275100002],[3698669.0269000037,4990988.5264],[3698198.1537000025,4991744.762600005],[3697978.4157000054,4992810.109900001],[3697722.1380000003,4993503.387300003],[3697642.8188999956,4994167.473599997],[3697366.4558999976,4994751.237600001],[3697564.006,4995719.873500001],[3697427.0781000005,4996215.174700003],[3697377.1371000004,4997093.017000005],[3697757.2418000037,4998226.474299997],[3697728.8786,4998816.693499999],[3698040.402599998,4999805.861100002],[3698416.180899997,5000011.536600004],[3698668.147999998,5001005.306699996],[3698685.141999997,5002300.298099998],[3698180.4122999953,5002912.453800002],[3698428.9745999984,5003648.217800003],[3698460.377700001,5004199.106899998],[3698802.891999997,5004985.0496],[3698598.8055000007,5005370.415700002]]]},"properties":{"District":"CHAMBA","STATE":"HIMACHAL PRADESH","TEHSIL":"PANGI","Shape_Leng":188893.088214,"Shape_Area":1490172013.4}},
{"type":"Feature","geometry":{"type":"Polygon","coordinates":[[[3624063.047199998,4973743.6996],[3623698.9865000024,4973577.840699997],[3622995.2278999966,4974179.525800001],[3621844.7567,4975480.613399999],[3621312.980200003,4976478.472600006],[3621109.080799997,4977194.582899995],[3620346.5394999995,4977556.659999998],[3619650.7186999987,4978077.6621],[3619211.2025000034,4978026.0097],[3618254.185299999,4978311.321199998],[3617759.929700002,4978781.196699999],[3617160.6575999986,4978887.153099995],[3616822.931099999,4979377.762399998],[3616269.1743,4979274.7952999985],[3615559.170500002,4979585.590599999],[3614862.519599996,4979554.813600001],[3614256.1122000013,4979961.3891999945],[3613502.1746999985,4979907.921300001],[3613076.823499998,4979508.155400004],[3612884.514499997,4979010.707300004],[3612152.6802999983,4978028.431300001],[3611752.654600004,4977729.731800005],[3611558.2717000013,4976836.584399996],[3611114.996799998,4976160.763599997],[3609568.9531999948,4975231.532200001],[3610412.0295000034,4974444.780999996],[3610746.947099999,4973550.198500004],[3610809.9888999974,4972697.309099997],[3611405.258799999,4972371.616400002],[3611664.0218999963,4971710.166099999],[3612253.186700004,4971380.176600004],[3612576.2467999943,4970949.217699997],[3613487.8800999993,4970628.175799997],[3613706.6461000014,4970043.862600002],[3614436.740499999,4969780.732600002],[3615804.181900003,4968003.555200003],[3615726.859199998,4967244.2431999985],[3616053.2864999957,4967269.937800001],[3616977.752999995,4967017.968600002],[3617470.6745999986,4965932.190400004],[3617394.2713999934,4965730.387799999],[3617590.9614999956,4964972.030100003],[3617524.3013000013,4963832.703899998],[3618118.8341000015,4963149.5754],[3618540.2084999993,4962893.484900006],[3618509.148199999,4962511.661699995],[3618753.089599993,4962146.607400003],[3619263.810799998,4961789.0995],[3620311.666800001,4960352.5611999985],[3620784.5242000027,4959806.758699996],[3620881.1722,4959379.521000002],[3620455.942100006,4958506.517899999],[3620446.638100001,4957733.982199999],[3620025.9548000023,4957103.985399995],[3619339.9877000013,4956456.175599996],[3619068.2673999937,4955603.039899998],[3618600.915799997,4954966.543799996],[3618359.936300005,4954412.923299999],[3618623.1866000025,4953882.511999995],[3618317.4166999967,4953136.1389000015],[3618281.7376999967,4952206.545300001],[3618431.208999996,4951946.3061],[3618286.1372000007,4951359.904399997],[3617888.4704,4951049.997699995],[3617752.8126,4950167.017600002],[3617178.0971999983,4949562.568599999],[3617222.6707000006,4949257.872800004],[3617806.7276999983,4949044.142500002],[3618740.088100003,4949986.348700002],[3619059.777950003,4950056.3458],[3619484.6060999986,4949826.1897],[3619902.1643999955,4949303.750700003],[3619743.107800002,4948557.6235],[3620606.650899997,4948316.7864000015],[3621474.472200001,4948774.557100006],[3621574.1163000045,4948278.403199998],[3621091.6799999992,4947689.349700002],[3621277.378700005,4947240.127300002],[3620901.9250000017,4947090.8571000025],[3620743.812200006,4947569.390500005],[3620130.9878999935,4947269.948300002],[3619887.164300005,4946782.713900003],[3620071.411800001,4945930.8345],[3619810.7913000016,4945185.094700001],[3620861.554200003,4945402.662200002],[3621182.675099998,4945058.9496],[3621156.5790999974,4944458.3549000025],[3621359.9200000037,4944104.177500002],[3621794.092400003,4944075.807600001],[3621966.1739999996,4943679.084500004],[3621571.9485000037,4943299.603000004],[3621717.253100002,4942839.916099997],[3622309.6181000015,4942855.3994999975],[3622465.327900004,4941977.059800001],[3622884.7632000004,4941662.5732],[3623054.922100002,4942357.429700002],[3623605.822599996,4942589.6803],[3624353.395900007,4942439.094699997],[3625850.7920999974,4943630.488400001],[3626559.9890999985,4943074.6068],[3627272.3853999954,4943445.426200001],[3627884.1336999945,4943837.2010999955],[3627910.668000001,4944222.860200001],[3628320.6643999983,4944491.286699999],[3628237.718800001,4944818.1734],[3628385.7420999976,4945474.833000004],[3629552.1913999952,4946211.947799997],[3629683.777999998,4947176.775800005],[3629474.8742000023,4947711.859300001],[3629075.6471000058,4948105.4648],[3629493.8624,4948675.6027000025],[3630032.781600003,4949191.088300003],[3630761.8752000025,4949716.484000005],[3630786.6913000005,4950216.433599997],[3631663.014799996,4950925.439600001],[3631842.4654,4951192.7785],[3632404.2986000013,4951502.2316],[3632553.331600004,4952115.2925999975],[3632899.3430999955,4952337.428800002],[3633432.9755000016,4952358.493200005],[3633847.246299994,4953444.163699999],[3634359.290000001,4953619.613699997],[3635045.627099994,4954321.713900002],[3636021.3165000007,4955839.552900004],[3636498.711700004,4956161.230700003],[3636629.0212000026,4956528.438700004],[3637116.2100000004,4956781.870699998],[3637936.279600005,4958134.720899999],[3638551.060999994,4958723.172400001],[3639007.182499996,4959003.572699999],[3640136.893800001,4959365.603799999],[3640993.3883000035,4960040.3259],[3641367.5663999952,4960542.470799999],[3641582.6165999956,4961646.471800003],[3641152.5387000022,4962245.6099],[3640402.7473999984,4962524.691100001],[3640222.069799996,4962210.131199997],[3639128.6976000024,4961091.377800003],[3638759.8646000037,4960811.098200001],[3638379.549200002,4961293.419200001],[3638212.8017000016,4962304.657399997],[3637827.6473999983,4963787.888600001],[3637873.663800001,4964363.076100001],[3638585.2701000003,4964516.972900001],[3638400.7430000054,4965160.1052],[3637383.7827000013,4965244.5825999975],[3636983.5650999965,4965146.705999998],[3636130.3017999986,4964483.1691],[3635373.4317,4964344.083799999],[3634836.6016000025,4964466.098900004],[3634531.9628000073,4964942.8511000015],[3634158.261100006,4965228.330800001],[3632449.1280000024,4965766.7401],[3631744.141,4965494.375799997],[3630875.1445999965,4965814.498499997],[3630126.968899999,4965707.9141000025],[3629316.6598000033,4966160.3807],[3629058.982100004,4966654.486000003],[3628427.894500003,4967344.114499999],[3628332.659699998,4968371.7948],[3627454.6230999967,4969131.620599998],[3627245.3725999994,4969430.510199998],[3626176.2601000033,4969980.202899998],[3625951.382799996,4970731.936999997],[3625468.5983000062,4971614.691100003],[3624729.109200003,4972174.916700001],[3624484.1614999995,4972560.979400003],[3624063.047199998,4973743.6996]]]},"properties":{"District":"CHAMBA","STATE":"HIMACHAL PRADESH","TEHSIL":"SALUNI","Shape_Leng":135853.869052,"Shape_Area":494126681.774}},
{"type":"Feature","geometry":{"type":"Polygon","coordinates":[[[3647622.8193000015,4920216.946800003],[3646608.4231999964,4920996.935899999],[3646361.478600007,4921031.520600003],[3645946.7656000014,4921543.070400003],[3645174.329300002,4922058.331200003],[3644637.0901999967,4922077.7919000015],[3644211.458700006,4921897.363299996],[3643653.8673999943,4922771.2122],[3642844.5333999987,4923258.934600002],[3642160.7339999964,4923529.608100001],[3641480.7839,4923509.397400001],[3641154.1723999954,4923161.091400005],[3640662.931699999,4923276.608800005],[3640394.473899998,4922836.143300001],[3639680.9520000024,4922239.113100004],[3639112.4543000036,4921969.606199998],[3638891.633800001,4921359.014100002],[3639061.6299000015,4920895.030300001],[3638661.2028000015,4920399.138100001],[3638625.1592000015,4919706.936399996],[3638297.7961,4918776.1087],[3637886.9077000013,4918362.1509],[3637421.382600005,4918435.749799999],[3637140.434799995,4918264.863300001],[3635837.614299997,4918645.094400001],[3635161.343099995,4919394.737599995],[3633620.4063000046,4918697.136699997],[3633581.7474000007,4919302.923600001],[3633395.2905999976,4919478.134900002],[3632848.2525999993,4919212.439099997],[3631959.1368000023,4919181.482099998],[3631288.747100004,4919316.009599998],[3630702.035499998,4919060.7589],[3630060.7327000024,4919362.685499998],[3629114.7825999963,4919209.541700003],[3628687.6202000016,4919354.972100001],[3627707.458300003,4920504.419700003],[3627333.1533999955,4920640.662599996],[3627234.9902000013,4921203.195599997],[3626830.270000004,4921039.600400001],[3626457.5079000033,4920418.161699997],[3626024.316900001,4920260.7086999975],[3625825.322700004,4919392.504299996],[3626234.6631999956,4918498.915],[3626824.384700003,4917446.743599998],[3627045.2147000018,4916886.877900001],[3627716.9769999986,4915850.026399999],[3628073.149699997,4915733.1841],[3628533.4209999978,4914942.255499996],[3628841.020400007,4913969.865800003],[3628498.2559999963,4913594.273699999],[3628352.8829999994,4913093.989699999],[3628098.780500001,4913025.98],[3628300.7300999984,4912388.223700006],[3628741.0235000025,4912626.286800003],[3629042.7169999983,4912489.522000003],[3628762.471699994,4911676.1158000035],[3628748.3593999986,4911041.5101999985],[3628216.0706999954,4909902.8919],[3628159.1683999985,4909389.057500001],[3628415.898199996,4908688.350400005],[3629089.352399998,4908165.033399998],[3629496.424200002,4907655.717500002],[3629201.8304999974,4907334.785700003],[3629489.381599998,4906925.391000001],[3630677.761900002,4906868.926399996],[3630761.310999995,4906393.071899999],[3631529.198400001,4906583.9909999985],[3632433.735799996,4906406.546199996],[3633062.711199997,4906727.628500003],[3634045.5116999997,4906972.740500001],[3635178.222000003,4906962.261600001],[3635942.9956,4906040.620799996],[3636354.2083000047,4905776.477000004],[3637139.2251999932,4905750.404099997],[3638098.7019999977,4905263.536499999],[3637962.608900004,4904735.942200005],[3638217.719899996,4904371.728100002],[3638007.866400007,4903873.804400003],[3638241.126700001,4903379.209200002],[3638009.5632000007,4902962.986299998],[3637974.4313000017,4902505.312400002],[3638326.854000003,4902381.049999999],[3639231.441899997,4902339.726599997],[3639386.342400003,4902073.603699999],[3640263.508800001,4901753.644299995],[3640724.4474999993,4902151.4328000005],[3641737.8452000036,4902834.396200002],[3642337.761399996,4902907.210900006],[3642448.5209000036,4902486.826800004],[3642307.7567000007,4901620.419599997],[3643176.383999999,4901489.035399999],[3643343.2528000027,4901843.709299998],[3643759.9253000002,4902070.820999995],[3643757.8180000065,4902430.433800004],[3643408.3198999977,4902784.644699998],[3643645.506399993,4903491.261299999],[3643415.764700001,4903556.2157000005],[3643418.293999997,4904207.885],[3643778.8826000057,4904774.487300005],[3643724.6600999944,4905414.995000001],[3644072.7644999963,4905936.256999996],[3644210.0469999975,4906425.837200001],[3643964.745699999,4906889.441500004],[3643009.4640999995,4907899.533399995],[3642253.9273999967,4908305.145099999],[3642464.9973999984,4908875.5128000025],[3641833.9442999996,4909775.973899998],[3641992.4833000028,4910447.710099997],[3641952.9061999964,4911101.867900003],[3641715.7887999984,4911599.042500004],[3641801.4676000075,4912004.973000003],[3642393.283699997,4912482.918000003],[3642780.9270000006,4913753.021700002],[3643158.8057000004,4914397.290199997],[3642898.8306000046,4914729.303299999],[3642808.1554,4915421.839300001],[3642452.377299999,4915961.2963999985],[3643214.9077999955,4916132.493399998],[3644039.642599997,4916649.640500005],[3644810.4258999955,4917338.2039],[3645388.6439000024,4917389.689199999],[3645908.797199999,4918054.274500002],[3646727.1521999957,4918530.859599998],[3647211.359100002,4919223.506599996],[3647252.4022999974,4919646.363400004],[3647622.8193000015,4920216.946800003]]]},"properties":{"District":"CHAMBA","STATE":"HIMACHAL PRADESH","TEHSIL":"SIHUNTA","Shape_Leng":96037.9245929,"Shape_Area":244516703.247}},
{"type":"Feature","geometry":{"type":"Polygon","coordinates":[[[3684260.1767000053,4859173.342699999],[3683780.968600001,4859273.2778],[3683164.5341000003,4859165.348299995],[3682443.648900004,4858710.940799996],[3682214.8806999996,4857707.196800001],[3682300.999,4857053.461200002],[3681927.2064000024,4856847.575499997],[3681215.097800001,4856908.538499997],[3681133.4599000025,4857415.467499999],[3680641.5864999983,4858004.851],[3679761.072499999,4858836.4443],[3679334.441399996,4858943.418700002],[3679562.5131000015,4858264.842500002],[3679877.4618000016,4856911.192000005],[3679203.952299997,4856460.672500003],[3678327.4993000003,4856326.238299996],[3677850.8288000016,4856429.582999999],[3677896.9748,4855933.3822],[3678576.8304,4855347.600999996],[3679016.976599999,4855329.209500003],[3679336.6961999945,4855061.254600001],[3679300.5319000054,4854312.169400003],[3679131.2588000027,4853907.571300002],[3679184.8154000007,4853443.556899998],[3678898.8531,4852979.909399997],[3678888.8426000047,4852141.030400001],[3679120.0682000006,4850697.377099998],[3679275.4476999994,4850144.748799998],[3680216.2041999996,4849724.575599998],[3680596.2799999984,4849386.0749999955],[3680819.810900007,4848855.984399997],[3680284.8844000017,4848493.518700004],[3680496.7996000005,4848297.400100004],[3681662.2502000076,4848173.804299995],[3681646.2070999956,4847537.526999997],[3681358.1806999957,4847612.523299998],[3680662.1648000013,4847261.621699997],[3679880.339500005,4847087.359200004],[3679739.5816000067,4846814.170400001],[3678890.466100003,4846343.049300004],[3678669.4518999974,4846628.312500004],[3677730.671099999,4846598.490499996],[3677343.0819000034,4846245.738700003],[3676974.2102999985,4846491.875499998],[3677029.892099999,4845588.813799999],[3676768.8112999997,4844899.762600005],[3676776.049599994,4844526.154199997],[3676462.0728999972,4843851.531200001],[3677059.0387999993,4843760.866900001],[3677406.906400005,4843047.2466],[3677750.408200007,4842646.457999997],[3678482.314900008,4842445.966299998],[3678461.4973,4841431.473299999],[3678903.851300005,4841571.738699999],[3678958.2211000063,4841881.4708],[3679449.960600006,4842124.2739],[3679559.476400002,4842493.3518],[3680064.9104000013,4842458.451100001],[3679962.556400005,4841830.576499999],[3680309.2275999985,4841468.5791],[3680641.537600003,4842211.579699997],[3681188.1203000005,4842502.368800001],[3681432.1150999945,4842433.180400003],[3682231.147900005,4842654.404000001],[3682621.386400003,4842314.5830999985],[3682669.8870000024,4841920.611100003],[3682817.1045000013,4841447.522900004],[3682188.8477999996,4841324.044799998],[3681846.160899999,4840474.700699998],[3682340.125499998,4840521.462699998],[3682721.764700006,4840359.008099999],[3682935.1434000004,4839761.253899997],[3683372.193499994,4839666.789299997],[3683355.385700007,4840212.035300005],[3682971.738999999,4840668.117600003],[3683390.8515,4841054.837600002],[3683917.3391999956,4841098.923],[3684566.362800002,4841502.434200001],[3685000.614,4841202.354800001],[3685540.1922999984,4841935.530299997],[3686581.6611,4841742.1188],[3686766.4813,4842101.406699998],[3687612.711300003,4843058.594600003],[3687983.571299996,4844185.343999998],[3688208.7053000038,4844258.425500004],[3687742.762599999,4845185.8803999955],[3687799.4624999994,4845364.8653],[3688130.9033999927,4846288.558400003],[3687925.4721000018,4846804.888699997],[3687412.2172000064,4847131.215900002],[3686978.206299994,4847166.456999997],[3686265.594099995,4847528.060300002],[3685827.049999997,4847525.652499996],[3684958.8725999985,4847959.7405],[3684349.2255000025,4848823.872600004],[3684486.5160000063,4849350.356800001],[3684355.4886000026,4850392.595400006],[3683809.8472999968,4851159.658300004],[3683798.3195999996,4852059.905500002],[3683366.3227999993,4852534.5021],[3683481.8511999976,4853050.362800002],[3683233.0420999993,4853842.024300002],[3683580.0288000023,4854298.008599997],[3683554.4375000005,4854912.299200002],[3683939.618000004,4855534.325800005],[3684263.879100004,4856550.184900002],[3684029.0627999976,4857352.437600003],[3684031.241800001,4858500.788199995],[3684260.1767000053,4859173.342699999]]]},"properties":{"District":"HAMIRPUR","STATE":"HIMACHAL PRADESH","TEHSIL":"BAMSAN","Shape_Leng":77616.3671139,"Shape_Area":106557212.95}},
{"type":"Feature","geometry":{"type":"Polygon","coordinates":[[[3680740.3327999976,4827608.339499997],[3680304.5636000047,4828501.714200005],[3680157.861900004,4829194.271399999],[3679779.8755000005,4829721.278100001],[3679611.7547000013,4830225.663300004],[3679165.378399994,4830641.345899998],[3679233.853,4831373.717899999],[3678719.8595999964,4831709.872200001],[3678267.0721999994,4832553.681499999],[3678067.617499998,4832653.995399997],[3677859.6110000024,4833328.389099997],[3679021.5302000013,4833189.316900001],[3679251.4959000014,4833495.362399995],[3678811.465999997,4834244.511999999],[3678077.5864000013,4834413.781699997],[3677848.1247999943,4834321.709699998],[3676860.6330999993,4834678.282800005],[3676712.723299999,4835771.536500002],[3676389.481500001,4835951.724700003],[3674932.8393,4837762.988100003],[3674423.6258000014,4837783.1988999965],[3674468.504899999,4837089.646999996],[3675006.375600003,4836095.3785000015],[3674299.173600002,4835931.716299998],[3674027.692000002,4835658.5844],[3674166.323200005,4834578.696],[3673404.3491000007,4834139.9157000035],[3672671.494499998,4834500.391899998],[3672067.2352999984,4834176.294299999],[3671934.378800001,4833324.800900002],[3671281.1420999984,4833337.728099998],[3671142.114399995,4833082.2272000015],[3671181.233400003,4832418.218299998],[3670885.7292,4831847.150000001],[3670444.2745000003,4831520.392100003],[3669894.9385,4831874.486199997],[3669683.866100001,4831302.349099997],[3668671.5753000025,4830653.205699999],[3668062.671200003,4830904.688799998],[3667310.4455000013,4830538.781399999],[3667796.8113999944,4830143.115800002],[3667097.973399998,4829810.373100005],[3666528.2796000033,4830095.055199997],[3665932.285099999,4829969.064399999],[3665756.9718999974,4830338.476300005],[3665661.7961999997,4831104.204599995],[3665374.4144999953,4831111.656300001],[3665157.6036999933,4831547.957600005],[3664329.260400001,4832375.675900001],[3664286.154399995,4832898.070600001],[3663989.7751,4833508.8309],[3663950.9231999926,4834026.257299999],[3663513.529899996,4834530.3325999975],[3663032.1930000065,4834420.426899996],[3662539.745700003,4834692.8497],[3661653.8315000045,4834152.581300002],[3662133.0489,4833484.860900003],[3662147.574699999,4832987.417299999],[3662435.6222999995,4832646.490000002],[3662606.1780999936,4831895.998400003],[3663365.7997999974,4830487.5441],[3663739.5767000057,4829451.054800001],[3663778.9222000036,4828744.566799998],[3664510.9782,4827829.603900002],[3664767.145400003,4827113.262199999],[3664856.7726999978,4826460.398600003],[3665429.6854000026,4825560.540600002],[3665522.395999996,4825213.712299997],[3665213.943499998,4824572.043900002],[3665299.2338000005,4824005.9988],[3665639.3461000016,4823036.3971],[3665984.8603000003,4822539.500399999],[3666876.0627999967,4820794.769099999],[3667648.0631000027,4820133.6456999965],[3667564.4244000018,4819909.774500003],[3667661.2599000083,4819685.761199997],[3668752.393599999,4818437.544300003],[3669264.259800005,4818041.931300003],[3669822.2333,4818212.284999999],[3670174.6183,4817979.736399999],[3670520.001900004,4818069.858599998],[3670941.329800004,4817887.169599998],[3671987.7652999945,4817017.709600002],[3672257.9015000034,4817068.058200002],[3672544.934100001,4818067.891899997],[3673102.5418000016,4817578.066599995],[3673111.7837999985,4817343.1074],[3673945.1073000026,4817319.272500003],[3674756.4993999987,4817282.866299998],[3674774.693400002,4817564.3153],[3674395.931800003,4818563.8465000065],[3674208.112999997,4819394.752199998],[3673906.721700002,4819894.530099999],[3673871.8063000026,4820531.4793],[3674028.8066999977,4821056.1303],[3674451.787800003,4821497.759100005],[3673858.658,4821830.299499998],[3673519.152900005,4821687.849799998],[3673252.0572000006,4822011.350700002],[3674064.3869000007,4822653.502700005],[3673967.284600001,4823302.390999999],[3673492.070200001,4823180.441599997],[3672967.616000001,4822503.245299999],[3672419.8731,4823215.7414],[3673027.1806999957,4823205.007899998],[3673460.5315999985,4823714.253699997],[3673183.327799997,4823850.874200001],[3672844.0472000046,4824540.533100004],[3673182.5753999986,4824705.980099998],[3673426.8237999957,4825247.284899998],[3673395.592900005,4826398.795300002],[3673521.234699998,4826632.163899997],[3673030.228,4827468.002300004],[3672259.977400001,4827183.450099998],[3671892.5281000007,4827711.879799996],[3672483.4701999985,4827708.546500002],[3672706.878399996,4828383.046199999],[3672244.9873,4828834.565600004],[3672995.9311000034,4829771.745400002],[3673116.2518000035,4829553.587999997],[3673636.635099996,4829675.7862],[3674126.322600004,4829303.349899996],[3674710.664700004,4829285.100499997],[3675514.1939999964,4828855.124899998],[3675910.147100003,4828162.094599999],[3676938.0763000054,4828149.589099997],[3676950.4842999987,4828695.566799996],[3677463.259000007,4828990.488399999],[3677955.0600000024,4828696.502499999],[3678041.5347999977,4829139.538499998],[3678551.615000003,4829340.9283],[3678888.404200006,4829040.578700002],[3679458.4896000037,4828932.012499997],[3680740.3327999976,4827608.339499997]]]},"properties":{"District":"HAMIRPUR","STATE":"HIMACHAL PRADESH","TEHSIL":"BARSAR","Shape_Leng":108778.999684,"Shape_Area":154266333.331}},
{"type":"Feature","geometry":{"type":"Polygon","coordinates":[[[3692208.724399996,4832173.2673],[3691870.615600002,4833479.836700004],[3691722.0660000034,4833666.737100001],[3691636.4448000006,4835200.252300004],[3691808.9193999995,4836020.085400002],[3692227.1746999994,4836860.031700001],[3692484.0398999937,4837842.014500003],[3692696.7593000047,4838148.861300001],[3692643.954300003,4838918.455499999],[3692448.8519,4839247.108100001],[3691557.6416999996,4839566.168799996],[3691185.0239999965,4839880.585900006],[3690454.4592999998,4840108.4564000005],[3690105.375400004,4840048.8388],[3689706.798600008,4840614.7927],[3689561.627499995,4841109.281399999],[3689186.552800002,4841462.314700002],[3689472.265900002,4842028.778400002],[3689528.603599999,4842656.940700002],[3689096.2990999958,4842793.923999997],[3689271.2064999975,4843511.0766],[3688484.8444000054,4844271.669199999],[3688208.7053000038,4844258.425500004],[3687983.571299996,4844185.343999998],[3687612.711300003,4843058.594600003],[3686766.4813,4842101.406699998],[3686581.6611,4841742.1188],[3685540.1922999984,4841935.530299997],[3685000.614,4841202.354800001],[3684566.362800002,4841502.434200001],[3683917.3391999956,4841098.923],[3683390.8515,4841054.837600002],[3682971.738999999,4840668.117600003],[3683355.385700007,4840212.035300005],[3683372.193499994,4839666.789299997],[3682935.1434000004,4839761.253899997],[3682721.764700006,4840359.008099999],[3682340.125499998,4840521.462699998],[3681846.160899999,4840474.700699998],[3682188.8477999996,4841324.044799998],[3682817.1045000013,4841447.522900004],[3682669.8870000024,4841920.611100003],[3682076.4787000003,4842184.240400003],[3681804.215499997,4841671.681299998],[3681014.5521000056,4841224.2874000035],[3680703.1017000014,4840917.932000004],[3680285.0760999992,4840124.701399997],[3680221.4154999997,4839743.236000005],[3680665.1095999978,4839733.608400002],[3680910.0723,4839500.526099996],[3680807.1283999984,4838968.568899998],[3681501.226899996,4838715.887200003],[3680572.690000002,4837656.260800002],[3680364.4987000017,4836382.8664],[3680335.9716000045,4835707.5969],[3680580.363199997,4835292.3905],[3680993.465000008,4835175.979600004],[3680764.759199995,4834569.202000003],[3680110.813600006,4834355.668299997],[3680097.495399995,4833610.934999997],[3680350.6656000055,4833091.293099996],[3680117.9214999937,4832320.0660999995],[3680230.430899996,4831186.105300004],[3680737.4480999988,4830792.0315000005],[3681164.4779999964,4831130.643799999],[3681696.8712000046,4830658.095099999],[3682278.7436000025,4830640.816200001],[3682800.3081999975,4830223.437299999],[3682605.9726999965,4829952.705899997],[3682595.276999999,4829311.118600003],[3683335.7191999983,4829598.387400001],[3683478.4188,4829163.788199997],[3683861.533000004,4829198.5145000005],[3684395.744700001,4830133.713400001],[3684958.370100001,4830056.667199999],[3685171.3752000025,4830285.295900002],[3685693.8202000055,4830098.4219],[3685955.709799997,4829459.136699997],[3686531.214199998,4829527.775800002],[3686736.760000001,4829838.890800001],[3687162.966300004,4829909.9964],[3687898.983600002,4830254.680200003],[3688313.2342,4830058.394399999],[3688270.798399999,4830728.6744000055],[3688400.4915999956,4830931.8911],[3690611.2399000023,4831415.435499996],[3691374.305200006,4831276.919000002],[3692086.5071,4830485.707899998],[3692891.8971999995,4829904.5373000065],[3692801.4744999977,4830716.941500004],[3692208.724399996,4832173.2673]]]},"properties":{"District":"HAMIRPUR","STATE":"HIMACHAL PRADESH","TEHSIL":"BHORANJ","Shape_Leng":68927.611411,"Shape_Area":129046845.173}},
{"type":"Feature","geometry":{"type":"Polygon","coordinates":[[[3680740.3327999976,4827608.339499997],[3679458.4896000037,4828932.012499997],[3678888.404200006,4829040.578700002],[3678551.615000003,4829340.9283],[3678041.5347999977,4829139.538499998],[3677955.0600000024,4828696.502499999],[3677463.259000007,4828990.488399999],[3676950.4842999987,4828695.566799996],[3676938.0763000054,4828149.589099997],[3675910.147100003,4828162.094599999],[3675514.1939999964,4828855.124899998],[3674710.664700004,4829285.100499997],[3674126.322600004,4829303.349899996],[3673636.635099996,4829675.7862],[3673116.2518000035,4829553.587999997],[3672995.9311000034,4829771.745400002],[3672244.9873,4828834.565600004],[3672706.878399996,4828383.046199999],[3672483.4701999985,4827708.546500002],[3671892.5281000007,4827711.879799996],[3672259.977400001,4827183.450099998],[3673030.228,4827468.002300004],[3673521.234699998,4826632.163899997],[3673395.592900005,4826398.795300002],[3673426.8237999957,4825247.284899998],[3673182.5753999986,4824705.980099998],[3672844.0472000046,4824540.533100004],[3673183.327799997,4823850.874200001],[3673460.5315999985,4823714.253699997],[3673027.1806999957,4823205.007899998],[3672419.8731,4823215.7414],[3672967.616000001,4822503.245299999],[3673492.070200001,4823180.441599997],[3673967.284600001,4823302.390999999],[3674064.3869000007,4822653.502700005],[3673252.0572000006,4822011.350700002],[3673519.152900005,4821687.849799998],[3673858.658,4821830.299499998],[3674451.787800003,4821497.759100005],[3674028.8066999977,4821056.1303],[3673871.8063000026,4820531.4793],[3673906.721700002,4819894.530099999],[3674208.112999997,4819394.752199998],[3674395.931800003,4818563.8465000065],[3674774.693400002,4817564.3153],[3674756.4993999987,4817282.866299998],[3673945.1073000026,4817319.272500003],[3674344.6482000016,4816018.444899999],[3675131.5969000054,4815672.2618],[3675286.047799993,4815337.2337000035],[3676290.5894000046,4814657.848900005],[3676353.839900004,4813936.808200004],[3676816.0927,4813418.811700001],[3677134.786600002,4813607.362000003],[3677813.145499993,4813698.328499995],[3678432.2580999993,4812588.718700002],[3678741.731200006,4812474.8259],[3679448.539399993,4812768.082800004],[3679972.619800004,4812622.705300001],[3680134.988600001,4812375.307300006],[3681020.274200004,4812465.828599999],[3681249.271600003,4811898.790000002],[3681651.039000001,4811945.062399996],[3681942.3011000007,4812520.430899996],[3681491.0380000044,4813465.705499999],[3681850.5571000013,4814104.1603],[3682461.055800002,4814191.511200002],[3682790.8050000034,4814649.744100003],[3682621.8812999986,4815526.8451999985],[3681990.1813999973,4816276.869500002],[3681697.6366000054,4817209.634499999],[3681188.0979999993,4818498.652600005],[3681190.4827000005,4819300.428800005],[3681573.658200004,4820302.569899997],[3681558.5211000033,4821119.060800003],[3681664.4467,4821928.267400004],[3682218.989000001,4822753.040100003],[3682198.897100005,4824068.839799996],[3681898.1219999995,4824925.1739000045],[3682146.301200006,4825204.445099996],[3682031.963999998,4826037.672200002],[3681040.0714,4826514.638200003],[3680819.621799994,4826878.704299999],[3681007.4098000005,4827225.249899998],[3680740.3327999976,4827608.339499997]]]},"properties":{"District":"HAMIRPUR","STATE":"HIMACHAL PRADESH","TEHSIL":"DHATWAL","Shape_Leng":70189.1721546,"Shape_Area":122072796.613}},
{"type":"Feature","geometry":{"type":"Polygon","coordinates":[[[3667199.4100999967,4840283.5053],[3666846.876200002,4840392.379600001],[3666010.527300004,4839472.877999999],[3665266.693000001,4839324.735100005],[3664744.215500001,4840093.386500003],[3664525.824299995,4839921.970599998],[3663929.499599998,4840327.045400005],[3662835.956000003,4840594.394799998],[3662091.729999995,4841037.2486999985],[3661208.577200005,4840583.881400004],[3660586.1067999937,4840450.177799998],[3660460.436999999,4839947.1992000025],[3660927.728699995,4839782.735700004],[3661840.7196000004,4840008.036599999],[3662980.410600001,4839648.684799999],[3663378.909900004,4839416.2410999965],[3663040.4749000017,4839094.676],[3663046.1093000034,4838388.3606],[3662537.3180000023,4838423.052599998],[3661979.520499998,4838171.367999998],[3661652.449400001,4837452.2332],[3660549.8318999996,4837165.312600005],[3660615.988799995,4836649.0505000055],[3660260.0948999943,4836052.598700004],[3660657.730100002,4835604.2589000035],[3660958.570099999,4835619.586799999],[3661325.089399997,4834826.692699997],[3661573.5203000046,4834738.033100005],[3661653.8315000045,4834152.581300002],[3662539.745700003,4834692.8497],[3663032.1930000065,4834420.426899996],[3663513.529899996,4834530.3325999975],[3663950.9231999926,4834026.257299999],[3663989.7751,4833508.8309],[3664286.154399995,4832898.070600001],[3664329.260400001,4832375.675900001],[3665157.6036999933,4831547.957600005],[3665374.4144999953,4831111.656300001],[3665661.7961999997,4831104.204599995],[3665756.9718999974,4830338.476300005],[3665932.285099999,4829969.064399999],[3666528.2796000033,4830095.055199997],[3667097.973399998,4829810.373100005],[3667796.8113999944,4830143.115800002],[3667310.4455000013,4830538.781399999],[3668062.671200003,4830904.688799998],[3668671.5753000025,4830653.205699999],[3669683.866100001,4831302.349099997],[3669894.9385,4831874.486199997],[3670444.2745000003,4831520.392100003],[3670885.7292,4831847.150000001],[3671181.233400003,4832418.218299998],[3671142.114399995,4833082.2272000015],[3670846.629399997,4833844.096900003],[3670460.031,4834050.584900001],[3670321.9866999984,4834618.009299999],[3670543.2769000037,4834751.613999998],[3670246.4169,4835828.984200003],[3669502.448199998,4836883.3906],[3668847.570200001,4837390.679600004],[3668818.914800005,4837752.850900004],[3669129.851799999,4838282.930000002],[3668434.6316000014,4839342.859799996],[3667830.6240000003,4839757.614000002],[3667854.0357000018,4840018.640099995],[3667199.4100999967,4840283.5053]]]},"properties":{"District":"HAMIRPUR","STATE":"HIMACHAL PRADESH","TEHSIL":"GALORE","Shape_Leng":53842.0643581,"Shape_Area":68232575.6151}},
{"type":"Feature","geometry":{"type":"Polygon","coordinates":[[[3676974.2102999985,4846491.875499998],[3676768.5021999977,4846609.919000004],[3676524.299800003,4847478.628700001],[3675070.7887999974,4847647.109599996],[3674962.132000003,4847958.221099997],[3674137.5094000013,4848180.5029000025],[3673885.2268999936,4848713.607300001],[3673928.1818000036,4849199.9163999995],[3672476.990099996,4849264.355400003],[3672435.2706999984,4848716.548799995],[3671822.6256000022,4848369.522199998],[3671305.0835999995,4847736.9649],[3670902.962899997,4847974.189700002],[3670598.135900002,4848426.340200002],[3669753.6412999984,4848300.3356],[3669462.5829999945,4848326.274700004],[3669032.3800000018,4848713.5474000005],[3668303.3255999964,4848328.985399999],[3668106.014200001,4847792.792499997],[3668615.747200002,4846761.385299996],[3668327.3526000013,4846184.686500005],[3668804.712200002,4845542.687399997],[3668853.987599996,4844888.387199998],[3669174.6058000056,4844053.887500003],[3668987.109599999,4843648.097400002],[3667560.9913000045,4843390.848499995],[3668236.279799996,4843042.423399997],[3668211.803900006,4842665.487899998],[3667688.7185999937,4842313.1552000055],[3667537.3718999997,4841966.855300001],[3666996.327800002,4841350.510500002],[3666887.702199999,4840838.527000003],[3667199.4100999967,4840283.5053],[3667854.0357000018,4840018.640099995],[3667830.6240000003,4839757.614000002],[3668434.6316000014,4839342.859799996],[3669129.851799999,4838282.930000002],[3668818.914800005,4837752.850900004],[3668847.570200001,4837390.679600004],[3669502.448199998,4836883.3906],[3670246.4169,4835828.984200003],[3670543.2769000037,4834751.613999998],[3670321.9866999984,4834618.009299999],[3670460.031,4834050.584900001],[3670846.629399997,4833844.096900003],[3671142.114399995,4833082.2272000015],[3671281.1420999984,4833337.728099998],[3671934.378800001,4833324.800900002],[3672067.2352999984,4834176.294299999],[3672671.494499998,4834500.391899998],[3673404.3491000007,4834139.9157000035],[3674166.323200005,4834578.696],[3674027.692000002,4835658.5844],[3674299.173600002,4835931.716299998],[3675006.375600003,4836095.3785000015],[3674468.504899999,4837089.646999996],[3674423.6258000014,4837783.1988999965],[3674932.8393,4837762.988100003],[3676389.481500001,4835951.724700003],[3676712.723299999,4835771.536500002],[3676860.6330999993,4834678.282800005],[3677848.1247999943,4834321.709699998],[3678077.5864000013,4834413.781699997],[3678811.465999997,4834244.511999999],[3679251.4959000014,4833495.362399995],[3679021.5302000013,4833189.316900001],[3677859.6110000024,4833328.389099997],[3678067.617499998,4832653.995399997],[3678267.0721999994,4832553.681499999],[3678719.8595999964,4831709.872200001],[3679233.853,4831373.717899999],[3679165.378399994,4830641.345899998],[3679611.7547000013,4830225.663300004],[3679779.8755000005,4829721.278100001],[3680157.861900004,4829194.271399999],[3680304.5636000047,4828501.714200005],[3680740.3327999976,4827608.339499997],[3681007.4098000005,4827225.249899998],[3680819.621799994,4826878.704299999],[3681040.0714,4826514.638200003],[3682031.963999998,4826037.672200002],[3681946.102700006,4826256.957600003],[3682269.758199995,4826980.943900004],[3682280.3511999976,4827578.614400001],[3682142.026199996,4828233.629200004],[3682525.2814999963,4828664.3806000035],[3682595.276999999,4829311.118600003],[3682605.9726999965,4829952.705899997],[3682800.3081999975,4830223.437299999],[3682278.7436000025,4830640.816200001],[3681696.8712000046,4830658.095099999],[3681164.4779999964,4831130.643799999],[3680737.4480999988,4830792.0315000005],[3680230.430899996,4831186.105300004],[3680117.9214999937,4832320.0660999995],[3680350.6656000055,4833091.293099996],[3680097.495399995,4833610.934999997],[3680110.813600006,4834355.668299997],[3680764.759199995,4834569.202000003],[3680993.465000008,4835175.979600004],[3680580.363199997,4835292.3905],[3680335.9716000045,4835707.5969],[3680364.4987000017,4836382.8664],[3680572.690000002,4837656.260800002],[3681501.226899996,4838715.887200003],[3680807.1283999984,4838968.568899998],[3680910.0723,4839500.526099996],[3680665.1095999978,4839733.608400002],[3680221.4154999997,4839743.236000005],[3680285.0760999992,4840124.701399997],[3680703.1017000014,4840917.932000004],[3681014.5521000056,4841224.2874000035],[3681804.215499997,4841671.681299998],[3682076.4787000003,4842184.240400003],[3682669.8870000024,4841920.611100003],[3682621.386400003,4842314.5830999985],[3682231.147900005,4842654.404000001],[3681432.1150999945,4842433.180400003],[3681188.1203000005,4842502.368800001],[3680641.537600003,4842211.579699997],[3680309.2275999985,4841468.5791],[3679962.556400005,4841830.576499999],[3680064.9104000013,4842458.451100001],[3679559.476400002,4842493.3518],[3679449.960600006,4842124.2739],[3678958.2211000063,4841881.4708],[3678903.851300005,4841571.738699999],[3678461.4973,4841431.473299999],[3678482.314900008,4842445.966299998],[3677750.408200007,4842646.457999997],[3677406.906400005,4843047.2466],[3677059.0387999993,4843760.866900001],[3676462.0728999972,4843851.531200001],[3676776.049599994,4844526.154199997],[3676768.8112999997,4844899.762600005],[3677029.892099999,4845588.813799999],[3676974.2102999985,4846491.875499998]]]},"properties":{"District":"HAMIRPUR","STATE":"HIMACHAL PRADESH","TEHSIL":"HAMIRPUR","Shape_Leng":105975.502316,"Shape_Area":156364783.551}},
{"type":"Feature","geometry":{"type":"Polygon","coordinates":[[[3667060.7711999984,4854626.223799997],[3666827.2567000035,4854400.470699998],[3666495.5969000054,4854743.682700004],[3666630.9288000045,4855387.995999999],[3666244.9302,4855360.4199],[3666064.1841999996,4854663.464799998],[3666064.4557999964,4854155.161600002],[3665683.654900001,4853704.810100005],[3664860.2244999963,4853917.799699996],[3664060.7880999963,4853937.0472000055],[3663674.4942999966,4853829.967599999],[3663588.808799999,4853511.000199997],[3663872.4969000006,4852905.473499999],[3663694.028100003,4852619.799699997],[3663518.239699996,4852691.642499999],[3662709.3557000034,4853886.941399999],[3662154.4109999985,4853959.933900002],[3661116.5971,4852611.565200003],[3660379.2580000013,4851904.631300001],[3659529.309399998,4851605.821499998],[3659035.0467000026,4851960.230000003],[3659260.1070999987,4852505.510000002],[3658933.447999996,4852782.902000003],[3658600.3014999963,4853545.468400001],[3658328.864099999,4853770.094699997],[3657757.5238000047,4853684.9871000005],[3657141.5464000045,4853325.510200001],[3656378.898299999,4852736.047200004],[3655654.7307000007,4852366.287999999],[3653620.7381000035,4852188.257000003],[3653180.8549999953,4852620.432100005],[3653288.6451000012,4852190.3881],[3653836.2526999987,4851784.826100001],[3654051.1585000004,4851179.386299999],[3653611.133299997,4850806.0145],[3653594.6804000014,4850002.537300002],[3653942.755800004,4849188.921199998],[3654019.3850999977,4848440.751899999],[3654580.8298999956,4847663.931200005],[3654797.6859000064,4847199.638799997],[3654591.0357999997,4846718.7533],[3654063.7135000033,4846467.1510999985],[3654454.3718000017,4845586.361900002],[3654900.846199997,4844324.525200002],[3655565.2442999976,4843355.5967000015],[3655745.969300002,4842728.576099999],[3656032.7315999996,4842244.779099997],[3656611.9780000034,4841711.686700003],[3657325.040500004,4840328.992600003],[3657333.7071,4839939.164599996],[3657654.7827999946,4839688.3061],[3657723.9795999965,4839206.926099999],[3658297.4720999957,4838552.283099998],[3658475.5588999973,4837960.559600003],[3658898.8510000072,4837229.733700001],[3659611.9198999973,4836703.266399996],[3660260.0948999943,4836052.598700004],[3660615.988799995,4836649.0505000055],[3660549.8318999996,4837165.312600005],[3661652.449400001,4837452.2332],[3661979.520499998,4838171.367999998],[3662537.3180000023,4838423.052599998],[3663046.1093000034,4838388.3606],[3663040.4749000017,4839094.676],[3663378.909900004,4839416.2410999965],[3662980.410600001,4839648.684799999],[3661840.7196000004,4840008.036599999],[3660927.728699995,4839782.735700004],[3660460.436999999,4839947.1992000025],[3660586.1067999937,4840450.177799998],[3661208.577200005,4840583.881400004],[3662091.729999995,4841037.2486999985],[3662835.956000003,4840594.394799998],[3663929.499599998,4840327.045400005],[3664525.824299995,4839921.970599998],[3664744.215500001,4840093.386500003],[3665266.693000001,4839324.735100005],[3666010.527300004,4839472.877999999],[3666846.876200002,4840392.379600001],[3667199.4100999967,4840283.5053],[3666887.702199999,4840838.527000003],[3666996.327800002,4841350.510500002],[3667537.3718999997,4841966.855300001],[3667688.7185999937,4842313.1552000055],[3668211.803900006,4842665.487899998],[3668236.279799996,4843042.423399997],[3667560.9913000045,4843390.848499995],[3668987.109599999,4843648.097400002],[3669174.6058000056,4844053.887500003],[3668853.987599996,4844888.387199998],[3668804.712200002,4845542.687399997],[3668327.3526000013,4846184.686500005],[3668615.747200002,4846761.385299996],[3668106.014200001,4847792.792499997],[3668303.3255999964,4848328.985399999],[3669032.3800000018,4848713.5474000005],[3669462.5829999945,4848326.274700004],[3669753.6412999984,4848300.3356],[3669525.183500001,4848654.010500002],[3669836.6620000005,4849032.606300004],[3669523.1513999966,4849547.579900002],[3669403.4080000003,4850271.771500001],[3668836.9205000056,4850457.2061],[3668331.196800005,4850933.137500001],[3667759.945600007,4850741.119499997],[3667448.4126999932,4850286.815400002],[3667156.4723000014,4850424.797600001],[3667115.074900005,4851238.166299995],[3667415.395900004,4851955.120299999],[3666890.1072999993,4852468.942899998],[3667200.4327000016,4852988.057099999],[3667806.3004000005,4853329.5874999985],[3667783.6018999945,4853619.979100004],[3667375.590099998,4853985.941399996],[3667060.7711999984,4854626.223799997]]]},"properties":{"District":"HAMIRPUR","STATE":"HIMACHAL PRADESH","TEHSIL":"NADAUN","Shape_Leng":87300.5665976,"Shape_Area":187884569.905}},
{"type":"Feature","geometry":{"type":"Polygon","coordinates":[[[3685189.4910999984,4862055.761200003],[3684351.575700002,4862420.789399998],[3684164.9555,4863033.589899998],[3683849.5277999984,4863439.677099997],[3682794.597499997,4863788.500700001],[3681702.0042999946,4864261.006299999],[3680725.390699996,4864299.656799999],[3680341.151499999,4864016.0721],[3679746.337299999,4863820.759800002],[3678145.3872000016,4863755.382299999],[3677445.3599000005,4863646.026400004],[3676493.183600003,4862823.765999997],[3674525.986900005,4860736.383699998],[3674338.546299999,4860387.570900004],[3674358.7172000073,4859622.351699997],[3673985.2416999973,4858982.450200001],[3673231.6984,4858639.825000001],[3672184.412399997,4858775.4964000005],[3671678.3011000035,4858195.74],[3670301.5967999995,4857612.679399998],[3669998.102999996,4857293.067499997],[3668958.4843999958,4857539.303200001],[3668768.6017999984,4857256.0013000015],[3668934.571100001,4856623.954999998],[3669551.7326999954,4856156.730899998],[3669701.307699997,4855507.350800004],[3669169.570000002,4855237.416700002],[3668779.1032000054,4855442.623200001],[3668680.364699995,4855841.428200003],[3668282.017599997,4856254.348900002],[3667761.778499997,4856180.6972],[3667711.677800002,4855493.595300004],[3668566.9071000014,4855093.341799997],[3667945.101299998,4854785.100000005],[3667556.9475999963,4854895.867700003],[3667060.7711999984,4854626.223799997],[3667375.590099998,4853985.941399996],[3667783.6018999945,4853619.979100004],[3667806.3004000005,4853329.5874999985],[3667200.4327000016,4852988.057099999],[3666890.1072999993,4852468.942899998],[3667415.395900004,4851955.120299999],[3667115.074900005,4851238.166299995],[3667156.4723000014,4850424.797600001],[3667448.4126999932,4850286.815400002],[3667759.945600007,4850741.119499997],[3668331.196800005,4850933.137500001],[3668836.9205000056,4850457.2061],[3669403.4080000003,4850271.771500001],[3669523.1513999966,4849547.579900002],[3669836.6620000005,4849032.606300004],[3669525.183500001,4848654.010500002],[3669753.6412999984,4848300.3356],[3670598.135900002,4848426.340200002],[3670902.962899997,4847974.189700002],[3671305.0835999995,4847736.9649],[3671822.6256000022,4848369.522199998],[3672435.2706999984,4848716.548799995],[3672476.990099996,4849264.355400003],[3673928.1818000036,4849199.9163999995],[3673885.2268999936,4848713.607300001],[3674137.5094000013,4848180.5029000025],[3674962.132000003,4847958.221099997],[3675070.7887999974,4847647.109599996],[3676524.299800003,4847478.628700001],[3676768.5021999977,4846609.919000004],[3676974.2102999985,4846491.875499998],[3677343.0819000034,4846245.738700003],[3677730.671099999,4846598.490499996],[3678669.4518999974,4846628.312500004],[3678890.466100003,4846343.049300004],[3679739.5816000067,4846814.170400001],[3679880.339500005,4847087.359200004],[3680662.1648000013,4847261.621699997],[3681358.1806999957,4847612.523299998],[3681646.2070999956,4847537.526999997],[3681662.2502000076,4848173.804299995],[3680496.7996000005,4848297.400100004],[3680284.8844000017,4848493.518700004],[3680819.810900007,4848855.984399997],[3680596.2799999984,4849386.0749999955],[3680216.2041999996,4849724.575599998],[3679275.4476999994,4850144.748799998],[3679120.0682000006,4850697.377099998],[3678888.8426000047,4852141.030400001],[3678898.8531,4852979.909399997],[3679184.8154000007,4853443.556899998],[3679131.2588000027,4853907.571300002],[3679300.5319000054,4854312.169400003],[3679336.6961999945,4855061.254600001],[3679016.976599999,4855329.209500003],[3678576.8304,4855347.600999996],[3677896.9748,4855933.3822],[3677850.8288000016,4856429.582999999],[3678327.4993000003,4856326.238299996],[3679203.952299997,4856460.672500003],[3679877.4618000016,4856911.192000005],[3679562.5131000015,4858264.842500002],[3679334.441399996,4858943.418700002],[3679761.072499999,4858836.4443],[3680641.5864999983,4858004.851],[3681133.4599000025,4857415.467499999],[3681215.097800001,4856908.538499997],[3681927.2064000024,4856847.575499997],[3682300.999,4857053.461200002],[3682214.8806999996,4857707.196800001],[3682443.648900004,4858710.940799996],[3683164.5341000003,4859165.348299995],[3683780.968600001,4859273.2778],[3684260.1767000053,4859173.342699999],[3684468.3798999987,4859341.084000003],[3684570.2237000028,4860708.3630000055],[3685189.4910999984,4862055.761200003]]]},"properties":{"District":"HAMIRPUR","STATE":"HIMACHAL PRADESH","TEHSIL":"TIRA SUJANPUR","Shape_Leng":86185.023756,"Shape_Area":168030440.563}},
{"type":"Feature","geometry":{"type":"Polygon","coordinates":[[[3694966.5846000016,4896160.585499998],[3694512.8026999948,4896447.320200004],[3694238.4343999987,4896371.2117],[3693681.4363000025,4896631.387999998],[3693085.651899999,4897254.046000004],[3692490.312499998,4897645.6173],[3691873.3275000006,4897359.431],[3691223.8095000014,4897392.505800005],[3691203.3031999962,4897093.862899998],[3690471.6615999998,4896219.079400001],[3690310.4896000074,4895842.7771999985],[3689658.8912999993,4895211.228700001],[3688355.418700001,4895216.889600002],[3687452.7962000025,4896084.454199997],[3687217.5460999953,4896138.197500002],[3686196.9860000033,4895599.107800003],[3685569.8680000044,4894859.3133000005],[3685143.0738000018,4894729.813499998],[3684605.116200003,4893890.587800002],[3684707.9662000053,4893613.984999996],[3684386.7002000036,4892685.117699996],[3684665.310599994,4892039.270999998],[3683745.5678000017,4890651.521700001],[3683970.837800004,4890038.5154],[3684168.6447000005,4888592.771799997],[3684788.0084000016,4888040.5847999975],[3684747.927299996,4887801.122799998],[3684067.189700002,4887363.751100004],[3683642.9059999995,4887377.892700004],[3683383.4029000006,4887139.961399995],[3682887.819400002,4887422.065600002],[3682172.303499995,4887561.039199999],[3681771.968099993,4887025.265700004],[3681770.325999996,4886386.739999997],[3682135.8965999996,4885585.171599995],[3682482.707999994,4885077.745900005],[3682068.4311000016,4884125.698800003],[3681592.995900002,4883816.397600001],[3681061.0013000015,4883866.389799999],[3680987.248300003,4883165.473700004],[3680645.3232999966,4882576.5496],[3680637.910700001,4881824.772900002],[3680879.5119000035,4881527.099399996],[3680561.407499996,4881061.546299999],[3680858.837800007,4880368.959099999],[3680598.1335999947,4879802.684800002],[3680568.0217999932,4879346.120799998],[3681173.2554000025,4878810.724000001],[3681224.1848999974,4878514.981200002],[3681653.678099999,4878324.437999999],[3682527.1829999983,4877441.797200002],[3683198.2727999957,4877278.987700002],[3683540.2700000056,4876823.248299999],[3683904.969799999,4875791.5478000045],[3683732.0565000027,4875256.7335],[3683324.6117999963,4874926.321900001],[3683839.9848000044,4874457.156000003],[3683762.5916000027,4873701.009399998],[3684125.4197999975,4872169.724399997],[3684055.7555000028,4871090.0749],[3683860.1718999967,4870535.980599997],[3683307.1542999977,4869745.0753000025],[3683212.092000003,4869286.491500004],[3683509.0002000015,4867971.128600005],[3684087.914800001,4867779.505000003],[3684731.0404999964,4867749.482599996],[3685082.6841999977,4867921.022999994],[3686344.552799997,4867084.0012000045],[3686542.5050000055,4867222.541800002],[3687458.3620000016,4866850.645399999],[3688179.518000001,4866714.971799998],[3687906.5139000006,4866225.918299995],[3688080.483599996,4865656.862600001],[3688552.709299996,4865579.881900004],[3689142.6533999946,4865802.831200001],[3689525.0489,4866408.955400005],[3689603.6221000073,4867169.402000001],[3689973.9985000007,4868104.099299999],[3690476.523500003,4868243.268700005],[3690659.856099997,4868536.6009],[3690528.4269999973,4869150.386900001],[3689974.303400005,4869582.752700005],[3690090.1357999947,4869988.415700001],[3690011.5775000006,4870717.012600005],[3689748.8270999985,4871303.818900003],[3689757.4798999997,4872179.207099998],[3690035.1437000027,4872364.905400002],[3689711.9838000005,4873527.209600002],[3689279.8033999987,4874424.607600002],[3688807.001599998,4875154.4658],[3688477.3470000047,4875434.618100001],[3687786.6169,4877151.224999998],[3687833.6213999963,4877721.742099998],[3687733.7533000032,4878621.781200001],[3687588.7631999985,4878989.305],[3688224.8116000015,4879858.871199999],[3688212.6124999966,4880108.273200005],[3688936.9196000053,4880283.062199996],[3688959.3819999974,4880965.168300003],[3690091.0539000034,4881508.509399995],[3691010.2414000044,4881283.984499997],[3691300.3125000014,4880890.640600003],[3691771.277400001,4880981.458399998],[3691700.5644999975,4880363.754000002],[3691832.213799999,4879783.488300003],[3692245.257299996,4879708.576299995],[3693189.3939000033,4879160.038200002],[3693793.7396000056,4879234.706800001],[3694232.0416999944,4878706.040600006],[3694641.756199997,4878924.891300002],[3695063.762299996,4879641.296400003],[3695570.4677000004,4879926.987200001],[3695771.181000001,4880361.680500001],[3696911.434299998,4881314.315299999],[3697467.2925999984,4882318.722500002],[3698068.128899996,4882602.4531],[3698458.8161000004,4883035.216899997],[3697741.4146000026,4884066.275199996],[3696680.626400004,4884814.135200005],[3696628.318400006,4885243.2168999985],[3696075.994600001,4886030.728700001],[3696066.9597000014,4886286.351499999],[3695467.2163999947,4886930.212499995],[3695748.1700999993,4887522.760600002],[3695699.608099997,4888593.502900001],[3696193.3812000034,4889137.141900003],[3696317.972299997,4890060.345199996],[3695908.0992,4890558.421300004],[3695841.3178999983,4891105.043],[3695975.813600001,4891612.737100005],[3695185.171400005,4893471.5407000035],[3694675.486500006,4894102.426499996],[3694790.2398999967,4894775.582900001],[3695067.318000002,4895268.172899997],[3694966.5846000016,4896160.585499998]]]},"properties":{"District":"KANGRA","STATE":"HIMACHAL PRADESH","TEHSIL":"BAIJNATH","Shape_Leng":107704.115982,"Shape_Area":287303705.114}},
{"type":"Feature","geometry":{"type":"Polygon","coordinates":[[[3659324.5429000026,4879642.165000004],[3658780.2273999993,4879444.984999996],[3658197.280799998,4879047.973499995],[3657893.6485999934,4879196.655800004],[3658165.8926,4879661.2690999955],[3658562.1572000054,4879960.9503999995],[3658791.1917,4880692.406200003],[3658802.224600003,4881520.823600002],[3658667.8253,4882060.418900004],[3659246.511600001,4882390.179900004],[3659356.3346000053,4883005.164999995],[3659189.7452000044,4883619.711099999],[3658875.773300003,4883872.634400003],[3658131.7442999994,4883175.150699995],[3657582.9383000024,4882852.699699998],[3656355.9764999934,4882603.651600001],[3655811.0826999983,4882902.736200001],[3655340.5979000004,4882732.2562000025],[3655464.811200004,4883376.191599995],[3654989.1287999996,4883919.088100003],[3654772.7893999973,4884676.275600005],[3654094.0378999966,4884296.9252999965],[3653465.996200001,4884198.875799995],[3653197.611599993,4883577.591099996],[3653138.967300002,4882465.271299998],[3652706.431700002,4881958.208299998],[3652653.699500001,4881445.613899998],[3651824.269800004,4880779.980700003],[3650886.0313000036,4880724.693399998],[3650077.8612999995,4879929.839099997],[3650152.930100002,4879365.733800003],[3649782.7665000055,4879281.394299995],[3649492.4626999986,4878926.062100002],[3649998.5859000026,4878545.6368999975],[3649852.3932999945,4878164.193999995],[3650039.8938000016,4877826.700299999],[3649753.617700006,4876795.782099998],[3649363.6331000016,4876483.540600004],[3649223.179799992,4875890.535700005],[3648644.113399998,4875507.244299998],[3649272.4965999993,4874823.346000005],[3649273.8258999996,4874614.344099995],[3648231.2034000047,4873676.629300002],[3648572.965800006,4873477.7662999965],[3648836.5265000025,4873004.611099998],[3648781.8248000024,4872641.228100006],[3649101.644399998,4871705.948599998],[3649537.526600001,4871208.122600004],[3649875.356799994,4870384.423999998],[3649891.1051999973,4869877.059400003],[3650105.8365000007,4869692.096999997],[3650646.8221999994,4869955.2475000005],[3651033.2055999986,4869936.726],[3651588.052599999,4870524.419399995],[3652121.5776,4870584.198099999],[3653885.8088000016,4872175.466400001],[3655273.9107000027,4872000.380099999],[3655527.033600005,4872203.341099999],[3655899.1061000004,4871961.727600003],[3656336.551099999,4872269.4789],[3656874.0153999976,4872127.0758],[3657866.005599998,4872503.505799998],[3658904.2249000035,4872514.532400005],[3660269.278200002,4872822.570500003],[3662188.775399997,4872820.874],[3662427.2582000014,4873008.254799999],[3663207.204299998,4872758.409899997],[3663603.439299999,4873180.812400002],[3663993.7361999955,4873025.321700001],[3664126.934199999,4873256.501300003],[3664767.509900001,4873243.158999998],[3664985.8734000055,4873685.972299997],[3664803.7051000004,4874678.101800002],[3664239.434799996,4876078.086300001],[3663845.863399997,4876705.043299997],[3662956.5979999965,4877460.283099999],[3662048.4605999994,4877669.617999999],[3661366.8338999953,4877490.568699999],[3660423.7057000045,4877559.9125000015],[3660099.5534999934,4877771.415500002],[3660164.306100003,4878360.9805999985],[3659623.4120000005,4878583.244400002],[3659822.0662999954,4879331.120500002],[3659324.5429000026,4879642.165000004]]]},"properties":{"District":"KANGRA","STATE":"HIMACHAL PRADESH","TEHSIL":"BAROH","Shape_Leng":65598.5098915,"Shape_Area":131464158.635}},
{"type":"Feature","geometry":{"type":"Polygon","coordinates":[[[3635826.467500005,4858466.092199996],[3636422.049400001,4858335.879300002],[3637385.2408000045,4859405.219799998],[3638641.8708999967,4860012.087500002],[3638954.6252999967,4861045.150500002],[3639263.9976999955,4861388.509399999],[3639622.7656999994,4862180.383199999],[3638820.484100002,4863168.519900005],[3638451.5085999984,4862045.103899998],[3638129.4940000037,4861556.322100002],[3637409.7634999994,4862482.859900001],[3637250.301600001,4862917.453699996],[3638224.2547999974,4863790.261600001],[3638588.1539999973,4864219.121300002],[3638933.317199995,4864943.726199999],[3640004.3935000002,4866261.6269000005],[3640530.618100005,4865748.912500002],[3640749.551299994,4865026.886700001],[3641306.1635000035,4865237.724500004],[3641369.448200007,4866061.837100001],[3640833.0105999997,4866962.525700002],[3640090.4982000007,4867337.658400001],[3639143.0287000006,4867162.000500004],[3638628.446000006,4867597.876800003],[3638780.3961000023,4868036.614500002],[3638337.0895000035,4868404.805299997],[3637506.7755,4868698.981800003],[3637219.4588000067,4869237.396599997],[3636503.4145,4869581.473299997],[3634910.2719999976,4870140.7434],[3634652.0411999994,4870588.908400003],[3633573.3413999956,4870554.331799995],[3632956.767000001,4870858.8966999985],[3632445.342400003,4870864.818499997],[3632011.187800001,4870666.228199998],[3631393.7428999953,4870823.231800001],[3630930.2697999994,4871133.226200001],[3630091.7507999963,4870714.155400002],[3629431.272699994,4870076.761899998],[3629256.7941000024,4870916.900099999],[3628825.2322999975,4871521.867000001],[3628438.497100004,4871033.164000004],[3627745.984599999,4872077.8758],[3627116.2601000015,4872396.960900005],[3627285.258900002,4871630.193399997],[3626980.5453000013,4871389.462299997],[3627047.041699997,4870658.595500003],[3627200.067499999,4870248.196199998],[3627689.3731999975,4870003.182200003],[3627743.503600001,4869430.457600005],[3626899.7467999985,4869551.627599997],[3627093.9082999965,4869045.073500002],[3626588.413900001,4868565.4941],[3626831.9240000034,4867902.691799995],[3627566.4608000014,4867811.3078999985],[3628309.9054000033,4867216.151999997],[3628022.4135999978,4866710.314299997],[3628332.658100003,4866236.318000005],[3627686.8652999992,4866282.624699997],[3627443.8404000015,4865940.7216],[3627242.143100002,4865155.1850999985],[3627902.7485999987,4864465.357099999],[3627992.1767999986,4864151.120900003],[3628786.3923000004,4863429.3271999955],[3629354.1384999966,4863745.263299999],[3629613.9369999957,4864666.054200006],[3630596.3356999997,4863869.144799998],[3631239.8560000015,4864320.324400004],[3631461.937500001,4863071.090799999],[3632144.0194000034,4862063.997400003],[3631856.2929,4861618.191000002],[3631847.571099995,4861204.9125000015],[3631253.682599997,4860443.843499996],[3631571.1315,4859734.465900005],[3632076.2448000032,4859584.4882],[3632252.9324999973,4859888.480300004],[3632971.2087000036,4859808.2471],[3633054.9176999964,4859324.472500002],[3632866.8982000006,4859066.197699998],[3633160.6378000006,4859359.580200005],[3633643.833900001,4860356.533599996],[3634108.5825999994,4860872.627299998],[3634643.5427000024,4861275.5217999965],[3635696.131700003,4860486.180399998],[3635236.8427999974,4860097.025899999],[3634611.6589,4859762.392399998],[3634895.2940000035,4859425.092499999],[3635915.6354999975,4859332.100800004],[3636004.4029000034,4858961.318900001],[3635826.467500005,4858466.092199996]]]},"properties":{"District":"KANGRA","STATE":"HIMACHAL PRADESH","TEHSIL":"DADA SIBA","Shape_Leng":93430.3513382,"Shape_Area":104793280.648}},
{"type":"Feature","geometry":{"type":"Polygon","coordinates":[[[3636752.6377,4887228.9453],[3637412.3193999967,4886025.987299999],[3637757.301500001,4885755.783699999],[3638153.3527000044,4885079.906199999],[3637110.0738000004,4885179.400699999],[3637492.114299995,4884368.092199996],[3637860.9374999995,4884331.710599996],[3638114.958299999,4883892.885699996],[3637624.6621000003,4883387.292899996],[3637109.978299997,4883616.196700003],[3636861.9275999945,4884031.121300003],[3636477.803300002,4883788.930500003],[3636766.334100002,4883290.515000004],[3636392.499200004,4882837.632300001],[3636256.9263999965,4882359.838399995],[3635939.6323000006,4881987.0862],[3635632.1297000004,4882043.067800002],[3634745.2309999997,4881798.7287000045],[3634130.4126999937,4880997.8736000005],[3633551.9787,4881335.928699997],[3632627.122900001,4882049.648299998],[3632576.7542999946,4882571.153100003],[3632293.3736999994,4883133.319099998],[3633353.664699998,4883583.389500003],[3633996.3907999964,4883674.498099999],[3634667.388400001,4884151.380000003],[3634017.5743000023,4884642.396599999],[3633734.8118000003,4884646.867699999],[3633050.374300007,4884243.536400005],[3632758.343000001,4884614.7008],[3632478.870100002,4884481.410500001],[3631947.4069000045,4884921.086299999],[3631661.8334999937,4884676.455100004],[3630991.811699998,4885895.9384],[3630781.700399999,4886046.590499998],[3631030.504399996,4886567.844300002],[3630812.694100002,4887039.619199997],[3631483.0401000003,4887044.546899997],[3631693.8933999976,4887447.159799999],[3631166.249700005,4887727.2741],[3630841.8952,4887269.881200002],[3630341.5913000046,4887426.124300001],[3629834.0382999964,4887875.740099996],[3629740.610199999,4888659.677399997],[3629521.9984000064,4888703.9986000005],[3628765.026200001,4889995.062800005],[3628836.708199999,4890374.615900002],[3628603.3772000032,4890684.729499998],[3628403.968500004,4891576.268099999],[3627978.6448000018,4891589.3697],[3628062.0097000045,4892786.110099999],[3627136.1203000033,4892454.590399999],[3627326.8792999983,4891678.642800001],[3627043.066499998,4891604.813099995],[3627057.5206999993,4889900.967899997],[3627839.564200002,4888907.176299997],[3627773.520800004,4888098.0593000045],[3628120.6725000003,4887704.054499997],[3628236.891599996,4887151.509200001],[3628036.648399999,4886758.096399996],[3627229.931699995,4886874.610200002],[3627120.940200003,4886744.939500002],[3626187.371499998,4886610.7454999965],[3625874.0275999946,4886301.719799999],[3624703.447300002,4886326.074199998],[3623727.523900006,4887855.921200004],[3623861.117700001,4888600.837399999],[3623456.346299997,4889222.774400001],[3623325.1577999983,4889981.171599999],[3622738.3470000033,4891243.625000001],[3622875.1814000043,4889297.247099997],[3622532.787100006,4888929.295],[3623028.7006000006,4888670.201000003],[3622828.087199997,4888229.2076999955],[3622973.2671999997,4887841.083800003],[3622658.6423999956,4887291.819899995],[3622689.520499994,4886650.2941],[3623009.6296999967,4885615.933699997],[3622474.9349000026,4885605.3255],[3623166.1587000005,4884940.337100002],[3623011.5561999963,4884625.8049],[3623314.5569000044,4884046.478599997],[3622866.312399994,4883892.578800004],[3622974.211000006,4883238.7326],[3623807.348200004,4883159.939000003],[3623975.598399994,4882788.245000006],[3623373.5116999964,4882410.953800004],[3623083.545400002,4881361.585400003],[3622735.541,4880982.4232],[3622745.2592,4880453.318400001],[3623049.4410999995,4880223.165300004],[3622992.649400007,4879868.672300002],[3623200.5198999997,4879470.998000002],[3622694.795100007,4879391.4991],[3622339.192699999,4879626.092399998],[3622142.359899996,4879329.240499999],[3621376.0732,4879351.2634000005],[3621722.5934000006,4878535.964800002],[3622125.7777000023,4878745.195300002],[3622376.2294000015,4878580.9530000035],[3622937.3345000027,4878604.9112],[3623093.193899999,4878051.755700003],[3622643.9986999976,4877715.164199997],[3623322.1940999962,4877516.510099998],[3622888.1167999995,4876544.7929000035],[3622556.876100002,4877198.339900002],[3622287.0842000055,4877334.7221],[3622066.634300001,4877929.208199998],[3621813.4518000055,4877845.8883],[3622011.1106999945,4877042.860399995],[3621383.495599999,4877192.484000001],[3621165.2432999965,4877070.8637],[3622599.6920999996,4875938.2385],[3622943.8857999933,4876119.348900004],[3622766.791000002,4875195.741200002],[3621687.2408999987,4875069.763900001],[3621459.0299999993,4875386.567500004],[3620827.683599999,4875183.197900005],[3620688.698400001,4874047.938199997],[3621594.9248,4873552.830600003],[3621885.147500005,4873605.729999999],[3622431.3215999957,4873369.516000001],[3623051.0981000015,4873641.9063],[3623097.3861000007,4872954.229899998],[3623624.979999994,4872731.2261000015],[3623541.4109999966,4873229.470800003],[3624237.8665999956,4873031.956600003],[3624374.7167999973,4872756.003699996],[3625362.5949,4872545.468299996],[3625122.1511999955,4872092.055100002],[3625660.0332999984,4871321.206299998],[3625818.8423999967,4870668.039900005],[3626527.160400007,4871142.661600002],[3626786.5803999985,4870468.254700004],[3627047.041699997,4870658.595500003],[3626980.5453000013,4871389.462299997],[3627285.258900002,4871630.193399997],[3627116.2601000015,4872396.960900005],[3627745.984599999,4872077.8758],[3628438.497100004,4871033.164000004],[3628825.2322999975,4871521.867000001],[3629256.7941000024,4870916.900099999],[3629431.272699994,4870076.761899998],[3630091.7507999963,4870714.155400002],[3630930.2697999994,4871133.226200001],[3631393.7428999953,4870823.231800001],[3632011.187800001,4870666.228199998],[3632445.342400003,4870864.818499997],[3632956.767000001,4870858.8966999985],[3633573.3413999956,4870554.331799995],[3634652.0411999994,4870588.908400003],[3634910.2719999976,4870140.7434],[3636503.4145,4869581.473299997],[3637219.4588000067,4869237.396599997],[3637506.7755,4868698.981800003],[3638337.0895000035,4868404.805299997],[3638780.3961000023,4868036.614500002],[3638628.446000006,4867597.876800003],[3639143.0287000006,4867162.000500004],[3640090.4982000007,4867337.658400001],[3640833.0105999997,4866962.525700002],[3641369.448200007,4866061.837100001],[3641306.1635000035,4865237.724500004],[3640749.551299994,4865026.886700001],[3640530.618100005,4865748.912500002],[3640004.3935000002,4866261.6269000005],[3638933.317199995,4864943.726199999],[3638588.1539999973,4864219.121300002],[3638224.2547999974,4863790.261600001],[3637250.301600001,4862917.453699996],[3637409.7634999994,4862482.859900001],[3638129.4940000037,4861556.322100002],[3638451.5085999984,4862045.103899998],[3638820.484100002,4863168.519900005],[3639622.7656999994,4862180.383199999],[3639263.9976999955,4861388.509399999],[3638954.6252999967,4861045.150500002],[3638641.8708999967,4860012.087500002],[3637385.2408000045,4859405.219799998],[3636422.049400001,4858335.879300002],[3635826.467500005,4858466.092199996],[3635573.3467999953,4858305.874499995],[3634793.409500004,4858218.056399999],[3634612.518799998,4857690.408200001],[3635131.988799994,4857145.235599999],[3635129.826199997,4856396.8488000035],[3634828.2820999995,4856144.7203],[3635311.175599999,4855768.152499998],[3635699.097199997,4855224.0561999995],[3636688.0209999993,4855349.031099999],[3637354.0631,4855191.288399998],[3637917.597300001,4855265.0189],[3638936.376199996,4855189.7147],[3639550.603500006,4854598.670200005],[3640004.6337000006,4854581.315499995],[3640513.485399998,4853887.709599998],[3640807.874999999,4854039.703899996],[3641269.0478999997,4853787.9843],[3642197.8487000037,4854629.938099997],[3642776.237099996,4854945.490800005],[3643222.347199998,4854219.0806],[3643832.7776999967,4854912.806],[3644588.399100002,4854825.230200002],[3645427.0271999994,4855954.697800001],[3645969.2101000026,4857002.329600001],[3646675.2139,4857536.905800004],[3646447.0319999997,4857890.5907999985],[3646991.5716999974,4858080.156500004],[3647347.827200005,4858495.831300002],[3647144.055900001,4858785.810999999],[3647567.340800002,4859065.134300003],[3648067.366099996,4858685.828299999],[3648509.6360000046,4859032.8841],[3647799.136099999,4859782.940699996],[3647483.4394999966,4860633.927799998],[3648090.3130000015,4860832.371099997],[3648087.186099997,4861619.255300002],[3648541.401499998,4861842.888599999],[3649304.410600003,4861884.051500002],[3649630.880099998,4861625.113400003],[3650221.5304999985,4861467.831400004],[3650725.890499999,4861666.504],[3650844.8711000048,4862330.167200001],[3650575.758000004,4862717.161500001],[3651202.540999999,4864122.649300003],[3651223.197499995,4864451.581000002],[3651733.742499996,4865402.634300003],[3650715.8888,4866246.3685000045],[3650752.6470000036,4866456.015599996],[3651783.1846000073,4866689.612700002],[3651669.324100006,4866937.627999999],[3651111.893200007,4867092.567500003],[3650468.3365,4867476.417500002],[3650577.0498,4867989.264799997],[3650070.212099995,4867958.618099995],[3649736.3697000016,4868129.289100001],[3649778.1115999976,4868673.8483000025],[3649568.0467000026,4868933.883999998],[3650105.8365000007,4869692.096999997],[3649891.1051999973,4869877.059400003],[3649875.356799994,4870384.423999998],[3649537.526600001,4871208.122600004],[3649101.644399998,4871705.948599998],[3648781.8248000024,4872641.228100006],[3648836.5265000025,4873004.611099998],[3648572.965800006,4873477.7662999965],[3648231.2034000047,4873676.629300002],[3647816.181900003,4874330.5466],[3647576.472699998,4875186.5351000065],[3647136.4403000027,4875628.010499995],[3646920.8801999995,4876151.245999998],[3647021.443599998,4876883.702199998],[3646090.130200003,4878312.438200003],[3645469.465099999,4878460.811699999],[3644873.897900003,4877917.798900004],[3644721.5977000017,4878233.772199996],[3644799.099999998,4878701.266199995],[3644379.688199998,4879263.172599997],[3644197.3683999963,4879792.218],[3643667.124399999,4880031.902000003],[3643777.7969999947,4880498.765800001],[3643516.8466000017,4881060.061700005],[3643219.633599993,4880957.901800003],[3642925.4333000006,4881617.918800002],[3643050.2057000007,4881995.861700003],[3642741.914100001,4882315.405599997],[3642851.7471999982,4882942.780900002],[3642521.0948000015,4883107.243500005],[3642652.0772000006,4883473.196300002],[3642488.457599994,4883997.9516],[3642551.880299997,4884607.936799997],[3642059.1264000004,4884767.130000001],[3641513.334999997,4885762.980800003],[3641505.766900003,4886340.695999995],[3641229.6149000013,4886456.0379],[3640840.020599995,4886240.727399999],[3639873.664300004,4886884.156399995],[3639431.701900002,4887338.562000001],[3639134.718000002,4886968.859799996],[3638640.6943000043,4887191.9535],[3638037.337700003,4886835.622400003],[3637889.2678999994,4887272.416800003],[3637332.4439,4887526.931000005],[3637165.524099994,4888014.115899995],[3636661.9891000055,4887875.266400002],[3636752.6377,4887228.9453]]]},"properties":{"District":"KANGRA","STATE":"HIMACHAL PRADESH","TEHSIL":"DERA GOPIPUR","Shape_Leng":294906.298721,"Shape_Area":528405302.235}},
{"type":"Feature","geometry":{"type":"Polygon","coordinates":[[[3659733.9942999966,4912524.027600002],[3659307.505100001,4912296.004700005],[3658495.6559000043,4912187.038299996],[3657295.7483000043,4913070.800200004],[3656614.054600001,4913742.048400001],[3655601.9427000033,4914051.783300001],[3655132.5255999994,4913859.968400002],[3654335.684500005,4913761.766300004],[3653982.8524999972,4914068.610300003],[3653809.1224999987,4914535.004999997],[3653849.794600001,4915039.309300002],[3653615.743399997,4915286.812299998],[3653697.0653999937,4915665.405400004],[3653192.867299999,4917501.033399999],[3652794.5341000073,4917589.6755],[3652505.242899998,4918004.3401999995],[3652185.3638999965,4918111.5918999985],[3651944.9038999975,4916811.761499999],[3652078.2211999986,4915675.460999997],[3652011.9993999945,4915333.2480999995],[3650863.9741000053,4913821.678699998],[3650776.0221000044,4913457.5956999995],[3649961.3019000012,4912558.600499997],[3649537.737099994,4912242.749199998],[3649496.085100005,4911787.0753000025],[3649661.824400002,4911139.478999999],[3649573.591799995,4910608.904599996],[3649200.186700005,4910094.331300003],[3649444.427299996,4909633.566300001],[3649334.9420000003,4908347.605300002],[3648994.579099999,4908380.056699999],[3648417.9121000054,4907836.7839],[3648698.3829000015,4907353.528599999],[3649215.186800005,4907144.664999995],[3650553.2475999957,4906835.407699997],[3650871.7296999996,4906623.474700001],[3650479.8734000027,4905800.088700004],[3649694.924900004,4905350.657399997],[3649187.0481999964,4904699.533399999],[3649214.9266000064,4904175.678599998],[3648778.2915999945,4903821.007000003],[3649323.755500002,4903559.552799999],[3649702.636600003,4902916.325700005],[3650410.803200002,4902991.614],[3650679.2652000003,4902883.7521],[3651291.388600002,4902284.004699999],[3651644.938799997,4901438.605999995],[3651403.0649000052,4900908.192099998],[3651725.5572999986,4900776.479799999],[3651764.7349000014,4899972.9725],[3651293.169900002,4899730.541900001],[3651215.606700007,4899012.595800001],[3650701.370600003,4898565.373599998],[3649962.8198999967,4897344.1552],[3649759.0656999997,4896633.189600003],[3649822.2331000012,4895712.361099998],[3651429.4196999967,4896407.581900001],[3652426.1695000054,4896674.320800003],[3652677.520599995,4896354.2471],[3652238.334399995,4895666.772499997],[3651903.749700005,4894751.8027],[3651793.4161000066,4894386.372600004],[3652850.9043999957,4894067.266100002],[3653091.7254000036,4893741.9524],[3653099.8634999976,4893175.0173],[3653778.5287000006,4892918.352700002],[3654085.3900000015,4892501.077900004],[3654591.2348000007,4892600.567099997],[3655112.4691000013,4892492.824400001],[3655459.2137999954,4892972.807500005],[3656305.4807999996,4892823.7633],[3657056.807599997,4892834.630799999],[3656683.5420999937,4892200.4464000035],[3657354.6467000023,4891814.080699999],[3657662.8997000046,4891868.400100004],[3658452.5588999996,4892512.133200003],[3658444.891400003,4893273.279999999],[3659232.228500002,4893300.237599996],[3659670.6438999996,4893744.850100001],[3659247.1815000065,4894152.115099996],[3659377.5336999977,4894453.237399997],[3661117.3209000006,4894982.936200004],[3661376.571700001,4894516.491199998],[3660999.305899999,4893810.056100001],[3661143.482199994,4892342.652499999],[3661556.1078000013,4892909.636200003],[3662286.5347999968,4893039.734900001],[3663170.0716999993,4892772.8795],[3663412.9028000007,4892453.425900005],[3662496.742899996,4891929.224300002],[3662613.4525000025,4891521.1302000005],[3663186.427400003,4891458.657700002],[3663621.8524999972,4891826.979600004],[3664398.990099999,4892013.578600004],[3665077.558300006,4892646.542000001],[3665595.363300006,4892772.911299998],[3666429.8035999956,4893616.786100002],[3667764.5362000028,4893859.533700003],[3667619.350399999,4895488.088799996],[3667818.984599998,4896201.044500005],[3668399.621200002,4896640.2764],[3668260.5524000023,4897339.243199999],[3668588.2470000004,4897840.056500003],[3669464.918200004,4898879.362900004],[3669933.0223000017,4898845.670999996],[3669755.2535000006,4899689.6591],[3669798.5569000035,4900585.706899997],[3669929.5798999965,4901112.811200001],[3669653.7405000036,4902033.640299995],[3669712.4027000023,4902535.454600002],[3669616.5642999997,4903265.371399995],[3669716.025900002,4903504.223200003],[3669360.6236999976,4903772.536800002],[3668951.042800001,4904575.185400005],[3668592.6802000045,4904745.928100003],[3668252.478699996,4905204.243299998],[3667815.4223000063,4905349.876400001],[3666520.1827,4905024.397499999],[3665884.3291000007,4905594.174699999],[3665774.4495000057,4906022.588900003],[3665926.9120999984,4906384.791599999],[3665629.2013000017,4906937.4075000025],[3664375.742100003,4907482.8665999975],[3663978.409000001,4908024.34],[3663094.992499997,4908003.055599999],[3663028.3428999986,4908314.638499999],[3662289.1793000046,4909176.898699997],[3661826.875799997,4909333.811700002],[3660735.3402999984,4910599.586599998],[3660699.8816000028,4911059.7608],[3660310.9197999993,4911541.346399996],[3660124.5605999986,4912265.743500005],[3659733.9942999966,4912524.027600002]]]},"properties":{"District":"KANGRA","STATE":"HIMACHAL PRADESH","TEHSIL":"DHARMSHALA","Shape_Leng":109655.028096,"Shape_Area":331285264.835}},
{"type":"Feature","geometry":{"type":"Polygon","coordinates":[[[3665056.3096999954,4884536.8203000035],[3664672.1270999974,4884498.9503999995],[3664288.6351000033,4884915.295400001],[3664112.5555000026,4885498.381299999],[3663448.0099000065,4885585.484299998],[3662824.690900002,4884562.657199998],[3663341.4518000064,4883477.435800003],[3663392.9007,4883028.1316],[3663094.726700002,4882608.608800003],[3662599.968800003,4881596.651399996],[3662719.618800004,4881288.648200002],[3662037.6114,4880894.647000003],[3661443.5367000066,4881084.320700003],[3661066.1017999984,4880612.897799997],[3659917.7284000004,4879707.1135],[3659324.5429000026,4879642.165000004],[3659822.0662999954,4879331.120500002],[3659623.4120000005,4878583.244400002],[3660164.306100003,4878360.9805999985],[3660099.5534999934,4877771.415500002],[3660423.7057000045,4877559.9125000015],[3661366.8338999953,4877490.568699999],[3662048.4605999994,4877669.617999999],[3662956.5979999965,4877460.283099999],[3663845.863399997,4876705.043299997],[3664239.434799996,4876078.086300001],[3664803.7051000004,4874678.101800002],[3664985.8734000055,4873685.972299997],[3664767.509900001,4873243.158999998],[3664126.934199999,4873256.501300003],[3663993.7361999955,4873025.321700001],[3663759.0587999932,4872618.106800005],[3663969.108699999,4872053.321],[3664733.5726999994,4871205.560800003],[3665169.9661000026,4871037.8478],[3665763.500900004,4870903.124600001],[3666977.588100005,4869811.0907],[3666779.8082000026,4870367.696299997],[3667212.3929999964,4870627.397200002],[3667664.220200006,4871572.064199997],[3668043.4733999986,4871518.372399999],[3668525.649199998,4871952.374700002],[3668106.6266999976,4872318.349399999],[3668336.7506,4872852.023499999],[3668842.824399997,4872652.160000003],[3669633.153800005,4873336.473400003],[3670041.7083,4873580.804300003],[3670418.8752999976,4874675.092799996],[3670138.693100002,4874755.034499999],[3669452.9488999993,4875329.9820000045],[3669272.038900004,4875814.516900001],[3669433.8741999986,4876938.966500002],[3669725.726599995,4876896.435100003],[3670202.463100003,4877548.009400003],[3670486.108599998,4878448.656499999],[3670203.0398999946,4879566.297500001],[3669653.453300002,4879085.054999998],[3669376.6393000036,4878621.0918000005],[3669312.3071,4878132.557600003],[3668387.5391000006,4878203.681399999],[3668095.9391999985,4879022.809699997],[3668240.022299994,4879561.754100002],[3668647.716499999,4879736.3143],[3668886.2100000023,4880117.846900005],[3668751.3897000044,4880383.569700003],[3668984.753000001,4880755.802299995],[3668725.492399997,4881262.777700001],[3668697.1338000004,4881748.7622000035],[3667939.0376999937,4881958.676600001],[3667807.768700008,4882599.302800002],[3667493.175700001,4882547.673400003],[3667177.3215999957,4882162.210999997],[3666710.3786000055,4882515.3456999995],[3666619.8993000053,4882943.149899997],[3666211.067599999,4883527.436499998],[3665271.0895999954,4883661.7009],[3665056.3096999954,4884536.8203000035]]]},"properties":{"District":"KANGRA","STATE":"HIMACHAL PRADESH","TEHSIL":"DHIRA","Shape_Leng":60248.4715412,"Shape_Area":79648650.6587}},
{"type":"Feature","geometry":{"type":"Polygon","coordinates":[[[3622738.3470000033,4891243.625000001],[3622774.629100006,4891743.749299996],[3623111.564000004,4892292.652999997],[3622911.2039000057,4892776.488],[3623100.699600001,4893907.817499997],[3622043.2133,4894809.749200003],[3621145.716799993,4895216.195999995],[3621047.841700004,4895385.251400003],[3619641.9725999953,4894981.169199996],[3619398.0706000007,4895026.410400003],[3617980.557099999,4894764.933100004],[3618459.2189000044,4894060.8351],[3618570.6371000074,4893272.547700002],[3618896.3685000027,4892839.362699997],[3618123.721400003,4892773.744799998],[3617832.4776000036,4892436.952799997],[3617348.1844,4892738.377200004],[3616691.4164000014,4892118.214000002],[3616333.5342999995,4892449.928199997],[3616061.564799999,4893264.506399999],[3615067.6362000057,4893339.730599998],[3614540.057400005,4892160.292000001],[3614672.9169000057,4891691.657300003],[3614510.773400004,4891105.742600005],[3614839.0753000034,4890808.288799997],[3615326.780899998,4891161.190299996],[3615726.3546000016,4891227.459500002],[3615934.314199999,4890591.963000004],[3614888.691299998,4889551.1774],[3614581.2882999964,4889485.1479],[3613748.078599997,4888817.0549],[3613450.256899996,4889088.408399997],[3612741.9214999983,4889355.843300004],[3612695.6828999976,4889873.8281],[3611875.3562999936,4890061.1326],[3611555.5755000007,4890628.3588],[3611309.4236000045,4890711.240400001],[3610683.326599998,4890320.779200001],[3610520.7859999994,4890555.6418],[3610611.7509999983,4891734.341999998],[3609647.631399993,4891441.8328],[3609656.1153000006,4892529.452499997],[3609071.2004999956,4892645.4256],[3607646.7683999985,4892774.601799995],[3606652.398199998,4892400.852],[3606383.0540000005,4891905.078500002],[3605651.007399997,4891862.260799998],[3604615.1456999965,4891173.728300003],[3603890.0053000012,4890062.340999998],[3604337.7594000027,4890084.229600003],[3604760.1740999995,4890341.850400005],[3605189.4196000015,4890832.643199997],[3606022.0480999993,4891143.053000003],[3606458.4201999996,4890634.126900001],[3606305.177400003,4890227.353799999],[3606706.6507000066,4890157.951800002],[3606834.3831000067,4890498.824400002],[3607334.6785999984,4890813.425400004],[3607861.5317999986,4890401.859900006],[3608285.0451,4890266.147199996],[3608263.3406000007,4889053.026400002],[3608089.4378999956,4888734.324199998],[3608619.7898999956,4887955.685299996],[3609385.526800003,4887988.887899997],[3609879.3083000043,4887150.993700001],[3609674.9954999965,4886874.992000002],[3610228.7374999933,4886052.332600003],[3609004.4333000057,4885138.728800001],[3609446.4267000025,4884987.8059],[3609810.8606999926,4885191.456400003],[3610210.8913000007,4884362.297600003],[3610190.5297000017,4883963.504100003],[3610814.0629000016,4883299.535900004],[3611410.1272000032,4883019.9113000035],[3611664.4553000047,4881820.5997],[3610713.9263,4881686.931900001],[3610344.6645,4882095.506800004],[3609801.638400004,4881743.185600004],[3609912.628199998,4881402.3621999975],[3609532.133299999,4880974.699700002],[3609050.088600006,4880862.910399998],[3607763.308799997,4881338.669200003],[3607209.245099996,4881692.724300001],[3606339.9708,4882645.965999998],[3605792.4861000013,4882717.108499996],[3605263.4608,4882556.129000003],[3604014.1795999976,4882523.963100002],[3603423.924800002,4882638.956300001],[3603045.5503999954,4882375.1053000055],[3602396.8470999934,4883049.293599997],[3602195.326899994,4883506.678399999],[3601331.1291999994,4883513.821599999],[3601334.5184000013,4883269.609400001],[3601797.048299996,4882521.340500005],[3602545.2112999987,4882313.684400003],[3603854.0221000053,4880264.9868],[3604232.8461000044,4879878.0922],[3605143.7057000063,4878606.368699998],[3606131.7650000043,4878033.171199998],[3606966.516,4877354.530400004],[3607319.9684000043,4877247.836000002],[3608032.332800002,4876683.945699997],[3609218.5445000026,4876151.007999999],[3611289.382499997,4875904.270300003],[3611737.238300005,4875922.8803],[3612264.709599998,4875005.408399997],[3613176.815399994,4874790.978799999],[3613867.1993000014,4874481.974600001],[3614685.4433000013,4874395.091300001],[3614642.9148999974,4874059.503299996],[3615548.9612000026,4873589.173200004],[3616358.915299996,4872819.531699996],[3617946.0196999954,4872867.647200003],[3619092.9787999997,4872531.440200001],[3619356.762000002,4872757.651299996],[3619269.492900001,4873246.545999999],[3619549.558300006,4874067.632399999],[3620688.698400001,4874047.938199997],[3620827.683599999,4875183.197900005],[3621459.0299999993,4875386.567500004],[3621687.2408999987,4875069.763900001],[3622766.791000002,4875195.741200002],[3622943.8857999933,4876119.348900004],[3622599.6920999996,4875938.2385],[3621165.2432999965,4877070.8637],[3621383.495599999,4877192.484000001],[3622011.1106999945,4877042.860399995],[3621813.4518000055,4877845.8883],[3622066.634300001,4877929.208199998],[3622287.0842000055,4877334.7221],[3622556.876100002,4877198.339900002],[3622888.1167999995,4876544.7929000035],[3623322.1940999962,4877516.510099998],[3622643.9986999976,4877715.164199997],[3623093.193899999,4878051.755700003],[3622937.3345000027,4878604.9112],[3622376.2294000015,4878580.9530000035],[3622125.7777000023,4878745.195300002],[3621722.5934000006,4878535.964800002],[3621376.0732,4879351.2634000005],[3622142.359899996,4879329.240499999],[3622339.192699999,4879626.092399998],[3622694.795100007,4879391.4991],[3623200.5198999997,4879470.998000002],[3622992.649400007,4879868.672300002],[3623049.4410999995,4880223.165300004],[3622745.2592,4880453.318400001],[3622735.541,4880982.4232],[3623083.545400002,4881361.585400003],[3623373.5116999964,4882410.953800004],[3623975.598399994,4882788.245000006],[3623807.348200004,4883159.939000003],[3622974.211000006,4883238.7326],[3622866.312399994,4883892.578800004],[3623314.5569000044,4884046.478599997],[3623011.5561999963,4884625.8049],[3623166.1587000005,4884940.337100002],[3622474.9349000026,4885605.3255],[3623009.6296999967,4885615.933699997],[3622689.520499994,4886650.2941],[3622658.6423999956,4887291.819899995],[3622973.2671999997,4887841.083800003],[3622828.087199997,4888229.2076999955],[3623028.7006000006,4888670.201000003],[3622532.787100006,4888929.295],[3622875.1814000043,4889297.247099997],[3622738.3470000033,4891243.625000001]]]},"properties":{"District":"KANGRA","STATE":"HIMACHAL PRADESH","TEHSIL":"FATEHPUR","Shape_Leng":171339.803462,"Shape_Area":272580665.613}},
{"type":"Feature","geometry":{"type":"Polygon","coordinates":[[[3639006.0358000067,4895343.964999996],[3638659.553900005,4895694.0193],[3637591.1744999997,4895713.7432],[3637398.651300003,4895289.910099998],[3636845.2450000006,4894882.978400001],[3635735.043300006,4894352.5475],[3635339.149899996,4894377.039099997],[3634747.6768999984,4895050.357099999],[3634440.1533000018,4894776.375699997],[3633945.0187000046,4894716.576900002],[3633759.077899996,4894966.379800003],[3632950.182199998,4895414.486600002],[3632928.723100003,4895715.129299996],[3632276.787800003,4895850.052800002],[3631944.4471000014,4896500.519800004],[3631091.660899994,4896885.036200003],[3630818.4174000034,4896589.0545],[3631136.5676,4895844.2467],[3631524.9996999986,4895430.521699995],[3631798.319000001,4894545.392800001],[3632743.915,4893863.3335],[3633325.690100003,4893843.2013],[3633451.350299999,4893576.7285],[3633999.744600001,4893418.5150999995],[3634605.3466000073,4892425.924200002],[3634081.8312000055,4892203.693999996],[3633844.137800001,4891850.601700004],[3634036.657600003,4891300.4761],[3634574.3396999976,4890512.847200001],[3634847.079800003,4889859.630400002],[3634852.057700002,4889245.274900004],[3635343.029399995,4888452.626099997],[3635336.8077,4888002.962099997],[3635615.577600007,4887253.064499998],[3636222.552299997,4887029.8104],[3636752.6377,4887228.9453],[3636661.9891000055,4887875.266400002],[3637165.524099994,4888014.115899995],[3637332.4439,4887526.931000005],[3637889.2678999994,4887272.416800003],[3638037.337700003,4886835.622400003],[3638640.6943000043,4887191.9535],[3639134.718000002,4886968.859799996],[3639431.701900002,4887338.562000001],[3639873.664300004,4886884.156399995],[3640840.020599995,4886240.727399999],[3641229.6149000013,4886456.0379],[3641505.766900003,4886340.695999995],[3641513.334999997,4885762.980800003],[3642059.1264000004,4884767.130000001],[3642551.880299997,4884607.936799997],[3642488.457599994,4883997.9516],[3642652.0772000006,4883473.196300002],[3643116.7625999944,4883830.647900004],[3643612.3268000027,4883765.985600002],[3644014.1026999983,4884426.8102],[3643858.9245999977,4885383.349299999],[3643162.033099999,4886757.653999995],[3642458.7803000016,4887758.125299998],[3642348.6013999986,4888357.181099998],[3642935.975400003,4888018.286],[3643447.9497999987,4887954.2936999975],[3643927.171599996,4887252.925799999],[3643920.8485000012,4886371.817900003],[3644759.454499993,4885937.8511],[3645093.3678999953,4886066.051100003],[3645151.8917000024,4887006.0594000025],[3644776.229699998,4887403.2541999975],[3644931.992200001,4887717.736499997],[3643765.5761,4888972.511700004],[3643690.829800003,4890244.123300006],[3643335.776799999,4890277.814899998],[3643159.133299999,4889730.890600001],[3642805.3802999984,4889754.632],[3642406.5677999984,4890059.646100003],[3642416.640100005,4890702.9518],[3642482.5430999976,4891415.037999997],[3642152.4935000055,4892376.607700003],[3642146.1352000004,4892889.482299998],[3641463.7994000046,4892960.735299999],[3640617.3396999957,4892337.642599998],[3640020.1860999973,4892840.199200001],[3639584.940800008,4892420.126899997],[3639106.108400004,4892969.423499998],[3639143.040299995,4893417.057300003],[3638594.195600007,4893474.2797],[3638888.9498000005,4893931.772800002],[3639551.7046000017,4893590.937500002],[3639835.5587999974,4894098.6810000045],[3639503.4874000065,4894552.506200001],[3639059.3636000026,4894568.557900004],[3638689.3213000004,4894853.181699999],[3639006.0358000067,4895343.964999996]]]},"properties":{"District":"KANGRA","STATE":"HIMACHAL PRADESH","TEHSIL":"HARCHAKIAN","Shape_Leng":72192.2684268,"Shape_Area":70822836.5732}},
{"type":"Feature","geometry":{"type":"Polygon","coordinates":[[[3615067.6362000057,4893339.730599998],[3614154.6295,4893739.367400002],[3613934.588600003,4894025.870700004],[3613317.5835999986,4894174.704200001],[3613314.495000002,4894563.637699996],[3613785.9817000064,4895290.922499999],[3613590.7524999967,4896001.529599996],[3612756.6580000045,4896807.379700005],[3612032.091499999,4896798.202199999],[3611841.8713999977,4897249.6268],[3611184.7361999964,4897428.4108],[3610490.0399999963,4897400.8029999975],[3609831.815399996,4897759.918499995],[3609516.0019999947,4897590.948099997],[3608765.766300003,4897852.683100004],[3608311.4012999996,4897587.212299997],[3607668.9054000024,4897515.984000003],[3607558.4135000072,4897276.782299995],[3607060.742099998,4897168.489800003],[3606644.646799993,4897644.078800003],[3605730.5875000022,4897331.169200003],[3605877.2864999985,4896667.572799997],[3606313.388299998,4896087.266100004],[3605706.7002000036,4895329.7415],[3605579.6872999948,4894814.927299999],[3605064.582500006,4894771.018800004],[3604709.7867000066,4894022.683400003],[3603938.560800002,4894272.328299997],[3603626.5964,4893827.845499998],[3603675.255500001,4893460.372000002],[3603443.2310000006,4892758.816599995],[3602830.0957000013,4892796.459099997],[3602510.192199997,4892617.138700003],[3602202.610600002,4892941.852699997],[3602353.483200001,4893303.135299997],[3602394.0474999975,4894394.634900003],[3602645.571899999,4894999.7694],[3602679.5845999974,4895684.735399995],[3602197.2123999996,4896257.422199998],[3602316.1363999983,4897086.489199998],[3600915.1744000018,4897207.055300003],[3601809.1952000046,4898018.809300004],[3601721.496699996,4898660.995299997],[3601023.7117000027,4898975.620600004],[3600095.1180000044,4900234.315100001],[3599188.5926000043,4900973.884899996],[3599967.5609000046,4901376.665700003],[3601001.410700003,4901547.3035999965],[3601385.755599999,4901965.2859000005],[3601387.377899994,4902615.781699996],[3601698.3021999933,4903055.944499997],[3601419.0411000014,4903443.6089],[3600788.6357000005,4903493.421600001],[3600720.506300003,4903829.614900002],[3600252.3939000037,4904322.830899999],[3599624.009200001,4904563.835299995],[3598637.569700007,4904334.296800001],[3597971.383799996,4904353.009299999],[3597973.235399997,4904776.603100006],[3597434.100100005,4904643.833900004],[3596717.3241999997,4904768.4975],[3596101.3008000054,4905333.254700005],[3596051.8421,4905824.689300001],[3595683.1978000044,4906399.273500003],[3594595.0311000003,4906015.895300004],[3592991.6522000018,4906185.753400005],[3592587.495199997,4905931.6379999975],[3592437.3804000057,4905588.215499997],[3591878.496000002,4905134.6039],[3590849.8621000014,4904641.805200003],[3590805.947300003,4904449.714900002],[3591577.3353,4904066.319500003],[3592430.7540000025,4903943.821600001],[3592559.5157999983,4902956.277800003],[3592487.294400003,4902641.4184000045],[3591973.290599999,4902281.138199997],[3591508.427699995,4902251.508500002],[3591587.8570000036,4901389.368700003],[3591446.248800006,4900536.359900005],[3591269.327399995,4900176.359800002],[3591182.9021000005,4899406.0440000035],[3591910.288500007,4899335.086300001],[3592068.7071999963,4899014.884599999],[3592486.110299994,4899054.549199997],[3592494.5117999944,4899635.462600002],[3593208.291299995,4899611.877199996],[3593723.005599999,4899963.444100004],[3594154.7531999983,4900053.325700002],[3594382.4821000015,4899722.069500002],[3594863.136299996,4899449.157699997],[3594548.0428999993,4899056.713900002],[3594403.5727999993,4897987.141199999],[3595182.9124999996,4898001.1086],[3595200.237699998,4897290.457300001],[3595055.9060000074,4896504.986400001],[3594795.9161999943,4896232.041999996],[3595647.020400002,4895880.365600001],[3594551.0012000008,4893655.115599997],[3594023.605899999,4893117.155600002],[3592901.560199996,4892518.148099999],[3591550.2479000036,4891932.020699998],[3591260.396499996,4891438.192699999],[3591152.9891000036,4890323.552599996],[3590704.0065999962,4889762.484300001],[3590420.5256000008,4889179.288400004],[3589540.1164000044,4888830.363700001],[3588701.845700007,4888827.819400006],[3588214.4888999946,4888034.866199996],[3588275.0628,4887530.703600002],[3588075.047099999,4887232.818699999],[3588109.0802999996,4886197.8839000035],[3588550.2040000046,4886148.431400001],[3588681.6469,4885800.637399998],[3589713.4764999957,4886079.559699997],[3590573.489599999,4886471.7708],[3591435.9913000027,4886664.73],[3591761.5151999993,4886330.427900003],[3592881.9016999993,4886460.9108],[3593568.992199998,4886920.3391999975],[3593918.9082999974,4886952.672900001],[3594476.6265000002,4886551.267399998],[3595235.456099999,4886300.455399998],[3595790.2822999996,4885336.936499998],[3596437.6432999987,4885098.282700002],[3597204.858000001,4884975.120200001],[3597618.4659000007,4884788.721000003],[3598264.0417000013,4884253.660499999],[3598603.5613999935,4883251.9812],[3598927.4202000005,4882676.314800001],[3600005.7809999995,4881830.980999998],[3600654.3045999995,4882154.101399998],[3601797.048299996,4882521.340500005],[3601334.5184000013,4883269.609400001],[3601331.1291999994,4883513.821599999],[3602195.326899994,4883506.678399999],[3602396.8470999934,4883049.293599997],[3603045.5503999954,4882375.1053000055],[3603423.924800002,4882638.956300001],[3604014.1795999976,4882523.963100002],[3605263.4608,4882556.129000003],[3605792.4861000013,4882717.108499996],[3606339.9708,4882645.965999998],[3607209.245099996,4881692.724300001],[3607763.308799997,4881338.669200003],[3609050.088600006,4880862.910399998],[3609532.133299999,4880974.699700002],[3609912.628199998,4881402.3621999975],[3609801.638400004,4881743.185600004],[3610344.6645,4882095.506800004],[3610713.9263,4881686.931900001],[3611664.4553000047,4881820.5997],[3611410.1272000032,4883019.9113000035],[3610814.0629000016,4883299.535900004],[3610190.5297000017,4883963.504100003],[3610210.8913000007,4884362.297600003],[3609810.8606999926,4885191.456400003],[3609446.4267000025,4884987.8059],[3609004.4333000057,4885138.728800001],[3610228.7374999933,4886052.332600003],[3609674.9954999965,4886874.992000002],[3609879.3083000043,4887150.993700001],[3609385.526800003,4887988.887899997],[3608619.7898999956,4887955.685299996],[3608089.4378999956,4888734.324199998],[3608263.3406000007,4889053.026400002],[3608285.0451,4890266.147199996],[3607861.5317999986,4890401.859900006],[3607334.6785999984,4890813.425400004],[3606834.3831000067,4890498.824400002],[3606706.6507000066,4890157.951800002],[3606305.177400003,4890227.353799999],[3606458.4201999996,4890634.126900001],[3606022.0480999993,4891143.053000003],[3605189.4196000015,4890832.643199997],[3604760.1740999995,4890341.850400005],[3604337.7594000027,4890084.229600003],[3603890.0053000012,4890062.340999998],[3604615.1456999965,4891173.728300003],[3605651.007399997,4891862.260799998],[3606383.0540000005,4891905.078500002],[3606652.398199998,4892400.852],[3607646.7683999985,4892774.601799995],[3609071.2004999956,4892645.4256],[3609656.1153000006,4892529.452499997],[3609647.631399993,4891441.8328],[3610611.7509999983,4891734.341999998],[3610520.7859999994,4890555.6418],[3610683.326599998,4890320.779200001],[3611309.4236000045,4890711.240400001],[3611555.5755000007,4890628.3588],[3611875.3562999936,4890061.1326],[3612695.6828999976,4889873.8281],[3612741.9214999983,4889355.843300004],[3613450.256899996,4889088.408399997],[3613748.078599997,4888817.0549],[3614581.2882999964,4889485.1479],[3614888.691299998,4889551.1774],[3615934.314199999,4890591.963000004],[3615726.3546000016,4891227.459500002],[3615326.780899998,4891161.190299996],[3614839.0753000034,4890808.288799997],[3614510.773400004,4891105.742600005],[3614672.9169000057,4891691.657300003],[3614540.057400005,4892160.292000001],[3615067.6362000057,4893339.730599998]]]},"properties":{"District":"KANGRA","STATE":"HIMACHAL PRADESH","TEHSIL":"INDORA","Shape_Leng":165510.686549,"Shape_Area":321357862.109}},
{"type":"Feature","geometry":{"type":"Polygon","coordinates":[[[3683324.6117999963,4874926.321900001],[3682702.076699998,4875096.555500005],[3682492.5036000023,4874705.6227],[3681999.788600001,4874539.392900001],[3681610.5167999994,4875048.548700001],[3680746.9488000013,4874960.7008000035],[3680837.0714000016,4875517.5155000035],[3680121.216799996,4876042.742600003],[3680265.8389999988,4876309.714599999],[3680070.6800999986,4877158.642799998],[3679181.893,4877414.4981],[3678411.2051000027,4877122.128099997],[3677877.8202999937,4877124.0698],[3677436.2255999986,4876890.869200002],[3677035.1024,4877015.411699999],[3676830.259299999,4876635.738999996],[3676443.1756999977,4876598.529900003],[3676111.171699998,4876297.708300001],[3675868.4474000046,4875637.003199996],[3675486.512899999,4875340.171800001],[3675787.584100004,4874874.466600001],[3676235.396999997,4874561.782299997],[3676421.6773999995,4874175.168200001],[3675907.650799999,4873567.554499999],[3675926.4998999974,4873252.201600002],[3675268.581000003,4872362.2557],[3674521.9033999965,4872100.575900001],[3673736.5336999986,4871296.921300003],[3673238.9189999993,4871227.762299997],[3673220.8756999997,4870288.233900003],[3672923.1715999995,4869867.901200004],[3673176.4527999978,4869561.697499998],[3672929.8496000026,4869244.325499999],[3672219.7327000005,4869097.2666000035],[3672183.499700006,4868285.409400004],[3671595.9398000054,4866925.189100003],[3671578.1582000055,4866511.105400002],[3671064.891900004,4866007.512600002],[3671012.259000003,4865265.3661],[3671298.7403000016,4864887.2316999985],[3672422.5688999994,4864463.444100004],[3672176.4042000063,4863725.728299998],[3672203.8526000027,4863174.103200002],[3671518.0869999942,4863320.176800001],[3671133.1827000035,4863090.8061],[3670632.6860000007,4862433.011800002],[3670947.146999997,4861896.895899998],[3670925.3154000016,4861478.4822],[3670581.691600005,4861256.691299997],[3669999.219700005,4862251.232300002],[3669376.1339000054,4862190.5338],[3668729.5488000005,4862413.4980000025],[3668017.1520000002,4862294.679400004],[3668221.5417999974,4861675.643100005],[3668508.8035999984,4861435.18],[3668154.269000004,4861040.317599999],[3667649.874399999,4861021.269099998],[3667356.109899996,4860472.195099996],[3667043.2462000055,4860203.723799998],[3667643.2606999995,4859931.229300003],[3668095.378499998,4858093.841200002],[3668401.630500002,4857862.918000001],[3668935.5652000015,4857826.395900004],[3668958.4843999958,4857539.303200001],[3669998.102999996,4857293.067499997],[3670301.5967999995,4857612.679399998],[3671678.3011000035,4858195.74],[3672184.412399997,4858775.4964000005],[3673231.6984,4858639.825000001],[3673985.2416999973,4858982.450200001],[3674358.7172000073,4859622.351699997],[3674338.546299999,4860387.570900004],[3674525.986900005,4860736.383699998],[3676493.183600003,4862823.765999997],[3677445.3599000005,4863646.026400004],[3678145.3872000016,4863755.382299999],[3679746.337299999,4863820.759800002],[3680341.151499999,4864016.0721],[3680725.390699996,4864299.656799999],[3681702.0042999946,4864261.006299999],[3682794.597499997,4863788.500700001],[3683849.5277999984,4863439.677099997],[3684164.9555,4863033.589899998],[3684351.575700002,4862420.789399998],[3685189.4910999984,4862055.761200003],[3685913.5714000007,4861919.087100004],[3686713.3571000043,4861445.650000002],[3687390.434199998,4861722.350200005],[3688081.7203999963,4861751.188100003],[3688793.696299996,4861582.5341],[3689048.0903000045,4862106.068200003],[3688457.8769999975,4862705.455399998],[3688363.837100003,4862995.558300002],[3688623.611200002,4863539.312499998],[3688770.6334000025,4863777.904099998],[3688643.2247999962,4864563.351599996],[3689157.849399998,4864571.070000001],[3688654.7670999994,4865219.197500002],[3688552.709299996,4865579.881900004],[3688080.483599996,4865656.862600001],[3687906.5139000006,4866225.918299995],[3688179.518000001,4866714.971799998],[3687458.3620000016,4866850.645399999],[3686542.5050000055,4867222.541800002],[3686344.552799997,4867084.0012000045],[3685082.6841999977,4867921.022999994],[3684731.0404999964,4867749.482599996],[3684087.914800001,4867779.505000003],[3683509.0002000015,4867971.128600005],[3683212.092000003,4869286.491500004],[3683307.1542999977,4869745.0753000025],[3683860.1718999967,4870535.980599997],[3684055.7555000028,4871090.0749],[3684125.4197999975,4872169.724399997],[3683762.5916000027,4873701.009399998],[3683839.9848000044,4874457.156000003],[3683324.6117999963,4874926.321900001]]]},"properties":{"District":"KANGRA","STATE":"HIMACHAL PRADESH","TEHSIL":"JAISINGHPUR","Shape_Leng":96794.2438582,"Shape_Area":187330317.657}},
{"type":"Feature","geometry":{"type":"MultiPolygon","coordinates":[[[[3635826.467500005,4858466.092199996],[3636004.4029000034,4858961.318900001],[3635915.6354999975,4859332.100800004],[3634895.2940000035,4859425.092499999],[3634611.6589,4859762.392399998],[3635236.8427999974,4860097.025899999],[3635696.131700003,4860486.180399998],[3634643.5427000024,4861275.5217999965],[3634108.5825999994,4860872.627299998],[3633643.833900001,4860356.533599996],[3633160.6378000006,4859359.580200005],[3632866.8982000006,4859066.197699998],[3632728.6116000004,4858653.611199999],[3633146.815599999,4858471.754400003],[3633367.256200004,4858069.989999999],[3633364.544500001,4857597.805799997],[3633599.2060000007,4857419.5134],[3634020.6707999995,4857709.824500001],[3634206.4734999975,4857456.408],[3634612.518799998,4857690.408200001],[3634793.409500004,4858218.056399999],[3635573.3467999953,4858305.874499995],[3635826.467500005,4858466.092199996]]],[[[3620688.698400001,4874047.938199997],[3619549.558300006,4874067.632399999],[3619269.492900001,4873246.545999999],[3619356.762000002,4872757.651299996],[3619092.9787999997,4872531.440200001],[3617946.0196999954,4872867.647200003],[3616358.915299996,4872819.531699996],[3617103.1085,4872349.754700002],[3617213.7281000055,4872119.152600001],[3617263.841499996,4871127.047000001],[3617728.328100002,4869892.476799995],[3618335.0698000016,4868898.424500002],[3619656.127700003,4866041.477300001],[3619653.0371000003,4865700.833800001],[3620226.2519000024,4864866.804000005],[3621533.567599995,4861896.473999999],[3622520.2251000074,4861509.659499995],[3623417.647499999,4861142.652500002],[3624503.2470000014,4861058.988000002],[3625338.8880999964,4861217.680899998],[3625693.3425000017,4861521.673500005],[3625734.8779999996,4861994.869100002],[3626338.524899999,4862627.839100002],[3627070.9096999974,4862811.370299997],[3627576.8526000017,4862509.377900003],[3628251.3832000005,4862602.365699999],[3629349.366799999,4862167.4068],[3629472.362899999,4861665.396700001],[3629918.218999997,4861523.313599998],[3630881.817800005,4860524.5457000015],[3631253.682599997,4860443.843499996],[3631847.571099995,4861204.9125000015],[3631856.2929,4861618.191000002],[3632144.0194000034,4862063.997400003],[3631461.937500001,4863071.090799999],[3631239.8560000015,4864320.324400004],[3630596.3356999997,4863869.144799998],[3629613.9369999957,4864666.054200006],[3629354.1384999966,4863745.263299999],[3628786.3923000004,4863429.3271999955],[3627992.1767999986,4864151.120900003],[3627902.7485999987,4864465.357099999],[3627242.143100002,4865155.1850999985],[3627443.8404000015,4865940.7216],[3627686.8652999992,4866282.624699997],[3628332.658100003,4866236.318000005],[3628022.4135999978,4866710.314299997],[3628309.9054000033,4867216.151999997],[3627566.4608000014,4867811.3078999985],[3626831.9240000034,4867902.691799995],[3626588.413900001,4868565.4941],[3627093.9082999965,4869045.073500002],[3626899.7467999985,4869551.627599997],[3627743.503600001,4869430.457600005],[3627689.3731999975,4870003.182200003],[3627200.067499999,4870248.196199998],[3627047.041699997,4870658.595500003],[3626786.5803999985,4870468.254700004],[3626527.160400007,4871142.661600002],[3625818.8423999967,4870668.039900005],[3625660.0332999984,4871321.206299998],[3625122.1511999955,4872092.055100002],[3625362.5949,4872545.468299996],[3624374.7167999973,4872756.003699996],[3624237.8665999956,4873031.956600003],[3623541.4109999966,4873229.470800003],[3623624.979999994,4872731.2261000015],[3623097.3861000007,4872954.229899998],[3623051.0981000015,4873641.9063],[3622431.3215999957,4873369.516000001],[3621885.147500005,4873605.729999999],[3621594.9248,4873552.830600003],[3620688.698400001,4874047.938199997]]]]},"properties":{"District":"KANGRA","STATE":"HIMACHAL PRADESH","TEHSIL":"JASWAN  KOTLA","Shape_Leng":98201.9436815,"Shape_Area":108888056.099}},
{"type":"Feature","geometry":{"type":"Polygon","coordinates":[[[3651033.2055999986,4869936.726],[3650646.8221999994,4869955.2475000005],[3650105.8365000007,4869692.096999997],[3649568.0467000026,4868933.883999998],[3649778.1115999976,4868673.8483000025],[3649736.3697000016,4868129.289100001],[3650070.212099995,4867958.618099995],[3650577.0498,4867989.264799997],[3650468.3365,4867476.417500002],[3651111.893200007,4867092.567500003],[3651669.324100006,4866937.627999999],[3651783.1846000073,4866689.612700002],[3650752.6470000036,4866456.015599996],[3650715.8888,4866246.3685000045],[3651733.742499996,4865402.634300003],[3651223.197499995,4864451.581000002],[3651202.540999999,4864122.649300003],[3650575.758000004,4862717.161500001],[3650844.8711000048,4862330.167200001],[3650725.890499999,4861666.504],[3650221.5304999985,4861467.831400004],[3649630.880099998,4861625.113400003],[3649304.410600003,4861884.051500002],[3648541.401499998,4861842.888599999],[3648087.186099997,4861619.255300002],[3648090.3130000015,4860832.371099997],[3647483.4394999966,4860633.927799998],[3647799.136099999,4859782.940699996],[3648509.6360000046,4859032.8841],[3649624.144899999,4858116.098299997],[3650486.2674999973,4857838.391900003],[3650995.513499994,4857178.672499996],[3651526.307100001,4857106.166299997],[3652203.0884999963,4856309.508899998],[3652433.743500003,4855837.245800003],[3652660.631999995,4854464.619499996],[3653068.2715999978,4853397.328399999],[3653180.8549999953,4852620.432100005],[3653620.7381000035,4852188.257000003],[3655654.7307000007,4852366.287999999],[3656378.898299999,4852736.047200004],[3657141.5464000045,4853325.510200001],[3657757.5238000047,4853684.9871000005],[3658328.864099999,4853770.094699997],[3658600.3014999963,4853545.468400001],[3658933.447999996,4852782.902000003],[3659260.1070999987,4852505.510000002],[3659035.0467000026,4851960.230000003],[3659529.309399998,4851605.821499998],[3660379.2580000013,4851904.631300001],[3661116.5971,4852611.565200003],[3662154.4109999985,4853959.933900002],[3662709.3557000034,4853886.941399999],[3663518.239699996,4852691.642499999],[3663694.028100003,4852619.799699997],[3663390.9907,4853541.125899997],[3662705.2063999986,4854075.1230999995],[3661336.6663999986,4854752.973800002],[3660977.5859999997,4855585.352600004],[3660609.7333999993,4855806.065800004],[3660321.0223,4856246.960800001],[3660304.7744000023,4856895.2766999975],[3659793.2202,4857035.689700004],[3659485.589599999,4857670.5364999985],[3659244.427900005,4857791.188399997],[3658896.386699997,4858361.4947999995],[3658654.456700001,4859014.831500001],[3658855.040200001,4859490.0451],[3658596.550300005,4860207.102499997],[3657994.3763000024,4860622.588300001],[3657815.938099999,4861631.158],[3657572.276799999,4861901.3713],[3656876.1659999983,4863494.5780000035],[3656141.861799999,4864190.446800003],[3655969.9622,4864758.7825000025],[3655317.018099999,4865264.8893],[3655355.5889999988,4865436.920699997],[3654904.938199994,4866381.650800001],[3654176.611400003,4866309.452600002],[3653987.0414999994,4866838.048000002],[3654239.1252000025,4867264.820999995],[3654134.1952000074,4867516.943600003],[3653370.2802999956,4868098.531500004],[3653227.7607999975,4868628.186700006],[3652211.1540000034,4869304.396300001],[3652039.6233000048,4869544.969000004],[3651375.9773999974,4869540.261300001],[3651033.2055999986,4869936.726]]]},"properties":{"District":"KANGRA","STATE":"HIMACHAL PRADESH","TEHSIL":"JAWALAMUKHI","Shape_Leng":68606.5595855,"Shape_Area":119673010.665}},
{"type":"Feature","geometry":{"type":"Polygon","coordinates":[[[3638326.854000003,4902381.049999999],[3637974.4313000017,4902505.312400002],[3638009.5632000007,4902962.986299998],[3638241.126700001,4903379.209200002],[3638007.866400007,4903873.804400003],[3638217.719899996,4904371.728100002],[3637962.608900004,4904735.942200005],[3638098.7019999977,4905263.536499999],[3637139.2251999932,4905750.404099997],[3636354.2083000047,4905776.477000004],[3635942.9956,4906040.620799996],[3635178.222000003,4906962.261600001],[3634045.5116999997,4906972.740500001],[3633062.711199997,4906727.628500003],[3632433.735799996,4906406.546199996],[3631529.198400001,4906583.9909999985],[3630761.310999995,4906393.071899999],[3630677.761900002,4906868.926399996],[3629489.381599998,4906925.391000001],[3629078.3751000036,4906115.105299999],[3628982.611899999,4905436.059600001],[3628746.9488,4905137.797800004],[3629000.1900999956,4904852.9743],[3628491.843999993,4904419.2023],[3628343.8438,4904713.4054],[3627911.9705000035,4904883.208400004],[3627666.659900006,4905324.463199997],[3626972.7066,4906148.422899997],[3626374.6034000022,4906724.270100001],[3625718.2760000043,4906274.438400003],[3624895.6092,4906406.0724],[3624398.2264,4906859.548199999],[3624205.1619999968,4906089.682000002],[3623975.838600003,4905706.039399998],[3624293.520700002,4905497.816499997],[3624369.719700002,4905023.131999998],[3623593.952000003,4904778.895800002],[3623207.286599998,4904225.648999998],[3622948.1346999966,4904331.6608],[3622472.868199993,4903678.686700002],[3622204.0288000056,4904527.155199999],[3621602.9549999945,4904948.851000002],[3621327.7642000043,4905437.706300005],[3620876.3501999998,4905415.037700003],[3621039.659900002,4904932.2828],[3620177.8803000012,4904357.950800002],[3620456.770199998,4903619.313200002],[3621172.3746000035,4903071.105800003],[3621411.415099997,4902610.220899997],[3621251.672600001,4902313.968800001],[3621223.6593999993,4901463.751399999],[3621400.069399997,4901019.9268000005],[3620936.5129999984,4900354.382499997],[3620759.209499997,4899810.758299997],[3620460.015600007,4899450.286100002],[3619813.7726999987,4900256.2556000035],[3619370.2776999953,4899968.374499999],[3619553.9861000013,4899045.825700004],[3619524.0237999996,4898457.800599997],[3619708.0824000044,4897607.112299999],[3621047.841700004,4895385.251400003],[3621145.716799993,4895216.195999995],[3622043.2133,4894809.749200003],[3623100.699600001,4893907.817499997],[3622911.2039000057,4892776.488],[3623111.564000004,4892292.652999997],[3622774.629100006,4891743.749299996],[3622738.3470000033,4891243.625000001],[3623325.1577999983,4889981.171599999],[3623456.346299997,4889222.774400001],[3623861.117700001,4888600.837399999],[3623727.523900006,4887855.921200004],[3624703.447300002,4886326.074199998],[3625874.0275999946,4886301.719799999],[3626187.371499998,4886610.7454999965],[3627120.940200003,4886744.939500002],[3627229.931699995,4886874.610200002],[3628036.648399999,4886758.096399996],[3628236.891599996,4887151.509200001],[3628120.6725000003,4887704.054499997],[3627773.520800004,4888098.0593000045],[3627839.564200002,4888907.176299997],[3627057.5206999993,4889900.967899997],[3627043.066499998,4891604.813099995],[3627326.8792999983,4891678.642800001],[3627136.1203000033,4892454.590399999],[3628062.0097000045,4892786.110099999],[3627978.6448000018,4891589.3697],[3628403.968500004,4891576.268099999],[3628603.3772000032,4890684.729499998],[3628836.708199999,4890374.615900002],[3628765.026200001,4889995.062800005],[3629521.9984000064,4888703.9986000005],[3629740.610199999,4888659.677399997],[3629834.0382999964,4887875.740099996],[3630341.5913000046,4887426.124300001],[3630841.8952,4887269.881200002],[3631166.249700005,4887727.2741],[3631693.8933999976,4887447.159799999],[3631483.0401000003,4887044.546899997],[3630812.694100002,4887039.619199997],[3631030.504399996,4886567.844300002],[3630781.700399999,4886046.590499998],[3630991.811699998,4885895.9384],[3631661.8334999937,4884676.455100004],[3631947.4069000045,4884921.086299999],[3632478.870100002,4884481.410500001],[3632758.343000001,4884614.7008],[3633050.374300007,4884243.536400005],[3633734.8118000003,4884646.867699999],[3634017.5743000023,4884642.396599999],[3634667.388400001,4884151.380000003],[3633996.3907999964,4883674.498099999],[3633353.664699998,4883583.389500003],[3632293.3736999994,4883133.319099998],[3632576.7542999946,4882571.153100003],[3632627.122900001,4882049.648299998],[3633551.9787,4881335.928699997],[3634130.4126999937,4880997.8736000005],[3634745.2309999997,4881798.7287000045],[3635632.1297000004,4882043.067800002],[3635939.6323000006,4881987.0862],[3636256.9263999965,4882359.838399995],[3636392.499200004,4882837.632300001],[3636766.334100002,4883290.515000004],[3636477.803300002,4883788.930500003],[3636861.9275999945,4884031.121300003],[3637109.978299997,4883616.196700003],[3637624.6621000003,4883387.292899996],[3638114.958299999,4883892.885699996],[3637860.9374999995,4884331.710599996],[3637492.114299995,4884368.092199996],[3637110.0738000004,4885179.400699999],[3638153.3527000044,4885079.906199999],[3637757.301500001,4885755.783699999],[3637412.3193999967,4886025.987299999],[3636752.6377,4887228.9453],[3636222.552299997,4887029.8104],[3635615.577600007,4887253.064499998],[3635336.8077,4888002.962099997],[3635343.029399995,4888452.626099997],[3634852.057700002,4889245.274900004],[3634847.079800003,4889859.630400002],[3634574.3396999976,4890512.847200001],[3634036.657600003,4891300.4761],[3633844.137800001,4891850.601700004],[3634081.8312000055,4892203.693999996],[3634605.3466000073,4892425.924200002],[3633999.744600001,4893418.5150999995],[3633451.350299999,4893576.7285],[3633325.690100003,4893843.2013],[3632743.915,4893863.3335],[3631798.319000001,4894545.392800001],[3631524.9996999986,4895430.521699995],[3631136.5676,4895844.2467],[3630818.4174000034,4896589.0545],[3631091.660899994,4896885.036200003],[3631944.4471000014,4896500.519800004],[3632276.787800003,4895850.052800002],[3632928.723100003,4895715.129299996],[3632950.182199998,4895414.486600002],[3633759.077899996,4894966.379800003],[3633945.0187000046,4894716.576900002],[3634440.1533000018,4894776.375699997],[3634747.6768999984,4895050.357099999],[3635339.149899996,4894377.039099997],[3635735.043300006,4894352.5475],[3636845.2450000006,4894882.978400001],[3637398.651300003,4895289.910099998],[3637591.1744999997,4895713.7432],[3638659.553900005,4895694.0193],[3639006.0358000067,4895343.964999996],[3639187.617900001,4895483.615600004],[3639084.789300005,4896159.422000002],[3638621.6468999963,4896651.9679999985],[3638546.968299998,4897272.733800001],[3638950.4639000027,4897842.6175000025],[3639389.4124000017,4899166.9377999995],[3639903.3696999997,4899963.1230999995],[3639664.8981999997,4900160.995699999],[3639779.920999995,4900674.569799997],[3639252.7065000045,4900727.912099997],[3638888.2814000044,4900181.008499999],[3638228.0195999974,4901346.841200004],[3638430.2140000025,4902114.437299997],[3638326.854000003,4902381.049999999]]]},"properties":{"District":"KANGRA","STATE":"HIMACHAL PRADESH","TEHSIL":"JAWALI","Shape_Leng":149001.10853,"Shape_Area":302916460.017}},
{"type":"Feature","geometry":{"type":"Polygon","coordinates":[[[3651903.749700005,4894751.8027],[3651322.1229,4894683.016799999],[3650918.5484000025,4894418.475799998],[3651144.998400001,4893840.789900003],[3650753.682600002,4893166.775199996],[3650295.4582,4893044.505700003],[3650015.483999998,4892563.992400001],[3649014.843400003,4892418.211000001],[3647578.190000002,4891873.704600003],[3646829.9134000004,4891890.8473000005],[3646252.730300002,4892498.6347],[3646188.9505999996,4892733.227],[3645194.844599999,4893557.247800004],[3644793.750600005,4893442.718100004],[3644682.298500006,4893114.455600005],[3643826.4599000006,4892825.495900001],[3643706.4970000014,4892289.321599998],[3642858.6152000017,4891061.4235],[3642416.640100005,4890702.9518],[3642406.5677999984,4890059.646100003],[3642805.3802999984,4889754.632],[3643159.133299999,4889730.890600001],[3643335.776799999,4890277.814899998],[3643690.829800003,4890244.123300006],[3643765.5761,4888972.511700004],[3644931.992200001,4887717.736499997],[3644776.229699998,4887403.2541999975],[3645151.8917000024,4887006.0594000025],[3645093.3678999953,4886066.051100003],[3644759.454499993,4885937.8511],[3643920.8485000012,4886371.817900003],[3643927.171599996,4887252.925799999],[3643447.9497999987,4887954.2936999975],[3642935.975400003,4888018.286],[3642348.6013999986,4888357.181099998],[3642458.7803000016,4887758.125299998],[3643162.033099999,4886757.653999995],[3643858.9245999977,4885383.349299999],[3644014.1026999983,4884426.8102],[3643612.3268000027,4883765.985600002],[3643116.7625999944,4883830.647900004],[3642652.0772000006,4883473.196300002],[3642521.0948000015,4883107.243500005],[3642851.7471999982,4882942.780900002],[3642741.914100001,4882315.405599997],[3643050.2057000007,4881995.861700003],[3642925.4333000006,4881617.918800002],[3643219.633599993,4880957.901800003],[3643516.8466000017,4881060.061700005],[3643777.7969999947,4880498.765800001],[3643667.124399999,4880031.902000003],[3644197.3683999963,4879792.218],[3644379.688199998,4879263.172599997],[3644799.099999998,4878701.266199995],[3644721.5977000017,4878233.772199996],[3644873.897900003,4877917.798900004],[3645469.465099999,4878460.811699999],[3646090.130200003,4878312.438200003],[3647021.443599998,4876883.702199998],[3646920.8801999995,4876151.245999998],[3647136.4403000027,4875628.010499995],[3647576.472699998,4875186.5351000065],[3647816.181900003,4874330.5466],[3648231.2034000047,4873676.629300002],[3649273.8258999996,4874614.344099995],[3649272.4965999993,4874823.346000005],[3648644.113399998,4875507.244299998],[3649223.179799992,4875890.535700005],[3649363.6331000016,4876483.540600004],[3649753.617700006,4876795.782099998],[3650039.8938000016,4877826.700299999],[3649852.3932999945,4878164.193999995],[3649998.5859000026,4878545.6368999975],[3649492.4626999986,4878926.062100002],[3649782.7665000055,4879281.394299995],[3650152.930100002,4879365.733800003],[3650077.8612999995,4879929.839099997],[3650886.0313000036,4880724.693399998],[3651824.269800004,4880779.980700003],[3652653.699500001,4881445.613899998],[3652706.431700002,4881958.208299998],[3653138.967300002,4882465.271299998],[3653197.611599993,4883577.591099996],[3653465.996200001,4884198.875799995],[3654094.0378999966,4884296.9252999965],[3653998.5233999984,4885180.001300002],[3653776.243400002,4885487.4278],[3654605.704099994,4886003.206199998],[3654187.104799998,4887192.381499999],[3653707.0402000006,4887714.8670000015],[3654257.671599997,4888009.518799998],[3655267.826699999,4887985.871599996],[3656632.4007000066,4888755.108899999],[3656900.2034000037,4889590.590299998],[3658393.682599998,4891086.565199999],[3657996.4033000055,4891562.056200005],[3658283.884300002,4891939.432399998],[3658452.5588999996,4892512.133200003],[3657662.8997000046,4891868.400100004],[3657354.6467000023,4891814.080699999],[3656683.5420999937,4892200.4464000035],[3657056.807599997,4892834.630799999],[3656305.4807999996,4892823.7633],[3655459.2137999954,4892972.807500005],[3655112.4691000013,4892492.824400001],[3654591.2348000007,4892600.567099997],[3654085.3900000015,4892501.077900004],[3653778.5287000006,4892918.352700002],[3653099.8634999976,4893175.0173],[3653091.7254000036,4893741.9524],[3652850.9043999957,4894067.266100002],[3651793.4161000066,4894386.372600004],[3651903.749700005,4894751.8027]]]},"properties":{"District":"KANGRA","STATE":"HIMACHAL PRADESH","TEHSIL":"KANGRA","Shape_Leng":90886.7318549,"Shape_Area":164768860.92}},
{"type":"Feature","geometry":{"type":"Polygon","coordinates":[[[3663993.7361999955,4873025.321700001],[3663603.439299999,4873180.812400002],[3663207.204299998,4872758.409899997],[3662427.2582000014,4873008.254799999],[3662188.775399997,4872820.874],[3660269.278200002,4872822.570500003],[3658904.2249000035,4872514.532400005],[3657866.005599998,4872503.505799998],[3656874.0153999976,4872127.0758],[3656336.551099999,4872269.4789],[3655899.1061000004,4871961.727600003],[3655527.033600005,4872203.341099999],[3655273.9107000027,4872000.380099999],[3653885.8088000016,4872175.466400001],[3652121.5776,4870584.198099999],[3651588.052599999,4870524.419399995],[3651033.2055999986,4869936.726],[3651375.9773999974,4869540.261300001],[3652039.6233000048,4869544.969000004],[3652211.1540000034,4869304.396300001],[3653227.7607999975,4868628.186700006],[3653370.2802999956,4868098.531500004],[3654134.1952000074,4867516.943600003],[3654239.1252000025,4867264.820999995],[3653987.0414999994,4866838.048000002],[3654176.611400003,4866309.452600002],[3654904.938199994,4866381.650800001],[3655355.5889999988,4865436.920699997],[3655317.018099999,4865264.8893],[3655969.9622,4864758.7825000025],[3656141.861799999,4864190.446800003],[3656876.1659999983,4863494.5780000035],[3657572.276799999,4861901.3713],[3657815.938099999,4861631.158],[3657994.3763000024,4860622.588300001],[3658596.550300005,4860207.102499997],[3658855.040200001,4859490.0451],[3658654.456700001,4859014.831500001],[3658896.386699997,4858361.4947999995],[3659244.427900005,4857791.188399997],[3659485.589599999,4857670.5364999985],[3659793.2202,4857035.689700004],[3660304.7744000023,4856895.2766999975],[3660321.0223,4856246.960800001],[3660609.7333999993,4855806.065800004],[3660977.5859999997,4855585.352600004],[3661336.6663999986,4854752.973800002],[3662705.2063999986,4854075.1230999995],[3663390.9907,4853541.125899997],[3663694.028100003,4852619.799699997],[3663872.4969000006,4852905.473499999],[3663588.808799999,4853511.000199997],[3663674.4942999966,4853829.967599999],[3664060.7880999963,4853937.0472000055],[3664860.2244999963,4853917.799699996],[3665683.654900001,4853704.810100005],[3666064.4557999964,4854155.161600002],[3666064.1841999996,4854663.464799998],[3666244.9302,4855360.4199],[3666630.9288000045,4855387.995999999],[3666495.5969000054,4854743.682700004],[3666827.2567000035,4854400.470699998],[3667060.7711999984,4854626.223799997],[3667556.9475999963,4854895.867700003],[3667945.101299998,4854785.100000005],[3668566.9071000014,4855093.341799997],[3667711.677800002,4855493.595300004],[3667761.778499997,4856180.6972],[3668282.017599997,4856254.348900002],[3668680.364699995,4855841.428200003],[3668779.1032000054,4855442.623200001],[3669169.570000002,4855237.416700002],[3669701.307699997,4855507.350800004],[3669551.7326999954,4856156.730899998],[3668934.571100001,4856623.954999998],[3668768.6017999984,4857256.0013000015],[3668958.4843999958,4857539.303200001],[3668935.5652000015,4857826.395900004],[3668401.630500002,4857862.918000001],[3668095.378499998,4858093.841200002],[3667643.2606999995,4859931.229300003],[3667043.2462000055,4860203.723799998],[3667356.109899996,4860472.195099996],[3667649.874399999,4861021.269099998],[3668154.269000004,4861040.317599999],[3668508.8035999984,4861435.18],[3668221.5417999974,4861675.643100005],[3668017.1520000002,4862294.679400004],[3668058.5440999977,4862800.833799999],[3667754.0930999927,4863319.8994999975],[3667599.9841000033,4864002.3061999995],[3667074.5106,4864364.4212],[3666269.0162000014,4865206.9915999975],[3665175.1828000033,4867103.572399996],[3665086.0639000013,4867671.817799997],[3664836.6020999965,4867800.619800003],[3664427.2519000047,4868820.950400002],[3664330.9130999944,4869424.516099997],[3664588.1696000025,4870671.686499998],[3665169.9661000026,4871037.8478],[3664733.5726999994,4871205.560800003],[3663969.108699999,4872053.321],[3663759.0587999932,4872618.106800005],[3663993.7361999955,4873025.321700001]]]},"properties":{"District":"KANGRA","STATE":"HIMACHAL PRADESH","TEHSIL":"KHUNDIAN","Shape_Leng":78290.2126095,"Shape_Area":187458647.424}},
{"type":"Feature","geometry":{"type":"Polygon","coordinates":[[[3727063.242200005,4918806.813299999],[3727256.876000002,4918969.343199998],[3727484.4307999997,4919822.700000004],[3727501.7556999996,4920950.452900001],[3726301.202299996,4920958.104100002],[3726057.9179000077,4921814.936799998],[3725363.817699995,4922569.828400005],[3724133.506699998,4921753.7308],[3723697.9918,4921582.4241],[3723215.796899998,4921748.202100005],[3722255.506199999,4921400.089899996],[3721652.5277999975,4921029.323899997],[3720295.270000004,4920698.665199995],[3720143.226800002,4920409.996000003],[3718362.6490999945,4919531.0483000055],[3717352.064200002,4919296.741999997],[3715301.9629000006,4919512.609499995],[3715026.168200006,4920002.112899998],[3715056.973100002,4920652.223899999],[3715472.641099999,4921646.7365000015],[3715340.7920999965,4922122.467200004],[3714830.748500001,4921970.556700002],[3713704.789399994,4921125.320300005],[3712911.9022999974,4920986.589599999],[3711755.0069999998,4921158.225399999],[3711747.737199998,4921554.4056],[3712069.3109000027,4921802.476799996],[3712486.5898999986,4923236.440300001],[3711695.162799999,4923678.185899996],[3711219.657999998,4924379.8205999965],[3710905.9438000037,4924576.381100003],[3711236.025300005,4925481.922100004],[3712144.8710000003,4926317.766399996],[3711414.030900002,4926697.900900002],[3710769.9914000058,4926555.1056],[3709445.303499996,4926581.854],[3708989.856399997,4926425.3112],[3708572.628100005,4926512.100400005],[3707869.7674999987,4926348.294500001],[3707723.4812000045,4926018.4157000035],[3707144.6723999977,4925697.1159],[3706604.8531000055,4925138.635299999],[3705936.5183000006,4924728.039900003],[3705597.4181000013,4924283.102299998],[3704885.093400002,4923953.422200004],[3704284.5034999982,4923804.348499997],[3703581.020999994,4923104.667999998],[3702837.607100006,4922181.543400001],[3702794.789999999,4921576.982400002],[3702491.2254,4921047.373900003],[3701674.3044999978,4920346.835800002],[3700955.0547999954,4920303.172699995],[3700008.6162000014,4919826.436999999],[3699849.9942000024,4919362.028600003],[3700119.9630000032,4918932.5255999975],[3700377.461599997,4918191.143700004],[3700192.6402999954,4917246.944699995],[3700002.455799997,4916961.9453000035],[3700217.5503999954,4916480.608799998],[3699760.2594,4916156.541800001],[3699295.872100003,4915323.969999996],[3698524.6585000013,4915009.031399997],[3698183.4852999966,4915192.468400002],[3696985.3857999938,4915022.696199998],[3697521.408499998,4913973.240399999],[3698467.1241000025,4913307.222900003],[3699064.282100003,4912287.274500005],[3699293.0948,4910990.401999999],[3699950.3233999973,4910112.023600003],[3699496.879300002,4909993.346699998],[3698619.973899996,4909533.516399998],[3698535.2250000043,4909185.138199998],[3699208.9756999984,4908353.065900005],[3698927.2093999954,4907452.483199999],[3698470.9978,4906665.055599996],[3698695.4125000034,4905526.726800002],[3699215.5185000002,4904637.191400001],[3699232.900500003,4904291.9820000045],[3698789.620300001,4903698.804299995],[3698404.287100007,4903644.584600001],[3698078.720299995,4903047.101399999],[3698749.591300007,4902808.220899999],[3698759.8827000065,4902465.148200006],[3698358.500800003,4902229.221999999],[3698505.9220999978,4901700.980999996],[3698392.656999995,4900898.404200003],[3698165.917900001,4900479.9208],[3698375.750200006,4900048.004099996],[3698123.7497000042,4899398.441300006],[3697880.9691000013,4899222.409099998],[3697604.7689999985,4898498.007800001],[3697358.032899997,4898418.807000005],[3696913.638299999,4897702.217499999],[3695973.1218000026,4897436.425999995],[3695656.3562999936,4897175.771000003],[3694966.5846000016,4896160.585499998],[3695067.318000002,4895268.172899997],[3694790.2398999967,4894775.582900001],[3694675.486500006,4894102.426499996],[3695185.171400005,4893471.5407000035],[3695975.813600001,4891612.737100005],[3695841.3178999983,4891105.043],[3695908.0992,4890558.421300004],[3696317.972299997,4890060.345199996],[3696193.3812000034,4889137.141900003],[3695699.608099997,4888593.502900001],[3695748.1700999993,4887522.760600002],[3695467.2163999947,4886930.212499995],[3696066.9597000014,4886286.351499999],[3696075.994600001,4886030.728700001],[3696628.318400006,4885243.2168999985],[3696680.626400004,4884814.135200005],[3697741.4146000026,4884066.275199996],[3698458.8161000004,4883035.216899997],[3698745.823000001,4882707.835900005],[3699098.2701999964,4883234.3953],[3699521.4951000023,4883575.8068999965],[3700618.354000007,4883319.121199999],[3700935.2477999968,4883549.7914],[3701017.4156999993,4882739.634699997],[3702208.3730999934,4881748.8018],[3703049.007700001,4880850.000999998],[3703689.3331000013,4880747.927899998],[3704110.885400001,4880299.2326],[3704693.0093000038,4879902.157200005],[3705432.4982000017,4880584.5908],[3706069.5952999988,4881013.562599998],[3706818.351800006,4881003.280099996],[3707111.8940000003,4880828.697599998],[3707606.759999995,4881300.760100003],[3708105.1151999994,4881537.460799998],[3709402.6174000017,4881709.778099999],[3709958.6731999936,4881957.1285999995],[3710702.1496000015,4881883.985299999],[3710971.842799995,4882081.886299999],[3711630.7377000027,4881826.732000001],[3712097.7819000045,4881822.810300004],[3713394.5601999946,4882121.875900004],[3714020.882000002,4882646.5508],[3713682.3511999976,4883339.8082000045],[3713787.133900002,4883913.222900003],[3713640.0960000027,4884923.962399999],[3713397.1955999993,4885478.508199997],[3713941.2524000052,4886115.482099997],[3714241.8492000066,4887372.922500001],[3715609.1221999954,4887601.570100002],[3717181.8451000005,4887309.072499998],[3718095.863499999,4887283.6992999995],[3718294.896899998,4887836.823600004],[3717944.805499999,4888334.259199998],[3717985.2679000013,4889002.245100001],[3717631.497100004,4889747.492999997],[3718150.703500006,4890258.175900005],[3717908.2139000013,4891087.294100001],[3718120.9588000043,4892004.851599995],[3718693.0684000067,4893370.642000003],[3718677.7295000064,4893767.365699997],[3719012.0143,4894340.979699995],[3719402.988900001,4894690.911600005],[3719006.4766999986,4895128.476700004],[3719513.415500004,4896432.806800002],[3720032.342100001,4897065.460799998],[3720788.7086000014,4897003.747799997],[3721252.723099999,4897128.637400005],[3721706.079099997,4897728.971299999],[3722873.399100002,4897603.9365],[3723502.755599994,4897882.357000001],[3723722.3490999993,4898371.730600003],[3724329.2889000042,4898957.7345],[3724508.8906000042,4899764.290600004],[3724233.9489999977,4900023.913800003],[3723973.6991999997,4900830.841800002],[3722921.6120000053,4901505.5412],[3722588.0636000047,4902188.6700000055],[3722901.555099997,4902537.8105],[3722762.946800002,4903450.219100002],[3722424.2941999994,4903582.351399999],[3722527.947800007,4904420.718500004],[3722468.4992000023,4905025.174100002],[3722801.3700999953,4905745.0940000005],[3723088.6679999935,4906028.480999995],[3723272.0429000054,4907024.299599998],[3723748.660400005,4908150.178099998],[3724237.9865000034,4908617.530700002],[3725174.886100005,4909037.141299998],[3725796.5033000074,4909570.064200003],[3725921.037299999,4910454.2017],[3726474.8961000033,4911708.860900002],[3725304.8585999943,4912627.732900002],[3724274.2492999993,4912581.885800002],[3723950.4569000024,4912716.718000002],[3724338.491899994,4913221.0013000015],[3724630.876599998,4913864.646099998],[3724539.7088999953,4914862.5551999975],[3724926.0253000045,4915794.252300004],[3726150.630000003,4916999.4991000015],[3726703.2077000015,4917890.475299995],[3727063.242200005,4918806.813299999]]]},"properties":{"District":"KANGRA","STATE":"HIMACHAL PRADESH","TEHSIL":"MULTHAN","Shape_Leng":167027.73222,"Shape_Area":967406546.114}},
{"type":"Feature","geometry":{"type":"Polygon","coordinates":[[[3664398.990099999,4892013.578600004],[3663621.8524999972,4891826.979600004],[3663186.427400003,4891458.657700002],[3662613.4525000025,4891521.1302000005],[3662496.742899996,4891929.224300002],[3663412.9028000007,4892453.425900005],[3663170.0716999993,4892772.8795],[3662286.5347999968,4893039.734900001],[3661556.1078000013,4892909.636200003],[3661143.482199994,4892342.652499999],[3660999.305899999,4893810.056100001],[3661376.571700001,4894516.491199998],[3661117.3209000006,4894982.936200004],[3659377.5336999977,4894453.237399997],[3659247.1815000065,4894152.115099996],[3659670.6438999996,4893744.850100001],[3659232.228500002,4893300.237599996],[3658444.891400003,4893273.279999999],[3658452.5588999996,4892512.133200003],[3658283.884300002,4891939.432399998],[3657996.4033000055,4891562.056200005],[3658393.682599998,4891086.565199999],[3656900.2034000037,4889590.590299998],[3656632.4007000066,4888755.108899999],[3655267.826699999,4887985.871599996],[3654257.671599997,4888009.518799998],[3653707.0402000006,4887714.8670000015],[3654187.104799998,4887192.381499999],[3654605.704099994,4886003.206199998],[3653776.243400002,4885487.4278],[3653998.5233999984,4885180.001300002],[3654094.0378999966,4884296.9252999965],[3654772.7893999973,4884676.275600005],[3654989.1287999996,4883919.088100003],[3655464.811200004,4883376.191599995],[3655340.5979000004,4882732.2562000025],[3655811.0826999983,4882902.736200001],[3656355.9764999934,4882603.651600001],[3657582.9383000024,4882852.699699998],[3658131.7442999994,4883175.150699995],[3658875.773300003,4883872.634400003],[3659189.7452000044,4883619.711099999],[3659356.3346000053,4883005.164999995],[3659246.511600001,4882390.179900004],[3658667.8253,4882060.418900004],[3658802.224600003,4881520.823600002],[3658791.1917,4880692.406200003],[3658562.1572000054,4879960.9503999995],[3658165.8926,4879661.2690999955],[3657893.6485999934,4879196.655800004],[3658197.280799998,4879047.973499995],[3658780.2273999993,4879444.984999996],[3659324.5429000026,4879642.165000004],[3659917.7284000004,4879707.1135],[3661066.1017999984,4880612.897799997],[3661443.5367000066,4881084.320700003],[3662037.6114,4880894.647000003],[3662719.618800004,4881288.648200002],[3662599.968800003,4881596.651399996],[3663094.726700002,4882608.608800003],[3663392.9007,4883028.1316],[3663341.4518000064,4883477.435800003],[3662824.690900002,4884562.657199998],[3663448.0099000065,4885585.484299998],[3664112.5555000026,4885498.381299999],[3664288.6351000033,4884915.295400001],[3664672.1270999974,4884498.9503999995],[3665056.3096999954,4884536.8203000035],[3665500.349599999,4886004.5911],[3665445.8708999995,4886524.3359],[3665629.836999995,4887842.817100003],[3666166.962699998,4888119.377799997],[3666650.5468000015,4888073.505800001],[3666832.4597000023,4888448.338500002],[3667598.5577000035,4888778.248900002],[3666801.136699995,4890615.397999997],[3666826.0288000014,4891164.322799997],[3666159.853799995,4891421.437399998],[3665617.728499997,4891292.597999998],[3665247.9357999973,4891480.830999999],[3664493.9891999997,4891512.273800001],[3664398.990099999,4892013.578600004]]]},"properties":{"District":"KANGRA","STATE":"HIMACHAL PRADESH","TEHSIL":"NAGROTA BAGWAN","Shape_Leng":69697.3433496,"Shape_Area":105666863.694}},
{"type":"Feature","geometry":{"type":"Polygon","coordinates":[[[3621111.1179000014,4921302.157600003],[3620703.8226000024,4920677.9536000015],[3620240.808900002,4921016.651600001],[3619957.1749999933,4920733.017700001],[3619655.020199999,4921076.447599998],[3619038.539800007,4921163.760200002],[3618469.6845000032,4920949.4473],[3618099.2670999984,4921240.489599998],[3617826.745700002,4921042.0517],[3616785.5781000024,4921025.132199999],[3616400.8104000036,4921314.112199999],[3615176.8219000036,4921292.953599997],[3614245.2137999996,4920502.507299997],[3613547.649699999,4920151.503599999],[3612870.8254000065,4919115.2197],[3612388.8968999973,4917984.636300006],[3612438.4717000015,4917346.377800003],[3612268.5112000033,4916938.207100004],[3611401.9990999997,4917180.301400002],[3610729.956100003,4916424.914399996],[3610050.405900002,4916298.722099997],[3609245.742299999,4916318.215700002],[3608835.6679000054,4915435.106200002],[3609239.1582999974,4914933.719800001],[3609483.5594999976,4914257.729800003],[3608362.9236000003,4914131.1181999985],[3608094.6499999976,4913959.452500002],[3606328.735799998,4912145.005899997],[3605861.6098000044,4911232.173599996],[3605383.386699997,4909891.165900001],[3604332.2742000027,4909276.519900002],[3602949.7754000006,4908629.7496],[3602276.795499999,4908464.423799998],[3599809.1160999993,4908170.814699998],[3599098.3347000005,4907810.3122],[3596998.912699994,4907035.060199996],[3595683.1978000044,4906399.273500003],[3596051.8421,4905824.689300001],[3596101.3008000054,4905333.254700005],[3596717.3241999997,4904768.4975],[3597434.100100005,4904643.833900004],[3597973.235399997,4904776.603100006],[3597971.383799996,4904353.009299999],[3598637.569700007,4904334.296800001],[3599624.009200001,4904563.835299995],[3600252.3939000037,4904322.830899999],[3600720.506300003,4903829.614900002],[3600788.6357000005,4903493.421600001],[3601419.0411000014,4903443.6089],[3601698.3021999933,4903055.944499997],[3601387.377899994,4902615.781699996],[3601385.755599999,4901965.2859000005],[3601001.410700003,4901547.3035999965],[3599967.5609000046,4901376.665700003],[3599188.5926000043,4900973.884899996],[3600095.1180000044,4900234.315100001],[3601023.7117000027,4898975.620600004],[3601721.496699996,4898660.995299997],[3601809.1952000046,4898018.809300004],[3600915.1744000018,4897207.055300003],[3602316.1363999983,4897086.489199998],[3602197.2123999996,4896257.422199998],[3602679.5845999974,4895684.735399995],[3602645.571899999,4894999.7694],[3602394.0474999975,4894394.634900003],[3602353.483200001,4893303.135299997],[3602202.610600002,4892941.852699997],[3602510.192199997,4892617.138700003],[3602830.0957000013,4892796.459099997],[3603443.2310000006,4892758.816599995],[3603675.255500001,4893460.372000002],[3603626.5964,4893827.845499998],[3603938.560800002,4894272.328299997],[3604709.7867000066,4894022.683400003],[3605064.582500006,4894771.018800004],[3605579.6872999948,4894814.927299999],[3605706.7002000036,4895329.7415],[3606313.388299998,4896087.266100004],[3605877.2864999985,4896667.572799997],[3605730.5875000022,4897331.169200003],[3606644.646799993,4897644.078800003],[3607060.742099998,4897168.489800003],[3607558.4135000072,4897276.782299995],[3607668.9054000024,4897515.984000003],[3608311.4012999996,4897587.212299997],[3608765.766300003,4897852.683100004],[3609516.0019999947,4897590.948099997],[3609831.815399996,4897759.918499995],[3610490.0399999963,4897400.8029999975],[3611184.7361999964,4897428.4108],[3611841.8713999977,4897249.6268],[3612032.091499999,4896798.202199999],[3612756.6580000045,4896807.379700005],[3613590.7524999967,4896001.529599996],[3613785.9817000064,4895290.922499999],[3613314.495000002,4894563.637699996],[3613317.5835999986,4894174.704200001],[3613934.588600003,4894025.870700004],[3614154.6295,4893739.367400002],[3615067.6362000057,4893339.730599998],[3616061.564799999,4893264.506399999],[3616333.5342999995,4892449.928199997],[3616691.4164000014,4892118.214000002],[3617348.1844,4892738.377200004],[3617832.4776000036,4892436.952799997],[3618123.721400003,4892773.744799998],[3618896.3685000027,4892839.362699997],[3618570.6371000074,4893272.547700002],[3618459.2189000044,4894060.8351],[3617980.557099999,4894764.933100004],[3619398.0706000007,4895026.410400003],[3619641.9725999953,4894981.169199996],[3621047.841700004,4895385.251400003],[3619708.0824000044,4897607.112299999],[3619524.0237999996,4898457.800599997],[3619553.9861000013,4899045.825700004],[3619370.2776999953,4899968.374499999],[3619813.7726999987,4900256.2556000035],[3620460.015600007,4899450.286100002],[3620759.209499997,4899810.758299997],[3620936.5129999984,4900354.382499997],[3621400.069399997,4901019.9268000005],[3621223.6593999993,4901463.751399999],[3621251.672600001,4902313.968800001],[3621411.415099997,4902610.220899997],[3621172.3746000035,4903071.105800003],[3620456.770199998,4903619.313200002],[3620177.8803000012,4904357.950800002],[3621039.659900002,4904932.2828],[3620876.3501999998,4905415.037700003],[3621327.7642000043,4905437.706300005],[3621602.9549999945,4904948.851000002],[3622204.0288000056,4904527.155199999],[3622472.868199993,4903678.686700002],[3622948.1346999966,4904331.6608],[3623207.286599998,4904225.648999998],[3623593.952000003,4904778.895800002],[3624369.719700002,4905023.131999998],[3624293.520700002,4905497.816499997],[3623975.838600003,4905706.039399998],[3624205.1619999968,4906089.682000002],[3624398.2264,4906859.548199999],[3624895.6092,4906406.0724],[3625718.2760000043,4906274.438400003],[3626374.6034000022,4906724.270100001],[3626972.7066,4906148.422899997],[3627666.659900006,4905324.463199997],[3627911.9705000035,4904883.208400004],[3628343.8438,4904713.4054],[3628491.843999993,4904419.2023],[3629000.1900999956,4904852.9743],[3628746.9488,4905137.797800004],[3628982.611899999,4905436.059600001],[3629078.3751000036,4906115.105299999],[3629489.381599998,4906925.391000001],[3629201.8304999974,4907334.785700003],[3629496.424200002,4907655.717500002],[3629089.352399998,4908165.033399998],[3628415.898199996,4908688.350400005],[3628159.1683999985,4909389.057500001],[3628216.0706999954,4909902.8919],[3628748.3593999986,4911041.5101999985],[3628762.471699994,4911676.1158000035],[3629042.7169999983,4912489.522000003],[3628741.0235000025,4912626.286800003],[3628300.7300999984,4912388.223700006],[3628098.780500001,4913025.98],[3628352.8829999994,4913093.989699999],[3628498.2559999963,4913594.273699999],[3628841.020400007,4913969.865800003],[3628533.4209999978,4914942.255499996],[3628073.149699997,4915733.1841],[3627716.9769999986,4915850.026399999],[3627045.2147000018,4916886.877900001],[3626824.384700003,4917446.743599998],[3626234.6631999956,4918498.915],[3625825.322700004,4919392.504299996],[3625077.167099999,4919676.399400001],[3624268.6536000017,4920724.3115],[3623602.3079999955,4920775.124299999],[3622725.4997999994,4920654.936300001],[3622329.4672000045,4920895.419799997],[3621551.031000007,4921074.734099999],[3621111.1179000014,4921302.157600003]]]},"properties":{"District":"KANGRA","STATE":"HIMACHAL PRADESH","TEHSIL":"NURPUR","Shape_Leng":152625.304313,"Shape_Area":530249101.548}},
{"type":"Feature","geometry":{"type":"Polygon","coordinates":[[[3687217.5460999953,4896138.197500002],[3686503.6526999967,4896195.652400002],[3686232.3170000054,4896432.910199997],[3684651.9903000016,4896850.437800006],[3684351.2550000055,4897276.333500005],[3683511.2941000005,4897572.994600002],[3683290.392999999,4898263.395599997],[3682616.222400002,4898783.056899998],[3682140.929600005,4899644.474399999],[3681449.4135999978,4900160.431900001],[3681185.7623000033,4900517.8751],[3680524.1482999963,4900377.594700003],[3680186.8939999985,4900560.0986],[3679395.7409999957,4900593.541699999],[3679060.419200004,4900476.819300003],[3678653.2257999983,4900659.368099995],[3678389.4390000044,4901150.411000002],[3678029.842600002,4900997.378600005],[3676742.2388999993,4901344.076100002],[3676214.472000001,4901355.351900002],[3676011.079400001,4901147.085799996],[3675550.540000002,4901199.043200003],[3675401.5743999993,4901702.868000003],[3674887.654400002,4901916.662400002],[3674139.8999999976,4901532.497000004],[3673090.683800001,4901786.969500003],[3672879.121399995,4902341.772000004],[3672450.832000002,4902866.9036],[3671995.374999997,4903141.652399999],[3671740.6775000007,4903757.623199996],[3671161.869999999,4903788.163399998],[3670760.6852999963,4903526.319999997],[3669716.025900002,4903504.223200003],[3669616.5642999997,4903265.371399995],[3669712.4027000023,4902535.454600002],[3669653.7405000036,4902033.640299995],[3669929.5798999965,4901112.811200001],[3669798.5569000035,4900585.706899997],[3669755.2535000006,4899689.6591],[3669933.0223000017,4898845.670999996],[3669464.918200004,4898879.362900004],[3668588.2470000004,4897840.056500003],[3668260.5524000023,4897339.243199999],[3668399.621200002,4896640.2764],[3667818.984599998,4896201.044500005],[3667619.350399999,4895488.088799996],[3667764.5362000028,4893859.533700003],[3666429.8035999956,4893616.786100002],[3665595.363300006,4892772.911299998],[3665077.558300006,4892646.542000001],[3664398.990099999,4892013.578600004],[3664493.9891999997,4891512.273800001],[3665247.9357999973,4891480.830999999],[3665617.728499997,4891292.597999998],[3666159.853799995,4891421.437399998],[3666826.0288000014,4891164.322799997],[3666801.136699995,4890615.397999997],[3667598.5577000035,4888778.248900002],[3666832.4597000023,4888448.338500002],[3666650.5468000015,4888073.505800001],[3666166.962699998,4888119.377799997],[3665629.836999995,4887842.817100003],[3665445.8708999995,4886524.3359],[3665500.349599999,4886004.5911],[3665056.3096999954,4884536.8203000035],[3665271.0895999954,4883661.7009],[3666211.067599999,4883527.436499998],[3666619.8993000053,4882943.149899997],[3666710.3786000055,4882515.3456999995],[3667177.3215999957,4882162.210999997],[3667493.175700001,4882547.673400003],[3667807.768700008,4882599.302800002],[3667939.0376999937,4881958.676600001],[3668697.1338000004,4881748.7622000035],[3668725.492399997,4881262.777700001],[3668984.753000001,4880755.802299995],[3668751.3897000044,4880383.569700003],[3668886.2100000023,4880117.846900005],[3668647.716499999,4879736.3143],[3668240.022299994,4879561.754100002],[3668095.9391999985,4879022.809699997],[3668387.5391000006,4878203.681399999],[3669312.3071,4878132.557600003],[3669376.6393000036,4878621.0918000005],[3669653.453300002,4879085.054999998],[3670203.0398999946,4879566.297500001],[3670486.108599998,4878448.656499999],[3670202.463100003,4877548.009400003],[3669725.726599995,4876896.435100003],[3669433.8741999986,4876938.966500002],[3669272.038900004,4875814.516900001],[3669452.9488999993,4875329.9820000045],[3670138.693100002,4874755.034499999],[3670418.8752999976,4874675.092799996],[3670041.7083,4873580.804300003],[3669633.153800005,4873336.473400003],[3670471.1400999995,4872970.437300004],[3670500.581500001,4873324.920400001],[3670946.285800003,4873421.899800003],[3671353.917199998,4872738.172299997],[3671210.1832000013,4871923.475400003],[3671282.870500002,4870937.5263],[3671002.426599998,4870537.623599999],[3670998.1845000032,4869910.797999997],[3671741.8089000015,4869241.129500005],[3672219.7327000005,4869097.2666000035],[3672929.8496000026,4869244.325499999],[3673176.4527999978,4869561.697499998],[3672923.1715999995,4869867.901200004],[3673220.8756999997,4870288.233900003],[3673238.9189999993,4871227.762299997],[3673736.5336999986,4871296.921300003],[3674521.9033999965,4872100.575900001],[3675268.581000003,4872362.2557],[3675926.4998999974,4873252.201600002],[3675907.650799999,4873567.554499999],[3676421.6773999995,4874175.168200001],[3676235.396999997,4874561.782299997],[3675787.584100004,4874874.466600001],[3675486.512899999,4875340.171800001],[3675868.4474000046,4875637.003199996],[3676111.171699998,4876297.708300001],[3676443.1756999977,4876598.529900003],[3676830.259299999,4876635.738999996],[3677035.1024,4877015.411699999],[3677436.2255999986,4876890.869200002],[3677877.8202999937,4877124.0698],[3678411.2051000027,4877122.128099997],[3679181.893,4877414.4981],[3680070.6800999986,4877158.642799998],[3680265.8389999988,4876309.714599999],[3680121.216799996,4876042.742600003],[3680837.0714000016,4875517.5155000035],[3680746.9488000013,4874960.7008000035],[3681610.5167999994,4875048.548700001],[3681999.788600001,4874539.392900001],[3682492.5036000023,4874705.6227],[3682702.076699998,4875096.555500005],[3683324.6117999963,4874926.321900001],[3683732.0565000027,4875256.7335],[3683904.969799999,4875791.5478000045],[3683540.2700000056,4876823.248299999],[3683198.2727999957,4877278.987700002],[3682527.1829999983,4877441.797200002],[3681653.678099999,4878324.437999999],[3681224.1848999974,4878514.981200002],[3681173.2554000025,4878810.724000001],[3680568.0217999932,4879346.120799998],[3680598.1335999947,4879802.684800002],[3680858.837800007,4880368.959099999],[3680561.407499996,4881061.546299999],[3680879.5119000035,4881527.099399996],[3680637.910700001,4881824.772900002],[3680645.3232999966,4882576.5496],[3680987.248300003,4883165.473700004],[3681061.0013000015,4883866.389799999],[3681592.995900002,4883816.397600001],[3682068.4311000016,4884125.698800003],[3682482.707999994,4885077.745900005],[3682135.8965999996,4885585.171599995],[3681770.325999996,4886386.739999997],[3681771.968099993,4887025.265700004],[3682172.303499995,4887561.039199999],[3682887.819400002,4887422.065600002],[3683383.4029000006,4887139.961399995],[3683642.9059999995,4887377.892700004],[3684067.189700002,4887363.751100004],[3684747.927299996,4887801.122799998],[3684788.0084000016,4888040.5847999975],[3684168.6447000005,4888592.771799997],[3683970.837800004,4890038.5154],[3683745.5678000017,4890651.521700001],[3684665.310599994,4892039.270999998],[3684386.7002000036,4892685.117699996],[3684707.9662000053,4893613.984999996],[3684605.116200003,4893890.587800002],[3685143.0738000018,4894729.813499998],[3685569.8680000044,4894859.3133000005],[3686196.9860000033,4895599.107800003],[3687217.5460999953,4896138.197500002]]]},"properties":{"District":"KANGRA","STATE":"HIMACHAL PRADESH","TEHSIL":"PALAMPUR","Shape_Leng":139085.481181,"Shape_Area":421183218.454}},
{"type":"Feature","geometry":{"type":"Polygon","coordinates":[[[3648509.6360000046,4859032.8841],[3648067.366099996,4858685.828299999],[3647567.340800002,4859065.134300003],[3647144.055900001,4858785.810999999],[3647347.827200005,4858495.831300002],[3646991.5716999974,4858080.156500004],[3646447.0319999997,4857890.5907999985],[3646675.2139,4857536.905800004],[3645969.2101000026,4857002.329600001],[3645427.0271999994,4855954.697800001],[3644588.399100002,4854825.230200002],[3643832.7776999967,4854912.806],[3643222.347199998,4854219.0806],[3642776.237099996,4854945.490800005],[3642197.8487000037,4854629.938099997],[3641269.0478999997,4853787.9843],[3640807.874999999,4854039.703899996],[3640513.485399998,4853887.709599998],[3641104.9984,4853280.621800004],[3641953.5133000007,4853068.7616],[3642307.5156000047,4852774.831099995],[3642406.761500001,4852249.582100003],[3642193.790200002,4851623.0156],[3642760.5816999967,4851427.635099998],[3643722.507399995,4851744.616999995],[3644276.2111999956,4851407.572000004],[3644143.3884000066,4850945.418299995],[3644509.920900003,4850706.094900001],[3644966.1089000003,4850124.162600003],[3645110.9724999974,4849551.670299996],[3645363.5868000016,4849387.509900002],[3645839.145499997,4848652.082300004],[3646773.881499995,4847863.221299997],[3646796.460600001,4847551.9684000015],[3647828.025600004,4846302.773499996],[3648292.7586999983,4845976.869000003],[3648540.8400000036,4845527.030099995],[3649142.064000006,4845300.889899999],[3649570.9579000007,4845290.428300001],[3649569.8064,4844856.934399999],[3650408.181200001,4844253.619699996],[3650769.894000001,4843379.2854],[3651089.5540999966,4843100.723299999],[3651368.110499999,4842170.805100003],[3652050.403300004,4842400.753500001],[3652619.4214999937,4842865.5189999975],[3652561.1378000015,4843213.0792],[3653389.8341000006,4844300.1328000035],[3653545.9153999966,4845851.999800002],[3653750.0257000057,4846338.324999999],[3654063.7135000033,4846467.1510999985],[3654591.0357999997,4846718.7533],[3654797.6859000064,4847199.638799997],[3654580.8298999956,4847663.931200005],[3654019.3850999977,4848440.751899999],[3653942.755800004,4849188.921199998],[3653594.6804000014,4850002.537300002],[3653611.133299997,4850806.0145],[3654051.1585000004,4851179.386299999],[3653836.2526999987,4851784.826100001],[3653288.6451000012,4852190.3881],[3653180.8549999953,4852620.432100005],[3653068.2715999978,4853397.328399999],[3652660.631999995,4854464.619499996],[3652433.743500003,4855837.245800003],[3652203.0884999963,4856309.508899998],[3651526.307100001,4857106.166299997],[3650995.513499994,4857178.672499996],[3650486.2674999973,4857838.391900003],[3649624.144899999,4858116.098299997],[3648509.6360000046,4859032.8841]]]},"properties":{"District":"KANGRA","STATE":"HIMACHAL PRADESH","TEHSIL":"RAKKAR","Shape_Leng":55477.0541556,"Shape_Area":114032822.435}},
{"type":"Feature","geometry":{"type":"Polygon","coordinates":[[[3652185.3638999965,4918111.5918999985],[3651353.8624000056,4917891.143100003],[3651381.4638000005,4918236.126100004],[3651100.672200006,4918503.879400002],[3651191.875500003,4919209.995299997],[3650885.7103,4920127.5163],[3650117.253200001,4920299.690099998],[3649837.5406000055,4920105.214000004],[3648746.821199994,4920346.976899998],[3647807.5771000013,4920362.809399998],[3647622.8193000015,4920216.946800003],[3647252.4022999974,4919646.363400004],[3647211.359100002,4919223.506599996],[3646727.1521999957,4918530.859599998],[3645908.797199999,4918054.274500002],[3645388.6439000024,4917389.689199999],[3644810.4258999955,4917338.2039],[3644039.642599997,4916649.640500005],[3643214.9077999955,4916132.493399998],[3642452.377299999,4915961.2963999985],[3642808.1554,4915421.839300001],[3642898.8306000046,4914729.303299999],[3643158.8057000004,4914397.290199997],[3642780.9270000006,4913753.021700002],[3642393.283699997,4912482.918000003],[3641801.4676000075,4912004.973000003],[3641715.7887999984,4911599.042500004],[3641952.9061999964,4911101.867900003],[3641992.4833000028,4910447.710099997],[3641833.9442999996,4909775.973899998],[3642464.9973999984,4908875.5128000025],[3642253.9273999967,4908305.145099999],[3643009.4640999995,4907899.533399995],[3643964.745699999,4906889.441500004],[3644210.0469999975,4906425.837200001],[3644072.7644999963,4905936.256999996],[3643724.6600999944,4905414.995000001],[3643778.8826000057,4904774.487300005],[3643418.293999997,4904207.885],[3643415.764700001,4903556.2157000005],[3643645.506399993,4903491.261299999],[3643408.3198999977,4902784.644699998],[3643757.8180000065,4902430.433800004],[3643759.9253000002,4902070.820999995],[3643343.2528000027,4901843.709299998],[3643176.383999999,4901489.035399999],[3642307.7567000007,4901620.419599997],[3642448.5209000036,4902486.826800004],[3642337.761399996,4902907.210900006],[3641737.8452000036,4902834.396200002],[3640724.4474999993,4902151.4328000005],[3640263.508800001,4901753.644299995],[3639386.342400003,4902073.603699999],[3639231.441899997,4902339.726599997],[3638326.854000003,4902381.049999999],[3638430.2140000025,4902114.437299997],[3638228.0195999974,4901346.841200004],[3638888.2814000044,4900181.008499999],[3639252.7065000045,4900727.912099997],[3639779.920999995,4900674.569799997],[3639664.8981999997,4900160.995699999],[3639903.3696999997,4899963.1230999995],[3639389.4124000017,4899166.9377999995],[3638950.4639000027,4897842.6175000025],[3638546.968299998,4897272.733800001],[3638621.6468999963,4896651.9679999985],[3639084.789300005,4896159.422000002],[3639187.617900001,4895483.615600004],[3639006.0358000067,4895343.964999996],[3638689.3213000004,4894853.181699999],[3639059.3636000026,4894568.557900004],[3639503.4874000065,4894552.506200001],[3639835.5587999974,4894098.6810000045],[3639551.7046000017,4893590.937500002],[3638888.9498000005,4893931.772800002],[3638594.195600007,4893474.2797],[3639143.040299995,4893417.057300003],[3639106.108400004,4892969.423499998],[3639584.940800008,4892420.126899997],[3640020.1860999973,4892840.199200001],[3640617.3396999957,4892337.642599998],[3641463.7994000046,4892960.735299999],[3642146.1352000004,4892889.482299998],[3642152.4935000055,4892376.607700003],[3642482.5430999976,4891415.037999997],[3642416.640100005,4890702.9518],[3642858.6152000017,4891061.4235],[3643706.4970000014,4892289.321599998],[3643826.4599000006,4892825.495900001],[3644682.298500006,4893114.455600005],[3644793.750600005,4893442.718100004],[3645194.844599999,4893557.247800004],[3646188.9505999996,4892733.227],[3646252.730300002,4892498.6347],[3646829.9134000004,4891890.8473000005],[3647578.190000002,4891873.704600003],[3649014.843400003,4892418.211000001],[3650015.483999998,4892563.992400001],[3650295.4582,4893044.505700003],[3650753.682600002,4893166.775199996],[3651144.998400001,4893840.789900003],[3650918.5484000025,4894418.475799998],[3651322.1229,4894683.016799999],[3651903.749700005,4894751.8027],[3652238.334399995,4895666.772499997],[3652677.520599995,4896354.2471],[3652426.1695000054,4896674.320800003],[3651429.4196999967,4896407.581900001],[3649822.2331000012,4895712.361099998],[3649759.0656999997,4896633.189600003],[3649962.8198999967,4897344.1552],[3650701.370600003,4898565.373599998],[3651215.606700007,4899012.595800001],[3651293.169900002,4899730.541900001],[3651764.7349000014,4899972.9725],[3651725.5572999986,4900776.479799999],[3651403.0649000052,4900908.192099998],[3651644.938799997,4901438.605999995],[3651291.388600002,4902284.004699999],[3650679.2652000003,4902883.7521],[3650410.803200002,4902991.614],[3649702.636600003,4902916.325700005],[3649323.755500002,4903559.552799999],[3648778.2915999945,4903821.007000003],[3649214.9266000064,4904175.678599998],[3649187.0481999964,4904699.533399999],[3649694.924900004,4905350.657399997],[3650479.8734000027,4905800.088700004],[3650871.7296999996,4906623.474700001],[3650553.2475999957,4906835.407699997],[3649215.186800005,4907144.664999995],[3648698.3829000015,4907353.528599999],[3648417.9121000054,4907836.7839],[3648994.579099999,4908380.056699999],[3649334.9420000003,4908347.605300002],[3649444.427299996,4909633.566300001],[3649200.186700005,4910094.331300003],[3649573.591799995,4910608.904599996],[3649661.824400002,4911139.478999999],[3649496.085100005,4911787.0753000025],[3649537.737099994,4912242.749199998],[3649961.3019000012,4912558.600499997],[3650776.0221000044,4913457.5956999995],[3650863.9741000053,4913821.678699998],[3652011.9993999945,4915333.2480999995],[3652078.2211999986,4915675.460999997],[3651944.9038999975,4916811.761499999],[3652185.3638999965,4918111.5918999985]]]},"properties":{"District":"KANGRA","STATE":"HIMACHAL PRADESH","TEHSIL":"SHAHPUR","Shape_Leng":118758.58943,"Shape_Area":239984948.195}},
{"type":"Feature","geometry":{"type":"Polygon","coordinates":[[[3672219.7327000005,4869097.2666000035],[3671741.8089000015,4869241.129500005],[3670998.1845000032,4869910.797999997],[3671002.426599998,4870537.623599999],[3671282.870500002,4870937.5263],[3671210.1832000013,4871923.475400003],[3671353.917199998,4872738.172299997],[3670946.285800003,4873421.899800003],[3670500.581500001,4873324.920400001],[3670471.1400999995,4872970.437300004],[3669633.153800005,4873336.473400003],[3668842.824399997,4872652.160000003],[3668336.7506,4872852.023499999],[3668106.6266999976,4872318.349399999],[3668525.649199998,4871952.374700002],[3668043.4733999986,4871518.372399999],[3667664.220200006,4871572.064199997],[3667212.3929999964,4870627.397200002],[3666779.8082000026,4870367.696299997],[3666977.588100005,4869811.0907],[3665763.500900004,4870903.124600001],[3665169.9661000026,4871037.8478],[3664588.1696000025,4870671.686499998],[3664330.9130999944,4869424.516099997],[3664427.2519000047,4868820.950400002],[3664836.6020999965,4867800.619800003],[3665086.0639000013,4867671.817799997],[3665175.1828000033,4867103.572399996],[3666269.0162000014,4865206.9915999975],[3667074.5106,4864364.4212],[3667599.9841000033,4864002.3061999995],[3667754.0930999927,4863319.8994999975],[3668058.5440999977,4862800.833799999],[3668017.1520000002,4862294.679400004],[3668729.5488000005,4862413.4980000025],[3669376.1339000054,4862190.5338],[3669999.219700005,4862251.232300002],[3670581.691600005,4861256.691299997],[3670925.3154000016,4861478.4822],[3670947.146999997,4861896.895899998],[3670632.6860000007,4862433.011800002],[3671133.1827000035,4863090.8061],[3671518.0869999942,4863320.176800001],[3672203.8526000027,4863174.103200002],[3672176.4042000063,4863725.728299998],[3672422.5688999994,4864463.444100004],[3671298.7403000016,4864887.2316999985],[3671012.259000003,4865265.3661],[3671064.891900004,4866007.512600002],[3671578.1582000055,4866511.105400002],[3671595.9398000054,4866925.189100003],[3672183.499700006,4868285.409400004],[3672219.7327000005,4869097.2666000035]]]},"properties":{"District":"KANGRA","STATE":"HIMACHAL PRADESH","TEHSIL":"THURAL","Shape_Leng":43654.7437443,"Shape_Area":56588648.0292}},
{"type":"Feature","geometry":{"type":"Polygon","coordinates":[[[3846956.856700006,4815513.141100001],[3846622.984899996,4816247.8473999975],[3846732.7574000014,4816677.481300004],[3847236.7333999993,4817309.325399998],[3847404.0073999977,4817928.000799999],[3847142.535400005,4818143.0231],[3846775.0248000044,4819009.0425],[3846881.987200003,4819629.687999998],[3846362.6132000056,4819818.281100003],[3846154.6121000014,4820262.025999999],[3846152.5746000046,4821081.693600001],[3845832.7739999923,4821916.442300001],[3845477.0415999955,4822183.705699995],[3845015.197700006,4822256.147799997],[3843991.850799998,4823072.198800001],[3842505.029700002,4823998.311900003],[3841785.8629999952,4824090.754399997],[3841176.6289,4824537.710499998],[3839720.8889999986,4825918.647299999],[3839009.8529999983,4826000.960299999],[3838625.545900006,4826394.826200003],[3839157.0583999995,4827313.872400003],[3839240.380700004,4827735.355500001],[3839564.724699998,4828261.899399996],[3840415.8147000005,4828840.141999999],[3841599.2029,4829163.3488],[3841594.637400004,4829608.906100001],[3840145.107500002,4830758.820899997],[3839548.727100002,4832490.438300002],[3840399.1971000005,4832977.2005],[3841532.4769000006,4833040.0678],[3841471.8783000046,4833710.963900004],[3840954.0247,4834073.698800005],[3840581.1729999995,4834725.386099998],[3839787.096400001,4835065.0514],[3839555.246200003,4835715.838500001],[3839154.813000003,4835940.671699999],[3838103.6364000016,4836974.784200004],[3837369.301200006,4837289.738900002],[3837019.3477000035,4837267.430100005],[3836212.6827000016,4838035.889600001],[3835262.5948999943,4838436.645900004],[3835085.7343000057,4838781.819800001],[3832896.156499994,4839239.32],[3832134.8576000025,4839007.0603],[3831529.552499998,4838965.541799997],[3830922.1679999977,4839335.796699999],[3830189.2511000056,4839568.4812],[3829916.6189,4839509.151399999],[3829577.3644999997,4839020.858100001],[3829510.342699999,4838636.964800003],[3828887.475700002,4838105.431299996],[3828400.251400004,4838242.194299996],[3827685.576800004,4838951.942999997],[3827331.983600002,4838880.1530000055],[3826891.690100004,4839264.698000003],[3825865.4711000067,4839318.201399997],[3825108.6964000007,4839924.009400001],[3824299.4683,4839735.799899995],[3823716.4634000016,4839883.683200005],[3823586.0511999987,4839538.370700004],[3822677.1816999996,4839111.979600005],[3822344.895199999,4838076.160800002],[3821470.755299997,4837399.526600003],[3821521.2632,4836434.878100002],[3821674.462899994,4835963.652799999],[3822064.985899998,4835671.899300002],[3822287.0462000044,4835078.313199999],[3822588.8978,4834908.9004],[3822751.6767999986,4833921.370799999],[3823121.0490999925,4833510.376100004],[3823391.809600006,4832842.439300001],[3823892.174999997,4833075.060000001],[3824449.8316999953,4833701.174099997],[3824983.3767999965,4833745.9627],[3825255.7885000017,4833441.649799997],[3826158.4759,4833276.3149],[3826608.858199997,4832651.117700002],[3826659.4778999984,4832322.864699998],[3827069.9592999946,4831497.245599998],[3827690.6447999976,4831356.872499995],[3828118.188899999,4831419.472300002],[3828419.141099996,4831235.209399998],[3829326.3158000065,4830155.397399999],[3829715.456399999,4829037.915500002],[3830185.5303999977,4828933.243400002],[3830152.2267999994,4827717.961599998],[3830280.7963000005,4827297.857800003],[3829771.0194000043,4826520.8715999955],[3830328.9114999995,4825551.841099998],[3830015.8756000064,4824412.051399995],[3829598.7704,4823973.749399999],[3828987.194799999,4823783.9389999965],[3828220.6357000037,4823171.375499997],[3828216.7030000007,4822420.5386999985],[3827940.6292999946,4821898.2645],[3827979.688299999,4821437.300099995],[3827739.0645000003,4821011.646699995],[3827044.106000003,4820432.513799997],[3826829.1889999993,4820003.375400001],[3827969.722200003,4819553.383000001],[3828863.856900003,4818307.478500002],[3829099.224799998,4817828.9011],[3830249.6368000023,4817310.115300002],[3830482.6052000024,4816161.543600002],[3830834.4668999957,4815708.5484],[3831716.804300007,4815263.7322],[3832315.5385000063,4814812.795799999],[3833108.5051000016,4814562.9812],[3833385.688,4814611.780599996],[3834605.358000004,4814333.504699998],[3835808.1197,4814487.862700002],[3836041.7325000055,4814617.812899997],[3837766.108199995,4814636.038500003],[3839584.244199997,4814272.619600001],[3840415.021899996,4814322.987700004],[3840398.7899999954,4813954.914200002],[3840863.0332000013,4813427.478100002],[3841127.485399997,4813337.076399997],[3841468.9771999996,4812724.539299995],[3841872.979200001,4812491.826299998],[3842393.395299998,4812513.974899996],[3842654.286799997,4812254.511599997],[3842972.3903,4812545.103600004],[3843450.814900008,4812548.9624999985],[3844325.7164999996,4813820.761799997],[3844660.150200005,4814049.133200002],[3845456.4283000045,4814166.511500003],[3846245.1878000014,4815020.476800003],[3846594.111300002,4814965.595600005],[3846956.856700006,4815513.141100001]]]},"properties":{"District":"KINNAUR","STATE":"HIMACHAL PRADESH","TEHSIL":"KALPA","Shape_Leng":106697.164255,"Shape_Area":366107987.064}},
{"type":"Feature","geometry":{"type":"Polygon","coordinates":[[[3819664.338200004,4849601.9528],[3819518.440399999,4849506.963299998],[3817896.1464000014,4849526.9572],[3817567.4068000023,4848924.663700003],[3816634.761200006,4848105.397600002],[3816218.4064999954,4847224.745700005],[3815496.164300005,4846887.9898000015],[3814999.955300008,4846909.8066000035],[3814564.7107000006,4847572.713300003],[3814112.5112000033,4847643.6884],[3813889.6671999954,4848401.4191999985],[3813560.6224000026,4848672.306299996],[3812798.4561000057,4848375.000000002],[3812433.2651999947,4849276.591900001],[3812172.0983999968,4849413.091800001],[3811592.845799999,4849221.074000003],[3811432.4612000016,4849492.977200003],[3809761.1595999934,4849413.4506],[3809397.540200006,4849659.323100002],[3808807.0199000053,4849690.494399999],[3808074.6409,4850211.975999998],[3807521.836900008,4849747.247999998],[3807392.4847000036,4848163.825599998],[3807510.587700001,4847499.727999999],[3806884.002999999,4846930.368900001],[3806981.306199994,4846424.906300005],[3806463.5852999995,4845900.854499999],[3805128.407399999,4846021.803500005],[3804644.8959,4846405.8691],[3803941.598399996,4846218.065300001],[3803081.171400005,4846584.976300005],[3802970.2398999985,4847267.654299997],[3802728.3347999984,4847510.606899997],[3801592.801300001,4848252.916499998],[3801203.3615999967,4848667.316500003],[3800546.1994000007,4849055.297099998],[3800173.7356999945,4849817.654999999],[3799468.281300002,4849944.647700004],[3799079.166900001,4849601.205899997],[3799232.027400002,4849210.581699999],[3798972.992899996,4848519.126199999],[3798776.245800002,4846794.220400004],[3796781.148900005,4847278.7815000005],[3796415.7867000047,4847513.394499999],[3794417.9683000017,4847558.871100003],[3793227.467000001,4847386.753100001],[3792545.738399995,4846670.338599997],[3791586.6903000064,4846898.2436000025],[3790352.4016000023,4847709.074900004],[3789807.0341000035,4846785.0682000015],[3789229.627799999,4846579.997699997],[3788980.0543000065,4846121.424599998],[3789146.505199995,4845824.1013],[3789058.9129999997,4845327.186800003],[3789201.282999998,4844951.233199995],[3789118.229999995,4844219.616500002],[3789369.3301000004,4843533.829500005],[3789252.686999998,4842913.374500003],[3788751.5407999977,4842404.671500003],[3789630.3769999947,4841724.842899998],[3790379.0127000017,4841434.027700003],[3791017.0887999986,4841503.056300004],[3791245.419200001,4841013.3111999985],[3791805.0237000026,4840746.597099999],[3792120.5657000025,4840434.503399999],[3792161.0449000043,4840041.129499999],[3792587.2567000017,4839375.622200006],[3792962.487700003,4838581.133800002],[3792894.6757,4838084.349700002],[3794004.814200001,4837634.272000003],[3794604.888500002,4837149.865700003],[3795126.3789999997,4835744.871099998],[3795036.045000002,4834678.081700005],[3795479.4886000017,4834464.518100004],[3795707.1278000036,4833603.719700004],[3795213.3707000026,4832811.983900003],[3794856.6351000024,4831931.497100003],[3794563.0310999956,4831601.274799995],[3794593.9095000015,4830920.218600003],[3795225.8335999977,4830361.431599997],[3795339.3733,4829940.727099996],[3796082.757000003,4828914.7856],[3796458.2084000027,4828264.928299997],[3796915.0511000026,4827776.472499996],[3796561.670900001,4825470.672200002],[3796629.9898999985,4824913.516900001],[3796940.479999996,4824086.618400002],[3797023.148699998,4823378.751599997],[3797226.9795999946,4823012.9273999985],[3797190.516399999,4822116.3694],[3797319.655200001,4821386.192299997],[3797201.8316000067,4820479.6745],[3796962.1680999976,4820061.2511],[3797028.0468000006,4819505.695900004],[3798201.9386000065,4819718.104300001],[3798535.871,4819546.181499995],[3798791.174300004,4819891.5139000015],[3799448.7884000046,4819253.566199997],[3799764.579299999,4818552.768999999],[3800502.8149999985,4818173.162999997],[3800934.9371000035,4817648.256799998],[3800784.3100999966,4815773.089699997],[3800875.1600999977,4815465.316899999],[3801580.5354000023,4814971.719999997],[3802105.2780999998,4814389.803099998],[3802382.147800002,4813377.372699996],[3802274.2048999937,4812794.7579],[3802873.299199997,4812434.7024],[3803274.8529000026,4812344.800400003],[3804106.3371,4811233.5173999965],[3804765.9531999975,4811202.925500002],[3805045.213000001,4810339.8564],[3805780.0292000026,4810203.643300001],[3806955.310799998,4810335.150799997],[3807294.8526999988,4809940.026200001],[3807960.4974000035,4809467.1094999965],[3808159.687999998,4809098.9857],[3808354.0674000033,4808289.848000001],[3808709.1998000024,4807971.023599999],[3809701.438000001,4807719.488400005],[3810959.4108999996,4808069.037899999],[3811462.9451000034,4807922.304699998],[3811787.7685,4808023.044799997],[3812487.6839,4807686.2695],[3813312.1517999973,4807791.6679],[3813821.575700004,4807558.234399997],[3814427.1616000026,4807651.903400003],[3815171.5805999967,4808352.577700003],[3815966.3382999944,4808604.017400002],[3816855.9492000015,4809420.472500001],[3817123.432099998,4809521.532500002],[3818290.0513999974,4809007.5643],[3818963.3791,4809415.606100002],[3819455.123400003,4809398.634499999],[3820158.2114000036,4809936.0271999985],[3820725.1858,4809583.952599998],[3821486.872899999,4809646.1706000045],[3821844.9491999988,4810717.858900003],[3821482.688299999,4811445.966799997],[3821697.0119000003,4811935.991599996],[3821584.8618000005,4812257.133900005],[3821967.0275000054,4813027.100100001],[3822248.3407000005,4813251.951199999],[3822661.773900006,4813226.8896999955],[3823327.801500003,4813404.589200003],[3823507.893600003,4813615.991099995],[3823636.516900004,4814309.3468],[3823397.4269000012,4815099.904800005],[3822925.003899998,4815498.810400004],[3823163.377199999,4816042.214400001],[3822967.938199996,4816859.472399997],[3822960.310400006,4817648.590000002],[3823134.7538999985,4818291.455400005],[3823040.7858000062,4819216.674699996],[3822751.7951000077,4819843.2809999995],[3823760.114900004,4820014.419399995],[3824448.7425000006,4820495.301700002],[3825475.1023999983,4820632.829799995],[3826829.1889999993,4820003.375400001],[3827044.106000003,4820432.513799997],[3827739.0645000003,4821011.646699995],[3827979.688299999,4821437.300099995],[3827940.6292999946,4821898.2645],[3828216.7030000007,4822420.5386999985],[3828220.6357000037,4823171.375499997],[3828987.194799999,4823783.9389999965],[3829598.7704,4823973.749399999],[3830015.8756000064,4824412.051399995],[3830328.9114999995,4825551.841099998],[3829771.0194000043,4826520.8715999955],[3830280.7963000005,4827297.857800003],[3830152.2267999994,4827717.961599998],[3830185.5303999977,4828933.243400002],[3829715.456399999,4829037.915500002],[3829326.3158000065,4830155.397399999],[3828419.141099996,4831235.209399998],[3828118.188899999,4831419.472300002],[3827690.6447999976,4831356.872499995],[3827069.9592999946,4831497.245599998],[3826659.4778999984,4832322.864699998],[3826608.858199997,4832651.117700002],[3826158.4759,4833276.3149],[3825255.7885000017,4833441.649799997],[3824983.3767999965,4833745.9627],[3824449.8316999953,4833701.174099997],[3823892.174999997,4833075.060000001],[3823391.809600006,4832842.439300001],[3823121.0490999925,4833510.376100004],[3822751.6767999986,4833921.370799999],[3822588.8978,4834908.9004],[3822287.0462000044,4835078.313199999],[3822064.985899998,4835671.899300002],[3821674.462899994,4835963.652799999],[3821521.2632,4836434.878100002],[3821470.755299997,4837399.526600003],[3822344.895199999,4838076.160800002],[3822677.1816999996,4839111.979600005],[3823586.0511999987,4839538.370700004],[3823716.4634000016,4839883.683200005],[3822985.028300005,4840495.300799999],[3822644.5856000064,4840561.732399996],[3822415.6146000046,4840926.426600003],[3822010.7507,4840821.656499999],[3821685.397999999,4841150.5109],[3821915.9031999987,4842004.708399998],[3821017.7863000035,4842518.805000001],[3820967.7376,4843062.400699995],[3821237.6914000018,4843490.073700002],[3821222.294,4844495.622299997],[3821403.8263000036,4844783.834899999],[3821524.7794999983,4845483.791300003],[3822471.2003000043,4846111.804299999],[3822463.7114999946,4846570.2980999965],[3822855.205599997,4846818.919300002],[3822794.1762999976,4847210.883099997],[3821693.2175000045,4847545.229499999],[3821599.2282000026,4848030.534000003],[3820440.097499999,4848292.479999997],[3819890.7155999984,4849053.328800001],[3819664.338200004,4849601.9528]]]},"properties":{"District":"KINNAUR","STATE":"HIMACHAL PRADESH","TEHSIL":"NICHAR","Shape_Leng":175200.166282,"Shape_Area":1104923831.54}},
{"type":"Feature","geometry":{"type":"Polygon","coordinates":[[[3764527.515600006,4824917.9252],[3763738.580600004,4825570.274099998],[3763039.4249999993,4825878.738799997],[3761846.734900002,4826109.624600003],[3761363.221199993,4826326.198000003],[3760872.825900008,4826077.847499996],[3760058.189100002,4826333.922400005],[3759381.632600001,4826168.362800001],[3759145.916699999,4824977.292600001],[3758958.1043000002,4824807.311700004],[3758777.990000001,4823913.854],[3758610.0577000007,4823658.832100004],[3757457.0671999985,4823670.0358000025],[3757151.385200003,4823963.259699998],[3756041.2251000004,4823965.0731000025],[3755702.9625999993,4824217.446499998],[3755281.058700002,4824133.267100003],[3754175.0271999966,4823694.636599996],[3753253.4386000056,4823654.619199996],[3752960.816399997,4823868.361999996],[3751756.163800004,4823285.910400001],[3751256.4598999973,4823576.924800001],[3750677.9548000004,4823569.3765],[3750262.290099997,4823272.7749999985],[3749475.693199996,4823409.2991999965],[3748323.2613999983,4822994.308800001],[3747927.8958,4823006.2432999965],[3747669.193300003,4822316.064700004],[3747604.8203000017,4821568.977699997],[3747768.4898000006,4820934.151300002],[3747659.0577,4820568.488700001],[3747872.4203000036,4820192.809000002],[3748036.486399997,4818980.079599997],[3748404.210199995,4818391.040500004],[3748274.7735000025,4817113.492800004],[3748471.318600001,4816840.245600002],[3748557.6047000014,4816125.968799999],[3748924.327599999,4815224.733099997],[3748955.4862000016,4814858.007199995],[3749289.322599997,4814410.267900005],[3749723.8953000014,4814017.8728],[3750523.0553999953,4813688.314699999],[3750606.9454999985,4813271.253700004],[3750978.4635000047,4812763.109599996],[3751293.205600002,4812639.973999996],[3752428.584100005,4811416.046700003],[3752836.0556,4810895.918000002],[3753361.028300003,4810703.550700004],[3753551.6786999987,4810332.856499998],[3754150.672799998,4809975.901500006],[3753630.716099996,4809140.164400004],[3753724.113099996,4807911.9684999995],[3754083.3941,4807743.991600004],[3754046.4215999986,4807302.029200003],[3754289.9955,4807123.624699999],[3754190.592900003,4806473.997900004],[3754417.6331999986,4805938.342000002],[3753998.766400001,4805154.846500005],[3753972.004400002,4804524.410600003],[3753800.8923000004,4804255.6021],[3754198.975500006,4804165.3265],[3754745.5988000054,4803680.000199999],[3755150.4753000024,4804390.0956000015],[3756176.2719999994,4803538.109600004],[3756459.411399996,4802784.230600002],[3756776.501699996,4802641.4338],[3757397.9205000037,4802816.794400003],[3757864.903800006,4802444.479499998],[3757898.8427999998,4802123.7765],[3758475.0280000013,4802037.833900001],[3758699.181300003,4802423.516799999],[3759319.5871999976,4802503.2255000025],[3760307.9459999995,4802383.881300002],[3760585.060599994,4803038.386399998],[3761259.5565999965,4803014.504099999],[3761868.5025000013,4803156.743500003],[3762269.2458000015,4802919.86],[3762711.3321,4803098.929800003],[3762385.6149000013,4803727.144800002],[3762340.1566999997,4804104.271800003],[3761821.6939000003,4804714.327700002],[3761809.141699996,4805160.931400003],[3761123.188500002,4805455.067800002],[3761374.2564000003,4805937.534199998],[3762065.5155000016,4806389.903600004],[3762506.072200001,4806543.452799997],[3763089.728900002,4807152.755000001],[3763308.282300004,4807219.784400004],[3764295.5583000015,4808171.7267999975],[3764920.827899999,4808385.718399998],[3764555.4454000015,4808778.696599999],[3764279.454899996,4809443.613699999],[3763667.3522000005,4810407.344399996],[3763966.9773999997,4811268.681400001],[3763798.3569000014,4811537.044200001],[3763824.239699996,4812343.161700001],[3763494.8894000007,4813212.610700001],[3763911.044600007,4813575.292599995],[3764099.1475,4814025.656399995],[3763856.551799996,4816102.106199999],[3765218.919899999,4817856.938099997],[3765775.9356999993,4818123.008900002],[3767019.8880000007,4818314.356599998],[3767452.2651999937,4819399.405299997],[3767139.604099996,4819952.031399995],[3766364.9181000004,4820328.987199999],[3766038.487599995,4821085.735200001],[3766011.848300007,4821465.768800002],[3765174.921800006,4821804.034600005],[3764552.3364999993,4821838.206999999],[3764441.1748,4822110.218699997],[3764700.431400003,4823021.727499999],[3764600.9842000017,4824174.678399997],[3764368.957200002,4824365.716700002],[3764527.515600006,4824917.9252]]]},"properties":{"District":"KULLU","STATE":"HIMACHAL PRADESH","TEHSIL":"ANI","Shape_Leng":86685.0837449,"Shape_Area":286882261.42}},
{"type":"Feature","geometry":{"type":"Polygon","coordinates":[[[3782188.1478999997,4841388.162099998],[3782246.750500005,4842050.5177000025],[3781705.3373000026,4842554.763899999],[3781247.473600002,4842727.986999998],[3780252.3950999943,4842827.270900002],[3779980.342899997,4843031.413600005],[3779991.6845000014,4843488.477599999],[3779529.721699997,4843983.493800003],[3779454.2124999985,4844408.377699998],[3779054.940700005,4844984.634399995],[3778686.326399998,4844750.453399999],[3777755.294699993,4843656.896100002],[3777451.2316999994,4843649.916999999],[3777052.5671000043,4843267.924800003],[3775725.8565,4843784.403499996],[3774875.5999999978,4844227.260299997],[3774313.6548000015,4844176.581400003],[3773953.094699997,4845221.132300001],[3773456.2410999984,4845511.486499995],[3772921.5960000018,4845464.6276],[3772417.0393999983,4844775.1127999965],[3772035.795100004,4844483.751300003],[3770605.4518999974,4844401.055000001],[3770239.307700002,4844208.324299997],[3769751.8435000023,4844211.845900001],[3769510.9798000017,4843756.452600002],[3769204.757000002,4843785.593900003],[3769008.8364999974,4844164.657499995],[3768105.378899995,4844290.821699999],[3767393.813400002,4844675.497499996],[3766823.929700001,4845176.773800004],[3765419.166199994,4844887.445399997],[3765071.693000007,4844931.837099998],[3763623.868699994,4844597.378400004],[3762477.1892999997,4844849.134399997],[3761709.5901000015,4844163.8806000035],[3761680.988199999,4843634.925700005],[3760617.3168999963,4843211.655100003],[3758810.213600002,4844168.929500002],[3757886.304200003,4843819.699399999],[3757372.2272999994,4843091.1543000005],[3756466.9678000016,4842666.253199996],[3755503.3504000036,4843115.700499999],[3754638.9928,4843241.714299999],[3753266.6630000025,4844078.786200005],[3752748.7285,4844114.468099996],[3752300.522600005,4843563.574499996],[3751861.2299999986,4843977.630000001],[3750190.9241999965,4843782.773300001],[3749653.4684000043,4843493.1722000055],[3749004.8532999936,4843797.967099995],[3748350.1039000023,4842696.758999998],[3748275.1018000008,4842234.155099999],[3748383.5507000047,4841582.9288000055],[3748059.565399999,4840825.392900005],[3747825.883500004,4840866.654100002],[3746273.157499996,4840294.933600003],[3745438.0879999963,4839835.642999999],[3745488.8378000064,4839531.650299998],[3746497.5741999955,4838746.9198],[3746901.836300002,4838157.053299997],[3746885.354399998,4837630.858500002],[3746674.891900002,4837466.7275],[3746663.980199999,4836923.592400003],[3746366.3358999975,4836439.209199999],[3746480.6148000006,4835760.222399995],[3746722.5561000006,4835509.969300005],[3746674.7415999994,4834186.307600001],[3747045.2418000046,4833187.027199999],[3747105.7806999953,4832630.992099997],[3746694.2522,4831148.639600003],[3746723.420900004,4830673.485199997],[3746245.4347999976,4830086.241199998],[3746787.727799994,4829431.1226],[3746835.026400002,4828835.346799996],[3746640.3830000022,4828307.2326],[3746774.992900001,4828015.329499999],[3746743.4290999956,4826823.638800001],[3746518.965800005,4826424.335600002],[3746300.4908000007,4825440.607400001],[3746842.815700005,4824499.1282],[3747738.258700001,4823795.248100004],[3747926.2408000026,4823011.351600002],[3747927.8958,4823006.2432999965],[3748323.2613999983,4822994.308800001],[3749475.693199996,4823409.2991999965],[3750262.290099997,4823272.7749999985],[3750677.9548000004,4823569.3765],[3751256.4598999973,4823576.924800001],[3751756.163800004,4823285.910400001],[3752960.816399997,4823868.361999996],[3753253.4386000056,4823654.619199996],[3754175.0271999966,4823694.636599996],[3755281.058700002,4824133.267100003],[3755702.9625999993,4824217.446499998],[3756041.2251000004,4823965.0731000025],[3757151.385200003,4823963.259699998],[3757457.0671999985,4823670.0358000025],[3758610.0577000007,4823658.832100004],[3758777.990000001,4823913.854],[3758958.1043000002,4824807.311700004],[3759145.916699999,4824977.292600001],[3759381.632600001,4826168.362800001],[3760058.189100002,4826333.922400005],[3760872.825900008,4826077.847499996],[3761363.221199993,4826326.198000003],[3761846.734900002,4826109.624600003],[3763039.4249999993,4825878.738799997],[3763738.580600004,4825570.274099998],[3764527.515600006,4824917.9252],[3765000.0913000004,4825298.727200005],[3765128.1942000045,4825895.502500001],[3765585.511200005,4826766.448900001],[3766153.478600001,4827451.383399999],[3767020.626599995,4827552.721800003],[3767776.3216999965,4826962.883799996],[3768197.4368999936,4827341.346199999],[3768347.350599993,4828092.5226],[3768248.430999999,4828492.036599998],[3768493.3654000014,4829199.532199999],[3768999.410099997,4829237.681000004],[3769380.654100002,4829447.341700003],[3769731.7586999955,4829901.104900001],[3770763.7690000003,4830158.503899995],[3771041.4924999997,4830472.895899996],[3771126.9646999966,4830907.889699997],[3771446.128499998,4831216.4114999985],[3771404.7090999987,4831509.274500005],[3770901.9664999964,4832126.711500001],[3770935.4792999993,4832958.249300003],[3771628.2281000055,4833727.494000003],[3772267.2253999994,4834218.356600001],[3773424.8660999993,4834291.783599997],[3774310.943700005,4834084.289000001],[3776354.7052999996,4835070.941800003],[3776802.351999996,4835938.208300002],[3777566.8988999994,4835826.905199999],[3778088.3954000035,4836391.138500001],[3779090.984500001,4836411.015999997],[3779111.6861999985,4836997.451699998],[3779471.810700002,4837340.1636999985],[3780128.1676000026,4837607.874100001],[3780250.3025,4838891.795599999],[3781076.730800002,4839106.644999998],[3781442.7052,4839487.827300001],[3781421.8681999994,4840488.986500001],[3781838.892399998,4840654.226700004],[3782188.1478999997,4841388.162099998]]]},"properties":{"District":"KULLU","STATE":"HIMACHAL PRADESH","TEHSIL":"BANJAR","Shape_Leng":120783.479717,"Shape_Area":539289150.149}},
{"type":"Feature","geometry":{"type":"Polygon","coordinates":[[[3788981.6898,4883759.1197999995],[3788332.001599994,4883730.399400001],[3787319.412,4883828.485599997],[3786643.7239999967,4883998.059099999],[3785761.2707,4884727.009500004],[3785426.3078000015,4885156.621399998],[3784648.0928999977,4885052.707700003],[3784078.7913999977,4884855.7886000015],[3783420.5222999956,4885427.329399998],[3782918.7481999993,4886371.9076999985],[3782361.5459999996,4886636.458900004],[3782219.088900002,4887225.991],[3781548.092200002,4887440.244100004],[3781435.6660000007,4888196.562199995],[3781149.492399996,4888510.713599995],[3781320.3344000024,4888894.659200001],[3780827.7465999993,4889256.6877999995],[3780597.345299999,4889622.4332],[3779716.537600006,4890078.5242],[3779516.378399994,4890365.0715],[3778677.768800002,4890404.670699995],[3778126.269000002,4891368.794399996],[3777527.7425999995,4891082.396500003],[3777079.1947000036,4891426.982600002],[3776457.744099999,4891651.456799996],[3776371.469300003,4891973.418999998],[3775952.6550000003,4892323.145499999],[3775750.5213000067,4892937.124400001],[3774290.0720999995,4893265.691700002],[3774342.703300003,4893873.784299997],[3773748.373800003,4894249.7195000015],[3773227.5115,4894246.581599999],[3773007.8691,4894473.476300003],[3772965.252199997,4894959.423400003],[3772580.324299999,4895448.269399999],[3772663.136200005,4896495.922500001],[3772004.3745999965,4897176.280199998],[3771446.7237,4897515.247799998],[3770832.4717000006,4898191.2401],[3770596.5173000046,4897832.607699999],[3769534.5073999977,4897077.059],[3769520.5332999984,4896799.473299997],[3769846.671899993,4896314.905200003],[3769385.0136000006,4895543.128100002],[3767829.864399996,4895945.543899998],[3767840.7603000067,4896523.373500001],[3767533.150199999,4896613.526799997],[3767366.9970999993,4897019.349399995],[3766729.348399996,4897462.021499995],[3766727.157099999,4897848.845199997],[3765877.5862000007,4898037.357799997],[3765055.7371999994,4898588.068],[3764654.6472000065,4898466.581300004],[3764153.088600002,4898552.862399997],[3763635.3916999986,4898847.419200001],[3763434.4667000026,4897615.815599998],[3763150.1599999955,4897352.046600001],[3763484.1087000016,4896787.5839],[3762831.2849000064,4896456.207599999],[3762838.4711000063,4896080.6777],[3763139.1526000015,4895609.152300005],[3762426.5867000036,4895287.872799997],[3761425.1150999996,4895187.5753999995],[3760955.0255999994,4894991.2541999975],[3760397.943099999,4895235.961100004],[3759684.634800002,4895062.980799999],[3758848.6221000017,4895494.535400003],[3758653.7467,4896550.1104],[3757952.657300001,4896818.756100002],[3757856.3716,4897155.541900001],[3757487.4924000027,4897450.9952000035],[3756801.1353000025,4897744.536100001],[3756395.982299994,4897474.187000002],[3755941.4185999976,4897430.534399997],[3755531.9575999957,4896656.395500004],[3755536.0758000026,4896036.879800003],[3756413.9698000057,4894775.1258000005],[3756382.9965000027,4893869.507599997],[3755996.579499997,4892755.258699996],[3755723.085900001,4892376.3061],[3754605.4036999983,4891622.633199998],[3753329.731200007,4891229.173500003],[3752809.276600006,4891265.445199998],[3752252.4029999943,4891762.321099998],[3751305.1539999954,4891588.482900001],[3750708.297999998,4891373.222700004],[3750668.205899995,4890835.518100002],[3750004.5997999962,4890715.859100001],[3749341.264399999,4890946.483299999],[3748538.247599994,4891066.706700005],[3748319.6850999976,4890906.515999997],[3748054.390800002,4890220.160699997],[3747511.2979999967,4889774.899400001],[3747558.6401999937,4889514.661899997],[3747252.978,4888915.534600002],[3746372.7655000016,4888024.5594999995],[3745719.1498999996,4887818.435499998],[3745185.0435000006,4887506.1723],[3744442.284699999,4887600.008299995],[3744020.137199996,4887365.7336000055],[3743740.1529999953,4886750.5558],[3743734.8385999985,4886248.074799996],[3743245.192800002,4884714.801699997],[3742968.7250000015,4884185.789600003],[3742662.116999997,4883189.098399999],[3742008.2569999974,4882510.289599999],[3740221.1085999976,4881656.8277999945],[3739499.0347999963,4881447.752],[3738765.5195999956,4880652.087000003],[3738933.3203999978,4880487.782900002],[3738803.2219000044,4879725.9527999945],[3737875.387400005,4879180.058200002],[3737575.203199994,4878618.2606000025],[3737632.2613999983,4877985.825100003],[3737518.049599997,4877105.243499998],[3736885.6001999984,4875858.7468],[3736405.4617,4875484.2454],[3736112.558300005,4874837.238499999],[3736053.5277000004,4874139.310300002],[3735347.6925000055,4873087.317500001],[3735341.0544999987,4872763.760100001],[3734896.9092999976,4872252.999499996],[3734428.5538999997,4871302.8634],[3733709.998099994,4870369.225800002],[3732951.6089999937,4869108.865899999],[3732860.525899999,4868413.607999999],[3733175.7394999987,4867118.7426],[3733401.174999998,4866585.261800002],[3732861.1559000025,4866290.431899998],[3731042.7117000027,4866525.673900001],[3730823.1700000023,4866363.551800005],[3731054.4282999993,4865758.211099999],[3730269.116499997,4865449.029500002],[3729766.150100001,4864890.259099998],[3729265.3483000067,4864670.8747999985],[3728827.043100003,4864222.457000001],[3728660.4145,4863504.460799996],[3728027.2274999963,4862719.024799999],[3726539.945200005,4862791.153000003],[3725700.026899999,4862698.9663999975],[3725078.568599998,4863040.412199996],[3724629.907100003,4863092.298399998],[3724254.8314999975,4863400.152199996],[3723834.3846000023,4863347.769100002],[3722519.3385000005,4862664.857800003],[3722215.3979000025,4862711.416100003],[3722574.221799997,4861922.7968999995],[3723425.647299999,4861288.138399998],[3723700.827200003,4860495.9804],[3724468.681400004,4859614.0697],[3724566.6806999967,4859103.984900005],[3724072.4839999937,4858430.330499999],[3724311.0222999966,4857246.8889],[3725199.6993000023,4856923.363100001],[3726140.7985000024,4857151.212199997],[3726553.459499999,4856074.272600003],[3727327.148100001,4856787.595400004],[3727545.971000001,4857132.9175999975],[3728051.666100003,4857280.967500005],[3728526.7196999984,4857016.763700001],[3729246.816900002,4857234.943399999],[3729840.462200005,4857213.251200002],[3730100.2337000016,4857022.488700001],[3731487.136900005,4857144.065399997],[3731973.5108999945,4857084.553199997],[3732635.6975999977,4857256.4024],[3733465.265399997,4857315.200300003],[3733791.226300003,4856752.164400003],[3734120.7303000046,4857061.895799996],[3734798.2172999936,4857299.725900004],[3735569.1147999973,4857438.474599996],[3735775.8748999946,4856858.698600005],[3735118.8755,4855784.250999998],[3735272.8650999977,4855282.3761],[3736217.0432000034,4855149.031700002],[3736472.534599996,4854853.868200002],[3736298.4808000047,4854133.372200004],[3736874.010999996,4852549.096299997],[3736833.5190999997,4852051.9617],[3737224.3812000025,4851631.616699998],[3737179.140000004,4851394.984400002],[3738580.1043999973,4851873.923599998],[3739620.546600001,4852732.4583],[3740130.841599999,4852864.4178000055],[3740496.7744000056,4852732.185300005],[3741783.6076000053,4853172.9454],[3742432.834599998,4853568.186900005],[3743598.2855999973,4853708.074400003],[3743835.0487000006,4854007.8564000055],[3745238.912299997,4854205.363900001],[3745807.5569000025,4854083.990899998],[3746586.404799995,4854337.230599998],[3747565.295900003,4855065.784299998],[3748775.8483999954,4855498.1343],[3749384.665499998,4856032.307300006],[3749530.428699999,4856672.212700001],[3750221.9461999987,4857003.563600002],[3750608.897799998,4856476.687600005],[3751620.3248,4855755.357799999],[3752439.9117000005,4855608.073800004],[3753471.472000003,4856363.4783],[3754058.887000002,4856679.828599999],[3754562.028699998,4856786.016799999],[3755086.4382000007,4857413.335799996],[3755666.774700003,4857935.3632],[3757341.0604000045,4859028.331400002],[3758010.5578999957,4859292.532299997],[3758320.1812999956,4859230.267699999],[3758552.383299997,4859597.052699998],[3759576.3557000034,4860282.785999998],[3760411.909500003,4860600.903999996],[3762037.3429000033,4860173.075300004],[3762538.7671,4860099.523200001],[3763262.362400003,4859619.946600005],[3763884.7574000033,4859398.612700002],[3764797.585499998,4859411.900000002],[3765485.2914000023,4859189.0756],[3766055.906499997,4859243.154399996],[3766728.111699998,4859102.361099999],[3768306.2559000007,4858911.044600003],[3769650.9383000005,4859039.321900003],[3770266.7244999977,4859252.751599999],[3770886.5599999996,4859161.588800003],[3771666.2761999937,4858892.044],[3772862.677400001,4859031.471500006],[3772717.1625999995,4857890.561700005],[3772904.7139000036,4857732.359499998],[3773348.1591000073,4858185.782299999],[3774466.941699998,4858923.525699996],[3775043.346800003,4858838.733099997],[3775228.5996000017,4859237.076200003],[3775165.3402000032,4859637.079999995],[3775939.9289999977,4860105.7918000035],[3776644.2942000045,4859832.9077],[3777097.3994999994,4860207.379299999],[3777474.1329000005,4860269.6587000005],[3778320.418899996,4859660.8105],[3778631.690100001,4859194.295600003],[3778932.6229999997,4859211.244500004],[3779142.8836999964,4858832.170500001],[3779741.5884000016,4858552.236200002],[3780186.3527000025,4858580.264800003],[3780854.897499997,4858192.779399995],[3781054.786600006,4857379.7516],[3781569.9500000076,4856975.9361000005],[3781835.181399999,4856577.311600003],[3784888.008699997,4856446.451199999],[3785529.0433999933,4856114.996399999],[3785736.654600001,4855839.943400003],[3784855.2225999953,4854572.864299998],[3785491.2564000003,4853936.576400002],[3785460.5943000065,4853329.850999999],[3786062.849400002,4853188.887999999],[3786314.4305000054,4852823.753699997],[3785939.995800006,4852338.7404999975],[3785955.923600004,4851604.743799996],[3786691.767599998,4850658.8028000025],[3786730.596,4850082.217600003],[3787660.0244999956,4850071.394600003],[3788178.1283,4849759.080100004],[3788945.2359000035,4849966.7697],[3789118.3870000034,4849875.688299995],[3789972.9065999966,4850463.0211],[3791336.409599999,4850599.0982000055],[3791972.6441999963,4850258.293099999],[3792599.1582999984,4849688.526100002],[3793823.0100000016,4849908.904500004],[3794725.627799999,4849787.180499999],[3795243.3630000018,4849869.809800003],[3796196.5429999977,4850330.991099998],[3796961.5105000027,4850572.7511],[3797910.7533,4851913.150499996],[3798263.148500004,4852090.041000006],[3798393.7901999997,4852764.337000001],[3798315.812800001,4853782.946400005],[3798035.5222000023,4854509.223900001],[3798468.700900002,4855369.299600001],[3798071.112899999,4855579.3310999945],[3797944.635899999,4855955.407499999],[3797966.271899998,4856620.1027999995],[3797780.488099998,4857261.674800004],[3797475.017099999,4857810.915800004],[3797898.663400001,4858639.831800002],[3798179.2470000023,4858954.174099997],[3798252.7991999993,4859480.758499999],[3798605.6439000024,4859965.241799996],[3799324.120900001,4860222.432300003],[3800277.081899998,4860876.235399997],[3799996.229700003,4861281.498199999],[3799499.751300001,4861347.964800002],[3798757.9598999955,4861785.048200004],[3798360.9626,4861807.462800002],[3797987.1227999963,4862102.886300003],[3796525.8058,4862575.324999996],[3796318.9269,4862330.976799995],[3794416.416100003,4862751.144900002],[3794275.754199994,4863043.011900004],[3793690.3342000046,4863346.979400003],[3793145.181400005,4863785.351599997],[3792972.8452000064,4864503.456700001],[3792236.051900003,4865271.879500002],[3792327.442800003,4866122.141300002],[3791882.7186000007,4866655.278499996],[3791485.302500003,4866747.148200002],[3791377.3653000025,4867134.200799999],[3790974.8639,4867483.301199995],[3790923.4786999947,4868109.749200003],[3791493.265299997,4868552.271599997],[3791502.456400003,4868909.604700004],[3792165.174399998,4869645.639900001],[3792347.0874999953,4870104.993200002],[3792275.2484000036,4870513.727],[3792594.272799997,4871076.911000002],[3793055.577299999,4871279.761799999],[3793548.053499999,4871738.914400002],[3793936.8342999946,4872377.255900001],[3793555.8859999976,4873005.852800004],[3792774.4996000035,4873427.814],[3792468.9413,4873917.138200005],[3791578.813699999,4874521.5155],[3792125.360500004,4875091.419100005],[3792884.708,4875307.738699996],[3793286.603900002,4875811.034699996],[3793046.964400001,4876423.252999995],[3791905.258,4877723.992299997],[3791367.838299996,4877998.585199998],[3790844.2831000034,4878441.944700001],[3790656.808799997,4878893.967700005],[3790917.133,4879574.033499999],[3790931.115500003,4880312.269900006],[3790581.4130999953,4880901.147500005],[3790202.373399999,4881236.229899998],[3790074.5025999984,4882045.291500003],[3789892.506599999,4882439.949900004],[3789274.8197999955,4882862.897300001],[3788981.6898,4883759.1197999995]]]},"properties":{"District":"KULLU","STATE":"HIMACHAL PRADESH","TEHSIL":"BHUNTAR","Shape_Leng":270028.791942,"Shape_Area":2072572712.74}},
{"type":"Feature","geometry":{"type":"Polygon","coordinates":[[[3747511.2979999967,4889774.899400001],[3746878.0081999954,4889582.058600005],[3746117.6719999993,4889772.642800003],[3745296.4341000034,4889602.863799999],[3744628.8381999996,4889638.786099996],[3744089.954499997,4889964.7008000035],[3742772.4538000035,4890370.548500001],[3742516.052099999,4890541.140900006],[3741397.573200002,4890918.828000002],[3741006.8501000055,4890951.1293],[3740151.891099998,4890598.159000002],[3739713.3279999993,4890822.742100004],[3738623.2166999998,4890364.3717],[3736739.9114999957,4890911.652399998],[3735432.429299999,4890732.9049999975],[3734409.6712999977,4890890.325300004],[3734254.2084999955,4890573.117199998],[3734433.548199997,4890023.231699999],[3734390.305699993,4889330.025400001],[3733447.023700002,4888210.898700003],[3733579.2025000043,4887472.801100004],[3733499.129600002,4886794.305800002],[3732943.4132,4886343.103500001],[3731563.123300004,4887075.924400004],[3730451.0458000046,4887864.8550999975],[3729813.0701,4887872.167100005],[3727868.5871000034,4889260.135800002],[3727857.0147999944,4888606.8898],[3727688.5226999973,4888397.468600001],[3727262.6384999985,4886839.034200005],[3726524.957999997,4887092.700700002],[3726399.4781,4887478.8643],[3725691.773600002,4887953.310900002],[3725377.222199995,4888487.206799999],[3724888.7756000003,4888848.222299999],[3725198.1338000027,4889447.266000001],[3725476.2366999956,4889639.486599997],[3725740.333800004,4891049.3686999995],[3725634.476599996,4892259.129900006],[3725384.795999997,4892769.8851000015],[3725241.6675000004,4893651.4735],[3725493.330799998,4893926.535199998],[3725560.334200004,4894832.872999996],[3725117.7545000026,4896170.366200002],[3725096.436199997,4896794.2123],[3724646.0345999934,4897490.689699997],[3724579.967600005,4898617.010200005],[3724329.2889000042,4898957.7345],[3723722.3490999993,4898371.730600003],[3723502.755599994,4897882.357000001],[3722873.399100002,4897603.9365],[3721706.079099997,4897728.971299999],[3721252.723099999,4897128.637400005],[3720788.7086000014,4897003.747799997],[3720032.342100001,4897065.460799998],[3719513.415500004,4896432.806800002],[3719006.4766999986,4895128.476700004],[3719402.988900001,4894690.911600005],[3719012.0143,4894340.979699995],[3718677.7295000064,4893767.365699997],[3718693.0684000067,4893370.642000003],[3718120.9588000043,4892004.851599995],[3717908.2139000013,4891087.294100001],[3718150.703500006,4890258.175900005],[3717631.497100004,4889747.492999997],[3717985.2679000013,4889002.245100001],[3717944.805499999,4888334.259199998],[3718294.896899998,4887836.823600004],[3718095.863499999,4887283.6992999995],[3717181.8451000005,4887309.072499998],[3715609.1221999954,4887601.570100002],[3714241.8492000066,4887372.922500001],[3713941.2524000052,4886115.482099997],[3713397.1955999993,4885478.508199997],[3713640.0960000027,4884923.962399999],[3713787.133900002,4883913.222900003],[3713682.3511999976,4883339.8082000045],[3714020.882000002,4882646.5508],[3713394.5601999946,4882121.875900004],[3713708.5840999973,4881138.838900004],[3713542.420999998,4880637.095199997],[3713688.279899999,4879922.1981],[3714039.0926999934,4879787.465700003],[3714549.805600006,4879273.879600001],[3715091.9976999983,4878470.3605999965],[3715893.093300001,4877963.9833999965],[3716600.7926999973,4877874.940599997],[3716873.6888999986,4876955.011099998],[3717248.990799998,4876482.445599999],[3717243.3162999973,4875190.334600003],[3716828.5714000002,4874785.092200002],[3717008.2000000007,4873821.922800001],[3716853.9664999996,4873159.5572999995],[3717227.5752999997,4872282.436],[3717675.2652999945,4872223.2315000035],[3717969.0015000077,4871946.210200002],[3718360.647699995,4870981.414099995],[3718852.596100001,4870537.224800003],[3719185.946099998,4869614.997499998],[3719071.493699996,4869240.574400002],[3719633.4745000033,4867888.0504],[3720124.2388000004,4867842.428399999],[3720736.9021999966,4867196.990599997],[3721118.7535000015,4866526.763199998],[3721389.8811999997,4865077.9991999995],[3721411.229099993,4864338.2525],[3721787.709599999,4863464.673299998],[3722215.3979000025,4862711.416100003],[3722519.3385000005,4862664.857800003],[3723834.3846000023,4863347.769100002],[3724254.8314999975,4863400.152199996],[3724629.907100003,4863092.298399998],[3725078.568599998,4863040.412199996],[3725700.026899999,4862698.9663999975],[3726539.945200005,4862791.153000003],[3728027.2274999963,4862719.024799999],[3728660.4145,4863504.460799996],[3728827.043100003,4864222.457000001],[3729265.3483000067,4864670.8747999985],[3729766.150100001,4864890.259099998],[3730269.116499997,4865449.029500002],[3731054.4282999993,4865758.211099999],[3730823.1700000023,4866363.551800005],[3731042.7117000027,4866525.673900001],[3732861.1559000025,4866290.431899998],[3733401.174999998,4866585.261800002],[3733175.7394999987,4867118.7426],[3732860.525899999,4868413.607999999],[3732951.6089999937,4869108.865899999],[3733709.998099994,4870369.225800002],[3734428.5538999997,4871302.8634],[3734896.9092999976,4872252.999499996],[3735341.0544999987,4872763.760100001],[3735347.6925000055,4873087.317500001],[3736053.5277000004,4874139.310300002],[3736112.558300005,4874837.238499999],[3736405.4617,4875484.2454],[3736885.6001999984,4875858.7468],[3737518.049599997,4877105.243499998],[3737632.2613999983,4877985.825100003],[3737575.203199994,4878618.2606000025],[3737875.387400005,4879180.058200002],[3738803.2219000044,4879725.9527999945],[3738933.3203999978,4880487.782900002],[3738765.5195999956,4880652.087000003],[3739499.0347999963,4881447.752],[3740221.1085999976,4881656.8277999945],[3742008.2569999974,4882510.289599999],[3742662.116999997,4883189.098399999],[3742968.7250000015,4884185.789600003],[3743245.192800002,4884714.801699997],[3743734.8385999985,4886248.074799996],[3743740.1529999953,4886750.5558],[3744020.137199996,4887365.7336000055],[3744442.284699999,4887600.008299995],[3745185.0435000006,4887506.1723],[3745719.1498999996,4887818.435499998],[3746372.7655000016,4888024.5594999995],[3747252.978,4888915.534600002],[3747558.6401999937,4889514.661899997],[3747511.2979999967,4889774.899400001]]]},"properties":{"District":"KULLU","STATE":"HIMACHAL PRADESH","TEHSIL":"KULLU","Shape_Leng":139488.301547,"Shape_Area":589462594.951}},
{"type":"Feature","geometry":{"type":"Polygon","coordinates":[[[3755941.4185999976,4897430.534399997],[3755363.0118999965,4897661.453200003],[3754653.3116999976,4898535.321099999],[3754251.623300003,4898513.056100004],[3753841.6831999975,4899036.4802],[3753573.4519999977,4899094.399400002],[3752900.5705000004,4899621.200699996],[3752848.930100005,4899958.255499998],[3752111.255500007,4901357.8487],[3752052.5634999983,4902109.344999997],[3752283.4268999994,4902464.067299996],[3752469.099299993,4903222.009900001],[3752541.702100005,4904014.717399998],[3752263.041199998,4904156.915200001],[3752131.193500001,4904632.402100002],[3752247.762400003,4905045.221899999],[3752064.455799996,4905827.664299999],[3751650.362899997,4906217.1093000015],[3751779.6015000017,4906996.806200005],[3751193.766800005,4907896.226499999],[3750718.1181999943,4907799.097],[3750411.512699998,4908462.059000001],[3750645.711600003,4908799.419399999],[3750571.083499994,4909147.674500003],[3750048.2764,4909467.007000001],[3750002.105199999,4909719.753199996],[3749424.3723999965,4910098.289899999],[3748999.8796999943,4910567.0524999965],[3748748.3195000025,4911150.965899998],[3748173.8181000007,4910993.705699997],[3747661.111699997,4911283.331300005],[3747271.1934999945,4911777.1086],[3746664.9837000016,4911942.139400003],[3746000.467699993,4912726.976800002],[3745841.3934999993,4913604.161799999],[3744493.6020000004,4914171.5485999985],[3743925.1621999973,4914654.3278],[3743525.0834000027,4915187.7338000005],[3743016.914299998,4915374.601700002],[3742914.835100006,4915807.656000001],[3742393.414800007,4916018.525399998],[3741778.826499997,4915909.700000001],[3741333.2994999997,4915397.967199996],[3740767.8368000025,4916090.0051000025],[3740154.4921000022,4916405.289799996],[3739251.5362000037,4917059.558499996],[3738845.852900001,4917144.730300002],[3738402.433300001,4918550.0342999995],[3737438.1745000016,4918371.185799999],[3736968.9121999964,4919045.743599997],[3736040.5359999957,4919607.321199998],[3735958.505800003,4919780.153100003],[3735233.7298000036,4919991.217200001],[3734416.5491999974,4920421.0082],[3733846.0018000016,4920224.638999999],[3733477.2183999973,4919681.639700001],[3732511.907300003,4919343.419700004],[3731790.9509000015,4919211.765400004],[3730750.2443000013,4918618.384899997],[3729677.395300005,4918418.4052],[3729062.139599998,4918164.530199998],[3728266.5936000007,4918474.1655],[3727848.2594000003,4918364.1559],[3727063.242200005,4918806.813299999],[3726703.2077000015,4917890.475299995],[3726150.630000003,4916999.4991000015],[3724926.0253000045,4915794.252300004],[3724539.7088999953,4914862.5551999975],[3724630.876599998,4913864.646099998],[3724338.491899994,4913221.0013000015],[3723950.4569000024,4912716.718000002],[3724274.2492999993,4912581.885800002],[3725304.8585999943,4912627.732900002],[3726474.8961000033,4911708.860900002],[3725921.037299999,4910454.2017],[3725796.5033000074,4909570.064200003],[3725174.886100005,4909037.141299998],[3724237.9865000034,4908617.530700002],[3723748.660400005,4908150.178099998],[3723272.0429000054,4907024.299599998],[3723088.6679999935,4906028.480999995],[3722801.3700999953,4905745.0940000005],[3722468.4992000023,4905025.174100002],[3722527.947800007,4904420.718500004],[3722424.2941999994,4903582.351399999],[3722762.946800002,4903450.219100002],[3722901.555099997,4902537.8105],[3722588.0636000047,4902188.6700000055],[3722921.6120000053,4901505.5412],[3723973.6991999997,4900830.841800002],[3724233.9489999977,4900023.913800003],[3724508.8906000042,4899764.290600004],[3724329.2889000042,4898957.7345],[3724579.967600005,4898617.010200005],[3724646.0345999934,4897490.689699997],[3725096.436199997,4896794.2123],[3725117.7545000026,4896170.366200002],[3725560.334200004,4894832.872999996],[3725493.330799998,4893926.535199998],[3725241.6675000004,4893651.4735],[3725384.795999997,4892769.8851000015],[3725634.476599996,4892259.129900006],[3725740.333800004,4891049.3686999995],[3725476.2366999956,4889639.486599997],[3725198.1338000027,4889447.266000001],[3724888.7756000003,4888848.222299999],[3725377.222199995,4888487.206799999],[3725691.773600002,4887953.310900002],[3726399.4781,4887478.8643],[3726524.957999997,4887092.700700002],[3727262.6384999985,4886839.034200005],[3727688.5226999973,4888397.468600001],[3727857.0147999944,4888606.8898],[3727868.5871000034,4889260.135800002],[3729813.0701,4887872.167100005],[3730451.0458000046,4887864.8550999975],[3731563.123300004,4887075.924400004],[3732943.4132,4886343.103500001],[3733499.129600002,4886794.305800002],[3733579.2025000043,4887472.801100004],[3733447.023700002,4888210.898700003],[3734390.305699993,4889330.025400001],[3734433.548199997,4890023.231699999],[3734254.2084999955,4890573.117199998],[3734409.6712999977,4890890.325300004],[3735432.429299999,4890732.9049999975],[3736739.9114999957,4890911.652399998],[3738623.2166999998,4890364.3717],[3739713.3279999993,4890822.742100004],[3740151.891099998,4890598.159000002],[3741006.8501000055,4890951.1293],[3741397.573200002,4890918.828000002],[3742516.052099999,4890541.140900006],[3742772.4538000035,4890370.548500001],[3744089.954499997,4889964.7008000035],[3744628.8381999996,4889638.786099996],[3745296.4341000034,4889602.863799999],[3746117.6719999993,4889772.642800003],[3746878.0081999954,4889582.058600005],[3747511.2979999967,4889774.899400001],[3748054.390800002,4890220.160699997],[3748319.6850999976,4890906.515999997],[3748538.247599994,4891066.706700005],[3749341.264399999,4890946.483299999],[3750004.5997999962,4890715.859100001],[3750668.205899995,4890835.518100002],[3750708.297999998,4891373.222700004],[3751305.1539999954,4891588.482900001],[3752252.4029999943,4891762.321099998],[3752809.276600006,4891265.445199998],[3753329.731200007,4891229.173500003],[3754605.4036999983,4891622.633199998],[3755723.085900001,4892376.3061],[3755996.579499997,4892755.258699996],[3756382.9965000027,4893869.507599997],[3756413.9698000057,4894775.1258000005],[3755536.0758000026,4896036.879800003],[3755531.9575999957,4896656.395500004],[3755941.4185999976,4897430.534399997]]]},"properties":{"District":"KULLU","STATE":"HIMACHAL PRADESH","TEHSIL":"MANALI","Shape_Leng":131131.831245,"Shape_Area":754929152.076}},
{"type":"Feature","geometry":{"type":"Polygon","coordinates":[[[3779090.984500001,4836411.015999997],[3778088.3954000035,4836391.138500001],[3777566.8988999994,4835826.905199999],[3776802.351999996,4835938.208300002],[3776354.7052999996,4835070.941800003],[3774310.943700005,4834084.289000001],[3773424.8660999993,4834291.783599997],[3772267.2253999994,4834218.356600001],[3771628.2281000055,4833727.494000003],[3770935.4792999993,4832958.249300003],[3770901.9664999964,4832126.711500001],[3771404.7090999987,4831509.274500005],[3771446.128499998,4831216.4114999985],[3771126.9646999966,4830907.889699997],[3771041.4924999997,4830472.895899996],[3770763.7690000003,4830158.503899995],[3769731.7586999955,4829901.104900001],[3769380.654100002,4829447.341700003],[3768999.410099997,4829237.681000004],[3768493.3654000014,4829199.532199999],[3768248.430999999,4828492.036599998],[3768347.350599993,4828092.5226],[3768197.4368999936,4827341.346199999],[3767776.3216999965,4826962.883799996],[3767020.626599995,4827552.721800003],[3766153.478600001,4827451.383399999],[3765585.511200005,4826766.448900001],[3765128.1942000045,4825895.502500001],[3765000.0913000004,4825298.727200005],[3764527.515600006,4824917.9252],[3764368.957200002,4824365.716700002],[3764600.9842000017,4824174.678399997],[3764700.431400003,4823021.727499999],[3764441.1748,4822110.218699997],[3764552.3364999993,4821838.206999999],[3765174.921800006,4821804.034600005],[3766011.848300007,4821465.768800002],[3766038.487599995,4821085.735200001],[3766364.9181000004,4820328.987199999],[3767139.604099996,4819952.031399995],[3767452.2651999937,4819399.405299997],[3767019.8880000007,4818314.356599998],[3765775.9356999993,4818123.008900002],[3765218.919899999,4817856.938099997],[3763856.551799996,4816102.106199999],[3764099.1475,4814025.656399995],[3763911.044600007,4813575.292599995],[3763494.8894000007,4813212.610700001],[3763824.239699996,4812343.161700001],[3763798.3569000014,4811537.044200001],[3763966.9773999997,4811268.681400001],[3763667.3522000005,4810407.344399996],[3764279.454899996,4809443.613699999],[3764555.4454000015,4808778.696599999],[3764920.827899999,4808385.718399998],[3764295.5583000015,4808171.7267999975],[3763308.282300004,4807219.784400004],[3763089.728900002,4807152.755000001],[3762506.072200001,4806543.452799997],[3762065.5155000016,4806389.903600004],[3761374.2564000003,4805937.534199998],[3761123.188500002,4805455.067800002],[3761809.141699996,4805160.931400003],[3761821.6939000003,4804714.327700002],[3762340.1566999997,4804104.271800003],[3762385.6149000013,4803727.144800002],[3762711.3321,4803098.929800003],[3762999.9741000016,4803467.842800003],[3764687.0248999977,4803555.373399999],[3765232.0420999955,4802725.799600003],[3765808.7177999993,4802861.779099997],[3766325.882299993,4802724.135999998],[3766983.5990999984,4802990.051300004],[3767321.9434999945,4803237.446600005],[3768148.7739000022,4804232.046100002],[3769002.8062000014,4805578.013099996],[3769091.369199997,4806242.168899998],[3769901.879400001,4807232.716800004],[3770665.255800003,4807089.994699996],[3771205.441500005,4807183.222599999],[3771757.636099998,4807040.27],[3772154.1327999984,4807892.564599996],[3773484.4752000016,4808197.484399999],[3774430.9738000077,4808103.990499996],[3774910.447800001,4807916.147200004],[3775597.932199998,4807236.4781000065],[3776480.9393000016,4806938.152300004],[3776990.484899995,4807119.532099996],[3777230.1680000015,4807396.513999997],[3777400.572400002,4808416.904100005],[3776369.0581000024,4810092.531400001],[3776308.6407999955,4811164.171500005],[3776528.5165000027,4812250.7912000045],[3777053.2431999953,4813014.997799997],[3777001.315499996,4813782.323800003],[3777719.3928000033,4814039.154000001],[3778176.2783000064,4814426.016100003],[3778742.322499996,4814280.174199998],[3779365.738599999,4814352.633000003],[3779936.741600002,4814795.156800006],[3780930.4192999965,4815012.666100003],[3781329.610399998,4815427.525600005],[3781530.173799997,4815939.879799996],[3781993.610100005,4816591.204299998],[3782117.0729999975,4817105.808200002],[3782993.6034000027,4818041.114600001],[3783629.481100004,4818551.017200002],[3784242.2572999974,4818827.469300005],[3784549.761500002,4819254.311499998],[3784192.790000001,4819872.8586],[3784119.111000006,4820352.8929999955],[3783817.909000002,4820639.726700003],[3783778.5716000013,4821542.945099995],[3784121.0169999953,4822308.881099997],[3784113.1987999957,4822879.4564],[3783833.1987000005,4823685.774799995],[3783332.4051999985,4824029.6094],[3782783.6899000015,4823941.139299997],[3782080.6856999993,4824684.349300005],[3781988.7272999994,4825494.347000003],[3781668.715599997,4825913.231899996],[3781006.1801000023,4826108.335699999],[3780820.600100006,4826674.091399999],[3780549.668300003,4826857.844100001],[3780208.0869999947,4827440.000399998],[3779525.8318999996,4827857.6865],[3779206.7902000044,4828255.781100003],[3779104.9823000017,4829157.5896999985],[3779232.3649000037,4829692.044100004],[3779022.7040000083,4830026.3176000025],[3778895.1051999964,4830772.8851],[3779070.639499996,4831575.942099996],[3778991.1790999984,4831803.864400004],[3779341.4446000042,4832478.289399998],[3779394.8370000017,4833219.316100001],[3780252.0860999944,4833532.426199995],[3780606.150200002,4833783.197499998],[3780428.6801000033,4834249.892499999],[3779790.0862000035,4834983.3713000035],[3779439.075900001,4835807.319400001],[3779202.673399997,4835791.8902999945],[3779090.984500001,4836411.015999997]]]},"properties":{"District":"KULLU","STATE":"HIMACHAL PRADESH","TEHSIL":"NERMAND","Shape_Leng":112831.86885,"Shape_Area":412306168.515}},
{"type":"Feature","geometry":{"type":"Polygon","coordinates":[[[3798263.148500004,4852090.041000006],[3797910.7533,4851913.150499996],[3796961.5105000027,4850572.7511],[3796196.5429999977,4850330.991099998],[3795243.3630000018,4849869.809800003],[3794725.627799999,4849787.180499999],[3793823.0100000016,4849908.904500004],[3792599.1582999984,4849688.526100002],[3791972.6441999963,4850258.293099999],[3791336.409599999,4850599.0982000055],[3789972.9065999966,4850463.0211],[3789118.3870000034,4849875.688299995],[3788945.2359000035,4849966.7697],[3788178.1283,4849759.080100004],[3787660.0244999956,4850071.394600003],[3786730.596,4850082.217600003],[3786691.767599998,4850658.8028000025],[3785955.923600004,4851604.743799996],[3785939.995800006,4852338.7404999975],[3786314.4305000054,4852823.753699997],[3786062.849400002,4853188.887999999],[3785460.5943000065,4853329.850999999],[3785491.2564000003,4853936.576400002],[3784855.2225999953,4854572.864299998],[3785736.654600001,4855839.943400003],[3785529.0433999933,4856114.996399999],[3784888.008699997,4856446.451199999],[3781835.181399999,4856577.311600003],[3781569.9500000076,4856975.9361000005],[3781054.786600006,4857379.7516],[3780854.897499997,4858192.779399995],[3780186.3527000025,4858580.264800003],[3779741.5884000016,4858552.236200002],[3779142.8836999964,4858832.170500001],[3778932.6229999997,4859211.244500004],[3778631.690100001,4859194.295600003],[3778320.418899996,4859660.8105],[3777474.1329000005,4860269.6587000005],[3777097.3994999994,4860207.379299999],[3776644.2942000045,4859832.9077],[3775939.9289999977,4860105.7918000035],[3775165.3402000032,4859637.079999995],[3775228.5996000017,4859237.076200003],[3775043.346800003,4858838.733099997],[3774466.941699998,4858923.525699996],[3773348.1591000073,4858185.782299999],[3772904.7139000036,4857732.359499998],[3772717.1625999995,4857890.561700005],[3772862.677400001,4859031.471500006],[3771666.2761999937,4858892.044],[3770886.5599999996,4859161.588800003],[3770266.7244999977,4859252.751599999],[3769650.9383000005,4859039.321900003],[3768306.2559000007,4858911.044600003],[3766728.111699998,4859102.361099999],[3766055.906499997,4859243.154399996],[3765485.2914000023,4859189.0756],[3764797.585499998,4859411.900000002],[3763884.7574000033,4859398.612700002],[3763262.362400003,4859619.946600005],[3762538.7671,4860099.523200001],[3762037.3429000033,4860173.075300004],[3760411.909500003,4860600.903999996],[3759576.3557000034,4860282.785999998],[3758552.383299997,4859597.052699998],[3758320.1812999956,4859230.267699999],[3758010.5578999957,4859292.532299997],[3757341.0604000045,4859028.331400002],[3755666.774700003,4857935.3632],[3755086.4382000007,4857413.335799996],[3754562.028699998,4856786.016799999],[3754058.887000002,4856679.828599999],[3753471.472000003,4856363.4783],[3752439.9117000005,4855608.073800004],[3751620.3248,4855755.357799999],[3750608.897799998,4856476.687600005],[3750221.9461999987,4857003.563600002],[3749530.428699999,4856672.212700001],[3749384.665499998,4856032.307300006],[3748775.8483999954,4855498.1343],[3747565.295900003,4855065.784299998],[3746586.404799995,4854337.230599998],[3745807.5569000025,4854083.990899998],[3745238.912299997,4854205.363900001],[3743835.0487000006,4854007.8564000055],[3743598.2855999973,4853708.074400003],[3742432.834599998,4853568.186900005],[3741783.6076000053,4853172.9454],[3740496.7744000056,4852732.185300005],[3740130.841599999,4852864.4178000055],[3739620.546600001,4852732.4583],[3738580.1043999973,4851873.923599998],[3737179.140000004,4851394.984400002],[3737272.950400005,4851224.142700003],[3736931.514100001,4850226.664800003],[3737404.578199999,4850218.863199998],[3737622.8486999995,4849738.908100003],[3737653.1471999995,4849128.402500001],[3738193.0493000005,4848278.642799998],[3737998.095900003,4847826.4899],[3738357.667400001,4847244.0030000005],[3738206.2129000006,4846219.714100004],[3738497.553099999,4845459.5462000035],[3738613.411800001,4844710.1390999975],[3738857.8325999975,4844319.255],[3739298.7674999973,4844543.275300002],[3740480.0667999964,4844127.0375000015],[3741027.1503000027,4843657.791799998],[3741461.9922000067,4843012.304300001],[3742222.8589999946,4842996.202200001],[3742872.5337999975,4842715.747400002],[3743091.233999995,4842078.451099999],[3744386.153500002,4841294.889800005],[3745438.0879999963,4839835.642999999],[3746273.157499996,4840294.933600003],[3747825.883500004,4840866.654100002],[3748059.565399999,4840825.392900005],[3748383.5507000047,4841582.9288000055],[3748275.1018000008,4842234.155099999],[3748350.1039000023,4842696.758999998],[3749004.8532999936,4843797.967099995],[3749653.4684000043,4843493.1722000055],[3750190.9241999965,4843782.773300001],[3751861.2299999986,4843977.630000001],[3752300.522600005,4843563.574499996],[3752748.7285,4844114.468099996],[3753266.6630000025,4844078.786200005],[3754638.9928,4843241.714299999],[3755503.3504000036,4843115.700499999],[3756466.9678000016,4842666.253199996],[3757372.2272999994,4843091.1543000005],[3757886.304200003,4843819.699399999],[3758810.213600002,4844168.929500002],[3760617.3168999963,4843211.655100003],[3761680.988199999,4843634.925700005],[3761709.5901000015,4844163.8806000035],[3762477.1892999997,4844849.134399997],[3763623.868699994,4844597.378400004],[3765071.693000007,4844931.837099998],[3765419.166199994,4844887.445399997],[3766823.929700001,4845176.773800004],[3767393.813400002,4844675.497499996],[3768105.378899995,4844290.821699999],[3769008.8364999974,4844164.657499995],[3769204.757000002,4843785.593900003],[3769510.9798000017,4843756.452600002],[3769751.8435000023,4844211.845900001],[3770239.307700002,4844208.324299997],[3770605.4518999974,4844401.055000001],[3772035.795100004,4844483.751300003],[3772417.0393999983,4844775.1127999965],[3772921.5960000018,4845464.6276],[3773456.2410999984,4845511.486499995],[3773953.094699997,4845221.132300001],[3774313.6548000015,4844176.581400003],[3774875.5999999978,4844227.260299997],[3775725.8565,4843784.403499996],[3777052.5671000043,4843267.924800003],[3777451.2316999994,4843649.916999999],[3777755.294699993,4843656.896100002],[3778686.326399998,4844750.453399999],[3779054.940700005,4844984.634399995],[3779454.2124999985,4844408.377699998],[3779529.721699997,4843983.493800003],[3779991.6845000014,4843488.477599999],[3779980.342899997,4843031.413600005],[3780252.3950999943,4842827.270900002],[3781247.473600002,4842727.986999998],[3781705.3373000026,4842554.763899999],[3782246.750500005,4842050.5177000025],[3782188.1478999997,4841388.162099998],[3783855.053599996,4841537.848799996],[3785325.6966000004,4841393.0229],[3785610.549999999,4841643.394499995],[3786256.4266000004,4841881.084400002],[3787177.2771000005,4842564.347999998],[3787577.8709000004,4842615.587299995],[3788751.5407999977,4842404.671500003],[3789252.686999998,4842913.374500003],[3789369.3301000004,4843533.829500005],[3789118.229999995,4844219.616500002],[3789201.282999998,4844951.233199995],[3789058.9129999997,4845327.186800003],[3789146.505199995,4845824.1013],[3788980.0543000065,4846121.424599998],[3789229.627799999,4846579.997699997],[3789807.0341000035,4846785.0682000015],[3790352.4016000023,4847709.074900004],[3791586.6903000064,4846898.2436000025],[3792545.738399995,4846670.338599997],[3793227.467000001,4847386.753100001],[3794417.9683000017,4847558.871100003],[3796415.7867000047,4847513.394499999],[3796781.148900005,4847278.7815000005],[3798776.245800002,4846794.220400004],[3798972.992899996,4848519.126199999],[3799232.027400002,4849210.581699999],[3799079.166900001,4849601.205899997],[3799468.281300002,4849944.647700004],[3800173.7356999945,4849817.654999999],[3799935.3305000025,4850830.146000001],[3798785.7682999945,4851416.175200002],[3798263.148500004,4852090.041000006]]]},"properties":{"District":"KULLU","STATE":"HIMACHAL PRADESH","TEHSIL":"SAINJ","Shape_Leng":179093.732241,"Shape_Area":723882294.122}},
{"type":"Feature","geometry":{"type":"Polygon","coordinates":[[[3777471.810500006,4977759.753999998],[3776815.3549000025,4976158.6861999985],[3776112.4016000004,4975481.387800001],[3774844.883000003,4974589.644000005],[3773757.302699997,4974450.467300005],[3773284.049999998,4973818.448099999],[3772495.9979000036,4973151.988900002],[3772014.989099999,4972201.401799996],[3771362.182599997,4971605.159400005],[3770535.160700005,4971336.967599995],[3770192.725300001,4971073.607000001],[3768940.331100001,4970687.366499998],[3768654.3437,4970833.091999997],[3768273.517200001,4971397.3658],[3767926.0870999987,4971610.131500003],[3767517.276399998,4971043.312399999],[3766943.512400004,4970969.7765999995],[3766482.0792000024,4970326.200099999],[3765977.312499998,4969989.243899997],[3765412.8822999937,4969016.021400004],[3764874.3307999973,4968702.535399998],[3764133.1826000027,4968858.976600002],[3763294.1533000036,4969327.491000004],[3762877.6973000057,4970173.269299997],[3762934.2759000026,4970568.8401],[3762650.987200002,4971079.033299998],[3761996.6963000023,4970946.869199996],[3761421.345100004,4970629.545100003],[3761079.4274000013,4970635.956799999],[3760218.6752000004,4971167.385699999],[3759746.1701000053,4971596.718599999],[3759179.7238000017,4971595.413100001],[3758222.2458000025,4970992.286800004],[3757934.797600002,4970220.769299996],[3757736.192399998,4970112.292599997],[3757292.6461000023,4969354.119200001],[3756729.9903999977,4969208.7532],[3756063.610500003,4968371.353499999],[3756147.426500001,4967915.101199999],[3756553.2902000044,4967399.734700002],[3756476.8488000035,4966680.9242],[3755852.650799999,4964962.260499999],[3754662.7438999997,4964365.982400003],[3753670.628099996,4964155.6141000055],[3753359.167300001,4964302.358300002],[3752652.3938999963,4964329.375600003],[3752432.700900004,4965222.4007],[3752063.835199994,4965351.8314999975],[3751607.4409000017,4965954.427900002],[3751462.3127999976,4966399.860800004],[3751793.1026999997,4967214.727599997],[3751478.7472999995,4967555.102800002],[3751309.5899000037,4968043.197299995],[3751038.666400002,4968263.648400003],[3750420.2774,4968081.4992],[3750023.3446000037,4968198.041500001],[3749553.3945000023,4967989.808499998],[3748264.9848999986,4968835.104199998],[3747875.1283999975,4969659.356500001],[3747463.6899000024,4970148.945699998],[3746772.6123000034,4970711.191399997],[3746046.3675000016,4970172.054799998],[3745702.3341000006,4969656.647800001],[3745029.9667000044,4969616.877199996],[3744970.465100001,4970052.831600003],[3744541.2544,4970590.399699998],[3744009.2309999964,4970634.853900002],[3743405.5313000027,4971472.936900003],[3743933.047600001,4972782.566599995],[3743138.2116,4973022.426199997],[3742261.956500003,4973792.684600001],[3741742.8052000073,4974136.539800001],[3740272.028,4974415.585900005],[3739363.768300001,4975612.968200002],[3739346.5058000013,4976317.353399998],[3738903.9098999985,4976910.3645],[3738011.741700004,4976309.555500004],[3737566.261500003,4975239.805799995],[3737113.5872000013,4974930.857700001],[3736260.859199997,4975233.826699996],[3736679.595800001,4976041.960900002],[3736478.652400002,4977163.226400002],[3736681.0283000013,4977903.359200001],[3736284.001100002,4978082.297899997],[3736535.8123999974,4979369.611899998],[3736464.9302000003,4979593.5216999985],[3735321.801600006,4980001.757599996],[3735377.4360999977,4980487.749400002],[3735215.6478999974,4981025.853100006],[3735404.3872000016,4981440.594800003],[3735536.7048999993,4982422.087800004],[3734810.689199998,4982784.561299995],[3733982.3661,4982662.943699997],[3733285.3204000005,4982816.214999998],[3732339.6517999964,4983197.529200001],[3731950.448200006,4982643.334000002],[3731840.8604000024,4982163.389599998],[3730954.430399997,4981844.771399997],[3730394.3664999995,4981774.724699996],[3729585.2167000026,4981908.869900001],[3729149.9760999973,4982263.813200004],[3729240.3172000023,4982579.794900001],[3728981.534400006,4983114.897999994],[3728189.420400005,4983259.601],[3728005.523999995,4983495.7334],[3726836.8910000026,4984125.2678999975],[3726619.3760000058,4984444.000399997],[3726013.705700004,4984870.438700002],[3725210.0645999946,4984766.002100002],[3724568.6893999996,4983941.691299997],[3723814.3382000052,4984112.848300002],[3722474.155599999,4983847.364999995],[3722155.6312000034,4984206.868899997],[3721307.7866000016,4984791.405699998],[3720910.8429000014,4985327.171599999],[3719840.8326000012,4985153.087999998],[3719033.0166000016,4985170.417199997],[3718672.551799996,4985639.1384],[3718389.9258999936,4985637.028800001],[3717986.3554000063,4986199.8223],[3717914.2682999996,4986884.326999998],[3717089.2843999993,4987215.185899995],[3716667.4310000003,4987895.120799997],[3716211.7402999965,4988350.811500001],[3715470.701499995,4988350.481000002],[3714825.342600003,4989477.450999999],[3714819.0090999994,4990485.378699997],[3714521.424800001,4991150.145800002],[3714192.0182999996,4991503.196299996],[3713813.6305000074,4992265.653000003],[3713792.8095000032,4992824.4353],[3713558.4816000005,4993142.0998000065],[3713576.6533000018,4993578.8226],[3713076.8221000032,4993931.207300002],[3713076.3550999966,4994668.894799999],[3713482.810300001,4995164.044799996],[3713431.0478,4995627.686299998],[3712369.5096,4996188.316200003],[3711951.9984000064,4996893.088399995],[3711984.8903000006,4997433.850100003],[3711833.2969999984,4997900.243100001],[3711255.7006,4998712.911700003],[3710521.0513999974,4998450.025299998],[3709883.497700003,4997860.062099997],[3709133.1344000027,4997806.156699999],[3708454.935300001,4998004.489000002],[3708007.3408000013,4998476.415000001],[3707996.2564000003,4998918.3167],[3708214.272400002,4999363.599400002],[3707374.5613999977,4999786.0923],[3707484.0613999935,5000604.413100002],[3707014.2465000018,5000994.392600005],[3706641.9126000046,5000940.017700002],[3706206.280000003,5001191.088900001],[3706129.086699998,5001655.344299998],[3705786.201599999,5001787.620400005],[3705349.550899998,5002376.577699997],[3705012.764999997,5003146.173099998],[3705090.8575000046,5003848.502499999],[3704691.2318000006,5004428.709499999],[3704788.3450999977,5005047.175099998],[3705259.8906999966,5005295.155399997],[3705593.599399999,5005691.773],[3705365.625099999,5006305.007800004],[3705260.470700004,5007011.927500001],[3705748.4793000007,5007238.689100001],[3706286.6626999984,5007847.455900001],[3706768.8250999944,5008012.219699997],[3706537.702299997,5008842.227799999],[3705969.001699999,5009125.614300005],[3706240.4475000002,5009536.051300003],[3706187.615000001,5009979.000599996],[3706681.3287000014,5010822.863600001],[3707139.8796999953,5011220.737499999],[3707513.8626000006,5011929.606600003],[3707801.217399996,5012114.5851],[3707678.968500007,5012609.299500003],[3706531.5108999973,5012905.510599998],[3705950.133499998,5012413.9081],[3705731.4137999974,5011555.984100001],[3705512.552700001,5011456.943100001],[3704310.8033000035,5012491.782299999],[3704088.0916000046,5013215.355099996],[3703627.304899998,5013748.800700001],[3703058.316699997,5013775.2348000035],[3702295.2532000025,5013472.927199999],[3702027.0475999974,5013571.258600004],[3701185.2419000007,5013349.192499995],[3701056.224700001,5012996.188250005],[3701181.5298000006,5012251.445500005],[3701703.6608000044,5011948.267900002],[3701740.2185000055,5011531.008200005],[3701500.7997000013,5010856.908300001],[3701379.0024000015,5009858.731899997],[3700894.277199997,5009419.134599999],[3700907.0115000014,5009048.1418999955],[3700498.408600006,5008815.5942],[3699692.730800002,5007197.892199999],[3698920.4966000007,5006718.8923],[3698939.4655,5006427.7872],[3698590.7317999946,5005798.8654999975],[3698598.8055000007,5005370.415700002],[3698802.891999997,5004985.0496],[3698460.377700001,5004199.106899998],[3698428.9745999984,5003648.217800003],[3698180.4122999953,5002912.453800002],[3698685.141999997,5002300.298099998],[3698668.147999998,5001005.306699996],[3698416.180899997,5000011.536600004],[3698040.402599998,4999805.861100002],[3697728.8786,4998816.693499999],[3697757.2418000037,4998226.474299997],[3697377.1371000004,4997093.017000005],[3697427.0781000005,4996215.174700003],[3697564.006,4995719.873500001],[3697366.4558999976,4994751.237600001],[3697642.8188999956,4994167.473599997],[3697722.1380000003,4993503.387300003],[3697978.4157000054,4992810.109900001],[3698198.1537000025,4991744.762600005],[3698669.0269000037,4990988.5264],[3698913.0833000047,4990826.275100002],[3698694.5703000007,4990313.386299999],[3699049.927399998,4989522.287899999],[3699422.659900003,4989410.424300002],[3699566.2538000015,4988632.371399997],[3699542.5337999994,4987630.053899996],[3700009.8766000005,4987459.225199999],[3700919.523400002,4987447.481899999],[3700697.807699998,4987037.015900002],[3700481.144800001,4985814.925700005],[3700006.842800002,4985494.547499999],[3699924.1939999955,4984392.649700003],[3700259.9047000026,4983839.010899996],[3700831.9584999997,4983579.510299997],[3700740.4297999963,4983127.484199997],[3700972.895499994,4982419.424300004],[3701317.8092000005,4981984.911200002],[3701013.0948000066,4981511.755699996],[3701249.803,4980922.791600004],[3701164.9701999994,4980183.052700002],[3700084.434600004,4979209.0972000025],[3700049.207799999,4978469.657099997],[3698781.0672000013,4977345.733600001],[3698548.369999997,4977322.2956000045],[3697827.597800003,4977677.968199994],[3696804.686499996,4977969.841699999],[3696010.214300002,4977800.3608],[3695699.611900002,4977480.968999999],[3695524.710499998,4976869.6801999975],[3694772.1664000032,4976622.044799999],[3694474.985600001,4975722.266300004],[3694562.6366000054,4975172.094300004],[3694176.8532000035,4974157.672900002],[3694154.4198000017,4972942.028699998],[3693511.427600001,4972625.595600001],[3693261.159999998,4972172.613200004],[3692807.5080000022,4971718.405600002],[3692589.487199998,4970853.832599999],[3692228.9795999974,4970583.7525999965],[3691630.7881999994,4969419.213800002],[3691226.832000004,4968950.421700003],[3690130.9898000006,4968869.401199997],[3689409.550800006,4968551.5417],[3688944.173400001,4969057.473099995],[3688745.4452000046,4969579.167900001],[3688046.966500002,4969774.679600002],[3686804.1016999967,4969395.097599998],[3685970.8417000026,4969370.232800001],[3685555.3162999945,4969157.6457],[3685064.7135000024,4969598.937199998],[3684754.1202999996,4969591.120900001],[3684237.0578000015,4968957.925800001],[3683745.099099998,4968601.240500003],[3683172.3853,4968643.913600004],[3682831.2113000024,4968458.291599998],[3682311.0432000034,4967517.479700002],[3681489.6538000023,4966605.4541000035],[3680952.3852000027,4966596.422599999],[3679803.9512000047,4966187.641900003],[3679379.4344000006,4965837.796199998],[3678392.306400001,4965826.888199998],[3677432.1653999984,4965453.970700001],[3676732.4812000063,4964878.969199999],[3676051.570700001,4964880.069900002],[3675834.3341000006,4964607.023200003],[3675278.9448999963,4964672.0035999995],[3673877.049800001,4964415.396100003],[3672953.2128000017,4964692.495800002],[3672063.2634000015,4964795.9522],[3671894.6849000044,4964940.235900001],[3671918.8782,4965675.965399999],[3672116.943,4965840.539599996],[3672332.388199999,4966545.764800003],[3671718.902500004,4967136.499299999],[3671205.0913999956,4968146.361600004],[3671143.406700003,4968460.711300004],[3670582.9931999953,4969614.204399998],[3670350.3419,4969897.519299999],[3669226.591999998,4970465.024699998],[3668966.6424999973,4969972.293800002],[3668300.9416999966,4969308.435699996],[3667869.530599995,4969118.229699997],[3667002.0741999988,4969166.6570000015],[3666181.009299999,4968764.809700005],[3665411.7044000006,4968006.063599996],[3664712.2368000015,4967183.241700004],[3663538.2816999997,4966893.377600002],[3663303.1452,4966723.962300003],[3662957.898199996,4966066.311899999],[3662932.6521999957,4965317.009400001],[3663188.7539000018,4964802.581000001],[3663013.8526,4964191.292200001],[3663815.8888000017,4963635.501400001],[3664140.4274000027,4962466.5988],[3663937.7070999974,4961532.660500003],[3664279.2757999958,4960830.218999999],[3664364.1502000056,4959917.858199999],[3664706.4069999987,4959101.311900006],[3664682.328000002,4958158.5271999985],[3665095.942000002,4957848.459500005],[3665010.989500002,4957128.5648],[3665213.7212999994,4956415.364500005],[3666269.136699994,4955796.603599999],[3667791.212699998,4954297.549500003],[3667732.0803000024,4953409.127399998],[3667912.636299994,4953082.771999996],[3667219.5054000057,4952031.7700999975],[3667872.963200006,4951435.394100001],[3668407.965099997,4950739.079199997],[3669144.5349999983,4950476.991799999],[3669295.558000002,4949980.392],[3669149.432899996,4949532.998100005],[3668707.1083000004,4948845.679400002],[3668888.7453000043,4948668.627700004],[3669773.324699999,4948423.677099999],[3670601.731600004,4948088.097499998],[3671200.9100999977,4947998.459700001],[3671988.188699995,4948428.104600005],[3673410.619099994,4948652.575899998],[3674173.925599996,4948894.9985000035],[3674746.6060000006,4949347.7031000005],[3675202.2363000005,4949482.373799996],[3676075.302500002,4949351.676300003],[3676925.3206999977,4948319.681699997],[3677350.734200005,4948217.061100002],[3678892.7845000047,4948267.602699997],[3679130.1874999995,4947941.024700005],[3679976.988799999,4947365.658499999],[3680291.6004000045,4947020.265600004],[3681051.8276999937,4946816.472299998],[3681858.4655999998,4946320.2443],[3682832.6564999972,4946008.592399996],[3682794.9463999993,4945680.921899999],[3683157.554200005,4944780.156800003],[3683785.0722000017,4944372.152499996],[3683367.700099999,4943660.177600004],[3683752.2446000017,4942412.2564],[3684269.3131000064,4942221.882099997],[3684841.082300004,4942193.5923],[3685621.701399995,4942553.549300002],[3686449.6043000002,4942462.234999999],[3685879.686700003,4941710.650999997],[3685936.796300002,4941289.287800002],[3685687.156900002,4940732.122500002],[3685510.7356000002,4939550.279400002],[3685875.611400002,4939096.041499996],[3687325.9606,4939474.150699995],[3687593.090800006,4939782.961100005],[3688049.5104999975,4939920.586900003],[3688298.6787000024,4939552.1911],[3689717.6236999966,4938702.440900002],[3690099.9541999996,4937821.639700001],[3691061.2885,4937650.051800005],[3691570.6727999942,4938003.081600003],[3692240.8421000023,4937358.255899997],[3692194.407400001,4936832.082300004],[3692494.765800003,4936382.4169999985],[3692399.413300004,4935741.839800004],[3693164.5414000005,4935547.998700004],[3693758.5019999994,4934946.302900001],[3693973.600800005,4934903.867399998],[3695209.8391000037,4935634.5811],[3696034.447099999,4935755.9541000035],[3696854.048400001,4936671.829800001],[3697736.803199998,4936710.998199999],[3698304.787100003,4936223.929299997],[3698446.5559000005,4935748.5021],[3699071.4625000013,4935518.350599998],[3700266.734600004,4935819.002599999],[3701210.0851000035,4935685.770400002],[3701065.8149000006,4934930.789500003],[3701389.8391000023,4934669.794700002],[3701636.9771999987,4933996.551800005],[3702051.143799994,4933955.1796999965],[3703577.3425000007,4934562.370200004],[3704406.837200001,4934529.209699999],[3704401.074699996,4933839.559599999],[3705697.726099995,4933098.4532999955],[3706532.474100005,4933286.893700001],[3706991.3450000016,4933682.522200003],[3707986.0111000063,4934062.815699995],[3708408.462199999,4933169.124800004],[3708307.8499999996,4932578.128599998],[3708566.399300002,4932480.460900005],[3709061.716500002,4931783.906900002],[3708583.7403000016,4931250.172399998],[3708010.226300002,4930929.1966],[3707394.819399997,4930151.532299995],[3707180.981400001,4929415.977300003],[3707079.687000002,4928115.516500002],[3707525.159000004,4927458.3523],[3707559.5600000042,4926689.5638999995],[3707869.7674999987,4926348.294500001],[3708572.628100005,4926512.100400005],[3708989.856399997,4926425.3112],[3709445.303499996,4926581.854],[3710769.9914000058,4926555.1056],[3711414.030900002,4926697.900900002],[3712144.8710000003,4926317.766399996],[3711236.025300005,4925481.922100004],[3710905.9438000037,4924576.381100003],[3711219.657999998,4924379.8205999965],[3711695.162799999,4923678.185899996],[3712486.5898999986,4923236.440300001],[3712069.3109000027,4921802.476799996],[3711747.737199998,4921554.4056],[3711755.0069999998,4921158.225399999],[3712911.9022999974,4920986.589599999],[3713704.789399994,4921125.320300005],[3714830.748500001,4921970.556700002],[3715340.7920999965,4922122.467200004],[3715472.641099999,4921646.7365000015],[3715056.973100002,4920652.223899999],[3715026.168200006,4920002.112899998],[3715301.9629000006,4919512.609499995],[3717352.064200002,4919296.741999997],[3718362.6490999945,4919531.0483000055],[3720143.226800002,4920409.996000003],[3720295.270000004,4920698.665199995],[3721652.5277999975,4921029.323899997],[3722255.506199999,4921400.089899996],[3723215.796899998,4921748.202100005],[3723697.9918,4921582.4241],[3724133.506699998,4921753.7308],[3725363.817699995,4922569.828400005],[3726057.9179000077,4921814.936799998],[3726301.202299996,4920958.104100002],[3727501.7556999996,4920950.452900001],[3727484.4307999997,4919822.700000004],[3727256.876000002,4918969.343199998],[3727063.242200005,4918806.813299999],[3727848.2594000003,4918364.1559],[3728266.5936000007,4918474.1655],[3729062.139599998,4918164.530199998],[3729677.395300005,4918418.4052],[3730750.2443000013,4918618.384899997],[3731790.9509000015,4919211.765400004],[3732511.907300003,4919343.419700004],[3733477.2183999973,4919681.639700001],[3733846.0018000016,4920224.638999999],[3734416.5491999974,4920421.0082],[3735233.7298000036,4919991.217200001],[3735958.505800003,4919780.153100003],[3736040.5359999957,4919607.321199998],[3736968.9121999964,4919045.743599997],[3737438.1745000016,4918371.185799999],[3738402.433300001,4918550.0342999995],[3738845.852900001,4917144.730300002],[3739251.5362000037,4917059.558499996],[3740154.4921000022,4916405.289799996],[3740767.8368000025,4916090.0051000025],[3741333.2994999997,4915397.967199996],[3741778.826499997,4915909.700000001],[3742393.414800007,4916018.525399998],[3742914.835100006,4915807.656000001],[3743016.914299998,4915374.601700002],[3743525.0834000027,4915187.7338000005],[3743925.1621999973,4914654.3278],[3744493.6020000004,4914171.5485999985],[3745841.3934999993,4913604.161799999],[3746000.467699993,4912726.976800002],[3746664.9837000016,4911942.139400003],[3747271.1934999945,4911777.1086],[3747661.111699997,4911283.331300005],[3748173.8181000007,4910993.705699997],[3748748.3195000025,4911150.965899998],[3748999.8796999943,4910567.0524999965],[3749424.3723999965,4910098.289899999],[3750002.105199999,4909719.753199996],[3750048.2764,4909467.007000001],[3750571.083499994,4909147.674500003],[3750645.711600003,4908799.419399999],[3750411.512699998,4908462.059000001],[3750718.1181999943,4907799.097],[3751193.766800005,4907896.226499999],[3751779.6015000017,4906996.806200005],[3751650.362899997,4906217.1093000015],[3752064.455799996,4905827.664299999],[3752247.762400003,4905045.221899999],[3752131.193500001,4904632.402100002],[3752263.041199998,4904156.915200001],[3752541.702100005,4904014.717399998],[3752469.099299993,4903222.009900001],[3752283.4268999994,4902464.067299996],[3752052.5634999983,4902109.344999997],[3752111.255500007,4901357.8487],[3752848.930100005,4899958.255499998],[3752900.5705000004,4899621.200699996],[3753573.4519999977,4899094.399400002],[3753841.6831999975,4899036.4802],[3754251.623300003,4898513.056100004],[3754653.3116999976,4898535.321099999],[3755363.0118999965,4897661.453200003],[3755941.4185999976,4897430.534399997],[3756395.982299994,4897474.187000002],[3756801.1353000025,4897744.536100001],[3757487.4924000027,4897450.9952000035],[3757856.3716,4897155.541900001],[3757952.657300001,4896818.756100002],[3758653.7467,4896550.1104],[3758848.6221000017,4895494.535400003],[3759684.634800002,4895062.980799999],[3760397.943099999,4895235.961100004],[3760955.0255999994,4894991.2541999975],[3761425.1150999996,4895187.5753999995],[3762426.5867000036,4895287.872799997],[3763139.1526000015,4895609.152300005],[3762838.4711000063,4896080.6777],[3762831.2849000064,4896456.207599999],[3763484.1087000016,4896787.5839],[3763150.1599999955,4897352.046600001],[3763434.4667000026,4897615.815599998],[3763635.3916999986,4898847.419200001],[3764153.088600002,4898552.862399997],[3764654.6472000065,4898466.581300004],[3765055.7371999994,4898588.068],[3765877.5862000007,4898037.357799997],[3766727.157099999,4897848.845199997],[3766729.348399996,4897462.021499995],[3767366.9970999993,4897019.349399995],[3767533.150199999,4896613.526799997],[3767840.7603000067,4896523.373500001],[3767829.864399996,4895945.543899998],[3769385.0136000006,4895543.128100002],[3769846.671899993,4896314.905200003],[3769520.5332999984,4896799.473299997],[3769534.5073999977,4897077.059],[3770596.5173000046,4897832.607699999],[3770832.4717000006,4898191.2401],[3771446.7237,4897515.247799998],[3772004.3745999965,4897176.280199998],[3772663.136200005,4896495.922500001],[3772580.324299999,4895448.269399999],[3772965.252199997,4894959.423400003],[3773007.8691,4894473.476300003],[3773227.5115,4894246.581599999],[3773748.373800003,4894249.7195000015],[3774342.703300003,4893873.784299997],[3774290.0720999995,4893265.691700002],[3775750.5213000067,4892937.124400001],[3775952.6550000003,4892323.145499999],[3776371.469300003,4891973.418999998],[3776457.744099999,4891651.456799996],[3777079.1947000036,4891426.982600002],[3777527.7425999995,4891082.396500003],[3778126.269000002,4891368.794399996],[3778677.768800002,4890404.670699995],[3779516.378399994,4890365.0715],[3779716.537600006,4890078.5242],[3780597.345299999,4889622.4332],[3780827.7465999993,4889256.6877999995],[3781320.3344000024,4888894.659200001],[3781149.492399996,4888510.713599995],[3781435.6660000007,4888196.562199995],[3781548.092200002,4887440.244100004],[3782219.088900002,4887225.991],[3782361.5459999996,4886636.458900004],[3782918.7481999993,4886371.9076999985],[3783420.5222999956,4885427.329399998],[3784078.7913999977,4884855.7886000015],[3784648.0928999977,4885052.707700003],[3785426.3078000015,4885156.621399998],[3785761.2707,4884727.009500004],[3786643.7239999967,4883998.059099999],[3787319.412,4883828.485599997],[3788332.001599994,4883730.399400001],[3788981.6898,4883759.1197999995],[3789421.357600003,4884064.405699996],[3790282.9152000016,4884332.543099999],[3791779.0101000005,4884673.961199997],[3792075.0900000026,4884933.7305000005],[3792130.0393000003,4885693.1348],[3792056.9047999955,4887126.499200004],[3791449.079300002,4887559.428399995],[3792233.325799999,4888308.342700005],[3792200.839399997,4888759.621800005],[3792550.8275999986,4889128.863800004],[3793303.102500002,4889421.1492],[3794067.8059000014,4890120.3330000015],[3794479.056400001,4890202.190800004],[3794865.946800003,4891033.0526],[3794817.0827000034,4891732.296399996],[3794645.2809000025,4892252.193899997],[3794926.030199997,4892586.289900002],[3794891.658899996,4893350.117300004],[3795836.7687000018,4893747.751000002],[3795254.0453999983,4894131.218800001],[3794874.0782,4894620.094599998],[3793745.3005999993,4895064.769100003],[3793374.632299995,4894834.3179],[3791703.8932999987,4895484.100399999],[3790984.188299996,4895549.222100005],[3790404.8460000046,4895372.087499997],[3789586.4077999983,4895357.234399997],[3788852.5328999944,4896126.7700000005],[3787993.362800004,4896285.315499996],[3787507.7332000015,4896198.0484],[3787460.8139000023,4896574.821700003],[3786700.2872999962,4896828.225500002],[3786100.8930000025,4896685.698999999],[3785650.7594000036,4897293.222499996],[3785122.333499994,4897721.668800005],[3784837.0662999935,4898136.696200002],[3784859.6851999993,4898499.0046999995],[3785360.166699998,4898591.322599998],[3785565.3999000015,4899108.530399999],[3785689.7376999985,4899878.275199998],[3785542.649199998,4900413.2053999975],[3785792.378200006,4900955.487499999],[3785587.826999998,4901147.7445],[3785573.1784000034,4901931.535700005],[3786293.8347000033,4902531.228900005],[3786420.2969000014,4902948.736699995],[3786333.0047999984,4903439.3759],[3786918.2352000065,4903462.746700002],[3787119.3155999985,4903845.9754],[3786942.553300003,4904365.842999997],[3787640.6805000016,4904588.3445000015],[3788014.1850999957,4905171.062499997],[3788439.689200001,4905357.1927000005],[3788438.516099998,4906374.244399995],[3788630.9320999943,4906549.047899998],[3789578.7644999977,4906495.223000005],[3790158.675399998,4906578.096999995],[3790565.6175000044,4907374.3506000005],[3790847.114700001,4907584.4196],[3790764.6932999976,4908089.971799997],[3790488.659199995,4908619.163900001],[3791244.308899999,4909174.416499997],[3791033.001900005,4909664.308499999],[3790316.492200005,4910022.163899997],[3790031.9431999987,4910318.1253999965],[3789440.764900002,4910458.440399999],[3789314.5658000037,4910819.852200002],[3788845.9959999966,4911194.0852999985],[3788585.226600003,4912482.4425],[3787857.987800003,4912974.1874],[3787363.1254000003,4912772.755600006],[3786295.8434999995,4913713.926800005],[3785776.5309000043,4914276.382100001],[3785559.934100002,4914820.815999998],[3785054.2826999985,4914763.195799995],[3784733.2740999972,4915346.690899998],[3784172.5475000036,4915373.080300002],[3783613.4663999937,4915126.610200001],[3783053.098899998,4915093.466599997],[3782337.845900002,4915242.956599997],[3781734.179300003,4914986.295400003],[3781401.580200003,4915023.9818],[3781336.577699993,4915931.501199998],[3781106.714900002,4916207.947000004],[3780748.408999998,4917217.885899996],[3779165.1718999976,4917342.3017],[3778413.6089000013,4917754.5198],[3778556.8915000055,4918673.216600003],[3778844.6895999974,4919483.6362000005],[3779436.6397999963,4920037.902500002],[3779607.9865999953,4920415.990799999],[3779416.5458000014,4921724.610800004],[3780068.7709999983,4922155.2086],[3779923.8368000016,4922332.941000004],[3780590.4350999985,4922847.967000004],[3780141.9410000034,4924006.200399999],[3780386.4699999983,4924588.141200002],[3780290.2378999935,4925738.574299997],[3779786.375699999,4926206.8586],[3779932.2314000004,4926698.902399998],[3779723.9700999977,4927506.333399999],[3779488.3985999944,4927906.776400002],[3779555.5071000024,4929117.7287000045],[3779448.9409999996,4929513.987700005],[3779948.5547000007,4929750.177000003],[3779717.7942999937,4930175.455199998],[3779006.8436999954,4930434.119000003],[3778679.1392,4931305.326799996],[3778469.4478999972,4931527.3203],[3777511.9336000048,4931541.396800004],[3776476.6296000015,4932115.627099996],[3776320.0986000015,4932571.120199998],[3776475.7259000028,4933088.029100001],[3776207.3091999986,4933999.2842999995],[3776565.602700006,4934636.484399999],[3776215.2196,4935155.306000005],[3776148.068999997,4935596.453700002],[3776533.7684999984,4935802.189199998],[3776610.7443999997,4936199.553900002],[3776285.463399999,4936668.914099999],[3776563.968599994,4937375.091099997],[3778285.593800005,4937335.850599999],[3778558.420300002,4938161.063799996],[3779229.237400002,4937976.5772],[3779814.737099994,4937955.298300002],[3779953.0291000037,4938878.926199999],[3780468.900899998,4938886.995299998],[3781021.884300003,4939321.956700005],[3780405.6575999986,4940325.3803999955],[3780304.6445000055,4941446.017000001],[3779716.1825999953,4941958.443100005],[3780036.227699999,4942357.272100005],[3780570.146599998,4942663.1258000005],[3780794.0253999936,4943378.896300001],[3780385.8506,4943609.616499998],[3779481.9992000014,4944596.423600003],[3779073.166000002,4944936.287599999],[3778470.5944000073,4946143.205299998],[3778378.4014000036,4946623.892200002],[3777654.214700003,4946609.6068],[3777003.6290000007,4946729.718799999],[3776693.2834999976,4948012.8159],[3776381.208700004,4948760.086399997],[3775820.5719000064,4948771.592499999],[3775513.8768000016,4949449.4377],[3776043.4036000026,4949661.0008999985],[3776744.875699998,4950151.430600001],[3776918.6099999966,4950956.201799996],[3777327.436899999,4951439.907200003],[3777147.8084000014,4951612.4690999985],[3777192.956299998,4952351.969099996],[3777404.7359000035,4952606.269400001],[3777257.5277000032,4953161.043699995],[3776908.0420999937,4953531.032999998],[3776939.744400002,4954032.311399996],[3776623.636599999,4954625.758399999],[3776384.929700002,4954723.545399998],[3775578.0584999984,4954435.892499998],[3774992.1101,4954531.587600002],[3774506.719999998,4954404.631899999],[3773544.0895,4955267.053099997],[3772179.9738999987,4956896.051400002],[3772057.861799998,4958224.933799999],[3772677.9658,4958223.7082999945],[3773520.3752000057,4957554.051900001],[3773966.7687000036,4957566.663800001],[3774182.461699996,4957994.631799998],[3774542.939400002,4958269.673000003],[3774854.582999997,4959238.996500004],[3775787.653199997,4959165.237600001],[3776665.4687,4959205.255000001],[3777526.2904000003,4957950.280699999],[3778256.305400002,4957820.724500003],[3779254.180200004,4959339.921300002],[3779345.0803999966,4959896.130199995],[3780024.615700001,4960733.716099999],[3780127.142600001,4961007.203200002],[3779753.003700003,4961352.237500004],[3779746.0385000072,4961684.600000003],[3779184.587700003,4962653.624800002],[3779509.9224000024,4962997.911799997],[3779570.0418,4963722.618299998],[3779905.3573999973,4964057.042900001],[3780054.228900004,4964871.586700004],[3779868.0539000016,4965307.056100002],[3780405.018600003,4965930.448800003],[3780520.8115,4966471.923999997],[3779987.1557,4966944.9899999965],[3780012.4312999966,4967689.3314999975],[3779622.034299997,4968262.485800002],[3779640.0514999987,4968565.2314000055],[3779057.059099999,4968993.3488],[3778908.055699993,4969845.788100001],[3778365.759199999,4970929.0372],[3778141.718500007,4971885.210999997],[3778174.8270000024,4972153.318499997],[3777931.6619999977,4972990.306800001],[3778533.1142999986,4973614.087900005],[3778604.0824000016,4974185.060699998],[3778448.3890999993,4974501.643299997],[3777919.5742999995,4974994.5835],[3777882.1274000034,4975445.832800001],[3778167.2686000005,4975874.219099997],[3777902.1431000037,4976239.755199997],[3777963.160200003,4976815.629199998],[3777471.810500006,4977759.753999998]]]},"properties":{"District":"LAHAUL & SPITI","STATE":"HIMACHAL PRADESH","TEHSIL":"LAHAUL","Shape_Leng":619073.239131,"Shape_Area":6607881202.05}},
{"type":"Feature","geometry":{"type":"Polygon","coordinates":[[[3737179.140000004,4851394.984400002],[3737224.3812000025,4851631.616699998],[3736833.5190999997,4852051.9617],[3736874.010999996,4852549.096299997],[3736298.4808000047,4854133.372200004],[3736472.534599996,4854853.868200002],[3736217.0432000034,4855149.031700002],[3735272.8650999977,4855282.3761],[3735118.8755,4855784.250999998],[3735775.8748999946,4856858.698600005],[3735569.1147999973,4857438.474599996],[3734798.2172999936,4857299.725900004],[3734120.7303000046,4857061.895799996],[3733791.226300003,4856752.164400003],[3733465.265399997,4857315.200300003],[3732635.6975999977,4857256.4024],[3731973.5108999945,4857084.553199997],[3731487.136900005,4857144.065399997],[3730100.2337000016,4857022.488700001],[3729840.462200005,4857213.251200002],[3729246.816900002,4857234.943399999],[3728526.7196999984,4857016.763700001],[3728051.666100003,4857280.967500005],[3727545.971000001,4857132.9175999975],[3727327.148100001,4856787.595400004],[3726553.459499999,4856074.272600003],[3727103.8681999934,4855337.398599999],[3726817.5278000035,4854915.587200001],[3726429.0206000013,4853926.572599996],[3726737.4321999988,4853557.568],[3727319.6569000026,4853398.524699999],[3727937.993100002,4853537.704000002],[3728868.4298000005,4853042.936800003],[3728822.324600001,4851567.733499999],[3729178.1473999987,4851379.390399997],[3730283.114100001,4850371.9679000005],[3730247.479099999,4849017.405300001],[3729743.822799999,4848386.251400001],[3729547.608400005,4847549.994300002],[3728755.791299997,4847625.947400004],[3727929.885300004,4848073.854500003],[3727355.9404999986,4848177.277200001],[3726215.1402999964,4847741.562799999],[3725335.7372999983,4846670.370000003],[3725461.5772000058,4846283.575999999],[3725039.091300003,4845624.431499999],[3724912.527900003,4844915.395199999],[3725184.7393000014,4844615.0616],[3726636.091300002,4844253.293700002],[3726655.9603000004,4843911.350499998],[3726171.0636999947,4843180.345400006],[3726189.4920999967,4842632.560500003],[3726671.415599998,4842372.7665],[3727167.8102000016,4842418.0253],[3727498.7409999953,4841696.237700002],[3728325.4383000005,4841704.695100002],[3728660.1609999985,4841573.762699998],[3729130.322800005,4840746.043700001],[3729412.185500007,4840711.761899997],[3729781.5904,4841226.4255000055],[3730182.583300003,4841025.262299997],[3730998.8105999976,4840984.399500003],[3731850.499499997,4841325.819800002],[3733261.802500005,4841384.8957],[3733768.2581999963,4841689.696999999],[3734953.6299000042,4842010.976000003],[3735671.906499994,4842039.953899995],[3736087.6919000037,4842589.7077],[3736961.9213000033,4842985.4985],[3737452.1554000005,4842882.796000002],[3737843.8307000063,4843438.019800003],[3738320.8756999937,4843616.219999999],[3738857.8325999975,4844319.255],[3738613.411800001,4844710.1390999975],[3738497.553099999,4845459.5462000035],[3738206.2129000006,4846219.714100004],[3738357.667400001,4847244.0030000005],[3737998.095900003,4847826.4899],[3738193.0493000005,4848278.642799998],[3737653.1471999995,4849128.402500001],[3737622.8486999995,4849738.908100003],[3737404.578199999,4850218.863199998],[3736931.514100001,4850226.664800003],[3737272.950400005,4851224.142700003],[3737179.140000004,4851394.984400002]]]},"properties":{"District":"MANDI","STATE":"HIMACHAL PRADESH","TEHSIL":"AUT","Shape_Leng":67901.725261,"Shape_Area":152922054.473}},
{"type":"Feature","geometry":{"type":"Polygon","coordinates":[[[3700965.577799996,4821197.800099995],[3700812.985100004,4821520.1499],[3700767.772400001,4822361.622],[3700206.9112000028,4822839.274200003],[3699881.970499996,4823552.5119],[3700017.3970000027,4825179.2763],[3699973.2990999976,4825886.182799999],[3700685.917000004,4826368.485100005],[3700789.7399999998,4826979.7905],[3701098.6845000014,4827581.3747000005],[3700896.1049000006,4828138.260599997],[3701446.161700007,4828699.683999997],[3701454.5930999937,4829055.237100001],[3701736.982699994,4829436.856499998],[3701639.650799999,4830946.373700002],[3702240.076699998,4831052.542899996],[3702543.6806000033,4831420.735099999],[3702776.7256000005,4832246.621599998],[3702381.1728,4832543.876000002],[3701939.5174999954,4832128.5934999995],[3701310.962500001,4832310.477299999],[3701275.7973000035,4833869.3715999955],[3701096.256999997,4834299.176100001],[3700078.6522999974,4834649.130399996],[3699304.611000005,4833234.395400001],[3698248.229800001,4833597.098499997],[3697750.133899999,4833652.939899998],[3697503.7167999963,4834133.169100005],[3697058.5040000034,4834105.2034],[3696545.474799996,4833774.572599996],[3696362.4152999995,4833412.155300003],[3695214.3435999984,4833346.988300002],[3694906.5133000053,4833079.975699997],[3694132.933700004,4833080.652999999],[3693674.0110000027,4832823.412500005],[3692998.6081999955,4832906.734600005],[3692208.724399996,4832173.2673],[3692801.4744999977,4830716.941500004],[3692891.8971999995,4829904.5373000065],[3693016.230799999,4829812.020900002],[3692914.6658999957,4828697.846700004],[3692619.464100006,4827956.006799996],[3693391.980700005,4827536.198199997],[3692947.2745999983,4827157.585500002],[3692646.467600002,4826610.694999998],[3692713.4493999975,4825903.358400002],[3692930.9558999967,4825441.6348],[3692769.5985000026,4825008.652900001],[3693525.1926999995,4823800.724900001],[3693629.122800002,4823136.115800003],[3693167.208200001,4823144.270099999],[3692864.4120999994,4822689.040499997],[3693227.726199998,4822508.802199999],[3693878.201200002,4822435.005799999],[3694740.2812000024,4822783.102000003],[3695610.9054000042,4822634.680799997],[3696204.854299998,4822748.1768000005],[3696909.6800000006,4822308.364199998],[3697111.3608,4821662.7607999975],[3697648.2226000014,4821317.128899996],[3697948.5902000004,4820771.464400001],[3698394.9082999956,4820924.102799998],[3698916.299900003,4820689.396400005],[3699612.687000001,4820553.236200001],[3700866.578000004,4820823.741300002],[3700965.577799996,4821197.800099995]]]},"properties":{"District":"MANDI","STATE":"HIMACHAL PRADESH","TEHSIL":"BALDWARA","Shape_Leng":53370.3099318,"Shape_Area":95711588.3732}},
{"type":"Feature","geometry":{"type":"Polygon","coordinates":[[[3718277.8719000034,4833885.496200002],[3717934.598899995,4833961.588000001],[3717055.741300001,4834543.5246],[3717892.1072999965,4836426.472000003],[3717850.799300004,4836885.303300004],[3717587.6296999985,4837211.337400003],[3717163.761899998,4836870.001799999],[3716326.9203999983,4837013.9444999965],[3714484.224500004,4837643.191599997],[3713719.5275999974,4837675.5218],[3713431.376799998,4838373.042599995],[3713148.9384999988,4838508.520299999],[3712644.0977999996,4837285.765999999],[3712292.482900001,4837155.101799997],[3711442.4107,4836485.2295],[3710785.919200004,4836649.301000003],[3709851.020900008,4836344.873599997],[3708826.9187999945,4836673.3696],[3708445.861899998,4836396.390700001],[3708068.9745000005,4836626.798699999],[3707919.429100004,4836999.5819],[3706779.691299998,4837468.005399997],[3706098.995600003,4837287.454399997],[3705907.832199998,4837683.413699997],[3705570.340800006,4837888.510299999],[3705426.4284000034,4838404.591800002],[3705392.114800002,4840053.704399997],[3705776.961099995,4840312.8954],[3706034.5781999934,4840926.817499997],[3705936.476800002,4841563.3144000005],[3705735.8277999964,4841909.493400004],[3706018.7026999947,4842662.128300001],[3705565.8176999954,4843059.564200001],[3704107.3464,4842898.021799997],[3703693.3385000024,4842348.725],[3703282.434399996,4841527.058499999],[3702694.051299993,4841306.416999999],[3702785.3494000025,4840507.5353000015],[3703188.5924000023,4839947.049000002],[3702817.5633999966,4839048.526699999],[3702220.3547000005,4838628.400299996],[3702289.7955,4838052.025500004],[3701650.0007000007,4837299.885299997],[3701206.4349000016,4836248.5866],[3700377.0683000046,4835574.180199997],[3700078.6522999974,4834649.130399996],[3701096.256999997,4834299.176100001],[3701275.7973000035,4833869.3715999955],[3701310.962500001,4832310.477299999],[3701939.5174999954,4832128.5934999995],[3702381.1728,4832543.876000002],[3702776.7256000005,4832246.621599998],[3702543.6806000033,4831420.735099999],[3702240.076699998,4831052.542899996],[3701639.650799999,4830946.373700002],[3701736.982699994,4829436.856499998],[3701454.5930999937,4829055.237100001],[3701446.161700007,4828699.683999997],[3700896.1049000006,4828138.260599997],[3701098.6845000014,4827581.3747000005],[3700789.7399999998,4826979.7905],[3700685.917000004,4826368.485100005],[3699973.2990999976,4825886.182799999],[3700017.3970000027,4825179.2763],[3699881.970499996,4823552.5119],[3700206.9112000028,4822839.274200003],[3700767.772400001,4822361.622],[3700812.985100004,4821520.1499],[3700965.577799996,4821197.800099995],[3701762.979500006,4820953.226799996],[3702583.4366000015,4821425.953000005],[3702594.9214999955,4821758.984000003],[3703256.635200003,4821748.404300002],[3703638.372900001,4822942.504100002],[3704093.746600002,4823897.074299999],[3704068.9186000023,4824670.367900002],[3704561.9820000026,4824705.838499999],[3705274.9756999947,4825574.904599997],[3705094.0705000022,4826475.898599998],[3705287.6778,4826757.681800002],[3705338.259499993,4827432.314600002],[3706244.6737,4828130.0102],[3706682.973699999,4828806.836000003],[3707083.8620000035,4828969.2863000035],[3707725.3752000076,4828805.7611],[3708012.1697999975,4828887.5217],[3708434.5473999986,4829729.152499998],[3708475.8599999985,4830228.952499997],[3710066.4808000065,4830340.492700003],[3711501.2927,4830266.184300002],[3711201.9164000032,4829671.000599995],[3711251.808099999,4828452.119100004],[3711766.5529000033,4827858.062300002],[3711853.750600003,4827280.098000002],[3711280.258599999,4826755.765899999],[3711313.0277999993,4826247.817300003],[3711583.6679999987,4825904.790299997],[3711569.730200002,4825373.926399997],[3712137.8694,4824380.514499998],[3712539.6419,4823929.805499999],[3712503.5338000003,4823369.986100002],[3712272.537600004,4822993.433400001],[3712367.663099993,4822459.257299999],[3712959.015100003,4822266.751400003],[3713309.616200001,4822416.807400003],[3713561.5947000002,4821954.287799997],[3714220.931400003,4821551.362499999],[3715649.9421999943,4821718.677700005],[3715576.7933999994,4822172.294399995],[3715982.7735999944,4822272.575000003],[3716472.197600002,4821897.367800005],[3716777.394500004,4821958.981400004],[3717947.006399994,4821301.238699997],[3718400.847900003,4821408.258099996],[3718943.401100006,4821841.3022],[3719270.7981000035,4822775.6633],[3718978.2469999976,4822801.967099998],[3718814.1805000035,4823388.645000004],[3718424.512599994,4823633.765099999],[3718351.6621999936,4824591.5748],[3718016.257099999,4824871.185900003],[3718366.8326999964,4825271.841099996],[3718293.3807000034,4825786.016899999],[3718468.1087000007,4826162.244300004],[3718329.519000005,4826693.589699997],[3717830.516,4827191.056300003],[3717529.9249999993,4827828.7732],[3717579.9572999966,4828296.747300001],[3718116.394900004,4829091.802899998],[3718113.2563000023,4829501.546800001],[3717754.974699997,4830080.162800001],[3718155.0411000038,4830952.8697],[3718218.8134000003,4831437.903999997],[3717896.222600003,4832066.250800002],[3718277.8719000034,4833885.496200002]]]},"properties":{"District":"MANDI","STATE":"HIMACHAL PRADESH","TEHSIL":"BALH","Shape_Leng":110932.812375,"Shape_Area":224796541.537}},
{"type":"Feature","geometry":{"type":"Polygon","coordinates":[[[3726553.459499999,4856074.272600003],[3726140.7985000024,4857151.212199997],[3725199.6993000023,4856923.363100001],[3724311.0222999966,4857246.8889],[3723860.5965999993,4856697.095200001],[3723338.5321000004,4856778.0778],[3722700.535699998,4856577.357900005],[3721794.4972,4856506.1203999985],[3721142.449400001,4855901.696800002],[3720723.726300002,4856092.329699999],[3720424.4331000037,4855940.789400004],[3719947.610299998,4856425.2454],[3719715.5864999974,4855898.971399996],[3719955.487599997,4855587.407800004],[3719777.8127999976,4854568.3991],[3718927.1948000006,4854446.920799999],[3718513.7605000027,4854281.4706999995],[3718071.297700003,4854681.985700001],[3717948.1690000035,4855409.872700002],[3717525.235400002,4855449.564300003],[3717598.6577999988,4856038.619499996],[3716997.8134000045,4856442.505699999],[3716283.0080999993,4856749.790699999],[3715722.5718000038,4856282.957800001],[3715824.1908000074,4855706.022299999],[3716244.253499996,4855414.4082],[3715427.1643999927,4854844.125700004],[3715764.6946000042,4853999.826900003],[3715368.5962999975,4852527.5649999995],[3714711.3792999946,4852209.834099999],[3714374.3171999985,4852468.957499996],[3714296.3576999987,4852854.751299998],[3714569.123200003,4853788.558899999],[3713941.736000005,4853313.746599995],[3713361.3215999994,4853583.460999999],[3712382.8718,4853314.581599997],[3712220.9976999946,4852706.137300003],[3711929.344299999,4852281.134200003],[3711271.5984999947,4852264.845800005],[3710979.1344000036,4851871.043199997],[3711265.9903000025,4851291.958100002],[3711906.852199999,4850979.532000001],[3712148.9489000035,4849950.598299997],[3712413.340800006,4849302.170600002],[3711660.9298999985,4848848.910300003],[3710835.7703999993,4848614.980700001],[3710088.239600002,4847917.830000002],[3710242.7387000015,4847067.923500003],[3710087.4716000073,4846310.038299998],[3710130.947999998,4845887.3282999955],[3709911.3800999965,4845323.4986000005],[3710071.868699995,4845040.229199998],[3710179.3822000045,4843949.698700004],[3709268.5126999966,4843939.140800001],[3709091.0608000043,4843552.586899996],[3708332.1063999957,4843562.699799997],[3708148.0869,4843757.128000002],[3707250.771999998,4844153.908300005],[3706552.6342000035,4844045.0709000025],[3705789.964700001,4844114.606400004],[3703832.916500006,4844776.450399999],[3703526.2386000017,4844776.923099995],[3704133.986599993,4843368.931899998],[3704107.3464,4842898.021799997],[3705565.8176999954,4843059.564200001],[3706018.7026999947,4842662.128300001],[3705735.8277999964,4841909.493400004],[3705936.476800002,4841563.3144000005],[3706034.5781999934,4840926.817499997],[3705776.961099995,4840312.8954],[3705392.114800002,4840053.704399997],[3705426.4284000034,4838404.591800002],[3705570.340800006,4837888.510299999],[3705907.832199998,4837683.413699997],[3706098.995600003,4837287.454399997],[3706779.691299998,4837468.005399997],[3707919.429100004,4836999.5819],[3708068.9745000005,4836626.798699999],[3708445.861899998,4836396.390700001],[3708826.9187999945,4836673.3696],[3709851.020900008,4836344.873599997],[3710785.919200004,4836649.301000003],[3711442.4107,4836485.2295],[3712292.482900001,4837155.101799997],[3712644.0977999996,4837285.765999999],[3713148.9384999988,4838508.520299999],[3713431.376799998,4838373.042599995],[3713719.5275999974,4837675.5218],[3714484.224500004,4837643.191599997],[3716326.9203999983,4837013.9444999965],[3717163.761899998,4836870.001799999],[3717587.6296999985,4837211.337400003],[3717850.799300004,4836885.303300004],[3717892.1072999965,4836426.472000003],[3717055.741300001,4834543.5246],[3717934.598899995,4833961.588000001],[3718277.8719000034,4833885.496200002],[3718971.450000004,4834341.797499999],[3719482.044899998,4834454.126799999],[3719688.9777999953,4834759.978899998],[3720550.7057000026,4834769.796300004],[3720854.627899998,4834611.8839],[3721511.9542000005,4834689.8825],[3722355.3927000035,4835070.693599999],[3722637.9372999985,4835671.3282],[3723091.382299999,4835956.559399998],[3723782.933099997,4837238.298400003],[3723510.2005000003,4837189.208800003],[3722872.365699996,4837515.613799999],[3723372.7830000026,4838329.3696],[3723877.4680999927,4838556.100100003],[3724174.910300005,4838348.807299998],[3724430.4937999975,4838751.610099997],[3725142.1510999994,4839006.070000004],[3725708.1163000027,4839043.418700002],[3726073.8144000033,4838436.653099997],[3726515.289500002,4838339.969400003],[3726387.520999996,4837961.137],[3726609.2116,4837552.9421999995],[3727156.902900001,4837321.856700002],[3727496.6688,4836712.173000005],[3727871.246600001,4836544.100499995],[3728686.6397000044,4836425.848299996],[3729401.7903999966,4836025.439300001],[3729701.5217999974,4835650.804799998],[3729958.7594999936,4834200.310699999],[3730327.982799999,4834226.499699995],[3730638.0535999993,4833598.2929000035],[3730986.776900005,4833592.261899998],[3731291.601999997,4834325.9575000005],[3731381.8145999983,4834860.412100002],[3731684.397900003,4835031.532700002],[3732052.955600003,4836401.254099998],[3733220.7478,4836877.804800004],[3733745.3522,4836765.502000004],[3735001.744400004,4836967.429800003],[3735425.637699997,4836911.728099998],[3735636.058799998,4836619.644600004],[3736594.7352999984,4835918.415099999],[3736707.6243999936,4835282.548799995],[3736940.8549000034,4834810.843900003],[3737588.2997000013,4834454.848600002],[3737889.722900005,4834548.758299995],[3738721.088899996,4834071.961599996],[3739492.5569999972,4834436.212300001],[3740799.137200001,4833900.043200002],[3741361.8113,4833583.958599997],[3741662.1822000006,4832994.492199995],[3741932.891099997,4831975.1922999965],[3741411.701999997,4830539.240599999],[3741747.663699997,4830175.656600001],[3742295.3078000015,4829921.752499998],[3742317.815300001,4829139.005099999],[3742079.808899996,4827664.802799997],[3742519.9314000024,4827178.246599996],[3742782.2999999956,4826051.885599997],[3743183.319900001,4824840.893100001],[3743087.9455000013,4823735.763199997],[3742691.290500004,4823356.061000001],[3742841.089400002,4822535.513100002],[3743258.7302,4821611.673300005],[3744155.8175000027,4821303.167699996],[3744872.9617000027,4820571.158599999],[3745414.136799995,4820660.227499996],[3745785.653099995,4821541.0747],[3746351.1706,4822131.2481999975],[3746383.341300004,4822334.860000001],[3747080.9683,4822586.710099999],[3746988.9186000023,4822968.673900003],[3747398.6532999994,4823266.415300002],[3747926.2408000026,4823011.351600002],[3747738.258700001,4823795.248100004],[3746842.815700005,4824499.1282],[3746300.4908000007,4825440.607400001],[3746518.965800005,4826424.335600002],[3746743.4290999956,4826823.638800001],[3746774.992900001,4828015.329499999],[3746640.3830000022,4828307.2326],[3746835.026400002,4828835.346799996],[3746787.727799994,4829431.1226],[3746245.4347999976,4830086.241199998],[3746723.420900004,4830673.485199997],[3746694.2522,4831148.639600003],[3747105.7806999953,4832630.992099997],[3747045.2418000046,4833187.027199999],[3746674.7415999994,4834186.307600001],[3746722.5561000006,4835509.969300005],[3746480.6148000006,4835760.222399995],[3746366.3358999975,4836439.209199999],[3746663.980199999,4836923.592400003],[3746674.891900002,4837466.7275],[3746885.354399998,4837630.858500002],[3746901.836300002,4838157.053299997],[3746497.5741999955,4838746.9198],[3745488.8378000064,4839531.650299998],[3745438.0879999963,4839835.642999999],[3744386.153500002,4841294.889800005],[3743091.233999995,4842078.451099999],[3742872.5337999975,4842715.747400002],[3742222.8589999946,4842996.202200001],[3741461.9922000067,4843012.304300001],[3741027.1503000027,4843657.791799998],[3740480.0667999964,4844127.0375000015],[3739298.7674999973,4844543.275300002],[3738857.8325999975,4844319.255],[3738320.8756999937,4843616.219999999],[3737843.8307000063,4843438.019800003],[3737452.1554000005,4842882.796000002],[3736961.9213000033,4842985.4985],[3736087.6919000037,4842589.7077],[3735671.906499994,4842039.953899995],[3734953.6299000042,4842010.976000003],[3733768.2581999963,4841689.696999999],[3733261.802500005,4841384.8957],[3731850.499499997,4841325.819800002],[3730998.8105999976,4840984.399500003],[3730182.583300003,4841025.262299997],[3729781.5904,4841226.4255000055],[3729412.185500007,4840711.761899997],[3729130.322800005,4840746.043700001],[3728660.1609999985,4841573.762699998],[3728325.4383000005,4841704.695100002],[3727498.7409999953,4841696.237700002],[3727167.8102000016,4842418.0253],[3726671.415599998,4842372.7665],[3726189.4920999967,4842632.560500003],[3726171.0636999947,4843180.345400006],[3726655.9603000004,4843911.350499998],[3726636.091300002,4844253.293700002],[3725184.7393000014,4844615.0616],[3724912.527900003,4844915.395199999],[3725039.091300003,4845624.431499999],[3725461.5772000058,4846283.575999999],[3725335.7372999983,4846670.370000003],[3726215.1402999964,4847741.562799999],[3727355.9404999986,4848177.277200001],[3727929.885300004,4848073.854500003],[3728755.791299997,4847625.947400004],[3729547.608400005,4847549.994300002],[3729743.822799999,4848386.251400001],[3730247.479099999,4849017.405300001],[3730283.114100001,4850371.9679000005],[3729178.1473999987,4851379.390399997],[3728822.324600001,4851567.733499999],[3728868.4298000005,4853042.936800003],[3727937.993100002,4853537.704000002],[3727319.6569000026,4853398.524699999],[3726737.4321999988,4853557.568],[3726429.0206000013,4853926.572599996],[3726817.5278000035,4854915.587200001],[3727103.8681999934,4855337.398599999],[3726553.459499999,4856074.272600003]]]},"properties":{"District":"MANDI","STATE":"HIMACHAL PRADESH","TEHSIL":"BALI CHOWKI","Shape_Leng":208784.762799,"Shape_Area":536983555.596}},
{"type":"Feature","geometry":{"type":"Polygon","coordinates":[[[3730986.776900005,4833592.261899998],[3730638.0535999993,4833598.2929000035],[3730327.982799999,4834226.499699995],[3729958.7594999936,4834200.310699999],[3729701.5217999974,4835650.804799998],[3729401.7903999966,4836025.439300001],[3728686.6397000044,4836425.848299996],[3727871.246600001,4836544.100499995],[3727496.6688,4836712.173000005],[3727156.902900001,4837321.856700002],[3726609.2116,4837552.9421999995],[3726387.520999996,4837961.137],[3726515.289500002,4838339.969400003],[3726073.8144000033,4838436.653099997],[3725708.1163000027,4839043.418700002],[3725142.1510999994,4839006.070000004],[3724430.4937999975,4838751.610099997],[3724174.910300005,4838348.807299998],[3723877.4680999927,4838556.100100003],[3723372.7830000026,4838329.3696],[3722872.365699996,4837515.613799999],[3723510.2005000003,4837189.208800003],[3723782.933099997,4837238.298400003],[3723091.382299999,4835956.559399998],[3722637.9372999985,4835671.3282],[3722355.3927000035,4835070.693599999],[3721511.9542000005,4834689.8825],[3720854.627899998,4834611.8839],[3720550.7057000026,4834769.796300004],[3719688.9777999953,4834759.978899998],[3719482.044899998,4834454.126799999],[3718971.450000004,4834341.797499999],[3718277.8719000034,4833885.496200002],[3717896.222600003,4832066.250800002],[3718218.8134000003,4831437.903999997],[3718155.0411000038,4830952.8697],[3717754.974699997,4830080.162800001],[3718113.2563000023,4829501.546800001],[3718116.394900004,4829091.802899998],[3717579.9572999966,4828296.747300001],[3717529.9249999993,4827828.7732],[3717830.516,4827191.056300003],[3718329.519000005,4826693.589699997],[3718468.1087000007,4826162.244300004],[3718293.3807000034,4825786.016899999],[3718366.8326999964,4825271.841099996],[3718016.257099999,4824871.185900003],[3718351.6621999936,4824591.5748],[3718424.512599994,4823633.765099999],[3718814.1805000035,4823388.645000004],[3718978.2469999976,4822801.967099998],[3719270.7981000035,4822775.6633],[3718943.401100006,4821841.3022],[3718400.847900003,4821408.258099996],[3717947.006399994,4821301.238699997],[3716777.394500004,4821958.981400004],[3716472.197600002,4821897.367800005],[3715982.7735999944,4822272.575000003],[3715576.7933999994,4822172.294399995],[3715649.9421999943,4821718.677700005],[3715488.256300006,4821101.677900005],[3715595.3850999977,4820421.4613999985],[3715406.414799999,4820129.636099998],[3715800.2426000005,4819815.890399996],[3716078.0346,4819345.0397000015],[3716424.3678999976,4819290.326900002],[3716796.9889999963,4819526.621499997],[3717321.080099997,4819308.500599999],[3717360.461900006,4819047.969100002],[3718381.380400005,4818884.376499999],[3718939.0296000033,4818345.2456],[3719213.0259000016,4818350.036899995],[3719692.361100002,4818368.210499998],[3720385.9784999993,4818754.061000003],[3720897.9898000024,4818600.186800003],[3721654.3881,4818101.093400005],[3722007.0776999975,4817699.601400001],[3722518.2068000017,4817413.311900003],[3722856.394100005,4817456.8309],[3723919.7490000017,4816608.168199997],[3724526.7122000004,4816420.795800002],[3724795.7932999986,4816143.814700002],[3725251.718299999,4816097.4803],[3726135.711599994,4816299.723199999],[3727207.4749000026,4816262.424000002],[3727518.374200004,4815992.499499998],[3728052.5111000044,4815783.065800001],[3728805.7579000005,4815254.305200003],[3729072.919999998,4815309.9630999975],[3729626.8216999997,4815901.327800002],[3730175.5731000025,4816101.944699995],[3730281.7842999967,4816497.280999996],[3730677.1214,4816653.644200005],[3730978.0512000015,4817246.6482],[3731264.2286000024,4817500.370800001],[3731577.6271,4818372.244399996],[3730878.0983999968,4818947.438399998],[3730623.4082000037,4819593.0451],[3730678.4999999967,4820037.0691],[3730167.849600004,4821246.7214],[3730157.6509000007,4821668.425199997],[3729913.749699999,4822012.559200003],[3728741.661100003,4822649.768900001],[3728129.968799997,4823674.1401999965],[3727822.5592,4824654.380200002],[3727143.566900002,4825864.2734999955],[3727482.6717,4826425.947500005],[3727918.786600004,4826782.190000001],[3728210.5193000017,4826704.667699998],[3729608.803600002,4827145.5671999995],[3729621.6653000014,4827604.931399997],[3730084.750000002,4827787.411600003],[3730180.6615000037,4828059.454399998],[3730799.278800004,4828502.285800001],[3730435.417499993,4829112.282600001],[3730801.8318000007,4829423.524200002],[3731405.627899993,4829682.625500002],[3731630.5512000034,4830016.697000004],[3731262.8306999984,4830998.397800001],[3731299.4826000063,4831504.792300004],[3731051.881199998,4831724.874999996],[3731537.296899995,4832091.447000003],[3732309.3539000023,4832098.034600005],[3732406.116099996,4832431.427099998],[3731791.2816999992,4832877.183200005],[3731201.0445000045,4832354.0305],[3730937.4428999983,4832658.594000004],[3731158.3066999996,4833148.157800002],[3732001.234300001,4833136.394900005],[3731640.6038000016,4833897.3125],[3730986.776900005,4833592.261899998]]]},"properties":{"District":"MANDI","STATE":"HIMACHAL PRADESH","TEHSIL":"CHACHYOT","Shape_Leng":93196.5891255,"Shape_Area":236577902.291}},
{"type":"Feature","geometry":{"type":"Polygon","coordinates":[[[3701412.8901999965,4855589.868400003],[3700516.1423999937,4855651.681700002],[3699682.347400005,4856405.251400005],[3699245.4542,4856654.4749000035],[3699180.024899993,4857054.368900002],[3698727.501100008,4857100.440800003],[3698462.157499999,4856792.5889],[3698115.900700005,4855784.9212000035],[3697740.9772000015,4855610.550500002],[3697499.447299998,4856279.457300004],[3696372.279900003,4857164.829100002],[3695755.8369999984,4857947.478100006],[3695603.7375999982,4858561.5743],[3696327.7767000017,4859310.458700005],[3695870.5243000034,4859820.9947999995],[3695006.376299997,4859764.187199995],[3694291.7123999954,4860540.986600002],[3693871.498700005,4860571.488099996],[3693078.393500004,4861147.896],[3692779.902099994,4861533.830499997],[3692673.6828000033,4862023.225300001],[3692826.026399996,4862685.030699999],[3692367.122699995,4862880.694100002],[3691739.015299997,4862340.631299999],[3691030.1333000017,4862727.568400003],[3690916.856500002,4861611.517599998],[3690237.6110000014,4861043.100199999],[3690300.5863000043,4860303.789599996],[3690157.8456999995,4860010.852299996],[3690619.7794999965,4859631.462800002],[3690791.141800006,4858633.586399997],[3691526.094800004,4858627.038900002],[3691682.4368999964,4858300.522999994],[3691604.3981999974,4857735.019600002],[3691129.6865,4857500.401200004],[3691092.2911999943,4856833.364499999],[3691607.951899998,4856248.144000005],[3690671.973899995,4855067.874899995],[3689899.8377000056,4854913.818100002],[3689524.0983000025,4855352.673100002],[3689631.7634999966,4855927.7941],[3689317.391900004,4856403.776200004],[3688648.4402,4856795.134600001],[3688907.1886000056,4857508.5333],[3688960.1285000006,4858116.400599998],[3688258.8195999986,4858116.005300001],[3688124.9446,4855989.684399997],[3687353.3470000057,4855997.754999997],[3687438.2986999946,4855245.4211000055],[3687817.702699993,4854603.825500003],[3686376.565899996,4854552.760799998],[3686876.3568,4854040.307800002],[3687453.6131000007,4853904.5732],[3687689.7141999984,4853360.470900004],[3686618.1937000006,4853105.037399998],[3685358.4424000033,4853163.974299999],[3684876.413599996,4853402.878400005],[3683557.855499997,4853697.105800003],[3683233.0420999993,4853842.024300002],[3683481.8511999976,4853050.362800002],[3683366.3227999993,4852534.5021],[3683798.3195999996,4852059.905500002],[3683809.8472999968,4851159.658300004],[3684355.4886000026,4850392.595400006],[3684486.5160000063,4849350.356800001],[3684349.2255000025,4848823.872600004],[3684958.8725999985,4847959.7405],[3685827.049999997,4847525.652499996],[3686265.594099995,4847528.060300002],[3686978.206299994,4847166.456999997],[3687412.2172000064,4847131.215900002],[3687925.4721000018,4846804.888699997],[3688130.9033999927,4846288.558400003],[3687799.4624999994,4845364.8653],[3688292.6177000003,4845223.343299998],[3688741.5886999983,4845487.678399995],[3689540.3466999945,4845355.210499998],[3690306.7480999986,4845530.3192000035],[3690356.944899995,4845823.9103000015],[3691143.7315999996,4846352.446799999],[3691835.576699998,4846341.259799996],[3692131.4900999963,4846809.576999998],[3692852.383000005,4847005.190000004],[3693213.3050999995,4848176.2594],[3693146.6699000024,4848570.360899997],[3693396.331699998,4849336.202599999],[3694264.2071999945,4849582.438300001],[3694503.444100004,4849181.4223000035],[3694935.221400002,4849215.077500001],[3695743.5052000014,4849018.7754],[3696405.8445000015,4847832.314399995],[3696803.105999998,4847375.680900001],[3697386.522699994,4846945.1795999985],[3697766.2924000015,4847261.9510999955],[3698361.193300001,4847301.368499998],[3698878.625399999,4847140.995599998],[3699416.498600003,4847393.026499999],[3699729.7603999972,4847355.5469],[3699826.8639,4846807.322700003],[3700300.4065999985,4846590.135699999],[3701308.7292000027,4846673.800199999],[3701671.114100001,4846449.843200002],[3702114.257799996,4845649.603100002],[3701927.6177000073,4845266.668000003],[3702249.0116000073,4844893.3057],[3702758.0052999966,4844677.6466999985],[3703526.2386000017,4844776.923099995],[3703281.4266000027,4845280.163600005],[3702861.3899000008,4845570.415700002],[3702743.255300002,4846080.598099998],[3703051.912799999,4846616.3099],[3703002.246200003,4847276.194700002],[3702717.552099999,4848357.079799997],[3702095.312200005,4849115.073100005],[3702078.494499995,4849564.382900003],[3701534.1676999964,4851446.860299997],[3701686.9412999935,4852100.545699997],[3701776.8061000016,4853319.896400003],[3701638.266400001,4853773.281100001],[3701895.951199998,4854684.708900005],[3701412.8901999965,4855589.868400003]]]},"properties":{"District":"MANDI","STATE":"HIMACHAL PRADESH","TEHSIL":"DHARAMPUR","Shape_Leng":99073.8427644,"Shape_Area":179387662.716}},
{"type":"Feature","geometry":{"type":"Polygon","coordinates":[[[3698745.823000001,4882707.835900005],[3698458.8161000004,4883035.216899997],[3698068.128899996,4882602.4531],[3697467.2925999984,4882318.722500002],[3696911.434299998,4881314.315299999],[3695771.181000001,4880361.680500001],[3695570.4677000004,4879926.987200001],[3695063.762299996,4879641.296400003],[3694641.756199997,4878924.891300002],[3694232.0416999944,4878706.040600006],[3693793.7396000056,4879234.706800001],[3693189.3939000033,4879160.038200002],[3692245.257299996,4879708.576299995],[3691832.213799999,4879783.488300003],[3691700.5644999975,4880363.754000002],[3691771.277400001,4880981.458399998],[3691300.3125000014,4880890.640600003],[3691010.2414000044,4881283.984499997],[3690091.0539000034,4881508.509399995],[3688959.3819999974,4880965.168300003],[3688936.9196000053,4880283.062199996],[3688212.6124999966,4880108.273200005],[3688224.8116000015,4879858.871199999],[3689676.481299995,4878795.246500004],[3690441.7562000044,4878171.718300004],[3691141.8111999994,4877844.733000002],[3691519.9129,4877326.2672],[3691575.8113999953,4876699.561600004],[3692114.8725999994,4875606.229699997],[3692926.0663,4874525.607400003],[3692911.1947999983,4874094.543499997],[3693615.0106000006,4874024.991400002],[3693798.681599995,4873830.0185999945],[3694575.3939000024,4872451.983700002],[3694654.8020000006,4871576.244899998],[3694964.862999998,4871005.748700001],[3695615.577900004,4870742.154200003],[3695839.9376000036,4870123.418399997],[3696301.6998000033,4869585.932100004],[3696729.1133999955,4869444.819500002],[3696915.6230000015,4868840.753600004],[3696927.7387999943,4867518.331600001],[3696655.1953000007,4867175.8791],[3696904.7849999955,4866390.781500002],[3697378.147100004,4865770.384100005],[3696349.1658999966,4865198.082300002],[3695540.2694000048,4865374.826699996],[3694743.699400003,4864475.320700003],[3694103.303199999,4864300.451099996],[3693487.835400003,4863655.6473],[3692814.8193000024,4863602.248999998],[3692317.653099995,4863146.126600001],[3692367.122699995,4862880.694100002],[3692826.026399996,4862685.030699999],[3692673.6828000033,4862023.225300001],[3692779.902099994,4861533.830499997],[3693078.393500004,4861147.896],[3693871.498700005,4860571.488099996],[3694291.7123999954,4860540.986600002],[3695006.376299997,4859764.187199995],[3695870.5243000034,4859820.9947999995],[3696327.7767000017,4859310.458700005],[3695603.7375999982,4858561.5743],[3695755.8369999984,4857947.478100006],[3696372.279900003,4857164.829100002],[3697499.447299998,4856279.457300004],[3697740.9772000015,4855610.550500002],[3698115.900700005,4855784.9212000035],[3698462.157499999,4856792.5889],[3698727.501100008,4857100.440800003],[3699180.024899993,4857054.368900002],[3699245.4542,4856654.4749000035],[3699682.347400005,4856405.251400005],[3700516.1423999937,4855651.681700002],[3701412.8901999965,4855589.868400003],[3702467.071099994,4856000.988499995],[3703447.4801999973,4856080.466],[3703923.8650999987,4856252.166],[3704003.187399994,4856776.760499995],[3704884.4633999984,4856165.682100002],[3705283.8402,4856195.9081],[3704859.1252999995,4856892.4793000035],[3704824.036999997,4857391.2633],[3704602.226000003,4857720.687100004],[3704755.5590000045,4858232.8612],[3704687.3311,4859063.578899996],[3704817.5147000058,4859864.396299999],[3705277.529299997,4859914.154600002],[3705277.960400002,4860312.218900002],[3705615.7638999997,4860460.099000003],[3705878.6385999992,4861094.7634],[3706232.281700004,4861171.503600006],[3706410.0150000043,4861689.137699999],[3705877.0596999964,4861538.428099998],[3705583.418200002,4861843.651900001],[3705517.258799999,4862253.525600004],[3704951.484800007,4862686.271600003],[3704444.4109999966,4862825.144399997],[3703945.5178000024,4863213.399400003],[3704237.5722000035,4863776.203699995],[3704239.5117999995,4864477.070500003],[3704969.692,4864733.829899998],[3705208.9473000034,4865705.287799997],[3705198.868600006,4866168.982200004],[3704937.6973000034,4866418.585400004],[3704547.2573999986,4867517.1765],[3705408.382500001,4868142.2530000005],[3705656.9694000017,4868200.0490999995],[3706563.3851000015,4867455.5392],[3706425.8366,4868215.096700003],[3706712.879600007,4868348.217],[3706848.0924000037,4868843.550599998],[3707186.2922999994,4868961.338899996],[3707133.1663999967,4869588.2535],[3707281.7000000067,4869964.519500002],[3706734.9750000015,4869964.621399997],[3706570.7040999965,4870160.223499998],[3706771.0297000012,4871350.513899997],[3707367.1148999967,4871224.080800001],[3706803.7650999995,4872790.006799996],[3706592.5741999955,4873156.970799999],[3704946.296200001,4875304.355399998],[3704871.9886000017,4876106.792299997],[3704644.7876999974,4876467.666299999],[3703464.0497999983,4877321.537800002],[3703303.8298000023,4877736.4921],[3703319.1724999994,4878493.0088],[3702795.6505000023,4879323.228100002],[3702066.9649000037,4879604.953000002],[3701851.584400001,4880035.927499995],[3700890.8378000036,4880639.006100001],[3700537.3747000005,4880672.637500002],[3699626.018599998,4881293.976199998],[3699645.6106999926,4881925.141599998],[3699402.1397,4882245.755399997],[3698912.015600002,4882378.3282],[3698745.823000001,4882707.835900005]]]},"properties":{"District":"MANDI","STATE":"HIMACHAL PRADESH","TEHSIL":"JOGINDAR NAGAR","Shape_Leng":106934.715901,"Shape_Area":271474895.543}},
{"type":"Feature","geometry":{"type":"Polygon","coordinates":[[[3749289.322599997,4814410.267900005],[3748523.904200002,4814017.0266999975],[3748049.4405000024,4814169.899300005],[3747557.581299995,4814134.975],[3747175.8187000025,4813342.5836],[3746380.323999997,4812653.078400003],[3746091.489899997,4812678.517000006],[3745661.6077999966,4812325.631000001],[3744709.8106999975,4812258.623499999],[3743342.1754999966,4812444.336899996],[3743082.3216000013,4812322.431200001],[3742322.3875999963,4812349.134699999],[3742305.1240999987,4813074.377700005],[3741631.608900004,4813308.682199998],[3741481.738600005,4813580.524600001],[3740825.2282000026,4814026.473799996],[3740227.9976999993,4813569.337400002],[3739059.3474999983,4814140.763999995],[3739040.911,4813042.157399997],[3738661.191900002,4813248.608199997],[3738017.144199998,4813315.859400004],[3737370.8836999973,4813716.810500002],[3736677.801200001,4813145.389799997],[3736847.382299996,4812367.516799999],[3736455.693599995,4811906.379999997],[3735792.005600001,4812101.995599996],[3734866.3346000025,4812088.026199998],[3734320.564800001,4811662.142900003],[3734077.3866000064,4811836.787800003],[3734219.879500003,4812842.565499999],[3733978.0816999967,4813251.947500005],[3734092.293300002,4815039.516899999],[3733769.5393999955,4815565.857900001],[3733461.134999999,4817609.5114],[3732333.1485000052,4817949.924600005],[3731577.6271,4818372.244399996],[3731264.2286000024,4817500.370800001],[3730978.0512000015,4817246.6482],[3730677.1214,4816653.644200005],[3730281.7842999967,4816497.280999996],[3730175.5731000025,4816101.944699995],[3729626.8216999997,4815901.327800002],[3729072.919999998,4815309.9630999975],[3728805.7579000005,4815254.305200003],[3728052.5111000044,4815783.065800001],[3727518.374200004,4815992.499499998],[3727260.630599998,4815927.096200004],[3726735.255099998,4815247.8681],[3727008.5274,4814150.054200005],[3726916.8297000015,4813460.2222000025],[3727412.3379,4812496.8452],[3727202.351000001,4812088.448300002],[3726327.8921,4810898.3653],[3725786.900899999,4810732.478600002],[3725651.3257000027,4810363.734599996],[3726323.3931,4809681.522399998],[3726681.700900006,4809487.847500004],[3726638.1339000007,4808869.3034999985],[3727688.3730999944,4808320.506599997],[3727219.1930999947,4807730.7608],[3727459.6974000074,4807182.077100005],[3727574.060999995,4806257.229000001],[3727080.547499999,4805658.527599998],[3726467.134499994,4805545.337499997],[3726130.8741000006,4804876.485400001],[3726456.0737000005,4804553.392199999],[3725906.336000004,4804245.406599996],[3724714.3374999994,4803855.383199997],[3724317.9334999956,4803984.903600004],[3723762.170900003,4803630.7261000015],[3722708.0121000023,4803889.826499998],[3722233.811500002,4803252.7332999995],[3722613.809799999,4803024.666399997],[3722242.273900002,4802686.7808],[3722302.2928000055,4801727.807799998],[3722183.7981000026,4801337.806099996],[3722545.9772000005,4799783.110400001],[3722436.758900003,4798985.397300002],[3722263.5846999995,4798587.624599997],[3723278.3861000007,4798086.861500002],[3723305.4981999965,4797749.022100003],[3723947.8955999957,4797302.155499999],[3723847.125900002,4796810.8044000035],[3724101.8708999944,4796137.909200005],[3723602.9725999986,4796286.9871000005],[3723229.9734999966,4795952.283599999],[3723573.130200001,4795022.703100003],[3723885.3079999974,4794538.947500005],[3723348.2503000004,4793840.450900002],[3723819.621800002,4793677.838200003],[3724489.648,4793636.275499998],[3724797.2078000056,4792739.266300002],[3725508.602600005,4792207.348999998],[3727444.1888999976,4791703.007999998],[3728770.3089999994,4791068.3478],[3729036.8544000033,4790728.499500001],[3730275.9864000026,4790472.3851000015],[3730724.2655,4790616.887500002],[3732238.759499995,4790626.202299999],[3733381.5609999937,4790913.951499997],[3734659.8061999995,4791930.426699999],[3735216.2343000043,4792899.264200002],[3735461.7307000044,4793009.149099994],[3735831.7986000013,4791794.346400002],[3736266.2306000018,4791665.624299996],[3736656.4157,4791822.5013999995],[3737651.576299999,4792803.4152000025],[3738249.4048999967,4793717.942099996],[3738745.9495000043,4793724.940400003],[3739382.944799993,4793551.8868999975],[3740251.454099999,4793017.819499996],[3740445.7969999965,4792607.832799999],[3740767.5587999984,4792644.404500001],[3741137.890400001,4793405.399400001],[3741875.3692999994,4793986.082600005],[3742597.2470000004,4794349.543699996],[3742862.7211000007,4794869.327599997],[3743269.145000002,4794869.356299997],[3743443.594799999,4794322.170599999],[3744119.0796999983,4793897.044499998],[3744701.876699997,4794389.107100001],[3746096.657499998,4794210.101700004],[3746432.8970999997,4794441.6077000005],[3746347.499,4795132.574399997],[3746603.7013000017,4795536.284400002],[3746999.7941999994,4795681.506200001],[3747587.7585000005,4796008.952999998],[3747737.7719000014,4796693.918499999],[3747946.634700003,4796906.399999995],[3748812.852600001,4796948.707800005],[3749094.0464999974,4797301.990199998],[3749408.873000007,4798488.7002],[3749380.455799998,4799400.628800003],[3749637.109699998,4799874.132299997],[3749712.412100006,4800398.116899998],[3750178.3170999996,4800672.697999999],[3750009.907999999,4801424.555399997],[3750148.9306,4801810.1784999985],[3750722.9971000007,4802212.4404],[3751336.396899999,4803570.210900003],[3752814.9724000013,4804275.4321],[3753408.027399999,4803977.058100002],[3753800.8923000004,4804255.6021],[3753972.004400002,4804524.410600003],[3753998.766400001,4805154.846500005],[3754417.6331999986,4805938.342000002],[3754190.592900003,4806473.997900004],[3754289.9955,4807123.624699999],[3754046.4215999986,4807302.029200003],[3754083.3941,4807743.991600004],[3753724.113099996,4807911.9684999995],[3753630.716099996,4809140.164400004],[3754150.672799998,4809975.901500006],[3753551.6786999987,4810332.856499998],[3753361.028300003,4810703.550700004],[3752836.0556,4810895.918000002],[3752428.584100005,4811416.046700003],[3751293.205600002,4812639.973999996],[3750978.4635000047,4812763.109599996],[3750606.9454999985,4813271.253700004],[3750523.0553999953,4813688.314699999],[3749723.8953000014,4814017.8728],[3749289.322599997,4814410.267900005]]]},"properties":{"District":"MANDI","STATE":"HIMACHAL PRADESH","TEHSIL":"KARSOG","Shape_Leng":132181.265752,"Shape_Area":563269326.619}},
{"type":"Feature","geometry":{"type":"Polygon","coordinates":[[[3705283.8402,4856195.9081],[3704884.4633999984,4856165.682100002],[3704003.187399994,4856776.760499995],[3703923.8650999987,4856252.166],[3703447.4801999973,4856080.466],[3702467.071099994,4856000.988499995],[3701412.8901999965,4855589.868400003],[3701895.951199998,4854684.708900005],[3701638.266400001,4853773.281100001],[3701776.8061000016,4853319.896400003],[3701686.9412999935,4852100.545699997],[3701534.1676999964,4851446.860299997],[3702078.494499995,4849564.382900003],[3702095.312200005,4849115.073100005],[3702717.552099999,4848357.079799997],[3703002.246200003,4847276.194700002],[3703051.912799999,4846616.3099],[3702743.255300002,4846080.598099998],[3702861.3899000008,4845570.415700002],[3703281.4266000027,4845280.163600005],[3703526.2386000017,4844776.923099995],[3703832.916500006,4844776.450399999],[3705789.964700001,4844114.606400004],[3706552.6342000035,4844045.0709000025],[3707250.771999998,4844153.908300005],[3708148.0869,4843757.128000002],[3708332.1063999957,4843562.699799997],[3709091.0608000043,4843552.586899996],[3709268.5126999966,4843939.140800001],[3710179.3822000045,4843949.698700004],[3710071.868699995,4845040.229199998],[3709911.3800999965,4845323.4986000005],[3710130.947999998,4845887.3282999955],[3710087.4716000073,4846310.038299998],[3710242.7387000015,4847067.923500003],[3710088.239600002,4847917.830000002],[3710835.7703999993,4848614.980700001],[3711660.9298999985,4848848.910300003],[3712413.340800006,4849302.170600002],[3712148.9489000035,4849950.598299997],[3711906.852199999,4850979.532000001],[3711265.9903000025,4851291.958100002],[3710979.1344000036,4851871.043199997],[3710558.0609999946,4851973.985500004],[3709869.654000001,4851723.6854000045],[3709496.371500003,4851980.058999997],[3709114.5911999987,4852937.5788999945],[3708608.277600002,4853247.743399998],[3708255.934500001,4853276.9548999965],[3707828.0220000027,4853690.909899998],[3707106.0491999993,4854858.072900003],[3707097.7601000033,4855146.375499998],[3706746.5584999956,4855654.2613],[3705877.7733000014,4856410.671099998],[3705283.8402,4856195.9081]]]},"properties":{"District":"MANDI","STATE":"HIMACHAL PRADESH","TEHSIL":"KOTLI","Shape_Leng":43592.5270251,"Shape_Area":91162223.5845}},
{"type":"Feature","geometry":{"type":"Polygon","coordinates":[[[3692367.122699995,4862880.694100002],[3692317.653099995,4863146.126600001],[3692814.8193000024,4863602.248999998],[3693487.835400003,4863655.6473],[3694103.303199999,4864300.451099996],[3694743.699400003,4864475.320700003],[3695540.2694000048,4865374.826699996],[3696349.1658999966,4865198.082300002],[3697378.147100004,4865770.384100005],[3696904.7849999955,4866390.781500002],[3696655.1953000007,4867175.8791],[3696927.7387999943,4867518.331600001],[3696915.6230000015,4868840.753600004],[3696729.1133999955,4869444.819500002],[3696301.6998000033,4869585.932100004],[3695839.9376000036,4870123.418399997],[3695615.577900004,4870742.154200003],[3694964.862999998,4871005.748700001],[3694654.8020000006,4871576.244899998],[3694575.3939000024,4872451.983700002],[3693798.681599995,4873830.0185999945],[3693615.0106000006,4874024.991400002],[3692911.1947999983,4874094.543499997],[3692926.0663,4874525.607400003],[3692114.8725999994,4875606.229699997],[3691575.8113999953,4876699.561600004],[3691519.9129,4877326.2672],[3691141.8111999994,4877844.733000002],[3690441.7562000044,4878171.718300004],[3689676.481299995,4878795.246500004],[3688224.8116000015,4879858.871199999],[3687588.7631999985,4878989.305],[3687733.7533000032,4878621.781200001],[3687833.6213999963,4877721.742099998],[3687786.6169,4877151.224999998],[3688477.3470000047,4875434.618100001],[3688807.001599998,4875154.4658],[3689279.8033999987,4874424.607600002],[3689711.9838000005,4873527.209600002],[3690035.1437000027,4872364.905400002],[3689757.4798999997,4872179.207099998],[3689748.8270999985,4871303.818900003],[3690011.5775000006,4870717.012600005],[3690090.1357999947,4869988.415700001],[3689974.303400005,4869582.752700005],[3690528.4269999973,4869150.386900001],[3690659.856099997,4868536.6009],[3690476.523500003,4868243.268700005],[3689973.9985000007,4868104.099299999],[3689603.6221000073,4867169.402000001],[3689525.0489,4866408.955400005],[3689142.6533999946,4865802.831200001],[3688552.709299996,4865579.881900004],[3688654.7670999994,4865219.197500002],[3689157.849399998,4864571.070000001],[3688643.2247999962,4864563.351599996],[3688770.6334000025,4863777.904099998],[3688623.611200002,4863539.312499998],[3689179.1242000004,4862889.624599999],[3689589.1478999993,4862940.093800003],[3691030.1333000017,4862727.568400003],[3691739.015299997,4862340.631299999],[3692367.122699995,4862880.694100002]]]},"properties":{"District":"MANDI","STATE":"HIMACHAL PRADESH","TEHSIL":"LAD BHAROL","Shape_Leng":51376.754498,"Shape_Area":83008759.2762}},
{"type":"Feature","geometry":{"type":"Polygon","coordinates":[[[3727518.374200004,4815992.499499998],[3727207.4749000026,4816262.424000002],[3726135.711599994,4816299.723199999],[3725251.718299999,4816097.4803],[3724795.7932999986,4816143.814700002],[3724526.7122000004,4816420.795800002],[3723919.7490000017,4816608.168199997],[3722856.394100005,4817456.8309],[3722518.2068000017,4817413.311900003],[3722007.0776999975,4817699.601400001],[3721654.3881,4818101.093400005],[3720897.9898000024,4818600.186800003],[3720385.9784999993,4818754.061000003],[3719692.361100002,4818368.210499998],[3719213.0259000016,4818350.036899995],[3718904.8316000057,4817704.334200002],[3719216.176600001,4817237.1623],[3718574.240099999,4816605.937699998],[3718104.728299994,4815845.300199997],[3717280.966799993,4816132.535499998],[3716698.8692000024,4815757.795899995],[3716064.0907000033,4815179.2848000005],[3715540.1399999987,4814952.1095],[3715004.0147999953,4814489.138300004],[3714125.2118000034,4814732.0717],[3713552.0383000034,4814484.949499998],[3713985.198099997,4813996.600800004],[3713718.3702000007,4813540.091499996],[3713361.8848,4813802.664299995],[3712794.0031999983,4813724.883600002],[3712441.2154999953,4813267.184200005],[3712668.3416000027,4812710.591300002],[3712530.0383999995,4812250.970099997],[3711996.541699998,4812084.331800002],[3711627.7107999977,4811766.549600001],[3710765.5205000006,4811748.087799998],[3710711.571099996,4812045.776899999],[3709721.7634999994,4812752.035599996],[3708515.6986000007,4812690.1625],[3708113.703900002,4812260.4910999965],[3708418.947800005,4811564.107000001],[3708806.102900001,4811368.580800004],[3709157.753899997,4810938.1850999985],[3709113.404599998,4810551.888099999],[3709863.4971000035,4809410.4395],[3711357.5254999977,4808688.667100005],[3711549.9480999983,4808997.741600004],[3711979.3976000007,4808462.7051],[3711629.848200001,4807311.182899997],[3710943.8278000024,4806897.106899999],[3710838.0590000004,4806434.513300006],[3710292.350599993,4805708.394000005],[3710556.258800001,4805508.9904],[3711461.1334000016,4804429.0977],[3711691.754400001,4804040.473200004],[3712125.507500003,4803740.5189999975],[3712460.528599996,4803191.442899996],[3712484.4972999957,4802759.238800003],[3712252.503200003,4802102.023600001],[3712805.038300003,4802111.081699997],[3713350.7015000004,4801609.475299999],[3714396.499499996,4801095.2771000005],[3714667.4809999964,4800769.593300004],[3714733.3391999984,4800052.196499999],[3717210.497100001,4798535.904300003],[3717847.871100002,4798049.627799995],[3718542.0754000004,4797353.4891000055],[3719576.3024000013,4796605.088700001],[3719803.6821999974,4795907.541500002],[3720468.1148000006,4795341.808599998],[3720867.6396000003,4795141.191500001],[3722119.0796000026,4794751.0339],[3722689.644800004,4794728.441900003],[3723348.2503000004,4793840.450900002],[3723885.3079999974,4794538.947500005],[3723573.130200001,4795022.703100003],[3723229.9734999966,4795952.283599999],[3723602.9725999986,4796286.9871000005],[3724101.8708999944,4796137.909200005],[3723847.125900002,4796810.8044000035],[3723947.8955999957,4797302.155499999],[3723305.4981999965,4797749.022100003],[3723278.3861000007,4798086.861500002],[3722263.5846999995,4798587.624599997],[3722436.758900003,4798985.397300002],[3722545.9772000005,4799783.110400001],[3722183.7981000026,4801337.806099996],[3722302.2928000055,4801727.807799998],[3722242.273900002,4802686.7808],[3722613.809799999,4803024.666399997],[3722233.811500002,4803252.7332999995],[3722708.0121000023,4803889.826499998],[3723762.170900003,4803630.7261000015],[3724317.9334999956,4803984.903600004],[3724714.3374999994,4803855.383199997],[3725906.336000004,4804245.406599996],[3726456.0737000005,4804553.392199999],[3726130.8741000006,4804876.485400001],[3726467.134499994,4805545.337499997],[3727080.547499999,4805658.527599998],[3727574.060999995,4806257.229000001],[3727459.6974000074,4807182.077100005],[3727219.1930999947,4807730.7608],[3727688.3730999944,4808320.506599997],[3726638.1339000007,4808869.3034999985],[3726681.700900006,4809487.847500004],[3726323.3931,4809681.522399998],[3725651.3257000027,4810363.734599996],[3725786.900899999,4810732.478600002],[3726327.8921,4810898.3653],[3727202.351000001,4812088.448300002],[3727412.3379,4812496.8452],[3726916.8297000015,4813460.2222000025],[3727008.5274,4814150.054200005],[3726735.255099998,4815247.8681],[3727260.630599998,4815927.096200004],[3727518.374200004,4815992.499499998]]]},"properties":{"District":"MANDI","STATE":"HIMACHAL PRADESH","TEHSIL":"NIHRI","Shape_Leng":96058.7477532,"Shape_Area":256533922.52}},
{"type":"Feature","geometry":{"type":"Polygon","coordinates":[[[3713394.5601999946,4882121.875900004],[3712097.7819000045,4881822.810300004],[3711630.7377000027,4881826.732000001],[3710971.842799995,4882081.886299999],[3710702.1496000015,4881883.985299999],[3709958.6731999936,4881957.1285999995],[3709402.6174000017,4881709.778099999],[3708105.1151999994,4881537.460799998],[3707606.759999995,4881300.760100003],[3707111.8940000003,4880828.697599998],[3706818.351800006,4881003.280099996],[3706069.5952999988,4881013.562599998],[3705432.4982000017,4880584.5908],[3704693.0093000038,4879902.157200005],[3704110.885400001,4880299.2326],[3703689.3331000013,4880747.927899998],[3703049.007700001,4880850.000999998],[3702208.3730999934,4881748.8018],[3701017.4156999993,4882739.634699997],[3700935.2477999968,4883549.7914],[3700618.354000007,4883319.121199999],[3699521.4951000023,4883575.8068999965],[3699098.2701999964,4883234.3953],[3698745.823000001,4882707.835900005],[3698912.015600002,4882378.3282],[3699402.1397,4882245.755399997],[3699645.6106999926,4881925.141599998],[3699626.018599998,4881293.976199998],[3700537.3747000005,4880672.637500002],[3700890.8378000036,4880639.006100001],[3701851.584400001,4880035.927499995],[3702066.9649000037,4879604.953000002],[3702795.6505000023,4879323.228100002],[3703319.1724999994,4878493.0088],[3703303.8298000023,4877736.4921],[3703464.0497999983,4877321.537800002],[3704644.7876999974,4876467.666299999],[3704871.9886000017,4876106.792299997],[3704946.296200001,4875304.355399998],[3706592.5741999955,4873156.970799999],[3706803.7650999995,4872790.006799996],[3707367.1148999967,4871224.080800001],[3706771.0297000012,4871350.513899997],[3706570.7040999965,4870160.223499998],[3706734.9750000015,4869964.621399997],[3707281.7000000067,4869964.519500002],[3707133.1663999967,4869588.2535],[3707186.2922999994,4868961.338899996],[3706848.0924000037,4868843.550599998],[3706712.879600007,4868348.217],[3706425.8366,4868215.096700003],[3706563.3851000015,4867455.5392],[3705656.9694000017,4868200.0490999995],[3705408.382500001,4868142.2530000005],[3704547.2573999986,4867517.1765],[3704937.6973000034,4866418.585400004],[3705198.868600006,4866168.982200004],[3705208.9473000034,4865705.287799997],[3704969.692,4864733.829899998],[3704239.5117999995,4864477.070500003],[3704237.5722000035,4863776.203699995],[3703945.5178000024,4863213.399400003],[3704444.4109999966,4862825.144399997],[3704951.484800007,4862686.271600003],[3705517.258799999,4862253.525600004],[3705583.418200002,4861843.651900001],[3705877.0596999964,4861538.428099998],[3706410.0150000043,4861689.137699999],[3706232.281700004,4861171.503600006],[3705878.6385999992,4861094.7634],[3705615.7638999997,4860460.099000003],[3705277.960400002,4860312.218900002],[3705277.529299997,4859914.154600002],[3704817.5147000058,4859864.396299999],[3704687.3311,4859063.578899996],[3704755.5590000045,4858232.8612],[3704602.226000003,4857720.687100004],[3704824.036999997,4857391.2633],[3704859.1252999995,4856892.4793000035],[3705283.8402,4856195.9081],[3705877.7733000014,4856410.671099998],[3706746.5584999956,4855654.2613],[3707097.7601000033,4855146.375499998],[3707106.0491999993,4854858.072900003],[3707828.0220000027,4853690.909899998],[3708255.934500001,4853276.9548999965],[3708608.277600002,4853247.743399998],[3709114.5911999987,4852937.5788999945],[3709496.371500003,4851980.058999997],[3709869.654000001,4851723.6854000045],[3710558.0609999946,4851973.985500004],[3710979.1344000036,4851871.043199997],[3711271.5984999947,4852264.845800005],[3711929.344299999,4852281.134200003],[3712220.9976999946,4852706.137300003],[3712382.8718,4853314.581599997],[3713361.3215999994,4853583.460999999],[3713941.736000005,4853313.746599995],[3714569.123200003,4853788.558899999],[3714296.3576999987,4852854.751299998],[3714374.3171999985,4852468.957499996],[3714711.3792999946,4852209.834099999],[3715368.5962999975,4852527.5649999995],[3715764.6946000042,4853999.826900003],[3715427.1643999927,4854844.125700004],[3716244.253499996,4855414.4082],[3715824.1908000074,4855706.022299999],[3715722.5718000038,4856282.957800001],[3716283.0080999993,4856749.790699999],[3716997.8134000045,4856442.505699999],[3717598.6577999988,4856038.619499996],[3717525.235400002,4855449.564300003],[3717948.1690000035,4855409.872700002],[3718071.297700003,4854681.985700001],[3718513.7605000027,4854281.4706999995],[3718927.1948000006,4854446.920799999],[3719777.8127999976,4854568.3991],[3719955.487599997,4855587.407800004],[3719715.5864999974,4855898.971399996],[3719947.610299998,4856425.2454],[3720424.4331000037,4855940.789400004],[3720723.726300002,4856092.329699999],[3721142.449400001,4855901.696800002],[3721794.4972,4856506.1203999985],[3722700.535699998,4856577.357900005],[3723338.5321000004,4856778.0778],[3723860.5965999993,4856697.095200001],[3724311.0222999966,4857246.8889],[3724072.4839999937,4858430.330499999],[3724566.6806999967,4859103.984900005],[3724468.681400004,4859614.0697],[3723700.827200003,4860495.9804],[3723425.647299999,4861288.138399998],[3722574.221799997,4861922.7968999995],[3722215.3979000025,4862711.416100003],[3721787.709599999,4863464.673299998],[3721411.229099993,4864338.2525],[3721389.8811999997,4865077.9991999995],[3721118.7535000015,4866526.763199998],[3720736.9021999966,4867196.990599997],[3720124.2388000004,4867842.428399999],[3719633.4745000033,4867888.0504],[3719071.493699996,4869240.574400002],[3719185.946099998,4869614.997499998],[3718852.596100001,4870537.224800003],[3718360.647699995,4870981.414099995],[3717969.0015000077,4871946.210200002],[3717675.2652999945,4872223.2315000035],[3717227.5752999997,4872282.436],[3716853.9664999996,4873159.5572999995],[3717008.2000000007,4873821.922800001],[3716828.5714000002,4874785.092200002],[3717243.3162999973,4875190.334600003],[3717248.990799998,4876482.445599999],[3716873.6888999986,4876955.011099998],[3716600.7926999973,4877874.940599997],[3715893.093300001,4877963.9833999965],[3715091.9976999983,4878470.3605999965],[3714549.805600006,4879273.879600001],[3714039.0926999934,4879787.465700003],[3713688.279899999,4879922.1981],[3713542.420999998,4880637.095199997],[3713708.5840999973,4881138.838900004],[3713394.5601999946,4882121.875900004]]]},"properties":{"District":"MANDI","STATE":"HIMACHAL PRADESH","TEHSIL":"PADHAR","Shape_Leng":127773.309389,"Shape_Area":403779981.299}},
{"type":"Feature","geometry":{"type":"Polygon","coordinates":[[[3691030.1333000017,4862727.568400003],[3689589.1478999993,4862940.093800003],[3689179.1242000004,4862889.624599999],[3688623.611200002,4863539.312499998],[3688363.837100003,4862995.558300002],[3688457.8769999975,4862705.455399998],[3689048.0903000045,4862106.068200003],[3688793.696299996,4861582.5341],[3688081.7203999963,4861751.188100003],[3687390.434199998,4861722.350200005],[3686713.3571000043,4861445.650000002],[3685913.5714000007,4861919.087100004],[3685189.4910999984,4862055.761200003],[3684570.2237000028,4860708.3630000055],[3684468.3798999987,4859341.084000003],[3684260.1767000053,4859173.342699999],[3684031.241800001,4858500.788199995],[3684029.0627999976,4857352.437600003],[3684263.879100004,4856550.184900002],[3683939.618000004,4855534.325800005],[3683554.4375000005,4854912.299200002],[3683580.0288000023,4854298.008599997],[3683233.0420999993,4853842.024300002],[3683557.855499997,4853697.105800003],[3684876.413599996,4853402.878400005],[3685358.4424000033,4853163.974299999],[3686618.1937000006,4853105.037399998],[3687689.7141999984,4853360.470900004],[3687453.6131000007,4853904.5732],[3686876.3568,4854040.307800002],[3686376.565899996,4854552.760799998],[3687817.702699993,4854603.825500003],[3687438.2986999946,4855245.4211000055],[3687353.3470000057,4855997.754999997],[3688124.9446,4855989.684399997],[3688258.8195999986,4858116.005300001],[3688960.1285000006,4858116.400599998],[3688907.1886000056,4857508.5333],[3688648.4402,4856795.134600001],[3689317.391900004,4856403.776200004],[3689631.7634999966,4855927.7941],[3689524.0983000025,4855352.673100002],[3689899.8377000056,4854913.818100002],[3690671.973899995,4855067.874899995],[3691607.951899998,4856248.144000005],[3691092.2911999943,4856833.364499999],[3691129.6865,4857500.401200004],[3691604.3981999974,4857735.019600002],[3691682.4368999964,4858300.522999994],[3691526.094800004,4858627.038900002],[3690791.141800006,4858633.586399997],[3690619.7794999965,4859631.462800002],[3690157.8456999995,4860010.852299996],[3690300.5863000043,4860303.789599996],[3690237.6110000014,4861043.100199999],[3690916.856500002,4861611.517599998],[3691030.1333000017,4862727.568400003]]]},"properties":{"District":"MANDI","STATE":"HIMACHAL PRADESH","TEHSIL":"SANDHOL","Shape_Leng":52190.6938867,"Shape_Area":50151879.8523}},
{"type":"Feature","geometry":{"type":"Polygon","coordinates":[[[3703526.2386000017,4844776.923099995],[3702758.0052999966,4844677.6466999985],[3702249.0116000073,4844893.3057],[3701927.6177000073,4845266.668000003],[3702114.257799996,4845649.603100002],[3701671.114100001,4846449.843200002],[3701308.7292000027,4846673.800199999],[3700300.4065999985,4846590.135699999],[3699826.8639,4846807.322700003],[3699729.7603999972,4847355.5469],[3699416.498600003,4847393.026499999],[3698878.625399999,4847140.995599998],[3698361.193300001,4847301.368499998],[3697766.2924000015,4847261.9510999955],[3697386.522699994,4846945.1795999985],[3696803.105999998,4847375.680900001],[3696405.8445000015,4847832.314399995],[3695743.5052000014,4849018.7754],[3694935.221400002,4849215.077500001],[3694503.444100004,4849181.4223000035],[3694264.2071999945,4849582.438300001],[3693396.331699998,4849336.202599999],[3693146.6699000024,4848570.360899997],[3693213.3050999995,4848176.2594],[3692852.383000005,4847005.190000004],[3692131.4900999963,4846809.576999998],[3691835.576699998,4846341.259799996],[3691143.7315999996,4846352.446799999],[3690356.944899995,4845823.9103000015],[3690306.7480999986,4845530.3192000035],[3689540.3466999945,4845355.210499998],[3688741.5886999983,4845487.678399995],[3688292.6177000003,4845223.343299998],[3687799.4624999994,4845364.8653],[3687742.762599999,4845185.8803999955],[3688208.7053000038,4844258.425500004],[3688484.8444000054,4844271.669199999],[3689271.2064999975,4843511.0766],[3689096.2990999958,4842793.923999997],[3689528.603599999,4842656.940700002],[3689472.265900002,4842028.778400002],[3689186.552800002,4841462.314700002],[3689561.627499995,4841109.281399999],[3689706.798600008,4840614.7927],[3690105.375400004,4840048.8388],[3690454.4592999998,4840108.4564000005],[3691185.0239999965,4839880.585900006],[3691557.6416999996,4839566.168799996],[3692448.8519,4839247.108100001],[3692643.954300003,4838918.455499999],[3692696.7593000047,4838148.861300001],[3692484.0398999937,4837842.014500003],[3692227.1746999994,4836860.031700001],[3691808.9193999995,4836020.085400002],[3691636.4448000006,4835200.252300004],[3691722.0660000034,4833666.737100001],[3691870.615600002,4833479.836700004],[3692208.724399996,4832173.2673],[3692998.6081999955,4832906.734600005],[3693674.0110000027,4832823.412500005],[3694132.933700004,4833080.652999999],[3694906.5133000053,4833079.975699997],[3695214.3435999984,4833346.988300002],[3696362.4152999995,4833412.155300003],[3696545.474799996,4833774.572599996],[3697058.5040000034,4834105.2034],[3697503.7167999963,4834133.169100005],[3697750.133899999,4833652.939899998],[3698248.229800001,4833597.098499997],[3699304.611000005,4833234.395400001],[3700078.6522999974,4834649.130399996],[3700377.0683000046,4835574.180199997],[3701206.4349000016,4836248.5866],[3701650.0007000007,4837299.885299997],[3702289.7955,4838052.025500004],[3702220.3547000005,4838628.400299996],[3702817.5633999966,4839048.526699999],[3703188.5924000023,4839947.049000002],[3702785.3494000025,4840507.5353000015],[3702694.051299993,4841306.416999999],[3703282.434399996,4841527.058499999],[3703693.3385000024,4842348.725],[3704107.3464,4842898.021799997],[3704133.986599993,4843368.931899998],[3703526.2386000017,4844776.923099995]]]},"properties":{"District":"MANDI","STATE":"HIMACHAL PRADESH","TEHSIL":"SARKAGHAT","Shape_Leng":63811.1149858,"Shape_Area":163069333.256}},
{"type":"Feature","geometry":{"type":"Polygon","coordinates":[[[3715649.9421999943,4821718.677700005],[3714220.931400003,4821551.362499999],[3713561.5947000002,4821954.287799997],[3713309.616200001,4822416.807400003],[3712959.015100003,4822266.751400003],[3712367.663099993,4822459.257299999],[3712272.537600004,4822993.433400001],[3712503.5338000003,4823369.986100002],[3712539.6419,4823929.805499999],[3712137.8694,4824380.514499998],[3711569.730200002,4825373.926399997],[3711583.6679999987,4825904.790299997],[3711313.0277999993,4826247.817300003],[3711280.258599999,4826755.765899999],[3711853.750600003,4827280.098000002],[3711766.5529000033,4827858.062300002],[3711251.808099999,4828452.119100004],[3711201.9164000032,4829671.000599995],[3711501.2927,4830266.184300002],[3710066.4808000065,4830340.492700003],[3708475.8599999985,4830228.952499997],[3708434.5473999986,4829729.152499998],[3708012.1697999975,4828887.5217],[3707725.3752000076,4828805.7611],[3707083.8620000035,4828969.2863000035],[3706682.973699999,4828806.836000003],[3706244.6737,4828130.0102],[3705338.259499993,4827432.314600002],[3705287.6778,4826757.681800002],[3705094.0705000022,4826475.898599998],[3705274.9756999947,4825574.904599997],[3704561.9820000026,4824705.838499999],[3704068.9186000023,4824670.367900002],[3704093.746600002,4823897.074299999],[3703638.372900001,4822942.504100002],[3703256.635200003,4821748.404300002],[3702594.9214999955,4821758.984000003],[3702583.4366000015,4821425.953000005],[3701762.979500006,4820953.226799996],[3700965.577799996,4821197.800099995],[3700866.578000004,4820823.741300002],[3699612.687000001,4820553.236200001],[3698916.299900003,4820689.396400005],[3698394.9082999956,4820924.102799998],[3697948.5902000004,4820771.464400001],[3698137.525500002,4820523.345499997],[3698176.9202000014,4819489.163399998],[3697576.4520000024,4818548.578800002],[3697846.3805000074,4818349.368099999],[3698503.4768999983,4818412.690400001],[3698764.2217999976,4817664.860200001],[3698933.287999999,4816252.689800005],[3699391.0035000043,4815749.828500003],[3699358.589900003,4815440.171999999],[3698786.6884999983,4814973.871599996],[3698911.161799996,4814286.657900001],[3699460.034900003,4814151.355999999],[3699132.752299998,4813610.410900002],[3699462.6388,4813022.749500001],[3699295.4384999983,4812658.044599997],[3699347.2018999946,4812038.324800001],[3700007.465599996,4812290.953499999],[3700573.5206999974,4812037.968999997],[3700965.1937000006,4811634.527600002],[3701893.3077999996,4812084.149799995],[3702397.4755999986,4812081.368399998],[3703191.2446999988,4811404.617699999],[3704068.9994999995,4810855.069400005],[3705063.2174000014,4810817.547099998],[3706238.800399995,4811069.983799999],[3706814.415900004,4809711.641100002],[3706834.2913000006,4808696.824899999],[3706594.667099997,4807730.541699998],[3706131.5193999987,4807546.7080999985],[3705422.1084000063,4807923.235400001],[3705362.587199997,4807530.883399997],[3705008.7470000032,4807229.5190999955],[3705920.9376000045,4806365.988399997],[3706168.432999998,4805435.018000001],[3705754.805399998,4804773.121599996],[3706044.9011999946,4804192.115500003],[3706602.7491999976,4804462.463900003],[3707168.436300004,4805094.397800001],[3708006.7644000025,4805170.185799997],[3708322.7385999993,4805591.278599999],[3708802.812100004,4805327.954599996],[3709591.7496999996,4805429.972899998],[3710292.350599993,4805708.394000005],[3710838.0590000004,4806434.513300006],[3710943.8278000024,4806897.106899999],[3711629.848200001,4807311.182899997],[3711979.3976000007,4808462.7051],[3711549.9480999983,4808997.741600004],[3711357.5254999977,4808688.667100005],[3709863.4971000035,4809410.4395],[3709113.404599998,4810551.888099999],[3709157.753899997,4810938.1850999985],[3708806.102900001,4811368.580800004],[3708418.947800005,4811564.107000001],[3708113.703900002,4812260.4910999965],[3708515.6986000007,4812690.1625],[3709721.7634999994,4812752.035599996],[3710711.571099996,4812045.776899999],[3710765.5205000006,4811748.087799998],[3711627.7107999977,4811766.549600001],[3711996.541699998,4812084.331800002],[3712530.0383999995,4812250.970099997],[3712668.3416000027,4812710.591300002],[3712441.2154999953,4813267.184200005],[3712794.0031999983,4813724.883600002],[3713361.8848,4813802.664299995],[3713718.3702000007,4813540.091499996],[3713985.198099997,4813996.600800004],[3713552.0383000034,4814484.949499998],[3714125.2118000034,4814732.0717],[3715004.0147999953,4814489.138300004],[3715540.1399999987,4814952.1095],[3716064.0907000033,4815179.2848000005],[3716698.8692000024,4815757.795899995],[3717280.966799993,4816132.535499998],[3718104.728299994,4815845.300199997],[3718574.240099999,4816605.937699998],[3719216.176600001,4817237.1623],[3718904.8316000057,4817704.334200002],[3719213.0259000016,4818350.036899995],[3718939.0296000033,4818345.2456],[3718381.380400005,4818884.376499999],[3717360.461900006,4819047.969100002],[3717321.080099997,4819308.500599999],[3716796.9889999963,4819526.621499997],[3716424.3678999976,4819290.326900002],[3716078.0346,4819345.0397000015],[3715800.2426000005,4819815.890399996],[3715406.414799999,4820129.636099998],[3715595.3850999977,4820421.4613999985],[3715488.256300006,4821101.677900005],[3715649.9421999943,4821718.677700005]]]},"properties":{"District":"MANDI","STATE":"HIMACHAL PRADESH","TEHSIL":"SUNDAR NAGAR","Shape_Leng":109258.039605,"Shape_Area":250848848.377}},
{"type":"Feature","geometry":{"type":"Polygon","coordinates":[[[3747926.2408000026,4823011.351600002],[3747398.6532999994,4823266.415300002],[3746988.9186000023,4822968.673900003],[3747080.9683,4822586.710099999],[3746383.341300004,4822334.860000001],[3746351.1706,4822131.2481999975],[3745785.653099995,4821541.0747],[3745414.136799995,4820660.227499996],[3744872.9617000027,4820571.158599999],[3744155.8175000027,4821303.167699996],[3743258.7302,4821611.673300005],[3742841.089400002,4822535.513100002],[3742691.290500004,4823356.061000001],[3743087.9455000013,4823735.763199997],[3743183.319900001,4824840.893100001],[3742782.2999999956,4826051.885599997],[3742519.9314000024,4827178.246599996],[3742079.808899996,4827664.802799997],[3742317.815300001,4829139.005099999],[3742295.3078000015,4829921.752499998],[3741747.663699997,4830175.656600001],[3741411.701999997,4830539.240599999],[3741932.891099997,4831975.1922999965],[3741662.1822000006,4832994.492199995],[3741361.8113,4833583.958599997],[3740799.137200001,4833900.043200002],[3739492.5569999972,4834436.212300001],[3738721.088899996,4834071.961599996],[3737889.722900005,4834548.758299995],[3737588.2997000013,4834454.848600002],[3736940.8549000034,4834810.843900003],[3736707.6243999936,4835282.548799995],[3736594.7352999984,4835918.415099999],[3735636.058799998,4836619.644600004],[3735425.637699997,4836911.728099998],[3735001.744400004,4836967.429800003],[3733745.3522,4836765.502000004],[3733220.7478,4836877.804800004],[3732052.955600003,4836401.254099998],[3731684.397900003,4835031.532700002],[3731381.8145999983,4834860.412100002],[3731291.601999997,4834325.9575000005],[3730986.776900005,4833592.261899998],[3731640.6038000016,4833897.3125],[3732001.234300001,4833136.394900005],[3731158.3066999996,4833148.157800002],[3730937.4428999983,4832658.594000004],[3731201.0445000045,4832354.0305],[3731791.2816999992,4832877.183200005],[3732406.116099996,4832431.427099998],[3732309.3539000023,4832098.034600005],[3731537.296899995,4832091.447000003],[3731051.881199998,4831724.874999996],[3731299.4826000063,4831504.792300004],[3731262.8306999984,4830998.397800001],[3731630.5512000034,4830016.697000004],[3731405.627899993,4829682.625500002],[3730801.8318000007,4829423.524200002],[3730435.417499993,4829112.282600001],[3730799.278800004,4828502.285800001],[3730180.6615000037,4828059.454399998],[3730084.750000002,4827787.411600003],[3729621.6653000014,4827604.931399997],[3729608.803600002,4827145.5671999995],[3728210.5193000017,4826704.667699998],[3727918.786600004,4826782.190000001],[3727482.6717,4826425.947500005],[3727143.566900002,4825864.2734999955],[3727822.5592,4824654.380200002],[3728129.968799997,4823674.1401999965],[3728741.661100003,4822649.768900001],[3729913.749699999,4822012.559200003],[3730157.6509000007,4821668.425199997],[3730167.849600004,4821246.7214],[3730678.4999999967,4820037.0691],[3730623.4082000037,4819593.0451],[3730878.0983999968,4818947.438399998],[3731577.6271,4818372.244399996],[3732333.1485000052,4817949.924600005],[3733461.134999999,4817609.5114],[3733769.5393999955,4815565.857900001],[3734092.293300002,4815039.516899999],[3733978.0816999967,4813251.947500005],[3734219.879500003,4812842.565499999],[3734077.3866000064,4811836.787800003],[3734320.564800001,4811662.142900003],[3734866.3346000025,4812088.026199998],[3735792.005600001,4812101.995599996],[3736455.693599995,4811906.379999997],[3736847.382299996,4812367.516799999],[3736677.801200001,4813145.389799997],[3737370.8836999973,4813716.810500002],[3738017.144199998,4813315.859400004],[3738661.191900002,4813248.608199997],[3739040.911,4813042.157399997],[3739059.3474999983,4814140.763999995],[3740227.9976999993,4813569.337400002],[3740825.2282000026,4814026.473799996],[3741481.738600005,4813580.524600001],[3741631.608900004,4813308.682199998],[3742305.1240999987,4813074.377700005],[3742322.3875999963,4812349.134699999],[3743082.3216000013,4812322.431200001],[3743342.1754999966,4812444.336899996],[3744709.8106999975,4812258.623499999],[3745661.6077999966,4812325.631000001],[3746091.489899997,4812678.517000006],[3746380.323999997,4812653.078400003],[3747175.8187000025,4813342.5836],[3747557.581299995,4814134.975],[3748049.4405000024,4814169.899300005],[3748523.904200002,4814017.0266999975],[3749289.322599997,4814410.267900005],[3748955.4862000016,4814858.007199995],[3748924.327599999,4815224.733099997],[3748557.6047000014,4816125.968799999],[3748471.318600001,4816840.245600002],[3748274.7735000025,4817113.492800004],[3748404.210199995,4818391.040500004],[3748036.486399997,4818980.079599997],[3747872.4203000036,4820192.809000002],[3747659.0577,4820568.488700001],[3747768.4898000006,4820934.151300002],[3747604.8203000017,4821568.977699997],[3747669.193300003,4822316.064700004],[3747927.8958,4823006.2432999965],[3747926.2408000026,4823011.351600002]]]},"properties":{"District":"MANDI","STATE":"HIMACHAL PRADESH","TEHSIL":"THUNAG","Shape_Leng":103584.856507,"Shape_Area":307461923.098}},
{"type":"Feature","geometry":{"type":"Polygon","coordinates":[[[3775578.4033999993,4772628.457],[3774715.834500001,4772357.257099999],[3773909.237400002,4772465.320799999],[3773395.833300005,4772689.344599998],[3772707.5962999966,4772456.204600001],[3771492.333700006,4772191.875900001],[3770359.1150999945,4772677.833900005],[3769474.807200003,4772803.378000002],[3768202.722000001,4771786.592500003],[3767577.7535000024,4770932.2664],[3767981.7634999985,4769748.594099997],[3767354.5260999994,4769211.601000002],[3767101.8423999986,4768783.858100004],[3767134.5902000014,4767970.2402],[3767282.1006999947,4767693.686999997],[3767065.026100003,4766890.110300002],[3767068.694899996,4766412.195800002],[3766181.6142000062,4765743.652399998],[3765953.5985000026,4764580.632199996],[3765246.902800005,4764865.177000005],[3764330.515899998,4765431.0852],[3763611.9115999984,4766180.854600003],[3762800.355600001,4766640.161500001],[3762004.700000006,4767260.189800002],[3761500.0235000066,4766652.725599999],[3761553.052899999,4766348.152700002],[3761201.3579999995,4765819.829000002],[3761079.5225000037,4764426.626200001],[3760674.938000003,4764230.545800004],[3760477.7649999997,4763828.7524000015],[3761334.8294999935,4762704.929299999],[3761616.9095000057,4761900.700800002],[3760896.691800001,4761664.201000003],[3760119.547600004,4762603.912100002],[3759808.8233999973,4762161.169000002],[3759306.918500002,4762099.160100006],[3758560.810299999,4761674.458099997],[3758713.359700002,4760954.1601],[3758478.925599996,4760227.946099998],[3758793.1423000055,4759372.570099996],[3758648.3406999996,4758647.3246],[3757536.5583999953,4757764.804600002],[3756371.675200003,4757032.191399995],[3756636.646300003,4756592.0665],[3756496.5091000004,4756079.200299999],[3756644.5139000006,4755852.329999996],[3757077.4020999973,4754046.491299998],[3757560.1454999996,4753648.015799998],[3757891.456499998,4753014.288900003],[3758084.2850999944,4752083.779700002],[3757748.2197000007,4751295.383299995],[3757800.2744999956,4750994.343],[3758475.454300003,4750628.724599995],[3759258.3189000012,4749692.7111],[3760171.9782999954,4750077.914100002],[3760455.5904000057,4749858.241099998],[3761658.351800003,4749853.797299998],[3762092.5804000003,4750360.231099997],[3763554.057100001,4750712.4733000025],[3764934.961900007,4750334.299200003],[3765574.014100002,4750365.8729000045],[3766110.2356000026,4750158.484100001],[3767085.307599998,4750149.9582],[3767518.3241999964,4750753.319100002],[3767966.2396000065,4751775.958599998],[3768308.0090000033,4752271.022500002],[3769542.1239000005,4753390.8001999995],[3769795.5695999977,4753204.143799998],[3770529.782600003,4753071.009900002],[3770952.1719999947,4752646.159600004],[3771739.1094999965,4752510.886299999],[3772443.4732000018,4752266.943300001],[3772969.832800003,4752769.7345],[3773006.632000001,4753315.000700003],[3772710.7673000013,4754004.733600002],[3772882.899499999,4754525.726399996],[3772900.845299999,4755221.911499999],[3772634.8422000017,4756144.566700001],[3772746.571299998,4757169.775300003],[3773811.696899999,4757380.846099997],[3773724.3335999995,4756538.470299998],[3773965.528700004,4756323.378899999],[3774355.856699999,4756655.93],[3774458.5393999955,4757422.8024999965],[3776087.8567000064,4757710.4466],[3775440.842900003,4758555.649300006],[3775220.2945000003,4759087.073800003],[3775256.0345000015,4759450.141300004],[3774464.6947999997,4760666.028000003],[3774742.3084999966,4761079.663900003],[3774769.8370999997,4761713.9684],[3774650.0983999954,4762649.614100004],[3775524.9300000025,4763817.442399999],[3776153.6436,4764484.840599999],[3776297.840600002,4765633.967800003],[3776724.3466999987,4766188.573699998],[3776680.220999998,4766811.447999999],[3776925.3653999986,4767171.686900003],[3777015.6824999955,4767961.146000005],[3777427.5102000046,4768303.0666000005],[3777648.127400006,4768837.197800001],[3778103.4999999986,4768779.784399997],[3778811.582000006,4768989.165099997],[3779205.1415999974,4768755.255500001],[3779487.9719000002,4768930.004800003],[3779911.169599999,4769565.649700001],[3779561.902099993,4769917.589200003],[3778918.5869000005,4770207.844000003],[3778743.8891999987,4771467.986400001],[3778497.5079000033,4771784.870000005],[3777150.0565000023,4772125.5874999985],[3776528.122100001,4772467.232400002],[3775578.4033999993,4772628.457]]]},"properties":{"District":"SHIMLA","STATE":"HIMACHAL PRADESH","TEHSIL":"CHAUPAL","Shape_Leng":98249.8836627,"Shape_Area":301485874.957}},
{"type":"Feature","geometry":{"type":"Polygon","coordinates":[[[3821486.872899999,4809646.1706000045],[3820725.1858,4809583.952599998],[3820158.2114000036,4809936.0271999985],[3819455.123400003,4809398.634499999],[3818963.3791,4809415.606100002],[3818290.0513999974,4809007.5643],[3817123.432099998,4809521.532500002],[3816855.9492000015,4809420.472500001],[3815966.3382999944,4808604.017400002],[3815171.5805999967,4808352.577700003],[3814427.1616000026,4807651.903400003],[3813821.575700004,4807558.234399997],[3813312.1517999973,4807791.6679],[3812487.6839,4807686.2695],[3811787.7685,4808023.044799997],[3811462.9451000034,4807922.304699998],[3810959.4108999996,4808069.037899999],[3809701.438000001,4807719.488400005],[3808709.1998000024,4807971.023599999],[3808354.0674000033,4808289.848000001],[3808176.413899999,4807774.703899998],[3807524.546499994,4807263.1511999965],[3807000.5979999998,4806082.501899999],[3805493.1932,4805785.603599997],[3804475.4120999994,4805210.301300002],[3802028.278199999,4804844.045299999],[3801768.926,4804920.7469],[3800846.867100001,4804718.9879],[3800359.2229999937,4804889.960799998],[3799876.608400003,4804785.861499997],[3798889.2771999966,4804154.348600001],[3798541.8741999995,4804187.0698000025],[3797561.793899998,4803826.3696],[3797452.5399999977,4802903.171399999],[3796881.0710999975,4801663.761700004],[3795540.467700001,4801363.732500005],[3794790.0990000004,4800794.979899997],[3794385.3056000015,4800912.052099999],[3793589.6774000023,4800590.0814],[3792693.298600002,4800488.953499995],[3792146.3626000006,4800142.482000003],[3791096.573200004,4800231.245900001],[3790775.069500002,4799989.3748],[3790298.485000002,4799951.305900003],[3788980.8636000026,4800221.182300005],[3788439.5777000003,4799947.711700003],[3788123.6396000013,4798278.696999997],[3787864.7563999956,4798049.725699997],[3787961.245600002,4797487.810099997],[3788183.1355999988,4796809.333299998],[3788715.2981999964,4796033.314199996],[3789057.2009999943,4795913.282000003],[3789247.120600002,4795242.965399995],[3789646.0524000004,4794632.158300001],[3789595.340400003,4794142.863899998],[3790259.3557999996,4793816.738899995],[3790744.528499998,4793281.102299999],[3790860.4468000014,4792424.634300006],[3791248.9196000043,4792158.1904000025],[3791115.7770999996,4791718.756800002],[3791234.7550000018,4790650.166100003],[3792194.9021999985,4790174.899099996],[3793007.2266000006,4789073.1863],[3794326.367700002,4788775.559400003],[3795303.742899996,4787479.744300002],[3794682.5874999957,4787578.007300001],[3794470.126299996,4787842.400600001],[3793636.308900003,4788002.374500002],[3792808.569899999,4787455.281799998],[3792969.3703999976,4787136.7182],[3792562.0429,4786034.779299999],[3792435.7478000033,4784704.987199996],[3792151.6625000015,4783846.440099996],[3792357.2723000003,4783173.943199998],[3792126.8976000017,4782350.776399996],[3792458.940399995,4782279.924699999],[3793482.898199995,4781619.395399999],[3793872.8001000024,4781117.189100005],[3794792.9892000025,4781280.497999997],[3796033.859500002,4780942.171099999],[3796920.7876999965,4780948.038500001],[3797485.9317000024,4780545.092799995],[3797825.924799999,4780605.992499999],[3798213.8905999996,4781184.276899998],[3798829.207500004,4781588.798199996],[3799214.5326000024,4782094.482099997],[3799632.4371999996,4782296.9227],[3800272.2530999975,4782282.210600004],[3800711.4561000047,4781906.335700002],[3801193.097499998,4780926.475099998],[3801785.782300007,4780733.411400003],[3802021.2107,4780471.633400005],[3802846.4018000006,4780846.600599999],[3803594.307599999,4780818.961800002],[3804126.6565999957,4780437.266199999],[3804435.0525999973,4780428.165100003],[3805475.593099994,4780920.312200002],[3806183.480899995,4781588.8815],[3806968.0282000015,4781582.758099997],[3807175.796500002,4782088.921399999],[3807681.8871000065,4782626.099299999],[3808541.6591999987,4782804.1005000025],[3808692.3749,4783318.034699997],[3809311.0515000047,4783670.455999999],[3809388.342699993,4783933.5983000025],[3810481.896399998,4785064.875500001],[3810818.2638000045,4786478.197600002],[3811339.9231999945,4787886.259099999],[3812348.5442999955,4788484.181599997],[3812418.5063000023,4788920.045699996],[3812958.334500002,4789958.454000004],[3813550.2106999974,4790216.0746],[3814055.8866000036,4790657.116800003],[3814756.6537000025,4790855.326599998],[3815131.7097000023,4791651.892700001],[3816088.638999996,4791766.991099995],[3816442.0844999985,4792504.7469999995],[3817131.4175999947,4794771.705899999],[3817201.0700999987,4795297.600700003],[3816806.0471999994,4795553.544299999],[3816842.6296999934,4796335.831399998],[3817310.786099999,4797028.926599998],[3818128.425400001,4797610.519499999],[3818587.802899999,4798623.727500001],[3819038.3686000006,4799112.560599998],[3819488.0130999964,4799266.1806999985],[3820071.679899998,4799694.032900004],[3820664.434500005,4799455.6491],[3821499.7136999955,4799921.090999996],[3821370.244800004,4800661.848099999],[3821680.058699999,4801030.360500004],[3822368.7453000005,4801085.3790000025],[3822920.6419999935,4801653.392599998],[3823514.047700002,4801799.1521999985],[3824094.7649999983,4802309.1154],[3824728.0309000025,4802382.7141999975],[3825164.5266000004,4802857.507300004],[3825702.8813999994,4802848.7754999995],[3826021.1854000054,4803134.486900002],[3826891.196400002,4804123.6932999985],[3826995.558700001,4804563.786799997],[3827352.7732,4804988.529699999],[3827072.433500002,4805787.828399998],[3826171.146499998,4806367.406000001],[3825809.012000004,4806048.584399996],[3825395.7285000035,4806140.416500002],[3825037.1274999985,4806873.334400002],[3824212.8009999963,4807278.480399996],[3823896.380699996,4808102.399199996],[3823222.4147999994,4808298.772900002],[3822941.0629999987,4808533.376199998],[3822299.766999994,4808521.257899998],[3821871.903699998,4808730.120900003],[3821486.872899999,4809646.1706000045]]]},"properties":{"District":"SHIMLA","STATE":"HIMACHAL PRADESH","TEHSIL":"CHIRGAON","Shape_Leng":127653.524402,"Shape_Area":631168281.701}},
{"type":"Feature","geometry":{"type":"Polygon","coordinates":[[[3841026.0483999997,4794435.751600003],[3839670.9187999945,4795100.160599999],[3839183.0254000016,4795624.956999996],[3839743.8136000023,4796642.874600003],[3839699.3061000006,4797533.8531],[3840126.1615000013,4797973.076199999],[3839558.086800002,4798350.5216000015],[3839159.2151000006,4799001.289199999],[3838720.921099999,4799139.801700001],[3838112.935399999,4798984.701999998],[3836966.6149999993,4799086.6663000025],[3836686.1532000047,4799312.369200001],[3836045.937400002,4799340.461600002],[3835673.794699999,4799641.025400003],[3834886.0208000047,4800909.679400002],[3834170.1943999967,4800982.562500004],[3834182.973600003,4800667.299499998],[3833797.8582999986,4800026.754600003],[3833308.303799999,4799985.9656],[3832994.309500002,4799590.942899996],[3832457.7935999995,4799217.021000002],[3831757.6465999987,4799095.181999999],[3831387.5546,4799587.497800004],[3830319.635299999,4799701.7919000015],[3829929.182599996,4800107.567099998],[3829633.8198999995,4800122.9577],[3829008.7059000023,4800748.375399999],[3828453.310299999,4800537.525300001],[3827926.8576000007,4801342.074299998],[3827455.2342000017,4801599.938099998],[3827097.760200003,4801351.7568000015],[3826812.409199995,4801917.232900002],[3826309.3963999953,4802543.230499998],[3826021.1854000054,4803134.486900002],[3825702.8813999994,4802848.7754999995],[3825164.5266000004,4802857.507300004],[3824728.0309000025,4802382.7141999975],[3824094.7649999983,4802309.1154],[3823514.047700002,4801799.1521999985],[3822920.6419999935,4801653.392599998],[3822368.7453000005,4801085.3790000025],[3821680.058699999,4801030.360500004],[3821370.244800004,4800661.848099999],[3821499.7136999955,4799921.090999996],[3820664.434500005,4799455.6491],[3820071.679899998,4799694.032900004],[3819488.0130999964,4799266.1806999985],[3819038.3686000006,4799112.560599998],[3818587.802899999,4798623.727500001],[3818128.425400001,4797610.519499999],[3817310.786099999,4797028.926599998],[3816842.6296999934,4796335.831399998],[3816806.0471999994,4795553.544299999],[3817201.0700999987,4795297.600700003],[3817131.4175999947,4794771.705899999],[3816442.0844999985,4792504.7469999995],[3816088.638999996,4791766.991099995],[3815131.7097000023,4791651.892700001],[3814756.6537000025,4790855.326599998],[3814055.8866000036,4790657.116800003],[3813550.2106999974,4790216.0746],[3812958.334500002,4789958.454000004],[3812418.5063000023,4788920.045699996],[3812348.5442999955,4788484.181599997],[3811339.9231999945,4787886.259099999],[3810818.2638000045,4786478.197600002],[3810481.896399998,4785064.875500001],[3809388.342699993,4783933.5983000025],[3809311.0515000047,4783670.455999999],[3808692.3749,4783318.034699997],[3808541.6591999987,4782804.1005000025],[3809027.9831,4782084.122],[3809753.882700002,4781582.9088],[3810092.3061000016,4781060.643300004],[3810683.203500002,4781391.315100002],[3811617.0257999934,4781586.703999998],[3812351.1131000016,4781451.9749000035],[3812895.1765000024,4781111.557300005],[3813466.617599998,4780420.8989],[3814381.9864000045,4780343.9809000045],[3814435.979200001,4781091.512100003],[3814282.1960999947,4781603.103999998],[3814631.105999996,4782284.508999999],[3815423.9223000063,4782735.3226999985],[3815582.8329000054,4783345.046800002],[3816392.0570999985,4783485.816200001],[3817792.440100002,4784263.944499999],[3818393.5282000033,4784201.761000003],[3819844.4311000057,4784244.074100002],[3820622.563100007,4783915.891099999],[3821338.0831000004,4784019.956400002],[3822378.763800007,4785009.675900001],[3822687.9446000014,4785117.629000004],[3823278.6710999957,4785637.533900002],[3823713.9420999996,4785675.532300002],[3824175.124599999,4786497.708999996],[3825468.847000003,4786704.112999999],[3825577.6657999963,4787027.111200001],[3826094.9835999957,4787555.652699997],[3826535.4366000015,4787664.468899997],[3826728.0288999965,4788343.283600001],[3827464.707300004,4788268.145100003],[3827936.2512999987,4788460.733600002],[3828567.566399996,4788338.095600001],[3829254.1549000004,4788483.1837],[3829736.0609000036,4788225.819599999],[3830282.737799999,4787439.911999997],[3830976.235000002,4787488.273100004],[3831884.7777999984,4787860.4958],[3831883.0519999973,4788319.948400002],[3832364.098299999,4789178.397700004],[3832913.3691000002,4789311.395299997],[3833976.499999999,4789038.4838],[3834544.7359999977,4788662.508800004],[3835259.7871999936,4789093.0232000025],[3835222.5925000017,4789833.170499997],[3835621.1327000055,4789663.884299999],[3836188.199699996,4789787.619800003],[3836460.7279000008,4790451.853499999],[3836972.586599998,4790746.112499999],[3837016.037199998,4791155.350300003],[3837363.7768999967,4791445.378],[3837672.3047999977,4792132.715799997],[3838053.338000002,4792255.532900003],[3838332.2700999957,4792661.7204],[3839172.759699999,4791964.760500004],[3839601.8844000013,4792089.057200003],[3840176.0223999973,4791850.817299996],[3840659.898000002,4792109.030200003],[3840769.401199997,4792868.875799995],[3840935.132900001,4793165.562999997],[3840714.6534,4793655.357399998],[3841026.0483999997,4794435.751600003]]]},"properties":{"District":"SHIMLA","STATE":"HIMACHAL PRADESH","TEHSIL":"DODRA KWAR","Shape_Leng":102780.383207,"Shape_Area":346079791.56}},
{"type":"Feature","geometry":{"type":"Polygon","coordinates":[[[3792126.8976000017,4782350.776399996],[3791887.2542999955,4782030.514100002],[3791078.227300003,4782146.3576],[3790664.7123999987,4781874.536300003],[3789701.3123999955,4781507.0059],[3788913.3937000018,4781029.693899998],[3788728.880900006,4780741.781700004],[3787842.3123999974,4780664.084200002],[3787386.996699994,4780139.6403],[3787119.5065999962,4780897.018299997],[3786792.974500005,4781232.142400002],[3786691.724899997,4781649.146499999],[3786329.7713999934,4781622.277199997],[3786420.6960999975,4780990.103300003],[3785802.2948000017,4781163.2047999995],[3785474.6830999963,4781473.138700001],[3785171.9601000026,4781420.209100003],[3785050.7807,4781939.974399997],[3784308.7656999966,4782591.472900001],[3783314.307500001,4782880.438700005],[3783512.0846000053,4781377.274000004],[3783144.468999997,4780729.2091],[3782662.393000001,4780221.135699995],[3782453.917699999,4779178.516699998],[3781828.9614000013,4778995.446999997],[3780994.333900001,4779070.660300001],[3779895.0328999944,4778873.081899999],[3778466.9399000052,4778889.996599996],[3778133.125800003,4778553.024399998],[3776814.7434000047,4778524.898299998],[3776185.7279999987,4778621.601100002],[3776278.8860000013,4777709.592300002],[3775812.1465,4776076.748499998],[3775558.133100006,4775792.846799998],[3775598.5819000006,4775305.622099999],[3775832.8434000015,4775063.618999995],[3775935.781299997,4774124.769900001],[3775578.4033999993,4772628.457],[3776528.122100001,4772467.232400002],[3777150.0565000023,4772125.5874999985],[3778497.5079000033,4771784.870000005],[3778743.8891999987,4771467.986400001],[3778918.5869000005,4770207.844000003],[3779561.902099993,4769917.589200003],[3779911.169599999,4769565.649700001],[3780456.478699999,4769374.5714],[3780776.5121999998,4769540.792000001],[3781367.9267000044,4769250.707399999],[3783267.185899999,4769757.246199997],[3783674.7506000022,4769991.1471],[3784070.5627000052,4769553.2518],[3784601.497100002,4769321.317800004],[3784560.3056999943,4769030.205600005],[3785224.059399999,4768183.005299997],[3785282.078000004,4767625.289900001],[3786931.502799999,4767424.293100002],[3787386.126400005,4767184.689100001],[3787897.9416999933,4767395.919700002],[3788713.769199995,4767350.186700005],[3789125.8427000013,4767195.543800004],[3789442.652099997,4766068.632199997],[3790094.834499999,4764870.379000004],[3789676.3351,4763156.964200003],[3789289.5009999988,4762921.193299998],[3789024.635799994,4762116.916499995],[3789403.7797999987,4761256.899999996],[3789893.7585999947,4761337.973600002],[3790981.639499997,4761071.697700005],[3791766.9852999975,4760714.248200001],[3792721.2103999965,4759939.258499995],[3793294.1590000023,4759248.192600002],[3794632.769700001,4758670.056499999],[3795039.949300003,4758969.481699999],[3795613.935999998,4758824.428800002],[3795956.878600001,4759053.400899995],[3795387.0376999946,4759654.327900002],[3794509.479000003,4759419.141300004],[3793744.8551000017,4759872.946100002],[3793746.929899999,4760661.4013],[3793909.5957,4761122.4555],[3794443.1771000037,4761475.7562000025],[3794764.3646000056,4762456.9208999965],[3794679.407499999,4762823.6928],[3795019.242500004,4763231.906300002],[3795410.1034000036,4763422.802299999],[3794500.408600003,4764565.293900002],[3794794.053999996,4765163.822500005],[3794197.508399998,4765134.724800002],[3793374.778800001,4765315.940000001],[3793154.5482999966,4765891.984099997],[3793124.7911000047,4767048.700599996],[3793552.6920000003,4767575.140700003],[3794209.421599998,4767700.135199999],[3794626.076299999,4767300.673099998],[3795091.6985000027,4767401.173399996],[3794506.6914000027,4768776.930199999],[3794536.9201000053,4769212.2009999985],[3794016.150799997,4769578.382999998],[3794131.0162000004,4770222.220899999],[3794014.426799996,4770539.606300001],[3794683.658399998,4770519.170299998],[3794810.6949999984,4770164.786900001],[3795245.966899998,4770467.056899998],[3796040.5140000004,4771949.911499998],[3796267.649699997,4772055.273900002],[3797374.827000004,4772088.951800002],[3797867.9641999938,4772948.696499999],[3798386.5797000015,4774123.235200001],[3798588.2386,4774327.483699996],[3798325.264199999,4774842.209699997],[3798619.7665999974,4775920.454099998],[3799276.1294000023,4776480.085900001],[3800493.853100004,4776967.170500001],[3800988.7150000036,4777057.850299995],[3801112.2158999965,4777505.2116],[3801037.947200002,4778566.616500001],[3801507.7636999977,4778666.796299998],[3802185.4392000027,4779760.108199999],[3802021.2107,4780471.633400005],[3801785.782300007,4780733.411400003],[3801193.097499998,4780926.475099998],[3800711.4561000047,4781906.335700002],[3800272.2530999975,4782282.210600004],[3799632.4371999996,4782296.9227],[3799214.5326000024,4782094.482099997],[3798829.207500004,4781588.798199996],[3798213.8905999996,4781184.276899998],[3797825.924799999,4780605.992499999],[3797485.9317000024,4780545.092799995],[3796920.7876999965,4780948.038500001],[3796033.859500002,4780942.171099999],[3794792.9892000025,4781280.497999997],[3793872.8001000024,4781117.189100005],[3793482.898199995,4781619.395399999],[3792458.940399995,4782279.924699999],[3792126.8976000017,4782350.776399996]]]},"properties":{"District":"SHIMLA","STATE":"HIMACHAL PRADESH","TEHSIL":"JUBBAL","Shape_Leng":110862.871514,"Shape_Area":302631160.351}},
{"type":"Feature","geometry":{"type":"Polygon","coordinates":[[[3772340.1278,4791550.008600002],[3771328.5033000074,4791525.2365000015],[3770394.0553999976,4791744.921499999],[3770122.342000001,4791444.979500003],[3769552.9460000037,4791231.2993],[3768404.9959999975,4791454.735000003],[3768002.7031999948,4791727.238699997],[3766920.2636999995,4791940.274299999],[3766378.438100002,4791720.993700001],[3766047.233900003,4791390.7118],[3765099.2553000012,4791358.954599999],[3764661.7805000013,4791184.794299997],[3764085.6226999946,4790421.938700003],[3763672.434699998,4789050.357600001],[3763889.4033999946,4788048.4076000005],[3763584.638500002,4787282.5212999955],[3763154.542999999,4786904.529399998],[3762634.728,4786848.860499997],[3762123.685399998,4786472.4044],[3762375.2521,4785695.410899999],[3762021.436699999,4785078.436000003],[3761994.6253999956,4784694.942499997],[3761685.051400002,4784355.800200004],[3762152.321400002,4782960.365800001],[3762061.4600000028,4782764.164299998],[3761135.3494000016,4782128.801300004],[3761207.5873000054,4781308.163400006],[3760169.045999998,4780861.642499995],[3759837.9225,4780596.631200003],[3759863.5596999936,4779679.682599998],[3760076.3206999954,4779355.168799998],[3759927.4179999977,4778970.475599997],[3759557.4839999964,4778782.455],[3758815.923399998,4777615.146700002],[3758572.798699997,4776813.919899998],[3759329.9247000027,4776520.874599997],[3760209.5328999953,4776491.491699997],[3760936.1390999984,4776316.227500002],[3761585.1335999947,4775828.831],[3762416.747599993,4774729.9884],[3762581.7612000043,4774034.9538999945],[3762607.224899998,4773271.284099997],[3763149.589599994,4773169.291299997],[3763575.9227000037,4772917.147500005],[3764230.384699997,4771590.013200002],[3765647.9972,4771379.546799999],[3765874.1982999956,4771217.844500003],[3767577.7535000024,4770932.2664],[3768202.722000001,4771786.592500003],[3769474.807200003,4772803.378000002],[3770359.1150999945,4772677.833900005],[3771492.333700006,4772191.875900001],[3772707.5962999966,4772456.204600001],[3773395.833300005,4772689.344599998],[3773909.237400002,4772465.320799999],[3774715.834500001,4772357.257099999],[3775578.4033999993,4772628.457],[3775935.781299997,4774124.769900001],[3775832.8434000015,4775063.618999995],[3775598.5819000006,4775305.622099999],[3775558.133100006,4775792.846799998],[3775812.1465,4776076.748499998],[3776278.8860000013,4777709.592300002],[3776185.7279999987,4778621.601100002],[3776253.111000004,4779419.2984],[3776097.5221000044,4780346.587400002],[3775965.7617999967,4780531.939699998],[3775265.9356999975,4780646.043000001],[3773901.4645000054,4781120.581700003],[3774029.228000003,4781879.398100004],[3773935.2492000037,4782448.4639],[3773270.2854999965,4783324.464199998],[3773060.5253999946,4783911.470100004],[3773130.4476000015,4784405.694500001],[3772476.356400002,4785944.370900005],[3771895.9724000036,4786362.2467],[3771664.6413999996,4786738.190800003],[3771446.613199998,4787972.513400003],[3771457.644400004,4788332.156600001],[3771903.0099000055,4788726.058300004],[3772311.9636999993,4788708.487299999],[3772688.139300001,4789411.432599999],[3772665.860500001,4789894.4373],[3772452.8302999996,4790425.722800001],[3772340.1278,4791550.008600002]]]},"properties":{"District":"SHIMLA","STATE":"HIMACHAL PRADESH","TEHSIL":"KOTKHAI","Shape_Leng":70894.792535,"Shape_Area":238491135.678}},
{"type":"Feature","geometry":{"type":"Polygon","coordinates":[[[3762711.3321,4803098.929800003],[3762269.2458000015,4802919.86],[3761868.5025000013,4803156.743500003],[3761259.5565999965,4803014.504099999],[3760585.060599994,4803038.386399998],[3760307.9459999995,4802383.881300002],[3759319.5871999976,4802503.2255000025],[3758699.181300003,4802423.516799999],[3758475.0280000013,4802037.833900001],[3757898.8427999998,4802123.7765],[3757864.903800006,4802444.479499998],[3757397.9205000037,4802816.794400003],[3756776.501699996,4802641.4338],[3756459.411399996,4802784.230600002],[3756176.2719999994,4803538.109600004],[3755150.4753000024,4804390.0956000015],[3754745.5988000054,4803680.000199999],[3754198.975500006,4804165.3265],[3753800.8923000004,4804255.6021],[3753408.027399999,4803977.058100002],[3752814.9724000013,4804275.4321],[3751336.396899999,4803570.210900003],[3750722.9971000007,4802212.4404],[3750148.9306,4801810.1784999985],[3750009.907999999,4801424.555399997],[3750178.3170999996,4800672.697999999],[3749712.412100006,4800398.116899998],[3749637.109699998,4799874.132299997],[3749380.455799998,4799400.628800003],[3749408.873000007,4798488.7002],[3749094.0464999974,4797301.990199998],[3748812.852600001,4796948.707800005],[3747946.634700003,4796906.399999995],[3747737.7719000014,4796693.918499999],[3747587.7585000005,4796008.952999998],[3746999.7941999994,4795681.506200001],[3747667.037300002,4795497.948399996],[3748455.3549999953,4795619.086899998],[3748983.0990999974,4795514.554299999],[3749681.2645000005,4795065.108000003],[3749943.8439999963,4794144.158799999],[3750905.2513000024,4793638.500599997],[3751590.635999998,4793172.024200003],[3751985.6369000026,4793265.312200002],[3752072.0391000016,4792760.958799997],[3752591.352300003,4792230.392300003],[3753093.147100006,4792184.240100002],[3753093.5649000015,4791552.8843],[3753369.9866999993,4791353.4816],[3753808.6619999977,4791740.8039],[3754424.2783999974,4791923.993599997],[3754546.5905999998,4792268.856100004],[3755354.599699997,4792790.408700004],[3755020.4284999934,4793419.755499996],[3755290.0626000054,4793897.8291000035],[3755833.628399997,4794152.799900003],[3756621.115099999,4793878.294599997],[3757209.6955000055,4792323.718400005],[3757551.0874999957,4792022.494699996],[3757007.909800001,4791203.438799998],[3756668.242800001,4789973.018199995],[3757037.9937999984,4789210.929900004],[3757600.487899996,4788848.964899998],[3759045.1719999947,4789077.4926999975],[3759662.738399999,4789304.5627000015],[3759642.6545999995,4788175.8823000025],[3760055.3678999953,4787971.459000001],[3759718.623600003,4787633.376900001],[3760231.7169,4787140.500600001],[3761156.5539000034,4786690.883600002],[3762123.685399998,4786472.4044],[3762634.728,4786848.860499997],[3763154.542999999,4786904.529399998],[3763584.638500002,4787282.5212999955],[3763889.4033999946,4788048.4076000005],[3763672.434699998,4789050.357600001],[3764085.6226999946,4790421.938700003],[3764661.7805000013,4791184.794299997],[3764518.2704000007,4791600.308600006],[3765712.7345999973,4792530.833599998],[3765906.207700001,4792958.627000004],[3766507.255400005,4793682.3817000035],[3766215.9044999992,4794274.757999999],[3765389.0576,4794444.992200001],[3765004.7554000053,4794882.717600001],[3765348.9718000013,4795929.1662000045],[3765746.6882999996,4796801.393100005],[3766251.2140000015,4797119.4343],[3766647.9605000005,4798013.941500001],[3767324.3603000008,4799162.799899999],[3767697.434799997,4799483.281600002],[3768549.3038,4799852.892399998],[3768627.395300001,4800116.674900001],[3768321.2840000014,4800579.929900002],[3768353.445200002,4800890.242800005],[3767775.602100002,4801652.811700002],[3767423.151900003,4802499.850700002],[3766976.7590000024,4802559.8024999965],[3766983.5990999984,4802990.051300004],[3766325.882299993,4802724.135999998],[3765808.7177999993,4802861.779099997],[3765232.0420999955,4802725.799600003],[3764687.0248999977,4803555.373399999],[3762999.9741000016,4803467.842800003],[3762711.3321,4803098.929800003]]]},"properties":{"District":"SHIMLA","STATE":"HIMACHAL PRADESH","TEHSIL":"KUMHARSAIN","Shape_Leng":85459.5944996,"Shape_Area":215181953.832}},
{"type":"Feature","geometry":{"type":"Polygon","coordinates":[[[3772969.832800003,4752769.7345],[3772443.4732000018,4752266.943300001],[3771739.1094999965,4752510.886299999],[3770952.1719999947,4752646.159600004],[3770529.782600003,4753071.009900002],[3769795.5695999977,4753204.143799998],[3769542.1239000005,4753390.8001999995],[3768308.0090000033,4752271.022500002],[3767966.2396000065,4751775.958599998],[3767518.3241999964,4750753.319100002],[3767085.307599998,4750149.9582],[3766110.2356000026,4750158.484100001],[3765574.014100002,4750365.8729000045],[3764934.961900007,4750334.299200003],[3763554.057100001,4750712.4733000025],[3762092.5804000003,4750360.231099997],[3761658.351800003,4749853.797299998],[3761846.6134999963,4749811.575700002],[3762001.284000006,4749080.466199998],[3762326.9663999956,4748407.3839],[3762370.3897999963,4748038.274699997],[3763005.3593000025,4747372.881099997],[3762841.9564,4746894.293699997],[3762921.3120000027,4746199.138200003],[3762736.249999998,4745122.090400001],[3762742.402599996,4744574.3522000015],[3763186.0648000026,4744303.495699998],[3763137.354599997,4743271.789899997],[3763255.3314000024,4742779.395300003],[3763006.069799993,4742186.640200001],[3763751.741800007,4742088.164999995],[3764379.4531999994,4741681.797499998],[3765378.2902000016,4741562.967200002],[3765695.473399995,4741109.798000004],[3766053.4390000044,4741583.3223],[3766318.0787,4742266.455600001],[3767125.5704000033,4742774.6026],[3768170.5423000036,4742604.939499998],[3768416.8812999995,4742473.666299998],[3768468.6676999973,4741208.634200001],[3767951.8098999993,4740246.226700004],[3768091.609899997,4739804.542299998],[3768618.935099994,4739886.120999996],[3768907.118900003,4740251.083800003],[3770145.170199997,4740134.0485000005],[3770355.3326000003,4740278.009499999],[3771188.909900004,4740095.895300003],[3771467.6928999987,4740260.5459],[3772217.439700001,4740150.922299998],[3772993.6672999994,4740319.241399998],[3773531.543499998,4740650.922900001],[3773870.5992000047,4741410.829],[3774236.7635000004,4741704.870600003],[3775045.8416999998,4741861.069499999],[3774884.3217,4742366.9848000035],[3775245.2283000015,4743438.553800004],[3775486.2111999975,4743590.204399996],[3776332.028700003,4743423.530000003],[3776674.7020999976,4743506.219799996],[3777576.0389,4742975.752000005],[3778918.4016000014,4742991.967799997],[3779362.9398000054,4742734.582100003],[3780306.5350999953,4743081.192900002],[3781212.329199996,4743053.4986999985],[3782583.216799993,4743194.276500002],[3782844.2596000005,4743479.097599999],[3782811.9440999967,4743872.9329],[3782405.3405999956,4744398.013599996],[3782578.639700003,4745291.831099998],[3782964.975900005,4746325.438499995],[3782609.449600008,4747414.162999999],[3781684.6193000013,4747652.260099996],[3780334.4185999986,4748394.5703000035],[3780267.672799997,4748947.568200003],[3778441.1605999996,4749429.136799995],[3777835.8831999972,4749262.496800002],[3777173.4890000043,4749287.080700003],[3776731.759700005,4749592.480400003],[3775885.3282000013,4749865.586099998],[3774592.910999996,4750724.1168],[3774101.8992999983,4751283.121799999],[3773786.799999997,4751852.593499998],[3773566.606999998,4752563.000699997],[3772969.832800003,4752769.7345]]]},"properties":{"District":"SHIMLA","STATE":"HIMACHAL PRADESH","TEHSIL":"KUPVI","Shape_Leng":68869.3430275,"Shape_Area":172339855.128}},
{"type":"Feature","geometry":{"type":"Polygon","coordinates":[[[3780970.563500003,4798621.829100005],[3780355.0736000016,4799188.582700002],[3780149.7519999933,4799765.4744000025],[3778996.565800001,4800214.545999996],[3778897.9410000006,4801056.303700004],[3778527.5546,4801568.717400002],[3777882.230999995,4801050.094300002],[3777349.7054000013,4801130.241000002],[3776261.3238999955,4800519.639899996],[3775784.1243000063,4800653.474000003],[3776158.6527,4801258.769099999],[3775320.5944000063,4801173.398800004],[3775088.280599998,4801442.335400002],[3775327.9279000056,4803194.6252999995],[3774742.367299997,4803864.108699996],[3773966.4672000036,4804301.420000005],[3773894.5553999967,4804759.531199999],[3772738.763400005,4805397.0536],[3771721.196399998,4805051.358400002],[3771284.3075999953,4804797.396499997],[3770260.5947999987,4805107.021699997],[3770143.602000001,4804430.800600002],[3768964.329300003,4802911.0804999955],[3768203.6703999974,4803224.957099999],[3767815.868899999,4802821.110699998],[3767526.660300002,4802849.3638],[3766976.7590000024,4802559.8024999965],[3767423.151900003,4802499.850700002],[3767775.602100002,4801652.811700002],[3768353.445200002,4800890.242800005],[3768321.2840000014,4800579.929900002],[3768627.395300001,4800116.674900001],[3768549.3038,4799852.892399998],[3767697.434799997,4799483.281600002],[3767324.3603000008,4799162.799899999],[3766647.9605000005,4798013.941500001],[3766251.2140000015,4797119.4343],[3765746.6882999996,4796801.393100005],[3765348.9718000013,4795929.1662000045],[3765004.7554000053,4794882.717600001],[3765389.0576,4794444.992200001],[3766215.9044999992,4794274.757999999],[3766507.255400005,4793682.3817000035],[3765906.207700001,4792958.627000004],[3765712.7345999973,4792530.833599998],[3764518.2704000007,4791600.308600006],[3764661.7805000013,4791184.794299997],[3765099.2553000012,4791358.954599999],[3766047.233900003,4791390.7118],[3766378.438100002,4791720.993700001],[3766920.2636999995,4791940.274299999],[3768002.7031999948,4791727.238699997],[3768404.9959999975,4791454.735000003],[3769552.9460000037,4791231.2993],[3770122.342000001,4791444.979500003],[3770394.0553999976,4791744.921499999],[3771328.5033000074,4791525.2365000015],[3772340.1278,4791550.008600002],[3772714.867199999,4791835.265099996],[3772990.2332999976,4792891.533900004],[3774473.046899994,4792981.3204],[3774913.7917,4793144.450399999],[3776270.4140999974,4793119.355800002],[3776729.439699999,4793610.828799998],[3777539.9778999956,4793837.298500005],[3778192.753999999,4793821.0863999985],[3778605.238900002,4794198.898499999],[3779385.7370000053,4794473.9689],[3779681.4323000005,4795306.315599997],[3779700.0360000026,4796435.675999995],[3780229.3847999987,4797672.665800005],[3780970.563500003,4798621.829100005]]]},"properties":{"District":"SHIMLA","STATE":"HIMACHAL PRADESH","TEHSIL":"NANKHARI","Shape_Leng":66414.4990542,"Shape_Area":139296483.731}},
{"type":"Feature","geometry":{"type":"Polygon","coordinates":[[[3789403.7797999987,4761256.899999996],[3789024.635799994,4762116.916499995],[3789289.5009999988,4762921.193299998],[3789676.3351,4763156.964200003],[3790094.834499999,4764870.379000004],[3789442.652099997,4766068.632199997],[3789125.8427000013,4767195.543800004],[3788713.769199995,4767350.186700005],[3787897.9416999933,4767395.919700002],[3787386.126400005,4767184.689100001],[3786931.502799999,4767424.293100002],[3785282.078000004,4767625.289900001],[3785224.059399999,4768183.005299997],[3784560.3056999943,4769030.205600005],[3784601.497100002,4769321.317800004],[3784070.5627000052,4769553.2518],[3783674.7506000022,4769991.1471],[3783267.185899999,4769757.246199997],[3781367.9267000044,4769250.707399999],[3780776.5121999998,4769540.792000001],[3780456.478699999,4769374.5714],[3779911.169599999,4769565.649700001],[3779487.9719000002,4768930.004800003],[3779205.1415999974,4768755.255500001],[3778811.582000006,4768989.165099997],[3778103.4999999986,4768779.784399997],[3777648.127400006,4768837.197800001],[3777427.5102000046,4768303.0666000005],[3777015.6824999955,4767961.146000005],[3776925.3653999986,4767171.686900003],[3776680.220999998,4766811.447999999],[3776724.3466999987,4766188.573699998],[3776297.840600002,4765633.967800003],[3776153.6436,4764484.840599999],[3775524.9300000025,4763817.442399999],[3774650.0983999954,4762649.614100004],[3774769.8370999997,4761713.9684],[3774742.3084999966,4761079.663900003],[3774464.6947999997,4760666.028000003],[3775256.0345000015,4759450.141300004],[3775220.2945000003,4759087.073800003],[3775440.842900003,4758555.649300006],[3776087.8567000064,4757710.4466],[3774458.5393999955,4757422.8024999965],[3774355.856699999,4756655.93],[3773965.528700004,4756323.378899999],[3773724.3335999995,4756538.470299998],[3773811.696899999,4757380.846099997],[3772746.571299998,4757169.775300003],[3772634.8422000017,4756144.566700001],[3772900.845299999,4755221.911499999],[3772882.899499999,4754525.726399996],[3772710.7673000013,4754004.733600002],[3773006.632000001,4753315.000700003],[3772969.832800003,4752769.7345],[3773566.606999998,4752563.000699997],[3773786.799999997,4751852.593499998],[3774101.8992999983,4751283.121799999],[3774592.910999996,4750724.1168],[3775885.3282000013,4749865.586099998],[3776731.759700005,4749592.480400003],[3777173.4890000043,4749287.080700003],[3777835.8831999972,4749262.496800002],[3778441.1605999996,4749429.136799995],[3780267.672799997,4748947.568200003],[3780334.4185999986,4748394.5703000035],[3781684.6193000013,4747652.260099996],[3782609.449600008,4747414.162999999],[3782964.975900005,4746325.438499995],[3782578.639700003,4745291.831099998],[3782405.3405999956,4744398.013599996],[3782811.9440999967,4743872.9329],[3782844.2596000005,4743479.097599999],[3782583.216799993,4743194.276500002],[3781212.329199996,4743053.4986999985],[3780306.5350999953,4743081.192900002],[3779362.9398000054,4742734.582100003],[3779863.227099998,4741980.915300001],[3780182.0595000032,4741795.432700003],[3780361.1300000055,4741391.3483000025],[3781020.346100004,4741340.425599998],[3781411.4378999956,4740723.638699997],[3781122.5427,4740024.902900001],[3781526.085699999,4739785.159399999],[3781931.297799997,4739204.112499999],[3782922.1346000023,4738435.354300002],[3783223.963299999,4738719.706099998],[3784163.0359999994,4739261.369799999],[3784602.1778000006,4739695.064699998],[3785623.8200999997,4741438.9201000035],[3785608.3977,4741989.660200002],[3785938.663100001,4742815.315399999],[3786532.048500004,4743258.083000001],[3786995.6883000005,4743827.875000004],[3787235.2222999986,4744672.5841000015],[3788462.3610000033,4745138.252199997],[3788138.071999995,4746135.996399996],[3787581.6999000013,4746627.099299997],[3787358.944500003,4747030.134399998],[3786867.769299996,4747411.768599998],[3787050.1413000026,4747904.4399],[3787843.3156000013,4748368.356899997],[3788135.491200003,4748857.902700003],[3788050.018900003,4750042.140100001],[3788262.178400006,4750697.416100001],[3788739.0144000016,4751084.4322],[3789433.1859000046,4750896.899699999],[3789893.203599993,4750632.698199999],[3790054.829099994,4749878.4329],[3790047.574100004,4749174.9360000035],[3790217.4899000046,4748867.220199997],[3790874.3621000005,4748504.590700004],[3792704.0740000033,4748044.565799998],[3792503.0796000017,4749373.8544999985],[3792084.5050000045,4749678.462800002],[3792215.0525999963,4750171.635500001],[3792260.6440000026,4751311.321100001],[3792391.194,4752538.036899999],[3793075.0063000023,4752801.198299997],[3793666.6093999995,4753565.821799997],[3793762.967200001,4754282.7874000035],[3793308.1313999947,4754981.1056],[3793565.080499999,4755490.855100001],[3793375.479000003,4755707.396000003],[3792680.270900003,4755746.769400001],[3791010.1121000024,4755414.194100004],[3790861.951899997,4755109.587699994],[3790144.9857999957,4755071.255299997],[3789616.2476999955,4755255.672700001],[3789197.305400002,4755129.481100002],[3788725.560099994,4755337.014200002],[3788902.731700004,4756011.5002999995],[3788870.615400006,4756632.1110999985],[3787953.859199998,4756829.008499995],[3787967.1577999946,4757270.338199997],[3787672.914200004,4758012.1711],[3787525.794900004,4759108.342099996],[3788025.188600008,4760305.010300002],[3788910.518600001,4760703.897199999],[3789403.7797999987,4761256.899999996]]]},"properties":{"District":"SHIMLA","STATE":"HIMACHAL PRADESH","TEHSIL":"NERUA","Shape_Leng":115952.658588,"Shape_Area":346849121.16}},
{"type":"Feature","geometry":{"type":"Polygon","coordinates":[[[3788751.5407999977,4842404.671500003],[3787577.8709000004,4842615.587299995],[3787177.2771000005,4842564.347999998],[3786256.4266000004,4841881.084400002],[3785610.549999999,4841643.394499995],[3785325.6966000004,4841393.0229],[3783855.053599996,4841537.848799996],[3782188.1478999997,4841388.162099998],[3781838.892399998,4840654.226700004],[3781421.8681999994,4840488.986500001],[3781442.7052,4839487.827300001],[3781076.730800002,4839106.644999998],[3780250.3025,4838891.795599999],[3780128.1676000026,4837607.874100001],[3779471.810700002,4837340.1636999985],[3779111.6861999985,4836997.451699998],[3779090.984500001,4836411.015999997],[3779202.673399997,4835791.8902999945],[3779439.075900001,4835807.319400001],[3779790.0862000035,4834983.3713000035],[3780428.6801000033,4834249.892499999],[3780606.150200002,4833783.197499998],[3780252.0860999944,4833532.426199995],[3779394.8370000017,4833219.316100001],[3779341.4446000042,4832478.289399998],[3778991.1790999984,4831803.864400004],[3779070.639499996,4831575.942099996],[3778895.1051999964,4830772.8851],[3779022.7040000083,4830026.3176000025],[3779232.3649000037,4829692.044100004],[3779104.9823000017,4829157.5896999985],[3779206.7902000044,4828255.781100003],[3779525.8318999996,4827857.6865],[3780208.0869999947,4827440.000399998],[3780549.668300003,4826857.844100001],[3780820.600100006,4826674.091399999],[3781006.1801000023,4826108.335699999],[3781668.715599997,4825913.231899996],[3781988.7272999994,4825494.347000003],[3782080.6856999993,4824684.349300005],[3782783.6899000015,4823941.139299997],[3783332.4051999985,4824029.6094],[3783833.1987000005,4823685.774799995],[3784113.1987999957,4822879.4564],[3784121.0169999953,4822308.881099997],[3783778.5716000013,4821542.945099995],[3783817.909000002,4820639.726700003],[3784119.111000006,4820352.8929999955],[3784192.790000001,4819872.8586],[3784549.761500002,4819254.311499998],[3784242.2572999974,4818827.469300005],[3783629.481100004,4818551.017200002],[3782993.6034000027,4818041.114600001],[3782117.0729999975,4817105.808200002],[3781993.610100005,4816591.204299998],[3781530.173799997,4815939.879799996],[3781329.610399998,4815427.525600005],[3780930.4192999965,4815012.666100003],[3779936.741600002,4814795.156800006],[3779365.738599999,4814352.633000003],[3778742.322499996,4814280.174199998],[3778176.2783000064,4814426.016100003],[3777719.3928000033,4814039.154000001],[3777001.315499996,4813782.323800003],[3777053.2431999953,4813014.997799997],[3776528.5165000027,4812250.7912000045],[3776308.6407999955,4811164.171500005],[3776369.0581000024,4810092.531400001],[3777400.572400002,4808416.904100005],[3777230.1680000015,4807396.513999997],[3776990.484899995,4807119.532099996],[3776480.9393000016,4806938.152300004],[3775597.932199998,4807236.4781000065],[3774910.447800001,4807916.147200004],[3774430.9738000077,4808103.990499996],[3773484.4752000016,4808197.484399999],[3772154.1327999984,4807892.564599996],[3771757.636099998,4807040.27],[3771205.441500005,4807183.222599999],[3770665.255800003,4807089.994699996],[3769901.879400001,4807232.716800004],[3769091.369199997,4806242.168899998],[3769002.8062000014,4805578.013099996],[3768148.7739000022,4804232.046100002],[3767321.9434999945,4803237.446600005],[3766983.5990999984,4802990.051300004],[3766976.7590000024,4802559.8024999965],[3767526.660300002,4802849.3638],[3767815.868899999,4802821.110699998],[3768203.6703999974,4803224.957099999],[3768964.329300003,4802911.0804999955],[3770143.602000001,4804430.800600002],[3770260.5947999987,4805107.021699997],[3771284.3075999953,4804797.396499997],[3771721.196399998,4805051.358400002],[3772738.763400005,4805397.0536],[3773894.5553999967,4804759.531199999],[3773966.4672000036,4804301.420000005],[3774742.367299997,4803864.108699996],[3775327.9279000056,4803194.6252999995],[3775088.280599998,4801442.335400002],[3775320.5944000063,4801173.398800004],[3776158.6527,4801258.769099999],[3775784.1243000063,4800653.474000003],[3776261.3238999955,4800519.639899996],[3777349.7054000013,4801130.241000002],[3777882.230999995,4801050.094300002],[3778527.5546,4801568.717400002],[3778897.9410000006,4801056.303700004],[3778996.565800001,4800214.545999996],[3780149.7519999933,4799765.4744000025],[3780355.0736000016,4799188.582700002],[3780970.563500003,4798621.829100005],[3781491.5202,4798884.203000005],[3781993.554899996,4798868.3814],[3782945.1327000065,4798570.915700001],[3784325.8428999973,4797791.4842],[3784911.276800002,4797267.927599998],[3785695.563900001,4797226.874700002],[3786174.5288000014,4797349.4843000015],[3786528.021399999,4797151.581600003],[3787043.6067999937,4797362.351800002],[3787620.5021000025,4797333.889800001],[3787961.245600002,4797487.810099997],[3787864.7563999956,4798049.725699997],[3788123.6396000013,4798278.696999997],[3788439.5777000003,4799947.711700003],[3788980.8636000026,4800221.182300005],[3790298.485000002,4799951.305900003],[3790775.069500002,4799989.3748],[3791096.573200004,4800231.245900001],[3792146.3626000006,4800142.482000003],[3792693.298600002,4800488.953499995],[3793589.6774000023,4800590.0814],[3794385.3056000015,4800912.052099999],[3794790.0990000004,4800794.979899997],[3795540.467700001,4801363.732500005],[3796881.0710999975,4801663.761700004],[3797452.5399999977,4802903.171399999],[3797561.793899998,4803826.3696],[3798541.8741999995,4804187.0698000025],[3798889.2771999966,4804154.348600001],[3799876.608400003,4804785.861499997],[3800359.2229999937,4804889.960799998],[3800846.867100001,4804718.9879],[3801768.926,4804920.7469],[3802028.278199999,4804844.045299999],[3804475.4120999994,4805210.301300002],[3805493.1932,4805785.603599997],[3807000.5979999998,4806082.501899999],[3807524.546499994,4807263.1511999965],[3808176.413899999,4807774.703899998],[3808354.0674000033,4808289.848000001],[3808159.687999998,4809098.9857],[3807960.4974000035,4809467.1094999965],[3807294.8526999988,4809940.026200001],[3806955.310799998,4810335.150799997],[3805780.0292000026,4810203.643300001],[3805045.213000001,4810339.8564],[3804765.9531999975,4811202.925500002],[3804106.3371,4811233.5173999965],[3803274.8529000026,4812344.800400003],[3802873.299199997,4812434.7024],[3802274.2048999937,4812794.7579],[3802382.147800002,4813377.372699996],[3802105.2780999998,4814389.803099998],[3801580.5354000023,4814971.719999997],[3800875.1600999977,4815465.316899999],[3800784.3100999966,4815773.089699997],[3800934.9371000035,4817648.256799998],[3800502.8149999985,4818173.162999997],[3799764.579299999,4818552.768999999],[3799448.7884000046,4819253.566199997],[3798791.174300004,4819891.5139000015],[3798535.871,4819546.181499995],[3798201.9386000065,4819718.104300001],[3797028.0468000006,4819505.695900004],[3796962.1680999976,4820061.2511],[3797201.8316000067,4820479.6745],[3797319.655200001,4821386.192299997],[3797190.516399999,4822116.3694],[3797226.9795999946,4823012.9273999985],[3797023.148699998,4823378.751599997],[3796940.479999996,4824086.618400002],[3796629.9898999985,4824913.516900001],[3796561.670900001,4825470.672200002],[3796915.0511000026,4827776.472499996],[3796458.2084000027,4828264.928299997],[3796082.757000003,4828914.7856],[3795339.3733,4829940.727099996],[3795225.8335999977,4830361.431599997],[3794593.9095000015,4830920.218600003],[3794563.0310999956,4831601.274799995],[3794856.6351000024,4831931.497100003],[3795213.3707000026,4832811.983900003],[3795707.1278000036,4833603.719700004],[3795479.4886000017,4834464.518100004],[3795036.045000002,4834678.081700005],[3795126.3789999997,4835744.871099998],[3794604.888500002,4837149.865700003],[3794004.814200001,4837634.272000003],[3792894.6757,4838084.349700002],[3792962.487700003,4838581.133800002],[3792587.2567000017,4839375.622200006],[3792161.0449000043,4840041.129499999],[3792120.5657000025,4840434.503399999],[3791805.0237000026,4840746.597099999],[3791245.419200001,4841013.3111999985],[3791017.0887999986,4841503.056300004],[3790379.0127000017,4841434.027700003],[3789630.3769999947,4841724.842899998],[3788751.5407999977,4842404.671500003]]]},"properties":{"District":"SHIMLA","STATE":"HIMACHAL PRADESH","TEHSIL":"RAMPUR","Shape_Leng":178819.438228,"Shape_Area":827431674.133}},
{"type":"Feature","geometry":{"type":"Polygon","coordinates":[[[3787961.245600002,4797487.810099997],[3787620.5021000025,4797333.889800001],[3787043.6067999937,4797362.351800002],[3786528.021399999,4797151.581600003],[3786174.5288000014,4797349.4843000015],[3785695.563900001,4797226.874700002],[3784911.276800002,4797267.927599998],[3784325.8428999973,4797791.4842],[3782945.1327000065,4798570.915700001],[3781993.554899996,4798868.3814],[3781491.5202,4798884.203000005],[3780970.563500003,4798621.829100005],[3780229.3847999987,4797672.665800005],[3779700.0360000026,4796435.675999995],[3779681.4323000005,4795306.315599997],[3779385.7370000053,4794473.9689],[3778605.238900002,4794198.898499999],[3778192.753999999,4793821.0863999985],[3777539.9778999956,4793837.298500005],[3776729.439699999,4793610.828799998],[3776270.4140999974,4793119.355800002],[3774913.7917,4793144.450399999],[3774473.046899994,4792981.3204],[3772990.2332999976,4792891.533900004],[3772714.867199999,4791835.265099996],[3772340.1278,4791550.008600002],[3772452.8302999996,4790425.722800001],[3772665.860500001,4789894.4373],[3772688.139300001,4789411.432599999],[3772311.9636999993,4788708.487299999],[3771903.0099000055,4788726.058300004],[3771457.644400004,4788332.156600001],[3771446.613199998,4787972.513400003],[3771664.6413999996,4786738.190800003],[3771895.9724000036,4786362.2467],[3772476.356400002,4785944.370900005],[3773130.4476000015,4784405.694500001],[3773060.5253999946,4783911.470100004],[3773270.2854999965,4783324.464199998],[3773935.2492000037,4782448.4639],[3774029.228000003,4781879.398100004],[3773901.4645000054,4781120.581700003],[3775265.9356999975,4780646.043000001],[3775965.7617999967,4780531.939699998],[3776097.5221000044,4780346.587400002],[3776253.111000004,4779419.2984],[3776185.7279999987,4778621.601100002],[3776814.7434000047,4778524.898299998],[3778133.125800003,4778553.024399998],[3778466.9399000052,4778889.996599996],[3779895.0328999944,4778873.081899999],[3780994.333900001,4779070.660300001],[3781828.9614000013,4778995.446999997],[3782453.917699999,4779178.516699998],[3782662.393000001,4780221.135699995],[3783144.468999997,4780729.2091],[3783512.0846000053,4781377.274000004],[3783314.307500001,4782880.438700005],[3784308.7656999966,4782591.472900001],[3785050.7807,4781939.974399997],[3785171.9601000026,4781420.209100003],[3785474.6830999963,4781473.138700001],[3785802.2948000017,4781163.2047999995],[3786420.6960999975,4780990.103300003],[3786329.7713999934,4781622.277199997],[3786691.724899997,4781649.146499999],[3786792.974500005,4781232.142400002],[3787119.5065999962,4780897.018299997],[3787386.996699994,4780139.6403],[3787842.3123999974,4780664.084200002],[3788728.880900006,4780741.781700004],[3788913.3937000018,4781029.693899998],[3789701.3123999955,4781507.0059],[3790664.7123999987,4781874.536300003],[3791078.227300003,4782146.3576],[3791887.2542999955,4782030.514100002],[3792126.8976000017,4782350.776399996],[3792357.2723000003,4783173.943199998],[3792151.6625000015,4783846.440099996],[3792435.7478000033,4784704.987199996],[3792562.0429,4786034.779299999],[3792969.3703999976,4787136.7182],[3792808.569899999,4787455.281799998],[3793636.308900003,4788002.374500002],[3794470.126299996,4787842.400600001],[3794682.5874999957,4787578.007300001],[3795303.742899996,4787479.744300002],[3794326.367700002,4788775.559400003],[3793007.2266000006,4789073.1863],[3792194.9021999985,4790174.899099996],[3791234.7550000018,4790650.166100003],[3791115.7770999996,4791718.756800002],[3791248.9196000043,4792158.1904000025],[3790860.4468000014,4792424.634300006],[3790744.528499998,4793281.102299999],[3790259.3557999996,4793816.738899995],[3789595.340400003,4794142.863899998],[3789646.0524000004,4794632.158300001],[3789247.120600002,4795242.965399995],[3789057.2009999943,4795913.282000003],[3788715.2981999964,4796033.314199996],[3788183.1355999988,4796809.333299998],[3787961.245600002,4797487.810099997]]]},"properties":{"District":"SHIMLA","STATE":"HIMACHAL PRADESH","TEHSIL":"ROHRU","Shape_Leng":84189.2264768,"Shape_Area":295446866.188}},
{"type":"Feature","geometry":{"type":"Polygon","coordinates":[[[3744035.332900001,4779612.892399997],[3743423.2972000046,4779652.454700002],[3743121.055399996,4779981.318799995],[3742385.928700002,4779975.121099999],[3741793.0327000003,4779826.9117],[3741146.2284000004,4780312.548299999],[3741437.732900001,4780874.122700001],[3740670.078400001,4781689.612500003],[3740732.6205,4782155.356599998],[3740189.1388000054,4783211.158299997],[3740273.641000004,4783641.342099994],[3739547.854199999,4783612.653699998],[3738864.141099994,4784586.495400002],[3738211.626500003,4785018.381400002],[3737554.855200003,4786528.987500003],[3736862.6093000034,4786726.4216],[3736775.8493999974,4786965.594199997],[3735800.3228,4787709.484100001],[3735762.4608999984,4787285.660299998],[3735354.8349999976,4786565.345],[3734300.8646999956,4786358.306400003],[3733860.379299995,4785945.683699997],[3733958.118799999,4785596.540499997],[3733194.588200005,4784486.502799999],[3732563.2524999944,4784482.354799999],[3732064.674999997,4783575.687900001],[3731775.7831000034,4783863.191499999],[3731114.2581000077,4784154.7761999965],[3730168.8989999983,4784098.069000002],[3729690.653999999,4783926.468800005],[3729399.269599998,4783388.024799999],[3728927.6341000013,4783063.543299999],[3728400.3705999963,4783438.208600001],[3728331.2318000006,4784015.074399998],[3727923.7585999994,4784191.407000006],[3727292.0825999957,4784148.1587000005],[3727123.671899999,4784385.091600001],[3727439.766599997,4785015.966499999],[3727171.0057000006,4785459.711300001],[3726697.3020000015,4785614.244299997],[3726493.880900006,4785901.367600003],[3725427.5926999957,4786384.495600004],[3724737.3478000043,4786837.782100003],[3724294.6659000022,4787518.099899997],[3723791.3003999945,4787281.719099998],[3723412.118900002,4787811.3754],[3722080.6192999985,4788656.057599997],[3721466.035800001,4789298.525500003],[3721301.7862,4789917.031800006],[3720759.821299997,4789934.053700004],[3719436.2187000006,4789717.115400005],[3718269.025300006,4788882.3113],[3717718.827000002,4787908.794100005],[3717873.7274999996,4787638.550900001],[3717592.0134999957,4787200.637800004],[3717616.842299998,4786788.323900001],[3718445.727799994,4786087.484700002],[3718578.937899995,4785773.711399999],[3719635.5151999993,4785181.223299997],[3720493.992700007,4784919.677099995],[3720230.5089999996,4784525.4043000005],[3720407.829000001,4784079.699900004],[3720307.4272000017,4783729.906499998],[3720569.5935000004,4782693.535600003],[3720580.824299996,4782043.450199996],[3720238.200999999,4782039.401400004],[3719660.803200001,4781318.706199999],[3719170.458200001,4781109.226199999],[3718753.1322000036,4780453.321400001],[3718217.8964000004,4780247.2613],[3717926.051700008,4779633.676500002],[3718112.901600007,4779078.090799996],[3718024.919699994,4778753.268200001],[3718139.6784000006,4777946.179900001],[3717459.1268000044,4777860.525500001],[3716665.215099998,4778195.5572],[3716160.6401,4778012.5571],[3716314.1111000013,4777399.730900003],[3716970.397700001,4776822.567200005],[3717626.686599996,4776883.073800004],[3718818.7427999997,4777458.713600002],[3719235.726099997,4777265.949700002],[3719921.3718000017,4777627.790900003],[3720386.8243000023,4777506.7716999985],[3721780.1457000026,4777946.010199998],[3721972.912800003,4777639.424699999],[3722274.951199999,4776348.931999998],[3721269.621600004,4776230.573999998],[3720730.9157000016,4775976.193299999],[3720353.900700005,4775540.440499995],[3719539.821199995,4774934.117599998],[3719593.539100001,4774117.029699998],[3720463.2657999974,4773719.8832],[3720486.3829000015,4772789.804499999],[3721365.6625000057,4773187.615299996],[3721422.595399997,4773954.882299997],[3721812.5097000003,4774162.0130999945],[3722239.4548999965,4774621.396700002],[3723347.648699999,4774834.972899996],[3724050.4491999997,4773915.9043000005],[3724426.2550000045,4774501.387800001],[3724992.839400002,4774235.213199999],[3724570.5330999997,4773486.1577],[3724998.3152,4772832.050199997],[3725403.1078999992,4772603.936799997],[3724619.7881999966,4771866.112299998],[3724441.525099997,4771411.828699996],[3723654.0473999963,4771284.9102],[3723359.512500001,4770639.4051],[3724225.389399997,4770297.1592000015],[3724501.682199996,4770345.588599996],[3725186.2272999994,4770005.733200001],[3725283.0669000014,4769567.798799999],[3726109.641999999,4768778.168500002],[3726607.675700005,4768544.604899999],[3727692.536800001,4768805.903800001],[3728248.7716000034,4768728.211400002],[3728685.033699996,4768151.0346],[3728928.7462000027,4768178.394099997],[3729742.402300003,4767732.927100003],[3729920.8128999984,4767436.053799998],[3730483.0867,4767020.708100002],[3730671.717000003,4766556.593100001],[3731248.219700002,4765748.103600004],[3731980.495800007,4765518.339099998],[3732453.5490999953,4765183.474699996],[3732753.4231999973,4765569.327199996],[3732851.035899995,4766153.252399997],[3733103.1291000023,4766454.164599997],[3733568.2528999955,4766300.811400002],[3734699.8615000052,4765686.321899997],[3735580.289099996,4765453.286700003],[3735733.783399997,4765156.703799999],[3736256.083400004,4764875.3291],[3736427.022699997,4764145.272000003],[3736873.705300007,4763712.626499997],[3736433.9293000055,4763074.391899999],[3736382.0770000005,4762619.957900001],[3735998.662799998,4762415.317200005],[3735897.660899998,4762086.954600003],[3736270.5623999983,4761419.747100003],[3736828.4671000033,4761286.5939],[3737508.9034999954,4761312.8319000015],[3738688.6427000044,4760805.973499998],[3739794.1703999974,4760000.7919999985],[3740388.5636000033,4759252.673300002],[3740066.259099994,4758677.188899998],[3739403.7887999984,4758454.428399999],[3739384.2032999983,4757377.4211000055],[3739882.742100004,4757123.434700006],[3740108.8602000047,4756003.963600002],[3740791.0888,4756523.656500004],[3740881.6102000047,4756755.8683],[3741591.5987000046,4757369.811800003],[3741963.0147000067,4758180.848199997],[3741831.7546000015,4758482.611499999],[3743047.058599997,4759270.814699998],[3743334.722,4759570.3665],[3744674.0546999993,4759610.772399997],[3744972.868100003,4759787.0532],[3745439.0748000024,4760477.9484],[3745133.303400004,4761000.9541000035],[3745314.7164000007,4761388.7971],[3746217.585699994,4761666.976899997],[3746488.5496000024,4762150.201200004],[3746843.0950999996,4762930.027700003],[3746711.2747000037,4763182.930599999],[3746720.037100002,4763899.196799997],[3746107.363999997,4764668.116399998],[3746660.600599996,4765111.088899996],[3746284.388700001,4765689.545099998],[3745790.7634000056,4765441.924600005],[3745427.0085000014,4768036.700199999],[3745141.267,4768392.814199999],[3744969.0979000027,4769174.882100003],[3744485.6058000047,4769911.880600001],[3744620.209900002,4770802.408399996],[3744433.2092999993,4771200.362699997],[3744746.0530000003,4771404.533500005],[3744669.514099999,4771995.2896000035],[3744954.9774,4772122.479600003],[3745360.632700001,4772638.443199998],[3745206.2528000055,4773127.128099998],[3745332.377300003,4774171.097299999],[3743874.275499997,4774706.577300005],[3743380.7193,4774216.714300001],[3742811.505099995,4774516.778999999],[3742737.5574999982,4775453.957900003],[3742328.2742000027,4775610.160800001],[3742001.2524999958,4776047.765699999],[3742175.445399997,4776511.519599998],[3743239.9471999966,4777095.7116],[3743562.0412999983,4777360.022999997],[3744005.378200001,4778174.2492],[3744501.5325000025,4778193.067600002],[3744511.445100005,4778962.904900001],[3744035.332900001,4779612.892399997]]]},"properties":{"District":"SHIMLA","STATE":"HIMACHAL PRADESH","TEHSIL":"SHIMLA","Shape_Leng":155178.789862,"Shape_Area":488257032.257}},
{"type":"Feature","geometry":{"type":"Polygon","coordinates":[[[3751985.6369000026,4793265.312200002],[3751590.635999998,4793172.024200003],[3750905.2513000024,4793638.500599997],[3749943.8439999963,4794144.158799999],[3749681.2645000005,4795065.108000003],[3748983.0990999974,4795514.554299999],[3748455.3549999953,4795619.086899998],[3747667.037300002,4795497.948399996],[3746999.7941999994,4795681.506200001],[3746603.7013000017,4795536.284400002],[3746347.499,4795132.574399997],[3746432.8970999997,4794441.6077000005],[3746096.657499998,4794210.101700004],[3744701.876699997,4794389.107100001],[3744119.0796999983,4793897.044499998],[3743443.594799999,4794322.170599999],[3743269.145000002,4794869.356299997],[3742862.7211000007,4794869.327599997],[3742597.2470000004,4794349.543699996],[3741875.3692999994,4793986.082600005],[3741137.890400001,4793405.399400001],[3740767.5587999984,4792644.404500001],[3740445.7969999965,4792607.832799999],[3740251.454099999,4793017.819499996],[3739382.944799993,4793551.8868999975],[3738745.9495000043,4793724.940400003],[3738249.4048999967,4793717.942099996],[3737651.576299999,4792803.4152000025],[3736656.4157,4791822.5013999995],[3736266.2306000018,4791665.624299996],[3735831.7986000013,4791794.346400002],[3735461.7307000044,4793009.149099994],[3735216.2343000043,4792899.264200002],[3734659.8061999995,4791930.426699999],[3733381.5609999937,4790913.951499997],[3732238.759499995,4790626.202299999],[3730724.2655,4790616.887500002],[3730275.9864000026,4790472.3851000015],[3729036.8544000033,4790728.499500001],[3728770.3089999994,4791068.3478],[3727444.1888999976,4791703.007999998],[3725508.602600005,4792207.348999998],[3724797.2078000056,4792739.266300002],[3724489.648,4793636.275499998],[3723819.621800002,4793677.838200003],[3723348.2503000004,4793840.450900002],[3722689.644800004,4794728.441900003],[3722119.0796000026,4794751.0339],[3720867.6396000003,4795141.191500001],[3720468.1148000006,4795341.808599998],[3719167.939999996,4793895.464599997],[3718406.4796,4792871.9773],[3717902.3340000007,4792507.476000004],[3717820.0205999995,4792008.412600003],[3717961.9011999955,4791590.597199997],[3718660.3764000004,4791168.830999999],[3718658.563200001,4790202.862199999],[3719436.2187000006,4789717.115400005],[3720759.821299997,4789934.053700004],[3721301.7862,4789917.031800006],[3721466.035800001,4789298.525500003],[3722080.6192999985,4788656.057599997],[3723412.118900002,4787811.3754],[3723791.3003999945,4787281.719099998],[3724294.6659000022,4787518.099899997],[3724737.3478000043,4786837.782100003],[3725427.5926999957,4786384.495600004],[3726493.880900006,4785901.367600003],[3726697.3020000015,4785614.244299997],[3727171.0057000006,4785459.711300001],[3727439.766599997,4785015.966499999],[3727123.671899999,4784385.091600001],[3727292.0825999957,4784148.1587000005],[3727923.7585999994,4784191.407000006],[3728331.2318000006,4784015.074399998],[3728400.3705999963,4783438.208600001],[3728927.6341000013,4783063.543299999],[3729399.269599998,4783388.024799999],[3729690.653999999,4783926.468800005],[3730168.8989999983,4784098.069000002],[3731114.2581000077,4784154.7761999965],[3731775.7831000034,4783863.191499999],[3732064.674999997,4783575.687900001],[3732563.2524999944,4784482.354799999],[3733194.588200005,4784486.502799999],[3733958.118799999,4785596.540499997],[3733860.379299995,4785945.683699997],[3734300.8646999956,4786358.306400003],[3735354.8349999976,4786565.345],[3735762.4608999984,4787285.660299998],[3735800.3228,4787709.484100001],[3736775.8493999974,4786965.594199997],[3736862.6093000034,4786726.4216],[3737554.855200003,4786528.987500003],[3738211.626500003,4785018.381400002],[3738864.141099994,4784586.495400002],[3739547.854199999,4783612.653699998],[3740273.641000004,4783641.342099994],[3740189.1388000054,4783211.158299997],[3740732.6205,4782155.356599998],[3740670.078400001,4781689.612500003],[3741437.732900001,4780874.122700001],[3741146.2284000004,4780312.548299999],[3741793.0327000003,4779826.9117],[3742385.928700002,4779975.121099999],[3743121.055399996,4779981.318799995],[3743423.2972000046,4779652.454700002],[3744035.332900001,4779612.892399997],[3743966.1238999986,4780132.8875],[3743400.1704,4780653.374100003],[3743265.6606999976,4781170.859300002],[3743703.5445999987,4781100.497299997],[3744071.338600004,4781261.007700002],[3744051.5200000023,4781778.9625],[3744257.613899996,4782411.107799998],[3743968.3725999966,4782837.592599999],[3744380.1296000043,4783855.260600004],[3744948.666899998,4784446.3944],[3744651.2766000014,4785246.282799998],[3743968.2618999984,4785751.089600001],[3744014.3833,4786097.112699997],[3744614.429899999,4786342.033099999],[3745274.2563000014,4786449.712000003],[3745868.1833999967,4786934.014700003],[3746605.940899997,4787145.7542],[3747029.8160000006,4787493.8861],[3747484.579500001,4787424.104100003],[3747972.8453999944,4787710.005100004],[3748279.709700008,4788245.089100003],[3748573.7933000037,4788444.779900001],[3748802.4781000027,4789313.797199999],[3749114.262199997,4789756.3303000005],[3749415.3983000023,4790794.839400001],[3750193.3072000006,4791300.310999999],[3750827.4950999953,4791924.135100003],[3750895.7371999966,4792419.009500002],[3751642.1346999994,4792591.938499996],[3751985.6369000026,4793265.312200002]]]},"properties":{"District":"SHIMLA","STATE":"HIMACHAL PRADESH","TEHSIL":"SEONI","Shape_Leng":112210.79146,"Shape_Area":235636947.4}},
{"type":"Feature","geometry":{"type":"Polygon","coordinates":[[[3762123.685399998,4786472.4044],[3761156.5539000034,4786690.883600002],[3760231.7169,4787140.500600001],[3759718.623600003,4787633.376900001],[3760055.3678999953,4787971.459000001],[3759642.6545999995,4788175.8823000025],[3759662.738399999,4789304.5627000015],[3759045.1719999947,4789077.4926999975],[3757600.487899996,4788848.964899998],[3757037.9937999984,4789210.929900004],[3756668.242800001,4789973.018199995],[3757007.909800001,4791203.438799998],[3757551.0874999957,4792022.494699996],[3757209.6955000055,4792323.718400005],[3756621.115099999,4793878.294599997],[3755833.628399997,4794152.799900003],[3755290.0626000054,4793897.8291000035],[3755020.4284999934,4793419.755499996],[3755354.599699997,4792790.408700004],[3754546.5905999998,4792268.856100004],[3754424.2783999974,4791923.993599997],[3753808.6619999977,4791740.8039],[3753369.9866999993,4791353.4816],[3753093.5649000015,4791552.8843],[3753093.147100006,4792184.240100002],[3752591.352300003,4792230.392300003],[3752072.0391000016,4792760.958799997],[3751985.6369000026,4793265.312200002],[3751642.1346999994,4792591.938499996],[3750895.7371999966,4792419.009500002],[3750827.4950999953,4791924.135100003],[3750193.3072000006,4791300.310999999],[3749415.3983000023,4790794.839400001],[3749114.262199997,4789756.3303000005],[3748802.4781000027,4789313.797199999],[3748573.7933000037,4788444.779900001],[3748279.709700008,4788245.089100003],[3747972.8453999944,4787710.005100004],[3747484.579500001,4787424.104100003],[3747029.8160000006,4787493.8861],[3746605.940899997,4787145.7542],[3745868.1833999967,4786934.014700003],[3745274.2563000014,4786449.712000003],[3744614.429899999,4786342.033099999],[3744014.3833,4786097.112699997],[3743968.2618999984,4785751.089600001],[3744651.2766000014,4785246.282799998],[3744948.666899998,4784446.3944],[3744380.1296000043,4783855.260600004],[3743968.3725999966,4782837.592599999],[3744257.613899996,4782411.107799998],[3744051.5200000023,4781778.9625],[3744071.338600004,4781261.007700002],[3743703.5445999987,4781100.497299997],[3743265.6606999976,4781170.859300002],[3743400.1704,4780653.374100003],[3743966.1238999986,4780132.8875],[3744035.332900001,4779612.892399997],[3744511.445100005,4778962.904900001],[3744501.5325000025,4778193.067600002],[3744005.378200001,4778174.2492],[3743562.0412999983,4777360.022999997],[3743239.9471999966,4777095.7116],[3742175.445399997,4776511.519599998],[3742001.2524999958,4776047.765699999],[3742328.2742000027,4775610.160800001],[3742737.5574999982,4775453.957900003],[3742811.505099995,4774516.778999999],[3743380.7193,4774216.714300001],[3743874.275499997,4774706.577300005],[3745332.377300003,4774171.097299999],[3745206.2528000055,4773127.128099998],[3745360.632700001,4772638.443199998],[3744954.9774,4772122.479600003],[3744669.514099999,4771995.2896000035],[3744746.0530000003,4771404.533500005],[3744433.2092999993,4771200.362699997],[3744620.209900002,4770802.408399996],[3744485.6058000047,4769911.880600001],[3744969.0979000027,4769174.882100003],[3745141.267,4768392.814199999],[3745427.0085000014,4768036.700199999],[3745790.7634000056,4765441.924600005],[3746284.388700001,4765689.545099998],[3746660.600599996,4765111.088899996],[3746107.363999997,4764668.116399998],[3746720.037100002,4763899.196799997],[3746711.2747000037,4763182.930599999],[3746843.0950999996,4762930.027700003],[3746488.5496000024,4762150.201200004],[3747226.0271999952,4762411.231199997],[3747551.3416999998,4762803.333800003],[3748001.9586,4763681.860499997],[3748574.0654999977,4764151.073100004],[3748565.836499999,4764564.337100001],[3749296.295400003,4765066.148799997],[3749710.7679000013,4764791.216099998],[3751287.2547000013,4765407.826199997],[3751940.0908999927,4765501.674899997],[3752449.6687999964,4766382.871399995],[3752214.6072999984,4766636.594700005],[3752633.492700004,4767100.757600002],[3753213.407100003,4766821.643199995],[3753887.1617000047,4766249.4056],[3754158.5041999957,4766274.554999997],[3755339.6199999964,4764667.296199998],[3755772.2931000013,4764413.1525],[3756476.302199997,4764600.046099999],[3757040.583499998,4763915.233299998],[3757105.7527,4763465.628799998],[3757460.5859000026,4763400.966899997],[3758026.189900001,4763014.411699995],[3758344.441000002,4762435.705099998],[3758560.810299999,4761674.458099997],[3759306.918500002,4762099.160100006],[3759808.8233999973,4762161.169000002],[3760119.547600004,4762603.912100002],[3760896.691800001,4761664.201000003],[3761616.9095000057,4761900.700800002],[3761334.8294999935,4762704.929299999],[3760477.7649999997,4763828.7524000015],[3760674.938000003,4764230.545800004],[3761079.5225000037,4764426.626200001],[3761201.3579999995,4765819.829000002],[3761553.052899999,4766348.152700002],[3761500.0235000066,4766652.725599999],[3762004.700000006,4767260.189800002],[3762800.355600001,4766640.161500001],[3763611.9115999984,4766180.854600003],[3764330.515899998,4765431.0852],[3765246.902800005,4764865.177000005],[3765953.5985000026,4764580.632199996],[3766181.6142000062,4765743.652399998],[3767068.694899996,4766412.195800002],[3767065.026100003,4766890.110300002],[3767282.1006999947,4767693.686999997],[3767134.5902000014,4767970.2402],[3767101.8423999986,4768783.858100004],[3767354.5260999994,4769211.601000002],[3767981.7634999985,4769748.594099997],[3767577.7535000024,4770932.2664],[3765874.1982999956,4771217.844500003],[3765647.9972,4771379.546799999],[3764230.384699997,4771590.013200002],[3763575.9227000037,4772917.147500005],[3763149.589599994,4773169.291299997],[3762607.224899998,4773271.284099997],[3762581.7612000043,4774034.9538999945],[3762416.747599993,4774729.9884],[3761585.1335999947,4775828.831],[3760936.1390999984,4776316.227500002],[3760209.5328999953,4776491.491699997],[3759329.9247000027,4776520.874599997],[3758572.798699997,4776813.919899998],[3758815.923399998,4777615.146700002],[3759557.4839999964,4778782.455],[3759927.4179999977,4778970.475599997],[3760076.3206999954,4779355.168799998],[3759863.5596999936,4779679.682599998],[3759837.9225,4780596.631200003],[3760169.045999998,4780861.642499995],[3761207.5873000054,4781308.163400006],[3761135.3494000016,4782128.801300004],[3762061.4600000028,4782764.164299998],[3762152.321400002,4782960.365800001],[3761685.051400002,4784355.800200004],[3761994.6253999956,4784694.942499997],[3762021.436699999,4785078.436000003],[3762375.2521,4785695.410899999],[3762123.685399998,4786472.4044]]]},"properties":{"District":"SHIMLA","STATE":"HIMACHAL PRADESH","TEHSIL":"THEOG","Shape_Leng":137021.448691,"Shape_Area":466732347.302}},
{"type":"Feature","geometry":{"type":"Polygon","coordinates":[[[3751456.905099999,4730836.890500002],[3750613.870899994,4732000.5342999995],[3750412.4809999987,4732566.900099998],[3749544.4546000026,4733179.028700005],[3749245.4614999965,4733010.778199999],[3748791.957699996,4733250.831900004],[3748286.325800005,4734063.881099995],[3747675.5437999927,4734201.230699998],[3747313.636599999,4734025.433899997],[3747597.0265000025,4733210.855399996],[3747225.3024999993,4733013.564699999],[3746101.828800001,4732086.089500002],[3746138.2266000016,4731244.351400001],[3745083.0135999955,4730297.126],[3744270.9152000058,4730102.536800002],[3744347.184699994,4729683.132699996],[3744081.4412000068,4729407.970899997],[3743994.327600003,4728516.142700005],[3743509.3827,4728400.323199999],[3743224.7986999974,4728121.131499995],[3742751.484899995,4728221.324200001],[3742351.969499997,4727720.4706000015],[3742400.8791999985,4727450.307699997],[3742578.989500005,4727058.823799999],[3743751.278300005,4726362.233199995],[3744045.119400006,4725889.727899995],[3744668.025,4725812.425099995],[3745329.2469000006,4726022.790600004],[3746003.126000005,4725361.096399998],[3746690.5624999963,4725345.074000001],[3747524.818699998,4724840.966499995],[3748076.2114000004,4725254.4700000025],[3748515.248200002,4724907.6538999975],[3749131.9038999947,4724951.4025],[3749620.8078000033,4724595.557500003],[3749614.772699995,4723681.311899997],[3749951.3322,4723464.1752999965],[3750488.743299995,4723616.168499995],[3751118.4332000054,4722601.057599999],[3751769.839900001,4722601.055399999],[3751798.5394999995,4721892.5149],[3750785.858700002,4721574.595200002],[3750637.845199999,4720904.929399999],[3750976.036899996,4720365.303100001],[3752047.943800001,4719448.170999996],[3752703.5478,4718773.702600002],[3752661.9148000022,4717980.795099998],[3752859.4658999937,4717759.722299997],[3752953.6440000017,4716879.423900001],[3752520.8782,4716438.720799998],[3752053.6338000037,4716427.772500003],[3752390.565100001,4715765.7749999985],[3753042.1219000025,4715986.915199999],[3753949.7193000056,4715661.379299998],[3754285.594199996,4716118.512200002],[3754899.840899998,4716415.4831],[3755487.3365999977,4716528.912199998],[3756149.2026999984,4716455.579699999],[3756265.8548000017,4716775.3619],[3756880.1105999984,4716781.560399998],[3757213.152900001,4716482.456300003],[3758015.061699999,4716893.237500003],[3758459.6855999944,4716818.255299997],[3758874.7315999996,4717459.730200002],[3758605.261099999,4718088.6970000025],[3758752.7662000004,4719222.8672],[3758936.3085000035,4719418.748200003],[3759080.5028000004,4720358.0069999965],[3758349.9661999987,4720364.7793000005],[3757638.57,4720589.823899996],[3757749.1242000014,4721549.112399997],[3757665.645499995,4722195.238799999],[3757959.7009999966,4723057.675899999],[3757466.9199000006,4724084.157399999],[3756962.8565000035,4724555.933300002],[3756576.872899998,4724516.564199996],[3756063.5489999987,4724793.028499999],[3755855.738600003,4725310.104100002],[3756127.902700002,4725762.787499998],[3755744.4108000016,4726329.674000001],[3755457.7418000065,4727525.456399999],[3754576.6751000006,4727920.6228],[3754413.8059999985,4728686.100699995],[3754136.3241999927,4728978.604299996],[3753085.2234999975,4728716.835299999],[3752815.9625000004,4729181.470500002],[3753190.0373,4729508.022300001],[3752860.604900005,4729818.946400004],[3751824.2175000003,4730496.496199995],[3751456.905099999,4730836.890500002]]]},"properties":{"District":"SIRMAUR","STATE":"HIMACHAL PRADESH","TEHSIL":"DADAHU","Shape_Leng":68582.8917859,"Shape_Area":128608025.082}},
{"type":"Feature","geometry":{"type":"MultiPolygon","coordinates":[[[[3768245.101399999,4717940.404499997],[3768063.6806000043,4718173.507399999],[3767382.923300002,4717909.256900001],[3767462.662400003,4717433.062199996],[3768019.3074999936,4717289.849099999],[3768448.961699996,4717363.208300002],[3768245.101399999,4717940.404499997]]],[[[3764627.8439000053,4719235.0184],[3764802.470700001,4718488.460699998],[3765503.145599998,4717872.5827],[3765872.5785999945,4717790.820699999],[3766436.6749000037,4718071.011500004],[3766626.857699996,4718364.463699997],[3766114.0736000035,4718593.587500001],[3765478.648999993,4719080.164100002],[3764745.223,4719288.998699997],[3764627.8439000053,4719235.0184]]],[[[3769988.5253000073,4723347.440199998],[3769761.3144999975,4723763.294900002],[3769104.5796000017,4724181.320800003],[3768969.6772999973,4723888.588599995],[3767694.4238999975,4723404.527899996],[3767789.2540000034,4723162.475499997],[3767304.706899997,4722400.109799998],[3766609.7780999984,4721678.475099996],[3766294.393299994,4721084.1705],[3767026.3190999976,4720784.495299997],[3767656.856700005,4721275.008000003],[3768139.821299999,4721257.8364],[3768624.9773999946,4721737.759200001],[3769140.3723000027,4721779.588100003],[3769532.9170999965,4722157.400400002],[3769712.8011000007,4722828.776100002],[3769988.5253000073,4723347.440199998]]],[[[3769318.7486000005,4716961.231999998],[3769912.944899996,4717174.061799999],[3769521.0923000015,4717578.237199999],[3768812.9246999957,4717302.266800002],[3769318.7486000005,4716961.231999998]]],[[[3770980.0468000043,4717760.4143],[3770667.8746999986,4718106.528299999],[3770394.3805000056,4717576.514299998],[3770698.0314000025,4716936.867199999],[3770929.5333999977,4716868.995799999],[3771903.0036000004,4717197.7458999995],[3770980.0468000043,4717760.4143]]],[[[3768814.4897000007,4718833.601099999],[3768353.5856000073,4718842.882599997],[3768449.724400001,4718283.387199999],[3769094.5810000002,4718376.1358999945],[3768814.4897000007,4718833.601099999]]],[[[3790039.114500003,4725473.0155000035],[3789670.3281999975,4725668.249699995],[3790146.183899997,4726162.0428],[3789551.959499999,4726435.237499997],[3788869.262400004,4726226.077400003],[3788471.198700002,4726265.719100002],[3788132.1641999967,4725881.876600001],[3787006.230899998,4725025.591900002],[3786597.006700001,4724942.522500001],[3785452.8540999945,4724304.360200001],[3784936.4405999994,4724765.3262],[3784266.4346999982,4724875.269299996],[3783835.4200000037,4724745.769299999],[3783717.2006,4725304.874999996],[3782364.5584000004,4725360.099900001],[3781759.474100004,4725875.376699997],[3780849.1950999983,4725709.757900001],[3780298.3593,4725477.767399999],[3779816.9756999994,4725786.332099997],[3779321.770499994,4725634.542099997],[3778639.594800004,4725906.6368],[3778271.4707000004,4725543.624600003],[3777429.8833000027,4725819.2798999995],[3777365.0034000007,4726118.462999997],[3776127.5316999964,4725981.835400004],[3776021.642599998,4726654.222399997],[3775343.1258999966,4726518.3533000015],[3774843.4601000017,4726189.371700002],[3774702.9262999957,4725470.675299995],[3774007.4287,4725061.153499997],[3773940.0770999994,4724765.930899998],[3773510.542299997,4724657.051400002],[3772566.513899997,4724701.884799996],[3772664.4809999997,4723541.413400002],[3771619.789799999,4723080.442400003],[3771210.226400001,4723245.605499998],[3770416.598399997,4723082.146399997],[3770055.4645000044,4722873.465399997],[3769797.0106000034,4722420.572099997],[3770119.7720000003,4721928.056099996],[3770220.8712000037,4721392.1109000025],[3769895.667799998,4721332.721399996],[3769429.965099998,4721791.887300001],[3768600.7452000035,4721182.394000005],[3769032.855900001,4720102.432599999],[3768846.713199999,4719769.389899995],[3769068.053100001,4719135.013300005],[3769444.7875000006,4719358.144199999],[3769740.5019000066,4719910.888299999],[3770432.6376999957,4719643.663600004],[3770517.256199998,4718989.1273],[3770829.407899996,4718597.5824],[3771642.795900006,4718653.950500004],[3771922.957199998,4718244.855699998],[3772481.6427000035,4718303.4543999955],[3772916.866100001,4718117.481300004],[3773416.5616000034,4718319.561599998],[3773163.961499996,4718989.2087],[3773561.115699998,4719263.690200003],[3774123.391800003,4719393.769699996],[3774332.222300004,4718952.684900004],[3773813.8735999987,4717807.6154],[3773710.3794999984,4716823.606300003],[3774227.093299999,4716441.301300001],[3774747.948100003,4716442.469300002],[3775266.7356999936,4716971.360699999],[3775672.687799994,4716710.529299998],[3775638.9263999956,4716372.1461],[3776018.036999999,4715445.956100002],[3776229.1584999976,4715284.733799999],[3776956.0155999996,4715358.7622],[3777444.778800004,4714964.726799997],[3778630.787900004,4714250.4463],[3779264.411099997,4713384.205999998],[3779526.7916000006,4712758.8095],[3780328.108900008,4712677.106100004],[3781069.786700005,4712950.166700002],[3781458.4816000042,4713375.299200001],[3781599.665599999,4714164.385999998],[3781298.0047999965,4714842.023599997],[3781628.2902000044,4715500.498700004],[3782655.4320999966,4716258.292600002],[3783153.320099999,4717254.600499997],[3783176.3430000045,4718099.7184999995],[3783538.615999993,4717986.396300003],[3783953.3176000006,4717242.957800001],[3784317.793099997,4717904.6231],[3783521.327899999,4718620.162299999],[3783700.060000001,4718773.603300002],[3784341.105700004,4718630.769799996],[3785010.583499995,4719090.562399995],[3784562.745600004,4719819.482299998],[3784808.906900002,4720092.993100002],[3785459.8636000035,4719819.479499999],[3785623.9721,4720317.270100005],[3786373.7075999975,4720561.302499997],[3786639.1047,4720843.452599997],[3787228.3466000003,4720609.814899996],[3787633.8342999965,4720885.599700004],[3788353.262400005,4719943.575399999],[3788643.6927000014,4719889.394300001],[3789120.0347999996,4720219.4532999955],[3788954.226300002,4720753.0749],[3789014.219200001,4721532.146200003],[3788829.2600999963,4721907.117600003],[3789217.181700003,4722166.426800003],[3789412.541199999,4721892.985499998],[3790064.901999999,4721776.633100003],[3790501.9834000035,4721922.151799995],[3791368.8646000037,4721791.708599997],[3791065.0569000035,4722636.451300001],[3790464.217099999,4723029.994100003],[3790465.8192,4723633.225299996],[3790887.461300004,4724000.1546],[3790508.951900001,4724373.0966],[3790569.263700005,4724874.757399997],[3790039.114500003,4725473.0155000035]]]]},"properties":{"District":"SIRMAUR","STATE":"HIMACHAL PRADESH","TEHSIL":"KAMRAU","Shape_Leng":136620.96044,"Shape_Area":171350491.554}},
{"type":"Feature","geometry":{"type":"MultiPolygon","coordinates":[[[[3739606.3202000037,4726661.889600003],[3738817.743500006,4726864.1942000035],[3737599.5138,4727426.873100005],[3736908.689499997,4728038.831400003],[3735508.8994000014,4728975.244600005],[3735081.6574999997,4729539.011499999],[3734907.6477999995,4730236.548500003],[3735255.972599999,4730702.051900003],[3734959.1022000047,4731404.239399996],[3734114.6658999985,4731903.977000002],[3733960.522900001,4731398.702900004],[3733364.1856999975,4730927.190200003],[3733140.102399998,4730589.347699998],[3732013.9451333317,4730594.156300004],[3731379.2320500016,4730377.185650007],[3731962.7241500095,4729561.536950003],[3732108.885,4728815.415199997],[3732050.5644,4728367.378199995],[3731553.0289000003,4727425.883949999],[3731767.0213000025,4726534.410799999],[3732255.1938000005,4725732.614650006],[3732707.760500001,4725640.670250007],[3732843.0271500037,4725329.540450005],[3732491.3871,4725040.897199996],[3732294.6871000007,4724412.858500003],[3732380.5966999987,4723881.194050007],[3732287.6398999984,4723060.9808],[3732382.115400003,4722614.9511],[3732187.3644000012,4721877.596700004],[3732460.316600004,4721454.841799999],[3731510.213699996,4720722.180700002],[3731573.674350002,4720386.631700004],[3730865.712550006,4719664.924099999],[3730438.1237000017,4719574.843099999],[3729903.4408999947,4718931.967999995],[3729335.1767500043,4719062.413899998],[3728789.5816999944,4718171.113900002],[3727722.0049999994,4717681.926999997],[3727506.3096499983,4717382.462099999],[3728185.480899994,4716440.892400004],[3728726.6595999952,4715232.914999997],[3729665.632600004,4714472.068599999],[3730283.3313,4714247.563900005],[3731257.2936000004,4714225.132800005],[3731987.6892500045,4714110.712799998],[3732192.6367999967,4713760.440900003],[3733003.137100004,4713489.118],[3733564.7432000013,4713022.789900003],[3734302.950999994,4712882.531600002],[3734459.622699998,4712300.967700001],[3734926.7158000027,4711892.910000004],[3735951.2849999983,4709984.415699998],[3735743.390899999,4709503.6851999955],[3735545.6448500045,4708498.533599997],[3735744.8906999966,4707306.600499996],[3735934.9896500027,4706922.5768],[3736288.7487999997,4707285.3741000015],[3735916.9936999986,4707805.523499999],[3735977.226600002,4708466.599600002],[3736602.5538000055,4708896.771400005],[3737203.689700001,4708962.710100003],[3737614.446000004,4709716.885999996],[3737121.501699998,4709838.148800004],[3737213.5338999964,4710234.982199999],[3738071.961699998,4710078.627700001],[3738163.703199998,4710325.4099],[3739266.4333,4710235.305499997],[3739794.3286,4710336.864799996],[3741300.8826000057,4710271.9991],[3741834.9388999986,4710633.530799998],[3742254.904700002,4711172.774500002],[3742620.5569999963,4710873.080500003],[3743209.1432000045,4711018.199900005],[3743978.9084999966,4710417.961899999],[3744769.5174999954,4710930.833999995],[3744532.9284000043,4711873.3638],[3744157.217400003,4712661.9825],[3742853.0847999956,4712640.576400004],[3742653.2957999986,4713416.4745000005],[3742308.412699995,4713492.1164],[3741696.3291000016,4714127.4245000025],[3741100.8331000023,4714029.325300004],[3740240.3968999973,4714618.203799998],[3740313.938600001,4714844.665600005],[3739949.786000002,4715237.630499996],[3739967.487300002,4715574.903599998],[3740674.6335999994,4715426.72],[3740885.245899994,4715554.930400003],[3740601.805200002,4716117.9366999995],[3740714.6286000037,4716878.683700003],[3741190.972200003,4716559.279100005],[3741615.1859000027,4716498.697099995],[3741861.7793999976,4716804.829100001],[3742234.762299998,4716613.056200003],[3742556.153599996,4716161.260799999],[3741888.096400003,4715883.090300001],[3742215.9779999983,4715411.414700005],[3743013.4948000005,4715152.149599997],[3744233.8373999977,4715493.279000001],[3744761.1049999977,4716331.8352000015],[3745850.4066000003,4716750.845699998],[3744990.8888000026,4716839.239200003],[3745046.941799998,4717551.855799997],[3746111.4607999977,4717243.239499999],[3746333.9935000017,4717373.639900003],[3746328.2352000033,4717968.1455999985],[3745359.397200006,4718363.532500001],[3745219.7974999975,4718820.2673],[3745834.033399998,4718847.325599995],[3746297.8392999973,4719309.638300001],[3746453.362400001,4719806.342699997],[3748214.6663999986,4719008.499300003],[3747344.6372999973,4718753.559799997],[3746816.350800004,4718322.787199996],[3747015.651399998,4717910.152899995],[3746892.6291000056,4717567.280099999],[3747774.4444999984,4716648.518300002],[3748187.888599999,4716749.548100001],[3748662.2323000003,4716498.744000002],[3748683.5906000026,4715941.438700005],[3749950.5928999977,4715976.344899999],[3750088.3254999947,4716381.578300001],[3750487.589300003,4716466.607999995],[3750664.9900000053,4716136.904199999],[3751358.497899999,4716582.7459999975],[3751690.0304999985,4716438.223700002],[3751445.316600005,4715837.888800001],[3751932.1304000025,4715616.4052],[3752053.6338000037,4716427.772500003],[3752520.8782,4716438.720799998],[3752953.6440000017,4716879.423900001],[3752859.4658999937,4717759.722299997],[3752661.9148000022,4717980.795099998],[3752703.5478,4718773.702600002],[3752047.943800001,4719448.170999996],[3750976.036899996,4720365.303100001],[3750637.845199999,4720904.929399999],[3750785.858700002,4721574.595200002],[3751798.5394999995,4721892.5149],[3751769.839900001,4722601.055399999],[3751118.4332000054,4722601.057599999],[3750488.743299995,4723616.168499995],[3749951.3322,4723464.1752999965],[3749614.772699995,4723681.311899997],[3749620.8078000033,4724595.557500003],[3749131.9038999947,4724951.4025],[3748515.248200002,4724907.6538999975],[3748001.4338000007,4725005.806700001],[3747689.5704999985,4724878.8364],[3747583.0083000027,4724499.513299999],[3746641.0585999987,4724233.2739],[3746644.4473000057,4723846.610099999],[3746230.542499996,4723591.029099998],[3745668.6945,4722778.803100001],[3744595.4042999977,4722736.596200004],[3743879.6778999977,4722834.669500001],[3743973.4200000037,4723193.532599998],[3743739.8200999983,4723891.820099998],[3743040.024400006,4724200.365199998],[3742643.421899995,4724511.179300003],[3742082.155400001,4724221.738300003],[3741816.253700002,4724413.181200004],[3742126.0283999946,4724943.6151],[3741492.7744000005,4725520.272599997],[3740911.6683999933,4725408.503599998],[3740508.5470999973,4726123.831500001],[3740022.0228999993,4726251.9245],[3739606.3202000037,4726661.889600003]]],[[[3745080.1630000058,4723998.326599998],[3744247.205200003,4724019.479399999],[3744340.2044000058,4723530.144599998],[3744593.3259,4723251.5812],[3745317.433599998,4723491.511200004],[3745080.1630000058,4723998.326599998]]],[[[3745653.8500000015,4724448.408999998],[3745879.412600005,4724648.380199999],[3745542.3910999936,4725064.065199999],[3745236.6874000025,4724925.094800003],[3745653.8500000015,4724448.408999998]]],[[[3743708.293900001,4725139.181800004],[3743490.663199998,4725551.756499995],[3742920.878300002,4725687.1296000015],[3742617.7849000064,4725554.509300003],[3742794.7950000037,4725022.843700001],[3743505.6313999975,4724993.0112],[3743708.293900001,4725139.181800004]]],[[[3752557.5427000006,4703670.500499999],[3752297.2695999937,4704178.032999996],[3752109.2339000045,4704923.9186],[3751711.219899999,4704945.857600002],[3751902.394700002,4705773.225100002],[3752455.7519999975,4705930.625500005],[3752012.0820999956,4706787.9311000025],[3751454.6172000067,4706867.803900003],[3751518.819799997,4707318.997999996],[3751822.8132999996,4707586.249400003],[3751735.355499995,4708548.188800003],[3751579.5748000033,4708826.532100001],[3751745.768000002,4709314.006000001],[3751478.8572999984,4709836.661899999],[3750859.2929000068,4710259.947799997],[3750595.328599994,4709725.253499998],[3750743.3790999996,4709498.901100002],[3750454.6845000004,4708894.6662],[3750678.0256999987,4708590.652600005],[3750623.232800004,4707892.946299998],[3750918.5128000034,4706999.016999999],[3751589.666199995,4706162.486499995],[3751661.384099995,4705248.3277],[3751524.8218000024,4704985.2957000015],[3752060.2246999983,4704328.967699997],[3751858.464400001,4703698.420200001],[3752557.5427000006,4703670.500499999]]],[[[3746828.600900002,4709091.099900001],[3746593.2898000022,4709458.543999996],[3746283.0453999992,4708994.940800002],[3746022.1995000024,4707923.641400002],[3745799.056900004,4707808.580999998],[3746708.3336000023,4707226.512500001],[3746829.866300001,4707660.176700003],[3746583.5562999956,4708426.664300003],[3746828.600900002,4709091.099900001]]],[[[3749218.6023999983,4708798.879399996],[3748811.6692000004,4708879.361500003],[3748772.325199995,4707872.332100002],[3749165.361000003,4708419.485799998],[3749218.6023999983,4708798.879399996]]],[[[3752875.765100001,4711318.361300003],[3753158.007700001,4711290.930199999],[3753079.669499998,4712105.628200003],[3752794.068199997,4712452.012500003],[3752721.9790999936,4712989.677700005],[3752186.3836999983,4712832.627699997],[3752759.616300006,4712030.238600001],[3752875.765100001,4711318.361300003]]],[[[3745958.8192000017,4714123.260499998],[3746338.144199997,4714606.623800002],[3746087.4929,4714928.037500003],[3745607.227700006,4714749.967600003],[3744930.8592,4714068.713299997],[3744582.4739999957,4713441.508499998],[3746324.0978000006,4712655.115400001],[3747506.176399999,4711858.713799998],[3747983.380000007,4711627.610199997],[3748868.0380000034,4711518.886400003],[3750237.7294000024,4711019.427099999],[3751472.901399998,4711093.503799997],[3752075.6767999968,4711052.121100001],[3751988.7772000018,4711410.415199997],[3751368.0323000015,4711735.5303],[3750665.784699995,4711428.619499998],[3750039.5418999996,4712380.720599998],[3749620.2958000014,4711698.365500003],[3749252.963100003,4711965.0692000035],[3748432.505800003,4712120.273400002],[3748378.0162,4712359.395900002],[3749006.8636,4712808.138000004],[3748767.5430999976,4713375.134199999],[3747776.3620999996,4712881.002799997],[3746858.363200004,4712797.934799995],[3745229.449299996,4713252.634500004],[3745320.9017000003,4713687.988299999],[3746200.779900003,4713675.175299999],[3745958.8192000017,4714123.260499998]]],[[[3747308.362499998,4714345.488200004],[3747427.505500004,4714894.272799995],[3746813.959499999,4714874.6248],[3746693.036399996,4714221.229],[3747074.608900003,4713949.774999999],[3747308.362499998,4714345.488200004]]]]},"properties":{"District":"SIRMAUR","STATE":"HIMACHAL PRADESH","TEHSIL":"NAHAN","Shape_Leng":261002.064083,"Shape_Area":283351911.946}},
{"type":"Feature","geometry":{"type":"Polygon","coordinates":[[[3761658.351800003,4749853.797299998],[3760455.5904000057,4749858.241099998],[3760171.9782999954,4750077.914100002],[3759258.3189000012,4749692.7111],[3759280.2478,4749315.709300001],[3758763.5407999996,4748601.0142],[3758443.017800003,4748581.934700005],[3758138.2826,4747868.9690999985],[3757940.607699997,4746881.990899998],[3756409.8392999964,4745696.774300003],[3755863.754499998,4745795.757100001],[3755275.740300004,4746189.062600003],[3755082.9700999977,4746608.717199997],[3754641.284500006,4746201.074799996],[3753986.7180999937,4746130.056200002],[3753848.575499999,4745689.052499995],[3753459.1904999996,4745278.279999998],[3752905.1753999954,4745353.702399995],[3752178.1481000045,4745086.6722000055],[3752375.938299996,4744624.947200004],[3751956.7042000014,4744562.547700003],[3750981.9957999997,4744779.083299999],[3750739.234899997,4745263.028499996],[3749547.6241999995,4745364.763199997],[3749620.342900005,4744807.007800005],[3750329.2079999987,4744315.790900003],[3750223.146300005,4744051.898899997],[3750493.907399998,4743628.5941],[3750061.080500001,4742744.126700001],[3750276.0616000034,4742435.153399996],[3749825.6561000007,4742032.141299997],[3749479.3526000045,4742006.162000001],[3749263.6889000013,4741496.2479],[3749686.3316000067,4741062.232600002],[3749691.989700001,4740509.937300002],[3749186.684600007,4740372.3675999995],[3748615.037899998,4739979.9258],[3748605.2168999994,4739667.023100004],[3748274.5727000013,4739273.240299998],[3747981.986800004,4738339.332500001],[3747406.1197999986,4737820.059300005],[3746172.9855999984,4737009.475699995],[3746252.5962999985,4736530.244500004],[3746962.6008000043,4736262.286100004],[3746980.6383000026,4735484.5888],[3747323.2502000015,4735028.193300004],[3747675.5437999927,4734201.230699998],[3748286.325800005,4734063.881099995],[3748791.957699996,4733250.831900004],[3749245.4614999965,4733010.778199999],[3749544.4546000026,4733179.028700005],[3750412.4809999987,4732566.900099998],[3750613.870899994,4732000.5342999995],[3751456.905099999,4730836.890500002],[3752177.5221000025,4730911.4189],[3752720.8883000044,4731256.480299998],[3752918.441200005,4731549.892599998],[3753486.166600001,4731587.761000001],[3753641.4307000004,4732449.488699995],[3754465.589400002,4732739.9688],[3755013.3330999957,4733104.403400004],[3754575.574699995,4733988.380199999],[3754616.065900001,4734257.112499997],[3755385.873800001,4734522.612900001],[3755648.028099996,4735101.027199995],[3756036.9134000046,4735559.120299995],[3756376.6964000007,4735560.019099997],[3756873.1229000045,4736101.662700006],[3757095.9142000033,4735747.108700002],[3757509.7780999956,4735881.668599997],[3758265.462700003,4735104.458700006],[3758556.8571999967,4735686.173400004],[3759003.8619000036,4735801.223099999],[3759060.1137999976,4736200.486499999],[3759567.060999998,4736970.532300003],[3759767.585699997,4737796.749099996],[3759574.5145000033,4737999.061800001],[3759317.194899995,4738957.921699999],[3759789.3196999994,4739046.240999997],[3760095.4633,4739377.763100002],[3760728.9388000015,4739057.528200002],[3761550.6269000047,4739274.397499997],[3762224.9532999983,4739259.935300002],[3762570.3857999975,4739024.591900001],[3764053.560800003,4739426.750599995],[3764607.8774000076,4739811.9928],[3765396.454400004,4739715.929500002],[3765800.227700006,4739528.156299999],[3766219.2422999977,4739736.6269],[3766768.079599997,4740362.9911],[3766274.9156000004,4740595.725],[3765695.473399995,4741109.798000004],[3765378.2902000016,4741562.967200002],[3764379.4531999994,4741681.797499998],[3763751.741800007,4742088.164999995],[3763006.069799993,4742186.640200001],[3763255.3314000024,4742779.395300003],[3763137.354599997,4743271.789899997],[3763186.0648000026,4744303.495699998],[3762742.402599996,4744574.3522000015],[3762736.249999998,4745122.090400001],[3762921.3120000027,4746199.138200003],[3762841.9564,4746894.293699997],[3763005.3593000025,4747372.881099997],[3762370.3897999963,4748038.274699997],[3762326.9663999956,4748407.3839],[3762001.284000006,4749080.466199998],[3761846.6134999963,4749811.575700002],[3761658.351800003,4749853.797299998]]]},"properties":{"District":"SIRMAUR","STATE":"HIMACHAL PRADESH","TEHSIL":"NOHRA","Shape_Leng":79530.5846614,"Shape_Area":178959204.936}},
{"type":"Feature","geometry":{"type":"Polygon","coordinates":[[[3746252.5962999985,4736530.244500004],[3745820.4624999966,4737058.667500004],[3746222.8084000014,4737774.352600003],[3746005.007299995,4738022.585799998],[3746003.138899996,4738546.6207],[3745068.260999999,4738841.156300005],[3744772.2295999993,4739238.7711999975],[3744776.131699999,4739824.4167000055],[3744471.580600001,4740397.552999999],[3744451.942199996,4740967.9284999985],[3744066.2495000027,4741196.131799997],[3744018.040799997,4741725.157099998],[3743704.2485999973,4742011.560800001],[3743585.7492000023,4742488.285599995],[3743113.1856999993,4742855.690700002],[3742502.7234999966,4743875.112200001],[3742099.8594999993,4743815.243300002],[3741800.345399999,4743398.480000001],[3741444.641899999,4743371.660799997],[3741164.811300002,4744039.598099995],[3740929.3804,4744273.910799995],[3741231.8145999974,4744780.0147],[3740924.7731000083,4745196.659599998],[3740639.180299996,4745169.2904],[3740036.655700002,4745490.125200003],[3739772.4058000008,4746330.6242],[3739912.198200005,4746603.206199996],[3739647.5080000022,4747310.363699997],[3739315.496400001,4747761.1589],[3739264.508100006,4748460.225600004],[3738615.082500004,4748602.768999999],[3738203.0512000043,4749350.207699998],[3738575.1771999933,4750130.503699996],[3738431.8268000055,4750421.606799999],[3737782.261699994,4750650.101100003],[3737838.254100007,4751317.737199999],[3737200.1683999947,4751461.020500002],[3736836.726500001,4751808.7752],[3735185.936,4750333.466599998],[3734521.889700002,4750281.158300001],[3734255.244499995,4749487.681800004],[3734234.572300001,4748806.455600001],[3733686.667199996,4748824.737499997],[3733451.9837000016,4748411.434200004],[3732923.5693000015,4748531.0371],[3732319.3919000034,4747979.993899997],[3731815.3593999995,4748725.402899997],[3731333.036199999,4749081.587499997],[3731216.306399998,4749463.4815000035],[3730674.3713999987,4749552.724000003],[3730112.2348000035,4749140.532000001],[3729456.650100003,4749502.917599998],[3729310.5880000037,4749280.815999999],[3727909.644599998,4749186.509499999],[3727433.9095999957,4749000.639500003],[3727641.3601000006,4748609.905299998],[3727513.8973000012,4748103.870799998],[3726684.028099995,4747643.079500001],[3726482.1044,4747050.234200003],[3725955.3395000026,4747063.036499996],[3725426.0834000027,4746729.634799997],[3724846.3279999997,4746782.087200003],[3724764.7042999975,4745901.668999996],[3724918.6145,4745547.185300002],[3724650.9803000027,4744975.530899998],[3724719.1696000015,4744539.416499997],[3724427.5556999985,4744207.834399996],[3724309.7726999987,4743667.549700001],[3724372.549800002,4742633.9398000045],[3723941.345099998,4742379.4389999965],[3723901.513699997,4742087.906400001],[3722358.576199998,4741119.362199999],[3722054.5732999933,4741107.103300005],[3721324.6646999987,4740578.4706999995],[3721061.431100006,4740209.247800004],[3719797.8075000015,4739641.146800001],[3719351.902200002,4739343.485500004],[3719074.196799998,4738434.287999997],[3719119.756300005,4738185.895399997],[3718615.3506000005,4737923.064499998],[3718252.2836000044,4737173.040233327],[3718883.1455000006,4736657.645200002],[3719505.6511000046,4737019.844850007],[3720458.169200006,4737045.145100005],[3720492.5976500064,4737717.914599999],[3720296.0881000054,4738087.473599999],[3720947.8616499994,4738361.191750003],[3721594.7008000053,4737538.078450004],[3722267.3268000046,4737551.596400003],[3722672.874199997,4737063.5555500025],[3723722.429600004,4737338.392099995],[3724073.7928500073,4737178.799550006],[3724478.304600004,4737299.2874000035],[3725330.963950009,4737035.099299998],[3725942.5441000033,4736170.87585],[3726666.9544999953,4735654.301250002],[3727048.106250001,4735613.198950008],[3727213.5384000046,4735316.375600003],[3727067.7805499984,4734424.360399997],[3727562.2467999966,4734460.567850002],[3727950.3077,4734767.4199500065],[3728381.396200002,4734186.680700004],[3728453.872700002,4733599.401950001],[3729271.9998999955,4733083.071550004],[3729690.639500004,4732338.760850003],[3730228.3111999985,4732328.235900003],[3730871.0600499967,4731563.593199998],[3731470.115699997,4731368.545499999],[3731734.6636000006,4730823.956099996],[3732013.9451333317,4730594.156300004],[3733140.102399998,4730589.347699998],[3733364.1856999975,4730927.190200003],[3733960.522900001,4731398.702900004],[3734114.6658999985,4731903.977000002],[3734959.1022000047,4731404.239399996],[3735255.972599999,4730702.051900003],[3734907.6477999995,4730236.548500003],[3735081.6574999997,4729539.011499999],[3735508.8994000014,4728975.244600005],[3736908.689499997,4728038.831400003],[3737599.5138,4727426.873100005],[3738817.743500006,4726864.1942000035],[3739606.3202000037,4726661.889600003],[3739878.793700003,4726908.271000002],[3740369.1082000025,4726908.469399996],[3741572.147399999,4726353.470400004],[3741831.092299998,4726974.895200001],[3742219.3860999974,4727074.564899999],[3742400.8791999985,4727450.307699997],[3742351.969499997,4727720.4706000015],[3742751.484899995,4728221.324200001],[3743224.7986999974,4728121.131499995],[3743509.3827,4728400.323199999],[3743994.327600003,4728516.142700005],[3744081.4412000068,4729407.970899997],[3744347.184699994,4729683.132699996],[3744270.9152000058,4730102.536800002],[3745083.0135999955,4730297.126],[3746138.2266000016,4731244.351400001],[3746101.828800001,4732086.089500002],[3747225.3024999993,4733013.564699999],[3747597.0265000025,4733210.855399996],[3747313.636599999,4734025.433899997],[3747675.5437999927,4734201.230699998],[3747323.2502000015,4735028.193300004],[3746980.6383000026,4735484.5888],[3746962.6008000043,4736262.286100004],[3746252.5962999985,4736530.244500004]]]},"properties":{"District":"SIRMAUR","STATE":"HIMACHAL PRADESH","TEHSIL":"PACHHAD","Shape_Leng":109219.802142,"Shape_Area":380926846.822}},
{"type":"Feature","geometry":{"type":"Polygon","coordinates":[[[3738151.0162000023,4754117.372300001],[3737631.6626000036,4754497.677600001],[3737058.1367999967,4754385.638400004],[3736896.3429999994,4753691.1125000045],[3736181.3539999994,4753023.408599999],[3736296.9831999997,4752387.0923000015],[3736836.726500001,4751808.7752],[3737200.1683999947,4751461.020500002],[3737838.254100007,4751317.737199999],[3737782.261699994,4750650.101100003],[3738431.8268000055,4750421.606799999],[3738575.1771999933,4750130.503699996],[3738203.0512000043,4749350.207699998],[3738615.082500004,4748602.768999999],[3739264.508100006,4748460.225600004],[3739315.496400001,4747761.1589],[3739647.5080000022,4747310.363699997],[3739912.198200005,4746603.206199996],[3739772.4058000008,4746330.6242],[3740036.655700002,4745490.125200003],[3740639.180299996,4745169.2904],[3740924.7731000083,4745196.659599998],[3741231.8145999974,4744780.0147],[3740929.3804,4744273.910799995],[3741164.811300002,4744039.598099995],[3741444.641899999,4743371.660799997],[3741800.345399999,4743398.480000001],[3742099.8594999993,4743815.243300002],[3742502.7234999966,4743875.112200001],[3743113.1856999993,4742855.690700002],[3743585.7492000023,4742488.285599995],[3743704.2485999973,4742011.560800001],[3744018.040799997,4741725.157099998],[3744066.2495000027,4741196.131799997],[3744451.942199996,4740967.9284999985],[3744471.580600001,4740397.552999999],[3744776.131699999,4739824.4167000055],[3744772.2295999993,4739238.7711999975],[3745068.260999999,4738841.156300005],[3746003.138899996,4738546.6207],[3746005.007299995,4738022.585799998],[3746222.8084000014,4737774.352600003],[3745820.4624999966,4737058.667500004],[3746252.5962999985,4736530.244500004],[3746172.9855999984,4737009.475699995],[3747406.1197999986,4737820.059300005],[3747981.986800004,4738339.332500001],[3748274.5727000013,4739273.240299998],[3748605.2168999994,4739667.023100004],[3748615.037899998,4739979.9258],[3749186.684600007,4740372.3675999995],[3749691.989700001,4740509.937300002],[3749686.3316000067,4741062.232600002],[3749263.6889000013,4741496.2479],[3749479.3526000045,4742006.162000001],[3749825.6561000007,4742032.141299997],[3750276.0616000034,4742435.153399996],[3750061.080500001,4742744.126700001],[3750493.907399998,4743628.5941],[3750223.146300005,4744051.898899997],[3750329.2079999987,4744315.790900003],[3749620.342900005,4744807.007800005],[3749547.6241999995,4745364.763199997],[3750739.234899997,4745263.028499996],[3750981.9957999997,4744779.083299999],[3751956.7042000014,4744562.547700003],[3752375.938299996,4744624.947200004],[3752178.1481000045,4745086.6722000055],[3752905.1753999954,4745353.702399995],[3753459.1904999996,4745278.279999998],[3753848.575499999,4745689.052499995],[3753986.7180999937,4746130.056200002],[3754641.284500006,4746201.074799996],[3755082.9700999977,4746608.717199997],[3755275.740300004,4746189.062600003],[3755863.754499998,4745795.757100001],[3756409.8392999964,4745696.774300003],[3757940.607699997,4746881.990899998],[3758138.2826,4747868.9690999985],[3758443.017800003,4748581.934700005],[3758763.5407999996,4748601.0142],[3759280.2478,4749315.709300001],[3759258.3189000012,4749692.7111],[3758475.454300003,4750628.724599995],[3757800.2744999956,4750994.343],[3757467.2359999986,4750808.109000001],[3756402.6349000074,4750559.940100001],[3755393.3164000027,4750846.995999999],[3754746.9412000026,4751127.510699999],[3754331.437200001,4751080.351499998],[3753590.790799996,4751297.726099998],[3752713.346800003,4751767.5681000035],[3752686.135700006,4752278.467999996],[3751745.788299999,4752693.865100004],[3751641.4193999968,4753316.631299999],[3751290.5468999976,4753558.504700005],[3750700.3416000027,4753654.957300002],[3749493.4519999996,4754172.516100003],[3749003.318499999,4754462.3905000035],[3748734.2252000007,4754244.009099999],[3748926.515399998,4753731.453699999],[3748526.699199999,4752980.928200003],[3748141.616899995,4753397.9133],[3747667.9618000006,4753154.382600002],[3746963.745499997,4753233.535699998],[3746354.211199998,4753688.521699995],[3746005.7568000015,4753341.939599997],[3745515.1930000074,4753589.793500001],[3745138.1784999967,4753270.021599997],[3744703.1542000026,4753211.352700001],[3744112.617,4752705.059400001],[3744394.599299999,4752542.2973000035],[3744927.424700004,4752668.486800004],[3745468.609099996,4752499.063500002],[3745260.973199998,4751226.632100001],[3744754.3663000003,4750604.418100001],[3744547.5144999963,4750610.418699998],[3744123.3021999956,4751158.6252000015],[3743647.9867999977,4750814.8137],[3743605.724899997,4750417.59],[3742625.4117000066,4749092.900999999],[3742163.5976000004,4749230.913500003],[3741917.9673999986,4749859.660300005],[3742235.8532000077,4750687.0569],[3741385.738399999,4751641.198600002],[3740971.764700005,4751753.951000003],[3740378.631099996,4752351.2684],[3740274.052500003,4753039.215400001],[3739969.2112000003,4753559.621099997],[3738151.0162000023,4754117.372300001]]]},"properties":{"District":"SIRMAUR","STATE":"HIMACHAL PRADESH","TEHSIL":"RAJGARH","Shape_Leng":98037.471877,"Shape_Area":178556218.442}},
{"type":"Feature","geometry":{"type":"Polygon","coordinates":[[[3758560.810299999,4761674.458099997],[3758344.441000002,4762435.705099998],[3758026.189900001,4763014.411699995],[3757460.5859000026,4763400.966899997],[3757105.7527,4763465.628799998],[3757040.583499998,4763915.233299998],[3756476.302199997,4764600.046099999],[3755772.2931000013,4764413.1525],[3755339.6199999964,4764667.296199998],[3754158.5041999957,4766274.554999997],[3753887.1617000047,4766249.4056],[3753213.407100003,4766821.643199995],[3752633.492700004,4767100.757600002],[3752214.6072999984,4766636.594700005],[3752449.6687999964,4766382.871399995],[3751940.0908999927,4765501.674899997],[3751287.2547000013,4765407.826199997],[3749710.7679000013,4764791.216099998],[3749296.295400003,4765066.148799997],[3748565.836499999,4764564.337100001],[3748574.0654999977,4764151.073100004],[3748001.9586,4763681.860499997],[3747551.3416999998,4762803.333800003],[3747226.0271999952,4762411.231199997],[3746488.5496000024,4762150.201200004],[3746217.585699994,4761666.976899997],[3745314.7164000007,4761388.7971],[3745133.303400004,4761000.9541000035],[3745439.0748000024,4760477.9484],[3744972.868100003,4759787.0532],[3744674.0546999993,4759610.772399997],[3743334.722,4759570.3665],[3743047.058599997,4759270.814699998],[3741831.7546000015,4758482.611499999],[3741963.0147000067,4758180.848199997],[3741591.5987000046,4757369.811800003],[3740881.6102000047,4756755.8683],[3740791.0888,4756523.656500004],[3740108.8602000047,4756003.963600002],[3739986.9285999993,4755758.611800005],[3739363.5024000034,4755624.462499996],[3739016.865899999,4754678.035000001],[3738513.299700002,4754193.482],[3738151.0162000023,4754117.372300001],[3739969.2112000003,4753559.621099997],[3740274.052500003,4753039.215400001],[3740378.631099996,4752351.2684],[3740971.764700005,4751753.951000003],[3741385.738399999,4751641.198600002],[3742235.8532000077,4750687.0569],[3741917.9673999986,4749859.660300005],[3742163.5976000004,4749230.913500003],[3742625.4117000066,4749092.900999999],[3743605.724899997,4750417.59],[3743647.9867999977,4750814.8137],[3744123.3021999956,4751158.6252000015],[3744547.5144999963,4750610.418699998],[3744754.3663000003,4750604.418100001],[3745260.973199998,4751226.632100001],[3745468.609099996,4752499.063500002],[3744927.424700004,4752668.486800004],[3744394.599299999,4752542.2973000035],[3744112.617,4752705.059400001],[3744703.1542000026,4753211.352700001],[3745138.1784999967,4753270.021599997],[3745515.1930000074,4753589.793500001],[3746005.7568000015,4753341.939599997],[3746354.211199998,4753688.521699995],[3746963.745499997,4753233.535699998],[3747667.9618000006,4753154.382600002],[3748141.616899995,4753397.9133],[3748526.699199999,4752980.928200003],[3748926.515399998,4753731.453699999],[3748734.2252000007,4754244.009099999],[3749003.318499999,4754462.3905000035],[3749493.4519999996,4754172.516100003],[3750700.3416000027,4753654.957300002],[3751290.5468999976,4753558.504700005],[3751641.4193999968,4753316.631299999],[3751745.788299999,4752693.865100004],[3752686.135700006,4752278.467999996],[3752713.346800003,4751767.5681000035],[3753590.790799996,4751297.726099998],[3754331.437200001,4751080.351499998],[3754746.9412000026,4751127.510699999],[3755393.3164000027,4750846.995999999],[3756402.6349000074,4750559.940100001],[3757467.2359999986,4750808.109000001],[3757800.2744999956,4750994.343],[3757748.2197000007,4751295.383299995],[3758084.2850999944,4752083.779700002],[3757891.456499998,4753014.288900003],[3757560.1454999996,4753648.015799998],[3757077.4020999973,4754046.491299998],[3756644.5139000006,4755852.329999996],[3756496.5091000004,4756079.200299999],[3756636.646300003,4756592.0665],[3756371.675200003,4757032.191399995],[3757536.5583999953,4757764.804600002],[3758648.3406999996,4758647.3246],[3758793.1423000055,4759372.570099996],[3758478.925599996,4760227.946099998],[3758713.359700002,4760954.1601],[3758560.810299999,4761674.458099997]]]},"properties":{"District":"SIRMAUR","STATE":"HIMACHAL PRADESH","TEHSIL":"RONHAT","Shape_Leng":86114.7321399,"Shape_Area":192234215.689}},
{"type":"Feature","geometry":{"type":"Polygon","coordinates":[[[3770145.170199997,4740134.0485000005],[3768907.118900003,4740251.083800003],[3768618.935099994,4739886.120999996],[3768091.609899997,4739804.542299998],[3767951.8098999993,4740246.226700004],[3768468.6676999973,4741208.634200001],[3768416.8812999995,4742473.666299998],[3768170.5423000036,4742604.939499998],[3767125.5704000033,4742774.6026],[3766318.0787,4742266.455600001],[3766053.4390000044,4741583.3223],[3765695.473399995,4741109.798000004],[3766274.9156000004,4740595.725],[3766768.079599997,4740362.9911],[3766219.2422999977,4739736.6269],[3765800.227700006,4739528.156299999],[3765396.454400004,4739715.929500002],[3764607.8774000076,4739811.9928],[3764053.560800003,4739426.750599995],[3762570.3857999975,4739024.591900001],[3762224.9532999983,4739259.935300002],[3761550.6269000047,4739274.397499997],[3760728.9388000015,4739057.528200002],[3760095.4633,4739377.763100002],[3759789.3196999994,4739046.240999997],[3759317.194899995,4738957.921699999],[3759574.5145000033,4737999.061800001],[3759767.585699997,4737796.749099996],[3759567.060999998,4736970.532300003],[3759060.1137999976,4736200.486499999],[3759003.8619000036,4735801.223099999],[3758556.8571999967,4735686.173400004],[3758265.462700003,4735104.458700006],[3757509.7780999956,4735881.668599997],[3757095.9142000033,4735747.108700002],[3756873.1229000045,4736101.662700006],[3756376.6964000007,4735560.019099997],[3756036.9134000046,4735559.120299995],[3755648.028099996,4735101.027199995],[3755385.873800001,4734522.612900001],[3754616.065900001,4734257.112499997],[3754575.574699995,4733988.380199999],[3755013.3330999957,4733104.403400004],[3754465.589400002,4732739.9688],[3753641.4307000004,4732449.488699995],[3753486.166600001,4731587.761000001],[3752918.441200005,4731549.892599998],[3752720.8883000044,4731256.480299998],[3752177.5221000025,4730911.4189],[3751456.905099999,4730836.890500002],[3751824.2175000003,4730496.496199995],[3752860.604900005,4729818.946400004],[3753190.0373,4729508.022300001],[3752815.9625000004,4729181.470500002],[3753085.2234999975,4728716.835299999],[3754136.3241999927,4728978.604299996],[3754413.8059999985,4728686.100699995],[3754576.6751000006,4727920.6228],[3755457.7418000065,4727525.456399999],[3755744.4108000016,4726329.674000001],[3756127.902700002,4725762.787499998],[3755855.738600003,4725310.104100002],[3756063.5489999987,4724793.028499999],[3756576.872899998,4724516.564199996],[3756962.8565000035,4724555.933300002],[3757466.9199000006,4724084.157399999],[3757959.7009999966,4723057.675899999],[3757665.645499995,4722195.238799999],[3757749.1242000014,4721549.112399997],[3757638.57,4720589.823899996],[3758349.9661999987,4720364.7793000005],[3759080.5028000004,4720358.0069999965],[3759608.5459999964,4719723.2892],[3760138.669900003,4719405.974600002],[3760969.5488999984,4719784.4953000005],[3761416.3131000055,4719805.204199999],[3761820.4957999997,4719463.999499995],[3762643.1925000073,4719072.043400003],[3763304.5597999953,4719486.874999999],[3764449.6507000057,4719496.001100002],[3764627.8439000053,4719235.0184],[3764745.223,4719288.998699997],[3765256.040500002,4720170.2352],[3765858.996200001,4720132.142900001],[3766294.393299994,4721084.1705],[3766609.7780999984,4721678.475099996],[3767304.706899997,4722400.109799998],[3767789.2540000034,4723162.475499997],[3767694.4238999975,4723404.527899996],[3768969.6772999973,4723888.588599995],[3769104.5796000017,4724181.320800003],[3769761.3144999975,4723763.294900002],[3769988.5253000073,4723347.440199998],[3770416.598399997,4723082.146399997],[3771210.226400001,4723245.605499998],[3771619.789799999,4723080.442400003],[3772664.4809999997,4723541.413400002],[3772566.513899997,4724701.884799996],[3773510.542299997,4724657.051400002],[3773940.0770999994,4724765.930899998],[3774007.4287,4725061.153499997],[3773814.3473000014,4725170.645300003],[3773372.605499995,4725949.773899995],[3772847.330499998,4725953.635599997],[3771740.3924999954,4726685.936100003],[3771073.646499999,4726766.999099996],[3770671.6115000057,4726408.6369],[3770071.885900002,4726417.589],[3769330.9979000054,4726119.118399999],[3768926.944399998,4726178.490600003],[3768579.0225999993,4726784.677099995],[3768405.284000001,4727562.755100001],[3768522.7963000005,4727983.2886],[3768344.0464000013,4728536.834499997],[3768362.6893999996,4729439.032999998],[3767803.125200002,4729744.807699998],[3767864.607399996,4730288.082799999],[3768444.124900002,4730921.036599997],[3769241.002899996,4731070.155499997],[3769916.5490000015,4730960.272100005],[3770868.0382000017,4731022.959899999],[3771466.9742,4731174.989299998],[3772281.893000003,4731556.2404000005],[3773014.899400001,4731409.966699999],[3773398.4036000045,4731578.157000005],[3773244.5254999977,4732666.977799998],[3773002.8555999985,4733364.215200004],[3773257.7799000004,4733986.6402999945],[3773041.000900005,4734957.410099999],[3773382.1649999972,4735196.181400001],[3773558.3682999983,4735698.905600001],[3773177.8153999927,4735972.619200002],[3773031.3553000004,4736334.923200004],[3772586.4217999997,4736579.456900001],[3772560.4935000055,4737163.772500001],[3772097.990699998,4737616.608199995],[3771751.6278000046,4737741.900499998],[3771039.133000001,4738323.2983000055],[3770322.989599999,4739427.780999998],[3770145.170199997,4740134.0485000005]]]},"properties":{"District":"SIRMAUR","STATE":"HIMACHAL PRADESH","TEHSIL":"RENUKA","Shape_Leng":104518.823706,"Shape_Area":289516350.082}},
{"type":"Feature","geometry":{"type":"Polygon","coordinates":[[[3779362.9398000054,4742734.582100003],[3778918.4016000014,4742991.967799997],[3777576.0389,4742975.752000005],[3776674.7020999976,4743506.219799996],[3776332.028700003,4743423.530000003],[3775486.2111999975,4743590.204399996],[3775245.2283000015,4743438.553800004],[3774884.3217,4742366.9848000035],[3775045.8416999998,4741861.069499999],[3774236.7635000004,4741704.870600003],[3773870.5992000047,4741410.829],[3773531.543499998,4740650.922900001],[3772993.6672999994,4740319.241399998],[3772217.439700001,4740150.922299998],[3771467.6928999987,4740260.5459],[3771188.909900004,4740095.895300003],[3770355.3326000003,4740278.009499999],[3770145.170199997,4740134.0485000005],[3770322.989599999,4739427.780999998],[3771039.133000001,4738323.2983000055],[3771751.6278000046,4737741.900499998],[3772097.990699998,4737616.608199995],[3772560.4935000055,4737163.772500001],[3772586.4217999997,4736579.456900001],[3773031.3553000004,4736334.923200004],[3773177.8153999927,4735972.619200002],[3773558.3682999983,4735698.905600001],[3773382.1649999972,4735196.181400001],[3773041.000900005,4734957.410099999],[3773257.7799000004,4733986.6402999945],[3773002.8555999985,4733364.215200004],[3773244.5254999977,4732666.977799998],[3773398.4036000045,4731578.157000005],[3773014.899400001,4731409.966699999],[3772281.893000003,4731556.2404000005],[3771466.9742,4731174.989299998],[3770868.0382000017,4731022.959899999],[3769916.5490000015,4730960.272100005],[3769241.002899996,4731070.155499997],[3768444.124900002,4730921.036599997],[3767864.607399996,4730288.082799999],[3767803.125200002,4729744.807699998],[3768362.6893999996,4729439.032999998],[3768344.0464000013,4728536.834499997],[3768522.7963000005,4727983.2886],[3768405.284000001,4727562.755100001],[3768579.0225999993,4726784.677099995],[3768926.944399998,4726178.490600003],[3769330.9979000054,4726119.118399999],[3770071.885900002,4726417.589],[3770671.6115000057,4726408.6369],[3771073.646499999,4726766.999099996],[3771740.3924999954,4726685.936100003],[3772847.330499998,4725953.635599997],[3773372.605499995,4725949.773899995],[3773814.3473000014,4725170.645300003],[3774007.4287,4725061.153499997],[3774702.9262999957,4725470.675299995],[3774843.4601000017,4726189.371700002],[3775343.1258999966,4726518.3533000015],[3776021.642599998,4726654.222399997],[3776127.5316999964,4725981.835400004],[3777365.0034000007,4726118.462999997],[3777429.8833000027,4725819.2798999995],[3778271.4707000004,4725543.624600003],[3778639.594800004,4725906.6368],[3779321.770499994,4725634.542099997],[3779816.9756999994,4725786.332099997],[3780298.3593,4725477.767399999],[3780849.1950999983,4725709.757900001],[3781759.474100004,4725875.376699997],[3782364.5584000004,4725360.099900001],[3783717.2006,4725304.874999996],[3783835.4200000037,4724745.769299999],[3784266.4346999982,4724875.269299996],[3784936.4405999994,4724765.3262],[3785452.8540999945,4724304.360200001],[3786597.006700001,4724942.522500001],[3787006.230899998,4725025.591900002],[3788132.1641999967,4725881.876600001],[3788471.198700002,4726265.719100002],[3788869.262400004,4726226.077400003],[3789551.959499999,4726435.237499997],[3790146.183899997,4726162.0428],[3789670.3281999975,4725668.249699995],[3790039.114500003,4725473.0155000035],[3790501.567599996,4726028.039900003],[3790585.718900005,4726373.3603000045],[3791121.4805999994,4726578.138799996],[3791020.7621000046,4727040.7601],[3790632.381599997,4727118.141600005],[3790057.3398,4726927.2732],[3789372.4708000002,4727583.246799998],[3789325.9817000013,4727875.727600003],[3788469.891000003,4728140.7611000035],[3788052.0411000024,4728394.822999999],[3787929.082000004,4728724.974100002],[3786895.851599995,4729153.908599999],[3786999.5743000004,4729896.159699999],[3786851.2566000014,4730651.041599996],[3787414.3487,4730984.420099998],[3787233.629499998,4731262.721400004],[3787376.9914000034,4731711.131700001],[3787738.9032999985,4732104.441299997],[3787278.0541999997,4732590.733800001],[3786957.9839999955,4732724.5052000005],[3786978.5261999927,4733327.748399999],[3786816.1178000006,4733589.055600002],[3786195.515399996,4733831.3108],[3785914.248800001,4734097.155000004],[3786042.1819999935,4734623.397099998],[3785628.5403000005,4735252.294699999],[3785189.5991000044,4735125.446],[3784705.190700006,4735848.499000005],[3784417.6505000005,4735974.5101],[3783991.201199998,4735803.820599997],[3783219.357900001,4735834.673999997],[3782760.0992000056,4736491.966800004],[3783092.791899998,4737052.856899998],[3783388.1394,4737162.967400002],[3783107.823499996,4737707.1433000015],[3782922.1346000023,4738435.354300002],[3781931.297799997,4739204.112499999],[3781526.085699999,4739785.159399999],[3781122.5427,4740024.902900001],[3781411.4378999956,4740723.638699997],[3781020.346100004,4741340.425599998],[3780361.1300000055,4741391.3483000025],[3780182.0595000032,4741795.432700003],[3779863.227099998,4741980.915300001],[3779362.9398000054,4742734.582100003]]]},"properties":{"District":"SIRMAUR","STATE":"HIMACHAL PRADESH","TEHSIL":"SHALAI","Shape_Leng":93720.6680184,"Shape_Area":237306828.964}},
{"type":"Feature","geometry":{"type":"Polygon","coordinates":[[[3710292.350599993,4805708.394000005],[3709591.7496999996,4805429.972899998],[3708802.812100004,4805327.954599996],[3708322.7385999993,4805591.278599999],[3708006.7644000025,4805170.185799997],[3707168.436300004,4805094.397800001],[3706602.7491999976,4804462.463900003],[3706044.9011999946,4804192.115500003],[3705836.798999999,4803761.423399998],[3706489.369499998,4803059.465900002],[3706703.4492999986,4802527.328399997],[3706365.006300002,4802118.167599999],[3705961.8562999973,4802017.457799998],[3706174.0784999994,4801656.409299999],[3707415.3378,4800883.390200002],[3707673.5203,4800427.070699997],[3708076.7511,4800187.9429],[3708577.930899998,4800122.098900003],[3709472.7814999977,4800281.175599997],[3709949.412600006,4799824.509199996],[3710049.3977999957,4799059.243399998],[3710854.4130999995,4798981.366699999],[3710360.5311999978,4798263.066500002],[3710221.3138000015,4797880.194600006],[3709828.7963000014,4797495.192400005],[3709710.726000006,4797047.186399998],[3708994.9214999983,4796519.100500001],[3708664.941399996,4796669.960799996],[3708183.6129999952,4796531.443700004],[3707394.160899998,4795784.714099998],[3707676.7304000054,4795532.915199999],[3707765.7472,4795000.355],[3707542.9033999974,4794758.6055000005],[3706868.2754000016,4794825.020400002],[3706507.763200002,4794405.448599998],[3706114.1678000027,4794576.408999998],[3705566.914800007,4794527.153200002],[3705294.9258999974,4793855.707000002],[3705341.8774999976,4793383.279999998],[3704889.3813000033,4792685.174599998],[3705107.293200001,4791853.787900001],[3705797.232500006,4791154.449599998],[3705616.9707999965,4790756.151000002],[3705958.0372999962,4790292.583999999],[3706003.1099000005,4789903.546500003],[3705550.5821999987,4789801.7723],[3703862.5176000027,4789843.719800001],[3703367.192800001,4790356.823100005],[3703208.075900006,4790781.310500001],[3702653.0729999975,4790730.157500002],[3702439.9043999957,4791137.233800001],[3701719.8266000017,4790991.166099997],[3701399.1000000057,4790467.830300003],[3701123.997299996,4790381.050200003],[3701592.7026999965,4789198.368999997],[3702023.4152000006,4788709.8127000015],[3702108.6950000003,4788391.649900004],[3702678.857300003,4787576.370299997],[3702805.296400006,4787053.185000002],[3703219.0979999993,4786255.5463],[3703316.0169999967,4785716.190899999],[3703316.5429000054,4784494.239599997],[3703882.906299998,4783901.042100004],[3703988.395200003,4783299.736199997],[3703941.6224000007,4782579.549800005],[3703761.988700007,4781981.784800002],[3704113.1401000055,4781404.498299999],[3704555.9606000045,4780297.906599997],[3705125.284799999,4780036.812199999],[3705488.168399999,4780111.721900003],[3705948.4715000056,4779719.466800002],[3706018.601000006,4779341.852899999],[3706682.033200003,4778293.900899999],[3706090.0059999977,4777664.367199995],[3705782.1609999966,4777010.552000003],[3706548.282200004,4775278.963400001],[3707127.391400002,4774185.990099996],[3707983.6128000054,4774442.620900001],[3708401.975599995,4774104.146400005],[3709081.0386999976,4773193.815600004],[3709649.1148999985,4773462.506400004],[3710754.2857000036,4773585.903900001],[3711035.685800002,4772871.756099997],[3710922.7306999974,4771668.835099999],[3711364.6341999965,4771463.772199996],[3711464.666000004,4771800.174800003],[3712516.8655999936,4771711.150500001],[3712773.2884000055,4771824.8110000035],[3713174.501500001,4771588.977200002],[3714133.9912999994,4771951.097300004],[3714635.4425000073,4771989.956099996],[3714674.168499995,4772603.8118],[3714400.1664000037,4772756.404200003],[3715458.300099996,4773898.241199997],[3716634.6531999996,4774578.198600005],[3717102.0180999977,4774756.293800002],[3716958.780300002,4775804.613900002],[3716687.090299999,4776623.4124],[3716343.6589,4777067.127599997],[3715765.843699999,4777203.970999999],[3715838.977000001,4777969.977799997],[3716160.6401,4778012.5571],[3716665.215099998,4778195.5572],[3717459.1268000044,4777860.525500001],[3718139.6784000006,4777946.179900001],[3718024.919699994,4778753.268200001],[3718112.901600007,4779078.090799996],[3717926.051700008,4779633.676500002],[3718217.8964000004,4780247.2613],[3718753.1322000036,4780453.321400001],[3719170.458200001,4781109.226199999],[3719660.803200001,4781318.706199999],[3720238.200999999,4782039.401400004],[3720580.824299996,4782043.450199996],[3720569.5935000004,4782693.535600003],[3720307.4272000017,4783729.906499998],[3720407.829000001,4784079.699900004],[3720230.5089999996,4784525.4043000005],[3720493.992700007,4784919.677099995],[3719635.5151999993,4785181.223299997],[3718578.937899995,4785773.711399999],[3718445.727799994,4786087.484700002],[3717616.842299998,4786788.323900001],[3717592.0134999957,4787200.637800004],[3717873.7274999996,4787638.550900001],[3717718.827000002,4787908.794100005],[3718269.025300006,4788882.3113],[3719436.2187000006,4789717.115400005],[3718658.563200001,4790202.862199999],[3718660.3764000004,4791168.830999999],[3717961.9011999955,4791590.597199997],[3717820.0205999995,4792008.412600003],[3717902.3340000007,4792507.476000004],[3718406.4796,4792871.9773],[3719167.939999996,4793895.464599997],[3720468.1148000006,4795341.808599998],[3719803.6821999974,4795907.541500002],[3719576.3024000013,4796605.088700001],[3718542.0754000004,4797353.4891000055],[3717847.871100002,4798049.627799995],[3717210.497100001,4798535.904300003],[3714733.3391999984,4800052.196499999],[3714667.4809999964,4800769.593300004],[3714396.499499996,4801095.2771000005],[3713350.7015000004,4801609.475299999],[3712805.038300003,4802111.081699997],[3712252.503200003,4802102.023600001],[3712484.4972999957,4802759.238800003],[3712460.528599996,4803191.442899996],[3712125.507500003,4803740.5189999975],[3711691.754400001,4804040.473200004],[3711461.1334000016,4804429.0977],[3710556.258800001,4805508.9904],[3710292.350599993,4805708.394000005]]]},"properties":{"District":"SOLAN","STATE":"HIMACHAL PRADESH","TEHSIL":"ARKI","Shape_Leng":121094.81055,"Shape_Area":376340973.577}},
{"type":"Feature","geometry":{"type":"Polygon","coordinates":[[[3700114.9398000007,4771291.941000003],[3699531.3799,4770925.7746],[3698240.020200003,4771232.002699999],[3697920.595200006,4771475.827799998],[3697201.778699998,4771098.1915],[3697275.6966999993,4770461.085499995],[3697005.0731000025,4770122.517700006],[3696415.512500002,4769896.505900001],[3696114.840899994,4769966.1988999965],[3695693.329899996,4769678.996100001],[3694962.746000003,4769475.784399997],[3694492.236500006,4768318.8806000035],[3694241.7086000023,4768290.028299996],[3694029.4993000003,4767766.7491000015],[3693225.955799993,4767619.8312],[3692066.9670999995,4767662.317900002],[3691930.7810000023,4767177.161300002],[3691315.7515999973,4766705.9988],[3691376.988899999,4766311.416100001],[3690456.653399995,4766186.890900006],[3689498.0403999956,4766718.042599995],[3688588.3836999973,4766611.5733],[3688030.8041,4766646.198400002],[3687561.2923000036,4766879.973199997],[3687946.132400003,4767625.662199996],[3687342.513199997,4767637.211199997],[3686869.636400003,4767998.675099995],[3686753.8329999954,4768489.625599995],[3685007.1197999995,4769462.481399999],[3684712.9710000046,4769215.3278],[3685608.8571999944,4768305.505500003],[3685441.046599998,4767943.178699996],[3684953.404500005,4767743.666799999],[3684678.9926000033,4767832.6070000045],[3684266.0332999974,4767578.639199995],[3684694.949299998,4766677.135899997],[3685857.4015000043,4766361.370199997],[3685529.5499000065,4765870.347299997],[3684055.0298,4764924.164399996],[3684960.244300002,4764129.915299997],[3685151.3797999993,4764288.965999994],[3685691.259999999,4763649.577799996],[3686041.2040999997,4763406.982699999],[3686096.121399995,4762784.490000002],[3687046.268599999,4762668.751899996],[3687893.0807,4762734.593500003],[3688817.5721000032,4762968.118500001],[3689508.5558000025,4762754.523400001],[3689661.8364999965,4762251.534799997],[3690165.874599997,4761747.261400002],[3690652.7824999983,4761887.911500003],[3690888.8536000075,4761455.721299998],[3691926.7678000033,4760172.862000001],[3692019.1432000054,4759283.611800004],[3692194.6362999966,4758815.8785],[3692896.323700006,4758400.055700005],[3693033.235199999,4758022.995400004],[3693544.6952999975,4758226.935800005],[3694103.9038000023,4757954.783799996],[3694126.8387999972,4757582.273400004],[3694647.7937999964,4757413.216200003],[3694723.0936999964,4756927.9024],[3695230.578599996,4756147.038999997],[3695189.230599998,4755794.724500002],[3695585.127899999,4755690.667399999],[3696248.262350004,4756079.1972999945],[3696618.0994999995,4756474.1724],[3697692.2194000063,4756657.506950003],[3698939.483299997,4757589.919500003],[3700224.088899998,4757906.8872000035],[3700635.092600002,4756742.730799997],[3700381.5955000017,4756315.559899997],[3700675.8432999984,4755703.380900003],[3701052.611000005,4755405.0504],[3701682.1864999975,4753984.661700003],[3702011.152500001,4753714.572800003],[3702626.5774,4753776.533299998],[3703082.300499998,4753141.025199997],[3703490.7275999985,4753069.237500001],[3703609.449649999,4752608.1736],[3704331.661199998,4751895.138049997],[3705168.5107999938,4752163.580800002],[3704951.947449999,4752733.516400002],[3705727.827850001,4752902.532599999],[3705916.300599996,4753136.948300001],[3706798.573650007,4753358.417900002],[3706769.4152999977,4753735.4997000005],[3707166.0363000054,4753976.653499994],[3707889.170050008,4754039.116150001],[3708184.4281999953,4754441.462933335],[3708292.2299999986,4754622.375299998],[3709282.2007000037,4755111.266400001],[3709510.781999997,4754917.714000003],[3709903.9399999944,4756150.864200001],[3709855.1819000007,4756928.511599995],[3709612.8617000007,4757594.1685],[3709241.133399998,4759032.303399998],[3708992.771200005,4759109.194500003],[3708730.710900003,4759730.3314],[3708313.2271999978,4759800.413499998],[3707802.7240000023,4760214.849000002],[3707323.4915999994,4760893.9372999985],[3706952.0386999985,4761038.639600005],[3706253.2523000017,4761054.372000003],[3705836.6078999983,4760907.021999998],[3705344.2040000046,4761150.115799998],[3705167.933799998,4761600.960600004],[3704554.2679999997,4762260.7064],[3705075.4368999964,4763224.2941],[3706072.9723000005,4763386.390199998],[3706465.483499996,4763831.097200001],[3707308.010999997,4763718.453299997],[3708159.4091000035,4763838.331699998],[3708445.9124999996,4764068.452800002],[3708079.771,4764629.099300001],[3707890.2317999937,4765387.607000001],[3707722.925,4765523.146799998],[3706868.485699998,4765533.192999998],[3706535.7152999993,4765664.334400002],[3706074.373700002,4767106.504100001],[3705507.7097000047,4767913.175299998],[3704428.2580999993,4769041.594900001],[3703818.418200005,4768791.531500004],[3703597.957000004,4768930.222499996],[3703717.032200001,4769437.623599998],[3703455.913299999,4770205.5241],[3703076.793300003,4770245.190099997],[3702500.3708000015,4770829.529599996],[3702345.1733,4771187.696699997],[3701593.0323999943,4771158.113399998],[3700905.0890000025,4770642.2984],[3700593.6538000023,4770619.597100003],[3700114.9398000007,4771291.941000003]]]},"properties":{"District":"SOLAN","STATE":"HIMACHAL PRADESH","TEHSIL":"BADDI","Shape_Leng":103517.758819,"Shape_Area":254045135.644}},
{"type":"Feature","geometry":{"type":"Polygon","coordinates":[[[3716160.6401,4778012.5571],[3715838.977000001,4777969.977799997],[3715765.843699999,4777203.970999999],[3716343.6589,4777067.127599997],[3716687.090299999,4776623.4124],[3716958.780300002,4775804.613900002],[3717102.0180999977,4774756.293800002],[3716634.6531999996,4774578.198600005],[3716780.1622,4773822.176199995],[3717215.1353999977,4773616.712699998],[3717228.813499999,4772982.856899997],[3717748.763899996,4772729.7228000015],[3717060.428099999,4771852.776900005],[3717076.4473000057,4771421.502899999],[3717469.779500003,4771094.878500002],[3717753.4596000025,4770308.030099997],[3718093.6822000006,4770202.938200005],[3718771.559199998,4770405.9076000005],[3718697.8672999945,4770032.404600002],[3718021.170300003,4769791.854499999],[3717906.1476000017,4769287.290300002],[3717325.278300005,4768093.940900004],[3717255.354599997,4767154.5825999975],[3717862.820899999,4767487.043500002],[3718166.8722999976,4767007.667999998],[3718880.0968999993,4766367.869700001],[3719232.2889000047,4765922.554399999],[3718924.7447000043,4765565.932300004],[3719251.076700003,4765274.8483000025],[3719598.9509000033,4765622.690399999],[3719914.833899997,4765582.839],[3720106.392899997,4764696.250200002],[3719587.595200005,4763864.384199996],[3720183.8190999995,4763278.486699998],[3720819.5345999966,4763176.9537999965],[3720729.821999994,4762678.839200001],[3721216.9954000004,4762355.164799998],[3722031.103299995,4762416.802700004],[3722320.9566000043,4762570.193000004],[3722942.911399996,4762288.088300001],[3723394.8069999954,4762739.8911000015],[3723784.2695999993,4762491.897500001],[3723920.8678999953,4761557.618399999],[3724271.3292000024,4760989.311900004],[3725045.3455999987,4760726.156800002],[3725294.8155,4759964.868700003],[3726008.4696000023,4759216.349599998],[3726507.384000006,4759074.206799998],[3727099.728200006,4758704.7613999965],[3727970.526000001,4758625.2578000035],[3728370.9108000007,4758886.888800001],[3728448.3831999935,4759479.084099997],[3728109.5113999955,4759757.127799997],[3729029.861400003,4760348.970400004],[3729917.648900007,4760047.724599998],[3730161.939200003,4759508.368700003],[3730877.5133000044,4758668.828599997],[3731244.1657000054,4758419.815099997],[3731306.152500004,4757194.7134000035],[3731825.5754999993,4756653.886700001],[3732107.927699996,4756551.444899996],[3732354.6784000043,4756058.999400001],[3732964.7141999947,4756054.707300003],[3733917.3605000013,4755239.696800001],[3734076.680900002,4754908.213100005],[3734919.536700001,4754363.3451000005],[3735753.2303,4753100.3707000045],[3736181.3539999994,4753023.408599999],[3736896.3429999994,4753691.1125000045],[3737058.1367999967,4754385.638400004],[3737631.6626000036,4754497.677600001],[3738151.0162000023,4754117.372300001],[3738513.299700002,4754193.482],[3739016.865899999,4754678.035000001],[3739363.5024000034,4755624.462499996],[3739986.9285999993,4755758.611800005],[3740108.8602000047,4756003.963600002],[3739882.742100004,4757123.434700006],[3739384.2032999983,4757377.4211000055],[3739403.7887999984,4758454.428399999],[3740066.259099994,4758677.188899998],[3740388.5636000033,4759252.673300002],[3739794.1703999974,4760000.7919999985],[3738688.6427000044,4760805.973499998],[3737508.9034999954,4761312.8319000015],[3736828.4671000033,4761286.5939],[3736270.5623999983,4761419.747100003],[3735897.660899998,4762086.954600003],[3735998.662799998,4762415.317200005],[3736382.0770000005,4762619.957900001],[3736433.9293000055,4763074.391899999],[3736873.705300007,4763712.626499997],[3736427.022699997,4764145.272000003],[3736256.083400004,4764875.3291],[3735733.783399997,4765156.703799999],[3735580.289099996,4765453.286700003],[3734699.8615000052,4765686.321899997],[3733568.2528999955,4766300.811400002],[3733103.1291000023,4766454.164599997],[3732851.035899995,4766153.252399997],[3732753.4231999973,4765569.327199996],[3732453.5490999953,4765183.474699996],[3731980.495800007,4765518.339099998],[3731248.219700002,4765748.103600004],[3730671.717000003,4766556.593100001],[3730483.0867,4767020.708100002],[3729920.8128999984,4767436.053799998],[3729742.402300003,4767732.927100003],[3728928.7462000027,4768178.394099997],[3728685.033699996,4768151.0346],[3728248.7716000034,4768728.211400002],[3727692.536800001,4768805.903800001],[3726607.675700005,4768544.604899999],[3726109.641999999,4768778.168500002],[3725283.0669000014,4769567.798799999],[3725186.2272999994,4770005.733200001],[3724501.682199996,4770345.588599996],[3724225.389399997,4770297.1592000015],[3723359.512500001,4770639.4051],[3723654.0473999963,4771284.9102],[3724441.525099997,4771411.828699996],[3724619.7881999966,4771866.112299998],[3725403.1078999992,4772603.936799997],[3724998.3152,4772832.050199997],[3724570.5330999997,4773486.1577],[3724992.839400002,4774235.213199999],[3724426.2550000045,4774501.387800001],[3724050.4491999997,4773915.9043000005],[3723347.648699999,4774834.972899996],[3722239.4548999965,4774621.396700002],[3721812.5097000003,4774162.0130999945],[3721422.595399997,4773954.882299997],[3721365.6625000057,4773187.615299996],[3720486.3829000015,4772789.804499999],[3720463.2657999974,4773719.8832],[3719593.539100001,4774117.029699998],[3719539.821199995,4774934.117599998],[3720353.900700005,4775540.440499995],[3720730.9157000016,4775976.193299999],[3721269.621600004,4776230.573999998],[3722274.951199999,4776348.931999998],[3721972.912800003,4777639.424699999],[3721780.1457000026,4777946.010199998],[3720386.8243000023,4777506.7716999985],[3719921.3718000017,4777627.790900003],[3719235.726099997,4777265.949700002],[3718818.7427999997,4777458.713600002],[3717626.686599996,4776883.073800004],[3716970.397700001,4776822.567200005],[3716314.1111000013,4777399.730900003],[3716160.6401,4778012.5571]]]},"properties":{"District":"SOLAN","STATE":"HIMACHAL PRADESH","TEHSIL":"KANDAGHAT","Shape_Leng":119379.90387,"Shape_Area":222080196.312}},
{"type":"Feature","geometry":{"type":"Polygon","coordinates":[[[3716524.103900004,4761875.839599997],[3715431.087899998,4761189.022900005],[3714762.244400001,4762008.602699999],[3714602.792499994,4761805.951399997],[3714714.361199995,4761127.6845999975],[3714269.7951999954,4760644.041700002],[3713265.1838999977,4759985.048999996],[3712529.1372,4760083.182300004],[3712109.732100006,4759689.909999999],[3712035.290299995,4759348.117099998],[3712380.6712000035,4758651.089299997],[3712103.817499999,4758316.067000002],[3710833.3638999998,4757791.146500003],[3710448.5905000013,4757841.7782000005],[3709612.8617000007,4757594.1685],[3709855.1819000007,4756928.511599995],[3709903.9399999944,4756150.864200001],[3709510.781999997,4754917.714000003],[3709282.2007000037,4755111.266400001],[3708292.2299999986,4754622.375299998],[3708184.4281999953,4754441.462933335],[3708864.032999999,4754823.162399998],[3708866.782599999,4753770.847800001],[3709252.826150003,4753093.359150002],[3709828.301499999,4753180.327499999],[3709702.0523499995,4753633.185500004],[3710658.5321500027,4753060.544099998],[3710650.5219500065,4751306.051199997],[3711309.2164,4750120.125900004],[3711295.5956000052,4749532.108200002],[3711671.5313500017,4749577.557599999],[3711990.777250002,4749251.817200003],[3711636.2532500047,4748395.2947],[3711275.0342499996,4747858.036299996],[3711711.7468500067,4746400.527850005],[3711161.205499999,4745833.914650004],[3711660.7452000054,4745554.071149999],[3712554.637850008,4746277.971099997],[3713241.5080500105,4746490.830050005],[3713878.46505,4746214.792100001],[3713970.2804000042,4745814.623699998],[3714454.1025500037,4745517.313900005],[3714387.641599994,4745019.535200002],[3715043.5475500003,4744995.864199998],[3715243.2784,4745180.565699996],[3716245.5197500023,4744962.517000003],[3716517.575149999,4744795.897699999],[3716753.5610999996,4744234.361900003],[3717377.7265500007,4744590.357550006],[3717576.492000001,4744155.577400001],[3717669.9055499984,4743241.010150006],[3717890.9812999964,4742834.985499999],[3717622.2895500036,4742286.877599996],[3718013.2521500005,4742025.307950004],[3717909.8048500055,4741034.1866999995],[3717419.2041999996,4740746.494550007],[3716985.9088999983,4740780.986200001],[3716716.8276000037,4740265.361200003],[3717347.4928999953,4740009.877300001],[3717791.2182499995,4740075.089450005],[3718159.1811000006,4739751.748399996],[3718161.0965500064,4738624.249250002],[3718334.019199999,4738053.745900001],[3718048.838699997,4737873.817700002],[3718001.0689499993,4737393.931999997],[3718252.2836000044,4737173.040233327],[3718615.3506000005,4737923.064499998],[3719119.756300005,4738185.895399997],[3719074.196799998,4738434.287999997],[3719351.902200002,4739343.485500004],[3719797.8075000015,4739641.146800001],[3721061.431100006,4740209.247800004],[3720728.018600006,4740414.920899998],[3720948.2041999996,4741496.260500001],[3720511.902,4742087.887400001],[3720567.543899997,4742495.641099997],[3720419.415099997,4743236.698399996],[3720074.6226000004,4743465.831799998],[3720065.6142,4744014.7668999955],[3719808.5446000034,4744789.775099998],[3720133.5489999996,4745206.1280000005],[3719877.769699997,4746180.677799998],[3719617.9192999997,4746779.944299996],[3719149.685099994,4746826.986299998],[3718572.532000001,4747557.005100005],[3717870.8360000006,4747728.559000001],[3717485.073900002,4748122.5541],[3717864.0984999975,4748454.805399999],[3718590.064699998,4748285.701800004],[3718827.5077000065,4748463.892800001],[3719702.1930000037,4747649.462199997],[3720441.959499996,4747549.1888],[3721136.906399999,4747685.967899999],[3721327.4699,4748189.182100005],[3722008.4857999966,4748090.138800002],[3722610.4925000016,4748383.989600003],[3722165.500299995,4748986.7667],[3721907.2099999967,4749658.653799998],[3721941.0831000004,4750479.401300003],[3722406.978100004,4750529.200300002],[3721498.542200001,4751405.701500002],[3721797.497299998,4752079.526700004],[3720939.540799994,4752592.864399999],[3720283.7174999975,4753457.5549],[3720493.7714999975,4754109.600199997],[3720114.780099999,4754775.727700001],[3720750.0477999947,4755259.1299],[3720447.8066000007,4755749.245299997],[3720190.977300007,4756746.255699996],[3719480.7430000007,4757333.523700003],[3717944.6353999944,4759435.888200002],[3717509.904700001,4760411.548799997],[3716904.061000001,4761078.617000001],[3716524.103900004,4761875.839599997]]]},"properties":{"District":"SOLAN","STATE":"HIMACHAL PRADESH","TEHSIL":"KASAULI","Shape_Leng":105340.572049,"Shape_Area":162100972.317}},
{"type":"Feature","geometry":{"type":"Polygon","coordinates":[[[3711364.6341999965,4771463.772199996],[3710922.7306999974,4771668.835099999],[3711035.685800002,4772871.756099997],[3710754.2857000036,4773585.903900001],[3709649.1148999985,4773462.506400004],[3709081.0386999976,4773193.815600004],[3708401.975599995,4774104.146400005],[3707983.6128000054,4774442.620900001],[3707127.391400002,4774185.990099996],[3707586.7564999945,4773669.664800001],[3707698.7259000028,4773191.390500005],[3708034.687600003,4772742.484600004],[3707957.745599998,4772374.951700002],[3706976.1554999994,4772064.082099998],[3706489.1094999956,4771629.089699997],[3705459.630200002,4771671.053599995],[3705155.2898000013,4772425.161499999],[3704352.7815000005,4772169.262099997],[3704212.0774000036,4771330.144499996],[3703848.123700003,4771342.255900003],[3703808.222000001,4770854.851399999],[3703483.118600004,4770693.1810000045],[3703455.913299999,4770205.5241],[3703717.032200001,4769437.623599998],[3703597.957000004,4768930.222499996],[3703818.418200005,4768791.531500004],[3704428.2580999993,4769041.594900001],[3705507.7097000047,4767913.175299998],[3706074.373700002,4767106.504100001],[3706535.7152999993,4765664.334400002],[3706868.485699998,4765533.192999998],[3707722.925,4765523.146799998],[3707890.2317999937,4765387.607000001],[3708079.771,4764629.099300001],[3708445.9124999996,4764068.452800002],[3708159.4091000035,4763838.331699998],[3707308.010999997,4763718.453299997],[3706465.483499996,4763831.097200001],[3706072.9723000005,4763386.390199998],[3705075.4368999964,4763224.2941],[3704554.2679999997,4762260.7064],[3705167.933799998,4761600.960600004],[3705344.2040000046,4761150.115799998],[3705836.6078999983,4760907.021999998],[3706253.2523000017,4761054.372000003],[3706952.0386999985,4761038.639600005],[3707323.4915999994,4760893.9372999985],[3707802.7240000023,4760214.849000002],[3708313.2271999978,4759800.413499998],[3708730.710900003,4759730.3314],[3708992.771200005,4759109.194500003],[3709241.133399998,4759032.303399998],[3709612.8617000007,4757594.1685],[3710448.5905000013,4757841.7782000005],[3710833.3638999998,4757791.146500003],[3712103.817499999,4758316.067000002],[3712380.6712000035,4758651.089299997],[3712035.290299995,4759348.117099998],[3712109.732100006,4759689.909999999],[3712529.1372,4760083.182300004],[3713265.1838999977,4759985.048999996],[3714269.7951999954,4760644.041700002],[3714714.361199995,4761127.6845999975],[3714602.792499994,4761805.951399997],[3714762.244400001,4762008.602699999],[3715431.087899998,4761189.022900005],[3716524.103900004,4761875.839599997],[3715995.8561000014,4762095.999600004],[3715956.8973000012,4762517.293499997],[3715195.4442,4763722.787300004],[3714924.624200004,4764533.446100004],[3713990.6516999956,4766342.995699998],[3713943.1624999987,4766736.349700002],[3714161.2461000048,4767209.543199999],[3713913.7559000067,4767887.3203],[3713448.171099997,4767696.590099999],[3713117.2008000016,4768516.478799998],[3712716.8676000014,4768722.642000003],[3712065.306699996,4770318.259000002],[3712233.9210000006,4771092.015600001],[3711364.6341999965,4771463.772199996]]]},"properties":{"District":"SOLAN","STATE":"HIMACHAL PRADESH","TEHSIL":"KRISHANGARH","Shape_Leng":66506.2710773,"Shape_Area":111193936.985}},
{"type":"Feature","geometry":{"type":"Polygon","coordinates":[[[3694874.489799998,4790863.993699998],[3694120.614600002,4791209.112199998],[3693554.696999996,4791951.148199998],[3692320.842299998,4792439.021300003],[3691850.83,4791870.026799997],[3691300.8388000024,4791427.883499999],[3691148.5418000007,4791116.817400003],[3690302.1759999995,4790570.908500003],[3689506.5823000018,4790466.727900002],[3689132.4766000006,4789938.3587000035],[3688342.5094000045,4789835.2129],[3687870.2191000027,4789501.02],[3687119.2134000026,4789653.534300003],[3685830.9323000032,4789514.065099996],[3685553.568499999,4789219.189000002],[3685216.7655000007,4789278.693400003],[3684041.4092000015,4789181.547099997],[3682911.5097999987,4788316.053999998],[3682098.922100001,4787948.802999999],[3681472.799999994,4787526.235200001],[3681130.378700002,4787151.289600002],[3680964.2722000023,4786514.9241999965],[3680393.944199998,4786077.960599996],[3679391.621299996,4785901.186500002],[3679436.4473000015,4785574.585000005],[3679898.5543999933,4785515.882900003],[3680139.541400002,4785725.210200002],[3680376.9100999995,4785051.015400002],[3679937.0340000046,4784412.860399995],[3680061.6220000014,4784160.975400004],[3679849.2708000005,4783276.2336],[3680338.5264000017,4782641.478599997],[3680760.3230999988,4782562.902700002],[3680448.2211000067,4782041.449999999],[3680574.6697999993,4781796.539299998],[3679648.0012000017,4780461.3592000045],[3679725.2721000025,4779903.723100003],[3680819.463399995,4779708.0769],[3681083.494900003,4779052.199100003],[3682442.2668000013,4779111.1491],[3682932.1076000053,4779053.874400005],[3683123.3094000025,4778087.668900002],[3682882.6141,4777428.071499998],[3681962.2998999995,4776484.844300006],[3681766.6941000028,4776083.0111000035],[3681603.157700006,4775045.417599995],[3680978.2945999987,4774850.463799996],[3680964.353099999,4774142.6153],[3681215.5052999984,4773371.289600002],[3681175.401399996,4773013.544799999],[3681518.2238000054,4772323.868200001],[3680674.7804000047,4771733.3057999965],[3680365.092500005,4771371.214300001],[3680822.5767,4770339.242699996],[3680867.1344000017,4769714.293099996],[3681442.632399996,4769150.637700003],[3681867.7929000054,4769035.434300001],[3681825.439100002,4768244.572600003],[3681592.0406000037,4766153.508900002],[3682381.219200001,4765868.268399996],[3682814.082099993,4765210.7907],[3684055.0298,4764924.164399996],[3685529.5499000065,4765870.347299997],[3685857.4015000043,4766361.370199997],[3684694.949299998,4766677.135899997],[3684266.0332999974,4767578.639199995],[3684678.9926000033,4767832.6070000045],[3684953.404500005,4767743.666799999],[3685441.046599998,4767943.178699996],[3685608.8571999944,4768305.505500003],[3684712.9710000046,4769215.3278],[3685007.1197999995,4769462.481399999],[3686753.8329999954,4768489.625599995],[3686869.636400003,4767998.675099995],[3687342.513199997,4767637.211199997],[3687946.132400003,4767625.662199996],[3687561.2923000036,4766879.973199997],[3688030.8041,4766646.198400002],[3688588.3836999973,4766611.5733],[3689498.0403999956,4766718.042599995],[3690456.653399995,4766186.890900006],[3691376.988899999,4766311.416100001],[3691315.7515999973,4766705.9988],[3691930.7810000023,4767177.161300002],[3692066.9670999995,4767662.317900002],[3693225.955799993,4767619.8312],[3694029.4993000003,4767766.7491000015],[3694241.7086000023,4768290.028299996],[3694492.236500006,4768318.8806000035],[3694962.746000003,4769475.784399997],[3695693.329899996,4769678.996100001],[3696114.840899994,4769966.1988999965],[3696415.512500002,4769896.505900001],[3697005.0731000025,4770122.517700006],[3697275.6966999993,4770461.085499995],[3697201.778699998,4771098.1915],[3697920.595200006,4771475.827799998],[3698240.020200003,4771232.002699999],[3699531.3799,4770925.7746],[3700114.9398000007,4771291.941000003],[3699198.6432000017,4772234.715400003],[3698612.589899998,4772383.154799998],[3697851.0103000067,4773034.731199997],[3697565.284,4773493.274800003],[3696172.9564000014,4774909.304500002],[3696358.6005999986,4775368.113],[3696094.0516000027,4775884.759800001],[3695997.243199993,4776489.185999999],[3695533.2675999994,4776762.754299998],[3696697.298800003,4777316.865100002],[3696152.7737000026,4778167.604499996],[3695501.300200004,4778729.147599995],[3694971.1361999996,4780013.507200003],[3695944.1340000043,4780800.733900001],[3695803.515600007,4781603.667399995],[3695176.1618999955,4781686.3452],[3694907.8980000024,4782275.478599995],[3695212.673399998,4782901.6827],[3694706.051900002,4783950.778300001],[3694551.4843999953,4784538.5898],[3693340.302599999,4783730.604300003],[3692317.310300002,4783711.3406],[3692326.7818,4784358.557300003],[3692892.022200005,4785234.650999999],[3693443.066699996,4785844.669100002],[3693972.256000002,4785666.410799997],[3693832.1927,4786515.318800002],[3693417.5705999993,4786898.2926],[3693625.9690999994,4787685.795700001],[3694030.371799999,4787976.701600003],[3694090.029799996,4788609.988400001],[3693905.962399995,4788847.062500001],[3694089.5347999977,4789757.547],[3694091.532500003,4790362.082499998],[3694313.770700003,4790641.198699996],[3694874.489799998,4790863.993699998]]]},"properties":{"District":"SOLAN","STATE":"HIMACHAL PRADESH","TEHSIL":"NALAGARH","Shape_Leng":116294.177847,"Shape_Area":331453478.715}},
{"type":"Feature","geometry":{"type":"Polygon","coordinates":[[[3701123.997299996,4790381.050200003],[3700861.771700002,4790324.2761999965],[3700324.3597000027,4790928.3366],[3700162.1110999994,4790751.132100001],[3699035.8209000044,4790721.820900001],[3698599.329400004,4790249.411400003],[3697980.314099993,4790740.322000002],[3697277.0161999967,4790259.780200003],[3696746.0689000003,4789573.647500003],[3696162.5940000014,4789805.129200001],[3696452.246699997,4790401.392599998],[3695975.1759999953,4790382.717699999],[3695469.127299999,4790844.317899999],[3694874.489799998,4790863.993699998],[3694313.770700003,4790641.198699996],[3694091.532500003,4790362.082499998],[3694089.5347999977,4789757.547],[3693905.962399995,4788847.062500001],[3694090.029799996,4788609.988400001],[3694030.371799999,4787976.701600003],[3693625.9690999994,4787685.795700001],[3693417.5705999993,4786898.2926],[3693832.1927,4786515.318800002],[3693972.256000002,4785666.410799997],[3693443.066699996,4785844.669100002],[3692892.022200005,4785234.650999999],[3692326.7818,4784358.557300003],[3692317.310300002,4783711.3406],[3693340.302599999,4783730.604300003],[3694551.4843999953,4784538.5898],[3694706.051900002,4783950.778300001],[3695212.673399998,4782901.6827],[3694907.8980000024,4782275.478599995],[3695176.1618999955,4781686.3452],[3695803.515600007,4781603.667399995],[3695944.1340000043,4780800.733900001],[3694971.1361999996,4780013.507200003],[3695501.300200004,4778729.147599995],[3696152.7737000026,4778167.604499996],[3696697.298800003,4777316.865100002],[3695533.2675999994,4776762.754299998],[3695997.243199993,4776489.185999999],[3696094.0516000027,4775884.759800001],[3696358.6005999986,4775368.113],[3696172.9564000014,4774909.304500002],[3697565.284,4773493.274800003],[3697851.0103000067,4773034.731199997],[3698612.589899998,4772383.154799998],[3699198.6432000017,4772234.715400003],[3700114.9398000007,4771291.941000003],[3700593.6538000023,4770619.597100003],[3700905.0890000025,4770642.2984],[3701593.0323999943,4771158.113399998],[3702345.1733,4771187.696699997],[3702500.3708000015,4770829.529599996],[3703076.793300003,4770245.190099997],[3703455.913299999,4770205.5241],[3703483.118600004,4770693.1810000045],[3703808.222000001,4770854.851399999],[3703848.123700003,4771342.255900003],[3704212.0774000036,4771330.144499996],[3704352.7815000005,4772169.262099997],[3705155.2898000013,4772425.161499999],[3705459.630200002,4771671.053599995],[3706489.1094999956,4771629.089699997],[3706976.1554999994,4772064.082099998],[3707957.745599998,4772374.951700002],[3708034.687600003,4772742.484600004],[3707698.7259000028,4773191.390500005],[3707586.7564999945,4773669.664800001],[3707127.391400002,4774185.990099996],[3706548.282200004,4775278.963400001],[3705782.1609999966,4777010.552000003],[3706090.0059999977,4777664.367199995],[3706682.033200003,4778293.900899999],[3706018.601000006,4779341.852899999],[3705948.4715000056,4779719.466800002],[3705488.168399999,4780111.721900003],[3705125.284799999,4780036.812199999],[3704555.9606000045,4780297.906599997],[3704113.1401000055,4781404.498299999],[3703761.988700007,4781981.784800002],[3703941.6224000007,4782579.549800005],[3703988.395200003,4783299.736199997],[3703882.906299998,4783901.042100004],[3703316.5429000054,4784494.239599997],[3703316.0169999967,4785716.190899999],[3703219.0979999993,4786255.5463],[3702805.296400006,4787053.185000002],[3702678.857300003,4787576.370299997],[3702108.6950000003,4788391.649900004],[3702023.4152000006,4788709.8127000015],[3701592.7026999965,4789198.368999997],[3701123.997299996,4790381.050200003]]]},"properties":{"District":"SOLAN","STATE":"HIMACHAL PRADESH","TEHSIL":"RAMSHAHR","Shape_Leng":76077.051426,"Shape_Area":180009370.191}},
{"type":"Feature","geometry":{"type":"Polygon","coordinates":[[[3736181.3539999994,4753023.408599999],[3735753.2303,4753100.3707000045],[3734919.536700001,4754363.3451000005],[3734076.680900002,4754908.213100005],[3733917.3605000013,4755239.696800001],[3732964.7141999947,4756054.707300003],[3732354.6784000043,4756058.999400001],[3732107.927699996,4756551.444899996],[3731825.5754999993,4756653.886700001],[3731306.152500004,4757194.7134000035],[3731244.1657000054,4758419.815099997],[3730877.5133000044,4758668.828599997],[3730161.939200003,4759508.368700003],[3729917.648900007,4760047.724599998],[3729029.861400003,4760348.970400004],[3728109.5113999955,4759757.127799997],[3728448.3831999935,4759479.084099997],[3728370.9108000007,4758886.888800001],[3727970.526000001,4758625.2578000035],[3727099.728200006,4758704.7613999965],[3726507.384000006,4759074.206799998],[3726008.4696000023,4759216.349599998],[3725294.8155,4759964.868700003],[3725045.3455999987,4760726.156800002],[3724271.3292000024,4760989.311900004],[3723920.8678999953,4761557.618399999],[3723784.2695999993,4762491.897500001],[3723394.8069999954,4762739.8911000015],[3722942.911399996,4762288.088300001],[3722320.9566000043,4762570.193000004],[3722031.103299995,4762416.802700004],[3721216.9954000004,4762355.164799998],[3720729.821999994,4762678.839200001],[3720819.5345999966,4763176.9537999965],[3720183.8190999995,4763278.486699998],[3719587.595200005,4763864.384199996],[3720106.392899997,4764696.250200002],[3719914.833899997,4765582.839],[3719598.9509000033,4765622.690399999],[3719251.076700003,4765274.8483000025],[3718924.7447000043,4765565.932300004],[3719232.2889000047,4765922.554399999],[3718880.0968999993,4766367.869700001],[3718166.8722999976,4767007.667999998],[3717862.820899999,4767487.043500002],[3717255.354599997,4767154.5825999975],[3717325.278300005,4768093.940900004],[3717906.1476000017,4769287.290300002],[3718021.170300003,4769791.854499999],[3718697.8672999945,4770032.404600002],[3718771.559199998,4770405.9076000005],[3718093.6822000006,4770202.938200005],[3717753.4596000025,4770308.030099997],[3717469.779500003,4771094.878500002],[3717076.4473000057,4771421.502899999],[3717060.428099999,4771852.776900005],[3717748.763899996,4772729.7228000015],[3717228.813499999,4772982.856899997],[3717215.1353999977,4773616.712699998],[3716780.1622,4773822.176199995],[3716634.6531999996,4774578.198600005],[3715458.300099996,4773898.241199997],[3714400.1664000037,4772756.404200003],[3714674.168499995,4772603.8118],[3714635.4425000073,4771989.956099996],[3714133.9912999994,4771951.097300004],[3713174.501500001,4771588.977200002],[3712773.2884000055,4771824.8110000035],[3712516.8655999936,4771711.150500001],[3711464.666000004,4771800.174800003],[3711364.6341999965,4771463.772199996],[3712233.9210000006,4771092.015600001],[3712065.306699996,4770318.259000002],[3712716.8676000014,4768722.642000003],[3713117.2008000016,4768516.478799998],[3713448.171099997,4767696.590099999],[3713913.7559000067,4767887.3203],[3714161.2461000048,4767209.543199999],[3713943.1624999987,4766736.349700002],[3713990.6516999956,4766342.995699998],[3714924.624200004,4764533.446100004],[3715195.4442,4763722.787300004],[3715956.8973000012,4762517.293499997],[3715995.8561000014,4762095.999600004],[3716524.103900004,4761875.839599997],[3716904.061000001,4761078.617000001],[3717509.904700001,4760411.548799997],[3717944.6353999944,4759435.888200002],[3719480.7430000007,4757333.523700003],[3720190.977300007,4756746.255699996],[3720447.8066000007,4755749.245299997],[3720750.0477999947,4755259.1299],[3720114.780099999,4754775.727700001],[3720493.7714999975,4754109.600199997],[3720283.7174999975,4753457.5549],[3720939.540799994,4752592.864399999],[3721797.497299998,4752079.526700004],[3721498.542200001,4751405.701500002],[3722406.978100004,4750529.200300002],[3721941.0831000004,4750479.401300003],[3721907.2099999967,4749658.653799998],[3722165.500299995,4748986.7667],[3722610.4925000016,4748383.989600003],[3722008.4857999966,4748090.138800002],[3721327.4699,4748189.182100005],[3721136.906399999,4747685.967899999],[3720441.959499996,4747549.1888],[3719702.1930000037,4747649.462199997],[3718827.5077000065,4748463.892800001],[3718590.064699998,4748285.701800004],[3717864.0984999975,4748454.805399999],[3717485.073900002,4748122.5541],[3717870.8360000006,4747728.559000001],[3718572.532000001,4747557.005100005],[3719149.685099994,4746826.986299998],[3719617.9192999997,4746779.944299996],[3719877.769699997,4746180.677799998],[3720133.5489999996,4745206.1280000005],[3719808.5446000034,4744789.775099998],[3720065.6142,4744014.7668999955],[3720074.6226000004,4743465.831799998],[3720419.415099997,4743236.698399996],[3720567.543899997,4742495.641099997],[3720511.902,4742087.887400001],[3720948.2041999996,4741496.260500001],[3720728.018600006,4740414.920899998],[3721061.431100006,4740209.247800004],[3721324.6646999987,4740578.4706999995],[3722054.5732999933,4741107.103300005],[3722358.576199998,4741119.362199999],[3723901.513699997,4742087.906400001],[3723941.345099998,4742379.4389999965],[3724372.549800002,4742633.9398000045],[3724309.7726999987,4743667.549700001],[3724427.5556999985,4744207.834399996],[3724719.1696000015,4744539.416499997],[3724650.9803000027,4744975.530899998],[3724918.6145,4745547.185300002],[3724764.7042999975,4745901.668999996],[3724846.3279999997,4746782.087200003],[3725426.0834000027,4746729.634799997],[3725955.3395000026,4747063.036499996],[3726482.1044,4747050.234200003],[3726684.028099995,4747643.079500001],[3727513.8973000012,4748103.870799998],[3727641.3601000006,4748609.905299998],[3727433.9095999957,4749000.639500003],[3727909.644599998,4749186.509499999],[3729310.5880000037,4749280.815999999],[3729456.650100003,4749502.917599998],[3730112.2348000035,4749140.532000001],[3730674.3713999987,4749552.724000003],[3731216.306399998,4749463.4815000035],[3731333.036199999,4749081.587499997],[3731815.3593999995,4748725.402899997],[3732319.3919000034,4747979.993899997],[3732923.5693000015,4748531.0371],[3733451.9837000016,4748411.434200004],[3733686.667199996,4748824.737499997],[3734234.572300001,4748806.455600001],[3734255.244499995,4749487.681800004],[3734521.889700002,4750281.158300001],[3735185.936,4750333.466599998],[3736836.726500001,4751808.7752],[3736296.9831999997,4752387.0923000015],[3736181.3539999994,4753023.408599999]]]},"properties":{"District":"SOLAN","STATE":"HIMACHAL PRADESH","TEHSIL":"SOLAN","Shape_Leng":140930.496452,"Shape_Area":252718397.213}},
{"type":"Feature","geometry":{"type":"Polygon","coordinates":[[[3631253.682599997,4860443.843499996],[3630881.817800005,4860524.5457000015],[3629918.218999997,4861523.313599998],[3629472.362899999,4861665.396700001],[3629349.366799999,4862167.4068],[3628251.3832000005,4862602.365699999],[3627576.8526000017,4862509.377900003],[3627070.9096999974,4862811.370299997],[3626338.524899999,4862627.839100002],[3625734.8779999996,4861994.869100002],[3625693.3425000017,4861521.673500005],[3625338.8880999964,4861217.680899998],[3624503.2470000014,4861058.988000002],[3623417.647499999,4861142.652500002],[3622520.2251000074,4861509.659499995],[3622280.5483999997,4861178.576599998],[3622340.4007000052,4860289.6268000025],[3622701.9460000033,4860149.716799997],[3623575.211000001,4860204.940499999],[3623824.3994,4860364.739999995],[3624385.5635000058,4860256.522],[3624886.117399996,4859961.187200002],[3626020.0963999997,4859657.794199999],[3626034.776800001,4859163.532900004],[3627023.8476999975,4858897.975799998],[3626305.3614,4858497.6312],[3626623.8224000046,4858119.507199997],[3626999.148100008,4857281.9721],[3627779.7079000035,4856990.778299996],[3628026.1472999994,4856412.393999999],[3627991.227099997,4855856.823199999],[3628534.305600003,4856225.848600003],[3629192.783699996,4855722.864],[3629456.4722999996,4855363.276500005],[3629444.8636000026,4854891.7371000005],[3629944.3770999997,4854478.704600001],[3630541.9263999965,4854594.511399996],[3631797.8065000046,4853600.217999998],[3632458.136599999,4853601.674100004],[3632591.2546000006,4853044.068900004],[3631624.3610000024,4853152.649500002],[3631278.007100001,4852426.328499995],[3631417.207800001,4852294.776500005],[3632263.2691000067,4852227.427300002],[3632309.105200001,4851926.320599997],[3632733.957299999,4851402.718100005],[3632995.0024000015,4850494.605099999],[3632829.969200002,4849740.2218],[3633378.5555,4849079.574300002],[3632983.6339999996,4848540.608799999],[3633244.818500001,4848058.520399997],[3632934.5625000037,4847934.512299998],[3632530.7280999976,4847132.257199999],[3632635.4267999995,4847031.853500005],[3632345.1287999945,4845833.446000001],[3632093.557899995,4845483.348500002],[3631087.902200003,4845634.487200003],[3630786.4318000018,4845154.995499997],[3630714.663900007,4844654.840100004],[3630292.876799999,4844024.404900002],[3630954.118600004,4843683.065900002],[3631814.219499998,4842883.7298],[3632493.178700002,4842547.841800005],[3632552.3452999927,4842178.670799999],[3632059.873,4841500.4779],[3632330.3649000023,4840782.836900001],[3633246.6498000044,4838951.036200001],[3633572.9566000006,4838763.939800005],[3633694.831000001,4837921.1239],[3634132.6152000013,4837827.800900003],[3634582.741199998,4837005.372799998],[3636262.869799998,4835226.409299998],[3636372.193800003,4834794.484000001],[3637012.5579999965,4834037.5100000035],[3637825.083899999,4832930.143700004],[3638021.7605999988,4831719.648100001],[3638834.849200007,4830543.192499997],[3639358.516400004,4830080.051599999],[3640159.1784000024,4829539.256400004],[3640547.197999995,4829126.027399995],[3640752.1013000044,4828437.9978],[3641585.284000002,4827635.3003],[3642040.5409999983,4827763.3313],[3642828.445500004,4827397.610199999],[3643241.3526000045,4828598.860699999],[3643258.1007999987,4829150.304300001],[3644090.0899,4829347.339600003],[3644921.9716000045,4829961.376899995],[3645379.9816999994,4829806.451999998],[3645823.129799997,4831095.911499998],[3645567.3065000055,4831188.349800004],[3644945.4232,4830800.138500005],[3644493.5553999967,4831671.433499999],[3644030.8744999995,4831859.441400001],[3643538.219899994,4831840.887400005],[3643262.252799999,4832090.827400001],[3642921.200199998,4832747.436099996],[3642255.4244000046,4832924.5368],[3641700.6601000014,4833246.802499998],[3641215.750800001,4833269.823699998],[3641231.362500001,4833602.9875],[3642331.699799997,4834182.206600003],[3643238.2146999943,4834820.521200001],[3642911.401399999,4835132.214100001],[3642937.440200004,4835470.598999998],[3642543.9192999946,4836092.473899998],[3642470.2024000017,4836560.861400001],[3642696.500900004,4836909.207599998],[3642574.864400001,4837619.235399996],[3642221.0462000016,4838005.225999998],[3642847.191300001,4838768.5846000025],[3643326.823200007,4838487.856699997],[3644433.994099997,4838676.4268000005],[3644911.504,4838944.542399997],[3644833.8606999926,4839443.781499999],[3645194.3928999985,4839831.387900002],[3645347.745099996,4840614.176600004],[3645283.7418000055,4841237.086100005],[3645677.2015,4841454.818000002],[3645792.131099995,4841996.113900002],[3646039.9960999973,4842245.201099999],[3646526.4866999984,4842328.7656],[3647185.3814999945,4843527.258700002],[3648175.345200004,4844794.9279],[3648510.3619000036,4844867.235600002],[3648540.8400000036,4845527.030099995],[3648292.7586999983,4845976.869000003],[3647828.025600004,4846302.773499996],[3646796.460600001,4847551.9684000015],[3646773.881499995,4847863.221299997],[3645839.145499997,4848652.082300004],[3645363.5868000016,4849387.509900002],[3645110.9724999974,4849551.670299996],[3644966.1089000003,4850124.162600003],[3644509.920900003,4850706.094900001],[3644143.3884000066,4850945.418299995],[3644276.2111999956,4851407.572000004],[3643722.507399995,4851744.616999995],[3642760.5816999967,4851427.635099998],[3642193.790200002,4851623.0156],[3642406.761500001,4852249.582100003],[3642307.5156000047,4852774.831099995],[3641953.5133000007,4853068.7616],[3641104.9984,4853280.621800004],[3640513.485399998,4853887.709599998],[3640004.6337000006,4854581.315499995],[3639550.603500006,4854598.670200005],[3638936.376199996,4855189.7147],[3637917.597300001,4855265.0189],[3637354.0631,4855191.288399998],[3636688.0209999993,4855349.031099999],[3635699.097199997,4855224.0561999995],[3635311.175599999,4855768.152499998],[3634828.2820999995,4856144.7203],[3635129.826199997,4856396.8488000035],[3635131.988799994,4857145.235599999],[3634612.518799998,4857690.408200001],[3634206.4734999975,4857456.408],[3634020.6707999995,4857709.824500001],[3633599.2060000007,4857419.5134],[3633364.544500001,4857597.805799997],[3633367.256200004,4858069.989999999],[3633146.815599999,4858471.754400003],[3632728.6116000004,4858653.611199999],[3632866.8982000006,4859066.197699998],[3633054.9176999964,4859324.472500002],[3632971.2087000036,4859808.2471],[3632252.9324999973,4859888.480300004],[3632076.2448000032,4859584.4882],[3631571.1315,4859734.465900005],[3631253.682599997,4860443.843499996]]]},"properties":{"District":"UNA","STATE":"HIMACHAL PRADESH","TEHSIL":"AMB","Shape_Leng":142927.753418,"Shape_Area":325915719.284}},
{"type":"Feature","geometry":{"type":"Polygon","coordinates":[[[3660260.0948999943,4836052.598700004],[3659611.9198999973,4836703.266399996],[3658898.8510000072,4837229.733700001],[3658475.5588999973,4837960.559600003],[3658297.4720999957,4838552.283099998],[3657723.9795999965,4839206.926099999],[3657654.7827999946,4839688.3061],[3657333.7071,4839939.164599996],[3657325.040500004,4840328.992600003],[3656611.9780000034,4841711.686700003],[3656032.7315999996,4842244.779099997],[3655745.969300002,4842728.576099999],[3655565.2442999976,4843355.5967000015],[3654900.846199997,4844324.525200002],[3654454.3718000017,4845586.361900002],[3654063.7135000033,4846467.1510999985],[3653750.0257000057,4846338.324999999],[3653545.9153999966,4845851.999800002],[3653389.8341000006,4844300.1328000035],[3652561.1378000015,4843213.0792],[3652619.4214999937,4842865.5189999975],[3652050.403300004,4842400.753500001],[3651368.110499999,4842170.805100003],[3651089.5540999966,4843100.723299999],[3650769.894000001,4843379.2854],[3650408.181200001,4844253.619699996],[3649569.8064,4844856.934399999],[3649570.9579000007,4845290.428300001],[3649142.064000006,4845300.889899999],[3648540.8400000036,4845527.030099995],[3648510.3619000036,4844867.235600002],[3648175.345200004,4844794.9279],[3647185.3814999945,4843527.258700002],[3646526.4866999984,4842328.7656],[3646039.9960999973,4842245.201099999],[3645792.131099995,4841996.113900002],[3645677.2015,4841454.818000002],[3645283.7418000055,4841237.086100005],[3645347.745099996,4840614.176600004],[3645194.3928999985,4839831.387900002],[3644833.8606999926,4839443.781499999],[3644911.504,4838944.542399997],[3644433.994099997,4838676.4268000005],[3643326.823200007,4838487.856699997],[3642847.191300001,4838768.5846000025],[3642221.0462000016,4838005.225999998],[3642574.864400001,4837619.235399996],[3642696.500900004,4836909.207599998],[3642470.2024000017,4836560.861400001],[3642543.9192999946,4836092.473899998],[3642937.440200004,4835470.598999998],[3642911.401399999,4835132.214100001],[3643238.2146999943,4834820.521200001],[3642331.699799997,4834182.206600003],[3641231.362500001,4833602.9875],[3641215.750800001,4833269.823699998],[3641700.6601000014,4833246.802499998],[3642255.4244000046,4832924.5368],[3642921.200199998,4832747.436099996],[3643262.252799999,4832090.827400001],[3643538.219899994,4831840.887400005],[3644030.8744999995,4831859.441400001],[3644493.5553999967,4831671.433499999],[3644945.4232,4830800.138500005],[3645567.3065000055,4831188.349800004],[3645823.129799997,4831095.911499998],[3645379.9816999994,4829806.451999998],[3645625.0343,4829661.635],[3646591.5327999964,4830747.281400001],[3646825.3452999936,4831166.771899996],[3647402.6231999965,4831329.1284],[3647806.529499999,4831612.435699999],[3648522.283499999,4831367.361099996],[3648600.8952000006,4830861.632000003],[3648930.571000004,4830365.702900004],[3649592.1514999988,4829880.742799997],[3649481.4011999974,4829600.594000004],[3649758.7098999955,4829040.256499996],[3649272.573200005,4828278.516399998],[3649576.501599994,4827764.665300002],[3650238.8838000004,4827197.461700003],[3650896.831799996,4827101.092100002],[3651063.4781000027,4826437.314200001],[3651521.0176,4825365.440200003],[3651226.8514,4824079.720299999],[3651761.5798999937,4824258.725299995],[3651923.0407000002,4824073.460700006],[3652787.6244999953,4824002.480199998],[3653103.083200001,4825353.497799999],[3653379.3840000033,4825606.2722],[3654027.744599997,4825750.581400001],[3654770.4361000014,4824324.713500002],[3655827.0379,4822856.762900002],[3655802.261299995,4821759.287999995],[3655986.290499999,4821354.098199999],[3656528.246600006,4820687.3177000005],[3656515.0181999994,4820322.367999997],[3657003.522900003,4819730.506699998],[3657667.7671000017,4818007.584999999],[3657555.3194000004,4817658.385300003],[3657722.737300002,4817151.678600002],[3658468.2599,4815909.416799997],[3658719.926099998,4815750.4663999975],[3659114.0916,4814835.9345999975],[3659393.7638000064,4814773.986499999],[3659544.1269999966,4814115.864600002],[3660536.9430000023,4812531.545000005],[3660319.7358000027,4811733.753200002],[3661023.9014000027,4811579.281300001],[3661159.2858000053,4812192.316300001],[3660859.3622000027,4812858.052700005],[3660926.852300006,4813326.845000001],[3661256.8342000004,4813652.9241999965],[3661743.879400002,4813427.700000001],[3663191.9205000037,4811900.2927],[3663885.3860000037,4811465.9175999975],[3664341.716199998,4811619.955699998],[3664990.196999994,4812082.8194999965],[3666117.4129,4812361.452899997],[3666795.1802999997,4812422.2576],[3667321.2936000004,4812886.126700003],[3667797.281000003,4812965.2130999975],[3668333.3115999987,4812700.621900004],[3668359.7041,4813191.313699999],[3668645.6030000024,4813529.644100004],[3668154.810200001,4814547.692900002],[3668351.122100004,4814801.623599999],[3667809.4051999995,4815248.443799999],[3667812.708400002,4815979.950599995],[3668302.9848000077,4816371.3028],[3668208.3181000007,4816795.965299999],[3667349.4273999967,4817749.859199999],[3667374.407399996,4818070.621700004],[3666856.6876000026,4818978.716],[3666443.6503,4819524.416400004],[3666865.685999995,4819822.0307],[3667564.4244000018,4819909.774500003],[3667648.0631000027,4820133.6456999965],[3666876.0627999967,4820794.769099999],[3665984.8603000003,4822539.500399999],[3665639.3461000016,4823036.3971],[3665299.2338000005,4824005.9988],[3665213.943499998,4824572.043900002],[3665522.395999996,4825213.712299997],[3665429.6854000026,4825560.540600002],[3664856.7726999978,4826460.398600003],[3664767.145400003,4827113.262199999],[3664510.9782,4827829.603900002],[3663778.9222000036,4828744.566799998],[3663739.5767000057,4829451.054800001],[3663365.7997999974,4830487.5441],[3662606.1780999936,4831895.998400003],[3662435.6222999995,4832646.490000002],[3662147.574699999,4832987.417299999],[3662133.0489,4833484.860900003],[3661653.8315000045,4834152.581300002],[3661573.5203000046,4834738.033100005],[3661325.089399997,4834826.692699997],[3660958.570099999,4835619.586799999],[3660657.730100002,4835604.2589000035],[3660260.0948999943,4836052.598700004]]]},"properties":{"District":"UNA","STATE":"HIMACHAL PRADESH","TEHSIL":"BANGANA","Shape_Leng":128647.900211,"Shape_Area":408670254.79}},
{"type":"Feature","geometry":{"type":"Polygon","coordinates":[[[3622520.2251000074,4861509.659499995],[3621533.567599995,4861896.473999999],[3621864.049800003,4860802.316799998],[3622035.6071999967,4859835.594600001],[3622483.0428000037,4859291.067199998],[3622497.1708999993,4858745.954000002],[3622837.1909999987,4858723.544499997],[3623231.8386999927,4858136.014200002],[3623845.8950999957,4857718.288499996],[3623925.3653999986,4857022.221400004],[3623593.8804000053,4856863.655000005],[3623136.3184999954,4857030.163099999],[3622877.372599999,4857668.637999999],[3622657.664099996,4857639.963099999],[3622312.9689999963,4858242.349100005],[3621876.413900001,4858181.440999998],[3621125.4616000005,4857449.437800004],[3620226.2748000016,4857114.228999997],[3619692.420000001,4857094.521800002],[3619254.388899994,4857299.4856],[3620161.9586999975,4855599.494199997],[3620681.0943000033,4854387.001999997],[3620628.2952999994,4853901.547499998],[3621317.499900001,4853582.189600002],[3621576.548900002,4852779.402599998],[3621577.8801999995,4852219.893700002],[3621835.7621000037,4851965.730900002],[3622359.1709000026,4850239.757700002],[3622238.270299997,4850047.924100001],[3622620.786200002,4849305.018500004],[3622336.6268000025,4848960.381099995],[3622829.4840000006,4848351.005500002],[3622948.023,4847485.633500001],[3623286.204200003,4846975.9245],[3623262.248499997,4846684.613400003],[3623774.3600999983,4845999.377999995],[3623779.911400002,4845447.185799999],[3624153.4936000006,4844930.389700003],[3624014.0281999977,4844754.794400001],[3624279.9908000035,4843962.346400004],[3624829.6712000016,4843315.863499999],[3625009.7068999987,4842340.061799999],[3625255.7792000035,4841929.116200004],[3625334.2945999997,4840350.605099997],[3625553.0578999976,4839434.372699998],[3626433.9664000003,4838971.3896999955],[3626256.9642999973,4838673.789100002],[3626605.0084999995,4837694.802799997],[3626267.0737999934,4837195.016399998],[3626857.832400001,4836238.485399997],[3627245.6939999955,4836027.4701],[3627288.988700005,4835606.367400002],[3628394.6384000005,4834671.1552],[3628816.148299998,4833902.902999997],[3629201.1862000036,4833777.5458999965],[3629741.9852000037,4834056.127500001],[3629951.960499999,4833500.285799995],[3629839.5658999993,4832806.378399998],[3629895.036499998,4832196.268900003],[3629738.7643999998,4831817.5212999955],[3630054.186700001,4831385.435100001],[3630520.731399999,4831142.856600005],[3630657.256500002,4830496.179999998],[3631219.0292000053,4830047.257500003],[3631251.7867,4829460.756399998],[3631567.4135999987,4829139.2708],[3632107.7184000025,4828976.178900003],[3633107.4658000013,4829286.363400005],[3633590.946200002,4828935.0179999955],[3634498.0849000006,4828784.843099999],[3635153.3409999954,4828800.771100002],[3635784.3056999976,4828514.569100004],[3636322.5843,4828786.134800001],[3637317.839300003,4828696.273600003],[3639358.516400004,4830080.051599999],[3638834.849200007,4830543.192499997],[3638021.7605999988,4831719.648100001],[3637825.083899999,4832930.143700004],[3637012.5579999965,4834037.5100000035],[3636372.193800003,4834794.484000001],[3636262.869799998,4835226.409299998],[3634582.741199998,4837005.372799998],[3634132.6152000013,4837827.800900003],[3633694.831000001,4837921.1239],[3633572.9566000006,4838763.939800005],[3633246.6498000044,4838951.036200001],[3632330.3649000023,4840782.836900001],[3632059.873,4841500.4779],[3632552.3452999927,4842178.670799999],[3632493.178700002,4842547.841800005],[3631814.219499998,4842883.7298],[3630954.118600004,4843683.065900002],[3630292.876799999,4844024.404900002],[3630714.663900007,4844654.840100004],[3630786.4318000018,4845154.995499997],[3631087.902200003,4845634.487200003],[3632093.557899995,4845483.348500002],[3632345.1287999945,4845833.446000001],[3632635.4267999995,4847031.853500005],[3632530.7280999976,4847132.257199999],[3632934.5625000037,4847934.512299998],[3633244.818500001,4848058.520399997],[3632983.6339999996,4848540.608799999],[3633378.5555,4849079.574300002],[3632829.969200002,4849740.2218],[3632995.0024000015,4850494.605099999],[3632733.957299999,4851402.718100005],[3632309.105200001,4851926.320599997],[3632263.2691000067,4852227.427300002],[3631417.207800001,4852294.776500005],[3631278.007100001,4852426.328499995],[3631624.3610000024,4853152.649500002],[3632591.2546000006,4853044.068900004],[3632458.136599999,4853601.674100004],[3631797.8065000046,4853600.217999998],[3630541.9263999965,4854594.511399996],[3629944.3770999997,4854478.704600001],[3629444.8636000026,4854891.7371000005],[3629456.4722999996,4855363.276500005],[3629192.783699996,4855722.864],[3628534.305600003,4856225.848600003],[3627991.227099997,4855856.823199999],[3628026.1472999994,4856412.393999999],[3627779.7079000035,4856990.778299996],[3626999.148100008,4857281.9721],[3626623.8224000046,4858119.507199997],[3626305.3614,4858497.6312],[3627023.8476999975,4858897.975799998],[3626034.776800001,4859163.532900004],[3626020.0963999997,4859657.794199999],[3624886.117399996,4859961.187200002],[3624385.5635000058,4860256.522],[3623824.3994,4860364.739999995],[3623575.211000001,4860204.940499999],[3622701.9460000033,4860149.716799997],[3622340.4007000052,4860289.6268000025],[3622280.5483999997,4861178.576599998],[3622520.2251000074,4861509.659499995]]]},"properties":{"District":"UNA","STATE":"HIMACHAL PRADESH","TEHSIL":"GHANARI","Shape_Leng":119270.080686,"Shape_Area":252238724.434}},
{"type":"Feature","geometry":{"type":"Polygon","coordinates":[[[3642040.5409999983,4827763.3313],[3641585.284000002,4827635.3003],[3640752.1013000044,4828437.9978],[3640547.197999995,4829126.027399995],[3640159.1784000024,4829539.256400004],[3639358.516400004,4830080.051599999],[3637317.839300003,4828696.273600003],[3636322.5843,4828786.134800001],[3635784.3056999976,4828514.569100004],[3635153.3409999954,4828800.771100002],[3634498.0849000006,4828784.843099999],[3633590.946200002,4828935.0179999955],[3633107.4658000013,4829286.363400005],[3632107.7184000025,4828976.178900003],[3631567.4135999987,4829139.2708],[3631794.7246999983,4828541.905099996],[3632316.2468999997,4827739.497200005],[3632696.492200005,4827630.005699998],[3632996.3318999987,4826831.151499998],[3633545.169699993,4826469.528999997],[3633496.3322999976,4826123.394400002],[3633891.722000007,4825108.5655999975],[3633809.8558999947,4824830.8078000005],[3634231.5051999995,4823672.385499999],[3634839.6265999964,4822303.975499995],[3635499.8413999937,4822071.657199999],[3635343.2589000054,4821515.3896],[3635479.8017999968,4821154.448199999],[3635113.1123,4820474.684999997],[3635475.679200005,4819904.444699998],[3636087.8685000055,4819517.747400003],[3636386.2117000036,4819042.061000004],[3636368.9134000055,4818303.605599998],[3636768.8617,4817758.5332],[3636629.0603000033,4816898.297099996],[3637070.9302999983,4816656.576900003],[3637184.9821000053,4815872.548399998],[3637814.535400007,4814968.656799998],[3638278.0310000004,4814969.613499996],[3639162.0026,4813716.759300004],[3639032.7684999993,4813062.531100003],[3639185.920900003,4812760.4623],[3639594.9887999995,4812597.640300001],[3639724.376900004,4812243.7217000015],[3639532.408999999,4811878.485899998],[3639817.5364,4811124.720299999],[3638872.3935000002,4809892.542300003],[3638286.7581000035,4809406.272300005],[3637645.5767000047,4809138.184500005],[3637713.5485000056,4808764.466300003],[3637600.5746000055,4807421.0528],[3637759.580499995,4806169.710200004],[3638456.215899999,4805557.802799998],[3638638.0993999997,4805095.521000003],[3638916.0826999964,4805113.456899998],[3640240.9974000026,4804863.372400002],[3640492.9344999976,4804692.5944],[3640712.8950000005,4803938.705699999],[3640588.2266000016,4802710.869499996],[3640588.765800002,4801396.948699996],[3640486.246400002,4800970.6801999975],[3640906.7172000026,4800862.190100002],[3641082.577499997,4800467.034100001],[3641517.4974999996,4800224.941200001],[3642755.7466,4800217.937900003],[3643678.0943000047,4800101.588500003],[3644730.4004999977,4800574.962599998],[3645771.2091000024,4800857.9179],[3646073.9908000026,4801074.1293],[3647185.5314000044,4800915.376800002],[3647731.559299997,4801193.635900001],[3648796.6045000036,4801180.946099998],[3649034.9192999937,4800285.414299997],[3649545.4787999988,4800079.520199996],[3650564.1399999997,4800790.439399999],[3651376.1919000004,4801176.7853000015],[3652181.057400005,4801431.789299998],[3652823.6104999986,4802026.066300003],[3653941.8787000068,4802266.034600005],[3653130.073700004,4803112.529300002],[3652616.237599998,4804575.338199995],[3653234.6552999998,4804669.751400001],[3653248.213199999,4804989.9799000025],[3652871.7317999974,4805557.944200002],[3652914.4811000032,4806039.322400002],[3652368.6692000073,4806715.353400003],[3651894.683300006,4806646.9936],[3651446.3214000007,4806821.499200003],[3651606.302100001,4807819.1664999975],[3651229.5042000003,4808596.1335],[3651148.4606,4809351.1712000035],[3650528.8096000035,4809907.913400001],[3649664.3901000023,4810934.961700002],[3648901.2695000055,4811392.059799995],[3648356.8146999977,4812020.029699998],[3648043.2072,4813424.099700001],[3648300.6854000036,4813739.6673000045],[3648178.864000002,4814326.043300001],[3648342.4478999944,4814952.082700002],[3648017.1250000037,4815366.451099996],[3647716.4966,4816216.922699999],[3647617.3131000046,4816899.230500003],[3647290.027400003,4817543.134200001],[3646731.5546000004,4818136.999500001],[3647129.121100003,4818483.758100002],[3646373.983599997,4819138.729899997],[3645732.1977000046,4819866.133100001],[3644760.3813999984,4820083.762300002],[3644175.5612000013,4820636.888900002],[3643427.6002999973,4821495.325399998],[3643319.8193999967,4821739.012400003],[3643146.1121000005,4823546.126600001],[3642555.7779999943,4824858.753600002],[3642362.3170999996,4826289.229600004],[3642040.5409999983,4827763.3313]]]},"properties":{"District":"UNA","STATE":"HIMACHAL PRADESH","TEHSIL":"HAROLI","Shape_Leng":99732.14364,"Shape_Area":302006527.22}},
{"type":"Feature","geometry":{"type":"Polygon","coordinates":[[[3659114.0916,4814835.9345999975],[3658719.926099998,4815750.4663999975],[3658468.2599,4815909.416799997],[3657722.737300002,4817151.678600002],[3657555.3194000004,4817658.385300003],[3657667.7671000017,4818007.584999999],[3657003.522900003,4819730.506699998],[3656515.0181999994,4820322.367999997],[3656528.246600006,4820687.3177000005],[3655986.290499999,4821354.098199999],[3655802.261299995,4821759.287999995],[3655827.0379,4822856.762900002],[3654770.4361000014,4824324.713500002],[3654027.744599997,4825750.581400001],[3653379.3840000033,4825606.2722],[3653103.083200001,4825353.497799999],[3652787.6244999953,4824002.480199998],[3651923.0407000002,4824073.460700006],[3651761.5798999937,4824258.725299995],[3651226.8514,4824079.720299999],[3651521.0176,4825365.440200003],[3651063.4781000027,4826437.314200001],[3650896.831799996,4827101.092100002],[3650238.8838000004,4827197.461700003],[3649576.501599994,4827764.665300002],[3649272.573200005,4828278.516399998],[3649758.7098999955,4829040.256499996],[3649481.4011999974,4829600.594000004],[3649592.1514999988,4829880.742799997],[3648930.571000004,4830365.702900004],[3648600.8952000006,4830861.632000003],[3648522.283499999,4831367.361099996],[3647806.529499999,4831612.435699999],[3647402.6231999965,4831329.1284],[3646825.3452999936,4831166.771899996],[3646591.5327999964,4830747.281400001],[3645625.0343,4829661.635],[3645379.9816999994,4829806.451999998],[3644921.9716000045,4829961.376899995],[3644090.0899,4829347.339600003],[3643258.1007999987,4829150.304300001],[3643241.3526000045,4828598.860699999],[3642828.445500004,4827397.610199999],[3642040.5409999983,4827763.3313],[3642362.3170999996,4826289.229600004],[3642555.7779999943,4824858.753600002],[3643146.1121000005,4823546.126600001],[3643319.8193999967,4821739.012400003],[3643427.6002999973,4821495.325399998],[3644175.5612000013,4820636.888900002],[3644760.3813999984,4820083.762300002],[3645732.1977000046,4819866.133100001],[3646373.983599997,4819138.729899997],[3647129.121100003,4818483.758100002],[3646731.5546000004,4818136.999500001],[3647290.027400003,4817543.134200001],[3647617.3131000046,4816899.230500003],[3647716.4966,4816216.922699999],[3648017.1250000037,4815366.451099996],[3648342.4478999944,4814952.082700002],[3648178.864000002,4814326.043300001],[3648300.6854000036,4813739.6673000045],[3648043.2072,4813424.099700001],[3648356.8146999977,4812020.029699998],[3648901.2695000055,4811392.059799995],[3649664.3901000023,4810934.961700002],[3650528.8096000035,4809907.913400001],[3651148.4606,4809351.1712000035],[3651229.5042000003,4808596.1335],[3651606.302100001,4807819.1664999975],[3651446.3214000007,4806821.499200003],[3651894.683300006,4806646.9936],[3652368.6692000073,4806715.353400003],[3652914.4811000032,4806039.322400002],[3652871.7317999974,4805557.944200002],[3653248.213199999,4804989.9799000025],[3653234.6552999998,4804669.751400001],[3654866.6713000033,4804962.632800002],[3655265.665500002,4805289.373200003],[3655416.3077000035,4804225.146199999],[3656020.375400001,4804250.934300001],[3656379.180699997,4804950.754700001],[3656279.2748,4805850.936700001],[3655909.019199998,4805871.613200003],[3655993.0353999995,4806801.323200001],[3655832.354199999,4806995.339199999],[3655913.607300003,4808484.157800005],[3654800.132400003,4808542.5506],[3654995.523999995,4809088.808599999],[3654889.956799996,4809441.154399997],[3654989.4918999984,4811014.244600005],[3656019.9861999955,4810960.977899997],[3656383.8616000004,4811137.355600001],[3656507.225900002,4810594.774099999],[3656972.4713999988,4810598.717799999],[3657557.4888999993,4811158.565400002],[3658398.2700000033,4811226.9893999975],[3658765.7629000004,4811632.277199998],[3658892.821599998,4812267.408899998],[3658734.1130999965,4812635.250599995],[3658938.6966999993,4813522.787399996],[3658762.815899994,4814036.453000005],[3659035.5289999973,4814387.022500003],[3659114.0916,4814835.9345999975]]]},"properties":{"District":"UNA","STATE":"HIMACHAL PRADESH","TEHSIL":"UNA","Shape_Leng":90436.195535,"Shape_Area":221043454.814}},
{"type":"Feature","geometry":{"type":"MultiPolygon","coordinates":[[[[3786373.7075999975,4720561.302499997],[3785623.9721,4720317.270100005],[3785459.8636000035,4719819.479499999],[3784808.906900002,4720092.993100002],[3784562.745600004,4719819.482299998],[3785010.583499995,4719090.562399995],[3784341.105700004,4718630.769799996],[3783700.060000001,4718773.603300002],[3783521.327899999,4718620.162299999],[3784317.793099997,4717904.6231],[3783953.3176000006,4717242.957800001],[3783538.615999993,4717986.396300003],[3783176.3430000045,4718099.7184999995],[3783153.320099999,4717254.600499997],[3782655.4320999966,4716258.292600002],[3781628.2902000044,4715500.498700004],[3781298.0047999965,4714842.023599997],[3781599.665599999,4714164.385999998],[3781458.4816000042,4713375.299200001],[3781069.786700005,4712950.166700002],[3780328.108900008,4712677.106100004],[3779526.7916000006,4712758.8095],[3779264.411099997,4713384.205999998],[3778630.787900004,4714250.4463],[3777444.778800004,4714964.726799997],[3776956.0155999996,4715358.7622],[3776229.1584999976,4715284.733799999],[3776018.036999999,4715445.956100002],[3775638.9263999956,4716372.1461],[3775672.687799994,4716710.529299998],[3775266.7356999936,4716971.360699999],[3774747.948100003,4716442.469300002],[3774227.093299999,4716441.301300001],[3773710.3794999984,4716823.606300003],[3773813.8735999987,4717807.6154],[3774332.222300004,4718952.684900004],[3774123.391800003,4719393.769699996],[3773561.115699998,4719263.690200003],[3773163.961499996,4718989.2087],[3773416.5616000034,4718319.561599998],[3772916.866100001,4718117.481300004],[3772481.6427000035,4718303.4543999955],[3771922.957199998,4718244.855699998],[3771642.795900006,4718653.950500004],[3770829.407899996,4718597.5824],[3770517.256199998,4718989.1273],[3770432.6376999957,4719643.663600004],[3769740.5019000066,4719910.888299999],[3769444.7875000006,4719358.144199999],[3769068.053100001,4719135.013300005],[3768846.713199999,4719769.389899995],[3769032.855900001,4720102.432599999],[3768600.7452000035,4721182.394000005],[3769429.965099998,4721791.887300001],[3769895.667799998,4721332.721399996],[3770220.8712000037,4721392.1109000025],[3770119.7720000003,4721928.056099996],[3769797.0106000034,4722420.572099997],[3770055.4645000044,4722873.465399997],[3770416.598399997,4723082.146399997],[3769988.5253000073,4723347.440199998],[3769712.8011000007,4722828.776100002],[3769532.9170999965,4722157.400400002],[3769140.3723000027,4721779.588100003],[3768624.9773999946,4721737.759200001],[3768139.821299999,4721257.8364],[3767656.856700005,4721275.008000003],[3767026.3190999976,4720784.495299997],[3766294.393299994,4721084.1705],[3765858.996200001,4720132.142900001],[3765256.040500002,4720170.2352],[3764745.223,4719288.998699997],[3765478.648999993,4719080.164100002],[3766114.0736000035,4718593.587500001],[3766626.857699996,4718364.463699997],[3766436.6749000037,4718071.011500004],[3765872.5785999945,4717790.820699999],[3765503.145599998,4717872.5827],[3764802.470700001,4718488.460699998],[3764627.8439000053,4719235.0184],[3764449.6507000057,4719496.001100002],[3763304.5597999953,4719486.874999999],[3762643.1925000073,4719072.043400003],[3761820.4957999997,4719463.999499995],[3761416.3131000055,4719805.204199999],[3760969.5488999984,4719784.4953000005],[3760138.669900003,4719405.974600002],[3759608.5459999964,4719723.2892],[3759080.5028000004,4720358.0069999965],[3758936.3085000035,4719418.748200003],[3758752.7662000004,4719222.8672],[3758605.261099999,4718088.6970000025],[3758874.7315999996,4717459.730200002],[3758459.6855999944,4716818.255299997],[3758015.061699999,4716893.237500003],[3757213.152900001,4716482.456300003],[3756880.1105999984,4716781.560399998],[3756265.8548000017,4716775.3619],[3756149.2026999984,4716455.579699999],[3755487.3365999977,4716528.912199998],[3754899.840899998,4716415.4831],[3754285.594199996,4716118.512200002],[3753949.7193000056,4715661.379299998],[3753042.1219000025,4715986.915199999],[3752390.565100001,4715765.7749999985],[3752053.6338000037,4716427.772500003],[3751932.1304000025,4715616.4052],[3751445.316600005,4715837.888800001],[3751690.0304999985,4716438.223700002],[3751358.497899999,4716582.7459999975],[3750664.9900000053,4716136.904199999],[3750487.589300003,4716466.607999995],[3750088.3254999947,4716381.578300001],[3749950.5928999977,4715976.344899999],[3748683.5906000026,4715941.438700005],[3748662.2323000003,4716498.744000002],[3748187.888599999,4716749.548100001],[3747774.4444999984,4716648.518300002],[3746892.6291000056,4717567.280099999],[3747015.651399998,4717910.152899995],[3746816.350800004,4718322.787199996],[3747344.6372999973,4718753.559799997],[3748214.6663999986,4719008.499300003],[3746453.362400001,4719806.342699997],[3746297.8392999973,4719309.638300001],[3745834.033399998,4718847.325599995],[3745219.7974999975,4718820.2673],[3745359.397200006,4718363.532500001],[3746328.2352000033,4717968.1455999985],[3746333.9935000017,4717373.639900003],[3746111.4607999977,4717243.239499999],[3745046.941799998,4717551.855799997],[3744990.8888000026,4716839.239200003],[3745850.4066000003,4716750.845699998],[3744761.1049999977,4716331.8352000015],[3744233.8373999977,4715493.279000001],[3743013.4948000005,4715152.149599997],[3742215.9779999983,4715411.414700005],[3741888.096400003,4715883.090300001],[3742556.153599996,4716161.260799999],[3742234.762299998,4716613.056200003],[3741861.7793999976,4716804.829100001],[3741615.1859000027,4716498.697099995],[3741190.972200003,4716559.279100005],[3740714.6286000037,4716878.683700003],[3740601.805200002,4716117.9366999995],[3740885.245899994,4715554.930400003],[3740674.6335999994,4715426.72],[3739967.487300002,4715574.903599998],[3739949.786000002,4715237.630499996],[3740313.938600001,4714844.665600005],[3740240.3968999973,4714618.203799998],[3741100.8331000023,4714029.325300004],[3741696.3291000016,4714127.4245000025],[3742308.412699995,4713492.1164],[3742653.2957999986,4713416.4745000005],[3742853.0847999956,4712640.576400004],[3744157.217400003,4712661.9825],[3744532.9284000043,4711873.3638],[3744769.5174999954,4710930.833999995],[3743978.9084999966,4710417.961899999],[3743209.1432000045,4711018.199900005],[3742620.5569999963,4710873.080500003],[3742254.904700002,4711172.774500002],[3741834.9388999986,4710633.530799998],[3741300.8826000057,4710271.9991],[3739794.3286,4710336.864799996],[3739266.4333,4710235.305499997],[3738163.703199998,4710325.4099],[3738071.961699998,4710078.627700001],[3737213.5338999964,4710234.982199999],[3737121.501699998,4709838.148800004],[3737614.446000004,4709716.885999996],[3737203.689700001,4708962.710100003],[3736602.5538000055,4708896.771400005],[3735977.226600002,4708466.599600002],[3735916.9936999986,4707805.523499999],[3736288.7487999997,4707285.3741000015],[3736670.905599998,4708166.056099998],[3737353.261999998,4708759.510400003],[3738239.7019,4708437.474800004],[3738621.952999999,4708473.083450004],[3739506.3235000046,4707790.854100004],[3740866.499799999,4707747.207600001],[3741302.1973,4707238.931200001],[3741673.0979000046,4706422.6317000035],[3741579.8012000024,4705854.995000003],[3742049.89505,4705714.520399999],[3743328.8461000007,4705541.809000004],[3743570.1366999997,4705252.813700006],[3744058.4020000054,4705131.936999998],[3744917.0379000027,4704641.600400002],[3746088.1750999996,4704500.125500003],[3746548.0702000055,4704886.073000003],[3746779.7458000034,4705327.280499998],[3748081.719900001,4705760.854699999],[3748532.7846999955,4705522.041499998],[3749192.237800004,4705828.800400002],[3750092.1503000064,4703896.901200002],[3751435.5452000014,4703612.076100003],[3751858.464400001,4703698.420200001],[3752060.2246999983,4704328.967699997],[3751524.8218000024,4704985.2957000015],[3751661.384099995,4705248.3277],[3751589.666199995,4706162.486499995],[3750918.5128000034,4706999.016999999],[3750623.232800004,4707892.946299998],[3750678.0256999987,4708590.652600005],[3750454.6845000004,4708894.6662],[3750743.3790999996,4709498.901100002],[3750595.328599994,4709725.253499998],[3750859.2929000068,4710259.947799997],[3751478.8572999984,4709836.661899999],[3751745.768000002,4709314.006000001],[3751579.5748000033,4708826.532100001],[3751735.355499995,4708548.188800003],[3751822.8132999996,4707586.249400003],[3751518.819799997,4707318.997999996],[3751454.6172000067,4706867.803900003],[3752012.0820999956,4706787.9311000025],[3752455.7519999975,4705930.625500005],[3751902.394700002,4705773.225100002],[3751711.219899999,4704945.857600002],[3752109.2339000045,4704923.9186],[3752297.2695999937,4704178.032999996],[3752557.5427000006,4703670.500499999],[3752574.5059999945,4702860.483299997],[3752714.024800006,4702581.176699997],[3753865.1573999934,4702473.9975000005],[3754101.5367,4701891.760500003],[3753923.8961999984,4701516.712800004],[3753374.5781999994,4701009.84],[3754174.4199999985,4700178.946900001],[3754397.396999998,4700763.875699997],[3754936.798800002,4701068.293300001],[3755170.362000004,4701848.3232999975],[3755601.0837999987,4701811.899399999],[3756944.735050008,4702625.2053],[3757557.8787999996,4703318.7995],[3757863.5011500046,4703919.420699997],[3758455.141999999,4704292.156800002],[3758904.303399998,4705407.950499997],[3759324.909199996,4705268.891700004],[3759806.806599999,4704586.8628],[3759719.647000001,4704207.190000003],[3759379.6639000033,4703795.979399998],[3759373.066499999,4702781.522700001],[3758795.7548500076,4702813.182999999],[3758618.3614000026,4702328.700299999],[3757909.0622499976,4701530.445399997],[3757771.405149997,4701066.793599997],[3756702.7207999993,4700905.274999997],[3756371.4623000044,4700327.915000003],[3755748.0004000035,4700236.648400001],[3755837.692800003,4699527.415399996],[3756418.0778,4699395.1733000055],[3757125.5697000064,4699477.375500006],[3757756.764099998,4698585.945199996],[3758631.970700005,4699096.276199998],[3759415.3763999986,4699100.851000002],[3759746.837450006,4699254.747800001],[3760190.8314000033,4699038.792699999],[3760651.6717999997,4699186.957600005],[3760996.7139500044,4699608.784199998],[3761700.792299997,4699851.7688],[3762343.9508500025,4700216.639750002],[3762838.1195500046,4699568.852300001],[3763118.8122999975,4699879.330300001],[3762985.0084000016,4700950.6785999965],[3763182.5029999968,4701894.026599996],[3763496.446300001,4702552.318400001],[3764551.547799998,4703758.923600001],[3764943.5433000065,4703846.687000001],[3765449.8725999924,4703321.2706],[3765435.0890000006,4702592.745799998],[3765725.4672999973,4701333.157400005],[3766404.3879999984,4700114.017700003],[3767497.2861999986,4698891.704300001],[3767368.5433999943,4698469.998600002],[3767978.045599997,4697777.872550001],[3768768.309799998,4697339.303299997],[3769665.1377500007,4696717.112299998],[3770609.810399998,4696342.627999996],[3771029.520966663,4696544.117499998],[3770952.158699994,4697181.430199999],[3770435.6002999973,4697917.373599995],[3770069.562500001,4698720.0466],[3769825.1463999962,4699953.799899999],[3770016.308100003,4700271.299800005],[3770448.2792999996,4700499.048900003],[3771161.266400005,4701148.934000002],[3771760.0951000014,4701395.721600001],[3772360.739100004,4701847.562199997],[3773706.2880999986,4702166.025000002],[3774299.672899996,4702431.866200003],[3774954.7545000017,4702518.966100004],[3775513.6590000056,4702132.447999999],[3776030.8291999986,4702335.684699999],[3776590.642000001,4702179.624600004],[3776859.207700002,4702346.569600005],[3777247.5435000034,4703780.1258],[3777650.391900005,4703970.660400003],[3778486.935500005,4703810.970100004],[3779220.0447000004,4703487.056099997],[3780860.4710000004,4703813.683700001],[3781312.314700002,4704056.842500003],[3781815.876700002,4704720.995199999],[3782699.6025999975,4705076.659599999],[3782813.9251999995,4705350.668300002],[3783421.827900004,4705878.7234000005],[3784029.731200006,4706561.021999998],[3785047.7383999955,4706559.203900002],[3785780.849800001,4706862.244500004],[3786666.391300002,4707519.137400005],[3788417.510400001,4708603.099999998],[3789248.7349999966,4708809.073399999],[3789960.8993000006,4709483.698999997],[3790966.5612000045,4709472.625500001],[3791903.8936,4709611.112500002],[3792356.945500004,4709906.381499995],[3792997.9868000047,4709934.789399996],[3793332.2285999986,4710250.758900002],[3793317.661099997,4710955.930199996],[3793469.4148999965,4711941.631800004],[3794057.466800001,4712229.350299995],[3794249.409000001,4712746.220700003],[3794027.740199995,4713200.4524],[3793862.1237000027,4713950.870799998],[3793540.2540000007,4714620.816799998],[3793775.675700005,4715307.545800001],[3793238.5984999966,4716077.140800002],[3792260.2241,4715347.942699999],[3791743.3243000004,4715704.155199997],[3791388.522200005,4715314.095700001],[3790779.1912000068,4715364.167900002],[3790013.0018999996,4715983.7217999995],[3789508.159999997,4715726.683000002],[3788993.789699998,4715921.925200004],[3788600.0212000003,4716593.157899998],[3788594.253099999,4717133.749],[3787971.404700001,4717935.272700004],[3787604.577100003,4718826.285799998],[3786316.0974999974,4719941.582700002],[3786675.100300001,4720255.651700003],[3786373.7075999975,4720561.302499997]],[[3746828.600900002,4709091.099900001],[3746583.5562999956,4708426.664300003],[3746829.866300001,4707660.176700003],[3746708.3336000023,4707226.512500001],[3745799.056900004,4707808.580999998],[3746022.1995000024,4707923.641400002],[3746283.0453999992,4708994.940800002],[3746593.2898000022,4709458.543999996],[3746828.600900002,4709091.099900001]],[[3749218.6023999983,4708798.879399996],[3749165.361000003,4708419.485799998],[3748772.325199995,4707872.332100002],[3748811.6692000004,4708879.361500003],[3749218.6023999983,4708798.879399996]],[[3745958.8192000017,4714123.260499998],[3746200.779900003,4713675.175299999],[3745320.9017000003,4713687.988299999],[3745229.449299996,4713252.634500004],[3746858.363200004,4712797.934799995],[3747776.3620999996,4712881.002799997],[3748767.5430999976,4713375.134199999],[3749006.8636,4712808.138000004],[3748378.0162,4712359.395900002],[3748432.505800003,4712120.273400002],[3749252.963100003,4711965.0692000035],[3749620.2958000014,4711698.365500003],[3750039.5418999996,4712380.720599998],[3750665.784699995,4711428.619499998],[3751368.0323000015,4711735.5303],[3751988.7772000018,4711410.415199997],[3752075.6767999968,4711052.121100001],[3751472.901399998,4711093.503799997],[3750237.7294000024,4711019.427099999],[3748868.0380000034,4711518.886400003],[3747983.380000007,4711627.610199997],[3747506.176399999,4711858.713799998],[3746324.0978000006,4712655.115400001],[3744582.4739999957,4713441.508499998],[3744930.8592,4714068.713299997],[3745607.227700006,4714749.967600003],[3746087.4929,4714928.037500003],[3746338.144199997,4714606.623800002],[3745958.8192000017,4714123.260499998]],[[3747308.362499998,4714345.488200004],[3747074.608900003,4713949.774999999],[3746693.036399996,4714221.229],[3746813.959499999,4714874.6248],[3747427.505500004,4714894.272799995],[3747308.362499998,4714345.488200004]],[[3752875.765100001,4711318.361300003],[3752759.616300006,4712030.238600001],[3752186.3836999983,4712832.627699997],[3752721.9790999936,4712989.677700005],[3752794.068199997,4712452.012500003],[3753079.669499998,4712105.628200003],[3753158.007700001,4711290.930199999],[3752875.765100001,4711318.361300003]],[[3769318.7486000005,4716961.231999998],[3768812.9246999957,4717302.266800002],[3769521.0923000015,4717578.237199999],[3769912.944899996,4717174.061799999],[3769318.7486000005,4716961.231999998]],[[3770980.0468000043,4717760.4143],[3771903.0036000004,4717197.7458999995],[3770929.5333999977,4716868.995799999],[3770698.0314000025,4716936.867199999],[3770394.3805000056,4717576.514299998],[3770667.8746999986,4718106.528299999],[3770980.0468000043,4717760.4143]],[[3768245.101399999,4717940.404499997],[3768448.961699996,4717363.208300002],[3768019.3074999936,4717289.849099999],[3767462.662400003,4717433.062199996],[3767382.923300002,4717909.256900001],[3768063.6806000043,4718173.507399999],[3768245.101399999,4717940.404499997]],[[3768814.4897000007,4718833.601099999],[3769094.5810000002,4718376.1358999945],[3768449.724400001,4718283.387199999],[3768353.5856000073,4718842.882599997],[3768814.4897000007,4718833.601099999]]],[[[3748515.248200002,4724907.6538999975],[3748076.2114000004,4725254.4700000025],[3747524.818699998,4724840.966499995],[3746690.5624999963,4725345.074000001],[3746003.126000005,4725361.096399998],[3745329.2469000006,4726022.790600004],[3744668.025,4725812.425099995],[3744045.119400006,4725889.727899995],[3743751.278300005,4726362.233199995],[3742578.989500005,4727058.823799999],[3742400.8791999985,4727450.307699997],[3742219.3860999974,4727074.564899999],[3741831.092299998,4726974.895200001],[3741572.147399999,4726353.470400004],[3740369.1082000025,4726908.469399996],[3739878.793700003,4726908.271000002],[3739606.3202000037,4726661.889600003],[3740022.0228999993,4726251.9245],[3740508.5470999973,4726123.831500001],[3740911.6683999933,4725408.503599998],[3741492.7744000005,4725520.272599997],[3742126.0283999946,4724943.6151],[3741816.253700002,4724413.181200004],[3742082.155400001,4724221.738300003],[3742643.421899995,4724511.179300003],[3743040.024400006,4724200.365199998],[3743739.8200999983,4723891.820099998],[3743973.4200000037,4723193.532599998],[3743879.6778999977,4722834.669500001],[3744595.4042999977,4722736.596200004],[3745668.6945,4722778.803100001],[3746230.542499996,4723591.029099998],[3746644.4473000057,4723846.610099999],[3746641.0585999987,4724233.2739],[3747583.0083000027,4724499.513299999],[3747689.5704999985,4724878.8364],[3748001.4338000007,4725005.806700001],[3748515.248200002,4724907.6538999975]],[[3745080.1630000058,4723998.326599998],[3745317.433599998,4723491.511200004],[3744593.3259,4723251.5812],[3744340.2044000058,4723530.144599998],[3744247.205200003,4724019.479399999],[3745080.1630000058,4723998.326599998]],[[3745653.8500000015,4724448.408999998],[3745236.6874000025,4724925.094800003],[3745542.3910999936,4725064.065199999],[3745879.412600005,4724648.380199999],[3745653.8500000015,4724448.408999998]],[[3743708.293900001,4725139.181800004],[3743505.6313999975,4724993.0112],[3742794.7950000037,4725022.843700001],[3742617.7849000064,4725554.509300003],[3742920.878300002,4725687.1296000015],[3743490.663199998,4725551.756499995],[3743708.293900001,4725139.181800004]]]]},"properties":{"District":"SIRMAUR","STATE":"HIMACHAL PRADESH","TEHSIL":"PAONTA SAHIB","Shape_Leng":443148.603776,"Shape_Area":714515939.347}},
{"type":"Feature","geometry":{"type":"Polygon","coordinates":[[[3882916.2111000004,4861947.028900003],[3882945.471900003,4862212.723999999],[3884024.4686000003,4863119.613400003],[3884888.405799998,4864190.073699996],[3885598.5742999995,4865557.259600002],[3885801.6426000027,4867400.036899998],[3886383.091300001,4869714.153000001],[3886611.975599996,4871367.735599998],[3886626.8404,4871925.715500001],[3886350.014600002,4872375.944600003],[3885628.029400002,4872595.416499997],[3884558.119,4872620.028399998],[3883784.9683000017,4872798.468499996],[3881678.540299993,4875269.010700003],[3880151.5203000032,4876649.713799995],[3879121.171199998,4877882.465599998],[3878054.355999996,4879632.299800003],[3876870.4035999975,4880742.033200003],[3876579.6173,4881209.529899998],[3875735.105499997,4880570.75845],[3875419.201399996,4880499.378600005],[3874353.8460000036,4880929.570000004],[3873974.2440000027,4880535.343200002],[3873962.2645000033,4880054.028499994],[3873647.4494000003,4879610.579299998],[3872749.7442000005,4879437.595999999],[3872102.3496000036,4879820.671500003],[3871748.1936000017,4880178.791600004],[3871389.5709000006,4879730.930199999],[3871298.9100999977,4879135.032350006],[3870959.6212000037,4878636.861899999],[3870421.2802000004,4878241.6785999965],[3869885.274900001,4878217.0626],[3869486.9724000064,4878476.536100002],[3869697.9452000065,4879053.7309500035],[3869354.724100005,4879797.208600003],[3868751.740000005,4880214.304350002],[3868182.3038999997,4880163.081950006],[3867897.2821999975,4879714.850999998],[3867207.1799999974,4879928.287699999],[3866202.464299998,4879421.848099999],[3865249.4017999996,4879520.292550003],[3864621.980600003,4879470.929299995],[3864325.9830999994,4879638.760800003],[3863316.1760999975,4879275.4659],[3863084.1951,4879080.578999998],[3862478.3741999976,4879181.115599998],[3861733.6928000036,4878452.284600004],[3861120.045199995,4878205.485599998],[3860530.1533000013,4878132.473950004],[3859931.6044000015,4878244.171250002],[3859442.0944000036,4878710.877300005],[3858523.260399995,4878586.7415999975],[3858059.6072999984,4878247.0057999985],[3857976.717799996,4878766.101299997],[3857462.293200002,4878818.3231],[3857216.312350003,4879272.568000003],[3856354.3074999955,4879590.733199999],[3855524.8708000025,4879754.4189],[3855054.871000004,4879543.214300003],[3855059.4787999997,4878779.2074000025],[3854739.1943500023,4878420.066899998],[3854500.6133999955,4877674.4399999995],[3854617.7289999984,4877174.057900003],[3854387.5134000066,4876686.467100002],[3854375.7432999993,4876170.424800003],[3854173.7651999975,4875936.028500002],[3853816.9976500003,4875045.812999998],[3853806.424450008,4874331.327450005],[3854157.113250003,4872939.325199999],[3853979.412000002,4871147.238400003],[3853353.0070000025,4870548.112899998],[3853687.9161999943,4869692.621950004],[3854306.6143500037,4869536.79915],[3854645.9694000063,4869201.477699995],[3855267.809100006,4868912.509599997],[3855811.954800003,4868345.242650004],[3855472.1272500088,4867936.371699998],[3855217.7668000013,4867339.487599998],[3855584.0078999987,4866594.392100003],[3855923.9252000004,4866593.205899995],[3857596.1514000017,4867048.954999998],[3858455.207699997,4866392.676500003],[3858962.2914000037,4866188.6532000005],[3859425.094700005,4865713.377900001],[3858823.4876999995,4865293.405699998],[3859065.3780999994,4864614.618600003],[3859079.896399999,4864034.493499998],[3859695.290399996,4863380.745200004],[3859384.596900004,4863089.813700005],[3858619.108600001,4862770.902999997],[3858326.514799994,4862328.529700002],[3857585.206800001,4861883.747500002],[3857005.5803000033,4861387.494700003],[3857206.200900007,4861025.150900001],[3857001.727799998,4860601.4174999995],[3856210.2305,4860593.51],[3856319.1490999972,4859639.340500001],[3856494.0790000055,4859077.155000002],[3856874.8910999945,4858672.810499997],[3857888.5986,4858008.4510999955],[3858589.2952999957,4858152.2105],[3858807.909500003,4858850.806299999],[3859951.600800003,4859168.356300003],[3860868.6184000038,4858904.310899997],[3861613.5749000013,4858792.487700004],[3862170.549199994,4858405.562600005],[3863448.8801000006,4858277.158000004],[3864222.5961999996,4857966.0733],[3865614.010200002,4858268.472100001],[3866130.534800005,4858070.608500002],[3867634.038199996,4858078.614399998],[3868176.4122,4857985.0419000015],[3868422.524400007,4857725.018900001],[3869301.741700005,4857442.1505999975],[3869266.0430999994,4858236.841500001],[3868835.260700004,4858678.646500003],[3868364.3484999957,4859420.444600005],[3868606.192500001,4859989.709199997],[3869092.9971999945,4860131.649099996],[3869296.1006999994,4860655.833799999],[3869552.882799996,4860647.013000001],[3869981.3783000056,4861133.945700005],[3870056.691300001,4861936.5531],[3869420.696999998,4862491.410500001],[3868752.6604,4862471.271699998],[3868697.621699999,4862929.585699999],[3869064.685700001,4863174.496999998],[3869344.3413000056,4864450.347900003],[3869210.5917999987,4864709.620800002],[3868159.8840999976,4864994.497900001],[3868267.373599999,4865219.108099999],[3869937.4509999994,4865964.5505],[3870619.0092999972,4866588.364399999],[3871505.9572,4866645.612500002],[3872285.964199995,4866485.168799997],[3872746.7774000014,4866234.605199996],[3873986.4979999997,4865879.548799997],[3874485.4815000016,4865551.284000003],[3875846.4033999946,4865232.277300004],[3876508.086799999,4864616.7597999945],[3877164.222799998,4864395.9656000035],[3878115.1490999963,4863445.003899999],[3879788.5222,4862691.383099999],[3880832.6323000006,4862838.101599999],[3881973.440099996,4861979.3905000035],[3882916.2111000004,4861947.028900003]]]},"properties":{"District":"KINNAUR","STATE":"HIMACHAL PRADESH","TEHSIL":"HANGRANG","Shape_Leng":126162.028723,"Shape_Area":500217415.299}},
{"type":"Feature","geometry":{"type":"Polygon","coordinates":[[[3828765.6060999967,4858021.8945],[3827866.7907000063,4857837.6081],[3827041.835899999,4858080.701199999],[3826492.1612,4858742.198900003],[3825982.5661999993,4858515.871899996],[3824910.3896,4858623.521400001],[3824586.9038000056,4858795.216800004],[3824032.0352000026,4858672.803599995],[3823504.662500001,4858104.042300002],[3822753.1055000024,4857692.690800004],[3821859.5103000016,4857801.416200003],[3821329.2952000005,4857703.957900002],[3821112.345400001,4857484.355300002],[3821437.6863999963,4857005.072800001],[3820828.849699997,4856783.109200002],[3820439.2964999955,4856393.783700002],[3820751.4644000037,4855989.478500002],[3821312.0878000073,4855791.1064],[3821740.6541000037,4855300.223400002],[3821579.3479999937,4854902.3505000025],[3821193.438900003,4854731.342599997],[3821574.3934999965,4854078.750899998],[3821300.130800006,4853491.669500004],[3821297.234800002,4853149.324900001],[3820958.8133999985,4852507.283],[3820622.8692999994,4852277.041000003],[3820469.1868000077,4851437.661499996],[3820297.3312999997,4851143.911599998],[3820291.688600005,4850434.416999996],[3820452.372599995,4850112.902799999],[3819664.338200004,4849601.9528],[3819890.7155999984,4849053.328800001],[3820440.097499999,4848292.479999997],[3821599.2282000026,4848030.534000003],[3821693.2175000045,4847545.229499999],[3822794.1762999976,4847210.883099997],[3822855.205599997,4846818.919300002],[3822463.7114999946,4846570.2980999965],[3822471.2003000043,4846111.804299999],[3821524.7794999983,4845483.791300003],[3821403.8263000036,4844783.834899999],[3821222.294,4844495.622299997],[3821237.6914000018,4843490.073700002],[3820967.7376,4843062.400699995],[3821017.7863000035,4842518.805000001],[3821915.9031999987,4842004.708399998],[3821685.397999999,4841150.5109],[3822010.7507,4840821.656499999],[3822415.6146000046,4840926.426600003],[3822644.5856000064,4840561.732399996],[3822985.028300005,4840495.300799999],[3823716.4634000016,4839883.683200005],[3824299.4683,4839735.799899995],[3825108.6964000007,4839924.009400001],[3825865.4711000067,4839318.201399997],[3826891.690100004,4839264.698000003],[3827331.983600002,4838880.1530000055],[3827685.576800004,4838951.942999997],[3828400.251400004,4838242.194299996],[3828887.475700002,4838105.431299996],[3829510.342699999,4838636.964800003],[3829577.3644999997,4839020.858100001],[3829916.6189,4839509.151399999],[3830189.2511000056,4839568.4812],[3830922.1679999977,4839335.796699999],[3831529.552499998,4838965.541799997],[3832134.8576000025,4839007.0603],[3832896.156499994,4839239.32],[3835085.7343000057,4838781.819800001],[3835262.5948999943,4838436.645900004],[3836212.6827000016,4838035.889600001],[3837019.3477000035,4837267.430100005],[3837369.301200006,4837289.738900002],[3838103.6364000016,4836974.784200004],[3839154.813000003,4835940.671699999],[3839555.246200003,4835715.838500001],[3839787.096400001,4835065.0514],[3840581.1729999995,4834725.386099998],[3840954.0247,4834073.698800005],[3841471.8783000046,4833710.963900004],[3841532.4769000006,4833040.0678],[3840399.1971000005,4832977.2005],[3839548.727100002,4832490.438300002],[3840145.107500002,4830758.820899997],[3841594.637400004,4829608.906100001],[3841599.2029,4829163.3488],[3840415.8147000005,4828840.141999999],[3839564.724699998,4828261.899399996],[3839240.380700004,4827735.355500001],[3839157.0583999995,4827313.872400003],[3838625.545900006,4826394.826200003],[3839009.8529999983,4826000.960299999],[3839720.8889999986,4825918.647299999],[3841176.6289,4824537.710499998],[3841785.8629999952,4824090.754399997],[3842505.029700002,4823998.311900003],[3843991.850799998,4823072.198800001],[3845015.197700006,4822256.147799997],[3845477.0415999955,4822183.705699995],[3845832.7739999923,4821916.442300001],[3846152.5746000046,4821081.693600001],[3846154.6121000014,4820262.025999999],[3846362.6132000056,4819818.281100003],[3846881.987200003,4819629.687999998],[3846775.0248000044,4819009.0425],[3847142.535400005,4818143.0231],[3847404.0073999977,4817928.000799999],[3847236.7333999993,4817309.325399998],[3846732.7574000014,4816677.481300004],[3846622.984899996,4816247.8473999975],[3846956.856700006,4815513.141100001],[3847451.2709000064,4815577.038599999],[3848154.7262999974,4815146.132599996],[3848792.761600004,4814998.209800003],[3849290.286700004,4815115.799399998],[3849891.190299999,4814597.832699997],[3849826.6380999982,4813993.0472000055],[3849579.8747000042,4813668.134799998],[3849819.0451000007,4812940.317000006],[3850642.5310000037,4812402.159699998],[3851100.9443999985,4812232.837199997],[3851229.4848000067,4811697.611299999],[3851475.2561999992,4811428.588399995],[3851342.833300006,4810860.603799999],[3850707.1956999945,4810327.0201],[3850813.6555999955,4809962.4564999975],[3851421.350500003,4809728.7225],[3851313.9880999974,4809235.808400005],[3851593.9194000023,4808845.804299997],[3851954.5029000007,4808948.363700002],[3852321.0259000016,4808703.140599996],[3853266.875000001,4808872.639000002],[3854564.9293000037,4809615.142599996],[3854510.8764000023,4808710.5148],[3854241.751500002,4807870.4473],[3854312.810200003,4807209.571],[3854558.6103999983,4806616.6747],[3854916.883199999,4806338.020099998],[3855204.9739999953,4805857.835599997],[3856823.3774000024,4805189.174700003],[3857728.2875000034,4805732.3969],[3858664.886799999,4805909.425999997],[3858759.966799997,4805731.084399998],[3858561.4126999974,4804927.4673999995],[3858771.743499999,4804403.6818],[3859556.5396999987,4804013.2859000005],[3860361.917000001,4804021.893399999],[3860558.717100002,4803512.288600003],[3860964.5706999954,4803301.184999996],[3861787.3888,4803437.894100001],[3863019.390100007,4803439.5304999985],[3863153.3305,4803151.966700003],[3862913.9271000046,4802663.373500001],[3862284.208800001,4802169.9509],[3862352.3190000025,4801656.566100001],[3863264.0266999947,4801383.200499998],[3863499.597000004,4800943.865700003],[3864503.7845999934,4800509.029199999],[3865149.1511999983,4800508.606899999],[3865652.966699999,4800686.167200003],[3865897.478900004,4800553.135099998],[3866510.0446000043,4800606.894100001],[3866696.585800003,4800409.0216999985],[3867265.9181000027,4799301.519899999],[3868190.3374999985,4799630.919799997],[3868788.113799997,4800050.8619],[3869460.0506000007,4800126.361200001],[3870019.7146999957,4799615.794800002],[3871433.8368000025,4799364.588199996],[3872056.0023000007,4799366.626200005],[3872419.1666999944,4799636.0477],[3873102.1831000037,4799719.136500001],[3873489.608999995,4800351.321500003],[3874232.966000003,4800474.940399999],[3875332.6553000016,4800046.443499998],[3876235.0337000005,4800100.361199998],[3876869.8488000007,4799692.675600002],[3877339.5831000027,4799709.774899999],[3877980.849600005,4799984.645400003],[3878118.732000001,4800441.509200001],[3877878.071699995,4800929.9646000005],[3878467.1274999944,4801172.505399995],[3879785.3787999954,4800823.548200002],[3880210.6235999977,4801080.989400003],[3879998.032999998,4801623.644699996],[3880363.147299994,4801848.955899999],[3881135.1757000033,4802070.135700003],[3881391.928100001,4802332.727399999],[3881458.840699997,4803057.834100003],[3881902.145099994,4803184.304099999],[3882086.2172999987,4803307.794799997],[3883097.1587999975,4803887.8972],[3884871.940300001,4804599.834600003],[3885894.5464000045,4805689.496700004],[3886249.8137999997,4806398.087400002],[3886441.6322000055,4806399.538900002],[3887179.2021000027,4807186.055199996],[3888180.420999999,4807820.661600003],[3888721.287100001,4808925.104299999],[3888929.9929999965,4809973.076699999],[3888882.9635000024,4811235.547899999],[3888391.411300007,4812267.670800004],[3887634.2761999974,4813003.112100003],[3886780.0217000004,4813702.6861000005],[3885956.536199998,4814259.149999996],[3885245.7114999923,4814570.336499998],[3884729.0627999967,4814953.257999998],[3884088.793900002,4816327.792999999],[3883219.6049000043,4816470.112499997],[3881875.8959000073,4815686.667300003],[3881226.647299995,4815711.582499997],[3881047.2392000044,4816197.045399999],[3881143.491400001,4817071.313600001],[3880522.4774999977,4819468.362299999],[3880583.2651999975,4820020.574100001],[3881246.9415000034,4820972.186499998],[3882299.078900006,4822067.349199997],[3883275.236000001,4822472.203200005],[3884440.9532999992,4822483.523000002],[3885253.3441999964,4823092.698900003],[3885774.0403999966,4824013.502700001],[3886449.6205000007,4824502.714000006],[3887573.245800006,4824700.221600004],[3889080.805799997,4825698.544799995],[3890071.6863999953,4827079.937900003],[3891630.184000003,4828538.488300003],[3892345.3598999977,4829531.070000004],[3892226.979199995,4830569.082299996],[3891106.095999999,4831810.926100001],[3889627.383400001,4832766.099299997],[3888030.8074999945,4833920.598000001],[3887416.081900002,4835106.6042],[3887318.2197000044,4835909.491100002],[3887239.9327000002,4837735.345699996],[3886922.7480999995,4837816.907699997],[3886176.375699996,4837386.616800003],[3885133.1278000055,4837222.010000006],[3883905.347599997,4837497.066700004],[3883762.9997000047,4837619.358600002],[3883627.0253000036,4836628.381200003],[3883736.2440999956,4835887.983700001],[3883320.5193999973,4835471.381400002],[3883033.0552000003,4834958.566900002],[3882517.9095999952,4834603.3051999975],[3882461.8482000045,4834240.082700003],[3881992.082199999,4833639.297699997],[3881366.416100001,4833674.660300001],[3880727.1985000027,4833164.657200005],[3879201.9949999973,4833166.421699997],[3878977.502100001,4832875.159500004],[3878245.914500001,4832729.5601999955],[3877718.9509000015,4833052.3248000005],[3877053.054599998,4833081.196900001],[3876644.3315000003,4833362.930900003],[3875936.0946000004,4833221.161400006],[3875636.2915999927,4833325.0528],[3874616.7349000005,4834022.132300002],[3873662.8060000036,4833991.284600002],[3873442.3544000015,4834343.058599998],[3872840.889200001,4834276.279800005],[3872213.724099999,4834632.1448],[3872140.3649000046,4835008.487699999],[3871187.677500001,4835490.136100005],[3870754.8850999977,4836062.862000001],[3869731.354199996,4835719.481999997],[3869408.0413999986,4835734.363000004],[3869110.5693999934,4836074.667000002],[3868323.564200002,4836634.334500002],[3867206.5648000054,4836958.1708999965],[3866490.659400002,4837351.306600001],[3866250.125699998,4836948.513399998],[3865800.860900004,4836752.2325],[3865111.424700002,4836812.195099995],[3863660.3810999957,4836633.517700006],[3863423.449500001,4836780.329600002],[3862731.1215000018,4836398.977900002],[3861901.9741,4836190.178799998],[3861303.647900002,4836191.440100001],[3860684.1733999997,4836441.113799999],[3859787.0247000037,4836568.407600002],[3858596.6142999995,4836562.821700003],[3857633.5357000018,4836726.815200001],[3856822.7973000007,4836419.4948999975],[3856464.372799999,4836069.492600001],[3855138.5316999992,4836437.210199997],[3854521.695600005,4836246.860099999],[3854060.5204000003,4835822.147100002],[3853809.0556000005,4834963.850000004],[3854103.1555000013,4834011.680100005],[3853694.541500006,4833855.360100002],[3852973.894800004,4833851.562300002],[3852654.2425999995,4834302.137400005],[3852020.790600003,4835527.7403],[3851756.6986999996,4835739.483399998],[3851324.706799997,4836559.442299996],[3851112.1692999983,4837898.605099996],[3850864.398299998,4838294.529100001],[3850734.6689000013,4839048.326700001],[3850397.647600003,4839642.382899998],[3849537.3715000027,4840355.9825],[3848884.3865000014,4840698.377099996],[3849043.4702999936,4841463.544099998],[3849051.2723000003,4842113.609899998],[3849394.296099999,4842420.541900001],[3849669.938500004,4842356.4701000005],[3850467.0472000027,4842895.883000005],[3849265.1263000015,4843055.128300001],[3848650.230499994,4842722.606800005],[3848215.1388000003,4843479.894800001],[3848124.619,4843871.5589999985],[3847676.9245999944,4843944.740899997],[3847202.5393999945,4843219.806000004],[3846586.9711999986,4842654.172299998],[3846134.857000001,4842584.422499999],[3845883.0356999976,4843040.8383],[3845075.059399996,4843424.063900001],[3844257.2222999968,4843624.897799997],[3843945.0710999933,4844125.833599998],[3843655.4688000027,4844248.115200006],[3843623.5102000036,4844853.160500005],[3843408.5295000025,4845134.494200001],[3843372.391200001,4845977.222100003],[3843230.301500002,4846490.406799998],[3843623.3061000006,4846879.359300002],[3843538.8662,4847299.113299999],[3842580.360500003,4848219.515200005],[3841884.9949000003,4848493.619399995],[3841863.9355999995,4848832.672799997],[3841529.293600002,4849244.597500004],[3841108.1897000005,4849314.118900001],[3840554.4965999983,4849860.996100003],[3840359.7366999984,4850491.312100001],[3840408.9082999965,4851013.327099999],[3839777.573499999,4851193.810600006],[3838905.705500001,4851274.623599995],[3838331.3297000024,4850919.641600001],[3837708.305399998,4851488.458699999],[3837639.755599994,4851830.162099996],[3836910.7996000024,4852049.086100005],[3835858.552699995,4852868.256799996],[3835101.476099997,4853092.781499999],[3834264.7475999985,4852843.001400003],[3833705.872299998,4852867.243399996],[3833365.7684000004,4852370.459500002],[3832505.2823999957,4853012.218199996],[3831955.9192999983,4853705.466199998],[3831138.831399998,4853511.096999997],[3830838.6486999975,4853753.879999997],[3830396.688000002,4854800.490599999],[3830433.440399996,4855387.216100004],[3829994.8987999973,4856578.3385],[3829678.076999997,4856684.889900003],[3829622.2581000016,4857148.104300002],[3828765.6060999967,4858021.8945]]]},"properties":{"District":"KINNAUR","STATE":"HIMACHAL PRADESH","TEHSIL":"MORANG","Shape_Leng":286156.57041,"Shape_Area":1751222127.85}},
{"type":"Feature","geometry":{"type":"Polygon","coordinates":[[[3855584.0078999987,4866594.392100003],[3855473.097250007,4866130.4776000045],[3854532.200000006,4865856.900699996],[3853935.9711000025,4866012.068999995],[3853441.138400007,4865805.675900004],[3852786.512800002,4866075.636599999],[3852146.3034000066,4865817.719999997],[3851150.822200005,4866822.410900003],[3851027.8215999994,4867222.504999995],[3850067.2809999995,4868017.917850002],[3849643.8173500067,4867836.761200001],[3848441.6478999984,4868112.310450004],[3847595.8521999996,4868520.9078],[3847049.868750003,4868570.284050001],[3847064.9961500037,4867707.115350001],[3845764.1061000023,4866255.5501999995],[3845129.9277999965,4866122.736550002],[3844791.147450004,4865540.227699997],[3844463.585500001,4865738.923450002],[3842988.2374500027,4865896.499250006],[3841785.7689,4866221.6592999995],[3841068.9062000024,4865815.478099998],[3840969.820100004,4864971.466350008],[3839873.1396999992,4865029.3556],[3838508.950800003,4865762.191050004],[3837937.8433999973,4865950.413499997],[3837438.4690000005,4865674.535399996],[3836629.5328999963,4865729.197050003],[3836047.8567999946,4865939.026950002],[3833767.5090000005,4865672.2640999975],[3832922.711900008,4865915.237650006],[3831604.091300005,4865758.455499996],[3831313.899599996,4865344.922350005],[3830943.111599993,4865134.315399997],[3830849.7043000036,4864171.267499995],[3829774.452100001,4863966.338899998],[3829812.2281000055,4863460.517650001],[3830144.3847000026,4862673.677900001],[3829846.9946000017,4861808.626350003],[3830092.1881000027,4861457.853799999],[3829791.9555,4861064.105299999],[3829920.2052,4860524.346599998],[3830153.307199998,4860371.705499997],[3830092.1106999945,4859825.5978],[3830408.637500005,4859162.6954000015],[3829638.943599996,4858468.442600001],[3828934.359600004,4858493.965299999],[3828765.6060999967,4858021.8945],[3829622.2581000016,4857148.104300002],[3829678.076999997,4856684.889900003],[3829994.8987999973,4856578.3385],[3830433.440399996,4855387.216100004],[3830396.688000002,4854800.490599999],[3830838.6486999975,4853753.879999997],[3831138.831399998,4853511.096999997],[3831955.9192999983,4853705.466199998],[3832505.2823999957,4853012.218199996],[3833365.7684000004,4852370.459500002],[3833705.872299998,4852867.243399996],[3834264.7475999985,4852843.001400003],[3835101.476099997,4853092.781499999],[3835858.552699995,4852868.256799996],[3836910.7996000024,4852049.086100005],[3837639.755599994,4851830.162099996],[3837708.305399998,4851488.458699999],[3838331.3297000024,4850919.641600001],[3838905.705500001,4851274.623599995],[3839777.573499999,4851193.810600006],[3840408.9082999965,4851013.327099999],[3840359.7366999984,4850491.312100001],[3840554.4965999983,4849860.996100003],[3841108.1897000005,4849314.118900001],[3841529.293600002,4849244.597500004],[3841863.9355999995,4848832.672799997],[3841884.9949000003,4848493.619399995],[3842580.360500003,4848219.515200005],[3843538.8662,4847299.113299999],[3843623.3061000006,4846879.359300002],[3843230.301500002,4846490.406799998],[3843372.391200001,4845977.222100003],[3843408.5295000025,4845134.494200001],[3843623.5102000036,4844853.160500005],[3843655.4688000027,4844248.115200006],[3843945.0710999933,4844125.833599998],[3844257.2222999968,4843624.897799997],[3845075.059399996,4843424.063900001],[3845883.0356999976,4843040.8383],[3846134.857000001,4842584.422499999],[3846586.9711999986,4842654.172299998],[3847202.5393999945,4843219.806000004],[3847676.9245999944,4843944.740899997],[3848124.619,4843871.5589999985],[3848215.1388000003,4843479.894800001],[3848650.230499994,4842722.606800005],[3849265.1263000015,4843055.128300001],[3850467.0472000027,4842895.883000005],[3849669.938500004,4842356.4701000005],[3849394.296099999,4842420.541900001],[3849051.2723000003,4842113.609899998],[3849043.4702999936,4841463.544099998],[3848884.3865000014,4840698.377099996],[3849537.3715000027,4840355.9825],[3850397.647600003,4839642.382899998],[3850734.6689000013,4839048.326700001],[3850864.398299998,4838294.529100001],[3851112.1692999983,4837898.605099996],[3851324.706799997,4836559.442299996],[3851756.6986999996,4835739.483399998],[3852020.790600003,4835527.7403],[3852654.2425999995,4834302.137400005],[3852973.894800004,4833851.562300002],[3853694.541500006,4833855.360100002],[3854103.1555000013,4834011.680100005],[3853809.0556000005,4834963.850000004],[3854060.5204000003,4835822.147100002],[3854521.695600005,4836246.860099999],[3855138.5316999992,4836437.210199997],[3856464.372799999,4836069.492600001],[3856822.7973000007,4836419.4948999975],[3857633.5357000018,4836726.815200001],[3858596.6142999995,4836562.821700003],[3859787.0247000037,4836568.407600002],[3860684.1733999997,4836441.113799999],[3861303.647900002,4836191.440100001],[3861901.9741,4836190.178799998],[3862731.1215000018,4836398.977900002],[3863423.449500001,4836780.329600002],[3863660.3810999957,4836633.517700006],[3865111.424700002,4836812.195099995],[3865800.860900004,4836752.2325],[3866250.125699998,4836948.513399998],[3866490.659400002,4837351.306600001],[3867206.5648000054,4836958.1708999965],[3868323.564200002,4836634.334500002],[3869110.5693999934,4836074.667000002],[3869408.0413999986,4835734.363000004],[3869731.354199996,4835719.481999997],[3870754.8850999977,4836062.862000001],[3871187.677500001,4835490.136100005],[3872140.3649000046,4835008.487699999],[3872213.724099999,4834632.1448],[3872840.889200001,4834276.279800005],[3873442.3544000015,4834343.058599998],[3873662.8060000036,4833991.284600002],[3874616.7349000005,4834022.132300002],[3875636.2915999927,4833325.0528],[3875936.0946000004,4833221.161400006],[3876644.3315000003,4833362.930900003],[3877053.054599998,4833081.196900001],[3877718.9509000015,4833052.3248000005],[3878245.914500001,4832729.5601999955],[3878977.502100001,4832875.159500004],[3879201.9949999973,4833166.421699997],[3880727.1985000027,4833164.657200005],[3881366.416100001,4833674.660300001],[3881992.082199999,4833639.297699997],[3882461.8482000045,4834240.082700003],[3882517.9095999952,4834603.3051999975],[3883033.0552000003,4834958.566900002],[3883320.5193999973,4835471.381400002],[3883736.2440999956,4835887.983700001],[3883627.0253000036,4836628.381200003],[3883762.9997000047,4837619.358600002],[3883096.556599999,4838191.903899999],[3882251.0156999985,4839822.734100004],[3882147.558399996,4840999.097999999],[3881941.8699999945,4842093.549699996],[3881024.8133000014,4843499.357099995],[3880747.693199996,4844368.711400002],[3881212.3683,4845203.026899999],[3881912.7825999977,4845638.560499999],[3881963.4839999992,4846099.027899999],[3881098.727799996,4846287.446899999],[3879998.222199996,4846874.640600003],[3879577.402399999,4848132.7248000065],[3879054.320000005,4849308.875799995],[3879073.253899999,4850751.681599998],[3879491.912399996,4851591.213799995],[3880191.9826000035,4852446.400800003],[3881168.4126999946,4853271.1741],[3881949.6838000007,4854863.270699997],[3882495.239399997,4856854.317400003],[3882442.4626000016,4858491.774899998],[3882687.1657000026,4859443.846299998],[3883172.7449999936,4860043.0615000045],[3882916.2111000004,4861947.028900003],[3881973.440099996,4861979.3905000035],[3880832.6323000006,4862838.101599999],[3879788.5222,4862691.383099999],[3878115.1490999963,4863445.003899999],[3877164.222799998,4864395.9656000035],[3876508.086799999,4864616.7597999945],[3875846.4033999946,4865232.277300004],[3874485.4815000016,4865551.284000003],[3873986.4979999997,4865879.548799997],[3872746.7774000014,4866234.605199996],[3872285.964199995,4866485.168799997],[3871505.9572,4866645.612500002],[3870619.0092999972,4866588.364399999],[3869937.4509999994,4865964.5505],[3868267.373599999,4865219.108099999],[3868159.8840999976,4864994.497900001],[3869210.5917999987,4864709.620800002],[3869344.3413000056,4864450.347900003],[3869064.685700001,4863174.496999998],[3868697.621699999,4862929.585699999],[3868752.6604,4862471.271699998],[3869420.696999998,4862491.410500001],[3870056.691300001,4861936.5531],[3869981.3783000056,4861133.945700005],[3869552.882799996,4860647.013000001],[3869296.1006999994,4860655.833799999],[3869092.9971999945,4860131.649099996],[3868606.192500001,4859989.709199997],[3868364.3484999957,4859420.444600005],[3868835.260700004,4858678.646500003],[3869266.0430999994,4858236.841500001],[3869301.741700005,4857442.1505999975],[3868422.524400007,4857725.018900001],[3868176.4122,4857985.0419000015],[3867634.038199996,4858078.614399998],[3866130.534800005,4858070.608500002],[3865614.010200002,4858268.472100001],[3864222.5961999996,4857966.0733],[3863448.8801000006,4858277.158000004],[3862170.549199994,4858405.562600005],[3861613.5749000013,4858792.487700004],[3860868.6184000038,4858904.310899997],[3859951.600800003,4859168.356300003],[3858807.909500003,4858850.806299999],[3858589.2952999957,4858152.2105],[3857888.5986,4858008.4510999955],[3856874.8910999945,4858672.810499997],[3856494.0790000055,4859077.155000002],[3856319.1490999972,4859639.340500001],[3856210.2305,4860593.51],[3857001.727799998,4860601.4174999995],[3857206.200900007,4861025.150900001],[3857005.5803000033,4861387.494700003],[3857585.206800001,4861883.747500002],[3858326.514799994,4862328.529700002],[3858619.108600001,4862770.902999997],[3859384.596900004,4863089.813700005],[3859695.290399996,4863380.745200004],[3859079.896399999,4864034.493499998],[3859065.3780999994,4864614.618600003],[3858823.4876999995,4865293.405699998],[3859425.094700005,4865713.377900001],[3858962.2914000037,4866188.6532000005],[3858455.207699997,4866392.676500003],[3857596.1514000017,4867048.954999998],[3855923.9252000004,4866593.205899995],[3855584.0078999987,4866594.392100003]]]},"properties":{"District":"KINNAUR","STATE":"HIMACHAL PRADESH","TEHSIL":"POOH","Shape_Leng":212682.456325,"Shape_Area":1217420153.58}},
{"type":"Feature","geometry":{"type":"Polygon","coordinates":[[[3826829.1889999993,4820003.375400001],[3825475.1023999983,4820632.829799995],[3824448.7425000006,4820495.301700002],[3823760.114900004,4820014.419399995],[3822751.7951000077,4819843.2809999995],[3823040.7858000062,4819216.674699996],[3823134.7538999985,4818291.455400005],[3822960.310400006,4817648.590000002],[3822967.938199996,4816859.472399997],[3823163.377199999,4816042.214400001],[3822925.003899998,4815498.810400004],[3823397.4269000012,4815099.904800005],[3823636.516900004,4814309.3468],[3823507.893600003,4813615.991099995],[3823327.801500003,4813404.589200003],[3822661.773900006,4813226.8896999955],[3822248.3407000005,4813251.951199999],[3821967.0275000054,4813027.100100001],[3821584.8618000005,4812257.133900005],[3821697.0119000003,4811935.991599996],[3821482.688299999,4811445.966799997],[3821844.9491999988,4810717.858900003],[3821486.872899999,4809646.1706000045],[3821871.903699998,4808730.120900003],[3822299.766999994,4808521.257899998],[3822941.0629999987,4808533.376199998],[3823222.4147999994,4808298.772900002],[3823896.380699996,4808102.399199996],[3824212.8009999963,4807278.480399996],[3825037.1274999985,4806873.334400002],[3825395.7285000035,4806140.416500002],[3825809.012000004,4806048.584399996],[3826171.146499998,4806367.406000001],[3827072.433500002,4805787.828399998],[3827352.7732,4804988.529699999],[3826995.558700001,4804563.786799997],[3826891.196400002,4804123.6932999985],[3826021.1854000054,4803134.486900002],[3826309.3963999953,4802543.230499998],[3826812.409199995,4801917.232900002],[3827097.760200003,4801351.7568000015],[3827455.2342000017,4801599.938099998],[3827926.8576000007,4801342.074299998],[3828453.310299999,4800537.525300001],[3829008.7059000023,4800748.375399999],[3829633.8198999995,4800122.9577],[3829929.182599996,4800107.567099998],[3830319.635299999,4799701.7919000015],[3831387.5546,4799587.497800004],[3831757.6465999987,4799095.181999999],[3832457.7935999995,4799217.021000002],[3832994.309500002,4799590.942899996],[3833308.303799999,4799985.9656],[3833797.8582999986,4800026.754600003],[3834182.973600003,4800667.299499998],[3834170.1943999967,4800982.562500004],[3834886.0208000047,4800909.679400002],[3835673.794699999,4799641.025400003],[3836045.937400002,4799340.461600002],[3836686.1532000047,4799312.369200001],[3836966.6149999993,4799086.6663000025],[3838112.935399999,4798984.701999998],[3838720.921099999,4799139.801700001],[3839159.2151000006,4799001.289199999],[3839558.086800002,4798350.5216000015],[3840126.1615000013,4797973.076199999],[3839699.3061000006,4797533.8531],[3839743.8136000023,4796642.874600003],[3839183.0254000016,4795624.956999996],[3839670.9187999945,4795100.160599999],[3841026.0483999997,4794435.751600003],[3841581.7824999965,4794272.405800004],[3841659.467899999,4794014.930900002],[3842960.157999999,4793855.854700003],[3843723.7052000044,4794401.8758999985],[3844425.1006000005,4794139.959900001],[3844856.4447000027,4794161.414700004],[3845831.5942,4794592.015599997],[3846590.700900008,4794769.581799996],[3847359.4246999975,4794569.814500004],[3847885.4708999973,4794239.091099997],[3848076.353600001,4793118.927900005],[3848489.2019000016,4793463.705700002],[3848988.614100002,4793547.3094999995],[3849005.6292000003,4792945.055599999],[3850034.0428000055,4791380.967900002],[3849603.4636,4790520.890900005],[3849984.5424999995,4789891.574699999],[3850520.4839999992,4789603.1054000035],[3850845.3897999944,4789675.221299997],[3851284.9247000003,4790081.351800002],[3851772.2832000013,4790098.051100001],[3852276.611100005,4791023.120000004],[3852736.0457999995,4791198.951200005],[3853285.6005999944,4790478.368000004],[3853387.322300002,4790136.761200003],[3853976.4020000068,4789699.503200002],[3854525.2498000003,4789735.180199997],[3855136.343799998,4789159.002100002],[3855854.0919999965,4787689.333199999],[3856162.2953000017,4787220.9519],[3856810.586600002,4786702.4673000015],[3856974.933799997,4785637.413899995],[3857165.472400002,4785071.864999995],[3858411.9557999996,4784975.452000001],[3859404.9513000026,4784711.891699998],[3862800.0693000075,4784937.7228000015],[3863593.636499997,4785142.3507],[3863918.052000004,4785626.475099997],[3864845.1303,4786538.5747],[3865213.2177,4787246.045600001],[3865738.519400001,4787403.2600000035],[3866235.1239999942,4787932.302700002],[3867157.208599999,4788007.164600002],[3867893.3784,4787861.175900001],[3868234.0139999995,4788153.147399999],[3868789.261500002,4788272.929299999],[3869456.8052999936,4788171.8598000035],[3870269.0865,4787691.4748],[3870518.6336999983,4787058.866700003],[3871171.204000001,4786781.865],[3871904.8783,4786617.1602],[3872488.8237000033,4786688.279900002],[3872707.178499996,4786433.738900002],[3872830.7011000025,4785091.787500003],[3873511.9688000027,4784554.0068],[3873436.479399998,4784318.8067999985],[3873919.979600001,4783837.799100004],[3874522.6416999996,4784102.319299996],[3874886.9855000013,4784667.547299996],[3875538.3087000065,4784592.680399995],[3876383.033200003,4784721.195700003],[3877058.062,4784131.009599995],[3877902.785099998,4783771.656000004],[3878646.441899999,4783825.306699997],[3879251.598200003,4783628.160900002],[3880044.5416000006,4783832.7886999985],[3881100.7581000007,4783673.697799999],[3882839.0738999993,4783603.6461],[3883314.4315000037,4783415.281199999],[3884067.8850999987,4783435.3017000025],[3884983.006000001,4783700.7875],[3886647.132600003,4784510.596599998],[3887419.1265999954,4784721.5760999955],[3887889.2935999976,4784705.2596999975],[3888463.2817000006,4784315.182499999],[3888584.9003000045,4783748.608600004],[3888292.713900002,4783524.649900001],[3887924.8835999947,4782729.668299999],[3887941.1955999993,4781810.098699999],[3888156.996900001,4781480.832900001],[3888629.388200001,4781355.503],[3889267.894300001,4780882.367600003],[3889081.0119999982,4780252.018199995],[3889545.9856000002,4779523.777000003],[3889842.6172999963,4778366.8983],[3890493.730999997,4778114.756199997],[3890655.395300001,4777496.271100003],[3890995.091499996,4776965.415000001],[3891874.7194000054,4776342.622699999],[3893032.431100006,4776084.813100001],[3893528.729500007,4775387.673600004],[3893743.0831999993,4774857.577699998],[3894760.785699997,4773820.557500001],[3895344.951700004,4773551.163000001],[3896332.725700003,4773843.726199996],[3897101.3152999985,4773735.580499998],[3897418.9870000063,4774009.800000003],[3897577.3419999983,4774756.181399997],[3898239.7205000017,4775026.537600003],[3898801.6787,4774812.180399996],[3899330.805600005,4773918.065499999],[3899780.759300005,4774016.551700002],[3900545.4864999987,4773896.819300002],[3900933.6428999966,4773639.977699997],[3901870.2415000014,4773763.567099998],[3902665.868499998,4774236.691700002],[3903179.5507000014,4774700.1613],[3903833.238499998,4774777.4046],[3904787.216699999,4774736.847800003],[3905932.378099998,4775155.899600002],[3906567.7192,4774916.4375],[3906344.6767000034,4775886.831200003],[3905610.8526999997,4777699.199199997],[3904892.7958000004,4777961.746900003],[3904573.5856000045,4778578.157699995],[3904892.419800001,4779079.938499997],[3904654.0567999985,4779845.5171],[3904871.9277999955,4780515.8242000025],[3904449.0992000024,4781895.915399997],[3904017.9168,4782116.062999998],[3903850.9102000017,4782437.932700001],[3903205.2745000003,4782571.540700001],[3901785.7124999957,4783313.9695999995],[3901862.3853999954,4783726.933599998],[3900868.313800003,4784691.784899997],[3900773.4245999986,4785167.756799997],[3900511.527400005,4785503.291000001],[3900932.0848999964,4786151.582700003],[3900784.0567000015,4786553.160500001],[3899364.4923999943,4786554.683000002],[3898847.529400001,4787004.846000001],[3898835.764099997,4787359.737099999],[3898475.939400004,4787582.1619000025],[3898478.9779999973,4788264.615599998],[3898296.0298999995,4788610.018200003],[3898261.112099994,4789240.0923000015],[3897934.690999999,4790138.138500003],[3897508.4430999956,4790456.972500004],[3897482.5085999994,4790872.400199998],[3896782.3346000044,4791275.5809],[3896317.149699999,4791699.338499997],[3896162.8935999977,4793252.418200003],[3895738.0469,4794463.052099995],[3893902.1631999947,4796807.099100004],[3892214.8158000037,4798389.928100001],[3892735.059800001,4799729.111299999],[3893097.0408999957,4800899.583400003],[3892994.2985000033,4801655.823300002],[3892640.654200005,4803091.580200004],[3891632.8405999998,4804506.458400004],[3890538.678800001,4805139.349100003],[3889347.743600006,4805317.286199999],[3887589.2175,4805837.135100003],[3886441.6322000055,4806399.538900002],[3886249.8137999997,4806398.087400002],[3885894.5464000045,4805689.496700004],[3884871.940300001,4804599.834600003],[3883097.1587999975,4803887.8972],[3882086.2172999987,4803307.794799997],[3881902.145099994,4803184.304099999],[3881458.840699997,4803057.834100003],[3881391.928100001,4802332.727399999],[3881135.1757000033,4802070.135700003],[3880363.147299994,4801848.955899999],[3879998.032999998,4801623.644699996],[3880210.6235999977,4801080.989400003],[3879785.3787999954,4800823.548200002],[3878467.1274999944,4801172.505399995],[3877878.071699995,4800929.9646000005],[3878118.732000001,4800441.509200001],[3877980.849600005,4799984.645400003],[3877339.5831000027,4799709.774899999],[3876869.8488000007,4799692.675600002],[3876235.0337000005,4800100.361199998],[3875332.6553000016,4800046.443499998],[3874232.966000003,4800474.940399999],[3873489.608999995,4800351.321500003],[3873102.1831000037,4799719.136500001],[3872419.1666999944,4799636.0477],[3872056.0023000007,4799366.626200005],[3871433.8368000025,4799364.588199996],[3870019.7146999957,4799615.794800002],[3869460.0506000007,4800126.361200001],[3868788.113799997,4800050.8619],[3868190.3374999985,4799630.919799997],[3867265.9181000027,4799301.519899999],[3866696.585800003,4800409.0216999985],[3866510.0446000043,4800606.894100001],[3865897.478900004,4800553.135099998],[3865652.966699999,4800686.167200003],[3865149.1511999983,4800508.606899999],[3864503.7845999934,4800509.029199999],[3863499.597000004,4800943.865700003],[3863264.0266999947,4801383.200499998],[3862352.3190000025,4801656.566100001],[3862284.208800001,4802169.9509],[3862913.9271000046,4802663.373500001],[3863153.3305,4803151.966700003],[3863019.390100007,4803439.5304999985],[3861787.3888,4803437.894100001],[3860964.5706999954,4803301.184999996],[3860558.717100002,4803512.288600003],[3860361.917000001,4804021.893399999],[3859556.5396999987,4804013.2859000005],[3858771.743499999,4804403.6818],[3858561.4126999974,4804927.4673999995],[3858759.966799997,4805731.084399998],[3858664.886799999,4805909.425999997],[3857728.2875000034,4805732.3969],[3856823.3774000024,4805189.174700003],[3855204.9739999953,4805857.835599997],[3854916.883199999,4806338.020099998],[3854558.6103999983,4806616.6747],[3854312.810200003,4807209.571],[3854241.751500002,4807870.4473],[3854510.8764000023,4808710.5148],[3854564.9293000037,4809615.142599996],[3853266.875000001,4808872.639000002],[3852321.0259000016,4808703.140599996],[3851954.5029000007,4808948.363700002],[3851593.9194000023,4808845.804299997],[3851313.9880999974,4809235.808400005],[3851421.350500003,4809728.7225],[3850813.6555999955,4809962.4564999975],[3850707.1956999945,4810327.0201],[3851342.833300006,4810860.603799999],[3851475.2561999992,4811428.588399995],[3851229.4848000067,4811697.611299999],[3851100.9443999985,4812232.837199997],[3850642.5310000037,4812402.159699998],[3849819.0451000007,4812940.317000006],[3849579.8747000042,4813668.134799998],[3849826.6380999982,4813993.0472000055],[3849891.190299999,4814597.832699997],[3849290.286700004,4815115.799399998],[3848792.761600004,4814998.209800003],[3848154.7262999974,4815146.132599996],[3847451.2709000064,4815577.038599999],[3846956.856700006,4815513.141100001],[3846594.111300002,4814965.595600005],[3846245.1878000014,4815020.476800003],[3845456.4283000045,4814166.511500003],[3844660.150200005,4814049.133200002],[3844325.7164999996,4813820.761799997],[3843450.814900008,4812548.9624999985],[3842972.3903,4812545.103600004],[3842654.286799997,4812254.511599997],[3842393.395299998,4812513.974899996],[3841872.979200001,4812491.826299998],[3841468.9771999996,4812724.539299995],[3841127.485399997,4813337.076399997],[3840863.0332000013,4813427.478100002],[3840398.7899999954,4813954.914200002],[3840415.021899996,4814322.987700004],[3839584.244199997,4814272.619600001],[3837766.108199995,4814636.038500003],[3836041.7325000055,4814617.812899997],[3835808.1197,4814487.862700002],[3834605.358000004,4814333.504699998],[3833385.688,4814611.780599996],[3833108.5051000016,4814562.9812],[3832315.5385000063,4814812.795799999],[3831716.804300007,4815263.7322],[3830834.4668999957,4815708.5484],[3830482.6052000024,4816161.543600002],[3830249.6368000023,4817310.115300002],[3829099.224799998,4817828.9011],[3828863.856900003,4818307.478500002],[3827969.722200003,4819553.383000001],[3826829.1889999993,4820003.375400001]]]},"properties":{"District":"KINNAUR","STATE":"HIMACHAL PRADESH","TEHSIL":"SANGLA","Shape_Leng":280578.80565,"Shape_Area":1424895966.45}},
{"type":"Feature","geometry":{"type":"Polygon","coordinates":[[[3876579.6173,4881209.529899998],[3875998.3866999964,4882143.973499999],[3875264.0917000026,4883950.619100004],[3874822.9622000037,4884605.5318],[3874402.5798999933,4885024.925400002],[3872912.450999996,4885048.739200002],[3871878.176700005,4884975.776799997],[3871094.614699994,4885061.844800003],[3870766.3747999948,4885471.0805],[3870432.5292000026,4886254.124600004],[3870518.044399999,4887457.632199998],[3870209.4862999963,4888471.1910999995],[3869132.993800003,4889289.168],[3868855.857999999,4889739.466700003],[3868809.2059999965,4890164.467099998],[3869908.8628999926,4891256.746300001],[3870466.0383000025,4892082.016000004],[3870536.913900005,4892727.420300001],[3870376.2070999923,4894238.107500004],[3870589.383299996,4895754.451200005],[3870014.2557999985,4896890.801800004],[3869265.3432999984,4897719.614900001],[3868121.675200005,4898778.408399997],[3866778.333999999,4899719.106700004],[3865476.5735,4900188.567499997],[3864206.3276000046,4900094.559200004],[3863433.183200003,4899852.686000004],[3861948.1924000042,4899502.174499996],[3859561.8991,4899017.045300001],[3856472.5732999938,4899355.3445999995],[3856257.1664000023,4899518.911000002],[3856512.2720000017,4900144.264600003],[3857483.6253999975,4901344.5098],[3858076.031000008,4902492.940599999],[3858411.9845000003,4903856.1553],[3858490.8030999945,4905854.2808],[3858499.9940999984,4909773.735000003],[3858620.558799995,4911300.814699997],[3858962.9677,4911870.107900005],[3859750.8188999994,4912670.679800001],[3860600.628700001,4913184.395099998],[3861449.827099998,4914118.284300003],[3862118.360699999,4915958.930699997],[3862920.904299996,4917318.127199999],[3863227.407300001,4917984.786300001],[3863241.964100004,4918543.407],[3862780.037900001,4919014.2125999965],[3862251.7441999977,4919305.548],[3860402.062899996,4919041.385700002],[3859730.303099999,4919301.719],[3859184.8554000026,4920715.364200003],[3858763.939700001,4921134.961700004],[3857906.257299993,4922256.019399999],[3856951.8835000047,4922920.775100004],[3856525.1873999992,4923714.517799998],[3856452.428500001,4924329.456599997],[3856651.4479,4924867.9636],[3857137.4090000005,4925468.448800003],[3857115.167999996,4926544.815800005],[3856903.3079999965,4927595.274500001],[3856609.9376000045,4928327.812100001],[3856040.3871000074,4928670.3253999995],[3854917.1070000017,4929073.426099999],[3854163.666199995,4929015.773899995],[3853574.6113,4928753.344899998],[3853266.7501999997,4928927.106300002],[3852552.2331999964,4930079.2644000035],[3851987.6707,4930467.880500004],[3850883.9311000067,4930680.0293000005],[3850825.3408999974,4930273.312600001],[3850375.290900001,4929607.114399996],[3849610.9691999992,4929419.6],[3848976.5451999996,4928758.007500001],[3847648.6873999946,4927945.083299998],[3847860.104999993,4927401.674400004],[3847813.9033999937,4926576.645000003],[3847500.080399995,4926063.097600001],[3846155.391900004,4925501.918199997],[3846202.294399996,4925095.795300001],[3846492.976599999,4924718.614300004],[3846097.2254000027,4924106.388000002],[3845168.365999995,4923957.385000005],[3844184.0449000034,4924204.150099997],[3843926.447999999,4923616.101900004],[3844231.0353000057,4922936.852599999],[3844702.3626999985,4922662.7436999995],[3844557.319600004,4922119.044700002],[3844284.9098000014,4921839.071499999],[3843446.8158000032,4921905.663099999],[3842555.1483999994,4922186.5326999985],[3842364.368900003,4922630.942399998],[3841700.077299994,4923028.193500003],[3841363.969899999,4923467.817599998],[3841328.7337000007,4923944.184300002],[3840507.4906,4924102.241700001],[3840114.472499996,4924640.683700002],[3840204.9941999987,4924971.352000002],[3840741.426700004,4925449.1910999995],[3840388.221600007,4926088.835800001],[3840880.210000001,4926973.772699997],[3840880.711300004,4927977.844099995],[3841689.5042999983,4928506.818000002],[3842198.0897999993,4929276.558900002],[3842030.7898999993,4929913.676200002],[3842420.1758999964,4930882.654699999],[3842279.0159000014,4932203.833900003],[3842391.8221999966,4932660.263900001],[3842898.0809000004,4933089.413400005],[3843072.941100005,4933551.097700002],[3842824.604799997,4933691.2940000035],[3843005.189900007,4934654.801100004],[3842965.079099994,4935356.018400002],[3843674.060799999,4935945.546799995],[3844613.9787999997,4936473.894299999],[3845369.7117999983,4936681.482199997],[3845713.2158000013,4936621.499399999],[3845859.398999999,4937043.372400004],[3846192.517800005,4937287.535900003],[3846266.9716999964,4937638.820300002],[3846655.1884000045,4937886.312199998],[3847641.8836999945,4937947.869800003],[3848188.0050999937,4938382.999000003],[3849085.3123,4938904.824400002],[3849060.045000005,4939335.6361000035],[3849621.620800006,4939990.3106999975],[3850025.9962000046,4940045.155200001],[3850148.1241999995,4940568.510700002],[3850814.7586999964,4940910.970099997],[3851258.9358999995,4940846.794799999],[3851385.2381000035,4941131.027299997],[3851951.0858000005,4941505.897100003],[3851935.548100004,4941833.442699996],[3851534.783900001,4942091.568100003],[3851097.6939999983,4942126.406599998],[3850346.0548999994,4942583.527100004],[3849943.6076000053,4943470.1357999975],[3849938.7356999945,4943949.370299999],[3849371.418000001,4944907.356899995],[3849619.285100002,4945364.839400001],[3849894.6675999993,4946314.112199996],[3849954.5858000033,4947548.672000002],[3850355.0436000004,4948372.020500002],[3850921.476500001,4948875.955700003],[3851210.526100002,4949373.179799996],[3850899.577899997,4949768.713800002],[3850876.9058999987,4950808.861200003],[3850290.590999998,4951161.4542999985],[3849824.790600002,4952111.505800003],[3849726.599099999,4953230.969999997],[3849883.4241000004,4953920.320000003],[3850207.597900005,4954407.290600004],[3849954.5332999993,4954963.455400004],[3849904.6767999968,4955457.222800003],[3850103.077899998,4956223.044100005],[3848939.2735999944,4955946.215300005],[3848673.593900007,4956099.133199997],[3848189.4420000045,4955895.816599998],[3847668.260700003,4955967.3104000045],[3847226.284900007,4956366.877800003],[3845003.955,4955513.607500001],[3843092.8409999963,4954443.846700001],[3842810.6495999955,4953932.5281],[3842431.948600006,4953703.145700001],[3842632.276700002,4953169.967599997],[3842959.6889000023,4952773.2882],[3843250.3165000025,4952065.933300003],[3842495.9870999986,4951221.1664999975],[3842413.9565000045,4950857.9324],[3842017.3122999994,4950531.5272],[3841347.5225999993,4950486.554200003],[3841244.0447000014,4950155.318400001],[3840099.648600001,4950212.947599996],[3839345.0833000047,4950391.653400004],[3838915.1935,4950238.245200004],[3838177.805000003,4950445.026599996],[3837726.5970999976,4949808.116199997],[3837588.8545000013,4948942.466499999],[3837234.978299995,4948310.948100001],[3836773.3683,4947018.814400002],[3835587.241199999,4947058.733900002],[3834958.719499995,4946804.324599996],[3834298.3624000065,4946287.416499996],[3832898.071699998,4946556.372100002],[3832621.0095999986,4946942.594999995],[3832307.0620999974,4946911.6108000055],[3831596.743600001,4947433.650100002],[3831286.0451000007,4947460.648899998],[3830260.2670999966,4948136.741000004],[3829910.059100003,4948066.0428],[3829307.038999999,4948380.226799998],[3828645.6408,4948485.336500005],[3827839.2855999996,4948249.558200002],[3827155.879100006,4948267.125999998],[3827652.6379000004,4947165.094900005],[3827702.0077000055,4946553.7465],[3827563.3067999994,4945195.850499997],[3826696.1041,4945264.979899999],[3825690.4181999974,4945029.852899995],[3825100.2458,4945972.811999997],[3824627.400100005,4945967.196699997],[3824160.343000003,4946210.026800001],[3822473.5541999973,4944590.403299998],[3822777.521600002,4944207.383800004],[3823079.337600004,4943250.467199996],[3823029.843699997,4942659.843900001],[3822442.040299994,4942509.887200002],[3821885.8662000024,4942013.775099998],[3821516.805200003,4942162.502400003],[3820783.0484000035,4942754.050000001],[3819966.1276999973,4942231.5843],[3819430.850000004,4942339.820100001],[3819083.8791999947,4943188.643499997],[3818642.8022000007,4943633.9438000005],[3818219.9269999987,4944295.283000003],[3817823.875300001,4943826.7475000005],[3817075.5408999976,4943501.729199998],[3816947.062799996,4943122.946699997],[3816165.386100004,4942409.469700004],[3816520.074799997,4941994.614399998],[3815487.9883000045,4941587.978200004],[3814988.6355000017,4941865.327000001],[3814655.3748999992,4942250.1263000015],[3814166.8701000013,4942142.913799997],[3813471.558799994,4942403.6775],[3813038.0958999963,4942828.5103],[3812417.6446999987,4944032.050200003],[3811954.5445999987,4944143.823900003],[3811629.6430000006,4944437.018099999],[3811084.725800003,4944648.753600005],[3811244.5281999996,4945462.8522],[3810692.9640000025,4945825.003699997],[3809695.1039000005,4945907.734699998],[3808858.6524,4946327.7946999995],[3808524.2753000027,4946815.093700001],[3808402.3038000036,4947600.803100005],[3807774.8997000037,4948491.964200005],[3807532.4903999995,4948537.325599998],[3807091.1054000035,4949037.188900001],[3806351.2245000014,4949516.779899998],[3806331.5957999974,4950086.646299996],[3806714.2719,4950422.676899998],[3806676.867600003,4951520.229899995],[3806936.9876000006,4951789.664200004],[3806953.226099996,4952368.445599999],[3807207.1916999957,4952885.061700003],[3807875.150500002,4953380.9975000005],[3807574.8256999976,4954089.167500003],[3807443.1914000027,4955286.011100003],[3807770.9175000004,4955659.6327],[3807865.980800002,4957148.891000001],[3807447.5790000055,4957524.0222],[3807156.9936000025,4958431.787799995],[3806265.827299997,4958685.491499999],[3805094.918999996,4958487.408900002],[3804173.3329999987,4959312.704899998],[3804071.926900003,4959637.6676],[3803295.979100001,4960257.255400002],[3803662.6605,4961484.751800004],[3803048.9253999996,4962067.719000002],[3803150.8417000053,4962751.461700004],[3802737.685700002,4963839.2854],[3802165.904399998,4964100.7886000015],[3801980.1673,4964604.115699999],[3800706.9782999973,4965208.563200001],[3799925.6384000005,4965951.552699999],[3799200.949699997,4966296.455600005],[3798791.984199997,4966088.324599997],[3798580.8323000004,4965673.240700003],[3797993.518299999,4965674.207600005],[3797166.559799997,4966902.195799997],[3796820.2255000016,4967178.470500002],[3795998.6056000004,4967275.194099998],[3795476.340599999,4967877.647900004],[3794763.303700002,4967947.428199995],[3794181.1115000034,4968518.641899997],[3793848.719600003,4968996.909400003],[3793879.785699997,4969628.199800001],[3794184.6584999985,4970900.453299999],[3794721.5418,4971762.200999999],[3795090.2672999995,4971992.455700001],[3796123.3597000004,4972091.880499997],[3796632.3636000026,4972668.274299998],[3796675.1366000003,4973493.286700003],[3795520.569499999,4974270.044200002],[3795137.508300002,4975007.279800003],[3794648.649799999,4975261.8237999985],[3794392.388099999,4975661.997600002],[3793637.1553000035,4976265.9599],[3793125.637100004,4976961.470099997],[3792572.208999995,4977358.2795],[3792646.8488000003,4977880.0999],[3792375.2621000074,4978188.551199995],[3791213.088100001,4978814.151300001],[3791112.602,4979164.657900003],[3790755.3981000055,4979452.6688],[3790319.6851999955,4980421.913500002],[3789563.885499996,4980736.761100002],[3789395.857400002,4981044.509700004],[3788828.0459999987,4980477.250800002],[3788328.9203,4980413.288100005],[3787850.7327000014,4981225.856400002],[3787757.707299998,4981942.472099999],[3787347.948299994,4981936.561900003],[3786267.916599996,4981672.934000002],[3786068.1715999963,4982073.0839],[3785574.9557000017,4982590.453999998],[3784924.114200003,4982686.936499998],[3784750.9179000026,4982138.207099999],[3784854.6543999948,4981142.344300002],[3784540.159199995,4980576.6755000055],[3784103.6317,4980338.305700002],[3784161.6591000007,4979720.628700002],[3783164.936300004,4979357.207400003],[3782411.991100001,4979432.537400002],[3782239.8210999994,4979146.476300005],[3781540.8034999943,4978505.394800003],[3780948.2256999984,4978167.363699997],[3780275.8577999985,4977985.086299999],[3779633.673299998,4978002.376799999],[3779033.7854999993,4977818.853899997],[3777471.810500006,4977759.753999998],[3777963.160200003,4976815.629199998],[3777902.1431000037,4976239.755199997],[3778167.2686000005,4975874.219099997],[3777882.1274000034,4975445.832800001],[3777919.5742999995,4974994.5835],[3778448.3890999993,4974501.643299997],[3778604.0824000016,4974185.060699998],[3778533.1142999986,4973614.087900005],[3777931.6619999977,4972990.306800001],[3778174.8270000024,4972153.318499997],[3778141.718500007,4971885.210999997],[3778365.759199999,4970929.0372],[3778908.055699993,4969845.788100001],[3779057.059099999,4968993.3488],[3779640.0514999987,4968565.2314000055],[3779622.034299997,4968262.485800002],[3780012.4312999966,4967689.3314999975],[3779987.1557,4966944.9899999965],[3780520.8115,4966471.923999997],[3780405.018600003,4965930.448800003],[3779868.0539000016,4965307.056100002],[3780054.228900004,4964871.586700004],[3779905.3573999973,4964057.042900001],[3779570.0418,4963722.618299998],[3779509.9224000024,4962997.911799997],[3779184.587700003,4962653.624800002],[3779746.0385000072,4961684.600000003],[3779753.003700003,4961352.237500004],[3780127.142600001,4961007.203200002],[3780024.615700001,4960733.716099999],[3779345.0803999966,4959896.130199995],[3779254.180200004,4959339.921300002],[3778256.305400002,4957820.724500003],[3777526.2904000003,4957950.280699999],[3776665.4687,4959205.255000001],[3775787.653199997,4959165.237600001],[3774854.582999997,4959238.996500004],[3774542.939400002,4958269.673000003],[3774182.461699996,4957994.631799998],[3773966.7687000036,4957566.663800001],[3773520.3752000057,4957554.051900001],[3772677.9658,4958223.7082999945],[3772057.861799998,4958224.933799999],[3772179.9738999987,4956896.051400002],[3773544.0895,4955267.053099997],[3774506.719999998,4954404.631899999],[3774992.1101,4954531.587600002],[3775578.0584999984,4954435.892499998],[3776384.929700002,4954723.545399998],[3776623.636599999,4954625.758399999],[3776939.744400002,4954032.311399996],[3776908.0420999937,4953531.032999998],[3777257.5277000032,4953161.043699995],[3777404.7359000035,4952606.269400001],[3777192.956299998,4952351.969099996],[3777147.8084000014,4951612.4690999985],[3777327.436899999,4951439.907200003],[3776918.6099999966,4950956.201799996],[3776744.875699998,4950151.430600001],[3776043.4036000026,4949661.0008999985],[3775513.8768000016,4949449.4377],[3775820.5719000064,4948771.592499999],[3776381.208700004,4948760.086399997],[3776693.2834999976,4948012.8159],[3777003.6290000007,4946729.718799999],[3777654.214700003,4946609.6068],[3778378.4014000036,4946623.892200002],[3778470.5944000073,4946143.205299998],[3779073.166000002,4944936.287599999],[3779481.9992000014,4944596.423600003],[3780385.8506,4943609.616499998],[3780794.0253999936,4943378.896300001],[3780570.146599998,4942663.1258000005],[3780036.227699999,4942357.272100005],[3779716.1825999953,4941958.443100005],[3780304.6445000055,4941446.017000001],[3780405.6575999986,4940325.3803999955],[3781021.884300003,4939321.956700005],[3780468.900899998,4938886.995299998],[3779953.0291000037,4938878.926199999],[3779814.737099994,4937955.298300002],[3779229.237400002,4937976.5772],[3778558.420300002,4938161.063799996],[3778285.593800005,4937335.850599999],[3776563.968599994,4937375.091099997],[3776285.463399999,4936668.914099999],[3776610.7443999997,4936199.553900002],[3776533.7684999984,4935802.189199998],[3776148.068999997,4935596.453700002],[3776215.2196,4935155.306000005],[3776565.602700006,4934636.484399999],[3776207.3091999986,4933999.2842999995],[3776475.7259000028,4933088.029100001],[3776320.0986000015,4932571.120199998],[3776476.6296000015,4932115.627099996],[3777511.9336000048,4931541.396800004],[3778469.4478999972,4931527.3203],[3778679.1392,4931305.326799996],[3779006.8436999954,4930434.119000003],[3779717.7942999937,4930175.455199998],[3779948.5547000007,4929750.177000003],[3779448.9409999996,4929513.987700005],[3779555.5071000024,4929117.7287000045],[3779488.3985999944,4927906.776400002],[3779723.9700999977,4927506.333399999],[3779932.2314000004,4926698.902399998],[3779786.375699999,4926206.8586],[3780290.2378999935,4925738.574299997],[3780386.4699999983,4924588.141200002],[3780141.9410000034,4924006.200399999],[3780590.4350999985,4922847.967000004],[3779923.8368000016,4922332.941000004],[3780068.7709999983,4922155.2086],[3779416.5458000014,4921724.610800004],[3779607.9865999953,4920415.990799999],[3779436.6397999963,4920037.902500002],[3778844.6895999974,4919483.6362000005],[3778556.8915000055,4918673.216600003],[3778413.6089000013,4917754.5198],[3779165.1718999976,4917342.3017],[3780748.408999998,4917217.885899996],[3781106.714900002,4916207.947000004],[3781336.577699993,4915931.501199998],[3781401.580200003,4915023.9818],[3781734.179300003,4914986.295400003],[3782337.845900002,4915242.956599997],[3783053.098899998,4915093.466599997],[3783613.4663999937,4915126.610200001],[3784172.5475000036,4915373.080300002],[3784733.2740999972,4915346.690899998],[3785054.2826999985,4914763.195799995],[3785559.934100002,4914820.815999998],[3785776.5309000043,4914276.382100001],[3786295.8434999995,4913713.926800005],[3787363.1254000003,4912772.755600006],[3787857.987800003,4912974.1874],[3788585.226600003,4912482.4425],[3788845.9959999966,4911194.0852999985],[3789314.5658000037,4910819.852200002],[3789440.764900002,4910458.440399999],[3790031.9431999987,4910318.1253999965],[3790316.492200005,4910022.163899997],[3791033.001900005,4909664.308499999],[3791244.308899999,4909174.416499997],[3790488.659199995,4908619.163900001],[3790764.6932999976,4908089.971799997],[3790847.114700001,4907584.4196],[3790565.6175000044,4907374.3506000005],[3790158.675399998,4906578.096999995],[3789578.7644999977,4906495.223000005],[3788630.9320999943,4906549.047899998],[3788438.516099998,4906374.244399995],[3788439.689200001,4905357.1927000005],[3788014.1850999957,4905171.062499997],[3787640.6805000016,4904588.3445000015],[3786942.553300003,4904365.842999997],[3787119.3155999985,4903845.9754],[3786918.2352000065,4903462.746700002],[3786333.0047999984,4903439.3759],[3786420.2969000014,4902948.736699995],[3786293.8347000033,4902531.228900005],[3785573.1784000034,4901931.535700005],[3785587.826999998,4901147.7445],[3785792.378200006,4900955.487499999],[3785542.649199998,4900413.2053999975],[3785689.7376999985,4899878.275199998],[3785565.3999000015,4899108.530399999],[3785360.166699998,4898591.322599998],[3784859.6851999993,4898499.0046999995],[3784837.0662999935,4898136.696200002],[3785122.333499994,4897721.668800005],[3785650.7594000036,4897293.222499996],[3786100.8930000025,4896685.698999999],[3786700.2872999962,4896828.225500002],[3787460.8139000023,4896574.821700003],[3787507.7332000015,4896198.0484],[3787993.362800004,4896285.315499996],[3788852.5328999944,4896126.7700000005],[3789586.4077999983,4895357.234399997],[3790404.8460000046,4895372.087499997],[3790984.188299996,4895549.222100005],[3791703.8932999987,4895484.100399999],[3793374.632299995,4894834.3179],[3793745.3005999993,4895064.769100003],[3794874.0782,4894620.094599998],[3795254.0453999983,4894131.218800001],[3795836.7687000018,4893747.751000002],[3794891.658899996,4893350.117300004],[3794926.030199997,4892586.289900002],[3794645.2809000025,4892252.193899997],[3794817.0827000034,4891732.296399996],[3794865.946800003,4891033.0526],[3794479.056400001,4890202.190800004],[3794067.8059000014,4890120.3330000015],[3793303.102500002,4889421.1492],[3792550.8275999986,4889128.863800004],[3792200.839399997,4888759.621800005],[3792233.325799999,4888308.342700005],[3791449.079300002,4887559.428399995],[3792056.9047999955,4887126.499200004],[3792130.0393000003,4885693.1348],[3792075.0900000026,4884933.7305000005],[3791779.0101000005,4884673.961199997],[3790282.9152000016,4884332.543099999],[3789421.357600003,4884064.405699996],[3788981.6898,4883759.1197999995],[3789274.8197999955,4882862.897300001],[3789892.506599999,4882439.949900004],[3790074.5025999984,4882045.291500003],[3790202.373399999,4881236.229899998],[3790581.4130999953,4880901.147500005],[3790931.115500003,4880312.269900006],[3790917.133,4879574.033499999],[3790656.808799997,4878893.967700005],[3790844.2831000034,4878441.944700001],[3791367.838299996,4877998.585199998],[3791905.258,4877723.992299997],[3793046.964400001,4876423.252999995],[3793286.603900002,4875811.034699996],[3792884.708,4875307.738699996],[3792125.360500004,4875091.419100005],[3791578.813699999,4874521.5155],[3792468.9413,4873917.138200005],[3792774.4996000035,4873427.814],[3793555.8859999976,4873005.852800004],[3793936.8342999946,4872377.255900001],[3793548.053499999,4871738.914400002],[3793055.577299999,4871279.761799999],[3792594.272799997,4871076.911000002],[3792275.2484000036,4870513.727],[3792347.0874999953,4870104.993200002],[3792165.174399998,4869645.639900001],[3791502.456400003,4868909.604700004],[3791493.265299997,4868552.271599997],[3790923.4786999947,4868109.749200003],[3790974.8639,4867483.301199995],[3791377.3653000025,4867134.200799999],[3791485.302500003,4866747.148200002],[3791882.7186000007,4866655.278499996],[3792327.442800003,4866122.141300002],[3792236.051900003,4865271.879500002],[3792972.8452000064,4864503.456700001],[3793145.181400005,4863785.351599997],[3793690.3342000046,4863346.979400003],[3794275.754199994,4863043.011900004],[3794416.416100003,4862751.144900002],[3796318.9269,4862330.976799995],[3796525.8058,4862575.324999996],[3797987.1227999963,4862102.886300003],[3798360.9626,4861807.462800002],[3798757.9598999955,4861785.048200004],[3799499.751300001,4861347.964800002],[3799996.229700003,4861281.498199999],[3800277.081899998,4860876.235399997],[3799324.120900001,4860222.432300003],[3798605.6439000024,4859965.241799996],[3798252.7991999993,4859480.758499999],[3798179.2470000023,4858954.174099997],[3797898.663400001,4858639.831800002],[3797475.017099999,4857810.915800004],[3797780.488099998,4857261.674800004],[3797966.271899998,4856620.1027999995],[3797944.635899999,4855955.407499999],[3798071.112899999,4855579.3310999945],[3798468.700900002,4855369.299600001],[3798035.5222000023,4854509.223900001],[3798315.812800001,4853782.946400005],[3798393.7901999997,4852764.337000001],[3798263.148500004,4852090.041000006],[3798785.7682999945,4851416.175200002],[3799935.3305000025,4850830.146000001],[3800173.7356999945,4849817.654999999],[3800546.1994000007,4849055.297099998],[3801203.3615999967,4848667.316500003],[3801592.801300001,4848252.916499998],[3802728.3347999984,4847510.606899997],[3802970.2398999985,4847267.654299997],[3803081.171400005,4846584.976300005],[3803941.598399996,4846218.065300001],[3804644.8959,4846405.8691],[3805128.407399999,4846021.803500005],[3806463.5852999995,4845900.854499999],[3806981.306199994,4846424.906300005],[3806884.002999999,4846930.368900001],[3807510.587700001,4847499.727999999],[3807392.4847000036,4848163.825599998],[3807521.836900008,4849747.247999998],[3808074.6409,4850211.975999998],[3808807.0199000053,4849690.494399999],[3809397.540200006,4849659.323100002],[3809761.1595999934,4849413.4506],[3811432.4612000016,4849492.977200003],[3811592.845799999,4849221.074000003],[3812172.0983999968,4849413.091800001],[3812433.2651999947,4849276.591900001],[3812798.4561000057,4848375.000000002],[3813560.6224000026,4848672.306299996],[3813889.6671999954,4848401.4191999985],[3814112.5112000033,4847643.6884],[3814564.7107000006,4847572.713300003],[3814999.955300008,4846909.8066000035],[3815496.164300005,4846887.9898000015],[3816218.4064999954,4847224.745700005],[3816634.761200006,4848105.397600002],[3817567.4068000023,4848924.663700003],[3817896.1464000014,4849526.9572],[3819518.440399999,4849506.963299998],[3819664.338200004,4849601.9528],[3820452.372599995,4850112.902799999],[3820291.688600005,4850434.416999996],[3820297.3312999997,4851143.911599998],[3820469.1868000077,4851437.661499996],[3820622.8692999994,4852277.041000003],[3820958.8133999985,4852507.283],[3821297.234800002,4853149.324900001],[3821300.130800006,4853491.669500004],[3821574.3934999965,4854078.750899998],[3821193.438900003,4854731.342599997],[3821579.3479999937,4854902.3505000025],[3821740.6541000037,4855300.223400002],[3821312.0878000073,4855791.1064],[3820751.4644000037,4855989.478500002],[3820439.2964999955,4856393.783700002],[3820828.849699997,4856783.109200002],[3821437.6863999963,4857005.072800001],[3821112.345400001,4857484.355300002],[3821329.2952000005,4857703.957900002],[3821859.5103000016,4857801.416200003],[3822753.1055000024,4857692.690800004],[3823504.662500001,4858104.042300002],[3824032.0352000026,4858672.803599995],[3824586.9038000056,4858795.216800004],[3824910.3896,4858623.521400001],[3825982.5661999993,4858515.871899996],[3826492.1612,4858742.198900003],[3827041.835899999,4858080.701199999],[3827866.7907000063,4857837.6081],[3828765.6060999967,4858021.8945],[3828934.359600004,4858493.965299999],[3829638.943599996,4858468.442600001],[3830408.637500005,4859162.6954000015],[3830092.1106999945,4859825.5978],[3830153.307199998,4860371.705499997],[3829920.2052,4860524.346599998],[3829791.9555,4861064.105299999],[3830092.1881000027,4861457.853799999],[3829846.9946000017,4861808.626350003],[3830144.3847000026,4862673.677900001],[3829812.2281000055,4863460.517650001],[3829774.452100001,4863966.338899998],[3830849.7043000036,4864171.267499995],[3830943.111599993,4865134.315399997],[3831313.899599996,4865344.922350005],[3831604.091300005,4865758.455499996],[3832922.711900008,4865915.237650006],[3833767.5090000005,4865672.2640999975],[3836047.8567999946,4865939.026950002],[3836629.5328999963,4865729.197050003],[3837438.4690000005,4865674.535399996],[3837937.8433999973,4865950.413499997],[3838508.950800003,4865762.191050004],[3839873.1396999992,4865029.3556],[3840969.820100004,4864971.466350008],[3841068.9062000024,4865815.478099998],[3841785.7689,4866221.6592999995],[3842988.2374500027,4865896.499250006],[3844463.585500001,4865738.923450002],[3844791.147450004,4865540.227699997],[3845129.9277999965,4866122.736550002],[3845764.1061000023,4866255.5501999995],[3847064.9961500037,4867707.115350001],[3847049.868750003,4868570.284050001],[3847595.8521999996,4868520.9078],[3848441.6478999984,4868112.310450004],[3849643.8173500067,4867836.761200001],[3850067.2809999995,4868017.917850002],[3851027.8215999994,4867222.504999995],[3851150.822200005,4866822.410900003],[3852146.3034000066,4865817.719999997],[3852786.512800002,4866075.636599999],[3853441.138400007,4865805.675900004],[3853935.9711000025,4866012.068999995],[3854532.200000006,4865856.900699996],[3855473.097250007,4866130.4776000045],[3855584.0078999987,4866594.392100003],[3855217.7668000013,4867339.487599998],[3855472.1272500088,4867936.371699998],[3855811.954800003,4868345.242650004],[3855267.809100006,4868912.509599997],[3854645.9694000063,4869201.477699995],[3854306.6143500037,4869536.79915],[3853687.9161999943,4869692.621950004],[3853353.0070000025,4870548.112899998],[3853979.412000002,4871147.238400003],[3854157.113250003,4872939.325199999],[3853806.424450008,4874331.327450005],[3853816.9976500003,4875045.812999998],[3854173.7651999975,4875936.028500002],[3854375.7432999993,4876170.424800003],[3854387.5134000066,4876686.467100002],[3854617.7289999984,4877174.057900003],[3854500.6133999955,4877674.4399999995],[3854739.1943500023,4878420.066899998],[3855059.4787999997,4878779.2074000025],[3855054.871000004,4879543.214300003],[3855524.8708000025,4879754.4189],[3856354.3074999955,4879590.733199999],[3857216.312350003,4879272.568000003],[3857462.293200002,4878818.3231],[3857976.717799996,4878766.101299997],[3858059.6072999984,4878247.0057999985],[3858523.260399995,4878586.7415999975],[3859442.0944000036,4878710.877300005],[3859931.6044000015,4878244.171250002],[3860530.1533000013,4878132.473950004],[3861120.045199995,4878205.485599998],[3861733.6928000036,4878452.284600004],[3862478.3741999976,4879181.115599998],[3863084.1951,4879080.578999998],[3863316.1760999975,4879275.4659],[3864325.9830999994,4879638.760800003],[3864621.980600003,4879470.929299995],[3865249.4017999996,4879520.292550003],[3866202.464299998,4879421.848099999],[3867207.1799999974,4879928.287699999],[3867897.2821999975,4879714.850999998],[3868182.3038999997,4880163.081950006],[3868751.740000005,4880214.304350002],[3869354.724100005,4879797.208600003],[3869697.9452000065,4879053.7309500035],[3869486.9724000064,4878476.536100002],[3869885.274900001,4878217.0626],[3870421.2802000004,4878241.6785999965],[3870959.6212000037,4878636.861899999],[3871298.9100999977,4879135.032350006],[3871389.5709000006,4879730.930199999],[3871748.1936000017,4880178.791600004],[3872102.3496000036,4879820.671500003],[3872749.7442000005,4879437.595999999],[3873647.4494000003,4879610.579299998],[3873962.2645000033,4880054.028499994],[3873974.2440000027,4880535.343200002],[3874353.8460000036,4880929.570000004],[3875419.201399996,4880499.378600005],[3875735.105499997,4880570.75845],[3876579.6173,4881209.529899998]]]},"properties":{"District":"LAHAUL & SPITI","STATE":"HIMACHAL PRADESH","TEHSIL":"SPITI","Shape_Leng":616229.261354,"Shape_Area":7115968753.93}}
]}