{"type":"FeatureCollection", "features": [
{"type":"Feature","geometry":{"type":"Polygon","coordinates":[[[76.72933212662686,31.582329227358247],[76.72061386796355,31.587455111443106],[76.7128348540293,31.594514455824246],[76.70467592337481,31.59561432403272],[76.68125903791912,31.590734657327374],[76.68054917639115,31.58275535881458],[76.67608975347919,31.58445519068795],[76.66382139529192,31.580415496026397],[76.66171168954038,31.5775357415812],[76.65560249840956,31.57678578232971],[76.65265285491962,31.582555260365048],[76.64704358403921,31.58414509784133],[76.6448338880533,31.582015275906272],[76.63882467633552,31.582595200753822],[76.63337544343739,31.57395593939487],[76.62930598129392,31.5735559592861],[76.62767617505747,31.577485605960526],[76.61986721935054,31.574705818579197],[76.61833746342127,31.5671164824468],[76.61531787487182,31.56478667566689],[76.61699771649236,31.55339768755587],[76.61470806680303,31.54474844092809],[76.61613792101878,31.537179114054368],[76.6135682744621,31.53457933380142],[76.61698786755645,31.526840030624513],[76.61753786097592,31.51485108974769],[76.61962763459793,31.506031875978852],[76.62956640802885,31.49153319417687],[76.63577559082668,31.491363236391848],[76.64617428790015,31.479144355507895],[76.65094364661273,31.481854135764117],[76.65651292569007,31.479764343511544],[76.6576227489044,31.485063881214998],[76.6646418172779,31.486323799061843],[76.67011110716514,31.48448398361561],[76.67510043846585,31.486623815629777],[76.68133962476111,31.48542394843844],[76.68333938714807,31.48069437337593],[76.68837872303702,31.48089437705511],[76.68989847400934,31.489363636026308],[76.69671754711817,31.4947031935977],[76.6951577159036,31.501032628913993],[76.69102820821395,31.510051816542216],[76.69050823905764,31.516821217325703],[76.69305787710293,31.52123083975272],[76.6981971941327,31.522250771683805],[76.69919702993184,31.527920274184638],[76.69802714828018,31.534359701356138],[76.70434624560332,31.54671863836106],[76.72359362158477,31.562137359463552],[76.72987274112637,31.571336573315037],[76.72933212662686,31.582329227358247]]]},"properties":{"District":"BILASPUR","STATE":"HIMACHAL PRADESH","TEHSIL":"BHARARI","Shape_Leng":50253.2287631,"Shape_Area":90003059.4992}},
{"type":"Feature","geometry":{"type":"Polygon","coordinates":[[[76.87543486576884,31.350646642473457],[76.87221525952691,31.35588616748869],[76.87645466586751,31.36200564771849],[76.87360499039673,31.370444890743677],[76.86370624595433,31.378134172597502],[76.86793565284417,31.384543626889574],[76.875564668311,31.38125394983503],[76.88044401630214,31.383023815254816],[76.88276366136179,31.391883045135568],[76.88231366279446,31.401132229324283],[76.87587443826955,31.413401121196905],[76.86343608934051,31.410861290468198],[76.85285748007448,31.41100123193448],[76.84339501095862,31.415832768056152],[76.83479433389465,31.421840672508935],[76.82943330868541,31.42176266129044],[76.81967345732696,31.417472486540927],[76.8154123479188,31.42107018383867],[76.80933313308618,31.423259966356515],[76.80237406455744,31.420820150058482],[76.79709478737207,31.415860565257308],[76.8017342383117,31.405171525296552],[76.80067439666838,31.402001800712572],[76.78430652571015,31.406241356477842],[76.76773869895025,31.40740118459972],[76.76181948635667,31.405661312325748],[76.75854998301598,31.394142313134875],[76.75167089067718,31.39374231883419],[76.75420059056185,31.388122826068226],[76.75259082448918,31.384063174785492],[76.73683289226003,31.38506302034159],[76.729163930184,31.380003433502814],[76.72674430606664,31.369804321405258],[76.72391471250043,31.363724844594987],[76.72641441183183,31.358575307601477],[76.73126379536185,31.3551356311058],[76.73913276716418,31.354115753109234],[76.74748170288672,31.348276302543674],[76.75256106989151,31.342126865093196],[76.75284108606161,31.332967671612963],[76.74443219838992,31.331627754824154],[76.75136139500663,31.31288943222521],[76.74569216947498,31.30758987325286],[76.7416527521745,31.29872063693431],[76.72876451085136,31.287261589757783],[76.72236467995411,31.289922933422435],[76.71753499939841,31.28675966363124],[76.72475039930261,31.281760027182514],[76.73088392293481,31.269309318081017],[76.73806166483224,31.270392896539274],[76.74030915391046,31.263830703923364],[76.74435533532508,31.263869771193644],[76.75238538865105,31.258013294213345],[76.75524214907847,31.249184181715364],[76.76253723225392,31.245656204502065],[76.76548858343332,31.235194870178567],[76.764023248246,31.232562444290025],[76.76631530652838,31.226732193597673],[76.77179922695073,31.222627451242083],[76.77392897773412,31.217397918798667],[76.78017817012048,31.21540812027789],[76.78564741460889,31.221777583882215],[76.79299642202989,31.226307217908452],[76.79968557156316,31.221957627735772],[76.79683587448869,31.233716583641698],[76.79135659450581,31.234016533131502],[76.78747708417258,31.237396220190686],[76.78731705876969,31.24565549293331],[76.78304758179908,31.251974920111927],[76.78994664757371,31.257044503509864],[76.79613583554674,31.25680455180597],[76.7984555440386,31.2546047547242],[76.8043447696186,31.254824761207455],[76.81408347447228,31.257404575542378],[76.8154732623675,31.26249413461665],[76.80998397887527,31.26323404607478],[76.80613436828305,31.283432254646502],[76.80814400940696,31.299680833767276],[76.81148354467733,31.304260445248165],[76.81046365452292,31.308370079477626],[76.81253334977706,31.31390960116495],[76.81771266818681,31.314129605454475],[76.81641280379323,31.32009907460859],[76.81929241246497,31.32223889883544],[76.81158339884833,31.32699844737173],[76.81667270905014,31.330658146987176],[76.81707258896131,31.34229712457376],[76.81364301144689,31.34717668119072],[76.81830238114316,31.349976454828138],[76.82049205267161,31.357165830645997],[76.82674123812983,31.355815978172945],[76.82845106178367,31.347476718441104],[76.83076077835105,31.34414702167195],[76.846138743896,31.346236903530944],[76.85790722595812,31.34126739180583],[76.8596870241569,31.335827877086192],[76.86353654311112,31.33155826956192],[76.86911580659198,31.332248233521714],[76.8750650332396,31.330798387175374],[76.8793244665535,31.331798317116544],[76.882823985413,31.335597998401976],[76.88042427266167,31.340407565718504],[76.87332516724892,31.346676983343713],[76.87543486576884,31.350646642473457]]]},"properties":{"District":"BILASPUR","STATE":"HIMACHAL PRADESH","TEHSIL":"BILASPUR","Shape_Leng":93446.6858184,"Shape_Area":170352534.169}},
{"type":"Feature","geometry":{"type":"Polygon","coordinates":[[[76.7853853139467,31.5001457623667],[76.78205711865894,31.505057274843246],[76.77626111488816,31.508095971894114],[76.77395800786655,31.513938775597786],[76.76635117301392,31.517800458152784],[76.76005907832204,31.516641525384582],[76.75075894177617,31.517811624861576],[76.74167174028048,31.51445716541737],[76.73082221400878,31.516558637091816],[76.73393174385355,31.52077211855719],[76.73884882509343,31.520795335999036],[76.73757916239558,31.52683130161431],[76.732884299304,31.53239714771394],[76.73289082685127,31.535177907279245],[76.72503339410808,31.539386696384266],[76.7308505649906,31.541662196451245],[76.72753387883364,31.5522573157587],[76.73060039945997,31.55730547494838],[76.73524039627863,31.560850213347706],[76.72691377595567,31.56451299714293],[76.72987274112637,31.571336573315037],[76.72359362158477,31.562137359463552],[76.70434624560332,31.54671863836106],[76.69802714828018,31.534359701356138],[76.69919702993184,31.527920274184638],[76.6981971941327,31.522250771683805],[76.69305787710293,31.52123083975272],[76.69050823905764,31.516821217325703],[76.69102820821395,31.510051816542216],[76.6951577159036,31.501032628913993],[76.69671754711817,31.4947031935977],[76.68989847400934,31.489363636026308],[76.68837872303702,31.48089437705511],[76.68333938714807,31.48069437337593],[76.68133962476111,31.48542394843844],[76.67510043846585,31.486623815629777],[76.67011110716514,31.48448398361561],[76.6646418172779,31.486323799061843],[76.6576227489044,31.485063881214998],[76.65651292569007,31.479764343511544],[76.65094364661273,31.481854135764117],[76.64617428790015,31.479144355507895],[76.63577559082668,31.491363236391848],[76.62956640802885,31.49153319417687],[76.61962763459793,31.506031875978852],[76.61753786097592,31.51485108974769],[76.6118486529063,31.507211740211726],[76.61129880874896,31.49237304658357],[76.60747936249327,31.483153843849305],[76.60765937949719,31.47584448905535],[76.61675829219467,31.455766295008143],[76.62366742033548,31.4490669151427],[76.62568719924262,31.441107625067506],[76.62229766928822,31.436857983498452],[76.61582852499107,31.43592803921465],[76.61216904107899,31.430028544322933],[76.61720842425886,31.421509313582174],[76.62600722600287,31.42887870155674],[76.63439610766962,31.431148536527918],[76.63899550512767,31.43074859081681],[76.65300364837972,31.433278426274715],[76.66301233204885,31.43308848327442],[76.67036134212314,31.437098160808773],[76.67405089876517,31.429788819394616],[76.67903026294489,31.426339143617252],[76.67456087690373,31.421579545306425],[76.6843296187466,31.416800006137866],[76.69069882595707,31.40878073899424],[76.70031758338376,31.40460114704504],[76.7055769196581,31.399891584412426],[76.70746669348712,31.395861947406036],[76.71747542343374,31.38759271658032],[76.71364604328559,31.36709450390377],[76.72391471250043,31.363724844594987],[76.72674430606664,31.369804321405258],[76.729163930184,31.380003433502814],[76.73683289226003,31.38506302034159],[76.75259082448918,31.384063174785492],[76.75420059056185,31.388122826068226],[76.75167089067718,31.39374231883419],[76.75854998301598,31.394142313134875],[76.76181948635667,31.405661312325748],[76.76773869895025,31.40740118459972],[76.78430652571015,31.406241356477842],[76.80067439666838,31.402001800712572],[76.8017342383117,31.405171525296552],[76.79709478737207,31.415860565257308],[76.80237406455744,31.420820150058482],[76.80336388223954,31.42981936171479],[76.79971433101568,31.435108880111756],[76.80306386156857,31.44010845440322],[76.7974145984218,31.44111834110396],[76.79570478757356,31.447467775151875],[76.80167397598706,31.451837415722487],[76.8019439242386,31.454667167867967],[76.79695455477443,31.459156750828082],[76.7948147611732,31.471995609097522],[76.79186021436725,31.478758852410447],[76.78488603339964,31.478045033713286],[76.78196640804349,31.47980486796836],[76.78812554580578,31.488504126513217],[76.78745557985584,31.49792329268746],[76.7853853139467,31.5001457623667]]]},"properties":{"District":"BILASPUR","STATE":"HIMACHAL PRADESH","TEHSIL":"GHUMARWIN","Shape_Leng":105834.665205,"Shape_Area":190654237.996}},
{"type":"Feature","geometry":{"type":"Polygon","coordinates":[[[76.53092954748843,31.46348526797351],[76.52206071606429,31.463515229230065],[76.5158414996861,31.469994634394578],[76.5130519175672,31.460815431572314],[76.51019229640718,31.46029546670477],[76.4988337503243,31.467984742500466],[76.49065482499634,31.468654651852365],[76.48684531490925,31.470694456562864],[76.4809560994056,31.469014582468404],[76.47540681087152,31.472504251364196],[76.4634683229019,31.483633223945162],[76.46237845518625,31.48565304211359],[76.45496943585364,31.48469309610328],[76.4505600326078,31.481883327215343],[76.46084874747558,31.468844517001624],[76.46066878699804,31.46591477507522],[76.47005759531056,31.457415560174255],[76.47117746942564,31.453565903793393],[76.46606816204812,31.44988620795279],[76.46622817606185,31.443216797437866],[76.47210742399741,31.439267168238175],[76.47008770262083,31.43690736757128],[76.47557702904453,31.427738196922164],[76.47247747741334,31.42010885676932],[76.47415728015584,31.415619258785448],[76.48480592067605,31.40785998461893],[76.48980526325008,31.408199975075753],[76.49909411740914,31.39403125805583],[76.50972275212216,31.387441880986017],[76.51982148552213,31.37583294334312],[76.52794044080295,31.371953317719996],[76.52910031958794,31.36610383724535],[76.53682930388055,31.365833891429638],[76.54175871558583,31.354934871096955],[76.54764796643462,31.350295301971556],[76.5581565926512,31.348835473343406],[76.56297602586045,31.33674655654139],[76.57041508149103,31.33033714949322],[76.572404848072,31.325267603872792],[76.57435465860083,31.313008689569582],[76.57798420081821,31.309639000669527],[76.58604312387021,31.31282875280247],[76.59088248822941,31.31293876304786],[76.59807159211293,31.30393958387085],[76.59962140836585,31.300339906001057],[76.59303231199621,31.29378045556785],[76.595861969452,31.28815096240426],[76.6100600861401,31.291260747313064],[76.61559936594733,31.289860892140933],[76.61752912940948,31.286901160470904],[76.61350968453193,31.28196157807182],[76.61284980242499,31.276392065793047],[76.61487957571474,31.269162709215543],[76.61903905637685,31.26442314203018],[76.62723795831751,31.268012860453048],[76.64023628176464,31.26254339415559],[76.64811528903145,31.254744112241266],[76.65232474674245,31.252824298174488],[76.6613535671824,31.251734431972444],[76.67376192931964,31.253324342717015],[76.68060101891263,31.25531419636726],[76.693359265608,31.268963050760036],[76.69442908203038,31.276582384562726],[76.69817856729463,31.280782032370034],[76.69039952710227,31.2916610428722],[76.69063945894709,31.29779050474922],[76.6961587183804,31.301020243636245],[76.70366772342452,31.30225016697212],[76.71676602310079,31.2985405473534],[76.72236467995411,31.289922933422435],[76.72876451085136,31.287261589757783],[76.7416527521745,31.29872063693431],[76.74569216947498,31.30758987325286],[76.75136139500663,31.31288943222521],[76.74443219838992,31.331627754824154],[76.75284108606161,31.332967671612963],[76.75256106989151,31.342126865093196],[76.74748170288672,31.348276302543674],[76.73913276716418,31.354115753109234],[76.73126379536185,31.3551356311058],[76.72641441183183,31.358575307601477],[76.72391471250043,31.363724844594987],[76.71364604328559,31.36709450390377],[76.71747542343374,31.38759271658032],[76.70746669348712,31.395861947406036],[76.7055769196581,31.399891584412426],[76.70031758338376,31.40460114704504],[76.69069882595707,31.40878073899424],[76.6843296187466,31.416800006137866],[76.67456087690373,31.421579545306425],[76.67903026294489,31.426339143617252],[76.67405089876517,31.429788819394616],[76.67036134212314,31.437098160808773],[76.66301233204885,31.43308848327442],[76.65300364837972,31.433278426274715],[76.63899550512767,31.43074859081681],[76.63439610766962,31.431148536527918],[76.62600722600287,31.42887870155674],[76.61720842425886,31.421509313582174],[76.61425884156002,31.416199770473668],[76.6099994053887,31.415689797548293],[76.607419714749,31.420809337467983],[76.59803095742785,31.419789388527715],[76.59063191212805,31.423219055898468],[76.5831929069309,31.420389275475785],[76.57987333711742,31.42135917680775],[76.57300418595298,31.431338268561078],[76.56247558773241,31.428568470754097],[76.55742622756637,31.433188043449356],[76.55656630386946,31.439747462704318],[76.54570770001617,31.445716892397478],[76.54397791260371,31.448736618932518],[76.53551900985237,31.4517163238976],[76.53092954748843,31.46348526797351]]]},"properties":{"District":"BILASPUR","STATE":"HIMACHAL PRADESH","TEHSIL":"JHANDUTA","Shape_Leng":112831.475031,"Shape_Area":320537617.031}},
{"type":"Feature","geometry":{"type":"Polygon","coordinates":[[[76.8750650332396,31.330798387175374],[76.86911580659198,31.332248233521714],[76.86353654311112,31.33155826956192],[76.8596870241569,31.335827877086192],[76.85790722595812,31.34126739180583],[76.846138743896,31.346236903530944],[76.83076077835105,31.34414702167195],[76.82845106178367,31.347476718441104],[76.82674123812983,31.355815978172945],[76.82049205267161,31.357165830645997],[76.81830238114316,31.349976454828138],[76.81364301144689,31.34717668119072],[76.81707258896131,31.34229712457376],[76.81667270905014,31.330658146987176],[76.81158339884833,31.32699844737173],[76.81929241246497,31.32223889883544],[76.81641280379323,31.32009907460859],[76.81771266818681,31.314129605454475],[76.81253334977706,31.31390960116495],[76.81046365452292,31.308370079477626],[76.81148354467733,31.304260445248165],[76.80814400940696,31.299680833767276],[76.80613436828305,31.283432254646502],[76.80998397887527,31.26323404607478],[76.8154732623675,31.26249413461665],[76.81408347447228,31.257404575542378],[76.8043447696186,31.254824761207455],[76.7984555440386,31.2546047547242],[76.79613583554674,31.25680455180597],[76.78994664757371,31.257044503509864],[76.78304758179908,31.251974920111927],[76.78731705876969,31.24565549293331],[76.78747708417258,31.237396220190686],[76.79135659450581,31.234016533131502],[76.79683587448869,31.233716583641698],[76.79968557156316,31.221957627735772],[76.80420495207777,31.226357261592298],[76.81615337983474,31.226857268111175],[76.82368241301155,31.22310762872985],[76.82645226566763,31.223679425339775],[76.83263120001595,31.22936711861347],[76.84024019572077,31.2308470197701],[76.84259990686911,31.22717735444644],[76.84847913081414,31.22775732863641],[76.85026891844161,31.223917671521257],[76.85564823878502,31.21933809815466],[76.87357588503251,31.219298179126024],[76.87835525125894,31.220318111577964],[76.87420575297615,31.227637451701153],[76.87587551078398,31.231687101107106],[76.86838645659992,31.237926521382096],[76.86587674207586,31.245465847766525],[76.87051609565842,31.251925298874873],[76.8699061494816,31.256224920514025],[76.87263575520997,31.262404387813813],[76.88265444516962,31.261484513482895],[76.88638393223259,31.265384186747692],[76.89356299037331,31.26491425946367],[76.89480278729266,31.272003641324535],[76.89174317538085,31.274243431622082],[76.89995205675494,31.281212855231846],[76.90857092304643,31.281262889085937],[76.91604991080095,31.286222485481797],[76.91719973371887,31.290332130089542],[76.92127917681651,31.293921832294217],[76.92774826872773,31.30409096684458],[76.91917939069572,31.304640878657136],[76.91793951285372,31.3116002626969],[76.91277016908455,31.315669882725945],[76.90330142105806,31.3140399835615],[76.8936226779156,31.316639713019793],[76.89077302852357,31.320749340131478],[76.87740474427484,31.32754868295025],[76.8750650332396,31.330798387175374]]]},"properties":{"District":"BILASPUR","STATE":"HIMACHAL PRADESH","TEHSIL":"NAMHOL","Shape_Leng":61752.6169941,"Shape_Area":103497870.22}},
{"type":"Feature","geometry":{"type":"Polygon","coordinates":[[[76.47247747741334,31.42010885676932],[76.46670822375005,31.42239863231887],[76.46166889180797,31.42156868597891],[76.45619963702853,31.417219047269352],[76.44901058498748,31.416509081801042],[76.43710216676185,31.413709282166455],[76.42552372131725,31.407829754008453],[76.41803468656252,31.41162939083674],[76.40222669472075,31.42521813398976],[76.39698737527505,31.427157941671286],[76.39297794148563,31.419818572070795],[76.39634752934175,31.413819114218718],[76.39507509009435,31.408198480357136],[76.39707874700984,31.407916212403762],[76.39956125686825,31.39975478506424],[76.40326090191753,31.39668485454925],[76.39271259705974,31.389062736067615],[76.39988151935869,31.380405809664],[76.4036821109794,31.3782769701766],[76.40780813461465,31.367373256550618],[76.41699480111669,31.354315763411808],[76.41955620519296,31.349300928036495],[76.42408943454474,31.349311675451567],[76.42678838986524,31.344856670312172],[76.42519871055815,31.339577301064846],[76.4323301142634,31.326561133235217],[76.4424153184942,31.31826194773665],[76.45430618240563,31.312282256153747],[76.46274801910448,31.303553473134688],[76.46330266591143,31.29936580699057],[76.45657605877847,31.294752839027613],[76.44036944124733,31.287885604875964],[76.43980715997378,31.27906256178451],[76.44300174786605,31.277460672862738],[76.45057616854591,31.28239041494994],[76.45712999877144,31.284815185534832],[76.4645544983146,31.295263559945898],[76.47437058650895,31.302351867001867],[76.47912581007738,31.308668003654557],[76.48446042862409,31.305489724793546],[76.48801478332248,31.296737255085393],[76.49102189020576,31.294227627237674],[76.49672363513531,31.285339645518775],[76.49490930626567,31.280815250134555],[76.49810646874438,31.269652894128818],[76.50639948926128,31.267722170308254],[76.52133582860036,31.280199637629128],[76.52743275494339,31.27716866329284],[76.53031370012182,31.271134284793856],[76.52293172539633,31.260054170609557],[76.53067703474662,31.25631442348939],[76.53911008331687,31.260808022339088],[76.53997904194777,31.266260463979453],[76.53773094441331,31.2705486177892],[76.54109231769907,31.2749577129474],[76.54345343628624,31.282402092423315],[76.55134000019466,31.278484952281328],[76.54883363875886,31.274275028290788],[76.55020563103027,31.26987443669978],[76.54361466302825,31.258896429144666],[76.54921025146093,31.252754204212057],[76.5528441581683,31.25512272205041],[76.55647732854639,31.252399960331736],[76.5619413832824,31.254789815974505],[76.56612836839649,31.262443421071083],[76.57564368304637,31.27050160540836],[76.57915263432457,31.27111033264111],[76.5835081852936,31.276151293091623],[76.58774775791852,31.27419674755434],[76.59627329230317,31.261157954885736],[76.60107754517162,31.2590921507136],[76.60707258009342,31.252549765454773],[76.61173082099846,31.249807289720025],[76.61064289228992,31.2441194683091],[76.60603690641435,31.241444330285038],[76.59834429075757,31.23955190964109],[76.5947090147276,31.234236701556597],[76.59521557546205,31.22685621718643],[76.58900574309132,31.219286746607057],[76.59236935268257,31.217496790321047],[76.59244129282702,31.211839573297613],[76.59746172968553,31.21192615449999],[76.6063488040395,31.216613964903413],[76.61296305378758,31.217365548309587],[76.62169469040083,31.221830324745696],[76.62765271671009,31.22622226993175],[76.63328378035675,31.223431230346407],[76.6389074570772,31.223325873171312],[76.63660318155083,31.217630399374062],[76.64253869668445,31.214268786198403],[76.64543452424493,31.209127054394294],[76.65788425492158,31.21026805949184],[76.66434339443946,31.212547887056573],[76.6779815947696,31.214097807225517],[76.68599055090067,31.212867946395875],[76.69091988505242,31.216017691725817],[76.6992787814691,31.217127629637826],[76.7031182504639,31.222027214725173],[76.71153713924521,31.22314715177094],[76.72038594692708,31.228306735931486],[76.73250428577914,31.240615705804718],[76.74572257330988,31.236426129387635],[76.75191179798108,31.229776739053662],[76.75999852205554,31.22678703796653],[76.76631530652838,31.226732193597673],[76.764023248246,31.232562444290025],[76.76548858343332,31.235194870178567],[76.76253723225392,31.245656204502065],[76.75524214907847,31.249184181715364],[76.75238538865105,31.258013294213345],[76.74435533532508,31.263869771193644],[76.74030915391046,31.263830703923364],[76.73806166483224,31.270392896539274],[76.73088392293481,31.269309318081017],[76.72475039930261,31.281760027182514],[76.71753499939841,31.28675966363124],[76.72236467995411,31.289922933422435],[76.71676602310079,31.2985405473534],[76.70366772342452,31.30225016697212],[76.6961587183804,31.301020243636245],[76.69063945894709,31.29779050474922],[76.69039952710227,31.2916610428722],[76.69817856729463,31.280782032370034],[76.69442908203038,31.276582384562726],[76.693359265608,31.268963050760036],[76.68060101891263,31.25531419636726],[76.67376192931964,31.253324342717015],[76.6613535671824,31.251734431972444],[76.65232474674245,31.252824298174488],[76.64811528903145,31.254744112241266],[76.64023628176464,31.26254339415559],[76.62723795831751,31.268012860453048],[76.61903905637685,31.26442314203018],[76.61487957571474,31.269162709215543],[76.61284980242499,31.276392065793047],[76.61350968453193,31.28196157807182],[76.61752912940948,31.286901160470904],[76.61559936594733,31.289860892140933],[76.6100600861401,31.291260747313064],[76.595861969452,31.28815096240426],[76.59303231199621,31.29378045556785],[76.59962140836585,31.300339906001057],[76.59807159211293,31.30393958387085],[76.59088248822941,31.31293876304786],[76.58604312387021,31.31282875280247],[76.57798420081821,31.309639000669527],[76.57435465860083,31.313008689569582],[76.572404848072,31.325267603872792],[76.57041508149103,31.33033714949322],[76.56297602586045,31.33674655654139],[76.5581565926512,31.348835473343406],[76.54764796643462,31.350295301971556],[76.54175871558583,31.354934871096955],[76.53682930388055,31.365833891429638],[76.52910031958794,31.36610383724535],[76.52794044080295,31.371953317719996],[76.51982148552213,31.37583294334312],[76.50972275212216,31.387441880986017],[76.49909411740914,31.39403125805583],[76.48980526325008,31.408199975075753],[76.48480592067605,31.40785998461893],[76.47415728015584,31.415619258785448],[76.47247747741334,31.42010885676932]]]},"properties":{"District":"BILASPUR","STATE":"HIMACHAL PRADESH","TEHSIL":"NAINA DEVI","Shape_Leng":148639.558438,"Shape_Area":264795831.173}},
{"type":"Feature","geometry":{"type":"Polygon","coordinates":[[[76.14616200146901,32.42028287146325],[76.1391273429535,32.42583446106734],[76.13628778006822,32.43341848946912],[76.13247323425054,32.43462598623371],[76.12799195126492,32.44052257197569],[76.13029828182722,32.44464086659231],[76.1158426285115,32.45399485925184],[76.11168179668641,32.45511859217257],[76.11039629009314,32.46272378158795],[76.10463548687193,32.47517324295215],[76.10431743321989,32.48385305195322],[76.10083434480526,32.4852642614882],[76.09300290617408,32.481530157090454],[76.08660471773766,32.482085583937845],[76.07668602683341,32.48755245189502],[76.06045540282604,32.48714339949159],[76.0565051708484,32.489358343679854],[76.04602284660015,32.51072453333434],[76.04512056479386,32.51473037692596],[76.0409774267994,32.519064361655204],[76.03101744771705,32.52500541749309],[76.02481611037952,32.52173260611933],[76.01790354679225,32.52238051759987],[76.01536688967806,32.51920647610746],[76.00229300127778,32.5202755264308],[75.99866043863734,32.51827640388035],[76.00093823300517,32.51303434048765],[75.9962274307984,32.50984170853101],[75.99549649236167,32.50634934159336],[75.98896385891088,32.50090246458101],[75.98211718284277,32.49757839205935],[75.97436386640676,32.49011061365635],[75.97174761525197,32.49202472096961],[75.96082225977007,32.48532956849677],[75.95449054614794,32.4907063957038],[75.94680962471627,32.48761862437636],[75.94868373393054,32.49618570751652],[75.94415391149883,32.50053182339808],[75.94557876768152,32.507719826893386],[75.9358604079428,32.506336624864026],[75.9290444354282,32.50691265489473],[75.92582419326232,32.51168663893377],[75.920927201382,32.50892762724449],[75.9120013775067,32.51174862090168],[75.90904563805587,32.50988251845899],[75.90611784073607,32.50367180717939],[75.90647991518857,32.497763850731495],[75.90215387440465,32.494078805903456],[75.89722278685342,32.49520334168698],[75.88695444221098,32.49448027636801],[75.88709292303469,32.48798885799566],[75.87973208797554,32.48353672688612],[75.87991372538738,32.47622896432081],[75.87489828258262,32.470943645383066],[75.88118418768528,32.4639130491453],[75.88591254689436,32.46362534896591],[75.90277205817455,32.45232682218051],[75.90102601259073,32.44893270175466],[75.90439347447716,32.444123947862735],[75.90623327779483,32.436831459697984],[75.92057038176294,32.4289492820715],[75.9197332695934,32.42258386124752],[75.91692673672138,32.420319193751986],[75.92158575963545,32.41022549058455],[75.93028179215352,32.40223358656469],[75.9311494216364,32.39942341336891],[75.93719531891345,32.39733490095737],[75.95037772830237,32.39395565822008],[75.95469592132454,32.391872522052736],[75.96405539360373,32.39319403925321],[75.97121199804292,32.39290546841197],[75.98019708309658,32.38358714019719],[75.98830087314688,32.38119966343931],[75.99016838562707,32.389145608540844],[75.99476265185876,32.390689347178224],[75.99856818518784,32.396436181260015],[76.00285584475215,32.39802815807395],[76.00407890878735,32.39293860670881],[76.00813162390537,32.391796297497166],[76.01898385671741,32.38159680829275],[76.02360522804051,32.38038412617462],[76.0336955287919,32.38201917334106],[76.04065857871565,32.379437806661144],[76.04686880428322,32.38190865176613],[76.05409299797387,32.38085631218262],[76.06361131274055,32.38136401421296],[76.06939384387975,32.38391889854918],[76.07203958813614,32.37687431549826],[76.08834390088923,32.38360759931414],[76.09581355750304,32.376961604422185],[76.10988651388442,32.373831828467736],[76.11785645130593,32.37490376591677],[76.1221371642209,32.3787709122761],[76.12537073261713,32.38731695089571],[76.12555295644655,32.39362010578327],[76.12969834261276,32.39822924533947],[76.12773970897769,32.40240562059011],[76.12992663277274,32.40801264353314],[76.1359407675832,32.41060503148284],[76.14341353947718,32.41621124395255],[76.14616200146901,32.42028287146325]]]},"properties":{"District":"CHAMBA","STATE":"HIMACHAL PRADESH","TEHSIL":"BHATTIYAT","Shape_Leng":85144.2123522,"Shape_Area":257999513.743}},
{"type":"Feature","geometry":{"type":"Polygon","coordinates":[[[76.865947907708,32.463367924384244],[76.8625395020165,32.46640803188866],[76.86198688236601,32.47339094291507],[76.85705166318333,32.47927552203899],[76.85782702715443,32.49111942338962],[76.85994503312526,32.49785001848237],[76.86636143404121,32.505044545277826],[76.872437918341,32.5080784471952],[76.87743908434838,32.51302704169218],[76.8719587779273,32.51925943946427],[76.8700999767465,32.525488002028226],[76.86535355916688,32.53352673983142],[76.85477089582365,32.529868154788744],[76.84994183100696,32.52617846826041],[76.84103005056909,32.524295504059396],[76.82722051981689,32.530278064858614],[76.82683281941438,32.537037991605864],[76.8179232503236,32.53716934235947],[76.80169316257135,32.5313355967724],[76.79723876298769,32.53162614689809],[76.7944223930457,32.53769502432988],[76.79088139392185,32.540000452415775],[76.79231567462612,32.54481900193069],[76.79013983317562,32.547682872832375],[76.7820883483067,32.54790864650511],[76.76933449282704,32.5449270504435],[76.76257130485583,32.546888709765156],[76.76093251506852,32.551180658356444],[76.75471624019805,32.55548916950663],[76.74525152066083,32.55494801925028],[76.73668266826456,32.54645053909302],[76.72786326585891,32.54517339482975],[76.71477905981378,32.53826966053462],[76.70593525854612,32.54395307177926],[76.69767538243545,32.545552229256586],[76.69853757375219,32.551395257128654],[76.69520080618858,32.555418544136394],[76.69556670542696,32.56021112252452],[76.68821098346777,32.56592915208542],[76.68283267077783,32.56261139958392],[76.6724708648538,32.563964944317924],[76.66814353958243,32.57188861759974],[76.65269568475483,32.57930627181847],[76.64992687246165,32.582600738687205],[76.64227375731814,32.578386563289385],[76.62680195982742,32.574635009589635],[76.62276837395719,32.57868409168239],[76.62435818493822,32.58946399672972],[76.62689499654425,32.59458216538551],[76.62617351544536,32.598399263901804],[76.63209948941213,32.60535381983896],[76.62318673493017,32.606003574455706],[76.61489801390697,32.60256193653956],[76.60315078745245,32.60431099571733],[76.60049820277986,32.60695058614224],[76.59869843877165,32.61556781863423],[76.60299579866228,32.622129629512436],[76.59615130775465,32.62569977779715],[76.59202329722925,32.633805811191934],[76.59234316014144,32.6367917591022],[76.58179930131422,32.63940934067979],[76.57300631822181,32.643740550935746],[76.564787780461,32.645424171103585],[76.55207150959822,32.65353320133644],[76.54943557290225,32.65644791890496],[76.53288499316965,32.65564460532413],[76.5282882797086,32.65648188236073],[76.5188838853536,32.66566855682427],[76.509470363245,32.66665982038293],[76.50461171017737,32.665333489188434],[76.49858071728146,32.66109076749682],[76.49044627626851,32.65871538201345],[76.47522742999892,32.65635298653109],[76.46688672832526,32.65226973445693],[76.46042676444966,32.65294756317181],[76.44187004605377,32.65783046976588],[76.4342805786754,32.647025850249285],[76.42866908736293,32.64345802715476],[76.43564153572021,32.63383034343998],[76.4366148306028,32.62701905840813],[76.44616207687288,32.617542501039736],[76.44605677854717,32.615046662867535],[76.43829815974256,32.60728551063901],[76.43541561095894,32.602236587319865],[76.4262660360719,32.59980020659467],[76.42903790614356,32.594217171779775],[76.42719801893261,32.591341681699305],[76.42706436228077,32.584414339401384],[76.42243310543742,32.5780108042036],[76.4237695700684,32.5696482356788],[76.42864343753601,32.554558643945605],[76.4222322765535,32.54637632369622],[76.42262062652038,32.53898116283755],[76.42087359411886,32.534395598211724],[76.42522076465086,32.51702552865713],[76.41870382739694,32.51188432786793],[76.41274276933605,32.50431672470122],[76.39689903693572,32.500648629732865],[76.39118341735103,32.49463767319907],[76.39124418564047,32.481916661678085],[76.38558756134967,32.476785637438866],[76.37717282937666,32.4760586868428],[76.37043067896843,32.47702460423577],[76.36196917354819,32.47549321411922],[76.35752708033574,32.47004031983491],[76.36389531001257,32.46210173791483],[76.36301736497502,32.45467546547154],[76.36462082730284,32.45188303631874],[76.36998126863605,32.453670079211946],[76.38430946774596,32.45439405506548],[76.38620416436088,32.451909108576615],[76.39332267904675,32.44992813187671],[76.39469962202038,32.44394411245994],[76.39329534345617,32.43970681050522],[76.3945724743935,32.43238215485376],[76.3919512463331,32.42863284800805],[76.38490885055057,32.42556425529816],[76.3802472949709,32.41760226586696],[76.36466376754149,32.40174722709288],[76.36614411132727,32.39457702317857],[76.36548152933666,32.380716201152694],[76.36146347169613,32.3749173961607],[76.35974932786353,32.36597635240783],[76.36034521936433,32.352638780581195],[76.35702642958192,32.3491527378836],[76.34719495072788,32.34886162691969],[76.33838839549134,32.341447820502225],[76.34572747718408,32.339375281064065],[76.35392873187736,32.33142062341914],[76.35358629132956,32.32712050711767],[76.35784140975355,32.32486332063176],[76.36003807860074,32.31831867937476],[76.36433730633695,32.31402991032676],[76.36484427439439,32.309852793562676],[76.37688338829801,32.29859566446371],[76.38187739462215,32.29727650874756],[76.39002972206987,32.28960602142029],[76.39082891277954,32.286787403575055],[76.40028276437401,32.28718662215614],[76.40468543601985,32.28235363416129],[76.41825560592675,32.27768247664214],[76.42159359156818,32.272724510074184],[76.42135271488326,32.26552281116307],[76.42929177196126,32.26021718264213],[76.4420935188392,32.26374549690039],[76.44681201130918,32.26252106761512],[76.45446034401297,32.256958773112245],[76.45654765625531,32.25217036889709],[76.4629377654737,32.247391175350536],[76.47411458661846,32.24783044209747],[76.47833908378584,32.250303756080974],[76.48454335241274,32.25015745072509],[76.48743430009391,32.24461166144664],[76.49710725678881,32.23753508000803],[76.49951935860314,32.23253561012852],[76.51081702440841,32.2304573384365],[76.51871880807545,32.23412062928586],[76.52427605789185,32.23229107102517],[76.52600349191404,32.22774087178769],[76.53872015401019,32.2293272256838],[76.5525924603246,32.22646031699187],[76.55640116681165,32.22793259211699],[76.55935287195152,32.22352381122023],[76.57579314183839,32.22296065614014],[76.57945010022114,32.221374790610696],[76.586494684149,32.22279706726559],[76.59694338328062,32.215061082551586],[76.60225234151763,32.207328071040536],[76.60960072076857,32.20274776477785],[76.61214225093926,32.19651446362875],[76.62120631228788,32.19399879547121],[76.62453343451163,32.190189268435084],[76.6415492456755,32.18673392123912],[76.64451289058306,32.184633956438844],[76.65216573117975,32.184265726160916],[76.65469641484954,32.18382756725845],[76.66457367363233,32.176128239076945],[76.67852054818385,32.17635697264952],[76.68533282845601,32.1822432002108],[76.68696255834193,32.18570169906534],[76.69457118591394,32.19381768207941],[76.70820463575245,32.19911218276602],[76.71467296788161,32.19567581994557],[76.72120324315227,32.19013662183933],[76.73507113671864,32.18612437417027],[76.74220028002293,32.1955068294901],[76.74552540406408,32.1979451077947],[76.75552415085161,32.20056088659724],[76.76010326037886,32.207173966114034],[76.7627242559433,32.20794619318484],[76.76550206204047,32.214594887063036],[76.77059479386207,32.222209705032704],[76.76824291334835,32.22609558348158],[76.77056708878197,32.22995029259821],[76.77158256524164,32.23727571943648],[76.76987486599766,32.242050805673124],[76.77391944852506,32.24739988364225],[76.76667893697767,32.24943318904209],[76.77001760002148,32.254936728903],[76.7741296454969,32.25551031441508],[76.77873016719195,32.26099893569114],[76.77845954517691,32.26413577128607],[76.77267272221697,32.27211965664868],[76.76999034621012,32.28242807942366],[76.77468256572114,32.28968610669061],[76.77747938207348,32.29793686481855],[76.77005936642918,32.30536523798508],[76.77088153068293,32.30855179501845],[76.78498911022176,32.314090676628076],[76.77773419539376,32.32194367717509],[76.77496513963625,32.33369186282159],[76.76831715752964,32.34284413850062],[76.75802079159368,32.34870400097916],[76.7520184575938,32.35813639771486],[76.76481445906528,32.359931175296055],[76.76851531706826,32.35833407714863],[76.77670177672303,32.361359062579936],[76.78147405904225,32.36902756595307],[76.7862952255951,32.372069742850066],[76.78584090191438,32.37903392536867],[76.78759088357774,32.38765898356338],[76.78165089241753,32.39819744850806],[76.7832374513523,32.40245360573502],[76.79326613343342,32.4069850918832],[76.80096554557767,32.407530854693256],[76.80955255540192,32.41406967491307],[76.81267837494072,32.418948088508785],[76.8129907718748,32.42445431506716],[76.82073767176382,32.43300109445252],[76.82811145449419,32.43950740361421],[76.8420741687155,32.444128801986395],[76.84560349633755,32.448243546437745],[76.85267191500235,32.452112830733356],[76.85832721522047,32.45730035034296],[76.86445777307664,32.460338975410295],[76.865947907708,32.463367924384244]]]},"properties":{"District":"CHAMBA","STATE":"HIMACHAL PRADESH","TEHSIL":"BRAHMAUR","Shape_Leng":209367.738985,"Shape_Area":1627176726.52}},
{"type":"Feature","geometry":{"type":"Polygon","coordinates":[[[76.4262660360719,32.59980020659467],[76.41979822273653,32.59943798575453],[76.4087130911027,32.59527965448825],[76.40160325392418,32.59867354987094],[76.39880381949528,32.60328566638574],[76.39850515897955,32.6091465864712],[76.39365617674666,32.6079623325612],[76.38485159089733,32.6114174848725],[76.38216664347559,32.61724338089234],[76.37628289867581,32.617291465991975],[76.37667395558422,32.62390371531053],[76.37442441953502,32.62996101102327],[76.36601803618503,32.6321209144339],[76.34605053218094,32.627118530746024],[76.33251227689833,32.63115735751594],[76.32898155088304,32.63708715560886],[76.32389673933959,32.63645435311756],[76.31608567366092,32.638306328538356],[76.30921529384167,32.63835192669526],[76.30865039585807,32.643814245269766],[76.29348175351292,32.65344234814241],[76.29001935239909,32.65822049376813],[76.28156304550743,32.660053862021535],[76.27936804228247,32.67063994918696],[76.26908927904255,32.67559660217014],[76.2612736869199,32.67540093806918],[76.24882000871551,32.680125361711355],[76.23854759252946,32.6780809204587],[76.22563863893596,32.6848676601632],[76.22147566665342,32.68358056426489],[76.2002462477532,32.6887241654201],[76.195687133212,32.68643267393646],[76.19095313562148,32.68865679741359],[76.18268028662965,32.68479005502063],[76.17475817462405,32.67534302047844],[76.17168348364035,32.67845915730097],[76.16327978574834,32.6802442509255],[76.15350231656787,32.677441905287296],[76.14923486068652,32.674563630456475],[76.13866971882838,32.671828267944754],[76.12868476135709,32.67333653765092],[76.1255099159164,32.67188472797562],[76.12126141363066,32.67630170792978],[76.11621577145809,32.67757383711678],[76.11188228806617,32.68552299877351],[76.10448607312945,32.68925879953297],[76.10132967266735,32.696970344916146],[76.09504433721246,32.703468605986345],[76.09114884988641,32.71403622668837],[76.08670941801469,32.7150623070985],[76.07667907458931,32.701026818182235],[76.06951515967314,32.69447452577245],[76.06406643769128,32.69275067909327],[76.05994185343324,32.68278205608154],[76.05056517265642,32.68034871216896],[76.04914888283474,32.674740881713625],[76.03216138671387,32.66264559693395],[76.03204610805683,32.65809682956883],[76.02437445651367,32.653136363578334],[76.01442459243812,32.64302657227242],[76.01883146834813,32.63955276813985],[76.02123718890914,32.63474445224574],[76.02011688614844,32.62594374716913],[76.00781623150057,32.61894585625195],[76.0074168218143,32.60999169759365],[76.00309677305631,32.607446829796444],[76.00292939284441,32.60393545227518],[75.99648139655679,32.60021743039538],[76.00290962466636,32.590814701001285],[76.00214041149978,32.5883644239278],[76.01468764211246,32.58406643722918],[76.01649717135095,32.578997146371734],[76.02140822633115,32.577213673893944],[76.01548438164879,32.56708830347486],[76.02259095462293,32.561478690230885],[76.02158691123635,32.55290422255976],[76.02399812935083,32.54961175955904],[76.02293386954669,32.54341026935798],[76.01952246407524,32.54055130108169],[76.01771316709706,32.53448957204235],[76.01962292974162,32.52934411436774],[76.01790354679225,32.52238051759987],[76.02481611037952,32.52173260611933],[76.03101744771705,32.52500541749309],[76.0409774267994,32.519064361655204],[76.04512056479386,32.51473037692596],[76.04602284660015,32.51072453333434],[76.0565051708484,32.489358343679854],[76.06045540282604,32.48714339949159],[76.07668602683341,32.48755245189502],[76.08660471773766,32.482085583937845],[76.09300290617408,32.481530157090454],[76.10083434480526,32.4852642614882],[76.10431743321989,32.48385305195322],[76.10463548687193,32.47517324295215],[76.11039629009314,32.46272378158795],[76.11168179668641,32.45511859217257],[76.1158426285115,32.45399485925184],[76.13029828182722,32.44464086659231],[76.12799195126492,32.44052257197569],[76.13247323425054,32.43462598623371],[76.13628778006822,32.43341848946912],[76.1391273429535,32.42583446106734],[76.14616200146901,32.42028287146325],[76.15146169713566,32.41935467813276],[76.15486087026284,32.42260264344286],[76.16214386099875,32.42295500226918],[76.17837054049376,32.41642857813107],[76.18460121399782,32.40862057772043],[76.19487519417868,32.41032100780498],[76.20330359422975,32.405825461761836],[76.22164941311758,32.39417701864131],[76.22358761238864,32.39554839664802],[76.23365846849474,32.39563309381829],[76.24541731786198,32.39369951022715],[76.2483595794497,32.39553565523607],[76.25664456682591,32.394155971705246],[76.26018693427676,32.38588674574379],[76.25941048749104,32.379443757702326],[76.26252398430417,32.37358258775141],[76.27114543460924,32.37613801166919],[76.2778209763376,32.37153841672917],[76.28211435140868,32.37082799503959],[76.28984834214445,32.348598611254886],[76.29154762645273,32.33980255611378],[76.29541382225106,32.33709638391925],[76.30889705563601,32.340036273689634],[76.31982616198736,32.33746020642844],[76.32731625451272,32.33151721792501],[76.3404155441956,32.32376352690984],[76.34908122772134,32.32494617618466],[76.35358629132956,32.32712050711767],[76.35392873187736,32.33142062341914],[76.34572747718408,32.339375281064065],[76.33838839549134,32.341447820502225],[76.34719495072788,32.34886162691969],[76.35702642958192,32.3491527378836],[76.36034521936433,32.352638780581195],[76.35974932786353,32.36597635240783],[76.36146347169613,32.3749173961607],[76.36548152933666,32.380716201152694],[76.36614411132727,32.39457702317857],[76.36466376754149,32.40174722709288],[76.3802472949709,32.41760226586696],[76.38490885055057,32.42556425529816],[76.3919512463331,32.42863284800805],[76.3945724743935,32.43238215485376],[76.39329534345617,32.43970681050522],[76.39469962202038,32.44394411245994],[76.39332267904675,32.44992813187671],[76.38620416436088,32.451909108576615],[76.38430946774596,32.45439405506548],[76.36998126863605,32.453670079211946],[76.36462082730284,32.45188303631874],[76.36301736497502,32.45467546547154],[76.36389531001257,32.46210173791483],[76.35752708033574,32.47004031983491],[76.36196917354819,32.47549321411922],[76.37043067896843,32.47702460423577],[76.37717282937666,32.4760586868428],[76.38558756134967,32.476785637438866],[76.39124418564047,32.481916661678085],[76.39118341735103,32.49463767319907],[76.39689903693572,32.500648629732865],[76.41274276933605,32.50431672470122],[76.41870382739694,32.51188432786793],[76.42522076465086,32.51702552865713],[76.42087359411886,32.534395598211724],[76.42262062652038,32.53898116283755],[76.4222322765535,32.54637632369622],[76.42864343753601,32.554558643945605],[76.4237695700684,32.5696482356788],[76.42243310543742,32.5780108042036],[76.42706436228077,32.584414339401384],[76.42719801893261,32.591341681699305],[76.42903790614356,32.594217171779775],[76.4262660360719,32.59980020659467]]]},"properties":{"District":"CHAMBA","STATE":"HIMACHAL PRADESH","TEHSIL":"CHAMBA","Shape_Leng":162862.220151,"Shape_Area":991617744.872}},
{"type":"Feature","geometry":{"type":"Polygon","coordinates":[[[76.23815327210251,33.02082997060934],[76.22758454842419,33.021378780844415],[76.22071476608528,33.02287657829011],[76.21118232202593,33.01627427565057],[76.20350293591711,33.01599085567029],[76.18964494249767,33.018280126404285],[76.18325147899687,33.020451850968094],[76.1772733839527,33.01968806296419],[76.16789748572856,33.00856499476713],[76.15736626675421,33.00636814500651],[76.13520419827283,33.009518935762095],[76.1282908357246,33.00765286376394],[76.11651916979964,33.0076346113269],[76.10712361417582,33.00583039684494],[76.10792743995269,32.999999977087114],[76.10380430106315,32.99119232946594],[76.1062875015944,32.98687823328645],[76.10304659004434,32.982833695168765],[76.09847628313487,32.971534741448686],[76.09217868178807,32.96333699361649],[76.08223749081158,32.96156671800083],[76.08330976990693,32.95563846586101],[76.06831207434307,32.95189967094405],[76.06126132559525,32.94094530662416],[76.05449929883605,32.938903914998804],[76.0406322364874,32.93678099667876],[76.03410437290776,32.931384305409146],[76.03200262084209,32.92690590261377],[76.03313621025187,32.92137492482549],[76.0271875129508,32.915707776452834],[76.017895339185,32.913103345547135],[76.00911907746136,32.90870431675165],[76.00233572570605,32.9015159649661],[75.98942093519051,32.898140412915296],[75.98123536981818,32.89509997323706],[75.97536859277847,32.88648460568265],[75.97300705887697,32.8867389660264],[75.95887026330666,32.87753408435659],[75.95268238142772,32.87460144435026],[75.96033335011626,32.86053038645536],[75.96846186886931,32.855635725397846],[75.97392728729196,32.84774523721073],[75.97657743220962,32.840977284424355],[75.9882463526573,32.836262487761026],[76.00026530967361,32.82692896359348],[76.00160340655594,32.81762076233683],[76.00860092063866,32.811520382799856],[76.01152256754665,32.80709933226785],[76.02037416174933,32.803198238427576],[76.0283875260119,32.80435801078431],[76.03782942554764,32.801672933847044],[76.04532836528084,32.804326468329045],[76.06387002662417,32.79987140333443],[76.07139318746269,32.79312065916797],[76.07720222109991,32.792148364342225],[76.08529917225353,32.79360282245217],[76.09427647883253,32.7998443406802],[76.09855109836488,32.80083400114734],[76.10951226764008,32.80032222545797],[76.11168751948976,32.794527415957724],[76.10408130881586,32.79295109056917],[76.1037575761276,32.78771543442937],[76.10833957447849,32.774340432825234],[76.11043254128428,32.76519720715623],[76.11466413957625,32.76091154179259],[76.12996982446668,32.773984671399816],[76.13181947373909,32.77688685459405],[76.13996315034788,32.77453881768063],[76.14476338746604,32.76920383741573],[76.14277641799383,32.759122507549435],[76.13890197454158,32.75446821448055],[76.12989432143249,32.74812585691849],[76.117858362373,32.74455491555955],[76.1066057841696,32.73639397432646],[76.09819456648545,32.72389851733259],[76.09303443247897,32.72147361293377],[76.09174355391859,32.718104952030075],[76.08670941801469,32.7150623070985],[76.09114884988641,32.71403622668837],[76.09504433721246,32.703468605986345],[76.10132967266735,32.696970344916146],[76.10448607312945,32.68925879953297],[76.11188228806617,32.68552299877351],[76.11621577145809,32.67757383711678],[76.12126141363066,32.67630170792978],[76.1255099159164,32.67188472797562],[76.12868476135709,32.67333653765092],[76.13866971882838,32.671828267944754],[76.14923486068652,32.674563630456475],[76.15350231656787,32.677441905287296],[76.16327978574834,32.6802442509255],[76.17168348364035,32.67845915730097],[76.17475817462405,32.67534302047844],[76.18268028662965,32.68479005502063],[76.19095313562148,32.68865679741359],[76.195687133212,32.68643267393646],[76.2002462477532,32.6887241654201],[76.22147566665342,32.68358056426489],[76.22563863893596,32.6848676601632],[76.23854759252946,32.6780809204587],[76.24882000871551,32.680125361711355],[76.2612736869199,32.67540093806918],[76.26908927904255,32.67559660217014],[76.27936804228247,32.67063994918696],[76.28156304550743,32.660053862021535],[76.29001935239909,32.65822049376813],[76.29348175351292,32.65344234814241],[76.30865039585807,32.643814245269766],[76.30921529384167,32.63835192669526],[76.31608567366092,32.638306328538356],[76.32389673933959,32.63645435311756],[76.32898155088304,32.63708715560886],[76.33251227689833,32.63115735751594],[76.34605053218094,32.627118530746024],[76.36601803618503,32.6321209144339],[76.37442441953502,32.62996101102327],[76.37667395558422,32.62390371531053],[76.37628289867581,32.617291465991975],[76.38216664347559,32.61724338089234],[76.38485159089733,32.6114174848725],[76.39365617674666,32.6079623325612],[76.39850515897955,32.6091465864712],[76.39880381949528,32.60328566638574],[76.40160325392418,32.59867354987094],[76.4087130911027,32.59527965448825],[76.41979822273653,32.59943798575453],[76.4262660360719,32.59980020659467],[76.43541561095894,32.602236587319865],[76.43829815974256,32.60728551063901],[76.44605677854717,32.615046662867535],[76.44616207687288,32.617542501039736],[76.4366148306028,32.62701905840813],[76.43564153572021,32.63383034343998],[76.42866908736293,32.64345802715476],[76.4342805786754,32.647025850249285],[76.44187004605377,32.65783046976588],[76.43987093597525,32.65939754913757],[76.4458843032941,32.669842956059135],[76.44412726623676,32.6743205055333],[76.4361431116085,32.67653271567967],[76.4302059483519,32.68273629965927],[76.42302271617856,32.6880042224533],[76.43018365462956,32.69771292593829],[76.42815465774882,32.700636413734905],[76.42854801622866,32.708721580726944],[76.41178146839911,32.72198901577227],[76.40026881139961,32.72736563889165],[76.39789391112555,32.73379764378419],[76.3986091771369,32.740357151346096],[76.39407800314576,32.74307775262727],[76.39407741213857,32.75164767289579],[76.39017327227815,32.75898543033302],[76.38900939939468,32.767253228069784],[76.38514331694894,32.773554237943046],[76.38706537459943,32.782084666583614],[76.38325304817549,32.79262614671779],[76.37439916044913,32.79807125848081],[76.37618629504722,32.803079983277954],[76.37328962837054,32.8076924089587],[76.37335366929454,32.81450372497012],[76.37688503243406,32.820557300302596],[76.3693062325502,32.82434482655529],[76.36972483365973,32.830090489061384],[76.36588305585258,32.8329514620194],[76.3645248895436,32.83811335796569],[76.3689852160443,32.83942854083707],[76.3753564298783,32.84473466286863],[76.37748059922605,32.84887526031032],[76.37106179389525,32.850400836727005],[76.35787010136752,32.85738443624837],[76.36364754869669,32.863749467166656],[76.36902446567532,32.86706237610237],[76.37410970847183,32.87308153886648],[76.382100193022,32.88723256538956],[76.38440891578335,32.89415340713642],[76.38613473822107,32.9058055791398],[76.38330958092743,32.909356261525886],[76.37834002482278,32.91043117945571],[76.37191521876568,32.91654112517444],[76.36321166519086,32.917106089549854],[76.35266866404115,32.921693094228374],[76.34786084445655,32.93050140597321],[76.34116652277558,32.93298533635842],[76.33886309373183,32.940128293870295],[76.34274990415904,32.944064854401645],[76.34781873192064,32.94555467169294],[76.35461371968852,32.950267822198825],[76.3538106005885,32.954014153448],[76.34873039074772,32.958625035851256],[76.34560880982357,32.973517322513764],[76.3347664810285,32.974085614457316],[76.32625082675293,32.9762444083631],[76.31537288003787,32.9760812469859],[76.31126124729143,32.97879018820402],[76.30282844723754,32.97965854164205],[76.29321939328494,32.98496595151241],[76.28075216804679,32.986777052507335],[76.27364383314364,32.99015872000158],[76.26121839568424,32.9871583864696],[76.24896861343687,32.99713297538659],[76.24694613389123,33.00303912753428],[76.2418906112418,33.00907578593584],[76.23775627094882,33.01798153445835],[76.23815327210251,33.02082997060934]]]},"properties":{"District":"CHAMBA","STATE":"HIMACHAL PRADESH","TEHSIL":"CHAURAH","Shape_Leng":186807.573257,"Shape_Area":1146328795.67}},
{"type":"Feature","geometry":{"type":"Polygon","coordinates":[[[75.99648139655679,32.60021743039538],[75.98894693951169,32.596663507371154],[75.98116344890843,32.60153125768324],[75.96545463698457,32.59031566917425],[75.95738350818526,32.591489325472544],[75.95154153730991,32.58923497521279],[75.94992947052172,32.582875978413654],[75.94533021437803,32.58562424445025],[75.94338731153177,32.593565367227306],[75.93703328760827,32.59326951315315],[75.93533110478685,32.59740872156573],[75.93944567113942,32.600960463955154],[75.93747548912502,32.604520433347396],[75.93280559125827,32.6046643757017],[75.93051274864351,32.607829412061555],[75.93060662863795,32.613293789657206],[75.92705224594465,32.61633268440781],[75.9158383238066,32.61407923848864],[75.90722701304635,32.60892035051896],[75.9053130091811,32.60121615430446],[75.89947285273466,32.59245708658669],[75.89272898193293,32.588957070959],[75.8840424185354,32.58981824003788],[75.87821775847121,32.58598480265744],[75.87995247868459,32.578888363127305],[75.87628845023931,32.56775645250507],[75.86973557363918,32.56610059951643],[75.86613743750479,32.56245912611201],[75.87407514267387,32.552056771932385],[75.87220512704454,32.5481525715488],[75.85489848687115,32.53690014827402],[75.85564319528984,32.530040311493835],[75.85266291688059,32.52694617901884],[75.84738375034668,32.52610027109604],[75.83825967572409,32.52231531922851],[75.83668918958135,32.51847218831236],[75.83796651035762,32.51093120456884],[75.84211450097584,32.50724399703394],[75.84415376100371,32.49966471208205],[75.85343328447892,32.48752067288819],[75.86138181144746,32.4824834047506],[75.87489828258262,32.470943645383066],[75.87991372538738,32.47622896432081],[75.87973208797554,32.48353672688612],[75.88709292303469,32.48798885799566],[75.88695444221098,32.49448027636801],[75.89722278685342,32.49520334168698],[75.90215387440465,32.494078805903456],[75.90647991518857,32.497763850731495],[75.90611784073607,32.50367180717939],[75.90904563805587,32.50988251845899],[75.9120013775067,32.51174862090168],[75.920927201382,32.50892762724449],[75.92582419326232,32.51168663893377],[75.9290444354282,32.50691265489473],[75.9358604079428,32.506336624864026],[75.94557876768152,32.507719826893386],[75.94415391149883,32.50053182339808],[75.94868373393054,32.49618570751652],[75.94680962471627,32.48761862437636],[75.95449054614794,32.4907063957038],[75.96082225977007,32.48532956849677],[75.97174761525197,32.49202472096961],[75.97436386640676,32.49011061365635],[75.98211718284277,32.49757839205935],[75.98896385891088,32.50090246458101],[75.99549649236167,32.50634934159336],[75.9962274307984,32.50984170853101],[76.00093823300517,32.51303434048765],[75.99866043863734,32.51827640388035],[76.00229300127778,32.5202755264308],[76.01536688967806,32.51920647610746],[76.01790354679225,32.52238051759987],[76.01962292974162,32.52934411436774],[76.01771316709706,32.53448957204235],[76.01952246407524,32.54055130108169],[76.02293386954669,32.54341026935798],[76.02399812935083,32.54961175955904],[76.02158691123635,32.55290422255976],[76.02259095462293,32.561478690230885],[76.01548438164879,32.56708830347486],[76.02140822633115,32.577213673893944],[76.01649717135095,32.578997146371734],[76.01468764211246,32.58406643722918],[76.00214041149978,32.5883644239278],[76.00290962466636,32.590814701001285],[75.99648139655679,32.60021743039538]]]},"properties":{"District":"CHAMBA","STATE":"HIMACHAL PRADESH","TEHSIL":"DALHOUSIE","Shape_Leng":71519.7966795,"Shape_Area":159436528.297}},
{"type":"Feature","geometry":{"type":"Polygon","coordinates":[[[76.74695080985656,33.179190544346405],[76.72894962715803,33.17669959906589],[76.72073643046522,33.18149400318055],[76.70847369935382,33.17989792865878],[76.70201353982644,33.173973794023354],[76.69467343497531,33.17258958298708],[76.68414542880551,33.17327583549512],[76.67165876845667,33.170661919469914],[76.66461365353109,33.17127561835551],[76.65401458824138,33.16362544882915],[76.64836511411737,33.16399636860798],[76.63940772698264,33.16165796490907],[76.63328683915117,33.16468363663494],[76.62338101871404,33.16690652304886],[76.61257356762539,33.173379815804374],[76.61201976714393,33.18521398912773],[76.60801922621249,33.189938225187234],[76.60192845792493,33.1888236937369],[76.59862524347409,33.190274707725465],[76.59725067205262,33.196802402784485],[76.59922747863112,33.203069249390914],[76.5949739445747,33.206188031354145],[76.57265922600213,33.206334104320206],[76.56069252421226,33.209538348070836],[76.55335464203702,33.20448516969548],[76.54807174802103,33.19908131441117],[76.53297079084632,33.19966157681876],[76.52526865773187,33.19641430824921],[76.5103302193225,33.19593714633458],[76.50523608721538,33.19197862980007],[76.48178123133759,33.17915782622698],[76.47278060949061,33.17976041664829],[76.46801695181236,33.18210388810395],[76.45494904100889,33.179498252608084],[76.44323106472183,33.181412215674655],[76.4390215871866,33.18027387703758],[76.42825730914839,33.18196517438133],[76.42033086203259,33.18765775007258],[76.41416382089707,33.18504960298912],[76.40423463451576,33.18585937159133],[76.39831980541001,33.18236669442108],[76.39198120426505,33.174753335955955],[76.37765667588884,33.16617076572243],[76.37232864810908,33.16054451139949],[76.36846452491896,33.15345734447938],[76.36209739104828,33.153195428288285],[76.34400159613766,33.14300360016894],[76.3307703106623,33.13222938800366],[76.32629882816221,33.12734077329585],[76.31485574514805,33.12504555132756],[76.31341072532332,33.122668982393144],[76.30330966693457,33.11825000840024],[76.30159909770646,33.11362350895944],[76.29211330675012,33.10595347225613],[76.2859459638888,33.10238771643392],[76.28839703364488,33.09912537304661],[76.28276105309008,33.08480291592609],[76.28366320772145,33.07191427861355],[76.2892894916916,33.067941922326746],[76.28970172934865,33.056797491650606],[76.27968832759063,33.053557878180904],[76.27600867487536,33.050376649471374],[76.27495413609888,33.04076400378879],[76.27144804294961,33.03618960485434],[76.26212958747642,33.036037365565114],[76.25497092912705,33.033835150533285],[76.24623217021475,33.02728144867134],[76.24277153150582,33.02081977917318],[76.23815327210251,33.02082997060934],[76.23775627094882,33.01798153445835],[76.2418906112418,33.00907578593584],[76.24694613389123,33.00303912753428],[76.24896861343687,32.99713297538659],[76.26121839568424,32.9871583864696],[76.27364383314364,32.99015872000158],[76.28075216804679,32.986777052507335],[76.29321939328494,32.98496595151241],[76.30282844723754,32.97965854164205],[76.31126124729143,32.97879018820402],[76.31537288003787,32.9760812469859],[76.32625082675293,32.9762444083631],[76.3347664810285,32.974085614457316],[76.34560880982357,32.973517322513764],[76.34873039074772,32.958625035851256],[76.3538106005885,32.954014153448],[76.35461371968852,32.950267822198825],[76.34781873192064,32.94555467169294],[76.34274990415904,32.944064854401645],[76.33886309373183,32.940128293870295],[76.34116652277558,32.93298533635842],[76.34786084445655,32.93050140597321],[76.35266866404115,32.921693094228374],[76.36321166519086,32.917106089549854],[76.37191521876568,32.91654112517444],[76.37834002482278,32.91043117945571],[76.38330958092743,32.909356261525886],[76.38613473822107,32.9058055791398],[76.38440891578335,32.89415340713642],[76.382100193022,32.88723256538956],[76.37410970847183,32.87308153886648],[76.36902446567532,32.86706237610237],[76.36364754869669,32.863749467166656],[76.35787010136752,32.85738443624837],[76.37106179389525,32.850400836727005],[76.37748059922605,32.84887526031032],[76.3753564298783,32.84473466286863],[76.3689852160443,32.83942854083707],[76.3645248895436,32.83811335796569],[76.36588305585258,32.8329514620194],[76.36972483365973,32.830090489061384],[76.3693062325502,32.82434482655529],[76.37688503243406,32.820557300302596],[76.37936732930349,32.822150849075605],[76.3919147569261,32.82505696720597],[76.40727969612705,32.83976139256456],[76.41600258504457,32.843600744926746],[76.42534807365708,32.843361124182216],[76.42993741359395,32.84518784336367],[76.4369186121086,32.851369690969214],[76.43958139853845,32.855904013969614],[76.45182603138774,32.85100781688345],[76.45440583182007,32.84848811378714],[76.46729528206905,32.82624535665439],[76.4740534310083,32.821019814201236],[76.46984007831193,32.81302594476635],[76.47163009431488,32.80506604127502],[76.48122913464927,32.804328569921644],[76.49123902348269,32.802021054024],[76.50624738905826,32.804668237444666],[76.51223781650381,32.80420304307074],[76.5145014935651,32.806731883725654],[76.52182501140516,32.80687475074305],[76.52919779567297,32.81225401632342],[76.53942613559407,32.81585559140938],[76.55004073825475,32.816174576401686],[76.55451478729435,32.819446396146105],[76.56676050373727,32.82341375556289],[76.57253735115702,32.823614610148404],[76.5811346795866,32.8320791005882],[76.58648512017102,32.84073811037052],[76.59627980564696,32.84223718635898],[76.60147991881131,32.845584407692016],[76.60687875783879,32.851448091726475],[76.61021848615201,32.851586985817576],[76.61561109035884,32.847686448441245],[76.62002682169911,32.84970770777644],[76.6289855755672,32.85011485345667],[76.64226045369179,32.853831660358814],[76.64982579549499,32.852207123466634],[76.65209739472358,32.84751213943281],[76.65723355214988,32.843017711741304],[76.66491425882833,32.8460597758311],[76.67668374026913,32.84703079792272],[76.6809110610623,32.85137476396223],[76.6870525617604,32.86207851547898],[76.69086348683842,32.86460817846601],[76.6929911180757,32.87250611044502],[76.70033755147472,32.880894270393995],[76.70717789271528,32.88390440603079],[76.70711350251594,32.89494812583202],[76.71101090887458,32.90424139211317],[76.70992909923142,32.90921852441161],[76.71290214031147,32.91745160322567],[76.72094154786748,32.91985937587267],[76.72267137038241,32.92544675425761],[76.72593544724288,32.928412333056684],[76.73444679266211,32.930118607697175],[76.75588052161645,32.92486647518184],[76.76925605094947,32.935336013299036],[76.76945275961437,32.94205709695178],[76.78084806041718,32.95112451330691],[76.78157959452213,32.957858268112915],[76.77888540696779,32.963156309393646],[76.78205068056941,32.967515216190584],[76.77822890765279,32.97138844844055],[76.77555059725768,32.977768308330795],[76.7764250390603,32.981890994942304],[76.77019915485292,32.98412786505343],[76.7664461395414,32.989083989906625],[76.76706402713451,32.99910422403053],[76.77209456146757,33.002111293498245],[76.77412722222005,33.01325002140659],[76.77641483466678,33.01702206629807],[76.76661090270676,33.01693942452288],[76.76153319208959,33.0183926457766],[76.76154049426067,33.027495819720976],[76.7598003599366,33.03452820664495],[76.75575599092812,33.03546570821262],[76.7517300193706,33.04257196895628],[76.75128694749235,33.04869456465855],[76.74602390319032,33.055459800175356],[76.73943412659682,33.0773316940992],[76.73630914644248,33.08257161048529],[76.73819703487028,33.09140388040625],[76.73583931990844,33.10382600253102],[76.73965489694992,33.11419175533825],[76.73920172371538,33.119541778532074],[76.74231446065953,33.128583249810326],[76.74631586327351,33.13052840104199],[76.74878592588402,33.13959872736724],[76.74864684345913,33.151352754012514],[76.74304980371107,33.15680137852651],[76.74574921951807,33.16853426784502],[76.74924869813488,33.17573690542604],[76.74695080985656,33.179190544346405]]]},"properties":{"District":"CHAMBA","STATE":"HIMACHAL PRADESH","TEHSIL":"PANGI","Shape_Leng":188893.088214,"Shape_Area":1490172013.4}},
{"type":"Feature","geometry":{"type":"Polygon","coordinates":[[[75.95268238142772,32.87460144435026],[75.94881641032201,32.87300043358889],[75.94105751117417,32.878279676986224],[75.92827338711314,32.88979153898386],[75.92223988910112,32.89871172948681],[75.91982224970953,32.905159745679676],[75.91150213186431,32.90824627713616],[75.90384996710942,32.912792826826966],[75.89913547963947,32.91220778102805],[75.88874519360186,32.91454476656259],[75.88327746465689,32.91867952944507],[75.87679360468354,32.919482325096546],[75.87300361773518,32.92384650979712],[75.86707533760118,32.92276433020898],[75.8593343831944,32.925396540696084],[75.85184510989902,32.9249310506493],[75.84518843627647,32.92845979908524],[75.83708957687084,32.92777231697298],[75.8326381723894,32.92402894843637],[75.83072661185598,32.91946126156624],[75.82316282560127,32.91034677509072],[75.81895279322367,32.90752722226827],[75.81714617066959,32.89936607699673],[75.81259188866017,32.89311069615555],[75.79625281264863,32.88425588374585],[75.80557689868743,32.8773408321305],[75.80946697066793,32.8693088558985],[75.81041819855953,32.86158176756162],[75.81692649820408,32.85878511963617],[75.81992153152625,32.85284881476842],[75.82636482361922,32.85001106494214],[75.82997740376484,32.84618468695398],[75.83988602894043,32.843514261325474],[75.84242481488023,32.838267011735994],[75.85036146800984,32.836073112814255],[75.86563123612866,32.82029980281364],[75.8650393701824,32.81338367043907],[75.87856309184599,32.81166171791521],[75.8842052542904,32.80193203704145],[75.8858003143111,32.793243941620055],[75.88544140680663,32.782878801653],[75.89204778979028,32.77683202437569],[75.89665821918457,32.77461765302094],[75.89918064734886,32.76789040516026],[75.90478278014228,32.76477822839897],[75.92174749968082,32.74717339736419],[75.92291923537746,32.74331808515107],[75.91862070798763,32.7352763430008],[75.91876128322188,32.728256452200654],[75.91443669700212,32.722422895343726],[75.90726744973112,32.71635731587341],[75.90461419215174,32.70853557008367],[75.89737570713272,32.69753684511343],[75.9003699081849,32.69278791160233],[75.89731843462434,32.68592642937361],[75.89753817035522,32.66978099604907],[75.89336372597202,32.66686012390684],[75.89218320025489,32.65880193519941],[75.88620013789755,32.653157761884174],[75.88677441233993,32.650401212849935],[75.89311390613496,32.64861415182379],[75.90284340538713,32.65742171265337],[75.91088970531007,32.656163138223384],[75.91553708124705,32.65152648787017],[75.91406129467002,32.644705370831716],[75.92340991433169,32.642744471024606],[75.93258753068288,32.647131706358294],[75.93381147256831,32.64264980480823],[75.92881341281274,32.63717098628183],[75.9186275060968,32.63310760186936],[75.916160985472,32.62861622368456],[75.91840445001185,32.62092417005081],[75.9158383238066,32.61407923848864],[75.92705224594465,32.61633268440781],[75.93060662863795,32.613293789657206],[75.93051274864351,32.607829412061555],[75.93280559125827,32.6046643757017],[75.93747548912502,32.604520433347396],[75.93944567113942,32.600960463955154],[75.93533110478685,32.59740872156573],[75.93703328760827,32.59326951315315],[75.94338731153177,32.593565367227306],[75.94533021437803,32.58562424445025],[75.94992947052172,32.582875978413654],[75.95154153730991,32.58923497521279],[75.95738350818526,32.591489325472544],[75.96545463698457,32.59031566917425],[75.98116344890843,32.60153125768324],[75.98894693951169,32.596663507371154],[75.99648139655679,32.60021743039538],[76.00292939284441,32.60393545227518],[76.00309677305631,32.607446829796444],[76.0074168218143,32.60999169759365],[76.00781623150057,32.61894585625195],[76.02011688614844,32.62594374716913],[76.02123718890914,32.63474445224574],[76.01883146834813,32.63955276813985],[76.01442459243812,32.64302657227242],[76.02437445651367,32.653136363578334],[76.03204610805683,32.65809682956883],[76.03216138671387,32.66264559693395],[76.04914888283474,32.674740881713625],[76.05056517265642,32.68034871216896],[76.05994185343324,32.68278205608154],[76.06406643769128,32.69275067909327],[76.06951515967314,32.69447452577245],[76.07667907458931,32.701026818182235],[76.08670941801469,32.7150623070985],[76.09174355391859,32.718104952030075],[76.09303443247897,32.72147361293377],[76.09819456648545,32.72389851733259],[76.1066057841696,32.73639397432646],[76.117858362373,32.74455491555955],[76.12989432143249,32.74812585691849],[76.13890197454158,32.75446821448055],[76.14277641799383,32.759122507549435],[76.14476338746604,32.76920383741573],[76.13996315034788,32.77453881768063],[76.13181947373909,32.77688685459405],[76.12996982446668,32.773984671399816],[76.11466413957625,32.76091154179259],[76.11043254128428,32.76519720715623],[76.10833957447849,32.774340432825234],[76.1037575761276,32.78771543442937],[76.10408130881586,32.79295109056917],[76.11168751948976,32.794527415957724],[76.10951226764008,32.80032222545797],[76.09855109836488,32.80083400114734],[76.09427647883253,32.7998443406802],[76.08529917225353,32.79360282245217],[76.07720222109991,32.792148364342225],[76.07139318746269,32.79312065916797],[76.06387002662417,32.79987140333443],[76.04532836528084,32.804326468329045],[76.03782942554764,32.801672933847044],[76.0283875260119,32.80435801078431],[76.02037416174933,32.803198238427576],[76.01152256754665,32.80709933226785],[76.00860092063866,32.811520382799856],[76.00160340655594,32.81762076233683],[76.00026530967361,32.82692896359348],[75.9882463526573,32.836262487761026],[75.97657743220962,32.840977284424355],[75.97392728729196,32.84774523721073],[75.96846186886931,32.855635725397846],[75.96033335011626,32.86053038645536],[75.95268238142772,32.87460144435026]]]},"properties":{"District":"CHAMBA","STATE":"HIMACHAL PRADESH","TEHSIL":"SALUNI","Shape_Leng":135853.869052,"Shape_Area":494126681.774}},
{"type":"Feature","geometry":{"type":"Polygon","coordinates":[[[76.22164941311758,32.39417701864131],[76.20330359422975,32.405825461761836],[76.19487519417868,32.41032100780498],[76.18460121399782,32.40862057772043],[76.17837054049376,32.41642857813107],[76.16214386099875,32.42295500226918],[76.15486087026284,32.42260264344286],[76.15146169713566,32.41935467813276],[76.14616200146901,32.42028287146325],[76.14341353947718,32.41621124395255],[76.1359407675832,32.41060503148284],[76.12992663277274,32.40801264353314],[76.12773970897769,32.40240562059011],[76.12969834261276,32.39822924533947],[76.12555295644655,32.39362010578327],[76.12537073261713,32.38731695089571],[76.1221371642209,32.3787709122761],[76.11785645130593,32.37490376591677],[76.10988651388442,32.373831828467736],[76.09581355750304,32.376961604422185],[76.08834390088923,32.38360759931414],[76.07203958813614,32.37687431549826],[76.06939384387975,32.38391889854918],[76.06361131274055,32.38136401421296],[76.05409299797387,32.38085631218262],[76.04686880428322,32.38190865176613],[76.04065857871565,32.379437806661144],[76.0336955287919,32.38201917334106],[76.02360522804051,32.38038412617462],[76.01898385671741,32.38159680829275],[76.00813162390537,32.391796297497166],[76.00407890878735,32.39293860670881],[76.00285584475215,32.39802815807395],[75.99856818518784,32.396436181260015],[75.99476265185876,32.390689347178224],[75.99016838562707,32.389145608540844],[75.98830087314688,32.38119966343931],[75.9995986679602,32.363764942274564],[76.00213492178003,32.35873084521561],[76.00964667558397,32.349475309545454],[76.01349773638263,32.348504483696416],[76.01866802343433,32.34143024947948],[76.02225723716883,32.33266627081392],[76.01869946821485,32.32916247260747],[76.01694904256027,32.31814334225616],[76.02486517741121,32.31925523289084],[76.02210972100285,32.31178563320497],[76.02215051506754,32.30601038606359],[76.01679504882448,32.295517822461846],[76.01634134565913,32.29082975680382],[76.01930235265183,32.284522596567236],[76.026671145485,32.27993571636592],[76.03118318486233,32.275407555781555],[76.02812606937465,32.27241292297984],[76.0313280881967,32.268762872410754],[76.04406753255167,32.26855334331108],[76.04510501993249,32.264246342963794],[76.05326824551004,32.26617884562418],[76.06300489267488,32.26479505934985],[76.06964242719522,32.26787538716938],[76.0800909865339,32.270354011996346],[76.0922208556688,32.270544973132985],[76.10068166702574,32.26235448461673],[76.1051620014312,32.260055273660896],[76.11357337807448,32.26001534014723],[76.12398809736099,32.25582713765002],[76.12268671853079,32.25099385755544],[76.1255247406873,32.24774463667161],[76.12342514743416,32.243162700142996],[76.12606746856991,32.23872188409459],[76.12347038753047,32.23070540968557],[76.12727875347663,32.22966318329491],[76.13697216283721,32.22951322621051],[76.1387080464085,32.22713092733324],[76.14818930934786,32.224438688390876],[76.16365266331432,32.234636370833236],[76.17005233701967,32.235447271179844],[76.17136009200762,32.231650434621564],[76.17043142969594,32.22349697775093],[76.1773095944845,32.22475722698773],[76.1855162287995,32.22818965476664],[76.18154611820752,32.23459669036361],[76.18123990306866,32.2475461026738],[76.18493542217952,32.252789132706035],[76.18416925734537,32.258602120126525],[76.18907261699883,32.26791653739959],[76.1863120570767,32.272073138629466],[76.17579093406763,32.28102527651864],[76.16758318568655,32.28452784496622],[76.16967712728443,32.28976791754624],[76.16265723617931,32.29780180431331],[76.16415907627145,32.30395070371887],[76.16354444007222,32.30989054566609],[76.16085987555813,32.31435358524043],[76.1616590320054,32.31806671119184],[76.16785835103681,32.32256006727221],[76.17164059062321,32.33420700093005],[76.17550099398838,32.340159571307595],[76.17261940233608,32.34311476746356],[76.17144638709962,32.34939037584066],[76.16747762286045,32.35420820999419],[76.17559730601243,32.3559535314556],[76.1842832773212,32.36085978206232],[76.19234223843705,32.36731105074607],[76.19852287881672,32.367921257824946],[76.20390438021423,32.37409226450673],[76.21253615209986,32.378626378711814],[76.21752556487137,32.385043140327355],[76.21784373085299,32.38889827408552],[76.22164941311758,32.39417701864131]]]},"properties":{"District":"CHAMBA","STATE":"HIMACHAL PRADESH","TEHSIL":"SIHUNTA","Shape_Leng":96037.9245929,"Shape_Area":244516703.247}},
{"type":"Feature","geometry":{"type":"Polygon","coordinates":[[[76.6299854844958,31.84712735708173],[76.6182977933977,31.846815424062093],[76.61072313099666,31.842519232490204],[76.60854025260932,31.83332757576431],[76.60962681881684,31.827392497610298],[76.6056922978951,31.825435371649338],[76.59808028958787,31.825834151744615],[76.59707879678042,31.83043311436468],[76.58207070661621,31.843071932366964],[76.57749130815299,31.84395183587989],[76.58381057500017,31.825563490433783],[76.57674282813706,31.82131137386738],[76.56742872022376,31.819892727986524],[76.56293865494507,31.81621905487887],[76.57034243852884,31.811034722375705],[76.57852136869415,31.8085949709397],[76.57732066314566,31.793826984479878],[76.57439126239301,31.789540554093325],[76.57734174652865,31.76879848991607],[76.5791415368092,31.763798939350753],[76.58928021764638,31.760179301135718],[76.59341968822031,31.757179584129453],[76.5959393823065,31.752400016283584],[76.59263984709204,31.747240460502844],[76.60509579641786,31.7463708895134],[76.60199864484764,31.741191032490338],[76.59466963198639,31.737841300112894],[76.58638073555089,31.736081422736593],[76.58495093757973,31.73356163974308],[76.57602214231379,31.72908199823024],[76.57359244815387,31.731631765784947],[76.56359377147463,31.73115176638075],[76.55955432219838,31.7278520409198],[76.55555851315032,31.73001220840983],[76.55638732023941,31.72179772516054],[76.55395891485198,31.712060128173157],[76.55078884171128,31.705844044177354],[76.55717412428268,31.705151095133406],[76.56483139082057,31.695151926598857],[76.57268238669282,31.693487720468468],[76.57272356950936,31.684240170661653],[76.58307640322154,31.690771008746452],[76.58414797413985,31.694157811080405],[76.58954272892541,31.69395141303977],[76.58861410017782,31.688208352391733],[76.59240124743418,31.684986651435736],[76.59575066083377,31.6918292852166],[76.6125753388133,31.69621290499279],[76.61682065917037,31.693202300615855],[76.61743826976591,31.689623472517997],[76.61973306941015,31.68652972157925],[76.6124654966653,31.68408283689404],[76.6090320652473,31.676269210084314],[76.61839048358898,31.675406882691647],[76.620816610992,31.6700071928874],[76.62517866081214,31.674206217407665],[76.62097473688426,31.678277909263386],[76.62534140541139,31.681892921830908],[76.63093973299125,31.682409410081686],[76.63775229755653,31.686227121022046],[76.64118889240339,31.682528329422556],[76.64801874197076,31.690384513236662],[76.65916497708255,31.68884775376633],[76.66104356021997,31.692161145645553],[76.66981958435031,31.701064448162427],[76.67348809810306,31.711409682940793],[76.67586905735402,31.71212391029827],[76.67122893502743,31.722115958932932],[76.67452912892762,31.73060226989688],[76.67220940857659,31.735261848205717],[76.65433293840245,31.741491668514037],[76.64965867136767,31.741374784230192],[76.64029356634225,31.745140841488574],[76.63357440905104,31.752880129025534],[76.63490397864473,31.757705976055956],[76.63324147172379,31.767171468873343],[76.62722790129631,31.77403978723762],[76.62687512771407,31.78223750459115],[76.6221471524299,31.786466180367903],[76.6232472718004,31.791190180987652],[76.6203913378638,31.798346652485087],[76.62397539766975,31.802575690722115],[76.62354542151907,31.80816519393744],[76.62749486826588,31.813914702521032],[76.63069439267652,31.823237724280446],[76.62798470919422,31.830493235286013],[76.62771468720715,31.84095230725514],[76.6299854844958,31.84712735708173]]]},"properties":{"District":"HAMIRPUR","STATE":"HIMACHAL PRADESH","TEHSIL":"BAMSAN","Shape_Leng":77616.3671139,"Shape_Area":106557212.95}},
{"type":"Feature","geometry":{"type":"Polygon","coordinates":[[[76.60055846602882,31.558780225642334],[76.59569044989935,31.566826415015736],[76.59395064421282,31.5731058532847],[76.58787139338502,31.582385009931173],[76.58301201378977,31.586074666123686],[76.58355190476627,31.592764075892138],[76.57799262221086,31.595713792862185],[76.56841380473163,31.610272469047626],[76.58082217414601,31.609262608761526],[76.58319184599812,31.61210236778377],[76.57831245215229,31.618831753605622],[76.56803380453975,31.619321668390473],[76.56119469154925,31.62187141521703],[76.55762514553493,31.625021122776662],[76.55556537638907,31.63228047323501],[76.5520758291591,31.63385032086401],[76.53608784879596,31.650028826938595],[76.53161843085897,31.65139868804416],[76.53131851233158,31.64378935866862],[76.5377576984871,31.637169969550225],[76.53526804634522,31.633700265519483],[76.52699915403997,31.63065050255625],[76.52875897560645,31.620841375597006],[76.52076005436926,31.616671711269973],[76.5128610768562,31.619791405002946],[76.5065119320195,31.616701652057774],[76.50532213022463,31.60891233482629],[76.4983630487206,31.608882310472136],[76.49695033864845,31.60652251612825],[76.49754266175303,31.600480422774528],[76.49454766598163,31.595209352796108],[76.48993428757353,31.59213143477026],[76.48399169465536,31.595233439792583],[76.47951401763544,31.589648849938694],[76.47129259114288,31.583825067212466],[76.46474318236012,31.58597773688777],[76.45683305143939,31.58247093180871],[76.46211649192149,31.578976542646735],[76.45476632125515,31.575784036224945],[76.44862554442805,31.578247653289434],[76.44231494906018,31.576962407944112],[76.43913012045202,31.58724485020511],[76.42460045548732,31.59852405693775],[76.42400031372489,31.603274516033483],[76.42067942168255,31.608771527296298],[76.42012571763675,31.6134775598922],[76.41533165882824,31.617969513123775],[76.41023590744453,31.61685632381624],[76.40491803850135,31.61922427815993],[76.39563140639062,31.614094894462156],[76.40091590276845,31.608121995470004],[76.40120588841052,31.603592395529738],[76.40436548736952,31.60055267688758],[76.40638525697452,31.59375328588438],[76.4148542074442,31.581094435954846],[76.41911369587564,31.57173527875217],[76.41972364984112,31.56530584981282],[76.42776263299429,31.557136600037673],[76.4318121660731,31.544737711125933],[76.43923124906325,31.53352872904034],[76.43612168915821,31.527609238522324],[76.44106111349214,31.513710483363386],[76.44487063503702,31.50926089149393],[76.45481940882377,31.493562314047015],[76.46320833503721,31.48771286309005],[76.46237845518625,31.48565304211359],[76.4634683229019,31.483633223945162],[76.47540681087152,31.472504251364196],[76.4809560994056,31.469014582468404],[76.48684531490925,31.470694456562864],[76.49065482499634,31.468654651852365],[76.4988337503243,31.467984742500466],[76.51019229640718,31.46029546670477],[76.5130519175672,31.460815431572314],[76.5158414996861,31.469994634394578],[76.52206071606429,31.463515229230065],[76.53092954748843,31.46348526797351],[76.53956841307084,31.463335316324976],[76.5331834376347,31.482464011607597],[76.52984661027035,31.48695212066384],[76.53084096234637,31.49756796524599],[76.5352251800646,31.501688401747213],[76.52232686015601,31.506100372089293],[76.53080097046218,31.512136158171614],[76.52959776481194,31.518028884441897],[76.52303157132175,31.51531779101832],[76.51917138648473,31.510519955946627],[76.51315612424649,31.516890791226466],[76.51962064638612,31.516929849908884],[76.52111232612636,31.52285190703601],[76.51732080637832,31.529061455240914],[76.52087959984382,31.530645667965786],[76.52333651690566,31.53563431771813],[76.52270168242106,31.546122453284777],[76.52397753911214,31.548277662802885],[76.51853206076227,31.55578497841363],[76.51040905748641,31.553017889056786],[76.51484958824582,31.56405164050712],[76.50981411759845,31.568062411516518],[76.51756086452555,31.576772788621668],[76.52440649324217,31.57604247894137],[76.52971696022217,31.572758310586092],[76.53594198402043,31.572723069724724],[76.5446077335018,31.568984303815203],[76.54900320552692,31.562756682600828],[76.55994776907157,31.562871854698884],[76.55993792174796,31.567850520560793],[76.56531960477665,31.57065237183136],[76.57681424405251,31.574087583898333],[76.58047700156212,31.57142486346509],[76.58657347730491,31.570561437255176],[76.60055846602882,31.558780225642334]]]},"properties":{"District":"HAMIRPUR","STATE":"HIMACHAL PRADESH","TEHSIL":"BARSAR","Shape_Leng":108778.999684,"Shape_Area":154266333.331}},
{"type":"Feature","geometry":{"type":"Polygon","coordinates":[[[76.72149691150605,31.6028602856037],[76.71757260655318,31.61469528614391],[76.71594431766499,31.61636692646946],[76.71465167472294,31.63032311115663],[76.71628504418926,31.637830398247605],[76.72053159100469,31.645572957777226],[76.72302430707337,31.654575282300723],[76.72521430105321,31.657416312160368],[76.72446115752317,31.664417499142097],[76.72230120667223,31.667370721051704],[76.71272733445345,31.670088652951012],[76.70867928230092,31.67287419217597],[76.69713466846683,31.6741769777821],[76.6910761323539,31.68372273469306],[76.68699126481555,31.686858954405245],[76.68989377605234,31.692081231870887],[76.69033683181704,31.69781643471371],[76.68569576774195,31.69897186606368],[76.68737992214174,31.70554314831771],[76.67880866747177,31.712303906332696],[76.67586905735402,31.71212391029827],[76.67348809810306,31.711409682940793],[76.66981958435031,31.701064448162427],[76.66104356021997,31.692161145645553],[76.65916497708255,31.68884775376633],[76.64801874197076,31.690384513236662],[76.64118889240339,31.682528329422556],[76.63775229755653,31.686227121022046],[76.63093973299125,31.682409410081686],[76.62534140541139,31.681892921830908],[76.62097473688426,31.678277909263386],[76.62517866081214,31.674206217407665],[76.620816610992,31.6700071928874],[76.61839048358898,31.675406882691647],[76.6090320652473,31.676269210084314],[76.6124654966653,31.68408283689404],[76.61973306941015,31.68652972157925],[76.61743826976591,31.689623472517997],[76.61104772638363,31.691895430589955],[76.60827811841196,31.687165837553085],[76.59673968079507,31.68005641862546],[76.5924902822446,31.672737047960734],[76.60510869030765,31.659658255315705],[76.59618991936273,31.650309044896115],[76.59417028564164,31.632500610132563],[76.59687994898144,31.628770950280913],[76.60130936913075,31.627801054074162],[76.59902970182063,31.622221537846233],[76.59212062404069,31.620131692962392],[76.59217065614563,31.613342293944772],[76.59500030758727,31.608662719299318],[76.59272064858511,31.601583334576826],[76.59421050862616,31.591274250559376],[76.59970980308792,31.58779458091751],[76.60416919828121,31.59097431824379],[76.60995845835936,31.586784711665292],[76.61615764032017,31.586754740773788],[76.62181691631241,31.58306508782225],[76.61986721935054,31.574705818579197],[76.62767617505747,31.577485605960526],[76.62930598129392,31.5735559592861],[76.63337544343739,31.57395593939487],[76.63882467633552,31.582595200753822],[76.6448338880533,31.582015275906272],[76.64704358403921,31.58414509784133],[76.65265285491962,31.582555260365048],[76.65560249840956,31.57678578232971],[76.66171168954038,31.5775357415812],[76.66382139529192,31.580415496026397],[76.67608975347919,31.58445519068795],[76.68054917639115,31.58275535881458],[76.68125903791912,31.590734657327374],[76.70467592337481,31.59561432403272],[76.7128348540293,31.594514455824246],[76.72061386796355,31.587455111443106],[76.72933212662686,31.582329227358247],[76.7281686013954,31.589713962319284],[76.72149691150605,31.6028602856037]]]},"properties":{"District":"HAMIRPUR","STATE":"HIMACHAL PRADESH","TEHSIL":"BHORANJ","Shape_Leng":68927.611411,"Shape_Area":129046845.173}},
{"type":"Feature","geometry":{"type":"Polygon","coordinates":[[[76.60055846602882,31.558780225642334],[76.58657347730491,31.570561437255176],[76.58047700156212,31.57142486346509],[76.57681424405251,31.574087583898333],[76.56531960477665,31.57065237183136],[76.55993792174796,31.567850520560793],[76.55994776907157,31.562871854698884],[76.54900320552692,31.562756682600828],[76.5446077335018,31.568984303815203],[76.53594198402043,31.572723069724724],[76.52971696022217,31.572758310586092],[76.52440649324217,31.57604247894137],[76.51756086452555,31.576772788621668],[76.50981411759845,31.568062411516518],[76.51484958824582,31.56405164050712],[76.51040905748641,31.553017889056786],[76.51853206076227,31.55578497841363],[76.52397753911214,31.548277662802885],[76.52270168242106,31.546122453284777],[76.52333651690566,31.53563431771813],[76.52087959984382,31.530645667965786],[76.51732080637832,31.529061455240914],[76.52111232612636,31.52285190703601],[76.51962064638612,31.516929849908884],[76.51315612424649,31.516890791226466],[76.51917138648473,31.510519955946627],[76.52303157132175,31.51531779101832],[76.52959776481194,31.518028884441897],[76.53080097046218,31.512136158171614],[76.52232686015601,31.506100372089293],[76.5352251800646,31.501688401747213],[76.53084096234637,31.49756796524599],[76.52984661027035,31.48695212066384],[76.5331834376347,31.482464011607597],[76.53956841307084,31.463335316324976],[76.53092954748843,31.46348526797351],[76.53551900985237,31.4517163238976],[76.54397791260371,31.448736618932518],[76.54570770001617,31.445716892397478],[76.55656630386946,31.439747462704318],[76.55742622756637,31.433188043449356],[76.56247558773241,31.428568470754097],[76.57300418595298,31.431338268561078],[76.57987333711742,31.42135917680775],[76.5831929069309,31.420389275475785],[76.59063191212805,31.423219055898468],[76.59803095742785,31.419789388527715],[76.607419714749,31.420809337467983],[76.6099994053887,31.415689797548293],[76.61425884156002,31.416199770473668],[76.61720842425886,31.421509313582174],[76.61216904107899,31.430028544322933],[76.61582852499107,31.43592803921465],[76.62229766928822,31.436857983498452],[76.62568719924262,31.441107625067506],[76.62366742033548,31.4490669151427],[76.61675829219467,31.455766295008143],[76.60765937949719,31.47584448905535],[76.60747936249327,31.483153843849305],[76.61129880874896,31.49237304658357],[76.6118486529063,31.507211740211726],[76.61753786097592,31.51485108974769],[76.61698786755645,31.526840030624513],[76.6135682744621,31.53457933380142],[76.61613792101878,31.537179114054368],[76.61470806680303,31.54474844092809],[76.60402945128634,31.54887803287793],[76.60349948448909,31.555347459790347],[76.60055846602882,31.558780225642334]]]},"properties":{"District":"HAMIRPUR","STATE":"HIMACHAL PRADESH","TEHSIL":"DHATWAL","Shape_Leng":70189.1721546,"Shape_Area":122072796.613}},
{"type":"Feature","geometry":{"type":"Polygon","coordinates":[[[76.45303890279047,31.67124088189389],[76.44925397866095,31.672151926279113],[76.44059148454626,31.663581869711585],[76.43270760660444,31.662060657737747],[76.42693419393994,31.66894335054647],[76.42465398774092,31.66733106832219],[76.41819161362207,31.670883723230205],[76.40646911425391,31.673065796147903],[76.39760392867933,31.67694458319802],[76.38913478136485,31.67259084964165],[76.38253993549979,31.671227168055776],[76.38133879211361,31.666615095900518],[76.38664575338701,31.665167213299505],[76.3960262181508,31.667491799351396],[76.40826495364962,31.664482908618556],[76.40930705658589,31.65301493577002],[76.40353219676048,31.653260047368192],[76.39800517745037,31.6507896994315],[76.39471742828964,31.64416100884569],[76.38305204198653,31.64128912967653],[76.38389780693652,31.636600552659708],[76.38027069502364,31.631082471839022],[76.38462795029169,31.627090256668797],[76.38782752627816,31.62730025038356],[76.39563140639062,31.614094894462156],[76.40491803850135,31.61922427815993],[76.41023590744453,31.61685632381624],[76.41533165882824,31.617969513123775],[76.42012571763675,31.6134775598922],[76.42067942168255,31.608771527296298],[76.42400031372489,31.603274516033483],[76.42460045548732,31.59852405693775],[76.43913012045202,31.58724485020511],[76.44231494906018,31.576962407944112],[76.44862554442805,31.578247653289434],[76.45476632125515,31.575784036224945],[76.46211649192149,31.578976542646735],[76.45683305143939,31.58247093180871],[76.46474318236012,31.58597773688777],[76.47129259114288,31.583825067212466],[76.47951401763544,31.589648849938694],[76.48399169465536,31.595233439792583],[76.48993428757353,31.59213143477026],[76.49454766598163,31.595209352796108],[76.49754266175303,31.600480422774528],[76.49695033864845,31.60652251612825],[76.4927043282912,31.614276514133163],[76.48917825314601,31.615343558514517],[76.49013116106623,31.621598992383834],[76.48668372421596,31.631348789913144],[76.47847977929854,31.640787251094174],[76.47136948861228,31.645260247655138],[76.47413824181604,31.653454531449245],[76.46644963688613,31.662953300470537],[76.45990429260301,31.666594066899062],[76.46008381892933,31.668977689860856],[76.45303890279047,31.67124088189389]]]},"properties":{"District":"HAMIRPUR","STATE":"HIMACHAL PRADESH","TEHSIL":"GALORE","Shape_Leng":53842.0643581,"Shape_Area":68232575.6151}},
{"type":"Feature","geometry":{"type":"Polygon","coordinates":[[[76.55555851315032,31.73001220840983],[76.55333512608046,31.731041733766514],[76.55050545699353,31.73890102729978],[76.53496750049777,31.74011085812144],[76.53372765134348,31.74292060415045],[76.52487880885315,31.744760405484264],[76.5220491550123,31.749559969413024],[76.52237908801393,31.753999578419112],[76.50689113153199,31.754259493033793],[76.50659119834421,31.749259932615864],[76.50015206606327,31.745960200510755],[76.49480280521377,31.740080699430433],[76.48708379099824,31.746200127948985],[76.47811498181726,31.744860210336515],[76.47031599220861,31.748459860392384],[76.46264702499883,31.744790155986767],[76.46068731017297,31.739860583707962],[76.46639660653413,31.7305814274013],[76.46347702084302,31.725261886311724],[76.46873635809598,31.719522415005912],[76.46943629718085,31.713572943893773],[76.47307585822524,31.706043624539774],[76.47118612818839,31.702303946770936],[76.45605813906566,31.699634123909757],[76.46334719230566,31.69661442027831],[76.46318723053173,31.693174722711323],[76.45770797329017,31.689844995416074],[76.45058896032961,31.68091575782163],[76.44956912029667,31.676226167893788],[76.45303890279047,31.67124088189389],[76.46008381892933,31.668977689860856],[76.45990429260301,31.666594066899062],[76.46644963688613,31.662953300470537],[76.47413824181604,31.653454531449245],[76.47136948861228,31.645260247655138],[76.47847977929854,31.640787251094174],[76.48668372421596,31.631348789913144],[76.49013116106623,31.621598992383834],[76.48917825314601,31.615343558514517],[76.4927043282912,31.614276514133163],[76.49695033864845,31.60652251612825],[76.4983630487206,31.608882310472136],[76.50532213022463,31.60891233482629],[76.5065119320195,31.616701652057774],[76.5128610768562,31.619791405002946],[76.52076005436926,31.616671711269973],[76.52875897560645,31.620841375597006],[76.52699915403997,31.63065050255625],[76.53526804634522,31.633700265519483],[76.5377576984871,31.637169969550225],[76.53131851233158,31.64378935866862],[76.53161843085897,31.65139868804416],[76.53608784879596,31.650028826938595],[76.5520758291591,31.63385032086401],[76.55556537638907,31.63228047323501],[76.55762514553493,31.625021122776662],[76.56119469154925,31.62187141521703],[76.56803380453975,31.619321668390473],[76.57831245215229,31.618831753605622],[76.58319184599812,31.61210236778377],[76.58082217414601,31.609262608761526],[76.56841380473163,31.610272469047626],[76.57799262221086,31.595713792862185],[76.58355190476627,31.592764075892138],[76.58301201378977,31.586074666123686],[76.58787139338502,31.582385009931173],[76.59395064421282,31.5731058532847],[76.59569044989935,31.566826415015736],[76.60055846602882,31.558780225642334],[76.60349948448909,31.555347459790347],[76.60402945128634,31.54887803287793],[76.61470806680303,31.54474844092809],[76.61699771649236,31.55339768755587],[76.61531787487182,31.56478667566689],[76.61833746342127,31.5671164824468],[76.61986721935054,31.574705818579197],[76.62181691631241,31.58306508782225],[76.61615764032017,31.586754740773788],[76.60995845835936,31.586784711665292],[76.60416919828121,31.59097431824379],[76.59970980308792,31.58779458091751],[76.59421050862616,31.591274250559376],[76.59272064858511,31.601583334576826],[76.59500030758727,31.608662719299318],[76.59217065614563,31.613342293944772],[76.59212062404069,31.620131692962392],[76.59902970182063,31.622221537846233],[76.60130936913075,31.627801054074162],[76.59687994898144,31.628770950280913],[76.59417028564164,31.632500610132563],[76.59618991936273,31.650309044896115],[76.60510869030765,31.659658255315705],[76.5924902822446,31.672737047960734],[76.59673968079507,31.68005641862546],[76.60827811841196,31.687165837553085],[76.61104772638363,31.691895430589955],[76.61743826976591,31.689623472517997],[76.61682065917037,31.693202300615855],[76.6125753388133,31.69621290499279],[76.59575066083377,31.6918292852166],[76.59240124743418,31.684986651435736],[76.58861410017782,31.688208352391733],[76.58954272892541,31.69395141303977],[76.58414797413985,31.694157811080405],[76.58307640322154,31.690771008746452],[76.57272356950936,31.684240170661653],[76.57268238669282,31.693487720468468],[76.56483139082057,31.695151926598857],[76.55717412428268,31.705151095133406],[76.55078884171128,31.705844044177354],[76.55395891485198,31.712060128173157],[76.55638732023941,31.72179772516054],[76.55555851315032,31.73001220840983]]]},"properties":{"District":"HAMIRPUR","STATE":"HIMACHAL PRADESH","TEHSIL":"HAMIRPUR","Shape_Leng":105975.502316,"Shape_Area":156364783.551}},
{"type":"Feature","geometry":{"type":"Polygon","coordinates":[[[76.44770868945201,31.80186504361344],[76.44164948633491,31.80280493767224],[76.43327064426896,31.79315576019903],[76.42443180408077,31.794905570274576],[76.41590115994765,31.79489583514419],[76.41098360210123,31.79090587091728],[76.41417320897173,31.785456366078968],[76.41234770154426,31.782812949143242],[76.41045371193934,31.783426532093024],[76.40150278192729,31.794125649727018],[76.39556483302987,31.794661245538112],[76.38486639989885,31.78213774135939],[76.37719795987809,31.77552612245546],[76.36821754331385,31.77260504261852],[76.36285004049238,31.77571702887045],[76.36509971701791,31.780736593884217],[76.3615401748674,31.783186363548804],[76.35777753989066,31.790053579629046],[76.35482101601387,31.792035553343222],[76.3487518222298,31.791125610754293],[76.3343137763358,31.7821563500898],[76.32669480261647,31.77861663424179],[76.30505688577982,31.776510521815055],[76.30024563109735,31.7803417516312],[76.30151536873053,31.776450550758835],[76.30746755901369,31.77288737484611],[76.30992801722108,31.767423997903876],[76.30534103801675,31.76391802606367],[76.30539030504809,31.756595406914542],[76.30932828391619,31.749267337394574],[76.31035405997929,31.742470461376993],[76.31899603719614,31.73135023052264],[76.31692747797346,31.72692038449252],[76.31137746283866,31.724502694014646],[76.32089594856954,31.705183110756238],[76.32824502586432,31.69651390507066],[76.33353437901215,31.686504809643107],[76.33985356992072,31.68178525066661],[76.35152212472234,31.663596903926386],[76.3523920325755,31.65922729342762],[76.3586812341479,31.653397833276326],[76.36545040389083,31.641488910619145],[76.37318940642768,31.63685934917072],[76.38027069502364,31.631082471839022],[76.38389780693652,31.636600552659708],[76.38305204198653,31.64128912967653],[76.39471742828964,31.64416100884569],[76.39800517745037,31.6507896994315],[76.40353219676048,31.653260047368192],[76.40930705658589,31.65301493577002],[76.40826495364962,31.664482908618556],[76.3960262181508,31.667491799351396],[76.38664575338701,31.665167213299505],[76.38133879211361,31.666615095900518],[76.38253993549979,31.671227168055776],[76.38913478136485,31.67259084964165],[76.39760392867933,31.67694458319802],[76.40646911425391,31.673065796147903],[76.41819161362207,31.670883723230205],[76.42465398774092,31.66733106832219],[76.42693419393994,31.66894335054647],[76.43270760660444,31.662060657737747],[76.44059148454626,31.663581869711585],[76.44925397866095,31.672151926279113],[76.45303890279047,31.67124088189389],[76.44956912029667,31.676226167893788],[76.45058896032961,31.68091575782163],[76.45770797329017,31.689844995416074],[76.46318723053173,31.693174722711323],[76.46334719230566,31.69661442027831],[76.45605813906566,31.699634123909757],[76.47118612818839,31.702303946770936],[76.47307585822524,31.706043624539774],[76.46943629718085,31.713572943893773],[76.46873635809598,31.719522415005912],[76.46347702084302,31.725261886311724],[76.46639660653413,31.7305814274013],[76.46068731017297,31.739860583707962],[76.46264702499883,31.744790155986767],[76.47031599220861,31.748459860392384],[76.47811498181726,31.744860210336515],[76.47558529978441,31.74802991941683],[76.47880485522634,31.751549620176686],[76.47532528958831,31.756169198186573],[76.4738554470385,31.762738611146663],[76.4677662440475,31.76429844891034],[76.46224695000055,31.76851805326021],[76.45620775773581,31.766638196622054],[76.45300820404147,31.762428556889564],[76.44985861278897,31.76361843898272],[76.4491986598261,31.771017781194658],[76.45220822680616,31.777617209306598],[76.4464689597733,31.782176782584227],[76.44963851473416,31.786976370354648],[76.45600765695268,31.790226108020637],[76.44770868945201,31.80186504361344]]]},"properties":{"District":"HAMIRPUR","STATE":"HIMACHAL PRADESH","TEHSIL":"NADAUN","Shape_Leng":87300.5665976,"Shape_Area":187884569.905}},
{"type":"Feature","geometry":{"type":"Polygon","coordinates":[[[76.6391669352709,31.87357948706144],[76.63013179243181,31.876721343892143],[76.62451341714835,31.885890282847896],[76.60138203785101,31.89289925404033],[76.59094835315777,31.89303632030954],[76.580622691116,31.888459349778437],[76.56355298557811,31.887509253324524],[76.55611028983773,31.886357765200984],[76.5461632141288,31.87865776725394],[76.52571885354442,31.859208373040442],[76.52381067173313,31.8559896895382],[76.52422735465454,31.849025425129316],[76.52041128098575,31.843113820273363],[76.51246241698428,31.83982375941351],[76.50125356475364,31.84082282926097],[76.49600796295928,31.835428283993902],[76.48147663579759,31.82980561833428],[76.47832435226464,31.826825701685955],[76.46716863925344,31.82883119368141],[76.46521892162525,31.826207657057235],[76.46715843329652,31.820489193645493],[76.47386624384468,31.816374711857474],[76.47563495321077,31.81049438993132],[76.47003570519915,31.807914596471342],[76.46581625554155,31.80969442172867],[76.46029694554325,31.816973755702218],[76.45476768002702,31.81618380410132],[76.45441775989077,31.809914359219437],[76.46364655988653,31.806464699253095],[76.45709744101504,31.80351493600334],[76.45292798651148,31.804434837131254],[76.44770868945201,31.80186504361344],[76.45600765695268,31.790226108020637],[76.44963851473416,31.786976370354648],[76.4464689597733,31.782176782584227],[76.45220822680616,31.777617209306598],[76.4491986598261,31.771017781194658],[76.44985861278897,31.76361843898272],[76.45300820404147,31.762428556889564],[76.45620775773581,31.766638196622054],[76.46224695000055,31.76851805326021],[76.4677662440475,31.76429844891034],[76.4738554470385,31.762738611146663],[76.47532528958831,31.756169198186573],[76.47880485522634,31.751549620176686],[76.47558529978441,31.74802991941683],[76.47811498181726,31.744860210336515],[76.48708379099824,31.746200127948985],[76.49480280521377,31.740080699430433],[76.50015206606327,31.745960200510755],[76.50659119834421,31.749259932615864],[76.50689113153199,31.754259493033793],[76.52237908801393,31.753999578419112],[76.5220491550123,31.749559969413024],[76.52487880885315,31.744760405484264],[76.53372765134348,31.74292060415045],[76.53496750049777,31.74011085812144],[76.55050545699353,31.73890102729978],[76.55333512608046,31.731041733766514],[76.55555851315032,31.73001220840983],[76.55955432219838,31.7278520409198],[76.56359377147463,31.73115176638075],[76.57359244815387,31.731631765784947],[76.57602214231379,31.72908199823024],[76.58495093757973,31.73356163974308],[76.58638073555089,31.736081422736593],[76.59466963198639,31.737841300112894],[76.60199864484764,31.741191032490338],[76.60509579641786,31.7463708895134],[76.59263984709204,31.747240460502844],[76.5959393823065,31.752400016283584],[76.59341968822031,31.757179584129453],[76.58928021764638,31.760179301135718],[76.5791415368092,31.763798939350753],[76.57734174652865,31.76879848991607],[76.57439126239301,31.789540554093325],[76.57732066314566,31.793826984479878],[76.57852136869415,31.8085949709397],[76.57034243852884,31.811034722375705],[76.56293865494507,31.81621905487887],[76.56742872022376,31.819892727986524],[76.57674282813706,31.82131137386738],[76.58381057500017,31.825563490433783],[76.57749130815299,31.84395183587989],[76.58207070661621,31.843071932366964],[76.59707879678042,31.83043311436468],[76.59808028958787,31.825834151744615],[76.6056922978951,31.825435371649338],[76.60962681881684,31.827392497610298],[76.60854025260932,31.83332757576431],[76.61072313099666,31.842519232490204],[76.6182977933977,31.846815424062093],[76.6299854844958,31.84712735708173],[76.63216408457293,31.848700359292863],[76.63290201026334,31.861174397765595],[76.6391669352709,31.87357948706144]]]},"properties":{"District":"HAMIRPUR","STATE":"HIMACHAL PRADESH","TEHSIL":"TIRA SUJANPUR","Shape_Leng":86185.023756,"Shape_Area":168030440.563}},
{"type":"Feature","geometry":{"type":"Polygon","coordinates":[[[76.73507113671864,32.18612437417027],[76.72120324315227,32.19013662183933],[76.71467296788161,32.19567581994557],[76.70820463575245,32.19911218276602],[76.69457118591394,32.19381768207941],[76.68696255834193,32.18570169906534],[76.68533282845601,32.1822432002108],[76.67852054818385,32.17635697264952],[76.66457367363233,32.176128239076945],[76.65469641484954,32.18382756725845],[76.65216573117975,32.184265726160916],[76.64138392401689,32.17913946588442],[76.63486354249765,32.17227174315979],[76.63033072897133,32.17100055173487],[76.62479070447517,32.16324691054405],[76.62596180852093,32.16075237665505],[76.6227633750005,32.15222994586273],[76.62590898814679,32.14641359984263],[76.61642801735032,32.13358423616195],[76.61899458293452,32.12805492440389],[76.62148080411359,32.114941092081516],[76.62824507575658,32.11005082730027],[76.62787779419442,32.107862789192346],[76.62071119957974,32.10373384255848],[76.61345759892163,32.10154768837757],[76.60808623928916,32.10400659444851],[76.60040000301666,32.10511440669808],[76.59625795434832,32.100150374109084],[76.59640534848855,32.09433873599607],[76.60435895525988,32.08258164842895],[76.6001758866803,32.07382558376117],[76.59517367732514,32.0709059014027],[76.58947417399898,32.07124378368305],[76.58886724127703,32.064847935493326],[76.58536512956081,32.05941218461777],[76.58548066729725,32.05256781353396],[76.58813983595722,32.049911612485865],[76.58486079476107,32.04560385014409],[76.58821866392607,32.03936523491299],[76.58537586250414,32.029990594926154],[76.60680069431098,32.0130865811574],[76.61401245402675,32.01175149277037],[76.61778323297128,32.00767756665636],[76.62194384633521,31.99836521042098],[76.62023373446603,31.993458710394666],[76.61596607976746,31.990361689994977],[76.62159150288073,31.98620311740177],[76.62095855845604,31.979302309388288],[76.62522578038495,31.965440387087575],[76.62475805220491,31.95559554322385],[76.62281128522697,31.950508023936095],[76.61710871914401,31.943186170867243],[76.61621128387183,31.938990004877184],[76.61971852825515,31.927078350776707],[76.62594826069476,31.9254599306755],[76.63073675151314,31.92720996425864],[76.64058339773965,31.92541646097031],[76.65021740388208,31.919617459691462],[76.65229555232987,31.92092178890954],[76.66590064795072,31.917486152810763],[76.66911015795964,31.90699721406628],[76.67417043339371,31.906397837256094],[76.68041181039611,31.90855468870043],[76.68434154013025,31.914155915320105],[76.68498929911037,31.92109708505043],[76.68870887062003,31.92968722102793],[76.69592330515572,31.93377190470588],[76.69436623570896,31.939332455532313],[76.68834098703866,31.94315066619672],[76.68845427905066,31.953485937931905],[76.68451263083662,31.963229489750294],[76.68784959764578,31.966533858918286],[76.68752826147292,31.972319983184377],[76.67970656014609,31.987084294951185],[76.67087989092524,31.99610681141489],[76.66306669411686,32.01158514522537],[76.66342451567108,32.01678882963863],[76.6604872762522,32.02827466838976],[76.66706392061312,32.03632726700401],[76.66963993729266,32.03982855823164],[76.67456665179134,32.040341722180806],[76.67463462372034,32.046555440914865],[76.68659238693631,32.05174387714677],[76.69647259520433,32.04989667083898],[76.69967121049989,32.04637816621998],[76.70468178533186,32.04730519432667],[76.70563243922334,32.03641350546898],[76.71006503665663,32.03581946785406],[76.72029079290115,32.03102661851224],[76.7267301923579,32.03183427439219],[76.73154492705724,32.027114489633945],[76.73586874643976,32.02919316425689],[76.74020102835648,32.035803478101194],[76.74554530017959,32.038510707735206],[76.74758297804946,32.042509791638984],[76.75953458039311,32.051420407172365],[76.76522893670676,32.06067916217196],[76.77158150737486,32.06338719816615],[76.77565160909583,32.067407721062324],[76.76773031716408,32.07664274503379],[76.75620645218976,32.0832276604746],[76.75554160296878,32.087122037995755],[76.74944250689681,32.094173678095956],[76.74928284359203,32.096498297303704],[76.74271139353623,32.102232158538676],[76.745569041684,32.107684108911876],[76.74478521660527,32.117418652559195],[76.74993129201587,32.12246993600796],[76.75103597129018,32.13089778772753],[76.74652944608232,32.13534440688543],[76.74699327219136,32.14495317755567],[76.73807617922434,32.16170176672132],[76.7324672833071,32.167335106549075],[76.73352792903978,32.173484695599505],[76.73637017015453,32.17802538030315],[76.73507113671864,32.18612437417027]]]},"properties":{"District":"KANGRA","STATE":"HIMACHAL PRADESH","TEHSIL":"BAIJNATH","Shape_Leng":107704.115982,"Shape_Area":287303705.114}},
{"type":"Feature","geometry":{"type":"Polygon","coordinates":[[[76.3583061647093,32.02784214160204],[76.34642621500959,32.022167828681454],[76.34592087278615,32.02774291577936],[76.35007192890706,32.03056423583856],[76.35231679643678,32.03727612885674],[76.35094989451694,32.05019637383508],[76.35671298823719,32.052836484353776],[76.35771673507745,32.05845975875616],[76.35576637682705,32.064013887647384],[76.35234061988051,32.06624190232492],[76.34458169973651,32.05971819126359],[76.3388058156234,32.056653635369656],[76.32576224862257,32.05409610527001],[76.3198553908227,32.05668881024389],[76.31078640781098,32.06574346596387],[76.30826204089297,32.07258328002377],[76.30111351706122,32.0689686556308],[76.29442832269329,32.06792604535163],[76.29173455997103,32.0622072131943],[76.29142077200996,32.0520692968096],[76.28694115472692,32.04735042287485],[76.28652204312834,32.042672204645065],[76.27784668791513,32.036414360390836],[76.26783683885539,32.03568516883063],[76.25942678340918,32.028255167246634],[76.2603888852315,32.023138657231335],[76.25345723536928,32.01897683717671],[76.25897253892973,32.01563646248971],[76.25961780874715,32.00910224128391],[76.25685218066258,31.999648763308546],[76.25277503643015,31.996712055076515],[76.25144329958091,31.991279879748582],[76.24536719305783,31.987650324022148],[76.25234694066697,31.979674638928746],[76.24147859616053,31.970885258685755],[76.24813435025585,31.964914328177265],[76.24765356133966,31.961592897897283],[76.25133463337559,31.95315568969368],[76.25613027770412,31.948728967621154],[76.26262797860531,31.935063960672686],[76.2724598708283,31.937514904383374],[76.27821800738931,31.942999074663913],[76.28389770828139,31.943671561684663],[76.30228887461719,31.958581419300934],[76.31716077691439,31.95731849694255],[76.31980713066146,31.959226489521374],[76.32473681205616,31.957047869583636],[76.32843332025406,31.960020929036624],[76.33421236104554,31.95885192382217],[76.34394523585837,31.962469125762034],[76.35578536985876,31.962858920378277],[76.3702781594146,31.965984152556388],[76.39077775503908,31.966417725304836],[76.39230138087673,31.967985207655317],[76.40167109397304,31.966086256307502],[76.4057875710583,31.970023879455244],[76.40999819489635,31.968698913929735],[76.41135781254964,31.970834451482606],[76.41820272785725,31.970861411425666],[76.42041465563372,31.974943250347767],[76.41819961449914,31.983933136164946],[76.41179170390984,31.99654705392182],[76.40741669785913,32.00216304440642],[76.39771065819603,32.00883128096362],[76.38795146904076,32.010525148759235],[76.38071854656849,32.00873601826125],[76.37062384055325,32.00914635638096],[76.36710257723712,32.01099557627459],[76.3676319370839,32.01637745229164],[76.36179177170578,32.0182735840361],[76.36370793473314,32.02512786731418],[76.3583061647093,32.02784214160204]]]},"properties":{"District":"KANGRA","STATE":"HIMACHAL PRADESH","TEHSIL":"BAROH","Shape_Leng":65598.5098915,"Shape_Area":131464158.635}},
{"type":"Feature","geometry":{"type":"Polygon","coordinates":[[[76.11348654042892,31.829325177911603],[76.11987772228514,31.828288883041477],[76.13534759803868,31.842906182402757],[76.14306633157553,31.84410872328512],[76.14610130245302,31.853594139540032],[76.15289888008924,31.86409805189064],[76.14405001299245,31.872896185459947],[76.14044126309192,31.86257443012979],[76.13714847135137,31.858043157860656],[76.1291977871335,31.866300331854003],[76.1273688334641,31.870217781259743],[76.14126379229106,31.882404697542],[76.14473556568281,31.889088637990447],[76.1557823816365,31.90135502278621],[76.16154801695562,31.896817321571856],[76.16409450512857,31.89029733773095],[76.16997363459976,31.892355010779518],[76.17040991758778,31.899874460074084],[76.16442270221505,31.90794242062101],[76.15638801453954,31.91117370326556],[76.14632595872123,31.909338652000056],[76.14070588886625,31.913178978636328],[76.14219957885415,31.917211484664545],[76.1373596893563,31.920453136000184],[76.12840989679972,31.922923955224185],[76.12518466428064,31.927754026975567],[76.11743930290066,31.930707128363753],[76.10026608437377,31.93539820718414],[76.09737661881756,31.939413262662946],[76.08587019376073,31.938825983205614],[76.07919689973673,31.941442648189252],[76.06251979249824,31.940721023479313],[76.05710310384546,31.943453935123916],[76.04153817652794,31.93490580877459],[76.03488723188721,31.94642539804199],[76.03090510681596,31.94187714478789],[76.02319656674882,31.951210183248484],[76.01637642432651,31.95395303113722],[76.01841235269664,31.947016110741906],[76.01523164518375,31.944746095583696],[76.01616231153443,31.938109469797563],[76.01791991027288,31.934412570466993],[76.02321752430214,31.93230778560341],[76.0239679920207,31.927107490565604],[76.01492412000785,31.92799357038344],[76.01714975446627,31.923431748776032],[76.01189861416862,31.9189352469837],[76.01469813382292,31.91296349438666],[76.02256609703475,31.91232050792629],[76.03068058440964,31.90709272920144],[76.02182116360814,31.89525759513724],[76.01990545953149,31.88805330539553],[76.02716291827731,31.881942025641457],[76.02821177977779,31.87910374020341],[76.03690355107301,31.872735119581378],[76.04286694381021,31.875757242879647],[76.04536332360678,31.88420789513302],[76.05608508550212,31.87720247856552],[76.0628174386396,31.881474615337428],[76.06555968587676,31.870156112311843],[76.0731372620538,31.861158995877563],[76.07023003618085,31.85326084327594],[76.06412086703591,31.846179385677065],[76.06771871948412,31.83980026314415],[76.07315165721714,31.838562816642494],[76.07494610613433,31.841375955754312],[76.08263229189642,31.84082740297244],[76.08173973818211,31.834043479111504],[76.0847860989402,31.836789574251213],[76.08964528649003,31.845990515242008],[76.10003892205711,31.85461144445069],[76.11150144511957,31.847688494585192],[76.10014570882345,31.840824354943166],[76.10327099379239,31.837824206112177],[76.11418284137751,31.83723405892743],[76.11348654042892,31.829325177911603]]]},"properties":{"District":"KANGRA","STATE":"HIMACHAL PRADESH","TEHSIL":"DADA SIBA","Shape_Leng":93430.3513382,"Shape_Area":104793280.648}},
{"type":"Feature","geometry":{"type":"Polygon","coordinates":[[[76.1149036053639,32.09140399604971],[76.12230964886821,32.080621825379154],[76.1260766289108,32.07824916079071],[76.130508437337,32.07219717414103],[76.11932822683501,32.07284145992465],[76.12365026483911,32.0655534903839],[76.12760284796815,32.065314705122745],[76.13044659772612,32.06138443057401],[76.12535524869999,32.05666024104687],[76.11978746117137,32.058614612503774],[76.11701427456883,32.06232871104496],[76.1129803958705,32.060028069434615],[76.1162108629797,32.0555642983956],[76.1077609462462,32.043493520766546],[76.10445850783893,32.04392567328709],[76.09505369895655,32.041478285902095],[76.08872165893142,32.03403388184981],[76.07234589524317,32.04322605852458],[76.06845636348619,32.05300425107999],[76.0796533437598,32.05736941176304],[76.0864950697523,32.05836127113334],[76.09352471100384,32.062870955205966],[76.08643406527234,32.06717554941124],[76.07621557871654,32.0633006335626],[76.07003673380389,32.06532052806305],[76.06422536603256,32.06918694138279],[76.06124628484343,32.06688792878897],[76.05372013087191,32.077815521475344],[76.0541418789019,32.08211554517118],[76.05146292151056,32.08817793140853],[76.05862719813932,32.08839362741348],[76.06076078688318,32.09211122444949],[76.05503642653065,32.094525959628086],[76.05170607580267,32.09028084873695],[76.04849474981377,32.09399912245352],[76.04359646161586,32.09182060114893],[76.04075026568859,32.09553688051213],[76.0395158629891,32.10264688759727],[76.03716538122475,32.102994259214285],[76.02868352796237,32.11454874649355],[76.02434596311761,32.12884427041481],[76.01979394470645,32.12885418956472],[76.02032382453153,32.13976499353183],[76.01052265949575,32.13651014649077],[76.01279749111835,32.12949878446741],[76.00978498581658,32.12875385582334],[76.01045558288686,32.1132534352112],[76.0191173137169,32.104411459412916],[76.01865574486855,32.09703149073006],[76.02248585450285,32.09353523458176],[76.02389497497876,32.08853678351525],[76.02187322909175,32.08490512708413],[76.01321478901791,32.08575788455945],[76.00215061038378,32.08308769835399],[75.99889509095229,32.08019445521921],[75.98637561728395,32.08011301929482],[75.97547702306692,32.09378166652932],[75.97667768172789,32.10059515658012],[75.97216032616632,32.106149437192315],[75.97052583731497,32.113016492484704],[75.96386510035201,32.12435128683737],[75.96309366860793,32.12275789155648],[75.96712727137209,32.11181654483503],[75.96592427072218,32.10667577996735],[75.96775746466092,32.10100975561513],[75.96574781908222,32.09694445700372],[75.96741861012927,32.093450336356014],[75.9642235343527,32.08836994184201],[75.96475005940006,32.082539915908654],[75.97036770368639,32.067102517373996],[75.97038123305903,32.06069110134054],[75.96374312433903,32.053463582378924],[75.97325488375786,32.05039834828181],[75.9777638262822,32.05106596225042],[75.97967514208598,32.04772681223791],[75.97155553282525,32.04138497228202],[75.97035123616764,32.03261916220439],[75.96697660713639,32.03096857315436],[75.96724229063658,32.02615535115458],[75.97056248684122,32.02413977929339],[75.97240635090003,32.017332954272106],[75.96114533371863,32.01576689715096],[75.95295236852442,32.01576715558435],[75.95690423478557,32.00843681764388],[75.96114709084647,32.01044654919667],[75.96985943746236,32.009381242367446],[75.97430296884262,31.99957446265543],[75.96996331651563,31.990616390741785],[75.96622551853046,31.996479035708447],[75.96084995104735,31.996899570296662],[75.95765151019849,31.992427682057045],[75.96132410617871,31.988156313637468],[75.96706821342012,31.98501996393364],[75.96907980854678,31.978304662177447],[75.95758922267882,31.976876273211673],[75.95505488673507,31.979700470781083],[75.94837474845146,31.97768404475365],[75.94723928698056,31.967313337850292],[75.95706831699881,31.963043335715277],[75.96605566685284,31.961592864045937],[75.9725905861122,31.964233966299194],[75.97329479358055,31.957985848087176],[75.97795211278418,31.96060696541396],[75.98544905882163,31.95898978161782],[75.9918628647209,31.95531196347653],[76.00115356775986,31.943784015712517],[76.00304700237739,31.937878686055402],[76.00986574861362,31.943581644952165],[76.01285978690365,31.938063508711558],[76.01616231153443,31.938109469797563],[76.01523164518375,31.944746095583696],[76.01841235269664,31.947016110741906],[76.01637642432651,31.95395303113722],[76.02319656674882,31.951210183248484],[76.03090510681596,31.94187714478789],[76.03488723188721,31.94642539804199],[76.04153817652794,31.93490580877459],[76.05710310384546,31.943453935123916],[76.06251979249824,31.940721023479313],[76.07919689973673,31.941442648189252],[76.08587019376073,31.938825983205614],[76.09737661881756,31.939413262662946],[76.10026608437377,31.93539820718414],[76.11743930290066,31.930707128363753],[76.12518466428064,31.927754026975567],[76.12840989679972,31.922923955224185],[76.1373596893563,31.920453136000184],[76.14219957885415,31.917211484664545],[76.14070588886625,31.913178978636328],[76.14632595872123,31.909338652000056],[76.15638801453954,31.91117370326556],[76.16442270221505,31.90794242062101],[76.17040991758778,31.899874460074084],[76.16997363459976,31.892355010779518],[76.16409450512857,31.89029733773095],[76.16154801695562,31.896817321571856],[76.1557823816365,31.90135502278621],[76.14473556568281,31.889088637990447],[76.14126379229106,31.882404697542],[76.1273688334641,31.870217781259743],[76.1291977871335,31.866300331854003],[76.13714847135137,31.858043157860656],[76.14044126309192,31.86257443012979],[76.14405001299245,31.872896185459947],[76.15289888008924,31.86409805189064],[76.14610130245302,31.853594139540032],[76.14306633157553,31.84410872328512],[76.13534759803868,31.842906182402757],[76.11987772228514,31.828288883041477],[76.11348654042892,31.829325177911603],[76.1025404143554,31.826806419685788],[76.1007667442862,31.82195559519733],[76.10439227978596,31.818806975266767],[76.10878505843064,31.804625260288425],[76.1130821827285,31.799767483195154],[76.12359152263959,31.801153886478247],[76.13074058579433,31.79988402458048],[76.14761514045303,31.80026468287833],[76.15433749110495,31.79503453934118],[76.15918421968327,31.794989302613388],[76.16481189431535,31.78879837574526],[76.16790695300908,31.790255687450998],[76.17289754941939,31.788077257634423],[76.18255824712571,31.79597514548036],[76.18863509214209,31.798991745804628],[76.19360183630046,31.79248566353178],[76.19991168059336,31.798954044673945],[76.20799494766868,31.79834189368658],[76.21661473207071,31.808833989156575],[76.22209752466047,31.81850766958205],[76.22947514693827,31.82354843168552],[76.23637627160775,31.832445213011987],[76.2385557160064,31.83768317952399],[76.2439977513379,31.834350403893566],[76.24861705049669,31.837618324520022],[76.24082409451121,31.844276401872953],[76.23721362988242,31.851949208471453],[76.24363190871196,31.8539038230367],[76.24337465041671,31.861068702288357],[76.24815749536512,31.863215397746263],[76.25628715484036,31.863775098604897],[76.26619063858355,31.8602065544602],[76.27151594824925,31.862137382155673],[76.27259808750512,31.868209512051315],[76.2694643031369,31.872011656880215],[76.27317012477211,31.878125257858837],[76.27603658270031,31.88761802554751],[76.281217287533,31.896400727187316],[76.27011527971135,31.903838202035708],[76.27044837759784,31.905755953652676],[76.28138236884301,31.90813097739053],[76.26712506496152,31.91497826008091],[76.2681405063033,31.919673933612742],[76.25912650625096,31.92074580607388],[76.25745752714685,31.929117680779523],[76.26262797860531,31.935063960672686],[76.25613027770412,31.948728967621154],[76.25133463337559,31.95315568969368],[76.24765356133966,31.961592897897283],[76.24813435025585,31.964914328177265],[76.24147859616053,31.970885258685755],[76.23685978286406,31.976737339297014],[76.23405525790456,31.984471387053443],[76.22922915589967,31.988383066567298],[76.2267770338864,31.993093582795552],[76.22764167801535,31.999785616125013],[76.21728345869995,32.012563637708766],[76.21061011971184,32.013762360500245],[76.20440380986088,32.008673596333544],[76.20337916719657,32.015786780394144],[76.19663588551242,32.02556920920881],[76.19090133394964,32.027620436284494],[76.19194896449805,32.031897103008184],[76.18899847821869,32.03694176071999],[76.18585221693601,32.03593869093473],[76.18035434139986,32.048176544883475],[76.18134630202805,32.05391372715275],[76.17905870160341,32.05869197244295],[76.17715785571924,32.06342751549376],[76.17765879035218,32.06899475072012],[76.17234592348852,32.07032180173584],[76.16622266608861,32.07924988723406],[76.16597368837998,32.08450565473289],[76.15888632503409,32.08343080727603],[76.14836849407158,32.0890462664062],[76.14351097558072,32.09307153151377],[76.1404444376274,32.08963304153363],[76.13509792804521,32.091540030653505],[76.12875268831957,32.08814646003269],[76.12704147443132,32.092084456996545],[76.12101403990384,32.09426120183187],[76.1190861236059,32.09865289396979],[76.11374394628226,32.09726298921353],[76.1149036053639,32.09140399604971]]]},"properties":{"District":"KANGRA","STATE":"HIMACHAL PRADESH","TEHSIL":"DERA GOPIPUR","Shape_Leng":294906.298721,"Shape_Area":528405302.235}},
{"type":"Feature","geometry":{"type":"Polygon","coordinates":[[[76.35358629132956,32.32712050711767],[76.34908122772134,32.32494617618466],[76.3404155441956,32.32376352690984],[76.32731625451272,32.33151721792501],[76.31982616198736,32.33746020642844],[76.30889705563601,32.340036273689634],[76.29541382225106,32.33709638391925],[76.29154762645273,32.33980255611378],[76.28984834214445,32.348598611254886],[76.28211435140868,32.37082799503959],[76.2778209763376,32.37153841672917],[76.27114543460924,32.37613801166919],[76.26893764893708,32.36425984550958],[76.27007604178742,32.350830375880676],[76.2582068372154,32.336806721895925],[76.2573682984163,32.33347429366914],[76.24889751037563,32.325101099296695],[76.24445083106055,32.32212583603418],[76.24609483933834,32.31212167076522],[76.24530133413005,32.307274605289464],[76.24144936783627,32.30250382664078],[76.24419654498723,32.298372226860984],[76.24339134923416,32.28664905191694],[76.23973756006133,32.286861619093074],[76.23371830113152,32.28177997395219],[76.23685961630177,32.277452497110254],[76.24245264339999,32.27567816049502],[76.25686695489856,32.27318917537827],[76.26033704478441,32.27133834407595],[76.2563759636901,32.26375391305955],[76.24810069861326,32.25947572438158],[76.24284964581112,32.253429610304735],[76.2446384033323,32.243092663255965],[76.2488772370575,32.237333095030074],[76.25643557699165,32.23818937651251],[76.26606164302714,32.23196480378273],[76.27008524512988,32.22435918036524],[76.27178248178178,32.211054350034914],[76.26680500770382,32.20873515256464],[76.26617866104725,32.20218467991937],[76.26080325039132,32.19799175691282],[76.2532484458006,32.18670235922917],[76.25127094732926,32.18018440075867],[76.25220883143908,32.17182147579805],[76.26920477457378,32.17853519676565],[76.27979278477608,32.18120197707349],[76.28257220527522,32.17835015533061],[76.2780680655882,32.17198955434433],[76.2747476815571,32.16358394103427],[76.27367087123397,32.1602323552921],[76.28507233807913,32.15758294493328],[76.28773993194683,32.15468064550834],[76.28798677533192,32.14952392836994],[76.29531769681456,32.147351028816956],[76.29871696858461,32.143627480176],[76.30970398484128,32.143797584042055],[76.31327810275674,32.148247767561536],[76.32237099363729,32.147092849910806],[76.33040373678904,32.14737003269896],[76.32658837526455,32.14151075508158],[76.33387334942601,32.138154076434],[76.33715490354629,32.13872133415147],[76.34542147624224,32.14476566305161],[76.34512825050997,32.151689844027466],[76.35354206251024,32.15212081137111],[76.35810837862289,32.156269670703914],[76.35346612575461,32.159875768177635],[76.35477710289977,32.16264641079904],[76.37324157096504,32.167874768431766],[76.37614324263436,32.1636912824443],[76.37230223951322,32.157174957104914],[76.37424841634706,32.14385623372813],[76.37850564733162,32.149112095025586],[76.38628240005404,32.15046661226385],[76.39580562549139,32.14824434987759],[76.39849022597974,32.14539398581453],[76.3888352546879,32.14041051302401],[76.39019530616743,32.136724187932],[76.39634016137674,32.136289201366125],[76.40089622132263,32.139742142254285],[76.4091567878399,32.14162061400222],[76.41624192896012,32.14753758680151],[76.42174586089544,32.14880727064849],[76.4304421383627,32.15667869870739],[76.44463315383918,32.15906832498336],[76.44266065698147,32.17397975678499],[76.44460384622106,32.180512696955724],[76.45069747515286,32.18464237786825],[76.44902105984531,32.19097010931462],[76.46149336487538,32.20525840455689],[76.46651154261075,32.205058776140305],[76.46438257863207,32.21269688243746],[76.4658660425668,32.22568429391533],[76.46266632892502,32.233998615973896],[76.4629377654737,32.247391175350536],[76.45654765625531,32.25217036889709],[76.45446034401297,32.256958773112245],[76.44681201130918,32.26252106761512],[76.4420935188392,32.26374549690039],[76.42929177196126,32.26021718264213],[76.42135271488326,32.26552281116307],[76.42159359156818,32.272724510074184],[76.41825560592675,32.27768247664214],[76.40468543601985,32.28235363416129],[76.40028276437401,32.28718662215614],[76.39082891277954,32.286787403575055],[76.39002972206987,32.28960602142029],[76.38187739462215,32.29727650874756],[76.37688338829801,32.29859566446371],[76.36484427439439,32.309852793562676],[76.36433730633695,32.31402991032676],[76.36003807860074,32.31831867937476],[76.35784140975355,32.32486332063176],[76.35358629132956,32.32712050711767]]]},"properties":{"District":"KANGRA","STATE":"HIMACHAL PRADESH","TEHSIL":"DHARMSHALA","Shape_Leng":109655.028096,"Shape_Area":331285264.835}},
{"type":"Feature","geometry":{"type":"Polygon","coordinates":[[[76.41822018077227,32.07373041494784],[76.4141239333003,32.07329678725676],[76.40991135957843,32.07699718085415],[76.40787024391751,32.08226311953594],[76.4007425949552,32.08290147191064],[76.39435928317417,32.07344739989115],[76.40017938576489,32.063690577556976],[76.40063108647014,32.06020278851862],[76.39276909293402,32.04639939991611],[76.3941320000539,32.04362382391299],[76.38695183903563,32.03987851250328],[76.38055148785872,32.04146613119821],[76.37664775582738,32.03708684254216],[76.36462637080014,32.028572797246085],[76.3583061647093,32.02784214160204],[76.36370793473314,32.02512786731418],[76.36179177170578,32.0182735840361],[76.3676319370839,32.01637745229164],[76.36710257723712,32.01099557627459],[76.37062384055325,32.00914635638096],[76.38071854656849,32.00873601826125],[76.38795146904076,32.010525148759235],[76.39771065819603,32.00883128096362],[76.40741669785913,32.00216304440642],[76.41179170390984,31.99654705392182],[76.41819961449914,31.983933136164946],[76.42041465563372,31.974943250347767],[76.41820272785725,31.970861411425666],[76.41135781254964,31.970834451482606],[76.40999819489635,31.968698913929735],[76.40760281921978,31.964937168805456],[76.40999973763567,31.959844060849523],[76.41839358439954,31.952303006959365],[76.42309898765726,31.950877038495147],[76.42947331121026,31.949787556368832],[76.44046999787993,31.945146927780424],[76.44501901805859,31.947610841903277],[76.44958934899458,31.956315221720818],[76.45365371054335,31.95591337160176],[76.45868619152773,31.959975086481393],[76.45411306448273,31.963211021967883],[76.45642725864008,31.96812235722232],[76.46188561469624,31.966418600852165],[76.47014289939399,31.972829105243186],[76.4744410315992,31.975146618585608],[76.47817712795542,31.98519465743261],[76.46768438692534,31.990936312818544],[76.46562208327833,31.995305935629876],[76.46704958275151,32.00557904541439],[76.4716469366207,32.00210376902143],[76.4778874660389,32.01956157096092],[76.47456420546925,32.029670644651624],[76.46882064210847,32.02516478022531],[76.4654309176939,32.01641654248412],[76.4555315402194,32.016852452041476],[76.45219564902267,32.02424194703052],[76.45359016313527,32.029180763653116],[76.46034548831629,32.034390525710926],[76.46122723036581,32.04021995239316],[76.45788686849444,32.049192235424236],[76.44972859692463,32.050929172086825],[76.44815308249373,32.056729981080274],[76.44153312384518,32.05260679556749],[76.43644732504474,32.055713550740876],[76.43083687476694,32.064810276878724],[76.42075366217475,32.06581522103238],[76.41822018077227,32.07373041494784]]]},"properties":{"District":"KANGRA","STATE":"HIMACHAL PRADESH","TEHSIL":"DHIRA","Shape_Leng":60248.4715412,"Shape_Area":79648650.6587}},
{"type":"Feature","geometry":{"type":"Polygon","coordinates":[[[75.96386510035201,32.12435128683737],[75.96409982784154,32.128911517379294],[75.96753466250493,32.13399388843408],[75.96524390530276,32.13834411952203],[75.96692394817428,32.148687311767866],[75.95533735719523,32.156617763800725],[75.9445141518092,32.16159354037762],[75.92960201489943,32.15754807647805],[75.926979361319,32.157895552553036],[75.91189947166633,32.15514288359441],[75.91723717762967,32.14886292563307],[75.91867304331517,32.14171989006508],[75.92229056038781,32.13786423373586],[75.91404842269664,32.13706345226582],[75.91103850898955,32.13392209352129],[75.90576608903511,32.13653673981627],[75.89893596526069,32.13072003314008],[75.89500573466394,32.13364344977556],[75.89184342641917,32.140983054781344],[75.88119087770674,32.141403397891665],[75.87591825443496,32.130531357289044],[75.87748558749315,32.12630260498605],[75.87593527820013,32.12092806590427],[75.8795385726756,32.11830887394354],[75.88889450828792,32.122358939736586],[75.89131628326115,32.11663156837575],[75.88046216730133,32.10688303190444],[75.87719641375435,32.10620034579364],[75.8684982173581,32.09989874711748],[75.85757276863171,32.10453264872309],[75.85691556520663,32.10923371190734],[75.8480863878576,32.11071828966018],[75.84183072321073,32.11648195805447],[75.8352601400369,32.112760701153114],[75.83344808798594,32.114854058216096],[75.83404791662916,32.125603761743314],[75.82383184475424,32.122682414050374],[75.8235777456,32.13258094444892],[75.80201361920341,32.13426801781378],[75.7915000790861,32.13059734314366],[75.78877852626596,32.12601309634854],[75.78096491019403,32.12542416800695],[75.77011023626687,32.118876501739194],[75.76271470976734,32.108565416688414],[75.76628266856343,32.10680577194825],[75.77635958042079,32.11592972454496],[75.78516232108859,32.11898113867649],[75.78999055632693,32.11446907066966],[75.79405331880896,32.11334011869845],[75.79930181962165,32.116338603546716],[75.8096368277199,32.11161634355485],[75.80979061333137,32.100571678703474],[75.8080329573921,32.09762450825887],[75.81394975732702,32.090682583267075],[75.82212444905252,32.091191607995576],[75.8254224981669,32.08782267971926],[75.82741588978004,32.07813851283676],[75.83175045663728,32.0737960727707],[75.82408561405352,32.06812094222343],[75.82755680939259,32.065849134937594],[75.83209420468133,32.05841105868648],[75.83200271867346,32.054776251191264],[75.83887551321669,32.04890133518536],[75.84533299134638,32.046516607527096],[75.8484283231408,32.03566971838951],[75.84508237297867,32.03274020438264],[75.84037891321174,32.0333781323717],[75.83424019823458,32.03781707723548],[75.82854964449822,32.03446424329794],[75.8298433085783,32.031392206616694],[75.82591348088096,32.02739729418619],[75.82079889790856,32.02624975221093],[75.80690019355157,32.03023176781778],[75.80086786015835,32.033303909179324],[75.79127608004383,32.04174338866128],[75.78540351910414,32.042241871257524],[75.77980245926834,32.04063263007129],[75.7664645299891,32.039998689363635],[75.76012086113269,32.04088366278411],[75.7561629663199,32.03837863939689],[75.74901448726509,32.0443363836936],[75.74671365934762,32.048443607374544],[75.73747706803016,32.048270863377184],[75.74277612491666,32.03936663696933],[75.75083688314896,32.03768235833956],[75.76547892429426,32.01939526658091],[75.76964998576426,32.01597751539678],[75.779787364401,32.00465125797257],[75.79052440227228,31.99970312617809],[75.7996566929286,31.99375285733245],[75.80346575103047,31.992877594242348],[75.8112533376079,31.98793788480243],[75.82409105547161,31.98340744234057],[75.84628498177369,31.98171885552044],[75.85106209315857,31.982008404943752],[75.85698355336699,31.97379823588818],[75.86679115387538,31.97209023716497],[75.87426034593511,31.96946163803453],[75.88302523106512,31.968888680080777],[75.88267583889262,31.965822493449654],[75.89249740281662,31.961781820983358],[75.90138526032497,31.954990336283064],[75.91831663680222,31.955847891101875],[75.93066709166912,31.953089361300215],[75.93506879073614,31.96719380594599],[75.94723928698056,31.967313337850292],[75.94837474845146,31.97768404475365],[75.95505488673507,31.979700470781083],[75.95758922267882,31.976876273211673],[75.96907980854678,31.978304662177447],[75.96706821342012,31.98501996393364],[75.96132410617871,31.988156313637468],[75.95765151019849,31.992427682057045],[75.96084995104735,31.996899570296662],[75.96622551853046,31.996479035708447],[75.96996331651563,31.990616390741785],[75.97430296884262,31.99957446265543],[75.96985943746236,32.009381242367446],[75.96114709084647,32.01044654919667],[75.95690423478557,32.00843681764388],[75.95295236852442,32.01576715558435],[75.96114533371863,32.01576689715096],[75.97240635090003,32.017332954272106],[75.97056248684122,32.02413977929339],[75.96724229063658,32.02615535115458],[75.96697660713639,32.03096857315436],[75.97035123616764,32.03261916220439],[75.97155553282525,32.04138497228202],[75.97967514208598,32.04772681223791],[75.9777638262822,32.05106596225042],[75.97325488375786,32.05039834828181],[75.96374312433903,32.053463582378924],[75.97038123305903,32.06069110134054],[75.97036770368639,32.067102517373996],[75.96475005940006,32.082539915908654],[75.9642235343527,32.08836994184201],[75.96741861012927,32.093450336356014],[75.96574781908222,32.09694445700372],[75.96775746466092,32.10100975561513],[75.96592427072218,32.10667577996735],[75.96712727137209,32.11181654483503],[75.96309366860793,32.12275789155648],[75.96386510035201,32.12435128683737]]]},"properties":{"District":"KANGRA","STATE":"HIMACHAL PRADESH","TEHSIL":"FATEHPUR","Shape_Leng":171339.803462,"Shape_Area":272580665.613}},
{"type":"Feature","geometry":{"type":"Polygon","coordinates":[[[76.13661329407867,32.16581077963215],[76.13280427710747,32.168909268665956],[76.12137005332612,32.168821457895845],[76.11943554288588,32.16491693996191],[76.11363607793315,32.16107558843383],[76.10191812329178,32.15597020704569],[76.09767648617162,32.1560933120018],[76.09115038897595,32.162070421145074],[76.08266422861776,32.15883058460148],[76.07181532364913,32.16492851452322],[76.07149609770454,32.16765846415782],[76.06448219771197,32.16872047856976],[76.06073262287114,32.174554126604086],[76.05149479379826,32.1778352999243],[76.04866056342718,32.1750726868726],[76.05228723116981,32.1683773522899],[76.05656609939219,32.16471208935863],[76.05975449061593,32.15672824366807],[76.07007189912831,32.1507626885979],[76.07630012599485,32.15072707914973],[76.08363560170193,32.14703356934611],[76.09040712551662,32.13815495503841],[76.08487463373467,32.13600051850112],[76.08243777072458,32.1327274891693],[76.08466003279487,32.12777037971379],[76.09064334011904,32.12073919429047],[76.09375333717973,32.11486395012274],[76.09398871252306,32.109274646885204],[76.09947265671953,32.10218531885975],[76.09953925884669,32.09809172679639],[76.10274128734365,32.09133763871459],[76.10929577863924,32.08945863064213],[76.1149036053639,32.09140399604971],[76.11374394628226,32.09726298921353],[76.1190861236059,32.09865289396979],[76.12101403990384,32.09426120183187],[76.12704147443132,32.092084456996545],[76.12875268831957,32.08814646003269],[76.13509792804521,32.091540030653505],[76.1404444376274,32.08963304153363],[76.14351097558072,32.09307153151377],[76.14836849407158,32.0890462664062],[76.15888632503409,32.08343080727603],[76.16597368837998,32.08450565473289],[76.16622266608861,32.07924988723406],[76.17234592348852,32.07032180173584],[76.17765879035218,32.06899475072012],[76.17715785571924,32.06342751549376],[76.17905870160341,32.05869197244295],[76.18392142398002,32.06205989785159],[76.18923649991368,32.06159349171316],[76.19333963497253,32.067706673267764],[76.19140465290266,32.076373997614965],[76.1835576913211,32.088709572347845],[76.17574961328187,32.09764078081815],[76.18077576533344,32.100126156993625],[76.18626778660101,32.099670040572875],[76.19159384299387,32.093405284778314],[76.19178090327595,32.08538510939769],[76.20087044769181,32.08164176683257],[76.20440283944632,32.08289041314098],[76.2047576968263,32.0914594858008],[76.20062725983333,32.0949820093176],[76.20220180058415,32.097882166814564],[76.18936902051834,32.109014289380966],[76.18820193858234,32.12056752253037],[76.18475593301666,32.12198826217786],[76.1826653492351,32.115766136796424],[76.17452320468203,32.11857199197703],[76.17444409082935,32.1244284255185],[76.17494202907444,32.1309244346712],[76.17113308004721,32.1395925884538],[76.17091598186404,32.14425780197667],[76.16359774806763,32.1447372109411],[76.15472688273523,32.138857515818636],[76.14819375522724,32.14328195186654],[76.14366192136023,32.139351250418336],[76.13838007094726,32.14423005894247],[76.13864381522124,32.14831233960706],[76.1429636270792,32.14999635885742],[76.14585095325378,32.15468699610341],[76.14216626483052,32.15873357534601],[76.13336959829758,32.16126623341515],[76.13661329407867,32.16581077963215]]]},"properties":{"District":"KANGRA","STATE":"HIMACHAL PRADESH","TEHSIL":"HARCHAKIAN","Shape_Leng":72192.2684268,"Shape_Area":70822836.5732}},
{"type":"Feature","geometry":{"type":"Polygon","coordinates":[[[75.88119087770674,32.141403397891665],[75.87130194301146,32.144796369234825],[75.86885890431834,32.14734445263967],[75.86221359960604,32.14853384173843],[75.86205837323459,32.15207172807652],[75.86687264194458,32.15881478894924],[75.86456142413401,32.16522791086027],[75.85538627513193,32.17233651797346],[75.84763871620578,32.17205886975877],[75.84546157393939,32.17611484498843],[75.83837569904608,32.17756489825204],[75.83095320191666,32.17712682756897],[75.82379824359599,32.18021656489944],[75.82047352178976,32.178594101415726],[75.8123648941581,32.180772557213416],[75.80758892372579,32.17823442437402],[75.80073879861045,32.177412288022765],[75.79434425889954,32.17408579591645],[75.78974134820902,32.178299480764124],[75.78006388732481,32.17520386875909],[75.7818456709647,32.169206578452886],[75.78669600102333,32.16404573098145],[75.78044971885447,32.156988466522044],[75.77925628813688,32.15226994226428],[75.77376147735238,32.15172992189857],[75.77020739185208,32.144824385167695],[75.76187955219086,32.14688483503609],[75.7586864746108,32.1427552973065],[75.75706996586632,32.13297837329428],[75.74713878355058,32.1314332526193],[75.74524154911194,32.13763184784576],[75.74532275068194,32.147573970218815],[75.74781724611661,32.15314875773358],[75.74795985981027,32.15939001138461],[75.74261561744497,32.16446774159365],[75.74435861895034,32.16918750679945],[75.74243417314034,32.17266248981351],[75.72859530278659,32.1727541868756],[75.73789542407992,32.18038558164356],[75.7367493754259,32.186203684293325],[75.72918266509369,32.18887362379101],[75.71883942299432,32.20006768430057],[75.70889959711302,32.206544527040435],[75.71710307586565,32.210424202650174],[75.72810969296357,32.21226204688781],[75.73208665796379,32.216170274731965],[75.73189309847105,32.2220879778431],[75.73507763666474,32.22617755036994],[75.73196349590603,32.22962692233919],[75.7252010250111,32.22990613414607],[75.71919265882327,32.23730242352648],[75.71238906379303,32.23932074930986],[75.70190682946837,32.23695939749787],[75.69477112075268,32.236944542227754],[75.68892580203861,32.23944039499017],[75.68121374996336,32.24037459424818],[75.67443522722124,32.24533958709009],[75.67374432694352,32.249795714259584],[75.66960958199482,32.254918851631544],[75.6580887578223,32.25112711843164],[75.64087114357321,32.252221618383665],[75.62930580986738,32.242346979753],[75.61846102408849,32.237573890235005],[75.62643767822335,32.23254497614737],[75.63561121535314,32.23167152362588],[75.63664805351802,32.21984056883564],[75.63126757171571,32.21641839660288],[75.62630333541787,32.21601764054025],[75.62743961593134,32.208197619200554],[75.62443473345456,32.19707321460672],[75.62376617781204,32.19004125798733],[75.63157112607627,32.18960116271678],[75.63782406114423,32.18721143548243],[75.63772147126883,32.19249841723008],[75.64536529376139,32.19248478803865],[75.65534490144736,32.19676652538427],[75.66312251216627,32.19146899885859],[75.65988102412885,32.18781059332254],[75.65868820140012,32.17803987213415],[75.66702002417755,32.17838525838618],[75.66615388209915,32.164738600038746],[75.66346302151109,32.16218260715983],[75.67268145353579,32.15922124977487],[75.66169247734726,32.138668828181885],[75.65623032245335,32.13362633127771],[75.6444306277908,32.12786094623526],[75.63017654720852,32.12214712189779],[75.6272414617266,32.11757202996673],[75.62646317321897,32.107399598363955],[75.61901335983909,32.09678054874665],[75.60971858127193,32.09335610347829],[75.60075910260103,32.09309495070242],[75.59581476408229,32.085740888609976],[75.59459248799337,32.078402841062385],[75.59530213338562,32.06899475101955],[75.60155366564099,32.06554261834291],[75.61248757753478,32.06837368743756],[75.62154814181154,32.07218634447086],[75.63070193904532,32.07418599394373],[75.63429169594922,32.0712357082399],[75.64622238444157,32.072738687056926],[75.65341403768096,32.07711257371001],[75.6571431976508,32.077505028627236],[75.66323606969486,32.07400863217101],[75.6714284427565,32.071938648700495],[75.67767405741508,32.063325503943425],[75.69739011239149,32.058845924843745],[75.70446325972277,32.054155921924746],[75.70841743917329,32.04513413968312],[75.71206513464145,32.039984840937905],[75.7238611903161,32.03258978839782],[75.73068534760783,32.03570958789452],[75.74277612491666,32.03936663696933],[75.73747706803016,32.048270863377184],[75.74671365934762,32.048443607374544],[75.74901448726509,32.0443363836936],[75.7561629663199,32.03837863939689],[75.76012086113269,32.04088366278411],[75.7664645299891,32.039998689363635],[75.77980245926834,32.04063263007129],[75.78540351910414,32.042241871257524],[75.79127608004383,32.04174338866128],[75.80086786015835,32.033303909179324],[75.80690019355157,32.03023176781778],[75.82079889790856,32.02624975221093],[75.82591348088096,32.02739729418619],[75.8298433085783,32.031392206616694],[75.82854964449822,32.03446424329794],[75.83424019823458,32.03781707723548],[75.84037891321174,32.0333781323717],[75.84508237297867,32.03274020438264],[75.8484283231408,32.03566971838951],[75.84533299134638,32.046516607527096],[75.83887551321669,32.04890133518536],[75.83200271867346,32.054776251191264],[75.83209420468133,32.05841105868648],[75.82755680939259,32.065849134937594],[75.82408561405352,32.06812094222343],[75.83175045663728,32.0737960727707],[75.82741588978004,32.07813851283676],[75.8254224981669,32.08782267971926],[75.82212444905252,32.091191607995576],[75.81394975732702,32.090682583267075],[75.8080329573921,32.09762450825887],[75.80979061333137,32.100571678703474],[75.8096368277199,32.11161634355485],[75.79930181962165,32.116338603546716],[75.79405331880896,32.11334011869845],[75.78999055632693,32.11446907066966],[75.78516232108859,32.11898113867649],[75.77635958042079,32.11592972454496],[75.76628266856343,32.10680577194825],[75.76271470976734,32.108565416688414],[75.77011023626687,32.118876501739194],[75.78096491019403,32.12542416800695],[75.78877852626596,32.12601309634854],[75.7915000790861,32.13059734314366],[75.80201361920341,32.13426801781378],[75.8235777456,32.13258094444892],[75.82383184475424,32.122682414050374],[75.83404791662916,32.125603761743314],[75.83344808798594,32.114854058216096],[75.8352601400369,32.112760701153114],[75.84183072321073,32.11648195805447],[75.8480863878576,32.11071828966018],[75.85691556520663,32.10923371190734],[75.85757276863171,32.10453264872309],[75.8684982173581,32.09989874711748],[75.87719641375435,32.10620034579364],[75.88046216730133,32.10688303190444],[75.89131628326115,32.11663156837575],[75.88889450828792,32.122358939736586],[75.8795385726756,32.11830887394354],[75.87593527820013,32.12092806590427],[75.87748558749315,32.12630260498605],[75.87591825443496,32.130531357289044],[75.88119087770674,32.141403397891665]]]},"properties":{"District":"KANGRA","STATE":"HIMACHAL PRADESH","TEHSIL":"INDORA","Shape_Leng":165510.686549,"Shape_Area":321357862.109}},
{"type":"Feature","geometry":{"type":"Polygon","coordinates":[[[76.61596607976746,31.990361689994977],[76.60927238499963,31.99177516753483],[76.60713427907015,31.988170279748484],[76.6019140294398,31.986548837108618],[76.59762460630941,31.991098524992257],[76.58842266948791,31.990108644243367],[76.58924134124251,31.995197553278214],[76.58293393452114,32.002283302118265],[76.58062890768642,32.00996824177721],[76.5710668519966,32.01210066843712],[76.56290914873476,32.00926819851101],[76.55721017528415,32.009167303642535],[76.55255333748283,32.00694611528454],[76.54823538666253,32.007990433089674],[76.5461464066168,32.00448847270572],[76.5385530347591,32.00125059384894],[76.5361336091116,31.995181599553447],[76.53213173289049,31.99239383990679],[76.54242667498926,31.98199727829093],[76.53709583309451,31.976350677507913],[76.5373799458553,31.973483925307274],[76.53058723309957,31.96523437011398],[76.52268199214312,31.962684355784333],[76.51450709843924,31.95519088751758],[76.50921152462301,31.95444904857798],[76.50926746692645,31.945890994778175],[76.50619994278274,31.941996795067773],[76.50798653706511,31.936182440151303],[76.49889348416679,31.93482128530011],[76.49872207840173,31.927421130194038],[76.49281073373217,31.914902924908528],[76.49273097213275,31.91112848655246],[76.4873860376082,31.90642656098807],[76.48702177790996,31.89965687985379],[76.49018016419006,31.896278697682273],[76.50228760264254,31.89267427785079],[76.49985589820591,31.88590095341993],[76.50029510572458,31.8808839832477],[76.4929377609438,31.88205884880402],[76.48889101496123,31.879882842101036],[76.48453902805244,31.870892026998938],[76.48710176176934,31.865153196439678],[76.48349415305375,31.86305536092399],[76.47701350878324,31.871979611571184],[76.47194937386621,31.869537287023423],[76.46342110275836,31.873167540549574],[76.45585079898548,31.871922491251993],[76.45819797635968,31.86633209871942],[76.45765060980993,31.860531063873278],[76.45227374798924,31.860241999440902],[76.44602102611476,31.852657592034646],[76.45249608794265,31.850313765360443],[76.45826538042165,31.833072812243987],[76.46684733730534,31.83144061893924],[76.46716863925344,31.82883119368141],[76.47832435226464,31.826825701685955],[76.48147663579759,31.82980561833428],[76.49600796295928,31.835428283993902],[76.50125356475364,31.84082282926097],[76.51246241698428,31.83982375941351],[76.52041128098575,31.843113820273363],[76.52422735465454,31.849025425129316],[76.52381067173313,31.8559896895382],[76.52571885354442,31.859208373040442],[76.5461632141288,31.87865776725394],[76.55611028983773,31.886357765200984],[76.56355298557811,31.887509253324524],[76.580622691116,31.888459349778437],[76.59094835315777,31.89303632030954],[76.60138203785101,31.89289925404033],[76.62451341714835,31.885890282847896],[76.63013179243181,31.876721343892143],[76.6391669352709,31.87357948706144],[76.64692881937509,31.87249198389711],[76.65558377616283,31.868353677395035],[76.66273909161907,31.87101974301888],[76.67010888656453,31.871431336976773],[76.67774922877933,31.870048540620036],[76.68033232196008,31.874870820057122],[76.67388261473278,31.880202395396164],[76.67544136101725,31.887831464949766],[76.67695046049644,31.890035739270782],[76.67417043339371,31.906397837256094],[76.66911015795964,31.90699721406628],[76.66590064795072,31.917486152810763],[76.65229555232987,31.92092178890954],[76.65021740388208,31.919617459691462],[76.64058339773965,31.92541646097031],[76.63073675151314,31.92720996425864],[76.62594826069476,31.9254599306755],[76.61971852825515,31.927078350776707],[76.61621128387183,31.938990004877184],[76.61710871914401,31.943186170867243],[76.62281128522697,31.950508023936095],[76.62475805220491,31.95559554322385],[76.62522578038495,31.965440387087575],[76.62095855845604,31.979302309388288],[76.62159150288073,31.98620311740177],[76.61596607976746,31.990361689994977]]]},"properties":{"District":"KANGRA","STATE":"HIMACHAL PRADESH","TEHSIL":"JAISINGHPUR","Shape_Leng":96794.2438582,"Shape_Area":187330317.657}},
{"type":"Feature","geometry":{"type":"MultiPolygon","coordinates":[[[[76.11348654042892,31.829325177911603],[76.11418284137751,31.83723405892743],[76.10327099379239,31.837824206112177],[76.10014570882345,31.840824354943166],[76.11150144511957,31.847688494585192],[76.10003892205711,31.85461144445069],[76.08964528649003,31.845990515242008],[76.0847860989402,31.836789574251213],[76.08173973818211,31.834043479111504],[76.09003892137004,31.81923275953653],[76.09444832729325,31.821983094171667],[76.1007667442862,31.82195559519733],[76.1025404143554,31.826806419685788],[76.11348654042892,31.829325177911603]]],[[[75.94723928698056,31.967313337850292],[75.93506879073614,31.96719380594599],[75.93066709166912,31.953089361300215],[75.91831663680222,31.955847891101875],[75.90138526032497,31.954990336283064],[75.90947701688648,31.950910690123354],[75.91157210866498,31.9398221004009],[75.91691309565097,31.92870535443558],[75.92369725082825,31.919815340266236],[75.93867804286593,31.894151437024718],[75.93874987761312,31.89104908242554],[75.94512336726261,31.88360553350345],[75.95998315519061,31.856901194331485],[75.97062773631687,31.853636249862458],[75.98031372067919,31.850527772758248],[75.99192068127473,31.850047619358577],[76.00078751158685,31.851708972822095],[76.0044770099163,31.854568733377285],[76.0047769501866,31.858888351220735],[76.01102609600646,31.864807847446208],[76.01984491999262,31.866427733850824],[76.02427434761155,31.86404796221072],[76.0314433939389,31.865067896392883],[76.04328897548011,31.861388497082654],[76.04475167384496,31.856848672047636],[76.04955104487365,31.855668793459152],[76.06012968901507,31.846819614378774],[76.06412086703591,31.846179385677065],[76.07023003618085,31.85326084327594],[76.0731372620538,31.861158995877563],[76.06555968587676,31.870156112311843],[76.0628174386396,31.881474615337428],[76.05608508550212,31.87720247856552],[76.04536332360678,31.88420789513302],[76.04286694381021,31.875757242879647],[76.03690355107301,31.872735119581378],[76.02821177977779,31.87910374020341],[76.02716291827731,31.881942025641457],[76.01990545953149,31.88805330539553],[76.02182116360814,31.89525759513724],[76.03068058440964,31.90709272920144],[76.02256609703475,31.91232050792629],[76.01469813382292,31.91296349438666],[76.01189861416862,31.9189352469837],[76.01714975446627,31.923431748776032],[76.01492412000785,31.92799357038344],[76.0239679920207,31.927107490565604],[76.02321752430214,31.93230778560341],[76.01791991027288,31.934412570466993],[76.01616231153443,31.938109469797563],[76.01285978690365,31.938063508711558],[76.00986574861362,31.943581644952165],[76.00304700237739,31.937878686055402],[76.00115356775986,31.943784015712517],[75.9918628647209,31.95531196347653],[75.98544905882163,31.95898978161782],[75.97795211278418,31.96060696541396],[75.97329479358055,31.957985848087176],[75.9725905861122,31.964233966299194],[75.96605566685284,31.961592864045937],[75.95706831699881,31.963043335715277],[75.94723928698056,31.967313337850292]]]]},"properties":{"District":"KANGRA","STATE":"HIMACHAL PRADESH","TEHSIL":"JASWAN  KOTLA","Shape_Leng":98201.9436815,"Shape_Area":108888056.099}},
{"type":"Feature","geometry":{"type":"Polygon","coordinates":[[[76.2724598708283,31.937514904383374],[76.26262797860531,31.935063960672686],[76.25745752714685,31.929117680779523],[76.25912650625096,31.92074580607388],[76.2681405063033,31.919673933612742],[76.26712506496152,31.91497826008091],[76.28138236884301,31.90813097739053],[76.27044837759784,31.905755953652676],[76.27011527971135,31.903838202035708],[76.281217287533,31.896400727187316],[76.27603658270031,31.88761802554751],[76.27317012477211,31.878125257858837],[76.2694643031369,31.872011656880215],[76.27259808750512,31.868209512051315],[76.27151594824925,31.862137382155673],[76.26619063858355,31.8602065544602],[76.25628715484036,31.863775098604897],[76.24815749536512,31.863215397746263],[76.24337465041671,31.861068702288357],[76.24363190871196,31.8539038230367],[76.23721362988242,31.851949208471453],[76.24082409451121,31.844276401872953],[76.24861705049669,31.837618324520022],[76.26076599269048,31.829539082141345],[76.2700407586543,31.827218148660094],[76.27565888387095,31.821332673033325],[76.28134094062983,31.820800053014814],[76.28878359518063,31.81370714696468],[76.29137630994485,31.809461326638615],[76.29418129155927,31.79701420683068],[76.29882752068843,31.787390939405245],[76.30024563109735,31.7803417516312],[76.30505688577982,31.776510521815055],[76.32669480261647,31.77861663424179],[76.3343137763358,31.7821563500898],[76.3487518222298,31.791125610754293],[76.35482101601387,31.792035553343222],[76.35777753989066,31.790053579629046],[76.3615401748674,31.783186363548804],[76.36509971701791,31.780736593884217],[76.36285004049238,31.77571702887045],[76.36821754331385,31.77260504261852],[76.37719795987809,31.77552612245546],[76.38486639989885,31.78213774135939],[76.39556483302987,31.794661245538112],[76.40150278192729,31.794125649727018],[76.41045371193934,31.783426532093024],[76.41234770154426,31.782812949143242],[76.40886589530776,31.791134342205744],[76.40140726600956,31.79583866296469],[76.38662729283065,31.801693445415065],[76.38256979354742,31.80919066931621],[76.37538565813519,31.81506265649078],[76.37503441007728,31.82096339371941],[76.36953931164686,31.8221222108923],[76.36347752282732,31.828873857451953],[76.3568466042014,31.83987885923624],[76.35885541796443,31.844253816750708],[76.35589980318863,31.85072302602375],[76.34936025964411,31.854364717535624],[76.34717737845723,31.863507120169004],[76.344502633136,31.86591021572921],[76.33663271243026,31.880253495587457],[76.32860289497158,31.886415906615692],[76.32661016998351,31.891550210672783],[76.31986407841332,31.8975790391222],[76.31479039570536,31.906073911031257],[76.30703648329579,31.905242847097995],[76.30486503423734,31.910010571802697],[76.30624576842784,31.916227132370434],[76.29792794738245,31.921339878374614],[76.29625784441374,31.926128193275986],[76.28521450047775,31.932041147055443],[76.28331543661992,31.93419026734323],[76.27623143240692,31.93398782856978],[76.2724598708283,31.937514904383374]]]},"properties":{"District":"KANGRA","STATE":"HIMACHAL PRADESH","TEHSIL":"JAWALAMUKHI","Shape_Leng":68606.5595855,"Shape_Area":119673010.665}},
{"type":"Feature","geometry":{"type":"Polygon","coordinates":[[[76.12727875347663,32.22966318329491],[76.12347038753047,32.23070540968557],[76.12606746856991,32.23872188409459],[76.12342514743416,32.243162700142996],[76.1255247406873,32.24774463667161],[76.12268671853079,32.25099385755544],[76.12398809736099,32.25582713765002],[76.11357337807448,32.26001534014723],[76.1051620014312,32.260055273660896],[76.10068166702574,32.26235448461673],[76.0922208556688,32.270544973132985],[76.0800909865339,32.270354011996346],[76.06964242719522,32.26787538716938],[76.06300489267488,32.26479505934985],[76.05326824551004,32.26617884562418],[76.04510501993249,32.264246342963794],[76.04406753255167,32.26855334331108],[76.0313280881967,32.268762872410754],[76.02717264777978,32.26128717501573],[76.02671679607313,32.249786551282654],[76.02140661854189,32.24571027954855],[76.01505937967507,32.24978193687416],[76.01229987181378,32.25373254909696],[75.99804362422354,32.266131912983155],[75.99115445012316,32.261870528130714],[75.9823076323351,32.26285465929889],[75.97684447170053,32.26685027798141],[75.9750131481184,32.259797494520214],[75.97710077897678,32.2501388147755],[75.96887186163309,32.24771543933815],[75.96490276406142,32.24258221785331],[75.96209648135665,32.24347898660275],[75.95721016857202,32.237415244628004],[75.95407201557995,32.24506304010711],[75.94750862875517,32.248741715625],[75.94441240628015,32.253116367589556],[75.9414843919135,32.24844348293205],[75.93243771759647,32.24299309388535],[75.93565084573038,32.23634737927908],[75.94347864853701,32.231548229460046],[75.94452278784752,32.21693986845159],[75.94654720211581,32.2129485700325],[75.93697264060881,32.19842273400113],[75.9282026382775,32.20735257819025],[75.92515298373814,32.20284959713048],[75.92740398560909,32.19450512259121],[75.92726532897038,32.189147630542564],[75.92949745737296,32.18145668212109],[75.9445141518092,32.16159354037762],[75.95533735719523,32.156617763800725],[75.96692394817428,32.148687311767866],[75.96524390530276,32.13834411952203],[75.96753466250493,32.13399388843408],[75.96409982784154,32.128911517379294],[75.96386510035201,32.12435128683737],[75.97052583731497,32.113016492484704],[75.97216032616632,32.106149437192315],[75.97667768172789,32.10059515658012],[75.97547702306692,32.09378166652932],[75.98637561728395,32.08011301929482],[75.99889509095229,32.08019445521921],[76.00215061038378,32.08308769835399],[76.01321478901791,32.08575788455945],[76.02187322909175,32.08490512708413],[76.02389497497876,32.08853678351525],[76.02248585450285,32.09353523458176],[76.01865574486855,32.09703149073006],[76.0191173137169,32.104411459412916],[76.01045558288686,32.1132534352112],[76.00978498581658,32.12875385582334],[76.01279749111835,32.12949878446741],[76.01052265949575,32.13651014649077],[76.02032382453153,32.13976499353183],[76.01979394470645,32.12885418956472],[76.02434596311761,32.12884427041481],[76.02868352796237,32.11454874649355],[76.03716538122475,32.102994259214285],[76.0395158629891,32.10264688759727],[76.04075026568859,32.09553688051213],[76.04359646161586,32.09182060114893],[76.04849474981377,32.09399912245352],[76.05170607580267,32.09028084873695],[76.05503642653065,32.094525959628086],[76.06076078688318,32.09211122444949],[76.05862719813932,32.08839362741348],[76.05146292151056,32.08817793140853],[76.0541418789019,32.08211554517118],[76.05372013087191,32.077815521475344],[76.06124628484343,32.06688792878897],[76.06422536603256,32.06918694138279],[76.07003673380389,32.06532052806305],[76.07621557871654,32.0633006335626],[76.08643406527234,32.06717554941124],[76.09352471100384,32.062870955205966],[76.0864950697523,32.05836127113334],[76.0796533437598,32.05736941176304],[76.06845636348619,32.05300425107999],[76.07234589524317,32.04322605852458],[76.08872165893142,32.03403388184981],[76.09505369895655,32.041478285902095],[76.10445850783893,32.04392567328709],[76.1077609462462,32.043493520766546],[76.1162108629797,32.0555642983956],[76.1129803958705,32.060028069434615],[76.11701427456883,32.06232871104496],[76.11978746117137,32.058614612503774],[76.12535524869999,32.05666024104687],[76.13044659772612,32.06138443057401],[76.12760284796815,32.065314705122745],[76.12365026483911,32.0655534903839],[76.11932822683501,32.07284145992465],[76.130508437337,32.07219717414103],[76.1260766289108,32.07824916079071],[76.12230964886821,32.080621825379154],[76.1149036053639,32.09140399604971],[76.10929577863924,32.08945863064213],[76.10274128734365,32.09133763871459],[76.09953925884669,32.09809172679639],[76.09947265671953,32.10218531885975],[76.09398871252306,32.109274646885204],[76.09375333717973,32.11486395012274],[76.09064334011904,32.12073919429047],[76.08466003279487,32.12777037971379],[76.08243777072458,32.1327274891693],[76.08487463373467,32.13600051850112],[76.09040712551662,32.13815495503841],[76.08363560170193,32.14703356934611],[76.07630012599485,32.15072707914973],[76.07007189912831,32.1507626885979],[76.05975449061593,32.15672824366807],[76.05656609939219,32.16471208935863],[76.05228723116981,32.1683773522899],[76.04866056342718,32.1750726868726],[76.05149479379826,32.1778352999243],[76.06073262287114,32.174554126604086],[76.06448219771197,32.16872047856976],[76.07149609770454,32.16765846415782],[76.07181532364913,32.16492851452322],[76.08266422861776,32.15883058460148],[76.09115038897595,32.162070421145074],[76.09767648617162,32.1560933120018],[76.10191812329178,32.15597020704569],[76.11363607793315,32.16107558843383],[76.11943554288588,32.16491693996191],[76.12137005332612,32.168821457895845],[76.13280427710747,32.168909268665956],[76.13661329407867,32.16581077963215],[76.13818093984018,32.171606184606205],[76.13211740778189,32.17761562389619],[76.13113611671915,32.18324484404196],[76.13528554689621,32.18853048515731],[76.1395934429242,32.20068852827082],[76.14485955282261,32.20806001419315],[76.14333015348933,32.21450165460911],[76.13767274371956,32.21485551468152],[76.13393362580196,32.20978913384276],[76.1265253603151,32.22023013645041],[76.12846337987213,32.227263645210236],[76.12727875347663,32.22966318329491]]]},"properties":{"District":"KANGRA","STATE":"HIMACHAL PRADESH","TEHSIL":"JAWALI","Shape_Leng":149001.10853,"Shape_Area":302916460.017}},
{"type":"Feature","geometry":{"type":"Polygon","coordinates":[[[76.2747476815571,32.16358394103427],[76.26494705754561,32.161399470603726],[76.26688974065567,32.15511184986055],[76.26289548282682,32.14888445007939],[76.25802930361463,32.1476611963873],[76.25517151202179,32.14322114312176],[76.24451130513692,32.14165221149239],[76.22930253766634,32.136348259178504],[76.22129535298654,32.136321787587356],[76.21419862181386,32.14383033309971],[76.20332922851932,32.151084805116085],[76.19797510483204,32.14692998073214],[76.18890540560297,32.1440902262526],[76.18777760897198,32.1391818716179],[76.17906620295271,32.12779956282635],[76.17444409082935,32.1244284255185],[76.17452320468203,32.11857199197703],[76.1826653492351,32.115766136796424],[76.18475593301666,32.12198826217786],[76.18820193858234,32.12056752253037],[76.18936902051834,32.109014289380966],[76.20220180058415,32.097882166814564],[76.20062725983333,32.0949820093176],[76.2047576968263,32.0914594858008],[76.20440283944632,32.08289041314098],[76.20087044769181,32.08164176683257],[76.19178090327595,32.08538510939769],[76.19159384299387,32.093405284778314],[76.18626778660101,32.099670040572875],[76.18077576533344,32.100126156993625],[76.17574961328187,32.09764078081815],[76.1835576913211,32.088709572347845],[76.19140465290266,32.076373997614965],[76.19333963497253,32.067706673267764],[76.18923649991368,32.06159349171316],[76.18392142398002,32.06205989785159],[76.17905870160341,32.05869197244295],[76.18134630202805,32.05391372715275],[76.18035434139986,32.048176544883475],[76.18585221693601,32.03593869093473],[76.18899847821869,32.03694176071999],[76.19194896449805,32.031897103008184],[76.19090133394964,32.027620436284494],[76.19663588551242,32.02556920920881],[76.20337916719657,32.015786780394144],[76.20440380986088,32.008673596333544],[76.21061011971184,32.013762360500245],[76.21728345869995,32.012563637708766],[76.22764167801535,31.999785616125013],[76.2267770338864,31.993093582795552],[76.22922915589967,31.988383066567298],[76.23405525790456,31.984471387053443],[76.23685978286406,31.976737339297014],[76.24147859616053,31.970885258685755],[76.25234694066697,31.979674638928746],[76.24536719305783,31.987650324022148],[76.25144329958091,31.991279879748582],[76.25277503643015,31.996712055076515],[76.25685218066258,31.999648763308546],[76.25961780874715,32.00910224128391],[76.25897253892973,32.01563646248971],[76.25345723536928,32.01897683717671],[76.2603888852315,32.023138657231335],[76.25942678340918,32.028255167246634],[76.26783683885539,32.03568516883063],[76.27784668791513,32.036414360390836],[76.28652204312834,32.042672204645065],[76.28694115472692,32.04735042287485],[76.29142077200996,32.0520692968096],[76.29173455997103,32.0622072131943],[76.29442832269329,32.06792604535163],[76.30111351706122,32.0689686556308],[76.29984468431073,32.07698287841053],[76.29738232903509,32.07972763027633],[76.30434678327032,32.082897020691654],[76.30599591039878,32.08605698880449],[76.30129563956459,32.095342377560335],[76.29601650743727,32.09998250616189],[76.30182070386772,32.102795646314505],[76.31262734940088,32.102821441534736],[76.32700222403801,32.110146252790074],[76.32963284563424,32.11781285521003],[76.34518737045526,32.13177957438014],[76.34069066419329,32.13725138815556],[76.34542147624224,32.14476566305161],[76.33715490354629,32.13872133415147],[76.33387334942601,32.138154076434],[76.32658837526455,32.14151075508158],[76.33040373678904,32.14737003269896],[76.32237099363729,32.147092849910806],[76.31327810275674,32.148247767561536],[76.30970398484128,32.143797584042055],[76.29871696858461,32.143627480176],[76.29531769681456,32.147351028816956],[76.28798677533192,32.14952392836994],[76.28773993194683,32.15468064550834],[76.28507233807913,32.15758294493328],[76.27367087123397,32.1602323552921],[76.2747476815571,32.16358394103427]]]},"properties":{"District":"KANGRA","STATE":"HIMACHAL PRADESH","TEHSIL":"KANGRA","Shape_Leng":90886.7318549,"Shape_Area":164768860.92}},
{"type":"Feature","geometry":{"type":"Polygon","coordinates":[[[76.40999819489635,31.968698913929735],[76.4057875710583,31.970023879455244],[76.40167109397304,31.966086256307502],[76.39230138087673,31.967985207655317],[76.39077775503908,31.966417725304836],[76.3702781594146,31.965984152556388],[76.35578536985876,31.962858920378277],[76.34394523585837,31.962469125762034],[76.33421236104554,31.95885192382217],[76.32843332025406,31.960020929036624],[76.32473681205616,31.957047869583636],[76.31980713066146,31.959226489521374],[76.31716077691439,31.95731849694255],[76.30228887461719,31.958581419300934],[76.28389770828139,31.943671561684663],[76.27821800738931,31.942999074663913],[76.2724598708283,31.937514904383374],[76.27623143240692,31.93398782856978],[76.28331543661992,31.93419026734323],[76.28521450047775,31.932041147055443],[76.29625784441374,31.926128193275986],[76.29792794738245,31.921339878374614],[76.30624576842784,31.916227132370434],[76.30486503423734,31.910010571802697],[76.30703648329579,31.905242847097995],[76.31479039570536,31.906073911031257],[76.31986407841332,31.8975790391222],[76.32661016998351,31.891550210672783],[76.32860289497158,31.886415906615692],[76.33663271243026,31.880253495587457],[76.344502633136,31.86591021572921],[76.34717737845723,31.863507120169004],[76.34936025964411,31.854364717535624],[76.35589980318863,31.85072302602375],[76.35885541796443,31.844253816750708],[76.3568466042014,31.83987885923624],[76.36347752282732,31.828873857451953],[76.36953931164686,31.8221222108923],[76.37503441007728,31.82096339371941],[76.37538565813519,31.81506265649078],[76.38256979354742,31.80919066931621],[76.38662729283065,31.801693445415065],[76.40140726600956,31.79583866296469],[76.40886589530776,31.791134342205744],[76.41234770154426,31.782812949143242],[76.41417320897173,31.785456366078968],[76.41098360210123,31.79090587091728],[76.41590115994765,31.79489583514419],[76.42443180408077,31.794905570274576],[76.43327064426896,31.79315576019903],[76.44164948633491,31.80280493767224],[76.44770868945201,31.80186504361344],[76.45292798651148,31.804434837131254],[76.45709744101504,31.80351493600334],[76.46364655988653,31.806464699253095],[76.45441775989077,31.809914359219437],[76.45476768002702,31.81618380410132],[76.46029694554325,31.816973755702218],[76.46581625554155,31.80969442172867],[76.47003570519915,31.807914596471342],[76.47563495321077,31.81049438993132],[76.47386624384468,31.816374711857474],[76.46715843329652,31.820489193645493],[76.46521892162525,31.826207657057235],[76.46716863925344,31.82883119368141],[76.46684733730534,31.83144061893924],[76.45826538042165,31.833072812243987],[76.45249608794265,31.850313765360443],[76.44602102611476,31.852657592034646],[76.45227374798924,31.860241999440902],[76.45765060980993,31.860531063873278],[76.45819797635968,31.86633209871942],[76.45585079898548,31.871922491251993],[76.45615661851019,31.876541167231856],[76.45276815039428,31.8811980947763],[76.45094001272095,31.887376776647308],[76.44523434473113,31.890553518704117],[76.436409958715,31.898040465944423],[76.42422111628767,31.915057344337793],[76.41577051831695,31.93052111623509],[76.41457795859164,31.935994143137027],[76.41698593833206,31.94740873145068],[76.42309898765726,31.950877038495147],[76.41839358439954,31.952303006959365],[76.40999973763567,31.959844060849523],[76.40760281921978,31.964937168805456],[76.40999819489635,31.968698913929735]]]},"properties":{"District":"KANGRA","STATE":"HIMACHAL PRADESH","TEHSIL":"KHUNDIAN","Shape_Leng":78290.2126095,"Shape_Area":187458647.424}},
{"type":"Feature","geometry":{"type":"Polygon","coordinates":[[[77.07347963169221,32.39854581362259],[77.07776857502203,32.40786388257052],[77.0777035129553,32.41812274755896],[77.06483067418928,32.41796535473597],[77.06203084922458,32.42571092083687],[77.05487255560251,32.433266502586434],[77.04141178557748,32.42478810545336],[77.03678102415977,32.42314708893514],[77.03157377029217,32.42456227637425],[77.02135692396854,32.421212392645536],[77.01497650403911,32.417724737845504],[77.00050101483751,32.41445567759979],[76.9989369533046,32.41180115254743],[76.98005063240879,32.40346209861138],[76.96927167446339,32.401133958924916],[76.94724591387059,32.40269449507151],[76.94417573251582,32.40709159324923],[76.94435479037512,32.41300960097583],[76.94857995959322,32.42213516948462],[76.94705585063609,32.42643518591411],[76.94162275576232,32.42495321200606],[76.92974841271567,32.41704439228373],[76.92128063803715,32.415625480591544],[76.90883774388249,32.4169558734003],[76.91205588600077,32.422877008046044],[76.91619306561834,32.43599942277055],[76.90760313525467,32.43985844491228],[76.90233901459324,32.446143292407186],[76.89892858250876,32.44786780199705],[76.90225464760601,32.45616754437738],[76.9118047539227,32.463948798757855],[76.90387700224944,32.46725921698324],[76.89700332704855,32.46583205004832],[76.88278972583,32.465809342737664],[76.865947907708,32.463367924384244],[76.86445777307664,32.460338975410295],[76.85832721522047,32.45730035034296],[76.85267191500235,32.452112830733356],[76.84560349633755,32.448243546437745],[76.8420741687155,32.444128801986395],[76.82811145449419,32.43950740361421],[76.82073767176382,32.43300109445252],[76.8129907718748,32.42445431506716],[76.81267837494072,32.418948088508785],[76.80955255540192,32.41406967491307],[76.80096554557767,32.407530854693256],[76.79326613343342,32.4069850918832],[76.7832374513523,32.40245360573502],[76.78165089241753,32.39819744850806],[76.78759088357774,32.38765898356338],[76.78584090191438,32.37903392536867],[76.7862952255951,32.372069742850066],[76.78147405904225,32.36902756595307],[76.77670177672303,32.361359062579936],[76.76851531706826,32.35833407714863],[76.76481445906528,32.359931175296055],[76.7520184575938,32.35813639771486],[76.75802079159368,32.34870400097916],[76.76831715752964,32.34284413850062],[76.77496513963625,32.33369186282159],[76.77773419539376,32.32194367717509],[76.78498911022176,32.314090676628076],[76.77088153068293,32.30855179501845],[76.77005936642918,32.30536523798508],[76.77747938207348,32.29793686481855],[76.77468256572114,32.28968610669061],[76.76999034621012,32.28242807942366],[76.77267272221697,32.27211965664868],[76.77845954517691,32.26413577128607],[76.77873016719195,32.26099893569114],[76.7741296454969,32.25551031441508],[76.77001760002148,32.254936728903],[76.76667893697767,32.24943318904209],[76.77391944852506,32.24739988364225],[76.76987486599766,32.242050805673124],[76.77158256524164,32.23727571943648],[76.77056708878197,32.22995029259821],[76.76824291334835,32.22609558348158],[76.77059479386207,32.222209705032704],[76.76550206204047,32.214594887063036],[76.7627242559433,32.20794619318484],[76.76010326037886,32.207173966114034],[76.75552415085161,32.20056088659724],[76.74552540406408,32.1979451077947],[76.74220028002293,32.1955068294901],[76.73507113671864,32.18612437417027],[76.73637017015453,32.17802538030315],[76.73352792903978,32.173484695599505],[76.7324672833071,32.167335106549075],[76.73807617922434,32.16170176672132],[76.74699327219136,32.14495317755567],[76.74652944608232,32.13534440688543],[76.75103597129018,32.13089778772753],[76.74993129201587,32.12246993600796],[76.74478521660527,32.117418652559195],[76.745569041684,32.107684108911876],[76.74271139353623,32.102232158538676],[76.74928284359203,32.096498297303704],[76.74944250689681,32.094173678095956],[76.75554160296878,32.087122037995755],[76.75620645218976,32.0832276604746],[76.76773031716408,32.07664274503379],[76.77565160909583,32.067407721062324],[76.77879949362894,32.06448762083635],[76.78687897701072,32.07254919966976],[76.79866638207737,32.07044014115935],[76.80760368845094,32.0609804097794],[76.81604229056188,32.05647472577636],[76.82524372471536,32.04846606490516],[76.83211178117405,32.04766814565608],[76.84304116129029,32.040174395906625],[76.85748760851033,32.050571409342886],[76.86549262601328,32.05062965921284],[76.86867143019451,32.04909991867919],[76.87911887063181,32.05575213860035],[76.89294637272599,32.057581731674304],[76.89883157254822,32.05994476473606],[76.90679555083078,32.05942776850729],[76.90963181082647,32.061283032555934],[76.92172733355576,32.059149192674575],[76.9355186667126,32.06212878677556],[76.94209166662061,32.06702847169862],[76.93831191598522,32.073271754313474],[76.93929885893583,32.078511768884894],[76.9374920600102,32.08768237491728],[76.93476614991951,32.092681636123565],[76.94043512736604,32.098586783941776],[76.94335745108819,32.11009067062492],[76.95792527857773,32.11244101588697],[76.97481037837255,32.11008715271949],[76.98459007540635,32.11003457632291],[76.98659188096843,32.115107476686894],[76.98273415285614,32.11956651747159],[76.98301387571446,32.12565376199498],[76.97905948793651,32.132367165341854],[76.98449564214164,32.13711598660579],[76.98171203794529,32.14461417830045],[76.98377750318053,32.153005763764064],[76.98958523579093,32.16554598563144],[76.98933042998844,32.16915315822464],[76.99687906135311,32.177698088987654],[76.99253668556281,32.18160279423859],[76.99766335532063,32.19356984521847],[77.003072261917,32.19942704002353],[77.01118040426012,32.1990117190945],[77.0161176566898,32.20023761272535],[77.02083334835861,32.20578740112453],[77.03335411403155,32.20487385456027],[77.04002679748446,32.207527666349286],[77.04226695001832,32.212022411391665],[77.0486313401543,32.21747017515881],[77.05037286963764,32.22484298139646],[77.04737174302697,32.22715276861],[77.04440485133897,32.23444488005367],[77.03299067293902,32.24038224070579],[77.02926581561896,32.24653344426686],[77.0325431891292,32.24977002208331],[77.0308533882376,32.25804437502866],[77.02719771700956,32.25918149779701],[77.02734503283484,32.27231607744692],[77.03375951898822,32.28156231543654],[77.03549882061142,32.29065639741214],[77.0403498523482,32.300989412791374],[77.04548578475432,32.30533416061466],[77.05542685701253,32.309329583560796],[77.06196610013521,32.31429531616576],[77.06391731682163,32.3254629752372],[77.069734013176,32.33485193010397],[77.0560152941127,32.3420144282519],[77.04498350235842,32.34140115531584],[77.04552819374003,32.34722651431157],[77.04851649536036,32.3531364643137],[77.04731550338713,32.36219527879218],[77.05124627094179,32.37074264390765],[77.06410086708286,32.38193667481179],[77.0698246383443,32.39014429640055],[77.07347963169221,32.39854581362259]]]},"properties":{"District":"KANGRA","STATE":"HIMACHAL PRADESH","TEHSIL":"MULTHAN","Shape_Leng":167027.73222,"Shape_Area":967406546.114}},
{"type":"Feature","geometry":{"type":"Polygon","coordinates":[[[76.4091567878399,32.14162061400222],[76.40089622132263,32.139742142254285],[76.39634016137674,32.136289201366125],[76.39019530616743,32.136724187932],[76.3888352546879,32.14041051302401],[76.39849022597974,32.14539398581453],[76.39580562549139,32.14824434987759],[76.38628240005404,32.15046661226385],[76.37850564733162,32.149112095025586],[76.37424841634706,32.14385623372813],[76.37230223951322,32.157174957104914],[76.37614324263436,32.1636912824443],[76.37324157096504,32.167874768431766],[76.35477710289977,32.16264641079904],[76.35346612575461,32.159875768177635],[76.35810837862289,32.156269670703914],[76.35354206251024,32.15212081137111],[76.34512825050997,32.151689844027466],[76.34542147624224,32.14476566305161],[76.34069066419329,32.13725138815556],[76.34518737045526,32.13177957438014],[76.32963284563424,32.11781285521003],[76.32700222403801,32.110146252790074],[76.31262734940088,32.102821441534736],[76.30182070386772,32.102795646314505],[76.29601650743727,32.09998250616189],[76.30129563956459,32.095342377560335],[76.30599591039878,32.08605698880449],[76.30434678327032,32.082897020691654],[76.29738232903509,32.07972763027633],[76.29984468431073,32.07698287841053],[76.30111351706122,32.0689686556308],[76.30826204089297,32.07258328002377],[76.31078640781098,32.06574346596387],[76.3198553908227,32.05668881024389],[76.32576224862257,32.05409610527001],[76.3388058156234,32.056653635369656],[76.34458169973651,32.05971819126359],[76.35234061988051,32.06624190232492],[76.35576637682705,32.064013887647384],[76.35771673507745,32.05845975875616],[76.35671298823719,32.052836484353776],[76.35094989451694,32.05019637383508],[76.35231679643678,32.03727612885674],[76.35007192890706,32.03056423583856],[76.34592087278615,32.02774291577936],[76.34642621500959,32.022167828681454],[76.3583061647093,32.02784214160204],[76.36462637080014,32.028572797246085],[76.37664775582738,32.03708684254216],[76.38055148785872,32.04146613119821],[76.38695183903563,32.03987851250328],[76.3941320000539,32.04362382391299],[76.39276909293402,32.04639939991611],[76.40063108647014,32.06020278851862],[76.40017938576489,32.063690577556976],[76.39435928317417,32.07344739989115],[76.4007425949552,32.08290147191064],[76.40787024391751,32.08226311953594],[76.40991135957843,32.07699718085415],[76.4141239333003,32.07329678725676],[76.41822018077227,32.07373041494784],[76.4225681133576,32.08719161354041],[76.42184458522412,32.091909216307734],[76.42345342758158,32.10395095601798],[76.44425016411566,32.112917474161115],[76.43522654747439,32.12945256878344],[76.43534419578512,32.134453499620356],[76.42815006138625,32.13663965030591],[76.42238719591361,32.135342039003554],[76.41838123986959,32.13696941719478],[76.41030944265414,32.137080902031954],[76.4091567878399,32.14162061400222]]]},"properties":{"District":"KANGRA","STATE":"HIMACHAL PRADESH","TEHSIL":"NAGROTA BAGWAN","Shape_Leng":69697.3433496,"Shape_Area":105666863.694}},
{"type":"Feature","geometry":{"type":"Polygon","coordinates":[[[75.93719531891345,32.39733490095737],[75.9330234891258,32.391552466235815],[75.92795668906906,32.39451044883568],[75.9240159610166,32.39125871252772],[75.91938383786292,32.39674620520467],[75.90899702144371,32.393432759033566],[75.89092554962801,32.39367519561337],[75.88671172659627,32.396200600936176],[75.87360117875558,32.39568271103433],[75.8638661690094,32.38824720024247],[75.8565017138504,32.38486926999068],[75.84957628101442,32.37526547101878],[75.84476987085334,32.36485594754311],[75.84550270383804,32.35906547104671],[75.84381088600925,32.35530827472699],[75.83445123457984,32.35727694314814],[75.82749125187344,32.35022708763354],[75.81162559846241,32.34885626330957],[75.80751431239335,32.34071475948086],[75.81199604709298,32.33626447254137],[75.8148290341703,32.33018320816286],[75.80286666375567,32.328728578830294],[75.80004813044691,32.32709474297595],[75.78171654568399,32.31011400815632],[75.77700725409083,32.301685012904514],[75.77231741266147,32.28935849004628],[75.76126126139998,32.283481030518274],[75.74666880848473,32.277219588286464],[75.73951755624876,32.27553094404421],[75.7131952566893,32.272179545565585],[75.70570381007751,32.26870377908861],[75.68348401662284,32.26106894704545],[75.66960958199482,32.254918851631544],[75.67374432694352,32.249795714259584],[75.67443522722124,32.24533958709009],[75.68121374996336,32.24037459424818],[75.68892580203861,32.23944039499017],[75.69477112075268,32.236944542227754],[75.70190682946837,32.23695939749787],[75.71238906379303,32.23932074930986],[75.71919265882327,32.23730242352648],[75.7252010250111,32.22990613414607],[75.73196349590603,32.22962692233919],[75.73507763666474,32.22617755036994],[75.73189309847105,32.2220879778431],[75.73208665796379,32.216170274731965],[75.72810969296357,32.21226204688781],[75.71710307586565,32.210424202650174],[75.70889959711302,32.206544527040435],[75.71883942299432,32.20006768430057],[75.72918266509369,32.18887362379101],[75.7367493754259,32.186203684293325],[75.73789542407992,32.18038558164356],[75.72859530278659,32.1727541868756],[75.74243417314034,32.17266248981351],[75.74435861895034,32.16918750679945],[75.74261561744497,32.16446774159365],[75.74795985981027,32.15939001138461],[75.74781724611661,32.15314875773358],[75.74532275068194,32.147573970218815],[75.74524154911194,32.13763184784576],[75.74713878355058,32.1314332526193],[75.75706996586632,32.13297837329428],[75.7586864746108,32.1427552973065],[75.76187955219086,32.14688483503609],[75.77020739185208,32.144824385167695],[75.77376147735238,32.15172992189857],[75.77925628813688,32.15226994226428],[75.78044971885447,32.156988466522044],[75.78669600102333,32.16404573098145],[75.7818456709647,32.169206578452886],[75.78006388732481,32.17520386875909],[75.78974134820902,32.178299480764124],[75.79434425889954,32.17408579591645],[75.80073879861045,32.177412288022765],[75.80758892372579,32.17823442437402],[75.8123648941581,32.180772557213416],[75.82047352178976,32.178594101415726],[75.82379824359599,32.18021656489944],[75.83095320191666,32.17712682756897],[75.83837569904608,32.17756489825204],[75.84546157393939,32.17611484498843],[75.84763871620578,32.17205886975877],[75.85538627513193,32.17233651797346],[75.86456142413401,32.16522791086027],[75.86687264194458,32.15881478894924],[75.86205837323459,32.15207172807652],[75.86221359960604,32.14853384173843],[75.86885890431834,32.14734445263967],[75.87130194301146,32.144796369234825],[75.88119087770674,32.141403397891665],[75.89184342641917,32.140983054781344],[75.89500573466394,32.13364344977556],[75.89893596526069,32.13072003314008],[75.90576608903511,32.13653673981627],[75.91103850898955,32.13392209352129],[75.91404842269664,32.13706345226582],[75.92229056038781,32.13786423373586],[75.91867304331517,32.14171989006508],[75.91723717762967,32.14886292563307],[75.91189947166633,32.15514288359441],[75.926979361319,32.157895552553036],[75.92960201489943,32.15754807647805],[75.9445141518092,32.16159354037762],[75.92949745737296,32.18145668212109],[75.92726532897038,32.189147630542564],[75.92740398560909,32.19450512259121],[75.92515298373814,32.20284959713048],[75.9282026382775,32.20735257819025],[75.93697264060881,32.19842273400113],[75.94654720211581,32.2129485700325],[75.94452278784752,32.21693986845159],[75.94347864853701,32.231548229460046],[75.93565084573038,32.23634737927908],[75.93243771759647,32.24299309388535],[75.9414843919135,32.24844348293205],[75.94441240628015,32.253116367589556],[75.94750862875517,32.248741715625],[75.95407201557995,32.24506304010711],[75.95721016857202,32.237415244628004],[75.96209648135665,32.24347898660275],[75.96490276406142,32.24258221785331],[75.96887186163309,32.24771543933815],[75.97710077897678,32.2501388147755],[75.9750131481184,32.259797494520214],[75.97684447170053,32.26685027798141],[75.9823076323351,32.26285465929889],[75.99115445012316,32.261870528130714],[75.99804362422354,32.266131912983155],[76.01229987181378,32.25373254909696],[76.01505937967507,32.24978193687416],[76.02140661854189,32.24571027954855],[76.02671679607313,32.249786551282654],[76.02717264777978,32.26128717501573],[76.0313280881967,32.268762872410754],[76.02812606937465,32.27241292297984],[76.03118318486233,32.275407555781555],[76.026671145485,32.27993571636592],[76.01930235265183,32.284522596567236],[76.01634134565913,32.29082975680382],[76.01679504882448,32.295517822461846],[76.02215051506754,32.30601038606359],[76.02210972100285,32.31178563320497],[76.02486517741121,32.31925523289084],[76.01694904256027,32.31814334225616],[76.01869946821485,32.32916247260747],[76.02225723716883,32.33266627081392],[76.01866802343433,32.34143024947948],[76.01349773638263,32.348504483696416],[76.00964667558397,32.349475309545454],[76.00213492178003,32.35873084521561],[75.9995986679602,32.363764942274564],[75.98830087314688,32.38119966343931],[75.98019708309658,32.38358714019719],[75.97121199804292,32.39290546841197],[75.96405539360373,32.39319403925321],[75.95469592132454,32.391872522052736],[75.95037772830237,32.39395565822008],[75.93719531891345,32.39733490095737]]]},"properties":{"District":"KANGRA","STATE":"HIMACHAL PRADESH","TEHSIL":"NURPUR","Shape_Leng":152625.304313,"Shape_Area":530249101.548}},
{"type":"Feature","geometry":{"type":"Polygon","coordinates":[[[76.65216573117975,32.184265726160916],[76.64451289058306,32.184633956438844],[76.6415492456755,32.18673392123912],[76.62453343451163,32.190189268435084],[76.62120631228788,32.19399879547121],[76.61214225093926,32.19651446362875],[76.60960072076857,32.20274776477785],[76.60225234151763,32.207328071040536],[76.59694338328062,32.215061082551586],[76.586494684149,32.22279706726559],[76.57945010022114,32.221374790610696],[76.57579314183839,32.22296065614014],[76.55935287195152,32.22352381122023],[76.55640116681165,32.22793259211699],[76.5525924603246,32.22646031699187],[76.53872015401019,32.2293272256838],[76.52600349191404,32.22774087178769],[76.52427605789185,32.23229107102517],[76.51871880807545,32.23412062928586],[76.51081702440841,32.2304573384365],[76.49951935860314,32.23253561012852],[76.49710725678881,32.23753508000803],[76.48743430009391,32.24461166144664],[76.48454335241274,32.25015745072509],[76.47833908378584,32.250303756080974],[76.47411458661846,32.24783044209747],[76.4629377654737,32.247391175350536],[76.46266632892502,32.233998615973896],[76.4658660425668,32.22568429391533],[76.46438257863207,32.21269688243746],[76.46651154261075,32.205058776140305],[76.46149336487538,32.20525840455689],[76.44902105984531,32.19097010931462],[76.45069747515286,32.18464237786825],[76.44460384622106,32.180512696955724],[76.44266065698147,32.17397975678499],[76.44463315383918,32.15906832498336],[76.4304421383627,32.15667869870739],[76.42174586089544,32.14880727064849],[76.41624192896012,32.14753758680151],[76.4091567878399,32.14162061400222],[76.41030944265414,32.137080902031954],[76.41838123986959,32.13696941719478],[76.42238719591361,32.135342039003554],[76.42815006138625,32.13663965030591],[76.43534419578512,32.134453499620356],[76.43522654747439,32.12945256878344],[76.44425016411566,32.112917474161115],[76.42345342758158,32.10395095601798],[76.42184458522412,32.091909216307734],[76.4225681133576,32.08719161354041],[76.41822018077227,32.07373041494784],[76.42075366217475,32.06581522103238],[76.43083687476694,32.064810276878724],[76.43644732504474,32.055713550740876],[76.44153312384518,32.05260679556749],[76.44815308249373,32.056729981080274],[76.44972859692463,32.050929172086825],[76.45788686849444,32.049192235424236],[76.46122723036581,32.04021995239316],[76.46034548831629,32.034390525710926],[76.45359016313527,32.029180763653116],[76.45219564902267,32.02424194703052],[76.4555315402194,32.016852452041476],[76.4654309176939,32.01641654248412],[76.46882064210847,32.02516478022531],[76.47456420546925,32.029670644651624],[76.4778874660389,32.01956157096092],[76.4716469366207,32.00210376902143],[76.46704958275151,32.00557904541439],[76.46562208327833,31.995305935629876],[76.46768438692534,31.990936312818544],[76.47817712795542,31.98519465743261],[76.4744410315992,31.975146618585608],[76.47014289939399,31.972829105243186],[76.47919047618744,31.969687645042168],[76.48414465993739,31.973905791940894],[76.48868031929368,31.967773694432115],[76.48736223645005,31.96032392376159],[76.48840094828185,31.951363970514226],[76.48551282190421,31.947659367521187],[76.4856345100801,31.94195138140747],[76.49375252897674,31.936022909590662],[76.49889348416679,31.93482128530011],[76.50798653706511,31.936182440151303],[76.50619994278274,31.941996795067773],[76.50926746692645,31.945890994778175],[76.50921152462301,31.95444904857798],[76.51450709843924,31.95519088751758],[76.52268199214312,31.962684355784333],[76.53058723309957,31.96523437011398],[76.5373799458553,31.973483925307274],[76.53709583309451,31.976350677507913],[76.54242667498926,31.98199727829093],[76.53213173289049,31.99239383990679],[76.5361336091116,31.995181599553447],[76.5385530347591,32.00125059384894],[76.5461464066168,32.00448847270572],[76.54823538666253,32.007990433089674],[76.55255333748283,32.00694611528454],[76.55721017528415,32.009167303642535],[76.56290914873476,32.00926819851101],[76.5710668519966,32.01210066843712],[76.58062890768642,32.00996824177721],[76.58293393452114,32.002283302118265],[76.58924134124251,31.995197553278214],[76.58842266948791,31.990108644243367],[76.59762460630941,31.991098524992257],[76.6019140294398,31.986548837108618],[76.60713427907015,31.988170279748484],[76.60927238499963,31.99177516753483],[76.61596607976746,31.990361689994977],[76.62023373446603,31.993458710394666],[76.62194384633521,31.99836521042098],[76.61778323297128,32.00767756665636],[76.61401245402675,32.01175149277037],[76.60680069431098,32.0130865811574],[76.58537586250414,32.029990594926154],[76.58821866392607,32.03936523491299],[76.58486079476107,32.04560385014409],[76.58813983595722,32.049911612485865],[76.58548066729725,32.05256781353396],[76.58536512956081,32.05941218461777],[76.58886724127703,32.064847935493326],[76.58947417399898,32.07124378368305],[76.59517367732514,32.0709059014027],[76.6001758866803,32.07382558376117],[76.60435895525988,32.08258164842895],[76.59640534848855,32.09433873599607],[76.59625795434832,32.100150374109084],[76.60040000301666,32.10511440669808],[76.60808623928916,32.10400659444851],[76.61345759892163,32.10154768837757],[76.62071119957974,32.10373384255848],[76.62787779419442,32.107862789192346],[76.62824507575658,32.11005082730027],[76.62148080411359,32.114941092081516],[76.61899458293452,32.12805492440389],[76.61642801735032,32.13358423616195],[76.62590898814679,32.14641359984263],[76.6227633750005,32.15222994586273],[76.62596180852093,32.16075237665505],[76.62479070447517,32.16324691054405],[76.63033072897133,32.17100055173487],[76.63486354249765,32.17227174315979],[76.64138392401689,32.17913946588442],[76.65216573117975,32.184265726160916]]]},"properties":{"District":"KANGRA","STATE":"HIMACHAL PRADESH","TEHSIL":"PALAMPUR","Shape_Leng":139085.481181,"Shape_Area":421183218.454}},
{"type":"Feature","geometry":{"type":"Polygon","coordinates":[[[76.24861705049669,31.837618324520022],[76.2439977513379,31.834350403893566],[76.2385557160064,31.83768317952399],[76.23637627160775,31.832445213011987],[76.22947514693827,31.82354843168552],[76.22209752466047,31.81850766958205],[76.21661473207071,31.808833989156575],[76.20799494766868,31.79834189368658],[76.19991168059336,31.798954044673945],[76.19360183630046,31.79248566353178],[76.18863509214209,31.798991745804628],[76.18255824712571,31.79597514548036],[76.17289754941939,31.788077257634423],[76.16790695300908,31.790255687450998],[76.16481189431535,31.78879837574526],[76.1712953087954,31.78341562958734],[76.1804041125354,31.781695815312457],[76.18426361681693,31.77910605920035],[76.18504357355975,31.767137120664042],[76.18948298879766,31.766947154318476],[76.19964727160117,31.77007104663004],[76.20564747722341,31.767137067610772],[76.20436416761652,31.762894953908738],[76.21337059907354,31.755616131885507],[76.21507889200528,31.75043688686101],[76.22309831919176,31.742420622314427],[76.23328678590065,31.735462770563025],[76.23361615425449,31.73263298473575],[76.24496595796087,31.72150439740033],[76.25001129971167,31.718648311570853],[76.25278268709754,31.71461055205547],[76.26382740845361,31.712704429847587],[76.26393766300149,31.708755079019863],[76.27304180840326,31.703461214730876],[76.27714242721669,31.695583035187543],[76.28062685139052,31.69312218712689],[76.28385627045174,31.684717226848928],[76.29106110886262,31.686975999110476],[76.29699353986403,31.691346598518756],[76.29627516410896,31.694499031507792],[76.30480122833691,31.704600575800715],[76.30603078243718,31.71877524928502],[76.31137746283866,31.724502694014646],[76.31692747797346,31.72692038449252],[76.31899603719614,31.73135023052264],[76.31035405997929,31.742470461376993],[76.30932828391619,31.749267337394574],[76.30539030504809,31.756595406914542],[76.30534103801675,31.76391802606367],[76.30992801722108,31.767423997903876],[76.30746755901369,31.77288737484611],[76.30151536873053,31.776450550758835],[76.30024563109735,31.7803417516312],[76.29882752068843,31.787390939405245],[76.29418129155927,31.79701420683068],[76.29137630994485,31.809461326638615],[76.28878359518063,31.81370714696468],[76.28134094062983,31.820800053014814],[76.27565888387095,31.821332673033325],[76.2700407586543,31.827218148660094],[76.26076599269048,31.829539082141345],[76.24861705049669,31.837618324520022]]]},"properties":{"District":"KANGRA","STATE":"HIMACHAL PRADESH","TEHSIL":"RAKKAR","Shape_Leng":55477.0541556,"Shape_Area":114032822.435}},
{"type":"Feature","geometry":{"type":"Polygon","coordinates":[[[76.27114543460924,32.37613801166919],[76.26252398430417,32.37358258775141],[76.25941048749104,32.379443757702326],[76.26018693427676,32.38588674574379],[76.25664456682591,32.394155971705246],[76.2483595794497,32.39553565523607],[76.24541731786198,32.39369951022715],[76.23365846849474,32.39563309381829],[76.22358761238864,32.39554839664802],[76.22164941311758,32.39417701864131],[76.21784373085299,32.38889827408552],[76.21752556487137,32.385043140327355],[76.21253615209986,32.378626378711814],[76.20390438021423,32.37409226450673],[76.19852287881672,32.367921257824946],[76.19234223843705,32.36731105074607],[76.1842832773212,32.36085978206232],[76.17559730601243,32.3559535314556],[76.16747762286045,32.35420820999419],[76.17144638709962,32.34939037584066],[76.17261940233608,32.34311476746356],[76.17550099398838,32.340159571307595],[76.17164059062321,32.33420700093005],[76.16785835103681,32.32256006727221],[76.1616590320054,32.31806671119184],[76.16085987555813,32.31435358524043],[76.16354444007222,32.30989054566609],[76.16415907627145,32.30395070371887],[76.16265723617931,32.29780180431331],[76.16967712728443,32.28976791754624],[76.16758318568655,32.28452784496622],[76.17579093406763,32.28102527651864],[76.1863120570767,32.272073138629466],[76.18907261699883,32.26791653739959],[76.18416925734537,32.258602120126525],[76.18493542217952,32.252789132706035],[76.18123990306866,32.2475461026738],[76.18154611820752,32.23459669036361],[76.1855162287995,32.22818965476664],[76.1773095944845,32.22475722698773],[76.17043142969594,32.22349697775093],[76.17136009200762,32.231650434621564],[76.17005233701967,32.235447271179844],[76.16365266331432,32.234636370833236],[76.14818930934786,32.224438688390876],[76.1387080464085,32.22713092733324],[76.13697216283721,32.22951322621051],[76.12727875347663,32.22966318329491],[76.12846337987213,32.227263645210236],[76.1265253603151,32.22023013645041],[76.13393362580196,32.20978913384276],[76.13767274371956,32.21485551468152],[76.14333015348933,32.21450165460911],[76.14485955282261,32.20806001419315],[76.1395934429242,32.20068852827082],[76.13528554689621,32.18853048515731],[76.13113611671915,32.18324484404196],[76.13211740778189,32.17761562389619],[76.13818093984018,32.171606184606205],[76.13661329407867,32.16581077963215],[76.13336959829758,32.16126623341515],[76.14216626483052,32.15873357534601],[76.14585095325378,32.15468699610341],[76.1429636270792,32.14999635885742],[76.13864381522124,32.14831233960706],[76.13838007094726,32.14423005894247],[76.14366192136023,32.139351250418336],[76.14819375522724,32.14328195186654],[76.15472688273523,32.138857515818636],[76.16359774806763,32.1447372109411],[76.17091598186404,32.14425780197667],[76.17113308004721,32.1395925884538],[76.17494202907444,32.1309244346712],[76.17444409082935,32.1244284255185],[76.17906620295271,32.12779956282635],[76.18777760897198,32.1391818716179],[76.18890540560297,32.1440902262526],[76.19797510483204,32.14692998073214],[76.20332922851932,32.151084805116085],[76.21419862181386,32.14383033309971],[76.22129535298654,32.136321787587356],[76.22930253766634,32.136348259178504],[76.24451130513692,32.14165221149239],[76.25517151202179,32.14322114312176],[76.25802930361463,32.1476611963873],[76.26289548282682,32.14888445007939],[76.26688974065567,32.15511184986055],[76.26494705754561,32.161399470603726],[76.2747476815571,32.16358394103427],[76.2780680655882,32.17198955434433],[76.28257220527522,32.17835015533061],[76.27979278477608,32.18120197707349],[76.26920477457378,32.17853519676565],[76.25220883143908,32.17182147579805],[76.25127094732926,32.18018440075867],[76.2532484458006,32.18670235922917],[76.26080325039132,32.19799175691282],[76.26617866104725,32.20218467991937],[76.26680500770382,32.20873515256464],[76.27178248178178,32.211054350034914],[76.27008524512988,32.22435918036524],[76.26606164302714,32.23196480378273],[76.25643557699165,32.23818937651251],[76.2488772370575,32.237333095030074],[76.2446384033323,32.243092663255965],[76.24284964581112,32.253429610304735],[76.24810069861326,32.25947572438158],[76.2563759636901,32.26375391305955],[76.26033704478441,32.27133834407595],[76.25686695489856,32.27318917537827],[76.24245264339999,32.27567816049502],[76.23685961630177,32.277452497110254],[76.23371830113152,32.28177997395219],[76.23973756006133,32.286861619093074],[76.24339134923416,32.28664905191694],[76.24419654498723,32.298372226860984],[76.24144936783627,32.30250382664078],[76.24530133413005,32.307274605289464],[76.24609483933834,32.31212167076522],[76.24445083106055,32.32212583603418],[76.24889751037563,32.325101099296695],[76.2573682984163,32.33347429366914],[76.2582068372154,32.336806721895925],[76.27007604178742,32.350830375880676],[76.26893764893708,32.36425984550958],[76.27114543460924,32.37613801166919]]]},"properties":{"District":"KANGRA","STATE":"HIMACHAL PRADESH","TEHSIL":"SHAHPUR","Shape_Leng":118758.58943,"Shape_Area":239984948.195}},
{"type":"Feature","geometry":{"type":"Polygon","coordinates":[[[76.49889348416679,31.93482128530011],[76.49375252897674,31.936022909590662],[76.4856345100801,31.94195138140747],[76.48551282190421,31.947659367521187],[76.48840094828185,31.951363970514226],[76.48736223645005,31.96032392376159],[76.48868031929368,31.967773694432115],[76.48414465993739,31.973905791940894],[76.47919047618744,31.969687645042168],[76.47014289939399,31.972829105243186],[76.46188561469624,31.966418600852165],[76.45642725864008,31.96812235722232],[76.45411306448273,31.963211021967883],[76.45868619152773,31.959975086481393],[76.45365371054335,31.95591337160176],[76.44958934899458,31.956315221720818],[76.44501901805859,31.947610841903277],[76.44046999787993,31.945146927780424],[76.42947331121026,31.949787556368832],[76.42309898765726,31.950877038495147],[76.41698593833206,31.94740873145068],[76.41457795859164,31.935994143137027],[76.41577051831695,31.93052111623509],[76.42422111628767,31.915057344337793],[76.436409958715,31.898040465944423],[76.44523434473113,31.890553518704117],[76.45094001272095,31.887376776647308],[76.45276815039428,31.8811980947763],[76.45615661851019,31.876541167231856],[76.45585079898548,31.871922491251993],[76.46342110275836,31.873167540549574],[76.47194937386621,31.869537287023423],[76.47701350878324,31.871979611571184],[76.48349415305375,31.86305536092399],[76.48710176176934,31.865153196439678],[76.48453902805244,31.870892026998938],[76.48889101496123,31.879882842101036],[76.4929377609438,31.88205884880402],[76.50029510572458,31.8808839832477],[76.49985589820591,31.88590095341993],[76.50228760264254,31.89267427785079],[76.49018016419006,31.896278697682273],[76.48702177790996,31.89965687985379],[76.4873860376082,31.90642656098807],[76.49273097213275,31.91112848655246],[76.49281073373217,31.914902924908528],[76.49872207840173,31.927421130194038],[76.49889348416679,31.93482128530011]]]},"properties":{"District":"KANGRA","STATE":"HIMACHAL PRADESH","TEHSIL":"THURAL","Shape_Leng":43654.7437443,"Shape_Area":56588648.0292}},
{"type":"Feature","geometry":{"type":"Polygon","coordinates":[[[78.37165857568019,31.47555570868348],[78.36801603779219,31.482219424812317],[78.36913103782832,31.48614829795947],[78.37441564606009,31.491962313688806],[78.37611961022802,31.49762066589704],[78.37331093426394,31.499553608864304],[78.36929362217371,31.507410618942696],[78.37035547900928,31.513080406759],[78.36480495058315,31.514744953503055],[78.36253646406404,31.51876853913323],[78.36241338513915,31.5262411017842],[78.35890617540697,31.533817302428858],[78.35016161359631,31.536827190220478],[78.33916652992563,31.54415703569687],[78.32322227057173,31.552439140387804],[78.31555459000457,31.55320365166454],[78.30901182057492,31.55721159507105],[78.29333601894244,31.569639993538228],[78.28575493644264,31.570311643287422],[78.28161203947654,31.57385930458975],[78.28715229879786,31.58229586594406],[78.2913707654653,31.590982540400784],[78.30035967346507,31.59634714119853],[78.3129208423125,31.59942283573142],[78.31281539759726,31.60348358183049],[78.29746339807049,31.613546474812228],[78.29065408198156,31.629522867302253],[78.299650988411,31.63405314058948],[78.31171549693616,31.634750341721283],[78.31098427232067,31.6408583553902],[78.30542092501332,31.64410765248781],[78.30136499823186,31.65000614837489],[78.29286095208751,31.653014316110305],[78.29030658648048,31.65891976468511],[78.28601086169411,31.660924461636487],[78.27467555649247,31.67023186887936],[78.26680927024535,31.67302000685047],[78.26308304789791,31.67277742493361],[78.25438567730502,31.679689684251635],[78.24420764244154,31.683234210466956],[78.24227694139799,31.68635967440117],[78.21888036453377,31.69027822273951],[78.20435282086068,31.6876252394219],[78.19782922533497,31.690928637865653],[78.18708866034838,31.692390816562586],[78.18287855142182,31.684395021410687],[78.17631394338902,31.679477820207364],[78.17110285878162,31.68066658918219],[78.16338817231436,31.6870497592716],[78.15962982453625,31.686353498433363],[78.15488385077383,31.689805310645372],[78.143939400773,31.690170037648798],[78.13578861818407,31.695599531463],[78.1271905264299,31.69378664371868],[78.12095593358907,31.695063512524282],[78.11961512755563,31.691900938728743],[78.10998966835443,31.687904519191203],[78.10659674661534,31.67842454755214],[78.09737888976984,31.672151007560004],[78.09805586472501,31.663366137724378],[78.09975594854954,31.659090509955504],[78.10395870919318,31.656479567930823],[78.10640965911351,31.651097088355506],[78.10964981931224,31.64959005924947],[78.11152508065541,31.640609813998147],[78.11551861662912,31.636909108133004],[78.1184980001475,31.630854473383323],[78.12379503162633,31.633035421034037],[78.12964691187503,31.638809417318825],[78.13532444803606,31.639282075915435],[78.13826929878488,31.636541407106282],[78.14790860368286,31.635142973653032],[78.1527937057622,31.62949873855375],[78.15786615438698,31.619037007453002],[78.17227287618078,31.616808844351603],[78.18208368250606,31.607073744714548],[78.18638132804924,31.596933766761644],[78.19026549845445,31.597019354693398],[78.19121311464355,31.584953408384784],[78.1926395465743,31.581139073507956],[78.1873179146515,31.57399680893067],[78.19339027595122,31.56522882007037],[78.19021340443722,31.55480205541403],[78.18583314286745,31.550757589964594],[78.17934887357019,31.54895534727439],[78.17127342178287,31.543280622581573],[78.17133529788934,31.536435312437053],[78.1684690416497,31.531641347876985],[78.16644648820858,31.52353453479696],[78.15913069306895,31.518172122713278],[78.15690321496407,31.514234127303848],[78.16910303450942,31.510267163557828],[78.17878952647939,31.499013784737574],[78.18135974053813,31.494678178456088],[78.19367127480125,31.490083140175464],[78.19630649586706,31.47963816878244],[78.20011152562962,31.475548905128083],[78.20955855019255,31.47159565143087],[78.21598881906274,31.46755329515809],[78.24041155849842,31.463445669153757],[78.25565374131739,31.466200875900537],[78.27399509357713,31.466560702072492],[78.29338315373201,31.463448967453985],[78.30221424299569,31.46399975331662],[78.30208875972302,31.46064181172772],[78.30991905166864,31.455088085817238],[78.31362947181032,31.449540034584064],[78.31795617763008,31.447462079369927],[78.33473132797454,31.448153991347986],[78.34387809218973,31.459844791399675],[78.34740710275192,31.461962944067356],[78.35586301594361,31.463118171517408],[78.36414812969511,31.47098843829076],[78.3678668814779,31.47052492815707],[78.37165857568019,31.47555570868348]]]},"properties":{"District":"KINNAUR","STATE":"HIMACHAL PRADESH","TEHSIL":"KALPA","Shape_Leng":106697.164255,"Shape_Area":366107987.064}},
{"type":"Feature","geometry":{"type":"Polygon","coordinates":[[[78.07635454268636,31.783113956452944],[78.07481228475247,31.782230396620044],[78.05750659908735,31.78220967767416],[78.0540891201124,31.77668110464318],[78.04426365530988,31.769099335739043],[78.03995413257113,31.761023080666128],[78.03230251454164,31.75786315856542],[78.02700797505898,31.75799870484848],[78.02226754743036,31.763982839847706],[78.01743466597233,31.764571581384676],[78.01494440657213,31.771446537746087],[78.01139449844338,31.773872232510424],[78.00331107944093,31.771065351416876],[77.99927993748007,31.779232222018276],[77.99032508644477,31.77861744798929],[77.98857314876703,31.78107377220273],[77.97076025046285,31.780130896035267],[77.96684428940655,31.7823231457468],[77.96054127743129,31.782529370229035],[77.95264925030992,31.787183480384066],[77.94682532167275,31.782876355056825],[77.94569196329492,31.76843329794789],[77.9470546438896,31.762398514529032],[77.94046167612436,31.75712779533389],[77.94157799478224,31.752535452929415],[77.93613947681986,31.747691719096935],[77.9218842566033,31.748614884813673],[77.91666827173947,31.752049099049618],[77.90919889093898,31.750243070709676],[77.89996618678225,31.753469432708687],[77.89867476427055,31.759674225743087],[77.87253838575346,31.775629455799358],[77.86844311837113,31.782523561274523],[77.86089858993823,31.78358309419599],[77.85680421197586,31.78040034860803],[77.85849782999341,31.776862777980472],[77.85584748289439,31.770527358079867],[77.85402950031713,31.75478481299082],[77.83267644756593,31.75892135224531],[77.82874192971165,31.761007615811245],[77.8074307541405,31.761140047146654],[77.79476464070028,31.759402625444714],[77.78761514318198,31.75277807796997],[77.77735078067602,31.75471696961339],[77.76405254475544,31.761926353249887],[77.75839380967619,31.75342894277486],[77.75227198085818,31.751476741546377],[77.75148587803653,31.729954629167253],[77.75427930260462,31.723742550697292],[77.75314136215894,31.71807222076276],[77.74788604115636,31.713364112883966],[77.75736905502482,31.707297309568837],[77.7653976594533,31.70475578633069],[77.77218691063361,31.70547686037145],[77.77470301892187,31.701047130774477],[77.7841274552918,31.695898595111764],[77.78492475222698,31.691619031671166],[77.78940045979128,31.688272669025665],[77.79340975426646,31.679130186969406],[77.79277007606888,31.67459343696692],[77.80467421658652,31.670650012714866],[77.81114847350068,31.66632072321054],[77.81693696804325,31.653590509737118],[77.81615073220776,31.643855636110146],[77.82090996927698,31.641971886149165],[77.82347666291113,31.634158907784226],[77.81834764682691,31.626873532462124],[77.8146933216723,31.61879835202496],[77.81162081629166,31.615747114600786],[77.81206234009038,31.60954415519909],[77.81888450425258,31.604540452394712],[77.82016298174064,31.60072195315111],[77.83235237201386,31.585604833075486],[77.83729666053911,31.581216568016032],[77.83391149225241,31.560149092860176],[77.83472995684676,31.555079878289714],[77.84139507659752,31.53783793750112],[77.8411532004126,31.529659707578016],[77.84264663173103,31.52302122912541],[77.84154050876904,31.51474053430805],[77.83905837537482,31.510892438262456],[77.83985006166975,31.505836813680983],[77.85854902194171,31.50959960654627],[77.86564973391323,31.50387456321913],[77.86912278858539,31.497529037545238],[77.8770386625368,31.49416976876982],[77.88172039586564,31.48944343314329],[77.88041795301002,31.47232616724024],[77.88143365276171,31.46953247486408],[77.88901596566454,31.46512854944881],[77.8946903713094,31.459894335340667],[77.89779611361492,31.450700713074987],[77.89674052908983,31.44537365645666],[77.9074541869641,31.441406696259314],[77.91647209789035,31.431385915383807],[77.92349156196613,31.43119576327278],[77.92659641580808,31.42336324741512],[77.93443152470874,31.422219580695838],[77.94690872754587,31.423575419275934],[77.95773151018875,31.415793111509583],[77.96209746891746,31.405109564131145],[77.96592225146736,31.402248936681506],[77.97651010488664,31.400085417559968],[77.98983158377769,31.403437280369232],[77.99864570674806,31.403125402800264],[78.00613793421512,31.400144748851044],[78.01488774121579,31.401212083864824],[78.02033877021908,31.39914869110306],[78.02676325842012,31.400080367446886],[78.03457387653918,31.406564909234334],[78.04298693589264,31.408958726991536],[78.05232583446748,31.41651647235279],[78.05515522754384,31.417471734071025],[78.06763531992732,31.412931221414542],[78.07473552982513,31.416736241695745],[78.07996687862564,31.416642672807416],[78.08736548342878,31.421630351929984],[78.09344523737066,31.418489875754247],[78.10153574231693,31.419151036844234],[78.10519011250622,31.428967591841644],[78.10123331247486,31.43556251105983],[78.10220372429484,31.44297171846901],[78.10615823785402,31.450039447456415],[78.10911827446134,31.452124154213294],[78.12057830876628,31.453647646105164],[78.12373384177147,31.461934861773617],[78.12107840046602,31.46911407909399],[78.11599601820612,31.472693707085167],[78.11845470452141,31.477677361731278],[78.11625922474167,31.485104969712644],[78.11606580145984,31.492298754056854],[78.11783050742075,31.498181187671136],[78.11669903290272,31.50660505961317],[78.11353451302323,31.51228254275491],[78.12424061435308,31.51396552834343],[78.13150109553406,31.51843305868747],[78.14240470120991,31.51981060143133],[78.15690321496407,31.514234127303848],[78.15913069306895,31.518172122713278],[78.16644648820858,31.52353453479696],[78.1684690416497,31.531641347876985],[78.17133529788934,31.536435312437053],[78.17127342178287,31.543280622581573],[78.17934887357019,31.54895534727439],[78.18583314286745,31.550757589964594],[78.19021340443722,31.55480205541403],[78.19339027595122,31.56522882007037],[78.1873179146515,31.57399680893067],[78.1926395465743,31.581139073507956],[78.19121311464355,31.584953408384784],[78.19026549845445,31.597019354693398],[78.18638132804924,31.596933766761644],[78.18208368250606,31.607073744714548],[78.17227287618078,31.616808844351603],[78.15786615438698,31.619037007453002],[78.1527937057622,31.62949873855375],[78.14790860368286,31.635142973653032],[78.13826929878488,31.636541407106282],[78.13532444803606,31.639282075915435],[78.12964691187503,31.638809417318825],[78.12379503162633,31.633035421034037],[78.1184980001475,31.630854473383323],[78.11551861662912,31.636909108133004],[78.11152508065541,31.640609813998147],[78.10964981931224,31.64959005924947],[78.10640965911351,31.651097088355506],[78.10395870919318,31.656479567930823],[78.09975594854954,31.659090509955504],[78.09805586472501,31.663366137724378],[78.09737888976984,31.672151007560004],[78.10659674661534,31.67842454755214],[78.10998966835443,31.687904519191203],[78.11961512755563,31.691900938728743],[78.12095593358907,31.695063512524282],[78.10694223989877,31.704406837459764],[78.10264193237289,31.70340250102632],[78.0991268140537,31.706359184111818],[78.10146105907343,31.71417117181868],[78.09181325831679,31.718745112840104],[78.09120122820956,31.723692173324693],[78.09401737994806,31.727622382645052],[78.0937081824676,31.736782773841202],[78.0967908453926,31.745823755438913],[78.10679200875835,31.75166198318117],[78.10664645481162,31.755838510273932],[78.11078553162564,31.758151620977408],[78.11007867531066,31.761715380802826],[78.09829011285936,31.764626634851354],[78.0972179059373,31.769036640940744],[78.08481842461192,31.77128009171955],[78.07884880889681,31.778143821045784],[78.07635454268636,31.783113956452944]]]},"properties":{"District":"KINNAUR","STATE":"HIMACHAL PRADESH","TEHSIL":"NICHAR","Shape_Leng":175200.166282,"Shape_Area":1104923831.54}},
{"type":"Feature","geometry":{"type":"Polygon","coordinates":[[[77.49300295006694,31.550267597702536],[77.48448121571745,31.556085763986033],[77.47697996059411,31.55878351580571],[77.46423937760615,31.560692879223247],[77.45905064982081,31.562587552054648],[77.45387795103011,31.5602431148172],[77.4451565154534,31.56244282372309],[77.43798633972699,31.56082174698238],[77.43570786850569,31.549925824797633],[77.43374169410133,31.54834521922092],[77.43026001471556,31.537818459085806],[77.41798629869747,31.53772841590418],[77.41467559021719,31.540350208156568],[77.40285933261177,31.540180603687507],[77.39920948021759,31.54242422260998],[77.3830501496399,31.537400628648918],[77.37324951308251,31.536879503868736],[77.37009264742194,31.538778114964234],[77.35738755079493,31.533263259837582],[77.35201112401602,31.53583049064731],[77.34585564102248,31.535662448446438],[77.34149132445728,31.532887314425796],[77.3330923315066,31.533996286960328],[77.32091128531718,31.530014079376222],[77.31670123206939,31.53005427819373],[77.31408805916146,31.52371787743616],[77.3135546211712,31.516896355639844],[77.3154249959629,31.511137723089988],[77.31867242297648,31.493370409554693],[77.32270379590952,31.48806417031954],[77.32158516310487,31.476394677894014],[77.32479331351198,31.467440445824845],[77.33292202196246,31.451924451716067],[77.33762280538109,31.448421742377423],[77.34618808976947,31.44555445592495],[77.35121635541056,31.437196859823416],[77.35458799499769,31.436128055435432],[77.37134102343559,31.42048905754491],[77.37696105010338,31.418824231657524],[77.37906150324098,31.415476491151157],[77.38550068063972,31.412323134436207],[77.38013768625468,31.404614396078667],[77.38137334071016,31.39343068198323],[77.38522580451928,31.391959779855124],[77.38754433792045,31.386337650372862],[77.38661580464436,31.380396852010144],[77.38913460655851,31.375550496860114],[77.38483710908567,31.36833470290281],[77.38291160129911,31.360100543955824],[77.3871600355665,31.359344653443234],[77.39306470226713,31.35501099653985],[77.39722794419676,31.36155507926119],[77.40829636416467,31.3539577263454],[77.41145249810097,31.347129954528757],[77.41484987979894,31.34588075937872],[77.42141917103662,31.347583898081453],[77.426876721413,31.341347117174255],[77.43301587277627,31.340659179030446],[77.43532309292917,31.34421385454506],[77.44190027490036,31.345043669887932],[77.45242580010178,31.34411858748044],[77.45524485102332,31.350133321718666],[77.46886108828215,31.351423587661987],[77.47316489197111,31.349328840787518],[77.47782874505621,31.351034189676795],[77.47369273693772,31.36014204689369],[77.46806617649104,31.365620643779245],[77.46784745604862,31.369691393543643],[77.46050046801001,31.372261151406953],[77.46307665025618,31.376702182128344],[77.47499141129946,31.38241312815373],[77.49370508321925,31.39755279281125],[77.50031194436886,31.399605451023806],[77.49635326168955,31.40312976927445],[77.49329329946936,31.40914817779425],[77.48660263450212,31.417836510962474],[77.48962527776563,31.425739160821543],[77.48778137511648,31.428158737064273],[77.48790375279992,31.435513189637376],[77.4842461279361,31.442232704112417],[77.4905084928866,31.450898551529946],[77.48753447334855,31.469791019147],[77.501695414029,31.48601077661395],[77.50757129937348,31.488526449217936],[77.52076989868122,31.490471036330195],[77.52516724868167,31.500432372948232],[77.52173707839708,31.505420280346762],[77.51342324281502,31.50873231441134],[77.50945246182333,31.51903862346324],[77.5004822948753,31.521987158238147],[77.49385031863471,31.52219784531595],[77.49261582156534,31.52465947055004],[77.49520240245764,31.53301070578765],[77.49300295006694,31.550267597702536]]]},"properties":{"District":"KULLU","STATE":"HIMACHAL PRADESH","TEHSIL":"ANI","Shape_Leng":86685.0837449,"Shape_Area":286882261.42}},
{"type":"Feature","geometry":{"type":"Polygon","coordinates":[[[77.67810494312782,31.70313090600625],[77.67861321632121,31.70917505238346],[77.6727536752727,31.713688260539776],[77.66784270116315,31.715197634837928],[77.65721835491053,31.71595184569825],[77.65432202150716,31.721936980804607],[77.64930954762082,31.726377158667184],[77.64842900262063,31.730236959543706],[77.64406982578953,31.735426616337666],[77.640181856533,31.73323672681455],[77.63045242576072,31.723130527420977],[77.6230314022551,31.71947854125496],[77.60879585402644,31.723979874623105],[77.59965176179438,31.72788317539281],[77.59367051402737,31.72733407706921],[77.58963635999531,31.736795069604298],[77.58428631241497,31.739362975716368],[77.57859491627879,31.738852415876952],[77.56933165004328,31.72977650884623],[77.55409897534855,31.72879748564626],[77.54503443100802,31.726938267607103],[77.54255148044611,31.722750755487294],[77.53712270278308,31.726390160279994],[77.52746821387194,31.727395490862406],[77.51981065602172,31.730786400425025],[77.5136411560149,31.73526207089075],[77.498720049688,31.73239940755094],[77.4950073906007,31.732747614848872],[77.47963660607448,31.729465038308955],[77.46736450303497,31.731571458818173],[77.45931333430332,31.725202060226867],[77.4591101396139,31.72037789000489],[77.44785378737026,31.716346117398622],[77.42840560591276,31.724768748566927],[77.41862518567957,31.72143287001445],[77.41328800717282,31.71470891395798],[77.40372246709353,31.71068570565773],[77.39336315691756,31.714618702626304],[77.38412520894717,31.7156208887194],[77.36933113009593,31.72301486512158],[77.36380308659865,31.723251757582652],[77.35913550628348,31.71815594955637],[77.35437017626221,31.721853415316943],[77.33660504517992,31.719791276733645],[77.33093469454398,31.717059968098173],[77.32395944420473,31.71972492028972],[77.31720390375423,31.70957798403187],[77.31778641291862,31.69943504777722],[77.3144874879701,31.692476316953712],[77.31198881316291,31.692811673842083],[77.29555878385334,31.68733143859301],[77.28675434675482,31.683000075803744],[77.28735750323655,31.68023897900111],[77.29826658462456,31.673265001365944],[77.30269434062407,31.667960524703087],[77.30041192710253,31.65667904774101],[77.29733996015025,31.652212994084387],[77.3005588860898,31.641757208211946],[77.30108525250542,31.63173615672004],[77.30523517684288,31.622693990766294],[77.30599319775651,31.617637101336403],[77.30191273468564,31.604055545062614],[77.30232024135923,31.599730103134497],[77.29735036600414,31.594294428417435],[77.30325825642608,31.58841826852747],[77.30388327204463,31.582996424608112],[77.3033180298404,31.56464452737619],[77.30100996136247,31.560965756136675],[77.29888505739096,31.55196090750843],[77.30484945072449,31.543473810833465],[77.31452297482221,31.53721354810873],[77.3166825834229,31.530100556206776],[77.31670123206939,31.53005427819373],[77.32091128531718,31.530014079376222],[77.3330923315066,31.533996286960328],[77.34149132445728,31.532887314425796],[77.34585564102248,31.535662448446438],[77.35201112401602,31.53583049064731],[77.35738755079493,31.533263259837582],[77.37009264742194,31.538778114964234],[77.37324951308251,31.536879503868736],[77.3830501496399,31.537400628648918],[77.39920948021759,31.54242422260998],[77.40285933261177,31.540180603687507],[77.41467559021719,31.540350208156568],[77.41798629869747,31.53772841590418],[77.43026001471556,31.537818459085806],[77.43374169410133,31.54834521922092],[77.43570786850569,31.549925824797633],[77.43798633972699,31.56082174698238],[77.4451565154534,31.56244282372309],[77.45387795103011,31.5602431148172],[77.45905064982081,31.562587552054648],[77.46423937760615,31.560692879223247],[77.47697996059411,31.55878351580571],[77.48448121571745,31.556085763986033],[77.49300295006694,31.550267597702536],[77.49796125822274,31.553815316090674],[77.49921211558767,31.559275795838087],[77.50391609054277,31.567288469655917],[77.50983375182946,31.573623210222593],[77.51904685650298,31.574686343560195],[77.52720268080601,31.569431129474342],[77.53161534576896,31.572948101995287],[77.53307135754359,31.579818869525504],[77.53194363367687,31.583444525032437],[77.53441971222558,31.58993213808439],[77.54382154763799,31.592332058355346],[77.54747606729586,31.596523593186372],[77.55841801809046,31.59903299641333],[77.561317491007,31.60194229761193],[77.56499465598942,31.61144526338438],[77.55952658357748,31.616993280413595],[77.55973010507005,31.624577051268925],[77.56696712722375,31.63169687190531],[77.57368349665722,31.636270790894297],[77.58600144060065,31.637121203105693],[77.5954778616226,31.635368301789484],[77.61707043742585,31.644676549646363],[77.6216832152722,31.652649083372893],[77.62984837187544,31.651752181368146],[77.63530327372855,31.656973963342534],[77.6459813621149,31.657308120421163],[77.64609752682024,31.662655456926664],[77.64987357948101,31.665833344583078],[77.65681951490645,31.66837257446973],[77.65737257517912,31.679507552821324],[77.66666203514899,31.6821738170549],[77.67049480304637,31.68570251263649],[77.67009630790862,31.69482224433013],[77.67451164349986,31.696390728454507],[77.67810494312782,31.70313090600625]]]},"properties":{"District":"KULLU","STATE":"HIMACHAL PRADESH","TEHSIL":"BANJAR","Shape_Leng":120783.479717,"Shape_Area":539289150.149}},
{"type":"Feature","geometry":{"type":"Polygon","coordinates":[[[77.74327825013185,32.09002641707197],[77.72549222887584,32.090414500906114],[77.7182379934257,32.09185862020976],[77.70867539057139,32.098363590370624],[77.70501869468906,32.10222448719287],[77.69066158644364,32.09928574080991],[77.68352198633576,32.104389764867875],[77.67798962456312,32.11291234270195],[77.67198384025582,32.11523661078956],[77.67035603623647,32.12058109029541],[77.66314156101846,32.12243005082267],[77.66044727864747,32.13563329728926],[77.65258407034501,32.142147638007785],[77.6430803327027,32.14616481988541],[77.64088780220413,32.148742259858196],[77.63190948327656,32.14897460988603],[77.62583588137458,32.15766468270479],[77.61948432905552,32.15496626103005],[77.60793387008624,32.159980300835414],[77.6024077900478,32.166015063113],[77.60013321753873,32.1715713469339],[77.58444659764375,32.17433433860718],[77.58489820693467,32.17987644899753],[77.57846949074025,32.183204732841155],[77.57289647511534,32.18309461018042],[77.56995854609144,32.189540454891514],[77.56574894166933,32.193928498796176],[77.5664414976926,32.20347501545208],[77.55926495150001,32.209562339219225],[77.5532333852809,32.212558767415366],[77.54653286088241,32.21861269867252],[77.54407416449017,32.21531195608825],[77.53284854252975,32.208267988420786],[77.53633225800128,32.20138234898618],[77.53153618938524,32.194285758251425],[77.51481760774278,32.19769889260238],[77.51482512887262,32.20295875377512],[77.50275230793783,32.211321224051474],[77.50265546149278,32.214840745538304],[77.49352624355228,32.216418801492736],[77.48462429157117,32.2212965760562],[77.47496911516902,32.22082930359261],[77.46937108857854,32.22342500184793],[77.46745734687086,32.21218545260898],[77.46446518072345,32.209738768748075],[77.46814798685621,32.20465707265675],[77.46122507018984,32.20153476267788],[77.46468307453415,32.19387720722977],[77.4571196071536,32.190836728563305],[77.4464220965736,32.18975918603853],[77.44142976969255,32.187895054182405],[77.43542079443326,32.19002970052084],[77.42782139418924,32.18833725018703],[77.42090713836672,32.188691155080676],[77.41879064649855,32.192125213071094],[77.41649807668742,32.20169816052417],[77.40894204404997,32.20402556020114],[77.40383899870025,32.20970067671624],[77.39643497144965,32.2122564550232],[77.38729571008544,32.20925441368315],[77.38306725003174,32.20214099956558],[77.3832344759819,32.19650432972273],[77.3928792752048,32.1851706690864],[77.39272718897044,32.176924234892184],[77.3888135485598,32.16671907271437],[77.38596267665069,32.16322425849515],[77.37415527717968,32.1561762057969],[77.36058699128036,32.15237848116836],[77.3550120620855,32.15261974684501],[77.34895478741898,32.15704640873543],[77.33251470779388,32.15324008837714],[77.33219474401858,32.14833964654507],[77.32512028620637,32.14713612797134],[77.30936285749067,32.15007499706552],[77.30436013862483,32.142286513956584],[77.29864218016306,32.138139510562674],[77.29605553992084,32.13027319849975],[77.28682468245951,32.122010102646094],[77.27422946817939,32.11708332905398],[77.26626665141201,32.11780638844079],[77.26180071968761,32.11559950786012],[77.2589345087336,32.109950825975055],[77.25898222718502,32.10537642263368],[77.25406587185032,32.09133379644629],[77.248150244995,32.077342783977215],[77.24130206900972,32.07104747373489],[77.22237696835134,32.06295898340531],[77.21470256415198,32.06092602462238],[77.20703043104007,32.05355093324731],[77.20762963135668,32.04512701321417],[77.19782911648485,32.03998986119385],[77.19474048810747,32.03482119959417],[77.19548481773242,32.02907413656367],[77.19445170711379,32.02103687087166],[77.18795941639051,32.00957403115527],[77.18290930887729,32.006077191166625],[77.17991820657763,32.00013333599183],[77.17943682578793,31.993768372075927],[77.1721218110768,31.98406159516506],[77.1721202829624,31.981114481840063],[77.167485571932,31.97638286119926],[77.16268715175457,31.96764608637115],[77.15521369962701,31.95901320942559],[77.14738658082354,31.947397478711522],[77.14656428415796,31.941049926744938],[77.15021001572947,31.92931718647866],[77.15273222934792,31.924500793626088],[77.14703016638168,31.921716544115252],[77.12756383002959,31.923522196557485],[77.1278559886794,31.916535715587255],[77.11953925397427,31.91357420546825],[77.11429176505489,31.908392089607652],[77.10899348589417,31.906300768982668],[77.1044128087779,31.902135259358992],[77.1027916775359,31.895565512084243],[77.09620559965067,31.888293961028936],[77.08031478574456,31.888670872968717],[77.07137015953178,31.88767256799301],[77.0557882449858,31.893783796330172],[77.05131202397781,31.893226674791013],[77.03742838005003,31.886756279492246],[77.03417380004713,31.887122037636264],[77.03818070220761,31.880008880468697],[77.04740989220863,31.874391751864966],[77.05052374379372,31.867229858407377],[77.058914644274,31.859344106477888],[77.06007400249904,31.854717083679585],[77.05495084701496,31.84848760259749],[77.05775982350697,31.83775428689208],[77.06731318067773,31.834976355600897],[77.07730333329638,31.8372297727892],[77.08194410268156,31.82749867943154],[77.09229946005802,31.837327989537215],[77.09766229931195,31.83877142471799],[77.1027887974318,31.836454086460947],[77.10722769461924,31.838100772233336],[77.11676246256329,31.838489215463962],[77.11957567794161,31.836800122775756],[77.13434650837098,31.83816508643266],[77.13954870946692,31.837713070972388],[77.15541508952624,31.840088961099514],[77.15901410323056,31.835020625349568],[77.16246306481992,31.83790221948524],[77.17783598842944,31.841597160890835],[77.18016588892242,31.8363541559531],[77.17338619679418,31.826447754362224],[77.17513638167452,31.82190453713936],[77.18523730200135,31.820862096690878],[77.18802571492019,31.818220023607047],[77.18632247527529,31.811625524531298],[77.19279847175159,31.797298881953104],[77.19247226276126,31.79276299979569],[77.19629791311687,31.78684103683514],[77.21113799213333,31.79145721080673],[77.22205412625384,31.79946510804419],[77.23140010450018,31.799619748418664],[77.24503368569317,31.803864505642427],[77.2518764299048,31.807580300377804],[77.2642791489731,31.80906116464529],[77.26674265606222,31.811833738529042],[77.28167737592987,31.81388024928209],[77.28776828890784,31.812874504022197],[77.29602469724024,31.815317626746644],[77.30631851245664,31.822124722077596],[77.31914518452687,31.82627321246632],[77.32553222171174,31.83124419710017],[77.32695783547642,31.837097974237658],[77.33426913477486,31.840235397859],[77.33850405940836,31.835503026549244],[77.34944023318403,31.82910643544487],[77.35821378917669,31.82790509882044],[77.36906879892953,31.834961620798428],[77.38062061586301,31.83899540903871],[77.39218105320468,31.84965071475501],[77.40983258004817,31.859886906208434],[77.41692556815623,31.862405195655327],[77.43344316843557,31.871684905038176],[77.44229922113149,31.87472062816443],[77.46509566173822,31.87050430196668],[77.47291021317271,31.866254790850704],[77.47959489860266,31.86434044731745],[77.48933426117705,31.864609921594838],[77.49671587877359,31.862691900626277],[77.50279529751657,31.86327668716237],[77.52687361122746,31.86061337262266],[77.54120009474603,31.8619961140785],[77.54773216395742,31.864037803606315],[77.56273516575867,31.860973655049648],[77.5754775776947,31.862431605108732],[77.57413428323855,31.852017110267223],[77.58081369676049,31.854804906441696],[77.59261825014939,31.861698997516804],[77.59878513605035,31.861016289887374],[77.59994190935433,31.86830663710627],[77.60812394367913,31.872695624900192],[77.61569100609037,31.87031896040606],[77.6204594520021,31.873799395612643],[77.62850104963617,31.872848966477903],[77.63701666559044,31.864807431551146],[77.64897635828555,31.859128556627883],[77.65371788271412,31.859451383983885],[77.66092124812234,31.856023301622805],[77.66319831843735,31.84864809157887],[77.67166746830313,31.841456652890294],[77.70426527358313,31.84072102970885],[77.71342570203025,31.83532215979224],[77.70424121284105,31.823649699261594],[77.71113727244577,31.817947861999063],[77.71091532857646,31.812416424027994],[77.71736448681901,31.811221340697067],[77.72011133675628,31.80793224735195],[77.71620092860701,31.803458711667968],[77.71649773888196,31.7967745317171],[77.7245095993481,31.788265526782777],[77.72502303979861,31.78301848436921],[77.7349375380407,31.783056316612132],[77.74051670223236,31.780286856876206],[77.75052478507752,31.781486263654063],[77.75953879348071,31.78696102006227],[77.77405858407175,31.788397598348876],[77.78090181709103,31.785384256152636],[77.78767938172902,31.780283309115102],[77.8006952473024,31.78246558905508],[77.81034216003194,31.78148473705485],[77.81585028331205,31.782310730597413],[77.8259403835937,31.78664651586045],[77.8340596922097,31.788956331544863],[77.84396549180835,31.801300015895396],[77.84769568725787,31.80296054652556],[77.84897944907509,31.80912139105087],[77.84798162127414,31.818389633277025],[77.84487279183993,31.824966537960837],[77.84935436679694,31.83286144090178],[77.84507788093988,31.834719294956333],[77.84378926337475,31.84418501891353],[77.83835218447517,31.854963209133718],[77.84568103405104,31.865474770978498],[77.84638012687176,31.87028128542118],[77.85006719296712,31.87474312141778],[77.85769417899313,31.87718531901913],[77.86776029322914,31.883271822229677],[77.86469681129641,31.88692416267836],[77.85938628588929,31.887460908151795],[77.85139671942159,31.89133891430622],[77.82743831505812,31.898224676984988],[77.82527001772984,31.89597019468221],[77.80489003957612,31.899528161540548],[77.8033397882515,31.902166353040148],[77.79114559623552,31.908766084733177],[77.7891853306623,31.91528135601535],[77.78118929863254,31.922173881239196],[77.78202221262256,31.929930151085415],[77.77718344720968,31.934721413630854],[77.77292400422765,31.935500875946058],[77.76734850880536,31.942131065949116],[77.76669368871906,31.947828289552866],[77.77270428212036,31.951940131756515],[77.77274211109719,31.955195374534497],[77.77969647407204,31.961992970737843],[77.7807261401477,31.969913417772595],[77.78403932157293,31.975087313600863],[77.79411729286151,31.9812515051656],[77.79816405378253,31.987119238717113],[77.79398903540543,31.992788516430252],[77.7855698437838,31.99651891613056],[77.78222285892264,32.0009304675875],[77.77261001087716,32.00630541059841],[77.7783539397748,32.01157282935571],[77.7864317578988,32.01365117909336],[77.79064202006948,32.01829093501288],[77.78797844584099,32.02383063763687],[77.77555783513006,32.03550926610165],[77.76409659416693,32.041892631449535],[77.76201605658214,32.04598070725128],[77.7646832520144,32.05220950245547],[77.76470751033372,32.05893214827658],[77.75676009638114,32.06723791244581],[77.75324221548382,32.07815065696199],[77.7465658555452,32.08191094549237],[77.74327825013185,32.09002641707197]]]},"properties":{"District":"KULLU","STATE":"HIMACHAL PRADESH","TEHSIL":"BHUNTAR","Shape_Leng":270028.791942,"Shape_Area":2072572712.74}},
{"type":"Feature","geometry":{"type":"Polygon","coordinates":[[[77.29864218016306,32.138139510562674],[77.29190797731846,32.13627379558407],[77.28373602880254,32.13787509371489],[77.27498699370442,32.13618558357546],[77.26783887995197,32.136394834670675],[77.26200717712723,32.13926577426766],[77.24782994799266,32.14272572318381],[77.23300818706203,32.1474704074705],[77.22882181212734,32.147694478568106],[77.21975079720487,32.144328872169766],[77.21501211385748,32.14629391625375],[77.20344864556117,32.14192584804176],[77.18318687791941,32.14656505253981],[77.16923934081939,32.14469981352475],[77.15826525928237,32.14594505523029],[77.15667079062591,32.14302968588637],[77.1587077335039,32.13805820879948],[77.1583947679025,32.13174142956279],[77.14854816382268,32.12138261292663],[77.1501214481235,32.114689261182356],[77.14941196953225,32.10849917479258],[77.14356728746915,32.1042900387447],[77.1286480902224,32.110704493414964],[77.1165833201751,32.1176781543406],[77.10975907999,32.11762571724143],[77.08865772338106,32.129893432593946],[77.0827131856003,32.10774426786439],[77.07476865621712,32.109913787685386],[77.07334105543303,32.11340470555709],[77.06566736450104,32.11758880863005],[77.06218444911018,32.122388237493574],[77.05688008075545,32.12558108595212],[77.0629864459164,32.1328939383284],[77.06549697875211,32.14577497203831],[77.0640949786513,32.15676424371192],[77.06131001610257,32.16136485822299],[77.05958197058956,32.169360196556966],[77.06221307926417,32.17191102089561],[77.06272776322763,32.18017123382614],[77.05769340281044,32.19225777813572],[77.05732583562647,32.19793030444263],[77.05235001755547,32.20418199192056],[77.05139068692425,32.21441775833476],[77.0486313401543,32.21747017515881],[77.04226695001832,32.212022411391665],[77.04002679748446,32.207527666349286],[77.03335411403155,32.20487385456027],[77.02083334835861,32.20578740112453],[77.0161176566898,32.20023761272535],[77.01118040426012,32.1990117190945],[77.003072261917,32.19942704002353],[76.99766335532063,32.19356984521847],[76.99253668556281,32.18160279423859],[76.99687906135311,32.177698088987654],[76.98933042998844,32.16915315822464],[76.98958523579093,32.16554598563144],[76.98377750318053,32.153005763764064],[76.98171203794529,32.14461417830045],[76.98449564214164,32.13711598660579],[76.97905948793651,32.132367165341854],[76.98301387571446,32.12565376199498],[76.98273415285614,32.11956651747159],[76.98659188096843,32.115107476686894],[76.98459007540635,32.11003457632291],[76.97481037837255,32.11008715271949],[76.95792527857773,32.11244101588697],[76.94335745108819,32.11009067062492],[76.94043512736604,32.098586783941776],[76.93476614991951,32.092681636123565],[76.9374920600102,32.08768237491728],[76.93929885893583,32.078511768884894],[76.93831191598522,32.073271754313474],[76.94209166662061,32.06702847169862],[76.9355186667126,32.06212878677556],[76.93910356997348,32.053242771944426],[76.93744417485969,32.048642659312364],[76.93916909442102,32.04216390103692],[76.94852648153125,32.03643237859533],[76.95450636845871,32.02922459529409],[76.96318358823562,32.024772299974046],[76.97076630754614,32.024100413762014],[76.97389353773103,32.01577919111837],[76.97801192016082,32.01155043973864],[76.97824742321035,31.999786084370886],[76.97390950595656,31.99601567174627],[76.97604937994643,31.987281867082075],[76.97455376060003,31.981221265442823],[76.97874552600246,31.973308438823803],[76.98674162048802,31.970391777394397],[76.99114484757547,31.961683643348923],[76.99650006159195,31.957734866416637],[77.00026989199883,31.94940247846318],[76.99913282582257,31.945971033732647],[77.00544109418843,31.933764471367855],[77.0106916473943,31.933443960668317],[77.0173793647903,31.92768499738457],[77.02160774158585,31.92165552319167],[77.024829139106,31.908515014395178],[77.02522379786113,31.90178268725493],[77.03417380004713,31.887122037636264],[77.03742838005003,31.886756279492246],[77.05131202397781,31.893226674791013],[77.0557882449858,31.893783796330172],[77.07137015953178,31.88767256799301],[77.08031478574456,31.888670872968717],[77.09620559965067,31.888293961028936],[77.1027916775359,31.895565512084243],[77.1044128087779,31.902135259358992],[77.10899348589417,31.906300768982668],[77.11429176505489,31.908392089607652],[77.11953925397427,31.91357420546825],[77.1278559886794,31.916535715587255],[77.12756383002959,31.923522196557485],[77.14703016638168,31.921716544115252],[77.15273222934792,31.924500793626088],[77.15021001572947,31.92931718647866],[77.14656428415796,31.941049926744938],[77.14738658082354,31.947397478711522],[77.15521369962701,31.95901320942559],[77.16268715175457,31.96764608637115],[77.167485571932,31.97638286119926],[77.1721202829624,31.981114481840063],[77.1721218110768,31.98406159516506],[77.17943682578793,31.993768372075927],[77.17991820657763,32.00013333599183],[77.18290930887729,32.006077191166625],[77.18795941639051,32.00957403115527],[77.19445170711379,32.02103687087166],[77.19548481773242,32.02907413656367],[77.19474048810747,32.03482119959417],[77.19782911648485,32.03998986119385],[77.20762963135668,32.04512701321417],[77.20703043104007,32.05355093324731],[77.21470256415198,32.06092602462238],[77.22237696835134,32.06295898340531],[77.24130206900972,32.07104747373489],[77.248150244995,32.077342783977215],[77.25406587185032,32.09133379644629],[77.25898222718502,32.10537642263368],[77.2589345087336,32.109950825975055],[77.26180071968761,32.11559950786012],[77.26626665141201,32.11780638844079],[77.27422946817939,32.11708332905398],[77.28682468245951,32.122010102646094],[77.29605553992084,32.13027319849975],[77.29864218016306,32.138139510562674]]]},"properties":{"District":"KULLU","STATE":"HIMACHAL PRADESH","TEHSIL":"KULLU","Shape_Leng":139488.301547,"Shape_Area":589462594.951}},
{"type":"Feature","geometry":{"type":"Polygon","coordinates":[[[77.38729571008544,32.20925441368315],[77.38105921051388,32.211257901823735],[77.37328894412896,32.219089198842724],[77.36899386954678,32.218818402443695],[77.3645012236751,32.223511352013524],[77.35431000505359,32.22867117997681],[77.35368944811636,32.23172915739125],[77.34551053829435,32.244337255337],[77.34473055032923,32.25116458546407],[77.34713076560811,32.25443150791617],[77.34979208571245,32.26741322056837],[77.34506332212338,32.274132834817955],[77.34622832865108,32.27790851092321],[77.34410735879325,32.28499537247266],[77.33959387468359,32.28846722340755],[77.34082037380628,32.295582518714006],[77.334363560269,32.30366387621261],[77.32928854410135,32.302698342390514],[77.3258696865502,32.30867632432257],[77.3274396211494,32.31494073070178],[77.3103184028068,32.327580071934854],[77.30750381620686,32.3328477795726],[77.30138104734701,32.33131732059552],[77.29582857112894,32.33386237637786],[77.29154936176306,32.33828567818459],[77.285020246924,32.33968065828575],[77.27773793716973,32.346702801992095],[77.27585172212522,32.3546534301169],[77.26129112115684,32.35957641831925],[77.25069992866452,32.368647361152824],[77.24521480208234,32.37025666724741],[77.24403002879933,32.37417717795876],[77.23839749688865,32.37600216967498],[77.23183357868959,32.37490269813448],[77.22716664869112,32.3701687651302],[77.22096031565368,32.37636153848666],[77.20450321338504,32.384906621781425],[77.20013686394331,32.38560796264574],[77.19508426610552,32.398308320480254],[77.18478629586558,32.39650688168504],[77.17961139989843,32.402556162307334],[77.16953847333974,32.40749391163449],[77.15195269448766,32.414595925670135],[77.14587861746853,32.4127051550375],[77.14204312368172,32.40769913194143],[77.12406890600994,32.4031139641519],[77.11304316925963,32.39752405189847],[77.10158718182798,32.39550503413793],[77.09504836115208,32.3930809579739],[77.08645243300127,32.395747471129134],[77.08199272664837,32.394668267685695],[77.07347963169221,32.39854581362259],[77.0698246383443,32.39014429640055],[77.06410086708286,32.38193667481179],[77.05124627094179,32.37074264390765],[77.04731550338713,32.36219527879218],[77.04851649536036,32.3531364643137],[77.04552819374003,32.34722651431157],[77.04498350235842,32.34140115531584],[77.0560152941127,32.3420144282519],[77.069734013176,32.33485193010397],[77.06391731682163,32.3254629752372],[77.06196610013521,32.31429531616576],[77.05542685701253,32.309329583560796],[77.04548578475432,32.30533416061466],[77.0403498523482,32.300989412791374],[77.03549882061142,32.29065639741214],[77.03375951898822,32.28156231543654],[77.02734503283484,32.27231607744692],[77.02719771700956,32.25918149779701],[77.0308533882376,32.25804437502866],[77.0325431891292,32.24977002208331],[77.02926581561896,32.24653344426686],[77.03299067293902,32.24038224070579],[77.04440485133897,32.23444488005367],[77.04737174302697,32.22715276861],[77.05037286963764,32.22484298139646],[77.0486313401543,32.21747017515881],[77.05139068692425,32.21441775833476],[77.05235001755547,32.20418199192056],[77.05732583562647,32.19793030444263],[77.05769340281044,32.19225777813572],[77.06272776322763,32.18017123382614],[77.06221307926417,32.17191102089561],[77.05958197058956,32.169360196556966],[77.06131001610257,32.16136485822299],[77.0640949786513,32.15676424371192],[77.06549697875211,32.14577497203831],[77.0629864459164,32.1328939383284],[77.05688008075545,32.12558108595212],[77.06218444911018,32.122388237493574],[77.06566736450104,32.11758880863005],[77.07334105543303,32.11340470555709],[77.07476865621712,32.109913787685386],[77.0827131856003,32.10774426786439],[77.08865772338106,32.129893432593946],[77.10975907999,32.11762571724143],[77.1165833201751,32.1176781543406],[77.1286480902224,32.110704493414964],[77.14356728746915,32.1042900387447],[77.14941196953225,32.10849917479258],[77.1501214481235,32.114689261182356],[77.14854816382268,32.12138261292663],[77.1583947679025,32.13174142956279],[77.1587077335039,32.13805820879948],[77.15667079062591,32.14302968588637],[77.15826525928237,32.14594505523029],[77.16923934081939,32.14469981352475],[77.18318687791941,32.14656505253981],[77.20344864556117,32.14192584804176],[77.21501211385748,32.14629391625375],[77.21975079720487,32.144328872169766],[77.22882181212734,32.147694478568106],[77.23300818706203,32.1474704074705],[77.24782994799266,32.14272572318381],[77.26200717712723,32.13926577426766],[77.26783887995197,32.136394834670675],[77.27498699370442,32.13618558357546],[77.28373602880254,32.13787509371489],[77.29190797731846,32.13627379558407],[77.29864218016306,32.138139510562674],[77.30436013862483,32.142286513956584],[77.30936285749067,32.15007499706552],[77.32512028620637,32.14713612797134],[77.33219474401858,32.14833964654507],[77.33251470779388,32.15324008837714],[77.34895478741898,32.15704640873543],[77.3550120620855,32.15261974684501],[77.36058699128036,32.15237848116836],[77.37415527717968,32.1561762057969],[77.38596267665069,32.16322425849515],[77.3888135485598,32.16671907271437],[77.39272718897044,32.176924234892184],[77.3928792752048,32.1851706690864],[77.3832344759819,32.19650432972273],[77.38306725003174,32.20214099956558],[77.38729571008544,32.20925441368315]]]},"properties":{"District":"KULLU","STATE":"HIMACHAL PRADESH","TEHSIL":"MANALI","Shape_Leng":131131.831245,"Shape_Area":754929152.076}},
{"type":"Feature","geometry":{"type":"Polygon","coordinates":[[[77.6459813621149,31.657308120421163],[77.63530327372855,31.656973963342534],[77.62984837187544,31.651752181368146],[77.6216832152722,31.652649083372893],[77.61707043742585,31.644676549646363],[77.5954778616226,31.635368301789484],[77.58600144060065,31.637121203105693],[77.57368349665722,31.636270790894297],[77.56696712722375,31.63169687190531],[77.55973010507005,31.624577051268925],[77.55952658357748,31.616993280413595],[77.56499465598942,31.61144526338438],[77.561317491007,31.60194229761193],[77.55841801809046,31.59903299641333],[77.54747606729586,31.596523593186372],[77.54382154763799,31.592332058355346],[77.53441971222558,31.58993213808439],[77.53194363367687,31.583444525032437],[77.53307135754359,31.579818869525504],[77.53161534576896,31.572948101995287],[77.52720268080601,31.569431129474342],[77.51904685650298,31.574686343560195],[77.50983375182946,31.573623210222593],[77.50391609054277,31.567288469655917],[77.49921211558767,31.559275795838087],[77.49796125822274,31.553815316090674],[77.49300295006694,31.550267597702536],[77.49520240245764,31.53301070578765],[77.49261582156534,31.52465947055004],[77.49385031863471,31.52219784531595],[77.5004822948753,31.521987158238147],[77.50945246182333,31.51903862346324],[77.51342324281502,31.50873231441134],[77.52173707839708,31.505420280346762],[77.52516724868167,31.500432372948232],[77.52076989868122,31.490471036330195],[77.50757129937348,31.488526449217936],[77.501695414029,31.48601077661395],[77.48753447334855,31.469791019147],[77.4905084928866,31.450898551529946],[77.4842461279361,31.442232704112417],[77.48790375279992,31.435513189637376],[77.48778137511648,31.428158737064273],[77.48962527776563,31.425739160821543],[77.48660263450212,31.417836510962474],[77.49329329946936,31.40914817779425],[77.49635326168955,31.40312976927445],[77.50031194436886,31.399605451023806],[77.49370508321925,31.39755279281125],[77.47499141129946,31.38241312815373],[77.46307665025618,31.376702182128344],[77.46050046801001,31.372261151406953],[77.46784745604862,31.369691393543643],[77.46806617649104,31.365620643779245],[77.47369273693772,31.36014204689369],[77.47782874505621,31.351034189676795],[77.48082599983165,31.354445723912786],[77.4987380834741,31.35551813031215],[77.50468629117809,31.34804063852814],[77.51078888270241,31.349373809335788],[77.51631045362512,31.348201749944714],[77.52325011254293,31.350732494333638],[77.52679950914782,31.353042931468377],[77.53540141670392,31.36224563496411],[77.54422865580273,31.374656290458887],[77.54504697956399,31.38072705032918],[77.55347950452975,31.389888636204894],[77.56162074792503,31.388707824241624],[77.56734596412049,31.38964314215841],[77.57324217749836,31.388426382430033],[77.57730124136074,31.39626075123081],[77.59138866708568,31.39924931708991],[77.60146806045685,31.398544005586658],[77.60659937237997,31.3969054252954],[77.61403043900384,31.390813809791915],[77.62347078293844,31.38822942530585],[77.63135340690816,31.39252437062783],[77.63298267262365,31.401855453881446],[77.62171538032831,31.416976660673637],[77.62088054784995,31.426739063084263],[77.62302368652072,31.436680957631896],[77.62846713159315,31.443729659867003],[77.62777745687741,31.450718080728862],[77.63536895725096,31.4531698723599],[77.64015949262745,31.456767022695647],[77.64620606987198,31.455523618977857],[77.65282405572516,31.456279112143594],[77.65881922535131,31.46040052346763],[77.66935042922044,31.462533906797944],[77.67352372103926,31.466376563156757],[77.68038305380857,31.47708609050452],[77.68160638897028,31.48179637051005],[77.69076837964867,31.490454865026667],[77.69744507650032,31.49519849100848],[77.70391697572106,31.497810038142283],[77.70711492591046,31.501747118327067],[77.6990869589011,31.51426858564365],[77.69851133183816,31.52249676927823],[77.70202275965107,31.52953012441939],[77.69872017984555,31.54203897169349],[77.6933298363218,31.54509862515818],[77.68750465007423,31.544210156070694],[77.67989150500802,31.55087963381797],[77.67877057132779,31.558249343895955],[77.67529035011243,31.562019527946667],[77.6682028290946,31.563698148359403],[77.66612739905844,31.5688271120567],[77.65947094981843,31.57571579088563],[77.65213295437997,31.57941949152082],[77.64866531251486,31.58299955784158],[77.64742096812022,31.591203775103445],[77.64868238518577,31.59609446480197],[77.64489861735841,31.60589430419124],[77.6457382825105,31.615305433824997],[77.6493488895282,31.621505425363996],[77.64978590133528,31.62826712517165],[77.66258858531128,31.633589823040605],[77.66061562602081,31.637816238050924],[77.6536829681289,31.64440397497151],[77.6459813621149,31.657308120421163]]]},"properties":{"District":"KULLU","STATE":"HIMACHAL PRADESH","TEHSIL":"NERMAND","Shape_Leng":112831.86885,"Shape_Area":412306168.515}},
{"type":"Feature","geometry":{"type":"Polygon","coordinates":[[[77.84769568725787,31.80296054652556],[77.84396549180835,31.801300015895396],[77.8340596922097,31.788956331544863],[77.8259403835937,31.78664651586045],[77.81585028331205,31.782310730597413],[77.81034216003194,31.78148473705485],[77.8006952473024,31.78246558905508],[77.78767938172902,31.780283309115102],[77.78090181709103,31.785384256152636],[77.77405858407175,31.788397598348876],[77.75953879348071,31.78696102006227],[77.75052478507752,31.781486263654063],[77.74051670223236,31.780286856876206],[77.7349375380407,31.783056316612132],[77.72502303979861,31.78301848436921],[77.7245095993481,31.788265526782777],[77.71649773888196,31.7967745317171],[77.71620092860701,31.803458711667968],[77.72011133675628,31.80793224735195],[77.71736448681901,31.811221340697067],[77.71091532857646,31.812416424027994],[77.71113727244577,31.817947861999063],[77.70424121284105,31.823649699261594],[77.71342570203025,31.83532215979224],[77.70426527358313,31.84072102970885],[77.67166746830313,31.841456652890294],[77.66319831843735,31.84864809157887],[77.66092124812234,31.856023301622805],[77.65371788271412,31.859451383983885],[77.64897635828555,31.859128556627883],[77.63701666559044,31.864807431551146],[77.62850104963617,31.872848966477903],[77.6204594520021,31.873799395612643],[77.61569100609037,31.87031896040606],[77.60812394367913,31.872695624900192],[77.59994190935433,31.86830663710627],[77.59878513605035,31.861016289887374],[77.59261825014939,31.861698997516804],[77.58081369676049,31.854804906441696],[77.57413428323855,31.852017110267223],[77.5754775776947,31.862431605108732],[77.56273516575867,31.860973655049648],[77.54773216395742,31.864037803606315],[77.54120009474603,31.8619961140785],[77.52687361122746,31.86061337262266],[77.50279529751657,31.86327668716237],[77.49671587877359,31.862691900626277],[77.48933426117705,31.864609921594838],[77.47959489860266,31.86434044731745],[77.47291021317271,31.866254790850704],[77.46509566173822,31.87050430196668],[77.44229922113149,31.87472062816443],[77.43344316843557,31.871684905038176],[77.41692556815623,31.862405195655327],[77.40983258004817,31.859886906208434],[77.39218105320468,31.84965071475501],[77.38062061586301,31.83899540903871],[77.36906879892953,31.834961620798428],[77.35821378917669,31.82790509882044],[77.34944023318403,31.82910643544487],[77.33850405940836,31.835503026549244],[77.33426913477486,31.840235397859],[77.32695783547642,31.837097974237658],[77.32553222171174,31.83124419710017],[77.31914518452687,31.82627321246632],[77.30631851245664,31.822124722077596],[77.29602469724024,31.815317626746644],[77.28776828890784,31.812874504022197],[77.28167737592987,31.81388024928209],[77.26674265606222,31.811833738529042],[77.2642791489731,31.80906116464529],[77.2518764299048,31.807580300377804],[77.24503368569317,31.803864505642427],[77.23140010450018,31.799619748418664],[77.22205412625384,31.79946510804419],[77.21113799213333,31.79145721080673],[77.19629791311687,31.78684103683514],[77.19733464124637,31.785301761162536],[77.19390519473257,31.776153208681414],[77.19895159098597,31.77616790114475],[77.20183330019482,31.766278976011115],[77.2077699302514,31.758635208344568],[77.20578687647875,31.754480790591593],[77.20974366031908,31.749239081549433],[77.2083453184748,31.739879975658305],[77.2116116350101,31.733006897748627],[77.2130047533592,31.726200054629466],[77.21569252526993,31.72268275633336],[77.22034545286104,31.72480313627252],[77.23302462846154,31.721222665040692],[77.23895411256204,31.717045107804037],[77.24372361797975,31.711241496033853],[77.24656551054224,31.712737623086802],[77.25349269651639,31.70922484051091],[77.25881911443825,31.708790222373786],[77.2612820899132,31.703022276692828],[77.27524435414729,31.696111551742334],[77.28675434675482,31.683000075803744],[77.29555878385334,31.68733143859301],[77.31198881316291,31.692811673842083],[77.3144874879701,31.692476316953712],[77.31778641291862,31.69943504777722],[77.31720390375423,31.70957798403187],[77.32395944420473,31.71972492028972],[77.33093469454398,31.717059968098173],[77.33660504517992,31.719791276733645],[77.35437017626221,31.721853415316943],[77.35913550628348,31.71815594955637],[77.36380308659865,31.723251757582652],[77.36933113009593,31.72301486512158],[77.38412520894717,31.7156208887194],[77.39336315691756,31.714618702626304],[77.40372246709353,31.71068570565773],[77.41328800717282,31.71470891395798],[77.41862518567957,31.72143287001445],[77.42840560591276,31.724768748566927],[77.44785378737026,31.716346117398622],[77.4591101396139,31.72037789000489],[77.45931333430332,31.725202060226867],[77.46736450303497,31.731571458818173],[77.47963660607448,31.729465038308955],[77.4950073906007,31.732747614848872],[77.498720049688,31.73239940755094],[77.5136411560149,31.73526207089075],[77.51981065602172,31.730786400425025],[77.52746821387194,31.727395490862406],[77.53712270278308,31.726390160279994],[77.54255148044611,31.722750755487294],[77.54503443100802,31.726938267607103],[77.55409897534855,31.72879748564626],[77.56933165004328,31.72977650884623],[77.57859491627879,31.738852415876952],[77.58428631241497,31.739362975716368],[77.58963635999531,31.736795069604298],[77.59367051402737,31.72733407706921],[77.59965176179438,31.72788317539281],[77.60879585402644,31.723979874623105],[77.6230314022551,31.71947854125496],[77.63045242576072,31.723130527420977],[77.640181856533,31.73323672681455],[77.64406982578953,31.735426616337666],[77.64842900262063,31.730236959543706],[77.64930954762082,31.726377158667184],[77.65432202150716,31.721936980804607],[77.65721835491053,31.71595184569825],[77.66784270116315,31.715197634837928],[77.6727536752727,31.713688260539776],[77.67861321632121,31.70917505238346],[77.67810494312782,31.70313090600625],[77.69584504327888,31.70474422497914],[77.71154474402378,31.703642990331957],[77.72138057517047,31.708227664992553],[77.73107833920038,31.714588895160503],[77.73533958888297,31.715114507540605],[77.74788604115636,31.713364112883966],[77.75314136215894,31.71807222076276],[77.75427930260462,31.723742550697292],[77.75148587803653,31.729954629167253],[77.75227198085818,31.751476741546377],[77.75839380967619,31.75342894277486],[77.76405254475544,31.761926353249887],[77.77735078067602,31.75471696961339],[77.78761514318198,31.75277807796997],[77.79476464070028,31.759402625444714],[77.8074307541405,31.761140047146654],[77.82874192971165,31.761007615811245],[77.83267644756593,31.75892135224531],[77.85402950031713,31.75478481299082],[77.85584748289439,31.770527358079867],[77.85849782999341,31.776862777980472],[77.85680421197586,31.78040034860803],[77.86089858993823,31.78358309419599],[77.86844311837113,31.782523561274523],[77.86573683724023,31.791714694973365],[77.85338011252558,31.79689433618352],[77.84769568725787,31.80296054652556]]]},"properties":{"District":"KULLU","STATE":"HIMACHAL PRADESH","TEHSIL":"SAINJ","Shape_Leng":179093.732241,"Shape_Area":723882294.122}},
{"type":"Feature","geometry":{"type":"Polygon","coordinates":[[[77.60310938163494,32.942931649605406],[77.59633412982002,32.92829134105501],[77.58888971752631,32.922031758468854],[77.57540737552137,32.913736179619725],[77.56372396139285,32.91230189519208],[77.55874670885369,32.90648792477744],[77.55038751100558,32.90031126094951],[77.54538767071656,32.89160230322438],[77.5384727653083,32.88608386890751],[77.52962144428774,32.88351668983014],[77.52598538221878,32.88107026781357],[77.51257879497133,32.87736210648866],[77.50148632177677,32.885579676335105],[77.49719436970629,32.88036593770516],[77.49103288152156,32.879605392858686],[77.48618998252032,32.873685639786046],[77.48082219729145,32.870543430108036],[77.47493532452715,32.8616124542568],[77.46920027711396,32.85867742831868],[77.4611942362547,32.85997719831167],[77.45207393368365,32.864094898802044],[77.44742721957351,32.871708059623174],[77.44795902186263,32.87531000970421],[77.4448104589503,32.87989697689654],[77.42798258555231,32.87561321053868],[77.41344322537276,32.884117124765005],[77.40734653565458,32.88401070564637],[77.39716067785693,32.878372823080404],[77.39422047473359,32.871317586043524],[77.38748240235051,32.863338422123725],[77.38145641037652,32.86192327552688],[77.37445314544864,32.85420494259955],[77.3754465345658,32.850075143708764],[77.37991692179473,32.84546280144541],[77.37923829735605,32.83892097957527],[77.37286715989629,32.82320436344605],[77.36018642809444,32.81758602307962],[77.34955641296752,32.815505914337265],[77.33856775123306,32.81690991909295],[77.33602278412616,32.82498395263687],[77.3320281392015,32.82609620932305],[77.32534281728584,32.83551204245902],[77.32873554551297,32.84297044260737],[77.3204034003825,32.85236736113594],[77.31378659934911,32.85060600825759],[77.30949152042004,32.85159571893042],[77.30447753476142,32.84962282396233],[77.29043902954693,32.85707576176982],[77.28607295912906,32.864493728013414],[77.27398915789999,32.87385325257829],[77.26628563533752,32.86882899717472],[77.26269095407176,32.86408732832227],[77.25546362819163,32.86360731332014],[77.25473188285048,32.86755618671201],[77.24999988170867,32.87236236706426],[77.24426477782019,32.872671679751015],[77.23759076321099,32.880175635173075],[77.24246386549481,32.892434160593126],[77.23438623477243,32.894199754295215],[77.21912914888809,32.904067793300236],[77.20323657469824,32.90633741557869],[77.19320215275748,32.91704660569415],[77.19286519013653,32.92343971542609],[77.18797242528969,32.9287443570499],[77.17849582444751,32.92312677551848],[77.17393052696973,32.913331697196746],[77.16912396211796,32.91044367220816],[77.15987814086661,32.91303901087464],[77.1642110295146,32.92045399016468],[77.16180437234836,32.93059879254154],[77.1638229848822,32.93735633847437],[77.1595089599559,32.938908479683924],[77.16194123095931,32.950643218828084],[77.16112929642293,32.95266328390434],[77.14872957971495,32.95616029325385],[77.14736300844349,32.965438982090596],[77.14930543225044,32.96923921308907],[77.15051677572495,32.97817456832275],[77.14261720311404,32.98133192240369],[77.13372123481552,32.98007500105614],[77.12617912792341,32.98133760171614],[77.11590840445572,32.98462401607814],[77.1118382270891,32.979520196497724],[77.1107638079989,32.97514241433075],[77.09526952405939,32.97134364955091],[77.08652434534285,32.97240985706931],[77.08245296796876,32.97453204026748],[77.07975279466534,32.98324575643008],[77.0711877467783,32.9844101803996],[77.0691538788213,32.986519221957096],[77.05642336023334,32.99201326776884],[77.04738714483399,32.99862180169353],[77.03875290512008,32.99752056288006],[77.03203032603413,32.9899146238708],[77.02386511348188,32.99132398331667],[77.00948854718152,32.98865614567514],[76.9967071979327,32.997001223946974],[76.99230764960856,33.00178811591018],[76.98082006440173,32.99999997868609],[76.97211317001403,32.99999989875464],[76.96507663920192,33.00411019929918],[76.96059787133166,33.00914021087354],[76.95966202629035,33.015339863928936],[76.9506959042384,33.018181415570474],[76.94097470537733,33.02831729166874],[76.93298945844946,33.02816803329985],[76.92577016612678,33.038270018029834],[76.92546484492681,33.047417599577756],[76.91420903226876,33.0633767759966],[76.91134431082541,33.07524813776953],[76.90587265998981,33.07834680170409],[76.90569294532153,33.085041796343106],[76.90995783150314,33.089616562682885],[76.9092900897445,33.09381403828144],[76.89771174348286,33.09869020190552],[76.89304246603365,33.105002649915676],[76.8915229041113,33.11411880173502],[76.88510057957654,33.12137779014132],[76.87724080950014,33.11884458307823],[76.87050678381279,33.11336240588481],[76.8624282170814,33.11272175379437],[76.85506718541427,33.114384346976856],[76.8501267449124,33.11857620149585],[76.85214449055505,33.12666898898209],[76.8429863985852,33.13033233894214],[76.843969628093,33.137780240201316],[76.83880798479785,33.14122335830332],[76.83004556608762,33.1428434318856],[76.8205162250509,33.153425149254545],[76.81669571113528,33.160339110980246],[76.81736697394383,33.166727620943334],[76.81291410515279,33.171909987549796],[76.81381091578989,33.177541294857576],[76.82234211272394,33.18355469439626],[76.81842602415716,33.19546378549461],[76.82363688623163,33.19762098339147],[76.82929660329462,33.203253929968994],[76.83445994980309,33.20484708721049],[76.8317642824187,33.21232990101321],[76.82555771408974,33.2147846352239],[76.828387598218,33.21856354803466],[76.8277097199949,33.22257110281],[76.83283377108651,33.230327098141835],[76.83768699392306,33.234029854984705],[76.84155235945718,33.24053636142904],[76.84317025525381,33.246735543054314],[76.83071087366892,33.24918877509637],[76.82455409247832,33.24461065821707],[76.82240184985857,33.23678349669198],[76.82006345944575,33.23584026148858],[76.80683794644473,33.244980922937174],[76.80425649364868,33.25149863166388],[76.79915101509243,33.256242527312544],[76.79300151981654,33.2563649204349],[76.78483771032407,33.2534649815417],[76.78191788942777,33.25430137439788],[76.77288455758553,33.25211237496861],[76.77157903534915,33.24888350220804],[76.77311595541745,33.24215397206171],[76.77882721991602,33.23951219983409],[76.77583885040077,33.22048968377703],[76.76659297984763,33.210843390758455],[76.75829973553324,33.19599931683623],[76.75008596587709,33.191492190568724],[76.74675694520351,33.18307608493004],[76.74695080985656,33.179190544346405],[76.74924869813488,33.17573690542604],[76.74574921951807,33.16853426784502],[76.74304980371107,33.15680137852651],[76.74864684345913,33.151352754012514],[76.74878592588402,33.13959872736724],[76.74631586327351,33.13052840104199],[76.74231446065953,33.128583249810326],[76.73920172371538,33.119541778532074],[76.73965489694992,33.11419175533825],[76.73583931990844,33.10382600253102],[76.73819703487028,33.09140388040625],[76.73630914644248,33.08257161048529],[76.73943412659682,33.0773316940992],[76.74602390319032,33.055459800175356],[76.75128694749235,33.04869456465855],[76.7517300193706,33.04257196895628],[76.75575599092812,33.03546570821262],[76.7598003599366,33.03452820664495],[76.76154049426067,33.027495819720976],[76.76153319208959,33.0183926457766],[76.76661090270676,33.01693942452288],[76.77641483466678,33.01702206629807],[76.77412722222005,33.01325002140659],[76.77209456146757,33.002111293498245],[76.76706402713451,32.99910422403053],[76.7664461395414,32.989083989906625],[76.77019915485292,32.98412786505343],[76.7764250390603,32.981890994942304],[76.77555059725768,32.977768308330795],[76.77822890765279,32.97138844844055],[76.78205068056941,32.967515216190584],[76.77888540696779,32.963156309393646],[76.78157959452213,32.957858268112915],[76.78084806041718,32.95112451330691],[76.76945275961437,32.94205709695178],[76.76925605094947,32.935336013299036],[76.75588052161645,32.92486647518184],[76.73444679266211,32.930118607697175],[76.72593544724288,32.928412333056684],[76.72267137038241,32.92544675425761],[76.72094154786748,32.91985937587267],[76.71290214031147,32.91745160322567],[76.70992909923142,32.90921852441161],[76.71101090887458,32.90424139211317],[76.70711350251594,32.89494812583202],[76.70717789271528,32.88390440603079],[76.70033755147472,32.880894270393995],[76.6929911180757,32.87250611044502],[76.69086348683842,32.86460817846601],[76.6870525617604,32.86207851547898],[76.6809110610623,32.85137476396223],[76.67668374026913,32.84703079792272],[76.66491425882833,32.8460597758311],[76.65723355214988,32.843017711741304],[76.65209739472358,32.84751213943281],[76.64982579549499,32.852207123466634],[76.64226045369179,32.853831660358814],[76.6289855755672,32.85011485345667],[76.62002682169911,32.84970770777644],[76.61561109035884,32.847686448441245],[76.61021848615201,32.851586985817576],[76.60687875783879,32.851448091726475],[76.60147991881131,32.845584407692016],[76.59627980564696,32.84223718635898],[76.58648512017102,32.84073811037052],[76.5811346795866,32.8320791005882],[76.57253735115702,32.823614610148404],[76.56676050373727,32.82341375556289],[76.55451478729435,32.819446396146105],[76.55004073825475,32.816174576401686],[76.53942613559407,32.81585559140938],[76.52919779567297,32.81225401632342],[76.52182501140516,32.80687475074305],[76.5145014935651,32.806731883725654],[76.51223781650381,32.80420304307074],[76.50624738905826,32.804668237444666],[76.49123902348269,32.802021054024],[76.48122913464927,32.804328569921644],[76.47163009431488,32.80506604127502],[76.46984007831193,32.81302594476635],[76.4740534310083,32.821019814201236],[76.46729528206905,32.82624535665439],[76.45440583182007,32.84848811378714],[76.45182603138774,32.85100781688345],[76.43958139853845,32.855904013969614],[76.4369186121086,32.851369690969214],[76.42993741359395,32.84518784336367],[76.42534807365708,32.843361124182216],[76.41600258504457,32.843600744926746],[76.40727969612705,32.83976139256456],[76.3919147569261,32.82505696720597],[76.37936732930349,32.822150849075605],[76.37688503243406,32.820557300302596],[76.37335366929454,32.81450372497012],[76.37328962837054,32.8076924089587],[76.37618629504722,32.803079983277954],[76.37439916044913,32.79807125848081],[76.38325304817549,32.79262614671779],[76.38706537459943,32.782084666583614],[76.38514331694894,32.773554237943046],[76.38900939939468,32.767253228069784],[76.39017327227815,32.75898543033302],[76.39407741213857,32.75164767289579],[76.39407800314576,32.74307775262727],[76.3986091771369,32.740357151346096],[76.39789391112555,32.73379764378419],[76.40026881139961,32.72736563889165],[76.41178146839911,32.72198901577227],[76.42854801622866,32.708721580726944],[76.42815465774882,32.700636413734905],[76.43018365462956,32.69771292593829],[76.42302271617856,32.6880042224533],[76.4302059483519,32.68273629965927],[76.4361431116085,32.67653271567967],[76.44412726623676,32.6743205055333],[76.4458843032941,32.669842956059135],[76.43987093597525,32.65939754913757],[76.44187004605377,32.65783046976588],[76.46042676444966,32.65294756317181],[76.46688672832526,32.65226973445693],[76.47522742999892,32.65635298653109],[76.49044627626851,32.65871538201345],[76.49858071728146,32.66109076749682],[76.50461171017737,32.665333489188434],[76.509470363245,32.66665982038293],[76.5188838853536,32.66566855682427],[76.5282882797086,32.65648188236073],[76.53288499316965,32.65564460532413],[76.54943557290225,32.65644791890496],[76.55207150959822,32.65353320133644],[76.564787780461,32.645424171103585],[76.57300631822181,32.643740550935746],[76.58179930131422,32.63940934067979],[76.59234316014144,32.6367917591022],[76.59202329722925,32.633805811191934],[76.59615130775465,32.62569977779715],[76.60299579866228,32.622129629512436],[76.59869843877165,32.61556781863423],[76.60049820277986,32.60695058614224],[76.60315078745245,32.60431099571733],[76.61489801390697,32.60256193653956],[76.62318673493017,32.606003574455706],[76.63209948941213,32.60535381983896],[76.62617351544536,32.598399263901804],[76.62689499654425,32.59458216538551],[76.62435818493822,32.58946399672972],[76.62276837395719,32.57868409168239],[76.62680195982742,32.574635009589635],[76.64227375731814,32.578386563289385],[76.64992687246165,32.582600738687205],[76.65269568475483,32.57930627181847],[76.66814353958243,32.57188861759974],[76.6724708648538,32.563964944317924],[76.68283267077783,32.56261139958392],[76.68821098346777,32.56592915208542],[76.69556670542696,32.56021112252452],[76.69520080618858,32.555418544136394],[76.69853757375219,32.551395257128654],[76.69767538243545,32.545552229256586],[76.70593525854612,32.54395307177926],[76.71477905981378,32.53826966053462],[76.72786326585891,32.54517339482975],[76.73668266826456,32.54645053909302],[76.74525152066083,32.55494801925028],[76.75471624019805,32.55548916950663],[76.76093251506852,32.551180658356444],[76.76257130485583,32.546888709765156],[76.76933449282704,32.5449270504435],[76.7820883483067,32.54790864650511],[76.79013983317562,32.547682872832375],[76.79231567462612,32.54481900193069],[76.79088139392185,32.540000452415775],[76.7944223930457,32.53769502432988],[76.79723876298769,32.53162614689809],[76.80169316257135,32.5313355967724],[76.8179232503236,32.53716934235947],[76.82683281941438,32.537037991605864],[76.82722051981689,32.530278064858614],[76.84103005056909,32.524295504059396],[76.84994183100696,32.52617846826041],[76.85477089582365,32.529868154788744],[76.86535355916688,32.53352673983142],[76.8700999767465,32.525488002028226],[76.8719587779273,32.51925943946427],[76.87743908434838,32.51302704169218],[76.872437918341,32.5080784471952],[76.86636143404121,32.505044545277826],[76.85994503312526,32.49785001848237],[76.85782702715443,32.49111942338962],[76.85705166318333,32.47927552203899],[76.86198688236601,32.47339094291507],[76.8625395020165,32.46640803188866],[76.865947907708,32.463367924384244],[76.88278972583,32.465809342737664],[76.89700332704855,32.46583205004832],[76.90387700224944,32.46725921698324],[76.9118047539227,32.463948798757855],[76.90225464760601,32.45616754437738],[76.89892858250876,32.44786780199705],[76.90233901459324,32.446143292407186],[76.90760313525467,32.43985844491228],[76.91619306561834,32.43599942277055],[76.91205588600077,32.422877008046044],[76.90883774388249,32.4169558734003],[76.92128063803715,32.415625480591544],[76.92974841271567,32.41704439228373],[76.94162275576232,32.42495321200606],[76.94705585063609,32.42643518591411],[76.94857995959322,32.42213516948462],[76.94435479037512,32.41300960097583],[76.94417573251582,32.40709159324923],[76.94724591387059,32.40269449507151],[76.96927167446339,32.401133958924916],[76.98005063240879,32.40346209861138],[76.9989369533046,32.41180115254743],[77.00050101483751,32.41445567759979],[77.01497650403911,32.417724737845504],[77.02135692396854,32.421212392645536],[77.03157377029217,32.42456227637425],[77.03678102415977,32.42314708893514],[77.04141178557748,32.42478810545336],[77.05487255560251,32.433266502586434],[77.06203084922458,32.42571092083687],[77.06483067418928,32.41796535473597],[77.0777035129553,32.41812274755896],[77.07776857502203,32.40786388257052],[77.07347963169221,32.39854581362259],[77.08199272664837,32.394668267685695],[77.08645243300127,32.395747471129134],[77.09504836115208,32.3930809579739],[77.10158718182798,32.39550503413793],[77.11304316925963,32.39752405189847],[77.12406890600994,32.4031139641519],[77.14204312368172,32.40769913194143],[77.14587861746853,32.4127051550375],[77.15195269448766,32.414595925670135],[77.16953847333974,32.40749391163449],[77.17961139989843,32.402556162307334],[77.18478629586558,32.39650688168504],[77.19508426610552,32.398308320480254],[77.20013686394331,32.38560796264574],[77.20450321338504,32.384906621781425],[77.22096031565368,32.37636153848666],[77.22716664869112,32.3701687651302],[77.23183357868959,32.37490269813448],[77.23839749688865,32.37600216967498],[77.24403002879933,32.37417717795876],[77.24521480208234,32.37025666724741],[77.25069992866452,32.368647361152824],[77.26129112115684,32.35957641831925],[77.27585172212522,32.3546534301169],[77.27773793716973,32.346702801992095],[77.285020246924,32.33968065828575],[77.29154936176306,32.33828567818459],[77.29582857112894,32.33386237637786],[77.30138104734701,32.33131732059552],[77.30750381620686,32.3328477795726],[77.3103184028068,32.327580071934854],[77.3274396211494,32.31494073070178],[77.3258696865502,32.30867632432257],[77.32928854410135,32.302698342390514],[77.334363560269,32.30366387621261],[77.34082037380628,32.295582518714006],[77.33959387468359,32.28846722340755],[77.34410735879325,32.28499537247266],[77.34622832865108,32.27790851092321],[77.34506332212338,32.274132834817955],[77.34979208571245,32.26741322056837],[77.34713076560811,32.25443150791617],[77.34473055032923,32.25116458546407],[77.34551053829435,32.244337255337],[77.35368944811636,32.23172915739125],[77.35431000505359,32.22867117997681],[77.3645012236751,32.223511352013524],[77.36899386954678,32.218818402443695],[77.37328894412896,32.219089198842724],[77.38105921051388,32.211257901823735],[77.38729571008544,32.20925441368315],[77.39643497144965,32.2122564550232],[77.40383899870025,32.20970067671624],[77.40894204404997,32.20402556020114],[77.41649807668742,32.20169816052417],[77.41879064649855,32.192125213071094],[77.42090713836672,32.188691155080676],[77.42782139418924,32.18833725018703],[77.43542079443326,32.19002970052084],[77.44142976969255,32.187895054182405],[77.4464220965736,32.18975918603853],[77.4571196071536,32.190836728563305],[77.46468307453415,32.19387720722977],[77.46122507018984,32.20153476267788],[77.46814798685621,32.20465707265675],[77.46446518072345,32.209738768748075],[77.46745734687086,32.21218545260898],[77.46937108857854,32.22342500184793],[77.47496911516902,32.22082930359261],[77.48462429157117,32.2212965760562],[77.49352624355228,32.216418801492736],[77.50265546149278,32.214840745538304],[77.50275230793783,32.211321224051474],[77.51482512887262,32.20295875377512],[77.51481760774278,32.19769889260238],[77.53153618938524,32.194285758251425],[77.53633225800128,32.20138234898618],[77.53284854252975,32.208267988420786],[77.54407416449017,32.21531195608825],[77.54653286088241,32.21861269867252],[77.5532333852809,32.212558767415366],[77.55926495150001,32.209562339219225],[77.5664414976926,32.20347501545208],[77.56574894166933,32.193928498796176],[77.56995854609144,32.189540454891514],[77.57289647511534,32.18309461018042],[77.57846949074025,32.183204732841155],[77.58489820693467,32.17987644899753],[77.58444659764375,32.17433433860718],[77.60013321753873,32.1715713469339],[77.6024077900478,32.166015063113],[77.60793387008624,32.159980300835414],[77.61948432905552,32.15496626103005],[77.62583588137458,32.15766468270479],[77.63190948327656,32.14897460988603],[77.64088780220413,32.148742259858196],[77.6430803327027,32.14616481988541],[77.65258407034501,32.142147638007785],[77.66044727864747,32.13563329728926],[77.66314156101846,32.12243005082267],[77.67035603623647,32.12058109029541],[77.67198384025582,32.11523661078956],[77.67798962456312,32.11291234270195],[77.68352198633576,32.104389764867875],[77.69066158644364,32.09928574080991],[77.70501869468906,32.10222448719287],[77.70867539057139,32.098363590370624],[77.7182379934257,32.09185862020976],[77.72549222887584,32.090414500906114],[77.74327825013185,32.09002641707197],[77.74792726614777,32.092869391583754],[77.77303436953056,32.09875909629327],[77.77615662968158,32.1011662282753],[77.77661607717194,32.1080865438132],[77.77559193158356,32.12112277409847],[77.76901766319358,32.12497580012232],[77.77727940138719,32.13190511983695],[77.77685574319787,32.13600786118334],[77.78053725719934,32.1394187821778],[77.78853531311177,32.14218669916335],[77.79659861532276,32.14865932323691],[77.80098446573417,32.1494628202923],[77.80498492552871,32.15707960914955],[77.8024206412728,32.168143723128864],[77.80536887502285,32.171224105173415],[77.80487376148,32.17817060676782],[77.81492096982096,32.18192301393515],[77.80862148780439,32.185330393550075],[77.80447386042215,32.189725520365805],[77.79231960648075,32.193611659378625],[77.78839146561722,32.19146158928284],[77.77040168357924,32.19713509234006],[77.76268819712512,32.19762387758122],[77.74888579762496,32.19533381689103],[77.73977562114557,32.202569945466436],[77.73055290296897,32.20388700960656],[77.71661928106631,32.208637274177356],[77.71022866654572,32.207251786655725],[77.69644798497303,32.220267849642255],[77.69662669422424,32.223568012463126],[77.70196796697512,32.22448241832314],[77.70527148864305,32.23624155994013],[77.70360346965062,32.241087087159286],[77.70366536037494,32.254906558340444],[77.7112773212729,32.2604695854335],[77.71153878791945,32.26873802619451],[77.7178016937197,32.269037032652136],[77.71988855761326,32.2725533524219],[77.71790545138902,32.27725712646721],[77.72534343643598,32.27938417021383],[77.72924289749601,32.28474052153862],[77.73376797380163,32.286496240656646],[77.73358017453701,32.295748917548714],[77.7356110436734,32.29736735497623],[77.75196994820298,32.2978542167031],[77.75619294454631,32.30515713292855],[77.75917250744128,32.30710896611709],[77.75515611021183,32.31647034676128],[77.76303658522569,32.32217037919852],[77.76080961996271,32.32605680916283],[77.74997270000867,32.33185935054659],[77.74361460991597,32.333049742429765],[77.73711546750899,32.33965481551893],[77.73409932056471,32.35133602444417],[77.72622122599967,32.35570242079673],[77.72095303964083,32.35379744541903],[77.70368824783048,32.36723998789115],[77.7012717017756,32.37215986031328],[77.69586234743737,32.3715606361575],[77.69231943277813,32.37682006402581],[77.68630482225133,32.3769764391791],[77.68035598614496,32.374651047441496],[77.66666328968623,32.37551767867359],[77.65666741305843,32.37338464385636],[77.6558088818075,32.3816290958401],[77.65329572554809,32.38410864730741],[77.64927449389296,32.39323986186354],[77.63228044564829,32.394130287727464],[77.62414943517877,32.3977643091519],[77.6255194314611,32.40614162441954],[77.62845858207254,32.413556138068074],[77.63470534858983,32.41868737435215],[77.6364744964592,32.42215198229959],[77.63418620903441,32.43402350885187],[77.63941412162814,32.437509693699084],[77.64164665865744,32.44156974511991],[77.64657289427231,32.444417928591136],[77.6415455316642,32.45524307835884],[77.64407345593949,32.46021121710922],[77.64283485699652,32.47065766146809],[77.63734592362988,32.474839012604775],[77.63882204328063,32.47933533350286],[77.63384329106013,32.49025041292465],[77.63434510054341,32.50127109104624],[77.63313029510952,32.50485767682959],[77.63844847292997,32.507081367143016],[77.63589588610867,32.51091282260665],[77.62822056246252,32.513155934941146],[77.62225614609662,32.52301272779367],[77.6119783045202,32.52299346251374],[77.60076331998664,32.528054195448576],[77.5990001775002,32.532171041487594],[77.60057588954142,32.53689453608555],[77.5994068106342,32.546572770363646],[77.60125752488179,32.55098559121513],[77.59660005937195,32.55964777721532],[77.60145642013828,32.56520200229967],[77.59787862395619,32.56941832911489],[77.6007393698352,32.575880856848876],[77.61922980299668,32.575789649222635],[77.6220093162005,32.583332870551764],[77.63553504095145,32.58165465463773],[77.63685347444077,32.59007155259567],[77.64239108210525,32.59022346512323],[77.64825066695109,32.59426122236529],[77.64145346137711,32.60328840617919],[77.64016716224364,32.613458996463926],[77.63375502149744,32.618026849870276],[77.64279978956,32.624561901503164],[77.64507583009913,32.6311015250158],[77.64065013577411,32.633136429965646],[77.62631032053125,32.64499364639074],[77.61961831986712,32.65587010062961],[77.61854058060243,32.660224478628066],[77.60375131289595,32.66097438054502],[77.60018226244313,32.67258698761328],[77.59669215736064,32.679329552927726],[77.59066586006278,32.679347093064436],[77.58724560467482,32.68545927176942],[77.60034520265899,32.69202953599388],[77.60440830027403,32.70536833866187],[77.60475840419294,32.71209497206124],[77.60698823196572,32.7144384097739],[77.60530461573201,32.71945666108249],[77.60148032687952,32.72276452091992],[77.60172937316035,32.727324201833945],[77.59563853116364,32.73351894926644],[77.58701752128616,32.730779954718884],[77.57550655202675,32.73032879033108],[77.56499821019794,32.73801393831346],[77.55002874595351,32.752599705326546],[77.54846718950567,32.764653793294734],[77.55513533731431,32.76474056217317],[77.56431819579744,32.758789105839575],[77.56911565436762,32.75897373879953],[77.5751807773528,32.765450999129236],[77.5783527164044,32.77430610010871],[77.59783286504032,32.774281217977226],[77.60731921439671,32.763012661874036],[77.61519252717929,32.7619480580559],[77.62564711553712,32.77590335267551],[77.62652388559826,32.78097038438215],[77.6336806353112,32.78868349882945],[77.63051248230776,32.797279307773536],[77.62429778890973,32.805996328907185],[77.62773496748984,32.80917368276781],[77.62825043232299,32.815766122857696],[77.63179715585972,32.81885523912898],[77.63325149027703,32.82627707592777],[77.63116973714293,32.830204281255966],[77.63683440109138,32.83594876294305],[77.63798259154794,32.84088479834868],[77.63215495884054,32.845100382482116],[77.63229232361209,32.85186513307787],[77.62812650110347,32.859763908065986],[77.62177480064848,32.8635630967339],[77.6200162566311,32.87128254657345],[77.6139822692429,32.88103761549823],[77.61170377667698,32.89212715736106],[77.6089333103819,32.89969101339826],[77.61529439568884,32.90544850464121],[77.6159543976649,32.9106446578363],[77.60843690832564,32.917890778341366],[77.6079512298174,32.921982841338334],[77.61094318631285,32.92591694832889],[77.60802160360322,32.92919548755316],[77.60857336787743,32.93443427286817],[77.60310938163494,32.942931649605406]]]},"properties":{"District":"LAHAUL & SPITI","STATE":"HIMACHAL PRADESH","TEHSIL":"LAHAUL","Shape_Leng":619073.239131,"Shape_Area":6607881202.05}},
{"type":"Feature","geometry":{"type":"Polygon","coordinates":[[[77.19629791311687,31.78684103683514],[77.19247226276126,31.79276299979569],[77.19279847175159,31.797298881953104],[77.18632247527529,31.811625524531298],[77.18802571492019,31.818220023607047],[77.18523730200135,31.820862096690878],[77.17513638167452,31.82190453713936],[77.17338619679418,31.826447754362224],[77.18016588892242,31.8363541559531],[77.17783598842944,31.841597160890835],[77.16246306481992,31.83790221948524],[77.15901410323056,31.835020625349568],[77.15541508952624,31.840088961099514],[77.13954870946692,31.837713070972388],[77.13434650837098,31.83816508643266],[77.11957567794161,31.836800122775756],[77.11676246256329,31.838489215463962],[77.10722769461924,31.838100772233336],[77.1027887974318,31.836454086460947],[77.09766229931195,31.83877142471799],[77.09229946005802,31.837327989537215],[77.08194410268156,31.82749867943154],[77.08797855633327,31.820890652971013],[77.08109128879794,31.807912700184552],[77.0844624551085,31.80460966515519],[77.09070768792948,31.803270595173583],[77.09727240868907,31.804654555446305],[77.10730514309901,31.8003220676616],[77.10713649342647,31.786875537666234],[77.11097246047089,31.785226366772175],[77.12297596984061,31.776255239294258],[77.12289097226834,31.76390885704284],[77.11765829910021,31.758065264198553],[77.11574876598237,31.75041026213926],[77.1072901396904,31.750954304044996],[77.0983863129706,31.754880067272396],[77.09224419725817,31.755714446864303],[77.08017729622759,31.751530080055982],[77.07103890836328,31.741604920045393],[77.07246614302531,31.73810489582993],[77.06810851554816,31.732019693480133],[77.06691673399175,31.72553589266332],[77.06988490059929,31.7228512286112],[77.08543475280966,31.719829514049586],[77.08572193088516,31.71671783332662],[77.08071510615824,31.709966130969992],[77.08103248527223,31.70497863595237],[77.08622585076476,31.7027024801432],[77.0915061203965,31.70320830957189],[77.09519158167043,31.696694036253312],[77.10759539673161,31.695795845109288],[77.11278656256097,31.688341882112343],[77.11579759064406,31.688082125318726],[77.11962185573934,31.69284042190116],[77.12393879405536,31.69108214925902],[77.13264565219885,31.690861426936195],[77.141647712677,31.694130022464826],[77.15667476251781,31.694928524263407],[77.16200648554285,31.697798789428095],[77.17457031920353,31.700943221586662],[77.1822190222482,31.701338333895823],[77.18653317441947,31.706423085444992],[77.19576656289706,31.71018807901195],[77.20101329178084,31.709341155141612],[77.20507038944274,31.714470789685286],[77.21011737181756,31.71618055661548],[77.21569252526993,31.72268275633336],[77.2130047533592,31.726200054629466],[77.2116116350101,31.733006897748627],[77.2083453184748,31.739879975658305],[77.20974366031908,31.749239081549433],[77.20578687647875,31.754480790591593],[77.2077699302514,31.758635208344568],[77.20183330019482,31.766278976011115],[77.19895159098597,31.77616790114475],[77.19390519473257,31.776153208681414],[77.19733464124637,31.785301761162536],[77.19629791311687,31.78684103683514]]]},"properties":{"District":"MANDI","STATE":"HIMACHAL PRADESH","TEHSIL":"AUT","Shape_Leng":67901.725261,"Shape_Area":152922054.473}},
{"type":"Feature","geometry":{"type":"Polygon","coordinates":[[[76.81738047936739,31.504656507112138],[76.81499599887755,31.515224477844832],[76.80891314771773,31.519462694249004],[76.80528345359005,31.525896802776625],[76.8063321058314,31.540752528517256],[76.80569219881883,31.547186598737774],[76.8131605440385,31.551729650235156],[76.8141184381923,31.55732272791182],[76.81726217580794,31.562869372890244],[76.81497179355557,31.567903178502885],[76.82069224156173,31.57313324940089],[76.82361120495361,31.579911550361565],[76.82221249095105,31.59364876121221],[76.82857991861036,31.59473964656859],[76.83172432273766,31.59815740360133],[76.83400806869795,31.605731716827215],[76.8297248682585,31.608359584981095],[76.82512155297651,31.604484385568117],[76.81838484714241,31.60601269769554],[76.81763540145215,31.62021171670578],[76.81561990809453,31.62409147591521],[76.80469799883129,31.62707053673419],[76.79679696130862,31.61401809443782],[76.78545946194288,31.617104098909135],[76.78014153457336,31.617509311269256],[76.77740038416013,31.621834207197463],[76.77266585596664,31.621486481649583],[76.76542227030131,31.615025354072518],[76.75321245590229,31.614190810324697],[76.74999999705099,31.611692852829],[76.73997274242197,31.611503336729218],[76.73693876947246,31.609095146794292],[76.72972619295825,31.60971173178864],[76.72149691150605,31.6028602856037],[76.7281686013954,31.589713962319284],[76.72933212662686,31.582329227358247],[76.72987274112637,31.571336573315037],[76.72691377595567,31.56451299714293],[76.73524039627863,31.560850213347706],[76.73060039945997,31.55730547494838],[76.72753387883364,31.5522573157587],[76.7308505649906,31.541662196451245],[76.72503339410808,31.539386696384266],[76.73289082685127,31.535177907279245],[76.732884299304,31.53239714771394],[76.73757916239558,31.52683130161431],[76.73884882509343,31.520795335999036],[76.73393174385355,31.52077211855719],[76.73082221400878,31.516558637091816],[76.74167174028048,31.51445716541737],[76.75075894177617,31.517811624861576],[76.76005907832204,31.516641525384582],[76.76635117301392,31.517800458152784],[76.77395800786655,31.513938775597786],[76.77626111488816,31.508095971894114],[76.78205711865894,31.505057274843246],[76.7853853139467,31.5001457623667],[76.79009665506727,31.50162992303971],[76.80314223691262,31.498501677044473],[76.81641712389924,31.501226353199776],[76.81738047936739,31.504656507112138]]]},"properties":{"District":"MANDI","STATE":"HIMACHAL PRADESH","TEHSIL":"BALDWARA","Shape_Leng":53370.3099318,"Shape_Area":95711588.3732}},
{"type":"Feature","geometry":{"type":"Polygon","coordinates":[[[76.998701572317,31.62375923277944],[76.99502836960868,31.624385971766415],[76.98553572843392,31.629518025206245],[76.99401566319175,31.646839609070966],[76.99059370365761,31.65393238943512],[76.98615610755616,31.6507394438221],[76.97720872928225,31.651887719148995],[76.95743446097849,31.657260119074696],[76.94928064242224,31.657404020436328],[76.94604986389618,31.66370301751368],[76.94300955375904,31.66488167315321],[76.93791428558742,31.65363986467857],[76.9341989255728,31.65237953035577],[76.92529920648377,31.646106594052668],[76.91826801289947,31.647470960945565],[76.90838052698456,31.644510230094244],[76.89739488541026,31.647298447344546],[76.89340089929664,31.644697985583097],[76.88765146584164,31.650088583492224],[76.87539995979354,31.65412705551235],[76.86819150872162,31.652344107161696],[76.86241741881119,31.65771381126784],[76.86076181206315,31.662387132506133],[76.86000465643426,31.67740649862373],[76.86404360082138,31.679846244974758],[76.86664299400961,31.68549221350876],[76.86322653299418,31.694385096632576],[76.86606248078816,31.70129980606269],[76.86114180149748,31.704828975208464],[76.84563728850408,31.703060356198336],[76.8371742948213,31.690400835838275],[76.83095749863907,31.688270029061332],[76.83212176388534,31.681009822563507],[76.83655241404742,31.67598550058594],[76.8328145145246,31.667722483876346],[76.82655281692597,31.66377190150771],[76.82743088748276,31.658534268797005],[76.82079601038564,31.651549286277533],[76.81632409323666,31.64187830559107],[76.8076529148447,31.635561792247117],[76.80469799883129,31.62707053673419],[76.81561990809453,31.62409147591521],[76.81763540145215,31.62021171670578],[76.81838484714241,31.60601269769554],[76.82512155297651,31.604484385568117],[76.8297248682585,31.608359584981095],[76.83400806869795,31.605731716827215],[76.83172432273766,31.59815740360133],[76.82857991861036,31.59473964656859],[76.82221249095105,31.59364876121221],[76.82361120495361,31.579911550361565],[76.82069224156173,31.57313324940089],[76.81497179355557,31.567903178502885],[76.81726217580794,31.562869372890244],[76.8141184381923,31.55732272791182],[76.8131605440385,31.551729650235156],[76.80569219881883,31.547186598737774],[76.8063321058314,31.540752528517256],[76.80528345359005,31.525896802776625],[76.80891314771773,31.519462694249004],[76.81499599887755,31.515224477844832],[76.81738047936739,31.504656507112138],[76.8259229706867,31.502591081125704],[76.83453897504666,31.507068527641895],[76.83707719881133,31.510971549499995],[76.84162463428231,31.510145563171058],[76.84540177309914,31.521108140868716],[76.85002021881851,31.529902030975606],[76.84957197298208,31.53694548407736],[76.85481086240218,31.537369217098824],[76.86219276255278,31.54543546672523],[76.86005364170659,31.553610900502086],[76.8624259988121,31.562377624355992],[76.87190945888221,31.568920287817946],[76.87641546512177,31.57517756422455],[76.88064490477176,31.576739093146312],[76.8905467420643,31.576180939133888],[76.8948457957904,31.583936397685928],[76.89516835207523,31.58849975900751],[76.9120775363448,31.589834937759463],[76.92737132859712,31.589443638199153],[76.92432221632707,31.583959710109646],[76.92513664056217,31.57286075832789],[76.9307541788307,31.567548721634264],[76.9318164079741,31.56229828537013],[76.92583359409802,31.55740534218914],[76.92926059186587,31.54970937826549],[76.92923541007426,31.544867933430123],[76.93551217926083,31.53592586720075],[76.93989216850144,31.53189724521123],[76.93726630004245,31.523309128253366],[76.93840208793856,31.518458779755463],[76.94473897066308,31.51682103696105],[76.94843500984088,31.518258132447265],[76.95122277309083,31.514091783573765],[76.95833097137012,31.51054881553816],[76.97349760857443,31.512354550134805],[76.97331881484793,31.517269911068897],[76.985439351772,31.514765416651223],[76.99803381574883,31.508997357662555],[77.00283848885203,31.510061002329607],[77.00851349680724,31.514113598216742],[77.01178628009069,31.522694104092967],[77.00866722016475,31.522877277637125],[77.00678869311787,31.52819327432068],[77.00258644306979,31.530352080506272],[77.00159422290696,31.53906849107905],[76.99796119164621,31.541552030075326],[77.00160158215189,31.545272019766323],[77.00247784024701,31.553407488338742],[77.0008822905212,31.558223616196873],[76.99545777345703,31.562660865887047],[76.99211310776589,31.56841480037816],[76.9925393625641,31.572689778554558],[76.99806973789069,31.58004030754018],[76.99794336217626,31.58377410996069],[76.99399741655759,31.58897793191968],[76.99805896180375,31.597009318035454],[76.99862796424567,31.601442116973203],[76.99505023310148,31.607105877932582],[76.998701572317,31.62375923277944]]]},"properties":{"District":"MANDI","STATE":"HIMACHAL PRADESH","TEHSIL":"BALH","Shape_Leng":110932.812375,"Shape_Area":224796541.537}},
{"type":"Feature","geometry":{"type":"Polygon","coordinates":[[[77.08194410268156,31.82749867943154],[77.07730333329638,31.8372297727892],[77.06731318067773,31.834976355600897],[77.05775982350697,31.83775428689208],[77.0530768453492,31.832660944243838],[77.047488963694,31.833298983281946],[77.04072729668921,31.831348861145425],[77.03107714774086,31.83052637902889],[77.02425697314281,31.824895817698334],[77.01658833700508,31.825113561783066],[77.01139193989111,31.829434056618688],[77.00903582197252,31.824595763983186],[77.01166558704865,31.821804305651604],[77.01000092447104,31.812488327850417],[76.99658268752063,31.80962987730142],[76.99177187930555,31.8131920198363],[76.99029259239927,31.819798013469892],[76.98577188569557,31.820077176700032],[76.98388556868406,31.82582173232416],[76.9772404598005,31.830208266709846],[76.97046344656265,31.831938460888146],[76.96635052364343,31.82731551983063],[76.96756709870559,31.822080571092922],[76.97211505984502,31.819506745094923],[76.96352993381413,31.814152165923005],[76.96732424170857,31.806528014953255],[76.96343783655784,31.79303968184718],[76.95650176985129,31.790016268119544],[76.95192682460394,31.795809080963092],[76.95462065759394,31.804368705906803],[76.94803861537663,31.799920074218594],[76.94431513568028,31.801861968504898],[76.93786279755281,31.801917671368408],[76.93141211238341,31.799619216404835],[76.9268154166477,31.79011557657114],[76.91980450876594,31.78983635087646],[76.91677737541832,31.786190899095537],[76.9199715505682,31.780973075878272],[76.92687836298046,31.778254596162196],[76.93266889159739,31.763075242636226],[76.92475190149786,31.75879673188878],[76.9160086642104,31.756501352745673],[76.90820179551886,31.750001121594508],[76.91004768946212,31.742289318132162],[76.90913208648242,31.731511443168927],[76.90699095842746,31.727312826464374],[76.90870047511214,31.72378215292003],[76.91010140608469,31.713868157966772],[76.90039585010067,31.713589655667064],[76.89859527782009,31.710032241295288],[76.8905042456128,31.709971946738072],[76.87884021113862,31.715140460873783],[76.8714251873331,31.71400777937467],[76.86328020470197,31.714486781361458],[76.842263983166,31.7201182644808],[76.8389951642149,31.720059908765244],[76.84580882507794,31.707356214733586],[76.84563728850408,31.703060356198336],[76.86114180149748,31.704828975208464],[76.86606248078816,31.70129980606269],[76.86322653299418,31.694385096632576],[76.86664299400961,31.68549221350876],[76.86404360082138,31.679846244974758],[76.86000465643426,31.67740649862373],[76.86076181206315,31.662387132506133],[76.86241741881119,31.65771381126784],[76.86819150872162,31.652344107161696],[76.87539995979354,31.65412705551235],[76.88765146584164,31.650088583492224],[76.89340089929664,31.644697985583097],[76.89739488541026,31.647298447344546],[76.90838052698456,31.644510230094244],[76.91826801289947,31.647470960945565],[76.92529920648377,31.646106594052668],[76.9341989255728,31.65237953035577],[76.93791428558742,31.65363986467857],[76.94300955375904,31.66488167315321],[76.94604986389618,31.66370301751368],[76.94928064242224,31.657404020436328],[76.95743446097849,31.657260119074696],[76.97720872928225,31.651887719148995],[76.98615610755616,31.6507394438221],[76.99059370365761,31.65393238943512],[76.99401566319175,31.646839609070966],[76.98553572843392,31.629518025206245],[76.99502836960868,31.624385971766415],[76.998701572317,31.62375923277944],[77.01353269300355,31.632001646627973],[77.02270869863267,31.632257332285395],[77.02598127279799,31.63087679503695],[77.03296486678298,31.631713900220213],[77.041863117519,31.635345821570205],[77.04473837010497,31.640873305940374],[77.04950472914959,31.643559139609213],[77.05369137555903,31.654871559919407],[77.04682362605863,31.657724177451268],[77.05197328701061,31.66523481572195],[77.07067414478858,31.671737288526646],[77.07669598697191,31.67218473611823],[77.08662521097187,31.658773341276614],[77.09251080621715,31.65677071207186],[77.09626429532875,31.651278848685592],[77.10900339195891,31.648892716657873],[77.11670889492572,31.64537748895487],[77.11998330248699,31.6420194136744],[77.12303892905061,31.628849051567386],[77.1269657746532,31.629156382855783],[77.1304045887232,31.62348902848545],[77.13411992638453,31.62349875969049],[77.13805283930543,31.63512872375434],[77.14123878958911,31.63674412419672],[77.14486881233722,31.649294216704266],[77.15720648953254,31.653852040101146],[77.1628192437293,31.6529250457385],[77.17616051046213,31.65499516147836],[77.19335367154407,31.645725929496084],[77.19727541253627,31.635695528891922],[77.20424695619587,31.632568557076482],[77.20743767117196,31.63347884818804],[77.21639320917426,31.62928367274901],[77.22453369332929,31.632741865009454],[77.24462132428185,31.62530947653176],[77.24794313076018,31.619990943689622],[77.25103807511363,31.610749651720905],[77.24578668606901,31.59756985644849],[77.25532365293877,31.59209921202024],[77.2557256637602,31.58496909130342],[77.25349758157621,31.57149028995191],[77.25828391821035,31.567133642315508],[77.26131008866277,31.55691358022907],[77.26582900398984,31.545946300961173],[77.26504222422604,31.535855818371566],[77.2608992677095,31.53232440716698],[77.26266318664244,31.52487116690823],[77.26729836947729,31.516523559026876],[77.27690785765991,31.51386959971764],[77.28468906261791,31.507322767968688],[77.29042912660152,31.50822971687884],[77.29420220436455,31.516324620348264],[77.30040043473691,31.523665163958892],[77.30777323372304,31.52608265885923],[77.30671592657303,31.52954847574439],[77.31101598049719,31.53233391480309],[77.3166825834229,31.530100556206776],[77.31452297482221,31.53721354810873],[77.30484945072449,31.543473810833465],[77.29888505739096,31.55196090750843],[77.30100996136247,31.560965756136675],[77.3033180298404,31.56464452737619],[77.30388327204463,31.582996424608112],[77.30325825642608,31.58841826852747],[77.29735036600414,31.594294428417435],[77.30232024135923,31.599730103134497],[77.30191273468564,31.604055545062614],[77.30599319775651,31.617637101336403],[77.30523517684288,31.622693990766294],[77.30108525250542,31.63173615672004],[77.3005588860898,31.641757208211946],[77.29733996015025,31.652212994084387],[77.30041192710253,31.65667904774101],[77.30269434062407,31.667960524703087],[77.29826658462456,31.673265001365944],[77.28735750323655,31.68023897900111],[77.28675434675482,31.683000075803744],[77.27524435414729,31.696111551742334],[77.2612820899132,31.703022276692828],[77.25881911443825,31.708790222373786],[77.25349269651639,31.70922484051091],[77.24656551054224,31.712737623086802],[77.24372361797975,31.711241496033853],[77.23895411256204,31.717045107804037],[77.23302462846154,31.721222665040692],[77.22034545286104,31.72480313627252],[77.21569252526993,31.72268275633336],[77.21011737181756,31.71618055661548],[77.20507038944274,31.714470789685286],[77.20101329178084,31.709341155141612],[77.19576656289706,31.71018807901195],[77.18653317441947,31.706423085444992],[77.1822190222482,31.701338333895823],[77.17457031920353,31.700943221586662],[77.16200648554285,31.697798789428095],[77.15667476251781,31.694928524263407],[77.141647712677,31.694130022464826],[77.13264565219885,31.690861426936195],[77.12393879405536,31.69108214925902],[77.11962185573934,31.69284042190116],[77.11579759064406,31.688082125318726],[77.11278656256097,31.688341882112343],[77.10759539673161,31.695795845109288],[77.09519158167043,31.696694036253312],[77.0915061203965,31.70320830957189],[77.08622585076476,31.7027024801432],[77.08103248527223,31.70497863595237],[77.08071510615824,31.709966130969992],[77.08572193088516,31.71671783332662],[77.08543475280966,31.719829514049586],[77.06988490059929,31.7228512286112],[77.06691673399175,31.72553589266332],[77.06810851554816,31.732019693480133],[77.07246614302531,31.73810489582993],[77.07103890836328,31.741604920045393],[77.08017729622759,31.751530080055982],[77.09224419725817,31.755714446864303],[77.0983863129706,31.754880067272396],[77.1072901396904,31.750954304044996],[77.11574876598237,31.75041026213926],[77.11765829910021,31.758065264198553],[77.12289097226834,31.76390885704284],[77.12297596984061,31.776255239294258],[77.11097246047089,31.785226366772175],[77.10713649342647,31.786875537666234],[77.10730514309901,31.8003220676616],[77.09727240868907,31.804654555446305],[77.09070768792948,31.803270595173583],[77.0844624551085,31.80460966515519],[77.08109128879794,31.807912700184552],[77.08797855633327,31.820890652971013],[77.08194410268156,31.82749867943154]]]},"properties":{"District":"MANDI","STATE":"HIMACHAL PRADESH","TEHSIL":"BALI CHOWKI","Shape_Leng":208784.762799,"Shape_Area":536983555.596}},
{"type":"Feature","geometry":{"type":"Polygon","coordinates":[[[77.13411992638453,31.62349875969049],[77.1304045887232,31.62348902848545],[77.1269657746532,31.629156382855783],[77.12303892905061,31.628849051567386],[77.11998330248699,31.6420194136744],[77.11670889492572,31.64537748895487],[77.10900339195891,31.648892716657873],[77.09626429532875,31.651278848685592],[77.09251080621715,31.65677071207186],[77.08662521097187,31.658773341276614],[77.07669598697191,31.67218473611823],[77.07067414478858,31.671737288526646],[77.05197328701061,31.66523481572195],[77.04682362605863,31.657724177451268],[77.05369137555903,31.654871559919407],[77.04950472914959,31.643559139609213],[77.04473837010497,31.640873305940374],[77.041863117519,31.635345821570205],[77.03296486678298,31.631713900220213],[77.02598127279799,31.63087679503695],[77.02270869863267,31.632257332285395],[77.01353269300355,31.632001646627973],[76.998701572317,31.62375923277944],[76.99505023310148,31.607105877932582],[76.99862796424567,31.601442116973203],[76.99805896180375,31.597009318035454],[76.99399741655759,31.58897793191968],[76.99794336217626,31.58377410996069],[76.99806973789069,31.58004030754018],[76.9925393625641,31.572689778554558],[76.99211310776589,31.56841480037816],[76.99545777345703,31.562660865887047],[77.0008822905212,31.558223616196873],[77.00247784024701,31.553407488338742],[77.00160158215189,31.545272019766323],[76.99796119164621,31.541552030075326],[77.00159422290696,31.53906849107905],[77.00258644306979,31.530352080506272],[77.00678869311787,31.52819327432068],[77.00866722016475,31.522877277637125],[77.01178628009069,31.522694104092967],[77.00851349680724,31.514113598216742],[77.00283848885203,31.510061002329607],[76.99803381574883,31.508997357662555],[76.985439351772,31.514765416651223],[76.97331881484793,31.517269911068897],[76.97349760857443,31.512354550134805],[76.97191833840695,31.50669852323846],[76.97350613496789,31.494333047551088],[76.97859433473555,31.490800621942203],[76.98620155112292,31.49259632685975],[76.99230483087402,31.4883426602363],[77.00320262627116,31.487049664913428],[77.00925673396124,31.482242839549563],[77.01217034729733,31.482339521857163],[77.0172652928592,31.482597799189257],[77.02455713760615,31.48624904350045],[77.03003847323882,31.484944780033494],[77.04753897296214,31.474435206427668],[77.05112661110773,31.474896526596083],[77.06262590319174,31.467362100560333],[77.07690611321293,31.46295884635668],[77.08626389209287,31.46496962108519],[77.097671691141,31.46483127192766],[77.10103759611437,31.462428766063393],[77.10676448800734,31.46061948504001],[77.11489117592949,31.4559396101569],[77.12348314758763,31.461991596032156],[77.12927624839709,31.463922656497363],[77.14055360702974,31.476873631881684],[77.14369932297706,31.484880059344988],[77.136133244473,31.489994277071624],[77.13328393447051,31.49583256529219],[77.13377394769365,31.499890567143563],[77.12520851788818,31.51775684404304],[77.11259734488488,31.523346880582604],[77.1058640838251,31.53257002999967],[77.10237796755297,31.541447508991755],[77.09488586071242,31.55234817469573],[77.09837216277135,31.557531406887346],[77.1208472703841,31.56448809422319],[77.12088424635392,31.568677381445017],[77.13322616392958,31.57707511549392],[77.12922006210503,31.58256724103846],[77.1394263579586,31.587945291084097],[77.14174900267192,31.5910316379985],[77.13762131396018,31.599910706291276],[77.14030764317026,31.60992319725724],[77.14852800516556,31.610125859089077],[77.149486607043,31.61318208710768],[77.14284266950374,31.617130949336673],[77.13666999796611,31.612254012775924],[77.13379681666432,31.61498078862626],[77.13604293930776,31.619483304927215],[77.14502268185386,31.619532031327076],[77.14101749541886,31.626399816773226],[77.13411992638453,31.62349875969049]]]},"properties":{"District":"MANDI","STATE":"HIMACHAL PRADESH","TEHSIL":"CHACHYOT","Shape_Leng":93196.5891255,"Shape_Area":236577902.291}},
{"type":"Feature","geometry":{"type":"Polygon","coordinates":[[[76.81386365495374,31.81812543546673],[76.80428303814308,31.818503430991033],[76.79520601272525,31.825194483735686],[76.79048481228831,31.82737381026989],[76.78968960371137,31.831002424336123],[76.78485078772482,31.831328043525268],[76.78209507386512,31.828468987207344],[76.77864705068158,31.81921906141351],[76.77469029014615,31.817552732426506],[76.7719503994059,31.823594798246585],[76.75970913571498,31.83142298089686],[76.752940378189,31.83842184305953],[76.75125820097234,31.84326601596688],[76.75870769185899,31.8509551131858],[76.7537033310918,31.85550881191886],[76.74449664859182,31.854809834719322],[76.73667903741911,31.86173365141986],[76.73218747140982,31.861922716259205],[76.7235813469199,31.86700426815696],[76.71904502484959,31.87488992888575],[76.72050640380785,31.880949045729366],[76.71556007779611,31.882633497071556],[76.70899118748484,31.877581887769505],[76.70132919420918,31.88095456704431],[76.7003992468712,31.87076693108418],[76.69329304547496,31.865445407481673],[76.69270047811774,31.85602767780377],[76.69772431675453,31.852671214130403],[76.6998021801387,31.843619822237514],[76.70764513534792,31.843716817108188],[76.70870292628433,31.83560939559039],[76.70369706724554,31.8333714825595],[76.70346465241511,31.827288316120953],[76.70911141102877,31.8220680111439],[76.69942211548549,31.811118591571375],[76.69122492403605,31.80955042721093],[76.68710717089213,31.813467157831457],[76.68811135053875,31.818728450067464],[76.68463848642631,31.82299631408224],[76.67740413402703,31.826417194657342],[76.68039694708978,31.83851775005984],[76.67291503877007,31.838363464931188],[76.67335538869905,31.832424987273903],[76.67141971881065,31.826860085602547],[76.6725302934289,31.816558459021298],[76.66379012076918,31.818875976846734],[76.66488628637222,31.812042014944797],[76.66909493187376,31.80628000365394],[76.65373707783334,31.805503800744237],[76.65919731103031,31.80094426594928],[76.66538818471128,31.799832521156222],[76.66804350612908,31.794927468205376],[76.65668067219116,31.792369592190354],[76.64323109077667,31.79263354221289],[76.63802968723793,31.794704899874457],[76.6203913378638,31.798346652485087],[76.6232472718004,31.791190180987652],[76.6221471524299,31.786466180367903],[76.62687512771407,31.78223750459115],[76.62722790129631,31.77403978723762],[76.63324147172379,31.767171468873343],[76.63490397864473,31.757705976055956],[76.63357440905104,31.752880129025534],[76.64029356634225,31.745140841488574],[76.64965867136767,31.741374784230192],[76.65433293840245,31.741491668514037],[76.67220940857659,31.735261848205717],[76.67452912892762,31.73060226989688],[76.67122893502743,31.722115958932932],[76.67652073147839,31.720932735571736],[76.68123959348338,31.72343733166022],[76.68978630751218,31.72240173153265],[76.69502027444855,31.72413738434788],[76.701611510656,31.729635233240536],[76.70662734076105,31.73182911074632],[76.71400467451477,31.73187438331481],[76.71704255657643,31.73620362919051],[76.7246785475622,31.73813853317233],[76.72823598474086,31.74888319268644],[76.72742799656757,31.7524592277787],[76.72990013460966,31.75948851403023],[76.73909243155458,31.76191485061542],[76.74174206060135,31.758312235961988],[76.7499994774178,31.757487901606282],[76.7526385708979,31.75947103120199],[76.76235543556469,31.746421884149246],[76.77302674667358,31.73854514403167],[76.77699781775704,31.741510134558055],[76.78888494760135,31.740639647511042],[76.79790621066036,31.742770704580806],[76.79907416623686,31.737796474083275],[76.8041746255175,31.735915824211467],[76.81490296840691,31.736886063609223],[76.81881986090909,31.734920379632438],[76.82373598387224,31.72772107573403],[76.82183865997348,31.724194034932705],[76.83083082025071,31.718998190315627],[76.8389951642149,31.720059908765244],[76.83626539317584,31.72459461462468],[76.83171871853023,31.727152928250877],[76.8303371581876,31.73177664538385],[76.83349892075493,31.736720332861463],[76.83281132867431,31.742721768791757],[76.82951703762959,31.752510180003593],[76.82270089976676,31.759287554297096],[76.82241353391117,31.76337711299537],[76.81615616246033,31.78041321535151],[76.81762782602475,31.786399098204097],[76.81829247165204,31.797524440263956],[76.81663035845799,31.802333487692906],[76.81923451844088,31.809980404263833],[76.81386365495374,31.81812543546673]]]},"properties":{"District":"MANDI","STATE":"HIMACHAL PRADESH","TEHSIL":"DHARAMPUR","Shape_Leng":99073.8427644,"Shape_Area":179387662.716}},
{"type":"Feature","geometry":{"type":"Polygon","coordinates":[[[76.77879949362894,32.06448762083635],[76.77565160909583,32.067407721062324],[76.77158150737486,32.06338719816615],[76.76522893670676,32.06067916217196],[76.75953458039311,32.051420407172365],[76.74758297804946,32.042509791638984],[76.74554530017959,32.038510707735206],[76.74020102835648,32.035803478101194],[76.73586874643976,32.02919316425689],[76.73154492705724,32.027114489633945],[76.7267301923579,32.03183427439219],[76.72029079290115,32.03102661851224],[76.71006503665663,32.03581946785406],[76.70563243922334,32.03641350546898],[76.70468178533186,32.04730519432667],[76.69967121049989,32.04637816621998],[76.69647259520433,32.04989667083898],[76.68659238693631,32.05174387714677],[76.67463462372034,32.046555440914865],[76.67456665179134,32.040341722180806],[76.66963993729266,32.03982855823164],[76.66706392061312,32.03632726700401],[76.69117822063345,32.0214450345927],[76.6987401398185,32.01861795792457],[76.70290969672901,32.01397885217901],[76.70366361591704,32.00828563018827],[76.70969566181148,31.99844714358484],[76.71863048904743,31.988781619915727],[76.72061125531063,31.984615024430838],[76.72812441445144,31.982633751897573],[76.7367618819626,31.97025179351331],[76.73782659386549,31.96229536432271],[76.74127891000482,31.95716652122388],[76.74829307093577,31.954903459294748],[76.75084143505892,31.94931708259792],[76.75590459534932,31.944520164350514],[76.76050325513258,31.943324879124898],[76.76264305785519,31.937863795176273],[76.7630968815377,31.9258251684545],[76.76027114578764,31.922649895601868],[76.76312842796108,31.915553282982216],[76.76833381138866,31.9100029995896],[76.75748992953991,31.904576318345303],[76.74881171416207,31.906015983344744],[76.74053070573257,31.89765738380579],[76.7337384016067,31.8959299145842],[76.72732889999638,31.88992807371783],[76.72015888029561,31.889299272162212],[76.71556007779611,31.882633497071556],[76.72050640380785,31.880949045729366],[76.71904502484959,31.87488992888575],[76.7235813469199,31.86700426815696],[76.73218747140982,31.861922716259205],[76.73667903741911,31.86173365141986],[76.74449664859182,31.854809834719322],[76.7537033310918,31.85550881191886],[76.75870769185899,31.8509551131858],[76.75125820097234,31.84326601596688],[76.752940378189,31.83842184305953],[76.75970913571498,31.83142298089686],[76.7719503994059,31.823594798246585],[76.77469029014615,31.817552732426506],[76.77864705068158,31.81921906141351],[76.78209507386512,31.828468987207344],[76.78485078772482,31.831328043525268],[76.78968960371137,31.831002424336123],[76.79048481228831,31.82737381026989],[76.79520601272525,31.825194483735686],[76.80428303814308,31.818503430991033],[76.81386365495374,31.81812543546673],[76.82500985808504,31.822086766203462],[76.83544928757236,31.823011585036223],[76.84049006749203,31.824672838164023],[76.84121076855646,31.82946705773114],[76.85075808176141,31.82408104658461],[76.85501130320328,31.824437612702262],[76.85031443209263,31.83069557568462],[76.84737603332708,31.838186433987786],[76.8488896991247,31.84288241244385],[76.84796343667936,31.85043432439625],[76.84916137740467,31.8577542004539],[76.85405817754997,31.85830099656461],[76.86019165452375,31.869175131801605],[76.85605914703373,31.879654474693346],[76.84991759498273,31.883480274564477],[76.84447243449596,31.88464159355594],[76.83905475692238,31.88807542039385],[76.84203728783984,31.89326024359581],[76.84189028062539,31.899642982553118],[76.84962319917872,31.902129981374475],[76.85194541497313,31.911024903650052],[76.84444835231263,31.927388822702834],[76.85613385888223,31.93383267361561],[76.86598890450723,31.92723739880025],[76.86433980739423,31.934125726325128],[76.86869927099687,31.939933579696127],[76.8722826391271,31.94107449175281],[76.87156669246073,31.946771965847848],[76.8672251939143,31.95011827584543],[76.8653926416795,31.955608596524915],[76.86728109833616,31.962744046233887],[76.87367726394278,31.96171346588403],[76.86728882907005,31.975856722463902],[76.8649458343816,31.979154944767377],[76.8468478262376,31.998370515507357],[76.84586204684145,32.00566059713481],[76.84334828791233,32.00889954532555],[76.83052797339347,32.016431436631144],[76.82871625778988,32.020176097355495],[76.82869822051994,32.027065999918364],[76.82290396733033,32.03451615887368],[76.81504894693398,32.036930897907716],[76.8126430734838,32.040809651285954],[76.80222942680489,32.046101114530465],[76.7984436904288,32.04633416983507],[76.78855236393444,32.051801122733686],[76.78860797843687,32.05755032475651],[76.78065640253726,32.06152295365078],[76.77879949362894,32.06448762083635]]]},"properties":{"District":"MANDI","STATE":"HIMACHAL PRADESH","TEHSIL":"JOGINDAR NAGAR","Shape_Leng":106934.715901,"Shape_Area":271474895.543}},
{"type":"Feature","geometry":{"type":"Polygon","coordinates":[[[77.33292202196246,31.451924451716067],[77.32486081900153,31.448206765368536],[77.3145598930426,31.449114534234454],[77.31066062808748,31.44182345849686],[77.30234127476713,31.4353980754155],[77.29476529791916,31.432286811194132],[77.28465787704373,31.43150888809689],[77.27007666639433,31.432961193294034],[77.2592521883832,31.431912620220892],[77.25891855992386,31.438522125836776],[77.25170763473264,31.4405387847599],[77.24298287594708,31.44693960542715],[77.23672671879875,31.442664984537704],[77.22417890454324,31.44766547325559],[77.22421304397885,31.437645600014882],[77.21326863236128,31.43995682131789],[77.20811733961307,31.443425606366098],[77.19906172672883,31.438160374731723],[77.20084431921936,31.430624791995225],[77.1969619689322,31.426823161553433],[77.1898634102509,31.428486190570165],[77.18002350010208,31.42819016663547],[77.17431104960485,31.424207323559774],[77.17168808988234,31.425755215069476],[77.17298860628443,31.43495169954425],[77.17032993648498,31.438640010993087],[77.17116276432937,31.454958821314307],[77.16761754862439,31.459698404484566],[77.16389977788502,31.47827349555282],[77.15182751628876,31.48116943551064],[77.14369932297706,31.484880059344988],[77.14055360702974,31.476873631881684],[77.12927624839709,31.463922656497363],[77.12348314758763,31.461991596032156],[77.11489117592949,31.4559396101569],[77.10676448800734,31.46061948504001],[77.10103759611437,31.462428766063393],[77.09831053663063,31.461784112066166],[77.09287170449576,31.455492849791938],[77.09601877320192,31.44553528527265],[77.09519487229515,31.43922860722108],[77.1006749820155,31.43053806038113],[77.08949492644567,31.41575956689674],[77.08377963221594,31.414145006303194],[77.0824194136253,31.410757196795693],[77.09356601784343,31.402964933085485],[77.09323854288749,31.39731666157487],[77.10452289626781,31.392509708450817],[77.09966460050656,31.387044072284844],[77.1023409984903,31.382085936451748],[77.1037586738383,31.37367385408041],[77.09864451790556,31.368121704045723],[77.09215011973707,31.366974184498424],[77.08647585128082,31.355014207619487],[77.07389502842139,31.35123214624448],[77.06965410052338,31.352338150136536],[77.06231612731531,31.34865699549604],[77.05256765415004,31.351164826883526],[77.04767056453994,31.34526435213323],[77.04873768372617,31.331370663604144],[77.04756557790338,31.327791267529225],[77.05175911623381,31.31368156008515],[77.04902530162806,31.302724421480352],[77.05991553449753,31.29835073573997],[77.06027839051376,31.295274602350393],[77.0672003353373,31.291321000938684],[77.06376163714185,31.28199629803866],[77.05987450574082,31.278872525412055],[77.06372456583551,31.2704590250323],[77.06714658688567,31.26610589390551],[77.0615983941649,31.259632580116804],[77.07376306319806,31.257986915965528],[77.07722637342039,31.249863029246526],[77.08489640227174,31.245145487788083],[77.10555657675373,31.240909034577182],[77.11977331597835,31.23536762050168],[77.12267670211529,31.23231718700416],[77.13588653222823,31.23021121659223],[77.14061422126137,31.23161245990835],[77.15668995950895,31.231977058221997],[77.16876050411015,31.234811903164722],[77.18211479890529,31.244317990858885],[77.18781710182826,31.253256977224073],[77.19040047913332,31.25430399771094],[77.1945867106014,31.243290046190538],[77.20333574092703,31.243696437138862],[77.21369543743845,31.252824075736303],[77.219851471854,31.261273833154558],[77.23192275448564,31.259962749643424],[77.24681364471644,31.251932437876825],[77.25058806915554,31.258940020734286],[77.25829895940544,31.2643678980124],[77.26588963489502,31.2678111920268],[77.2686017524836,31.2725993480951],[77.27291783828002,31.2726714293346],[77.27488284732397,31.267711089010746],[77.28214309596595,31.263952303165883],[77.2882312039457,31.2685431260785],[77.30307928486774,31.26715454895486],[77.30660289572545,31.269324916418036],[77.30555567423949,31.275612638329893],[77.31237183348044,31.280733276576328],[77.31855009173536,31.283822193712062],[77.32218044445749,31.292070179307917],[77.33137244229121,31.29260599151645],[77.33428814676192,31.295876836456394],[77.33739393999512,31.306754933797446],[77.3369089481514,31.315067397225164],[77.34023542055063,31.3242221191216],[77.34513036678769,31.326806534157036],[77.34319044970633,31.333634672382868],[77.3445903546216,31.337175493996405],[77.35060969430798,31.34094269873228],[77.35685687352897,31.35343042248284],[77.37242979957475,31.360114022362495],[77.37879150169042,31.357493722845177],[77.38291160129911,31.360100543955824],[77.38483710908567,31.36833470290281],[77.38913460655851,31.375550496860114],[77.38661580464436,31.380396852010144],[77.38754433792045,31.386337650372862],[77.38522580451928,31.391959779855124],[77.38137334071016,31.39343068198323],[77.38013768625468,31.404614396078667],[77.38550068063972,31.412323134436207],[77.37906150324098,31.415476491151157],[77.37696105010338,31.418824231657524],[77.37134102343559,31.42048905754491],[77.35458799499769,31.436128055435432],[77.35121635541056,31.437196859823416],[77.34618808976947,31.44555445592495],[77.33762280538109,31.448421742377423],[77.33292202196246,31.451924451716067]]]},"properties":{"District":"MANDI","STATE":"HIMACHAL PRADESH","TEHSIL":"KARSOG","Shape_Leng":132181.265752,"Shape_Area":563269326.619}},
{"type":"Feature","geometry":{"type":"Polygon","coordinates":[[[76.85501130320328,31.824437612702262],[76.85075808176141,31.82408104658461],[76.84121076855646,31.82946705773114],[76.84049006749203,31.824672838164023],[76.83544928757236,31.823011585036223],[76.82500985808504,31.822086766203462],[76.81386365495374,31.81812543546673],[76.81923451844088,31.809980404263833],[76.81663035845799,31.802333487692906],[76.81829247165204,31.797524440263956],[76.81762782602475,31.786399098204097],[76.81615616246033,31.78041321535151],[76.82241353391117,31.76337711299537],[76.82270089976676,31.759287554297096],[76.82951703762959,31.752510180003593],[76.83281132867431,31.742721768791757],[76.83349892075493,31.736720332861463],[76.8303371581876,31.73177664538385],[76.83171871853023,31.727152928250877],[76.83626539317584,31.72459461462468],[76.8389951642149,31.720059908765244],[76.842263983166,31.7201182644808],[76.86328020470197,31.714486781361458],[76.8714251873331,31.71400777937467],[76.87884021113862,31.715140460873783],[76.8905042456128,31.709971946738072],[76.89859527782009,31.710032241295288],[76.90039585010067,31.713589655667064],[76.91010140608469,31.713868157966772],[76.90870047511214,31.72378215292003],[76.90699095842746,31.727312826464374],[76.90913208648242,31.731511443168927],[76.91004768946212,31.742289318132162],[76.90820179551886,31.750001121594508],[76.9160086642104,31.756501352745673],[76.92475190149786,31.75879673188878],[76.93266889159739,31.763075242636226],[76.92687836298046,31.778254596162196],[76.9199715505682,31.780973075878272],[76.91677737541832,31.786190899095537],[76.91226281438516,31.7870446000187],[76.90497996403268,31.784626981724173],[76.9009390398414,31.786887559130676],[76.89664261179881,31.795533011332257],[76.88740489771251,31.798451765710684],[76.88274332369149,31.802136181452628],[76.87476676297877,31.812621633970945],[76.8707435377957,31.819800889320923],[76.86129616518245,31.82651434195339],[76.85501130320328,31.824437612702262]]]},"properties":{"District":"MANDI","STATE":"HIMACHAL PRADESH","TEHSIL":"KOTLI","Shape_Leng":43592.5270251,"Shape_Area":91162223.5845}},
{"type":"Feature","geometry":{"type":"Polygon","coordinates":[[[76.71556007779611,31.882633497071556],[76.72015888029561,31.889299272162212],[76.72732889999638,31.88992807371783],[76.7337384016067,31.8959299145842],[76.74053070573257,31.89765738380579],[76.74881171416207,31.906015983344744],[76.75748992953991,31.904576318345303],[76.76833381138866,31.9100029995896],[76.76312842796108,31.915553282982216],[76.76027114578764,31.922649895601868],[76.7630968815377,31.9258251684545],[76.76264305785519,31.937863795176273],[76.76050325513258,31.943324879124898],[76.75590459534932,31.944520164350514],[76.75084143505892,31.94931708259792],[76.74829307093577,31.954903459294748],[76.74127891000482,31.95716652122388],[76.73782659386549,31.96229536432271],[76.7367618819626,31.97025179351331],[76.72812441445144,31.982633751897573],[76.72061125531063,31.984615024430838],[76.71863048904743,31.988781619915727],[76.70969566181148,31.99844714358484],[76.70366361591704,32.00828563018827],[76.70290969672901,32.01397885217901],[76.6987401398185,32.01861795792457],[76.69117822063345,32.0214450345927],[76.66706392061312,32.03632726700401],[76.6604872762522,32.02827466838976],[76.66342451567108,32.01678882963863],[76.66306669411686,32.01158514522537],[76.67087989092524,31.99610681141489],[76.67970656014609,31.987084294951185],[76.68752826147292,31.972319983184377],[76.68784959764578,31.966533858918286],[76.68451263083662,31.963229489750294],[76.68845427905066,31.953485937931905],[76.68834098703866,31.94315066619672],[76.69436623570896,31.939332455532313],[76.69592330515572,31.93377190470588],[76.68870887062003,31.92968722102793],[76.68498929911037,31.92109708505043],[76.68434154013025,31.914155915320105],[76.68041181039611,31.90855468870043],[76.67417043339371,31.906397837256094],[76.67695046049644,31.890035739270782],[76.67544136101725,31.887831464949766],[76.68153371400025,31.88203443130301],[76.6858970276022,31.88258192858911],[76.70132919420918,31.88095456704431],[76.70899118748484,31.877581887769505],[76.71556007779611,31.882633497071556]]]},"properties":{"District":"MANDI","STATE":"HIMACHAL PRADESH","TEHSIL":"LAD BHAROL","Shape_Leng":51376.754498,"Shape_Area":83008759.2762}},
{"type":"Feature","geometry":{"type":"Polygon","coordinates":[[[77.10103759611437,31.462428766063393],[77.097671691141,31.46483127192766],[77.08626389209287,31.46496962108519],[77.07690611321293,31.46295884635668],[77.06262590319174,31.467362100560333],[77.05112661110773,31.474896526596083],[77.04753897296214,31.474435206427668],[77.03003847323882,31.484944780033494],[77.02455713760615,31.48624904350045],[77.0172652928592,31.482597799189257],[77.01217034729733,31.482339521857163],[77.00903769856457,31.47639342067468],[77.01215672687712,31.47395089721434],[77.00094784203954,31.459290182052698],[76.99212136657931,31.46174873306192],[76.979396240044,31.452820697970303],[76.96651397985245,31.44756302968209],[76.95887886546079,31.44836314654945],[76.95284022115739,31.44599719864603],[76.95755879073623,31.441630217742173],[76.95482626892596,31.437415555284897],[76.95097508968894,31.439739194043717],[76.94495425210519,31.438917878673717],[76.94130846011863,31.434675113587737],[76.94385198410902,31.429645390423666],[76.93911788473052,31.421721035371558],[76.92384288285949,31.420492132128057],[76.92320015723219,31.423195595006554],[76.91251159498509,31.429437441993997],[76.89970212923319,31.428631817899692],[76.89552847971186,31.42463359888223],[76.89893696513163,31.418345577877265],[76.90693800534267,31.41278670714669],[76.9065566931148,31.409255647400716],[76.91479678687179,31.39899794316674],[76.93084585014438,31.392714271921236],[76.93281971403474,31.39557069573931],[76.9375083879595,31.390777292689062],[76.93405923372782,31.38020789522709],[76.92686380961615,31.376295805321657],[76.92584696285455,31.37205652533449],[76.920215959377,31.36532650817358],[76.92306687162925,31.363560759052543],[76.94015173282277,31.34774560122681],[76.94383816325733,31.34280471056294],[76.94187910877153,31.332828573237396],[76.94774741357882,31.333020461433353],[76.95366005285115,31.32855368846456],[76.96488843220615,31.324070174425128],[76.96784173884403,31.321153195416972],[76.96870537510834,31.314623469692844],[76.99536363397876,31.301278533520215],[77.00977397437826,31.29075269226997],[77.02092647556968,31.284126582261486],[77.02349784588026,31.27780816945956],[77.03068060056749,31.272775999606896],[77.04834422871198,31.267703914470783],[77.05440803039141,31.26760677748665],[77.0615983941649,31.259632580116804],[77.06714658688567,31.26610589390551],[77.06372456583551,31.2704590250323],[77.05987450574082,31.278872525412055],[77.06376163714185,31.28199629803866],[77.0672003353373,31.291321000938684],[77.06027839051376,31.295274602350393],[77.05991553449753,31.29835073573997],[77.04902530162806,31.302724421480352],[77.05175911623381,31.31368156008515],[77.04756557790338,31.327791267529225],[77.04873768372617,31.331370663604144],[77.04767056453994,31.34526435213323],[77.05256765415004,31.351164826883526],[77.06231612731531,31.34865699549604],[77.06965410052338,31.352338150136536],[77.07389502842139,31.35123214624448],[77.08647585128082,31.355014207619487],[77.09215011973707,31.366974184498424],[77.09864451790556,31.368121704045723],[77.1037586738383,31.37367385408041],[77.1023409984903,31.382085936451748],[77.09966460050656,31.387044072284844],[77.10452289626781,31.392509708450817],[77.09323854288749,31.39731666157487],[77.09356601784343,31.402964933085485],[77.0824194136253,31.410757196795693],[77.08377963221594,31.414145006303194],[77.08949492644567,31.41575956689674],[77.1006749820155,31.43053806038113],[77.09519487229515,31.43922860722108],[77.09601877320192,31.44553528527265],[77.09287170449576,31.455492849791938],[77.09831053663063,31.461784112066166],[77.10103759611437,31.462428766063393]]]},"properties":{"District":"MANDI","STATE":"HIMACHAL PRADESH","TEHSIL":"NIHRI","Shape_Leng":96058.7477532,"Shape_Area":256533922.52}},
{"type":"Feature","geometry":{"type":"Polygon","coordinates":[[[76.9355186667126,32.06212878677556],[76.92172733355576,32.059149192674575],[76.90963181082647,32.061283032555934],[76.90679555083078,32.05942776850729],[76.89883157254822,32.05994476473606],[76.89294637272599,32.057581731674304],[76.87911887063181,32.05575213860035],[76.86867143019451,32.04909991867919],[76.86549262601328,32.05062965921284],[76.85748760851033,32.050571409342886],[76.84304116129029,32.040174395906625],[76.83211178117405,32.04766814565608],[76.82524372471536,32.04846606490516],[76.81604229056188,32.05647472577636],[76.80760368845094,32.0609804097794],[76.79866638207737,32.07044014115935],[76.78687897701072,32.07254919966976],[76.77879949362894,32.06448762083635],[76.78065640253726,32.06152295365078],[76.78860797843687,32.05755032475651],[76.78855236393444,32.051801122733686],[76.7984436904288,32.04633416983507],[76.80222942680489,32.046101114530465],[76.8126430734838,32.040809651285954],[76.81504894693398,32.036930897907716],[76.82290396733033,32.03451615887368],[76.82869822051994,32.027065999918364],[76.82871625778988,32.020176097355495],[76.83052797339347,32.016431436631144],[76.84334828791233,32.00889954532555],[76.84586204684145,32.00566059713481],[76.8468478262376,31.998370515507357],[76.8649458343816,31.979154944767377],[76.86728882907005,31.975856722463902],[76.87367726394278,31.96171346588403],[76.86728109833616,31.962744046233887],[76.8653926416795,31.955608596524915],[76.8672251939143,31.95011827584543],[76.87156669246073,31.946771965847848],[76.8722826391271,31.94107449175281],[76.86869927099687,31.939933579696127],[76.86433980739423,31.934125726325128],[76.86598890450723,31.92723739880025],[76.85613385888223,31.93383267361561],[76.84444835231263,31.927388822702834],[76.85194541497313,31.911024903650052],[76.84962319917872,31.902129981374475],[76.84189028062539,31.899642982553118],[76.84203728783984,31.89326024359581],[76.83905475692238,31.88807542039385],[76.84447243449596,31.88464159355594],[76.84991759498273,31.883480274564477],[76.85605914703373,31.879654474693346],[76.86019165452375,31.869175131801605],[76.85405817754997,31.85830099656461],[76.84916137740467,31.8577542004539],[76.84796343667936,31.85043432439625],[76.8488896991247,31.84288241244385],[76.84737603332708,31.838186433987786],[76.85031443209263,31.83069557568462],[76.85501130320328,31.824437612702262],[76.86129616518245,31.82651434195339],[76.8707435377957,31.819800889320923],[76.87476676297877,31.812621633970945],[76.88274332369149,31.802136181452628],[76.88740489771251,31.798451765710684],[76.89664261179881,31.795533011332257],[76.9009390398414,31.786887559130676],[76.90497996403268,31.784626981724173],[76.91226281438516,31.7870446000187],[76.91677737541832,31.786190899095537],[76.91980450876594,31.78983635087646],[76.9268154166477,31.79011557657114],[76.93141211238341,31.799619216404835],[76.93786279755281,31.801917671368408],[76.94431513568028,31.801861968504898],[76.94803861537663,31.799920074218594],[76.95462065759394,31.804368705906803],[76.95192682460394,31.795809080963092],[76.95650176985129,31.790016268119544],[76.96343783655784,31.79303968184718],[76.96732424170857,31.806528014953255],[76.96352993381413,31.814152165923005],[76.97211505984502,31.819506745094923],[76.96756709870559,31.822080571092922],[76.96635052364343,31.82731551983063],[76.97046344656265,31.831938460888146],[76.9772404598005,31.830208266709846],[76.98388556868406,31.82582173232416],[76.98577188569557,31.820077176700032],[76.99029259239927,31.819798013469892],[76.99177187930555,31.8131920198363],[76.99658268752063,31.80962987730142],[77.01000092447104,31.812488327850417],[77.01166558704865,31.821804305651604],[77.00903582197252,31.824595763983186],[77.01139193989111,31.829434056618688],[77.01658833700508,31.825113561783066],[77.02425697314281,31.824895817698334],[77.03107714774086,31.83052637902889],[77.04072729668921,31.831348861145425],[77.047488963694,31.833298983281946],[77.0530768453492,31.832660944243838],[77.05775982350697,31.83775428689208],[77.05495084701496,31.84848760259749],[77.06007400249904,31.854717083679585],[77.058914644274,31.859344106477888],[77.05052374379372,31.867229858407377],[77.04740989220863,31.874391751864966],[77.03818070220761,31.880008880468697],[77.03417380004713,31.887122037636264],[77.02522379786113,31.90178268725493],[77.024829139106,31.908515014395178],[77.02160774158585,31.92165552319167],[77.0173793647903,31.92768499738457],[77.0106916473943,31.933443960668317],[77.00544109418843,31.933764471367855],[76.99913282582257,31.945971033732647],[77.00026989199883,31.94940247846318],[76.99650006159195,31.957734866416637],[76.99114484757547,31.961683643348923],[76.98674162048802,31.970391777394397],[76.97874552600246,31.973308438823803],[76.97455376060003,31.981221265442823],[76.97604937994643,31.987281867082075],[76.97390950595656,31.99601567174627],[76.97824742321035,31.999786084370886],[76.97801192016082,32.01155043973864],[76.97389353773103,32.01577919111837],[76.97076630754614,32.024100413762014],[76.96318358823562,32.024772299974046],[76.95450636845871,32.02922459529409],[76.94852648153125,32.03643237859533],[76.93916909442102,32.04216390103692],[76.93744417485969,32.048642659312364],[76.93910356997348,32.053242771944426],[76.9355186667126,32.06212878677556]]]},"properties":{"District":"MANDI","STATE":"HIMACHAL PRADESH","TEHSIL":"PADHAR","Shape_Leng":127773.309389,"Shape_Area":403779981.299}},
{"type":"Feature","geometry":{"type":"Polygon","coordinates":[[[76.70132919420918,31.88095456704431],[76.6858970276022,31.88258192858911],[76.68153371400025,31.88203443130301],[76.67544136101725,31.887831464949766],[76.67388261473278,31.880202395396164],[76.68033232196008,31.874870820057122],[76.67774922877933,31.870048540620036],[76.67010888656453,31.871431336976773],[76.66273909161907,31.87101974301888],[76.65558377616283,31.868353677395035],[76.64692881937509,31.87249198389711],[76.6391669352709,31.87357948706144],[76.63290201026334,31.861174397765595],[76.63216408457293,31.848700359292863],[76.6299854844958,31.84712735708173],[76.62771468720715,31.84095230725514],[76.62798470919422,31.830493235286013],[76.63069439267652,31.823237724280446],[76.62749486826588,31.813914702521032],[76.62354542151907,31.80816519393744],[76.62397539766975,31.802575690722115],[76.6203913378638,31.798346652485087],[76.63802968723793,31.794704899874457],[76.64323109077667,31.79263354221289],[76.65668067219116,31.792369592190354],[76.66804350612908,31.794927468205376],[76.66538818471128,31.799832521156222],[76.65919731103031,31.80094426594928],[76.65373707783334,31.805503800744237],[76.66909493187376,31.80628000365394],[76.66488628637222,31.812042014944797],[76.66379012076918,31.818875976846734],[76.6725302934289,31.816558459021298],[76.67141971881065,31.826860085602547],[76.67335538869905,31.832424987273903],[76.67291503877007,31.838363464931188],[76.68039694708978,31.83851775005984],[76.67740413402703,31.826417194657342],[76.68463848642631,31.82299631408224],[76.68811135053875,31.818728450067464],[76.68710717089213,31.813467157831457],[76.69122492403605,31.80955042721093],[76.69942211548549,31.811118591571375],[76.70911141102877,31.8220680111439],[76.70346465241511,31.827288316120953],[76.70369706724554,31.8333714825595],[76.70870292628433,31.83560939559039],[76.70764513534792,31.843716817108188],[76.6998021801387,31.843619822237514],[76.69772431675453,31.852671214130403],[76.69270047811774,31.85602767780377],[76.69329304547496,31.865445407481673],[76.7003992468712,31.87076693108418],[76.70132919420918,31.88095456704431]]]},"properties":{"District":"MANDI","STATE":"HIMACHAL PRADESH","TEHSIL":"SANDHOL","Shape_Leng":52190.6938867,"Shape_Area":50151879.8523}},
{"type":"Feature","geometry":{"type":"Polygon","coordinates":[[[76.8389951642149,31.720059908765244],[76.83083082025071,31.718998190315627],[76.82183865997348,31.724194034932705],[76.82373598387224,31.72772107573403],[76.81881986090909,31.734920379632438],[76.81490296840691,31.736886063609223],[76.8041746255175,31.735915824211467],[76.79907416623686,31.737796474083275],[76.79790621066036,31.742770704580806],[76.78888494760135,31.740639647511042],[76.77699781775704,31.741510134558055],[76.77302674667358,31.73854514403167],[76.76235543556469,31.746421884149246],[76.7526385708979,31.75947103120199],[76.7499994774178,31.757487901606282],[76.74174206060135,31.758312235961988],[76.73909243155458,31.76191485061542],[76.72990013460966,31.75948851403023],[76.72742799656757,31.7524592277787],[76.72823598474086,31.74888319268644],[76.7246785475622,31.73813853317233],[76.71704255657643,31.73620362919051],[76.71400467451477,31.73187438331481],[76.70662734076105,31.73182911074632],[76.701611510656,31.729635233240536],[76.69502027444855,31.72413738434788],[76.68978630751218,31.72240173153265],[76.68123959348338,31.72343733166022],[76.67652073147839,31.720932735571736],[76.67122893502743,31.722115958932932],[76.67586905735402,31.71212391029827],[76.67880866747177,31.712303906332696],[76.68737992214174,31.70554314831771],[76.68569576774195,31.69897186606368],[76.69033683181704,31.69781643471371],[76.68989377605234,31.692081231870887],[76.68699126481555,31.686858954405245],[76.6910761323539,31.68372273469306],[76.69713466846683,31.6741769777821],[76.70867928230092,31.67287419217597],[76.71272733445345,31.670088652951012],[76.72230120667223,31.667370721051704],[76.72446115752317,31.664417499142097],[76.72521430105321,31.657416312160368],[76.72302430707337,31.654575282300723],[76.72053159100469,31.645572957777226],[76.71628504418926,31.637830398247605],[76.71465167472294,31.63032311115663],[76.71594431766499,31.61636692646946],[76.71757260655318,31.61469528614391],[76.72149691150605,31.6028602856037],[76.72972619295825,31.60971173178864],[76.73693876947246,31.609095146794292],[76.73997274242197,31.611503336729218],[76.74999999705099,31.611692852829],[76.75321245590229,31.614190810324697],[76.76542227030131,31.615025354072518],[76.77266585596664,31.621486481649583],[76.77740038416013,31.621834207197463],[76.78014153457336,31.617509311269256],[76.78545946194288,31.617104098909135],[76.79679696130862,31.61401809443782],[76.80469799883129,31.62707053673419],[76.8076529148447,31.635561792247117],[76.81632409323666,31.64187830559107],[76.82079601038564,31.651549286277533],[76.82743088748276,31.658534268797005],[76.82655281692597,31.66377190150771],[76.8328145145246,31.667722483876346],[76.83655241404742,31.67598550058594],[76.83212176388534,31.681009822563507],[76.83095749863907,31.688270029061332],[76.8371742948213,31.690400835838275],[76.84563728850408,31.703060356198336],[76.84580882507794,31.707356214733586],[76.8389951642149,31.720059908765244]]]},"properties":{"District":"MANDI","STATE":"HIMACHAL PRADESH","TEHSIL":"SARKAGHAT","Shape_Leng":63811.1149858,"Shape_Area":163069333.256}},
{"type":"Feature","geometry":{"type":"Polygon","coordinates":[[[76.97349760857443,31.512354550134805],[76.95833097137012,31.51054881553816],[76.95122277309083,31.514091783573765],[76.94843500984088,31.518258132447265],[76.94473897066308,31.51682103696105],[76.93840208793856,31.518458779755463],[76.93726630004245,31.523309128253366],[76.93989216850144,31.53189724521123],[76.93551217926083,31.53592586720075],[76.92923541007426,31.544867933430123],[76.92926059186587,31.54970937826549],[76.92583359409802,31.55740534218914],[76.9318164079741,31.56229828537013],[76.9307541788307,31.567548721634264],[76.92513664056217,31.57286075832789],[76.92432221632707,31.583959710109646],[76.92737132859712,31.589443638199153],[76.9120775363448,31.589834937759463],[76.89516835207523,31.58849975900751],[76.8948457957904,31.583936397685928],[76.8905467420643,31.576180939133888],[76.88064490477176,31.576739093146312],[76.87641546512177,31.57517756422455],[76.87190945888221,31.568920287817946],[76.8624259988121,31.562377624355992],[76.86005364170659,31.553610900502086],[76.86219276255278,31.54543546672523],[76.85481086240218,31.537369217098824],[76.84957197298208,31.53694548407736],[76.85002021881851,31.529902030975606],[76.84540177309914,31.521108140868716],[76.84162463428231,31.510145563171058],[76.83707719881133,31.510971549499995],[76.83453897504666,31.507068527641895],[76.8259229706867,31.502591081125704],[76.81738047936739,31.504656507112138],[76.81641712389924,31.501226353199776],[76.80314223691262,31.498501677044473],[76.79009665506727,31.50162992303971],[76.7853853139467,31.5001457623667],[76.78745557985584,31.49792329268746],[76.78812554580578,31.488504126513217],[76.78196640804349,31.47980486796836],[76.78488603339964,31.478045033713286],[76.79186021436725,31.478758852410447],[76.7948147611732,31.471995609097522],[76.79695455477443,31.459156750828082],[76.8019439242386,31.454667167867967],[76.80167397598706,31.451837415722487],[76.79570478757356,31.447467775151875],[76.7974145984218,31.44111834110396],[76.80306386156857,31.44010845440322],[76.79971433101568,31.435108880111756],[76.80336388223954,31.42981936171479],[76.80237406455744,31.420820150058482],[76.80933313308618,31.423259966356515],[76.8154123479188,31.42107018383867],[76.81967345732696,31.417472486540927],[76.82943330868541,31.42176266129044],[76.83479433389465,31.421840672508935],[76.84339501095862,31.415832768056152],[76.85285748007448,31.41100123193448],[76.86343608934051,31.410861290468198],[76.87587443826955,31.413401121196905],[76.88231366279446,31.401132229324283],[76.88276366136179,31.391883045135568],[76.88044401630214,31.383023815254816],[76.875564668311,31.38125394983503],[76.86793565284417,31.384543626889574],[76.86370624595433,31.378134172597502],[76.87360499039673,31.370444890743677],[76.87645466586751,31.36200564771849],[76.87221525952691,31.35588616748869],[76.87543486576884,31.350646642473457],[76.88129891703896,31.353224702739144],[76.88716161549156,31.35910141032059],[76.89605252172993,31.359961199674157],[76.8993118121507,31.363864557127776],[76.90447510304185,31.36155961129861],[76.9128353311357,31.362647780406128],[76.920215959377,31.36532650817358],[76.92584696285455,31.37205652533449],[76.92686380961615,31.376295805321657],[76.93405923372782,31.38020789522709],[76.9375083879595,31.390777292689062],[76.93281971403474,31.39557069573931],[76.93084585014438,31.392714271921236],[76.91479678687179,31.39899794316674],[76.9065566931148,31.409255647400716],[76.90693800534267,31.41278670714669],[76.89893696513163,31.418345577877265],[76.89552847971186,31.42463359888223],[76.89970212923319,31.428631817899692],[76.91251159498509,31.429437441993997],[76.92320015723219,31.423195595006554],[76.92384288285949,31.420492132128057],[76.93911788473052,31.421721035371558],[76.94385198410902,31.429645390423666],[76.94130846011863,31.434675113587737],[76.94495425210519,31.438917878673717],[76.95097508968894,31.439739194043717],[76.95482626892596,31.437415555284897],[76.95755879073623,31.441630217742173],[76.95284022115739,31.44599719864603],[76.95887886546079,31.44836314654945],[76.96651397985245,31.44756302968209],[76.979396240044,31.452820697970303],[76.99212136657931,31.46174873306192],[77.00094784203954,31.459290182052698],[77.01215672687712,31.47395089721434],[77.00903769856457,31.47639342067468],[77.01217034729733,31.482339521857163],[77.00925673396124,31.482242839549563],[77.00320262627116,31.487049664913428],[76.99230483087402,31.4883426602363],[76.98620155112292,31.49259632685975],[76.97859433473555,31.490800621942203],[76.97350613496789,31.494333047551088],[76.97191833840695,31.50669852323846],[76.97349760857443,31.512354550134805]]]},"properties":{"District":"MANDI","STATE":"HIMACHAL PRADESH","TEHSIL":"SUNDAR NAGAR","Shape_Leng":109258.039605,"Shape_Area":250848848.377}},
{"type":"Feature","geometry":{"type":"Polygon","coordinates":[[[77.3166825834229,31.530100556206776],[77.31101598049719,31.53233391480309],[77.30671592657303,31.52954847574439],[77.30777323372304,31.52608265885923],[77.30040043473691,31.523665163958892],[77.29420220436455,31.516324620348264],[77.29042912660152,31.50822971687884],[77.28468906261791,31.507322767968688],[77.27690785765991,31.51386959971764],[77.26729836947729,31.516523559026876],[77.26266318664244,31.52487116690823],[77.2608992677095,31.53232440716698],[77.26504222422604,31.535855818371566],[77.26582900398984,31.545946300961173],[77.26131008866277,31.55691358022907],[77.25828391821035,31.567133642315508],[77.25349758157621,31.57149028995191],[77.2557256637602,31.58496909130342],[77.25532365293877,31.59209921202024],[77.24578668606901,31.59756985644849],[77.25103807511363,31.610749651720905],[77.24794313076018,31.619990943689622],[77.24462132428185,31.62530947653176],[77.22453369332929,31.632741865009454],[77.21639320917426,31.62928367274901],[77.20743767117196,31.63347884818804],[77.20424695619587,31.632568557076482],[77.19727541253627,31.635695528891922],[77.19335367154407,31.645725929496084],[77.17616051046213,31.65499516147836],[77.1628192437293,31.6529250457385],[77.15720648953254,31.653852040101146],[77.14486881233722,31.649294216704266],[77.14123878958911,31.63674412419672],[77.13805283930543,31.63512872375434],[77.13411992638453,31.62349875969049],[77.14101749541886,31.626399816773226],[77.14502268185386,31.619532031327076],[77.13604293930776,31.619483304927215],[77.13379681666432,31.61498078862626],[77.13666999796611,31.612254012775924],[77.14284266950374,31.617130949336673],[77.149486607043,31.61318208710768],[77.14852800516556,31.610125859089077],[77.14030764317026,31.60992319725724],[77.13762131396018,31.599910706291276],[77.14174900267192,31.5910316379985],[77.1394263579586,31.587945291084097],[77.12922006210503,31.58256724103846],[77.13322616392958,31.57707511549392],[77.12088424635392,31.568677381445017],[77.1208472703841,31.56448809422319],[77.09837216277135,31.557531406887346],[77.09488586071242,31.55234817469573],[77.10237796755297,31.541447508991755],[77.1058640838251,31.53257002999967],[77.11259734488488,31.523346880582604],[77.12520851788818,31.51775684404304],[77.13377394769365,31.499890567143563],[77.13328393447051,31.49583256529219],[77.136133244473,31.489994277071624],[77.14369932297706,31.484880059344988],[77.15182751628876,31.48116943551064],[77.16389977788502,31.47827349555282],[77.16761754862439,31.459698404484566],[77.17116276432937,31.454958821314307],[77.17032993648498,31.438640010993087],[77.17298860628443,31.43495169954425],[77.17168808988234,31.425755215069476],[77.17431104960485,31.424207323559774],[77.18002350010208,31.42819016663547],[77.1898634102509,31.428486190570165],[77.1969619689322,31.426823161553433],[77.20084431921936,31.430624791995225],[77.19906172672883,31.438160374731723],[77.20811733961307,31.443425606366098],[77.21326863236128,31.43995682131789],[77.22421304397885,31.437645600014882],[77.22417890454324,31.44766547325559],[77.23672671879875,31.442664984537704],[77.24298287594708,31.44693960542715],[77.25170763473264,31.4405387847599],[77.25891855992386,31.438522125836776],[77.2592521883832,31.431912620220892],[77.27007666639433,31.432961193294034],[77.28465787704373,31.43150888809689],[77.29476529791916,31.432286811194132],[77.30234127476713,31.4353980754155],[77.31066062808748,31.44182345849686],[77.3145598930426,31.449114534234454],[77.32486081900153,31.448206765368536],[77.33292202196246,31.451924451716067],[77.32479331351198,31.467440445824845],[77.32158516310487,31.476394677894014],[77.32270379590952,31.48806417031954],[77.31867242297648,31.493370409554693],[77.3154249959629,31.511137723089988],[77.3135546211712,31.516896355639844],[77.31408805916146,31.52371787743616],[77.31670123206939,31.53005427819373],[77.3166825834229,31.530100556206776]]]},"properties":{"District":"MANDI","STATE":"HIMACHAL PRADESH","TEHSIL":"THUNAG","Shape_Leng":103584.856507,"Shape_Area":307461923.098}},
{"type":"Feature","geometry":{"type":"Polygon","coordinates":[[[77.62003794505455,31.075093020741516],[77.61094102562244,31.072484764840414],[77.60236949724677,31.073345919921795],[77.59688552583893,31.07531056262053],[77.57679379202564,31.07047302197154],[77.56468991480608,31.074729618669306],[77.55529073051287,31.07573556990775],[77.54199115151312,31.06625421724161],[77.53552370035072,31.05835770252652],[77.54002584039374,31.047619314390122],[77.53347657107885,31.042618242352177],[77.53087761434247,31.038673920945783],[77.53299062247899,31.028752807992333],[77.53096683779926,31.01702228271827],[77.52169050179435,31.010778073232956],[77.51949119858844,31.000125927581816],[77.51194968672625,31.002609398697793],[77.50213299260011,31.007626733278695],[77.49437678141494,31.01435370315435],[77.48568955127854,31.01841395175071],[77.47713975013808,31.023943221252903],[77.47190662351734,31.018316228299756],[77.46890004346677,31.010665190890442],[77.46787430971307,30.997928737459777],[77.46161229014272,30.99237267922954],[77.47090702187457,30.982255269271732],[77.47404830362306,30.974960415818977],[77.46646344242919,30.972683554412306],[77.4580509904816,30.981133534508366],[77.45484378654838,30.97704095132428],[77.44953846654154,30.97639207381044],[77.44171590278685,30.972391855296657],[77.44347042970263,30.96584208689043],[77.44112678109873,30.959174082880686],[77.44461946896786,30.951417823881943],[77.44322516870423,30.94477330544623],[77.43162043753772,30.936532314156512],[77.41942587596523,30.929649970278575],[77.4223171723788,30.92567631550213],[77.42254380426475,30.918924423699593],[77.4274768192052,30.90251033870514],[77.43266476864208,30.8989527866524],[77.43629453400766,30.89322208690235],[77.43851507368322,30.884758628724708],[77.43510943505072,30.877504670640263],[77.43571845711116,30.874764765304604],[77.442935574608,30.871538622122145],[77.45140132861987,30.863121972123743],[77.46099815756953,30.866789681827104],[77.46404189645008,30.864830610676908],[77.47677314973886,30.864987222316156],[77.48127333864133,30.869682128816766],[77.4966764806477,30.87313606503532],[77.51136419366145,30.869906573886258],[77.51812255642874,30.870297786440933],[77.52383696833603,30.86849038791123],[77.53415940662084,30.868568696230252],[77.53863119007633,30.874146769122078],[77.54318369772689,30.88355511963544],[77.54671042073228,30.88812948926612],[77.55956997549411,30.89854872174122],[77.57008509074593,30.895784933728155],[77.57463442406798,30.891972512330057],[77.59049124523065,30.888743880120476],[77.59597275219544,30.89341649388511],[77.59626384907106,30.8984004868941],[77.59300664723872,30.90465152006523],[77.59479916123017,30.91579357515814],[77.59181547366006,30.924175423620227],[77.59281314196888,30.933552251621393],[77.60405531178405,30.935644904860936],[77.6032818495104,30.927941112850498],[77.6099485720751,30.929111381412397],[77.61089826936734,30.936128214026063],[77.62810264022623,30.939005479640336],[77.62109898113816,30.946621743230146],[77.61688523508508,30.95645413817246],[77.6103808497434,30.965735958127404],[77.61324745913412,30.969554773843704],[77.61198870780075,30.983871427275048],[77.62104851598399,30.994666462375907],[77.62759117801005,31.000855128929256],[77.62891420766387,31.011366117008986],[77.63333528864965,31.01649373202965],[77.63275673728525,31.02217216979014],[77.63529075471331,31.02549774589124],[77.63610758984301,31.03271710180214],[77.64041192543168,31.035900841523446],[77.64265561516221,31.040809549471295],[77.64749267780863,31.04035501436727],[77.6549613060223,31.04237375852521],[77.6591742522286,31.040298620314385],[77.66651577710338,31.04780188235431],[77.66275146573707,31.05096110706937],[77.65588061990297,31.05351262291854],[77.6538061754557,31.06498681318798],[77.65113802530595,31.067841343635276],[77.63679142537612,31.0707451817424],[77.63013644139717,31.073767766593438],[77.62003794505455,31.075093020741516]]]},"properties":{"District":"SHIMLA","STATE":"HIMACHAL PRADESH","TEHSIL":"CHAUPAL","Shape_Leng":98249.8836627,"Shape_Area":301485874.957}},
{"type":"Feature","geometry":{"type":"Polygon","coordinates":[[[78.10153574231693,31.419151036844234],[78.09344523737066,31.418489875754247],[78.08736548342878,31.421630351929984],[78.07996687862564,31.416642672807416],[78.07473552982513,31.416736241695745],[78.06763531992732,31.412931221414542],[78.05515522754384,31.417471734071025],[78.05232583446748,31.41651647235279],[78.04298693589264,31.408958726991536],[78.03457387653918,31.406564909234334],[78.02676325842012,31.400080367446886],[78.02033877021908,31.39914869110306],[78.01488774121579,31.401212083864824],[78.00613793421512,31.400144748851044],[77.99864570674806,31.403125402800264],[77.98983158377769,31.403437280369232],[77.97651010488664,31.400085417559968],[77.96592225146736,31.402248936681506],[77.96209746891746,31.405109564131145],[77.96028791824776,31.40038839918269],[77.95343641464254,31.395637167266294],[77.9491197817178,31.38569013883888],[77.93207098454708,31.38189211272134],[77.92134208495834,31.376508913248138],[77.89538815783443,31.372837389662685],[77.88285058940295,31.371535451662922],[77.87763996776232,31.373027784756964],[77.87252683090581,31.372012031542617],[77.86213416981784,31.366116386712825],[77.85843645594808,31.366366683356794],[77.84807806749326,31.362940900964414],[77.84706682186366,31.354505999130204],[77.84119530783252,31.34312240503551],[77.82699842902078,31.34019801781202],[77.81911831871574,31.33490491799196],[77.81479774425027,31.335915479976606],[77.80639671505159,31.33286613227317],[77.79688889973276,31.3318162058565],[77.79113511674227,31.3285780300879],[77.77996596296394,31.329237120819624],[77.77153307465491,31.32656893788887],[77.7574876216151,31.32883971567862],[77.75178268994794,31.3262667812454],[77.74870921608318,31.310997810769585],[77.7459978416756,31.308871581316218],[77.74711835379716,31.30376031725732],[77.74959063221112,31.29760405912032],[77.75537487472457,31.290603059671195],[77.75902681468423,31.289557826106375],[77.76115725320163,31.283470975591097],[77.76549731992424,31.277957098337613],[77.7650411579014,31.273486467751574],[77.77214805132064,31.27060749874873],[77.77739041351671,31.26579128693103],[77.77876484111788,31.257995076913733],[77.7829345879333,31.25562030747824],[77.78159424330075,31.251592496378382],[77.78303616758731,31.24186130058607],[77.79330973400953,31.237663089636115],[77.80211692103971,31.22772813497395],[77.81617050532238,31.225200022232777],[77.82590645566133,31.21507266812169],[77.82014893277238,31.214324854651846],[77.81785012506307,31.21670698324063],[77.80897234042601,31.218048396856055],[77.80027608303756,31.212939443493852],[77.80203576090068,31.2100559708105],[77.79789485740193,31.199944398565684],[77.79677509178987,31.18779370233102],[77.79390279471072,31.17991979060031],[77.79619641375702,31.173813213207232],[77.79388853102785,31.16626952345811],[77.79742360745604,31.165670451578862],[77.80839786500528,31.159789201933595],[77.81325375501481,31.15483422039974],[77.82235418182678,31.15688228412133],[77.83557530305384,31.153969660815104],[77.84498468360019,31.154147261729385],[77.85104610220716,31.15054927004381],[77.85464350121138,31.151152245852586],[77.85866648462084,31.1564827639707],[77.86513012402807,31.160259061554353],[77.86913750231153,31.164926401921264],[77.87353947355993,31.166831171324315],[77.88033103327764,31.16678490743926],[77.88505137724903,31.16341547946853],[77.89031772302374,31.15454053662276],[77.89917608234134,31.150503136210524],[77.90787211324286,31.154036670207038],[77.91581181715837,31.153885623913595],[77.92479329034377,31.150432936228494],[77.93575673136208,31.155063154445582],[77.94316402296438,31.161258097427737],[77.9514896309254,31.161306524943566],[77.9536162051978,31.16595259298381],[77.95890385490277,31.170921037555384],[77.96800021185142,31.172658591049032],[77.96952097584429,31.177367720247133],[77.98824709181135,31.19354031324443],[77.9916033393845,31.20647895842271],[77.99692814528302,31.21939318225634],[78.00754583772652,31.224978702208798],[78.00822316536576,31.2289642091176],[78.01379898177595,31.23850720670426],[78.02004486281251,31.2409334685934],[78.02534841686777,31.245021786441],[78.03275992438329,31.24691945299166],[78.0366245396528,31.254234028199583],[78.04676926257015,31.255405370546306],[78.05041413913158,31.26218024249778],[78.0574027307726,31.28294685613321],[78.05806555595152,31.28775280802746],[78.05383207355358,31.29003777346116],[78.05410588871379,31.29717822956713],[78.05897759255465,31.303559292444415],[78.06757894687729,31.30896681683885],[78.07231203059895,31.31826603570327],[78.07702826183187,31.322780938470505],[78.08792344586573,31.328212875242468],[78.09425607097887,31.326111818070554],[78.10306466334204,31.33045994900825],[78.10158289246169,31.337200427208465],[78.1048224164352,31.340599600599774],[78.11213303935334,31.341185743969895],[78.11791726888208,31.346433775564304],[78.12312795645215,31.347150320463804],[78.13030245195502,31.352556935638983],[78.13702230907907,31.35330470601519],[78.14159475180634,31.357687616129848],[78.14731772799301,31.357672645786426],[78.15066087527696,31.360316586825167],[78.15977043135554,31.369442308620172],[78.16455689912782,31.377384597159846],[78.16146601906952,31.384640790896285],[78.15180397295681,31.389818855564272],[78.14799865760352,31.386867919918114],[78.14359226517867,31.387655801533445],[78.13967714827241,31.394296628862698],[78.13085623602215,31.39789187567055],[78.12737570612576,31.405367211738138],[78.11715715865427,31.409181299748685],[78.11034016836446,31.40899249278146],[78.10576096960794,31.41084476082066],[78.10153574231693,31.419151036844234]]]},"properties":{"District":"SHIMLA","STATE":"HIMACHAL PRADESH","TEHSIL":"CHIRGAON","Shape_Leng":127653.524402,"Shape_Area":631168281.701}},
{"type":"Feature","geometry":{"type":"Polygon","coordinates":[[[78.31124998101654,31.2826913142612],[78.29677077738914,31.288603352054757],[78.29152063080087,31.293336676201726],[78.29734704611907,31.30268392338339],[78.29675978952085,31.310806241443938],[78.30123854325758,31.31485964599801],[78.29515444910201,31.318239911444444],[78.29083259845352,31.32413171477462],[78.28615764240536,31.325346560161247],[78.27971760744525,31.32386426653063],[78.26752420903769,31.324666188595423],[78.26451463881801,31.32669339348203],[78.2577082657917,31.326877556243037],[78.25371443372292,31.32957702528027],[78.24517576059922,31.341059148588396],[78.23755909151947,31.341642407561608],[78.23372965293524,31.33288200000879],[78.22853303613654,31.332453899302283],[78.21959870467569,31.32534246777544],[78.21217575895083,31.324150276836455],[78.20817687785924,31.328597891362215],[78.1968139262519,31.329516105012164],[78.18946908480756,31.33327735474091],[78.18274083030715,31.338908343184684],[78.17686785609573,31.33691975567283],[78.1711625671144,31.344195675230925],[78.16611492797566,31.34649166256971],[78.16235036236183,31.34418558896474],[78.15380646311931,31.354958552200934],[78.15066087527696,31.360316586825167],[78.14731772799301,31.357672645786426],[78.14159475180634,31.357687616129848],[78.13702230907907,31.35330470601519],[78.13030245195502,31.352556935638983],[78.12312795645215,31.347150320463804],[78.11791726888208,31.346433775564304],[78.11213303935334,31.341185743969895],[78.1048224164352,31.340599600599774],[78.10158289246169,31.337200427208465],[78.10306466334204,31.33045994900825],[78.09425607097887,31.326111818070554],[78.08792344586573,31.328212875242468],[78.07702826183187,31.322780938470505],[78.07231203059895,31.31826603570327],[78.06757894687729,31.30896681683885],[78.05897759255465,31.303559292444415],[78.05410588871379,31.29717822956713],[78.05383207355358,31.29003777346116],[78.05806555595152,31.28775280802746],[78.0574027307726,31.28294685613321],[78.05041413913158,31.26218024249778],[78.04676926257015,31.255405370546306],[78.0366245396528,31.254234028199583],[78.03275992438329,31.24691945299166],[78.02534841686777,31.245021786441],[78.02004486281251,31.2409334685934],[78.01379898177595,31.23850720670426],[78.00822316536576,31.2289642091176],[78.00754583772652,31.224978702208798],[77.99692814528302,31.21939318225634],[77.9916033393845,31.20647895842271],[77.98824709181135,31.19354031324443],[77.96952097584429,31.177367720247133],[77.96800021185142,31.172658591049032],[77.9732708982964,31.16615310249076],[77.98104981444655,31.16167484581285],[77.98472004774906,31.156953551563188],[77.9909397026794,31.16004784102404],[78.00081882251955,31.161951907934707],[78.00862836232228,31.160817415175927],[78.01445222507859,31.157781271679283],[78.02061849172323,31.151552513806486],[78.03034198292457,31.15096770782349],[78.03080398718075,31.1577956928757],[78.02909632313204,31.16244419752828],[78.03269763424221,31.168706234613005],[78.04104411419803,31.172920475294372],[78.04264056439072,31.17850398001502],[78.05120771323338,31.179890760543234],[78.06595597073809,31.187166647171857],[78.08773702292292,31.18724091913679],[78.09604257550987,31.184342669774743],[78.10362150031375,31.185380237530573],[78.11452574356242,31.19453800144056],[78.12398851705876,31.20037616407774],[78.12860329939244,31.200775674603005],[78.13338286848065,31.208332886236978],[78.14708706380522,31.21037187103251],[78.15361522639914,31.218215995222792],[78.15737836914484,31.218589316399942],[78.16022644249578,31.225477469498504],[78.1680578629741,31.224879531168398],[78.17303753847379,31.226692453520403],[78.17975687866645,31.225648132853554],[78.18702634140571,31.227052595671253],[78.19217770193386,31.22476105742661],[78.19808826776527,31.21765472018345],[78.20544388641702,31.21817670465311],[78.21503895234518,31.221677996550138],[78.21495883005448,31.225869596781227],[78.21995081467047,31.233757043574528],[78.22576487032856,31.235033622118603],[78.23708896559363,31.232665536035853],[78.24317189790973,31.229300151093494],[78.25070688176561,31.233309047183845],[78.25021437084605,31.240057351078207],[78.25446834030971,31.238558030011077],[78.26047316436411,31.23975087494057],[78.26327992342198,31.2458414065201],[78.268676707965,31.248583401181236],[78.27592667147033,31.26131141309754],[78.28286695882183,31.26621085359987],[78.2918829750057,31.25994593706731],[78.29642422492063,31.261127259733552],[78.30255199135125,31.259017080899064],[78.3076576719451,31.261425791191222],[78.31044609015315,31.271094250237546],[78.3080419557519,31.275538233422495],[78.31124998101654,31.2826913142612]]]},"properties":{"District":"SHIMLA","STATE":"HIMACHAL PRADESH","TEHSIL":"DODRA KWAR","Shape_Leng":102780.383207,"Shape_Area":346079791.56}},
{"type":"Feature","geometry":{"type":"Polygon","coordinates":[[[77.79388853102785,31.16626952345811],[77.79139894063329,31.16331306989743],[77.78279519371006,31.164254121701262],[77.7682924374745,31.158222025866568],[77.7600129059895,31.15375267534833],[77.75810385278811,31.15109880749798],[77.7487108327103,31.150260843800904],[77.74396922403723,31.145408989585146],[77.74100253967526,31.15228070695833],[77.73249980133295,31.15878258618119],[77.73357244823423,31.153027658568618],[77.72024976865788,31.156768330188047],[77.71887474674979,31.161492992531876],[77.71088925544679,31.16732764798462],[77.70028698239132,31.169816457423867],[77.7026457464493,31.156130540089023],[77.69885764033435,31.150162503993112],[77.69383128646896,31.145454585057408],[77.69180077770223,31.135909740022186],[77.68520299075611,31.134145677834383],[77.67633602699291,31.134706618773166],[77.66470924730837,31.13273786667563],[77.64955713784398,31.132675502104792],[77.64607578916946,31.1295497860995],[77.6320958875742,31.129091531256048],[77.62540626398662,31.1298773333956],[77.62655743526533,31.12156952603843],[77.62189912124381,31.106597497628915],[77.61925603653766,31.10396760371164],[77.6222999689587,31.097355301252183],[77.62355955215453,31.088803435596226],[77.62003794505455,31.075093020741516],[77.63013644139717,31.073767766593438],[77.63679142537612,31.0707451817424],[77.65113802530595,31.067841343635276],[77.6538061754557,31.06498681318798],[77.65588061990297,31.05351262291854],[77.66275146573707,31.05096110706937],[77.66651577710338,31.04780188235431],[77.67232981087079,31.046140278589753],[77.67569322174482,31.047705568484467],[77.68201312842491,31.045146946270258],[77.70205833724565,31.050054009953076],[77.70633846954443,31.052249383997903],[77.72307246155076,31.03597598793167],[77.72378294527536,31.03089418563223],[77.72856487365787,31.02956844675886],[77.74129958716614,31.029301939189505],[77.74615877426136,31.02718145752196],[77.75154768658629,31.029184068331084],[77.76459593191778,31.027533524260008],[77.768142972615,31.017293546436647],[77.77525533432689,31.00645043321843],[77.77110774029227,30.990750064746653],[77.76704857011298,30.988541996568102],[77.76437742649034,30.981162012589223],[77.76853871494403,30.973366295967907],[77.77371605459382,30.97417713828774],[77.78528567430436,30.97190295530666],[77.79366497404915,30.968752433427966],[77.80390181373284,30.961813884194992],[77.810084960784,30.955586662390026],[77.82435898791465,30.95049820080813],[77.82862304426048,30.953289005492866],[77.8347265994846,30.952045463984728],[77.83832196129845,30.954183827278815],[77.83218794664651,30.959589709405343],[77.8229304545427,30.95731918719884],[77.81475638001592,30.96135383683979],[77.81464880084748,30.968551722241607],[77.81629634054775,30.97278352876931],[77.82189132187979,30.976084045302986],[77.82513365867767,30.98508580482754],[77.82417350135572,30.988421823237378],[77.83181792522178,30.99399343154918],[77.82199163396085,31.004294019694804],[77.82500545195519,31.00979869756604],[77.81868839970336,31.009448914850275],[77.80993979345611,31.010986496812244],[77.80751090216616,31.01621317554583],[77.80700471619683,31.026766885564324],[77.81145330253766,31.03163261766827],[77.8183936590742,31.03286644605951],[77.82287538362586,31.02927925889262],[77.82779413708829,31.030262160922838],[77.82136804564995,31.04273652090042],[77.82161713519612,31.046713512440984],[77.8160364872841,31.049982046321034],[77.81714841304,31.055874497837266],[77.82295855883024,31.05866272514572],[77.82892848279882,31.058266295799662],[77.83711064098108,31.07191124144203],[77.85123568360157,31.07336652677779],[77.85632570551564,31.08128141599214],[77.86163590566655,31.092072357943394],[77.86086991052751,31.09862519764297],[77.86381978359134,31.10850580298146],[77.87069150998211,31.113703467449046],[77.88352974199212,31.118315816765197],[77.88876430703617,31.119211069888454],[77.89000321793307,31.123310315993695],[77.88904672403713,31.132985775684247],[77.89401476720248,31.13396409387963],[77.90103098284837,31.144032899195885],[77.89917608234134,31.150503136210524],[77.89031772302374,31.15454053662276],[77.88505137724903,31.16341547946853],[77.88033103327764,31.16678490743926],[77.87353947355993,31.166831171324315],[77.86913750231153,31.164926401921264],[77.86513012402807,31.160259061554353],[77.85866648462084,31.1564827639707],[77.85464350121138,31.151152245852586],[77.85104610220716,31.15054927004381],[77.84498468360019,31.154147261729385],[77.83557530305384,31.153969660815104],[77.82235418182678,31.15688228412133],[77.81325375501481,31.15483422039974],[77.80839786500528,31.159789201933595],[77.79742360745604,31.165670451578862],[77.79388853102785,31.16626952345811]]]},"properties":{"District":"SHIMLA","STATE":"HIMACHAL PRADESH","TEHSIL":"JUBBAL","Shape_Leng":110862.871514,"Shape_Area":302631160.351}},
{"type":"Feature","geometry":{"type":"Polygon","coordinates":[[[77.5822601552063,31.24723488511538],[77.5715233955277,31.246850180507735],[77.56156122283211,31.24870697192347],[77.5527250841161,31.243888495395236],[77.54049527152708,31.245744386985017],[77.53617325022222,31.248166120451412],[77.52464028584174,31.249936388164762],[77.51547333894604,31.24478294336343],[77.50541408588997,31.24434042578957],[77.50080199256247,31.24268094762888],[77.49482874272067,31.23562850851548],[77.49070140038876,31.223048999163254],[77.49319392471631,31.213943579605345],[77.49010373292262,31.206906858945707],[77.4856102128929,31.20338840993428],[77.48010351668326,31.202795798013295],[77.47475101279537,31.199277816120155],[77.4775686804658,31.192230147841247],[77.47049891249293,31.17989521864456],[77.47572283678257,31.167239971678576],[77.46509080319349,31.15948611980821],[77.46601386178638,31.152010297483944],[77.45508117370109,31.147765276559422],[77.45161914532805,31.145292590118263],[77.45206705899331,31.136930102248822],[77.45438624063458,31.134004123344386],[77.4489925427074,31.128692624770387],[77.44135146389468,31.117918335085516],[77.43892728444308,31.110566751115556],[77.4470134788358,31.1080180524955],[77.45634780588361,31.107895117490965],[77.46408729969679,31.10641531822579],[77.4710629340613,31.102074114516647],[77.48009066691358,31.092182600450432],[77.48238694965329,31.07890188018919],[77.4927248995861,31.075827703386558],[77.49991371616302,31.063822252459243],[77.51498222246897,31.062130375805623],[77.51741052257519,31.060691023324278],[77.53552370035072,31.05835770252652],[77.54199115151312,31.06625421724161],[77.55529073051287,31.07573556990775],[77.56468991480608,31.074729618669306],[77.57679379202564,31.07047302197154],[77.59688552583893,31.07531056262053],[77.60236949724677,31.073345919921795],[77.61094102562244,31.072484764840414],[77.62003794505455,31.075093020741516],[77.62355955215453,31.088803435596226],[77.6222999689587,31.097355301252183],[77.61925603653766,31.10396760371164],[77.62189912124381,31.106597497628915],[77.62655743526533,31.12156952603843],[77.62540626398662,31.1298773333956],[77.62597844971432,31.13716659283432],[77.62273099620305,31.147274891074957],[77.61528593615994,31.148208113145508],[77.6007242130068,31.15232665353148],[77.60194269282003,31.15927022498349],[77.60084273609979,31.16444791802396],[77.59362828097201,31.17233714696183],[77.59129594957622,31.17766024805629],[77.59194830450608,31.182180374185236],[77.58472702991538,31.19611652292575],[77.57596701688817,31.203231654498442],[77.57347854766121,31.217741116234475],[77.57813434935332,31.221404572080942],[77.5824788463924,31.22130835250661],[77.58634433384441,31.227780052012697],[77.58366156530143,31.236996284974214],[77.5822601552063,31.24723488511538]]]},"properties":{"District":"SHIMLA","STATE":"HIMACHAL PRADESH","TEHSIL":"KOTKHAI","Shape_Leng":70894.792535,"Shape_Area":238491135.678}},
{"type":"Feature","geometry":{"type":"Polygon","coordinates":[[[77.47782874505621,31.351034189676795],[77.47316489197111,31.349328840787518],[77.46886108828215,31.351423587661987],[77.45524485102332,31.350133321718666],[77.45242580010178,31.34411858748044],[77.44190027490036,31.345043669887932],[77.43532309292917,31.34421385454506],[77.43301587277627,31.340659179030446],[77.426876721413,31.341347117174255],[77.42141917103662,31.347583898081453],[77.41484987979894,31.34588075937872],[77.41145249810097,31.347129954528757],[77.40829636416467,31.3539577263454],[77.39722794419676,31.36155507926119],[77.39306470226713,31.35501099653985],[77.3871600355665,31.359344653443234],[77.38291160129911,31.360100543955824],[77.37879150169042,31.357493722845177],[77.37242979957475,31.360114022362495],[77.35685687352897,31.35343042248284],[77.35060969430798,31.34094269873228],[77.3445903546216,31.337175493996405],[77.34319044970633,31.333634672382868],[77.34513036678769,31.326806534157036],[77.34023542055063,31.3242221191216],[77.3369089481514,31.315067397225164],[77.33739393999512,31.306754933797446],[77.33428814676192,31.295876836456394],[77.33137244229121,31.29260599151645],[77.32218044445749,31.292070179307917],[77.31855009173536,31.283822193712062],[77.31237183348044,31.280733276576328],[77.3194953557113,31.279174947424295],[77.32784315195403,31.28041649046219],[77.33346904700066,31.279554226023865],[77.34097392897854,31.2755750262314],[77.34394693227979,31.267219753940363],[77.36162810575694,31.2586344830783],[77.3658039351015,31.259552865162103],[77.36682151316028,31.254966957884132],[77.37244079930329,31.250215595406427],[77.37777791051357,31.249879880888365],[77.37790711764707,31.244120659453284],[77.38088134088584,31.242348576529263],[77.38546251960538,31.245956128552567],[77.39196282681843,31.247731298385364],[77.39319374276404,31.250897808318335],[77.4016710123474,31.25579156744295],[77.39799922733823,31.26147612642157],[77.40076877701097,31.265882401033835],[77.4064912090544,31.26829954429009],[77.4149074189886,31.265927615415332],[77.42145989304022,31.251845341454377],[77.42514327651885,31.249154514270447],[77.4195352020786,31.24159226820614],[77.41616849848008,31.230311091674334],[77.42024199302206,31.223420683586316],[77.4262833941739,31.220212436982315],[77.44157512776655,31.22253729608976],[77.44808726248449,31.224710970817178],[77.449001770287,31.20947422880336],[77.45454247376166,31.205062353697834],[77.4644446092682,31.20111257501341],[77.47475101279537,31.199277816120155],[77.48010351668326,31.202795798013295],[77.4856102128929,31.20338840993428],[77.49010373292262,31.206906858945707],[77.49319392471631,31.213943579605345],[77.49070140038876,31.223048999163254],[77.49482874272067,31.23562850851548],[77.50080199256247,31.24268094762888],[77.49919997970812,31.24644816238293],[77.51170795825293,31.255129504302932],[77.51992931241645,31.265761685700703],[77.51672444974545,31.271118402796215],[77.50791145641995,31.27253804726637],[77.50374779892712,31.276468759966175],[77.51126741518642,31.29408950531005],[77.51656688869603,31.29707162488719],[77.52061397739953,31.30529421890949],[77.52758512665532,31.315881215256972],[77.53148895199688,31.318863905802992],[77.54047074949571,31.322370886485135],[77.5381972760657,31.331800844997435],[77.53191560818205,31.338663505474937],[77.52801260096889,31.346332268951556],[77.52325780514805,31.34680752881722],[77.52325011254293,31.350732494333638],[77.51631045362512,31.348201749944714],[77.51078888270241,31.349373809335788],[77.50468629117809,31.34804063852814],[77.4987380834741,31.35551813031215],[77.48082599983165,31.354445723912786],[77.47782874505621,31.351034189676795]]]},"properties":{"District":"SHIMLA","STATE":"HIMACHAL PRADESH","TEHSIL":"KUMHARSAIN","Shape_Leng":85459.5944996,"Shape_Area":215181953.832}},
{"type":"Feature","geometry":{"type":"Polygon","coordinates":[[[77.59597275219544,30.89341649388511],[77.59049124523065,30.888743880120476],[77.57463442406798,30.891972512330057],[77.57008509074593,30.895784933728155],[77.55956997549411,30.89854872174122],[77.54671042073228,30.88812948926612],[77.54318369772689,30.88355511963544],[77.53863119007633,30.874146769122078],[77.53415940662084,30.868568696230252],[77.52383696833603,30.86849038791123],[77.51812255642874,30.870297786440933],[77.51136419366145,30.869906573886258],[77.4966764806477,30.87313606503532],[77.48127333864133,30.869682128816766],[77.47677314973886,30.864987222316156],[77.48465270005003,30.84852656731758],[77.49149791739717,30.842554300425117],[77.48985896203332,30.8381577362664],[77.49082972247909,30.83182309176134],[77.48924300569328,30.8169574988108],[77.49398800565527,30.81455629856866],[77.49366684478952,30.805127202357948],[77.49500756230559,30.800649913386795],[77.49248229544008,30.795196435504288],[77.50038871355237,30.794418172827054],[77.50710485582998,30.790808783733667],[77.51769263404138,30.789884678291408],[77.5211320978512,30.785797273366686],[77.52750299069132,30.796459880115272],[77.53637353320273,30.80111943966569],[77.54966697753046,30.798686986045116],[77.5504474930559,30.78714284304891],[77.54515773894981,30.77827170506213],[77.54671773846715,30.774260298860963],[77.55228002295387,30.77508907895527],[77.55526104716249,30.778467768954037],[77.5683771896065,30.77759463224728],[77.57057378883285,30.778942454068833],[77.57942361601887,30.77741034888132],[77.58234237685193,30.778957724235955],[77.59029227868298,30.778073904189345],[77.59847203594035,30.779732109720133],[77.60410153369749,30.78284478477314],[77.60755134861091,30.789837075284243],[77.61137188748197,30.79257905540519],[77.61990257905389,30.79413053483656],[77.61810348108794,30.798725663855482],[77.62173005889515,30.808566834430717],[77.624252509356,30.809988809087486],[77.63323067119134,30.808596773228427],[77.63684135570382,30.809404412829014],[77.6464709986751,30.8046980286607],[77.66066944015809,30.805050277485844],[77.66541749311169,30.802767178557083],[77.67533944639764,30.80607490543097],[77.68492708612273,30.80595821080711],[77.6994060452684,30.807448860910814],[77.70170876172116,30.81368035449128],[77.69731603319697,30.818414632371454],[77.69899517447645,30.8266024884402],[77.70290477999906,30.836098377983614],[77.69895439005462,30.845986796166002],[77.68912562349229,30.848022661374163],[77.6747066339692,30.85459783618711],[77.67390358294884,30.859637125230954],[77.6544867405296,30.863757701965724],[77.64810965784082,30.862144022269028],[77.64109432250989,30.862267372359543],[77.63636469302756,30.864988281871995],[77.62735693023608,30.867351997940794],[77.61352312296917,30.874991507327124],[77.60822512009558,30.88001940198767],[77.60232803476066,30.89162185920882],[77.59597275219544,30.89341649388511]]]},"properties":{"District":"SHIMLA","STATE":"HIMACHAL PRADESH","TEHSIL":"KUPVI","Shape_Leng":68869.3430275,"Shape_Area":172339855.128}},
{"type":"Feature","geometry":{"type":"Polygon","coordinates":[[[77.67265763540328,31.31306733309399],[77.66601906496966,31.318143767261937],[77.66373604722466,31.323374432337634],[77.6514043056291,31.327295388963194],[77.65020724442043,31.334957672081757],[77.64618067396162,31.339574696448874],[77.6394157665777,31.334746173174686],[77.6337430436498,31.33539566732024],[77.6222877612014,31.329659560554035],[77.6171933875385,31.33080666318724],[77.62106424995186,31.336384952869366],[77.61217463107371,31.335477033536264],[77.60965765751217,31.33789390386821],[77.61188849475771,31.353912137428892],[77.60554465526094,31.359927122579048],[77.59721928059157,31.363794835209262],[77.59637192267492,31.367961483269177],[77.58397140292959,31.37359512221981],[77.56862205155939,31.36789831790925],[77.55768452688896,31.370560486695567],[77.55656570540874,31.364375108881525],[77.54431379827918,31.350328510538905],[77.5361720393946,31.353069928019554],[77.53212601151431,31.34932496213741],[77.52325780514805,31.34680752881722],[77.52801260096889,31.346332268951556],[77.53191560818205,31.338663505474937],[77.5381972760657,31.331800844997435],[77.54047074949571,31.322370886485135],[77.53148895199688,31.318863905802992],[77.52758512665532,31.315881215256972],[77.52061397739953,31.30529421890949],[77.51656688869603,31.29707162488719],[77.51126741518642,31.29408950531005],[77.50374779892712,31.276468759966175],[77.50791145641995,31.27253804726637],[77.51672444974545,31.271118402796215],[77.51992931241645,31.265761685700703],[77.51170795825293,31.255129504302932],[77.49919997970812,31.24644816238293],[77.50080199256247,31.24268094762888],[77.50541408588997,31.24434042578957],[77.51547333894604,31.24478294336343],[77.52464028584174,31.249936388164762],[77.53617325022222,31.248166120451412],[77.54049527152708,31.245744386985017],[77.5527250841161,31.243888495395236],[77.56156122283211,31.24870697192347],[77.5715233955277,31.246850180507735],[77.5822601552063,31.24723488511538],[77.58618720024164,31.249895701435612],[77.58891912403469,31.25957418309567],[77.60464889805466,31.260623959728886],[77.60929981022734,31.262180331847883],[77.62371061009407,31.262160786634453],[77.62849726280825,31.266714559620663],[77.63706456394081,31.26890463619931],[77.64329337767072,31.268427055310703],[77.64600148805907,31.27135367120345],[77.65655382735228,31.27499348120062],[77.65954737820161,31.28263074816331],[77.65954569744991,31.29293504668288],[77.66495066048391,31.30429809385228],[77.67265763540328,31.31306733309399]]]},"properties":{"District":"SHIMLA","STATE":"HIMACHAL PRADESH","TEHSIL":"NANKHARI","Shape_Leng":66414.4990542,"Shape_Area":139296483.731}},
{"type":"Feature","geometry":{"type":"Polygon","coordinates":[[[77.76853871494403,30.973366295967907],[77.76437742649034,30.981162012589223],[77.76704857011298,30.988541996568102],[77.77110774029227,30.990750064746653],[77.77525533432689,31.00645043321843],[77.768142972615,31.017293546436647],[77.76459593191778,31.027533524260008],[77.75154768658629,31.029184068331084],[77.74615877426136,31.02718145752196],[77.74129958716614,31.029301939189505],[77.72856487365787,31.02956844675886],[77.72378294527536,31.03089418563223],[77.72307246155076,31.03597598793167],[77.70633846954443,31.052249383997903],[77.70205833724565,31.050054009953076],[77.68201312842491,31.045146946270258],[77.67569322174482,31.047705568484467],[77.67232981087079,31.046140278589753],[77.66651577710338,31.04780188235431],[77.6591742522286,31.040298620314385],[77.6549613060223,31.04237375852521],[77.64749267780863,31.04035501436727],[77.64265561516221,31.040809549471295],[77.64041192543168,31.035900841523446],[77.63610758984301,31.03271710180214],[77.63529075471331,31.02549774589124],[77.63275673728525,31.02217216979014],[77.63333528864965,31.01649373202965],[77.62891420766387,31.011366117008986],[77.62759117801005,31.000855128929256],[77.62104851598399,30.994666462375907],[77.61198870780075,30.983871427275048],[77.61324745913412,30.969554773843704],[77.6103808497434,30.965735958127404],[77.61688523508508,30.95645413817246],[77.62109898113816,30.946621743230146],[77.62810264022623,30.939005479640336],[77.61089826936734,30.936128214026063],[77.6099485720751,30.929111381412397],[77.6032818495104,30.927941112850498],[77.60405531178405,30.935644904860936],[77.59281314196888,30.933552251621393],[77.59181547366006,30.924175423620227],[77.59479916123017,30.91579357515814],[77.59300664723872,30.90465152006523],[77.59626384907106,30.8984004868941],[77.59597275219544,30.89341649388511],[77.60232803476066,30.89162185920882],[77.60822512009558,30.88001940198767],[77.61352312296917,30.874991507327124],[77.62735693023608,30.867351997940794],[77.63636469302756,30.864988281871995],[77.64109432250989,30.862267372359543],[77.64810965784082,30.862144022269028],[77.6544867405296,30.863757701965724],[77.67390358294884,30.859637125230954],[77.6747066339692,30.85459783618711],[77.68912562349229,30.848022661374163],[77.69895439005462,30.845986796166002],[77.70290477999906,30.836098377983614],[77.69899517447645,30.8266024884402],[77.69731603319697,30.818414632371454],[77.70170876172116,30.81368035449128],[77.6994060452684,30.807448860910814],[77.68492708612273,30.80595821080711],[77.67533944639764,30.80607490543097],[77.66541749311169,30.802767178557083],[77.67621191535105,30.790651302887046],[77.68319404754953,30.79028541357308],[77.68743815498023,30.784711389578987],[77.68450380829559,30.778286876853173],[77.68881370744748,30.776157922559193],[77.69320021709459,30.770912086992528],[77.70381226209203,30.764039026747135],[77.71679428198115,30.77176702389765],[77.7213646905838,30.77579274197445],[77.73187354988316,30.79186898082975],[77.73161660312768,30.796896204513732],[77.73496996730003,30.804484705142254],[77.74117252738164,30.80861505695329],[77.74598128169251,30.813886152854604],[77.74837276958738,30.821634818657444],[77.7612787301076,30.826065717220853],[77.75767929607443,30.83512953690056],[77.74402067579717,30.84659379831867],[77.74586730824616,30.851119091482403],[77.75418358305329,30.855470796433192],[77.75719344463313,30.859983308821743],[77.75608914472782,30.870783891315146],[77.75822452295954,30.876797794933342],[77.763207132364,30.880400648519746],[77.77550094880655,30.876442940588284],[77.77922834710495,30.860369540074053],[77.78624120497781,30.857152786443372],[77.8056828295542,30.85321365757649],[77.8033361992313,30.86532273431227],[77.79885530953207,30.868044398349884],[77.80015564452876,30.872566037713487],[77.80162929772068,30.89419743794121],[77.80882568669912,30.896697415337922],[77.81496373945059,30.903762394670782],[77.81586629967936,30.910321902542346],[77.81093528527737,30.916632971705802],[77.8115289767065,30.923273323659785],[77.8041603466598,30.923534027829106],[77.78652899015187,30.920259128734017],[77.7850107561136,30.91745691094959],[77.77742500130253,30.91700385857228],[77.77179518108152,30.9186112813522],[77.76738002107727,30.917398639353888],[77.76234968146747,30.919225018262757],[77.76411247254026,30.92540847495512],[77.76366803634734,30.931069660525022],[77.75392593662299,30.932734067566223],[77.75399226286143,30.936765037845934],[77.75075051205701,30.943494517255996],[77.74900679092013,30.953480023974656],[77.75409449821578,30.964476913955817],[77.76340604272418,30.96824677960932],[77.76853871494403,30.973366295967907]]]},"properties":{"District":"SHIMLA","STATE":"HIMACHAL PRADESH","TEHSIL":"NERUA","Shape_Leng":115952.658588,"Shape_Area":346849121.16}},
{"type":"Feature","geometry":{"type":"Polygon","coordinates":[[[77.74788604115636,31.713364112883966],[77.73533958888297,31.715114507540605],[77.73107833920038,31.714588895160503],[77.72138057517047,31.708227664992553],[77.71154474402378,31.703642990331957],[77.69584504327888,31.70474422497914],[77.67810494312782,31.70313090600625],[77.67451164349986,31.696390728454507],[77.67009630790862,31.69482224433013],[77.67049480304637,31.68570251263649],[77.66666203514899,31.6821738170549],[77.65737257517912,31.679507552821324],[77.65681951490645,31.66837257446973],[77.64987357948101,31.665833344583078],[77.64609752682024,31.662655456926664],[77.6459813621149,31.657308120421163],[77.6536829681289,31.64440397497151],[77.66061562602081,31.637816238050924],[77.66258858531128,31.633589823040605],[77.64978590133528,31.62826712517165],[77.6493488895282,31.621505425363996],[77.6457382825105,31.615305433824997],[77.64489861735841,31.60589430419124],[77.64868238518577,31.59609446480197],[77.64742096812022,31.591203775103445],[77.64866531251486,31.58299955784158],[77.65213295437997,31.57941949152082],[77.65947094981843,31.57571579088563],[77.66612739905844,31.5688271120567],[77.6682028290946,31.563698148359403],[77.67529035011243,31.562019527946667],[77.67877057132779,31.558249343895955],[77.67989150500802,31.55087963381797],[77.68750465007423,31.544210156070694],[77.6933298363218,31.54509862515818],[77.69872017984555,31.54203897169349],[77.70202275965107,31.52953012441939],[77.69851133183816,31.52249676927823],[77.6990869589011,31.51426858564365],[77.70711492591046,31.501747118327067],[77.70391697572106,31.497810038142283],[77.69744507650032,31.49519849100848],[77.69076837964867,31.490454865026667],[77.68160638897028,31.48179637051005],[77.68038305380857,31.47708609050452],[77.67352372103926,31.466376563156757],[77.66935042922044,31.462533906797944],[77.65881922535131,31.46040052346763],[77.65282405572516,31.456279112143594],[77.64620606987198,31.455523618977857],[77.64015949262745,31.456767022695647],[77.63536895725096,31.4531698723599],[77.62777745687741,31.450718080728862],[77.62846713159315,31.443729659867003],[77.62302368652072,31.436680957631896],[77.62088054784995,31.426739063084263],[77.62171538032831,31.416976660673637],[77.63298267262365,31.401855453881446],[77.63135340690816,31.39252437062783],[77.62347078293844,31.38822942530585],[77.61403043900384,31.390813809791915],[77.60659937237997,31.3969054252954],[77.60146806045685,31.398544005586658],[77.59138866708568,31.39924931708991],[77.57730124136074,31.39626075123081],[77.57324217749836,31.388426382430033],[77.56734596412049,31.38964314215841],[77.56162074792503,31.388707824241624],[77.55347950452975,31.389888636204894],[77.54504697956399,31.38072705032918],[77.54422865580273,31.374656290458887],[77.53540141670392,31.36224563496411],[77.52679950914782,31.353042931468377],[77.52325011254293,31.350732494333638],[77.52325780514805,31.34680752881722],[77.53212601151431,31.34932496213741],[77.5361720393946,31.353069928019554],[77.54431379827918,31.350328510538905],[77.55656570540874,31.364375108881525],[77.55768452688896,31.370560486695567],[77.56862205155939,31.36789831790925],[77.58397140292959,31.37359512221981],[77.59637192267492,31.367961483269177],[77.59721928059157,31.363794835209262],[77.60554465526094,31.359927122579048],[77.61188849475771,31.353912137428892],[77.60965765751217,31.33789390386821],[77.61217463107371,31.335477033536264],[77.62106424995186,31.336384952869366],[77.6171933875385,31.33080666318724],[77.6222877612014,31.329659560554035],[77.6337430436498,31.33539566732024],[77.6394157665777,31.334746173174686],[77.64618067396162,31.339574696448874],[77.65020724442043,31.334957672081757],[77.6514043056291,31.327295388963194],[77.66373604722466,31.323374432337634],[77.66601906496966,31.318143767261937],[77.67265763540328,31.31306733309399],[77.67814622599889,31.315538833072843],[77.68348260834965,31.315469904869627],[77.69364391690458,31.312899133208656],[77.70844699827342,31.305995383963598],[77.71475640040079,31.30130664766538],[77.72565171112986,31.302309704931506],[77.73195067332524,31.30048372866854],[77.73739164868036,31.302481843757896],[77.74711835379716,31.30376031725732],[77.7459978416756,31.308871581316218],[77.74870921608318,31.310997810769585],[77.75178268994794,31.3262667812454],[77.7574876216151,31.32883971567862],[77.77153307465491,31.32656893788887],[77.77996596296394,31.329237120819624],[77.79113511674227,31.3285780300879],[77.79688889973276,31.3318162058565],[77.80639671505159,31.33286613227317],[77.81479774425027,31.335915479976606],[77.81911831871574,31.33490491799196],[77.82699842902078,31.34019801781202],[77.84119530783252,31.34312240503551],[77.84706682186366,31.354505999130204],[77.84807806749326,31.362940900964414],[77.85843645594808,31.366366683356794],[77.86213416981784,31.366116386712825],[77.87252683090581,31.372012031542617],[77.87763996776232,31.373027784756964],[77.88285058940295,31.371535451662922],[77.89538815783443,31.372837389662685],[77.92134208495834,31.376508913248138],[77.93207098454708,31.38189211272134],[77.9491197817178,31.38569013883888],[77.95343641464254,31.395637167266294],[77.96028791824776,31.40038839918269],[77.96209746891746,31.405109564131145],[77.95773151018875,31.415793111509583],[77.94690872754587,31.423575419275934],[77.93443152470874,31.422219580695838],[77.92659641580808,31.42336324741512],[77.92349156196613,31.43119576327278],[77.91647209789035,31.431385915383807],[77.9074541869641,31.441406696259314],[77.89674052908983,31.44537365645666],[77.89779611361492,31.450700713074987],[77.8946903713094,31.459894335340667],[77.88901596566454,31.46512854944881],[77.88143365276171,31.46953247486408],[77.88041795301002,31.47232616724024],[77.88172039586564,31.48944343314329],[77.8770386625368,31.49416976876982],[77.86912278858539,31.497529037545238],[77.86564973391323,31.50387456321913],[77.85854902194171,31.50959960654627],[77.83985006166975,31.505836813680983],[77.83905837537482,31.510892438262456],[77.84154050876904,31.51474053430805],[77.84264663173103,31.52302122912541],[77.8411532004126,31.529659707578016],[77.84139507659752,31.53783793750112],[77.83472995684676,31.555079878289714],[77.83391149225241,31.560149092860176],[77.83729666053911,31.581216568016032],[77.83235237201386,31.585604833075486],[77.82016298174064,31.60072195315111],[77.81888450425258,31.604540452394712],[77.81206234009038,31.60954415519909],[77.81162081629166,31.615747114600786],[77.8146933216723,31.61879835202496],[77.81834764682691,31.626873532462124],[77.82347666291113,31.634158907784226],[77.82090996927698,31.641971886149165],[77.81615073220776,31.643855636110146],[77.81693696804325,31.653590509737118],[77.81114847350068,31.66632072321054],[77.80467421658652,31.670650012714866],[77.79277007606888,31.67459343696692],[77.79340975426646,31.679130186969406],[77.78940045979128,31.688272669025665],[77.78492475222698,31.691619031671166],[77.7841274552918,31.695898595111764],[77.77470301892187,31.701047130774477],[77.77218691063361,31.70547686037145],[77.7653976594533,31.70475578633069],[77.75736905502482,31.707297309568837],[77.74788604115636,31.713364112883966]]]},"properties":{"District":"SHIMLA","STATE":"HIMACHAL PRADESH","TEHSIL":"RAMPUR","Shape_Leng":178819.438228,"Shape_Area":827431674.133}},
{"type":"Feature","geometry":{"type":"Polygon","coordinates":[[[77.74711835379716,31.30376031725732],[77.73739164868036,31.302481843757896],[77.73195067332524,31.30048372866854],[77.72565171112986,31.302309704931506],[77.71475640040079,31.30130664766538],[77.70844699827342,31.305995383963598],[77.69364391690458,31.312899133208656],[77.68348260834965,31.315469904869627],[77.67814622599889,31.315538833072843],[77.67265763540328,31.31306733309399],[77.66495066048391,31.30429809385228],[77.65954569744991,31.29293504668288],[77.65954737820161,31.28263074816331],[77.65655382735228,31.27499348120062],[77.64600148805907,31.27135367120345],[77.64329337767072,31.268427055310703],[77.63706456394081,31.26890463619931],[77.62849726280825,31.266714559620663],[77.62371061009407,31.262160786634453],[77.60929981022734,31.262180331847883],[77.60464889805466,31.260623959728886],[77.58891912403469,31.25957418309567],[77.58618720024164,31.249895701435612],[77.5822601552063,31.24723488511538],[77.58366156530143,31.236996284974214],[77.58634433384441,31.227780052012697],[77.5824788463924,31.22130835250661],[77.57813434935332,31.221404572080942],[77.57347854766121,31.217741116234475],[77.57596701688817,31.203231654498442],[77.58472702991538,31.19611652292575],[77.59194830450608,31.182180374185236],[77.59129594957622,31.17766024805629],[77.59362828097201,31.17233714696183],[77.60084273609979,31.16444791802396],[77.60194269282003,31.15927022498349],[77.6007242130068,31.15232665353148],[77.61528593615994,31.148208113145508],[77.62273099620305,31.147274891074957],[77.62597844971432,31.13716659283432],[77.62540626398662,31.1298773333956],[77.6320958875742,31.129091531256048],[77.64607578916946,31.1295497860995],[77.64955713784398,31.132675502104792],[77.66470924730837,31.13273786667563],[77.67633602699291,31.134706618773166],[77.68520299075611,31.134145677834383],[77.69180077770223,31.135909740022186],[77.69383128646896,31.145454585057408],[77.69885764033435,31.150162503993112],[77.7026457464493,31.156130540089023],[77.70028698239132,31.169816457423867],[77.71088925544679,31.16732764798462],[77.71887474674979,31.161492992531876],[77.72024976865788,31.156768330188047],[77.73357244823423,31.153027658568618],[77.73249980133295,31.15878258618119],[77.74100253967526,31.15228070695833],[77.74396922403723,31.145408989585146],[77.7487108327103,31.150260843800904],[77.75810385278811,31.15109880749798],[77.7600129059895,31.15375267534833],[77.7682924374745,31.158222025866568],[77.78279519371006,31.164254121701262],[77.79139894063329,31.16331306989743],[77.79388853102785,31.16626952345811],[77.79619641375702,31.173813213207232],[77.79390279471072,31.17991979060031],[77.79677509178987,31.18779370233102],[77.79789485740193,31.199944398565684],[77.80203576090068,31.2100559708105],[77.80027608303756,31.212939443493852],[77.80897234042601,31.218048396856055],[77.81785012506307,31.21670698324063],[77.82014893277238,31.214324854651846],[77.82590645566133,31.21507266812169],[77.81617050532238,31.225200022232777],[77.80211692103971,31.22772813497395],[77.79330973400953,31.237663089636115],[77.78303616758731,31.24186130058607],[77.78159424330075,31.251592496378382],[77.7829345879333,31.25562030747824],[77.77876484111788,31.257995076913733],[77.77739041351671,31.26579128693103],[77.77214805132064,31.27060749874873],[77.7650411579014,31.273486467751574],[77.76549731992424,31.277957098337613],[77.76115725320163,31.283470975591097],[77.75902681468423,31.289557826106375],[77.75537487472457,31.290603059671195],[77.74959063221112,31.29760405912032],[77.74711835379716,31.30376031725732]]]},"properties":{"District":"SHIMLA","STATE":"HIMACHAL PRADESH","TEHSIL":"ROHRU","Shape_Leng":84189.2264768,"Shape_Area":295446866.188}},
{"type":"Feature","geometry":{"type":"Polygon","coordinates":[[[77.28417791846685,31.133622526545338],[77.2776776359685,31.133875725292878],[77.27440410682814,31.13682310114567],[77.26034861091883,31.135179182874698],[77.25338712923669,31.13949539381792],[77.2563633875805,31.14467117420677],[77.24805078419752,31.151975187267485],[77.24861779583473,31.156235778139923],[77.24263251674913,31.165771790536002],[77.24343979627373,31.169711740084253],[77.23574473191965,31.169320246208247],[77.2282868536201,31.17808256655359],[77.22127241900893,31.181905557193932],[77.2139859833425,31.195568764021925],[77.20562661944255,31.199411163582656],[77.19503136631968,31.205678109192878],[77.19480373816872,31.202147359002332],[77.19062990695816,31.195501863180656],[77.1794883431784,31.19342091329824],[77.17490146721774,31.189576001545007],[77.17601297792692,31.186408592886476],[77.16814720911702,31.176141556714033],[77.16144895676155,31.17598779107334],[77.15635273129178,31.167624089790177],[77.14614406321913,31.17273206397462],[77.13612535467298,31.172039667753598],[77.13108794382357,31.170385299663575],[77.12811267773328,31.16541861966113],[77.12317890197698,31.162370377542366],[77.11795895223979,31.165045010744024],[77.11664457317617,31.17094047523244],[77.11228271583727,31.17247308715781],[77.10558965110029,31.17196024479172],[77.10375102672387,31.174090297513413],[77.10696757160936,31.179905216185087],[77.10401887192779,31.18390320719924],[77.09673688153563,31.187805331716163],[77.08531539592433,31.19201203661701],[77.07789051613955,31.19601687154787],[77.07304247265037,31.20213942077129],[77.06775237753642,31.199887487233475],[77.0636109601716,31.204647327455696],[77.04929147050008,31.21209917700093],[77.04262511152385,31.217842453346567],[77.04074376999246,31.223453161210205],[77.03498700584258,31.22350448346415],[77.02098567512132,31.22127080081002],[77.00878433513455,31.21342985423561],[77.00316430383641,31.204442303812893],[77.00233495951439,31.1942008260675],[77.0112892210112,31.187967836528472],[77.01277343488337,31.18513106935336],[77.02411825859684,31.179929773993482],[77.03328617296222,31.177708838603454],[77.03057853459893,31.174061151648107],[77.03157254832094,31.166818338546882],[77.03458561021723,31.15741334995079],[77.03484992792886,31.151484320754186],[77.03121604675088,31.151381542966128],[77.02525206785494,31.144694907879305],[77.02009745284269,31.14268907479626],[77.01581788904853,31.136623995100006],[77.010186838522,31.134640337724584],[77.00722945537294,31.128985347887834],[77.00987523974342,31.113629359499804],[77.00470674585341,31.110959947079696],[76.99418164857313,31.11561849570578],[76.9888718680702,31.113850386719058],[76.99063831751332,31.10828852307352],[76.99772859068268,31.103149845883028],[77.00467451346019,31.10382943262937],[77.01718642521998,31.109312775326373],[77.02165174859088,31.107634367361918],[77.02884198992807,31.111068161450813],[77.03380521291976,31.110053402998414],[77.04848392658296,31.114328323747632],[77.05059638768252,31.111567683412247],[77.0540857736612,31.099849874208736],[77.04345140157417,31.098577685223315],[77.03779564362051,31.09615320756924],[77.03389511812966,31.09210456682241],[77.02539878724475,31.08641516578562],[77.02615124613901,31.078969379136662],[77.0354610095326,31.07551254531906],[77.03591357535085,31.067029535584293],[77.04514664937247,31.070828353596653],[77.04557963958057,31.07784091719739],[77.05409244644879,31.084079181069917],[77.06579529561355,31.086239166445182],[77.07344956991648,31.07798576932282],[77.07730520443064,31.08339971593089],[77.0833710273828,31.08107793767891],[77.07905814895176,31.074162630575564],[77.083737060004,31.068274397526686],[77.08807846008585,31.066269122758783],[77.07993637243489,31.059387943840747],[77.07814653856181,31.055208476216137],[77.0698269945976,31.053900961343945],[77.06684732882691,31.047954144041828],[77.08634892713204,31.042517118888778],[77.08747132158143,31.038538695150788],[77.0964046247456,31.031487954313924],[77.10173386835622,31.029449937811687],[77.11317464286655,31.032037973275443],[77.11908667363274,31.03143283609794],[77.12383521801111,31.02624656035587],[77.12641214243807,31.02654165095133],[77.1351312221051,31.022627273993347],[77.14313376567597,31.016264293831952],[77.15151460785803,31.004790672385894],[77.15932294843043,31.0028285374045],[77.16440679572304,30.999859150388897],[77.1675019550561,31.00343596151461],[77.17101915060054,31.011576070120974],[77.18810166033758,31.004859689158774],[77.19747991050323,31.002892863372416],[77.20476211950682,30.99774023738066],[77.20672668623207,30.991107662368908],[77.21154999853263,30.98723945434759],[77.20702480238796,30.98133437328787],[77.20657093715755,30.97717704076982],[77.20155133265132,30.972224127691508],[77.20564178497399,30.966201466991315],[77.21878163144422,30.965449228903417],[77.2313838223191,30.961034697627678],[77.24326088229455,30.953882717018345],[77.24971124866167,30.9471596499404],[77.24641680098625,30.94184885649356],[77.23944700845463,30.939697014054584],[77.23946309437932,30.929861817942026],[77.24479505304548,30.927632309280035],[77.24742114963738,30.91745302823032],[77.25453774894144,30.92231886142876],[77.26284028394628,30.93018554749858],[77.2666068324031,30.93765513980703],[77.26515469978969,30.940386578777407],[77.27786423132972,30.947796603487173],[77.28084971698816,30.950581761908797],[77.29502709492824,30.951185970141555],[77.30295404541151,30.959235750723305],[77.29960903316781,30.963956393844086],[77.30145199361799,30.96752840710077],[77.31095987763993,30.970225241516253],[77.31373266591194,30.974683300948723],[77.31636546577207,30.97786524602149],[77.3158319458005,30.99068803495958],[77.30918503201005,30.99759969737482],[77.31495748800972,31.001739239541077],[77.31085413676783,31.006953498361334],[77.30511768018931,31.00595698666984],[77.30129248521007,31.0282264074181],[77.29819172155781,31.031426586456988],[77.29620788713346,31.038534093451897],[77.29093303536287,31.045175530948892],[77.29338974535267,31.05884356845498],[77.29245799563623,31.064221423592915],[77.29965417293499,31.070211863294002],[77.29791806469366,31.07464450722684],[77.29904307382138,31.084193509993675],[77.2834730569055,31.0888242011949],[77.27833994067849,31.08426702212207],[77.27224285421502,31.086904803889798],[77.27126627604538,31.09544386210132],[77.26689403891072,31.096796857696003],[77.26333606892425,31.10073216684101],[77.2650878427751,31.104994849758814],[77.27961893775962,31.112982429273583],[77.2841543655308,31.120490173697096],[77.28941292365747,31.12074908039413],[77.28936095297614,31.12777535150485],[77.28417791846685,31.133622526545338]]]},"properties":{"District":"SHIMLA","STATE":"HIMACHAL PRADESH","TEHSIL":"SHIMLA","Shape_Leng":155178.789862,"Shape_Area":488257032.257}},
{"type":"Feature","geometry":{"type":"Polygon","coordinates":[[[77.3658039351015,31.259552865162103],[77.36162810575694,31.2586344830783],[77.34394693227979,31.267219753940363],[77.34097392897854,31.2755750262314],[77.33346904700066,31.279554226023865],[77.32784315195403,31.28041649046219],[77.3194953557113,31.279174947424295],[77.31237183348044,31.280733276576328],[77.30555567423949,31.275612638329893],[77.30660289572545,31.269324916418036],[77.30307928486774,31.26715454895486],[77.2882312039457,31.2685431260785],[77.28214309596595,31.263952303165883],[77.27488284732397,31.267711089010746],[77.27291783828002,31.2726714293346],[77.2686017524836,31.2725993480951],[77.26588963489502,31.2678111920268],[77.25829895940544,31.2643678980124],[77.25058806915554,31.258940020734286],[77.24681364471644,31.251932437876825],[77.23192275448564,31.259962749643424],[77.219851471854,31.261273833154558],[77.21369543743845,31.252824075736303],[77.20333574092703,31.243696437138862],[77.1945867106014,31.243290046190538],[77.19040047913332,31.25430399771094],[77.18781710182826,31.253256977224073],[77.18211479890529,31.244317990858885],[77.16876050411015,31.234811903164722],[77.15668995950895,31.231977058221997],[77.14061422126137,31.23161245990835],[77.13588653222823,31.23021121659223],[77.12267670211529,31.23231718700416],[77.11977331597835,31.23536762050168],[77.10555657675373,31.240909034577182],[77.08489640227174,31.245145487788083],[77.07722637342039,31.249863029246526],[77.07376306319806,31.257986915965528],[77.0615983941649,31.259632580116804],[77.05440803039141,31.26760677748665],[77.04834422871198,31.267703914470783],[77.03068060056749,31.272775999606896],[77.01719885679363,31.259333038138156],[77.00934429457402,31.24985007772354],[77.00407394605152,31.24642753156928],[77.0049133324406,31.238075568218274],[77.01242348014715,31.234363564950602],[77.01262169245626,31.225551637733776],[77.02098567512132,31.22127080081002],[77.03498700584258,31.22350448346415],[77.04074376999246,31.223453161210205],[77.04262511152385,31.217842453346567],[77.04929147050008,31.21209917700093],[77.0636109601716,31.204647327455696],[77.06775237753642,31.199887487233475],[77.07304247265037,31.20213942077129],[77.07789051613955,31.19601687154787],[77.08531539592433,31.19201203661701],[77.09673688153563,31.187805331716163],[77.10401887192779,31.18390320719924],[77.10696757160936,31.179905216185087],[77.10375102672387,31.174090297513413],[77.10558965110029,31.17196024479172],[77.11228271583727,31.17247308715781],[77.11664457317617,31.17094047523244],[77.11795895223979,31.165045010744024],[77.12317890197698,31.162370377542366],[77.12811267773328,31.16541861966113],[77.13108794382357,31.170385299663575],[77.13612535467298,31.172039667753598],[77.14614406321913,31.17273206397462],[77.15635273129178,31.167624089790177],[77.16144895676155,31.17598779107334],[77.16814720911702,31.176141556714033],[77.17601297792692,31.186408592886476],[77.17490146721774,31.189576001545007],[77.1794883431784,31.19342091329824],[77.19062990695816,31.195501863180656],[77.19480373816872,31.202147359002332],[77.19503136631968,31.205678109192878],[77.20562661944255,31.199411163582656],[77.2139859833425,31.195568764021925],[77.22127241900893,31.181905557193932],[77.2282868536201,31.17808256655359],[77.23574473191965,31.169320246208247],[77.24343979627373,31.169711740084253],[77.24263251674913,31.165771790536002],[77.24861779583473,31.156235778139923],[77.24805078419752,31.151975187267485],[77.2563633875805,31.14467117420677],[77.25338712923669,31.13949539381792],[77.26034861091883,31.135179182874698],[77.27440410682814,31.13682310114567],[77.2776776359685,31.133875725292878],[77.28417791846685,31.133622526545338],[77.28333741575564,31.138355010781883],[77.27722711462432,31.143004406819596],[77.2842228304678,31.148666791052435],[77.2859639350049,31.159193105039293],[77.28280788155533,31.163033431724635],[77.28696872209368,31.172390772157712],[77.29288089514836,31.17788381452685],[77.28956186243117,31.185129381378875],[77.28221034699925,31.189614837111584],[77.28262897488757,31.19277979859404],[77.29592782030888,31.196217781201128],[77.30213275135408,31.200739998123378],[77.30991997804227,31.2028004082549],[77.31434838747319,31.206050183312914],[77.31918930082111,31.205492586145336],[77.32431405666821,31.208185522453277],[77.33054480537393,31.214992749083628],[77.3327975866253,31.22296001903581],[77.3360184724805,31.227050860775307],[77.3390070276356,31.236576463801054],[77.34716474273877,31.24132132990261],[77.35377354038891,31.247120737812914],[77.35439943163728,31.25164668408655],[77.36229027880483,31.25335180544332],[77.3658039351015,31.259552865162103]]]},"properties":{"District":"SHIMLA","STATE":"HIMACHAL PRADESH","TEHSIL":"SEONI","Shape_Leng":112210.79146,"Shape_Area":235636947.4}},
{"type":"Feature","geometry":{"type":"Polygon","coordinates":[[[77.47475101279537,31.199277816120155],[77.4644446092682,31.20111257501341],[77.45454247376166,31.205062353697834],[77.449001770287,31.20947422880336],[77.44808726248449,31.224710970817178],[77.44157512776655,31.22253729608976],[77.4262833941739,31.220212436982315],[77.42024199302206,31.223420683586316],[77.41616849848008,31.230311091674334],[77.4195352020786,31.24159226820614],[77.42514327651885,31.249154514270447],[77.42145989304022,31.251845341454377],[77.4149074189886,31.265927615415332],[77.4064912090544,31.26829954429009],[77.40076877701097,31.265882401033835],[77.39799922733823,31.26147612642157],[77.4016710123474,31.25579156744295],[77.39319374276404,31.250897808318335],[77.39196282681843,31.247731298385364],[77.38546251960538,31.245956128552567],[77.38088134088584,31.242348576529263],[77.37790711764707,31.244120659453284],[77.37777791051357,31.249879880888365],[77.37244079930329,31.250215595406427],[77.36682151316028,31.254966957884132],[77.3658039351015,31.259552865162103],[77.36229027880483,31.25335180544332],[77.35439943163728,31.25164668408655],[77.35377354038891,31.247120737812914],[77.34716474273877,31.24132132990261],[77.3390070276356,31.236576463801054],[77.3360184724805,31.227050860775307],[77.3327975866253,31.22296001903581],[77.33054480537393,31.214992749083628],[77.32431405666821,31.208185522453277],[77.31918930082111,31.205492586145336],[77.31434838747319,31.206050183312914],[77.30991997804227,31.2028004082549],[77.30213275135408,31.200739998123378],[77.29592782030888,31.196217781201128],[77.28262897488757,31.19277979859404],[77.28221034699925,31.189614837111584],[77.28956186243117,31.185129381378875],[77.29288089514836,31.17788381452685],[77.28696872209368,31.172390772157712],[77.28280788155533,31.163033431724635],[77.2859639350049,31.159193105039293],[77.2842228304678,31.148666791052435],[77.27722711462432,31.143004406819596],[77.28333741575564,31.138355010781883],[77.28417791846685,31.133622526545338],[77.28936095297614,31.12777535150485],[77.28941292365747,31.12074908039413],[77.2841543655308,31.120490173697096],[77.27961893775962,31.112982429273583],[77.2650878427751,31.104994849758814],[77.26333606892425,31.10073216684101],[77.26689403891072,31.096796857696003],[77.27126627604538,31.09544386210132],[77.27224285421502,31.086904803889798],[77.27833994067849,31.08426702212207],[77.2834730569055,31.0888242011949],[77.29904307382138,31.084193509993675],[77.29791806469366,31.07464450722684],[77.29965417293499,31.070211863294002],[77.29245799563623,31.064221423592915],[77.29338974535267,31.05884356845498],[77.29093303536287,31.045175530948892],[77.29620788713346,31.038534093451897],[77.29819172155781,31.031426586456988],[77.30129248521007,31.0282264074181],[77.30511768018931,31.00595698666984],[77.31085413676783,31.006953498361334],[77.31495748800972,31.001739239541077],[77.30918503201005,30.99759969737482],[77.3158319458005,30.99068803495958],[77.31636546577207,30.97786524602149],[77.31373266591194,30.974683300948723],[77.32149269171003,30.977194140007107],[77.32945766828436,30.98892664032599],[77.33542508118593,30.993308318010623],[77.33525506857252,30.9970789828432],[77.34289448194953,31.001785179837437],[77.3473411209257,30.99934704075908],[77.36392315273103,31.005245193029594],[77.37082231843677,31.00621313473255],[77.37604814656528,31.014342765595035],[77.3735070207009,31.016618558312555],[77.37785457036527,31.020926233104337],[77.38405531692467,31.01847713515911],[77.39130779521535,31.01336825930503],[77.39417832534761,31.01364363819845],[77.40700834375161,30.9991724869585],[77.41164240015853,30.996925396233543],[77.41666256062811,30.99921832374539],[77.42171552431779,30.995824071234694],[77.42595486782939,30.988499691917838],[77.4357939572754,30.984534266952068],[77.44171590278685,30.972391855296657],[77.44953846654154,30.97639207381044],[77.45484378654838,30.97704095132428],[77.4580509904816,30.981133534508366],[77.46646344242919,30.972683554412306],[77.47404830362306,30.974960415818977],[77.47090702187457,30.982255269271732],[77.46161229014272,30.99237267922954],[77.46787430971307,30.997928737459777],[77.46890004346677,31.010665190890442],[77.47190662351734,31.018316228299756],[77.47713975013808,31.023943221252903],[77.48568955127854,31.01841395175071],[77.49437678141494,31.01435370315435],[77.50213299260011,31.007626733278695],[77.51194968672625,31.002609398697793],[77.51949119858844,31.000125927581816],[77.52169050179435,31.010778073232956],[77.53096683779926,31.01702228271827],[77.53299062247899,31.028752807992333],[77.53087761434247,31.038673920945783],[77.53347657107885,31.042618242352177],[77.54002584039374,31.047619314390122],[77.53552370035072,31.05835770252652],[77.51741052257519,31.060691023324278],[77.51498222246897,31.062130375805623],[77.49991371616302,31.063822252459243],[77.4927248995861,31.075827703386558],[77.48238694965329,31.07890188018919],[77.48009066691358,31.092182600450432],[77.4710629340613,31.102074114516647],[77.46408729969679,31.10641531822579],[77.45634780588361,31.107895117490965],[77.4470134788358,31.1080180524955],[77.43892728444308,31.110566751115556],[77.44135146389468,31.117918335085516],[77.4489925427074,31.128692624770387],[77.45438624063458,31.134004123344386],[77.45206705899331,31.136930102248822],[77.45161914532805,31.145292590118263],[77.45508117370109,31.147765276559422],[77.46601386178638,31.152010297483944],[77.46509080319349,31.15948611980821],[77.47572283678257,31.167239971678576],[77.47049891249293,31.17989521864456],[77.4775686804658,31.192230147841247],[77.47475101279537,31.199277816120155]]]},"properties":{"District":"SHIMLA","STATE":"HIMACHAL PRADESH","TEHSIL":"THEOG","Shape_Leng":137021.448691,"Shape_Area":466732347.302}},
{"type":"Feature","geometry":{"type":"Polygon","coordinates":[[[77.37255302811872,30.689617002811907],[77.36341288805177,30.700101737135057],[77.36117209681244,30.705240325551248],[77.35270000454634,30.710707314303967],[77.34874809090235,30.709094411674336],[77.34390644458179,30.711208930902355],[77.33839914969988,30.71854771195834],[77.3319148312541,30.719696651673733],[77.32812417902572,30.71802839192266],[77.33128311932367,30.71063754585452],[77.32739329904184,30.708771220663284],[77.3157043957771,30.700104902440863],[77.31625860114129,30.692422969755107],[77.30529745449213,30.68358706307438],[77.29751714086248,30.68193642357921],[77.2948929644215,30.675290079462776],[77.2941534005415,30.667128583722143],[77.28610229924064,30.663385181026257],[77.28108057892885,30.664217018550556],[77.27753330952834,30.657112330811955],[77.27949510027628,30.65356771530661],[77.29202262819494,30.647410887084245],[77.2952229556801,30.64314620375184],[77.30181947753415,30.642549167671145],[77.3087626778912,30.644586364698945],[77.316015368537,30.638659283914528],[77.323280975147,30.638632398061297],[77.33219529540618,30.634171915730064],[77.33793771037489,30.638044575553497],[77.3426449942874,30.6349521109395],[77.34915075229642,30.63545788605717],[77.35438623644588,30.6322911549805],[77.35450384653466,30.623938266206903],[77.35810201371197,30.622012345144647],[77.36374867907686,30.623492826034884],[77.37060035662417,30.61432684436596],[77.3774807880463,30.61443774944906],[77.37792321856296,30.607969678271644],[77.36729018166024,30.60489271603952],[77.3658591702303,30.598749513269514],[77.36953724407452,30.593877270509115],[77.38103733626778,30.585680764755008],[77.38809253258049,30.579629887246252],[77.38780815883796,30.57237856372332],[77.38993730889088,30.57039220032312],[77.39110382790281,30.56236526096284],[77.38662103073541,30.558265421760147],[77.38169021401131,30.558086122083694],[77.38537709909765,30.552094787971793],[77.39221240111473,30.554225644118926],[77.4018575133732,30.5514045007238],[77.4053144635318,30.555637796191778],[77.41792231646026,30.559589249980675],[77.42492428064219,30.559029918158554],[77.4296734411328,30.562870380420332],[77.43615199452871,30.559452781820465],[77.4445396846805,30.56333908605269],[77.44924840272063,30.562727619543455],[77.4535080591136,30.56865713546789],[77.4505426575312,30.574359165172893],[77.45188356419908,30.5847457131963],[77.4551279146059,30.595170625184775],[77.4474115269239,30.595111750249536],[77.43985539494187,30.59704982204137],[77.4408389218687,30.605832122912567],[77.4398332237279,30.61172110695509],[77.44277377019945,30.619648775884635],[77.4373713100934,30.6289443144584],[77.43195565731406,30.633170267622347],[77.4224094418165,30.635186146979837],[77.42011403888299,30.639874950239744],[77.42290188473982,30.644055735855993],[77.41874053490292,30.64917007650953],[77.41547995555256,30.660045269489085],[77.40609335078292,30.66350704683314],[77.40422332117383,30.67047190834902],[77.40123406295955,30.673097026214528],[77.39017776612309,30.670528436039767],[77.38724134176556,30.674726997904735],[77.3911305378115,30.677773143153004],[77.37255302811872,30.689617002811907]]]},"properties":{"District":"SIRMAUR","STATE":"HIMACHAL PRADESH","TEHSIL":"DADAHU","Shape_Leng":68582.8917859,"Shape_Area":128608025.082}},
{"type":"Feature","geometry":{"type":"MultiPolygon","coordinates":[[[[77.5506147351498,30.574939029429125],[77.54326062750117,30.574144621057766],[77.54419025691426,30.569806522304795],[77.55461719791279,30.56932504457409],[77.5506147351498,30.574939029429125]]],[[[77.57793807479558,30.573954497214892],[77.57511969263635,30.57158118347322],[77.58089864714299,30.565200850484548],[77.59111763198014,30.568356963707924],[77.57793807479558,30.573954497214892]]],[[[77.51515185337145,30.586327861994246],[77.51392236845784,30.585815762839403],[77.5159054631068,30.579023088285364],[77.52341860632895,30.573508835380917],[77.52733463404029,30.572821101686472],[77.53323914331818,30.575471427380393],[77.52973595693244,30.580194281631364],[77.52293574777663,30.58453788999474],[77.51515185337145,30.586327861994246]]],[[[77.56978313784202,30.62424109529205],[77.56730713331352,30.62800432461589],[77.56029300960512,30.631719430812982],[77.55892146266324,30.62902384693269],[77.545538876955,30.624399292323297],[77.54658514524859,30.622203097461526],[77.54160724560154,30.615161219551506],[77.53440032075072,30.608457569078897],[77.53117919058816,30.602977598225323],[77.53896482847234,30.600356765938386],[77.5455339542995,30.604938576511753],[77.55063810220642,30.604858491021094],[77.55567429644175,30.6093199999223],[77.56111036905871,30.60978374723624],[77.56518756857214,30.61329740483423],[77.56978313784202,30.62424109529205]]],[[[77.78123998776765,30.64668144924092],[77.7812632148239,30.65466594845906],[77.77593233914422,30.655401414706493],[77.76454092193855,30.653696576208564],[77.76102302842666,30.65014091016716],[77.74927095119446,30.64215457686338],[77.74496141908327,30.641335922260232],[77.73298168507591,30.635338261745677],[77.72744737621606,30.63947339820285],[77.7203499369244,30.640378886844044],[77.7158183977119,30.639132073646728],[77.71447358030048,30.644222197686364],[77.7001728029339,30.644525603276055],[77.69369069024552,30.64914242284133],[77.67832202540444,30.64529093547223],[77.67318212521538,30.648037194840086],[77.66797647026141,30.64657576201707],[77.66072114619199,30.648958084294996],[77.65689541476051,30.645586010645015],[77.64795500955614,30.647976067812664],[77.64721671702745,30.650699252200862],[77.63416593961313,30.64926182914401],[77.6329277723407,30.655387882254004],[77.62578254850611,30.654042416388943],[77.62056169605818,30.650960143980512],[77.61920515540652,30.644373056316986],[77.61193033085574,30.64052443755217],[77.60998797916427,30.6368895468904],[77.59677183723393,30.637018568355476],[77.59801585832668,30.626432403838123],[77.58706340541437,30.622058067390302],[77.58270710177504,30.62350279198219],[77.57435335837371,30.621884874784012],[77.56792909089053,30.615743354282383],[77.5714280366823,30.611294699540096],[77.5691694546144,30.605820476700362],[77.56416688238846,30.609941883531846],[77.55552013209918,30.604242392335557],[77.56028152592263,30.5944442296976],[77.55837664184257,30.59137202405195],[77.56083013354365,30.585611208440447],[77.564767787386,30.58770935022817],[77.56778986563265,30.59280603467121],[77.57514796178653,30.590473613124335],[77.57616051108079,30.584506861768478],[77.57952790555609,30.580978575783497],[77.58810693960064,30.581621034452994],[77.5911392725324,30.57792713644257],[77.59702819090134,30.578549697214132],[77.60165741582357,30.576918304989288],[77.60689769548193,30.57884225909332],[77.60411007071117,30.584921243757183],[77.61416948354663,30.588766224927877],[77.61350830370708,30.577331946401905],[77.61118483876982,30.57422642831743],[77.61026826783396,30.56521977452876],[77.61579229434591,30.561806702223116],[77.62129137217288,30.56189782012759],[77.62667476795701,30.566810161715317],[77.63487788263801,30.55298807202589],[77.63713533496934,30.551547336877565],[77.64479594358008,30.552334951262477],[77.66267135517089,30.542462881620278],[77.66951151917714,30.53464360356351],[77.67239025332714,30.52896864721632],[77.68086269527535,30.52834282655197],[77.6886440999242,30.530949322780625],[77.69267351684469,30.534892211562248],[77.69402750963934,30.542123566432032],[77.69072574694376,30.548270198346966],[77.69409882627943,30.554336236059545],[77.70481269126049,30.561413495227118],[77.70989853175783,30.570590691977486],[77.70999658048946,30.578315728545615],[77.71384150729527,30.577334098818216],[77.71834775640536,30.57060291339915],[77.7220833172182,30.576702278887097],[77.71355033750686,30.583122014507925],[77.72220551538969,30.583340258627523],[77.72919706693213,30.587639909027477],[77.72434330669185,30.594233603999847],[77.72689644248267,30.596768794656988],[77.73381789766997,30.59436569791623],[77.73546656859759,30.598937775953146],[77.74334366164797,30.60127722653162],[77.74609904863395,30.603893821560476],[77.75236199162178,30.601845267879952],[77.75659830033466,30.6044239401361],[77.76435483445238,30.595921841617105],[77.77240690466907,30.598553322385108],[77.77056652206089,30.603404665432272],[77.77106998107823,30.61053104057146],[77.76905361370255,30.613930043951108],[77.78212728157868,30.612916176141074],[77.78671994776741,30.61430843555107],[77.79589833184743,30.613240866889406],[77.79254944412169,30.6209149425379],[77.78613713593867,30.6244241526215],[77.78605391902556,30.629935347387725],[77.79044747919521,30.633347959206407],[77.78638677411527,30.63670072031948],[77.78694070668229,30.641292299703256],[77.78123998776765,30.64668144924092]]]]},"properties":{"District":"SIRMAUR","STATE":"HIMACHAL PRADESH","TEHSIL":"KAMRAU","Shape_Leng":136620.96044,"Shape_Area":171350491.554}},
{"type":"Feature","geometry":{"type":"MultiPolygon","coordinates":[[[[77.32598186035771,30.492082932725115],[77.32222287119225,30.492444076666086],[77.31908243311752,30.476512865162174],[77.32710042432961,30.473092260577904],[77.32829584205774,30.477076276307205],[77.32554363523337,30.48403786909656],[77.32857081572915,30.49070535197319],[77.32598186035771,30.492082932725115]]],[[[77.38950600371102,30.441597357864772],[77.38453203242348,30.452976246333495],[77.38032929449966,30.453109158840714],[77.38218372237003,30.460702711342776],[77.38670865215676,30.462090961018713],[77.38314199440673,30.469994275506142],[77.37724509314485,30.470629453062514],[77.38098864803973,30.477257473701286],[77.37817881570098,30.488550076161527],[77.38070231803943,30.494640503900953],[77.3702964211223,30.50152587751425],[77.36922319705569,30.494551746410416],[77.36629607863978,30.488980953181734],[77.36871259047348,30.486240987233963],[77.36827197639617,30.47985586846917],[77.37156337871315,30.47173722697179],[77.37880830703055,30.464206877346886],[77.37974425985655,30.455864891265243],[77.37835533839309,30.453437887124043],[77.3841315915854,30.447530762568825],[77.38212701794917,30.441733962512036],[77.38950600371102,30.441597357864772]]],[[[77.3937618559087,30.510765935118325],[77.39336695957235,30.51876813164528],[77.38941893849446,30.5267855382387],[77.38379659438151,30.52525973307956],[77.39000380738358,30.51802511328172],[77.3937618559087,30.510765935118325]]],[[[77.32269642371725,30.542690455892497],[77.31397028011217,30.541647482078698],[77.306967987881,30.53530487812814],[77.30341734212539,30.529513144447606],[77.32195796196375,30.522631233847598],[77.33967552323827,30.513529736008387],[77.34903348713915,30.512688648213516],[77.36358730491762,30.508359647775325],[77.38297721704892,30.50897153430245],[77.3819898717025,30.512230745677844],[77.37537486989798,30.51509597065086],[77.36802399412278,30.512171834912486],[77.36122670001834,30.520764620479166],[77.35300735133801,30.516831791166517],[77.34431742398203,30.518108872287335],[77.34369475314895,30.520284450019375],[77.35024267673113,30.524492981013985],[77.34760407288731,30.529632631381787],[77.3372407100498,30.524946773704656],[77.32756822256339,30.524028924010402],[77.31028421526076,30.5279003770874],[77.3111617773575,30.53189423126806],[77.32045164005714,30.53193033790887],[77.31918233278711,30.537291536305464],[77.32269642371725,30.542690455892497]]],[[[77.33327553588975,30.54307871676447],[77.32668363442056,30.542996192001826],[77.32553809109464,30.537005151417645],[77.32962015286587,30.53459099323282],[77.33327553588975,30.54307871676447]]],[[[77.3053472526469,30.626530127752243],[77.29773695954866,30.626096842252167],[77.30154852130728,30.619142481300226],[77.30914867599517,30.62146085180493],[77.3053472526469,30.626530127752243]]],[[[77.28964239791382,30.638120953709397],[77.28338686518912,30.641097887011927],[77.28219023485188,30.635007453797108],[77.28970563628872,30.634860033064044],[77.28964239791382,30.638120953709397]]],[[[77.24816887576716,30.64941445840467],[77.23979547594594,30.651121518487525],[77.22680737214566,30.656042803722553],[77.219380631507,30.6615083204687],[77.20439373507861,30.6698087433462],[77.19976066546481,30.67488076585007],[77.19777521057077,30.68122048187974],[77.2013585665384,30.685535596601213],[77.19807354267265,30.691895342640855],[77.18904341351514,30.696306140626863],[77.18752085301952,30.69166302661862],[77.17902124895215,30.684120706506533],[77.16711880830096,30.683958216847007],[77.16045728749903,30.681859715645366],[77.16679696997016,30.674516905031023],[77.1679788882608,30.66362539090841],[77.162922082988,30.654933994649245],[77.16537257180339,30.646830149796923],[77.17070021100578,30.639595627770063],[77.17550074412543,30.638838692705274],[77.1713973740447,30.627547034154333],[77.17241758377683,30.622705996152686],[77.17062737682807,30.613229347755105],[77.17246205873343,30.609270190472166],[77.17080152956747,30.604367078923996],[77.17377382158998,30.600555039567084],[77.16389563713317,30.59368727738995],[77.16463712110011,30.59063346223308],[77.15731479873781,30.58390972367188],[77.15281891704399,30.583007864609236],[77.14829246594012,30.576847258214485],[77.14128230274345,30.578122276577485],[77.13571275152455,30.569878053945516],[77.12454648772136,30.565210055512008],[77.12362260830815,30.5599302714598],[77.126413676719,30.55823562412456],[77.13567915814768,30.543021761978967],[77.14575359170927,30.536244218740293],[77.15232150677406,30.534307167817648],[77.17034034115905,30.533370562202055],[77.17257778847535,30.53020774121063],[77.18118979958336,30.52787706396813],[77.18721563294288,30.523718746352312],[77.1950363812182,30.522571672681913],[77.196812062118,30.51728628547271],[77.20182719137715,30.51364258059486],[77.21303840066281,30.49638921882539],[77.2090687191238,30.482738063778605],[77.21141985278406,30.47188211906881],[77.21716190278421,30.471786423042865],[77.21313138840084,30.476472479688006],[77.21362891272177,30.48252431857917],[77.22013704528604,30.486568100412747],[77.22646601867746,30.487278913663186],[77.23020645662461,30.49443897780181],[77.23631326388056,30.49990339302522],[77.24796820720653,30.49927730645708],[77.25351781390304,30.50029946191079],[77.26942883111614,30.499974345992186],[77.27499059791919,30.503372402231957],[77.27931246285098,30.508373972077337],[77.28323222395227,30.505699970039007],[77.2894140430016,30.507129614920522],[77.29765890155055,30.501779974457833],[77.30589836147801,30.50660480095178],[77.30321123589755,30.515175846973815],[77.29908651962374,30.522315991218942],[77.28532663946942,30.52189135566004],[77.28306007745279,30.52894572246849],[77.279404457316,30.52957605830039],[77.27511573927944,30.534821487008212],[77.26654852973616,30.534270996004686],[77.25734534301388,30.539498762098777],[77.25426774750864,30.54819138695892],[77.26176316128765,30.546963225528398],[77.2608524791301,30.55326573229702],[77.26188745630554,30.560236390019735],[77.27147286459625,30.556924267635257],[77.27401368800976,30.559764875210398],[77.28147569731865,30.554007449478494],[77.27447980033405,30.551347958697797],[77.27803739782959,30.54709630155815],[77.28650907456418,30.54486801684151],[77.29462062897927,30.549490802256116],[77.29932233434975,30.548199111418036],[77.30704260850828,30.560629116402513],[77.30749060400565,30.567149715468968],[77.31879207667707,30.564515553026798],[77.32093523846788,30.571176278466826],[77.31062598232167,30.57462000239228],[77.30905984754014,30.578768481088126],[77.3155402743763,30.57912275361849],[77.3203448794688,30.583427182463673],[77.32188744210609,30.587992122630077],[77.3406460080965,30.58100777738188],[77.33150995564849,30.57852829285408],[77.32601798581976,30.57450112603201],[77.32697476284368,30.567611764240638],[77.33646865290432,30.559370073822368],[77.34081349977379,30.56036450425386],[77.34587136494017,30.558154730052905],[77.34620769071898,30.553066475680808],[77.35957663862766,30.55360292403426],[77.36095055943022,30.557329007728995],[77.36708695312876,30.55519207710414],[77.37432079251302,30.559383857030394],[77.3778494009563,30.558119822415698],[77.37538390273488,30.5525930820935],[77.38056670899249,30.550652211465465],[77.38169021401131,30.558086122083694],[77.38662103073541,30.558265421760147],[77.39110382790281,30.56236526096284],[77.38993730889088,30.57039220032312],[77.38780815883796,30.57237856372332],[77.38809253258049,30.579629887246252],[77.38103733626778,30.585680764755008],[77.36953724407452,30.593877270509115],[77.3658591702303,30.598749513269514],[77.36729018166024,30.60489271603952],[77.37792321856296,30.607969678271644],[77.3774807880463,30.61443774944906],[77.37060035662417,30.61432684436596],[77.36374867907686,30.623492826034884],[77.35810201371197,30.622012345144647],[77.35450384653466,30.623938266206903],[77.35438623644588,30.6322911549805],[77.34915075229642,30.63545788605717],[77.3426449942874,30.6349521109395],[77.33719738234065,30.63576011640297],[77.33287830572067,30.63106276411475],[77.32298118766997,30.628467409628392],[77.32309459747593,30.624935734800815],[77.31877379767015,30.6225290228272],[77.31300261552619,30.61501123479099],[77.30518933657353,30.61277027035318],[77.29409504259768,30.615208778887236],[77.29501240181384,30.618503581323115],[77.29240320634439,30.62484165011463],[77.28069545394915,30.630306685470416],[77.2748255724465,30.627563528352393],[77.2751415285712,30.634165687670873],[77.26833372079409,30.639321403306855],[77.26221761864092,30.638197356721875],[77.25781181984264,30.644660149487425],[77.25264536278063,30.64574365934198],[77.24816887576716,30.64941445840467]]]]},"properties":{"District":"SIRMAUR","STATE":"HIMACHAL PRADESH","TEHSIL":"NAHAN","Shape_Leng":261002.064083,"Shape_Area":283351911.946}},
{"type":"Feature","geometry":{"type":"Polygon","coordinates":[[[77.47677314973886,30.864987222316156],[77.46404189645008,30.864830610676908],[77.46099815756953,30.866789681827104],[77.45140132861987,30.863121972123743],[77.45170560446601,30.859683369185692],[77.4463739768392,30.853072325043712],[77.44298546683875,30.852845032220532],[77.43989750420457,30.846284578632183],[77.43799552765834,30.837239742916704],[77.42202668137932,30.826162394892034],[77.41622942032298,30.826974878447317],[77.40993117131814,30.830467622615327],[77.40780971959487,30.834267150095496],[77.40321550724983,30.830470659220634],[77.39630328573897,30.829711861779497],[77.39088835884934,30.821844999242078],[77.3850118161798,30.822439904801616],[77.37737210558055,30.819878167763452],[77.37513249226716,30.815054539242368],[77.36477738735381,30.816865647275172],[77.3621131079114,30.821243214649662],[77.3494851985367,30.821967951418586],[77.3503655837619,30.8168874183331],[77.35796283028351,30.812523493482576],[77.35984153503674,30.806276546705963],[77.35543828118414,30.798125762322346],[77.35777372722553,30.795341125883454],[77.34943144171874,30.791286978170632],[77.34725177164734,30.786593413980306],[77.35180850209761,30.782702595160867],[77.35197815022433,30.777659946564796],[77.34069353606792,30.772634515918217],[77.33432663873208,30.75754269439531],[77.32834110879742,30.752700753692015],[77.31546486150387,30.74508383160801],[77.31640316606875,30.740720943804785],[77.32396408352037,30.738397051788017],[77.32431096919457,30.731297460914572],[77.3280247518374,30.727188530708638],[77.3319148312541,30.719696651673733],[77.33839914969988,30.71854771195834],[77.34390644458179,30.711208930902355],[77.34874809090235,30.709094411674336],[77.35270000454634,30.710707314303967],[77.36117209681244,30.705240325551248],[77.36341288805177,30.700101737135057],[77.37255302811872,30.689617002811907],[77.38015454774636,30.69042032716999],[77.38786022630339,30.696377774967672],[77.39385342951161,30.69681969927776],[77.39532611107288,30.704716776728223],[77.40398113358135,30.707508879347053],[77.40970025405126,30.71092958313696],[77.40490064988427,30.718929824456833],[77.40527637968638,30.721391080009646],[77.41336306806609,30.723945287822055],[77.42004517620353,30.733521004660602],[77.42363746908498,30.733586005388627],[77.42878158700807,30.738615728851233],[77.43120557736995,30.735414672639752],[77.43555546569804,30.736712488242436],[77.44369452828875,30.729739520794666],[77.446663837323,30.735100706321685],[77.45136801254975,30.736225397395707],[77.45188641525932,30.7398812034375],[77.45709961821504,30.746997682862027],[77.45906240262809,30.754576435916682],[77.45698211406933,30.756392290784714],[77.45407775364356,30.76510676377374],[77.4590539193146,30.765991186269556],[77.46222844462565,30.7690692072617],[77.46898891348886,30.76624873581055],[77.47763781154576,30.76836388516594],[77.48477217587073,30.768341913378844],[77.48846982147131,30.766248912799245],[77.50408020116255,30.770162362950224],[77.5098707072168,30.773770154903154],[77.52253434099133,30.771370010481416],[77.52692724132885,30.773341096885662],[77.53261595714422,30.77914918945587],[77.52251677594013,30.783569446983783],[77.5211320978512,30.785797273366686],[77.51769263404138,30.789884678291408],[77.50710485582998,30.790808783733667],[77.50038871355237,30.794418172827054],[77.49248229544008,30.795196435504288],[77.49500756230559,30.800649913386795],[77.49366684478952,30.805127202357948],[77.49398800565527,30.81455629856866],[77.48924300569328,30.8169574988108],[77.49082972247909,30.83182309176134],[77.48985896203332,30.8381577362664],[77.49149791739717,30.842554300425117],[77.48465270005003,30.84852656731758],[77.47677314973886,30.864987222316156]]]},"properties":{"District":"SIRMAUR","STATE":"HIMACHAL PRADESH","TEHSIL":"NOHRA","Shape_Leng":79530.5846614,"Shape_Area":178959204.936}},
{"type":"Feature","geometry":{"type":"Polygon","coordinates":[[[77.31640316606875,30.740720943804785],[77.31172747171742,30.745471696568842],[77.31583757836104,30.752077907354373],[77.31335899553635,30.75909246055477],[77.30341315530003,30.761619174347484],[77.30020201357387,30.76519857133116],[77.30012458444659,30.770547544304666],[77.29678738416321,30.775728198504943],[77.29646391493436,30.7809334703912],[77.29233814465786,30.78294977884799],[77.29172067495824,30.787772336164267],[77.28699272812113,30.79466511674205],[77.28191899541548,30.797936963955514],[77.27525282447,30.807138177512332],[77.27100319115121,30.806520280406907],[77.26792014966529,30.802661596728385],[77.26416281046573,30.802353660981357],[77.25852634077437,30.810501042676574],[77.26162180381867,30.815176146347678],[77.25828761278966,30.818926093196843],[77.24883069322435,30.821447673699268],[77.24586102020035,30.82907515423947],[77.24728379125744,30.83158902894782],[77.24073005321607,30.842055464416845],[77.24004556790244,30.848429248981464],[77.23314336363373,30.84961443129124],[77.22878652074931,30.855128869923835],[77.23082567791081,30.866188147806557],[77.2239029719162,30.86815760830106],[77.22435638208691,30.874263226538613],[77.21757243445538,30.87545647527731],[77.21365264425208,30.878565860486933],[77.1964896056338,30.864797265642714],[77.18947244574703,30.864198878660805],[77.1868180145822,30.856905671365595],[77.18674320930992,30.850682061842015],[77.18094104100236,30.85074897955143],[77.17854506261024,30.846932435408206],[77.17292780888039,30.847927742638145],[77.16665144168242,30.842785608225128],[77.16115884372323,30.849498910116502],[77.15597855021615,30.8526621873787],[77.1546615937652,30.856127475477262],[77.14890713151354,30.856842243930714],[77.14304642547573,30.85297483457013],[77.13603053926526,30.856161978748872],[77.13453256399453,30.85410701375812],[77.11972696558666,30.852985120967695],[77.11473265999693,30.851199186714535],[77.11577343691573,30.843026278886462],[77.1070919855164,30.83866364323993],[77.10508424031158,30.833212718911422],[77.09950774057518,30.833230679785977],[77.09398044548908,30.830086895308998],[77.08783473670229,30.830456510166112],[77.08716371030317,30.822402176218],[77.08886959217095,30.819194462651],[77.08616317672558,30.81392415736723],[77.08615834326618,30.80848511637841],[77.08283997421749,30.801916256870022],[77.08373039024383,30.79248981110402],[77.07886779289034,30.787414559836645],[77.06276176704651,30.77827714946508],[77.05954928362813,30.778107290726066],[77.051946657733,30.773140606634108],[77.04924456343092,30.76971857208207],[77.03600764498677,30.7642884370067],[77.0313585644707,30.761484434573706],[77.02862471352243,30.753128024830065],[77.02388710211659,30.748370925299717],[77.02021595113254,30.741451303906118],[77.02700100984039,30.73686616808488],[77.03350183763527,30.740293822494593],[77.04356705934369,30.740707746667194],[77.04378180000955,30.74685838893345],[77.04162196340047,30.75019566377352],[77.04845299746383,30.752820194721483],[77.0554745701969,30.745426840720416],[77.06258348692639,30.745678531670475],[77.06697892189143,30.741298667113917],[77.0780155945448,30.744007806685865],[77.08601619762278,30.74379366748392],[77.09508916867044,30.741541777926585],[77.10174342638123,30.73376415497459],[77.11536587296533,30.726198391386834],[77.11401814605976,30.71802434401491],[77.11923734071685,30.718447461671946],[77.12327332507877,30.721322385745644],[77.12795566784439,30.716098773194588],[77.12884833386232,30.71074852846994],[77.1376071894268,30.70618477799061],[77.14219182742904,30.699464289770702],[77.14787698467431,30.699467682344544],[77.1548337305537,30.69260245586287],[77.16120662687707,30.690931332612273],[77.16711880830096,30.683958216847007],[77.17902124895215,30.684120706506533],[77.18752085301952,30.69166302661862],[77.18904341351514,30.696306140626863],[77.19807354267265,30.691895342640855],[77.2013585665384,30.685535596601213],[77.19777521057077,30.68122048187974],[77.19976066546481,30.67488076585007],[77.20439373507861,30.6698087433462],[77.219380631507,30.6615083204687],[77.22680737214566,30.656042803722553],[77.23979547594594,30.651121518487525],[77.24816887576716,30.64941445840467],[77.25617721069437,30.651802787977513],[77.2690016136274,30.64694657958623],[77.27161023824902,30.65266893766765],[77.27753330952834,30.657112330811955],[77.28108057892885,30.664217018550556],[77.28610229924064,30.663385181026257],[77.2941534005415,30.667128583722143],[77.2948929644215,30.675290079462776],[77.29751714086248,30.68193642357921],[77.30529745449213,30.68358706307438],[77.31625860114129,30.692422969755107],[77.3157043957771,30.700104902440863],[77.32739329904184,30.708771220663284],[77.33128311932367,30.71063754585452],[77.32812417902572,30.71802839192266],[77.3319148312541,30.719696651673733],[77.3280247518374,30.727188530708638],[77.32431096919457,30.731297460914572],[77.32396408352037,30.738397051788017],[77.31640316606875,30.740720943804785]]]},"properties":{"District":"SIRMAUR","STATE":"HIMACHAL PRADESH","TEHSIL":"PACHHAD","Shape_Leng":109219.802142,"Shape_Area":380926846.822}},
{"type":"Feature","geometry":{"type":"Polygon","coordinates":[[[77.22708361653429,30.899879310950812],[77.2215058036122,30.903257850190844],[77.21545716167283,30.902131622801424],[77.21388964071858,30.895761783761312],[77.20646048747922,30.889536666391066],[77.20781805881727,30.883748221704177],[77.21365264425208,30.878565860486933],[77.21757243445538,30.87545647527731],[77.22435638208691,30.874263226538613],[77.2239029719162,30.86815760830106],[77.23082567791081,30.866188147806557],[77.22878652074931,30.855128869923835],[77.23314336363373,30.84961443129124],[77.24004556790244,30.848429248981464],[77.24073005321607,30.842055464416845],[77.24728379125744,30.83158902894782],[77.24586102020035,30.82907515423947],[77.24883069322435,30.821447673699268],[77.25828761278966,30.818926093196843],[77.26162180381867,30.815176146347678],[77.25852634077437,30.810501042676574],[77.26416281046573,30.802353660981357],[77.26792014966529,30.802661596728385],[77.27100319115121,30.806520280406907],[77.27525282447,30.807138177512332],[77.28191899541548,30.797936963955514],[77.28699272812113,30.79466511674205],[77.29172067495824,30.787772336164267],[77.29233814465786,30.78294977884799],[77.29646391493436,30.7809334703912],[77.29678738416321,30.775728198504943],[77.30012458444659,30.770547544304666],[77.30020201357387,30.76519857133116],[77.30341315530003,30.761619174347484],[77.31335899553635,30.75909246055477],[77.31583757836104,30.752077907354373],[77.31172747171742,30.745471696568842],[77.31640316606875,30.740720943804785],[77.31546486150387,30.74508383160801],[77.32834110879742,30.752700753692015],[77.33432663873208,30.75754269439531],[77.34069353606792,30.772634515918217],[77.35197815022433,30.777659946564796],[77.35180850209761,30.782702595160867],[77.34725177164734,30.786593413980306],[77.34943144171874,30.791286978170632],[77.35777372722553,30.795341125883454],[77.35543828118414,30.798125762322346],[77.35984153503674,30.806276546705963],[77.35796283028351,30.812523493482576],[77.3503655837619,30.8168874183331],[77.3494851985367,30.821967951418586],[77.3621131079114,30.821243214649662],[77.36477738735381,30.816865647275172],[77.37513249226716,30.815054539242368],[77.37737210558055,30.819878167763452],[77.3850118161798,30.822439904801616],[77.39088835884934,30.821844999242078],[77.39630328573897,30.829711861779497],[77.40321550724983,30.830470659220634],[77.40780971959487,30.834267150095496],[77.40993117131814,30.830467622615327],[77.41622942032298,30.826974878447317],[77.42202668137932,30.826162394892034],[77.43799552765834,30.837239742916704],[77.43989750420457,30.846284578632183],[77.44298546683875,30.852845032220532],[77.4463739768392,30.853072325043712],[77.45170560446601,30.859683369185692],[77.45140132861987,30.863121972123743],[77.442935574608,30.871538622122145],[77.43571845711116,30.874764765304604],[77.42100846658435,30.870565614487607],[77.40337268502219,30.87546998517632],[77.39898373349881,30.874969431563954],[77.39110131787943,30.876829056446756],[77.38172093547968,30.88097012852409],[77.3799032839385,30.886567732999765],[77.37129580476207,30.889262656494815],[77.37006784928215,30.894930592466082],[77.3600377448531,30.89785870474563],[77.34191005436747,30.904938889399418],[77.33910466747336,30.90289880005242],[77.34124294599047,30.89825253658446],[77.3371602670842,30.891331531265905],[77.33300005078165,30.895071982107037],[77.32803448326956,30.892766679774418],[77.320563334373,30.89336721239681],[77.31401861497402,30.89741510415972],[77.31039960602116,30.89419024191555],[77.30515599133216,30.89636746935734],[77.30122945890373,30.89338217658476],[77.29224542363042,30.89010606891071],[77.29350552853722,30.886608009056353],[77.29912039112864,30.887853453227446],[77.30488372736532,30.88640127695748],[77.3029435799086,30.87474776970112],[77.29770751305644,30.868978241541303],[77.29091526174548,30.8739275624806],[77.28595423197258,30.870705000593507],[77.28558791897647,30.86707084727142],[77.27548321359987,30.854803220808456],[77.27142857973905,30.855470261718942],[77.26783884534294,30.86167892578628],[77.2710336379893,30.869289493601944],[77.26183938758464,30.877850245401902],[77.25789805103761,30.87630222318763],[77.25466657332306,30.88218963106924],[77.2510323544884,30.884154027342735],[77.24978315076092,30.89041616646387],[77.24644835203766,30.89511290637947],[77.22708361653429,30.899879310950812]]]},"properties":{"District":"SIRMAUR","STATE":"HIMACHAL PRADESH","TEHSIL":"RAJGARH","Shape_Leng":98037.471877,"Shape_Area":178556218.442}},
{"type":"Feature","geometry":{"type":"Polygon","coordinates":[[[77.44171590278685,30.972391855296657],[77.4357939572754,30.984534266952068],[77.42595486782939,30.988499691917838],[77.42171552431779,30.995824071234694],[77.41666256062811,30.99921832374539],[77.41164240015853,30.996925396233543],[77.40700834375161,30.9991724869585],[77.39417832534761,31.01364363819845],[77.39130779521535,31.01336825930503],[77.38405531692467,31.01847713515911],[77.37785457036527,31.020926233104337],[77.3735070207009,31.016618558312555],[77.37604814656528,31.014342765595035],[77.37082231843677,31.00621313473255],[77.36392315273103,31.005245193029594],[77.3473411209257,30.99934704075908],[77.34289448194953,31.001785179837437],[77.33525506857252,30.9970789828432],[77.33542508118593,30.993308318010623],[77.32945766828436,30.98892664032599],[77.32149269171003,30.977194140007107],[77.31373266591194,30.974683300948723],[77.31095987763993,30.970225241516253],[77.30145199361799,30.96752840710077],[77.29960903316781,30.963956393844086],[77.30295404541151,30.959235750723305],[77.29502709492824,30.951185970141555],[77.28084971698816,30.950581761908797],[77.27786423132972,30.947796603487173],[77.26515469978969,30.940386578777407],[77.2666068324031,30.93765513980703],[77.26284028394628,30.93018554749858],[77.25453774894144,30.92231886142876],[77.24742114963738,30.91745302823032],[77.2396076139454,30.913855374206634],[77.23613394229055,30.905153155388753],[77.23090328274624,30.900639206005017],[77.22708361653429,30.899879310950812],[77.24644835203766,30.89511290637947],[77.24978315076092,30.89041616646387],[77.2510323544884,30.884154027342735],[77.25466657332306,30.88218963106924],[77.25789805103761,30.87630222318763],[77.26183938758464,30.877850245401902],[77.2710336379893,30.869289493601944],[77.26783884534294,30.86167892578628],[77.27142857973905,30.855470261718942],[77.27548321359987,30.854803220808456],[77.28558791897647,30.86707084727142],[77.28595423197258,30.870705000593507],[77.29091526174548,30.8739275624806],[77.29770751305644,30.868978241541303],[77.3029435799086,30.87474776970112],[77.30488372736532,30.88640127695748],[77.29912039112864,30.887853453227446],[77.29350552853722,30.886608009056353],[77.29224542363042,30.89010606891071],[77.30122945890373,30.89338217658476],[77.30515599133216,30.89636746935734],[77.31039960602116,30.89419024191555],[77.31401861497402,30.89741510415972],[77.320563334373,30.89336721239681],[77.32803448326956,30.892766679774418],[77.33300005078165,30.895071982107037],[77.3371602670842,30.891331531265905],[77.34124294599047,30.89825253658446],[77.33910466747336,30.90289880005242],[77.34191005436747,30.904938889399418],[77.3600377448531,30.89785870474563],[77.37006784928215,30.894930592466082],[77.37129580476207,30.889262656494815],[77.3799032839385,30.886567732999765],[77.38172093547968,30.88097012852409],[77.39110131787943,30.876829056446756],[77.39898373349881,30.874969431563954],[77.40337268502219,30.87546998517632],[77.42100846658435,30.870565614487607],[77.43571845711116,30.874764765304604],[77.43510943505072,30.877504670640263],[77.43851507368322,30.884758628724708],[77.43629453400766,30.89322208690235],[77.43266476864208,30.8989527866524],[77.4274768192052,30.90251033870514],[77.42254380426475,30.918924423699593],[77.4223171723788,30.92567631550213],[77.41942587596523,30.929649970278575],[77.43162043753772,30.936532314156512],[77.44322516870423,30.94477330544623],[77.44461946896786,30.951417823881943],[77.44112678109873,30.959174082880686],[77.44347042970263,30.96584208689043],[77.44171590278685,30.972391855296657]]]},"properties":{"District":"SIRMAUR","STATE":"HIMACHAL PRADESH","TEHSIL":"RONHAT","Shape_Leng":86114.7321399,"Shape_Area":192234215.689}},
{"type":"Feature","geometry":{"type":"Polygon","coordinates":[[[77.5683771896065,30.77759463224728],[77.55526104716249,30.778467768954037],[77.55228002295387,30.77508907895527],[77.54671773846715,30.774260298860963],[77.54515773894981,30.77827170506213],[77.5504474930559,30.78714284304891],[77.54966697753046,30.798686986045116],[77.53637353320273,30.80111943966569],[77.52750299069132,30.796459880115272],[77.5211320978512,30.785797273366686],[77.52251677594013,30.783569446983783],[77.53261595714422,30.77914918945587],[77.52692724132885,30.773341096885662],[77.52253434099133,30.771370010481416],[77.5098707072168,30.773770154903154],[77.50408020116255,30.770162362950224],[77.48846982147131,30.766248912799245],[77.48477217587073,30.768341913378844],[77.47763781154576,30.76836388516594],[77.46898891348886,30.76624873581055],[77.46222844462565,30.7690692072617],[77.4590539193146,30.765991186269556],[77.45407775364356,30.76510676377374],[77.45698211406933,30.756392290784714],[77.45906240262809,30.754576435916682],[77.45709961821504,30.746997682862027],[77.45188641525932,30.7398812034375],[77.45136801254975,30.736225397395707],[77.446663837323,30.735100706321685],[77.44369452828875,30.729739520794666],[77.43555546569804,30.736712488242436],[77.43120557736995,30.735414672639752],[77.42878158700807,30.738615728851233],[77.42363746908498,30.733586005388627],[77.42004517620353,30.733521004660602],[77.41336306806609,30.723945287822055],[77.40527637968638,30.721391080009646],[77.40490064988427,30.718929824456833],[77.40970025405126,30.71092958313696],[77.40398113358135,30.707508879347053],[77.39532611107288,30.704716776728223],[77.39385342951161,30.69681969927776],[77.38786022630339,30.696377774967672],[77.38015454774636,30.69042032716999],[77.37255302811872,30.689617002811907],[77.3911305378115,30.677773143153004],[77.38724134176556,30.674726997904735],[77.39017776612309,30.670528436039767],[77.40123406295955,30.673097026214528],[77.40422332117383,30.67047190834902],[77.40609335078292,30.66350704683314],[77.41547995555256,30.660045269489085],[77.41874053490292,30.64917007650953],[77.42290188473982,30.644055735855993],[77.42011403888299,30.639874950239744],[77.4224094418165,30.635186146979837],[77.43195565731406,30.633170267622347],[77.4373713100934,30.6289443144584],[77.44277377019945,30.619648775884635],[77.4398332237279,30.61172110695509],[77.4408389218687,30.605832122912567],[77.43985539494187,30.59704982204137],[77.4474115269239,30.595111750249536],[77.4551279146059,30.595170625184775],[77.4608253286181,30.589458834108296],[77.46648390437284,30.586646986755213],[77.4751864777916,30.590241501572983],[77.47990060683613,30.59050378437331],[77.48423332469886,30.587452473655837],[77.4929948640189,30.58400545092712],[77.49990113614669,30.587902841086475],[77.51199195228598,30.58817142886768],[77.51392236845784,30.585815762839403],[77.51515185337145,30.586327861994246],[77.52038238760646,30.594461242980934],[77.52675720523406,30.594210059961704],[77.53117919058816,30.602977598225323],[77.53440032075072,30.608457569078897],[77.54160724560154,30.615161219551506],[77.54658514524859,30.622203097461526],[77.545538876955,30.624399292323297],[77.55892146266324,30.62902384693269],[77.56029300960512,30.631719430812982],[77.56730713331352,30.62800432461589],[77.56978313784202,30.62424109529205],[77.57435335837371,30.621884874784012],[77.58270710177504,30.62350279198219],[77.58706340541437,30.622058067390302],[77.59801585832668,30.626432403838123],[77.59677183723393,30.637018568355476],[77.60998797916427,30.6368895468904],[77.61193033085574,30.64052443755217],[77.60506382931793,30.648543719000465],[77.5995132448101,30.64849732942318],[77.58768522437545,30.655014198593847],[77.58062552991217,30.655650261267628],[77.57644265914848,30.652313507397565],[77.5701043435415,30.652300915654862],[77.56233071709408,30.649457458650645],[77.55805073190814,30.649935903620438],[77.55426348886094,30.65541826966488],[77.5522848879478,30.66249832756388],[77.55344945094235,30.666358434263277],[77.55145890664507,30.671386509696468],[77.55149021584397,30.679630604506237],[77.54552026665115,30.682334726615075],[77.54607003343402,30.68730695076762],[77.55207870644473,30.693180566927182],[77.56047402094514,30.694668896721794],[77.56763435567787,30.69377190073166],[77.57767980408514,30.69449424473198],[77.59252744872452,30.699586650446527],[77.60030174559056,30.69836480573374],[77.60432515889102,30.699960685962225],[77.60250278581914,30.709882018323217],[77.59982252116065,30.716212850583393],[77.60240548644255,30.721937518676622],[77.59993884541248,30.730770343389047],[77.60527562114856,30.737623093780268],[77.59958871122292,30.74335006851063],[77.59483988218008,30.74551412058236],[77.59446021430885,30.750846663261367],[77.57816174804564,30.761198425094083],[77.57038678738449,30.771172674869618],[77.5683771896065,30.77759463224728]]]},"properties":{"District":"SIRMAUR","STATE":"HIMACHAL PRADESH","TEHSIL":"RENUKA","Shape_Leng":104518.823706,"Shape_Area":289516350.082}},
{"type":"Feature","geometry":{"type":"Polygon","coordinates":[[[77.66541749311169,30.802767178557083],[77.66066944015809,30.805050277485844],[77.6464709986751,30.8046980286607],[77.63684135570382,30.809404412829014],[77.63323067119134,30.808596773228427],[77.624252509356,30.809988809087486],[77.62173005889515,30.808566834430717],[77.61810348108794,30.798725663855482],[77.61990257905389,30.79413053483656],[77.61137188748197,30.79257905540519],[77.60755134861091,30.789837075284243],[77.60410153369749,30.78284478477314],[77.59847203594035,30.779732109720133],[77.59029227868298,30.778073904189345],[77.58234237685193,30.778957724235955],[77.57942361601887,30.77741034888132],[77.57057378883285,30.778942454068833],[77.5683771896065,30.77759463224728],[77.57038678738449,30.771172674869618],[77.57816174804564,30.761198425094083],[77.59446021430885,30.750846663261367],[77.59483988218008,30.74551412058236],[77.59958871122292,30.74335006851063],[77.60527562114856,30.737623093780268],[77.59993884541248,30.730770343389047],[77.60240548644255,30.721937518676622],[77.59982252116065,30.716212850583393],[77.60250278581914,30.709882018323217],[77.60432515889102,30.699960685962225],[77.60030174559056,30.69836480573374],[77.59252744872452,30.699586650446527],[77.57767980408514,30.69449424473198],[77.56763435567787,30.69377190073166],[77.56047402094514,30.694668896721794],[77.55207870644473,30.693180566927182],[77.54607003343402,30.68730695076762],[77.54552026665115,30.682334726615075],[77.55149021584397,30.679630604506237],[77.55145890664507,30.671386509696468],[77.55344945094235,30.666358434263277],[77.5522848879478,30.66249832756388],[77.55426348886094,30.65541826966488],[77.55805073190814,30.649935903620438],[77.56233071709408,30.649457458650645],[77.5701043435415,30.652300915654862],[77.57644265914848,30.652313507397565],[77.58062552991217,30.655650261267628],[77.58768522437545,30.655014198593847],[77.5995132448101,30.64849732942318],[77.60506382931793,30.648543719000465],[77.61193033085574,30.64052443755217],[77.61920515540652,30.644373056316986],[77.62056169605818,30.650960143980512],[77.62578254850611,30.654042416388943],[77.6329277723407,30.655387882254004],[77.63416593961313,30.64926182914401],[77.64721671702745,30.650699252200862],[77.64795500955614,30.647976067812664],[77.65689541476051,30.645586010645015],[77.66072114619199,30.648958084294996],[77.66797647026141,30.64657576201707],[77.67318212521538,30.648037194840086],[77.67832202540444,30.64529093547223],[77.69369069024552,30.64914242284133],[77.7001728029339,30.644525603276055],[77.71447358030048,30.644222197686364],[77.7158183977119,30.639132073646728],[77.7203499369244,30.640378886844044],[77.72744737621606,30.63947339820285],[77.73298168507591,30.635338261745677],[77.74496141908327,30.641335922260232],[77.74927095119446,30.64215457686338],[77.76102302842666,30.65014091016716],[77.76454092193855,30.653696576208564],[77.77593233914422,30.655401414706493],[77.7812632148239,30.65466594845906],[77.78123998776765,30.64668144924092],[77.78686583726142,30.65498487171041],[77.79249304732303,30.656932342147826],[77.79135215504809,30.661144012691523],[77.78119055873397,30.659969012034086],[77.77384409467324,30.665862638370935],[77.77330397540584,30.668527713589498],[77.76421268628437,30.670824902733916],[77.75839928536601,30.676083053528515],[77.74740736215364,30.679850688137957],[77.74837819083247,30.686645968829033],[77.74668298567683,30.69351971342258],[77.75257853050984,30.696647056130864],[77.75206109738272,30.703279554220615],[77.75582050592372,30.706924791556325],[77.74746065962063,30.7124746306538],[77.74581469712666,30.720350598833928],[77.73619374515212,30.724859362559595],[77.73745696465687,30.729684638919448],[77.73297657836211,30.735367959166787],[77.72835711246032,30.734144811523766],[77.72311177670952,30.7406773351494],[77.70740323276883,30.740330986845837],[77.70243378772955,30.74626588991928],[77.70585519859904,30.75143810476782],[77.70590148780059,30.75741596714487],[77.70381226209203,30.764039026747135],[77.69320021709459,30.770912086992528],[77.68881370744748,30.776157922559193],[77.68450380829559,30.778286876853173],[77.68743815498023,30.784711389578987],[77.68319404754953,30.79028541357308],[77.67621191535105,30.790651302887046],[77.66541749311169,30.802767178557083]]]},"properties":{"District":"SIRMAUR","STATE":"HIMACHAL PRADESH","TEHSIL":"SHALAI","Shape_Leng":93720.6680184,"Shape_Area":237306828.964}},
{"type":"Feature","geometry":{"type":"Polygon","coordinates":[[[76.920215959377,31.36532650817358],[76.9128353311357,31.362647780406128],[76.90447510304185,31.36155961129861],[76.8993118121507,31.363864557127776],[76.89605252172993,31.359961199674157],[76.88716161549156,31.35910141032059],[76.88129891703896,31.353224702739144],[76.87543486576884,31.350646642473457],[76.87332516724892,31.346676983343713],[76.88042427266167,31.340407565718504],[76.882823985413,31.335597998401976],[76.8793244665535,31.331798317116544],[76.8750650332396,31.330798387175374],[76.87740474427484,31.32754868295025],[76.89077302852357,31.320749340131478],[76.8936226779156,31.316639713019793],[76.90330142105806,31.3140399835615],[76.91277016908455,31.315669882725945],[76.91793951285372,31.3116002626969],[76.91917939069572,31.304640878657136],[76.92774826872773,31.30409096684458],[76.92127917681651,31.293921832294217],[76.91719973371887,31.290332130089542],[76.91604991080095,31.286222485481797],[76.90857092304643,31.281262889085937],[76.89995205675494,31.281212855231846],[76.89174317538085,31.274243431622082],[76.89480278729266,31.272003641324535],[76.89356299037331,31.26491425946367],[76.88638393223259,31.265384186747692],[76.88265444516962,31.261484513482895],[76.87263575520997,31.262404387813813],[76.8699061494816,31.256224920514025],[76.87051609565842,31.251925298874873],[76.86587674207586,31.245465847766525],[76.86838645659992,31.237926521382096],[76.87587551078398,31.231687101107106],[76.87420575297615,31.227637451701153],[76.87835525125894,31.220318111577964],[76.87357588503251,31.219298179126024],[76.85564823878502,31.21933809815466],[76.85026891844161,31.223917671521257],[76.84847913081414,31.22775732863641],[76.84259990686911,31.22717735444644],[76.84024019572077,31.2308470197701],[76.83263120001595,31.22936711861347],[76.82645226566763,31.223679425339775],[76.83170977376025,31.21298723892404],[76.84362370895525,31.198413306854093],[76.84967048884398,31.18647427355697],[76.85112229825529,31.170425894596576],[76.85727186490209,31.16512944564896],[76.85853332794191,31.159665029483513],[76.856443369268,31.147594657751856],[76.86030489752518,31.142399139499286],[76.86526337979299,31.132392755414283],[76.8713635725834,31.13012601399493],[76.87519489937088,31.13088297846312],[76.88016931297693,31.127397114489554],[76.88100180628108,31.123965890328844],[76.8882837157553,31.11453796953552],[76.88215290144866,31.108674392971814],[76.87904190640009,31.102646421428087],[76.88757169304304,31.08700069917257],[76.89396740301889,31.07714386434996],[76.90298523312795,31.079657683699043],[76.90749958236245,31.076652909038195],[76.91541375147519,31.068022027377285],[76.91917328438578,31.070640151730917],[76.93255838879507,31.072393110682626],[76.93570637544737,31.065932097079497],[76.93478640507496,31.054932281304968],[76.9395178513406,31.05314860683465],[76.94050073941516,31.056238359472147],[76.95867375263549,31.054648898531255],[76.96876186957752,31.058142234426196],[76.97406862466606,31.058595228527],[76.97433937847366,31.064204648848808],[76.97139991479122,31.065543411264866],[76.98235800048056,31.076170397108566],[76.99467596101397,31.082604671091847],[76.99959103528214,31.084320734019723],[76.99783544375784,31.093858891581174],[76.99476933670456,31.101277479171475],[76.99102700668617,31.10525938224432],[76.98486846166465,31.106395306786908],[76.98547018810858,31.11339909983496],[76.9888718680702,31.113850386719058],[76.99418164857313,31.11561849570578],[77.00470674585341,31.110959947079696],[77.00987523974342,31.113629359499804],[77.00722945537294,31.128985347887834],[77.010186838522,31.134640337724584],[77.01581788904853,31.136623995100006],[77.02009745284269,31.14268907479626],[77.02525206785494,31.144694907879305],[77.03121604675088,31.151381542966128],[77.03484992792886,31.151484320754186],[77.03458561021723,31.15741334995079],[77.03157254832094,31.166818338546882],[77.03057853459893,31.174061151648107],[77.03328617296222,31.177708838603454],[77.02411825859684,31.179929773993482],[77.01277343488337,31.18513106935336],[77.0112892210112,31.187967836528472],[77.00233495951439,31.1942008260675],[77.00316430383641,31.204442303812893],[77.00878433513455,31.21342985423561],[77.02098567512132,31.22127080081002],[77.01262169245626,31.225551637733776],[77.01242348014715,31.234363564950602],[77.0049133324406,31.238075568218274],[77.00407394605152,31.24642753156928],[77.00934429457402,31.24985007772354],[77.01719885679363,31.259333038138156],[77.03068060056749,31.272775999606896],[77.02349784588026,31.27780816945956],[77.02092647556968,31.284126582261486],[77.00977397437826,31.29075269226997],[76.99536363397876,31.301278533520215],[76.96870537510834,31.314623469692844],[76.96784173884403,31.321153195416972],[76.96488843220615,31.324070174425128],[76.95366005285115,31.32855368846456],[76.94774741357882,31.333020461433353],[76.94187910877153,31.332828573237396],[76.94383816325733,31.34280471056294],[76.94015173282277,31.34774560122681],[76.92306687162925,31.363560759052543],[76.920215959377,31.36532650817358]]]},"properties":{"District":"SOLAN","STATE":"HIMACHAL PRADESH","TEHSIL":"ARKI","Shape_Leng":121094.81055,"Shape_Area":376340973.577}},
{"type":"Feature","geometry":{"type":"Polygon","coordinates":[[[76.82031501980876,31.04930672797036],[76.81360628406544,31.045153289395454],[76.80757592501526,31.047642366563213],[76.80045646638608,31.048372344658553],[76.79701202660733,31.050531165729897],[76.78948417969664,31.04693566168925],[76.79042150286877,31.041136958498374],[76.78763508783011,31.037990945624486],[76.77823798356418,31.03637886465364],[76.77384043302143,31.03366983647595],[76.76614717801186,31.031662457952006],[76.76283090605597,31.02274873465161],[76.75879492589151,31.020689897547296],[76.75667385328438,31.015869738686348],[76.74819514739464,31.014359856531463],[76.73590382264179,31.014502978141174],[76.73457993086127,31.010046459764812],[76.72459201631062,31.00191782334085],[76.71920472802887,31.00069616598623],[76.70891677312711,31.005339659894318],[76.69338875508774,31.004370395246095],[76.68835592706877,31.006403269463284],[76.69224795683566,31.013291202067123],[76.6858491085137,31.013267123849364],[76.68074824817306,31.016464316125685],[76.67939853137709,31.020919891145493],[76.66064483381352,31.029421341460836],[76.65758976956701,31.02710217888958],[76.66731176276109,31.018992833041352],[76.66562443748977,31.015649944677044],[76.65757736886717,31.014476030356754],[76.65326555349057,31.012068785070696],[76.65803691189178,31.003934300326605],[76.67043238951025,31.001303700468583],[76.66708190386115,30.99675160064026],[76.65169832750088,30.9877969621782],[76.66148736681758,30.980744063674422],[76.66347218802379,30.98223703596394],[76.6731190195416,30.974379267316966],[76.67385642872283,30.9687095263011],[76.68394937804983,30.967857613975955],[76.69290250760973,30.968640261746163],[76.70263697522533,30.97096949734607],[76.71000897879125,30.969167426908598],[76.71175692657135,30.96460916717478],[76.7172200869902,30.960113762816935],[76.72234248981827,30.961501024126875],[76.72494927974017,30.957606335511937],[76.7362568947353,30.946116722905952],[76.73942632088438,30.933786920806945],[76.74695831361228,30.93013933425018],[76.74850021097426,30.926726316865537],[76.75386609632253,30.92869559595225],[76.75985371659881,30.92632885583626],[76.76018728029862,30.92293329584804],[76.76574440042644,30.92149936168437],[76.76665963243715,30.917085006412645],[76.7760864700231,30.90597118178268],[76.78683318280217,30.913338943446163],[76.79816131918551,30.915235774629032],[76.81114349883737,30.924005505408708],[76.82466987369332,30.927163775077368],[76.82929934997796,30.916621366569927],[76.82671724402147,30.912669796428894],[76.82997844626071,30.90714188525713],[76.8340382805432,30.904495841434663],[76.84104068301795,30.89165821410359],[76.84458705937757,30.889259848169353],[76.85108697918781,30.889951210465888],[76.85606120437996,30.88424245323899],[76.86040137308414,30.883670241281656],[76.86176677130233,30.8794851879088],[76.86957886340618,30.873122267883456],[76.87837323751593,30.875742551915486],[76.87594727375517,30.88090190546668],[76.88412026411702,30.88260179148657],[76.8860603960215,30.884779893060948],[76.89534775345768,30.88697952889239],[76.8990934323196,30.89269741691546],[76.90673392972239,30.893412784302285],[76.90976608849249,30.89714500854509],[76.92123247397859,30.903479081332193],[76.9236971798111,30.90175773382269],[76.92757470254155,30.913093334560532],[76.92687885302688,30.92018252125708],[76.92415919817404,30.926210720145285],[76.91989007117006,30.939264352536664],[76.91432279808403,30.94553407228717],[76.90988515468564,30.94609025218354],[76.8991484064861,30.955873333294658],[76.8877755669528,30.957122320599964],[76.88339721744384,30.955693264682612],[76.87812494371893,30.95781264697595],[76.87615208541031,30.961892151666653],[76.86949693231813,30.967789691365486],[76.8747909214514,30.976690380877955],[76.8853200290566,30.978371531691682],[76.88937400825327,30.982509649318366],[76.89832577464662,30.981651080737656],[76.90731730813405,30.982916090221266],[76.91029898949216,30.985073837247423],[76.90628966848688,30.99011759481046],[76.9023008245572,30.998205990436173],[76.8896892315209,30.99925584102737],[76.88446331417217,31.012325079724558],[76.87826936569894,31.019572669786946],[76.86656455382554,31.029652243580156],[76.86016068280921,31.027246193303863],[76.85598458354268,31.040076617590277],[76.85195702492987,31.04036133982982],[76.84397902860142,31.04881310311856],[76.83601383206985,31.048389165130384],[76.8288451561542,31.043540787084353],[76.82554970212047,31.043269606967097],[76.82031501980876,31.04930672797036]]]},"properties":{"District":"SOLAN","STATE":"HIMACHAL PRADESH","TEHSIL":"BADDI","Shape_Leng":103517.758819,"Shape_Area":254045135.644}},
{"type":"Feature","geometry":{"type":"Polygon","coordinates":[[[76.9888718680702,31.113850386719058],[76.98547018810858,31.11339909983496],[76.98486846166465,31.106395306786908],[76.99102700668617,31.10525938224432],[76.99476933670456,31.101277479171475],[76.99783544375784,31.093858891581174],[76.99959103528214,31.084320734019723],[76.99467596101397,31.082604671091847],[76.9963896446727,31.075734065964514],[77.0010476123123,31.073943696829343],[77.00133567024561,31.068162119160803],[77.00690487267434,31.065953033480845],[76.99980570381985,31.05781668965479],[77.00007286981852,31.053884081983323],[77.00431586184787,31.050979732453843],[77.01045364244104,31.039195174234305],[77.00693319123756,31.029228717708065],[77.00346079388191,31.02356450434623],[77.00293156759018,31.01497778595294],[77.00760252358882,31.017931480624046],[77.02415643058035,31.004115794298908],[77.02450046012906,30.998207794348478],[77.03146440009395,31.001146649626907],[77.03369187672176,30.993091483720672],[77.02838120903608,30.98539901554775],[77.03482836414229,30.980165954421533],[77.04158555562283,30.979361207731756],[77.04074601805483,30.974797442034667],[77.0459786790524,30.971936387787675],[77.057625413958,30.97410997199206],[77.06427620965755,30.971653452513014],[77.06896357992389,30.975863241995324],[77.07314389904865,30.973673555278182],[77.07479642320241,30.96517157718],[77.07863351442452,30.960050508977215],[77.08688957642542,30.95779473715707],[77.08969850824889,30.950892688990603],[77.09742035565493,30.94419441853185],[77.1090887383782,30.939729276774553],[77.11832799704075,30.939166394289757],[77.12251159222545,30.94162938578702],[77.12320399130654,30.947049601198387],[77.11955479950423,30.949524452053424],[77.12917467190476,30.95509839459254],[77.1386426590902,30.952513443176088],[77.1413459749082,30.947635333474665],[77.14910460722639,30.940104044599213],[77.15304090282112,30.937898608310654],[77.15412056069162,30.92607688106803],[77.16258687218433,30.92100185615957],[77.16530458198133,30.916551690011712],[77.17176479152903,30.916624439307775],[77.18202442446861,30.909358410163065],[77.1837814351743,30.906361309637354],[77.18892469985398,30.90731001096289],[77.1882796196183,30.90109631527567],[77.19242304134556,30.901744132301673],[77.20191215301097,30.890161731522838],[77.20646048747922,30.889536666391066],[77.21388964071858,30.895761783761312],[77.21545716167283,30.902131622801424],[77.2215058036122,30.903257850190844],[77.22708361653429,30.899879310950812],[77.23090328274624,30.900639206005017],[77.23613394229055,30.905153155388753],[77.2396076139454,30.913855374206634],[77.24742114963738,30.91745302823032],[77.24479505304548,30.927632309280035],[77.23946309437932,30.929861817942026],[77.23944700845463,30.939697014054584],[77.24641680098625,30.94184885649356],[77.24971124866167,30.9471596499404],[77.24326088229455,30.953882717018345],[77.2313838223191,30.961034697627678],[77.21878163144422,30.965449228903417],[77.20564178497399,30.966201466991315],[77.20155133265132,30.972224127691508],[77.20657093715755,30.97717704076982],[77.20702480238796,30.98133437328787],[77.21154999853263,30.98723945434759],[77.20672668623207,30.991107662368908],[77.20476211950682,30.99774023738066],[77.19747991050323,31.002892863372416],[77.18810166033758,31.004859689158774],[77.17101915060054,31.011576070120974],[77.1675019550561,31.00343596151461],[77.16440679572304,30.999859150388897],[77.15932294843043,31.0028285374045],[77.15151460785803,31.004790672385894],[77.14313376567597,31.016264293831952],[77.1351312221051,31.022627273993347],[77.12641214243807,31.02654165095133],[77.12383521801111,31.02624656035587],[77.11908667363274,31.03143283609794],[77.11317464286655,31.032037973275443],[77.10173386835622,31.029449937811687],[77.0964046247456,31.031487954313924],[77.08747132158143,31.038538695150788],[77.08634892713204,31.042517118888778],[77.06684732882691,31.047954144041828],[77.0698269945976,31.053900961343945],[77.07814653856181,31.055208476216137],[77.07993637243489,31.059387943840747],[77.08807846008585,31.066269122758783],[77.083737060004,31.068274397526686],[77.07905814895176,31.074162630575564],[77.0833710273828,31.08107793767891],[77.07730520443064,31.08339971593089],[77.07344956991648,31.07798576932282],[77.06579529561355,31.086239166445182],[77.05409244644879,31.084079181069917],[77.04557963958057,31.07784091719739],[77.04514664937247,31.070828353596653],[77.03591357535085,31.067029535584293],[77.0354610095326,31.07551254531906],[77.02615124613901,31.078969379136662],[77.02539878724475,31.08641516578562],[77.03389511812966,31.09210456682241],[77.03779564362051,31.09615320756924],[77.04345140157417,31.098577685223315],[77.0540857736612,31.099849874208736],[77.05059638768252,31.111567683412247],[77.04848392658296,31.114328323747632],[77.03380521291976,31.110053402998414],[77.02884198992807,31.111068161450813],[77.02165174859088,31.107634367361918],[77.01718642521998,31.109312775326373],[77.00467451346019,31.10382943262937],[76.99772859068268,31.103149845883028],[76.99063831751332,31.10828852307352],[76.9888718680702,31.113850386719058]]]},"properties":{"District":"SOLAN","STATE":"HIMACHAL PRADESH","TEHSIL":"KANDAGHAT","Shape_Leng":119379.90387,"Shape_Area":222080196.312}},
{"type":"Feature","geometry":{"type":"Polygon","coordinates":[[[76.99637538375633,30.96665548918214],[76.98495335168528,30.96017325658027],[76.9776827925404,30.967523357173654],[76.97737580078216,30.95947317546122],[76.97277711765831,30.954971403542853],[76.96228737090706,30.948758727944927],[76.9544695358674,30.949509427792393],[76.94940782932152,30.9427021496921],[76.95322517767246,30.936407749878995],[76.95037016292041,30.93329487227525],[76.93703757880499,30.9282515787516],[76.93295152716682,30.928637347337087],[76.92415919817404,30.926210720145285],[76.92687885302688,30.92018252125708],[76.92757470254155,30.913093334560532],[76.9236971798111,30.90175773382269],[76.92123247397859,30.903479081332193],[76.90976608849249,30.89714500854509],[76.91687215036285,30.90076549701043],[76.91714505738945,30.891159356040614],[76.92138836146631,30.885051449223226],[76.9274598396046,30.885960113382893],[76.93627570105876,30.885031646099513],[76.93659477183284,30.869012356077516],[76.94383862490633,30.858315692715095],[76.95125043726571,30.850522847321233],[76.94399620750356,30.83765569567132],[76.94895115325996,30.82443432580721],[76.94325649895035,30.819151773263908],[76.95108564944115,30.814159413076382],[76.95308055179682,30.81925443578452],[76.95789696890209,30.823481740911184],[76.9651155129323,30.82556055805425],[76.97191739304708,30.82316529564419],[76.97297976784665,30.81952947409278],[76.97816590349066,30.816909635284606],[76.97757577193458,30.812351448781545],[76.98659113745859,30.813989180485578],[76.99724320664146,30.812193599370413],[77.00278168925695,30.805643567544585],[77.00930446315395,30.809015323018066],[77.0115047313773,30.80508381671635],[77.0126980579461,30.79675078024978],[77.01512753444217,30.79308601284472],[77.01240842814364,30.788028981274707],[77.01660221509269,30.78571610983423],[77.01573014684368,30.776645527665302],[77.01060613882508,30.77392340214671],[77.00601597752323,30.774154344086508],[77.00328624608858,30.769393496859514],[77.01001308515107,30.767182815624086],[77.0146909311442,30.76786426470411],[77.01865458157395,30.764982688025825],[77.01892714922363,30.75468662485511],[77.02088321804916,30.749510046087675],[77.01790810226797,30.74781177912934],[77.02021595113254,30.741451303906118],[77.02388710211659,30.748370925299717],[77.02862471352243,30.753128024830065],[77.0313585644707,30.761484434573706],[77.03600764498677,30.7642884370067],[77.04924456343092,30.76971857208207],[77.04567297343259,30.771532948169643],[77.04776190808226,30.781449667081326],[77.04301604570652,30.786768623985566],[77.04178266585167,30.797241216906137],[77.03808456157988,30.799267354218543],[77.03786717618026,30.804278089412467],[77.0349752366932,30.81130540447727],[77.03832086395258,30.81516955257824],[77.0325151102568,30.829440706184677],[77.02847014092517,30.829392075484254],[77.02128047053951,30.836334282203193],[77.01381723512672,30.83776501313444],[77.00964688404521,30.84128764251029],[77.0135830355011,30.84439462641235],[77.02130295355161,30.842990985836778],[77.02735060728354,30.84348593754004],[77.02982661411188,30.83873635357499],[77.04106299745102,30.836622630360186],[77.0498646215914,30.836966778540432],[77.05029100214247,30.84263562636042],[77.06116767129232,30.842040050741566],[77.06382470781986,30.844659019749223],[77.05898265604465,30.850077821628584],[77.05610073490884,30.85616303032425],[77.05627771019559,30.86366296543178],[77.0611975674267,30.864206438742542],[77.05138883848463,30.872035484840886],[77.05440395257021,30.87824442797976],[77.0452086371669,30.88276696870993],[77.03807414595106,30.89053540491824],[77.04015273515274,30.896528444163494],[77.0359077086145,30.900521029475915],[77.04261031564309,30.907071813658398],[77.03930132342965,30.91148811893298],[77.03636000764489,30.92054037628038],[77.02870852444225,30.925764790348403],[77.01197057561353,30.94465946093906],[77.00714700274996,30.953481157273444],[77.00057987530843,30.959452500768613],[76.99637538375633,30.96665548918214]]]},"properties":{"District":"SOLAN","STATE":"HIMACHAL PRADESH","TEHSIL":"KASAULI","Shape_Leng":105340.572049,"Shape_Area":162100972.317}},
{"type":"Feature","geometry":{"type":"Polygon","coordinates":[[[76.9395178513406,31.05314860683465],[76.93478640507496,31.054932281304968],[76.93570637544737,31.065932097079497],[76.93255838879507,31.072393110682626],[76.91917328438578,31.070640151730917],[76.91541375147519,31.068022027377285],[76.90749958236245,31.076652909038195],[76.90298523312795,31.079657683699043],[76.89396740301889,31.07714386434996],[76.89895808318656,31.072524618926145],[76.90392289522141,31.064153643007923],[76.90319289447113,31.060784279666926],[76.89286019658942,31.057750168570553],[76.88779924947174,31.053682467582657],[76.87687702052979,31.05385750069225],[76.87347363453945,31.06067757811869],[76.86502702788826,31.05817960337126],[76.86373355692166,31.05049353516567],[76.85615757714228,31.04453246213867],[76.85598458354268,31.040076617590277],[76.86016068280921,31.027246193303863],[76.86656455382554,31.029652243580156],[76.87826936569894,31.019572669786946],[76.88446331417217,31.012325079724558],[76.8896892315209,30.99925584102737],[76.9023008245572,30.998205990436173],[76.90628966848688,30.99011759481046],[76.91029898949216,30.985073837247423],[76.90731730813405,30.982916090221266],[76.89832577464662,30.981651080737656],[76.88937400825327,30.982509649318366],[76.8853200290566,30.978371531691682],[76.8747909214514,30.976690380877955],[76.86949693231813,30.967789691365486],[76.87615208541031,30.961892151666653],[76.87812494371893,30.95781264697595],[76.88339721744384,30.955693264682612],[76.8877755669528,30.957122320599964],[76.8991484064861,30.955873333294658],[76.90988515468564,30.94609025218354],[76.91432279808403,30.94553407228717],[76.91989007117006,30.939264352536664],[76.92415919817404,30.926210720145285],[76.93295152716682,30.928637347337087],[76.93703757880499,30.9282515787516],[76.95037016292041,30.93329487227525],[76.95322517767246,30.936407749878995],[76.94940782932152,30.9427021496921],[76.9544695358674,30.949509427792393],[76.96228737090706,30.948758727944927],[76.97277711765831,30.954971403542853],[76.97737580078216,30.95947317546122],[76.9776827925404,30.967523357173654],[76.98495335168528,30.96017325658027],[76.99637538375633,30.96665548918214],[76.99073011478073,30.968562139354486],[76.99022209369713,30.97239995463948],[76.98447963974526,30.977847374293372],[76.97882924278197,30.990600462384133],[76.96852168953362,31.00693308595851],[76.97013181845077,31.014875325065002],[76.96735463752404,31.0210125063492],[76.96246433470583,31.01918025471245],[76.95876947018273,31.026597764243203],[76.95447964432826,31.02840035148777],[76.94720808404605,31.042833518362034],[76.94881760859273,31.049928107001275],[76.9395178513406,31.05314860683465]]]},"properties":{"District":"SOLAN","STATE":"HIMACHAL PRADESH","TEHSIL":"KRISHANGARH","Shape_Leng":66506.2710773,"Shape_Area":111193936.985}},
{"type":"Feature","geometry":{"type":"Polygon","coordinates":[[[76.75999852205554,31.22678703796653],[76.75191179798108,31.229776739053662],[76.74572257330988,31.236426129387635],[76.73250428577914,31.240615705804718],[76.72038594692708,31.228306735931486],[76.71153713924521,31.22314715177094],[76.7031182504639,31.222027214725173],[76.6992787814691,31.217127629637826],[76.69091988505242,31.216017691725817],[76.68599055090067,31.212867946395875],[76.6779815947696,31.214097807225517],[76.66434339443946,31.212547887056573],[76.65788425492158,31.21026805949184],[76.64543452424493,31.209127054394294],[76.63366232875721,31.20098613699223],[76.62513224194372,31.197458663527463],[76.61505740906445,31.18997156941226],[76.61345713274562,31.18412998697955],[76.60751713785695,31.180018608366183],[76.59692734790585,31.17818543133337],[76.5974866668756,31.175215862990633],[76.60490801228357,31.176744711826288],[76.60759880680294,31.170646434777474],[76.60309514492496,31.16472798040991],[76.60448132874625,31.16245746832067],[76.60245489275536,31.15433927074044],[76.60780717732739,31.1486558825894],[76.61052778335146,31.14099911355721],[76.60090940296475,31.12818916011356],[76.60200248255401,31.123543188513747],[76.61365685320818,31.121998557238374],[76.61662408241187,31.11607230169032],[76.6362280633036,31.116491517790514],[76.63850026416252,31.10771745380366],[76.63611491033878,31.10164672253407],[76.6265957340742,31.092839565451033],[76.62462383941121,31.08913028811399],[76.62315365326974,31.07962686591237],[76.61657868104527,31.07771114794934],[76.6166111191423,31.07124909126704],[76.61913570287112,31.06099253930751],[76.62294491001698,31.054774139425632],[76.61415526290091,31.049200310434458],[76.61096520114627,31.045828118547174],[76.61607670543266,31.036511171556963],[76.61670799746797,31.03081782494472],[76.62295000913564,31.025800018152474],[76.62748467166354,31.024841635135957],[76.62529416543184,30.998480319696025],[76.63372745079963,30.996049396660293],[76.63847961224302,30.99014318628741],[76.65169832750088,30.9877969621782],[76.66708190386115,30.99675160064026],[76.67043238951025,31.001303700468583],[76.65803691189178,31.003934300326605],[76.65326555349057,31.012068785070696],[76.65757736886717,31.014476030356754],[76.66562443748977,31.015649944677044],[76.66731176276109,31.018992833041352],[76.65758976956701,31.02710217888958],[76.66064483381352,31.029421341460836],[76.67939853137709,31.020919891145493],[76.68074824817306,31.016464316125685],[76.6858491085137,31.013267123849364],[76.69224795683566,31.013291202067123],[76.68835592706877,31.006403269463284],[76.69338875508774,31.004370395246095],[76.70891677312711,31.005339659894318],[76.71920472802887,31.00069616598623],[76.72459201631062,31.00191782334085],[76.73457993086127,31.010046459764812],[76.73590382264179,31.014502978141174],[76.74819514739464,31.014359856531463],[76.75667385328438,31.015869738686348],[76.75879492589151,31.020689897547296],[76.76283090605597,31.02274873465161],[76.76614717801186,31.031662457952006],[76.77384043302143,31.03366983647595],[76.77823798356418,31.03637886465364],[76.78763508783011,31.037990945624486],[76.79042150286877,31.041136958498374],[76.78948417969664,31.04693566168925],[76.79701202660733,31.050531165729897],[76.80045646638608,31.048372344658553],[76.80757592501526,31.047642366563213],[76.81360628406544,31.045153289395454],[76.82031501980876,31.04930672797036],[76.81037656964207,31.0577210668073],[76.80412863739657,31.058954437103807],[76.79589863422107,31.06474245559325],[76.79275906187902,31.06886745742841],[76.77765554927714,31.08149889400342],[76.77951257216581,31.08572420605691],[76.77540919223885,31.09587826112402],[76.77042297169903,31.09827747378309],[76.78263173296591,31.103576500761825],[76.77665112106077,31.111225379035194],[76.76778978873988,31.118917456752737],[76.76374208136883,31.126879100227736],[76.76764629166156,31.131317445349843],[76.77379904332093,31.135206517764377],[76.77211237765155,31.142502829519824],[76.76543760561266,31.143125858574997],[76.76244836777607,31.148444597079642],[76.76552889948545,31.15422157285366],[76.75989843111053,31.163686481913114],[76.75811505899262,31.169016671989542],[76.74546276864307,31.161390582857962],[76.73461451009712,31.160998858527172],[76.73455582737057,31.166905461356087],[76.74033769873158,31.17501741813826],[76.74603492820313,31.18069869647875],[76.7516936596451,31.179183910794595],[76.74999968546274,31.186898746795567],[76.74550611003914,31.190305117506444],[76.74752461289418,31.197532961708568],[76.75174505562853,31.200271818420347],[76.750211674845,31.208185252286285],[76.75181041109231,31.222044249950216],[76.75999852205554,31.22678703796653]]]},"properties":{"District":"SOLAN","STATE":"HIMACHAL PRADESH","TEHSIL":"NALAGARH","Shape_Leng":116294.177847,"Shape_Area":331453478.715}},
{"type":"Feature","geometry":{"type":"Polygon","coordinates":[[[76.82645226566763,31.223679425339775],[76.82368241301155,31.22310762872985],[76.81615337983474,31.226857268111175],[76.80420495207777,31.226357261592298],[76.79968557156316,31.221957627735772],[76.79299642202989,31.226307217908452],[76.78564741460889,31.221777583882215],[76.78017817012048,31.21540812027789],[76.77392897773412,31.217397918798667],[76.77179922695073,31.222627451242083],[76.76631530652838,31.226732193597673],[76.75999852205554,31.22678703796653],[76.75181041109231,31.222044249950216],[76.750211674845,31.208185252286285],[76.75174505562853,31.200271818420347],[76.74752461289418,31.197532961708568],[76.74550611003914,31.190305117506444],[76.74999968546274,31.186898746795567],[76.7516936596451,31.179183910794595],[76.74603492820313,31.18069869647875],[76.74033769873158,31.17501741813826],[76.73455582737057,31.166905461356087],[76.73461451009712,31.160998858527172],[76.74546276864307,31.161390582857962],[76.75811505899262,31.169016671989542],[76.75989843111053,31.163686481913114],[76.76552889948545,31.15422157285366],[76.76244836777607,31.148444597079642],[76.76543760561266,31.143125858574997],[76.77211237765155,31.142502829519824],[76.77379904332093,31.135206517764377],[76.76764629166156,31.131317445349843],[76.76374208136883,31.126879100227736],[76.76778978873988,31.118917456752737],[76.77665112106077,31.111225379035194],[76.78263173296591,31.103576500761825],[76.77042297169903,31.09827747378309],[76.77540919223885,31.09587826112402],[76.77951257216581,31.08572420605691],[76.77765554927714,31.08149889400342],[76.79275906187902,31.06886745742841],[76.79589863422107,31.06474245559325],[76.80412863739657,31.058954437103807],[76.81037656964207,31.0577210668073],[76.82031501980876,31.04930672797036],[76.82554970212047,31.043269606967097],[76.8288451561542,31.043540787084353],[76.83601383206985,31.048389165130384],[76.84397902860142,31.04881310311856],[76.85195702492987,31.04036133982982],[76.85598458354268,31.040076617590277],[76.85615757714228,31.04453246213867],[76.86373355692166,31.05049353516567],[76.86502702788826,31.05817960337126],[76.87347363453945,31.06067757811869],[76.87687702052979,31.05385750069225],[76.88779924947174,31.053682467582657],[76.89286019658942,31.057750168570553],[76.90319289447113,31.060784279666926],[76.90392289522141,31.064153643007923],[76.89895808318656,31.072524618926145],[76.89396740301889,31.07714386434996],[76.88757169304304,31.08700069917257],[76.87904190640009,31.102646421428087],[76.88215290144866,31.108674392971814],[76.8882837157553,31.11453796953552],[76.88100180628108,31.123965890328844],[76.88016931297693,31.127397114489554],[76.87519489937088,31.13088297846312],[76.8713635725834,31.13012601399493],[76.86526337979299,31.132392755414283],[76.86030489752518,31.142399139499286],[76.856443369268,31.147594657751856],[76.85853332794191,31.159665029483513],[76.85727186490209,31.16512944564896],[76.85112229825529,31.170425894596576],[76.84967048884398,31.18647427355697],[76.84362370895525,31.198413306854093],[76.83170977376025,31.21298723892404],[76.82645226566763,31.223679425339775]]]},"properties":{"District":"SOLAN","STATE":"HIMACHAL PRADESH","TEHSIL":"RAMSHAHR","Shape_Leng":76077.051426,"Shape_Area":180009370.191}},
{"type":"Feature","geometry":{"type":"Polygon","coordinates":[[[77.20646048747922,30.889536666391066],[77.20191215301097,30.890161731522838],[77.19242304134556,30.901744132301673],[77.1882796196183,30.90109631527567],[77.18892469985398,30.90731001096289],[77.1837814351743,30.906361309637354],[77.18202442446861,30.909358410163065],[77.17176479152903,30.916624439307775],[77.16530458198133,30.916551690011712],[77.16258687218433,30.92100185615957],[77.15412056069162,30.92607688106803],[77.15304090282112,30.937898608310654],[77.14910460722639,30.940104044599213],[77.1413459749082,30.947635333474665],[77.1386426590902,30.952513443176088],[77.12917467190476,30.95509839459254],[77.11955479950423,30.949524452053424],[77.12320399130654,30.947049601198387],[77.12251159222545,30.94162938578702],[77.11832799704075,30.939166394289757],[77.1090887383782,30.939729276774553],[77.09742035565493,30.94419441853185],[77.08969850824889,30.950892688990603],[77.08688957642542,30.95779473715707],[77.07863351442452,30.960050508977215],[77.07479642320241,30.96517157718],[77.07314389904865,30.973673555278182],[77.06896357992389,30.975863241995324],[77.06427620965755,30.971653452513014],[77.057625413958,30.97410997199206],[77.0459786790524,30.971936387787675],[77.04074601805483,30.974797442034667],[77.04158555562283,30.979361207731756],[77.03482836414229,30.980165954421533],[77.02838120903608,30.98539901554775],[77.03369187672176,30.993091483720672],[77.03146440009395,31.001146649626907],[77.02450046012906,30.998207794348478],[77.02415643058035,31.004115794298908],[77.00760252358882,31.017931480624046],[77.00293156759018,31.01497778595294],[77.00346079388191,31.02356450434623],[77.00693319123756,31.029228717708065],[77.01045364244104,31.039195174234305],[77.00431586184787,31.050979732453843],[77.00007286981852,31.053884081983323],[76.99980570381985,31.05781668965479],[77.00690487267434,31.065953033480845],[77.00133567024561,31.068162119160803],[77.0010476123123,31.073943696829343],[76.9963896446727,31.075734065964514],[76.99467596101397,31.082604671091847],[76.98235800048056,31.076170397108566],[76.97139991479122,31.065543411264866],[76.97433937847366,31.064204648848808],[76.97406862466606,31.058595228527],[76.96876186957752,31.058142234426196],[76.95867375263549,31.054648898531255],[76.94050073941516,31.056238359472147],[76.9395178513406,31.05314860683465],[76.94881760859273,31.049928107001275],[76.94720808404605,31.042833518362034],[76.95447964432826,31.02840035148777],[76.95876947018273,31.026597764243203],[76.96246433470583,31.01918025471245],[76.96735463752404,31.0210125063492],[76.97013181845077,31.014875325065002],[76.96852168953362,31.00693308595851],[76.97882924278197,30.990600462384133],[76.98447963974526,30.977847374293372],[76.99022209369713,30.97239995463948],[76.99073011478073,30.968562139354486],[76.99637538375633,30.96665548918214],[77.00057987530843,30.959452500768613],[77.00714700274996,30.953481157273444],[77.01197057561353,30.94465946093906],[77.02870852444225,30.925764790348403],[77.03636000764489,30.92054037628038],[77.03930132342965,30.91148811893298],[77.04261031564309,30.907071813658398],[77.0359077086145,30.900521029475915],[77.04015273515274,30.896528444163494],[77.03807414595106,30.89053540491824],[77.0452086371669,30.88276696870993],[77.05440395257021,30.87824442797976],[77.05138883848463,30.872035484840886],[77.0611975674267,30.864206438742542],[77.05627771019559,30.86366296543178],[77.05610073490884,30.85616303032425],[77.05898265604465,30.850077821628584],[77.06382470781986,30.844659019749223],[77.06116767129232,30.842040050741566],[77.05029100214247,30.84263562636042],[77.0498646215914,30.836966778540432],[77.04106299745102,30.836622630360186],[77.02982661411188,30.83873635357499],[77.02735060728354,30.84348593754004],[77.02130295355161,30.842990985836778],[77.0135830355011,30.84439462641235],[77.00964688404521,30.84128764251029],[77.01381723512672,30.83776501313444],[77.02128047053951,30.836334282203193],[77.02847014092517,30.829392075484254],[77.0325151102568,30.829440706184677],[77.03832086395258,30.81516955257824],[77.0349752366932,30.81130540447727],[77.03786717618026,30.804278089412467],[77.03808456157988,30.799267354218543],[77.04178266585167,30.797241216906137],[77.04301604570652,30.786768623985566],[77.04776190808226,30.781449667081326],[77.04567297343259,30.771532948169643],[77.04924456343092,30.76971857208207],[77.051946657733,30.773140606634108],[77.05954928362813,30.778107290726066],[77.06276176704651,30.77827714946508],[77.07886779289034,30.787414559836645],[77.08373039024383,30.79248981110402],[77.08283997421749,30.801916256870022],[77.08615834326618,30.80848511637841],[77.08616317672558,30.81392415736723],[77.08886959217095,30.819194462651],[77.08716371030317,30.822402176218],[77.08783473670229,30.830456510166112],[77.09398044548908,30.830086895308998],[77.09950774057518,30.833230679785977],[77.10508424031158,30.833212718911422],[77.1070919855164,30.83866364323993],[77.11577343691573,30.843026278886462],[77.11473265999693,30.851199186714535],[77.11972696558666,30.852985120967695],[77.13453256399453,30.85410701375812],[77.13603053926526,30.856161978748872],[77.14304642547573,30.85297483457013],[77.14890713151354,30.856842243930714],[77.1546615937652,30.856127475477262],[77.15597855021615,30.8526621873787],[77.16115884372323,30.849498910116502],[77.16665144168242,30.842785608225128],[77.17292780888039,30.847927742638145],[77.17854506261024,30.846932435408206],[77.18094104100236,30.85074897955143],[77.18674320930992,30.850682061842015],[77.1868180145822,30.856905671365595],[77.18947244574703,30.864198878660805],[77.1964896056338,30.864797265642714],[77.21365264425208,30.878565860486933],[77.20781805881727,30.883748221704177],[77.20646048747922,30.889536666391066]]]},"properties":{"District":"SOLAN","STATE":"HIMACHAL PRADESH","TEHSIL":"SOLAN","Shape_Leng":140930.496452,"Shape_Area":252718397.213}},
{"type":"Feature","geometry":{"type":"Polygon","coordinates":[[[76.06412086703591,31.846179385677065],[76.06012968901507,31.846819614378774],[76.04955104487365,31.855668793459152],[76.04475167384496,31.856848672047636],[76.04328897548011,31.861388497082654],[76.0314433939389,31.865067896392883],[76.02427434761155,31.86404796221072],[76.01984491999262,31.866427733850824],[76.01102609600646,31.864807847446208],[76.0047769501866,31.858888351220735],[76.0044770099163,31.854568733377285],[76.00078751158685,31.851708972822095],[75.99192068127473,31.850047619358577],[75.98031372067919,31.850527772758248],[75.97062773631687,31.853636249862458],[75.96817183020141,31.850558962274842],[75.96908174732303,31.842479680755915],[75.9729812386667,31.841299799254823],[75.99090886063247,31.84270973664499],[75.99633815546387,31.84014998206378],[76.00852655565025,31.837680243330432],[76.008832548315,31.833183062902016],[76.01447969295582,31.829073248463626],[76.01543084946744,31.823827378503193],[76.01968652365319,31.81629671864723],[76.0280990796565,31.813845484493946],[76.03090122093684,31.80864136098125],[76.03637657772765,31.80707277715269],[76.04646932869832,31.799453112932504],[76.04648667032805,31.795155631238075],[76.05193672000408,31.791521523764963],[76.05827399125754,31.792728658717454],[76.07196161444385,31.783992477167555],[76.07900204681495,31.784173302207464],[76.08058687549315,31.779128450773953],[76.07024536959682,31.779872030409905],[76.06676870128429,31.77316867390794],[76.07733230645017,31.771607310179622],[76.08259510685816,31.764215007889806],[76.0856471204103,31.75600966422322],[76.08411140248435,31.749096532162966],[76.08848492276859,31.745173863972095],[76.08576119612269,31.73267508834675],[76.08010212920355,31.71338661443497],[76.07752518246453,31.710133598871078],[76.06676386418468,31.711254944265125],[76.06311361741281,31.708763171295775],[76.06307834683729,31.702235753261576],[76.058772009213,31.696385175320717],[76.06591902549833,31.69344401088057],[76.07532036953788,31.6863806241635],[76.0826535299915,31.6834928147577],[76.08339323633798,31.680144570689947],[76.07834786154032,31.673841171245567],[76.08144206075134,31.667371693337774],[76.0917440541922,31.650914510703018],[76.09527475675829,31.64929232759315],[76.0968215534918,31.641644118275266],[76.10151150514847,31.640904294084674],[76.1065474686235,31.633524329332413],[76.12496105281075,31.61773726139047],[76.12625161941196,31.613829021881287],[76.14226525348681,31.597204285131657],[76.14471184564239,31.586222782047003],[76.15370939721677,31.575704650982892],[76.15941793110413,31.57161431177593],[76.16809680923292,31.56688476037554],[76.17234626704825,31.563215100791496],[76.17472598441562,31.5569956569492],[76.1838248205985,31.549886318355824],[76.188632878856,31.55116545783239],[76.19712307723772,31.548026530995337],[76.20117248896386,31.55907557239212],[76.2011924612113,31.564105127039326],[76.20999128986031,31.566104982932316],[76.21867011796583,31.571904503216526],[76.22358947460559,31.570604636737663],[76.22793884093475,31.582463605663285],[76.22518920013384,31.58324352599761],[76.21868007652895,31.57955382794605],[76.21362070469866,31.587383118010777],[76.2034020454738,31.5886929648703],[76.19657290628844,31.596802223884314],[76.18943383960706,31.598252069205564],[76.17833527475719,31.604181504701433],[76.18988372476593,31.60973105692726],[76.19935244462609,31.615770558514544],[76.19159341038424,31.62718952115389],[76.19298318954435,31.634668865937964],[76.19148335560638,31.6411082914827],[76.18760384990537,31.64453797363179],[76.19405296384204,31.651647369823852],[76.19924229030663,31.649207604680324],[76.21098073151978,31.651197470672848],[76.21599005855431,31.653757263186574],[76.21502016299559,31.658286859458798],[76.21874965255037,31.661906552616955],[76.22015942987332,31.669075925364513],[76.21929951576864,31.674735421140664],[76.22342896031557,31.676815252698844],[76.2244987937345,31.681774818834654],[76.23222775757596,31.684984562749154],[76.23890682001966,31.6960636084349],[76.24909541509993,31.707852603927225],[76.25264494176054,31.708592550642788],[76.25278268709754,31.71461055205547],[76.25001129971167,31.718648311570853],[76.24496595796087,31.72150439740033],[76.23361615425449,31.73263298473575],[76.23328678590065,31.735462770563025],[76.22309831919176,31.742420622314427],[76.21507889200528,31.75043688686101],[76.21337059907354,31.755616131885507],[76.20436416761652,31.762894953908738],[76.20564747722341,31.767137067610772],[76.19964727160117,31.77007104663004],[76.18948298879766,31.766947154318476],[76.18504357355975,31.767137120664042],[76.18426361681693,31.77910605920035],[76.1804041125354,31.781695815312457],[76.1712953087954,31.78341562958734],[76.16481189431535,31.78879837574526],[76.15918421968327,31.794989302613388],[76.15433749110495,31.79503453934118],[76.14761514045303,31.80026468287833],[76.13074058579433,31.79988402458048],[76.12359152263959,31.801153886478247],[76.1130821827285,31.799767483195154],[76.10878505843064,31.804625260288425],[76.10439227978596,31.818806975266767],[76.1007667442862,31.82195559519733],[76.09444832729325,31.821983094171667],[76.09003892137004,31.81923275953653],[76.08173973818211,31.834043479111504],[76.08263229189642,31.84082740297244],[76.07494610613433,31.841375955754312],[76.07315165721714,31.838562816642494],[76.06771871948412,31.83980026314415],[76.06412086703591,31.846179385677065]]]},"properties":{"District":"UNA","STATE":"HIMACHAL PRADESH","TEHSIL":"AMB","Shape_Leng":142927.753418,"Shape_Area":325915719.284}},
{"type":"Feature","geometry":{"type":"Polygon","coordinates":[[[76.38027069502364,31.631082471839022],[76.37318940642768,31.63685934917072],[76.36545040389083,31.641488910619145],[76.3586812341479,31.653397833276326],[76.3523920325755,31.65922729342762],[76.35152212472234,31.663596903926386],[76.33985356992072,31.68178525066661],[76.33353437901215,31.686504809643107],[76.32824502586432,31.69651390507066],[76.32089594856954,31.705183110756238],[76.31137746283866,31.724502694014646],[76.30603078243718,31.71877524928502],[76.30480122833691,31.704600575800715],[76.29627516410896,31.694499031507792],[76.29699353986403,31.691346598518756],[76.29106110886262,31.686975999110476],[76.28385627045174,31.684717226848928],[76.28062685139052,31.69312218712689],[76.27714242721669,31.695583035187543],[76.27304180840326,31.703461214730876],[76.26393766300149,31.708755079019863],[76.26382740845361,31.712704429847587],[76.25278268709754,31.71461055205547],[76.25264494176054,31.708592550642788],[76.24909541509993,31.707852603927225],[76.23890682001966,31.6960636084349],[76.23222775757596,31.684984562749154],[76.2244987937345,31.681774818834654],[76.22342896031557,31.676815252698844],[76.21929951576864,31.674735421140664],[76.22015942987332,31.669075925364513],[76.21874965255037,31.661906552616955],[76.21502016299559,31.658286859458798],[76.21599005855431,31.653757263186574],[76.21098073151978,31.651197470672848],[76.19924229030663,31.649207604680324],[76.19405296384204,31.651647369823852],[76.18760384990537,31.64453797363179],[76.19148335560638,31.6411082914827],[76.19298318954435,31.634668865937964],[76.19159341038424,31.62718952115389],[76.19935244462609,31.615770558514544],[76.18988372476593,31.60973105692726],[76.17833527475719,31.604181504701433],[76.18943383960706,31.598252069205564],[76.19657290628844,31.596802223884314],[76.2034020454738,31.5886929648703],[76.21362070469866,31.587383118010777],[76.21868007652895,31.57955382794605],[76.22518920013384,31.58324352599761],[76.22793884093475,31.582463605663285],[76.22358947460559,31.570604636737663],[76.2262391305144,31.569344756173464],[76.23621776698549,31.579473900082487],[76.23858743471484,31.583353565850864],[76.24890605057706,31.58765322508058],[76.25659504823523,31.585593434942066],[76.25757494171864,31.581003844194424],[76.26122448471305,31.576564250204807],[76.26840355905316,31.572304652261668],[76.27041333306059,31.564685332763094],[76.2654540224749,31.557625936283998],[76.26883360057424,31.553016355773774],[76.27604267608538,31.548006824052095],[76.28307175312803,31.547286915737946],[76.2850315266271,31.541277453033594],[76.29020089421869,31.531618324502123],[76.28743131914185,31.51982935470803],[76.30405913031396,31.519499446812116],[76.30703867489557,31.531888364943953],[76.31676737294133,31.535728062626376],[76.32506634600777,31.52290922529388],[76.33671488002949,31.509780427159015],[76.33675492539034,31.499771309930605],[76.34477392020324,31.490172187259482],[76.34473394234894,31.48684248045288],[76.35009326354809,31.481562966779663],[76.35763235091933,31.466014366417713],[76.35845228466435,31.458225055849052],[76.36672125454271,31.447076068994594],[76.36944090381286,31.445686202970514],[76.37388253871282,31.437441626658046],[76.37687313518362,31.436942488438568],[76.37865178163297,31.43097799005058],[76.38963923085048,31.416766547921398],[76.38754763506279,31.409442342944384],[76.39507509009435,31.408198480357136],[76.39634752934175,31.413819114218718],[76.39297794148563,31.419818572070795],[76.39698737527505,31.427157941671286],[76.40222669472075,31.42521813398976],[76.41803468656252,31.41162939083674],[76.42552372131725,31.407829754008453],[76.43710216676185,31.413709282166455],[76.44901058498748,31.416509081801042],[76.45619963702853,31.417219047269352],[76.46166889180797,31.42156868597891],[76.46670822375005,31.42239863231887],[76.47247747741334,31.42010885676932],[76.47557702904453,31.427738196922164],[76.47008770262083,31.43690736757128],[76.47210742399741,31.439267168238175],[76.46622817606185,31.443216797437866],[76.46606816204812,31.44988620795279],[76.47117746942564,31.453565903793393],[76.47005759531056,31.457415560174255],[76.46066878699804,31.46591477507522],[76.46084874747558,31.468844517001624],[76.4505600326078,31.481883327215343],[76.45496943585364,31.48469309610328],[76.46237845518625,31.48565304211359],[76.46320833503721,31.48771286309005],[76.45481940882377,31.493562314047015],[76.44487063503702,31.50926089149393],[76.44106111349214,31.513710483363386],[76.43612168915821,31.527609238522324],[76.43923124906325,31.53352872904034],[76.4318121660731,31.544737711125933],[76.42776263299429,31.557136600037673],[76.41972364984112,31.56530584981282],[76.41911369587564,31.57173527875217],[76.4148542074442,31.581094435954846],[76.40638525697452,31.59375328588438],[76.40436548736952,31.60055267688758],[76.40120588841052,31.603592395529738],[76.40091590276845,31.608121995470004],[76.39563140639062,31.614094894462156],[76.38782752627816,31.62730025038356],[76.38462795029169,31.627090256668797],[76.38027069502364,31.631082471839022]]]},"properties":{"District":"UNA","STATE":"HIMACHAL PRADESH","TEHSIL":"BANGANA","Shape_Leng":128647.900211,"Shape_Area":408670254.79}},
{"type":"Feature","geometry":{"type":"Polygon","coordinates":[[[75.97062773631687,31.853636249862458],[75.95998315519061,31.856901194331485],[75.96384351914374,31.847024100792222],[75.96596904885179,31.83826568612679],[75.97924705615496,31.823099921114114],[75.98592349621866,31.819455292078015],[75.9869826033267,31.813136919787727],[75.97856499040964,31.813004305385356],[75.96941405251302,31.823829126058136],[75.96477639709246,31.82316063075928],[75.95699094735538,31.816298362056113],[75.94750377459481,31.813010347626122],[75.93708170865088,31.814442481705484],[75.94728264765027,31.799198740660472],[75.9531900365349,31.788292092469344],[75.95277578421893,31.783856984826304],[75.96022200321354,31.781128585698802],[75.96322932361892,31.77388464380955],[75.96341446510496,31.768789040446254],[75.96624135566346,31.766541415072464],[75.97234749000727,31.750957310460738],[75.97111723991571,31.749178516643486],[75.97542086664555,31.742511347828263],[75.97249711820997,31.739298189250995],[75.97793568270005,31.73387581857457],[75.97946233097866,31.72602405079064],[75.98305457829865,31.71880915009907],[75.98871994171154,31.712700106685187],[75.9889466574658,31.70767141115748],[75.99472525758615,31.694274726201535],[76.00077741093804,31.688527644531796],[76.00299052415254,31.679684615655063],[76.00573613912455,31.676004417918232],[76.00704924435749,31.661643836156347],[76.00965591317423,31.653352829696814],[76.01917779465089,31.649361766492543],[76.01738223445689,31.64660476933491],[76.02138353817409,31.637774796081093],[76.01793514493903,31.63313413553602],[76.02451373292632,31.624570880933316],[76.0287072025066,31.622747906443823],[76.0292946187175,31.618922125371846],[76.04134739695573,31.610684302260807],[76.04606492560507,31.603791939230707],[76.0502017119611,31.602748117558193],[76.0558763152869,31.605424631064576],[76.05787862425419,31.602263024278344],[76.05805997341982,31.58851633255571],[76.05650928605023,31.585025172903404],[76.05999561580185,31.581168225556805],[76.06503396925739,31.57907655535108],[76.06667942655642,31.57321835654386],[76.0727921544668,31.56927026307659],[76.07331483529643,31.563933860713266],[76.07676941062381,31.561084310801952],[76.08256811843358,31.55973508425253],[76.09311671337647,31.56281484917549],[76.09836603588437,31.559735140033542],[76.11503384320986,31.55890527372777],[76.12183295902467,31.556455513724305],[76.12748220190377,31.559065304048808],[76.13810080423617,31.55849539207979],[76.15941793110413,31.57161431177593],[76.15370939721677,31.575704650982892],[76.14471184564239,31.586222782047003],[76.14226525348681,31.597204285131657],[76.12625161941196,31.613829021881287],[76.12496105281075,31.61773726139047],[76.1065474686235,31.633524329332413],[76.10151150514847,31.640904294084674],[76.0968215534918,31.641644118275266],[76.09527475675829,31.64929232759315],[76.0917440541922,31.650914510703018],[76.08144206075134,31.667371693337774],[76.07834786154032,31.673841171245567],[76.08339323633798,31.680144570689947],[76.0826535299915,31.6834928147577],[76.07532036953788,31.6863806241635],[76.06591902549833,31.69344401088057],[76.058772009213,31.696385175320717],[76.06307834683729,31.702235753261576],[76.06311361741281,31.708763171295775],[76.06676386418468,31.711254944265125],[76.07752518246453,31.710133598871078],[76.08010212920355,31.71338661443497],[76.08576119612269,31.73267508834675],[76.08848492276859,31.745173863972095],[76.08411140248435,31.749096532162966],[76.0856471204103,31.75600966422322],[76.08259510685816,31.764215007889806],[76.07733230645017,31.771607310179622],[76.06676870128429,31.77316867390794],[76.07024536959682,31.779872030409905],[76.08058687549315,31.779128450773953],[76.07900204681495,31.784173302207464],[76.07196161444385,31.783992477167555],[76.05827399125754,31.792728658717454],[76.05193672000408,31.791521523764963],[76.04648667032805,31.795155631238075],[76.04646932869832,31.799453112932504],[76.03637657772765,31.80707277715269],[76.03090122093684,31.80864136098125],[76.0280990796565,31.813845484493946],[76.01968652365319,31.81629671864723],[76.01543084946744,31.823827378503193],[76.01447969295582,31.829073248463626],[76.008832548315,31.833183062902016],[76.00852655565025,31.837680243330432],[75.99633815546387,31.84014998206378],[75.99090886063247,31.84270973664499],[75.9729812386667,31.841299799254823],[75.96908174732303,31.842479680755915],[75.96817183020141,31.850558962274842],[75.97062773631687,31.853636249862458]]]},"properties":{"District":"UNA","STATE":"HIMACHAL PRADESH","TEHSIL":"GHANARI","Shape_Leng":119270.080686,"Shape_Area":252238724.434}},
{"type":"Feature","geometry":{"type":"Polygon","coordinates":[[[76.188632878856,31.55116545783239],[76.1838248205985,31.549886318355824],[76.17472598441562,31.5569956569492],[76.17234626704825,31.563215100791496],[76.16809680923292,31.56688476037554],[76.15941793110413,31.57161431177593],[76.13810080423617,31.55849539207979],[76.12748220190377,31.559065304048808],[76.12183295902467,31.556455513724305],[76.11503384320986,31.55890527372777],[76.09836603588437,31.559735140033542],[76.09311671337647,31.56281484917549],[76.08256811843358,31.55973508425253],[76.07676941062381,31.561084310801952],[76.0793656286095,31.555698136622222],[76.08515325460874,31.548517783442858],[76.08923211811451,31.547616209244847],[76.09265876491129,31.54041172344044],[76.09860561385915,31.537254691706128],[76.0981879657975,31.534087811205524],[76.10269392340736,31.524938621609618],[76.1017771784186,31.523529341159854],[76.10673150143295,31.51193482094242],[76.11360277472204,31.49961569205768],[76.12069393923697,31.49766409411302],[76.12074946951498,31.489299009502826],[76.11704842336222,31.483010991678324],[76.12107175658181,31.477904326239724],[76.12769588535654,31.474533086748675],[76.13100784868357,31.470271854247116],[76.1310395914738,31.463536285989424],[76.13545185563682,31.4586677957889],[76.13421625796946,31.450791278371078],[76.1389852655962,31.448698306935793],[76.14042642371881,31.441579748841225],[76.14738303884387,31.433496994219848],[76.15231057544318,31.433621205848315],[76.16207178157663,31.422419749341756],[76.16088746620201,31.41642341977577],[76.16699855681823,31.412324804739242],[76.16687901823919,31.405259034584606],[76.16978998587422,31.39895174713704],[76.16010124711342,31.387483342681044],[76.15401833403858,31.38290425591212],[76.14728217775537,31.380300276486157],[76.1481131295536,31.376909913793472],[76.14730304655988,31.36463316577577],[76.14935609191627,31.353263352613364],[76.15693508145857,31.347857469271318],[76.15900139799176,31.343687579118814],[76.17609753834732,31.34196846044934],[76.1788232990965,31.340473608693078],[76.18137722085066,31.333653801089874],[76.18040654168108,31.322426926362713],[76.18079068238991,31.310445701103035],[76.18630291135707,31.302087801169346],[76.1909914509809,31.29998743508759],[76.20414393129369,31.300228385432437],[76.21397271515553,31.299393736192705],[76.22501369729164,31.303968067826077],[76.23598744054992,31.306802360141273],[76.23914194046039,31.308847757391923],[76.25099259025195,31.307670281654406],[76.256713414889,31.310340169073935],[76.26802910361097,31.310482154161324],[76.27081212366446,31.30237321130678],[76.27629236428292,31.300618776685308],[76.28691197144222,31.307347033756148],[76.2954288972407,31.31106515000497],[76.29845750261282,31.310851055081297],[76.30956778874456,31.316960566002034],[76.31056625129615,31.319156179202604],[76.32237810217678,31.321611093078413],[76.31351951565199,31.329136623920554],[76.30765371701838,31.34235263611607],[76.31419763920182,31.34336121537536],[76.31009466630016,31.35137339997806],[76.31041490907245,31.355772900002293],[76.30442703375986,31.361806524404614],[76.29459665351288,31.36255342672102],[76.29601783532712,31.371688363515762],[76.29179636459621,31.37868209458736],[76.29072379576705,31.385546694071003],[76.283982115786,31.39047380803485],[76.2745060980022,31.39962942465832],[76.26626603126972,31.403612585988682],[76.26030157111532,31.40920604888747],[76.25657130847019,31.421930569086868],[76.25921947941117,31.424869800794145],[76.25775874344248,31.430185947721185],[76.25932117809612,31.435932712748876],[76.25574514879847,31.439631374846506],[76.251060368185,31.453507206893374],[76.24324825364994,31.46332242029934],[76.2454199178448,31.4678326626938],[76.2372029258962,31.473619318449767],[76.23017014191795,31.48009336031686],[76.21977169913609,31.481839682297107],[76.21339326665246,31.48673827900592],[76.20397513043784,31.49657404526717],[76.20160895384062,31.51300240129069],[76.19495119268467,31.524820758372314],[76.1924813644465,31.537810367080837],[76.188632878856,31.55116545783239]]]},"properties":{"District":"UNA","STATE":"HIMACHAL PRADESH","TEHSIL":"HAROLI","Shape_Leng":99732.14364,"Shape_Area":302006527.22}},
{"type":"Feature","geometry":{"type":"Polygon","coordinates":[[[76.37388253871282,31.437441626658046],[76.36944090381286,31.445686202970514],[76.36672125454271,31.447076068994594],[76.35845228466435,31.458225055849052],[76.35763235091933,31.466014366417713],[76.35009326354809,31.481562966779663],[76.34473394234894,31.48684248045288],[76.34477392020324,31.490172187259482],[76.33675492539034,31.499771309930605],[76.33671488002949,31.509780427159015],[76.32506634600777,31.52290922529388],[76.31676737294133,31.535728062626376],[76.30703867489557,31.531888364943953],[76.30405913031396,31.519499446812116],[76.28743131914185,31.51982935470803],[76.29020089421869,31.531618324502123],[76.2850315266271,31.541277453033594],[76.28307175312803,31.547286915737946],[76.27604267608538,31.548006824052095],[76.26883360057424,31.553016355773774],[76.2654540224749,31.557625936283998],[76.27041333306059,31.564685332763094],[76.26840355905316,31.572304652261668],[76.26122448471305,31.576564250204807],[76.25757494171864,31.581003844194424],[76.25659504823523,31.585593434942066],[76.24890605057706,31.58765322508058],[76.23858743471484,31.583353565850864],[76.23621776698549,31.579473900082487],[76.2262391305144,31.569344756173464],[76.22358947460559,31.570604636737663],[76.21867011796583,31.571904503216526],[76.20999128986031,31.566104982932316],[76.2011924612113,31.564105127039326],[76.20117248896386,31.55907557239212],[76.19712307723772,31.548026530995337],[76.188632878856,31.55116545783239],[76.1924813644465,31.537810367080837],[76.19495119268467,31.524820758372314],[76.20160895384062,31.51300240129069],[76.20397513043784,31.49657404526717],[76.21339326665246,31.48673827900592],[76.21977169913609,31.481839682297107],[76.23017014191795,31.48009336031686],[76.2372029258962,31.473619318449767],[76.2454199178448,31.4678326626938],[76.24324825364994,31.46332242029934],[76.251060368185,31.453507206893374],[76.25574514879847,31.439631374846506],[76.25932117809612,31.435932712748876],[76.25775874344248,31.430185947721185],[76.25921947941117,31.424869800794145],[76.25657130847019,31.421930569086868],[76.26030157111532,31.40920604888747],[76.26626603126972,31.403612585988682],[76.2745060980022,31.39962942465832],[76.283982115786,31.39047380803485],[76.29072379576705,31.385546694071003],[76.29179636459621,31.37868209458736],[76.29601783532712,31.371688363515762],[76.29459665351288,31.36255342672102],[76.30442703375986,31.361806524404614],[76.31041490907245,31.355772900002293],[76.31009466630016,31.35137339997806],[76.31419763920182,31.34336121537536],[76.33145559943979,31.34642029480071],[76.33560443026232,31.349494320895158],[76.33749897157317,31.339825978290815],[76.34390947334175,31.340204218341228],[76.34752865224704,31.34667037924227],[76.34621911395578,31.354854882011466],[76.34227932757874,31.354955797144918],[76.34291556226808,31.36345287711049],[76.341154603447,31.365183866282354],[76.34160713790709,31.378777874771725],[76.32975763534827,31.379046185076174],[76.33108586880475,31.401626528925554],[76.34205413337601,31.401385229450995],[76.34733414144145,31.398161754019448],[76.35227821549114,31.398307626304984],[76.35834262255997,31.403549861842922],[76.36726106860064,31.404371620959353],[76.37105643055806,31.408153023427257],[76.37223319572688,31.413973342814536],[76.37044527825245,31.417289636189214],[76.37237719394226,31.425429126996104],[76.37036658863524,31.4300707058354],[76.37388253871282,31.437441626658046]]]},"properties":{"District":"UNA","STATE":"HIMACHAL PRADESH","TEHSIL":"UNA","Shape_Leng":90436.195535,"Shape_Area":221043454.814}},
{"type":"Feature","geometry":{"type":"MultiPolygon","coordinates":[[[[77.74334366164797,30.60127722653162],[77.73546656859759,30.598937775953146],[77.73381789766997,30.59436569791623],[77.72689644248267,30.596768794656988],[77.72434330669185,30.594233603999847],[77.72919706693213,30.587639909027477],[77.72220551538969,30.583340258627523],[77.71355033750686,30.583122014507925],[77.7220833172182,30.576702278887097],[77.71834775640536,30.57060291339915],[77.71384150729527,30.577334098818216],[77.70999658048946,30.578315728545615],[77.70989853175783,30.570590691977486],[77.70481269126049,30.561413495227118],[77.69409882627943,30.554336236059545],[77.69072574694376,30.548270198346966],[77.69402750963934,30.542123566432032],[77.69267351684469,30.534892211562248],[77.6886440999242,30.530949322780625],[77.68086269527535,30.52834282655197],[77.67239025332714,30.52896864721632],[77.66951151917714,30.53464360356351],[77.66267135517089,30.542462881620278],[77.64479594358008,30.552334951262477],[77.63713533496934,30.551547336877565],[77.63487788263801,30.55298807202589],[77.62667476795701,30.566810161715317],[77.62129137217288,30.56189782012759],[77.61579229434591,30.561806702223116],[77.61026826783396,30.56521977452876],[77.61118483876982,30.57422642831743],[77.61350830370708,30.577331946401905],[77.61416948354663,30.588766224927877],[77.60411007071117,30.584921243757183],[77.60689769548193,30.57884225909332],[77.60165741582357,30.576918304989288],[77.59702819090134,30.578549697214132],[77.5911392725324,30.57792713644257],[77.58810693960064,30.581621034452994],[77.57952790555609,30.580978575783497],[77.57616051108079,30.584506861768478],[77.57514796178653,30.590473613124335],[77.56778986563265,30.59280603467121],[77.564767787386,30.58770935022817],[77.56083013354365,30.585611208440447],[77.55837664184257,30.59137202405195],[77.56028152592263,30.5944442296976],[77.55552013209918,30.604242392335557],[77.56416688238846,30.609941883531846],[77.5691694546144,30.605820476700362],[77.5714280366823,30.611294699540096],[77.56792909089053,30.615743354282383],[77.57435335837371,30.621884874784012],[77.56978313784202,30.62424109529205],[77.56518756857214,30.61329740483423],[77.56111036905871,30.60978374723624],[77.55567429644175,30.6093199999223],[77.55063810220642,30.604858491021094],[77.5455339542995,30.604938576511753],[77.53896482847234,30.600356765938386],[77.53117919058816,30.602977598225323],[77.52675720523406,30.594210059961704],[77.52038238760646,30.594461242980934],[77.51515185337145,30.586327861994246],[77.52293574777663,30.58453788999474],[77.52973595693244,30.580194281631364],[77.53323914331818,30.575471427380393],[77.52733463404029,30.572821101686472],[77.52341860632895,30.573508835380917],[77.5159054631068,30.579023088285364],[77.51392236845784,30.585815762839403],[77.51199195228598,30.58817142886768],[77.49990113614669,30.587902841086475],[77.4929948640189,30.58400545092712],[77.48423332469886,30.587452473655837],[77.47990060683613,30.59050378437331],[77.4751864777916,30.590241501572983],[77.46648390437284,30.586646986755213],[77.4608253286181,30.589458834108296],[77.4551279146059,30.595170625184775],[77.45188356419908,30.5847457131963],[77.4505426575312,30.574359165172893],[77.4535080591136,30.56865713546789],[77.44924840272063,30.562727619543455],[77.4445396846805,30.56333908605269],[77.43615199452871,30.559452781820465],[77.4296734411328,30.562870380420332],[77.42492428064219,30.559029918158554],[77.41792231646026,30.559589249980675],[77.4053144635318,30.555637796191778],[77.4018575133732,30.5514045007238],[77.39221240111473,30.554225644118926],[77.38537709909765,30.552094787971793],[77.38169021401131,30.558086122083694],[77.38056670899249,30.550652211465465],[77.37538390273488,30.5525930820935],[77.3778494009563,30.558119822415698],[77.37432079251302,30.559383857030394],[77.36708695312876,30.55519207710414],[77.36095055943022,30.557329007728995],[77.35957663862766,30.55360292403426],[77.34620769071898,30.553066475680808],[77.34587136494017,30.558154730052905],[77.34081349977379,30.56036450425386],[77.33646865290432,30.559370073822368],[77.32697476284368,30.567611764240638],[77.32601798581976,30.57450112603201],[77.33150995564849,30.57852829285408],[77.3406460080965,30.58100777738188],[77.32188744210609,30.587992122630077],[77.3203448794688,30.583427182463673],[77.3155402743763,30.57912275361849],[77.30905984754014,30.578768481088126],[77.31062598232167,30.57462000239228],[77.32093523846788,30.571176278466826],[77.31879207667707,30.564515553026798],[77.30749060400565,30.567149715468968],[77.30704260850828,30.560629116402513],[77.29932233434975,30.548199111418036],[77.29462062897927,30.549490802256116],[77.28650907456418,30.54486801684151],[77.27803739782959,30.54709630155815],[77.27447980033405,30.551347958697797],[77.28147569731865,30.554007449478494],[77.27401368800976,30.559764875210398],[77.27147286459625,30.556924267635257],[77.26188745630554,30.560236390019735],[77.2608524791301,30.55326573229702],[77.26176316128765,30.546963225528398],[77.25426774750864,30.54819138695892],[77.25734534301388,30.539498762098777],[77.26654852973616,30.534270996004686],[77.27511573927944,30.534821487008212],[77.279404457316,30.52957605830039],[77.28306007745279,30.52894572246849],[77.28532663946942,30.52189135566004],[77.29908651962374,30.522315991218942],[77.30321123589755,30.515175846973815],[77.30589836147801,30.50660480095178],[77.29765890155055,30.501779974457833],[77.2894140430016,30.507129614920522],[77.28323222395227,30.505699970039007],[77.27931246285098,30.508373972077337],[77.27499059791919,30.503372402231957],[77.26942883111614,30.499974345992186],[77.25351781390304,30.50029946191079],[77.24796820720653,30.49927730645708],[77.23631326388056,30.49990339302522],[77.23020645662461,30.49443897780181],[77.22646601867746,30.487278913663186],[77.22013704528604,30.486568100412747],[77.21362891272177,30.48252431857917],[77.21313138840084,30.476472479688006],[77.21716190278421,30.471786423042865],[77.22101032264965,30.47990315269942],[77.22808637269974,30.48544898824423],[77.23750588408413,30.482665341433826],[77.24153159298312,30.48305917990066],[77.2510029361676,30.476982876387588],[77.26536223943188,30.47682593687003],[77.27006292206083,30.47225841321278],[77.27414254817391,30.464864414449313],[77.27327423352088,30.459660579979076],[77.2833302954958,30.457768308829625],[77.29116950352486,30.459230546881933],[77.29439211437773,30.4545081785631],[77.29956701131192,30.453489140644262],[77.3087230578464,30.449158244210405],[77.32110464403942,30.448069325405978],[77.32823383874826,30.455748506056118],[77.34188160545152,30.459935860795653],[77.34668734196731,30.457831141619227],[77.3535830204758,30.46074785408726],[77.36345770318394,30.443246844246385],[77.37768323632571,30.440872978198893],[77.38212701794917,30.441733962512036],[77.3841315915854,30.447530762568825],[77.37835533839309,30.453437887124043],[77.37974425985655,30.455864891265243],[77.37880830703055,30.464206877346886],[77.37156337871315,30.47173722697179],[77.36827197639617,30.47985586846917],[77.36871259047348,30.486240987233963],[77.36629607863978,30.488980953181734],[77.36922319705569,30.494551746410416],[77.3702964211223,30.50152587751425],[77.38070231803943,30.494640503900953],[77.37817881570098,30.488550076161527],[77.38098864803973,30.477257473701286],[77.37724509314485,30.470629453062514],[77.38314199440673,30.469994275506142],[77.38670865215676,30.462090961018713],[77.38218372237003,30.460702711342776],[77.38032929449966,30.453109158840714],[77.38453203242348,30.452976246333495],[77.38950600371102,30.441597357864772],[77.39136924934883,30.431668378051832],[77.4035306763014,30.430883193408636],[77.40613673209374,30.42560174410134],[77.3986418827194,30.41741897663562],[77.40723781430813,30.409959710471885],[77.41184427562861,30.41759839810675],[77.41510486971627,30.418216022896498],[77.41837471668035,30.42605511822001],[77.42196659622341,30.425123428437526],[77.43598081010099,30.43278060646863],[77.4423147059215,30.43922136306129],[77.44542334248852,30.444761170465796],[77.45159276077456,30.44826553373604],[77.45611806057126,30.458536816590406],[77.46058149446448,30.45733533553392],[77.46579442900324,30.451181667705608],[77.46143907815541,30.443883503615194],[77.46156229307974,30.434611133880267],[77.45546736986577,30.43480530191743],[77.44636067316347,30.422935277774684],[77.44499762707609,30.41867491745059],[77.43375876883927,30.41702117821237],[77.43037656185183,30.41168914160028],[77.42381978433583,30.410750926533332],[77.42490228221051,30.404283705687625],[77.4310474765603,30.403171882474055],[77.43849167960028,30.404040941074733],[77.44531764608634,30.395998100887105],[77.454448284602,30.400807302364676],[77.46617346567128,30.402439412405993],[77.47089591340475,30.4005385205426],[77.47572705003144,30.40196828008565],[77.47928565622969,30.405880190496053],[77.49337761396065,30.411655568814137],[77.49870993011147,30.405815195122337],[77.50161165003475,30.408698436947347],[77.50000024024295,30.418468559431727],[77.50190654554847,30.427122337746457],[77.50509456609056,30.43318956837771],[77.51599826701299,30.444387402761084],[77.52011670374534,30.445252596876937],[77.52555480163122,30.44053209865009],[77.52553383772937,30.433871536594083],[77.52882948974406,30.42240616577878],[77.53621425817646,30.411372293751604],[77.54796331084543,30.400374731253336],[77.54668326122517,30.39649982729001],[77.55323648216866,30.390270562853726],[77.57121681111745,30.38084169312525],[77.57872407637912,30.377812670514093],[77.58563208302155,30.379474804406044],[77.58470131143811,30.385287991708612],[77.57912196926902,30.39193369336649],[77.57511700192818,30.39921271067373],[77.5723156908592,30.410450704202308],[77.58618922634881,30.42158377171857],[77.59246001546698,30.423932971948304],[77.59871333013923,30.42815629437979],[77.61284741874177,30.43127588340068],[77.6190584047697,30.43379730466042],[77.62595215386018,30.43469438633787],[77.6319155641343,30.431247784310724],[77.63733416997881,30.433184625303582],[77.6432661047084,30.43184401203637],[77.64606924318237,30.433410842174393],[77.64991285011861,30.446571875821697],[77.654128736685,30.448374572690724],[77.66298090480154,30.447042193937126],[77.67077047143893,30.4441928170135],[77.68801731819494,30.4474249095033],[77.69274153472314,30.449714893230084],[77.69793892702475,30.45585997190506],[77.70720040978225,30.459242118516563],[77.70835942787016,30.461763287019984],[77.72097921256525,30.473004808414913],[77.73172015611486,30.473138336444894],[77.73940366760075,30.476015438869258],[77.748636194452,30.482148163612397],[77.76693180329472,30.4923086820704],[77.77566887536187,30.494311121108954],[77.78307200073193,30.500578667846373],[77.79368668667693,30.500621742517907],[77.80355568336549,30.502021119959156],[77.80828837590117,30.504783841639554],[77.81504895173721,30.505134431339325],[77.8185247483423,30.508069158281323],[77.81825575464273,30.514511032999746],[77.81969641316266,30.5235398028527],[77.8258565107825,30.526251973151265],[77.82779841185513,30.53100207366224],[77.82351386888551,30.541955086976902],[77.8200065449175,30.548031206772716],[77.82237988759285,30.554339334696742],[77.81658361741697,30.561295309931346],[77.806373453467,30.554493632044164],[77.80085743431914,30.5576747846215],[77.79717580827257,30.554060085723073],[77.79073436605051,30.554430425609524],[77.78254217419077,30.559981402013133],[77.77725475632046,30.55756011650267],[77.77179142651555,30.559269826559667],[77.76752165554379,30.56534594790511],[77.76737029614715,30.570284453921026],[77.7606590522756,30.57751749512659],[77.75663563220152,30.5856050395851],[77.74284006385611,30.59560685988471],[77.74334366164797,30.60127722653162]],[[77.57793807479558,30.573954497214892],[77.59111763198014,30.568356963707924],[77.58089864714299,30.565200850484548],[77.57511969263635,30.57158118347322],[77.57793807479558,30.573954497214892]],[[77.5506147351498,30.574939029429125],[77.55461719791279,30.56932504457409],[77.54419025691426,30.569806522304795],[77.54326062750117,30.574144621057766],[77.5506147351498,30.574939029429125]],[[77.33327553588975,30.54307871676447],[77.32962015286587,30.53459099323282],[77.32553809109464,30.537005151417645],[77.32668363442056,30.542996192001826],[77.33327553588975,30.54307871676447]],[[77.32269642371725,30.542690455892497],[77.31918233278711,30.537291536305464],[77.32045164005714,30.53193033790887],[77.3111617773575,30.53189423126806],[77.31028421526076,30.5279003770874],[77.32756822256339,30.524028924010402],[77.3372407100498,30.524946773704656],[77.34760407288731,30.529632631381787],[77.35024267673113,30.524492981013985],[77.34369475314895,30.520284450019375],[77.34431742398203,30.518108872287335],[77.35300735133801,30.516831791166517],[77.36122670001834,30.520764620479166],[77.36802399412278,30.512171834912486],[77.37537486989798,30.51509597065086],[77.3819898717025,30.512230745677844],[77.38297721704892,30.50897153430245],[77.36358730491762,30.508359647775325],[77.34903348713915,30.512688648213516],[77.33967552323827,30.513529736008387],[77.32195796196375,30.522631233847598],[77.30341734212539,30.529513144447606],[77.306967987881,30.53530487812814],[77.31397028011217,30.541647482078698],[77.32269642371725,30.542690455892497]],[[77.3937618559087,30.510765935118325],[77.39000380738358,30.51802511328172],[77.38379659438151,30.52525973307956],[77.38941893849446,30.5267855382387],[77.39336695957235,30.51876813164528],[77.3937618559087,30.510765935118325]],[[77.32598186035771,30.492082932725115],[77.32857081572915,30.49070535197319],[77.32554363523337,30.48403786909656],[77.32829584205774,30.477076276307205],[77.32710042432961,30.473092260577904],[77.31908243311752,30.476512865162174],[77.32222287119225,30.492444076666086],[77.32598186035771,30.492082932725115]]],[[[77.3426449942874,30.6349521109395],[77.33793771037489,30.638044575553497],[77.33219529540618,30.634171915730064],[77.323280975147,30.638632398061297],[77.316015368537,30.638659283914528],[77.3087626778912,30.644586364698945],[77.30181947753415,30.642549167671145],[77.2952229556801,30.64314620375184],[77.29202262819494,30.647410887084245],[77.27949510027628,30.65356771530661],[77.27753330952834,30.657112330811955],[77.27161023824902,30.65266893766765],[77.2690016136274,30.64694657958623],[77.25617721069437,30.651802787977513],[77.24816887576716,30.64941445840467],[77.25264536278063,30.64574365934198],[77.25781181984264,30.644660149487425],[77.26221761864092,30.638197356721875],[77.26833372079409,30.639321403306855],[77.2751415285712,30.634165687670873],[77.2748255724465,30.627563528352393],[77.28069545394915,30.630306685470416],[77.29240320634439,30.62484165011463],[77.29501240181384,30.618503581323115],[77.29409504259768,30.615208778887236],[77.30518933657353,30.61277027035318],[77.31300261552619,30.61501123479099],[77.31877379767015,30.6225290228272],[77.32309459747593,30.624935734800815],[77.32298118766997,30.628467409628392],[77.33287830572067,30.63106276411475],[77.33719738234065,30.63576011640297],[77.3426449942874,30.6349521109395]],[[77.28964239791382,30.638120953709397],[77.28970563628872,30.634860033064044],[77.28219023485188,30.635007453797108],[77.28338686518912,30.641097887011927],[77.28964239791382,30.638120953709397]],[[77.3053472526469,30.626530127752243],[77.30914867599517,30.62146085180493],[77.30154852130728,30.619142481300226],[77.29773695954866,30.626096842252167],[77.3053472526469,30.626530127752243]]]]},"properties":{"District":"SIRMAUR","STATE":"HIMACHAL PRADESH","TEHSIL":"PAONTA SAHIB","Shape_Leng":443148.603776,"Shape_Area":714515939.347}},
{"type":"Feature","geometry":{"type":"Polygon","coordinates":[[[78.74985067023151,31.902059870830488],[78.75013791738195,31.904482218618938],[78.7615733101067,31.912828944743488],[78.77069852904695,31.92264737235388],[78.77815557715451,31.935155301695524],[78.78015390920271,31.951953800585798],[78.78615157474218,31.97307350584811],[78.78855243595778,31.993231551537338],[78.78555309661449,31.99730959545819],[78.77781811238025,31.99925122080166],[78.76638330059139,31.999390424676847],[78.75810499990875,32.00095341121595],[78.73535956430926,32.02327825879775],[78.71890522436362,32.03572400187179],[78.70777128940568,32.046862215972794],[78.69619428481542,32.06270392769385],[78.68342569207408,32.07270679031306],[78.68026979415609,32.07693806438071],[78.67130440130732,32.071050482373],[78.6679340305629,32.07037348392383],[78.65649966733197,32.07419783044447],[78.65248124751349,32.07057580952765],[78.65240238735541,32.066192859341356],[78.64908204446654,32.06212818773815],[78.63950254237966,32.06047466891988],[78.62871800294127,32.06713421777747],[78.62493054684734,32.063025020076914],[78.62402350558155,32.05759177726889],[78.62044845992739,32.05302605663088],[78.6147350433029,32.049380043386584],[78.60900783305796,32.049107846453694],[78.60472258699781,32.05143435365227],[78.6069168802263,32.05670835058263],[78.60316888029557,32.06344619050827],[78.59667791422606,32.067188911212575],[78.59059531900603,32.06667083232182],[78.58759609073786,32.06256411180998],[78.58019522143205,32.06444411493391],[78.56950863207587,32.05974089070117],[78.55260674084701,32.06004077659716],[78.54942383557218,32.06154102648445],[78.53621005030335,32.056342298600036],[78.52972237009088,32.057200177169925],[78.52184312588078,32.05049372998444],[78.50901364048381,32.04746657663471],[78.50260271305918,32.048425724757315],[78.49731680574573,32.05262734267022],[78.48750868929514,32.05140765591413],[78.47441184280557,32.05425713027111],[78.4737443624235,32.05720886327668],[78.46420580352215,32.060334605882886],[78.45531936763554,32.061742262882],[78.4503195245852,32.05977244742773],[78.45045861599363,32.0528172366484],[78.44707708816065,32.049515398795066],[78.44461471851429,32.0427029165024],[78.44592557824606,32.03815891086297],[78.43761906636158,32.01870086591008],[78.43759074797948,32.01219426901131],[78.44150289624086,31.99955485796573],[78.43981616377455,31.983218594110735],[78.43319495882288,31.977699628887407],[78.4368743001315,31.96994322650641],[78.44350201519583,31.96858662977166],[78.45384318536256,31.96299797086615],[78.45972201174679,31.957886404041997],[78.45349307563414,31.94866799477336],[78.45749193538154,31.941919036565288],[78.46112244336945,31.941942086065556],[78.4789295568164,31.946257949416744],[78.48817997708298,31.94036543824916],[78.49864299895656,31.93529653823641],[78.49223886445942,31.930390122465496],[78.49489948901217,31.92423170657381],[78.4951206940972,31.918949619401825],[78.501766196652,31.913055239511447],[78.49848183608324,31.910375380676232],[78.49034491613806,31.907396293826864],[78.48727157396225,31.903338615483097],[78.47327717819944,31.89463784242624],[78.47546085590994,31.891357331833266],[78.47332698603529,31.887477682506322],[78.46487841769496,31.88732732333898],[78.4680845991259,31.873543758951175],[78.47219622470607,31.869898370216074],[78.48309265987297,31.86394661058647],[78.49055493437749,31.86532464832165],[78.49280852020878,31.871709332739325],[78.5049802614904,31.874712789885013],[78.52276263077981,31.87144879819669],[78.52875087455156,31.867977465558788],[78.54240951350806,31.866928877313413],[78.55070197924051,31.864167942125967],[78.56552014119568,31.867052176031763],[78.57105473398036,31.865297667249095],[78.58710144409538,31.865508714111286],[78.60496891036547,31.85986254116202],[78.60450388973435,31.86709815349935],[78.59556069059235,31.877097732584797],[78.59727462308408,31.883004832341125],[78.60245624922223,31.88434175703412],[78.61183443631461,31.89355105124473],[78.61299471204256,31.89733692828992],[78.60570519848707,31.905864579166604],[78.59857467034067,31.905620787770136],[78.59793832322885,31.909790088595862],[78.60183166556983,31.912053926023326],[78.60468280333554,31.923699217537468],[78.60322709096359,31.926048478168134],[78.59197633986982,31.92854773054256],[78.59310027570939,31.930603122632377],[78.61085698781399,31.937543004527083],[78.61807060816915,31.943285206751515],[78.62753761677698,31.943885526332945],[78.6358850470123,31.94249334013105],[78.64083250808098,31.94025198321862],[78.65410914336887,31.93712679852754],[78.65947158568595,31.934180522990726],[78.67403779342442,31.93139250269427],[78.6811656989504,31.92584326038533],[78.68819446354128,31.923888152269416],[78.69844296585434,31.915307407777675],[78.71638453263031,31.90858334033528],[78.72751875922454,31.910005910985415],[78.73978178034797,31.90227812520013],[78.74985067023151,31.902059870830488]]]},"properties":{"District":"KINNAUR","STATE":"HIMACHAL PRADESH","TEHSIL":"HANGRANG","Shape_Leng":126162.028723,"Shape_Area":500217415.299}},
{"type":"Feature","geometry":{"type":"Polygon","coordinates":[[[78.17226178629578,31.860920270630842],[78.16269465787444,31.859135161935605],[78.15385631259029,31.86125120375127],[78.14789698625654,31.86721083168266],[78.14248981147809,31.86508820405633],[78.13103119880424,31.865939582845595],[78.1275542473863,31.86746435649097],[78.12164942677016,31.866282073220848],[78.11610188785673,31.861037303048803],[78.1049240121262,31.85655761898724],[78.09858736766527,31.858079459279413],[78.09065920947586,31.855099381684195],[78.09420047367885,31.850773791229955],[78.08773529382289,31.848676792580648],[78.08363468089097,31.845082213234264],[78.08702447147111,31.841438008578862],[78.09303547458966,31.83970023932622],[78.09767932217333,31.8352814506542],[78.09192255857526,31.830031910685403],[78.09608139739852,31.824134090083433],[78.09325849998811,31.815633199573256],[78.08974089209063,31.809742551357242],[78.08619038183454,31.80760353268667],[78.08288207129438,31.797240338137136],[78.08468540276263,31.787866758447333],[78.07635454268636,31.783113956452944],[78.07884880889681,31.778143821045784],[78.08481842461192,31.77128009171955],[78.0972179059373,31.769036640940744],[78.09829011285936,31.764626634851354],[78.11007867531066,31.761715380802826],[78.11078553162564,31.758151620977408],[78.10664645481162,31.755838510273932],[78.10679200875835,31.75166198318117],[78.0967908453926,31.745823755438913],[78.0937081824676,31.736782773841202],[78.09401737994806,31.727622382645052],[78.09120122820956,31.723692173324693],[78.09181325831679,31.718745112840104],[78.10146105907343,31.71417117181868],[78.0991268140537,31.706359184111818],[78.10264193237289,31.70340250102632],[78.10694223989877,31.704406837459764],[78.12095593358907,31.695063512524282],[78.1271905264299,31.69378664371868],[78.13578861818407,31.695599531463],[78.143939400773,31.690170037648798],[78.15488385077383,31.689805310645372],[78.15962982453625,31.686353498433363],[78.16338817231436,31.6870497592716],[78.17110285878162,31.68066658918219],[78.17631394338902,31.679477820207364],[78.18287855142182,31.684395021410687],[78.18708866034838,31.692390816562586],[78.19782922533497,31.690928637865653],[78.20435282086068,31.6876252394219],[78.21888036453377,31.69027822273951],[78.24227694139799,31.68635967440117],[78.24420764244154,31.683234210466956],[78.25438567730502,31.679689684251635],[78.26308304789791,31.67277742493361],[78.26680927024535,31.67302000685047],[78.27467555649247,31.67023186887936],[78.28601086169411,31.660924461636487],[78.29030658648048,31.65891976468511],[78.29286095208751,31.653014316110305],[78.30136499823186,31.65000614837489],[78.30542092501332,31.64410765248781],[78.31098427232067,31.6408583553902],[78.31171549693616,31.634750341721283],[78.299650988411,31.63405314058948],[78.29065408198156,31.629522867302253],[78.29746339807049,31.613546474812228],[78.31281539759726,31.60348358183049],[78.3129208423125,31.59942283573142],[78.30035967346507,31.59634714119853],[78.2913707654653,31.590982540400784],[78.28715229879786,31.58229586594406],[78.28161203947654,31.57385930458975],[78.28575493644264,31.570311643287422],[78.29333601894244,31.569639993538228],[78.30901182057492,31.55721159507105],[78.31555459000457,31.55320365166454],[78.32322227057173,31.552439140387804],[78.33916652992563,31.54415703569687],[78.35016161359631,31.536827190220478],[78.35890617540697,31.533817302428858],[78.36241338513915,31.5262411017842],[78.36253646406404,31.51876853913323],[78.36480495058315,31.514744953503055],[78.37035547900928,31.513080406759],[78.36929362217371,31.507410618942696],[78.37331093426394,31.499553608864304],[78.37611961022802,31.49762066589704],[78.37441564606009,31.491962313688806],[78.36913103782832,31.48614829795947],[78.36801603779219,31.482219424812317],[78.37165857568019,31.47555570868348],[78.37691072361307,31.476190339136668],[78.38444726511652,31.47233507638544],[78.39125299842038,31.471052882153064],[78.39653164777661,31.472176782515984],[78.40298684449041,31.467516155599466],[78.3997873641703,31.459006750041347],[78.40241929929331,31.45239496644167],[78.41613921126749,31.446075751346374],[78.42021640387273,31.438780358355007],[78.4188757993011,31.433587441866685],[78.41217965534496,31.428656520954654],[78.41335548764401,31.425342980200895],[78.41984585214782,31.423273811180454],[78.41876296418259,31.418767843500177],[78.4217861682063,31.415239904722178],[78.42953479815036,31.414012998393066],[78.43957247121949,31.415654554271374],[78.45328878525387,31.422556170012292],[78.45281961795165,31.414301199100315],[78.45005615539607,31.40661325742943],[78.45357157992835,31.39521100451485],[78.46053174986099,31.38835503080173],[78.47781415563075,31.382417186810823],[78.48737198815623,31.38746029296547],[78.49730904926652,31.389166203172806],[78.49632040278847,31.380200593801],[78.49861566494717,31.37544400344986],[78.50700211017724,31.371959524977438],[78.51556215263224,31.37211564364946],[78.51771109501844,31.36748672672427],[78.52204862245877,31.365600242432215],[78.53077941777977,31.366925590942415],[78.5438746580738,31.36705716935554],[78.54283897678748,31.35996821529783],[78.53620033395912,31.355408309258436],[78.53698089489815,31.350732271503148],[78.54670046292843,31.348324993870957],[78.549252125258,31.344339974333973],[78.55997127687212,31.340467764275985],[78.57216465437476,31.342190138826815],[78.5812815124532,31.34154605374859],[78.58945321219421,31.32970864236242],[78.5992414398648,31.33279733872128],[78.6055495040214,31.33668183384355],[78.61268212980478,31.337430985242783],[78.61868279245715,31.33282412642318],[78.63373578910078,31.33065855373988],[78.64034688073231,31.330732042619374],[78.6441784174092,31.333221456326125],[78.65142804428082,31.334039129230206],[78.6554809474816,31.33983922577735],[78.66336821093154,31.34103129104035],[78.67509766193965,31.33721761922341],[78.68468178097267,31.337786537510638],[78.69146815839757,31.334121831948192],[78.70324578756339,31.336878675757657],[78.70466640869552,31.341057410671016],[78.70206103531191,31.345492481917837],[78.70829766745955,31.347754091505145],[78.72234145446839,31.344680859548482],[78.72683604814226,31.347064118356794],[78.72452447299503,31.351996149291846],[78.73656771710115,31.35616200930835],[78.73927165717562,31.358578046104377],[78.73991392843823,31.365197021560764],[78.7446140020697,31.366386605653027],[78.74655891731146,31.367527867155914],[78.7572504260402,31.372900409776737],[78.77605075138617,31.37953529047245],[78.78682199460326,31.389553957237613],[78.7925736746457,31.396072459076418],[78.80034441327948,31.403302890886962],[78.81093320317738,31.40916776813886],[78.81658575045873,31.419281380537548],[78.81871172979788,31.428854216900415],[78.81809893896019,31.440363279660225],[78.81277826649426,31.449737425878595],[78.79550765626315,31.462698105668373],[78.77357378869195,31.473939933808907],[78.76663397297956,31.4864220910984],[78.75737239328039,31.48765011073672],[78.74314947790937,31.480397995111435],[78.73623940927845,31.480572218415254],[78.73428418995556,31.484983984818534],[78.73522480045871,31.492963319546963],[78.72838662321914,31.514767480927354],[78.72898054116177,31.519807109933364],[78.7359531746438,31.52853744259944],[78.74704821671179,31.53860754432028],[78.75740107103299,31.542377285497192],[78.76980908300243,31.542573745481178],[78.77840077957467,31.548191790249273],[78.78385925165696,31.556627295472172],[78.79100697016926,31.56114008728673],[78.80295198333262,31.563028071249676],[78.81891365642919,31.57224486120525],[78.82934201992998,31.584912811264925],[78.84581092056385,31.59832550911701],[78.85334150709464,31.607426412443353],[78.85199057479868,31.616879189637913],[78.83994243475661,31.628114706628473],[78.82410536694915,31.636708994423998],[78.80699232963448,31.647109183103243],[78.80033528265692,31.65787100252865],[78.79821945458573,31.68181488962241],[78.79483167616357,31.68253350632659],[78.7869167744185,31.678553698135595],[78.77581408629614,31.676971316775404],[78.76117555393824,31.680483400706212],[78.75981941066773,31.6714411889108],[78.76105267121591,31.664702168973832],[78.75364724366052,31.656175032405063],[78.7481919798086,31.65289554077112],[78.74762906026947,31.649580550333944],[78.74268108420576,31.644066735392993],[78.7360118826246,31.644338015348918],[78.7292506788927,31.639637278025255],[78.71300167123718,31.639527177823425],[78.71063842369391,31.636853791673058],[78.70285888239675,31.635465529536763],[78.69721325319044,31.638363024674412],[78.69011631777516,31.638569902104795],[78.68573401281057,31.641103029658446],[78.67820286897306,31.639750509143887],[78.66406612097326,31.646937338744383],[78.6539059534921,31.646573434708273],[78.65152136413916,31.649760333261256],[78.64511995574028,31.64909911354019],[78.63840128597806,31.65228738333015],[78.63758089684336,31.65571090121539],[78.62738009837204,31.66001631292374],[78.62381665139999,31.665219529796854],[78.61183848576661,31.661976485929685],[78.59674076753103,31.670187053890846],[78.58480317975285,31.673036526896887],[78.57713189110146,31.676553638612063],[78.57461201867989,31.672860643393236],[78.56984571172606,31.671030341911635],[78.54704936372741,31.669748834546777],[78.54450843728921,31.671064522471077],[78.53717304381783,31.66752370503421],[78.5283609877183,31.665542095804096],[78.52198526158881,31.665496509800057],[78.51535629741825,31.667712578529645],[78.50578200271471,31.66878624251915],[78.49309766800756,31.668619788075663],[78.4828163403192,31.670020149985906],[78.474212529791,31.6671395849599],[78.4704337197258,31.663914384868512],[78.45626328245288,31.66713382446582],[78.44971272970234,31.665337328783465],[78.44484857588657,31.661420330380874],[78.4422702655034,31.653572692621804],[78.44551571005869,31.644924259102826],[78.43350375254155,31.643350936887238],[78.42314984302129,31.658530569676323],[78.4203106480954,31.66043337160495],[78.41560945323748,31.667861934508814],[78.41318397245793,31.68004440873271],[78.41049590143959,31.68362707985411],[78.40902263189837,31.690483130452392],[78.4053590617436,31.69586198560083],[78.39610341438308,31.702275859287507],[78.38910162344533,31.70532809068205],[78.39070816888515,31.718241711916317],[78.39727386009241,31.720518983410848],[78.40570634140606,31.72551662965917],[78.39287341656551,31.726843260004095],[78.38635860709049,31.723749236070933],[78.38061441567415,31.73416358566246],[78.37583225949982,31.73478345478359],[78.37086387922068,31.728127958013562],[78.36437124879286,31.72290885097198],[78.35956007969935,31.722225380321962],[78.35681877102236,31.726357562351406],[78.34815708668492,31.729763436643783],[78.33941270103013,31.73150582634637],[78.33291855912954,31.73711975559503],[78.33017371558603,31.745169543072457],[78.32810177929343,31.757504644541594],[78.33224355672192,31.761090941382484],[78.33129007217352,31.76490629349773],[78.32095127870913,31.773188365505533],[78.31350017438542,31.775610035358472],[78.30961042890414,31.782413210534497],[78.30511007238087,31.783000507226973],[78.2991340142083,31.7879221167952],[78.29697537000867,31.7936431836198],[78.29743258621686,31.798404356230318],[78.2813635329439,31.80061857049759],[78.275282765303,31.797320632389656],[78.26856230328778,31.802433093582977],[78.26778622407822,31.80553839441208],[78.25998097213463,31.807450982767804],[78.24864693876931,31.814794845504935],[78.24054002166466,31.81675430461714],[78.23164654880021,31.81438340657359],[78.22568086216808,31.814540237183795],[78.22211930022267,31.80997550612179],[78.21285260042893,31.81572269844333],[78.20689746617951,31.821974441072097],[78.1982062568768,31.820108829415336],[78.19497039113958,31.822285507209443],[78.19011153445959,31.831768020559796],[78.19042327721756,31.837117028294053],[78.18558008894264,31.847915807774356],[78.18152495321705,31.85306203683423],[78.17226178629578,31.860920270630842]]]},"properties":{"District":"KINNAUR","STATE":"HIMACHAL PRADESH","TEHSIL":"MORANG","Shape_Leng":286156.57041,"Shape_Area":1751222127.85}},
{"type":"Feature","geometry":{"type":"Polygon","coordinates":[[[78.45749193538154,31.941919036565288],[78.4563616782936,31.937683081327524],[78.44634533471046,31.93509739259482],[78.43995954035115,31.936450529943194],[78.43469939074738,31.93452089495904],[78.4276761616085,31.9369130775217],[78.4208698051768,31.934498989538145],[78.41011753113285,31.94354678940381],[78.40875559132901,31.947177752815637],[78.39839989514385,31.954322258040744],[78.39389885290635,31.95262862349203],[78.38102461313802,31.955012654412847],[78.3719400305056,31.958644821276295],[78.36610195823232,31.959036909353255],[78.36637045099661,31.951177963976132],[78.35265707432968,31.937820810893296],[78.34590089811725,31.93654360378622],[78.3423560613742,31.931202369152643],[78.33535352670324,31.934123865034138],[78.32305734945463,31.93425267140001],[78.31017412596282,31.93708307306422],[78.30383425016642,31.93368649325454],[78.29924998089514,31.924983938232742],[78.28990261395808,31.926014430844802],[78.27523921322464,31.932537043225334],[78.26911557544592,31.93418741219961],[78.26381891551989,31.931619011634414],[78.25517301068675,31.93202580892489],[78.24893338982687,31.933871020047366],[78.22461693207754,31.931181689793373],[78.21556249557021,31.933297264870763],[78.20150211376554,31.931716745631274],[78.19452892042959,31.925955636091132],[78.19366332264524,31.917173975611338],[78.18221033020558,31.91518165297452],[78.18268335159438,31.91057932941483],[78.18633797821656,31.9034520640395],[78.18328199010224,31.89553843704791],[78.18594784094435,31.8923723944777],[78.18279692482278,31.888750881021064],[78.18674955114858,31.88248680532915],[78.18617135232077,31.87750552500006],[78.18964094297571,31.87150461369259],[78.18152114769892,31.865090676477763],[78.17399754204034,31.8652401452009],[78.17226178629578,31.860920270630842],[78.18152495321705,31.85306203683423],[78.18558008894264,31.847915807774356],[78.19042327721756,31.837117028294053],[78.19011153445959,31.831768020559796],[78.19497039113958,31.822285507209443],[78.1982062568768,31.820108829415336],[78.20689746617951,31.821974441072097],[78.21285260042893,31.81572269844333],[78.22211930022267,31.80997550612179],[78.22568086216808,31.814540237183795],[78.23164654880021,31.81438340657359],[78.24054002166466,31.81675430461714],[78.24864693876931,31.814794845504935],[78.25998097213463,31.807450982767804],[78.26778622407822,31.80553839441208],[78.26856230328778,31.802433093582977],[78.275282765303,31.797320632389656],[78.2813635329439,31.80061857049759],[78.29743258621686,31.798404356230318],[78.29697537000867,31.7936431836198],[78.2991340142083,31.7879221167952],[78.30511007238087,31.783000507226973],[78.30961042890414,31.782413210534497],[78.31350017438542,31.775610035358472],[78.32095127870913,31.773188365505533],[78.33129007217352,31.76490629349773],[78.33224355672192,31.761090941382484],[78.32810177929343,31.757504644541594],[78.33017371558603,31.745169543072457],[78.33291855912954,31.73711975559503],[78.33941270103013,31.73150582634637],[78.34815708668492,31.729763436643783],[78.35681877102236,31.726357562351406],[78.35956007969935,31.722225380321962],[78.36437124879286,31.72290885097198],[78.37086387922068,31.728127958013562],[78.37583225949982,31.73478345478359],[78.38061441567415,31.73416358566246],[78.38635860709049,31.723749236070933],[78.39287341656551,31.726843260004095],[78.40570634140606,31.72551662965917],[78.39727386009241,31.720518983410848],[78.39070816888515,31.718241711916317],[78.38910162344533,31.70532809068205],[78.39610341438308,31.702275859287507],[78.4053590617436,31.69586198560083],[78.40902263189837,31.690483130452392],[78.41049590143959,31.68362707985411],[78.41318397245793,31.68004440873271],[78.41560945323748,31.667861934508814],[78.4203106480954,31.66043337160495],[78.42314984302129,31.658530569676323],[78.43350375254155,31.643350936887238],[78.44551571005869,31.644924259102826],[78.4422702655034,31.653572692621804],[78.44484857588657,31.661420330380874],[78.44971272970234,31.665337328783465],[78.45626328245288,31.66713382446582],[78.4704337197258,31.663914384868512],[78.474212529791,31.6671395849599],[78.4828163403192,31.670020149985906],[78.49309766800756,31.668619788075663],[78.50578200271471,31.66878624251915],[78.51535629741825,31.667712578529645],[78.52198526158881,31.665496509800057],[78.5283609877183,31.665542095804096],[78.53717304381783,31.66752370503421],[78.54450843728921,31.671064522471077],[78.54704936372741,31.669748834546777],[78.56984571172606,31.671030341911635],[78.57461201867989,31.672860643393236],[78.57713189110146,31.676553638612063],[78.58480317975285,31.673036526896887],[78.59674076753103,31.670187053890846],[78.61183848576661,31.661976485929685],[78.62381665139999,31.665219529796854],[78.62738009837204,31.66001631292374],[78.63758089684336,31.65571090121539],[78.63840128597806,31.65228738333015],[78.64511995574028,31.64909911354019],[78.65152136413916,31.649760333261256],[78.6539059534921,31.646573434708273],[78.66406612097326,31.646937338744383],[78.67820286897306,31.639750509143887],[78.68573401281057,31.641103029658446],[78.69011631777516,31.638569902104795],[78.69721325319044,31.638363024674412],[78.70285888239675,31.635465529536763],[78.71063842369391,31.636853791673058],[78.71300167123718,31.639527177823425],[78.7292506788927,31.639637278025255],[78.7360118826246,31.644338015348918],[78.74268108420576,31.644066735392993],[78.74762906026947,31.649580550333944],[78.7481919798086,31.65289554077112],[78.75364724366052,31.656175032405063],[78.76105267121591,31.664702168973832],[78.75981941066773,31.6714411889108],[78.76117555393824,31.680483400706212],[78.75401918070878,31.685647659821097],[78.74485286851095,31.700441232362852],[78.74363831045771,31.71115282994101],[78.741341467683,31.72110938182776],[78.7314299939254,31.733844588843205],[78.72839171104528,31.741743437101167],[78.73326637309331,31.749383761230362],[78.74069357723461,31.75340944418645],[78.74119036727019,31.757609190604786],[78.73195051934175,31.75925532815625],[78.72015768856778,31.764514871015283],[78.71554749389703,31.775942745960844],[78.70985362961432,31.786615139415016],[78.70991467067392,31.799761743605792],[78.71429907834371,31.807445159455582],[78.72168493882738,31.815294211039966],[78.73202339203188,31.822888385032],[78.74020750111809,31.837456024794278],[78.74584004541401,31.855637766739626],[78.74512111919864,31.870549227787965],[78.74764275525372,31.879241291538882],[78.7527695951093,31.884738558415027],[78.74985067023151,31.902059870830488],[78.73978178034797,31.90227812520013],[78.72751875922454,31.910005910985415],[78.71638453263031,31.90858334033528],[78.69844296585434,31.915307407777675],[78.68819446354128,31.923888152269416],[78.6811656989504,31.92584326038533],[78.67403779342442,31.93139250269427],[78.65947158568595,31.934180522990726],[78.65410914336887,31.93712679852754],[78.64083250808098,31.94025198321862],[78.6358850470123,31.94249334013105],[78.62753761677698,31.943885526332945],[78.61807060816915,31.943285206751515],[78.61085698781399,31.937543004527083],[78.59310027570939,31.930603122632377],[78.59197633986982,31.92854773054256],[78.60322709096359,31.926048478168134],[78.60468280333554,31.923699217537468],[78.60183166556983,31.912053926023326],[78.59793832322885,31.909790088595862],[78.59857467034067,31.905620787770136],[78.60570519848707,31.905864579166604],[78.61299471204256,31.89733692828992],[78.61183443631461,31.89355105124473],[78.60245624922223,31.88434175703412],[78.59727462308408,31.883004832341125],[78.59556069059235,31.877097732584797],[78.60450388973435,31.86709815349935],[78.60496891036547,31.85986254116202],[78.58710144409538,31.865508714111286],[78.57105473398036,31.865297667249095],[78.56552014119568,31.867052176031763],[78.55070197924051,31.864167942125967],[78.54240951350806,31.866928877313413],[78.52875087455156,31.867977465558788],[78.52276263077981,31.87144879819669],[78.5049802614904,31.874712789885013],[78.49280852020878,31.871709332739325],[78.49055493437749,31.86532464832165],[78.48309265987297,31.86394661058647],[78.47219622470607,31.869898370216074],[78.4680845991259,31.873543758951175],[78.46487841769496,31.88732732333898],[78.47332698603529,31.887477682506322],[78.47546085590994,31.891357331833266],[78.47327717819944,31.89463784242624],[78.48727157396225,31.903338615483097],[78.49034491613806,31.907396293826864],[78.49848183608324,31.910375380676232],[78.501766196652,31.913055239511447],[78.4951206940972,31.918949619401825],[78.49489948901217,31.92423170657381],[78.49223886445942,31.930390122465496],[78.49864299895656,31.93529653823641],[78.48817997708298,31.94036543824916],[78.4789295568164,31.946257949416744],[78.46112244336945,31.941942086065556],[78.45749193538154,31.941919036565288]]]},"properties":{"District":"KINNAUR","STATE":"HIMACHAL PRADESH","TEHSIL":"POOH","Shape_Leng":212682.456325,"Shape_Area":1217420153.58}},
{"type":"Feature","geometry":{"type":"Polygon","coordinates":[[[78.15690321496407,31.514234127303848],[78.14240470120991,31.51981060143133],[78.13150109553406,31.51843305868747],[78.12424061435308,31.51396552834343],[78.11353451302323,31.51228254275491],[78.11669903290272,31.50660505961317],[78.11783050742075,31.498181187671136],[78.11606580145984,31.492298754056854],[78.11625922474167,31.485104969712644],[78.11845470452141,31.477677361731278],[78.11599601820612,31.472693707085167],[78.12107840046602,31.46911407909399],[78.12373384177147,31.461934861773617],[78.12057830876628,31.453647646105164],[78.10911827446134,31.452124154213294],[78.10615823785402,31.450039447456415],[78.10220372429484,31.44297171846901],[78.10123331247486,31.43556251105983],[78.10519011250622,31.428967591841644],[78.10153574231693,31.419151036844234],[78.10576096960794,31.41084476082066],[78.11034016836446,31.40899249278146],[78.11715715865427,31.409181299748685],[78.12737570612576,31.405367211738138],[78.13085623602215,31.39789187567055],[78.13967714827241,31.394296628862698],[78.14359226517867,31.387655801533445],[78.14799865760352,31.386867919918114],[78.15180397295681,31.389818855564272],[78.16146601906952,31.384640790896285],[78.16455689912782,31.377384597159846],[78.15977043135554,31.369442308620172],[78.15066087527696,31.360316586825167],[78.15380646311931,31.354958552200934],[78.16235036236183,31.34418558896474],[78.16611492797566,31.34649166256971],[78.1711625671144,31.344195675230925],[78.17686785609573,31.33691975567283],[78.18274083030715,31.338908343184684],[78.18946908480756,31.33327735474091],[78.1968139262519,31.329516105012164],[78.20817687785924,31.328597891362215],[78.21217575895083,31.324150276836455],[78.21959870467569,31.32534246777544],[78.22853303613654,31.332453899302283],[78.23372965293524,31.33288200000879],[78.23755909151947,31.341642407561608],[78.24517576059922,31.341059148588396],[78.25371443372292,31.32957702528027],[78.2577082657917,31.326877556243037],[78.26451463881801,31.32669339348203],[78.26752420903769,31.324666188595423],[78.27971760744525,31.32386426653063],[78.28615764240536,31.325346560161247],[78.29083259845352,31.32413171477462],[78.29515444910201,31.318239911444444],[78.30123854325758,31.31485964599801],[78.29675978952085,31.310806241443938],[78.29734704611907,31.30268392338339],[78.29152063080087,31.293336676201726],[78.29677077738914,31.288603352054757],[78.31124998101654,31.2826913142612],[78.31803139805308,31.27892159236433],[78.33186665713275,31.277611514537174],[78.33990824032063,31.28267476008418],[78.34739097113034,31.280360709689404],[78.35196988031413,31.280602518685637],[78.36227441531324,31.28463430637019],[78.37031584123906,31.286334400450404],[78.37850577915495,31.284592990007813],[78.38413374473825,31.2816311725982],[78.38629753399344,31.271432523820113],[78.39064051487485,31.274620840983925],[78.39593474115516,31.275435469573253],[78.39618827928577,31.269943163216485],[78.40729860186103,31.255780822681647],[78.40282960335784,31.247889879236006],[78.40695177353794,31.242187900227268],[78.41267708563498,31.239611313618674],[78.42073707790888,31.24405283616033],[78.42591011389331,31.24425494450546],[78.43115595096144,31.2527457433198],[78.43601408592792,31.254396447036477],[78.44305491898278,31.244771826639866],[78.4493612135378,31.240841895762944],[78.45518485997603,31.241222393632476],[78.46174042719383,31.236026736241065],[78.47285686320164,31.218446607945673],[78.47979871126849,31.213780008764417],[78.48375243473409,31.198937200756944],[78.49699428060852,31.198179369969594],[78.50756411220928,31.19587088988681],[78.54357638123167,31.198255627331086],[78.55197744670495,31.20019733813262],[78.55536834769755,31.20464496692536],[78.56511082375106,31.21305344990413],[78.56894211655803,31.219542494787582],[78.57450207984087,31.22102547514125],[78.57971771482963,31.225898081414496],[78.58949956693604,31.22666561320954],[78.59733099639456,31.225400712658544],[78.60679936708794,31.229238515872222],[78.61389747140846,31.22837646609138],[78.6225715545462,31.224066258103107],[78.62596724857121,31.21786698424289],[78.64004871646782,31.21440934213611],[78.64624066990636,31.215109547150455],[78.64858467437229,31.212806242969602],[78.6500324838651,31.200572874475547],[78.6573184534267,31.19572537715341],[78.66172147357742,31.1892257785123],[78.66734689544049,31.190751798615384],[78.67190214650911,31.196880280860647],[78.67882310869912,31.19625304046374],[78.68777674265834,31.197497696266346],[78.69499994752915,31.192169785068522],[78.70400106476559,31.188961994640852],[78.71188895059885,31.189513762207653],[78.71833108058695,31.18776524447946],[78.72672759221315,31.189697993435708],[78.7379533713502,31.188333066767125],[78.75641018471511,31.18783491330929],[78.76147312225751,31.186154355823184],[78.7694681844181,31.18639727729672],[78.77915659673806,31.188892384604237],[78.79674613246605,31.196412152775466],[78.80991373182857,31.1982846132435],[78.81604128199555,31.19476948859171],[78.81738267833674,31.189609063887325],[78.8143014124002,31.18754311081119],[78.81046856297876,31.18026080845169],[78.81072406674004,31.17187106211053],[78.82488573108493,31.1635069933629],[78.82295846821579,31.15774064929302],[78.827956694534,31.15113052430295],[78.83120598296996,31.140595802636486],[78.83813618891682,31.138343965505168],[78.83990540286416,31.13271193370295],[78.84355548366345,31.12789285622365],[78.85294092457391,31.122274838523047],[78.86524413105852,31.12000758520715],[78.87288684322039,31.10885952115673],[78.8837687467553,31.099469066694155],[78.88998702104911,31.09705251474869],[78.900439100686,31.09979333228043],[78.9085998076183,31.098860865335716],[78.91194661418758,31.10138599164378],[78.91356513870264,31.108209021605383],[78.9205689853454,31.11072287517209],[78.92654709795916,31.108805742396314],[78.93223142758865,31.100682256849744],[78.93699589167666,31.101612156323434],[78.94511639385071,31.100571859834726],[78.94925361322144,31.098254222940877],[78.95917759097831,31.099445633249427],[78.96757940843572,31.103817092686633],[78.97299199554023,31.108081229784478],[78.99004168653397,31.10852211251544],[79.00215696161585,31.11242103759264],[79.0089141270156,31.110276528473978],[79.0064756913189,31.11911836050516],[78.9985546705602,31.13561077704006],[78.99091657554247,31.137960000570466],[78.98748288668646,31.143564336318537],[78.9908276109687,31.14816430088118],[78.98824013033658,31.155135026791214],[78.99050101826688,31.161266112998774],[78.98590870680253,31.17383201437237],[78.9795186245504,31.178738513935084],[78.9726560522511,31.179914863750465],[78.95753158285133,31.186594265727265],[78.95831296978142,31.190367623914025],[78.94768524324277,31.19910408819384],[78.94383340886176,31.20648423938998],[78.94824649450969,31.21242812557153],[78.94664314012782,31.21608209280063],[78.93157234620759,31.215998456041977],[78.92604763354677,31.220069909035814],[78.92205566147982,31.225311422211103],[78.92203248551846,31.231538223999518],[78.9196398184667,31.24042291600736],[78.91610034447116,31.248593339034738],[78.91154775656027,31.251472191435877],[78.91207011266378,31.25510215677665],[78.90376921288963,31.25888918179385],[78.89879370856485,31.26272206866447],[78.89702630819757,31.27687964635971],[78.8924126188005,31.287893388432913],[78.87271140079042,31.309143540862664],[78.85464742367859,31.323457717704837],[78.86006029349022,31.33571161637381],[78.86380671089275,31.346414495355123],[78.8587676223069,31.36637392133601],[78.84793203735197,31.379203602709506],[78.83624478782191,31.38489377457446],[78.82356796332506,31.38642640247329],[78.80482568286587,31.391032536901143],[78.7925736746457,31.396072459076418],[78.78682199460326,31.389553957237613],[78.77605075138617,31.37953529047245],[78.7572504260402,31.372900409776737],[78.74655891731146,31.367527867155914],[78.7446140020697,31.366386605653027],[78.73991392843823,31.365197021560764],[78.73927165717562,31.358578046104377],[78.73656771710115,31.35616200930835],[78.72452447299503,31.351996149291846],[78.72683604814226,31.347064118356794],[78.72234145446839,31.344680859548482],[78.70829766745955,31.347754091505145],[78.70206103531191,31.345492481917837],[78.70466640869552,31.341057410671016],[78.70324578756339,31.336878675757657],[78.69146815839757,31.334121831948192],[78.68468178097267,31.337786537510638],[78.67509766193965,31.33721761922341],[78.66336821093154,31.34103129104035],[78.6554809474816,31.33983922577735],[78.65142804428082,31.334039129230206],[78.6441784174092,31.333221456326125],[78.64034688073231,31.330732042619374],[78.63373578910078,31.33065855373988],[78.61868279245715,31.33282412642318],[78.61268212980478,31.337430985242783],[78.6055495040214,31.33668183384355],[78.5992414398648,31.33279733872128],[78.58945321219421,31.32970864236242],[78.5812815124532,31.34154605374859],[78.57216465437476,31.342190138826815],[78.55997127687212,31.340467764275985],[78.549252125258,31.344339974333973],[78.54670046292843,31.348324993870957],[78.53698089489815,31.350732271503148],[78.53620033395912,31.355408309258436],[78.54283897678748,31.35996821529783],[78.5438746580738,31.36705716935554],[78.53077941777977,31.366925590942415],[78.52204862245877,31.365600242432215],[78.51771109501844,31.36748672672427],[78.51556215263224,31.37211564364946],[78.50700211017724,31.371959524977438],[78.49861566494717,31.37544400344986],[78.49632040278847,31.380200593801],[78.49730904926652,31.389166203172806],[78.48737198815623,31.38746029296547],[78.47781415563075,31.382417186810823],[78.46053174986099,31.38835503080173],[78.45357157992835,31.39521100451485],[78.45005615539607,31.40661325742943],[78.45281961795165,31.414301199100315],[78.45328878525387,31.422556170012292],[78.43957247121949,31.415654554271374],[78.42953479815036,31.414012998393066],[78.4217861682063,31.415239904722178],[78.41876296418259,31.418767843500177],[78.41984585214782,31.423273811180454],[78.41335548764401,31.425342980200895],[78.41217965534496,31.428656520954654],[78.4188757993011,31.433587441866685],[78.42021640387273,31.438780358355007],[78.41613921126749,31.446075751346374],[78.40241929929331,31.45239496644167],[78.3997873641703,31.459006750041347],[78.40298684449041,31.467516155599466],[78.39653164777661,31.472176782515984],[78.39125299842038,31.471052882153064],[78.38444726511652,31.47233507638544],[78.37691072361307,31.476190339136668],[78.37165857568019,31.47555570868348],[78.3678668814779,31.47052492815707],[78.36414812969511,31.47098843829076],[78.35586301594361,31.463118171517408],[78.34740710275192,31.461962944067356],[78.34387809218973,31.459844791399675],[78.33473132797454,31.448153991347986],[78.31795617763008,31.447462079369927],[78.31362947181032,31.449540034584064],[78.30991905166864,31.455088085817238],[78.30208875972302,31.46064181172772],[78.30221424299569,31.46399975331662],[78.29338315373201,31.463448967453985],[78.27399509357713,31.466560702072492],[78.25565374131739,31.466200875900537],[78.24041155849842,31.463445669153757],[78.21598881906274,31.46755329515809],[78.20955855019255,31.47159565143087],[78.20011152562962,31.475548905128083],[78.19630649586706,31.47963816878244],[78.19367127480125,31.490083140175464],[78.18135974053813,31.494678178456088],[78.17878952647939,31.499013784737574],[78.16910303450942,31.510267163557828],[78.15690321496407,31.514234127303848]]]},"properties":{"District":"KINNAUR","STATE":"HIMACHAL PRADESH","TEHSIL":"SANGLA","Shape_Leng":280578.80565,"Shape_Area":1424895966.45}},
{"type":"Feature","geometry":{"type":"Polygon","coordinates":[[[78.68026979415609,32.07693806438071],[78.6739610427747,32.08539531059061],[78.6659262376083,32.10177887107991],[78.6566032148662,32.111483869014656],[78.64066324157933,32.11157053889857],[78.6296088610187,32.110815157629375],[78.62121940613211,32.11152904150276],[78.61401270629855,32.122323011837786],[78.61480084054861,32.133285649125796],[78.6113932348396,32.14248371280384],[78.5997898102923,32.14983203157907],[78.59623236985587,32.15776958026737],[78.60788267258717,32.167810450895146],[78.61375778574232,32.175371606043356],[78.6144483103898,32.18125196179354],[78.61256928652428,32.194986397352714],[78.61469130088689,32.208805274320184],[78.60841496184516,32.21909493489616],[78.60030973035543,32.22656976259013],[78.58795243826542,32.2361008790545],[78.57346801764047,32.244537822410855],[78.55947839332919,32.248689177598166],[78.54588752802717,32.24771501147073],[78.52177516439184,32.242110733810065],[78.49628068441557,32.23746641863955],[78.46316529083992,32.24024149126925],[78.463498216673,32.247424244826014],[78.47375967143999,32.258441730670654],[78.4799707054053,32.268949639800326],[78.4834113941585,32.28138615690138],[78.48402530316007,32.29957358668079],[78.48367188681127,32.335232510730705],[78.48478779165252,32.349136264998734],[78.48839176771601,32.35434848787035],[78.49674362162274,32.36170771070038],[78.50579320367953,32.36646296771422],[78.5147894762598,32.37503963910942],[78.52174839209046,32.39184619239194],[78.53341172717232,32.41037798207293],[78.53350546167252,32.41546018239734],[78.52280215069482,32.42229787730274],[78.50299794315573,32.41971773272218],[78.4957649553436,32.422020408031685],[78.48975359738913,32.434824260913885],[78.47586292376714,32.448710564018896],[78.46554919924833,32.45466181404652],[78.46087946628309,32.461837850614174],[78.46002691101013,32.46742282335652],[78.4620987583477,32.47233965799431],[78.46724185273375,32.477848418140596],[78.46687759496628,32.487634112126834],[78.46448173189171,32.49716516721495],[78.46124808708434,32.50379702177628],[78.4550962968474,32.506854773516125],[78.44299498265059,32.51040763984784],[78.43491671959761,32.50980751726551],[78.42862704454778,32.50736169438392],[78.42530264914376,32.50891041205389],[78.41749643842735,32.51931374140093],[78.41139068053836,32.52278943453162],[78.39951944689065,32.52460478507451],[78.39894024887849,32.520900714037545],[78.3941918644792,32.514796739365195],[78.38601274925257,32.513012335417486],[78.37928632971551,32.50693045922064],[78.36513887207248,32.49939915554573],[78.36747492497483,32.49448022249593],[78.36708180416632,32.48697321652458],[78.36377885332895,32.48227025112267],[78.34942310160939,32.47702455936266],[78.35314289523507,32.46993742390033],[78.3489745399352,32.46432785582853],[78.3390297622582,32.4628735586148],[78.32843995249264,32.4650117362578],[78.32575172795737,32.45963628141859],[78.32910522948785,32.453492052707794],[78.33419533055029,32.45105002456829],[78.3298226562745,32.44351438014618],[78.32082571917881,32.44402938934767],[78.3112265871827,32.44648678017305],[78.30912325493578,32.450507531306535],[78.30194707530005,32.45404752404052],[78.29828511205437,32.458008595735286],[78.29784543241762,32.462336761887755],[78.28901577714996,32.46368364725341],[78.2847297046139,32.46853664620278],[78.28565757435173,32.471553646352504],[78.29134989781791,32.47595816072054],[78.28747740269387,32.48173572427621],[78.29264052455423,32.489836969528994],[78.29251534419045,32.49896706952321],[78.30112509377369,32.50386585177883],[78.30648306088612,32.51092054621974],[78.30460551358472,32.516695259468776],[78.30865933952667,32.52554809608411],[78.3069739939378,32.53754493643315],[78.3098278185958,32.543831598014414],[78.31350481248765,32.545663963601],[78.31263874306403,32.55112804485491],[78.31445349669465,32.55990737530817],[78.31393280731655,32.566277956805415],[78.32146894181953,32.571714382939554],[78.33149307389262,32.57661907445685],[78.3432767536979,32.578078865182604],[78.34909441661968,32.58738618333387],[78.35323194893621,32.58967733949541],[78.36381942549184,32.590341438282785],[78.37920088046242,32.59919227207541],[78.37887630393998,32.60310584049565],[78.38322843631313,32.60827257932902],[78.38916277661855,32.609656206440064],[78.39041019734152,32.614426211610166],[78.39752820176453,32.61760821905932],[78.40230673367505,32.6170707265513],[78.40867490524782,32.622326201659774],[78.40945426960438,32.62610873866716],[78.40225689393951,32.62805383142982],[78.392289067418,32.63276270473882],[78.38785703174224,32.64077962876639],[78.38774578087525,32.64513498787457],[78.38153284339755,32.65378304801513],[78.38698150225461,32.66662324663409],[78.38747349483378,32.67784970666104],[78.39167580813589,32.68537406044151],[78.39770148590065,32.69001249810698],[78.40074727139252,32.694561077972516],[78.39735699929902,32.69812350669502],[78.39698612777515,32.70757364775442],[78.39064073142521,32.71071708443809],[78.38551684435116,32.71930206868291],[78.38432331082896,32.72946447748512],[78.385924377139,32.735744825054695],[78.3893497848562,32.74020349156753],[78.3859635734271,32.749712214936444],[78.38800265944518,32.756691331183674],[78.37552249033915,32.7540545414162],[78.36185285535682,32.75411249680073],[78.35705025730549,32.75769628424487],[78.33326177298093,32.74970607946311],[78.31285044967389,32.73977903610989],[78.30988241620929,32.735102126484705],[78.30584062707322,32.732976457209205],[78.31484934355025,32.71818834087259],[78.30179392109342,32.70411011320828],[78.29460069179912,32.70362789686286],[78.29353160999207,32.70060637827351],[78.28122415141017,32.70100367045922],[78.27309056349148,32.70254382041753],[78.2684903274337,32.70110176354305],[78.26053746064012,32.702898356900945],[78.25577257240633,32.69705966907598],[78.25440744256377,32.68917732392352],[78.25068864499966,32.6833982162735],[78.24590090192827,32.671602890427636],[78.23315025469141,32.671830990700215],[78.2264310175231,32.66944705396379],[78.2194056292201,32.66467345790146],[78.20432319495671,32.66695632999711],[78.19021957405886,32.67477799072678],[78.18687722303737,32.67498705607697],[78.17576062667695,32.68101112719357],[78.17200712475133,32.680327365339195],[78.16548310775126,32.683111443091875],[78.15836079574365,32.68398825705588],[78.14972872437126,32.68174949295997],[78.14238227650708,32.68182742044523],[78.14787619008861,32.67187145778324],[78.1484930091184,32.666321215470525],[78.14719458328472,32.65396330696517],[78.13786789120869,32.65448769067571],[78.12709675286536,32.65222952230828],[78.12062114239644,32.660728317272685],[78.11048847731935,32.66276998570172],[78.09260063401393,32.64784319587651],[78.09592176764711,32.64439934230396],[78.09930277062263,32.63573891318532],[78.09885672419738,32.63036452384692],[78.09256468668072,32.628929302558646],[78.08666303067044,32.62435139017078],[78.07470915780995,32.63094346545092],[78.06601128499449,32.62609289789687],[78.06024585813223,32.627009806813355],[78.05639323725048,32.634681524723256],[78.04774329190012,32.643179864061864],[78.03477325360376,32.637273971893315],[78.03344993927216,32.633814877216196],[78.02516085908793,32.62723052496666],[78.0274408753366,32.622597400130246],[78.01514773139296,32.619954224934425],[78.01214236710537,32.62473078287044],[78.0037352726347,32.62455169363364],[77.99622723940415,32.62683214782972],[77.99150636215874,32.63063746367459],[77.98465696099572,32.64149598417485],[77.97966497932403,32.64245159987376],[77.97024290660676,32.64692718473218],[77.97183372775304,32.654347171744874],[77.96585184950139,32.65756632256707],[77.95511821112187,32.658186933107494],[77.94606577085305,32.66189402195478],[77.94239672346148,32.666278391361445],[77.94096281996437,32.67340282694093],[77.93408086368605,32.6814181632988],[77.91861958620427,32.690540940829],[77.91831815383144,32.69571696275279],[77.92237756742982,32.69882193562127],[77.92180156650682,32.70879062167172],[77.92455475580364,32.711273829030155],[77.92463765393987,32.716535359628516],[77.92728583585803,32.721263729239226],[77.93438786341767,32.72585929106068],[77.93104761725682,32.73225407283465],[77.92944339299171,32.74311140737336],[77.93290797634698,32.746549909749476],[77.93369522761839,32.76009384428009],[77.92913688157763,32.763446350417155],[77.92586843455422,32.77165503774123],[77.91624449664687,32.773840555580904],[77.90368405458989,32.77188308519566],[77.8936406486086,32.779256247072496],[77.89249778259558,32.78219480005211],[77.88405246392597,32.78771810199491],[77.88779833494208,32.79891964117644],[77.88110244206403,32.80413192556441],[77.88208817629196,32.81035725039786],[77.8774673750656,32.8201827741251],[77.87127346291241,32.822479910102885],[77.8691933063044,32.82702659472694],[77.85539617852787,32.8323417840569],[77.84686726637764,32.83898256552495],[77.83901270748008,32.842014698516124],[77.83244326661355,32.83626718476316],[77.82612377363508,32.83619376795433],[77.81702121744775,32.847231964389486],[77.8132482754926,32.84969264781133],[77.80439068009345,32.85045513479861],[77.79866930508491,32.85585325799113],[77.79098422150474,32.856385699804434],[77.78096404948289,32.865787455768334],[77.7811913900757,32.87152569798708],[77.78425733435783,32.88312443161262],[77.78989078627067,32.89102756277918],[77.79382116757911,32.893171232571184],[77.80492556832492,32.8942207664627],[77.81030852733255,32.89952747025584],[77.81063097405477,32.90702606867195],[77.79807009833522,32.913916822817605],[77.79382149034528,32.920557503624934],[77.78851478012263,32.92279947444425],[77.78568775730717,32.926396960846084],[77.77745295114697,32.93177356349129],[77.77182631819683,32.93801602300787],[77.76579876287384,32.94153974878043],[77.76651348228224,32.94628894145253],[77.76353586677224,32.9490507114434],[77.75091187727784,32.95456340206347],[77.7458723701243,32.96029486095534],[77.74101197885797,32.96903225107869],[77.73281620683002,32.97178078388804],[77.73095283707994,32.97455050940901],[77.72493498178277,32.969316764095886],[77.71956973203612,32.96866271851843],[77.71427689328519,32.975970298952525],[77.71314949539443,32.98246316812552],[77.69714773527286,32.97979555277747],[77.68952067846672,32.98802310599325],[77.68249187540664,32.98880204167474],[77.68072329050126,32.98379405131121],[77.68201735123654,32.97476756331755],[77.67872998246952,32.96958441752133],[77.67407027073055,32.967354684413856],[77.67480511637085,32.961754906573766],[77.66413443180478,32.95830530279429],[77.65601129022751,32.95887575270689],[77.64679487437692,32.95032524236012],[77.63326578910774,32.94540824049256],[77.62634673956124,32.94546713945335],[77.61991972737076,32.943708768554366],[77.60310938163494,32.942931649605406],[77.60857336787743,32.93443427286817],[77.60802160360322,32.92919548755316],[77.61094318631285,32.92591694832889],[77.6079512298174,32.921982841338334],[77.60843690832564,32.917890778341366],[77.6159543976649,32.9106446578363],[77.61529439568884,32.90544850464121],[77.6089333103819,32.89969101339826],[77.61170377667698,32.89212715736106],[77.6139822692429,32.88103761549823],[77.6200162566311,32.87128254657345],[77.62177480064848,32.8635630967339],[77.62812650110347,32.859763908065986],[77.63229232361209,32.85186513307787],[77.63215495884054,32.845100382482116],[77.63798259154794,32.84088479834868],[77.63683440109138,32.83594876294305],[77.63116973714293,32.830204281255966],[77.63325149027703,32.82627707592777],[77.63179715585972,32.81885523912898],[77.62825043232299,32.815766122857696],[77.62773496748984,32.80917368276781],[77.62429778890973,32.805996328907185],[77.63051248230776,32.797279307773536],[77.6336806353112,32.78868349882945],[77.62652388559826,32.78097038438215],[77.62564711553712,32.77590335267551],[77.61519252717929,32.7619480580559],[77.60731921439671,32.763012661874036],[77.59783286504032,32.774281217977226],[77.5783527164044,32.77430610010871],[77.5751807773528,32.765450999129236],[77.56911565436762,32.75897373879953],[77.56431819579744,32.758789105839575],[77.55513533731431,32.76474056217317],[77.54846718950567,32.764653793294734],[77.55002874595351,32.752599705326546],[77.56499821019794,32.73801393831346],[77.57550655202675,32.73032879033108],[77.58701752128616,32.730779954718884],[77.59563853116364,32.73351894926644],[77.60172937316035,32.727324201833945],[77.60148032687952,32.72276452091992],[77.60530461573201,32.71945666108249],[77.60698823196572,32.7144384097739],[77.60475840419294,32.71209497206124],[77.60440830027403,32.70536833866187],[77.60034520265899,32.69202953599388],[77.58724560467482,32.68545927176942],[77.59066586006278,32.679347093064436],[77.59669215736064,32.679329552927726],[77.60018226244313,32.67258698761328],[77.60375131289595,32.66097438054502],[77.61854058060243,32.660224478628066],[77.61961831986712,32.65587010062961],[77.62631032053125,32.64499364639074],[77.64065013577411,32.633136429965646],[77.64507583009913,32.6311015250158],[77.64279978956,32.624561901503164],[77.63375502149744,32.618026849870276],[77.64016716224364,32.613458996463926],[77.64145346137711,32.60328840617919],[77.64825066695109,32.59426122236529],[77.64239108210525,32.59022346512323],[77.63685347444077,32.59007155259567],[77.63553504095145,32.58165465463773],[77.6220093162005,32.583332870551764],[77.61922980299668,32.575789649222635],[77.6007393698352,32.575880856848876],[77.59787862395619,32.56941832911489],[77.60145642013828,32.56520200229967],[77.59660005937195,32.55964777721532],[77.60125752488179,32.55098559121513],[77.5994068106342,32.546572770363646],[77.60057588954142,32.53689453608555],[77.5990001775002,32.532171041487594],[77.60076331998664,32.528054195448576],[77.6119783045202,32.52299346251374],[77.62225614609662,32.52301272779367],[77.62822056246252,32.513155934941146],[77.63589588610867,32.51091282260665],[77.63844847292997,32.507081367143016],[77.63313029510952,32.50485767682959],[77.63434510054341,32.50127109104624],[77.63384329106013,32.49025041292465],[77.63882204328063,32.47933533350286],[77.63734592362988,32.474839012604775],[77.64283485699652,32.47065766146809],[77.64407345593949,32.46021121710922],[77.6415455316642,32.45524307835884],[77.64657289427231,32.444417928591136],[77.64164665865744,32.44156974511991],[77.63941412162814,32.437509693699084],[77.63418620903441,32.43402350885187],[77.6364744964592,32.42215198229959],[77.63470534858983,32.41868737435215],[77.62845858207254,32.413556138068074],[77.6255194314611,32.40614162441954],[77.62414943517877,32.3977643091519],[77.63228044564829,32.394130287727464],[77.64927449389296,32.39323986186354],[77.65329572554809,32.38410864730741],[77.6558088818075,32.3816290958401],[77.65666741305843,32.37338464385636],[77.66666328968623,32.37551767867359],[77.68035598614496,32.374651047441496],[77.68630482225133,32.3769764391791],[77.69231943277813,32.37682006402581],[77.69586234743737,32.3715606361575],[77.7012717017756,32.37215986031328],[77.70368824783048,32.36723998789115],[77.72095303964083,32.35379744541903],[77.72622122599967,32.35570242079673],[77.73409932056471,32.35133602444417],[77.73711546750899,32.33965481551893],[77.74361460991597,32.333049742429765],[77.74997270000867,32.33185935054659],[77.76080961996271,32.32605680916283],[77.76303658522569,32.32217037919852],[77.75515611021183,32.31647034676128],[77.75917250744128,32.30710896611709],[77.75619294454631,32.30515713292855],[77.75196994820298,32.2978542167031],[77.7356110436734,32.29736735497623],[77.73358017453701,32.295748917548714],[77.73376797380163,32.286496240656646],[77.72924289749601,32.28474052153862],[77.72534343643598,32.27938417021383],[77.71790545138902,32.27725712646721],[77.71988855761326,32.2725533524219],[77.7178016937197,32.269037032652136],[77.71153878791945,32.26873802619451],[77.7112773212729,32.2604695854335],[77.70366536037494,32.254906558340444],[77.70360346965062,32.241087087159286],[77.70527148864305,32.23624155994013],[77.70196796697512,32.22448241832314],[77.69662669422424,32.223568012463126],[77.69644798497303,32.220267849642255],[77.71022866654572,32.207251786655725],[77.71661928106631,32.208637274177356],[77.73055290296897,32.20388700960656],[77.73977562114557,32.202569945466436],[77.74888579762496,32.19533381689103],[77.76268819712512,32.19762387758122],[77.77040168357924,32.19713509234006],[77.78839146561722,32.19146158928284],[77.79231960648075,32.193611659378625],[77.80447386042215,32.189725520365805],[77.80862148780439,32.185330393550075],[77.81492096982096,32.18192301393515],[77.80487376148,32.17817060676782],[77.80536887502285,32.171224105173415],[77.8024206412728,32.168143723128864],[77.80498492552871,32.15707960914955],[77.80098446573417,32.1494628202923],[77.79659861532276,32.14865932323691],[77.78853531311177,32.14218669916335],[77.78053725719934,32.1394187821778],[77.77685574319787,32.13600786118334],[77.77727940138719,32.13190511983695],[77.76901766319358,32.12497580012232],[77.77559193158356,32.12112277409847],[77.77661607717194,32.1080865438132],[77.77615662968158,32.1011662282753],[77.77303436953056,32.09875909629327],[77.74792726614777,32.092869391583754],[77.74327825013185,32.09002641707197],[77.7465658555452,32.08191094549237],[77.75324221548382,32.07815065696199],[77.75676009638114,32.06723791244581],[77.76470751033372,32.05893214827658],[77.7646832520144,32.05220950245547],[77.76201605658214,32.04598070725128],[77.76409659416693,32.041892631449535],[77.77555783513006,32.03550926610165],[77.78797844584099,32.02383063763687],[77.79064202006948,32.01829093501288],[77.7864317578988,32.01365117909336],[77.7783539397748,32.01157282935571],[77.77261001087716,32.00630541059841],[77.78222285892264,32.0009304675875],[77.7855698437838,31.99651891613056],[77.79398903540543,31.992788516430252],[77.79816405378253,31.987119238717113],[77.79411729286151,31.9812515051656],[77.78403932157293,31.975087313600863],[77.7807261401477,31.969913417772595],[77.77969647407204,31.961992970737843],[77.77274211109719,31.955195374534497],[77.77270428212036,31.951940131756515],[77.76669368871906,31.947828289552866],[77.76734850880536,31.942131065949116],[77.77292400422765,31.935500875946058],[77.77718344720968,31.934721413630854],[77.78202221262256,31.929930151085415],[77.78118929863254,31.922173881239196],[77.7891853306623,31.91528135601535],[77.79114559623552,31.908766084733177],[77.8033397882515,31.902166353040148],[77.80489003957612,31.899528161540548],[77.82527001772984,31.89597019468221],[77.82743831505812,31.898224676984988],[77.85139671942159,31.89133891430622],[77.85938628588929,31.887460908151795],[77.86469681129641,31.88692416267836],[77.86776029322914,31.883271822229677],[77.85769417899313,31.87718531901913],[77.85006719296712,31.87474312141778],[77.84638012687176,31.87028128542118],[77.84568103405104,31.865474770978498],[77.83835218447517,31.854963209133718],[77.84378926337475,31.84418501891353],[77.84507788093988,31.834719294956333],[77.84935436679694,31.83286144090178],[77.84487279183993,31.824966537960837],[77.84798162127414,31.818389633277025],[77.84897944907509,31.80912139105087],[77.84769568725787,31.80296054652556],[77.85338011252558,31.79689433618352],[77.86573683724023,31.791714694973365],[77.86844311837113,31.782523561274523],[77.87253838575346,31.775629455799358],[77.89867476427055,31.759674225743087],[77.89996618678225,31.753469432708687],[77.90919889093898,31.750243070709676],[77.91666827173947,31.752049099049618],[77.9218842566033,31.748614884813673],[77.93613947681986,31.747691719096935],[77.94157799478224,31.752535452929415],[77.94046167612436,31.75712779533389],[77.9470546438896,31.762398514529032],[77.94569196329492,31.76843329794789],[77.94682532167275,31.782876355056825],[77.95264925030992,31.787183480384066],[77.96054127743129,31.782529370229035],[77.96684428940655,31.7823231457468],[77.97076025046285,31.780130896035267],[77.98857314876703,31.78107377220273],[77.99032508644477,31.77861744798929],[77.99927993748007,31.779232222018276],[78.00331107944093,31.771065351416876],[78.01139449844338,31.773872232510424],[78.01494440657213,31.771446537746087],[78.01743466597233,31.764571581384676],[78.02226754743036,31.763982839847706],[78.02700797505898,31.75799870484848],[78.03230251454164,31.75786315856542],[78.03995413257113,31.761023080666128],[78.04426365530988,31.769099335739043],[78.0540891201124,31.77668110464318],[78.05750659908735,31.78220967767416],[78.07481228475247,31.782230396620044],[78.07635454268636,31.783113956452944],[78.08468540276263,31.787866758447333],[78.08288207129438,31.797240338137136],[78.08619038183454,31.80760353268667],[78.08974089209063,31.809742551357242],[78.09325849998811,31.815633199573256],[78.09608139739852,31.824134090083433],[78.09192255857526,31.830031910685403],[78.09767932217333,31.8352814506542],[78.09303547458966,31.83970023932622],[78.08702447147111,31.841438008578862],[78.08363468089097,31.845082213234264],[78.08773529382289,31.848676792580648],[78.09420047367885,31.850773791229955],[78.09065920947586,31.855099381684195],[78.09858736766527,31.858079459279413],[78.1049240121262,31.85655761898724],[78.11610188785673,31.861037303048803],[78.12164942677016,31.866282073220848],[78.1275542473863,31.86746435649097],[78.13103119880424,31.865939582845595],[78.14248981147809,31.86508820405633],[78.14789698625654,31.86721083168266],[78.15385631259029,31.86125120375127],[78.16269465787444,31.859135161935605],[78.17226178629578,31.860920270630842],[78.17399754204034,31.8652401452009],[78.18152114769892,31.865090676477763],[78.18964094297571,31.87150461369259],[78.18617135232077,31.87750552500006],[78.18674955114858,31.88248680532915],[78.18279692482278,31.888750881021064],[78.18594784094435,31.8923723944777],[78.18328199010224,31.89553843704791],[78.18633797821656,31.9034520640395],[78.18268335159438,31.91057932941483],[78.18221033020558,31.91518165297452],[78.19366332264524,31.917173975611338],[78.19452892042959,31.925955636091132],[78.20150211376554,31.931716745631274],[78.21556249557021,31.933297264870763],[78.22461693207754,31.931181689793373],[78.24893338982687,31.933871020047366],[78.25517301068675,31.93202580892489],[78.26381891551989,31.931619011634414],[78.26911557544592,31.93418741219961],[78.27523921322464,31.932537043225334],[78.28990261395808,31.926014430844802],[78.29924998089514,31.924983938232742],[78.30383425016642,31.93368649325454],[78.31017412596282,31.93708307306422],[78.32305734945463,31.93425267140001],[78.33535352670324,31.934123865034138],[78.3423560613742,31.931202369152643],[78.34590089811725,31.93654360378622],[78.35265707432968,31.937820810893296],[78.36637045099661,31.951177963976132],[78.36610195823232,31.959036909353255],[78.3719400305056,31.958644821276295],[78.38102461313802,31.955012654412847],[78.39389885290635,31.95262862349203],[78.39839989514385,31.954322258040744],[78.40875559132901,31.947177752815637],[78.41011753113285,31.94354678940381],[78.4208698051768,31.934498989538145],[78.4276761616085,31.9369130775217],[78.43469939074738,31.93452089495904],[78.43995954035115,31.936450529943194],[78.44634533471046,31.93509739259482],[78.4563616782936,31.937683081327524],[78.45749193538154,31.941919036565288],[78.45349307563414,31.94866799477336],[78.45972201174679,31.957886404041997],[78.45384318536256,31.96299797086615],[78.44350201519583,31.96858662977166],[78.4368743001315,31.96994322650641],[78.43319495882288,31.977699628887407],[78.43981616377455,31.983218594110735],[78.44150289624086,31.99955485796573],[78.43759074797948,32.01219426901131],[78.43761906636158,32.01870086591008],[78.44592557824606,32.03815891086297],[78.44461471851429,32.0427029165024],[78.44707708816065,32.049515398795066],[78.45045861599363,32.0528172366484],[78.4503195245852,32.05977244742773],[78.45531936763554,32.061742262882],[78.46420580352215,32.060334605882886],[78.4737443624235,32.05720886327668],[78.47441184280557,32.05425713027111],[78.48750868929514,32.05140765591413],[78.49731680574573,32.05262734267022],[78.50260271305918,32.048425724757315],[78.50901364048381,32.04746657663471],[78.52184312588078,32.05049372998444],[78.52972237009088,32.057200177169925],[78.53621005030335,32.056342298600036],[78.54942383557218,32.06154102648445],[78.55260674084701,32.06004077659716],[78.56950863207587,32.05974089070117],[78.58019522143205,32.06444411493391],[78.58759609073786,32.06256411180998],[78.59059531900603,32.06667083232182],[78.59667791422606,32.067188911212575],[78.60316888029557,32.06344619050827],[78.6069168802263,32.05670835058263],[78.60472258699781,32.05143435365227],[78.60900783305796,32.049107846453694],[78.6147350433029,32.049380043386584],[78.62044845992739,32.05302605663088],[78.62402350558155,32.05759177726889],[78.62493054684734,32.063025020076914],[78.62871800294127,32.06713421777747],[78.63950254237966,32.06047466891988],[78.64908204446654,32.06212818773815],[78.65240238735541,32.066192859341356],[78.65248124751349,32.07057580952765],[78.65649966733197,32.07419783044447],[78.6679340305629,32.07037348392383],[78.67130440130732,32.071050482373],[78.68026979415609,32.07693806438071]]]},"properties":{"District":"LAHAUL & SPITI","STATE":"HIMACHAL PRADESH","TEHSIL":"SPITI","Shape_Leng":616229.261354,"Shape_Area":7115968753.93}}
]}