disaster_id,department_id,district_id,status,croppedarea,crop_lossless33,cropsownarea,crop_33_above,kharif_id,totalAreadamaged,incidentdate,cattle_loss_id,sub_district_id,cattle_injured,missingcattle,MilchlostB,MilchlostS,DraughtlostC,DraughtlostCalf,MilchqB,milchqS,DraughtqC,DraughtqCalf,other_details,institute_type_id,economic_loss,block_name,centre_type_id,centres_lost,health_centerName,amount,Details,education_loss_det_id,school_name,amountloss,horticulture_loss_id,crop_33_affected,croptype,mf1,sf1,of1,tf1,mf2,sf2,of2,tf2,cd,pd,cd2,pd2,Qloss,Qltloss,farmerso,farmers,areaunderfruits,totalareaall,area33,arearainfed,areairrigated,areaperennial,iph_loss_id,division_name,circle,human_loss_id,person_dead,person_major_injury,person_minor_injury,person_missing,Roadlength,detailsremovalofdebris,Electricpoles,electricwires,internalwatersupply,streetlights,nameofbuilding,municipalname,ULB,type,ulb_id,ulb_name,power_loss_id,htline_damaged_km,rate_km_htline,ltline_damaged_km,rate_km_ltline,ltpoles_damaged,rate_km_pole,funds_required,location,totalht,totallt,totalpole,drttotal,drtdam,drtloss,pwd_loss_id,length_affected_km,roads_closed,length_pukka_mdr,length_pukka_vr,length_kuccha_mdr,length_kuccha_vr,jcb_deployed_department,jcb_deployed_hired,dosers_deployed,tipper_deployed,roadopeningdate1,roadopeningdate2,roadopeningdate3,roadopens1,roadopens2,roadopens3,length_pukka_sh,pwd_bridge,pwd_culvert,structure_loss_id,structure_type_id,structure_lost,loss_type,countno,add_RelifAmount,structure_type,DISTRICT_FINALISED,TEHSIL_FINALISED
4682.0,3.0,23.0,Active,0.0,0.0,3985.0,0.0,1.0,0.0,22-08-2020,,,,,,,,,,,,,,,,,,,,,,,,,,,,,,,,,,,,,,,,,,,,,,,,,,,,,,,,,,,,,,,,,,,,,,,,,,,,,,,,,,,,,,,,,,,,,,,,,,,,,,,,,,,,,,,,SHIMLA ,
4682.0,3.0,23.0,Active,0.0,0.0,0.0,0.0,1.0,0.0,22-08-2020,,,,,,,,,,,,,,,,,,,,,,,,,,,,,,,,,,,,,,,,,,,,,,,,,,,,,,,,,,,,,,,,,,,,,,,,,,,,,,,,,,,,,,,,,,,,,,,,,,,,,,,,,,,,,,,,SHIMLA ,
4682.0,3.0,23.0,Active,0.0,0.0,0.0,0.0,1.0,0.0,22-08-2020,,,,,,,,,,,,,,,,,,,,,,,,,,,,,,,,,,,,,,,,,,,,,,,,,,,,,,,,,,,,,,,,,,,,,,,,,,,,,,,,,,,,,,,,,,,,,,,,,,,,,,,,,,,,,,,,SHIMLA ,
4682.0,3.0,23.0,Active,0.0,0.0,310.0,0.0,1.0,0.0,22-08-2020,,,,,,,,,,,,,,,,,,,,,,,,,,,,,,,,,,,,,,,,,,,,,,,,,,,,,,,,,,,,,,,,,,,,,,,,,,,,,,,,,,,,,,,,,,,,,,,,,,,,,,,,,,,,,,,,SHIMLA ,
4682.0,3.0,23.0,Active,0.0,0.0,200.0,0.0,1.0,0.0,22-08-2020,,,,,,,,,,,,,,,,,,,,,,,,,,,,,,,,,,,,,,,,,,,,,,,,,,,,,,,,,,,,,,,,,,,,,,,,,,,,,,,,,,,,,,,,,,,,,,,,,,,,,,,,,,,,,,,,SHIMLA ,
4682.0,3.0,23.0,Active,110.0,10.0,2200.0,100.0,2.0,110.0,22-08-2020,,,,,,,,,,,,,,,,,,,,,,,,,,,,,,,,,,,,,,,,,,,,,,,,,,,,,,,,,,,,,,,,,,,,,,,,,,,,,,,,,,,,,,,,,,,,,,,,,,,,,,,,,,,,,,,,SHIMLA ,
4682.0,3.0,23.0,Active,10.0,0.0,900.0,10.0,2.0,10.0,22-08-2020,,,,,,,,,,,,,,,,,,,,,,,,,,,,,,,,,,,,,,,,,,,,,,,,,,,,,,,,,,,,,,,,,,,,,,,,,,,,,,,,,,,,,,,,,,,,,,,,,,,,,,,,,,,,,,,,SHIMLA ,
4682.0,3.0,23.0,Active,0.0,0.0,1200.0,0.0,2.0,0.0,22-08-2020,,,,,,,,,,,,,,,,,,,,,,,,,,,,,,,,,,,,,,,,,,,,,,,,,,,,,,,,,,,,,,,,,,,,,,,,,,,,,,,,,,,,,,,,,,,,,,,,,,,,,,,,,,,,,,,,SHIMLA ,
4682.0,3.0,23.0,Active,0.0,0.0,180.0,0.0,2.0,0.0,22-08-2020,,,,,,,,,,,,,,,,,,,,,,,,,,,,,,,,,,,,,,,,,,,,,,,,,,,,,,,,,,,,,,,,,,,,,,,,,,,,,,,,,,,,,,,,,,,,,,,,,,,,,,,,,,,,,,,,SHIMLA ,
4758.0,3.0,15.0,Active,750.0,0.0,6000.0,34.0,1.0,34.0,23-08-2020,,,,,,,,,,,,,,,,,,,,,,,,,,,,,,,,,,,,,,,,,,,,,,,,,,,,,,,,,,,,,,,,,,,,,,,,,,,,,,,,,,,,,,,,,,,,,,,,,,,,,,,,,,,,,,,,BILASPUR ,
4758.0,3.0,15.0,Active,0.0,0.0,0.0,0.0,1.0,0.0,23-08-2020,,,,,,,,,,,,,,,,,,,,,,,,,,,,,,,,,,,,,,,,,,,,,,,,,,,,,,,,,,,,,,,,,,,,,,,,,,,,,,,,,,,,,,,,,,,,,,,,,,,,,,,,,,,,,,,,BILASPUR ,
4758.0,3.0,15.0,Active,0.0,0.0,0.0,0.0,1.0,0.0,23-08-2020,,,,,,,,,,,,,,,,,,,,,,,,,,,,,,,,,,,,,,,,,,,,,,,,,,,,,,,,,,,,,,,,,,,,,,,,,,,,,,,,,,,,,,,,,,,,,,,,,,,,,,,,,,,,,,,,BILASPUR ,
4758.0,3.0,15.0,Active,0.0,0.0,0.0,0.0,1.0,0.0,23-08-2020,,,,,,,,,,,,,,,,,,,,,,,,,,,,,,,,,,,,,,,,,,,,,,,,,,,,,,,,,,,,,,,,,,,,,,,,,,,,,,,,,,,,,,,,,,,,,,,,,,,,,,,,,,,,,,,,BILASPUR ,
4758.0,3.0,15.0,Active,0.0,0.0,190.0,0.0,1.0,0.0,23-08-2020,,,,,,,,,,,,,,,,,,,,,,,,,,,,,,,,,,,,,,,,,,,,,,,,,,,,,,,,,,,,,,,,,,,,,,,,,,,,,,,,,,,,,,,,,,,,,,,,,,,,,,,,,,,,,,,,BILASPUR ,
4758.0,3.0,15.0,Active,0.0,0.0,500.0,0.0,2.0,0.0,23-08-2020,,,,,,,,,,,,,,,,,,,,,,,,,,,,,,,,,,,,,,,,,,,,,,,,,,,,,,,,,,,,,,,,,,,,,,,,,,,,,,,,,,,,,,,,,,,,,,,,,,,,,,,,,,,,,,,,BILASPUR ,
4758.0,3.0,15.0,Active,0.0,0.0,0.0,0.0,2.0,0.0,23-08-2020,,,,,,,,,,,,,,,,,,,,,,,,,,,,,,,,,,,,,,,,,,,,,,,,,,,,,,,,,,,,,,,,,,,,,,,,,,,,,,,,,,,,,,,,,,,,,,,,,,,,,,,,,,,,,,,,BILASPUR ,
4758.0,3.0,15.0,Active,0.0,0.0,50.0,0.0,2.0,0.0,23-08-2020,,,,,,,,,,,,,,,,,,,,,,,,,,,,,,,,,,,,,,,,,,,,,,,,,,,,,,,,,,,,,,,,,,,,,,,,,,,,,,,,,,,,,,,,,,,,,,,,,,,,,,,,,,,,,,,,BILASPUR ,
4758.0,3.0,15.0,Active,0.0,0.0,0.0,0.0,2.0,0.0,23-08-2020,,,,,,,,,,,,,,,,,,,,,,,,,,,,,,,,,,,,,,,,,,,,,,,,,,,,,,,,,,,,,,,,,,,,,,,,,,,,,,,,,,,,,,,,,,,,,,,,,,,,,,,,,,,,,,,,BILASPUR ,
4758.0,3.0,15.0,Active,880.0,0.0,9000.0,34.0,1.0,34.0,23-08-2020,,,,,,,,,,,,,,,,,,,,,,,,,,,,,,,,,,,,,,,,,,,,,,,,,,,,,,,,,,,,,,,,,,,,,,,,,,,,,,,,,,,,,,,,,,,,,,,,,,,,,,,,,,,,,,,,BILASPUR ,
4758.0,3.0,15.0,Active,0.0,0.0,500.0,0.0,1.0,0.0,23-08-2020,,,,,,,,,,,,,,,,,,,,,,,,,,,,,,,,,,,,,,,,,,,,,,,,,,,,,,,,,,,,,,,,,,,,,,,,,,,,,,,,,,,,,,,,,,,,,,,,,,,,,,,,,,,,,,,,BILASPUR ,
4758.0,3.0,15.0,Active,0.0,0.0,0.0,0.0,1.0,0.0,23-08-2020,,,,,,,,,,,,,,,,,,,,,,,,,,,,,,,,,,,,,,,,,,,,,,,,,,,,,,,,,,,,,,,,,,,,,,,,,,,,,,,,,,,,,,,,,,,,,,,,,,,,,,,,,,,,,,,,BILASPUR ,
4758.0,3.0,15.0,Active,0.0,0.0,0.0,0.0,1.0,0.0,23-08-2020,,,,,,,,,,,,,,,,,,,,,,,,,,,,,,,,,,,,,,,,,,,,,,,,,,,,,,,,,,,,,,,,,,,,,,,,,,,,,,,,,,,,,,,,,,,,,,,,,,,,,,,,,,,,,,,,BILASPUR ,
4758.0,3.0,15.0,Active,0.0,0.0,160.0,0.0,1.0,0.0,23-08-2020,,,,,,,,,,,,,,,,,,,,,,,,,,,,,,,,,,,,,,,,,,,,,,,,,,,,,,,,,,,,,,,,,,,,,,,,,,,,,,,,,,,,,,,,,,,,,,,,,,,,,,,,,,,,,,,,BILASPUR ,
4758.0,3.0,15.0,Active,0.0,0.0,510.0,0.0,2.0,0.0,23-08-2020,,,,,,,,,,,,,,,,,,,,,,,,,,,,,,,,,,,,,,,,,,,,,,,,,,,,,,,,,,,,,,,,,,,,,,,,,,,,,,,,,,,,,,,,,,,,,,,,,,,,,,,,,,,,,,,,BILASPUR ,
4758.0,3.0,15.0,Active,0.0,0.0,0.0,0.0,2.0,0.0,23-08-2020,,,,,,,,,,,,,,,,,,,,,,,,,,,,,,,,,,,,,,,,,,,,,,,,,,,,,,,,,,,,,,,,,,,,,,,,,,,,,,,,,,,,,,,,,,,,,,,,,,,,,,,,,,,,,,,,BILASPUR ,
4758.0,3.0,15.0,Active,0.0,0.0,65.0,0.0,2.0,0.0,23-08-2020,,,,,,,,,,,,,,,,,,,,,,,,,,,,,,,,,,,,,,,,,,,,,,,,,,,,,,,,,,,,,,,,,,,,,,,,,,,,,,,,,,,,,,,,,,,,,,,,,,,,,,,,,,,,,,,,BILASPUR ,
4758.0,3.0,15.0,Active,0.0,0.0,0.0,0.0,2.0,0.0,23-08-2020,,,,,,,,,,,,,,,,,,,,,,,,,,,,,,,,,,,,,,,,,,,,,,,,,,,,,,,,,,,,,,,,,,,,,,,,,,,,,,,,,,,,,,,,,,,,,,,,,,,,,,,,,,,,,,,,BILASPUR ,
4758.0,3.0,15.0,Active,420.0,0.0,4000.0,34.0,1.0,34.0,23-08-2020,,,,,,,,,,,,,,,,,,,,,,,,,,,,,,,,,,,,,,,,,,,,,,,,,,,,,,,,,,,,,,,,,,,,,,,,,,,,,,,,,,,,,,,,,,,,,,,,,,,,,,,,,,,,,,,,BILASPUR ,
4758.0,3.0,15.0,Active,0.0,0.0,0.0,0.0,1.0,0.0,23-08-2020,,,,,,,,,,,,,,,,,,,,,,,,,,,,,,,,,,,,,,,,,,,,,,,,,,,,,,,,,,,,,,,,,,,,,,,,,,,,,,,,,,,,,,,,,,,,,,,,,,,,,,,,,,,,,,,,BILASPUR ,
4758.0,3.0,15.0,Active,0.0,0.0,0.0,0.0,1.0,0.0,23-08-2020,,,,,,,,,,,,,,,,,,,,,,,,,,,,,,,,,,,,,,,,,,,,,,,,,,,,,,,,,,,,,,,,,,,,,,,,,,,,,,,,,,,,,,,,,,,,,,,,,,,,,,,,,,,,,,,,BILASPUR ,
4758.0,3.0,15.0,Active,0.0,0.0,0.0,0.0,1.0,0.0,23-08-2020,,,,,,,,,,,,,,,,,,,,,,,,,,,,,,,,,,,,,,,,,,,,,,,,,,,,,,,,,,,,,,,,,,,,,,,,,,,,,,,,,,,,,,,,,,,,,,,,,,,,,,,,,,,,,,,,BILASPUR ,
4758.0,3.0,15.0,Active,0.0,0.0,160.0,0.0,1.0,0.0,23-08-2020,,,,,,,,,,,,,,,,,,,,,,,,,,,,,,,,,,,,,,,,,,,,,,,,,,,,,,,,,,,,,,,,,,,,,,,,,,,,,,,,,,,,,,,,,,,,,,,,,,,,,,,,,,,,,,,,BILASPUR ,
4758.0,3.0,15.0,Active,0.0,0.0,300.0,0.0,2.0,0.0,23-08-2020,,,,,,,,,,,,,,,,,,,,,,,,,,,,,,,,,,,,,,,,,,,,,,,,,,,,,,,,,,,,,,,,,,,,,,,,,,,,,,,,,,,,,,,,,,,,,,,,,,,,,,,,,,,,,,,,BILASPUR ,
4758.0,3.0,15.0,Active,0.0,0.0,0.0,0.0,2.0,0.0,23-08-2020,,,,,,,,,,,,,,,,,,,,,,,,,,,,,,,,,,,,,,,,,,,,,,,,,,,,,,,,,,,,,,,,,,,,,,,,,,,,,,,,,,,,,,,,,,,,,,,,,,,,,,,,,,,,,,,,BILASPUR ,
4758.0,3.0,15.0,Active,0.0,0.0,40.0,0.0,2.0,0.0,23-08-2020,,,,,,,,,,,,,,,,,,,,,,,,,,,,,,,,,,,,,,,,,,,,,,,,,,,,,,,,,,,,,,,,,,,,,,,,,,,,,,,,,,,,,,,,,,,,,,,,,,,,,,,,,,,,,,,,BILASPUR ,
4758.0,3.0,15.0,Active,0.0,0.0,0.0,0.0,2.0,0.0,23-08-2020,,,,,,,,,,,,,,,,,,,,,,,,,,,,,,,,,,,,,,,,,,,,,,,,,,,,,,,,,,,,,,,,,,,,,,,,,,,,,,,,,,,,,,,,,,,,,,,,,,,,,,,,,,,,,,,,BILASPUR ,
4758.0,3.0,15.0,Active,785.0,0.0,8000.0,34.0,1.0,34.0,23-08-2020,,,,,,,,,,,,,,,,,,,,,,,,,,,,,,,,,,,,,,,,,,,,,,,,,,,,,,,,,,,,,,,,,,,,,,,,,,,,,,,,,,,,,,,,,,,,,,,,,,,,,,,,,,,,,,,,BILASPUR ,
4758.0,3.0,15.0,Active,0.0,0.0,0.0,0.0,1.0,0.0,23-08-2020,,,,,,,,,,,,,,,,,,,,,,,,,,,,,,,,,,,,,,,,,,,,,,,,,,,,,,,,,,,,,,,,,,,,,,,,,,,,,,,,,,,,,,,,,,,,,,,,,,,,,,,,,,,,,,,,BILASPUR ,
4758.0,3.0,15.0,Active,0.0,0.0,0.0,0.0,1.0,0.0,23-08-2020,,,,,,,,,,,,,,,,,,,,,,,,,,,,,,,,,,,,,,,,,,,,,,,,,,,,,,,,,,,,,,,,,,,,,,,,,,,,,,,,,,,,,,,,,,,,,,,,,,,,,,,,,,,,,,,,BILASPUR ,
4758.0,3.0,15.0,Active,0.0,0.0,0.0,0.0,1.0,0.0,23-08-2020,,,,,,,,,,,,,,,,,,,,,,,,,,,,,,,,,,,,,,,,,,,,,,,,,,,,,,,,,,,,,,,,,,,,,,,,,,,,,,,,,,,,,,,,,,,,,,,,,,,,,,,,,,,,,,,,BILASPUR ,
4758.0,3.0,15.0,Active,0.0,0.0,190.0,0.0,1.0,0.0,23-08-2020,,,,,,,,,,,,,,,,,,,,,,,,,,,,,,,,,,,,,,,,,,,,,,,,,,,,,,,,,,,,,,,,,,,,,,,,,,,,,,,,,,,,,,,,,,,,,,,,,,,,,,,,,,,,,,,,BILASPUR ,
4758.0,3.0,15.0,Active,0.0,0.0,490.0,0.0,2.0,0.0,23-08-2020,,,,,,,,,,,,,,,,,,,,,,,,,,,,,,,,,,,,,,,,,,,,,,,,,,,,,,,,,,,,,,,,,,,,,,,,,,,,,,,,,,,,,,,,,,,,,,,,,,,,,,,,,,,,,,,,BILASPUR ,
4758.0,3.0,15.0,Active,0.0,0.0,0.0,0.0,2.0,0.0,23-08-2020,,,,,,,,,,,,,,,,,,,,,,,,,,,,,,,,,,,,,,,,,,,,,,,,,,,,,,,,,,,,,,,,,,,,,,,,,,,,,,,,,,,,,,,,,,,,,,,,,,,,,,,,,,,,,,,,BILASPUR ,
4758.0,3.0,15.0,Active,0.0,0.0,60.0,0.0,2.0,0.0,23-08-2020,,,,,,,,,,,,,,,,,,,,,,,,,,,,,,,,,,,,,,,,,,,,,,,,,,,,,,,,,,,,,,,,,,,,,,,,,,,,,,,,,,,,,,,,,,,,,,,,,,,,,,,,,,,,,,,,BILASPUR ,
4758.0,3.0,15.0,Active,0.0,0.0,0.0,0.0,2.0,0.0,23-08-2020,,,,,,,,,,,,,,,,,,,,,,,,,,,,,,,,,,,,,,,,,,,,,,,,,,,,,,,,,,,,,,,,,,,,,,,,,,,,,,,,,,,,,,,,,,,,,,,,,,,,,,,,,,,,,,,,BILASPUR ,
4565.0,,16.0,Active,,,,,,,19-08-2020,,,,,,,,,,,,,,,,Chamba,2.0,0.0,,,,,,,,,,,,,,,,,,,,,,,,,,,,,,,,,,,,,,,,,,,,,,,,,,,,,,,,,,,,,,,,,,,,,,,,,,,,,,,,,,,,,,,,,,,,,,CHAMBA ,CHAMBA
4565.0,,16.0,Active,,,,,,,19-08-2020,,,,,,,,,,,,,,,,Mehla,2.0,0.0,,,,,,,,,,,,,,,,,,,,,,,,,,,,,,,,,,,,,,,,,,,,,,,,,,,,,,,,,,,,,,,,,,,,,,,,,,,,,,,,,,,,,,,,,,,,,,CHAMBA ,CHAMBA
4565.0,,16.0,Active,,,,,,,19-08-2020,,,,,,,,,,,,,,,,Mehla-II,2.0,0.0,,,,,,,,,,,,,,,,,,,,,,,,,,,,,,,,,,,,,,,,,,,,,,,,,,,,,,,,,,,,,,,,,,,,,,,,,,,,,,,,,,,,,,,,,,,,,,CHAMBA ,
4565.0,,16.0,Active,,,,,,,19-08-2020,,,,,,,,,,,,,,,,Gehra,1002.0,0.0,,,,,,,,,,,,,,,,,,,,,,,,,,,,,,,,,,,,,,,,,,,,,,,,,,,,,,,,,,,,,,,,,,,,,,,,,,,,,,,,,,,,,,,,,,,,,,CHAMBA ,CHAMBA
4565.0,,16.0,Active,,,,,,,19-08-2020,,,,,,,,,,,,,,,,Garola,1002.0,0.0,,,,,,,,,,,,,,,,,,,,,,,,,,,,,,,,,,,,,,,,,,,,,,,,,,,,,,,,,,,,,,,,,,,,,,,,,,,,,,,,,,,,,,,,,,,,,,CHAMBA ,HOLI
4565.0,,16.0,Active,,,,,,,19-08-2020,,,,,,,,,,,,,,,,Bharmour,2.0,0.0,,,,,,,,,,,,,,,,,,,,,,,,,,,,,,,,,,,,,,,,,,,,,,,,,,,,,,,,,,,,,,,,,,,,,,,,,,,,,,,,,,,,,,,,,,,,,,CHAMBA ,BHARMOUR
4565.0,,16.0,Active,,,,,,,19-08-2020,,,,,,,,,,,,,,,,Pangi,2.0,0.0,,,,,,,,,,,,,,,,,,,,,,,,,,,,,,,,,,,,,,,,,,,,,,,,,,,,,,,,,,,,,,,,,,,,,,,,,,,,,,,,,,,,,,,,,,,,,,CHAMBA ,CHAMBA
4565.0,,16.0,Active,,,,,,,19-08-2020,,,,,,,,,,,,,,,,Tissa,2.0,0.0,,,,,,,,,,,,,,,,,,,,,,,,,,,,,,,,,,,,,,,,,,,,,,,,,,,,,,,,,,,,,,,,,,,,,,,,,,,,,,,,,,,,,,,,,,,,,,CHAMBA ,CHURAH
4565.0,,16.0,Active,,,,,,,19-08-2020,,,,,,,,,,,,,,,,Kalhel,1002.0,0.0,,,,,,,,,,,,,,,,,,,,,,,,,,,,,,,,,,,,,,,,,,,,,,,,,,,,,,,,,,,,,,,,,,,,,,,,,,,,,,,,,,,,,,,,,,,,,,CHAMBA ,CHURAH
4565.0,,16.0,Active,,,,,,,19-08-2020,,,,,,,,,,,,,,,,Kiani,1002.0,0.0,,,,,,,,,,,,,,,,,,,,,,,,,,,,,,,,,,,,,,,,,,,,,,,,,,,,,,,,,,,,,,,,,,,,,,,,,,,,,,,,,,,,,,,,,,,,,,CHAMBA ,BHALAI
4565.0,,16.0,Active,,,,,,,19-08-2020,,,,,,,,,,,,,,,,Sundla,1002.0,0.0,,,,,,,,,,,,,,,,,,,,,,,,,,,,,,,,,,,,,,,,,,,,,,,,,,,,,,,,,,,,,,,,,,,,,,,,,,,,,,,,,,,,,,,,,,,,,,CHAMBA ,CHURAH
4565.0,,16.0,Active,,,,,,,19-08-2020,,,,,,,,,,,,,,,,Salooni,2.0,0.0,,,,,,,,,,,,,,,,,,,,,,,,,,,,,,,,,,,,,,,,,,,,,,,,,,,,,,,,,,,,,,,,,,,,,,,,,,,,,,,,,,,,,,,,,,,,,,CHAMBA ,
4565.0,,16.0,Active,,,,,,,19-08-2020,,,,,,,,,,,,,,,,Banikhet,1002.0,0.0,,,,,,,,,,,,,,,,,,,,,,,,,,,,,,,,,,,,,,,,,,,,,,,,,,,,,,,,,,,,,,,,,,,,,,,,,,,,,,,,,,,,,,,,,,,,,,CHAMBA ,
4565.0,,16.0,Active,,,,,,,19-08-2020,,,,,,,,,,,,,,,,Chowari,2.0,0.0,,,,,,,,,,,,,,,,,,,,,,,,,,,,,,,,,,,,,,,,,,,,,,,,,,,,,,,,,,,,,,,,,,,,,,,,,,,,,,,,,,,,,,,,,,,,,,CHAMBA ,CHAMBA
4565.0,,16.0,Active,,,,,,,19-08-2020,,,,,,,,,,,,,,,,Shiunta,1002.0,0.0,,,,,,,,,,,,,,,,,,,,,,,,,,,,,,,,,,,,,,,,,,,,,,,,,,,,,,,,,,,,,,,,,,,,,,,,,,,,,,,,,,,,,,,,,,,,,,CHAMBA ,CHURAH
4565.0,,16.0,Active,,,,,,,19-08-2020,,,,,,,,,,,,,,,,Bhattiyat,1002.0,0.0,,,,,,,,,,,,,,,,,,,,,,,,,,,,,,,,,,,,,,,,,,,,,,,,,,,,,,,,,,,,,,,,,,,,,,,,,,,,,,,,,,,,,,,,,,,,,,CHAMBA ,
4565.0,,16.0,Active,,,,,,,19-08-2020,,,,,,,,,,,,,,,,Chamba,1003.0,0.0,,,,,,,,,,,,,,,,,,,,,,,,,,,,,,,,,,,,,,,,,,,,,,,,,,,,,,,,,,,,,,,,,,,,,,,,,,,,,,,,,,,,,,,,,,,,,,CHAMBA ,CHAMBA
4565.0,,16.0,Active,,,,,,,19-08-2020,,,,,,,,,,,,,,,,Mehla,1002.0,0.0,,,,,,,,,,,,,,,,,,,,,,,,,,,,,,,,,,,,,,,,,,,,,,,,,,,,,,,,,,,,,,,,,,,,,,,,,,,,,,,,,,,,,,,,,,,,,,CHAMBA ,CHAMBA
4565.0,,16.0,Active,,,,,,,19-08-2020,,,,,,,,,,,,,,,,Mehla-II,1002.0,0.0,,,,,,,,,,,,,,,,,,,,,,,,,,,,,,,,,,,,,,,,,,,,,,,,,,,,,,,,,,,,,,,,,,,,,,,,,,,,,,,,,,,,,,,,,,,,,,CHAMBA ,
4565.0,,16.0,Active,,,,,,,19-08-2020,,,,,,,,,,,,,,,,Gehra,1002.0,0.0,,,,,,,,,,,,,,,,,,,,,,,,,,,,,,,,,,,,,,,,,,,,,,,,,,,,,,,,,,,,,,,,,,,,,,,,,,,,,,,,,,,,,,,,,,,,,,CHAMBA ,CHAMBA
4565.0,,16.0,Active,,,,,,,19-08-2020,,,,,,,,,,,,,,,,Garola,1002.0,0.0,,,,,,,,,,,,,,,,,,,,,,,,,,,,,,,,,,,,,,,,,,,,,,,,,,,,,,,,,,,,,,,,,,,,,,,,,,,,,,,,,,,,,,,,,,,,,,CHAMBA ,HOLI
4565.0,,16.0,Active,,,,,,,19-08-2020,,,,,,,,,,,,,,,,Bharmour,2.0,0.0,,,,,,,,,,,,,,,,,,,,,,,,,,,,,,,,,,,,,,,,,,,,,,,,,,,,,,,,,,,,,,,,,,,,,,,,,,,,,,,,,,,,,,,,,,,,,,CHAMBA ,BHARMOUR
4565.0,,16.0,Active,,,,,,,19-08-2020,,,,,,,,,,,,,,,,Pangi,1002.0,0.0,,,,,,,,,,,,,,,,,,,,,,,,,,,,,,,,,,,,,,,,,,,,,,,,,,,,,,,,,,,,,,,,,,,,,,,,,,,,,,,,,,,,,,,,,,,,,,CHAMBA ,CHAMBA
4565.0,,16.0,Active,,,,,,,19-08-2020,,,,,,,,,,,,,,,,Tissa,2.0,0.0,,,,,,,,,,,,,,,,,,,,,,,,,,,,,,,,,,,,,,,,,,,,,,,,,,,,,,,,,,,,,,,,,,,,,,,,,,,,,,,,,,,,,,,,,,,,,,CHAMBA ,CHURAH
4565.0,,16.0,Active,,,,,,,19-08-2020,,,,,,,,,,,,,,,,Kalhel,1002.0,0.0,,,,,,,,,,,,,,,,,,,,,,,,,,,,,,,,,,,,,,,,,,,,,,,,,,,,,,,,,,,,,,,,,,,,,,,,,,,,,,,,,,,,,,,,,,,,,,CHAMBA ,CHURAH
4565.0,,16.0,Active,,,,,,,19-08-2020,,,,,,,,,,,,,,,,Kiani,1002.0,0.0,,,,,,,,,,,,,,,,,,,,,,,,,,,,,,,,,,,,,,,,,,,,,,,,,,,,,,,,,,,,,,,,,,,,,,,,,,,,,,,,,,,,,,,,,,,,,,CHAMBA ,BHALAI
4565.0,,16.0,Active,,,,,,,19-08-2020,,,,,,,,,,,,,,,,Sundla,1002.0,0.0,,,,,,,,,,,,,,,,,,,,,,,,,,,,,,,,,,,,,,,,,,,,,,,,,,,,,,,,,,,,,,,,,,,,,,,,,,,,,,,,,,,,,,,,,,,,,,CHAMBA ,CHURAH
4565.0,,16.0,Active,,,,,,,19-08-2020,,,,,,,,,,,,,,,,Salooni,2.0,0.0,,,,,,,,,,,,,,,,,,,,,,,,,,,,,,,,,,,,,,,,,,,,,,,,,,,,,,,,,,,,,,,,,,,,,,,,,,,,,,,,,,,,,,,,,,,,,,CHAMBA ,
4565.0,,16.0,Active,,,,,,,19-08-2020,,,,,,,,,,,,,,,,Banikhet,1002.0,0.0,,,,,,,,,,,,,,,,,,,,,,,,,,,,,,,,,,,,,,,,,,,,,,,,,,,,,,,,,,,,,,,,,,,,,,,,,,,,,,,,,,,,,,,,,,,,,,CHAMBA ,
4565.0,,16.0,Active,,,,,,,19-08-2020,,,,,,,,,,,,,,,,Chowari,1003.0,0.0,,,,,,,,,,,,,,,,,,,,,,,,,,,,,,,,,,,,,,,,,,,,,,,,,,,,,,,,,,,,,,,,,,,,,,,,,,,,,,,,,,,,,,,,,,,,,,CHAMBA ,CHAMBA
4565.0,,16.0,Active,,,,,,,19-08-2020,,,,,,,,,,,,,,,,Shiunta,1002.0,0.0,,,,,,,,,,,,,,,,,,,,,,,,,,,,,,,,,,,,,,,,,,,,,,,,,,,,,,,,,,,,,,,,,,,,,,,,,,,,,,,,,,,,,,,,,,,,,,CHAMBA ,CHURAH
4565.0,,16.0,Active,,,,,,,19-08-2020,,,,,,,,,,,,,,,,Bhattiyat,1002.0,0.0,,,,,,,,,,,,,,,,,,,,,,,,,,,,,,,,,,,,,,,,,,,,,,,,,,,,,,,,,,,,,,,,,,,,,,,,,,,,,,,,,,,,,,,,,,,,,,CHAMBA ,
4889.0,,16.0,Active,,,,,,,27-08-2020,,,,,,,,,,,,,,,,Chamba,1003.0,0.0,,,,,,,,,,,,,,,,,,,,,,,,,,,,,,,,,,,,,,,,,,,,,,,,,,,,,,,,,,,,,,,,,,,,,,,,,,,,,,,,,,,,,,,,,,,,,,CHAMBA ,CHAMBA
4888.0,,16.0,Active,,,,,,,27-08-2020,,,,,,,,,,,,,,,,Kalhel,1002.0,0.0,,,,,,,,,,,,,,,,,,,,,,,,,,,,,,,,,,,,,,,,,,,,,,,,,,,,,,,,,,,,,,,,,,,,,,,,,,,,,,,,,,,,,,,,,,,,,,CHAMBA ,CHURAH
4888.0,,16.0,Active,,,,,,,27-08-2020,,,,,,,,,,,,,,,,Mehla,2.0,0.0,,,,,,,,,,,,,,,,,,,,,,,,,,,,,,,,,,,,,,,,,,,,,,,,,,,,,,,,,,,,,,,,,,,,,,,,,,,,,,,,,,,,,,,,,,,,,,CHAMBA ,CHAMBA
4888.0,,16.0,Active,,,,,,,27-08-2020,,,,,,,,,,,,,,,,Bhattiyat,2.0,0.0,,,,,,,,,,,,,,,,,,,,,,,,,,,,,,,,,,,,,,,,,,,,,,,,,,,,,,,,,,,,,,,,,,,,,,,,,,,,,,,,,,,,,,,,,,,,,,CHAMBA ,
4889.0,,16.0,Active,,,,,,,27-08-2020,,,,,,,,,,,,,,,,Bharmour,1002.0,0.0,,,,,,,,,,,,,,,,,,,,,,,,,,,,,,,,,,,,,,,,,,,,,,,,,,,,,,,,,,,,,,,,,,,,,,,,,,,,,,,,,,,,,,,,,,,,,,CHAMBA ,BHARMOUR
4889.0,,16.0,Active,,,,,,,27-08-2020,,,,,,,,,,,,,,,,Sundla,1002.0,0.0,,,,,,,,,,,,,,,,,,,,,,,,,,,,,,,,,,,,,,,,,,,,,,,,,,,,,,,,,,,,,,,,,,,,,,,,,,,,,,,,,,,,,,,,,,,,,,CHAMBA ,CHURAH
24653.0,,26.0,Active,,,,,,,08-07-2023,,,,,,,,,,,,,,,,Amb,2.0,1.0,HSC KUTHIARI,0.5,WATTER FILLED IN HSC KUTHIARI ON 09.07.2023,,,,,,,,,,,,,,,,,,,,,,,,,,,,,,,,,,,,,,,,,,,,,,,,,,,,,,,,,,,,,,,,,,,,,,,,,,,,,,,,,,,,,,,,,,,UNA ,AMB
24337.0,,18.0,Active,,,,,,,23-06-2023,,,,,,,,,,,,,,,,Panchrukhi,1002.0,1.0,PHC Panchrukhi,5.0,Retaining wall of back side of old PHC Building,,,,,,,,,,,,,,,,,,,,,,,,,,,,,,,,,,,,,,,,,,,,,,,,,,,,,,,,,,,,,,,,,,,,,,,,,,,,,,,,,,,,,,,,,,,KANGRA ,
24337.0,,18.0,Active,,,,,,,23-06-2023,,,,,,,,,,,,,,,,Dharamshala,1003.0,1.0,ZH Dharamshala,15.0,Damage to roof of indoor block including critical ,,,,,,,,,,,,,,,,,,,,,,,,,,,,,,,,,,,,,,,,,,,,,,,,,,,,,,,,,,,,,,,,,,,,,,,,,,,,,,,,,,,,,,,,,,,KANGRA ,SHAHPUR
24337.0,,18.0,Active,,,,,,,23-06-2023,,,,,,,,,,,,,,,,Dharamshala,1003.0,1.0,ZH Dharamshala,20.0,Damage to the retaining wall in front,,,,,,,,,,,,,,,,,,,,,,,,,,,,,,,,,,,,,,,,,,,,,,,,,,,,,,,,,,,,,,,,,,,,,,,,,,,,,,,,,,,,,,,,,,,KANGRA ,SHAHPUR
24337.0,,18.0,Active,,,,,,,23-06-2023,,,,,,,,,,,,,,,,Dharamshala,1003.0,1.0,ZH Dharamshala,20.0,Damage to the sewerage drainage pipeline in front,,,,,,,,,,,,,,,,,,,,,,,,,,,,,,,,,,,,,,,,,,,,,,,,,,,,,,,,,,,,,,,,,,,,,,,,,,,,,,,,,,,,,,,,,,,KANGRA ,SHAHPUR
24337.0,,18.0,Active,,,,,,,23-06-2023,,,,,,,,,,,,,,,,Dharamshala,1003.0,1.0,ZH Dharamshala,5.0,Damage of sewerage drainage pipeline of type-3 ,,,,,,,,,,,,,,,,,,,,,,,,,,,,,,,,,,,,,,,,,,,,,,,,,,,,,,,,,,,,,,,,,,,,,,,,,,,,,,,,,,,,,,,,,,,KANGRA ,SHAHPUR
24337.0,,18.0,Active,,,,,,,23-06-2023,,,,,,,,,,,,,,,,Dharamshala,1003.0,1.0,,,,,,,,,,,,,,,,,,,,,,,,,,,,,,,,,,,,,,,,,,,,,,,,,,,,,,,,,,,,,,,,,,,,,,,,,,,,,,,,,,,,,,,,,,,,,,KANGRA ,SHAHPUR
24337.0,,18.0,Active,,,,,,,23-06-2023,,,,,,,,,,,,,,,,Nurpur,1003.0,1.0,CH Gangath,15.0,Leakage/damage of roof and boundary wall,,,,,,,,,,,,,,,,,,,,,,,,,,,,,,,,,,,,,,,,,,,,,,,,,,,,,,,,,,,,,,,,,,,,,,,,,,,,,,,,,,,,,,,,,,,KANGRA ,NURPUR
24337.0,,18.0,Active,,,,,,,23-06-2023,,,,,,,,,,,,,,,,Nurpur,1003.0,1.0,PHC Basawzira,1.0,Damage boundary Wall,,,,,,,,,,,,,,,,,,,,,,,,,,,,,,,,,,,,,,,,,,,,,,,,,,,,,,,,,,,,,,,,,,,,,,,,,,,,,,,,,,,,,,,,,,,KANGRA ,NURPUR
24337.0,,18.0,Active,,,,,,,23-06-2023,,,,,,,,,,,,,,,,Nurpur,1003.0,1.0,HSC Kherian,3.0,Damage boundary Wall,,,,,,,,,,,,,,,,,,,,,,,,,,,,,,,,,,,,,,,,,,,,,,,,,,,,,,,,,,,,,,,,,,,,,,,,,,,,,,,,,,,,,,,,,,,KANGRA ,NURPUR
24337.0,,18.0,Active,,,,,,,23-06-2023,,,,,,,,,,,,,,,,Lambagaon,1002.0,1.0,PHC jalag,4.0,Retaining wall of PHC building Jalag,,,,,,,,,,,,,,,,,,,,,,,,,,,,,,,,,,,,,,,,,,,,,,,,,,,,,,,,,,,,,,,,,,,,,,,,,,,,,,,,,,,,,,,,,,,KANGRA ,
24337.0,,18.0,Active,,,,,,,23-06-2023,,,,,,,,,,,,,,,,Lambagaon,1002.0,1.0,PHC Lambagaon ,7.0,Damage of roof and dental OPD at PHC Lambagaon,,,,,,,,,,,,,,,,,,,,,,,,,,,,,,,,,,,,,,,,,,,,,,,,,,,,,,,,,,,,,,,,,,,,,,,,,,,,,,,,,,,,,,,,,,,KANGRA ,
24337.0,,18.0,Active,,,,,,,23-06-2023,,,,,,,,,,,,,,,,Lambagaon,1003.0,1.0,HWC Draman,2.0,Damage of roof,,,,,,,,,,,,,,,,,,,,,,,,,,,,,,,,,,,,,,,,,,,,,,,,,,,,,,,,,,,,,,,,,,,,,,,,,,,,,,,,,,,,,,,,,,,KANGRA ,
24834.0,,18.0,Active,,,,,,,11-07-2023,,,,,,,,,,,,,,,,Bhawarna,1003.0,1.0,CH Palampur,40.0,Damage of roof of OT Section Corridor Female ward,,,,,,,,,,,,,,,,,,,,,,,,,,,,,,,,,,,,,,,,,,,,,,,,,,,,,,,,,,,,,,,,,,,,,,,,,,,,,,,,,,,,,,,,,,,KANGRA ,FATEHPUR
25308.0,,23.0,Active,,,,,,,22-07-2023,,,,,,,,,,,,,,,,Jubbal,2.0,1.0,CHC Kotkhai,40.0,"Flashflood, entrance road & CHC building damaged",,,,,,,,,,,,,,,,,,,,,,,,,,,,,,,,,,,,,,,,,,,,,,,,,,,,,,,,,,,,,,,,,,,,,,,,,,,,,,,,,,,,,,,,,,,SHIMLA ,JUBBAL
25467.0,,23.0,Active,,,,,,,24-07-2023,,,,,,,,,,,,,,,,Mashobra,1002.0,1.0,HSC Lal Pani Shimla,25.0,Cracks in the HSC Lalpani building,,,,,,,,,,,,,,,,,,,,,,,,,,,,,,,,,,,,,,,,,,,,,,,,,,,,,,,,,,,,,,,,,,,,,,,,,,,,,,,,,,,,,,,,,,,SHIMLA ,SHIMLA ( RURAL )
25467.0,,23.0,Active,,,,,,,24-07-2023,,,,,,,,,,,,,,,,Jubbal,1002.0,1.0,HSC Kiavi,15.0,Landslide due to heavy rainfall,,,,,,,,,,,,,,,,,,,,,,,,,,,,,,,,,,,,,,,,,,,,,,,,,,,,,,,,,,,,,,,,,,,,,,,,,,,,,,,,,,,,,,,,,,,SHIMLA ,JUBBAL
25467.0,,23.0,Active,,,,,,,24-07-2023,,,,,,,,,,,,,,,,Jubbal,2.0,1.0,SQ at CHC Tikkar,15.0,Cracks in the SQ at CHC Tikkar,,,,,,,,,,,,,,,,,,,,,,,,,,,,,,,,,,,,,,,,,,,,,,,,,,,,,,,,,,,,,,,,,,,,,,,,,,,,,,,,,,,,,,,,,,,SHIMLA ,JUBBAL
25531.0,,23.0,Active,,,,,,,26-07-2023,,,,,,,,,,,,,,,,Rohroo,1002.0,1.0,PHC Badiyara,3.0,"Flash flood, muck gathered in the premises,a",,,,,,,,,,,,,,,,,,,,,,,,,,,,,,,,,,,,,,,,,,,,,,,,,,,,,,,,,,,,,,,,,,,,,,,,,,,,,,,,,,,,,,,,,,,SHIMLA ,
25531.0,,23.0,Active,,,,,,,26-07-2023,,,,,,,,,,,,,,,,Rampur,1002.0,1.0,HSC Khaneti,30.0,HSC Khaneti bldg damaged by rocks,,,,,,,,,,,,,,,,,,,,,,,,,,,,,,,,,,,,,,,,,,,,,,,,,,,,,,,,,,,,,,,,,,,,,,,,,,,,,,,,,,,,,,,,,,,SHIMLA ,RAMPUR
25721.0,,23.0,Active,,,,,,,01-08-2023,,,,,,,,,,,,,,,,Rohroo,1002.0,1.0,,,,,,,,,,,,,,,,,,,,,,,,,,,,,,,,,,,,,,,,,,,,,,,,,,,,,,,,,,,,,,,,,,,,,,,,,,,,,,,,,,,,,,,,,,,,,,SHIMLA ,
25974.0,,23.0,Active,,,,,,,09-08-2023,,,,,,,,,,,,,,,,Rampur,2.0,1.0,CHC Nankhari,10.0,Gaps & Cracks in CHC with leakage in ceiling,,,,,,,,,,,,,,,,,,,,,,,,,,,,,,,,,,,,,,,,,,,,,,,,,,,,,,,,,,,,,,,,,,,,,,,,,,,,,,,,,,,,,,,,,,,SHIMLA ,RAMPUR
26231.0,,26.0,Active,,,,,,,06-08-2023,,,,,,,,,,,,,,,,Amb,1002.0,1.0,PHC DHARMSHAL MAHANTAN,10.0,BOUNDARY WALL DAMAGE ,,,,,,,,,,,,,,,,,,,,,,,,,,,,,,,,,,,,,,,,,,,,,,,,,,,,,,,,,,,,,,,,,,,,,,,,,,,,,,,,,,,,,,,,,,,UNA ,AMB
26193.0,,23.0,Active,,,,,,,16-08-2023,,,,,,,,,,,,,,,,Rohroo,1002.0,1.0,PHC Dhagoli,10.0,Building totally damaged du to landslide,,,,,,,,,,,,,,,,,,,,,,,,,,,,,,,,,,,,,,,,,,,,,,,,,,,,,,,,,,,,,,,,,,,,,,,,,,,,,,,,,,,,,,,,,,,SHIMLA ,
26426.0,,23.0,Active,,,,,,,26-08-2023,,,,,,,,,,,,,,,,Rampur,1002.0,1.0,HSC Kaobil,1.0,Cracks in the building with damage to the roof,,,,,,,,,,,,,,,,,,,,,,,,,,,,,,,,,,,,,,,,,,,,,,,,,,,,,,,,,,,,,,,,,,,,,,,,,,,,,,,,,,,,,,,,,,,SHIMLA ,RAMPUR
26426.0,,23.0,Active,,,,,,,26-08-2023,,,,,,,,,,,,,,,,Rampur,2.0,1.0,,,,,,,,,,,,,,,,,,,,,,,,,,,,,,,,,,,,,,,,,,,,,,,,,,,,,,,,,,,,,,,,,,,,,,,,,,,,,,,,,,,,,,,,,,,,,,SHIMLA ,RAMPUR
25721.0,,23.0,Active,,,,,,,01-08-2023,,,,,,,,,,,,,,,,Rampur,1002.0,1.0,HSC Racholi,50000.0,Retaining wall damaged,,,,,,,,,,,,,,,,,,,,,,,,,,,,,,,,,,,,,,,,,,,,,,,,,,,,,,,,,,,,,,,,,,,,,,,,,,,,,,,,,,,,,,,,,,,SHIMLA ,RAMPUR
2806.0,10.0,19.0,Active,,0.0,,,,,20-07-2020,,,,,,,,,,,,,,,,,,,,,,,,,14.0,1.13,3.0,7.0,0.0,4.0,11.0,1.0,0.0,1.0,1.0,0.0,0.0,352.0,0.0,18.0,0.0,11.0,11.0,4543.0,1.13,1.13,0.0,0.0,1.13,,,,,,,,,,,,,,,,,,,,,,,,,,,,,,,,,,,,,,,,,,,,,,,,,,,,,,,,,,,,,,,KINNAUR ,
4494.0,10.0,15.0,Active,,4.0,,,,,16-08-2020,,,,,,,,,,,,,,,,,,,,,,,,,15.0,0.0,26.0,90.0,72.0,55.0,217.0,52.0,45.0,38.0,135.0,0.0,0.0,0.0,0.0,95.0,92.0,0.0,217.0,0.0,135.0,0.0,0.0,0.0,0.0,,,,,,,,,,,,,,,,,,,,,,,,,,,,,,,,,,,,,,,,,,,,,,,,,,,,,,,,,,,,,,,BILASPUR ,
4494.0,10.0,15.0,Active,,3.0,,,,,16-08-2020,,,,,,,,,,,,,,,,,,,,,,,,,16.0,0.0,29.0,12.0,11.0,19.0,42.0,16.0,14.0,13.0,43.0,0.0,0.0,0.0,0.0,40.0,42.0,0.0,42.0,0.0,43.0,0.0,0.0,0.0,0.0,,,,,,,,,,,,,,,,,,,,,,,,,,,,,,,,,,,,,,,,,,,,,,,,,,,,,,,,,,,,,,,BILASPUR ,
4494.0,1041.0,15.0,Active,,3.0,,,,,16-08-2020,,,,,,,,,,,,,,,,,,,,,,,,,17.0,0.0,36.0,26.0,22.0,21.0,69.0,19.0,15.0,14.0,48.0,0.0,0.0,0.0,0.0,28.0,33.0,0.0,69.0,0.0,48.0,0.0,0.0,0.0,0.0,,,,,,,,,,,,,,,,,,,,,,,,,,,,,,,,,,,,,,,,,,,,,,,,,,,,,,,,,,,,,,,BILASPUR ,
4494.0,10.0,15.0,Active,,3.0,,,,,16-08-2020,,,,,,,,,,,,,,,,,,,,,,,,,18.0,0.0,24.0,22.0,20.0,19.0,61.0,15.0,14.0,12.0,41.0,0.0,0.0,0.0,0.0,35.0,41.0,0.0,61.0,0.0,41.0,0.0,0.0,0.0,0.0,,,,,,,,,,,,,,,,,,,,,,,,,,,,,,,,,,,,,,,,,,,,,,,,,,,,,,,,,,,,,,,BILASPUR ,
4780.0,10.0,19.0,Active,,0.0,,,,,05-08-2020,,,,,,,,,,,,,,,,,,,,,,,,,19.0,0.0,3.0,5.0,0.0,0.0,5.0,2.0,0.0,0.0,2.0,0.0,0.0,52.0,0.0,0.0,0.0,5.0,5.0,3647.0,2.25,0.0,2.25,0.0,0.0,,,,,,,,,,,,,,,,,,,,,,,,,,,,,,,,,,,,,,,,,,,,,,,,,,,,,,,,,,,,,,,KINNAUR ,
4759.0,10.0,15.0,Active,,4.0,,,,,22-08-2020,,,,,,,,,,,,,,,,,,,,,,,,,20.0,70.0,26.0,30.0,25.0,22.0,77.0,28.0,22.0,19.0,69.0,0.0,0.0,0.0,0.0,41.0,38.0,77.0,77.0,4590.0,69.0,70.0,0.0,0.0,4590.0,,,,,,,,,,,,,,,,,,,,,,,,,,,,,,,,,,,,,,,,,,,,,,,,,,,,,,,,,,,,,,,BILASPUR ,
4759.0,10.0,15.0,Active,,3.0,,,,,22-08-2020,,,,,,,,,,,,,,,,,,,,,,,,,21.0,32.0,29.0,8.0,6.0,5.0,19.0,9.0,8.0,6.0,23.0,0.0,0.0,0.0,0.0,15.0,12.0,19.0,19.0,204.0,23.0,32.0,0.0,0.0,0.0,,,,,,,,,,,,,,,,,,,,,,,,,,,,,,,,,,,,,,,,,,,,,,,,,,,,,,,,,,,,,,,BILASPUR ,
4759.0,10.0,15.0,Active,,3.0,,,,,22-08-2020,,,,,,,,,,,,,,,,,,,,,,,,,22.0,55.0,36.0,12.0,10.0,9.0,31.0,8.0,7.0,6.0,21.0,0.0,0.0,0.0,0.0,16.0,15.0,31.0,31.0,184.0,21.0,55.0,0.0,0.0,0.0,,,,,,,,,,,,,,,,,,,,,,,,,,,,,,,,,,,,,,,,,,,,,,,,,,,,,,,,,,,,,,,BILASPUR ,
4759.0,10.0,15.0,Active,,3.0,,,,,22-08-2020,,,,,,,,,,,,,,,,,,,,,,,,,23.0,22.0,24.0,8.0,6.0,4.0,18.0,8.0,6.0,5.0,19.0,0.0,0.0,0.0,0.0,14.0,11.0,18.0,18.0,628.0,19.0,22.0,0.0,0.0,0.0,,,,,,,,,,,,,,,,,,,,,,,,,,,,,,,,,,,,,,,,,,,,,,,,,,,,,,,,,,,,,,,BILASPUR ,
5370.0,10.0,20.0,Active,,0.5,,,,,26-08-2020,,,,,,,,,,,,,,,,,,,,,,,,,25.0,0.0,3.0,3.0,0.0,0.0,3.0,1.0,0.0,0.0,1.0,0.0,0.0,135.0,0.0,2.0,0.0,0.0,3.0,31117.0,0.5,0.0,0.0,0.0,0.0,,,,,,,,,,,,,,,,,,,,,,,,,,,,,,,,,,,,,,,,,,,,,,,,,,,,,,,,,,,,,,,KULLU ,
5370.0,10.0,20.0,Active,,0.3,,,,,26-08-2020,,,,,,,,,,,,,,,,,,,,,,,,,26.0,0.0,35.0,3.0,0.0,0.0,3.0,0.0,0.0,0.0,0.0,0.0,0.0,87.0,0.0,0.0,0.0,0.0,3.0,31117.0,0.3,0.0,0.0,0.0,0.0,,,,,,,,,,,,,,,,,,,,,,,,,,,,,,,,,,,,,,,,,,,,,,,,,,,,,,,,,,,,,,,KULLU ,
5370.0,10.0,20.0,Active,,0.2,,,,,26-08-2020,,,,,,,,,,,,,,,,,,,,,,,,,27.0,0.0,32.0,3.0,0.0,0.0,3.0,0.0,0.0,0.0,0.0,0.0,0.0,68.0,0.0,0.0,0.0,0.0,3.0,31117.0,0.2,0.0,0.0,0.0,0.0,,,,,,,,,,,,,,,,,,,,,,,,,,,,,,,,,,,,,,,,,,,,,,,,,,,,,,,,,,,,,,,KULLU ,
5370.0,10.0,20.0,Active,,0.3,,,,,26-08-2020,,,,,,,,,,,,,,,,,,,,,,,,,28.0,0.0,36.0,5.0,0.0,0.0,5.0,0.0,0.0,0.0,0.0,0.0,0.0,147.0,0.0,2.0,0.0,0.0,5.0,31117.0,0.3,0.0,0.0,0.0,0.0,,,,,,,,,,,,,,,,,,,,,,,,,,,,,,,,,,,,,,,,,,,,,,,,,,,,,,,,,,,,,,,KULLU ,
5370.0,10.0,20.0,Active,,0.1,,,,,26-08-2020,,,,,,,,,,,,,,,,,,,,,,,,,29.0,0.0,33.0,1.0,0.0,0.0,1.0,0.0,0.0,0.0,0.0,0.0,0.0,12.0,0.0,0.0,0.0,0.0,1.0,31117.0,0.1,0.0,0.0,0.0,0.0,,,,,,,,,,,,,,,,,,,,,,,,,,,,,,,,,,,,,,,,,,,,,,,,,,,,,,,,,,,,,,,KULLU ,
11813.0,10.0,20.0,Active,,18.0,,,,,17-07-2021,,,,,,,,,,,,,,,,,,,,,,,,,37.0,0.0,3.0,80.0,15.0,0.0,95.0,15.0,3.0,0.0,18.0,0.0,0.0,55.0,10.0,54.0,15.0,8700.0,95.0,8405.0,18.0,0.0,0.0,0.0,0.0,,,,,,,,,,,,,,,,,,,,,,,,,,,,,,,,,,,,,,,,,,,,,,,,,,,,,,,,,,,,,,,KULLU ,
8879.0,10.0,18.0,Active,,1.2,,,,,12-07-2021,,,,,,,,,,,,,,,,,,,,,,,,,45.0,0.0,3.0,2.0,0.0,0.0,2.0,1.0,0.0,0.0,1.0,0.0,0.0,58.0,0.0,0.0,0.0,2.0,2.0,0.67,1.2,0.0,0.0,0.0,0.0,,,,,,,,,,,,,,,,,,,,,,,,,,,,,,,,,,,,,,,,,,,,,,,,,,,,,,,,,,,,,,,KANGRA ,
8879.0,10.0,18.0,Active,,1.5,,,,,12-07-2021,,,,,,,,,,,,,,,,,,,,,,,,,46.0,0.0,26.0,3.0,0.0,0.0,3.0,2.0,0.0,0.0,2.0,0.0,0.0,15.0,0.0,0.0,0.0,3.0,3.0,598.0,1.5,0.0,0.0,0.0,0.0,,,,,,,,,,,,,,,,,,,,,,,,,,,,,,,,,,,,,,,,,,,,,,,,,,,,,,,,,,,,,,,KANGRA ,
8879.0,10.0,18.0,Active,,2.2,,,,,12-07-2021,,,,,,,,,,,,,,,,,,,,,,,,,47.0,0.0,24.0,3.0,0.0,0.0,3.0,2.0,0.0,0.0,2.0,0.0,0.0,10.0,0.0,0.0,0.0,3.0,3.0,222.0,2.2,0.0,0.0,0.0,0.0,,,,,,,,,,,,,,,,,,,,,,,,,,,,,,,,,,,,,,,,,,,,,,,,,,,,,,,,,,,,,,,KANGRA ,
8879.0,10.0,18.0,Active,,3.64,,,,,12-07-2021,,,,,,,,,,,,,,,,,,,,,,,,,48.0,0.0,29.0,8.0,0.0,0.0,8.0,4.0,0.0,0.0,4.0,0.0,0.0,52.0,0.0,0.0,0.0,8.0,8.0,118.0,3.64,0.0,0.0,0.0,0.0,,,,,,,,,,,,,,,,,,,,,,,,,,,,,,,,,,,,,,,,,,,,,,,,,,,,,,,,,,,,,,,KANGRA ,
8879.0,10.0,18.0,Active,,3.2,,,,,12-07-2021,,,,,,,,,,,,,,,,,,,,,,,,,49.0,0.0,1.0,8.0,0.0,0.0,8.0,3.0,0.0,0.0,3.0,0.0,0.0,39.0,0.0,0.0,0.0,8.0,8.0,2.5,3.21,0.0,0.0,0.0,0.0,,,,,,,,,,,,,,,,,,,,,,,,,,,,,,,,,,,,,,,,,,,,,,,,,,,,,,,,,,,,,,,KANGRA ,
8879.0,10.0,18.0,Active,,1.74,,,,,12-07-2021,,,,,,,,,,,,,,,,,,,,,,,,,50.0,0.0,16.0,3.0,0.0,0.0,3.0,2.0,0.0,0.0,2.0,0.0,0.0,20.0,0.0,0.0,0.0,3.0,3.0,15.0,1.74,0.0,0.0,0.0,0.0,,,,,,,,,,,,,,,,,,,,,,,,,,,,,,,,,,,,,,,,,,,,,,,,,,,,,,,,,,,,,,,KANGRA ,
8879.0,10.0,18.0,Active,,0.0,,,,,12-07-2021,,,,,,,,,,,,,,,,,,,,,,,,,51.0,0.0,3.0,0.0,0.0,0.0,0.0,0.0,0.0,0.0,0.0,531.0,0.0,0.0,0.0,0.0,0.0,0.0,0.0,0.0,0.0,0.0,0.0,0.0,0.0,,,,,,,,,,,,,,,,,,,,,,,,,,,,,,,,,,,,,,,,,,,,,,,,,,,,,,,,,,,,,,,KANGRA ,
12480.0,10.0,24.0,Active,,0.8,,,,,20-09-2021,,,,,,,,,,,,,,,,,,,,,,,,,52.0,0.2,20.0,5.0,1.0,1.0,7.0,1.0,1.0,1.0,3.0,0.0,0.0,10.0,25.0,4.0,1.0,12.0,7.0,4.0,2.5,2.0,2.0,2.0,3.0,,,,,,,,,,,,,,,,,,,,,,,,,,,,,,,,,,,,,,,,,,,,,,,,,,,,,,,,,,,,,,,SIRMAUR ,
12503.0,10.0,20.0,Active,,2.54,,,,,21-09-2021,,,,,,,,,,,,,,,,,,,,,,,,,53.0,1.1,3.0,4.0,16.0,2.0,22.0,0.0,3.0,0.0,4.0,0.0,0.0,308.0,65.0,8.0,8.0,9200.0,22.0,11378.0,3.64,1.1,1.1,0.0,0.0,,,,,,,,,,,,,,,,,,,,,,,,,,,,,,,,,,,,,,,,,,,,,,,,,,,,,,,,,,,,,,,KULLU ,
19699.0,10.0,20.0,Active,,108.0,,,,,11-08-2022,,,,,,,,,,,,,,,,,,,,,,,,,121.0,0.0,3.0,240.0,10.0,0.0,250.0,96.0,12.0,0.0,108.0,0.0,0.0,1105.0,325.0,4.0,0.0,18703.0,250.0,4401.86,108.0,0.0,0.0,0.0,0.0,,,,,,,,,,,,,,,,,,,,,,,,,,,,,,,,,,,,,,,,,,,,,,,,,,,,,,,,,,,,,,,KULLU ,
20463.0,10.0,20.0,Active,,72.0,,,,,21-08-2022,,,,,,,,,,,,,,,,,,,,,,,,,151.0,0.0,3.0,135.0,15.0,0.0,150.0,54.0,18.0,0.0,72.0,0.0,0.0,1150.0,500.0,8.0,0.0,18703.0,150.0,4401.86,72.0,0.0,0.0,0.0,0.0,,,,,,,,,,,,,,,,,,,,,,,,,,,,,,,,,,,,,,,,,,,,,,,,,,,,,,,,,,,,,,,KULLU ,
24628.0,1.0,22.0,Active,,119.0,,,,,10-07-2023,,,,,,,,,,,,,,,,,,,,,,,,,286.0,0.0,3.0,215.0,30.0,10.0,255.0,105.0,8.0,6.0,119.0,0.0,0.0,0.0,0.0,28.0,0.0,0.0,255.0,3420.0,119.0,0.0,0.0,0.0,0.0,,,,,,,,,,,,,,,,,,,,,,,,,,,,,,,,,,,,,,,,,,,,,,,,,,,,,,,,,,,,,,,MANDI ,
24628.0,1.0,22.0,Active,,108.0,,,,,10-07-2023,,,,,,,,,,,,,,,,,,,,,,,,,287.0,0.0,26.0,305.0,37.0,30.0,372.0,88.0,10.0,10.0,108.0,0.0,0.0,0.0,0.0,80.0,0.0,0.0,372.0,3420.0,108.0,0.0,0.0,0.0,0.0,,,,,,,,,,,,,,,,,,,,,,,,,,,,,,,,,,,,,,,,,,,,,,,,,,,,,,,,,,,,,,,MANDI ,
24628.0,1.0,22.0,Active,,8.0,,,,,10-07-2023,,,,,,,,,,,,,,,,,,,,,,,,,288.0,0.0,26.0,14.0,0.0,0.0,14.0,8.0,0.0,0.0,8.0,0.0,0.0,0.0,0.0,27.0,0.0,0.0,14.0,1891.24,8.0,0.0,0.0,0.0,0.0,,,,,,,,,,,,,,,,,,,,,,,,,,,,,,,,,,,,,,,,,,,,,,,,,,,,,,,,,,,,,,,MANDI ,
24628.0,10.0,-1.0,Active,,406.0,,,,,10-07-2023,,,,,,,,,,,,,,,,,,,,,,,,,289.0,0.0,3.0,1000.0,70.0,20.0,1090.0,400.0,5.0,1.0,406.0,0.0,0.0,500.0,4500.0,50.0,50.0,13480.0,1090.0,6607.34,406.0,0.0,0.0,0.0,0.0,,,,,,,,,,,,,,,,,,,,,,,,,,,,,,,,,,,,,,,,,,,,,,,,,,,,,,,,,,,,,,,,
24628.0,10.0,22.0,Active,,2.5,,,,,10-07-2023,,,,,,,,,,,,,,,,,,,,,,,,,290.0,0.0,4.0,8.0,3.0,0.0,11.0,2.0,1.0,0.0,3.0,0.0,0.0,40.0,90.0,0.0,0.0,13480.0,11.0,6607.34,2.5,0.0,0.0,0.0,0.0,,,,,,,,,,,,,,,,,,,,,,,,,,,,,,,,,,,,,,,,,,,,,,,,,,,,,,,,,,,,,,,MANDI ,
24628.0,1.0,22.0,Active,,2.0,,,,,10-07-2023,,,,,,,,,,,,,,,,,,,,,,,,,291.0,0.0,32.0,30.0,15.0,0.0,45.0,2.0,1.0,0.0,2.0,0.0,0.0,25.0,75.0,0.0,5.0,0.0,45.0,6607.34,2.0,0.0,0.0,0.0,0.0,,,,,,,,,,,,,,,,,,,,,,,,,,,,,,,,,,,,,,,,,,,,,,,,,,,,,,,,,,,,,,,MANDI ,
24628.0,1.0,22.0,Active,,5.0,,,,,10-07-2023,,,,,,,,,,,,,,,,,,,,,,,,,292.0,0.0,35.0,10.0,5.0,0.0,15.0,4.0,1.0,0.0,5.0,0.0,0.0,50.0,100.0,0.0,0.0,0.0,15.0,6607.34,5.0,0.0,0.0,0.0,0.0,,,,,,,,,,,,,,,,,,,,,,,,,,,,,,,,,,,,,,,,,,,,,,,,,,,,,,,,,,,,,,,MANDI ,
24628.0,1.0,22.0,Active,,430.0,,,,,10-07-2023,,,,,,,,,,,,,,,,,,,,,,,,,293.0,0.0,3.0,1465.0,18.0,0.0,1483.0,105.0,215.0,110.0,430.0,0.0,0.0,0.0,0.0,230.0,175.0,0.0,1483.0,0.0,430.0,0.0,0.0,0.0,0.0,,,,,,,,,,,,,,,,,,,,,,,,,,,,,,,,,,,,,,,,,,,,,,,,,,,,,,,,,,,,,,,MANDI ,
24628.0,1.0,22.0,Active,,115.0,,,,,10-07-2023,,,,,,,,,,,,,,,,,,,,,,,,,294.0,0.0,35.0,82.0,2.0,0.0,84.0,25.0,55.0,35.0,115.0,0.0,0.0,0.0,0.0,50.0,75.0,6600.0,84.0,3487.0,115.0,0.0,0.0,0.0,0.0,,,,,,,,,,,,,,,,,,,,,,,,,,,,,,,,,,,,,,,,,,,,,,,,,,,,,,,,,,,,,,,MANDI ,
24628.0,10.0,22.0,Active,,23.0,,,,,10-07-2023,,,,,,,,,,,,,,,,,,,,,,,,,315.0,0.0,3.0,1087.0,14.0,0.0,1101.0,20.0,3.0,0.0,23.0,0.0,0.0,0.0,0.0,50.0,79.0,0.0,1101.0,0.0,23.0,0.0,0.0,0.0,0.0,,,,,,,,,,,,,,,,,,,,,,,,,,,,,,,,,,,,,,,,,,,,,,,,,,,,,,,,,,,,,,,MANDI ,
24628.0,10.0,22.0,Active,,20.0,,,,,10-07-2023,,,,,,,,,,,,,,,,,,,,,,,,,316.0,0.0,4.0,56.0,1.0,0.0,57.0,19.0,0.0,0.0,19.0,0.0,0.0,0.0,0.0,20.0,30.0,0.0,57.0,0.0,19.0,0.0,0.0,0.0,0.0,,,,,,,,,,,,,,,,,,,,,,,,,,,,,,,,,,,,,,,,,,,,,,,,,,,,,,,,,,,,,,,MANDI ,
24628.0,10.0,22.0,Active,,87.0,,,,,10-07-2023,,,,,,,,,,,,,,,,,,,,,,,,,317.0,0.0,3.0,156.0,48.0,17.0,221.0,72.0,10.0,5.0,87.0,0.0,0.0,0.0,0.0,35.0,17.0,0.0,221.0,0.0,87.0,0.0,0.0,0.0,0.0,,,,,,,,,,,,,,,,,,,,,,,,,,,,,,,,,,,,,,,,,,,,,,,,,,,,,,,,,,,,,,,MANDI ,
24628.0,10.0,22.0,Active,,108.0,,,,,10-07-2023,,,,,,,,,,,,,,,,,,,,,,,,,318.0,0.0,26.0,186.0,41.0,5.0,232.0,98.0,8.0,2.0,108.0,0.0,0.0,0.0,0.0,47.0,23.0,0.0,232.0,0.0,108.0,0.0,0.0,0.0,0.0,,,,,,,,,,,,,,,,,,,,,,,,,,,,,,,,,,,,,,,,,,,,,,,,,,,,,,,,,,,,,,,MANDI ,
24628.0,10.0,22.0,Active,,15.0,,,,,10-07-2023,,,,,,,,,,,,,,,,,,,,,,,,,319.0,0.0,24.0,78.0,38.0,12.0,128.0,10.0,3.0,2.0,15.0,0.0,0.0,0.0,0.0,12.0,9.0,0.0,128.0,0.0,15.0,0.0,0.0,0.0,0.0,,,,,,,,,,,,,,,,,,,,,,,,,,,,,,,,,,,,,,,,,,,,,,,,,,,,,,,,,,,,,,,MANDI ,
24628.0,1.0,22.0,Active,,140.0,,,,,10-07-2023,,,,,,,,,,,,,,,,,,,,,,,,,334.0,0.0,3.0,624.0,8.0,0.0,632.0,138.0,2.0,0.0,140.0,0.0,0.0,330.0,105.0,26.0,0.0,0.0,632.0,0.0,140.0,0.0,0.0,0.0,0.0,,,,,,,,,,,,,,,,,,,,,,,,,,,,,,,,,,,,,,,,,,,,,,,,,,,,,,,,,,,,,,,MANDI ,
26167.0,10.0,18.0,Active,,7.0,,,,,17-08-2023,,,,,,,,,,,,,,,,,,,,,,,,,415.0,5.5,31.0,1.0,29.0,1.0,31.0,2.0,10.0,1.0,13.0,0.0,0.0,1905.0,1564.0,0.0,0.0,0.0,31.0,0.0,12.5,5.5,0.0,0.0,0.0,,,,,,,,,,,,,,,,,,,,,,,,,,,,,,,,,,,,,,,,,,,,,,,,,,,,,,,,,,,,,,,KANGRA ,
26167.0,10.0,18.0,Active,,12.8,,,,,17-08-2023,,,,,,,,,,,,,,,,,,,,,,,,,416.0,18.03,35.0,2.0,9.0,7.0,18.0,3.0,15.0,14.0,31.0,0.0,0.0,5213.0,3360.0,0.0,0.0,0.0,18.0,0.0,30.83,18.03,0.0,0.0,0.0,,,,,,,,,,,,,,,,,,,,,,,,,,,,,,,,,,,,,,,,,,,,,,,,,,,,,,,,,,,,,,,KANGRA ,
26167.0,10.0,18.0,Active,,2.22,,,,,17-08-2023,,,,,,,,,,,,,,,,,,,,,,,,,417.0,5.78,26.0,1.0,6.0,3.0,10.0,0.0,6.0,2.0,8.0,0.0,0.0,577.0,215.0,0.0,0.0,0.0,10.0,0.0,8.0,5.78,0.0,0.0,0.0,,,,,,,,,,,,,,,,,,,,,,,,,,,,,,,,,,,,,,,,,,,,,,,,,,,,,,,,,,,,,,,KANGRA ,
26167.0,10.0,18.0,Active,,1.5,,,,,17-08-2023,,,,,,,,,,,,,,,,,,,,,,,,,418.0,0.5,16.0,0.0,1.0,2.0,3.0,0.0,0.0,1.0,2.0,0.0,0.0,100.0,240.0,0.0,0.0,0.0,3.0,0.0,1.5,0.5,0.0,0.0,0.0,,,,,,,,,,,,,,,,,,,,,,,,,,,,,,,,,,,,,,,,,,,,,,,,,,,,,,,,,,,,,,,KANGRA ,
26167.0,10.0,18.0,Active,,0.0,,,,,17-08-2023,,,,,,,,,,,,,,,,,,,,,,,,,419.0,0.01,30.0,0.0,1.0,0.0,1.0,0.0,0.0,0.0,0.0,0.0,0.0,100.0,0.0,0.0,0.0,0.0,1.0,0.0,0.1,0.01,0.0,0.0,0.0,,,,,,,,,,,,,,,,,,,,,,,,,,,,,,,,,,,,,,,,,,,,,,,,,,,,,,,,,,,,,,,KANGRA ,
26167.0,10.0,18.0,Active,,1.5,,,,,17-08-2023,,,,,,,,,,,,,,,,,,,,,,,,,420.0,2.5,24.0,0.0,6.0,1.0,7.0,0.0,2.0,3.0,4.0,0.0,0.0,221.0,143.0,0.0,0.0,0.0,7.0,0.0,4.0,2.5,0.0,0.0,0.0,,,,,,,,,,,,,,,,,,,,,,,,,,,,,,,,,,,,,,,,,,,,,,,,,,,,,,,,,,,,,,,KANGRA ,
26167.0,10.0,18.0,Active,,1.25,,,,,17-08-2023,,,,,,,,,,,,,,,,,,,,,,,,,421.0,0.75,29.0,0.0,1.0,2.0,3.0,0.0,1.0,1.0,2.0,0.0,0.0,300.0,500.0,0.0,0.0,0.0,3.0,0.0,2.0,0.75,0.0,0.0,0.0,,,,,,,,,,,,,,,,,,,,,,,,,,,,,,,,,,,,,,,,,,,,,,,,,,,,,,,,,,,,,,,KANGRA ,
26167.0,10.0,18.0,Active,,0.0,,,,,17-08-2023,,,,,,,,,,,,,,,,,,,,,,,,,423.0,1.3,23.0,0.0,2.0,0.0,2.0,0.0,1.0,0.0,1.0,0.0,0.0,130.0,0.0,0.0,0.0,0.0,2.0,0.0,1.3,1.3,0.0,0.0,0.0,,,,,,,,,,,,,,,,,,,,,,,,,,,,,,,,,,,,,,,,,,,,,,,,,,,,,,,,,,,,,,,KANGRA ,
26167.0,10.0,18.0,Active,,0.0,,,,,17-08-2023,,,,,,,,,,,,,,,,,,,,,,,,,424.0,0.1,36.0,0.0,0.0,1.0,1.0,0.0,0.0,0.0,0.0,0.0,0.0,100.0,0.0,0.0,0.0,0.0,1.0,0.0,0.1,0.1,0.0,0.0,0.0,,,,,,,,,,,,,,,,,,,,,,,,,,,,,,,,,,,,,,,,,,,,,,,,,,,,,,,,,,,,,,,KANGRA ,
26167.0,10.0,18.0,Active,,0.0,,,,,17-08-2023,,,,,,,,,,,,,,,,,,,,,,,,,426.0,2.0,3.0,0.0,0.0,0.0,0.0,0.0,0.0,2.0,2.0,5661.0,0.0,0.0,0.0,0.0,0.0,0.0,0.0,0.0,2.0,2.0,0.0,0.0,0.0,,,,,,,,,,,,,,,,,,,,,,,,,,,,,,,,,,,,,,,,,,,,,,,,,,,,,,,,,,,,,,,KANGRA ,
26167.0,10.0,18.0,Active,,0.0,,,,,17-08-2023,,,,,,,,,,,,,,,,,,,,,,,,,435.0,0.6,26.0,8.0,0.0,0.0,8.0,1.0,0.0,0.0,1.0,0.0,0.0,83.0,0.0,0.0,0.0,0.0,8.0,0.0,0.6,0.6,0.0,0.0,0.0,,,,,,,,,,,,,,,,,,,,,,,,,,,,,,,,,,,,,,,,,,,,,,,,,,,,,,,,,,,,,,,KANGRA ,
26167.0,10.0,18.0,Active,,0.0,,,,,17-08-2023,,,,,,,,,,,,,,,,,,,,,,,,,437.0,0.17,20.0,7.0,0.0,0.0,7.0,0.0,0.0,0.0,0.0,0.0,0.0,68.0,0.0,0.0,0.0,0.0,7.0,0.0,0.17,0.0,0.0,0.0,0.0,,,,,,,,,,,,,,,,,,,,,,,,,,,,,,,,,,,,,,,,,,,,,,,,,,,,,,,,,,,,,,,KANGRA ,
2609.0,36.0,,Active,,,,,,,06-06-2020,,,,,,,,,,,,,,,,,,,,,,,,,,,,,,,,,,,,,,,,,,,,,,,,,,1.0,Arki,Solan,,,,,,,,,,,,,,,,,,,,,,,,,,,,,,,,,,,,,,,,,,,,,,,,,,,,,,,,,,,,SOLAN,ARKI
2609.0,36.0,,Active,,,,,,,06-06-2020,,,,,,,,,,,,,,,,,,,,,,,,,,,,,,,,,,,,,,,,,,,,,,,,,,2.0,Solan ,Solan,,,,,,,,,,,,,,,,,,,,,,,,,,,,,,,,,,,,,,,,,,,,,,,,,,,,,,,,,,,,SOLAN,SOLAN
2796.0,36.0,,Active,,,,,,,12-07-2020,,,,,,,,,,,,,,,,,,,,,,,,,,,,,,,,,,,,,,,,,,,,,,,,,,11.0,Manali,Kullu,,,,,,,,,,,,,,,,,,,,,,,,,,,,,,,,,,,,,,,,,,,,,,,,,,,,,,,,,,,,KULLU,MANALI
2823.0,36.0,,Active,,,,,,,20-07-2020,,,,,,,,,,,,,,,,,,,,,,,,,,,,,,,,,,,,,,,,,,,,,,,,,,12.0,Nalagarh ,Solan,,,,,,,,,,,,,,,,,,,,,,,,,,,,,,,,,,,,,,,,,,,,,,,,,,,,,,,,,,,,SOLAN,NALAGARH
2823.0,43.0,,Active,,,,,,,20-07-2020,,,,,,,,,,,,,,,,,,,,,,,,,,,,,,,,,,,,,,,,,,,,,,,,,,14.0,Solan ,Solan,,,,,,,,,,,,,,,,,,,,,,,,,,,,,,,,,,,,,,,,,,,,,,,,,,,,,,,,,,,,SOLAN,SOLAN
2823.0,36.0,,Active,,,,,,,20-07-2020,,,,,,,,,,,,,,,,,,,,,,,,,,,,,,,,,,,,,,,,,,,,,,,,,,15.0,Solan ,Solan,,,,,,,,,,,,,,,,,,,,,,,,,,,,,,,,,,,,,,,,,,,,,,,,,,,,,,,,,,,,SOLAN,SOLAN
2845.0,36.0,,Active,,,,,,,20-07-2020,,,,,,,,,,,,,,,,,,,,,,,,,,,,,,,,,,,,,,,,,,,,,,,,,,16.0,Reckong Peo ,Reckong Peo ,,,,,,,,,,,,,,,,,,,,,,,,,,,,,,,,,,,,,,,,,,,,,,,,,,,,,,,,,,,,KINNAUR,KALPA
2978.0,36.0,,Active,,,,,,,29-07-2020,,,,,,,,,,,,,,,,,,,,,,,,,,,,,,,,,,,,,,,,,,,,,,,,,,25.0,Solan ,Solan,,,,,,,,,,,,,,,,,,,,,,,,,,,,,,,,,,,,,,,,,,,,,,,,,,,,,,,,,,,,SOLAN,SOLAN
2993.0,1041.0,,Active,,,,,,,29-07-2020,,,,,,,,,,,,,,,,,,,,,,,,,,,,,,,,,,,,,,,,,,,,,,,,,,26.0,Ghumarwin,Bilaspur,,,,,,,,,,,,,,,,,,,,,,,,,,,,,,,,,,,,,,,,,,,,,,,,,,,,,,,,,,,,BILASPUR,GHUMARWIN
2994.0,36.0,,Active,,,,,,,30-07-2020,,,,,,,,,,,,,,,,,,,,,,,,,,,,,,,,,,,,,,,,,,,,,,,,,,27.0,Ghumarwin,Bilaspur,,,,,,,,,,,,,,,,,,,,,,,,,,,,,,,,,,,,,,,,,,,,,,,,,,,,,,,,,,,,BILASPUR,GHUMARWIN
2712.0,1.0,,Active,,,,,,,08-07-2020,,,,,,,,,,,,,,,,,,,,,,,,,,,,,,,,,,,,,,,,,,,,,,,,,,28.0,Arki,Solan,,,,,,,,,,,,,,,,,,,,,,,,,,,,,,,,,,,,,,,,,,,,,,,,,,,,,,,,,,,,SOLAN,ARKI
3009.0,36.0,,Active,,,,,,,18-06-2020,,,,,,,,,,,,,,,,,,,,,,,,,,,,,,,,,,,,,,,,,,,,,,,,,,29.0,Kaza,Reckong Peo ,,,,,,,,,,,,,,,,,,,,,,,,,,,,,,,,,,,,,,,,,,,,,,,,,,,,,,,,,,,,,
3036.0,1.0,,Active,,,,,,,03-08-2020,,,,,,,,,,,,,,,,,,,,,,,,,,,,,,,,,,,,,,,,,,,,,,,,,,39.0,Hamirpur,Hamirpur,,,,,,,,,,,,,,,,,,,,,,,,,,,,,,,,,,,,,,,,,,,,,,,,,,,,,,,,,,,,HAMIRPUR,HAMIRPUR
3036.0,36.0,,Active,,,,,,,03-08-2020,,,,,,,,,,,,,,,,,,,,,,,,,,,,,,,,,,,,,,,,,,,,,,,,,,40.0,Barsar,Hamirpur,,,,,,,,,,,,,,,,,,,,,,,,,,,,,,,,,,,,,,,,,,,,,,,,,,,,,,,,,,,,UNA,UNA
3036.0,36.0,,Active,,,,,,,03-08-2020,,,,,,,,,,,,,,,,,,,,,,,,,,,,,,,,,,,,,,,,,,,,,,,,,,41.0,EE Bhoranj,Hamirpur,,,,,,,,,,,,,,,,,,,,,,,,,,,,,,,,,,,,,,,,,,,,,,,,,,,,,,,,,,,,HAMIRPUR,
3036.0,36.0,,Active,,,,,,,03-08-2020,,,,,,,,,,,,,,,,,,,,,,,,,,,,,,,,,,,,,,,,,,,,,,,,,,42.0,Sarkaghat,Hamirpur,,,,,,,,,,,,,,,,,,,,,,,,,,,,,,,,,,,,,,,,,,,,,,,,,,,,,,,,,,,,MANDI,SARKAGHAT
3036.0,36.0,,Active,,,,,,,03-08-2020,,,,,,,,,,,,,,,,,,,,,,,,,,,,,,,,,,,,,,,,,,,,,,,,,,43.0,EE Dharampur,Hamirpur,,,,,,,,,,,,,,,,,,,,,,,,,,,,,,,,,,,,,,,,,,,,,,,,,,,,,,,,,,,,UNA,HAROLI
3036.0,36.0,,Active,,,,,,,03-08-2020,,,,,,,,,,,,,,,,,,,,,,,,,,,,,,,,,,,,,,,,,,,,,,,,,,44.0,Barsar,Hamirpur,,,,,,,,,,,,,,,,,,,,,,,,,,,,,,,,,,,,,,,,,,,,,,,,,,,,,,,,,,,,UNA,UNA
3036.0,36.0,,Active,,,,,,,03-08-2020,,,,,,,,,,,,,,,,,,,,,,,,,,,,,,,,,,,,,,,,,,,,,,,,,,45.0,Hamirpur,Hamirpur,,,,,,,,,,,,,,,,,,,,,,,,,,,,,,,,,,,,,,,,,,,,,,,,,,,,,,,,,,,,HAMIRPUR,HAMIRPUR
3036.0,36.0,,Active,,,,,,,03-08-2020,,,,,,,,,,,,,,,,,,,,,,,,,,,,,,,,,,,,,,,,,,,,,,,,,,53.0,Hamirpur,Hamirpur,,,,,,,,,,,,,,,,,,,,,,,,,,,,,,,,,,,,,,,,,,,,,,,,,,,,,,,,,,,,HAMIRPUR,HAMIRPUR
2993.0,36.0,,Active,,,,,,,29-07-2020,,,,,,,,,,,,,,,,,,,,,,,,,,,,,,,,,,,,,,,,,,,,,,,,,,55.0,Bilaspur,Bilaspur,,,,,,,,,,,,,,,,,,,,,,,,,,,,,,,,,,,,,,,,,,,,,,,,,,,,,,,,,,,,KANGRA,DERA GOPIPUR
2994.0,36.0,,Active,,,,,,,30-07-2020,,,,,,,,,,,,,,,,,,,,,,,,,,,,,,,,,,,,,,,,,,,,,,,,,,56.0,Bilaspur,Bilaspur,,,,,,,,,,,,,,,,,,,,,,,,,,,,,,,,,,,,,,,,,,,,,,,,,,,,,,,,,,,,KANGRA,DERA GOPIPUR
4126.0,36.0,,Active,,,,,,,02-08-2020,,,,,,,,,,,,,,,,,,,,,,,,,,,,,,,,,,,,,,,,,,,,,,,,,,1066.0,Jhanduta,Bilaspur,,,,,,,,,,,,,,,,,,,,,,,,,,,,,,,,,,,,,,,,,,,,,,,,,,,,,,,,,,,,SHIMLA,NERWA
4126.0,36.0,,Active,,,,,,,02-08-2020,,,,,,,,,,,,,,,,,,,,,,,,,,,,,,,,,,,,,,,,,,,,,,,,,,1069.0,Jhanduta,Bilaspur,,,,,,,,,,,,,,,,,,,,,,,,,,,,,,,,,,,,,,,,,,,,,,,,,,,,,,,,,,,,SHIMLA,NERWA
4126.0,36.0,,Active,,,,,,,02-08-2020,,,,,,,,,,,,,,,,,,,,,,,,,,,,,,,,,,,,,,,,,,,,,,,,,,1071.0,Jhanduta,Bilaspur,,,,,,,,,,,,,,,,,,,,,,,,,,,,,,,,,,,,,,,,,,,,,,,,,,,,,,,,,,,,SHIMLA,NERWA
4166.0,1.0,,Active,,,,,,,31-07-2020,,,,,,,,,,,,,,,,,,,,,,,,,,,,,,,,,,,,,,,,,,,,,,,,,,1078.0,Matiana Division,Shimla-9,,,,,,,,,,,,,,,,,,,,,,,,,,,,,,,,,,,,,,,,,,,,,,,,,,,,,,,,,,,,,
4166.0,1.0,,Active,,,,,,,31-07-2020,,,,,,,,,,,,,,,,,,,,,,,,,,,,,,,,,,,,,,,,,,,,,,,,,,1082.0,Div. No-I Shimla-9,Shimla-9,,,,,,,,,,,,,,,,,,,,,,,,,,,,,,,,,,,,,,,,,,,,,,,,,,,,,,,,,,,,,
4176.0,36.0,,Active,,,,,,,06-08-2020,,,,,,,,,,,,,,,,,,,,,,,,,,,,,,,,,,,,,,,,,,,,,,,,,,1090.0,Chamba,Chamba,,,,,,,,,,,,,,,,,,,,,,,,,,,,,,,,,,,,,,,,,,,,,,,,,,,,,,,,,,,,CHAMBA,CHAMBA
4176.0,36.0,,Active,,,,,,,06-08-2020,,,,,,,,,,,,,,,,,,,,,,,,,,,,,,,,,,,,,,,,,,,,,,,,,,1094.0,Dalhousie,Chamba,,,,,,,,,,,,,,,,,,,,,,,,,,,,,,,,,,,,,,,,,,,,,,,,,,,,,,,,,,,,CHAMBA,DALHOUSIE
4259.0,36.0,,Active,,,,,,,04-08-2020,,,,,,,,,,,,,,,,,,,,,,,,,,,,,,,,,,,,,,,,,,,,,,,,,,1112.0,Bilaspur,Bilaspur,,,,,,,,,,,,,,,,,,,,,,,,,,,,,,,,,,,,,,,,,,,,,,,,,,,,,,,,,,,,KANGRA,DERA GOPIPUR
2970.0,36.0,,Active,,,,,,,29-07-2020,,,,,,,,,,,,,,,,,,,,,,,,,,,,,,,,,,,,,,,,,,,,,,,,,,1113.0,Jawali,Nurpur,,,,,,,,,,,,,,,,,,,,,,,,,,,,,,,,,,,,,,,,,,,,,,,,,,,,,,,,,,,,MANDI,BALDWARA
4263.0,36.0,,Active,,,,,,,30-07-2020,,,,,,,,,,,,,,,,,,,,,,,,,,,,,,,,,,,,,,,,,,,,,,,,,,1118.0,Hamirpur,Hamirpur,,,,,,,,,,,,,,,,,,,,,,,,,,,,,,,,,,,,,,,,,,,,,,,,,,,,,,,,,,,,HAMIRPUR,HAMIRPUR
4266.0,36.0,,Active,,,,,,,09-08-2020,,,,,,,,,,,,,,,,,,,,,,,,,,,,,,,,,,,,,,,,,,,,,,,,,,1121.0,EE Dharampur,Hamirpur,,,,,,,,,,,,,,,,,,,,,,,,,,,,,,,,,,,,,,,,,,,,,,,,,,,,,,,,,,,,UNA,HAROLI
4287.0,36.0,,Active,,,,,,,10-08-2020,,,,,,,,,,,,,,,,,,,,,,,,,,,,,,,,,,,,,,,,,,,,,,,,,,1126.0,EE Dharampur,Hamirpur,,,,,,,,,,,,,,,,,,,,,,,,,,,,,,,,,,,,,,,,,,,,,,,,,,,,,,,,,,,,UNA,HAROLI
4281.0,1041.0,,Active,,,,,,,27-07-2020,,,,,,,,,,,,,,,,,,,,,,,,,,,,,,,,,,,,,,,,,,,,,,,,,,1127.0,FC Div. Gagret,SRFMP Una,,,,,,,,,,,,,,,,,,,,,,,,,,,,,,,,,,,,,,,,,,,,,,,,,,,,,,,,,,,,,
4281.0,1041.0,,Active,,,,,,,27-07-2020,,,,,,,,,,,,,,,,,,,,,,,,,,,,,,,,,,,,,,,,,,,,,,,,,,1128.0,FC Div. Gagret,SRFMP Una,,,,,,,,,,,,,,,,,,,,,,,,,,,,,,,,,,,,,,,,,,,,,,,,,,,,,,,,,,,,,
4281.0,1041.0,,Active,,,,,,,27-07-2020,,,,,,,,,,,,,,,,,,,,,,,,,,,,,,,,,,,,,,,,,,,,,,,,,,1129.0,FC Div. Gagret,SRFMP Una,,,,,,,,,,,,,,,,,,,,,,,,,,,,,,,,,,,,,,,,,,,,,,,,,,,,,,,,,,,,,
4281.0,1041.0,,Active,,,,,,,27-07-2020,,,,,,,,,,,,,,,,,,,,,,,,,,,,,,,,,,,,,,,,,,,,,,,,,,1130.0,FC Div. Gagret,SRFMP Una,,,,,,,,,,,,,,,,,,,,,,,,,,,,,,,,,,,,,,,,,,,,,,,,,,,,,,,,,,,,,
4281.0,1041.0,,Active,,,,,,,27-07-2020,,,,,,,,,,,,,,,,,,,,,,,,,,,,,,,,,,,,,,,,,,,,,,,,,,1133.0,FC Div. Gagret,SRFMP Una,,,,,,,,,,,,,,,,,,,,,,,,,,,,,,,,,,,,,,,,,,,,,,,,,,,,,,,,,,,,,
4281.0,1041.0,,Active,,,,,,,27-07-2020,,,,,,,,,,,,,,,,,,,,,,,,,,,,,,,,,,,,,,,,,,,,,,,,,,1134.0,FC Div. Gagret,SRFMP Una,,,,,,,,,,,,,,,,,,,,,,,,,,,,,,,,,,,,,,,,,,,,,,,,,,,,,,,,,,,,,
4281.0,1041.0,,Active,,,,,,,27-07-2020,,,,,,,,,,,,,,,,,,,,,,,,,,,,,,,,,,,,,,,,,,,,,,,,,,1135.0,FC Div. Gagret,SRFMP Una,,,,,,,,,,,,,,,,,,,,,,,,,,,,,,,,,,,,,,,,,,,,,,,,,,,,,,,,,,,,,
4281.0,1041.0,,Active,,,,,,,27-07-2020,,,,,,,,,,,,,,,,,,,,,,,,,,,,,,,,,,,,,,,,,,,,,,,,,,1136.0,FC Div. Gagret,SRFMP Una,,,,,,,,,,,,,,,,,,,,,,,,,,,,,,,,,,,,,,,,,,,,,,,,,,,,,,,,,,,,,
4281.0,1041.0,,Active,,,,,,,27-07-2020,,,,,,,,,,,,,,,,,,,,,,,,,,,,,,,,,,,,,,,,,,,,,,,,,,1137.0,FC Div. Gagret,SRFMP Una,,,,,,,,,,,,,,,,,,,,,,,,,,,,,,,,,,,,,,,,,,,,,,,,,,,,,,,,,,,,,
4281.0,1041.0,,Active,,,,,,,27-07-2020,,,,,,,,,,,,,,,,,,,,,,,,,,,,,,,,,,,,,,,,,,,,,,,,,,1138.0,FC Div. Gagret,SRFMP Una,,,,,,,,,,,,,,,,,,,,,,,,,,,,,,,,,,,,,,,,,,,,,,,,,,,,,,,,,,,,,
4281.0,1041.0,,Active,,,,,,,27-07-2020,,,,,,,,,,,,,,,,,,,,,,,,,,,,,,,,,,,,,,,,,,,,,,,,,,1139.0,FC Div. Gagret,SRFMP Una,,,,,,,,,,,,,,,,,,,,,,,,,,,,,,,,,,,,,,,,,,,,,,,,,,,,,,,,,,,,,
4281.0,1041.0,,Active,,,,,,,27-07-2020,,,,,,,,,,,,,,,,,,,,,,,,,,,,,,,,,,,,,,,,,,,,,,,,,,1140.0,FC Div. Gagret,SRFMP Una,,,,,,,,,,,,,,,,,,,,,,,,,,,,,,,,,,,,,,,,,,,,,,,,,,,,,,,,,,,,,
4281.0,1041.0,,Active,,,,,,,27-07-2020,,,,,,,,,,,,,,,,,,,,,,,,,,,,,,,,,,,,,,,,,,,,,,,,,,1141.0,FC Div. Gagret,SRFMP Una,,,,,,,,,,,,,,,,,,,,,,,,,,,,,,,,,,,,,,,,,,,,,,,,,,,,,,,,,,,,,
4282.0,1041.0,,Active,,,,,,,28-07-2020,,,,,,,,,,,,,,,,,,,,,,,,,,,,,,,,,,,,,,,,,,,,,,,,,,1152.0,FC Div. Gagret,SRFMP Una,,,,,,,,,,,,,,,,,,,,,,,,,,,,,,,,,,,,,,,,,,,,,,,,,,,,,,,,,,,,,
4282.0,1041.0,,Active,,,,,,,28-07-2020,,,,,,,,,,,,,,,,,,,,,,,,,,,,,,,,,,,,,,,,,,,,,,,,,,1153.0,FC Div. Gagret,SRFMP Una,,,,,,,,,,,,,,,,,,,,,,,,,,,,,,,,,,,,,,,,,,,,,,,,,,,,,,,,,,,,,
4282.0,1041.0,,Active,,,,,,,28-07-2020,,,,,,,,,,,,,,,,,,,,,,,,,,,,,,,,,,,,,,,,,,,,,,,,,,1155.0,FC Div. Gagret,SRFMP Una,,,,,,,,,,,,,,,,,,,,,,,,,,,,,,,,,,,,,,,,,,,,,,,,,,,,,,,,,,,,,
4282.0,1041.0,,Active,,,,,,,28-07-2020,,,,,,,,,,,,,,,,,,,,,,,,,,,,,,,,,,,,,,,,,,,,,,,,,,1156.0,FC Div. Gagret,SRFMP Una,,,,,,,,,,,,,,,,,,,,,,,,,,,,,,,,,,,,,,,,,,,,,,,,,,,,,,,,,,,,,
4282.0,1041.0,,Active,,,,,,,28-07-2020,,,,,,,,,,,,,,,,,,,,,,,,,,,,,,,,,,,,,,,,,,,,,,,,,,1158.0,FC Div. Gagret,SRFMP Una,,,,,,,,,,,,,,,,,,,,,,,,,,,,,,,,,,,,,,,,,,,,,,,,,,,,,,,,,,,,,
4282.0,1041.0,,Active,,,,,,,28-07-2020,,,,,,,,,,,,,,,,,,,,,,,,,,,,,,,,,,,,,,,,,,,,,,,,,,1159.0,FC Div. Gagret,SRFMP Una,,,,,,,,,,,,,,,,,,,,,,,,,,,,,,,,,,,,,,,,,,,,,,,,,,,,,,,,,,,,,
4282.0,1041.0,,Active,,,,,,,28-07-2020,,,,,,,,,,,,,,,,,,,,,,,,,,,,,,,,,,,,,,,,,,,,,,,,,,1160.0,FC Div. Gagret,SRFMP Una,,,,,,,,,,,,,,,,,,,,,,,,,,,,,,,,,,,,,,,,,,,,,,,,,,,,,,,,,,,,,
4282.0,1041.0,,Active,,,,,,,28-07-2020,,,,,,,,,,,,,,,,,,,,,,,,,,,,,,,,,,,,,,,,,,,,,,,,,,1161.0,FC Div. Gagret,SRFMP Una,,,,,,,,,,,,,,,,,,,,,,,,,,,,,,,,,,,,,,,,,,,,,,,,,,,,,,,,,,,,,
4285.0,1041.0,,Active,,,,,,,08-08-2020,,,,,,,,,,,,,,,,,,,,,,,,,,,,,,,,,,,,,,,,,,,,,,,,,,1163.0,FC Div. Gagret,SRFMP Una,,,,,,,,,,,,,,,,,,,,,,,,,,,,,,,,,,,,,,,,,,,,,,,,,,,,,,,,,,,,,
4285.0,1041.0,,Active,,,,,,,08-08-2020,,,,,,,,,,,,,,,,,,,,,,,,,,,,,,,,,,,,,,,,,,,,,,,,,,1164.0,FC Div. Gagret,SRFMP Una,,,,,,,,,,,,,,,,,,,,,,,,,,,,,,,,,,,,,,,,,,,,,,,,,,,,,,,,,,,,,
4285.0,1041.0,,Active,,,,,,,08-08-2020,,,,,,,,,,,,,,,,,,,,,,,,,,,,,,,,,,,,,,,,,,,,,,,,,,1165.0,FC Div. Gagret,SRFMP Una,,,,,,,,,,,,,,,,,,,,,,,,,,,,,,,,,,,,,,,,,,,,,,,,,,,,,,,,,,,,,
4285.0,1041.0,,Active,,,,,,,08-08-2020,,,,,,,,,,,,,,,,,,,,,,,,,,,,,,,,,,,,,,,,,,,,,,,,,,1166.0,FC Div. Gagret,SRFMP Una,,,,,,,,,,,,,,,,,,,,,,,,,,,,,,,,,,,,,,,,,,,,,,,,,,,,,,,,,,,,,
4285.0,1041.0,,Active,,,,,,,08-08-2020,,,,,,,,,,,,,,,,,,,,,,,,,,,,,,,,,,,,,,,,,,,,,,,,,,1168.0,FC Div. Gagret,SRFMP Una,,,,,,,,,,,,,,,,,,,,,,,,,,,,,,,,,,,,,,,,,,,,,,,,,,,,,,,,,,,,,
4285.0,1041.0,,Active,,,,,,,08-08-2020,,,,,,,,,,,,,,,,,,,,,,,,,,,,,,,,,,,,,,,,,,,,,,,,,,1169.0,FC Div. Gagret,SRFMP Una,,,,,,,,,,,,,,,,,,,,,,,,,,,,,,,,,,,,,,,,,,,,,,,,,,,,,,,,,,,,,
4285.0,1041.0,,Active,,,,,,,08-08-2020,,,,,,,,,,,,,,,,,,,,,,,,,,,,,,,,,,,,,,,,,,,,,,,,,,1170.0,FC Div. Gagret,SRFMP Una,,,,,,,,,,,,,,,,,,,,,,,,,,,,,,,,,,,,,,,,,,,,,,,,,,,,,,,,,,,,,
4281.0,1041.0,,Active,,,,,,,27-07-2020,,,,,,,,,,,,,,,,,,,,,,,,,,,,,,,,,,,,,,,,,,,,,,,,,,1174.0,FC Div. Gagret,SRFMP Una,,,,,,,,,,,,,,,,,,,,,,,,,,,,,,,,,,,,,,,,,,,,,,,,,,,,,,,,,,,,,
4281.0,1041.0,,Active,,,,,,,27-07-2020,,,,,,,,,,,,,,,,,,,,,,,,,,,,,,,,,,,,,,,,,,,,,,,,,,1175.0,FC Div. Gagret,SRFMP Una,,,,,,,,,,,,,,,,,,,,,,,,,,,,,,,,,,,,,,,,,,,,,,,,,,,,,,,,,,,,,
4282.0,1041.0,,Active,,,,,,,28-07-2020,,,,,,,,,,,,,,,,,,,,,,,,,,,,,,,,,,,,,,,,,,,,,,,,,,1176.0,FC Div. Gagret,SRFMP Una,,,,,,,,,,,,,,,,,,,,,,,,,,,,,,,,,,,,,,,,,,,,,,,,,,,,,,,,,,,,,
4283.0,1041.0,,Active,,,,,,,29-07-2020,,,,,,,,,,,,,,,,,,,,,,,,,,,,,,,,,,,,,,,,,,,,,,,,,,1181.0,(SRFMD) Haroli,SRFMP Una,,,,,,,,,,,,,,,,,,,,,,,,,,,,,,,,,,,,,,,,,,,,,,,,,,,,,,,,,,,,,
4283.0,1041.0,,Active,,,,,,,29-07-2020,,,,,,,,,,,,,,,,,,,,,,,,,,,,,,,,,,,,,,,,,,,,,,,,,,1182.0,(SRFMD) Haroli,SRFMP Una,,,,,,,,,,,,,,,,,,,,,,,,,,,,,,,,,,,,,,,,,,,,,,,,,,,,,,,,,,,,,
4283.0,1041.0,,Active,,,,,,,29-07-2020,,,,,,,,,,,,,,,,,,,,,,,,,,,,,,,,,,,,,,,,,,,,,,,,,,1183.0,(SRFMD) Haroli,SRFMP Una,,,,,,,,,,,,,,,,,,,,,,,,,,,,,,,,,,,,,,,,,,,,,,,,,,,,,,,,,,,,,
4283.0,1041.0,,Active,,,,,,,29-07-2020,,,,,,,,,,,,,,,,,,,,,,,,,,,,,,,,,,,,,,,,,,,,,,,,,,1184.0,(SRFMD) Haroli,SRFMP Una,,,,,,,,,,,,,,,,,,,,,,,,,,,,,,,,,,,,,,,,,,,,,,,,,,,,,,,,,,,,,
4283.0,1041.0,,Active,,,,,,,29-07-2020,,,,,,,,,,,,,,,,,,,,,,,,,,,,,,,,,,,,,,,,,,,,,,,,,,1185.0,(SRFMD) Haroli,SRFMP Una,,,,,,,,,,,,,,,,,,,,,,,,,,,,,,,,,,,,,,,,,,,,,,,,,,,,,,,,,,,,,
4283.0,1041.0,,Active,,,,,,,29-07-2020,,,,,,,,,,,,,,,,,,,,,,,,,,,,,,,,,,,,,,,,,,,,,,,,,,1186.0,(SRFMD) Haroli,SRFMP Una,,,,,,,,,,,,,,,,,,,,,,,,,,,,,,,,,,,,,,,,,,,,,,,,,,,,,,,,,,,,,
4282.0,1041.0,,Active,,,,,,,28-07-2020,,,,,,,,,,,,,,,,,,,,,,,,,,,,,,,,,,,,,,,,,,,,,,,,,,1190.0,FC Div. Gagret,SRFMP Una,,,,,,,,,,,,,,,,,,,,,,,,,,,,,,,,,,,,,,,,,,,,,,,,,,,,,,,,,,,,,
4302.0,36.0,,Active,,,,,,,24-06-2020,,,,,,,,,,,,,,,,,,,,,,,,,,,,,,,,,,,,,,,,,,,,,,,,,,1210.0,Nalagarh ,Solan,,,,,,,,,,,,,,,,,,,,,,,,,,,,,,,,,,,,,,,,,,,,,,,,,,,,,,,,,,,,SOLAN,NALAGARH
4176.0,36.0,,Active,,,,,,,06-08-2020,,,,,,,,,,,,,,,,,,,,,,,,,,,,,,,,,,,,,,,,,,,,,,,,,,1231.0,Salooni,Chamba,,,,,,,,,,,,,,,,,,,,,,,,,,,,,,,,,,,,,,,,,,,,,,,,,,,,,,,,,,,,MANDI,SANDHOL
4286.0,36.0,,Active,,,,,,,10-08-2020,,,,,,,,,,,,,,,,,,,,,,,,,,,,,,,,,,,,,,,,,,,,,,,,,,1233.0,Phina Singh Project,Nurpur,,,,,,,,,,,,,,,,,,,,,,,,,,,,,,,,,,,,,,,,,,,,,,,,,,,,,,,,,,,,,
4177.0,1.0,,Active,,,,,,,01-08-2020,,,,,,,,,,,,,,,,,,,,,,,,,,,,,,,,,,,,,,,,,,,,,,,,,,1239.0,Rohru ,Rohroo,,,,,,,,,,,,,,,,,,,,,,,,,,,,,,,,,,,,,,,,,,,,,,,,,,,,,,,,,,,,SHIMLA,ROHRU
4177.0,1.0,,Active,,,,,,,01-08-2020,,,,,,,,,,,,,,,,,,,,,,,,,,,,,,,,,,,,,,,,,,,,,,,,,,1241.0,Rohru ,Rohroo,,,,,,,,,,,,,,,,,,,,,,,,,,,,,,,,,,,,,,,,,,,,,,,,,,,,,,,,,,,,SHIMLA,ROHRU
2845.0,36.0,,Active,,,,,,,20-07-2020,,,,,,,,,,,,,,,,,,,,,,,,,,,,,,,,,,,,,,,,,,,,,,,,,,1253.0,Rampur ,Reckong Peo ,,,,,,,,,,,,,,,,,,,,,,,,,,,,,,,,,,,,,,,,,,,,,,,,,,,,,,,,,,,,UNA,AMB
4177.0,1.0,,Active,,,,,,,01-08-2020,,,,,,,,,,,,,,,,,,,,,,,,,,,,,,,,,,,,,,,,,,,,,,,,,,1257.0,Jubbal,Rohroo,,,,,,,,,,,,,,,,,,,,,,,,,,,,,,,,,,,,,,,,,,,,,,,,,,,,,,,,,,,,SHIMLA,JUBBAL
4177.0,1.0,,Active,,,,,,,01-08-2020,,,,,,,,,,,,,,,,,,,,,,,,,,,,,,,,,,,,,,,,,,,,,,,,,,1259.0,Jubbal,Rohroo,,,,,,,,,,,,,,,,,,,,,,,,,,,,,,,,,,,,,,,,,,,,,,,,,,,,,,,,,,,,SHIMLA,JUBBAL
4314.0,36.0,,Active,,,,,,,07-07-2020,,,,,,,,,,,,,,,,,,,,,,,,,,,,,,,,,,,,,,,,,,,,,,,,,,1271.0,Nalagarh ,Solan,,,,,,,,,,,,,,,,,,,,,,,,,,,,,,,,,,,,,,,,,,,,,,,,,,,,,,,,,,,,SOLAN,NALAGARH
4286.0,36.0,,Active,,,,,,,10-08-2020,,,,,,,,,,,,,,,,,,,,,,,,,,,,,,,,,,,,,,,,,,,,,,,,,,1276.0,Fatehpur,Nurpur,,,,,,,,,,,,,,,,,,,,,,,,,,,,,,,,,,,,,,,,,,,,,,,,,,,,,,,,,,,,CHAMBA,CHAMBA
4176.0,36.0,,Active,,,,,,,06-08-2020,,,,,,,,,,,,,,,,,,,,,,,,,,,,,,,,,,,,,,,,,,,,,,,,,,1280.0,Tissa at Bhanjraru,Chamba,,,,,,,,,,,,,,,,,,,,,,,,,,,,,,,,,,,,,,,,,,,,,,,,,,,,,,,,,,,,,
4286.0,36.0,,Active,,,,,,,10-08-2020,,,,,,,,,,,,,,,,,,,,,,,,,,,,,,,,,,,,,,,,,,,,,,,,,,1281.0,Jawali,Nurpur,,,,,,,,,,,,,,,,,,,,,,,,,,,,,,,,,,,,,,,,,,,,,,,,,,,,,,,,,,,,MANDI,BALDWARA
4286.0,36.0,,Active,,,,,,,10-08-2020,,,,,,,,,,,,,,,,,,,,,,,,,,,,,,,,,,,,,,,,,,,,,,,,,,1282.0,Jawali,Nurpur,,,,,,,,,,,,,,,,,,,,,,,,,,,,,,,,,,,,,,,,,,,,,,,,,,,,,,,,,,,,MANDI,BALDWARA
4350.0,36.0,,Active,,,,,,,14-08-2020,,,,,,,,,,,,,,,,,,,,,,,,,,,,,,,,,,,,,,,,,,,,,,,,,,1283.0,Bharmour,Chamba,,,,,,,,,,,,,,,,,,,,,,,,,,,,,,,,,,,,,,,,,,,,,,,,,,,,,,,,,,,,CHAMBA,BHARMOUR
4286.0,36.0,,Active,,,,,,,10-08-2020,,,,,,,,,,,,,,,,,,,,,,,,,,,,,,,,,,,,,,,,,,,,,,,,,,1284.0,Jawali,Nurpur,,,,,,,,,,,,,,,,,,,,,,,,,,,,,,,,,,,,,,,,,,,,,,,,,,,,,,,,,,,,MANDI,BALDWARA
4286.0,36.0,,Active,,,,,,,10-08-2020,,,,,,,,,,,,,,,,,,,,,,,,,,,,,,,,,,,,,,,,,,,,,,,,,,1285.0,Jawali,Nurpur,,,,,,,,,,,,,,,,,,,,,,,,,,,,,,,,,,,,,,,,,,,,,,,,,,,,,,,,,,,,MANDI,BALDWARA
4286.0,36.0,,Active,,,,,,,10-08-2020,,,,,,,,,,,,,,,,,,,,,,,,,,,,,,,,,,,,,,,,,,,,,,,,,,1286.0,Jawali,Nurpur,,,,,,,,,,,,,,,,,,,,,,,,,,,,,,,,,,,,,,,,,,,,,,,,,,,,,,,,,,,,MANDI,BALDWARA
4286.0,36.0,,Active,,,,,,,10-08-2020,,,,,,,,,,,,,,,,,,,,,,,,,,,,,,,,,,,,,,,,,,,,,,,,,,1287.0,Jawali,Nurpur,,,,,,,,,,,,,,,,,,,,,,,,,,,,,,,,,,,,,,,,,,,,,,,,,,,,,,,,,,,,MANDI,BALDWARA
4336.0,36.0,,Active,,,,,,,20-07-2020,,,,,,,,,,,,,,,,,,,,,,,,,,,,,,,,,,,,,,,,,,,,,,,,,,1289.0,Nalagarh ,Solan,,,,,,,,,,,,,,,,,,,,,,,,,,,,,,,,,,,,,,,,,,,,,,,,,,,,,,,,,,,,SOLAN,NALAGARH
4286.0,36.0,,Active,,,,,,,10-08-2020,,,,,,,,,,,,,,,,,,,,,,,,,,,,,,,,,,,,,,,,,,,,,,,,,,1290.0,Jawali,Nurpur,,,,,,,,,,,,,,,,,,,,,,,,,,,,,,,,,,,,,,,,,,,,,,,,,,,,,,,,,,,,MANDI,BALDWARA
4353.0,36.0,,Active,,,,,,,13-08-2020,,,,,,,,,,,,,,,,,,,,,,,,,,,,,,,,,,,,,,,,,,,,,,,,,,1298.0,Hamirpur,Hamirpur,,,,,,,,,,,,,,,,,,,,,,,,,,,,,,,,,,,,,,,,,,,,,,,,,,,,,,,,,,,,HAMIRPUR,HAMIRPUR
2978.0,36.0,,Active,,,,,,,29-07-2020,,,,,,,,,,,,,,,,,,,,,,,,,,,,,,,,,,,,,,,,,,,,,,,,,,1300.0,Arki,Solan,,,,,,,,,,,,,,,,,,,,,,,,,,,,,,,,,,,,,,,,,,,,,,,,,,,,,,,,,,,,SOLAN,ARKI
4357.0,36.0,,Active,,,,,,,14-08-2020,,,,,,,,,,,,,,,,,,,,,,,,,,,,,,,,,,,,,,,,,,,,,,,,,,1301.0,Indora,Nurpur,,,,,,,,,,,,,,,,,,,,,,,,,,,,,,,,,,,,,,,,,,,,,,,,,,,,,,,,,,,,KANGRA,INDORA
2978.0,36.0,,Active,,,,,,,29-07-2020,,,,,,,,,,,,,,,,,,,,,,,,,,,,,,,,,,,,,,,,,,,,,,,,,,1304.0,Arki,Solan,,,,,,,,,,,,,,,,,,,,,,,,,,,,,,,,,,,,,,,,,,,,,,,,,,,,,,,,,,,,SOLAN,ARKI
4357.0,36.0,,Active,,,,,,,14-08-2020,,,,,,,,,,,,,,,,,,,,,,,,,,,,,,,,,,,,,,,,,,,,,,,,,,1305.0,Indora,Nurpur,,,,,,,,,,,,,,,,,,,,,,,,,,,,,,,,,,,,,,,,,,,,,,,,,,,,,,,,,,,,KANGRA,INDORA
4357.0,36.0,,Active,,,,,,,14-08-2020,,,,,,,,,,,,,,,,,,,,,,,,,,,,,,,,,,,,,,,,,,,,,,,,,,1306.0,Indora,Nurpur,,,,,,,,,,,,,,,,,,,,,,,,,,,,,,,,,,,,,,,,,,,,,,,,,,,,,,,,,,,,KANGRA,INDORA
4357.0,36.0,,Active,,,,,,,14-08-2020,,,,,,,,,,,,,,,,,,,,,,,,,,,,,,,,,,,,,,,,,,,,,,,,,,1307.0,Indora,Nurpur,,,,,,,,,,,,,,,,,,,,,,,,,,,,,,,,,,,,,,,,,,,,,,,,,,,,,,,,,,,,KANGRA,INDORA
4357.0,36.0,,Active,,,,,,,14-08-2020,,,,,,,,,,,,,,,,,,,,,,,,,,,,,,,,,,,,,,,,,,,,,,,,,,1308.0,Indora,Nurpur,,,,,,,,,,,,,,,,,,,,,,,,,,,,,,,,,,,,,,,,,,,,,,,,,,,,,,,,,,,,KANGRA,INDORA
4357.0,36.0,,Active,,,,,,,14-08-2020,,,,,,,,,,,,,,,,,,,,,,,,,,,,,,,,,,,,,,,,,,,,,,,,,,1309.0,Indora,Nurpur,,,,,,,,,,,,,,,,,,,,,,,,,,,,,,,,,,,,,,,,,,,,,,,,,,,,,,,,,,,,KANGRA,INDORA
4357.0,36.0,,Active,,,,,,,14-08-2020,,,,,,,,,,,,,,,,,,,,,,,,,,,,,,,,,,,,,,,,,,,,,,,,,,1313.0,Indora,Nurpur,,,,,,,,,,,,,,,,,,,,,,,,,,,,,,,,,,,,,,,,,,,,,,,,,,,,,,,,,,,,KANGRA,INDORA
4357.0,36.0,,Active,,,,,,,14-08-2020,,,,,,,,,,,,,,,,,,,,,,,,,,,,,,,,,,,,,,,,,,,,,,,,,,1316.0,Indora,Nurpur,,,,,,,,,,,,,,,,,,,,,,,,,,,,,,,,,,,,,,,,,,,,,,,,,,,,,,,,,,,,KANGRA,INDORA
4357.0,36.0,,Active,,,,,,,14-08-2020,,,,,,,,,,,,,,,,,,,,,,,,,,,,,,,,,,,,,,,,,,,,,,,,,,1318.0,Indora,Nurpur,,,,,,,,,,,,,,,,,,,,,,,,,,,,,,,,,,,,,,,,,,,,,,,,,,,,,,,,,,,,KANGRA,INDORA
4357.0,36.0,,Active,,,,,,,14-08-2020,,,,,,,,,,,,,,,,,,,,,,,,,,,,,,,,,,,,,,,,,,,,,,,,,,1320.0,Indora,Nurpur,,,,,,,,,,,,,,,,,,,,,,,,,,,,,,,,,,,,,,,,,,,,,,,,,,,,,,,,,,,,KANGRA,INDORA
4357.0,36.0,,Active,,,,,,,14-08-2020,,,,,,,,,,,,,,,,,,,,,,,,,,,,,,,,,,,,,,,,,,,,,,,,,,1324.0,Indora,Nurpur,,,,,,,,,,,,,,,,,,,,,,,,,,,,,,,,,,,,,,,,,,,,,,,,,,,,,,,,,,,,KANGRA,INDORA
4357.0,36.0,,Active,,,,,,,14-08-2020,,,,,,,,,,,,,,,,,,,,,,,,,,,,,,,,,,,,,,,,,,,,,,,,,,1326.0,Indora,Nurpur,,,,,,,,,,,,,,,,,,,,,,,,,,,,,,,,,,,,,,,,,,,,,,,,,,,,,,,,,,,,KANGRA,INDORA
4357.0,36.0,,Active,,,,,,,14-08-2020,,,,,,,,,,,,,,,,,,,,,,,,,,,,,,,,,,,,,,,,,,,,,,,,,,1327.0,Jawali,Nurpur,,,,,,,,,,,,,,,,,,,,,,,,,,,,,,,,,,,,,,,,,,,,,,,,,,,,,,,,,,,,MANDI,BALDWARA
4376.0,1041.0,,Active,,,,,,,11-08-2020,,,,,,,,,,,,,,,,,,,,,,,,,,,,,,,,,,,,,,,,,,,,,,,,,,1328.0,(SRFMD) Haroli,SRFMP Una,,,,,,,,,,,,,,,,,,,,,,,,,,,,,,,,,,,,,,,,,,,,,,,,,,,,,,,,,,,,,
4376.0,1041.0,,Active,,,,,,,11-08-2020,,,,,,,,,,,,,,,,,,,,,,,,,,,,,,,,,,,,,,,,,,,,,,,,,,1329.0,(SRFMD) Haroli,SRFMP Una,,,,,,,,,,,,,,,,,,,,,,,,,,,,,,,,,,,,,,,,,,,,,,,,,,,,,,,,,,,,,
4376.0,1041.0,,Active,,,,,,,11-08-2020,,,,,,,,,,,,,,,,,,,,,,,,,,,,,,,,,,,,,,,,,,,,,,,,,,1330.0,(SRFMD) Haroli,SRFMP Una,,,,,,,,,,,,,,,,,,,,,,,,,,,,,,,,,,,,,,,,,,,,,,,,,,,,,,,,,,,,,
4376.0,1041.0,,Active,,,,,,,11-08-2020,,,,,,,,,,,,,,,,,,,,,,,,,,,,,,,,,,,,,,,,,,,,,,,,,,1331.0,(SRFMD) Haroli,SRFMP Una,,,,,,,,,,,,,,,,,,,,,,,,,,,,,,,,,,,,,,,,,,,,,,,,,,,,,,,,,,,,,
4377.0,1041.0,,Active,,,,,,,13-08-2020,,,,,,,,,,,,,,,,,,,,,,,,,,,,,,,,,,,,,,,,,,,,,,,,,,1332.0,(SRFMD) Haroli,SRFMP Una,,,,,,,,,,,,,,,,,,,,,,,,,,,,,,,,,,,,,,,,,,,,,,,,,,,,,,,,,,,,,
4377.0,1041.0,,Active,,,,,,,13-08-2020,,,,,,,,,,,,,,,,,,,,,,,,,,,,,,,,,,,,,,,,,,,,,,,,,,1333.0,(SRFMD) Haroli,SRFMP Una,,,,,,,,,,,,,,,,,,,,,,,,,,,,,,,,,,,,,,,,,,,,,,,,,,,,,,,,,,,,,
4377.0,1041.0,,Active,,,,,,,13-08-2020,,,,,,,,,,,,,,,,,,,,,,,,,,,,,,,,,,,,,,,,,,,,,,,,,,1334.0,(SRFMD) Haroli,SRFMP Una,,,,,,,,,,,,,,,,,,,,,,,,,,,,,,,,,,,,,,,,,,,,,,,,,,,,,,,,,,,,,
4357.0,36.0,,Active,,,,,,,14-08-2020,,,,,,,,,,,,,,,,,,,,,,,,,,,,,,,,,,,,,,,,,,,,,,,,,,1335.0,Nurpur,Nurpur,,,,,,,,,,,,,,,,,,,,,,,,,,,,,,,,,,,,,,,,,,,,,,,,,,,,,,,,,,,,KANGRA,NURPUR
4357.0,36.0,,Active,,,,,,,14-08-2020,,,,,,,,,,,,,,,,,,,,,,,,,,,,,,,,,,,,,,,,,,,,,,,,,,1336.0,Nurpur,Nurpur,,,,,,,,,,,,,,,,,,,,,,,,,,,,,,,,,,,,,,,,,,,,,,,,,,,,,,,,,,,,KANGRA,NURPUR
4357.0,36.0,,Active,,,,,,,14-08-2020,,,,,,,,,,,,,,,,,,,,,,,,,,,,,,,,,,,,,,,,,,,,,,,,,,1337.0,Nurpur,Nurpur,,,,,,,,,,,,,,,,,,,,,,,,,,,,,,,,,,,,,,,,,,,,,,,,,,,,,,,,,,,,KANGRA,NURPUR
4357.0,36.0,,Active,,,,,,,14-08-2020,,,,,,,,,,,,,,,,,,,,,,,,,,,,,,,,,,,,,,,,,,,,,,,,,,1338.0,Nurpur,Nurpur,,,,,,,,,,,,,,,,,,,,,,,,,,,,,,,,,,,,,,,,,,,,,,,,,,,,,,,,,,,,KANGRA,NURPUR
4357.0,36.0,,Active,,,,,,,14-08-2020,,,,,,,,,,,,,,,,,,,,,,,,,,,,,,,,,,,,,,,,,,,,,,,,,,1339.0,Nurpur,Nurpur,,,,,,,,,,,,,,,,,,,,,,,,,,,,,,,,,,,,,,,,,,,,,,,,,,,,,,,,,,,,KANGRA,NURPUR
4357.0,36.0,,Active,,,,,,,14-08-2020,,,,,,,,,,,,,,,,,,,,,,,,,,,,,,,,,,,,,,,,,,,,,,,,,,1340.0,Nurpur,Nurpur,,,,,,,,,,,,,,,,,,,,,,,,,,,,,,,,,,,,,,,,,,,,,,,,,,,,,,,,,,,,KANGRA,NURPUR
4357.0,36.0,,Active,,,,,,,14-08-2020,,,,,,,,,,,,,,,,,,,,,,,,,,,,,,,,,,,,,,,,,,,,,,,,,,1341.0,Nurpur,Nurpur,,,,,,,,,,,,,,,,,,,,,,,,,,,,,,,,,,,,,,,,,,,,,,,,,,,,,,,,,,,,KANGRA,NURPUR
4357.0,36.0,,Active,,,,,,,14-08-2020,,,,,,,,,,,,,,,,,,,,,,,,,,,,,,,,,,,,,,,,,,,,,,,,,,1342.0,Nurpur,Nurpur,,,,,,,,,,,,,,,,,,,,,,,,,,,,,,,,,,,,,,,,,,,,,,,,,,,,,,,,,,,,KANGRA,NURPUR
4357.0,36.0,,Active,,,,,,,14-08-2020,,,,,,,,,,,,,,,,,,,,,,,,,,,,,,,,,,,,,,,,,,,,,,,,,,1343.0,Nurpur,Nurpur,,,,,,,,,,,,,,,,,,,,,,,,,,,,,,,,,,,,,,,,,,,,,,,,,,,,,,,,,,,,KANGRA,NURPUR
4357.0,36.0,,Active,,,,,,,14-08-2020,,,,,,,,,,,,,,,,,,,,,,,,,,,,,,,,,,,,,,,,,,,,,,,,,,1344.0,Nurpur,Nurpur,,,,,,,,,,,,,,,,,,,,,,,,,,,,,,,,,,,,,,,,,,,,,,,,,,,,,,,,,,,,KANGRA,NURPUR
4357.0,36.0,,Active,,,,,,,14-08-2020,,,,,,,,,,,,,,,,,,,,,,,,,,,,,,,,,,,,,,,,,,,,,,,,,,1346.0,Nurpur,Nurpur,,,,,,,,,,,,,,,,,,,,,,,,,,,,,,,,,,,,,,,,,,,,,,,,,,,,,,,,,,,,KANGRA,NURPUR
4380.0,36.0,,Active,,,,,,,12-08-2020,,,,,,,,,,,,,,,,,,,,,,,,,,,,,,,,,,,,,,,,,,,,,,,,,,1347.0,Solan ,Solan,,,,,,,,,,,,,,,,,,,,,,,,,,,,,,,,,,,,,,,,,,,,,,,,,,,,,,,,,,,,SOLAN,SOLAN
4380.0,36.0,,Active,,,,,,,12-08-2020,,,,,,,,,,,,,,,,,,,,,,,,,,,,,,,,,,,,,,,,,,,,,,,,,,1348.0,Arki,Solan,,,,,,,,,,,,,,,,,,,,,,,,,,,,,,,,,,,,,,,,,,,,,,,,,,,,,,,,,,,,SOLAN,ARKI
4380.0,36.0,,Active,,,,,,,12-08-2020,,,,,,,,,,,,,,,,,,,,,,,,,,,,,,,,,,,,,,,,,,,,,,,,,,1349.0,Arki,Solan,,,,,,,,,,,,,,,,,,,,,,,,,,,,,,,,,,,,,,,,,,,,,,,,,,,,,,,,,,,,SOLAN,ARKI
4355.0,36.0,,Active,,,,,,,13-08-2020,,,,,,,,,,,,,,,,,,,,,,,,,,,,,,,,,,,,,,,,,,,,,,,,,,1350.0,Bilaspur,Bilaspur,,,,,,,,,,,,,,,,,,,,,,,,,,,,,,,,,,,,,,,,,,,,,,,,,,,,,,,,,,,,KANGRA,DERA GOPIPUR
4380.0,36.0,,Active,,,,,,,12-08-2020,,,,,,,,,,,,,,,,,,,,,,,,,,,,,,,,,,,,,,,,,,,,,,,,,,1353.0,Arki,Solan,,,,,,,,,,,,,,,,,,,,,,,,,,,,,,,,,,,,,,,,,,,,,,,,,,,,,,,,,,,,SOLAN,ARKI
4380.0,36.0,,Active,,,,,,,12-08-2020,,,,,,,,,,,,,,,,,,,,,,,,,,,,,,,,,,,,,,,,,,,,,,,,,,1354.0,Solan ,Solan,,,,,,,,,,,,,,,,,,,,,,,,,,,,,,,,,,,,,,,,,,,,,,,,,,,,,,,,,,,,SOLAN,SOLAN
4380.0,36.0,,Active,,,,,,,12-08-2020,,,,,,,,,,,,,,,,,,,,,,,,,,,,,,,,,,,,,,,,,,,,,,,,,,1355.0,Arki,Solan,,,,,,,,,,,,,,,,,,,,,,,,,,,,,,,,,,,,,,,,,,,,,,,,,,,,,,,,,,,,SOLAN,ARKI
4355.0,36.0,,Active,,,,,,,13-08-2020,,,,,,,,,,,,,,,,,,,,,,,,,,,,,,,,,,,,,,,,,,,,,,,,,,1358.0,Ghumarwin,Bilaspur,,,,,,,,,,,,,,,,,,,,,,,,,,,,,,,,,,,,,,,,,,,,,,,,,,,,,,,,,,,,BILASPUR,GHUMARWIN
4350.0,36.0,,Active,,,,,,,14-08-2020,,,,,,,,,,,,,,,,,,,,,,,,,,,,,,,,,,,,,,,,,,,,,,,,,,1359.0,Chamba,Chamba,,,,,,,,,,,,,,,,,,,,,,,,,,,,,,,,,,,,,,,,,,,,,,,,,,,,,,,,,,,,CHAMBA,CHAMBA
4380.0,36.0,,Active,,,,,,,12-08-2020,,,,,,,,,,,,,,,,,,,,,,,,,,,,,,,,,,,,,,,,,,,,,,,,,,1361.0,Solan ,Solan,,,,,,,,,,,,,,,,,,,,,,,,,,,,,,,,,,,,,,,,,,,,,,,,,,,,,,,,,,,,SOLAN,SOLAN
4380.0,36.0,,Active,,,,,,,12-08-2020,,,,,,,,,,,,,,,,,,,,,,,,,,,,,,,,,,,,,,,,,,,,,,,,,,1362.0,Solan ,Solan,,,,,,,,,,,,,,,,,,,,,,,,,,,,,,,,,,,,,,,,,,,,,,,,,,,,,,,,,,,,SOLAN,SOLAN
4355.0,36.0,,Active,,,,,,,13-08-2020,,,,,,,,,,,,,,,,,,,,,,,,,,,,,,,,,,,,,,,,,,,,,,,,,,1364.0,Jhanduta,Bilaspur,,,,,,,,,,,,,,,,,,,,,,,,,,,,,,,,,,,,,,,,,,,,,,,,,,,,,,,,,,,,SHIMLA,NERWA
4336.0,36.0,,Active,,,,,,,20-07-2020,,,,,,,,,,,,,,,,,,,,,,,,,,,,,,,,,,,,,,,,,,,,,,,,,,1365.0,Solan ,Solan,,,,,,,,,,,,,,,,,,,,,,,,,,,,,,,,,,,,,,,,,,,,,,,,,,,,,,,,,,,,SOLAN,SOLAN
2978.0,36.0,,Active,,,,,,,29-07-2020,,,,,,,,,,,,,,,,,,,,,,,,,,,,,,,,,,,,,,,,,,,,,,,,,,1366.0,Solan ,Solan,,,,,,,,,,,,,,,,,,,,,,,,,,,,,,,,,,,,,,,,,,,,,,,,,,,,,,,,,,,,SOLAN,SOLAN
4355.0,36.0,,Active,,,,,,,13-08-2020,,,,,,,,,,,,,,,,,,,,,,,,,,,,,,,,,,,,,,,,,,,,,,,,,,1367.0,Bilaspur,Bilaspur,,,,,,,,,,,,,,,,,,,,,,,,,,,,,,,,,,,,,,,,,,,,,,,,,,,,,,,,,,,,KANGRA,DERA GOPIPUR
4375.0,36.0,,Active,,,,,,,12-08-2020,,,,,,,,,,,,,,,,,,,,,,,,,,,,,,,,,,,,,,,,,,,,,,,,,,1371.0,Sarkaghat,Hamirpur,,,,,,,,,,,,,,,,,,,,,,,,,,,,,,,,,,,,,,,,,,,,,,,,,,,,,,,,,,,,MANDI,SARKAGHAT
4406.0,36.0,,Active,,,,,,,17-08-2020,,,,,,,,,,,,,,,,,,,,,,,,,,,,,,,,,,,,,,,,,,,,,,,,,,1374.0,S/terrace,Nurpur,,,,,,,,,,,,,,,,,,,,,,,,,,,,,,,,,,,,,,,,,,,,,,,,,,,,,,,,,,,,,
4406.0,36.0,,Active,,,,,,,17-08-2020,,,,,,,,,,,,,,,,,,,,,,,,,,,,,,,,,,,,,,,,,,,,,,,,,,1375.0,S/terrace,Nurpur,,,,,,,,,,,,,,,,,,,,,,,,,,,,,,,,,,,,,,,,,,,,,,,,,,,,,,,,,,,,,
4406.0,36.0,,Active,,,,,,,17-08-2020,,,,,,,,,,,,,,,,,,,,,,,,,,,,,,,,,,,,,,,,,,,,,,,,,,1376.0,S/terrace,Nurpur,,,,,,,,,,,,,,,,,,,,,,,,,,,,,,,,,,,,,,,,,,,,,,,,,,,,,,,,,,,,,
4286.0,36.0,,Active,,,,,,,10-08-2020,,,,,,,,,,,,,,,,,,,,,,,,,,,,,,,,,,,,,,,,,,,,,,,,,,1379.0,Jawali,Nurpur,,,,,,,,,,,,,,,,,,,,,,,,,,,,,,,,,,,,,,,,,,,,,,,,,,,,,,,,,,,,MANDI,BALDWARA
4419.0,36.0,,Active,,,,,,,14-08-2020,,,,,,,,,,,,,,,,,,,,,,,,,,,,,,,,,,,,,,,,,,,,,,,,,,1381.0,Matiana Division,Shimla-9,,,,,,,,,,,,,,,,,,,,,,,,,,,,,,,,,,,,,,,,,,,,,,,,,,,,,,,,,,,,,
4406.0,36.0,,Active,,,,,,,17-08-2020,,,,,,,,,,,,,,,,,,,,,,,,,,,,,,,,,,,,,,,,,,,,,,,,,,1388.0,Phina Singh Project,Nurpur,,,,,,,,,,,,,,,,,,,,,,,,,,,,,,,,,,,,,,,,,,,,,,,,,,,,,,,,,,,,,
4357.0,36.0,,Active,,,,,,,14-08-2020,,,,,,,,,,,,,,,,,,,,,,,,,,,,,,,,,,,,,,,,,,,,,,,,,,1390.0,Indora,Nurpur,,,,,,,,,,,,,,,,,,,,,,,,,,,,,,,,,,,,,,,,,,,,,,,,,,,,,,,,,,,,KANGRA,INDORA
4357.0,36.0,,Active,,,,,,,14-08-2020,,,,,,,,,,,,,,,,,,,,,,,,,,,,,,,,,,,,,,,,,,,,,,,,,,1391.0,Nurpur,Nurpur,,,,,,,,,,,,,,,,,,,,,,,,,,,,,,,,,,,,,,,,,,,,,,,,,,,,,,,,,,,,KANGRA,NURPUR
4357.0,36.0,,Active,,,,,,,14-08-2020,,,,,,,,,,,,,,,,,,,,,,,,,,,,,,,,,,,,,,,,,,,,,,,,,,1392.0,Nurpur,Nurpur,,,,,,,,,,,,,,,,,,,,,,,,,,,,,,,,,,,,,,,,,,,,,,,,,,,,,,,,,,,,KANGRA,NURPUR
4350.0,36.0,,Active,,,,,,,14-08-2020,,,,,,,,,,,,,,,,,,,,,,,,,,,,,,,,,,,,,,,,,,,,,,,,,,1393.0,Chamba,Chamba,,,,,,,,,,,,,,,,,,,,,,,,,,,,,,,,,,,,,,,,,,,,,,,,,,,,,,,,,,,,CHAMBA,CHAMBA
4406.0,36.0,,Active,,,,,,,17-08-2020,,,,,,,,,,,,,,,,,,,,,,,,,,,,,,,,,,,,,,,,,,,,,,,,,,1419.0,S/terrace,Nurpur,,,,,,,,,,,,,,,,,,,,,,,,,,,,,,,,,,,,,,,,,,,,,,,,,,,,,,,,,,,,,
4486.0,36.0,,Active,,,,,,,16-08-2020,,,,,,,,,,,,,,,,,,,,,,,,,,,,,,,,,,,,,,,,,,,,,,,,,,1428.0,Bilaspur,Bilaspur,,,,,,,,,,,,,,,,,,,,,,,,,,,,,,,,,,,,,,,,,,,,,,,,,,,,,,,,,,,,KANGRA,DERA GOPIPUR
4406.0,36.0,,Active,,,,,,,17-08-2020,,,,,,,,,,,,,,,,,,,,,,,,,,,,,,,,,,,,,,,,,,,,,,,,,,1433.0,Fatehpur,Nurpur,,,,,,,,,,,,,,,,,,,,,,,,,,,,,,,,,,,,,,,,,,,,,,,,,,,,,,,,,,,,CHAMBA,CHAMBA
4543.0,36.0,,Active,,,,,,,14-08-2020,,,,,,,,,,,,,,,,,,,,,,,,,,,,,,,,,,,,,,,,,,,,,,,,,,1457.0,Sarkaghat,Hamirpur,,,,,,,,,,,,,,,,,,,,,,,,,,,,,,,,,,,,,,,,,,,,,,,,,,,,,,,,,,,,MANDI,SARKAGHAT
4546.0,36.0,,Active,,,,,,,15-08-2020,,,,,,,,,,,,,,,,,,,,,,,,,,,,,,,,,,,,,,,,,,,,,,,,,,1469.0,Hamirpur,Hamirpur,,,,,,,,,,,,,,,,,,,,,,,,,,,,,,,,,,,,,,,,,,,,,,,,,,,,,,,,,,,,HAMIRPUR,HAMIRPUR
4558.0,36.0,,Active,,,,,,,15-08-2020,,,,,,,,,,,,,,,,,,,,,,,,,,,,,,,,,,,,,,,,,,,,,,,,,,1471.0,EE Dharampur,Hamirpur,,,,,,,,,,,,,,,,,,,,,,,,,,,,,,,,,,,,,,,,,,,,,,,,,,,,,,,,,,,,UNA,HAROLI
4559.0,36.0,,Active,,,,,,,15-08-2020,,,,,,,,,,,,,,,,,,,,,,,,,,,,,,,,,,,,,,,,,,,,,,,,,,1474.0,EE Dharampur,Hamirpur,,,,,,,,,,,,,,,,,,,,,,,,,,,,,,,,,,,,,,,,,,,,,,,,,,,,,,,,,,,,UNA,HAROLI
4581.0,36.0,,Active,,,,,,,18-08-2020,,,,,,,,,,,,,,,,,,,,,,,,,,,,,,,,,,,,,,,,,,,,,,,,,,1479.0,Sarkaghat,Hamirpur,,,,,,,,,,,,,,,,,,,,,,,,,,,,,,,,,,,,,,,,,,,,,,,,,,,,,,,,,,,,MANDI,SARKAGHAT
4525.0,1041.0,,Active,,,,,,,12-08-2020,,,,,,,,,,,,,,,,,,,,,,,,,,,,,,,,,,,,,,,,,,,,,,,,,,1484.0,FC Div. Gagret,SRFMP Una,,,,,,,,,,,,,,,,,,,,,,,,,,,,,,,,,,,,,,,,,,,,,,,,,,,,,,,,,,,,,
4525.0,1041.0,,Active,,,,,,,12-08-2020,,,,,,,,,,,,,,,,,,,,,,,,,,,,,,,,,,,,,,,,,,,,,,,,,,1485.0,FC Div. Gagret,SRFMP Una,,,,,,,,,,,,,,,,,,,,,,,,,,,,,,,,,,,,,,,,,,,,,,,,,,,,,,,,,,,,,
4525.0,1041.0,,Active,,,,,,,12-08-2020,,,,,,,,,,,,,,,,,,,,,,,,,,,,,,,,,,,,,,,,,,,,,,,,,,1486.0,FC Div. Gagret,SRFMP Una,,,,,,,,,,,,,,,,,,,,,,,,,,,,,,,,,,,,,,,,,,,,,,,,,,,,,,,,,,,,,
4525.0,1041.0,,Active,,,,,,,12-08-2020,,,,,,,,,,,,,,,,,,,,,,,,,,,,,,,,,,,,,,,,,,,,,,,,,,1488.0,FC Div. Gagret,SRFMP Una,,,,,,,,,,,,,,,,,,,,,,,,,,,,,,,,,,,,,,,,,,,,,,,,,,,,,,,,,,,,,
4525.0,1041.0,,Active,,,,,,,12-08-2020,,,,,,,,,,,,,,,,,,,,,,,,,,,,,,,,,,,,,,,,,,,,,,,,,,1489.0,FC Div. Gagret,SRFMP Una,,,,,,,,,,,,,,,,,,,,,,,,,,,,,,,,,,,,,,,,,,,,,,,,,,,,,,,,,,,,,
4525.0,1041.0,,Active,,,,,,,12-08-2020,,,,,,,,,,,,,,,,,,,,,,,,,,,,,,,,,,,,,,,,,,,,,,,,,,1490.0,FC Div. Gagret,SRFMP Una,,,,,,,,,,,,,,,,,,,,,,,,,,,,,,,,,,,,,,,,,,,,,,,,,,,,,,,,,,,,,
4525.0,1041.0,,Active,,,,,,,12-08-2020,,,,,,,,,,,,,,,,,,,,,,,,,,,,,,,,,,,,,,,,,,,,,,,,,,1491.0,FC Div. Gagret,SRFMP Una,,,,,,,,,,,,,,,,,,,,,,,,,,,,,,,,,,,,,,,,,,,,,,,,,,,,,,,,,,,,,
4525.0,1041.0,,Active,,,,,,,12-08-2020,,,,,,,,,,,,,,,,,,,,,,,,,,,,,,,,,,,,,,,,,,,,,,,,,,1492.0,FC Div. Gagret,SRFMP Una,,,,,,,,,,,,,,,,,,,,,,,,,,,,,,,,,,,,,,,,,,,,,,,,,,,,,,,,,,,,,
4525.0,1041.0,,Active,,,,,,,12-08-2020,,,,,,,,,,,,,,,,,,,,,,,,,,,,,,,,,,,,,,,,,,,,,,,,,,1494.0,FC Div. Gagret,SRFMP Una,,,,,,,,,,,,,,,,,,,,,,,,,,,,,,,,,,,,,,,,,,,,,,,,,,,,,,,,,,,,,
4525.0,1041.0,,Active,,,,,,,12-08-2020,,,,,,,,,,,,,,,,,,,,,,,,,,,,,,,,,,,,,,,,,,,,,,,,,,1495.0,FC Div. Gagret,SRFMP Una,,,,,,,,,,,,,,,,,,,,,,,,,,,,,,,,,,,,,,,,,,,,,,,,,,,,,,,,,,,,,
4525.0,1041.0,,Active,,,,,,,12-08-2020,,,,,,,,,,,,,,,,,,,,,,,,,,,,,,,,,,,,,,,,,,,,,,,,,,1496.0,FC Div. Gagret,SRFMP Una,,,,,,,,,,,,,,,,,,,,,,,,,,,,,,,,,,,,,,,,,,,,,,,,,,,,,,,,,,,,,
4525.0,1041.0,,Active,,,,,,,12-08-2020,,,,,,,,,,,,,,,,,,,,,,,,,,,,,,,,,,,,,,,,,,,,,,,,,,1497.0,FC Div. Gagret,SRFMP Una,,,,,,,,,,,,,,,,,,,,,,,,,,,,,,,,,,,,,,,,,,,,,,,,,,,,,,,,,,,,,
4525.0,1041.0,,Active,,,,,,,12-08-2020,,,,,,,,,,,,,,,,,,,,,,,,,,,,,,,,,,,,,,,,,,,,,,,,,,1498.0,FC Div. Gagret,SRFMP Una,,,,,,,,,,,,,,,,,,,,,,,,,,,,,,,,,,,,,,,,,,,,,,,,,,,,,,,,,,,,,
4525.0,1041.0,,Active,,,,,,,12-08-2020,,,,,,,,,,,,,,,,,,,,,,,,,,,,,,,,,,,,,,,,,,,,,,,,,,1499.0,FC Div. Gagret,SRFMP Una,,,,,,,,,,,,,,,,,,,,,,,,,,,,,,,,,,,,,,,,,,,,,,,,,,,,,,,,,,,,,
4525.0,1041.0,,Active,,,,,,,12-08-2020,,,,,,,,,,,,,,,,,,,,,,,,,,,,,,,,,,,,,,,,,,,,,,,,,,1500.0,FC Div. Gagret,SRFMP Una,,,,,,,,,,,,,,,,,,,,,,,,,,,,,,,,,,,,,,,,,,,,,,,,,,,,,,,,,,,,,
4525.0,1041.0,,Active,,,,,,,12-08-2020,,,,,,,,,,,,,,,,,,,,,,,,,,,,,,,,,,,,,,,,,,,,,,,,,,1501.0,FC Div. Gagret,SRFMP Una,,,,,,,,,,,,,,,,,,,,,,,,,,,,,,,,,,,,,,,,,,,,,,,,,,,,,,,,,,,,,
4525.0,1041.0,,Active,,,,,,,12-08-2020,,,,,,,,,,,,,,,,,,,,,,,,,,,,,,,,,,,,,,,,,,,,,,,,,,1502.0,FC Div. Gagret,SRFMP Una,,,,,,,,,,,,,,,,,,,,,,,,,,,,,,,,,,,,,,,,,,,,,,,,,,,,,,,,,,,,,
4525.0,1041.0,,Active,,,,,,,12-08-2020,,,,,,,,,,,,,,,,,,,,,,,,,,,,,,,,,,,,,,,,,,,,,,,,,,1503.0,FC Div. Gagret,SRFMP Una,,,,,,,,,,,,,,,,,,,,,,,,,,,,,,,,,,,,,,,,,,,,,,,,,,,,,,,,,,,,,
4525.0,1041.0,,Active,,,,,,,12-08-2020,,,,,,,,,,,,,,,,,,,,,,,,,,,,,,,,,,,,,,,,,,,,,,,,,,1504.0,FC Div. Gagret,SRFMP Una,,,,,,,,,,,,,,,,,,,,,,,,,,,,,,,,,,,,,,,,,,,,,,,,,,,,,,,,,,,,,
4525.0,1041.0,,Active,,,,,,,12-08-2020,,,,,,,,,,,,,,,,,,,,,,,,,,,,,,,,,,,,,,,,,,,,,,,,,,1506.0,FC Div. Gagret,SRFMP Una,,,,,,,,,,,,,,,,,,,,,,,,,,,,,,,,,,,,,,,,,,,,,,,,,,,,,,,,,,,,,
4525.0,1041.0,,Active,,,,,,,12-08-2020,,,,,,,,,,,,,,,,,,,,,,,,,,,,,,,,,,,,,,,,,,,,,,,,,,1522.0,FC Div. Gagret,SRFMP Una,,,,,,,,,,,,,,,,,,,,,,,,,,,,,,,,,,,,,,,,,,,,,,,,,,,,,,,,,,,,,
4594.0,1041.0,,Active,,,,,,,29-08-2020,,,,,,,,,,,,,,,,,,,,,,,,,,,,,,,,,,,,,,,,,,,,,,,,,,1525.0,Thural,Dharmshala,,,,,,,,,,,,,,,,,,,,,,,,,,,,,,,,,,,,,,,,,,,,,,,,,,,,,,,,,,,,SOLAN,KASAULI
4594.0,1041.0,,Active,,,,,,,29-08-2020,,,,,,,,,,,,,,,,,,,,,,,,,,,,,,,,,,,,,,,,,,,,,,,,,,1549.0,EE Nagrota,Dharmshala,,,,,,,,,,,,,,,,,,,,,,,,,,,,,,,,,,,,,,,,,,,,,,,,,,,,,,,,,,,,KANGRA,NURPUR
4177.0,1.0,,Active,,,,,,,01-08-2020,,,,,,,,,,,,,,,,,,,,,,,,,,,,,,,,,,,,,,,,,,,,,,,,,,1555.0,Jubbal,Rohroo,,,,,,,,,,,,,,,,,,,,,,,,,,,,,,,,,,,,,,,,,,,,,,,,,,,,,,,,,,,,SHIMLA,JUBBAL
4594.0,1041.0,,Active,,,,,,,29-08-2020,,,,,,,,,,,,,,,,,,,,,,,,,,,,,,,,,,,,,,,,,,,,,,,,,,1557.0,EE Nagrota,Dharmshala,,,,,,,,,,,,,,,,,,,,,,,,,,,,,,,,,,,,,,,,,,,,,,,,,,,,,,,,,,,,KANGRA,NURPUR
4177.0,1.0,,Active,,,,,,,01-08-2020,,,,,,,,,,,,,,,,,,,,,,,,,,,,,,,,,,,,,,,,,,,,,,,,,,1558.0,Jubbal,Rohroo,,,,,,,,,,,,,,,,,,,,,,,,,,,,,,,,,,,,,,,,,,,,,,,,,,,,,,,,,,,,SHIMLA,JUBBAL
4177.0,1.0,,Active,,,,,,,01-08-2020,,,,,,,,,,,,,,,,,,,,,,,,,,,,,,,,,,,,,,,,,,,,,,,,,,1561.0,Rohru ,Rohroo,,,,,,,,,,,,,,,,,,,,,,,,,,,,,,,,,,,,,,,,,,,,,,,,,,,,,,,,,,,,SHIMLA,ROHRU
4177.0,1.0,,Active,,,,,,,01-08-2020,,,,,,,,,,,,,,,,,,,,,,,,,,,,,,,,,,,,,,,,,,,,,,,,,,1564.0,Rohru ,Rohroo,,,,,,,,,,,,,,,,,,,,,,,,,,,,,,,,,,,,,,,,,,,,,,,,,,,,,,,,,,,,SHIMLA,ROHRU
4678.0,36.0,,Active,,,,,,,21-08-2020,,,,,,,,,,,,,,,,,,,,,,,,,,,,,,,,,,,,,,,,,,,,,,,,,,1582.0,Dalhousie,Chamba,,,,,,,,,,,,,,,,,,,,,,,,,,,,,,,,,,,,,,,,,,,,,,,,,,,,,,,,,,,,CHAMBA,DALHOUSIE
4678.0,36.0,,Active,,,,,,,21-08-2020,,,,,,,,,,,,,,,,,,,,,,,,,,,,,,,,,,,,,,,,,,,,,,,,,,1584.0,Salooni,Chamba,,,,,,,,,,,,,,,,,,,,,,,,,,,,,,,,,,,,,,,,,,,,,,,,,,,,,,,,,,,,MANDI,SANDHOL
4686.0,36.0,,Active,,,,,,,19-08-2020,,,,,,,,,,,,,,,,,,,,,,,,,,,,,,,,,,,,,,,,,,,,,,,,,,1592.0,Barsar,Hamirpur,,,,,,,,,,,,,,,,,,,,,,,,,,,,,,,,,,,,,,,,,,,,,,,,,,,,,,,,,,,,UNA,UNA
4678.0,36.0,,Active,,,,,,,21-08-2020,,,,,,,,,,,,,,,,,,,,,,,,,,,,,,,,,,,,,,,,,,,,,,,,,,1593.0,Bharmour,Chamba,,,,,,,,,,,,,,,,,,,,,,,,,,,,,,,,,,,,,,,,,,,,,,,,,,,,,,,,,,,,CHAMBA,BHARMOUR
4688.0,36.0,,Active,,,,,,,19-08-2020,,,,,,,,,,,,,,,,,,,,,,,,,,,,,,,,,,,,,,,,,,,,,,,,,,1604.0,Bilaspur,Bilaspur,,,,,,,,,,,,,,,,,,,,,,,,,,,,,,,,,,,,,,,,,,,,,,,,,,,,,,,,,,,,KANGRA,DERA GOPIPUR
4693.0,36.0,,Active,,,,,,,19-08-2020,,,,,,,,,,,,,,,,,,,,,,,,,,,,,,,,,,,,,,,,,,,,,,,,,,1605.0,EE Dharampur,Hamirpur,,,,,,,,,,,,,,,,,,,,,,,,,,,,,,,,,,,,,,,,,,,,,,,,,,,,,,,,,,,,UNA,HAROLI
4698.0,36.0,,Active,,,,,,,19-08-2020,,,,,,,,,,,,,,,,,,,,,,,,,,,,,,,,,,,,,,,,,,,,,,,,,,1609.0,Sarkaghat,Hamirpur,,,,,,,,,,,,,,,,,,,,,,,,,,,,,,,,,,,,,,,,,,,,,,,,,,,,,,,,,,,,MANDI,SARKAGHAT
4699.0,36.0,,Active,,,,,,,22-08-2020,,,,,,,,,,,,,,,,,,,,,,,,,,,,,,,,,,,,,,,,,,,,,,,,,,1610.0,Nurpur,Nurpur,,,,,,,,,,,,,,,,,,,,,,,,,,,,,,,,,,,,,,,,,,,,,,,,,,,,,,,,,,,,KANGRA,NURPUR
4700.0,36.0,,Active,,,,,,,22-08-2020,,,,,,,,,,,,,,,,,,,,,,,,,,,,,,,,,,,,,,,,,,,,,,,,,,1611.0,Nurpur,Nurpur,,,,,,,,,,,,,,,,,,,,,,,,,,,,,,,,,,,,,,,,,,,,,,,,,,,,,,,,,,,,KANGRA,NURPUR
4699.0,36.0,,Active,,,,,,,22-08-2020,,,,,,,,,,,,,,,,,,,,,,,,,,,,,,,,,,,,,,,,,,,,,,,,,,1612.0,Nurpur,Nurpur,,,,,,,,,,,,,,,,,,,,,,,,,,,,,,,,,,,,,,,,,,,,,,,,,,,,,,,,,,,,KANGRA,NURPUR
4699.0,36.0,,Active,,,,,,,22-08-2020,,,,,,,,,,,,,,,,,,,,,,,,,,,,,,,,,,,,,,,,,,,,,,,,,,1613.0,Nurpur,Nurpur,,,,,,,,,,,,,,,,,,,,,,,,,,,,,,,,,,,,,,,,,,,,,,,,,,,,,,,,,,,,KANGRA,NURPUR
4699.0,36.0,,Active,,,,,,,22-08-2020,,,,,,,,,,,,,,,,,,,,,,,,,,,,,,,,,,,,,,,,,,,,,,,,,,1614.0,Nurpur,Nurpur,,,,,,,,,,,,,,,,,,,,,,,,,,,,,,,,,,,,,,,,,,,,,,,,,,,,,,,,,,,,KANGRA,NURPUR
4689.0,36.0,,Active,,,,,,,20-08-2020,,,,,,,,,,,,,,,,,,,,,,,,,,,,,,,,,,,,,,,,,,,,,,,,,,1615.0,Bilaspur,Bilaspur,,,,,,,,,,,,,,,,,,,,,,,,,,,,,,,,,,,,,,,,,,,,,,,,,,,,,,,,,,,,KANGRA,DERA GOPIPUR
4699.0,36.0,,Active,,,,,,,22-08-2020,,,,,,,,,,,,,,,,,,,,,,,,,,,,,,,,,,,,,,,,,,,,,,,,,,1616.0,Nurpur,Nurpur,,,,,,,,,,,,,,,,,,,,,,,,,,,,,,,,,,,,,,,,,,,,,,,,,,,,,,,,,,,,KANGRA,NURPUR
4699.0,36.0,,Active,,,,,,,22-08-2020,,,,,,,,,,,,,,,,,,,,,,,,,,,,,,,,,,,,,,,,,,,,,,,,,,1617.0,Nurpur,Nurpur,,,,,,,,,,,,,,,,,,,,,,,,,,,,,,,,,,,,,,,,,,,,,,,,,,,,,,,,,,,,KANGRA,NURPUR
4699.0,36.0,,Active,,,,,,,22-08-2020,,,,,,,,,,,,,,,,,,,,,,,,,,,,,,,,,,,,,,,,,,,,,,,,,,1618.0,Nurpur,Nurpur,,,,,,,,,,,,,,,,,,,,,,,,,,,,,,,,,,,,,,,,,,,,,,,,,,,,,,,,,,,,KANGRA,NURPUR
4699.0,36.0,,Active,,,,,,,22-08-2020,,,,,,,,,,,,,,,,,,,,,,,,,,,,,,,,,,,,,,,,,,,,,,,,,,1619.0,Nurpur,Nurpur,,,,,,,,,,,,,,,,,,,,,,,,,,,,,,,,,,,,,,,,,,,,,,,,,,,,,,,,,,,,KANGRA,NURPUR
4699.0,36.0,,Active,,,,,,,22-08-2020,,,,,,,,,,,,,,,,,,,,,,,,,,,,,,,,,,,,,,,,,,,,,,,,,,1620.0,Nurpur,Nurpur,,,,,,,,,,,,,,,,,,,,,,,,,,,,,,,,,,,,,,,,,,,,,,,,,,,,,,,,,,,,KANGRA,NURPUR
4699.0,36.0,,Active,,,,,,,22-08-2020,,,,,,,,,,,,,,,,,,,,,,,,,,,,,,,,,,,,,,,,,,,,,,,,,,1621.0,Nurpur,Nurpur,,,,,,,,,,,,,,,,,,,,,,,,,,,,,,,,,,,,,,,,,,,,,,,,,,,,,,,,,,,,KANGRA,NURPUR
4700.0,36.0,,Active,,,,,,,22-08-2020,,,,,,,,,,,,,,,,,,,,,,,,,,,,,,,,,,,,,,,,,,,,,,,,,,1622.0,Nurpur,Nurpur,,,,,,,,,,,,,,,,,,,,,,,,,,,,,,,,,,,,,,,,,,,,,,,,,,,,,,,,,,,,KANGRA,NURPUR
4688.0,36.0,,Active,,,,,,,19-08-2020,,,,,,,,,,,,,,,,,,,,,,,,,,,,,,,,,,,,,,,,,,,,,,,,,,1623.0,Ghumarwin,Bilaspur,,,,,,,,,,,,,,,,,,,,,,,,,,,,,,,,,,,,,,,,,,,,,,,,,,,,,,,,,,,,BILASPUR,GHUMARWIN
4729.0,36.0,,Active,,,,,,,20-08-2020,,,,,,,,,,,,,,,,,,,,,,,,,,,,,,,,,,,,,,,,,,,,,,,,,,1632.0,Hamirpur,Hamirpur,,,,,,,,,,,,,,,,,,,,,,,,,,,,,,,,,,,,,,,,,,,,,,,,,,,,,,,,,,,,HAMIRPUR,HAMIRPUR
4699.0,36.0,,Active,,,,,,,22-08-2020,,,,,,,,,,,,,,,,,,,,,,,,,,,,,,,,,,,,,,,,,,,,,,,,,,1634.0,Nurpur,Nurpur,,,,,,,,,,,,,,,,,,,,,,,,,,,,,,,,,,,,,,,,,,,,,,,,,,,,,,,,,,,,KANGRA,NURPUR
4699.0,36.0,,Active,,,,,,,22-08-2020,,,,,,,,,,,,,,,,,,,,,,,,,,,,,,,,,,,,,,,,,,,,,,,,,,1635.0,Nurpur,Nurpur,,,,,,,,,,,,,,,,,,,,,,,,,,,,,,,,,,,,,,,,,,,,,,,,,,,,,,,,,,,,KANGRA,NURPUR
4699.0,36.0,,Active,,,,,,,22-08-2020,,,,,,,,,,,,,,,,,,,,,,,,,,,,,,,,,,,,,,,,,,,,,,,,,,1636.0,Nurpur,Nurpur,,,,,,,,,,,,,,,,,,,,,,,,,,,,,,,,,,,,,,,,,,,,,,,,,,,,,,,,,,,,KANGRA,NURPUR
4744.0,36.0,,Active,,,,,,,20-08-2020,,,,,,,,,,,,,,,,,,,,,,,,,,,,,,,,,,,,,,,,,,,,,,,,,,1641.0,Sarkaghat,Hamirpur,,,,,,,,,,,,,,,,,,,,,,,,,,,,,,,,,,,,,,,,,,,,,,,,,,,,,,,,,,,,MANDI,SARKAGHAT
4752.0,36.0,,Active,,,,,,,21-08-2020,,,,,,,,,,,,,,,,,,,,,,,,,,,,,,,,,,,,,,,,,,,,,,,,,,1651.0,Barsar,Hamirpur,,,,,,,,,,,,,,,,,,,,,,,,,,,,,,,,,,,,,,,,,,,,,,,,,,,,,,,,,,,,UNA,UNA
4756.0,36.0,,Active,,,,,,,21-08-2020,,,,,,,,,,,,,,,,,,,,,,,,,,,,,,,,,,,,,,,,,,,,,,,,,,1653.0,Sarkaghat,Hamirpur,,,,,,,,,,,,,,,,,,,,,,,,,,,,,,,,,,,,,,,,,,,,,,,,,,,,,,,,,,,,MANDI,SARKAGHAT
4768.0,36.0,,Active,,,,,,,20-08-2020,,,,,,,,,,,,,,,,,,,,,,,,,,,,,,,,,,,,,,,,,,,,,,,,,,1662.0,Hamirpur,Hamirpur,,,,,,,,,,,,,,,,,,,,,,,,,,,,,,,,,,,,,,,,,,,,,,,,,,,,,,,,,,,,HAMIRPUR,HAMIRPUR
4700.0,36.0,,Active,,,,,,,22-08-2020,,,,,,,,,,,,,,,,,,,,,,,,,,,,,,,,,,,,,,,,,,,,,,,,,,1663.0,Jawali,Nurpur,,,,,,,,,,,,,,,,,,,,,,,,,,,,,,,,,,,,,,,,,,,,,,,,,,,,,,,,,,,,MANDI,BALDWARA
4699.0,36.0,,Active,,,,,,,22-08-2020,,,,,,,,,,,,,,,,,,,,,,,,,,,,,,,,,,,,,,,,,,,,,,,,,,1664.0,Jawali,Nurpur,,,,,,,,,,,,,,,,,,,,,,,,,,,,,,,,,,,,,,,,,,,,,,,,,,,,,,,,,,,,MANDI,BALDWARA
4700.0,36.0,,Active,,,,,,,22-08-2020,,,,,,,,,,,,,,,,,,,,,,,,,,,,,,,,,,,,,,,,,,,,,,,,,,1665.0,Jawali,Nurpur,,,,,,,,,,,,,,,,,,,,,,,,,,,,,,,,,,,,,,,,,,,,,,,,,,,,,,,,,,,,MANDI,BALDWARA
4700.0,36.0,,Active,,,,,,,22-08-2020,,,,,,,,,,,,,,,,,,,,,,,,,,,,,,,,,,,,,,,,,,,,,,,,,,1666.0,Jawali,Nurpur,,,,,,,,,,,,,,,,,,,,,,,,,,,,,,,,,,,,,,,,,,,,,,,,,,,,,,,,,,,,MANDI,BALDWARA
4700.0,36.0,,Active,,,,,,,22-08-2020,,,,,,,,,,,,,,,,,,,,,,,,,,,,,,,,,,,,,,,,,,,,,,,,,,1667.0,Jawali,Nurpur,,,,,,,,,,,,,,,,,,,,,,,,,,,,,,,,,,,,,,,,,,,,,,,,,,,,,,,,,,,,MANDI,BALDWARA
4700.0,36.0,,Active,,,,,,,22-08-2020,,,,,,,,,,,,,,,,,,,,,,,,,,,,,,,,,,,,,,,,,,,,,,,,,,1668.0,Jawali,Nurpur,,,,,,,,,,,,,,,,,,,,,,,,,,,,,,,,,,,,,,,,,,,,,,,,,,,,,,,,,,,,MANDI,BALDWARA
4700.0,36.0,,Active,,,,,,,22-08-2020,,,,,,,,,,,,,,,,,,,,,,,,,,,,,,,,,,,,,,,,,,,,,,,,,,1671.0,Jawali,Nurpur,,,,,,,,,,,,,,,,,,,,,,,,,,,,,,,,,,,,,,,,,,,,,,,,,,,,,,,,,,,,MANDI,BALDWARA
4700.0,36.0,,Active,,,,,,,22-08-2020,,,,,,,,,,,,,,,,,,,,,,,,,,,,,,,,,,,,,,,,,,,,,,,,,,1672.0,Jawali,Nurpur,,,,,,,,,,,,,,,,,,,,,,,,,,,,,,,,,,,,,,,,,,,,,,,,,,,,,,,,,,,,MANDI,BALDWARA
4689.0,36.0,,Active,,,,,,,20-08-2020,,,,,,,,,,,,,,,,,,,,,,,,,,,,,,,,,,,,,,,,,,,,,,,,,,1674.0,Ghumarwin,Bilaspur,,,,,,,,,,,,,,,,,,,,,,,,,,,,,,,,,,,,,,,,,,,,,,,,,,,,,,,,,,,,BILASPUR,GHUMARWIN
4688.0,36.0,,Active,,,,,,,19-08-2020,,,,,,,,,,,,,,,,,,,,,,,,,,,,,,,,,,,,,,,,,,,,,,,,,,1675.0,Jhanduta,Bilaspur,,,,,,,,,,,,,,,,,,,,,,,,,,,,,,,,,,,,,,,,,,,,,,,,,,,,,,,,,,,,SHIMLA,NERWA
4689.0,36.0,,Active,,,,,,,20-08-2020,,,,,,,,,,,,,,,,,,,,,,,,,,,,,,,,,,,,,,,,,,,,,,,,,,1676.0,Jhanduta,Bilaspur,,,,,,,,,,,,,,,,,,,,,,,,,,,,,,,,,,,,,,,,,,,,,,,,,,,,,,,,,,,,SHIMLA,NERWA
4890.0,36.0,,Active,,,,,,,28-08-2020,,,,,,,,,,,,,,,,,,,,,,,,,,,,,,,,,,,,,,,,,,,,,,,,,,1756.0,Reckong Peo ,Reckong Peo ,,,,,,,,,,,,,,,,,,,,,,,,,,,,,,,,,,,,,,,,,,,,,,,,,,,,,,,,,,,,KINNAUR,KALPA
4892.0,36.0,,Active,,,,,,,28-08-2020,,,,,,,,,,,,,,,,,,,,,,,,,,,,,,,,,,,,,,,,,,,,,,,,,,1759.0,Salooni,Chamba,,,,,,,,,,,,,,,,,,,,,,,,,,,,,,,,,,,,,,,,,,,,,,,,,,,,,,,,,,,,MANDI,SANDHOL
4892.0,36.0,,Active,,,,,,,28-08-2020,,,,,,,,,,,,,,,,,,,,,,,,,,,,,,,,,,,,,,,,,,,,,,,,,,1761.0,Tissa at Bhanjraru,Chamba,,,,,,,,,,,,,,,,,,,,,,,,,,,,,,,,,,,,,,,,,,,,,,,,,,,,,,,,,,,,,
4910.0,36.0,,Active,,,,,,,24-08-2020,,,,,,,,,,,,,,,,,,,,,,,,,,,,,,,,,,,,,,,,,,,,,,,,,,1766.0,Sarkaghat,Hamirpur,,,,,,,,,,,,,,,,,,,,,,,,,,,,,,,,,,,,,,,,,,,,,,,,,,,,,,,,,,,,MANDI,SARKAGHAT
4914.0,36.0,,Active,,,,,,,26-08-2020,,,,,,,,,,,,,,,,,,,,,,,,,,,,,,,,,,,,,,,,,,,,,,,,,,1769.0,EE Dharampur,Hamirpur,,,,,,,,,,,,,,,,,,,,,,,,,,,,,,,,,,,,,,,,,,,,,,,,,,,,,,,,,,,,UNA,HAROLI
4916.0,36.0,,Active,,,,,,,27-08-2020,,,,,,,,,,,,,,,,,,,,,,,,,,,,,,,,,,,,,,,,,,,,,,,,,,1776.0,EE Dharampur,Hamirpur,,,,,,,,,,,,,,,,,,,,,,,,,,,,,,,,,,,,,,,,,,,,,,,,,,,,,,,,,,,,UNA,HAROLI
4883.0,1041.0,,Active,,,,,,,23-08-2020,,,,,,,,,,,,,,,,,,,,,,,,,,,,,,,,,,,,,,,,,,,,,,,,,,1778.0,(SRFMD) Haroli,SRFMP Una,,,,,,,,,,,,,,,,,,,,,,,,,,,,,,,,,,,,,,,,,,,,,,,,,,,,,,,,,,,,,
4883.0,1041.0,,Active,,,,,,,23-08-2020,,,,,,,,,,,,,,,,,,,,,,,,,,,,,,,,,,,,,,,,,,,,,,,,,,1779.0,(SRFMD) Haroli,SRFMP Una,,,,,,,,,,,,,,,,,,,,,,,,,,,,,,,,,,,,,,,,,,,,,,,,,,,,,,,,,,,,,
4883.0,1041.0,,Active,,,,,,,23-08-2020,,,,,,,,,,,,,,,,,,,,,,,,,,,,,,,,,,,,,,,,,,,,,,,,,,1782.0,(SRFMD) Haroli,SRFMP Una,,,,,,,,,,,,,,,,,,,,,,,,,,,,,,,,,,,,,,,,,,,,,,,,,,,,,,,,,,,,,
4883.0,1041.0,,Active,,,,,,,23-08-2020,,,,,,,,,,,,,,,,,,,,,,,,,,,,,,,,,,,,,,,,,,,,,,,,,,1783.0,(SRFMD) Haroli,SRFMP Una,,,,,,,,,,,,,,,,,,,,,,,,,,,,,,,,,,,,,,,,,,,,,,,,,,,,,,,,,,,,,
4883.0,1041.0,,Active,,,,,,,23-08-2020,,,,,,,,,,,,,,,,,,,,,,,,,,,,,,,,,,,,,,,,,,,,,,,,,,1784.0,(SRFMD) Haroli,SRFMP Una,,,,,,,,,,,,,,,,,,,,,,,,,,,,,,,,,,,,,,,,,,,,,,,,,,,,,,,,,,,,,
4922.0,36.0,,Active,,,,,,,28-08-2020,,,,,,,,,,,,,,,,,,,,,,,,,,,,,,,,,,,,,,,,,,,,,,,,,,1785.0,Nurpur,Nurpur,,,,,,,,,,,,,,,,,,,,,,,,,,,,,,,,,,,,,,,,,,,,,,,,,,,,,,,,,,,,KANGRA,NURPUR
4922.0,36.0,,Active,,,,,,,28-08-2020,,,,,,,,,,,,,,,,,,,,,,,,,,,,,,,,,,,,,,,,,,,,,,,,,,1786.0,Nurpur,Nurpur,,,,,,,,,,,,,,,,,,,,,,,,,,,,,,,,,,,,,,,,,,,,,,,,,,,,,,,,,,,,KANGRA,NURPUR
4922.0,36.0,,Active,,,,,,,28-08-2020,,,,,,,,,,,,,,,,,,,,,,,,,,,,,,,,,,,,,,,,,,,,,,,,,,1787.0,Nurpur,Nurpur,,,,,,,,,,,,,,,,,,,,,,,,,,,,,,,,,,,,,,,,,,,,,,,,,,,,,,,,,,,,KANGRA,NURPUR
4922.0,36.0,,Active,,,,,,,28-08-2020,,,,,,,,,,,,,,,,,,,,,,,,,,,,,,,,,,,,,,,,,,,,,,,,,,1788.0,Nurpur,Nurpur,,,,,,,,,,,,,,,,,,,,,,,,,,,,,,,,,,,,,,,,,,,,,,,,,,,,,,,,,,,,KANGRA,NURPUR
4922.0,36.0,,Active,,,,,,,28-08-2020,,,,,,,,,,,,,,,,,,,,,,,,,,,,,,,,,,,,,,,,,,,,,,,,,,1789.0,Nurpur,Nurpur,,,,,,,,,,,,,,,,,,,,,,,,,,,,,,,,,,,,,,,,,,,,,,,,,,,,,,,,,,,,KANGRA,NURPUR
4922.0,36.0,,Active,,,,,,,28-08-2020,,,,,,,,,,,,,,,,,,,,,,,,,,,,,,,,,,,,,,,,,,,,,,,,,,1790.0,Nurpur,Nurpur,,,,,,,,,,,,,,,,,,,,,,,,,,,,,,,,,,,,,,,,,,,,,,,,,,,,,,,,,,,,KANGRA,NURPUR
4922.0,36.0,,Active,,,,,,,28-08-2020,,,,,,,,,,,,,,,,,,,,,,,,,,,,,,,,,,,,,,,,,,,,,,,,,,1791.0,Nurpur,Nurpur,,,,,,,,,,,,,,,,,,,,,,,,,,,,,,,,,,,,,,,,,,,,,,,,,,,,,,,,,,,,KANGRA,NURPUR
4922.0,36.0,,Active,,,,,,,28-08-2020,,,,,,,,,,,,,,,,,,,,,,,,,,,,,,,,,,,,,,,,,,,,,,,,,,1792.0,Nurpur,Nurpur,,,,,,,,,,,,,,,,,,,,,,,,,,,,,,,,,,,,,,,,,,,,,,,,,,,,,,,,,,,,KANGRA,NURPUR
4922.0,36.0,,Active,,,,,,,28-08-2020,,,,,,,,,,,,,,,,,,,,,,,,,,,,,,,,,,,,,,,,,,,,,,,,,,1793.0,Nurpur,Nurpur,,,,,,,,,,,,,,,,,,,,,,,,,,,,,,,,,,,,,,,,,,,,,,,,,,,,,,,,,,,,KANGRA,NURPUR
4922.0,36.0,,Active,,,,,,,28-08-2020,,,,,,,,,,,,,,,,,,,,,,,,,,,,,,,,,,,,,,,,,,,,,,,,,,1794.0,Nurpur,Nurpur,,,,,,,,,,,,,,,,,,,,,,,,,,,,,,,,,,,,,,,,,,,,,,,,,,,,,,,,,,,,KANGRA,NURPUR
4922.0,36.0,,Active,,,,,,,28-08-2020,,,,,,,,,,,,,,,,,,,,,,,,,,,,,,,,,,,,,,,,,,,,,,,,,,1795.0,Nurpur,Nurpur,,,,,,,,,,,,,,,,,,,,,,,,,,,,,,,,,,,,,,,,,,,,,,,,,,,,,,,,,,,,KANGRA,NURPUR
4922.0,36.0,,Active,,,,,,,28-08-2020,,,,,,,,,,,,,,,,,,,,,,,,,,,,,,,,,,,,,,,,,,,,,,,,,,1796.0,Nurpur,Nurpur,,,,,,,,,,,,,,,,,,,,,,,,,,,,,,,,,,,,,,,,,,,,,,,,,,,,,,,,,,,,KANGRA,NURPUR
4922.0,36.0,,Active,,,,,,,28-08-2020,,,,,,,,,,,,,,,,,,,,,,,,,,,,,,,,,,,,,,,,,,,,,,,,,,1797.0,Nurpur,Nurpur,,,,,,,,,,,,,,,,,,,,,,,,,,,,,,,,,,,,,,,,,,,,,,,,,,,,,,,,,,,,KANGRA,NURPUR
4922.0,36.0,,Active,,,,,,,28-08-2020,,,,,,,,,,,,,,,,,,,,,,,,,,,,,,,,,,,,,,,,,,,,,,,,,,1799.0,Nurpur,Nurpur,,,,,,,,,,,,,,,,,,,,,,,,,,,,,,,,,,,,,,,,,,,,,,,,,,,,,,,,,,,,KANGRA,NURPUR
4922.0,36.0,,Active,,,,,,,28-08-2020,,,,,,,,,,,,,,,,,,,,,,,,,,,,,,,,,,,,,,,,,,,,,,,,,,1801.0,Nurpur,Nurpur,,,,,,,,,,,,,,,,,,,,,,,,,,,,,,,,,,,,,,,,,,,,,,,,,,,,,,,,,,,,KANGRA,NURPUR
4922.0,36.0,,Active,,,,,,,28-08-2020,,,,,,,,,,,,,,,,,,,,,,,,,,,,,,,,,,,,,,,,,,,,,,,,,,1802.0,Nurpur,Nurpur,,,,,,,,,,,,,,,,,,,,,,,,,,,,,,,,,,,,,,,,,,,,,,,,,,,,,,,,,,,,KANGRA,NURPUR
4922.0,36.0,,Active,,,,,,,28-08-2020,,,,,,,,,,,,,,,,,,,,,,,,,,,,,,,,,,,,,,,,,,,,,,,,,,1803.0,Nurpur,Nurpur,,,,,,,,,,,,,,,,,,,,,,,,,,,,,,,,,,,,,,,,,,,,,,,,,,,,,,,,,,,,KANGRA,NURPUR
4922.0,36.0,,Active,,,,,,,28-08-2020,,,,,,,,,,,,,,,,,,,,,,,,,,,,,,,,,,,,,,,,,,,,,,,,,,1805.0,Nurpur,Nurpur,,,,,,,,,,,,,,,,,,,,,,,,,,,,,,,,,,,,,,,,,,,,,,,,,,,,,,,,,,,,KANGRA,NURPUR
4922.0,36.0,,Active,,,,,,,28-08-2020,,,,,,,,,,,,,,,,,,,,,,,,,,,,,,,,,,,,,,,,,,,,,,,,,,1806.0,Nurpur,Nurpur,,,,,,,,,,,,,,,,,,,,,,,,,,,,,,,,,,,,,,,,,,,,,,,,,,,,,,,,,,,,KANGRA,NURPUR
4922.0,36.0,,Active,,,,,,,28-08-2020,,,,,,,,,,,,,,,,,,,,,,,,,,,,,,,,,,,,,,,,,,,,,,,,,,1821.0,Fatehpur,Nurpur,,,,,,,,,,,,,,,,,,,,,,,,,,,,,,,,,,,,,,,,,,,,,,,,,,,,,,,,,,,,CHAMBA,CHAMBA
4922.0,36.0,,Active,,,,,,,28-08-2020,,,,,,,,,,,,,,,,,,,,,,,,,,,,,,,,,,,,,,,,,,,,,,,,,,1822.0,Fatehpur,Nurpur,,,,,,,,,,,,,,,,,,,,,,,,,,,,,,,,,,,,,,,,,,,,,,,,,,,,,,,,,,,,CHAMBA,CHAMBA
4922.0,36.0,,Active,,,,,,,28-08-2020,,,,,,,,,,,,,,,,,,,,,,,,,,,,,,,,,,,,,,,,,,,,,,,,,,1823.0,Fatehpur,Nurpur,,,,,,,,,,,,,,,,,,,,,,,,,,,,,,,,,,,,,,,,,,,,,,,,,,,,,,,,,,,,CHAMBA,CHAMBA
4922.0,36.0,,Active,,,,,,,28-08-2020,,,,,,,,,,,,,,,,,,,,,,,,,,,,,,,,,,,,,,,,,,,,,,,,,,1824.0,Fatehpur,Nurpur,,,,,,,,,,,,,,,,,,,,,,,,,,,,,,,,,,,,,,,,,,,,,,,,,,,,,,,,,,,,CHAMBA,CHAMBA
4922.0,36.0,,Active,,,,,,,28-08-2020,,,,,,,,,,,,,,,,,,,,,,,,,,,,,,,,,,,,,,,,,,,,,,,,,,1825.0,Fatehpur,Nurpur,,,,,,,,,,,,,,,,,,,,,,,,,,,,,,,,,,,,,,,,,,,,,,,,,,,,,,,,,,,,CHAMBA,CHAMBA
4922.0,36.0,,Active,,,,,,,28-08-2020,,,,,,,,,,,,,,,,,,,,,,,,,,,,,,,,,,,,,,,,,,,,,,,,,,1826.0,Fatehpur,Nurpur,,,,,,,,,,,,,,,,,,,,,,,,,,,,,,,,,,,,,,,,,,,,,,,,,,,,,,,,,,,,CHAMBA,CHAMBA
4990.0,36.0,,Active,,,,,,,30-08-2020,,,,,,,,,,,,,,,,,,,,,,,,,,,,,,,,,,,,,,,,,,,,,,,,,,1849.0,Hamirpur,Hamirpur,,,,,,,,,,,,,,,,,,,,,,,,,,,,,,,,,,,,,,,,,,,,,,,,,,,,,,,,,,,,HAMIRPUR,HAMIRPUR
4996.0,36.0,,Active,,,,,,,28-08-2020,,,,,,,,,,,,,,,,,,,,,,,,,,,,,,,,,,,,,,,,,,,,,,,,,,1855.0,EE Dharampur,Hamirpur,,,,,,,,,,,,,,,,,,,,,,,,,,,,,,,,,,,,,,,,,,,,,,,,,,,,,,,,,,,,UNA,HAROLI
4960.0,36.0,,Active,,,,,,,27-08-2020,,,,,,,,,,,,,,,,,,,,,,,,,,,,,,,,,,,,,,,,,,,,,,,,,,1861.0,Bilaspur,Bilaspur,,,,,,,,,,,,,,,,,,,,,,,,,,,,,,,,,,,,,,,,,,,,,,,,,,,,,,,,,,,,KANGRA,DERA GOPIPUR
4960.0,36.0,,Active,,,,,,,27-08-2020,,,,,,,,,,,,,,,,,,,,,,,,,,,,,,,,,,,,,,,,,,,,,,,,,,1862.0,Bilaspur,Bilaspur,,,,,,,,,,,,,,,,,,,,,,,,,,,,,,,,,,,,,,,,,,,,,,,,,,,,,,,,,,,,KANGRA,DERA GOPIPUR
4960.0,36.0,,Active,,,,,,,27-08-2020,,,,,,,,,,,,,,,,,,,,,,,,,,,,,,,,,,,,,,,,,,,,,,,,,,1863.0,Ghumarwin,Bilaspur,,,,,,,,,,,,,,,,,,,,,,,,,,,,,,,,,,,,,,,,,,,,,,,,,,,,,,,,,,,,BILASPUR,GHUMARWIN
4960.0,36.0,,Active,,,,,,,27-08-2020,,,,,,,,,,,,,,,,,,,,,,,,,,,,,,,,,,,,,,,,,,,,,,,,,,1864.0,Jhanduta,Bilaspur,,,,,,,,,,,,,,,,,,,,,,,,,,,,,,,,,,,,,,,,,,,,,,,,,,,,,,,,,,,,SHIMLA,NERWA
5016.0,36.0,,Active,,,,,,,31-08-2020,,,,,,,,,,,,,,,,,,,,,,,,,,,,,,,,,,,,,,,,,,,,,,,,,,1868.0,Fatehpur,Nurpur,,,,,,,,,,,,,,,,,,,,,,,,,,,,,,,,,,,,,,,,,,,,,,,,,,,,,,,,,,,,CHAMBA,CHAMBA
5016.0,36.0,,Active,,,,,,,31-08-2020,,,,,,,,,,,,,,,,,,,,,,,,,,,,,,,,,,,,,,,,,,,,,,,,,,1869.0,Fatehpur,Nurpur,,,,,,,,,,,,,,,,,,,,,,,,,,,,,,,,,,,,,,,,,,,,,,,,,,,,,,,,,,,,CHAMBA,CHAMBA
5016.0,36.0,,Active,,,,,,,31-08-2020,,,,,,,,,,,,,,,,,,,,,,,,,,,,,,,,,,,,,,,,,,,,,,,,,,1873.0,Fatehpur,Nurpur,,,,,,,,,,,,,,,,,,,,,,,,,,,,,,,,,,,,,,,,,,,,,,,,,,,,,,,,,,,,CHAMBA,CHAMBA
5016.0,36.0,,Active,,,,,,,31-08-2020,,,,,,,,,,,,,,,,,,,,,,,,,,,,,,,,,,,,,,,,,,,,,,,,,,1874.0,Fatehpur,Nurpur,,,,,,,,,,,,,,,,,,,,,,,,,,,,,,,,,,,,,,,,,,,,,,,,,,,,,,,,,,,,CHAMBA,CHAMBA
5016.0,36.0,,Active,,,,,,,31-08-2020,,,,,,,,,,,,,,,,,,,,,,,,,,,,,,,,,,,,,,,,,,,,,,,,,,1875.0,Fatehpur,Nurpur,,,,,,,,,,,,,,,,,,,,,,,,,,,,,,,,,,,,,,,,,,,,,,,,,,,,,,,,,,,,CHAMBA,CHAMBA
5016.0,36.0,,Active,,,,,,,31-08-2020,,,,,,,,,,,,,,,,,,,,,,,,,,,,,,,,,,,,,,,,,,,,,,,,,,1876.0,Fatehpur,Nurpur,,,,,,,,,,,,,,,,,,,,,,,,,,,,,,,,,,,,,,,,,,,,,,,,,,,,,,,,,,,,CHAMBA,CHAMBA
5016.0,36.0,,Active,,,,,,,31-08-2020,,,,,,,,,,,,,,,,,,,,,,,,,,,,,,,,,,,,,,,,,,,,,,,,,,1879.0,Fatehpur,Nurpur,,,,,,,,,,,,,,,,,,,,,,,,,,,,,,,,,,,,,,,,,,,,,,,,,,,,,,,,,,,,CHAMBA,CHAMBA
5016.0,36.0,,Active,,,,,,,31-08-2020,,,,,,,,,,,,,,,,,,,,,,,,,,,,,,,,,,,,,,,,,,,,,,,,,,1880.0,Fatehpur,Nurpur,,,,,,,,,,,,,,,,,,,,,,,,,,,,,,,,,,,,,,,,,,,,,,,,,,,,,,,,,,,,CHAMBA,CHAMBA
5016.0,36.0,,Active,,,,,,,31-08-2020,,,,,,,,,,,,,,,,,,,,,,,,,,,,,,,,,,,,,,,,,,,,,,,,,,1881.0,Fatehpur,Nurpur,,,,,,,,,,,,,,,,,,,,,,,,,,,,,,,,,,,,,,,,,,,,,,,,,,,,,,,,,,,,CHAMBA,CHAMBA
5016.0,36.0,,Active,,,,,,,31-08-2020,,,,,,,,,,,,,,,,,,,,,,,,,,,,,,,,,,,,,,,,,,,,,,,,,,1882.0,Fatehpur,Nurpur,,,,,,,,,,,,,,,,,,,,,,,,,,,,,,,,,,,,,,,,,,,,,,,,,,,,,,,,,,,,CHAMBA,CHAMBA
5059.0,36.0,,Active,,,,,,,01-09-2020,,,,,,,,,,,,,,,,,,,,,,,,,,,,,,,,,,,,,,,,,,,,,,,,,,1927.0,Nurpur,Nurpur,,,,,,,,,,,,,,,,,,,,,,,,,,,,,,,,,,,,,,,,,,,,,,,,,,,,,,,,,,,,KANGRA,NURPUR
5059.0,36.0,,Active,,,,,,,01-09-2020,,,,,,,,,,,,,,,,,,,,,,,,,,,,,,,,,,,,,,,,,,,,,,,,,,1945.0,Nurpur,Nurpur,,,,,,,,,,,,,,,,,,,,,,,,,,,,,,,,,,,,,,,,,,,,,,,,,,,,,,,,,,,,KANGRA,NURPUR
5059.0,36.0,,Active,,,,,,,01-09-2020,,,,,,,,,,,,,,,,,,,,,,,,,,,,,,,,,,,,,,,,,,,,,,,,,,1946.0,Nurpur,Nurpur,,,,,,,,,,,,,,,,,,,,,,,,,,,,,,,,,,,,,,,,,,,,,,,,,,,,,,,,,,,,KANGRA,NURPUR
5059.0,36.0,,Active,,,,,,,01-09-2020,,,,,,,,,,,,,,,,,,,,,,,,,,,,,,,,,,,,,,,,,,,,,,,,,,1947.0,Nurpur,Nurpur,,,,,,,,,,,,,,,,,,,,,,,,,,,,,,,,,,,,,,,,,,,,,,,,,,,,,,,,,,,,KANGRA,NURPUR
5131.0,36.0,,Active,,,,,,,31-08-2020,,,,,,,,,,,,,,,,,,,,,,,,,,,,,,,,,,,,,,,,,,,,,,,,,,1980.0,EE Dharampur,Hamirpur,,,,,,,,,,,,,,,,,,,,,,,,,,,,,,,,,,,,,,,,,,,,,,,,,,,,,,,,,,,,UNA,HAROLI
5134.0,36.0,,Active,,,,,,,01-09-2020,,,,,,,,,,,,,,,,,,,,,,,,,,,,,,,,,,,,,,,,,,,,,,,,,,1986.0,Sarkaghat,Hamirpur,,,,,,,,,,,,,,,,,,,,,,,,,,,,,,,,,,,,,,,,,,,,,,,,,,,,,,,,,,,,MANDI,SARKAGHAT
5139.0,36.0,,Active,,,,,,,02-09-2020,,,,,,,,,,,,,,,,,,,,,,,,,,,,,,,,,,,,,,,,,,,,,,,,,,1993.0,EE Dharampur,Hamirpur,,,,,,,,,,,,,,,,,,,,,,,,,,,,,,,,,,,,,,,,,,,,,,,,,,,,,,,,,,,,UNA,HAROLI
5233.0,36.0,,Active,,,,,,,03-09-2020,,,,,,,,,,,,,,,,,,,,,,,,,,,,,,,,,,,,,,,,,,,,,,,,,,2014.0,EE Dharampur,Hamirpur,,,,,,,,,,,,,,,,,,,,,,,,,,,,,,,,,,,,,,,,,,,,,,,,,,,,,,,,,,,,UNA,HAROLI
5238.0,36.0,,Active,,,,,,,05-09-2020,,,,,,,,,,,,,,,,,,,,,,,,,,,,,,,,,,,,,,,,,,,,,,,,,,2024.0,Fatehpur,Nurpur,,,,,,,,,,,,,,,,,,,,,,,,,,,,,,,,,,,,,,,,,,,,,,,,,,,,,,,,,,,,CHAMBA,CHAMBA
5238.0,36.0,,Active,,,,,,,05-09-2020,,,,,,,,,,,,,,,,,,,,,,,,,,,,,,,,,,,,,,,,,,,,,,,,,,2025.0,Fatehpur,Nurpur,,,,,,,,,,,,,,,,,,,,,,,,,,,,,,,,,,,,,,,,,,,,,,,,,,,,,,,,,,,,CHAMBA,CHAMBA
5238.0,36.0,,Active,,,,,,,05-09-2020,,,,,,,,,,,,,,,,,,,,,,,,,,,,,,,,,,,,,,,,,,,,,,,,,,2026.0,Fatehpur,Nurpur,,,,,,,,,,,,,,,,,,,,,,,,,,,,,,,,,,,,,,,,,,,,,,,,,,,,,,,,,,,,CHAMBA,CHAMBA
5238.0,36.0,,Active,,,,,,,05-09-2020,,,,,,,,,,,,,,,,,,,,,,,,,,,,,,,,,,,,,,,,,,,,,,,,,,2027.0,Fatehpur,Nurpur,,,,,,,,,,,,,,,,,,,,,,,,,,,,,,,,,,,,,,,,,,,,,,,,,,,,,,,,,,,,CHAMBA,CHAMBA
5238.0,36.0,,Active,,,,,,,05-09-2020,,,,,,,,,,,,,,,,,,,,,,,,,,,,,,,,,,,,,,,,,,,,,,,,,,2029.0,Fatehpur,Nurpur,,,,,,,,,,,,,,,,,,,,,,,,,,,,,,,,,,,,,,,,,,,,,,,,,,,,,,,,,,,,CHAMBA,CHAMBA
5238.0,36.0,,Active,,,,,,,05-09-2020,,,,,,,,,,,,,,,,,,,,,,,,,,,,,,,,,,,,,,,,,,,,,,,,,,2031.0,Fatehpur,Nurpur,,,,,,,,,,,,,,,,,,,,,,,,,,,,,,,,,,,,,,,,,,,,,,,,,,,,,,,,,,,,CHAMBA,CHAMBA
5238.0,36.0,,Active,,,,,,,05-09-2020,,,,,,,,,,,,,,,,,,,,,,,,,,,,,,,,,,,,,,,,,,,,,,,,,,2033.0,Fatehpur,Nurpur,,,,,,,,,,,,,,,,,,,,,,,,,,,,,,,,,,,,,,,,,,,,,,,,,,,,,,,,,,,,CHAMBA,CHAMBA
5238.0,36.0,,Active,,,,,,,05-09-2020,,,,,,,,,,,,,,,,,,,,,,,,,,,,,,,,,,,,,,,,,,,,,,,,,,2035.0,Fatehpur,Nurpur,,,,,,,,,,,,,,,,,,,,,,,,,,,,,,,,,,,,,,,,,,,,,,,,,,,,,,,,,,,,CHAMBA,CHAMBA
5238.0,36.0,,Active,,,,,,,05-09-2020,,,,,,,,,,,,,,,,,,,,,,,,,,,,,,,,,,,,,,,,,,,,,,,,,,2036.0,Fatehpur,Nurpur,,,,,,,,,,,,,,,,,,,,,,,,,,,,,,,,,,,,,,,,,,,,,,,,,,,,,,,,,,,,CHAMBA,CHAMBA
5238.0,36.0,,Active,,,,,,,05-09-2020,,,,,,,,,,,,,,,,,,,,,,,,,,,,,,,,,,,,,,,,,,,,,,,,,,2037.0,Fatehpur,Nurpur,,,,,,,,,,,,,,,,,,,,,,,,,,,,,,,,,,,,,,,,,,,,,,,,,,,,,,,,,,,,CHAMBA,CHAMBA
5238.0,36.0,,Active,,,,,,,05-09-2020,,,,,,,,,,,,,,,,,,,,,,,,,,,,,,,,,,,,,,,,,,,,,,,,,,2039.0,Indora,Nurpur,,,,,,,,,,,,,,,,,,,,,,,,,,,,,,,,,,,,,,,,,,,,,,,,,,,,,,,,,,,,KANGRA,INDORA
5238.0,36.0,,Active,,,,,,,05-09-2020,,,,,,,,,,,,,,,,,,,,,,,,,,,,,,,,,,,,,,,,,,,,,,,,,,2043.0,Jawali,Nurpur,,,,,,,,,,,,,,,,,,,,,,,,,,,,,,,,,,,,,,,,,,,,,,,,,,,,,,,,,,,,MANDI,BALDWARA
5253.0,36.0,,Active,,,,,,,03-09-2020,,,,,,,,,,,,,,,,,,,,,,,,,,,,,,,,,,,,,,,,,,,,,,,,,,2053.0,Ghumarwin,Bilaspur,,,,,,,,,,,,,,,,,,,,,,,,,,,,,,,,,,,,,,,,,,,,,,,,,,,,,,,,,,,,BILASPUR,GHUMARWIN
5356.0,36.0,,Active,,,,,,,16-09-2020,,,,,,,,,,,,,,,,,,,,,,,,,,,,,,,,,,,,,,,,,,,,,,,,,,2085.0,Pooh,Reckong Peo ,,,,,,,,,,,,,,,,,,,,,,,,,,,,,,,,,,,,,,,,,,,,,,,,,,,,,,,,,,,,KINNAUR,
5356.0,36.0,,Active,,,,,,,16-09-2020,,,,,,,,,,,,,,,,,,,,,,,,,,,,,,,,,,,,,,,,,,,,,,,,,,2087.0,Pooh,Reckong Peo ,,,,,,,,,,,,,,,,,,,,,,,,,,,,,,,,,,,,,,,,,,,,,,,,,,,,,,,,,,,,KINNAUR,
5356.0,36.0,,Active,,,,,,,16-09-2020,,,,,,,,,,,,,,,,,,,,,,,,,,,,,,,,,,,,,,,,,,,,,,,,,,2093.0,Pooh,Reckong Peo ,,,,,,,,,,,,,,,,,,,,,,,,,,,,,,,,,,,,,,,,,,,,,,,,,,,,,,,,,,,,KINNAUR,
5748.0,1.0,,Active,,,,,,,03-09-2020,,,,,,,,,,,,,,,,,,,,,,,,,,,,,,,,,,,,,,,,,,,,,,,,,,2094.0,Keylong,Kullu,,,,,,,,,,,,,,,,,,,,,,,,,,,,,,,,,,,,,,,,,,,,,,,,,,,,,,,,,,,,,
4177.0,1.0,,Active,,,,,,,01-08-2020,,,,,,,,,,,,,,,,,,,,,,,,,,,,,,,,,,,,,,,,,,,,,,,,,,2107.0,Rohru ,Rohroo,,,,,,,,,,,,,,,,,,,,,,,,,,,,,,,,,,,,,,,,,,,,,,,,,,,,,,,,,,,,SHIMLA,ROHRU
4177.0,1.0,,Active,,,,,,,01-08-2020,,,,,,,,,,,,,,,,,,,,,,,,,,,,,,,,,,,,,,,,,,,,,,,,,,2108.0,Jubbal,Rohroo,,,,,,,,,,,,,,,,,,,,,,,,,,,,,,,,,,,,,,,,,,,,,,,,,,,,,,,,,,,,SHIMLA,JUBBAL
7754.0,36.0,,Active,,,,,,,28-01-2021,,,,,,,,,,,,,,,,,,,,,,,,,,,,,,,,,,,,,,,,,,,,,,,,,,2127.0,Jawali,Nurpur,,,,,,,,,,,,,,,,,,,,,,,,,,,,,,,,,,,,,,,,,,,,,,,,,,,,,,,,,,,,MANDI,BALDWARA
8488.0,36.0,,Active,,,,,,,02-06-2021,,,,,,,,,,,,,,,,,,,,,,,,,,,,,,,,,,,,,,,,,,,,,,,,,,2161.0,Arki,Solan,,,,,,,,,,,,,,,,,,,,,,,,,,,,,,,,,,,,,,,,,,,,,,,,,,,,,,,,,,,,SOLAN,ARKI
8488.0,36.0,,Active,,,,,,,02-06-2021,,,,,,,,,,,,,,,,,,,,,,,,,,,,,,,,,,,,,,,,,,,,,,,,,,2163.0,Arki,Solan,,,,,,,,,,,,,,,,,,,,,,,,,,,,,,,,,,,,,,,,,,,,,,,,,,,,,,,,,,,,SOLAN,ARKI
8656.0,36.0,,Active,,,,,,,16-06-2021,,,,,,,,,,,,,,,,,,,,,,,,,,,,,,,,,,,,,,,,,,,,,,,,,,2168.0,Bilaspur,Bilaspur,,,,,,,,,,,,,,,,,,,,,,,,,,,,,,,,,,,,,,,,,,,,,,,,,,,,,,,,,,,,KANGRA,DERA GOPIPUR
8852.0,36.0,,Active,,,,,,,11-07-2021,,,,,,,,,,,,,,,,,,,,,,,,,,,,,,,,,,,,,,,,,,,,,,,,,,2176.0,Bilaspur,Bilaspur,,,,,,,,,,,,,,,,,,,,,,,,,,,,,,,,,,,,,,,,,,,,,,,,,,,,,,,,,,,,KANGRA,DERA GOPIPUR
8852.0,36.0,,Active,,,,,,,11-07-2021,,,,,,,,,,,,,,,,,,,,,,,,,,,,,,,,,,,,,,,,,,,,,,,,,,2177.0,Ghumarwin,Bilaspur,,,,,,,,,,,,,,,,,,,,,,,,,,,,,,,,,,,,,,,,,,,,,,,,,,,,,,,,,,,,BILASPUR,GHUMARWIN
8852.0,36.0,,Active,,,,,,,11-07-2021,,,,,,,,,,,,,,,,,,,,,,,,,,,,,,,,,,,,,,,,,,,,,,,,,,2178.0,Jhanduta,Bilaspur,,,,,,,,,,,,,,,,,,,,,,,,,,,,,,,,,,,,,,,,,,,,,,,,,,,,,,,,,,,,SHIMLA,NERWA
8862.0,36.0,,Active,,,,,,,12-07-2021,,,,,,,,,,,,,,,,,,,,,,,,,,,,,,,,,,,,,,,,,,,,,,,,,,2179.0,Chamba,Chamba,,,,,,,,,,,,,,,,,,,,,,,,,,,,,,,,,,,,,,,,,,,,,,,,,,,,,,,,,,,,CHAMBA,CHAMBA
8862.0,36.0,,Active,,,,,,,12-07-2021,,,,,,,,,,,,,,,,,,,,,,,,,,,,,,,,,,,,,,,,,,,,,,,,,,2186.0,Chamba,Chamba,,,,,,,,,,,,,,,,,,,,,,,,,,,,,,,,,,,,,,,,,,,,,,,,,,,,,,,,,,,,CHAMBA,CHAMBA
8862.0,36.0,,Active,,,,,,,12-07-2021,,,,,,,,,,,,,,,,,,,,,,,,,,,,,,,,,,,,,,,,,,,,,,,,,,2187.0,Chamba,Chamba,,,,,,,,,,,,,,,,,,,,,,,,,,,,,,,,,,,,,,,,,,,,,,,,,,,,,,,,,,,,CHAMBA,CHAMBA
8862.0,36.0,,Active,,,,,,,12-07-2021,,,,,,,,,,,,,,,,,,,,,,,,,,,,,,,,,,,,,,,,,,,,,,,,,,2188.0,Chamba,Chamba,,,,,,,,,,,,,,,,,,,,,,,,,,,,,,,,,,,,,,,,,,,,,,,,,,,,,,,,,,,,CHAMBA,CHAMBA
8862.0,36.0,,Active,,,,,,,12-07-2021,,,,,,,,,,,,,,,,,,,,,,,,,,,,,,,,,,,,,,,,,,,,,,,,,,2189.0,Dalhousie,Chamba,,,,,,,,,,,,,,,,,,,,,,,,,,,,,,,,,,,,,,,,,,,,,,,,,,,,,,,,,,,,CHAMBA,DALHOUSIE
8862.0,36.0,,Active,,,,,,,12-07-2021,,,,,,,,,,,,,,,,,,,,,,,,,,,,,,,,,,,,,,,,,,,,,,,,,,2190.0,Dalhousie,Chamba,,,,,,,,,,,,,,,,,,,,,,,,,,,,,,,,,,,,,,,,,,,,,,,,,,,,,,,,,,,,CHAMBA,DALHOUSIE
8862.0,36.0,,Active,,,,,,,12-07-2021,,,,,,,,,,,,,,,,,,,,,,,,,,,,,,,,,,,,,,,,,,,,,,,,,,2191.0,Salooni,Chamba,,,,,,,,,,,,,,,,,,,,,,,,,,,,,,,,,,,,,,,,,,,,,,,,,,,,,,,,,,,,MANDI,SANDHOL
8862.0,36.0,,Active,,,,,,,12-07-2021,,,,,,,,,,,,,,,,,,,,,,,,,,,,,,,,,,,,,,,,,,,,,,,,,,2192.0,Tissa at Bhanjraru,Chamba,,,,,,,,,,,,,,,,,,,,,,,,,,,,,,,,,,,,,,,,,,,,,,,,,,,,,,,,,,,,,
8862.0,36.0,,Active,,,,,,,12-07-2021,,,,,,,,,,,,,,,,,,,,,,,,,,,,,,,,,,,,,,,,,,,,,,,,,,2193.0,Bharmour,Chamba,,,,,,,,,,,,,,,,,,,,,,,,,,,,,,,,,,,,,,,,,,,,,,,,,,,,,,,,,,,,CHAMBA,BHARMOUR
8862.0,36.0,,Active,,,,,,,12-07-2021,,,,,,,,,,,,,,,,,,,,,,,,,,,,,,,,,,,,,,,,,,,,,,,,,,2194.0,Bharmour,Chamba,,,,,,,,,,,,,,,,,,,,,,,,,,,,,,,,,,,,,,,,,,,,,,,,,,,,,,,,,,,,CHAMBA,BHARMOUR
8862.0,36.0,,Active,,,,,,,12-07-2021,,,,,,,,,,,,,,,,,,,,,,,,,,,,,,,,,,,,,,,,,,,,,,,,,,2195.0,Bharmour,Chamba,,,,,,,,,,,,,,,,,,,,,,,,,,,,,,,,,,,,,,,,,,,,,,,,,,,,,,,,,,,,CHAMBA,BHARMOUR
8862.0,36.0,,Active,,,,,,,12-07-2021,,,,,,,,,,,,,,,,,,,,,,,,,,,,,,,,,,,,,,,,,,,,,,,,,,2196.0,Bharmour,Chamba,,,,,,,,,,,,,,,,,,,,,,,,,,,,,,,,,,,,,,,,,,,,,,,,,,,,,,,,,,,,CHAMBA,BHARMOUR
8867.0,36.0,,Active,,,,,,,13-07-2021,,,,,,,,,,,,,,,,,,,,,,,,,,,,,,,,,,,,,,,,,,,,,,,,,,2199.0,Salooni,Chamba,,,,,,,,,,,,,,,,,,,,,,,,,,,,,,,,,,,,,,,,,,,,,,,,,,,,,,,,,,,,MANDI,SANDHOL
8870.0,36.0,,Active,,,,,,,09-07-2021,,,,,,,,,,,,,,,,,,,,,,,,,,,,,,,,,,,,,,,,,,,,,,,,,,2202.0,Nurpur,Nurpur,,,,,,,,,,,,,,,,,,,,,,,,,,,,,,,,,,,,,,,,,,,,,,,,,,,,,,,,,,,,KANGRA,NURPUR
8870.0,36.0,,Active,,,,,,,09-07-2021,,,,,,,,,,,,,,,,,,,,,,,,,,,,,,,,,,,,,,,,,,,,,,,,,,2203.0,Nurpur,Nurpur,,,,,,,,,,,,,,,,,,,,,,,,,,,,,,,,,,,,,,,,,,,,,,,,,,,,,,,,,,,,KANGRA,NURPUR
8870.0,36.0,,Active,,,,,,,09-07-2021,,,,,,,,,,,,,,,,,,,,,,,,,,,,,,,,,,,,,,,,,,,,,,,,,,2205.0,Nurpur,Nurpur,,,,,,,,,,,,,,,,,,,,,,,,,,,,,,,,,,,,,,,,,,,,,,,,,,,,,,,,,,,,KANGRA,NURPUR
8871.0,36.0,,Active,,,,,,,12-07-2021,,,,,,,,,,,,,,,,,,,,,,,,,,,,,,,,,,,,,,,,,,,,,,,,,,2206.0,Bilaspur,Bilaspur,,,,,,,,,,,,,,,,,,,,,,,,,,,,,,,,,,,,,,,,,,,,,,,,,,,,,,,,,,,,KANGRA,DERA GOPIPUR
8868.0,36.0,,Active,,,,,,,12-07-2021,,,,,,,,,,,,,,,,,,,,,,,,,,,,,,,,,,,,,,,,,,,,,,,,,,2207.0,Nurpur,Nurpur,,,,,,,,,,,,,,,,,,,,,,,,,,,,,,,,,,,,,,,,,,,,,,,,,,,,,,,,,,,,KANGRA,NURPUR
8871.0,36.0,,Active,,,,,,,12-07-2021,,,,,,,,,,,,,,,,,,,,,,,,,,,,,,,,,,,,,,,,,,,,,,,,,,2208.0,Jhanduta,Bilaspur,,,,,,,,,,,,,,,,,,,,,,,,,,,,,,,,,,,,,,,,,,,,,,,,,,,,,,,,,,,,SHIMLA,NERWA
8868.0,36.0,,Active,,,,,,,12-07-2021,,,,,,,,,,,,,,,,,,,,,,,,,,,,,,,,,,,,,,,,,,,,,,,,,,2215.0,Nurpur,Nurpur,,,,,,,,,,,,,,,,,,,,,,,,,,,,,,,,,,,,,,,,,,,,,,,,,,,,,,,,,,,,KANGRA,NURPUR
8868.0,36.0,,Active,,,,,,,12-07-2021,,,,,,,,,,,,,,,,,,,,,,,,,,,,,,,,,,,,,,,,,,,,,,,,,,2216.0,Nurpur,Nurpur,,,,,,,,,,,,,,,,,,,,,,,,,,,,,,,,,,,,,,,,,,,,,,,,,,,,,,,,,,,,KANGRA,NURPUR
8868.0,36.0,,Active,,,,,,,12-07-2021,,,,,,,,,,,,,,,,,,,,,,,,,,,,,,,,,,,,,,,,,,,,,,,,,,2217.0,Nurpur,Nurpur,,,,,,,,,,,,,,,,,,,,,,,,,,,,,,,,,,,,,,,,,,,,,,,,,,,,,,,,,,,,KANGRA,NURPUR
8868.0,36.0,,Active,,,,,,,12-07-2021,,,,,,,,,,,,,,,,,,,,,,,,,,,,,,,,,,,,,,,,,,,,,,,,,,2218.0,Nurpur,Nurpur,,,,,,,,,,,,,,,,,,,,,,,,,,,,,,,,,,,,,,,,,,,,,,,,,,,,,,,,,,,,KANGRA,NURPUR
8868.0,36.0,,Active,,,,,,,12-07-2021,,,,,,,,,,,,,,,,,,,,,,,,,,,,,,,,,,,,,,,,,,,,,,,,,,2219.0,Nurpur,Nurpur,,,,,,,,,,,,,,,,,,,,,,,,,,,,,,,,,,,,,,,,,,,,,,,,,,,,,,,,,,,,KANGRA,NURPUR
8868.0,36.0,,Active,,,,,,,12-07-2021,,,,,,,,,,,,,,,,,,,,,,,,,,,,,,,,,,,,,,,,,,,,,,,,,,2221.0,Jawali,Nurpur,,,,,,,,,,,,,,,,,,,,,,,,,,,,,,,,,,,,,,,,,,,,,,,,,,,,,,,,,,,,MANDI,BALDWARA
8868.0,36.0,,Active,,,,,,,12-07-2021,,,,,,,,,,,,,,,,,,,,,,,,,,,,,,,,,,,,,,,,,,,,,,,,,,2222.0,Jawali,Nurpur,,,,,,,,,,,,,,,,,,,,,,,,,,,,,,,,,,,,,,,,,,,,,,,,,,,,,,,,,,,,MANDI,BALDWARA
8868.0,36.0,,Active,,,,,,,12-07-2021,,,,,,,,,,,,,,,,,,,,,,,,,,,,,,,,,,,,,,,,,,,,,,,,,,2223.0,Jawali,Nurpur,,,,,,,,,,,,,,,,,,,,,,,,,,,,,,,,,,,,,,,,,,,,,,,,,,,,,,,,,,,,MANDI,BALDWARA
8868.0,36.0,,Active,,,,,,,12-07-2021,,,,,,,,,,,,,,,,,,,,,,,,,,,,,,,,,,,,,,,,,,,,,,,,,,2225.0,Jawali,Nurpur,,,,,,,,,,,,,,,,,,,,,,,,,,,,,,,,,,,,,,,,,,,,,,,,,,,,,,,,,,,,MANDI,BALDWARA
8868.0,36.0,,Active,,,,,,,12-07-2021,,,,,,,,,,,,,,,,,,,,,,,,,,,,,,,,,,,,,,,,,,,,,,,,,,2226.0,Jawali,Nurpur,,,,,,,,,,,,,,,,,,,,,,,,,,,,,,,,,,,,,,,,,,,,,,,,,,,,,,,,,,,,MANDI,BALDWARA
8868.0,36.0,,Active,,,,,,,12-07-2021,,,,,,,,,,,,,,,,,,,,,,,,,,,,,,,,,,,,,,,,,,,,,,,,,,2227.0,Jawali,Nurpur,,,,,,,,,,,,,,,,,,,,,,,,,,,,,,,,,,,,,,,,,,,,,,,,,,,,,,,,,,,,MANDI,BALDWARA
8868.0,36.0,,Active,,,,,,,12-07-2021,,,,,,,,,,,,,,,,,,,,,,,,,,,,,,,,,,,,,,,,,,,,,,,,,,2229.0,Jawali,Nurpur,,,,,,,,,,,,,,,,,,,,,,,,,,,,,,,,,,,,,,,,,,,,,,,,,,,,,,,,,,,,MANDI,BALDWARA
8868.0,36.0,,Active,,,,,,,12-07-2021,,,,,,,,,,,,,,,,,,,,,,,,,,,,,,,,,,,,,,,,,,,,,,,,,,2231.0,Jawali,Nurpur,,,,,,,,,,,,,,,,,,,,,,,,,,,,,,,,,,,,,,,,,,,,,,,,,,,,,,,,,,,,MANDI,BALDWARA
8873.0,1041.0,,Active,,,,,,,12-07-2021,,,,,,,,,,,,,,,,,,,,,,,,,,,,,,,,,,,,,,,,,,,,,,,,,,2234.0,Shahpur,Dharmshala,,,,,,,,,,,,,,,,,,,,,,,,,,,,,,,,,,,,,,,,,,,,,,,,,,,,,,,,,,,,KANGRA,SHAHPUR
8868.0,36.0,,Active,,,,,,,12-07-2021,,,,,,,,,,,,,,,,,,,,,,,,,,,,,,,,,,,,,,,,,,,,,,,,,,2235.0,Jawali,Nurpur,,,,,,,,,,,,,,,,,,,,,,,,,,,,,,,,,,,,,,,,,,,,,,,,,,,,,,,,,,,,MANDI,BALDWARA
8873.0,1041.0,,Active,,,,,,,12-07-2021,,,,,,,,,,,,,,,,,,,,,,,,,,,,,,,,,,,,,,,,,,,,,,,,,,2237.0,Shahpur,Dharmshala,,,,,,,,,,,,,,,,,,,,,,,,,,,,,,,,,,,,,,,,,,,,,,,,,,,,,,,,,,,,KANGRA,SHAHPUR
8868.0,36.0,,Active,,,,,,,12-07-2021,,,,,,,,,,,,,,,,,,,,,,,,,,,,,,,,,,,,,,,,,,,,,,,,,,2239.0,Jawali,Nurpur,,,,,,,,,,,,,,,,,,,,,,,,,,,,,,,,,,,,,,,,,,,,,,,,,,,,,,,,,,,,MANDI,BALDWARA
8873.0,1041.0,,Active,,,,,,,12-07-2021,,,,,,,,,,,,,,,,,,,,,,,,,,,,,,,,,,,,,,,,,,,,,,,,,,2240.0,Shahpur,Dharmshala,,,,,,,,,,,,,,,,,,,,,,,,,,,,,,,,,,,,,,,,,,,,,,,,,,,,,,,,,,,,KANGRA,SHAHPUR
8873.0,1041.0,,Active,,,,,,,12-07-2021,,,,,,,,,,,,,,,,,,,,,,,,,,,,,,,,,,,,,,,,,,,,,,,,,,2242.0,Dharamshala,Dharmshala,,,,,,,,,,,,,,,,,,,,,,,,,,,,,,,,,,,,,,,,,,,,,,,,,,,,,,,,,,,,KANGRA,SHAHPUR
8868.0,36.0,,Active,,,,,,,12-07-2021,,,,,,,,,,,,,,,,,,,,,,,,,,,,,,,,,,,,,,,,,,,,,,,,,,2243.0,Jawali,Nurpur,,,,,,,,,,,,,,,,,,,,,,,,,,,,,,,,,,,,,,,,,,,,,,,,,,,,,,,,,,,,MANDI,BALDWARA
8873.0,1041.0,,Active,,,,,,,12-07-2021,,,,,,,,,,,,,,,,,,,,,,,,,,,,,,,,,,,,,,,,,,,,,,,,,,2246.0,Shahpur,Dharmshala,,,,,,,,,,,,,,,,,,,,,,,,,,,,,,,,,,,,,,,,,,,,,,,,,,,,,,,,,,,,KANGRA,SHAHPUR
8868.0,36.0,,Active,,,,,,,12-07-2021,,,,,,,,,,,,,,,,,,,,,,,,,,,,,,,,,,,,,,,,,,,,,,,,,,2247.0,Jawali,Nurpur,,,,,,,,,,,,,,,,,,,,,,,,,,,,,,,,,,,,,,,,,,,,,,,,,,,,,,,,,,,,MANDI,BALDWARA
8873.0,1041.0,,Active,,,,,,,12-07-2021,,,,,,,,,,,,,,,,,,,,,,,,,,,,,,,,,,,,,,,,,,,,,,,,,,2248.0,EE Nagrota,Dharmshala,,,,,,,,,,,,,,,,,,,,,,,,,,,,,,,,,,,,,,,,,,,,,,,,,,,,,,,,,,,,KANGRA,NURPUR
8873.0,1041.0,,Active,,,,,,,12-07-2021,,,,,,,,,,,,,,,,,,,,,,,,,,,,,,,,,,,,,,,,,,,,,,,,,,2249.0,Shahpur,Dharmshala,,,,,,,,,,,,,,,,,,,,,,,,,,,,,,,,,,,,,,,,,,,,,,,,,,,,,,,,,,,,KANGRA,SHAHPUR
8873.0,1041.0,,Active,,,,,,,12-07-2021,,,,,,,,,,,,,,,,,,,,,,,,,,,,,,,,,,,,,,,,,,,,,,,,,,2252.0,Shahpur,Dharmshala,,,,,,,,,,,,,,,,,,,,,,,,,,,,,,,,,,,,,,,,,,,,,,,,,,,,,,,,,,,,KANGRA,SHAHPUR
8868.0,36.0,,Active,,,,,,,12-07-2021,,,,,,,,,,,,,,,,,,,,,,,,,,,,,,,,,,,,,,,,,,,,,,,,,,2253.0,Jawali,Nurpur,,,,,,,,,,,,,,,,,,,,,,,,,,,,,,,,,,,,,,,,,,,,,,,,,,,,,,,,,,,,MANDI,BALDWARA
8873.0,1041.0,,Active,,,,,,,12-07-2021,,,,,,,,,,,,,,,,,,,,,,,,,,,,,,,,,,,,,,,,,,,,,,,,,,2254.0,Shahpur,Dharmshala,,,,,,,,,,,,,,,,,,,,,,,,,,,,,,,,,,,,,,,,,,,,,,,,,,,,,,,,,,,,KANGRA,SHAHPUR
8868.0,36.0,,Active,,,,,,,12-07-2021,,,,,,,,,,,,,,,,,,,,,,,,,,,,,,,,,,,,,,,,,,,,,,,,,,2255.0,Jawali,Nurpur,,,,,,,,,,,,,,,,,,,,,,,,,,,,,,,,,,,,,,,,,,,,,,,,,,,,,,,,,,,,MANDI,BALDWARA
8868.0,36.0,,Active,,,,,,,12-07-2021,,,,,,,,,,,,,,,,,,,,,,,,,,,,,,,,,,,,,,,,,,,,,,,,,,2256.0,Jawali,Nurpur,,,,,,,,,,,,,,,,,,,,,,,,,,,,,,,,,,,,,,,,,,,,,,,,,,,,,,,,,,,,MANDI,BALDWARA
8868.0,36.0,,Active,,,,,,,12-07-2021,,,,,,,,,,,,,,,,,,,,,,,,,,,,,,,,,,,,,,,,,,,,,,,,,,2257.0,Jawali,Nurpur,,,,,,,,,,,,,,,,,,,,,,,,,,,,,,,,,,,,,,,,,,,,,,,,,,,,,,,,,,,,MANDI,BALDWARA
8873.0,1041.0,,Active,,,,,,,12-07-2021,,,,,,,,,,,,,,,,,,,,,,,,,,,,,,,,,,,,,,,,,,,,,,,,,,2258.0,Shahpur,Dharmshala,,,,,,,,,,,,,,,,,,,,,,,,,,,,,,,,,,,,,,,,,,,,,,,,,,,,,,,,,,,,KANGRA,SHAHPUR
8868.0,36.0,,Active,,,,,,,12-07-2021,,,,,,,,,,,,,,,,,,,,,,,,,,,,,,,,,,,,,,,,,,,,,,,,,,2259.0,Jawali,Nurpur,,,,,,,,,,,,,,,,,,,,,,,,,,,,,,,,,,,,,,,,,,,,,,,,,,,,,,,,,,,,MANDI,BALDWARA
8868.0,36.0,,Active,,,,,,,12-07-2021,,,,,,,,,,,,,,,,,,,,,,,,,,,,,,,,,,,,,,,,,,,,,,,,,,2261.0,Jawali,Nurpur,,,,,,,,,,,,,,,,,,,,,,,,,,,,,,,,,,,,,,,,,,,,,,,,,,,,,,,,,,,,MANDI,BALDWARA
8873.0,1041.0,,Active,,,,,,,12-07-2021,,,,,,,,,,,,,,,,,,,,,,,,,,,,,,,,,,,,,,,,,,,,,,,,,,2262.0,Shahpur,Dharmshala,,,,,,,,,,,,,,,,,,,,,,,,,,,,,,,,,,,,,,,,,,,,,,,,,,,,,,,,,,,,KANGRA,SHAHPUR
8868.0,36.0,,Active,,,,,,,12-07-2021,,,,,,,,,,,,,,,,,,,,,,,,,,,,,,,,,,,,,,,,,,,,,,,,,,2263.0,Jawali,Nurpur,,,,,,,,,,,,,,,,,,,,,,,,,,,,,,,,,,,,,,,,,,,,,,,,,,,,,,,,,,,,MANDI,BALDWARA
8868.0,36.0,,Active,,,,,,,12-07-2021,,,,,,,,,,,,,,,,,,,,,,,,,,,,,,,,,,,,,,,,,,,,,,,,,,2266.0,Jawali,Nurpur,,,,,,,,,,,,,,,,,,,,,,,,,,,,,,,,,,,,,,,,,,,,,,,,,,,,,,,,,,,,MANDI,BALDWARA
8868.0,36.0,,Active,,,,,,,12-07-2021,,,,,,,,,,,,,,,,,,,,,,,,,,,,,,,,,,,,,,,,,,,,,,,,,,2270.0,Phina Singh Project,Nurpur,,,,,,,,,,,,,,,,,,,,,,,,,,,,,,,,,,,,,,,,,,,,,,,,,,,,,,,,,,,,,
8868.0,36.0,,Active,,,,,,,12-07-2021,,,,,,,,,,,,,,,,,,,,,,,,,,,,,,,,,,,,,,,,,,,,,,,,,,2271.0,Phina Singh Project,Nurpur,,,,,,,,,,,,,,,,,,,,,,,,,,,,,,,,,,,,,,,,,,,,,,,,,,,,,,,,,,,,,
8868.0,36.0,,Active,,,,,,,12-07-2021,,,,,,,,,,,,,,,,,,,,,,,,,,,,,,,,,,,,,,,,,,,,,,,,,,2272.0,Phina Singh Project,Nurpur,,,,,,,,,,,,,,,,,,,,,,,,,,,,,,,,,,,,,,,,,,,,,,,,,,,,,,,,,,,,,
8868.0,36.0,,Active,,,,,,,12-07-2021,,,,,,,,,,,,,,,,,,,,,,,,,,,,,,,,,,,,,,,,,,,,,,,,,,2273.0,Phina Singh Project,Nurpur,,,,,,,,,,,,,,,,,,,,,,,,,,,,,,,,,,,,,,,,,,,,,,,,,,,,,,,,,,,,,
8868.0,36.0,,Active,,,,,,,12-07-2021,,,,,,,,,,,,,,,,,,,,,,,,,,,,,,,,,,,,,,,,,,,,,,,,,,2276.0,Phina Singh Project,Nurpur,,,,,,,,,,,,,,,,,,,,,,,,,,,,,,,,,,,,,,,,,,,,,,,,,,,,,,,,,,,,,
8868.0,36.0,,Active,,,,,,,12-07-2021,,,,,,,,,,,,,,,,,,,,,,,,,,,,,,,,,,,,,,,,,,,,,,,,,,2277.0,Phina Singh Project,Nurpur,,,,,,,,,,,,,,,,,,,,,,,,,,,,,,,,,,,,,,,,,,,,,,,,,,,,,,,,,,,,,
8868.0,36.0,,Active,,,,,,,12-07-2021,,,,,,,,,,,,,,,,,,,,,,,,,,,,,,,,,,,,,,,,,,,,,,,,,,2371.0,Fatehpur,Nurpur,,,,,,,,,,,,,,,,,,,,,,,,,,,,,,,,,,,,,,,,,,,,,,,,,,,,,,,,,,,,CHAMBA,CHAMBA
8868.0,36.0,,Active,,,,,,,12-07-2021,,,,,,,,,,,,,,,,,,,,,,,,,,,,,,,,,,,,,,,,,,,,,,,,,,2379.0,Fatehpur,Nurpur,,,,,,,,,,,,,,,,,,,,,,,,,,,,,,,,,,,,,,,,,,,,,,,,,,,,,,,,,,,,CHAMBA,CHAMBA
8868.0,36.0,,Active,,,,,,,12-07-2021,,,,,,,,,,,,,,,,,,,,,,,,,,,,,,,,,,,,,,,,,,,,,,,,,,2385.0,Fatehpur,Nurpur,,,,,,,,,,,,,,,,,,,,,,,,,,,,,,,,,,,,,,,,,,,,,,,,,,,,,,,,,,,,CHAMBA,CHAMBA
8868.0,36.0,,Active,,,,,,,12-07-2021,,,,,,,,,,,,,,,,,,,,,,,,,,,,,,,,,,,,,,,,,,,,,,,,,,2386.0,Fatehpur,Nurpur,,,,,,,,,,,,,,,,,,,,,,,,,,,,,,,,,,,,,,,,,,,,,,,,,,,,,,,,,,,,CHAMBA,CHAMBA
8868.0,36.0,,Active,,,,,,,12-07-2021,,,,,,,,,,,,,,,,,,,,,,,,,,,,,,,,,,,,,,,,,,,,,,,,,,2391.0,Fatehpur,Nurpur,,,,,,,,,,,,,,,,,,,,,,,,,,,,,,,,,,,,,,,,,,,,,,,,,,,,,,,,,,,,CHAMBA,CHAMBA
4357.0,36.0,,Active,,,,,,,14-08-2020,,,,,,,,,,,,,,,,,,,,,,,,,,,,,,,,,,,,,,,,,,,,,,,,,,2392.0,Fatehpur,Nurpur,,,,,,,,,,,,,,,,,,,,,,,,,,,,,,,,,,,,,,,,,,,,,,,,,,,,,,,,,,,,CHAMBA,CHAMBA
8868.0,36.0,,Active,,,,,,,12-07-2021,,,,,,,,,,,,,,,,,,,,,,,,,,,,,,,,,,,,,,,,,,,,,,,,,,2394.0,Fatehpur,Nurpur,,,,,,,,,,,,,,,,,,,,,,,,,,,,,,,,,,,,,,,,,,,,,,,,,,,,,,,,,,,,CHAMBA,CHAMBA
8889.0,36.0,,Active,,,,,,,12-07-2021,,,,,,,,,,,,,,,,,,,,,,,,,,,,,,,,,,,,,,,,,,,,,,,,,,2395.0,EE Dharampur,Hamirpur,,,,,,,,,,,,,,,,,,,,,,,,,,,,,,,,,,,,,,,,,,,,,,,,,,,,,,,,,,,,UNA,HAROLI
8868.0,36.0,,Active,,,,,,,12-07-2021,,,,,,,,,,,,,,,,,,,,,,,,,,,,,,,,,,,,,,,,,,,,,,,,,,2399.0,Fatehpur,Nurpur,,,,,,,,,,,,,,,,,,,,,,,,,,,,,,,,,,,,,,,,,,,,,,,,,,,,,,,,,,,,CHAMBA,CHAMBA
8868.0,36.0,,Active,,,,,,,12-07-2021,,,,,,,,,,,,,,,,,,,,,,,,,,,,,,,,,,,,,,,,,,,,,,,,,,2408.0,S/terrace,Nurpur,,,,,,,,,,,,,,,,,,,,,,,,,,,,,,,,,,,,,,,,,,,,,,,,,,,,,,,,,,,,,
8868.0,36.0,,Active,,,,,,,12-07-2021,,,,,,,,,,,,,,,,,,,,,,,,,,,,,,,,,,,,,,,,,,,,,,,,,,2409.0,S/terrace,Nurpur,,,,,,,,,,,,,,,,,,,,,,,,,,,,,,,,,,,,,,,,,,,,,,,,,,,,,,,,,,,,,
8868.0,36.0,,Active,,,,,,,12-07-2021,,,,,,,,,,,,,,,,,,,,,,,,,,,,,,,,,,,,,,,,,,,,,,,,,,2410.0,S/terrace,Nurpur,,,,,,,,,,,,,,,,,,,,,,,,,,,,,,,,,,,,,,,,,,,,,,,,,,,,,,,,,,,,,
8899.0,36.0,,Active,,,,,,,12-07-2021,,,,,,,,,,,,,,,,,,,,,,,,,,,,,,,,,,,,,,,,,,,,,,,,,,2415.0,Matiana Division,Shimla-9,,,,,,,,,,,,,,,,,,,,,,,,,,,,,,,,,,,,,,,,,,,,,,,,,,,,,,,,,,,,,
8867.0,36.0,,Active,,,,,,,13-07-2021,,,,,,,,,,,,,,,,,,,,,,,,,,,,,,,,,,,,,,,,,,,,,,,,,,2416.0,Dalhousie,Chamba,,,,,,,,,,,,,,,,,,,,,,,,,,,,,,,,,,,,,,,,,,,,,,,,,,,,,,,,,,,,CHAMBA,DALHOUSIE
8867.0,36.0,,Active,,,,,,,13-07-2021,,,,,,,,,,,,,,,,,,,,,,,,,,,,,,,,,,,,,,,,,,,,,,,,,,2417.0,Dalhousie,Chamba,,,,,,,,,,,,,,,,,,,,,,,,,,,,,,,,,,,,,,,,,,,,,,,,,,,,,,,,,,,,CHAMBA,DALHOUSIE
4177.0,1.0,,Active,,,,,,,01-08-2020,,,,,,,,,,,,,,,,,,,,,,,,,,,,,,,,,,,,,,,,,,,,,,,,,,2437.0,Rohru ,Rohroo,,,,,,,,,,,,,,,,,,,,,,,,,,,,,,,,,,,,,,,,,,,,,,,,,,,,,,,,,,,,SHIMLA,ROHRU
4177.0,1.0,,Active,,,,,,,01-08-2020,,,,,,,,,,,,,,,,,,,,,,,,,,,,,,,,,,,,,,,,,,,,,,,,,,2440.0,Jubbal,Rohroo,,,,,,,,,,,,,,,,,,,,,,,,,,,,,,,,,,,,,,,,,,,,,,,,,,,,,,,,,,,,SHIMLA,JUBBAL
4177.0,1.0,,Active,,,,,,,01-08-2020,,,,,,,,,,,,,,,,,,,,,,,,,,,,,,,,,,,,,,,,,,,,,,,,,,2442.0,Jubbal,Rohroo,,,,,,,,,,,,,,,,,,,,,,,,,,,,,,,,,,,,,,,,,,,,,,,,,,,,,,,,,,,,SHIMLA,JUBBAL
8901.0,36.0,,Active,,,,,,,12-07-2021,,,,,,,,,,,,,,,,,,,,,,,,,,,,,,,,,,,,,,,,,,,,,,,,,,2443.0,Sarkaghat,Hamirpur,,,,,,,,,,,,,,,,,,,,,,,,,,,,,,,,,,,,,,,,,,,,,,,,,,,,,,,,,,,,MANDI,SARKAGHAT
8868.0,36.0,,Active,,,,,,,12-07-2021,,,,,,,,,,,,,,,,,,,,,,,,,,,,,,,,,,,,,,,,,,,,,,,,,,2447.0,Indora,Nurpur,,,,,,,,,,,,,,,,,,,,,,,,,,,,,,,,,,,,,,,,,,,,,,,,,,,,,,,,,,,,KANGRA,INDORA
8868.0,36.0,,Active,,,,,,,12-07-2021,,,,,,,,,,,,,,,,,,,,,,,,,,,,,,,,,,,,,,,,,,,,,,,,,,2449.0,Indora,Nurpur,,,,,,,,,,,,,,,,,,,,,,,,,,,,,,,,,,,,,,,,,,,,,,,,,,,,,,,,,,,,KANGRA,INDORA
8868.0,36.0,,Active,,,,,,,12-07-2021,,,,,,,,,,,,,,,,,,,,,,,,,,,,,,,,,,,,,,,,,,,,,,,,,,2452.0,Indora,Nurpur,,,,,,,,,,,,,,,,,,,,,,,,,,,,,,,,,,,,,,,,,,,,,,,,,,,,,,,,,,,,KANGRA,INDORA
8868.0,36.0,,Active,,,,,,,12-07-2021,,,,,,,,,,,,,,,,,,,,,,,,,,,,,,,,,,,,,,,,,,,,,,,,,,2455.0,Indora,Nurpur,,,,,,,,,,,,,,,,,,,,,,,,,,,,,,,,,,,,,,,,,,,,,,,,,,,,,,,,,,,,KANGRA,INDORA
8868.0,36.0,,Active,,,,,,,12-07-2021,,,,,,,,,,,,,,,,,,,,,,,,,,,,,,,,,,,,,,,,,,,,,,,,,,2456.0,Indora,Nurpur,,,,,,,,,,,,,,,,,,,,,,,,,,,,,,,,,,,,,,,,,,,,,,,,,,,,,,,,,,,,KANGRA,INDORA
8916.0,36.0,,Active,,,,,,,12-07-2021,,,,,,,,,,,,,,,,,,,,,,,,,,,,,,,,,,,,,,,,,,,,,,,,,,2506.0,Sarkaghat,Hamirpur,,,,,,,,,,,,,,,,,,,,,,,,,,,,,,,,,,,,,,,,,,,,,,,,,,,,,,,,,,,,MANDI,SARKAGHAT
8899.0,36.0,,Active,,,,,,,12-07-2021,,,,,,,,,,,,,,,,,,,,,,,,,,,,,,,,,,,,,,,,,,,,,,,,,,2508.0,Nerwa Division,Shimla-9,,,,,,,,,,,,,,,,,,,,,,,,,,,,,,,,,,,,,,,,,,,,,,,,,,,,,,,,,,,,,
8915.0,36.0,,Active,,,,,,,12-07-2021,,,,,,,,,,,,,,,,,,,,,,,,,,,,,,,,,,,,,,,,,,,,,,,,,,2509.0,Sarkaghat,Hamirpur,,,,,,,,,,,,,,,,,,,,,,,,,,,,,,,,,,,,,,,,,,,,,,,,,,,,,,,,,,,,MANDI,SARKAGHAT
10956.0,1041.0,,Active,,,,,,,18-07-2021,,,,,,,,,,,,,,,,,,,,,,,,,,,,,,,,,,,,,,,,,,,,,,,,,,4536.0,Dehra,Dharmshala,,,,,,,,,,,,,,,,,,,,,,,,,,,,,,,,,,,,,,,,,,,,,,,,,,,,,,,,,,,,CHAMBA,CHURAH
10956.0,1041.0,,Active,,,,,,,18-07-2021,,,,,,,,,,,,,,,,,,,,,,,,,,,,,,,,,,,,,,,,,,,,,,,,,,4538.0,Dehra,Dharmshala,,,,,,,,,,,,,,,,,,,,,,,,,,,,,,,,,,,,,,,,,,,,,,,,,,,,,,,,,,,,CHAMBA,CHURAH
10956.0,1041.0,,Active,,,,,,,18-07-2021,,,,,,,,,,,,,,,,,,,,,,,,,,,,,,,,,,,,,,,,,,,,,,,,,,4540.0,Dehra,Dharmshala,,,,,,,,,,,,,,,,,,,,,,,,,,,,,,,,,,,,,,,,,,,,,,,,,,,,,,,,,,,,CHAMBA,CHURAH
10956.0,1041.0,,Active,,,,,,,18-07-2021,,,,,,,,,,,,,,,,,,,,,,,,,,,,,,,,,,,,,,,,,,,,,,,,,,4541.0,Dehra,Dharmshala,,,,,,,,,,,,,,,,,,,,,,,,,,,,,,,,,,,,,,,,,,,,,,,,,,,,,,,,,,,,CHAMBA,CHURAH
10956.0,1041.0,,Active,,,,,,,18-07-2021,,,,,,,,,,,,,,,,,,,,,,,,,,,,,,,,,,,,,,,,,,,,,,,,,,4542.0,Dehra,Dharmshala,,,,,,,,,,,,,,,,,,,,,,,,,,,,,,,,,,,,,,,,,,,,,,,,,,,,,,,,,,,,CHAMBA,CHURAH
10956.0,1041.0,,Active,,,,,,,18-07-2021,,,,,,,,,,,,,,,,,,,,,,,,,,,,,,,,,,,,,,,,,,,,,,,,,,4545.0,Dehra,Dharmshala,,,,,,,,,,,,,,,,,,,,,,,,,,,,,,,,,,,,,,,,,,,,,,,,,,,,,,,,,,,,CHAMBA,CHURAH
10959.0,36.0,,Active,,,,,,,18-07-2021,,,,,,,,,,,,,,,,,,,,,,,,,,,,,,,,,,,,,,,,,,,,,,,,,,4556.0,Hamirpur,Hamirpur,,,,,,,,,,,,,,,,,,,,,,,,,,,,,,,,,,,,,,,,,,,,,,,,,,,,,,,,,,,,HAMIRPUR,HAMIRPUR
10964.0,36.0,,Active,,,,,,,18-07-2021,,,,,,,,,,,,,,,,,,,,,,,,,,,,,,,,,,,,,,,,,,,,,,,,,,4560.0,EE Bhoranj,Hamirpur,,,,,,,,,,,,,,,,,,,,,,,,,,,,,,,,,,,,,,,,,,,,,,,,,,,,,,,,,,,,HAMIRPUR,
10967.0,36.0,,Active,,,,,,,18-07-2021,,,,,,,,,,,,,,,,,,,,,,,,,,,,,,,,,,,,,,,,,,,,,,,,,,4615.0,Jhanduta,Bilaspur,,,,,,,,,,,,,,,,,,,,,,,,,,,,,,,,,,,,,,,,,,,,,,,,,,,,,,,,,,,,SHIMLA,NERWA
10977.0,36.0,,Active,,,,,,,19-07-2021,,,,,,,,,,,,,,,,,,,,,,,,,,,,,,,,,,,,,,,,,,,,,,,,,,4623.0,Bilaspur,Bilaspur,,,,,,,,,,,,,,,,,,,,,,,,,,,,,,,,,,,,,,,,,,,,,,,,,,,,,,,,,,,,KANGRA,DERA GOPIPUR
10977.0,36.0,,Active,,,,,,,19-07-2021,,,,,,,,,,,,,,,,,,,,,,,,,,,,,,,,,,,,,,,,,,,,,,,,,,4631.0,Ghumarwin,Bilaspur,,,,,,,,,,,,,,,,,,,,,,,,,,,,,,,,,,,,,,,,,,,,,,,,,,,,,,,,,,,,BILASPUR,GHUMARWIN
10981.0,36.0,,Active,,,,,,,19-07-2021,,,,,,,,,,,,,,,,,,,,,,,,,,,,,,,,,,,,,,,,,,,,,,,,,,4640.0,Hamirpur,Hamirpur,,,,,,,,,,,,,,,,,,,,,,,,,,,,,,,,,,,,,,,,,,,,,,,,,,,,,,,,,,,,HAMIRPUR,HAMIRPUR
10984.0,36.0,,Active,,,,,,,19-07-2021,,,,,,,,,,,,,,,,,,,,,,,,,,,,,,,,,,,,,,,,,,,,,,,,,,4647.0,EE Bhoranj,Hamirpur,,,,,,,,,,,,,,,,,,,,,,,,,,,,,,,,,,,,,,,,,,,,,,,,,,,,,,,,,,,,HAMIRPUR,
10977.0,36.0,,Active,,,,,,,19-07-2021,,,,,,,,,,,,,,,,,,,,,,,,,,,,,,,,,,,,,,,,,,,,,,,,,,4682.0,Bilaspur,Bilaspur,,,,,,,,,,,,,,,,,,,,,,,,,,,,,,,,,,,,,,,,,,,,,,,,,,,,,,,,,,,,KANGRA,DERA GOPIPUR
11017.0,36.0,,Active,,,,,,,21-07-2021,,,,,,,,,,,,,,,,,,,,,,,,,,,,,,,,,,,,,,,,,,,,,,,,,,4686.0,EE Bhoranj,Hamirpur,,,,,,,,,,,,,,,,,,,,,,,,,,,,,,,,,,,,,,,,,,,,,,,,,,,,,,,,,,,,HAMIRPUR,
4177.0,1.0,,Active,,,,,,,01-08-2020,,,,,,,,,,,,,,,,,,,,,,,,,,,,,,,,,,,,,,,,,,,,,,,,,,4701.0,Rohru ,Rohroo,,,,,,,,,,,,,,,,,,,,,,,,,,,,,,,,,,,,,,,,,,,,,,,,,,,,,,,,,,,,SHIMLA,ROHRU
4177.0,1.0,,Active,,,,,,,01-08-2020,,,,,,,,,,,,,,,,,,,,,,,,,,,,,,,,,,,,,,,,,,,,,,,,,,4702.0,Jubbal,Rohroo,,,,,,,,,,,,,,,,,,,,,,,,,,,,,,,,,,,,,,,,,,,,,,,,,,,,,,,,,,,,SHIMLA,JUBBAL
8899.0,36.0,,Active,,,,,,,12-07-2021,,,,,,,,,,,,,,,,,,,,,,,,,,,,,,,,,,,,,,,,,,,,,,,,,,4712.0,Div. No-I Shimla-9,Shimla-9,,,,,,,,,,,,,,,,,,,,,,,,,,,,,,,,,,,,,,,,,,,,,,,,,,,,,,,,,,,,,
8899.0,36.0,,Active,,,,,,,12-07-2021,,,,,,,,,,,,,,,,,,,,,,,,,,,,,,,,,,,,,,,,,,,,,,,,,,4713.0,Sunni  Division,Shimla-9,,,,,,,,,,,,,,,,,,,,,,,,,,,,,,,,,,,,,,,,,,,,,,,,,,,,,,,,,,,,,
11052.0,1.0,,Active,,,,,,,22-07-2021,,,,,,,,,,,,,,,,,,,,,,,,,,,,,,,,,,,,,,,,,,,,,,,,,,4714.0,Rohru ,Rohroo,,,,,,,,,,,,,,,,,,,,,,,,,,,,,,,,,,,,,,,,,,,,,,,,,,,,,,,,,,,,SHIMLA,ROHRU
11052.0,1.0,,Active,,,,,,,22-07-2021,,,,,,,,,,,,,,,,,,,,,,,,,,,,,,,,,,,,,,,,,,,,,,,,,,4715.0,Jubbal,Rohroo,,,,,,,,,,,,,,,,,,,,,,,,,,,,,,,,,,,,,,,,,,,,,,,,,,,,,,,,,,,,SHIMLA,JUBBAL
11052.0,1.0,,Active,,,,,,,22-07-2021,,,,,,,,,,,,,,,,,,,,,,,,,,,,,,,,,,,,,,,,,,,,,,,,,,4717.0,Rohru ,Rohroo,,,,,,,,,,,,,,,,,,,,,,,,,,,,,,,,,,,,,,,,,,,,,,,,,,,,,,,,,,,,SHIMLA,ROHRU
11052.0,1.0,,Active,,,,,,,22-07-2021,,,,,,,,,,,,,,,,,,,,,,,,,,,,,,,,,,,,,,,,,,,,,,,,,,4718.0,Jubbal,Rohroo,,,,,,,,,,,,,,,,,,,,,,,,,,,,,,,,,,,,,,,,,,,,,,,,,,,,,,,,,,,,SHIMLA,JUBBAL
11052.0,1.0,,Active,,,,,,,22-07-2021,,,,,,,,,,,,,,,,,,,,,,,,,,,,,,,,,,,,,,,,,,,,,,,,,,4719.0,Rohru ,Rohroo,,,,,,,,,,,,,,,,,,,,,,,,,,,,,,,,,,,,,,,,,,,,,,,,,,,,,,,,,,,,SHIMLA,ROHRU
11052.0,1.0,,Active,,,,,,,22-07-2021,,,,,,,,,,,,,,,,,,,,,,,,,,,,,,,,,,,,,,,,,,,,,,,,,,4720.0,Jubbal,Rohroo,,,,,,,,,,,,,,,,,,,,,,,,,,,,,,,,,,,,,,,,,,,,,,,,,,,,,,,,,,,,SHIMLA,JUBBAL
11052.0,1.0,,Active,,,,,,,22-07-2021,,,,,,,,,,,,,,,,,,,,,,,,,,,,,,,,,,,,,,,,,,,,,,,,,,4721.0,Rohru ,Rohroo,,,,,,,,,,,,,,,,,,,,,,,,,,,,,,,,,,,,,,,,,,,,,,,,,,,,,,,,,,,,SHIMLA,ROHRU
11052.0,1.0,,Active,,,,,,,22-07-2021,,,,,,,,,,,,,,,,,,,,,,,,,,,,,,,,,,,,,,,,,,,,,,,,,,4722.0,Jubbal,Rohroo,,,,,,,,,,,,,,,,,,,,,,,,,,,,,,,,,,,,,,,,,,,,,,,,,,,,,,,,,,,,SHIMLA,JUBBAL
11054.0,1.0,,Active,,,,,,,11-07-2021,,,,,,,,,,,,,,,,,,,,,,,,,,,,,,,,,,,,,,,,,,,,,,,,,,4724.0,Jubbal,Rohroo,,,,,,,,,,,,,,,,,,,,,,,,,,,,,,,,,,,,,,,,,,,,,,,,,,,,,,,,,,,,SHIMLA,JUBBAL
11054.0,1.0,,Active,,,,,,,11-07-2021,,,,,,,,,,,,,,,,,,,,,,,,,,,,,,,,,,,,,,,,,,,,,,,,,,4725.0,Rohru ,Rohroo,,,,,,,,,,,,,,,,,,,,,,,,,,,,,,,,,,,,,,,,,,,,,,,,,,,,,,,,,,,,SHIMLA,ROHRU
11054.0,1.0,,Active,,,,,,,11-07-2021,,,,,,,,,,,,,,,,,,,,,,,,,,,,,,,,,,,,,,,,,,,,,,,,,,4726.0,Jubbal,Rohroo,,,,,,,,,,,,,,,,,,,,,,,,,,,,,,,,,,,,,,,,,,,,,,,,,,,,,,,,,,,,SHIMLA,JUBBAL
11054.0,1.0,,Active,,,,,,,11-07-2021,,,,,,,,,,,,,,,,,,,,,,,,,,,,,,,,,,,,,,,,,,,,,,,,,,4727.0,Rohru ,Rohroo,,,,,,,,,,,,,,,,,,,,,,,,,,,,,,,,,,,,,,,,,,,,,,,,,,,,,,,,,,,,SHIMLA,ROHRU
11054.0,1.0,,Active,,,,,,,11-07-2021,,,,,,,,,,,,,,,,,,,,,,,,,,,,,,,,,,,,,,,,,,,,,,,,,,4728.0,Jubbal,Rohroo,,,,,,,,,,,,,,,,,,,,,,,,,,,,,,,,,,,,,,,,,,,,,,,,,,,,,,,,,,,,SHIMLA,JUBBAL
11054.0,1.0,,Active,,,,,,,11-07-2021,,,,,,,,,,,,,,,,,,,,,,,,,,,,,,,,,,,,,,,,,,,,,,,,,,4729.0,Rohru ,Rohroo,,,,,,,,,,,,,,,,,,,,,,,,,,,,,,,,,,,,,,,,,,,,,,,,,,,,,,,,,,,,SHIMLA,ROHRU
11054.0,1.0,,Active,,,,,,,11-07-2021,,,,,,,,,,,,,,,,,,,,,,,,,,,,,,,,,,,,,,,,,,,,,,,,,,4730.0,Rohru ,Rohroo,,,,,,,,,,,,,,,,,,,,,,,,,,,,,,,,,,,,,,,,,,,,,,,,,,,,,,,,,,,,SHIMLA,ROHRU
11059.0,36.0,,Active,,,,,,,22-07-2021,,,,,,,,,,,,,,,,,,,,,,,,,,,,,,,,,,,,,,,,,,,,,,,,,,4736.0,Barsar,Hamirpur,,,,,,,,,,,,,,,,,,,,,,,,,,,,,,,,,,,,,,,,,,,,,,,,,,,,,,,,,,,,UNA,UNA
11067.0,1041.0,,Active,,,,,,,22-07-2021,,,,,,,,,,,,,,,,,,,,,,,,,,,,,,,,,,,,,,,,,,,,,,,,,,4738.0,Dehra,Dharmshala,,,,,,,,,,,,,,,,,,,,,,,,,,,,,,,,,,,,,,,,,,,,,,,,,,,,,,,,,,,,CHAMBA,CHURAH
11067.0,1041.0,,Active,,,,,,,22-07-2021,,,,,,,,,,,,,,,,,,,,,,,,,,,,,,,,,,,,,,,,,,,,,,,,,,4739.0,Dehra,Dharmshala,,,,,,,,,,,,,,,,,,,,,,,,,,,,,,,,,,,,,,,,,,,,,,,,,,,,,,,,,,,,CHAMBA,CHURAH
11067.0,1041.0,,Active,,,,,,,22-07-2021,,,,,,,,,,,,,,,,,,,,,,,,,,,,,,,,,,,,,,,,,,,,,,,,,,4740.0,Dehra,Dharmshala,,,,,,,,,,,,,,,,,,,,,,,,,,,,,,,,,,,,,,,,,,,,,,,,,,,,,,,,,,,,CHAMBA,CHURAH
11067.0,1041.0,,Active,,,,,,,22-07-2021,,,,,,,,,,,,,,,,,,,,,,,,,,,,,,,,,,,,,,,,,,,,,,,,,,4741.0,Dehra,Dharmshala,,,,,,,,,,,,,,,,,,,,,,,,,,,,,,,,,,,,,,,,,,,,,,,,,,,,,,,,,,,,CHAMBA,CHURAH
11067.0,1041.0,,Active,,,,,,,22-07-2021,,,,,,,,,,,,,,,,,,,,,,,,,,,,,,,,,,,,,,,,,,,,,,,,,,4742.0,Dehra,Dharmshala,,,,,,,,,,,,,,,,,,,,,,,,,,,,,,,,,,,,,,,,,,,,,,,,,,,,,,,,,,,,CHAMBA,CHURAH
11067.0,1041.0,,Active,,,,,,,22-07-2021,,,,,,,,,,,,,,,,,,,,,,,,,,,,,,,,,,,,,,,,,,,,,,,,,,4747.0,Dehra,Dharmshala,,,,,,,,,,,,,,,,,,,,,,,,,,,,,,,,,,,,,,,,,,,,,,,,,,,,,,,,,,,,CHAMBA,CHURAH
11067.0,1041.0,,Active,,,,,,,22-07-2021,,,,,,,,,,,,,,,,,,,,,,,,,,,,,,,,,,,,,,,,,,,,,,,,,,4748.0,Dehra,Dharmshala,,,,,,,,,,,,,,,,,,,,,,,,,,,,,,,,,,,,,,,,,,,,,,,,,,,,,,,,,,,,CHAMBA,CHURAH
11092.0,36.0,,Active,,,,,,,17-07-2021,,,,,,,,,,,,,,,,,,,,,,,,,,,,,,,,,,,,,,,,,,,,,,,,,,4818.0,Nurpur,Nurpur,,,,,,,,,,,,,,,,,,,,,,,,,,,,,,,,,,,,,,,,,,,,,,,,,,,,,,,,,,,,KANGRA,NURPUR
11089.0,36.0,,Active,,,,,,,17-07-2021,,,,,,,,,,,,,,,,,,,,,,,,,,,,,,,,,,,,,,,,,,,,,,,,,,4821.0,Nurpur,Nurpur,,,,,,,,,,,,,,,,,,,,,,,,,,,,,,,,,,,,,,,,,,,,,,,,,,,,,,,,,,,,KANGRA,NURPUR
11089.0,36.0,,Active,,,,,,,17-07-2021,,,,,,,,,,,,,,,,,,,,,,,,,,,,,,,,,,,,,,,,,,,,,,,,,,4822.0,Nurpur,Nurpur,,,,,,,,,,,,,,,,,,,,,,,,,,,,,,,,,,,,,,,,,,,,,,,,,,,,,,,,,,,,KANGRA,NURPUR
11089.0,36.0,,Active,,,,,,,17-07-2021,,,,,,,,,,,,,,,,,,,,,,,,,,,,,,,,,,,,,,,,,,,,,,,,,,4823.0,Nurpur,Nurpur,,,,,,,,,,,,,,,,,,,,,,,,,,,,,,,,,,,,,,,,,,,,,,,,,,,,,,,,,,,,KANGRA,NURPUR
11089.0,36.0,,Active,,,,,,,17-07-2021,,,,,,,,,,,,,,,,,,,,,,,,,,,,,,,,,,,,,,,,,,,,,,,,,,4824.0,Nurpur,Nurpur,,,,,,,,,,,,,,,,,,,,,,,,,,,,,,,,,,,,,,,,,,,,,,,,,,,,,,,,,,,,KANGRA,NURPUR
11117.0,36.0,,Active,,,,,,,25-07-2021,,,,,,,,,,,,,,,,,,,,,,,,,,,,,,,,,,,,,,,,,,,,,,,,,,4825.0,Hamirpur,Hamirpur,,,,,,,,,,,,,,,,,,,,,,,,,,,,,,,,,,,,,,,,,,,,,,,,,,,,,,,,,,,,HAMIRPUR,HAMIRPUR
11089.0,36.0,,Active,,,,,,,17-07-2021,,,,,,,,,,,,,,,,,,,,,,,,,,,,,,,,,,,,,,,,,,,,,,,,,,4827.0,Nurpur,Nurpur,,,,,,,,,,,,,,,,,,,,,,,,,,,,,,,,,,,,,,,,,,,,,,,,,,,,,,,,,,,,KANGRA,NURPUR
11089.0,36.0,,Active,,,,,,,17-07-2021,,,,,,,,,,,,,,,,,,,,,,,,,,,,,,,,,,,,,,,,,,,,,,,,,,4828.0,Nurpur,Nurpur,,,,,,,,,,,,,,,,,,,,,,,,,,,,,,,,,,,,,,,,,,,,,,,,,,,,,,,,,,,,KANGRA,NURPUR
11125.0,1041.0,,Active,,,,,,,25-07-2021,,,,,,,,,,,,,,,,,,,,,,,,,,,,,,,,,,,,,,,,,,,,,,,,,,4837.0,EE Nagrota,Dharmshala,,,,,,,,,,,,,,,,,,,,,,,,,,,,,,,,,,,,,,,,,,,,,,,,,,,,,,,,,,,,KANGRA,NURPUR
11130.0,36.0,,Active,,,,,,,24-07-2021,,,,,,,,,,,,,,,,,,,,,,,,,,,,,,,,,,,,,,,,,,,,,,,,,,4839.0,Ghumarwin,Bilaspur,,,,,,,,,,,,,,,,,,,,,,,,,,,,,,,,,,,,,,,,,,,,,,,,,,,,,,,,,,,,BILASPUR,GHUMARWIN
11131.0,36.0,,Active,,,,,,,26-07-2021,,,,,,,,,,,,,,,,,,,,,,,,,,,,,,,,,,,,,,,,,,,,,,,,,,4842.0,Bilaspur,Bilaspur,,,,,,,,,,,,,,,,,,,,,,,,,,,,,,,,,,,,,,,,,,,,,,,,,,,,,,,,,,,,KANGRA,DERA GOPIPUR
11131.0,36.0,,Active,,,,,,,26-07-2021,,,,,,,,,,,,,,,,,,,,,,,,,,,,,,,,,,,,,,,,,,,,,,,,,,4847.0,Ghumarwin,Bilaspur,,,,,,,,,,,,,,,,,,,,,,,,,,,,,,,,,,,,,,,,,,,,,,,,,,,,,,,,,,,,BILASPUR,GHUMARWIN
11143.0,36.0,,Active,,,,,,,26-07-2021,,,,,,,,,,,,,,,,,,,,,,,,,,,,,,,,,,,,,,,,,,,,,,,,,,4852.0,Hamirpur,Hamirpur,,,,,,,,,,,,,,,,,,,,,,,,,,,,,,,,,,,,,,,,,,,,,,,,,,,,,,,,,,,,HAMIRPUR,HAMIRPUR
11131.0,36.0,,Active,,,,,,,26-07-2021,,,,,,,,,,,,,,,,,,,,,,,,,,,,,,,,,,,,,,,,,,,,,,,,,,4858.0,Bilaspur,Bilaspur,,,,,,,,,,,,,,,,,,,,,,,,,,,,,,,,,,,,,,,,,,,,,,,,,,,,,,,,,,,,KANGRA,DERA GOPIPUR
11158.0,36.0,,Active,,,,,,,27-07-2021,,,,,,,,,,,,,,,,,,,,,,,,,,,,,,,,,,,,,,,,,,,,,,,,,,4859.0,Ghumarwin,Bilaspur,,,,,,,,,,,,,,,,,,,,,,,,,,,,,,,,,,,,,,,,,,,,,,,,,,,,,,,,,,,,BILASPUR,GHUMARWIN
11240.0,36.0,,Active,,,,,,,27-07-2021,,,,,,,,,,,,,,,,,,,,,,,,,,,,,,,,,,,,,,,,,,,,,,,,,,4861.0,Hamirpur,Hamirpur,,,,,,,,,,,,,,,,,,,,,,,,,,,,,,,,,,,,,,,,,,,,,,,,,,,,,,,,,,,,HAMIRPUR,HAMIRPUR
11158.0,36.0,,Active,,,,,,,27-07-2021,,,,,,,,,,,,,,,,,,,,,,,,,,,,,,,,,,,,,,,,,,,,,,,,,,4906.0,Bilaspur,Bilaspur,,,,,,,,,,,,,,,,,,,,,,,,,,,,,,,,,,,,,,,,,,,,,,,,,,,,,,,,,,,,KANGRA,DERA GOPIPUR
11284.0,36.0,,Active,,,,,,,28-07-2021,,,,,,,,,,,,,,,,,,,,,,,,,,,,,,,,,,,,,,,,,,,,,,,,,,4914.0,Hamirpur,Hamirpur,,,,,,,,,,,,,,,,,,,,,,,,,,,,,,,,,,,,,,,,,,,,,,,,,,,,,,,,,,,,HAMIRPUR,HAMIRPUR
11131.0,36.0,,Active,,,,,,,26-07-2021,,,,,,,,,,,,,,,,,,,,,,,,,,,,,,,,,,,,,,,,,,,,,,,,,,4935.0,Bilaspur,Bilaspur,,,,,,,,,,,,,,,,,,,,,,,,,,,,,,,,,,,,,,,,,,,,,,,,,,,,,,,,,,,,KANGRA,DERA GOPIPUR
11291.0,36.0,,Active,,,,,,,29-07-2021,,,,,,,,,,,,,,,,,,,,,,,,,,,,,,,,,,,,,,,,,,,,,,,,,,4940.0,Barsar,Hamirpur,,,,,,,,,,,,,,,,,,,,,,,,,,,,,,,,,,,,,,,,,,,,,,,,,,,,,,,,,,,,UNA,UNA
11307.0,1041.0,,Active,,,,,,,12-07-2021,,,,,,,,,,,,,,,,,,,,,,,,,,,,,,,,,,,,,,,,,,,,,,,,,,4947.0,Dharamshala,Dharmshala,,,,,,,,,,,,,,,,,,,,,,,,,,,,,,,,,,,,,,,,,,,,,,,,,,,,,,,,,,,,KANGRA,SHAHPUR
11304.0,36.0,,Active,,,,,,,28-07-2021,,,,,,,,,,,,,,,,,,,,,,,,,,,,,,,,,,,,,,,,,,,,,,,,,,4948.0,Ghumarwin,Bilaspur,,,,,,,,,,,,,,,,,,,,,,,,,,,,,,,,,,,,,,,,,,,,,,,,,,,,,,,,,,,,BILASPUR,GHUMARWIN
11304.0,36.0,,Active,,,,,,,28-07-2021,,,,,,,,,,,,,,,,,,,,,,,,,,,,,,,,,,,,,,,,,,,,,,,,,,4975.0,Jhanduta,Bilaspur,,,,,,,,,,,,,,,,,,,,,,,,,,,,,,,,,,,,,,,,,,,,,,,,,,,,,,,,,,,,SHIMLA,NERWA
11304.0,36.0,,Active,,,,,,,28-07-2021,,,,,,,,,,,,,,,,,,,,,,,,,,,,,,,,,,,,,,,,,,,,,,,,,,4976.0,Bilaspur,Bilaspur,,,,,,,,,,,,,,,,,,,,,,,,,,,,,,,,,,,,,,,,,,,,,,,,,,,,,,,,,,,,KANGRA,DERA GOPIPUR
11304.0,36.0,,Active,,,,,,,28-07-2021,,,,,,,,,,,,,,,,,,,,,,,,,,,,,,,,,,,,,,,,,,,,,,,,,,4977.0,Jhanduta,Bilaspur,,,,,,,,,,,,,,,,,,,,,,,,,,,,,,,,,,,,,,,,,,,,,,,,,,,,,,,,,,,,SHIMLA,NERWA
11325.0,36.0,,Active,,,,,,,29-07-2021,,,,,,,,,,,,,,,,,,,,,,,,,,,,,,,,,,,,,,,,,,,,,,,,,,4978.0,Nurpur,Nurpur,,,,,,,,,,,,,,,,,,,,,,,,,,,,,,,,,,,,,,,,,,,,,,,,,,,,,,,,,,,,KANGRA,NURPUR
11325.0,36.0,,Active,,,,,,,29-07-2021,,,,,,,,,,,,,,,,,,,,,,,,,,,,,,,,,,,,,,,,,,,,,,,,,,4979.0,Nurpur,Nurpur,,,,,,,,,,,,,,,,,,,,,,,,,,,,,,,,,,,,,,,,,,,,,,,,,,,,,,,,,,,,KANGRA,NURPUR
11331.0,36.0,,Active,,,,,,,28-07-2021,,,,,,,,,,,,,,,,,,,,,,,,,,,,,,,,,,,,,,,,,,,,,,,,,,4980.0,Ghumarwin,Bilaspur,,,,,,,,,,,,,,,,,,,,,,,,,,,,,,,,,,,,,,,,,,,,,,,,,,,,,,,,,,,,BILASPUR,GHUMARWIN
11325.0,36.0,,Active,,,,,,,29-07-2021,,,,,,,,,,,,,,,,,,,,,,,,,,,,,,,,,,,,,,,,,,,,,,,,,,4981.0,Nurpur,Nurpur,,,,,,,,,,,,,,,,,,,,,,,,,,,,,,,,,,,,,,,,,,,,,,,,,,,,,,,,,,,,KANGRA,NURPUR
11325.0,36.0,,Active,,,,,,,29-07-2021,,,,,,,,,,,,,,,,,,,,,,,,,,,,,,,,,,,,,,,,,,,,,,,,,,4982.0,Nurpur,Nurpur,,,,,,,,,,,,,,,,,,,,,,,,,,,,,,,,,,,,,,,,,,,,,,,,,,,,,,,,,,,,KANGRA,NURPUR
11325.0,36.0,,Active,,,,,,,29-07-2021,,,,,,,,,,,,,,,,,,,,,,,,,,,,,,,,,,,,,,,,,,,,,,,,,,4983.0,Nurpur,Nurpur,,,,,,,,,,,,,,,,,,,,,,,,,,,,,,,,,,,,,,,,,,,,,,,,,,,,,,,,,,,,KANGRA,NURPUR
11325.0,36.0,,Active,,,,,,,29-07-2021,,,,,,,,,,,,,,,,,,,,,,,,,,,,,,,,,,,,,,,,,,,,,,,,,,4984.0,Nurpur,Nurpur,,,,,,,,,,,,,,,,,,,,,,,,,,,,,,,,,,,,,,,,,,,,,,,,,,,,,,,,,,,,KANGRA,NURPUR
11331.0,36.0,,Active,,,,,,,28-07-2021,,,,,,,,,,,,,,,,,,,,,,,,,,,,,,,,,,,,,,,,,,,,,,,,,,4985.0,Jhanduta,Bilaspur,,,,,,,,,,,,,,,,,,,,,,,,,,,,,,,,,,,,,,,,,,,,,,,,,,,,,,,,,,,,SHIMLA,NERWA
11331.0,36.0,,Active,,,,,,,28-07-2021,,,,,,,,,,,,,,,,,,,,,,,,,,,,,,,,,,,,,,,,,,,,,,,,,,4986.0,Bilaspur,Bilaspur,,,,,,,,,,,,,,,,,,,,,,,,,,,,,,,,,,,,,,,,,,,,,,,,,,,,,,,,,,,,KANGRA,DERA GOPIPUR
11331.0,36.0,,Active,,,,,,,28-07-2021,,,,,,,,,,,,,,,,,,,,,,,,,,,,,,,,,,,,,,,,,,,,,,,,,,4988.0,Jhanduta,Bilaspur,,,,,,,,,,,,,,,,,,,,,,,,,,,,,,,,,,,,,,,,,,,,,,,,,,,,,,,,,,,,SHIMLA,NERWA
11313.0,36.0,,Active,,,,,,,23-07-2021,,,,,,,,,,,,,,,,,,,,,,,,,,,,,,,,,,,,,,,,,,,,,,,,,,4998.0,Div. No-I Shimla-9,Shimla-9,,,,,,,,,,,,,,,,,,,,,,,,,,,,,,,,,,,,,,,,,,,,,,,,,,,,,,,,,,,,,
11314.0,36.0,,Active,,,,,,,29-07-2021,,,,,,,,,,,,,,,,,,,,,,,,,,,,,,,,,,,,,,,,,,,,,,,,,,4999.0,Matiana Division,Shimla-9,,,,,,,,,,,,,,,,,,,,,,,,,,,,,,,,,,,,,,,,,,,,,,,,,,,,,,,,,,,,,
11347.0,36.0,,Active,,,,,,,30-07-2021,,,,,,,,,,,,,,,,,,,,,,,,,,,,,,,,,,,,,,,,,,,,,,,,,,5008.0,Barsar,Hamirpur,,,,,,,,,,,,,,,,,,,,,,,,,,,,,,,,,,,,,,,,,,,,,,,,,,,,,,,,,,,,UNA,UNA
11512.0,36.0,,Active,,,,,,,03-08-2021,,,,,,,,,,,,,,,,,,,,,,,,,,,,,,,,,,,,,,,,,,,,,,,,,,5129.0,Nalagarh ,Solan,,,,,,,,,,,,,,,,,,,,,,,,,,,,,,,,,,,,,,,,,,,,,,,,,,,,,,,,,,,,SOLAN,NALAGARH
11512.0,36.0,,Active,,,,,,,03-08-2021,,,,,,,,,,,,,,,,,,,,,,,,,,,,,,,,,,,,,,,,,,,,,,,,,,5131.0,Nalagarh ,Solan,,,,,,,,,,,,,,,,,,,,,,,,,,,,,,,,,,,,,,,,,,,,,,,,,,,,,,,,,,,,SOLAN,NALAGARH
11555.0,36.0,,Active,,,,,,,08-08-2021,,,,,,,,,,,,,,,,,,,,,,,,,,,,,,,,,,,,,,,,,,,,,,,,,,5143.0,Hamirpur,Hamirpur,,,,,,,,,,,,,,,,,,,,,,,,,,,,,,,,,,,,,,,,,,,,,,,,,,,,,,,,,,,,HAMIRPUR,HAMIRPUR
11608.0,36.0,,Active,,,,,,,12-08-2021,,,,,,,,,,,,,,,,,,,,,,,,,,,,,,,,,,,,,,,,,,,,,,,,,,5166.0,Dalhousie,Chamba,,,,,,,,,,,,,,,,,,,,,,,,,,,,,,,,,,,,,,,,,,,,,,,,,,,,,,,,,,,,CHAMBA,DALHOUSIE
11639.0,36.0,,Active,,,,,,,05-08-2021,,,,,,,,,,,,,,,,,,,,,,,,,,,,,,,,,,,,,,,,,,,,,,,,,,5171.0,Nurpur,Nurpur,,,,,,,,,,,,,,,,,,,,,,,,,,,,,,,,,,,,,,,,,,,,,,,,,,,,,,,,,,,,KANGRA,NURPUR
11639.0,36.0,,Active,,,,,,,05-08-2021,,,,,,,,,,,,,,,,,,,,,,,,,,,,,,,,,,,,,,,,,,,,,,,,,,5172.0,Nurpur,Nurpur,,,,,,,,,,,,,,,,,,,,,,,,,,,,,,,,,,,,,,,,,,,,,,,,,,,,,,,,,,,,KANGRA,NURPUR
11639.0,36.0,,Active,,,,,,,05-08-2021,,,,,,,,,,,,,,,,,,,,,,,,,,,,,,,,,,,,,,,,,,,,,,,,,,5173.0,Nurpur,Nurpur,,,,,,,,,,,,,,,,,,,,,,,,,,,,,,,,,,,,,,,,,,,,,,,,,,,,,,,,,,,,KANGRA,NURPUR
11639.0,36.0,,Active,,,,,,,05-08-2021,,,,,,,,,,,,,,,,,,,,,,,,,,,,,,,,,,,,,,,,,,,,,,,,,,5174.0,Nurpur,Nurpur,,,,,,,,,,,,,,,,,,,,,,,,,,,,,,,,,,,,,,,,,,,,,,,,,,,,,,,,,,,,KANGRA,NURPUR
11639.0,36.0,,Active,,,,,,,05-08-2021,,,,,,,,,,,,,,,,,,,,,,,,,,,,,,,,,,,,,,,,,,,,,,,,,,5175.0,Nurpur,Nurpur,,,,,,,,,,,,,,,,,,,,,,,,,,,,,,,,,,,,,,,,,,,,,,,,,,,,,,,,,,,,KANGRA,NURPUR
11642.0,36.0,,Active,,,,,,,02-08-2021,,,,,,,,,,,,,,,,,,,,,,,,,,,,,,,,,,,,,,,,,,,,,,,,,,5176.0,Jawali,Nurpur,,,,,,,,,,,,,,,,,,,,,,,,,,,,,,,,,,,,,,,,,,,,,,,,,,,,,,,,,,,,MANDI,BALDWARA
11642.0,36.0,,Active,,,,,,,02-08-2021,,,,,,,,,,,,,,,,,,,,,,,,,,,,,,,,,,,,,,,,,,,,,,,,,,5178.0,Jawali,Nurpur,,,,,,,,,,,,,,,,,,,,,,,,,,,,,,,,,,,,,,,,,,,,,,,,,,,,,,,,,,,,MANDI,BALDWARA
11642.0,36.0,,Active,,,,,,,02-08-2021,,,,,,,,,,,,,,,,,,,,,,,,,,,,,,,,,,,,,,,,,,,,,,,,,,5179.0,Jawali,Nurpur,,,,,,,,,,,,,,,,,,,,,,,,,,,,,,,,,,,,,,,,,,,,,,,,,,,,,,,,,,,,MANDI,BALDWARA
11642.0,36.0,,Active,,,,,,,02-08-2021,,,,,,,,,,,,,,,,,,,,,,,,,,,,,,,,,,,,,,,,,,,,,,,,,,5182.0,Jawali,Nurpur,,,,,,,,,,,,,,,,,,,,,,,,,,,,,,,,,,,,,,,,,,,,,,,,,,,,,,,,,,,,MANDI,BALDWARA
11642.0,36.0,,Active,,,,,,,02-08-2021,,,,,,,,,,,,,,,,,,,,,,,,,,,,,,,,,,,,,,,,,,,,,,,,,,5183.0,Jawali,Nurpur,,,,,,,,,,,,,,,,,,,,,,,,,,,,,,,,,,,,,,,,,,,,,,,,,,,,,,,,,,,,MANDI,BALDWARA
11642.0,36.0,,Active,,,,,,,02-08-2021,,,,,,,,,,,,,,,,,,,,,,,,,,,,,,,,,,,,,,,,,,,,,,,,,,5184.0,Jawali,Nurpur,,,,,,,,,,,,,,,,,,,,,,,,,,,,,,,,,,,,,,,,,,,,,,,,,,,,,,,,,,,,MANDI,BALDWARA
11683.0,36.0,,Active,,,,,,,17-08-2021,,,,,,,,,,,,,,,,,,,,,,,,,,,,,,,,,,,,,,,,,,,,,,,,,,5187.0,Dalhousie,Chamba,,,,,,,,,,,,,,,,,,,,,,,,,,,,,,,,,,,,,,,,,,,,,,,,,,,,,,,,,,,,CHAMBA,DALHOUSIE
11694.0,1.0,,Active,,,,,,,27-07-2021,,,,,,,,,,,,,,,,,,,,,,,,,,,,,,,,,,,,,,,,,,,,,,,,,,5188.0,Keylong,Kullu,,,,,,,,,,,,,,,,,,,,,,,,,,,,,,,,,,,,,,,,,,,,,,,,,,,,,,,,,,,,,
11809.0,36.0,,Active,,,,,,,14-08-2021,,,,,,,,,,,,,,,,,,,,,,,,,,,,,,,,,,,,,,,,,,,,,,,,,,5191.0,Bilaspur,Bilaspur,,,,,,,,,,,,,,,,,,,,,,,,,,,,,,,,,,,,,,,,,,,,,,,,,,,,,,,,,,,,KANGRA,DERA GOPIPUR
11841.0,36.0,,Active,,,,,,,21-08-2021,,,,,,,,,,,,,,,,,,,,,,,,,,,,,,,,,,,,,,,,,,,,,,,,,,5195.0,Hamirpur,Hamirpur,,,,,,,,,,,,,,,,,,,,,,,,,,,,,,,,,,,,,,,,,,,,,,,,,,,,,,,,,,,,HAMIRPUR,HAMIRPUR
11975.0,36.0,,Active,,,,,,,23-08-2021,,,,,,,,,,,,,,,,,,,,,,,,,,,,,,,,,,,,,,,,,,,,,,,,,,5216.0,Bilaspur,Bilaspur,,,,,,,,,,,,,,,,,,,,,,,,,,,,,,,,,,,,,,,,,,,,,,,,,,,,,,,,,,,,KANGRA,DERA GOPIPUR
11979.0,43.0,,Active,,,,,,,28-07-2021,,,,,,,,,,,,,,,,,,,,,,,,,,,,,,,,,,,,,,,,,,,,,,,,,,5223.0,Gagret,Una,,,,,,,,,,,,,,,,,,,,,,,,,,,,,,,,,,,,,,,,,,,,,,,,,,,,,,,,,,,,UNA,AMB
11980.0,43.0,,Active,,,,,,,28-07-2021,,,,,,,,,,,,,,,,,,,,,,,,,,,,,,,,,,,,,,,,,,,,,,,,,,5224.0,FC Div. Gagret,Swan River Channelization Project ,,,,,,,,,,,,,,,,,,,,,,,,,,,,,,,,,,,,,,,,,,,,,,,,,,,,,,,,,,,,,
11980.0,43.0,,Active,,,,,,,28-07-2021,,,,,,,,,,,,,,,,,,,,,,,,,,,,,,,,,,,,,,,,,,,,,,,,,,5225.0,FC Div. Gagret,Swan River Channelization Project ,,,,,,,,,,,,,,,,,,,,,,,,,,,,,,,,,,,,,,,,,,,,,,,,,,,,,,,,,,,,,
11980.0,43.0,,Active,,,,,,,28-07-2021,,,,,,,,,,,,,,,,,,,,,,,,,,,,,,,,,,,,,,,,,,,,,,,,,,5226.0,FC Div. Gagret,Swan River Channelization Project ,,,,,,,,,,,,,,,,,,,,,,,,,,,,,,,,,,,,,,,,,,,,,,,,,,,,,,,,,,,,,
11980.0,43.0,,Active,,,,,,,28-07-2021,,,,,,,,,,,,,,,,,,,,,,,,,,,,,,,,,,,,,,,,,,,,,,,,,,5227.0,FC Div. Gagret,Swan River Channelization Project ,,,,,,,,,,,,,,,,,,,,,,,,,,,,,,,,,,,,,,,,,,,,,,,,,,,,,,,,,,,,,
11980.0,43.0,,Active,,,,,,,28-07-2021,,,,,,,,,,,,,,,,,,,,,,,,,,,,,,,,,,,,,,,,,,,,,,,,,,5228.0,FC Div. Gagret,Swan River Channelization Project ,,,,,,,,,,,,,,,,,,,,,,,,,,,,,,,,,,,,,,,,,,,,,,,,,,,,,,,,,,,,,
11989.0,1041.0,,Active,,,,,,,28-07-2021,,,,,,,,,,,,,,,,,,,,,,,,,,,,,,,,,,,,,,,,,,,,,,,,,,5239.0,FC Div. Gagret,SRFMP Una,,,,,,,,,,,,,,,,,,,,,,,,,,,,,,,,,,,,,,,,,,,,,,,,,,,,,,,,,,,,,
11989.0,1041.0,,Active,,,,,,,28-07-2021,,,,,,,,,,,,,,,,,,,,,,,,,,,,,,,,,,,,,,,,,,,,,,,,,,5241.0,FC Div. Gagret,SRFMP Una,,,,,,,,,,,,,,,,,,,,,,,,,,,,,,,,,,,,,,,,,,,,,,,,,,,,,,,,,,,,,
11989.0,1041.0,,Active,,,,,,,28-07-2021,,,,,,,,,,,,,,,,,,,,,,,,,,,,,,,,,,,,,,,,,,,,,,,,,,5242.0,FC Div. Gagret,SRFMP Una,,,,,,,,,,,,,,,,,,,,,,,,,,,,,,,,,,,,,,,,,,,,,,,,,,,,,,,,,,,,,
11989.0,1041.0,,Active,,,,,,,28-07-2021,,,,,,,,,,,,,,,,,,,,,,,,,,,,,,,,,,,,,,,,,,,,,,,,,,5243.0,FC Div. Gagret,SRFMP Una,,,,,,,,,,,,,,,,,,,,,,,,,,,,,,,,,,,,,,,,,,,,,,,,,,,,,,,,,,,,,
11989.0,1041.0,,Active,,,,,,,28-07-2021,,,,,,,,,,,,,,,,,,,,,,,,,,,,,,,,,,,,,,,,,,,,,,,,,,5244.0,FC Div. Gagret,SRFMP Una,,,,,,,,,,,,,,,,,,,,,,,,,,,,,,,,,,,,,,,,,,,,,,,,,,,,,,,,,,,,,
11989.0,1041.0,,Active,,,,,,,28-07-2021,,,,,,,,,,,,,,,,,,,,,,,,,,,,,,,,,,,,,,,,,,,,,,,,,,5245.0,FC Div. Gagret,SRFMP Una,,,,,,,,,,,,,,,,,,,,,,,,,,,,,,,,,,,,,,,,,,,,,,,,,,,,,,,,,,,,,
11989.0,1041.0,,Active,,,,,,,28-07-2021,,,,,,,,,,,,,,,,,,,,,,,,,,,,,,,,,,,,,,,,,,,,,,,,,,5247.0,FC Div. Gagret,SRFMP Una,,,,,,,,,,,,,,,,,,,,,,,,,,,,,,,,,,,,,,,,,,,,,,,,,,,,,,,,,,,,,
11989.0,1041.0,,Active,,,,,,,28-07-2021,,,,,,,,,,,,,,,,,,,,,,,,,,,,,,,,,,,,,,,,,,,,,,,,,,5248.0,FC Div. Gagret,SRFMP Una,,,,,,,,,,,,,,,,,,,,,,,,,,,,,,,,,,,,,,,,,,,,,,,,,,,,,,,,,,,,,
11989.0,1041.0,,Active,,,,,,,28-07-2021,,,,,,,,,,,,,,,,,,,,,,,,,,,,,,,,,,,,,,,,,,,,,,,,,,5249.0,FC Div. Gagret,SRFMP Una,,,,,,,,,,,,,,,,,,,,,,,,,,,,,,,,,,,,,,,,,,,,,,,,,,,,,,,,,,,,,
11989.0,1041.0,,Active,,,,,,,28-07-2021,,,,,,,,,,,,,,,,,,,,,,,,,,,,,,,,,,,,,,,,,,,,,,,,,,5250.0,FC Div. Gagret,SRFMP Una,,,,,,,,,,,,,,,,,,,,,,,,,,,,,,,,,,,,,,,,,,,,,,,,,,,,,,,,,,,,,
11989.0,1041.0,,Active,,,,,,,28-07-2021,,,,,,,,,,,,,,,,,,,,,,,,,,,,,,,,,,,,,,,,,,,,,,,,,,5251.0,FC Div. Gagret,SRFMP Una,,,,,,,,,,,,,,,,,,,,,,,,,,,,,,,,,,,,,,,,,,,,,,,,,,,,,,,,,,,,,
11989.0,1041.0,,Active,,,,,,,28-07-2021,,,,,,,,,,,,,,,,,,,,,,,,,,,,,,,,,,,,,,,,,,,,,,,,,,5252.0,FC Div. Gagret,SRFMP Una,,,,,,,,,,,,,,,,,,,,,,,,,,,,,,,,,,,,,,,,,,,,,,,,,,,,,,,,,,,,,
11989.0,1041.0,,Active,,,,,,,28-07-2021,,,,,,,,,,,,,,,,,,,,,,,,,,,,,,,,,,,,,,,,,,,,,,,,,,5253.0,FC Div. Gagret,SRFMP Una,,,,,,,,,,,,,,,,,,,,,,,,,,,,,,,,,,,,,,,,,,,,,,,,,,,,,,,,,,,,,
11989.0,1041.0,,Active,,,,,,,28-07-2021,,,,,,,,,,,,,,,,,,,,,,,,,,,,,,,,,,,,,,,,,,,,,,,,,,5254.0,FC Div. Gagret,SRFMP Una,,,,,,,,,,,,,,,,,,,,,,,,,,,,,,,,,,,,,,,,,,,,,,,,,,,,,,,,,,,,,
11989.0,1041.0,,Active,,,,,,,28-07-2021,,,,,,,,,,,,,,,,,,,,,,,,,,,,,,,,,,,,,,,,,,,,,,,,,,5256.0,FC Div. Gagret,SRFMP Una,,,,,,,,,,,,,,,,,,,,,,,,,,,,,,,,,,,,,,,,,,,,,,,,,,,,,,,,,,,,,
11989.0,1041.0,,Active,,,,,,,28-07-2021,,,,,,,,,,,,,,,,,,,,,,,,,,,,,,,,,,,,,,,,,,,,,,,,,,5257.0,FC Div. Gagret,SRFMP Una,,,,,,,,,,,,,,,,,,,,,,,,,,,,,,,,,,,,,,,,,,,,,,,,,,,,,,,,,,,,,
11989.0,1041.0,,Active,,,,,,,28-07-2021,,,,,,,,,,,,,,,,,,,,,,,,,,,,,,,,,,,,,,,,,,,,,,,,,,5258.0,FC Div. Gagret,SRFMP Una,,,,,,,,,,,,,,,,,,,,,,,,,,,,,,,,,,,,,,,,,,,,,,,,,,,,,,,,,,,,,
11989.0,1041.0,,Active,,,,,,,28-07-2021,,,,,,,,,,,,,,,,,,,,,,,,,,,,,,,,,,,,,,,,,,,,,,,,,,5259.0,FC Div. Gagret,SRFMP Una,,,,,,,,,,,,,,,,,,,,,,,,,,,,,,,,,,,,,,,,,,,,,,,,,,,,,,,,,,,,,
11989.0,1041.0,,Active,,,,,,,28-07-2021,,,,,,,,,,,,,,,,,,,,,,,,,,,,,,,,,,,,,,,,,,,,,,,,,,5260.0,FC Div. Gagret,SRFMP Una,,,,,,,,,,,,,,,,,,,,,,,,,,,,,,,,,,,,,,,,,,,,,,,,,,,,,,,,,,,,,
12009.0,36.0,,Active,,,,,,,26-08-2021,,,,,,,,,,,,,,,,,,,,,,,,,,,,,,,,,,,,,,,,,,,,,,,,,,5261.0,Barsar,Hamirpur,,,,,,,,,,,,,,,,,,,,,,,,,,,,,,,,,,,,,,,,,,,,,,,,,,,,,,,,,,,,UNA,UNA
12035.0,36.0,,Active,,,,,,,27-08-2021,,,,,,,,,,,,,,,,,,,,,,,,,,,,,,,,,,,,,,,,,,,,,,,,,,5266.0,Ghumarwin,Bilaspur,,,,,,,,,,,,,,,,,,,,,,,,,,,,,,,,,,,,,,,,,,,,,,,,,,,,,,,,,,,,BILASPUR,GHUMARWIN
12121.0,36.0,,Active,,,,,,,26-08-2021,,,,,,,,,,,,,,,,,,,,,,,,,,,,,,,,,,,,,,,,,,,,,,,,,,5308.0,Bilaspur,Bilaspur,,,,,,,,,,,,,,,,,,,,,,,,,,,,,,,,,,,,,,,,,,,,,,,,,,,,,,,,,,,,KANGRA,DERA GOPIPUR
12146.0,36.0,,Active,,,,,,,03-09-2021,,,,,,,,,,,,,,,,,,,,,,,,,,,,,,,,,,,,,,,,,,,,,,,,,,5310.0,Jawali,Nurpur,,,,,,,,,,,,,,,,,,,,,,,,,,,,,,,,,,,,,,,,,,,,,,,,,,,,,,,,,,,,MANDI,BALDWARA
12146.0,36.0,,Active,,,,,,,03-09-2021,,,,,,,,,,,,,,,,,,,,,,,,,,,,,,,,,,,,,,,,,,,,,,,,,,5311.0,Jawali,Nurpur,,,,,,,,,,,,,,,,,,,,,,,,,,,,,,,,,,,,,,,,,,,,,,,,,,,,,,,,,,,,MANDI,BALDWARA
12146.0,36.0,,Active,,,,,,,03-09-2021,,,,,,,,,,,,,,,,,,,,,,,,,,,,,,,,,,,,,,,,,,,,,,,,,,5312.0,Jawali,Nurpur,,,,,,,,,,,,,,,,,,,,,,,,,,,,,,,,,,,,,,,,,,,,,,,,,,,,,,,,,,,,MANDI,BALDWARA
12146.0,36.0,,Active,,,,,,,03-09-2021,,,,,,,,,,,,,,,,,,,,,,,,,,,,,,,,,,,,,,,,,,,,,,,,,,5313.0,Jawali,Nurpur,,,,,,,,,,,,,,,,,,,,,,,,,,,,,,,,,,,,,,,,,,,,,,,,,,,,,,,,,,,,MANDI,BALDWARA
12146.0,36.0,,Active,,,,,,,03-09-2021,,,,,,,,,,,,,,,,,,,,,,,,,,,,,,,,,,,,,,,,,,,,,,,,,,5314.0,Jawali,Nurpur,,,,,,,,,,,,,,,,,,,,,,,,,,,,,,,,,,,,,,,,,,,,,,,,,,,,,,,,,,,,MANDI,BALDWARA
12146.0,36.0,,Active,,,,,,,03-09-2021,,,,,,,,,,,,,,,,,,,,,,,,,,,,,,,,,,,,,,,,,,,,,,,,,,5315.0,Jawali,Nurpur,,,,,,,,,,,,,,,,,,,,,,,,,,,,,,,,,,,,,,,,,,,,,,,,,,,,,,,,,,,,MANDI,BALDWARA
12146.0,36.0,,Active,,,,,,,03-09-2021,,,,,,,,,,,,,,,,,,,,,,,,,,,,,,,,,,,,,,,,,,,,,,,,,,5316.0,Jawali,Nurpur,,,,,,,,,,,,,,,,,,,,,,,,,,,,,,,,,,,,,,,,,,,,,,,,,,,,,,,,,,,,MANDI,BALDWARA
12146.0,36.0,,Active,,,,,,,03-09-2021,,,,,,,,,,,,,,,,,,,,,,,,,,,,,,,,,,,,,,,,,,,,,,,,,,5317.0,Jawali,Nurpur,,,,,,,,,,,,,,,,,,,,,,,,,,,,,,,,,,,,,,,,,,,,,,,,,,,,,,,,,,,,MANDI,BALDWARA
12146.0,36.0,,Active,,,,,,,03-09-2021,,,,,,,,,,,,,,,,,,,,,,,,,,,,,,,,,,,,,,,,,,,,,,,,,,5318.0,Jawali,Nurpur,,,,,,,,,,,,,,,,,,,,,,,,,,,,,,,,,,,,,,,,,,,,,,,,,,,,,,,,,,,,MANDI,BALDWARA
12146.0,36.0,,Active,,,,,,,03-09-2021,,,,,,,,,,,,,,,,,,,,,,,,,,,,,,,,,,,,,,,,,,,,,,,,,,5320.0,Jawali,Nurpur,,,,,,,,,,,,,,,,,,,,,,,,,,,,,,,,,,,,,,,,,,,,,,,,,,,,,,,,,,,,MANDI,BALDWARA
12146.0,36.0,,Active,,,,,,,03-09-2021,,,,,,,,,,,,,,,,,,,,,,,,,,,,,,,,,,,,,,,,,,,,,,,,,,5321.0,Jawali,Nurpur,,,,,,,,,,,,,,,,,,,,,,,,,,,,,,,,,,,,,,,,,,,,,,,,,,,,,,,,,,,,MANDI,BALDWARA
12146.0,36.0,,Active,,,,,,,03-09-2021,,,,,,,,,,,,,,,,,,,,,,,,,,,,,,,,,,,,,,,,,,,,,,,,,,5322.0,Jawali,Nurpur,,,,,,,,,,,,,,,,,,,,,,,,,,,,,,,,,,,,,,,,,,,,,,,,,,,,,,,,,,,,MANDI,BALDWARA
12146.0,36.0,,Active,,,,,,,03-09-2021,,,,,,,,,,,,,,,,,,,,,,,,,,,,,,,,,,,,,,,,,,,,,,,,,,5323.0,Jawali,Nurpur,,,,,,,,,,,,,,,,,,,,,,,,,,,,,,,,,,,,,,,,,,,,,,,,,,,,,,,,,,,,MANDI,BALDWARA
12146.0,36.0,,Active,,,,,,,03-09-2021,,,,,,,,,,,,,,,,,,,,,,,,,,,,,,,,,,,,,,,,,,,,,,,,,,5324.0,Jawali,Nurpur,,,,,,,,,,,,,,,,,,,,,,,,,,,,,,,,,,,,,,,,,,,,,,,,,,,,,,,,,,,,MANDI,BALDWARA
12146.0,36.0,,Active,,,,,,,03-09-2021,,,,,,,,,,,,,,,,,,,,,,,,,,,,,,,,,,,,,,,,,,,,,,,,,,5325.0,Jawali,Nurpur,,,,,,,,,,,,,,,,,,,,,,,,,,,,,,,,,,,,,,,,,,,,,,,,,,,,,,,,,,,,MANDI,BALDWARA
12146.0,36.0,,Active,,,,,,,03-09-2021,,,,,,,,,,,,,,,,,,,,,,,,,,,,,,,,,,,,,,,,,,,,,,,,,,5342.0,Jawali,Nurpur,,,,,,,,,,,,,,,,,,,,,,,,,,,,,,,,,,,,,,,,,,,,,,,,,,,,,,,,,,,,MANDI,BALDWARA
12199.0,36.0,,Active,,,,,,,31-08-2021,,,,,,,,,,,,,,,,,,,,,,,,,,,,,,,,,,,,,,,,,,,,,,,,,,5362.0,Bilaspur,Bilaspur,,,,,,,,,,,,,,,,,,,,,,,,,,,,,,,,,,,,,,,,,,,,,,,,,,,,,,,,,,,,KANGRA,DERA GOPIPUR
12203.0,36.0,,Active,,,,,,,07-09-2021,,,,,,,,,,,,,,,,,,,,,,,,,,,,,,,,,,,,,,,,,,,,,,,,,,5364.0,Ghumarwin,Bilaspur,,,,,,,,,,,,,,,,,,,,,,,,,,,,,,,,,,,,,,,,,,,,,,,,,,,,,,,,,,,,BILASPUR,GHUMARWIN
12244.0,1041.0,,Active,,,,,,,09-09-2021,,,,,,,,,,,,,,,,,,,,,,,,,,,,,,,,,,,,,,,,,,,,,,,,,,5366.0,Dehra,Dharmshala,,,,,,,,,,,,,,,,,,,,,,,,,,,,,,,,,,,,,,,,,,,,,,,,,,,,,,,,,,,,CHAMBA,CHURAH
12250.0,36.0,,Active,,,,,,,09-09-2021,,,,,,,,,,,,,,,,,,,,,,,,,,,,,,,,,,,,,,,,,,,,,,,,,,5369.0,Reckong Peo ,Reckong Peo ,,,,,,,,,,,,,,,,,,,,,,,,,,,,,,,,,,,,,,,,,,,,,,,,,,,,,,,,,,,,KINNAUR,KALPA
12250.0,36.0,,Active,,,,,,,09-09-2021,,,,,,,,,,,,,,,,,,,,,,,,,,,,,,,,,,,,,,,,,,,,,,,,,,5370.0,Reckong Peo ,Reckong Peo ,,,,,,,,,,,,,,,,,,,,,,,,,,,,,,,,,,,,,,,,,,,,,,,,,,,,,,,,,,,,KINNAUR,KALPA
12284.0,36.0,,Active,,,,,,,08-09-2021,,,,,,,,,,,,,,,,,,,,,,,,,,,,,,,,,,,,,,,,,,,,,,,,,,5374.0,Jhanduta,Bilaspur,,,,,,,,,,,,,,,,,,,,,,,,,,,,,,,,,,,,,,,,,,,,,,,,,,,,,,,,,,,,SHIMLA,NERWA
12471.0,36.0,,Active,,,,,,,20-09-2021,,,,,,,,,,,,,,,,,,,,,,,,,,,,,,,,,,,,,,,,,,,,,,,,,,5419.0,EE Bhoranj,Hamirpur,,,,,,,,,,,,,,,,,,,,,,,,,,,,,,,,,,,,,,,,,,,,,,,,,,,,,,,,,,,,HAMIRPUR,
12455.0,36.0,,Active,,,,,,,11-09-2021,,,,,,,,,,,,,,,,,,,,,,,,,,,,,,,,,,,,,,,,,,,,,,,,,,5420.0,Bilaspur,Bilaspur,,,,,,,,,,,,,,,,,,,,,,,,,,,,,,,,,,,,,,,,,,,,,,,,,,,,,,,,,,,,KANGRA,DERA GOPIPUR
12457.0,36.0,,Active,,,,,,,16-09-2021,,,,,,,,,,,,,,,,,,,,,,,,,,,,,,,,,,,,,,,,,,,,,,,,,,5421.0,Bilaspur,Bilaspur,,,,,,,,,,,,,,,,,,,,,,,,,,,,,,,,,,,,,,,,,,,,,,,,,,,,,,,,,,,,KANGRA,DERA GOPIPUR
12504.0,36.0,,Active,,,,,,,21-09-2021,,,,,,,,,,,,,,,,,,,,,,,,,,,,,,,,,,,,,,,,,,,,,,,,,,5424.0,Bilaspur,Bilaspur,,,,,,,,,,,,,,,,,,,,,,,,,,,,,,,,,,,,,,,,,,,,,,,,,,,,,,,,,,,,KANGRA,DERA GOPIPUR
12504.0,36.0,,Active,,,,,,,21-09-2021,,,,,,,,,,,,,,,,,,,,,,,,,,,,,,,,,,,,,,,,,,,,,,,,,,5425.0,Ghumarwin,Bilaspur,,,,,,,,,,,,,,,,,,,,,,,,,,,,,,,,,,,,,,,,,,,,,,,,,,,,,,,,,,,,BILASPUR,GHUMARWIN
12504.0,36.0,,Active,,,,,,,21-09-2021,,,,,,,,,,,,,,,,,,,,,,,,,,,,,,,,,,,,,,,,,,,,,,,,,,5426.0,Jhanduta,Bilaspur,,,,,,,,,,,,,,,,,,,,,,,,,,,,,,,,,,,,,,,,,,,,,,,,,,,,,,,,,,,,SHIMLA,NERWA
12540.0,36.0,,Active,,,,,,,23-09-2021,,,,,,,,,,,,,,,,,,,,,,,,,,,,,,,,,,,,,,,,,,,,,,,,,,5430.0,Nurpur,Nurpur,,,,,,,,,,,,,,,,,,,,,,,,,,,,,,,,,,,,,,,,,,,,,,,,,,,,,,,,,,,,KANGRA,NURPUR
12540.0,36.0,,Active,,,,,,,23-09-2021,,,,,,,,,,,,,,,,,,,,,,,,,,,,,,,,,,,,,,,,,,,,,,,,,,5431.0,Nurpur,Nurpur,,,,,,,,,,,,,,,,,,,,,,,,,,,,,,,,,,,,,,,,,,,,,,,,,,,,,,,,,,,,KANGRA,NURPUR
12540.0,36.0,,Active,,,,,,,23-09-2021,,,,,,,,,,,,,,,,,,,,,,,,,,,,,,,,,,,,,,,,,,,,,,,,,,5432.0,Nurpur,Nurpur,,,,,,,,,,,,,,,,,,,,,,,,,,,,,,,,,,,,,,,,,,,,,,,,,,,,,,,,,,,,KANGRA,NURPUR
12578.0,36.0,,Active,,,,,,,12-07-2021,,,,,,,,,,,,,,,,,,,,,,,,,,,,,,,,,,,,,,,,,,,,,,,,,,5445.0,Fatehpur,Nurpur,,,,,,,,,,,,,,,,,,,,,,,,,,,,,,,,,,,,,,,,,,,,,,,,,,,,,,,,,,,,CHAMBA,CHAMBA
12578.0,36.0,,Active,,,,,,,12-07-2021,,,,,,,,,,,,,,,,,,,,,,,,,,,,,,,,,,,,,,,,,,,,,,,,,,5446.0,Fatehpur,Nurpur,,,,,,,,,,,,,,,,,,,,,,,,,,,,,,,,,,,,,,,,,,,,,,,,,,,,,,,,,,,,CHAMBA,CHAMBA
12578.0,36.0,,Active,,,,,,,12-07-2021,,,,,,,,,,,,,,,,,,,,,,,,,,,,,,,,,,,,,,,,,,,,,,,,,,5447.0,Fatehpur,Nurpur,,,,,,,,,,,,,,,,,,,,,,,,,,,,,,,,,,,,,,,,,,,,,,,,,,,,,,,,,,,,CHAMBA,CHAMBA
12578.0,36.0,,Active,,,,,,,12-07-2021,,,,,,,,,,,,,,,,,,,,,,,,,,,,,,,,,,,,,,,,,,,,,,,,,,5448.0,Fatehpur,Nurpur,,,,,,,,,,,,,,,,,,,,,,,,,,,,,,,,,,,,,,,,,,,,,,,,,,,,,,,,,,,,CHAMBA,CHAMBA
12578.0,36.0,,Active,,,,,,,12-07-2021,,,,,,,,,,,,,,,,,,,,,,,,,,,,,,,,,,,,,,,,,,,,,,,,,,5449.0,Fatehpur,Nurpur,,,,,,,,,,,,,,,,,,,,,,,,,,,,,,,,,,,,,,,,,,,,,,,,,,,,,,,,,,,,CHAMBA,CHAMBA
12578.0,36.0,,Active,,,,,,,12-07-2021,,,,,,,,,,,,,,,,,,,,,,,,,,,,,,,,,,,,,,,,,,,,,,,,,,5450.0,Fatehpur,Nurpur,,,,,,,,,,,,,,,,,,,,,,,,,,,,,,,,,,,,,,,,,,,,,,,,,,,,,,,,,,,,CHAMBA,CHAMBA
12578.0,36.0,,Active,,,,,,,12-07-2021,,,,,,,,,,,,,,,,,,,,,,,,,,,,,,,,,,,,,,,,,,,,,,,,,,5451.0,Fatehpur,Nurpur,,,,,,,,,,,,,,,,,,,,,,,,,,,,,,,,,,,,,,,,,,,,,,,,,,,,,,,,,,,,CHAMBA,CHAMBA
12578.0,36.0,,Active,,,,,,,12-07-2021,,,,,,,,,,,,,,,,,,,,,,,,,,,,,,,,,,,,,,,,,,,,,,,,,,5452.0,Indora,Nurpur,,,,,,,,,,,,,,,,,,,,,,,,,,,,,,,,,,,,,,,,,,,,,,,,,,,,,,,,,,,,KANGRA,INDORA
12578.0,36.0,,Active,,,,,,,12-07-2021,,,,,,,,,,,,,,,,,,,,,,,,,,,,,,,,,,,,,,,,,,,,,,,,,,5453.0,Indora,Nurpur,,,,,,,,,,,,,,,,,,,,,,,,,,,,,,,,,,,,,,,,,,,,,,,,,,,,,,,,,,,,KANGRA,INDORA
12578.0,36.0,,Active,,,,,,,12-07-2021,,,,,,,,,,,,,,,,,,,,,,,,,,,,,,,,,,,,,,,,,,,,,,,,,,5454.0,Indora,Nurpur,,,,,,,,,,,,,,,,,,,,,,,,,,,,,,,,,,,,,,,,,,,,,,,,,,,,,,,,,,,,KANGRA,INDORA
12578.0,36.0,,Active,,,,,,,12-07-2021,,,,,,,,,,,,,,,,,,,,,,,,,,,,,,,,,,,,,,,,,,,,,,,,,,5455.0,Indora,Nurpur,,,,,,,,,,,,,,,,,,,,,,,,,,,,,,,,,,,,,,,,,,,,,,,,,,,,,,,,,,,,KANGRA,INDORA
12578.0,36.0,,Active,,,,,,,12-07-2021,,,,,,,,,,,,,,,,,,,,,,,,,,,,,,,,,,,,,,,,,,,,,,,,,,5456.0,Indora,Nurpur,,,,,,,,,,,,,,,,,,,,,,,,,,,,,,,,,,,,,,,,,,,,,,,,,,,,,,,,,,,,KANGRA,INDORA
12578.0,36.0,,Active,,,,,,,12-07-2021,,,,,,,,,,,,,,,,,,,,,,,,,,,,,,,,,,,,,,,,,,,,,,,,,,5457.0,Jawali,Nurpur,,,,,,,,,,,,,,,,,,,,,,,,,,,,,,,,,,,,,,,,,,,,,,,,,,,,,,,,,,,,MANDI,BALDWARA
12578.0,36.0,,Active,,,,,,,12-07-2021,,,,,,,,,,,,,,,,,,,,,,,,,,,,,,,,,,,,,,,,,,,,,,,,,,5458.0,Jawali,Nurpur,,,,,,,,,,,,,,,,,,,,,,,,,,,,,,,,,,,,,,,,,,,,,,,,,,,,,,,,,,,,MANDI,BALDWARA
12578.0,36.0,,Active,,,,,,,12-07-2021,,,,,,,,,,,,,,,,,,,,,,,,,,,,,,,,,,,,,,,,,,,,,,,,,,5459.0,Jawali,Nurpur,,,,,,,,,,,,,,,,,,,,,,,,,,,,,,,,,,,,,,,,,,,,,,,,,,,,,,,,,,,,MANDI,BALDWARA
12578.0,36.0,,Active,,,,,,,12-07-2021,,,,,,,,,,,,,,,,,,,,,,,,,,,,,,,,,,,,,,,,,,,,,,,,,,5460.0,Jawali,Nurpur,,,,,,,,,,,,,,,,,,,,,,,,,,,,,,,,,,,,,,,,,,,,,,,,,,,,,,,,,,,,MANDI,BALDWARA
12578.0,36.0,,Active,,,,,,,12-07-2021,,,,,,,,,,,,,,,,,,,,,,,,,,,,,,,,,,,,,,,,,,,,,,,,,,5461.0,Jawali,Nurpur,,,,,,,,,,,,,,,,,,,,,,,,,,,,,,,,,,,,,,,,,,,,,,,,,,,,,,,,,,,,MANDI,BALDWARA
12578.0,36.0,,Active,,,,,,,12-07-2021,,,,,,,,,,,,,,,,,,,,,,,,,,,,,,,,,,,,,,,,,,,,,,,,,,5462.0,Jawali,Nurpur,,,,,,,,,,,,,,,,,,,,,,,,,,,,,,,,,,,,,,,,,,,,,,,,,,,,,,,,,,,,MANDI,BALDWARA
12578.0,36.0,,Active,,,,,,,12-07-2021,,,,,,,,,,,,,,,,,,,,,,,,,,,,,,,,,,,,,,,,,,,,,,,,,,5463.0,Jawali,Nurpur,,,,,,,,,,,,,,,,,,,,,,,,,,,,,,,,,,,,,,,,,,,,,,,,,,,,,,,,,,,,MANDI,BALDWARA
12578.0,36.0,,Active,,,,,,,12-07-2021,,,,,,,,,,,,,,,,,,,,,,,,,,,,,,,,,,,,,,,,,,,,,,,,,,5464.0,Jawali,Nurpur,,,,,,,,,,,,,,,,,,,,,,,,,,,,,,,,,,,,,,,,,,,,,,,,,,,,,,,,,,,,MANDI,BALDWARA
12578.0,36.0,,Active,,,,,,,12-07-2021,,,,,,,,,,,,,,,,,,,,,,,,,,,,,,,,,,,,,,,,,,,,,,,,,,5465.0,Jawali,Nurpur,,,,,,,,,,,,,,,,,,,,,,,,,,,,,,,,,,,,,,,,,,,,,,,,,,,,,,,,,,,,MANDI,BALDWARA
12578.0,36.0,,Active,,,,,,,12-07-2021,,,,,,,,,,,,,,,,,,,,,,,,,,,,,,,,,,,,,,,,,,,,,,,,,,5466.0,Nurpur,Nurpur,,,,,,,,,,,,,,,,,,,,,,,,,,,,,,,,,,,,,,,,,,,,,,,,,,,,,,,,,,,,KANGRA,NURPUR
12578.0,36.0,,Active,,,,,,,12-07-2021,,,,,,,,,,,,,,,,,,,,,,,,,,,,,,,,,,,,,,,,,,,,,,,,,,5467.0,Nurpur,Nurpur,,,,,,,,,,,,,,,,,,,,,,,,,,,,,,,,,,,,,,,,,,,,,,,,,,,,,,,,,,,,KANGRA,NURPUR
12578.0,36.0,,Active,,,,,,,12-07-2021,,,,,,,,,,,,,,,,,,,,,,,,,,,,,,,,,,,,,,,,,,,,,,,,,,5468.0,Nurpur,Nurpur,,,,,,,,,,,,,,,,,,,,,,,,,,,,,,,,,,,,,,,,,,,,,,,,,,,,,,,,,,,,KANGRA,NURPUR
12578.0,36.0,,Active,,,,,,,12-07-2021,,,,,,,,,,,,,,,,,,,,,,,,,,,,,,,,,,,,,,,,,,,,,,,,,,5469.0,Nurpur,Nurpur,,,,,,,,,,,,,,,,,,,,,,,,,,,,,,,,,,,,,,,,,,,,,,,,,,,,,,,,,,,,KANGRA,NURPUR
12578.0,36.0,,Active,,,,,,,12-07-2021,,,,,,,,,,,,,,,,,,,,,,,,,,,,,,,,,,,,,,,,,,,,,,,,,,5470.0,Nurpur,Nurpur,,,,,,,,,,,,,,,,,,,,,,,,,,,,,,,,,,,,,,,,,,,,,,,,,,,,,,,,,,,,KANGRA,NURPUR
12578.0,36.0,,Active,,,,,,,12-07-2021,,,,,,,,,,,,,,,,,,,,,,,,,,,,,,,,,,,,,,,,,,,,,,,,,,5473.0,Nurpur,Nurpur,,,,,,,,,,,,,,,,,,,,,,,,,,,,,,,,,,,,,,,,,,,,,,,,,,,,,,,,,,,,KANGRA,NURPUR
12578.0,36.0,,Active,,,,,,,12-07-2021,,,,,,,,,,,,,,,,,,,,,,,,,,,,,,,,,,,,,,,,,,,,,,,,,,5474.0,Nurpur,Nurpur,,,,,,,,,,,,,,,,,,,,,,,,,,,,,,,,,,,,,,,,,,,,,,,,,,,,,,,,,,,,KANGRA,NURPUR
12578.0,36.0,,Active,,,,,,,12-07-2021,,,,,,,,,,,,,,,,,,,,,,,,,,,,,,,,,,,,,,,,,,,,,,,,,,5475.0,S/terrace,Nurpur,,,,,,,,,,,,,,,,,,,,,,,,,,,,,,,,,,,,,,,,,,,,,,,,,,,,,,,,,,,,,
12578.0,36.0,,Active,,,,,,,12-07-2021,,,,,,,,,,,,,,,,,,,,,,,,,,,,,,,,,,,,,,,,,,,,,,,,,,5476.0,Phina Singh Project,Nurpur,,,,,,,,,,,,,,,,,,,,,,,,,,,,,,,,,,,,,,,,,,,,,,,,,,,,,,,,,,,,,
11092.0,36.0,,Active,,,,,,,17-07-2021,,,,,,,,,,,,,,,,,,,,,,,,,,,,,,,,,,,,,,,,,,,,,,,,,,5477.0,Nurpur,Nurpur,,,,,,,,,,,,,,,,,,,,,,,,,,,,,,,,,,,,,,,,,,,,,,,,,,,,,,,,,,,,KANGRA,NURPUR
11092.0,36.0,,Active,,,,,,,17-07-2021,,,,,,,,,,,,,,,,,,,,,,,,,,,,,,,,,,,,,,,,,,,,,,,,,,5478.0,Nurpur,Nurpur,,,,,,,,,,,,,,,,,,,,,,,,,,,,,,,,,,,,,,,,,,,,,,,,,,,,,,,,,,,,KANGRA,NURPUR
11092.0,36.0,,Active,,,,,,,17-07-2021,,,,,,,,,,,,,,,,,,,,,,,,,,,,,,,,,,,,,,,,,,,,,,,,,,5479.0,Nurpur,Nurpur,,,,,,,,,,,,,,,,,,,,,,,,,,,,,,,,,,,,,,,,,,,,,,,,,,,,,,,,,,,,KANGRA,NURPUR
11092.0,36.0,,Active,,,,,,,17-07-2021,,,,,,,,,,,,,,,,,,,,,,,,,,,,,,,,,,,,,,,,,,,,,,,,,,5480.0,Nurpur,Nurpur,,,,,,,,,,,,,,,,,,,,,,,,,,,,,,,,,,,,,,,,,,,,,,,,,,,,,,,,,,,,KANGRA,NURPUR
12608.0,43.0,,Active,,,,,,,08-07-2021,,,,,,,,,,,,,,,,,,,,,,,,,,,,,,,,,,,,,,,,,,,,,,,,,,5481.0,Nurpur,Nurpur,,,,,,,,,,,,,,,,,,,,,,,,,,,,,,,,,,,,,,,,,,,,,,,,,,,,,,,,,,,,KANGRA,NURPUR
12608.0,36.0,,Active,,,,,,,08-07-2021,,,,,,,,,,,,,,,,,,,,,,,,,,,,,,,,,,,,,,,,,,,,,,,,,,5482.0,Nurpur,Nurpur,,,,,,,,,,,,,,,,,,,,,,,,,,,,,,,,,,,,,,,,,,,,,,,,,,,,,,,,,,,,KANGRA,NURPUR
12608.0,36.0,,Active,,,,,,,08-07-2021,,,,,,,,,,,,,,,,,,,,,,,,,,,,,,,,,,,,,,,,,,,,,,,,,,5484.0,Nurpur,Nurpur,,,,,,,,,,,,,,,,,,,,,,,,,,,,,,,,,,,,,,,,,,,,,,,,,,,,,,,,,,,,KANGRA,NURPUR
12608.0,36.0,,Active,,,,,,,08-07-2021,,,,,,,,,,,,,,,,,,,,,,,,,,,,,,,,,,,,,,,,,,,,,,,,,,5485.0,Nurpur,Nurpur,,,,,,,,,,,,,,,,,,,,,,,,,,,,,,,,,,,,,,,,,,,,,,,,,,,,,,,,,,,,KANGRA,NURPUR
12608.0,36.0,,Active,,,,,,,08-07-2021,,,,,,,,,,,,,,,,,,,,,,,,,,,,,,,,,,,,,,,,,,,,,,,,,,5486.0,Nurpur,Nurpur,,,,,,,,,,,,,,,,,,,,,,,,,,,,,,,,,,,,,,,,,,,,,,,,,,,,,,,,,,,,KANGRA,NURPUR
12629.0,36.0,,Active,,,,,,,23-09-2021,,,,,,,,,,,,,,,,,,,,,,,,,,,,,,,,,,,,,,,,,,,,,,,,,,5492.0,Ghumarwin,Bilaspur,,,,,,,,,,,,,,,,,,,,,,,,,,,,,,,,,,,,,,,,,,,,,,,,,,,,,,,,,,,,BILASPUR,GHUMARWIN
12640.0,43.0,,Active,,,,,,,29-09-2021,,,,,,,,,,,,,,,,,,,,,,,,,,,,,,,,,,,,,,,,,,,,,,,,,,5493.0,Fatehpur,Nurpur,,,,,,,,,,,,,,,,,,,,,,,,,,,,,,,,,,,,,,,,,,,,,,,,,,,,,,,,,,,,CHAMBA,CHAMBA
12640.0,43.0,,Active,,,,,,,29-09-2021,,,,,,,,,,,,,,,,,,,,,,,,,,,,,,,,,,,,,,,,,,,,,,,,,,5494.0,Fatehpur,Nurpur,,,,,,,,,,,,,,,,,,,,,,,,,,,,,,,,,,,,,,,,,,,,,,,,,,,,,,,,,,,,CHAMBA,CHAMBA
12578.0,36.0,,Active,,,,,,,12-07-2021,,,,,,,,,,,,,,,,,,,,,,,,,,,,,,,,,,,,,,,,,,,,,,,,,,5498.0,Indora,Nurpur,,,,,,,,,,,,,,,,,,,,,,,,,,,,,,,,,,,,,,,,,,,,,,,,,,,,,,,,,,,,KANGRA,INDORA
11639.0,36.0,,Active,,,,,,,05-08-2021,,,,,,,,,,,,,,,,,,,,,,,,,,,,,,,,,,,,,,,,,,,,,,,,,,5499.0,Indora,Nurpur,,,,,,,,,,,,,,,,,,,,,,,,,,,,,,,,,,,,,,,,,,,,,,,,,,,,,,,,,,,,KANGRA,INDORA
12640.0,43.0,,Active,,,,,,,29-09-2021,,,,,,,,,,,,,,,,,,,,,,,,,,,,,,,,,,,,,,,,,,,,,,,,,,5500.0,Fatehpur,Nurpur,,,,,,,,,,,,,,,,,,,,,,,,,,,,,,,,,,,,,,,,,,,,,,,,,,,,,,,,,,,,CHAMBA,CHAMBA
12640.0,36.0,,Active,,,,,,,29-09-2021,,,,,,,,,,,,,,,,,,,,,,,,,,,,,,,,,,,,,,,,,,,,,,,,,,5502.0,Fatehpur,Nurpur,,,,,,,,,,,,,,,,,,,,,,,,,,,,,,,,,,,,,,,,,,,,,,,,,,,,,,,,,,,,CHAMBA,CHAMBA
12640.0,36.0,,Active,,,,,,,29-09-2021,,,,,,,,,,,,,,,,,,,,,,,,,,,,,,,,,,,,,,,,,,,,,,,,,,5503.0,Fatehpur,Nurpur,,,,,,,,,,,,,,,,,,,,,,,,,,,,,,,,,,,,,,,,,,,,,,,,,,,,,,,,,,,,CHAMBA,CHAMBA
12640.0,36.0,,Active,,,,,,,29-09-2021,,,,,,,,,,,,,,,,,,,,,,,,,,,,,,,,,,,,,,,,,,,,,,,,,,5504.0,Fatehpur,Nurpur,,,,,,,,,,,,,,,,,,,,,,,,,,,,,,,,,,,,,,,,,,,,,,,,,,,,,,,,,,,,CHAMBA,CHAMBA
12640.0,36.0,,Active,,,,,,,29-09-2021,,,,,,,,,,,,,,,,,,,,,,,,,,,,,,,,,,,,,,,,,,,,,,,,,,5505.0,Fatehpur,Nurpur,,,,,,,,,,,,,,,,,,,,,,,,,,,,,,,,,,,,,,,,,,,,,,,,,,,,,,,,,,,,CHAMBA,CHAMBA
12640.0,36.0,,Active,,,,,,,29-09-2021,,,,,,,,,,,,,,,,,,,,,,,,,,,,,,,,,,,,,,,,,,,,,,,,,,5506.0,Fatehpur,Nurpur,,,,,,,,,,,,,,,,,,,,,,,,,,,,,,,,,,,,,,,,,,,,,,,,,,,,,,,,,,,,CHAMBA,CHAMBA
12640.0,36.0,,Active,,,,,,,29-09-2021,,,,,,,,,,,,,,,,,,,,,,,,,,,,,,,,,,,,,,,,,,,,,,,,,,5507.0,Jawali,Nurpur,,,,,,,,,,,,,,,,,,,,,,,,,,,,,,,,,,,,,,,,,,,,,,,,,,,,,,,,,,,,MANDI,BALDWARA
12640.0,36.0,,Active,,,,,,,29-09-2021,,,,,,,,,,,,,,,,,,,,,,,,,,,,,,,,,,,,,,,,,,,,,,,,,,5508.0,Jawali,Nurpur,,,,,,,,,,,,,,,,,,,,,,,,,,,,,,,,,,,,,,,,,,,,,,,,,,,,,,,,,,,,MANDI,BALDWARA
12640.0,36.0,,Active,,,,,,,29-09-2021,,,,,,,,,,,,,,,,,,,,,,,,,,,,,,,,,,,,,,,,,,,,,,,,,,5509.0,Jawali,Nurpur,,,,,,,,,,,,,,,,,,,,,,,,,,,,,,,,,,,,,,,,,,,,,,,,,,,,,,,,,,,,MANDI,BALDWARA
12640.0,36.0,,Active,,,,,,,29-09-2021,,,,,,,,,,,,,,,,,,,,,,,,,,,,,,,,,,,,,,,,,,,,,,,,,,5510.0,Jawali,Nurpur,,,,,,,,,,,,,,,,,,,,,,,,,,,,,,,,,,,,,,,,,,,,,,,,,,,,,,,,,,,,MANDI,BALDWARA
12640.0,36.0,,Active,,,,,,,29-09-2021,,,,,,,,,,,,,,,,,,,,,,,,,,,,,,,,,,,,,,,,,,,,,,,,,,5511.0,Jawali,Nurpur,,,,,,,,,,,,,,,,,,,,,,,,,,,,,,,,,,,,,,,,,,,,,,,,,,,,,,,,,,,,MANDI,BALDWARA
12640.0,36.0,,Active,,,,,,,29-09-2021,,,,,,,,,,,,,,,,,,,,,,,,,,,,,,,,,,,,,,,,,,,,,,,,,,5512.0,Jawali,Nurpur,,,,,,,,,,,,,,,,,,,,,,,,,,,,,,,,,,,,,,,,,,,,,,,,,,,,,,,,,,,,MANDI,BALDWARA
12640.0,36.0,,Active,,,,,,,29-09-2021,,,,,,,,,,,,,,,,,,,,,,,,,,,,,,,,,,,,,,,,,,,,,,,,,,5513.0,Jawali,Nurpur,,,,,,,,,,,,,,,,,,,,,,,,,,,,,,,,,,,,,,,,,,,,,,,,,,,,,,,,,,,,MANDI,BALDWARA
12640.0,36.0,,Active,,,,,,,29-09-2021,,,,,,,,,,,,,,,,,,,,,,,,,,,,,,,,,,,,,,,,,,,,,,,,,,5514.0,Jawali,Nurpur,,,,,,,,,,,,,,,,,,,,,,,,,,,,,,,,,,,,,,,,,,,,,,,,,,,,,,,,,,,,MANDI,BALDWARA
12640.0,36.0,,Active,,,,,,,29-09-2021,,,,,,,,,,,,,,,,,,,,,,,,,,,,,,,,,,,,,,,,,,,,,,,,,,5515.0,Jawali,Nurpur,,,,,,,,,,,,,,,,,,,,,,,,,,,,,,,,,,,,,,,,,,,,,,,,,,,,,,,,,,,,MANDI,BALDWARA
12697.0,36.0,,Active,,,,,,,28-07-2021,,,,,,,,,,,,,,,,,,,,,,,,,,,,,,,,,,,,,,,,,,,,,,,,,,5516.0,Chamba,Chamba,,,,,,,,,,,,,,,,,,,,,,,,,,,,,,,,,,,,,,,,,,,,,,,,,,,,,,,,,,,,CHAMBA,CHAMBA
12640.0,36.0,,Active,,,,,,,29-09-2021,,,,,,,,,,,,,,,,,,,,,,,,,,,,,,,,,,,,,,,,,,,,,,,,,,5517.0,Jawali,Nurpur,,,,,,,,,,,,,,,,,,,,,,,,,,,,,,,,,,,,,,,,,,,,,,,,,,,,,,,,,,,,MANDI,BALDWARA
12640.0,36.0,,Active,,,,,,,29-09-2021,,,,,,,,,,,,,,,,,,,,,,,,,,,,,,,,,,,,,,,,,,,,,,,,,,5518.0,Jawali,Nurpur,,,,,,,,,,,,,,,,,,,,,,,,,,,,,,,,,,,,,,,,,,,,,,,,,,,,,,,,,,,,MANDI,BALDWARA
12640.0,36.0,,Active,,,,,,,29-09-2021,,,,,,,,,,,,,,,,,,,,,,,,,,,,,,,,,,,,,,,,,,,,,,,,,,5519.0,Jawali,Nurpur,,,,,,,,,,,,,,,,,,,,,,,,,,,,,,,,,,,,,,,,,,,,,,,,,,,,,,,,,,,,MANDI,BALDWARA
12700.0,36.0,,Active,,,,,,,04-10-2021,,,,,,,,,,,,,,,,,,,,,,,,,,,,,,,,,,,,,,,,,,,,,,,,,,5520.0,Nurpur,Nurpur,,,,,,,,,,,,,,,,,,,,,,,,,,,,,,,,,,,,,,,,,,,,,,,,,,,,,,,,,,,,KANGRA,NURPUR
12700.0,36.0,,Active,,,,,,,04-10-2021,,,,,,,,,,,,,,,,,,,,,,,,,,,,,,,,,,,,,,,,,,,,,,,,,,5521.0,Nurpur,Nurpur,,,,,,,,,,,,,,,,,,,,,,,,,,,,,,,,,,,,,,,,,,,,,,,,,,,,,,,,,,,,KANGRA,NURPUR
12700.0,36.0,,Active,,,,,,,04-10-2021,,,,,,,,,,,,,,,,,,,,,,,,,,,,,,,,,,,,,,,,,,,,,,,,,,5522.0,Nurpur,Nurpur,,,,,,,,,,,,,,,,,,,,,,,,,,,,,,,,,,,,,,,,,,,,,,,,,,,,,,,,,,,,KANGRA,NURPUR
12700.0,36.0,,Active,,,,,,,04-10-2021,,,,,,,,,,,,,,,,,,,,,,,,,,,,,,,,,,,,,,,,,,,,,,,,,,5528.0,Nurpur,Nurpur,,,,,,,,,,,,,,,,,,,,,,,,,,,,,,,,,,,,,,,,,,,,,,,,,,,,,,,,,,,,KANGRA,NURPUR
12700.0,36.0,,Active,,,,,,,04-10-2021,,,,,,,,,,,,,,,,,,,,,,,,,,,,,,,,,,,,,,,,,,,,,,,,,,5531.0,Jawali,Nurpur,,,,,,,,,,,,,,,,,,,,,,,,,,,,,,,,,,,,,,,,,,,,,,,,,,,,,,,,,,,,MANDI,BALDWARA
12700.0,36.0,,Active,,,,,,,04-10-2021,,,,,,,,,,,,,,,,,,,,,,,,,,,,,,,,,,,,,,,,,,,,,,,,,,5532.0,Jawali,Nurpur,,,,,,,,,,,,,,,,,,,,,,,,,,,,,,,,,,,,,,,,,,,,,,,,,,,,,,,,,,,,MANDI,BALDWARA
12700.0,36.0,,Active,,,,,,,04-10-2021,,,,,,,,,,,,,,,,,,,,,,,,,,,,,,,,,,,,,,,,,,,,,,,,,,5534.0,Jawali,Nurpur,,,,,,,,,,,,,,,,,,,,,,,,,,,,,,,,,,,,,,,,,,,,,,,,,,,,,,,,,,,,MANDI,BALDWARA
12700.0,36.0,,Active,,,,,,,04-10-2021,,,,,,,,,,,,,,,,,,,,,,,,,,,,,,,,,,,,,,,,,,,,,,,,,,5537.0,Jawali,Nurpur,,,,,,,,,,,,,,,,,,,,,,,,,,,,,,,,,,,,,,,,,,,,,,,,,,,,,,,,,,,,MANDI,BALDWARA
12711.0,36.0,,Active,,,,,,,04-10-2021,,,,,,,,,,,,,,,,,,,,,,,,,,,,,,,,,,,,,,,,,,,,,,,,,,5538.0,Jawali,Nurpur,,,,,,,,,,,,,,,,,,,,,,,,,,,,,,,,,,,,,,,,,,,,,,,,,,,,,,,,,,,,MANDI,BALDWARA
12711.0,36.0,,Active,,,,,,,04-10-2021,,,,,,,,,,,,,,,,,,,,,,,,,,,,,,,,,,,,,,,,,,,,,,,,,,5539.0,Jawali,Nurpur,,,,,,,,,,,,,,,,,,,,,,,,,,,,,,,,,,,,,,,,,,,,,,,,,,,,,,,,,,,,MANDI,BALDWARA
12711.0,36.0,,Active,,,,,,,04-10-2021,,,,,,,,,,,,,,,,,,,,,,,,,,,,,,,,,,,,,,,,,,,,,,,,,,5540.0,Jawali,Nurpur,,,,,,,,,,,,,,,,,,,,,,,,,,,,,,,,,,,,,,,,,,,,,,,,,,,,,,,,,,,,MANDI,BALDWARA
12711.0,36.0,,Active,,,,,,,04-10-2021,,,,,,,,,,,,,,,,,,,,,,,,,,,,,,,,,,,,,,,,,,,,,,,,,,5541.0,Jawali,Nurpur,,,,,,,,,,,,,,,,,,,,,,,,,,,,,,,,,,,,,,,,,,,,,,,,,,,,,,,,,,,,MANDI,BALDWARA
12711.0,36.0,,Active,,,,,,,04-10-2021,,,,,,,,,,,,,,,,,,,,,,,,,,,,,,,,,,,,,,,,,,,,,,,,,,5542.0,Jawali,Nurpur,,,,,,,,,,,,,,,,,,,,,,,,,,,,,,,,,,,,,,,,,,,,,,,,,,,,,,,,,,,,MANDI,BALDWARA
12711.0,36.0,,Active,,,,,,,04-10-2021,,,,,,,,,,,,,,,,,,,,,,,,,,,,,,,,,,,,,,,,,,,,,,,,,,5543.0,Jawali,Nurpur,,,,,,,,,,,,,,,,,,,,,,,,,,,,,,,,,,,,,,,,,,,,,,,,,,,,,,,,,,,,MANDI,BALDWARA
12711.0,36.0,,Active,,,,,,,04-10-2021,,,,,,,,,,,,,,,,,,,,,,,,,,,,,,,,,,,,,,,,,,,,,,,,,,5544.0,Jawali,Nurpur,,,,,,,,,,,,,,,,,,,,,,,,,,,,,,,,,,,,,,,,,,,,,,,,,,,,,,,,,,,,MANDI,BALDWARA
5238.0,36.0,,Active,,,,,,,05-09-2020,,,,,,,,,,,,,,,,,,,,,,,,,,,,,,,,,,,,,,,,,,,,,,,,,,5545.0,Indora,Nurpur,,,,,,,,,,,,,,,,,,,,,,,,,,,,,,,,,,,,,,,,,,,,,,,,,,,,,,,,,,,,KANGRA,INDORA
12716.0,1041.0,,Active,,,,,,,10-09-2021,,,,,,,,,,,,,,,,,,,,,,,,,,,,,,,,,,,,,,,,,,,,,,,,,,5547.0,FC Div. Gagret,SRFMP Una,,,,,,,,,,,,,,,,,,,,,,,,,,,,,,,,,,,,,,,,,,,,,,,,,,,,,,,,,,,,,
12716.0,1041.0,,Active,,,,,,,10-09-2021,,,,,,,,,,,,,,,,,,,,,,,,,,,,,,,,,,,,,,,,,,,,,,,,,,5548.0,FC Div. Gagret,SRFMP Una,,,,,,,,,,,,,,,,,,,,,,,,,,,,,,,,,,,,,,,,,,,,,,,,,,,,,,,,,,,,,
12716.0,1041.0,,Active,,,,,,,10-09-2021,,,,,,,,,,,,,,,,,,,,,,,,,,,,,,,,,,,,,,,,,,,,,,,,,,5549.0,FC Div. Gagret,SRFMP Una,,,,,,,,,,,,,,,,,,,,,,,,,,,,,,,,,,,,,,,,,,,,,,,,,,,,,,,,,,,,,
12716.0,1041.0,,Active,,,,,,,10-09-2021,,,,,,,,,,,,,,,,,,,,,,,,,,,,,,,,,,,,,,,,,,,,,,,,,,5552.0,FC Div. Gagret,SRFMP Una,,,,,,,,,,,,,,,,,,,,,,,,,,,,,,,,,,,,,,,,,,,,,,,,,,,,,,,,,,,,,
12716.0,1041.0,,Active,,,,,,,10-09-2021,,,,,,,,,,,,,,,,,,,,,,,,,,,,,,,,,,,,,,,,,,,,,,,,,,5553.0,FC Div. Gagret,SRFMP Una,,,,,,,,,,,,,,,,,,,,,,,,,,,,,,,,,,,,,,,,,,,,,,,,,,,,,,,,,,,,,
12718.0,1041.0,,Active,,,,,,,23-09-2021,,,,,,,,,,,,,,,,,,,,,,,,,,,,,,,,,,,,,,,,,,,,,,,,,,5554.0,FC Div. Gagret,SRFMP Una,,,,,,,,,,,,,,,,,,,,,,,,,,,,,,,,,,,,,,,,,,,,,,,,,,,,,,,,,,,,,
12718.0,1041.0,,Active,,,,,,,23-09-2021,,,,,,,,,,,,,,,,,,,,,,,,,,,,,,,,,,,,,,,,,,,,,,,,,,5555.0,FC Div. Gagret,SRFMP Una,,,,,,,,,,,,,,,,,,,,,,,,,,,,,,,,,,,,,,,,,,,,,,,,,,,,,,,,,,,,,
12718.0,1041.0,,Active,,,,,,,23-09-2021,,,,,,,,,,,,,,,,,,,,,,,,,,,,,,,,,,,,,,,,,,,,,,,,,,5556.0,FC Div. Gagret,SRFMP Una,,,,,,,,,,,,,,,,,,,,,,,,,,,,,,,,,,,,,,,,,,,,,,,,,,,,,,,,,,,,,
12718.0,1041.0,,Active,,,,,,,23-09-2021,,,,,,,,,,,,,,,,,,,,,,,,,,,,,,,,,,,,,,,,,,,,,,,,,,5557.0,FC Div. Gagret,SRFMP Una,,,,,,,,,,,,,,,,,,,,,,,,,,,,,,,,,,,,,,,,,,,,,,,,,,,,,,,,,,,,,
12718.0,1041.0,,Active,,,,,,,23-09-2021,,,,,,,,,,,,,,,,,,,,,,,,,,,,,,,,,,,,,,,,,,,,,,,,,,5561.0,FC Div. Gagret,SRFMP Una,,,,,,,,,,,,,,,,,,,,,,,,,,,,,,,,,,,,,,,,,,,,,,,,,,,,,,,,,,,,,
12718.0,1041.0,,Active,,,,,,,23-09-2021,,,,,,,,,,,,,,,,,,,,,,,,,,,,,,,,,,,,,,,,,,,,,,,,,,5563.0,FC Div. Gagret,SRFMP Una,,,,,,,,,,,,,,,,,,,,,,,,,,,,,,,,,,,,,,,,,,,,,,,,,,,,,,,,,,,,,
12718.0,1041.0,,Active,,,,,,,23-09-2021,,,,,,,,,,,,,,,,,,,,,,,,,,,,,,,,,,,,,,,,,,,,,,,,,,5564.0,FC Div. Gagret,SRFMP Una,,,,,,,,,,,,,,,,,,,,,,,,,,,,,,,,,,,,,,,,,,,,,,,,,,,,,,,,,,,,,
12718.0,1041.0,,Active,,,,,,,23-09-2021,,,,,,,,,,,,,,,,,,,,,,,,,,,,,,,,,,,,,,,,,,,,,,,,,,5565.0,FC Div. Gagret,SRFMP Una,,,,,,,,,,,,,,,,,,,,,,,,,,,,,,,,,,,,,,,,,,,,,,,,,,,,,,,,,,,,,
12721.0,1041.0,,Active,,,,,,,28-09-2021,,,,,,,,,,,,,,,,,,,,,,,,,,,,,,,,,,,,,,,,,,,,,,,,,,5566.0,FC Div. Gagret,SRFMP Una,,,,,,,,,,,,,,,,,,,,,,,,,,,,,,,,,,,,,,,,,,,,,,,,,,,,,,,,,,,,,
12721.0,1041.0,,Active,,,,,,,28-09-2021,,,,,,,,,,,,,,,,,,,,,,,,,,,,,,,,,,,,,,,,,,,,,,,,,,5567.0,FC Div. Gagret,SRFMP Una,,,,,,,,,,,,,,,,,,,,,,,,,,,,,,,,,,,,,,,,,,,,,,,,,,,,,,,,,,,,,
12721.0,1041.0,,Active,,,,,,,28-09-2021,,,,,,,,,,,,,,,,,,,,,,,,,,,,,,,,,,,,,,,,,,,,,,,,,,5569.0,FC Div. Gagret,SRFMP Una,,,,,,,,,,,,,,,,,,,,,,,,,,,,,,,,,,,,,,,,,,,,,,,,,,,,,,,,,,,,,
12721.0,1041.0,,Active,,,,,,,28-09-2021,,,,,,,,,,,,,,,,,,,,,,,,,,,,,,,,,,,,,,,,,,,,,,,,,,5570.0,FC Div. Gagret,SRFMP Una,,,,,,,,,,,,,,,,,,,,,,,,,,,,,,,,,,,,,,,,,,,,,,,,,,,,,,,,,,,,,
12721.0,1041.0,,Active,,,,,,,28-09-2021,,,,,,,,,,,,,,,,,,,,,,,,,,,,,,,,,,,,,,,,,,,,,,,,,,5571.0,FC Div. Gagret,SRFMP Una,,,,,,,,,,,,,,,,,,,,,,,,,,,,,,,,,,,,,,,,,,,,,,,,,,,,,,,,,,,,,
15217.0,1041.0,,Active,,,,,,,09-01-2022,,,,,,,,,,,,,,,,,,,,,,,,,,,,,,,,,,,,,,,,,,,,,,,,,,5589.0,Dharamshala,Dharmshala,,,,,,,,,,,,,,,,,,,,,,,,,,,,,,,,,,,,,,,,,,,,,,,,,,,,,,,,,,,,KANGRA,SHAHPUR
15217.0,1041.0,,Active,,,,,,,09-01-2022,,,,,,,,,,,,,,,,,,,,,,,,,,,,,,,,,,,,,,,,,,,,,,,,,,5592.0,Palampur,Dharmshala,,,,,,,,,,,,,,,,,,,,,,,,,,,,,,,,,,,,,,,,,,,,,,,,,,,,,,,,,,,,KANGRA,PALAMPUR
15217.0,1041.0,,Active,,,,,,,09-01-2022,,,,,,,,,,,,,,,,,,,,,,,,,,,,,,,,,,,,,,,,,,,,,,,,,,5593.0,Palampur,Dharmshala,,,,,,,,,,,,,,,,,,,,,,,,,,,,,,,,,,,,,,,,,,,,,,,,,,,,,,,,,,,,KANGRA,PALAMPUR
15224.0,36.0,,Active,,,,,,,09-01-2022,,,,,,,,,,,,,,,,,,,,,,,,,,,,,,,,,,,,,,,,,,,,,,,,,,5594.0,Dalhousie,Chamba,,,,,,,,,,,,,,,,,,,,,,,,,,,,,,,,,,,,,,,,,,,,,,,,,,,,,,,,,,,,CHAMBA,DALHOUSIE
15224.0,36.0,,Active,,,,,,,09-01-2022,,,,,,,,,,,,,,,,,,,,,,,,,,,,,,,,,,,,,,,,,,,,,,,,,,5599.0,Chamba,Chamba,,,,,,,,,,,,,,,,,,,,,,,,,,,,,,,,,,,,,,,,,,,,,,,,,,,,,,,,,,,,CHAMBA,CHAMBA
15224.0,36.0,,Active,,,,,,,09-01-2022,,,,,,,,,,,,,,,,,,,,,,,,,,,,,,,,,,,,,,,,,,,,,,,,,,5600.0,Salooni,Chamba,,,,,,,,,,,,,,,,,,,,,,,,,,,,,,,,,,,,,,,,,,,,,,,,,,,,,,,,,,,,MANDI,SANDHOL
15224.0,36.0,,Active,,,,,,,09-01-2022,,,,,,,,,,,,,,,,,,,,,,,,,,,,,,,,,,,,,,,,,,,,,,,,,,5601.0,Tissa at Bhanjraru,Chamba,,,,,,,,,,,,,,,,,,,,,,,,,,,,,,,,,,,,,,,,,,,,,,,,,,,,,,,,,,,,,
15224.0,36.0,,Active,,,,,,,09-01-2022,,,,,,,,,,,,,,,,,,,,,,,,,,,,,,,,,,,,,,,,,,,,,,,,,,5602.0,Bharmour,Chamba,,,,,,,,,,,,,,,,,,,,,,,,,,,,,,,,,,,,,,,,,,,,,,,,,,,,,,,,,,,,CHAMBA,BHARMOUR
15224.0,36.0,,Active,,,,,,,09-01-2022,,,,,,,,,,,,,,,,,,,,,,,,,,,,,,,,,,,,,,,,,,,,,,,,,,5603.0,Pangi,Chamba,,,,,,,,,,,,,,,,,,,,,,,,,,,,,,,,,,,,,,,,,,,,,,,,,,,,,,,,,,,,SOLAN,RAMSHAHR
15273.0,36.0,,Active,,,,,,,05-01-2022,,,,,,,,,,,,,,,,,,,,,,,,,,,,,,,,,,,,,,,,,,,,,,,,,,5624.0,Bilaspur,Bilaspur,,,,,,,,,,,,,,,,,,,,,,,,,,,,,,,,,,,,,,,,,,,,,,,,,,,,,,,,,,,,KANGRA,DERA GOPIPUR
15274.0,36.0,,Active,,,,,,,09-01-2022,,,,,,,,,,,,,,,,,,,,,,,,,,,,,,,,,,,,,,,,,,,,,,,,,,5644.0,Bilaspur,Bilaspur,,,,,,,,,,,,,,,,,,,,,,,,,,,,,,,,,,,,,,,,,,,,,,,,,,,,,,,,,,,,KANGRA,DERA GOPIPUR
15275.0,36.0,,Active,,,,,,,10-01-2022,,,,,,,,,,,,,,,,,,,,,,,,,,,,,,,,,,,,,,,,,,,,,,,,,,5645.0,Ghumarwin,Bilaspur,,,,,,,,,,,,,,,,,,,,,,,,,,,,,,,,,,,,,,,,,,,,,,,,,,,,,,,,,,,,BILASPUR,GHUMARWIN
15385.0,36.0,,Active,,,,,,,22-01-2022,,,,,,,,,,,,,,,,,,,,,,,,,,,,,,,,,,,,,,,,,,,,,,,,,,5670.0,Nurpur,Nurpur,,,,,,,,,,,,,,,,,,,,,,,,,,,,,,,,,,,,,,,,,,,,,,,,,,,,,,,,,,,,KANGRA,NURPUR
15385.0,36.0,,Active,,,,,,,22-01-2022,,,,,,,,,,,,,,,,,,,,,,,,,,,,,,,,,,,,,,,,,,,,,,,,,,5674.0,Nurpur,Nurpur,,,,,,,,,,,,,,,,,,,,,,,,,,,,,,,,,,,,,,,,,,,,,,,,,,,,,,,,,,,,KANGRA,NURPUR
15385.0,36.0,,Active,,,,,,,22-01-2022,,,,,,,,,,,,,,,,,,,,,,,,,,,,,,,,,,,,,,,,,,,,,,,,,,5678.0,Nurpur,Nurpur,,,,,,,,,,,,,,,,,,,,,,,,,,,,,,,,,,,,,,,,,,,,,,,,,,,,,,,,,,,,KANGRA,NURPUR
15404.0,43.0,,Active,,,,,,,24-01-2022,,,,,,,,,,,,,,,,,,,,,,,,,,,,,,,,,,,,,,,,,,,,,,,,,,5687.0,Nurpur,Nurpur,,,,,,,,,,,,,,,,,,,,,,,,,,,,,,,,,,,,,,,,,,,,,,,,,,,,,,,,,,,,KANGRA,NURPUR
15404.0,36.0,,Active,,,,,,,24-01-2022,,,,,,,,,,,,,,,,,,,,,,,,,,,,,,,,,,,,,,,,,,,,,,,,,,5688.0,Indora,Nurpur,,,,,,,,,,,,,,,,,,,,,,,,,,,,,,,,,,,,,,,,,,,,,,,,,,,,,,,,,,,,KANGRA,INDORA
15404.0,36.0,,Active,,,,,,,24-01-2022,,,,,,,,,,,,,,,,,,,,,,,,,,,,,,,,,,,,,,,,,,,,,,,,,,5689.0,Indora,Nurpur,,,,,,,,,,,,,,,,,,,,,,,,,,,,,,,,,,,,,,,,,,,,,,,,,,,,,,,,,,,,KANGRA,INDORA
15407.0,36.0,,Active,,,,,,,23-01-2022,,,,,,,,,,,,,,,,,,,,,,,,,,,,,,,,,,,,,,,,,,,,,,,,,,5690.0,Fatehpur,Nurpur,,,,,,,,,,,,,,,,,,,,,,,,,,,,,,,,,,,,,,,,,,,,,,,,,,,,,,,,,,,,CHAMBA,CHAMBA
15407.0,36.0,,Active,,,,,,,23-01-2022,,,,,,,,,,,,,,,,,,,,,,,,,,,,,,,,,,,,,,,,,,,,,,,,,,5691.0,Fatehpur,Nurpur,,,,,,,,,,,,,,,,,,,,,,,,,,,,,,,,,,,,,,,,,,,,,,,,,,,,,,,,,,,,CHAMBA,CHAMBA
15407.0,36.0,,Active,,,,,,,23-01-2022,,,,,,,,,,,,,,,,,,,,,,,,,,,,,,,,,,,,,,,,,,,,,,,,,,5692.0,Fatehpur,Nurpur,,,,,,,,,,,,,,,,,,,,,,,,,,,,,,,,,,,,,,,,,,,,,,,,,,,,,,,,,,,,CHAMBA,CHAMBA
15407.0,36.0,,Active,,,,,,,23-01-2022,,,,,,,,,,,,,,,,,,,,,,,,,,,,,,,,,,,,,,,,,,,,,,,,,,5693.0,Indora,Nurpur,,,,,,,,,,,,,,,,,,,,,,,,,,,,,,,,,,,,,,,,,,,,,,,,,,,,,,,,,,,,KANGRA,INDORA
15407.0,36.0,,Active,,,,,,,23-01-2022,,,,,,,,,,,,,,,,,,,,,,,,,,,,,,,,,,,,,,,,,,,,,,,,,,5694.0,Indora,Nurpur,,,,,,,,,,,,,,,,,,,,,,,,,,,,,,,,,,,,,,,,,,,,,,,,,,,,,,,,,,,,KANGRA,INDORA
15407.0,36.0,,Active,,,,,,,23-01-2022,,,,,,,,,,,,,,,,,,,,,,,,,,,,,,,,,,,,,,,,,,,,,,,,,,5695.0,Indora,Nurpur,,,,,,,,,,,,,,,,,,,,,,,,,,,,,,,,,,,,,,,,,,,,,,,,,,,,,,,,,,,,KANGRA,INDORA
15407.0,36.0,,Active,,,,,,,23-01-2022,,,,,,,,,,,,,,,,,,,,,,,,,,,,,,,,,,,,,,,,,,,,,,,,,,5696.0,Indora,Nurpur,,,,,,,,,,,,,,,,,,,,,,,,,,,,,,,,,,,,,,,,,,,,,,,,,,,,,,,,,,,,KANGRA,INDORA
15454.0,36.0,,Active,,,,,,,13-01-2022,,,,,,,,,,,,,,,,,,,,,,,,,,,,,,,,,,,,,,,,,,,,,,,,,,5739.0,Jawali,Nurpur,,,,,,,,,,,,,,,,,,,,,,,,,,,,,,,,,,,,,,,,,,,,,,,,,,,,,,,,,,,,MANDI,BALDWARA
15454.0,36.0,,Active,,,,,,,13-01-2022,,,,,,,,,,,,,,,,,,,,,,,,,,,,,,,,,,,,,,,,,,,,,,,,,,5740.0,Jawali,Nurpur,,,,,,,,,,,,,,,,,,,,,,,,,,,,,,,,,,,,,,,,,,,,,,,,,,,,,,,,,,,,MANDI,BALDWARA
15454.0,36.0,,Active,,,,,,,13-01-2022,,,,,,,,,,,,,,,,,,,,,,,,,,,,,,,,,,,,,,,,,,,,,,,,,,5741.0,Jawali,Nurpur,,,,,,,,,,,,,,,,,,,,,,,,,,,,,,,,,,,,,,,,,,,,,,,,,,,,,,,,,,,,MANDI,BALDWARA
15482.0,36.0,,Active,,,,,,,24-01-2022,,,,,,,,,,,,,,,,,,,,,,,,,,,,,,,,,,,,,,,,,,,,,,,,,,5746.0,Ghumarwin,Bilaspur,,,,,,,,,,,,,,,,,,,,,,,,,,,,,,,,,,,,,,,,,,,,,,,,,,,,,,,,,,,,BILASPUR,GHUMARWIN
15481.0,36.0,,Active,,,,,,,23-01-2022,,,,,,,,,,,,,,,,,,,,,,,,,,,,,,,,,,,,,,,,,,,,,,,,,,5747.0,Jhanduta,Bilaspur,,,,,,,,,,,,,,,,,,,,,,,,,,,,,,,,,,,,,,,,,,,,,,,,,,,,,,,,,,,,SHIMLA,NERWA
17504.0,36.0,,Active,,,,,,,29-06-2022,,,,,,,,,,,,,,,,,,,,,,,,,,,,,,,,,,,,,,,,,,,,,,,,,,6800.0,Bilaspur,Bilaspur,,,,,,,,,,,,,,,,,,,,,,,,,,,,,,,,,,,,,,,,,,,,,,,,,,,,,,,,,,,,KANGRA,DERA GOPIPUR
17504.0,36.0,,Active,,,,,,,29-06-2022,,,,,,,,,,,,,,,,,,,,,,,,,,,,,,,,,,,,,,,,,,,,,,,,,,6801.0,Ghumarwin,Bilaspur,,,,,,,,,,,,,,,,,,,,,,,,,,,,,,,,,,,,,,,,,,,,,,,,,,,,,,,,,,,,BILASPUR,GHUMARWIN
17520.0,36.0,,Active,,,,,,,30-06-2022,,,,,,,,,,,,,,,,,,,,,,,,,,,,,,,,,,,,,,,,,,,,,,,,,,6803.0,Bilaspur,Bilaspur,,,,,,,,,,,,,,,,,,,,,,,,,,,,,,,,,,,,,,,,,,,,,,,,,,,,,,,,,,,,KANGRA,DERA GOPIPUR
17520.0,36.0,,Active,,,,,,,30-06-2022,,,,,,,,,,,,,,,,,,,,,,,,,,,,,,,,,,,,,,,,,,,,,,,,,,6804.0,Jhanduta,Bilaspur,,,,,,,,,,,,,,,,,,,,,,,,,,,,,,,,,,,,,,,,,,,,,,,,,,,,,,,,,,,,SHIMLA,NERWA
17530.0,36.0,,Active,,,,,,,30-06-2022,,,,,,,,,,,,,,,,,,,,,,,,,,,,,,,,,,,,,,,,,,,,,,,,,,6805.0,Pooh,Reckong Peo ,,,,,,,,,,,,,,,,,,,,,,,,,,,,,,,,,,,,,,,,,,,,,,,,,,,,,,,,,,,,KINNAUR,
17530.0,36.0,,Active,,,,,,,30-06-2022,,,,,,,,,,,,,,,,,,,,,,,,,,,,,,,,,,,,,,,,,,,,,,,,,,6806.0,Pooh,Reckong Peo ,,,,,,,,,,,,,,,,,,,,,,,,,,,,,,,,,,,,,,,,,,,,,,,,,,,,,,,,,,,,KINNAUR,
17546.0,1041.0,,Active,,,,,,,01-07-2022,,,,,,,,,,,,,,,,,,,,,,,,,,,,,,,,,,,,,,,,,,,,,,,,,,6853.0,Palampur,Dharmshala,,,,,,,,,,,,,,,,,,,,,,,,,,,,,,,,,,,,,,,,,,,,,,,,,,,,,,,,,,,,KANGRA,PALAMPUR
17546.0,1041.0,,Active,,,,,,,01-07-2022,,,,,,,,,,,,,,,,,,,,,,,,,,,,,,,,,,,,,,,,,,,,,,,,,,6855.0,Palampur,Dharmshala,,,,,,,,,,,,,,,,,,,,,,,,,,,,,,,,,,,,,,,,,,,,,,,,,,,,,,,,,,,,KANGRA,PALAMPUR
17546.0,1041.0,,Active,,,,,,,01-07-2022,,,,,,,,,,,,,,,,,,,,,,,,,,,,,,,,,,,,,,,,,,,,,,,,,,6857.0,Palampur,Dharmshala,,,,,,,,,,,,,,,,,,,,,,,,,,,,,,,,,,,,,,,,,,,,,,,,,,,,,,,,,,,,KANGRA,PALAMPUR
17546.0,1041.0,,Active,,,,,,,01-07-2022,,,,,,,,,,,,,,,,,,,,,,,,,,,,,,,,,,,,,,,,,,,,,,,,,,6858.0,Palampur,Dharmshala,,,,,,,,,,,,,,,,,,,,,,,,,,,,,,,,,,,,,,,,,,,,,,,,,,,,,,,,,,,,KANGRA,PALAMPUR
17546.0,1041.0,,Active,,,,,,,01-07-2022,,,,,,,,,,,,,,,,,,,,,,,,,,,,,,,,,,,,,,,,,,,,,,,,,,6859.0,Palampur,Dharmshala,,,,,,,,,,,,,,,,,,,,,,,,,,,,,,,,,,,,,,,,,,,,,,,,,,,,,,,,,,,,KANGRA,PALAMPUR
17546.0,1041.0,,Active,,,,,,,01-07-2022,,,,,,,,,,,,,,,,,,,,,,,,,,,,,,,,,,,,,,,,,,,,,,,,,,6861.0,Palampur,Dharmshala,,,,,,,,,,,,,,,,,,,,,,,,,,,,,,,,,,,,,,,,,,,,,,,,,,,,,,,,,,,,KANGRA,PALAMPUR
17546.0,1041.0,,Active,,,,,,,01-07-2022,,,,,,,,,,,,,,,,,,,,,,,,,,,,,,,,,,,,,,,,,,,,,,,,,,6862.0,Palampur,Dharmshala,,,,,,,,,,,,,,,,,,,,,,,,,,,,,,,,,,,,,,,,,,,,,,,,,,,,,,,,,,,,KANGRA,PALAMPUR
17546.0,1041.0,,Active,,,,,,,01-07-2022,,,,,,,,,,,,,,,,,,,,,,,,,,,,,,,,,,,,,,,,,,,,,,,,,,6863.0,Palampur,Dharmshala,,,,,,,,,,,,,,,,,,,,,,,,,,,,,,,,,,,,,,,,,,,,,,,,,,,,,,,,,,,,KANGRA,PALAMPUR
17546.0,1041.0,,Active,,,,,,,01-07-2022,,,,,,,,,,,,,,,,,,,,,,,,,,,,,,,,,,,,,,,,,,,,,,,,,,6864.0,Palampur,Dharmshala,,,,,,,,,,,,,,,,,,,,,,,,,,,,,,,,,,,,,,,,,,,,,,,,,,,,,,,,,,,,KANGRA,PALAMPUR
17546.0,1041.0,,Active,,,,,,,01-07-2022,,,,,,,,,,,,,,,,,,,,,,,,,,,,,,,,,,,,,,,,,,,,,,,,,,6865.0,Palampur,Dharmshala,,,,,,,,,,,,,,,,,,,,,,,,,,,,,,,,,,,,,,,,,,,,,,,,,,,,,,,,,,,,KANGRA,PALAMPUR
17546.0,1041.0,,Active,,,,,,,01-07-2022,,,,,,,,,,,,,,,,,,,,,,,,,,,,,,,,,,,,,,,,,,,,,,,,,,6866.0,Palampur,Dharmshala,,,,,,,,,,,,,,,,,,,,,,,,,,,,,,,,,,,,,,,,,,,,,,,,,,,,,,,,,,,,KANGRA,PALAMPUR
17546.0,1041.0,,Active,,,,,,,01-07-2022,,,,,,,,,,,,,,,,,,,,,,,,,,,,,,,,,,,,,,,,,,,,,,,,,,6867.0,Palampur,Dharmshala,,,,,,,,,,,,,,,,,,,,,,,,,,,,,,,,,,,,,,,,,,,,,,,,,,,,,,,,,,,,KANGRA,PALAMPUR
17546.0,1041.0,,Active,,,,,,,01-07-2022,,,,,,,,,,,,,,,,,,,,,,,,,,,,,,,,,,,,,,,,,,,,,,,,,,6868.0,Palampur,Dharmshala,,,,,,,,,,,,,,,,,,,,,,,,,,,,,,,,,,,,,,,,,,,,,,,,,,,,,,,,,,,,KANGRA,PALAMPUR
17549.0,36.0,,Active,,,,,,,02-07-2022,,,,,,,,,,,,,,,,,,,,,,,,,,,,,,,,,,,,,,,,,,,,,,,,,,6869.0,Pooh,Reckong Peo ,,,,,,,,,,,,,,,,,,,,,,,,,,,,,,,,,,,,,,,,,,,,,,,,,,,,,,,,,,,,KINNAUR,
17549.0,36.0,,Active,,,,,,,02-07-2022,,,,,,,,,,,,,,,,,,,,,,,,,,,,,,,,,,,,,,,,,,,,,,,,,,6870.0,Pooh,Reckong Peo ,,,,,,,,,,,,,,,,,,,,,,,,,,,,,,,,,,,,,,,,,,,,,,,,,,,,,,,,,,,,KINNAUR,
17548.0,36.0,,Active,,,,,,,03-07-2022,,,,,,,,,,,,,,,,,,,,,,,,,,,,,,,,,,,,,,,,,,,,,,,,,,6871.0,Pooh,Reckong Peo ,,,,,,,,,,,,,,,,,,,,,,,,,,,,,,,,,,,,,,,,,,,,,,,,,,,,,,,,,,,,KINNAUR,
17574.0,36.0,,Active,,,,,,,29-06-2022,,,,,,,,,,,,,,,,,,,,,,,,,,,,,,,,,,,,,,,,,,,,,,,,,,6875.0,Chamba,Chamba,,,,,,,,,,,,,,,,,,,,,,,,,,,,,,,,,,,,,,,,,,,,,,,,,,,,,,,,,,,,CHAMBA,CHAMBA
17549.0,36.0,,Active,,,,,,,02-07-2022,,,,,,,,,,,,,,,,,,,,,,,,,,,,,,,,,,,,,,,,,,,,,,,,,,6876.0,Pooh,Reckong Peo ,,,,,,,,,,,,,,,,,,,,,,,,,,,,,,,,,,,,,,,,,,,,,,,,,,,,,,,,,,,,KINNAUR,
17546.0,1041.0,,Active,,,,,,,01-07-2022,,,,,,,,,,,,,,,,,,,,,,,,,,,,,,,,,,,,,,,,,,,,,,,,,,6897.0,EE Nagrota,Dharmshala,,,,,,,,,,,,,,,,,,,,,,,,,,,,,,,,,,,,,,,,,,,,,,,,,,,,,,,,,,,,KANGRA,NURPUR
17546.0,1041.0,,Active,,,,,,,01-07-2022,,,,,,,,,,,,,,,,,,,,,,,,,,,,,,,,,,,,,,,,,,,,,,,,,,6898.0,EE Nagrota,Dharmshala,,,,,,,,,,,,,,,,,,,,,,,,,,,,,,,,,,,,,,,,,,,,,,,,,,,,,,,,,,,,KANGRA,NURPUR
17546.0,1041.0,,Active,,,,,,,01-07-2022,,,,,,,,,,,,,,,,,,,,,,,,,,,,,,,,,,,,,,,,,,,,,,,,,,6900.0,Baijnath,Dharmshala,,,,,,,,,,,,,,,,,,,,,,,,,,,,,,,,,,,,,,,,,,,,,,,,,,,,,,,,,,,,KANGRA,BAIJNATH
17546.0,1041.0,,Active,,,,,,,01-07-2022,,,,,,,,,,,,,,,,,,,,,,,,,,,,,,,,,,,,,,,,,,,,,,,,,,6904.0,EE Nagrota,Dharmshala,,,,,,,,,,,,,,,,,,,,,,,,,,,,,,,,,,,,,,,,,,,,,,,,,,,,,,,,,,,,KANGRA,NURPUR
17546.0,1041.0,,Active,,,,,,,01-07-2022,,,,,,,,,,,,,,,,,,,,,,,,,,,,,,,,,,,,,,,,,,,,,,,,,,6907.0,EE Nagrota,Dharmshala,,,,,,,,,,,,,,,,,,,,,,,,,,,,,,,,,,,,,,,,,,,,,,,,,,,,,,,,,,,,KANGRA,NURPUR
17602.0,1.0,,Active,,,,,,,01-07-2022,,,,,,,,,,,,,,,,,,,,,,,,,,,,,,,,,,,,,,,,,,,,,,,,,,6917.0,Keylong,Kullu,,,,,,,,,,,,,,,,,,,,,,,,,,,,,,,,,,,,,,,,,,,,,,,,,,,,,,,,,,,,,
17546.0,1041.0,,Active,,,,,,,01-07-2022,,,,,,,,,,,,,,,,,,,,,,,,,,,,,,,,,,,,,,,,,,,,,,,,,,6942.0,Shahpur,Dharmshala,,,,,,,,,,,,,,,,,,,,,,,,,,,,,,,,,,,,,,,,,,,,,,,,,,,,,,,,,,,,KANGRA,SHAHPUR
17584.0,36.0,,Active,,,,,,,03-07-2022,,,,,,,,,,,,,,,,,,,,,,,,,,,,,,,,,,,,,,,,,,,,,,,,,,6956.0,Ghumarwin,Bilaspur,,,,,,,,,,,,,,,,,,,,,,,,,,,,,,,,,,,,,,,,,,,,,,,,,,,,,,,,,,,,BILASPUR,GHUMARWIN
17640.0,36.0,,Active,,,,,,,05-07-2022,,,,,,,,,,,,,,,,,,,,,,,,,,,,,,,,,,,,,,,,,,,,,,,,,,6983.0,Bilaspur,Bilaspur,,,,,,,,,,,,,,,,,,,,,,,,,,,,,,,,,,,,,,,,,,,,,,,,,,,,,,,,,,,,KANGRA,DERA GOPIPUR
17641.0,36.0,,Active,,,,,,,06-07-2022,,,,,,,,,,,,,,,,,,,,,,,,,,,,,,,,,,,,,,,,,,,,,,,,,,6984.0,Ghumarwin,Bilaspur,,,,,,,,,,,,,,,,,,,,,,,,,,,,,,,,,,,,,,,,,,,,,,,,,,,,,,,,,,,,BILASPUR,GHUMARWIN
17574.0,36.0,,Active,,,,,,,29-06-2022,,,,,,,,,,,,,,,,,,,,,,,,,,,,,,,,,,,,,,,,,,,,,,,,,,6998.0,Salooni,Chamba,,,,,,,,,,,,,,,,,,,,,,,,,,,,,,,,,,,,,,,,,,,,,,,,,,,,,,,,,,,,MANDI,SANDHOL
17574.0,36.0,,Active,,,,,,,29-06-2022,,,,,,,,,,,,,,,,,,,,,,,,,,,,,,,,,,,,,,,,,,,,,,,,,,7000.0,Pangi,Chamba,,,,,,,,,,,,,,,,,,,,,,,,,,,,,,,,,,,,,,,,,,,,,,,,,,,,,,,,,,,,SOLAN,RAMSHAHR
17689.0,36.0,,Active,,,,,,,07-07-2022,,,,,,,,,,,,,,,,,,,,,,,,,,,,,,,,,,,,,,,,,,,,,,,,,,7030.0,Bilaspur,Bilaspur,,,,,,,,,,,,,,,,,,,,,,,,,,,,,,,,,,,,,,,,,,,,,,,,,,,,,,,,,,,,KANGRA,DERA GOPIPUR
17691.0,36.0,,Active,,,,,,,09-07-2022,,,,,,,,,,,,,,,,,,,,,,,,,,,,,,,,,,,,,,,,,,,,,,,,,,7031.0,Bilaspur,Bilaspur,,,,,,,,,,,,,,,,,,,,,,,,,,,,,,,,,,,,,,,,,,,,,,,,,,,,,,,,,,,,KANGRA,DERA GOPIPUR
17688.0,36.0,,Active,,,,,,,06-07-2022,,,,,,,,,,,,,,,,,,,,,,,,,,,,,,,,,,,,,,,,,,,,,,,,,,7033.0,Jhanduta,Bilaspur,,,,,,,,,,,,,,,,,,,,,,,,,,,,,,,,,,,,,,,,,,,,,,,,,,,,,,,,,,,,SHIMLA,NERWA
17690.0,36.0,,Active,,,,,,,08-07-2022,,,,,,,,,,,,,,,,,,,,,,,,,,,,,,,,,,,,,,,,,,,,,,,,,,7034.0,Bilaspur,Bilaspur,,,,,,,,,,,,,,,,,,,,,,,,,,,,,,,,,,,,,,,,,,,,,,,,,,,,,,,,,,,,KANGRA,DERA GOPIPUR
17690.0,36.0,,Active,,,,,,,08-07-2022,,,,,,,,,,,,,,,,,,,,,,,,,,,,,,,,,,,,,,,,,,,,,,,,,,7035.0,Ghumarwin,Bilaspur,,,,,,,,,,,,,,,,,,,,,,,,,,,,,,,,,,,,,,,,,,,,,,,,,,,,,,,,,,,,BILASPUR,GHUMARWIN
17690.0,36.0,,Active,,,,,,,08-07-2022,,,,,,,,,,,,,,,,,,,,,,,,,,,,,,,,,,,,,,,,,,,,,,,,,,7036.0,Jhanduta,Bilaspur,,,,,,,,,,,,,,,,,,,,,,,,,,,,,,,,,,,,,,,,,,,,,,,,,,,,,,,,,,,,SHIMLA,NERWA
17702.0,1.0,,Active,,,,,,,02-07-2022,,,,,,,,,,,,,,,,,,,,,,,,,,,,,,,,,,,,,,,,,,,,,,,,,,7048.0,Keylong,Kullu,,,,,,,,,,,,,,,,,,,,,,,,,,,,,,,,,,,,,,,,,,,,,,,,,,,,,,,,,,,,,
17742.0,1.0,,Active,,,,,,,07-07-2022,,,,,,,,,,,,,,,,,,,,,,,,,,,,,,,,,,,,,,,,,,,,,,,,,,7065.0,Rohru ,Rohroo,,,,,,,,,,,,,,,,,,,,,,,,,,,,,,,,,,,,,,,,,,,,,,,,,,,,,,,,,,,,SHIMLA,ROHRU
17742.0,1.0,,Active,,,,,,,07-07-2022,,,,,,,,,,,,,,,,,,,,,,,,,,,,,,,,,,,,,,,,,,,,,,,,,,7066.0,Jubbal,Rohroo,,,,,,,,,,,,,,,,,,,,,,,,,,,,,,,,,,,,,,,,,,,,,,,,,,,,,,,,,,,,SHIMLA,JUBBAL
17757.0,36.0,,Active,,,,,,,09-07-2022,,,,,,,,,,,,,,,,,,,,,,,,,,,,,,,,,,,,,,,,,,,,,,,,,,7076.0,Dalhousie,Chamba,,,,,,,,,,,,,,,,,,,,,,,,,,,,,,,,,,,,,,,,,,,,,,,,,,,,,,,,,,,,CHAMBA,DALHOUSIE
17783.0,36.0,,Active,,,,,,,06-07-2022,,,,,,,,,,,,,,,,,,,,,,,,,,,,,,,,,,,,,,,,,,,,,,,,,,7094.0,Nurpur,Nurpur,,,,,,,,,,,,,,,,,,,,,,,,,,,,,,,,,,,,,,,,,,,,,,,,,,,,,,,,,,,,KANGRA,NURPUR
17783.0,36.0,,Active,,,,,,,06-07-2022,,,,,,,,,,,,,,,,,,,,,,,,,,,,,,,,,,,,,,,,,,,,,,,,,,7095.0,Nurpur,Nurpur,,,,,,,,,,,,,,,,,,,,,,,,,,,,,,,,,,,,,,,,,,,,,,,,,,,,,,,,,,,,KANGRA,NURPUR
17783.0,36.0,,Active,,,,,,,06-07-2022,,,,,,,,,,,,,,,,,,,,,,,,,,,,,,,,,,,,,,,,,,,,,,,,,,7096.0,Nurpur,Nurpur,,,,,,,,,,,,,,,,,,,,,,,,,,,,,,,,,,,,,,,,,,,,,,,,,,,,,,,,,,,,KANGRA,NURPUR
17796.0,43.0,,Active,,,,,,,01-07-2022,,,,,,,,,,,,,,,,,,,,,,,,,,,,,,,,,,,,,,,,,,,,,,,,,,7100.0,Indora,Nurpur,,,,,,,,,,,,,,,,,,,,,,,,,,,,,,,,,,,,,,,,,,,,,,,,,,,,,,,,,,,,KANGRA,INDORA
17792.0,36.0,,Active,,,,,,,01-07-2022,,,,,,,,,,,,,,,,,,,,,,,,,,,,,,,,,,,,,,,,,,,,,,,,,,7103.0,Indora,Nurpur,,,,,,,,,,,,,,,,,,,,,,,,,,,,,,,,,,,,,,,,,,,,,,,,,,,,,,,,,,,,KANGRA,INDORA
17796.0,36.0,,Active,,,,,,,01-07-2022,,,,,,,,,,,,,,,,,,,,,,,,,,,,,,,,,,,,,,,,,,,,,,,,,,7105.0,Indora,Nurpur,,,,,,,,,,,,,,,,,,,,,,,,,,,,,,,,,,,,,,,,,,,,,,,,,,,,,,,,,,,,KANGRA,INDORA
17796.0,36.0,,Active,,,,,,,01-07-2022,,,,,,,,,,,,,,,,,,,,,,,,,,,,,,,,,,,,,,,,,,,,,,,,,,7112.0,Indora,Nurpur,,,,,,,,,,,,,,,,,,,,,,,,,,,,,,,,,,,,,,,,,,,,,,,,,,,,,,,,,,,,KANGRA,INDORA
17796.0,36.0,,Active,,,,,,,01-07-2022,,,,,,,,,,,,,,,,,,,,,,,,,,,,,,,,,,,,,,,,,,,,,,,,,,7116.0,Indora,Nurpur,,,,,,,,,,,,,,,,,,,,,,,,,,,,,,,,,,,,,,,,,,,,,,,,,,,,,,,,,,,,KANGRA,INDORA
12578.0,36.0,,Active,,,,,,,12-07-2021,,,,,,,,,,,,,,,,,,,,,,,,,,,,,,,,,,,,,,,,,,,,,,,,,,7124.0,Fatehpur,Nurpur,,,,,,,,,,,,,,,,,,,,,,,,,,,,,,,,,,,,,,,,,,,,,,,,,,,,,,,,,,,,CHAMBA,CHAMBA
12578.0,36.0,,Active,,,,,,,12-07-2021,,,,,,,,,,,,,,,,,,,,,,,,,,,,,,,,,,,,,,,,,,,,,,,,,,7153.0,Fatehpur,Nurpur,,,,,,,,,,,,,,,,,,,,,,,,,,,,,,,,,,,,,,,,,,,,,,,,,,,,,,,,,,,,CHAMBA,CHAMBA
12578.0,36.0,,Active,,,,,,,12-07-2021,,,,,,,,,,,,,,,,,,,,,,,,,,,,,,,,,,,,,,,,,,,,,,,,,,7158.0,Fatehpur,Nurpur,,,,,,,,,,,,,,,,,,,,,,,,,,,,,,,,,,,,,,,,,,,,,,,,,,,,,,,,,,,,CHAMBA,CHAMBA
12578.0,36.0,,Active,,,,,,,12-07-2021,,,,,,,,,,,,,,,,,,,,,,,,,,,,,,,,,,,,,,,,,,,,,,,,,,7159.0,Fatehpur,Nurpur,,,,,,,,,,,,,,,,,,,,,,,,,,,,,,,,,,,,,,,,,,,,,,,,,,,,,,,,,,,,CHAMBA,CHAMBA
12578.0,36.0,,Active,,,,,,,12-07-2021,,,,,,,,,,,,,,,,,,,,,,,,,,,,,,,,,,,,,,,,,,,,,,,,,,7160.0,Fatehpur,Nurpur,,,,,,,,,,,,,,,,,,,,,,,,,,,,,,,,,,,,,,,,,,,,,,,,,,,,,,,,,,,,CHAMBA,CHAMBA
12578.0,36.0,,Active,,,,,,,12-07-2021,,,,,,,,,,,,,,,,,,,,,,,,,,,,,,,,,,,,,,,,,,,,,,,,,,7161.0,Fatehpur,Nurpur,,,,,,,,,,,,,,,,,,,,,,,,,,,,,,,,,,,,,,,,,,,,,,,,,,,,,,,,,,,,CHAMBA,CHAMBA
17820.0,36.0,,Active,,,,,,,13-07-2022,,,,,,,,,,,,,,,,,,,,,,,,,,,,,,,,,,,,,,,,,,,,,,,,,,7165.0,Jawali,Nurpur,,,,,,,,,,,,,,,,,,,,,,,,,,,,,,,,,,,,,,,,,,,,,,,,,,,,,,,,,,,,MANDI,BALDWARA
17820.0,36.0,,Active,,,,,,,13-07-2022,,,,,,,,,,,,,,,,,,,,,,,,,,,,,,,,,,,,,,,,,,,,,,,,,,7166.0,Jawali,Nurpur,,,,,,,,,,,,,,,,,,,,,,,,,,,,,,,,,,,,,,,,,,,,,,,,,,,,,,,,,,,,MANDI,BALDWARA
17820.0,36.0,,Active,,,,,,,13-07-2022,,,,,,,,,,,,,,,,,,,,,,,,,,,,,,,,,,,,,,,,,,,,,,,,,,7167.0,Jawali,Nurpur,,,,,,,,,,,,,,,,,,,,,,,,,,,,,,,,,,,,,,,,,,,,,,,,,,,,,,,,,,,,MANDI,BALDWARA
17820.0,36.0,,Active,,,,,,,13-07-2022,,,,,,,,,,,,,,,,,,,,,,,,,,,,,,,,,,,,,,,,,,,,,,,,,,7168.0,Jawali,Nurpur,,,,,,,,,,,,,,,,,,,,,,,,,,,,,,,,,,,,,,,,,,,,,,,,,,,,,,,,,,,,MANDI,BALDWARA
17820.0,36.0,,Active,,,,,,,13-07-2022,,,,,,,,,,,,,,,,,,,,,,,,,,,,,,,,,,,,,,,,,,,,,,,,,,7169.0,Jawali,Nurpur,,,,,,,,,,,,,,,,,,,,,,,,,,,,,,,,,,,,,,,,,,,,,,,,,,,,,,,,,,,,MANDI,BALDWARA
17820.0,36.0,,Active,,,,,,,13-07-2022,,,,,,,,,,,,,,,,,,,,,,,,,,,,,,,,,,,,,,,,,,,,,,,,,,7170.0,Jawali,Nurpur,,,,,,,,,,,,,,,,,,,,,,,,,,,,,,,,,,,,,,,,,,,,,,,,,,,,,,,,,,,,MANDI,BALDWARA
17825.0,36.0,,Active,,,,,,,10-07-2022,,,,,,,,,,,,,,,,,,,,,,,,,,,,,,,,,,,,,,,,,,,,,,,,,,7171.0,Nurpur,Nurpur,,,,,,,,,,,,,,,,,,,,,,,,,,,,,,,,,,,,,,,,,,,,,,,,,,,,,,,,,,,,KANGRA,NURPUR
17824.0,36.0,,Active,,,,,,,10-07-2022,,,,,,,,,,,,,,,,,,,,,,,,,,,,,,,,,,,,,,,,,,,,,,,,,,7174.0,Nurpur,Nurpur,,,,,,,,,,,,,,,,,,,,,,,,,,,,,,,,,,,,,,,,,,,,,,,,,,,,,,,,,,,,KANGRA,NURPUR
17824.0,36.0,,Active,,,,,,,10-07-2022,,,,,,,,,,,,,,,,,,,,,,,,,,,,,,,,,,,,,,,,,,,,,,,,,,7175.0,Nurpur,Nurpur,,,,,,,,,,,,,,,,,,,,,,,,,,,,,,,,,,,,,,,,,,,,,,,,,,,,,,,,,,,,KANGRA,NURPUR
17824.0,36.0,,Active,,,,,,,10-07-2022,,,,,,,,,,,,,,,,,,,,,,,,,,,,,,,,,,,,,,,,,,,,,,,,,,7178.0,Nurpur,Nurpur,,,,,,,,,,,,,,,,,,,,,,,,,,,,,,,,,,,,,,,,,,,,,,,,,,,,,,,,,,,,KANGRA,NURPUR
17824.0,36.0,,Active,,,,,,,10-07-2022,,,,,,,,,,,,,,,,,,,,,,,,,,,,,,,,,,,,,,,,,,,,,,,,,,7179.0,Nurpur,Nurpur,,,,,,,,,,,,,,,,,,,,,,,,,,,,,,,,,,,,,,,,,,,,,,,,,,,,,,,,,,,,KANGRA,NURPUR
17820.0,36.0,,Active,,,,,,,13-07-2022,,,,,,,,,,,,,,,,,,,,,,,,,,,,,,,,,,,,,,,,,,,,,,,,,,7180.0,Nurpur,Nurpur,,,,,,,,,,,,,,,,,,,,,,,,,,,,,,,,,,,,,,,,,,,,,,,,,,,,,,,,,,,,KANGRA,NURPUR
17820.0,36.0,,Active,,,,,,,13-07-2022,,,,,,,,,,,,,,,,,,,,,,,,,,,,,,,,,,,,,,,,,,,,,,,,,,7181.0,Nurpur,Nurpur,,,,,,,,,,,,,,,,,,,,,,,,,,,,,,,,,,,,,,,,,,,,,,,,,,,,,,,,,,,,KANGRA,NURPUR
17820.0,36.0,,Active,,,,,,,13-07-2022,,,,,,,,,,,,,,,,,,,,,,,,,,,,,,,,,,,,,,,,,,,,,,,,,,7182.0,Nurpur,Nurpur,,,,,,,,,,,,,,,,,,,,,,,,,,,,,,,,,,,,,,,,,,,,,,,,,,,,,,,,,,,,KANGRA,NURPUR
17820.0,36.0,,Active,,,,,,,13-07-2022,,,,,,,,,,,,,,,,,,,,,,,,,,,,,,,,,,,,,,,,,,,,,,,,,,7183.0,Nurpur,Nurpur,,,,,,,,,,,,,,,,,,,,,,,,,,,,,,,,,,,,,,,,,,,,,,,,,,,,,,,,,,,,KANGRA,NURPUR
17820.0,36.0,,Active,,,,,,,13-07-2022,,,,,,,,,,,,,,,,,,,,,,,,,,,,,,,,,,,,,,,,,,,,,,,,,,7204.0,S/terrace,Nurpur,,,,,,,,,,,,,,,,,,,,,,,,,,,,,,,,,,,,,,,,,,,,,,,,,,,,,,,,,,,,,
17820.0,36.0,,Active,,,,,,,13-07-2022,,,,,,,,,,,,,,,,,,,,,,,,,,,,,,,,,,,,,,,,,,,,,,,,,,7213.0,S/terrace,Nurpur,,,,,,,,,,,,,,,,,,,,,,,,,,,,,,,,,,,,,,,,,,,,,,,,,,,,,,,,,,,,,
17820.0,36.0,,Active,,,,,,,13-07-2022,,,,,,,,,,,,,,,,,,,,,,,,,,,,,,,,,,,,,,,,,,,,,,,,,,7214.0,S/terrace,Nurpur,,,,,,,,,,,,,,,,,,,,,,,,,,,,,,,,,,,,,,,,,,,,,,,,,,,,,,,,,,,,,
17821.0,36.0,,Active,,,,,,,14-07-2022,,,,,,,,,,,,,,,,,,,,,,,,,,,,,,,,,,,,,,,,,,,,,,,,,,7215.0,S/terrace,Nurpur,,,,,,,,,,,,,,,,,,,,,,,,,,,,,,,,,,,,,,,,,,,,,,,,,,,,,,,,,,,,,
17821.0,36.0,,Active,,,,,,,14-07-2022,,,,,,,,,,,,,,,,,,,,,,,,,,,,,,,,,,,,,,,,,,,,,,,,,,7216.0,S/terrace,Nurpur,,,,,,,,,,,,,,,,,,,,,,,,,,,,,,,,,,,,,,,,,,,,,,,,,,,,,,,,,,,,,
17821.0,36.0,,Active,,,,,,,14-07-2022,,,,,,,,,,,,,,,,,,,,,,,,,,,,,,,,,,,,,,,,,,,,,,,,,,7218.0,S/terrace,Nurpur,,,,,,,,,,,,,,,,,,,,,,,,,,,,,,,,,,,,,,,,,,,,,,,,,,,,,,,,,,,,,
17821.0,36.0,,Active,,,,,,,14-07-2022,,,,,,,,,,,,,,,,,,,,,,,,,,,,,,,,,,,,,,,,,,,,,,,,,,7220.0,Jawali,Nurpur,,,,,,,,,,,,,,,,,,,,,,,,,,,,,,,,,,,,,,,,,,,,,,,,,,,,,,,,,,,,MANDI,BALDWARA
17821.0,36.0,,Active,,,,,,,14-07-2022,,,,,,,,,,,,,,,,,,,,,,,,,,,,,,,,,,,,,,,,,,,,,,,,,,7224.0,Jawali,Nurpur,,,,,,,,,,,,,,,,,,,,,,,,,,,,,,,,,,,,,,,,,,,,,,,,,,,,,,,,,,,,MANDI,BALDWARA
17821.0,36.0,,Active,,,,,,,14-07-2022,,,,,,,,,,,,,,,,,,,,,,,,,,,,,,,,,,,,,,,,,,,,,,,,,,7225.0,Jawali,Nurpur,,,,,,,,,,,,,,,,,,,,,,,,,,,,,,,,,,,,,,,,,,,,,,,,,,,,,,,,,,,,MANDI,BALDWARA
17821.0,36.0,,Active,,,,,,,14-07-2022,,,,,,,,,,,,,,,,,,,,,,,,,,,,,,,,,,,,,,,,,,,,,,,,,,7226.0,Jawali,Nurpur,,,,,,,,,,,,,,,,,,,,,,,,,,,,,,,,,,,,,,,,,,,,,,,,,,,,,,,,,,,,MANDI,BALDWARA
17821.0,36.0,,Active,,,,,,,14-07-2022,,,,,,,,,,,,,,,,,,,,,,,,,,,,,,,,,,,,,,,,,,,,,,,,,,7227.0,Jawali,Nurpur,,,,,,,,,,,,,,,,,,,,,,,,,,,,,,,,,,,,,,,,,,,,,,,,,,,,,,,,,,,,MANDI,BALDWARA
17821.0,36.0,,Active,,,,,,,14-07-2022,,,,,,,,,,,,,,,,,,,,,,,,,,,,,,,,,,,,,,,,,,,,,,,,,,7232.0,Nurpur,Nurpur,,,,,,,,,,,,,,,,,,,,,,,,,,,,,,,,,,,,,,,,,,,,,,,,,,,,,,,,,,,,KANGRA,NURPUR
17821.0,36.0,,Active,,,,,,,14-07-2022,,,,,,,,,,,,,,,,,,,,,,,,,,,,,,,,,,,,,,,,,,,,,,,,,,7235.0,Nurpur,Nurpur,,,,,,,,,,,,,,,,,,,,,,,,,,,,,,,,,,,,,,,,,,,,,,,,,,,,,,,,,,,,KANGRA,NURPUR
17821.0,36.0,,Active,,,,,,,14-07-2022,,,,,,,,,,,,,,,,,,,,,,,,,,,,,,,,,,,,,,,,,,,,,,,,,,7236.0,Nurpur,Nurpur,,,,,,,,,,,,,,,,,,,,,,,,,,,,,,,,,,,,,,,,,,,,,,,,,,,,,,,,,,,,KANGRA,NURPUR
17821.0,36.0,,Active,,,,,,,14-07-2022,,,,,,,,,,,,,,,,,,,,,,,,,,,,,,,,,,,,,,,,,,,,,,,,,,7237.0,Nurpur,Nurpur,,,,,,,,,,,,,,,,,,,,,,,,,,,,,,,,,,,,,,,,,,,,,,,,,,,,,,,,,,,,KANGRA,NURPUR
17821.0,36.0,,Active,,,,,,,14-07-2022,,,,,,,,,,,,,,,,,,,,,,,,,,,,,,,,,,,,,,,,,,,,,,,,,,7239.0,Nurpur,Nurpur,,,,,,,,,,,,,,,,,,,,,,,,,,,,,,,,,,,,,,,,,,,,,,,,,,,,,,,,,,,,KANGRA,NURPUR
17835.0,36.0,,Active,,,,,,,14-07-2022,,,,,,,,,,,,,,,,,,,,,,,,,,,,,,,,,,,,,,,,,,,,,,,,,,7243.0,Chamba,Chamba,,,,,,,,,,,,,,,,,,,,,,,,,,,,,,,,,,,,,,,,,,,,,,,,,,,,,,,,,,,,CHAMBA,CHAMBA
17821.0,36.0,,Active,,,,,,,14-07-2022,,,,,,,,,,,,,,,,,,,,,,,,,,,,,,,,,,,,,,,,,,,,,,,,,,7246.0,Jawali,Nurpur,,,,,,,,,,,,,,,,,,,,,,,,,,,,,,,,,,,,,,,,,,,,,,,,,,,,,,,,,,,,MANDI,BALDWARA
17821.0,36.0,,Active,,,,,,,14-07-2022,,,,,,,,,,,,,,,,,,,,,,,,,,,,,,,,,,,,,,,,,,,,,,,,,,7249.0,Jawali,Nurpur,,,,,,,,,,,,,,,,,,,,,,,,,,,,,,,,,,,,,,,,,,,,,,,,,,,,,,,,,,,,MANDI,BALDWARA
17836.0,36.0,,Active,,,,,,,14-07-2022,,,,,,,,,,,,,,,,,,,,,,,,,,,,,,,,,,,,,,,,,,,,,,,,,,7251.0,Chamba,Chamba,,,,,,,,,,,,,,,,,,,,,,,,,,,,,,,,,,,,,,,,,,,,,,,,,,,,,,,,,,,,CHAMBA,CHAMBA
17829.0,36.0,,Active,,,,,,,14-07-2022,,,,,,,,,,,,,,,,,,,,,,,,,,,,,,,,,,,,,,,,,,,,,,,,,,7252.0,Bilaspur,Bilaspur,,,,,,,,,,,,,,,,,,,,,,,,,,,,,,,,,,,,,,,,,,,,,,,,,,,,,,,,,,,,KANGRA,DERA GOPIPUR
17821.0,36.0,,Active,,,,,,,14-07-2022,,,,,,,,,,,,,,,,,,,,,,,,,,,,,,,,,,,,,,,,,,,,,,,,,,7253.0,Jawali,Nurpur,,,,,,,,,,,,,,,,,,,,,,,,,,,,,,,,,,,,,,,,,,,,,,,,,,,,,,,,,,,,MANDI,BALDWARA
17821.0,36.0,,Active,,,,,,,14-07-2022,,,,,,,,,,,,,,,,,,,,,,,,,,,,,,,,,,,,,,,,,,,,,,,,,,7254.0,Jawali,Nurpur,,,,,,,,,,,,,,,,,,,,,,,,,,,,,,,,,,,,,,,,,,,,,,,,,,,,,,,,,,,,MANDI,BALDWARA
17829.0,36.0,,Active,,,,,,,14-07-2022,,,,,,,,,,,,,,,,,,,,,,,,,,,,,,,,,,,,,,,,,,,,,,,,,,7256.0,Jhanduta,Bilaspur,,,,,,,,,,,,,,,,,,,,,,,,,,,,,,,,,,,,,,,,,,,,,,,,,,,,,,,,,,,,SHIMLA,NERWA
17821.0,36.0,,Active,,,,,,,14-07-2022,,,,,,,,,,,,,,,,,,,,,,,,,,,,,,,,,,,,,,,,,,,,,,,,,,7257.0,Jawali,Nurpur,,,,,,,,,,,,,,,,,,,,,,,,,,,,,,,,,,,,,,,,,,,,,,,,,,,,,,,,,,,,MANDI,BALDWARA
17829.0,36.0,,Active,,,,,,,14-07-2022,,,,,,,,,,,,,,,,,,,,,,,,,,,,,,,,,,,,,,,,,,,,,,,,,,7260.0,Ghumarwin,Bilaspur,,,,,,,,,,,,,,,,,,,,,,,,,,,,,,,,,,,,,,,,,,,,,,,,,,,,,,,,,,,,BILASPUR,GHUMARWIN
17829.0,36.0,,Active,,,,,,,14-07-2022,,,,,,,,,,,,,,,,,,,,,,,,,,,,,,,,,,,,,,,,,,,,,,,,,,7266.0,Bilaspur,Bilaspur,,,,,,,,,,,,,,,,,,,,,,,,,,,,,,,,,,,,,,,,,,,,,,,,,,,,,,,,,,,,KANGRA,DERA GOPIPUR
17849.0,36.0,,Active,,,,,,,14-07-2022,,,,,,,,,,,,,,,,,,,,,,,,,,,,,,,,,,,,,,,,,,,,,,,,,,7269.0,Nerwa Division,Shimla-9,,,,,,,,,,,,,,,,,,,,,,,,,,,,,,,,,,,,,,,,,,,,,,,,,,,,,,,,,,,,,
17849.0,36.0,,Active,,,,,,,14-07-2022,,,,,,,,,,,,,,,,,,,,,,,,,,,,,,,,,,,,,,,,,,,,,,,,,,7271.0,Nerwa Division,Shimla-9,,,,,,,,,,,,,,,,,,,,,,,,,,,,,,,,,,,,,,,,,,,,,,,,,,,,,,,,,,,,,
17848.0,36.0,,Active,,,,,,,09-07-2022,,,,,,,,,,,,,,,,,,,,,,,,,,,,,,,,,,,,,,,,,,,,,,,,,,7274.0,Nerwa Division,Shimla-9,,,,,,,,,,,,,,,,,,,,,,,,,,,,,,,,,,,,,,,,,,,,,,,,,,,,,,,,,,,,,
17821.0,36.0,,Active,,,,,,,14-07-2022,,,,,,,,,,,,,,,,,,,,,,,,,,,,,,,,,,,,,,,,,,,,,,,,,,7275.0,Jawali,Nurpur,,,,,,,,,,,,,,,,,,,,,,,,,,,,,,,,,,,,,,,,,,,,,,,,,,,,,,,,,,,,MANDI,BALDWARA
17849.0,36.0,,Active,,,,,,,14-07-2022,,,,,,,,,,,,,,,,,,,,,,,,,,,,,,,,,,,,,,,,,,,,,,,,,,7276.0,Nerwa Division,Shimla-9,,,,,,,,,,,,,,,,,,,,,,,,,,,,,,,,,,,,,,,,,,,,,,,,,,,,,,,,,,,,,
17848.0,36.0,,Active,,,,,,,09-07-2022,,,,,,,,,,,,,,,,,,,,,,,,,,,,,,,,,,,,,,,,,,,,,,,,,,7277.0,Sunni  Division,Shimla-9,,,,,,,,,,,,,,,,,,,,,,,,,,,,,,,,,,,,,,,,,,,,,,,,,,,,,,,,,,,,,
17821.0,36.0,,Active,,,,,,,14-07-2022,,,,,,,,,,,,,,,,,,,,,,,,,,,,,,,,,,,,,,,,,,,,,,,,,,7278.0,Jawali,Nurpur,,,,,,,,,,,,,,,,,,,,,,,,,,,,,,,,,,,,,,,,,,,,,,,,,,,,,,,,,,,,MANDI,BALDWARA
17847.0,36.0,,Active,,,,,,,05-07-2022,,,,,,,,,,,,,,,,,,,,,,,,,,,,,,,,,,,,,,,,,,,,,,,,,,7281.0,Sunni  Division,Shimla-9,,,,,,,,,,,,,,,,,,,,,,,,,,,,,,,,,,,,,,,,,,,,,,,,,,,,,,,,,,,,,
17847.0,36.0,,Active,,,,,,,05-07-2022,,,,,,,,,,,,,,,,,,,,,,,,,,,,,,,,,,,,,,,,,,,,,,,,,,7282.0,Matiana Division,Shimla-9,,,,,,,,,,,,,,,,,,,,,,,,,,,,,,,,,,,,,,,,,,,,,,,,,,,,,,,,,,,,,
17821.0,36.0,,Active,,,,,,,14-07-2022,,,,,,,,,,,,,,,,,,,,,,,,,,,,,,,,,,,,,,,,,,,,,,,,,,7284.0,Jawali,Nurpur,,,,,,,,,,,,,,,,,,,,,,,,,,,,,,,,,,,,,,,,,,,,,,,,,,,,,,,,,,,,MANDI,BALDWARA
17848.0,36.0,,Active,,,,,,,09-07-2022,,,,,,,,,,,,,,,,,,,,,,,,,,,,,,,,,,,,,,,,,,,,,,,,,,7285.0,Matiana Division,Shimla-9,,,,,,,,,,,,,,,,,,,,,,,,,,,,,,,,,,,,,,,,,,,,,,,,,,,,,,,,,,,,,
17821.0,36.0,,Active,,,,,,,14-07-2022,,,,,,,,,,,,,,,,,,,,,,,,,,,,,,,,,,,,,,,,,,,,,,,,,,7286.0,Jawali,Nurpur,,,,,,,,,,,,,,,,,,,,,,,,,,,,,,,,,,,,,,,,,,,,,,,,,,,,,,,,,,,,MANDI,BALDWARA
17849.0,36.0,,Active,,,,,,,14-07-2022,,,,,,,,,,,,,,,,,,,,,,,,,,,,,,,,,,,,,,,,,,,,,,,,,,7287.0,Sunni  Division,Shimla-9,,,,,,,,,,,,,,,,,,,,,,,,,,,,,,,,,,,,,,,,,,,,,,,,,,,,,,,,,,,,,
17849.0,36.0,,Active,,,,,,,14-07-2022,,,,,,,,,,,,,,,,,,,,,,,,,,,,,,,,,,,,,,,,,,,,,,,,,,7288.0,Nerwa Division,Shimla-9,,,,,,,,,,,,,,,,,,,,,,,,,,,,,,,,,,,,,,,,,,,,,,,,,,,,,,,,,,,,,
17848.0,36.0,,Active,,,,,,,09-07-2022,,,,,,,,,,,,,,,,,,,,,,,,,,,,,,,,,,,,,,,,,,,,,,,,,,7289.0,Nerwa Division,Shimla-9,,,,,,,,,,,,,,,,,,,,,,,,,,,,,,,,,,,,,,,,,,,,,,,,,,,,,,,,,,,,,
17848.0,36.0,,Active,,,,,,,09-07-2022,,,,,,,,,,,,,,,,,,,,,,,,,,,,,,,,,,,,,,,,,,,,,,,,,,7291.0,Nerwa Division,Shimla-9,,,,,,,,,,,,,,,,,,,,,,,,,,,,,,,,,,,,,,,,,,,,,,,,,,,,,,,,,,,,,
17848.0,36.0,,Active,,,,,,,09-07-2022,,,,,,,,,,,,,,,,,,,,,,,,,,,,,,,,,,,,,,,,,,,,,,,,,,7292.0,Div. No-I Shimla-9,Shimla-9,,,,,,,,,,,,,,,,,,,,,,,,,,,,,,,,,,,,,,,,,,,,,,,,,,,,,,,,,,,,,
17847.0,36.0,,Active,,,,,,,05-07-2022,,,,,,,,,,,,,,,,,,,,,,,,,,,,,,,,,,,,,,,,,,,,,,,,,,7293.0,Nerwa Division,Shimla-9,,,,,,,,,,,,,,,,,,,,,,,,,,,,,,,,,,,,,,,,,,,,,,,,,,,,,,,,,,,,,
17890.0,36.0,,Active,,,,,,,15-07-2022,,,,,,,,,,,,,,,,,,,,,,,,,,,,,,,,,,,,,,,,,,,,,,,,,,7344.0,Phina Singh Project,Nurpur,,,,,,,,,,,,,,,,,,,,,,,,,,,,,,,,,,,,,,,,,,,,,,,,,,,,,,,,,,,,,
17890.0,36.0,,Active,,,,,,,15-07-2022,,,,,,,,,,,,,,,,,,,,,,,,,,,,,,,,,,,,,,,,,,,,,,,,,,7345.0,Nurpur,Nurpur,,,,,,,,,,,,,,,,,,,,,,,,,,,,,,,,,,,,,,,,,,,,,,,,,,,,,,,,,,,,KANGRA,NURPUR
17890.0,36.0,,Active,,,,,,,15-07-2022,,,,,,,,,,,,,,,,,,,,,,,,,,,,,,,,,,,,,,,,,,,,,,,,,,7346.0,Nurpur,Nurpur,,,,,,,,,,,,,,,,,,,,,,,,,,,,,,,,,,,,,,,,,,,,,,,,,,,,,,,,,,,,KANGRA,NURPUR
17890.0,36.0,,Active,,,,,,,15-07-2022,,,,,,,,,,,,,,,,,,,,,,,,,,,,,,,,,,,,,,,,,,,,,,,,,,7347.0,Nurpur,Nurpur,,,,,,,,,,,,,,,,,,,,,,,,,,,,,,,,,,,,,,,,,,,,,,,,,,,,,,,,,,,,KANGRA,NURPUR
17890.0,36.0,,Active,,,,,,,15-07-2022,,,,,,,,,,,,,,,,,,,,,,,,,,,,,,,,,,,,,,,,,,,,,,,,,,7348.0,Nurpur,Nurpur,,,,,,,,,,,,,,,,,,,,,,,,,,,,,,,,,,,,,,,,,,,,,,,,,,,,,,,,,,,,KANGRA,NURPUR
17931.0,36.0,,Active,,,,,,,16-07-2022,,,,,,,,,,,,,,,,,,,,,,,,,,,,,,,,,,,,,,,,,,,,,,,,,,7378.0,Matiana Division,Shimla-9,,,,,,,,,,,,,,,,,,,,,,,,,,,,,,,,,,,,,,,,,,,,,,,,,,,,,,,,,,,,,
17530.0,36.0,,Active,,,,,,,30-06-2022,,,,,,,,,,,,,,,,,,,,,,,,,,,,,,,,,,,,,,,,,,,,,,,,,,7379.0,Kaza,Reckong Peo ,,,,,,,,,,,,,,,,,,,,,,,,,,,,,,,,,,,,,,,,,,,,,,,,,,,,,,,,,,,,,
17783.0,36.0,,Active,,,,,,,06-07-2022,,,,,,,,,,,,,,,,,,,,,,,,,,,,,,,,,,,,,,,,,,,,,,,,,,7394.0,Nurpur,Nurpur,,,,,,,,,,,,,,,,,,,,,,,,,,,,,,,,,,,,,,,,,,,,,,,,,,,,,,,,,,,,KANGRA,NURPUR
17783.0,36.0,,Active,,,,,,,06-07-2022,,,,,,,,,,,,,,,,,,,,,,,,,,,,,,,,,,,,,,,,,,,,,,,,,,7395.0,Nurpur,Nurpur,,,,,,,,,,,,,,,,,,,,,,,,,,,,,,,,,,,,,,,,,,,,,,,,,,,,,,,,,,,,KANGRA,NURPUR
17783.0,36.0,,Active,,,,,,,06-07-2022,,,,,,,,,,,,,,,,,,,,,,,,,,,,,,,,,,,,,,,,,,,,,,,,,,7396.0,Nurpur,Nurpur,,,,,,,,,,,,,,,,,,,,,,,,,,,,,,,,,,,,,,,,,,,,,,,,,,,,,,,,,,,,KANGRA,NURPUR
17973.0,36.0,,Active,,,,,,,18-07-2022,,,,,,,,,,,,,,,,,,,,,,,,,,,,,,,,,,,,,,,,,,,,,,,,,,7401.0,Pooh,Reckong Peo ,,,,,,,,,,,,,,,,,,,,,,,,,,,,,,,,,,,,,,,,,,,,,,,,,,,,,,,,,,,,KINNAUR,
17973.0,36.0,,Active,,,,,,,18-07-2022,,,,,,,,,,,,,,,,,,,,,,,,,,,,,,,,,,,,,,,,,,,,,,,,,,7402.0,Pooh,Reckong Peo ,,,,,,,,,,,,,,,,,,,,,,,,,,,,,,,,,,,,,,,,,,,,,,,,,,,,,,,,,,,,KINNAUR,
17974.0,36.0,,Active,,,,,,,19-07-2022,,,,,,,,,,,,,,,,,,,,,,,,,,,,,,,,,,,,,,,,,,,,,,,,,,7403.0,Pooh,Reckong Peo ,,,,,,,,,,,,,,,,,,,,,,,,,,,,,,,,,,,,,,,,,,,,,,,,,,,,,,,,,,,,KINNAUR,
17974.0,36.0,,Active,,,,,,,19-07-2022,,,,,,,,,,,,,,,,,,,,,,,,,,,,,,,,,,,,,,,,,,,,,,,,,,7404.0,Pooh,Reckong Peo ,,,,,,,,,,,,,,,,,,,,,,,,,,,,,,,,,,,,,,,,,,,,,,,,,,,,,,,,,,,,KINNAUR,
17974.0,36.0,,Active,,,,,,,19-07-2022,,,,,,,,,,,,,,,,,,,,,,,,,,,,,,,,,,,,,,,,,,,,,,,,,,7443.0,Pooh,Reckong Peo ,,,,,,,,,,,,,,,,,,,,,,,,,,,,,,,,,,,,,,,,,,,,,,,,,,,,,,,,,,,,KINNAUR,
18009.0,36.0,,Active,,,,,,,21-07-2022,,,,,,,,,,,,,,,,,,,,,,,,,,,,,,,,,,,,,,,,,,,,,,,,,,7449.0,Tissa at Bhanjraru,Chamba,,,,,,,,,,,,,,,,,,,,,,,,,,,,,,,,,,,,,,,,,,,,,,,,,,,,,,,,,,,,,
18010.0,36.0,,Active,,,,,,,18-07-2022,,,,,,,,,,,,,,,,,,,,,,,,,,,,,,,,,,,,,,,,,,,,,,,,,,7450.0,Salooni,Chamba,,,,,,,,,,,,,,,,,,,,,,,,,,,,,,,,,,,,,,,,,,,,,,,,,,,,,,,,,,,,MANDI,SANDHOL
18023.0,1041.0,,Active,,,,,,,11-07-2022,,,,,,,,,,,,,,,,,,,,,,,,,,,,,,,,,,,,,,,,,,,,,,,,,,7453.0,FC Div. Gagret,SRFMP Una,,,,,,,,,,,,,,,,,,,,,,,,,,,,,,,,,,,,,,,,,,,,,,,,,,,,,,,,,,,,,
18023.0,1041.0,,Active,,,,,,,11-07-2022,,,,,,,,,,,,,,,,,,,,,,,,,,,,,,,,,,,,,,,,,,,,,,,,,,7454.0,FC Div. Gagret,SRFMP Una,,,,,,,,,,,,,,,,,,,,,,,,,,,,,,,,,,,,,,,,,,,,,,,,,,,,,,,,,,,,,
18023.0,1041.0,,Active,,,,,,,11-07-2022,,,,,,,,,,,,,,,,,,,,,,,,,,,,,,,,,,,,,,,,,,,,,,,,,,7455.0,FC Div. Gagret,SRFMP Una,,,,,,,,,,,,,,,,,,,,,,,,,,,,,,,,,,,,,,,,,,,,,,,,,,,,,,,,,,,,,
18023.0,1041.0,,Active,,,,,,,11-07-2022,,,,,,,,,,,,,,,,,,,,,,,,,,,,,,,,,,,,,,,,,,,,,,,,,,7456.0,FC Div. Gagret,SRFMP Una,,,,,,,,,,,,,,,,,,,,,,,,,,,,,,,,,,,,,,,,,,,,,,,,,,,,,,,,,,,,,
18023.0,1041.0,,Active,,,,,,,11-07-2022,,,,,,,,,,,,,,,,,,,,,,,,,,,,,,,,,,,,,,,,,,,,,,,,,,7457.0,FC Div. Gagret,SRFMP Una,,,,,,,,,,,,,,,,,,,,,,,,,,,,,,,,,,,,,,,,,,,,,,,,,,,,,,,,,,,,,
18023.0,1041.0,,Active,,,,,,,11-07-2022,,,,,,,,,,,,,,,,,,,,,,,,,,,,,,,,,,,,,,,,,,,,,,,,,,7458.0,FC Div. Gagret,SRFMP Una,,,,,,,,,,,,,,,,,,,,,,,,,,,,,,,,,,,,,,,,,,,,,,,,,,,,,,,,,,,,,
18023.0,1041.0,,Active,,,,,,,11-07-2022,,,,,,,,,,,,,,,,,,,,,,,,,,,,,,,,,,,,,,,,,,,,,,,,,,7459.0,FC Div. Gagret,SRFMP Una,,,,,,,,,,,,,,,,,,,,,,,,,,,,,,,,,,,,,,,,,,,,,,,,,,,,,,,,,,,,,
18023.0,1041.0,,Active,,,,,,,11-07-2022,,,,,,,,,,,,,,,,,,,,,,,,,,,,,,,,,,,,,,,,,,,,,,,,,,7460.0,FC Div. Gagret,SRFMP Una,,,,,,,,,,,,,,,,,,,,,,,,,,,,,,,,,,,,,,,,,,,,,,,,,,,,,,,,,,,,,
18023.0,1041.0,,Active,,,,,,,11-07-2022,,,,,,,,,,,,,,,,,,,,,,,,,,,,,,,,,,,,,,,,,,,,,,,,,,7461.0,FC Div. Gagret,SRFMP Una,,,,,,,,,,,,,,,,,,,,,,,,,,,,,,,,,,,,,,,,,,,,,,,,,,,,,,,,,,,,,
18023.0,1041.0,,Active,,,,,,,11-07-2022,,,,,,,,,,,,,,,,,,,,,,,,,,,,,,,,,,,,,,,,,,,,,,,,,,7462.0,FC Div. Gagret,SRFMP Una,,,,,,,,,,,,,,,,,,,,,,,,,,,,,,,,,,,,,,,,,,,,,,,,,,,,,,,,,,,,,
18023.0,1041.0,,Active,,,,,,,11-07-2022,,,,,,,,,,,,,,,,,,,,,,,,,,,,,,,,,,,,,,,,,,,,,,,,,,7463.0,FC Div. Gagret,SRFMP Una,,,,,,,,,,,,,,,,,,,,,,,,,,,,,,,,,,,,,,,,,,,,,,,,,,,,,,,,,,,,,
18027.0,1041.0,,Active,,,,,,,13-07-2022,,,,,,,,,,,,,,,,,,,,,,,,,,,,,,,,,,,,,,,,,,,,,,,,,,7464.0,FC Div. Gagret,SRFMP Una,,,,,,,,,,,,,,,,,,,,,,,,,,,,,,,,,,,,,,,,,,,,,,,,,,,,,,,,,,,,,
18027.0,1041.0,,Active,,,,,,,13-07-2022,,,,,,,,,,,,,,,,,,,,,,,,,,,,,,,,,,,,,,,,,,,,,,,,,,7465.0,FC Div. Gagret,SRFMP Una,,,,,,,,,,,,,,,,,,,,,,,,,,,,,,,,,,,,,,,,,,,,,,,,,,,,,,,,,,,,,
18027.0,1041.0,,Active,,,,,,,13-07-2022,,,,,,,,,,,,,,,,,,,,,,,,,,,,,,,,,,,,,,,,,,,,,,,,,,7466.0,FC Div. Gagret,SRFMP Una,,,,,,,,,,,,,,,,,,,,,,,,,,,,,,,,,,,,,,,,,,,,,,,,,,,,,,,,,,,,,
18027.0,1041.0,,Active,,,,,,,13-07-2022,,,,,,,,,,,,,,,,,,,,,,,,,,,,,,,,,,,,,,,,,,,,,,,,,,7467.0,FC Div. Gagret,SRFMP Una,,,,,,,,,,,,,,,,,,,,,,,,,,,,,,,,,,,,,,,,,,,,,,,,,,,,,,,,,,,,,
18027.0,1041.0,,Active,,,,,,,13-07-2022,,,,,,,,,,,,,,,,,,,,,,,,,,,,,,,,,,,,,,,,,,,,,,,,,,7468.0,FC Div. Gagret,SRFMP Una,,,,,,,,,,,,,,,,,,,,,,,,,,,,,,,,,,,,,,,,,,,,,,,,,,,,,,,,,,,,,
18027.0,1041.0,,Active,,,,,,,13-07-2022,,,,,,,,,,,,,,,,,,,,,,,,,,,,,,,,,,,,,,,,,,,,,,,,,,7469.0,FC Div. Gagret,SRFMP Una,,,,,,,,,,,,,,,,,,,,,,,,,,,,,,,,,,,,,,,,,,,,,,,,,,,,,,,,,,,,,
18027.0,1041.0,,Active,,,,,,,13-07-2022,,,,,,,,,,,,,,,,,,,,,,,,,,,,,,,,,,,,,,,,,,,,,,,,,,7470.0,FC Div. Gagret,SRFMP Una,,,,,,,,,,,,,,,,,,,,,,,,,,,,,,,,,,,,,,,,,,,,,,,,,,,,,,,,,,,,,
17931.0,36.0,,Active,,,,,,,16-07-2022,,,,,,,,,,,,,,,,,,,,,,,,,,,,,,,,,,,,,,,,,,,,,,,,,,7471.0,Div. No-I Shimla-9,Shimla-9,,,,,,,,,,,,,,,,,,,,,,,,,,,,,,,,,,,,,,,,,,,,,,,,,,,,,,,,,,,,,
18074.0,1.0,,Active,,,,,,,21-07-2022,,,,,,,,,,,,,,,,,,,,,,,,,,,,,,,,,,,,,,,,,,,,,,,,,,7479.0,Keylong,Kullu,,,,,,,,,,,,,,,,,,,,,,,,,,,,,,,,,,,,,,,,,,,,,,,,,,,,,,,,,,,,,
17548.0,36.0,,Active,,,,,,,03-07-2022,,,,,,,,,,,,,,,,,,,,,,,,,,,,,,,,,,,,,,,,,,,,,,,,,,7491.0,Kaza,Reckong Peo ,,,,,,,,,,,,,,,,,,,,,,,,,,,,,,,,,,,,,,,,,,,,,,,,,,,,,,,,,,,,,
18073.0,43.0,,Active,,,,,,,22-07-2022,,,,,,,,,,,,,,,,,,,,,,,,,,,,,,,,,,,,,,,,,,,,,,,,,,7492.0,Nurpur,Nurpur,,,,,,,,,,,,,,,,,,,,,,,,,,,,,,,,,,,,,,,,,,,,,,,,,,,,,,,,,,,,KANGRA,NURPUR
18073.0,43.0,,Active,,,,,,,22-07-2022,,,,,,,,,,,,,,,,,,,,,,,,,,,,,,,,,,,,,,,,,,,,,,,,,,7493.0,Nurpur,Nurpur,,,,,,,,,,,,,,,,,,,,,,,,,,,,,,,,,,,,,,,,,,,,,,,,,,,,,,,,,,,,KANGRA,NURPUR
18073.0,43.0,,Active,,,,,,,22-07-2022,,,,,,,,,,,,,,,,,,,,,,,,,,,,,,,,,,,,,,,,,,,,,,,,,,7494.0,Nurpur,Nurpur,,,,,,,,,,,,,,,,,,,,,,,,,,,,,,,,,,,,,,,,,,,,,,,,,,,,,,,,,,,,KANGRA,NURPUR
18099.0,43.0,,Active,,,,,,,23-07-2022,,,,,,,,,,,,,,,,,,,,,,,,,,,,,,,,,,,,,,,,,,,,,,,,,,7495.0,Nurpur,Nurpur,,,,,,,,,,,,,,,,,,,,,,,,,,,,,,,,,,,,,,,,,,,,,,,,,,,,,,,,,,,,KANGRA,NURPUR
18073.0,43.0,,Active,,,,,,,22-07-2022,,,,,,,,,,,,,,,,,,,,,,,,,,,,,,,,,,,,,,,,,,,,,,,,,,7496.0,Nurpur,Nurpur,,,,,,,,,,,,,,,,,,,,,,,,,,,,,,,,,,,,,,,,,,,,,,,,,,,,,,,,,,,,KANGRA,NURPUR
18073.0,43.0,,Active,,,,,,,22-07-2022,,,,,,,,,,,,,,,,,,,,,,,,,,,,,,,,,,,,,,,,,,,,,,,,,,7497.0,Nurpur,Nurpur,,,,,,,,,,,,,,,,,,,,,,,,,,,,,,,,,,,,,,,,,,,,,,,,,,,,,,,,,,,,KANGRA,NURPUR
18081.0,36.0,,Active,,,,,,,23-07-2022,,,,,,,,,,,,,,,,,,,,,,,,,,,,,,,,,,,,,,,,,,,,,,,,,,7501.0,Matiana Division,Shimla-9,,,,,,,,,,,,,,,,,,,,,,,,,,,,,,,,,,,,,,,,,,,,,,,,,,,,,,,,,,,,,
18082.0,36.0,,Active,,,,,,,24-07-2022,,,,,,,,,,,,,,,,,,,,,,,,,,,,,,,,,,,,,,,,,,,,,,,,,,7502.0,Matiana Division,Shimla-9,,,,,,,,,,,,,,,,,,,,,,,,,,,,,,,,,,,,,,,,,,,,,,,,,,,,,,,,,,,,,
18142.0,36.0,,Active,,,,,,,27-07-2022,,,,,,,,,,,,,,,,,,,,,,,,,,,,,,,,,,,,,,,,,,,,,,,,,,7511.0,Matiana Division,Shimla-9,,,,,,,,,,,,,,,,,,,,,,,,,,,,,,,,,,,,,,,,,,,,,,,,,,,,,,,,,,,,,
18143.0,36.0,,Active,,,,,,,21-07-2022,,,,,,,,,,,,,,,,,,,,,,,,,,,,,,,,,,,,,,,,,,,,,,,,,,7512.0,Keylong,Kullu,,,,,,,,,,,,,,,,,,,,,,,,,,,,,,,,,,,,,,,,,,,,,,,,,,,,,,,,,,,,,
18009.0,36.0,,Active,,,,,,,21-07-2022,,,,,,,,,,,,,,,,,,,,,,,,,,,,,,,,,,,,,,,,,,,,,,,,,,7518.0,Chamba,Chamba,,,,,,,,,,,,,,,,,,,,,,,,,,,,,,,,,,,,,,,,,,,,,,,,,,,,,,,,,,,,CHAMBA,CHAMBA
18009.0,36.0,,Active,,,,,,,21-07-2022,,,,,,,,,,,,,,,,,,,,,,,,,,,,,,,,,,,,,,,,,,,,,,,,,,7519.0,Dalhousie,Chamba,,,,,,,,,,,,,,,,,,,,,,,,,,,,,,,,,,,,,,,,,,,,,,,,,,,,,,,,,,,,CHAMBA,DALHOUSIE
19142.0,1041.0,,Active,,,,,,,28-07-2022,,,,,,,,,,,,,,,,,,,,,,,,,,,,,,,,,,,,,,,,,,,,,,,,,,8514.0,EE Nagrota,Dharmshala,,,,,,,,,,,,,,,,,,,,,,,,,,,,,,,,,,,,,,,,,,,,,,,,,,,,,,,,,,,,KANGRA,NURPUR
19142.0,1041.0,,Active,,,,,,,28-07-2022,,,,,,,,,,,,,,,,,,,,,,,,,,,,,,,,,,,,,,,,,,,,,,,,,,8515.0,EE Nagrota,Dharmshala,,,,,,,,,,,,,,,,,,,,,,,,,,,,,,,,,,,,,,,,,,,,,,,,,,,,,,,,,,,,KANGRA,NURPUR
19142.0,1041.0,,Active,,,,,,,28-07-2022,,,,,,,,,,,,,,,,,,,,,,,,,,,,,,,,,,,,,,,,,,,,,,,,,,8520.0,Thural,Dharmshala,,,,,,,,,,,,,,,,,,,,,,,,,,,,,,,,,,,,,,,,,,,,,,,,,,,,,,,,,,,,SOLAN,KASAULI
19142.0,1041.0,,Active,,,,,,,28-07-2022,,,,,,,,,,,,,,,,,,,,,,,,,,,,,,,,,,,,,,,,,,,,,,,,,,8521.0,Thural,Dharmshala,,,,,,,,,,,,,,,,,,,,,,,,,,,,,,,,,,,,,,,,,,,,,,,,,,,,,,,,,,,,SOLAN,KASAULI
19142.0,1041.0,,Active,,,,,,,28-07-2022,,,,,,,,,,,,,,,,,,,,,,,,,,,,,,,,,,,,,,,,,,,,,,,,,,8522.0,Thural,Dharmshala,,,,,,,,,,,,,,,,,,,,,,,,,,,,,,,,,,,,,,,,,,,,,,,,,,,,,,,,,,,,SOLAN,KASAULI
18143.0,1.0,,Active,,,,,,,21-07-2022,,,,,,,,,,,,,,,,,,,,,,,,,,,,,,,,,,,,,,,,,,,,,,,,,,8524.0,Keylong,Kullu,,,,,,,,,,,,,,,,,,,,,,,,,,,,,,,,,,,,,,,,,,,,,,,,,,,,,,,,,,,,,
18099.0,36.0,,Active,,,,,,,23-07-2022,,,,,,,,,,,,,,,,,,,,,,,,,,,,,,,,,,,,,,,,,,,,,,,,,,8527.0,Nurpur,Nurpur,,,,,,,,,,,,,,,,,,,,,,,,,,,,,,,,,,,,,,,,,,,,,,,,,,,,,,,,,,,,KANGRA,NURPUR
18099.0,36.0,,Active,,,,,,,23-07-2022,,,,,,,,,,,,,,,,,,,,,,,,,,,,,,,,,,,,,,,,,,,,,,,,,,8529.0,Nurpur,Nurpur,,,,,,,,,,,,,,,,,,,,,,,,,,,,,,,,,,,,,,,,,,,,,,,,,,,,,,,,,,,,KANGRA,NURPUR
18143.0,36.0,,Active,,,,,,,21-07-2022,,,,,,,,,,,,,,,,,,,,,,,,,,,,,,,,,,,,,,,,,,,,,,,,,,8530.0,Keylong,Kullu,,,,,,,,,,,,,,,,,,,,,,,,,,,,,,,,,,,,,,,,,,,,,,,,,,,,,,,,,,,,,
19158.0,36.0,,Active,,,,,,,28-07-2022,,,,,,,,,,,,,,,,,,,,,,,,,,,,,,,,,,,,,,,,,,,,,,,,,,8531.0,Nurpur,Nurpur,,,,,,,,,,,,,,,,,,,,,,,,,,,,,,,,,,,,,,,,,,,,,,,,,,,,,,,,,,,,KANGRA,NURPUR
19158.0,36.0,,Active,,,,,,,28-07-2022,,,,,,,,,,,,,,,,,,,,,,,,,,,,,,,,,,,,,,,,,,,,,,,,,,8532.0,Nurpur,Nurpur,,,,,,,,,,,,,,,,,,,,,,,,,,,,,,,,,,,,,,,,,,,,,,,,,,,,,,,,,,,,KANGRA,NURPUR
18143.0,1.0,,Active,,,,,,,21-07-2022,,,,,,,,,,,,,,,,,,,,,,,,,,,,,,,,,,,,,,,,,,,,,,,,,,8533.0,Keylong,Kullu,,,,,,,,,,,,,,,,,,,,,,,,,,,,,,,,,,,,,,,,,,,,,,,,,,,,,,,,,,,,,
18143.0,36.0,,Active,,,,,,,21-07-2022,,,,,,,,,,,,,,,,,,,,,,,,,,,,,,,,,,,,,,,,,,,,,,,,,,8538.0,Keylong,Kullu,,,,,,,,,,,,,,,,,,,,,,,,,,,,,,,,,,,,,,,,,,,,,,,,,,,,,,,,,,,,,
18143.0,36.0,,Active,,,,,,,21-07-2022,,,,,,,,,,,,,,,,,,,,,,,,,,,,,,,,,,,,,,,,,,,,,,,,,,8539.0,Keylong,Kullu,,,,,,,,,,,,,,,,,,,,,,,,,,,,,,,,,,,,,,,,,,,,,,,,,,,,,,,,,,,,,
18143.0,36.0,,Active,,,,,,,21-07-2022,,,,,,,,,,,,,,,,,,,,,,,,,,,,,,,,,,,,,,,,,,,,,,,,,,8540.0,Keylong,Kullu,,,,,,,,,,,,,,,,,,,,,,,,,,,,,,,,,,,,,,,,,,,,,,,,,,,,,,,,,,,,,
18143.0,36.0,,Active,,,,,,,21-07-2022,,,,,,,,,,,,,,,,,,,,,,,,,,,,,,,,,,,,,,,,,,,,,,,,,,8541.0,Keylong,Kullu,,,,,,,,,,,,,,,,,,,,,,,,,,,,,,,,,,,,,,,,,,,,,,,,,,,,,,,,,,,,,
18143.0,36.0,,Active,,,,,,,21-07-2022,,,,,,,,,,,,,,,,,,,,,,,,,,,,,,,,,,,,,,,,,,,,,,,,,,8542.0,Keylong,Kullu,,,,,,,,,,,,,,,,,,,,,,,,,,,,,,,,,,,,,,,,,,,,,,,,,,,,,,,,,,,,,
18143.0,36.0,,Active,,,,,,,21-07-2022,,,,,,,,,,,,,,,,,,,,,,,,,,,,,,,,,,,,,,,,,,,,,,,,,,8544.0,Keylong,Kullu,,,,,,,,,,,,,,,,,,,,,,,,,,,,,,,,,,,,,,,,,,,,,,,,,,,,,,,,,,,,,
19158.0,36.0,,Active,,,,,,,28-07-2022,,,,,,,,,,,,,,,,,,,,,,,,,,,,,,,,,,,,,,,,,,,,,,,,,,8545.0,Nurpur,Nurpur,,,,,,,,,,,,,,,,,,,,,,,,,,,,,,,,,,,,,,,,,,,,,,,,,,,,,,,,,,,,KANGRA,NURPUR
18143.0,36.0,,Active,,,,,,,21-07-2022,,,,,,,,,,,,,,,,,,,,,,,,,,,,,,,,,,,,,,,,,,,,,,,,,,8547.0,Keylong,Kullu,,,,,,,,,,,,,,,,,,,,,,,,,,,,,,,,,,,,,,,,,,,,,,,,,,,,,,,,,,,,,
18143.0,36.0,,Active,,,,,,,21-07-2022,,,,,,,,,,,,,,,,,,,,,,,,,,,,,,,,,,,,,,,,,,,,,,,,,,8549.0,Keylong,Kullu,,,,,,,,,,,,,,,,,,,,,,,,,,,,,,,,,,,,,,,,,,,,,,,,,,,,,,,,,,,,,
19158.0,36.0,,Active,,,,,,,28-07-2022,,,,,,,,,,,,,,,,,,,,,,,,,,,,,,,,,,,,,,,,,,,,,,,,,,8550.0,Nurpur,Nurpur,,,,,,,,,,,,,,,,,,,,,,,,,,,,,,,,,,,,,,,,,,,,,,,,,,,,,,,,,,,,KANGRA,NURPUR
18143.0,36.0,,Active,,,,,,,21-07-2022,,,,,,,,,,,,,,,,,,,,,,,,,,,,,,,,,,,,,,,,,,,,,,,,,,8552.0,Keylong,Kullu,,,,,,,,,,,,,,,,,,,,,,,,,,,,,,,,,,,,,,,,,,,,,,,,,,,,,,,,,,,,,
18143.0,1.0,,Active,,,,,,,21-07-2022,,,,,,,,,,,,,,,,,,,,,,,,,,,,,,,,,,,,,,,,,,,,,,,,,,8553.0,Keylong,Kullu,,,,,,,,,,,,,,,,,,,,,,,,,,,,,,,,,,,,,,,,,,,,,,,,,,,,,,,,,,,,,
18143.0,36.0,,Active,,,,,,,21-07-2022,,,,,,,,,,,,,,,,,,,,,,,,,,,,,,,,,,,,,,,,,,,,,,,,,,8554.0,Keylong,Kullu,,,,,,,,,,,,,,,,,,,,,,,,,,,,,,,,,,,,,,,,,,,,,,,,,,,,,,,,,,,,,
19158.0,36.0,,Active,,,,,,,28-07-2022,,,,,,,,,,,,,,,,,,,,,,,,,,,,,,,,,,,,,,,,,,,,,,,,,,8555.0,Nurpur,Nurpur,,,,,,,,,,,,,,,,,,,,,,,,,,,,,,,,,,,,,,,,,,,,,,,,,,,,,,,,,,,,KANGRA,NURPUR
18143.0,36.0,,Active,,,,,,,21-07-2022,,,,,,,,,,,,,,,,,,,,,,,,,,,,,,,,,,,,,,,,,,,,,,,,,,8556.0,Keylong,Kullu,,,,,,,,,,,,,,,,,,,,,,,,,,,,,,,,,,,,,,,,,,,,,,,,,,,,,,,,,,,,,
18143.0,36.0,,Active,,,,,,,21-07-2022,,,,,,,,,,,,,,,,,,,,,,,,,,,,,,,,,,,,,,,,,,,,,,,,,,8557.0,Keylong,Kullu,,,,,,,,,,,,,,,,,,,,,,,,,,,,,,,,,,,,,,,,,,,,,,,,,,,,,,,,,,,,,
18143.0,36.0,,Active,,,,,,,21-07-2022,,,,,,,,,,,,,,,,,,,,,,,,,,,,,,,,,,,,,,,,,,,,,,,,,,8559.0,Keylong,Kullu,,,,,,,,,,,,,,,,,,,,,,,,,,,,,,,,,,,,,,,,,,,,,,,,,,,,,,,,,,,,,
18143.0,1.0,,Active,,,,,,,21-07-2022,,,,,,,,,,,,,,,,,,,,,,,,,,,,,,,,,,,,,,,,,,,,,,,,,,8560.0,Keylong,Kullu,,,,,,,,,,,,,,,,,,,,,,,,,,,,,,,,,,,,,,,,,,,,,,,,,,,,,,,,,,,,,
18143.0,1.0,,Active,,,,,,,21-07-2022,,,,,,,,,,,,,,,,,,,,,,,,,,,,,,,,,,,,,,,,,,,,,,,,,,8562.0,Keylong,Kullu,,,,,,,,,,,,,,,,,,,,,,,,,,,,,,,,,,,,,,,,,,,,,,,,,,,,,,,,,,,,,
19158.0,36.0,,Active,,,,,,,28-07-2022,,,,,,,,,,,,,,,,,,,,,,,,,,,,,,,,,,,,,,,,,,,,,,,,,,8563.0,Jawali,Nurpur,,,,,,,,,,,,,,,,,,,,,,,,,,,,,,,,,,,,,,,,,,,,,,,,,,,,,,,,,,,,MANDI,BALDWARA
19162.0,1041.0,,Active,,,,,,,27-07-2022,,,,,,,,,,,,,,,,,,,,,,,,,,,,,,,,,,,,,,,,,,,,,,,,,,8564.0,Shahpur,Dharmshala,,,,,,,,,,,,,,,,,,,,,,,,,,,,,,,,,,,,,,,,,,,,,,,,,,,,,,,,,,,,KANGRA,SHAHPUR
18143.0,1.0,,Active,,,,,,,21-07-2022,,,,,,,,,,,,,,,,,,,,,,,,,,,,,,,,,,,,,,,,,,,,,,,,,,8565.0,Keylong,Kullu,,,,,,,,,,,,,,,,,,,,,,,,,,,,,,,,,,,,,,,,,,,,,,,,,,,,,,,,,,,,,
19162.0,1041.0,,Active,,,,,,,27-07-2022,,,,,,,,,,,,,,,,,,,,,,,,,,,,,,,,,,,,,,,,,,,,,,,,,,8566.0,Shahpur,Dharmshala,,,,,,,,,,,,,,,,,,,,,,,,,,,,,,,,,,,,,,,,,,,,,,,,,,,,,,,,,,,,KANGRA,SHAHPUR
19158.0,36.0,,Active,,,,,,,28-07-2022,,,,,,,,,,,,,,,,,,,,,,,,,,,,,,,,,,,,,,,,,,,,,,,,,,8567.0,Jawali,Nurpur,,,,,,,,,,,,,,,,,,,,,,,,,,,,,,,,,,,,,,,,,,,,,,,,,,,,,,,,,,,,MANDI,BALDWARA
18143.0,1.0,,Active,,,,,,,21-07-2022,,,,,,,,,,,,,,,,,,,,,,,,,,,,,,,,,,,,,,,,,,,,,,,,,,8568.0,Keylong,Kullu,,,,,,,,,,,,,,,,,,,,,,,,,,,,,,,,,,,,,,,,,,,,,,,,,,,,,,,,,,,,,
19162.0,1041.0,,Active,,,,,,,27-07-2022,,,,,,,,,,,,,,,,,,,,,,,,,,,,,,,,,,,,,,,,,,,,,,,,,,8572.0,Shahpur,Dharmshala,,,,,,,,,,,,,,,,,,,,,,,,,,,,,,,,,,,,,,,,,,,,,,,,,,,,,,,,,,,,KANGRA,SHAHPUR
19162.0,1041.0,,Active,,,,,,,27-07-2022,,,,,,,,,,,,,,,,,,,,,,,,,,,,,,,,,,,,,,,,,,,,,,,,,,8573.0,Shahpur,Dharmshala,,,,,,,,,,,,,,,,,,,,,,,,,,,,,,,,,,,,,,,,,,,,,,,,,,,,,,,,,,,,KANGRA,SHAHPUR
19162.0,1041.0,,Active,,,,,,,27-07-2022,,,,,,,,,,,,,,,,,,,,,,,,,,,,,,,,,,,,,,,,,,,,,,,,,,8574.0,Shahpur,Dharmshala,,,,,,,,,,,,,,,,,,,,,,,,,,,,,,,,,,,,,,,,,,,,,,,,,,,,,,,,,,,,KANGRA,SHAHPUR
19158.0,36.0,,Active,,,,,,,28-07-2022,,,,,,,,,,,,,,,,,,,,,,,,,,,,,,,,,,,,,,,,,,,,,,,,,,8575.0,Jawali,Nurpur,,,,,,,,,,,,,,,,,,,,,,,,,,,,,,,,,,,,,,,,,,,,,,,,,,,,,,,,,,,,MANDI,BALDWARA
19162.0,1041.0,,Active,,,,,,,27-07-2022,,,,,,,,,,,,,,,,,,,,,,,,,,,,,,,,,,,,,,,,,,,,,,,,,,8578.0,Shahpur,Dharmshala,,,,,,,,,,,,,,,,,,,,,,,,,,,,,,,,,,,,,,,,,,,,,,,,,,,,,,,,,,,,KANGRA,SHAHPUR
19158.0,36.0,,Active,,,,,,,28-07-2022,,,,,,,,,,,,,,,,,,,,,,,,,,,,,,,,,,,,,,,,,,,,,,,,,,8579.0,Jawali,Nurpur,,,,,,,,,,,,,,,,,,,,,,,,,,,,,,,,,,,,,,,,,,,,,,,,,,,,,,,,,,,,MANDI,BALDWARA
19162.0,1041.0,,Active,,,,,,,27-07-2022,,,,,,,,,,,,,,,,,,,,,,,,,,,,,,,,,,,,,,,,,,,,,,,,,,8584.0,Shahpur,Dharmshala,,,,,,,,,,,,,,,,,,,,,,,,,,,,,,,,,,,,,,,,,,,,,,,,,,,,,,,,,,,,KANGRA,SHAHPUR
19162.0,1041.0,,Active,,,,,,,27-07-2022,,,,,,,,,,,,,,,,,,,,,,,,,,,,,,,,,,,,,,,,,,,,,,,,,,8586.0,Shahpur,Dharmshala,,,,,,,,,,,,,,,,,,,,,,,,,,,,,,,,,,,,,,,,,,,,,,,,,,,,,,,,,,,,KANGRA,SHAHPUR
19158.0,36.0,,Active,,,,,,,28-07-2022,,,,,,,,,,,,,,,,,,,,,,,,,,,,,,,,,,,,,,,,,,,,,,,,,,8587.0,Jawali,Nurpur,,,,,,,,,,,,,,,,,,,,,,,,,,,,,,,,,,,,,,,,,,,,,,,,,,,,,,,,,,,,MANDI,BALDWARA
19162.0,1041.0,,Active,,,,,,,27-07-2022,,,,,,,,,,,,,,,,,,,,,,,,,,,,,,,,,,,,,,,,,,,,,,,,,,8589.0,Shahpur,Dharmshala,,,,,,,,,,,,,,,,,,,,,,,,,,,,,,,,,,,,,,,,,,,,,,,,,,,,,,,,,,,,KANGRA,SHAHPUR
19162.0,1041.0,,Active,,,,,,,27-07-2022,,,,,,,,,,,,,,,,,,,,,,,,,,,,,,,,,,,,,,,,,,,,,,,,,,8592.0,Shahpur,Dharmshala,,,,,,,,,,,,,,,,,,,,,,,,,,,,,,,,,,,,,,,,,,,,,,,,,,,,,,,,,,,,KANGRA,SHAHPUR
19162.0,1041.0,,Active,,,,,,,27-07-2022,,,,,,,,,,,,,,,,,,,,,,,,,,,,,,,,,,,,,,,,,,,,,,,,,,8593.0,Shahpur,Dharmshala,,,,,,,,,,,,,,,,,,,,,,,,,,,,,,,,,,,,,,,,,,,,,,,,,,,,,,,,,,,,KANGRA,SHAHPUR
19158.0,36.0,,Active,,,,,,,28-07-2022,,,,,,,,,,,,,,,,,,,,,,,,,,,,,,,,,,,,,,,,,,,,,,,,,,8596.0,Jawali,Nurpur,,,,,,,,,,,,,,,,,,,,,,,,,,,,,,,,,,,,,,,,,,,,,,,,,,,,,,,,,,,,MANDI,BALDWARA
18143.0,36.0,,Active,,,,,,,21-07-2022,,,,,,,,,,,,,,,,,,,,,,,,,,,,,,,,,,,,,,,,,,,,,,,,,,8597.0,Keylong,Kullu,,,,,,,,,,,,,,,,,,,,,,,,,,,,,,,,,,,,,,,,,,,,,,,,,,,,,,,,,,,,,
18143.0,1.0,,Active,,,,,,,21-07-2022,,,,,,,,,,,,,,,,,,,,,,,,,,,,,,,,,,,,,,,,,,,,,,,,,,8598.0,Keylong,Kullu,,,,,,,,,,,,,,,,,,,,,,,,,,,,,,,,,,,,,,,,,,,,,,,,,,,,,,,,,,,,,
19158.0,36.0,,Active,,,,,,,28-07-2022,,,,,,,,,,,,,,,,,,,,,,,,,,,,,,,,,,,,,,,,,,,,,,,,,,8599.0,Jawali,Nurpur,,,,,,,,,,,,,,,,,,,,,,,,,,,,,,,,,,,,,,,,,,,,,,,,,,,,,,,,,,,,MANDI,BALDWARA
19158.0,36.0,,Active,,,,,,,28-07-2022,,,,,,,,,,,,,,,,,,,,,,,,,,,,,,,,,,,,,,,,,,,,,,,,,,8601.0,Jawali,Nurpur,,,,,,,,,,,,,,,,,,,,,,,,,,,,,,,,,,,,,,,,,,,,,,,,,,,,,,,,,,,,MANDI,BALDWARA
19158.0,36.0,,Active,,,,,,,28-07-2022,,,,,,,,,,,,,,,,,,,,,,,,,,,,,,,,,,,,,,,,,,,,,,,,,,8602.0,Jawali,Nurpur,,,,,,,,,,,,,,,,,,,,,,,,,,,,,,,,,,,,,,,,,,,,,,,,,,,,,,,,,,,,MANDI,BALDWARA
19158.0,36.0,,Active,,,,,,,28-07-2022,,,,,,,,,,,,,,,,,,,,,,,,,,,,,,,,,,,,,,,,,,,,,,,,,,8604.0,Jawali,Nurpur,,,,,,,,,,,,,,,,,,,,,,,,,,,,,,,,,,,,,,,,,,,,,,,,,,,,,,,,,,,,MANDI,BALDWARA
19162.0,1041.0,,Active,,,,,,,27-07-2022,,,,,,,,,,,,,,,,,,,,,,,,,,,,,,,,,,,,,,,,,,,,,,,,,,8610.0,Shahpur,Dharmshala,,,,,,,,,,,,,,,,,,,,,,,,,,,,,,,,,,,,,,,,,,,,,,,,,,,,,,,,,,,,KANGRA,SHAHPUR
19142.0,1041.0,,Active,,,,,,,28-07-2022,,,,,,,,,,,,,,,,,,,,,,,,,,,,,,,,,,,,,,,,,,,,,,,,,,8611.0,EE Nagrota,Dharmshala,,,,,,,,,,,,,,,,,,,,,,,,,,,,,,,,,,,,,,,,,,,,,,,,,,,,,,,,,,,,KANGRA,NURPUR
19142.0,1041.0,,Active,,,,,,,28-07-2022,,,,,,,,,,,,,,,,,,,,,,,,,,,,,,,,,,,,,,,,,,,,,,,,,,8612.0,EE Nagrota,Dharmshala,,,,,,,,,,,,,,,,,,,,,,,,,,,,,,,,,,,,,,,,,,,,,,,,,,,,,,,,,,,,KANGRA,NURPUR
19142.0,1041.0,,Active,,,,,,,28-07-2022,,,,,,,,,,,,,,,,,,,,,,,,,,,,,,,,,,,,,,,,,,,,,,,,,,8613.0,EE Nagrota,Dharmshala,,,,,,,,,,,,,,,,,,,,,,,,,,,,,,,,,,,,,,,,,,,,,,,,,,,,,,,,,,,,KANGRA,NURPUR
19142.0,1041.0,,Active,,,,,,,28-07-2022,,,,,,,,,,,,,,,,,,,,,,,,,,,,,,,,,,,,,,,,,,,,,,,,,,8614.0,Shahpur,Dharmshala,,,,,,,,,,,,,,,,,,,,,,,,,,,,,,,,,,,,,,,,,,,,,,,,,,,,,,,,,,,,KANGRA,SHAHPUR
19181.0,36.0,,Active,,,,,,,31-07-2022,,,,,,,,,,,,,,,,,,,,,,,,,,,,,,,,,,,,,,,,,,,,,,,,,,8627.0,Reckong Peo ,Reckong Peo ,,,,,,,,,,,,,,,,,,,,,,,,,,,,,,,,,,,,,,,,,,,,,,,,,,,,,,,,,,,,KINNAUR,KALPA
19142.0,1041.0,,Active,,,,,,,28-07-2022,,,,,,,,,,,,,,,,,,,,,,,,,,,,,,,,,,,,,,,,,,,,,,,,,,8635.0,Dharamshala,Dharmshala,,,,,,,,,,,,,,,,,,,,,,,,,,,,,,,,,,,,,,,,,,,,,,,,,,,,,,,,,,,,KANGRA,SHAHPUR
19142.0,1041.0,,Active,,,,,,,28-07-2022,,,,,,,,,,,,,,,,,,,,,,,,,,,,,,,,,,,,,,,,,,,,,,,,,,8636.0,Dharamshala,Dharmshala,,,,,,,,,,,,,,,,,,,,,,,,,,,,,,,,,,,,,,,,,,,,,,,,,,,,,,,,,,,,KANGRA,SHAHPUR
19142.0,1041.0,,Active,,,,,,,28-07-2022,,,,,,,,,,,,,,,,,,,,,,,,,,,,,,,,,,,,,,,,,,,,,,,,,,8637.0,Dharamshala,Dharmshala,,,,,,,,,,,,,,,,,,,,,,,,,,,,,,,,,,,,,,,,,,,,,,,,,,,,,,,,,,,,KANGRA,SHAHPUR
19142.0,1041.0,,Active,,,,,,,28-07-2022,,,,,,,,,,,,,,,,,,,,,,,,,,,,,,,,,,,,,,,,,,,,,,,,,,8638.0,Dharamshala,Dharmshala,,,,,,,,,,,,,,,,,,,,,,,,,,,,,,,,,,,,,,,,,,,,,,,,,,,,,,,,,,,,KANGRA,SHAHPUR
19142.0,1041.0,,Active,,,,,,,28-07-2022,,,,,,,,,,,,,,,,,,,,,,,,,,,,,,,,,,,,,,,,,,,,,,,,,,8639.0,Dharamshala,Dharmshala,,,,,,,,,,,,,,,,,,,,,,,,,,,,,,,,,,,,,,,,,,,,,,,,,,,,,,,,,,,,KANGRA,SHAHPUR
19142.0,1041.0,,Active,,,,,,,28-07-2022,,,,,,,,,,,,,,,,,,,,,,,,,,,,,,,,,,,,,,,,,,,,,,,,,,8640.0,Dharamshala,Dharmshala,,,,,,,,,,,,,,,,,,,,,,,,,,,,,,,,,,,,,,,,,,,,,,,,,,,,,,,,,,,,KANGRA,SHAHPUR
19142.0,1041.0,,Active,,,,,,,28-07-2022,,,,,,,,,,,,,,,,,,,,,,,,,,,,,,,,,,,,,,,,,,,,,,,,,,8641.0,Dharamshala,Dharmshala,,,,,,,,,,,,,,,,,,,,,,,,,,,,,,,,,,,,,,,,,,,,,,,,,,,,,,,,,,,,KANGRA,SHAHPUR
19142.0,1041.0,,Active,,,,,,,28-07-2022,,,,,,,,,,,,,,,,,,,,,,,,,,,,,,,,,,,,,,,,,,,,,,,,,,8642.0,Dharamshala,Dharmshala,,,,,,,,,,,,,,,,,,,,,,,,,,,,,,,,,,,,,,,,,,,,,,,,,,,,,,,,,,,,KANGRA,SHAHPUR
19185.0,1041.0,,Active,,,,,,,30-07-2022,,,,,,,,,,,,,,,,,,,,,,,,,,,,,,,,,,,,,,,,,,,,,,,,,,8644.0,Dharamshala,Dharmshala,,,,,,,,,,,,,,,,,,,,,,,,,,,,,,,,,,,,,,,,,,,,,,,,,,,,,,,,,,,,KANGRA,SHAHPUR
19185.0,1041.0,,Active,,,,,,,30-07-2022,,,,,,,,,,,,,,,,,,,,,,,,,,,,,,,,,,,,,,,,,,,,,,,,,,8645.0,Dharamshala,Dharmshala,,,,,,,,,,,,,,,,,,,,,,,,,,,,,,,,,,,,,,,,,,,,,,,,,,,,,,,,,,,,KANGRA,SHAHPUR
18082.0,36.0,,Active,,,,,,,24-07-2022,,,,,,,,,,,,,,,,,,,,,,,,,,,,,,,,,,,,,,,,,,,,,,,,,,8647.0,Div. No-I Shimla-9,Shimla-9,,,,,,,,,,,,,,,,,,,,,,,,,,,,,,,,,,,,,,,,,,,,,,,,,,,,,,,,,,,,,
19175.0,36.0,,Active,,,,,,,30-07-2022,,,,,,,,,,,,,,,,,,,,,,,,,,,,,,,,,,,,,,,,,,,,,,,,,,8648.0,Div. No-I Shimla-9,Shimla-9,,,,,,,,,,,,,,,,,,,,,,,,,,,,,,,,,,,,,,,,,,,,,,,,,,,,,,,,,,,,,
19209.0,36.0,,Active,,,,,,,01-08-2022,,,,,,,,,,,,,,,,,,,,,,,,,,,,,,,,,,,,,,,,,,,,,,,,,,8665.0,Sunni  Division,Shimla-9,,,,,,,,,,,,,,,,,,,,,,,,,,,,,,,,,,,,,,,,,,,,,,,,,,,,,,,,,,,,,
19181.0,36.0,,Active,,,,,,,31-07-2022,,,,,,,,,,,,,,,,,,,,,,,,,,,,,,,,,,,,,,,,,,,,,,,,,,8677.0,Reckong Peo ,Reckong Peo ,,,,,,,,,,,,,,,,,,,,,,,,,,,,,,,,,,,,,,,,,,,,,,,,,,,,,,,,,,,,KINNAUR,KALPA
18143.0,1.0,,Active,,,,,,,21-07-2022,,,,,,,,,,,,,,,,,,,,,,,,,,,,,,,,,,,,,,,,,,,,,,,,,,8682.0,Keylong,Kullu,,,,,,,,,,,,,,,,,,,,,,,,,,,,,,,,,,,,,,,,,,,,,,,,,,,,,,,,,,,,,
19212.0,36.0,,Active,,,,,,,31-07-2022,,,,,,,,,,,,,,,,,,,,,,,,,,,,,,,,,,,,,,,,,,,,,,,,,,8726.0,Sunni  Division,Shimla-9,,,,,,,,,,,,,,,,,,,,,,,,,,,,,,,,,,,,,,,,,,,,,,,,,,,,,,,,,,,,,
19254.0,36.0,,Active,,,,,,,31-07-2022,,,,,,,,,,,,,,,,,,,,,,,,,,,,,,,,,,,,,,,,,,,,,,,,,,8729.0,Nurpur,Nurpur,,,,,,,,,,,,,,,,,,,,,,,,,,,,,,,,,,,,,,,,,,,,,,,,,,,,,,,,,,,,KANGRA,NURPUR
19254.0,36.0,,Active,,,,,,,31-07-2022,,,,,,,,,,,,,,,,,,,,,,,,,,,,,,,,,,,,,,,,,,,,,,,,,,8730.0,Nurpur,Nurpur,,,,,,,,,,,,,,,,,,,,,,,,,,,,,,,,,,,,,,,,,,,,,,,,,,,,,,,,,,,,KANGRA,NURPUR
19254.0,36.0,,Active,,,,,,,31-07-2022,,,,,,,,,,,,,,,,,,,,,,,,,,,,,,,,,,,,,,,,,,,,,,,,,,8731.0,Nurpur,Nurpur,,,,,,,,,,,,,,,,,,,,,,,,,,,,,,,,,,,,,,,,,,,,,,,,,,,,,,,,,,,,KANGRA,NURPUR
19254.0,36.0,,Active,,,,,,,31-07-2022,,,,,,,,,,,,,,,,,,,,,,,,,,,,,,,,,,,,,,,,,,,,,,,,,,8732.0,Nurpur,Nurpur,,,,,,,,,,,,,,,,,,,,,,,,,,,,,,,,,,,,,,,,,,,,,,,,,,,,,,,,,,,,KANGRA,NURPUR
19254.0,36.0,,Active,,,,,,,31-07-2022,,,,,,,,,,,,,,,,,,,,,,,,,,,,,,,,,,,,,,,,,,,,,,,,,,8733.0,Nurpur,Nurpur,,,,,,,,,,,,,,,,,,,,,,,,,,,,,,,,,,,,,,,,,,,,,,,,,,,,,,,,,,,,KANGRA,NURPUR
19254.0,36.0,,Active,,,,,,,31-07-2022,,,,,,,,,,,,,,,,,,,,,,,,,,,,,,,,,,,,,,,,,,,,,,,,,,8734.0,Nurpur,Nurpur,,,,,,,,,,,,,,,,,,,,,,,,,,,,,,,,,,,,,,,,,,,,,,,,,,,,,,,,,,,,KANGRA,NURPUR
19212.0,36.0,,Active,,,,,,,31-07-2022,,,,,,,,,,,,,,,,,,,,,,,,,,,,,,,,,,,,,,,,,,,,,,,,,,8742.0,Nerwa Division,Shimla-9,,,,,,,,,,,,,,,,,,,,,,,,,,,,,,,,,,,,,,,,,,,,,,,,,,,,,,,,,,,,,
19208.0,36.0,,Active,,,,,,,30-07-2022,,,,,,,,,,,,,,,,,,,,,,,,,,,,,,,,,,,,,,,,,,,,,,,,,,8779.0,Sunni  Division,Shimla-9,,,,,,,,,,,,,,,,,,,,,,,,,,,,,,,,,,,,,,,,,,,,,,,,,,,,,,,,,,,,,
19344.0,36.0,,Active,,,,,,,28-07-2022,,,,,,,,,,,,,,,,,,,,,,,,,,,,,,,,,,,,,,,,,,,,,,,,,,8783.0,Jawali,Nurpur,,,,,,,,,,,,,,,,,,,,,,,,,,,,,,,,,,,,,,,,,,,,,,,,,,,,,,,,,,,,MANDI,BALDWARA
19344.0,36.0,,Active,,,,,,,28-07-2022,,,,,,,,,,,,,,,,,,,,,,,,,,,,,,,,,,,,,,,,,,,,,,,,,,8784.0,Jawali,Nurpur,,,,,,,,,,,,,,,,,,,,,,,,,,,,,,,,,,,,,,,,,,,,,,,,,,,,,,,,,,,,MANDI,BALDWARA
19344.0,36.0,,Active,,,,,,,28-07-2022,,,,,,,,,,,,,,,,,,,,,,,,,,,,,,,,,,,,,,,,,,,,,,,,,,8786.0,Jawali,Nurpur,,,,,,,,,,,,,,,,,,,,,,,,,,,,,,,,,,,,,,,,,,,,,,,,,,,,,,,,,,,,MANDI,BALDWARA
19344.0,36.0,,Active,,,,,,,28-07-2022,,,,,,,,,,,,,,,,,,,,,,,,,,,,,,,,,,,,,,,,,,,,,,,,,,8787.0,Jawali,Nurpur,,,,,,,,,,,,,,,,,,,,,,,,,,,,,,,,,,,,,,,,,,,,,,,,,,,,,,,,,,,,MANDI,BALDWARA
19344.0,36.0,,Active,,,,,,,28-07-2022,,,,,,,,,,,,,,,,,,,,,,,,,,,,,,,,,,,,,,,,,,,,,,,,,,8789.0,Jawali,Nurpur,,,,,,,,,,,,,,,,,,,,,,,,,,,,,,,,,,,,,,,,,,,,,,,,,,,,,,,,,,,,MANDI,BALDWARA
19344.0,36.0,,Active,,,,,,,28-07-2022,,,,,,,,,,,,,,,,,,,,,,,,,,,,,,,,,,,,,,,,,,,,,,,,,,8793.0,Jawali,Nurpur,,,,,,,,,,,,,,,,,,,,,,,,,,,,,,,,,,,,,,,,,,,,,,,,,,,,,,,,,,,,MANDI,BALDWARA
19344.0,36.0,,Active,,,,,,,28-07-2022,,,,,,,,,,,,,,,,,,,,,,,,,,,,,,,,,,,,,,,,,,,,,,,,,,8794.0,Jawali,Nurpur,,,,,,,,,,,,,,,,,,,,,,,,,,,,,,,,,,,,,,,,,,,,,,,,,,,,,,,,,,,,MANDI,BALDWARA
19344.0,36.0,,Active,,,,,,,28-07-2022,,,,,,,,,,,,,,,,,,,,,,,,,,,,,,,,,,,,,,,,,,,,,,,,,,8795.0,Jawali,Nurpur,,,,,,,,,,,,,,,,,,,,,,,,,,,,,,,,,,,,,,,,,,,,,,,,,,,,,,,,,,,,MANDI,BALDWARA
19382.0,36.0,,Active,,,,,,,05-08-2022,,,,,,,,,,,,,,,,,,,,,,,,,,,,,,,,,,,,,,,,,,,,,,,,,,8810.0,Matiana Division,Shimla-9,,,,,,,,,,,,,,,,,,,,,,,,,,,,,,,,,,,,,,,,,,,,,,,,,,,,,,,,,,,,,
19254.0,36.0,,Active,,,,,,,31-07-2022,,,,,,,,,,,,,,,,,,,,,,,,,,,,,,,,,,,,,,,,,,,,,,,,,,8813.0,Fatehpur,Nurpur,,,,,,,,,,,,,,,,,,,,,,,,,,,,,,,,,,,,,,,,,,,,,,,,,,,,,,,,,,,,CHAMBA,CHAMBA
19253.0,36.0,,Active,,,,,,,31-07-2022,,,,,,,,,,,,,,,,,,,,,,,,,,,,,,,,,,,,,,,,,,,,,,,,,,8814.0,Fatehpur,Nurpur,,,,,,,,,,,,,,,,,,,,,,,,,,,,,,,,,,,,,,,,,,,,,,,,,,,,,,,,,,,,CHAMBA,CHAMBA
19254.0,36.0,,Active,,,,,,,31-07-2022,,,,,,,,,,,,,,,,,,,,,,,,,,,,,,,,,,,,,,,,,,,,,,,,,,8815.0,Fatehpur,Nurpur,,,,,,,,,,,,,,,,,,,,,,,,,,,,,,,,,,,,,,,,,,,,,,,,,,,,,,,,,,,,CHAMBA,CHAMBA
19253.0,36.0,,Active,,,,,,,31-07-2022,,,,,,,,,,,,,,,,,,,,,,,,,,,,,,,,,,,,,,,,,,,,,,,,,,8816.0,Fatehpur,Nurpur,,,,,,,,,,,,,,,,,,,,,,,,,,,,,,,,,,,,,,,,,,,,,,,,,,,,,,,,,,,,CHAMBA,CHAMBA
19254.0,36.0,,Active,,,,,,,31-07-2022,,,,,,,,,,,,,,,,,,,,,,,,,,,,,,,,,,,,,,,,,,,,,,,,,,8817.0,Fatehpur,Nurpur,,,,,,,,,,,,,,,,,,,,,,,,,,,,,,,,,,,,,,,,,,,,,,,,,,,,,,,,,,,,CHAMBA,CHAMBA
19254.0,36.0,,Active,,,,,,,31-07-2022,,,,,,,,,,,,,,,,,,,,,,,,,,,,,,,,,,,,,,,,,,,,,,,,,,8818.0,Fatehpur,Nurpur,,,,,,,,,,,,,,,,,,,,,,,,,,,,,,,,,,,,,,,,,,,,,,,,,,,,,,,,,,,,CHAMBA,CHAMBA
19254.0,36.0,,Active,,,,,,,31-07-2022,,,,,,,,,,,,,,,,,,,,,,,,,,,,,,,,,,,,,,,,,,,,,,,,,,8819.0,Fatehpur,Nurpur,,,,,,,,,,,,,,,,,,,,,,,,,,,,,,,,,,,,,,,,,,,,,,,,,,,,,,,,,,,,CHAMBA,CHAMBA
19253.0,36.0,,Active,,,,,,,31-07-2022,,,,,,,,,,,,,,,,,,,,,,,,,,,,,,,,,,,,,,,,,,,,,,,,,,8820.0,Fatehpur,Nurpur,,,,,,,,,,,,,,,,,,,,,,,,,,,,,,,,,,,,,,,,,,,,,,,,,,,,,,,,,,,,CHAMBA,CHAMBA
19142.0,1041.0,,Active,,,,,,,28-07-2022,,,,,,,,,,,,,,,,,,,,,,,,,,,,,,,,,,,,,,,,,,,,,,,,,,8824.0,Shahpur,Dharmshala,,,,,,,,,,,,,,,,,,,,,,,,,,,,,,,,,,,,,,,,,,,,,,,,,,,,,,,,,,,,KANGRA,SHAHPUR
19254.0,36.0,,Active,,,,,,,31-07-2022,,,,,,,,,,,,,,,,,,,,,,,,,,,,,,,,,,,,,,,,,,,,,,,,,,8866.0,Jawali,Nurpur,,,,,,,,,,,,,,,,,,,,,,,,,,,,,,,,,,,,,,,,,,,,,,,,,,,,,,,,,,,,MANDI,BALDWARA
19254.0,36.0,,Active,,,,,,,31-07-2022,,,,,,,,,,,,,,,,,,,,,,,,,,,,,,,,,,,,,,,,,,,,,,,,,,8868.0,Jawali,Nurpur,,,,,,,,,,,,,,,,,,,,,,,,,,,,,,,,,,,,,,,,,,,,,,,,,,,,,,,,,,,,MANDI,BALDWARA
19254.0,36.0,,Active,,,,,,,31-07-2022,,,,,,,,,,,,,,,,,,,,,,,,,,,,,,,,,,,,,,,,,,,,,,,,,,8870.0,Jawali,Nurpur,,,,,,,,,,,,,,,,,,,,,,,,,,,,,,,,,,,,,,,,,,,,,,,,,,,,,,,,,,,,MANDI,BALDWARA
19254.0,36.0,,Active,,,,,,,31-07-2022,,,,,,,,,,,,,,,,,,,,,,,,,,,,,,,,,,,,,,,,,,,,,,,,,,8872.0,Jawali,Nurpur,,,,,,,,,,,,,,,,,,,,,,,,,,,,,,,,,,,,,,,,,,,,,,,,,,,,,,,,,,,,MANDI,BALDWARA
19254.0,36.0,,Active,,,,,,,31-07-2022,,,,,,,,,,,,,,,,,,,,,,,,,,,,,,,,,,,,,,,,,,,,,,,,,,8874.0,Jawali,Nurpur,,,,,,,,,,,,,,,,,,,,,,,,,,,,,,,,,,,,,,,,,,,,,,,,,,,,,,,,,,,,MANDI,BALDWARA
19254.0,36.0,,Active,,,,,,,31-07-2022,,,,,,,,,,,,,,,,,,,,,,,,,,,,,,,,,,,,,,,,,,,,,,,,,,8875.0,Jawali,Nurpur,,,,,,,,,,,,,,,,,,,,,,,,,,,,,,,,,,,,,,,,,,,,,,,,,,,,,,,,,,,,MANDI,BALDWARA
19254.0,36.0,,Active,,,,,,,31-07-2022,,,,,,,,,,,,,,,,,,,,,,,,,,,,,,,,,,,,,,,,,,,,,,,,,,8876.0,Jawali,Nurpur,,,,,,,,,,,,,,,,,,,,,,,,,,,,,,,,,,,,,,,,,,,,,,,,,,,,,,,,,,,,MANDI,BALDWARA
19254.0,36.0,,Active,,,,,,,31-07-2022,,,,,,,,,,,,,,,,,,,,,,,,,,,,,,,,,,,,,,,,,,,,,,,,,,8877.0,Jawali,Nurpur,,,,,,,,,,,,,,,,,,,,,,,,,,,,,,,,,,,,,,,,,,,,,,,,,,,,,,,,,,,,MANDI,BALDWARA
19254.0,36.0,,Active,,,,,,,31-07-2022,,,,,,,,,,,,,,,,,,,,,,,,,,,,,,,,,,,,,,,,,,,,,,,,,,8878.0,Jawali,Nurpur,,,,,,,,,,,,,,,,,,,,,,,,,,,,,,,,,,,,,,,,,,,,,,,,,,,,,,,,,,,,MANDI,BALDWARA
19158.0,36.0,,Active,,,,,,,28-07-2022,,,,,,,,,,,,,,,,,,,,,,,,,,,,,,,,,,,,,,,,,,,,,,,,,,8889.0,Jawali,Nurpur,,,,,,,,,,,,,,,,,,,,,,,,,,,,,,,,,,,,,,,,,,,,,,,,,,,,,,,,,,,,MANDI,BALDWARA
19453.0,36.0,,Active,,,,,,,08-08-2022,,,,,,,,,,,,,,,,,,,,,,,,,,,,,,,,,,,,,,,,,,,,,,,,,,8890.0,Salooni,Chamba,,,,,,,,,,,,,,,,,,,,,,,,,,,,,,,,,,,,,,,,,,,,,,,,,,,,,,,,,,,,MANDI,SANDHOL
19254.0,36.0,,Active,,,,,,,31-07-2022,,,,,,,,,,,,,,,,,,,,,,,,,,,,,,,,,,,,,,,,,,,,,,,,,,8895.0,Jawali,Nurpur,,,,,,,,,,,,,,,,,,,,,,,,,,,,,,,,,,,,,,,,,,,,,,,,,,,,,,,,,,,,MANDI,BALDWARA
17825.0,36.0,,Active,,,,,,,10-07-2022,,,,,,,,,,,,,,,,,,,,,,,,,,,,,,,,,,,,,,,,,,,,,,,,,,8896.0,Nurpur,Nurpur,,,,,,,,,,,,,,,,,,,,,,,,,,,,,,,,,,,,,,,,,,,,,,,,,,,,,,,,,,,,KANGRA,NURPUR
19456.0,36.0,,Active,,,,,,,28-06-2022,,,,,,,,,,,,,,,,,,,,,,,,,,,,,,,,,,,,,,,,,,,,,,,,,,8897.0,Bharmour,Chamba,,,,,,,,,,,,,,,,,,,,,,,,,,,,,,,,,,,,,,,,,,,,,,,,,,,,,,,,,,,,CHAMBA,BHARMOUR
19455.0,36.0,,Active,,,,,,,06-08-2022,,,,,,,,,,,,,,,,,,,,,,,,,,,,,,,,,,,,,,,,,,,,,,,,,,8898.0,Bharmour,Chamba,,,,,,,,,,,,,,,,,,,,,,,,,,,,,,,,,,,,,,,,,,,,,,,,,,,,,,,,,,,,CHAMBA,BHARMOUR
17825.0,36.0,,Active,,,,,,,10-07-2022,,,,,,,,,,,,,,,,,,,,,,,,,,,,,,,,,,,,,,,,,,,,,,,,,,8899.0,Nurpur,Nurpur,,,,,,,,,,,,,,,,,,,,,,,,,,,,,,,,,,,,,,,,,,,,,,,,,,,,,,,,,,,,KANGRA,NURPUR
18098.0,36.0,,Active,,,,,,,23-07-2022,,,,,,,,,,,,,,,,,,,,,,,,,,,,,,,,,,,,,,,,,,,,,,,,,,8911.0,Nurpur,Nurpur,,,,,,,,,,,,,,,,,,,,,,,,,,,,,,,,,,,,,,,,,,,,,,,,,,,,,,,,,,,,KANGRA,NURPUR
19213.0,36.0,,Active,,,,,,,31-07-2022,,,,,,,,,,,,,,,,,,,,,,,,,,,,,,,,,,,,,,,,,,,,,,,,,,8912.0,Sunni  Division,Shimla-9,,,,,,,,,,,,,,,,,,,,,,,,,,,,,,,,,,,,,,,,,,,,,,,,,,,,,,,,,,,,,
19382.0,36.0,,Active,,,,,,,05-08-2022,,,,,,,,,,,,,,,,,,,,,,,,,,,,,,,,,,,,,,,,,,,,,,,,,,8913.0,Shimla No. 1,Shimla-9,,,,,,,,,,,,,,,,,,,,,,,,,,,,,,,,,,,,,,,,,,,,,,,,,,,,,,,,,,,,,
19471.0,36.0,,Active,,,,,,,09-08-2022,,,,,,,,,,,,,,,,,,,,,,,,,,,,,,,,,,,,,,,,,,,,,,,,,,8926.0,Tissa at Bhanjraru,Chamba,,,,,,,,,,,,,,,,,,,,,,,,,,,,,,,,,,,,,,,,,,,,,,,,,,,,,,,,,,,,,
19468.0,43.0,,Active,,,,,,,07-08-2022,,,,,,,,,,,,,,,,,,,,,,,,,,,,,,,,,,,,,,,,,,,,,,,,,,8927.0,Indora,Nurpur,,,,,,,,,,,,,,,,,,,,,,,,,,,,,,,,,,,,,,,,,,,,,,,,,,,,,,,,,,,,KANGRA,INDORA
19468.0,43.0,,Active,,,,,,,07-08-2022,,,,,,,,,,,,,,,,,,,,,,,,,,,,,,,,,,,,,,,,,,,,,,,,,,8930.0,Indora,Nurpur,,,,,,,,,,,,,,,,,,,,,,,,,,,,,,,,,,,,,,,,,,,,,,,,,,,,,,,,,,,,KANGRA,INDORA
19468.0,43.0,,Active,,,,,,,07-08-2022,,,,,,,,,,,,,,,,,,,,,,,,,,,,,,,,,,,,,,,,,,,,,,,,,,8931.0,Indora,Nurpur,,,,,,,,,,,,,,,,,,,,,,,,,,,,,,,,,,,,,,,,,,,,,,,,,,,,,,,,,,,,KANGRA,INDORA
19468.0,43.0,,Active,,,,,,,07-08-2022,,,,,,,,,,,,,,,,,,,,,,,,,,,,,,,,,,,,,,,,,,,,,,,,,,8932.0,Indora,Nurpur,,,,,,,,,,,,,,,,,,,,,,,,,,,,,,,,,,,,,,,,,,,,,,,,,,,,,,,,,,,,KANGRA,INDORA
19468.0,36.0,,Active,,,,,,,07-08-2022,,,,,,,,,,,,,,,,,,,,,,,,,,,,,,,,,,,,,,,,,,,,,,,,,,8939.0,Indora,Nurpur,,,,,,,,,,,,,,,,,,,,,,,,,,,,,,,,,,,,,,,,,,,,,,,,,,,,,,,,,,,,KANGRA,INDORA
19469.0,36.0,,Active,,,,,,,11-08-2022,,,,,,,,,,,,,,,,,,,,,,,,,,,,,,,,,,,,,,,,,,,,,,,,,,8942.0,Nerwa Division,Shimla-9,,,,,,,,,,,,,,,,,,,,,,,,,,,,,,,,,,,,,,,,,,,,,,,,,,,,,,,,,,,,,
19468.0,36.0,,Active,,,,,,,07-08-2022,,,,,,,,,,,,,,,,,,,,,,,,,,,,,,,,,,,,,,,,,,,,,,,,,,8953.0,Indora,Nurpur,,,,,,,,,,,,,,,,,,,,,,,,,,,,,,,,,,,,,,,,,,,,,,,,,,,,,,,,,,,,KANGRA,INDORA
19468.0,36.0,,Active,,,,,,,07-08-2022,,,,,,,,,,,,,,,,,,,,,,,,,,,,,,,,,,,,,,,,,,,,,,,,,,8954.0,Indora,Nurpur,,,,,,,,,,,,,,,,,,,,,,,,,,,,,,,,,,,,,,,,,,,,,,,,,,,,,,,,,,,,KANGRA,INDORA
19481.0,36.0,,Active,,,,,,,11-08-2022,,,,,,,,,,,,,,,,,,,,,,,,,,,,,,,,,,,,,,,,,,,,,,,,,,8956.0,Bharmour,Chamba,,,,,,,,,,,,,,,,,,,,,,,,,,,,,,,,,,,,,,,,,,,,,,,,,,,,,,,,,,,,CHAMBA,BHARMOUR
19469.0,36.0,,Active,,,,,,,11-08-2022,,,,,,,,,,,,,,,,,,,,,,,,,,,,,,,,,,,,,,,,,,,,,,,,,,8967.0,Matiana Division,Shimla-9,,,,,,,,,,,,,,,,,,,,,,,,,,,,,,,,,,,,,,,,,,,,,,,,,,,,,,,,,,,,,
19492.0,36.0,,Active,,,,,,,09-08-2022,,,,,,,,,,,,,,,,,,,,,,,,,,,,,,,,,,,,,,,,,,,,,,,,,,9012.0,Salooni,Chamba,,,,,,,,,,,,,,,,,,,,,,,,,,,,,,,,,,,,,,,,,,,,,,,,,,,,,,,,,,,,MANDI,SANDHOL
19481.0,36.0,,Active,,,,,,,11-08-2022,,,,,,,,,,,,,,,,,,,,,,,,,,,,,,,,,,,,,,,,,,,,,,,,,,9013.0,Tissa at Bhanjraru,Chamba,,,,,,,,,,,,,,,,,,,,,,,,,,,,,,,,,,,,,,,,,,,,,,,,,,,,,,,,,,,,,
19481.0,36.0,,Active,,,,,,,11-08-2022,,,,,,,,,,,,,,,,,,,,,,,,,,,,,,,,,,,,,,,,,,,,,,,,,,9015.0,Chamba,Chamba,,,,,,,,,,,,,,,,,,,,,,,,,,,,,,,,,,,,,,,,,,,,,,,,,,,,,,,,,,,,CHAMBA,CHAMBA
19470.0,36.0,,Active,,,,,,,11-08-2022,,,,,,,,,,,,,,,,,,,,,,,,,,,,,,,,,,,,,,,,,,,,,,,,,,9023.0,Nerwa Division,Shimla-9,,,,,,,,,,,,,,,,,,,,,,,,,,,,,,,,,,,,,,,,,,,,,,,,,,,,,,,,,,,,,
19468.0,36.0,,Active,,,,,,,07-08-2022,,,,,,,,,,,,,,,,,,,,,,,,,,,,,,,,,,,,,,,,,,,,,,,,,,9027.0,Indora,Nurpur,,,,,,,,,,,,,,,,,,,,,,,,,,,,,,,,,,,,,,,,,,,,,,,,,,,,,,,,,,,,KANGRA,INDORA
19468.0,36.0,,Active,,,,,,,07-08-2022,,,,,,,,,,,,,,,,,,,,,,,,,,,,,,,,,,,,,,,,,,,,,,,,,,9029.0,Indora,Nurpur,,,,,,,,,,,,,,,,,,,,,,,,,,,,,,,,,,,,,,,,,,,,,,,,,,,,,,,,,,,,KANGRA,INDORA
19468.0,36.0,,Active,,,,,,,07-08-2022,,,,,,,,,,,,,,,,,,,,,,,,,,,,,,,,,,,,,,,,,,,,,,,,,,9030.0,S/terrace,Nurpur,,,,,,,,,,,,,,,,,,,,,,,,,,,,,,,,,,,,,,,,,,,,,,,,,,,,,,,,,,,,,
19468.0,36.0,,Active,,,,,,,07-08-2022,,,,,,,,,,,,,,,,,,,,,,,,,,,,,,,,,,,,,,,,,,,,,,,,,,9031.0,S/terrace,Nurpur,,,,,,,,,,,,,,,,,,,,,,,,,,,,,,,,,,,,,,,,,,,,,,,,,,,,,,,,,,,,,
19536.0,36.0,,Active,,,,,,,12-08-2022,,,,,,,,,,,,,,,,,,,,,,,,,,,,,,,,,,,,,,,,,,,,,,,,,,9052.0,Dalhousie,Chamba,,,,,,,,,,,,,,,,,,,,,,,,,,,,,,,,,,,,,,,,,,,,,,,,,,,,,,,,,,,,CHAMBA,DALHOUSIE
19512.0,36.0,,Active,,,,,,,11-08-2022,,,,,,,,,,,,,,,,,,,,,,,,,,,,,,,,,,,,,,,,,,,,,,,,,,9055.0,Nurpur,Nurpur,,,,,,,,,,,,,,,,,,,,,,,,,,,,,,,,,,,,,,,,,,,,,,,,,,,,,,,,,,,,KANGRA,NURPUR
19512.0,36.0,,Active,,,,,,,11-08-2022,,,,,,,,,,,,,,,,,,,,,,,,,,,,,,,,,,,,,,,,,,,,,,,,,,9057.0,Nurpur,Nurpur,,,,,,,,,,,,,,,,,,,,,,,,,,,,,,,,,,,,,,,,,,,,,,,,,,,,,,,,,,,,KANGRA,NURPUR
18082.0,36.0,,Active,,,,,,,24-07-2022,,,,,,,,,,,,,,,,,,,,,,,,,,,,,,,,,,,,,,,,,,,,,,,,,,9075.0,City (E),Shimla-9,,,,,,,,,,,,,,,,,,,,,,,,,,,,,,,,,,,,,,,,,,,,,,,,,,,,,,,,,,,,,
19175.0,36.0,,Active,,,,,,,30-07-2022,,,,,,,,,,,,,,,,,,,,,,,,,,,,,,,,,,,,,,,,,,,,,,,,,,9079.0,City (E),Shimla-9,,,,,,,,,,,,,,,,,,,,,,,,,,,,,,,,,,,,,,,,,,,,,,,,,,,,,,,,,,,,,
19488.0,36.0,,Active,,,,,,,05-08-2022,,,,,,,,,,,,,,,,,,,,,,,,,,,,,,,,,,,,,,,,,,,,,,,,,,9081.0,City (E),Shimla-9,,,,,,,,,,,,,,,,,,,,,,,,,,,,,,,,,,,,,,,,,,,,,,,,,,,,,,,,,,,,,
19512.0,36.0,,Active,,,,,,,11-08-2022,,,,,,,,,,,,,,,,,,,,,,,,,,,,,,,,,,,,,,,,,,,,,,,,,,9082.0,Indora,Nurpur,,,,,,,,,,,,,,,,,,,,,,,,,,,,,,,,,,,,,,,,,,,,,,,,,,,,,,,,,,,,KANGRA,INDORA
19512.0,36.0,,Active,,,,,,,11-08-2022,,,,,,,,,,,,,,,,,,,,,,,,,,,,,,,,,,,,,,,,,,,,,,,,,,9086.0,Indora,Nurpur,,,,,,,,,,,,,,,,,,,,,,,,,,,,,,,,,,,,,,,,,,,,,,,,,,,,,,,,,,,,KANGRA,INDORA
19512.0,36.0,,Active,,,,,,,11-08-2022,,,,,,,,,,,,,,,,,,,,,,,,,,,,,,,,,,,,,,,,,,,,,,,,,,9087.0,Indora,Nurpur,,,,,,,,,,,,,,,,,,,,,,,,,,,,,,,,,,,,,,,,,,,,,,,,,,,,,,,,,,,,KANGRA,INDORA
19512.0,36.0,,Active,,,,,,,11-08-2022,,,,,,,,,,,,,,,,,,,,,,,,,,,,,,,,,,,,,,,,,,,,,,,,,,9089.0,Indora,Nurpur,,,,,,,,,,,,,,,,,,,,,,,,,,,,,,,,,,,,,,,,,,,,,,,,,,,,,,,,,,,,KANGRA,INDORA
19512.0,36.0,,Active,,,,,,,11-08-2022,,,,,,,,,,,,,,,,,,,,,,,,,,,,,,,,,,,,,,,,,,,,,,,,,,9090.0,Indora,Nurpur,,,,,,,,,,,,,,,,,,,,,,,,,,,,,,,,,,,,,,,,,,,,,,,,,,,,,,,,,,,,KANGRA,INDORA
19512.0,36.0,,Active,,,,,,,11-08-2022,,,,,,,,,,,,,,,,,,,,,,,,,,,,,,,,,,,,,,,,,,,,,,,,,,9091.0,Indora,Nurpur,,,,,,,,,,,,,,,,,,,,,,,,,,,,,,,,,,,,,,,,,,,,,,,,,,,,,,,,,,,,KANGRA,INDORA
19512.0,36.0,,Active,,,,,,,11-08-2022,,,,,,,,,,,,,,,,,,,,,,,,,,,,,,,,,,,,,,,,,,,,,,,,,,9092.0,Indora,Nurpur,,,,,,,,,,,,,,,,,,,,,,,,,,,,,,,,,,,,,,,,,,,,,,,,,,,,,,,,,,,,KANGRA,INDORA
19512.0,36.0,,Active,,,,,,,11-08-2022,,,,,,,,,,,,,,,,,,,,,,,,,,,,,,,,,,,,,,,,,,,,,,,,,,9093.0,Indora,Nurpur,,,,,,,,,,,,,,,,,,,,,,,,,,,,,,,,,,,,,,,,,,,,,,,,,,,,,,,,,,,,KANGRA,INDORA
19512.0,36.0,,Active,,,,,,,11-08-2022,,,,,,,,,,,,,,,,,,,,,,,,,,,,,,,,,,,,,,,,,,,,,,,,,,9096.0,Indora,Nurpur,,,,,,,,,,,,,,,,,,,,,,,,,,,,,,,,,,,,,,,,,,,,,,,,,,,,,,,,,,,,KANGRA,INDORA
19512.0,36.0,,Active,,,,,,,11-08-2022,,,,,,,,,,,,,,,,,,,,,,,,,,,,,,,,,,,,,,,,,,,,,,,,,,9098.0,Indora,Nurpur,,,,,,,,,,,,,,,,,,,,,,,,,,,,,,,,,,,,,,,,,,,,,,,,,,,,,,,,,,,,KANGRA,INDORA
19512.0,36.0,,Active,,,,,,,11-08-2022,,,,,,,,,,,,,,,,,,,,,,,,,,,,,,,,,,,,,,,,,,,,,,,,,,9163.0,Indora,Nurpur,,,,,,,,,,,,,,,,,,,,,,,,,,,,,,,,,,,,,,,,,,,,,,,,,,,,,,,,,,,,KANGRA,INDORA
19512.0,36.0,,Active,,,,,,,11-08-2022,,,,,,,,,,,,,,,,,,,,,,,,,,,,,,,,,,,,,,,,,,,,,,,,,,9168.0,Indora,Nurpur,,,,,,,,,,,,,,,,,,,,,,,,,,,,,,,,,,,,,,,,,,,,,,,,,,,,,,,,,,,,KANGRA,INDORA
19512.0,36.0,,Active,,,,,,,11-08-2022,,,,,,,,,,,,,,,,,,,,,,,,,,,,,,,,,,,,,,,,,,,,,,,,,,9170.0,Indora,Nurpur,,,,,,,,,,,,,,,,,,,,,,,,,,,,,,,,,,,,,,,,,,,,,,,,,,,,,,,,,,,,KANGRA,INDORA
19512.0,36.0,,Active,,,,,,,11-08-2022,,,,,,,,,,,,,,,,,,,,,,,,,,,,,,,,,,,,,,,,,,,,,,,,,,9171.0,Indora,Nurpur,,,,,,,,,,,,,,,,,,,,,,,,,,,,,,,,,,,,,,,,,,,,,,,,,,,,,,,,,,,,KANGRA,INDORA
19512.0,36.0,,Active,,,,,,,11-08-2022,,,,,,,,,,,,,,,,,,,,,,,,,,,,,,,,,,,,,,,,,,,,,,,,,,9173.0,Indora,Nurpur,,,,,,,,,,,,,,,,,,,,,,,,,,,,,,,,,,,,,,,,,,,,,,,,,,,,,,,,,,,,KANGRA,INDORA
19601.0,36.0,,Active,,,,,,,14-08-2022,,,,,,,,,,,,,,,,,,,,,,,,,,,,,,,,,,,,,,,,,,,,,,,,,,9174.0,Pooh,Reckong Peo ,,,,,,,,,,,,,,,,,,,,,,,,,,,,,,,,,,,,,,,,,,,,,,,,,,,,,,,,,,,,KINNAUR,
19469.0,36.0,,Active,,,,,,,11-08-2022,,,,,,,,,,,,,,,,,,,,,,,,,,,,,,,,,,,,,,,,,,,,,,,,,,9175.0,Sunni  Division,Shimla-9,,,,,,,,,,,,,,,,,,,,,,,,,,,,,,,,,,,,,,,,,,,,,,,,,,,,,,,,,,,,,
19602.0,36.0,,Active,,,,,,,15-08-2022,,,,,,,,,,,,,,,,,,,,,,,,,,,,,,,,,,,,,,,,,,,,,,,,,,9176.0,Pooh,Reckong Peo ,,,,,,,,,,,,,,,,,,,,,,,,,,,,,,,,,,,,,,,,,,,,,,,,,,,,,,,,,,,,KINNAUR,
19512.0,36.0,,Active,,,,,,,11-08-2022,,,,,,,,,,,,,,,,,,,,,,,,,,,,,,,,,,,,,,,,,,,,,,,,,,9177.0,Fatehpur,Nurpur,,,,,,,,,,,,,,,,,,,,,,,,,,,,,,,,,,,,,,,,,,,,,,,,,,,,,,,,,,,,CHAMBA,CHAMBA
19512.0,36.0,,Active,,,,,,,11-08-2022,,,,,,,,,,,,,,,,,,,,,,,,,,,,,,,,,,,,,,,,,,,,,,,,,,9180.0,Fatehpur,Nurpur,,,,,,,,,,,,,,,,,,,,,,,,,,,,,,,,,,,,,,,,,,,,,,,,,,,,,,,,,,,,CHAMBA,CHAMBA
19512.0,36.0,,Active,,,,,,,11-08-2022,,,,,,,,,,,,,,,,,,,,,,,,,,,,,,,,,,,,,,,,,,,,,,,,,,9181.0,Fatehpur,Nurpur,,,,,,,,,,,,,,,,,,,,,,,,,,,,,,,,,,,,,,,,,,,,,,,,,,,,,,,,,,,,CHAMBA,CHAMBA
19512.0,36.0,,Active,,,,,,,11-08-2022,,,,,,,,,,,,,,,,,,,,,,,,,,,,,,,,,,,,,,,,,,,,,,,,,,9184.0,Fatehpur,Nurpur,,,,,,,,,,,,,,,,,,,,,,,,,,,,,,,,,,,,,,,,,,,,,,,,,,,,,,,,,,,,CHAMBA,CHAMBA
19512.0,36.0,,Active,,,,,,,11-08-2022,,,,,,,,,,,,,,,,,,,,,,,,,,,,,,,,,,,,,,,,,,,,,,,,,,9185.0,Fatehpur,Nurpur,,,,,,,,,,,,,,,,,,,,,,,,,,,,,,,,,,,,,,,,,,,,,,,,,,,,,,,,,,,,CHAMBA,CHAMBA
19512.0,36.0,,Active,,,,,,,11-08-2022,,,,,,,,,,,,,,,,,,,,,,,,,,,,,,,,,,,,,,,,,,,,,,,,,,9188.0,Fatehpur,Nurpur,,,,,,,,,,,,,,,,,,,,,,,,,,,,,,,,,,,,,,,,,,,,,,,,,,,,,,,,,,,,CHAMBA,CHAMBA
19512.0,36.0,,Active,,,,,,,11-08-2022,,,,,,,,,,,,,,,,,,,,,,,,,,,,,,,,,,,,,,,,,,,,,,,,,,9191.0,Fatehpur,Nurpur,,,,,,,,,,,,,,,,,,,,,,,,,,,,,,,,,,,,,,,,,,,,,,,,,,,,,,,,,,,,CHAMBA,CHAMBA
19512.0,36.0,,Active,,,,,,,11-08-2022,,,,,,,,,,,,,,,,,,,,,,,,,,,,,,,,,,,,,,,,,,,,,,,,,,9195.0,Fatehpur,Nurpur,,,,,,,,,,,,,,,,,,,,,,,,,,,,,,,,,,,,,,,,,,,,,,,,,,,,,,,,,,,,CHAMBA,CHAMBA
19512.0,36.0,,Active,,,,,,,11-08-2022,,,,,,,,,,,,,,,,,,,,,,,,,,,,,,,,,,,,,,,,,,,,,,,,,,9198.0,Fatehpur,Nurpur,,,,,,,,,,,,,,,,,,,,,,,,,,,,,,,,,,,,,,,,,,,,,,,,,,,,,,,,,,,,CHAMBA,CHAMBA
19470.0,36.0,,Active,,,,,,,11-08-2022,,,,,,,,,,,,,,,,,,,,,,,,,,,,,,,,,,,,,,,,,,,,,,,,,,9272.0,Sunni  Division,Shimla-9,,,,,,,,,,,,,,,,,,,,,,,,,,,,,,,,,,,,,,,,,,,,,,,,,,,,,,,,,,,,,
19470.0,36.0,,Active,,,,,,,11-08-2022,,,,,,,,,,,,,,,,,,,,,,,,,,,,,,,,,,,,,,,,,,,,,,,,,,9300.0,Sunni  Division,Shimla-9,,,,,,,,,,,,,,,,,,,,,,,,,,,,,,,,,,,,,,,,,,,,,,,,,,,,,,,,,,,,,
19469.0,36.0,,Active,,,,,,,11-08-2022,,,,,,,,,,,,,,,,,,,,,,,,,,,,,,,,,,,,,,,,,,,,,,,,,,9301.0,Sunni  Division,Shimla-9,,,,,,,,,,,,,,,,,,,,,,,,,,,,,,,,,,,,,,,,,,,,,,,,,,,,,,,,,,,,,
19469.0,36.0,,Active,,,,,,,11-08-2022,,,,,,,,,,,,,,,,,,,,,,,,,,,,,,,,,,,,,,,,,,,,,,,,,,9302.0,Sunni  Division,Shimla-9,,,,,,,,,,,,,,,,,,,,,,,,,,,,,,,,,,,,,,,,,,,,,,,,,,,,,,,,,,,,,
19512.0,36.0,,Active,,,,,,,11-08-2022,,,,,,,,,,,,,,,,,,,,,,,,,,,,,,,,,,,,,,,,,,,,,,,,,,9304.0,Jawali,Nurpur,,,,,,,,,,,,,,,,,,,,,,,,,,,,,,,,,,,,,,,,,,,,,,,,,,,,,,,,,,,,MANDI,BALDWARA
19512.0,36.0,,Active,,,,,,,11-08-2022,,,,,,,,,,,,,,,,,,,,,,,,,,,,,,,,,,,,,,,,,,,,,,,,,,9305.0,Jawali,Nurpur,,,,,,,,,,,,,,,,,,,,,,,,,,,,,,,,,,,,,,,,,,,,,,,,,,,,,,,,,,,,MANDI,BALDWARA
19512.0,36.0,,Active,,,,,,,11-08-2022,,,,,,,,,,,,,,,,,,,,,,,,,,,,,,,,,,,,,,,,,,,,,,,,,,9306.0,Jawali,Nurpur,,,,,,,,,,,,,,,,,,,,,,,,,,,,,,,,,,,,,,,,,,,,,,,,,,,,,,,,,,,,MANDI,BALDWARA
19512.0,36.0,,Active,,,,,,,11-08-2022,,,,,,,,,,,,,,,,,,,,,,,,,,,,,,,,,,,,,,,,,,,,,,,,,,9307.0,Jawali,Nurpur,,,,,,,,,,,,,,,,,,,,,,,,,,,,,,,,,,,,,,,,,,,,,,,,,,,,,,,,,,,,MANDI,BALDWARA
19512.0,36.0,,Active,,,,,,,11-08-2022,,,,,,,,,,,,,,,,,,,,,,,,,,,,,,,,,,,,,,,,,,,,,,,,,,9308.0,Jawali,Nurpur,,,,,,,,,,,,,,,,,,,,,,,,,,,,,,,,,,,,,,,,,,,,,,,,,,,,,,,,,,,,MANDI,BALDWARA
19512.0,36.0,,Active,,,,,,,11-08-2022,,,,,,,,,,,,,,,,,,,,,,,,,,,,,,,,,,,,,,,,,,,,,,,,,,9309.0,Jawali,Nurpur,,,,,,,,,,,,,,,,,,,,,,,,,,,,,,,,,,,,,,,,,,,,,,,,,,,,,,,,,,,,MANDI,BALDWARA
19703.0,36.0,,Active,,,,,,,19-08-2022,,,,,,,,,,,,,,,,,,,,,,,,,,,,,,,,,,,,,,,,,,,,,,,,,,9310.0,Dalhousie,Chamba,,,,,,,,,,,,,,,,,,,,,,,,,,,,,,,,,,,,,,,,,,,,,,,,,,,,,,,,,,,,CHAMBA,DALHOUSIE
19703.0,36.0,,Active,,,,,,,19-08-2022,,,,,,,,,,,,,,,,,,,,,,,,,,,,,,,,,,,,,,,,,,,,,,,,,,9311.0,Tissa at Bhanjraru,Chamba,,,,,,,,,,,,,,,,,,,,,,,,,,,,,,,,,,,,,,,,,,,,,,,,,,,,,,,,,,,,,
19710.0,1041.0,,Active,,,,,,,31-07-2022,,,,,,,,,,,,,,,,,,,,,,,,,,,,,,,,,,,,,,,,,,,,,,,,,,9312.0,FC Div. Gagret,SRFMP Una,,,,,,,,,,,,,,,,,,,,,,,,,,,,,,,,,,,,,,,,,,,,,,,,,,,,,,,,,,,,,
19710.0,1041.0,,Active,,,,,,,31-07-2022,,,,,,,,,,,,,,,,,,,,,,,,,,,,,,,,,,,,,,,,,,,,,,,,,,9313.0,FC Div. Gagret,SRFMP Una,,,,,,,,,,,,,,,,,,,,,,,,,,,,,,,,,,,,,,,,,,,,,,,,,,,,,,,,,,,,,
19710.0,1041.0,,Active,,,,,,,31-07-2022,,,,,,,,,,,,,,,,,,,,,,,,,,,,,,,,,,,,,,,,,,,,,,,,,,9314.0,FC Div. Gagret,SRFMP Una,,,,,,,,,,,,,,,,,,,,,,,,,,,,,,,,,,,,,,,,,,,,,,,,,,,,,,,,,,,,,
19710.0,1041.0,,Active,,,,,,,31-07-2022,,,,,,,,,,,,,,,,,,,,,,,,,,,,,,,,,,,,,,,,,,,,,,,,,,9315.0,FC Div. Gagret,SRFMP Una,,,,,,,,,,,,,,,,,,,,,,,,,,,,,,,,,,,,,,,,,,,,,,,,,,,,,,,,,,,,,
19710.0,1041.0,,Active,,,,,,,31-07-2022,,,,,,,,,,,,,,,,,,,,,,,,,,,,,,,,,,,,,,,,,,,,,,,,,,9316.0,FC Div. Gagret,SRFMP Una,,,,,,,,,,,,,,,,,,,,,,,,,,,,,,,,,,,,,,,,,,,,,,,,,,,,,,,,,,,,,
19710.0,1041.0,,Active,,,,,,,31-07-2022,,,,,,,,,,,,,,,,,,,,,,,,,,,,,,,,,,,,,,,,,,,,,,,,,,9317.0,FC Div. Gagret,SRFMP Una,,,,,,,,,,,,,,,,,,,,,,,,,,,,,,,,,,,,,,,,,,,,,,,,,,,,,,,,,,,,,
19710.0,1041.0,,Active,,,,,,,31-07-2022,,,,,,,,,,,,,,,,,,,,,,,,,,,,,,,,,,,,,,,,,,,,,,,,,,9318.0,FC Div. Gagret,SRFMP Una,,,,,,,,,,,,,,,,,,,,,,,,,,,,,,,,,,,,,,,,,,,,,,,,,,,,,,,,,,,,,
19710.0,1041.0,,Active,,,,,,,31-07-2022,,,,,,,,,,,,,,,,,,,,,,,,,,,,,,,,,,,,,,,,,,,,,,,,,,9319.0,FC Div. Gagret,SRFMP Una,,,,,,,,,,,,,,,,,,,,,,,,,,,,,,,,,,,,,,,,,,,,,,,,,,,,,,,,,,,,,
19710.0,1041.0,,Active,,,,,,,31-07-2022,,,,,,,,,,,,,,,,,,,,,,,,,,,,,,,,,,,,,,,,,,,,,,,,,,9320.0,FC Div. Gagret,SRFMP Una,,,,,,,,,,,,,,,,,,,,,,,,,,,,,,,,,,,,,,,,,,,,,,,,,,,,,,,,,,,,,
19710.0,1041.0,,Active,,,,,,,31-07-2022,,,,,,,,,,,,,,,,,,,,,,,,,,,,,,,,,,,,,,,,,,,,,,,,,,9321.0,FC Div. Gagret,SRFMP Una,,,,,,,,,,,,,,,,,,,,,,,,,,,,,,,,,,,,,,,,,,,,,,,,,,,,,,,,,,,,,
19710.0,1041.0,,Active,,,,,,,31-07-2022,,,,,,,,,,,,,,,,,,,,,,,,,,,,,,,,,,,,,,,,,,,,,,,,,,9322.0,FC Div. Gagret,SRFMP Una,,,,,,,,,,,,,,,,,,,,,,,,,,,,,,,,,,,,,,,,,,,,,,,,,,,,,,,,,,,,,
19710.0,1041.0,,Active,,,,,,,31-07-2022,,,,,,,,,,,,,,,,,,,,,,,,,,,,,,,,,,,,,,,,,,,,,,,,,,9323.0,FC Div. Gagret,SRFMP Una,,,,,,,,,,,,,,,,,,,,,,,,,,,,,,,,,,,,,,,,,,,,,,,,,,,,,,,,,,,,,
19710.0,1041.0,,Active,,,,,,,31-07-2022,,,,,,,,,,,,,,,,,,,,,,,,,,,,,,,,,,,,,,,,,,,,,,,,,,9324.0,FC Div. Gagret,SRFMP Una,,,,,,,,,,,,,,,,,,,,,,,,,,,,,,,,,,,,,,,,,,,,,,,,,,,,,,,,,,,,,
19710.0,1041.0,,Active,,,,,,,31-07-2022,,,,,,,,,,,,,,,,,,,,,,,,,,,,,,,,,,,,,,,,,,,,,,,,,,9325.0,FC Div. Gagret,SRFMP Una,,,,,,,,,,,,,,,,,,,,,,,,,,,,,,,,,,,,,,,,,,,,,,,,,,,,,,,,,,,,,
19710.0,1041.0,,Active,,,,,,,31-07-2022,,,,,,,,,,,,,,,,,,,,,,,,,,,,,,,,,,,,,,,,,,,,,,,,,,9326.0,FC Div. Gagret,SRFMP Una,,,,,,,,,,,,,,,,,,,,,,,,,,,,,,,,,,,,,,,,,,,,,,,,,,,,,,,,,,,,,
19710.0,1041.0,,Active,,,,,,,31-07-2022,,,,,,,,,,,,,,,,,,,,,,,,,,,,,,,,,,,,,,,,,,,,,,,,,,9327.0,FC Div. Gagret,SRFMP Una,,,,,,,,,,,,,,,,,,,,,,,,,,,,,,,,,,,,,,,,,,,,,,,,,,,,,,,,,,,,,
19710.0,1041.0,,Active,,,,,,,31-07-2022,,,,,,,,,,,,,,,,,,,,,,,,,,,,,,,,,,,,,,,,,,,,,,,,,,9328.0,FC Div. Gagret,SRFMP Una,,,,,,,,,,,,,,,,,,,,,,,,,,,,,,,,,,,,,,,,,,,,,,,,,,,,,,,,,,,,,
19710.0,1041.0,,Active,,,,,,,31-07-2022,,,,,,,,,,,,,,,,,,,,,,,,,,,,,,,,,,,,,,,,,,,,,,,,,,9329.0,FC Div. Gagret,SRFMP Una,,,,,,,,,,,,,,,,,,,,,,,,,,,,,,,,,,,,,,,,,,,,,,,,,,,,,,,,,,,,,
19710.0,1041.0,,Active,,,,,,,31-07-2022,,,,,,,,,,,,,,,,,,,,,,,,,,,,,,,,,,,,,,,,,,,,,,,,,,9330.0,FC Div. Gagret,SRFMP Una,,,,,,,,,,,,,,,,,,,,,,,,,,,,,,,,,,,,,,,,,,,,,,,,,,,,,,,,,,,,,
19710.0,1041.0,,Active,,,,,,,31-07-2022,,,,,,,,,,,,,,,,,,,,,,,,,,,,,,,,,,,,,,,,,,,,,,,,,,9331.0,FC Div. Gagret,SRFMP Una,,,,,,,,,,,,,,,,,,,,,,,,,,,,,,,,,,,,,,,,,,,,,,,,,,,,,,,,,,,,,
19710.0,1041.0,,Active,,,,,,,31-07-2022,,,,,,,,,,,,,,,,,,,,,,,,,,,,,,,,,,,,,,,,,,,,,,,,,,9332.0,FC Div. Gagret,SRFMP Una,,,,,,,,,,,,,,,,,,,,,,,,,,,,,,,,,,,,,,,,,,,,,,,,,,,,,,,,,,,,,
19703.0,36.0,,Active,,,,,,,19-08-2022,,,,,,,,,,,,,,,,,,,,,,,,,,,,,,,,,,,,,,,,,,,,,,,,,,9333.0,Bharmour,Chamba,,,,,,,,,,,,,,,,,,,,,,,,,,,,,,,,,,,,,,,,,,,,,,,,,,,,,,,,,,,,CHAMBA,BHARMOUR
19703.0,36.0,,Active,,,,,,,19-08-2022,,,,,,,,,,,,,,,,,,,,,,,,,,,,,,,,,,,,,,,,,,,,,,,,,,9336.0,Salooni,Chamba,,,,,,,,,,,,,,,,,,,,,,,,,,,,,,,,,,,,,,,,,,,,,,,,,,,,,,,,,,,,MANDI,SANDHOL
19703.0,36.0,,Active,,,,,,,19-08-2022,,,,,,,,,,,,,,,,,,,,,,,,,,,,,,,,,,,,,,,,,,,,,,,,,,9341.0,Chamba,Chamba,,,,,,,,,,,,,,,,,,,,,,,,,,,,,,,,,,,,,,,,,,,,,,,,,,,,,,,,,,,,CHAMBA,CHAMBA
19704.0,36.0,,Active,,,,,,,16-08-2022,,,,,,,,,,,,,,,,,,,,,,,,,,,,,,,,,,,,,,,,,,,,,,,,,,9345.0,Sunni  Division,Shimla-9,,,,,,,,,,,,,,,,,,,,,,,,,,,,,,,,,,,,,,,,,,,,,,,,,,,,,,,,,,,,,
19702.0,36.0,,Active,,,,,,,20-08-2022,,,,,,,,,,,,,,,,,,,,,,,,,,,,,,,,,,,,,,,,,,,,,,,,,,9350.0,Matiana Division,Shimla-9,,,,,,,,,,,,,,,,,,,,,,,,,,,,,,,,,,,,,,,,,,,,,,,,,,,,,,,,,,,,,
19737.0,1041.0,,Active,,,,,,,20-08-2022,,,,,,,,,,,,,,,,,,,,,,,,,,,,,,,,,,,,,,,,,,,,,,,,,,9353.0,EE Jaswan Pragpur,Dharmshala,,,,,,,,,,,,,,,,,,,,,,,,,,,,,,,,,,,,,,,,,,,,,,,,,,,,,,,,,,,,,
19702.0,36.0,,Active,,,,,,,20-08-2022,,,,,,,,,,,,,,,,,,,,,,,,,,,,,,,,,,,,,,,,,,,,,,,,,,9364.0,Div. No-I Shimla-9,Shimla-9,,,,,,,,,,,,,,,,,,,,,,,,,,,,,,,,,,,,,,,,,,,,,,,,,,,,,,,,,,,,,
19702.0,36.0,,Active,,,,,,,20-08-2022,,,,,,,,,,,,,,,,,,,,,,,,,,,,,,,,,,,,,,,,,,,,,,,,,,9365.0,Div. No-I Shimla-9,Shimla-9,,,,,,,,,,,,,,,,,,,,,,,,,,,,,,,,,,,,,,,,,,,,,,,,,,,,,,,,,,,,,
19737.0,1041.0,,Active,,,,,,,20-08-2022,,,,,,,,,,,,,,,,,,,,,,,,,,,,,,,,,,,,,,,,,,,,,,,,,,9366.0,EE Nagrota,Dharmshala,,,,,,,,,,,,,,,,,,,,,,,,,,,,,,,,,,,,,,,,,,,,,,,,,,,,,,,,,,,,KANGRA,NURPUR
19737.0,1041.0,,Active,,,,,,,20-08-2022,,,,,,,,,,,,,,,,,,,,,,,,,,,,,,,,,,,,,,,,,,,,,,,,,,9371.0,EE Nagrota,Dharmshala,,,,,,,,,,,,,,,,,,,,,,,,,,,,,,,,,,,,,,,,,,,,,,,,,,,,,,,,,,,,KANGRA,NURPUR
19770.0,36.0,,Active,,,,,,,19-08-2022,,,,,,,,,,,,,,,,,,,,,,,,,,,,,,,,,,,,,,,,,,,,,,,,,,9498.0,Nurpur,Nurpur,,,,,,,,,,,,,,,,,,,,,,,,,,,,,,,,,,,,,,,,,,,,,,,,,,,,,,,,,,,,KANGRA,NURPUR
19770.0,36.0,,Active,,,,,,,19-08-2022,,,,,,,,,,,,,,,,,,,,,,,,,,,,,,,,,,,,,,,,,,,,,,,,,,9500.0,Nurpur,Nurpur,,,,,,,,,,,,,,,,,,,,,,,,,,,,,,,,,,,,,,,,,,,,,,,,,,,,,,,,,,,,KANGRA,NURPUR
19770.0,36.0,,Active,,,,,,,19-08-2022,,,,,,,,,,,,,,,,,,,,,,,,,,,,,,,,,,,,,,,,,,,,,,,,,,9501.0,Nurpur,Nurpur,,,,,,,,,,,,,,,,,,,,,,,,,,,,,,,,,,,,,,,,,,,,,,,,,,,,,,,,,,,,KANGRA,NURPUR
19737.0,1041.0,,Active,,,,,,,20-08-2022,,,,,,,,,,,,,,,,,,,,,,,,,,,,,,,,,,,,,,,,,,,,,,,,,,9502.0,Palampur,Dharmshala,,,,,,,,,,,,,,,,,,,,,,,,,,,,,,,,,,,,,,,,,,,,,,,,,,,,,,,,,,,,KANGRA,PALAMPUR
19737.0,1041.0,,Active,,,,,,,20-08-2022,,,,,,,,,,,,,,,,,,,,,,,,,,,,,,,,,,,,,,,,,,,,,,,,,,9503.0,Palampur,Dharmshala,,,,,,,,,,,,,,,,,,,,,,,,,,,,,,,,,,,,,,,,,,,,,,,,,,,,,,,,,,,,KANGRA,PALAMPUR
19770.0,36.0,,Active,,,,,,,19-08-2022,,,,,,,,,,,,,,,,,,,,,,,,,,,,,,,,,,,,,,,,,,,,,,,,,,9504.0,Nurpur,Nurpur,,,,,,,,,,,,,,,,,,,,,,,,,,,,,,,,,,,,,,,,,,,,,,,,,,,,,,,,,,,,KANGRA,NURPUR
19737.0,1041.0,,Active,,,,,,,20-08-2022,,,,,,,,,,,,,,,,,,,,,,,,,,,,,,,,,,,,,,,,,,,,,,,,,,9505.0,Palampur,Dharmshala,,,,,,,,,,,,,,,,,,,,,,,,,,,,,,,,,,,,,,,,,,,,,,,,,,,,,,,,,,,,KANGRA,PALAMPUR
19737.0,1041.0,,Active,,,,,,,20-08-2022,,,,,,,,,,,,,,,,,,,,,,,,,,,,,,,,,,,,,,,,,,,,,,,,,,9506.0,Palampur,Dharmshala,,,,,,,,,,,,,,,,,,,,,,,,,,,,,,,,,,,,,,,,,,,,,,,,,,,,,,,,,,,,KANGRA,PALAMPUR
19737.0,1041.0,,Active,,,,,,,20-08-2022,,,,,,,,,,,,,,,,,,,,,,,,,,,,,,,,,,,,,,,,,,,,,,,,,,9507.0,Palampur,Dharmshala,,,,,,,,,,,,,,,,,,,,,,,,,,,,,,,,,,,,,,,,,,,,,,,,,,,,,,,,,,,,KANGRA,PALAMPUR
19770.0,36.0,,Active,,,,,,,19-08-2022,,,,,,,,,,,,,,,,,,,,,,,,,,,,,,,,,,,,,,,,,,,,,,,,,,9508.0,Nurpur,Nurpur,,,,,,,,,,,,,,,,,,,,,,,,,,,,,,,,,,,,,,,,,,,,,,,,,,,,,,,,,,,,KANGRA,NURPUR
19737.0,1041.0,,Active,,,,,,,20-08-2022,,,,,,,,,,,,,,,,,,,,,,,,,,,,,,,,,,,,,,,,,,,,,,,,,,9509.0,Palampur,Dharmshala,,,,,,,,,,,,,,,,,,,,,,,,,,,,,,,,,,,,,,,,,,,,,,,,,,,,,,,,,,,,KANGRA,PALAMPUR
19737.0,1041.0,,Active,,,,,,,20-08-2022,,,,,,,,,,,,,,,,,,,,,,,,,,,,,,,,,,,,,,,,,,,,,,,,,,9510.0,Palampur,Dharmshala,,,,,,,,,,,,,,,,,,,,,,,,,,,,,,,,,,,,,,,,,,,,,,,,,,,,,,,,,,,,KANGRA,PALAMPUR
19737.0,1041.0,,Active,,,,,,,20-08-2022,,,,,,,,,,,,,,,,,,,,,,,,,,,,,,,,,,,,,,,,,,,,,,,,,,9511.0,Palampur,Dharmshala,,,,,,,,,,,,,,,,,,,,,,,,,,,,,,,,,,,,,,,,,,,,,,,,,,,,,,,,,,,,KANGRA,PALAMPUR
19771.0,36.0,,Active,,,,,,,20-08-2022,,,,,,,,,,,,,,,,,,,,,,,,,,,,,,,,,,,,,,,,,,,,,,,,,,9512.0,Indora,Nurpur,,,,,,,,,,,,,,,,,,,,,,,,,,,,,,,,,,,,,,,,,,,,,,,,,,,,,,,,,,,,KANGRA,INDORA
19737.0,1041.0,,Active,,,,,,,20-08-2022,,,,,,,,,,,,,,,,,,,,,,,,,,,,,,,,,,,,,,,,,,,,,,,,,,9514.0,Palampur,Dharmshala,,,,,,,,,,,,,,,,,,,,,,,,,,,,,,,,,,,,,,,,,,,,,,,,,,,,,,,,,,,,KANGRA,PALAMPUR
19737.0,1041.0,,Active,,,,,,,20-08-2022,,,,,,,,,,,,,,,,,,,,,,,,,,,,,,,,,,,,,,,,,,,,,,,,,,9515.0,Palampur,Dharmshala,,,,,,,,,,,,,,,,,,,,,,,,,,,,,,,,,,,,,,,,,,,,,,,,,,,,,,,,,,,,KANGRA,PALAMPUR
19737.0,1041.0,,Active,,,,,,,20-08-2022,,,,,,,,,,,,,,,,,,,,,,,,,,,,,,,,,,,,,,,,,,,,,,,,,,9516.0,Palampur,Dharmshala,,,,,,,,,,,,,,,,,,,,,,,,,,,,,,,,,,,,,,,,,,,,,,,,,,,,,,,,,,,,KANGRA,PALAMPUR
19771.0,36.0,,Active,,,,,,,20-08-2022,,,,,,,,,,,,,,,,,,,,,,,,,,,,,,,,,,,,,,,,,,,,,,,,,,9517.0,Indora,Nurpur,,,,,,,,,,,,,,,,,,,,,,,,,,,,,,,,,,,,,,,,,,,,,,,,,,,,,,,,,,,,KANGRA,INDORA
19737.0,1041.0,,Active,,,,,,,20-08-2022,,,,,,,,,,,,,,,,,,,,,,,,,,,,,,,,,,,,,,,,,,,,,,,,,,9518.0,Palampur,Dharmshala,,,,,,,,,,,,,,,,,,,,,,,,,,,,,,,,,,,,,,,,,,,,,,,,,,,,,,,,,,,,KANGRA,PALAMPUR
19737.0,1041.0,,Active,,,,,,,20-08-2022,,,,,,,,,,,,,,,,,,,,,,,,,,,,,,,,,,,,,,,,,,,,,,,,,,9520.0,Palampur,Dharmshala,,,,,,,,,,,,,,,,,,,,,,,,,,,,,,,,,,,,,,,,,,,,,,,,,,,,,,,,,,,,KANGRA,PALAMPUR
19771.0,36.0,,Active,,,,,,,20-08-2022,,,,,,,,,,,,,,,,,,,,,,,,,,,,,,,,,,,,,,,,,,,,,,,,,,9521.0,Indora,Nurpur,,,,,,,,,,,,,,,,,,,,,,,,,,,,,,,,,,,,,,,,,,,,,,,,,,,,,,,,,,,,KANGRA,INDORA
19737.0,1041.0,,Active,,,,,,,20-08-2022,,,,,,,,,,,,,,,,,,,,,,,,,,,,,,,,,,,,,,,,,,,,,,,,,,9523.0,Palampur,Dharmshala,,,,,,,,,,,,,,,,,,,,,,,,,,,,,,,,,,,,,,,,,,,,,,,,,,,,,,,,,,,,KANGRA,PALAMPUR
19737.0,1041.0,,Active,,,,,,,20-08-2022,,,,,,,,,,,,,,,,,,,,,,,,,,,,,,,,,,,,,,,,,,,,,,,,,,9529.0,Palampur,Dharmshala,,,,,,,,,,,,,,,,,,,,,,,,,,,,,,,,,,,,,,,,,,,,,,,,,,,,,,,,,,,,KANGRA,PALAMPUR
19771.0,36.0,,Active,,,,,,,20-08-2022,,,,,,,,,,,,,,,,,,,,,,,,,,,,,,,,,,,,,,,,,,,,,,,,,,9530.0,Indora,Nurpur,,,,,,,,,,,,,,,,,,,,,,,,,,,,,,,,,,,,,,,,,,,,,,,,,,,,,,,,,,,,KANGRA,INDORA
19737.0,1041.0,,Active,,,,,,,20-08-2022,,,,,,,,,,,,,,,,,,,,,,,,,,,,,,,,,,,,,,,,,,,,,,,,,,9531.0,Palampur,Dharmshala,,,,,,,,,,,,,,,,,,,,,,,,,,,,,,,,,,,,,,,,,,,,,,,,,,,,,,,,,,,,KANGRA,PALAMPUR
19737.0,1041.0,,Active,,,,,,,20-08-2022,,,,,,,,,,,,,,,,,,,,,,,,,,,,,,,,,,,,,,,,,,,,,,,,,,9534.0,Palampur,Dharmshala,,,,,,,,,,,,,,,,,,,,,,,,,,,,,,,,,,,,,,,,,,,,,,,,,,,,,,,,,,,,KANGRA,PALAMPUR
19424.0,1.0,,Active,,,,,,,07-08-2022,,,,,,,,,,,,,,,,,,,,,,,,,,,,,,,,,,,,,,,,,,,,,,,,,,9536.0,Rohru ,Rohroo,,,,,,,,,,,,,,,,,,,,,,,,,,,,,,,,,,,,,,,,,,,,,,,,,,,,,,,,,,,,SHIMLA,ROHRU
19424.0,1.0,,Active,,,,,,,07-08-2022,,,,,,,,,,,,,,,,,,,,,,,,,,,,,,,,,,,,,,,,,,,,,,,,,,9538.0,Jubbal,Rohroo,,,,,,,,,,,,,,,,,,,,,,,,,,,,,,,,,,,,,,,,,,,,,,,,,,,,,,,,,,,,SHIMLA,JUBBAL
19737.0,1041.0,,Active,,,,,,,20-08-2022,,,,,,,,,,,,,,,,,,,,,,,,,,,,,,,,,,,,,,,,,,,,,,,,,,9539.0,Palampur,Dharmshala,,,,,,,,,,,,,,,,,,,,,,,,,,,,,,,,,,,,,,,,,,,,,,,,,,,,,,,,,,,,KANGRA,PALAMPUR
19472.0,1.0,,Active,,,,,,,11-08-2022,,,,,,,,,,,,,,,,,,,,,,,,,,,,,,,,,,,,,,,,,,,,,,,,,,9540.0,Rohru ,Rohroo,,,,,,,,,,,,,,,,,,,,,,,,,,,,,,,,,,,,,,,,,,,,,,,,,,,,,,,,,,,,SHIMLA,ROHRU
19472.0,1.0,,Active,,,,,,,11-08-2022,,,,,,,,,,,,,,,,,,,,,,,,,,,,,,,,,,,,,,,,,,,,,,,,,,9542.0,Jubbal,Rohroo,,,,,,,,,,,,,,,,,,,,,,,,,,,,,,,,,,,,,,,,,,,,,,,,,,,,,,,,,,,,SHIMLA,JUBBAL
19737.0,1041.0,,Active,,,,,,,20-08-2022,,,,,,,,,,,,,,,,,,,,,,,,,,,,,,,,,,,,,,,,,,,,,,,,,,9543.0,Palampur,Dharmshala,,,,,,,,,,,,,,,,,,,,,,,,,,,,,,,,,,,,,,,,,,,,,,,,,,,,,,,,,,,,KANGRA,PALAMPUR
19771.0,36.0,,Active,,,,,,,20-08-2022,,,,,,,,,,,,,,,,,,,,,,,,,,,,,,,,,,,,,,,,,,,,,,,,,,9544.0,Jawali,Nurpur,,,,,,,,,,,,,,,,,,,,,,,,,,,,,,,,,,,,,,,,,,,,,,,,,,,,,,,,,,,,MANDI,BALDWARA
19737.0,1041.0,,Active,,,,,,,20-08-2022,,,,,,,,,,,,,,,,,,,,,,,,,,,,,,,,,,,,,,,,,,,,,,,,,,9546.0,Palampur,Dharmshala,,,,,,,,,,,,,,,,,,,,,,,,,,,,,,,,,,,,,,,,,,,,,,,,,,,,,,,,,,,,KANGRA,PALAMPUR
19737.0,1041.0,,Active,,,,,,,20-08-2022,,,,,,,,,,,,,,,,,,,,,,,,,,,,,,,,,,,,,,,,,,,,,,,,,,9547.0,Palampur,Dharmshala,,,,,,,,,,,,,,,,,,,,,,,,,,,,,,,,,,,,,,,,,,,,,,,,,,,,,,,,,,,,KANGRA,PALAMPUR
19737.0,1041.0,,Active,,,,,,,20-08-2022,,,,,,,,,,,,,,,,,,,,,,,,,,,,,,,,,,,,,,,,,,,,,,,,,,9550.0,Palampur,Dharmshala,,,,,,,,,,,,,,,,,,,,,,,,,,,,,,,,,,,,,,,,,,,,,,,,,,,,,,,,,,,,KANGRA,PALAMPUR
19737.0,1041.0,,Active,,,,,,,20-08-2022,,,,,,,,,,,,,,,,,,,,,,,,,,,,,,,,,,,,,,,,,,,,,,,,,,9551.0,Palampur,Dharmshala,,,,,,,,,,,,,,,,,,,,,,,,,,,,,,,,,,,,,,,,,,,,,,,,,,,,,,,,,,,,KANGRA,PALAMPUR
19771.0,36.0,,Active,,,,,,,20-08-2022,,,,,,,,,,,,,,,,,,,,,,,,,,,,,,,,,,,,,,,,,,,,,,,,,,9552.0,Jawali,Nurpur,,,,,,,,,,,,,,,,,,,,,,,,,,,,,,,,,,,,,,,,,,,,,,,,,,,,,,,,,,,,MANDI,BALDWARA
19737.0,1041.0,,Active,,,,,,,20-08-2022,,,,,,,,,,,,,,,,,,,,,,,,,,,,,,,,,,,,,,,,,,,,,,,,,,9554.0,Palampur,Dharmshala,,,,,,,,,,,,,,,,,,,,,,,,,,,,,,,,,,,,,,,,,,,,,,,,,,,,,,,,,,,,KANGRA,PALAMPUR
19737.0,1041.0,,Active,,,,,,,20-08-2022,,,,,,,,,,,,,,,,,,,,,,,,,,,,,,,,,,,,,,,,,,,,,,,,,,9557.0,Palampur,Dharmshala,,,,,,,,,,,,,,,,,,,,,,,,,,,,,,,,,,,,,,,,,,,,,,,,,,,,,,,,,,,,KANGRA,PALAMPUR
19771.0,36.0,,Active,,,,,,,20-08-2022,,,,,,,,,,,,,,,,,,,,,,,,,,,,,,,,,,,,,,,,,,,,,,,,,,9558.0,Jawali,Nurpur,,,,,,,,,,,,,,,,,,,,,,,,,,,,,,,,,,,,,,,,,,,,,,,,,,,,,,,,,,,,MANDI,BALDWARA
19737.0,1041.0,,Active,,,,,,,20-08-2022,,,,,,,,,,,,,,,,,,,,,,,,,,,,,,,,,,,,,,,,,,,,,,,,,,9559.0,Palampur,Dharmshala,,,,,,,,,,,,,,,,,,,,,,,,,,,,,,,,,,,,,,,,,,,,,,,,,,,,,,,,,,,,KANGRA,PALAMPUR
19771.0,36.0,,Active,,,,,,,20-08-2022,,,,,,,,,,,,,,,,,,,,,,,,,,,,,,,,,,,,,,,,,,,,,,,,,,9560.0,Jawali,Nurpur,,,,,,,,,,,,,,,,,,,,,,,,,,,,,,,,,,,,,,,,,,,,,,,,,,,,,,,,,,,,MANDI,BALDWARA
19771.0,36.0,,Active,,,,,,,20-08-2022,,,,,,,,,,,,,,,,,,,,,,,,,,,,,,,,,,,,,,,,,,,,,,,,,,9562.0,Jawali,Nurpur,,,,,,,,,,,,,,,,,,,,,,,,,,,,,,,,,,,,,,,,,,,,,,,,,,,,,,,,,,,,MANDI,BALDWARA
19771.0,36.0,,Active,,,,,,,20-08-2022,,,,,,,,,,,,,,,,,,,,,,,,,,,,,,,,,,,,,,,,,,,,,,,,,,9566.0,Jawali,Nurpur,,,,,,,,,,,,,,,,,,,,,,,,,,,,,,,,,,,,,,,,,,,,,,,,,,,,,,,,,,,,MANDI,BALDWARA
19771.0,36.0,,Active,,,,,,,20-08-2022,,,,,,,,,,,,,,,,,,,,,,,,,,,,,,,,,,,,,,,,,,,,,,,,,,9569.0,Jawali,Nurpur,,,,,,,,,,,,,,,,,,,,,,,,,,,,,,,,,,,,,,,,,,,,,,,,,,,,,,,,,,,,MANDI,BALDWARA
19771.0,36.0,,Active,,,,,,,20-08-2022,,,,,,,,,,,,,,,,,,,,,,,,,,,,,,,,,,,,,,,,,,,,,,,,,,9572.0,Jawali,Nurpur,,,,,,,,,,,,,,,,,,,,,,,,,,,,,,,,,,,,,,,,,,,,,,,,,,,,,,,,,,,,MANDI,BALDWARA
19771.0,36.0,,Active,,,,,,,20-08-2022,,,,,,,,,,,,,,,,,,,,,,,,,,,,,,,,,,,,,,,,,,,,,,,,,,9576.0,Jawali,Nurpur,,,,,,,,,,,,,,,,,,,,,,,,,,,,,,,,,,,,,,,,,,,,,,,,,,,,,,,,,,,,MANDI,BALDWARA
19771.0,36.0,,Active,,,,,,,20-08-2022,,,,,,,,,,,,,,,,,,,,,,,,,,,,,,,,,,,,,,,,,,,,,,,,,,9579.0,Jawali,Nurpur,,,,,,,,,,,,,,,,,,,,,,,,,,,,,,,,,,,,,,,,,,,,,,,,,,,,,,,,,,,,MANDI,BALDWARA
19870.0,36.0,,Active,,,,,,,15-08-2022,,,,,,,,,,,,,,,,,,,,,,,,,,,,,,,,,,,,,,,,,,,,,,,,,,9647.0,Phina Singh Project,Nurpur,,,,,,,,,,,,,,,,,,,,,,,,,,,,,,,,,,,,,,,,,,,,,,,,,,,,,,,,,,,,,
19870.0,36.0,,Active,,,,,,,15-08-2022,,,,,,,,,,,,,,,,,,,,,,,,,,,,,,,,,,,,,,,,,,,,,,,,,,9648.0,Phina Singh Project,Nurpur,,,,,,,,,,,,,,,,,,,,,,,,,,,,,,,,,,,,,,,,,,,,,,,,,,,,,,,,,,,,,
19870.0,36.0,,Active,,,,,,,15-08-2022,,,,,,,,,,,,,,,,,,,,,,,,,,,,,,,,,,,,,,,,,,,,,,,,,,9649.0,Phina Singh Project,Nurpur,,,,,,,,,,,,,,,,,,,,,,,,,,,,,,,,,,,,,,,,,,,,,,,,,,,,,,,,,,,,,
19870.0,36.0,,Active,,,,,,,15-08-2022,,,,,,,,,,,,,,,,,,,,,,,,,,,,,,,,,,,,,,,,,,,,,,,,,,9650.0,Phina Singh Project,Nurpur,,,,,,,,,,,,,,,,,,,,,,,,,,,,,,,,,,,,,,,,,,,,,,,,,,,,,,,,,,,,,
19771.0,36.0,,Active,,,,,,,20-08-2022,,,,,,,,,,,,,,,,,,,,,,,,,,,,,,,,,,,,,,,,,,,,,,,,,,9652.0,Phina Singh Project,Nurpur,,,,,,,,,,,,,,,,,,,,,,,,,,,,,,,,,,,,,,,,,,,,,,,,,,,,,,,,,,,,,
19771.0,36.0,,Active,,,,,,,20-08-2022,,,,,,,,,,,,,,,,,,,,,,,,,,,,,,,,,,,,,,,,,,,,,,,,,,9653.0,Phina Singh Project,Nurpur,,,,,,,,,,,,,,,,,,,,,,,,,,,,,,,,,,,,,,,,,,,,,,,,,,,,,,,,,,,,,
19888.0,1.0,,Active,,,,,,,11-08-2022,,,,,,,,,,,,,,,,,,,,,,,,,,,,,,,,,,,,,,,,,,,,,,,,,,9676.0,Keylong,Kullu,,,,,,,,,,,,,,,,,,,,,,,,,,,,,,,,,,,,,,,,,,,,,,,,,,,,,,,,,,,,,
20087.0,36.0,,Active,,,,,,,24-08-2022,,,,,,,,,,,,,,,,,,,,,,,,,,,,,,,,,,,,,,,,,,,,,,,,,,9742.0,Dalhousie,Chamba,,,,,,,,,,,,,,,,,,,,,,,,,,,,,,,,,,,,,,,,,,,,,,,,,,,,,,,,,,,,CHAMBA,DALHOUSIE
20090.0,36.0,,Active,,,,,,,25-08-2022,,,,,,,,,,,,,,,,,,,,,,,,,,,,,,,,,,,,,,,,,,,,,,,,,,9744.0,Jawali,Nurpur,,,,,,,,,,,,,,,,,,,,,,,,,,,,,,,,,,,,,,,,,,,,,,,,,,,,,,,,,,,,MANDI,BALDWARA
20090.0,36.0,,Active,,,,,,,25-08-2022,,,,,,,,,,,,,,,,,,,,,,,,,,,,,,,,,,,,,,,,,,,,,,,,,,9745.0,Jawali,Nurpur,,,,,,,,,,,,,,,,,,,,,,,,,,,,,,,,,,,,,,,,,,,,,,,,,,,,,,,,,,,,MANDI,BALDWARA
19254.0,36.0,,Active,,,,,,,31-07-2022,,,,,,,,,,,,,,,,,,,,,,,,,,,,,,,,,,,,,,,,,,,,,,,,,,9748.0,Indora,Nurpur,,,,,,,,,,,,,,,,,,,,,,,,,,,,,,,,,,,,,,,,,,,,,,,,,,,,,,,,,,,,KANGRA,INDORA
19253.0,36.0,,Active,,,,,,,31-07-2022,,,,,,,,,,,,,,,,,,,,,,,,,,,,,,,,,,,,,,,,,,,,,,,,,,9749.0,Fatehpur,Nurpur,,,,,,,,,,,,,,,,,,,,,,,,,,,,,,,,,,,,,,,,,,,,,,,,,,,,,,,,,,,,CHAMBA,CHAMBA
19253.0,36.0,,Active,,,,,,,31-07-2022,,,,,,,,,,,,,,,,,,,,,,,,,,,,,,,,,,,,,,,,,,,,,,,,,,9750.0,Fatehpur,Nurpur,,,,,,,,,,,,,,,,,,,,,,,,,,,,,,,,,,,,,,,,,,,,,,,,,,,,,,,,,,,,CHAMBA,CHAMBA
19253.0,36.0,,Active,,,,,,,31-07-2022,,,,,,,,,,,,,,,,,,,,,,,,,,,,,,,,,,,,,,,,,,,,,,,,,,9751.0,Fatehpur,Nurpur,,,,,,,,,,,,,,,,,,,,,,,,,,,,,,,,,,,,,,,,,,,,,,,,,,,,,,,,,,,,CHAMBA,CHAMBA
19253.0,36.0,,Active,,,,,,,31-07-2022,,,,,,,,,,,,,,,,,,,,,,,,,,,,,,,,,,,,,,,,,,,,,,,,,,9752.0,Indora,Nurpur,,,,,,,,,,,,,,,,,,,,,,,,,,,,,,,,,,,,,,,,,,,,,,,,,,,,,,,,,,,,KANGRA,INDORA
19253.0,36.0,,Active,,,,,,,31-07-2022,,,,,,,,,,,,,,,,,,,,,,,,,,,,,,,,,,,,,,,,,,,,,,,,,,9753.0,Indora,Nurpur,,,,,,,,,,,,,,,,,,,,,,,,,,,,,,,,,,,,,,,,,,,,,,,,,,,,,,,,,,,,KANGRA,INDORA
19253.0,36.0,,Active,,,,,,,31-07-2022,,,,,,,,,,,,,,,,,,,,,,,,,,,,,,,,,,,,,,,,,,,,,,,,,,9754.0,Jawali,Nurpur,,,,,,,,,,,,,,,,,,,,,,,,,,,,,,,,,,,,,,,,,,,,,,,,,,,,,,,,,,,,MANDI,BALDWARA
19254.0,36.0,,Active,,,,,,,31-07-2022,,,,,,,,,,,,,,,,,,,,,,,,,,,,,,,,,,,,,,,,,,,,,,,,,,9755.0,Jawali,Nurpur,,,,,,,,,,,,,,,,,,,,,,,,,,,,,,,,,,,,,,,,,,,,,,,,,,,,,,,,,,,,MANDI,BALDWARA
19254.0,36.0,,Active,,,,,,,31-07-2022,,,,,,,,,,,,,,,,,,,,,,,,,,,,,,,,,,,,,,,,,,,,,,,,,,9756.0,Nurpur,Nurpur,,,,,,,,,,,,,,,,,,,,,,,,,,,,,,,,,,,,,,,,,,,,,,,,,,,,,,,,,,,,KANGRA,NURPUR
19254.0,36.0,,Active,,,,,,,31-07-2022,,,,,,,,,,,,,,,,,,,,,,,,,,,,,,,,,,,,,,,,,,,,,,,,,,9757.0,Nurpur,Nurpur,,,,,,,,,,,,,,,,,,,,,,,,,,,,,,,,,,,,,,,,,,,,,,,,,,,,,,,,,,,,KANGRA,NURPUR
19208.0,36.0,,Active,,,,,,,30-07-2022,,,,,,,,,,,,,,,,,,,,,,,,,,,,,,,,,,,,,,,,,,,,,,,,,,9758.0,City (E),Shimla-9,,,,,,,,,,,,,,,,,,,,,,,,,,,,,,,,,,,,,,,,,,,,,,,,,,,,,,,,,,,,,
19469.0,36.0,,Active,,,,,,,11-08-2022,,,,,,,,,,,,,,,,,,,,,,,,,,,,,,,,,,,,,,,,,,,,,,,,,,9760.0,City (E),Shimla-9,,,,,,,,,,,,,,,,,,,,,,,,,,,,,,,,,,,,,,,,,,,,,,,,,,,,,,,,,,,,,
19208.0,36.0,,Active,,,,,,,30-07-2022,,,,,,,,,,,,,,,,,,,,,,,,,,,,,,,,,,,,,,,,,,,,,,,,,,9762.0,City (E),Shimla-9,,,,,,,,,,,,,,,,,,,,,,,,,,,,,,,,,,,,,,,,,,,,,,,,,,,,,,,,,,,,,
19704.0,36.0,,Active,,,,,,,16-08-2022,,,,,,,,,,,,,,,,,,,,,,,,,,,,,,,,,,,,,,,,,,,,,,,,,,9771.0,Sunni  Division,Shimla-9,,,,,,,,,,,,,,,,,,,,,,,,,,,,,,,,,,,,,,,,,,,,,,,,,,,,,,,,,,,,,
19704.0,36.0,,Active,,,,,,,16-08-2022,,,,,,,,,,,,,,,,,,,,,,,,,,,,,,,,,,,,,,,,,,,,,,,,,,9774.0,Sunni  Division,Shimla-9,,,,,,,,,,,,,,,,,,,,,,,,,,,,,,,,,,,,,,,,,,,,,,,,,,,,,,,,,,,,,
20302.0,36.0,,Active,,,,,,,29-08-2022,,,,,,,,,,,,,,,,,,,,,,,,,,,,,,,,,,,,,,,,,,,,,,,,,,9782.0,Dalhousie,Chamba,,,,,,,,,,,,,,,,,,,,,,,,,,,,,,,,,,,,,,,,,,,,,,,,,,,,,,,,,,,,CHAMBA,DALHOUSIE
19702.0,36.0,,Active,,,,,,,20-08-2022,,,,,,,,,,,,,,,,,,,,,,,,,,,,,,,,,,,,,,,,,,,,,,,,,,9799.0,Div. No-I Shimla-9,Shimla-9,,,,,,,,,,,,,,,,,,,,,,,,,,,,,,,,,,,,,,,,,,,,,,,,,,,,,,,,,,,,,
20317.0,1041.0,,Active,,,,,,,23-08-2022,,,,,,,,,,,,,,,,,,,,,,,,,,,,,,,,,,,,,,,,,,,,,,,,,,9803.0,FC Div. Gagret,SRFMP Una,,,,,,,,,,,,,,,,,,,,,,,,,,,,,,,,,,,,,,,,,,,,,,,,,,,,,,,,,,,,,
20317.0,1041.0,,Active,,,,,,,23-08-2022,,,,,,,,,,,,,,,,,,,,,,,,,,,,,,,,,,,,,,,,,,,,,,,,,,9804.0,FC Div. Gagret,SRFMP Una,,,,,,,,,,,,,,,,,,,,,,,,,,,,,,,,,,,,,,,,,,,,,,,,,,,,,,,,,,,,,
20387.0,36.0,,Active,,,,,,,02-09-2022,,,,,,,,,,,,,,,,,,,,,,,,,,,,,,,,,,,,,,,,,,,,,,,,,,9809.0,S/terrace,Nurpur,,,,,,,,,,,,,,,,,,,,,,,,,,,,,,,,,,,,,,,,,,,,,,,,,,,,,,,,,,,,,
20387.0,36.0,,Active,,,,,,,02-09-2022,,,,,,,,,,,,,,,,,,,,,,,,,,,,,,,,,,,,,,,,,,,,,,,,,,9810.0,S/terrace,Nurpur,,,,,,,,,,,,,,,,,,,,,,,,,,,,,,,,,,,,,,,,,,,,,,,,,,,,,,,,,,,,,
20387.0,36.0,,Active,,,,,,,02-09-2022,,,,,,,,,,,,,,,,,,,,,,,,,,,,,,,,,,,,,,,,,,,,,,,,,,9822.0,Fatehpur,Nurpur,,,,,,,,,,,,,,,,,,,,,,,,,,,,,,,,,,,,,,,,,,,,,,,,,,,,,,,,,,,,CHAMBA,CHAMBA
20387.0,36.0,,Active,,,,,,,02-09-2022,,,,,,,,,,,,,,,,,,,,,,,,,,,,,,,,,,,,,,,,,,,,,,,,,,9823.0,Fatehpur,Nurpur,,,,,,,,,,,,,,,,,,,,,,,,,,,,,,,,,,,,,,,,,,,,,,,,,,,,,,,,,,,,CHAMBA,CHAMBA
20387.0,36.0,,Active,,,,,,,02-09-2022,,,,,,,,,,,,,,,,,,,,,,,,,,,,,,,,,,,,,,,,,,,,,,,,,,9824.0,Fatehpur,Nurpur,,,,,,,,,,,,,,,,,,,,,,,,,,,,,,,,,,,,,,,,,,,,,,,,,,,,,,,,,,,,CHAMBA,CHAMBA
20387.0,36.0,,Active,,,,,,,02-09-2022,,,,,,,,,,,,,,,,,,,,,,,,,,,,,,,,,,,,,,,,,,,,,,,,,,9827.0,Fatehpur,Nurpur,,,,,,,,,,,,,,,,,,,,,,,,,,,,,,,,,,,,,,,,,,,,,,,,,,,,,,,,,,,,CHAMBA,CHAMBA
20387.0,36.0,,Active,,,,,,,02-09-2022,,,,,,,,,,,,,,,,,,,,,,,,,,,,,,,,,,,,,,,,,,,,,,,,,,9828.0,Fatehpur,Nurpur,,,,,,,,,,,,,,,,,,,,,,,,,,,,,,,,,,,,,,,,,,,,,,,,,,,,,,,,,,,,CHAMBA,CHAMBA
20429.0,36.0,,Active,,,,,,,02-09-2022,,,,,,,,,,,,,,,,,,,,,,,,,,,,,,,,,,,,,,,,,,,,,,,,,,9832.0,Matiana Division,Shimla-9,,,,,,,,,,,,,,,,,,,,,,,,,,,,,,,,,,,,,,,,,,,,,,,,,,,,,,,,,,,,,
20446.0,36.0,,Active,,,,,,,04-09-2022,,,,,,,,,,,,,,,,,,,,,,,,,,,,,,,,,,,,,,,,,,,,,,,,,,9856.0,Dalhousie,Chamba,,,,,,,,,,,,,,,,,,,,,,,,,,,,,,,,,,,,,,,,,,,,,,,,,,,,,,,,,,,,CHAMBA,DALHOUSIE
20449.0,1.0,,Active,,,,,,,03-09-2022,,,,,,,,,,,,,,,,,,,,,,,,,,,,,,,,,,,,,,,,,,,,,,,,,,9859.0,Rohru ,Rohroo,,,,,,,,,,,,,,,,,,,,,,,,,,,,,,,,,,,,,,,,,,,,,,,,,,,,,,,,,,,,SHIMLA,ROHRU
20449.0,1.0,,Active,,,,,,,03-09-2022,,,,,,,,,,,,,,,,,,,,,,,,,,,,,,,,,,,,,,,,,,,,,,,,,,9860.0,Jubbal,Rohroo,,,,,,,,,,,,,,,,,,,,,,,,,,,,,,,,,,,,,,,,,,,,,,,,,,,,,,,,,,,,SHIMLA,JUBBAL
20198.0,43.0,,Active,,,,,,,27-07-2022,,,,,,,,,,,,,,,,,,,,,,,,,,,,,,,,,,,,,,,,,,,,,,,,,,9864.0,Kaza,Reckong Peo ,,,,,,,,,,,,,,,,,,,,,,,,,,,,,,,,,,,,,,,,,,,,,,,,,,,,,,,,,,,,,
20473.0,43.0,,Active,,,,,,,23-08-2022,,,,,,,,,,,,,,,,,,,,,,,,,,,,,,,,,,,,,,,,,,,,,,,,,,9865.0,Kaza,Reckong Peo ,,,,,,,,,,,,,,,,,,,,,,,,,,,,,,,,,,,,,,,,,,,,,,,,,,,,,,,,,,,,,
20540.0,36.0,,Active,,,,,,,05-09-2022,,,,,,,,,,,,,,,,,,,,,,,,,,,,,,,,,,,,,,,,,,,,,,,,,,9872.0,Jawali,Nurpur,,,,,,,,,,,,,,,,,,,,,,,,,,,,,,,,,,,,,,,,,,,,,,,,,,,,,,,,,,,,MANDI,BALDWARA
20541.0,36.0,,Active,,,,,,,12-09-2022,,,,,,,,,,,,,,,,,,,,,,,,,,,,,,,,,,,,,,,,,,,,,,,,,,9873.0,S/terrace,Nurpur,,,,,,,,,,,,,,,,,,,,,,,,,,,,,,,,,,,,,,,,,,,,,,,,,,,,,,,,,,,,,
20541.0,36.0,,Active,,,,,,,12-09-2022,,,,,,,,,,,,,,,,,,,,,,,,,,,,,,,,,,,,,,,,,,,,,,,,,,9874.0,S/terrace,Nurpur,,,,,,,,,,,,,,,,,,,,,,,,,,,,,,,,,,,,,,,,,,,,,,,,,,,,,,,,,,,,,
20541.0,36.0,,Active,,,,,,,12-09-2022,,,,,,,,,,,,,,,,,,,,,,,,,,,,,,,,,,,,,,,,,,,,,,,,,,9875.0,S/terrace,Nurpur,,,,,,,,,,,,,,,,,,,,,,,,,,,,,,,,,,,,,,,,,,,,,,,,,,,,,,,,,,,,,
20541.0,36.0,,Active,,,,,,,12-09-2022,,,,,,,,,,,,,,,,,,,,,,,,,,,,,,,,,,,,,,,,,,,,,,,,,,9876.0,Fatehpur,Nurpur,,,,,,,,,,,,,,,,,,,,,,,,,,,,,,,,,,,,,,,,,,,,,,,,,,,,,,,,,,,,CHAMBA,CHAMBA
20541.0,36.0,,Active,,,,,,,12-09-2022,,,,,,,,,,,,,,,,,,,,,,,,,,,,,,,,,,,,,,,,,,,,,,,,,,9877.0,Fatehpur,Nurpur,,,,,,,,,,,,,,,,,,,,,,,,,,,,,,,,,,,,,,,,,,,,,,,,,,,,,,,,,,,,CHAMBA,CHAMBA
20541.0,36.0,,Active,,,,,,,12-09-2022,,,,,,,,,,,,,,,,,,,,,,,,,,,,,,,,,,,,,,,,,,,,,,,,,,9878.0,Fatehpur,Nurpur,,,,,,,,,,,,,,,,,,,,,,,,,,,,,,,,,,,,,,,,,,,,,,,,,,,,,,,,,,,,CHAMBA,CHAMBA
20541.0,36.0,,Active,,,,,,,12-09-2022,,,,,,,,,,,,,,,,,,,,,,,,,,,,,,,,,,,,,,,,,,,,,,,,,,9879.0,Fatehpur,Nurpur,,,,,,,,,,,,,,,,,,,,,,,,,,,,,,,,,,,,,,,,,,,,,,,,,,,,,,,,,,,,CHAMBA,CHAMBA
20541.0,36.0,,Active,,,,,,,12-09-2022,,,,,,,,,,,,,,,,,,,,,,,,,,,,,,,,,,,,,,,,,,,,,,,,,,9880.0,Fatehpur,Nurpur,,,,,,,,,,,,,,,,,,,,,,,,,,,,,,,,,,,,,,,,,,,,,,,,,,,,,,,,,,,,CHAMBA,CHAMBA
20541.0,36.0,,Active,,,,,,,12-09-2022,,,,,,,,,,,,,,,,,,,,,,,,,,,,,,,,,,,,,,,,,,,,,,,,,,9881.0,Indora,Nurpur,,,,,,,,,,,,,,,,,,,,,,,,,,,,,,,,,,,,,,,,,,,,,,,,,,,,,,,,,,,,KANGRA,INDORA
20541.0,36.0,,Active,,,,,,,12-09-2022,,,,,,,,,,,,,,,,,,,,,,,,,,,,,,,,,,,,,,,,,,,,,,,,,,9882.0,Indora,Nurpur,,,,,,,,,,,,,,,,,,,,,,,,,,,,,,,,,,,,,,,,,,,,,,,,,,,,,,,,,,,,KANGRA,INDORA
20541.0,36.0,,Active,,,,,,,12-09-2022,,,,,,,,,,,,,,,,,,,,,,,,,,,,,,,,,,,,,,,,,,,,,,,,,,9883.0,Indora,Nurpur,,,,,,,,,,,,,,,,,,,,,,,,,,,,,,,,,,,,,,,,,,,,,,,,,,,,,,,,,,,,KANGRA,INDORA
20541.0,36.0,,Active,,,,,,,12-09-2022,,,,,,,,,,,,,,,,,,,,,,,,,,,,,,,,,,,,,,,,,,,,,,,,,,9884.0,Indora,Nurpur,,,,,,,,,,,,,,,,,,,,,,,,,,,,,,,,,,,,,,,,,,,,,,,,,,,,,,,,,,,,KANGRA,INDORA
20541.0,36.0,,Active,,,,,,,12-09-2022,,,,,,,,,,,,,,,,,,,,,,,,,,,,,,,,,,,,,,,,,,,,,,,,,,9885.0,Indora,Nurpur,,,,,,,,,,,,,,,,,,,,,,,,,,,,,,,,,,,,,,,,,,,,,,,,,,,,,,,,,,,,KANGRA,INDORA
20541.0,36.0,,Active,,,,,,,12-09-2022,,,,,,,,,,,,,,,,,,,,,,,,,,,,,,,,,,,,,,,,,,,,,,,,,,9888.0,Indora,Nurpur,,,,,,,,,,,,,,,,,,,,,,,,,,,,,,,,,,,,,,,,,,,,,,,,,,,,,,,,,,,,KANGRA,INDORA
20676.0,36.0,,Active,,,,,,,21-09-2022,,,,,,,,,,,,,,,,,,,,,,,,,,,,,,,,,,,,,,,,,,,,,,,,,,9908.0,S/terrace,Nurpur,,,,,,,,,,,,,,,,,,,,,,,,,,,,,,,,,,,,,,,,,,,,,,,,,,,,,,,,,,,,,
20429.0,36.0,,Active,,,,,,,02-09-2022,,,,,,,,,,,,,,,,,,,,,,,,,,,,,,,,,,,,,,,,,,,,,,,,,,9909.0,Div. No-I Shimla-9,Shimla-9,,,,,,,,,,,,,,,,,,,,,,,,,,,,,,,,,,,,,,,,,,,,,,,,,,,,,,,,,,,,,
20676.0,36.0,,Active,,,,,,,21-09-2022,,,,,,,,,,,,,,,,,,,,,,,,,,,,,,,,,,,,,,,,,,,,,,,,,,9911.0,S/terrace,Nurpur,,,,,,,,,,,,,,,,,,,,,,,,,,,,,,,,,,,,,,,,,,,,,,,,,,,,,,,,,,,,,
20676.0,36.0,,Active,,,,,,,21-09-2022,,,,,,,,,,,,,,,,,,,,,,,,,,,,,,,,,,,,,,,,,,,,,,,,,,9914.0,S/terrace,Nurpur,,,,,,,,,,,,,,,,,,,,,,,,,,,,,,,,,,,,,,,,,,,,,,,,,,,,,,,,,,,,,
20676.0,36.0,,Active,,,,,,,21-09-2022,,,,,,,,,,,,,,,,,,,,,,,,,,,,,,,,,,,,,,,,,,,,,,,,,,9916.0,S/terrace,Nurpur,,,,,,,,,,,,,,,,,,,,,,,,,,,,,,,,,,,,,,,,,,,,,,,,,,,,,,,,,,,,,
20676.0,36.0,,Active,,,,,,,21-09-2022,,,,,,,,,,,,,,,,,,,,,,,,,,,,,,,,,,,,,,,,,,,,,,,,,,9920.0,Fatehpur,Nurpur,,,,,,,,,,,,,,,,,,,,,,,,,,,,,,,,,,,,,,,,,,,,,,,,,,,,,,,,,,,,CHAMBA,CHAMBA
20676.0,36.0,,Active,,,,,,,21-09-2022,,,,,,,,,,,,,,,,,,,,,,,,,,,,,,,,,,,,,,,,,,,,,,,,,,9923.0,Fatehpur,Nurpur,,,,,,,,,,,,,,,,,,,,,,,,,,,,,,,,,,,,,,,,,,,,,,,,,,,,,,,,,,,,CHAMBA,CHAMBA
20676.0,36.0,,Active,,,,,,,21-09-2022,,,,,,,,,,,,,,,,,,,,,,,,,,,,,,,,,,,,,,,,,,,,,,,,,,9929.0,Fatehpur,Nurpur,,,,,,,,,,,,,,,,,,,,,,,,,,,,,,,,,,,,,,,,,,,,,,,,,,,,,,,,,,,,CHAMBA,CHAMBA
20676.0,36.0,,Active,,,,,,,21-09-2022,,,,,,,,,,,,,,,,,,,,,,,,,,,,,,,,,,,,,,,,,,,,,,,,,,9930.0,Fatehpur,Nurpur,,,,,,,,,,,,,,,,,,,,,,,,,,,,,,,,,,,,,,,,,,,,,,,,,,,,,,,,,,,,CHAMBA,CHAMBA
20676.0,36.0,,Active,,,,,,,21-09-2022,,,,,,,,,,,,,,,,,,,,,,,,,,,,,,,,,,,,,,,,,,,,,,,,,,9931.0,Jawali,Nurpur,,,,,,,,,,,,,,,,,,,,,,,,,,,,,,,,,,,,,,,,,,,,,,,,,,,,,,,,,,,,MANDI,BALDWARA
20712.0,1.0,,Active,,,,,,,21-09-2022,,,,,,,,,,,,,,,,,,,,,,,,,,,,,,,,,,,,,,,,,,,,,,,,,,10033.0,Rohru ,Rohroo,,,,,,,,,,,,,,,,,,,,,,,,,,,,,,,,,,,,,,,,,,,,,,,,,,,,,,,,,,,,SHIMLA,ROHRU
20711.0,1.0,,Active,,,,,,,21-09-2022,,,,,,,,,,,,,,,,,,,,,,,,,,,,,,,,,,,,,,,,,,,,,,,,,,10035.0,Jubbal,Rohroo,,,,,,,,,,,,,,,,,,,,,,,,,,,,,,,,,,,,,,,,,,,,,,,,,,,,,,,,,,,,SHIMLA,JUBBAL
20724.0,36.0,,Active,,,,,,,23-09-2022,,,,,,,,,,,,,,,,,,,,,,,,,,,,,,,,,,,,,,,,,,,,,,,,,,10046.0,Phina Singh Project,Nurpur,,,,,,,,,,,,,,,,,,,,,,,,,,,,,,,,,,,,,,,,,,,,,,,,,,,,,,,,,,,,,
20747.0,36.0,,Active,,,,,,,25-09-2022,,,,,,,,,,,,,,,,,,,,,,,,,,,,,,,,,,,,,,,,,,,,,,,,,,10065.0,Chamba,Chamba,,,,,,,,,,,,,,,,,,,,,,,,,,,,,,,,,,,,,,,,,,,,,,,,,,,,,,,,,,,,CHAMBA,CHAMBA
20747.0,36.0,,Active,,,,,,,25-09-2022,,,,,,,,,,,,,,,,,,,,,,,,,,,,,,,,,,,,,,,,,,,,,,,,,,10066.0,Dalhousie,Chamba,,,,,,,,,,,,,,,,,,,,,,,,,,,,,,,,,,,,,,,,,,,,,,,,,,,,,,,,,,,,CHAMBA,DALHOUSIE
20747.0,36.0,,Active,,,,,,,25-09-2022,,,,,,,,,,,,,,,,,,,,,,,,,,,,,,,,,,,,,,,,,,,,,,,,,,10068.0,Salooni,Chamba,,,,,,,,,,,,,,,,,,,,,,,,,,,,,,,,,,,,,,,,,,,,,,,,,,,,,,,,,,,,MANDI,SANDHOL
20747.0,36.0,,Active,,,,,,,25-09-2022,,,,,,,,,,,,,,,,,,,,,,,,,,,,,,,,,,,,,,,,,,,,,,,,,,10070.0,Tissa at Bhanjraru,Chamba,,,,,,,,,,,,,,,,,,,,,,,,,,,,,,,,,,,,,,,,,,,,,,,,,,,,,,,,,,,,,
20747.0,36.0,,Active,,,,,,,25-09-2022,,,,,,,,,,,,,,,,,,,,,,,,,,,,,,,,,,,,,,,,,,,,,,,,,,10075.0,Bharmour,Chamba,,,,,,,,,,,,,,,,,,,,,,,,,,,,,,,,,,,,,,,,,,,,,,,,,,,,,,,,,,,,CHAMBA,BHARMOUR
20917.0,1.0,,Active,,,,,,,10-10-2022,,,,,,,,,,,,,,,,,,,,,,,,,,,,,,,,,,,,,,,,,,,,,,,,,,10267.0,Jubbal,Rohroo,,,,,,,,,,,,,,,,,,,,,,,,,,,,,,,,,,,,,,,,,,,,,,,,,,,,,,,,,,,,SHIMLA,JUBBAL
22386.0,36.0,,Active,,,,,,,25-01-2023,,,,,,,,,,,,,,,,,,,,,,,,,,,,,,,,,,,,,,,,,,,,,,,,,,10298.0,Chamba,Chamba,,,,,,,,,,,,,,,,,,,,,,,,,,,,,,,,,,,,,,,,,,,,,,,,,,,,,,,,,,,,CHAMBA,CHAMBA
22386.0,36.0,,Active,,,,,,,25-01-2023,,,,,,,,,,,,,,,,,,,,,,,,,,,,,,,,,,,,,,,,,,,,,,,,,,10299.0,Dalhousie,Chamba,,,,,,,,,,,,,,,,,,,,,,,,,,,,,,,,,,,,,,,,,,,,,,,,,,,,,,,,,,,,CHAMBA,DALHOUSIE
22386.0,36.0,,Active,,,,,,,25-01-2023,,,,,,,,,,,,,,,,,,,,,,,,,,,,,,,,,,,,,,,,,,,,,,,,,,10300.0,Salooni,Chamba,,,,,,,,,,,,,,,,,,,,,,,,,,,,,,,,,,,,,,,,,,,,,,,,,,,,,,,,,,,,MANDI,SANDHOL
22386.0,36.0,,Active,,,,,,,25-01-2023,,,,,,,,,,,,,,,,,,,,,,,,,,,,,,,,,,,,,,,,,,,,,,,,,,10301.0,Tissa at Bhanjraru,Chamba,,,,,,,,,,,,,,,,,,,,,,,,,,,,,,,,,,,,,,,,,,,,,,,,,,,,,,,,,,,,,
22386.0,36.0,,Active,,,,,,,25-01-2023,,,,,,,,,,,,,,,,,,,,,,,,,,,,,,,,,,,,,,,,,,,,,,,,,,10302.0,Bharmour,Chamba,,,,,,,,,,,,,,,,,,,,,,,,,,,,,,,,,,,,,,,,,,,,,,,,,,,,,,,,,,,,CHAMBA,BHARMOUR
22386.0,36.0,,Active,,,,,,,25-01-2023,,,,,,,,,,,,,,,,,,,,,,,,,,,,,,,,,,,,,,,,,,,,,,,,,,10303.0,Pangi,Chamba,,,,,,,,,,,,,,,,,,,,,,,,,,,,,,,,,,,,,,,,,,,,,,,,,,,,,,,,,,,,SOLAN,RAMSHAHR
23821.0,36.0,,Active,,,,,,,20-04-2023,,,,,,,,,,,,,,,,,,,,,,,,,,,,,,,,,,,,,,,,,,,,,,,,,,10334.0,Matiana Division,Shimla-9,,,,,,,,,,,,,,,,,,,,,,,,,,,,,,,,,,,,,,,,,,,,,,,,,,,,,,,,,,,,,
23912.0,36.0,,Active,,,,,,,03-05-2023,,,,,,,,,,,,,,,,,,,,,,,,,,,,,,,,,,,,,,,,,,,,,,,,,,10335.0,Matiana Division,Shimla-9,,,,,,,,,,,,,,,,,,,,,,,,,,,,,,,,,,,,,,,,,,,,,,,,,,,,,,,,,,,,,
24171.0,36.0,,Active,,,,,,,31-05-2023,,,,,,,,,,,,,,,,,,,,,,,,,,,,,,,,,,,,,,,,,,,,,,,,,,10383.0,Matiana Division,Shimla-9,,,,,,,,,,,,,,,,,,,,,,,,,,,,,,,,,,,,,,,,,,,,,,,,,,,,,,,,,,,,,
24329.0,36.0,,Active,,,,,,,25-06-2023,,,,,,,,,,,,,,,,,,,,,,,,,,,,,,,,,,,,,,,,,,,,,,,,,,10451.0,Matiana Division,Shimla-9,,,,,,,,,,,,,,,,,,,,,,,,,,,,,,,,,,,,,,,,,,,,,,,,,,,,,,,,,,,,,
24329.0,36.0,,Active,,,,,,,25-06-2023,,,,,,,,,,,,,,,,,,,,,,,,,,,,,,,,,,,,,,,,,,,,,,,,,,10465.0,Nerwa Division,Shimla-9,,,,,,,,,,,,,,,,,,,,,,,,,,,,,,,,,,,,,,,,,,,,,,,,,,,,,,,,,,,,,
24329.0,36.0,,Active,,,,,,,25-06-2023,,,,,,,,,,,,,,,,,,,,,,,,,,,,,,,,,,,,,,,,,,,,,,,,,,10466.0,Nerwa Division,Shimla-9,,,,,,,,,,,,,,,,,,,,,,,,,,,,,,,,,,,,,,,,,,,,,,,,,,,,,,,,,,,,,
24356.0,36.0,,Active,,,,,,,25-06-2023,,,,,,,,,,,,,,,,,,,,,,,,,,,,,,,,,,,,,,,,,,,,,,,,,,10467.0,Chamba,Chamba,,,,,,,,,,,,,,,,,,,,,,,,,,,,,,,,,,,,,,,,,,,,,,,,,,,,,,,,,,,,CHAMBA,CHAMBA
24356.0,36.0,,Active,,,,,,,25-06-2023,,,,,,,,,,,,,,,,,,,,,,,,,,,,,,,,,,,,,,,,,,,,,,,,,,10468.0,Dalhousie,Chamba,,,,,,,,,,,,,,,,,,,,,,,,,,,,,,,,,,,,,,,,,,,,,,,,,,,,,,,,,,,,CHAMBA,DALHOUSIE
24356.0,36.0,,Active,,,,,,,25-06-2023,,,,,,,,,,,,,,,,,,,,,,,,,,,,,,,,,,,,,,,,,,,,,,,,,,10469.0,Pangi,Chamba,,,,,,,,,,,,,,,,,,,,,,,,,,,,,,,,,,,,,,,,,,,,,,,,,,,,,,,,,,,,SOLAN,RAMSHAHR
24356.0,36.0,,Active,,,,,,,25-06-2023,,,,,,,,,,,,,,,,,,,,,,,,,,,,,,,,,,,,,,,,,,,,,,,,,,10470.0,Tissa at Bhanjraru,Chamba,,,,,,,,,,,,,,,,,,,,,,,,,,,,,,,,,,,,,,,,,,,,,,,,,,,,,,,,,,,,,
24356.0,36.0,,Active,,,,,,,25-06-2023,,,,,,,,,,,,,,,,,,,,,,,,,,,,,,,,,,,,,,,,,,,,,,,,,,10471.0,Bharmour,Chamba,,,,,,,,,,,,,,,,,,,,,,,,,,,,,,,,,,,,,,,,,,,,,,,,,,,,,,,,,,,,CHAMBA,BHARMOUR
24356.0,36.0,,Active,,,,,,,25-06-2023,,,,,,,,,,,,,,,,,,,,,,,,,,,,,,,,,,,,,,,,,,,,,,,,,,10472.0,Salooni,Chamba,,,,,,,,,,,,,,,,,,,,,,,,,,,,,,,,,,,,,,,,,,,,,,,,,,,,,,,,,,,,MANDI,SANDHOL
24378.0,36.0,,Active,,,,,,,25-06-2023,,,,,,,,,,,,,,,,,,,,,,,,,,,,,,,,,,,,,,,,,,,,,,,,,,10501.0,Jawali,Nurpur,,,,,,,,,,,,,,,,,,,,,,,,,,,,,,,,,,,,,,,,,,,,,,,,,,,,,,,,,,,,MANDI,BALDWARA
24378.0,36.0,,Active,,,,,,,25-06-2023,,,,,,,,,,,,,,,,,,,,,,,,,,,,,,,,,,,,,,,,,,,,,,,,,,10502.0,Jawali,Nurpur,,,,,,,,,,,,,,,,,,,,,,,,,,,,,,,,,,,,,,,,,,,,,,,,,,,,,,,,,,,,MANDI,BALDWARA
24378.0,36.0,,Active,,,,,,,25-06-2023,,,,,,,,,,,,,,,,,,,,,,,,,,,,,,,,,,,,,,,,,,,,,,,,,,10503.0,Jawali,Nurpur,,,,,,,,,,,,,,,,,,,,,,,,,,,,,,,,,,,,,,,,,,,,,,,,,,,,,,,,,,,,MANDI,BALDWARA
24378.0,36.0,,Active,,,,,,,25-06-2023,,,,,,,,,,,,,,,,,,,,,,,,,,,,,,,,,,,,,,,,,,,,,,,,,,10504.0,Jawali,Nurpur,,,,,,,,,,,,,,,,,,,,,,,,,,,,,,,,,,,,,,,,,,,,,,,,,,,,,,,,,,,,MANDI,BALDWARA
24378.0,36.0,,Active,,,,,,,25-06-2023,,,,,,,,,,,,,,,,,,,,,,,,,,,,,,,,,,,,,,,,,,,,,,,,,,10508.0,Jawali,Nurpur,,,,,,,,,,,,,,,,,,,,,,,,,,,,,,,,,,,,,,,,,,,,,,,,,,,,,,,,,,,,MANDI,BALDWARA
24378.0,36.0,,Active,,,,,,,25-06-2023,,,,,,,,,,,,,,,,,,,,,,,,,,,,,,,,,,,,,,,,,,,,,,,,,,10510.0,Fatehpur,Nurpur,,,,,,,,,,,,,,,,,,,,,,,,,,,,,,,,,,,,,,,,,,,,,,,,,,,,,,,,,,,,CHAMBA,CHAMBA
24378.0,36.0,,Active,,,,,,,25-06-2023,,,,,,,,,,,,,,,,,,,,,,,,,,,,,,,,,,,,,,,,,,,,,,,,,,10511.0,Nurpur,Nurpur,,,,,,,,,,,,,,,,,,,,,,,,,,,,,,,,,,,,,,,,,,,,,,,,,,,,,,,,,,,,KANGRA,NURPUR
24378.0,36.0,,Active,,,,,,,25-06-2023,,,,,,,,,,,,,,,,,,,,,,,,,,,,,,,,,,,,,,,,,,,,,,,,,,10512.0,Nurpur,Nurpur,,,,,,,,,,,,,,,,,,,,,,,,,,,,,,,,,,,,,,,,,,,,,,,,,,,,,,,,,,,,KANGRA,NURPUR
24378.0,36.0,,Active,,,,,,,25-06-2023,,,,,,,,,,,,,,,,,,,,,,,,,,,,,,,,,,,,,,,,,,,,,,,,,,10515.0,Nurpur,Nurpur,,,,,,,,,,,,,,,,,,,,,,,,,,,,,,,,,,,,,,,,,,,,,,,,,,,,,,,,,,,,KANGRA,NURPUR
24378.0,36.0,,Active,,,,,,,25-06-2023,,,,,,,,,,,,,,,,,,,,,,,,,,,,,,,,,,,,,,,,,,,,,,,,,,10516.0,Nurpur,Nurpur,,,,,,,,,,,,,,,,,,,,,,,,,,,,,,,,,,,,,,,,,,,,,,,,,,,,,,,,,,,,KANGRA,NURPUR
24378.0,36.0,,Active,,,,,,,25-06-2023,,,,,,,,,,,,,,,,,,,,,,,,,,,,,,,,,,,,,,,,,,,,,,,,,,10517.0,Nurpur,Nurpur,,,,,,,,,,,,,,,,,,,,,,,,,,,,,,,,,,,,,,,,,,,,,,,,,,,,,,,,,,,,KANGRA,NURPUR
24378.0,36.0,,Active,,,,,,,25-06-2023,,,,,,,,,,,,,,,,,,,,,,,,,,,,,,,,,,,,,,,,,,,,,,,,,,10518.0,Nurpur,Nurpur,,,,,,,,,,,,,,,,,,,,,,,,,,,,,,,,,,,,,,,,,,,,,,,,,,,,,,,,,,,,KANGRA,NURPUR
24387.0,36.0,,Active,,,,,,,26-06-2023,,,,,,,,,,,,,,,,,,,,,,,,,,,,,,,,,,,,,,,,,,,,,,,,,,10519.0,Indora,Nurpur,,,,,,,,,,,,,,,,,,,,,,,,,,,,,,,,,,,,,,,,,,,,,,,,,,,,,,,,,,,,KANGRA,INDORA
24387.0,36.0,,Active,,,,,,,26-06-2023,,,,,,,,,,,,,,,,,,,,,,,,,,,,,,,,,,,,,,,,,,,,,,,,,,10520.0,Indora,Nurpur,,,,,,,,,,,,,,,,,,,,,,,,,,,,,,,,,,,,,,,,,,,,,,,,,,,,,,,,,,,,KANGRA,INDORA
24387.0,36.0,,Active,,,,,,,26-06-2023,,,,,,,,,,,,,,,,,,,,,,,,,,,,,,,,,,,,,,,,,,,,,,,,,,10521.0,Indora,Nurpur,,,,,,,,,,,,,,,,,,,,,,,,,,,,,,,,,,,,,,,,,,,,,,,,,,,,,,,,,,,,KANGRA,INDORA
24387.0,36.0,,Active,,,,,,,26-06-2023,,,,,,,,,,,,,,,,,,,,,,,,,,,,,,,,,,,,,,,,,,,,,,,,,,10522.0,Indora,Nurpur,,,,,,,,,,,,,,,,,,,,,,,,,,,,,,,,,,,,,,,,,,,,,,,,,,,,,,,,,,,,KANGRA,INDORA
24387.0,36.0,,Active,,,,,,,26-06-2023,,,,,,,,,,,,,,,,,,,,,,,,,,,,,,,,,,,,,,,,,,,,,,,,,,10524.0,S/terrace,Nurpur,,,,,,,,,,,,,,,,,,,,,,,,,,,,,,,,,,,,,,,,,,,,,,,,,,,,,,,,,,,,,
24387.0,36.0,,Active,,,,,,,26-06-2023,,,,,,,,,,,,,,,,,,,,,,,,,,,,,,,,,,,,,,,,,,,,,,,,,,10525.0,S/terrace,Nurpur,,,,,,,,,,,,,,,,,,,,,,,,,,,,,,,,,,,,,,,,,,,,,,,,,,,,,,,,,,,,,
24387.0,36.0,,Active,,,,,,,26-06-2023,,,,,,,,,,,,,,,,,,,,,,,,,,,,,,,,,,,,,,,,,,,,,,,,,,10528.0,S/terrace,Nurpur,,,,,,,,,,,,,,,,,,,,,,,,,,,,,,,,,,,,,,,,,,,,,,,,,,,,,,,,,,,,,
24387.0,36.0,,Active,,,,,,,26-06-2023,,,,,,,,,,,,,,,,,,,,,,,,,,,,,,,,,,,,,,,,,,,,,,,,,,10533.0,Indora,Nurpur,,,,,,,,,,,,,,,,,,,,,,,,,,,,,,,,,,,,,,,,,,,,,,,,,,,,,,,,,,,,KANGRA,INDORA
24383.0,36.0,,Active,,,,,,,26-06-2023,,,,,,,,,,,,,,,,,,,,,,,,,,,,,,,,,,,,,,,,,,,,,,,,,,10588.0,Matiana Division,Shimla-9,,,,,,,,,,,,,,,,,,,,,,,,,,,,,,,,,,,,,,,,,,,,,,,,,,,,,,,,,,,,,
24382.0,1041.0,,Active,,,,,,,23-06-2023,,,,,,,,,,,,,,,,,,,,,,,,,,,,,,,,,,,,,,,,,,,,,,,,,,10611.0,Dehra,Dharmshala,,,,,,,,,,,,,,,,,,,,,,,,,,,,,,,,,,,,,,,,,,,,,,,,,,,,,,,,,,,,CHAMBA,CHURAH
24379.0,1041.0,,Active,,,,,,,23-06-2023,,,,,,,,,,,,,,,,,,,,,,,,,,,,,,,,,,,,,,,,,,,,,,,,,,10612.0,Dehra,Dharmshala,,,,,,,,,,,,,,,,,,,,,,,,,,,,,,,,,,,,,,,,,,,,,,,,,,,,,,,,,,,,CHAMBA,CHURAH
24370.0,36.0,,Active,,,,,,,25-06-2023,,,,,,,,,,,,,,,,,,,,,,,,,,,,,,,,,,,,,,,,,,,,,,,,,,10613.0,Div. No-I Shimla-9,Shimla-9,,,,,,,,,,,,,,,,,,,,,,,,,,,,,,,,,,,,,,,,,,,,,,,,,,,,,,,,,,,,,
24336.0,1041.0,,Active,,,,,,,23-06-2023,,,,,,,,,,,,,,,,,,,,,,,,,,,,,,,,,,,,,,,,,,,,,,,,,,10615.0,Dehra,Dharmshala,,,,,,,,,,,,,,,,,,,,,,,,,,,,,,,,,,,,,,,,,,,,,,,,,,,,,,,,,,,,CHAMBA,CHURAH
24336.0,1041.0,,Active,,,,,,,23-06-2023,,,,,,,,,,,,,,,,,,,,,,,,,,,,,,,,,,,,,,,,,,,,,,,,,,10624.0,Dehra,Dharmshala,,,,,,,,,,,,,,,,,,,,,,,,,,,,,,,,,,,,,,,,,,,,,,,,,,,,,,,,,,,,CHAMBA,CHURAH
24370.0,36.0,,Active,,,,,,,25-06-2023,,,,,,,,,,,,,,,,,,,,,,,,,,,,,,,,,,,,,,,,,,,,,,,,,,10708.0,Suni,Shimla-9,,,,,,,,,,,,,,,,,,,,,,,,,,,,,,,,,,,,,,,,,,,,,,,,,,,,,,,,,,,,SOLAN,DARLAGHAT
24458.0,36.0,,Active,,,,,,,01-07-2023,,,,,,,,,,,,,,,,,,,,,,,,,,,,,,,,,,,,,,,,,,,,,,,,,,10715.0,Matiana Division,Shimla-9,,,,,,,,,,,,,,,,,,,,,,,,,,,,,,,,,,,,,,,,,,,,,,,,,,,,,,,,,,,,,
24458.0,36.0,,Active,,,,,,,01-07-2023,,,,,,,,,,,,,,,,,,,,,,,,,,,,,,,,,,,,,,,,,,,,,,,,,,10716.0,Matiana Division,Shimla-9,,,,,,,,,,,,,,,,,,,,,,,,,,,,,,,,,,,,,,,,,,,,,,,,,,,,,,,,,,,,,
24458.0,36.0,,Active,,,,,,,01-07-2023,,,,,,,,,,,,,,,,,,,,,,,,,,,,,,,,,,,,,,,,,,,,,,,,,,10717.0,Matiana Division,Shimla-9,,,,,,,,,,,,,,,,,,,,,,,,,,,,,,,,,,,,,,,,,,,,,,,,,,,,,,,,,,,,,
24458.0,36.0,,Active,,,,,,,01-07-2023,,,,,,,,,,,,,,,,,,,,,,,,,,,,,,,,,,,,,,,,,,,,,,,,,,10718.0,Matiana Division,Shimla-9,,,,,,,,,,,,,,,,,,,,,,,,,,,,,,,,,,,,,,,,,,,,,,,,,,,,,,,,,,,,,
24529.0,36.0,,Active,,,,,,,05-07-2023,,,,,,,,,,,,,,,,,,,,,,,,,,,,,,,,,,,,,,,,,,,,,,,,,,10844.0,Matiana Division,Shimla-9,,,,,,,,,,,,,,,,,,,,,,,,,,,,,,,,,,,,,,,,,,,,,,,,,,,,,,,,,,,,,
24542.0,36.0,,Active,,,,,,,06-07-2023,,,,,,,,,,,,,,,,,,,,,,,,,,,,,,,,,,,,,,,,,,,,,,,,,,10868.0,Nurpur,Nurpur,,,,,,,,,,,,,,,,,,,,,,,,,,,,,,,,,,,,,,,,,,,,,,,,,,,,,,,,,,,,KANGRA,NURPUR
24542.0,36.0,,Active,,,,,,,06-07-2023,,,,,,,,,,,,,,,,,,,,,,,,,,,,,,,,,,,,,,,,,,,,,,,,,,10869.0,Nurpur,Nurpur,,,,,,,,,,,,,,,,,,,,,,,,,,,,,,,,,,,,,,,,,,,,,,,,,,,,,,,,,,,,KANGRA,NURPUR
24542.0,36.0,,Active,,,,,,,06-07-2023,,,,,,,,,,,,,,,,,,,,,,,,,,,,,,,,,,,,,,,,,,,,,,,,,,10871.0,Nurpur,Nurpur,,,,,,,,,,,,,,,,,,,,,,,,,,,,,,,,,,,,,,,,,,,,,,,,,,,,,,,,,,,,KANGRA,NURPUR
24529.0,36.0,,Active,,,,,,,05-07-2023,,,,,,,,,,,,,,,,,,,,,,,,,,,,,,,,,,,,,,,,,,,,,,,,,,10875.0,Div. No-I Shimla-9,Shimla-9,,,,,,,,,,,,,,,,,,,,,,,,,,,,,,,,,,,,,,,,,,,,,,,,,,,,,,,,,,,,,
24529.0,36.0,,Active,,,,,,,05-07-2023,,,,,,,,,,,,,,,,,,,,,,,,,,,,,,,,,,,,,,,,,,,,,,,,,,10876.0,Div. No-I Shimla-9,Shimla-9,,,,,,,,,,,,,,,,,,,,,,,,,,,,,,,,,,,,,,,,,,,,,,,,,,,,,,,,,,,,,
24458.0,36.0,,Active,,,,,,,01-07-2023,,,,,,,,,,,,,,,,,,,,,,,,,,,,,,,,,,,,,,,,,,,,,,,,,,10879.0,Div. No-I Shimla-9,Shimla-9,,,,,,,,,,,,,,,,,,,,,,,,,,,,,,,,,,,,,,,,,,,,,,,,,,,,,,,,,,,,,
24370.0,36.0,,Active,,,,,,,25-06-2023,,,,,,,,,,,,,,,,,,,,,,,,,,,,,,,,,,,,,,,,,,,,,,,,,,10880.0,Sunni  Division,Shimla-9,,,,,,,,,,,,,,,,,,,,,,,,,,,,,,,,,,,,,,,,,,,,,,,,,,,,,,,,,,,,,
24591.0,36.0,,Active,,,,,,,09-07-2023,,,,,,,,,,,,,,,,,,,,,,,,,,,,,,,,,,,,,,,,,,,,,,,,,,10943.0,Chamba,Chamba,,,,,,,,,,,,,,,,,,,,,,,,,,,,,,,,,,,,,,,,,,,,,,,,,,,,,,,,,,,,CHAMBA,CHAMBA
24592.0,36.0,,Active,,,,,,,09-07-2023,,,,,,,,,,,,,,,,,,,,,,,,,,,,,,,,,,,,,,,,,,,,,,,,,,10945.0,Dalhousie,Chamba,,,,,,,,,,,,,,,,,,,,,,,,,,,,,,,,,,,,,,,,,,,,,,,,,,,,,,,,,,,,CHAMBA,DALHOUSIE
24591.0,36.0,,Active,,,,,,,09-07-2023,,,,,,,,,,,,,,,,,,,,,,,,,,,,,,,,,,,,,,,,,,,,,,,,,,10947.0,Salooni,Chamba,,,,,,,,,,,,,,,,,,,,,,,,,,,,,,,,,,,,,,,,,,,,,,,,,,,,,,,,,,,,MANDI,SANDHOL
24591.0,36.0,,Active,,,,,,,09-07-2023,,,,,,,,,,,,,,,,,,,,,,,,,,,,,,,,,,,,,,,,,,,,,,,,,,10950.0,Tissa at Bhanjraru,Chamba,,,,,,,,,,,,,,,,,,,,,,,,,,,,,,,,,,,,,,,,,,,,,,,,,,,,,,,,,,,,,
24591.0,36.0,,Active,,,,,,,09-07-2023,,,,,,,,,,,,,,,,,,,,,,,,,,,,,,,,,,,,,,,,,,,,,,,,,,10951.0,Bharmour,Chamba,,,,,,,,,,,,,,,,,,,,,,,,,,,,,,,,,,,,,,,,,,,,,,,,,,,,,,,,,,,,CHAMBA,BHARMOUR
24591.0,36.0,,Active,,,,,,,09-07-2023,,,,,,,,,,,,,,,,,,,,,,,,,,,,,,,,,,,,,,,,,,,,,,,,,,10953.0,Pangi,Chamba,,,,,,,,,,,,,,,,,,,,,,,,,,,,,,,,,,,,,,,,,,,,,,,,,,,,,,,,,,,,SOLAN,RAMSHAHR
24611.0,36.0,,Active,,,,,,,08-07-2023,,,,,,,,,,,,,,,,,,,,,,,,,,,,,,,,,,,,,,,,,,,,,,,,,,10973.0,Una No.-I,Una,,,,,,,,,,,,,,,,,,,,,,,,,,,,,,,,,,,,,,,,,,,,,,,,,,,,,,,,,,,,,
24687.0,36.0,,Active,,,,,,,09-07-2023,,,,,,,,,,,,,,,,,,,,,,,,,,,,,,,,,,,,,,,,,,,,,,,,,,11000.0,Nurpur,Nurpur,,,,,,,,,,,,,,,,,,,,,,,,,,,,,,,,,,,,,,,,,,,,,,,,,,,,,,,,,,,,KANGRA,NURPUR
24687.0,36.0,,Active,,,,,,,09-07-2023,,,,,,,,,,,,,,,,,,,,,,,,,,,,,,,,,,,,,,,,,,,,,,,,,,11002.0,Nurpur,Nurpur,,,,,,,,,,,,,,,,,,,,,,,,,,,,,,,,,,,,,,,,,,,,,,,,,,,,,,,,,,,,KANGRA,NURPUR
24687.0,36.0,,Active,,,,,,,09-07-2023,,,,,,,,,,,,,,,,,,,,,,,,,,,,,,,,,,,,,,,,,,,,,,,,,,11005.0,Nurpur,Nurpur,,,,,,,,,,,,,,,,,,,,,,,,,,,,,,,,,,,,,,,,,,,,,,,,,,,,,,,,,,,,KANGRA,NURPUR
24687.0,36.0,,Active,,,,,,,09-07-2023,,,,,,,,,,,,,,,,,,,,,,,,,,,,,,,,,,,,,,,,,,,,,,,,,,11008.0,Nurpur,Nurpur,,,,,,,,,,,,,,,,,,,,,,,,,,,,,,,,,,,,,,,,,,,,,,,,,,,,,,,,,,,,KANGRA,NURPUR
24687.0,36.0,,Active,,,,,,,09-07-2023,,,,,,,,,,,,,,,,,,,,,,,,,,,,,,,,,,,,,,,,,,,,,,,,,,11012.0,Nurpur,Nurpur,,,,,,,,,,,,,,,,,,,,,,,,,,,,,,,,,,,,,,,,,,,,,,,,,,,,,,,,,,,,KANGRA,NURPUR
24687.0,36.0,,Active,,,,,,,09-07-2023,,,,,,,,,,,,,,,,,,,,,,,,,,,,,,,,,,,,,,,,,,,,,,,,,,11035.0,Fatehpur,Nurpur,,,,,,,,,,,,,,,,,,,,,,,,,,,,,,,,,,,,,,,,,,,,,,,,,,,,,,,,,,,,CHAMBA,CHAMBA
24687.0,36.0,,Active,,,,,,,09-07-2023,,,,,,,,,,,,,,,,,,,,,,,,,,,,,,,,,,,,,,,,,,,,,,,,,,11037.0,Fatehpur,Nurpur,,,,,,,,,,,,,,,,,,,,,,,,,,,,,,,,,,,,,,,,,,,,,,,,,,,,,,,,,,,,CHAMBA,CHAMBA
24687.0,36.0,,Active,,,,,,,09-07-2023,,,,,,,,,,,,,,,,,,,,,,,,,,,,,,,,,,,,,,,,,,,,,,,,,,11044.0,Fatehpur,Nurpur,,,,,,,,,,,,,,,,,,,,,,,,,,,,,,,,,,,,,,,,,,,,,,,,,,,,,,,,,,,,CHAMBA,CHAMBA
24687.0,36.0,,Active,,,,,,,09-07-2023,,,,,,,,,,,,,,,,,,,,,,,,,,,,,,,,,,,,,,,,,,,,,,,,,,11045.0,Fatehpur,Nurpur,,,,,,,,,,,,,,,,,,,,,,,,,,,,,,,,,,,,,,,,,,,,,,,,,,,,,,,,,,,,CHAMBA,CHAMBA
24687.0,36.0,,Active,,,,,,,09-07-2023,,,,,,,,,,,,,,,,,,,,,,,,,,,,,,,,,,,,,,,,,,,,,,,,,,11047.0,Fatehpur,Nurpur,,,,,,,,,,,,,,,,,,,,,,,,,,,,,,,,,,,,,,,,,,,,,,,,,,,,,,,,,,,,CHAMBA,CHAMBA
24687.0,36.0,,Active,,,,,,,09-07-2023,,,,,,,,,,,,,,,,,,,,,,,,,,,,,,,,,,,,,,,,,,,,,,,,,,11048.0,Indora,Nurpur,,,,,,,,,,,,,,,,,,,,,,,,,,,,,,,,,,,,,,,,,,,,,,,,,,,,,,,,,,,,KANGRA,INDORA
24687.0,36.0,,Active,,,,,,,09-07-2023,,,,,,,,,,,,,,,,,,,,,,,,,,,,,,,,,,,,,,,,,,,,,,,,,,11049.0,Indora,Nurpur,,,,,,,,,,,,,,,,,,,,,,,,,,,,,,,,,,,,,,,,,,,,,,,,,,,,,,,,,,,,KANGRA,INDORA
24687.0,36.0,,Active,,,,,,,09-07-2023,,,,,,,,,,,,,,,,,,,,,,,,,,,,,,,,,,,,,,,,,,,,,,,,,,11050.0,Indora,Nurpur,,,,,,,,,,,,,,,,,,,,,,,,,,,,,,,,,,,,,,,,,,,,,,,,,,,,,,,,,,,,KANGRA,INDORA
24687.0,36.0,,Active,,,,,,,09-07-2023,,,,,,,,,,,,,,,,,,,,,,,,,,,,,,,,,,,,,,,,,,,,,,,,,,11051.0,Indora,Nurpur,,,,,,,,,,,,,,,,,,,,,,,,,,,,,,,,,,,,,,,,,,,,,,,,,,,,,,,,,,,,KANGRA,INDORA
24687.0,36.0,,Active,,,,,,,09-07-2023,,,,,,,,,,,,,,,,,,,,,,,,,,,,,,,,,,,,,,,,,,,,,,,,,,11052.0,Fatehpur,Nurpur,,,,,,,,,,,,,,,,,,,,,,,,,,,,,,,,,,,,,,,,,,,,,,,,,,,,,,,,,,,,CHAMBA,CHAMBA
24687.0,36.0,,Active,,,,,,,09-07-2023,,,,,,,,,,,,,,,,,,,,,,,,,,,,,,,,,,,,,,,,,,,,,,,,,,11053.0,Indora,Nurpur,,,,,,,,,,,,,,,,,,,,,,,,,,,,,,,,,,,,,,,,,,,,,,,,,,,,,,,,,,,,KANGRA,INDORA
24687.0,36.0,,Active,,,,,,,09-07-2023,,,,,,,,,,,,,,,,,,,,,,,,,,,,,,,,,,,,,,,,,,,,,,,,,,11054.0,Indora,Nurpur,,,,,,,,,,,,,,,,,,,,,,,,,,,,,,,,,,,,,,,,,,,,,,,,,,,,,,,,,,,,KANGRA,INDORA
24687.0,36.0,,Active,,,,,,,09-07-2023,,,,,,,,,,,,,,,,,,,,,,,,,,,,,,,,,,,,,,,,,,,,,,,,,,11055.0,Indora,Nurpur,,,,,,,,,,,,,,,,,,,,,,,,,,,,,,,,,,,,,,,,,,,,,,,,,,,,,,,,,,,,KANGRA,INDORA
24712.0,36.0,,Active,,,,,,,10-07-2023,,,,,,,,,,,,,,,,,,,,,,,,,,,,,,,,,,,,,,,,,,,,,,,,,,11056.0,Nerwa Division,Shimla-9,,,,,,,,,,,,,,,,,,,,,,,,,,,,,,,,,,,,,,,,,,,,,,,,,,,,,,,,,,,,,
24712.0,36.0,,Active,,,,,,,10-07-2023,,,,,,,,,,,,,,,,,,,,,,,,,,,,,,,,,,,,,,,,,,,,,,,,,,11057.0,Nerwa Division,Shimla-9,,,,,,,,,,,,,,,,,,,,,,,,,,,,,,,,,,,,,,,,,,,,,,,,,,,,,,,,,,,,,
24687.0,36.0,,Active,,,,,,,09-07-2023,,,,,,,,,,,,,,,,,,,,,,,,,,,,,,,,,,,,,,,,,,,,,,,,,,11058.0,Indora,Nurpur,,,,,,,,,,,,,,,,,,,,,,,,,,,,,,,,,,,,,,,,,,,,,,,,,,,,,,,,,,,,KANGRA,INDORA
24687.0,36.0,,Active,,,,,,,09-07-2023,,,,,,,,,,,,,,,,,,,,,,,,,,,,,,,,,,,,,,,,,,,,,,,,,,11060.0,Indora,Nurpur,,,,,,,,,,,,,,,,,,,,,,,,,,,,,,,,,,,,,,,,,,,,,,,,,,,,,,,,,,,,KANGRA,INDORA
24712.0,36.0,,Active,,,,,,,10-07-2023,,,,,,,,,,,,,,,,,,,,,,,,,,,,,,,,,,,,,,,,,,,,,,,,,,11061.0,Nerwa Division,Shimla-9,,,,,,,,,,,,,,,,,,,,,,,,,,,,,,,,,,,,,,,,,,,,,,,,,,,,,,,,,,,,,
24712.0,36.0,,Active,,,,,,,10-07-2023,,,,,,,,,,,,,,,,,,,,,,,,,,,,,,,,,,,,,,,,,,,,,,,,,,11067.0,Sunni  Division,Shimla-9,,,,,,,,,,,,,,,,,,,,,,,,,,,,,,,,,,,,,,,,,,,,,,,,,,,,,,,,,,,,,
24712.0,36.0,,Active,,,,,,,10-07-2023,,,,,,,,,,,,,,,,,,,,,,,,,,,,,,,,,,,,,,,,,,,,,,,,,,11069.0,Nerwa Division,Shimla-9,,,,,,,,,,,,,,,,,,,,,,,,,,,,,,,,,,,,,,,,,,,,,,,,,,,,,,,,,,,,,
24687.0,36.0,,Active,,,,,,,09-07-2023,,,,,,,,,,,,,,,,,,,,,,,,,,,,,,,,,,,,,,,,,,,,,,,,,,11070.0,Jawali,Nurpur,,,,,,,,,,,,,,,,,,,,,,,,,,,,,,,,,,,,,,,,,,,,,,,,,,,,,,,,,,,,MANDI,BALDWARA
24687.0,36.0,,Active,,,,,,,09-07-2023,,,,,,,,,,,,,,,,,,,,,,,,,,,,,,,,,,,,,,,,,,,,,,,,,,11072.0,Jawali,Nurpur,,,,,,,,,,,,,,,,,,,,,,,,,,,,,,,,,,,,,,,,,,,,,,,,,,,,,,,,,,,,MANDI,BALDWARA
24687.0,36.0,,Active,,,,,,,09-07-2023,,,,,,,,,,,,,,,,,,,,,,,,,,,,,,,,,,,,,,,,,,,,,,,,,,11073.0,Jawali,Nurpur,,,,,,,,,,,,,,,,,,,,,,,,,,,,,,,,,,,,,,,,,,,,,,,,,,,,,,,,,,,,MANDI,BALDWARA
24687.0,36.0,,Active,,,,,,,09-07-2023,,,,,,,,,,,,,,,,,,,,,,,,,,,,,,,,,,,,,,,,,,,,,,,,,,11075.0,Jawali,Nurpur,,,,,,,,,,,,,,,,,,,,,,,,,,,,,,,,,,,,,,,,,,,,,,,,,,,,,,,,,,,,MANDI,BALDWARA
24687.0,36.0,,Active,,,,,,,09-07-2023,,,,,,,,,,,,,,,,,,,,,,,,,,,,,,,,,,,,,,,,,,,,,,,,,,11079.0,Jawali,Nurpur,,,,,,,,,,,,,,,,,,,,,,,,,,,,,,,,,,,,,,,,,,,,,,,,,,,,,,,,,,,,MANDI,BALDWARA
24687.0,36.0,,Active,,,,,,,09-07-2023,,,,,,,,,,,,,,,,,,,,,,,,,,,,,,,,,,,,,,,,,,,,,,,,,,11080.0,Jawali,Nurpur,,,,,,,,,,,,,,,,,,,,,,,,,,,,,,,,,,,,,,,,,,,,,,,,,,,,,,,,,,,,MANDI,BALDWARA
24687.0,36.0,,Active,,,,,,,09-07-2023,,,,,,,,,,,,,,,,,,,,,,,,,,,,,,,,,,,,,,,,,,,,,,,,,,11081.0,Jawali,Nurpur,,,,,,,,,,,,,,,,,,,,,,,,,,,,,,,,,,,,,,,,,,,,,,,,,,,,,,,,,,,,MANDI,BALDWARA
24687.0,36.0,,Active,,,,,,,09-07-2023,,,,,,,,,,,,,,,,,,,,,,,,,,,,,,,,,,,,,,,,,,,,,,,,,,11082.0,Jawali,Nurpur,,,,,,,,,,,,,,,,,,,,,,,,,,,,,,,,,,,,,,,,,,,,,,,,,,,,,,,,,,,,MANDI,BALDWARA
24687.0,36.0,,Active,,,,,,,09-07-2023,,,,,,,,,,,,,,,,,,,,,,,,,,,,,,,,,,,,,,,,,,,,,,,,,,11083.0,Jawali,Nurpur,,,,,,,,,,,,,,,,,,,,,,,,,,,,,,,,,,,,,,,,,,,,,,,,,,,,,,,,,,,,MANDI,BALDWARA
24687.0,36.0,,Active,,,,,,,09-07-2023,,,,,,,,,,,,,,,,,,,,,,,,,,,,,,,,,,,,,,,,,,,,,,,,,,11084.0,Jawali,Nurpur,,,,,,,,,,,,,,,,,,,,,,,,,,,,,,,,,,,,,,,,,,,,,,,,,,,,,,,,,,,,MANDI,BALDWARA
24687.0,36.0,,Active,,,,,,,09-07-2023,,,,,,,,,,,,,,,,,,,,,,,,,,,,,,,,,,,,,,,,,,,,,,,,,,11085.0,Jawali,Nurpur,,,,,,,,,,,,,,,,,,,,,,,,,,,,,,,,,,,,,,,,,,,,,,,,,,,,,,,,,,,,MANDI,BALDWARA
24687.0,36.0,,Active,,,,,,,09-07-2023,,,,,,,,,,,,,,,,,,,,,,,,,,,,,,,,,,,,,,,,,,,,,,,,,,11086.0,Jawali,Nurpur,,,,,,,,,,,,,,,,,,,,,,,,,,,,,,,,,,,,,,,,,,,,,,,,,,,,,,,,,,,,MANDI,BALDWARA
24687.0,36.0,,Active,,,,,,,09-07-2023,,,,,,,,,,,,,,,,,,,,,,,,,,,,,,,,,,,,,,,,,,,,,,,,,,11087.0,S/terrace,Nurpur,,,,,,,,,,,,,,,,,,,,,,,,,,,,,,,,,,,,,,,,,,,,,,,,,,,,,,,,,,,,,
24687.0,36.0,,Active,,,,,,,09-07-2023,,,,,,,,,,,,,,,,,,,,,,,,,,,,,,,,,,,,,,,,,,,,,,,,,,11088.0,Jawali,Nurpur,,,,,,,,,,,,,,,,,,,,,,,,,,,,,,,,,,,,,,,,,,,,,,,,,,,,,,,,,,,,MANDI,BALDWARA
24687.0,36.0,,Active,,,,,,,09-07-2023,,,,,,,,,,,,,,,,,,,,,,,,,,,,,,,,,,,,,,,,,,,,,,,,,,11089.0,S/terrace,Nurpur,,,,,,,,,,,,,,,,,,,,,,,,,,,,,,,,,,,,,,,,,,,,,,,,,,,,,,,,,,,,,
24687.0,36.0,,Active,,,,,,,09-07-2023,,,,,,,,,,,,,,,,,,,,,,,,,,,,,,,,,,,,,,,,,,,,,,,,,,11090.0,S/terrace,Nurpur,,,,,,,,,,,,,,,,,,,,,,,,,,,,,,,,,,,,,,,,,,,,,,,,,,,,,,,,,,,,,
24687.0,36.0,,Active,,,,,,,09-07-2023,,,,,,,,,,,,,,,,,,,,,,,,,,,,,,,,,,,,,,,,,,,,,,,,,,11091.0,S/terrace,Nurpur,,,,,,,,,,,,,,,,,,,,,,,,,,,,,,,,,,,,,,,,,,,,,,,,,,,,,,,,,,,,,
24738.0,36.0,,Active,,,,,,,10-07-2023,,,,,,,,,,,,,,,,,,,,,,,,,,,,,,,,,,,,,,,,,,,,,,,,,,11159.0,S/terrace,Nurpur,,,,,,,,,,,,,,,,,,,,,,,,,,,,,,,,,,,,,,,,,,,,,,,,,,,,,,,,,,,,,
24738.0,36.0,,Active,,,,,,,10-07-2023,,,,,,,,,,,,,,,,,,,,,,,,,,,,,,,,,,,,,,,,,,,,,,,,,,11163.0,S/terrace,Nurpur,,,,,,,,,,,,,,,,,,,,,,,,,,,,,,,,,,,,,,,,,,,,,,,,,,,,,,,,,,,,,
24711.0,36.0,,Active,,,,,,,08-07-2023,,,,,,,,,,,,,,,,,,,,,,,,,,,,,,,,,,,,,,,,,,,,,,,,,,11173.0,Div. No-I Shimla-9,Shimla-9,,,,,,,,,,,,,,,,,,,,,,,,,,,,,,,,,,,,,,,,,,,,,,,,,,,,,,,,,,,,,
24624.0,36.0,,Active,,,,,,,09-07-2023,,,,,,,,,,,,,,,,,,,,,,,,,,,,,,,,,,,,,,,,,,,,,,,,,,11180.0,Baggi,Sundernagar,,,,,,,,,,,,,,,,,,,,,,,,,,,,,,,,,,,,,,,,,,,,,,,,,,,,,,,,,,,,CHAMBA,BHALAI
24711.0,36.0,,Active,,,,,,,08-07-2023,,,,,,,,,,,,,,,,,,,,,,,,,,,,,,,,,,,,,,,,,,,,,,,,,,11182.0,Div. No-I Shimla-9,Shimla-9,,,,,,,,,,,,,,,,,,,,,,,,,,,,,,,,,,,,,,,,,,,,,,,,,,,,,,,,,,,,,
24712.0,36.0,,Active,,,,,,,10-07-2023,,,,,,,,,,,,,,,,,,,,,,,,,,,,,,,,,,,,,,,,,,,,,,,,,,11184.0,Div. No-I Shimla-9,Shimla-9,,,,,,,,,,,,,,,,,,,,,,,,,,,,,,,,,,,,,,,,,,,,,,,,,,,,,,,,,,,,,
24624.0,36.0,,Active,,,,,,,09-07-2023,,,,,,,,,,,,,,,,,,,,,,,,,,,,,,,,,,,,,,,,,,,,,,,,,,11185.0,Mandi,Sundernagar,,,,,,,,,,,,,,,,,,,,,,,,,,,,,,,,,,,,,,,,,,,,,,,,,,,,,,,,,,,,MANDI,MANDI
24712.0,36.0,,Active,,,,,,,10-07-2023,,,,,,,,,,,,,,,,,,,,,,,,,,,,,,,,,,,,,,,,,,,,,,,,,,11187.0,Div. No-I Shimla-9,Shimla-9,,,,,,,,,,,,,,,,,,,,,,,,,,,,,,,,,,,,,,,,,,,,,,,,,,,,,,,,,,,,,
24624.0,36.0,,Active,,,,,,,09-07-2023,,,,,,,,,,,,,,,,,,,,,,,,,,,,,,,,,,,,,,,,,,,,,,,,,,11189.0,Sunder Nagar,Sundernagar,,,,,,,,,,,,,,,,,,,,,,,,,,,,,,,,,,,,,,,,,,,,,,,,,,,,,,,,,,,,KANGRA,JAISINGHPUR
24687.0,36.0,,Active,,,,,,,09-07-2023,,,,,,,,,,,,,,,,,,,,,,,,,,,,,,,,,,,,,,,,,,,,,,,,,,11190.0,Indora,Nurpur,,,,,,,,,,,,,,,,,,,,,,,,,,,,,,,,,,,,,,,,,,,,,,,,,,,,,,,,,,,,KANGRA,INDORA
24624.0,36.0,,Active,,,,,,,09-07-2023,,,,,,,,,,,,,,,,,,,,,,,,,,,,,,,,,,,,,,,,,,,,,,,,,,11200.0,Karsog ,Sundernagar,,,,,,,,,,,,,,,,,,,,,,,,,,,,,,,,,,,,,,,,,,,,,,,,,,,,,,,,,,,,MANDI,KARSOG
24624.0,36.0,,Active,,,,,,,09-07-2023,,,,,,,,,,,,,,,,,,,,,,,,,,,,,,,,,,,,,,,,,,,,,,,,,,11213.0,E.E.Thunag,Sundernagar,,,,,,,,,,,,,,,,,,,,,,,,,,,,,,,,,,,,,,,,,,,,,,,,,,,,,,,,,,,,,
24738.0,36.0,,Active,,,,,,,10-07-2023,,,,,,,,,,,,,,,,,,,,,,,,,,,,,,,,,,,,,,,,,,,,,,,,,,11222.0,Phina Singh Project,Nurpur,,,,,,,,,,,,,,,,,,,,,,,,,,,,,,,,,,,,,,,,,,,,,,,,,,,,,,,,,,,,,
24738.0,36.0,,Active,,,,,,,10-07-2023,,,,,,,,,,,,,,,,,,,,,,,,,,,,,,,,,,,,,,,,,,,,,,,,,,11225.0,Phina Singh Project,Nurpur,,,,,,,,,,,,,,,,,,,,,,,,,,,,,,,,,,,,,,,,,,,,,,,,,,,,,,,,,,,,,
24738.0,36.0,,Active,,,,,,,10-07-2023,,,,,,,,,,,,,,,,,,,,,,,,,,,,,,,,,,,,,,,,,,,,,,,,,,11227.0,Phina Singh Project,Nurpur,,,,,,,,,,,,,,,,,,,,,,,,,,,,,,,,,,,,,,,,,,,,,,,,,,,,,,,,,,,,,
24738.0,36.0,,Active,,,,,,,10-07-2023,,,,,,,,,,,,,,,,,,,,,,,,,,,,,,,,,,,,,,,,,,,,,,,,,,11237.0,Phina Singh Project,Nurpur,,,,,,,,,,,,,,,,,,,,,,,,,,,,,,,,,,,,,,,,,,,,,,,,,,,,,,,,,,,,,
24767.0,36.0,,Active,,,,,,,12-07-2023,,,,,,,,,,,,,,,,,,,,,,,,,,,,,,,,,,,,,,,,,,,,,,,,,,11247.0,Sunni  Division,Shimla-9,,,,,,,,,,,,,,,,,,,,,,,,,,,,,,,,,,,,,,,,,,,,,,,,,,,,,,,,,,,,,
24631.0,36.0,,Active,,,,,,,10-07-2023,,,,,,,,,,,,,,,,,,,,,,,,,,,,,,,,,,,,,,,,,,,,,,,,,,11250.0,Sunder Nagar,Sundernagar,,,,,,,,,,,,,,,,,,,,,,,,,,,,,,,,,,,,,,,,,,,,,,,,,,,,,,,,,,,,KANGRA,JAISINGHPUR
24631.0,36.0,,Active,,,,,,,10-07-2023,,,,,,,,,,,,,,,,,,,,,,,,,,,,,,,,,,,,,,,,,,,,,,,,,,11254.0,Mandi,Sundernagar,,,,,,,,,,,,,,,,,,,,,,,,,,,,,,,,,,,,,,,,,,,,,,,,,,,,,,,,,,,,MANDI,MANDI
24631.0,36.0,,Active,,,,,,,10-07-2023,,,,,,,,,,,,,,,,,,,,,,,,,,,,,,,,,,,,,,,,,,,,,,,,,,11255.0,Baggi,Sundernagar,,,,,,,,,,,,,,,,,,,,,,,,,,,,,,,,,,,,,,,,,,,,,,,,,,,,,,,,,,,,CHAMBA,BHALAI
24631.0,36.0,,Active,,,,,,,10-07-2023,,,,,,,,,,,,,,,,,,,,,,,,,,,,,,,,,,,,,,,,,,,,,,,,,,11257.0,Padhar,Sundernagar,,,,,,,,,,,,,,,,,,,,,,,,,,,,,,,,,,,,,,,,,,,,,,,,,,,,,,,,,,,,CHAMBA,CHAMBA
24687.0,36.0,,Active,,,,,,,09-07-2023,,,,,,,,,,,,,,,,,,,,,,,,,,,,,,,,,,,,,,,,,,,,,,,,,,11258.0,Fatehpur,Nurpur,,,,,,,,,,,,,,,,,,,,,,,,,,,,,,,,,,,,,,,,,,,,,,,,,,,,,,,,,,,,CHAMBA,CHAMBA
24631.0,36.0,,Active,,,,,,,10-07-2023,,,,,,,,,,,,,,,,,,,,,,,,,,,,,,,,,,,,,,,,,,,,,,,,,,11259.0,Karsog ,Sundernagar,,,,,,,,,,,,,,,,,,,,,,,,,,,,,,,,,,,,,,,,,,,,,,,,,,,,,,,,,,,,MANDI,KARSOG
24631.0,36.0,,Active,,,,,,,10-07-2023,,,,,,,,,,,,,,,,,,,,,,,,,,,,,,,,,,,,,,,,,,,,,,,,,,11262.0,E.E.Thunag,Sundernagar,,,,,,,,,,,,,,,,,,,,,,,,,,,,,,,,,,,,,,,,,,,,,,,,,,,,,,,,,,,,,
24687.0,36.0,,Active,,,,,,,09-07-2023,,,,,,,,,,,,,,,,,,,,,,,,,,,,,,,,,,,,,,,,,,,,,,,,,,11264.0,Nurpur,Nurpur,,,,,,,,,,,,,,,,,,,,,,,,,,,,,,,,,,,,,,,,,,,,,,,,,,,,,,,,,,,,KANGRA,NURPUR
24687.0,36.0,,Active,,,,,,,09-07-2023,,,,,,,,,,,,,,,,,,,,,,,,,,,,,,,,,,,,,,,,,,,,,,,,,,11265.0,Nurpur,Nurpur,,,,,,,,,,,,,,,,,,,,,,,,,,,,,,,,,,,,,,,,,,,,,,,,,,,,,,,,,,,,KANGRA,NURPUR
24687.0,36.0,,Active,,,,,,,09-07-2023,,,,,,,,,,,,,,,,,,,,,,,,,,,,,,,,,,,,,,,,,,,,,,,,,,11266.0,Nurpur,Nurpur,,,,,,,,,,,,,,,,,,,,,,,,,,,,,,,,,,,,,,,,,,,,,,,,,,,,,,,,,,,,KANGRA,NURPUR
24759.0,36.0,,Active,,,,,,,09-07-2023,,,,,,,,,,,,,,,,,,,,,,,,,,,,,,,,,,,,,,,,,,,,,,,,,,11272.0,Matiana Division,Shimla-9,,,,,,,,,,,,,,,,,,,,,,,,,,,,,,,,,,,,,,,,,,,,,,,,,,,,,,,,,,,,,
24712.0,36.0,,Active,,,,,,,10-07-2023,,,,,,,,,,,,,,,,,,,,,,,,,,,,,,,,,,,,,,,,,,,,,,,,,,11274.0,Matiana Division,Shimla-9,,,,,,,,,,,,,,,,,,,,,,,,,,,,,,,,,,,,,,,,,,,,,,,,,,,,,,,,,,,,,
24760.0,36.0,,Active,,,,,,,11-07-2023,,,,,,,,,,,,,,,,,,,,,,,,,,,,,,,,,,,,,,,,,,,,,,,,,,11275.0,Matiana Division,Shimla-9,,,,,,,,,,,,,,,,,,,,,,,,,,,,,,,,,,,,,,,,,,,,,,,,,,,,,,,,,,,,,
24767.0,36.0,,Active,,,,,,,12-07-2023,,,,,,,,,,,,,,,,,,,,,,,,,,,,,,,,,,,,,,,,,,,,,,,,,,11321.0,Nerwa Division,Shimla-9,,,,,,,,,,,,,,,,,,,,,,,,,,,,,,,,,,,,,,,,,,,,,,,,,,,,,,,,,,,,,
24767.0,36.0,,Active,,,,,,,12-07-2023,,,,,,,,,,,,,,,,,,,,,,,,,,,,,,,,,,,,,,,,,,,,,,,,,,11324.0,Nerwa Division,Shimla-9,,,,,,,,,,,,,,,,,,,,,,,,,,,,,,,,,,,,,,,,,,,,,,,,,,,,,,,,,,,,,
24859.0,1041.0,,Active,,,,,,,09-07-2023,,,,,,,,,,,,,,,,,,,,,,,,,,,,,,,,,,,,,,,,,,,,,,,,,,11379.0,FC Div. Gagret,SRFMP Una,,,,,,,,,,,,,,,,,,,,,,,,,,,,,,,,,,,,,,,,,,,,,,,,,,,,,,,,,,,,,
24859.0,1041.0,,Active,,,,,,,09-07-2023,,,,,,,,,,,,,,,,,,,,,,,,,,,,,,,,,,,,,,,,,,,,,,,,,,11380.0,FC Div. Gagret,SRFMP Una,,,,,,,,,,,,,,,,,,,,,,,,,,,,,,,,,,,,,,,,,,,,,,,,,,,,,,,,,,,,,
24859.0,1041.0,,Active,,,,,,,09-07-2023,,,,,,,,,,,,,,,,,,,,,,,,,,,,,,,,,,,,,,,,,,,,,,,,,,11381.0,FC Div. Gagret,SRFMP Una,,,,,,,,,,,,,,,,,,,,,,,,,,,,,,,,,,,,,,,,,,,,,,,,,,,,,,,,,,,,,
24895.0,36.0,,Active,,,,,,,13-07-2023,,,,,,,,,,,,,,,,,,,,,,,,,,,,,,,,,,,,,,,,,,,,,,,,,,11417.0,Sunni  Division,Shimla-9,,,,,,,,,,,,,,,,,,,,,,,,,,,,,,,,,,,,,,,,,,,,,,,,,,,,,,,,,,,,,
24759.0,36.0,,Active,,,,,,,09-07-2023,,,,,,,,,,,,,,,,,,,,,,,,,,,,,,,,,,,,,,,,,,,,,,,,,,11509.0,Div. No-I Shimla-9,Shimla-9,,,,,,,,,,,,,,,,,,,,,,,,,,,,,,,,,,,,,,,,,,,,,,,,,,,,,,,,,,,,,
24760.0,36.0,,Active,,,,,,,11-07-2023,,,,,,,,,,,,,,,,,,,,,,,,,,,,,,,,,,,,,,,,,,,,,,,,,,11510.0,Div. No-I Shimla-9,Shimla-9,,,,,,,,,,,,,,,,,,,,,,,,,,,,,,,,,,,,,,,,,,,,,,,,,,,,,,,,,,,,,
24759.0,36.0,,Active,,,,,,,09-07-2023,,,,,,,,,,,,,,,,,,,,,,,,,,,,,,,,,,,,,,,,,,,,,,,,,,11515.0,City (E),Shimla-9,,,,,,,,,,,,,,,,,,,,,,,,,,,,,,,,,,,,,,,,,,,,,,,,,,,,,,,,,,,,,
24759.0,36.0,,Active,,,,,,,09-07-2023,,,,,,,,,,,,,,,,,,,,,,,,,,,,,,,,,,,,,,,,,,,,,,,,,,11516.0,City (E),Shimla-9,,,,,,,,,,,,,,,,,,,,,,,,,,,,,,,,,,,,,,,,,,,,,,,,,,,,,,,,,,,,,
24712.0,36.0,,Active,,,,,,,10-07-2023,,,,,,,,,,,,,,,,,,,,,,,,,,,,,,,,,,,,,,,,,,,,,,,,,,11517.0,City (E),Shimla-9,,,,,,,,,,,,,,,,,,,,,,,,,,,,,,,,,,,,,,,,,,,,,,,,,,,,,,,,,,,,,
24760.0,36.0,,Active,,,,,,,11-07-2023,,,,,,,,,,,,,,,,,,,,,,,,,,,,,,,,,,,,,,,,,,,,,,,,,,11518.0,City (E),Shimla-9,,,,,,,,,,,,,,,,,,,,,,,,,,,,,,,,,,,,,,,,,,,,,,,,,,,,,,,,,,,,,
24895.0,36.0,,Active,,,,,,,13-07-2023,,,,,,,,,,,,,,,,,,,,,,,,,,,,,,,,,,,,,,,,,,,,,,,,,,11520.0,Sunni  Division,Shimla-9,,,,,,,,,,,,,,,,,,,,,,,,,,,,,,,,,,,,,,,,,,,,,,,,,,,,,,,,,,,,,
25075.0,36.0,,Active,,,,,,,16-07-2023,,,,,,,,,,,,,,,,,,,,,,,,,,,,,,,,,,,,,,,,,,,,,,,,,,11559.0,Nurpur,Nurpur,,,,,,,,,,,,,,,,,,,,,,,,,,,,,,,,,,,,,,,,,,,,,,,,,,,,,,,,,,,,KANGRA,NURPUR
25075.0,36.0,,Active,,,,,,,16-07-2023,,,,,,,,,,,,,,,,,,,,,,,,,,,,,,,,,,,,,,,,,,,,,,,,,,11560.0,Nurpur,Nurpur,,,,,,,,,,,,,,,,,,,,,,,,,,,,,,,,,,,,,,,,,,,,,,,,,,,,,,,,,,,,KANGRA,NURPUR
25075.0,36.0,,Active,,,,,,,16-07-2023,,,,,,,,,,,,,,,,,,,,,,,,,,,,,,,,,,,,,,,,,,,,,,,,,,11561.0,Nurpur,Nurpur,,,,,,,,,,,,,,,,,,,,,,,,,,,,,,,,,,,,,,,,,,,,,,,,,,,,,,,,,,,,KANGRA,NURPUR
25075.0,36.0,,Active,,,,,,,16-07-2023,,,,,,,,,,,,,,,,,,,,,,,,,,,,,,,,,,,,,,,,,,,,,,,,,,11562.0,Fatehpur,Nurpur,,,,,,,,,,,,,,,,,,,,,,,,,,,,,,,,,,,,,,,,,,,,,,,,,,,,,,,,,,,,CHAMBA,CHAMBA
25075.0,36.0,,Active,,,,,,,16-07-2023,,,,,,,,,,,,,,,,,,,,,,,,,,,,,,,,,,,,,,,,,,,,,,,,,,11563.0,Fatehpur,Nurpur,,,,,,,,,,,,,,,,,,,,,,,,,,,,,,,,,,,,,,,,,,,,,,,,,,,,,,,,,,,,CHAMBA,CHAMBA
25075.0,36.0,,Active,,,,,,,16-07-2023,,,,,,,,,,,,,,,,,,,,,,,,,,,,,,,,,,,,,,,,,,,,,,,,,,11564.0,Jawali,Nurpur,,,,,,,,,,,,,,,,,,,,,,,,,,,,,,,,,,,,,,,,,,,,,,,,,,,,,,,,,,,,MANDI,BALDWARA
25075.0,36.0,,Active,,,,,,,16-07-2023,,,,,,,,,,,,,,,,,,,,,,,,,,,,,,,,,,,,,,,,,,,,,,,,,,11565.0,Jawali,Nurpur,,,,,,,,,,,,,,,,,,,,,,,,,,,,,,,,,,,,,,,,,,,,,,,,,,,,,,,,,,,,MANDI,BALDWARA
25075.0,36.0,,Active,,,,,,,16-07-2023,,,,,,,,,,,,,,,,,,,,,,,,,,,,,,,,,,,,,,,,,,,,,,,,,,11566.0,S/terrace,Nurpur,,,,,,,,,,,,,,,,,,,,,,,,,,,,,,,,,,,,,,,,,,,,,,,,,,,,,,,,,,,,,
25077.0,1.0,,Active,,,,,,,18-07-2023,,,,,,,,,,,,,,,,,,,,,,,,,,,,,,,,,,,,,,,,,,,,,,,,,,11567.0,Rohru ,Rohroo,,,,,,,,,,,,,,,,,,,,,,,,,,,,,,,,,,,,,,,,,,,,,,,,,,,,,,,,,,,,SHIMLA,ROHRU
25077.0,1.0,,Active,,,,,,,18-07-2023,,,,,,,,,,,,,,,,,,,,,,,,,,,,,,,,,,,,,,,,,,,,,,,,,,11568.0,Jubbal,Rohroo,,,,,,,,,,,,,,,,,,,,,,,,,,,,,,,,,,,,,,,,,,,,,,,,,,,,,,,,,,,,SHIMLA,JUBBAL
25075.0,36.0,,Active,,,,,,,16-07-2023,,,,,,,,,,,,,,,,,,,,,,,,,,,,,,,,,,,,,,,,,,,,,,,,,,11572.0,Jawali,Nurpur,,,,,,,,,,,,,,,,,,,,,,,,,,,,,,,,,,,,,,,,,,,,,,,,,,,,,,,,,,,,MANDI,BALDWARA
25083.0,36.0,,Active,,,,,,,17-07-2023,,,,,,,,,,,,,,,,,,,,,,,,,,,,,,,,,,,,,,,,,,,,,,,,,,11574.0,Matiana Division,Shimla-9,,,,,,,,,,,,,,,,,,,,,,,,,,,,,,,,,,,,,,,,,,,,,,,,,,,,,,,,,,,,,
25098.0,36.0,,Active,,,,,,,18-07-2023,,,,,,,,,,,,,,,,,,,,,,,,,,,,,,,,,,,,,,,,,,,,,,,,,,11575.0,Indora,Nurpur,,,,,,,,,,,,,,,,,,,,,,,,,,,,,,,,,,,,,,,,,,,,,,,,,,,,,,,,,,,,KANGRA,INDORA
25098.0,36.0,,Active,,,,,,,18-07-2023,,,,,,,,,,,,,,,,,,,,,,,,,,,,,,,,,,,,,,,,,,,,,,,,,,11576.0,Indora,Nurpur,,,,,,,,,,,,,,,,,,,,,,,,,,,,,,,,,,,,,,,,,,,,,,,,,,,,,,,,,,,,KANGRA,INDORA
25098.0,36.0,,Active,,,,,,,18-07-2023,,,,,,,,,,,,,,,,,,,,,,,,,,,,,,,,,,,,,,,,,,,,,,,,,,11577.0,Indora,Nurpur,,,,,,,,,,,,,,,,,,,,,,,,,,,,,,,,,,,,,,,,,,,,,,,,,,,,,,,,,,,,KANGRA,INDORA
25075.0,36.0,,Active,,,,,,,16-07-2023,,,,,,,,,,,,,,,,,,,,,,,,,,,,,,,,,,,,,,,,,,,,,,,,,,11585.0,Nurpur,Nurpur,,,,,,,,,,,,,,,,,,,,,,,,,,,,,,,,,,,,,,,,,,,,,,,,,,,,,,,,,,,,KANGRA,NURPUR
25119.0,1.0,,Active,,,,,,,19-07-2023,,,,,,,,,,,,,,,,,,,,,,,,,,,,,,,,,,,,,,,,,,,,,,,,,,11591.0,Rohru ,Rohroo,,,,,,,,,,,,,,,,,,,,,,,,,,,,,,,,,,,,,,,,,,,,,,,,,,,,,,,,,,,,SHIMLA,ROHRU
25119.0,1.0,,Active,,,,,,,19-07-2023,,,,,,,,,,,,,,,,,,,,,,,,,,,,,,,,,,,,,,,,,,,,,,,,,,11592.0,Jubbal,Rohroo,,,,,,,,,,,,,,,,,,,,,,,,,,,,,,,,,,,,,,,,,,,,,,,,,,,,,,,,,,,,SHIMLA,JUBBAL
25209.0,1.0,,Active,,,,,,,20-07-2023,,,,,,,,,,,,,,,,,,,,,,,,,,,,,,,,,,,,,,,,,,,,,,,,,,11708.0,Jubbal,Rohroo,,,,,,,,,,,,,,,,,,,,,,,,,,,,,,,,,,,,,,,,,,,,,,,,,,,,,,,,,,,,SHIMLA,JUBBAL
25234.0,36.0,,Active,,,,,,,20-07-2023,,,,,,,,,,,,,,,,,,,,,,,,,,,,,,,,,,,,,,,,,,,,,,,,,,11743.0,Rampur ,Reckong Peo ,,,,,,,,,,,,,,,,,,,,,,,,,,,,,,,,,,,,,,,,,,,,,,,,,,,,,,,,,,,,UNA,AMB
25234.0,36.0,,Active,,,,,,,20-07-2023,,,,,,,,,,,,,,,,,,,,,,,,,,,,,,,,,,,,,,,,,,,,,,,,,,11781.0,Reckong Peo ,Reckong Peo ,,,,,,,,,,,,,,,,,,,,,,,,,,,,,,,,,,,,,,,,,,,,,,,,,,,,,,,,,,,,KINNAUR,KALPA
25369.0,36.0,,Active,,,,,,,22-07-2023,,,,,,,,,,,,,,,,,,,,,,,,,,,,,,,,,,,,,,,,,,,,,,,,,,11880.0,Nurpur,Nurpur,,,,,,,,,,,,,,,,,,,,,,,,,,,,,,,,,,,,,,,,,,,,,,,,,,,,,,,,,,,,KANGRA,NURPUR
25369.0,36.0,,Active,,,,,,,22-07-2023,,,,,,,,,,,,,,,,,,,,,,,,,,,,,,,,,,,,,,,,,,,,,,,,,,11881.0,Nurpur,Nurpur,,,,,,,,,,,,,,,,,,,,,,,,,,,,,,,,,,,,,,,,,,,,,,,,,,,,,,,,,,,,KANGRA,NURPUR
25369.0,36.0,,Active,,,,,,,22-07-2023,,,,,,,,,,,,,,,,,,,,,,,,,,,,,,,,,,,,,,,,,,,,,,,,,,11882.0,Nurpur,Nurpur,,,,,,,,,,,,,,,,,,,,,,,,,,,,,,,,,,,,,,,,,,,,,,,,,,,,,,,,,,,,KANGRA,NURPUR
25369.0,36.0,,Active,,,,,,,22-07-2023,,,,,,,,,,,,,,,,,,,,,,,,,,,,,,,,,,,,,,,,,,,,,,,,,,11884.0,Fatehpur,Nurpur,,,,,,,,,,,,,,,,,,,,,,,,,,,,,,,,,,,,,,,,,,,,,,,,,,,,,,,,,,,,CHAMBA,CHAMBA
25369.0,36.0,,Active,,,,,,,22-07-2023,,,,,,,,,,,,,,,,,,,,,,,,,,,,,,,,,,,,,,,,,,,,,,,,,,11885.0,S/terrace,Nurpur,,,,,,,,,,,,,,,,,,,,,,,,,,,,,,,,,,,,,,,,,,,,,,,,,,,,,,,,,,,,,
25369.0,36.0,,Active,,,,,,,22-07-2023,,,,,,,,,,,,,,,,,,,,,,,,,,,,,,,,,,,,,,,,,,,,,,,,,,11890.0,Indora,Nurpur,,,,,,,,,,,,,,,,,,,,,,,,,,,,,,,,,,,,,,,,,,,,,,,,,,,,,,,,,,,,KANGRA,INDORA
25369.0,36.0,,Active,,,,,,,22-07-2023,,,,,,,,,,,,,,,,,,,,,,,,,,,,,,,,,,,,,,,,,,,,,,,,,,11893.0,Indora,Nurpur,,,,,,,,,,,,,,,,,,,,,,,,,,,,,,,,,,,,,,,,,,,,,,,,,,,,,,,,,,,,KANGRA,INDORA
25408.0,1041.0,,Active,,,,,,,23-07-2023,,,,,,,,,,,,,,,,,,,,,,,,,,,,,,,,,,,,,,,,,,,,,,,,,,11894.0,FC Div. Gagret,SRFMP Una,,,,,,,,,,,,,,,,,,,,,,,,,,,,,,,,,,,,,,,,,,,,,,,,,,,,,,,,,,,,,
25369.0,36.0,,Active,,,,,,,22-07-2023,,,,,,,,,,,,,,,,,,,,,,,,,,,,,,,,,,,,,,,,,,,,,,,,,,11895.0,Indora,Nurpur,,,,,,,,,,,,,,,,,,,,,,,,,,,,,,,,,,,,,,,,,,,,,,,,,,,,,,,,,,,,KANGRA,INDORA
25369.0,36.0,,Active,,,,,,,22-07-2023,,,,,,,,,,,,,,,,,,,,,,,,,,,,,,,,,,,,,,,,,,,,,,,,,,11897.0,Indora,Nurpur,,,,,,,,,,,,,,,,,,,,,,,,,,,,,,,,,,,,,,,,,,,,,,,,,,,,,,,,,,,,KANGRA,INDORA
25369.0,36.0,,Active,,,,,,,22-07-2023,,,,,,,,,,,,,,,,,,,,,,,,,,,,,,,,,,,,,,,,,,,,,,,,,,11899.0,Indora,Nurpur,,,,,,,,,,,,,,,,,,,,,,,,,,,,,,,,,,,,,,,,,,,,,,,,,,,,,,,,,,,,KANGRA,INDORA
25408.0,1041.0,,Active,,,,,,,23-07-2023,,,,,,,,,,,,,,,,,,,,,,,,,,,,,,,,,,,,,,,,,,,,,,,,,,11901.0,FC Div. Gagret,SRFMP Una,,,,,,,,,,,,,,,,,,,,,,,,,,,,,,,,,,,,,,,,,,,,,,,,,,,,,,,,,,,,,
25369.0,36.0,,Active,,,,,,,22-07-2023,,,,,,,,,,,,,,,,,,,,,,,,,,,,,,,,,,,,,,,,,,,,,,,,,,11904.0,Indora,Nurpur,,,,,,,,,,,,,,,,,,,,,,,,,,,,,,,,,,,,,,,,,,,,,,,,,,,,,,,,,,,,KANGRA,INDORA
25369.0,36.0,,Active,,,,,,,22-07-2023,,,,,,,,,,,,,,,,,,,,,,,,,,,,,,,,,,,,,,,,,,,,,,,,,,11909.0,Fatehpur,Nurpur,,,,,,,,,,,,,,,,,,,,,,,,,,,,,,,,,,,,,,,,,,,,,,,,,,,,,,,,,,,,CHAMBA,CHAMBA
25369.0,36.0,,Active,,,,,,,22-07-2023,,,,,,,,,,,,,,,,,,,,,,,,,,,,,,,,,,,,,,,,,,,,,,,,,,11910.0,Jawali,Nurpur,,,,,,,,,,,,,,,,,,,,,,,,,,,,,,,,,,,,,,,,,,,,,,,,,,,,,,,,,,,,MANDI,BALDWARA
25369.0,36.0,,Active,,,,,,,22-07-2023,,,,,,,,,,,,,,,,,,,,,,,,,,,,,,,,,,,,,,,,,,,,,,,,,,11911.0,Jawali,Nurpur,,,,,,,,,,,,,,,,,,,,,,,,,,,,,,,,,,,,,,,,,,,,,,,,,,,,,,,,,,,,MANDI,BALDWARA
25369.0,36.0,,Active,,,,,,,22-07-2023,,,,,,,,,,,,,,,,,,,,,,,,,,,,,,,,,,,,,,,,,,,,,,,,,,11913.0,Indora,Nurpur,,,,,,,,,,,,,,,,,,,,,,,,,,,,,,,,,,,,,,,,,,,,,,,,,,,,,,,,,,,,KANGRA,INDORA
25369.0,36.0,,Active,,,,,,,22-07-2023,,,,,,,,,,,,,,,,,,,,,,,,,,,,,,,,,,,,,,,,,,,,,,,,,,11914.0,Indora,Nurpur,,,,,,,,,,,,,,,,,,,,,,,,,,,,,,,,,,,,,,,,,,,,,,,,,,,,,,,,,,,,KANGRA,INDORA
25208.0,36.0,,Active,,,,,,,20-07-2023,,,,,,,,,,,,,,,,,,,,,,,,,,,,,,,,,,,,,,,,,,,,,,,,,,11916.0,Matiana Division,Shimla-9,,,,,,,,,,,,,,,,,,,,,,,,,,,,,,,,,,,,,,,,,,,,,,,,,,,,,,,,,,,,,
25369.0,36.0,,Active,,,,,,,22-07-2023,,,,,,,,,,,,,,,,,,,,,,,,,,,,,,,,,,,,,,,,,,,,,,,,,,11917.0,Nurpur,Nurpur,,,,,,,,,,,,,,,,,,,,,,,,,,,,,,,,,,,,,,,,,,,,,,,,,,,,,,,,,,,,KANGRA,NURPUR
25075.0,36.0,,Active,,,,,,,16-07-2023,,,,,,,,,,,,,,,,,,,,,,,,,,,,,,,,,,,,,,,,,,,,,,,,,,11923.0,Nurpur,Nurpur,,,,,,,,,,,,,,,,,,,,,,,,,,,,,,,,,,,,,,,,,,,,,,,,,,,,,,,,,,,,KANGRA,NURPUR
25075.0,36.0,,Active,,,,,,,16-07-2023,,,,,,,,,,,,,,,,,,,,,,,,,,,,,,,,,,,,,,,,,,,,,,,,,,11924.0,Nurpur,Nurpur,,,,,,,,,,,,,,,,,,,,,,,,,,,,,,,,,,,,,,,,,,,,,,,,,,,,,,,,,,,,KANGRA,NURPUR
25310.0,1.0,,Active,,,,,,,21-07-2023,,,,,,,,,,,,,,,,,,,,,,,,,,,,,,,,,,,,,,,,,,,,,,,,,,11945.0,Rohru ,Rohroo,,,,,,,,,,,,,,,,,,,,,,,,,,,,,,,,,,,,,,,,,,,,,,,,,,,,,,,,,,,,SHIMLA,ROHRU
25310.0,1.0,,Active,,,,,,,21-07-2023,,,,,,,,,,,,,,,,,,,,,,,,,,,,,,,,,,,,,,,,,,,,,,,,,,11947.0,Jubbal,Rohroo,,,,,,,,,,,,,,,,,,,,,,,,,,,,,,,,,,,,,,,,,,,,,,,,,,,,,,,,,,,,SHIMLA,JUBBAL
25309.0,1.0,,Active,,,,,,,22-07-2023,,,,,,,,,,,,,,,,,,,,,,,,,,,,,,,,,,,,,,,,,,,,,,,,,,11950.0,Rohru ,Rohroo,,,,,,,,,,,,,,,,,,,,,,,,,,,,,,,,,,,,,,,,,,,,,,,,,,,,,,,,,,,,SHIMLA,ROHRU
25309.0,1.0,,Active,,,,,,,22-07-2023,,,,,,,,,,,,,,,,,,,,,,,,,,,,,,,,,,,,,,,,,,,,,,,,,,11952.0,Jubbal,Rohroo,,,,,,,,,,,,,,,,,,,,,,,,,,,,,,,,,,,,,,,,,,,,,,,,,,,,,,,,,,,,SHIMLA,JUBBAL
8685.0,1.0,,Active,,,,,,,14-06-2021,,,,,,,,,,,,,,,,,,,,,,,,,,,,,,,,,,,,,,,,,,,,,,,,,,12024.0,Rohru ,Rohroo,,,,,,,,,,,,,,,,,,,,,,,,,,,,,,,,,,,,,,,,,,,,,,,,,,,,,,,,,,,,SHIMLA,ROHRU
8685.0,1.0,,Active,,,,,,,14-06-2021,,,,,,,,,,,,,,,,,,,,,,,,,,,,,,,,,,,,,,,,,,,,,,,,,,12025.0,Jubbal,Rohroo,,,,,,,,,,,,,,,,,,,,,,,,,,,,,,,,,,,,,,,,,,,,,,,,,,,,,,,,,,,,SHIMLA,JUBBAL
25691.0,36.0,,Active,,,,,,,29-07-2023,,,,,,,,,,,,,,,,,,,,,,,,,,,,,,,,,,,,,,,,,,,,,,,,,,12032.0,Matiana Division,Shimla-9,,,,,,,,,,,,,,,,,,,,,,,,,,,,,,,,,,,,,,,,,,,,,,,,,,,,,,,,,,,,,
24764.0,1.0,,Active,,,,,,,12-07-2023,,,,,,,,,,,,,,,,,,,,,,,,,,,,,,,,,,,,,,,,,,,,,,,,,,12033.0,Rohru ,Rohroo,,,,,,,,,,,,,,,,,,,,,,,,,,,,,,,,,,,,,,,,,,,,,,,,,,,,,,,,,,,,SHIMLA,ROHRU
24724.0,1.0,,Active,,,,,,,12-07-2023,,,,,,,,,,,,,,,,,,,,,,,,,,,,,,,,,,,,,,,,,,,,,,,,,,12034.0,Jubbal,Rohroo,,,,,,,,,,,,,,,,,,,,,,,,,,,,,,,,,,,,,,,,,,,,,,,,,,,,,,,,,,,,SHIMLA,JUBBAL
24863.0,1.0,,Active,,,,,,,14-07-2023,,,,,,,,,,,,,,,,,,,,,,,,,,,,,,,,,,,,,,,,,,,,,,,,,,12035.0,Rohru ,Rohroo,,,,,,,,,,,,,,,,,,,,,,,,,,,,,,,,,,,,,,,,,,,,,,,,,,,,,,,,,,,,SHIMLA,ROHRU
24863.0,1.0,,Active,,,,,,,14-07-2023,,,,,,,,,,,,,,,,,,,,,,,,,,,,,,,,,,,,,,,,,,,,,,,,,,12036.0,Jubbal,Rohroo,,,,,,,,,,,,,,,,,,,,,,,,,,,,,,,,,,,,,,,,,,,,,,,,,,,,,,,,,,,,SHIMLA,JUBBAL
25736.0,1.0,,Active,,,,,,,15-07-2023,,,,,,,,,,,,,,,,,,,,,,,,,,,,,,,,,,,,,,,,,,,,,,,,,,12037.0,Rohru ,Rohroo,,,,,,,,,,,,,,,,,,,,,,,,,,,,,,,,,,,,,,,,,,,,,,,,,,,,,,,,,,,,SHIMLA,ROHRU
25736.0,1.0,,Active,,,,,,,15-07-2023,,,,,,,,,,,,,,,,,,,,,,,,,,,,,,,,,,,,,,,,,,,,,,,,,,12038.0,Jubbal,Rohroo,,,,,,,,,,,,,,,,,,,,,,,,,,,,,,,,,,,,,,,,,,,,,,,,,,,,,,,,,,,,SHIMLA,JUBBAL
25747.0,1.0,,Active,,,,,,,17-07-2023,,,,,,,,,,,,,,,,,,,,,,,,,,,,,,,,,,,,,,,,,,,,,,,,,,12039.0,Rohru ,Rohroo,,,,,,,,,,,,,,,,,,,,,,,,,,,,,,,,,,,,,,,,,,,,,,,,,,,,,,,,,,,,SHIMLA,ROHRU
25747.0,1.0,,Active,,,,,,,17-07-2023,,,,,,,,,,,,,,,,,,,,,,,,,,,,,,,,,,,,,,,,,,,,,,,,,,12040.0,Jubbal,Rohroo,,,,,,,,,,,,,,,,,,,,,,,,,,,,,,,,,,,,,,,,,,,,,,,,,,,,,,,,,,,,SHIMLA,JUBBAL
25119.0,1.0,,Active,,,,,,,19-07-2023,,,,,,,,,,,,,,,,,,,,,,,,,,,,,,,,,,,,,,,,,,,,,,,,,,12041.0,Rohru ,Rohroo,,,,,,,,,,,,,,,,,,,,,,,,,,,,,,,,,,,,,,,,,,,,,,,,,,,,,,,,,,,,SHIMLA,ROHRU
25119.0,1.0,,Active,,,,,,,19-07-2023,,,,,,,,,,,,,,,,,,,,,,,,,,,,,,,,,,,,,,,,,,,,,,,,,,12042.0,Jubbal,Rohroo,,,,,,,,,,,,,,,,,,,,,,,,,,,,,,,,,,,,,,,,,,,,,,,,,,,,,,,,,,,,SHIMLA,JUBBAL
25310.0,1.0,,Active,,,,,,,21-07-2023,,,,,,,,,,,,,,,,,,,,,,,,,,,,,,,,,,,,,,,,,,,,,,,,,,12043.0,Rohru ,Rohroo,,,,,,,,,,,,,,,,,,,,,,,,,,,,,,,,,,,,,,,,,,,,,,,,,,,,,,,,,,,,SHIMLA,ROHRU
25310.0,1.0,,Active,,,,,,,21-07-2023,,,,,,,,,,,,,,,,,,,,,,,,,,,,,,,,,,,,,,,,,,,,,,,,,,12044.0,Jubbal,Rohroo,,,,,,,,,,,,,,,,,,,,,,,,,,,,,,,,,,,,,,,,,,,,,,,,,,,,,,,,,,,,SHIMLA,JUBBAL
25468.0,1.0,,Active,,,,,,,23-07-2023,,,,,,,,,,,,,,,,,,,,,,,,,,,,,,,,,,,,,,,,,,,,,,,,,,12045.0,Jubbal,Rohroo,,,,,,,,,,,,,,,,,,,,,,,,,,,,,,,,,,,,,,,,,,,,,,,,,,,,,,,,,,,,SHIMLA,JUBBAL
25679.0,1.0,,Active,,,,,,,31-07-2023,,,,,,,,,,,,,,,,,,,,,,,,,,,,,,,,,,,,,,,,,,,,,,,,,,12046.0,Rohru ,Rohroo,,,,,,,,,,,,,,,,,,,,,,,,,,,,,,,,,,,,,,,,,,,,,,,,,,,,,,,,,,,,SHIMLA,ROHRU
26091.0,36.0,,Active,,,,,,,14-08-2023,,,,,,,,,,,,,,,,,,,,,,,,,,,,,,,,,,,,,,,,,,,,,,,,,,12314.0,Nurpur,Nurpur,,,,,,,,,,,,,,,,,,,,,,,,,,,,,,,,,,,,,,,,,,,,,,,,,,,,,,,,,,,,KANGRA,NURPUR
26091.0,36.0,,Active,,,,,,,14-08-2023,,,,,,,,,,,,,,,,,,,,,,,,,,,,,,,,,,,,,,,,,,,,,,,,,,12316.0,Nurpur,Nurpur,,,,,,,,,,,,,,,,,,,,,,,,,,,,,,,,,,,,,,,,,,,,,,,,,,,,,,,,,,,,KANGRA,NURPUR
26091.0,36.0,,Active,,,,,,,14-08-2023,,,,,,,,,,,,,,,,,,,,,,,,,,,,,,,,,,,,,,,,,,,,,,,,,,12318.0,Indora,Nurpur,,,,,,,,,,,,,,,,,,,,,,,,,,,,,,,,,,,,,,,,,,,,,,,,,,,,,,,,,,,,KANGRA,INDORA
26091.0,36.0,,Active,,,,,,,14-08-2023,,,,,,,,,,,,,,,,,,,,,,,,,,,,,,,,,,,,,,,,,,,,,,,,,,12319.0,Indora,Nurpur,,,,,,,,,,,,,,,,,,,,,,,,,,,,,,,,,,,,,,,,,,,,,,,,,,,,,,,,,,,,KANGRA,INDORA
26091.0,36.0,,Active,,,,,,,14-08-2023,,,,,,,,,,,,,,,,,,,,,,,,,,,,,,,,,,,,,,,,,,,,,,,,,,12321.0,Fatehpur,Nurpur,,,,,,,,,,,,,,,,,,,,,,,,,,,,,,,,,,,,,,,,,,,,,,,,,,,,,,,,,,,,CHAMBA,CHAMBA
26091.0,36.0,,Active,,,,,,,14-08-2023,,,,,,,,,,,,,,,,,,,,,,,,,,,,,,,,,,,,,,,,,,,,,,,,,,12323.0,Nurpur,Nurpur,,,,,,,,,,,,,,,,,,,,,,,,,,,,,,,,,,,,,,,,,,,,,,,,,,,,,,,,,,,,KANGRA,NURPUR
26091.0,36.0,,Active,,,,,,,14-08-2023,,,,,,,,,,,,,,,,,,,,,,,,,,,,,,,,,,,,,,,,,,,,,,,,,,12324.0,Indora,Nurpur,,,,,,,,,,,,,,,,,,,,,,,,,,,,,,,,,,,,,,,,,,,,,,,,,,,,,,,,,,,,KANGRA,INDORA
26091.0,36.0,,Active,,,,,,,14-08-2023,,,,,,,,,,,,,,,,,,,,,,,,,,,,,,,,,,,,,,,,,,,,,,,,,,12325.0,Fatehpur,Nurpur,,,,,,,,,,,,,,,,,,,,,,,,,,,,,,,,,,,,,,,,,,,,,,,,,,,,,,,,,,,,CHAMBA,CHAMBA
26091.0,36.0,,Active,,,,,,,14-08-2023,,,,,,,,,,,,,,,,,,,,,,,,,,,,,,,,,,,,,,,,,,,,,,,,,,12326.0,Fatehpur,Nurpur,,,,,,,,,,,,,,,,,,,,,,,,,,,,,,,,,,,,,,,,,,,,,,,,,,,,,,,,,,,,CHAMBA,CHAMBA
26091.0,36.0,,Active,,,,,,,14-08-2023,,,,,,,,,,,,,,,,,,,,,,,,,,,,,,,,,,,,,,,,,,,,,,,,,,12329.0,S/terrace,Nurpur,,,,,,,,,,,,,,,,,,,,,,,,,,,,,,,,,,,,,,,,,,,,,,,,,,,,,,,,,,,,,
26096.0,1041.0,,Active,,,,,,,16-08-2023,,,,,,,,,,,,,,,,,,,,,,,,,,,,,,,,,,,,,,,,,,,,,,,,,,12330.0,EE Jaswan Pragpur,Dharmshala,,,,,,,,,,,,,,,,,,,,,,,,,,,,,,,,,,,,,,,,,,,,,,,,,,,,,,,,,,,,,
26091.0,36.0,,Active,,,,,,,14-08-2023,,,,,,,,,,,,,,,,,,,,,,,,,,,,,,,,,,,,,,,,,,,,,,,,,,12331.0,Phina Singh Project,Nurpur,,,,,,,,,,,,,,,,,,,,,,,,,,,,,,,,,,,,,,,,,,,,,,,,,,,,,,,,,,,,,
26096.0,1041.0,,Active,,,,,,,16-08-2023,,,,,,,,,,,,,,,,,,,,,,,,,,,,,,,,,,,,,,,,,,,,,,,,,,12334.0,EE Jaswan Pragpur,Dharmshala,,,,,,,,,,,,,,,,,,,,,,,,,,,,,,,,,,,,,,,,,,,,,,,,,,,,,,,,,,,,,
26091.0,36.0,,Active,,,,,,,14-08-2023,,,,,,,,,,,,,,,,,,,,,,,,,,,,,,,,,,,,,,,,,,,,,,,,,,12343.0,Jawali,Nurpur,,,,,,,,,,,,,,,,,,,,,,,,,,,,,,,,,,,,,,,,,,,,,,,,,,,,,,,,,,,,MANDI,BALDWARA
26096.0,1041.0,,Active,,,,,,,16-08-2023,,,,,,,,,,,,,,,,,,,,,,,,,,,,,,,,,,,,,,,,,,,,,,,,,,12344.0,EE Jaswan Pragpur,Dharmshala,,,,,,,,,,,,,,,,,,,,,,,,,,,,,,,,,,,,,,,,,,,,,,,,,,,,,,,,,,,,,
26091.0,36.0,,Active,,,,,,,14-08-2023,,,,,,,,,,,,,,,,,,,,,,,,,,,,,,,,,,,,,,,,,,,,,,,,,,12347.0,Jawali,Nurpur,,,,,,,,,,,,,,,,,,,,,,,,,,,,,,,,,,,,,,,,,,,,,,,,,,,,,,,,,,,,MANDI,BALDWARA
26091.0,36.0,,Active,,,,,,,14-08-2023,,,,,,,,,,,,,,,,,,,,,,,,,,,,,,,,,,,,,,,,,,,,,,,,,,12348.0,Jawali,Nurpur,,,,,,,,,,,,,,,,,,,,,,,,,,,,,,,,,,,,,,,,,,,,,,,,,,,,,,,,,,,,MANDI,BALDWARA
26091.0,36.0,,Active,,,,,,,14-08-2023,,,,,,,,,,,,,,,,,,,,,,,,,,,,,,,,,,,,,,,,,,,,,,,,,,12351.0,Jawali,Nurpur,,,,,,,,,,,,,,,,,,,,,,,,,,,,,,,,,,,,,,,,,,,,,,,,,,,,,,,,,,,,MANDI,BALDWARA
26091.0,36.0,,Active,,,,,,,14-08-2023,,,,,,,,,,,,,,,,,,,,,,,,,,,,,,,,,,,,,,,,,,,,,,,,,,12353.0,Jawali,Nurpur,,,,,,,,,,,,,,,,,,,,,,,,,,,,,,,,,,,,,,,,,,,,,,,,,,,,,,,,,,,,MANDI,BALDWARA
26091.0,36.0,,Active,,,,,,,14-08-2023,,,,,,,,,,,,,,,,,,,,,,,,,,,,,,,,,,,,,,,,,,,,,,,,,,12355.0,Jawali,Nurpur,,,,,,,,,,,,,,,,,,,,,,,,,,,,,,,,,,,,,,,,,,,,,,,,,,,,,,,,,,,,MANDI,BALDWARA
26091.0,36.0,,Active,,,,,,,14-08-2023,,,,,,,,,,,,,,,,,,,,,,,,,,,,,,,,,,,,,,,,,,,,,,,,,,12356.0,Jawali,Nurpur,,,,,,,,,,,,,,,,,,,,,,,,,,,,,,,,,,,,,,,,,,,,,,,,,,,,,,,,,,,,MANDI,BALDWARA
26091.0,36.0,,Active,,,,,,,14-08-2023,,,,,,,,,,,,,,,,,,,,,,,,,,,,,,,,,,,,,,,,,,,,,,,,,,12363.0,Jawali,Nurpur,,,,,,,,,,,,,,,,,,,,,,,,,,,,,,,,,,,,,,,,,,,,,,,,,,,,,,,,,,,,MANDI,BALDWARA
26091.0,36.0,,Active,,,,,,,14-08-2023,,,,,,,,,,,,,,,,,,,,,,,,,,,,,,,,,,,,,,,,,,,,,,,,,,12364.0,Jawali,Nurpur,,,,,,,,,,,,,,,,,,,,,,,,,,,,,,,,,,,,,,,,,,,,,,,,,,,,,,,,,,,,MANDI,BALDWARA
26130.0,43.0,,Active,,,,,,,16-08-2023,,,,,,,,,,,,,,,,,,,,,,,,,,,,,,,,,,,,,,,,,,,,,,,,,,12365.0,Nurpur,Nurpur,,,,,,,,,,,,,,,,,,,,,,,,,,,,,,,,,,,,,,,,,,,,,,,,,,,,,,,,,,,,KANGRA,NURPUR
26096.0,1041.0,,Active,,,,,,,16-08-2023,,,,,,,,,,,,,,,,,,,,,,,,,,,,,,,,,,,,,,,,,,,,,,,,,,12366.0,EE Jaswan Pragpur,Dharmshala,,,,,,,,,,,,,,,,,,,,,,,,,,,,,,,,,,,,,,,,,,,,,,,,,,,,,,,,,,,,,
26130.0,43.0,,Active,,,,,,,16-08-2023,,,,,,,,,,,,,,,,,,,,,,,,,,,,,,,,,,,,,,,,,,,,,,,,,,12367.0,Nurpur,Nurpur,,,,,,,,,,,,,,,,,,,,,,,,,,,,,,,,,,,,,,,,,,,,,,,,,,,,,,,,,,,,KANGRA,NURPUR
26130.0,43.0,,Active,,,,,,,16-08-2023,,,,,,,,,,,,,,,,,,,,,,,,,,,,,,,,,,,,,,,,,,,,,,,,,,12368.0,Nurpur,Nurpur,,,,,,,,,,,,,,,,,,,,,,,,,,,,,,,,,,,,,,,,,,,,,,,,,,,,,,,,,,,,KANGRA,NURPUR
26130.0,43.0,,Active,,,,,,,16-08-2023,,,,,,,,,,,,,,,,,,,,,,,,,,,,,,,,,,,,,,,,,,,,,,,,,,12369.0,Nurpur,Nurpur,,,,,,,,,,,,,,,,,,,,,,,,,,,,,,,,,,,,,,,,,,,,,,,,,,,,,,,,,,,,KANGRA,NURPUR
26096.0,1041.0,,Active,,,,,,,16-08-2023,,,,,,,,,,,,,,,,,,,,,,,,,,,,,,,,,,,,,,,,,,,,,,,,,,12370.0,EE Jaswan Pragpur,Dharmshala,,,,,,,,,,,,,,,,,,,,,,,,,,,,,,,,,,,,,,,,,,,,,,,,,,,,,,,,,,,,,
26096.0,1041.0,,Active,,,,,,,16-08-2023,,,,,,,,,,,,,,,,,,,,,,,,,,,,,,,,,,,,,,,,,,,,,,,,,,12371.0,EE Jaswan Pragpur,Dharmshala,,,,,,,,,,,,,,,,,,,,,,,,,,,,,,,,,,,,,,,,,,,,,,,,,,,,,,,,,,,,,
26130.0,43.0,,Active,,,,,,,16-08-2023,,,,,,,,,,,,,,,,,,,,,,,,,,,,,,,,,,,,,,,,,,,,,,,,,,12372.0,Nurpur,Nurpur,,,,,,,,,,,,,,,,,,,,,,,,,,,,,,,,,,,,,,,,,,,,,,,,,,,,,,,,,,,,KANGRA,NURPUR
26130.0,43.0,,Active,,,,,,,16-08-2023,,,,,,,,,,,,,,,,,,,,,,,,,,,,,,,,,,,,,,,,,,,,,,,,,,12373.0,Nurpur,Nurpur,,,,,,,,,,,,,,,,,,,,,,,,,,,,,,,,,,,,,,,,,,,,,,,,,,,,,,,,,,,,KANGRA,NURPUR
26096.0,1041.0,,Active,,,,,,,16-08-2023,,,,,,,,,,,,,,,,,,,,,,,,,,,,,,,,,,,,,,,,,,,,,,,,,,12374.0,EE Jaswan Pragpur,Dharmshala,,,,,,,,,,,,,,,,,,,,,,,,,,,,,,,,,,,,,,,,,,,,,,,,,,,,,,,,,,,,,
26130.0,36.0,,Active,,,,,,,16-08-2023,,,,,,,,,,,,,,,,,,,,,,,,,,,,,,,,,,,,,,,,,,,,,,,,,,12386.0,Nurpur,Nurpur,,,,,,,,,,,,,,,,,,,,,,,,,,,,,,,,,,,,,,,,,,,,,,,,,,,,,,,,,,,,KANGRA,NURPUR
26130.0,36.0,,Active,,,,,,,16-08-2023,,,,,,,,,,,,,,,,,,,,,,,,,,,,,,,,,,,,,,,,,,,,,,,,,,12387.0,Nurpur,Nurpur,,,,,,,,,,,,,,,,,,,,,,,,,,,,,,,,,,,,,,,,,,,,,,,,,,,,,,,,,,,,KANGRA,NURPUR
26130.0,36.0,,Active,,,,,,,16-08-2023,,,,,,,,,,,,,,,,,,,,,,,,,,,,,,,,,,,,,,,,,,,,,,,,,,12388.0,Nurpur,Nurpur,,,,,,,,,,,,,,,,,,,,,,,,,,,,,,,,,,,,,,,,,,,,,,,,,,,,,,,,,,,,KANGRA,NURPUR
26130.0,36.0,,Active,,,,,,,16-08-2023,,,,,,,,,,,,,,,,,,,,,,,,,,,,,,,,,,,,,,,,,,,,,,,,,,12389.0,Nurpur,Nurpur,,,,,,,,,,,,,,,,,,,,,,,,,,,,,,,,,,,,,,,,,,,,,,,,,,,,,,,,,,,,KANGRA,NURPUR
26130.0,36.0,,Active,,,,,,,16-08-2023,,,,,,,,,,,,,,,,,,,,,,,,,,,,,,,,,,,,,,,,,,,,,,,,,,12390.0,Nurpur,Nurpur,,,,,,,,,,,,,,,,,,,,,,,,,,,,,,,,,,,,,,,,,,,,,,,,,,,,,,,,,,,,KANGRA,NURPUR
26130.0,36.0,,Active,,,,,,,16-08-2023,,,,,,,,,,,,,,,,,,,,,,,,,,,,,,,,,,,,,,,,,,,,,,,,,,12392.0,Nurpur,Nurpur,,,,,,,,,,,,,,,,,,,,,,,,,,,,,,,,,,,,,,,,,,,,,,,,,,,,,,,,,,,,KANGRA,NURPUR
26130.0,36.0,,Active,,,,,,,16-08-2023,,,,,,,,,,,,,,,,,,,,,,,,,,,,,,,,,,,,,,,,,,,,,,,,,,12406.0,Indora,Nurpur,,,,,,,,,,,,,,,,,,,,,,,,,,,,,,,,,,,,,,,,,,,,,,,,,,,,,,,,,,,,KANGRA,INDORA
26130.0,36.0,,Active,,,,,,,16-08-2023,,,,,,,,,,,,,,,,,,,,,,,,,,,,,,,,,,,,,,,,,,,,,,,,,,12407.0,Indora,Nurpur,,,,,,,,,,,,,,,,,,,,,,,,,,,,,,,,,,,,,,,,,,,,,,,,,,,,,,,,,,,,KANGRA,INDORA
26130.0,36.0,,Active,,,,,,,16-08-2023,,,,,,,,,,,,,,,,,,,,,,,,,,,,,,,,,,,,,,,,,,,,,,,,,,12408.0,Indora,Nurpur,,,,,,,,,,,,,,,,,,,,,,,,,,,,,,,,,,,,,,,,,,,,,,,,,,,,,,,,,,,,KANGRA,INDORA
26183.0,36.0,,Active,,,,,,,17-08-2023,,,,,,,,,,,,,,,,,,,,,,,,,,,,,,,,,,,,,,,,,,,,,,,,,,12466.0,Phina Singh Project,Nurpur,,,,,,,,,,,,,,,,,,,,,,,,,,,,,,,,,,,,,,,,,,,,,,,,,,,,,,,,,,,,,
26183.0,36.0,,Active,,,,,,,17-08-2023,,,,,,,,,,,,,,,,,,,,,,,,,,,,,,,,,,,,,,,,,,,,,,,,,,12467.0,Phina Singh Project,Nurpur,,,,,,,,,,,,,,,,,,,,,,,,,,,,,,,,,,,,,,,,,,,,,,,,,,,,,,,,,,,,,
26184.0,1041.0,,Active,,,,,,,11-08-2023,,,,,,,,,,,,,,,,,,,,,,,,,,,,,,,,,,,,,,,,,,,,,,,,,,12468.0,FC Div. Gagret,SRFMP Una,,,,,,,,,,,,,,,,,,,,,,,,,,,,,,,,,,,,,,,,,,,,,,,,,,,,,,,,,,,,,
26185.0,1041.0,,Active,,,,,,,12-08-2023,,,,,,,,,,,,,,,,,,,,,,,,,,,,,,,,,,,,,,,,,,,,,,,,,,12469.0,FC Div. Gagret,SRFMP Una,,,,,,,,,,,,,,,,,,,,,,,,,,,,,,,,,,,,,,,,,,,,,,,,,,,,,,,,,,,,,
26186.0,1041.0,,Active,,,,,,,13-08-2023,,,,,,,,,,,,,,,,,,,,,,,,,,,,,,,,,,,,,,,,,,,,,,,,,,12471.0,FC Div. Gagret,SRFMP Una,,,,,,,,,,,,,,,,,,,,,,,,,,,,,,,,,,,,,,,,,,,,,,,,,,,,,,,,,,,,,
26186.0,1041.0,,Active,,,,,,,13-08-2023,,,,,,,,,,,,,,,,,,,,,,,,,,,,,,,,,,,,,,,,,,,,,,,,,,12475.0,FC Div. Gagret,SRFMP Una,,,,,,,,,,,,,,,,,,,,,,,,,,,,,,,,,,,,,,,,,,,,,,,,,,,,,,,,,,,,,
26187.0,1.0,,Active,,,,,,,03-08-2023,,,,,,,,,,,,,,,,,,,,,,,,,,,,,,,,,,,,,,,,,,,,,,,,,,12476.0,Rohru ,Rohroo,,,,,,,,,,,,,,,,,,,,,,,,,,,,,,,,,,,,,,,,,,,,,,,,,,,,,,,,,,,,SHIMLA,ROHRU
26187.0,1.0,,Active,,,,,,,03-08-2023,,,,,,,,,,,,,,,,,,,,,,,,,,,,,,,,,,,,,,,,,,,,,,,,,,12477.0,Jubbal,Rohroo,,,,,,,,,,,,,,,,,,,,,,,,,,,,,,,,,,,,,,,,,,,,,,,,,,,,,,,,,,,,SHIMLA,JUBBAL
26188.0,1.0,,Active,,,,,,,10-08-2023,,,,,,,,,,,,,,,,,,,,,,,,,,,,,,,,,,,,,,,,,,,,,,,,,,12479.0,Rohru ,Rohroo,,,,,,,,,,,,,,,,,,,,,,,,,,,,,,,,,,,,,,,,,,,,,,,,,,,,,,,,,,,,SHIMLA,ROHRU
26188.0,1.0,,Active,,,,,,,10-08-2023,,,,,,,,,,,,,,,,,,,,,,,,,,,,,,,,,,,,,,,,,,,,,,,,,,12480.0,Jubbal,Rohroo,,,,,,,,,,,,,,,,,,,,,,,,,,,,,,,,,,,,,,,,,,,,,,,,,,,,,,,,,,,,SHIMLA,JUBBAL
26189.0,1.0,,Active,,,,,,,13-08-2023,,,,,,,,,,,,,,,,,,,,,,,,,,,,,,,,,,,,,,,,,,,,,,,,,,12481.0,Rohru ,Rohroo,,,,,,,,,,,,,,,,,,,,,,,,,,,,,,,,,,,,,,,,,,,,,,,,,,,,,,,,,,,,SHIMLA,ROHRU
26189.0,1.0,,Active,,,,,,,13-08-2023,,,,,,,,,,,,,,,,,,,,,,,,,,,,,,,,,,,,,,,,,,,,,,,,,,12482.0,Jubbal,Rohroo,,,,,,,,,,,,,,,,,,,,,,,,,,,,,,,,,,,,,,,,,,,,,,,,,,,,,,,,,,,,SHIMLA,JUBBAL
26200.0,36.0,,Active,,,,,,,16-08-2023,,,,,,,,,,,,,,,,,,,,,,,,,,,,,,,,,,,,,,,,,,,,,,,,,,12484.0,Sunni  Division,Shimla-9,,,,,,,,,,,,,,,,,,,,,,,,,,,,,,,,,,,,,,,,,,,,,,,,,,,,,,,,,,,,,
26190.0,1.0,,Active,,,,,,,15-08-2023,,,,,,,,,,,,,,,,,,,,,,,,,,,,,,,,,,,,,,,,,,,,,,,,,,12485.0,Jubbal,Rohroo,,,,,,,,,,,,,,,,,,,,,,,,,,,,,,,,,,,,,,,,,,,,,,,,,,,,,,,,,,,,SHIMLA,JUBBAL
26221.0,1041.0,,Active,,,,,,,17-08-2023,,,,,,,,,,,,,,,,,,,,,,,,,,,,,,,,,,,,,,,,,,,,,,,,,,12487.0,EE Jaswan Pragpur,Dharmshala,,,,,,,,,,,,,,,,,,,,,,,,,,,,,,,,,,,,,,,,,,,,,,,,,,,,,,,,,,,,,
26221.0,1041.0,,Active,,,,,,,17-08-2023,,,,,,,,,,,,,,,,,,,,,,,,,,,,,,,,,,,,,,,,,,,,,,,,,,12488.0,EE Jaswan Pragpur,Dharmshala,,,,,,,,,,,,,,,,,,,,,,,,,,,,,,,,,,,,,,,,,,,,,,,,,,,,,,,,,,,,,
26220.0,36.0,,Active,,,,,,,14-08-2023,,,,,,,,,,,,,,,,,,,,,,,,,,,,,,,,,,,,,,,,,,,,,,,,,,12489.0,Matiana Division,Shimla-9,,,,,,,,,,,,,,,,,,,,,,,,,,,,,,,,,,,,,,,,,,,,,,,,,,,,,,,,,,,,,
26130.0,36.0,,Active,,,,,,,16-08-2023,,,,,,,,,,,,,,,,,,,,,,,,,,,,,,,,,,,,,,,,,,,,,,,,,,12500.0,S/terrace,Nurpur,,,,,,,,,,,,,,,,,,,,,,,,,,,,,,,,,,,,,,,,,,,,,,,,,,,,,,,,,,,,,
26130.0,36.0,,Active,,,,,,,16-08-2023,,,,,,,,,,,,,,,,,,,,,,,,,,,,,,,,,,,,,,,,,,,,,,,,,,12501.0,S/terrace,Nurpur,,,,,,,,,,,,,,,,,,,,,,,,,,,,,,,,,,,,,,,,,,,,,,,,,,,,,,,,,,,,,
26130.0,36.0,,Active,,,,,,,16-08-2023,,,,,,,,,,,,,,,,,,,,,,,,,,,,,,,,,,,,,,,,,,,,,,,,,,12502.0,S/terrace,Nurpur,,,,,,,,,,,,,,,,,,,,,,,,,,,,,,,,,,,,,,,,,,,,,,,,,,,,,,,,,,,,,
26130.0,36.0,,Active,,,,,,,16-08-2023,,,,,,,,,,,,,,,,,,,,,,,,,,,,,,,,,,,,,,,,,,,,,,,,,,12503.0,S/terrace,Nurpur,,,,,,,,,,,,,,,,,,,,,,,,,,,,,,,,,,,,,,,,,,,,,,,,,,,,,,,,,,,,,
26349.0,36.0,,Active,,,,,,,22-08-2023,,,,,,,,,,,,,,,,,,,,,,,,,,,,,,,,,,,,,,,,,,,,,,,,,,12640.0,Nurpur,Nurpur,,,,,,,,,,,,,,,,,,,,,,,,,,,,,,,,,,,,,,,,,,,,,,,,,,,,,,,,,,,,KANGRA,NURPUR
26349.0,36.0,,Active,,,,,,,22-08-2023,,,,,,,,,,,,,,,,,,,,,,,,,,,,,,,,,,,,,,,,,,,,,,,,,,12651.0,Fatehpur,Nurpur,,,,,,,,,,,,,,,,,,,,,,,,,,,,,,,,,,,,,,,,,,,,,,,,,,,,,,,,,,,,CHAMBA,CHAMBA
26349.0,36.0,,Active,,,,,,,22-08-2023,,,,,,,,,,,,,,,,,,,,,,,,,,,,,,,,,,,,,,,,,,,,,,,,,,12652.0,Fatehpur,Nurpur,,,,,,,,,,,,,,,,,,,,,,,,,,,,,,,,,,,,,,,,,,,,,,,,,,,,,,,,,,,,CHAMBA,CHAMBA
26349.0,36.0,,Active,,,,,,,22-08-2023,,,,,,,,,,,,,,,,,,,,,,,,,,,,,,,,,,,,,,,,,,,,,,,,,,12653.0,Nurpur,Nurpur,,,,,,,,,,,,,,,,,,,,,,,,,,,,,,,,,,,,,,,,,,,,,,,,,,,,,,,,,,,,KANGRA,NURPUR
26349.0,36.0,,Active,,,,,,,22-08-2023,,,,,,,,,,,,,,,,,,,,,,,,,,,,,,,,,,,,,,,,,,,,,,,,,,12655.0,Fatehpur,Nurpur,,,,,,,,,,,,,,,,,,,,,,,,,,,,,,,,,,,,,,,,,,,,,,,,,,,,,,,,,,,,CHAMBA,CHAMBA
26349.0,36.0,,Active,,,,,,,22-08-2023,,,,,,,,,,,,,,,,,,,,,,,,,,,,,,,,,,,,,,,,,,,,,,,,,,12659.0,Nurpur,Nurpur,,,,,,,,,,,,,,,,,,,,,,,,,,,,,,,,,,,,,,,,,,,,,,,,,,,,,,,,,,,,KANGRA,NURPUR
26349.0,36.0,,Active,,,,,,,22-08-2023,,,,,,,,,,,,,,,,,,,,,,,,,,,,,,,,,,,,,,,,,,,,,,,,,,12664.0,Indora,Nurpur,,,,,,,,,,,,,,,,,,,,,,,,,,,,,,,,,,,,,,,,,,,,,,,,,,,,,,,,,,,,KANGRA,INDORA
26349.0,36.0,,Active,,,,,,,22-08-2023,,,,,,,,,,,,,,,,,,,,,,,,,,,,,,,,,,,,,,,,,,,,,,,,,,12665.0,Indora,Nurpur,,,,,,,,,,,,,,,,,,,,,,,,,,,,,,,,,,,,,,,,,,,,,,,,,,,,,,,,,,,,KANGRA,INDORA
26096.0,1041.0,,Active,,,,,,,16-08-2023,,,,,,,,,,,,,,,,,,,,,,,,,,,,,,,,,,,,,,,,,,,,,,,,,,12681.0,Shahpur,Dharmshala,,,,,,,,,,,,,,,,,,,,,,,,,,,,,,,,,,,,,,,,,,,,,,,,,,,,,,,,,,,,KANGRA,SHAHPUR
26096.0,1041.0,,Active,,,,,,,16-08-2023,,,,,,,,,,,,,,,,,,,,,,,,,,,,,,,,,,,,,,,,,,,,,,,,,,12683.0,Shahpur,Dharmshala,,,,,,,,,,,,,,,,,,,,,,,,,,,,,,,,,,,,,,,,,,,,,,,,,,,,,,,,,,,,KANGRA,SHAHPUR
26096.0,1041.0,,Active,,,,,,,16-08-2023,,,,,,,,,,,,,,,,,,,,,,,,,,,,,,,,,,,,,,,,,,,,,,,,,,12686.0,Shahpur,Dharmshala,,,,,,,,,,,,,,,,,,,,,,,,,,,,,,,,,,,,,,,,,,,,,,,,,,,,,,,,,,,,KANGRA,SHAHPUR
26444.0,36.0,,Active,,,,,,,23-08-2023,,,,,,,,,,,,,,,,,,,,,,,,,,,,,,,,,,,,,,,,,,,,,,,,,,12709.0,Nurpur,Nurpur,,,,,,,,,,,,,,,,,,,,,,,,,,,,,,,,,,,,,,,,,,,,,,,,,,,,,,,,,,,,KANGRA,NURPUR
26444.0,36.0,,Active,,,,,,,23-08-2023,,,,,,,,,,,,,,,,,,,,,,,,,,,,,,,,,,,,,,,,,,,,,,,,,,12713.0,Nurpur,Nurpur,,,,,,,,,,,,,,,,,,,,,,,,,,,,,,,,,,,,,,,,,,,,,,,,,,,,,,,,,,,,KANGRA,NURPUR
26444.0,36.0,,Active,,,,,,,23-08-2023,,,,,,,,,,,,,,,,,,,,,,,,,,,,,,,,,,,,,,,,,,,,,,,,,,12718.0,Nurpur,Nurpur,,,,,,,,,,,,,,,,,,,,,,,,,,,,,,,,,,,,,,,,,,,,,,,,,,,,,,,,,,,,KANGRA,NURPUR
26454.0,36.0,,Active,,,,,,,24-08-2023,,,,,,,,,,,,,,,,,,,,,,,,,,,,,,,,,,,,,,,,,,,,,,,,,,12720.0,Nurpur,Nurpur,,,,,,,,,,,,,,,,,,,,,,,,,,,,,,,,,,,,,,,,,,,,,,,,,,,,,,,,,,,,KANGRA,NURPUR
26444.0,36.0,,Active,,,,,,,23-08-2023,,,,,,,,,,,,,,,,,,,,,,,,,,,,,,,,,,,,,,,,,,,,,,,,,,12721.0,Jawali,Nurpur,,,,,,,,,,,,,,,,,,,,,,,,,,,,,,,,,,,,,,,,,,,,,,,,,,,,,,,,,,,,MANDI,BALDWARA
26454.0,36.0,,Active,,,,,,,24-08-2023,,,,,,,,,,,,,,,,,,,,,,,,,,,,,,,,,,,,,,,,,,,,,,,,,,12722.0,Nurpur,Nurpur,,,,,,,,,,,,,,,,,,,,,,,,,,,,,,,,,,,,,,,,,,,,,,,,,,,,,,,,,,,,KANGRA,NURPUR
26444.0,36.0,,Active,,,,,,,23-08-2023,,,,,,,,,,,,,,,,,,,,,,,,,,,,,,,,,,,,,,,,,,,,,,,,,,12723.0,Jawali,Nurpur,,,,,,,,,,,,,,,,,,,,,,,,,,,,,,,,,,,,,,,,,,,,,,,,,,,,,,,,,,,,MANDI,BALDWARA
26349.0,36.0,,Active,,,,,,,22-08-2023,,,,,,,,,,,,,,,,,,,,,,,,,,,,,,,,,,,,,,,,,,,,,,,,,,12730.0,Nurpur,Nurpur,,,,,,,,,,,,,,,,,,,,,,,,,,,,,,,,,,,,,,,,,,,,,,,,,,,,,,,,,,,,KANGRA,NURPUR
26520.0,43.0,,Active,,,,,,,27-08-2023,,,,,,,,,,,,,,,,,,,,,,,,,,,,,,,,,,,,,,,,,,,,,,,,,,12747.0,Indora,Nurpur,,,,,,,,,,,,,,,,,,,,,,,,,,,,,,,,,,,,,,,,,,,,,,,,,,,,,,,,,,,,KANGRA,INDORA
26520.0,36.0,,Active,,,,,,,27-08-2023,,,,,,,,,,,,,,,,,,,,,,,,,,,,,,,,,,,,,,,,,,,,,,,,,,12748.0,Indora,Nurpur,,,,,,,,,,,,,,,,,,,,,,,,,,,,,,,,,,,,,,,,,,,,,,,,,,,,,,,,,,,,KANGRA,INDORA
26220.0,36.0,,Active,,,,,,,14-08-2023,,,,,,,,,,,,,,,,,,,,,,,,,,,,,,,,,,,,,,,,,,,,,,,,,,12813.0,City (E),Shimla-9,,,,,,,,,,,,,,,,,,,,,,,,,,,,,,,,,,,,,,,,,,,,,,,,,,,,,,,,,,,,,
26200.0,36.0,,Active,,,,,,,16-08-2023,,,,,,,,,,,,,,,,,,,,,,,,,,,,,,,,,,,,,,,,,,,,,,,,,,12814.0,City (E),Shimla-9,,,,,,,,,,,,,,,,,,,,,,,,,,,,,,,,,,,,,,,,,,,,,,,,,,,,,,,,,,,,,
26616.0,36.0,,Active,,,,,,,15-07-2023,,,,,,,,,,,,,,,,,,,,,,,,,,,,,,,,,,,,,,,,,,,,,,,,,,12816.0,Chamba,Chamba,,,,,,,,,,,,,,,,,,,,,,,,,,,,,,,,,,,,,,,,,,,,,,,,,,,,,,,,,,,,CHAMBA,CHAMBA
26616.0,36.0,,Active,,,,,,,15-07-2023,,,,,,,,,,,,,,,,,,,,,,,,,,,,,,,,,,,,,,,,,,,,,,,,,,12817.0,Chamba,Chamba,,,,,,,,,,,,,,,,,,,,,,,,,,,,,,,,,,,,,,,,,,,,,,,,,,,,,,,,,,,,CHAMBA,CHAMBA
26616.0,36.0,,Active,,,,,,,15-07-2023,,,,,,,,,,,,,,,,,,,,,,,,,,,,,,,,,,,,,,,,,,,,,,,,,,12818.0,Dalhousie,Chamba,,,,,,,,,,,,,,,,,,,,,,,,,,,,,,,,,,,,,,,,,,,,,,,,,,,,,,,,,,,,CHAMBA,DALHOUSIE
26616.0,36.0,,Active,,,,,,,15-07-2023,,,,,,,,,,,,,,,,,,,,,,,,,,,,,,,,,,,,,,,,,,,,,,,,,,12819.0,Salooni,Chamba,,,,,,,,,,,,,,,,,,,,,,,,,,,,,,,,,,,,,,,,,,,,,,,,,,,,,,,,,,,,MANDI,SANDHOL
26616.0,36.0,,Active,,,,,,,15-07-2023,,,,,,,,,,,,,,,,,,,,,,,,,,,,,,,,,,,,,,,,,,,,,,,,,,12820.0,Tissa at Bhanjraru,Chamba,,,,,,,,,,,,,,,,,,,,,,,,,,,,,,,,,,,,,,,,,,,,,,,,,,,,,,,,,,,,,
26616.0,36.0,,Active,,,,,,,15-07-2023,,,,,,,,,,,,,,,,,,,,,,,,,,,,,,,,,,,,,,,,,,,,,,,,,,12821.0,Bharmour,Chamba,,,,,,,,,,,,,,,,,,,,,,,,,,,,,,,,,,,,,,,,,,,,,,,,,,,,,,,,,,,,CHAMBA,BHARMOUR
26616.0,36.0,,Active,,,,,,,15-07-2023,,,,,,,,,,,,,,,,,,,,,,,,,,,,,,,,,,,,,,,,,,,,,,,,,,12822.0,Pangi,Chamba,,,,,,,,,,,,,,,,,,,,,,,,,,,,,,,,,,,,,,,,,,,,,,,,,,,,,,,,,,,,SOLAN,RAMSHAHR
26617.0,36.0,,Active,,,,,,,18-08-2023,,,,,,,,,,,,,,,,,,,,,,,,,,,,,,,,,,,,,,,,,,,,,,,,,,12823.0,Chamba,Chamba,,,,,,,,,,,,,,,,,,,,,,,,,,,,,,,,,,,,,,,,,,,,,,,,,,,,,,,,,,,,CHAMBA,CHAMBA
26617.0,36.0,,Active,,,,,,,18-08-2023,,,,,,,,,,,,,,,,,,,,,,,,,,,,,,,,,,,,,,,,,,,,,,,,,,12824.0,Dalhousie,Chamba,,,,,,,,,,,,,,,,,,,,,,,,,,,,,,,,,,,,,,,,,,,,,,,,,,,,,,,,,,,,CHAMBA,DALHOUSIE
26617.0,36.0,,Active,,,,,,,18-08-2023,,,,,,,,,,,,,,,,,,,,,,,,,,,,,,,,,,,,,,,,,,,,,,,,,,12825.0,Salooni,Chamba,,,,,,,,,,,,,,,,,,,,,,,,,,,,,,,,,,,,,,,,,,,,,,,,,,,,,,,,,,,,MANDI,SANDHOL
26617.0,36.0,,Active,,,,,,,18-08-2023,,,,,,,,,,,,,,,,,,,,,,,,,,,,,,,,,,,,,,,,,,,,,,,,,,12826.0,Tissa at Bhanjraru,Chamba,,,,,,,,,,,,,,,,,,,,,,,,,,,,,,,,,,,,,,,,,,,,,,,,,,,,,,,,,,,,,
26617.0,36.0,,Active,,,,,,,18-08-2023,,,,,,,,,,,,,,,,,,,,,,,,,,,,,,,,,,,,,,,,,,,,,,,,,,12827.0,Bharmour,Chamba,,,,,,,,,,,,,,,,,,,,,,,,,,,,,,,,,,,,,,,,,,,,,,,,,,,,,,,,,,,,CHAMBA,BHARMOUR
26630.0,1.0,,Active,,,,,,,25-08-2023,,,,,,,,,,,,,,,,,,,,,,,,,,,,,,,,,,,,,,,,,,,,,,,,,,12859.0,Rohru ,Rohroo,,,,,,,,,,,,,,,,,,,,,,,,,,,,,,,,,,,,,,,,,,,,,,,,,,,,,,,,,,,,SHIMLA,ROHRU
26630.0,1.0,,Active,,,,,,,25-08-2023,,,,,,,,,,,,,,,,,,,,,,,,,,,,,,,,,,,,,,,,,,,,,,,,,,12860.0,Jubbal,Rohroo,,,,,,,,,,,,,,,,,,,,,,,,,,,,,,,,,,,,,,,,,,,,,,,,,,,,,,,,,,,,SHIMLA,JUBBAL
26631.0,1.0,,Active,,,,,,,26-08-2023,,,,,,,,,,,,,,,,,,,,,,,,,,,,,,,,,,,,,,,,,,,,,,,,,,12861.0,Rohru ,Rohroo,,,,,,,,,,,,,,,,,,,,,,,,,,,,,,,,,,,,,,,,,,,,,,,,,,,,,,,,,,,,SHIMLA,ROHRU
26631.0,1.0,,Active,,,,,,,26-08-2023,,,,,,,,,,,,,,,,,,,,,,,,,,,,,,,,,,,,,,,,,,,,,,,,,,12862.0,Jubbal,Rohroo,,,,,,,,,,,,,,,,,,,,,,,,,,,,,,,,,,,,,,,,,,,,,,,,,,,,,,,,,,,,SHIMLA,JUBBAL
26755.0,1041.0,,Active,,,,,,,15-09-2023,,,,,,,,,,,,,,,,,,,,,,,,,,,,,,,,,,,,,,,,,,,,,,,,,,12873.0,EE Jaswan Pragpur,Dharmshala,,,,,,,,,,,,,,,,,,,,,,,,,,,,,,,,,,,,,,,,,,,,,,,,,,,,,,,,,,,,,
26804.0,1041.0,,Active,,,,,,,19-09-2023,,,,,,,,,,,,,,,,,,,,,,,,,,,,,,,,,,,,,,,,,,,,,,,,,,12879.0,EE Jaswan Pragpur,Dharmshala,,,,,,,,,,,,,,,,,,,,,,,,,,,,,,,,,,,,,,,,,,,,,,,,,,,,,,,,,,,,,
26804.0,1041.0,,Active,,,,,,,19-09-2023,,,,,,,,,,,,,,,,,,,,,,,,,,,,,,,,,,,,,,,,,,,,,,,,,,12882.0,EE Jaswan Pragpur,Dharmshala,,,,,,,,,,,,,,,,,,,,,,,,,,,,,,,,,,,,,,,,,,,,,,,,,,,,,,,,,,,,,
26817.0,1041.0,,Active,,,,,,,19-09-2023,,,,,,,,,,,,,,,,,,,,,,,,,,,,,,,,,,,,,,,,,,,,,,,,,,12891.0,FC Div. Gagret,SRFMP Una,,,,,,,,,,,,,,,,,,,,,,,,,,,,,,,,,,,,,,,,,,,,,,,,,,,,,,,,,,,,,
26804.0,1041.0,,Active,,,,,,,19-09-2023,,,,,,,,,,,,,,,,,,,,,,,,,,,,,,,,,,,,,,,,,,,,,,,,,,12899.0,EE Jaswan Pragpur,Dharmshala,,,,,,,,,,,,,,,,,,,,,,,,,,,,,,,,,,,,,,,,,,,,,,,,,,,,,,,,,,,,,
26817.0,1041.0,,Active,,,,,,,19-09-2023,,,,,,,,,,,,,,,,,,,,,,,,,,,,,,,,,,,,,,,,,,,,,,,,,,12900.0,FC Div. Gagret,SRFMP Una,,,,,,,,,,,,,,,,,,,,,,,,,,,,,,,,,,,,,,,,,,,,,,,,,,,,,,,,,,,,,
27310.0,36.0,,Active,,,,,,,04-02-2024,,,,,,,,,,,,,,,,,,,,,,,,,,,,,,,,,,,,,,,,,,,,,,,,,,12925.0,Matiana Division,Shimla-9,,,,,,,,,,,,,,,,,,,,,,,,,,,,,,,,,,,,,,,,,,,,,,,,,,,,,,,,,,,,,
34.0,,25.0,Active,,,,,,,01-01-2020,,160.0,,,,,,,,,,,,,,,,,,,,,,,,,,,,,,,,,,,,,,,,,,,,,,,,,,,21.0,1.0,0.0,0,0.0,,,,,,,,,,,,,,,,,,,,,,,,,,,,,,,,,,,,,,,,,,,,,,,,,,,,,,,SOLAN ,NALAGARH 
34.0,,25.0,Active,,,,,,,01-01-2020,,160.0,,,,,,,,,,,,,,,,,,,,,,,,,,,,,,,,,,,,,,,,,,,,,,,,,,,22.0,0.0,1.0,1,0.0,,,,,,,,,,,,,,,,,,,,,,,,,,,,,,,,,,,,,,,,,,,,,,,,,,,,,,,SOLAN ,NALAGARH 
8865.0,,17.0,Active,,,,,,,13-07-2021,,140.0,,,,,,,,,,,,,,,,,,,,,,,,,,,,,,,,,,,,,,,,,,,,,,,,,,,4857.0,0.0,1.0,00:00.0,0.0,,,,,,,,,,,,,,,,,,,,,,,,,,,,,,,,,,,,,,,,,,,,,,,,,,,,,,,HAMIRPUR ,BARSAR
11687.0,,21.0,Active,,,,,,,27-07-2021,,115.0,,,,,,,,,,,,,,,,,,,,,,,,,,,,,,,,,,,,,,,,,,,,,,,,,,,6990.0,8.0,2.0,00:00.0,2.0,,,,,,,,,,,,,,,,,,,,,,,,,,,,,,,,,,,,,,,,,,,,,,,,,,,,,,,LAHAUL AND SPITI ,KEYLONG 
15417.0,,15.0,Active,,,,,,,24-01-2022,,155.0,,,,,,,,,,,,,,,,,,,,,,,,,,,,,,,,,,,,,,,,,,,,,,,,,,,9601.0,0.0,0.0,00:00.0,0.0,,,,,,,,,,,,,,,,,,,,,,,,,,,,,,,,,,,,,,,,,,,,,,,,,,,,,,,BILASPUR ,SWARGHAT
17628.0,,20.0,Active,,,,,,,06-07-2022,,119.0,,,,,,,,,,,,,,,,,,,,,,,,,,,,,,,,,,,,,,,,,,,,,,,,,,,11218.0,1.0,0.0,00:00.0,0.0,,,,,,,,,,,,,,,,,,,,,,,,,,,,,,,,,,,,,,,,,,,,,,,,,,,,,,,KULLU ,KULLU 
17629.0,,20.0,Active,,,,,,,06-07-2022,,119.0,,,,,,,,,,,,,,,,,,,,,,,,,,,,,,,,,,,,,,,,,,,,,,,,,,,11220.0,0.0,0.0,00:00.0,4.0,,,,,,,,,,,,,,,,,,,,,,,,,,,,,,,,,,,,,,,,,,,,,,,,,,,,,,,KULLU ,KULLU 
18002.0,,20.0,Active,,,,,,,20-07-2022,,119.0,,,,,,,,,,,,,,,,,,,,,,,,,,,,,,,,,,,,,,,,,,,,,,,,,,,11277.0,1.0,0.0,00:00.0,0.0,,,,,,,,,,,,,,,,,,,,,,,,,,,,,,,,,,,,,,,,,,,,,,,,,,,,,,,KULLU ,KULLU 
19239.0,,22.0,Active,,,,,,,30-07-2022,,131.0,,,,,,,,,,,,,,,,,,,,,,,,,,,,,,,,,,,,,,,,,,,,,,,,,,,12318.0,0.0,5.0,00:00.0,0.0,,,,,,,,,,,,,,,,,,,,,,,,,,,,,,,,,,,,,,,,,,,,,,,,,,,,,,,MANDI ,THUNAG
19284.0,,20.0,Active,,,,,,,28-07-2022,,117.0,,,,,,,,,,,,,,,,,,,,,,,,,,,,,,,,,,,,,,,,,,,,,,,,,,,12327.0,0.0,0.0,00:00.0,0.0,,,,,,,,,,,,,,,,,,,,,,,,,,,,,,,,,,,,,,,,,,,,,,,,,,,,,,,KULLU ,ANI
19763.0,,22.0,Active,,,,,,,20-08-2022,,127.0,,,,,,,,,,,,,,,,,,,,,,,,,,,,,,,,,,,,,,,,,,,,,,,,,,,12398.0,2.0,0.0,00:00.0,1.0,,,,,,,,,,,,,,,,,,,,,,,,,,,,,,,,,,,,,,,,,,,,,,,,,,,,,,,MANDI ,MANDI 
19763.0,,22.0,Active,,,,,,,20-08-2022,,123.0,,,,,,,,,,,,,,,,,,,,,,,,,,,,,,,,,,,,,,,,,,,,,,,,,,,12399.0,1.0,0.0,00:00.0,0.0,,,,,,,,,,,,,,,,,,,,,,,,,,,,,,,,,,,,,,,,,,,,,,,,,,,,,,,MANDI ,DHARAMPUR
19993.0,,22.0,Active,,,,,,,21-08-2022,,123.0,,,,,,,,,,,,,,,,,,,,,,,,,,,,,,,,,,,,,,,,,,,,,,,,,,,12422.0,1.0,0.0,00:00.0,0.0,,,,,,,,,,,,,,,,,,,,,,,,,,,,,,,,,,,,,,,,,,,,,,,,,,,,,,,MANDI ,DHARAMPUR
20031.0,,20.0,Active,,,,,,,24-08-2022,,119.0,,,,,,,,,,,,,,,,,,,,,,,,,,,,,,,,,,,,,,,,,,,,,,,,,,,12427.0,1.0,0.0,00:00.0,0.0,,,,,,,,,,,,,,,,,,,,,,,,,,,,,,,,,,,,,,,,,,,,,,,,,,,,,,,KULLU ,KULLU 
20205.0,,22.0,Active,,,,,,,29-08-2022,,127.0,,,,,,,,,,,,,,,,,,,,,,,,,,,,,,,,,,,,,,,,,,,,,,,,,,,12442.0,2.0,0.0,00:00.0,0.0,,,,,,,,,,,,,,,,,,,,,,,,,,,,,,,,,,,,,,,,,,,,,,,,,,,,,,,MANDI ,MANDI 
19763.0,,22.0,Active,,,,,,,20-08-2022,,127.0,,,,,,,,,,,,,,,,,,,,,,,,,,,,,,,,,,,,,,,,,,,,,,,,,,,12447.0,1.0,0.0,00:00.0,0.0,,,,,,,,,,,,,,,,,,,,,,,,,,,,,,,,,,,,,,,,,,,,,,,,,,,,,,,MANDI ,MANDI 
20414.0,,18.0,Active,,,,,,,03-09-2022,,95.0,,,,,,,,,,,,,,,,,,,,,,,,,,,,,,,,,,,,,,,,,,,,,,,,,,,12476.0,0.0,1.0,00:00.0,0.0,,,,,,,,,,,,,,,,,,,,,,,,,,,,,,,,,,,,,,,,,,,,,,,,,,,,,,,KANGRA ,DHARAMSHALA 
20498.0,,22.0,Active,,,,,,,09-09-2022,,127.0,,,,,,,,,,,,,,,,,,,,,,,,,,,,,,,,,,,,,,,,,,,,,,,,,,,12503.0,1.0,0.0,00:00.0,0.0,,,,,,,,,,,,,,,,,,,,,,,,,,,,,,,,,,,,,,,,,,,,,,,,,,,,,,,MANDI ,MANDI 
25758.0,,20.0,Active,,,,,,,09-07-2023,,120.0,,,,,,,,,,,,,,,,,,,,,,,,,,,,,,,,,,,,,,,,,,,,,,,,,,,15614.0,3.0,0.0,00:00.0,0.0,,,,,,,,,,,,,,,,,,,,,,,,,,,,,,,,,,,,,,,,,,,,,,,,,,,,,,,KULLU ,MANALI
25917.0,,16.0,Active,,,,,,,19-07-2023,,85.0,,,,,,,,,,,,,,,,,,,,,,,,,,,,,,,,,,,,,,,,,,,,,,,,,,,15634.0,1.0,0.0,00:00.0,0.0,,,,,,,,,,,,,,,,,,,,,,,,,,,,,,,,,,,,,,,,,,,,,,,,,,,,,,,CHAMBA ,CHOWARI
25921.0,,16.0,Active,,,,,,,25-07-2023,,83.0,,,,,,,,,,,,,,,,,,,,,,,,,,,,,,,,,,,,,,,,,,,,,,,,,,,15638.0,1.0,0.0,00:00.0,0.0,,,,,,,,,,,,,,,,,,,,,,,,,,,,,,,,,,,,,,,,,,,,,,,,,,,,,,,CHAMBA ,BHARMAUR
26048.0,,25.0,Active,,,,,,,10-07-2023,,160.0,,,,,,,,,,,,,,,,,,,,,,,,,,,,,,,,,,,,,,,,,,,,,,,,,,,15657.0,1.0,0.0,00:00.0,0.0,,,,,,,,,,,,,,,,,,,,,,,,,,,,,,,,,,,,,,,,,,,,,,,,,,,,,,,SOLAN ,NALAGARH 
26253.0,,22.0,Active,,,,,,,14-08-2023,,132.0,,,,,,,,,,,,,,,,,,,,,,,,,,,,,,,,,,,,,,,,,,,,,,,,,,,15672.0,1.0,0.0,00:00.0,0.0,,,,,,,,,,,,,,,,,,,,,,,,,,,,,,,,,,,,,,,,,,,,,,,,,,,,,,,MANDI ,BALH
26253.0,,22.0,Active,,,,,,,14-08-2023,,129.0,,,,,,,,,,,,,,,,,,,,,,,,,,,,,,,,,,,,,,,,,,,,,,,,,,,15673.0,2.0,0.0,00:00.0,0.0,,,,,,,,,,,,,,,,,,,,,,,,,,,,,,,,,,,,,,,,,,,,,,,,,,,,,,,MANDI ,SARKAGHAT 
26256.0,,22.0,Active,,,,,,,15-08-2023,,127.0,,,,,,,,,,,,,,,,,,,,,,,,,,,,,,,,,,,,,,,,,,,,,,,,,,,15676.0,6.0,0.0,00:00.0,1.0,,,,,,,,,,,,,,,,,,,,,,,,,,,,,,,,,,,,,,,,,,,,,,,,,,,,,,,MANDI ,MANDI 
26256.0,,22.0,Active,,,,,,,15-08-2023,,123.0,,,,,,,,,,,,,,,,,,,,,,,,,,,,,,,,,,,,,,,,,,,,,,,,,,,15677.0,0.0,0.0,00:00.0,1.0,,,,,,,,,,,,,,,,,,,,,,,,,,,,,,,,,,,,,,,,,,,,,,,,,,,,,,,MANDI ,DHARAMPUR
26596.0,,24.0,Active,,,,,,,09-08-2023,,168.0,,,,,,,,,,,,,,,,,,,,,,,,,,,,,,,,,,,,,,,,,,,,,,,,,,,15725.0,5.0,0.0,00:00.0,0.0,,,,,,,,,,,,,,,,,,,,,,,,,,,,,,,,,,,,,,,,,,,,,,,,,,,,,,,SIRMAUR ,PAONTA SAHIB 
27109.0,,25.0,Active,,,,,,,25-08-2023,,160.0,,,,,,,,,,,,,,,,,,,,,,,,,,,,,,,,,,,,,,,,,,,,,,,,,,,15932.0,1.0,0.0,00:00.0,0.0,,,,,,,,,,,,,,,,,,,,,,,,,,,,,,,,,,,,,,,,,,,,,,,,,,,,,,,SOLAN ,NALAGARH 
5764.0,1.0,23.0,Active,,,,,,,09-08-2020,,,,,,,,,,,,,,,,,,,,,,,,,,,,,,,,,,,,,,,,,,,,,,,,,,,,,,,,,,0.0,removal of debris from drains as well as road side whic has flow due to heavy rain ,0.0,0.0,0.0,0.0,0,1.0,7.0,1.0,7.0,Nagar Panchayat Kotkhai  ,,,,,,,,,,,,,,,,,,,,,,,,,,,,,,,,,,,,,,,,,,,SHIMLA ,
5785.0,35.0,23.0,Active,,,,,,,17-06-2020,,,,,,,,,,,,,,,,,,,,,,,,,,,,,,,,,,,,,,,,,,,,,,,,,,,,,,,,,,0.0,"sewerage line damage in ward no. 3,4,5,6",0.0,0.0,0.0,0.0,0,2.0,2.0,2.0,2.0,"Municipal Council, Rampur  ",,,,,,,,,,,,,,,,,,,,,,,,,,,,,,,,,,,,,,,,,,,SHIMLA ,
5780.0,35.0,23.0,Active,,,,,,,25-06-2020,,,,,,,,,,,,,,,,,,,,,,,,,,,,,,,,,,,,,,,,,,,,,,,,,,,,,,,,,,0.0,removal of debris from drains as well as road side whic has flow due to heavy rain,0.0,0.0,0.0,0.0,0,2.0,2.0,2.0,2.0,"Municipal Council, Rampur  ",,,,,,,,,,,,,,,,,,,,,,,,,,,,,,,,,,,,,,,,,,,SHIMLA ,
5857.0,35.0,18.0,Active,,,,,,,20-07-2020,,,,,,,,,,,,,,,,,,,,,,,,,,,,,,,,,,,,,,,,,,,,,,,,,,,,,,,,,,0.4,damage of path toward Naddi village w.no. 1,0.0,0.0,0.0,0.0,0,2.0,33.0,2.0,33.0,Municipal Corp.Dharamsala  ,,,,,,,,,,,,,,,,,,,,,,,,,,,,,,,,,,,,,,,,,,,KANGRA ,
5857.0,35.0,18.0,Active,,,,,,,20-07-2020,,,,,,,,,,,,,,,,,,,,,,,,,,,,,,,,,,,,,,,,,,,,,,,,,,,,,,,,,,0.14,damage of path near house of Pritam chand w.no. 2,0.0,0.0,0.0,0.0,0,2.0,33.0,2.0,33.0,Municipal Corp.Dharamsala  ,,,,,,,,,,,,,,,,,,,,,,,,,,,,,,,,,,,,,,,,,,,KANGRA ,
5857.0,35.0,18.0,Active,,,,,,,20-07-2020,,,,,,,,,,,,,,,,,,,,,,,,,,,,,,,,,,,,,,,,,,,,,,,,,,,,,,,,,,0.15,damage of path from sati mata to jamna house w.no. 2,0.0,0.0,0.0,0.0,0,2.0,33.0,2.0,33.0,Municipal Corp.Dharamsala  ,,,,,,,,,,,,,,,,,,,,,,,,,,,,,,,,,,,,,,,,,,,KANGRA ,
5857.0,35.0,18.0,Active,,,,,,,20-07-2020,,,,,,,,,,,,,,,,,,,,,,,,,,,,,,,,,,,,,,,,,,,,,,,,,,,,,,,,,,0.125,damage of path near nand chand house w.no. 2,0.0,0.0,0.0,0.0,0,2.0,33.0,2.0,33.0,Municipal Corp.Dharamsala  ,,,,,,,,,,,,,,,,,,,,,,,,,,,,,,,,,,,,,,,,,,,KANGRA ,
5857.0,35.0,18.0,Active,,,,,,,20-07-2020,,,,,,,,,,,,,,,,,,,,,,,,,,,,,,,,,,,,,,,,,,,,,,,,,,,,,,,,,,0.2,damage of road at rakkar dhupnala w.no. 2,0.0,0.0,0.0,0.0,0,2.0,33.0,2.0,33.0,Municipal Corp.Dharamsala  ,,,,,,,,,,,,,,,,,,,,,,,,,,,,,,,,,,,,,,,,,,,KANGRA ,
5857.0,35.0,18.0,Active,,,,,,,20-07-2020,,,,,,,,,,,,,,,,,,,,,,,,,,,,,,,,,,,,,,,,,,,,,,,,,,,,,,,,,,0.2,DAMAGE OF ROAD DUSALAN AND HEERU W.NO.2,0.0,0.0,0.0,0.0,0,2.0,33.0,2.0,33.0,Municipal Corp.Dharamsala  ,,,,,,,,,,,,,,,,,,,,,,,,,,,,,,,,,,,,,,,,,,,KANGRA ,
5857.0,35.0,18.0,Active,,,,,,,20-07-2020,,,,,,,,,,,,,,,,,,,,,,,,,,,,,,,,,,,,,,,,,,,,,,,,,,,,,,,,,,0.06,DAMAGE OF DRAIN NEAR HOUSE OF NISHO DEVI NEAR HOSPITAL WN 3,0.0,0.0,0.0,0.0,0,2.0,33.0,2.0,33.0,Municipal Corp.Dharamsala  ,,,,,,,,,,,,,,,,,,,,,,,,,,,,,,,,,,,,,,,,,,,KANGRA ,
5857.0,35.0,18.0,Active,,,,,,,20-07-2020,,,,,,,,,,,,,,,,,,,,,,,,,,,,,,,,,,,,,,,,,,,,,,,,,,,,,,,,,,0.06,DAMAGE OF nALHA NEAR HOUSE OF MADHU RANA W.NO 3,0.0,0.0,0.0,0.0,0,2.0,33.0,2.0,33.0,Municipal Corp.Dharamsala  ,,,,,,,,,,,,,,,,,,,,,,,,,,,,,,,,,,,,,,,,,,,KANGRA ,
5857.0,35.0,18.0,Active,,,,,,,20-07-2020,,,,,,,,,,,,,,,,,,,,,,,,,,,,,,,,,,,,,,,,,,,,,,,,,,,,,,,,,,0.0,0,0.0,0.0,0.0,0.0,DAMAGE OF TOILET NEAR KULDEEP SINGH HOUSE AT HARIJAN BASTI W.NO -8,2.0,33.0,2.0,33.0,Municipal Corp.Dharamsala  ,,,,,,,,,,,,,,,,,,,,,,,,,,,,,,,,,,,,,,,,,,,KANGRA ,
5857.0,35.0,18.0,Active,,,,,,,20-07-2020,,,,,,,,,,,,,,,,,,,,,,,,,,,,,,,,,,,,,,,,,,,,,,,,,,,,,,,,,,0.025,DAMAGE OF FOOTPATH NEAR SEWERAGE TREATMENT PLANT WNO -8,0.0,0.0,0.0,0.0,0,2.0,33.0,2.0,33.0,Municipal Corp.Dharamsala  ,,,,,,,,,,,,,,,,,,,,,,,,,,,,,,,,,,,,,,,,,,,KANGRA ,
5857.0,35.0,18.0,Active,,,,,,,20-07-2020,,,,,,,,,,,,,,,,,,,,,,,,,,,,,,,,,,,,,,,,,,,,,,,,,,,,,,,,,,0.04,DAMAGE OF NALLAH NEAR SHAMSHER CHAND KATOCH NEAR GULARIAN MOHALA W.NO-8,0.0,0.0,0.0,0.0,00,2.0,33.0,2.0,33.0,Municipal Corp.Dharamsala  ,,,,,,,,,,,,,,,,,,,,,,,,,,,,,,,,,,,,,,,,,,,KANGRA ,
5857.0,35.0,18.0,Active,,,,,,,20-07-2020,,,,,,,,,,,,,,,,,,,,,,,,,,,,,,,,,,,,,,,,,,,,,,,,,,,,,,,,,,0.15,DAMAGE OG KUHAL PINGAL NALLAH W.NO -8,0.0,0.0,0.0,0.0,0,2.0,33.0,2.0,33.0,Municipal Corp.Dharamsala  ,,,,,,,,,,,,,,,,,,,,,,,,,,,,,,,,,,,,,,,,,,,KANGRA ,
5857.0,35.0,18.0,Active,,,,,,,20-07-2020,,,,,,,,,,,,,,,,,,,,,,,,,,,,,,,,,,,,,,,,,,,,,,,,,,,,,,,,,,0.25,DAMAGE OF PATH AT ROHRIKUT GADIYARI W NO -8,0.0,0.0,0.0,0.0,0,2.0,33.0,2.0,33.0,Municipal Corp.Dharamsala  ,,,,,,,,,,,,,,,,,,,,,,,,,,,,,,,,,,,,,,,,,,,KANGRA ,
5857.0,35.0,18.0,Active,,,,,,,20-07-2020,,,,,,,,,,,,,,,,,,,,,,,,,,,,,,,,,,,,,,,,,,,,,,,,,,,,,,,,,,0.2,DAMAGE OF CHANIYA ROAD PATH W.NO-9,0.0,0.0,0.0,0.0,0,2.0,33.0,2.0,33.0,Municipal Corp.Dharamsala  ,,,,,,,,,,,,,,,,,,,,,,,,,,,,,,,,,,,,,,,,,,,KANGRA ,
5857.0,35.0,18.0,Active,,,,,,,20-07-2020,,,,,,,,,,,,,,,,,,,,,,,,,,,,,,,,,,,,,,,,,,,,,,,,,,,,,,,,,,0.35,DAMAGE OF PATH NEAR SOHAN LAL HOUSE  W.NO.9,0.0,0.0,0.0,0.0,0,2.0,33.0,2.0,33.0,Municipal Corp.Dharamsala  ,,,,,,,,,,,,,,,,,,,,,,,,,,,,,,,,,,,,,,,,,,,KANGRA ,
5858.0,35.0,18.0,Active,,,,,,,28-07-2020,,,,,,,,,,,,,,,,,,,,,,,,,,,,,,,,,,,,,,,,,,,,,,,,,,,,,,,,,,0.06,DAMAGE OF PATH R/WALL NEAR USHA HOUSE W.NO.9,0.0,0.0,0.0,0.0,0,2.0,33.0,2.0,33.0,Municipal Corp.Dharamsala  ,,,,,,,,,,,,,,,,,,,,,,,,,,,,,,,,,,,,,,,,,,,KANGRA ,
5858.0,35.0,18.0,Active,,,,,,,28-07-2020,,,,,,,,,,,,,,,,,,,,,,,,,,,,,,,,,,,,,,,,,,,,,,,,,,,,,,,,,,0.01,"DAMAGE OF R/WALL DRAIN ,PATH NEAR SHARMA HOUSE W.NO-11",0.0,0.0,0.0,0.0,0,2.0,33.0,2.0,33.0,Municipal Corp.Dharamsala  ,,,,,,,,,,,,,,,,,,,,,,,,,,,,,,,,,,,,,,,,,,,KANGRA ,
5859.0,35.0,18.0,Active,,,,,,,31-07-2020,,,,,,,,,,,,,,,,,,,,,,,,,,,,,,,,,,,,,,,,,,,,,,,,,,,,,,,,,,0.1,DAMAGE OF NALLAH NEAR DEVILAL HOUSE AND PRADEP HOUSE W.NO. 12,0.0,0.0,0.0,0.0,0,2.0,33.0,2.0,33.0,Municipal Corp.Dharamsala  ,,,,,,,,,,,,,,,,,,,,,,,,,,,,,,,,,,,,,,,,,,,KANGRA ,
5858.0,35.0,18.0,Active,,,,,,,28-07-2020,,,,,,,,,,,,,,,,,,,,,,,,,,,,,,,,,,,,,,,,,,,,,,,,,,,,,,,,,,0.1,DAMAGE OF NALLAH NEAR BUDDHI SINGH AND NISHA HOUSE AT DARNU W.NO.12,0.0,0.0,0.0,0.0,0,2.0,33.0,2.0,33.0,Municipal Corp.Dharamsala  ,,,,,,,,,,,,,,,,,,,,,,,,,,,,,,,,,,,,,,,,,,,KANGRA ,
5859.0,35.0,18.0,Active,,,,,,,31-07-2020,,,,,,,,,,,,,,,,,,,,,,,,,,,,,,,,,,,,,,,,,,,,,,,,,,,,,,,,,,0.15,DAMAGE OF NALAH AT DARNU W.NO -12,0.0,0.0,0.0,0.0,0,2.0,33.0,2.0,33.0,Municipal Corp.Dharamsala  ,,,,,,,,,,,,,,,,,,,,,,,,,,,,,,,,,,,,,,,,,,,KANGRA ,
5858.0,35.0,18.0,Active,,,,,,,28-07-2020,,,,,,,,,,,,,,,,,,,,,,,,,,,,,,,,,,,,,,,,,,,,,,,,,,,,,,,,,,0.08,DAMAGE OF KUHAL AND R/WALL FROM MAIN ROAD TO PYARE LAL HOUSE W.NO.13,0.0,0.0,0.0,0.0,0,2.0,33.0,2.0,33.0,Municipal Corp.Dharamsala  ,,,,,,,,,,,,,,,,,,,,,,,,,,,,,,,,,,,,,,,,,,,KANGRA ,
5858.0,35.0,18.0,Active,,,,,,,28-07-2020,,,,,,,,,,,,,,,,,,,,,,,,,,,,,,,,,,,,,,,,,,,,,,,,,,,,,,,,,,0.1,DAMAGE OF NALLAH NEAR AMRIT LAL HOUSE WN 4 OLD CMO ROAD,0.0,0.0,0.0,0.0,0,2.0,33.0,2.0,33.0,Municipal Corp.Dharamsala  ,,,,,,,,,,,,,,,,,,,,,,,,,,,,,,,,,,,,,,,,,,,KANGRA ,
5859.0,35.0,18.0,Active,,,,,,,31-07-2020,,,,,,,,,,,,,,,,,,,,,,,,,,,,,,,,,,,,,,,,,,,,,,,,,,,,,,,,,,0.05,DAMAGE OF KUHAL FROM PARVEN THAPA TO VIJAY CHAKI HOUSE W.NO.13,0.0,0.0,0.0,0.0,0,2.0,33.0,2.0,33.0,Municipal Corp.Dharamsala  ,,,,,,,,,,,,,,,,,,,,,,,,,,,,,,,,,,,,,,,,,,,KANGRA ,
5858.0,35.0,18.0,Active,,,,,,,28-07-2020,,,,,,,,,,,,,,,,,,,,,,,,,,,,,,,,,,,,,,,,,,,,,,,,,,,,,,,,,,0.1,DAMAGE OF KUHL NEAR ROSHAN LAL HOUSE W.N. 5,0.0,0.0,0.0,0.0,0,2.0,33.0,2.0,33.0,Municipal Corp.Dharamsala  ,,,,,,,,,,,,,,,,,,,,,,,,,,,,,,,,,,,,,,,,,,,KANGRA ,
5859.0,35.0,18.0,Active,,,,,,,31-07-2020,,,,,,,,,,,,,,,,,,,,,,,,,,,,,,,,,,,,,,,,,,,,,,,,,,,,,,,,,,0.07,DAMAGE OF KUHAL PYARE LAL HOUSE TO BHHARI LAL ZAMEEN  W.NO 13,0.0,0.0,0.0,0.0,0,2.0,33.0,2.0,33.0,Municipal Corp.Dharamsala  ,,,,,,,,,,,,,,,,,,,,,,,,,,,,,,,,,,,,,,,,,,,KANGRA ,
5858.0,35.0,18.0,Active,,,,,,,28-07-2020,,,,,,,,,,,,,,,,,,,,,,,,,,,,,,,,,,,,,,,,,,,,,,,,,,,,,,,,,,0.2,DAMAGE OF NALLAH FROM ROSHAN LAL HOUSE TO CHANKA HOUSE,0.0,0.0,0.0,0.0,0,2.0,33.0,2.0,33.0,Municipal Corp.Dharamsala  ,,,,,,,,,,,,,,,,,,,,,,,,,,,,,,,,,,,,,,,,,,,KANGRA ,
5858.0,35.0,18.0,Active,,,,,,,28-07-2020,,,,,,,,,,,,,,,,,,,,,,,,,,,,,,,,,,,,,,,,,,,,,,,,,,,,,,,,,,0.1,DAMAGE OF KUHL NEAR GAMRU VILLAGE SCHOOL ,0.0,0.0,0.0,0.0,0,2.0,33.0,2.0,33.0,Municipal Corp.Dharamsala  ,,,,,,,,,,,,,,,,,,,,,,,,,,,,,,,,,,,,,,,,,,,KANGRA ,
5859.0,35.0,18.0,Active,,,,,,,31-07-2020,,,,,,,,,,,,,,,,,,,,,,,,,,,,,,,,,,,,,,,,,,,,,,,,,,,,,,,,,,0.05,DAMAGE OF CULVERT ROAD R/WALL FROM SUDESH HOUSE NEAR GOVT SCHOOL KANDI W.NO 14,0.0,0.0,0.0,0.0,0,2.0,33.0,2.0,33.0,Municipal Corp.Dharamsala  ,,,,,,,,,,,,,,,,,,,,,,,,,,,,,,,,,,,,,,,,,,,KANGRA ,
5858.0,35.0,18.0,Active,,,,,,,28-07-2020,,,,,,,,,,,,,,,,,,,,,,,,,,,,,,,,,,,,,,,,,,,,,,,,,,,,,,,,,,0.12,DAMAGE OF KUHL AND BREAST WALL BHIM SANT HOUSE GAMRU W.N. 5,0.0,0.0,0.0,0.0,0,2.0,33.0,2.0,33.0,Municipal Corp.Dharamsala  ,,,,,,,,,,,,,,,,,,,,,,,,,,,,,,,,,,,,,,,,,,,KANGRA ,
5858.0,35.0,18.0,Active,,,,,,,28-07-2020,,,,,,,,,,,,,,,,,,,,,,,,,,,,,,,,,,,,,,,,,,,,,,,,,,,,,,,,,,0.15,DAMAGE OF NALLAH NEAR SHYAM LAL HOUSE KHAZANCHI MOHALLA,0.0,0.0,0.0,0.0,0,2.0,33.0,2.0,33.0,Municipal Corp.Dharamsala  ,,,,,,,,,,,,,,,,,,,,,,,,,,,,,,,,,,,,,,,,,,,KANGRA ,
5859.0,35.0,18.0,Active,,,,,,,31-07-2020,,,,,,,,,,,,,,,,,,,,,,,,,,,,,,,,,,,,,,,,,,,,,,,,,,,,,,,,,,0.1,DAMAGE OF PATH AND KUHAL NEAR GOVT SCHOL W.NO 14,0.0,0.0,0.0,0.0,0,2.0,33.0,2.0,33.0,Municipal Corp.Dharamsala  ,,,,,,,,,,,,,,,,,,,,,,,,,,,,,,,,,,,,,,,,,,,KANGRA ,
5858.0,35.0,18.0,Active,,,,,,,28-07-2020,,,,,,,,,,,,,,,,,,,,,,,,,,,,,,,,,,,,,,,,,,,,,,,,,,,,,,,,,,0.2,DAMAGE OF KUHL FROM RAM PRASAD HOUSE TO CHANGO RAM HOUSE  WN 5,0.0,0.0,0.0,0.0,0,2.0,33.0,2.0,33.0,Municipal Corp.Dharamsala  ,,,,,,,,,,,,,,,,,,,,,,,,,,,,,,,,,,,,,,,,,,,KANGRA ,
5858.0,35.0,18.0,Active,,,,,,,28-07-2020,,,,,,,,,,,,,,,,,,,,,,,,,,,,,,,,,,,,,,,,,,,,,,,,,,,,,,,,,,0.15,DAMAGE OF DRAIN NEAR KALIA HOUSE TO KATOCH HOUSE KHAZANCHI MUHALLA,0.0,0.0,0.0,0.0,0,2.0,33.0,2.0,33.0,Municipal Corp.Dharamsala  ,,,,,,,,,,,,,,,,,,,,,,,,,,,,,,,,,,,,,,,,,,,KANGRA ,
5858.0,35.0,18.0,Active,,,,,,,28-07-2020,,,,,,,,,,,,,,,,,,,,,,,,,,,,,,,,,,,,,,,,,,,,,,,,,,,,,,,,,,0.15,DAMAGE OF NALLAH NEAR SWARAN SINGH HOUSE WN 5,0.0,0.0,0.0,0.0,0,2.0,33.0,2.0,33.0,Municipal Corp.Dharamsala  ,,,,,,,,,,,,,,,,,,,,,,,,,,,,,,,,,,,,,,,,,,,KANGRA ,
5859.0,35.0,18.0,Active,,,,,,,31-07-2020,,,,,,,,,,,,,,,,,,,,,,,,,,,,,,,,,,,,,,,,,,,,,,,,,,,,,,,,,,0.125,DAMAGE OF PATH AND KUHAL NEAR GOVT SCHOOL KANDI W.NO 14,0.0,0.0,0.0,0.0,0,2.0,33.0,2.0,33.0,Municipal Corp.Dharamsala  ,,,,,,,,,,,,,,,,,,,,,,,,,,,,,,,,,,,,,,,,,,,KANGRA ,
5858.0,35.0,18.0,Active,,,,,,,28-07-2020,,,,,,,,,,,,,,,,,,,,,,,,,,,,,,,,,,,,,,,,,,,,,,,,,,,,,,,,,,0.15,DAMAGE OF NALLAH NEAR BALDEV SINGH HOUSE AT GAMRU WN 5,0.0,0.0,0.0,0.0,0,2.0,33.0,2.0,33.0,Municipal Corp.Dharamsala  ,,,,,,,,,,,,,,,,,,,,,,,,,,,,,,,,,,,,,,,,,,,KANGRA ,
5859.0,35.0,18.0,Active,,,,,,,31-07-2020,,,,,,,,,,,,,,,,,,,,,,,,,,,,,,,,,,,,,,,,,,,,,,,,,,,,,,,,,,0.125,DAMAGE OF PATH WITH TILES FROM PREM SINGH THAPA HOUSE TO ANOOP HOUSE W.NO 14,0.0,0.0,0.0,0.0,0,2.0,33.0,2.0,33.0,Municipal Corp.Dharamsala  ,,,,,,,,,,,,,,,,,,,,,,,,,,,,,,,,,,,,,,,,,,,KANGRA ,
5858.0,35.0,18.0,Active,,,,,,,28-07-2020,,,,,,,,,,,,,,,,,,,,,,,,,,,,,,,,,,,,,,,,,,,,,,,,,,,,,,,,,,0.25,DAMAGE OF STAIRS OF NALA NEAR BALMIKI MANDIR TO SHIV KUMAR HOUSE KHAZANCHI MUHALLA,0.0,0.0,0.0,0.0,0,2.0,33.0,2.0,33.0,Municipal Corp.Dharamsala  ,,,,,,,,,,,,,,,,,,,,,,,,,,,,,,,,,,,,,,,,,,,KANGRA ,
5858.0,35.0,18.0,Active,,,,,,,28-07-2020,,,,,,,,,,,,,,,,,,,,,,,,,,,,,,,,,,,,,,,,,,,,,,,,,,,,,,,,,,0.1,DAMAGE OF DRAIN NEAR DEV RAJ HOUSE TO JANGI HOUSE AT GAMRU WN 5,0.0,0.0,0.0,0.0,0,2.0,33.0,2.0,33.0,Municipal Corp.Dharamsala  ,,,,,,,,,,,,,,,,,,,,,,,,,,,,,,,,,,,,,,,,,,,KANGRA ,
5859.0,35.0,18.0,Active,,,,,,,31-07-2020,,,,,,,,,,,,,,,,,,,,,,,,,,,,,,,,,,,,,,,,,,,,,,,,,,,,,,,,,,0.3,DAMAGE OF PATH NEAR KISHORE HOUSE,0.0,0.0,0.0,0.0,0,2.0,33.0,2.0,33.0,Municipal Corp.Dharamsala  ,,,,,,,,,,,,,,,,,,,,,,,,,,,,,,,,,,,,,,,,,,,KANGRA ,
5858.0,35.0,18.0,Active,,,,,,,28-07-2020,,,,,,,,,,,,,,,,,,,,,,,,,,,,,,,,,,,,,,,,,,,,,,,,,,,,,,,,,,0.18,DAMAGE OF DRAIN DEEPER DUCT FROM GOPAL HOUSE TO MOHINDER MAHAJAN HOUSE NEAR GHS D/SALA,0.0,0.0,0.0,0.0,0,2.0,33.0,2.0,33.0,Municipal Corp.Dharamsala  ,,,,,,,,,,,,,,,,,,,,,,,,,,,,,,,,,,,,,,,,,,,KANGRA ,
5858.0,35.0,18.0,Active,,,,,,,28-07-2020,,,,,,,,,,,,,,,,,,,,,,,,,,,,,,,,,,,,,,,,,,,,,,,,,,,,,,,,,,0.25,DAMAGE OF NALLAH NEAR GAUTAM MEHRA HOUSE KHAZANCHI MOHALLA,0.0,0.0,0.0,0.0,0,2.0,33.0,2.0,33.0,Municipal Corp.Dharamsala  ,,,,,,,,,,,,,,,,,,,,,,,,,,,,,,,,,,,,,,,,,,,KANGRA ,
5858.0,35.0,18.0,Active,,,,,,,28-07-2020,,,,,,,,,,,,,,,,,,,,,,,,,,,,,,,,,,,,,,,,,,,,,,,,,,,,,,,,,,0.15,DAMAGE OF ROAD FROM BHATNAGAR HOUSE TO MASTER RAKESH SHARMA HOUSE AND OTHERS AT BRIJLAL ROAD,0.0,0.0,0.0,0.0,0,2.0,33.0,2.0,33.0,Municipal Corp.Dharamsala  ,,,,,,,,,,,,,,,,,,,,,,,,,,,,,,,,,,,,,,,,,,,KANGRA ,
5858.0,35.0,18.0,Active,,,,,,,28-07-2020,,,,,,,,,,,,,,,,,,,,,,,,,,,,,,,,,,,,,,,,,,,,,,,,,,,,,,,,,,0.15,DAMAGE OF ROAD FROM TABBU RANA HOUSE TO MOHAN THAKUR HOUSE CHILGARHI,0.0,0.0,0.0,0.0,0,2.0,33.0,2.0,33.0,Municipal Corp.Dharamsala  ,,,,,,,,,,,,,,,,,,,,,,,,,,,,,,,,,,,,,,,,,,,KANGRA ,
5858.0,35.0,18.0,Active,,,,,,,28-07-2020,,,,,,,,,,,,,,,,,,,,,,,,,,,,,,,,,,,,,,,,,,,,,,,,,,,,,,,,,,0.05,DAMAGE OF NALLAH NEAR ACHAR SINGH HOUSE NEAR SANSARI MATA MANDIR WN 6,0.0,0.0,0.0,0.0,0,2.0,33.0,2.0,33.0,Municipal Corp.Dharamsala  ,,,,,,,,,,,,,,,,,,,,,,,,,,,,,,,,,,,,,,,,,,,KANGRA ,
5859.0,35.0,18.0,Active,,,,,,,31-07-2020,,,,,,,,,,,,,,,,,,,,,,,,,,,,,,,,,,,,,,,,,,,,,,,,,,,,,,,,,,0.1,DAMAGE OF PATH AND R/WALL NEAR SANTOSH HOUSE TO ROHIT HOUSE,0.0,0.0,0.0,0.0,0,2.0,33.0,2.0,33.0,Municipal Corp.Dharamsala  ,,,,,,,,,,,,,,,,,,,,,,,,,,,,,,,,,,,,,,,,,,,KANGRA ,
5858.0,35.0,18.0,Active,,,,,,,28-07-2020,,,,,,,,,,,,,,,,,,,,,,,,,,,,,,,,,,,,,,,,,,,,,,,,,,,,,,,,,,0.05,DAMAGE OF NALLAH NEAR DES RAJ HOUSE AT DESH RAJ GALI,0.0,0.0,0.0,0.0,0,2.0,33.0,2.0,33.0,Municipal Corp.Dharamsala  ,,,,,,,,,,,,,,,,,,,,,,,,,,,,,,,,,,,,,,,,,,,KANGRA ,
5859.0,35.0,18.0,Active,,,,,,,31-07-2020,,,,,,,,,,,,,,,,,,,,,,,,,,,,,,,,,,,,,,,,,,,,,,,,,,,,,,,,,,0.12,DAMAGE OF STAIRS AND DRAIN NEAR REEENU WALA HOUSE,0.0,0.0,0.0,0.0,0,2.0,33.0,2.0,33.0,Municipal Corp.Dharamsala  ,,,,,,,,,,,,,,,,,,,,,,,,,,,,,,,,,,,,,,,,,,,KANGRA ,
5858.0,35.0,18.0,Active,,,,,,,28-07-2020,,,,,,,,,,,,,,,,,,,,,,,,,,,,,,,,,,,,,,,,,,,,,,,,,,,,,,,,,,0.05,DAMAGE OF DRAIN NEAR MIYA HOUSE GURUDWARA ROAD WN 6,0.0,0.0,0.0,0.0,0,2.0,33.0,2.0,33.0,Municipal Corp.Dharamsala  ,,,,,,,,,,,,,,,,,,,,,,,,,,,,,,,,,,,,,,,,,,,KANGRA ,
5858.0,35.0,18.0,Active,,,,,,,28-07-2020,,,,,,,,,,,,,,,,,,,,,,,,,,,,,,,,,,,,,,,,,,,,,,,,,,,,,,,,,,0.06,DAMAGE OF STAIRS NEAR VISHAL SOOD HOUSE AT AT MATHRADASS GALLI,0.0,0.0,0.0,0.0,0,2.0,33.0,2.0,33.0,Municipal Corp.Dharamsala  ,,,,,,,,,,,,,,,,,,,,,,,,,,,,,,,,,,,,,,,,,,,KANGRA ,
5859.0,35.0,18.0,Active,,,,,,,31-07-2020,,,,,,,,,,,,,,,,,,,,,,,,,,,,,,,,,,,,,,,,,,,,,,,,,,,,,,,,,,0.1,DAMAGE OF PATH AND R/WALL FROM PWD ROAD TO SHAKTI CHAND HOUSE,0.0,0.0,0.0,0.0,0,2.0,33.0,2.0,33.0,Municipal Corp.Dharamsala  ,,,,,,,,,,,,,,,,,,,,,,,,,,,,,,,,,,,,,,,,,,,KANGRA ,
5858.0,35.0,18.0,Active,,,,,,,28-07-2020,,,,,,,,,,,,,,,,,,,,,,,,,,,,,,,,,,,,,,,,,,,,,,,,,,,,,,,,,,0.1,DAMAGE OF NAALAH NEAR SUBHASH MEHRA HOUSE AT KUHLU MUHALLA,0.0,0.0,0.0,0.0,0,2.0,33.0,2.0,33.0,Municipal Corp.Dharamsala  ,,,,,,,,,,,,,,,,,,,,,,,,,,,,,,,,,,,,,,,,,,,KANGRA ,
5858.0,35.0,18.0,Active,,,,,,,28-07-2020,,,,,,,,,,,,,,,,,,,,,,,,,,,,,,,,,,,,,,,,,,,,,,,,,,,,,,,,,,0.18,DAMAGE OF NALLAH AND RETAINING WALL NEAR ANIL DOGRA HOUSE AT SAI MANDIR,0.0,0.0,0.0,0.0,0,2.0,33.0,2.0,33.0,Municipal Corp.Dharamsala  ,,,,,,,,,,,,,,,,,,,,,,,,,,,,,,,,,,,,,,,,,,,KANGRA ,
5859.0,35.0,18.0,Active,,,,,,,31-07-2020,,,,,,,,,,,,,,,,,,,,,,,,,,,,,,,,,,,,,,,,,,,,,,,,,,,,,,,,,,0.15,DAMAGE PATH AND R/WALL GHURLU PULL TO RATTAN CHAND HOUSE,0.0,0.0,0.0,0.0,0,2.0,33.0,2.0,33.0,Municipal Corp.Dharamsala  ,,,,,,,,,,,,,,,,,,,,,,,,,,,,,,,,,,,,,,,,,,,KANGRA ,
5858.0,35.0,18.0,Active,,,,,,,28-07-2020,,,,,,,,,,,,,,,,,,,,,,,,,,,,,,,,,,,,,,,,,,,,,,,,,,,,,,,,,,0.1,DAMAGE OF NALLAH NEAR RAJA GUARD HOUSE,0.0,0.0,0.0,0.0,0,2.0,33.0,2.0,33.0,Municipal Corp.Dharamsala  ,,,,,,,,,,,,,,,,,,,,,,,,,,,,,,,,,,,,,,,,,,,KANGRA ,
5859.0,35.0,18.0,Active,,,,,,,31-07-2020,,,,,,,,,,,,,,,,,,,,,,,,,,,,,,,,,,,,,,,,,,,,,,,,,,,,,,,,,,0.05,DAMAGE OF JEEPABLE ROAD TOWARDS PARMESHWAR GURUNG HOUSE,0.0,0.0,0.0,0.0,0,2.0,33.0,2.0,33.0,Municipal Corp.Dharamsala  ,,,,,,,,,,,,,,,,,,,,,,,,,,,,,,,,,,,,,,,,,,,KANGRA ,
5859.0,35.0,18.0,Active,,,,,,,31-07-2020,,,,,,,,,,,,,,,,,,,,,,,,,,,,,,,,,,,,,,,,,,,,,,,,,,,,,,,,,,0.045,DAMAGE OF LAND AT GHURLU COLONY NEAR HOUSE OF COMMANDER DOGRA SIDHPUR W.NO.16,0.0,0.0,0.0,0.0,0,2.0,33.0,2.0,33.0,Municipal Corp.Dharamsala  ,,,,,,,,,,,,,,,,,,,,,,,,,,,,,,,,,,,,,,,,,,,KANGRA ,
5859.0,35.0,18.0,Active,,,,,,,31-07-2020,,,,,,,,,,,,,,,,,,,,,,,,,,,,,,,,,,,,,,,,,,,,,,,,,,,,,,,,,,0.05,"DAMAGE OF PATH FROM MAIN ROAD TO EX-PARDHAN MAYOUR CHAND W,NO.16",0.0,0.0,0.0,0.0,0,2.0,33.0,2.0,33.0,Municipal Corp.Dharamsala  ,,,,,,,,,,,,,,,,,,,,,,,,,,,,,,,,,,,,,,,,,,,KANGRA ,
5859.0,35.0,18.0,Active,,,,,,,31-07-2020,,,,,,,,,,,,,,,,,,,,,,,,,,,,,,,,,,,,,,,,,,,,,,,,,,,,,,,,,,0.04,DAMAGE OF DRAIN NEAR COL. KATOCH HOUSE W. NO -17,0.0,0.0,0.0,0.0,0,2.0,33.0,2.0,33.0,Municipal Corp.Dharamsala  ,,,,,,,,,,,,,,,,,,,,,,,,,,,,,,,,,,,,,,,,,,,KANGRA ,
5859.0,35.0,18.0,Active,,,,,,,31-07-2020,,,,,,,,,,,,,,,,,,,,,,,,,,,,,,,,,,,,,,,,,,,,,,,,,,,,,,,,,,0.1,DAMAGE OF PATH NEAR GURU DWARA SHAHIB SIDHBARI W.NO-17,0.0,0.0,0.0,0.0,0,2.0,33.0,2.0,33.0,Municipal Corp.Dharamsala  ,,,,,,,,,,,,,,,,,,,,,,,,,,,,,,,,,,,,,,,,,,,KANGRA ,
5859.0,35.0,18.0,Active,,,,,,,31-07-2020,,,,,,,,,,,,,,,,,,,,,,,,,,,,,,,,,,,,,,,,,,,,,,,,,,,,,,,,,,0.1,DAMAGE OF PATH FROM PWD MAIN TAPOVAN ROAD TO RAJESH DHIMAN HOUSE W.NO-17,0.0,0.0,0.0,0.0,0,2.0,33.0,2.0,33.0,Municipal Corp.Dharamsala  ,,,,,,,,,,,,,,,,,,,,,,,,,,,,,,,,,,,,,,,,,,,KANGRA ,
5859.0,35.0,18.0,Active,,,,,,,31-07-2020,,,,,,,,,,,,,,,,,,,,,,,,,,,,,,,,,,,,,,,,,,,,,,,,,,,,,,,,,,0.25,DAMAGE OF ROAD FROM NARINDER SAAHI HOUSE TO LAXMAN HOUSE W.NO-17,0.0,0.0,0.0,0.0,0,2.0,33.0,2.0,33.0,Municipal Corp.Dharamsala  ,,,,,,,,,,,,,,,,,,,,,,,,,,,,,,,,,,,,,,,,,,,KANGRA ,
5858.0,43.0,18.0,Active,,,,,,,28-07-2020,,,,,,,,,,,,,,,,,,,,,,,,,,,,,,,,,,,,,,,,,,,,,,,,,,,,,,,,,,0.1,DAMAGE OF ROAD NEAR NALLAH NEAR CIRCUIT HOUSE AT CHILGARHI,0.0,0.0,0.0,0.0,0,2.0,33.0,2.0,33.0,Municipal Corp.Dharamsala  ,,,,,,,,,,,,,,,,,,,,,,,,,,,,,,,,,,,,,,,,,,,KANGRA ,
5858.0,43.0,18.0,Active,,,,,,,28-07-2020,,,,,,,,,,,,,,,,,,,,,,,,,,,,,,,,,,,,,,,,,,,,,,,,,,,,,,,,,,0.1,DAMAGE OF DRAIN OPPOSITE TO GIRLS SCHOOL,0.0,0.0,0.0,0.0,0,2.0,33.0,2.0,33.0,Municipal Corp.Dharamsala  ,,,,,,,,,,,,,,,,,,,,,,,,,,,,,,,,,,,,,,,,,,,KANGRA ,
5858.0,43.0,18.0,Active,,,,,,,28-07-2020,,,,,,,,,,,,,,,,,,,,,,,,,,,,,,,,,,,,,,,,,,,,,,,,,,,,,,,,,,0.045,DAMAGE OF NALLAH NEAR URBAN SOCIETY WN 7,0.0,0.0,0.0,0.0,0,2.0,33.0,2.0,33.0,Municipal Corp.Dharamsala  ,,,,,,,,,,,,,,,,,,,,,,,,,,,,,,,,,,,,,,,,,,,KANGRA ,
5858.0,43.0,18.0,Active,,,,,,,28-07-2020,,,,,,,,,,,,,,,,,,,,,,,,,,,,,,,,,,,,,,,,,,,,,,,,,,,,,,,,,,0.035,DAMAGE OF DRAIN AND RETAINING WALL AT ANGANWADI,0.0,0.0,0.0,0.0,0,2.0,33.0,2.0,33.0,Municipal Corp.Dharamsala  ,,,,,,,,,,,,,,,,,,,,,,,,,,,,,,,,,,,,,,,,,,,KANGRA ,
5858.0,43.0,18.0,Active,,,,,,,28-07-2020,,,,,,,,,,,,,,,,,,,,,,,,,,,,,,,,,,,,,,,,,,,,,,,,,,,,,,,,,,0.05,DAMAGE OF NALLAH NEAR EX COUNCILLOR HOUSE IN WN 7,0.0,0.0,0.0,0.0,0,2.0,33.0,2.0,33.0,Municipal Corp.Dharamsala  ,,,,,,,,,,,,,,,,,,,,,,,,,,,,,,,,,,,,,,,,,,,KANGRA ,
5859.0,35.0,18.0,Active,,,,,,,31-07-2020,,,,,,,,,,,,,,,,,,,,,,,,,,,,,,,,,,,,,,,,,,,,,,,,,,,,,,,,,,0.05,DAMAGE OF RETAINING WALL NEAR GROUND DUSTBIN OPPOSITE JODHAMAL SARAI,0.0,0.0,0.0,0.0,0,2.0,33.0,2.0,33.0,Municipal Corp.Dharamsala  ,,,,,,,,,,,,,,,,,,,,,,,,,,,,,,,,,,,,,,,,,,,KANGRA ,
4205.0,1.0,26.0,Active,,,,,,,06-07-2020,,,,,,,,,,,,,,,,,,,,,,,,,,,,,,,,,,,,,,,,,,,,,,,,,,,,,,,,,,0.18, renovation works of damages,0.0,0.0,0.0,0.0,0,1.0,24.0,1.0,24.0,Nagar Panchayat Gagret  ,,,,,,,,,,,,,,,,,,,,,,,,,,,,,,,,,,,,,,,,,,,UNA ,
5158.0,35.0,23.0,Active,,,,,,,04-09-2020,,,,,,,,,,,,,,,,,,,,,,,,,,,,,,,,,,,,,,,,,,,,,,,,,,,,,,,,,,0.6,0,0.0,0.0,0.0,0.0,0,2.0,2.0,2.0,2.0,"Municipal Council, Rampur  ",,,,,,,,,,,,,,,,,,,,,,,,,,,,,,,,,,,,,,,,,,,SHIMLA ,
11073.0,35.0,23.0,Active,,,,,,,24-07-2021,,,,,,,,,,,,,,,,,,,,,,,,,,,,,,,,,,,,,,,,,,,,,,,,,,,,,,,,,,1.5,0,0.0,0.0,0.0,0.0,0,2.0,2.0,2.0,2.0,"Municipal Council, Rampur  ",,,,,,,,,,,,,,,,,,,,,,,,,,,,,,,,,,,,,,,,,,,SHIMLA ,
8652.0,1.0,23.0,Active,,,,,,,18-06-2021,,,,,,,,,,,,,,,,,,,,,,,,,,,,,,,,,,,,,,,,,,,,,,,,,,,,,,,,,,0.8,0,0.0,0.0,0.0,0.0,0,2.0,2.0,2.0,2.0,"Municipal Council, Rampur  ",,,,,,,,,,,,,,,,,,,,,,,,,,,,,,,,,,,,,,,,,,,SHIMLA ,
11075.0,1.0,23.0,Active,,,,,,,21-07-2021,,,,,,,,,,,,,,,,,,,,,,,,,,,,,,,,,,,,,,,,,,,,,,,,,,,,,,,,,,0.8,0,0.0,0.0,0.0,0.0,0,2.0,2.0,2.0,2.0,"Municipal Council, Rampur  ",,,,,,,,,,,,,,,,,,,,,,,,,,,,,,,,,,,,,,,,,,,SHIMLA ,
8879.0,35.0,18.0,Active,,,,,,,12-07-2021,,,,,,,,,,,,,,,,,,,,,,,,,,,,,,,,,,,,,,,,,,,,,,,,,,,,,,,,,,0.8,damage of road Ward No. 1,0.0,0.0,0.0,0.0,0,2.0,33.0,2.0,33.0,Municipal Corp.Dharamsala  ,,,,,,,,,,,,,,,,,,,,,,,,,,,,,,,,,,,,,,,,,,,KANGRA ,
8879.0,1.0,18.0,Active,,,,,,,12-07-2021,,,,,,,,,,,,,,,,,,,,,,,,,,,,,,,,,,,,,,,,,,,,,,,,,,,,,,,,,,0.8,Damage of Road  Ward No. 2,0.0,0.0,0.0,0.0,0,2.0,33.0,2.0,33.0,Municipal Corp.Dharamsala  ,,,,,,,,,,,,,,,,,,,,,,,,,,,,,,,,,,,,,,,,,,,KANGRA ,
11832.0,1.0,15.0,Active,,,,,,,22-08-2021,,,,,,,,,,,,,,,,,,,,,,,,,,,,,,,,,,,,,,,,,,,,,,,,,,,,,,,,,,1.7,Removal of slips/ damage to drains / paths,0.0,12.0,0.0,6.0,"Community Hall in Ward No.1, Junjghar in Ward No.1 damage to community kitchen at Rehan Basrea",1.0,21.0,1.0,21.0,Nagar Panchayat Talai  ,,,,,,,,,,,,,,,,,,,,,,,,,,,,,,,,,,,,,,,,,,,BILASPUR ,
11920.0,35.0,15.0,Active,,,,,,,23-08-2021,,,,,,,,,,,,,,,,,,,,,,,,,,,,,,,,,,,,,,,,,,,,,,,,,,,,,,,,,,1.3,Removal of Slip/ Damages to drain,20.0,1000.0,0.6,20.0,Community Hall,2.0,18.0,2.0,18.0,"Municipal Council,Bilaspur  ",,,,,,,,,,,,,,,,,,,,,,,,,,,,,,,,,,,,,,,,,,,BILASPUR ,
19198.0,35.0,23.0,Active,,,,,,,31-07-2022,,,,,,,,,,,,,,,,,,,,,,,,,,,,,,,,,,,,,,,,,,,,,,,,,,,,,,,,,,0.016,Damage of Drain & Nallah behind OP Kaushal house,0.0,0.0,0.0,0.0,0,1.0,9.0,1.0,9.0,Nagar Panchayat Narkanda  ,,,,,,,,,,,,,,,,,,,,,,,,,,,,,,,,,,,,,,,,,,,SHIMLA ,
20381.0,35.0,17.0,Active,,,,,,,17-08-2022,,,,,,,,,,,,,,,,,,,,,,,,,,,,,,,,,,,,,,,,,,,,,,,,,,,,,,,,,,0.12,0,0.0,0.0,0.0,0.0,0,2.0,29.0,2.0,29.0,Municipal Council Sujanpur  ,,,,,,,,,,,,,,,,,,,,,,,,,,,,,,,,,,,,,,,,,,,HAMIRPUR ,
20414.0,35.0,18.0,Active,,,,,,,03-09-2022,,,,,,,,,,,,,,,,,,,,,,,,,,,,,,,,,,,,,,,,,,,,,,,,,,,,,,,,,,5.0,cloud brust at Khaniyara ward no.15,10.0,1500.0,0.0,25.0,junj ghar,-1.0,33.0,-1.0,33.0,Municipal Corp.Dharamsala  ,,,,,,,,,,,,,,,,,,,,,,,,,,,,,,,,,,,,,,,,,,,KANGRA ,
20673.0,35.0,18.0,Active,,,,,,,20-08-2022,,,,,,,,,,,,,,,,,,,,,,,,,,,,,,,,,,,,,,,,,,,,,,,,,,,,,,,,,,0.3,Damage of crate along Nallah in Ward No. 07 Bodh Nurpur,0.0,0.0,0.0,50.0,0,2.0,35.0,2.0,35.0,"Municipal Council,Nurpur  ",,,,,,,,,,,,,,,,,,,,,,,,,,,,,,,,,,,,,,,,,,,KANGRA ,
24172.0,35.0,23.0,Active,,,,,,,26-05-2023,,,,,,,,,,,,,,,,,,,,,,,,,,,,,,,,,,,,,,,,,,,,,,,,,,,,,,,,,,0.008,0,0.0,0.0,0.0,0.0,0,2.0,3.0,2.0,3.0,"Municipal Council,Theog  ",,,,,,,,,,,,,,,,,,,,,,,,,,,,,,,,,,,,,,,,,,,SHIMLA ,
24651.0,1.0,23.0,Active,,,,,,,30-06-2023,,,,,,,,,,,,,,,,,,,,,,,,,,,,,,,,,,,,,,,,,,,,,,,,,,,,,,,,,,1.995,0,0.0,0.0,0.0,0.0,0,2.0,1.0,2.0,1.0,"Municipal Corp., Shimla ",,,,,,,,,,,,,,,,,,,,,,,,,,,,,,,,,,,,,,,,,,,SHIMLA ,
24652.0,1.0,23.0,Active,,,,,,,10-07-2023,,,,,,,,,,,,,,,,,,,,,,,,,,,,,,,,,,,,,,,,,,,,,,,,,,,,,,,,,,0.905,0,0.0,0.0,0.0,0.0,0,2.0,1.0,2.0,1.0,"Municipal Corp., Shimla ",,,,,,,,,,,,,,,,,,,,,,,,,,,,,,,,,,,,,,,,,,,SHIMLA ,
24754.0,35.0,23.0,Active,,,,,,,12-07-2023,,,,,,,,,,,,,,,,,,,,,,,,,,,,,,,,,,,,,,,,,,,,,,,,,,,,,,,,,,1.0,0,0.0,0.0,0.0,0.0,0,2.0,1.0,2.0,1.0,"Municipal Corp., Shimla ",,,,,,,,,,,,,,,,,,,,,,,,,,,,,,,,,,,,,,,,,,,SHIMLA ,
24628.0,35.0,22.0,Active,,,,,,,10-07-2023,,,,,,,,,,,,,,,,,,,,,,,,,,,,,,,,,,,,,,,,,,,,,,,,,,,,,,,,,,0.0,"Loss to Shamshan ghat,Hanuman ghat at mandi ",0.0,0.0,0.0,0.0,0,2.0,44.0,2.0,44.0,"Municipal Council,Mandi  ",,,,,,,,,,,,,,,,,,,,,,,,,,,,,,,,,,,,,,,,,,,MANDI ,
24628.0,35.0,22.0,Active,,,,,,,10-07-2023,,,,,,,,,,,,,,,,,,,,,,,,,,,,,,,,,,,,,,,,,,,,,,,,,,,,,,,,,,0.0,"Damage to shamshul ghat, Dugli ghat and retaining wall ",0.0,0.0,0.0,0.0,0,2.0,44.0,2.0,44.0,"Municipal Council,Mandi  ",,,,,,,,,,,,,,,,,,,,,,,,,,,,,,,,,,,,,,,,,,,MANDI ,
25848.0,35.0,23.0,Active,,,,,,,19-07-2023,,,,,,,,,,,,,,,,,,,,,,,,,,,,,,,,,,,,,,,,,,,,,,,,,,,,,,,,,,1.8,0,0.0,0.0,0.0,0.0,0,2.0,1.0,2.0,1.0,"Municipal Corp., Shimla ",,,,,,,,,,,,,,,,,,,,,,,,,,,,,,,,,,,,,,,,,,,SHIMLA ,
25851.0,35.0,23.0,Active,,,,,,,31-07-2023,,,,,,,,,,,,,,,,,,,,,,,,,,,,,,,,,,,,,,,,,,,,,,,,,,,,,,,,,,1.6,0,0.0,0.0,0.0,0.0,0,2.0,1.0,2.0,1.0,"Municipal Corp., Shimla ",,,,,,,,,,,,,,,,,,,,,,,,,,,,,,,,,,,,,,,,,,,SHIMLA ,
25853.0,35.0,23.0,Active,,,,,,,01-08-2023,,,,,,,,,,,,,,,,,,,,,,,,,,,,,,,,,,,,,,,,,,,,,,,,,,,,,,,,,,5.12,0,0.0,0.0,0.0,0.0,0,2.0,1.0,2.0,1.0,"Municipal Corp., Shimla ",,,,,,,,,,,,,,,,,,,,,,,,,,,,,,,,,,,,,,,,,,,SHIMLA ,
26195.0,35.0,23.0,Active,,,,,,,07-08-2023,,,,,,,,,,,,,,,,,,,,,,,,,,,,,,,,,,,,,,,,,,,,,,,,,,,,,,,,,,0.8,0,0.0,0.0,0.0,0.0,0,2.0,1.0,2.0,1.0,"Municipal Corp., Shimla ",,,,,,,,,,,,,,,,,,,,,,,,,,,,,,,,,,,,,,,,,,,SHIMLA ,
26193.0,1.0,23.0,Active,,,,,,,16-08-2023,,,,,,,,,,,,,,,,,,,,,,,,,,,,,,,,,,,,,,,,,,,,,,,,,,,,,,,,,,1.4,0,0.0,0.0,0.0,0.0,0,2.0,1.0,2.0,1.0,"Municipal Corp., Shimla ",,,,,,,,,,,,,,,,,,,,,,,,,,,,,,,,,,,,,,,,,,,SHIMLA ,
26196.0,35.0,23.0,Active,,,,,,,17-08-2023,,,,,,,,,,,,,,,,,,,,,,,,,,,,,,,,,,,,,,,,,,,,,,,,,,,,,,,,,,1.5,0,0.0,0.0,0.0,0.0,0,2.0,1.0,2.0,1.0,"Municipal Corp., Shimla ",,,,,,,,,,,,,,,,,,,,,,,,,,,,,,,,,,,,,,,,,,,SHIMLA ,
26426.0,35.0,23.0,Active,,,,,,,26-08-2023,,,,,,,,,,,,,,,,,,,,,,,,,,,,,,,,,,,,,,,,,,,,,,,,,,,,,,,,,,3.5,0,0.0,0.0,0.0,0.0,0,2.0,1.0,2.0,1.0,"Municipal Corp., Shimla ",,,,,,,,,,,,,,,,,,,,,,,,,,,,,,,,,,,,,,,,,,,SHIMLA ,
25974.0,1.0,23.0,Active,,,,,,,09-08-2023,,,,,,,,,,,,,,,,,,,,,,,,,,,,,,,,,,,,,,,,,,,,,,,,,,,,,,,,,,0.012,0,0.0,0.0,0.0,0.0,0,2.0,3.0,2.0,3.0,"Municipal Council,Theog  ",,,,,,,,,,,,,,,,,,,,,,,,,,,,,,,,,,,,,,,,,,,SHIMLA ,
26193.0,35.0,23.0,Active,,,,,,,16-08-2023,,,,,,,,,,,,,,,,,,,,,,,,,,,,,,,,,,,,,,,,,,,,,,,,,,,,,,,,,,0.001,0,0.0,0.0,0.0,0.0,0,2.0,3.0,2.0,3.0,"Municipal Council,Theog  ",,,,,,,,,,,,,,,,,,,,,,,,,,,,,,,,,,,,,,,,,,,SHIMLA ,
26690.0,1.0,23.0,Active,,,,,,,11-09-2023,,,,,,,,,,,,,,,,,,,,,,,,,,,,,,,,,,,,,,,,,,,,,,,,,,,,,,,,,,1.0,0,0.0,0.0,0.0,0.0,0,2.0,1.0,2.0,1.0,"Municipal Corp., Shimla ",,,,,,,,,,,,,,,,,,,,,,,,,,,,,,,,,,,,,,,,,,,SHIMLA ,
4134.0,34.0,,Active,,,,,,,12-03-2020,,,,,,,,,,,,,,,,,,,,,,,,,,,,,,,,,,,,,,,,,,,,,,,,,,,Suni,Shimla,,,,,,,,,,,,,,,,,,1024.0,0.0,0.0,0.85,32000.0,1.0,500.0,0.28,Khel Chora,0.0,0.27,0.01,0.0,0.0,0.0,,,,,,,,,,,,,,,,,,,,,,,,,,,,,
4196.0,34.0,,Active,,,,,,,24-06-2020,,,,,,,,,,,,,,,,,,,,,,,,,,,,,,,,,,,,,,,,,,,,,,,,,,,Baddi,Solan,,,,,,,,,,,,,,,,,,1038.0,4.7,50000.0,0.0,0.0,8.0,4000.0,2.67,"Baddi, Barotiwala & S/a",2.35,0.0,0.32,0.0,0.0,0.0,,,,,,,,,,,,,,,,,,,,,,,,,,,,,
2993.0,34.0,,Active,,,,,,,29-07-2020,,,,,,,,,,,,,,,,,,,,,,,,,,,,,,,,,,,,,,,,,,,,,,,,,,,Bilaspur,Bilaspur,,,,,,,,,,,,,,,,,,1054.0,0.0,50000.0,0.0,50000.0,9.0,4000.0,0.36,"ESD Kot,No-I & No-II",0.0,0.0,0.36,0.0,0.0,100000.0,,,,,,,,,,,,,,,,,,,,,,,,,,,,,
2993.0,34.0,,Active,,,,,,,29-07-2020,,,,,,,,,,,,,,,,,,,,,,,,,,,,,,,,,,,,,,,,,,,,,,,,,,,Ghumarwin,Bilaspur,,,,,,,,,,,,,,,,,,1055.0,0.0,50000.0,0.0,50000.0,24.0,4000.0,0.96,"ESD Bharari,Jhandutta & talai",0.0,0.0,0.96,0.0,0.0,100000.0,,,,,,,,,,,,,,,,,,,,,,,,,,,,,
2993.0,34.0,,Active,,,,,,,29-07-2020,,,,,,,,,,,,,,,,,,,,,,,,,,,,,,,,,,,,,,,,,,,,,,,,,,,Ghumarwin,Bilaspur,,,,,,,,,,,,,,,,,,1080.0,0.0,50000.0,1.2,50000.0,6.0,4000.0,0.84,ESD Jhandutta,0.0,0.6,0.24,0.0,0.0,100000.0,,,,,,,,,,,,,,,,,,,,,,,,,,,,,
4540.0,34.0,,Active,,,,,,,19-08-2020,,,,,,,,,,,,,,,,,,,,,,,,,,,,,,,,,,,,,,,,,,,,,,,,,,,Dalhousie,Dalhousie,,,,,,,,,,,,,,,,,,1098.0,1.565,0.5,1.5,0.5,16.0,0.04,4e-05,"Lahru, Jolna, Magzine,Bakloh, Tornu,Fagot, Pukhri, Kanda and surrounding areas",1e-05,1e-05,1e-05,2e-05,2.0,1.0,,,,,,,,,,,,,,,,,,,,,,,,,,,,,
4540.0,34.0,,Active,,,,,,,19-08-2020,,,,,,,,,,,,,,,,,,,,,,,,,,,,,,,,,,,,,,,,,,,,,,,,,,,Dalhousie,Dalhousie,,,,,,,,,,,,,,,,,,1112.0,1.57,50000.0,1.5,50000.0,16.0,4000.0,4.175,"Lahru, Magzine",0.785,0.75,0.64,2.0,2.0,100000.0,,,,,,,,,,,,,,,,,,,,,,,,,,,,,
4622.0,34.0,,Active,,,,,,,18-08-2020,,,,,,,,,,,,,,,,,,,,,,,,,,,,,,,,,,,,,,,,,,,,,,,,,,,Baddi,Solan,,,,,,,,,,,,,,,,,,1116.0,0.0,0.0,0.0,0.0,4.0,4000.0,0.16,"Goela, Barotiwala",0.0,0.0,0.16,0.0,0.0,0.0,,,,,,,,,,,,,,,,,,,,,,,,,,,,,
4689.0,34.0,,Active,,,,,,,20-08-2020,,,,,,,,,,,,,,,,,,,,,,,,,,,,,,,,,,,,,,,,,,,,,,,,,,,Bilaspur,Bilaspur,,,,,,,,,,,,,,,,,,1142.0,0.0,50000.0,0.4,50000.0,3.0,4000.0,0.32,ESD Kot,0.0,0.2,0.12,0.0,0.0,100000.0,,,,,,,,,,,,,,,,,,,,,,,,,,,,,
4772.0,34.0,,Active,,,,,,,18-08-2020,,,,,,,,,,,,,,,,,,,,,,,,,,,,,,,,,,,,,,,,,,,,,,,,,,,Baddi,Solan,,,,,,,,,,,,,,,,,,1146.0,0.0,0.0,0.0,0.0,4.0,4000.0,1.16,Goela,0.0,0.0,0.16,1.0,1.0,100000.0,,,,,,,,,,,,,,,,,,,,,,,,,,,,,
4768.0,34.0,,Active,,,,,,,20-08-2020,,,,,,,,,,,,,,,,,,,,,,,,,,,,,,,,,,,,,,,,,,,,,,,,,,,Barsar,Hamirpur,,,,,,,,,,,,,,,,,,1163.0,1.75,50000.0,1.5,50000.0,4.0,4000.0,1.785,H.T. Line damaged in UESD Barsar and Bijhar at Jabbal Kahairiyan and  Village Jaral respctively and 3 PHASE L.T. Line damaged at village Kalwal UESD Bijhar on Dated 20.08.20,0.875,0.75,0.16,0.0,0.0,0.0,,,,,,,,,,,,,,,,,,,,,,,,,,,,,
4353.0,34.0,,Active,,,,,,,13-08-2020,,,,,,,,,,,,,,,,,,,,,,,,,,,,,,,,,,,,,,,,,,,,,,,,,,,Barsar,Hamirpur,,,,,,,,,,,,,,,,,,1164.0,0.0,50000.0,0.71,50000.0,3.0,4000.0,0.475,3 Phase L.t line Damaged at Village  Guru da bann UESD Bijhar and IB Village Ghumarwin UESD Barsar,0.0,0.355,0.12,0.0,0.0,0.0,,,,,,,,,,,,,,,,,,,,,,,,,,,,,
4996.0,34.0,,Active,,,,,,,28-08-2020,,,,,,,,,,,,,,,,,,,,,,,,,,,,,,,,,,,,,,,,,,,,,,,,,,,Hamirpur,Hamirpur,,,,,,,,,,,,,,,,,,1218.0,0.0,50000.0,1.0,50000.0,2.0,4000.0,0.58,Damaged in (E) section Sujanpur.,0.0,0.5,0.08,0.0,0.0,100000.0,,,,,,,,,,,,,,,,,,,,,,,,,,,,,
4996.0,34.0,,Active,,,,,,,28-08-2020,,,,,,,,,,,,,,,,,,,,,,,,,,,,,,,,,,,,,,,,,,,,,,,,,,,Hamirpur,Hamirpur,,,,,,,,,,,,,,,,,,1219.0,0.0,50000.0,1.0,50000.0,2.0,4000.0,0.58,Damaged in (E) section Sujanpur.,0.0,0.5,0.08,0.0,0.0,100000.0,,,,,,,,,,,,,,,,,,,,,,,,,,,,,
4995.0,34.0,,Active,,,,,,,28-08-2020,,,,,,,,,,,,,,,,,,,,,,,,,,,,,,,,,,,,,,,,,,,,,,,,,,,Nadaun,Hamirpur,,,,,,,,,,,,,,,,,,1220.0,2.61,50000.0,0.22,50000.0,5.0,4000.0,2.615,"Damaged in (E) section Jawalamukhi,vill Dhanot,Saparlu.",1.305,0.11,0.2,1.0,1.0,100000.0,,,,,,,,,,,,,,,,,,,,,,,,,,,,,
5139.0,34.0,,Active,,,,,,,02-09-2020,,,,,,,,,,,,,,,,,,,,,,,,,,,,,,,,,,,,,,,,,,,,,,,,,,,Hamirpur,Hamirpur,,,,,,,,,,,,,,,,,,1223.0,0.0,50000.0,0.0,50000.0,2.0,4000.0,0.08,"Damaged in (E) section Baru,uesd no 2,&vill Gubhar uesd kAKKAR.",0.0,0.0,0.08,0.0,0.0,100000.0,,,,,,,,,,,,,,,,,,,,,,,,,,,,,
5290.0,1041.0,,Active,,,,,,,10-05-2020,,,,,,,,,,,,,,,,,,,,,,,,,,,,,,,,,,,,,,,,,,,,,,,,,,,Kullu,Kullu,,,,,,,,,,,,,,,,,,1232.0,0.0,50000.0,0.0,50000.0,2.0,4000.0,0.08,Kharahal,0.0,0.0,0.08,0.0,0.0,100000.0,,,,,,,,,,,,,,,,,,,,,,,,,,,,,
5286.0,1041.0,,Active,,,,,,,28-08-2020,,,,,,,,,,,,,,,,,,,,,,,,,,,,,,,,,,,,,,,,,,,,,,,,,,,Manali,Kullu,,,,,,,,,,,,,,,,,,1233.0,2.5,50000.0,1.4,50000.0,5.0,4000.0,2.15,"Aleo, Bahang, Vashisht, Solang, Kothi, Fozal, Badagran, Dobhi, Aleo, Burwa, Jagatsukh, Kalath",1.25,0.7,0.2,0.0,0.0,100000.0,,,,,,,,,,,,,,,,,,,,,,,,,,,,,
5286.0,1041.0,,Active,,,,,,,28-08-2020,,,,,,,,,,,,,,,,,,,,,,,,,,,,,,,,,,,,,,,,,,,,,,,,,,,Thalout,Kullu,,,,,,,,,,,,,,,,,,1234.0,24.3,50000.0,59.0,50000.0,99.0,4000.0,49.61,"Thela, Jhuni, Mahun, Manihar, Ninu Nala, Dhaugi, Tandi, Batada, Raila, Dhaman, Bhallan, Teel, Bachhoot, Mohini, Sojha, Chehni, Bathahad, Nohanda, Thati bir, Deotha, Kotla",12.15,29.5,3.96,4.0,4.0,100000.0,,,,,,,,,,,,,,,,,,,,,,,,,,,,,
5384.0,34.0,,Active,,,,,,,04-09-2020,,,,,,,,,,,,,,,,,,,,,,,,,,,,,,,,,,,,,,,,,,,,,,,,,,,Ghumarwin,Bilaspur,,,,,,,,,,,,,,,,,,1240.0,0.3,50000.0,0.2,50000.0,3.0,4000.0,0.37,ESd Kandrour,0.15,0.1,0.12,0.0,0.0,100000.0,,,,,,,,,,,,,,,,,,,,,,,,,,,,,
5717.0,1.0,,Active,,,,,,,21-07-2020,,,,,,,,,,,,,,,,,,,,,,,,,,,,,,,,,,,,,,,,,,,,,,,,,,,Anni,Rampur,,,,,,,,,,,,,,,,,,1243.0,0.4,55000.0,0.25,35000.0,10.0,20000.0,6.1075,"KHANERI,DHAR,PALLI,KIMCHA",0.22,0.0875,2.0,3.8,1.0,380000.0,,,,,,,,,,,,,,,,,,,,,,,,,,,,,
5716.0,1.0,,Active,,,,,,,20-08-2020,,,,,,,,,,,,,,,,,,,,,,,,,,,,,,,,,,,,,,,,,,,,,,,,,,,Anni,Rampur,,,,,,,,,,,,,,,,,,1244.0,0.0,55000.0,0.5,35000.0,6.0,20000.0,1.375,"CHAKLOT,SHAH & KAFTI",0.0,0.175,1.2,0.0,0.0,380000.0,,,,,,,,,,,,,,,,,,,,,,,,,,,,,
5711.0,1.0,,Active,,,,,,,30-07-2020,,,,,,,,,,,,,,,,,,,,,,,,,,,,,,,,,,,,,,,,,,,,,,,,,,,Reckong Peo ,Rampur,,,,,,,,,,,,,,,,,,1245.0,0.2,55000.0,0.1,35000.0,0.0,20000.0,0.145,SOLDING,0.11,0.035,0.0,0.0,0.0,380000.0,,,,,,,,,,,,,,,,,,,,,,,,,,,,,
5712.0,1.0,,Active,,,,,,,31-07-2020,,,,,,,,,,,,,,,,,,,,,,,,,,,,,,,,,,,,,,,,,,,,,,,,,,,Reckong Peo ,Rampur,,,,,,,,,,,,,,,,,,1246.0,0.1,55000.0,0.2,35000.0,1.0,20000.0,0.325,"NIGULSERI,TRANDA",0.055,0.07,0.2,0.0,0.0,380000.0,,,,,,,,,,,,,,,,,,,,,,,,,,,,,
5716.0,1.0,,Active,,,,,,,20-08-2020,,,,,,,,,,,,,,,,,,,,,,,,,,,,,,,,,,,,,,,,,,,,,,,,,,,Reckong Peo ,Rampur,,,,,,,,,,,,,,,,,,1247.0,0.1,55000.0,0.0,35000.0,0.0,20000.0,0.055,"KANGRANG, SHORANG",0.055,0.0,0.0,0.0,0.0,380000.0,,,,,,,,,,,,,,,,,,,,,,,,,,,,,
5713.0,1.0,,Active,,,,,,,21-08-2020,,,,,,,,,,,,,,,,,,,,,,,,,,,,,,,,,,,,,,,,,,,,,,,,,,,Reckong Peo ,Rampur,,,,,,,,,,,,,,,,,,1248.0,0.2,55000.0,0.0,35000.0,0.0,20000.0,0.11,"BAI, ESD BHAWANAGAR",0.11,0.0,0.0,0.0,0.0,380000.0,,,,,,,,,,,,,,,,,,,,,,,,,,,,,
5714.0,1.0,,Active,,,,,,,22-08-2020,,,,,,,,,,,,,,,,,,,,,,,,,,,,,,,,,,,,,,,,,,,,,,,,,,,Reckong Peo ,Rampur,,,,,,,,,,,,,,,,,,1249.0,0.25,55000.0,0.2,35000.0,1.0,20000.0,0.4075,KANDAR,0.1375,0.07,0.2,0.0,0.0,380000.0,,,,,,,,,,,,,,,,,,,,,,,,,,,,,
5715.0,1.0,,Active,,,,,,,24-08-2020,,,,,,,,,,,,,,,,,,,,,,,,,,,,,,,,,,,,,,,,,,,,,,,,,,,Reckong Peo ,Rampur,,,,,,,,,,,,,,,,,,1250.0,0.25,55000.0,0.0,35000.0,0.0,20000.0,0.1375,SAK KANDA,0.1375,0.0,0.0,0.0,0.0,380000.0,,,,,,,,,,,,,,,,,,,,,,,,,,,,,
5715.0,1.0,,Active,,,,,,,24-08-2020,,,,,,,,,,,,,,,,,,,,,,,,,,,,,,,,,,,,,,,,,,,,,,,,,,,Reckong Peo ,Rampur,,,,,,,,,,,,,,,,,,1251.0,0.5,55000.0,0.0,35000.0,0.0,20000.0,0.275,"LAMBER,KUNNU,CHARANG",0.275,0.0,0.0,0.0,0.0,380000.0,,,,,,,,,,,,,,,,,,,,,,,,,,,,,
5706.0,1.0,,Active,,,,,,,22-07-2020,,,,,,,,,,,,,,,,,,,,,,,,,,,,,,,,,,,,,,,,,,,,,,,,,,,Kumarsain,Rampur,,,,,,,,,,,,,,,,,,1252.0,0.6,55000.0,0.7,35000.0,11.0,20000.0,2.775,"MADWANI,SHAROG,KIRTI,KACHEENGHATI,AHAR,KANGAL",0.33,0.245,2.2,0.0,0.0,380000.0,,,,,,,,,,,,,,,,,,,,,,,,,,,,,
5708.0,1.0,,Active,,,,,,,07-09-2020,,,,,,,,,,,,,,,,,,,,,,,,,,,,,,,,,,,,,,,,,,,,,,,,,,,Kumarsain,Rampur,,,,,,,,,,,,,,,,,,1253.0,0.15,55000.0,0.2,35000.0,4.0,20000.0,0.9525,"KATHEEN,BHUTTI,SHIWAN,BARUBAG",0.0825,0.07,0.8,0.0,0.0,380000.0,,,,,,,,,,,,,,,,,,,,,,,,,,,,,
5707.0,1.0,,Active,,,,,,,27-07-2020,,,,,,,,,,,,,,,,,,,,,,,,,,,,,,,,,,,,,,,,,,,,,,,,,,,Kumarsain,Rampur,,,,,,,,,,,,,,,,,,1254.0,0.15,55000.0,0.7,35000.0,11.0,20000.0,2.5275,"BAGHALI,BARUBAG,JAL,JOGSHA,GHARAL,KARETHI",0.0825,0.245,2.2,0.0,0.0,380000.0,,,,,,,,,,,,,,,,,,,,,,,,,,,,,
5729.0,1.0,,Active,,,,,,,14-07-2020,,,,,,,,,,,,,,,,,,,,,,,,,,,,,,,,,,,,,,,,,,,,,,,,,,,Anni,Rampur,,,,,,,,,,,,,,,,,,1256.0,0.4,55000.0,0.75,35000.0,14.0,20000.0,3.2825,"NOGLI,SAMEJ & SARGA",0.22,0.2625,2.8,0.0,0.0,380000.0,,,,,,,,,,,,,,,,,,,,,,,,,,,,,
5730.0,1.0,,Active,,,,,,,27-08-2020,,,,,,,,,,,,,,,,,,,,,,,,,,,,,,,,,,,,,,,,,,,,,,,,,,,Kaza,Rampur,,,,,,,,,,,,,,,,,,1257.0,0.0,55000.0,0.0,35000.0,3.0,38000.0,1.14,LWSS KAZA,0.0,0.0,1.14,0.0,0.0,380000.0,,,,,,,,,,,,,,,,,,,,,,,,,,,,,
8555.0,1041.0,,Active,,,,,,,12-06-2021,,,,,,,,,,,,,,,,,,,,,,,,,,,,,,,,,,,,,,,,,,,,,,,,,,,Kumarsain,Rampur,,,,,,,,,,,,,,,,,,1462.0,1.8,50000.0,2.9,50000.0,43.0,4000.0,7.07,"Baragaon, kangal, malendi, Kingal, Oddi, Bgail, jogsha, barubag, dewridhar, Jarol, Dalan, thanedhar, Kotgarh, Bhutti, Shamathla",0.9,1.45,1.72,3.0,3.0,100000.0,,,,,,,,,,,,,,,,,,,,,,,,,,,,,
8555.0,1041.0,,Active,,,,,,,12-06-2021,,,,,,,,,,,,,,,,,,,,,,,,,,,,,,,,,,,,,,,,,,,,,,,,,,,Rampur ,Rampur,,,,,,,,,,,,,,,,,,1464.0,8.0,50000.0,12.0,50000.0,55.0,4000.0,13.2,"Deothi, Bhali, Jogni, Hattu, Jhau, Darkali, Jrasi, Mashnoo, Dofta",4.0,6.0,2.2,1.0,1.0,100000.0,,,,,,,,,,,,,,,,,,,,,,,,,,,,,
8555.0,1041.0,,Active,,,,,,,12-06-2021,,,,,,,,,,,,,,,,,,,,,,,,,,,,,,,,,,,,,,,,,,,,,,,,,,,Anni,Rampur,,,,,,,,,,,,,,,,,,1499.0,1.6,50000.0,1.1,50000.0,19.0,4000.0,4.11,"Anni, Neether , Nirmand & Jagatkhana",0.8,0.55,0.76,2.0,2.0,100000.0,,,,,,,,,,,,,,,,,,,,,,,,,,,,,
8656.0,34.0,,Active,,,,,,,16-06-2021,,,,,,,,,,,,,,,,,,,,,,,,,,,,,,,,,,,,,,,,,,,,,,,,,,,Ghumarwin,Bilaspur,,,,,,,,,,,,,,,,,,1514.0,0.0,50000.0,3.1,50000.0,30.0,4000.0,2.75,"ESD Jhandutta, ESD Bharari, ESD No. 1 Ghumarwin, ESD No. II Ghumarwin.",0.0,1.55,1.2,0.0,0.0,100000.0,,,,,,,,,,,,,,,,,,,,,,,,,,,,,
8894.0,1041.0,,Active,,,,,,,13-07-2021,,,,,,,,,,,,,,,,,,,,,,,,,,,,,,,,,,,,,,,,,,,,,,,,,,,Rampur ,Rampur,,,,,,,,,,,,,,,,,,1527.0,2.1,50000.0,1.2,50000.0,10.0,4000.0,3.05,"Kumsu , Thanol",1.05,0.6,0.4,1.0,1.0,100000.0,,,,,,,,,,,,,,,,,,,,,,,,,,,,,
8894.0,1041.0,,Active,,,,,,,13-07-2021,,,,,,,,,,,,,,,,,,,,,,,,,,,,,,,,,,,,,,,,,,,,,,,,,,,Kumarsain,Rampur,,,,,,,,,,,,,,,,,,1528.0,1.2,50000.0,1.3,50000.0,12.0,4000.0,1.73,"Kumarsain , Baragaon, Thanedhar",0.6,0.65,0.48,0.0,0.0,100000.0,,,,,,,,,,,,,,,,,,,,,,,,,,,,,
10984.0,34.0,,Active,,,,,,,19-07-2021,,,,,,,,,,,,,,,,,,,,,,,,,,,,,,,,,,,,,,,,,,,,,,,,,,,Nadaun,Hamirpur,,,,,,,,,,,,,,,,,,2555.0,0.0,50000.0,0.3,50000.0,2.0,4000.0,0.23,"In electrical sections Thill,Sapralu & Khundiana UESD Khundiana ",0.0,0.15,0.08,0.0,0.0,100000.0,,,,,,,,,,,,,,,,,,,,,,,,,,,,,
10967.0,34.0,,Active,,,,,,,18-07-2021,,,,,,,,,,,,,,,,,,,,,,,,,,,,,,,,,,,,,,,,,,,,,,,,,,,Ghumarwin,Bilaspur,,,,,,,,,,,,,,,,,,2568.0,0.0,50000.0,0.0,50000.0,0.0,4000.0,1.0,ESD Barthin,0.0,0.0,0.0,1.0,1.0,100000.0,,,,,,,,,,,,,,,,,,,,,,,,,,,,,
10977.0,34.0,,Active,,,,,,,19-07-2021,,,,,,,,,,,,,,,,,,,,,,,,,,,,,,,,,,,,,,,,,,,,,,,,,,,Ghumarwin,Bilaspur,,,,,,,,,,,,,,,,,,2569.0,0.0,50000.0,1.1,50000.0,8.0,4000.0,0.87," ESD Bharari,ESD Barthin, ESD Kandrour",0.0,0.55,0.32,0.0,0.0,100000.0,,,,,,,,,,,,,,,,,,,,,,,,,,,,,
10977.0,34.0,,Active,,,,,,,19-07-2021,,,,,,,,,,,,,,,,,,,,,,,,,,,,,,,,,,,,,,,,,,,,,,,,,,,Bilaspur,Bilaspur,,,,,,,,,,,,,,,,,,2570.0,0.0,50000.0,1.3,50000.0,11.0,4000.0,1.09,ESD Namhol,0.0,0.65,0.44,0.0,0.0,100000.0,,,,,,,,,,,,,,,,,,,,,,,,,,,,,
11055.0,1041.0,,Active,,,,,,,12-07-2021,,,,,,,,,,,,,,,,,,,,,,,,,,,,,,,,,,,,,,,,,,,,,,,,,,,Jubbal,Rohroo,,,,,,,,,,,,,,,,,,2593.0,8.75,50000.0,21.15,50000.0,144.0,4000.0,20.71,"Baghi, Kotkhai, Kiari,Jubbal, Saraswati Nagar",4.375,10.575,5.76,0.0,0.0,100000.0,,,,,,,,,,,,,,,,,,,,,,,,,,,,,
11346.0,1041.0,,Active,,,,,,,28-07-2021,,,,,,,,,,,,,,,,,,,,,,,,,,,,,,,,,,,,,,,,,,,,,,,,,,,Theog,Shimla,,,,,,,,,,,,,,,,,,2594.0,0.84,50000.0,0.36,50000.0,75.0,4000.0,5.6,"Theog, Chaila Matiana, ",0.42,0.18,3.0,2.0,2.0,100000.0,,,,,,,,,,,,,,,,,,,,,,,,,,,,,
11346.0,1041.0,,Active,,,,,,,28-07-2021,,,,,,,,,,,,,,,,,,,,,,,,,,,,,,,,,,,,,,,,,,,,,,,,,,,Suni,Shimla,,,,,,,,,,,,,,,,,,2595.0,2.4,50000.0,4.99,50000.0,57.0,4000.0,5.97,"Jalog, Himri, Dhammi, Reog, Pandao, Ghaini, ",1.2,2.495,2.28,0.0,0.0,100000.0,,,,,,,,,,,,,,,,,,,,,,,,,,,,,
11346.0,1041.0,,Active,,,,,,,28-07-2021,,,,,,,,,,,,,,,,,,,,,,,,,,,,,,,,,,,,,,,,,,,,,,,,,,,Chopal,Shimla,,,,,,,,,,,,,,,,,,2596.0,1.25,50000.0,1.98,50000.0,41.0,4000.0,3.25,"Chopal, Nerwa, Jiknipull, Kupvi",0.625,0.99,1.64,0.0,0.0,100000.0,,,,,,,,,,,,,,,,,,,,,,,,,,,,,
11345.0,1041.0,,Active,,,,,,,29-07-2021,,,,,,,,,,,,,,,,,,,,,,,,,,,,,,,,,,,,,,,,,,,,,,,,,,,City (E),Shimla,,,,,,,,,,,,,,,,,,2597.0,0.84,50000.0,1.96,50000.0,35.0,4000.0,2.8,"Idgah, Bus stand, kachi ghati, boileauganj, ",0.42,0.98,1.4,0.0,0.0,100000.0,,,,,,,,,,,,,,,,,,,,,,,,,,,,,
11345.0,1041.0,,Active,,,,,,,29-07-2021,,,,,,,,,,,,,,,,,,,,,,,,,,,,,,,,,,,,,,,,,,,,,,,,,,,Shimla No. 1,Shimla,,,,,,,,,,,,,,,,,,2598.0,1.32,50000.0,3.08,50000.0,58.0,4000.0,6.52,"Jubbarhatti mashobra baldayan, jutogh, junga khalini",0.66,1.54,2.32,2.0,2.0,100000.0,,,,,,,,,,,,,,,,,,,,,,,,,,,,,
11345.0,1041.0,,Active,,,,,,,29-07-2021,,,,,,,,,,,,,,,,,,,,,,,,,,,,,,,,,,,,,,,,,,,,,,,,,,,Shimla No. 2,Shimla,,,,,,,,,,,,,,,,,,2599.0,0.0,50000.0,0.1,50000.0,10.0,4000.0,0.45,"Panthaghatti, Badagaon, Malyana",0.0,0.05,0.4,0.0,0.0,100000.0,,,,,,,,,,,,,,,,,,,,,,,,,,,,,
11415.0,1041.0,,Active,,,,,,,30-07-2021,,,,,,,,,,,,,,,,,,,,,,,,,,,,,,,,,,,,,,,,,,,,,,,,,,,Baddi,Solan,,,,,,,,,,,,,,,,,,2632.0,4.5,50000.0,0.0,50000.0,6.0,4000.0,2.49,"11kv feeder No.4,16,17 Baddi",2.25,0.0,0.24,0.0,0.0,100000.0,,,,,,,,,,,,,,,,,,,,,,,,,,,,,
11331.0,34.0,,Active,,,,,,,28-07-2021,,,,,,,,,,,,,,,,,,,,,,,,,,,,,,,,,,,,,,,,,,,,,,,,,,,Bilaspur,Bilaspur,,,,,,,,,,,,,,,,,,2638.0,0.0,50000.0,0.0,50000.0,0.0,4000.0,1.0,ESD No.-II Bilaspur at Lakhanpur.,0.0,0.0,0.0,1.0,1.0,100000.0,,,,,,,,,,,,,,,,,,,,,,,,,,,,,
11809.0,34.0,,Active,,,,,,,14-08-2021,,,,,,,,,,,,,,,,,,,,,,,,,,,,,,,,,,,,,,,,,,,,,,,,,,,Bilaspur,Bilaspur,,,,,,,,,,,,,,,,,,2681.0,0.0,50000.0,0.6,50000.0,3.0,4000.0,0.42,ESD Namhol,0.0,0.3,0.12,0.0,0.0,100000.0,,,,,,,,,,,,,,,,,,,,,,,,,,,,,
8852.0,34.0,,Active,,,,,,,11-07-2021,,,,,,,,,,,,,,,,,,,,,,,,,,,,,,,,,,,,,,,,,,,,,,,,,,,Ghumarwin,Bilaspur,,,,,,,,,,,,,,,,,,2693.0,0.0,50000.0,0.0,50000.0,0.0,4000.0,1.0,63kVA DTR Chhanjiyar under ESD-II Ghumarwin damaged.,0.0,0.0,0.0,1.0,1.0,100000.0,,,,,,,,,,,,,,,,,,,,,,,,,,,,,
12281.0,1041.0,,Active,,,,,,,12-09-2021,,,,,,,,,,,,,,,,,,,,,,,,,,,,,,,,,,,,,,,,,,,,,,,,,,,Rampur ,Rampur,,,,,,,,,,,,,,,,,,2699.0,40.0,50000.0,50.0,50000.0,60.0,4000.0,52.4,"Khaneri, Racholi, Chuhabag, Narain, Bahal, Koot, Sarahan, Sarpara",20.0,25.0,2.4,5.0,5.0,100000.0,,,,,,,,,,,,,,,,,,,,,,,,,,,,,
12541.0,1041.0,,Active,,,,,,,23-09-2021,,,,,,,,,,,,,,,,,,,,,,,,,,,,,,,,,,,,,,,,,,,,,,,,,,,Rampur ,Rampur,,,,,,,,,,,,,,,,,,2721.0,20.0,50000.0,23.0,50000.0,35.0,4000.0,27.9,"Jawalda, Addu, Gahan, Kuki Darkali, Taklech, Deothi, Kashapat, Kinnu Bhagwat",10.0,11.5,1.4,5.0,5.0,100000.0,,,,,,,,,,,,,,,,,,,,,,,,,,,,,
12580.0,1041.0,,Active,,,,,,,03-08-2021,,,,,,,,,,,,,,,,,,,,,,,,,,,,,,,,,,,,,,,,,,,,,,,,,,,City (E),Shimla,,,,,,,,,,,,,,,,,,2722.0,0.08,50000.0,0.15,50000.0,0.0,4000.0,0.11,St. Beds College summerhill ,0.04,0.075,0.0,0.0,0.0,100000.0,,,,,,,,,,,,,,,,,,,,,,,,,,,,,
12581.0,1041.0,,Active,,,,,,,22-08-2021,,,,,,,,,,,,,,,,,,,,,,,,,,,,,,,,,,,,,,,,,,,,,,,,,,,City (E),Shimla,,,,,,,,,,,,,,,,,,2723.0,0.15,50000.0,0.0,50000.0,2.0,4000.0,0.15,Palika Bhawan,0.075,0.0,0.08,0.0,0.0,100000.0,,,,,,,,,,,,,,,,,,,,,,,,,,,,,
12582.0,1041.0,,Active,,,,,,,02-09-2021,,,,,,,,,,,,,,,,,,,,,,,,,,,,,,,,,,,,,,,,,,,,,,,,,,,City (E),Shimla,,,,,,,,,,,,,,,,,,2724.0,0.0,0.0,0.2,50000.0,1.0,4000.0,0.14,kanlog,0.0,0.1,0.04,0.0,0.0,0.0,,,,,,,,,,,,,,,,,,,,,,,,,,,,,
12583.0,1041.0,,Active,,,,,,,12-09-2021,,,,,,,,,,,,,,,,,,,,,,,,,,,,,,,,,,,,,,,,,,,,,,,,,,,City (E),Shimla,,,,,,,,,,,,,,,,,,2725.0,0.32,50000.0,0.45,50000.0,9.0,4000.0,0.74,"?Bomleo Local Bus Stand, Engine Ghar, Bag Village",0.16,0.225,0.36,0.0,0.0,0.0,,,,,,,,,,,,,,,,,,,,,,,,,,,,,
12455.0,34.0,,Active,,,,,,,11-09-2021,,,,,,,,,,,,,,,,,,,,,,,,,,,,,,,,,,,,,,,,,,,,,,,,,,,Ghumarwin,Bilaspur,,,,,,,,,,,,,,,,,,2726.0,0.0,50000.0,0.0,50000.0,0.0,4000.0,1.0,63kVA DTR Chhanjiyar under ESD-II Ghumarwin damaged.,0.0,0.0,0.0,1.0,1.0,100000.0,,,,,,,,,,,,,,,,,,,,,,,,,,,,,
12504.0,34.0,,Active,,,,,,,21-09-2021,,,,,,,,,,,,,,,,,,,,,,,,,,,,,,,,,,,,,,,,,,,,,,,,,,,Bilaspur,Bilaspur,,,,,,,,,,,,,,,,,,2727.0,0.0,50000.0,0.42,50000.0,1.0,4000.0,0.25,ESD Namhol,0.0,0.21,0.04,0.0,0.0,100000.0,,,,,,,,,,,,,,,,,,,,,,,,,,,,,
12504.0,34.0,,Active,,,,,,,21-09-2021,,,,,,,,,,,,,,,,,,,,,,,,,,,,,,,,,,,,,,,,,,,,,,,,,,,Ghumarwin,Bilaspur,,,,,,,,,,,,,,,,,,2728.0,0.0,50000.0,0.6,50000.0,5.0,4000.0,0.5," ESD Bharari,, ESD Kandrour under Elect. Div. Ghumarwin",0.0,0.3,0.2,0.0,0.0,100000.0,,,,,,,,,,,,,,,,,,,,,,,,,,,,,
12629.0,34.0,,Active,,,,,,,23-09-2021,,,,,,,,,,,,,,,,,,,,,,,,,,,,,,,,,,,,,,,,,,,,,,,,,,,Bilaspur,Bilaspur,,,,,,,,,,,,,,,,,,2729.0,0.0,50000.0,0.3,50000.0,5.0,4000.0,0.35,"Elect. Sub. Division No.- I & II under Elect. Division HPSEBL, Bilaspur.",0.0,0.15,0.2,0.0,0.0,100000.0,,,,,,,,,,,,,,,,,,,,,,,,,,,,,
12629.0,34.0,,Active,,,,,,,23-09-2021,,,,,,,,,,,,,,,,,,,,,,,,,,,,,,,,,,,,,,,,,,,,,,,,,,,Ghumarwin,Bilaspur,,,,,,,,,,,,,,,,,,2730.0,0.0,50000.0,0.3,50000.0,2.0,4000.0,0.23,ESD No. II (Section Morsinghi) under Elect. Division Ghumarwin.,0.0,0.15,0.08,0.0,0.0,100000.0,,,,,,,,,,,,,,,,,,,,,,,,,,,,,
14022.0,34.0,,Active,,,,,,,12-07-2021,,,,,,,,,,,,,,,,,,,,,,,,,,,,,,,,,,,,,,,,,,,,,,,,,,,Suni,Shimla,,,,,,,,,,,,,,,,,,2750.0,0.5,1144833.0,2.55,910588.0,34.0,17086.0,34.75,"Jalog, Challawag, Nerti, Nehra, Ban ka hat, Bag. Parlog, Banuna Kyalu",5.72416,23.21999,5.80924,0.0,0.0,0.0,,,,,,,,,,,,,,,,,,,,,,,,,,,,,
14021.0,34.0,,Active,,,,,,,25-09-2021,,,,,,,,,,,,,,,,,,,,,,,,,,,,,,,,,,,,,,,,,,,,,,,,,,,City (E),Shimla,,,,,,,,,,,,,,,,,,2751.0,0.3,2197160.0,0.0,0.0,5.0,20535.0,7.62,"11 KV Kanlog feeder, below lacal bus stand shimla",6.59148,0.0,1.02675,0.0,0.0,0.0,,,,,,,,,,,,,,,,,,,,,,,,,,,,,
12541.0,1.0,,Active,,,,,,,23-09-2021,,,,,,,,,,,,,,,,,,,,,,,,,,,,,,,,,,,,,,,,,,,,,,,,,,,Kaza,Rampur,,,,,,,,,,,,,,,,,,2753.0,2.1,50000.0,0.0,50000.0,12.0,4000.0,1.53,Kaurik due to landslide,1.05,0.0,0.48,0.0,0.0,0.0,,,,,,,,,,,,,,,,,,,,,,,,,,,,,
15274.0,1041.0,,Active,,,,,,,09-01-2022,,,,,,,,,,,,,,,,,,,,,,,,,,,,,,,,,,,,,,,,,,,,,,,,,,,Bilaspur,Bilaspur,,,,,,,,,,,,,,,,,,2814.0,0.0,50000.0,0.25,50000.0,3.0,4000.0,0.24,ESD- Kot under ED Bilaspur.,0.0,0.125,0.12,0.0,0.0,100000.0,,,,,,,,,,,,,,,,,,,,,,,,,,,,,
17229.0,1041.0,,Active,,,,,,,22-05-2022,,,,,,,,,,,,,,,,,,,,,,,,,,,,,,,,,,,,,,,,,,,,,,,,,,,Theog,Shimla,,,,,,,,,,,,,,,,,,2916.0,2.2,50000.0,3.2,50000.0,10.0,4000.0,4.1,"Jais Theog Tikker Nangle Devi Gallu, Cheog, Tiyali, Dharech, Sarog, Barog",1.1,1.6,0.4,1.0,1.0,100000.0,,,,,,,,,,,,,,,,,,,,,,,,,,,,,
17228.0,1041.0,,Active,,,,,,,23-05-2022,,,,,,,,,,,,,,,,,,,,,,,,,,,,,,,,,,,,,,,,,,,,,,,,,,,Theog,Shimla,,,,,,,,,,,,,,,,,,2917.0,0.7,50000.0,3.5,50000.0,9.0,4000.0,3.46,"Sandu, Dharampur, Shilaroo, Matiana, Rouni, Lafughati, Bisri, Mahori",0.35,1.75,0.36,1.0,1.0,100000.0,,,,,,,,,,,,,,,,,,,,,,,,,,,,,
17227.0,1041.0,,Active,,,,,,,24-05-2022,,,,,,,,,,,,,,,,,,,,,,,,,,,,,,,,,,,,,,,,,,,,,,,,,,,Theog,Shimla,,,,,,,,,,,,,,,,,,2918.0,0.8,50000.0,5.2,50000.0,12.0,4000.0,4.48,"Deha, Kailash, Tarapur, Ghoond, Shalowa, Kiar, Kuthar, Deothi, Pulbahal, Jorna, Karati, Dhagli",0.4,2.6,0.48,1.0,1.0,100000.0,,,,,,,,,,,,,,,,,,,,,,,,,,,,,
17227.0,1041.0,,Active,,,,,,,24-05-2022,,,,,,,,,,,,,,,,,,,,,,,,,,,,,,,,,,,,,,,,,,,,,,,,,,,Shimla No. 2,Shimla,,,,,,,,,,,,,,,,,,2919.0,0.45,50000.0,5.0,50000.0,8.0,4000.0,3.04,"Bhakrai, Ghatru, PWD IAS Colony, Lamba Jubbeer, Pujarli, Dogra Pul, Keryain, Kawalag, HAS Colony, ",0.225,2.5,0.32,0.0,0.0,0.0,,,,,,,,,,,,,,,,,,,,,,,,,,,,,
17229.0,1041.0,,Active,,,,,,,22-05-2022,,,,,,,,,,,,,,,,,,,,,,,,,,,,,,,,,,,,,,,,,,,,,,,,,,,Suni,Shimla,,,,,,,,,,,,,,,,,,2925.0,1.0,50000.0,0.0,0.0,4.0,4000.0,1.66,"Tatapani, Basantpur, Panyali, Dharogra",0.5,0.0,0.16,1.0,1.0,100000.0,,,,,,,,,,,,,,,,,,,,,,,,,,,,,
17228.0,1041.0,,Active,,,,,,,23-05-2022,,,,,,,,,,,,,,,,,,,,,,,,,,,,,,,,,,,,,,,,,,,,,,,,,,,Shimla No. 1,Shimla,,,,,,,,,,,,,,,,,,2926.0,0.0,0.0,1.6,50000.0,8.0,4000.0,3.12,"Shoghi Jubberhatti, Near Taradevi, Anandpur, Kainchii Mor at Bharyal",0.0,0.8,0.32,2.0,2.0,100000.0,,,,,,,,,,,,,,,,,,,,,,,,,,,,,
17228.0,1041.0,,Active,,,,,,,23-05-2022,,,,,,,,,,,,,,,,,,,,,,,,,,,,,,,,,,,,,,,,,,,,,,,,,,,Shimla No. 1,Shimla,,,,,,,,,,,,,,,,,,2927.0,0.25,50000.0,0.0,0.0,1.0,4000.0,0.17,"Kamlahi, Near TCP Office",0.125,0.0,0.04,0.0,0.0,0.0,,,,,,,,,,,,,,,,,,,,,,,,,,,,,
17227.0,1041.0,,Active,,,,,,,24-05-2022,,,,,,,,,,,,,,,,,,,,,,,,,,,,,,,,,,,,,,,,,,,,,,,,,,,Shimla No. 1,Shimla,,,,,,,,,,,,,,,,,,2928.0,0.0,0.0,1.41,50000.0,1.0,4000.0,0.74,Mashobra,0.0,0.705,0.04,0.0,0.0,0.0,,,,,,,,,,,,,,,,,,,,,,,,,,,,,
17627.0,34.0,,Active,,,,,,,06-07-2022,,,,,,,,,,,,,,,,,,,,,,,,,,,,,,,,,,,,,,,,,,,,,,,,,,,Kullu,Kullu,,,,,,,,,,,,,,,,,,2981.0,0.75,50000.0,5.0,50000.0,70.0,4000.0,5.67,"HT line in village Malana & ChoJ and LT line in village Choj, Gohar & surrounding area under ESD Jari ",0.375,2.5,2.8,0.0,0.0,0.0,,,,,,,,,,,,,,,,,,,,,,,,,,,,,
17580.0,1041.0,,Active,,,,,,,04-07-2022,,,,,,,,,,,,,,,,,,,,,,,,,,,,,,,,,,,,,,,,,,,,,,,,,,,Rampur ,Rampur,,,,,,,,,,,,,,,,,,2983.0,10.0,50000.0,25.0,50000.0,20.0,4000.0,19.3,"MUNISH, KASHAPAT , DEOTHI , MAJHALI, SARAHAN, GANVI, FANCHA, NANTI TIKKAR",5.0,12.5,0.8,1.0,1.0,100000.0,,,,,,,,,,,,,,,,,,,,,,,,,,,,,
17798.0,34.0,,Active,,,,,,,09-07-2022,,,,,,,,,,,,,,,,,,,,,,,,,,,,,,,,,,,,,,,,,,,,,,,,,,,Thalout,Kullu,,,,,,,,,,,,,,,,,,2986.0,0.1,50000.0,0.1,50000.0,3.0,4000.0,1.22,Koishudhar 63 KVA DTR under ESD Nagwain,0.05,0.05,0.12,1.0,1.0,100000.0,,,,,,,,,,,,,,,,,,,,,,,,,,,,,
17839.0,1041.0,,Active,,,,,,,15-07-2022,,,,,,,,,,,,,,,,,,,,,,,,,,,,,,,,,,,,,,,,,,,,,,,,,,,Rampur ,Rampur,,,,,,,,,,,,,,,,,,2988.0,6.0,50000.0,3.0,50000.0,15.0,4000.0,6.1,NANKHARI AND KHOLIGHAT JWALDA AREA,3.0,1.5,0.6,1.0,1.0,100000.0,,,,,,,,,,,,,,,,,,,,,,,,,,,,,
19215.0,1041.0,,Active,,,,,,,30-07-2022,,,,,,,,,,,,,,,,,,,,,,,,,,,,,,,,,,,,,,,,,,,,,,,,,,,Jubbal,Rohroo,,,,,,,,,,,,,,,,,,3051.0,1.5,50000.0,2.0,50000.0,35.0,4000.0,3.15,"Jubbal, S/Nagar, Kotkhai, Baghi, Kiari",0.75,1.0,1.4,0.0,0.0,100000.0,,,,,,,,,,,,,,,,,,,,,,,,,,,,,
19214.0,1041.0,,Active,,,,,,,31-07-2022,,,,,,,,,,,,,,,,,,,,,,,,,,,,,,,,,,,,,,,,,,,,,,,,,,,Rohru ,Rohroo,,,,,,,,,,,,,,,,,,3052.0,2.5,50000.0,2.8,50000.0,55.0,4000.0,4.85,"Rohru, Chirgaon, Chirgaon-I, Tikker",1.25,1.4,2.2,0.0,0.0,100000.0,,,,,,,,,,,,,,,,,,,,,,,,,,,,,
19214.0,1041.0,,Active,,,,,,,31-07-2022,,,,,,,,,,,,,,,,,,,,,,,,,,,,,,,,,,,,,,,,,,,,,,,,,,,Rohru ,Rohroo,,,,,,,,,,,,,,,,,,3053.0,2.5,50000.0,2.8,50000.0,55.0,4000.0,4.85,"Rohru, Chirgaon, Chirgaon-I, Tikker",1.25,1.4,2.2,0.0,0.0,100000.0,,,,,,,,,,,,,,,,,,,,,,,,,,,,,
19280.0,1041.0,,Active,,,,,,,16-07-2022,,,,,,,,,,,,,,,,,,,,,,,,,,,,,,,,,,,,,,,,,,,,,,,,,,,Suni,Shimla,,,,,,,,,,,,,,,,,,3054.0,0.0,0.0,0.3,50000.0,2.0,4000.0,0.23,kayalu,0.0,0.15,0.08,0.0,0.0,0.0,,,,,,,,,,,,,,,,,,,,,,,,,,,,,
19281.0,1041.0,,Active,,,,,,,25-07-2022,,,,,,,,,,,,,,,,,,,,,,,,,,,,,,,,,,,,,,,,,,,,,,,,,,,Suni,Shimla,,,,,,,,,,,,,,,,,,3055.0,0.9,50000.0,1.59,50000.0,18.0,4000.0,1.97,"Ghaini, Badmain. Bashol, Sunni, Ghaini, Dhami, Halog",0.45,0.795,0.72,0.0,0.0,0.0,,,,,,,,,,,,,,,,,,,,,,,,,,,,,
19282.0,1041.0,,Active,,,,,,,31-07-2022,,,,,,,,,,,,,,,,,,,,,,,,,,,,,,,,,,,,,,,,,,,,,,,,,,,Suni,Shimla,,,,,,,,,,,,,,,,,,3056.0,0.15,50000.0,0.3,50000.0,3.0,4000.0,2.34,"Gumma, Chowki, Jhakri. Dafawag",0.075,0.15,0.12,2.0,2.0,100000.0,,,,,,,,,,,,,,,,,,,,,,,,,,,,,
17839.0,1041.0,,Active,,,,,,,15-07-2022,,,,,,,,,,,,,,,,,,,,,,,,,,,,,,,,,,,,,,,,,,,,,,,,,,,Kumarsain,Rampur,,,,,,,,,,,,,,,,,,3057.0,0.0,0.0,0.45,50000.0,4.0,4000.0,0.39,"Ghumana , HP Nagar , Narkanda , Kumarsain",0.0,0.225,0.16,0.0,0.0,0.0,,,,,,,,,,,,,,,,,,,,,,,,,,,,,
19170.0,1041.0,,Active,,,,,,,29-07-2022,,,,,,,,,,,,,,,,,,,,,,,,,,,,,,,,,,,,,,,,,,,,,,,,,,,Kumarsain,Rampur,,,,,,,,,,,,,,,,,,3058.0,2.0,500000.0,2.0,50000.0,6.0,4000.0,12.24,"Oddi, Kumarsain,Konthru , Daro , Madhawani , Baogi , Damari , Ghumana,Akantbari, ",10.0,1.0,0.24,1.0,1.0,100000.0,,,,,,,,,,,,,,,,,,,,,,,,,,,,,
19170.0,1041.0,,Active,,,,,,,29-07-2022,,,,,,,,,,,,,,,,,,,,,,,,,,,,,,,,,,,,,,,,,,,,,,,,,,,Kumarsain,Rampur,,,,,,,,,,,,,,,,,,3059.0,1.0,500000.0,1.5,50000.0,12.0,4000.0,7.23,"Pamlai,Jarol,Thanedhar,Banot,Bithal,Kirti ",5.0,0.75,0.48,1.0,1.0,100000.0,,,,,,,,,,,,,,,,,,,,,,,,,,,,,
19170.0,1041.0,,Active,,,,,,,29-07-2022,,,,,,,,,,,,,,,,,,,,,,,,,,,,,,,,,,,,,,,,,,,,,,,,,,,Rampur ,Rampur,,,,,,,,,,,,,,,,,,3061.0,5.0,50000.0,4.0,50000.0,5.0,4000.0,4.7,"Kinfi, Ropni, Koot, Kheuncha & Fancha",2.5,2.0,0.2,0.0,0.0,0.0,,,,,,,,,,,,,,,,,,,,,,,,,,,,,
19410.0,34.0,,Active,,,,,,,05-08-2022,,,,,,,,,,,,,,,,,,,,,,,,,,,,,,,,,,,,,,,,,,,,,,,,,,,Kullu,Kullu,,,,,,,,,,,,,,,,,,3062.0,0.0,50000.0,0.2,50000.0,0.0,4000.0,1.1,Damaged at Shat ,0.0,0.1,0.0,1.0,1.0,100000.0,,,,,,,,,,,,,,,,,,,,,,,,,,,,,
19480.0,34.0,,Active,,,,,,,08-08-2022,,,,,,,,,,,,,,,,,,,,,,,,,,,,,,,,,,,,,,,,,,,,,,,,,,,Dalhousie,Dalhousie,,,,,,,,,,,,,,,,,,3074.0,2.2,50000.0,2.5,50000.0,15.0,4000.0,2.95,"Dand,Bhandal, Chuted ",1.1,1.25,0.6,0.0,0.0,100000.0,,,,,,,,,,,,,,,,,,,,,,,,,,,,,
19480.0,34.0,,Active,,,,,,,08-08-2022,,,,,,,,,,,,,,,,,,,,,,,,,,,,,,,,,,,,,,,,,,,,,,,,,,,Chamba,Dalhousie,,,,,,,,,,,,,,,,,,3075.0,2.5,50000.0,3.5,50000.0,19.0,4000.0,5.76,Chanju and surrounding ares,1.25,1.75,0.76,2.0,2.0,100000.0,,,,,,,,,,,,,,,,,,,,,,,,,,,,,
19181.0,1041.0,,Active,,,,,,,31-07-2022,,,,,,,,,,,,,,,,,,,,,,,,,,,,,,,,,,,,,,,,,,,,,,,,,,,Reckong Peo ,Rampur,,,,,,,,,,,,,,,,,,3076.0,1.0,50000.0,0.0,0.0,4.0,4000.0,0.66,"Kilba, Lingne.",0.5,0.0,0.16,0.0,0.0,0.0,,,,,,,,,,,,,,,,,,,,,,,,,,,,,
17973.0,34.0,,Active,,,,,,,18-07-2022,,,,,,,,,,,,,,,,,,,,,,,,,,,,,,,,,,,,,,,,,,,,,,,,,,,Reckong Peo ,Rampur,,,,,,,,,,,,,,,,,,3077.0,2.0,50000.0,0.5,50000.0,7.0,4000.0,1.53,Chango & Shalkhar.,1.0,0.25,0.28,0.0,0.0,0.0,,,,,,,,,,,,,,,,,,,,,,,,,,,,,
19129.0,34.0,,Active,,,,,,,19-07-2022,,,,,,,,,,,,,,,,,,,,,,,,,,,,,,,,,,,,,,,,,,,,,,,,,,,Reckong Peo ,Rampur,,,,,,,,,,,,,,,,,,3078.0,0.0,0.0,1.2,50000.0,3.0,4000.0,0.72,Leo & Chulling.,0.0,0.6,0.12,0.0,0.0,0.0,,,,,,,,,,,,,,,,,,,,,,,,,,,,,
19281.0,1041.0,,Active,,,,,,,25-07-2022,,,,,,,,,,,,,,,,,,,,,,,,,,,,,,,,,,,,,,,,,,,,,,,,,,,City (E),Shimla,,,,,,,,,,,,,,,,,,3079.0,0.0,0.0,4.42,50000.0,10.0,4000.0,2.61,"Vice Rigle lodge, Summer Hill, Kennedly House",0.0,2.21,0.4,0.0,0.0,0.0,,,,,,,,,,,,,,,,,,,,,,,,,,,,,
19408.0,1041.0,,Active,,,,,,,06-08-2022,,,,,,,,,,,,,,,,,,,,,,,,,,,,,,,,,,,,,,,,,,,,,,,,,,,Anni,Rampur,,,,,,,,,,,,,,,,,,3080.0,10.0,50000.0,12.0,50000.0,21.0,4000.0,13.94,"Tarala,Khanag,Deem,Daghout,Kamdi,Olwa,Nigan,Kothi,Karshala,Dalash,Neether,Arsu ,Nirmand Bagipul ,Urtoo",5.0,6.0,0.84,2.1,1.0,210000.0,,,,,,,,,,,,,,,,,,,,,,,,,,,,,
19408.0,1041.0,,Active,,,,,,,06-08-2022,,,,,,,,,,,,,,,,,,,,,,,,,,,,,,,,,,,,,,,,,,,,,,,,,,,Kumarsain,Rampur,,,,,,,,,,,,,,,,,,3081.0,1.0,50000.0,1.5,50000.0,3.0,4000.0,2.37,"Deeb,Lathi,Oddi , Narkanda, Madhawani , IPDS Cable HT",0.5,0.75,0.12,1.0,1.0,100000.0,,,,,,,,,,,,,,,,,,,,,,,,,,,,,
19472.0,1041.0,,Active,,,,,,,11-08-2022,,,,,,,,,,,,,,,,,,,,,,,,,,,,,,,,,,,,,,,,,,,,,,,,,,,Jubbal,Rohroo,,,,,,,,,,,,,,,,,,3083.0,1.5,50000.0,0.8,50000.0,9.0,4000.0,1.51,"Jubbal, Kotkhai, S/Nagar, Baghi",0.75,0.4,0.36,0.0,0.0,100000.0,,,,,,,,,,,,,,,,,,,,,,,,,,,,,
19408.0,1041.0,,Active,,,,,,,06-08-2022,,,,,,,,,,,,,,,,,,,,,,,,,,,,,,,,,,,,,,,,,,,,,,,,,,,Kumarsain,Rampur,,,,,,,,,,,,,,,,,,3084.0,2.0,500000.0,2.0,50000.0,10.0,4000.0,12.4,"Shathala, Bankoti, Kurpan Khad Line, Chjaoli, Bargaon, Khalawan, ",10.0,1.0,0.4,1.0,1.0,100000.0,,,,,,,,,,,,,,,,,,,,,,,,,,,,,
19282.0,1041.0,,Active,,,,,,,31-07-2022,,,,,,,,,,,,,,,,,,,,,,,,,,,,,,,,,,,,,,,,,,,,,,,,,,,City (E),Shimla,,,,,,,,,,,,,,,,,,3087.0,1.18,50000.0,1.12,50000.0,7.0,4000.0,1.43,"Near morning view, Guru niwas Lower Kaithu & Thakur bagh (E) section Mythe Manchanda & near walker hospital (E) section Snowdon",0.59,0.56,0.28,0.0,0.0,0.0,,,,,,,,,,,,,,,,,,,,,,,,,,,,,
19621.0,1041.0,,Active,,,,,,,15-08-2022,,,,,,,,,,,,,,,,,,,,,,,,,,,,,,,,,,,,,,,,,,,,,,,,,,,Jubbal,Rohroo,,,,,,,,,,,,,,,,,,3088.0,1.3,50000.0,3.5,50000.0,29.0,4000.0,3.56,"Jubbal, S/Nagar, Kotkhai, Baghi, Kiari",0.65,1.75,1.16,0.0,0.0,100000.0,,,,,,,,,,,,,,,,,,,,,,,,,,,,,
19701.0,1041.0,,Active,,,,,,,16-08-2022,,,,,,,,,,,,,,,,,,,,,,,,,,,,,,,,,,,,,,,,,,,,,,,,,,,Anni,Rampur,,,,,,,,,,,,,,,,,,3095.0,12.0,50000.0,18.0,50000.0,30.0,4000.0,19.2,"main bazar Anni,Deori,Gugrakhad, Khang,Deem,Deeng,Kohila, Kot,,koteseri, Maseh, Zehra,Nirmand, Arsu , Bagipul , Urtoo, Sarahan, Kushwa,Sarga, Badari etc.",6.0,9.0,1.2,3.0,3.0,100000.0,,,,,,,,,,,,,,,,,,,,,,,,,,,,,
19769.0,1041.0,,Active,,,,,,,19-08-2022,,,,,,,,,,,,,,,,,,,,,,,,,,,,,,,,,,,,,,,,,,,,,,,,,,,Jubbal,Rohroo,,,,,,,,,,,,,,,,,,3096.0,1.75,50000.0,1.9,50000.0,25.0,4000.0,2.83,"Jubbal, S/Nagar, Kotkhai, Baghi, Kiari",0.875,0.95,1.0,0.0,0.0,100000.0,,,,,,,,,,,,,,,,,,,,,,,,,,,,,
20350.0,1.0,,Active,,,,,,,20-08-2022,,,,,,,,,,,,,,,,,,,,,,,,,,,,,,,,,,,,,,,,,,,,,,,,,,,Rampur ,,,,,,,,,,,,,,,,,,,3103.0,80.0,22000.0,80.0,19000.0,40.0,25000.0,50.8,"Nankhari, Jawalda, Belupul Kharahan &Addu",17.6,15.2,10.0,8.0,1.0,800000.0,,,,,,,,,,,,,,,,,,,,,,,,,,,,,
19701.0,1041.0,,Active,,,,,,,16-08-2022,,,,,,,,,,,,,,,,,,,,,,,,,,,,,,,,,,,,,,,,,,,,,,,,,,,Kumarsain,Rampur,,,,,,,,,,,,,,,,,,3104.0,1.0,50000.0,1.0,50000.0,4.0,4000.0,1.16,"jubru near nog kenchi kumarsain, pharal, challan ",0.5,0.5,0.16,0.0,0.0,0.0,,,,,,,,,,,,,,,,,,,,,,,,,,,,,
19842.0,34.0,,Active,,,,,,,19-08-2022,,,,,,,,,,,,,,,,,,,,,,,,,,,,,,,,,,,,,,,,,,,,,,,,,,,Hamirpur,Hamirpur,,,,,,,,,,,,,,,,,,3105.0,1.25,50000.0,4.605,50000.0,14.0,4000.0,6.49,"In Palahi mehli khad, patlander,jangelberi , longni puar under ESD Sujanpur,Mattansidh Under ESD lambloo,sangroh Under ESD Tauni devi,ESD No.-2,Dudhla Under Esd Kakkar",0.625,2.3025,0.56,3.0,3.0,100000.0,,,,,,,,,,,,,,,,,,,,,,,,,,,,,
19842.0,34.0,,Active,,,,,,,19-08-2022,,,,,,,,,,,,,,,,,,,,,,,,,,,,,,,,,,,,,,,,,,,,,,,,,,,Barsar,Hamirpur,,,,,,,,,,,,,,,,,,3107.0,3.55,50000.0,2.93,50000.0,7.0,4000.0,3.52,"In village Ramoun, Fagoti,Loharli,Sunwin, Kiara Bagh,Dalchera, Chakrala,Sakroh,Chakmoh,Dandwin  UESD Bijhar,Mundkhar  Dhamrol UESD Bhareri.",1.775,1.465,0.28,0.0,0.0,100000.0,,,,,,,,,,,,,,,,,,,,,,,,,,,,,
19842.0,34.0,,Active,,,,,,,19-08-2022,,,,,,,,,,,,,,,,,,,,,,,,,,,,,,,,,,,,,,,,,,,,,,,,,,,Nadaun,Hamirpur,,,,,,,,,,,,,,,,,,3108.0,7.1,50000.0,0.7,50000.0,20.0,4000.0,4.7,"ESD Rangas,ESD Nadaun",3.55,0.35,0.8,0.0,0.0,100000.0,,,,,,,,,,,,,,,,,,,,,,,,,,,,,
19842.0,34.0,,Active,,,,,,,19-08-2022,,,,,,,,,,,,,,,,,,,,,,,,,,,,,,,,,,,,,,,,,,,,,,,,,,,Nadaun,Hamirpur,,,,,,,,,,,,,,,,,,3109.0,4.1,50000.0,3.8,50000.0,22.0,4000.0,7.83,"In ropa,khundian,nahlian ESDd khundiandib,majheen,majheen,dodru,majheen,silh ESD Majheen",2.05,1.9,0.88,3.0,3.0,100000.0,,,,,,,,,,,,,,,,,,,,,,,,,,,,,
19884.0,1041.0,,Active,,,,,,,21-08-2022,,,,,,,,,,,,,,,,,,,,,,,,,,,,,,,,,,,,,,,,,,,,,,,,,,,Hamirpur,Hamirpur,,,,,,,,,,,,,,,,,,3124.0,5.2,50000.0,20.45,50000.0,56.0,4000.0,15.06,"In Mehli khad, Jangelberi, sachuhi Under ESD Sujanpur, In Dosarka Under ESD No.2,No 1,ESD Lambloo, E section tauni devi, tikkari,kota,ESD Kakkar",2.6,10.225,2.24,0.0,0.0,100000.0,,,,,,,,,,,,,,,,,,,,,,,,,,,,,
19884.0,1041.0,,Active,,,,,,,21-08-2022,,,,,,,,,,,,,,,,,,,,,,,,,,,,,,,,,,,,,,,,,,,,,,,,,,,Nadaun,Hamirpur,,,,,,,,,,,,,,,,,,3125.0,0.0,50000.0,7.1,50000.0,16.0,4000.0,4.19,"ESD Nadaun,ESD Rangas",0.0,3.55,0.64,0.0,0.0,100000.0,,,,,,,,,,,,,,,,,,,,,,,,,,,,,
19701.0,1041.0,,Active,,,,,,,16-08-2022,,,,,,,,,,,,,,,,,,,,,,,,,,,,,,,,,,,,,,,,,,,,,,,,,,,Kumarsain,Rampur,,,,,,,,,,,,,,,,,,3129.0,1.5,50000.0,2.5,50000.0,7.0,4000.0,2.28,"Bagthal, Jabli, Dewridhar, oddi, kumarsain, narkanda, chimla",0.75,1.25,0.28,0.0,0.0,0.0,,,,,,,,,,,,,,,,,,,,,,,,,,,,,
19280.0,1041.0,,Active,,,,,,,16-07-2022,,,,,,,,,,,,,,,,,,,,,,,,,,,,,,,,,,,,,,,,,,,,,,,,,,,Theog,Shimla,,,,,,,,,,,,,,,,,,3137.0,4.9,50000.0,6.8,50000.0,20.0,4000.0,9.65,"Fagu sarog, dharech Theog, Gallu, Cheog, Rahighat, Ragora Bani",2.45,3.4,0.8,3.0,3.0,100000.0,,,,,,,,,,,,,,,,,,,,,,,,,,,,,
20009.0,1041.0,,Active,,,,,,,16-08-2022,,,,,,,,,,,,,,,,,,,,,,,,,,,,,,,,,,,,,,,,,,,,,,,,,,,Theog,Shimla,,,,,,,,,,,,,,,,,,3140.0,5.6,50000.0,6.9,50000.0,45.0,4000.0,10.05,"Fagu sarog, dharech Theog, Gallu, Cheog, Rahighat, Ragora Bani",2.8,3.45,1.8,2.0,2.0,100000.0,,,,,,,,,,,,,,,,,,,,,,,,,,,,,
20006.0,1041.0,,Active,,,,,,,20-08-2022,,,,,,,,,,,,,,,,,,,,,,,,,,,,,,,,,,,,,,,,,,,,,,,,,,,Theog,Shimla,,,,,,,,,,,,,,,,,,3141.0,6.1,50000.0,5.95,50000.0,42.0,4000.0,9.71,"Sandhu, Dharampur, Shilaroo, Matiana, Rouni, Lafughati, Bisri, Mohari",3.05,2.975,1.68,2.0,2.0,100000.0,,,,,,,,,,,,,,,,,,,,,,,,,,,,,
20006.0,1041.0,,Active,,,,,,,20-08-2022,,,,,,,,,,,,,,,,,,,,,,,,,,,,,,,,,,,,,,,,,,,,,,,,,,,Theog,Shimla,,,,,,,,,,,,,,,,,,3142.0,5.41,50000.0,4.95,50000.0,38.0,4000.0,6.7,"Deha, Kailash, Tarapur, Dharkalna, Ghoond, Kiar, Kuthar, Deothi, Basadhar, Pulbahal, Jorna, Dagali, Sainj, Dhamandri",2.705,2.475,1.52,0.0,0.0,0.0,,,,,,,,,,,,,,,,,,,,,,,,,,,,,
20006.0,1041.0,,Active,,,,,,,20-08-2022,,,,,,,,,,,,,,,,,,,,,,,,,,,,,,,,,,,,,,,,,,,,,,,,,,,Suni,Shimla,,,,,,,,,,,,,,,,,,3144.0,2.3,50000.0,2.1,50000.0,11.0,4000.0,2.64,"Gumma Chaba feeder 22 KV tatapani, Badmain feeder, Tattapani, Shakrori, Dadhog, Chaprani, Sail, Himari",1.15,1.05,0.44,0.0,0.0,0.0,,,,,,,,,,,,,,,,,,,,,,,,,,,,,
19282.0,1041.0,,Active,,,,,,,31-07-2022,,,,,,,,,,,,,,,,,,,,,,,,,,,,,,,,,,,,,,,,,,,,,,,,,,,Suni,Shimla,,,,,,,,,,,,,,,,,,3145.0,0.15,50000.0,2.8,50000.0,12.0,4000.0,1.95,"Dhami feede, Sainj Feeder, Gumma-Kadhar",0.075,1.4,0.48,0.0,0.0,0.0,,,,,,,,,,,,,,,,,,,,,,,,,,,,,
20009.0,1041.0,,Active,,,,,,,16-08-2022,,,,,,,,,,,,,,,,,,,,,,,,,,,,,,,,,,,,,,,,,,,,,,,,,,,Suni,Shimla,,,,,,,,,,,,,,,,,,3147.0,0.95,50000.0,2.1,50000.0,2.0,4000.0,1.6,Ghannati feeder,0.475,1.05,0.08,0.0,0.0,0.0,,,,,,,,,,,,,,,,,,,,,,,,,,,,,
20104.0,1041.0,,Active,,,,,,,19-08-2022,,,,,,,,,,,,,,,,,,,,,,,,,,,,,,,,,,,,,,,,,,,,,,,,,,,Dalhousie,Dalhousie,,,,,,,,,,,,,,,,,,3151.0,22.0,50000.0,46.0,50000.0,103.0,4000.0,46.12,"Sihunta, Hatli, Dhulara, Salooni, Diur, Bakloh, Morthu, Magzine, Nanikhad, Bhalaie, Salwan, Chowari, Lahru, Naddal, Banikhet, Panjpulla, Bathri and surrounding areas",11.0,23.0,4.12,8.0,8.0,100000.0,,,,,,,,,,,,,,,,,,,,,,,,,,,,,
20006.0,1041.0,,Active,,,,,,,20-08-2022,,,,,,,,,,,,,,,,,,,,,,,,,,,,,,,,,,,,,,,,,,,,,,,,,,,Chopal,Shimla,,,,,,,,,,,,,,,,,,3158.0,7.5,50000.0,13.59,50000.0,79.0,4000.0,16.7,"cHambi, Chopal, Nerwa, Marog, Jiknipul, Kupvi, Naura, Malat",3.75,6.795,3.16,3.0,3.0,100000.0,,,,,,,,,,,,,,,,,,,,,,,,,,,,,
19280.0,1041.0,,Active,,,,,,,16-07-2022,,,,,,,,,,,,,,,,,,,,,,,,,,,,,,,,,,,,,,,,,,,,,,,,,,,Shimla No. 1,Shimla,,,,,,,,,,,,,,,,,,3159.0,4.0,50000.0,5.0,50000.0,30.0,4000.0,7.7,"ESD Mashobra, Jutogh, Dhalli, Khalini, Junga, ",2.0,2.5,1.2,2.0,2.0,100000.0,,,,,,,,,,,,,,,,,,,,,,,,,,,,,
19282.0,1041.0,,Active,,,,,,,31-07-2022,,,,,,,,,,,,,,,,,,,,,,,,,,,,,,,,,,,,,,,,,,,,,,,,,,,Shimla No. 1,Shimla,,,,,,,,,,,,,,,,,,3160.0,3.0,50000.0,4.0,50000.0,30.0,4000.0,6.7,"ESD Mashobra, Jutogh, Dhalli, Khalini, Junga, ",1.5,2.0,1.2,2.0,2.0,100000.0,,,,,,,,,,,,,,,,,,,,,,,,,,,,,
20009.0,1041.0,,Active,,,,,,,16-08-2022,,,,,,,,,,,,,,,,,,,,,,,,,,,,,,,,,,,,,,,,,,,,,,,,,,,Shimla No. 1,Shimla,,,,,,,,,,,,,,,,,,3161.0,4.2,50000.0,6.69,50000.0,45.0,4000.0,10.25,"ESD Mashobra, Jutogh, Dhalli, Khalini, Junga, ",2.1,3.345,1.8,3.0,3.0,100000.0,,,,,,,,,,,,,,,,,,,,,,,,,,,,,
19773.0,1041.0,,Active,,,,,,,20-08-2022,,,,,,,,,,,,,,,,,,,,,,,,,,,,,,,,,,,,,,,,,,,,,,,,,,,Rohru ,Rohroo,,,,,,,,,,,,,,,,,,3164.0,2.7,50000.0,4.1,50000.0,35.0,4000.0,4.8,"Rohru, Chirgaon, Chirgaon-I, Tikker, Jubbal, S/Nagar, Kotkhai, Baghi, Kiari",1.35,2.05,1.4,0.0,0.0,100000.0,,,,,,,,,,,,,,,,,,,,,,,,,,,,,
19423.0,1041.0,,Active,,,,,,,06-08-2022,,,,,,,,,,,,,,,,,,,,,,,,,,,,,,,,,,,,,,,,,,,,,,,,,,,Rohru ,Rohroo,,,,,,,,,,,,,,,,,,3166.0,3.6,50000.0,5.8,50000.0,45.0,4000.0,6.5,"Rohru, Chirgaon, Chirgaon-I, Tikker, Jubbal, S/Nagar, Kotkhai, Baghi, Kiari",1.8,2.9,1.8,0.0,0.0,100000.0,,,,,,,,,,,,,,,,,,,,,,,,,,,,,
20006.0,34.0,,Active,,,,,,,20-08-2022,,,,,,,,,,,,,,,,,,,,,,,,,,,,,,,,,,,,,,,,,,,,,,,,,,,Shimla No. 2,Shimla,,,,,,,,,,,,,,,,,,3168.0,0.0,0.0,0.0,0.0,0.0,0.0,15.0,Bhattakuffer Sub Station Retaining Wall,0.0,0.0,0.0,15.0,1.0,1500000.0,,,,,,,,,,,,,,,,,,,,,,,,,,,,,
20009.0,1041.0,,Active,,,,,,,16-08-2022,,,,,,,,,,,,,,,,,,,,,,,,,,,,,,,,,,,,,,,,,,,,,,,,,,,City (E),Shimla,,,,,,,,,,,,,,,,,,3169.0,0.0,0.0,2.05,50000.0,13.0,4000.0,2.54,"Kanlog, Bemloe, Himland, Near 1x630 KVA S/stn Kelston,1x250 KVA S/stn Bharari &,2x630 KVA Ellysium., TutiKandi(E) SectionVice-Regal Lodge. ",0.0,1.025,0.52,1.0,1.0,100000.0,,,,,,,,,,,,,,,,,,,,,,,,,,,,,
17743.0,1041.0,,Active,,,,,,,08-07-2022,,,,,,,,,,,,,,,,,,,,,,,,,,,,,,,,,,,,,,,,,,,,,,,,,,,Jubbal,Rohroo,,,,,,,,,,,,,,,,,,3203.0,1.4,50000.0,1.7,50000.0,31.0,4000.0,2.79,"Jubbal, S/Nagar, Kotkhai, Baghi, Kiari",0.7,0.85,1.24,0.0,0.0,100000.0,,,,,,,,,,,,,,,,,,,,,,,,,,,,,
19621.0,1041.0,,Active,,,,,,,15-08-2022,,,,,,,,,,,,,,,,,,,,,,,,,,,,,,,,,,,,,,,,,,,,,,,,,,,Rohru ,Rohroo,,,,,,,,,,,,,,,,,,3204.0,2.1,50000.0,1.6,50000.0,32.0,4000.0,3.13,"Rohru, Chirgaon, Chirgaon-I, Tikker",1.05,0.8,1.28,0.0,0.0,100000.0,,,,,,,,,,,,,,,,,,,,,,,,,,,,,
19280.0,1041.0,,Active,,,,,,,16-07-2022,,,,,,,,,,,,,,,,,,,,,,,,,,,,,,,,,,,,,,,,,,,,,,,,,,,Theog,Shimla,,,,,,,,,,,,,,,,,,3213.0,11.5,50000.0,19.6,50000.0,95.0,4000.0,26.35,"Theog, Fagu Sarog, Darech, Ragora bani, Cheog, Gallu",5.75,9.8,3.8,7.0,7.0,100000.0,,,,,,,,,,,,,,,,,,,,,,,,,,,,,
20009.0,1041.0,,Active,,,,,,,16-08-2022,,,,,,,,,,,,,,,,,,,,,,,,,,,,,,,,,,,,,,,,,,,,,,,,,,,Theog,Shimla,,,,,,,,,,,,,,,,,,3214.0,14.6,50000.0,18.69,50000.0,95.0,4000.0,26.45,"Sandu, Shilaro, Matiana, Lafughatti, Manan, Guthan, Bisri, Manholi",7.3,9.345,3.8,6.0,6.0,100000.0,,,,,,,,,,,,,,,,,,,,,,,,,,,,,
20006.0,1041.0,,Active,,,,,,,20-08-2022,,,,,,,,,,,,,,,,,,,,,,,,,,,,,,,,,,,,,,,,,,,,,,,,,,,Theog,Shimla,,,,,,,,,,,,,,,,,,3215.0,13.6,50000.0,24.63,50000.0,98.0,4000.0,30.04,"Deha, Pulbahal, Kuthar, Kiar, Reha, Dhar, Mihana, Tihana",6.8,12.315,3.92,7.0,7.0,100000.0,,,,,,,,,,,,,,,,,,,,,,,,,,,,,
19769.0,1041.0,,Active,,,,,,,19-08-2022,,,,,,,,,,,,,,,,,,,,,,,,,,,,,,,,,,,,,,,,,,,,,,,,,,,Rohru ,Rohroo,,,,,,,,,,,,,,,,,,3234.0,5.2,50000.0,8.1,50000.0,75.0,4000.0,11.65,"Rohru, Tikker, Chirgaon-I, Chirgaon-II & Kwar",2.6,4.05,3.0,2.0,2.0,100000.0,,,,,,,,,,,,,,,,,,,,,,,,,,,,,
19472.0,1041.0,,Active,,,,,,,11-08-2022,,,,,,,,,,,,,,,,,,,,,,,,,,,,,,,,,,,,,,,,,,,,,,,,,,,Rohru ,Rohroo,,,,,,,,,,,,,,,,,,3235.0,4.8,50000.0,10.2,50000.0,76.0,4000.0,11.54,"Rohru, Tikker, Chirgaon-I, Chirgaon-II & Kwar",2.4,5.1,3.04,1.0,1.0,100000.0,,,,,,,,,,,,,,,,,,,,,,,,,,,,,
17743.0,1041.0,,Active,,,,,,,08-07-2022,,,,,,,,,,,,,,,,,,,,,,,,,,,,,,,,,,,,,,,,,,,,,,,,,,,Rohru ,Rohroo,,,,,,,,,,,,,,,,,,3237.0,4.2,50000.0,7.0,50000.0,85.0,4000.0,11.0,"Rohru, Tikker, Chirgaon-I, Chirgaon-II & Kwar",2.1,3.5,3.4,2.0,2.0,100000.0,,,,,,,,,,,,,,,,,,,,,,,,,,,,,
19214.0,1041.0,,Active,,,,,,,31-07-2022,,,,,,,,,,,,,,,,,,,,,,,,,,,,,,,,,,,,,,,,,,,,,,,,,,,Jubbal,Rohroo,,,,,,,,,,,,,,,,,,3238.0,5.5,50000.0,8.0,50000.0,95.0,4000.0,11.55,"Jubbal, S/nagar, Kotkhai, Baghi, Kiari",2.75,4.0,3.8,1.0,1.0,100000.0,,,,,,,,,,,,,,,,,,,,,,,,,,,,,
17742.0,1041.0,,Active,,,,,,,07-07-2022,,,,,,,,,,,,,,,,,,,,,,,,,,,,,,,,,,,,,,,,,,,,,,,,,,,Jubbal,Rohroo,,,,,,,,,,,,,,,,,,3240.0,3.5,50000.0,5.6,50000.0,55.0,4000.0,7.75,"Jubbal, S/nagar, Kotkhai, Baghi, Kiari",1.75,2.8,2.2,1.0,1.0,100000.0,,,,,,,,,,,,,,,,,,,,,,,,,,,,,
19423.0,1041.0,,Active,,,,,,,06-08-2022,,,,,,,,,,,,,,,,,,,,,,,,,,,,,,,,,,,,,,,,,,,,,,,,,,,Jubbal,Rohroo,,,,,,,,,,,,,,,,,,3241.0,6.2,50000.0,9.2,50000.0,75.0,4000.0,12.7,"Jubbal, S/nagar, Kotkhai, Baghi, Kiari",3.1,4.6,3.0,2.0,2.0,100000.0,,,,,,,,,,,,,,,,,,,,,,,,,,,,,
19424.0,1041.0,,Active,,,,,,,07-08-2022,,,,,,,,,,,,,,,,,,,,,,,,,,,,,,,,,,,,,,,,,,,,,,,,,,,Jubbal,Rohroo,,,,,,,,,,,,,,,,,,3243.0,5.4,50000.0,8.1,50000.0,95.0,4000.0,11.55,"Jubbal, S/nagar, Kotkhai, Baghi, Kiari",2.7,4.05,3.8,1.0,1.0,100000.0,,,,,,,,,,,,,,,,,,,,,,,,,,,,,
20350.0,1041.0,,Active,,,,,,,20-08-2022,,,,,,,,,,,,,,,,,,,,,,,,,,,,,,,,,,,,,,,,,,,,,,,,,,,Rampur ,Rampur,,,,,,,,,,,,,,,,,,3244.0,90.0,50000.0,60.0,50000.0,45.0,4000.0,77.8,"Nankhari, Kharahan, Belupul Addu",45.0,30.0,1.8,1.0,1.0,100000.0,,,,,,,,,,,,,,,,,,,,,,,,,,,,,
20354.0,1041.0,,Active,,,,,,,25-08-2022,,,,,,,,,,,,,,,,,,,,,,,,,,,,,,,,,,,,,,,,,,,,,,,,,,,Rampur ,Rampur,,,,,,,,,,,,,,,,,,3245.0,110.0,50000.0,85.0,50000.0,50.0,4000.0,100.5,"Taklech, Munish, Kashapat, Damrali and Deothi",55.0,42.5,2.0,1.0,1.0,100000.0,,,,,,,,,,,,,,,,,,,,,,,,,,,,,
20353.0,1041.0,,Active,,,,,,,30-08-2022,,,,,,,,,,,,,,,,,,,,,,,,,,,,,,,,,,,,,,,,,,,,,,,,,,,Rampur ,Rampur,,,,,,,,,,,,,,,,,,3246.0,95.0,50000.0,90.0,50000.0,65.0,4000.0,96.1,"Sarahan, Rangori, Shahadhar, Kinnu, Koot, Suru, Nanti and Kiyao",47.5,45.0,2.6,1.0,1.0,100000.0,,,,,,,,,,,,,,,,,,,,,,,,,,,,,
20350.0,1041.0,,Active,,,,,,,20-08-2022,,,,,,,,,,,,,,,,,,,,,,,,,,,,,,,,,,,,,,,,,,,,,,,,,,,Kumarsain,Rampur,,,,,,,,,,,,,,,,,,3253.0,2.0,50000.0,2.0,50000.0,10.0,4000.0,3.4,"Swari Khad Jarol, Kotgarh, Dabbi, Khalawan, Manjabon, Bhera Khad, ",1.0,1.0,0.4,1.0,1.0,100000.0,,,,,,,,,,,,,,,,,,,,,,,,,,,,,
20354.0,1041.0,,Active,,,,,,,25-08-2022,,,,,,,,,,,,,,,,,,,,,,,,,,,,,,,,,,,,,,,,,,,,,,,,,,,Kumarsain,Rampur,,,,,,,,,,,,,,,,,,3254.0,3.0,50000.0,4.0,50000.0,20.0,4000.0,8.3,"Thanedhar, Baragaon , Malendi, Kangal , Oddi, Damari , Deeb , Sawari , Narkanda ",1.5,2.0,0.8,4.0,4.0,100000.0,,,,,,,,,,,,,,,,,,,,,,,,,,,,,
20353.0,1041.0,,Active,,,,,,,30-08-2022,,,,,,,,,,,,,,,,,,,,,,,,,,,,,,,,,,,,,,,,,,,,,,,,,,,Kumarsain,Rampur,,,,,,,,,,,,,,,,,,3255.0,4.0,500000.0,3.0,50000.0,15.0,4000.0,24.1,"Thanedhar,Ghumana, Baragaon , Malendi, Kangal , Oddi, Damari , Deeb , Sawari , Narkanda ",20.0,1.5,0.6,2.0,2.0,100000.0,,,,,,,,,,,,,,,,,,,,,,,,,,,,,
20350.0,1041.0,,Active,,,,,,,20-08-2022,,,,,,,,,,,,,,,,,,,,,,,,,,,,,,,,,,,,,,,,,,,,,,,,,,,Anni,Rampur,,,,,,,,,,,,,,,,,,3256.0,15.0,50000.0,30.0,50000.0,30.0,4000.0,23.7,"Anni,Dalash, Gugra, Chowai, Deori, Neether, Nirmand, Jagatkhana, badari, arsu,urtoo.",7.5,15.0,1.2,0.0,0.0,100000.0,,,,,,,,,,,,,,,,,,,,,,,,,,,,,
20354.0,1041.0,,Active,,,,,,,25-08-2022,,,,,,,,,,,,,,,,,,,,,,,,,,,,,,,,,,,,,,,,,,,,,,,,,,,Anni,Rampur,,,,,,,,,,,,,,,,,,3257.0,40.0,50000.0,58.0,50000.0,55.0,4000.0,51.2,"Anni,Chowai ,Khanag,Deem ,tarala ,Joan Showad ,Kandgai ,dalash Soidhar,Arsu ,Nrimand Bagipul Urtoo ",20.0,29.0,2.2,0.0,0.0,100000.0,,,,,,,,,,,,,,,,,,,,,,,,,,,,,
20353.0,1041.0,,Active,,,,,,,30-08-2022,,,,,,,,,,,,,,,,,,,,,,,,,,,,,,,,,,,,,,,,,,,,,,,,,,,Anni,Rampur,,,,,,,,,,,,,,,,,,3258.0,20.0,50000.0,33.0,50000.0,32.0,4000.0,29.78,"Anni,Chowai ,Khanag,Deem, Tarala,Kandugad ,Lohal ,Kamand,Arsu,Nirmand, Bagipul,Sarahan,Nagerh,Kushwa,Badari,Sarga ,Showad,Lagouti ,Kothi etc.",10.0,16.5,1.28,2.0,2.0,100000.0,,,,,,,,,,,,,,,,,,,,,,,,,,,,,
20428.0,1041.0,,Active,,,,,,,02-09-2022,,,,,,,,,,,,,,,,,,,,,,,,,,,,,,,,,,,,,,,,,,,,,,,,,,,Chopal,,,,,,,,,,,,,,,,,,,3266.0,2.25,50000.0,10.46,50000.0,13.0,4000.0,6.88,"11KV Nerwa Deyia Feeder 22 KV Line, Tikkri Manewati 22KV Bamta, Pauriya J/Pull Section Tharoch Section Nerwa Tikkri Manewati Tharoch, Shilla  Section J/Pull",1.125,5.23,0.52,0.0,0.0,100000.0,,,,,,,,,,,,,,,,,,,,,,,,,,,,,
20006.0,1041.0,,Active,,,,,,,20-08-2022,,,,,,,,,,,,,,,,,,,,,,,,,,,,,,,,,,,,,,,,,,,,,,,,,,,Chopal,Shimla,,,,,,,,,,,,,,,,,,3268.0,6.6,50000.0,5.0,50000.0,15.0,4000.0,6.4,Chopal Sarian Chambi Marog,3.3,2.5,0.6,0.0,0.0,0.0,,,,,,,,,,,,,,,,,,,,,,,,,,,,,
20008.0,1041.0,,Active,,,,,,,10-08-2022,,,,,,,,,,,,,,,,,,,,,,,,,,,,,,,,,,,,,,,,,,,,,,,,,,,Chopal,Shimla,,,,,,,,,,,,,,,,,,3269.0,5.0,50000.0,10.0,50000.0,12.0,4000.0,7.98,Nerwa J/Pull Tikkri Tharoch,2.5,5.0,0.48,0.0,0.0,0.0,,,,,,,,,,,,,,,,,,,,,,,,,,,,,
19281.0,1041.0,,Active,,,,,,,25-07-2022,,,,,,,,,,,,,,,,,,,,,,,,,,,,,,,,,,,,,,,,,,,,,,,,,,,Chopal,Shimla,,,,,,,,,,,,,,,,,,3270.0,2.7,50000.0,3.1,50000.0,12.0,4000.0,3.38,Kupvi Noura Malat,1.35,1.55,0.48,0.0,0.0,0.0,,,,,,,,,,,,,,,,,,,,,,,,,,,,,
20402.0,1041.0,,Active,,,,,,,21-08-2022,,,,,,,,,,,,,,,,,,,,,,,,,,,,,,,,,,,,,,,,,,,,,,,,,,,Suni,Shimla,,,,,,,,,,,,,,,,,,3291.0,4.45,50000.0,1.3,50000.0,32.0,4000.0,4.16,"Bag Sharog Rehana Khartuli Basantpur Distee Summi Near 18/2 Badmain Dhar Tatapani, Palyar Thogi",2.225,0.65,1.28,0.0,0.0,0.0,,,,,,,,,,,,,,,,,,,,,,,,,,,,,
20401.0,1041.0,,Active,,,,,,,22-08-2022,,,,,,,,,,,,,,,,,,,,,,,,,,,,,,,,,,,,,,,,,,,,,,,,,,,Suni,Shimla,,,,,,,,,,,,,,,,,,3292.0,2.35,50000.0,1.05,50000.0,24.0,4000.0,3.66,"Kyalu Reog Banuna Bathora Tharu  Gadheri Nalaha Drabla Mateog Drawal, Drabla Dhar Domehar",1.175,0.525,0.96,1.0,1.0,100000.0,,,,,,,,,,,,,,,,,,,,,,,,,,,,,
20402.0,1041.0,,Active,,,,,,,21-08-2022,,,,,,,,,,,,,,,,,,,,,,,,,,,,,,,,,,,,,,,,,,,,,,,,,,,Suni,Shimla,,,,,,,,,,,,,,,,,,3293.0,2.2,50000.0,2.38,50000.0,21.0,4000.0,4.13,Jhakri Jabri Bainsh Arlot Tikkari Challahat,1.1,1.19,0.84,1.0,1.0,100000.0,,,,,,,,,,,,,,,,,,,,,,,,,,,,,
20544.0,1041.0,,Active,,,,,,,13-09-2022,,,,,,,,,,,,,,,,,,,,,,,,,,,,,,,,,,,,,,,,,,,,,,,,,,,City (E),Shimla,,,,,,,,,,,,,,,,,,3302.0,0.07,50000.0,0.0,0.0,0.0,0.0,0.04,Chitkara Park Station Myth,0.035,0.0,0.0,0.0,0.0,0.0,,,,,,,,,,,,,,,,,,,,,,,,,,,,,
20544.0,1041.0,,Active,,,,,,,13-09-2022,,,,,,,,,,,,,,,,,,,,,,,,,,,,,,,,,,,,,,,,,,,,,,,,,,,City (E),Shimla,,,,,,,,,,,,,,,,,,3303.0,0.0,0.0,0.25,50000.0,2.0,4000.0,0.21,"Khalini to Eastborn (E) section Allupark under ESD, Chhotta Shimla",0.0,0.125,0.08,0.0,0.0,0.0,,,,,,,,,,,,,,,,,,,,,,,,,,,,,
20542.0,1041.0,,Active,,,,,,,10-09-2022,,,,,,,,,,,,,,,,,,,,,,,,,,,,,,,,,,,,,,,,,,,,,,,,,,,City (E),Shimla,,,,,,,,,,,,,,,,,,3304.0,0.05,50000.0,0.0,0.0,0.0,0.0,0.03,"Jakhoo,Teleqwalt & Hanuman temple Jakhoo under ESD, Sanjauli ",0.025,0.0,0.0,0.0,0.0,0.0,,,,,,,,,,,,,,,,,,,,,,,,,,,,,
20543.0,34.0,,Active,,,,,,,11-09-2022,,,,,,,,,,,,,,,,,,,,,,,,,,,,,,,,,,,,,,,,,,,,,,,,,,,City (E),,,,,,,,,,,,,,,,,,,3305.0,0.0,0.0,0.45,981108.0,2.0,21500.0,4.84,Electrical section Kumar house ,0.0,4.41499,0.43,0.0,0.0,0.0,,,,,,,,,,,,,,,,,,,,,,,,,,,,,
20755.0,1041.0,,Active,,,,,,,22-09-2022,,,,,,,,,,,,,,,,,,,,,,,,,,,,,,,,,,,,,,,,,,,,,,,,,,,City (E),Shimla,,,,,,,,,,,,,,,,,,3310.0,0.2,50000.0,0.0,0.0,4.0,4000.0,0.26,"From Old Slaughter House to  Bio  Converation Plant at Lalpani Shimla (E) section Bazar (U) ESD, Ridge Shimla-1.",0.1,0.0,0.16,0.0,0.0,0.0,,,,,,,,,,,,,,,,,,,,,,,,,,,,,
20755.0,1041.0,,Active,,,,,,,22-09-2022,,,,,,,,,,,,,,,,,,,,,,,,,,,,,,,,,,,,,,,,,,,,,,,,,,,City (E),Shimla,,,,,,,,,,,,,,,,,,3311.0,0.0,0.0,1.08,50000.0,0.0,0.0,0.54,"Kanlog (E) section Allupark under ESD, Chhotta Shimla",0.0,0.54,0.0,0.0,0.0,0.0,,,,,,,,,,,,,,,,,,,,,,,,,,,,,
20756.0,1041.0,,Active,,,,,,,23-09-2022,,,,,,,,,,,,,,,,,,,,,,,,,,,,,,,,,,,,,,,,,,,,,,,,,,,City (E),Shimla,,,,,,,,,,,,,,,,,,3312.0,0.3,50000.0,0.09,50000.0,4.0,4000.0,0.35,"Challaunthy By Pass To Lower Challaunthy under ESD, Sanjauli ",0.15,0.045,0.16,0.0,0.0,0.0,,,,,,,,,,,,,,,,,,,,,,,,,,,,,
20755.0,1041.0,,Active,,,,,,,22-09-2022,,,,,,,,,,,,,,,,,,,,,,,,,,,,,,,,,,,,,,,,,,,,,,,,,,,Suni,Shimla,,,,,,,,,,,,,,,,,,3315.0,1.1,50000.0,0.0,0.0,6.0,4000.0,0.79,"Heera Nagar, Galog, Gharog",0.55,0.0,0.24,0.0,0.0,0.0,,,,,,,,,,,,,,,,,,,,,,,,,,,,,
20758.0,1041.0,,Active,,,,,,,24-09-2022,,,,,,,,,,,,,,,,,,,,,,,,,,,,,,,,,,,,,,,,,,,,,,,,,,,Suni,Shimla,,,,,,,,,,,,,,,,,,3316.0,0.32,50000.0,0.36,50000.0,2.0,4000.0,0.42,"Dump, Chatera",0.16,0.18,0.08,0.0,0.0,0.0,,,,,,,,,,,,,,,,,,,,,,,,,,,,,
20759.0,1041.0,,Active,,,,,,,25-09-2022,,,,,,,,,,,,,,,,,,,,,,,,,,,,,,,,,,,,,,,,,,,,,,,,,,,Suni,Shimla,,,,,,,,,,,,,,,,,,3317.0,0.98,50000.0,0.0,0.0,4.0,4000.0,0.65,Ghanahatti,0.49,0.0,0.16,0.0,0.0,0.0,,,,,,,,,,,,,,,,,,,,,,,,,,,,,
23654.0,1041.0,,Active,,,,,,,20-03-2023,,,,,,,,,,,,,,,,,,,,,,,,,,,,,,,,,,,,,,,,,,,,,,,,,,,Jubbal,Rohroo,,,,,,,,,,,,,,,,,,3385.0,0.5,50000.0,1.5,50000.0,25.0,5000.0,2.25,"Jubbal, Kotkhai, S/Nagar, Baghi kiari",0.25,0.75,1.25,0.0,0.0,100000.0,,,,,,,,,,,,,,,,,,,,,,,,,,,,,
23815.0,1041.0,,Active,,,,,,,19-04-2023,,,,,,,,,,,,,,,,,,,,,,,,,,,,,,,,,,,,,,,,,,,,,,,,,,,City (E),Shimla,,,,,,,,,,,,,,,,,,3445.0,0.35,50000.0,0.06,50000.0,1.0,5000.0,0.26,"Snow View, Kaithu, Police Line, AnndaleSangti",0.175,0.03,0.05,0.0,0.0,0.0,,,,,,,,,,,,,,,,,,,,,,,,,,,,,
23816.0,1041.0,,Active,,,,,,,20-04-2023,,,,,,,,,,,,,,,,,,,,,,,,,,,,,,,,,,,,,,,,,,,,,,,,,,,City (E),Shimla,,,,,,,,,,,,,,,,,,3446.0,0.05,50000.0,0.0,0.0,0.0,0.0,0.03,Charlie Villa Section,0.025,0.0,0.0,0.0,0.0,0.0,,,,,,,,,,,,,,,,,,,,,,,,,,,,,
24361.0,1041.0,,Active,,,,,,,25-06-2023,,,,,,,,,,,,,,,,,,,,,,,,,,,,,,,,,,,,,,,,,,,,,,,,,,,City (E),Shimla,,,,,,,,,,,,,,,,,,3505.0,0.6,50000.0,0.0,0.0,0.0,0.0,0.3,City ED,0.3,0.0,0.0,0.0,0.0,0.0,,,,,,,,,,,,,,,,,,,,,,,,,,,,,
24361.0,1041.0,,Active,,,,,,,25-06-2023,,,,,,,,,,,,,,,,,,,,,,,,,,,,,,,,,,,,,,,,,,,,,,,,,,,Shimla No. 1,Shimla,,,,,,,,,,,,,,,,,,3506.0,0.4,50000.0,3.11,50000.0,22.0,5000.0,2.85,ED-I,0.2,1.555,1.1,0.0,0.0,0.0,,,,,,,,,,,,,,,,,,,,,,,,,,,,,
24361.0,1041.0,,Active,,,,,,,25-06-2023,,,,,,,,,,,,,,,,,,,,,,,,,,,,,,,,,,,,,,,,,,,,,,,,,,,Shimla No. 2,Shimla,,,,,,,,,,,,,,,,,,3507.0,0.0,0.0,0.8,50000.0,0.0,0.0,1.4,ED-II,0.0,0.4,0.0,1.0,1.0,100000.0,,,,,,,,,,,,,,,,,,,,,,,,,,,,,
24361.0,1041.0,,Active,,,,,,,25-06-2023,,,,,,,,,,,,,,,,,,,,,,,,,,,,,,,,,,,,,,,,,,,,,,,,,,,Theog,Shimla,,,,,,,,,,,,,,,,,,3508.0,9.6,50000.0,0.0,0.0,57.0,5000.0,7.65,Theog,4.8,0.0,2.85,0.0,0.0,0.0,,,,,,,,,,,,,,,,,,,,,,,,,,,,,
24361.0,1041.0,,Active,,,,,,,25-06-2023,,,,,,,,,,,,,,,,,,,,,,,,,,,,,,,,,,,,,,,,,,,,,,,,,,,Suni,Shimla,,,,,,,,,,,,,,,,,,3509.0,0.25,50000.0,0.56,50000.0,9.0,5000.0,0.85,Sunni,0.125,0.28,0.45,0.0,0.0,0.0,,,,,,,,,,,,,,,,,,,,,,,,,,,,,
24361.0,1041.0,,Active,,,,,,,25-06-2023,,,,,,,,,,,,,,,,,,,,,,,,,,,,,,,,,,,,,,,,,,,,,,,,,,,Chopal,Shimla,,,,,,,,,,,,,,,,,,3510.0,0.9,50000.0,0.0,0.0,23.0,5000.0,1.6,Chopal ED,0.45,0.0,1.15,0.0,0.0,0.0,,,,,,,,,,,,,,,,,,,,,,,,,,,,,
24543.0,1041.0,,Active,,,,,,,28-06-2023,,,,,,,,,,,,,,,,,,,,,,,,,,,,,,,,,,,,,,,,,,,,,,,,,,,City (E),Shimla,,,,,,,,,,,,,,,,,,3556.0,0.0,0.0,0.5,50000.0,1.0,5000.0,0.3,"Mashobra View, Police line Bhrari & Glanemare",0.0,0.25,0.05,0.0,0.0,0.0,,,,,,,,,,,,,,,,,,,,,,,,,,,,,
24544.0,1041.0,,Active,,,,,,,29-06-2023,,,,,,,,,,,,,,,,,,,,,,,,,,,,,,,,,,,,,,,,,,,,,,,,,,,City (E),Shimla,,,,,,,,,,,,,,,,,,3557.0,0.0,0.0,0.2,50000.0,2.0,5000.0,0.2,HPU Shimla & Ghora Chowki ,0.0,0.1,0.1,0.0,0.0,0.0,,,,,,,,,,,,,,,,,,,,,,,,,,,,,
24611.0,34.0,,Active,,,,,,,08-07-2023,,,,,,,,,,,,,,,,,,,,,,,,,,,,,,,,,,,,,,,,,,,,,,,,,,,Gagret,Una,,,,,,,,,,,,,,,,,,3594.0,30.0,50000.0,25.0,50000.0,70.0,4000.0,50.3,"UNDER ESD  TAHLIWAL,HAROLI,DULEHAR,KHAD,GAGRET & DAULATPUR",15.0,12.5,2.8,20.0,20.0,100000.0,,,,,,,,,,,,,,,,,,,,,,,,,,,,,
24611.0,34.0,,Active,,,,,,,08-07-2023,,,,,,,,,,,,,,,,,,,,,,,,,,,,,,,,,,,,,,,,,,,,,,,,,,,Amb,Una,,,,,,,,,,,,,,,,,,3598.0,3.8,50000.0,4.6,50000.0,12.0,4000.0,4.68,"UNDER ESD MUBARIKPUR,CHOWKIMANIAR,BHARWAIN,NEHRIAN,AMB",1.9,2.3,0.48,0.0,0.0,100000.0,,,,,,,,,,,,,,,,,,,,,,,,,,,,,
24617.0,1041.0,,Active,,,,,,,09-07-2023,,,,,,,,,,,,,,,,,,,,,,,,,,,,,,,,,,,,,,,,,,,,,,,,,,,City (E),Shimla,,,,,,,,,,,,,,,,,,3599.0,2.0,50000.0,5.0,50000.0,44.0,5000.0,5.7,City ED,1.0,2.5,2.2,0.0,0.0,0.0,,,,,,,,,,,,,,,,,,,,,,,,,,,,,
24617.0,1041.0,,Active,,,,,,,09-07-2023,,,,,,,,,,,,,,,,,,,,,,,,,,,,,,,,,,,,,,,,,,,,,,,,,,,Chopal,Shimla,,,,,,,,,,,,,,,,,,3600.0,11.78,50000.0,18.32,50000.0,17.0,5000.0,27.9,Chopal,5.89,9.16,0.85,12.0,12.0,100000.0,,,,,,,,,,,,,,,,,,,,,,,,,,,,,
24611.0,34.0,,Active,,,,,,,08-07-2023,,,,,,,,,,,,,,,,,,,,,,,,,,,,,,,,,,,,,,,,,,,,,,,,,,,Una,Una,,,,,,,,,,,,,,,,,,3601.0,3.15,50000.0,4.3,50000.0,24.0,4000.0,5.68,"ESD HPSEBL BANGANA ,ESD UNA NO-II,ESD MEHATPUR,AND ESD BASAL",1.575,2.15,0.96,1.0,1.0,100000.0,,,,,,,,,,,,,,,,,,,,,,,,,,,,,
24618.0,1041.0,,Active,,,,,,,10-07-2023,,,,,,,,,,,,,,,,,,,,,,,,,,,,,,,,,,,,,,,,,,,,,,,,,,,Shimla No. 2,Shimla,,,,,,,,,,,,,,,,,,3602.0,0.75,50000.0,2.3,50000.0,37.0,5000.0,4.38,ED-II,0.375,1.15,1.85,1.0,1.0,100000.0,,,,,,,,,,,,,,,,,,,,,,,,,,,,,
24617.0,1041.0,,Active,,,,,,,09-07-2023,,,,,,,,,,,,,,,,,,,,,,,,,,,,,,,,,,,,,,,,,,,,,,,,,,,Suni,Shimla,,,,,,,,,,,,,,,,,,3603.0,4.5,50000.0,1.5,50000.0,23.0,5000.0,6.15,Sunni,2.25,0.75,1.15,2.0,2.0,100000.0,,,,,,,,,,,,,,,,,,,,,,,,,,,,,
24618.0,1041.0,,Active,,,,,,,10-07-2023,,,,,,,,,,,,,,,,,,,,,,,,,,,,,,,,,,,,,,,,,,,,,,,,,,,Shimla No. 1,Shimla,,,,,,,,,,,,,,,,,,3604.0,6.6,50000.0,17.12,50000.0,67.0,5000.0,17.21,ED-I,3.3,8.56,3.35,2.0,2.0,100000.0,,,,,,,,,,,,,,,,,,,,,,,,,,,,,
24617.0,1041.0,,Active,,,,,,,09-07-2023,,,,,,,,,,,,,,,,,,,,,,,,,,,,,,,,,,,,,,,,,,,,,,,,,,,Theog,Shimla,,,,,,,,,,,,,,,,,,3605.0,8.0,50000.0,20.0,50000.0,20.0,5000.0,15.0,Theog,4.0,10.0,1.0,0.0,0.0,0.0,,,,,,,,,,,,,,,,,,,,,,,,,,,,,
24618.0,34.0,,Active,,,,,,,10-07-2023,,,,,,,,,,,,,,,,,,,,,,,,,,,,,,,,,,,,,,,,,,,,,,,,,,,Chopal,Shimla,,,,,,,,,,,,,,,,,,3608.0,5.0,50000.0,8.0,50000.0,35.0,5000.0,8.25,Area of Choapl,2.5,4.0,1.75,0.0,0.0,0.0,,,,,,,,,,,,,,,,,,,,,,,,,,,,,
24618.0,34.0,,Active,,,,,,,10-07-2023,,,,,,,,,,,,,,,,,,,,,,,,,,,,,,,,,,,,,,,,,,,,,,,,,,,Theog,Shimla,,,,,,,,,,,,,,,,,,3609.0,8.0,50000.0,10.0,50000.0,30.0,5000.0,13.5,Area of Theog,4.0,5.0,1.5,3.0,3.0,100000.0,,,,,,,,,,,,,,,,,,,,,,,,,,,,,
24618.0,1041.0,,Active,,,,,,,10-07-2023,,,,,,,,,,,,,,,,,,,,,,,,,,,,,,,,,,,,,,,,,,,,,,,,,,,Shimla No. 2,Shimla,,,,,,,,,,,,,,,,,,3610.0,0.0,0.0,0.0,0.0,20.0,5000.0,1.0,ED-II,0.0,0.0,1.0,0.0,0.0,0.0,,,,,,,,,,,,,,,,,,,,,,,,,,,,,
24675.0,1041.0,,Active,,,,,,,10-07-2023,,,,,,,,,,,,,,,,,,,,,,,,,,,,,,,,,,,,,,,,,,,,,,,,,,,Parwanoo,Solan,,,,,,,,,,,,,,,,,,3616.0,7.25,50000.0,11.95,50000.0,24.0,5000.0,12.56,Near Kumarhatti & S rounding area  ,3.625,5.975,1.2,2.0,2.0,100000.0,,,,,,,,,,,,,,,,,,,,,,,,,,,,,
24618.0,1041.0,,Active,,,,,,,10-07-2023,,,,,,,,,,,,,,,,,,,,,,,,,,,,,,,,,,,,,,,,,,,,,,,,,,,Shimla No. 1,Shimla,,,,,,,,,,,,,,,,,,3617.0,68.4,50000.0,107.1,50000.0,112.0,5000.0,99.35,"Area of ED-I, Junga, Jutogh, Mashobra, Khalini, Dhalli",34.2,53.55,5.6,6.0,6.0,100000.0,,,,,,,,,,,,,,,,,,,,,,,,,,,,,
24648.0,1.0,,Active,,,,,,,09-07-2023,,,,,,,,,,,,,,,,,,,,,,,,,,,,,,,,,,,,,,,,,,,,,,,,,,,Kumarsain,Rampur,,,,,,,,,,,,,,,,,,3619.0,8.5,50000.0,14.8,50000.0,16.0,5000.0,13.45,"Daro ,Kanahar, Dighadhar , kumarsain,lathi,tipper,komli,barubag,thanki,deeb ,Dhalla ,kalimiti,kangal,shiwan,etc",4.25,7.4,0.8,1.0,1.0,100000.0,,,,,,,,,,,,,,,,,,,,,,,,,,,,,
24649.0,1.0,,Active,,,,,,,10-07-2023,,,,,,,,,,,,,,,,,,,,,,,,,,,,,,,,,,,,,,,,,,,,,,,,,,,Kumarsain,Rampur,,,,,,,,,,,,,,,,,,3620.0,11.4,50000.0,16.2,50000.0,18.0,5000.0,15.7,"Kacheenghati,shiwan,halyana,jarol,thanedhar,churthi,ekantbari,jarol,banot,baragaon,kangal, kumarsain,oddi ,narkanda",5.7,8.1,0.9,1.0,1.0,100000.0,,,,,,,,,,,,,,,,,,,,,,,,,,,,,
24648.0,1041.0,,Active,,,,,,,09-07-2023,,,,,,,,,,,,,,,,,,,,,,,,,,,,,,,,,,,,,,,,,,,,,,,,,,,Rampur ,Rampur,,,,,,,,,,,,,,,,,,3627.0,14.2,50000.0,30.6,50000.0,22.0,5000.0,23.5,"TAKLECH, BAHALI, DEOTHI, JOGNI, SANEHI , DANSA SARPARA, SARAHAN, NANKHARI , KHOLIGHAT , JAHOO",7.1,15.3,1.1,0.0,0.0,0.0,,,,,,,,,,,,,,,,,,,,,,,,,,,,,
24649.0,1041.0,,Active,,,,,,,10-07-2023,,,,,,,,,,,,,,,,,,,,,,,,,,,,,,,,,,,,,,,,,,,,,,,,,,,Rampur ,Rampur,,,,,,,,,,,,,,,,,,3630.0,23.6,50000.0,55.1,50000.0,48.0,5000.0,43.75,"KASHAPAT, KUKI DARKALI, KUHAL, SHARAN, JARASHI, NEHRA , SMEJ, GAURA, NOGLI, TALAI, KANDRERI, ADARSHNAGAR, NALABAON, BAGALATI, DHARJA, KHOLIGHAT",11.8,27.55,2.4,2.0,2.0,100000.0,,,,,,,,,,,,,,,,,,,,,,,,,,,,,
24648.0,1.0,,Active,,,,,,,09-07-2023,,,,,,,,,,,,,,,,,,,,,,,,,,,,,,,,,,,,,,,,,,,,,,,,,,,Anni,Rampur,,,,,,,,,,,,,,,,,,3644.0,4.0,50000.0,9.0,50000.0,15.0,5000.0,7.25,"Khanag, Sowad ,Chowai ,karana,AnniLuhal, Jaon Deem under ESD Anni. Sarga Jagatkhana under ESD Jagatkhana. Arsu, Bagipul under ESD Nirmand.",2.0,4.5,0.75,0.0,0.0,0.0,,,,,,,,,,,,,,,,,,,,,,,,,,,,,
24649.0,1.0,,Active,,,,,,,10-07-2023,,,,,,,,,,,,,,,,,,,,,,,,,,,,,,,,,,,,,,,,,,,,,,,,,,,Anni,Rampur,,,,,,,,,,,,,,,,,,3645.0,8.0,50000.0,26.0,50000.0,25.0,5000.0,18.25,"Khanag, Luhal, Jaon Deem under ESD Anni. Sarga Jagatkhana under ESD Jagatkhana. Arsu, Bagipul under ESD Nirmand.",4.0,13.0,1.25,0.0,0.0,0.0,,,,,,,,,,,,,,,,,,,,,,,,,,,,,
24716.0,34.0,,Active,,,,,,,11-07-2023,,,,,,,,,,,,,,,,,,,,,,,,,,,,,,,,,,,,,,,,,,,,,,,,,,,Theog,Shimla,,,,,,,,,,,,,,,,,,3646.0,4.0,50000.0,80.0,50000.0,0.0,0.0,42.0,Area of Theog,2.0,40.0,0.0,0.0,0.0,0.0,,,,,,,,,,,,,,,,,,,,,,,,,,,,,
24716.0,34.0,,Active,,,,,,,11-07-2023,,,,,,,,,,,,,,,,,,,,,,,,,,,,,,,,,,,,,,,,,,,,,,,,,,,Suni,Shimla,,,,,,,,,,,,,,,,,,3647.0,0.0,0.0,0.0,0.0,0.0,0.0,1.0,Sunni,0.0,0.0,0.0,1.0,1.0,100000.0,,,,,,,,,,,,,,,,,,,,,,,,,,,,,
24716.0,34.0,,Active,,,,,,,11-07-2023,,,,,,,,,,,,,,,,,,,,,,,,,,,,,,,,,,,,,,,,,,,,,,,,,,,Chopal,Shimla,,,,,,,,,,,,,,,,,,3648.0,0.6,50000.0,1.2,50000.0,5.0,5000.0,1.15,Chopal,0.3,0.6,0.25,0.0,0.0,0.0,,,,,,,,,,,,,,,,,,,,,,,,,,,,,
24714.0,1041.0,,Active,,,,,,,07-07-2023,,,,,,,,,,,,,,,,,,,,,,,,,,,,,,,,,,,,,,,,,,,,,,,,,,,Rohru ,Rohroo,,,,,,,,,,,,,,,,,,3649.0,36.0,50000.0,5.1,50000.0,202.0,5000.0,39.65,"Rohru, Chirgaon, Chirgaon-I, Tikker",18.0,2.55,10.1,9.0,9.0,100000.0,,,,,,,,,,,,,,,,,,,,,,,,,,,,,
24714.0,1041.0,,Active,,,,,,,07-07-2023,,,,,,,,,,,,,,,,,,,,,,,,,,,,,,,,,,,,,,,,,,,,,,,,,,,Jubbal,Rohroo,,,,,,,,,,,,,,,,,,3650.0,16.5,50000.0,28.0,50000.0,178.0,5000.0,34.15,"Jubbal, S/Nagar, Kotkhai, Baghi, Kiari",8.25,14.0,8.9,3.0,3.0,100000.0,,,,,,,,,,,,,,,,,,,,,,,,,,,,,
24715.0,1041.0,,Active,,,,,,,11-07-2023,,,,,,,,,,,,,,,,,,,,,,,,,,,,,,,,,,,,,,,,,,,,,,,,,,,Rampur ,Rampur,,,,,,,,,,,,,,,,,,3652.0,4.8,50000.0,8.6,50000.0,32.0,5000.0,15.3,"TAKLECH, KUKU DARKALI, SARAHAN, GAURA, JEORI, KHAMADI, JWALDA , ADDU ",2.4,4.3,1.6,7.0,7.0,100000.0,,,,,,,,,,,,,,,,,,,,,,,,,,,,,
24724.0,1041.0,,Active,,,,,,,12-07-2023,,,,,,,,,,,,,,,,,,,,,,,,,,,,,,,,,,,,,,,,,,,,,,,,,,,Rohru ,Rohroo,,,,,,,,,,,,,,,,,,3653.0,15.0,50000.0,35.0,50000.0,108.0,5000.0,30.4,"Rohru, Tikker, Chirgain-I and Chirgaon-II",7.5,17.5,5.4,0.0,0.0,100000.0,,,,,,,,,,,,,,,,,,,,,,,,,,,,,
24724.0,1041.0,,Active,,,,,,,12-07-2023,,,,,,,,,,,,,,,,,,,,,,,,,,,,,,,,,,,,,,,,,,,,,,,,,,,Jubbal,Rohroo,,,,,,,,,,,,,,,,,,3654.0,7.5,50000.0,12.5,50000.0,58.0,5000.0,12.9,"Jubbal, S/Nagar, Kiari, Baghi and Kotkhai",3.75,6.25,2.9,0.0,0.0,100000.0,,,,,,,,,,,,,,,,,,,,,,,,,,,,,
24617.0,34.0,,Active,,,,,,,09-07-2023,,,,,,,,,,,,,,,,,,,,,,,,,,,,,,,,,,,,,,,,,,,,,,,,,,,City (E),Shimla,,,,,,,,,,,,,,,,,,3659.0,0.54,50000.0,4.02,50000.0,0.0,0.0,4.28,"jodha Niwas, Phagli, ISBT",0.27,2.01,0.0,2.0,2.0,100000.0,,,,,,,,,,,,,,,,,,,,,,,,,,,,,
24717.0,1041.0,,Active,,,,,,,12-07-2023,,,,,,,,,,,,,,,,,,,,,,,,,,,,,,,,,,,,,,,,,,,,,,,,,,,Shimla No. 2,Shimla,,,,,,,,,,,,,,,,,,3668.0,0.5,50000.0,0.0,0.0,10.0,5000.0,1.75,ED-II,0.25,0.0,0.5,1.0,1.0,100000.0,,,,,,,,,,,,,,,,,,,,,,,,,,,,,
24715.0,1.0,,Active,,,,,,,11-07-2023,,,,,,,,,,,,,,,,,,,,,,,,,,,,,,,,,,,,,,,,,,,,,,,,,,,Anni,Rampur,,,,,,,,,,,,,,,,,,3695.0,10.0,50000.0,28.0,50000.0,32.0,5000.0,28.6,"Niglu,Kandibag,Bandal,KootKhanag, Luhal, Jaon Deem under ESD Anni. Sarga Jagatkhana under ESD Jagatkhana. Arsu, Bagipul under ESD Nirmand.",5.0,14.0,1.6,8.0,5.0,160000.0,,,,,,,,,,,,,,,,,,,,,,,,,,,,,
24768.0,1041.0,,Active,,,,,,,12-07-2023,,,,,,,,,,,,,,,,,,,,,,,,,,,,,,,,,,,,,,,,,,,,,,,,,,,Rampur ,Rampur,,,,,,,,,,,,,,,,,,3696.0,4.3,50000.0,9.7,50000.0,39.0,5000.0,8.95,"RAMPUR, KHANERI, PHANCHA, KOOT, SHINTI, MATELNI, MANDHOG, DUTTNAGAR, BADRASH, PANDADHAR, BAHARA KHAD, DELATH, NIRTH NOGLI TIE LINE",2.15,4.85,1.95,0.0,0.0,0.0,,,,,,,,,,,,,,,,,,,,,,,,,,,,,
24768.0,1.0,,Active,,,,,,,12-07-2023,,,,,,,,,,,,,,,,,,,,,,,,,,,,,,,,,,,,,,,,,,,,,,,,,,,Kaza,Rampur,,,,,,,,,,,,,,,,,,3697.0,1.0,50000.0,1.8,50000.0,8.0,5000.0,2.8,Pin valley,0.5,0.9,0.4,1.0,1.0,100000.0,,,,,,,,,,,,,,,,,,,,,,,,,,,,,
24795.0,1041.0,,Active,,,,,,,13-07-2023,,,,,,,,,,,,,,,,,,,,,,,,,,,,,,,,,,,,,,,,,,,,,,,,,,,Rohru ,Rohroo,,,,,,,,,,,,,,,,,,3700.0,165.0,50000.0,159.9,50000.0,421.0,5000.0,197.5,"Rohru, Chirgaon, Chirgaon-I, Tikker",82.5,79.95,21.05,14.0,14.0,100000.0,,,,,,,,,,,,,,,,,,,,,,,,,,,,,
24803.0,1041.0,,Active,,,,,,,13-07-2023,,,,,,,,,,,,,,,,,,,,,,,,,,,,,,,,,,,,,,,,,,,,,,,,,,,Jubbal,Rohroo,,,,,,,,,,,,,,,,,,3701.0,58.25,50000.0,49.8,50000.0,85.0,5000.0,68.28,"Jubbal, S/Nagar, Kotkhai, Baghi, Kiari",29.125,24.9,4.25,10.0,10.0,100000.0,,,,,,,,,,,,,,,,,,,,,,,,,,,,,
24717.0,34.0,,Active,,,,,,,12-07-2023,,,,,,,,,,,,,,,,,,,,,,,,,,,,,,,,,,,,,,,,,,,,,,,,,,,Theog,Shimla,,,,,,,,,,,,,,,,,,3710.0,20.0,50000.0,30.0,50000.0,50.0,5000.0,29.5,Area of Theog,10.0,15.0,2.5,2.0,2.0,100000.0,,,,,,,,,,,,,,,,,,,,,,,,,,,,,
24617.0,34.0,,Active,,,,,,,09-07-2023,,,,,,,,,,,,,,,,,,,,,,,,,,,,,,,,,,,,,,,,,,,,,,,,,,,Suni,Shimla,,,,,,,,,,,,,,,,,,3713.0,6.3,50000.0,4.12,50000.0,35.0,5000.0,10.96,Area of Sunni,3.15,2.06,1.75,4.0,4.0,100000.0,,,,,,,,,,,,,,,,,,,,,,,,,,,,,
24618.0,1041.0,,Active,,,,,,,10-07-2023,,,,,,,,,,,,,,,,,,,,,,,,,,,,,,,,,,,,,,,,,,,,,,,,,,,Shimla No. 2,Shimla,,,,,,,,,,,,,,,,,,3717.0,0.0,0.0,0.0,0.0,0.0,0.0,5.0,Civil Damage in ED-II,0.0,0.0,0.0,5.0,5.0,100000.0,,,,,,,,,,,,,,,,,,,,,,,,,,,,,
24717.0,34.0,,Active,,,,,,,12-07-2023,,,,,,,,,,,,,,,,,,,,,,,,,,,,,,,,,,,,,,,,,,,,,,,,,,,Chopal,Shimla,,,,,,,,,,,,,,,,,,3718.0,30.0,50000.0,30.0,50000.0,50.0,5000.0,37.5,Area of Chopal,15.0,15.0,2.5,5.0,5.0,100000.0,,,,,,,,,,,,,,,,,,,,,,,,,,,,,
24626.0,34.0,,Active,,,,,,,09-07-2023,,,,,,,,,,,,,,,,,,,,,,,,,,,,,,,,,,,,,,,,,,,,,,,,,,,Mandi,Mandi,,,,,,,,,,,,,,,,,,3724.0,6.13,50000.0,1.6,50000.0,74.0,5000.0,8.57,Mandi,3.065,0.8,3.7,1.0,1.0,100000.0,,,,,,,,,,,,,,,,,,,,,,,,,,,,,
24626.0,34.0,,Active,,,,,,,09-07-2023,,,,,,,,,,,,,,,,,,,,,,,,,,,,,,,,,,,,,,,,,,,,,,,,,,,Jogindernagar,Mandi,,,,,,,,,,,,,,,,,,3726.0,3.65,50000.0,2.45,50000.0,22.0,5000.0,4.15,Joginder Nagar,1.825,1.225,1.1,0.0,0.0,1000000.0,,,,,,,,,,,,,,,,,,,,,,,,,,,,,
24626.0,34.0,,Active,,,,,,,09-07-2023,,,,,,,,,,,,,,,,,,,,,,,,,,,,,,,,,,,,,,,,,,,,,,,,,,,EE Dharampur,Mandi,,,,,,,,,,,,,,,,,,3728.0,7.0,50000.0,6.2,50000.0,122.0,5000.0,16.7,Dharampur,3.5,3.1,6.1,4.0,4.0,100000.0,,,,,,,,,,,,,,,,,,,,,,,,,,,,,
24626.0,34.0,,Active,,,,,,,09-07-2023,,,,,,,,,,,,,,,,,,,,,,,,,,,,,,,,,,,,,,,,,,,,,,,,,,,Sarkaghat,Mandi,,,,,,,,,,,,,,,,,,3729.0,0.7,50000.0,1.7,50000.0,21.0,5000.0,6.25,Sarkaghat,0.35,0.85,1.05,4.0,4.0,100000.0,,,,,,,,,,,,,,,,,,,,,,,,,,,,,
24626.0,34.0,,Active,,,,,,,09-07-2023,,,,,,,,,,,,,,,,,,,,,,,,,,,,,,,,,,,,,,,,,,,,,,,,,,,Gohar,Mandi,,,,,,,,,,,,,,,,,,3730.0,24.2,50000.0,16.1,50000.0,60.0,5000.0,29.15,Gohar,12.1,8.05,3.0,6.0,6.0,100000.0,,,,,,,,,,,,,,,,,,,,,,,,,,,,,
24626.0,34.0,,Active,,,,,,,09-07-2023,,,,,,,,,,,,,,,,,,,,,,,,,,,,,,,,,,,,,,,,,,,,,,,,,,,Thalout,Mandi,,,,,,,,,,,,,,,,,,3731.0,24.0,50000.0,35.0,50000.0,145.0,5000.0,51.75,Thalout,12.0,17.5,7.25,15.0,15.0,100000.0,,,,,,,,,,,,,,,,,,,,,,,,,,,,,
24626.0,34.0,,Active,,,,,,,09-07-2023,,,,,,,,,,,,,,,,,,,,,,,,,,,,,,,,,,,,,,,,,,,,,,,,,,,Sundernagar,Mandi,,,,,,,,,,,,,,,,,,3732.0,2.13,50000.0,4.64,50000.0,65.0,5000.0,6.63,Sunder nagar,1.065,2.32,3.25,0.0,0.0,100000.0,,,,,,,,,,,,,,,,,,,,,,,,,,,,,
24626.0,34.0,,Active,,,,,,,09-07-2023,,,,,,,,,,,,,,,,,,,,,,,,,,,,,,,,,,,,,,,,,,,,,,,,,,,Karsog ,Mandi,,,,,,,,,,,,,,,,,,3733.0,1.68,50000.0,6.0,50000.0,53.0,5000.0,7.49,Karsog,0.84,3.0,2.65,1.0,1.0,100000.0,,,,,,,,,,,,,,,,,,,,,,,,,,,,,
24633.0,34.0,,Active,,,,,,,10-07-2023,,,,,,,,,,,,,,,,,,,,,,,,,,,,,,,,,,,,,,,,,,,,,,,,,,,Mandi,Mandi,,,,,,,,,,,,,,,,,,3734.0,3.9,50000.0,4.8,50000.0,36.0,5000.0,6.15,Mandi,1.95,2.4,1.8,0.0,0.0,100000.0,,,,,,,,,,,,,,,,,,,,,,,,,,,,,
24633.0,34.0,,Active,,,,,,,10-07-2023,,,,,,,,,,,,,,,,,,,,,,,,,,,,,,,,,,,,,,,,,,,,,,,,,,,Jogindernagar,Mandi,,,,,,,,,,,,,,,,,,3735.0,2.0,50000.0,6.25,50000.0,14.0,5000.0,4.83,Joginder Nagar,1.0,3.125,0.7,0.0,0.0,100000.0,,,,,,,,,,,,,,,,,,,,,,,,,,,,,
24633.0,34.0,,Active,,,,,,,10-07-2023,,,,,,,,,,,,,,,,,,,,,,,,,,,,,,,,,,,,,,,,,,,,,,,,,,,EE Dharampur,Mandi,,,,,,,,,,,,,,,,,,3736.0,4.3,50000.0,2.7,50000.0,49.0,5000.0,10.95, Dharampur,2.15,1.35,2.45,5.0,5.0,100000.0,,,,,,,,,,,,,,,,,,,,,,,,,,,,,
24633.0,34.0,,Active,,,,,,,10-07-2023,,,,,,,,,,,,,,,,,,,,,,,,,,,,,,,,,,,,,,,,,,,,,,,,,,,Sarkaghat,Mandi,,,,,,,,,,,,,,,,,,3737.0,0.0,50000.0,0.0,50000.0,0.0,5000.0,0.0,Sarkaghat,0.0,0.0,0.0,0.0,0.0,100000.0,,,,,,,,,,,,,,,,,,,,,,,,,,,,,
24633.0,34.0,,Active,,,,,,,10-07-2023,,,,,,,,,,,,,,,,,,,,,,,,,,,,,,,,,,,,,,,,,,,,,,,,,,,Gohar,Mandi,,,,,,,,,,,,,,,,,,3738.0,3.5,50000.0,8.0,50000.0,29.0,5000.0,7.2,Gohar,1.75,4.0,1.45,0.0,0.0,100000.0,,,,,,,,,,,,,,,,,,,,,,,,,,,,,
24633.0,34.0,,Active,,,,,,,10-07-2023,,,,,,,,,,,,,,,,,,,,,,,,,,,,,,,,,,,,,,,,,,,,,,,,,,,Sundernagar,Mandi,,,,,,,,,,,,,,,,,,3739.0,19.5,50000.0,5.3,50000.0,38.0,5000.0,16.3,Sunder nagar,9.75,2.65,1.9,2.0,2.0,100000.0,,,,,,,,,,,,,,,,,,,,,,,,,,,,,
24633.0,34.0,,Active,,,,,,,10-07-2023,,,,,,,,,,,,,,,,,,,,,,,,,,,,,,,,,,,,,,,,,,,,,,,,,,,Karsog ,Mandi,,,,,,,,,,,,,,,,,,3740.0,9.6,50000.0,13.4,50000.0,35.0,5000.0,13.25,Karsog,4.8,6.7,1.75,0.0,0.0,100000.0,,,,,,,,,,,,,,,,,,,,,,,,,,,,,
24863.0,1041.0,,Active,,,,,,,14-07-2023,,,,,,,,,,,,,,,,,,,,,,,,,,,,,,,,,,,,,,,,,,,,,,,,,,,Rohru ,Rohroo,,,,,,,,,,,,,,,,,,3741.0,0.0,50000.0,0.0,50000.0,0.0,5000.0,1.0,Chirgoan-I,0.0,0.0,0.0,1.0,1.0,100000.0,,,,,,,,,,,,,,,,,,,,,,,,,,,,,
24863.0,1041.0,,Active,,,,,,,14-07-2023,,,,,,,,,,,,,,,,,,,,,,,,,,,,,,,,,,,,,,,,,,,,,,,,,,,Jubbal,Rohroo,,,,,,,,,,,,,,,,,,3742.0,7.2,50000.0,10.9,50000.0,32.0,5000.0,11.65,"Jubbal, S/Nagar, Kotkhai, Baghi, Kiari",3.6,5.45,1.6,1.0,1.0,100000.0,,,,,,,,,,,,,,,,,,,,,,,,,,,,,
24716.0,34.0,,Active,,,,,,,11-07-2023,,,,,,,,,,,,,,,,,,,,,,,,,,,,,,,,,,,,,,,,,,,,,,,,,,,Theog,Shimla,,,,,,,,,,,,,,,,,,3752.0,14.2,50000.0,0.0,0.0,22.0,5000.0,10.2,Area of Theog,7.1,0.0,1.1,2.0,2.0,100000.0,,,,,,,,,,,,,,,,,,,,,,,,,,,,,
24716.0,34.0,,Active,,,,,,,11-07-2023,,,,,,,,,,,,,,,,,,,,,,,,,,,,,,,,,,,,,,,,,,,,,,,,,,,City (E),Shimla,,,,,,,,,,,,,,,,,,3753.0,15.0,50000.0,25.98,50000.0,26.0,5000.0,28.79,Area of City,7.5,12.99,1.3,7.0,7.0,100000.0,,,,,,,,,,,,,,,,,,,,,,,,,,,,,
24716.0,34.0,,Active,,,,,,,11-07-2023,,,,,,,,,,,,,,,,,,,,,,,,,,,,,,,,,,,,,,,,,,,,,,,,,,,Shimla No. 1,Shimla,,,,,,,,,,,,,,,,,,3754.0,32.0,50000.0,6.0,50000.0,78.0,5000.0,27.9,"Area of ED-I, Junga, Jutogh, Mashobra, Khalini, Dhalli",16.0,3.0,3.9,5.0,5.0,100000.0,,,,,,,,,,,,,,,,,,,,,,,,,,,,,
24716.0,1041.0,,Active,,,,,,,11-07-2023,,,,,,,,,,,,,,,,,,,,,,,,,,,,,,,,,,,,,,,,,,,,,,,,,,,Shimla No. 2,Shimla,,,,,,,,,,,,,,,,,,3755.0,5.05,50000.0,18.7,50000.0,39.0,5000.0,13.82,ED-II,2.525,9.35,1.95,0.0,0.0,0.0,,,,,,,,,,,,,,,,,,,,,,,,,,,,,
24716.0,34.0,,Active,,,,,,,11-07-2023,,,,,,,,,,,,,,,,,,,,,,,,,,,,,,,,,,,,,,,,,,,,,,,,,,,Chopal,Shimla,,,,,,,,,,,,,,,,,,3756.0,45.22,50000.0,40.58,50000.0,38.0,5000.0,52.8,Area of Choapl,22.61,20.29,1.9,8.0,8.0,100000.0,,,,,,,,,,,,,,,,,,,,,,,,,,,,,
24716.0,34.0,,Active,,,,,,,11-07-2023,,,,,,,,,,,,,,,,,,,,,,,,,,,,,,,,,,,,,,,,,,,,,,,,,,,Suni,Shimla,,,,,,,,,,,,,,,,,,3757.0,26.4,50000.0,18.38,50000.0,41.0,5000.0,28.44,Area of Sunni,13.2,9.19,2.05,4.0,4.0,100000.0,,,,,,,,,,,,,,,,,,,,,,,,,,,,,
24801.0,34.0,,Active,,,,,,,13-07-2023,,,,,,,,,,,,,,,,,,,,,,,,,,,,,,,,,,,,,,,,,,,,,,,,,,,Shimla No. 1,Shimla,,,,,,,,,,,,,,,,,,3764.0,6.0,50000.0,15.0,50000.0,0.0,0.0,10.5,"Junga, Mashobra",3.0,7.5,0.0,0.0,0.0,0.0,,,,,,,,,,,,,,,,,,,,,,,,,,,,,
24715.0,1.0,,Active,,,,,,,11-07-2023,,,,,,,,,,,,,,,,,,,,,,,,,,,,,,,,,,,,,,,,,,,,,,,,,,,Kaza,Rampur,,,,,,,,,,,,,,,,,,3768.0,10.0,50000.0,11.8,50000.0,28.0,5000.0,13.3,"PIN VALLEY, LALUNG",5.0,5.9,1.4,1.0,1.0,100000.0,,,,,,,,,,,,,,,,,,,,,,,,,,,,,
25019.0,1041.0,,Active,,,,,,,16-07-2023,,,,,,,,,,,,,,,,,,,,,,,,,,,,,,,,,,,,,,,,,,,,,,,,,,,Rohru ,Rohroo,,,,,,,,,,,,,,,,,,3802.0,13.55,50000.0,13.9,50000.0,79.0,5000.0,17.68,"Rohru, Tikker, Chirgaon-I & Chirgaon-II",6.775,6.95,3.95,0.0,0.0,100000.0,,,,,,,,,,,,,,,,,,,,,,,,,,,,,
25019.0,1041.0,,Active,,,,,,,16-07-2023,,,,,,,,,,,,,,,,,,,,,,,,,,,,,,,,,,,,,,,,,,,,,,,,,,,Jubbal,Rohroo,,,,,,,,,,,,,,,,,,3803.0,12.35,50000.0,12.4,50000.0,49.0,5000.0,14.82,"Jubbal, Kotkhai, S/Nagar, Baghi & Kiari",6.175,6.2,2.45,0.0,0.0,100000.0,,,,,,,,,,,,,,,,,,,,,,,,,,,,,
24648.0,34.0,,Active,,,,,,,09-07-2023,,,,,,,,,,,,,,,,,,,,,,,,,,,,,,,,,,,,,,,,,,,,,,,,,,,Reckong Peo ,Rampur,,,,,,,,,,,,,,,,,,3814.0,4.0,50000.0,3.0,50000.0,11.0,5000.0,4.05,"Brua, Chiddo, Roghi Katgaon, Spillow, Sangla, Chango, Ropa, Sapni, Roopi,",2.0,1.5,0.55,0.0,0.0,100000.0,,,,,,,,,,,,,,,,,,,,,,,,,,,,,
24649.0,34.0,,Active,,,,,,,10-07-2023,,,,,,,,,,,,,,,,,,,,,,,,,,,,,,,,,,,,,,,,,,,,,,,,,,,Reckong Peo ,Rampur,,,,,,,,,,,,,,,,,,3815.0,9.0,50000.0,8.0,50000.0,18.0,5000.0,9.4,"Ramni Jani Chagaon,Urni, Punang Yulla, Baturi, Runang, Sangla Kanda Kilba ",4.5,4.0,0.9,0.0,0.0,100000.0,,,,,,,,,,,,,,,,,,,,,,,,,,,,,
24715.0,34.0,,Active,,,,,,,11-07-2023,,,,,,,,,,,,,,,,,,,,,,,,,,,,,,,,,,,,,,,,,,,,,,,,,,,Reckong Peo ,Rampur,,,,,,,,,,,,,,,,,,3816.0,45.0,50000.0,18.0,50000.0,85.0,5000.0,37.75,"Brua, Chiddo, Roghi Katgaon, Spillow, Sangla, Chango, Ropa, Sapni, Roopi, Reckong Peo, Powari.",22.5,9.0,4.25,2.0,2.0,100000.0,,,,,,,,,,,,,,,,,,,,,,,,,,,,,
24768.0,34.0,,Active,,,,,,,12-07-2023,,,,,,,,,,,,,,,,,,,,,,,,,,,,,,,,,,,,,,,,,,,,,,,,,,,Reckong Peo ,Rampur,,,,,,,,,,,,,,,,,,3817.0,11.0,50000.0,9.0,50000.0,49.0,5000.0,15.45,"Rukti, Sapni, Shong, Sangla, Katgaon, Giabong, Gurguri, Kraba, Panvi.",5.5,4.5,2.45,3.0,3.0,100000.0,,,,,,,,,,,,,,,,,,,,,,,,,,,,,
24864.0,34.0,,Active,,,,,,,13-07-2023,,,,,,,,,,,,,,,,,,,,,,,,,,,,,,,,,,,,,,,,,,,,,,,,,,,Reckong Peo ,Rampur,,,,,,,,,,,,,,,,,,3818.0,6.0,50000.0,2.0,50000.0,32.0,5000.0,5.6,"Sangla, Rakcham, Pooh, Giabong, asrang, Punang..",3.0,1.0,1.6,0.0,0.0,100000.0,,,,,,,,,,,,,,,,,,,,,,,,,,,,,
25077.0,1041.0,,Active,,,,,,,18-07-2023,,,,,,,,,,,,,,,,,,,,,,,,,,,,,,,,,,,,,,,,,,,,,,,,,,,Rohru ,Rohroo,,,,,,,,,,,,,,,,,,3842.0,2.9,50000.0,4.5,50000.0,25.0,5000.0,5.95,"Rohru, Tikker, Chirgaon-I & Chirgaon-II",1.45,2.25,1.25,1.0,1.0,100000.0,,,,,,,,,,,,,,,,,,,,,,,,,,,,,
25020.0,1041.0,,Active,,,,,,,14-07-2023,,,,,,,,,,,,,,,,,,,,,,,,,,,,,,,,,,,,,,,,,,,,,,,,,,,Rampur ,Rampur,,,,,,,,,,,,,,,,,,3849.0,17.0,50000.0,26.0,50000.0,18.0,5000.0,22.4,"Sarahan,Jeori,Khamadi,Nankhari,Racholi,Taklech,Bhali",8.5,13.0,0.9,0.0,0.0,0.0,,,,,,,,,,,,,,,,,,,,,,,,,,,,,
25021.0,1.0,,Active,,,,,,,15-07-2023,,,,,,,,,,,,,,,,,,,,,,,,,,,,,,,,,,,,,,,,,,,,,,,,,,,Rampur ,Rampur,,,,,,,,,,,,,,,,,,3864.0,52.0,50000.0,83.1,50000.0,185.0,5000.0,76.8,"TAKLECH, RAMPUR, SARAHAN, NANKHARI",26.0,41.55,9.25,0.0,0.0,0.0,,,,,,,,,,,,,,,,,,,,,,,,,,,,,
25022.0,1.0,,Active,,,,,,,16-07-2023,,,,,,,,,,,,,,,,,,,,,,,,,,,,,,,,,,,,,,,,,,,,,,,,,,,Rampur ,Rampur,,,,,,,,,,,,,,,,,,3867.0,10.5,50000.0,10.0,50000.0,2.0,5000.0,10.35,"TAKLECH, NANKHARI , RAMPUR , SARAHAN",5.25,5.0,0.1,0.0,0.0,0.0,,,,,,,,,,,,,,,,,,,,,,,,,,,,,
25151.0,1.0,,Active,,,,,,,18-07-2023,,,,,,,,,,,,,,,,,,,,,,,,,,,,,,,,,,,,,,,,,,,,,,,,,,,Rampur ,Rampur,,,,,,,,,,,,,,,,,,3868.0,5.5,50000.0,15.0,50000.0,29.0,5000.0,11.7,"NANKHARI, TAKLECH, SARAHAN",2.75,7.5,1.45,0.0,0.0,0.0,,,,,,,,,,,,,,,,,,,,,,,,,,,,,
25136.0,34.0,,Active,,,,,,,17-07-2023,,,,,,,,,,,,,,,,,,,,,,,,,,,,,,,,,,,,,,,,,,,,,,,,,,,City (E),Shimla,,,,,,,,,,,,,,,,,,3869.0,0.2,50000.0,0.2,50000.0,7.0,5000.0,1.55,1x630kVA &1x400kVA Sanjauli S/stn. Double pole structure damaged due to land slide near Senior Citizen park.,0.1,0.1,0.35,1.0,1.0,100000.0,,,,,,,,,,,,,,,,,,,,,,,,,,,,,
25137.0,34.0,,Active,,,,,,,19-07-2023,,,,,,,,,,,,,,,,,,,,,,,,,,,,,,,,,,,,,,,,,,,,,,,,,,,City (E),Shimla,,,,,,,,,,,,,,,,,,3870.0,0.1,50000.0,0.2,50000.0,1.0,5000.0,0.2,Police line Bharari near Chapslee School.,0.05,0.1,0.05,0.0,0.0,0.0,,,,,,,,,,,,,,,,,,,,,,,,,,,,,
24648.0,1.0,,Active,,,,,,,09-07-2023,,,,,,,,,,,,,,,,,,,,,,,,,,,,,,,,,,,,,,,,,,,,,,,,,,,Reckong Peo ,Rampur,,,,,,,,,,,,,,,,,,3873.0,4.0,50000.0,3.0,50000.0,11.0,5000.0,4.05,"Brua, Chiddo, Roghi Katgaon, Spillow, Sangla, Chango, Ropa, Sapni, Roopi, Reckong Peo, Powari, nichar Ramni Jani Chagaon,Urni,",2.0,1.5,0.55,0.0,0.0,100000.0,,,,,,,,,,,,,,,,,,,,,,,,,,,,,
24649.0,1.0,,Active,,,,,,,10-07-2023,,,,,,,,,,,,,,,,,,,,,,,,,,,,,,,,,,,,,,,,,,,,,,,,,,,Reckong Peo ,Rampur,,,,,,,,,,,,,,,,,,3874.0,9.0,50000.0,8.0,50000.0,18.0,5000.0,9.4,"Sangla, Chango, Ropa, Sapni, Roopi, Reckong Peo, Powari, Nagasaring, Katgaon.",4.5,4.0,0.9,0.0,0.0,100000.0,,,,,,,,,,,,,,,,,,,,,,,,,,,,,
24715.0,1.0,,Active,,,,,,,11-07-2023,,,,,,,,,,,,,,,,,,,,,,,,,,,,,,,,,,,,,,,,,,,,,,,,,,,,Rampur,,,,,,,,,,,,,,,,,,3875.0,45.0,50000.0,18.0,50000.0,85.0,5000.0,37.75,"Punang Yulla, Baturi, Runang, Sangla Kanda Kilba Kanda, Maling Nallah, Hango , chulling, Nako Shalkher, Rushkulang, Lippa, Asrang, sangla chidho, brua sapni, bhabanagar",22.5,9.0,4.25,2.0,2.0,100000.0,,,,,,,,,,,,,,,,,,,,,,,,,,,,,
24715.0,1.0,,Active,,,,,,,11-07-2023,,,,,,,,,,,,,,,,,,,,,,,,,,,,,,,,,,,,,,,,,,,,,,,,,,,Reckong Peo ,Rampur,,,,,,,,,,,,,,,,,,3876.0,45.0,50000.0,18.0,50000.0,85.0,5000.0,37.75,"Punang Yulla, Baturi, Runang, Sangla Kanda Kilba Kanda, Maling Nallah, Hango , chulling, Nako Shalkher, Rushkulang, Lippa, Asrang, sangla chido, brua sapni, bhabanagar.",22.5,9.0,4.25,2.0,2.0,100000.0,,,,,,,,,,,,,,,,,,,,,,,,,,,,,
24768.0,1.0,,Active,,,,,,,12-07-2023,,,,,,,,,,,,,,,,,,,,,,,,,,,,,,,,,,,,,,,,,,,,,,,,,,,Reckong Peo ,Rampur,,,,,,,,,,,,,,,,,,3877.0,11.0,50000.0,9.0,50000.0,49.0,5000.0,15.45,"Rukti, Sapni, Shong, Sangla, Katgaon, Giabong, Gurguri, Kraba, Panvi",5.5,4.5,2.45,3.0,3.0,100000.0,,,,,,,,,,,,,,,,,,,,,,,,,,,,,
25209.0,1041.0,,Active,,,,,,,20-07-2023,,,,,,,,,,,,,,,,,,,,,,,,,,,,,,,,,,,,,,,,,,,,,,,,,,,Rohru ,Rohroo,,,,,,,,,,,,,,,,,,3878.0,2.2,50000.0,7.3,50000.0,30.0,5000.0,10.25,"Rohru, Tikker, Chirgaon-I & Chirgaon-II",1.1,3.65,1.5,4.0,4.0,100000.0,,,,,,,,,,,,,,,,,,,,,,,,,,,,,
25209.0,1041.0,,Active,,,,,,,20-07-2023,,,,,,,,,,,,,,,,,,,,,,,,,,,,,,,,,,,,,,,,,,,,,,,,,,,Jubbal,Rohroo,,,,,,,,,,,,,,,,,,3879.0,4.9,50000.0,5.3,50000.0,28.0,5000.0,7.5,"Jubbal, Kotkhai, S/Nagar, Baghi & Kiari",2.45,2.65,1.4,1.0,1.0,100000.0,,,,,,,,,,,,,,,,,,,,,,,,,,,,,
25225.0,34.0,,Active,,,,,,,19-07-2023,,,,,,,,,,,,,,,,,,,,,,,,,,,,,,,,,,,,,,,,,,,,,,,,,,,Fatehpur,Dalhousie,,,,,,,,,,,,,,,,,,3880.0,0.75,50000.0,0.55,50000.0,11.0,5000.0,4.2,"ED INDORA:-HT/LT line and DTRs damaged of 11 KV Mand Miani feeder ,25 KVA Mand Gandran, 100 KVA Mand Sanour, 100 KVA Ghaddhar Beli.",0.375,0.275,0.55,3.0,3.0,100000.0,,,,,,,,,,,,,,,,,,,,,,,,,,,,,
25151.0,1.0,,Active,,,,,,,18-07-2023,,,,,,,,,,,,,,,,,,,,,,,,,,,,,,,,,,,,,,,,,,,,,,,,,,,Kumarsain,Rampur,,,,,,,,,,,,,,,,,,3881.0,11.0,50000.0,18.0,50000.0,48.0,5000.0,17.9,Narkanda complex jimmu tangri kalimiti MKC sheglta Dighadhar hawan barubag karalti lathi Dighadhar sawari shanand Bai baghail deeb,5.5,9.0,2.4,1.0,1.0,100000.0,,,,,,,,,,,,,,,,,,,,,,,,,,,,,
24864.0,1.0,,Active,,,,,,,13-07-2023,,,,,,,,,,,,,,,,,,,,,,,,,,,,,,,,,,,,,,,,,,,,,,,,,,,Reckong Peo ,Rampur,,,,,,,,,,,,,,,,,,3891.0,6.0,50000.0,2.0,50000.0,32.0,5000.0,5.6,"Sangla, Rakcham, Pooh.Reckong Peo, Powari, nichar Ramni Jani Chagaon,Urni, Punang Yulla, ",3.0,1.0,1.6,0.0,0.0,100000.0,,,,,,,,,,,,,,,,,,,,,,,,,,,,,
25271.0,34.0,,Active,,,,,,,20-07-2023,,,,,,,,,,,,,,,,,,,,,,,,,,,,,,,,,,,,,,,,,,,,,,,,,,,Reckong Peo ,Rampur,,,,,,,,,,,,,,,,,,3903.0,0.0,50000.0,0.6,50000.0,4.0,5000.0,0.5,"Sangla, kamru.",0.0,0.3,0.2,0.0,0.0,100000.0,,,,,,,,,,,,,,,,,,,,,,,,,,,,,
25149.0,1.0,,Active,,,,,,,17-07-2023,,,,,,,,,,,,,,,,,,,,,,,,,,,,,,,,,,,,,,,,,,,,,,,,,,,Reckong Peo ,Rampur,,,,,,,,,,,,,,,,,,3904.0,0.5,50000.0,0.0,50000.0,2.0,5000.0,0.35,Kunnu Charang,0.25,0.0,0.1,0.0,0.0,100000.0,,,,,,,,,,,,,,,,,,,,,,,,,,,,,
25271.0,1.0,,Active,,,,,,,20-07-2023,,,,,,,,,,,,,,,,,,,,,,,,,,,,,,,,,,,,,,,,,,,,,,,,,,,Reckong Peo ,Rampur,,,,,,,,,,,,,,,,,,3909.0,0.0,50000.0,0.6,50000.0,4.0,5000.0,0.5,"Sangla, kamru.",0.0,0.3,0.2,0.0,0.0,100000.0,,,,,,,,,,,,,,,,,,,,,,,,,,,,,
25303.0,34.0,,Active,,,,,,,22-07-2023,,,,,,,,,,,,,,,,,,,,,,,,,,,,,,,,,,,,,,,,,,,,,,,,,,,Chopal,Shimla,,,,,,,,,,,,,,,,,,3919.0,1.7,50000.0,0.9,50000.0,6.0,5000.0,2.6,Area of Chopal,0.85,0.45,0.3,1.0,1.0,100000.0,,,,,,,,,,,,,,,,,,,,,,,,,,,,,
25309.0,1041.0,,Active,,,,,,,22-07-2023,,,,,,,,,,,,,,,,,,,,,,,,,,,,,,,,,,,,,,,,,,,,,,,,,,,Jubbal,Rohroo,,,,,,,,,,,,,,,,,,3920.0,5.5,50000.0,10.4,50000.0,49.0,5000.0,13.4,"Jubbal, Kotkhai, S/Nagar, Baghi & Kiari",2.75,5.2,2.45,3.0,3.0,100000.0,,,,,,,,,,,,,,,,,,,,,,,,,,,,,
25309.0,1041.0,,Active,,,,,,,22-07-2023,,,,,,,,,,,,,,,,,,,,,,,,,,,,,,,,,,,,,,,,,,,,,,,,,,,Rohru ,Rohroo,,,,,,,,,,,,,,,,,,3921.0,5.1,50000.0,5.5,50000.0,55.0,5000.0,9.05,"Rohru, Tikker, Chirgaon-I & Chirgaon-II",2.55,2.75,2.75,1.0,1.0,100000.0,,,,,,,,,,,,,,,,,,,,,,,,,,,,,
25310.0,1041.0,,Active,,,,,,,21-07-2023,,,,,,,,,,,,,,,,,,,,,,,,,,,,,,,,,,,,,,,,,,,,,,,,,,,Rohru ,Rohroo,,,,,,,,,,,,,,,,,,3922.0,5.7,50000.0,9.3,50000.0,74.0,5000.0,12.2,"Rohru, Tikker, Chirgaon-I & Chirgaon-II",2.85,4.65,3.7,1.0,1.0,100000.0,,,,,,,,,,,,,,,,,,,,,,,,,,,,,
25431.0,1041.0,,Active,,,,,,,24-07-2023,,,,,,,,,,,,,,,,,,,,,,,,,,,,,,,,,,,,,,,,,,,,,,,,,,,Jubbal,Rohroo,,,,,,,,,,,,,,,,,,3944.0,5.0,50000.0,7.2,50000.0,43.0,5000.0,8.25,"Jubbal, Kotkhai, S/Nagar, Baghi & Kiari",2.5,3.6,2.15,0.0,0.0,100000.0,,,,,,,,,,,,,,,,,,,,,,,,,,,,,
25532.0,1.0,,Active,,,,,,,21-07-2023,,,,,,,,,,,,,,,,,,,,,,,,,,,,,,,,,,,,,,,,,,,,,,,,,,,Rampur ,Rampur,,,,,,,,,,,,,,,,,,3967.0,2.5,50000.0,12.5,50000.0,0.0,0.0,7.5,Nankhari taklech doetihi Sarahan,1.25,6.25,0.0,0.0,0.0,0.0,,,,,,,,,,,,,,,,,,,,,,,,,,,,,
25529.0,1.0,,Active,,,,,,,26-07-2023,,,,,,,,,,,,,,,,,,,,,,,,,,,,,,,,,,,,,,,,,,,,,,,,,,,Rampur ,Rampur,,,,,,,,,,,,,,,,,,3968.0,20.5,50000.0,27.5,50000.0,27.0,5000.0,25.35,"Deothi, Taklech, Nankhari Sarahan Jawalda Addu",10.25,13.75,1.35,0.0,0.0,0.0,,,,,,,,,,,,,,,,,,,,,,,,,,,,,
25606.0,43.0,,Active,,,,,,,25-07-2023,,,,,,,,,,,,,,,,,,,,,,,,,,,,,,,,,,,,,,,,,,,,,,,,,,,Fatehpur,Dalhousie,,,,,,,,,,,,,,,,,,3976.0,0.621,50000.0,0.28,50000.0,14.0,5000.0,2.15,"Vill. Dehri, Village Mand  Bhogerwan,",0.3105,0.14,0.7,1.0,1.0,100000.0,,,,,,,,,,,,,,,,,,,,,,,,,,,,,
25607.0,34.0,,Active,,,,,,,27-07-2023,,,,,,,,,,,,,,,,,,,,,,,,,,,,,,,,,,,,,,,,,,,,,,,,,,,Fatehpur,Dalhousie,,,,,,,,,,,,,,,,,,3977.0,0.615,50000.0,0.85,50000.0,25.0,5000.0,2.98,"Mand ghandran, bhogerwan,mand riyali,surarwan,",0.3075,0.425,1.25,1.0,1.0,100000.0,,,,,,,,,,,,,,,,,,,,,,,,,,,,,
25606.0,34.0,,Active,,,,,,,25-07-2023,,,,,,,,,,,,,,,,,,,,,,,,,,,,,,,,,,,,,,,,,,,,,,,,,,,Fatehpur,Dalhousie,,,,,,,,,,,,,,,,,,3978.0,0.621,50000.0,0.28,50000.0,14.0,5000.0,2.15,"Vill. Dehri, Village Mand  Bhogerwan,",0.3105,0.14,0.7,1.0,1.0,100000.0,,,,,,,,,,,,,,,,,,,,,,,,,,,,,
25532.0,1.0,,Active,,,,,,,21-07-2023,,,,,,,,,,,,,,,,,,,,,,,,,,,,,,,,,,,,,,,,,,,,,,,,,,,Kumarsain,Rampur,,,,,,,,,,,,,,,,,,3980.0,4.5,50000.0,7.8,50000.0,12.0,5000.0,6.75,Lathi barubag mashokhri shelag kanahar dagyana  oddi Kumarsain halyana khekher teshan bhanoli jarol Thanedar ,2.25,3.9,0.6,0.0,0.0,0.0,,,,,,,,,,,,,,,,,,,,,,,,,,,,,
25529.0,1.0,,Active,,,,,,,26-07-2023,,,,,,,,,,,,,,,,,,,,,,,,,,,,,,,,,,,,,,,,,,,,,,,,,,,Kumarsain,Rampur,,,,,,,,,,,,,,,,,,3982.0,1.5,50000.0,3.5,50000.0,10.0,5000.0,3.0,kalimiti konthru jimmu jal reog tangri Sarahan Chabogg dakolu chajoli Kotgarh jarol narkanda oddi Kumarsain ,0.75,1.75,0.5,0.0,0.0,0.0,,,,,,,,,,,,,,,,,,,,,,,,,,,,,
25657.0,34.0,,Active,,,,,,,23-07-2023,,,,,,,,,,,,,,,,,,,,,,,,,,,,,,,,,,,,,,,,,,,,,,,,,,,City (E),Shimla,,,,,,,,,,,,,,,,,,3991.0,1.6,50000.0,1.8,50000.0,2.0,5000.0,1.8,"Kachighati,Tutikandi & Janta store",0.8,0.9,0.1,0.0,0.0,0.0,,,,,,,,,,,,,,,,,,,,,,,,,,,,,
25303.0,34.0,,Active,,,,,,,22-07-2023,,,,,,,,,,,,,,,,,,,,,,,,,,,,,,,,,,,,,,,,,,,,,,,,,,,City (E),Shimla,,,,,,,,,,,,,,,,,,3992.0,0.0,0.0,2.5,50000.0,4.0,5000.0,1.45,"Dhingra Estate,village Bag,Harinager.",0.0,1.25,0.2,0.0,0.0,0.0,,,,,,,,,,,,,,,,,,,,,,,,,,,,,
25658.0,34.0,,Active,,,,,,,24-07-2023,,,,,,,,,,,,,,,,,,,,,,,,,,,,,,,,,,,,,,,,,,,,,,,,,,,City (E),Shimla,,,,,,,,,,,,,,,,,,3994.0,2.9,50000.0,0.0,0.0,0.0,0.0,1.45,New Keneddy House Feeder.,1.45,0.0,0.0,0.0,0.0,0.0,,,,,,,,,,,,,,,,,,,,,,,,,,,,,
25657.0,34.0,,Active,,,,,,,23-07-2023,,,,,,,,,,,,,,,,,,,,,,,,,,,,,,,,,,,,,,,,,,,,,,,,,,,City (E),Shimla,,,,,,,,,,,,,,,,,,3995.0,1.5,50000.0,0.0,0.0,0.0,0.0,0.75,Snowdon section,0.75,0.0,0.0,0.0,0.0,0.0,,,,,,,,,,,,,,,,,,,,,,,,,,,,,
25470.0,1041.0,,Active,,,,,,,25-07-2023,,,,,,,,,,,,,,,,,,,,,,,,,,,,,,,,,,,,,,,,,,,,,,,,,,,Jubbal,Rohroo,,,,,,,,,,,,,,,,,,4001.0,2.7,50000.0,4.6,50000.0,23.0,5000.0,4.8,"Jubbal, Kotkhai, S/Nagar, Baghi & Kiari",1.35,2.3,1.15,0.0,0.0,100000.0,,,,,,,,,,,,,,,,,,,,,,,,,,,,,
25678.0,1041.0,,Active,,,,,,,28-07-2023,,,,,,,,,,,,,,,,,,,,,,,,,,,,,,,,,,,,,,,,,,,,,,,,,,,Jubbal,Rohroo,,,,,,,,,,,,,,,,,,4004.0,4.3,50000.0,2.7,50000.0,19.0,5000.0,4.45,"Jubbal, Kotkhai, S/Nagar, Baghi & Kiari",2.15,1.35,0.95,0.0,0.0,100000.0,,,,,,,,,,,,,,,,,,,,,,,,,,,,,
25679.0,1041.0,,Active,,,,,,,31-07-2023,,,,,,,,,,,,,,,,,,,,,,,,,,,,,,,,,,,,,,,,,,,,,,,,,,,Jubbal,Rohroo,,,,,,,,,,,,,,,,,,4005.0,2.0,50000.0,0.0,50000.0,5.0,5000.0,1.25,Baghi,1.0,0.0,0.25,0.0,0.0,100000.0,,,,,,,,,,,,,,,,,,,,,,,,,,,,,
25703.0,34.0,,Active,,,,,,,31-07-2023,,,,,,,,,,,,,,,,,,,,,,,,,,,,,,,,,,,,,,,,,,,,,,,,,,,Fatehpur,Dalhousie,,,,,,,,,,,,,,,,,,4010.0,0.0,50000.0,2.47,50000.0,18.0,5000.0,2.14,"Village That, Riali and surrounding areas",0.0,1.235,0.9,0.0,0.0,100000.0,,,,,,,,,,,,,,,,,,,,,,,,,,,,,
25715.0,34.0,,Active,,,,,,,28-07-2023,,,,,,,,,,,,,,,,,,,,,,,,,,,,,,,,,,,,,,,,,,,,,,,,,,,City (E),Shimla,,,,,,,,,,,,,,,,,,4013.0,0.0,0.0,4.0,50000.0,8.0,5000.0,2.4,Village Baag,0.0,2.0,0.4,0.0,0.0,0.0,,,,,,,,,,,,,,,,,,,,,,,,,,,,,
25716.0,1041.0,,Active,,,,,,,30-07-2023,,,,,,,,,,,,,,,,,,,,,,,,,,,,,,,,,,,,,,,,,,,,,,,,,,,City (E),Shimla,,,,,,,,,,,,,,,,,,4014.0,2.2,50000.0,0.5,50000.0,0.0,0.0,1.35,Barrier Feeder Village Baag Old kennedy house feeder,1.1,0.25,0.0,0.0,0.0,0.0,,,,,,,,,,,,,,,,,,,,,,,,,,,,,
25677.0,1041.0,,Active,,,,,,,28-07-2023,,,,,,,,,,,,,,,,,,,,,,,,,,,,,,,,,,,,,,,,,,,,,,,,,,,Rampur ,Rampur,,,,,,,,,,,,,,,,,,4017.0,50.0,50000.0,60.0,50000.0,60.0,5000.0,59.0,"RAMPUR TOWN, KHANERI , RACHOLI , NOGLI SARPARA, KOOT KHEUNCHA, JEORI , SARAHAN DHAR GAURA, MASHNOO , RAMA JAIDHAR",25.0,30.0,3.0,1.0,1.0,100000.0,,,,,,,,,,,,,,,,,,,,,,,,,,,,,
25760.0,34.0,,Active,,,,,,,02-08-2023,,,,,,,,,,,,,,,,,,,,,,,,,,,,,,,,,,,,,,,,,,,,,,,,,,,Fatehpur,Dalhousie,,,,,,,,,,,,,,,,,,4018.0,0.0,50000.0,0.15,50000.0,2.0,5000.0,0.17,"Bhogerwan, Riali and surrounding araes.",0.0,0.075,0.1,0.0,0.0,100000.0,,,,,,,,,,,,,,,,,,,,,,,,,,,,,
25718.0,1041.0,,Active,,,,,,,02-08-2023,,,,,,,,,,,,,,,,,,,,,,,,,,,,,,,,,,,,,,,,,,,,,,,,,,,Jubbal,Rohroo,,,,,,,,,,,,,,,,,,4025.0,2.1,50000.0,2.8,50000.0,10.0,5000.0,2.95," Kotkhai, Baghi",1.05,1.4,0.5,0.0,0.0,100000.0,,,,,,,,,,,,,,,,,,,,,,,,,,,,,
25992.0,1.0,,Active,,,,,,,26-07-2023,,,,,,,,,,,,,,,,,,,,,,,,,,,,,,,,,,,,,,,,,,,,,,,,,,,Lahaul,Kullu,,,,,,,,,,,,,,,,,,4054.0,4.0,50000.0,1.0,50000.0,23.0,5000.0,3.65,"HT Line damaged at Tindi, Miyar, LT Line damaged at Kurched. HT & LT Poles damaged at Dhandal, Miyar, Khanjar & Jasrath.",2.0,0.5,1.15,0.0,0.0,0.0,,,,,,,,,,,,,,,,,,,,,,,,,,,,,
26207.0,34.0,,Active,,,,,,,12-08-2023,,,,,,,,,,,,,,,,,,,,,,,,,,,,,,,,,,,,,,,,,,,,,,,,,,,City (E),Shimla,,,,,,,,,,,,,,,,,,4170.0,1.5,50000.0,28.0,50000.0,28.0,5000.0,16.15,2*630kva ellysium 3x630 kva new heart setgery Near Foresst office Kanlog Near Mental Hospital Ghora Chowki Section ,0.75,14.0,1.4,0.0,0.0,0.0,,,,,,,,,,,,,,,,,,,,,,,,,,,,,
26208.0,34.0,,Active,,,,,,,13-08-2023,,,,,,,,,,,,,,,,,,,,,,,,,,,,,,,,,,,,,,,,,,,,,,,,,,,City (E),Shimla,,,,,,,,,,,,,,,,,,4171.0,10.3,50000.0,22.5,50000.0,80.0,5000.0,22.4,2x630kva ellysium 1x630 kva kelty 3 pole strucutre 1x250 kva boys hostel 1x630 kVA Mistchamber U.S Club section near Marina Hotel 1x250 kva Ava Lodge Vice Regal  Lodge  Section  Kennedy House Section ,5.15,11.25,4.0,2.0,2.0,100000.0,,,,,,,,,,,,,,,,,,,,,,,,,,,,,
26209.0,34.0,,Active,,,,,,,14-08-2023,,,,,,,,,,,,,,,,,,,,,,,,,,,,,,,,,,,,,,,,,,,,,,,,,,,City (E),Shimla,,,,,,,,,,,,,,,,,,4172.0,5.41,50000.0,19.8,50000.0,50.0,5000.0,15.11,1x630 kva sanajuli section 1x250kva old housing borad  1x250 kva chalaunthy 2x250 kva dhinghudhar 1x250 correstophen 1x250 kva nursing hostel Himland ,2.705,9.9,2.5,0.0,0.0,0.0,,,,,,,,,,,,,,,,,,,,,,,,,,,,,
26210.0,34.0,,Active,,,,,,,15-08-2023,,,,,,,,,,,,,,,,,,,,,,,,,,,,,,,,,,,,,,,,,,,,,,,,,,,City (E),Shimla,,,,,,,,,,,,,,,,,,4173.0,4.01,50000.0,7.7,50000.0,22.0,5000.0,6.96,"Director of Education, Lal Pani to Slaughter  house   Gawahi Idgah section",2.005,3.85,1.1,0.0,0.0,0.0,,,,,,,,,,,,,,,,,,,,,,,,,,,,,
26208.0,34.0,,Active,,,,,,,13-08-2023,,,,,,,,,,,,,,,,,,,,,,,,,,,,,,,,,,,,,,,,,,,,,,,,,,,Shimla No. 1,Shimla,,,,,,,,,,,,,,,,,,4174.0,38.0,50000.0,80.0,50000.0,100.0,5000.0,67.0,"Area of ED-I, Junga, Jutogh, Mashobra, Khalini, Dhalli",19.0,40.0,5.0,3.0,3.0,100000.0,,,,,,,,,,,,,,,,,,,,,,,,,,,,,
26209.0,34.0,,Active,,,,,,,14-08-2023,,,,,,,,,,,,,,,,,,,,,,,,,,,,,,,,,,,,,,,,,,,,,,,,,,,Shimla No. 1,Shimla,,,,,,,,,,,,,,,,,,4175.0,25.0,50000.0,35.0,50000.0,72.0,5000.0,35.6,"Area of ED-I, Junga, Jutogh, Mashobra, Khalini, Dhalli",12.5,17.5,3.6,2.0,2.0,100000.0,,,,,,,,,,,,,,,,,,,,,,,,,,,,,
26208.0,1041.0,,Active,,,,,,,13-08-2023,,,,,,,,,,,,,,,,,,,,,,,,,,,,,,,,,,,,,,,,,,,,,,,,,,,Shimla No. 2,Shimla,,,,,,,,,,,,,,,,,,4176.0,8.7,50000.0,5.2,50000.0,68.0,5000.0,10.35,Area of ED-II,4.35,2.6,3.4,0.0,0.0,0.0,,,,,,,,,,,,,,,,,,,,,,,,,,,,,
26208.0,34.0,,Active,,,,,,,13-08-2023,,,,,,,,,,,,,,,,,,,,,,,,,,,,,,,,,,,,,,,,,,,,,,,,,,,Theog,Shimla,,,,,,,,,,,,,,,,,,4177.0,5.0,50000.0,15.0,50000.0,55.0,5000.0,16.75,Area of Theog,2.5,7.5,2.75,4.0,4.0,100000.0,,,,,,,,,,,,,,,,,,,,,,,,,,,,,
26208.0,34.0,,Active,,,,,,,13-08-2023,,,,,,,,,,,,,,,,,,,,,,,,,,,,,,,,,,,,,,,,,,,,,,,,,,,Suni,Shimla,,,,,,,,,,,,,,,,,,4178.0,3.89,50000.0,8.2,50000.0,16.0,5000.0,9.84,Area of Sunni,1.945,4.1,0.8,3.0,3.0,100000.0,,,,,,,,,,,,,,,,,,,,,,,,,,,,,
26208.0,34.0,,Active,,,,,,,13-08-2023,,,,,,,,,,,,,,,,,,,,,,,,,,,,,,,,,,,,,,,,,,,,,,,,,,,Chopal,Shimla,,,,,,,,,,,,,,,,,,4179.0,3.8,50000.0,4.7,50000.0,23.0,5000.0,5.4,Area of Chopal,1.9,2.35,1.15,0.0,0.0,0.0,,,,,,,,,,,,,,,,,,,,,,,,,,,,,
26217.0,1.0,,Active,,,,,,,14-08-2023,,,,,,,,,,,,,,,,,,,,,,,,,,,,,,,,,,,,,,,,,,,,,,,,,,,Anni,Rampur,,,,,,,,,,,,,,,,,,4182.0,10.0,50000.0,12.0,50000.0,25.0,5000.0,12.25,"Showad, Anni,Runa ,Rowah, Nirmand , jaboo, karshala , Pokhri and surrounding area.",5.0,6.0,1.25,0.0,0.0,0.0,,,,,,,,,,,,,,,,,,,,,,,,,,,,,
26187.0,1041.0,,Active,,,,,,,03-08-2023,,,,,,,,,,,,,,,,,,,,,,,,,,,,,,,,,,,,,,,,,,,,,,,,,,,Jubbal,Rohroo,,,,,,,,,,,,,,,,,,4183.0,0.85,50000.0,1.75,50000.0,8.0,5000.0,2.7," Kotkhai, Baghi & Kiari",0.425,0.875,0.4,1.0,1.0,100000.0,,,,,,,,,,,,,,,,,,,,,,,,,,,,,
26216.0,1041.0,,Active,,,,,,,15-08-2023,,,,,,,,,,,,,,,,,,,,,,,,,,,,,,,,,,,,,,,,,,,,,,,,,,,Rohru ,Rohroo,,,,,,,,,,,,,,,,,,4184.0,4.0,50000.0,17.0,50000.0,50.0,5000.0,13.0,"Rohru, Tikker, Chirgaon-I & Chirgaon-II",2.0,8.5,2.5,0.0,0.0,100000.0,,,,,,,,,,,,,,,,,,,,,,,,,,,,,
26219.0,1041.0,,Active,,,,,,,15-08-2023,,,,,,,,,,,,,,,,,,,,,,,,,,,,,,,,,,,,,,,,,,,,,,,,,,,Jubbal,Rohroo,,,,,,,,,,,,,,,,,,4185.0,2.5,50000.0,1.7,50000.0,18.0,5000.0,3.0," Kotkhai, Baghi & Kiari",1.25,0.85,0.9,0.0,0.0,100000.0,,,,,,,,,,,,,,,,,,,,,,,,,,,,,
26217.0,1.0,,Active,,,,,,,14-08-2023,,,,,,,,,,,,,,,,,,,,,,,,,,,,,,,,,,,,,,,,,,,,,,,,,,,Kumarsain,Rampur,,,,,,,,,,,,,,,,,,4195.0,6.2,50000.0,8.0,50000.0,25.0,5000.0,9.35,"Narkanda, lathi, jogsha, digadhar, nagrot, jal Jarol Kotgarh Khaneti bhutti chajoli Chabbog Teshan kotighat Thathal Malendi etc",3.1,4.0,1.25,1.0,1.0,100000.0,,,,,,,,,,,,,,,,,,,,,,,,,,,,,
26218.0,1.0,,Active,,,,,,,15-08-2023,,,,,,,,,,,,,,,,,,,,,,,,,,,,,,,,,,,,,,,,,,,,,,,,,,,Kumarsain,Rampur,,,,,,,,,,,,,,,,,,4196.0,2.5,50000.0,5.75,50000.0,15.0,5000.0,4.88,"Paneog, sawari, bagini, baghail, serthi, daroo, jal, tipri, kanahar, kehri, baity, mujhti, kacheen, thathal, Kotgarh, mangsu, Khaneti, tannijubbal, jarol etc ",1.25,2.875,0.75,0.0,0.0,0.0,,,,,,,,,,,,,,,,,,,,,,,,,,,,,
26161.0,1.0,,Active,,,,,,,14-08-2023,,,,,,,,,,,,,,,,,,,,,,,,,,,,,,,,,,,,,,,,,,,,,,,,,,,Rampur ,Rampur,,,,,,,,,,,,,,,,,,4201.0,4.0,50000.0,15.0,50000.0,10.0,5000.0,10.0,RAMPUR NANKHARI SARAHAN TAKLECH,2.0,7.5,0.5,0.0,0.0,0.0,,,,,,,,,,,,,,,,,,,,,,,,,,,,,
26218.0,1.0,,Active,,,,,,,15-08-2023,,,,,,,,,,,,,,,,,,,,,,,,,,,,,,,,,,,,,,,,,,,,,,,,,,,Rampur ,Rampur,,,,,,,,,,,,,,,,,,4202.0,12.0,50000.0,15.0,50000.0,11.0,5000.0,14.05,RAMPUR NANKHARI SARAHAN TAKLECH,6.0,7.5,0.55,0.0,0.0,0.0,,,,,,,,,,,,,,,,,,,,,,,,,,,,,
26210.0,34.0,,Active,,,,,,,15-08-2023,,,,,,,,,,,,,,,,,,,,,,,,,,,,,,,,,,,,,,,,,,,,,,,,,,,City (E),Shimla,,,,,,,,,,,,,,,,,,4203.0,0.0,0.0,1.0,50000.0,2.0,5000.0,0.6,Hotel Palace Snowdon  ,0.0,0.5,0.1,0.0,0.0,0.0,,,,,,,,,,,,,,,,,,,,,,,,,,,,,
26211.0,34.0,,Active,,,,,,,16-08-2023,,,,,,,,,,,,,,,,,,,,,,,,,,,,,,,,,,,,,,,,,,,,,,,,,,,City (E),Shimla,,,,,,,,,,,,,,,,,,4204.0,3.2,50000.0,6.4,50000.0,10.0,5000.0,9.3,Bagh Gaon  103 RTO  Advance Study  Youth Complex  Directorate  of Education  Upper Kaithu  1x250 Kva Snow View ,1.6,3.2,0.5,4.0,4.0,100000.0,,,,,,,,,,,,,,,,,,,,,,,,,,,,,
26415.0,1.0,,Active,,,,,,,23-08-2023,,,,,,,,,,,,,,,,,,,,,,,,,,,,,,,,,,,,,,,,,,,,,,,,,,,Anni,Rampur,,,,,,,,,,,,,,,,,,4281.0,7.0,50000.0,9.5,50000.0,27.0,5000.0,9.6,"New Bus Stand Anni, Showad , Jaboo, Arsu , Dalash, Neether , Durah ,Kothi ,Nirmand ,Kungash and surrounding area of Anni Division ,Anni",3.5,4.75,1.35,0.0,0.0,0.0,,,,,,,,,,,,,,,,,,,,,,,,,,,,,
26484.0,34.0,,Active,,,,,,,23-08-2023,,,,,,,,,,,,,,,,,,,,,,,,,,,,,,,,,,,,,,,,,,,,,,,,,,,City (E),Shimla,,,,,,,,,,,,,,,,,,4284.0,8.0,50000.0,25.0,50000.0,50.0,5000.0,21.0,Area of City Aug 23,4.0,12.5,2.5,2.0,2.0,100000.0,,,,,,,,,,,,,,,,,,,,,,,,,,,,,
26484.0,34.0,,Active,,,,,,,23-08-2023,,,,,,,,,,,,,,,,,,,,,,,,,,,,,,,,,,,,,,,,,,,,,,,,,,,Chopal,Shimla,,,,,,,,,,,,,,,,,,4285.0,0.5,50000.0,0.8,50000.0,4.0,5000.0,1.85,Area of Chopal Aug 23,0.25,0.4,0.2,1.0,1.0,100000.0,,,,,,,,,,,,,,,,,,,,,,,,,,,,,
26484.0,34.0,,Active,,,,,,,23-08-2023,,,,,,,,,,,,,,,,,,,,,,,,,,,,,,,,,,,,,,,,,,,,,,,,,,,Theog,Shimla,,,,,,,,,,,,,,,,,,4286.0,2.0,50000.0,5.0,50000.0,15.0,5000.0,4.25,Area of Theog Aug 23,1.0,2.5,0.75,0.0,0.0,0.0,,,,,,,,,,,,,,,,,,,,,,,,,,,,,
26484.0,34.0,,Active,,,,,,,23-08-2023,,,,,,,,,,,,,,,,,,,,,,,,,,,,,,,,,,,,,,,,,,,,,,,,,,,Suni,Shimla,,,,,,,,,,,,,,,,,,4287.0,0.0,0.0,0.3,50000.0,5.0,5000.0,0.4,Area of Suni Aug 23,0.0,0.15,0.25,0.0,0.0,0.0,,,,,,,,,,,,,,,,,,,,,,,,,,,,,
26484.0,34.0,,Active,,,,,,,23-08-2023,,,,,,,,,,,,,,,,,,,,,,,,,,,,,,,,,,,,,,,,,,,,,,,,,,,Shimla No. 1,Shimla,,,,,,,,,,,,,,,,,,4288.0,18.8,50000.0,38.3,50000.0,104.0,5000.0,36.75,Area of ED-I Aug 23,9.4,19.15,5.2,3.0,3.0,100000.0,,,,,,,,,,,,,,,,,,,,,,,,,,,,,
26484.0,1041.0,,Active,,,,,,,23-08-2023,,,,,,,,,,,,,,,,,,,,,,,,,,,,,,,,,,,,,,,,,,,,,,,,,,,Shimla No. 2,Shimla,,,,,,,,,,,,,,,,,,4289.0,0.3,50000.0,1.2,50000.0,10.0,5000.0,1.25,Area of ED-II Aug 23,0.15,0.6,0.5,0.0,0.0,0.0,,,,,,,,,,,,,,,,,,,,,,,,,,,,,
26415.0,1.0,,Active,,,,,,,23-08-2023,,,,,,,,,,,,,,,,,,,,,,,,,,,,,,,,,,,,,,,,,,,,,,,,,,,Rampur ,Rampur,,,,,,,,,,,,,,,,,,4324.0,3.0,50000.0,3.0,50000.0,3.0,5000.0,3.15,TAKLECH BALTIDHAR,1.5,1.5,0.15,0.0,0.0,0.0,,,,,,,,,,,,,,,,,,,,,,,,,,,,,
26877.0,34.0,,Active,,,,,,,14-08-2023,,,,,,,,,,,,,,,,,,,,,,,,,,,,,,,,,,,,,,,,,,,,,,,,,,,Fatehpur,Dalhousie,,,,,,,,,,,,,,,,,,4348.0,2.86,50000.0,7.3,50000.0,98.0,5000.0,9.98,"ED Indora:- HT/LT line damaged in Electrical section Kathgarh,Thakurdwara,Milwan,of Mand areas due to flood due to release of extra amount of water of Pong Dam",1.43,3.65,4.9,0.0,0.0,100000.0,,,,,,,,,,,,,,,,,,,,,,,,,,,,,
27312.0,34.0,,Active,,,,,,,01-02-2024,,,,,,,,,,,,,,,,,,,,,,,,,,,,,,,,,,,,,,,,,,,,,,,,,,,Suni,Shimla,,,,,,,,,,,,,,,,,,4387.0,0.55,50000.0,1.48,50000.0,14.0,5000.0,1.72,Ghandal Patli Dhar (E) Kohbag Piplidhar Gwahi Cable Temination Kit (Tutu Shimla) 33/11 S/Stn. Ghandal   Rehana Chalahal Mandri Thachi  Reog Himri Himri Bagri Reog Himri,0.275,0.74,0.7,0.0,0.0,0.0,,,,,,,,,,,,,,,,,,,,,,,,,,,,,
27311.0,34.0,,Active,,,,,,,31-01-2024,,,,,,,,,,,,,,,,,,,,,,,,,,,,,,,,,,,,,,,,,,,,,,,,,,,City (E),Shimla,,,,,,,,,,,,,,,,,,4388.0,12.13,50000.0,23.12,50000.0,51.0,5000.0,26.18,"Govt. ITI, Advance Study, Avalodge & Kotshera Rippon and other area under City",6.065,11.56,2.55,6.0,6.0,100000.0,,,,,,,,,,,,,,,,,,,,,,,,,,,,,
27317.0,1041.0,,Active,,,,,,,01-02-2024,,,,,,,,,,,,,,,,,,,,,,,,,,,,,,,,,,,,,,,,,,,,,,,,,,,Rampur ,Rampur,,,,,,,,,,,,,,,,,,4389.0,2.0,50000.0,3.0,50000.0,2.0,5000.0,4.6,"TAKLECH, NANKHARI, SARAHAN",1.0,1.5,0.1,2.0,2.0,100000.0,,,,,,,,,,,,,,,,,,,,,,,,,,,,,
27318.0,1041.0,,Active,,,,,,,02-02-2024,,,,,,,,,,,,,,,,,,,,,,,,,,,,,,,,,,,,,,,,,,,,,,,,,,,Rampur ,Rampur,,,,,,,,,,,,,,,,,,4390.0,25.0,50000.0,30.0,50000.0,23.0,5000.0,28.65,"TAKLECH, NANKHARI, SARAHAN, kuhal , jahoo, jawalda",12.5,15.0,1.15,0.0,0.0,0.0,,,,,,,,,,,,,,,,,,,,,,,,,,,,,
27312.0,34.0,,Active,,,,,,,01-02-2024,,,,,,,,,,,,,,,,,,,,,,,,,,,,,,,,,,,,,,,,,,,,,,,,,,,City (E),Shimla,,,,,,,,,,,,,,,,,,4393.0,0.0,0.0,0.0,0.0,0.0,0.0,1.0,Near Govt. Degree college Sanajuli (E) section Sanjauli.,0.0,0.0,0.0,1.0,1.0,100000.0,,,,,,,,,,,,,,,,,,,,,,,,,,,,,
27318.0,1041.0,,Active,,,,,,,02-02-2024,,,,,,,,,,,,,,,,,,,,,,,,,,,,,,,,,,,,,,,,,,,,,,,,,,,Rampur ,Rampur,,,,,,,,,,,,,,,,,,4394.0,50.0,50000.0,25.0,50000.0,20.0,5000.0,40.5,"NANKHARI , JAWALDA, JAHOO, BAHALI, SHARAN, JEORI, SARAHAN",25.0,12.5,1.0,2.0,2.0,100000.0,,,,,,,,,,,,,,,,,,,,,,,,,,,,,
27459.0,34.0,,Active,,,,,,,02-03-2024,,,,,,,,,,,,,,,,,,,,,,,,,,,,,,,,,,,,,,,,,,,,,,,,,,,Suni,Shimla,,,,,,,,,,,,,,,,,,4419.0,0.0,0.0,1.74,50000.0,5.0,5000.0,1.12,"Navi, Padain",0.0,0.87,0.25,0.0,0.0,0.0,,,,,,,,,,,,,,,,,,,,,,,,,,,,,
27458.0,1041.0,,Active,,,,,,,01-03-2024,,,,,,,,,,,,,,,,,,,,,,,,,,,,,,,,,,,,,,,,,,,,,,,,,,,City (E),Shimla,,,,,,,,,,,,,,,,,,4420.0,2.6,50000.0,3.42,50000.0,1.0,5000.0,3.06,"Near Titla Hotel  Nabha, Phagli  Near teacher colony feeder, Science block ",1.3,1.71,0.05,0.0,0.0,0.0,,,,,,,,,,,,,,,,,,,,,,,,,,,,,
27459.0,34.0,,Active,,,,,,,02-03-2024,,,,,,,,,,,,,,,,,,,,,,,,,,,,,,,,,,,,,,,,,,,,,,,,,,,City (E),Shimla,,,,,,,,,,,,,,,,,,4421.0,3.0,50000.0,11.4,50000.0,12.0,5000.0,8.8,CGO Complex  Below Children Park  Dhingu Dhar  Near Ali Manzil  Below Dispensary Near Joshi nowas Engine Ghar  Jakhu Temple ,1.5,5.7,0.6,1.0,1.0,100000.0,,,,,,,,,,,,,,,,,,,,,,,,,,,,,
27312.0,34.0,,Active,,,,,,,01-02-2024,,,,,,,,,,,,,,,,,,,,,,,,,,,,,,,,,,,,,,,,,,,,,,,,,,,City (E),Shimla,,,,,,,,,,,,,,,,,,4422.0,0.8,50000.0,4.9,50000.0,1.0,5000.0,2.9,"Nursing Hostel to Telecobalt  Kamna devi ,Boileauganj ",0.4,2.45,0.05,0.0,0.0,0.0,,,,,,,,,,,,,,,,,,,,,,,,,,,,,
27405.0,1041.0,,Active,,,,,,,03-03-2024,,,,,,,,,,,,,,,,,,,,,,,,,,,,,,,,,,,,,,,,,,,,,,,,,,,Rohru ,Rohroo,,,,,,,,,,,,,,,,,,4424.0,6.0,50000.0,8.6,50000.0,63.0,5000.0,10.45,"Rohru, Tikker, Chirgain-I and Chirgaon-II",3.0,4.3,3.15,0.0,0.0,100000.0,,,,,,,,,,,,,,,,,,,,,,,,,,,,,
27405.0,1041.0,,Active,,,,,,,03-03-2024,,,,,,,,,,,,,,,,,,,,,,,,,,,,,,,,,,,,,,,,,,,,,,,,,,,Jubbal,Rohroo,,,,,,,,,,,,,,,,,,4425.0,25.8,50000.0,20.5,50000.0,141.0,5000.0,35.2,"Jubbal, S/Nagar, Kiari, Baghi and Kotkhai",12.9,10.25,7.05,5.0,5.0,100000.0,,,,,,,,,,,,,,,,,,,,,,,,,,,,,
27404.0,1041.0,,Active,,,,,,,02-03-2024,,,,,,,,,,,,,,,,,,,,,,,,,,,,,,,,,,,,,,,,,,,,,,,,,,,Rohru ,Rohroo,,,,,,,,,,,,,,,,,,4426.0,10.2,50000.0,10.7,50000.0,81.0,5000.0,15.5,"Rohru, Tikker, Chirgain-I and Chirgaon-II",5.1,5.35,4.05,1.0,1.0,100000.0,,,,,,,,,,,,,,,,,,,,,,,,,,,,,
4497.0,38.0,,Active,,,,,,,17-08-2020,,,,,,,,,,,,,,,,,,,,,,,,,,,,,,,,,,,,,,,,,,,,,,,,,,,Indora,"9TH CIRCLE, NURPUR",,,,,,,,,,,,,,,,,,,,,,,,,,,,,,,,,147.0,16.0,2.0,5.0,10.0,0.0,1.0,2.0,0.0,0.0,1.0,2020-08-19 00:00:00.000,2020-08-20 00:00:00.000,2020-08-18 00:00:00.000,1.0,1.0,0.0,0.0,0.0,1.0,,,,,,,,KANGRA,INDORA
4497.0,38.0,,Active,,,,,,,17-08-2020,,,,,,,,,,,,,,,,,,,,,,,,,,,,,,,,,,,,,,,,,,,,,,,,,,,Nurpur,"9TH CIRCLE, NURPUR",,,,,,,,,,,,,,,,,,,,,,,,,,,,,,,,,148.0,10.0,2.0,1.0,9.0,0.0,0.0,1.0,0.0,0.0,1.0,2020-08-31 00:00:00.000,2020-08-18 00:00:00.000,2020-08-18 00:00:00.000,2.0,0.0,0.0,0.0,0.0,0.0,,,,,,,,KANGRA,NURPUR
4497.0,38.0,,Active,,,,,,,17-08-2020,,,,,,,,,,,,,,,,,,,,,,,,,,,,,,,,,,,,,,,,,,,,,,,,,,,Fatehpur,"9TH CIRCLE, NURPUR",,,,,,,,,,,,,,,,,,,,,,,,,,,,,,,,,149.0,18.7,0.0,3.7,15.0,0.0,0.0,1.0,0.0,0.0,1.0,2020-08-18 00:00:00.000,2020-08-18 00:00:00.000,2020-08-18 00:00:00.000,0.0,0.0,0.0,0.0,0.0,0.0,,,,,,,,CHAMBA,CHAMBA
4497.0,38.0,,Active,,,,,,,17-08-2020,,,,,,,,,,,,,,,,,,,,,,,,,,,,,,,,,,,,,,,,,,,,,,,,,,,Kotla-Behar,"9TH CIRCLE, NURPUR",,,,,,,,,,,,,,,,,,,,,,,,,,,,,,,,,150.0,25.0,0.0,4.0,21.0,0.0,0.0,1.0,0.0,0.0,1.0,2020-08-18 00:00:00.000,2020-08-18 00:00:00.000,2020-08-18 00:00:00.000,0.0,0.0,0.0,0.0,0.0,2.0,,,,,,,,SIRMAUR,PACHHAD
4497.0,38.0,,Active,,,,,,,17-08-2020,,,,,,,,,,,,,,,,,,,,,,,,,,,,,,,,,,,,,,,,,,,,,,,,,,,Dehra,"9TH CIRCLE, NURPUR",,,,,,,,,,,,,,,,,,,,,,,,,,,,,,,,,151.0,37.5,2.0,7.2,30.3,0.0,0.0,2.0,0.0,0.0,2.0,2020-08-19 00:00:00.000,2020-08-19 00:00:00.000,2020-08-19 00:00:00.000,2.0,0.0,0.0,0.0,0.0,2.0,,,,,,,,CHAMBA,CHURAH
4497.0,38.0,,Active,,,,,,,17-08-2020,,,,,,,,,,,,,,,,,,,,,,,,,,,,,,,,,,,,,,,,,,,,,,,,,,,Jawali,"9TH CIRCLE, NURPUR",,,,,,,,,,,,,,,,,,,,,,,,,,,,,,,,,152.0,14.5,0.0,0.0,14.5,0.0,0.0,2.0,0.0,0.0,2.0,2020-08-18 00:00:00.000,2020-08-18 00:00:00.000,2020-08-18 00:00:00.000,0.0,0.0,0.0,0.0,0.0,1.0,,,,,,,,MANDI,BALDWARA
4702.0,38.0,,Active,,,,,,,22-08-2020,,,,,,,,,,,,,,,,,,,,,,,,,,,,,,,,,,,,,,,,,,,,,,,,,,,Kotla-Behar,"9TH CIRCLE, NURPUR",,,,,,,,,,,,,,,,,,,,,,,,,,,,,,,,,231.0,22.2,0.0,0.0,19.2,0.0,3.0,2.0,0.0,0.0,1.0,2020-08-23 00:00:00.000,2020-08-23 00:00:00.000,2020-08-23 00:00:00.000,0.0,0.0,0.0,0.0,0.0,0.0,,,,,,,,SIRMAUR,PACHHAD
4702.0,38.0,,Active,,,,,,,22-08-2020,,,,,,,,,,,,,,,,,,,,,,,,,,,,,,,,,,,,,,,,,,,,,,,,,,,Indora,"9TH CIRCLE, NURPUR",,,,,,,,,,,,,,,,,,,,,,,,,,,,,,,,,232.0,40.0,0.0,10.0,30.0,0.0,0.0,2.0,0.0,0.0,1.0,2020-08-23 00:00:00.000,2020-08-23 00:00:00.000,2020-08-23 00:00:00.000,0.0,0.0,0.0,0.0,0.0,2.0,,,,,,,,KANGRA,INDORA
4702.0,38.0,,Active,,,,,,,22-08-2020,,,,,,,,,,,,,,,,,,,,,,,,,,,,,,,,,,,,,,,,,,,,,,,,,,,Fatehpur,"9TH CIRCLE, NURPUR",,,,,,,,,,,,,,,,,,,,,,,,,,,,,,,,,233.0,9.0,0.0,4.0,5.0,0.0,0.0,1.0,0.0,0.0,1.0,2020-08-23 00:00:00.000,2020-08-23 00:00:00.000,2020-08-23 00:00:00.000,0.0,0.0,0.0,0.0,0.0,1.0,,,,,,,,CHAMBA,CHAMBA
4702.0,38.0,,Active,,,,,,,22-08-2020,,,,,,,,,,,,,,,,,,,,,,,,,,,,,,,,,,,,,,,,,,,,,,,,,,,Jawali,"9TH CIRCLE, NURPUR",,,,,,,,,,,,,,,,,,,,,,,,,,,,,,,,,234.0,5.0,0.0,1.0,4.0,0.0,0.0,2.0,0.0,0.0,1.0,2020-08-23 00:00:00.000,2020-08-23 00:00:00.000,2020-08-23 00:00:00.000,0.0,0.0,0.0,0.0,0.0,0.0,,,,,,,,MANDI,BALDWARA
2929.0,38.0,,Active,,,,,,,30-07-2020,,,,,,,,,,,,,,,,,,,,,,,,,,,,,,,,,,,,,,,,,,,,,,,,,,,Hamirpur,8th CIRCLE HAMIRPUR,,,,,,,,,,,,,,,,,,,,,,,,,,,,,,,,,305.0,7.0,0.0,0.0,7.0,0.0,0.0,0.0,0.0,0.0,0.0,2020-09-01 00:00:00.000,2020-09-01 00:00:00.000,2020-09-02 00:00:00.000,0.0,0.0,0.0,0.0,0.0,0.0,,,,,,,,HAMIRPUR,HAMIRPUR
2929.0,38.0,,Active,,,,,,,30-07-2020,,,,,,,,,,,,,,,,,,,,,,,,,,,,,,,,,,,,,,,,,,,,,,,,,,,Tauni-Devi,8th CIRCLE HAMIRPUR,,,,,,,,,,,,,,,,,,,,,,,,,,,,,,,,,310.0,0.1,0.0,0.0,0.1,0.0,0.0,1.0,0.0,0.0,1.0,2020-09-02 00:00:00.000,2020-09-02 00:00:00.000,2020-09-03 00:00:00.000,0.0,0.0,0.0,0.0,0.0,0.0,,,,,,,,,
2929.0,38.0,,Active,,,,,,,30-07-2020,,,,,,,,,,,,,,,,,,,,,,,,,,,,,,,,,,,,,,,,,,,,,,,,,,,EE Bhoranj,8th CIRCLE HAMIRPUR,,,,,,,,,,,,,,,,,,,,,,,,,,,,,,,,,312.0,1.154,0.0,0.05,1.104,0.0,0.0,2.0,0.0,0.0,1.0,2020-09-02 00:00:00.000,2020-09-02 00:00:00.000,2020-09-02 00:00:00.000,0.0,0.0,0.0,0.0,0.0,0.0,,,,,,,,HAMIRPUR,
4702.0,38.0,,Active,,,,,,,22-08-2020,,,,,,,,,,,,,,,,,,,,,,,,,,,,,,,,,,,,,,,,,,,,,,,,,,,Nurpur,"9TH CIRCLE, NURPUR",,,,,,,,,,,,,,,,,,,,,,,,,,,,,,,,,326.0,25.0,1.0,10.0,15.0,0.0,0.0,1.0,0.0,0.0,1.0,2020-09-15 00:00:00.000,2020-09-02 00:00:00.000,2020-09-02 00:00:00.000,0.0,0.0,0.0,0.0,0.0,1.0,,,,,,,,KANGRA,NURPUR
4702.0,38.0,,Active,,,,,,,22-08-2020,,,,,,,,,,,,,,,,,,,,,,,,,,,,,,,,,,,,,,,,,,,,,,,,,,,Jawali,"9TH CIRCLE, NURPUR",,,,,,,,,,,,,,,,,,,,,,,,,,,,,,,,,327.0,34.0,1.0,12.0,22.0,0.0,0.0,2.0,2.0,0.0,2.0,2020-09-02 00:00:00.000,2020-09-02 00:00:00.000,2020-09-02 00:00:00.000,1.0,0.0,0.0,0.0,0.0,0.0,,,,,,,,MANDI,BALDWARA
4702.0,38.0,,Active,,,,,,,22-08-2020,,,,,,,,,,,,,,,,,,,,,,,,,,,,,,,,,,,,,,,,,,,,,,,,,,,Dehra,"9TH CIRCLE, NURPUR",,,,,,,,,,,,,,,,,,,,,,,,,,,,,,,,,328.0,40.0,0.0,6.0,34.0,0.0,0.0,2.0,0.0,0.0,0.0,2020-09-02 00:00:00.000,2020-09-02 00:00:00.000,2020-09-02 00:00:00.000,0.0,0.0,0.0,0.0,0.0,2.0,,,,,,,,CHAMBA,CHURAH
4702.0,38.0,,Active,,,,,,,22-08-2020,,,,,,,,,,,,,,,,,,,,,,,,,,,,,,,,,,,,,,,,,,,,,,,,,,,Fatehpur,"9TH CIRCLE, NURPUR",,,,,,,,,,,,,,,,,,,,,,,,,,,,,,,,,329.0,23.0,0.0,5.0,18.0,0.0,0.0,0.0,0.0,0.0,0.0,2020-09-02 00:00:00.000,2020-09-02 00:00:00.000,2020-09-02 00:00:00.000,0.0,0.0,0.0,0.0,0.0,0.0,,,,,,,,CHAMBA,CHAMBA
4702.0,38.0,,Active,,,,,,,22-08-2020,,,,,,,,,,,,,,,,,,,,,,,,,,,,,,,,,,,,,,,,,,,,,,,,,,,Kotla-Behar,"9TH CIRCLE, NURPUR",,,,,,,,,,,,,,,,,,,,,,,,,,,,,,,,,330.0,19.0,0.0,0.0,19.0,0.0,0.0,2.0,4.0,0.0,2.0,2020-09-02 00:00:00.000,2020-09-02 00:00:00.000,2020-09-02 00:00:00.000,0.0,0.0,0.0,0.0,0.0,0.0,,,,,,,,SIRMAUR,PACHHAD
2929.0,38.0,,Active,,,,,,,30-07-2020,,,,,,,,,,,,,,,,,,,,,,,,,,,,,,,,,,,,,,,,,,,,,,,,,,,Hamirpur,8th CIRCLE HAMIRPUR,,,,,,,,,,,,,,,,,,,,,,,,,,,,,,,,,343.0,7.593,0.0,0.0,7.593,0.0,0.0,0.0,0.0,0.0,0.0,2020-09-03 00:00:00.000,2020-09-03 00:00:00.000,2020-09-03 00:00:00.000,0.0,0.0,0.0,0.0,0.0,0.0,,,,,,,,HAMIRPUR,HAMIRPUR
2929.0,38.0,,Active,,,,,,,30-07-2020,,,,,,,,,,,,,,,,,,,,,,,,,,,,,,,,,,,,,,,,,,,,,,,,,,,Tauni-Devi,8th CIRCLE HAMIRPUR,,,,,,,,,,,,,,,,,,,,,,,,,,,,,,,,,344.0,4.5,0.0,0.0,4.5,0.0,0.0,0.0,1.0,0.0,1.0,2020-09-03 00:00:00.000,2020-09-03 00:00:00.000,2020-09-03 00:00:00.000,0.0,0.0,0.0,0.0,0.0,0.0,,,,,,,,,
5070.0,38.0,,Active,,,,,,,29-08-2020,,,,,,,,,,,,,,,,,,,,,,,,,,,,,,,,,,,,,,,,,,,,,,,,,,,Nurpur,"9TH CIRCLE, NURPUR",,,,,,,,,,,,,,,,,,,,,,,,,,,,,,,,,347.0,38.0,1.0,9.0,29.0,0.0,0.0,1.0,4.0,0.0,2.0,2020-09-15 00:00:00.000,2020-09-04 00:00:00.000,2020-09-04 00:00:00.000,0.0,0.0,0.0,0.0,0.0,1.0,,,,,,,,KANGRA,NURPUR
5070.0,38.0,,Active,,,,,,,29-08-2020,,,,,,,,,,,,,,,,,,,,,,,,,,,,,,,,,,,,,,,,,,,,,,,,,,,Fatehpur,"9TH CIRCLE, NURPUR",,,,,,,,,,,,,,,,,,,,,,,,,,,,,,,,,348.0,4.6,0.0,0.0,4.66,0.0,0.0,1.0,0.0,0.0,1.0,2020-09-04 00:00:00.000,2020-09-04 00:00:00.000,2020-09-04 00:00:00.000,0.0,0.0,0.0,0.0,0.0,0.0,,,,,,,,CHAMBA,CHAMBA
5070.0,38.0,,Active,,,,,,,29-08-2020,,,,,,,,,,,,,,,,,,,,,,,,,,,,,,,,,,,,,,,,,,,,,,,,,,,Jawali,"9TH CIRCLE, NURPUR",,,,,,,,,,,,,,,,,,,,,,,,,,,,,,,,,350.0,18.0,0.0,0.0,18.0,0.0,0.0,2.0,1.0,0.0,0.0,2020-09-04 00:00:00.000,2020-09-04 00:00:00.000,2020-09-04 00:00:00.000,0.0,0.0,0.0,0.0,0.0,1.0,,,,,,,,MANDI,BALDWARA
5070.0,38.0,,Active,,,,,,,29-08-2020,,,,,,,,,,,,,,,,,,,,,,,,,,,,,,,,,,,,,,,,,,,,,,,,,,,Dehra,"9TH CIRCLE, NURPUR",,,,,,,,,,,,,,,,,,,,,,,,,,,,,,,,,351.0,17.0,0.0,2.0,15.0,0.0,0.0,1.0,1.0,0.0,0.0,2020-09-04 00:00:00.000,2020-09-04 00:00:00.000,2020-09-04 00:00:00.000,0.0,0.0,0.0,0.0,0.0,0.0,,,,,,,,CHAMBA,CHURAH
5070.0,38.0,,Active,,,,,,,29-08-2020,,,,,,,,,,,,,,,,,,,,,,,,,,,,,,,,,,,,,,,,,,,,,,,,,,,Kotla-Behar,"9TH CIRCLE, NURPUR",,,,,,,,,,,,,,,,,,,,,,,,,,,,,,,,,352.0,20.0,0.0,5.0,15.0,0.0,0.0,2.0,4.0,0.0,2.0,2020-09-04 00:00:00.000,2020-09-04 00:00:00.000,2020-09-04 00:00:00.000,0.0,0.0,0.0,0.0,0.0,0.0,,,,,,,,SIRMAUR,PACHHAD
5070.0,38.0,,Active,,,,,,,29-08-2020,,,,,,,,,,,,,,,,,,,,,,,,,,,,,,,,,,,,,,,,,,,,,,,,,,,Indora,"9TH CIRCLE, NURPUR",,,,,,,,,,,,,,,,,,,,,,,,,,,,,,,,,353.0,15.0,1.0,6.0,9.0,0.0,0.0,1.0,0.0,0.0,1.0,2020-09-30 00:00:00.000,2020-09-04 00:00:00.000,2020-09-04 00:00:00.000,1.0,0.0,0.0,0.0,0.0,1.0,,,,,,,,KANGRA,INDORA
2929.0,38.0,,Active,,,,,,,30-07-2020,,,,,,,,,,,,,,,,,,,,,,,,,,,,,,,,,,,,,,,,,,,,,,,,,,,Hamirpur,8th CIRCLE HAMIRPUR,,,,,,,,,,,,,,,,,,,,,,,,,,,,,,,,,359.0,0.11,0.0,0.0,0.075,0.0,0.035,0.0,0.0,0.0,0.0,2020-09-04 00:00:00.000,2020-09-04 00:00:00.000,2020-09-04 00:00:00.000,0.0,0.0,0.0,0.0,0.0,0.0,,,,,,,,HAMIRPUR,HAMIRPUR
2929.0,38.0,,Active,,,,,,,30-07-2020,,,,,,,,,,,,,,,,,,,,,,,,,,,,,,,,,,,,,,,,,,,,,,,,,,,Tauni-Devi,8th CIRCLE HAMIRPUR,,,,,,,,,,,,,,,,,,,,,,,,,,,,,,,,,360.0,7.11,0.0,0.0,7.11,0.0,0.0,1.0,1.0,0.0,2.0,2020-09-04 00:00:00.000,2020-09-04 00:00:00.000,2020-09-04 00:00:00.000,0.0,0.0,0.0,0.0,0.0,0.0,,,,,,,,,
2929.0,38.0,,Active,,,,,,,30-07-2020,,,,,,,,,,,,,,,,,,,,,,,,,,,,,,,,,,,,,,,,,,,,,,,,,,,EE Bhoranj,8th CIRCLE HAMIRPUR,,,,,,,,,,,,,,,,,,,,,,,,,,,,,,,,,361.0,1.215,0.0,0.0,1.215,0.0,0.0,0.0,0.0,0.0,0.0,2020-09-04 00:00:00.000,2020-09-04 00:00:00.000,2020-09-04 00:00:00.000,0.0,0.0,0.0,0.0,0.0,0.0,,,,,,,,HAMIRPUR,
4594.0,1041.0,,Active,,,,,,,29-08-2020,,,,,,,,,,,,,,,,,,,,,,,,,,,,,,,,,,,,,,,,,,,,,,,,,,,Dharamshala,5TH CIRCLE PALAMPUR,,,,,,,,,,,,,,,,,,,,,,,,,,,,,,,,,362.0,23.0,0.0,2.0,18.0,0.0,3.0,1.0,3.0,0.0,2.0,2020-08-29 00:00:00.000,2020-08-29 00:00:00.000,2020-08-29 00:00:00.000,0.0,0.0,0.0,0.0,0.0,0.0,,,,,,,,KANGRA,SHAHPUR
2929.0,38.0,,Active,,,,,,,30-07-2020,,,,,,,,,,,,,,,,,,,,,,,,,,,,,,,,,,,,,,,,,,,,,,,,,,,EE Dharampur,8th CIRCLE HAMIRPUR,,,,,,,,,,,,,,,,,,,,,,,,,,,,,,,,,424.0,2.395,2.0,0.0,2.305,0.0,0.09,2.0,8.0,0.0,0.0,2020-09-09 00:00:00.000,2020-09-09 00:00:00.000,2020-09-09 00:00:00.000,2.0,0.0,0.0,0.0,0.0,0.0,,,,,,,,UNA,HAROLI
2929.0,38.0,,Active,,,,,,,30-07-2020,,,,,,,,,,,,,,,,,,,,,,,,,,,,,,,,,,,,,,,,,,,,,,,,,,,EE Bhoranj,8th CIRCLE HAMIRPUR,,,,,,,,,,,,,,,,,,,,,,,,,,,,,,,,,425.0,0.246,1.0,0.0,0.246,0.0,0.0,1.0,0.0,0.0,1.0,2020-09-09 00:00:00.000,2020-09-09 00:00:00.000,2020-12-01 00:00:00.000,0.0,0.0,1.0,0.0,0.0,0.0,,,,,,,,HAMIRPUR,
2929.0,38.0,,Active,,,,,,,30-07-2020,,,,,,,,,,,,,,,,,,,,,,,,,,,,,,,,,,,,,,,,,,,,,,,,,,,Hamirpur,8th CIRCLE HAMIRPUR,,,,,,,,,,,,,,,,,,,,,,,,,,,,,,,,,448.0,0.785,0.0,0.0,0.36,0.0,0.425,0.0,0.0,0.0,0.0,2020-09-11 00:00:00.000,2020-09-11 00:00:00.000,2020-09-11 00:00:00.000,0.0,0.0,0.0,0.0,0.0,0.0,,,,,,,,HAMIRPUR,HAMIRPUR
2929.0,38.0,,Active,,,,,,,30-07-2020,,,,,,,,,,,,,,,,,,,,,,,,,,,,,,,,,,,,,,,,,,,,,,,,,,,EE Dharampur,8th CIRCLE HAMIRPUR,,,,,,,,,,,,,,,,,,,,,,,,,,,,,,,,,449.0,0.088,1.0,0.0,0.088,0.0,0.0,1.0,1.0,0.0,0.0,2020-07-13 00:00:00.000,2020-07-13 00:00:00.000,2020-07-13 00:00:00.000,1.0,1.0,1.0,0.0,0.0,0.0,,,,,,,,UNA,HAROLI
2929.0,38.0,,Active,,,,,,,30-07-2020,,,,,,,,,,,,,,,,,,,,,,,,,,,,,,,,,,,,,,,,,,,,,,,,,,,EE Dharampur,8th CIRCLE HAMIRPUR,,,,,,,,,,,,,,,,,,,,,,,,,,,,,,,,,450.0,2.104,7.0,0.0,1.089,0.0,1.02,1.0,4.0,0.0,0.0,2020-07-21 00:00:00.000,2020-07-22 00:00:00.000,2020-07-24 00:00:00.000,4.0,2.0,1.0,0.0,0.0,0.0,,,,,,,,UNA,HAROLI
5339.0,38.0,,Active,,,,,,,15-09-2020,,,,,,,,,,,,,,,,,,,,,,,,,,,,,,,,,,,,,,,,,,,,,,,,,,,Hamirpur,8th CIRCLE HAMIRPUR,,,,,,,,,,,,,,,,,,,,,,,,,,,,,,,,,466.0,0.28,0.0,0.0,0.28,0.0,0.0,0.0,0.0,0.0,0.0,2020-09-15 00:00:00.000,2020-09-15 00:00:00.000,2020-09-15 00:00:00.000,0.0,0.0,0.0,0.0,0.0,0.0,,,,,,,,HAMIRPUR,HAMIRPUR
5326.0,38.0,,Active,,,,,,,25-07-2020,,,,,,,,,,,,,,,,,,,,,,,,,,,,,,,,,,,,,,,,,,,,,,,,,,,EE Dharampur,8th CIRCLE HAMIRPUR,,,,,,,,,,,,,,,,,,,,,,,,,,,,,,,,,468.0,3.155,6.0,1.025,1.095,0.0,1.04,2.0,5.0,0.0,0.0,2020-07-25 00:00:00.000,2020-07-27 00:00:00.000,2020-07-28 00:00:00.000,4.0,1.0,1.0,0.0,0.0,0.0,,,,,,,,UNA,HAROLI
4594.0,1041.0,,Active,,,,,,,29-08-2020,,,,,,,,,,,,,,,,,,,,,,,,,,,,,,,,,,,,,,,,,,,,,,,,,,,Tanda,5TH CIRCLE PALAMPUR,,,,,,,,,,,,,,,,,,,,,,,,,,,,,,,,,498.0,65.0,0.0,0.0,28.0,0.0,0.0,0.0,9.0,0.0,0.0,2020-08-29 00:00:00.000,2020-08-29 00:00:00.000,2020-08-29 00:00:00.000,0.0,0.0,0.0,0.0,0.0,0.0,,,,,,,,KANGRA,INDORA
5376.0,38.0,,Active,,,,,,,18-09-2020,,,,,,,,,,,,,,,,,,,,,,,,,,,,,,,,,,,,,,,,,,,,,,,,,,,Barsar,8th CIRCLE HAMIRPUR,,,,,,,,,,,,,,,,,,,,,,,,,,,,,,,,,499.0,12.0,0.0,0.0,12.0,0.0,0.0,0.0,0.0,0.0,0.0,2020-09-18 00:00:00.000,2020-09-18 00:00:00.000,2020-09-18 00:00:00.000,0.0,0.0,0.0,0.0,0.0,0.0,,,,,,,,UNA,UNA
5392.0,38.0,,Active,,,,,,,09-07-2020,,,,,,,,,,,,,,,,,,,,,,,,,,,,,,,,,,,,,,,,,,,,,,,,,,,Hamirpur,8th CIRCLE HAMIRPUR,,,,,,,,,,,,,,,,,,,,,,,,,,,,,,,,,500.0,4.05,0.0,0.0,0.0,0.05,4.0,0.0,0.0,0.0,0.0,2020-07-09 00:00:00.000,2020-07-09 00:00:00.000,2020-07-09 00:00:00.000,0.0,0.0,0.0,0.0,0.0,0.0,,,,,,,,HAMIRPUR,HAMIRPUR
5393.0,38.0,,Active,,,,,,,21-07-2020,,,,,,,,,,,,,,,,,,,,,,,,,,,,,,,,,,,,,,,,,,,,,,,,,,,Barsar,8th CIRCLE HAMIRPUR,,,,,,,,,,,,,,,,,,,,,,,,,,,,,,,,,501.0,36.97,0.0,12.5,24.465,0.0,0.0,0.0,0.0,0.0,0.0,2020-07-21 00:00:00.000,2020-07-21 00:00:00.000,2020-07-21 00:00:00.000,0.0,0.0,0.0,0.0,0.0,0.0,,,,,,,,UNA,UNA
5394.0,38.0,,Active,,,,,,,22-07-2020,,,,,,,,,,,,,,,,,,,,,,,,,,,,,,,,,,,,,,,,,,,,,,,,,,,Hamirpur,8th CIRCLE HAMIRPUR,,,,,,,,,,,,,,,,,,,,,,,,,,,,,,,,,502.0,0.385,0.0,0.0,0.35,0.0,0.35,0.0,0.0,0.0,0.0,2020-07-22 00:00:00.000,2020-07-22 00:00:00.000,2020-07-22 00:00:00.000,0.0,0.0,0.0,0.0,0.0,0.0,,,,,,,,HAMIRPUR,HAMIRPUR
5396.0,38.0,,Active,,,,,,,25-07-2020,,,,,,,,,,,,,,,,,,,,,,,,,,,,,,,,,,,,,,,,,,,,,,,,,,,Barsar,8th CIRCLE HAMIRPUR,,,,,,,,,,,,,,,,,,,,,,,,,,,,,,,,,503.0,41.0,0.0,10.0,31.0,0.0,0.0,0.0,0.0,0.0,0.0,2020-07-25 00:00:00.000,2020-07-25 00:00:00.000,2020-07-25 00:00:00.000,0.0,0.0,0.0,0.0,0.0,0.0,,,,,,,,UNA,UNA
5398.0,38.0,,Active,,,,,,,28-07-2020,,,,,,,,,,,,,,,,,,,,,,,,,,,,,,,,,,,,,,,,,,,,,,,,,,,Barsar,8th CIRCLE HAMIRPUR,,,,,,,,,,,,,,,,,,,,,,,,,,,,,,,,,504.0,54.4,0.0,30.3,24.1,0.0,0.0,0.0,0.0,0.0,0.0,2020-07-28 00:00:00.000,2020-07-28 00:00:00.000,2020-07-28 00:00:00.000,0.0,0.0,0.0,0.0,0.0,0.0,,,,,,,,UNA,UNA
5401.0,38.0,,Active,,,,,,,29-07-2020,,,,,,,,,,,,,,,,,,,,,,,,,,,,,,,,,,,,,,,,,,,,,,,,,,,Barsar,8th CIRCLE HAMIRPUR,,,,,,,,,,,,,,,,,,,,,,,,,,,,,,,,,505.0,67.44,0.0,30.3,37.135,0.0,0.0,0.0,0.0,0.0,0.0,2020-07-29 00:00:00.000,2020-07-29 00:00:00.000,2020-07-29 00:00:00.000,0.0,0.0,0.0,0.0,0.0,0.0,,,,,,,,UNA,UNA
5401.0,38.0,,Active,,,,,,,29-07-2020,,,,,,,,,,,,,,,,,,,,,,,,,,,,,,,,,,,,,,,,,,,,,,,,,,,EE Dharampur,8th CIRCLE HAMIRPUR,,,,,,,,,,,,,,,,,,,,,,,,,,,,,,,,,506.0,4.085,0.0,0.65,2.055,0.0,2.03,0.0,0.0,0.0,0.0,2020-07-29 00:00:00.000,2020-07-29 00:00:00.000,2020-07-29 00:00:00.000,0.0,0.0,0.0,0.0,0.0,0.0,,,,,,,,UNA,HAROLI
5403.0,38.0,,Active,,,,,,,30-07-2020,,,,,,,,,,,,,,,,,,,,,,,,,,,,,,,,,,,,,,,,,,,,,,,,,,,EE Dharampur,8th CIRCLE HAMIRPUR,,,,,,,,,,,,,,,,,,,,,,,,,,,,,,,,,507.0,0.612,1.0,0.49,0.085,0.0,0.04,0.0,0.0,0.0,0.0,2020-07-30 00:00:00.000,2020-07-30 00:00:00.000,2020-07-30 00:00:00.000,1.0,1.0,1.0,0.0,0.0,0.0,,,,,,,,UNA,HAROLI
5403.0,38.0,,Active,,,,,,,30-07-2020,,,,,,,,,,,,,,,,,,,,,,,,,,,,,,,,,,,,,,,,,,,,,,,,,,,Barsar,8th CIRCLE HAMIRPUR,,,,,,,,,,,,,,,,,,,,,,,,,,,,,,,,,508.0,176.93,0.0,0.0,176.93,0.0,0.0,0.0,0.0,0.0,0.0,2020-07-30 00:00:00.000,2020-07-30 00:00:00.000,2020-07-30 00:00:00.000,0.0,0.0,0.0,0.0,0.0,0.0,,,,,,,,UNA,UNA
5403.0,38.0,,Active,,,,,,,30-07-2020,,,,,,,,,,,,,,,,,,,,,,,,,,,,,,,,,,,,,,,,,,,,,,,,,,,Tauni-Devi,8th CIRCLE HAMIRPUR,,,,,,,,,,,,,,,,,,,,,,,,,,,,,,,,,509.0,0.25,0.0,0.03,0.22,0.0,0.0,0.0,0.0,0.0,0.0,2020-07-30 00:00:00.000,2020-07-30 00:00:00.000,2020-07-30 00:00:00.000,0.0,0.0,0.0,0.0,0.0,0.0,,,,,,,,,
5403.0,38.0,,Active,,,,,,,30-07-2020,,,,,,,,,,,,,,,,,,,,,,,,,,,,,,,,,,,,,,,,,,,,,,,,,,,Hamirpur,8th CIRCLE HAMIRPUR,,,,,,,,,,,,,,,,,,,,,,,,,,,,,,,,,510.0,1035.0,0.0,0.0,0.1,0.0,0.935,0.0,0.0,0.0,0.0,2020-07-30 00:00:00.000,2020-07-30 00:00:00.000,2020-07-30 00:00:00.000,0.0,0.0,0.0,0.0,0.0,0.0,,,,,,,,HAMIRPUR,HAMIRPUR
5416.0,38.0,,Active,,,,,,,31-07-2020,,,,,,,,,,,,,,,,,,,,,,,,,,,,,,,,,,,,,,,,,,,,,,,,,,,EE Dharampur,8th CIRCLE HAMIRPUR,,,,,,,,,,,,,,,,,,,,,,,,,,,,,,,,,511.0,6.215,5.0,1.085,3.035,0.0,2.1,2.0,9.0,0.0,1.0,2020-07-31 00:00:00.000,2020-08-01 00:00:00.000,2020-08-01 00:00:00.000,2.0,1.0,2.0,0.0,0.0,0.0,,,,,,,,UNA,HAROLI
5416.0,38.0,,Active,,,,,,,31-07-2020,,,,,,,,,,,,,,,,,,,,,,,,,,,,,,,,,,,,,,,,,,,,,,,,,,,Barsar,8th CIRCLE HAMIRPUR,,,,,,,,,,,,,,,,,,,,,,,,,,,,,,,,,512.0,42.23,0.0,11.23,0.31,0.0,0.0,0.0,0.0,0.0,0.0,2020-07-31 00:00:00.000,2020-07-31 00:00:00.000,2020-07-31 00:00:00.000,0.0,0.0,0.0,0.0,0.0,0.0,,,,,,,,UNA,UNA
5416.0,38.0,,Active,,,,,,,31-07-2020,,,,,,,,,,,,,,,,,,,,,,,,,,,,,,,,,,,,,,,,,,,,,,,,,,,EE Bhoranj,8th CIRCLE HAMIRPUR,,,,,,,,,,,,,,,,,,,,,,,,,,,,,,,,,513.0,0.356,3.0,0.0,0.356,0.0,0.0,1.0,0.0,0.0,1.0,2020-07-31 00:00:00.000,2020-07-31 00:00:00.000,2020-07-31 00:00:00.000,3.0,3.0,3.0,0.0,0.0,0.0,,,,,,,,HAMIRPUR,
5416.0,38.0,,Active,,,,,,,31-07-2020,,,,,,,,,,,,,,,,,,,,,,,,,,,,,,,,,,,,,,,,,,,,,,,,,,,Tauni-Devi,8th CIRCLE HAMIRPUR,,,,,,,,,,,,,,,,,,,,,,,,,,,,,,,,,514.0,0.2,1.0,0.0,0.0,0.0,0.0,1.0,1.0,0.0,0.0,2020-07-31 00:00:00.000,2020-07-31 00:00:00.000,2020-07-31 00:00:00.000,1.0,1.0,1.0,0.0,0.0,0.0,,,,,,,,,
5417.0,38.0,,Active,,,,,,,07-08-2020,,,,,,,,,,,,,,,,,,,,,,,,,,,,,,,,,,,,,,,,,,,,,,,,,,,Tauni-Devi,8th CIRCLE HAMIRPUR,,,,,,,,,,,,,,,,,,,,,,,,,,,,,,,,,515.0,10.647,0.0,2.782,7.665,0.0,0.0,0.0,0.0,0.0,0.0,2020-08-07 00:00:00.000,2020-08-07 00:00:00.000,2020-08-07 00:00:00.000,0.0,0.0,0.0,0.0,0.0,0.0,,,,,,,,,
5419.0,38.0,,Active,,,,,,,03-08-2020,,,,,,,,,,,,,,,,,,,,,,,,,,,,,,,,,,,,,,,,,,,,,,,,,,,EE Dharampur,8th CIRCLE HAMIRPUR,,,,,,,,,,,,,,,,,,,,,,,,,,,,,,,,,516.0,0.114,0.0,0.019,0.085,0.0,0.01,0.0,0.0,0.0,0.0,2020-08-03 00:00:00.000,2020-08-03 00:00:00.000,2020-08-03 00:00:00.000,0.0,0.0,0.0,0.0,0.0,0.0,,,,,,,,UNA,HAROLI
5420.0,38.0,,Active,,,,,,,06-08-2020,,,,,,,,,,,,,,,,,,,,,,,,,,,,,,,,,,,,,,,,,,,,,,,,,,,EE Dharampur,8th CIRCLE HAMIRPUR,,,,,,,,,,,,,,,,,,,,,,,,,,,,,,,,,517.0,0.178,3.0,0.0,0.083,0.0,0.095,2.0,5.0,0.0,0.0,2020-08-06 00:00:00.000,2020-08-07 00:00:00.000,2020-08-09 00:00:00.000,3.0,2.0,1.0,0.0,0.0,0.0,,,,,,,,UNA,HAROLI
5441.0,38.0,,Active,,,,,,,10-08-2020,,,,,,,,,,,,,,,,,,,,,,,,,,,,,,,,,,,,,,,,,,,,,,,,,,,Barsar,8th CIRCLE HAMIRPUR,,,,,,,,,,,,,,,,,,,,,,,,,,,,,,,,,520.0,129.51,0.0,11.23,118.28,0.0,0.0,0.0,0.0,0.0,0.0,2020-08-10 00:00:00.000,2020-08-10 00:00:00.000,2020-08-10 00:00:00.000,0.0,0.0,0.0,0.0,0.0,0.0,,,,,,,,UNA,UNA
5441.0,38.0,,Active,,,,,,,10-08-2020,,,,,,,,,,,,,,,,,,,,,,,,,,,,,,,,,,,,,,,,,,,,,,,,,,,EE Bhoranj,8th CIRCLE HAMIRPUR,,,,,,,,,,,,,,,,,,,,,,,,,,,,,,,,,521.0,1.369,0.0,0.0,1.369,0.0,0.0,0.0,0.0,0.0,0.0,2020-08-10 00:00:00.000,2020-08-10 00:00:00.000,2020-08-10 00:00:00.000,0.0,0.0,0.0,0.0,0.0,0.0,,,,,,,,HAMIRPUR,
5442.0,38.0,,Active,,,,,,,11-08-2020,,,,,,,,,,,,,,,,,,,,,,,,,,,,,,,,,,,,,,,,,,,,,,,,,,,Tauni-Devi,8th CIRCLE HAMIRPUR,,,,,,,,,,,,,,,,,,,,,,,,,,,,,,,,,522.0,1.425,0.0,0.312,1.113,0.0,0.0,0.0,1.0,0.0,1.0,2020-08-11 00:00:00.000,2020-08-11 00:00:00.000,2020-08-11 00:00:00.000,0.0,0.0,0.0,0.0,0.0,0.0,,,,,,,,,
5443.0,38.0,,Active,,,,,,,12-08-2020,,,,,,,,,,,,,,,,,,,,,,,,,,,,,,,,,,,,,,,,,,,,,,,,,,,EE Dharampur,8th CIRCLE HAMIRPUR,,,,,,,,,,,,,,,,,,,,,,,,,,,,,,,,,523.0,7.175,9.0,1.069,3.065,0.0,3.041,3.0,7.0,0.0,0.0,2020-08-13 00:00:00.000,2020-08-13 00:00:00.000,2020-08-13 00:00:00.000,9.0,9.0,9.0,0.0,0.0,0.0,,,,,,,,UNA,HAROLI
5446.0,38.0,,Active,,,,,,,13-08-2020,,,,,,,,,,,,,,,,,,,,,,,,,,,,,,,,,,,,,,,,,,,,,,,,,,,EE Dharampur,8th CIRCLE HAMIRPUR,,,,,,,,,,,,,,,,,,,,,,,,,,,,,,,,,524.0,1.091,4.0,0.0,1.01,0.0,0.081,2.0,6.0,0.0,0.0,2020-08-13 00:00:00.000,2020-08-13 00:00:00.000,2020-08-17 00:00:00.000,3.0,3.0,1.0,0.0,0.0,0.0,,,,,,,,UNA,HAROLI
5446.0,38.0,,Active,,,,,,,13-08-2020,,,,,,,,,,,,,,,,,,,,,,,,,,,,,,,,,,,,,,,,,,,,,,,,,,,Barsar,8th CIRCLE HAMIRPUR,,,,,,,,,,,,,,,,,,,,,,,,,,,,,,,,,525.0,12.63,0.0,0.0,12.63,0.0,0.0,0.0,0.0,0.0,0.0,2020-08-13 00:00:00.000,2020-08-13 00:00:00.000,2020-08-13 00:00:00.000,0.0,0.0,0.0,0.0,0.0,0.0,,,,,,,,UNA,UNA
5446.0,38.0,,Active,,,,,,,13-08-2020,,,,,,,,,,,,,,,,,,,,,,,,,,,,,,,,,,,,,,,,,,,,,,,,,,,EE Bhoranj,8th CIRCLE HAMIRPUR,,,,,,,,,,,,,,,,,,,,,,,,,,,,,,,,,526.0,1.531,0.0,0.0,1.531,0.0,0.0,0.0,0.0,0.0,0.0,2020-08-13 00:00:00.000,2020-08-13 00:00:00.000,2020-08-13 00:00:00.000,0.0,0.0,0.0,0.0,0.0,0.0,,,,,,,,HAMIRPUR,
5446.0,38.0,,Active,,,,,,,13-08-2020,,,,,,,,,,,,,,,,,,,,,,,,,,,,,,,,,,,,,,,,,,,,,,,,,,,Tauni-Devi,8th CIRCLE HAMIRPUR,,,,,,,,,,,,,,,,,,,,,,,,,,,,,,,,,527.0,1.23,0.0,0.15,1.06,0.0,0.2,1.0,1.0,0.0,0.0,2020-08-13 00:00:00.000,2020-08-13 00:00:00.000,2020-08-13 00:00:00.000,0.0,0.0,0.0,0.0,0.0,0.0,,,,,,,,,
5446.0,38.0,,Active,,,,,,,13-08-2020,,,,,,,,,,,,,,,,,,,,,,,,,,,,,,,,,,,,,,,,,,,,,,,,,,,Hamirpur,8th CIRCLE HAMIRPUR,,,,,,,,,,,,,,,,,,,,,,,,,,,,,,,,,528.0,13.3,0.0,3.8,9.5,0.0,0.0,0.0,0.0,0.0,0.0,2020-08-13 00:00:00.000,2020-08-13 00:00:00.000,2020-08-13 00:00:00.000,0.0,0.0,0.0,0.0,0.0,0.0,,,,,,,,HAMIRPUR,HAMIRPUR
5480.0,38.0,,Active,,,,,,,14-08-2020,,,,,,,,,,,,,,,,,,,,,,,,,,,,,,,,,,,,,,,,,,,,,,,,,,,Barsar,8th CIRCLE HAMIRPUR,,,,,,,,,,,,,,,,,,,,,,,,,,,,,,,,,547.0,93.07,0.0,0.0,93.065,0.0,0.0,0.0,0.0,0.0,0.0,2020-08-14 00:00:00.000,2020-08-14 00:00:00.000,2020-08-14 00:00:00.000,0.0,0.0,0.0,0.0,0.0,0.0,,,,,,,,UNA,UNA
5480.0,38.0,,Active,,,,,,,14-08-2020,,,,,,,,,,,,,,,,,,,,,,,,,,,,,,,,,,,,,,,,,,,,,,,,,,,Tauni-Devi,8th CIRCLE HAMIRPUR,,,,,,,,,,,,,,,,,,,,,,,,,,,,,,,,,548.0,1.816,0.0,0.177,1.624,0.0,0.15,0.0,0.0,0.0,2.0,2020-08-14 00:00:00.000,2020-08-14 00:00:00.000,2020-08-14 00:00:00.000,0.0,0.0,0.0,0.0,0.0,0.0,,,,,,,,,
5480.0,38.0,,Active,,,,,,,14-08-2020,,,,,,,,,,,,,,,,,,,,,,,,,,,,,,,,,,,,,,,,,,,,,,,,,,,Hamirpur,8th CIRCLE HAMIRPUR,,,,,,,,,,,,,,,,,,,,,,,,,,,,,,,,,549.0,1.277,0.0,0.0,0.31,0.0,0.967,0.0,0.0,0.0,0.0,2020-08-14 00:00:00.000,2020-08-14 00:00:00.000,2020-08-14 00:00:00.000,0.0,0.0,0.0,0.0,0.0,0.0,,,,,,,,HAMIRPUR,HAMIRPUR
5482.0,38.0,,Active,,,,,,,15-08-2020,,,,,,,,,,,,,,,,,,,,,,,,,,,,,,,,,,,,,,,,,,,,,,,,,,,EE Dharampur,8th CIRCLE HAMIRPUR,,,,,,,,,,,,,,,,,,,,,,,,,,,,,,,,,550.0,4.193,12.0,0.0,2.095,0.0,2.098,3.0,9.0,0.0,0.0,2020-08-15 00:00:00.000,2020-08-16 00:00:00.000,2020-08-17 00:00:00.000,4.0,4.0,4.0,0.0,0.0,0.0,,,,,,,,UNA,HAROLI
5483.0,38.0,,Active,,,,,,,16-08-2020,,,,,,,,,,,,,,,,,,,,,,,,,,,,,,,,,,,,,,,,,,,,,,,,,,,EE Dharampur,8th CIRCLE HAMIRPUR,,,,,,,,,,,,,,,,,,,,,,,,,,,,,,,,,551.0,2.376,0.0,0.28,1.016,0.0,1.08,3.0,7.0,0.0,0.0,2020-08-16 00:00:00.000,2020-08-16 00:00:00.000,2020-08-16 00:00:00.000,0.0,0.0,0.0,0.0,0.0,0.0,,,,,,,,UNA,HAROLI
5484.0,38.0,,Active,,,,,,,17-08-2020,,,,,,,,,,,,,,,,,,,,,,,,,,,,,,,,,,,,,,,,,,,,,,,,,,,EE Dharampur,8th CIRCLE HAMIRPUR,,,,,,,,,,,,,,,,,,,,,,,,,,,,,,,,,552.0,0.56,0.0,0.0,0.56,0.0,0.0,1.0,1.0,0.0,0.0,2020-08-17 00:00:00.000,2020-08-17 00:00:00.000,2020-08-17 00:00:00.000,0.0,0.0,0.0,0.0,0.0,0.0,,,,,,,,UNA,HAROLI
5484.0,38.0,,Active,,,,,,,17-08-2020,,,,,,,,,,,,,,,,,,,,,,,,,,,,,,,,,,,,,,,,,,,,,,,,,,,Barsar,8th CIRCLE HAMIRPUR,,,,,,,,,,,,,,,,,,,,,,,,,,,,,,,,,553.0,104.87,0.0,0.0,104.87,0.0,0.0,0.0,0.0,0.0,0.0,2020-08-17 00:00:00.000,2020-08-17 00:00:00.000,2020-08-17 00:00:00.000,0.0,0.0,0.0,0.0,0.0,0.0,,,,,,,,UNA,UNA
5484.0,38.0,,Active,,,,,,,17-08-2020,,,,,,,,,,,,,,,,,,,,,,,,,,,,,,,,,,,,,,,,,,,,,,,,,,,Tauni-Devi,8th CIRCLE HAMIRPUR,,,,,,,,,,,,,,,,,,,,,,,,,,,,,,,,,554.0,1.64,0.0,0.25,1.378,0.0,0.12,1.0,1.0,0.0,2.0,2020-08-17 00:00:00.000,2020-08-17 00:00:00.000,2020-08-17 00:00:00.000,0.0,0.0,0.0,0.0,0.0,0.0,,,,,,,,,
5484.0,38.0,,Active,,,,,,,17-08-2020,,,,,,,,,,,,,,,,,,,,,,,,,,,,,,,,,,,,,,,,,,,,,,,,,,,Hamirpur,8th CIRCLE HAMIRPUR,,,,,,,,,,,,,,,,,,,,,,,,,,,,,,,,,555.0,0.157,0.0,0.0,0.0,0.0,0.157,0.0,0.0,0.0,0.0,2020-08-17 00:00:00.000,2020-08-17 00:00:00.000,2020-08-17 00:00:00.000,0.0,0.0,0.0,0.0,0.0,0.0,,,,,,,,HAMIRPUR,HAMIRPUR
5485.0,38.0,,Active,,,,,,,18-08-2020,,,,,,,,,,,,,,,,,,,,,,,,,,,,,,,,,,,,,,,,,,,,,,,,,,,EE Dharampur,8th CIRCLE HAMIRPUR,,,,,,,,,,,,,,,,,,,,,,,,,,,,,,,,,556.0,2.182,0.0,0.029,1.072,0.0,1.081,3.0,7.0,0.0,0.0,2020-08-18 00:00:00.000,2020-08-18 00:00:00.000,2020-08-18 00:00:00.000,0.0,0.0,0.0,0.0,0.0,0.0,,,,,,,,UNA,HAROLI
5485.0,38.0,,Active,,,,,,,18-08-2020,,,,,,,,,,,,,,,,,,,,,,,,,,,,,,,,,,,,,,,,,,,,,,,,,,,Tauni-Devi,8th CIRCLE HAMIRPUR,,,,,,,,,,,,,,,,,,,,,,,,,,,,,,,,,557.0,6.4,0.0,0.8,5.575,0.0,0.25,0.0,1.0,0.0,1.0,2020-08-18 00:00:00.000,2020-08-18 00:00:00.000,2020-08-18 00:00:00.000,0.0,0.0,0.0,0.0,0.0,0.0,,,,,,,,,
5485.0,38.0,,Active,,,,,,,18-08-2020,,,,,,,,,,,,,,,,,,,,,,,,,,,,,,,,,,,,,,,,,,,,,,,,,,,Hamirpur,8th CIRCLE HAMIRPUR,,,,,,,,,,,,,,,,,,,,,,,,,,,,,,,,,558.0,2.083,0.0,0.0,2.083,0.0,0.0,0.0,0.0,0.0,0.0,2020-08-18 00:00:00.000,2020-08-18 00:00:00.000,2020-08-18 00:00:00.000,0.0,0.0,0.0,0.0,0.0,0.0,,,,,,,,HAMIRPUR,HAMIRPUR
5489.0,38.0,,Active,,,,,,,19-08-2020,,,,,,,,,,,,,,,,,,,,,,,,,,,,,,,,,,,,,,,,,,,,,,,,,,,EE Dharampur,8th CIRCLE HAMIRPUR,,,,,,,,,,,,,,,,,,,,,,,,,,,,,,,,,559.0,2.182,4.0,0.029,1.072,0.0,1.081,1.0,4.0,0.0,0.0,2020-08-19 00:00:00.000,2020-08-20 00:00:00.000,2020-08-23 00:00:00.000,1.0,2.0,1.0,0.0,0.0,0.0,,,,,,,,UNA,HAROLI
5489.0,38.0,,Active,,,,,,,19-08-2020,,,,,,,,,,,,,,,,,,,,,,,,,,,,,,,,,,,,,,,,,,,,,,,,,,,Tauni-Devi,8th CIRCLE HAMIRPUR,,,,,,,,,,,,,,,,,,,,,,,,,,,,,,,,,560.0,4.275,0.0,0.9,3.347,0.0,0.28,2.0,1.0,0.0,3.0,2020-08-19 00:00:00.000,2020-08-19 00:00:00.000,2020-08-19 00:00:00.000,0.0,0.0,0.0,0.0,0.0,0.0,,,,,,,,,
5489.0,38.0,,Active,,,,,,,19-08-2020,,,,,,,,,,,,,,,,,,,,,,,,,,,,,,,,,,,,,,,,,,,,,,,,,,,Hamirpur,8th CIRCLE HAMIRPUR,,,,,,,,,,,,,,,,,,,,,,,,,,,,,,,,,561.0,4.62,0.0,0.3,4.62,0.0,0.0,0.0,0.0,0.0,0.0,2020-08-19 00:00:00.000,2020-08-19 00:00:00.000,2020-08-19 00:00:00.000,0.0,0.0,0.0,0.0,0.0,0.0,,,,,,,,HAMIRPUR,HAMIRPUR
5490.0,38.0,,Active,,,,,,,20-08-2020,,,,,,,,,,,,,,,,,,,,,,,,,,,,,,,,,,,,,,,,,,,,,,,,,,,EE Dharampur,8th CIRCLE HAMIRPUR,,,,,,,,,,,,,,,,,,,,,,,,,,,,,,,,,562.0,2.12,4.0,0.014,1.036,0.0,1.07,2.0,6.0,0.0,0.0,2020-08-20 00:00:00.000,2020-08-27 00:00:00.000,2020-08-30 00:00:00.000,1.0,2.0,1.0,0.0,0.0,0.0,,,,,,,,UNA,HAROLI
5490.0,38.0,,Active,,,,,,,20-08-2020,,,,,,,,,,,,,,,,,,,,,,,,,,,,,,,,,,,,,,,,,,,,,,,,,,,Tauni-Devi,8th CIRCLE HAMIRPUR,,,,,,,,,,,,,,,,,,,,,,,,,,,,,,,,,563.0,1.5,0.0,0.15,1.35,0.0,0.0,1.0,1.0,0.0,2.0,2020-08-20 00:00:00.000,2020-08-20 00:00:00.000,2020-08-20 00:00:00.000,0.0,0.0,0.0,0.0,0.0,0.0,,,,,,,,,
5490.0,38.0,,Active,,,,,,,20-08-2020,,,,,,,,,,,,,,,,,,,,,,,,,,,,,,,,,,,,,,,,,,,,,,,,,,,Hamirpur,8th CIRCLE HAMIRPUR,,,,,,,,,,,,,,,,,,,,,,,,,,,,,,,,,564.0,1.771,0.0,0.0,1.771,0.0,0.0,0.0,0.0,0.0,0.0,2020-08-20 00:00:00.000,2020-08-20 00:00:00.000,2020-08-20 00:00:00.000,0.0,0.0,0.0,0.0,0.0,0.0,,,,,,,,HAMIRPUR,HAMIRPUR
5491.0,38.0,,Active,,,,,,,20-08-2020,,,,,,,,,,,,,,,,,,,,,,,,,,,,,,,,,,,,,,,,,,,,,,,,,,,EE Dharampur,8th CIRCLE HAMIRPUR,,,,,,,,,,,,,,,,,,,,,,,,,,,,,,,,,565.0,3.558,5.0,0.46,2.017,0.0,1.081,2.0,7.0,0.0,0.0,2020-08-21 00:00:00.000,2020-08-23 00:00:00.000,2020-08-27 00:00:00.000,1.0,2.0,2.0,0.0,0.0,0.0,,,,,,,,UNA,HAROLI
5491.0,38.0,,Active,,,,,,,20-08-2020,,,,,,,,,,,,,,,,,,,,,,,,,,,,,,,,,,,,,,,,,,,,,,,,,,,Barsar,8th CIRCLE HAMIRPUR,,,,,,,,,,,,,,,,,,,,,,,,,,,,,,,,,566.0,71.47,0.0,0.0,71.47,0.0,0.0,2.0,7.0,2.0,2.0,2020-08-21 00:00:00.000,2020-08-21 00:00:00.000,2020-08-21 00:00:00.000,0.0,0.0,0.0,0.0,0.0,0.0,,,,,,,,UNA,UNA
5491.0,38.0,,Active,,,,,,,20-08-2020,,,,,,,,,,,,,,,,,,,,,,,,,,,,,,,,,,,,,,,,,,,,,,,,,,,Tauni-Devi,8th CIRCLE HAMIRPUR,,,,,,,,,,,,,,,,,,,,,,,,,,,,,,,,,567.0,1.83,1.0,0.0,1.83,0.0,0.0,1.0,0.0,0.0,1.0,2020-08-21 00:00:00.000,2020-08-21 00:00:00.000,2020-08-21 00:00:00.000,1.0,1.0,1.0,0.0,0.0,0.0,,,,,,,,,
5491.0,38.0,,Active,,,,,,,20-08-2020,,,,,,,,,,,,,,,,,,,,,,,,,,,,,,,,,,,,,,,,,,,,,,,,,,,Hamirpur,8th CIRCLE HAMIRPUR,,,,,,,,,,,,,,,,,,,,,,,,,,,,,,,,,568.0,11.5,0.0,3.0,8.5,0.0,0.0,0.0,0.0,0.0,0.0,2020-08-21 00:00:00.000,2020-08-21 00:00:00.000,2020-08-21 00:00:00.000,0.0,0.0,0.0,0.0,0.0,0.0,,,,,,,,HAMIRPUR,HAMIRPUR
5514.0,38.0,,Active,,,,,,,22-08-2020,,,,,,,,,,,,,,,,,,,,,,,,,,,,,,,,,,,,,,,,,,,,,,,,,,,Tauni-Devi,8th CIRCLE HAMIRPUR,,,,,,,,,,,,,,,,,,,,,,,,,,,,,,,,,575.0,0.9,0.0,0.75,0.825,0.0,0.0,1.0,0.0,0.0,1.0,2020-08-22 00:00:00.000,2020-08-22 00:00:00.000,2020-08-22 00:00:00.000,0.0,0.0,0.0,0.0,0.0,0.0,,,,,,,,,
5515.0,38.0,,Active,,,,,,,23-08-2020,,,,,,,,,,,,,,,,,,,,,,,,,,,,,,,,,,,,,,,,,,,,,,,,,,,EE Dharampur,8th CIRCLE HAMIRPUR,,,,,,,,,,,,,,,,,,,,,,,,,,,,,,,,,576.0,1.502,2.0,0.0,1.082,0.0,0.42,2.0,3.0,0.0,0.0,2020-08-23 00:00:00.000,2020-08-27 00:00:00.000,2020-08-30 00:00:00.000,2.0,1.0,1.0,0.0,0.0,0.0,,,,,,,,UNA,HAROLI
5516.0,38.0,,Active,,,,,,,24-08-2020,,,,,,,,,,,,,,,,,,,,,,,,,,,,,,,,,,,,,,,,,,,,,,,,,,,EE Dharampur,8th CIRCLE HAMIRPUR,,,,,,,,,,,,,,,,,,,,,,,,,,,,,,,,,577.0,0.01,2.0,0.0,0.01,0.0,0.0,1.0,2.0,0.0,0.0,2020-08-24 00:00:00.000,2020-08-27 00:00:00.000,2020-08-30 00:00:00.000,2.0,1.0,1.0,0.0,0.0,0.0,,,,,,,,UNA,HAROLI
5516.0,38.0,,Active,,,,,,,24-08-2020,,,,,,,,,,,,,,,,,,,,,,,,,,,,,,,,,,,,,,,,,,,,,,,,,,,Tauni-Devi,8th CIRCLE HAMIRPUR,,,,,,,,,,,,,,,,,,,,,,,,,,,,,,,,,578.0,2.3,0.0,0.0,2.28,0.0,0.2,0.0,1.0,0.0,1.0,2020-08-24 00:00:00.000,2020-08-24 00:00:00.000,2020-08-24 00:00:00.000,0.0,0.0,0.0,0.0,0.0,0.0,,,,,,,,,
5517.0,38.0,,Active,,,,,,,25-08-2020,,,,,,,,,,,,,,,,,,,,,,,,,,,,,,,,,,,,,,,,,,,,,,,,,,,Barsar,8th CIRCLE HAMIRPUR,,,,,,,,,,,,,,,,,,,,,,,,,,,,,,,,,579.0,66.66,0.0,30.3,36.36,0.0,0.0,2.0,4.0,0.0,0.0,2020-08-25 00:00:00.000,2020-08-25 00:00:00.000,2020-08-25 00:00:00.000,0.0,0.0,0.0,0.0,0.0,0.0,,,,,,,,UNA,UNA
5517.0,38.0,,Active,,,,,,,25-08-2020,,,,,,,,,,,,,,,,,,,,,,,,,,,,,,,,,,,,,,,,,,,,,,,,,,,Hamirpur,8th CIRCLE HAMIRPUR,,,,,,,,,,,,,,,,,,,,,,,,,,,,,,,,,580.0,1.15,0.0,0.0,1.15,0.0,0.0,0.0,0.0,0.0,0.0,2020-08-25 00:00:00.000,2020-08-25 00:00:00.000,2020-08-25 00:00:00.000,0.0,0.0,0.0,0.0,0.0,0.0,,,,,,,,HAMIRPUR,HAMIRPUR
5518.0,38.0,,Active,,,,,,,26-08-2020,,,,,,,,,,,,,,,,,,,,,,,,,,,,,,,,,,,,,,,,,,,,,,,,,,,EE Dharampur,8th CIRCLE HAMIRPUR,,,,,,,,,,,,,,,,,,,,,,,,,,,,,,,,,581.0,2.125,5.0,0.022,1.091,0.0,1.012,3.0,10.0,0.0,0.0,2020-08-26 00:00:00.000,2020-08-27 00:00:00.000,2020-08-30 00:00:00.000,5.0,4.0,1.0,0.0,0.0,0.0,,,,,,,,UNA,HAROLI
5518.0,38.0,,Active,,,,,,,26-08-2020,,,,,,,,,,,,,,,,,,,,,,,,,,,,,,,,,,,,,,,,,,,,,,,,,,,Tauni-Devi,8th CIRCLE HAMIRPUR,,,,,,,,,,,,,,,,,,,,,,,,,,,,,,,,,582.0,0.1,3.0,0.0,0.1,0.0,0.0,1.0,2.0,0.0,0.0,2020-08-26 00:00:00.000,2020-08-27 00:00:00.000,2020-08-27 00:00:00.000,3.0,3.0,3.0,0.0,0.0,0.0,,,,,,,,,
5519.0,38.0,,Active,,,,,,,27-08-2020,,,,,,,,,,,,,,,,,,,,,,,,,,,,,,,,,,,,,,,,,,,,,,,,,,,EE Dharampur,8th CIRCLE HAMIRPUR,,,,,,,,,,,,,,,,,,,,,,,,,,,,,,,,,583.0,1.922,6.0,0.0,1.042,0.0,0.88,3.0,8.0,0.0,0.0,2020-08-27 00:00:00.000,2020-08-28 00:00:00.000,2020-08-30 00:00:00.000,6.0,4.0,2.0,0.0,0.0,0.0,,,,,,,,UNA,HAROLI
5519.0,38.0,,Active,,,,,,,27-08-2020,,,,,,,,,,,,,,,,,,,,,,,,,,,,,,,,,,,,,,,,,,,,,,,,,,,Barsar,8th CIRCLE HAMIRPUR,,,,,,,,,,,,,,,,,,,,,,,,,,,,,,,,,584.0,8.0,1.0,0.0,8.0,0.0,0.0,2.0,4.0,2.0,2.0,2020-08-27 00:00:00.000,2020-08-27 00:00:00.000,2020-08-27 00:00:00.000,1.0,1.0,1.0,0.0,0.0,0.0,,,,,,,,UNA,UNA
5519.0,38.0,,Active,,,,,,,27-08-2020,,,,,,,,,,,,,,,,,,,,,,,,,,,,,,,,,,,,,,,,,,,,,,,,,,,Tauni-Devi,8th CIRCLE HAMIRPUR,,,,,,,,,,,,,,,,,,,,,,,,,,,,,,,,,585.0,2.2,1.0,0.35,1.85,0.0,0.0,1.0,0.0,0.0,0.0,2020-08-27 00:00:00.000,2020-08-27 00:00:00.000,2020-09-02 00:00:00.000,1.0,1.0,1.0,0.0,0.0,0.0,,,,,,,,,
5520.0,38.0,,Active,,,,,,,28-08-2020,,,,,,,,,,,,,,,,,,,,,,,,,,,,,,,,,,,,,,,,,,,,,,,,,,,EE Dharampur,8th CIRCLE HAMIRPUR,,,,,,,,,,,,,,,,,,,,,,,,,,,,,,,,,586.0,1.922,6.0,0.0,1.042,0.0,0.88,3.0,8.0,0.0,0.0,2020-08-28 00:00:00.000,2020-08-28 00:00:00.000,2020-08-30 00:00:00.000,6.0,4.0,2.0,0.0,0.0,0.0,,,,,,,,UNA,HAROLI
5520.0,38.0,,Active,,,,,,,28-08-2020,,,,,,,,,,,,,,,,,,,,,,,,,,,,,,,,,,,,,,,,,,,,,,,,,,,Barsar,8th CIRCLE HAMIRPUR,,,,,,,,,,,,,,,,,,,,,,,,,,,,,,,,,587.0,153.7,7.0,41.2,112.5,0.0,0.0,2.0,4.0,2.0,2.0,2020-08-28 00:00:00.000,2020-08-29 00:00:00.000,2020-08-31 00:00:00.000,7.0,4.0,3.0,0.0,0.0,0.0,,,,,,,,UNA,UNA
5520.0,38.0,,Active,,,,,,,28-08-2020,,,,,,,,,,,,,,,,,,,,,,,,,,,,,,,,,,,,,,,,,,,,,,,,,,,Tauni-Devi,8th CIRCLE HAMIRPUR,,,,,,,,,,,,,,,,,,,,,,,,,,,,,,,,,588.0,3.9,1.0,0.7,3.16,0.0,0.4,1.0,1.0,0.0,2.0,2020-08-28 00:00:00.000,2020-08-29 00:00:00.000,2020-08-29 00:00:00.000,1.0,1.0,1.0,0.0,0.0,0.0,,,,,,,,,
5521.0,38.0,,Active,,,,,,,29-08-2020,,,,,,,,,,,,,,,,,,,,,,,,,,,,,,,,,,,,,,,,,,,,,,,,,,,Barsar,8th CIRCLE HAMIRPUR,,,,,,,,,,,,,,,,,,,,,,,,,,,,,,,,,589.0,27.0,4.0,0.0,27.0,0.0,0.0,2.0,4.0,2.0,2.0,2020-08-29 00:00:00.000,2020-08-31 00:00:00.000,2020-09-01 00:00:00.000,4.0,2.0,2.0,0.0,0.0,0.0,,,,,,,,UNA,UNA
5522.0,38.0,,Active,,,,,,,07-09-2020,,,,,,,,,,,,,,,,,,,,,,,,,,,,,,,,,,,,,,,,,,,,,,,,,,,EE Dharampur,8th CIRCLE HAMIRPUR,,,,,,,,,,,,,,,,,,,,,,,,,,,,,,,,,590.0,2.395,2.0,0.0,2.305,0.0,0.09,2.0,8.0,0.0,0.0,2020-09-07 00:00:00.000,2020-09-08 00:00:00.000,2020-08-09 00:00:00.000,2.0,1.0,1.0,0.0,0.0,0.0,,,,,,,,UNA,HAROLI
7654.0,1041.0,,Active,,,,,,,05-02-2021,,,,,,,,,,,,,,,,,,,,,,,,,,,,,,,,,,,,,,,,,,,,,,,,,,,Kumarsain,"  11TH CIRCLE, RAMPUR",,,,,,,,,,,,,,,,,,,,,,,,,,,,,,,,,1073.0,90.0,14.0,33.0,42.0,0.0,15.0,3.0,7.0,1.0,3.0,2021-02-05 00:00:00.000,2021-02-06 00:00:00.000,2021-02-07 00:00:00.000,4.0,4.0,6.0,0.0,0.0,0.0,,,,,,,,SHIMLA,KUMARSAIN
7654.0,1041.0,,Active,,,,,,,05-02-2021,,,,,,,,,,,,,,,,,,,,,,,,,,,,,,,,,,,,,,,,,,,,,,,,,,,Rampur ,"  11TH CIRCLE, RAMPUR",,,,,,,,,,,,,,,,,,,,,,,,,,,,,,,,,1075.0,400.0,45.0,60.0,100.0,0.0,140.0,0.0,20.0,0.0,0.0,2021-02-05 00:00:00.000,2021-02-06 00:00:00.000,2021-02-06 00:00:00.000,12.0,22.0,13.0,0.0,0.0,0.0,,,,,,,,UNA,AMB
7654.0,1041.0,,Active,,,,,,,05-02-2021,,,,,,,,,,,,,,,,,,,,,,,,,,,,,,,,,,,,,,,,,,,,,,,,,,,Karcham,"  11TH CIRCLE, RAMPUR",,,,,,,,,,,,,,,,,,,,,,,,,,,,,,,,,1080.0,268.205,31.0,41.5,64.24,0.0,162.465,5.0,7.0,1.0,0.0,2021-02-05 00:00:00.000,2021-02-06 00:00:00.000,2021-02-07 00:00:00.000,9.0,19.0,3.0,0.0,0.0,0.0,,,,,,,,,
8189.0,1041.0,,Active,,,,,,,25-03-2021,,,,,,,,,,,,,,,,,,,,,,,,,,,,,,,,,,,,,,,,,,,,,,,,,,,Kalpa,"  11TH CIRCLE, RAMPUR",,,,,,,,,,,,,,,,,,,,,,,,,,,,,,,,,1091.0,3.6,1.0,0.0,0.0,0.0,3.6,0.0,1.0,0.0,0.0,2021-03-26 00:00:00.000,2021-03-27 00:00:00.000,2021-03-28 00:00:00.000,1.0,0.0,0.0,0.0,0.0,0.0,,,,,,,,CHAMBA,BHATTIYAT
8190.0,1041.0,,Active,,,,,,,30-03-2021,,,,,,,,,,,,,,,,,,,,,,,,,,,,,,,,,,,,,,,,,,,,,,,,,,,Kalpa,"  11TH CIRCLE, RAMPUR",,,,,,,,,,,,,,,,,,,,,,,,,,,,,,,,,1092.0,10.1,1.0,0.0,10.1,0.0,0.0,1.0,0.0,0.0,0.0,2021-03-30 00:00:00.000,2021-03-31 00:00:00.000,2021-04-01 00:00:00.000,1.0,0.0,0.0,0.0,0.0,0.0,,,,,,,,CHAMBA,BHATTIYAT
8191.0,1041.0,,Active,,,,,,,07-04-2021,,,,,,,,,,,,,,,,,,,,,,,,,,,,,,,,,,,,,,,,,,,,,,,,,,,Kalpa,"  11TH CIRCLE, RAMPUR",,,,,,,,,,,,,,,,,,,,,,,,,,,,,,,,,1093.0,145.77,16.0,0.0,61.035,0.0,84.735,2.0,8.0,0.0,0.0,2021-04-07 00:00:00.000,2021-04-08 00:00:00.000,2021-04-09 00:00:00.000,8.0,3.0,5.0,0.0,0.0,0.0,,,,,,,,CHAMBA,BHATTIYAT
8189.0,38.0,,Active,,,,,,,25-03-2021,,,,,,,,,,,,,,,,,,,,,,,,,,,,,,,,,,,,,,,,,,,,,,,,,,,Kalpa,"  11TH CIRCLE, RAMPUR",,,,,,,,,,,,,,,,,,,,,,,,,,,,,,,,,1095.0,3.6,1.0,0.0,0.0,0.0,3.6,0.0,1.0,0.0,0.0,2021-03-26 00:00:00.000,2021-03-27 00:00:00.000,2021-03-28 00:00:00.000,1.0,0.0,0.0,0.0,0.0,0.0,,,,,,,,CHAMBA,BHATTIYAT
8190.0,38.0,,Active,,,,,,,30-03-2021,,,,,,,,,,,,,,,,,,,,,,,,,,,,,,,,,,,,,,,,,,,,,,,,,,,Kalpa,"  11TH CIRCLE, RAMPUR",,,,,,,,,,,,,,,,,,,,,,,,,,,,,,,,,1096.0,10.1,1.0,0.0,10.1,0.0,0.0,1.0,0.0,0.0,0.0,2021-03-30 00:00:00.000,2021-03-31 00:00:00.000,2021-04-01 00:00:00.000,1.0,0.0,0.0,0.0,0.0,0.0,,,,,,,,CHAMBA,BHATTIYAT
8191.0,38.0,,Active,,,,,,,07-04-2021,,,,,,,,,,,,,,,,,,,,,,,,,,,,,,,,,,,,,,,,,,,,,,,,,,,Kalpa,"  11TH CIRCLE, RAMPUR",,,,,,,,,,,,,,,,,,,,,,,,,,,,,,,,,1097.0,145.77,16.0,0.0,61.035,0.0,84.735,2.0,8.0,0.0,0.0,2021-04-07 00:00:00.000,2021-04-08 00:00:00.000,2021-04-09 00:00:00.000,8.0,3.0,5.0,0.0,0.0,0.0,,,,,,,,CHAMBA,BHATTIYAT
8345.0,38.0,,Active,,,,,,,21-05-2021,,,,,,,,,,,,,,,,,,,,,,,,,,,,,,,,,,,,,,,,,,,,,,,,,,,Kalpa,"  11TH CIRCLE, RAMPUR",,,,,,,,,,,,,,,,,,,,,,,,,,,,,,,,,1114.0,130.88,14.0,0.0,60.43,0.0,70.45,2.0,7.0,0.0,0.0,2021-05-21 00:00:00.000,2021-05-22 00:00:00.000,2021-05-23 00:00:00.000,3.0,9.0,2.0,0.0,0.0,0.0,,,,,,,,CHAMBA,BHATTIYAT
8345.0,1041.0,,Active,,,,,,,21-05-2021,,,,,,,,,,,,,,,,,,,,,,,,,,,,,,,,,,,,,,,,,,,,,,,,,,,Kalpa,"  11TH CIRCLE, RAMPUR",,,,,,,,,,,,,,,,,,,,,,,,,,,,,,,,,1115.0,130.88,14.0,0.0,60.43,0.0,70.45,2.0,7.0,0.0,0.0,2021-05-21 00:00:00.000,2021-05-22 00:00:00.000,2021-05-23 00:00:00.000,3.0,9.0,2.0,0.0,0.0,0.0,,,,,,,,CHAMBA,BHATTIYAT
8833.0,38.0,,Active,,,,,,,12-07-2021,,,,,,,,,,,,,,,,,,,,,,,,,,,,,,,,,,,,,,,,,,,,,,,,,,,Shimla No. 1,4TH CIRCLE  SHIMLA,,,,,,,,,,,,,,,,,,,,,,,,,,,,,,,,,1238.0,0.15,2.0,0.05,0.1,0.0,0.0,2.0,0.0,1.0,2.0,2021-07-12 00:00:00.000,2021-07-12 00:00:00.000,2021-07-12 00:00:00.000,2.0,2.0,0.0,0.0,0.0,0.0,,,,,,,,,
8833.0,38.0,,Active,,,,,,,12-07-2021,,,,,,,,,,,,,,,,,,,,,,,,,,,,,,,,,,,,,,,,,,,,,,,,,,,Shimla. (Rural ) at Dhami,4TH CIRCLE  SHIMLA,,,,,,,,,,,,,,,,,,,,,,,,,,,,,,,,,1239.0,3.145,1.0,0.695,2.46,0.0,0.0,1.0,0.0,0.0,0.0,2021-07-12 00:00:00.000,2021-07-12 00:00:00.000,2021-07-12 00:00:00.000,1.0,1.0,0.0,0.0,0.0,0.0,,,,,,,,,
5522.0,38.0,,Active,,,,,,,07-09-2020,,,,,,,,,,,,,,,,,,,,,,,,,,,,,,,,,,,,,,,,,,,,,,,,,,,Tauni-Devi,8th CIRCLE HAMIRPUR,,,,,,,,,,,,,,,,,,,,,,,,,,,,,,,,,1240.0,0.5,2.0,0.0,0.5,0.0,0.0,0.0,1.0,0.0,0.0,2021-07-13 00:00:00.000,2021-07-13 00:00:00.000,2021-07-13 00:00:00.000,2.0,2.0,2.0,0.0,0.0,0.0,,,,,,,,,
8833.0,38.0,,Active,,,,,,,12-07-2021,,,,,,,,,,,,,,,,,,,,,,,,,,,,,,,,,,,,,,,,,,,,,,,,,,,Shimla.III ,4TH CIRCLE  SHIMLA,,,,,,,,,,,,,,,,,,,,,,,,,,,,,,,,,1241.0,0.25,0.0,0.2,0.05,0.0,0.0,0.0,0.0,0.0,0.0,2021-07-12 00:00:00.000,2021-07-12 00:00:00.000,2021-07-12 00:00:00.000,0.0,0.0,0.0,0.0,0.0,0.0,,,,,,,,,
8833.0,38.0,,Active,,,,,,,12-07-2021,,,,,,,,,,,,,,,,,,,,,,,,,,,,,,,,,,,,,,,,,,,,,,,,,,,Theog,4TH CIRCLE  SHIMLA,,,,,,,,,,,,,,,,,,,,,,,,,,,,,,,,,1242.0,0.8,2.0,0.0,0.8,0.0,0.0,1.0,0.0,0.0,0.0,2021-07-12 00:00:00.000,2021-07-12 00:00:00.000,2021-07-12 00:00:00.000,2.0,2.0,0.0,0.0,0.0,0.0,,,,,,,,SHIMLA,THEOG
8833.0,38.0,,Active,,,,,,,12-07-2021,,,,,,,,,,,,,,,,,,,,,,,,,,,,,,,,,,,,,,,,,,,,,,,,,,,Chopal,4TH CIRCLE  SHIMLA,,,,,,,,,,,,,,,,,,,,,,,,,,,,,,,,,1243.0,0.6,3.0,0.1,0.5,0.0,0.0,4.0,3.0,0.0,1.0,2021-07-12 00:00:00.000,2021-07-12 00:00:00.000,2021-07-12 00:00:00.000,3.0,3.0,0.0,0.0,0.0,0.0,,,,,,,,BILASPUR,JHANDUTA
8886.0,38.0,,Active,,,,,,,13-07-2021,,,,,,,,,,,,,,,,,,,,,,,,,,,,,,,,,,,,,,,,,,,,,,,,,,,Shimla No. 1,4TH CIRCLE  SHIMLA,,,,,,,,,,,,,,,,,,,,,,,,,,,,,,,,,1244.0,1.6,0.0,1.22,0.38,0.0,0.0,2.0,0.0,1.0,1.0,2021-07-13 00:00:00.000,2021-07-13 00:00:00.000,2021-07-13 00:00:00.000,0.0,0.0,0.0,0.0,0.0,0.0,,,,,,,,,
8886.0,38.0,,Active,,,,,,,13-07-2021,,,,,,,,,,,,,,,,,,,,,,,,,,,,,,,,,,,,,,,,,,,,,,,,,,,Shimla.III ,4TH CIRCLE  SHIMLA,,,,,,,,,,,,,,,,,,,,,,,,,,,,,,,,,1245.0,1.58,1.0,0.2,1.68,0.0,0.0,0.0,0.0,1.0,1.0,2021-07-13 00:00:00.000,2021-07-13 00:00:00.000,2021-07-13 00:00:00.000,1.0,1.0,0.0,0.0,0.0,0.0,,,,,,,,,
8886.0,38.0,,Active,,,,,,,13-07-2021,,,,,,,,,,,,,,,,,,,,,,,,,,,,,,,,,,,,,,,,,,,,,,,,,,,Theog,4TH CIRCLE  SHIMLA,,,,,,,,,,,,,,,,,,,,,,,,,,,,,,,,,1246.0,4.03,2.0,0.0,2.0,0.0,2.03,1.0,0.0,0.0,1.0,2021-07-13 00:00:00.000,2021-07-13 00:00:00.000,2021-07-13 00:00:00.000,2.0,2.0,0.0,0.0,0.0,0.0,,,,,,,,SHIMLA,THEOG
8886.0,38.0,,Active,,,,,,,13-07-2021,,,,,,,,,,,,,,,,,,,,,,,,,,,,,,,,,,,,,,,,,,,,,,,,,,,Chopal,4TH CIRCLE  SHIMLA,,,,,,,,,,,,,,,,,,,,,,,,,,,,,,,,,1247.0,3.51,95.0,0.03,3.98,0.0,1.5,7.0,14.0,2.0,2.0,2021-07-13 00:00:00.000,2021-07-14 00:00:00.000,2021-07-14 00:00:00.000,67.0,28.0,95.0,0.0,0.0,0.0,,,,,,,,BILASPUR,JHANDUTA
8886.0,38.0,,Active,,,,,,,13-07-2021,,,,,,,,,,,,,,,,,,,,,,,,,,,,,,,,,,,,,,,,,,,,,,,,,,,Chopal,4TH CIRCLE  SHIMLA,,,,,,,,,,,,,,,,,,,,,,,,,,,,,,,,,1248.0,3.5,9.0,0.5,2.0,0.0,1.0,7.0,14.0,2.0,2.0,2021-07-13 00:00:00.000,2021-07-13 00:00:00.000,2021-07-13 00:00:00.000,9.0,9.0,0.0,0.0,0.0,0.0,,,,,,,,BILASPUR,JHANDUTA
11021.0,38.0,,Active,,,,,,,20-07-2021,,,,,,,,,,,,,,,,,,,,,,,,,,,,,,,,,,,,,,,,,,,,,,,,,,,Shimla.III ,4TH CIRCLE  SHIMLA,,,,,,,,,,,,,,,,,,,,,,,,,,,,,,,,,2255.0,0.65,0.0,0.0,0.65,0.0,0.0,1.0,0.0,0.0,1.0,2021-07-20 00:00:00.000,2021-07-20 00:00:00.000,2021-07-20 00:00:00.000,0.0,0.0,0.0,0.0,0.0,0.0,,,,,,,,,
11021.0,38.0,,Active,,,,,,,20-07-2021,,,,,,,,,,,,,,,,,,,,,,,,,,,,,,,,,,,,,,,,,,,,,,,,,,,Theog,4TH CIRCLE  SHIMLA,,,,,,,,,,,,,,,,,,,,,,,,,,,,,,,,,2256.0,4.27,6.0,0.27,3.5,0.0,1.0,1.0,1.0,0.0,1.0,2021-07-20 00:00:00.000,2021-07-21 00:00:00.000,2021-07-21 00:00:00.000,3.0,3.0,0.0,0.0,0.0,1.0,,,,,,,,SHIMLA,THEOG
11021.0,38.0,,Active,,,,,,,20-07-2021,,,,,,,,,,,,,,,,,,,,,,,,,,,,,,,,,,,,,,,,,,,,,,,,,,,Chopal,4TH CIRCLE  SHIMLA,,,,,,,,,,,,,,,,,,,,,,,,,,,,,,,,,2259.0,6.3,18.0,0.3,4.0,0.0,2.0,2.0,14.0,0.0,1.0,2021-07-20 00:00:00.000,2021-07-20 00:00:00.000,2021-07-21 00:00:00.000,8.0,10.0,0.0,0.0,0.0,4.0,,,,,,,,BILASPUR,JHANDUTA
11022.0,38.0,,Active,,,,,,,22-07-2021,,,,,,,,,,,,,,,,,,,,,,,,,,,,,,,,,,,,,,,,,,,,,,,,,,,Shimla No. 1,4TH CIRCLE  SHIMLA,,,,,,,,,,,,,,,,,,,,,,,,,,,,,,,,,2260.0,0.8,0.0,0.2,0.4,0.0,0.2,1.0,1.0,0.0,1.0,2021-07-22 00:00:00.000,2021-07-22 00:00:00.000,2021-07-22 00:00:00.000,0.0,0.0,0.0,0.0,0.0,0.0,,,,,,,,,
11022.0,38.0,,Active,,,,,,,22-07-2021,,,,,,,,,,,,,,,,,,,,,,,,,,,,,,,,,,,,,,,,,,,,,,,,,,,Theog,4TH CIRCLE  SHIMLA,,,,,,,,,,,,,,,,,,,,,,,,,,,,,,,,,2262.0,1.5,7.0,0.0,1.0,0.0,0.5,1.0,1.0,0.0,1.0,2021-07-22 00:00:00.000,2021-07-22 00:00:00.000,2021-07-22 00:00:00.000,7.0,0.0,0.0,0.0,0.0,0.0,,,,,,,,SHIMLA,THEOG
11022.0,38.0,,Active,,,,,,,22-07-2021,,,,,,,,,,,,,,,,,,,,,,,,,,,,,,,,,,,,,,,,,,,,,,,,,,,Chopal,4TH CIRCLE  SHIMLA,,,,,,,,,,,,,,,,,,,,,,,,,,,,,,,,,2264.0,4.5,26.0,0.5,2.5,0.0,1.5,4.0,6.0,0.0,1.0,2021-07-22 00:00:00.000,2021-07-23 00:00:00.000,2021-07-23 00:00:00.000,25.0,1.0,0.0,0.0,0.0,2.0,,,,,,,,BILASPUR,JHANDUTA
7654.0,38.0,,Active,,,,,,,05-02-2021,,,,,,,,,,,,,,,,,,,,,,,,,,,,,,,,,,,,,,,,,,,,,,,,,,,Karcham,"  11TH CIRCLE, RAMPUR",,,,,,,,,,,,,,,,,,,,,,,,,,,,,,,,,2280.0,268.205,31.0,41.5,68.84,0.0,157.91,3.0,7.0,1.0,0.0,2021-02-05 00:00:00.000,2021-02-06 00:00:00.000,2021-02-07 00:00:00.000,9.0,19.0,3.0,0.0,0.0,0.0,,,,,,,,,
8191.0,38.0,,Active,,,,,,,07-04-2021,,,,,,,,,,,,,,,,,,,,,,,,,,,,,,,,,,,,,,,,,,,,,,,,,,,Karcham,"  11TH CIRCLE, RAMPUR",,,,,,,,,,,,,,,,,,,,,,,,,,,,,,,,,2282.0,51.1,2.0,41.5,0.0,0.0,9.6,2.0,0.0,0.0,0.0,2021-04-07 00:00:00.000,2021-04-07 00:00:00.000,2021-04-07 00:00:00.000,2.0,0.0,0.0,0.0,0.0,0.0,,,,,,,,,
8191.0,1041.0,,Active,,,,,,,07-04-2021,,,,,,,,,,,,,,,,,,,,,,,,,,,,,,,,,,,,,,,,,,,,,,,,,,,Karcham,"  11TH CIRCLE, RAMPUR",,,,,,,,,,,,,,,,,,,,,,,,,,,,,,,,,2295.0,51.1,2.0,41.5,0.0,0.0,9.6,2.0,0.0,0.0,0.0,2021-04-07 00:00:00.000,2021-04-07 00:00:00.000,2021-04-07 00:00:00.000,2.0,0.0,0.0,0.0,0.0,0.0,,,,,,,,,
8918.0,38.0,,Active,,,,,,,12-07-2021,,,,,,,,,,,,,,,,,,,,,,,,,,,,,,,,,,,,,,,,,,,,,,,,,,,EE Bhoranj,8th CIRCLE HAMIRPUR,,,,,,,,,,,,,,,,,,,,,,,,,,,,,,,,,2314.0,0.188,8.0,0.008,0.18,0.0,0.0,1.0,0.0,0.0,1.0,2021-07-12 00:00:00.000,2021-07-13 00:00:00.000,2021-07-13 00:00:00.000,8.0,8.0,8.0,0.0,0.0,0.0,,,,,,,,HAMIRPUR,
8887.0,38.0,,Active,,,,,,,14-07-2021,,,,,,,,,,,,,,,,,,,,,,,,,,,,,,,,,,,,,,,,,,,,,,,,,,,EE Bhoranj,8th CIRCLE HAMIRPUR,,,,,,,,,,,,,,,,,,,,,,,,,,,,,,,,,2317.0,0.223,7.0,0.0,0.223,0.0,0.0,0.0,0.0,0.0,0.0,2021-07-14 00:00:00.000,2021-07-15 00:00:00.000,2021-07-15 00:00:00.000,7.0,7.0,7.0,0.0,0.0,0.0,,,,,,,,HAMIRPUR,
11349.0,38.0,,Active,,,,,,,16-07-2021,,,,,,,,,,,,,,,,,,,,,,,,,,,,,,,,,,,,,,,,,,,,,,,,,,,EE Bhoranj,8th CIRCLE HAMIRPUR,,,,,,,,,,,,,,,,,,,,,,,,,,,,,,,,,2319.0,2.006,11.0,0.0,2.006,0.0,0.0,1.0,0.0,0.0,0.0,2021-07-16 00:00:00.000,2021-07-17 00:00:00.000,2021-07-17 00:00:00.000,11.0,11.0,11.0,0.0,0.0,0.0,,,,,,,,HAMIRPUR,
11350.0,38.0,,Active,,,,,,,17-07-2021,,,,,,,,,,,,,,,,,,,,,,,,,,,,,,,,,,,,,,,,,,,,,,,,,,,EE Bhoranj,8th CIRCLE HAMIRPUR,,,,,,,,,,,,,,,,,,,,,,,,,,,,,,,,,2320.0,0.035,2.0,0.0,0.035,0.0,0.0,0.0,0.0,0.0,0.0,2021-07-17 00:00:00.000,2021-08-18 00:00:00.000,2021-08-18 00:00:00.000,2.0,2.0,2.0,0.0,0.0,0.0,,,,,,,,HAMIRPUR,
11381.0,38.0,,Active,,,,,,,19-07-2021,,,,,,,,,,,,,,,,,,,,,,,,,,,,,,,,,,,,,,,,,,,,,,,,,,,EE Bhoranj,8th CIRCLE HAMIRPUR,,,,,,,,,,,,,,,,,,,,,,,,,,,,,,,,,2323.0,4.665,16.0,0.0,4.665,0.0,0.0,1.0,0.0,0.0,0.0,2021-07-19 00:00:00.000,2021-07-20 00:00:00.000,2021-07-20 00:00:00.000,16.0,16.0,16.0,0.0,0.0,0.0,,,,,,,,HAMIRPUR,
11426.0,38.0,,Active,,,,,,,02-08-2021,,,,,,,,,,,,,,,,,,,,,,,,,,,,,,,,,,,,,,,,,,,,,,,,,,,Kotla-Behar,"9TH CIRCLE, NURPUR",,,,,,,,,,,,,,,,,,,,,,,,,,,,,,,,,2326.0,15.0,0.0,3.0,10.0,0.0,2.0,1.0,1.0,0.0,2.0,2021-08-02 00:00:00.000,2021-08-02 00:00:00.000,2021-08-02 00:00:00.000,0.0,0.0,0.0,0.0,0.0,0.0,,,,,,,,SIRMAUR,PACHHAD
11382.0,38.0,,Active,,,,,,,20-07-2021,,,,,,,,,,,,,,,,,,,,,,,,,,,,,,,,,,,,,,,,,,,,,,,,,,,EE Bhoranj,8th CIRCLE HAMIRPUR,,,,,,,,,,,,,,,,,,,,,,,,,,,,,,,,,2327.0,0.445,4.0,0.0,0.445,0.0,0.0,1.0,0.0,0.0,0.0,2021-07-20 00:00:00.000,2021-07-21 00:00:00.000,2021-07-21 00:00:00.000,4.0,4.0,4.0,0.0,0.0,0.0,,,,,,,,HAMIRPUR,
11383.0,38.0,,Active,,,,,,,22-07-2021,,,,,,,,,,,,,,,,,,,,,,,,,,,,,,,,,,,,,,,,,,,,,,,,,,,EE Bhoranj,8th CIRCLE HAMIRPUR,,,,,,,,,,,,,,,,,,,,,,,,,,,,,,,,,2328.0,0.9,1.0,0.0,0.9,0.0,0.0,0.0,0.0,0.0,0.0,2021-07-22 00:00:00.000,2021-07-23 00:00:00.000,2021-07-23 00:00:00.000,1.0,1.0,1.0,0.0,0.0,0.0,,,,,,,,HAMIRPUR,
11384.0,38.0,,Active,,,,,,,26-07-2021,,,,,,,,,,,,,,,,,,,,,,,,,,,,,,,,,,,,,,,,,,,,,,,,,,,EE Bhoranj,8th CIRCLE HAMIRPUR,,,,,,,,,,,,,,,,,,,,,,,,,,,,,,,,,2331.0,0.626,8.0,0.0,0.626,0.0,0.0,0.0,0.0,0.0,0.0,2021-07-26 00:00:00.000,2021-07-27 00:00:00.000,2021-07-27 00:00:00.000,8.0,8.0,8.0,0.0,0.0,0.0,,,,,,,,HAMIRPUR,
8345.0,38.0,,Active,,,,,,,21-05-2021,,,,,,,,,,,,,,,,,,,,,,,,,,,,,,,,,,,,,,,,,,,,,,,,,,,Karcham,"  11TH CIRCLE, RAMPUR",,,,,,,,,,,,,,,,,,,,,,,,,,,,,,,,,2338.0,159.65,10.0,41.5,2.78,0.0,73.87,0.0,4.0,0.0,0.0,2021-05-20 00:00:00.000,2021-05-21 00:00:00.000,2021-05-21 00:00:00.000,1.0,9.0,0.0,0.0,0.0,0.0,,,,,,,,,
8345.0,1041.0,,Active,,,,,,,21-05-2021,,,,,,,,,,,,,,,,,,,,,,,,,,,,,,,,,,,,,,,,,,,,,,,,,,,Karcham,"  11TH CIRCLE, RAMPUR",,,,,,,,,,,,,,,,,,,,,,,,,,,,,,,,,2349.0,159.65,10.0,41.5,2.78,0.0,73.87,0.0,4.0,0.0,0.0,2021-05-20 00:00:00.000,2021-05-21 00:00:00.000,2021-05-21 00:00:00.000,1.0,9.0,0.0,0.0,0.0,0.0,,,,,,,,,
11426.0,38.0,,Active,,,,,,,02-08-2021,,,,,,,,,,,,,,,,,,,,,,,,,,,,,,,,,,,,,,,,,,,,,,,,,,,Dehra,"9TH CIRCLE, NURPUR",,,,,,,,,,,,,,,,,,,,,,,,,,,,,,,,,2358.0,20.0,0.0,4.0,15.0,0.0,1.0,1.0,1.0,0.0,0.0,2021-08-02 00:00:00.000,2021-08-02 00:00:00.000,2021-08-02 00:00:00.000,0.0,0.0,0.0,0.0,0.0,0.0,,,,,,,,CHAMBA,CHURAH
11426.0,38.0,,Active,,,,,,,02-08-2021,,,,,,,,,,,,,,,,,,,,,,,,,,,,,,,,,,,,,,,,,,,,,,,,,,,Nurpur,"9TH CIRCLE, NURPUR",,,,,,,,,,,,,,,,,,,,,,,,,,,,,,,,,2359.0,35.0,0.0,5.0,25.0,0.0,5.0,1.0,0.0,0.0,1.0,2021-08-02 00:00:00.000,2021-08-02 00:00:00.000,2021-08-02 00:00:00.000,0.0,0.0,0.0,0.0,0.0,2.0,,,,,,,,KANGRA,NURPUR
11426.0,38.0,,Active,,,,,,,02-08-2021,,,,,,,,,,,,,,,,,,,,,,,,,,,,,,,,,,,,,,,,,,,,,,,,,,,Indora,"9TH CIRCLE, NURPUR",,,,,,,,,,,,,,,,,,,,,,,,,,,,,,,,,2360.0,22.0,0.0,6.0,10.0,0.0,6.0,3.0,2.0,1.0,1.0,2021-08-02 00:00:00.000,2021-08-02 00:00:00.000,2021-08-02 00:00:00.000,0.0,0.0,0.0,0.0,0.0,2.0,,,,,,,,KANGRA,INDORA
11426.0,38.0,,Active,,,,,,,02-08-2021,,,,,,,,,,,,,,,,,,,,,,,,,,,,,,,,,,,,,,,,,,,,,,,,,,,Jawali,"9TH CIRCLE, NURPUR",,,,,,,,,,,,,,,,,,,,,,,,,,,,,,,,,2361.0,38.0,0.0,4.0,25.0,0.0,9.0,2.0,1.0,0.0,2.0,2021-08-02 00:00:00.000,2021-08-02 00:00:00.000,2021-08-02 00:00:00.000,0.0,0.0,0.0,0.0,0.0,1.0,,,,,,,,MANDI,BALDWARA
11426.0,38.0,,Active,,,,,,,02-08-2021,,,,,,,,,,,,,,,,,,,,,,,,,,,,,,,,,,,,,,,,,,,,,,,,,,,Fatehpur,"9TH CIRCLE, NURPUR",,,,,,,,,,,,,,,,,,,,,,,,,,,,,,,,,2362.0,32.0,0.0,5.0,23.0,0.0,4.0,1.0,1.0,0.0,1.0,2021-08-02 00:00:00.000,2021-08-02 00:00:00.000,2021-08-02 00:00:00.000,0.0,0.0,0.0,0.0,0.0,1.0,,,,,,,,CHAMBA,CHAMBA
11385.0,38.0,,Active,,,,,,,28-07-2021,,,,,,,,,,,,,,,,,,,,,,,,,,,,,,,,,,,,,,,,,,,,,,,,,,,EE Bhoranj,8th CIRCLE HAMIRPUR,,,,,,,,,,,,,,,,,,,,,,,,,,,,,,,,,2364.0,3.181,20.0,0.0,3.181,0.0,0.0,2.0,0.0,0.0,1.0,2021-07-28 00:00:00.000,2021-07-29 00:00:00.000,2021-07-29 00:00:00.000,20.0,20.0,20.0,0.0,0.0,0.0,,,,,,,,HAMIRPUR,
11386.0,38.0,,Active,,,,,,,29-07-2021,,,,,,,,,,,,,,,,,,,,,,,,,,,,,,,,,,,,,,,,,,,,,,,,,,,EE Bhoranj,8th CIRCLE HAMIRPUR,,,,,,,,,,,,,,,,,,,,,,,,,,,,,,,,,2365.0,2.253,36.0,0.0,2.253,0.0,0.0,2.0,0.0,0.0,1.0,2021-07-29 00:00:00.000,2021-07-30 00:00:00.000,2021-07-30 00:00:00.000,36.0,36.0,36.0,0.0,0.0,0.0,,,,,,,,HAMIRPUR,
11387.0,38.0,,Active,,,,,,,31-07-2021,,,,,,,,,,,,,,,,,,,,,,,,,,,,,,,,,,,,,,,,,,,,,,,,,,,EE Bhoranj,8th CIRCLE HAMIRPUR,,,,,,,,,,,,,,,,,,,,,,,,,,,,,,,,,2366.0,3.715,23.0,0.0,3.715,0.0,0.0,2.0,0.0,0.0,1.0,2021-07-31 00:00:00.000,2021-07-01 00:00:00.000,2021-07-01 00:00:00.000,23.0,23.0,23.0,0.0,0.0,0.0,,,,,,,,HAMIRPUR,
11581.0,38.0,,Active,,,,,,,03-08-2021,,,,,,,,,,,,,,,,,,,,,,,,,,,,,,,,,,,,,,,,,,,,,,,,,,,EE Bhoranj,8th CIRCLE HAMIRPUR,,,,,,,,,,,,,,,,,,,,,,,,,,,,,,,,,2367.0,0.5,2.0,0.0,0.5,0.0,0.0,2.0,0.0,0.0,0.0,2021-08-03 00:00:00.000,2021-08-04 00:00:00.000,2021-08-04 00:00:00.000,2.0,2.0,2.0,0.0,0.0,0.0,,,,,,,,HAMIRPUR,
11582.0,38.0,,Active,,,,,,,05-08-2021,,,,,,,,,,,,,,,,,,,,,,,,,,,,,,,,,,,,,,,,,,,,,,,,,,,EE Bhoranj,8th CIRCLE HAMIRPUR,,,,,,,,,,,,,,,,,,,,,,,,,,,,,,,,,2368.0,0.85,1.0,0.0,0.85,0.0,0.0,0.0,0.0,0.0,0.0,2021-08-05 00:00:00.000,2021-08-06 00:00:00.000,2021-08-06 00:00:00.000,1.0,1.0,1.0,0.0,0.0,0.0,,,,,,,,HAMIRPUR,
11583.0,38.0,,Active,,,,,,,06-08-2021,,,,,,,,,,,,,,,,,,,,,,,,,,,,,,,,,,,,,,,,,,,,,,,,,,,EE Bhoranj,8th CIRCLE HAMIRPUR,,,,,,,,,,,,,,,,,,,,,,,,,,,,,,,,,2369.0,0.12,3.0,0.0,0.12,0.0,0.0,0.0,0.0,0.0,0.0,2021-08-06 00:00:00.000,2021-08-07 00:00:00.000,2021-08-07 00:00:00.000,3.0,3.0,3.0,0.0,0.0,0.0,,,,,,,,HAMIRPUR,
11426.0,38.0,,Active,,,,,,,02-08-2021,,,,,,,,,,,,,,,,,,,,,,,,,,,,,,,,,,,,,,,,,,,,,,,,,,,Indora,"9TH CIRCLE, NURPUR",,,,,,,,,,,,,,,,,,,,,,,,,,,,,,,,,2370.0,6.0,1.0,0.0,6.0,0.0,0.0,2.0,1.0,0.0,1.0,2021-08-02 00:00:00.000,2021-08-02 00:00:00.000,2021-08-02 00:00:00.000,1.0,0.0,0.0,0.0,0.0,0.0,,,,,,,,KANGRA,INDORA
11926.0,38.0,,Active,,,,,,,12-07-2021,,,,,,,,,,,,,,,,,,,,,,,,,,,,,,,,,,,,,,,,,,,,,,,,,,,Tauni-Devi,8th CIRCLE HAMIRPUR,,,,,,,,,,,,,,,,,,,,,,,,,,,,,,,,,2505.0,1.1,2.0,0.0,1.1,0.0,0.0,0.0,1.0,0.0,0.0,2021-07-12 00:00:00.000,2021-07-12 00:00:00.000,2021-07-12 00:00:00.000,2.0,2.0,2.0,0.0,0.0,0.0,,,,,,,,,
11986.0,38.0,,Active,,,,,,,13-07-2021,,,,,,,,,,,,,,,,,,,,,,,,,,,,,,,,,,,,,,,,,,,,,,,,,,,Tauni-Devi,8th CIRCLE HAMIRPUR,,,,,,,,,,,,,,,,,,,,,,,,,,,,,,,,,2515.0,2.0,4.0,0.0,2.0,0.0,0.0,0.0,1.0,0.0,0.0,2021-07-13 00:00:00.000,2021-07-13 00:00:00.000,2021-07-13 00:00:00.000,4.0,4.0,4.0,0.0,0.0,0.0,,,,,,,,,
11995.0,38.0,,Active,,,,,,,18-07-2021,,,,,,,,,,,,,,,,,,,,,,,,,,,,,,,,,,,,,,,,,,,,,,,,,,,Tauni-Devi,8th CIRCLE HAMIRPUR,,,,,,,,,,,,,,,,,,,,,,,,,,,,,,,,,2516.0,2.0,2.0,0.0,2.0,0.0,0.0,0.0,1.0,0.0,0.0,2021-07-18 00:00:00.000,2021-07-18 00:00:00.000,2021-02-18 00:00:00.000,2.0,2.0,2.0,0.0,0.0,0.0,,,,,,,,,
12007.0,38.0,,Active,,,,,,,20-07-2021,,,,,,,,,,,,,,,,,,,,,,,,,,,,,,,,,,,,,,,,,,,,,,,,,,,Tauni-Devi,8th CIRCLE HAMIRPUR,,,,,,,,,,,,,,,,,,,,,,,,,,,,,,,,,2517.0,7.0,10.0,0.5,6.5,0.0,0.0,0.0,2.0,0.0,0.0,2021-07-20 00:00:00.000,2021-07-20 00:00:00.000,2021-07-20 00:00:00.000,10.0,10.0,10.0,0.0,0.0,0.0,,,,,,,,,
11919.0,38.0,,Active,,,,,,,25-08-2021,,,,,,,,,,,,,,,,,,,,,,,,,,,,,,,,,,,,,,,,,,,,,,,,,,,Shimla No. 1,4TH CIRCLE  SHIMLA,,,,,,,,,,,,,,,,,,,,,,,,,,,,,,,,,2518.0,25.0,20.0,5.0,10.0,5.0,10.0,2.0,2.0,1.0,2.0,2021-08-25 00:00:00.000,2021-08-25 00:00:00.000,2021-08-25 00:00:00.000,20.0,20.0,0.0,0.0,0.0,0.0,,,,,,,,,
11919.0,38.0,,Active,,,,,,,25-08-2021,,,,,,,,,,,,,,,,,,,,,,,,,,,,,,,,,,,,,,,,,,,,,,,,,,,Shimla.III ,4TH CIRCLE  SHIMLA,,,,,,,,,,,,,,,,,,,,,,,,,,,,,,,,,2519.0,3.0,3.0,0.0,3.0,0.0,0.0,0.0,1.0,1.0,1.0,2021-08-25 00:00:00.000,2021-08-25 00:00:00.000,2021-08-25 00:00:00.000,3.0,3.0,0.0,0.0,0.0,0.0,,,,,,,,,
11919.0,38.0,,Active,,,,,,,25-08-2021,,,,,,,,,,,,,,,,,,,,,,,,,,,,,,,,,,,,,,,,,,,,,,,,,,,Shimla. (Rural ) at Dhami,4TH CIRCLE  SHIMLA,,,,,,,,,,,,,,,,,,,,,,,,,,,,,,,,,2520.0,20.0,12.0,2.0,8.0,0.0,10.0,3.0,2.0,2.0,2.0,2021-08-25 00:00:00.000,2021-08-25 00:00:00.000,2021-08-25 00:00:00.000,12.0,12.0,0.0,0.0,0.0,0.0,,,,,,,,,
11919.0,38.0,,Active,,,,,,,25-08-2021,,,,,,,,,,,,,,,,,,,,,,,,,,,,,,,,,,,,,,,,,,,,,,,,,,,Theog,4TH CIRCLE  SHIMLA,,,,,,,,,,,,,,,,,,,,,,,,,,,,,,,,,2521.0,30.0,15.0,0.0,15.0,0.0,15.0,2.0,4.0,2.0,2.0,2021-08-25 00:00:00.000,2021-08-25 00:00:00.000,2021-08-25 00:00:00.000,15.0,15.0,0.0,0.0,0.0,0.0,,,,,,,,SHIMLA,THEOG
11919.0,38.0,,Active,,,,,,,25-08-2021,,,,,,,,,,,,,,,,,,,,,,,,,,,,,,,,,,,,,,,,,,,,,,,,,,,Chopal,4TH CIRCLE  SHIMLA,,,,,,,,,,,,,,,,,,,,,,,,,,,,,,,,,2522.0,35.0,30.0,5.0,15.0,0.0,15.0,3.0,5.0,2.0,3.0,2021-08-25 00:00:00.000,2021-08-25 00:00:00.000,2021-08-25 00:00:00.000,30.0,30.0,0.0,0.0,0.0,0.0,,,,,,,,BILASPUR,JHANDUTA
12118.0,38.0,,Active,,,,,,,26-07-2021,,,,,,,,,,,,,,,,,,,,,,,,,,,,,,,,,,,,,,,,,,,,,,,,,,,Tauni-Devi,8th CIRCLE HAMIRPUR,,,,,,,,,,,,,,,,,,,,,,,,,,,,,,,,,2559.0,0.1,1.0,0.0,0.1,0.0,0.0,0.0,1.0,0.0,0.0,2021-07-26 00:00:00.000,2021-07-26 00:00:00.000,2021-07-26 00:00:00.000,1.0,1.0,1.0,0.0,0.0,0.0,,,,,,,,,
12119.0,38.0,,Active,,,,,,,27-07-2021,,,,,,,,,,,,,,,,,,,,,,,,,,,,,,,,,,,,,,,,,,,,,,,,,,,Tauni-Devi,8th CIRCLE HAMIRPUR,,,,,,,,,,,,,,,,,,,,,,,,,,,,,,,,,2560.0,1.2,3.0,0.4,0.8,0.0,0.0,0.0,1.0,0.0,0.0,2021-07-27 00:00:00.000,2021-07-27 00:00:00.000,2021-07-27 00:00:00.000,3.0,3.0,3.0,0.0,0.0,0.0,,,,,,,,,
12120.0,38.0,,Active,,,,,,,28-07-2021,,,,,,,,,,,,,,,,,,,,,,,,,,,,,,,,,,,,,,,,,,,,,,,,,,,Tauni-Devi,8th CIRCLE HAMIRPUR,,,,,,,,,,,,,,,,,,,,,,,,,,,,,,,,,2561.0,8.0,26.0,1.5,6.5,0.0,0.0,0.0,0.0,3.0,0.0,2021-07-28 00:00:00.000,2021-07-28 00:00:00.000,2021-07-28 00:00:00.000,26.0,26.0,26.0,0.0,0.0,5.0,,,,,,,,,
12126.0,38.0,,Active,,,,,,,29-07-2021,,,,,,,,,,,,,,,,,,,,,,,,,,,,,,,,,,,,,,,,,,,,,,,,,,,Tauni-Devi,8th CIRCLE HAMIRPUR,,,,,,,,,,,,,,,,,,,,,,,,,,,,,,,,,2562.0,0.6,2.0,0.0,0.6,0.0,0.0,0.0,1.0,0.0,0.0,2021-07-29 00:00:00.000,2021-07-29 00:00:00.000,2021-07-29 00:00:00.000,2.0,2.0,2.0,0.0,0.0,1.0,,,,,,,,,
12171.0,38.0,,Active,,,,,,,31-07-2021,,,,,,,,,,,,,,,,,,,,,,,,,,,,,,,,,,,,,,,,,,,,,,,,,,,Tauni-Devi,8th CIRCLE HAMIRPUR,,,,,,,,,,,,,,,,,,,,,,,,,,,,,,,,,2565.0,30.5,26.0,14.1,16.4,0.0,0.0,1.0,5.0,0.0,3.0,2021-07-31 00:00:00.000,2021-07-31 00:00:00.000,2021-08-01 00:00:00.000,26.0,26.0,26.0,0.0,0.0,12.0,,,,,,,,,
12174.0,38.0,,Active,,,,,,,03-08-2021,,,,,,,,,,,,,,,,,,,,,,,,,,,,,,,,,,,,,,,,,,,,,,,,,,,Tauni-Devi,8th CIRCLE HAMIRPUR,,,,,,,,,,,,,,,,,,,,,,,,,,,,,,,,,2566.0,6.8,9.0,1.2,5.6,0.0,0.0,0.0,3.0,0.0,0.0,2021-08-03 00:00:00.000,2021-08-03 00:00:00.000,2021-08-03 00:00:00.000,9.0,9.0,9.0,0.0,0.0,0.0,,,,,,,,,
12175.0,38.0,,Active,,,,,,,20-08-2021,,,,,,,,,,,,,,,,,,,,,,,,,,,,,,,,,,,,,,,,,,,,,,,,,,,Tauni-Devi,8th CIRCLE HAMIRPUR,,,,,,,,,,,,,,,,,,,,,,,,,,,,,,,,,2568.0,0.5,3.0,0.0,0.5,0.0,0.0,0.0,1.0,0.0,0.0,2021-08-20 00:00:00.000,2021-08-20 00:00:00.000,2021-07-20 00:00:00.000,3.0,3.0,3.0,0.0,0.0,0.0,,,,,,,,,
12182.0,38.0,,Active,,,,,,,22-08-2021,,,,,,,,,,,,,,,,,,,,,,,,,,,,,,,,,,,,,,,,,,,,,,,,,,,Tauni-Devi,8th CIRCLE HAMIRPUR,,,,,,,,,,,,,,,,,,,,,,,,,,,,,,,,,2569.0,0.2,3.0,0.0,0.2,0.0,0.0,0.0,1.0,0.0,0.0,2021-08-22 00:00:00.000,2021-08-22 00:00:00.000,2021-08-22 00:00:00.000,3.0,3.0,3.0,0.0,0.0,0.0,,,,,,,,,
12183.0,38.0,,Active,,,,,,,28-08-2021,,,,,,,,,,,,,,,,,,,,,,,,,,,,,,,,,,,,,,,,,,,,,,,,,,,Tauni-Devi,8th CIRCLE HAMIRPUR,,,,,,,,,,,,,,,,,,,,,,,,,,,,,,,,,2570.0,11.3,16.0,1.35,9.95,0.0,0.0,0.0,5.0,0.0,0.0,2021-08-28 00:00:00.000,2021-08-28 00:00:00.000,2021-08-30 00:00:00.000,16.0,1.0,16.0,0.0,0.0,0.0,,,,,,,,,
12185.0,38.0,,Active,,,,,,,27-08-2021,,,,,,,,,,,,,,,,,,,,,,,,,,,,,,,,,,,,,,,,,,,,,,,,,,,Tauni-Devi,8th CIRCLE HAMIRPUR,,,,,,,,,,,,,,,,,,,,,,,,,,,,,,,,,2571.0,3.7,7.0,0.985,2.715,0.0,0.0,1.0,2.0,0.0,0.0,2021-08-27 00:00:00.000,2021-07-27 00:00:00.000,2021-07-27 00:00:00.000,7.0,7.0,7.0,0.0,0.0,0.0,,,,,,,,,
12277.0,38.0,,Active,,,,,,,19-07-2021,,,,,,,,,,,,,,,,,,,,,,,,,,,,,,,,,,,,,,,,,,,,,,,,,,,Tauni-Devi,8th CIRCLE HAMIRPUR,,,,,,,,,,,,,,,,,,,,,,,,,,,,,,,,,2581.0,18.0,36.0,3.4,14.6,0.0,0.0,1.0,5.0,0.0,0.0,2021-07-19 00:00:00.000,2021-07-19 00:00:00.000,2021-07-19 00:00:00.000,36.0,36.0,36.0,0.0,0.0,0.0,,,,,,,,,
12192.0,38.0,,Active,,,,,,,23-04-2021,,,,,,,,,,,,,,,,,,,,,,,,,,,,,,,,,,,,,,,,,,,,,,,,,,,EE Dharampur,8th CIRCLE HAMIRPUR,,,,,,,,,,,,,,,,,,,,,,,,,,,,,,,,,2588.0,8.0,3.0,0.0,6.0,0.0,2.0,2.0,4.0,0.0,0.0,2021-04-22 00:00:00.000,2021-04-26 00:00:00.000,2021-04-26 00:00:00.000,3.0,3.0,3.0,0.0,0.0,0.0,,,,,,,,UNA,HAROLI
12192.0,38.0,,Active,,,,,,,23-04-2021,,,,,,,,,,,,,,,,,,,,,,,,,,,,,,,,,,,,,,,,,,,,,,,,,,,EE Dharampur,8th CIRCLE HAMIRPUR,,,,,,,,,,,,,,,,,,,,,,,,,,,,,,,,,2589.0,10.0,3.0,0.0,7.0,0.0,3.0,2.0,10.0,0.0,0.0,2021-07-12 00:00:00.000,2021-07-12 00:00:00.000,2021-07-13 00:00:00.000,3.0,1.0,2.0,0.0,0.0,0.0,,,,,,,,UNA,HAROLI
12192.0,38.0,,Active,,,,,,,23-04-2021,,,,,,,,,,,,,,,,,,,,,,,,,,,,,,,,,,,,,,,,,,,,,,,,,,,EE Dharampur,8th CIRCLE HAMIRPUR,,,,,,,,,,,,,,,,,,,,,,,,,,,,,,,,,2590.0,25.0,13.0,0.0,20.0,0.0,5.0,2.0,6.0,0.0,0.0,2021-07-13 00:00:00.000,2021-07-13 00:00:00.000,2021-07-14 00:00:00.000,13.0,8.0,5.0,0.0,0.0,0.0,,,,,,,,UNA,HAROLI
8887.0,38.0,,Active,,,,,,,14-07-2021,,,,,,,,,,,,,,,,,,,,,,,,,,,,,,,,,,,,,,,,,,,,,,,,,,,EE Dharampur,8th CIRCLE HAMIRPUR,,,,,,,,,,,,,,,,,,,,,,,,,,,,,,,,,2665.0,2.0,1.0,2.0,0.0,0.0,0.0,0.0,0.0,0.0,0.0,2021-07-14 00:00:00.000,2021-07-14 00:00:00.000,2021-07-14 00:00:00.000,1.0,1.0,1.0,0.0,0.0,1.0,,,,,,,,UNA,HAROLI
12663.0,38.0,,Active,,,,,,,16-07-2021,,,,,,,,,,,,,,,,,,,,,,,,,,,,,,,,,,,,,,,,,,,,,,,,,,,Barsar,8th CIRCLE HAMIRPUR,,,,,,,,,,,,,,,,,,,,,,,,,,,,,,,,,2666.0,1.0,4.0,0.3,0.4,0.0,0.0,0.0,0.0,0.0,0.0,2021-07-16 00:00:00.000,2021-07-16 00:00:00.000,2021-07-16 00:00:00.000,4.0,4.0,4.0,0.5,0.0,0.0,,,,,,,,UNA,UNA
12669.0,38.0,,Active,,,,,,,23-09-2021,,,,,,,,,,,,,,,,,,,,,,,,,,,,,,,,,,,,,,,,,,,,,,,,,,,Tauni-Devi,8th CIRCLE HAMIRPUR,,,,,,,,,,,,,,,,,,,,,,,,,,,,,,,,,2667.0,5.0,12.0,2.0,3.0,0.0,0.0,0.0,2.0,0.0,0.0,2021-09-23 00:00:00.000,2021-09-23 00:00:00.000,2021-09-23 00:00:00.000,12.0,23.0,12.0,0.0,0.0,0.0,,,,,,,,,
12670.0,38.0,,Active,,,,,,,19-07-2021,,,,,,,,,,,,,,,,,,,,,,,,,,,,,,,,,,,,,,,,,,,,,,,,,,,Barsar,8th CIRCLE HAMIRPUR,,,,,,,,,,,,,,,,,,,,,,,,,,,,,,,,,2668.0,155.0,1.0,45.0,110.0,0.0,0.0,1.0,2.0,1.0,2.0,2021-07-19 00:00:00.000,2021-07-19 00:00:00.000,2021-07-19 00:00:00.000,1.0,1.0,1.0,0.0,0.0,2.0,,,,,,,,UNA,UNA
12671.0,38.0,,Active,,,,,,,20-07-2021,,,,,,,,,,,,,,,,,,,,,,,,,,,,,,,,,,,,,,,,,,,,,,,,,,,Barsar,8th CIRCLE HAMIRPUR,,,,,,,,,,,,,,,,,,,,,,,,,,,,,,,,,2669.0,184.0,0.0,64.0,120.0,0.0,0.0,1.0,2.0,1.0,2.0,2021-07-20 00:00:00.000,2021-07-20 00:00:00.000,2021-07-20 00:00:00.000,0.0,0.0,0.0,0.0,0.0,2.0,,,,,,,,UNA,UNA
12672.0,38.0,,Active,,,,,,,27-07-2021,,,,,,,,,,,,,,,,,,,,,,,,,,,,,,,,,,,,,,,,,,,,,,,,,,,Barsar,8th CIRCLE HAMIRPUR,,,,,,,,,,,,,,,,,,,,,,,,,,,,,,,,,2670.0,56.0,0.0,30.0,26.0,0.0,0.0,1.0,2.0,1.0,2.0,2021-07-27 00:00:00.000,2021-07-27 00:00:00.000,2021-07-27 00:00:00.000,0.0,0.0,0.0,0.0,0.0,2.0,,,,,,,,UNA,UNA
12120.0,38.0,,Active,,,,,,,28-07-2021,,,,,,,,,,,,,,,,,,,,,,,,,,,,,,,,,,,,,,,,,,,,,,,,,,,Barsar,8th CIRCLE HAMIRPUR,,,,,,,,,,,,,,,,,,,,,,,,,,,,,,,,,2671.0,155.0,1.0,50.0,105.0,0.0,0.0,1.0,2.0,1.0,2.0,2021-07-28 00:00:00.000,2021-07-28 00:00:00.000,2021-07-28 00:00:00.000,1.0,1.0,1.0,0.0,0.0,2.0,,,,,,,,UNA,UNA
12674.0,38.0,,Active,,,,,,,29-07-2021,,,,,,,,,,,,,,,,,,,,,,,,,,,,,,,,,,,,,,,,,,,,,,,,,,,Barsar,8th CIRCLE HAMIRPUR,,,,,,,,,,,,,,,,,,,,,,,,,,,,,,,,,2672.0,136.0,1.0,41.0,95.0,0.0,0.0,1.0,2.0,1.0,2.0,2021-07-29 00:00:00.000,2021-07-29 00:00:00.000,2021-07-29 00:00:00.000,1.0,1.0,1.0,0.0,0.0,2.0,,,,,,,,UNA,UNA
12675.0,38.0,,Active,,,,,,,31-07-2021,,,,,,,,,,,,,,,,,,,,,,,,,,,,,,,,,,,,,,,,,,,,,,,,,,,Barsar,8th CIRCLE HAMIRPUR,,,,,,,,,,,,,,,,,,,,,,,,,,,,,,,,,2673.0,65.0,1.0,30.0,35.0,0.0,0.0,1.0,2.0,1.0,2.0,2021-07-31 00:00:00.000,2021-07-31 00:00:00.000,2021-07-31 00:00:00.000,1.0,1.0,1.0,0.0,0.0,2.0,,,,,,,,UNA,UNA
12676.0,38.0,,Active,,,,,,,06-08-2021,,,,,,,,,,,,,,,,,,,,,,,,,,,,,,,,,,,,,,,,,,,,,,,,,,,Barsar,8th CIRCLE HAMIRPUR,,,,,,,,,,,,,,,,,,,,,,,,,,,,,,,,,2674.0,40.0,1.0,30.0,10.0,0.0,0.0,1.0,2.0,1.0,2.0,2021-08-06 00:00:00.000,2021-08-06 00:00:00.000,2021-08-06 00:00:00.000,1.0,1.0,1.0,0.0,0.0,2.0,,,,,,,,UNA,UNA
12677.0,38.0,,Active,,,,,,,11-08-2021,,,,,,,,,,,,,,,,,,,,,,,,,,,,,,,,,,,,,,,,,,,,,,,,,,,Barsar,8th CIRCLE HAMIRPUR,,,,,,,,,,,,,,,,,,,,,,,,,,,,,,,,,2675.0,80.0,1.0,30.0,50.0,0.0,0.0,1.0,2.0,1.0,2.0,2021-08-11 00:00:00.000,2021-08-11 00:00:00.000,2021-08-11 00:00:00.000,1.0,1.0,1.0,0.0,0.0,2.0,,,,,,,,UNA,UNA
12678.0,38.0,,Active,,,,,,,24-08-2021,,,,,,,,,,,,,,,,,,,,,,,,,,,,,,,,,,,,,,,,,,,,,,,,,,,Barsar,8th CIRCLE HAMIRPUR,,,,,,,,,,,,,,,,,,,,,,,,,,,,,,,,,2676.0,18.0,1.0,0.0,18.0,0.0,0.0,1.0,2.0,1.0,2.0,2021-08-24 00:00:00.000,2021-08-24 00:00:00.000,2021-08-24 00:00:00.000,1.0,1.0,1.0,0.0,0.0,2.0,,,,,,,,UNA,UNA
12683.0,38.0,,Active,,,,,,,27-08-2021,,,,,,,,,,,,,,,,,,,,,,,,,,,,,,,,,,,,,,,,,,,,,,,,,,,Barsar,8th CIRCLE HAMIRPUR,,,,,,,,,,,,,,,,,,,,,,,,,,,,,,,,,2677.0,95.0,1.0,50.0,45.0,0.0,0.0,1.0,2.0,1.0,2.0,2021-08-27 00:00:00.000,2021-08-27 00:00:00.000,2021-08-27 00:00:00.000,1.0,1.0,1.0,0.0,0.0,2.0,,,,,,,,UNA,UNA
17707.0,38.0,,Active,,,,,,,30-06-2022,,,,,,,,,,,,,,,,,,,,,,,,,,,,,,,,,,,,,,,,,,,,,,,,,,,Jhanduta,10th CIRCLE BILASPUR,,,,,,,,,,,,,,,,,,,,,,,,,,,,,,,,,2973.0,12.48,0.0,5.0,7.48,0.0,0.0,0.0,0.0,0.0,0.0,1900-01-01 00:00:00.000,1900-01-01 00:00:00.000,1900-01-01 00:00:00.000,0.0,0.0,0.0,0.0,0.0,0.0,,,,,,,,SHIMLA,NERWA
17708.0,38.0,,Active,,,,,,,01-07-2022,,,,,,,,,,,,,,,,,,,,,,,,,,,,,,,,,,,,,,,,,,,,,,,,,,,Jhanduta,10th CIRCLE BILASPUR,,,,,,,,,,,,,,,,,,,,,,,,,,,,,,,,,2983.0,11.99,0.0,4.26,7.73,0.0,0.0,0.0,0.0,0.0,0.0,1900-01-01 00:00:00.000,1900-01-01 00:00:00.000,1900-01-01 00:00:00.000,0.0,0.0,0.0,0.0,0.0,0.0,,,,,,,,SHIMLA,NERWA
17983.0,38.0,,Active,,,,,,,20-07-2022,,,,,,,,,,,,,,,,,,,,,,,,,,,,,,,,,,,,,,,,,,,,,,,,,,,Shimla No. 1,4TH CIRCLE  SHIMLA,,,,,,,,,,,,,,,,,,,,,,,,,,,,,,,,,3031.0,2.5,2.0,0.2,1.5,0.0,0.8,1.0,4.0,1.0,2.0,2022-07-20 00:00:00.000,2022-07-20 00:00:00.000,2022-07-20 00:00:00.000,2.0,0.0,0.0,0.0,0.0,0.0,,,,,,,,,
17983.0,38.0,,Active,,,,,,,20-07-2022,,,,,,,,,,,,,,,,,,,,,,,,,,,,,,,,,,,,,,,,,,,,,,,,,,,Shimla. (Rural ) at Dhami,4TH CIRCLE  SHIMLA,,,,,,,,,,,,,,,,,,,,,,,,,,,,,,,,,3032.0,8.5,4.0,1.0,3.5,0.0,4.5,2.0,5.0,1.0,1.0,2022-07-20 00:00:00.000,2022-07-20 00:00:00.000,2022-07-21 00:00:00.000,3.0,2.0,1.0,0.0,0.0,0.0,,,,,,,,,
17983.0,38.0,,Active,,,,,,,20-07-2022,,,,,,,,,,,,,,,,,,,,,,,,,,,,,,,,,,,,,,,,,,,,,,,,,,,Shimla.III ,4TH CIRCLE  SHIMLA,,,,,,,,,,,,,,,,,,,,,,,,,,,,,,,,,3033.0,0.795,2.0,0.0,0.795,0.0,0.0,0.0,2.0,0.0,1.0,2022-07-20 00:00:00.000,2022-07-20 00:00:00.000,2022-07-21 00:00:00.000,2.0,2.0,0.0,0.0,0.0,0.0,,,,,,,,,
17983.0,38.0,,Active,,,,,,,20-07-2022,,,,,,,,,,,,,,,,,,,,,,,,,,,,,,,,,,,,,,,,,,,,,,,,,,,Theog,4TH CIRCLE  SHIMLA,,,,,,,,,,,,,,,,,,,,,,,,,,,,,,,,,3034.0,20.0,6.0,4.0,7.0,0.0,8.0,2.0,6.0,1.0,1.0,2022-07-20 00:00:00.000,2022-07-20 00:00:00.000,2022-07-21 00:00:00.000,4.0,2.0,0.0,0.0,0.0,0.0,,,,,,,,SHIMLA,THEOG
17983.0,38.0,,Active,,,,,,,20-07-2022,,,,,,,,,,,,,,,,,,,,,,,,,,,,,,,,,,,,,,,,,,,,,,,,,,,Chopal,4TH CIRCLE  SHIMLA,,,,,,,,,,,,,,,,,,,,,,,,,,,,,,,,,3035.0,1.25,3.0,0.25,0.5,0.0,0.5,2.0,5.0,1.0,1.0,2022-07-20 00:00:00.000,2022-07-20 00:00:00.000,2022-07-21 00:00:00.000,3.0,0.0,0.0,0.0,0.0,0.0,,,,,,,,BILASPUR,JHANDUTA
19179.0,38.0,,Active,,,,,,,30-07-2022,,,,,,,,,,,,,,,,,,,,,,,,,,,,,,,,,,,,,,,,,,,,,,,,,,,Shimla No. 1,4TH CIRCLE  SHIMLA,,,,,,,,,,,,,,,,,,,,,,,,,,,,,,,,,4071.0,3.32,4.0,0.3,2.02,0.0,1.0,5.0,3.0,2.0,2.0,2022-07-30 00:00:00.000,2022-08-01 00:00:00.000,2022-08-01 00:00:00.000,3.0,1.0,0.0,0.0,0.0,0.0,,,,,,,,,
19179.0,38.0,,Active,,,,,,,30-07-2022,,,,,,,,,,,,,,,,,,,,,,,,,,,,,,,,,,,,,,,,,,,,,,,,,,,Shimla. (Rural ) at Dhami,4TH CIRCLE  SHIMLA,,,,,,,,,,,,,,,,,,,,,,,,,,,,,,,,,4072.0,3.8,3.0,0.5,1.8,0.0,1.5,4.0,1.0,0.0,3.0,2022-07-30 00:00:00.000,2022-07-30 00:00:00.000,2022-07-30 00:00:00.000,3.0,0.0,0.0,0.0,0.0,0.0,,,,,,,,,
19179.0,38.0,,Active,,,,,,,30-07-2022,,,,,,,,,,,,,,,,,,,,,,,,,,,,,,,,,,,,,,,,,,,,,,,,,,,Shimla.III ,4TH CIRCLE  SHIMLA,,,,,,,,,,,,,,,,,,,,,,,,,,,,,,,,,4073.0,0.6,1.0,0.0,0.6,0.0,0.0,0.0,0.0,0.0,1.0,2022-07-30 00:00:00.000,2022-07-30 00:00:00.000,2022-07-30 00:00:00.000,1.0,0.0,0.0,0.0,0.0,0.0,,,,,,,,,
19179.0,38.0,,Active,,,,,,,30-07-2022,,,,,,,,,,,,,,,,,,,,,,,,,,,,,,,,,,,,,,,,,,,,,,,,,,,Theog,4TH CIRCLE  SHIMLA,,,,,,,,,,,,,,,,,,,,,,,,,,,,,,,,,4074.0,4.5,3.0,0.5,1.5,0.0,2.5,4.0,5.0,3.0,4.0,2022-07-30 00:00:00.000,2022-07-30 00:00:00.000,2022-07-30 00:00:00.000,3.0,0.0,0.0,0.0,0.0,0.0,,,,,,,,SHIMLA,THEOG
19179.0,38.0,,Active,,,,,,,30-07-2022,,,,,,,,,,,,,,,,,,,,,,,,,,,,,,,,,,,,,,,,,,,,,,,,,,,Chopal,4TH CIRCLE  SHIMLA,,,,,,,,,,,,,,,,,,,,,,,,,,,,,,,,,4075.0,4.8,6.0,0.5,2.8,0.0,1.5,4.0,2.0,0.0,4.0,2022-07-30 00:00:00.000,2022-07-30 00:00:00.000,2022-07-30 00:00:00.000,4.0,2.0,0.0,0.0,0.0,0.0,,,,,,,,BILASPUR,JHANDUTA
19174.0,1041.0,,Active,,,,,,,30-07-2022,,,,,,,,,,,,,,,,,,,,,,,,,,,,,,,,,,,,,,,,,,,,,,,,,,,Kumarsain,"  11TH CIRCLE, RAMPUR",,,,,,,,,,,,,,,,,,,,,,,,,,,,,,,,,4085.0,59.0,7.0,0.0,37.0,0.0,22.0,0.0,3.0,0.0,0.0,2022-07-30 00:00:00.000,1900-01-01 00:00:00.000,1900-01-01 00:00:00.000,7.0,0.0,0.0,0.0,0.0,0.0,,,,,,,,SHIMLA,KUMARSAIN
19211.0,1041.0,,Active,,,,,,,01-08-2022,,,,,,,,,,,,,,,,,,,,,,,,,,,,,,,,,,,,,,,,,,,,,,,,,,,Kumarsain,"  11TH CIRCLE, RAMPUR",,,,,,,,,,,,,,,,,,,,,,,,,,,,,,,,,4088.0,148.0,19.0,0.0,108.0,0.0,40.0,0.0,8.0,0.0,0.0,2022-08-02 00:00:00.000,2022-08-04 00:00:00.000,2022-08-06 00:00:00.000,12.0,1.0,6.0,0.0,0.0,8.0,,,,,,,,SHIMLA,KUMARSAIN
19283.0,1041.0,,Active,,,,,,,02-08-2022,,,,,,,,,,,,,,,,,,,,,,,,,,,,,,,,,,,,,,,,,,,,,,,,,,,Kumarsain,"  11TH CIRCLE, RAMPUR",,,,,,,,,,,,,,,,,,,,,,,,,,,,,,,,,4114.0,55.0,11.0,0.0,24.0,0.0,31.0,0.0,4.0,0.0,0.0,2022-08-02 00:00:00.000,2022-08-06 00:00:00.000,2022-08-10 00:00:00.000,4.0,5.0,2.0,0.0,0.0,2.0,,,,,,,,SHIMLA,KUMARSAIN
19359.0,1041.0,,Active,,,,,,,03-08-2022,,,,,,,,,,,,,,,,,,,,,,,,,,,,,,,,,,,,,,,,,,,,,,,,,,,Kumarsain,"  11TH CIRCLE, RAMPUR",,,,,,,,,,,,,,,,,,,,,,,,,,,,,,,,,4145.0,54.0,8.0,21.0,4.0,0.0,29.0,0.0,0.0,0.0,0.0,2022-08-04 00:00:00.000,2022-08-06 00:00:00.000,2022-08-10 00:00:00.000,2.0,5.0,1.0,0.0,0.0,0.0,,,,,,,,SHIMLA,KUMARSAIN
19421.0,1041.0,,Active,,,,,,,05-08-2022,,,,,,,,,,,,,,,,,,,,,,,,,,,,,,,,,,,,,,,,,,,,,,,,,,,Kumarsain,"  11TH CIRCLE, RAMPUR",,,,,,,,,,,,,,,,,,,,,,,,,,,,,,,,,4169.0,112.0,18.0,21.0,51.0,0.0,40.0,5.0,7.0,0.0,0.0,2022-08-05 00:00:00.000,2022-08-06 00:00:00.000,2022-08-10 00:00:00.000,8.0,8.0,2.0,0.0,0.0,0.0,,,,,,,,SHIMLA,KUMARSAIN
19422.0,1041.0,,Active,,,,,,,07-08-2022,,,,,,,,,,,,,,,,,,,,,,,,,,,,,,,,,,,,,,,,,,,,,,,,,,,Kumarsain,"  11TH CIRCLE, RAMPUR",,,,,,,,,,,,,,,,,,,,,,,,,,,,,,,,,4171.0,22.0,2.0,17.0,5.0,0.0,0.0,0.0,2.0,0.0,0.0,2022-08-07 00:00:00.000,1900-01-01 00:00:00.000,1900-01-01 00:00:00.000,2.0,0.0,0.0,0.0,0.0,0.0,,,,,,,,SHIMLA,KUMARSAIN
19464.0,38.0,,Active,,,,,,,11-08-2022,,,,,,,,,,,,,,,,,,,,,,,,,,,,,,,,,,,,,,,,,,,,,,,,,,,Shimla No. 1,4TH CIRCLE  SHIMLA,,,,,,,,,,,,,,,,,,,,,,,,,,,,,,,,,4181.0,1.2,1.0,0.06,0.2,0.0,0.94,5.0,2.0,2.0,1.0,2022-08-11 00:00:00.000,2022-08-11 00:00:00.000,2022-08-11 00:00:00.000,1.0,0.0,0.0,0.0,0.0,0.0,,,,,,,,,
19464.0,38.0,,Active,,,,,,,11-08-2022,,,,,,,,,,,,,,,,,,,,,,,,,,,,,,,,,,,,,,,,,,,,,,,,,,,Shimla. (Rural ) at Dhami,4TH CIRCLE  SHIMLA,,,,,,,,,,,,,,,,,,,,,,,,,,,,,,,,,4182.0,3.9,2.0,0.5,0.9,0.5,2.0,3.0,2.0,1.0,1.0,2022-08-11 00:00:00.000,2022-08-11 00:00:00.000,2008-11-13 00:00:00.000,1.0,1.0,1.0,0.0,0.0,0.0,,,,,,,,,
19464.0,38.0,,Active,,,,,,,11-08-2022,,,,,,,,,,,,,,,,,,,,,,,,,,,,,,,,,,,,,,,,,,,,,,,,,,,Shimla.III ,4TH CIRCLE  SHIMLA,,,,,,,,,,,,,,,,,,,,,,,,,,,,,,,,,4183.0,0.4,0.0,0.0,0.4,0.0,0.0,0.0,0.0,1.0,1.0,2022-08-11 00:00:00.000,2022-08-11 00:00:00.000,2022-08-11 00:00:00.000,0.0,0.0,0.0,0.0,0.0,0.0,,,,,,,,,
19464.0,38.0,,Active,,,,,,,11-08-2022,,,,,,,,,,,,,,,,,,,,,,,,,,,,,,,,,,,,,,,,,,,,,,,,,,,Theog,4TH CIRCLE  SHIMLA,,,,,,,,,,,,,,,,,,,,,,,,,,,,,,,,,4184.0,4.5,15.0,0.5,1.5,0.5,2.0,4.0,8.0,3.0,3.0,2022-08-11 00:00:00.000,2022-08-12 00:00:00.000,1900-01-01 00:00:00.000,12.0,3.0,0.0,0.0,0.0,0.0,,,,,,,,SHIMLA,THEOG
19464.0,38.0,,Active,,,,,,,11-08-2022,,,,,,,,,,,,,,,,,,,,,,,,,,,,,,,,,,,,,,,,,,,,,,,,,,,Chopal,4TH CIRCLE  SHIMLA,,,,,,,,,,,,,,,,,,,,,,,,,,,,,,,,,4185.0,5.5,47.0,0.5,2.0,0.0,3.0,6.0,8.0,0.0,4.0,2022-08-11 00:00:00.000,2022-08-11 00:00:00.000,2022-08-12 00:00:00.000,30.0,17.0,0.0,0.0,0.0,0.0,,,,,,,,BILASPUR,JHANDUTA
17709.0,38.0,,Active,,,,,,,06-07-2022,,,,,,,,,,,,,,,,,,,,,,,,,,,,,,,,,,,,,,,,,,,,,,,,,,,,10th CIRCLE BILASPUR,,,,,,,,,,,,,,,,,,,,,,,,,,,,,,,,,4235.0,10.0,0.0,6.0,4.0,0.0,0.0,0.0,0.0,0.0,0.0,1900-01-01 00:00:00.000,1900-01-01 00:00:00.000,1900-01-01 00:00:00.000,0.0,0.0,0.0,0.0,0.0,0.0,,,,,,,,,
17709.0,38.0,,Active,,,,,,,06-07-2022,,,,,,,,,,,,,,,,,,,,,,,,,,,,,,,,,,,,,,,,,,,,,,,,,,,Jhanduta,10th CIRCLE BILASPUR,,,,,,,,,,,,,,,,,,,,,,,,,,,,,,,,,4236.0,10.0,0.0,6.0,4.0,0.0,0.0,0.0,0.0,0.0,0.0,1900-01-01 00:00:00.000,1900-01-01 00:00:00.000,1900-01-01 00:00:00.000,0.0,0.0,0.0,0.0,0.0,0.0,,,,,,,,SHIMLA,NERWA
17710.0,38.0,,Active,,,,,,,07-07-2022,,,,,,,,,,,,,,,,,,,,,,,,,,,,,,,,,,,,,,,,,,,,,,,,,,,Jhanduta,10th CIRCLE BILASPUR,,,,,,,,,,,,,,,,,,,,,,,,,,,,,,,,,4308.0,25.0,0.0,8.0,17.0,0.0,0.0,0.0,0.0,0.0,0.0,1900-01-01 00:00:00.000,1900-01-01 00:00:00.000,1900-01-01 00:00:00.000,0.0,0.0,0.0,0.0,0.0,0.0,,,,,,,,SHIMLA,NERWA
17711.0,38.0,,Active,,,,,,,08-07-2022,,,,,,,,,,,,,,,,,,,,,,,,,,,,,,,,,,,,,,,,,,,,,,,,,,,Jhanduta,10th CIRCLE BILASPUR,,,,,,,,,,,,,,,,,,,,,,,,,,,,,,,,,4309.0,16.0,0.0,9.0,7.0,0.0,0.0,0.0,0.0,0.0,0.0,1900-01-01 00:00:00.000,1900-01-01 00:00:00.000,1900-01-01 00:00:00.000,0.0,0.0,0.0,0.0,0.0,0.0,,,,,,,,SHIMLA,NERWA
17712.0,38.0,,Active,,,,,,,10-07-2022,,,,,,,,,,,,,,,,,,,,,,,,,,,,,,,,,,,,,,,,,,,,,,,,,,,Jhanduta,10th CIRCLE BILASPUR,,,,,,,,,,,,,,,,,,,,,,,,,,,,,,,,,4310.0,19.0,0.0,8.0,11.0,0.0,0.0,0.0,0.0,0.0,0.0,1900-01-01 00:00:00.000,1900-01-01 00:00:00.000,1900-01-01 00:00:00.000,0.0,0.0,0.0,0.0,0.0,0.0,,,,,,,,SHIMLA,NERWA
19867.0,1041.0,,Active,,,,,,,22-08-2022,,,,,,,,,,,,,,,,,,,,,,,,,,,,,,,,,,,,,,,,,,,,,,,,,,,Kumarsain,"  11TH CIRCLE, RAMPUR",,,,,,,,,,,,,,,,,,,,,,,,,,,,,,,,,4573.0,106.0,12.0,0.0,63.0,0.0,43.0,0.0,4.0,0.0,0.0,2022-08-22 00:00:00.000,2022-08-25 00:00:00.000,2022-08-30 00:00:00.000,6.0,3.0,3.0,0.0,0.0,0.0,,,,,,,,SHIMLA,KUMARSAIN
19865.0,1041.0,,Active,,,,,,,20-08-2022,,,,,,,,,,,,,,,,,,,,,,,,,,,,,,,,,,,,,,,,,,,,,,,,,,,Kumarsain,"  11TH CIRCLE, RAMPUR",,,,,,,,,,,,,,,,,,,,,,,,,,,,,,,,,4574.0,118.0,20.0,21.0,50.0,0.0,47.0,0.0,9.0,0.0,0.0,2022-08-20 00:00:00.000,2022-08-22 00:00:00.000,2022-08-25 00:00:00.000,11.0,6.0,3.0,0.0,0.0,0.0,,,,,,,,SHIMLA,KUMARSAIN
19864.0,1041.0,,Active,,,,,,,16-08-2022,,,,,,,,,,,,,,,,,,,,,,,,,,,,,,,,,,,,,,,,,,,,,,,,,,,Kumarsain,"  11TH CIRCLE, RAMPUR",,,,,,,,,,,,,,,,,,,,,,,,,,,,,,,,,4576.0,158.0,20.0,21.0,141.0,0.0,17.0,0.0,3.0,0.0,0.0,2022-08-16 00:00:00.000,2022-08-18 00:00:00.000,2022-08-25 00:00:00.000,10.0,6.0,4.0,0.0,0.0,0.0,,,,,,,,SHIMLA,KUMARSAIN
19706.0,38.0,,Active,,,,,,,16-08-2022,,,,,,,,,,,,,,,,,,,,,,,,,,,,,,,,,,,,,,,,,,,,,,,,,,,C.V.Udaipur,6th CIRCLE KULLU,,,,,,,,,,,,,,,,,,,,,,,,,,,,,,,,,4693.0,55.0,0.0,0.0,35.0,0.0,20.0,0.0,0.0,0.0,0.0,1900-01-01 00:00:00.000,1900-01-01 00:00:00.000,1900-01-01 00:00:00.000,0.0,0.0,0.0,0.0,2.0,2.0,,,,,,,,,
20806.0,38.0,,Active,,,,,,,25-09-2022,,,,,,,,,,,,,,,,,,,,,,,,,,,,,,,,,,,,,,,,,,,,,,,,,,,Shimla No. 1,4TH CIRCLE  SHIMLA,,,,,,,,,,,,,,,,,,,,,,,,,,,,,,,,,4918.0,4.5,10.0,0.5,2.0,0.0,2.0,3.0,7.0,2.0,2.0,2022-09-25 00:00:00.000,2022-09-25 00:00:00.000,2022-09-25 00:00:00.000,8.0,2.0,0.0,0.0,0.0,0.0,,,,,,,,,
20806.0,38.0,,Active,,,,,,,25-09-2022,,,,,,,,,,,,,,,,,,,,,,,,,,,,,,,,,,,,,,,,,,,,,,,,,,,Shimla. (Rural ) at Dhami,4TH CIRCLE  SHIMLA,,,,,,,,,,,,,,,,,,,,,,,,,,,,,,,,,4919.0,5.5,11.0,0.5,2.5,0.0,2.0,3.0,4.0,2.0,3.0,2022-09-25 00:00:00.000,2022-09-25 00:00:00.000,2022-09-26 00:00:00.000,9.0,1.0,1.0,0.0,0.0,0.0,,,,,,,,,
20806.0,38.0,,Active,,,,,,,25-09-2022,,,,,,,,,,,,,,,,,,,,,,,,,,,,,,,,,,,,,,,,,,,,,,,,,,,Shimla.III ,4TH CIRCLE  SHIMLA,,,,,,,,,,,,,,,,,,,,,,,,,,,,,,,,,4920.0,1.5,3.0,0.0,1.5,0.0,0.0,0.0,1.0,1.0,1.0,2022-09-25 00:00:00.000,2022-09-25 00:00:00.000,2022-09-26 00:00:00.000,3.0,0.0,0.0,0.0,0.0,0.0,,,,,,,,,
20806.0,38.0,,Active,,,,,,,25-09-2022,,,,,,,,,,,,,,,,,,,,,,,,,,,,,,,,,,,,,,,,,,,,,,,,,,,Theog,4TH CIRCLE  SHIMLA,,,,,,,,,,,,,,,,,,,,,,,,,,,,,,,,,4921.0,7.5,35.0,0.5,2.5,0.0,4.5,3.0,7.0,1.0,2.0,2022-09-25 00:00:00.000,2022-09-25 00:00:00.000,2022-09-26 00:00:00.000,30.0,5.0,0.0,0.0,0.0,0.0,,,,,,,,SHIMLA,THEOG
20806.0,38.0,,Active,,,,,,,25-09-2022,,,,,,,,,,,,,,,,,,,,,,,,,,,,,,,,,,,,,,,,,,,,,,,,,,,Chopal,4TH CIRCLE  SHIMLA,,,,,,,,,,,,,,,,,,,,,,,,,,,,,,,,,4922.0,8.5,124.0,0.5,3.5,0.0,4.5,4.0,8.0,3.0,4.0,2022-09-25 00:00:00.000,2022-09-25 00:00:00.000,2022-09-26 00:00:00.000,70.0,54.0,0.0,0.0,0.0,0.0,,,,,,,,BILASPUR,JHANDUTA
23656.0,1041.0,,Active,,,,,,,04-04-2023,,,,,,,,,,,,,,,,,,,,,,,,,,,,,,,,,,,,,,,,,,,,,,,,,,,Kumarsain,"  11TH CIRCLE, RAMPUR",,,,,,,,,,,,,,,,,,,,,,,,,,,,,,,,,4944.0,1.9,1.0,0.0,0.0,0.0,1.9,1.0,0.0,0.0,0.0,2023-04-04 00:00:00.000,1900-01-01 00:00:00.000,1900-01-01 00:00:00.000,1.0,0.0,0.0,0.0,0.0,0.0,,,,,,,,SHIMLA,KUMARSAIN
23819.0,1041.0,,Active,,,,,,,19-04-2023,,,,,,,,,,,,,,,,,,,,,,,,,,,,,,,,,,,,,,,,,,,,,,,,,,,Kumarsain,"  11TH CIRCLE, RAMPUR",,,,,,,,,,,,,,,,,,,,,,,,,,,,,,,,,4945.0,6.0,1.0,0.0,6.0,0.0,0.0,0.0,1.0,0.0,0.0,2023-04-19 00:00:00.000,1900-01-01 00:00:00.000,1900-01-01 00:00:00.000,0.0,0.0,0.0,0.0,0.0,0.0,,,,,,,,SHIMLA,KUMARSAIN
24541.0,38.0,,Active,,,,,,,05-07-2023,,,,,,,,,,,,,,,,,,,,,,,,,,,,,,,,,,,,,,,,,,,,,,,,,,,Shimla No. 1,4TH CIRCLE  SHIMLA,,,,,,,,,,,,,,,,,,,,,,,,,,,,,,,,,5017.0,0.85,4.0,0.05,0.3,0.0,0.5,2.0,3.0,1.0,1.0,2023-07-06 00:00:00.000,2023-07-06 00:00:00.000,2023-07-06 00:00:00.000,4.0,0.0,0.0,0.0,0.0,0.0,,,,,,,,,
24541.0,38.0,,Active,,,,,,,05-07-2023,,,,,,,,,,,,,,,,,,,,,,,,,,,,,,,,,,,,,,,,,,,,,,,,,,,Shimla. (Rural ) at Dhami,4TH CIRCLE  SHIMLA,,,,,,,,,,,,,,,,,,,,,,,,,,,,,,,,,5018.0,0.55,13.0,0.05,0.3,0.0,0.2,2.0,3.0,1.0,1.0,2023-07-06 00:00:00.000,2023-07-06 00:00:00.000,2023-07-06 00:00:00.000,13.0,0.0,0.0,0.0,0.0,0.0,,,,,,,,,
24541.0,38.0,,Active,,,,,,,05-07-2023,,,,,,,,,,,,,,,,,,,,,,,,,,,,,,,,,,,,,,,,,,,,,,,,,,,Theog,4TH CIRCLE  SHIMLA,,,,,,,,,,,,,,,,,,,,,,,,,,,,,,,,,5019.0,0.85,20.0,0.05,0.5,0.0,0.3,2.0,3.0,1.0,1.0,2023-07-06 00:00:00.000,1900-01-01 00:00:00.000,2023-07-06 00:00:00.000,20.0,0.0,0.0,0.0,0.0,0.0,,,,,,,,SHIMLA,THEOG
24541.0,38.0,,Active,,,,,,,05-07-2023,,,,,,,,,,,,,,,,,,,,,,,,,,,,,,,,,,,,,,,,,,,,,,,,,,,Chopal,4TH CIRCLE  SHIMLA,,,,,,,,,,,,,,,,,,,,,,,,,,,,,,,,,5020.0,2.15,18.0,0.05,1.5,0.0,1.0,4.0,3.0,1.0,2.0,2023-07-06 00:00:00.000,2023-07-06 00:00:00.000,2023-07-06 00:00:00.000,18.0,0.0,0.0,0.0,0.0,0.0,,,,,,,,BILASPUR,JHANDUTA
24629.0,38.0,,Active,,,,,,,10-07-2023,,,,,,,,,,,,,,,,,,,,,,,,,,,,,,,,,,,,,,,,,,,,,,,,,,,Gohar,Ist CIRCLE-Mandi ,,,,,,,,,,,,,,,,,,,,,,,,,,,,,,,,,5066.0,16.5,40.0,2.0,10.5,0.0,4.0,1.0,9.0,0.0,5.0,1900-01-01 00:00:00.000,1900-01-01 00:00:00.000,1900-01-01 00:00:00.000,39.0,1.0,0.0,0.0,0.0,0.0,,,,,,,,MANDI,CHACHYOT
24610.0,38.0,,Active,,,,,,,10-07-2023,,,,,,,,,,,,,,,,,,,,,,,,,,,,,,,,,,,,,,,,,,,,,,,,,,,Shimla No. 1,4TH CIRCLE  SHIMLA,,,,,,,,,,,,,,,,,,,,,,,,,,,,,,,,,5071.0,9.5,32.0,0.5,3.0,0.0,6.0,1.0,10.0,0.0,2.0,2023-07-10 00:00:00.000,2023-07-10 00:00:00.000,2023-07-10 00:00:00.000,12.0,20.0,0.0,0.0,0.0,0.0,,,,,,,,,
24610.0,38.0,,Active,,,,,,,10-07-2023,,,,,,,,,,,,,,,,,,,,,,,,,,,,,,,,,,,,,,,,,,,,,,,,,,,Shimla. (Rural ) at Dhami,4TH CIRCLE  SHIMLA,,,,,,,,,,,,,,,,,,,,,,,,,,,,,,,,,5072.0,4.0,34.0,1.0,2.5,0.0,1.5,3.0,3.0,0.0,3.0,2023-07-10 00:00:00.000,2023-07-10 00:00:00.000,2023-07-10 00:00:00.000,14.0,20.0,0.0,0.0,2.0,0.0,,,,,,,,,
24610.0,38.0,,Active,,,,,,,10-07-2023,,,,,,,,,,,,,,,,,,,,,,,,,,,,,,,,,,,,,,,,,,,,,,,,,,,Shimla.III ,4TH CIRCLE  SHIMLA,,,,,,,,,,,,,,,,,,,,,,,,,,,,,,,,,5073.0,0.107,4.0,0.0,0.107,0.0,0.0,0.0,1.0,0.0,1.0,2023-07-10 00:00:00.000,2023-07-10 00:00:00.000,2023-07-10 00:00:00.000,4.0,0.0,0.0,0.0,0.0,0.0,,,,,,,,,
24610.0,38.0,,Active,,,,,,,10-07-2023,,,,,,,,,,,,,,,,,,,,,,,,,,,,,,,,,,,,,,,,,,,,,,,,,,,Theog,4TH CIRCLE  SHIMLA,,,,,,,,,,,,,,,,,,,,,,,,,,,,,,,,,5074.0,8.5,40.0,0.5,3.5,0.0,4.5,2.0,20.0,0.0,2.0,2023-07-10 00:00:00.000,2023-07-10 00:00:00.000,2023-07-10 00:00:00.000,25.0,15.0,0.0,0.0,0.0,0.0,,,,,,,,SHIMLA,THEOG
24610.0,38.0,,Active,,,,,,,10-07-2023,,,,,,,,,,,,,,,,,,,,,,,,,,,,,,,,,,,,,,,,,,,,,,,,,,,Chopal,4TH CIRCLE  SHIMLA,,,,,,,,,,,,,,,,,,,,,,,,,,,,,,,,,5075.0,53.0,96.0,1.0,22.0,0.0,28.0,2.0,33.0,0.0,2.0,2023-07-10 00:00:00.000,2023-07-10 00:00:00.000,2023-07-10 00:00:00.000,36.0,60.0,0.0,0.0,0.0,0.0,,,,,,,,BILASPUR,JHANDUTA
24790.0,38.0,,Active,,,,,,,13-07-2023,,,,,,,,,,,,,,,,,,,,,,,,,,,,,,,,,,,,,,,,,,,,,,,,,,,Shimla No. 1,4TH CIRCLE  SHIMLA,,,,,,,,,,,,,,,,,,,,,,,,,,,,,,,,,5142.0,12.5,22.0,2.0,6.5,0.0,4.0,1.0,12.0,0.0,8.0,2023-07-13 00:00:00.000,2023-07-13 00:00:00.000,2023-07-13 00:00:00.000,20.0,2.0,0.0,0.0,0.0,0.0,,,,,,,,,
24790.0,38.0,,Active,,,,,,,13-07-2023,,,,,,,,,,,,,,,,,,,,,,,,,,,,,,,,,,,,,,,,,,,,,,,,,,,Shimla. (Rural ) at Dhami,4TH CIRCLE  SHIMLA,,,,,,,,,,,,,,,,,,,,,,,,,,,,,,,,,5143.0,14.5,32.0,2.2,4.3,0.0,8.0,1.0,12.0,0.0,9.0,2023-07-13 00:00:00.000,2023-07-13 00:00:00.000,2023-07-13 00:00:00.000,20.0,12.0,0.0,0.0,2.0,0.0,,,,,,,,,
24790.0,38.0,,Active,,,,,,,13-07-2023,,,,,,,,,,,,,,,,,,,,,,,,,,,,,,,,,,,,,,,,,,,,,,,,,,,Shimla.III ,4TH CIRCLE  SHIMLA,,,,,,,,,,,,,,,,,,,,,,,,,,,,,,,,,5144.0,0.34,4.0,0.0,0.34,0.0,0.0,0.0,1.0,0.0,0.0,2023-07-13 00:00:00.000,2023-07-13 00:00:00.000,2023-07-13 00:00:00.000,4.0,0.0,0.0,0.0,0.0,0.0,,,,,,,,,
24790.0,38.0,,Active,,,,,,,13-07-2023,,,,,,,,,,,,,,,,,,,,,,,,,,,,,,,,,,,,,,,,,,,,,,,,,,,Theog,4TH CIRCLE  SHIMLA,,,,,,,,,,,,,,,,,,,,,,,,,,,,,,,,,5145.0,14.5,45.0,0.5,8.0,0.0,6.0,1.0,21.0,0.0,9.0,2023-07-13 00:00:00.000,2023-07-13 00:00:00.000,2023-07-13 00:00:00.000,30.0,15.0,0.0,0.0,0.0,0.0,,,,,,,,SHIMLA,THEOG
24790.0,38.0,,Active,,,,,,,13-07-2023,,,,,,,,,,,,,,,,,,,,,,,,,,,,,,,,,,,,,,,,,,,,,,,,,,,Chopal,4TH CIRCLE  SHIMLA,,,,,,,,,,,,,,,,,,,,,,,,,,,,,,,,,5150.0,54.0,82.0,1.5,22.0,0.0,30.5,2.0,33.0,0.0,12.0,2023-07-13 00:00:00.000,2023-07-13 00:00:00.000,2023-07-13 00:00:00.000,42.0,30.0,10.0,0.0,4.0,0.0,,,,,,,,BILASPUR,JHANDUTA
25078.0,38.0,,Active,,,,,,,18-07-2023,,,,,,,,,,,,,,,,,,,,,,,,,,,,,,,,,,,,,,,,,,,,,,,,,,,Shimla No. 1,4TH CIRCLE  SHIMLA,,,,,,,,,,,,,,,,,,,,,,,,,,,,,,,,,5280.0,7.5,12.0,0.5,2.0,0.0,5.0,1.0,4.0,0.0,2.0,2023-07-18 00:00:00.000,2023-07-18 00:00:00.000,2023-07-18 00:00:00.000,10.0,1.0,1.0,0.0,0.0,0.0,,,,,,,,,
25078.0,38.0,,Active,,,,,,,18-07-2023,,,,,,,,,,,,,,,,,,,,,,,,,,,,,,,,,,,,,,,,,,,,,,,,,,,Shimla. (Rural ) at Dhami,4TH CIRCLE  SHIMLA,,,,,,,,,,,,,,,,,,,,,,,,,,,,,,,,,5284.0,5.5,16.0,0.5,2.0,0.0,3.0,1.0,3.0,0.0,2.0,2023-07-18 00:00:00.000,2023-07-18 00:00:00.000,2023-07-18 00:00:00.000,12.0,4.0,0.0,0.0,0.0,0.0,,,,,,,,,
25078.0,38.0,,Active,,,,,,,18-07-2023,,,,,,,,,,,,,,,,,,,,,,,,,,,,,,,,,,,,,,,,,,,,,,,,,,,Theog,4TH CIRCLE  SHIMLA,,,,,,,,,,,,,,,,,,,,,,,,,,,,,,,,,5285.0,8.5,22.0,0.5,3.5,0.0,4.5,1.0,8.0,0.0,1.0,2023-07-18 00:00:00.000,2023-07-18 00:00:00.000,2023-07-18 00:00:00.000,15.0,6.0,1.0,0.0,0.0,0.0,,,,,,,,SHIMLA,THEOG
25078.0,38.0,,Active,,,,,,,18-07-2023,,,,,,,,,,,,,,,,,,,,,,,,,,,,,,,,,,,,,,,,,,,,,,,,,,,Chopal,4TH CIRCLE  SHIMLA,,,,,,,,,,,,,,,,,,,,,,,,,,,,,,,,,5286.0,18.5,55.0,0.5,8.0,0.0,10.0,2.0,37.0,0.0,8.0,2023-07-18 00:00:00.000,2023-07-18 00:00:00.000,2023-07-18 00:00:00.000,30.0,15.0,10.0,0.0,0.0,0.0,,,,,,,,BILASPUR,JHANDUTA
25078.0,38.0,,Active,,,,,,,18-07-2023,,,,,,,,,,,,,,,,,,,,,,,,,,,,,,,,,,,,,,,,,,,,,,,,,,,Shimla.III ,4TH CIRCLE  SHIMLA,,,,,,,,,,,,,,,,,,,,,,,,,,,,,,,,,5288.0,0.4,4.0,0.0,0.4,0.0,0.0,0.0,1.0,0.0,1.0,2023-07-18 00:00:00.000,2023-07-18 00:00:00.000,2023-07-18 00:00:00.000,4.0,0.0,0.0,0.0,0.0,0.0,,,,,,,,,
25195.0,38.0,,Active,,,,,,,20-07-2023,,,,,,,,,,,,,,,,,,,,,,,,,,,,,,,,,,,,,,,,,,,,,,,,,,,Indora,"9TH CIRCLE, NURPUR",,,,,,,,,,,,,,,,,,,,,,,,,,,,,,,,,5296.0,1.0,0.0,1.0,0.0,0.0,0.0,1.0,0.0,0.0,0.0,2023-07-20 00:00:00.000,1900-01-01 00:00:00.000,1900-01-01 00:00:00.000,0.0,0.0,0.0,0.0,1.0,0.0,,,,,,,,KANGRA,INDORA
5376.0,38.0,,Active,,,,,,,18-09-2020,,,,,,,,,,,,,,,,,,,,,,,,,,,,,,,,,,,,,,,,,,,,,,,,,,,EE Bhoranj,8th CIRCLE HAMIRPUR,,,,,,,,,,,,,,,,,,,,,,,,,,,,,,,,,5301.0,12.0,12.0,0.0,150.0,0.0,0.0,1.0,1.0,0.0,1.0,1900-01-01 00:00:00.000,1900-01-01 00:00:00.000,1900-01-01 00:00:00.000,12.0,0.0,0.0,0.0,0.0,0.0,,,,,,,,HAMIRPUR,
24622.0,38.0,,Active,,,,,,,09-07-2023,,,,,,,,,,,,,,,,,,,,,,,,,,,,,,,,,,,,,,,,,,,,,,,,,,,Thalout,Ist CIRCLE-Mandi ,,,,,,,,,,,,,,,,,,,,,,,,,,,,,,,,,5327.0,92.0,32.0,21.0,22.5,9.5,39.0,1.0,14.0,0.0,3.0,2023-07-09 00:00:00.000,2023-07-10 00:00:00.000,2023-07-10 00:00:00.000,13.0,6.0,13.0,0.0,0.0,0.0,,,,,,,,MANDI,AUT
24629.0,38.0,,Active,,,,,,,10-07-2023,,,,,,,,,,,,,,,,,,,,,,,,,,,,,,,,,,,,,,,,,,,,,,,,,,,Thalout,Ist CIRCLE-Mandi ,,,,,,,,,,,,,,,,,,,,,,,,,,,,,,,,,5328.0,120.0,40.0,16.5,53.3,5.5,40.0,1.0,14.0,0.0,5.0,2023-07-11 00:00:00.000,2023-07-12 00:00:00.000,2023-07-12 00:00:00.000,10.0,12.0,18.0,0.0,4.0,0.0,,,,,,,,MANDI,AUT
25844.0,1041.0,,Active,,,,,,,12-07-2023,,,,,,,,,,,,,,,,,,,,,,,,,,,,,,,,,,,,,,,,,,,,,,,,,,,Kumarsain,"  11TH CIRCLE, RAMPUR",,,,,,,,,,,,,,,,,,,,,,,,,,,,,,,,,5636.0,362.0,40.0,62.0,246.0,0.0,54.0,3.0,10.0,1.0,3.0,2023-07-13 00:00:00.000,2023-07-14 00:00:00.000,2023-07-15 00:00:00.000,6.0,27.0,7.0,0.0,0.0,4.0,,,,,,,,SHIMLA,KUMARSAIN
25843.0,38.0,,Active,,,,,,,04-08-2023,,,,,,,,,,,,,,,,,,,,,,,,,,,,,,,,,,,,,,,,,,,,,,,,,,,Shimla No. 1,4TH CIRCLE  SHIMLA,,,,,,,,,,,,,,,,,,,,,,,,,,,,,,,,,5641.0,14.0,14.0,2.0,6.0,0.0,6.0,0.0,6.0,0.0,3.0,2023-08-04 00:00:00.000,2023-08-04 00:00:00.000,2023-08-04 00:00:00.000,12.0,2.0,0.0,0.0,0.0,0.0,,,,,,,,,
25843.0,38.0,,Active,,,,,,,04-08-2023,,,,,,,,,,,,,,,,,,,,,,,,,,,,,,,,,,,,,,,,,,,,,,,,,,,Shimla. (Rural ) at Dhami,4TH CIRCLE  SHIMLA,,,,,,,,,,,,,,,,,,,,,,,,,,,,,,,,,5642.0,17.0,16.0,3.0,8.0,0.0,6.0,0.0,4.0,0.0,3.0,2023-08-04 00:00:00.000,2023-08-04 00:00:00.000,2023-08-04 00:00:00.000,12.0,4.0,0.0,0.0,0.0,0.0,,,,,,,,,
25843.0,38.0,,Active,,,,,,,04-08-2023,,,,,,,,,,,,,,,,,,,,,,,,,,,,,,,,,,,,,,,,,,,,,,,,,,,Shimla.III ,4TH CIRCLE  SHIMLA,,,,,,,,,,,,,,,,,,,,,,,,,,,,,,,,,5643.0,4.0,3.0,0.0,4.0,0.0,0.0,0.0,2.0,0.0,0.0,2023-08-04 00:00:00.000,2023-08-04 00:00:00.000,2023-08-04 00:00:00.000,3.0,0.0,0.0,0.0,0.0,0.0,,,,,,,,,
25843.0,38.0,,Active,,,,,,,04-08-2023,,,,,,,,,,,,,,,,,,,,,,,,,,,,,,,,,,,,,,,,,,,,,,,,,,,Theog,4TH CIRCLE  SHIMLA,,,,,,,,,,,,,,,,,,,,,,,,,,,,,,,,,5645.0,18.0,25.0,1.0,8.0,0.0,9.0,3.0,6.0,0.0,4.0,2023-08-04 00:00:00.000,2023-08-04 00:00:00.000,2023-08-04 00:00:00.000,15.0,5.0,5.0,0.0,0.0,8.0,,,,,,,,SHIMLA,THEOG
25843.0,38.0,,Active,,,,,,,04-08-2023,,,,,,,,,,,,,,,,,,,,,,,,,,,,,,,,,,,,,,,,,,,,,,,,,,,Chopal,4TH CIRCLE  SHIMLA,,,,,,,,,,,,,,,,,,,,,,,,,,,,,,,,,5646.0,40.0,46.0,2.0,20.0,0.0,18.0,3.0,38.0,2.0,12.0,2023-08-04 00:00:00.000,2023-08-04 00:00:00.000,2023-08-04 00:00:00.000,30.0,10.0,6.0,0.0,8.0,8.0,,,,,,,,BILASPUR,JHANDUTA
25845.0,1041.0,,Active,,,,,,,16-07-2023,,,,,,,,,,,,,,,,,,,,,,,,,,,,,,,,,,,,,,,,,,,,,,,,,,,Kumarsain,"  11TH CIRCLE, RAMPUR",,,,,,,,,,,,,,,,,,,,,,,,,,,,,,,,,5670.0,210.0,26.0,44.0,106.0,0.0,60.0,3.0,8.0,1.0,3.0,2023-07-17 00:00:00.000,2023-07-18 00:00:00.000,2023-07-19 00:00:00.000,6.0,10.0,10.0,0.0,0.0,4.0,,,,,,,,SHIMLA,KUMARSAIN
25847.0,1041.0,,Active,,,,,,,25-07-2023,,,,,,,,,,,,,,,,,,,,,,,,,,,,,,,,,,,,,,,,,,,,,,,,,,,Kumarsain,"  11TH CIRCLE, RAMPUR",,,,,,,,,,,,,,,,,,,,,,,,,,,,,,,,,5672.0,350.0,39.0,35.0,225.0,0.0,90.0,3.0,10.0,1.0,3.0,2023-07-21 00:00:00.000,2023-07-22 00:00:00.000,2023-07-23 00:00:00.000,8.0,16.0,15.0,0.0,0.0,5.0,,,,,,,,SHIMLA,KUMARSAIN
25846.0,1041.0,,Active,,,,,,,20-07-2023,,,,,,,,,,,,,,,,,,,,,,,,,,,,,,,,,,,,,,,,,,,,,,,,,,,Kumarsain,"  11TH CIRCLE, RAMPUR",,,,,,,,,,,,,,,,,,,,,,,,,,,,,,,,,5673.0,350.0,39.0,35.0,225.0,0.0,90.0,3.0,10.0,1.0,3.0,2023-07-21 00:00:00.000,2023-07-22 00:00:00.000,2023-07-23 00:00:00.000,8.0,16.0,15.0,0.0,0.0,5.0,,,,,,,,SHIMLA,KUMARSAIN
27397.0,38.0,,Active,,,,,,,03-03-2024,,,,,,,,,,,,,,,,,,,,,,,,,,,,,,,,,,,,,,,,,,,,,,,,,,,Shimla No. 1,4TH CIRCLE  SHIMLA,,,,,,,,,,,,,,,,,,,,,,,,,,,,,,,,,5972.0,200.4,30.0,20.0,150.4,0.0,30.0,0.0,6.0,2.0,3.0,2024-03-03 00:00:00.000,1900-01-01 00:00:00.000,1900-01-01 00:00:00.000,30.0,0.0,0.0,0.0,0.0,0.0,,,,,,,,,
27397.0,38.0,,Active,,,,,,,03-03-2024,,,,,,,,,,,,,,,,,,,,,,,,,,,,,,,,,,,,,,,,,,,,,,,,,,,Shimla. (Rural ) at Dhami,4TH CIRCLE  SHIMLA,,,,,,,,,,,,,,,,,,,,,,,,,,,,,,,,,5973.0,250.0,20.0,0.0,30.0,50.0,170.0,2.0,5.0,1.0,2.0,2024-03-03 00:00:00.000,1900-01-01 00:00:00.000,1900-01-01 00:00:00.000,20.0,0.0,0.0,0.0,0.0,0.0,,,,,,,,,
27397.0,38.0,,Active,,,,,,,03-03-2024,,,,,,,,,,,,,,,,,,,,,,,,,,,,,,,,,,,,,,,,,,,,,,,,,,,Shimla.III ,4TH CIRCLE  SHIMLA,,,,,,,,,,,,,,,,,,,,,,,,,,,,,,,,,5974.0,5.0,10.0,0.0,0.0,0.0,5.0,0.0,1.0,1.0,1.0,2024-03-03 00:00:00.000,2024-03-04 00:00:00.000,2024-03-04 00:00:00.000,10.0,0.0,0.0,0.0,0.0,0.0,,,,,,,,,
27397.0,38.0,,Active,,,,,,,03-03-2024,,,,,,,,,,,,,,,,,,,,,,,,,,,,,,,,,,,,,,,,,,,,,,,,,,,Theog,4TH CIRCLE  SHIMLA,,,,,,,,,,,,,,,,,,,,,,,,,,,,,,,,,5975.0,576.0,84.0,0.0,106.0,70.0,400.0,1.0,7.0,2.0,2.0,2024-03-03 00:00:00.000,2024-03-04 00:00:00.000,2024-03-04 00:00:00.000,80.0,4.0,0.0,0.0,0.0,0.0,,,,,,,,SHIMLA,THEOG
27397.0,38.0,,Active,,,,,,,03-03-2024,,,,,,,,,,,,,,,,,,,,,,,,,,,,,,,,,,,,,,,,,,,,,,,,,,,Chopal,4TH CIRCLE  SHIMLA,,,,,,,,,,,,,,,,,,,,,,,,,,,,,,,,,5976.0,350.0,94.0,0.0,50.0,50.0,250.0,3.0,15.0,0.0,3.0,2024-03-03 00:00:00.000,2024-03-04 00:00:00.000,2024-03-04 00:00:00.000,70.0,24.0,0.0,0.0,0.0,0.0,,,,,,,,BILASPUR,JHANDUTA
19864.0,38.0,,Active,,,,,,,16-08-2022,,,,,,,,,,,,,,,,,,,,,,,,,,,,,,,,,,,,,,,,,,,,,,,,,,,Karcham,"  11TH CIRCLE, RAMPUR",,,,,,,,,,,,,,,,,,,,,,,,,,,,,,,,,6403.0,43.02,3.0,0.0,0.0,0.0,43.02,1.0,0.0,0.0,0.0,1900-01-01 00:00:00.000,1900-01-01 00:00:00.000,1900-01-01 00:00:00.000,1.0,2.0,0.0,0.0,0.0,0.0,,,,,,,,,
24602.0,38.0,,Active,,,,,,,10-07-2023,,,,,,,,,,,,,,,,,,,,,,,,,,,,,,,,,,,,,,,,,,,,,,,,,,,Karcham,"  11TH CIRCLE, RAMPUR",,,,,,,,,,,,,,,,,,,,,,,,,,,,,,,,,6407.0,197.06,17.0,41.5,71.2,0.0,79.32,0.0,0.0,0.0,0.0,1900-01-01 00:00:00.000,1900-01-01 00:00:00.000,1900-01-01 00:00:00.000,13.0,3.0,1.0,0.0,1.0,0.0,,,,,,,,,
24761.0,38.0,,Active,,,,,,,11-07-2023,,,,,,,,,,,,,,,,,,,,,,,,,,,,,,,,,,,,,,,,,,,,,,,,,,,Karcham,"  11TH CIRCLE, RAMPUR",,,,,,,,,,,,,,,,,,,,,,,,,,,,,,,,,6482.0,289.73,29.0,41.5,102.9,0.0,145.33,2.0,5.0,0.0,0.0,1900-01-01 00:00:00.000,1900-01-01 00:00:00.000,1900-01-01 00:00:00.000,16.0,7.0,6.0,0.0,0.0,0.0,,,,,,,,,
335.0,43.0,25.0,Active,,,,,,,16-03-2020,,158.0,,,,,,,,,,,,,,,,,,,,,,,,,,,,,,,,,,,,,,,,,,,,,,,,,,,,,,,,,,,,,,,,,,,,,,,,,,,,,,,,,,,,,,,,,,,,,,,,,,,,,,,134.0,2.0,1.0,1.0,91.0,,Kachha House,SOLAN ,ARKI 
2713.0,40.0,25.0,Active,,,,,,,08-07-2020,,161.0,,,,,,,,,,,,,,,,,,,,,,,,,,,,,,,,,,,,,,,,,,,,,,,,,,,,,,,,,,,,,,,,,,,,,,,,,,,,,,,,,,,,,,,,,,,,,,,,,,,,,,,2220.0,1004.0,1.0,1.0,167.0,,Cowsheds,SOLAN ,SOLAN
2809.0,40.0,25.0,Active,,,,,,,20-07-2020,,161.0,,,,,,,,,,,,,,,,,,,,,,,,,,,,,,,,,,,,,,,,,,,,,,,,,,,,,,,,,,,,,,,,,,,,,,,,,,,,,,,,,,,,,,,,,,,,,,,,,,,,,,,2250.0,1004.0,1.0,2.0,181.0,,Cowsheds,SOLAN ,SOLAN
2943.0,40.0,15.0,Active,,,,,,,20-07-2020,,152.0,,,,,,,,,,,,,,,,,,,,,,,,,,,,,,,,,,,,,,,,,,,,,,,,,,,,,,,,,,,,,,,,,,,,,,,,,,,,,,,,,,,,,,,,,,,,,,,,,,,,,,,2309.0,1004.0,1.0,2.0,219.0,,Cowsheds,BILASPUR ,SADAR
2944.0,40.0,15.0,Active,,,,,,,27-07-2020,,152.0,,,,,,,,,,,,,,,,,,,,,,,,,,,,,,,,,,,,,,,,,,,,,,,,,,,,,,,,,,,,,,,,,,,,,,,,,,,,,,,,,,,,,,,,,,,,,,,,,,,,,,,2310.0,1004.0,1.0,2.0,220.0,,Cowsheds,BILASPUR ,SADAR
2946.0,40.0,15.0,Active,,,,,,,29-07-2020,,152.0,,,,,,,,,,,,,,,,,,,,,,,,,,,,,,,,,,,,,,,,,,,,,,,,,,,,,,,,,,,,,,,,,,,,,,,,,,,,,,,,,,,,,,,,,,,,,,,,,,,,,,,2314.0,1004.0,1.0,1.0,222.0,,Cowsheds,BILASPUR ,SADAR
2947.0,40.0,15.0,Active,,,,,,,30-07-2020,,155.0,,,,,,,,,,,,,,,,,,,,,,,,,,,,,,,,,,,,,,,,,,,,,,,,,,,,,,,,,,,,,,,,,,,,,,,,,,,,,,,,,,,,,,,,,,,,,,,,,,,,,,,2315.0,2.0,1.0,2.0,223.0,,Kachha House,BILASPUR ,SWARGHAT
2979.0,40.0,25.0,Active,,,,,,,29-07-2020,,161.0,,,,,,,,,,,,,,,,,,,,,,,,,,,,,,,,,,,,,,,,,,,,,,,,,,,,,,,,,,,,,,,,,,,,,,,,,,,,,,,,,,,,,,,,,,,,,,,,,,,,,,,2322.0,1004.0,3.0,1.0,228.0,,Cowsheds,SOLAN ,SOLAN
3056.0,40.0,23.0,Active,,,,,,,27-07-2020,,179.0,,,,,,,,,,,,,,,,,,,,,,,,,,,,,,,,,,,,,,,,,,,,,,,,,,,,,,,,,,,,,,,,,,,,,,,,,,,,,,,,,,,,,,,,,,,,,,,,,,,,,,,2347.0,2.0,1.0,1.0,241.0,,Kachha House,SHIMLA ,RAMPUR 
3057.0,40.0,23.0,Active,,,,,,,30-07-2020,,179.0,,,,,,,,,,,,,,,,,,,,,,,,,,,,,,,,,,,,,,,,,,,,,,,,,,,,,,,,,,,,,,,,,,,,,,,,,,,,,,,,,,,,,,,,,,,,,,,,,,,,,,,2348.0,1004.0,2.0,1.0,242.0,,Cowsheds,SHIMLA ,RAMPUR 
3058.0,40.0,23.0,Active,,,,,,,31-07-2020,,179.0,,,,,,,,,,,,,,,,,,,,,,,,,,,,,,,,,,,,,,,,,,,,,,,,,,,,,,,,,,,,,,,,,,,,,,,,,,,,,,,,,,,,,,,,,,,,,,,,,,,,,,,2349.0,2.0,1.0,2.0,243.0,,Kachha House,SHIMLA ,RAMPUR 
3056.0,40.0,23.0,Active,,,,,,,27-07-2020,,179.0,,,,,,,,,,,,,,,,,,,,,,,,,,,,,,,,,,,,,,,,,,,,,,,,,,,,,,,,,,,,,,,,,,,,,,,,,,,,,,,,,,,,,,,,,,,,,,,,,,,,,,,2346.0,1004.0,2.0,1.0,241.0,,Cowsheds,SHIMLA ,RAMPUR 
3136.0,40.0,19.0,Active,,,,,,,05-08-2020,,195.0,,,,,,,,,,,,,,,,,,,,,,,,,,,,,,,,,,,,,,,,,,,,,,,,,,,,,,,,,,,,,,,,,,,,,,,,,,,,,,,,,,,,,,,,,,,,,,,,,,,,,,,3402.0,2.0,1.0,2.0,287.0,,Kachha House,KINNAUR ,NICHAR
4138.0,40.0,15.0,Active,,,,,,,05-08-2020,,152.0,,,,,,,,,,,,,,,,,,,,,,,,,,,,,,,,,,,,,,,,,,,,,,,,,,,,,,,,,,,,,,,,,,,,,,,,,,,,,,,,,,,,,,,,,,,,,,,,,,,,,,,3415.0,2.0,1.0,1.0,297.0,,Kachha House,BILASPUR ,SADAR
490.0,43.0,25.0,Active,,,,,,,15-03-2020,,158.0,,,,,,,,,,,,,,,,,,,,,,,,,,,,,,,,,,,,,,,,,,,,,,,,,,,,,,,,,,,,,,,,,,,,,,,,,,,,,,,,,,,,,,,,,,,,,,,,,,,,,,,135.0,1004.0,1.0,1.0,92.0,,Cowsheds,SOLAN ,ARKI 
4138.0,40.0,15.0,Active,,,,,,,05-08-2020,,152.0,,,,,,,,,,,,,,,,,,,,,,,,,,,,,,,,,,,,,,,,,,,,,,,,,,,,,,,,,,,,,,,,,,,,,,,,,,,,,,,,,,,,,,,,,,,,,,,,,,,,,,,3399.0,1004.0,1.0,1.0,286.0,,Cowsheds,BILASPUR ,SADAR
4341.0,40.0,15.0,Active,,,,,,,12-08-2020,,153.0,,,,,,,,,,,,,,,,,,,,,,,,,,,,,,,,,,,,,,,,,,,,,,,,,,,,,,,,,,,,,,,,,,,,,,,,,,,,,,,,,,,,,,,,,,,,,,,,,,,,,,,3467.0,2.0,1.0,2.0,333.0,,Kachha House,BILASPUR ,GHUMARWIN
3136.0,40.0,19.0,Active,,,,,,,05-08-2020,,195.0,,,,,,,,,,,,,,,,,,,,,,,,,,,,,,,,,,,,,,,,,,,,,,,,,,,,,,,,,,,,,,,,,,,,,,,,,,,,,,,,,,,,,,,,,,,,,,,,,,,,,,,3401.0,2.0,1.0,2.0,287.0,,Kachha House,KINNAUR ,NICHAR
4342.0,40.0,15.0,Active,,,,,,,13-08-2020,,154.0,,,,,,,,,,,,,,,,,,,,,,,,,,,,,,,,,,,,,,,,,,,,,,,,,,,,,,,,,,,,,,,,,,,,,,,,,,,,,,,,,,,,,,,,,,,,,,,,,,,,,,,3468.0,2.0,1.0,2.0,334.0,,Kachha House,BILASPUR ,JHANDUTTA
4342.0,40.0,15.0,Active,,,,,,,13-08-2020,,154.0,,,,,,,,,,,,,,,,,,,,,,,,,,,,,,,,,,,,,,,,,,,,,,,,,,,,,,,,,,,,,,,,,,,,,,,,,,,,,,,,,,,,,,,,,,,,,,,,,,,,,,,3471.0,-1.0,0.0,-1.0,334.0,,,BILASPUR ,JHANDUTTA
4341.0,40.0,15.0,Active,,,,,,,12-08-2020,,153.0,,,,,,,,,,,,,,,,,,,,,,,,,,,,,,,,,,,,,,,,,,,,,,,,,,,,,,,,,,,,,,,,,,,,,,,,,,,,,,,,,,,,,,,,,,,,,,,,,,,,,,,3497.0,1.0,1.0,1.0,344.0,,Pacca House,BILASPUR ,GHUMARWIN
4341.0,40.0,15.0,Active,,,,,,,12-08-2020,,153.0,,,,,,,,,,,,,,,,,,,,,,,,,,,,,,,,,,,,,,,,,,,,,,,,,,,,,,,,,,,,,,,,,,,,,,,,,,,,,,,,,,,,,,,,,,,,,,,,,,,,,,,3498.0,1004.0,1.0,1.0,344.0,,Cowsheds,BILASPUR ,GHUMARWIN
4341.0,40.0,15.0,Active,,,,,,,12-08-2020,,153.0,,,,,,,,,,,,,,,,,,,,,,,,,,,,,,,,,,,,,,,,,,,,,,,,,,,,,,,,,,,,,,,,,,,,,,,,,,,,,,,,,,,,,,,,,,,,,,,,,,,,,,,3501.0,-1.0,0.0,-1.0,344.0,,,BILASPUR ,GHUMARWIN
4341.0,40.0,15.0,Active,,,,,,,12-08-2020,,153.0,,,,,,,,,,,,,,,,,,,,,,,,,,,,,,,,,,,,,,,,,,,,,,,,,,,,,,,,,,,,,,,,,,,,,,,,,,,,,,,,,,,,,,,,,,,,,,,,,,,,,,,3502.0,-1.0,0.0,-1.0,344.0,,,BILASPUR ,GHUMARWIN
4342.0,40.0,15.0,Active,,,,,,,13-08-2020,,152.0,,,,,,,,,,,,,,,,,,,,,,,,,,,,,,,,,,,,,,,,,,,,,,,,,,,,,,,,,,,,,,,,,,,,,,,,,,,,,,,,,,,,,,,,,,,,,,,,,,,,,,,3504.0,1004.0,1.0,1.0,345.0,,Cowsheds,BILASPUR ,SADAR
4342.0,40.0,15.0,Active,,,,,,,13-08-2020,,152.0,,,,,,,,,,,,,,,,,,,,,,,,,,,,,,,,,,,,,,,,,,,,,,,,,,,,,,,,,,,,,,,,,,,,,,,,,,,,,,,,,,,,,,,,,,,,,,,,,,,,,,,3505.0,1004.0,1.0,1.0,345.0,,Cowsheds,BILASPUR ,SADAR
2946.0,40.0,15.0,Active,,,,,,,29-07-2020,,152.0,,,,,,,,,,,,,,,,,,,,,,,,,,,,,,,,,,,,,,,,,,,,,,,,,,,,,,,,,,,,,,,,,,,,,,,,,,,,,,,,,,,,,,,,,,,,,,,,,,,,,,,2313.0,2.0,3.0,1.0,222.0,,Kachha House,BILASPUR ,SADAR
4138.0,40.0,15.0,Active,,,,,,,05-08-2020,,152.0,,,,,,,,,,,,,,,,,,,,,,,,,,,,,,,,,,,,,,,,,,,,,,,,,,,,,,,,,,,,,,,,,,,,,,,,,,,,,,,,,,,,,,,,,,,,,,,,,,,,,,,3400.0,1004.0,1.0,1.0,286.0,,Cowsheds,BILASPUR ,SADAR
4342.0,40.0,15.0,Active,,,,,,,13-08-2020,,154.0,,,,,,,,,,,,,,,,,,,,,,,,,,,,,,,,,,,,,,,,,,,,,,,,,,,,,,,,,,,,,,,,,,,,,,,,,,,,,,,,,,,,,,,,,,,,,,,,,,,,,,,3470.0,1004.0,1.0,1.0,334.0,,Cowsheds,BILASPUR ,JHANDUTTA
4564.0,40.0,15.0,Active,,,,,,,18-08-2020,,152.0,,,,,,,,,,,,,,,,,,,,,,,,,,,,,,,,,,,,,,,,,,,,,,,,,,,,,,,,,,,,,,,,,,,,,,,,,,,,,,,,,,,,,,,,,,,,,,,,,,,,,,,3573.0,1004.0,1.0,1.0,379.0,,Cowsheds,BILASPUR ,SADAR
4564.0,40.0,15.0,Active,,,,,,,18-08-2020,,152.0,,,,,,,,,,,,,,,,,,,,,,,,,,,,,,,,,,,,,,,,,,,,,,,,,,,,,,,,,,,,,,,,,,,,,,,,,,,,,,,,,,,,,,,,,,,,,,,,,,,,,,,3574.0,2.0,1.0,1.0,379.0,,Kachha House,BILASPUR ,SADAR
4564.0,40.0,15.0,Active,,,,,,,18-08-2020,,153.0,,,,,,,,,,,,,,,,,,,,,,,,,,,,,,,,,,,,,,,,,,,,,,,,,,,,,,,,,,,,,,,,,,,,,,,,,,,,,,,,,,,,,,,,,,,,,,,,,,,,,,,3588.0,1004.0,1.0,1.0,389.0,,Cowsheds,BILASPUR ,GHUMARWIN
4605.0,40.0,15.0,Active,,,,,,,19-08-2020,,152.0,,,,,,,,,,,,,,,,,,,,,,,,,,,,,,,,,,,,,,,,,,,,,,,,,,,,,,,,,,,,,,,,,,,,,,,,,,,,,,,,,,,,,,,,,,,,,,,,,,,,,,,3590.0,2.0,1.0,1.0,390.0,,Kachha House,BILASPUR ,SADAR
4606.0,40.0,15.0,Active,,,,,,,20-08-2020,,153.0,,,,,,,,,,,,,,,,,,,,,,,,,,,,,,,,,,,,,,,,,,,,,,,,,,,,,,,,,,,,,,,,,,,,,,,,,,,,,,,,,,,,,,,,,,,,,,,,,,,,,,,3591.0,1004.0,1.0,2.0,391.0,,Cowsheds,BILASPUR ,GHUMARWIN
17204.0,40.0,15.0,Active,,,,,,,22-05-2022,,152.0,,,,,,,,,,,,,,,,,,,,,,,,,,,,,,,,,,,,,,,,,,,,,,,,,,,,,,,,,,,,,,,,,,,,,,,,,,,,,,,,,,,,,,,,,,,,,,,,,,,,,,,10762.0,1004.0,1.0,1.0,2502.0,0.0,Cowsheds,BILASPUR ,SADAR
17204.0,40.0,15.0,Active,,,,,,,22-05-2022,,152.0,,,,,,,,,,,,,,,,,,,,,,,,,,,,,,,,,,,,,,,,,,,,,,,,,,,,,,,,,,,,,,,,,,,,,,,,,,,,,,,,,,,,,,,,,,,,,,,,,,,,,,,10763.0,1004.0,1.0,1.0,2503.0,0.0,Cowsheds,BILASPUR ,SADAR
17393.0,40.0,20.0,Active,,,,,,,15-06-2022,,119.0,,,,,,,,,,,,,,,,,,,,,,,,,,,,,,,,,,,,,,,,,,,,,,,,,,,,,,,,,,,,,,,,,,,,,,,,,,,,,,,,,,,,,,,,,,,,,,,,,,,,,,,10838.0,1004.0,1.0,1.0,2566.0,0.0,Cowsheds,KULLU ,KULLU 
20013.0,40.0,23.0,Active,,,,,,,25-08-2022,,183.0,,,,,,,,,,,,,,,,,,,,,,,,,,,,,,,,,,,,,,,,,,,,,,,,,,,,,,,,,,,,,,,,,,,,,,,,,,,,,,,,,,,,,,,,,,,,,,,,,,,,,,,12785.0,2.0,1.0,1.0,3166.0,0.0,Kachha House,SHIMLA ,THEOG
20013.0,40.0,23.0,Active,,,,,,,25-08-2022,,183.0,,,,,,,,,,,,,,,,,,,,,,,,,,,,,,,,,,,,,,,,,,,,,,,,,,,,,,,,,,,,,,,,,,,,,,,,,,,,,,,,,,,,,,,,,,,,,,,,,,,,,,,12786.0,2.0,1.0,1.0,3166.0,0.0,Kachha House,SHIMLA ,THEOG
20035.0,40.0,16.0,Active,,,,,,,23-08-2022,,89.0,,,,,,,,,,,,,,,,,,,,,,,,,,,,,,,,,,,,,,,,,,,,,,,,,,,,,,,,,,,,,,,,,,,,,,,,,,,,,,,,,,,,,,,,,,,,,,,,,,,,,,,12801.0,1004.0,1.0,1.0,3175.0,0.0,Cowsheds,CHAMBA ,SALOONI
20035.0,40.0,16.0,Active,,,,,,,23-08-2022,,89.0,,,,,,,,,,,,,,,,,,,,,,,,,,,,,,,,,,,,,,,,,,,,,,,,,,,,,,,,,,,,,,,,,,,,,,,,,,,,,,,,,,,,,,,,,,,,,,,,,,,,,,,12802.0,1005.0,4.0,2.0,3175.0,0.0,Gharats,CHAMBA ,SALOONI
19650.0,40.0,19.0,Active,,,,,,,19-07-2022,,196.0,,,,,,,,,,,,,,,,,,,,,,,,,,,,,,,,,,,,,,,,,,,,,,,,,,,,,,,,,,,,,,,,,,,,,,,,,,,,,,,,,,,,,,,,,,,,,,,,,,,,,,,12886.0,1004.0,1.0,2.0,3240.0,1.0,Cowsheds,KINNAUR ,POOH
19650.0,40.0,19.0,Active,,,,,,,19-07-2022,,196.0,,,,,,,,,,,,,,,,,,,,,,,,,,,,,,,,,,,,,,,,,,,,,,,,,,,,,,,,,,,,,,,,,,,,,,,,,,,,,,,,,,,,,,,,,,,,,,,,,,,,,,,12889.0,1004.0,1.0,2.0,3243.0,1.0,Cowsheds,KINNAUR ,POOH
19650.0,40.0,19.0,Active,,,,,,,19-07-2022,,196.0,,,,,,,,,,,,,,,,,,,,,,,,,,,,,,,,,,,,,,,,,,,,,,,,,,,,,,,,,,,,,,,,,,,,,,,,,,,,,,,,,,,,,,,,,,,,,,,,,,,,,,,12883.0,1004.0,1.0,2.0,3237.0,0.0,Cowsheds,KINNAUR ,POOH
19650.0,40.0,19.0,Active,,,,,,,19-07-2022,,196.0,,,,,,,,,,,,,,,,,,,,,,,,,,,,,,,,,,,,,,,,,,,,,,,,,,,,,,,,,,,,,,,,,,,,,,,,,,,,,,,,,,,,,,,,,,,,,,,,,,,,,,,12890.0,1004.0,1.0,2.0,3244.0,1.0,Cowsheds,KINNAUR ,POOH
19650.0,40.0,19.0,Active,,,,,,,19-07-2022,,196.0,,,,,,,,,,,,,,,,,,,,,,,,,,,,,,,,,,,,,,,,,,,,,,,,,,,,,,,,,,,,,,,,,,,,,,,,,,,,,,,,,,,,,,,,,,,,,,,,,,,,,,,12891.0,1.0,1.0,2.0,3245.0,0.0,Pacca House,KINNAUR ,POOH
19650.0,40.0,19.0,Active,,,,,,,19-07-2022,,196.0,,,,,,,,,,,,,,,,,,,,,,,,,,,,,,,,,,,,,,,,,,,,,,,,,,,,,,,,,,,,,,,,,,,,,,,,,,,,,,,,,,,,,,,,,,,,,,,,,,,,,,,12892.0,1.0,1.0,2.0,3246.0,15000.0,Pacca House,KINNAUR ,POOH
19650.0,40.0,19.0,Active,,,,,,,19-07-2022,,196.0,,,,,,,,,,,,,,,,,,,,,,,,,,,,,,,,,,,,,,,,,,,,,,,,,,,,,,,,,,,,,,,,,,,,,,,,,,,,,,,,,,,,,,,,,,,,,,,,,,,,,,,12894.0,1.0,1.0,2.0,3248.0,15000.0,Pacca House,KINNAUR ,POOH
19650.0,40.0,19.0,Active,,,,,,,19-07-2022,,196.0,,,,,,,,,,,,,,,,,,,,,,,,,,,,,,,,,,,,,,,,,,,,,,,,,,,,,,,,,,,,,,,,,,,,,,,,,,,,,,,,,,,,,,,,,,,,,,,,,,,,,,,12899.0,1.0,1.0,1.0,3253.0,0.0,Pacca House,KINNAUR ,POOH
19650.0,40.0,19.0,Active,,,,,,,19-07-2022,,196.0,,,,,,,,,,,,,,,,,,,,,,,,,,,,,,,,,,,,,,,,,,,,,,,,,,,,,,,,,,,,,,,,,,,,,,,,,,,,,,,,,,,,,,,,,,,,,,,,,,,,,,,12900.0,1.0,1.0,1.0,3254.0,0.0,Pacca House,KINNAUR ,POOH
19650.0,40.0,19.0,Active,,,,,,,19-07-2022,,196.0,,,,,,,,,,,,,,,,,,,,,,,,,,,,,,,,,,,,,,,,,,,,,,,,,,,,,,,,,,,,,,,,,,,,,,,,,,,,,,,,,,,,,,,,,,,,,,,,,,,,,,,12902.0,1.0,1.0,1.0,3256.0,0.0,Pacca House,KINNAUR ,POOH
19650.0,40.0,19.0,Active,,,,,,,19-07-2022,,196.0,,,,,,,,,,,,,,,,,,,,,,,,,,,,,,,,,,,,,,,,,,,,,,,,,,,,,,,,,,,,,,,,,,,,,,,,,,,,,,,,,,,,,,,,,,,,,,,,,,,,,,,12904.0,1.0,1.0,1.0,3258.0,0.0,Pacca House,KINNAUR ,POOH
19650.0,40.0,19.0,Active,,,,,,,19-07-2022,,196.0,,,,,,,,,,,,,,,,,,,,,,,,,,,,,,,,,,,,,,,,,,,,,,,,,,,,,,,,,,,,,,,,,,,,,,,,,,,,,,,,,,,,,,,,,,,,,,,,,,,,,,,12908.0,1.0,1.0,1.0,3261.0,0.0,Pacca House,KINNAUR ,POOH
19650.0,40.0,19.0,Active,,,,,,,19-07-2022,,196.0,,,,,,,,,,,,,,,,,,,,,,,,,,,,,,,,,,,,,,,,,,,,,,,,,,,,,,,,,,,,,,,,,,,,,,,,,,,,,,,,,,,,,,,,,,,,,,,,,,,,,,,12909.0,1.0,1.0,1.0,3262.0,0.0,Pacca House,KINNAUR ,POOH
19650.0,40.0,19.0,Active,,,,,,,19-07-2022,,196.0,,,,,,,,,,,,,,,,,,,,,,,,,,,,,,,,,,,,,,,,,,,,,,,,,,,,,,,,,,,,,,,,,,,,,,,,,,,,,,,,,,,,,,,,,,,,,,,,,,,,,,,12910.0,1.0,1.0,1.0,3263.0,0.0,Pacca House,KINNAUR ,POOH
19650.0,40.0,19.0,Active,,,,,,,19-07-2022,,196.0,,,,,,,,,,,,,,,,,,,,,,,,,,,,,,,,,,,,,,,,,,,,,,,,,,,,,,,,,,,,,,,,,,,,,,,,,,,,,,,,,,,,,,,,,,,,,,,,,,,,,,,12911.0,1.0,1.0,1.0,3264.0,0.0,Pacca House,KINNAUR ,POOH
19650.0,40.0,19.0,Active,,,,,,,19-07-2022,,196.0,,,,,,,,,,,,,,,,,,,,,,,,,,,,,,,,,,,,,,,,,,,,,,,,,,,,,,,,,,,,,,,,,,,,,,,,,,,,,,,,,,,,,,,,,,,,,,,,,,,,,,,12916.0,1004.0,1.0,1.0,3269.0,0.0,Cowsheds,KINNAUR ,POOH
19650.0,40.0,19.0,Active,,,,,,,19-07-2022,,196.0,,,,,,,,,,,,,,,,,,,,,,,,,,,,,,,,,,,,,,,,,,,,,,,,,,,,,,,,,,,,,,,,,,,,,,,,,,,,,,,,,,,,,,,,,,,,,,,,,,,,,,,12917.0,1004.0,1.0,1.0,3270.0,0.0,Cowsheds,KINNAUR ,POOH
19650.0,40.0,19.0,Active,,,,,,,19-07-2022,,196.0,,,,,,,,,,,,,,,,,,,,,,,,,,,,,,,,,,,,,,,,,,,,,,,,,,,,,,,,,,,,,,,,,,,,,,,,,,,,,,,,,,,,,,,,,,,,,,,,,,,,,,,12919.0,1004.0,1.0,1.0,3272.0,0.0,Cowsheds,KINNAUR ,POOH
19650.0,40.0,19.0,Active,,,,,,,19-07-2022,,196.0,,,,,,,,,,,,,,,,,,,,,,,,,,,,,,,,,,,,,,,,,,,,,,,,,,,,,,,,,,,,,,,,,,,,,,,,,,,,,,,,,,,,,,,,,,,,,,,,,,,,,,,12920.0,1004.0,1.0,1.0,3273.0,0.0,Cowsheds,KINNAUR ,POOH
19650.0,40.0,19.0,Active,,,,,,,19-07-2022,,196.0,,,,,,,,,,,,,,,,,,,,,,,,,,,,,,,,,,,,,,,,,,,,,,,,,,,,,,,,,,,,,,,,,,,,,,,,,,,,,,,,,,,,,,,,,,,,,,,,,,,,,,,12921.0,1004.0,1.0,1.0,3274.0,0.0,Cowsheds,KINNAUR ,POOH
19650.0,40.0,19.0,Active,,,,,,,19-07-2022,,196.0,,,,,,,,,,,,,,,,,,,,,,,,,,,,,,,,,,,,,,,,,,,,,,,,,,,,,,,,,,,,,,,,,,,,,,,,,,,,,,,,,,,,,,,,,,,,,,,,,,,,,,,12923.0,1004.0,1.0,1.0,3276.0,0.0,Cowsheds,KINNAUR ,POOH
19650.0,40.0,19.0,Active,,,,,,,19-07-2022,,196.0,,,,,,,,,,,,,,,,,,,,,,,,,,,,,,,,,,,,,,,,,,,,,,,,,,,,,,,,,,,,,,,,,,,,,,,,,,,,,,,,,,,,,,,,,,,,,,,,,,,,,,,12927.0,1004.0,1.0,1.0,3280.0,0.0,Cowsheds,KINNAUR ,POOH
19650.0,40.0,19.0,Active,,,,,,,19-07-2022,,196.0,,,,,,,,,,,,,,,,,,,,,,,,,,,,,,,,,,,,,,,,,,,,,,,,,,,,,,,,,,,,,,,,,,,,,,,,,,,,,,,,,,,,,,,,,,,,,,,,,,,,,,,12887.0,1004.0,1.0,2.0,3241.0,1.0,Cowsheds,KINNAUR ,POOH
19650.0,40.0,19.0,Active,,,,,,,19-07-2022,,196.0,,,,,,,,,,,,,,,,,,,,,,,,,,,,,,,,,,,,,,,,,,,,,,,,,,,,,,,,,,,,,,,,,,,,,,,,,,,,,,,,,,,,,,,,,,,,,,,,,,,,,,,12914.0,1004.0,1.0,1.0,3267.0,0.0,Cowsheds,KINNAUR ,POOH
19650.0,40.0,19.0,Active,,,,,,,19-07-2022,,196.0,,,,,,,,,,,,,,,,,,,,,,,,,,,,,,,,,,,,,,,,,,,,,,,,,,,,,,,,,,,,,,,,,,,,,,,,,,,,,,,,,,,,,,,,,,,,,,,,,,,,,,,12926.0,1004.0,1.0,1.0,3279.0,0.0,Cowsheds,KINNAUR ,POOH
19650.0,40.0,19.0,Active,,,,,,,19-07-2022,,196.0,,,,,,,,,,,,,,,,,,,,,,,,,,,,,,,,,,,,,,,,,,,,,,,,,,,,,,,,,,,,,,,,,,,,,,,,,,,,,,,,,,,,,,,,,,,,,,,,,,,,,,,12928.0,1004.0,1.0,1.0,3281.0,0.0,Cowsheds,KINNAUR ,POOH
19650.0,40.0,19.0,Active,,,,,,,19-07-2022,,196.0,,,,,,,,,,,,,,,,,,,,,,,,,,,,,,,,,,,,,,,,,,,,,,,,,,,,,,,,,,,,,,,,,,,,,,,,,,,,,,,,,,,,,,,,,,,,,,,,,,,,,,,12930.0,1.0,1.0,2.0,3283.0,0.0,Pacca House,KINNAUR ,POOH
19650.0,40.0,19.0,Active,,,,,,,19-07-2022,,196.0,,,,,,,,,,,,,,,,,,,,,,,,,,,,,,,,,,,,,,,,,,,,,,,,,,,,,,,,,,,,,,,,,,,,,,,,,,,,,,,,,,,,,,,,,,,,,,,,,,,,,,,12933.0,2.0,1.0,1.0,3286.0,0.0,Kachha House,KINNAUR ,POOH
19650.0,40.0,19.0,Active,,,,,,,19-07-2022,,196.0,,,,,,,,,,,,,,,,,,,,,,,,,,,,,,,,,,,,,,,,,,,,,,,,,,,,,,,,,,,,,,,,,,,,,,,,,,,,,,,,,,,,,,,,,,,,,,,,,,,,,,,12934.0,1004.0,1.0,1.0,3287.0,0.0,Cowsheds,KINNAUR ,POOH
19650.0,40.0,19.0,Active,,,,,,,19-07-2022,,196.0,,,,,,,,,,,,,,,,,,,,,,,,,,,,,,,,,,,,,,,,,,,,,,,,,,,,,,,,,,,,,,,,,,,,,,,,,,,,,,,,,,,,,,,,,,,,,,,,,,,,,,,12938.0,1005.0,1.0,2.0,3291.0,0.0,Gharats,KINNAUR ,POOH
19650.0,40.0,19.0,Active,,,,,,,19-07-2022,,196.0,,,,,,,,,,,,,,,,,,,,,,,,,,,,,,,,,,,,,,,,,,,,,,,,,,,,,,,,,,,,,,,,,,,,,,,,,,,,,,,,,,,,,,,,,,,,,,,,,,,,,,,12939.0,1005.0,1.0,2.0,3292.0,0.0,Gharats,KINNAUR ,POOH
19650.0,40.0,19.0,Active,,,,,,,19-07-2022,,196.0,,,,,,,,,,,,,,,,,,,,,,,,,,,,,,,,,,,,,,,,,,,,,,,,,,,,,,,,,,,,,,,,,,,,,,,,,,,,,,,,,,,,,,,,,,,,,,,,,,,,,,,12940.0,1005.0,1.0,2.0,3293.0,0.0,Gharats,KINNAUR ,POOH
19650.0,40.0,19.0,Active,,,,,,,19-07-2022,,196.0,,,,,,,,,,,,,,,,,,,,,,,,,,,,,,,,,,,,,,,,,,,,,,,,,,,,,,,,,,,,,,,,,,,,,,,,,,,,,,,,,,,,,,,,,,,,,,,,,,,,,,,12941.0,1005.0,1.0,2.0,3294.0,0.0,Gharats,KINNAUR ,POOH
20414.0,40.0,18.0,Active,,,,,,,03-09-2022,,95.0,,,,,,,,,,,,,,,,,,,,,,,,,,,,,,,,,,,,,,,,,,,,,,,,,,,,,,,,,,,,,,,,,,,,,,,,,,,,,,,,,,,,,,,,,,,,,,,,,,,,,,,12970.0,1004.0,2.0,2.0,3322.0,0.15,Cowsheds,KANGRA ,DHARAMSHALA 
20414.0,40.0,18.0,Active,,,,,,,03-09-2022,,95.0,,,,,,,,,,,,,,,,,,,,,,,,,,,,,,,,,,,,,,,,,,,,,,,,,,,,,,,,,,,,,,,,,,,,,,,,,,,,,,,,,,,,,,,,,,,,,,,,,,,,,,,12972.0,1002.0,2.0,2.0,3323.0,0.05,Shops,KANGRA ,DHARAMSHALA 
20013.0,40.0,23.0,Active,,,,,,,25-08-2022,,183.0,,,,,,,,,,,,,,,,,,,,,,,,,,,,,,,,,,,,,,,,,,,,,,,,,,,,,,,,,,,,,,,,,,,,,,,,,,,,,,,,,,,,,,,,,,,,,,,,,,,,,,,12787.0,1004.0,1.0,1.0,3166.0,0.0,Cowsheds,SHIMLA ,THEOG
20035.0,40.0,16.0,Active,,,,,,,23-08-2022,,89.0,,,,,,,,,,,,,,,,,,,,,,,,,,,,,,,,,,,,,,,,,,,,,,,,,,,,,,,,,,,,,,,,,,,,,,,,,,,,,,,,,,,,,,,,,,,,,,,,,,,,,,,12800.0,2.0,1.0,1.0,3175.0,0.0,Kachha House,CHAMBA ,SALOONI
19650.0,40.0,19.0,Active,,,,,,,19-07-2022,,196.0,,,,,,,,,,,,,,,,,,,,,,,,,,,,,,,,,,,,,,,,,,,,,,,,,,,,,,,,,,,,,,,,,,,,,,,,,,,,,,,,,,,,,,,,,,,,,,,,,,,,,,,12895.0,1.0,1.0,2.0,3249.0,15000.0,Pacca House,KINNAUR ,POOH
19650.0,40.0,19.0,Active,,,,,,,19-07-2022,,196.0,,,,,,,,,,,,,,,,,,,,,,,,,,,,,,,,,,,,,,,,,,,,,,,,,,,,,,,,,,,,,,,,,,,,,,,,,,,,,,,,,,,,,,,,,,,,,,,,,,,,,,,12913.0,1004.0,1.0,1.0,3266.0,0.0,Cowsheds,KINNAUR ,POOH
19650.0,40.0,19.0,Active,,,,,,,19-07-2022,,196.0,,,,,,,,,,,,,,,,,,,,,,,,,,,,,,,,,,,,,,,,,,,,,,,,,,,,,,,,,,,,,,,,,,,,,,,,,,,,,,,,,,,,,,,,,,,,,,,,,,,,,,,12922.0,1004.0,1.0,1.0,3275.0,0.0,Cowsheds,KINNAUR ,POOH
19650.0,40.0,19.0,Active,,,,,,,19-07-2022,,196.0,,,,,,,,,,,,,,,,,,,,,,,,,,,,,,,,,,,,,,,,,,,,,,,,,,,,,,,,,,,,,,,,,,,,,,,,,,,,,,,,,,,,,,,,,,,,,,,,,,,,,,,12937.0,1005.0,1.0,2.0,3290.0,0.0,Gharats,KINNAUR ,POOH
19650.0,40.0,19.0,Active,,,,,,,19-07-2022,,196.0,,,,,,,,,,,,,,,,,,,,,,,,,,,,,,,,,,,,,,,,,,,,,,,,,,,,,,,,,,,,,,,,,,,,,,,,,,,,,,,,,,,,,,,,,,,,,,,,,,,,,,,12929.0,1004.0,1.0,1.0,3282.0,0.0,Cowsheds,KINNAUR ,POOH
20731.0,40.0,23.0,Active,,,,,,,25-09-2022,,180.0,,,,,,,,,,,,,,,,,,,,,,,,,,,,,,,,,,,,,,,,,,,,,,,,,,,,,,,,,,,,,,,,,,,,,,,,,,,,,,,,,,,,,,,,,,,,,,,,,,,,,,,13064.0,2.0,1.0,1.0,3398.0,0.0,Kachha House,SHIMLA ,ROHRU 
20848.0,40.0,16.0,Active,,,,,,,25-09-2022,,84.0,,,,,,,,,,,,,,,,,,,,,,,,,,,,,,,,,,,,,,,,,,,,,,,,,,,,,,,,,,,,,,,,,,,,,,,,,,,,,,,,,,,,,,,,,,,,,,,,,,,,,,,13091.0,1.0,1.0,1.0,3418.0,0.0,Pacca House,CHAMBA ,CHAMBA
20848.0,40.0,16.0,Active,,,,,,,25-09-2022,,84.0,,,,,,,,,,,,,,,,,,,,,,,,,,,,,,,,,,,,,,,,,,,,,,,,,,,,,,,,,,,,,,,,,,,,,,,,,,,,,,,,,,,,,,,,,,,,,,,,,,,,,,,13092.0,2.0,2.0,1.0,3418.0,0.0,Kachha House,CHAMBA ,CHAMBA
17611.0,40.0,15.0,Active,,,,,,,05-07-2022,,152.0,,,,,,,,,,,,,,,,,,,,,,,,,,,,,,,,,,,,,,,,,,,,,,,,,,,,,,,,,,,,,,,,,,,,,,,,,,,,,,,,,,,,,,,,,,,,,,,,,,,,,,,10913.0,2.0,1.0,1.0,2617.0,0.0,Kachha House,BILASPUR ,SADAR
17611.0,40.0,15.0,Active,,,,,,,05-07-2022,,152.0,,,,,,,,,,,,,,,,,,,,,,,,,,,,,,,,,,,,,,,,,,,,,,,,,,,,,,,,,,,,,,,,,,,,,,,,,,,,,,,,,,,,,,,,,,,,,,,,,,,,,,,10914.0,1004.0,1.0,1.0,2618.0,0.0,Cowsheds,BILASPUR ,SADAR
17659.0,40.0,15.0,Active,,,,,,,08-07-2022,,153.0,,,,,,,,,,,,,,,,,,,,,,,,,,,,,,,,,,,,,,,,,,,,,,,,,,,,,,,,,,,,,,,,,,,,,,,,,,,,,,,,,,,,,,,,,,,,,,,,,,,,,,,10941.0,1.0,2.0,1.0,2634.0,0.0,Pacca House,BILASPUR ,GHUMARWIN
17659.0,40.0,15.0,Active,,,,,,,08-07-2022,,153.0,,,,,,,,,,,,,,,,,,,,,,,,,,,,,,,,,,,,,,,,,,,,,,,,,,,,,,,,,,,,,,,,,,,,,,,,,,,,,,,,,,,,,,,,,,,,,,,,,,,,,,,10940.0,0.0,0.0,0.0,2634.0,0.0,,BILASPUR ,GHUMARWIN
17862.0,40.0,20.0,Active,,,,,,,06-07-2022,,119.0,,,,,,,,,,,,,,,,,,,,,,,,,,,,,,,,,,,,,,,,,,,,,,,,,,,,,,,,,,,,,,,,,,,,,,,,,,,,,,,,,,,,,,,,,,,,,,,,,,,,,,,11024.0,2.0,6.0,2.0,2698.0,0.0,Kachha House,KULLU ,KULLU 
17862.0,40.0,20.0,Active,,,,,,,06-07-2022,,119.0,,,,,,,,,,,,,,,,,,,,,,,,,,,,,,,,,,,,,,,,,,,,,,,,,,,,,,,,,,,,,,,,,,,,,,,,,,,,,,,,,,,,,,,,,,,,,,,,,,,,,,,11025.0,1007.0,4.0,2.0,2699.0,0.0,Huts,KULLU ,KULLU 
19650.0,40.0,19.0,Active,,,,,,,19-07-2022,,196.0,,,,,,,,,,,,,,,,,,,,,,,,,,,,,,,,,,,,,,,,,,,,,,,,,,,,,,,,,,,,,,,,,,,,,,,,,,,,,,,,,,,,,,,,,,,,,,,,,,,,,,,12893.0,1.0,1.0,2.0,3247.0,15000.0,Pacca House,KINNAUR ,POOH
19650.0,40.0,19.0,Active,,,,,,,19-07-2022,,196.0,,,,,,,,,,,,,,,,,,,,,,,,,,,,,,,,,,,,,,,,,,,,,,,,,,,,,,,,,,,,,,,,,,,,,,,,,,,,,,,,,,,,,,,,,,,,,,,,,,,,,,,12896.0,1.0,1.0,2.0,3250.0,15000.0,Pacca House,KINNAUR ,POOH
19650.0,40.0,19.0,Active,,,,,,,19-07-2022,,196.0,,,,,,,,,,,,,,,,,,,,,,,,,,,,,,,,,,,,,,,,,,,,,,,,,,,,,,,,,,,,,,,,,,,,,,,,,,,,,,,,,,,,,,,,,,,,,,,,,,,,,,,12931.0,1.0,1.0,2.0,3284.0,0.0,Pacca House,KINNAUR ,POOH
4606.0,40.0,15.0,Active,,,,,,,20-08-2020,,152.0,,,,,,,,,,,,,,,,,,,,,,,,,,,,,,,,,,,,,,,,,,,,,,,,,,,,,,,,,,,,,,,,,,,,,,,,,,,,,,,,,,,,,,,,,,,,,,,,,,,,,,,3620.0,1004.0,1.0,1.0,406.0,,Cowsheds,BILASPUR ,SADAR
4606.0,40.0,15.0,Active,,,,,,,20-08-2020,,153.0,,,,,,,,,,,,,,,,,,,,,,,,,,,,,,,,,,,,,,,,,,,,,,,,,,,,,,,,,,,,,,,,,,,,,,,,,,,,,,,,,,,,,,,,,,,,,,,,,,,,,,,3621.0,1004.0,1.0,1.0,407.0,,Cowsheds,BILASPUR ,GHUMARWIN
4606.0,40.0,15.0,Active,,,,,,,20-08-2020,,153.0,,,,,,,,,,,,,,,,,,,,,,,,,,,,,,,,,,,,,,,,,,,,,,,,,,,,,,,,,,,,,,,,,,,,,,,,,,,,,,,,,,,,,,,,,,,,,,,,,,,,,,,3622.0,1004.0,1.0,1.0,407.0,,Cowsheds,BILASPUR ,GHUMARWIN
4655.0,40.0,15.0,Active,,,,,,,21-08-2020,,155.0,,,,,,,,,,,,,,,,,,,,,,,,,,,,,,,,,,,,,,,,,,,,,,,,,,,,,,,,,,,,,,,,,,,,,,,,,,,,,,,,,,,,,,,,,,,,,,,,,,,,,,,3623.0,2.0,1.0,1.0,408.0,,Kachha House,BILASPUR ,SWARGHAT
2809.0,40.0,25.0,Active,,,,,,,20-07-2020,,161.0,,,,,,,,,,,,,,,,,,,,,,,,,,,,,,,,,,,,,,,,,,,,,,,,,,,,,,,,,,,,,,,,,,,,,,,,,,,,,,,,,,,,,,,,,,,,,,,,,,,,,,,2251.0,1004.0,1.0,1.0,181.0,,Cowsheds,SOLAN ,SOLAN
2979.0,40.0,25.0,Active,,,,,,,29-07-2020,,161.0,,,,,,,,,,,,,,,,,,,,,,,,,,,,,,,,,,,,,,,,,,,,,,,,,,,,,,,,,,,,,,,,,,,,,,,,,,,,,,,,,,,,,,,,,,,,,,,,,,,,,,,2323.0,1.0,1.0,1.0,228.0,,Pacca House,SOLAN ,SOLAN
4458.0,40.0,15.0,Active,,,,,,,15-08-2020,,153.0,,,,,,,,,,,,,,,,,,,,,,,,,,,,,,,,,,,,,,,,,,,,,,,,,,,,,,,,,,,,,,,,,,,,,,,,,,,,,,,,,,,,,,,,,,,,,,,,,,,,,,,3536.0,1004.0,1.0,1.0,359.0,,Cowsheds,BILASPUR ,GHUMARWIN
4682.0,40.0,23.0,Active,,,,,,,22-08-2020,,181.0,,,,,,,,,,,,,,,,,,,,,,,,,,,,,,,,,,,,,,,,,,,,,,,,,,,,,,,,,,,,,,,,,,,,,,,,,,,,,,,,,,,,,,,,,,,,,,,,,,,,,,,3652.0,1004.0,1.0,1.0,421.0,,Cowsheds,SHIMLA ,SHIMLA RURAL 
4655.0,40.0,15.0,Active,,,,,,,21-08-2020,,155.0,,,,,,,,,,,,,,,,,,,,,,,,,,,,,,,,,,,,,,,,,,,,,,,,,,,,,,,,,,,,,,,,,,,,,,,,,,,,,,,,,,,,,,,,,,,,,,,,,,,,,,,3682.0,2.0,1.0,1.0,435.0,,Kachha House,BILASPUR ,SWARGHAT
4655.0,40.0,15.0,Active,,,,,,,21-08-2020,,155.0,,,,,,,,,,,,,,,,,,,,,,,,,,,,,,,,,,,,,,,,,,,,,,,,,,,,,,,,,,,,,,,,,,,,,,,,,,,,,,,,,,,,,,,,,,,,,,,,,,,,,,,3685.0,1004.0,1.0,2.0,435.0,,Cowsheds,BILASPUR ,SWARGHAT
4655.0,40.0,15.0,Active,,,,,,,21-08-2020,,155.0,,,,,,,,,,,,,,,,,,,,,,,,,,,,,,,,,,,,,,,,,,,,,,,,,,,,,,,,,,,,,,,,,,,,,,,,,,,,,,,,,,,,,,,,,,,,,,,,,,,,,,,3686.0,1004.0,1.0,1.0,435.0,,Cowsheds,BILASPUR ,SWARGHAT
4655.0,40.0,15.0,Active,,,,,,,21-08-2020,,155.0,,,,,,,,,,,,,,,,,,,,,,,,,,,,,,,,,,,,,,,,,,,,,,,,,,,,,,,,,,,,,,,,,,,,,,,,,,,,,,,,,,,,,,,,,,,,,,,,,,,,,,,3688.0,1004.0,1.0,1.0,435.0,,Cowsheds,BILASPUR ,SWARGHAT
2841.0,40.0,25.0,Active,,,,,,,21-07-2020,,161.0,,,,,,,,,,,,,,,,,,,,,,,,,,,,,,,,,,,,,,,,,,,,,,,,,,,,,,,,,,,,,,,,,,,,,,,,,,,,,,,,,,,,,,,,,,,,,,,,,,,,,,,2256.0,1004.0,1.0,1.0,185.0,,Cowsheds,SOLAN ,SOLAN
2945.0,40.0,15.0,Active,,,,,,,28-07-2020,,152.0,,,,,,,,,,,,,,,,,,,,,,,,,,,,,,,,,,,,,,,,,,,,,,,,,,,,,,,,,,,,,,,,,,,,,,,,,,,,,,,,,,,,,,,,,,,,,,,,,,,,,,,2312.0,1004.0,1.0,2.0,221.0,,Cowsheds,BILASPUR ,SADAR
4342.0,40.0,15.0,Active,,,,,,,13-08-2020,,152.0,,,,,,,,,,,,,,,,,,,,,,,,,,,,,,,,,,,,,,,,,,,,,,,,,,,,,,,,,,,,,,,,,,,,,,,,,,,,,,,,,,,,,,,,,,,,,,,,,,,,,,,3503.0,2.0,1.0,1.0,345.0,,Kachha House,BILASPUR ,SADAR
4342.0,40.0,15.0,Active,,,,,,,13-08-2020,,153.0,,,,,,,,,,,,,,,,,,,,,,,,,,,,,,,,,,,,,,,,,,,,,,,,,,,,,,,,,,,,,,,,,,,,,,,,,,,,,,,,,,,,,,,,,,,,,,,,,,,,,,,3506.0,2.0,1.0,1.0,346.0,,Kachha House,BILASPUR ,GHUMARWIN
4605.0,40.0,15.0,Active,,,,,,,19-08-2020,,153.0,,,,,,,,,,,,,,,,,,,,,,,,,,,,,,,,,,,,,,,,,,,,,,,,,,,,,,,,,,,,,,,,,,,,,,,,,,,,,,,,,,,,,,,,,,,,,,,,,,,,,,,3617.0,1002.0,1.0,1.0,405.0,,Shops,BILASPUR ,GHUMARWIN
4606.0,40.0,15.0,Active,,,,,,,20-08-2020,,152.0,,,,,,,,,,,,,,,,,,,,,,,,,,,,,,,,,,,,,,,,,,,,,,,,,,,,,,,,,,,,,,,,,,,,,,,,,,,,,,,,,,,,,,,,,,,,,,,,,,,,,,,3618.0,1004.0,1.0,1.0,406.0,,Cowsheds,BILASPUR ,SADAR
2944.0,40.0,15.0,Active,,,,,,,27-07-2020,,152.0,,,,,,,,,,,,,,,,,,,,,,,,,,,,,,,,,,,,,,,,,,,,,,,,,,,,,,,,,,,,,,,,,,,,,,,,,,,,,,,,,,,,,,,,,,,,,,,,,,,,,,,2311.0,2.0,1.0,1.0,220.0,,Kachha House,BILASPUR ,SADAR
2990.0,40.0,15.0,Active,,,,,,,30-07-2020,,153.0,,,,,,,,,,,,,,,,,,,,,,,,,,,,,,,,,,,,,,,,,,,,,,,,,,,,,,,,,,,,,,,,,,,,,,,,,,,,,,,,,,,,,,,,,,,,,,,,,,,,,,,2337.0,1004.0,1.0,1.0,234.0,,Cowsheds,BILASPUR ,GHUMARWIN
4138.0,40.0,15.0,Active,,,,,,,05-08-2020,,152.0,,,,,,,,,,,,,,,,,,,,,,,,,,,,,,,,,,,,,,,,,,,,,,,,,,,,,,,,,,,,,,,,,,,,,,,,,,,,,,,,,,,,,,,,,,,,,,,,,,,,,,,3418.0,2.0,1.0,1.0,300.0,,Kachha House,BILASPUR ,SADAR
4341.0,40.0,15.0,Active,,,,,,,12-08-2020,,153.0,,,,,,,,,,,,,,,,,,,,,,,,,,,,,,,,,,,,,,,,,,,,,,,,,,,,,,,,,,,,,,,,,,,,,,,,,,,,,,,,,,,,,,,,,,,,,,,,,,,,,,,3500.0,-1.0,0.0,-1.0,344.0,,,BILASPUR ,GHUMARWIN
4655.0,40.0,15.0,Active,,,,,,,21-08-2020,,155.0,,,,,,,,,,,,,,,,,,,,,,,,,,,,,,,,,,,,,,,,,,,,,,,,,,,,,,,,,,,,,,,,,,,,,,,,,,,,,,,,,,,,,,,,,,,,,,,,,,,,,,,3684.0,1004.0,1.0,1.0,435.0,,Cowsheds,BILASPUR ,SWARGHAT
4758.0,40.0,15.0,Active,,,,,,,23-08-2020,,153.0,,,,,,,,,,,,,,,,,,,,,,,,,,,,,,,,,,,,,,,,,,,,,,,,,,,,,,,,,,,,,,,,,,,,,,,,,,,,,,,,,,,,,,,,,,,,,,,,,,,,,,,3728.0,2.0,1.0,1.0,464.0,,Kachha House,BILASPUR ,GHUMARWIN
4758.0,40.0,15.0,Active,,,,,,,23-08-2020,,153.0,,,,,,,,,,,,,,,,,,,,,,,,,,,,,,,,,,,,,,,,,,,,,,,,,,,,,,,,,,,,,,,,,,,,,,,,,,,,,,,,,,,,,,,,,,,,,,,,,,,,,,,3729.0,2.0,1.0,1.0,464.0,,Kachha House,BILASPUR ,GHUMARWIN
4758.0,40.0,15.0,Active,,,,,,,23-08-2020,,153.0,,,,,,,,,,,,,,,,,,,,,,,,,,,,,,,,,,,,,,,,,,,,,,,,,,,,,,,,,,,,,,,,,,,,,,,,,,,,,,,,,,,,,,,,,,,,,,,,,,,,,,,3730.0,2.0,1.0,1.0,464.0,,Kachha House,BILASPUR ,GHUMARWIN
4759.0,40.0,15.0,Active,,,,,,,22-08-2020,,153.0,,,,,,,,,,,,,,,,,,,,,,,,,,,,,,,,,,,,,,,,,,,,,,,,,,,,,,,,,,,,,,,,,,,,,,,,,,,,,,,,,,,,,,,,,,,,,,,,,,,,,,,3737.0,1004.0,1.0,1.0,467.0,,Cowsheds,BILASPUR ,GHUMARWIN
4759.0,40.0,15.0,Active,,,,,,,22-08-2020,,153.0,,,,,,,,,,,,,,,,,,,,,,,,,,,,,,,,,,,,,,,,,,,,,,,,,,,,,,,,,,,,,,,,,,,,,,,,,,,,,,,,,,,,,,,,,,,,,,,,,,,,,,,3738.0,1004.0,1.0,2.0,467.0,,Cowsheds,BILASPUR ,GHUMARWIN
4805.0,40.0,23.0,Active,,,,,,,26-08-2020,,181.0,,,,,,,,,,,,,,,,,,,,,,,,,,,,,,,,,,,,,,,,,,,,,,,,,,,,,,,,,,,,,,,,,,,,,,,,,,,,,,,,,,,,,,,,,,,,,,,,,,,,,,,3769.0,1.0,1.0,1.0,486.0,,Pacca House,SHIMLA ,SHIMLA RURAL 
4809.0,40.0,15.0,Active,,,,,,,25-08-2020,,153.0,,,,,,,,,,,,,,,,,,,,,,,,,,,,,,,,,,,,,,,,,,,,,,,,,,,,,,,,,,,,,,,,,,,,,,,,,,,,,,,,,,,,,,,,,,,,,,,,,,,,,,,3771.0,1004.0,1.0,1.0,487.0,,Cowsheds,BILASPUR ,GHUMARWIN
4342.0,40.0,15.0,Active,,,,,,,13-08-2020,,154.0,,,,,,,,,,,,,,,,,,,,,,,,,,,,,,,,,,,,,,,,,,,,,,,,,,,,,,,,,,,,,,,,,,,,,,,,,,,,,,,,,,,,,,,,,,,,,,,,,,,,,,,3469.0,1.0,1.0,1.0,334.0,,Pacca House,BILASPUR ,JHANDUTTA
4605.0,40.0,15.0,Active,,,,,,,19-08-2020,,152.0,,,,,,,,,,,,,,,,,,,,,,,,,,,,,,,,,,,,,,,,,,,,,,,,,,,,,,,,,,,,,,,,,,,,,,,,,,,,,,,,,,,,,,,,,,,,,,,,,,,,,,,3589.0,1004.0,1.0,1.0,390.0,,Cowsheds,BILASPUR ,SADAR
4857.0,40.0,23.0,Active,,,,,,,27-08-2020,,179.0,,,,,,,,,,,,,,,,,,,,,,,,,,,,,,,,,,,,,,,,,,,,,,,,,,,,,,,,,,,,,,,,,,,,,,,,,,,,,,,,,,,,,,,,,,,,,,,,,,,,,,,3795.0,1004.0,1.0,2.0,504.0,,Cowsheds,SHIMLA ,RAMPUR 
4809.0,40.0,15.0,Active,,,,,,,25-08-2020,,153.0,,,,,,,,,,,,,,,,,,,,,,,,,,,,,,,,,,,,,,,,,,,,,,,,,,,,,,,,,,,,,,,,,,,,,,,,,,,,,,,,,,,,,,,,,,,,,,,,,,,,,,,3806.0,1004.0,1.0,1.0,511.0,,Cowsheds,BILASPUR ,GHUMARWIN
4809.0,40.0,15.0,Active,,,,,,,25-08-2020,,155.0,,,,,,,,,,,,,,,,,,,,,,,,,,,,,,,,,,,,,,,,,,,,,,,,,,,,,,,,,,,,,,,,,,,,,,,,,,,,,,,,,,,,,,,,,,,,,,,,,,,,,,,3808.0,1005.0,1.0,1.0,512.0,,Gharats,BILASPUR ,SWARGHAT
4743.0,40.0,23.0,Active,,,,,,,24-08-2020,,181.0,,,,,,,,,,,,,,,,,,,,,,,,,,,,,,,,,,,,,,,,,,,,,,,,,,,,,,,,,,,,,,,,,,,,,,,,,,,,,,,,,,,,,,,,,,,,,,,,,,,,,,,3722.0,2.0,1.0,1.0,460.0,,Kachha House,SHIMLA ,SHIMLA RURAL 
4760.0,40.0,15.0,Active,,,,,,,24-08-2020,,152.0,,,,,,,,,,,,,,,,,,,,,,,,,,,,,,,,,,,,,,,,,,,,,,,,,,,,,,,,,,,,,,,,,,,,,,,,,,,,,,,,,,,,,,,,,,,,,,,,,,,,,,,3727.0,2.0,1.0,1.0,463.0,,Kachha House,BILASPUR ,SADAR
4759.0,40.0,15.0,Active,,,,,,,22-08-2020,,153.0,,,,,,,,,,,,,,,,,,,,,,,,,,,,,,,,,,,,,,,,,,,,,,,,,,,,,,,,,,,,,,,,,,,,,,,,,,,,,,,,,,,,,,,,,,,,,,,,,,,,,,,3736.0,1004.0,1.0,2.0,467.0,,Cowsheds,BILASPUR ,GHUMARWIN
4760.0,40.0,15.0,Active,,,,,,,24-08-2020,,153.0,,,,,,,,,,,,,,,,,,,,,,,,,,,,,,,,,,,,,,,,,,,,,,,,,,,,,,,,,,,,,,,,,,,,,,,,,,,,,,,,,,,,,,,,,,,,,,,,,,,,,,,3865.0,2.0,1.0,2.0,531.0,,Kachha House,BILASPUR ,GHUMARWIN
4865.0,40.0,15.0,Active,,,,,,,26-08-2020,,153.0,,,,,,,,,,,,,,,,,,,,,,,,,,,,,,,,,,,,,,,,,,,,,,,,,,,,,,,,,,,,,,,,,,,,,,,,,,,,,,,,,,,,,,,,,,,,,,,,,,,,,,,3868.0,2.0,1.0,1.0,532.0,,Kachha House,BILASPUR ,GHUMARWIN
4865.0,40.0,15.0,Active,,,,,,,26-08-2020,,153.0,,,,,,,,,,,,,,,,,,,,,,,,,,,,,,,,,,,,,,,,,,,,,,,,,,,,,,,,,,,,,,,,,,,,,,,,,,,,,,,,,,,,,,,,,,,,,,,,,,,,,,,3869.0,1004.0,1.0,1.0,532.0,,Cowsheds,BILASPUR ,GHUMARWIN
4921.0,40.0,15.0,Active,,,,,,,27-08-2020,,153.0,,,,,,,,,,,,,,,,,,,,,,,,,,,,,,,,,,,,,,,,,,,,,,,,,,,,,,,,,,,,,,,,,,,,,,,,,,,,,,,,,,,,,,,,,,,,,,,,,,,,,,,3873.0,1004.0,1.0,1.0,535.0,,Cowsheds,BILASPUR ,GHUMARWIN
4865.0,40.0,15.0,Active,,,,,,,26-08-2020,,153.0,,,,,,,,,,,,,,,,,,,,,,,,,,,,,,,,,,,,,,,,,,,,,,,,,,,,,,,,,,,,,,,,,,,,,,,,,,,,,,,,,,,,,,,,,,,,,,,,,,,,,,,3901.0,2.0,1.0,1.0,548.0,,Kachha House,BILASPUR ,GHUMARWIN
4341.0,40.0,15.0,Active,,,,,,,12-08-2020,,153.0,,,,,,,,,,,,,,,,,,,,,,,,,,,,,,,,,,,,,,,,,,,,,,,,,,,,,,,,,,,,,,,,,,,,,,,,,,,,,,,,,,,,,,,,,,,,,,,,,,,,,,,3499.0,1004.0,1.0,1.0,344.0,,Cowsheds,BILASPUR ,GHUMARWIN
4605.0,40.0,15.0,Active,,,,,,,19-08-2020,,153.0,,,,,,,,,,,,,,,,,,,,,,,,,,,,,,,,,,,,,,,,,,,,,,,,,,,,,,,,,,,,,,,,,,,,,,,,,,,,,,,,,,,,,,,,,,,,,,,,,,,,,,,3616.0,2.0,1.0,1.0,405.0,,Kachha House,BILASPUR ,GHUMARWIN
4606.0,40.0,15.0,Active,,,,,,,20-08-2020,,152.0,,,,,,,,,,,,,,,,,,,,,,,,,,,,,,,,,,,,,,,,,,,,,,,,,,,,,,,,,,,,,,,,,,,,,,,,,,,,,,,,,,,,,,,,,,,,,,,,,,,,,,,3619.0,1004.0,1.0,1.0,406.0,,Cowsheds,BILASPUR ,SADAR
4681.0,40.0,23.0,Active,,,,,,,22-08-2020,,181.0,,,,,,,,,,,,,,,,,,,,,,,,,,,,,,,,,,,,,,,,,,,,,,,,,,,,,,,,,,,,,,,,,,,,,,,,,,,,,,,,,,,,,,,,,,,,,,,,,,,,,,,3651.0,2.0,1.0,1.0,420.0,,Kachha House,SHIMLA ,SHIMLA RURAL 
4780.0,40.0,19.0,Active,,,,,,,05-08-2020,,195.0,,,,,,,,,,,,,,,,,,,,,,,,,,,,,,,,,,,,,,,,,,,,,,,,,,,,,,,,,,,,,,,,,,,,,,,,,,,,,,,,,,,,,,,,,,,,,,,,,,,,,,,3819.0,2.0,1.0,2.0,517.0,,Kachha House,KINNAUR ,NICHAR
4989.0,40.0,20.0,Active,,,,,,,26-08-2020,,119.0,,,,,,,,,,,,,,,,,,,,,,,,,,,,,,,,,,,,,,,,,,,,,,,,,,,,,,,,,,,,,,,,,,,,,,,,,,,,,,,,,,,,,,,,,,,,,,,,,,,,,,,3939.0,1.0,2.0,2.0,569.0,,Pacca House,KULLU ,KULLU 
4929.0,40.0,20.0,Active,,,,,,,27-08-2020,,119.0,,,,,,,,,,,,,,,,,,,,,,,,,,,,,,,,,,,,,,,,,,,,,,,,,,,,,,,,,,,,,,,,,,,,,,,,,,,,,,,,,,,,,,,,,,,,,,,,,,,,,,,3970.0,1.0,1.0,1.0,584.0,,Pacca House,KULLU ,KULLU 
4929.0,40.0,20.0,Active,,,,,,,27-08-2020,,119.0,,,,,,,,,,,,,,,,,,,,,,,,,,,,,,,,,,,,,,,,,,,,,,,,,,,,,,,,,,,,,,,,,,,,,,,,,,,,,,,,,,,,,,,,,,,,,,,,,,,,,,,3973.0,1004.0,3.0,2.0,584.0,,Cowsheds,KULLU ,KULLU 
4929.0,40.0,20.0,Active,,,,,,,27-08-2020,,119.0,,,,,,,,,,,,,,,,,,,,,,,,,,,,,,,,,,,,,,,,,,,,,,,,,,,,,,,,,,,,,,,,,,,,,,,,,,,,,,,,,,,,,,,,,,,,,,,,,,,,,,,3974.0,-1.0,0.0,-1.0,584.0,,,KULLU ,KULLU 
4655.0,40.0,15.0,Active,,,,,,,21-08-2020,,155.0,,,,,,,,,,,,,,,,,,,,,,,,,,,,,,,,,,,,,,,,,,,,,,,,,,,,,,,,,,,,,,,,,,,,,,,,,,,,,,,,,,,,,,,,,,,,,,,,,,,,,,,3681.0,2.0,1.0,2.0,435.0,,Kachha House,BILASPUR ,SWARGHAT
4865.0,40.0,15.0,Active,,,,,,,26-08-2020,,153.0,,,,,,,,,,,,,,,,,,,,,,,,,,,,,,,,,,,,,,,,,,,,,,,,,,,,,,,,,,,,,,,,,,,,,,,,,,,,,,,,,,,,,,,,,,,,,,,,,,,,,,,3867.0,2.0,1.0,1.0,532.0,,Kachha House,BILASPUR ,GHUMARWIN
4921.0,40.0,15.0,Active,,,,,,,27-08-2020,,152.0,,,,,,,,,,,,,,,,,,,,,,,,,,,,,,,,,,,,,,,,,,,,,,,,,,,,,,,,,,,,,,,,,,,,,,,,,,,,,,,,,,,,,,,,,,,,,,,,,,,,,,,3905.0,2.0,1.0,1.0,549.0,,Kachha House,BILASPUR ,SADAR
5177.0,40.0,15.0,Active,,,,,,,03-09-2020,,152.0,,,,,,,,,,,,,,,,,,,,,,,,,,,,,,,,,,,,,,,,,,,,,,,,,,,,,,,,,,,,,,,,,,,,,,,,,,,,,,,,,,,,,,,,,,,,,,,,,,,,,,,4018.0,2.0,1.0,1.0,612.0,,Kachha House,BILASPUR ,SADAR
5177.0,40.0,15.0,Active,,,,,,,03-09-2020,,152.0,,,,,,,,,,,,,,,,,,,,,,,,,,,,,,,,,,,,,,,,,,,,,,,,,,,,,,,,,,,,,,,,,,,,,,,,,,,,,,,,,,,,,,,,,,,,,,,,,,,,,,,4019.0,1004.0,1.0,1.0,612.0,,Cowsheds,BILASPUR ,SADAR
5177.0,40.0,15.0,Active,,,,,,,03-09-2020,,152.0,,,,,,,,,,,,,,,,,,,,,,,,,,,,,,,,,,,,,,,,,,,,,,,,,,,,,,,,,,,,,,,,,,,,,,,,,,,,,,,,,,,,,,,,,,,,,,,,,,,,,,,4022.0,1004.0,1.0,1.0,612.0,,Cowsheds,BILASPUR ,SADAR
5177.0,40.0,15.0,Active,,,,,,,03-09-2020,,153.0,,,,,,,,,,,,,,,,,,,,,,,,,,,,,,,,,,,,,,,,,,,,,,,,,,,,,,,,,,,,,,,,,,,,,,,,,,,,,,,,,,,,,,,,,,,,,,,,,,,,,,,4024.0,2.0,1.0,1.0,613.0,,Kachha House,BILASPUR ,GHUMARWIN
5177.0,40.0,15.0,Active,,,,,,,03-09-2020,,153.0,,,,,,,,,,,,,,,,,,,,,,,,,,,,,,,,,,,,,,,,,,,,,,,,,,,,,,,,,,,,,,,,,,,,,,,,,,,,,,,,,,,,,,,,,,,,,,,,,,,,,,,4025.0,2.0,1.0,1.0,613.0,,Kachha House,BILASPUR ,GHUMARWIN
5177.0,40.0,15.0,Active,,,,,,,03-09-2020,,153.0,,,,,,,,,,,,,,,,,,,,,,,,,,,,,,,,,,,,,,,,,,,,,,,,,,,,,,,,,,,,,,,,,,,,,,,,,,,,,,,,,,,,,,,,,,,,,,,,,,,,,,,4026.0,1004.0,1.0,1.0,613.0,,Cowsheds,BILASPUR ,GHUMARWIN
4857.0,40.0,23.0,Active,,,,,,,27-08-2020,,179.0,,,,,,,,,,,,,,,,,,,,,,,,,,,,,,,,,,,,,,,,,,,,,,,,,,,,,,,,,,,,,,,,,,,,,,,,,,,,,,,,,,,,,,,,,,,,,,,,,,,,,,,3794.0,2.0,1.0,1.0,504.0,,Kachha House,SHIMLA ,RAMPUR 
4865.0,40.0,15.0,Active,,,,,,,26-08-2020,,152.0,,,,,,,,,,,,,,,,,,,,,,,,,,,,,,,,,,,,,,,,,,,,,,,,,,,,,,,,,,,,,,,,,,,,,,,,,,,,,,,,,,,,,,,,,,,,,,,,,,,,,,,3812.0,1004.0,1.0,1.0,516.0,,Cowsheds,BILASPUR ,SADAR
4921.0,40.0,15.0,Active,,,,,,,27-08-2020,,152.0,,,,,,,,,,,,,,,,,,,,,,,,,,,,,,,,,,,,,,,,,,,,,,,,,,,,,,,,,,,,,,,,,,,,,,,,,,,,,,,,,,,,,,,,,,,,,,,,,,,,,,,3872.0,2.0,1.0,1.0,534.0,,Kachha House,BILASPUR ,SADAR
5158.0,43.0,23.0,Active,,,,,,,04-09-2020,,179.0,,,,,,,,,,,,,,,,,,,,,,,,,,,,,,,,,,,,,,,,,,,,,,,,,,,,,,,,,,,,,,,,,,,,,,,,,,,,,,,,,,,,,,,,,,,,,,,,,,,,,,,4017.0,2.0,3.0,1.0,611.0,,Kachha House,SHIMLA ,RAMPUR 
5195.0,40.0,23.0,Active,,,,,,,05-09-2020,,179.0,,,,,,,,,,,,,,,,,,,,,,,,,,,,,,,,,,,,,,,,,,,,,,,,,,,,,,,,,,,,,,,,,,,,,,,,,,,,,,,,,,,,,,,,,,,,,,,,,,,,,,,4046.0,1004.0,4.0,1.0,619.0,,Cowsheds,SHIMLA ,RAMPUR 
5224.0,40.0,15.0,Active,,,,,,,05-09-2020,,153.0,,,,,,,,,,,,,,,,,,,,,,,,,,,,,,,,,,,,,,,,,,,,,,,,,,,,,,,,,,,,,,,,,,,,,,,,,,,,,,,,,,,,,,,,,,,,,,,,,,,,,,,4064.0,2.0,1.0,2.0,626.0,,Kachha House,BILASPUR ,GHUMARWIN
17659.0,40.0,15.0,Active,,,,,,,08-07-2022,,153.0,,,,,,,,,,,,,,,,,,,,,,,,,,,,,,,,,,,,,,,,,,,,,,,,,,,,,,,,,,,,,,,,,,,,,,,,,,,,,,,,,,,,,,,,,,,,,,,,,,,,,,,10939.0,0.0,0.0,0.0,2634.0,0.0,,BILASPUR ,GHUMARWIN
17862.0,40.0,20.0,Active,,,,,,,06-07-2022,,119.0,,,,,,,,,,,,,,,,,,,,,,,,,,,,,,,,,,,,,,,,,,,,,,,,,,,,,,,,,,,,,,,,,,,,,,,,,,,,,,,,,,,,,,,,,,,,,,,,,,,,,,,11023.0,1.0,5.0,2.0,2697.0,0.0,Pacca House,KULLU ,KULLU 
17862.0,40.0,20.0,Active,,,,,,,06-07-2022,,119.0,,,,,,,,,,,,,,,,,,,,,,,,,,,,,,,,,,,,,,,,,,,,,,,,,,,,,,,,,,,,,,,,,,,,,,,,,,,,,,,,,,,,,,,,,,,,,,,,,,,,,,,11026.0,1002.0,5.0,2.0,2700.0,0.0,Shops,KULLU ,KULLU 
17862.0,40.0,20.0,Active,,,,,,,06-07-2022,,119.0,,,,,,,,,,,,,,,,,,,,,,,,,,,,,,,,,,,,,,,,,,,,,,,,,,,,,,,,,,,,,,,,,,,,,,,,,,,,,,,,,,,,,,,,,,,,,,,,,,,,,,,11027.0,1005.0,7.0,2.0,2701.0,0.0,Gharats,KULLU ,KULLU 
17501.0,40.0,16.0,Active,,,,,,,30-06-2022,,89.0,,,,,,,,,,,,,,,,,,,,,,,,,,,,,,,,,,,,,,,,,,,,,,,,,,,,,,,,,,,,,,,,,,,,,,,,,,,,,,,,,,,,,,,,,,,,,,,,,,,,,,,10878.0,1004.0,1.0,2.0,2586.0,1.0,Cowsheds,CHAMBA ,SALOONI
17611.0,40.0,15.0,Active,,,,,,,05-07-2022,,152.0,,,,,,,,,,,,,,,,,,,,,,,,,,,,,,,,,,,,,,,,,,,,,,,,,,,,,,,,,,,,,,,,,,,,,,,,,,,,,,,,,,,,,,,,,,,,,,,,,,,,,,,10907.0,1004.0,1.0,1.0,2611.0,0.0,Cowsheds,BILASPUR ,SADAR
17611.0,40.0,15.0,Active,,,,,,,05-07-2022,,154.0,,,,,,,,,,,,,,,,,,,,,,,,,,,,,,,,,,,,,,,,,,,,,,,,,,,,,,,,,,,,,,,,,,,,,,,,,,,,,,,,,,,,,,,,,,,,,,,,,,,,,,,10909.0,1004.0,1.0,1.0,2613.0,0.0,Cowsheds,BILASPUR ,JHANDUTTA
17611.0,40.0,15.0,Active,,,,,,,05-07-2022,,154.0,,,,,,,,,,,,,,,,,,,,,,,,,,,,,,,,,,,,,,,,,,,,,,,,,,,,,,,,,,,,,,,,,,,,,,,,,,,,,,,,,,,,,,,,,,,,,,,,,,,,,,,10911.0,1004.0,1.0,1.0,2615.0,0.0,Cowsheds,BILASPUR ,JHANDUTTA
17611.0,40.0,15.0,Active,,,,,,,05-07-2022,,154.0,,,,,,,,,,,,,,,,,,,,,,,,,,,,,,,,,,,,,,,,,,,,,,,,,,,,,,,,,,,,,,,,,,,,,,,,,,,,,,,,,,,,,,,,,,,,,,,,,,,,,,,10912.0,1004.0,1.0,1.0,2616.0,0.0,Cowsheds,BILASPUR ,JHANDUTTA
17862.0,40.0,20.0,Active,,,,,,,06-07-2022,,119.0,,,,,,,,,,,,,,,,,,,,,,,,,,,,,,,,,,,,,,,,,,,,,,,,,,,,,,,,,,,,,,,,,,,,,,,,,,,,,,,,,,,,,,,,,,,,,,,,,,,,,,,11028.0,1004.0,1.0,2.0,2702.0,0.0,Cowsheds,KULLU ,KULLU 
17506.0,40.0,15.0,Active,,,,,,,30-06-2022,,154.0,,,,,,,,,,,,,,,,,,,,,,,,,,,,,,,,,,,,,,,,,,,,,,,,,,,,,,,,,,,,,,,,,,,,,,,,,,,,,,,,,,,,,,,,,,,,,,,,,,,,,,,11183.0,1004.0,1.0,1.0,2824.0,0.0,Cowsheds,BILASPUR ,JHANDUTTA
17506.0,40.0,15.0,Active,,,,,,,30-06-2022,,153.0,,,,,,,,,,,,,,,,,,,,,,,,,,,,,,,,,,,,,,,,,,,,,,,,,,,,,,,,,,,,,,,,,,,,,,,,,,,,,,,,,,,,,,,,,,,,,,,,,,,,,,,11184.0,1004.0,1.0,1.0,2825.0,0.0,Cowsheds,BILASPUR ,GHUMARWIN
17648.0,40.0,15.0,Active,,,,,,,06-07-2022,,154.0,,,,,,,,,,,,,,,,,,,,,,,,,,,,,,,,,,,,,,,,,,,,,,,,,,,,,,,,,,,,,,,,,,,,,,,,,,,,,,,,,,,,,,,,,,,,,,,,,,,,,,,11189.0,1004.0,1.0,1.0,2829.0,0.0,Cowsheds,BILASPUR ,JHANDUTTA
17648.0,40.0,15.0,Active,,,,,,,06-07-2022,,154.0,,,,,,,,,,,,,,,,,,,,,,,,,,,,,,,,,,,,,,,,,,,,,,,,,,,,,,,,,,,,,,,,,,,,,,,,,,,,,,,,,,,,,,,,,,,,,,,,,,,,,,,11190.0,1004.0,1.0,1.0,2829.0,0.0,Cowsheds,BILASPUR ,JHANDUTTA
17648.0,40.0,15.0,Active,,,,,,,06-07-2022,,154.0,,,,,,,,,,,,,,,,,,,,,,,,,,,,,,,,,,,,,,,,,,,,,,,,,,,,,,,,,,,,,,,,,,,,,,,,,,,,,,,,,,,,,,,,,,,,,,,,,,,,,,,11192.0,1004.0,1.0,1.0,2829.0,0.0,Cowsheds,BILASPUR ,JHANDUTTA
17648.0,40.0,15.0,Active,,,,,,,06-07-2022,,152.0,,,,,,,,,,,,,,,,,,,,,,,,,,,,,,,,,,,,,,,,,,,,,,,,,,,,,,,,,,,,,,,,,,,,,,,,,,,,,,,,,,,,,,,,,,,,,,,,,,,,,,,11196.0,2.0,1.0,1.0,2830.0,0.0,Kachha House,BILASPUR ,SADAR
17648.0,40.0,15.0,Active,,,,,,,06-07-2022,,152.0,,,,,,,,,,,,,,,,,,,,,,,,,,,,,,,,,,,,,,,,,,,,,,,,,,,,,,,,,,,,,,,,,,,,,,,,,,,,,,,,,,,,,,,,,,,,,,,,,,,,,,,11193.0,1004.0,1.0,1.0,2830.0,0.0,Cowsheds,BILASPUR ,SADAR
17648.0,40.0,15.0,Active,,,,,,,06-07-2022,,152.0,,,,,,,,,,,,,,,,,,,,,,,,,,,,,,,,,,,,,,,,,,,,,,,,,,,,,,,,,,,,,,,,,,,,,,,,,,,,,,,,,,,,,,,,,,,,,,,,,,,,,,,11195.0,2.0,1.0,1.0,2830.0,0.0,Kachha House,BILASPUR ,SADAR
17659.0,40.0,15.0,Active,,,,,,,08-07-2022,,153.0,,,,,,,,,,,,,,,,,,,,,,,,,,,,,,,,,,,,,,,,,,,,,,,,,,,,,,,,,,,,,,,,,,,,,,,,,,,,,,,,,,,,,,,,,,,,,,,,,,,,,,,11199.0,1004.0,3.0,2.0,2832.0,0.7,Cowsheds,BILASPUR ,GHUMARWIN
17659.0,40.0,15.0,Active,,,,,,,08-07-2022,,153.0,,,,,,,,,,,,,,,,,,,,,,,,,,,,,,,,,,,,,,,,,,,,,,,,,,,,,,,,,,,,,,,,,,,,,,,,,,,,,,,,,,,,,,,,,,,,,,,,,,,,,,,11200.0,2.0,1.0,1.0,2832.0,0.7,Kachha House,BILASPUR ,GHUMARWIN
19198.0,40.0,23.0,Active,,,,,,,31-07-2022,,180.0,,,,,,,,,,,,,,,,,,,,,,,,,,,,,,,,,,,,,,,,,,,,,,,,,,,,,,,,,,,,,,,,,,,,,,,,,,,,,,,,,,,,,,,,,,,,,,,,,,,,,,,12222.0,1004.0,1.0,1.0,2884.0,0.0,Cowsheds,SHIMLA ,ROHRU 
19224.0,40.0,24.0,Active,,,,,,,29-07-2022,,167.0,,,,,,,,,,,,,,,,,,,,,,,,,,,,,,,,,,,,,,,,,,,,,,,,,,,,,,,,,,,,,,,,,,,,,,,,,,,,,,,,,,,,,,,,,,,,,,,,,,,,,,,12239.0,1.0,1.0,1.0,2898.0,0.0,Pacca House,SIRMAUR ,NAHAN 
19224.0,40.0,24.0,Active,,,,,,,29-07-2022,,167.0,,,,,,,,,,,,,,,,,,,,,,,,,,,,,,,,,,,,,,,,,,,,,,,,,,,,,,,,,,,,,,,,,,,,,,,,,,,,,,,,,,,,,,,,,,,,,,,,,,,,,,,12242.0,1002.0,1.0,1.0,2899.0,0.0,Shops,SIRMAUR ,NAHAN 
19224.0,40.0,24.0,Active,,,,,,,29-07-2022,,167.0,,,,,,,,,,,,,,,,,,,,,,,,,,,,,,,,,,,,,,,,,,,,,,,,,,,,,,,,,,,,,,,,,,,,,,,,,,,,,,,,,,,,,,,,,,,,,,,,,,,,,,,12243.0,1002.0,1.0,1.0,2899.0,0.0,Shops,SIRMAUR ,NAHAN 
19224.0,40.0,24.0,Active,,,,,,,29-07-2022,,167.0,,,,,,,,,,,,,,,,,,,,,,,,,,,,,,,,,,,,,,,,,,,,,,,,,,,,,,,,,,,,,,,,,,,,,,,,,,,,,,,,,,,,,,,,,,,,,,,,,,,,,,,12246.0,1002.0,1.0,1.0,2899.0,0.0,Shops,SIRMAUR ,NAHAN 
19224.0,40.0,24.0,Active,,,,,,,29-07-2022,,167.0,,,,,,,,,,,,,,,,,,,,,,,,,,,,,,,,,,,,,,,,,,,,,,,,,,,,,,,,,,,,,,,,,,,,,,,,,,,,,,,,,,,,,,,,,,,,,,,,,,,,,,,12247.0,1002.0,1.0,1.0,2899.0,0.0,Shops,SIRMAUR ,NAHAN 
17648.0,40.0,15.0,Active,,,,,,,06-07-2022,,154.0,,,,,,,,,,,,,,,,,,,,,,,,,,,,,,,,,,,,,,,,,,,,,,,,,,,,,,,,,,,,,,,,,,,,,,,,,,,,,,,,,,,,,,,,,,,,,,,,,,,,,,,11191.0,1004.0,1.0,1.0,2829.0,0.0,Cowsheds,BILASPUR ,JHANDUTTA
17648.0,40.0,15.0,Active,,,,,,,06-07-2022,,152.0,,,,,,,,,,,,,,,,,,,,,,,,,,,,,,,,,,,,,,,,,,,,,,,,,,,,,,,,,,,,,,,,,,,,,,,,,,,,,,,,,,,,,,,,,,,,,,,,,,,,,,,11194.0,1004.0,1.0,1.0,2830.0,0.0,Cowsheds,BILASPUR ,SADAR
19224.0,40.0,24.0,Active,,,,,,,29-07-2022,,167.0,,,,,,,,,,,,,,,,,,,,,,,,,,,,,,,,,,,,,,,,,,,,,,,,,,,,,,,,,,,,,,,,,,,,,,,,,,,,,,,,,,,,,,,,,,,,,,,,,,,,,,,12240.0,1002.0,1.0,1.0,2899.0,0.0,Shops,SIRMAUR ,NAHAN 
19224.0,40.0,24.0,Active,,,,,,,29-07-2022,,167.0,,,,,,,,,,,,,,,,,,,,,,,,,,,,,,,,,,,,,,,,,,,,,,,,,,,,,,,,,,,,,,,,,,,,,,,,,,,,,,,,,,,,,,,,,,,,,,,,,,,,,,,12244.0,1002.0,1.0,1.0,2899.0,0.0,Shops,SIRMAUR ,NAHAN 
19284.0,40.0,20.0,Active,,,,,,,28-07-2022,,117.0,,,,,,,,,,,,,,,,,,,,,,,,,,,,,,,,,,,,,,,,,,,,,,,,,,,,,,,,,,,,,,,,,,,,,,,,,,,,,,,,,,,,,,,,,,,,,,,,,,,,,,,12288.0,2.0,3.0,2.0,2925.0,0.0,Kachha House,KULLU ,ANI
19375.0,40.0,23.0,Active,,,,,,,05-08-2022,,179.0,,,,,,,,,,,,,,,,,,,,,,,,,,,,,,,,,,,,,,,,,,,,,,,,,,,,,,,,,,,,,,,,,,,,,,,,,,,,,,,,,,,,,,,,,,,,,,,,,,,,,,,12314.0,1004.0,1.0,1.0,2943.0,0.0,Cowsheds,SHIMLA ,RAMPUR 
17758.0,40.0,15.0,Active,,,,,,,13-07-2022,,154.0,,,,,,,,,,,,,,,,,,,,,,,,,,,,,,,,,,,,,,,,,,,,,,,,,,,,,,,,,,,,,,,,,,,,,,,,,,,,,,,,,,,,,,,,,,,,,,,,,,,,,,,11201.0,1004.0,1.0,1.0,2833.0,0.0,Cowsheds,BILASPUR ,JHANDUTTA
19284.0,40.0,20.0,Active,,,,,,,28-07-2022,,117.0,,,,,,,,,,,,,,,,,,,,,,,,,,,,,,,,,,,,,,,,,,,,,,,,,,,,,,,,,,,,,,,,,,,,,,,,,,,,,,,,,,,,,,,,,,,,,,,,,,,,,,,12289.0,2.0,13.0,1.0,2925.0,0.0,Kachha House,KULLU ,ANI
19445.0,40.0,23.0,Active,,,,,,,08-08-2022,,179.0,,,,,,,,,,,,,,,,,,,,,,,,,,,,,,,,,,,,,,,,,,,,,,,,,,,,,,,,,,,,,,,,,,,,,,,,,,,,,,,,,,,,,,,,,,,,,,,,,,,,,,,12352.0,1004.0,1.0,2.0,2966.0,0.0,Cowsheds,SHIMLA ,RAMPUR 
19560.0,43.0,16.0,Active,,,,,,,11-08-2022,,83.0,,,,,,,,,,,,,,,,,,,,,,,,,,,,,,,,,,,,,,,,,,,,,,,,,,,,,,,,,,,,,,,,,,,,,,,,,,,,,,,,,,,,,,,,,,,,,,,,,,,,,,,12398.0,1005.0,2.0,2.0,3000.0,0.0,Gharats,CHAMBA ,BHARMAUR
5252.0,40.0,15.0,Active,,,,,,,07-09-2020,,153.0,,,,,,,,,,,,,,,,,,,,,,,,,,,,,,,,,,,,,,,,,,,,,,,,,,,,,,,,,,,,,,,,,,,,,,,,,,,,,,,,,,,,,,,,,,,,,,,,,,,,,,,4073.0,1004.0,1.0,2.0,634.0,,Cowsheds,BILASPUR ,GHUMARWIN
5252.0,40.0,15.0,Active,,,,,,,07-09-2020,,153.0,,,,,,,,,,,,,,,,,,,,,,,,,,,,,,,,,,,,,,,,,,,,,,,,,,,,,,,,,,,,,,,,,,,,,,,,,,,,,,,,,,,,,,,,,,,,,,,,,,,,,,,4074.0,2.0,1.0,1.0,634.0,,Kachha House,BILASPUR ,GHUMARWIN
5261.0,40.0,23.0,Active,,,,,,,07-09-2020,,181.0,,,,,,,,,,,,,,,,,,,,,,,,,,,,,,,,,,,,,,,,,,,,,,,,,,,,,,,,,,,,,,,,,,,,,,,,,,,,,,,,,,,,,,,,,,,,,,,,,,,,,,,4076.0,2.0,1.0,2.0,636.0,,Kachha House,SHIMLA ,SHIMLA RURAL 
5177.0,40.0,15.0,Active,,,,,,,03-09-2020,,153.0,,,,,,,,,,,,,,,,,,,,,,,,,,,,,,,,,,,,,,,,,,,,,,,,,,,,,,,,,,,,,,,,,,,,,,,,,,,,,,,,,,,,,,,,,,,,,,,,,,,,,,,4104.0,2.0,1.0,1.0,653.0,,Kachha House,BILASPUR ,GHUMARWIN
4564.0,40.0,15.0,Active,,,,,,,18-08-2020,,152.0,,,,,,,,,,,,,,,,,,,,,,,,,,,,,,,,,,,,,,,,,,,,,,,,,,,,,,,,,,,,,,,,,,,,,,,,,,,,,,,,,,,,,,,,,,,,,,,,,,,,,,,3572.0,1004.0,1.0,1.0,379.0,,Cowsheds,BILASPUR ,SADAR
4655.0,40.0,15.0,Active,,,,,,,21-08-2020,,155.0,,,,,,,,,,,,,,,,,,,,,,,,,,,,,,,,,,,,,,,,,,,,,,,,,,,,,,,,,,,,,,,,,,,,,,,,,,,,,,,,,,,,,,,,,,,,,,,,,,,,,,,3683.0,2.0,1.0,1.0,435.0,,Kachha House,BILASPUR ,SWARGHAT
4655.0,40.0,15.0,Active,,,,,,,21-08-2020,,155.0,,,,,,,,,,,,,,,,,,,,,,,,,,,,,,,,,,,,,,,,,,,,,,,,,,,,,,,,,,,,,,,,,,,,,,,,,,,,,,,,,,,,,,,,,,,,,,,,,,,,,,,3687.0,1004.0,1.0,1.0,435.0,,Cowsheds,BILASPUR ,SWARGHAT
4758.0,40.0,15.0,Active,,,,,,,23-08-2020,,153.0,,,,,,,,,,,,,,,,,,,,,,,,,,,,,,,,,,,,,,,,,,,,,,,,,,,,,,,,,,,,,,,,,,,,,,,,,,,,,,,,,,,,,,,,,,,,,,,,,,,,,,,3732.0,1004.0,1.0,1.0,464.0,,Cowsheds,BILASPUR ,GHUMARWIN
4759.0,40.0,15.0,Active,,,,,,,22-08-2020,,153.0,,,,,,,,,,,,,,,,,,,,,,,,,,,,,,,,,,,,,,,,,,,,,,,,,,,,,,,,,,,,,,,,,,,,,,,,,,,,,,,,,,,,,,,,,,,,,,,,,,,,,,,3733.0,2.0,1.0,1.0,465.0,,Kachha House,BILASPUR ,GHUMARWIN
4759.0,40.0,15.0,Active,,,,,,,22-08-2020,,154.0,,,,,,,,,,,,,,,,,,,,,,,,,,,,,,,,,,,,,,,,,,,,,,,,,,,,,,,,,,,,,,,,,,,,,,,,,,,,,,,,,,,,,,,,,,,,,,,,,,,,,,,3735.0,1004.0,1.0,1.0,466.0,,Cowsheds,BILASPUR ,JHANDUTTA
4809.0,40.0,15.0,Active,,,,,,,25-08-2020,,155.0,,,,,,,,,,,,,,,,,,,,,,,,,,,,,,,,,,,,,,,,,,,,,,,,,,,,,,,,,,,,,,,,,,,,,,,,,,,,,,,,,,,,,,,,,,,,,,,,,,,,,,,3807.0,1004.0,1.0,1.0,512.0,,Cowsheds,BILASPUR ,SWARGHAT
4865.0,40.0,15.0,Active,,,,,,,26-08-2020,,152.0,,,,,,,,,,,,,,,,,,,,,,,,,,,,,,,,,,,,,,,,,,,,,,,,,,,,,,,,,,,,,,,,,,,,,,,,,,,,,,,,,,,,,,,,,,,,,,,,,,,,,,,3871.0,2.0,1.0,1.0,533.0,,Kachha House,BILASPUR ,SADAR
4865.0,40.0,15.0,Active,,,,,,,26-08-2020,,153.0,,,,,,,,,,,,,,,,,,,,,,,,,,,,,,,,,,,,,,,,,,,,,,,,,,,,,,,,,,,,,,,,,,,,,,,,,,,,,,,,,,,,,,,,,,,,,,,,,,,,,,,3903.0,2.0,1.0,1.0,548.0,,Kachha House,BILASPUR ,GHUMARWIN
4989.0,40.0,20.0,Active,,,,,,,26-08-2020,,119.0,,,,,,,,,,,,,,,,,,,,,,,,,,,,,,,,,,,,,,,,,,,,,,,,,,,,,,,,,,,,,,,,,,,,,,,,,,,,,,,,,,,,,,,,,,,,,,,,,,,,,,,3941.0,2.0,1.0,1.0,569.0,,Kachha House,KULLU ,KULLU 
5177.0,40.0,15.0,Active,,,,,,,03-09-2020,,153.0,,,,,,,,,,,,,,,,,,,,,,,,,,,,,,,,,,,,,,,,,,,,,,,,,,,,,,,,,,,,,,,,,,,,,,,,,,,,,,,,,,,,,,,,,,,,,,,,,,,,,,,4028.0,1004.0,1.0,1.0,613.0,,Cowsheds,BILASPUR ,GHUMARWIN
4758.0,40.0,15.0,Active,,,,,,,23-08-2020,,153.0,,,,,,,,,,,,,,,,,,,,,,,,,,,,,,,,,,,,,,,,,,,,,,,,,,,,,,,,,,,,,,,,,,,,,,,,,,,,,,,,,,,,,,,,,,,,,,,,,,,,,,,3731.0,1004.0,1.0,2.0,464.0,,Cowsheds,BILASPUR ,GHUMARWIN
4759.0,40.0,15.0,Active,,,,,,,22-08-2020,,154.0,,,,,,,,,,,,,,,,,,,,,,,,,,,,,,,,,,,,,,,,,,,,,,,,,,,,,,,,,,,,,,,,,,,,,,,,,,,,,,,,,,,,,,,,,,,,,,,,,,,,,,,3734.0,2.0,1.0,1.0,466.0,,Kachha House,BILASPUR ,JHANDUTTA
4780.0,40.0,19.0,Active,,,,,,,05-08-2020,,195.0,,,,,,,,,,,,,,,,,,,,,,,,,,,,,,,,,,,,,,,,,,,,,,,,,,,,,,,,,,,,,,,,,,,,,,,,,,,,,,,,,,,,,,,,,,,,,,,,,,,,,,,3818.0,2.0,1.0,2.0,517.0,,Kachha House,KINNAUR ,NICHAR
4865.0,40.0,15.0,Active,,,,,,,26-08-2020,,153.0,,,,,,,,,,,,,,,,,,,,,,,,,,,,,,,,,,,,,,,,,,,,,,,,,,,,,,,,,,,,,,,,,,,,,,,,,,,,,,,,,,,,,,,,,,,,,,,,,,,,,,,3904.0,1004.0,1.0,1.0,548.0,,Cowsheds,BILASPUR ,GHUMARWIN
4929.0,40.0,20.0,Active,,,,,,,27-08-2020,,119.0,,,,,,,,,,,,,,,,,,,,,,,,,,,,,,,,,,,,,,,,,,,,,,,,,,,,,,,,,,,,,,,,,,,,,,,,,,,,,,,,,,,,,,,,,,,,,,,,,,,,,,,3971.0,1002.0,5.0,1.0,584.0,,Shops,KULLU ,KULLU 
5177.0,40.0,15.0,Active,,,,,,,03-09-2020,,153.0,,,,,,,,,,,,,,,,,,,,,,,,,,,,,,,,,,,,,,,,,,,,,,,,,,,,,,,,,,,,,,,,,,,,,,,,,,,,,,,,,,,,,,,,,,,,,,,,,,,,,,,4106.0,1004.0,1.0,2.0,653.0,,Cowsheds,BILASPUR ,GHUMARWIN
5503.0,40.0,18.0,Active,,,,,,,03-08-2020,,103.0,,,,,,,,,,,,,,,,,,,,,,,,,,,,,,,,,,,,,,,,,,,,,,,,,,,,,,,,,,,,,,,,,,,,,,,,,,,,,,,,,,,,,,,,,,,,,,,,,,,,,,,4161.0,2.0,2.0,1.0,700.0,,Kachha House,KANGRA ,FATEHPUR 
5503.0,40.0,18.0,Active,,,,,,,03-08-2020,,96.0,,,,,,,,,,,,,,,,,,,,,,,,,,,,,,,,,,,,,,,,,,,,,,,,,,,,,,,,,,,,,,,,,,,,,,,,,,,,,,,,,,,,,,,,,,,,,,,,,,,,,,,4162.0,1004.0,3.0,2.0,701.0,,Cowsheds,KANGRA ,JAISINGHPUR 
5503.0,40.0,18.0,Active,,,,,,,03-08-2020,,94.0,,,,,,,,,,,,,,,,,,,,,,,,,,,,,,,,,,,,,,,,,,,,,,,,,,,,,,,,,,,,,,,,,,,,,,,,,,,,,,,,,,,,,,,,,,,,,,,,,,,,,,,4164.0,1004.0,2.0,1.0,703.0,,Cowsheds,KANGRA ,DEHRA 
5503.0,40.0,18.0,Active,,,,,,,03-08-2020,,102.0,,,,,,,,,,,,,,,,,,,,,,,,,,,,,,,,,,,,,,,,,,,,,,,,,,,,,,,,,,,,,,,,,,,,,,,,,,,,,,,,,,,,,,,,,,,,,,,,,,,,,,,4165.0,1004.0,1.0,1.0,704.0,,Cowsheds,KANGRA ,SHAHPUR
5611.0,40.0,23.0,Active,,,,,,,27-08-2020,,179.0,,,,,,,,,,,,,,,,,,,,,,,,,,,,,,,,,,,,,,,,,,,,,,,,,,,,,,,,,,,,,,,,,,,,,,,,,,,,,,,,,,,,,,,,,,,,,,,,,,,,,,,4217.0,2.0,1.0,1.0,740.0,,Kachha House,SHIMLA ,RAMPUR 
4865.0,40.0,15.0,Active,,,,,,,26-08-2020,,153.0,,,,,,,,,,,,,,,,,,,,,,,,,,,,,,,,,,,,,,,,,,,,,,,,,,,,,,,,,,,,,,,,,,,,,,,,,,,,,,,,,,,,,,,,,,,,,,,,,,,,,,,3866.0,1.0,1.0,1.0,532.0,,Pacca House,BILASPUR ,GHUMARWIN
4865.0,40.0,15.0,Active,,,,,,,26-08-2020,,153.0,,,,,,,,,,,,,,,,,,,,,,,,,,,,,,,,,,,,,,,,,,,,,,,,,,,,,,,,,,,,,,,,,,,,,,,,,,,,,,,,,,,,,,,,,,,,,,,,,,,,,,,3870.0,1.0,1.0,1.0,532.0,,Pacca House,BILASPUR ,GHUMARWIN
5034.0,40.0,15.0,Active,,,,,,,31-08-2020,,155.0,,,,,,,,,,,,,,,,,,,,,,,,,,,,,,,,,,,,,,,,,,,,,,,,,,,,,,,,,,,,,,,,,,,,,,,,,,,,,,,,,,,,,,,,,,,,,,,,,,,,,,,3997.0,2.0,1.0,1.0,597.0,,Kachha House,BILASPUR ,SWARGHAT
5177.0,40.0,15.0,Active,,,,,,,03-09-2020,,152.0,,,,,,,,,,,,,,,,,,,,,,,,,,,,,,,,,,,,,,,,,,,,,,,,,,,,,,,,,,,,,,,,,,,,,,,,,,,,,,,,,,,,,,,,,,,,,,,,,,,,,,,4021.0,1004.0,1.0,1.0,612.0,,Cowsheds,BILASPUR ,SADAR
5195.0,40.0,23.0,Active,,,,,,,05-09-2020,,179.0,,,,,,,,,,,,,,,,,,,,,,,,,,,,,,,,,,,,,,,,,,,,,,,,,,,,,,,,,,,,,,,,,,,,,,,,,,,,,,,,,,,,,,,,,,,,,,,,,,,,,,,4048.0,2.0,3.0,2.0,619.0,,Kachha House,SHIMLA ,RAMPUR 
5177.0,40.0,15.0,Active,,,,,,,03-09-2020,,153.0,,,,,,,,,,,,,,,,,,,,,,,,,,,,,,,,,,,,,,,,,,,,,,,,,,,,,,,,,,,,,,,,,,,,,,,,,,,,,,,,,,,,,,,,,,,,,,,,,,,,,,,4105.0,1004.0,1.0,2.0,653.0,,Cowsheds,BILASPUR ,GHUMARWIN
5224.0,40.0,15.0,Active,,,,,,,05-09-2020,,153.0,,,,,,,,,,,,,,,,,,,,,,,,,,,,,,,,,,,,,,,,,,,,,,,,,,,,,,,,,,,,,,,,,,,,,,,,,,,,,,,,,,,,,,,,,,,,,,,,,,,,,,,4065.0,1004.0,1.0,2.0,626.0,,Cowsheds,BILASPUR ,GHUMARWIN
5262.0,40.0,23.0,Active,,,,,,,07-09-2020,,183.0,,,,,,,,,,,,,,,,,,,,,,,,,,,,,,,,,,,,,,,,,,,,,,,,,,,,,,,,,,,,,,,,,,,,,,,,,,,,,,,,,,,,,,,,,,,,,,,,,,,,,,,4077.0,2.0,3.0,1.0,637.0,,Kachha House,SHIMLA ,THEOG
5503.0,40.0,18.0,Active,,,,,,,03-08-2020,,104.0,,,,,,,,,,,,,,,,,,,,,,,,,,,,,,,,,,,,,,,,,,,,,,,,,,,,,,,,,,,,,,,,,,,,,,,,,,,,,,,,,,,,,,,,,,,,,,,,,,,,,,,4163.0,1004.0,3.0,1.0,702.0,,Cowsheds,KANGRA ,NAGROTA BAGWAN
5588.0,40.0,23.0,Active,,,,,,,25-07-2020,,179.0,,,,,,,,,,,,,,,,,,,,,,,,,,,,,,,,,,,,,,,,,,,,,,,,,,,,,,,,,,,,,,,,,,,,,,,,,,,,,,,,,,,,,,,,,,,,,,,,,,,,,,,4203.0,2.0,3.0,2.0,729.0,,Kachha House,SHIMLA ,RAMPUR 
4865.0,40.0,15.0,Active,,,,,,,26-08-2020,,153.0,,,,,,,,,,,,,,,,,,,,,,,,,,,,,,,,,,,,,,,,,,,,,,,,,,,,,,,,,,,,,,,,,,,,,,,,,,,,,,,,,,,,,,,,,,,,,,,,,,,,,,,3902.0,1004.0,1.0,1.0,548.0,,Cowsheds,BILASPUR ,GHUMARWIN
4989.0,40.0,20.0,Active,,,,,,,26-08-2020,,119.0,,,,,,,,,,,,,,,,,,,,,,,,,,,,,,,,,,,,,,,,,,,,,,,,,,,,,,,,,,,,,,,,,,,,,,,,,,,,,,,,,,,,,,,,,,,,,,,,,,,,,,,3940.0,2.0,1.0,2.0,569.0,,Kachha House,KULLU ,KULLU 
5177.0,40.0,15.0,Active,,,,,,,03-09-2020,,153.0,,,,,,,,,,,,,,,,,,,,,,,,,,,,,,,,,,,,,,,,,,,,,,,,,,,,,,,,,,,,,,,,,,,,,,,,,,,,,,,,,,,,,,,,,,,,,,,,,,,,,,,4027.0,1004.0,1.0,1.0,613.0,,Cowsheds,BILASPUR ,GHUMARWIN
5503.0,40.0,18.0,Active,,,,,,,03-08-2020,,101.0,,,,,,,,,,,,,,,,,,,,,,,,,,,,,,,,,,,,,,,,,,,,,,,,,,,,,,,,,,,,,,,,,,,,,,,,,,,,,,,,,,,,,,,,,,,,,,,,,,,,,,,4158.0,1004.0,7.0,1.0,698.0,,Cowsheds,KANGRA ,PALAMPUR
4929.0,40.0,20.0,Active,,,,,,,27-08-2020,,119.0,,,,,,,,,,,,,,,,,,,,,,,,,,,,,,,,,,,,,,,,,,,,,,,,,,,,,,,,,,,,,,,,,,,,,,,,,,,,,,,,,,,,,,,,,,,,,,,,,,,,,,,3972.0,1005.0,3.0,2.0,584.0,,Gharats,KULLU ,KULLU 
5352.0,40.0,23.0,Active,,,,,,,15-09-2020,,181.0,,,,,,,,,,,,,,,,,,,,,,,,,,,,,,,,,,,,,,,,,,,,,,,,,,,,,,,,,,,,,,,,,,,,,,,,,,,,,,,,,,,,,,,,,,,,,,,,,,,,,,,4107.0,1004.0,1.0,1.0,654.0,,Cowsheds,SHIMLA ,SHIMLA RURAL 
5503.0,40.0,18.0,Active,,,,,,,03-08-2020,,99.0,,,,,,,,,,,,,,,,,,,,,,,,,,,,,,,,,,,,,,,,,,,,,,,,,,,,,,,,,,,,,,,,,,,,,,,,,,,,,,,,,,,,,,,,,,,,,,,,,,,,,,,4159.0,2.0,2.0,1.0,699.0,,Kachha House,KANGRA ,KANGRA 
5590.0,43.0,23.0,Active,,,,,,,31-07-2020,,179.0,,,,,,,,,,,,,,,,,,,,,,,,,,,,,,,,,,,,,,,,,,,,,,,,,,,,,,,,,,,,,,,,,,,,,,,,,,,,,,,,,,,,,,,,,,,,,,,,,,,,,,,4205.0,2.0,4.0,2.0,731.0,,Kachha House,SHIMLA ,RAMPUR 
5591.0,40.0,23.0,Active,,,,,,,31-07-2020,,179.0,,,,,,,,,,,,,,,,,,,,,,,,,,,,,,,,,,,,,,,,,,,,,,,,,,,,,,,,,,,,,,,,,,,,,,,,,,,,,,,,,,,,,,,,,,,,,,,,,,,,,,,4210.0,1004.0,2.0,1.0,734.0,,Cowsheds,SHIMLA ,RAMPUR 
5034.0,40.0,15.0,Active,,,,,,,31-08-2020,,155.0,,,,,,,,,,,,,,,,,,,,,,,,,,,,,,,,,,,,,,,,,,,,,,,,,,,,,,,,,,,,,,,,,,,,,,,,,,,,,,,,,,,,,,,,,,,,,,,,,,,,,,,3998.0,2.0,1.0,1.0,597.0,,Kachha House,BILASPUR ,SWARGHAT
5177.0,40.0,15.0,Active,,,,,,,03-09-2020,,152.0,,,,,,,,,,,,,,,,,,,,,,,,,,,,,,,,,,,,,,,,,,,,,,,,,,,,,,,,,,,,,,,,,,,,,,,,,,,,,,,,,,,,,,,,,,,,,,,,,,,,,,,4020.0,1004.0,1.0,1.0,612.0,,Cowsheds,BILASPUR ,SADAR
5177.0,40.0,15.0,Active,,,,,,,03-09-2020,,153.0,,,,,,,,,,,,,,,,,,,,,,,,,,,,,,,,,,,,,,,,,,,,,,,,,,,,,,,,,,,,,,,,,,,,,,,,,,,,,,,,,,,,,,,,,,,,,,,,,,,,,,,4023.0,2.0,1.0,1.0,613.0,,Kachha House,BILASPUR ,GHUMARWIN
5195.0,40.0,23.0,Active,,,,,,,05-09-2020,,179.0,,,,,,,,,,,,,,,,,,,,,,,,,,,,,,,,,,,,,,,,,,,,,,,,,,,,,,,,,,,,,,,,,,,,,,,,,,,,,,,,,,,,,,,,,,,,,,,,,,,,,,,4047.0,2.0,1.0,1.0,619.0,,Kachha House,SHIMLA ,RAMPUR 
5589.0,40.0,23.0,Active,,,,,,,27-07-2020,,179.0,,,,,,,,,,,,,,,,,,,,,,,,,,,,,,,,,,,,,,,,,,,,,,,,,,,,,,,,,,,,,,,,,,,,,,,,,,,,,,,,,,,,,,,,,,,,,,,,,,,,,,,4204.0,2.0,1.0,2.0,730.0,,Kachha House,SHIMLA ,RAMPUR 
5609.0,40.0,23.0,Active,,,,,,,27-07-2020,,179.0,,,,,,,,,,,,,,,,,,,,,,,,,,,,,,,,,,,,,,,,,,,,,,,,,,,,,,,,,,,,,,,,,,,,,,,,,,,,,,,,,,,,,,,,,,,,,,,,,,,,,,,4216.0,1004.0,2.0,1.0,739.0,,Cowsheds,SHIMLA ,RAMPUR 
5590.0,40.0,23.0,Active,,,,,,,31-07-2020,,179.0,,,,,,,,,,,,,,,,,,,,,,,,,,,,,,,,,,,,,,,,,,,,,,,,,,,,,,,,,,,,,,,,,,,,,,,,,,,,,,,,,,,,,,,,,,,,,,,,,,,,,,,4206.0,2.0,4.0,2.0,732.0,,Kachha House,SHIMLA ,RAMPUR 
4865.0,40.0,15.0,Active,,,,,,,26-08-2020,,152.0,,,,,,,,,,,,,,,,,,,,,,,,,,,,,,,,,,,,,,,,,,,,,,,,,,,,,,,,,,,,,,,,,,,,,,,,,,,,,,,,,,,,,,,,,,,,,,,,,,,,,,,3813.0,1004.0,1.0,1.0,516.0,,Cowsheds,BILASPUR ,SADAR
5503.0,40.0,18.0,Active,,,,,,,03-08-2020,,101.0,,,,,,,,,,,,,,,,,,,,,,,,,,,,,,,,,,,,,,,,,,,,,,,,,,,,,,,,,,,,,,,,,,,,,,,,,,,,,,,,,,,,,,,,,,,,,,,,,,,,,,,4157.0,2.0,4.0,1.0,698.0,,Kachha House,KANGRA ,PALAMPUR
5600.0,40.0,23.0,Active,,,,,,,30-06-2020,,183.0,,,,,,,,,,,,,,,,,,,,,,,,,,,,,,,,,,,,,,,,,,,,,,,,,,,,,,,,,,,,,,,,,,,,,,,,,,,,,,,,,,,,,,,,,,,,,,,,,,,,,,,4212.0,1.0,1.0,1.0,736.0,,Pacca House,SHIMLA ,THEOG
8255.0,40.0,23.0,Active,,,,,,,30-04-2021,,179.0,,,,,,,,,,,,,,,,,,,,,,,,,,,,,,,,,,,,,,,,,,,,,,,,,,,,,,,,,,,,,,,,,,,,,,,,,,,,,,,,,,,,,,,,,,,,,,,,,,,,,,,5834.0,2.0,6.0,1.0,1148.0,,Kachha House,SHIMLA ,RAMPUR 
8350.0,40.0,16.0,Active,,,,,,,04-05-2021,,84.0,,,,,,,,,,,,,,,,,,,,,,,,,,,,,,,,,,,,,,,,,,,,,,,,,,,,,,,,,,,,,,,,,,,,,,,,,,,,,,,,,,,,,,,,,,,,,,,,,,,,,,,5880.0,1004.0,1.0,1.0,1181.0,,Cowsheds,CHAMBA ,CHAMBA
8353.0,40.0,16.0,Active,,,,,,,04-05-2021,,86.0,,,,,,,,,,,,,,,,,,,,,,,,,,,,,,,,,,,,,,,,,,,,,,,,,,,,,,,,,,,,,,,,,,,,,,,,,,,,,,,,,,,,,,,,,,,,,,,,,,,,,,,5887.0,1004.0,2.0,1.0,1187.0,,Cowsheds,CHAMBA ,CHURAH
8433.0,40.0,23.0,Active,,,,,,,03-06-2021,,181.0,,,,,,,,,,,,,,,,,,,,,,,,,,,,,,,,,,,,,,,,,,,,,,,,,,,,,,,,,,,,,,,,,,,,,,,,,,,,,,,,,,,,,,,,,,,,,,,,,,,,,,,5918.0,1004.0,3.0,2.0,1212.0,,Cowsheds,SHIMLA ,SHIMLA RURAL 
8444.0,40.0,23.0,Active,,,,,,,04-06-2021,,181.0,,,,,,,,,,,,,,,,,,,,,,,,,,,,,,,,,,,,,,,,,,,,,,,,,,,,,,,,,,,,,,,,,,,,,,,,,,,,,,,,,,,,,,,,,,,,,,,,,,,,,,,5926.0,2.0,1.0,1.0,1219.0,,Kachha House,SHIMLA ,SHIMLA RURAL 
8455.0,43.0,16.0,Active,,,,,,,04-05-2021,,84.0,,,,,,,,,,,,,,,,,,,,,,,,,,,,,,,,,,,,,,,,,,,,,,,,,,,,,,,,,,,,,,,,,,,,,,,,,,,,,,,,,,,,,,,,,,,,,,,,,,,,,,,5935.0,2.0,2.0,1.0,1227.0,,Kachha House,CHAMBA ,CHAMBA
8464.0,40.0,16.0,Active,,,,,,,04-05-2021,,86.0,,,,,,,,,,,,,,,,,,,,,,,,,,,,,,,,,,,,,,,,,,,,,,,,,,,,,,,,,,,,,,,,,,,,,,,,,,,,,,,,,,,,,,,,,,,,,,,,,,,,,,,5947.0,2.0,1.0,1.0,1239.0,,Kachha House,CHAMBA ,CHURAH
5503.0,40.0,18.0,Active,,,,,,,03-08-2020,,99.0,,,,,,,,,,,,,,,,,,,,,,,,,,,,,,,,,,,,,,,,,,,,,,,,,,,,,,,,,,,,,,,,,,,,,,,,,,,,,,,,,,,,,,,,,,,,,,,,,,,,,,,4160.0,1004.0,2.0,1.0,699.0,,Cowsheds,KANGRA ,KANGRA 
5591.0,40.0,23.0,Active,,,,,,,31-07-2020,,179.0,,,,,,,,,,,,,,,,,,,,,,,,,,,,,,,,,,,,,,,,,,,,,,,,,,,,,,,,,,,,,,,,,,,,,,,,,,,,,,,,,,,,,,,,,,,,,,,,,,,,,,,4209.0,2.0,4.0,2.0,734.0,,Kachha House,SHIMLA ,RAMPUR 
5607.0,40.0,23.0,Active,,,,,,,25-07-2020,,179.0,,,,,,,,,,,,,,,,,,,,,,,,,,,,,,,,,,,,,,,,,,,,,,,,,,,,,,,,,,,,,,,,,,,,,,,,,,,,,,,,,,,,,,,,,,,,,,,,,,,,,,,4215.0,1004.0,4.0,1.0,738.0,,Cowsheds,SHIMLA ,RAMPUR 
8508.0,43.0,16.0,Active,,,,,,,10-06-2021,,84.0,,,,,,,,,,,,,,,,,,,,,,,,,,,,,,,,,,,,,,,,,,,,,,,,,,,,,,,,,,,,,,,,,,,,,,,,,,,,,,,,,,,,,,,,,,,,,,,,,,,,,,,5983.0,2.0,17.0,1.0,1266.0,,Kachha House,CHAMBA ,CHAMBA
8509.0,1.0,16.0,Active,,,,,,,10-06-2021,,83.0,,,,,,,,,,,,,,,,,,,,,,,,,,,,,,,,,,,,,,,,,,,,,,,,,,,,,,,,,,,,,,,,,,,,,,,,,,,,,,,,,,,,,,,,,,,,,,,,,,,,,,,5984.0,0.0,0.0,0.0,1267.0,,,CHAMBA ,BHARMAUR
8510.0,40.0,23.0,Active,,,,,,,13-06-2021,,181.0,,,,,,,,,,,,,,,,,,,,,,,,,,,,,,,,,,,,,,,,,,,,,,,,,,,,,,,,,,,,,,,,,,,,,,,,,,,,,,,,,,,,,,,,,,,,,,,,,,,,,,,5985.0,1.0,1.0,1.0,1268.0,,Pacca House,SHIMLA ,SHIMLA RURAL 
8511.0,40.0,23.0,Active,,,,,,,13-06-2021,,179.0,,,,,,,,,,,,,,,,,,,,,,,,,,,,,,,,,,,,,,,,,,,,,,,,,,,,,,,,,,,,,,,,,,,,,,,,,,,,,,,,,,,,,,,,,,,,,,,,,,,,,,,5986.0,1.0,1.0,1.0,1269.0,,Pacca House,SHIMLA ,RAMPUR 
8512.0,40.0,23.0,Active,,,,,,,13-06-2021,,181.0,,,,,,,,,,,,,,,,,,,,,,,,,,,,,,,,,,,,,,,,,,,,,,,,,,,,,,,,,,,,,,,,,,,,,,,,,,,,,,,,,,,,,,,,,,,,,,,,,,,,,,,5988.0,2.0,6.0,1.0,1270.0,,Kachha House,SHIMLA ,SHIMLA RURAL 
8513.0,40.0,23.0,Active,,,,,,,13-06-2021,,183.0,,,,,,,,,,,,,,,,,,,,,,,,,,,,,,,,,,,,,,,,,,,,,,,,,,,,,,,,,,,,,,,,,,,,,,,,,,,,,,,,,,,,,,,,,,,,,,,,,,,,,,,5989.0,2.0,10.0,1.0,1271.0,,Kachha House,SHIMLA ,THEOG
8514.0,40.0,23.0,Active,,,,,,,13-06-2021,,180.0,,,,,,,,,,,,,,,,,,,,,,,,,,,,,,,,,,,,,,,,,,,,,,,,,,,,,,,,,,,,,,,,,,,,,,,,,,,,,,,,,,,,,,,,,,,,,,,,,,,,,,,5990.0,2.0,3.0,1.0,1272.0,,Kachha House,SHIMLA ,ROHRU 
8517.0,40.0,23.0,Active,,,,,,,13-06-2021,,184.0,,,,,,,,,,,,,,,,,,,,,,,,,,,,,,,,,,,,,,,,,,,,,,,,,,,,,,,,,,,,,,,,,,,,,,,,,,,,,,,,,,,,,,,,,,,,,,,,,,,,,,,5993.0,2.0,24.0,1.0,1275.0,,Kachha House,SHIMLA ,KUMARSAIN
8521.0,40.0,23.0,Active,,,,,,,13-06-2021,,183.0,,,,,,,,,,,,,,,,,,,,,,,,,,,,,,,,,,,,,,,,,,,,,,,,,,,,,,,,,,,,,,,,,,,,,,,,,,,,,,,,,,,,,,,,,,,,,,,,,,,,,,,5997.0,1004.0,5.0,1.0,1279.0,,Cowsheds,SHIMLA ,THEOG
8522.0,40.0,23.0,Active,,,,,,,13-06-2021,,179.0,,,,,,,,,,,,,,,,,,,,,,,,,,,,,,,,,,,,,,,,,,,,,,,,,,,,,,,,,,,,,,,,,,,,,,,,,,,,,,,,,,,,,,,,,,,,,,,,,,,,,,,5998.0,1004.0,33.0,1.0,1280.0,,Cowsheds,SHIMLA ,RAMPUR 
8523.0,40.0,23.0,Active,,,,,,,13-06-2021,,177.0,,,,,,,,,,,,,,,,,,,,,,,,,,,,,,,,,,,,,,,,,,,,,,,,,,,,,,,,,,,,,,,,,,,,,,,,,,,,,,,,,,,,,,,,,,,,,,,,,,,,,,,5999.0,1004.0,19.0,1.0,1281.0,,Cowsheds,SHIMLA ,CHOPAL
8524.0,40.0,23.0,Active,,,,,,,13-06-2021,,184.0,,,,,,,,,,,,,,,,,,,,,,,,,,,,,,,,,,,,,,,,,,,,,,,,,,,,,,,,,,,,,,,,,,,,,,,,,,,,,,,,,,,,,,,,,,,,,,,,,,,,,,,6000.0,1004.0,16.0,1.0,1282.0,,Cowsheds,SHIMLA ,KUMARSAIN
8597.0,40.0,16.0,Active,,,,,,,14-06-2021,,87.0,,,,,,,,,,,,,,,,,,,,,,,,,,,,,,,,,,,,,,,,,,,,,,,,,,,,,,,,,,,,,,,,,,,,,,,,,,,,,,,,,,,,,,,,,,,,,,,,,,,,,,,6039.0,1.0,1.0,1.0,1303.0,,Pacca House,CHAMBA ,DALHOUSIE 
8617.0,40.0,25.0,Active,,,,,,,12-06-2021,,159.0,,,,,,,,,,,,,,,,,,,,,,,,,,,,,,,,,,,,,,,,,,,,,,,,,,,,,,,,,,,,,,,,,,,,,,,,,,,,,,,,,,,,,,,,,,,,,,,,,,,,,,,6040.0,1.0,3.0,1.0,1304.0,,Pacca House,SOLAN ,KANDAGHAT 
10968.0,40.0,15.0,Active,,,,,,,19-07-2021,,154.0,,,,,,,,,,,,,,,,,,,,,,,,,,,,,,,,,,,,,,,,,,,,,,,,,,,,,,,,,,,,,,,,,,,,,,,,,,,,,,,,,,,,,,,,,,,,,,,,,,,,,,,7208.0,1004.0,1.0,1.0,1411.0,,Cowsheds,BILASPUR ,JHANDUTTA
11073.0,40.0,23.0,Active,,,,,,,24-07-2021,,183.0,,,,,,,,,,,,,,,,,,,,,,,,,,,,,,,,,,,,,,,,,,,,,,,,,,,,,,,,,,,,,,,,,,,,,,,,,,,,,,,,,,,,,,,,,,,,,,,,,,,,,,,7281.0,2.0,1.0,1.0,1458.0,,Kachha House,SHIMLA ,THEOG
11105.0,40.0,20.0,Active,,,,,,,19-07-2021,,117.0,,,,,,,,,,,,,,,,,,,,,,,,,,,,,,,,,,,,,,,,,,,,,,,,,,,,,,,,,,,,,,,,,,,,,,,,,,,,,,,,,,,,,,,,,,,,,,,,,,,,,,,7292.0,1.0,1.0,1.0,1466.0,,Pacca House,KULLU ,ANI
11167.0,40.0,23.0,Active,,,,,,,28-07-2021,,183.0,,,,,,,,,,,,,,,,,,,,,,,,,,,,,,,,,,,,,,,,,,,,,,,,,,,,,,,,,,,,,,,,,,,,,,,,,,,,,,,,,,,,,,,,,,,,,,,,,,,,,,,7313.0,2.0,4.0,1.0,1481.0,,Kachha House,SHIMLA ,THEOG
11253.0,40.0,18.0,Active,,,,,,,14-07-2021,,95.0,,,,,,,,,,,,,,,,,,,,,,,,,,,,,,,,,,,,,,,,,,,,,,,,,,,,,,,,,,,,,,,,,,,,,,,,,,,,,,,,,,,,,,,,,,,,,,,,,,,,,,,7455.0,1002.0,2.0,2.0,1548.0,,Shops,KANGRA ,DHARAMSHALA 
11277.0,40.0,23.0,Active,,,,,,,29-07-2021,,179.0,,,,,,,,,,,,,,,,,,,,,,,,,,,,,,,,,,,,,,,,,,,,,,,,,,,,,,,,,,,,,,,,,,,,,,,,,,,,,,,,,,,,,,,,,,,,,,,,,,,,,,,7493.0,2.0,3.0,1.0,1569.0,,Kachha House,SHIMLA ,RAMPUR 
11422.0,40.0,25.0,Active,,,,,,,28-07-2021,,161.0,,,,,,,,,,,,,,,,,,,,,,,,,,,,,,,,,,,,,,,,,,,,,,,,,,,,,,,,,,,,,,,,,,,,,,,,,,,,,,,,,,,,,,,,,,,,,,,,,,,,,,,7648.0,2.0,1.0,1.0,1637.0,,Kachha House,SOLAN ,SOLAN
11422.0,40.0,25.0,Active,,,,,,,28-07-2021,,161.0,,,,,,,,,,,,,,,,,,,,,,,,,,,,,,,,,,,,,,,,,,,,,,,,,,,,,,,,,,,,,,,,,,,,,,,,,,,,,,,,,,,,,,,,,,,,,,,,,,,,,,,7651.0,1.0,1.0,1.0,1637.0,,Pacca House,SOLAN ,SOLAN
11121.0,40.0,15.0,Active,,,,,,,25-07-2021,,152.0,,,,,,,,,,,,,,,,,,,,,,,,,,,,,,,,,,,,,,,,,,,,,,,,,,,,,,,,,,,,,,,,,,,,,,,,,,,,,,,,,,,,,,,,,,,,,,,,,,,,,,,7305.0,2.0,1.0,2.0,1474.0,,Kachha House,BILASPUR ,SADAR
11277.0,40.0,23.0,Active,,,,,,,29-07-2021,,182.0,,,,,,,,,,,,,,,,,,,,,,,,,,,,,,,,,,,,,,,,,,,,,,,,,,,,,,,,,,,,,,,,,,,,,,,,,,,,,,,,,,,,,,,,,,,,,,,,,,,,,,,7495.0,1.0,2.0,1.0,1570.0,,Pacca House,SHIMLA ,SHIMLA URBAN 
11342.0,40.0,15.0,Active,,,,,,,30-07-2021,,153.0,,,,,,,,,,,,,,,,,,,,,,,,,,,,,,,,,,,,,,,,,,,,,,,,,,,,,,,,,,,,,,,,,,,,,,,,,,,,,,,,,,,,,,,,,,,,,,,,,,,,,,,7574.0,2.0,1.0,1.0,1606.0,,Kachha House,BILASPUR ,GHUMARWIN
11266.0,40.0,15.0,Active,,,,,,,28-07-2021,,153.0,,,,,,,,,,,,,,,,,,,,,,,,,,,,,,,,,,,,,,,,,,,,,,,,,,,,,,,,,,,,,,,,,,,,,,,,,,,,,,,,,,,,,,,,,,,,,,,,,,,,,,,7467.0,1004.0,1.0,2.0,1553.0,,Cowsheds,BILASPUR ,GHUMARWIN
11358.0,40.0,15.0,Active,,,,,,,31-07-2021,,153.0,,,,,,,,,,,,,,,,,,,,,,,,,,,,,,,,,,,,,,,,,,,,,,,,,,,,,,,,,,,,,,,,,,,,,,,,,,,,,,,,,,,,,,,,,,,,,,,,,,,,,,,7614.0,2.0,1.0,1.0,1614.0,,Kachha House,BILASPUR ,GHUMARWIN
11399.0,40.0,23.0,Active,,,,,,,02-08-2021,,181.0,,,,,,,,,,,,,,,,,,,,,,,,,,,,,,,,,,,,,,,,,,,,,,,,,,,,,,,,,,,,,,,,,,,,,,,,,,,,,,,,,,,,,,,,,,,,,,,,,,,,,,,7642.0,1004.0,2.0,1.0,1631.0,,Cowsheds,SHIMLA ,SHIMLA RURAL 
11491.0,40.0,23.0,Active,,,,,,,05-08-2021,,183.0,,,,,,,,,,,,,,,,,,,,,,,,,,,,,,,,,,,,,,,,,,,,,,,,,,,,,,,,,,,,,,,,,,,,,,,,,,,,,,,,,,,,,,,,,,,,,,,,,,,,,,,7695.0,2.0,1.0,1.0,1671.0,,Kachha House,SHIMLA ,THEOG
11781.0,40.0,20.0,Active,,,,,,,24-07-2021,,117.0,,,,,,,,,,,,,,,,,,,,,,,,,,,,,,,,,,,,,,,,,,,,,,,,,,,,,,,,,,,,,,,,,,,,,,,,,,,,,,,,,,,,,,,,,,,,,,,,,,,,,,,7797.0,1004.0,1.0,2.0,1747.0,,Cowsheds,KULLU ,ANI
11399.0,40.0,23.0,Active,,,,,,,02-08-2021,,182.0,,,,,,,,,,,,,,,,,,,,,,,,,,,,,,,,,,,,,,,,,,,,,,,,,,,,,,,,,,,,,,,,,,,,,,,,,,,,,,,,,,,,,,,,,,,,,,,,,,,,,,,7643.0,2.0,1.0,1.0,1632.0,,Kachha House,SHIMLA ,SHIMLA URBAN 
11435.0,40.0,20.0,Active,,,,,,,30-07-2021,,119.0,,,,,,,,,,,,,,,,,,,,,,,,,,,,,,,,,,,,,,,,,,,,,,,,,,,,,,,,,,,,,,,,,,,,,,,,,,,,,,,,,,,,,,,,,,,,,,,,,,,,,,,7656.0,2.0,3.0,1.0,1641.0,,Kachha House,KULLU ,KULLU 
11834.0,40.0,15.0,Active,,,,,,,08-08-2021,,152.0,,,,,,,,,,,,,,,,,,,,,,,,,,,,,,,,,,,,,,,,,,,,,,,,,,,,,,,,,,,,,,,,,,,,,,,,,,,,,,,,,,,,,,,,,,,,,,,,,,,,,,,7825.0,2.0,1.0,1.0,1774.0,,Kachha House,BILASPUR ,SADAR
11832.0,40.0,15.0,Active,,,,,,,22-08-2021,,152.0,,,,,,,,,,,,,,,,,,,,,,,,,,,,,,,,,,,,,,,,,,,,,,,,,,,,,,,,,,,,,,,,,,,,,,,,,,,,,,,,,,,,,,,,,,,,,,,,,,,,,,,7826.0,1004.0,1.0,1.0,1775.0,,Cowsheds,BILASPUR ,SADAR
11832.0,40.0,15.0,Active,,,,,,,22-08-2021,,152.0,,,,,,,,,,,,,,,,,,,,,,,,,,,,,,,,,,,,,,,,,,,,,,,,,,,,,,,,,,,,,,,,,,,,,,,,,,,,,,,,,,,,,,,,,,,,,,,,,,,,,,,7827.0,1004.0,1.0,1.0,1775.0,,Cowsheds,BILASPUR ,SADAR
11920.0,40.0,15.0,Active,,,,,,,23-08-2021,,153.0,,,,,,,,,,,,,,,,,,,,,,,,,,,,,,,,,,,,,,,,,,,,,,,,,,,,,,,,,,,,,,,,,,,,,,,,,,,,,,,,,,,,,,,,,,,,,,,,,,,,,,,7850.0,2.0,1.0,1.0,1792.0,,Kachha House,BILASPUR ,GHUMARWIN
11920.0,40.0,15.0,Active,,,,,,,23-08-2021,,153.0,,,,,,,,,,,,,,,,,,,,,,,,,,,,,,,,,,,,,,,,,,,,,,,,,,,,,,,,,,,,,,,,,,,,,,,,,,,,,,,,,,,,,,,,,,,,,,,,,,,,,,,7851.0,2.0,1.0,1.0,1792.0,,Kachha House,BILASPUR ,GHUMARWIN
11921.0,40.0,15.0,Active,,,,,,,24-08-2021,,152.0,,,,,,,,,,,,,,,,,,,,,,,,,,,,,,,,,,,,,,,,,,,,,,,,,,,,,,,,,,,,,,,,,,,,,,,,,,,,,,,,,,,,,,,,,,,,,,,,,,,,,,,7852.0,1005.0,1.0,1.0,1793.0,,Gharats,BILASPUR ,SADAR
11918.0,40.0,23.0,Active,,,,,,,25-08-2021,,181.0,,,,,,,,,,,,,,,,,,,,,,,,,,,,,,,,,,,,,,,,,,,,,,,,,,,,,,,,,,,,,,,,,,,,,,,,,,,,,,,,,,,,,,,,,,,,,,,,,,,,,,,7853.0,1.0,1.0,1.0,1794.0,,Pacca House,SHIMLA ,SHIMLA RURAL 
11972.0,40.0,15.0,Active,,,,,,,25-08-2021,,153.0,,,,,,,,,,,,,,,,,,,,,,,,,,,,,,,,,,,,,,,,,,,,,,,,,,,,,,,,,,,,,,,,,,,,,,,,,,,,,,,,,,,,,,,,,,,,,,,,,,,,,,,7872.0,1004.0,1.0,2.0,1806.0,,Cowsheds,BILASPUR ,GHUMARWIN
12001.0,40.0,15.0,Active,,,,,,,26-08-2021,,152.0,,,,,,,,,,,,,,,,,,,,,,,,,,,,,,,,,,,,,,,,,,,,,,,,,,,,,,,,,,,,,,,,,,,,,,,,,,,,,,,,,,,,,,,,,,,,,,,,,,,,,,,7886.0,1004.0,1.0,1.0,1816.0,,Cowsheds,BILASPUR ,SADAR
8255.0,40.0,23.0,Active,,,,,,,30-04-2021,,179.0,,,,,,,,,,,,,,,,,,,,,,,,,,,,,,,,,,,,,,,,,,,,,,,,,,,,,,,,,,,,,,,,,,,,,,,,,,,,,,,,,,,,,,,,,,,,,,,,,,,,,,,5835.0,1004.0,4.0,2.0,1149.0,,Cowsheds,SHIMLA ,RAMPUR 
8312.0,40.0,22.0,Active,,,,,,,12-05-2021,,129.0,,,,,,,,,,,,,,,,,,,,,,,,,,,,,,,,,,,,,,,,,,,,,,,,,,,,,,,,,,,,,,,,,,,,,,,,,,,,,,,,,,,,,,,,,,,,,,,,,,,,,,,5865.0,1004.0,1.0,1.0,1168.0,,Cowsheds,MANDI ,SARKAGHAT 
11253.0,40.0,18.0,Active,,,,,,,14-07-2021,,95.0,,,,,,,,,,,,,,,,,,,,,,,,,,,,,,,,,,,,,,,,,,,,,,,,,,,,,,,,,,,,,,,,,,,,,,,,,,,,,,,,,,,,,,,,,,,,,,,,,,,,,,,7456.0,1004.0,8.0,2.0,1548.0,,Cowsheds,KANGRA ,DHARAMSHALA 
11341.0,40.0,15.0,Active,,,,,,,29-07-2021,,153.0,,,,,,,,,,,,,,,,,,,,,,,,,,,,,,,,,,,,,,,,,,,,,,,,,,,,,,,,,,,,,,,,,,,,,,,,,,,,,,,,,,,,,,,,,,,,,,,,,,,,,,,7573.0,2.0,1.0,1.0,1605.0,,Kachha House,BILASPUR ,GHUMARWIN
11342.0,40.0,15.0,Active,,,,,,,30-07-2021,,153.0,,,,,,,,,,,,,,,,,,,,,,,,,,,,,,,,,,,,,,,,,,,,,,,,,,,,,,,,,,,,,,,,,,,,,,,,,,,,,,,,,,,,,,,,,,,,,,,,,,,,,,,7615.0,2.0,1.0,1.0,1615.0,,Kachha House,BILASPUR ,GHUMARWIN
11422.0,40.0,25.0,Active,,,,,,,28-07-2021,,161.0,,,,,,,,,,,,,,,,,,,,,,,,,,,,,,,,,,,,,,,,,,,,,,,,,,,,,,,,,,,,,,,,,,,,,,,,,,,,,,,,,,,,,,,,,,,,,,,,,,,,,,,7650.0,2.0,1.0,1.0,1637.0,,Kachha House,SOLAN ,SOLAN
11705.0,40.0,21.0,Active,,,,,,,27-07-2021,,116.0,,,,,,,,,,,,,,,,,,,,,,,,,,,,,,,,,,,,,,,,,,,,,,,,,,,,,,,,,,,,,,,,,,,,,,,,,,,,,,,,,,,,,,,,,,,,,,,,,,,,,,,7782.0,2.0,1.0,2.0,1735.0,,Kachha House,LAHAUL AND SPITI ,UDAIPUR
11781.0,40.0,20.0,Active,,,,,,,24-07-2021,,117.0,,,,,,,,,,,,,,,,,,,,,,,,,,,,,,,,,,,,,,,,,,,,,,,,,,,,,,,,,,,,,,,,,,,,,,,,,,,,,,,,,,,,,,,,,,,,,,,,,,,,,,,7796.0,2.0,3.0,1.0,1747.0,,Kachha House,KULLU ,ANI
12004.0,40.0,23.0,Active,,,,,,,27-08-2021,,179.0,,,,,,,,,,,,,,,,,,,,,,,,,,,,,,,,,,,,,,,,,,,,,,,,,,,,,,,,,,,,,,,,,,,,,,,,,,,,,,,,,,,,,,,,,,,,,,,,,,,,,,,7887.0,1004.0,1.0,1.0,1817.0,,Cowsheds,SHIMLA ,RAMPUR 
16754.0,40.0,23.0,Active,,,,,,,05-03-2022,,179.0,,,,,,,,,,,,,,,,,,,,,,,,,,,,,,,,,,,,,,,,,,,,,,,,,,,,,,,,,,,,,,,,,,,,,,,,,,,,,,,,,,,,,,,,,,,,,,,,,,,,,,,10545.0,1004.0,1.0,2.0,2325.0,,Cowsheds,SHIMLA ,RAMPUR 
15447.0,40.0,23.0,Active,,,,,,,27-01-2022,,183.0,,,,,,,,,,,,,,,,,,,,,,,,,,,,,,,,,,,,,,,,,,,,,,,,,,,,,,,,,,,,,,,,,,,,,,,,,,,,,,,,,,,,,,,,,,,,,,,,,,,,,,,10460.0,2.0,1.0,1.0,2252.0,,Kachha House,SHIMLA ,THEOG
16726.0,40.0,23.0,Active,,,,,,,28-02-2022,,183.0,,,,,,,,,,,,,,,,,,,,,,,,,,,,,,,,,,,,,,,,,,,,,,,,,,,,,,,,,,,,,,,,,,,,,,,,,,,,,,,,,,,,,,,,,,,,,,,,,,,,,,,10537.0,1004.0,1.0,2.0,2317.0,,Cowsheds,SHIMLA ,THEOG
8617.0,40.0,25.0,Active,,,,,,,12-06-2021,,159.0,,,,,,,,,,,,,,,,,,,,,,,,,,,,,,,,,,,,,,,,,,,,,,,,,,,,,,,,,,,,,,,,,,,,,,,,,,,,,,,,,,,,,,,,,,,,,,,,,,,,,,,6041.0,1004.0,2.0,1.0,1304.0,,Cowsheds,SOLAN ,KANDAGHAT 
8617.0,40.0,25.0,Active,,,,,,,12-06-2021,,159.0,,,,,,,,,,,,,,,,,,,,,,,,,,,,,,,,,,,,,,,,,,,,,,,,,,,,,,,,,,,,,,,,,,,,,,,,,,,,,,,,,,,,,,,,,,,,,,,,,,,,,,,6044.0,-1.0,0.0,-1.0,1304.0,,,SOLAN ,KANDAGHAT 
8617.0,40.0,25.0,Active,,,,,,,12-06-2021,,158.0,,,,,,,,,,,,,,,,,,,,,,,,,,,,,,,,,,,,,,,,,,,,,,,,,,,,,,,,,,,,,,,,,,,,,,,,,,,,,,,,,,,,,,,,,,,,,,,,,,,,,,,6047.0,2.0,2.0,1.0,1305.0,,Kachha House,SOLAN ,ARKI 
8617.0,40.0,25.0,Active,,,,,,,12-06-2021,,158.0,,,,,,,,,,,,,,,,,,,,,,,,,,,,,,,,,,,,,,,,,,,,,,,,,,,,,,,,,,,,,,,,,,,,,,,,,,,,,,,,,,,,,,,,,,,,,,,,,,,,,,,6048.0,1.0,1.0,1.0,1305.0,,Pacca House,SOLAN ,ARKI 
8617.0,40.0,25.0,Active,,,,,,,12-06-2021,,161.0,,,,,,,,,,,,,,,,,,,,,,,,,,,,,,,,,,,,,,,,,,,,,,,,,,,,,,,,,,,,,,,,,,,,,,,,,,,,,,,,,,,,,,,,,,,,,,,,,,,,,,,6049.0,1.0,2.0,1.0,1306.0,,Pacca House,SOLAN ,SOLAN
8617.0,40.0,25.0,Active,,,,,,,12-06-2021,,161.0,,,,,,,,,,,,,,,,,,,,,,,,,,,,,,,,,,,,,,,,,,,,,,,,,,,,,,,,,,,,,,,,,,,,,,,,,,,,,,,,,,,,,,,,,,,,,,,,,,,,,,,6050.0,2.0,2.0,1.0,1306.0,,Kachha House,SOLAN ,SOLAN
8650.0,40.0,16.0,Active,,,,,,,17-06-2021,,87.0,,,,,,,,,,,,,,,,,,,,,,,,,,,,,,,,,,,,,,,,,,,,,,,,,,,,,,,,,,,,,,,,,,,,,,,,,,,,,,,,,,,,,,,,,,,,,,,,,,,,,,,6055.0,2.0,1.0,1.0,1309.0,,Kachha House,CHAMBA ,DALHOUSIE 
8652.0,40.0,23.0,Active,,,,,,,18-06-2021,,179.0,,,,,,,,,,,,,,,,,,,,,,,,,,,,,,,,,,,,,,,,,,,,,,,,,,,,,,,,,,,,,,,,,,,,,,,,,,,,,,,,,,,,,,,,,,,,,,,,,,,,,,,6056.0,1.0,2.0,1.0,1310.0,,Pacca House,SHIMLA ,RAMPUR 
8652.0,40.0,23.0,Active,,,,,,,18-06-2021,,179.0,,,,,,,,,,,,,,,,,,,,,,,,,,,,,,,,,,,,,,,,,,,,,,,,,,,,,,,,,,,,,,,,,,,,,,,,,,,,,,,,,,,,,,,,,,,,,,,,,,,,,,,6057.0,2.0,10.0,1.0,1310.0,,Kachha House,SHIMLA ,RAMPUR 
8255.0,40.0,23.0,Active,,,,,,,30-04-2021,,179.0,,,,,,,,,,,,,,,,,,,,,,,,,,,,,,,,,,,,,,,,,,,,,,,,,,,,,,,,,,,,,,,,,,,,,,,,,,,,,,,,,,,,,,,,,,,,,,,,,,,,,,,5833.0,1.0,1.0,1.0,1147.0,,Pacca House,SHIMLA ,RAMPUR 
8516.0,40.0,23.0,Active,,,,,,,13-06-2021,,177.0,,,,,,,,,,,,,,,,,,,,,,,,,,,,,,,,,,,,,,,,,,,,,,,,,,,,,,,,,,,,,,,,,,,,,,,,,,,,,,,,,,,,,,,,,,,,,,,,,,,,,,,5992.0,2.0,31.0,1.0,1274.0,,Kachha House,SHIMLA ,CHOPAL
8617.0,40.0,25.0,Active,,,,,,,12-06-2021,,159.0,,,,,,,,,,,,,,,,,,,,,,,,,,,,,,,,,,,,,,,,,,,,,,,,,,,,,,,,,,,,,,,,,,,,,,,,,,,,,,,,,,,,,,,,,,,,,,,,,,,,,,,6042.0,2.0,1.0,1.0,1304.0,,Kachha House,SOLAN ,KANDAGHAT 
8821.0,40.0,15.0,Active,,,,,,,08-07-2021,,152.0,,,,,,,,,,,,,,,,,,,,,,,,,,,,,,,,,,,,,,,,,,,,,,,,,,,,,,,,,,,,,,,,,,,,,,,,,,,,,,,,,,,,,,,,,,,,,,,,,,,,,,,6147.0,1.0,1.0,2.0,1364.0,,Pacca House,BILASPUR ,SADAR
8828.0,40.0,15.0,Active,,,,,,,10-07-2021,,152.0,,,,,,,,,,,,,,,,,,,,,,,,,,,,,,,,,,,,,,,,,,,,,,,,,,,,,,,,,,,,,,,,,,,,,,,,,,,,,,,,,,,,,,,,,,,,,,,,,,,,,,,6150.0,1002.0,3.0,1.0,1367.0,,Shops,BILASPUR ,SADAR
8905.0,40.0,23.0,Active,,,,,,,14-07-2021,,177.0,,,,,,,,,,,,,,,,,,,,,,,,,,,,,,,,,,,,,,,,,,,,,,,,,,,,,,,,,,,,,,,,,,,,,,,,,,,,,,,,,,,,,,,,,,,,,,,,,,,,,,,6173.0,1004.0,1.0,2.0,1386.0,,Cowsheds,SHIMLA ,CHOPAL
8905.0,40.0,23.0,Active,,,,,,,14-07-2021,,177.0,,,,,,,,,,,,,,,,,,,,,,,,,,,,,,,,,,,,,,,,,,,,,,,,,,,,,,,,,,,,,,,,,,,,,,,,,,,,,,,,,,,,,,,,,,,,,,,,,,,,,,,6174.0,1.0,3.0,2.0,1386.0,,Pacca House,SHIMLA ,CHOPAL
8905.0,40.0,23.0,Active,,,,,,,14-07-2021,,177.0,,,,,,,,,,,,,,,,,,,,,,,,,,,,,,,,,,,,,,,,,,,,,,,,,,,,,,,,,,,,,,,,,,,,,,,,,,,,,,,,,,,,,,,,,,,,,,,,,,,,,,,6175.0,2.0,3.0,2.0,1386.0,,Kachha House,SHIMLA ,CHOPAL
8926.0,40.0,23.0,Active,,,,,,,15-07-2021,,177.0,,,,,,,,,,,,,,,,,,,,,,,,,,,,,,,,,,,,,,,,,,,,,,,,,,,,,,,,,,,,,,,,,,,,,,,,,,,,,,,,,,,,,,,,,,,,,,,,,,,,,,,6180.0,2.0,1.0,2.0,1390.0,,Kachha House,SHIMLA ,CHOPAL
10942.0,40.0,15.0,Active,,,,,,,16-07-2021,,153.0,,,,,,,,,,,,,,,,,,,,,,,,,,,,,,,,,,,,,,,,,,,,,,,,,,,,,,,,,,,,,,,,,,,,,,,,,,,,,,,,,,,,,,,,,,,,,,,,,,,,,,,7192.0,1.0,1.0,1.0,1400.0,,Pacca House,BILASPUR ,GHUMARWIN
8445.0,40.0,23.0,Active,,,,,,,04-06-2021,,181.0,,,,,,,,,,,,,,,,,,,,,,,,,,,,,,,,,,,,,,,,,,,,,,,,,,,,,,,,,,,,,,,,,,,,,,,,,,,,,,,,,,,,,,,,,,,,,,,,,,,,,,,5927.0,1004.0,1.0,1.0,1220.0,,Cowsheds,SHIMLA ,SHIMLA RURAL 
8617.0,40.0,25.0,Active,,,,,,,12-06-2021,,158.0,,,,,,,,,,,,,,,,,,,,,,,,,,,,,,,,,,,,,,,,,,,,,,,,,,,,,,,,,,,,,,,,,,,,,,,,,,,,,,,,,,,,,,,,,,,,,,,,,,,,,,,6046.0,1004.0,9.0,1.0,1305.0,,Cowsheds,SOLAN ,ARKI 
8850.0,40.0,16.0,Active,,,,,,,10-07-2021,,87.0,,,,,,,,,,,,,,,,,,,,,,,,,,,,,,,,,,,,,,,,,,,,,,,,,,,,,,,,,,,,,,,,,,,,,,,,,,,,,,,,,,,,,,,,,,,,,,,,,,,,,,,6156.0,2.0,1.0,1.0,1373.0,,Kachha House,CHAMBA ,DALHOUSIE 
8904.0,40.0,23.0,Active,,,,,,,14-07-2021,,179.0,,,,,,,,,,,,,,,,,,,,,,,,,,,,,,,,,,,,,,,,,,,,,,,,,,,,,,,,,,,,,,,,,,,,,,,,,,,,,,,,,,,,,,,,,,,,,,,,,,,,,,,6171.0,1.0,1.0,1.0,1385.0,,Pacca House,SHIMLA ,RAMPUR 
8904.0,40.0,23.0,Active,,,,,,,14-07-2021,,179.0,,,,,,,,,,,,,,,,,,,,,,,,,,,,,,,,,,,,,,,,,,,,,,,,,,,,,,,,,,,,,,,,,,,,,,,,,,,,,,,,,,,,,,,,,,,,,,,,,,,,,,,6172.0,1004.0,1.0,1.0,1385.0,,Cowsheds,SHIMLA ,RAMPUR 
10955.0,40.0,15.0,Active,,,,,,,18-07-2021,,153.0,,,,,,,,,,,,,,,,,,,,,,,,,,,,,,,,,,,,,,,,,,,,,,,,,,,,,,,,,,,,,,,,,,,,,,,,,,,,,,,,,,,,,,,,,,,,,,,,,,,,,,,7194.0,1004.0,1.0,2.0,1402.0,,Cowsheds,BILASPUR ,GHUMARWIN
11061.0,40.0,16.0,Active,,,,,,,20-07-2021,,87.0,,,,,,,,,,,,,,,,,,,,,,,,,,,,,,,,,,,,,,,,,,,,,,,,,,,,,,,,,,,,,,,,,,,,,,,,,,,,,,,,,,,,,,,,,,,,,,,,,,,,,,,7261.0,1004.0,1.0,2.0,1444.0,,Cowsheds,CHAMBA ,DALHOUSIE 
8403.0,40.0,23.0,Active,,,,,,,01-06-2021,,183.0,,,,,,,,,,,,,,,,,,,,,,,,,,,,,,,,,,,,,,,,,,,,,,,,,,,,,,,,,,,,,,,,,,,,,,,,,,,,,,,,,,,,,,,,,,,,,,,,,,,,,,,5907.0,2.0,1.0,1.0,1202.0,,Kachha House,SHIMLA ,THEOG
8499.0,43.0,16.0,Active,,,,,,,10-06-2021,,83.0,,,,,,,,,,,,,,,,,,,,,,,,,,,,,,,,,,,,,,,,,,,,,,,,,,,,,,,,,,,,,,,,,,,,,,,,,,,,,,,,,,,,,,,,,,,,,,,,,,,,,,,5959.0,2.0,5.0,1.0,1251.0,,Kachha House,CHAMBA ,BHARMAUR
8520.0,40.0,23.0,Active,,,,,,,13-06-2021,,181.0,,,,,,,,,,,,,,,,,,,,,,,,,,,,,,,,,,,,,,,,,,,,,,,,,,,,,,,,,,,,,,,,,,,,,,,,,,,,,,,,,,,,,,,,,,,,,,,,,,,,,,,5996.0,1004.0,5.0,1.0,1278.0,,Cowsheds,SHIMLA ,SHIMLA RURAL 
8617.0,40.0,25.0,Active,,,,,,,12-06-2021,,161.0,,,,,,,,,,,,,,,,,,,,,,,,,,,,,,,,,,,,,,,,,,,,,,,,,,,,,,,,,,,,,,,,,,,,,,,,,,,,,,,,,,,,,,,,,,,,,,,,,,,,,,,6051.0,1004.0,2.0,1.0,1306.0,,Cowsheds,SOLAN ,SOLAN
8714.0,40.0,15.0,Active,,,,,,,24-06-2021,,153.0,,,,,,,,,,,,,,,,,,,,,,,,,,,,,,,,,,,,,,,,,,,,,,,,,,,,,,,,,,,,,,,,,,,,,,,,,,,,,,,,,,,,,,,,,,,,,,,,,,,,,,,6113.0,1004.0,1.0,2.0,1342.0,,Cowsheds,BILASPUR ,GHUMARWIN
8845.0,40.0,15.0,Active,,,,,,,11-07-2021,,153.0,,,,,,,,,,,,,,,,,,,,,,,,,,,,,,,,,,,,,,,,,,,,,,,,,,,,,,,,,,,,,,,,,,,,,,,,,,,,,,,,,,,,,,,,,,,,,,,,,,,,,,,6155.0,1004.0,1.0,1.0,1372.0,,Cowsheds,BILASPUR ,GHUMARWIN
11012.0,40.0,15.0,Active,,,,,,,21-07-2021,,153.0,,,,,,,,,,,,,,,,,,,,,,,,,,,,,,,,,,,,,,,,,,,,,,,,,,,,,,,,,,,,,,,,,,,,,,,,,,,,,,,,,,,,,,,,,,,,,,,,,,,,,,,7230.0,1004.0,1.0,1.0,1423.0,,Cowsheds,BILASPUR ,GHUMARWIN
11105.0,40.0,20.0,Active,,,,,,,19-07-2021,,117.0,,,,,,,,,,,,,,,,,,,,,,,,,,,,,,,,,,,,,,,,,,,,,,,,,,,,,,,,,,,,,,,,,,,,,,,,,,,,,,,,,,,,,,,,,,,,,,,,,,,,,,,7291.0,2.0,3.0,1.0,1466.0,,Kachha House,KULLU ,ANI
11108.0,40.0,20.0,Active,,,,,,,22-07-2021,,118.0,,,,,,,,,,,,,,,,,,,,,,,,,,,,,,,,,,,,,,,,,,,,,,,,,,,,,,,,,,,,,,,,,,,,,,,,,,,,,,,,,,,,,,,,,,,,,,,,,,,,,,,7296.0,2.0,2.0,1.0,1468.0,,Kachha House,KULLU ,BANJAR 
11111.0,40.0,20.0,Active,,,,,,,24-07-2021,,117.0,,,,,,,,,,,,,,,,,,,,,,,,,,,,,,,,,,,,,,,,,,,,,,,,,,,,,,,,,,,,,,,,,,,,,,,,,,,,,,,,,,,,,,,,,,,,,,,,,,,,,,,7298.0,2.0,3.0,1.0,1469.0,,Kachha House,KULLU ,ANI
11121.0,40.0,15.0,Active,,,,,,,25-07-2021,,152.0,,,,,,,,,,,,,,,,,,,,,,,,,,,,,,,,,,,,,,,,,,,,,,,,,,,,,,,,,,,,,,,,,,,,,,,,,,,,,,,,,,,,,,,,,,,,,,,,,,,,,,,7304.0,1004.0,1.0,2.0,1474.0,,Cowsheds,BILASPUR ,SADAR
8515.0,40.0,23.0,Active,,,,,,,13-06-2021,,179.0,,,,,,,,,,,,,,,,,,,,,,,,,,,,,,,,,,,,,,,,,,,,,,,,,,,,,,,,,,,,,,,,,,,,,,,,,,,,,,,,,,,,,,,,,,,,,,,,,,,,,,,5991.0,2.0,32.0,1.0,1273.0,,Kachha House,SHIMLA ,RAMPUR 
8518.0,40.0,23.0,Active,,,,,,,13-06-2021,,181.0,,,,,,,,,,,,,,,,,,,,,,,,,,,,,,,,,,,,,,,,,,,,,,,,,,,,,,,,,,,,,,,,,,,,,,,,,,,,,,,,,,,,,,,,,,,,,,,,,,,,,,,5994.0,1003.0,3.0,1.0,1276.0,,Labour Sheds,SHIMLA ,SHIMLA RURAL 
8617.0,40.0,25.0,Active,,,,,,,12-06-2021,,159.0,,,,,,,,,,,,,,,,,,,,,,,,,,,,,,,,,,,,,,,,,,,,,,,,,,,,,,,,,,,,,,,,,,,,,,,,,,,,,,,,,,,,,,,,,,,,,,,,,,,,,,,6045.0,-1.0,0.0,-1.0,1304.0,,,SOLAN ,KANDAGHAT 
8649.0,40.0,23.0,Active,,,,,,,19-06-2021,,183.0,,,,,,,,,,,,,,,,,,,,,,,,,,,,,,,,,,,,,,,,,,,,,,,,,,,,,,,,,,,,,,,,,,,,,,,,,,,,,,,,,,,,,,,,,,,,,,,,,,,,,,,6054.0,2.0,1.0,1.0,1308.0,,Kachha House,SHIMLA ,THEOG
11111.0,40.0,20.0,Active,,,,,,,24-07-2021,,117.0,,,,,,,,,,,,,,,,,,,,,,,,,,,,,,,,,,,,,,,,,,,,,,,,,,,,,,,,,,,,,,,,,,,,,,,,,,,,,,,,,,,,,,,,,,,,,,,,,,,,,,,7299.0,1004.0,1.0,2.0,1469.0,,Cowsheds,KULLU ,ANI
8617.0,40.0,25.0,Active,,,,,,,12-06-2021,,159.0,,,,,,,,,,,,,,,,,,,,,,,,,,,,,,,,,,,,,,,,,,,,,,,,,,,,,,,,,,,,,,,,,,,,,,,,,,,,,,,,,,,,,,,,,,,,,,,,,,,,,,,6043.0,-1.0,0.0,-1.0,1304.0,,,SOLAN ,KANDAGHAT 
11106.0,40.0,20.0,Active,,,,,,,15-07-2021,,119.0,,,,,,,,,,,,,,,,,,,,,,,,,,,,,,,,,,,,,,,,,,,,,,,,,,,,,,,,,,,,,,,,,,,,,,,,,,,,,,,,,,,,,,,,,,,,,,,,,,,,,,,7294.0,2.0,3.0,1.0,1467.0,,Kachha House,KULLU ,KULLU 
8498.0,43.0,16.0,Active,,,,,,,10-06-2021,,84.0,,,,,,,,,,,,,,,,,,,,,,,,,,,,,,,,,,,,,,,,,,,,,,,,,,,,,,,,,,,,,,,,,,,,,,,,,,,,,,,,,,,,,,,,,,,,,,,,,,,,,,,5958.0,2.0,1.0,1.0,1250.0,,Kachha House,CHAMBA ,CHAMBA
8652.0,40.0,23.0,Active,,,,,,,18-06-2021,,179.0,,,,,,,,,,,,,,,,,,,,,,,,,,,,,,,,,,,,,,,,,,,,,,,,,,,,,,,,,,,,,,,,,,,,,,,,,,,,,,,,,,,,,,,,,,,,,,,,,,,,,,,6058.0,1004.0,10.0,1.0,1310.0,,Cowsheds,SHIMLA ,RAMPUR 
10968.0,40.0,15.0,Active,,,,,,,19-07-2021,,154.0,,,,,,,,,,,,,,,,,,,,,,,,,,,,,,,,,,,,,,,,,,,,,,,,,,,,,,,,,,,,,,,,,,,,,,,,,,,,,,,,,,,,,,,,,,,,,,,,,,,,,,,7209.0,1004.0,1.0,1.0,1411.0,,Cowsheds,BILASPUR ,JHANDUTTA
11105.0,40.0,20.0,Active,,,,,,,19-07-2021,,117.0,,,,,,,,,,,,,,,,,,,,,,,,,,,,,,,,,,,,,,,,,,,,,,,,,,,,,,,,,,,,,,,,,,,,,,,,,,,,,,,,,,,,,,,,,,,,,,,,,,,,,,,7293.0,1004.0,1.0,2.0,1466.0,,Cowsheds,KULLU ,ANI
11120.0,40.0,15.0,Active,,,,,,,11-07-2021,,153.0,,,,,,,,,,,,,,,,,,,,,,,,,,,,,,,,,,,,,,,,,,,,,,,,,,,,,,,,,,,,,,,,,,,,,,,,,,,,,,,,,,,,,,,,,,,,,,,,,,,,,,,7303.0,1004.0,1.0,1.0,1473.0,,Cowsheds,BILASPUR ,GHUMARWIN
11253.0,40.0,18.0,Active,,,,,,,14-07-2021,,95.0,,,,,,,,,,,,,,,,,,,,,,,,,,,,,,,,,,,,,,,,,,,,,,,,,,,,,,,,,,,,,,,,,,,,,,,,,,,,,,,,,,,,,,,,,,,,,,,,,,,,,,,7454.0,1.0,20.0,2.0,1548.0,,Pacca House,KANGRA ,DHARAMSHALA 
11266.0,40.0,15.0,Active,,,,,,,28-07-2021,,153.0,,,,,,,,,,,,,,,,,,,,,,,,,,,,,,,,,,,,,,,,,,,,,,,,,,,,,,,,,,,,,,,,,,,,,,,,,,,,,,,,,,,,,,,,,,,,,,,,,,,,,,,7468.0,2.0,1.0,1.0,1553.0,,Kachha House,BILASPUR ,GHUMARWIN
11277.0,40.0,23.0,Active,,,,,,,29-07-2021,,183.0,,,,,,,,,,,,,,,,,,,,,,,,,,,,,,,,,,,,,,,,,,,,,,,,,,,,,,,,,,,,,,,,,,,,,,,,,,,,,,,,,,,,,,,,,,,,,,,,,,,,,,,7491.0,2.0,1.0,1.0,1568.0,,Kachha House,SHIMLA ,THEOG
11277.0,40.0,23.0,Active,,,,,,,29-07-2021,,183.0,,,,,,,,,,,,,,,,,,,,,,,,,,,,,,,,,,,,,,,,,,,,,,,,,,,,,,,,,,,,,,,,,,,,,,,,,,,,,,,,,,,,,,,,,,,,,,,,,,,,,,,7492.0,1004.0,1.0,1.0,1568.0,,Cowsheds,SHIMLA ,THEOG
11277.0,40.0,23.0,Active,,,,,,,29-07-2021,,179.0,,,,,,,,,,,,,,,,,,,,,,,,,,,,,,,,,,,,,,,,,,,,,,,,,,,,,,,,,,,,,,,,,,,,,,,,,,,,,,,,,,,,,,,,,,,,,,,,,,,,,,,7494.0,1004.0,3.0,1.0,1569.0,,Cowsheds,SHIMLA ,RAMPUR 
11280.0,40.0,16.0,Active,,,,,,,28-07-2021,,87.0,,,,,,,,,,,,,,,,,,,,,,,,,,,,,,,,,,,,,,,,,,,,,,,,,,,,,,,,,,,,,,,,,,,,,,,,,,,,,,,,,,,,,,,,,,,,,,,,,,,,,,,7501.0,1004.0,1.0,2.0,1576.0,,Cowsheds,CHAMBA ,DALHOUSIE 
8926.0,40.0,23.0,Active,,,,,,,15-07-2021,,177.0,,,,,,,,,,,,,,,,,,,,,,,,,,,,,,,,,,,,,,,,,,,,,,,,,,,,,,,,,,,,,,,,,,,,,,,,,,,,,,,,,,,,,,,,,,,,,,,,,,,,,,,6181.0,1004.0,1.0,1.0,1390.0,,Cowsheds,SHIMLA ,CHOPAL
10955.0,40.0,15.0,Active,,,,,,,18-07-2021,,153.0,,,,,,,,,,,,,,,,,,,,,,,,,,,,,,,,,,,,,,,,,,,,,,,,,,,,,,,,,,,,,,,,,,,,,,,,,,,,,,,,,,,,,,,,,,,,,,,,,,,,,,,7195.0,1004.0,1.0,1.0,1402.0,,Cowsheds,BILASPUR ,GHUMARWIN
11083.0,40.0,15.0,Active,,,,,,,22-07-2021,,153.0,,,,,,,,,,,,,,,,,,,,,,,,,,,,,,,,,,,,,,,,,,,,,,,,,,,,,,,,,,,,,,,,,,,,,,,,,,,,,,,,,,,,,,,,,,,,,,,,,,,,,,,7288.0,1004.0,1.0,1.0,1463.0,,Cowsheds,BILASPUR ,GHUMARWIN
8649.0,40.0,23.0,Active,,,,,,,19-06-2021,,183.0,,,,,,,,,,,,,,,,,,,,,,,,,,,,,,,,,,,,,,,,,,,,,,,,,,,,,,,,,,,,,,,,,,,,,,,,,,,,,,,,,,,,,,,,,,,,,,,,,,,,,,,6053.0,1.0,1.0,1.0,1308.0,,Pacca House,SHIMLA ,THEOG
11108.0,40.0,20.0,Active,,,,,,,22-07-2021,,118.0,,,,,,,,,,,,,,,,,,,,,,,,,,,,,,,,,,,,,,,,,,,,,,,,,,,,,,,,,,,,,,,,,,,,,,,,,,,,,,,,,,,,,,,,,,,,,,,,,,,,,,,7297.0,1007.0,1.0,1.0,1468.0,,Huts,KULLU ,BANJAR 
11106.0,40.0,20.0,Active,,,,,,,15-07-2021,,119.0,,,,,,,,,,,,,,,,,,,,,,,,,,,,,,,,,,,,,,,,,,,,,,,,,,,,,,,,,,,,,,,,,,,,,,,,,,,,,,,,,,,,,,,,,,,,,,,,,,,,,,,7295.0,1004.0,1.0,2.0,1467.0,,Cowsheds,KULLU ,KULLU 
11399.0,40.0,23.0,Active,,,,,,,02-08-2021,,181.0,,,,,,,,,,,,,,,,,,,,,,,,,,,,,,,,,,,,,,,,,,,,,,,,,,,,,,,,,,,,,,,,,,,,,,,,,,,,,,,,,,,,,,,,,,,,,,,,,,,,,,,7640.0,2.0,3.0,2.0,1631.0,,Kachha House,SHIMLA ,SHIMLA RURAL 
11422.0,40.0,25.0,Active,,,,,,,28-07-2021,,161.0,,,,,,,,,,,,,,,,,,,,,,,,,,,,,,,,,,,,,,,,,,,,,,,,,,,,,,,,,,,,,,,,,,,,,,,,,,,,,,,,,,,,,,,,,,,,,,,,,,,,,,,7649.0,2.0,1.0,1.0,1637.0,,Kachha House,SOLAN ,SOLAN
11422.0,40.0,25.0,Active,,,,,,,28-07-2021,,161.0,,,,,,,,,,,,,,,,,,,,,,,,,,,,,,,,,,,,,,,,,,,,,,,,,,,,,,,,,,,,,,,,,,,,,,,,,,,,,,,,,,,,,,,,,,,,,,,,,,,,,,,7652.0,1.0,1.0,1.0,1637.0,,Pacca House,SOLAN ,SOLAN
11422.0,40.0,25.0,Active,,,,,,,28-07-2021,,160.0,,,,,,,,,,,,,,,,,,,,,,,,,,,,,,,,,,,,,,,,,,,,,,,,,,,,,,,,,,,,,,,,,,,,,,,,,,,,,,,,,,,,,,,,,,,,,,,,,,,,,,,7653.0,1004.0,1.0,2.0,1638.0,,Cowsheds,SOLAN ,NALAGARH 
11435.0,40.0,20.0,Active,,,,,,,30-07-2021,,119.0,,,,,,,,,,,,,,,,,,,,,,,,,,,,,,,,,,,,,,,,,,,,,,,,,,,,,,,,,,,,,,,,,,,,,,,,,,,,,,,,,,,,,,,,,,,,,,,,,,,,,,,7657.0,1004.0,1.0,1.0,1641.0,,Cowsheds,KULLU ,KULLU 
11832.0,40.0,15.0,Active,,,,,,,22-08-2021,,155.0,,,,,,,,,,,,,,,,,,,,,,,,,,,,,,,,,,,,,,,,,,,,,,,,,,,,,,,,,,,,,,,,,,,,,,,,,,,,,,,,,,,,,,,,,,,,,,,,,,,,,,,7828.0,1004.0,1.0,2.0,1776.0,,Cowsheds,BILASPUR ,SWARGHAT
11886.0,40.0,23.0,Active,,,,,,,24-08-2021,,182.0,,,,,,,,,,,,,,,,,,,,,,,,,,,,,,,,,,,,,,,,,,,,,,,,,,,,,,,,,,,,,,,,,,,,,,,,,,,,,,,,,,,,,,,,,,,,,,,,,,,,,,,7841.0,2.0,1.0,1.0,1785.0,,Kachha House,SHIMLA ,SHIMLA URBAN 
12005.0,40.0,23.0,Active,,,,,,,27-08-2021,,183.0,,,,,,,,,,,,,,,,,,,,,,,,,,,,,,,,,,,,,,,,,,,,,,,,,,,,,,,,,,,,,,,,,,,,,,,,,,,,,,,,,,,,,,,,,,,,,,,,,,,,,,,7889.0,2.0,1.0,1.0,1818.0,,Kachha House,SHIMLA ,THEOG
11342.0,40.0,15.0,Active,,,,,,,30-07-2021,,153.0,,,,,,,,,,,,,,,,,,,,,,,,,,,,,,,,,,,,,,,,,,,,,,,,,,,,,,,,,,,,,,,,,,,,,,,,,,,,,,,,,,,,,,,,,,,,,,,,,,,,,,,7575.0,2.0,1.0,1.0,1606.0,,Kachha House,BILASPUR ,GHUMARWIN
11491.0,40.0,23.0,Active,,,,,,,05-08-2021,,183.0,,,,,,,,,,,,,,,,,,,,,,,,,,,,,,,,,,,,,,,,,,,,,,,,,,,,,,,,,,,,,,,,,,,,,,,,,,,,,,,,,,,,,,,,,,,,,,,,,,,,,,,7696.0,1003.0,1.0,1.0,1671.0,,Labour Sheds,SHIMLA ,THEOG
12152.0,40.0,15.0,Active,,,,,,,03-09-2021,,152.0,,,,,,,,,,,,,,,,,,,,,,,,,,,,,,,,,,,,,,,,,,,,,,,,,,,,,,,,,,,,,,,,,,,,,,,,,,,,,,,,,,,,,,,,,,,,,,,,,,,,,,,7968.0,2.0,1.0,1.0,1878.0,,Kachha House,BILASPUR ,SADAR
12234.0,40.0,15.0,Active,,,,,,,03-09-2021,,152.0,,,,,,,,,,,,,,,,,,,,,,,,,,,,,,,,,,,,,,,,,,,,,,,,,,,,,,,,,,,,,,,,,,,,,,,,,,,,,,,,,,,,,,,,,,,,,,,,,,,,,,,7982.0,1004.0,1.0,1.0,1890.0,,Cowsheds,BILASPUR ,SADAR
12288.0,40.0,15.0,Active,,,,,,,12-09-2021,,153.0,,,,,,,,,,,,,,,,,,,,,,,,,,,,,,,,,,,,,,,,,,,,,,,,,,,,,,,,,,,,,,,,,,,,,,,,,,,,,,,,,,,,,,,,,,,,,,,,,,,,,,,8023.0,1004.0,1.0,1.0,1922.0,,Cowsheds,BILASPUR ,GHUMARWIN
12298.0,40.0,23.0,Active,,,,,,,14-09-2021,,179.0,,,,,,,,,,,,,,,,,,,,,,,,,,,,,,,,,,,,,,,,,,,,,,,,,,,,,,,,,,,,,,,,,,,,,,,,,,,,,,,,,,,,,,,,,,,,,,,,,,,,,,,8025.0,2.0,3.0,1.0,1924.0,,Kachha House,SHIMLA ,RAMPUR 
11399.0,40.0,23.0,Active,,,,,,,02-08-2021,,181.0,,,,,,,,,,,,,,,,,,,,,,,,,,,,,,,,,,,,,,,,,,,,,,,,,,,,,,,,,,,,,,,,,,,,,,,,,,,,,,,,,,,,,,,,,,,,,,,,,,,,,,,7641.0,1005.0,2.0,1.0,1631.0,,Gharats,SHIMLA ,SHIMLA RURAL 
11423.0,40.0,25.0,Active,,,,,,,01-08-2021,,159.0,,,,,,,,,,,,,,,,,,,,,,,,,,,,,,,,,,,,,,,,,,,,,,,,,,,,,,,,,,,,,,,,,,,,,,,,,,,,,,,,,,,,,,,,,,,,,,,,,,,,,,,7654.0,1.0,2.0,1.0,1639.0,,Pacca House,SOLAN ,KANDAGHAT 
12340.0,40.0,23.0,Active,,,,,,,15-09-2021,,179.0,,,,,,,,,,,,,,,,,,,,,,,,,,,,,,,,,,,,,,,,,,,,,,,,,,,,,,,,,,,,,,,,,,,,,,,,,,,,,,,,,,,,,,,,,,,,,,,,,,,,,,,8043.0,2.0,3.0,1.0,1935.0,,Kachha House,SHIMLA ,RAMPUR 
12423.0,40.0,15.0,Active,,,,,,,16-09-2021,,152.0,,,,,,,,,,,,,,,,,,,,,,,,,,,,,,,,,,,,,,,,,,,,,,,,,,,,,,,,,,,,,,,,,,,,,,,,,,,,,,,,,,,,,,,,,,,,,,,,,,,,,,,8077.0,1004.0,1.0,1.0,1961.0,,Cowsheds,BILASPUR ,SADAR
12423.0,40.0,15.0,Active,,,,,,,16-09-2021,,152.0,,,,,,,,,,,,,,,,,,,,,,,,,,,,,,,,,,,,,,,,,,,,,,,,,,,,,,,,,,,,,,,,,,,,,,,,,,,,,,,,,,,,,,,,,,,,,,,,,,,,,,,8078.0,1004.0,1.0,1.0,1961.0,,Cowsheds,BILASPUR ,SADAR
12004.0,40.0,23.0,Active,,,,,,,27-08-2021,,179.0,,,,,,,,,,,,,,,,,,,,,,,,,,,,,,,,,,,,,,,,,,,,,,,,,,,,,,,,,,,,,,,,,,,,,,,,,,,,,,,,,,,,,,,,,,,,,,,,,,,,,,,7888.0,2.0,8.0,1.0,1817.0,,Kachha House,SHIMLA ,RAMPUR 
12503.0,40.0,20.0,Active,,,,,,,21-09-2021,,120.0,,,,,,,,,,,,,,,,,,,,,,,,,,,,,,,,,,,,,,,,,,,,,,,,,,,,,,,,,,,,,,,,,,,,,,,,,,,,,,,,,,,,,,,,,,,,,,,,,,,,,,,8112.0,1.0,1.0,1.0,1984.0,,Pacca House,KULLU ,MANALI
12503.0,40.0,20.0,Active,,,,,,,21-09-2021,,120.0,,,,,,,,,,,,,,,,,,,,,,,,,,,,,,,,,,,,,,,,,,,,,,,,,,,,,,,,,,,,,,,,,,,,,,,,,,,,,,,,,,,,,,,,,,,,,,,,,,,,,,,8115.0,1.0,1.0,1.0,1984.0,,Pacca House,KULLU ,MANALI
12503.0,40.0,20.0,Active,,,,,,,21-09-2021,,120.0,,,,,,,,,,,,,,,,,,,,,,,,,,,,,,,,,,,,,,,,,,,,,,,,,,,,,,,,,,,,,,,,,,,,,,,,,,,,,,,,,,,,,,,,,,,,,,,,,,,,,,,8116.0,1.0,1.0,1.0,1984.0,,Pacca House,KULLU ,MANALI
12503.0,40.0,20.0,Active,,,,,,,21-09-2021,,120.0,,,,,,,,,,,,,,,,,,,,,,,,,,,,,,,,,,,,,,,,,,,,,,,,,,,,,,,,,,,,,,,,,,,,,,,,,,,,,,,,,,,,,,,,,,,,,,,,,,,,,,,8119.0,1.0,1.0,1.0,1984.0,,Pacca House,KULLU ,MANALI
12503.0,40.0,20.0,Active,,,,,,,21-09-2021,,120.0,,,,,,,,,,,,,,,,,,,,,,,,,,,,,,,,,,,,,,,,,,,,,,,,,,,,,,,,,,,,,,,,,,,,,,,,,,,,,,,,,,,,,,,,,,,,,,,,,,,,,,,8120.0,1.0,1.0,1.0,1984.0,,Pacca House,KULLU ,MANALI
12544.0,40.0,23.0,Active,,,,,,,24-09-2021,,178.0,,,,,,,,,,,,,,,,,,,,,,,,,,,,,,,,,,,,,,,,,,,,,,,,,,,,,,,,,,,,,,,,,,,,,,,,,,,,,,,,,,,,,,,,,,,,,,,,,,,,,,,8156.0,2.0,1.0,1.0,2002.0,,Kachha House,SHIMLA ,DODRA KAWAR 
12559.0,40.0,23.0,Active,,,,,,,26-09-2021,,184.0,,,,,,,,,,,,,,,,,,,,,,,,,,,,,,,,,,,,,,,,,,,,,,,,,,,,,,,,,,,,,,,,,,,,,,,,,,,,,,,,,,,,,,,,,,,,,,,,,,,,,,,8166.0,2.0,2.0,1.0,2012.0,,Kachha House,SHIMLA ,KUMARSAIN
12263.0,40.0,15.0,Active,,,,,,,10-09-2021,,153.0,,,,,,,,,,,,,,,,,,,,,,,,,,,,,,,,,,,,,,,,,,,,,,,,,,,,,,,,,,,,,,,,,,,,,,,,,,,,,,,,,,,,,,,,,,,,,,,,,,,,,,,8008.0,1004.0,1.0,1.0,1907.0,,Cowsheds,BILASPUR ,GHUMARWIN
12298.0,40.0,23.0,Active,,,,,,,14-09-2021,,179.0,,,,,,,,,,,,,,,,,,,,,,,,,,,,,,,,,,,,,,,,,,,,,,,,,,,,,,,,,,,,,,,,,,,,,,,,,,,,,,,,,,,,,,,,,,,,,,,,,,,,,,,8026.0,1004.0,2.0,1.0,1924.0,,Cowsheds,SHIMLA ,RAMPUR 
12602.0,40.0,23.0,Active,,,,,,,25-09-2021,,179.0,,,,,,,,,,,,,,,,,,,,,,,,,,,,,,,,,,,,,,,,,,,,,,,,,,,,,,,,,,,,,,,,,,,,,,,,,,,,,,,,,,,,,,,,,,,,,,,,,,,,,,,8192.0,1004.0,2.0,1.0,2029.0,,Cowsheds,SHIMLA ,RAMPUR 
12627.0,40.0,23.0,Active,,,,,,,29-09-2021,,180.0,,,,,,,,,,,,,,,,,,,,,,,,,,,,,,,,,,,,,,,,,,,,,,,,,,,,,,,,,,,,,,,,,,,,,,,,,,,,,,,,,,,,,,,,,,,,,,,,,,,,,,,8198.0,1.0,1.0,1.0,2035.0,,Pacca House,SHIMLA ,ROHRU 
12627.0,40.0,23.0,Active,,,,,,,29-09-2021,,183.0,,,,,,,,,,,,,,,,,,,,,,,,,,,,,,,,,,,,,,,,,,,,,,,,,,,,,,,,,,,,,,,,,,,,,,,,,,,,,,,,,,,,,,,,,,,,,,,,,,,,,,,8199.0,2.0,1.0,1.0,2036.0,,Kachha House,SHIMLA ,THEOG
12637.0,40.0,23.0,Active,,,,,,,30-09-2021,,183.0,,,,,,,,,,,,,,,,,,,,,,,,,,,,,,,,,,,,,,,,,,,,,,,,,,,,,,,,,,,,,,,,,,,,,,,,,,,,,,,,,,,,,,,,,,,,,,,,,,,,,,,8204.0,2.0,1.0,1.0,2041.0,,Kachha House,SHIMLA ,THEOG
12694.0,40.0,15.0,Active,,,,,,,01-10-2021,,152.0,,,,,,,,,,,,,,,,,,,,,,,,,,,,,,,,,,,,,,,,,,,,,,,,,,,,,,,,,,,,,,,,,,,,,,,,,,,,,,,,,,,,,,,,,,,,,,,,,,,,,,,8214.0,1004.0,1.0,1.0,2050.0,,Cowsheds,BILASPUR ,SADAR
12694.0,40.0,15.0,Active,,,,,,,01-10-2021,,152.0,,,,,,,,,,,,,,,,,,,,,,,,,,,,,,,,,,,,,,,,,,,,,,,,,,,,,,,,,,,,,,,,,,,,,,,,,,,,,,,,,,,,,,,,,,,,,,,,,,,,,,,8215.0,2.0,1.0,2.0,2050.0,,Kachha House,BILASPUR ,SADAR
12726.0,40.0,23.0,Active,,,,,,,07-10-2021,,180.0,,,,,,,,,,,,,,,,,,,,,,,,,,,,,,,,,,,,,,,,,,,,,,,,,,,,,,,,,,,,,,,,,,,,,,,,,,,,,,,,,,,,,,,,,,,,,,,,,,,,,,,8226.0,1.0,1.0,1.0,2061.0,,Pacca House,SHIMLA ,ROHRU 
12002.0,40.0,15.0,Active,,,,,,,27-08-2021,,153.0,,,,,,,,,,,,,,,,,,,,,,,,,,,,,,,,,,,,,,,,,,,,,,,,,,,,,,,,,,,,,,,,,,,,,,,,,,,,,,,,,,,,,,,,,,,,,,,,,,,,,,,7885.0,1004.0,1.0,1.0,1815.0,,Cowsheds,BILASPUR ,GHUMARWIN
12271.0,40.0,23.0,Active,,,,,,,12-09-2021,,180.0,,,,,,,,,,,,,,,,,,,,,,,,,,,,,,,,,,,,,,,,,,,,,,,,,,,,,,,,,,,,,,,,,,,,,,,,,,,,,,,,,,,,,,,,,,,,,,,,,,,,,,,8012.0,2.0,1.0,1.0,1911.0,,Kachha House,SHIMLA ,ROHRU 
12381.0,40.0,23.0,Active,,,,,,,17-09-2021,,183.0,,,,,,,,,,,,,,,,,,,,,,,,,,,,,,,,,,,,,,,,,,,,,,,,,,,,,,,,,,,,,,,,,,,,,,,,,,,,,,,,,,,,,,,,,,,,,,,,,,,,,,,8051.0,1004.0,1.0,1.0,1942.0,,Cowsheds,SHIMLA ,THEOG
12503.0,40.0,20.0,Active,,,,,,,21-09-2021,,120.0,,,,,,,,,,,,,,,,,,,,,,,,,,,,,,,,,,,,,,,,,,,,,,,,,,,,,,,,,,,,,,,,,,,,,,,,,,,,,,,,,,,,,,,,,,,,,,,,,,,,,,,8113.0,1.0,1.0,1.0,1984.0,,Pacca House,KULLU ,MANALI
12503.0,40.0,20.0,Active,,,,,,,21-09-2021,,120.0,,,,,,,,,,,,,,,,,,,,,,,,,,,,,,,,,,,,,,,,,,,,,,,,,,,,,,,,,,,,,,,,,,,,,,,,,,,,,,,,,,,,,,,,,,,,,,,,,,,,,,,8117.0,1.0,1.0,1.0,1984.0,,Pacca House,KULLU ,MANALI
12503.0,40.0,20.0,Active,,,,,,,21-09-2021,,120.0,,,,,,,,,,,,,,,,,,,,,,,,,,,,,,,,,,,,,,,,,,,,,,,,,,,,,,,,,,,,,,,,,,,,,,,,,,,,,,,,,,,,,,,,,,,,,,,,,,,,,,,8121.0,1.0,1.0,1.0,1984.0,,Pacca House,KULLU ,MANALI
12423.0,40.0,15.0,Active,,,,,,,16-09-2021,,152.0,,,,,,,,,,,,,,,,,,,,,,,,,,,,,,,,,,,,,,,,,,,,,,,,,,,,,,,,,,,,,,,,,,,,,,,,,,,,,,,,,,,,,,,,,,,,,,,,,,,,,,,8076.0,1004.0,1.0,1.0,1961.0,,Cowsheds,BILASPUR ,SADAR
12517.0,40.0,23.0,Active,,,,,,,23-09-2021,,183.0,,,,,,,,,,,,,,,,,,,,,,,,,,,,,,,,,,,,,,,,,,,,,,,,,,,,,,,,,,,,,,,,,,,,,,,,,,,,,,,,,,,,,,,,,,,,,,,,,,,,,,,8134.0,2.0,1.0,1.0,1991.0,,Kachha House,SHIMLA ,THEOG
12602.0,40.0,23.0,Active,,,,,,,25-09-2021,,179.0,,,,,,,,,,,,,,,,,,,,,,,,,,,,,,,,,,,,,,,,,,,,,,,,,,,,,,,,,,,,,,,,,,,,,,,,,,,,,,,,,,,,,,,,,,,,,,,,,,,,,,,8191.0,2.0,2.0,1.0,2029.0,,Kachha House,SHIMLA ,RAMPUR 
15222.0,40.0,15.0,Active,,,,,,,08-01-2022,,154.0,,,,,,,,,,,,,,,,,,,,,,,,,,,,,,,,,,,,,,,,,,,,,,,,,,,,,,,,,,,,,,,,,,,,,,,,,,,,,,,,,,,,,,,,,,,,,,,,,,,,,,,10391.0,1004.0,1.0,1.0,2194.0,,Cowsheds,BILASPUR ,JHANDUTTA
15223.0,40.0,15.0,Active,,,,,,,09-01-2022,,154.0,,,,,,,,,,,,,,,,,,,,,,,,,,,,,,,,,,,,,,,,,,,,,,,,,,,,,,,,,,,,,,,,,,,,,,,,,,,,,,,,,,,,,,,,,,,,,,,,,,,,,,,10393.0,1004.0,1.0,1.0,2195.0,,Cowsheds,BILASPUR ,JHANDUTTA
12367.0,40.0,15.0,Active,,,,,,,11-09-2021,,152.0,,,,,,,,,,,,,,,,,,,,,,,,,,,,,,,,,,,,,,,,,,,,,,,,,,,,,,,,,,,,,,,,,,,,,,,,,,,,,,,,,,,,,,,,,,,,,,,,,,,,,,,8046.0,2.0,1.0,1.0,1938.0,,Kachha House,BILASPUR ,SADAR
12560.0,40.0,23.0,Active,,,,,,,26-09-2021,,180.0,,,,,,,,,,,,,,,,,,,,,,,,,,,,,,,,,,,,,,,,,,,,,,,,,,,,,,,,,,,,,,,,,,,,,,,,,,,,,,,,,,,,,,,,,,,,,,,,,,,,,,,8170.0,2.0,1.0,1.0,2015.0,,Kachha House,SHIMLA ,ROHRU 
12503.0,40.0,20.0,Active,,,,,,,21-09-2021,,120.0,,,,,,,,,,,,,,,,,,,,,,,,,,,,,,,,,,,,,,,,,,,,,,,,,,,,,,,,,,,,,,,,,,,,,,,,,,,,,,,,,,,,,,,,,,,,,,,,,,,,,,,8114.0,1.0,1.0,1.0,1984.0,,Pacca House,KULLU ,MANALI
12503.0,40.0,20.0,Active,,,,,,,21-09-2021,,120.0,,,,,,,,,,,,,,,,,,,,,,,,,,,,,,,,,,,,,,,,,,,,,,,,,,,,,,,,,,,,,,,,,,,,,,,,,,,,,,,,,,,,,,,,,,,,,,,,,,,,,,,8118.0,1.0,1.0,1.0,1984.0,,Pacca House,KULLU ,MANALI
12503.0,40.0,20.0,Active,,,,,,,21-09-2021,,120.0,,,,,,,,,,,,,,,,,,,,,,,,,,,,,,,,,,,,,,,,,,,,,,,,,,,,,,,,,,,,,,,,,,,,,,,,,,,,,,,,,,,,,,,,,,,,,,,,,,,,,,,8122.0,1.0,1.0,1.0,1984.0,,Pacca House,KULLU ,MANALI
12559.0,40.0,23.0,Active,,,,,,,26-09-2021,,184.0,,,,,,,,,,,,,,,,,,,,,,,,,,,,,,,,,,,,,,,,,,,,,,,,,,,,,,,,,,,,,,,,,,,,,,,,,,,,,,,,,,,,,,,,,,,,,,,,,,,,,,,8167.0,1004.0,1.0,1.0,2012.0,,Cowsheds,SHIMLA ,KUMARSAIN
12602.0,40.0,23.0,Active,,,,,,,25-09-2021,,179.0,,,,,,,,,,,,,,,,,,,,,,,,,,,,,,,,,,,,,,,,,,,,,,,,,,,,,,,,,,,,,,,,,,,,,,,,,,,,,,,,,,,,,,,,,,,,,,,,,,,,,,,8190.0,1.0,3.0,1.0,2029.0,,Pacca House,SHIMLA ,RAMPUR 
12812.0,40.0,23.0,Active,,,,,,,19-10-2021,,183.0,,,,,,,,,,,,,,,,,,,,,,,,,,,,,,,,,,,,,,,,,,,,,,,,,,,,,,,,,,,,,,,,,,,,,,,,,,,,,,,,,,,,,,,,,,,,,,,,,,,,,,,8237.0,2.0,1.0,1.0,2072.0,,Kachha House,SHIMLA ,THEOG
12734.0,40.0,15.0,Active,,,,,,,05-10-2021,,152.0,,,,,,,,,,,,,,,,,,,,,,,,,,,,,,,,,,,,,,,,,,,,,,,,,,,,,,,,,,,,,,,,,,,,,,,,,,,,,,,,,,,,,,,,,,,,,,,,,,,,,,,8227.0,2.0,1.0,2.0,2062.0,,Kachha House,BILASPUR ,SADAR
16600.0,40.0,23.0,Active,,,,,,,11-02-2022,,183.0,,,,,,,,,,,,,,,,,,,,,,,,,,,,,,,,,,,,,,,,,,,,,,,,,,,,,,,,,,,,,,,,,,,,,,,,,,,,,,,,,,,,,,,,,,,,,,,,,,,,,,,10508.0,2.0,1.0,1.0,2293.0,,Kachha House,SHIMLA ,THEOG
19375.0,40.0,23.0,Active,,,,,,,05-08-2022,,179.0,,,,,,,,,,,,,,,,,,,,,,,,,,,,,,,,,,,,,,,,,,,,,,,,,,,,,,,,,,,,,,,,,,,,,,,,,,,,,,,,,,,,,,,,,,,,,,,,,,,,,,,12317.0,1.0,3.0,1.0,2943.0,0.0,Pacca House,SHIMLA ,RAMPUR 
19376.0,40.0,23.0,Active,,,,,,,05-08-2022,,181.0,,,,,,,,,,,,,,,,,,,,,,,,,,,,,,,,,,,,,,,,,,,,,,,,,,,,,,,,,,,,,,,,,,,,,,,,,,,,,,,,,,,,,,,,,,,,,,,,,,,,,,,12318.0,1.0,2.0,1.0,2944.0,0.0,Pacca House,SHIMLA ,SHIMLA RURAL 
19638.0,40.0,19.0,Active,,,,,,,14-08-2022,,196.0,,,,,,,,,,,,,,,,,,,,,,,,,,,,,,,,,,,,,,,,,,,,,,,,,,,,,,,,,,,,,,,,,,,,,,,,,,,,,,,,,,,,,,,,,,,,,,,,,,,,,,,12450.0,1.0,1.0,1.0,3039.0,0.0,Pacca House,KINNAUR ,POOH
19638.0,40.0,19.0,Active,,,,,,,14-08-2022,,196.0,,,,,,,,,,,,,,,,,,,,,,,,,,,,,,,,,,,,,,,,,,,,,,,,,,,,,,,,,,,,,,,,,,,,,,,,,,,,,,,,,,,,,,,,,,,,,,,,,,,,,,,12451.0,1.0,1.0,1.0,3039.0,0.0,Pacca House,KINNAUR ,POOH
19638.0,40.0,19.0,Active,,,,,,,14-08-2022,,196.0,,,,,,,,,,,,,,,,,,,,,,,,,,,,,,,,,,,,,,,,,,,,,,,,,,,,,,,,,,,,,,,,,,,,,,,,,,,,,,,,,,,,,,,,,,,,,,,,,,,,,,,12455.0,1.0,1.0,1.0,3039.0,0.0,Pacca House,KINNAUR ,POOH
19224.0,40.0,24.0,Active,,,,,,,29-07-2022,,167.0,,,,,,,,,,,,,,,,,,,,,,,,,,,,,,,,,,,,,,,,,,,,,,,,,,,,,,,,,,,,,,,,,,,,,,,,,,,,,,,,,,,,,,,,,,,,,,,,,,,,,,,12241.0,1002.0,1.0,1.0,2899.0,0.0,Shops,SIRMAUR ,NAHAN 
19224.0,40.0,24.0,Active,,,,,,,29-07-2022,,167.0,,,,,,,,,,,,,,,,,,,,,,,,,,,,,,,,,,,,,,,,,,,,,,,,,,,,,,,,,,,,,,,,,,,,,,,,,,,,,,,,,,,,,,,,,,,,,,,,,,,,,,,12245.0,1002.0,1.0,1.0,2899.0,0.0,Shops,SIRMAUR ,NAHAN 
19375.0,40.0,23.0,Active,,,,,,,05-08-2022,,179.0,,,,,,,,,,,,,,,,,,,,,,,,,,,,,,,,,,,,,,,,,,,,,,,,,,,,,,,,,,,,,,,,,,,,,,,,,,,,,,,,,,,,,,,,,,,,,,,,,,,,,,,12316.0,2.0,2.0,1.0,2943.0,0.0,Kachha House,SHIMLA ,RAMPUR 
19224.0,40.0,24.0,Active,,,,,,,29-07-2022,,167.0,,,,,,,,,,,,,,,,,,,,,,,,,,,,,,,,,,,,,,,,,,,,,,,,,,,,,,,,,,,,,,,,,,,,,,,,,,,,,,,,,,,,,,,,,,,,,,,,,,,,,,,12248.0,1002.0,1.0,1.0,2899.0,0.0,Shops,SIRMAUR ,NAHAN 
19638.0,40.0,19.0,Active,,,,,,,14-08-2022,,196.0,,,,,,,,,,,,,,,,,,,,,,,,,,,,,,,,,,,,,,,,,,,,,,,,,,,,,,,,,,,,,,,,,,,,,,,,,,,,,,,,,,,,,,,,,,,,,,,,,,,,,,,12452.0,1.0,1.0,1.0,3039.0,0.0,Pacca House,KINNAUR ,POOH
19638.0,40.0,19.0,Active,,,,,,,14-08-2022,,196.0,,,,,,,,,,,,,,,,,,,,,,,,,,,,,,,,,,,,,,,,,,,,,,,,,,,,,,,,,,,,,,,,,,,,,,,,,,,,,,,,,,,,,,,,,,,,,,,,,,,,,,,12453.0,1.0,1.0,1.0,3039.0,0.0,Pacca House,KINNAUR ,POOH
19638.0,40.0,19.0,Active,,,,,,,14-08-2022,,196.0,,,,,,,,,,,,,,,,,,,,,,,,,,,,,,,,,,,,,,,,,,,,,,,,,,,,,,,,,,,,,,,,,,,,,,,,,,,,,,,,,,,,,,,,,,,,,,,,,,,,,,,12456.0,1.0,1.0,1.0,3039.0,0.0,Pacca House,KINNAUR ,POOH
19638.0,40.0,19.0,Active,,,,,,,14-08-2022,,196.0,,,,,,,,,,,,,,,,,,,,,,,,,,,,,,,,,,,,,,,,,,,,,,,,,,,,,,,,,,,,,,,,,,,,,,,,,,,,,,,,,,,,,,,,,,,,,,,,,,,,,,,12457.0,1.0,1.0,1.0,3039.0,0.0,Pacca House,KINNAUR ,POOH
19375.0,40.0,23.0,Active,,,,,,,05-08-2022,,179.0,,,,,,,,,,,,,,,,,,,,,,,,,,,,,,,,,,,,,,,,,,,,,,,,,,,,,,,,,,,,,,,,,,,,,,,,,,,,,,,,,,,,,,,,,,,,,,,,,,,,,,,12315.0,1003.0,1.0,1.0,2943.0,0.0,Labour Sheds,SHIMLA ,RAMPUR 
19378.0,40.0,23.0,Active,,,,,,,04-08-2022,,179.0,,,,,,,,,,,,,,,,,,,,,,,,,,,,,,,,,,,,,,,,,,,,,,,,,,,,,,,,,,,,,,,,,,,,,,,,,,,,,,,,,,,,,,,,,,,,,,,,,,,,,,,12320.0,1.0,1.0,1.0,2945.0,0.0,Pacca House,SHIMLA ,RAMPUR 
19687.0,40.0,16.0,Active,,,,,,,08-08-2022,,89.0,,,,,,,,,,,,,,,,,,,,,,,,,,,,,,,,,,,,,,,,,,,,,,,,,,,,,,,,,,,,,,,,,,,,,,,,,,,,,,,,,,,,,,,,,,,,,,,,,,,,,,,12537.0,1005.0,9.0,1.0,3066.0,0.9,Gharats,CHAMBA ,SALOONI
19687.0,40.0,16.0,Active,,,,,,,08-08-2022,,89.0,,,,,,,,,,,,,,,,,,,,,,,,,,,,,,,,,,,,,,,,,,,,,,,,,,,,,,,,,,,,,,,,,,,,,,,,,,,,,,,,,,,,,,,,,,,,,,,,,,,,,,,12538.0,1002.0,14.0,1.0,3066.0,0.9,Shops,CHAMBA ,SALOONI
19638.0,40.0,19.0,Active,,,,,,,14-08-2022,,196.0,,,,,,,,,,,,,,,,,,,,,,,,,,,,,,,,,,,,,,,,,,,,,,,,,,,,,,,,,,,,,,,,,,,,,,,,,,,,,,,,,,,,,,,,,,,,,,,,,,,,,,,12459.0,1004.0,1.0,1.0,3040.0,0.0,Cowsheds,KINNAUR ,POOH
19638.0,40.0,19.0,Active,,,,,,,14-08-2022,,196.0,,,,,,,,,,,,,,,,,,,,,,,,,,,,,,,,,,,,,,,,,,,,,,,,,,,,,,,,,,,,,,,,,,,,,,,,,,,,,,,,,,,,,,,,,,,,,,,,,,,,,,,12454.0,1.0,1.0,1.0,3039.0,0.0,Pacca House,KINNAUR ,POOH
19638.0,40.0,19.0,Active,,,,,,,14-08-2022,,196.0,,,,,,,,,,,,,,,,,,,,,,,,,,,,,,,,,,,,,,,,,,,,,,,,,,,,,,,,,,,,,,,,,,,,,,,,,,,,,,,,,,,,,,,,,,,,,,,,,,,,,,,12458.0,1.0,1.0,1.0,3039.0,0.0,Pacca House,KINNAUR ,POOH
19687.0,40.0,16.0,Active,,,,,,,08-08-2022,,89.0,,,,,,,,,,,,,,,,,,,,,,,,,,,,,,,,,,,,,,,,,,,,,,,,,,,,,,,,,,,,,,,,,,,,,,,,,,,,,,,,,,,,,,,,,,,,,,,,,,,,,,,12536.0,2.0,21.0,1.0,3066.0,0.9,Kachha House,CHAMBA ,SALOONI
19638.0,40.0,19.0,Active,,,,,,,14-08-2022,,196.0,,,,,,,,,,,,,,,,,,,,,,,,,,,,,,,,,,,,,,,,,,,,,,,,,,,,,,,,,,,,,,,,,,,,,,,,,,,,,,,,,,,,,,,,,,,,,,,,,,,,,,,12460.0,1004.0,1.0,1.0,3040.0,0.0,Cowsheds,KINNAUR ,POOH
19687.0,40.0,16.0,Active,,,,,,,08-08-2022,,89.0,,,,,,,,,,,,,,,,,,,,,,,,,,,,,,,,,,,,,,,,,,,,,,,,,,,,,,,,,,,,,,,,,,,,,,,,,,,,,,,,,,,,,,,,,,,,,,,,,,,,,,,12535.0,2.0,3.0,2.0,3066.0,0.9,Kachha House,CHAMBA ,SALOONI
19687.0,40.0,16.0,Active,,,,,,,08-08-2022,,89.0,,,,,,,,,,,,,,,,,,,,,,,,,,,,,,,,,,,,,,,,,,,,,,,,,,,,,,,,,,,,,,,,,,,,,,,,,,,,,,,,,,,,,,,,,,,,,,,,,,,,,,,12539.0,1004.0,11.0,1.0,3066.0,0.9,Cowsheds,CHAMBA ,SALOONI
19968.0,40.0,23.0,Active,,,,,,,24-08-2022,,181.0,,,,,,,,,,,,,,,,,,,,,,,,,,,,,,,,,,,,,,,,,,,,,,,,,,,,,,,,,,,,,,,,,,,,,,,,,,,,,,,,,,,,,,,,,,,,,,,,,,,,,,,12728.0,2.0,1.0,1.0,3126.0,0.0,Kachha House,SHIMLA ,SHIMLA RURAL 
17204.0,40.0,15.0,Active,,,,,,,22-05-2022,,154.0,,,,,,,,,,,,,,,,,,,,,,,,,,,,,,,,,,,,,,,,,,,,,,,,,,,,,,,,,,,,,,,,,,,,,,,,,,,,,,,,,,,,,,,,,,,,,,,,,,,,,,,10756.0,2.0,1.0,1.0,2496.0,0.0,Kachha House,BILASPUR ,JHANDUTTA
17204.0,40.0,15.0,Active,,,,,,,22-05-2022,,152.0,,,,,,,,,,,,,,,,,,,,,,,,,,,,,,,,,,,,,,,,,,,,,,,,,,,,,,,,,,,,,,,,,,,,,,,,,,,,,,,,,,,,,,,,,,,,,,,,,,,,,,,10758.0,2.0,1.0,1.0,2498.0,0.0,Kachha House,BILASPUR ,SADAR
17204.0,40.0,15.0,Active,,,,,,,22-05-2022,,152.0,,,,,,,,,,,,,,,,,,,,,,,,,,,,,,,,,,,,,,,,,,,,,,,,,,,,,,,,,,,,,,,,,,,,,,,,,,,,,,,,,,,,,,,,,,,,,,,,,,,,,,,10759.0,2.0,1.0,1.0,2499.0,0.0,Kachha House,BILASPUR ,SADAR
17204.0,40.0,15.0,Active,,,,,,,22-05-2022,,152.0,,,,,,,,,,,,,,,,,,,,,,,,,,,,,,,,,,,,,,,,,,,,,,,,,,,,,,,,,,,,,,,,,,,,,,,,,,,,,,,,,,,,,,,,,,,,,,,,,,,,,,,10760.0,2.0,1.0,1.0,2500.0,0.0,Kachha House,BILASPUR ,SADAR
17204.0,40.0,15.0,Active,,,,,,,22-05-2022,,153.0,,,,,,,,,,,,,,,,,,,,,,,,,,,,,,,,,,,,,,,,,,,,,,,,,,,,,,,,,,,,,,,,,,,,,,,,,,,,,,,,,,,,,,,,,,,,,,,,,,,,,,,10761.0,1004.0,1.0,1.0,2501.0,0.0,Cowsheds,BILASPUR ,GHUMARWIN
17204.0,40.0,15.0,Active,,,,,,,22-05-2022,,152.0,,,,,,,,,,,,,,,,,,,,,,,,,,,,,,,,,,,,,,,,,,,,,,,,,,,,,,,,,,,,,,,,,,,,,,,,,,,,,,,,,,,,,,,,,,,,,,,,,,,,,,,10764.0,1004.0,1.0,1.0,2504.0,0.0,Cowsheds,BILASPUR ,SADAR
17204.0,40.0,15.0,Active,,,,,,,22-05-2022,,152.0,,,,,,,,,,,,,,,,,,,,,,,,,,,,,,,,,,,,,,,,,,,,,,,,,,,,,,,,,,,,,,,,,,,,,,,,,,,,,,,,,,,,,,,,,,,,,,,,,,,,,,,10766.0,1004.0,1.0,1.0,2505.0,0.0,Cowsheds,BILASPUR ,SADAR
17611.0,40.0,15.0,Active,,,,,,,05-07-2022,,154.0,,,,,,,,,,,,,,,,,,,,,,,,,,,,,,,,,,,,,,,,,,,,,,,,,,,,,,,,,,,,,,,,,,,,,,,,,,,,,,,,,,,,,,,,,,,,,,,,,,,,,,,10910.0,1004.0,1.0,1.0,2614.0,0.0,Cowsheds,BILASPUR ,JHANDUTTA
19650.0,40.0,19.0,Active,,,,,,,19-07-2022,,196.0,,,,,,,,,,,,,,,,,,,,,,,,,,,,,,,,,,,,,,,,,,,,,,,,,,,,,,,,,,,,,,,,,,,,,,,,,,,,,,,,,,,,,,,,,,,,,,,,,,,,,,,12884.0,1004.0,1.0,2.0,3238.0,1.0,Cowsheds,KINNAUR ,POOH
19650.0,40.0,19.0,Active,,,,,,,19-07-2022,,196.0,,,,,,,,,,,,,,,,,,,,,,,,,,,,,,,,,,,,,,,,,,,,,,,,,,,,,,,,,,,,,,,,,,,,,,,,,,,,,,,,,,,,,,,,,,,,,,,,,,,,,,,12885.0,1004.0,1.0,2.0,3239.0,1.0,Cowsheds,KINNAUR ,POOH
19650.0,40.0,19.0,Active,,,,,,,19-07-2022,,196.0,,,,,,,,,,,,,,,,,,,,,,,,,,,,,,,,,,,,,,,,,,,,,,,,,,,,,,,,,,,,,,,,,,,,,,,,,,,,,,,,,,,,,,,,,,,,,,,,,,,,,,,12898.0,1.0,1.0,1.0,3252.0,0.0,Pacca House,KINNAUR ,POOH
19650.0,40.0,19.0,Active,,,,,,,19-07-2022,,196.0,,,,,,,,,,,,,,,,,,,,,,,,,,,,,,,,,,,,,,,,,,,,,,,,,,,,,,,,,,,,,,,,,,,,,,,,,,,,,,,,,,,,,,,,,,,,,,,,,,,,,,,12905.0,1.0,1.0,1.0,3259.0,0.0,Pacca House,KINNAUR ,POOH
26368.0,40.0,19.0,Active,,,,,,,09-07-2023,,195.0,,,,,,,,,,,,,,,,,,,,,,,,,,,,,,,,,,,,,,,,,,,,,,,,,,,,,,,,,,,,,,,,,,,,,,,,,,,,,,,,,,,,,,,,,,,,,,,,,,,,,,,16981.0,1.0,1.0,2.0,4895.0,3.9,Pacca House,KINNAUR ,NICHAR
26368.0,40.0,19.0,Active,,,,,,,09-07-2023,,195.0,,,,,,,,,,,,,,,,,,,,,,,,,,,,,,,,,,,,,,,,,,,,,,,,,,,,,,,,,,,,,,,,,,,,,,,,,,,,,,,,,,,,,,,,,,,,,,,,,,,,,,,16982.0,1.0,1.0,2.0,4895.0,3.9,Pacca House,KINNAUR ,NICHAR
26372.0,40.0,19.0,Active,,,,,,,10-07-2023,,195.0,,,,,,,,,,,,,,,,,,,,,,,,,,,,,,,,,,,,,,,,,,,,,,,,,,,,,,,,,,,,,,,,,,,,,,,,,,,,,,,,,,,,,,,,,,,,,,,,,,,,,,,16985.0,2.0,1.0,1.0,4896.0,0.0,Kachha House,KINNAUR ,NICHAR
19650.0,40.0,19.0,Active,,,,,,,19-07-2022,,196.0,,,,,,,,,,,,,,,,,,,,,,,,,,,,,,,,,,,,,,,,,,,,,,,,,,,,,,,,,,,,,,,,,,,,,,,,,,,,,,,,,,,,,,,,,,,,,,,,,,,,,,,12888.0,1004.0,1.0,2.0,3242.0,1.0,Cowsheds,KINNAUR ,POOH
19650.0,40.0,19.0,Active,,,,,,,19-07-2022,,196.0,,,,,,,,,,,,,,,,,,,,,,,,,,,,,,,,,,,,,,,,,,,,,,,,,,,,,,,,,,,,,,,,,,,,,,,,,,,,,,,,,,,,,,,,,,,,,,,,,,,,,,,12897.0,1.0,1.0,2.0,3251.0,15000.0,Pacca House,KINNAUR ,POOH
19650.0,40.0,19.0,Active,,,,,,,19-07-2022,,196.0,,,,,,,,,,,,,,,,,,,,,,,,,,,,,,,,,,,,,,,,,,,,,,,,,,,,,,,,,,,,,,,,,,,,,,,,,,,,,,,,,,,,,,,,,,,,,,,,,,,,,,,12901.0,1.0,1.0,1.0,3255.0,0.0,Pacca House,KINNAUR ,POOH
19650.0,40.0,19.0,Active,,,,,,,19-07-2022,,196.0,,,,,,,,,,,,,,,,,,,,,,,,,,,,,,,,,,,,,,,,,,,,,,,,,,,,,,,,,,,,,,,,,,,,,,,,,,,,,,,,,,,,,,,,,,,,,,,,,,,,,,,12903.0,1.0,1.0,1.0,3257.0,0.0,Pacca House,KINNAUR ,POOH
19650.0,40.0,19.0,Active,,,,,,,19-07-2022,,196.0,,,,,,,,,,,,,,,,,,,,,,,,,,,,,,,,,,,,,,,,,,,,,,,,,,,,,,,,,,,,,,,,,,,,,,,,,,,,,,,,,,,,,,,,,,,,,,,,,,,,,,,12912.0,1.0,1.0,1.0,3265.0,0.0,Pacca House,KINNAUR ,POOH
19650.0,40.0,19.0,Active,,,,,,,19-07-2022,,196.0,,,,,,,,,,,,,,,,,,,,,,,,,,,,,,,,,,,,,,,,,,,,,,,,,,,,,,,,,,,,,,,,,,,,,,,,,,,,,,,,,,,,,,,,,,,,,,,,,,,,,,,12918.0,1004.0,1.0,1.0,3271.0,0.0,Cowsheds,KINNAUR ,POOH
19650.0,40.0,19.0,Active,,,,,,,19-07-2022,,196.0,,,,,,,,,,,,,,,,,,,,,,,,,,,,,,,,,,,,,,,,,,,,,,,,,,,,,,,,,,,,,,,,,,,,,,,,,,,,,,,,,,,,,,,,,,,,,,,,,,,,,,,12924.0,1004.0,1.0,1.0,3277.0,0.0,Cowsheds,KINNAUR ,POOH
19650.0,40.0,19.0,Active,,,,,,,19-07-2022,,196.0,,,,,,,,,,,,,,,,,,,,,,,,,,,,,,,,,,,,,,,,,,,,,,,,,,,,,,,,,,,,,,,,,,,,,,,,,,,,,,,,,,,,,,,,,,,,,,,,,,,,,,,12932.0,2.0,1.0,1.0,3285.0,0.0,Kachha House,KINNAUR ,POOH
20848.0,40.0,16.0,Active,,,,,,,25-09-2022,,84.0,,,,,,,,,,,,,,,,,,,,,,,,,,,,,,,,,,,,,,,,,,,,,,,,,,,,,,,,,,,,,,,,,,,,,,,,,,,,,,,,,,,,,,,,,,,,,,,,,,,,,,,13090.0,1005.0,6.0,2.0,3418.0,0.0,Gharats,CHAMBA ,CHAMBA
19650.0,40.0,19.0,Active,,,,,,,19-07-2022,,196.0,,,,,,,,,,,,,,,,,,,,,,,,,,,,,,,,,,,,,,,,,,,,,,,,,,,,,,,,,,,,,,,,,,,,,,,,,,,,,,,,,,,,,,,,,,,,,,,,,,,,,,,12906.0,1.0,1.0,1.0,3260.0,0.0,Pacca House,KINNAUR ,POOH
19650.0,40.0,19.0,Active,,,,,,,19-07-2022,,196.0,,,,,,,,,,,,,,,,,,,,,,,,,,,,,,,,,,,,,,,,,,,,,,,,,,,,,,,,,,,,,,,,,,,,,,,,,,,,,,,,,,,,,,,,,,,,,,,,,,,,,,,12925.0,1004.0,1.0,1.0,3278.0,0.0,Cowsheds,KINNAUR ,POOH
19650.0,40.0,19.0,Active,,,,,,,19-07-2022,,196.0,,,,,,,,,,,,,,,,,,,,,,,,,,,,,,,,,,,,,,,,,,,,,,,,,,,,,,,,,,,,,,,,,,,,,,,,,,,,,,,,,,,,,,,,,,,,,,,,,,,,,,,12935.0,1004.0,1.0,1.0,3288.0,0.0,Cowsheds,KINNAUR ,POOH
19650.0,40.0,19.0,Active,,,,,,,19-07-2022,,196.0,,,,,,,,,,,,,,,,,,,,,,,,,,,,,,,,,,,,,,,,,,,,,,,,,,,,,,,,,,,,,,,,,,,,,,,,,,,,,,,,,,,,,,,,,,,,,,,,,,,,,,,12936.0,1005.0,1.0,1.0,3289.0,0.0,Gharats,KINNAUR ,POOH
20848.0,40.0,16.0,Active,,,,,,,25-09-2022,,84.0,,,,,,,,,,,,,,,,,,,,,,,,,,,,,,,,,,,,,,,,,,,,,,,,,,,,,,,,,,,,,,,,,,,,,,,,,,,,,,,,,,,,,,,,,,,,,,,,,,,,,,,13093.0,1003.0,1.0,2.0,3418.0,0.0,Labour Sheds,CHAMBA ,CHAMBA
26368.0,40.0,19.0,Active,,,,,,,09-07-2023,,195.0,,,,,,,,,,,,,,,,,,,,,,,,,,,,,,,,,,,,,,,,,,,,,,,,,,,,,,,,,,,,,,,,,,,,,,,,,,,,,,,,,,,,,,,,,,,,,,,,,,,,,,,16983.0,1.0,1.0,2.0,4895.0,3.9,Pacca House,KINNAUR ,NICHAR
26372.0,40.0,19.0,Active,,,,,,,10-07-2023,,195.0,,,,,,,,,,,,,,,,,,,,,,,,,,,,,,,,,,,,,,,,,,,,,,,,,,,,,,,,,,,,,,,,,,,,,,,,,,,,,,,,,,,,,,,,,,,,,,,,,,,,,,,16984.0,1.0,1.0,1.0,4896.0,0.0,Pacca House,KINNAUR ,NICHAR
26386.0,40.0,19.0,Active,,,,,,,13-07-2023,,195.0,,,,,,,,,,,,,,,,,,,,,,,,,,,,,,,,,,,,,,,,,,,,,,,,,,,,,,,,,,,,,,,,,,,,,,,,,,,,,,,,,,,,,,,,,,,,,,,,,,,,,,,17129.0,1.0,1.0,1.0,4935.0,0.225,Pacca House,KINNAUR ,NICHAR
26387.0,40.0,19.0,Active,,,,,,,12-07-2023,,194.0,,,,,,,,,,,,,,,,,,,,,,,,,,,,,,,,,,,,,,,,,,,,,,,,,,,,,,,,,,,,,,,,,,,,,,,,,,,,,,,,,,,,,,,,,,,,,,,,,,,,,,,17361.0,1.0,1.0,1.0,5010.0,1.0,Pacca House,KINNAUR ,KALPA
25667.0,40.0,19.0,Active,,,,,,,12-07-2023,,194.0,,,,,,,,,,,,,,,,,,,,,,,,,,,,,,,,,,,,,,,,,,,,,,,,,,,,,,,,,,,,,,,,,,,,,,,,,,,,,,,,,,,,,,,,,,,,,,,,,,,,,,,17372.0,2.0,1.0,1.0,5012.0,0.9,Kachha House,KINNAUR ,KALPA
25667.0,40.0,19.0,Active,,,,,,,12-07-2023,,194.0,,,,,,,,,,,,,,,,,,,,,,,,,,,,,,,,,,,,,,,,,,,,,,,,,,,,,,,,,,,,,,,,,,,,,,,,,,,,,,,,,,,,,,,,,,,,,,,,,,,,,,,17376.0,2.0,1.0,1.0,5012.0,0.9,Kachha House,KINNAUR ,KALPA
26372.0,40.0,19.0,Active,,,,,,,10-07-2023,,194.0,,,,,,,,,,,,,,,,,,,,,,,,,,,,,,,,,,,,,,,,,,,,,,,,,,,,,,,,,,,,,,,,,,,,,,,,,,,,,,,,,,,,,,,,,,,,,,,,,,,,,,,17397.0,1.0,1.0,1.0,5015.0,1.0,Pacca House,KINNAUR ,KALPA
26372.0,40.0,19.0,Active,,,,,,,10-07-2023,,194.0,,,,,,,,,,,,,,,,,,,,,,,,,,,,,,,,,,,,,,,,,,,,,,,,,,,,,,,,,,,,,,,,,,,,,,,,,,,,,,,,,,,,,,,,,,,,,,,,,,,,,,,17400.0,1007.0,1.0,2.0,5016.0,0.82,Huts,KINNAUR ,KALPA
26441.0,40.0,19.0,Active,,,,,,,08-07-2023,,194.0,,,,,,,,,,,,,,,,,,,,,,,,,,,,,,,,,,,,,,,,,,,,,,,,,,,,,,,,,,,,,,,,,,,,,,,,,,,,,,,,,,,,,,,,,,,,,,,,,,,,,,,17411.0,1.0,1.0,2.0,5018.0,5.3,Pacca House,KINNAUR ,KALPA
26441.0,40.0,19.0,Active,,,,,,,08-07-2023,,194.0,,,,,,,,,,,,,,,,,,,,,,,,,,,,,,,,,,,,,,,,,,,,,,,,,,,,,,,,,,,,,,,,,,,,,,,,,,,,,,,,,,,,,,,,,,,,,,,,,,,,,,,17412.0,1.0,1.0,2.0,5018.0,5.3,Pacca House,KINNAUR ,KALPA
26441.0,40.0,19.0,Active,,,,,,,08-07-2023,,194.0,,,,,,,,,,,,,,,,,,,,,,,,,,,,,,,,,,,,,,,,,,,,,,,,,,,,,,,,,,,,,,,,,,,,,,,,,,,,,,,,,,,,,,,,,,,,,,,,,,,,,,,17416.0,2.0,1.0,1.0,5019.0,0.5,Kachha House,KINNAUR ,KALPA
26441.0,40.0,19.0,Active,,,,,,,08-07-2023,,194.0,,,,,,,,,,,,,,,,,,,,,,,,,,,,,,,,,,,,,,,,,,,,,,,,,,,,,,,,,,,,,,,,,,,,,,,,,,,,,,,,,,,,,,,,,,,,,,,,,,,,,,,17420.0,2.0,1.0,1.0,5019.0,0.5,Kachha House,KINNAUR ,KALPA
26368.0,40.0,19.0,Active,,,,,,,09-07-2023,,196.0,,,,,,,,,,,,,,,,,,,,,,,,,,,,,,,,,,,,,,,,,,,,,,,,,,,,,,,,,,,,,,,,,,,,,,,,,,,,,,,,,,,,,,,,,,,,,,,,,,,,,,,17466.0,1007.0,1.0,1.0,5037.0,0.408,Huts,KINNAUR ,POOH
26368.0,40.0,19.0,Active,,,,,,,09-07-2023,,196.0,,,,,,,,,,,,,,,,,,,,,,,,,,,,,,,,,,,,,,,,,,,,,,,,,,,,,,,,,,,,,,,,,,,,,,,,,,,,,,,,,,,,,,,,,,,,,,,,,,,,,,,17471.0,1007.0,1.0,1.0,5037.0,0.408,Huts,KINNAUR ,POOH
26368.0,40.0,19.0,Active,,,,,,,09-07-2023,,196.0,,,,,,,,,,,,,,,,,,,,,,,,,,,,,,,,,,,,,,,,,,,,,,,,,,,,,,,,,,,,,,,,,,,,,,,,,,,,,,,,,,,,,,,,,,,,,,,,,,,,,,,17476.0,1004.0,1.0,1.0,5038.0,1.045,Cowsheds,KINNAUR ,POOH
26507.0,40.0,19.0,Active,,,,,,,11-07-2023,,196.0,,,,,,,,,,,,,,,,,,,,,,,,,,,,,,,,,,,,,,,,,,,,,,,,,,,,,,,,,,,,,,,,,,,,,,,,,,,,,,,,,,,,,,,,,,,,,,,,,,,,,,,17489.0,1007.0,1.0,1.0,5042.0,0.205,Huts,KINNAUR ,POOH
20730.0,40.0,23.0,Active,,,,,,,25-09-2022,,180.0,,,,,,,,,,,,,,,,,,,,,,,,,,,,,,,,,,,,,,,,,,,,,,,,,,,,,,,,,,,,,,,,,,,,,,,,,,,,,,,,,,,,,,,,,,,,,,,,,,,,,,,13063.0,2.0,1.0,1.0,3397.0,0.0,Kachha House,SHIMLA ,ROHRU 
26565.0,40.0,20.0,Active,,,,,,,10-07-2023,,118.0,,,,,,,,,,,,,,,,,,,,,,,,,,,,,,,,,,,,,,,,,,,,,,,,,,,,,,,,,,,,,,,,,,,,,,,,,,,,,,,,,,,,,,,,,,,,,,,,,,,,,,,17675.0,1.0,1.0,2.0,5169.0,1.0,Pacca House,KULLU ,BANJAR 
26560.0,40.0,20.0,Active,,,,,,,08-07-2023,,120.0,,,,,,,,,,,,,,,,,,,,,,,,,,,,,,,,,,,,,,,,,,,,,,,,,,,,,,,,,,,,,,,,,,,,,,,,,,,,,,,,,,,,,,,,,,,,,,,,,,,,,,,17751.0,1.0,1.0,2.0,5241.0,1.0,Pacca House,KULLU ,MANALI
26565.0,40.0,20.0,Active,,,,,,,10-07-2023,,119.0,,,,,,,,,,,,,,,,,,,,,,,,,,,,,,,,,,,,,,,,,,,,,,,,,,,,,,,,,,,,,,,,,,,,,,,,,,,,,,,,,,,,,,,,,,,,,,,,,,,,,,,17793.0,1.0,1.0,2.0,5278.0,1.0,Pacca House,KULLU ,KULLU 
26565.0,40.0,20.0,Active,,,,,,,10-07-2023,,119.0,,,,,,,,,,,,,,,,,,,,,,,,,,,,,,,,,,,,,,,,,,,,,,,,,,,,,,,,,,,,,,,,,,,,,,,,,,,,,,,,,,,,,,,,,,,,,,,,,,,,,,,17798.0,1.0,1.0,2.0,5283.0,1.0,Pacca House,KULLU ,KULLU 
26565.0,40.0,20.0,Active,,,,,,,10-07-2023,,119.0,,,,,,,,,,,,,,,,,,,,,,,,,,,,,,,,,,,,,,,,,,,,,,,,,,,,,,,,,,,,,,,,,,,,,,,,,,,,,,,,,,,,,,,,,,,,,,,,,,,,,,,17802.0,1.0,1.0,2.0,5287.0,1.0,Pacca House,KULLU ,KULLU 
26641.0,40.0,20.0,Active,,,,,,,10-07-2023,,119.0,,,,,,,,,,,,,,,,,,,,,,,,,,,,,,,,,,,,,,,,,,,,,,,,,,,,,,,,,,,,,,,,,,,,,,,,,,,,,,,,,,,,,,,,,,,,,,,,,,,,,,,17873.0,2.0,1.0,2.0,5335.0,1.0,Kachha House,KULLU ,KULLU 
26641.0,40.0,20.0,Active,,,,,,,10-07-2023,,118.0,,,,,,,,,,,,,,,,,,,,,,,,,,,,,,,,,,,,,,,,,,,,,,,,,,,,,,,,,,,,,,,,,,,,,,,,,,,,,,,,,,,,,,,,,,,,,,,,,,,,,,,17921.0,2.0,1.0,2.0,5376.0,1.0,Kachha House,KULLU ,BANJAR 
26641.0,40.0,20.0,Active,,,,,,,10-07-2023,,119.0,,,,,,,,,,,,,,,,,,,,,,,,,,,,,,,,,,,,,,,,,,,,,,,,,,,,,,,,,,,,,,,,,,,,,,,,,,,,,,,,,,,,,,,,,,,,,,,,,,,,,,,17941.0,1.0,1.0,2.0,5393.0,1.0,Pacca House,KULLU ,KULLU 
26641.0,40.0,20.0,Active,,,,,,,10-07-2023,,119.0,,,,,,,,,,,,,,,,,,,,,,,,,,,,,,,,,,,,,,,,,,,,,,,,,,,,,,,,,,,,,,,,,,,,,,,,,,,,,,,,,,,,,,,,,,,,,,,,,,,,,,,17946.0,1.0,1.0,2.0,5396.0,6.0,Pacca House,KULLU ,KULLU 
26641.0,40.0,20.0,Active,,,,,,,10-07-2023,,119.0,,,,,,,,,,,,,,,,,,,,,,,,,,,,,,,,,,,,,,,,,,,,,,,,,,,,,,,,,,,,,,,,,,,,,,,,,,,,,,,,,,,,,,,,,,,,,,,,,,,,,,,17947.0,1.0,1.0,2.0,5396.0,6.0,Pacca House,KULLU ,KULLU 
26577.0,40.0,20.0,Active,,,,,,,10-07-2023,,119.0,,,,,,,,,,,,,,,,,,,,,,,,,,,,,,,,,,,,,,,,,,,,,,,,,,,,,,,,,,,,,,,,,,,,,,,,,,,,,,,,,,,,,,,,,,,,,,,,,,,,,,,17969.0,1.0,1.0,2.0,5409.0,1.0,Pacca House,KULLU ,KULLU 
26641.0,40.0,20.0,Active,,,,,,,10-07-2023,,119.0,,,,,,,,,,,,,,,,,,,,,,,,,,,,,,,,,,,,,,,,,,,,,,,,,,,,,,,,,,,,,,,,,,,,,,,,,,,,,,,,,,,,,,,,,,,,,,,,,,,,,,,17970.0,1.0,1.0,2.0,5410.0,1.0,Pacca House,KULLU ,KULLU 
26577.0,40.0,20.0,Active,,,,,,,10-07-2023,,119.0,,,,,,,,,,,,,,,,,,,,,,,,,,,,,,,,,,,,,,,,,,,,,,,,,,,,,,,,,,,,,,,,,,,,,,,,,,,,,,,,,,,,,,,,,,,,,,,,,,,,,,,17972.0,1.0,1.0,2.0,5412.0,1.0,Pacca House,KULLU ,KULLU 
26577.0,40.0,20.0,Active,,,,,,,10-07-2023,,119.0,,,,,,,,,,,,,,,,,,,,,,,,,,,,,,,,,,,,,,,,,,,,,,,,,,,,,,,,,,,,,,,,,,,,,,,,,,,,,,,,,,,,,,,,,,,,,,,,,,,,,,,17976.0,1.0,1.0,2.0,5414.0,4.0,Pacca House,KULLU ,KULLU 
26386.0,40.0,19.0,Active,,,,,,,13-07-2023,,195.0,,,,,,,,,,,,,,,,,,,,,,,,,,,,,,,,,,,,,,,,,,,,,,,,,,,,,,,,,,,,,,,,,,,,,,,,,,,,,,,,,,,,,,,,,,,,,,,,,,,,,,,17128.0,2.0,1.0,1.0,4935.0,0.225,Kachha House,KINNAUR ,NICHAR
26387.0,40.0,19.0,Active,,,,,,,12-07-2023,,194.0,,,,,,,,,,,,,,,,,,,,,,,,,,,,,,,,,,,,,,,,,,,,,,,,,,,,,,,,,,,,,,,,,,,,,,,,,,,,,,,,,,,,,,,,,,,,,,,,,,,,,,,17288.0,1.0,1.0,2.0,4995.0,10.4,Pacca House,KINNAUR ,KALPA
26387.0,40.0,19.0,Active,,,,,,,12-07-2023,,194.0,,,,,,,,,,,,,,,,,,,,,,,,,,,,,,,,,,,,,,,,,,,,,,,,,,,,,,,,,,,,,,,,,,,,,,,,,,,,,,,,,,,,,,,,,,,,,,,,,,,,,,,17289.0,1.0,1.0,2.0,4995.0,10.4,Pacca House,KINNAUR ,KALPA
26387.0,40.0,19.0,Active,,,,,,,12-07-2023,,194.0,,,,,,,,,,,,,,,,,,,,,,,,,,,,,,,,,,,,,,,,,,,,,,,,,,,,,,,,,,,,,,,,,,,,,,,,,,,,,,,,,,,,,,,,,,,,,,,,,,,,,,,17292.0,1.0,1.0,2.0,4995.0,10.4,Pacca House,KINNAUR ,KALPA
26387.0,40.0,19.0,Active,,,,,,,12-07-2023,,194.0,,,,,,,,,,,,,,,,,,,,,,,,,,,,,,,,,,,,,,,,,,,,,,,,,,,,,,,,,,,,,,,,,,,,,,,,,,,,,,,,,,,,,,,,,,,,,,,,,,,,,,,17293.0,1.0,1.0,2.0,4995.0,10.4,Pacca House,KINNAUR ,KALPA
26387.0,40.0,19.0,Active,,,,,,,12-07-2023,,194.0,,,,,,,,,,,,,,,,,,,,,,,,,,,,,,,,,,,,,,,,,,,,,,,,,,,,,,,,,,,,,,,,,,,,,,,,,,,,,,,,,,,,,,,,,,,,,,,,,,,,,,,17299.0,1.0,1.0,2.0,5000.0,10.4,Pacca House,KINNAUR ,KALPA
26387.0,40.0,19.0,Active,,,,,,,12-07-2023,,194.0,,,,,,,,,,,,,,,,,,,,,,,,,,,,,,,,,,,,,,,,,,,,,,,,,,,,,,,,,,,,,,,,,,,,,,,,,,,,,,,,,,,,,,,,,,,,,,,,,,,,,,,17300.0,1.0,1.0,2.0,5000.0,10.4,Pacca House,KINNAUR ,KALPA
26387.0,40.0,19.0,Active,,,,,,,12-07-2023,,194.0,,,,,,,,,,,,,,,,,,,,,,,,,,,,,,,,,,,,,,,,,,,,,,,,,,,,,,,,,,,,,,,,,,,,,,,,,,,,,,,,,,,,,,,,,,,,,,,,,,,,,,,17301.0,1.0,1.0,2.0,5000.0,10.4,Pacca House,KINNAUR ,KALPA
26387.0,40.0,19.0,Active,,,,,,,12-07-2023,,194.0,,,,,,,,,,,,,,,,,,,,,,,,,,,,,,,,,,,,,,,,,,,,,,,,,,,,,,,,,,,,,,,,,,,,,,,,,,,,,,,,,,,,,,,,,,,,,,,,,,,,,,,17303.0,1.0,1.0,2.0,5000.0,10.4,Pacca House,KINNAUR ,KALPA
26387.0,40.0,19.0,Active,,,,,,,12-07-2023,,194.0,,,,,,,,,,,,,,,,,,,,,,,,,,,,,,,,,,,,,,,,,,,,,,,,,,,,,,,,,,,,,,,,,,,,,,,,,,,,,,,,,,,,,,,,,,,,,,,,,,,,,,,17304.0,1.0,1.0,2.0,5000.0,10.4,Pacca House,KINNAUR ,KALPA
25148.0,40.0,19.0,Active,,,,,,,12-07-2023,,194.0,,,,,,,,,,,,,,,,,,,,,,,,,,,,,,,,,,,,,,,,,,,,,,,,,,,,,,,,,,,,,,,,,,,,,,,,,,,,,,,,,,,,,,,,,,,,,,,,,,,,,,,17316.0,1.0,1.0,2.0,5005.0,10.4,Pacca House,KINNAUR ,KALPA
25148.0,40.0,19.0,Active,,,,,,,12-07-2023,,194.0,,,,,,,,,,,,,,,,,,,,,,,,,,,,,,,,,,,,,,,,,,,,,,,,,,,,,,,,,,,,,,,,,,,,,,,,,,,,,,,,,,,,,,,,,,,,,,,,,,,,,,,17319.0,1.0,1.0,2.0,5005.0,10.4,Pacca House,KINNAUR ,KALPA
25148.0,40.0,19.0,Active,,,,,,,12-07-2023,,194.0,,,,,,,,,,,,,,,,,,,,,,,,,,,,,,,,,,,,,,,,,,,,,,,,,,,,,,,,,,,,,,,,,,,,,,,,,,,,,,,,,,,,,,,,,,,,,,,,,,,,,,,17320.0,1.0,1.0,2.0,5005.0,10.4,Pacca House,KINNAUR ,KALPA
25148.0,40.0,19.0,Active,,,,,,,12-07-2023,,194.0,,,,,,,,,,,,,,,,,,,,,,,,,,,,,,,,,,,,,,,,,,,,,,,,,,,,,,,,,,,,,,,,,,,,,,,,,,,,,,,,,,,,,,,,,,,,,,,,,,,,,,,17323.0,1.0,1.0,2.0,5005.0,10.4,Pacca House,KINNAUR ,KALPA
25148.0,40.0,19.0,Active,,,,,,,12-07-2023,,194.0,,,,,,,,,,,,,,,,,,,,,,,,,,,,,,,,,,,,,,,,,,,,,,,,,,,,,,,,,,,,,,,,,,,,,,,,,,,,,,,,,,,,,,,,,,,,,,,,,,,,,,,17326.0,1.0,1.0,2.0,5006.0,10.4,Pacca House,KINNAUR ,KALPA
25148.0,40.0,19.0,Active,,,,,,,12-07-2023,,194.0,,,,,,,,,,,,,,,,,,,,,,,,,,,,,,,,,,,,,,,,,,,,,,,,,,,,,,,,,,,,,,,,,,,,,,,,,,,,,,,,,,,,,,,,,,,,,,,,,,,,,,,17327.0,1.0,1.0,2.0,5006.0,10.4,Pacca House,KINNAUR ,KALPA
25148.0,40.0,19.0,Active,,,,,,,12-07-2023,,194.0,,,,,,,,,,,,,,,,,,,,,,,,,,,,,,,,,,,,,,,,,,,,,,,,,,,,,,,,,,,,,,,,,,,,,,,,,,,,,,,,,,,,,,,,,,,,,,,,,,,,,,,17330.0,1.0,1.0,2.0,5006.0,10.4,Pacca House,KINNAUR ,KALPA
25148.0,40.0,19.0,Active,,,,,,,12-07-2023,,194.0,,,,,,,,,,,,,,,,,,,,,,,,,,,,,,,,,,,,,,,,,,,,,,,,,,,,,,,,,,,,,,,,,,,,,,,,,,,,,,,,,,,,,,,,,,,,,,,,,,,,,,,17331.0,1.0,1.0,2.0,5006.0,10.4,Pacca House,KINNAUR ,KALPA
26387.0,40.0,19.0,Active,,,,,,,12-07-2023,,194.0,,,,,,,,,,,,,,,,,,,,,,,,,,,,,,,,,,,,,,,,,,,,,,,,,,,,,,,,,,,,,,,,,,,,,,,,,,,,,,,,,,,,,,,,,,,,,,,,,,,,,,,17332.0,1.0,1.0,2.0,5007.0,3.235,Pacca House,KINNAUR ,KALPA
26387.0,40.0,19.0,Active,,,,,,,12-07-2023,,194.0,,,,,,,,,,,,,,,,,,,,,,,,,,,,,,,,,,,,,,,,,,,,,,,,,,,,,,,,,,,,,,,,,,,,,,,,,,,,,,,,,,,,,,,,,,,,,,,,,,,,,,,17334.0,1004.0,1.0,2.0,5007.0,3.235,Cowsheds,KINNAUR ,KALPA
26387.0,40.0,19.0,Active,,,,,,,12-07-2023,,194.0,,,,,,,,,,,,,,,,,,,,,,,,,,,,,,,,,,,,,,,,,,,,,,,,,,,,,,,,,,,,,,,,,,,,,,,,,,,,,,,,,,,,,,,,,,,,,,,,,,,,,,,17335.0,1007.0,1.0,2.0,5007.0,3.235,Huts,KINNAUR ,KALPA
26387.0,40.0,19.0,Active,,,,,,,12-07-2023,,194.0,,,,,,,,,,,,,,,,,,,,,,,,,,,,,,,,,,,,,,,,,,,,,,,,,,,,,,,,,,,,,,,,,,,,,,,,,,,,,,,,,,,,,,,,,,,,,,,,,,,,,,,17338.0,1.0,1.0,1.0,5007.0,3.235,Pacca House,KINNAUR ,KALPA
26387.0,40.0,19.0,Active,,,,,,,12-07-2023,,194.0,,,,,,,,,,,,,,,,,,,,,,,,,,,,,,,,,,,,,,,,,,,,,,,,,,,,,,,,,,,,,,,,,,,,,,,,,,,,,,,,,,,,,,,,,,,,,,,,,,,,,,,17339.0,1.0,1.0,1.0,5007.0,3.235,Pacca House,KINNAUR ,KALPA
26387.0,40.0,19.0,Active,,,,,,,12-07-2023,,194.0,,,,,,,,,,,,,,,,,,,,,,,,,,,,,,,,,,,,,,,,,,,,,,,,,,,,,,,,,,,,,,,,,,,,,,,,,,,,,,,,,,,,,,,,,,,,,,,,,,,,,,,17290.0,1.0,1.0,2.0,4995.0,10.4,Pacca House,KINNAUR ,KALPA
26387.0,40.0,19.0,Active,,,,,,,12-07-2023,,194.0,,,,,,,,,,,,,,,,,,,,,,,,,,,,,,,,,,,,,,,,,,,,,,,,,,,,,,,,,,,,,,,,,,,,,,,,,,,,,,,,,,,,,,,,,,,,,,,,,,,,,,,17294.0,1.0,1.0,2.0,4995.0,10.4,Pacca House,KINNAUR ,KALPA
26387.0,40.0,19.0,Active,,,,,,,12-07-2023,,194.0,,,,,,,,,,,,,,,,,,,,,,,,,,,,,,,,,,,,,,,,,,,,,,,,,,,,,,,,,,,,,,,,,,,,,,,,,,,,,,,,,,,,,,,,,,,,,,,,,,,,,,,17306.0,1.0,1.0,2.0,5000.0,10.4,Pacca House,KINNAUR ,KALPA
25148.0,40.0,19.0,Active,,,,,,,12-07-2023,,194.0,,,,,,,,,,,,,,,,,,,,,,,,,,,,,,,,,,,,,,,,,,,,,,,,,,,,,,,,,,,,,,,,,,,,,,,,,,,,,,,,,,,,,,,,,,,,,,,,,,,,,,,17317.0,1.0,1.0,2.0,5005.0,10.4,Pacca House,KINNAUR ,KALPA
25148.0,40.0,19.0,Active,,,,,,,12-07-2023,,194.0,,,,,,,,,,,,,,,,,,,,,,,,,,,,,,,,,,,,,,,,,,,,,,,,,,,,,,,,,,,,,,,,,,,,,,,,,,,,,,,,,,,,,,,,,,,,,,,,,,,,,,,17321.0,1.0,1.0,2.0,5005.0,10.4,Pacca House,KINNAUR ,KALPA
25148.0,40.0,19.0,Active,,,,,,,12-07-2023,,194.0,,,,,,,,,,,,,,,,,,,,,,,,,,,,,,,,,,,,,,,,,,,,,,,,,,,,,,,,,,,,,,,,,,,,,,,,,,,,,,,,,,,,,,,,,,,,,,,,,,,,,,,17324.0,1.0,1.0,2.0,5006.0,10.4,Pacca House,KINNAUR ,KALPA
25148.0,40.0,19.0,Active,,,,,,,12-07-2023,,194.0,,,,,,,,,,,,,,,,,,,,,,,,,,,,,,,,,,,,,,,,,,,,,,,,,,,,,,,,,,,,,,,,,,,,,,,,,,,,,,,,,,,,,,,,,,,,,,,,,,,,,,,17328.0,1.0,1.0,2.0,5006.0,10.4,Pacca House,KINNAUR ,KALPA
26387.0,40.0,19.0,Active,,,,,,,12-07-2023,,194.0,,,,,,,,,,,,,,,,,,,,,,,,,,,,,,,,,,,,,,,,,,,,,,,,,,,,,,,,,,,,,,,,,,,,,,,,,,,,,,,,,,,,,,,,,,,,,,,,,,,,,,,17342.0,1.0,1.0,1.0,5008.0,1.0,Pacca House,KINNAUR ,KALPA
26387.0,40.0,19.0,Active,,,,,,,12-07-2023,,194.0,,,,,,,,,,,,,,,,,,,,,,,,,,,,,,,,,,,,,,,,,,,,,,,,,,,,,,,,,,,,,,,,,,,,,,,,,,,,,,,,,,,,,,,,,,,,,,,,,,,,,,,17343.0,1.0,1.0,1.0,5008.0,1.0,Pacca House,KINNAUR ,KALPA
26387.0,40.0,19.0,Active,,,,,,,12-07-2023,,194.0,,,,,,,,,,,,,,,,,,,,,,,,,,,,,,,,,,,,,,,,,,,,,,,,,,,,,,,,,,,,,,,,,,,,,,,,,,,,,,,,,,,,,,,,,,,,,,,,,,,,,,,17344.0,1.0,1.0,1.0,5008.0,1.0,Pacca House,KINNAUR ,KALPA
26387.0,40.0,19.0,Active,,,,,,,12-07-2023,,194.0,,,,,,,,,,,,,,,,,,,,,,,,,,,,,,,,,,,,,,,,,,,,,,,,,,,,,,,,,,,,,,,,,,,,,,,,,,,,,,,,,,,,,,,,,,,,,,,,,,,,,,,17345.0,1.0,1.0,1.0,5008.0,1.0,Pacca House,KINNAUR ,KALPA
26387.0,40.0,19.0,Active,,,,,,,12-07-2023,,194.0,,,,,,,,,,,,,,,,,,,,,,,,,,,,,,,,,,,,,,,,,,,,,,,,,,,,,,,,,,,,,,,,,,,,,,,,,,,,,,,,,,,,,,,,,,,,,,,,,,,,,,,17346.0,1.0,1.0,1.0,5008.0,1.0,Pacca House,KINNAUR ,KALPA
26387.0,40.0,19.0,Active,,,,,,,12-07-2023,,194.0,,,,,,,,,,,,,,,,,,,,,,,,,,,,,,,,,,,,,,,,,,,,,,,,,,,,,,,,,,,,,,,,,,,,,,,,,,,,,,,,,,,,,,,,,,,,,,,,,,,,,,,17348.0,2.0,1.0,1.0,5009.0,0.975,Kachha House,KINNAUR ,KALPA
26387.0,40.0,19.0,Active,,,,,,,12-07-2023,,194.0,,,,,,,,,,,,,,,,,,,,,,,,,,,,,,,,,,,,,,,,,,,,,,,,,,,,,,,,,,,,,,,,,,,,,,,,,,,,,,,,,,,,,,,,,,,,,,,,,,,,,,,17351.0,1.0,1.0,1.0,5009.0,0.975,Pacca House,KINNAUR ,KALPA
26387.0,40.0,19.0,Active,,,,,,,12-07-2023,,194.0,,,,,,,,,,,,,,,,,,,,,,,,,,,,,,,,,,,,,,,,,,,,,,,,,,,,,,,,,,,,,,,,,,,,,,,,,,,,,,,,,,,,,,,,,,,,,,,,,,,,,,,17353.0,1.0,1.0,1.0,5009.0,0.975,Pacca House,KINNAUR ,KALPA
26387.0,40.0,19.0,Active,,,,,,,12-07-2023,,194.0,,,,,,,,,,,,,,,,,,,,,,,,,,,,,,,,,,,,,,,,,,,,,,,,,,,,,,,,,,,,,,,,,,,,,,,,,,,,,,,,,,,,,,,,,,,,,,,,,,,,,,,17354.0,1.0,1.0,1.0,5009.0,0.975,Pacca House,KINNAUR ,KALPA
26387.0,40.0,19.0,Active,,,,,,,12-07-2023,,194.0,,,,,,,,,,,,,,,,,,,,,,,,,,,,,,,,,,,,,,,,,,,,,,,,,,,,,,,,,,,,,,,,,,,,,,,,,,,,,,,,,,,,,,,,,,,,,,,,,,,,,,,17356.0,1.0,1.0,1.0,5010.0,1.0,Pacca House,KINNAUR ,KALPA
26387.0,40.0,19.0,Active,,,,,,,12-07-2023,,194.0,,,,,,,,,,,,,,,,,,,,,,,,,,,,,,,,,,,,,,,,,,,,,,,,,,,,,,,,,,,,,,,,,,,,,,,,,,,,,,,,,,,,,,,,,,,,,,,,,,,,,,,17336.0,1007.0,1.0,2.0,5007.0,3.235,Huts,KINNAUR ,KALPA
26387.0,40.0,19.0,Active,,,,,,,12-07-2023,,194.0,,,,,,,,,,,,,,,,,,,,,,,,,,,,,,,,,,,,,,,,,,,,,,,,,,,,,,,,,,,,,,,,,,,,,,,,,,,,,,,,,,,,,,,,,,,,,,,,,,,,,,,17349.0,1.0,1.0,1.0,5009.0,0.975,Pacca House,KINNAUR ,KALPA
26387.0,40.0,19.0,Active,,,,,,,12-07-2023,,194.0,,,,,,,,,,,,,,,,,,,,,,,,,,,,,,,,,,,,,,,,,,,,,,,,,,,,,,,,,,,,,,,,,,,,,,,,,,,,,,,,,,,,,,,,,,,,,,,,,,,,,,,17357.0,1.0,1.0,1.0,5010.0,1.0,Pacca House,KINNAUR ,KALPA
26387.0,40.0,19.0,Active,,,,,,,12-07-2023,,194.0,,,,,,,,,,,,,,,,,,,,,,,,,,,,,,,,,,,,,,,,,,,,,,,,,,,,,,,,,,,,,,,,,,,,,,,,,,,,,,,,,,,,,,,,,,,,,,,,,,,,,,,17359.0,1.0,1.0,1.0,5010.0,1.0,Pacca House,KINNAUR ,KALPA
26387.0,40.0,19.0,Active,,,,,,,12-07-2023,,194.0,,,,,,,,,,,,,,,,,,,,,,,,,,,,,,,,,,,,,,,,,,,,,,,,,,,,,,,,,,,,,,,,,,,,,,,,,,,,,,,,,,,,,,,,,,,,,,,,,,,,,,,17362.0,1.0,1.0,1.0,5010.0,1.0,Pacca House,KINNAUR ,KALPA
26387.0,40.0,19.0,Active,,,,,,,12-07-2023,,194.0,,,,,,,,,,,,,,,,,,,,,,,,,,,,,,,,,,,,,,,,,,,,,,,,,,,,,,,,,,,,,,,,,,,,,,,,,,,,,,,,,,,,,,,,,,,,,,,,,,,,,,,17363.0,1.0,1.0,1.0,5010.0,1.0,Pacca House,KINNAUR ,KALPA
25667.0,40.0,19.0,Active,,,,,,,12-07-2023,,194.0,,,,,,,,,,,,,,,,,,,,,,,,,,,,,,,,,,,,,,,,,,,,,,,,,,,,,,,,,,,,,,,,,,,,,,,,,,,,,,,,,,,,,,,,,,,,,,,,,,,,,,,17364.0,1.0,1.0,1.0,5011.0,1.0,Pacca House,KINNAUR ,KALPA
25667.0,40.0,19.0,Active,,,,,,,12-07-2023,,194.0,,,,,,,,,,,,,,,,,,,,,,,,,,,,,,,,,,,,,,,,,,,,,,,,,,,,,,,,,,,,,,,,,,,,,,,,,,,,,,,,,,,,,,,,,,,,,,,,,,,,,,,17367.0,1.0,1.0,1.0,5011.0,1.0,Pacca House,KINNAUR ,KALPA
25667.0,40.0,19.0,Active,,,,,,,12-07-2023,,194.0,,,,,,,,,,,,,,,,,,,,,,,,,,,,,,,,,,,,,,,,,,,,,,,,,,,,,,,,,,,,,,,,,,,,,,,,,,,,,,,,,,,,,,,,,,,,,,,,,,,,,,,17368.0,1.0,1.0,1.0,5011.0,1.0,Pacca House,KINNAUR ,KALPA
25667.0,40.0,19.0,Active,,,,,,,12-07-2023,,194.0,,,,,,,,,,,,,,,,,,,,,,,,,,,,,,,,,,,,,,,,,,,,,,,,,,,,,,,,,,,,,,,,,,,,,,,,,,,,,,,,,,,,,,,,,,,,,,,,,,,,,,,17370.0,1.0,1.0,1.0,5011.0,1.0,Pacca House,KINNAUR ,KALPA
25667.0,40.0,19.0,Active,,,,,,,12-07-2023,,194.0,,,,,,,,,,,,,,,,,,,,,,,,,,,,,,,,,,,,,,,,,,,,,,,,,,,,,,,,,,,,,,,,,,,,,,,,,,,,,,,,,,,,,,,,,,,,,,,,,,,,,,,17371.0,1.0,1.0,1.0,5011.0,1.0,Pacca House,KINNAUR ,KALPA
25667.0,40.0,19.0,Active,,,,,,,12-07-2023,,194.0,,,,,,,,,,,,,,,,,,,,,,,,,,,,,,,,,,,,,,,,,,,,,,,,,,,,,,,,,,,,,,,,,,,,,,,,,,,,,,,,,,,,,,,,,,,,,,,,,,,,,,,17374.0,1.0,1.0,1.0,5012.0,0.9,Pacca House,KINNAUR ,KALPA
25667.0,40.0,19.0,Active,,,,,,,12-07-2023,,194.0,,,,,,,,,,,,,,,,,,,,,,,,,,,,,,,,,,,,,,,,,,,,,,,,,,,,,,,,,,,,,,,,,,,,,,,,,,,,,,,,,,,,,,,,,,,,,,,,,,,,,,,17375.0,1.0,1.0,1.0,5012.0,0.9,Pacca House,KINNAUR ,KALPA
25667.0,40.0,19.0,Active,,,,,,,12-07-2023,,194.0,,,,,,,,,,,,,,,,,,,,,,,,,,,,,,,,,,,,,,,,,,,,,,,,,,,,,,,,,,,,,,,,,,,,,,,,,,,,,,,,,,,,,,,,,,,,,,,,,,,,,,,17377.0,2.0,1.0,1.0,5012.0,0.9,Kachha House,KINNAUR ,KALPA
25148.0,40.0,19.0,Active,,,,,,,12-07-2023,,194.0,,,,,,,,,,,,,,,,,,,,,,,,,,,,,,,,,,,,,,,,,,,,,,,,,,,,,,,,,,,,,,,,,,,,,,,,,,,,,,,,,,,,,,,,,,,,,,,,,,,,,,,17382.0,1.0,1.0,1.0,5013.0,0.875,Pacca House,KINNAUR ,KALPA
25148.0,40.0,19.0,Active,,,,,,,12-07-2023,,194.0,,,,,,,,,,,,,,,,,,,,,,,,,,,,,,,,,,,,,,,,,,,,,,,,,,,,,,,,,,,,,,,,,,,,,,,,,,,,,,,,,,,,,,,,,,,,,,,,,,,,,,,17383.0,1.0,1.0,1.0,5013.0,0.875,Pacca House,KINNAUR ,KALPA
25148.0,40.0,19.0,Active,,,,,,,12-07-2023,,194.0,,,,,,,,,,,,,,,,,,,,,,,,,,,,,,,,,,,,,,,,,,,,,,,,,,,,,,,,,,,,,,,,,,,,,,,,,,,,,,,,,,,,,,,,,,,,,,,,,,,,,,,17386.0,2.0,1.0,1.0,5013.0,0.875,Kachha House,KINNAUR ,KALPA
25148.0,40.0,19.0,Active,,,,,,,12-07-2023,,194.0,,,,,,,,,,,,,,,,,,,,,,,,,,,,,,,,,,,,,,,,,,,,,,,,,,,,,,,,,,,,,,,,,,,,,,,,,,,,,,,,,,,,,,,,,,,,,,,,,,,,,,,17387.0,1007.0,1.0,1.0,5013.0,0.875,Huts,KINNAUR ,KALPA
26387.0,40.0,19.0,Active,,,,,,,12-07-2023,,194.0,,,,,,,,,,,,,,,,,,,,,,,,,,,,,,,,,,,,,,,,,,,,,,,,,,,,,,,,,,,,,,,,,,,,,,,,,,,,,,,,,,,,,,,,,,,,,,,,,,,,,,,17390.0,1007.0,1.0,1.0,5014.0,0.0,Huts,KINNAUR ,KALPA
26372.0,40.0,19.0,Active,,,,,,,10-07-2023,,194.0,,,,,,,,,,,,,,,,,,,,,,,,,,,,,,,,,,,,,,,,,,,,,,,,,,,,,,,,,,,,,,,,,,,,,,,,,,,,,,,,,,,,,,,,,,,,,,,,,,,,,,,17393.0,1.0,1.0,1.0,5015.0,1.0,Pacca House,KINNAUR ,KALPA
26372.0,40.0,19.0,Active,,,,,,,10-07-2023,,194.0,,,,,,,,,,,,,,,,,,,,,,,,,,,,,,,,,,,,,,,,,,,,,,,,,,,,,,,,,,,,,,,,,,,,,,,,,,,,,,,,,,,,,,,,,,,,,,,,,,,,,,,17395.0,1.0,1.0,1.0,5015.0,1.0,Pacca House,KINNAUR ,KALPA
26372.0,40.0,19.0,Active,,,,,,,10-07-2023,,194.0,,,,,,,,,,,,,,,,,,,,,,,,,,,,,,,,,,,,,,,,,,,,,,,,,,,,,,,,,,,,,,,,,,,,,,,,,,,,,,,,,,,,,,,,,,,,,,,,,,,,,,,17398.0,1.0,1.0,1.0,5015.0,1.0,Pacca House,KINNAUR ,KALPA
26372.0,40.0,19.0,Active,,,,,,,10-07-2023,,194.0,,,,,,,,,,,,,,,,,,,,,,,,,,,,,,,,,,,,,,,,,,,,,,,,,,,,,,,,,,,,,,,,,,,,,,,,,,,,,,,,,,,,,,,,,,,,,,,,,,,,,,,17401.0,1007.0,1.0,2.0,5016.0,0.82,Huts,KINNAUR ,KALPA
26372.0,40.0,19.0,Active,,,,,,,10-07-2023,,194.0,,,,,,,,,,,,,,,,,,,,,,,,,,,,,,,,,,,,,,,,,,,,,,,,,,,,,,,,,,,,,,,,,,,,,,,,,,,,,,,,,,,,,,,,,,,,,,,,,,,,,,,17402.0,1007.0,1.0,2.0,5016.0,0.82,Huts,KINNAUR ,KALPA
26372.0,40.0,19.0,Active,,,,,,,10-07-2023,,194.0,,,,,,,,,,,,,,,,,,,,,,,,,,,,,,,,,,,,,,,,,,,,,,,,,,,,,,,,,,,,,,,,,,,,,,,,,,,,,,,,,,,,,,,,,,,,,,,,,,,,,,,17405.0,1007.0,1.0,2.0,5016.0,0.82,Huts,KINNAUR ,KALPA
26372.0,40.0,19.0,Active,,,,,,,10-07-2023,,194.0,,,,,,,,,,,,,,,,,,,,,,,,,,,,,,,,,,,,,,,,,,,,,,,,,,,,,,,,,,,,,,,,,,,,,,,,,,,,,,,,,,,,,,,,,,,,,,,,,,,,,,,17406.0,1004.0,1.0,2.0,5016.0,0.82,Cowsheds,KINNAUR ,KALPA
26372.0,40.0,19.0,Active,,,,,,,10-07-2023,,194.0,,,,,,,,,,,,,,,,,,,,,,,,,,,,,,,,,,,,,,,,,,,,,,,,,,,,,,,,,,,,,,,,,,,,,,,,,,,,,,,,,,,,,,,,,,,,,,,,,,,,,,,17407.0,1007.0,1.0,2.0,5016.0,0.82,Huts,KINNAUR ,KALPA
26387.0,40.0,19.0,Active,,,,,,,12-07-2023,,194.0,,,,,,,,,,,,,,,,,,,,,,,,,,,,,,,,,,,,,,,,,,,,,,,,,,,,,,,,,,,,,,,,,,,,,,,,,,,,,,,,,,,,,,,,,,,,,,,,,,,,,,,17287.0,1.0,1.0,2.0,4995.0,10.4,Pacca House,KINNAUR ,KALPA
26387.0,40.0,19.0,Active,,,,,,,12-07-2023,,194.0,,,,,,,,,,,,,,,,,,,,,,,,,,,,,,,,,,,,,,,,,,,,,,,,,,,,,,,,,,,,,,,,,,,,,,,,,,,,,,,,,,,,,,,,,,,,,,,,,,,,,,,17291.0,1.0,1.0,2.0,4995.0,10.4,Pacca House,KINNAUR ,KALPA
26387.0,40.0,19.0,Active,,,,,,,12-07-2023,,194.0,,,,,,,,,,,,,,,,,,,,,,,,,,,,,,,,,,,,,,,,,,,,,,,,,,,,,,,,,,,,,,,,,,,,,,,,,,,,,,,,,,,,,,,,,,,,,,,,,,,,,,,17302.0,1.0,1.0,2.0,5000.0,10.4,Pacca House,KINNAUR ,KALPA
26387.0,40.0,19.0,Active,,,,,,,12-07-2023,,194.0,,,,,,,,,,,,,,,,,,,,,,,,,,,,,,,,,,,,,,,,,,,,,,,,,,,,,,,,,,,,,,,,,,,,,,,,,,,,,,,,,,,,,,,,,,,,,,,,,,,,,,,17305.0,1.0,1.0,2.0,5000.0,10.4,Pacca House,KINNAUR ,KALPA
25148.0,40.0,19.0,Active,,,,,,,12-07-2023,,194.0,,,,,,,,,,,,,,,,,,,,,,,,,,,,,,,,,,,,,,,,,,,,,,,,,,,,,,,,,,,,,,,,,,,,,,,,,,,,,,,,,,,,,,,,,,,,,,,,,,,,,,,17318.0,1.0,1.0,2.0,5005.0,10.4,Pacca House,KINNAUR ,KALPA
25148.0,40.0,19.0,Active,,,,,,,12-07-2023,,194.0,,,,,,,,,,,,,,,,,,,,,,,,,,,,,,,,,,,,,,,,,,,,,,,,,,,,,,,,,,,,,,,,,,,,,,,,,,,,,,,,,,,,,,,,,,,,,,,,,,,,,,,17322.0,1.0,1.0,2.0,5005.0,10.4,Pacca House,KINNAUR ,KALPA
25148.0,40.0,19.0,Active,,,,,,,12-07-2023,,194.0,,,,,,,,,,,,,,,,,,,,,,,,,,,,,,,,,,,,,,,,,,,,,,,,,,,,,,,,,,,,,,,,,,,,,,,,,,,,,,,,,,,,,,,,,,,,,,,,,,,,,,,17325.0,1.0,1.0,2.0,5006.0,10.4,Pacca House,KINNAUR ,KALPA
25148.0,40.0,19.0,Active,,,,,,,12-07-2023,,194.0,,,,,,,,,,,,,,,,,,,,,,,,,,,,,,,,,,,,,,,,,,,,,,,,,,,,,,,,,,,,,,,,,,,,,,,,,,,,,,,,,,,,,,,,,,,,,,,,,,,,,,,17329.0,1.0,1.0,2.0,5006.0,10.4,Pacca House,KINNAUR ,KALPA
26387.0,40.0,19.0,Active,,,,,,,12-07-2023,,194.0,,,,,,,,,,,,,,,,,,,,,,,,,,,,,,,,,,,,,,,,,,,,,,,,,,,,,,,,,,,,,,,,,,,,,,,,,,,,,,,,,,,,,,,,,,,,,,,,,,,,,,,17333.0,1.0,1.0,2.0,5007.0,3.235,Pacca House,KINNAUR ,KALPA
26387.0,40.0,19.0,Active,,,,,,,12-07-2023,,194.0,,,,,,,,,,,,,,,,,,,,,,,,,,,,,,,,,,,,,,,,,,,,,,,,,,,,,,,,,,,,,,,,,,,,,,,,,,,,,,,,,,,,,,,,,,,,,,,,,,,,,,,17337.0,1.0,1.0,1.0,5007.0,3.235,Pacca House,KINNAUR ,KALPA
26387.0,40.0,19.0,Active,,,,,,,12-07-2023,,194.0,,,,,,,,,,,,,,,,,,,,,,,,,,,,,,,,,,,,,,,,,,,,,,,,,,,,,,,,,,,,,,,,,,,,,,,,,,,,,,,,,,,,,,,,,,,,,,,,,,,,,,,17340.0,1.0,1.0,1.0,5008.0,1.0,Pacca House,KINNAUR ,KALPA
26387.0,40.0,19.0,Active,,,,,,,12-07-2023,,194.0,,,,,,,,,,,,,,,,,,,,,,,,,,,,,,,,,,,,,,,,,,,,,,,,,,,,,,,,,,,,,,,,,,,,,,,,,,,,,,,,,,,,,,,,,,,,,,,,,,,,,,,17347.0,1.0,1.0,1.0,5008.0,1.0,Pacca House,KINNAUR ,KALPA
26387.0,40.0,19.0,Active,,,,,,,12-07-2023,,194.0,,,,,,,,,,,,,,,,,,,,,,,,,,,,,,,,,,,,,,,,,,,,,,,,,,,,,,,,,,,,,,,,,,,,,,,,,,,,,,,,,,,,,,,,,,,,,,,,,,,,,,,17350.0,1.0,1.0,1.0,5009.0,0.975,Pacca House,KINNAUR ,KALPA
26387.0,40.0,19.0,Active,,,,,,,12-07-2023,,194.0,,,,,,,,,,,,,,,,,,,,,,,,,,,,,,,,,,,,,,,,,,,,,,,,,,,,,,,,,,,,,,,,,,,,,,,,,,,,,,,,,,,,,,,,,,,,,,,,,,,,,,,17355.0,1.0,1.0,1.0,5009.0,0.975,Pacca House,KINNAUR ,KALPA
26387.0,40.0,19.0,Active,,,,,,,12-07-2023,,194.0,,,,,,,,,,,,,,,,,,,,,,,,,,,,,,,,,,,,,,,,,,,,,,,,,,,,,,,,,,,,,,,,,,,,,,,,,,,,,,,,,,,,,,,,,,,,,,,,,,,,,,,17358.0,1.0,1.0,1.0,5010.0,1.0,Pacca House,KINNAUR ,KALPA
26387.0,40.0,19.0,Active,,,,,,,12-07-2023,,194.0,,,,,,,,,,,,,,,,,,,,,,,,,,,,,,,,,,,,,,,,,,,,,,,,,,,,,,,,,,,,,,,,,,,,,,,,,,,,,,,,,,,,,,,,,,,,,,,,,,,,,,,17360.0,1.0,1.0,1.0,5010.0,1.0,Pacca House,KINNAUR ,KALPA
25667.0,40.0,19.0,Active,,,,,,,12-07-2023,,194.0,,,,,,,,,,,,,,,,,,,,,,,,,,,,,,,,,,,,,,,,,,,,,,,,,,,,,,,,,,,,,,,,,,,,,,,,,,,,,,,,,,,,,,,,,,,,,,,,,,,,,,,17365.0,1.0,1.0,1.0,5011.0,1.0,Pacca House,KINNAUR ,KALPA
25667.0,40.0,19.0,Active,,,,,,,12-07-2023,,194.0,,,,,,,,,,,,,,,,,,,,,,,,,,,,,,,,,,,,,,,,,,,,,,,,,,,,,,,,,,,,,,,,,,,,,,,,,,,,,,,,,,,,,,,,,,,,,,,,,,,,,,,17369.0,1.0,1.0,1.0,5011.0,1.0,Pacca House,KINNAUR ,KALPA
25667.0,40.0,19.0,Active,,,,,,,12-07-2023,,194.0,,,,,,,,,,,,,,,,,,,,,,,,,,,,,,,,,,,,,,,,,,,,,,,,,,,,,,,,,,,,,,,,,,,,,,,,,,,,,,,,,,,,,,,,,,,,,,,,,,,,,,,17373.0,2.0,1.0,1.0,5012.0,0.9,Kachha House,KINNAUR ,KALPA
25667.0,40.0,19.0,Active,,,,,,,12-07-2023,,194.0,,,,,,,,,,,,,,,,,,,,,,,,,,,,,,,,,,,,,,,,,,,,,,,,,,,,,,,,,,,,,,,,,,,,,,,,,,,,,,,,,,,,,,,,,,,,,,,,,,,,,,,17378.0,1.0,1.0,1.0,5012.0,0.9,Pacca House,KINNAUR ,KALPA
25667.0,40.0,19.0,Active,,,,,,,12-07-2023,,194.0,,,,,,,,,,,,,,,,,,,,,,,,,,,,,,,,,,,,,,,,,,,,,,,,,,,,,,,,,,,,,,,,,,,,,,,,,,,,,,,,,,,,,,,,,,,,,,,,,,,,,,,17379.0,1.0,1.0,1.0,5012.0,0.9,Pacca House,KINNAUR ,KALPA
26387.0,40.0,19.0,Active,,,,,,,12-07-2023,,194.0,,,,,,,,,,,,,,,,,,,,,,,,,,,,,,,,,,,,,,,,,,,,,,,,,,,,,,,,,,,,,,,,,,,,,,,,,,,,,,,,,,,,,,,,,,,,,,,,,,,,,,,17352.0,1.0,1.0,1.0,5009.0,0.975,Pacca House,KINNAUR ,KALPA
25148.0,40.0,19.0,Active,,,,,,,12-07-2023,,194.0,,,,,,,,,,,,,,,,,,,,,,,,,,,,,,,,,,,,,,,,,,,,,,,,,,,,,,,,,,,,,,,,,,,,,,,,,,,,,,,,,,,,,,,,,,,,,,,,,,,,,,,17380.0,2.0,1.0,1.0,5013.0,0.875,Kachha House,KINNAUR ,KALPA
25148.0,40.0,19.0,Active,,,,,,,12-07-2023,,194.0,,,,,,,,,,,,,,,,,,,,,,,,,,,,,,,,,,,,,,,,,,,,,,,,,,,,,,,,,,,,,,,,,,,,,,,,,,,,,,,,,,,,,,,,,,,,,,,,,,,,,,,17384.0,2.0,1.0,1.0,5013.0,0.875,Kachha House,KINNAUR ,KALPA
26387.0,40.0,19.0,Active,,,,,,,12-07-2023,,194.0,,,,,,,,,,,,,,,,,,,,,,,,,,,,,,,,,,,,,,,,,,,,,,,,,,,,,,,,,,,,,,,,,,,,,,,,,,,,,,,,,,,,,,,,,,,,,,,,,,,,,,,17388.0,1007.0,1.0,1.0,5014.0,0.0,Huts,KINNAUR ,KALPA
26387.0,40.0,19.0,Active,,,,,,,12-07-2023,,194.0,,,,,,,,,,,,,,,,,,,,,,,,,,,,,,,,,,,,,,,,,,,,,,,,,,,,,,,,,,,,,,,,,,,,,,,,,,,,,,,,,,,,,,,,,,,,,,,,,,,,,,,17389.0,1007.0,1.0,1.0,5014.0,0.0,Huts,KINNAUR ,KALPA
26372.0,40.0,19.0,Active,,,,,,,10-07-2023,,194.0,,,,,,,,,,,,,,,,,,,,,,,,,,,,,,,,,,,,,,,,,,,,,,,,,,,,,,,,,,,,,,,,,,,,,,,,,,,,,,,,,,,,,,,,,,,,,,,,,,,,,,,17392.0,1.0,1.0,1.0,5015.0,1.0,Pacca House,KINNAUR ,KALPA
26372.0,40.0,19.0,Active,,,,,,,10-07-2023,,194.0,,,,,,,,,,,,,,,,,,,,,,,,,,,,,,,,,,,,,,,,,,,,,,,,,,,,,,,,,,,,,,,,,,,,,,,,,,,,,,,,,,,,,,,,,,,,,,,,,,,,,,,17394.0,1.0,1.0,1.0,5015.0,1.0,Pacca House,KINNAUR ,KALPA
26372.0,40.0,19.0,Active,,,,,,,10-07-2023,,194.0,,,,,,,,,,,,,,,,,,,,,,,,,,,,,,,,,,,,,,,,,,,,,,,,,,,,,,,,,,,,,,,,,,,,,,,,,,,,,,,,,,,,,,,,,,,,,,,,,,,,,,,17396.0,1.0,1.0,1.0,5015.0,1.0,Pacca House,KINNAUR ,KALPA
26372.0,40.0,19.0,Active,,,,,,,10-07-2023,,194.0,,,,,,,,,,,,,,,,,,,,,,,,,,,,,,,,,,,,,,,,,,,,,,,,,,,,,,,,,,,,,,,,,,,,,,,,,,,,,,,,,,,,,,,,,,,,,,,,,,,,,,,17399.0,1007.0,1.0,2.0,5016.0,0.82,Huts,KINNAUR ,KALPA
26372.0,40.0,19.0,Active,,,,,,,10-07-2023,,194.0,,,,,,,,,,,,,,,,,,,,,,,,,,,,,,,,,,,,,,,,,,,,,,,,,,,,,,,,,,,,,,,,,,,,,,,,,,,,,,,,,,,,,,,,,,,,,,,,,,,,,,,17403.0,1007.0,1.0,2.0,5016.0,0.82,Huts,KINNAUR ,KALPA
26372.0,40.0,19.0,Active,,,,,,,10-07-2023,,194.0,,,,,,,,,,,,,,,,,,,,,,,,,,,,,,,,,,,,,,,,,,,,,,,,,,,,,,,,,,,,,,,,,,,,,,,,,,,,,,,,,,,,,,,,,,,,,,,,,,,,,,,17408.0,1007.0,1.0,2.0,5016.0,0.82,Huts,KINNAUR ,KALPA
25609.0,40.0,19.0,Active,,,,,,,10-07-2023,,194.0,,,,,,,,,,,,,,,,,,,,,,,,,,,,,,,,,,,,,,,,,,,,,,,,,,,,,,,,,,,,,,,,,,,,,,,,,,,,,,,,,,,,,,,,,,,,,,,,,,,,,,,17410.0,1.0,1.0,2.0,5017.0,2.6,Pacca House,KINNAUR ,KALPA
26441.0,40.0,19.0,Active,,,,,,,08-07-2023,,194.0,,,,,,,,,,,,,,,,,,,,,,,,,,,,,,,,,,,,,,,,,,,,,,,,,,,,,,,,,,,,,,,,,,,,,,,,,,,,,,,,,,,,,,,,,,,,,,,,,,,,,,,17413.0,1.0,1.0,2.0,5018.0,5.3,Pacca House,KINNAUR ,KALPA
26441.0,40.0,19.0,Active,,,,,,,08-07-2023,,194.0,,,,,,,,,,,,,,,,,,,,,,,,,,,,,,,,,,,,,,,,,,,,,,,,,,,,,,,,,,,,,,,,,,,,,,,,,,,,,,,,,,,,,,,,,,,,,,,,,,,,,,,17414.0,2.0,1.0,2.0,5018.0,5.3,Kachha House,KINNAUR ,KALPA
26441.0,40.0,19.0,Active,,,,,,,08-07-2023,,194.0,,,,,,,,,,,,,,,,,,,,,,,,,,,,,,,,,,,,,,,,,,,,,,,,,,,,,,,,,,,,,,,,,,,,,,,,,,,,,,,,,,,,,,,,,,,,,,,,,,,,,,,17417.0,2.0,1.0,1.0,5019.0,0.5,Kachha House,KINNAUR ,KALPA
26441.0,40.0,19.0,Active,,,,,,,08-07-2023,,194.0,,,,,,,,,,,,,,,,,,,,,,,,,,,,,,,,,,,,,,,,,,,,,,,,,,,,,,,,,,,,,,,,,,,,,,,,,,,,,,,,,,,,,,,,,,,,,,,,,,,,,,,17418.0,2.0,1.0,1.0,5019.0,0.5,Kachha House,KINNAUR ,KALPA
26368.0,40.0,19.0,Active,,,,,,,09-07-2023,,194.0,,,,,,,,,,,,,,,,,,,,,,,,,,,,,,,,,,,,,,,,,,,,,,,,,,,,,,,,,,,,,,,,,,,,,,,,,,,,,,,,,,,,,,,,,,,,,,,,,,,,,,,17421.0,1.0,1.0,1.0,5020.0,0.625,Pacca House,KINNAUR ,KALPA
26368.0,40.0,19.0,Active,,,,,,,09-07-2023,,194.0,,,,,,,,,,,,,,,,,,,,,,,,,,,,,,,,,,,,,,,,,,,,,,,,,,,,,,,,,,,,,,,,,,,,,,,,,,,,,,,,,,,,,,,,,,,,,,,,,,,,,,,17422.0,2.0,1.0,1.0,5020.0,0.625,Kachha House,KINNAUR ,KALPA
26368.0,40.0,19.0,Active,,,,,,,09-07-2023,,194.0,,,,,,,,,,,,,,,,,,,,,,,,,,,,,,,,,,,,,,,,,,,,,,,,,,,,,,,,,,,,,,,,,,,,,,,,,,,,,,,,,,,,,,,,,,,,,,,,,,,,,,,17425.0,2.0,1.0,1.0,5020.0,0.625,Kachha House,KINNAUR ,KALPA
26368.0,40.0,19.0,Active,,,,,,,09-07-2023,,194.0,,,,,,,,,,,,,,,,,,,,,,,,,,,,,,,,,,,,,,,,,,,,,,,,,,,,,,,,,,,,,,,,,,,,,,,,,,,,,,,,,,,,,,,,,,,,,,,,,,,,,,,17426.0,2.0,1.0,1.0,5020.0,0.625,Kachha House,KINNAUR ,KALPA
26368.0,40.0,19.0,Active,,,,,,,09-07-2023,,194.0,,,,,,,,,,,,,,,,,,,,,,,,,,,,,,,,,,,,,,,,,,,,,,,,,,,,,,,,,,,,,,,,,,,,,,,,,,,,,,,,,,,,,,,,,,,,,,,,,,,,,,,17427.0,2.0,1.0,1.0,5021.0,0.6,Kachha House,KINNAUR ,KALPA
26368.0,40.0,19.0,Active,,,,,,,09-07-2023,,194.0,,,,,,,,,,,,,,,,,,,,,,,,,,,,,,,,,,,,,,,,,,,,,,,,,,,,,,,,,,,,,,,,,,,,,,,,,,,,,,,,,,,,,,,,,,,,,,,,,,,,,,,17428.0,2.0,1.0,1.0,5021.0,0.6,Kachha House,KINNAUR ,KALPA
26368.0,40.0,19.0,Active,,,,,,,09-07-2023,,194.0,,,,,,,,,,,,,,,,,,,,,,,,,,,,,,,,,,,,,,,,,,,,,,,,,,,,,,,,,,,,,,,,,,,,,,,,,,,,,,,,,,,,,,,,,,,,,,,,,,,,,,,17431.0,2.0,1.0,1.0,5021.0,0.6,Kachha House,KINNAUR ,KALPA
26368.0,40.0,19.0,Active,,,,,,,09-07-2023,,194.0,,,,,,,,,,,,,,,,,,,,,,,,,,,,,,,,,,,,,,,,,,,,,,,,,,,,,,,,,,,,,,,,,,,,,,,,,,,,,,,,,,,,,,,,,,,,,,,,,,,,,,,17432.0,2.0,1.0,1.0,5021.0,0.6,Kachha House,KINNAUR ,KALPA
25609.0,40.0,19.0,Active,,,,,,,10-07-2023,,194.0,,,,,,,,,,,,,,,,,,,,,,,,,,,,,,,,,,,,,,,,,,,,,,,,,,,,,,,,,,,,,,,,,,,,,,,,,,,,,,,,,,,,,,,,,,,,,,,,,,,,,,,17443.0,1007.0,1.0,2.0,5027.0,0.34,Huts,KINNAUR ,KALPA
26387.0,40.0,19.0,Active,,,,,,,12-07-2023,,194.0,,,,,,,,,,,,,,,,,,,,,,,,,,,,,,,,,,,,,,,,,,,,,,,,,,,,,,,,,,,,,,,,,,,,,,,,,,,,,,,,,,,,,,,,,,,,,,,,,,,,,,,17341.0,1.0,1.0,1.0,5008.0,1.0,Pacca House,KINNAUR ,KALPA
25667.0,40.0,19.0,Active,,,,,,,12-07-2023,,194.0,,,,,,,,,,,,,,,,,,,,,,,,,,,,,,,,,,,,,,,,,,,,,,,,,,,,,,,,,,,,,,,,,,,,,,,,,,,,,,,,,,,,,,,,,,,,,,,,,,,,,,,17366.0,1.0,1.0,1.0,5011.0,1.0,Pacca House,KINNAUR ,KALPA
25148.0,40.0,19.0,Active,,,,,,,12-07-2023,,194.0,,,,,,,,,,,,,,,,,,,,,,,,,,,,,,,,,,,,,,,,,,,,,,,,,,,,,,,,,,,,,,,,,,,,,,,,,,,,,,,,,,,,,,,,,,,,,,,,,,,,,,,17381.0,1.0,1.0,1.0,5013.0,0.875,Pacca House,KINNAUR ,KALPA
25148.0,40.0,19.0,Active,,,,,,,12-07-2023,,194.0,,,,,,,,,,,,,,,,,,,,,,,,,,,,,,,,,,,,,,,,,,,,,,,,,,,,,,,,,,,,,,,,,,,,,,,,,,,,,,,,,,,,,,,,,,,,,,,,,,,,,,,17385.0,2.0,1.0,1.0,5013.0,0.875,Kachha House,KINNAUR ,KALPA
26372.0,40.0,19.0,Active,,,,,,,10-07-2023,,194.0,,,,,,,,,,,,,,,,,,,,,,,,,,,,,,,,,,,,,,,,,,,,,,,,,,,,,,,,,,,,,,,,,,,,,,,,,,,,,,,,,,,,,,,,,,,,,,,,,,,,,,,17391.0,1.0,1.0,1.0,5015.0,1.0,Pacca House,KINNAUR ,KALPA
26372.0,40.0,19.0,Active,,,,,,,10-07-2023,,194.0,,,,,,,,,,,,,,,,,,,,,,,,,,,,,,,,,,,,,,,,,,,,,,,,,,,,,,,,,,,,,,,,,,,,,,,,,,,,,,,,,,,,,,,,,,,,,,,,,,,,,,,17404.0,1007.0,1.0,2.0,5016.0,0.82,Huts,KINNAUR ,KALPA
25609.0,40.0,19.0,Active,,,,,,,10-07-2023,,194.0,,,,,,,,,,,,,,,,,,,,,,,,,,,,,,,,,,,,,,,,,,,,,,,,,,,,,,,,,,,,,,,,,,,,,,,,,,,,,,,,,,,,,,,,,,,,,,,,,,,,,,,17446.0,1007.0,1.0,2.0,5027.0,0.34,Huts,KINNAUR ,KALPA
26368.0,40.0,19.0,Active,,,,,,,09-07-2023,,196.0,,,,,,,,,,,,,,,,,,,,,,,,,,,,,,,,,,,,,,,,,,,,,,,,,,,,,,,,,,,,,,,,,,,,,,,,,,,,,,,,,,,,,,,,,,,,,,,,,,,,,,,17464.0,1007.0,1.0,1.0,5037.0,0.408,Huts,KINNAUR ,POOH
26368.0,40.0,19.0,Active,,,,,,,09-07-2023,,196.0,,,,,,,,,,,,,,,,,,,,,,,,,,,,,,,,,,,,,,,,,,,,,,,,,,,,,,,,,,,,,,,,,,,,,,,,,,,,,,,,,,,,,,,,,,,,,,,,,,,,,,,17465.0,1007.0,1.0,1.0,5037.0,0.408,Huts,KINNAUR ,POOH
26368.0,40.0,19.0,Active,,,,,,,09-07-2023,,196.0,,,,,,,,,,,,,,,,,,,,,,,,,,,,,,,,,,,,,,,,,,,,,,,,,,,,,,,,,,,,,,,,,,,,,,,,,,,,,,,,,,,,,,,,,,,,,,,,,,,,,,,17468.0,1007.0,1.0,2.0,5037.0,0.408,Huts,KINNAUR ,POOH
26368.0,40.0,19.0,Active,,,,,,,09-07-2023,,196.0,,,,,,,,,,,,,,,,,,,,,,,,,,,,,,,,,,,,,,,,,,,,,,,,,,,,,,,,,,,,,,,,,,,,,,,,,,,,,,,,,,,,,,,,,,,,,,,,,,,,,,,17470.0,1007.0,1.0,1.0,5037.0,0.408,Huts,KINNAUR ,POOH
26368.0,40.0,19.0,Active,,,,,,,09-07-2023,,196.0,,,,,,,,,,,,,,,,,,,,,,,,,,,,,,,,,,,,,,,,,,,,,,,,,,,,,,,,,,,,,,,,,,,,,,,,,,,,,,,,,,,,,,,,,,,,,,,,,,,,,,,17473.0,1007.0,1.0,2.0,5038.0,1.045,Huts,KINNAUR ,POOH
26368.0,40.0,19.0,Active,,,,,,,09-07-2023,,196.0,,,,,,,,,,,,,,,,,,,,,,,,,,,,,,,,,,,,,,,,,,,,,,,,,,,,,,,,,,,,,,,,,,,,,,,,,,,,,,,,,,,,,,,,,,,,,,,,,,,,,,,17474.0,1007.0,1.0,2.0,5038.0,1.045,Huts,KINNAUR ,POOH
26368.0,40.0,19.0,Active,,,,,,,09-07-2023,,196.0,,,,,,,,,,,,,,,,,,,,,,,,,,,,,,,,,,,,,,,,,,,,,,,,,,,,,,,,,,,,,,,,,,,,,,,,,,,,,,,,,,,,,,,,,,,,,,,,,,,,,,,17477.0,1.0,1.0,1.0,5038.0,1.045,Pacca House,KINNAUR ,POOH
26368.0,40.0,19.0,Active,,,,,,,09-07-2023,,196.0,,,,,,,,,,,,,,,,,,,,,,,,,,,,,,,,,,,,,,,,,,,,,,,,,,,,,,,,,,,,,,,,,,,,,,,,,,,,,,,,,,,,,,,,,,,,,,,,,,,,,,,17478.0,1.0,1.0,1.0,5038.0,1.045,Pacca House,KINNAUR ,POOH
26368.0,40.0,19.0,Active,,,,,,,09-07-2023,,196.0,,,,,,,,,,,,,,,,,,,,,,,,,,,,,,,,,,,,,,,,,,,,,,,,,,,,,,,,,,,,,,,,,,,,,,,,,,,,,,,,,,,,,,,,,,,,,,,,,,,,,,,17481.0,1.0,1.0,1.0,5038.0,1.045,Pacca House,KINNAUR ,POOH
26368.0,40.0,19.0,Active,,,,,,,09-07-2023,,196.0,,,,,,,,,,,,,,,,,,,,,,,,,,,,,,,,,,,,,,,,,,,,,,,,,,,,,,,,,,,,,,,,,,,,,,,,,,,,,,,,,,,,,,,,,,,,,,,,,,,,,,,17482.0,1.0,1.0,1.0,5039.0,0.125,Pacca House,KINNAUR ,POOH
26387.0,40.0,19.0,Active,,,,,,,12-07-2023,,196.0,,,,,,,,,,,,,,,,,,,,,,,,,,,,,,,,,,,,,,,,,,,,,,,,,,,,,,,,,,,,,,,,,,,,,,,,,,,,,,,,,,,,,,,,,,,,,,,,,,,,,,,17499.0,1007.0,1.0,1.0,5047.0,0.505,Huts,KINNAUR ,POOH
26387.0,40.0,19.0,Active,,,,,,,12-07-2023,,196.0,,,,,,,,,,,,,,,,,,,,,,,,,,,,,,,,,,,,,,,,,,,,,,,,,,,,,,,,,,,,,,,,,,,,,,,,,,,,,,,,,,,,,,,,,,,,,,,,,,,,,,,17500.0,1.0,1.0,1.0,5047.0,0.505,Pacca House,KINNAUR ,POOH
26387.0,40.0,19.0,Active,,,,,,,12-07-2023,,196.0,,,,,,,,,,,,,,,,,,,,,,,,,,,,,,,,,,,,,,,,,,,,,,,,,,,,,,,,,,,,,,,,,,,,,,,,,,,,,,,,,,,,,,,,,,,,,,,,,,,,,,,17503.0,2.0,1.0,1.0,5047.0,0.505,Kachha House,KINNAUR ,POOH
25497.0,40.0,20.0,Active,,,,,,,25-07-2023,,119.0,,,,,,,,,,,,,,,,,,,,,,,,,,,,,,,,,,,,,,,,,,,,,,,,,,,,,,,,,,,,,,,,,,,,,,,,,,,,,,,,,,,,,,,,,,,,,,,,,,,,,,,16110.0,1.0,1.0,2.0,4182.0,1.0,Pacca House,KULLU ,KULLU 
25609.0,40.0,19.0,Active,,,,,,,10-07-2023,,194.0,,,,,,,,,,,,,,,,,,,,,,,,,,,,,,,,,,,,,,,,,,,,,,,,,,,,,,,,,,,,,,,,,,,,,,,,,,,,,,,,,,,,,,,,,,,,,,,,,,,,,,,17409.0,1.0,1.0,2.0,5017.0,2.6,Pacca House,KINNAUR ,KALPA
26368.0,40.0,19.0,Active,,,,,,,09-07-2023,,194.0,,,,,,,,,,,,,,,,,,,,,,,,,,,,,,,,,,,,,,,,,,,,,,,,,,,,,,,,,,,,,,,,,,,,,,,,,,,,,,,,,,,,,,,,,,,,,,,,,,,,,,,17424.0,2.0,1.0,-1.0,5020.0,0.625,Kachha House,KINNAUR ,KALPA
26368.0,40.0,19.0,Active,,,,,,,09-07-2023,,194.0,,,,,,,,,,,,,,,,,,,,,,,,,,,,,,,,,,,,,,,,,,,,,,,,,,,,,,,,,,,,,,,,,,,,,,,,,,,,,,,,,,,,,,,,,,,,,,,,,,,,,,,17430.0,2.0,1.0,1.0,5021.0,0.6,Kachha House,KINNAUR ,KALPA
25609.0,40.0,19.0,Active,,,,,,,10-07-2023,,194.0,,,,,,,,,,,,,,,,,,,,,,,,,,,,,,,,,,,,,,,,,,,,,,,,,,,,,,,,,,,,,,,,,,,,,,,,,,,,,,,,,,,,,,,,,,,,,,,,,,,,,,,17444.0,1004.0,1.0,2.0,5027.0,0.34,Cowsheds,KINNAUR ,KALPA
26368.0,40.0,19.0,Active,,,,,,,09-07-2023,,196.0,,,,,,,,,,,,,,,,,,,,,,,,,,,,,,,,,,,,,,,,,,,,,,,,,,,,,,,,,,,,,,,,,,,,,,,,,,,,,,,,,,,,,,,,,,,,,,,,,,,,,,,17462.0,1007.0,1.0,1.0,5037.0,0.408,Huts,KINNAUR ,POOH
26368.0,40.0,19.0,Active,,,,,,,09-07-2023,,196.0,,,,,,,,,,,,,,,,,,,,,,,,,,,,,,,,,,,,,,,,,,,,,,,,,,,,,,,,,,,,,,,,,,,,,,,,,,,,,,,,,,,,,,,,,,,,,,,,,,,,,,,17475.0,1007.0,1.0,1.0,5038.0,1.045,Huts,KINNAUR ,POOH
26368.0,40.0,19.0,Active,,,,,,,09-07-2023,,196.0,,,,,,,,,,,,,,,,,,,,,,,,,,,,,,,,,,,,,,,,,,,,,,,,,,,,,,,,,,,,,,,,,,,,,,,,,,,,,,,,,,,,,,,,,,,,,,,,,,,,,,,17480.0,1.0,1.0,1.0,5038.0,1.045,Pacca House,KINNAUR ,POOH
26387.0,40.0,19.0,Active,,,,,,,12-07-2023,,196.0,,,,,,,,,,,,,,,,,,,,,,,,,,,,,,,,,,,,,,,,,,,,,,,,,,,,,,,,,,,,,,,,,,,,,,,,,,,,,,,,,,,,,,,,,,,,,,,,,,,,,,,17501.0,2.0,1.0,1.0,5047.0,0.505,Kachha House,KINNAUR ,POOH
26441.0,40.0,19.0,Active,,,,,,,08-07-2023,,194.0,,,,,,,,,,,,,,,,,,,,,,,,,,,,,,,,,,,,,,,,,,,,,,,,,,,,,,,,,,,,,,,,,,,,,,,,,,,,,,,,,,,,,,,,,,,,,,,,,,,,,,,17415.0,1004.0,1.0,1.0,5018.0,5.3,Cowsheds,KINNAUR ,KALPA
26441.0,40.0,19.0,Active,,,,,,,08-07-2023,,194.0,,,,,,,,,,,,,,,,,,,,,,,,,,,,,,,,,,,,,,,,,,,,,,,,,,,,,,,,,,,,,,,,,,,,,,,,,,,,,,,,,,,,,,,,,,,,,,,,,,,,,,,17419.0,2.0,1.0,1.0,5019.0,0.5,Kachha House,KINNAUR ,KALPA
26368.0,40.0,19.0,Active,,,,,,,09-07-2023,,194.0,,,,,,,,,,,,,,,,,,,,,,,,,,,,,,,,,,,,,,,,,,,,,,,,,,,,,,,,,,,,,,,,,,,,,,,,,,,,,,,,,,,,,,,,,,,,,,,,,,,,,,,17423.0,2.0,1.0,1.0,5020.0,0.625,Kachha House,KINNAUR ,KALPA
26368.0,40.0,19.0,Active,,,,,,,09-07-2023,,194.0,,,,,,,,,,,,,,,,,,,,,,,,,,,,,,,,,,,,,,,,,,,,,,,,,,,,,,,,,,,,,,,,,,,,,,,,,,,,,,,,,,,,,,,,,,,,,,,,,,,,,,,17429.0,2.0,1.0,1.0,5021.0,0.6,Kachha House,KINNAUR ,KALPA
26386.0,40.0,19.0,Active,,,,,,,13-07-2023,,194.0,,,,,,,,,,,,,,,,,,,,,,,,,,,,,,,,,,,,,,,,,,,,,,,,,,,,,,,,,,,,,,,,,,,,,,,,,,,,,,,,,,,,,,,,,,,,,,,,,,,,,,,17433.0,1.0,1.0,2.0,5022.0,1.3,Pacca House,KINNAUR ,KALPA
25609.0,40.0,19.0,Active,,,,,,,10-07-2023,,194.0,,,,,,,,,,,,,,,,,,,,,,,,,,,,,,,,,,,,,,,,,,,,,,,,,,,,,,,,,,,,,,,,,,,,,,,,,,,,,,,,,,,,,,,,,,,,,,,,,,,,,,,17445.0,1007.0,1.0,2.0,5027.0,0.34,Huts,KINNAUR ,KALPA
26368.0,40.0,19.0,Active,,,,,,,09-07-2023,,196.0,,,,,,,,,,,,,,,,,,,,,,,,,,,,,,,,,,,,,,,,,,,,,,,,,,,,,,,,,,,,,,,,,,,,,,,,,,,,,,,,,,,,,,,,,,,,,,,,,,,,,,,17463.0,1007.0,1.0,1.0,5037.0,0.408,Huts,KINNAUR ,POOH
26368.0,40.0,19.0,Active,,,,,,,09-07-2023,,196.0,,,,,,,,,,,,,,,,,,,,,,,,,,,,,,,,,,,,,,,,,,,,,,,,,,,,,,,,,,,,,,,,,,,,,,,,,,,,,,,,,,,,,,,,,,,,,,,,,,,,,,,17467.0,1007.0,1.0,2.0,5037.0,0.408,Huts,KINNAUR ,POOH
26368.0,40.0,19.0,Active,,,,,,,09-07-2023,,196.0,,,,,,,,,,,,,,,,,,,,,,,,,,,,,,,,,,,,,,,,,,,,,,,,,,,,,,,,,,,,,,,,,,,,,,,,,,,,,,,,,,,,,,,,,,,,,,,,,,,,,,,17479.0,1.0,1.0,1.0,5038.0,1.045,Pacca House,KINNAUR ,POOH
26387.0,40.0,19.0,Active,,,,,,,12-07-2023,,196.0,,,,,,,,,,,,,,,,,,,,,,,,,,,,,,,,,,,,,,,,,,,,,,,,,,,,,,,,,,,,,,,,,,,,,,,,,,,,,,,,,,,,,,,,,,,,,,,,,,,,,,,17502.0,2.0,1.0,1.0,5047.0,0.505,Kachha House,KINNAUR ,POOH
26560.0,40.0,20.0,Active,,,,,,,08-07-2023,,120.0,,,,,,,,,,,,,,,,,,,,,,,,,,,,,,,,,,,,,,,,,,,,,,,,,,,,,,,,,,,,,,,,,,,,,,,,,,,,,,,,,,,,,,,,,,,,,,,,,,,,,,,17624.0,1.0,1.0,2.0,5134.0,1.0,Pacca House,KULLU ,MANALI
26560.0,40.0,20.0,Active,,,,,,,08-07-2023,,120.0,,,,,,,,,,,,,,,,,,,,,,,,,,,,,,,,,,,,,,,,,,,,,,,,,,,,,,,,,,,,,,,,,,,,,,,,,,,,,,,,,,,,,,,,,,,,,,,,,,,,,,,17626.0,1.0,1.0,2.0,5136.0,1.0,Pacca House,KULLU ,MANALI
26560.0,40.0,20.0,Active,,,,,,,08-07-2023,,120.0,,,,,,,,,,,,,,,,,,,,,,,,,,,,,,,,,,,,,,,,,,,,,,,,,,,,,,,,,,,,,,,,,,,,,,,,,,,,,,,,,,,,,,,,,,,,,,,,,,,,,,,17627.0,1.0,1.0,2.0,5137.0,1.0,Pacca House,KULLU ,MANALI
26560.0,40.0,20.0,Active,,,,,,,08-07-2023,,120.0,,,,,,,,,,,,,,,,,,,,,,,,,,,,,,,,,,,,,,,,,,,,,,,,,,,,,,,,,,,,,,,,,,,,,,,,,,,,,,,,,,,,,,,,,,,,,,,,,,,,,,,17629.0,1.0,1.0,2.0,5139.0,1.0,Pacca House,KULLU ,MANALI
26560.0,40.0,20.0,Active,,,,,,,08-07-2023,,120.0,,,,,,,,,,,,,,,,,,,,,,,,,,,,,,,,,,,,,,,,,,,,,,,,,,,,,,,,,,,,,,,,,,,,,,,,,,,,,,,,,,,,,,,,,,,,,,,,,,,,,,,17632.0,1.0,1.0,2.0,5142.0,1.0,Pacca House,KULLU ,MANALI
26560.0,40.0,20.0,Active,,,,,,,08-07-2023,,120.0,,,,,,,,,,,,,,,,,,,,,,,,,,,,,,,,,,,,,,,,,,,,,,,,,,,,,,,,,,,,,,,,,,,,,,,,,,,,,,,,,,,,,,,,,,,,,,,,,,,,,,,17635.0,1.0,1.0,2.0,5145.0,1.0,Pacca House,KULLU ,MANALI
26368.0,40.0,19.0,Active,,,,,,,09-07-2023,,196.0,,,,,,,,,,,,,,,,,,,,,,,,,,,,,,,,,,,,,,,,,,,,,,,,,,,,,,,,,,,,,,,,,,,,,,,,,,,,,,,,,,,,,,,,,,,,,,,,,,,,,,,17469.0,1007.0,1.0,2.0,5037.0,0.408,Huts,KINNAUR ,POOH
26368.0,40.0,19.0,Active,,,,,,,09-07-2023,,196.0,,,,,,,,,,,,,,,,,,,,,,,,,,,,,,,,,,,,,,,,,,,,,,,,,,,,,,,,,,,,,,,,,,,,,,,,,,,,,,,,,,,,,,,,,,,,,,,,,,,,,,,17472.0,1007.0,1.0,1.0,5038.0,1.045,Huts,KINNAUR ,POOH
26507.0,40.0,19.0,Active,,,,,,,11-07-2023,,196.0,,,,,,,,,,,,,,,,,,,,,,,,,,,,,,,,,,,,,,,,,,,,,,,,,,,,,,,,,,,,,,,,,,,,,,,,,,,,,,,,,,,,,,,,,,,,,,,,,,,,,,,17490.0,1.0,1.0,1.0,5042.0,0.205,Pacca House,KINNAUR ,POOH
26560.0,40.0,20.0,Active,,,,,,,08-07-2023,,120.0,,,,,,,,,,,,,,,,,,,,,,,,,,,,,,,,,,,,,,,,,,,,,,,,,,,,,,,,,,,,,,,,,,,,,,,,,,,,,,,,,,,,,,,,,,,,,,,,,,,,,,,17623.0,1.0,1.0,2.0,5133.0,1.0,Pacca House,KULLU ,MANALI
26560.0,40.0,20.0,Active,,,,,,,08-07-2023,,120.0,,,,,,,,,,,,,,,,,,,,,,,,,,,,,,,,,,,,,,,,,,,,,,,,,,,,,,,,,,,,,,,,,,,,,,,,,,,,,,,,,,,,,,,,,,,,,,,,,,,,,,,17634.0,1.0,1.0,2.0,5144.0,1.0,Pacca House,KULLU ,MANALI
26560.0,40.0,20.0,Active,,,,,,,08-07-2023,,120.0,,,,,,,,,,,,,,,,,,,,,,,,,,,,,,,,,,,,,,,,,,,,,,,,,,,,,,,,,,,,,,,,,,,,,,,,,,,,,,,,,,,,,,,,,,,,,,,,,,,,,,,17638.0,1.0,1.0,2.0,5148.0,3.0,Pacca House,KULLU ,MANALI
26560.0,40.0,20.0,Active,,,,,,,08-07-2023,,120.0,,,,,,,,,,,,,,,,,,,,,,,,,,,,,,,,,,,,,,,,,,,,,,,,,,,,,,,,,,,,,,,,,,,,,,,,,,,,,,,,,,,,,,,,,,,,,,,,,,,,,,,17640.0,1.0,1.0,2.0,5148.0,3.0,Pacca House,KULLU ,MANALI
26560.0,40.0,20.0,Active,,,,,,,08-07-2023,,120.0,,,,,,,,,,,,,,,,,,,,,,,,,,,,,,,,,,,,,,,,,,,,,,,,,,,,,,,,,,,,,,,,,,,,,,,,,,,,,,,,,,,,,,,,,,,,,,,,,,,,,,,17641.0,1.0,1.0,2.0,5149.0,3.0,Pacca House,KULLU ,MANALI
26560.0,40.0,20.0,Active,,,,,,,08-07-2023,,120.0,,,,,,,,,,,,,,,,,,,,,,,,,,,,,,,,,,,,,,,,,,,,,,,,,,,,,,,,,,,,,,,,,,,,,,,,,,,,,,,,,,,,,,,,,,,,,,,,,,,,,,,17643.0,1.0,1.0,2.0,5149.0,3.0,Pacca House,KULLU ,MANALI
26560.0,40.0,20.0,Active,,,,,,,08-07-2023,,120.0,,,,,,,,,,,,,,,,,,,,,,,,,,,,,,,,,,,,,,,,,,,,,,,,,,,,,,,,,,,,,,,,,,,,,,,,,,,,,,,,,,,,,,,,,,,,,,,,,,,,,,,17651.0,1.0,1.0,2.0,5150.0,5.0,Pacca House,KULLU ,MANALI
26560.0,40.0,20.0,Active,,,,,,,08-07-2023,,120.0,,,,,,,,,,,,,,,,,,,,,,,,,,,,,,,,,,,,,,,,,,,,,,,,,,,,,,,,,,,,,,,,,,,,,,,,,,,,,,,,,,,,,,,,,,,,,,,,,,,,,,,17652.0,1.0,1.0,2.0,5150.0,5.0,Pacca House,KULLU ,MANALI
26564.0,40.0,20.0,Active,,,,,,,09-07-2023,,120.0,,,,,,,,,,,,,,,,,,,,,,,,,,,,,,,,,,,,,,,,,,,,,,,,,,,,,,,,,,,,,,,,,,,,,,,,,,,,,,,,,,,,,,,,,,,,,,,,,,,,,,,17658.0,1.0,1.0,2.0,5154.0,3.0,Pacca House,KULLU ,MANALI
26565.0,40.0,20.0,Active,,,,,,,10-07-2023,,118.0,,,,,,,,,,,,,,,,,,,,,,,,,,,,,,,,,,,,,,,,,,,,,,,,,,,,,,,,,,,,,,,,,,,,,,,,,,,,,,,,,,,,,,,,,,,,,,,,,,,,,,,17676.0,1.0,1.0,2.0,5170.0,1.0,Pacca House,KULLU ,BANJAR 
26565.0,40.0,20.0,Active,,,,,,,10-07-2023,,119.0,,,,,,,,,,,,,,,,,,,,,,,,,,,,,,,,,,,,,,,,,,,,,,,,,,,,,,,,,,,,,,,,,,,,,,,,,,,,,,,,,,,,,,,,,,,,,,,,,,,,,,,17625.0,1.0,1.0,2.0,5135.0,1.0,Pacca House,KULLU ,KULLU 
26560.0,40.0,20.0,Active,,,,,,,08-07-2023,,120.0,,,,,,,,,,,,,,,,,,,,,,,,,,,,,,,,,,,,,,,,,,,,,,,,,,,,,,,,,,,,,,,,,,,,,,,,,,,,,,,,,,,,,,,,,,,,,,,,,,,,,,,17639.0,1.0,1.0,2.0,5148.0,3.0,Pacca House,KULLU ,MANALI
26564.0,40.0,20.0,Active,,,,,,,09-07-2023,,120.0,,,,,,,,,,,,,,,,,,,,,,,,,,,,,,,,,,,,,,,,,,,,,,,,,,,,,,,,,,,,,,,,,,,,,,,,,,,,,,,,,,,,,,,,,,,,,,,,,,,,,,,17656.0,1.0,1.0,2.0,5152.0,2.0,Pacca House,KULLU ,MANALI
26576.0,40.0,20.0,Active,,,,,,,10-07-2023,,119.0,,,,,,,,,,,,,,,,,,,,,,,,,,,,,,,,,,,,,,,,,,,,,,,,,,,,,,,,,,,,,,,,,,,,,,,,,,,,,,,,,,,,,,,,,,,,,,,,,,,,,,,17723.0,1.0,1.0,2.0,5216.0,0.0,Pacca House,KULLU ,KULLU 
26565.0,40.0,20.0,Active,,,,,,,10-07-2023,,119.0,,,,,,,,,,,,,,,,,,,,,,,,,,,,,,,,,,,,,,,,,,,,,,,,,,,,,,,,,,,,,,,,,,,,,,,,,,,,,,,,,,,,,,,,,,,,,,,,,,,,,,,17724.0,1.0,1.0,2.0,5217.0,1.0,Pacca House,KULLU ,KULLU 
26576.0,40.0,20.0,Active,,,,,,,10-07-2023,,119.0,,,,,,,,,,,,,,,,,,,,,,,,,,,,,,,,,,,,,,,,,,,,,,,,,,,,,,,,,,,,,,,,,,,,,,,,,,,,,,,,,,,,,,,,,,,,,,,,,,,,,,,17725.0,1.0,1.0,2.0,5218.0,1.0,Pacca House,KULLU ,KULLU 
26576.0,40.0,20.0,Active,,,,,,,10-07-2023,,119.0,,,,,,,,,,,,,,,,,,,,,,,,,,,,,,,,,,,,,,,,,,,,,,,,,,,,,,,,,,,,,,,,,,,,,,,,,,,,,,,,,,,,,,,,,,,,,,,,,,,,,,,17726.0,1.0,1.0,2.0,5219.0,1.0,Pacca House,KULLU ,KULLU 
26565.0,40.0,20.0,Active,,,,,,,10-07-2023,,119.0,,,,,,,,,,,,,,,,,,,,,,,,,,,,,,,,,,,,,,,,,,,,,,,,,,,,,,,,,,,,,,,,,,,,,,,,,,,,,,,,,,,,,,,,,,,,,,,,,,,,,,,17731.0,1.0,1.0,2.0,5223.0,1.0,Pacca House,KULLU ,KULLU 
26565.0,40.0,20.0,Active,,,,,,,10-07-2023,,119.0,,,,,,,,,,,,,,,,,,,,,,,,,,,,,,,,,,,,,,,,,,,,,,,,,,,,,,,,,,,,,,,,,,,,,,,,,,,,,,,,,,,,,,,,,,,,,,,,,,,,,,,17732.0,1.0,1.0,2.0,5224.0,1.0,Pacca House,KULLU ,KULLU 
26565.0,40.0,20.0,Active,,,,,,,10-07-2023,,119.0,,,,,,,,,,,,,,,,,,,,,,,,,,,,,,,,,,,,,,,,,,,,,,,,,,,,,,,,,,,,,,,,,,,,,,,,,,,,,,,,,,,,,,,,,,,,,,,,,,,,,,,17735.0,1.0,1.0,2.0,5227.0,1.0,Pacca House,KULLU ,KULLU 
26565.0,40.0,20.0,Active,,,,,,,10-07-2023,,119.0,,,,,,,,,,,,,,,,,,,,,,,,,,,,,,,,,,,,,,,,,,,,,,,,,,,,,,,,,,,,,,,,,,,,,,,,,,,,,,,,,,,,,,,,,,,,,,,,,,,,,,,17736.0,1.0,1.0,2.0,5228.0,1.0,Pacca House,KULLU ,KULLU 
26560.0,40.0,20.0,Active,,,,,,,08-07-2023,,120.0,,,,,,,,,,,,,,,,,,,,,,,,,,,,,,,,,,,,,,,,,,,,,,,,,,,,,,,,,,,,,,,,,,,,,,,,,,,,,,,,,,,,,,,,,,,,,,,,,,,,,,,17649.0,1.0,1.0,2.0,5150.0,5.0,Pacca House,KULLU ,MANALI
26560.0,40.0,20.0,Active,,,,,,,08-07-2023,,120.0,,,,,,,,,,,,,,,,,,,,,,,,,,,,,,,,,,,,,,,,,,,,,,,,,,,,,,,,,,,,,,,,,,,,,,,,,,,,,,,,,,,,,,,,,,,,,,,,,,,,,,,17653.0,1.0,1.0,2.0,5150.0,5.0,Pacca House,KULLU ,MANALI
26564.0,40.0,20.0,Active,,,,,,,09-07-2023,,120.0,,,,,,,,,,,,,,,,,,,,,,,,,,,,,,,,,,,,,,,,,,,,,,,,,,,,,,,,,,,,,,,,,,,,,,,,,,,,,,,,,,,,,,,,,,,,,,,,,,,,,,,17654.0,1.0,1.0,2.0,5151.0,1.0,Pacca House,KULLU ,MANALI
26564.0,40.0,20.0,Active,,,,,,,09-07-2023,,120.0,,,,,,,,,,,,,,,,,,,,,,,,,,,,,,,,,,,,,,,,,,,,,,,,,,,,,,,,,,,,,,,,,,,,,,,,,,,,,,,,,,,,,,,,,,,,,,,,,,,,,,,17660.0,1.0,1.0,2.0,5154.0,3.0,Pacca House,KULLU ,MANALI
26565.0,40.0,20.0,Active,,,,,,,10-07-2023,,119.0,,,,,,,,,,,,,,,,,,,,,,,,,,,,,,,,,,,,,,,,,,,,,,,,,,,,,,,,,,,,,,,,,,,,,,,,,,,,,,,,,,,,,,,,,,,,,,,,,,,,,,,17780.0,1.0,1.0,2.0,5265.0,1.0,Pacca House,KULLU ,KULLU 
26565.0,40.0,20.0,Active,,,,,,,10-07-2023,,119.0,,,,,,,,,,,,,,,,,,,,,,,,,,,,,,,,,,,,,,,,,,,,,,,,,,,,,,,,,,,,,,,,,,,,,,,,,,,,,,,,,,,,,,,,,,,,,,,,,,,,,,,17784.0,1.0,1.0,2.0,5269.0,1.0,Pacca House,KULLU ,KULLU 
26565.0,40.0,20.0,Active,,,,,,,10-07-2023,,119.0,,,,,,,,,,,,,,,,,,,,,,,,,,,,,,,,,,,,,,,,,,,,,,,,,,,,,,,,,,,,,,,,,,,,,,,,,,,,,,,,,,,,,,,,,,,,,,,,,,,,,,,17787.0,1.0,1.0,2.0,5272.0,1.0,Pacca House,KULLU ,KULLU 
26565.0,40.0,20.0,Active,,,,,,,10-07-2023,,119.0,,,,,,,,,,,,,,,,,,,,,,,,,,,,,,,,,,,,,,,,,,,,,,,,,,,,,,,,,,,,,,,,,,,,,,,,,,,,,,,,,,,,,,,,,,,,,,,,,,,,,,,17790.0,1.0,1.0,2.0,5275.0,1.0,Pacca House,KULLU ,KULLU 
26565.0,40.0,20.0,Active,,,,,,,10-07-2023,,119.0,,,,,,,,,,,,,,,,,,,,,,,,,,,,,,,,,,,,,,,,,,,,,,,,,,,,,,,,,,,,,,,,,,,,,,,,,,,,,,,,,,,,,,,,,,,,,,,,,,,,,,,17792.0,1.0,0.0,2.0,5277.0,1.0,Pacca House,KULLU ,KULLU 
26565.0,40.0,20.0,Active,,,,,,,10-07-2023,,119.0,,,,,,,,,,,,,,,,,,,,,,,,,,,,,,,,,,,,,,,,,,,,,,,,,,,,,,,,,,,,,,,,,,,,,,,,,,,,,,,,,,,,,,,,,,,,,,,,,,,,,,,17794.0,1.0,1.0,2.0,5279.0,1.0,Pacca House,KULLU ,KULLU 
26565.0,40.0,20.0,Active,,,,,,,10-07-2023,,119.0,,,,,,,,,,,,,,,,,,,,,,,,,,,,,,,,,,,,,,,,,,,,,,,,,,,,,,,,,,,,,,,,,,,,,,,,,,,,,,,,,,,,,,,,,,,,,,,,,,,,,,,17796.0,1.0,1.0,2.0,5281.0,1.0,Pacca House,KULLU ,KULLU 
26565.0,40.0,20.0,Active,,,,,,,10-07-2023,,119.0,,,,,,,,,,,,,,,,,,,,,,,,,,,,,,,,,,,,,,,,,,,,,,,,,,,,,,,,,,,,,,,,,,,,,,,,,,,,,,,,,,,,,,,,,,,,,,,,,,,,,,,17797.0,1.0,1.0,2.0,5282.0,1.0,Pacca House,KULLU ,KULLU 
26565.0,40.0,20.0,Active,,,,,,,10-07-2023,,119.0,,,,,,,,,,,,,,,,,,,,,,,,,,,,,,,,,,,,,,,,,,,,,,,,,,,,,,,,,,,,,,,,,,,,,,,,,,,,,,,,,,,,,,,,,,,,,,,,,,,,,,,17803.0,1.0,1.0,2.0,5288.0,1.0,Pacca House,KULLU ,KULLU 
26560.0,40.0,20.0,Active,,,,,,,08-07-2023,,120.0,,,,,,,,,,,,,,,,,,,,,,,,,,,,,,,,,,,,,,,,,,,,,,,,,,,,,,,,,,,,,,,,,,,,,,,,,,,,,,,,,,,,,,,,,,,,,,,,,,,,,,,17631.0,1.0,1.0,2.0,5141.0,1.0,Pacca House,KULLU ,MANALI
26560.0,40.0,20.0,Active,,,,,,,08-07-2023,,120.0,,,,,,,,,,,,,,,,,,,,,,,,,,,,,,,,,,,,,,,,,,,,,,,,,,,,,,,,,,,,,,,,,,,,,,,,,,,,,,,,,,,,,,,,,,,,,,,,,,,,,,,17637.0,1.0,1.0,2.0,5147.0,1.0,Pacca House,KULLU ,MANALI
26560.0,40.0,20.0,Active,,,,,,,08-07-2023,,120.0,,,,,,,,,,,,,,,,,,,,,,,,,,,,,,,,,,,,,,,,,,,,,,,,,,,,,,,,,,,,,,,,,,,,,,,,,,,,,,,,,,,,,,,,,,,,,,,,,,,,,,,17642.0,1.0,1.0,2.0,5149.0,3.0,Pacca House,KULLU ,MANALI
26564.0,40.0,20.0,Active,,,,,,,09-07-2023,,120.0,,,,,,,,,,,,,,,,,,,,,,,,,,,,,,,,,,,,,,,,,,,,,,,,,,,,,,,,,,,,,,,,,,,,,,,,,,,,,,,,,,,,,,,,,,,,,,,,,,,,,,,17655.0,1.0,1.0,2.0,5152.0,2.0,Pacca House,KULLU ,MANALI
26576.0,40.0,20.0,Active,,,,,,,10-07-2023,,119.0,,,,,,,,,,,,,,,,,,,,,,,,,,,,,,,,,,,,,,,,,,,,,,,,,,,,,,,,,,,,,,,,,,,,,,,,,,,,,,,,,,,,,,,,,,,,,,,,,,,,,,,17722.0,1.0,1.0,2.0,5215.0,0.0,Pacca House,KULLU ,KULLU 
26565.0,40.0,20.0,Active,,,,,,,10-07-2023,,119.0,,,,,,,,,,,,,,,,,,,,,,,,,,,,,,,,,,,,,,,,,,,,,,,,,,,,,,,,,,,,,,,,,,,,,,,,,,,,,,,,,,,,,,,,,,,,,,,,,,,,,,,17730.0,1.0,1.0,2.0,5222.0,1.0,Pacca House,KULLU ,KULLU 
26565.0,40.0,20.0,Active,,,,,,,10-07-2023,,119.0,,,,,,,,,,,,,,,,,,,,,,,,,,,,,,,,,,,,,,,,,,,,,,,,,,,,,,,,,,,,,,,,,,,,,,,,,,,,,,,,,,,,,,,,,,,,,,,,,,,,,,,17779.0,1.0,1.0,2.0,5264.0,1.0,Pacca House,KULLU ,KULLU 
26565.0,40.0,20.0,Active,,,,,,,10-07-2023,,119.0,,,,,,,,,,,,,,,,,,,,,,,,,,,,,,,,,,,,,,,,,,,,,,,,,,,,,,,,,,,,,,,,,,,,,,,,,,,,,,,,,,,,,,,,,,,,,,,,,,,,,,,17781.0,1.0,1.0,2.0,5266.0,1.0,Pacca House,KULLU ,KULLU 
26565.0,40.0,20.0,Active,,,,,,,10-07-2023,,119.0,,,,,,,,,,,,,,,,,,,,,,,,,,,,,,,,,,,,,,,,,,,,,,,,,,,,,,,,,,,,,,,,,,,,,,,,,,,,,,,,,,,,,,,,,,,,,,,,,,,,,,,17785.0,1.0,1.0,2.0,5270.0,1.0,Pacca House,KULLU ,KULLU 
26565.0,40.0,20.0,Active,,,,,,,10-07-2023,,119.0,,,,,,,,,,,,,,,,,,,,,,,,,,,,,,,,,,,,,,,,,,,,,,,,,,,,,,,,,,,,,,,,,,,,,,,,,,,,,,,,,,,,,,,,,,,,,,,,,,,,,,,17788.0,1.0,1.0,2.0,5273.0,1.0,Pacca House,KULLU ,KULLU 
26560.0,40.0,20.0,Active,,,,,,,08-07-2023,,120.0,,,,,,,,,,,,,,,,,,,,,,,,,,,,,,,,,,,,,,,,,,,,,,,,,,,,,,,,,,,,,,,,,,,,,,,,,,,,,,,,,,,,,,,,,,,,,,,,,,,,,,,17636.0,1.0,1.0,2.0,5146.0,1.0,Pacca House,KULLU ,MANALI
26560.0,40.0,20.0,Active,,,,,,,08-07-2023,,120.0,,,,,,,,,,,,,,,,,,,,,,,,,,,,,,,,,,,,,,,,,,,,,,,,,,,,,,,,,,,,,,,,,,,,,,,,,,,,,,,,,,,,,,,,,,,,,,,,,,,,,,,17650.0,1.0,1.0,2.0,5150.0,5.0,Pacca House,KULLU ,MANALI
26564.0,40.0,20.0,Active,,,,,,,09-07-2023,,120.0,,,,,,,,,,,,,,,,,,,,,,,,,,,,,,,,,,,,,,,,,,,,,,,,,,,,,,,,,,,,,,,,,,,,,,,,,,,,,,,,,,,,,,,,,,,,,,,,,,,,,,,17659.0,1.0,1.0,2.0,5154.0,3.0,Pacca House,KULLU ,MANALI
26565.0,40.0,20.0,Active,,,,,,,10-07-2023,,119.0,,,,,,,,,,,,,,,,,,,,,,,,,,,,,,,,,,,,,,,,,,,,,,,,,,,,,,,,,,,,,,,,,,,,,,,,,,,,,,,,,,,,,,,,,,,,,,,,,,,,,,,17777.0,1.0,1.0,2.0,5262.0,1.0,Pacca House,KULLU ,KULLU 
26565.0,40.0,20.0,Active,,,,,,,10-07-2023,,119.0,,,,,,,,,,,,,,,,,,,,,,,,,,,,,,,,,,,,,,,,,,,,,,,,,,,,,,,,,,,,,,,,,,,,,,,,,,,,,,,,,,,,,,,,,,,,,,,,,,,,,,,17789.0,1.0,1.0,2.0,5274.0,1.0,Pacca House,KULLU ,KULLU 
26565.0,40.0,20.0,Active,,,,,,,10-07-2023,,119.0,,,,,,,,,,,,,,,,,,,,,,,,,,,,,,,,,,,,,,,,,,,,,,,,,,,,,,,,,,,,,,,,,,,,,,,,,,,,,,,,,,,,,,,,,,,,,,,,,,,,,,,17791.0,1.0,1.0,2.0,5276.0,1.0,Pacca House,KULLU ,KULLU 
26565.0,40.0,20.0,Active,,,,,,,10-07-2023,,119.0,,,,,,,,,,,,,,,,,,,,,,,,,,,,,,,,,,,,,,,,,,,,,,,,,,,,,,,,,,,,,,,,,,,,,,,,,,,,,,,,,,,,,,,,,,,,,,,,,,,,,,,17799.0,1.0,1.0,2.0,5284.0,1.0,Pacca House,KULLU ,KULLU 
26641.0,40.0,20.0,Active,,,,,,,10-07-2023,,118.0,,,,,,,,,,,,,,,,,,,,,,,,,,,,,,,,,,,,,,,,,,,,,,,,,,,,,,,,,,,,,,,,,,,,,,,,,,,,,,,,,,,,,,,,,,,,,,,,,,,,,,,17829.0,2.0,1.0,2.0,5303.0,1.0,Kachha House,KULLU ,BANJAR 
26641.0,40.0,20.0,Active,,,,,,,10-07-2023,,119.0,,,,,,,,,,,,,,,,,,,,,,,,,,,,,,,,,,,,,,,,,,,,,,,,,,,,,,,,,,,,,,,,,,,,,,,,,,,,,,,,,,,,,,,,,,,,,,,,,,,,,,,17852.0,1.0,1.0,2.0,5321.0,2.0,Pacca House,KULLU ,KULLU 
26641.0,40.0,20.0,Active,,,,,,,10-07-2023,,119.0,,,,,,,,,,,,,,,,,,,,,,,,,,,,,,,,,,,,,,,,,,,,,,,,,,,,,,,,,,,,,,,,,,,,,,,,,,,,,,,,,,,,,,,,,,,,,,,,,,,,,,,17964.0,1.0,1.0,2.0,5405.0,2.0,Pacca House,KULLU ,KULLU 
26560.0,40.0,20.0,Active,,,,,,,08-07-2023,,120.0,,,,,,,,,,,,,,,,,,,,,,,,,,,,,,,,,,,,,,,,,,,,,,,,,,,,,,,,,,,,,,,,,,,,,,,,,,,,,,,,,,,,,,,,,,,,,,,,,,,,,,,17628.0,1.0,1.0,2.0,5138.0,1.0,Pacca House,KULLU ,MANALI
26559.0,40.0,20.0,Active,,,,,,,07-07-2023,,120.0,,,,,,,,,,,,,,,,,,,,,,,,,,,,,,,,,,,,,,,,,,,,,,,,,,,,,,,,,,,,,,,,,,,,,,,,,,,,,,,,,,,,,,,,,,,,,,,,,,,,,,,17633.0,1.0,1.0,2.0,5143.0,1.0,Pacca House,KULLU ,MANALI
26564.0,40.0,20.0,Active,,,,,,,09-07-2023,,120.0,,,,,,,,,,,,,,,,,,,,,,,,,,,,,,,,,,,,,,,,,,,,,,,,,,,,,,,,,,,,,,,,,,,,,,,,,,,,,,,,,,,,,,,,,,,,,,,,,,,,,,,17657.0,1.0,1.0,2.0,5153.0,1.0,Pacca House,KULLU ,MANALI
26565.0,40.0,20.0,Active,,,,,,,10-07-2023,,119.0,,,,,,,,,,,,,,,,,,,,,,,,,,,,,,,,,,,,,,,,,,,,,,,,,,,,,,,,,,,,,,,,,,,,,,,,,,,,,,,,,,,,,,,,,,,,,,,,,,,,,,,17733.0,1.0,1.0,2.0,5225.0,1.0,Pacca House,KULLU ,KULLU 
26565.0,40.0,20.0,Active,,,,,,,10-07-2023,,119.0,,,,,,,,,,,,,,,,,,,,,,,,,,,,,,,,,,,,,,,,,,,,,,,,,,,,,,,,,,,,,,,,,,,,,,,,,,,,,,,,,,,,,,,,,,,,,,,,,,,,,,,17734.0,1.0,1.0,2.0,5226.0,1.0,Pacca House,KULLU ,KULLU 
26565.0,40.0,20.0,Active,,,,,,,10-07-2023,,119.0,,,,,,,,,,,,,,,,,,,,,,,,,,,,,,,,,,,,,,,,,,,,,,,,,,,,,,,,,,,,,,,,,,,,,,,,,,,,,,,,,,,,,,,,,,,,,,,,,,,,,,,17782.0,1.0,1.0,2.0,5267.0,1.0,Pacca House,KULLU ,KULLU 
26565.0,40.0,20.0,Active,,,,,,,10-07-2023,,119.0,,,,,,,,,,,,,,,,,,,,,,,,,,,,,,,,,,,,,,,,,,,,,,,,,,,,,,,,,,,,,,,,,,,,,,,,,,,,,,,,,,,,,,,,,,,,,,,,,,,,,,,17783.0,1.0,1.0,2.0,5268.0,1.0,Pacca House,KULLU ,KULLU 
26565.0,40.0,20.0,Active,,,,,,,10-07-2023,,119.0,,,,,,,,,,,,,,,,,,,,,,,,,,,,,,,,,,,,,,,,,,,,,,,,,,,,,,,,,,,,,,,,,,,,,,,,,,,,,,,,,,,,,,,,,,,,,,,,,,,,,,,17795.0,1.0,1.0,2.0,5280.0,0.0,Pacca House,KULLU ,KULLU 
26565.0,40.0,20.0,Active,,,,,,,10-07-2023,,119.0,,,,,,,,,,,,,,,,,,,,,,,,,,,,,,,,,,,,,,,,,,,,,,,,,,,,,,,,,,,,,,,,,,,,,,,,,,,,,,,,,,,,,,,,,,,,,,,,,,,,,,,17801.0,1.0,1.0,2.0,5286.0,1.0,Pacca House,KULLU ,KULLU 
26576.0,40.0,20.0,Active,,,,,,,10-07-2023,,119.0,,,,,,,,,,,,,,,,,,,,,,,,,,,,,,,,,,,,,,,,,,,,,,,,,,,,,,,,,,,,,,,,,,,,,,,,,,,,,,,,,,,,,,,,,,,,,,,,,,,,,,,17864.0,1.0,1.0,2.0,5331.0,0.0,Pacca House,KULLU ,KULLU 
26576.0,40.0,20.0,Active,,,,,,,10-07-2023,,119.0,,,,,,,,,,,,,,,,,,,,,,,,,,,,,,,,,,,,,,,,,,,,,,,,,,,,,,,,,,,,,,,,,,,,,,,,,,,,,,,,,,,,,,,,,,,,,,,,,,,,,,,17865.0,1.0,1.0,2.0,5332.0,1.0,Pacca House,KULLU ,KULLU 
26641.0,40.0,20.0,Active,,,,,,,10-07-2023,,119.0,,,,,,,,,,,,,,,,,,,,,,,,,,,,,,,,,,,,,,,,,,,,,,,,,,,,,,,,,,,,,,,,,,,,,,,,,,,,,,,,,,,,,,,,,,,,,,,,,,,,,,,17874.0,2.0,1.0,2.0,5336.0,1.0,Kachha House,KULLU ,KULLU 
26641.0,40.0,20.0,Active,,,,,,,10-07-2023,,119.0,,,,,,,,,,,,,,,,,,,,,,,,,,,,,,,,,,,,,,,,,,,,,,,,,,,,,,,,,,,,,,,,,,,,,,,,,,,,,,,,,,,,,,,,,,,,,,,,,,,,,,,17876.0,2.0,1.0,2.0,5338.0,1.0,Kachha House,KULLU ,KULLU 
26565.0,40.0,20.0,Active,,,,,,,10-07-2023,,119.0,,,,,,,,,,,,,,,,,,,,,,,,,,,,,,,,,,,,,,,,,,,,,,,,,,,,,,,,,,,,,,,,,,,,,,,,,,,,,,,,,,,,,,,,,,,,,,,,,,,,,,,17729.0,1.0,1.0,2.0,5221.0,1.0,Pacca House,KULLU ,KULLU 
26560.0,40.0,20.0,Active,,,,,,,08-07-2023,,120.0,,,,,,,,,,,,,,,,,,,,,,,,,,,,,,,,,,,,,,,,,,,,,,,,,,,,,,,,,,,,,,,,,,,,,,,,,,,,,,,,,,,,,,,,,,,,,,,,,,,,,,,17749.0,1.0,1.0,2.0,5240.0,1.0,Pacca House,KULLU ,MANALI
26565.0,40.0,20.0,Active,,,,,,,10-07-2023,,119.0,,,,,,,,,,,,,,,,,,,,,,,,,,,,,,,,,,,,,,,,,,,,,,,,,,,,,,,,,,,,,,,,,,,,,,,,,,,,,,,,,,,,,,,,,,,,,,,,,,,,,,,17778.0,1.0,1.0,2.0,5263.0,1.0,Pacca House,KULLU ,KULLU 
26577.0,40.0,20.0,Active,,,,,,,10-07-2023,,119.0,,,,,,,,,,,,,,,,,,,,,,,,,,,,,,,,,,,,,,,,,,,,,,,,,,,,,,,,,,,,,,,,,,,,,,,,,,,,,,,,,,,,,,,,,,,,,,,,,,,,,,,17977.0,1.0,1.0,2.0,5414.0,4.0,Pacca House,KULLU ,KULLU 
26641.0,40.0,20.0,Active,,,,,,,10-07-2023,,119.0,,,,,,,,,,,,,,,,,,,,,,,,,,,,,,,,,,,,,,,,,,,,,,,,,,,,,,,,,,,,,,,,,,,,,,,,,,,,,,,,,,,,,,,,,,,,,,,,,,,,,,,17986.0,1.0,1.0,2.0,5417.0,8.0,Pacca House,KULLU ,KULLU 
26641.0,40.0,20.0,Active,,,,,,,10-07-2023,,119.0,,,,,,,,,,,,,,,,,,,,,,,,,,,,,,,,,,,,,,,,,,,,,,,,,,,,,,,,,,,,,,,,,,,,,,,,,,,,,,,,,,,,,,,,,,,,,,,,,,,,,,,17989.0,1.0,1.0,2.0,5417.0,8.0,Pacca House,KULLU ,KULLU 
26641.0,40.0,20.0,Active,,,,,,,10-07-2023,,119.0,,,,,,,,,,,,,,,,,,,,,,,,,,,,,,,,,,,,,,,,,,,,,,,,,,,,,,,,,,,,,,,,,,,,,,,,,,,,,,,,,,,,,,,,,,,,,,,,,,,,,,,17990.0,1.0,1.0,2.0,5417.0,8.0,Pacca House,KULLU ,KULLU 
26641.0,40.0,20.0,Active,,,,,,,10-07-2023,,119.0,,,,,,,,,,,,,,,,,,,,,,,,,,,,,,,,,,,,,,,,,,,,,,,,,,,,,,,,,,,,,,,,,,,,,,,,,,,,,,,,,,,,,,,,,,,,,,,,,,,,,,,17992.0,1.0,1.0,2.0,5417.0,8.0,Pacca House,KULLU ,KULLU 
26567.0,40.0,20.0,Active,,,,,,,15-07-2023,,119.0,,,,,,,,,,,,,,,,,,,,,,,,,,,,,,,,,,,,,,,,,,,,,,,,,,,,,,,,,,,,,,,,,,,,,,,,,,,,,,,,,,,,,,,,,,,,,,,,,,,,,,,17995.0,1.0,1.0,2.0,5419.0,2.0,Pacca House,KULLU ,KULLU 
26568.0,40.0,20.0,Active,,,,,,,17-07-2023,,119.0,,,,,,,,,,,,,,,,,,,,,,,,,,,,,,,,,,,,,,,,,,,,,,,,,,,,,,,,,,,,,,,,,,,,,,,,,,,,,,,,,,,,,,,,,,,,,,,,,,,,,,,18000.0,1.0,1.0,2.0,5422.0,2.0,Pacca House,KULLU ,KULLU 
26569.0,40.0,20.0,Active,,,,,,,18-07-2023,,119.0,,,,,,,,,,,,,,,,,,,,,,,,,,,,,,,,,,,,,,,,,,,,,,,,,,,,,,,,,,,,,,,,,,,,,,,,,,,,,,,,,,,,,,,,,,,,,,,,,,,,,,,18006.0,1.0,1.0,2.0,5427.0,1.0,Pacca House,KULLU ,KULLU 
26565.0,40.0,20.0,Active,,,,,,,10-07-2023,,119.0,,,,,,,,,,,,,,,,,,,,,,,,,,,,,,,,,,,,,,,,,,,,,,,,,,,,,,,,,,,,,,,,,,,,,,,,,,,,,,,,,,,,,,,,,,,,,,,,,,,,,,,17786.0,1.0,1.0,2.0,5271.0,1.0,Pacca House,KULLU ,KULLU 
26565.0,40.0,20.0,Active,,,,,,,10-07-2023,,119.0,,,,,,,,,,,,,,,,,,,,,,,,,,,,,,,,,,,,,,,,,,,,,,,,,,,,,,,,,,,,,,,,,,,,,,,,,,,,,,,,,,,,,,,,,,,,,,,,,,,,,,,17804.0,1.0,1.0,2.0,5289.0,1.0,Pacca House,KULLU ,KULLU 
26641.0,40.0,20.0,Active,,,,,,,10-07-2023,,119.0,,,,,,,,,,,,,,,,,,,,,,,,,,,,,,,,,,,,,,,,,,,,,,,,,,,,,,,,,,,,,,,,,,,,,,,,,,,,,,,,,,,,,,,,,,,,,,,,,,,,,,,17945.0,1.0,1.0,2.0,5396.0,6.0,Pacca House,KULLU ,KULLU 
26641.0,40.0,20.0,Active,,,,,,,10-07-2023,,119.0,,,,,,,,,,,,,,,,,,,,,,,,,,,,,,,,,,,,,,,,,,,,,,,,,,,,,,,,,,,,,,,,,,,,,,,,,,,,,,,,,,,,,,,,,,,,,,,,,,,,,,,17949.0,1.0,1.0,2.0,5396.0,6.0,Pacca House,KULLU ,KULLU 
26641.0,40.0,20.0,Active,,,,,,,10-07-2023,,119.0,,,,,,,,,,,,,,,,,,,,,,,,,,,,,,,,,,,,,,,,,,,,,,,,,,,,,,,,,,,,,,,,,,,,,,,,,,,,,,,,,,,,,,,,,,,,,,,,,,,,,,,17967.0,1.0,1.0,2.0,5407.0,1.0,Pacca House,KULLU ,KULLU 
26577.0,40.0,20.0,Active,,,,,,,10-07-2023,,119.0,,,,,,,,,,,,,,,,,,,,,,,,,,,,,,,,,,,,,,,,,,,,,,,,,,,,,,,,,,,,,,,,,,,,,,,,,,,,,,,,,,,,,,,,,,,,,,,,,,,,,,,17975.0,1.0,1.0,2.0,5414.0,4.0,Pacca House,KULLU ,KULLU 
26568.0,40.0,20.0,Active,,,,,,,17-07-2023,,119.0,,,,,,,,,,,,,,,,,,,,,,,,,,,,,,,,,,,,,,,,,,,,,,,,,,,,,,,,,,,,,,,,,,,,,,,,,,,,,,,,,,,,,,,,,,,,,,,,,,,,,,,17999.0,1.0,1.0,2.0,5422.0,2.0,Pacca House,KULLU ,KULLU 
26641.0,40.0,20.0,Active,,,,,,,10-07-2023,,118.0,,,,,,,,,,,,,,,,,,,,,,,,,,,,,,,,,,,,,,,,,,,,,,,,,,,,,,,,,,,,,,,,,,,,,,,,,,,,,,,,,,,,,,,,,,,,,,,,,,,,,,,18025.0,1.0,1.0,2.0,5445.0,14.0,Pacca House,KULLU ,BANJAR 
26641.0,40.0,20.0,Active,,,,,,,10-07-2023,,118.0,,,,,,,,,,,,,,,,,,,,,,,,,,,,,,,,,,,,,,,,,,,,,,,,,,,,,,,,,,,,,,,,,,,,,,,,,,,,,,,,,,,,,,,,,,,,,,,,,,,,,,,18028.0,1.0,1.0,2.0,5445.0,14.0,Pacca House,KULLU ,BANJAR 
26641.0,40.0,20.0,Active,,,,,,,10-07-2023,,118.0,,,,,,,,,,,,,,,,,,,,,,,,,,,,,,,,,,,,,,,,,,,,,,,,,,,,,,,,,,,,,,,,,,,,,,,,,,,,,,,,,,,,,,,,,,,,,,,,,,,,,,,18029.0,1.0,1.0,2.0,5445.0,14.0,Pacca House,KULLU ,BANJAR 
26641.0,40.0,20.0,Active,,,,,,,10-07-2023,,118.0,,,,,,,,,,,,,,,,,,,,,,,,,,,,,,,,,,,,,,,,,,,,,,,,,,,,,,,,,,,,,,,,,,,,,,,,,,,,,,,,,,,,,,,,,,,,,,,,,,,,,,,18032.0,1.0,1.0,2.0,5445.0,14.0,Pacca House,KULLU ,BANJAR 
26566.0,40.0,20.0,Active,,,,,,,11-07-2023,,119.0,,,,,,,,,,,,,,,,,,,,,,,,,,,,,,,,,,,,,,,,,,,,,,,,,,,,,,,,,,,,,,,,,,,,,,,,,,,,,,,,,,,,,,,,,,,,,,,,,,,,,,,18042.0,1.0,1.0,2.0,5448.0,2.0,Pacca House,KULLU ,KULLU 
26640.0,40.0,20.0,Active,,,,,,,07-09-2023,,119.0,,,,,,,,,,,,,,,,,,,,,,,,,,,,,,,,,,,,,,,,,,,,,,,,,,,,,,,,,,,,,,,,,,,,,,,,,,,,,,,,,,,,,,,,,,,,,,,,,,,,,,,18044.0,1.0,1.0,2.0,5449.0,1.0,Pacca House,KULLU ,KULLU 
26641.0,40.0,20.0,Active,,,,,,,10-07-2023,,119.0,,,,,,,,,,,,,,,,,,,,,,,,,,,,,,,,,,,,,,,,,,,,,,,,,,,,,,,,,,,,,,,,,,,,,,,,,,,,,,,,,,,,,,,,,,,,,,,,,,,,,,,17987.0,1.0,1.0,2.0,5417.0,8.0,Pacca House,KULLU ,KULLU 
26641.0,40.0,20.0,Active,,,,,,,10-07-2023,,119.0,,,,,,,,,,,,,,,,,,,,,,,,,,,,,,,,,,,,,,,,,,,,,,,,,,,,,,,,,,,,,,,,,,,,,,,,,,,,,,,,,,,,,,,,,,,,,,,,,,,,,,,17991.0,1.0,1.0,2.0,5417.0,8.0,Pacca House,KULLU ,KULLU 
26641.0,40.0,20.0,Active,,,,,,,10-07-2023,,118.0,,,,,,,,,,,,,,,,,,,,,,,,,,,,,,,,,,,,,,,,,,,,,,,,,,,,,,,,,,,,,,,,,,,,,,,,,,,,,,,,,,,,,,,,,,,,,,,,,,,,,,,18033.0,1.0,1.0,2.0,5445.0,14.0,Pacca House,KULLU ,BANJAR 
26641.0,40.0,20.0,Active,,,,,,,10-07-2023,,118.0,,,,,,,,,,,,,,,,,,,,,,,,,,,,,,,,,,,,,,,,,,,,,,,,,,,,,,,,,,,,,,,,,,,,,,,,,,,,,,,,,,,,,,,,,,,,,,,,,,,,,,,18036.0,1.0,1.0,2.0,5445.0,14.0,Pacca House,KULLU ,BANJAR 
26641.0,40.0,20.0,Active,,,,,,,10-07-2023,,118.0,,,,,,,,,,,,,,,,,,,,,,,,,,,,,,,,,,,,,,,,,,,,,,,,,,,,,,,,,,,,,,,,,,,,,,,,,,,,,,,,,,,,,,,,,,,,,,,,,,,,,,,18037.0,1.0,1.0,2.0,5445.0,14.0,Pacca House,KULLU ,BANJAR 
26641.0,40.0,20.0,Active,,,,,,,10-07-2023,,118.0,,,,,,,,,,,,,,,,,,,,,,,,,,,,,,,,,,,,,,,,,,,,,,,,,,,,,,,,,,,,,,,,,,,,,,,,,,,,,,,,,,,,,,,,,,,,,,,,,,,,,,,18039.0,1.0,1.0,2.0,5446.0,1.0,Pacca House,KULLU ,BANJAR 
26566.0,40.0,20.0,Active,,,,,,,11-07-2023,,119.0,,,,,,,,,,,,,,,,,,,,,,,,,,,,,,,,,,,,,,,,,,,,,,,,,,,,,,,,,,,,,,,,,,,,,,,,,,,,,,,,,,,,,,,,,,,,,,,,,,,,,,,18043.0,1003.0,1.0,2.0,5448.0,2.0,Labour Sheds,KULLU ,KULLU 
26665.0,40.0,20.0,Active,,,,,,,23-07-2023,,119.0,,,,,,,,,,,,,,,,,,,,,,,,,,,,,,,,,,,,,,,,,,,,,,,,,,,,,,,,,,,,,,,,,,,,,,,,,,,,,,,,,,,,,,,,,,,,,,,,,,,,,,,18063.0,2.0,1.0,2.0,5462.0,1.0,Kachha House,KULLU ,KULLU 
26665.0,40.0,20.0,Active,,,,,,,23-07-2023,,119.0,,,,,,,,,,,,,,,,,,,,,,,,,,,,,,,,,,,,,,,,,,,,,,,,,,,,,,,,,,,,,,,,,,,,,,,,,,,,,,,,,,,,,,,,,,,,,,,,,,,,,,,18065.0,2.0,1.0,2.0,5464.0,1.0,Kachha House,KULLU ,KULLU 
26665.0,40.0,20.0,Active,,,,,,,23-07-2023,,119.0,,,,,,,,,,,,,,,,,,,,,,,,,,,,,,,,,,,,,,,,,,,,,,,,,,,,,,,,,,,,,,,,,,,,,,,,,,,,,,,,,,,,,,,,,,,,,,,,,,,,,,,18067.0,2.0,1.0,2.0,5466.0,1.0,Kachha House,KULLU ,KULLU 
26665.0,40.0,20.0,Active,,,,,,,23-07-2023,,119.0,,,,,,,,,,,,,,,,,,,,,,,,,,,,,,,,,,,,,,,,,,,,,,,,,,,,,,,,,,,,,,,,,,,,,,,,,,,,,,,,,,,,,,,,,,,,,,,,,,,,,,,18069.0,2.0,1.0,2.0,5468.0,1.0,Kachha House,KULLU ,KULLU 
26665.0,40.0,20.0,Active,,,,,,,23-07-2023,,119.0,,,,,,,,,,,,,,,,,,,,,,,,,,,,,,,,,,,,,,,,,,,,,,,,,,,,,,,,,,,,,,,,,,,,,,,,,,,,,,,,,,,,,,,,,,,,,,,,,,,,,,,18070.0,2.0,1.0,2.0,5469.0,1.0,Kachha House,KULLU ,KULLU 
26666.0,40.0,20.0,Active,,,,,,,25-07-2023,,119.0,,,,,,,,,,,,,,,,,,,,,,,,,,,,,,,,,,,,,,,,,,,,,,,,,,,,,,,,,,,,,,,,,,,,,,,,,,,,,,,,,,,,,,,,,,,,,,,,,,,,,,,18072.0,2.0,1.0,2.0,5471.0,1.0,Kachha House,KULLU ,KULLU 
26641.0,40.0,20.0,Active,,,,,,,10-07-2023,,119.0,,,,,,,,,,,,,,,,,,,,,,,,,,,,,,,,,,,,,,,,,,,,,,,,,,,,,,,,,,,,,,,,,,,,,,,,,,,,,,,,,,,,,,,,,,,,,,,,,,,,,,,17853.0,1.0,1.0,2.0,5321.0,2.0,Pacca House,KULLU ,KULLU 
26641.0,40.0,20.0,Active,,,,,,,10-07-2023,,118.0,,,,,,,,,,,,,,,,,,,,,,,,,,,,,,,,,,,,,,,,,,,,,,,,,,,,,,,,,,,,,,,,,,,,,,,,,,,,,,,,,,,,,,,,,,,,,,,,,,,,,,,17855.0,1.0,1.0,2.0,5323.0,1.0,Pacca House,KULLU ,BANJAR 
26641.0,40.0,20.0,Active,,,,,,,10-07-2023,,119.0,,,,,,,,,,,,,,,,,,,,,,,,,,,,,,,,,,,,,,,,,,,,,,,,,,,,,,,,,,,,,,,,,,,,,,,,,,,,,,,,,,,,,,,,,,,,,,,,,,,,,,,17875.0,2.0,1.0,2.0,5337.0,1.0,Kachha House,KULLU ,KULLU 
26641.0,40.0,20.0,Active,,,,,,,10-07-2023,,119.0,,,,,,,,,,,,,,,,,,,,,,,,,,,,,,,,,,,,,,,,,,,,,,,,,,,,,,,,,,,,,,,,,,,,,,,,,,,,,,,,,,,,,,,,,,,,,,,,,,,,,,,17966.0,1.0,1.0,2.0,5406.0,1.0,Pacca House,KULLU ,KULLU 
26641.0,40.0,20.0,Active,,,,,,,10-07-2023,,119.0,,,,,,,,,,,,,,,,,,,,,,,,,,,,,,,,,,,,,,,,,,,,,,,,,,,,,,,,,,,,,,,,,,,,,,,,,,,,,,,,,,,,,,,,,,,,,,,,,,,,,,,17993.0,1.0,1.0,2.0,5417.0,8.0,Pacca House,KULLU ,KULLU 
26567.0,40.0,20.0,Active,,,,,,,15-07-2023,,119.0,,,,,,,,,,,,,,,,,,,,,,,,,,,,,,,,,,,,,,,,,,,,,,,,,,,,,,,,,,,,,,,,,,,,,,,,,,,,,,,,,,,,,,,,,,,,,,,,,,,,,,,17996.0,1.0,1.0,2.0,5419.0,2.0,Pacca House,KULLU ,KULLU 
26641.0,40.0,20.0,Active,,,,,,,10-07-2023,,118.0,,,,,,,,,,,,,,,,,,,,,,,,,,,,,,,,,,,,,,,,,,,,,,,,,,,,,,,,,,,,,,,,,,,,,,,,,,,,,,,,,,,,,,,,,,,,,,,,,,,,,,,18027.0,1.0,1.0,2.0,5445.0,14.0,Pacca House,KULLU ,BANJAR 
26641.0,40.0,20.0,Active,,,,,,,10-07-2023,,118.0,,,,,,,,,,,,,,,,,,,,,,,,,,,,,,,,,,,,,,,,,,,,,,,,,,,,,,,,,,,,,,,,,,,,,,,,,,,,,,,,,,,,,,,,,,,,,,,,,,,,,,,18031.0,1.0,1.0,2.0,5445.0,14.0,Pacca House,KULLU ,BANJAR 
26641.0,40.0,20.0,Active,,,,,,,10-07-2023,,118.0,,,,,,,,,,,,,,,,,,,,,,,,,,,,,,,,,,,,,,,,,,,,,,,,,,,,,,,,,,,,,,,,,,,,,,,,,,,,,,,,,,,,,,,,,,,,,,,,,,,,,,,18035.0,1.0,1.0,2.0,5445.0,14.0,Pacca House,KULLU ,BANJAR 
26665.0,40.0,20.0,Active,,,,,,,23-07-2023,,119.0,,,,,,,,,,,,,,,,,,,,,,,,,,,,,,,,,,,,,,,,,,,,,,,,,,,,,,,,,,,,,,,,,,,,,,,,,,,,,,,,,,,,,,,,,,,,,,,,,,,,,,,18071.0,2.0,1.0,2.0,5470.0,1.0,Kachha House,KULLU ,KULLU 
26596.0,40.0,24.0,Active,,,,,,,09-08-2023,,168.0,,,,,,,,,,,,,,,,,,,,,,,,,,,,,,,,,,,,,,,,,,,,,,,,,,,,,,,,,,,,,,,,,,,,,,,,,,,,,,,,,,,,,,,,,,,,,,,,,,,,,,,18092.0,1.0,1.0,2.0,5488.0,0.5,Pacca House,SIRMAUR ,PAONTA SAHIB 
26641.0,40.0,20.0,Active,,,,,,,10-07-2023,,119.0,,,,,,,,,,,,,,,,,,,,,,,,,,,,,,,,,,,,,,,,,,,,,,,,,,,,,,,,,,,,,,,,,,,,,,,,,,,,,,,,,,,,,,,,,,,,,,,,,,,,,,,17944.0,1.0,1.0,2.0,5396.0,6.0,Pacca House,KULLU ,KULLU 
26641.0,40.0,20.0,Active,,,,,,,10-07-2023,,119.0,,,,,,,,,,,,,,,,,,,,,,,,,,,,,,,,,,,,,,,,,,,,,,,,,,,,,,,,,,,,,,,,,,,,,,,,,,,,,,,,,,,,,,,,,,,,,,,,,,,,,,,17948.0,1.0,1.0,2.0,5396.0,6.0,Pacca House,KULLU ,KULLU 
26577.0,40.0,20.0,Active,,,,,,,10-07-2023,,119.0,,,,,,,,,,,,,,,,,,,,,,,,,,,,,,,,,,,,,,,,,,,,,,,,,,,,,,,,,,,,,,,,,,,,,,,,,,,,,,,,,,,,,,,,,,,,,,,,,,,,,,,17974.0,1.0,1.0,2.0,5414.0,4.0,Pacca House,KULLU ,KULLU 
26564.0,40.0,20.0,Active,,,,,,,09-07-2023,,119.0,,,,,,,,,,,,,,,,,,,,,,,,,,,,,,,,,,,,,,,,,,,,,,,,,,,,,,,,,,,,,,,,,,,,,,,,,,,,,,,,,,,,,,,,,,,,,,,,,,,,,,,17863.0,1.0,1.0,2.0,5330.0,1.0,Pacca House,KULLU ,KULLU 
26641.0,40.0,20.0,Active,,,,,,,10-07-2023,,119.0,,,,,,,,,,,,,,,,,,,,,,,,,,,,,,,,,,,,,,,,,,,,,,,,,,,,,,,,,,,,,,,,,,,,,,,,,,,,,,,,,,,,,,,,,,,,,,,,,,,,,,,17968.0,1.0,1.0,2.0,5408.0,1.0,Pacca House,KULLU ,KULLU 
26641.0,40.0,20.0,Active,,,,,,,10-07-2023,,119.0,,,,,,,,,,,,,,,,,,,,,,,,,,,,,,,,,,,,,,,,,,,,,,,,,,,,,,,,,,,,,,,,,,,,,,,,,,,,,,,,,,,,,,,,,,,,,,,,,,,,,,,17988.0,1.0,1.0,2.0,5417.0,8.0,Pacca House,KULLU ,KULLU 
26665.0,40.0,20.0,Active,,,,,,,23-07-2023,,119.0,,,,,,,,,,,,,,,,,,,,,,,,,,,,,,,,,,,,,,,,,,,,,,,,,,,,,,,,,,,,,,,,,,,,,,,,,,,,,,,,,,,,,,,,,,,,,,,,,,,,,,,18064.0,2.0,1.0,2.0,5463.0,1.0,Kachha House,KULLU ,KULLU 
26641.0,40.0,20.0,Active,,,,,,,10-07-2023,,119.0,,,,,,,,,,,,,,,,,,,,,,,,,,,,,,,,,,,,,,,,,,,,,,,,,,,,,,,,,,,,,,,,,,,,,,,,,,,,,,,,,,,,,,,,,,,,,,,,,,,,,,,18191.0,2.0,1.0,2.0,5545.0,1.0,Kachha House,KULLU ,KULLU 
26641.0,40.0,20.0,Active,,,,,,,10-07-2023,,119.0,,,,,,,,,,,,,,,,,,,,,,,,,,,,,,,,,,,,,,,,,,,,,,,,,,,,,,,,,,,,,,,,,,,,,,,,,,,,,,,,,,,,,,,,,,,,,,,,,,,,,,,18192.0,2.0,1.0,2.0,5546.0,1.0,Kachha House,KULLU ,KULLU 
26577.0,40.0,20.0,Active,,,,,,,10-07-2023,,118.0,,,,,,,,,,,,,,,,,,,,,,,,,,,,,,,,,,,,,,,,,,,,,,,,,,,,,,,,,,,,,,,,,,,,,,,,,,,,,,,,,,,,,,,,,,,,,,,,,,,,,,,18198.0,2.0,1.0,2.0,5551.0,1.0,Kachha House,KULLU ,BANJAR 
26577.0,40.0,20.0,Active,,,,,,,10-07-2023,,118.0,,,,,,,,,,,,,,,,,,,,,,,,,,,,,,,,,,,,,,,,,,,,,,,,,,,,,,,,,,,,,,,,,,,,,,,,,,,,,,,,,,,,,,,,,,,,,,,,,,,,,,,18199.0,2.0,1.0,2.0,5552.0,1.0,Kachha House,KULLU ,BANJAR 
26641.0,40.0,20.0,Active,,,,,,,10-07-2023,,118.0,,,,,,,,,,,,,,,,,,,,,,,,,,,,,,,,,,,,,,,,,,,,,,,,,,,,,,,,,,,,,,,,,,,,,,,,,,,,,,,,,,,,,,,,,,,,,,,,,,,,,,,18201.0,2.0,1.0,2.0,5554.0,1.0,Kachha House,KULLU ,BANJAR 
26641.0,40.0,20.0,Active,,,,,,,10-07-2023,,118.0,,,,,,,,,,,,,,,,,,,,,,,,,,,,,,,,,,,,,,,,,,,,,,,,,,,,,,,,,,,,,,,,,,,,,,,,,,,,,,,,,,,,,,,,,,,,,,,,,,,,,,,18203.0,2.0,1.0,2.0,5556.0,1.0,Kachha House,KULLU ,BANJAR 
26641.0,40.0,20.0,Active,,,,,,,10-07-2023,,118.0,,,,,,,,,,,,,,,,,,,,,,,,,,,,,,,,,,,,,,,,,,,,,,,,,,,,,,,,,,,,,,,,,,,,,,,,,,,,,,,,,,,,,,,,,,,,,,,,,,,,,,,18204.0,2.0,1.0,2.0,5557.0,1.0,Kachha House,KULLU ,BANJAR 
26641.0,40.0,20.0,Active,,,,,,,10-07-2023,,118.0,,,,,,,,,,,,,,,,,,,,,,,,,,,,,,,,,,,,,,,,,,,,,,,,,,,,,,,,,,,,,,,,,,,,,,,,,,,,,,,,,,,,,,,,,,,,,,,,,,,,,,,18205.0,2.0,1.0,2.0,5558.0,1.0,Kachha House,KULLU ,BANJAR 
26641.0,40.0,20.0,Active,,,,,,,10-07-2023,,118.0,,,,,,,,,,,,,,,,,,,,,,,,,,,,,,,,,,,,,,,,,,,,,,,,,,,,,,,,,,,,,,,,,,,,,,,,,,,,,,,,,,,,,,,,,,,,,,,,,,,,,,,18206.0,2.0,1.0,2.0,5559.0,1.0,Kachha House,KULLU ,BANJAR 
26577.0,40.0,20.0,Active,,,,,,,10-07-2023,,118.0,,,,,,,,,,,,,,,,,,,,,,,,,,,,,,,,,,,,,,,,,,,,,,,,,,,,,,,,,,,,,,,,,,,,,,,,,,,,,,,,,,,,,,,,,,,,,,,,,,,,,,,18208.0,2.0,1.0,2.0,5561.0,1.0,Kachha House,KULLU ,BANJAR 
26641.0,40.0,20.0,Active,,,,,,,10-07-2023,,119.0,,,,,,,,,,,,,,,,,,,,,,,,,,,,,,,,,,,,,,,,,,,,,,,,,,,,,,,,,,,,,,,,,,,,,,,,,,,,,,,,,,,,,,,,,,,,,,,,,,,,,,,17965.0,1.0,1.0,2.0,5405.0,2.0,Pacca House,KULLU ,KULLU 
26641.0,40.0,20.0,Active,,,,,,,10-07-2023,,119.0,,,,,,,,,,,,,,,,,,,,,,,,,,,,,,,,,,,,,,,,,,,,,,,,,,,,,,,,,,,,,,,,,,,,,,,,,,,,,,,,,,,,,,,,,,,,,,,,,,,,,,,18002.0,1.0,1.0,2.0,5424.0,1.0,Pacca House,KULLU ,KULLU 
26665.0,40.0,20.0,Active,,,,,,,23-07-2023,,119.0,,,,,,,,,,,,,,,,,,,,,,,,,,,,,,,,,,,,,,,,,,,,,,,,,,,,,,,,,,,,,,,,,,,,,,,,,,,,,,,,,,,,,,,,,,,,,,,,,,,,,,,18066.0,2.0,1.0,2.0,5465.0,1.0,Kachha House,KULLU ,KULLU 
26665.0,40.0,20.0,Active,,,,,,,23-07-2023,,119.0,,,,,,,,,,,,,,,,,,,,,,,,,,,,,,,,,,,,,,,,,,,,,,,,,,,,,,,,,,,,,,,,,,,,,,,,,,,,,,,,,,,,,,,,,,,,,,,,,,,,,,,18068.0,2.0,1.0,2.0,5467.0,1.0,Kachha House,KULLU ,KULLU 
26666.0,40.0,20.0,Active,,,,,,,25-07-2023,,119.0,,,,,,,,,,,,,,,,,,,,,,,,,,,,,,,,,,,,,,,,,,,,,,,,,,,,,,,,,,,,,,,,,,,,,,,,,,,,,,,,,,,,,,,,,,,,,,,,,,,,,,,18073.0,2.0,1.0,2.0,5472.0,1.0,Kachha House,KULLU ,KULLU 
26666.0,40.0,20.0,Active,,,,,,,25-07-2023,,119.0,,,,,,,,,,,,,,,,,,,,,,,,,,,,,,,,,,,,,,,,,,,,,,,,,,,,,,,,,,,,,,,,,,,,,,,,,,,,,,,,,,,,,,,,,,,,,,,,,,,,,,,18076.0,2.0,1.0,2.0,5474.0,1.0,Kachha House,KULLU ,KULLU 
26596.0,40.0,24.0,Active,,,,,,,09-08-2023,,168.0,,,,,,,,,,,,,,,,,,,,,,,,,,,,,,,,,,,,,,,,,,,,,,,,,,,,,,,,,,,,,,,,,,,,,,,,,,,,,,,,,,,,,,,,,,,,,,,,,,,,,,,18090.0,1004.0,1.0,2.0,5486.0,0.0,Cowsheds,SIRMAUR ,PAONTA SAHIB 
26641.0,40.0,20.0,Active,,,,,,,10-07-2023,,118.0,,,,,,,,,,,,,,,,,,,,,,,,,,,,,,,,,,,,,,,,,,,,,,,,,,,,,,,,,,,,,,,,,,,,,,,,,,,,,,,,,,,,,,,,,,,,,,,,,,,,,,,18202.0,2.0,1.0,2.0,5555.0,1.0,Kachha House,KULLU ,BANJAR 
26641.0,40.0,20.0,Active,,,,,,,10-07-2023,,118.0,,,,,,,,,,,,,,,,,,,,,,,,,,,,,,,,,,,,,,,,,,,,,,,,,,,,,,,,,,,,,,,,,,,,,,,,,,,,,,,,,,,,,,,,,,,,,,,,,,,,,,,18219.0,2.0,1.0,2.0,5572.0,1.0,Kachha House,KULLU ,BANJAR 
26641.0,40.0,20.0,Active,,,,,,,10-07-2023,,118.0,,,,,,,,,,,,,,,,,,,,,,,,,,,,,,,,,,,,,,,,,,,,,,,,,,,,,,,,,,,,,,,,,,,,,,,,,,,,,,,,,,,,,,,,,,,,,,,,,,,,,,,18220.0,2.0,1.0,2.0,5573.0,1.0,Kachha House,KULLU ,BANJAR 
26666.0,40.0,20.0,Active,,,,,,,25-07-2023,,119.0,,,,,,,,,,,,,,,,,,,,,,,,,,,,,,,,,,,,,,,,,,,,,,,,,,,,,,,,,,,,,,,,,,,,,,,,,,,,,,,,,,,,,,,,,,,,,,,,,,,,,,,18235.0,2.0,1.0,2.0,5587.0,1.0,Kachha House,KULLU ,KULLU 
26666.0,40.0,20.0,Active,,,,,,,25-07-2023,,119.0,,,,,,,,,,,,,,,,,,,,,,,,,,,,,,,,,,,,,,,,,,,,,,,,,,,,,,,,,,,,,,,,,,,,,,,,,,,,,,,,,,,,,,,,,,,,,,,,,,,,,,,18236.0,2.0,1.0,2.0,5588.0,0.0,Kachha House,KULLU ,KULLU 
26666.0,40.0,20.0,Active,,,,,,,25-07-2023,,119.0,,,,,,,,,,,,,,,,,,,,,,,,,,,,,,,,,,,,,,,,,,,,,,,,,,,,,,,,,,,,,,,,,,,,,,,,,,,,,,,,,,,,,,,,,,,,,,,,,,,,,,,18238.0,2.0,1.0,2.0,5590.0,1.0,Kachha House,KULLU ,KULLU 
26666.0,40.0,20.0,Active,,,,,,,25-07-2023,,119.0,,,,,,,,,,,,,,,,,,,,,,,,,,,,,,,,,,,,,,,,,,,,,,,,,,,,,,,,,,,,,,,,,,,,,,,,,,,,,,,,,,,,,,,,,,,,,,,,,,,,,,,18242.0,2.0,1.0,2.0,5594.0,1.0,Kachha House,KULLU ,KULLU 
26666.0,40.0,20.0,Active,,,,,,,25-07-2023,,119.0,,,,,,,,,,,,,,,,,,,,,,,,,,,,,,,,,,,,,,,,,,,,,,,,,,,,,,,,,,,,,,,,,,,,,,,,,,,,,,,,,,,,,,,,,,,,,,,,,,,,,,,18244.0,2.0,1.0,2.0,5596.0,1.0,Kachha House,KULLU ,KULLU 
26666.0,40.0,20.0,Active,,,,,,,25-07-2023,,119.0,,,,,,,,,,,,,,,,,,,,,,,,,,,,,,,,,,,,,,,,,,,,,,,,,,,,,,,,,,,,,,,,,,,,,,,,,,,,,,,,,,,,,,,,,,,,,,,,,,,,,,,18246.0,2.0,1.0,2.0,5598.0,1.0,Kachha House,KULLU ,KULLU 
26666.0,40.0,20.0,Active,,,,,,,25-07-2023,,119.0,,,,,,,,,,,,,,,,,,,,,,,,,,,,,,,,,,,,,,,,,,,,,,,,,,,,,,,,,,,,,,,,,,,,,,,,,,,,,,,,,,,,,,,,,,,,,,,,,,,,,,,18249.0,2.0,1.0,2.0,5601.0,1.0,Kachha House,KULLU ,KULLU 
26666.0,40.0,20.0,Active,,,,,,,25-07-2023,,119.0,,,,,,,,,,,,,,,,,,,,,,,,,,,,,,,,,,,,,,,,,,,,,,,,,,,,,,,,,,,,,,,,,,,,,,,,,,,,,,,,,,,,,,,,,,,,,,,,,,,,,,,18250.0,2.0,1.0,2.0,5602.0,1.0,Kachha House,KULLU ,KULLU 
26666.0,40.0,20.0,Active,,,,,,,25-07-2023,,119.0,,,,,,,,,,,,,,,,,,,,,,,,,,,,,,,,,,,,,,,,,,,,,,,,,,,,,,,,,,,,,,,,,,,,,,,,,,,,,,,,,,,,,,,,,,,,,,,,,,,,,,,18251.0,2.0,1.0,2.0,5603.0,1.0,Kachha House,KULLU ,KULLU 
26666.0,40.0,20.0,Active,,,,,,,25-07-2023,,119.0,,,,,,,,,,,,,,,,,,,,,,,,,,,,,,,,,,,,,,,,,,,,,,,,,,,,,,,,,,,,,,,,,,,,,,,,,,,,,,,,,,,,,,,,,,,,,,,,,,,,,,,18254.0,2.0,1.0,2.0,5606.0,1.0,Kachha House,KULLU ,KULLU 
26666.0,40.0,20.0,Active,,,,,,,25-07-2023,,119.0,,,,,,,,,,,,,,,,,,,,,,,,,,,,,,,,,,,,,,,,,,,,,,,,,,,,,,,,,,,,,,,,,,,,,,,,,,,,,,,,,,,,,,,,,,,,,,,,,,,,,,,18255.0,2.0,1.0,2.0,5607.0,0.0,Kachha House,KULLU ,KULLU 
26641.0,40.0,20.0,Active,,,,,,,10-07-2023,,118.0,,,,,,,,,,,,,,,,,,,,,,,,,,,,,,,,,,,,,,,,,,,,,,,,,,,,,,,,,,,,,,,,,,,,,,,,,,,,,,,,,,,,,,,,,,,,,,,,,,,,,,,18026.0,1.0,1.0,1.0,5445.0,14.0,Pacca House,KULLU ,BANJAR 
26641.0,40.0,20.0,Active,,,,,,,10-07-2023,,118.0,,,,,,,,,,,,,,,,,,,,,,,,,,,,,,,,,,,,,,,,,,,,,,,,,,,,,,,,,,,,,,,,,,,,,,,,,,,,,,,,,,,,,,,,,,,,,,,,,,,,,,,18030.0,1.0,1.0,2.0,5445.0,14.0,Pacca House,KULLU ,BANJAR 
26641.0,40.0,20.0,Active,,,,,,,10-07-2023,,118.0,,,,,,,,,,,,,,,,,,,,,,,,,,,,,,,,,,,,,,,,,,,,,,,,,,,,,,,,,,,,,,,,,,,,,,,,,,,,,,,,,,,,,,,,,,,,,,,,,,,,,,,18034.0,1.0,1.0,2.0,5445.0,14.0,Pacca House,KULLU ,BANJAR 
26641.0,40.0,20.0,Active,,,,,,,10-07-2023,,118.0,,,,,,,,,,,,,,,,,,,,,,,,,,,,,,,,,,,,,,,,,,,,,,,,,,,,,,,,,,,,,,,,,,,,,,,,,,,,,,,,,,,,,,,,,,,,,,,,,,,,,,,18038.0,1.0,1.0,2.0,5445.0,14.0,Pacca House,KULLU ,BANJAR 
26666.0,40.0,20.0,Active,,,,,,,25-07-2023,,119.0,,,,,,,,,,,,,,,,,,,,,,,,,,,,,,,,,,,,,,,,,,,,,,,,,,,,,,,,,,,,,,,,,,,,,,,,,,,,,,,,,,,,,,,,,,,,,,,,,,,,,,,18074.0,2.0,1.0,2.0,5473.0,1.0,Kachha House,KULLU ,KULLU 
26641.0,40.0,20.0,Active,,,,,,,10-07-2023,,118.0,,,,,,,,,,,,,,,,,,,,,,,,,,,,,,,,,,,,,,,,,,,,,,,,,,,,,,,,,,,,,,,,,,,,,,,,,,,,,,,,,,,,,,,,,,,,,,,,,,,,,,,18209.0,2.0,0.0,2.0,5562.0,1.0,Kachha House,KULLU ,BANJAR 
26666.0,40.0,20.0,Active,,,,,,,25-07-2023,,119.0,,,,,,,,,,,,,,,,,,,,,,,,,,,,,,,,,,,,,,,,,,,,,,,,,,,,,,,,,,,,,,,,,,,,,,,,,,,,,,,,,,,,,,,,,,,,,,,,,,,,,,,18239.0,2.0,1.0,2.0,5591.0,1.0,Kachha House,KULLU ,KULLU 
26666.0,40.0,20.0,Active,,,,,,,25-07-2023,,119.0,,,,,,,,,,,,,,,,,,,,,,,,,,,,,,,,,,,,,,,,,,,,,,,,,,,,,,,,,,,,,,,,,,,,,,,,,,,,,,,,,,,,,,,,,,,,,,,,,,,,,,,18240.0,2.0,1.0,2.0,5592.0,1.0,Kachha House,KULLU ,KULLU 
26666.0,40.0,20.0,Active,,,,,,,25-07-2023,,119.0,,,,,,,,,,,,,,,,,,,,,,,,,,,,,,,,,,,,,,,,,,,,,,,,,,,,,,,,,,,,,,,,,,,,,,,,,,,,,,,,,,,,,,,,,,,,,,,,,,,,,,,18247.0,2.0,1.0,2.0,5599.0,1.0,Kachha House,KULLU ,KULLU 
26666.0,40.0,20.0,Active,,,,,,,25-07-2023,,119.0,,,,,,,,,,,,,,,,,,,,,,,,,,,,,,,,,,,,,,,,,,,,,,,,,,,,,,,,,,,,,,,,,,,,,,,,,,,,,,,,,,,,,,,,,,,,,,,,,,,,,,,18248.0,2.0,1.0,2.0,5600.0,1.0,Kachha House,KULLU ,KULLU 
26665.0,40.0,20.0,Active,,,,,,,23-07-2023,,119.0,,,,,,,,,,,,,,,,,,,,,,,,,,,,,,,,,,,,,,,,,,,,,,,,,,,,,,,,,,,,,,,,,,,,,,,,,,,,,,,,,,,,,,,,,,,,,,,,,,,,,,,18256.0,2.0,0.0,2.0,5608.0,1.0,Kachha House,KULLU ,KULLU 
26665.0,40.0,20.0,Active,,,,,,,23-07-2023,,119.0,,,,,,,,,,,,,,,,,,,,,,,,,,,,,,,,,,,,,,,,,,,,,,,,,,,,,,,,,,,,,,,,,,,,,,,,,,,,,,,,,,,,,,,,,,,,,,,,,,,,,,,18257.0,2.0,1.0,2.0,5609.0,1.0,Kachha House,KULLU ,KULLU 
26641.0,40.0,20.0,Active,,,,,,,10-07-2023,,119.0,,,,,,,,,,,,,,,,,,,,,,,,,,,,,,,,,,,,,,,,,,,,,,,,,,,,,,,,,,,,,,,,,,,,,,,,,,,,,,,,,,,,,,,,,,,,,,,,,,,,,,,18194.0,2.0,1.0,2.0,5548.0,1.0,Kachha House,KULLU ,KULLU 
26641.0,40.0,20.0,Active,,,,,,,10-07-2023,,119.0,,,,,,,,,,,,,,,,,,,,,,,,,,,,,,,,,,,,,,,,,,,,,,,,,,,,,,,,,,,,,,,,,,,,,,,,,,,,,,,,,,,,,,,,,,,,,,,,,,,,,,,18195.0,2.0,1.0,2.0,5549.0,1.0,Kachha House,KULLU ,KULLU 
25758.0,40.0,20.0,Active,,,,,,,09-07-2023,,119.0,,,,,,,,,,,,,,,,,,,,,,,,,,,,,,,,,,,,,,,,,,,,,,,,,,,,,,,,,,,,,,,,,,,,,,,,,,,,,,,,,,,,,,,,,,,,,,,,,,,,,,,18214.0,2.0,1.0,2.0,5567.0,1.0,Kachha House,KULLU ,KULLU 
26640.0,40.0,20.0,Active,,,,,,,07-09-2023,,119.0,,,,,,,,,,,,,,,,,,,,,,,,,,,,,,,,,,,,,,,,,,,,,,,,,,,,,,,,,,,,,,,,,,,,,,,,,,,,,,,,,,,,,,,,,,,,,,,,,,,,,,,18221.0,2.0,1.0,2.0,5574.0,0.0,Kachha House,KULLU ,KULLU 
26666.0,40.0,20.0,Active,,,,,,,25-07-2023,,119.0,,,,,,,,,,,,,,,,,,,,,,,,,,,,,,,,,,,,,,,,,,,,,,,,,,,,,,,,,,,,,,,,,,,,,,,,,,,,,,,,,,,,,,,,,,,,,,,,,,,,,,,18243.0,2.0,1.0,2.0,5595.0,1.0,Kachha House,KULLU ,KULLU 
26666.0,40.0,20.0,Active,,,,,,,25-07-2023,,119.0,,,,,,,,,,,,,,,,,,,,,,,,,,,,,,,,,,,,,,,,,,,,,,,,,,,,,,,,,,,,,,,,,,,,,,,,,,,,,,,,,,,,,,,,,,,,,,,,,,,,,,,18252.0,2.0,1.0,2.0,5604.0,1.0,Kachha House,KULLU ,KULLU 
26577.0,40.0,20.0,Active,,,,,,,10-07-2023,,118.0,,,,,,,,,,,,,,,,,,,,,,,,,,,,,,,,,,,,,,,,,,,,,,,,,,,,,,,,,,,,,,,,,,,,,,,,,,,,,,,,,,,,,,,,,,,,,,,,,,,,,,,18200.0,2.0,1.0,2.0,5553.0,1.0,Kachha House,KULLU ,BANJAR 
26641.0,40.0,20.0,Active,,,,,,,10-07-2023,,118.0,,,,,,,,,,,,,,,,,,,,,,,,,,,,,,,,,,,,,,,,,,,,,,,,,,,,,,,,,,,,,,,,,,,,,,,,,,,,,,,,,,,,,,,,,,,,,,,,,,,,,,,18207.0,2.0,1.0,2.0,5560.0,1.0,Kachha House,KULLU ,BANJAR 
26640.0,40.0,20.0,Active,,,,,,,07-09-2023,,119.0,,,,,,,,,,,,,,,,,,,,,,,,,,,,,,,,,,,,,,,,,,,,,,,,,,,,,,,,,,,,,,,,,,,,,,,,,,,,,,,,,,,,,,,,,,,,,,,,,,,,,,,18222.0,2.0,1.0,2.0,5575.0,1.0,Kachha House,KULLU ,KULLU 
26641.0,40.0,20.0,Active,,,,,,,10-07-2023,,119.0,,,,,,,,,,,,,,,,,,,,,,,,,,,,,,,,,,,,,,,,,,,,,,,,,,,,,,,,,,,,,,,,,,,,,,,,,,,,,,,,,,,,,,,,,,,,,,,,,,,,,,,18193.0,2.0,1.0,2.0,5547.0,1.0,Kachha House,KULLU ,KULLU 
26577.0,40.0,20.0,Active,,,,,,,10-07-2023,,118.0,,,,,,,,,,,,,,,,,,,,,,,,,,,,,,,,,,,,,,,,,,,,,,,,,,,,,,,,,,,,,,,,,,,,,,,,,,,,,,,,,,,,,,,,,,,,,,,,,,,,,,,18197.0,2.0,1.0,2.0,5550.0,1.0,Kachha House,KULLU ,BANJAR 
25985.0,40.0,20.0,Active,,,,,,,09-07-2023,,119.0,,,,,,,,,,,,,,,,,,,,,,,,,,,,,,,,,,,,,,,,,,,,,,,,,,,,,,,,,,,,,,,,,,,,,,,,,,,,,,,,,,,,,,,,,,,,,,,,,,,,,,,18213.0,2.0,1.0,2.0,5566.0,1.0,Kachha House,KULLU ,KULLU 
26666.0,40.0,20.0,Active,,,,,,,25-07-2023,,119.0,,,,,,,,,,,,,,,,,,,,,,,,,,,,,,,,,,,,,,,,,,,,,,,,,,,,,,,,,,,,,,,,,,,,,,,,,,,,,,,,,,,,,,,,,,,,,,,,,,,,,,,18237.0,2.0,1.0,2.0,5589.0,1.0,Kachha House,KULLU ,KULLU 
26666.0,40.0,20.0,Active,,,,,,,25-07-2023,,119.0,,,,,,,,,,,,,,,,,,,,,,,,,,,,,,,,,,,,,,,,,,,,,,,,,,,,,,,,,,,,,,,,,,,,,,,,,,,,,,,,,,,,,,,,,,,,,,,,,,,,,,,18241.0,2.0,1.0,2.0,5593.0,1.0,Kachha House,KULLU ,KULLU 
26666.0,40.0,20.0,Active,,,,,,,25-07-2023,,119.0,,,,,,,,,,,,,,,,,,,,,,,,,,,,,,,,,,,,,,,,,,,,,,,,,,,,,,,,,,,,,,,,,,,,,,,,,,,,,,,,,,,,,,,,,,,,,,,,,,,,,,,18245.0,2.0,1.0,2.0,5597.0,1.0,Kachha House,KULLU ,KULLU 
26666.0,40.0,20.0,Active,,,,,,,25-07-2023,,119.0,,,,,,,,,,,,,,,,,,,,,,,,,,,,,,,,,,,,,,,,,,,,,,,,,,,,,,,,,,,,,,,,,,,,,,,,,,,,,,,,,,,,,,,,,,,,,,,,,,,,,,,18253.0,2.0,1.0,2.0,5605.0,1.0,Kachha House,KULLU ,KULLU 
26641.0,40.0,20.0,Active,,,,,,,10-07-2023,,117.0,,,,,,,,,,,,,,,,,,,,,,,,,,,,,,,,,,,,,,,,,,,,,,,,,,,,,,,,,,,,,,,,,,,,,,,,,,,,,,,,,,,,,,,,,,,,,,,,,,,,,,,18581.0,2.0,1.0,2.0,5643.0,1.0,Kachha House,KULLU ,ANI
26641.0,40.0,20.0,Active,,,,,,,10-07-2023,,117.0,,,,,,,,,,,,,,,,,,,,,,,,,,,,,,,,,,,,,,,,,,,,,,,,,,,,,,,,,,,,,,,,,,,,,,,,,,,,,,,,,,,,,,,,,,,,,,,,,,,,,,,18583.0,2.0,1.0,2.0,5645.0,1.0,Kachha House,KULLU ,ANI
26840.0,40.0,20.0,Active,,,,,,,24-07-2023,,119.0,,,,,,,,,,,,,,,,,,,,,,,,,,,,,,,,,,,,,,,,,,,,,,,,,,,,,,,,,,,,,,,,,,,,,,,,,,,,,,,,,,,,,,,,,,,,,,,,,,,,,,,18591.0,2.0,1.0,2.0,5653.0,1.0,Kachha House,KULLU ,KULLU 
26841.0,40.0,20.0,Active,,,,,,,23-07-2023,,119.0,,,,,,,,,,,,,,,,,,,,,,,,,,,,,,,,,,,,,,,,,,,,,,,,,,,,,,,,,,,,,,,,,,,,,,,,,,,,,,,,,,,,,,,,,,,,,,,,,,,,,,,18593.0,2.0,1.0,2.0,5655.0,1.0,Kachha House,KULLU ,KULLU 
26840.0,40.0,20.0,Active,,,,,,,24-07-2023,,119.0,,,,,,,,,,,,,,,,,,,,,,,,,,,,,,,,,,,,,,,,,,,,,,,,,,,,,,,,,,,,,,,,,,,,,,,,,,,,,,,,,,,,,,,,,,,,,,,,,,,,,,,18594.0,2.0,1.0,2.0,5656.0,1.0,Kachha House,KULLU ,KULLU 
26840.0,40.0,20.0,Active,,,,,,,24-07-2023,,119.0,,,,,,,,,,,,,,,,,,,,,,,,,,,,,,,,,,,,,,,,,,,,,,,,,,,,,,,,,,,,,,,,,,,,,,,,,,,,,,,,,,,,,,,,,,,,,,,,,,,,,,,18595.0,2.0,1.0,2.0,5657.0,1.0,Kachha House,KULLU ,KULLU 
26841.0,40.0,20.0,Active,,,,,,,23-07-2023,,119.0,,,,,,,,,,,,,,,,,,,,,,,,,,,,,,,,,,,,,,,,,,,,,,,,,,,,,,,,,,,,,,,,,,,,,,,,,,,,,,,,,,,,,,,,,,,,,,,,,,,,,,,18596.0,2.0,1.0,2.0,5658.0,1.0,Kachha House,KULLU ,KULLU 
26841.0,40.0,20.0,Active,,,,,,,23-07-2023,,119.0,,,,,,,,,,,,,,,,,,,,,,,,,,,,,,,,,,,,,,,,,,,,,,,,,,,,,,,,,,,,,,,,,,,,,,,,,,,,,,,,,,,,,,,,,,,,,,,,,,,,,,,18597.0,2.0,1.0,2.0,5659.0,1.0,Kachha House,KULLU ,KULLU 
26841.0,40.0,20.0,Active,,,,,,,23-07-2023,,119.0,,,,,,,,,,,,,,,,,,,,,,,,,,,,,,,,,,,,,,,,,,,,,,,,,,,,,,,,,,,,,,,,,,,,,,,,,,,,,,,,,,,,,,,,,,,,,,,,,,,,,,,18598.0,2.0,1.0,2.0,5660.0,1.0,Kachha House,KULLU ,KULLU 
26841.0,40.0,20.0,Active,,,,,,,23-07-2023,,119.0,,,,,,,,,,,,,,,,,,,,,,,,,,,,,,,,,,,,,,,,,,,,,,,,,,,,,,,,,,,,,,,,,,,,,,,,,,,,,,,,,,,,,,,,,,,,,,,,,,,,,,,18599.0,2.0,1.0,2.0,5661.0,1.0,Kachha House,KULLU ,KULLU 
26841.0,40.0,20.0,Active,,,,,,,23-07-2023,,119.0,,,,,,,,,,,,,,,,,,,,,,,,,,,,,,,,,,,,,,,,,,,,,,,,,,,,,,,,,,,,,,,,,,,,,,,,,,,,,,,,,,,,,,,,,,,,,,,,,,,,,,,18651.0,2.0,1.0,2.0,5690.0,1.0,Kachha House,KULLU ,KULLU 
26841.0,40.0,20.0,Active,,,,,,,23-07-2023,,119.0,,,,,,,,,,,,,,,,,,,,,,,,,,,,,,,,,,,,,,,,,,,,,,,,,,,,,,,,,,,,,,,,,,,,,,,,,,,,,,,,,,,,,,,,,,,,,,,,,,,,,,,18652.0,2.0,1.0,2.0,5691.0,1.0,Kachha House,KULLU ,KULLU 
26841.0,40.0,20.0,Active,,,,,,,23-07-2023,,119.0,,,,,,,,,,,,,,,,,,,,,,,,,,,,,,,,,,,,,,,,,,,,,,,,,,,,,,,,,,,,,,,,,,,,,,,,,,,,,,,,,,,,,,,,,,,,,,,,,,,,,,,18654.0,2.0,1.0,2.0,5693.0,0.0,Kachha House,KULLU ,KULLU 
26666.0,40.0,20.0,Active,,,,,,,25-07-2023,,119.0,,,,,,,,,,,,,,,,,,,,,,,,,,,,,,,,,,,,,,,,,,,,,,,,,,,,,,,,,,,,,,,,,,,,,,,,,,,,,,,,,,,,,,,,,,,,,,,,,,,,,,,18655.0,2.0,1.0,2.0,5694.0,1.0,Kachha House,KULLU ,KULLU 
26841.0,40.0,20.0,Active,,,,,,,23-07-2023,,119.0,,,,,,,,,,,,,,,,,,,,,,,,,,,,,,,,,,,,,,,,,,,,,,,,,,,,,,,,,,,,,,,,,,,,,,,,,,,,,,,,,,,,,,,,,,,,,,,,,,,,,,,18653.0,2.0,1.0,2.0,5692.0,1.0,Kachha House,KULLU ,KULLU 
26841.0,40.0,20.0,Active,,,,,,,23-07-2023,,119.0,,,,,,,,,,,,,,,,,,,,,,,,,,,,,,,,,,,,,,,,,,,,,,,,,,,,,,,,,,,,,,,,,,,,,,,,,,,,,,,,,,,,,,,,,,,,,,,,,,,,,,,18601.0,2.0,1.0,2.0,5662.0,1.0,Kachha House,KULLU ,KULLU 
26841.0,40.0,20.0,Active,,,,,,,23-07-2023,,119.0,,,,,,,,,,,,,,,,,,,,,,,,,,,,,,,,,,,,,,,,,,,,,,,,,,,,,,,,,,,,,,,,,,,,,,,,,,,,,,,,,,,,,,,,,,,,,,,,,,,,,,,18650.0,2.0,1.0,2.0,5689.0,1.0,Kachha House,KULLU ,KULLU 
27676.0,40.0,20.0,Active,,,,,,,29-04-2024,,119.0,,,,,,,,,,,,,,,,,,,,,,,,,,,,,,,,,,,,,,,,,,,,,,,,,,,,,,,,,,,,,,,,,,,,,,,,,,,,,,,,,,,,,,,,,,,,,,,,,,,,,,,19144.0,2.0,1.0,1.0,6073.0,0.0,Kachha House,KULLU ,KULLU 
