tender_id,tender_externalreference,tender_title,work_description,tender_category,tender_type,form_of_contract,product_category,is_multi_currency_allowed_for_boq,allow_two_stage_bidding,independent_external_monitor/remarks,published_date,pre_bid_meeting_date,bid_validity(days),should_allow_nda_tender,allow_preferential_bidder,payment_mode,bid_opening_date,organisation_chain,location,pincode,no_of_bids_received,tender_value_in_₹,bidder_name,awarded_value,status,contract_date_:,department,matched_categories,matched_keywords,intent_tag,is_coastal_district,is_drought_district
2020_OLIC_63605_5,14/2020-21 OLIC/ Dt 02.11.2020,INSTALATION AND ENERGISATION OF BARAHIPUR-IV LI PROJECT,INSTALATION AND ENERGISATION OF BARAHIPUR-IV LI PROJECT,Works,Open Tender,Percentage,Civil Works - Lift Irrigation Schemes,No,No,NA ,06-Nov-2020 11:00 AM,NA ,90.0,No ,No,Online,19-Nov-2020 11:00 AM,"Orissa Lift Irrigation Corporation||LI,Central Circle, Cuttack||LI Division Cuttack",MAHANGA BLOCK,754001.0,1.0,"12,55,000",M/S SRI SAI ENGINEERING,10.67,Accepted-AOC,06-Jul-2022,"Orissa Lift Irrigation Corporation||LI,Central Circle, Cuttack||LI Division Cuttack",C2_Irrigation,irrigation|lift irrigation,Unknown,False,False
2020_OLIC_63777_11,"Bid Identification No.16 / 2020-21, OLIC (CTC) / D",INSTALATION AND ENERGISATION OF PURAN BIRIBEDI LI PROJECT,INSTALATION AND ENERGISATION OF PURAN BIRIBEDI LI PROJECT,Works,Open Tender,Percentage,Civil Works - Lift Irrigation Schemes,No,No,NA ,16-Nov-2020 11:00 AM,NA ,90.0,No ,No,Online,26-Nov-2020 11:00 AM,"Orissa Lift Irrigation Corporation||LI,Central Circle, Cuttack||LI Division Cuttack",ERASAMA BLOCK,754001.0,1.0,,M/S SRI SAI ENGINEERING,18.48,Accepted-AOC,06-Jul-2022,"Orissa Lift Irrigation Corporation||LI,Central Circle, Cuttack||LI Division Cuttack",C2_Irrigation,irrigation|lift irrigation,Unknown,False,False
2020_OLIC_63777_15,"Bid Identification No.16 / 2020-21, OLIC (CTC) / D",INSTALATION AND ENERGISATION OF MALIKANA-I LI PROJECT,INSTALATION AND ENERGISATION OF PURAN MALIKANA-I LI PROJECT,Works,Open Tender,Percentage,Civil Works - Lift Irrigation Schemes,No,No,NA ,16-Nov-2020 11:00 AM,NA ,90.0,No ,No,Online,26-Nov-2020 11:00 AM,"Orissa Lift Irrigation Corporation||LI,Central Circle, Cuttack||LI Division Cuttack",ERASAMA BLOCK,754001.0,1.0,,M/S SRI SAI ENGINEERING,17.57,Accepted-AOC,06-Jul-2022,"Orissa Lift Irrigation Corporation||LI,Central Circle, Cuttack||LI Division Cuttack",C2_Irrigation,irrigation|lift irrigation,Unknown,False,False
2020_OLIC_63777_17,"Bid Identification No.16 / 2020-21, OLIC (CTC) / D",INSTALATION AND ENERGISATION OF DHUANSAHI-II LI PROJECT,INSTALATION AND ENERGISATION OF PURAN DHUANSAHI-II LI PROJECT,Works,Open Tender,Percentage,Civil Works - Lift Irrigation Schemes,No,No,NA ,16-Nov-2020 11:00 AM,NA ,90.0,No ,No,Online,26-Nov-2020 11:00 AM,"Orissa Lift Irrigation Corporation||LI,Central Circle, Cuttack||LI Division Cuttack",ERASAMA BLOCK,754001.0,1.0,,M/S SRI SAI ENGINEERING,18.57,Accepted-AOC,06-Jul-2022,"Orissa Lift Irrigation Corporation||LI,Central Circle, Cuttack||LI Division Cuttack",C2_Irrigation,irrigation|lift irrigation,Unknown,False,False
2021_CEMIB_70118_1,"BIDS NO.02(NCB)/ORDRIP EMIC,KJR/2021-22",Improvement to Aradei MIP (Res) in Sadar Block of Keonjhar District under DRIP Phase II,Improvement to Aradei MIP (Res) in Sadar Block of Keonjhar District under DRIP Phase II,Works,National Competitive Bid,Item Rate,Civil Works - Water Works,No,No,NA ,04-Aug-2021 10:40 AM,24-Aug-2021 11:30 AM ,90.0,No ,No,Online,17-Sep-2021 04:00 PM,"CE,Minor Irrigation,BBSR||SE,Eastern Minor Irr.Circle,Keonjhar||EE M.I. Division Keonjhar",Sadar Block of Keonjhar District,758001.0,2.0,"4,32,98,077",UNICORN INDIA PRIVATE LIMITED,"45,467,305.679",Accepted-AOC,26-Jul-2022,"CE,Minor Irrigation,BBSR||SE,Eastern Minor Irr.Circle,Keonjhar||EE M.I. Division Keonjhar",C1_WaterConservation|C2_Irrigation,irrigation|minor irrigation|mip,Mitigation,False,False
2021_CEMIB_70150_1,"BIDS NO.03(NCB)/ORDRIP EMIC,KJR/2021-22",RENOVATION TO HEAD WORKS OF JAGADALA MIP (RES) IN SADAR BLOCK UNDER DRIP PHASE II,RENOVATION TO HEAD WORKS OF JAGADALA MIP (RES) IN SADAR BLOCK UNDER DRIP PHASE II,Works,National Competitive Bid,Item Rate,Civil Works - Water Works,No,No,NA ,06-Aug-2021 10:30 AM,31-Aug-2021 11:30 AM ,90.0,No ,No,Online,20-Sep-2021 04:00 PM,"CE,Minor Irrigation,BBSR||SE,Eastern Minor Irr.Circle,Keonjhar||EE M.I. Division Keonjhar",Sadar Block of Keonjhar District,758001.0,2.0,"4,50,67,702",UNICORN INDIA PRIVATE LIMITED,"49,209,436.454",Accepted-AOC,26-Jul-2022,"CE,Minor Irrigation,BBSR||SE,Eastern Minor Irr.Circle,Keonjhar||EE M.I. Division Keonjhar",C1_WaterConservation|C2_Irrigation,irrigation|minor irrigation|mip,Unknown,False,False
2022_CEBBS_79393_1,Bid Identification No.SE-HID-02/2022-23,"Engagement of different categories of labour /Personnel on outsourcing basis for Hadua Irrigation Project Narasinghpur for the year 2022-23 (Period from July, 2022 to Mar, 2023).",Engagement of different categories of labour /Personnel on outsourcing basis.,Services,Open Tender,Item Rate,Human Resources Supply,No,No,NA ,02-Jul-2022 10:00 AM,NA ,90.0,No ,No,Online,11-Jul-2022 11:00 AM,"CE and BM Brahmani Basin Samal||SE Angul Irrigation Circle Angul||E.E.,Hadua Irr. Divn.,Narasinghpur",Paikapada Patana,753042.0,2.0,,MAA TARINI SECURITY SERVICES,"717,600",Accepted-AOC,25-Jul-2022,"CE and BM Brahmani Basin Samal||SE Angul Irrigation Circle Angul||E.E.,Hadua Irr. Divn.,Narasinghpur",C2_Irrigation,irrigation,Unknown,False,False
2022_CERWI_79109_1,TCN No.01/22-23,Annual Maintenance of Bartana ADB Road to Chirkula Bhuatentuli over Coast canal Via Dala Banki Ghai Road for the year 2022-23,Annual Maintenance of Bartana ADB Road to Chirkula Bhuatentuli over Coast canal Via Dala Banki Ghai Road for the year 2022-23,Works,Open Tender,Percentage,Civil Works - Roads,No,No,NA ,24-Jun-2022 03:00 PM,NA ,90.0,No ,No,Online,02-Jul-2022 11:00 AM,CE RW I||RWCIRCLE-BALASORE||RWDIVISION-JALESWAR,Baleswar,756086.0,1.0,"13,38,932",AMULYA KUMAR PRADHAN,"1,138,226",Accepted-AOC,25-Jul-2022,CE RW I||RWCIRCLE-BALASORE||RWDIVISION-JALESWAR,C2_Irrigation,canal,Unknown,False,False
2022_OMECL_76473_2,13/OMECL/e-PROC/2021-22,"Engagement of agency for chemical analysis of Iron , Bauxite, Fireclay, Graphite, Chromite and associated rocks and minerals samples for OMECL","Engagement of agency for chemical analysis of Iron , Bauxite, Fireclay, Graphite, Chromite and associated rocks and minerals samples for OMECL",Services,Open Tender,Item Rate,Miscellaneous Services,No,No,NA ,04-May-2022 06:30 PM,NA ,180.0,No ,No,Online,12-May-2022 02:30 PM,Odisha Mineral Exploration Corporation Limited,Odisha,751001.0,2.0,,Inspectorate Griffith India Pvt. Ltd.,"15,240,055",Accepted-AOC,22-Jul-2022,Odisha Mineral Exploration Corporation Limited,C1_WaterConservation,mit,Unknown,False,False
2020_OLIC_63132_3,1351_07_10_2020,Bari II and Rasulpur,Installation of 200mm dia Medium Deep Tube Wells in Bari and Rasulpur Block In Jajpur District,Works,Open Tender,Percentage,Mechanical Works,No,No,NA ,19-Oct-2020 10:00 AM,NA ,180.0,No ,No,Online,02-Nov-2020 11:00 AM,"Orissa Lift Irrigation Corporation||LI,Central Circle, Cuttack||LI Division Jajpur Road",Jajpur Road,755019.0,2.0,"34,87,686",AKSHAYA KUMAR MALLICK,"3,320,668",Accepted-AOC,08-Feb-2023,"Orissa Lift Irrigation Corporation||LI,Central Circle, Cuttack||LI Division Jajpur Road",C2_Irrigation,irrigation|lift irrigation|tube well,Mitigation,False,False
2020_OLIC_63132_5,1351_07_10_2020,Dasarthapur_I_Binjharpur_II,Installation of 200mm dia Medium Deep Tube Wells in Dasarthapur Binjharpur Block In Jajpur District,Works,Open Tender,Percentage,Mechanical Works,No,No,NA ,19-Oct-2020 10:00 AM,NA ,180.0,No ,No,Online,02-Nov-2020 11:00 AM,"Orissa Lift Irrigation Corporation||LI,Central Circle, Cuttack||LI Division Jajpur Road",Jajpur Road,755019.0,2.0,"42,60,659",D SIVAKUMAR (Prop-Shree Saravana Bore Well),"4,533,341",Accepted-AOC,08-Feb-2023,"Orissa Lift Irrigation Corporation||LI,Central Circle, Cuttack||LI Division Jajpur Road",C2_Irrigation,irrigation|lift irrigation|tube well,Mitigation,False,False
2020_OLIC_63132_6,1351_07_10_2020,Bari_III,Installation of 200mm dia Medium Deep Tube Wells in Bari Block In Jajpur District,Works,Open Tender,Percentage,Mechanical Works,No,No,NA ,19-Oct-2020 10:00 AM,NA ,180.0,No ,No,Online,02-Nov-2020 11:00 AM,"Orissa Lift Irrigation Corporation||LI,Central Circle, Cuttack||LI Division Jajpur Road",Jajpur Road,755019.0,2.0,"34,59,562",D SIVAKUMAR (Prop-Shree Saravana Bore Well),"3,680,974",Accepted-AOC,08-Feb-2023,"Orissa Lift Irrigation Corporation||LI,Central Circle, Cuttack||LI Division Jajpur Road",C2_Irrigation,irrigation|lift irrigation|tube well,Mitigation,False,False
2020_OLIC_63132_7,1351_07_10_2020,Dasarathapur_II_Binjharpur_III,Installation of 200mm dia Medium Deep Tube Wells in Dasarathapur and Binjharpur Block In Jajpur District,Works,Open Tender,Percentage,Mechanical Works,No,No,NA ,19-Oct-2020 10:00 AM,NA ,180.0,No ,No,Online,02-Nov-2020 11:00 AM,"Orissa Lift Irrigation Corporation||LI,Central Circle, Cuttack||LI Division Jajpur Road",Jajpur Road,755019.0,2.0,"31,08,610",D SIVAKUMAR (Prop-Shree Saravana Bore Well),"3,307,561",Accepted-AOC,08-Feb-2023,"Orissa Lift Irrigation Corporation||LI,Central Circle, Cuttack||LI Division Jajpur Road",C2_Irrigation,irrigation|lift irrigation|tube well,Mitigation,False,False
2020_OLIC_63876_5,1952 /2020-21 Dt. 02.11.2020,INSTALATION AND ENERGISATION OF BHAGABATIPUR LI PROJECT,INSTALATION AND ENERGISATION OF BHAGABATIPUR LI PROJECT,Works,Open Tender,Percentage,Civil Works - Lift Irrigation Schemes,No,No,NA ,17-Nov-2020 02:00 PM,NA ,90.0,No ,No,Online,04-Dec-2020 11:00 AM,"Orissa Lift Irrigation Corporation||LI,Central Circle, Cuttack||LI,Division, Bhubaneswar",CHILIKA BLOCK,754001.0,1.0,,ABINASH BISWAL,"1,123,237",Accepted-AOC,10-Feb-2023,"Orissa Lift Irrigation Corporation||LI,Central Circle, Cuttack||LI,Division, Bhubaneswar",C2_Irrigation,irrigation|lift irrigation,Unknown,False,False
2020_OLIC_63876_7,1952 /2020-21 Dt. 02.11.2020,INSTALATION AND ENERGISATION OF KUMANDAL LI PROJECT,INSTALATION AND ENERGISATION OF KUMANDAL LI PROJECT,Works,Open Tender,Percentage,Civil Works - Lift Irrigation Schemes,No,No,NA ,17-Nov-2020 02:00 PM,NA ,90.0,No ,No,Online,04-Dec-2020 11:00 AM,"Orissa Lift Irrigation Corporation||LI,Central Circle, Cuttack||LI,Division, Bhubaneswar",CHILIKA BLOCK,754001.0,1.0,,ABINASH BISWAL,"1,125,831",Accepted-AOC,10-Feb-2023,"Orissa Lift Irrigation Corporation||LI,Central Circle, Cuttack||LI,Division, Bhubaneswar",C2_Irrigation,irrigation|lift irrigation,Unknown,False,False
2020_OLIC_63876_8,1952 /2020-21 Dt. 02.11.2020,INSTALATION AND ENERGISATION OF INJAPUR LI PROJECT,INSTALATION AND ENERGISATION OF INJAPUR LI PROJECT,Works,Open Tender,Percentage,Civil Works - Lift Irrigation Schemes,No,No,NA ,17-Nov-2020 02:00 PM,NA ,90.0,No ,No,Online,04-Dec-2020 11:00 AM,"Orissa Lift Irrigation Corporation||LI,Central Circle, Cuttack||LI,Division, Bhubaneswar",CHILIKA BLOCK,754001.0,1.0,,ABINASH BISWAL,"1,116,645",Accepted-AOC,10-Feb-2023,"Orissa Lift Irrigation Corporation||LI,Central Circle, Cuttack||LI,Division, Bhubaneswar",C2_Irrigation,irrigation|lift irrigation,Unknown,False,False
2021_CEBMB_68091_12,e-BNID-01/ 2021-22,Restoration to LFB of Paikianalla from RD 2800 M to 3050 M.,Restoration of Embankment,Works,Open Tender,Percentage,Civil Works - Others,No,No,NA ,30-Apr-2021 10:00 AM,NA ,90.0,No ,No,Online,11-May-2021 11:00 AM,"CE-BM,RVN Basin,Berhampur||S.E. Southern Irr. Circle I Berhampur||EE Bhanjanagar Irrigation Divn Bhanjanagar",Bhanjanagar,761126.0,1.0,"6,88,000",Pratima Manjari Gouda,"687,196",Accepted-AOC,01-Feb-2023,"CE-BM,RVN Basin,Berhampur||S.E. Southern Irr. Circle I Berhampur||EE Bhanjanagar Irrigation Divn Bhanjanagar",C2_Irrigation|C4_FloodCyclone,embankment|irrigation,DamageResponse,False,False
2021_CEBMB_68091_16,e-BNID-01/ 2021-22,Restoration to RFB of Bantanalla near village Manapur from RD 3000 M to 3300 M.,Restoration of Embankment,Works,Open Tender,Percentage,Civil Works - Others,No,No,NA ,30-Apr-2021 10:00 AM,NA ,90.0,No ,No,Online,11-May-2021 11:00 AM,"CE-BM,RVN Basin,Berhampur||S.E. Southern Irr. Circle I Berhampur||EE Bhanjanagar Irrigation Divn Bhanjanagar",Bhanjanagar,761126.0,1.0,"7,51,000",PRATAP CHANDRA MISHRA,"750,937",Accepted-AOC,02-Feb-2023,"CE-BM,RVN Basin,Berhampur||S.E. Southern Irr. Circle I Berhampur||EE Bhanjanagar Irrigation Divn Bhanjanagar",C2_Irrigation|C4_FloodCyclone,embankment|irrigation,DamageResponse,False,False
2021_CEBMB_68091_17,e-BNID-01/ 2021-22,Restoration to LFB of river Bodanadi from RD 6000 M to 6240 M near village Kadapada.,Restoration of Embankment,Works,Open Tender,Percentage,Civil Works - Others,No,No,NA ,30-Apr-2021 10:00 AM,NA ,90.0,No ,No,Online,11-May-2021 11:00 AM,"CE-BM,RVN Basin,Berhampur||S.E. Southern Irr. Circle I Berhampur||EE Bhanjanagar Irrigation Divn Bhanjanagar",Bhanjanagar,761126.0,1.0,"5,68,000",M/S DILLIP KUMAR PANIGRAHI,"567,731",Accepted-AOC,02-Feb-2023,"CE-BM,RVN Basin,Berhampur||S.E. Southern Irr. Circle I Berhampur||EE Bhanjanagar Irrigation Divn Bhanjanagar",C2_Irrigation|C4_FloodCyclone,embankment|irrigation,DamageResponse,False,False
2021_CEBMB_68091_18,e-BNID-01/ 2021-22,Restoration to RFB of Bantanalla from RD 3700 M to 4000 M.,Restoration of Embankment,Works,Open Tender,Percentage,Civil Works - Others,No,No,NA ,30-Apr-2021 10:00 AM,NA ,90.0,No ,No,Online,11-May-2021 11:00 AM,"CE-BM,RVN Basin,Berhampur||S.E. Southern Irr. Circle I Berhampur||EE Bhanjanagar Irrigation Divn Bhanjanagar",Bhanjanagar,761126.0,1.0,"7,56,000",KASTURI SAHOO,"729,231",Accepted-AOC,02-Feb-2023,"CE-BM,RVN Basin,Berhampur||S.E. Southern Irr. Circle I Berhampur||EE Bhanjanagar Irrigation Divn Bhanjanagar",C2_Irrigation|C4_FloodCyclone,embankment|irrigation,DamageResponse,False,False
2021_CEBMB_68091_19,e-BNID-01/ 2021-22,Restoration to LFB of river Bodanadi from RD 8010 M to 8190 M near village Pandripada.,Restoration of Embankment,Works,Open Tender,Percentage,Civil Works - Others,No,No,NA ,30-Apr-2021 10:00 AM,NA ,90.0,No ,No,Online,11-May-2021 11:00 AM,"CE-BM,RVN Basin,Berhampur||S.E. Southern Irr. Circle I Berhampur||EE Bhanjanagar Irrigation Divn Bhanjanagar",Bhanjanagar,761126.0,1.0,"5,45,000",Balakrushna Sahu,"544,396",Accepted-AOC,02-Feb-2023,"CE-BM,RVN Basin,Berhampur||S.E. Southern Irr. Circle I Berhampur||EE Bhanjanagar Irrigation Divn Bhanjanagar",C2_Irrigation|C4_FloodCyclone,embankment|irrigation,DamageResponse,False,False
2021_CEBMB_68091_20,e-BNID-01/ 2021-22,Improvement to RFB of Badanadi near village Mandar from RD 1100 M to 1292.60 M.,Restoration of Embankment,Works,Open Tender,Percentage,Civil Works - Others,No,No,NA ,30-Apr-2021 10:00 AM,NA ,90.0,No ,No,Online,11-May-2021 11:00 AM,"CE-BM,RVN Basin,Berhampur||S.E. Southern Irr. Circle I Berhampur||EE Bhanjanagar Irrigation Divn Bhanjanagar",Bhanjanagar,761126.0,1.0,"6,67,000",Dillip Kumar Behera,"666,224",Accepted-AOC,02-Feb-2023,"CE-BM,RVN Basin,Berhampur||S.E. Southern Irr. Circle I Berhampur||EE Bhanjanagar Irrigation Divn Bhanjanagar",C2_Irrigation|C4_FloodCyclone,embankment|irrigation,DamageResponse,False,False
2021_CEBMB_68091_22,e-BNID-01/ 2021-22,Improvement to both banks of Budulinalla near village Buduli from RD 600 M to 863.50 M.,Restoration of Embankment,Works,Open Tender,Percentage,Civil Works - Others,No,No,NA ,30-Apr-2021 10:00 AM,NA ,90.0,No ,No,Online,11-May-2021 11:00 AM,"CE-BM,RVN Basin,Berhampur||S.E. Southern Irr. Circle I Berhampur||EE Bhanjanagar Irrigation Divn Bhanjanagar",Bhanjanagar,761126.0,1.0,"5,72,000",Lingaraj Behera,"571,140",Accepted-AOC,02-Feb-2023,"CE-BM,RVN Basin,Berhampur||S.E. Southern Irr. Circle I Berhampur||EE Bhanjanagar Irrigation Divn Bhanjanagar",C2_Irrigation|C4_FloodCyclone,embankment|irrigation,DamageResponse,False,False
2021_CEBMB_68091_24,e-BNID-01/ 2021-22,Improvement to both banks of Budulinalla near village Buduli D/S from RD 900 M to 1163.40 M.,Restoration of Embankment,Works,Open Tender,Percentage,Civil Works - Others,No,No,NA ,30-Apr-2021 10:00 AM,NA ,90.0,No ,No,Online,11-May-2024 03:09 PM,"CE-BM,RVN Basin,Berhampur||S.E. Southern Irr. Circle I Berhampur||EE Bhanjanagar Irrigation Divn Bhanjanagar",Bhanjanagar,761126.0,1.0,"5,71,000",Hadubandhu Pradhan,"570,903",Accepted-AOC,05-Feb-2023,"CE-BM,RVN Basin,Berhampur||S.E. Southern Irr. Circle I Berhampur||EE Bhanjanagar Irrigation Divn Bhanjanagar",C2_Irrigation|C4_FloodCyclone,embankment|irrigation,DamageResponse,False,False
2021_CEBMB_68091_27,e-BNID-01/ 2021-22,Improvement to both banks of Durgaprasadnalla near old Durgaprasad from RD 300 M to 563.50 M.,Restoration of Embankment,Works,Open Tender,Percentage,Civil Works - Others,No,No,NA ,30-Apr-2021 10:00 AM,NA ,90.0,No ,No,Online,11-May-2021 11:00 AM,"CE-BM,RVN Basin,Berhampur||S.E. Southern Irr. Circle I Berhampur||EE Bhanjanagar Irrigation Divn Bhanjanagar",Bhanjanagar,761126.0,1.0,"5,72,000",MD Gulam Ahamed,"571,140",Accepted-AOC,05-Feb-2023,"CE-BM,RVN Basin,Berhampur||S.E. Southern Irr. Circle I Berhampur||EE Bhanjanagar Irrigation Divn Bhanjanagar",C2_Irrigation|C4_FloodCyclone,embankment|irrigation,DamageResponse,False,False
2021_CEBMB_68091_35,e-BNID-01/ 2021-22,Improvement to RFB of Loharakhandi near village Kaithpalli from RD 00 to 135 M.,Restoration of Embankment,Works,Open Tender,Percentage,Civil Works - Others,No,No,NA ,30-Apr-2021 10:00 AM,NA ,90.0,No ,No,Online,11-May-2021 11:00 AM,"CE-BM,RVN Basin,Berhampur||S.E. Southern Irr. Circle I Berhampur||EE Bhanjanagar Irrigation Divn Bhanjanagar",Bhanjanagar,761126.0,1.0,"5,71,000",Laxmi Behera,"570,651",Accepted-AOC,05-Feb-2023,"CE-BM,RVN Basin,Berhampur||S.E. Southern Irr. Circle I Berhampur||EE Bhanjanagar Irrigation Divn Bhanjanagar",C2_Irrigation|C4_FloodCyclone,embankment|irrigation,DamageResponse,False,False
2021_CEBMB_68091_36,e-BNID-01/ 2021-22,Improvement to LFB of Giringianalla near village Toladi from RD 520 M to 800 M.,Restoration of Embankment,Works,Open Tender,Percentage,Civil Works - Others,No,No,NA ,30-Apr-2021 10:00 AM,NA ,90.0,No ,No,Online,11-May-2021 11:00 AM,"CE-BM,RVN Basin,Berhampur||S.E. Southern Irr. Circle I Berhampur||EE Bhanjanagar Irrigation Divn Bhanjanagar",Bhanjanagar,761126.0,1.0,"8,12,000",Pratima Manjari Gouda,"811,886",Accepted-AOC,05-Feb-2023,"CE-BM,RVN Basin,Berhampur||S.E. Southern Irr. Circle I Berhampur||EE Bhanjanagar Irrigation Divn Bhanjanagar",C2_Irrigation|C4_FloodCyclone,embankment|irrigation,DamageResponse,False,False
2021_CEBMB_68091_41,e-BNID-01/ 2021-22,Improvement to LFB of Baghuanalla near village Kalingapadar from RD 2900 M to 3150 M.,Restoration of Embankment,Works,Open Tender,Percentage,Civil Works - Others,No,No,NA ,30-Apr-2021 10:00 AM,NA ,90.0,No ,No,Online,11-May-2021 11:00 AM,"CE-BM,RVN Basin,Berhampur||S.E. Southern Irr. Circle I Berhampur||EE Bhanjanagar Irrigation Divn Bhanjanagar",Bhanjanagar,761126.0,1.0,"8,22,000",Laxmi Behera,"821,683",Accepted-AOC,26-Feb-2023,"CE-BM,RVN Basin,Berhampur||S.E. Southern Irr. Circle I Berhampur||EE Bhanjanagar Irrigation Divn Bhanjanagar",C2_Irrigation|C4_FloodCyclone,embankment|irrigation,DamageResponse,False,False
2021_CEBMB_68091_42,e-BNID-01/ 2021-22,Improvement to LFB of Hatimundanalla near village Jilundi from RD 1200 M to 1463.60 M.,Restoration of Embankment,Works,Open Tender,Percentage,Civil Works - Others,No,No,NA ,30-Apr-2021 10:00 AM,NA ,90.0,No ,No,Online,11-May-2021 11:00 AM,"CE-BM,RVN Basin,Berhampur||S.E. Southern Irr. Circle I Berhampur||EE Bhanjanagar Irrigation Divn Bhanjanagar",Bhanjanagar,761126.0,1.0,"5,72,000",Hadubandhu Pradhan,"571,377",Accepted-AOC,26-Feb-2023,"CE-BM,RVN Basin,Berhampur||S.E. Southern Irr. Circle I Berhampur||EE Bhanjanagar Irrigation Divn Bhanjanagar",C2_Irrigation|C4_FloodCyclone,embankment|irrigation,DamageResponse,False,False
2021_CEBMB_68091_43,e-BNID-01/ 2021-22,Improvement to LFB of Baghuanalla near village Baghua from RD 2260 M to 2550 M.,Restoration of Embankment,Works,Open Tender,Percentage,Civil Works - Others,No,No,NA ,30-Apr-2021 10:00 AM,NA ,90.0,No ,No,Online,11-May-2021 11:00 AM,"CE-BM,RVN Basin,Berhampur||S.E. Southern Irr. Circle I Berhampur||EE Bhanjanagar Irrigation Divn Bhanjanagar",Bhanjanagar,761126.0,1.0,"7,72,000",JAYARAM PRADHAN,"771,654",Accepted-AOC,26-Feb-2023,"CE-BM,RVN Basin,Berhampur||S.E. Southern Irr. Circle I Berhampur||EE Bhanjanagar Irrigation Divn Bhanjanagar",C2_Irrigation|C4_FloodCyclone,embankment|irrigation,DamageResponse,False,False
2021_CEBMB_68091_45,e-BNID-01/ 2021-22,Improvement to RFB of Baghuanalla near Jadadhar from RD 2550 M to 2800 M.,Restoration of Embankment,Works,Open Tender,Percentage,Civil Works - Others,No,No,NA ,30-Apr-2021 10:00 AM,NA ,90.0,No ,No,Online,11-May-2021 11:00 AM,"CE-BM,RVN Basin,Berhampur||S.E. Southern Irr. Circle I Berhampur||EE Bhanjanagar Irrigation Divn Bhanjanagar",Bhanjanagar,761126.0,1.0,"7,34,000",PRATAP CHANDRA MISHRA,"733,524",Accepted-AOC,26-Feb-2023,"CE-BM,RVN Basin,Berhampur||S.E. Southern Irr. Circle I Berhampur||EE Bhanjanagar Irrigation Divn Bhanjanagar",C2_Irrigation|C4_FloodCyclone,embankment|irrigation,DamageResponse,False,False
2021_CEBMB_68091_47,e-BNID-01/ 2021-22,Improvement to RFB of Baghuanalla near Jadadhar from RD 1700 M to 2000 M.,Restoration of Embankment,Works,Open Tender,Percentage,Civil Works - Others,No,No,NA ,30-Apr-2021 10:00 AM,NA ,90.0,No ,No,Online,11-May-2021 11:00 AM,"CE-BM,RVN Basin,Berhampur||S.E. Southern Irr. Circle I Berhampur||EE Bhanjanagar Irrigation Divn Bhanjanagar",Bhanjanagar,761126.0,1.0,"7,50,000",KASTURI SAHOO,"720,219",Accepted-AOC,26-Feb-2023,"CE-BM,RVN Basin,Berhampur||S.E. Southern Irr. Circle I Berhampur||EE Bhanjanagar Irrigation Divn Bhanjanagar",C2_Irrigation|C4_FloodCyclone,embankment|irrigation,DamageResponse,False,False
2021_CEBMB_68091_51,e-BNID-01/ 2021-22,Improvement to LFB of Baghuanalla near Maa Petapatra Takurani from RD 3700 M to 3900 M.,Restoration of Embankment,Works,Open Tender,Percentage,Civil Works - Others,No,No,NA ,30-Apr-2021 10:00 AM,NA ,90.0,No ,No,Online,11-May-2021 11:00 AM,"CE-BM,RVN Basin,Berhampur||S.E. Southern Irr. Circle I Berhampur||EE Bhanjanagar Irrigation Divn Bhanjanagar",Bhanjanagar,761126.0,1.0,"7,43,000",JAYARAM PRADHAN,"742,700",Accepted-AOC,26-Feb-2023,"CE-BM,RVN Basin,Berhampur||S.E. Southern Irr. Circle I Berhampur||EE Bhanjanagar Irrigation Divn Bhanjanagar",C2_Irrigation|C4_FloodCyclone,embankment|irrigation,DamageResponse,False,False
2021_CEBMB_68091_52,e-BNID-01/ 2021-22,Improvement to RFB of river Loharakhandi near village Gamundi from RD 2000 M to 2165.20 M.,Restoration of Embankment,Works,Open Tender,Percentage,Civil Works - Others,No,No,NA ,30-Apr-2021 10:00 AM,NA ,90.0,No ,No,Online,11-May-2021 11:00 AM,"CE-BM,RVN Basin,Berhampur||S.E. Southern Irr. Circle I Berhampur||EE Bhanjanagar Irrigation Divn Bhanjanagar",Bhanjanagar,761126.0,1.0,"5,72,000",Laxmi Behera,"571,343",Accepted-AOC,27-Feb-2023,"CE-BM,RVN Basin,Berhampur||S.E. Southern Irr. Circle I Berhampur||EE Bhanjanagar Irrigation Divn Bhanjanagar",C2_Irrigation|C4_FloodCyclone,embankment|irrigation,DamageResponse,False,False
2021_CEBMB_68091_54,e-BNID-01/ 2021-22,Improvement to LFB of Baghuanalla near Maa Petapatra Takurani from RD 3950 M to 4150 M.,Restoration of Embankment,Works,Open Tender,Percentage,Civil Works - Others,No,No,NA ,30-Apr-2021 10:00 AM,NA ,90.0,No ,No,Online,11-May-2021 11:00 AM,"CE-BM,RVN Basin,Berhampur||S.E. Southern Irr. Circle I Berhampur||EE Bhanjanagar Irrigation Divn Bhanjanagar",Bhanjanagar,761126.0,1.0,"7,35,000",Nalinikanta Routaray,"734,386",Accepted-AOC,28-Feb-2023,"CE-BM,RVN Basin,Berhampur||S.E. Southern Irr. Circle I Berhampur||EE Bhanjanagar Irrigation Divn Bhanjanagar",C2_Irrigation|C4_FloodCyclone,embankment|irrigation,DamageResponse,False,False
2021_CEBMB_68091_59,e-BNID-01/ 2021-22,Improvement to LFB of Baghuanalla near village Kalingapadar from RD 3200 M to 3370 M.,Restoration of Embankment,Works,Open Tender,Percentage,Civil Works - Others,No,No,NA ,30-Apr-2021 10:00 AM,NA ,90.0,No ,No,Online,11-May-2021 11:00 AM,"CE-BM,RVN Basin,Berhampur||S.E. Southern Irr. Circle I Berhampur||EE Bhanjanagar Irrigation Divn Bhanjanagar",Bhanjanagar,761126.0,1.0,"6,53,000",Laxmi Behera,"652,076",Accepted-AOC,28-Feb-2023,"CE-BM,RVN Basin,Berhampur||S.E. Southern Irr. Circle I Berhampur||EE Bhanjanagar Irrigation Divn Bhanjanagar",C2_Irrigation|C4_FloodCyclone,embankment|irrigation,DamageResponse,False,False
2021_CEBMB_68091_60,e-BNID-01/ 2021-22,Improvement to Sanakodanda S/M II from RD 100 M to 600 M and from RD 1560 M to 2150 M of Chadhiapalli minor of Daha Irrigation Project (Sanakodanda Sub-minor II).,Restoration of Embankment,Works,Open Tender,Percentage,Civil Works - Others,No,No,NA ,30-Apr-2021 10:00 AM,NA ,90.0,No ,No,Online,11-May-2021 11:00 AM,"CE-BM,RVN Basin,Berhampur||S.E. Southern Irr. Circle I Berhampur||EE Bhanjanagar Irrigation Divn Bhanjanagar",Bhanjanagar,761126.0,1.0,"7,73,000",RINA SWAIN,"772,128",Accepted-AOC,28-Feb-2023,"CE-BM,RVN Basin,Berhampur||S.E. Southern Irr. Circle I Berhampur||EE Bhanjanagar Irrigation Divn Bhanjanagar",C2_Irrigation|C4_FloodCyclone,embankment|irrigation,DamageResponse,False,False
2021_CEBMB_68091_63,e-BNID-01/ 2021-22,Improvement to Mandar Minor near village Ratanga from RD 5400 M to 5467.20 M,Restoration of Embankment,Works,Open Tender,Percentage,Civil Works - Others,No,No,NA ,30-Apr-2021 10:00 AM,NA ,90.0,No ,No,Online,11-May-2021 11:00 AM,"CE-BM,RVN Basin,Berhampur||S.E. Southern Irr. Circle I Berhampur||EE Bhanjanagar Irrigation Divn Bhanjanagar",Bhanjanagar,761126.0,1.0,"5,17,000",BICHITRA KUMAR JENA,"516,402",Accepted-AOC,28-Feb-2023,"CE-BM,RVN Basin,Berhampur||S.E. Southern Irr. Circle I Berhampur||EE Bhanjanagar Irrigation Divn Bhanjanagar",C2_Irrigation|C4_FloodCyclone,embankment|irrigation,DamageResponse,False,False
2021_CEBMB_68091_9,e-BNID-01/ 2021-22,Restoration to RFB of Paikianalla near village Kokolaba from RD 2150 M to 2400 M.,Restoration of Embankment,Works,Open Tender,Percentage,Civil Works - Others,No,No,NA ,30-Apr-2021 10:00 AM,NA ,90.0,No ,No,Online,11-May-2021 11:00 AM,"CE-BM,RVN Basin,Berhampur||S.E. Southern Irr. Circle I Berhampur||EE Bhanjanagar Irrigation Divn Bhanjanagar",Bhanjanagar,761126.0,1.0,"6,96,000",Pratima Manjari Gouda,"695,815",Accepted-AOC,01-Feb-2023,"CE-BM,RVN Basin,Berhampur||S.E. Southern Irr. Circle I Berhampur||EE Bhanjanagar Irrigation Divn Bhanjanagar",C2_Irrigation|C4_FloodCyclone,embankment|irrigation,DamageResponse,False,False
2021_OLIC_74615_6,"No.05/2021-22,Dt.18.12.2021",SHYAMRAIPUR-IV-TW,SHYAMRAIPUR-IV-TW,Works,Open Tender,Percentage,Civil Works - Lift Irrigation Schemes,No,No,NA ,23-Dec-2021 05:00 PM,NA ,365.0,No ,No,Online,07-Jan-2022 11:00 AM,Orissa Lift Irrigation Corporation||LI BALASORE||LI Division Jaleswar,JALESWAR BALASORE ODISHA,756032.0,1.0,"12,48,769",BHAJAHARI PARIDA,"1,248,769",Accepted-AOC,18-Feb-2023,Orissa Lift Irrigation Corporation||LI BALASORE||LI Division Jaleswar,C2_Irrigation,irrigation|lift irrigation|tw ,Unknown,False,False
2022_CEBMB_83464_3,BNID-09/2022-23,Protection to left side of river Badanadi of village Domuhani near Masanisahi,Protection to left side of river Badanadi of village Domuhani near Masanisahi,Works,Open Tender,Percentage,Civil Works - Others,No,No,NA ,23-Nov-2022 10:00 AM,NA ,90.0,No ,No,Online,03-Dec-2022 11:00 AM,"CE-BM,RVN Basin,Berhampur||S.E. Southern Irr. Circle I Berhampur||EE Bhanjanagar Irrigation Divn Bhanjanagar",Bhanjanagar,761126.0,1.0,"26,26,014",ASHIT KUMAR,"2,447,230",Accepted-AOC,01-Feb-2023,"CE-BM,RVN Basin,Berhampur||S.E. Southern Irr. Circle I Berhampur||EE Bhanjanagar Irrigation Divn Bhanjanagar",C2_Irrigation,irrigation,Unknown,False,False
2022_CEMIB_84019_7,08/BMID/2022-2023,Construction of Tutumsingh-I Check Dam near village Tutumsingh of Tikarpada GP in Boudh Block of Boudh District for 2022-23,Construction of Tutumsingh-I Check Dam near village Tutumsingh of Tikarpada GP in Boudh Block of Boudh District for 2022-23,Works,Open Tender,Percentage,Civil Works - Others,No,No,NA ,14-Dec-2022 10:00 AM,NA ,90.0,No ,No,Online,27-Dec-2022 11:00 AM,"CE,Minor Irrigation,BBSR||SESMIC-BERHAMPUR||EE,MI Divn, Boudh",Boudh,762014.0,2.0,"88,24,442",ASHOK KUMAR SINGH,"8,851,956",Accepted-AOC,03-Feb-2023,"CE,Minor Irrigation,BBSR||SESMIC-BERHAMPUR||EE,MI Divn, Boudh",C1_WaterConservation|C2_Irrigation,check dam|irrigation|minor irrigation,Mitigation,False,False
2022_OLIC_82821_11,1_2022_23_19_10_2022,Pkg11,Installation and Energisation of Kundala III TW and Kudala II TW under Badachana Block,Works,Open Tender,Percentage,Civil Works - Lift Irrigation Schemes,No,No,NA ,09-Nov-2022 10:00 AM,NA ,180.0,No ,No,Online,21-Nov-2022 11:00 AM,"Orissa Lift Irrigation Corporation||LI,Central Circle, Cuttack||LI Division Jajpur Road",Jajpur Road,755019.0,2.0,"34,54,244",CHITRASEN DAS,"3,872,616",Accepted-AOC,22-Feb-2023,"Orissa Lift Irrigation Corporation||LI,Central Circle, Cuttack||LI Division Jajpur Road",C2_Irrigation,irrigation|lift irrigation|tw ,Mitigation,False,False
2022_OLIC_82821_13,1_2022_23_19_10_2022,Pkg13,Installation and Energisation of Matkatpur I TW and Gobandia I TW under Badachana Block,Works,Open Tender,Percentage,Civil Works - Lift Irrigation Schemes,No,No,NA ,09-Nov-2022 10:00 AM,NA ,180.0,No ,No,Online,21-Nov-2022 11:00 AM,"Orissa Lift Irrigation Corporation||LI,Central Circle, Cuttack||LI Division Jajpur Road",Jajpur Road,755019.0,2.0,"32,89,174",CHITTARANJAN SAMAL,"3,687,165",Accepted-AOC,23-Feb-2023,"Orissa Lift Irrigation Corporation||LI,Central Circle, Cuttack||LI Division Jajpur Road",C2_Irrigation,irrigation|lift irrigation|tw ,Mitigation,False,False
2022_OLIC_82821_15,1_2022_23_19_10_2022,Pkg15,Installation and Energisation of Meduakula II TW and Meduakul TW under Bari Block,Works,Open Tender,Percentage,Civil Works - Lift Irrigation Schemes,No,No,NA ,09-Nov-2022 10:00 AM,NA ,180.0,No ,No,Online,21-Nov-2022 11:00 AM,"Orissa Lift Irrigation Corporation||LI,Central Circle, Cuttack||LI Division Jajpur Road",Jajpur Road,755019.0,2.0,"37,92,314",ARABINDA MOHANTY,"4,251,631",Accepted-AOC,23-Feb-2023,"Orissa Lift Irrigation Corporation||LI,Central Circle, Cuttack||LI Division Jajpur Road",C2_Irrigation,irrigation|lift irrigation|tw ,Mitigation,False,False
2022_OLIC_82821_17,1_2022_23_19_10_2022,Pkg17,Installation and Energisation of Swainkhanda V and Kalakhanda III TW under Bari Block,Works,Open Tender,Percentage,Civil Works - Lift Irrigation Schemes,No,No,NA ,09-Nov-2022 10:00 AM,NA ,180.0,No ,No,Online,21-Nov-2022 11:00 AM,"Orissa Lift Irrigation Corporation||LI,Central Circle, Cuttack||LI Division Jajpur Road",Jajpur Road,755019.0,2.0,"34,23,106",ARABINDA MOHANTY,"3,737,706",Accepted-AOC,23-Feb-2023,"Orissa Lift Irrigation Corporation||LI,Central Circle, Cuttack||LI Division Jajpur Road",C2_Irrigation,irrigation|lift irrigation|tw ,Mitigation,False,False
2022_OLIC_82821_18,1_2022_23_19_10_2022,Pkg18,Installation and Energisation of Jampada VI TW and Jampada V TW under Bari Block,Works,Open Tender,Percentage,Civil Works - Lift Irrigation Schemes,No,No,NA ,09-Nov-2022 10:00 AM,NA ,180.0,No ,No,Online,21-Nov-2022 11:00 AM,"Orissa Lift Irrigation Corporation||LI,Central Circle, Cuttack||LI Division Jajpur Road",Jajpur Road,755019.0,2.0,"34,42,012",ARABINDA MOHANTY,"3,858,902",Accepted-AOC,23-Feb-2023,"Orissa Lift Irrigation Corporation||LI,Central Circle, Cuttack||LI Division Jajpur Road",C2_Irrigation,irrigation|lift irrigation|tw ,Mitigation,False,False
2022_OLIC_82821_33,1_2022_23_19_10_2022,Pkg33,Installation and Energisation of Tountara IV TW and Tauntara I KFW on Turnkey basis under Binjharpur Block,Works,Open Tender,Percentage,Civil Works - Lift Irrigation Schemes,No,No,NA ,09-Nov-2022 10:00 AM,NA ,180.0,No ,No,Online,21-Nov-2022 11:00 AM,"Orissa Lift Irrigation Corporation||LI,Central Circle, Cuttack||LI Division Jajpur Road",Jajpur Road,755019.0,2.0,"25,93,313",BHARAT KUMAR SAHOO,"3,060,109",Accepted-AOC,24-Feb-2023,"Orissa Lift Irrigation Corporation||LI,Central Circle, Cuttack||LI Division Jajpur Road",C2_Irrigation,irrigation|lift irrigation|tw ,Mitigation,False,False
2022_OLIC_82821_34,1_2022_23_19_10_2022,Pkg34,Installation and Energisation of Gobindapur VI TW and Tihardevil Uasahi TW on Turnkey basis under Jajpur Block,Works,Open Tender,Percentage,Civil Works - Lift Irrigation Schemes,No,No,NA ,09-Nov-2022 10:00 AM,NA ,180.0,No ,No,Online,21-Nov-2022 11:00 AM,"Orissa Lift Irrigation Corporation||LI,Central Circle, Cuttack||LI Division Jajpur Road",Jajpur Road,755019.0,2.0,"31,88,763",Anushka Infrastructure Prop -Hrushi Kesha Pati,"3,762,761",Accepted-AOC,24-Feb-2023,"Orissa Lift Irrigation Corporation||LI,Central Circle, Cuttack||LI Division Jajpur Road",C2_Irrigation,irrigation|lift irrigation|tw ,Mitigation,False,False
2022_OLIC_82821_35,1_2022_23_19_10_2022,Pkg35,Installation and Energisation of Sahaspur VII TW Badakujhala II TW with revival and restoration of Samdaspur TW and Badakujala TW on Turnkey basis under Jajpur Block,Works,Open Tender,Percentage,Civil Works - Lift Irrigation Schemes,No,No,NA ,09-Nov-2022 10:00 AM,NA ,180.0,No ,No,Online,21-Nov-2022 11:00 AM,"Orissa Lift Irrigation Corporation||LI,Central Circle, Cuttack||LI Division Jajpur Road",Jajpur Road,755019.0,2.0,"48,58,142",ICON BUILDERS,"5,732,607",Accepted-AOC,24-Feb-2023,"Orissa Lift Irrigation Corporation||LI,Central Circle, Cuttack||LI Division Jajpur Road",C2_Irrigation|C3_Drought,irrigation|lift irrigation|revival|tw ,DamageResponse,False,False
2022_OLIC_82821_38,1_2022_23_19_10_2022,Pkg38,Installation and Energisation of Mhapur X TW and revival restoration of Mahapur I TW on Turnkey basis under Jajpur Block,Works,Open Tender,Percentage,Civil Works - Lift Irrigation Schemes,No,No,NA ,09-Nov-2022 10:00 AM,NA ,180.0,No ,No,Online,21-Nov-2022 11:00 AM,"Orissa Lift Irrigation Corporation||LI,Central Circle, Cuttack||LI Division Jajpur Road",Jajpur Road,755019.0,2.0,"25,30,527",DILLIP KUMAR SETHY,"2,986,022",Accepted-AOC,24-Feb-2023,"Orissa Lift Irrigation Corporation||LI,Central Circle, Cuttack||LI Division Jajpur Road",C2_Irrigation|C3_Drought,irrigation|lift irrigation|revival|tw ,DamageResponse,False,False
2022_OLIC_82821_40,1_2022_23_19_10_2022,Pkg40,Installation and Energisation of Olipur TW and Nunpur VIII TW on Turnkey basis under Jajpur Block,Works,Open Tender,Percentage,Civil Works - Lift Irrigation Schemes,No,No,NA ,09-Nov-2022 10:00 AM,NA ,180.0,No ,No,Online,21-Nov-2022 11:00 AM,"Orissa Lift Irrigation Corporation||LI,Central Circle, Cuttack||LI Division Jajpur Road",Jajpur Road,755019.0,2.0,"33,11,599",BALARAM SENAPATI,"3,517,309",Accepted-AOC,24-Feb-2023,"Orissa Lift Irrigation Corporation||LI,Central Circle, Cuttack||LI Division Jajpur Road",C2_Irrigation,irrigation|lift irrigation|lip|tw ,Mitigation,False,False
2022_OLIC_82821_45,1_2022_23_19_10_2022,Pkg45,Installation and Energisation of Jamdhar VI TW and Jamdhar VIII TW on Turnkey basis under Jajpur Block,Works,Open Tender,Percentage,Civil Works - Lift Irrigation Schemes,No,No,NA ,09-Nov-2022 10:00 AM,NA ,180.0,No ,No,Online,21-Nov-2022 11:00 AM,"Orissa Lift Irrigation Corporation||LI,Central Circle, Cuttack||LI Division Jajpur Road",Jajpur Road,755019.0,2.0,"31,32,467",ARABINDA MOHANTY,"3,511,866",Accepted-AOC,24-Feb-2023,"Orissa Lift Irrigation Corporation||LI,Central Circle, Cuttack||LI Division Jajpur Road",C2_Irrigation,irrigation|lift irrigation|tw ,Mitigation,False,False
2022_OLIC_82821_48,1_2022_23_19_10_2022,Pkg48,Installation and Energisation of Berampur III TW hemantsinghpur III TW and Merakpur III TW on Turnkey basis under Jajpur Block,Works,Open Tender,Percentage,Civil Works - Lift Irrigation Schemes,No,No,NA ,09-Nov-2022 10:00 AM,NA ,180.0,No ,No,Online,21-Nov-2022 11:00 AM,"Orissa Lift Irrigation Corporation||LI,Central Circle, Cuttack||LI Division Jajpur Road",Jajpur Road,755019.0,2.0,"48,65,107",BIREN MOHANTY,"5,740,827",Accepted-AOC,24-Feb-2023,"Orissa Lift Irrigation Corporation||LI,Central Circle, Cuttack||LI Division Jajpur Road",C2_Irrigation,irrigation|lift irrigation|tw ,Mitigation,False,False
2022_OLIC_82821_8,1_2022_23_19_10_2022,Pkg8,Revival and Restoration of Khantaposi II TW Bandha I TW Bidyadharpur III and Mahdeipur II under Dharmasala Block,Works,Open Tender,Percentage,Civil Works - Lift Irrigation Schemes,No,No,NA ,09-Nov-2022 01:28 PM,NA ,180.0,No ,No,Online,21-Nov-2022 11:00 AM,"Orissa Lift Irrigation Corporation||LI,Central Circle, Cuttack||LI Division Jajpur Road",Jajpur Road,755019.0,2.0,"60,35,610",HEMANTA KUMAR BEHERA,"6,466,632",Accepted-AOC,22-Feb-2023,"Orissa Lift Irrigation Corporation||LI,Central Circle, Cuttack||LI Division Jajpur Road",C2_Irrigation|C3_Drought,irrigation|lift irrigation|revival|tw ,DamageResponse,False,False
2022_OLIC_83407_1,e-Procurement BID ID No. 05EELID (KJR/2022-23),"Drilling, Installation, Electrification and Energisation of Belda-I, Salabani-V, Hatibandha-III, Fakirpur-VII and Kaithagadia-I Tubewell L.I. Project under Anandapur block in Keonjhar district","Drilling, Installation, Electrification and Energisation of Belda-I, Salabani-V, Hatibandha-III, Fakirpur-VII and Kaithagadia-I Tubewell L.I. Project under Anandapur block in Keonjhar district",Works,National Competitive Bid,Percentage,Civil Works - Lift Irrigation Schemes,No,No,NA ,21-Nov-2022 10:00 AM,NA ,180.0,No ,No,Online,01-Dec-2022 11:00 AM,Orissa Lift Irrigation Corporation||LI ANGUL||LI Division Keonjhar,Keonjhar,758001.0,2.0,,Ambika Prasad Samal,"6,217,841",Accepted-AOC,11-Feb-2023,Orissa Lift Irrigation Corporation||LI ANGUL||LI Division Keonjhar,C2_Irrigation,irrigation|l.i.|l.i. project|lift irrigation,Mitigation,False,False
2022_OLIC_83407_2,e-Procurement BID ID No. 05EELID (KJR/2022-23),"Drilling, Installation, Electrification and Energisation of Barigaon, Guhalia-III, Belabahali-II, Baruan-II and Dudugaon Tubewell L.I. Project under Anandapur block in Keonjhar district","Drilling, Installation, Electrification and Energisation of Barigaon, Guhalia-III, Belabahali-II, Baruan-II and Dudugaon Tubewell L.I. Project under Anandapur block in Keonjhar district",Works,National Competitive Bid,Percentage,Civil Works - Lift Irrigation Schemes,No,No,NA ,21-Nov-2022 10:00 AM,NA ,180.0,No ,No,Online,01-Dec-2022 11:00 AM,Orissa Lift Irrigation Corporation||LI ANGUL||LI Division Keonjhar,Keonjhar,758001.0,2.0,,Ambika Prasad Samal,"6,463,965",Accepted-AOC,11-Feb-2023,Orissa Lift Irrigation Corporation||LI ANGUL||LI Division Keonjhar,C2_Irrigation,irrigation|l.i.|l.i. project|lift irrigation,Mitigation,False,False
2022_OMC_82501_1,OMC/e-PROC/CMC/87/2022 dated 20.10.2022,Diamond Core Drilling work at Chromite Ore Leases in J.K. Road and Bangur Region of OMC Limited,Diamond Core Drilling work at Chromite Ore Leases in J.K. Road and Bangur Region of OMC Limited,Services,Open Tender,Item Rate,Miscellaneous Services,No,No,NA ,21-Oct-2022 06:55 PM,03-Nov-2022 03:30 PM ,180.0,No ,No,Online,22-Nov-2022 11:00 AM,Orissa Mining Corporation,J.K. Road and Bangur Region of OMC Limited,751001.0,2.0,,Gemco Kati Exploration P Ltd,"216,231,394",Accepted-AOC,27-Feb-2023,Orissa Mining Corporation,C1_WaterConservation,mit,Unknown,False,False
2023_DFOD_85061_1,DFO-DKL-14/2022-23,"Construction of Watch Tower, Earthen Check Dam and Concrete Check Dam (SMC Structure) near Purunapani Bandha in Koi under Hindol Range of Dhenkanal Forest Division","Construction of Watch Tower, Earthen Check Dam and Concrete Check Dam (SMC Structure) near Purunapani Bandha in Koi under Hindol Range of Dhenkanal Forest Division",Works,Open Tender,Percentage,Civil Works - Others,No,No,NA ,09-Jan-2023 09:00 AM,NA ,90.0,No ,No,Online,19-Jan-2023 11:00 AM,Forest Environment and Climate Change Department||RCCF Angul||DFO Dhenkanal,Dhenkanal,759001.0,1.0,"26,18,130",JOGESH KUMAR DEHURY,"2,225,672",Accepted-AOC,21-Feb-2023,Forest Environment and Climate Change Department||RCCF Angul||DFO Dhenkanal,C1_WaterConservation,check dam,Mitigation,False,False
2023_DFOD_85183_1,DFO-DKL-16/2022-23,Construction of Concrete Check Dam (Big Size 06 Nos and Small Size 12 No. Length 120 ft ) (SMC Structure) in Koi RF under Hindol Range (PART- I) of Dhenkanal Forest Division,Construction of Concrete Check Dam (Big Size 06 Nos and Small Size 12 No. Length 120 ft ) (SMC Structure) in Koi RF under Hindol Range (PART- I) of Dhenkanal Forest Division,Works,Open Tender,Percentage,Civil Works - Others,No,No,NA ,12-Jan-2023 12:00 PM,NA ,30.0,No ,No,Online,25-Jan-2023 11:00 AM,Forest Environment and Climate Change Department||RCCF Angul||DFO Dhenkanal,"Divisional Forest Officer, Dhenkanal Division",759001.0,2.0,"70,37,369",Manoranjan Mohanty,"5,982,467",Accepted-AOC,21-Feb-2023,Forest Environment and Climate Change Department||RCCF Angul||DFO Dhenkanal,C1_WaterConservation,check dam,Mitigation,False,False
2023_GWSI_84905_1,08-15/GWBPD/RRHS/2022-23,"Installation of RRHS in 10(Ten) nos. of locations at Sukruli, Badasahi and Udala Block of Mayurbhanj District","Installation of RRHS in 10(Ten) nos. of locations at Sukruli, Badasahi and Udala Block of Mayurbhanj District",Works,Open Tender,Percentage,Civil Works - Others,No,No,NA ,03-Jan-2023 11:00 AM,NA ,90.0,No ,No,Online,12-Jan-2023 03:00 PM,Ground Water Survey and Investigation,Mayurbhanj,757041.0,1.0,"47,16,281",RAJENDRA PRASAD ROUT,"4,612,050.76",Accepted-AOC,07-Feb-2023,Ground Water Survey and Investigation,C3_Drought,ground water,Mitigation,False,False
2023_GWSI_85380_1,03/GWRSD/CHHATA/2022-23,Construction Of 5 Nos RRHS in Kakatpur Block Of Puri District,Construction Of 5 Nos RRHS in Kakatpur Block Of Puri District,Works,Open Tender,Percentage,Civil Works - Others,No,No,NA ,20-Jan-2023 11:00 AM,NA ,90.0,No ,No,Online,30-Jan-2023 12:00 PM,Ground Water Survey and Investigation,"Deputy Director, geology, GWD Division-II",751001.0,1.0,"12,79,914",KESHAB CHANDRA NAYAK,"1,088,054.944",Accepted-AOC,08-Feb-2023,Ground Water Survey and Investigation,C3_Drought,ground water,Mitigation,False,False
2023_NIDN_85279_1,"SE, NID-02/2022-23(06)",Renovation of Canal Syphone at RD 953.00m of Right Distributary of Bhaskel Irrigation Project for the year 2022-23,Renovation of Canal Syphone at RD 953.00m of Right Distributary of Bhaskel Irrigation Project for the year 2022-23,Works,Open Tender,Percentage,Civil Works - Others,No,No,NA ,16-Jan-2023 10:00 AM,NA ,90.0,No ,No,Online,27-Jan-2023 11:00 AM,CE AND BM IK BASIN BARINIPUT JEYPORE||Upper Kolab Project Bariniput||Nawarangpur Irrigation Division Nawarangpur,NABARANGPUR,764059.0,1.0,"12,60,598",ANJALI BISWAS,"1,071,634.292",Accepted-AOC,13-Feb-2023,CE AND BM IK BASIN BARINIPUT JEYPORE||Upper Kolab Project Bariniput||Nawarangpur Irrigation Division Nawarangpur,C2_Irrigation,canal|distributary|irrigation,Unknown,False,False
2023_OLIC_85347_1,e-Procurement BID ID No. 07EELID (KJR/2022-23),"Revival of Hatibandha-I, Nuagaon (P.Pali), Ambagadia-I and Jaleswarpur-II Tubewell L.I. Project under Anandpur and Hatadihi block in Keonjhar district","Drilling, Installation, Electrification and Energisation of Hatibandha-I, Nuagaon (P.Pali), Ambagadia-I and Jaleswarpur-II Tubewell L.I. Project under Anandpur and Hatadihi block in Keonjhar district",Works,National Competitive Bid,Percentage,Civil Works - Lift Irrigation Schemes,No,No,NA ,18-Jan-2023 10:00 AM,NA ,120.0,No ,No,Online,27-Jan-2023 11:00 AM,Orissa Lift Irrigation Corporation||LI ANGUL||LI Division Keonjhar,Keonjhar,758001.0,2.0,,Ambika Prasad Samal,"5,215,631",Accepted-AOC,22-Feb-2023,Orissa Lift Irrigation Corporation||LI ANGUL||LI Division Keonjhar,C2_Irrigation,irrigation|l.i.|l.i. project|lift irrigation,Mitigation,False,False
2023_OLIC_85347_3,e-Procurement BID ID No. 07EELID (KJR/2022-23),Revival of Nuapada L.I. Project under Anandapur block in Keonjhar district,"Construction of head works, distribution system and power supply including energization of Nuapada L.I. Project under Anandapur Block in Keonjhar District",Works,National Competitive Bid,Percentage,Civil Works - Lift Irrigation Schemes,No,No,NA ,18-Jan-2023 10:00 AM,NA ,90.0,No ,No,Online,27-Jan-2023 11:00 AM,Orissa Lift Irrigation Corporation||LI ANGUL||LI Division Keonjhar,Keonjhar,758001.0,2.0,,ANNAPURNA ROUT,"1,180,167",Accepted-AOC,22-Feb-2023,Orissa Lift Irrigation Corporation||LI ANGUL||LI Division Keonjhar,C2_Irrigation,irrigation|l.i.|l.i. project|lift irrigation,Mitigation,False,False
2023_OLIC_85347_4,e-Procurement BID ID No. 07EELID (KJR/2022-23),Revival of Tikarpada L.I. Project under Anandapur block in Keonjhar district,"Construction of head works, distribution system and power supply including energization of Tikarpada L.I. Project under Anandapur Block in Keonjhar District",Works,National Competitive Bid,Percentage,Civil Works - Lift Irrigation Schemes,No,No,NA ,18-Jan-2023 10:00 AM,NA ,90.0,No ,No,Online,27-Jan-2023 11:00 AM,Orissa Lift Irrigation Corporation||LI ANGUL||LI Division Keonjhar,Keonjhar,758001.0,2.0,,ANNAPURNA ROUT,"1,174,042",Accepted-AOC,22-Feb-2023,Orissa Lift Irrigation Corporation||LI ANGUL||LI Division Keonjhar,C2_Irrigation,irrigation|l.i.|l.i. project|lift irrigation,Mitigation,False,False
2023_OLIC_85347_5,e-Procurement BID ID No. 07EELID (KJR/2022-23),Revival of Talagaon-I L.I. Project under Anandapur block in Keonjhar district,"Construction of head works, distribution system and power supply including energization of Talagaon-I L.I. Project under Anandapur Block in Keonjhar District",Works,National Competitive Bid,Percentage,Civil Works - Lift Irrigation Schemes,No,No,NA ,18-Jan-2023 10:00 AM,NA ,90.0,No ,No,Online,27-Jan-2023 11:00 AM,Orissa Lift Irrigation Corporation||LI ANGUL||LI Division Keonjhar,Keonjhar,758001.0,2.0,,ANNAPURNA ROUT,"1,325,099",Accepted-AOC,22-Feb-2023,Orissa Lift Irrigation Corporation||LI ANGUL||LI Division Keonjhar,C2_Irrigation,irrigation|l.i.|l.i. project|lift irrigation,Mitigation,False,False
2023_OLIC_85347_8,e-Procurement BID ID No. 07EELID (KJR/2022-23),Revival of Kailapal-III L.I. Project under Ghasipura block in Keonjhar district,"Construction of head works, distribution system and power supply including energization of Kailapal-III L.I. Project under Ghasipura Block in Keonjhar District",Works,National Competitive Bid,Percentage,Civil Works - Lift Irrigation Schemes,No,No,NA ,18-Jan-2023 10:00 AM,NA ,90.0,No ,No,Online,27-Jan-2023 11:00 AM,Orissa Lift Irrigation Corporation||LI ANGUL||LI Division Keonjhar,Keonjhar,758001.0,2.0,,ANNAPURNA ROUT,"1,317,105",Accepted-AOC,22-Feb-2023,Orissa Lift Irrigation Corporation||LI ANGUL||LI Division Keonjhar,C2_Irrigation,irrigation|l.i.|l.i. project|lift irrigation,Mitigation,False,False
2019_CCEBA_54264_1,EE CKD NCB/02/ORDRIPW-02/ 2018-19,"Procurement and Installation of 62.5 KVA KOEL GREEN (KIRLOSKAR) DG Set at A.P. Tunnel of Balimela Dam Project, Chitrakonda for the Balimela Dam Project, Chitrakonda under Rehabilitation Improvement Project (DRIP) for the year 2018-19.","Procurement and Installation of 62.5 KVA KOEL GREEN (KIRLOSKAR) DG Set at A.P. Tunnel of Balimela Dam Project, Chitrakonda for the Balimela Dam Project, Chitrakonda under Rehabilitation Improvement Project (DRIP) for the year 2018-19.",Works,Open Tender,Item Wise,Civil Works - Others,No,No,NA ,01-Mar-2019 04:00 PM,NA ,90.0,No ,No,Online,08-Mar-2019 11:30 AM,"CCE Potteru Irr.Project,Balimela||CCE Potteru Irr.Project||Potteru Canal Divn-III,MV79,Bhubanapali",CHITRAKONDA,764045.0,1.0,"8,50,000",KARTA INDUSTRIAL POWER,"849,000",Accepted-AOC,24-Aug-2021,"CCE Potteru Irr.Project,Balimela||CCE Potteru Irr.Project||Potteru Canal Divn-III,MV79,Bhubanapali",C2_Irrigation,canal,DamageResponse,False,False
2020_OCTDM_63104_21,OIIPCRA-W2-1/2020,OIIPCRA-W2-1/2020,Construction of Civil CADWM Works Package ID MBJ40 Four Minor Irrigation Projects in Mayurbhanja District,Works,National Competitive Bid,Item Rate,Civil Works - Others,No,No,NA ,16-Oct-2020 10:00 AM,22-Oct-2020 11:30 AM ,90.0,No ,No,Both(Online/Offline),17-Nov-2020 11:30 AM,Orissa Community Tank Development and Management Society,Bhubaneswar,751001.0,2.0,,M/S. KARUNAKAR ROUTRAY,"58,693,541",Accepted-AOC,27-Aug-2021,Orissa Community Tank Development and Management Society,C2_Irrigation|C8_Scheme,irrigation|minor irrigation|omm,Mitigation,False,False
2020_OCTDM_63104_7,OIIPCRA-W2-1/2020,OIIPCRAW2-1/20,Construction of Civil CADWM Works Package IDGAM-20 of Two Minor Irrigation Projects in Ganjam District,Works,National Competitive Bid,Item Rate,Civil Works - Others,No,No,NA ,16-Oct-2020 10:00 AM,22-Oct-2020 11:30 AM ,90.0,No ,No,Both(Online/Offline),17-Nov-2020 11:30 AM,Orissa Community Tank Development and Management Society,Bhubaneswar,751001.0,2.0,,G.Gopal Rao Dora,"70,991,700.72",Accepted-AOC,27-Aug-2021,Orissa Community Tank Development and Management Society,C2_Irrigation|C8_Scheme,irrigation|minor irrigation|omm,Mitigation,False,False
2020_OLIC_63605_3,14/2020-21 OLIC/ Dt 02.11.2020,INSTALATION AND ENERGISATION OF PATAPUR-V LI PROJECT,INSTALATION AND ENERGISATION OF PATAPUR-V LI PROJECT,Works,Open Tender,Percentage,Civil Works - Lift Irrigation Schemes,No,No,NA ,06-Nov-2020 11:00 AM,NA ,90.0,No ,No,Online,19-Nov-2020 11:00 AM,"Orissa Lift Irrigation Corporation||LI,Central Circle, Cuttack||LI Division Cuttack",BANKI-II BLOCK,754001.0,1.0,"23,75,000",AKSHAYA KUMAR MALLICK,20.19,Accepted-AOC,07-Aug-2021,"Orissa Lift Irrigation Corporation||LI,Central Circle, Cuttack||LI Division Cuttack",C2_Irrigation,irrigation|lift irrigation,Unknown,False,False
2020_OLIC_63770_1,8042/10.11.2020,Submersible Pump sets to deliver 1.75 LPS at 100 Mtr Head IT 05,Submersible Pump sets to deliver 1.75 LPS at 100 Mtr Head IT 05,Goods,National Competitive Bid,Item Rate,Miscellaneous Goods,No,No,NA ,17-Nov-2020 10:00 AM,NA ,730.0,No ,No,Online,15-Dec-2020 11:00 AM,Orissa Lift Irrigation Corporation,BHUBANESWAR,751012.0,2.0,,La-Gajjar Machineries Pvt. Ltd.,"38,183.04",Accepted-AOC,18-Aug-2021,Orissa Lift Irrigation Corporation,C2_Irrigation,irrigation|lift irrigation,Unknown,False,False
2020_OLIC_63777_14,"Bid Identification No.16 / 2020-21, OLIC (CTC) / D",INSTALATION AND ENERGISATION OF BARAKOLIANTA-I LI PROJECT,INSTALATION AND ENERGISATION OF PURAN BARAKOLIANTA-I LI PROJECT,Works,Open Tender,Percentage,Civil Works - Lift Irrigation Schemes,No,No,NA ,16-Nov-2020 11:00 AM,NA ,90.0,No ,No,Online,26-Nov-2020 11:00 AM,"Orissa Lift Irrigation Corporation||LI,Central Circle, Cuttack||LI Division Cuttack",ERASAMA BLOCK,754001.0,1.0,,AKSHAYA KUMAR MALLICK,18.49,Accepted-AOC,07-Aug-2021,"Orissa Lift Irrigation Corporation||LI,Central Circle, Cuttack||LI Division Cuttack",C2_Irrigation,irrigation|lift irrigation,Unknown,False,False
2020_OLIC_63777_9,"Bid Identification No.16 / 2020-21, OLIC (CTC) / D",INSTALATION AND ENERGISATION OF NUAPARI TW LI PROJECT,INSTALATION AND ENERGISATION OF NUAPARI TW LI PROJECT,Works,Open Tender,Percentage,Civil Works - Lift Irrigation Schemes,No,No,NA ,16-Nov-2020 11:00 AM,NA ,90.0,No ,No,Online,26-Nov-2020 11:00 AM,"Orissa Lift Irrigation Corporation||LI,Central Circle, Cuttack||LI Division Cuttack",BIRIDI BLOCK,754001.0,1.0,,BIPIN BIHARI RAY,16.01,Accepted-AOC,13-Aug-2021,"Orissa Lift Irrigation Corporation||LI,Central Circle, Cuttack||LI Division Cuttack",C2_Irrigation,irrigation|lift irrigation|tw ,Unknown,False,False
2020_OLIC_64307_1,8727/01.12.2020,Installation electrification energisation and commissioning of bore well NABRANGPUR PKG 02,BID ID 22,Works,Open Tender,Percentage,Civil Works - Lift Irrigation Schemes,No,No,NA ,03-Dec-2020 10:00 AM,NA ,730.0,No ,No,Online,31-Dec-2020 11:00 AM,Orissa Lift Irrigation Corporation,NABRANGPUR,751012.0,2.0,,GURUMAHARAJ ENGICON PRIVATE LIMITED,"134,489,086",Accepted-AOC,04-Aug-2021,Orissa Lift Irrigation Corporation,C2_Irrigation,irrigation|lift irrigation,Unknown,False,False
2020_OLIC_64355_21,08/2020-21 dt.03.12.220,GOBINDPUR-I,GOBINDPUR-I,Works,Open Tender,Turn-key,Civil Works - Lift Irrigation Schemes,No,No,NA ,07-Dec-2020 11:00 AM,NA ,365.0,No ,No,Online,17-Dec-2020 11:00 AM,Orissa Lift Irrigation Corporation||LI BALASORE||LI Division Balasore,BALASORE,756001.0,1.0,"14,37,988",AJAY KUMAR GIRI,"1,278,228",Accepted-AOC,21-Aug-2021,Orissa Lift Irrigation Corporation||LI BALASORE||LI Division Balasore,C2_Irrigation,irrigation|lift irrigation,Unknown,False,False
2020_OMC_64871_1,OMC/E-Proc/CMC/23/2020,"Supply, Installation, Commissioning and Maintenance of IPPBX","Supply, Installation, Commissioning and Maintenance of IPPBX",Goods,Open Tender,Item Rate,Miscellaneous Goods,No,No,NA ,22-Dec-2020 06:15 PM,NA ,180.0,No ,No,Online,13-Jan-2021 11:00 AM,Orissa Mining Corporation,OMC,751001.0,2.0,,Asttecs Communications Pvt ltd,"3,328,234",Accepted-AOC,10-Aug-2021,Orissa Mining Corporation,C8_Scheme,omm,Mitigation,False,False
2020_ORULB_59913_47,429/BM/2019-20,Renovation of drain from back side of Arun Singh house to main drain Contractor Pada in Ward No. 04 of Birmitrapur Municipality,Renovation of drain from back side of Arun Singh house to main drain Contractor Pada in Ward No. 04 of Birmitrapur Municipality,Works,Open Tender,Percentage,Civil Works - Others,No,No,NA ,25-Feb-2020 10:00 AM,NA ,90.0,No ,No,Online,13-Mar-2020 11:30 AM,Municipal Bodies||Birmitrapur Municipality,Birmitrapur,770033.0,1.0,"2,49,022",ASHOK SUNANI,"249,022",Accepted-AOC,12-Aug-2021,Municipal Bodies||Birmitrapur Municipality,C1_WaterConservation,mit,Unknown,False,False
2020_ORULB_59913_55,429/BM/2019-20,Renovation of Pendal at Lankester Daffai Ward No. 04 of Birmitrapur Municipality,Renovation of Pendal at Lankester Daffai Ward No. 04 of Birmitrapur Municipality,Works,Open Tender,Percentage,Civil Works - Others,No,No,NA ,25-Feb-2020 10:00 AM,NA ,90.0,No ,No,Online,13-Mar-2020 11:30 AM,Municipal Bodies||Birmitrapur Municipality,Birmitrapur,770033.0,1.0,"2,58,383",SANJAY JHA,"219,619",Accepted-AOC,12-Aug-2021,Municipal Bodies||Birmitrapur Municipality,C1_WaterConservation,mit,Unknown,False,False
2021_CELBB_69653_13,JKID-02 OF 2021-22,Sl.13-Improvement to Bandhapada Rajapur TRE on Dudhei left from RD.00 Km. to 1.000 Km.,Road work,Works,National Competitive Bid,Percentage,Civil Works - Others,No,No,NA ,16-Jul-2021 10:00 AM,NA ,90.0,No ,No,Online,27-Jul-2021 11:00 AM,"CE-BM,LMB Basin,BBSR||SE, Eastern Circle,Cuttack||EE,Jaraka Irr Division, Jaraka",Jaraka,755050.0,1.0,,BIBHUDATTA MOHAPATRA,"937,742",Accepted-AOC,26-Aug-2021,"CE-BM,LMB Basin,BBSR||SE, Eastern Circle,Cuttack||EE,Jaraka Irr Division, Jaraka",C2_Irrigation,irr ,Unknown,False,False
2021_CELBB_69653_8,JKID-02 OF 2021-22,Sl.8-Improvement to Alishapatna Rahapada TRE near shani Mandir,Earth work and Road Work,Works,National Competitive Bid,Percentage,Civil Works - Others,No,No,NA ,16-Jul-2021 10:00 AM,NA ,90.0,No ,No,Online,27-Jul-2021 11:00 AM,"CE-BM,LMB Basin,BBSR||SE, Eastern Circle,Cuttack||EE,Jaraka Irr Division, Jaraka",Jaraka,755050.0,1.0,,ANUJA JENA,"1,720,362",Accepted-AOC,26-Aug-2021,"CE-BM,LMB Basin,BBSR||SE, Eastern Circle,Cuttack||EE,Jaraka Irr Division, Jaraka",C2_Irrigation,irr ,Unknown,False,False
2021_CERWI_66885_2,SE-BLS-NCB-285,"Construction of MCS/MFS at Sartha gandhia High School,Jayadeb Kasaba High School,Srimaa Aurobindo Ucha Bidyapitha at Saragaon in the District of Balasore","Construction of MCS/MFS at Sartha gandhia High School,Jayadeb Kasaba High School,Srimaa Aurobindo Ucha Bidyapitha at Saragaon in the District of Balasore",Works,National Competitive Bid,Percentage,Civil Works - Buildings,No,No,NA ,04-Mar-2021 11:00 AM,NA ,90.0,No ,No,Online,24-Mar-2021 11:00 AM,CE RW I||RWCIRCLE-BALASORE,BALASORE,756001.0,2.0,"5,76,78,000",Harekrushna Panda,"54,283,807",Accepted-AOC,11-Aug-2021,CE RW I||RWCIRCLE-BALASORE,C5_ClimateSmartFarming,sri,Mitigation,False,False
2021_EICCL_65688_1,BID ID 47 of 2020-21,Widening of Rajamunda bypass Chowk -Rajamunda Tumkela Ghat (Original Defunct NH-23) from Ch 287/450Km to 288/200Km in the district of Sundargarh under DMF fund.for the Year 2020-21.,Widening of Rajamunda bypass Chowk -Rajamunda Tumkela Ghat (Original Defunct NH-23) from Ch 287/450Km to 288/200Km in the district of Sundargarh under DMF fund.for the Year 2020-21.,Works,Open Tender,Percentage,Civil Works - Roads,No,No,NA ,25-Jan-2021 05:00 PM,NA ,90.0,No ,No,Online,11-Feb-2021 11:00 AM,EIC-CIVIL||SERNB-CIRCLE-KEONJHAR||EERNB-DIVN-ROURKELA,Rourkela,769012.0,2.0,,MANOJ KUMAR JAISWAL,"7,390,707",Accepted-AOC,11-Aug-2021,EIC-CIVIL||SERNB-CIRCLE-KEONJHAR||EERNB-DIVN-ROURKELA,C3_Drought,defunct,Mitigation,False,False
2021_GWCDB_68608_1,GMWATCO-I/12/2021-22 Dt.20.05.2021,"Design, Construction , commissioning and Testing of RCC, Water Storage Elevated Service Reservoir of capacity 4 Lakh Ltr with staging height of 20 mtr at Phuleswari Basti, Aigenia Bhubaneswar for Implementation of 24 x 7 water supply under Sujal","Design, Construction , commissioning and Testing of RCC, Water Storage Elevated Service Reservoir of capacity 4 Lakh Ltr with staging height of 20 mtr at Phuleswari Basti, Aigenia Bhubaneswar for Implementation of 24 x 7 water supply under Sujal",Works,National Competitive Bid,Lump-sum,Civil Works - Water Works,No,No,NA ,25-May-2021 11:00 AM,NA ,120.0,No ,No,Online,04-Jun-2021 12:30 PM,WATCO Bhubaneswar||Director (Operation) Watco||GM WATCO DIVISION-I BBSR,"Aigenia, Bhubaneswar",751019.0,2.0,,ASHISH MOHANTY,"8,501,200",Accepted-AOC,13-Aug-2021,WATCO Bhubaneswar||Director (Operation) Watco||GM WATCO DIVISION-I BBSR,C8_Scheme,omm,Mitigation,False,False
2021_GWSI_69432_1,NHP-2021-2022-OD-OMPZM-14/01,R/M of Piezometer stations,R/M of Existing Piezometers 10Nos. In Sambalpur District for installation of DWLR Telemetry System under NHP (PKG-SBP-01),Works,Open Tender,Percentage,Civil Works - Others,No,No,NA ,01-Jul-2021 10:00 AM,NA ,90.0,No ,No,Online,13-Jul-2021 11:00 AM,Ground Water Survey and Investigation,DIFFERENT LOCATIONS IN SAMBALPUR DISTRICT,768001.0,1.0,"2,27,422",JYOTI RANJAN PRADHAN,"239,930",Accepted-AOC,06-Aug-2021,Ground Water Survey and Investigation,C3_Drought,ground water,Mitigation,False,False
2021_GWSI_69434_1,NHP-2021-2022-OD-OMPZM-14/02,R/M of Piezometer stations,R/M of Existing Piezometers 08Nos. In Deogarh and Jharsuguda Districts for installation of DWLR Telemetry System under NHP (PKG-SBP-02),Works,Open Tender,Percentage,Civil Works - Others,No,No,NA ,01-Jul-2021 10:00 AM,NA ,90.0,No ,No,Online,13-Jul-2021 11:00 AM,Ground Water Survey and Investigation,DIFFERENT LOCATIONS IN JHARSUGUDA DISTRICT,768201.0,1.0,"1,82,368",JYOTI RANJAN PRADHAN,"192,400",Accepted-AOC,06-Aug-2021,Ground Water Survey and Investigation,C3_Drought,ground water,Mitigation,False,False
2021_GWSI_69435_1,NHP-2021-2022-OD-OMPZM-14/03,R/M of Piezometer stations,R/M of Existing Piezometers 17Nos. In Sundargarh Districts for installation of DWLR Telemetry System under NHP (PKG-SBP-03),Works,Open Tender,Percentage,Civil Works - Others,No,No,NA ,01-Jul-2021 10:00 AM,NA ,90.0,No ,No,Online,13-Jul-2021 11:00 AM,Ground Water Survey and Investigation,DIFFERENT LOCATIONS IN SUNDARGARH DISTRICT,770001.0,1.0,"1,41,525",JYOTI RANJAN PRADHAN,"149,309",Accepted-AOC,06-Aug-2021,Ground Water Survey and Investigation,C3_Drought,ground water,Mitigation,False,False
2021_GWSI_69440_1,NHP-2021-2022-OD-OMPZM-14/07,R/M of Piezometer stations,"R/M of 11Nos. Existing Piezometer at Chalanguda, Sikhapalli, Tarlakote, Balimela, Pandripani, Padmagiri, Jharapalli, Tamasa, Khai Khairaput, Gobindapalli Rasabeda under Malkangiri District (PKG- RYGD-04)",Works,Open Tender,Percentage,Civil Works - Others,No,No,NA ,01-Jul-2021 10:00 AM,NA ,90.0,No ,No,Online,13-Jul-2021 11:00 AM,Ground Water Survey and Investigation,DIFFERENT LOCATIONS IN MALKANGIRI DISTRICT,764045.0,1.0,"2,36,888",ASHIS KUMAR NAYAK,"249,917",Accepted-AOC,06-Aug-2021,Ground Water Survey and Investigation,C3_Drought,ground water,Unknown,False,False
2021_GWSI_69442_1,NHP-2021-2022-OD-OMPZM-14/09,R/M of Piezometer stations,"R/M of 11Nos. Existing Piezometer at Chikiti, Digapahandi, Pudamari, Khariaguda, Dengausta, Khallikote, Konheipur, Sumandala, Bhanjanagar(2) and Belaguntha under Ganjam District (PKG- BAM-01)",Works,Open Tender,Percentage,Civil Works - Others,No,No,NA ,01-Jul-2021 10:00 AM,NA ,90.0,No ,No,Online,13-Jul-2021 11:00 AM,Ground Water Survey and Investigation,DIFFERENT LOCATIONS IN GANJAM DISTRICT,761026.0,1.0,"2,39,010",DEBADUTTA BISOYI,"254,546",Accepted-AOC,06-Aug-2021,Ground Water Survey and Investigation,C3_Drought,ground water,Unknown,False,False
2021_GWSI_69444_1,NHP-2021-2022-OD-OMPZM-14/10,R/M of Piezometer stations,"R/M of 10Nos. Existing Piezometer at Hinjilicut, Belagan, Golanthara, Bhanja bihar, Balipoda, Berhempur, Kukudakhandi, Narendrapur, Santoshapur Badakharida under Ganjam District (PKG- BAM-02)",Works,Open Tender,Percentage,Civil Works - Others,No,No,NA ,01-Jul-2021 10:00 AM,NA ,90.0,No ,No,Online,13-Jul-2021 11:00 AM,Ground Water Survey and Investigation,DIFFERENT LOCATIONS IN GANJAM DISTRICT,761026.0,1.0,"2,14,262",DEBADUTTA BISOYI,"228,189",Accepted-AOC,06-Aug-2021,Ground Water Survey and Investigation,C2_Irrigation|C3_Drought,ground water|lip,Unknown,False,False
2021_GWSI_69445_1,NHP-2021-2022-OD-OMPZM-14/11,R/M of Piezometer stations,"R/M of 6Nos. Existing Piezometer at Chirikipoda Sasan, Polasara, Beguniapada, Jagannath prasad, Budhaamba Jhadeswar under Ganjam District under NHP (PKG- BAM-03)",Works,Open Tender,Percentage,Civil Works - Others,No,No,NA ,01-Jul-2021 10:00 AM,NA ,90.0,No ,No,Online,13-Jul-2021 11:00 AM,Ground Water Survey and Investigation,DIFFERENT LOCATIONS IN GANJAM DISTRICT,761026.0,1.0,"1,30,369",DEBADUTTA BISOYI,"138,843",Accepted-AOC,06-Aug-2021,Ground Water Survey and Investigation,C3_Drought,ground water,Unknown,False,False
2021_GWSI_69446_1,NHP-2021-2022-OD-OMPZM-14/12,R/M of Piezometer stations,"R/M of 5Nos. Existing Piezometer at Narayanpur, Paralakhemundi, Chandiput, Badapada Raygada under Gajapati District (PKG- BAM-04)",Works,Open Tender,Percentage,Civil Works - Others,No,No,NA ,01-Jul-2021 10:00 AM,NA ,90.0,No ,No,Online,13-Jul-2021 11:00 AM,Ground Water Survey and Investigation,DIFFERENT LOCATIONS IN GAJAPATI DISTRICT,761206.0,1.0,"1,07,975",DEBADUTTA BISOYI,"114,994",Accepted-AOC,06-Aug-2021,Ground Water Survey and Investigation,C3_Drought,ground water,Unknown,False,False
2021_IDCO_65860_1,PC/EST/E-66/2020-21,"Providing, Laying, Testing and Commissioning of D.I.(K-9) Pipe in replacement of Old worn out pipes for water supply system at Kalunga Industrial Estate Sector-B,Rourkela.","Providing, Laying, Testing and Commissioning of D.I.(K-9) Pipe in replacement of Old worn out pipes for water supply system at Kalunga Industrial Estate Sector-B,Rourkela.",Works,National Competitive Bid,Percentage,Civil Works - Water Works,No,No,NA ,29-Jan-2021 05:00 PM,NA ,90.0,No ,No,Online,17-Feb-2021 11:30 AM,IDCO||IDCO||IDCO,Rourkela,770031.0,2.0,,AADYA URJA SOLUTIONS PRIVATE LIMITED,"10,848,466.99",Accepted-AOC,02-Aug-2021,IDCO||IDCO||IDCO,C8_Scheme,omm,Mitigation,False,False
2021_OLIC_66351_1,09/2020-21 dt.11.02.2021,NUAPUR-III,NUAPUR-III,Works,Open Tender,Turn-key,Civil Works - Lift Irrigation Schemes,No,No,NA ,18-Feb-2021 11:00 AM,NA ,365.0,No ,No,Online,26-Feb-2021 11:00 AM,Orissa Lift Irrigation Corporation||LI BALASORE||LI Division Balasore,BALASORE,756001.0,1.0,"21,21,817",AMALENDU NAYAK,"2,363,840",Accepted-AOC,21-Aug-2021,Orissa Lift Irrigation Corporation||LI BALASORE||LI Division Balasore,C2_Irrigation,irrigation|lift irrigation,Unknown,False,False
2021_OMC_68826_1,OMC/E-PROC/CMC/38/2021,Carrying out Hydro-geological Study for Kurmitar Iron Ore Mines,Carrying out Hydro-geological Study for Kurmitar Iron Ore Mines,Services,Open Tender,Item Rate,Miscellaneous Services,No,No,NA ,01-Jun-2021 02:15 PM,NA ,90.0,No ,No,Online,17-Jun-2021 11:00 AM,Orissa Mining Corporation,OMC,751001.0,2.0,,Visiontek Consultancy Services Pvt. Ltd.,"743,400",Accepted-AOC,07-Aug-2021,Orissa Mining Corporation,C1_WaterConservation,mit,Unknown,False,False
2021_ORULB_67887_1,BM-BDK-02-2021-22,Construction of RCC drain and road from Aswini Das house towards Kadambini Mohanty house at Salandi Hospital Lane Colony in Ward No.7 under Devolution of Fund Grant (2020-21),Construction of RCC drain and road from Aswini Das house towards Kadambini Mohanty house at Salandi Hospital Lane Colony in Ward No.7 under Devolution of Fund Grant (2020-21),Works,Open Tender,Percentage,Civil Works - Others,No,No,NA ,19-Apr-2021 10:00 AM,NA ,90.0,No ,No,Online,29-Apr-2021 11:00 AM,Municipal Bodies||Bhadrak Municipality,Bhadrak Municipality,756100.0,1.0,"14,52,314",Nirmal Chandra Sethi,"1,343,390",Accepted-AOC,16-Aug-2021,Municipal Bodies||Bhadrak Municipality,C5_ClimateSmartFarming,swi,Mitigation,False,False
2021_STSCD_66983_20,Bid Identification No ITDAK- 01 / 2020-21.,"One Bore well with water supply Rugudikasada Primary School, Saharpur in Banspal Block","One Bore well with water supply Rugudikasada Primary School, Saharpur in Banspal Block",Works,Open Tender,Percentage,Civil Works - Others,No,No,NA ,09-Mar-2021 05:00 PM,NA ,90.0,No ,No,Online,23-Mar-2021 11:30 AM,ST and SC Development Deptt||ITDA Keonjhar,Rugudikasada,758001.0,1.0,,NIRMAL KUMAR MOHANTA,"237,472.33",Accepted-AOC,19-Aug-2021,ST and SC Development Deptt||ITDA Keonjhar,C2_Irrigation,bore well,Mitigation,False,False
2020_CEBBS_59515_9,Bid Identification No.EE-AID-7-2019-20,Protection to Scoured Bank on Brahmani left near village Sarkishorepal of Parjang Block,Protection to Scoured Bank on Brahmani left near village Sarkishorepal of Parjang Block,Works,Open Tender,Percentage,Civil Works - Others,No,No,NA ,07-Feb-2020 10:00 AM,NA ,90.0,No ,No,Online,19-Feb-2020 11:00 AM,CE and BM Brahmani Basin Samal||SE Angul Irrigation Circle Angul||EE Angul Irrigation Division Angul,Angul,759143.0,1.0,,ATISH MUKUTA,"1,069,629",Accepted-AOC,20-Nov-2020,CE and BM Brahmani Basin Samal||SE Angul Irrigation Circle Angul||EE Angul Irrigation Division Angul,C2_Irrigation,irrigation,Unknown,False,False
2019_ORULB_56092_7,5_SMC/SBP/2019-20,"Construction of RCC drain from Ramachandi Nurshing home to Mitu Panda house at Pathanbandha in W.No.07, SMC, Sambalpur","Construction of RCC drain from Ramachandi Nurshing home to Mitu Panda house at Pathanbandha in W.No.07, SMC, Sambalpur",Works,Open Tender,Percentage,Civil Works - Others,No,No,NA ,10-Sep-2019 11:00 AM,NA ,120.0,No ,No,Online,23-Sep-2019 11:00 AM,Municipal Bodies||Sambalpur Municipal Corporation,Sambalpur,768001.0,1.0,"6,05,466",DEVENDER KUMAR NAYYAR,"605,466.03",Accepted-AOC,22-Dec-2022,Municipal Bodies||Sambalpur Municipal Corporation,C1_WaterConservation,mit,Mitigation,False,False
2021_CEBMB_68114_17,e- BNID-02/2021-22 1.,Restoration to RFB of Badanadi near village Vereda D/S from RD 6251 M to 6416.10 M.,Improvement to river embankment,Works,Open Tender,Percentage,Civil Works - Others,No,No,NA ,30-Apr-2021 10:00 AM,NA ,90.0,No ,No,Online,11-May-2021 11:00 AM,"CE-BM,RVN Basin,Berhampur||S.E. Southern Irr. Circle I Berhampur||EE Bhanjanagar Irrigation Divn Bhanjanagar",Bhanjanagar,761126.0,1.0,,Pratima Manjari Gouda,"570,869",Accepted-AOC,19-Dec-2022,"CE-BM,RVN Basin,Berhampur||S.E. Southern Irr. Circle I Berhampur||EE Bhanjanagar Irrigation Divn Bhanjanagar",C2_Irrigation|C4_FloodCyclone,embankment|irrigation,Mitigation,False,False
2021_CEBMB_68232_20,e-BNID-03/ 2021-22,Construction of protection wall and fall at RD 21640 M including repair of O/L near Bathing ghat of Khajuritank of Baghua Left Distributary.,Construction of protection wall and fall,Works,Open Tender,Percentage,Civil Works - Canal,No,No,NA ,07-May-2021 01:40 PM,NA ,90.0,No ,No,Online,18-May-2021 11:00 AM,"CE-BM,RVN Basin,Berhampur||S.E. Southern Irr. Circle I Berhampur||EE Bhanjanagar Irrigation Divn Bhanjanagar",Bhanjanagar,761126.0,1.0,,BINAPANI PRADHAN,"605,378",Accepted-AOC,19-Dec-2022,"CE-BM,RVN Basin,Berhampur||S.E. Southern Irr. Circle I Berhampur||EE Bhanjanagar Irrigation Divn Bhanjanagar",C2_Irrigation,irrigation,Mitigation,False,False
2021_DFOGN_72759_4,GH(N)-BNJ-F.E AND C.C-02/2021-22,"Construction of Tented accommodation (Pindi) - 4 Nos. at Eco-tourism Centre, Kaliamba of Central Range",Construction of Tented accommodation (Pindi),Works,Open Tender,Percentage,Civil Works - Others,No,No,NA ,18-Nov-2021 03:20 PM,NA ,45.0,No ,No,Online,03-Dec-2021 11:30 AM,Forest Environment and Climate Change Department||RCCF Berhampur||DFO Ghumsur North,At Malasapadar,761133.0,1.0,"6,91,592",HADU NAIK,"622,440",Accepted-AOC,22-Dec-2022,Forest Environment and Climate Change Department||RCCF Berhampur||DFO Ghumsur North,C8_Scheme,omm,Mitigation,False,False
2021_EICCL_69609_1,Bid Identification No.C.C (RandB) 10/2020-21.,"Supply, Installation, Testing and Commissioning of 10 Passenger lift (Gplus2) (Chief Engineer NH side), Nirmansaudha, BBSR(Lift-1)","Supply, Installation, Testing and Commissioning of 10 Passenger lift (Gplus2) (Chief Engineer NH side), Nirmansaudha, BBSR(Lift-1)",Works,National Competitive Bid,Percentage,Electrical Works,No,No,NA ,06-Jul-2021 05:00 PM,NA ,90.0,No ,No,Online,14-Jul-2021 11:00 AM,EIC-CIVIL||SERNB-CIRCLE-CENTRAL||EERNB-DIVN-I-BBSR,"Nirmansoudha, Bhubaneswar",751001.0,2.0,,AJANTA ENTERPRISES,"1,871,510.5",Accepted-AOC,02-Dec-2022,EIC-CIVIL||SERNB-CIRCLE-CENTRAL||EERNB-DIVN-I-BBSR,C8_Scheme,omm,Mitigation,False,False
2021_OLIC_66026_4,203/LID/KDP/2021,RAMACHANDRAPUR-II RL,Installation and Energisation of L.I.Projects,Works,Open Tender,Percentage,Civil Works - Lift Irrigation Schemes,No,No,NA ,10-Feb-2021 11:00 AM,NA ,90.0,No ,No,Online,22-Feb-2021 11:00 AM,"Orissa Lift Irrigation Corporation||LI,Central Circle, Cuttack||LI Division Kendrapara",Mohakalpada,754211.0,1.0,,PRADIP KUMAR SETHY,"1,617,589",Accepted-AOC,12-Dec-2022,"Orissa Lift Irrigation Corporation||LI,Central Circle, Cuttack||LI Division Kendrapara",C2_Irrigation,irrigation|l.i.|lift irrigation,Mitigation,False,False
2021_OLIC_66026_6,203/LID/KDP/2021,MADHYAPADA-III RL,Installation and Energisation of L.I.Projects,Works,Open Tender,Percentage,Civil Works - Lift Irrigation Schemes,No,No,NA ,10-Feb-2021 11:00 AM,NA ,90.0,No ,No,Online,22-Feb-2021 11:00 AM,"Orissa Lift Irrigation Corporation||LI,Central Circle, Cuttack||LI Division Kendrapara",Rajnagar,754211.0,1.0,,Ranjan Kumar Sethi,"1,670,655",Accepted-AOC,13-Dec-2022,"Orissa Lift Irrigation Corporation||LI,Central Circle, Cuttack||LI Division Kendrapara",C2_Irrigation,irrigation|l.i.|lift irrigation,Mitigation,False,False
2021_OLIC_67491_15,678/LID/KDP2021,BEDARI-I R.L.,Revival of defunct CLIPs,Works,Open Tender,Percentage,Civil Works - Lift Irrigation Schemes,No,No,NA ,31-Mar-2021 11:00 AM,NA ,90.0,No ,No,Online,13-Apr-2021 10:00 AM,"Orissa Lift Irrigation Corporation||LI,Central Circle, Cuttack||LI Division Kendrapara",Garadpur,754211.0,1.0,,SAROJINI SETHY,"1,035,182",Accepted-AOC,12-Dec-2022,"Orissa Lift Irrigation Corporation||LI,Central Circle, Cuttack||LI Division Kendrapara",C2_Irrigation|C3_Drought,defunct|irrigation|lift irrigation|lip|revival,Unknown,False,False
2021_OLIC_67491_16,678/LID/KDP2021,BEDARI-II R.L.,Revival of defunct CLIPs,Works,Open Tender,Percentage,Civil Works - Lift Irrigation Schemes,No,No,NA ,31-Mar-2021 11:00 AM,NA ,90.0,No ,No,Online,13-Apr-2021 10:00 AM,"Orissa Lift Irrigation Corporation||LI,Central Circle, Cuttack||LI Division Kendrapara",Garadpur,754211.0,1.0,,SAROJINI SETHY,"762,318",Accepted-AOC,12-Dec-2022,"Orissa Lift Irrigation Corporation||LI,Central Circle, Cuttack||LI Division Kendrapara",C2_Irrigation|C3_Drought,defunct|irrigation|lift irrigation|lip|revival,Unknown,False,False
2021_OLIC_67491_2,678/LID/KDP2021,BALABHADRAPUR R.L.,Revival of defunct CLIPs,Works,Open Tender,Percentage,Civil Works - Lift Irrigation Schemes,No,No,NA ,31-Mar-2021 11:00 AM,NA ,90.0,No ,No,Online,13-Apr-2021 10:00 AM,"Orissa Lift Irrigation Corporation||LI,Central Circle, Cuttack||LI Division Kendrapara",Pattamundai,754211.0,1.0,,GOBINDA SETHI,"1,087,774",Accepted-AOC,13-Dec-2022,"Orissa Lift Irrigation Corporation||LI,Central Circle, Cuttack||LI Division Kendrapara",C2_Irrigation|C3_Drought,defunct|irrigation|lift irrigation|lip|revival,Unknown,False,False
2021_OLIC_67491_27,678/LID/KDP2021,ARAJI-II R.L.,Revival of defunct CLIPs,Works,Open Tender,Percentage,Civil Works - Lift Irrigation Schemes,No,No,NA ,31-Mar-2021 01:00 PM,NA ,90.0,No ,No,Online,13-Apr-2021 10:00 AM,"Orissa Lift Irrigation Corporation||LI,Central Circle, Cuttack||LI Division Kendrapara",AUL,754211.0,1.0,,KAMALAKANTA MOHARANA,"1,043,641",Accepted-AOC,08-Dec-2022,"Orissa Lift Irrigation Corporation||LI,Central Circle, Cuttack||LI Division Kendrapara",C2_Irrigation|C3_Drought,defunct|irrigation|lift irrigation|lip|revival,Unknown,False,False
2021_OLIC_67491_8,678/LID/KDP2021,DIHAJALAPOKA-I R.L.,Revival of defunct CLIPs,Works,Open Tender,Percentage,Civil Works - Lift Irrigation Schemes,No,No,NA ,31-Mar-2021 11:00 AM,NA ,90.0,No ,No,Online,13-Apr-2021 10:00 AM,"Orissa Lift Irrigation Corporation||LI,Central Circle, Cuttack||LI Division Kendrapara",Marshaghai,754211.0,1.0,,nirmalla kumar malla,"1,321,117",Accepted-AOC,12-Dec-2022,"Orissa Lift Irrigation Corporation||LI,Central Circle, Cuttack||LI Division Kendrapara",C2_Irrigation|C3_Drought,defunct|irrigation|lift irrigation|lip|revival,Unknown,False,False
2021_OLIC_72455_1,e-Procurement BID ID No. 09 EELID (KJR/2021-22),"Revival of Madhurtentuli, Nayagarh-II, Nuagaon-II, Jalasuan-III and Beusahi-I TW L.I. Projects under Anandapur block in Keonjhar district","Drilling, installation and power supply including energization of Madhrtentuli, Nayagarh-II, Nuagaon-II, Jalasuan-III and Beusahi-I TW L.I. Project under Anandapur block in Keonjhar district",Works,National Competitive Bid,Percentage,Civil Works - Lift Irrigation Schemes,No,No,NA ,11-Nov-2021 10:00 AM,NA ,180.0,No ,No,Online,20-Nov-2021 11:00 AM,Orissa Lift Irrigation Corporation||LI ANGUL||LI Division Keonjhar,Keonjhar,758001.0,2.0,,Ambika Prasad Samal,"5,757,051",Accepted-AOC,09-Dec-2022,Orissa Lift Irrigation Corporation||LI ANGUL||LI Division Keonjhar,C2_Irrigation,irrigation|l.i.|l.i. project|lift irrigation|tw ,Mitigation,False,False
2021_OLIC_72455_2,e-Procurement BID ID No. 09 EELID (KJR/2021-22),"Revival of Atta-II, Madhukeshari-II, Madhukeshari-III and Madhukeshari-IV TW L.I. Project under Ghasipura block in Keonjhar district","Drilling, installation and power supply including energization of Atta-II, Madhukeshari-II, Madhukeshari-III and Madhukeshari-IV TW L.I. Project under Ghasipura block in Keonjhar district",Works,National Competitive Bid,Percentage,Civil Works - Lift Irrigation Schemes,No,No,NA ,11-Nov-2021 10:00 AM,NA ,180.0,No ,No,Online,20-Nov-2021 11:00 AM,Orissa Lift Irrigation Corporation||LI ANGUL||LI Division Keonjhar,Keonjhar,758001.0,2.0,,Ambika Prasad Samal,"4,406,414",Accepted-AOC,09-Dec-2022,Orissa Lift Irrigation Corporation||LI ANGUL||LI Division Keonjhar,C2_Irrigation,irrigation|l.i.|l.i. project|lift irrigation|tw ,Mitigation,False,False
2021_OLIC_74384_1,e-Procurement BID ID No. 11 EELID (KJR/2021-22),"Installation and energisation of Khalana North, Khalana South, Khalana South-II, Padanpur and Padanpur-II TE CLIP under Ghasipura block in Keonjhar district","Construction of head works, distribution system and power supply including energization Khalana North, Khalana South, Khalana South-II, Padanpur and Padanpur-II TW CLIP under Ghasipura block in Keonjhar district",Works,National Competitive Bid,Percentage,Civil Works - Lift Irrigation Schemes,No,No,NA ,18-Dec-2021 10:00 AM,NA ,180.0,No ,No,Online,28-Dec-2021 11:00 AM,Orissa Lift Irrigation Corporation||LI ANGUL||LI Division Keonjhar,Keonjhar,758001.0,2.0,,Ambika Prasad Samal,"4,443,683",Accepted-AOC,11-Dec-2022,Orissa Lift Irrigation Corporation||LI ANGUL||LI Division Keonjhar,C2_Irrigation,irrigation|lift irrigation|lip|tw ,Mitigation,False,False
2021_OLIC_74384_2,e-Procurement BID ID No. 11 EELID (KJR/2021-22),"Installation and energisation of Chandali, Nahangi, Malikatina, Raitola and Gainthagodi West TW CLIP under Ghasipura block in Keonjhar district","Construction of head works, distribution system and power supply including energization Chandali, Nahangi, Malikatina, Raitola and Gainthagodi West TW CLIP under Ghasipura block in Keonjhar district",Works,National Competitive Bid,Percentage,Civil Works - Lift Irrigation Schemes,No,No,NA ,18-Dec-2021 10:00 AM,NA ,180.0,No ,No,Online,28-Dec-2021 11:00 AM,Orissa Lift Irrigation Corporation||LI ANGUL||LI Division Keonjhar,Keonjhar,758001.0,2.0,,Ambika Prasad Samal,"5,002,131",Accepted-AOC,11-Dec-2022,Orissa Lift Irrigation Corporation||LI ANGUL||LI Division Keonjhar,C2_Irrigation,irrigation|lift irrigation|lip|tw ,Mitigation,False,False
2021_OLIC_74384_4,e-Procurement BID ID No. 11 EELID (KJR/2021-22),"Installation and energisation of Adheidwar-II, Dimiria-I, Nasirpur-II, Belda (G), Panchupalli-V, Fatepur and Habaleswar-IV TW CLIP under Anandapur, Ghasipura and Hatadihi block in Keonjhar district","Construction of head works, distribution system and power supply including energization Adheidwar-II, Dimiria-I, Nasirpur-II, Belda (G), Panchupalli-V, Fatepur and Habaleswar-IV TW CLIP under Anandapur, Ghasipura andHatadihi block in Keonjhar distric",Works,National Competitive Bid,Percentage,Civil Works - Lift Irrigation Schemes,No,No,NA ,18-Dec-2021 10:00 AM,NA ,180.0,No ,No,Online,28-Dec-2021 11:00 AM,Orissa Lift Irrigation Corporation||LI ANGUL||LI Division Keonjhar,Keonjhar,758001.0,2.0,,Ambika Prasad Samal,"4,519,519",Accepted-AOC,11-Dec-2022,Orissa Lift Irrigation Corporation||LI ANGUL||LI Division Keonjhar,C2_Irrigation,irrigation|lift irrigation|lip|tw ,Mitigation,False,False
2021_OLIC_74384_5,e-Procurement BID ID No. 11 EELID (KJR/2021-22),Revival of Baramala CLIP under Ghasipura block in Keonjhar district,"Construction of head works, distribution system and power supply including energization Baramala CLIP under Ghasipura block in Keonjhar distric",Works,National Competitive Bid,Percentage,Civil Works - Lift Irrigation Schemes,No,No,NA ,18-Dec-2021 10:00 AM,NA ,180.0,No ,No,Online,28-Dec-2021 11:00 AM,Orissa Lift Irrigation Corporation||LI ANGUL||LI Division Keonjhar,Keonjhar,758001.0,2.0,,LALATENDU NAYAK,"2,142,593",Accepted-AOC,11-Dec-2022,Orissa Lift Irrigation Corporation||LI ANGUL||LI Division Keonjhar,C2_Irrigation,irrigation|lift irrigation|lip,Mitigation,False,False
2021_OLIC_74384_6,e-Procurement BID ID No. 11 EELID (KJR/2021-22),Revival of Tolankanandi CLIP under Ghasipura block in Keonjhar district,"Construction of head works, distribution system and power supply including energization Tolankanandi CLIP under Ghasipura block in Keonjhar distric",Works,National Competitive Bid,Percentage,Civil Works - Lift Irrigation Schemes,No,No,NA ,18-Dec-2021 10:00 AM,NA ,180.0,No ,No,Online,28-Dec-2021 11:00 AM,Orissa Lift Irrigation Corporation||LI ANGUL||LI Division Keonjhar,Keonjhar,758001.0,2.0,,ASHOK KUMAR MAJHI,"1,237,014",Accepted-AOC,11-Dec-2022,Orissa Lift Irrigation Corporation||LI ANGUL||LI Division Keonjhar,C2_Irrigation,irrigation|lift irrigation|lip,Mitigation,False,False
2021_OLIC_74592_101,05/21-22(1),Installation and energisation of Pochia III L.I.Project under Kotpad Block of Koraput District,Installation and energisation of Pochia III L.I.Project under Kotpad Block of Koraput District,Works,Open Tender,Percentage,Civil Works - Lift Irrigation Schemes,No,No,NA ,03-Jan-2022 10:00 AM,NA ,270.0,No ,No,Online,13-Jan-2022 11:00 AM,Orissa Lift Irrigation Corporation||LI KORAPUT||LI Division Koraput,Koraput,764020.0,1.0,"19,55,200",BADAL PATTNAIK,"2,173,584",Accepted-AOC,20-Dec-2022,Orissa Lift Irrigation Corporation||LI KORAPUT||LI Division Koraput,C2_Irrigation,irrigation|l.i.|lift irrigation,Mitigation,False,False
2021_OLIC_74592_102,05/21-22(1),Installation and energisation of Pochia IV L.I.Project under Kotpad Block of Koraput District,Installation and energisation of Pochia IV L.I.Project under Kotpad Block of Koraput District,Works,Open Tender,Percentage,Civil Works - Lift Irrigation Schemes,No,No,NA ,03-Jan-2022 10:00 AM,NA ,270.0,No ,No,Online,13-Jan-2022 11:00 AM,Orissa Lift Irrigation Corporation||LI KORAPUT||LI Division Koraput,Koraput,764020.0,1.0,"23,21,300",BADAL PATTNAIK,"2,583,168",Accepted-AOC,20-Dec-2022,Orissa Lift Irrigation Corporation||LI KORAPUT||LI Division Koraput,C2_Irrigation,irrigation|l.i.|lift irrigation,Mitigation,False,False
2021_OLIC_74592_103,05/21-22(1),Installation and energisation of Pochia V L.I.Project under Kotpad Block of Koraput District,Installation and energisation of Pochia V L.I.Project under Kotpad Block of Koraput District,Works,Open Tender,Percentage,Civil Works - Lift Irrigation Schemes,No,No,NA ,03-Jan-2022 10:00 AM,NA ,270.0,No ,No,Online,13-Jan-2022 11:00 AM,Orissa Lift Irrigation Corporation||LI KORAPUT||LI Division Koraput,Koraput,764020.0,1.0,"19,52,500",BADAL PATTNAIK,"2,170,784",Accepted-AOC,20-Dec-2022,Orissa Lift Irrigation Corporation||LI KORAPUT||LI Division Koraput,C2_Irrigation,irrigation|l.i.|lift irrigation,Mitigation,False,False
2021_OLIC_74592_104,05/21-22(1),Installation and energisation of Pochia VI L.I.Project under Kotpad Block of Koraput District,Installation and energisation of Pochia VI L.I.Project under Kotpad Block of Koraput District,Works,Open Tender,Percentage,Civil Works - Lift Irrigation Schemes,No,No,NA ,03-Jan-2022 10:00 AM,NA ,270.0,No ,No,Online,13-Jan-2022 11:00 AM,Orissa Lift Irrigation Corporation||LI KORAPUT||LI Division Koraput,Koraput,764020.0,1.0,"19,59,100",BADAL PATTNAIK,"2,177,616",Accepted-AOC,20-Dec-2022,Orissa Lift Irrigation Corporation||LI KORAPUT||LI Division Koraput,C2_Irrigation,irrigation|l.i.|lift irrigation,Mitigation,False,False
2021_OLIC_74592_105,05/21-22(1),Installation and energisation of Sankarda VIII L.I.Project under Kotpad Block of Koraput District,Installation and energisation of Sankarda VIII L.I.Project under Kotpad Block of Koraput District,Works,Open Tender,Percentage,Civil Works - Lift Irrigation Schemes,No,No,NA ,03-Jan-2022 10:00 AM,NA ,270.0,No ,No,Online,13-Jan-2022 11:00 AM,Orissa Lift Irrigation Corporation||LI KORAPUT||LI Division Koraput,Koraput,764020.0,1.0,"26,36,500",BADAL PATTNAIK,"2,936,080",Accepted-AOC,20-Dec-2022,Orissa Lift Irrigation Corporation||LI KORAPUT||LI Division Koraput,C2_Irrigation,irrigation|l.i.|lift irrigation,Mitigation,False,False
2021_OLIC_74592_106,05/21-22(1),Installation and energisation of Sitiliguda I L.I.Project under Kotpad Block of Koraput District,Installation and energisation of Sitiliguda I L.I.Project under Kotpad Block of Koraput District,Works,Open Tender,Percentage,Civil Works - Lift Irrigation Schemes,No,No,NA ,03-Jan-2022 10:00 AM,NA ,270.0,No ,No,Online,13-Jan-2022 11:00 AM,Orissa Lift Irrigation Corporation||LI KORAPUT||LI Division Koraput,Koraput,764020.0,1.0,"20,97,600",BADAL PATTNAIK,"2,333,296",Accepted-AOC,20-Dec-2022,Orissa Lift Irrigation Corporation||LI KORAPUT||LI Division Koraput,C2_Irrigation,irrigation|l.i.|lift irrigation,Mitigation,False,False
2021_OLIC_74592_107,05/21-22(1),Installation and energisation of Sitiliguda II L.I.Project under Kotpad Block of Koraput District,Installation and energisation of Sitiliguda II L.I.Project under Kotpad Block of Koraput District,Works,Open Tender,Percentage,Civil Works - Lift Irrigation Schemes,No,No,NA ,03-Jan-2022 10:00 AM,NA ,270.0,No ,No,Online,13-Jan-2022 11:00 AM,Orissa Lift Irrigation Corporation||LI KORAPUT||LI Division Koraput,Koraput,764020.0,1.0,"20,44,400",BADAL PATTNAIK,"2,273,600",Accepted-AOC,20-Dec-2022,Orissa Lift Irrigation Corporation||LI KORAPUT||LI Division Koraput,C2_Irrigation,irrigation|l.i.|lift irrigation,Mitigation,False,False
2021_OLIC_74592_108,05/21-22(1),Installation and energisation of Bhejahandi X L.I.Project under Kundra Block of Koraput District,Installation and energisation of Bhejahandi X L.I.Project under Kundra Block of Koraput District,Works,Open Tender,Percentage,Civil Works - Lift Irrigation Schemes,No,No,NA ,03-Jan-2022 10:00 AM,NA ,270.0,No ,No,Online,13-Jan-2022 11:00 AM,Orissa Lift Irrigation Corporation||LI KORAPUT||LI Division Koraput,Koraput,764020.0,1.0,"22,63,700",ANUP KUMAR GANTAYAT,"2,517,872",Accepted-AOC,20-Dec-2022,Orissa Lift Irrigation Corporation||LI KORAPUT||LI Division Koraput,C2_Irrigation,irrigation|l.i.|lift irrigation,Mitigation,False,False
2021_OLIC_74592_109,05/21-22(1),Installation and energisation of Dangarpounsi VII L.I.Project under Kundra Block of Koraput District,Installation and energisation of Dangarpounsi VII L.I.Project under Kundra Block of Koraput District,Works,Open Tender,Percentage,Civil Works - Lift Irrigation Schemes,No,No,NA ,03-Jan-2022 10:00 AM,NA ,270.0,No ,No,Online,13-Jan-2022 11:00 AM,Orissa Lift Irrigation Corporation||LI KORAPUT||LI Division Koraput,Koraput,764020.0,1.0,"22,85,300",ANUP KUMAR GANTAYAT,"2,541,952",Accepted-AOC,20-Dec-2022,Orissa Lift Irrigation Corporation||LI KORAPUT||LI Division Koraput,C2_Irrigation,irrigation|l.i.|lift irrigation,Mitigation,False,False
2021_OLIC_74592_110,05/21-22(1),Installation and energisation of Dangarpounsi VIII L.I.Project under Kundra Block of Koraput District,Installation and energisation of Dangarpounsi VIII L.I.Project under Kundra Block of Koraput District,Works,Open Tender,Percentage,Civil Works - Lift Irrigation Schemes,No,No,NA ,03-Jan-2022 10:00 AM,NA ,270.0,No ,No,Online,13-Jan-2022 11:00 AM,Orissa Lift Irrigation Corporation||LI KORAPUT||LI Division Koraput,Koraput,764020.0,1.0,"22,68,200",ANUP KUMAR GANTAYAT,"2,522,800",Accepted-AOC,20-Dec-2022,Orissa Lift Irrigation Corporation||LI KORAPUT||LI Division Koraput,C2_Irrigation,irrigation|l.i.|lift irrigation,Mitigation,False,False
2021_OLIC_74592_112,05/21-22(1),Installation and energisation of Garahandi VIII L.I.Project under Kundra Block of Koraput District,Installation and energisation of Garahandi VIII L.I.Project under Kundra Block of Koraput District,Works,Open Tender,Percentage,Civil Works - Lift Irrigation Schemes,No,No,NA ,03-Jan-2022 10:00 AM,NA ,270.0,No ,No,Online,13-Jan-2022 11:00 AM,Orissa Lift Irrigation Corporation||LI KORAPUT||LI Division Koraput,Koraput,764020.0,1.0,"21,32,900",DAITARI SIA,"2,374,624",Accepted-AOC,20-Dec-2022,Orissa Lift Irrigation Corporation||LI KORAPUT||LI Division Koraput,C2_Irrigation,irrigation|l.i.|lift irrigation,Mitigation,False,False
2021_OLIC_74592_113,05/21-22(1),Installation and energisation of Hatakhudupi L.I.Project under Kundra Block of Koraput District,Installation and energisation of Hatakhudupi L.I.Project under Kundra Block of Koraput District,Works,Open Tender,Percentage,Civil Works - Lift Irrigation Schemes,No,No,NA ,03-Jan-2022 10:00 AM,NA ,270.0,No ,No,Online,13-Jan-2022 11:00 AM,Orissa Lift Irrigation Corporation||LI KORAPUT||LI Division Koraput,Koraput,764020.0,1.0,"19,28,000",DAITARI SIA,"2,142,896",Accepted-AOC,20-Dec-2022,Orissa Lift Irrigation Corporation||LI KORAPUT||LI Division Koraput,C2_Irrigation,irrigation|l.i.|lift irrigation,Mitigation,False,False
2021_OLIC_74592_114,05/21-22(1),Installation and energisation of Jabapatraput IX L.I.Project under Kundra Block of Koraput District,Installation and energisation of Jabapatraput IX L.I.Project under Kundra Block of Koraput District,Works,Open Tender,Percentage,Civil Works - Lift Irrigation Schemes,No,No,NA ,03-Jan-2022 10:00 AM,NA ,270.0,No ,No,Online,13-Jan-2022 11:00 AM,Orissa Lift Irrigation Corporation||LI KORAPUT||LI Division Koraput,Koraput,764020.0,1.0,"20,99,100",DAITARI SIA,"2,334,528",Accepted-AOC,20-Dec-2022,Orissa Lift Irrigation Corporation||LI KORAPUT||LI Division Koraput,C2_Irrigation,irrigation|l.i.|lift irrigation,Mitigation,False,False
2021_OLIC_74592_116,05/21-22(1),Installation and energisation of Jhadanga II L.I.Project under Kundra Block of Koraput District,Installation and energisation of Jhadanga II L.I.Project under Kundra Block of Koraput District,Works,Open Tender,Percentage,Civil Works - Lift Irrigation Schemes,No,No,NA ,03-Jan-2022 10:00 AM,NA ,270.0,No ,No,Online,13-Jan-2022 11:00 AM,Orissa Lift Irrigation Corporation||LI KORAPUT||LI Division Koraput,Koraput,764020.0,1.0,"23,66,000",ANUP KUMAR GANTAYAT,"2,632,784",Accepted-AOC,20-Dec-2022,Orissa Lift Irrigation Corporation||LI KORAPUT||LI Division Koraput,C2_Irrigation,irrigation|l.i.|lift irrigation,Mitigation,False,False
2021_OLIC_74592_118,05/21-22(1),Installation and energisation of Phupugaon X L.I.Project under Kundra Block of Koraput District,Installation and energisation of Phupugaon X L.I.Project under Kundra Block of Koraput District,Works,Open Tender,Percentage,Civil Works - Lift Irrigation Schemes,No,No,NA ,03-Jan-2022 10:00 AM,NA ,270.0,No ,No,Online,13-Jan-2022 11:00 AM,Orissa Lift Irrigation Corporation||LI KORAPUT||LI Division Koraput,Koraput,764020.0,1.0,"25,38,200",ANUP KUMAR GANTAYAT,"2,825,984",Accepted-AOC,20-Dec-2022,Orissa Lift Irrigation Corporation||LI KORAPUT||LI Division Koraput,C2_Irrigation,irrigation|l.i.|lift irrigation,Mitigation,False,False
2021_OLIC_74592_119,05/21-22(1),Installation and energisation of Phupugaon XI L.I.Project under Kundra Block of Koraput District,Installation and energisation of Phupugaon XI L.I.Project under Kundra Block of Koraput District,Works,Open Tender,Percentage,Civil Works - Lift Irrigation Schemes,No,No,NA ,03-Jan-2022 10:00 AM,NA ,270.0,No ,No,Online,13-Jan-2022 11:00 AM,Orissa Lift Irrigation Corporation||LI KORAPUT||LI Division Koraput,Koraput,764020.0,1.0,"25,29,700",ANUP KUMAR GANTAYAT,"2,821,952",Accepted-AOC,20-Dec-2022,Orissa Lift Irrigation Corporation||LI KORAPUT||LI Division Koraput,C2_Irrigation,irrigation|l.i.|lift irrigation,Mitigation,False,False
2021_OLIC_74592_120,05/21-22(1),Installation and energisation of Phupugaon XII L.I.Project under Kundra Block of Koraput District,Installation and energisation of Phupugaon XII L.I.Project under Kundra Block of Koraput District,Works,Open Tender,Percentage,Civil Works - Lift Irrigation Schemes,No,No,NA ,03-Jan-2022 10:00 AM,NA ,270.0,No ,No,Online,13-Jan-2022 11:00 AM,Orissa Lift Irrigation Corporation||LI KORAPUT||LI Division Koraput,Koraput,764020.0,1.0,"25,29,700",ANUP KUMAR GANTAYAT,"2,819,376",Accepted-AOC,20-Dec-2022,Orissa Lift Irrigation Corporation||LI KORAPUT||LI Division Koraput,C2_Irrigation,irrigation|l.i.|lift irrigation,Mitigation,False,False
2021_OLIC_74592_121,05/21-22(1),Installation and energisation of Pradhaniput X L.I.Project under Kundra Block of Koraput District,Installation and energisation of Pradhaniput X L.I.Project under Kundra Block of Koraput District,Works,Open Tender,Percentage,Civil Works - Lift Irrigation Schemes,No,No,NA ,03-Jan-2022 10:00 AM,NA ,270.0,No ,No,Online,13-Jan-2022 11:00 AM,Orissa Lift Irrigation Corporation||LI KORAPUT||LI Division Koraput,Koraput,764020.0,1.0,"24,53,800",ANUP KUMAR GANTAYAT,"2,731,120",Accepted-AOC,20-Dec-2022,Orissa Lift Irrigation Corporation||LI KORAPUT||LI Division Koraput,C2_Irrigation,irrigation|l.i.|lift irrigation,Mitigation,False,False
2021_OLIC_74592_122,05/21-22(1),Installation and energisation of Pujariput IV L.I.Project under Kundra Block of Koraput District,Installation and energisation of Pujariput IV L.I.Project under Kundra Block of Koraput District,Works,Open Tender,Percentage,Civil Works - Lift Irrigation Schemes,No,No,NA ,03-Jan-2022 10:00 AM,NA ,270.0,No ,No,Online,13-Jan-2022 11:00 AM,Orissa Lift Irrigation Corporation||LI KORAPUT||LI Division Koraput,Koraput,764020.0,1.0,"25,34,900",ANUP KUMAR GANTAYAT,"2,821,952",Accepted-AOC,20-Dec-2022,Orissa Lift Irrigation Corporation||LI KORAPUT||LI Division Koraput,C2_Irrigation,irrigation|l.i.|lift irrigation,Mitigation,False,False
2021_OLIC_74592_137,05/21-22(1),Installation and energisation of Bilaput II L.I.Project under Nandapur Block of Koraput District,Installation and energisation of Bilaput II L.I.Project under Nandapur Block of Koraput District,Works,Open Tender,Percentage,Civil Works - Lift Irrigation Schemes,No,No,NA ,03-Jan-2022 10:00 AM,NA ,270.0,No ,No,Online,13-Jan-2022 11:00 AM,Orissa Lift Irrigation Corporation||LI KORAPUT||LI Division Koraput,Koraput,764020.0,1.0,"19,94,800",ARUN KUMAR MAHALIK,"2,229,248",Accepted-AOC,20-Dec-2022,Orissa Lift Irrigation Corporation||LI KORAPUT||LI Division Koraput,C2_Irrigation,irrigation|l.i.|lift irrigation,Mitigation,False,False
2021_OLIC_74592_138,05/21-22(1),Installation and energisation of Chatwa II L.I.Project under Nandapur Block of Koraput District,Installation and energisation of Chatwa II L.I.Project under Nandapur Block of Koraput District,Works,Open Tender,Percentage,Civil Works - Lift Irrigation Schemes,No,No,NA ,03-Jan-2022 10:00 AM,NA ,270.0,No ,No,Online,13-Jan-2022 11:00 AM,Orissa Lift Irrigation Corporation||LI KORAPUT||LI Division Koraput,Koraput,764020.0,1.0,"19,71,400",GOPAL KRUSHNA PADHY,"2,202,816",Accepted-AOC,20-Dec-2022,Orissa Lift Irrigation Corporation||LI KORAPUT||LI Division Koraput,C2_Irrigation,irrigation|l.i.|lift irrigation,Mitigation,False,False
2021_OLIC_74592_140,05/21-22(1),Installation and energisation of Kasandi II L.I.Project under Nandapur Block of Koraput District,Installation and energisation of Kasandi II L.I.Project under Nandapur Block of Koraput District,Works,Open Tender,Percentage,Civil Works - Lift Irrigation Schemes,No,No,NA ,03-Jan-2022 10:00 AM,NA ,270.0,No ,No,Online,13-Jan-2022 11:00 AM,Orissa Lift Irrigation Corporation||LI KORAPUT||LI Division Koraput,Koraput,764020.0,1.0,"20,05,900",ARUN KUMAR MAHALIK,"2,242,128",Accepted-AOC,20-Dec-2022,Orissa Lift Irrigation Corporation||LI KORAPUT||LI Division Koraput,C2_Irrigation,irrigation|l.i.|lift irrigation,Mitigation,False,False
2021_OLIC_74592_144,05/21-22(1),Installation and energisation of Badapilikuru II L.I.Project under N Patna Block of Koraput District,Installation and energisation of Badapilikuru II L.I.Project under N Patna Block of Koraput District,Works,Open Tender,Percentage,Civil Works - Lift Irrigation Schemes,No,No,NA ,03-Jan-2022 10:00 AM,NA ,270.0,No ,No,Online,13-Jan-2022 11:00 AM,Orissa Lift Irrigation Corporation||LI KORAPUT||LI Division Koraput,Koraput,764020.0,1.0,"22,24,000",DHARITRI PADHY,"2,486,736",Accepted-AOC,20-Dec-2022,Orissa Lift Irrigation Corporation||LI KORAPUT||LI Division Koraput,C2_Irrigation,irrigation|l.i.|lift irrigation,Mitigation,False,False
2021_OLIC_74592_149,05/21-22(1),Installation and energisation of Palput V L.I.Project under N Patna Block of Koraput District,Installation and energisation of Palput V L.I.Project under N Patna Block of Koraput District,Works,Open Tender,Percentage,Civil Works - Lift Irrigation Schemes,No,No,NA ,03-Jan-2022 10:00 AM,NA ,270.0,No ,No,Online,13-Jan-2022 11:00 AM,Orissa Lift Irrigation Corporation||LI KORAPUT||LI Division Koraput,Koraput,764020.0,1.0,"24,78,000",DHARITRI PADHY,"2,770,656",Accepted-AOC,20-Dec-2022,Orissa Lift Irrigation Corporation||LI KORAPUT||LI Division Koraput,C2_Irrigation,irrigation|l.i.|lift irrigation,Mitigation,False,False
2021_OLIC_74592_151,05/21-22(1),Installation and energisation of Renga L.I.Project under N Patna Block of Koraput District,Installation and energisation of Renga L.I.Project under N Patna Block of Koraput District,Works,Open Tender,Percentage,Civil Works - Lift Irrigation Schemes,No,No,NA ,03-Jan-2022 10:00 AM,NA ,270.0,No ,No,Online,13-Jan-2022 11:00 AM,Orissa Lift Irrigation Corporation||LI KORAPUT||LI Division Koraput,Koraput,764020.0,1.0,"22,42,400",DHARITRI PADHY,"2,501,632",Accepted-AOC,20-Dec-2022,Orissa Lift Irrigation Corporation||LI KORAPUT||LI Division Koraput,C2_Irrigation,irrigation|l.i.|lift irrigation,Mitigation,False,False
2021_OLIC_74592_154,05/21-22(1),Installation and energisation of Baraja L.I.Project under Pottangi Block of Koraput District,Installation and energisation of Baraja L.I.Project under Pottangi Block of Koraput District,Works,Open Tender,Percentage,Civil Works - Lift Irrigation Schemes,No,No,NA ,03-Jan-2022 10:00 AM,NA ,270.0,No ,No,Online,13-Jan-2022 11:00 AM,Orissa Lift Irrigation Corporation||LI KORAPUT||LI Division Koraput,Koraput,764020.0,1.0,"21,64,100",MANOJ KUMAR PANDA,"2,420,208",Accepted-AOC,20-Dec-2022,Orissa Lift Irrigation Corporation||LI KORAPUT||LI Division Koraput,C2_Irrigation,irrigation|l.i.|lift irrigation,Mitigation,False,False
2021_OLIC_74592_155,05/21-22(1),Installation and energisation of Champakenda L.I.Project under Pottangi Block of Koraput District,Installation and energisation of Champakenda L.I.Project under Pottangi Block of Koraput District,Works,Open Tender,Percentage,Civil Works - Lift Irrigation Schemes,No,No,NA ,03-Jan-2022 10:00 AM,NA ,270.0,No ,No,Online,13-Jan-2022 11:00 AM,Orissa Lift Irrigation Corporation||LI KORAPUT||LI Division Koraput,Koraput,764020.0,1.0,"21,18,700",MANOJ KUMAR PANDA,"2,369,024",Accepted-AOC,20-Dec-2022,Orissa Lift Irrigation Corporation||LI KORAPUT||LI Division Koraput,C2_Irrigation,irrigation|l.i.|lift irrigation,Mitigation,False,False
2021_OLIC_74592_157,05/21-22(1),Installation and energisation of Mirieipadu L.I.Project under Pottangi Block of Koraput District,Installation and energisation of Mirieipadu L.I.Project under Pottangi Block of Koraput District,Works,Open Tender,Percentage,Civil Works - Lift Irrigation Schemes,No,No,NA ,03-Jan-2022 10:00 AM,NA ,270.0,No ,No,Online,13-Jan-2022 11:00 AM,Orissa Lift Irrigation Corporation||LI KORAPUT||LI Division Koraput,Koraput,764020.0,1.0,"20,69,100",M/S. MAA DURGA ENGINEERING ASSOCIATES,"2,313,024",Accepted-AOC,20-Dec-2022,Orissa Lift Irrigation Corporation||LI KORAPUT||LI Division Koraput,C2_Irrigation,irrigation|l.i.|lift irrigation,Mitigation,False,False
2021_OLIC_74592_167,05/21-22(1),Installation and energisation of Khudi VI L.I.Project under Semiliguda Block of Koraput District,Installation and energisation of Khudi VI L.I.Project under Semiliguda Block of Koraput District,Works,Open Tender,Percentage,Civil Works - Lift Irrigation Schemes,No,No,NA ,03-Jan-2022 10:00 AM,NA ,270.0,No ,No,Online,13-Jan-2022 11:00 AM,Orissa Lift Irrigation Corporation||LI KORAPUT||LI Division Koraput,Koraput,764020.0,1.0,"21,20,000",MANOJ KUMAR PANDA,"2,370,256",Accepted-AOC,20-Dec-2022,Orissa Lift Irrigation Corporation||LI KORAPUT||LI Division Koraput,C2_Irrigation,irrigation|l.i.|lift irrigation,Mitigation,False,False
2021_OLIC_74592_19,05/21-22(1),Installation and energisation of Ghumura - II L.I.Project under Bandhugam Block of Koraput District,Installation and energisation of Ghumura - II L.I.Project under Bandhugam Block of Koraput District,Works,Open Tender,Percentage,Civil Works - Lift Irrigation Schemes,No,No,NA ,03-Jan-2022 10:00 AM,NA ,270.0,No ,No,Online,13-Jan-2022 11:00 AM,Orissa Lift Irrigation Corporation||LI KORAPUT||LI Division Koraput,Koraput,764020.0,1.0,"22,60,500",DHARITRI PADHY,"2,530,976",Accepted-AOC,21-Dec-2022,Orissa Lift Irrigation Corporation||LI KORAPUT||LI Division Koraput,C2_Irrigation,irrigation|l.i.|lift irrigation,Mitigation,False,False
2021_OLIC_74592_20,05/21-22(1),Installation and energisation of Kamaganda - I L.I.Project under Bandhugam Block of Koraput District,Installation and energisation of Kamaganda - I L.I.Project under Bandhugam Block of Koraput District,Works,Open Tender,Percentage,Civil Works - Lift Irrigation Schemes,No,No,NA ,03-Jan-2022 10:00 AM,NA ,270.0,No ,No,Online,13-Jan-2022 11:00 AM,Orissa Lift Irrigation Corporation||LI KORAPUT||LI Division Koraput,Koraput,764020.0,1.0,"23,17,900",M/A OOMKAR TECNICAL SERVICE (P) LTD,"2,592,352",Accepted-AOC,21-Dec-2022,Orissa Lift Irrigation Corporation||LI KORAPUT||LI Division Koraput,C2_Irrigation,irrigation|l.i.|lift irrigation,Mitigation,False,False
2021_OLIC_74592_21,05/21-22(1),Installation and energisation of Kamaganda - II L.I.Project under Bandhugam Block of Koraput District,Installation and energisation of Kamaganda - II L.I.Project under Bandhugam Block of Koraput District,Works,Open Tender,Percentage,Civil Works - Lift Irrigation Schemes,No,No,NA ,03-Jan-2022 10:00 AM,NA ,270.0,No ,No,Online,13-Jan-2022 11:00 AM,Orissa Lift Irrigation Corporation||LI KORAPUT||LI Division Koraput,Koraput,764020.0,1.0,"22,86,400",M/A OOMKAR TECNICAL SERVICE (P) LTD,"2,556,176",Accepted-AOC,21-Dec-2022,Orissa Lift Irrigation Corporation||LI KORAPUT||LI Division Koraput,C2_Irrigation,irrigation|l.i.|lift irrigation,Mitigation,False,False
2021_OLIC_74592_22,05/21-22(1),Installation and energisation of Kanagaon - III L.I.Project under Bandhugam Block of Koraput District,Installation and energisation of Kanagaon - III L.I.Project under Bandhugam Block of Koraput District,Works,Open Tender,Percentage,Civil Works - Lift Irrigation Schemes,No,No,NA ,03-Jan-2022 10:00 AM,NA ,270.0,No ,No,Online,13-Jan-2022 11:00 AM,Orissa Lift Irrigation Corporation||LI KORAPUT||LI Division Koraput,Koraput,764020.0,1.0,"23,95,400",DHARITRI PADHY,"2,678,592",Accepted-AOC,21-Dec-2022,Orissa Lift Irrigation Corporation||LI KORAPUT||LI Division Koraput,C2_Irrigation,irrigation|l.i.|lift irrigation,Mitigation,False,False
2021_OLIC_74592_23,05/21-22(1),Installation and energisation of Katragada - IV L.I.Project under Bandhugam Block of Koraput District,Installation and energisation of Katragada - IV L.I.Project under Bandhugam Block of Koraput District,Works,Open Tender,Percentage,Civil Works - Lift Irrigation Schemes,No,No,NA ,03-Jan-2022 10:00 AM,NA ,270.0,No ,No,Online,13-Jan-2022 11:00 AM,Orissa Lift Irrigation Corporation||LI KORAPUT||LI Division Koraput,Koraput,764020.0,1.0,"21,62,200",DHARITRI PADHY,"2,417,520",Accepted-AOC,21-Dec-2022,Orissa Lift Irrigation Corporation||LI KORAPUT||LI Division Koraput,C2_Irrigation,irrigation|l.i.|lift irrigation,Mitigation,False,False
2021_OLIC_74592_24,05/21-22(1),Installation and energisation of Kintalbhadra - III L.I.Project under Bandhugam Block of Koraput District,Installation and energisation of Kintalbhadra - III L.I.Project under Bandhugam Block of Koraput District,Works,Open Tender,Percentage,Civil Works - Lift Irrigation Schemes,No,No,NA ,03-Jan-2022 10:00 AM,NA ,270.0,No ,No,Online,13-Jan-2022 11:00 AM,Orissa Lift Irrigation Corporation||LI KORAPUT||LI Division Koraput,Koraput,764020.0,1.0,"24,17,300",DHARITRI PADHY,"2,703,232",Accepted-AOC,21-Dec-2022,Orissa Lift Irrigation Corporation||LI KORAPUT||LI Division Koraput,C2_Irrigation,irrigation|l.i.|lift irrigation,Mitigation,False,False
2021_OLIC_74592_25,05/21-22(1),Installation and energisation of Leding I II L.I.Project under Bandhugam Block of Koraput District,Installation and energisation of Leding I II L.I.Project under Bandhugam Block of Koraput District,Works,Open Tender,Percentage,Civil Works - Lift Irrigation Schemes,No,No,NA ,03-Jan-2022 10:00 AM,NA ,270.0,No ,No,Online,13-Jan-2022 11:00 AM,Orissa Lift Irrigation Corporation||LI KORAPUT||LI Division Koraput,Koraput,764020.0,1.0,"46,40,200",CHANDAN NAYAK,"5,193,552",Accepted-AOC,21-Dec-2022,Orissa Lift Irrigation Corporation||LI KORAPUT||LI Division Koraput,C2_Irrigation,irrigation|l.i.|lift irrigation,Mitigation,False,False
2021_OLIC_74592_26,05/21-22(1),Installation and energisation of Palaka L.I.Project under Bandhugam Block of Koraput District,Installation and energisation of Palaka L.I.Project under Bandhugam Block of Koraput District,Works,Open Tender,Percentage,Civil Works - Lift Irrigation Schemes,No,No,NA ,03-Jan-2022 10:00 AM,NA ,270.0,No ,No,Online,13-Jan-2022 11:00 AM,Orissa Lift Irrigation Corporation||LI KORAPUT||LI Division Koraput,Koraput,764020.0,1.0,"23,34,000",DHARITRI PADHY,"2,609,264",Accepted-AOC,21-Dec-2022,Orissa Lift Irrigation Corporation||LI KORAPUT||LI Division Koraput,C2_Irrigation,irrigation|l.i.|lift irrigation,Mitigation,False,False
2021_OLIC_74592_27,05/21-22(1),Installation and energisation of Putikabalsa I L.I.Project under Bandhugam Block of Koraput District,Installation and energisation of Putikabalsa I L.I.Project under Bandhugam Block of Koraput District,Works,Open Tender,Percentage,Civil Works - Lift Irrigation Schemes,No,No,NA ,03-Jan-2022 10:00 AM,NA ,270.0,No ,No,Online,13-Jan-2022 11:00 AM,Orissa Lift Irrigation Corporation||LI KORAPUT||LI Division Koraput,Koraput,764020.0,1.0,"23,75,500",RAMESH CHANDRA BISWAL,"2,655,744",Accepted-AOC,21-Dec-2022,Orissa Lift Irrigation Corporation||LI KORAPUT||LI Division Koraput,C2_Irrigation,irrigation|l.i.|lift irrigation,Mitigation,False,False
2021_OLIC_74592_28,05/21-22(1),Installation and energisation of Putikabalsa II L.I.Project under Bandhugam Block of Koraput District,Installation and energisation of Putikabalsa II L.I.Project under Bandhugam Block of Koraput District,Works,Open Tender,Percentage,Civil Works - Lift Irrigation Schemes,No,No,NA ,03-Jan-2022 10:00 AM,NA ,270.0,No ,No,Online,13-Jan-2022 11:00 AM,Orissa Lift Irrigation Corporation||LI KORAPUT||LI Division Koraput,Koraput,764020.0,1.0,"22,67,300",RAMESH CHANDRA BISWAL,"2,538,592",Accepted-AOC,21-Dec-2022,Orissa Lift Irrigation Corporation||LI KORAPUT||LI Division Koraput,C2_Irrigation,irrigation|l.i.|lift irrigation,Mitigation,False,False
2021_OLIC_74592_29,05/21-22(1),Installation and energisation of Sanamathur II L.I.Project under Bandhugam Block of Koraput District,Installation and energisation of Sanamathur II L.I.Project under Bandhugam Block of Koraput District,Works,Open Tender,Percentage,Civil Works - Lift Irrigation Schemes,No,No,NA ,03-Jan-2022 10:00 AM,NA ,270.0,No ,No,Online,13-Jan-2022 11:00 AM,Orissa Lift Irrigation Corporation||LI KORAPUT||LI Division Koraput,Koraput,764020.0,1.0,"22,78,000",DHARITRI PADHY,"2,547,776",Accepted-AOC,21-Dec-2022,Orissa Lift Irrigation Corporation||LI KORAPUT||LI Division Koraput,C2_Irrigation,irrigation|l.i.|lift irrigation,Mitigation,False,False
2021_OLIC_74592_30,05/21-22(1),Installation and energisation of Sanapalmunda VII L.I.Project under Bandhugam Block of Koraput District,Installation and energisation of Sanapalmunda VII L.I.Project under Bandhugam Block of Koraput District,Works,Open Tender,Percentage,Civil Works - Lift Irrigation Schemes,No,No,NA ,03-Jan-2022 10:00 AM,NA ,270.0,No ,No,Online,13-Jan-2022 11:00 AM,Orissa Lift Irrigation Corporation||LI KORAPUT||LI Division Koraput,Koraput,764020.0,1.0,"26,07,600",DHARITRI PADHY,"2,915,808",Accepted-AOC,21-Dec-2022,Orissa Lift Irrigation Corporation||LI KORAPUT||LI Division Koraput,C2_Irrigation,irrigation|l.i.|lift irrigation,Mitigation,False,False
2021_OLIC_74592_31,05/21-22(1),Installation and energisation of Sanasarapalli VIII L.I.Project under Bandhugam Block of Koraput District,Installation and energisation of Sanasarapalli VIII L.I.Project under Bandhugam Block of Koraput District,Works,Open Tender,Percentage,Civil Works - Lift Irrigation Schemes,No,No,NA ,03-Jan-2022 10:00 AM,NA ,270.0,No ,No,Online,13-Jan-2022 11:00 AM,Orissa Lift Irrigation Corporation||LI KORAPUT||LI Division Koraput,Koraput,764020.0,1.0,"24,12,400",DHARITRI PADHY,"2,698,192",Accepted-AOC,21-Dec-2022,Orissa Lift Irrigation Corporation||LI KORAPUT||LI Division Koraput,C2_Irrigation,irrigation|l.i.|lift irrigation,Mitigation,False,False
2021_OLIC_74592_32,05/21-22(1),Installation and energisation of B Singpur V L.I.Project under Boriguma Block of Koraput District,Installation and energisation of B Singpur V L.I.Project under Boriguma Block of Koraput District,Works,Open Tender,Percentage,Civil Works - Lift Irrigation Schemes,No,No,NA ,03-Jan-2022 10:00 AM,NA ,270.0,No ,No,Online,13-Jan-2022 11:00 AM,Orissa Lift Irrigation Corporation||LI KORAPUT||LI Division Koraput,Koraput,764020.0,1.0,"21,45,000",M/S. PADHI ELECTRICALS,"2,385,712",Accepted-AOC,21-Dec-2022,Orissa Lift Irrigation Corporation||LI KORAPUT||LI Division Koraput,C2_Irrigation,irrigation|l.i.|lift irrigation,Mitigation,False,False
2021_OLIC_74592_39,05/21-22(1),Installation and energisation of Dengapadar VIII L.I.Project under Boriguma Block of Koraput District,Installation and energisation of Dengapadar VIII L.I.Project under Boriguma Block of Koraput District,Works,Open Tender,Percentage,Civil Works - Lift Irrigation Schemes,No,No,NA ,03-Jan-2022 10:00 AM,NA ,270.0,No ,No,Online,13-Jan-2022 11:00 AM,Orissa Lift Irrigation Corporation||LI KORAPUT||LI Division Koraput,Koraput,764020.0,1.0,"23,08,700",BADAL PATTNAIK,"2,569,056",Accepted-AOC,21-Dec-2022,Orissa Lift Irrigation Corporation||LI KORAPUT||LI Division Koraput,C2_Irrigation,irrigation|l.i.|lift irrigation,Mitigation,False,False
2021_OLIC_74592_41,05/21-22(1),Installation and energisation of Kamta XII L.I.Project under Boriguma Block of Koraput District,Installation and energisation of Kamta XII L.I.Project under Boriguma Block of Koraput District,Works,Open Tender,Percentage,Civil Works - Lift Irrigation Schemes,No,No,NA ,03-Jan-2022 10:00 AM,NA ,270.0,No ,No,Online,13-Jan-2022 11:00 AM,Orissa Lift Irrigation Corporation||LI KORAPUT||LI Division Koraput,Koraput,764020.0,1.0,"23,90,500",CHANDAN NAYAK,"2,667,504",Accepted-AOC,21-Dec-2022,Orissa Lift Irrigation Corporation||LI KORAPUT||LI Division Koraput,C2_Irrigation,irrigation|l.i.|lift irrigation,Mitigation,False,False
2021_OLIC_74592_46,05/21-22(1),Installation and energisation of Malinibhata L.I.Project under Boriguma Block of Koraput District,Installation and energisation of Malinibhata L.I.Project under Boriguma Block of Koraput District,Works,Open Tender,Percentage,Civil Works - Lift Irrigation Schemes,No,No,NA ,03-Jan-2022 10:00 AM,NA ,270.0,No ,No,Online,13-Jan-2022 11:00 AM,Orissa Lift Irrigation Corporation||LI KORAPUT||LI Division Koraput,Koraput,764020.0,1.0,"21,08,900",ANUP KUMAR GANTAYAT,"2,350,992",Accepted-AOC,21-Dec-2022,Orissa Lift Irrigation Corporation||LI KORAPUT||LI Division Koraput,C2_Irrigation,irrigation|l.i.|lift irrigation,Mitigation,False,False
2021_OLIC_74592_48,05/21-22(1),Installation and energisation of Manahara V L.I.Project under Boriguma Block of Koraput District,Installation and energisation of Manahara V L.I.Project under Boriguma Block of Koraput District,Works,Open Tender,Percentage,Civil Works - Lift Irrigation Schemes,No,No,NA ,03-Jan-2022 10:00 AM,NA ,270.0,No ,No,Online,13-Jan-2022 11:00 AM,Orissa Lift Irrigation Corporation||LI KORAPUT||LI Division Koraput,Koraput,764020.0,1.0,"21,38,300",ANUP KUMAR GANTAYAT,"2,378,208",Accepted-AOC,21-Dec-2022,Orissa Lift Irrigation Corporation||LI KORAPUT||LI Division Koraput,C2_Irrigation,irrigation|l.i.|lift irrigation,Mitigation,False,False
2021_OLIC_74592_5,05/21-22(1),Installation and energisation of Khaparaput L.I.Project under Baipariguda Block of Koraput District,Installation and energisation of Khaparaput L.I.Project under Baipariguda Block of Koraput District,Works,Open Tender,Percentage,Civil Works - Lift Irrigation Schemes,No,No,NA ,03-Jan-2022 10:00 AM,NA ,270.0,No ,No,Online,13-Jan-2022 11:00 AM,Orissa Lift Irrigation Corporation||LI KORAPUT||LI Division Koraput,Koraput,764020.0,1.0,"20,04,600",BADAL PATTNAIK,"2,229,136",Accepted-AOC,21-Dec-2022,Orissa Lift Irrigation Corporation||LI KORAPUT||LI Division Koraput,C2_Irrigation,irrigation|l.i.|lift irrigation,Mitigation,False,False
2021_OLIC_74592_53,05/21-22(1),Installation and energisation of Retali XI L.I.Project under Boriguma Block of Koraput District,Installation and energisation of Retali XI L.I.Project under Boriguma Block of Koraput District,Works,Open Tender,Percentage,Civil Works - Lift Irrigation Schemes,No,No,NA ,03-Jan-2022 10:00 AM,NA ,270.0,No ,No,Online,13-Jan-2022 11:00 AM,Orissa Lift Irrigation Corporation||LI KORAPUT||LI Division Koraput,Koraput,764020.0,1.0,"25,20,800",CHANDAN NAYAK,"2,811,984",Accepted-AOC,21-Dec-2022,Orissa Lift Irrigation Corporation||LI KORAPUT||LI Division Koraput,C2_Irrigation,irrigation|l.i.|lift irrigation,Mitigation,False,False
2021_OLIC_74592_54,05/21-22(1),Installation and energisation of Retali XII L.I.Project under Boriguma Block of Koraput District,Installation and energisation of Retali XII L.I.Project under Boriguma Block of Koraput District,Works,Open Tender,Percentage,Civil Works - Lift Irrigation Schemes,No,No,NA ,03-Jan-2022 10:00 AM,NA ,270.0,No ,No,Online,13-Jan-2022 11:00 AM,Orissa Lift Irrigation Corporation||LI KORAPUT||LI Division Koraput,Koraput,764020.0,1.0,"24,05,400",CHANDAN NAYAK,"2,680,160",Accepted-AOC,21-Dec-2022,Orissa Lift Irrigation Corporation||LI KORAPUT||LI Division Koraput,C2_Irrigation,irrigation|l.i.|lift irrigation,Mitigation,False,False
2021_OLIC_74592_72,05/21-22(1),Installation and energisation of Sargiguda I II L.I.Project under Dasmantpur Block of Koraput District,Installation and energisation of Sargiguda I II L.I.Project under Dasmantpur Block of Koraput District,Works,Open Tender,Percentage,Civil Works - Lift Irrigation Schemes,No,No,NA ,03-Jan-2022 10:00 AM,NA ,270.0,No ,No,Online,13-Jan-2022 11:00 AM,Orissa Lift Irrigation Corporation||LI KORAPUT||LI Division Koraput,Koraput,764020.0,1.0,"45,15,700",CHANDAN NAYAK,"5,054,112",Accepted-AOC,20-Dec-2022,Orissa Lift Irrigation Corporation||LI KORAPUT||LI Division Koraput,C2_Irrigation,irrigation|l.i.|lift irrigation,Mitigation,False,False
2021_OLIC_74592_74,05/21-22(1),Installation and energisation of Durgabhata VI L.I.Project under Jeypore Block of Koraput District,Installation and energisation of Durgabhata VI L.I.Project under Jeypore Block of Koraput District,Works,Open Tender,Percentage,Civil Works - Lift Irrigation Schemes,No,No,NA ,03-Jan-2022 10:00 AM,NA ,270.0,No ,No,Online,13-Jan-2022 11:00 AM,Orissa Lift Irrigation Corporation||LI KORAPUT||LI Division Koraput,Koraput,764020.0,1.0,"20,47,400",ANUP KUMAR GANTAYAT,"2,277,184",Accepted-AOC,20-Dec-2022,Orissa Lift Irrigation Corporation||LI KORAPUT||LI Division Koraput,C2_Irrigation,irrigation|l.i.|lift irrigation,Mitigation,False,False
2021_OLIC_74592_75,05/21-22(1),Installation and energisation of Hatbariguda L.I.Project under Jeypore Block of Koraput District,Installation and energisation of Hatbariguda L.I.Project under Jeypore Block of Koraput District,Works,Open Tender,Percentage,Civil Works - Lift Irrigation Schemes,No,No,NA ,03-Jan-2022 10:00 AM,NA ,270.0,No ,No,Online,13-Jan-2022 11:00 AM,Orissa Lift Irrigation Corporation||LI KORAPUT||LI Division Koraput,Koraput,764020.0,1.0,"23,19,900",M/S U.S. QUALITY ENGINEERING WORKS,"2,581,152",Accepted-AOC,20-Dec-2022,Orissa Lift Irrigation Corporation||LI KORAPUT||LI Division Koraput,C2_Irrigation,irrigation|l.i.|lift irrigation,Mitigation,False,False
2021_OLIC_74592_76,05/21-22(1),Installation and energisation of Salpa IX L.I.Project under Jeypore Block of Koraput District,Installation and energisation of Salpa IX L.I.Project under Jeypore Block of Koraput District,Works,Open Tender,Percentage,Civil Works - Lift Irrigation Schemes,No,No,NA ,03-Jan-2022 10:00 AM,NA ,270.0,No ,No,Online,13-Jan-2022 11:00 AM,Orissa Lift Irrigation Corporation||LI KORAPUT||LI Division Koraput,Koraput,764020.0,1.0,"22,51,800",ANUP KUMAR GANTAYAT,"2,505,216",Accepted-AOC,20-Dec-2022,Orissa Lift Irrigation Corporation||LI KORAPUT||LI Division Koraput,C2_Irrigation,irrigation|l.i.|lift irrigation,Mitigation,False,False
2021_OLIC_74592_77,05/21-22(1),Installation and energisation of Erapali VII L.I.Project under Kotpad Block of Koraput District,Installation and energisation of Erapali VII L.I.Project under Kotpad Block of Koraput District,Works,Open Tender,Percentage,Civil Works - Lift Irrigation Schemes,No,No,NA ,03-Jan-2022 10:00 AM,NA ,270.0,No ,No,Online,13-Jan-2022 11:00 AM,Orissa Lift Irrigation Corporation||LI KORAPUT||LI Division Koraput,Koraput,764020.0,1.0,"20,68,400",BADAL PATTNAIK,"2,299,472",Accepted-AOC,20-Dec-2022,Orissa Lift Irrigation Corporation||LI KORAPUT||LI Division Koraput,C2_Irrigation,irrigation|l.i.|lift irrigation,Mitigation,False,False
2021_OLIC_74615_10,"No.05/2021-22,Dt.18.12.2021",BAGALDIHA-II-TW,BAGALDIHA-II-TW,Works,Open Tender,Percentage,Civil Works - Lift Irrigation Schemes,No,No,NA ,23-Dec-2021 05:00 PM,NA ,365.0,No ,No,Online,07-Jan-2022 11:00 AM,Orissa Lift Irrigation Corporation||LI BALASORE||LI Division Jaleswar,JALESWAR BALASORE ODISHA,756032.0,1.0,"17,35,880",AJU KUMAR BEHERA,"1,723,729",Accepted-AOC,21-Dec-2022,Orissa Lift Irrigation Corporation||LI BALASORE||LI Division Jaleswar,C2_Irrigation,irrigation|lift irrigation|tw ,Unknown,False,False
2021_OLIC_74615_100,"No.05/2021-22,Dt.18.12.2021",KABAGHATI-I-TW,KABAGHATI-I-TW,Works,Open Tender,Percentage,Civil Works - Lift Irrigation Schemes,No,No,NA ,23-Dec-2021 05:00 PM,NA ,365.0,No ,No,Online,07-Jan-2022 11:00 AM,Orissa Lift Irrigation Corporation||LI BALASORE||LI Division Jaleswar,JALESWAR BALASORE ODISHA,756032.0,1.0,"22,20,194",AJU KUMAR BEHERA,"2,204,653",Accepted-AOC,24-Dec-2022,Orissa Lift Irrigation Corporation||LI BALASORE||LI Division Jaleswar,C2_Irrigation,irrigation|lift irrigation|tw ,Unknown,False,False
2021_OLIC_74615_104,"No.05/2021-22,Dt.18.12.2021",OLINDA-V-TW,OLINDA-V-TW,Works,Open Tender,Percentage,Civil Works - Lift Irrigation Schemes,No,No,NA ,23-Dec-2021 05:00 PM,NA ,365.0,No ,No,Online,07-Jan-2022 11:00 AM,Orissa Lift Irrigation Corporation||LI BALASORE||LI Division Jaleswar,JALESWAR BALASORE ODISHA,756032.0,1.0,"18,93,580",Ashabari Das,"1,893,580",Accepted-AOC,24-Dec-2022,Orissa Lift Irrigation Corporation||LI BALASORE||LI Division Jaleswar,C2_Irrigation,irrigation|lift irrigation|tw ,Unknown,False,False
2021_OLIC_74615_105,"No.05/2021-22,Dt.18.12.2021",OLINDA-IV-TW,OLINDA-IV-TW,Works,Open Tender,Percentage,Civil Works - Lift Irrigation Schemes,No,No,NA ,23-Dec-2021 05:00 PM,NA ,365.0,No ,No,Online,07-Jan-2022 11:00 AM,Orissa Lift Irrigation Corporation||LI BALASORE||LI Division Jaleswar,JALESWAR BALASORE ODISHA,756032.0,1.0,"18,99,896",Ashabari Das,"1,899,896",Accepted-AOC,24-Dec-2022,Orissa Lift Irrigation Corporation||LI BALASORE||LI Division Jaleswar,C2_Irrigation,irrigation|lift irrigation|tw ,Unknown,False,False
2021_OLIC_74615_106,"No.05/2021-22,Dt.18.12.2021",KHIRKOLSAHI-I-TW,KHIRKOLSAHI-I-TW,Works,Open Tender,Percentage,Civil Works - Lift Irrigation Schemes,No,No,NA ,23-Dec-2021 05:00 PM,NA ,365.0,No ,No,Online,07-Jan-2022 11:00 AM,Orissa Lift Irrigation Corporation||LI BALASORE||LI Division Jaleswar,JALESWAR BALASORE ODISHA,756032.0,1.0,"18,73,802",Ashabari Das,"1,873,802",Accepted-AOC,24-Dec-2022,Orissa Lift Irrigation Corporation||LI BALASORE||LI Division Jaleswar,C2_Irrigation,irrigation|lift irrigation|tw ,Unknown,False,False
2021_OLIC_74615_112,"No.05/2021-22,Dt.18.12.2021",KHARIDA-I-TW,KHARIDA-I-TW,Works,Open Tender,Percentage,Civil Works - Lift Irrigation Schemes,No,No,NA ,23-Dec-2021 05:00 PM,NA ,365.0,No ,No,Online,07-Jan-2022 11:00 AM,Orissa Lift Irrigation Corporation||LI BALASORE||LI Division Jaleswar,JALESWAR BALASORE ODISHA,756032.0,1.0,"18,96,478",Debashish Mahana,"1,896,478",Accepted-AOC,26-Dec-2022,Orissa Lift Irrigation Corporation||LI BALASORE||LI Division Jaleswar,C2_Irrigation,irrigation|lift irrigation|tw ,Unknown,False,False
2021_OLIC_74615_114,"No.05/2021-22,Dt.18.12.2021",KANKADAFERA-II-TW,KANKADAFERA-II-TW,Works,Open Tender,Percentage,Civil Works - Lift Irrigation Schemes,No,No,NA ,23-Dec-2021 05:00 PM,NA ,365.0,No ,No,Online,07-Jan-2022 11:00 AM,Orissa Lift Irrigation Corporation||LI BALASORE||LI Division Jaleswar,JALESWAR BALASORE ODISHA,756032.0,1.0,"18,95,378",Ashabari Das,"1,895,378",Accepted-AOC,26-Dec-2022,Orissa Lift Irrigation Corporation||LI BALASORE||LI Division Jaleswar,C2_Irrigation,irrigation|lift irrigation|tw ,Unknown,False,False
2021_OLIC_74615_118,"No.05/2021-22,Dt.18.12.2021",SULASANDHA-III-TW,SULASANDHA-III-TW,Works,Open Tender,Percentage,Civil Works - Lift Irrigation Schemes,No,No,NA ,23-Dec-2021 05:00 PM,NA ,365.0,No ,No,Online,07-Jan-2022 11:00 AM,Orissa Lift Irrigation Corporation||LI BALASORE||LI Division Jaleswar,JALESWAR BALASORE ODISHA,756032.0,1.0,"19,01,219",Debashish Mahana,"1,901,219",Accepted-AOC,26-Dec-2022,Orissa Lift Irrigation Corporation||LI BALASORE||LI Division Jaleswar,C2_Irrigation,irrigation|lift irrigation|tw ,Unknown,False,False
2021_OLIC_74615_125,"No.05/2021-22,Dt.18.12.2021",R.R.PUR-III-TW,R.R.PUR-III-TW,Works,Open Tender,Percentage,Civil Works - Lift Irrigation Schemes,No,No,NA ,23-Dec-2021 05:00 PM,NA ,365.0,No ,No,Online,07-Jan-2022 11:00 AM,Orissa Lift Irrigation Corporation||LI BALASORE||LI Division Jaleswar,JALESWAR BALASORE ODISHA,756032.0,1.0,"22,44,882",Debashish Mahana,"2,243,535",Accepted-AOC,26-Dec-2022,Orissa Lift Irrigation Corporation||LI BALASORE||LI Division Jaleswar,C2_Irrigation,irrigation|lift irrigation|tw ,Unknown,False,False
2021_OLIC_74615_127,"No.05/2021-22,Dt.18.12.2021",OLINDA-III-TW,OLINDA-III-TW,Works,Open Tender,Percentage,Civil Works - Lift Irrigation Schemes,No,No,NA ,23-Dec-2021 05:00 PM,NA ,365.0,No ,No,Online,07-Jan-2022 11:00 AM,Orissa Lift Irrigation Corporation||LI BALASORE||LI Division Jaleswar,JALESWAR BALASORE ODISHA,756032.0,1.0,"18,94,419",Ashabari Das,"1,894,419",Accepted-AOC,26-Dec-2022,Orissa Lift Irrigation Corporation||LI BALASORE||LI Division Jaleswar,C2_Irrigation,irrigation|lift irrigation|tw ,Unknown,False,False
2021_OLIC_74615_129,"No.05/2021-22,Dt.18.12.2021",BADATIKAYATPUR-III-TW,BADATIKAYATPUR-III-TW,Works,Open Tender,Percentage,Civil Works - Lift Irrigation Schemes,No,No,NA ,23-Dec-2021 05:00 PM,NA ,365.0,No ,No,Online,07-Jan-2022 11:00 AM,Orissa Lift Irrigation Corporation||LI BALASORE||LI Division Jaleswar,JALESWAR BALASORE ODISHA,756032.0,1.0,"18,94,242",LOKANATH PARIDA,"1,894,242",Accepted-AOC,26-Dec-2022,Orissa Lift Irrigation Corporation||LI BALASORE||LI Division Jaleswar,C2_Irrigation,irrigation|lift irrigation|tw ,Unknown,False,False
2021_OLIC_74615_132,"No.05/2021-22,Dt.18.12.2021",KHIRKOLSAHI-II-TW,KHIRKOLSAHI-II-TW,Works,Open Tender,Percentage,Civil Works - Lift Irrigation Schemes,No,No,NA ,23-Dec-2021 05:00 PM,NA ,365.0,No ,No,Online,07-Jan-2022 11:00 AM,Orissa Lift Irrigation Corporation||LI BALASORE||LI Division Jaleswar,JALESWAR BALASORE ODISHA,756032.0,1.0,"18,27,585",Baneswar Das,"1,800,171",Accepted-AOC,26-Dec-2022,Orissa Lift Irrigation Corporation||LI BALASORE||LI Division Jaleswar,C2_Irrigation,irrigation|lift irrigation|tw ,Unknown,False,False
2021_OLIC_74615_138,"No.05/2021-22,Dt.18.12.2021",PURUNAPANI-III-TW,PURUNAPANI-III-TW,Works,Open Tender,Percentage,Civil Works - Lift Irrigation Schemes,No,No,NA ,23-Dec-2021 05:00 PM,NA ,365.0,No ,No,Online,07-Jan-2022 11:00 AM,Orissa Lift Irrigation Corporation||LI BALASORE||LI Division Jaleswar,JALESWAR BALASORE ODISHA,756032.0,1.0,"17,88,484",Ashabari Das,"1,788,484",Accepted-AOC,26-Dec-2022,Orissa Lift Irrigation Corporation||LI BALASORE||LI Division Jaleswar,C2_Irrigation,irrigation|lift irrigation|tw ,Unknown,False,False
2021_OLIC_74615_140,"No.05/2021-22,Dt.18.12.2021",SUNDARADI-TW,SUNDARADI-TW,Works,Open Tender,Percentage,Civil Works - Lift Irrigation Schemes,No,No,NA ,23-Dec-2021 05:00 PM,NA ,365.0,No ,No,Online,07-Jan-2022 11:00 AM,Orissa Lift Irrigation Corporation||LI BALASORE||LI Division Jaleswar,JALESWAR BALASORE ODISHA,756032.0,1.0,"14,96,220",Gouri Shankar Sur,"1,496,220",Accepted-AOC,26-Dec-2022,Orissa Lift Irrigation Corporation||LI BALASORE||LI Division Jaleswar,C2_Irrigation,irrigation|lift irrigation|tw ,Unknown,False,False
2021_OLIC_74615_147,"No.05/2021-22,Dt.18.12.2021",C.B.KALAROI-II-TW,C.B.KALAROI-II-TW,Works,Open Tender,Percentage,Civil Works - Lift Irrigation Schemes,No,No,NA ,23-Dec-2021 05:00 PM,NA ,365.0,No ,No,Online,07-Jan-2022 11:00 AM,Orissa Lift Irrigation Corporation||LI BALASORE||LI Division Jaleswar,JALESWAR BALASORE ODISHA,756032.0,1.0,"14,96,228",AJAYA KUMAR DAS,"1,496,288",Accepted-AOC,26-Dec-2022,Orissa Lift Irrigation Corporation||LI BALASORE||LI Division Jaleswar,C2_Irrigation,irrigation|lift irrigation|tw ,Unknown,False,False
2021_OLIC_74615_18,"No.05/2021-22,Dt.18.12.2021",ARUHABRUTI-V-RL,ARUHABRUTI-V-RL,Works,Open Tender,Percentage,Civil Works - Lift Irrigation Schemes,No,No,NA ,23-Dec-2021 05:00 PM,NA ,365.0,No ,No,Online,07-Jan-2022 11:00 AM,Orissa Lift Irrigation Corporation||LI BALASORE||LI Division Jaleswar,JALESWAR BALASORE ODISHA,756032.0,1.0,"21,53,138",GOUTAM PRADHAN,"2,079,931",Accepted-AOC,21-Dec-2022,Orissa Lift Irrigation Corporation||LI BALASORE||LI Division Jaleswar,C2_Irrigation,irrigation|lift irrigation,Unknown,False,False
2021_OLIC_74615_2,"No.05/2021-22,Dt.18.12.2021",DHARAMPUR-TW,DHARAMPUR-TW,Works,Open Tender,Percentage,Civil Works - Lift Irrigation Schemes,No,No,NA ,23-Dec-2021 05:00 PM,NA ,365.0,No ,No,Online,07-Jan-2022 11:00 AM,Orissa Lift Irrigation Corporation||LI BALASORE||LI Division Jaleswar,JALESWAR BALASORE ODISHA,756032.0,1.0,"15,76,773",Baneswar Das,"1,576,773",Accepted-AOC,21-Dec-2022,Orissa Lift Irrigation Corporation||LI BALASORE||LI Division Jaleswar,C2_Irrigation,irrigation|lift irrigation|tw ,Unknown,False,False
2021_OLIC_74615_24,"No.05/2021-22,Dt.18.12.2021",NATHIPUR-II-RL,NATHIPUR-II-RL,Works,Open Tender,Percentage,Civil Works - Lift Irrigation Schemes,No,No,NA ,23-Dec-2021 05:00 PM,NA ,365.0,No ,No,Online,07-Jan-2022 11:00 AM,Orissa Lift Irrigation Corporation||LI BALASORE||LI Division Jaleswar,JALESWAR BALASORE ODISHA,756032.0,1.0,"15,49,724",GITANJALI GHOSH,"1,489,285",Accepted-AOC,21-Dec-2022,Orissa Lift Irrigation Corporation||LI BALASORE||LI Division Jaleswar,C2_Irrigation,irrigation|lift irrigation,Unknown,False,False
2021_OLIC_74615_4,"No.05/2021-22,Dt.18.12.2021",BANAKATI(BANASAHI)-TW,BANAKATI(BANASAHI)-TW,Works,Open Tender,Percentage,Civil Works - Lift Irrigation Schemes,No,No,NA ,23-Dec-2021 05:00 PM,NA ,365.0,No ,No,Online,07-Jan-2022 11:00 AM,Orissa Lift Irrigation Corporation||LI BALASORE||LI Division Jaleswar,JALESWAR BALASORE ODISHA,756032.0,1.0,"15,60,988",Ashabari Das,"1,638,882",Accepted-AOC,21-Dec-2022,Orissa Lift Irrigation Corporation||LI BALASORE||LI Division Jaleswar,C2_Irrigation,irrigation|lift irrigation|tw ,Unknown,False,False
2021_OLIC_74615_50,"No.05/2021-22,Dt.18.12.2021",BHANDIPUR-I-TW,BHANDIPUR-I-TW,Works,Open Tender,Percentage,Civil Works - Lift Irrigation Schemes,No,No,NA ,23-Dec-2021 05:00 PM,NA ,365.0,No ,No,Online,07-Jan-2022 11:00 AM,Orissa Lift Irrigation Corporation||LI BALASORE||LI Division Jaleswar,JALESWAR BALASORE ODISHA,756032.0,1.0,"16,81,230",AJU KUMAR BEHERA,"1,652,649",Accepted-AOC,21-Dec-2022,Orissa Lift Irrigation Corporation||LI BALASORE||LI Division Jaleswar,C2_Irrigation,irrigation|lift irrigation|tw ,Unknown,False,False
2021_OLIC_74615_83,"No.05/2021-22,Dt.18.12.2021",CHITIMISHRA-TW,CHITIMISHRA-TW,Works,Open Tender,Percentage,Civil Works - Lift Irrigation Schemes,No,No,NA ,23-Dec-2021 05:00 PM,NA ,365.0,No ,No,Online,07-Jan-2022 11:00 AM,Orissa Lift Irrigation Corporation||LI BALASORE||LI Division Jaleswar,JALESWAR BALASORE ODISHA,756032.0,1.0,"22,29,395",Debashish Mahana,"2,227,834",Accepted-AOC,21-Dec-2022,Orissa Lift Irrigation Corporation||LI BALASORE||LI Division Jaleswar,C2_Irrigation,irrigation|lift irrigation|tw ,Unknown,False,False
2021_OLIC_74615_84,"No.05/2021-22,Dt.18.12.2021",KABATAGHATI-III-TW,KABATAGHATI-III-TW,Works,Open Tender,Percentage,Civil Works - Lift Irrigation Schemes,No,No,NA ,23-Dec-2021 05:00 PM,NA ,365.0,No ,No,Online,07-Jan-2022 11:00 AM,Orissa Lift Irrigation Corporation||LI BALASORE||LI Division Jaleswar,JALESWAR BALASORE ODISHA,756032.0,1.0,"18,89,567",AJU KUMAR BEHERA,"1,889,567",Accepted-AOC,21-Dec-2022,Orissa Lift Irrigation Corporation||LI BALASORE||LI Division Jaleswar,C2_Irrigation,irrigation|lift irrigation|tw ,Unknown,False,False
2021_OLIC_74615_91,"No.05/2021-22,Dt.18.12.2021",KALAMA-TW,KALAMA-TW,Works,Open Tender,Percentage,Civil Works - Lift Irrigation Schemes,No,No,NA ,23-Dec-2021 05:00 PM,NA ,365.0,No ,No,Online,07-Jan-2022 11:00 AM,Orissa Lift Irrigation Corporation||LI BALASORE||LI Division Jaleswar,JALESWAR BALASORE ODISHA,756032.0,1.0,"22,39,977",AJU KUMAR BEHERA,"2,239,977",Accepted-AOC,24-Dec-2022,Orissa Lift Irrigation Corporation||LI BALASORE||LI Division Jaleswar,C2_Irrigation,irrigation|lift irrigation|tw ,Unknown,False,False
2021_OLIC_74615_93,"No.05/2021-22,Dt.18.12.2021",BELOPAL - TW,BELOPAL - TW,Works,Open Tender,Percentage,Civil Works - Lift Irrigation Schemes,No,No,NA ,23-Dec-2021 05:00 PM,NA ,365.0,No ,No,Online,07-Jan-2022 11:00 AM,Orissa Lift Irrigation Corporation||LI BALASORE||LI Division Jaleswar,JALESWAR BALASORE ODISHA,756032.0,1.0,"21,24,541",AJU KUMAR BEHERA,"2,124,541",Accepted-AOC,24-Dec-2022,Orissa Lift Irrigation Corporation||LI BALASORE||LI Division Jaleswar,C2_Irrigation,irrigation|lift irrigation|tw ,Unknown,False,False
2021_OLIC_74615_95,"No.05/2021-22,Dt.18.12.2021",SARADIHA-TW,SARADIHA-TW,Works,Open Tender,Percentage,Civil Works - Lift Irrigation Schemes,No,No,NA ,23-Dec-2021 05:00 PM,NA ,365.0,No ,No,Online,07-Jan-2022 11:00 AM,Orissa Lift Irrigation Corporation||LI BALASORE||LI Division Jaleswar,JALESWAR BALASORE ODISHA,756032.0,1.0,"22,25,117",AJU KUMAR BEHERA,"2,225,117",Accepted-AOC,24-Dec-2022,Orissa Lift Irrigation Corporation||LI BALASORE||LI Division Jaleswar,C2_Irrigation,irrigation|lift irrigation|tw ,Unknown,False,False
2021_OLIC_74615_96,"No.05/2021-22,Dt.18.12.2021",KALIKAPUR-II-TW,KALIKAPUR-II-TW,Works,Open Tender,Percentage,Civil Works - Lift Irrigation Schemes,No,No,NA ,23-Dec-2021 05:00 PM,NA ,365.0,No ,No,Online,07-Jan-2022 11:00 AM,Orissa Lift Irrigation Corporation||LI BALASORE||LI Division Jaleswar,JALESWAR BALASORE ODISHA,756032.0,1.0,"21,53,731",LOKANATH PARIDA,"2,130,255",Accepted-AOC,24-Dec-2022,Orissa Lift Irrigation Corporation||LI BALASORE||LI Division Jaleswar,C2_Irrigation,irrigation|lift irrigation|tw ,Unknown,False,False
2022_CCEDI_82506_1,02(2)/SEDHWD of 2022-23,Construction of Community Centre at Patulidiha R.R. Colony of Deo Irrigation Project.,Construction of Community Centre at Patulidiha R.R. Colony of Deo Irrigation Project.,Works,Open Tender,Percentage,Civil Works - Buildings,No,No,NA ,31-Oct-2022 10:00 AM,NA ,90.0,No ,No,Online,15-Nov-2022 11:00 AM,CCE Deo Irr Project Karanjia||CCE Deo Irr Project Karanjia||E.E Deo Head Works Divn Karanjia,Patulidiha,757037.0,1.0,"10,95,234",ANITA MISHRA,"931,059",Accepted-AOC,21-Dec-2022,CCE Deo Irr Project Karanjia||CCE Deo Irr Project Karanjia||E.E Deo Head Works Divn Karanjia,C2_Irrigation|C8_Scheme,irr |irrigation|omm,Mitigation,False,False
2022_CEBBU_77353_1,SESID-01(04)/2022-23,CANAL WORKS,Improvement to Huma Tail Distributary and Giripali Minor under Critical Lump for 2022-23.,Works,Open Tender,Percentage,Civil Works - Others,No,No,NA ,30-Apr-2022 11:00 AM,NA ,90.0,No ,No,Online,11-May-2022 11:00 AM,"CE-BM,UM Basin,Burla||SE,Hirakud Dam Circle,Burla||EE Sambalpur Irrigation Division Sambalpur",SAMBALPUR,768001.0,1.0,,ABINASH ROUT,"1,138,540",Accepted-AOC,09-Dec-2022,"CE-BM,UM Basin,Burla||SE,Hirakud Dam Circle,Burla||EE Sambalpur Irrigation Division Sambalpur",C2_Irrigation,distributary|irrigation,Mitigation,False,False
2022_CEBBU_82294_1,SESID-03(01)/2022-23,Slope Protection work on both sides of High-Level Bridge (SH-24 Linking NH-53B) across River Tikira near village Kutasingha for the year 2022-23.,Slope Protection work on both sides of High-Level Bridge (SH-24 Linking NH-53B) across River Tikira near village Kutasingha for the year 2022-23.,Works,Open Tender,Percentage,Civil Works - Others,No,No,NA ,17-Oct-2022 11:00 AM,NA ,90.0,No ,No,Online,31-Oct-2022 11:00 AM,"CE-BM,UM Basin,Burla||SE,Hirakud Dam Circle,Burla||EE Sambalpur Irrigation Division Sambalpur",Sambalpur,768001.0,2.0,"84,73,259",ABHIJEET MISHRA,"7,203,117",Accepted-AOC,19-Dec-2022,"CE-BM,UM Basin,Burla||SE,Hirakud Dam Circle,Burla||EE Sambalpur Irrigation Division Sambalpur",C2_Irrigation,irrigation,Unknown,False,False
2022_CEBMB_77732_1,e-BNID-02/2022-23,Improvement to Mandar Minor near 1st drop of village Padhal.,Improvement to canal,Works,Open Tender,Percentage,Civil Works - Canal,No,No,NA ,17-May-2022 10:00 AM,NA ,90.0,No ,No,Online,27-May-2022 11:00 AM,"CE-BM,RVN Basin,Berhampur||S.E. Southern Irr. Circle I Berhampur||EE Bhanjanagar Irrigation Divn Bhanjanagar",Bhanjanagar,761126.0,1.0,"6,27,000",Balagopal Dalabehera,"606,504",Accepted-AOC,17-Dec-2022,"CE-BM,RVN Basin,Berhampur||S.E. Southern Irr. Circle I Berhampur||EE Bhanjanagar Irrigation Divn Bhanjanagar",C2_Irrigation,canal|irrigation,Mitigation,False,False
2022_CEBMB_77732_11,e-BNID-02/2022-23,Improvement to RFB of Loharakhandi near village Gamundi from RD 4000 M to 4150 M.,Improvement to flood embankment,Works,Open Tender,Percentage,Civil Works - Canal,No,No,NA ,17-May-2022 10:00 AM,NA ,90.0,No ,No,Online,27-May-2022 11:00 AM,"CE-BM,RVN Basin,Berhampur||S.E. Southern Irr. Circle I Berhampur||EE Bhanjanagar Irrigation Divn Bhanjanagar",Bhanjanagar,761126.0,1.0,"5,26,000",Hadubandhu Pradhan,"525,565",Accepted-AOC,18-Dec-2022,"CE-BM,RVN Basin,Berhampur||S.E. Southern Irr. Circle I Berhampur||EE Bhanjanagar Irrigation Divn Bhanjanagar",C2_Irrigation|C4_FloodCyclone,embankment|flood embankment|irrigation,Mitigation,False,False
2022_CEBMB_77732_16,e-BNID-02/2022-23,Improvement to LFB of Baghuanalla from RD 3700 M to 3920 M.,Improvement to flood embankment,Works,Open Tender,Percentage,Civil Works - Canal,No,No,NA ,17-May-2022 10:00 AM,NA ,90.0,No ,No,Online,27-May-2022 11:00 AM,"CE-BM,RVN Basin,Berhampur||S.E. Southern Irr. Circle I Berhampur||EE Bhanjanagar Irrigation Divn Bhanjanagar",Bhanjanagar,761126.0,1.0,"6,56,000",Balagopal Dalabehera,"622,747",Accepted-AOC,18-Dec-2022,"CE-BM,RVN Basin,Berhampur||S.E. Southern Irr. Circle I Berhampur||EE Bhanjanagar Irrigation Divn Bhanjanagar",C2_Irrigation|C4_FloodCyclone,embankment|flood embankment|irrigation,Mitigation,False,False
2022_CEBMB_77732_17,e-BNID-02/2022-23,Improvement to RFB of Kataranalla from RD 3250 M to 3500 M.,Improvement to flood embankment,Works,Open Tender,Percentage,Civil Works - Canal,No,No,NA ,17-May-2022 10:00 AM,NA ,90.0,No ,No,Online,27-May-2022 11:00 AM,"CE-BM,RVN Basin,Berhampur||S.E. Southern Irr. Circle I Berhampur||EE Bhanjanagar Irrigation Divn Bhanjanagar",Bhanjanagar,761126.0,1.0,"6,49,000",Prasana Kumar Raula,"648,887",Accepted-AOC,18-Dec-2022,"CE-BM,RVN Basin,Berhampur||S.E. Southern Irr. Circle I Berhampur||EE Bhanjanagar Irrigation Divn Bhanjanagar",C2_Irrigation|C4_FloodCyclone,embankment|flood embankment|irrigation,Mitigation,False,False
2022_CEBMB_77732_19,e-BNID-02/2022-23,Improvement to LFB of Dayapallinalla from RD 1600 M to 1840 M.,Improvement to nalla,Works,Open Tender,Percentage,Civil Works - Others,No,No,NA ,17-May-2022 10:00 AM,NA ,90.0,No ,No,Online,27-May-2022 11:00 AM,"CE-BM,RVN Basin,Berhampur||S.E. Southern Irr. Circle I Berhampur||EE Bhanjanagar Irrigation Divn Bhanjanagar",Bhanjanagar,761126.0,1.0,"5,71,000",Pratima Manjari Gouda,"570,735",Accepted-AOC,18-Dec-2022,"CE-BM,RVN Basin,Berhampur||S.E. Southern Irr. Circle I Berhampur||EE Bhanjanagar Irrigation Divn Bhanjanagar",C2_Irrigation,irrigation,Mitigation,False,False
2022_CEBMB_77732_21,e-BNID-02/2022-23,Improvement to RFB of Baghuanalla near siva mandir Kalingapadar from RD 3400 M to 3650 M.,Improvement to nalla,Works,Open Tender,Percentage,Civil Works - Canal,No,No,NA ,17-May-2022 10:00 AM,NA ,90.0,No ,No,Online,27-May-2022 11:00 AM,"CE-BM,RVN Basin,Berhampur||S.E. Southern Irr. Circle I Berhampur||EE Bhanjanagar Irrigation Divn Bhanjanagar",Bhanjanagar,761126.0,1.0,"6,14,000",Laxmi Behera,"613,531",Accepted-AOC,20-Dec-2022,"CE-BM,RVN Basin,Berhampur||S.E. Southern Irr. Circle I Berhampur||EE Bhanjanagar Irrigation Divn Bhanjanagar",C2_Irrigation,irrigation,Mitigation,False,False
2022_CEBMB_77732_22,e-BNID-02/2022-23,Improvement to RFB of Dayapallinalla from RD 4000 M to 4200 M.,Improvement to nalla,Works,Open Tender,Percentage,Civil Works - Canal,No,No,NA ,17-May-2022 10:00 AM,NA ,90.0,No ,No,Online,27-May-2022 11:00 AM,"CE-BM,RVN Basin,Berhampur||S.E. Southern Irr. Circle I Berhampur||EE Bhanjanagar Irrigation Divn Bhanjanagar",Bhanjanagar,761126.0,1.0,"6,12,000",Laxmi Behera,"611,260",Accepted-AOC,20-Dec-2022,"CE-BM,RVN Basin,Berhampur||S.E. Southern Irr. Circle I Berhampur||EE Bhanjanagar Irrigation Divn Bhanjanagar",C2_Irrigation,irrigation,Mitigation,False,False
2022_CEBMB_77732_24,e-BNID-02/2022-23,Improvement to RFB of Kataranalla near Balichhai from RD 2900 M to 3250 M.,Improvement to nalla,Works,Open Tender,Percentage,Civil Works - Canal,No,No,NA ,17-May-2022 10:00 AM,NA ,90.0,No ,No,Online,27-May-2022 11:00 AM,"CE-BM,RVN Basin,Berhampur||S.E. Southern Irr. Circle I Berhampur||EE Bhanjanagar Irrigation Divn Bhanjanagar",Bhanjanagar,761126.0,1.0,"6,43,000",Bansidhar Pradhan,"642,492",Accepted-AOC,20-Dec-2022,"CE-BM,RVN Basin,Berhampur||S.E. Southern Irr. Circle I Berhampur||EE Bhanjanagar Irrigation Divn Bhanjanagar",C2_Irrigation,irrigation,Mitigation,False,False
2022_CEBMB_77732_25,e-BNID-02/2022-23,Improvement to RFB of Batanalla from RD 3300 M to 3550 M.,Improvement to nalla,Works,Open Tender,Percentage,Civil Works - Canal,No,No,NA ,17-May-2022 10:00 AM,NA ,90.0,No ,No,Online,27-May-2022 11:00 AM,"CE-BM,RVN Basin,Berhampur||S.E. Southern Irr. Circle I Berhampur||EE Bhanjanagar Irrigation Divn Bhanjanagar",Bhanjanagar,761126.0,1.0,"6,16,000",PRATAP CHANDRA MISHRA,"615,185",Accepted-AOC,20-Dec-2022,"CE-BM,RVN Basin,Berhampur||S.E. Southern Irr. Circle I Berhampur||EE Bhanjanagar Irrigation Divn Bhanjanagar",C2_Irrigation,irrigation,Mitigation,False,False
2022_CEBMB_77732_26,e-BNID-02/2022-23,Improvement to RFB of Nuapallinalla from RD 2100 M to 2350 M.,Improvement to nalla,Works,Open Tender,Percentage,Civil Works - Canal,No,No,NA ,17-May-2022 10:00 AM,NA ,90.0,No ,No,Online,27-May-2022 11:00 AM,"CE-BM,RVN Basin,Berhampur||S.E. Southern Irr. Circle I Berhampur||EE Bhanjanagar Irrigation Divn Bhanjanagar",Bhanjanagar,761126.0,1.0,"5,71,000",Laxmi Behera,"570,326",Accepted-AOC,20-Dec-2022,"CE-BM,RVN Basin,Berhampur||S.E. Southern Irr. Circle I Berhampur||EE Bhanjanagar Irrigation Divn Bhanjanagar",C2_Irrigation,irrigation,Mitigation,False,False
2022_CEBMB_77732_27,e-BNID-02/2022-23,mprovement to RFB of Batanalla from RD 3850 M to 4150 M.,Improvement to nalla,Works,Open Tender,Percentage,Civil Works - Canal,No,No,NA ,17-May-2022 10:00 AM,NA ,90.0,No ,No,Online,27-May-2022 11:00 AM,"CE-BM,RVN Basin,Berhampur||S.E. Southern Irr. Circle I Berhampur||EE Bhanjanagar Irrigation Divn Bhanjanagar",Bhanjanagar,761126.0,1.0,"6,52,000",Nalinikanta Routaray,"651,081",Accepted-AOC,20-Dec-2022,"CE-BM,RVN Basin,Berhampur||S.E. Southern Irr. Circle I Berhampur||EE Bhanjanagar Irrigation Divn Bhanjanagar",C2_Irrigation,irrigation,Mitigation,False,False
2022_CEBMB_77732_28,e-BNID-02/2022-23,Improvement to RFB of Kupatinalla near Talajibika from RD 150 M to 450 M.,Improvement to nalla,Works,Open Tender,Percentage,Civil Works - Canal,No,No,NA ,17-May-2022 10:00 AM,NA ,90.0,No ,No,Online,27-May-2022 11:00 AM,"CE-BM,RVN Basin,Berhampur||S.E. Southern Irr. Circle I Berhampur||EE Bhanjanagar Irrigation Divn Bhanjanagar",Bhanjanagar,761126.0,1.0,"6,52,000",Laxmi Behera,"651,708",Accepted-AOC,20-Dec-2022,"CE-BM,RVN Basin,Berhampur||S.E. Southern Irr. Circle I Berhampur||EE Bhanjanagar Irrigation Divn Bhanjanagar",C2_Irrigation,irrigation,Mitigation,False,False
2022_CEBMB_77732_29,e-BNID-02/2022-23,Restoration to LFB of Nuapallinalla from RD 1100 M to 1400 M.,Improvement to nalla,Works,Open Tender,Percentage,Civil Works - Canal,No,No,NA ,17-May-2022 10:00 AM,NA ,90.0,No ,No,Online,27-May-2022 11:00 AM,"CE-BM,RVN Basin,Berhampur||S.E. Southern Irr. Circle I Berhampur||EE Bhanjanagar Irrigation Divn Bhanjanagar",Bhanjanagar,761126.0,1.0,"6,56,000",Pratima Manjari Gouda,"655,584",Accepted-AOC,20-Dec-2022,"CE-BM,RVN Basin,Berhampur||S.E. Southern Irr. Circle I Berhampur||EE Bhanjanagar Irrigation Divn Bhanjanagar",C2_Irrigation,irrigation,Mitigation,False,False
2022_CEBMB_77732_3,e-BNID-02/2022-23,Improvement to Mandar Minor near Harizan street of Mahanti Street.,Improvement to canal,Works,Open Tender,Percentage,Civil Works - Canal,No,No,NA ,17-May-2022 10:00 AM,NA ,90.0,No ,No,Online,27-May-2022 11:00 AM,"CE-BM,RVN Basin,Berhampur||S.E. Southern Irr. Circle I Berhampur||EE Bhanjanagar Irrigation Divn Bhanjanagar",Bhanjanagar,761126.0,1.0,"6,25,000",PRATAP CHANDRA MISHRA,"611,500",Accepted-AOC,17-Dec-2022,"CE-BM,RVN Basin,Berhampur||S.E. Southern Irr. Circle I Berhampur||EE Bhanjanagar Irrigation Divn Bhanjanagar",C2_Irrigation,canal|irrigation,Mitigation,False,False
2022_CEBMB_77732_30,e-BNID-02/2022-23,Restoration to LFB of Paikianalla near Khurudupalli from RD 2150 M to 2480 M.,Improvement to nalla,Works,Open Tender,Percentage,Civil Works - Canal,No,No,NA ,17-May-2022 10:00 AM,NA ,90.0,No ,No,Online,27-May-2022 11:00 AM,"CE-BM,RVN Basin,Berhampur||S.E. Southern Irr. Circle I Berhampur||EE Bhanjanagar Irrigation Divn Bhanjanagar",Bhanjanagar,761126.0,1.0,"6,67,000",Balagopal Dalabehera,"663,401",Accepted-AOC,20-Dec-2022,"CE-BM,RVN Basin,Berhampur||S.E. Southern Irr. Circle I Berhampur||EE Bhanjanagar Irrigation Divn Bhanjanagar",C2_Irrigation,irrigation,Mitigation,False,False
2022_CEBMB_77732_32,e-BNID-02/2022-23,Restoration to RFB of Bantanalla from RD 3560 M to 3810 M.,Improvement to nalla,Works,Open Tender,Percentage,Civil Works - Canal,No,No,NA ,17-May-2022 10:00 AM,NA ,90.0,No ,No,Online,27-May-2022 11:00 AM,"CE-BM,RVN Basin,Berhampur||S.E. Southern Irr. Circle I Berhampur||EE Bhanjanagar Irrigation Divn Bhanjanagar",Bhanjanagar,761126.0,1.0,"6,63,000",JAYARAM PRADHAN,"662,746",Accepted-AOC,20-Dec-2022,"CE-BM,RVN Basin,Berhampur||S.E. Southern Irr. Circle I Berhampur||EE Bhanjanagar Irrigation Divn Bhanjanagar",C2_Irrigation,irrigation,Mitigation,False,False
2022_CEBMB_77732_37,e-BNID-02/2022-23,Raising and Strengthening to LFB of river Bodanadi near village Jirabadi D/S of SH Crossing.,Improvement to flood embankment,Works,Open Tender,Percentage,Civil Works - Canal,No,No,NA ,17-May-2022 10:00 AM,NA ,90.0,No ,No,Online,27-May-2022 11:00 AM,"CE-BM,RVN Basin,Berhampur||S.E. Southern Irr. Circle I Berhampur||EE Bhanjanagar Irrigation Divn Bhanjanagar",Bhanjanagar,761126.0,1.0,"6,04,000",JAYARAM PRADHAN,"609,996",Accepted-AOC,22-Dec-2022,"CE-BM,RVN Basin,Berhampur||S.E. Southern Irr. Circle I Berhampur||EE Bhanjanagar Irrigation Divn Bhanjanagar",C2_Irrigation|C4_FloodCyclone,embankment|flood embankment|irrigation,Mitigation,False,False
2022_CEBMB_77732_39,e-BNID-02/2022-23,Raising and Strengthening to LFB of river Bodanadi near village Jirabadi.,Improvement to flood embankment,Works,Open Tender,Percentage,Civil Works - Canal,No,No,NA ,17-May-2022 10:00 AM,NA ,90.0,No ,No,Online,27-May-2022 11:00 AM,"CE-BM,RVN Basin,Berhampur||S.E. Southern Irr. Circle I Berhampur||EE Bhanjanagar Irrigation Divn Bhanjanagar",Bhanjanagar,761126.0,1.0,"6,02,000",JAYARAM PRADHAN,"607,944",Accepted-AOC,22-Dec-2022,"CE-BM,RVN Basin,Berhampur||S.E. Southern Irr. Circle I Berhampur||EE Bhanjanagar Irrigation Divn Bhanjanagar",C2_Irrigation|C4_FloodCyclone,embankment|flood embankment|irrigation,Mitigation,False,False
2022_CEBMB_77732_40,e-BNID-02/2022-23,Improvement to right bank of Daha Left Distributary from RD 6200 M to 7200 M of Daha Irrigation Project.,Improvement to Canal Bank,Works,Open Tender,Percentage,Civil Works - Canal,No,No,NA ,17-May-2022 10:00 AM,NA ,90.0,No ,No,Online,27-May-2022 11:00 AM,"CE-BM,RVN Basin,Berhampur||S.E. Southern Irr. Circle I Berhampur||EE Bhanjanagar Irrigation Divn Bhanjanagar",Bhanjanagar,761126.0,1.0,"5,06,000",JAYARAM PRADHAN,"505,280",Accepted-AOC,22-Dec-2022,"CE-BM,RVN Basin,Berhampur||S.E. Southern Irr. Circle I Berhampur||EE Bhanjanagar Irrigation Divn Bhanjanagar",C2_Irrigation,canal|irrigation,Mitigation,False,False
2022_CEBMB_77732_43,e-BNID-02/2022-23,Improvement to Daha Left Distributary from RD 6200 M to 10680 M of Daha Irrigation Project.,Improvement to canal,Works,Open Tender,Percentage,Civil Works - Canal,No,No,NA ,17-May-2022 10:00 AM,NA ,90.0,No ,No,Online,27-May-2022 11:00 AM,"CE-BM,RVN Basin,Berhampur||S.E. Southern Irr. Circle I Berhampur||EE Bhanjanagar Irrigation Divn Bhanjanagar",Bhanjanagar,761126.0,1.0,"5,75,000",NIHARIKA SWAIN,"574,068",Accepted-AOC,22-Dec-2022,"CE-BM,RVN Basin,Berhampur||S.E. Southern Irr. Circle I Berhampur||EE Bhanjanagar Irrigation Divn Bhanjanagar",C2_Irrigation,canal|irrigation,Mitigation,False,False
2022_CEBMB_77732_45,e-BNID-02/2022-23,Improvement to Binjigiri Minor from RD 1100 M to 2000 M of Daha Irrigation Project.,Improvement to canal,Works,Open Tender,Percentage,Civil Works - Canal,No,No,NA ,17-May-2022 10:00 AM,NA ,90.0,No ,No,Online,27-May-2022 11:00 AM,"CE-BM,RVN Basin,Berhampur||S.E. Southern Irr. Circle I Berhampur||EE Bhanjanagar Irrigation Divn Bhanjanagar",Bhanjanagar,761126.0,1.0,"7,64,000",JAYARAM PRADHAN,"763,558",Accepted-AOC,22-Dec-2022,"CE-BM,RVN Basin,Berhampur||S.E. Southern Irr. Circle I Berhampur||EE Bhanjanagar Irrigation Divn Bhanjanagar",C2_Irrigation,canal|irrigation,Mitigation,False,False
2022_CEBMB_77732_49,e-BNID-02/2022-23,Improvement to Left Bank of Daha Right Distributary from RD 5200 M to 6200 M of Daha Irrigation Project.,Improvement to canal,Works,Open Tender,Percentage,Civil Works - Canal,No,No,NA ,17-May-2022 10:00 AM,NA ,90.0,No ,No,Online,27-May-2022 11:00 AM,"CE-BM,RVN Basin,Berhampur||S.E. Southern Irr. Circle I Berhampur||EE Bhanjanagar Irrigation Divn Bhanjanagar",Bhanjanagar,761126.0,1.0,"5,26,000",JAYARAM PRADHAN,"525,877",Accepted-AOC,22-Dec-2022,"CE-BM,RVN Basin,Berhampur||S.E. Southern Irr. Circle I Berhampur||EE Bhanjanagar Irrigation Divn Bhanjanagar",C2_Irrigation,canal|irrigation,Mitigation,False,False
2022_CEBMB_77732_5,e-BNID-02/2022-23,Improvement to Kaliapallinalla near village Kaliapalli and fire station.,Improvement to nalla,Works,Open Tender,Percentage,Civil Works - Canal,No,No,NA ,17-May-2022 10:00 AM,NA ,90.0,No ,No,Online,27-May-2022 11:00 AM,"CE-BM,RVN Basin,Berhampur||S.E. Southern Irr. Circle I Berhampur||EE Bhanjanagar Irrigation Divn Bhanjanagar",Bhanjanagar,761126.0,1.0,"5,72,000",Laxmi Behera,"571,394",Accepted-AOC,17-Dec-2022,"CE-BM,RVN Basin,Berhampur||S.E. Southern Irr. Circle I Berhampur||EE Bhanjanagar Irrigation Divn Bhanjanagar",C2_Irrigation,irrigation,Mitigation,False,False
2022_CEBMB_77732_50,e-BNID-02/2022-23,Restoration to LFB of Paikianalla from RD 1050 M to 1250 M,Improvement to nalla,Works,Open Tender,Percentage,Civil Works - Others,No,No,NA ,20-May-2022 02:15 PM,NA ,90.0,No ,No,Online,27-May-2022 11:00 AM,"CE-BM,RVN Basin,Berhampur||S.E. Southern Irr. Circle I Berhampur||EE Bhanjanagar Irrigation Divn Bhanjanagar",Bhanjanagar,761126.0,1.0,"5,70,000",Balagopal Dalabehera,"562,222",Accepted-AOC,18-Dec-2022,"CE-BM,RVN Basin,Berhampur||S.E. Southern Irr. Circle I Berhampur||EE Bhanjanagar Irrigation Divn Bhanjanagar",C2_Irrigation,irrigation,Mitigation,False,False
2022_CEBMB_77896_10,e-BNID-03/2022-23,Improvement to Mandar Minor (Construction of 5 nos of Foot Bridge),Improvement to flood embankment,Works,Open Tender,Percentage,Civil Works - Others,No,No,NA ,23-May-2022 10:00 AM,NA ,90.0,No ,No,Online,02-Jun-2022 11:00 AM,"CE-BM,RVN Basin,Berhampur||S.E. Southern Irr. Circle I Berhampur||EE Bhanjanagar Irrigation Divn Bhanjanagar",Bhanjanagar,761126.0,1.0,"5,86,000",PRATAP CHANDRA MISHRA,"577,755",Accepted-AOC,23-Dec-2022,"CE-BM,RVN Basin,Berhampur||S.E. Southern Irr. Circle I Berhampur||EE Bhanjanagar Irrigation Divn Bhanjanagar",C2_Irrigation|C4_FloodCyclone,embankment|flood embankment|irrigation,Mitigation,False,False
2022_CEBMB_77896_15,e-BNID-03/2022-23,Improvement to RFB of Budulinallah near village Buduli.,Improvement to flood embankment,Works,Open Tender,Percentage,Civil Works - Others,No,No,NA ,23-May-2022 10:00 AM,NA ,90.0,No ,No,Online,02-Jun-2022 11:00 AM,"CE-BM,RVN Basin,Berhampur||S.E. Southern Irr. Circle I Berhampur||EE Bhanjanagar Irrigation Divn Bhanjanagar",Bhanjanagar,761126.0,1.0,"5,35,000",DUKHI NAIK,"454,772",Accepted-AOC,24-Dec-2022,"CE-BM,RVN Basin,Berhampur||S.E. Southern Irr. Circle I Berhampur||EE Bhanjanagar Irrigation Divn Bhanjanagar",C2_Irrigation|C4_FloodCyclone,embankment|flood embankment|irrigation,Mitigation,False,False
2022_CEBMB_77896_3,e-BNID-03/2022-23,Improvement to Hatimundanalla near U/S to Tarini Temple.,Improvement to flood embankment,Works,Open Tender,Percentage,Civil Works - Others,No,No,NA ,23-May-2022 10:00 AM,NA ,90.0,No ,No,Online,02-Jun-2022 11:00 AM,"CE-BM,RVN Basin,Berhampur||S.E. Southern Irr. Circle I Berhampur||EE Bhanjanagar Irrigation Divn Bhanjanagar",Bhanjanagar,761126.0,1.0,"5,47,000",Purna Chandra Patro,"537,827",Accepted-AOC,23-Dec-2022,"CE-BM,RVN Basin,Berhampur||S.E. Southern Irr. Circle I Berhampur||EE Bhanjanagar Irrigation Divn Bhanjanagar",C2_Irrigation|C4_FloodCyclone,embankment|flood embankment|irrigation,Mitigation,False,False
2022_CEBMB_77896_4,e-BNID-03/2022-23,Improvement to L.F.B of Bodanadi near Village Chhamunda from RD 1480 M to 1610 M.,Improvement to flood embankment,Works,Open Tender,Percentage,Civil Works - Others,No,No,NA ,23-May-2022 10:00 AM,NA ,90.0,No ,No,Online,02-Jun-2022 11:00 AM,"CE-BM,RVN Basin,Berhampur||S.E. Southern Irr. Circle I Berhampur||EE Bhanjanagar Irrigation Divn Bhanjanagar",Bhanjanagar,761126.0,1.0,"6,07,000",JAYARAM PRADHAN,"613,612",Accepted-AOC,23-Dec-2022,"CE-BM,RVN Basin,Berhampur||S.E. Southern Irr. Circle I Berhampur||EE Bhanjanagar Irrigation Divn Bhanjanagar",C2_Irrigation|C4_FloodCyclone,embankment|flood embankment|irrigation,Mitigation,False,False
2022_CEBMB_77896_5,e-BNID-03/2022-23,Restoration to LFB of Badanadi near village Golapada and Dhumuchhai (Construction of 2 nos of ramp and one no of step),Improvement to flood embankment,Works,Open Tender,Percentage,Civil Works - Others,No,No,NA ,23-May-2022 10:00 AM,NA ,90.0,No ,No,Online,02-Jun-2022 11:00 AM,"CE-BM,RVN Basin,Berhampur||S.E. Southern Irr. Circle I Berhampur||EE Bhanjanagar Irrigation Divn Bhanjanagar",Bhanjanagar,761126.0,1.0,"6,44,000",ARUN NAIK,"634,818",Accepted-AOC,23-Dec-2022,"CE-BM,RVN Basin,Berhampur||S.E. Southern Irr. Circle I Berhampur||EE Bhanjanagar Irrigation Divn Bhanjanagar",C2_Irrigation|C4_FloodCyclone,embankment|flood embankment|irrigation,Mitigation,False,False
2022_CEBMB_78504_20,e-BNID-04/2022-23,Improvement to LFB of river Padma near village Amrutul.,Restoration and protection of River Embankment,Works,Open Tender,Percentage,Civil Works - Others,No,No,NA ,13-Jun-2022 10:00 AM,NA ,90.0,No ,No,Online,23-Jun-2022 11:00 AM,"CE-BM,RVN Basin,Berhampur||S.E. Southern Irr. Circle I Berhampur||EE Bhanjanagar Irrigation Divn Bhanjanagar",Bhanjanagar,761126.0,1.0,"10,38,000",ARUN NAIK,"882,355",Accepted-AOC,24-Dec-2022,"CE-BM,RVN Basin,Berhampur||S.E. Southern Irr. Circle I Berhampur||EE Bhanjanagar Irrigation Divn Bhanjanagar",C2_Irrigation|C4_FloodCyclone,embankment|irrigation,DamageResponse,False,False
2022_CEBMB_79197_1,e-BNID-05/2022-23,Construction of Bathing ghat on LFB of river Badanadi near village Jalakhai.,Restoration and protection of River Embankment,Works,Open Tender,Percentage,Civil Works - Others,No,No,NA ,27-Jun-2022 10:00 AM,NA ,90.0,No ,No,Online,07-Jul-2022 11:00 AM,"CE-BM,RVN Basin,Berhampur||S.E. Southern Irr. Circle I Berhampur||EE Bhanjanagar Irrigation Divn Bhanjanagar",Bhanjanagar,761126.0,1.0,"5,32,000",Dillip Ranjan Das,"481,985",Accepted-AOC,27-Dec-2022,"CE-BM,RVN Basin,Berhampur||S.E. Southern Irr. Circle I Berhampur||EE Bhanjanagar Irrigation Divn Bhanjanagar",C2_Irrigation|C4_FloodCyclone,embankment|irrigation,DamageResponse,False,False
2022_CEBMB_79197_13,e-BNID-05/2022-23,Restoration to LFB of Loharakhandi near Gamundi Ramp from RD 4160 M. to 4382 M.,Restoration and protection of River Embankment,Works,Open Tender,Percentage,Civil Works - Others,No,No,NA ,27-Jun-2022 10:00 AM,NA ,90.0,No ,No,Online,07-Jul-2022 11:00 AM,"CE-BM,RVN Basin,Berhampur||S.E. Southern Irr. Circle I Berhampur||EE Bhanjanagar Irrigation Divn Bhanjanagar",Bhanjanagar,761126.0,1.0,"7,78,000",PRIYANKA BEHERA,"777,739",Accepted-AOC,29-Dec-2022,"CE-BM,RVN Basin,Berhampur||S.E. Southern Irr. Circle I Berhampur||EE Bhanjanagar Irrigation Divn Bhanjanagar",C2_Irrigation|C4_FloodCyclone,embankment|irrigation,DamageResponse,False,False
2022_CEBMB_79197_14,e-BNID-05/2022-23,Restoration to RFB of Dayapalli Nalla from RD 2100 M. to 2350 M.,Restoration and protection of River Embankment,Works,Open Tender,Percentage,Civil Works - Others,No,No,NA ,27-Jun-2022 10:00 AM,NA ,90.0,No ,No,Online,07-Jul-2022 11:00 AM,"CE-BM,RVN Basin,Berhampur||S.E. Southern Irr. Circle I Berhampur||EE Bhanjanagar Irrigation Divn Bhanjanagar",Bhanjanagar,761126.0,1.0,"6,24,000",Maheswar Gouda,"623,595",Accepted-AOC,29-Dec-2022,"CE-BM,RVN Basin,Berhampur||S.E. Southern Irr. Circle I Berhampur||EE Bhanjanagar Irrigation Divn Bhanjanagar",C2_Irrigation|C4_FloodCyclone,embankment|irrigation,DamageResponse,False,False
2022_CEBMB_79197_16,e-BNID-05/2022-23,Restoration to RFB of Giringian Nalla from RD 2300 M. to 2600 M.,Restoration and protection of River Embankment,Works,Open Tender,Percentage,Civil Works - Others,No,No,NA ,27-Jun-2022 10:00 AM,NA ,90.0,No ,No,Online,07-Jul-2022 11:00 AM,"CE-BM,RVN Basin,Berhampur||S.E. Southern Irr. Circle I Berhampur||EE Bhanjanagar Irrigation Divn Bhanjanagar",Bhanjanagar,761126.0,1.0,"6,84,000",PRATAP CHANDRA MISHRA,"683,259",Accepted-AOC,29-Dec-2022,"CE-BM,RVN Basin,Berhampur||S.E. Southern Irr. Circle I Berhampur||EE Bhanjanagar Irrigation Divn Bhanjanagar",C2_Irrigation|C4_FloodCyclone,embankment|irrigation,DamageResponse,False,False
2022_CEBMB_79197_17,e-BNID-05/2022-23,Restoration to RFB of Bhurudupalli Nalla from RD 2200 M to 2500 M.,Restoration and protection of River Embankment,Works,Open Tender,Percentage,Civil Works - Others,No,No,NA ,27-Jun-2022 10:00 AM,NA ,90.0,No ,No,Online,07-Jul-2022 11:00 AM,"CE-BM,RVN Basin,Berhampur||S.E. Southern Irr. Circle I Berhampur||EE Bhanjanagar Irrigation Divn Bhanjanagar",Bhanjanagar,761126.0,1.0,"6,42,000",Pratima Manjari Gouda,"641,179",Accepted-AOC,29-Dec-2022,"CE-BM,RVN Basin,Berhampur||S.E. Southern Irr. Circle I Berhampur||EE Bhanjanagar Irrigation Divn Bhanjanagar",C2_Irrigation|C4_FloodCyclone,embankment|irrigation,DamageResponse,False,False
2022_CEBMB_79197_18,e-BNID-05/2022-23,Restoration to RFB of Katara Nalla from RD 3600 M to 3900 M.,Restoration and protection of River Embankment,Works,Open Tender,Percentage,Civil Works - Others,No,No,NA ,27-Jun-2022 10:00 AM,NA ,90.0,No ,No,Online,07-Jul-2022 11:00 AM,"CE-BM,RVN Basin,Berhampur||S.E. Southern Irr. Circle I Berhampur||EE Bhanjanagar Irrigation Divn Bhanjanagar",Bhanjanagar,761126.0,1.0,"6,45,000",BHAGABAN GOUDA,"644,903",Accepted-AOC,29-Dec-2022,"CE-BM,RVN Basin,Berhampur||S.E. Southern Irr. Circle I Berhampur||EE Bhanjanagar Irrigation Divn Bhanjanagar",C2_Irrigation|C4_FloodCyclone,embankment|irrigation,DamageResponse,False,False
2022_CEBMB_79197_19,e-BNID-05/2022-23,Restoration to LFB of Baradijhola Nalla from RD 400 M. to 700 M.,Restoration and protection of River Embankment,Works,Open Tender,Percentage,Civil Works - Others,No,No,NA ,27-Jun-2022 10:00 AM,NA ,90.0,No ,No,Online,07-Jul-2022 11:00 AM,"CE-BM,RVN Basin,Berhampur||S.E. Southern Irr. Circle I Berhampur||EE Bhanjanagar Irrigation Divn Bhanjanagar",Bhanjanagar,761126.0,1.0,"6,51,000",NIHARIKA SWAIN,"650,449",Accepted-AOC,29-Dec-2022,"CE-BM,RVN Basin,Berhampur||S.E. Southern Irr. Circle I Berhampur||EE Bhanjanagar Irrigation Divn Bhanjanagar",C2_Irrigation|C4_FloodCyclone,embankment|irrigation,DamageResponse,False,False
2022_CEBMB_79197_20,e-BNID-05/2022-23,Restoration to LFB of Baghua Nalla from RD 2600 M. to 2900 M.,Restoration and protection of River Embankment,Works,Open Tender,Percentage,Civil Works - Others,No,No,NA ,27-Jun-2022 10:00 AM,NA ,90.0,No ,No,Online,07-Jul-2022 11:00 AM,"CE-BM,RVN Basin,Berhampur||S.E. Southern Irr. Circle I Berhampur||EE Bhanjanagar Irrigation Divn Bhanjanagar",Bhanjanagar,761126.0,1.0,"6,64,000",Laxmi Behera,"663,746",Accepted-AOC,29-Dec-2022,"CE-BM,RVN Basin,Berhampur||S.E. Southern Irr. Circle I Berhampur||EE Bhanjanagar Irrigation Divn Bhanjanagar",C2_Irrigation|C4_FloodCyclone,embankment|irrigation,DamageResponse,False,False
2022_CEBMB_79197_22,e-BNID-05/2022-23,Improvement to Mahanadi Canal from RD 3000 M to 3500M.,Restoration and protection of River Embankment,Works,Open Tender,Percentage,Civil Works - Others,No,No,NA ,27-Jun-2022 10:00 AM,NA ,90.0,No ,No,Online,07-Jul-2022 11:00 AM,"CE-BM,RVN Basin,Berhampur||S.E. Southern Irr. Circle I Berhampur||EE Bhanjanagar Irrigation Divn Bhanjanagar",Bhanjanagar,761126.0,1.0,"4,95,000",Pabitra Mohan Bisoyi,"431,259",Accepted-AOC,30-Dec-2022,"CE-BM,RVN Basin,Berhampur||S.E. Southern Irr. Circle I Berhampur||EE Bhanjanagar Irrigation Divn Bhanjanagar",C2_Irrigation|C4_FloodCyclone,embankment|irrigation,DamageResponse,False,False
2022_CEBMB_79197_23,e-BNID-05/2022-23,Construction of Bathing ghat on Left bank of Mahanadi Canal near Jahada.,Restoration and protection of River Embankment,Works,Open Tender,Percentage,Civil Works - Others,No,No,NA ,27-Jun-2022 10:00 AM,NA ,90.0,No ,No,Online,07-Jul-2022 11:00 AM,"CE-BM,RVN Basin,Berhampur||S.E. Southern Irr. Circle I Berhampur||EE Bhanjanagar Irrigation Divn Bhanjanagar",Bhanjanagar,761126.0,1.0,"5,24,000",DEBARAJ BHUYAN,"475,708",Accepted-AOC,30-Dec-2022,"CE-BM,RVN Basin,Berhampur||S.E. Southern Irr. Circle I Berhampur||EE Bhanjanagar Irrigation Divn Bhanjanagar",C2_Irrigation|C4_FloodCyclone,embankment|irrigation,DamageResponse,False,False
2022_CEBMB_79197_24,e-BNID-05/2022-23,24 Construction of Bathing ghat on Left bank of Mahanadi Canal near Kalasuta.,Restoration and protection of River Embankment,Works,Open Tender,Percentage,Civil Works - Others,No,No,NA ,27-Jun-2022 10:00 AM,NA ,90.0,No ,No,Online,07-Jul-2022 11:00 AM,"CE-BM,RVN Basin,Berhampur||S.E. Southern Irr. Circle I Berhampur||EE Bhanjanagar Irrigation Divn Bhanjanagar",Bhanjanagar,761126.0,1.0,"5,30,000",DEBARAJ BHUYAN,"480,482",Accepted-AOC,30-Dec-2022,"CE-BM,RVN Basin,Berhampur||S.E. Southern Irr. Circle I Berhampur||EE Bhanjanagar Irrigation Divn Bhanjanagar",C2_Irrigation|C4_FloodCyclone,embankment|irrigation,DamageResponse,False,False
2022_CEBMB_79197_4,e-BNID-05/2022-23,"Restoration, Protection to LFB of Badanadi near village Raipalli.",Restoration and protection of River Embankment,Works,Open Tender,Percentage,Civil Works - Others,No,No,NA ,27-Jun-2022 10:00 AM,NA ,90.0,No ,No,Online,07-Jul-2022 11:00 AM,"CE-BM,RVN Basin,Berhampur||S.E. Southern Irr. Circle I Berhampur||EE Bhanjanagar Irrigation Divn Bhanjanagar",Bhanjanagar,761126.0,1.0,"8,91,000",PRIYANKA BEHERA,"856,867",Accepted-AOC,28-Dec-2022,"CE-BM,RVN Basin,Berhampur||S.E. Southern Irr. Circle I Berhampur||EE Bhanjanagar Irrigation Divn Bhanjanagar",C2_Irrigation|C4_FloodCyclone,embankment|irrigation,DamageResponse,False,False
2022_CEBMB_79197_5,e-BNID-05/2022-23,Restoration to RFB of Latakiary Nalla from RD 1400 M to 1700 M.,Restoration and protection of River Embankment,Works,Open Tender,Percentage,Civil Works - Others,No,No,NA ,27-Jun-2022 10:00 AM,NA ,90.0,No ,No,Online,07-Jul-2022 11:00 AM,"CE-BM,RVN Basin,Berhampur||S.E. Southern Irr. Circle I Berhampur||EE Bhanjanagar Irrigation Divn Bhanjanagar",Bhanjanagar,761126.0,1.0,"7,83,000",PRIYANKA BEHERA,"782,797",Accepted-AOC,28-Dec-2022,"CE-BM,RVN Basin,Berhampur||S.E. Southern Irr. Circle I Berhampur||EE Bhanjanagar Irrigation Divn Bhanjanagar",C2_Irrigation|C4_FloodCyclone,embankment|irrigation,DamageResponse,False,False
2022_CEBMB_79650_13,e-BNID-06/2022-23,Improvement to LFB of River Rushikulya near village Keshara.,Restoration and protection of River Embankment,Works,Open Tender,Percentage,Civil Works - Others,No,No,NA ,12-Jul-2022 10:00 AM,NA ,90.0,No ,No,Online,22-Jul-2022 03:00 PM,"CE-BM,RVN Basin,Berhampur||S.E. Southern Irr. Circle I Berhampur||EE Bhanjanagar Irrigation Divn Bhanjanagar",Bhanjanagar,761126.0,1.0,"9,73,000",MAHESWAR SAHU,"826,978",Accepted-AOC,31-Dec-2022,"CE-BM,RVN Basin,Berhampur||S.E. Southern Irr. Circle I Berhampur||EE Bhanjanagar Irrigation Divn Bhanjanagar",C2_Irrigation|C4_FloodCyclone,embankment|irrigation,DamageResponse,False,False
2022_CEBMB_79650_16,e-BNID-06/2022-23,Improvement to RFB of River Rushikulya near village Thakurani Temple of Bharatpalli.,Restoration and protection of River Embankment,Works,Open Tender,Percentage,Civil Works - Others,No,No,NA ,12-Jul-2022 10:00 AM,NA ,90.0,No ,No,Online,22-Jul-2022 03:00 PM,"CE-BM,RVN Basin,Berhampur||S.E. Southern Irr. Circle I Berhampur||EE Bhanjanagar Irrigation Divn Bhanjanagar",Bhanjanagar,761126.0,1.0,"9,65,000",ARCHANA SAHU,"819,949",Accepted-AOC,31-Dec-2022,"CE-BM,RVN Basin,Berhampur||S.E. Southern Irr. Circle I Berhampur||EE Bhanjanagar Irrigation Divn Bhanjanagar",C2_Irrigation|C4_FloodCyclone,embankment|irrigation,DamageResponse,False,False
2022_CEBMB_80315_1,"ACE,RBB-12/2022-23",Improvement to Minors and Subminors of Daha Right Distributary from RD 00 KM to 15.75 KM of Daha Irrigation Project.,Improvement to Minors and Subminors of Daha Right Distributary from RD 00 KM to 15.75 KM of Daha Irrigation Project.,Works,National Competitive Bid,Percentage,Civil Works - Others,No,No,NA ,08-Aug-2022 10:00 AM,NA ,90.0,No ,No,Online,24-Aug-2022 11:30 AM,"CE-BM,RVN Basin,Berhampur||S.E. Southern Irr. Circle I Berhampur",Bhanjanagar,761126.0,2.0,"6,51,79,413",G.Gopal Rao Dora,"55,409,019.23",Accepted-AOC,14-Dec-2022,"CE-BM,RVN Basin,Berhampur||S.E. Southern Irr. Circle I Berhampur",C2_Irrigation,distributary|irrigation,Mitigation,False,False
2022_CEBMB_81568_6,"ACE,RBB-20/2022-23","Improvement to Kushapalli Minor, Mareipalli Sub-Minor and Chirikipada sasan Sub-Minor of Dhanei Irrigation Project under NCSUY.","Improvement to Kushapalli Minor, Mareipalli Sub-Minor and Chirikipada sasan Sub-Minor of Dhanei Irrigation Project under NCSUY.",Works,National Competitive Bid,Percentage,Civil Works - Others,No,No,NA ,20-Sep-2022 10:00 AM,NA ,90.0,No ,No,Online,07-Oct-2022 11:30 AM,"CE-BM,RVN Basin,Berhampur||S.E. Southern Irr. Circle I Berhampur",Buguda,761118.0,2.0,"4,31,17,207",BIPIN BIHARI BISWAL,"36,653,937.82",Accepted-AOC,16-Dec-2022,"CE-BM,RVN Basin,Berhampur||S.E. Southern Irr. Circle I Berhampur",C2_Irrigation,irrigation|sub-minor,Mitigation,False,False
2022_CEBMB_82428_1,"ACE,RBB-27/2022-23",Providing flood protection work on right bank of river Ghodahada near village Dudurapadar in Sanakhemundi Block of Ganjam District.,Providing flood protection work on right bank of river Ghodahada near village Dudurapadar in Sanakhemundi Block of Ganjam District.,Works,National Competitive Bid,Percentage,Civil Works - Others,No,No,NA ,26-Oct-2022 10:00 AM,NA ,90.0,No ,No,Online,15-Nov-2022 11:30 AM,"CE-BM,RVN Basin,Berhampur||S.E. Southern Irr. Circle I Berhampur",Digapahandi,761012.0,2.0,"3,17,01,140",ARUN KUMAR BEHERA,"26,949,138.99",Accepted-AOC,06-Dec-2022,"CE-BM,RVN Basin,Berhampur||S.E. Southern Irr. Circle I Berhampur",C4_FloodCyclone,flood protection,Mitigation,False,False
2022_CEMIB_77867_1,EE-MID-PDP-01/2022-23,Improvement to Ruchida MIP in Ambabhona Block of Bargarh District under RRR of water bodies (PMKSY-HKKP) 2022-23.,Improvement to Ruchida MIP in Ambabhona Block of Bargarh District under RRR of water bodies (PMKSY-HKKP) 2022-23.,Works,Open Tender,Percentage,Civil Works - Water Works,No,No,NA ,21-May-2022 10:00 AM,NA ,90.0,No ,No,Online,01-Jun-2022 10:00 AM,"CE,Minor Irrigation,BBSR||SENMIC-SAMBALPUR||PADAMPUR",PADAMPUR,768036.0,1.0,"45,25,845",JAYAKUMARI PADHAN,"4,516,341.658",Accepted-AOC,08-Dec-2022,"CE,Minor Irrigation,BBSR||SENMIC-SAMBALPUR||PADAMPUR",C1_WaterConservation|C2_Irrigation|C8_Scheme,hkkp|irrigation|minor irrigation|mip|pmksy|rrr|water bodies,Mitigation,False,False
2022_EICCL_80674_1,eProcurement Notice No49of2022-23,SupplyInstallation testing commissioning LIFT,SupplyInstallation testing commissioning of 6 Passenger G3 408 kg Lift with MS structure at Geeta GobindaSadan Bhubaneswar,Services,Open Tender,Percentage,Miscellaneous Services,No,No,NA ,22-Aug-2022 05:00 PM,NA ,90.0,No ,No,Online,06-Sep-2022 01:00 PM,EIC-CIVIL||SERNB-CIRCLE-CENTRAL||EERNB-DIVN-I-BBSR,BBSR,751009.0,1.0,"44,03,898",AJANTA ENTERPRISES,"3,963,949",Accepted-AOC,02-Dec-2022,EIC-CIVIL||SERNB-CIRCLE-CENTRAL||EERNB-DIVN-I-BBSR,C8_Scheme,omm,Mitigation,False,False
2022_GWSI_78408_1,NHP/ODGW/2022-23/WQLE/31,Supply Testing and Commissioning of Water Quality Lab equipment under National Hydrology Project Odisha,Supply Testing and Commissioning of Water Quality Lab equipment under National Hydrology Project Odisha 20,Goods,Open Tender,Item Rate,Laboratory and scientific equipment,No,No,NA ,10-Jun-2022 11:00 AM,NA ,60.0,No ,No,Offline,24-Jun-2022 03:00 PM,Ground Water Survey and Investigation,BHUBANESWAR,751012.0,1.0,"1,03,00,000",Bharati Chemical & Scientific Works,"3,258,072",Accepted-AOC,06-Dec-2022,Ground Water Survey and Investigation,C3_Drought|C8_Scheme,ground water|omm,Unknown,False,False
2022_GWSI_82894_1,02/GWRSD/ARUA/2022-23,Construction Of 7 Nos Recharge Shafts in Tanks or Ponds in Kakatpur Block Of Puri District,Construction Of 7 Nos Recharge Shafts in Tanks or Ponds in Kakatpur Block Of Puri District,Works,Open Tender,Percentage,Civil Works - Others,No,No,NA ,11-Nov-2022 11:00 AM,NA ,90.0,No ,No,Online,22-Nov-2022 01:00 PM,Ground Water Survey and Investigation,GWD Division II Unit V Bhubaneswar,751001.0,1.0,"12,80,000",KESHAB CHANDRA NAYAK,"1,265,056",Accepted-AOC,13-Dec-2022,Ground Water Survey and Investigation,C1_WaterConservation|C3_Drought,ground water|pond|recharge|recharge shaft,Mitigation,False,False
2022_GWSI_83007_1,01/GWBLG/ARUA/2022-23,Installation of Recharge Shafts and Monitoring Station at 15 Locations under Sonepur block of Subarnapur and Loisinga block of Bolangir District,Installation of Recharge Shafts and Monitoring Station at 15 Locations under Sonepur block of Subarnapur and Loisinga block of Bolangir District,Works,Open Tender,Percentage,Civil Works - Others,No,No,NA ,14-Nov-2022 11:00 AM,NA ,90.0,No ,No,Online,28-Nov-2022 03:00 PM,Ground Water Survey and Investigation,At Laltikra Po Rajendra college Bolangir,767002.0,1.0,"25,79,438",Kunjabana Sahu,"2,579,438",Accepted-AOC,16-Dec-2022,Ground Water Survey and Investigation,C1_WaterConservation|C3_Drought,ground water|recharge|recharge shaft,Mitigation,False,False
2022_OLIC_76555_14,07/2021-22,Installation and energisation of Sariyaguda - II L.I.Project under Chitrakonda Block of Malkangiri District,Installation and energisation of Sariyaguda - II L.I.Project under Chitrakonda Block of Malkangiri District,Works,Open Tender,Percentage,Civil Works - Lift Irrigation Schemes,No,No,NA ,04-Apr-2022 10:00 AM,NA ,270.0,No ,No,Online,13-Apr-2022 11:00 AM,Orissa Lift Irrigation Corporation||LI KORAPUT||LI Division Koraput,Koraput,764020.0,1.0,"22,31,500",DHARITRI PADHY,"2,499,280",Accepted-AOC,14-Dec-2022,Orissa Lift Irrigation Corporation||LI KORAPUT||LI Division Koraput,C2_Irrigation,irrigation|l.i.|lift irrigation,Mitigation,False,False
2022_OLIC_76555_26,07/2021-22,Installation and energisation of Bangarsudha - I L.I.Project under Chitrakonda Block of Malkangiri District,Installation and energisation of Bangarsudha - I L.I.Project under Chitrakonda Block of Malkangiri District,Works,Open Tender,Percentage,Civil Works - Lift Irrigation Schemes,No,No,NA ,04-Apr-2022 10:00 AM,NA ,270.0,No ,No,Online,13-Apr-2022 11:00 AM,Orissa Lift Irrigation Corporation||LI KORAPUT||LI Division Koraput,Koraput,764020.0,1.0,"23,32,600",DHARITRI PADHY,"2,612,512",Accepted-AOC,14-Dec-2022,Orissa Lift Irrigation Corporation||LI KORAPUT||LI Division Koraput,C2_Irrigation,irrigation|l.i.|lift irrigation,Mitigation,False,False
2022_OLIC_80638_33,02/2022-23,Revival of Palaput III L.I.Project under Narayanpatna Block of Koraput District,Revival of Palaput III L.I.Project under Narayanpatna Block of Koraput District,Works,Open Tender,Percentage,Civil Works - Lift Irrigation Schemes,No,No,NA ,25-Aug-2022 10:00 AM,NA ,270.0,No ,No,Online,05-Sep-2022 11:00 AM,Orissa Lift Irrigation Corporation||LI KORAPUT||LI Division Koraput,Koraput,764020.0,1.0,"14,56,200",DHARITRI PADHY,"1,607,514",Accepted-AOC,13-Dec-2022,Orissa Lift Irrigation Corporation||LI KORAPUT||LI Division Koraput,C2_Irrigation|C3_Drought,irrigation|l.i.|lift irrigation|revival,Unknown,False,False
2022_OLIC_80638_34,02/2022-23,Revival of Palaput IV L.I.Project under Narayanpatna Block of Koraput District,Revival of Palaput IV L.I.Project under Narayanpatna Block of Koraput District,Works,Open Tender,Percentage,Civil Works - Lift Irrigation Schemes,No,No,NA ,25-Aug-2022 10:00 AM,NA ,270.0,No ,No,Online,05-Sep-2022 11:00 AM,Orissa Lift Irrigation Corporation||LI KORAPUT||LI Division Koraput,Koraput,764020.0,1.0,"14,02,300",DHARITRI PADHY,"1,547,688",Accepted-AOC,13-Dec-2022,Orissa Lift Irrigation Corporation||LI KORAPUT||LI Division Koraput,C2_Irrigation|C3_Drought,irrigation|l.i.|lift irrigation|revival,Unknown,False,False
2022_OMC_78152_1,OMC/E-PROC/CnP/43/2022 Dated 27.05.2022,"Supply, Installation and Commissioning of 9 (Nine) Nos of 30.5-meter Flag Post","Supply, Installation and Commissioning of 9 (Nine) Nos. of 30.5-meter Flag Post",Goods,Open Tender,Item Rate,Miscellaneous Goods,No,No,NA ,01-Jun-2022 04:00 PM,NA ,180.0,No ,No,Online,21-Jun-2022 05:30 PM,Orissa Mining Corporation,"OMC House, Bhubaneswar",751001.0,2.0,,Bajaj Electricals Ltd,"17,316,887",Accepted-AOC,26-Dec-2022,Orissa Mining Corporation,C8_Scheme,omm,Mitigation,False,False
2022_OMC_82363_1,13/OMC/e-PROC/Proj-22 Date 18.10.2022,"Construction of Treatment, Storage and Distribution system of Tailing pond spillage water","Construction of Treatment, Storage and Distribution system of Tailing pond spillage water",Services,Open Tender,Item Rate,Miscellaneous Services,No,No,NA ,18-Oct-2022 05:00 PM,26-Oct-2022 11:00 AM ,180.0,No ,No,Online,18-Nov-2022 11:00 AM,Orissa Mining Corporation,South Kaliapani inthe district of Jajpur,755028.0,2.0,,Shree Balaji Engicons Limited,"126,200,240",Accepted-AOC,30-Dec-2022,Orissa Mining Corporation,C1_WaterConservation,pond,Mitigation,False,False
2022_ORULB_75426_2,MC(CMC)CTC_Div-II_No31/2021-22,"Street Sweeping, Drain Desilting, Bush Uprooting, De-weeding and Conservancy Cleaning in","Street Sweeping, Drain Desilting, Bush Uprooting, De-weeding and Conservancy Cleaning in Cuttack Municipal Corporation (Zone-2)comprise with 10 wards viz 10, 11, 12, 13, 14, 15, 17, 18, 19 and 20",Works,Open Tender,Percentage,Civil Works - Others,No,No,NA ,24-Feb-2022 11:00 AM,NA ,120.0,No ,No,Online,22-Mar-2022 10:00 AM,Municipal Bodies||Cuttack Municipal Corporation,CMC area,753012.0,2.0,"35,15,23,755",M/s. MANJU SERVICES,"347,656,993.7",Accepted-AOC,20-Dec-2022,Municipal Bodies||Cuttack Municipal Corporation,C1_WaterConservation,desilt|desilting,Unknown,False,False
2022_OSAMB_81151_10,RMCBARGARH 04 OF 2022-23,"Repair and renovation of existing infrastructure and construction of developmental works at Urduna Market Yard under RMC, Bargarh",Civil works and others,Works,Open Tender,Percentage,Civil Works - Buildings,No,No,NA ,09-Sep-2022 10:00 AM,NA ,90.0,No ,No,Online,28-Sep-2022 11:00 AM,Odisha State Agricultural Marketing Board||RMC Bargarh,"Urduna Market Yard under RMC, Bargarh",768038.0,2.0,"67,27,848",AMIYA KUMAR JENA,"6,055,736",Accepted-AOC,18-Dec-2022,Odisha State Agricultural Marketing Board||RMC Bargarh,C2_Irrigation,rmc,Unknown,False,False
2022_OSAMB_81151_6,RMCBARGARH 04 OF 2022-23,"Repair and renovation of existing infrastructure and construction of developmental work at Kelendapali Market Yard under RMC, Bargarh",Civil works,Works,Open Tender,Percentage,Civil Works - Buildings,No,No,NA ,09-Sep-2022 10:00 AM,NA ,90.0,No ,No,Online,28-Sep-2022 11:00 AM,Odisha State Agricultural Marketing Board||RMC Bargarh,"Kelendapali Market Yard under RMC, Bargarh",768030.0,2.0,"1,12,49,016",JAYAKUMARI PADHAN,"11,191,646",Accepted-AOC,18-Dec-2022,Odisha State Agricultural Marketing Board||RMC Bargarh,C2_Irrigation,rmc,Unknown,False,False
2022_OSAMB_82283_2,RMCPADMAPUR 02 of 2022-23,Construction of Barbed wire fencing at various PPC under Bijepur Block,civil works,Works,Open Tender,Percentage,Civil Works - Buildings,No,No,NA ,17-Oct-2022 09:30 AM,NA ,180.0,No ,No,Online,01-Nov-2022 11:00 AM,Odisha State Agricultural Marketing Board||RMC Padampur,Various PPC under Bijepur Block,768032.0,1.0,"19,67,175",DIBYA KUMAR MAJHI,"1,672,295",Accepted-AOC,26-Dec-2022,Odisha State Agricultural Marketing Board||RMC Padampur,C2_Irrigation,rmc,Unknown,False,False
2022_OSAMB_82283_4,RMCPADMAPUR 02 of 2022-23,Construction of Barbed wire fencing at various PPC under Jharbandh Block,Civil works,Works,Open Tender,Percentage,Civil Works - Buildings,No,No,NA ,17-Oct-2022 09:30 AM,NA ,180.0,No ,No,Online,01-Nov-2022 11:00 AM,Odisha State Agricultural Marketing Board||RMC Padampur,Various PPC under Jharbandh Block,768042.0,1.0,"15,91,567",Barataram Patel,"1,352,991",Accepted-AOC,26-Dec-2022,Odisha State Agricultural Marketing Board||RMC Padampur,C2_Irrigation,rmc,Unknown,False,False
2018_CEUIP_49410_1,"CCE,UIIP-03(01)/2018-19 dt 06.09.2018",RENOVATION AND RESTORATION OF UPPER INDRAVATI RIGHT MAIN CANAL UNDER CLSRP FROM RD-00KM TO 41.10KM.,"Earth work,concrete work including paver Lining and Renovation Work",Works,National Competitive Bid,Percentage,Civil Works - Canal,No,No,NA ,14-Sep-2018 10:00 AM,27-Sep-2018 11:00 AM ,90.0,No ,No,Online,25-Oct-2018 11:00 AM,CCE Upper Indravati Irrigation Project Mukhiguda,Mukhiguda,766026.0,2.0,"1,54,62,06,570",Backbone Construction Pvt Ltd,"1,481,265,894.3",Accepted-AOC,17-Nov-2021,CCE Upper Indravati Irrigation Project Mukhiguda,C2_Irrigation,irrigation,Unknown,False,False
2019_OLIC_53814_3,04/2018-19,Tutipur R/L,Installation and Energisation of Lift Irrigation Project,Works,Open Tender,Item Rate,Civil Works - Lift Irrigation Schemes,No,No,NA ,18-Feb-2019 11:00 AM,NA ,270.0,No ,No,Online,27-Feb-2019 11:00 AM,Orissa Lift Irrigation Corporation||LI Southern Circle Berhampur||LI Division Berhampur,Tutipur of Patrapur Block,760006.0,1.0,"12,73,000",P.N.Patro,"1,298,252.23",Accepted-AOC,15-Nov-2021,Orissa Lift Irrigation Corporation||LI Southern Circle Berhampur||LI Division Berhampur,C2_Irrigation,irrigation|lift irrigation,Mitigation,False,False
2019_OLIC_53814_4,04/2018-19,Kesaripada-I and II R/L,Installation and Energisation of Lift Irrigation Project,Works,Open Tender,Item Rate,Civil Works - Lift Irrigation Schemes,No,No,NA ,18-Feb-2019 11:00 AM,NA ,270.0,No ,No,Online,27-Feb-2019 11:00 AM,Orissa Lift Irrigation Corporation||LI Southern Circle Berhampur||LI Division Berhampur,Kesaripada of Patrapur Block,760006.0,1.0,"22,22,000",NABAGHAN GOUDA,"2,153,303.48",Accepted-AOC,15-Nov-2021,Orissa Lift Irrigation Corporation||LI Southern Circle Berhampur||LI Division Berhampur,C2_Irrigation,irrigation|lift irrigation,Mitigation,False,False
2020_CCEAB_64846_1,CCEABP - 03 of 2020-21,"Excavation, Cement concrete lining of Baitarani Left Bank Canal(BLBC) from RD13.50km to RD 28.50km including construction of structures and Service Road.(Balance work)","Excavation, Cement concrete lining of Baitarani Left Bank Canal(BLBC) from RD13.50km to RD 28.50km including construction of structures and Service Road.(Balance work)",Works,National Competitive Bid,Percentage,Civil Works - Others,No,No,NA ,22-Dec-2020 11:30 AM,NA ,90.0,No ,No,Online,25-Jan-2021 11:30 AM,"CCE,Anandapur Barrage Project||CCE,Anandapur||EE,Anandapur Barrage Division,Salapada","CCE, A.B.Project, Salapada, Keonjhar, Odisha",758020.0,2.0,,ARSS Infrastructure Projects Limited,"734,032,608.62",Accepted-AOC,17-Nov-2021,"CCE,Anandapur Barrage Project||CCE,Anandapur||EE,Anandapur Barrage Division,Salapada",C2_Irrigation,barrage|canal,Mitigation,False,False
2021_CCEAB_66071_1,CCEABP - 05 of 2020-21,"Excavation, Cement Concrete lining of Baitarani Left Bank Canal(BLBC) from 0.00km to RD 13.50km including construction of structures and Service Road.(Balance work)","Excavation, Cement Concrete lining of Baitarani Left Bank Canal(BLBC) from 0.00km to RD 13.50km including construction of structures and Service Road.(Balance work)",Works,National Competitive Bid,Percentage,Civil Works - Others,No,No,NA ,05-Feb-2021 11:30 AM,NA ,90.0,No ,No,Online,23-Feb-2021 11:30 AM,"CCE,Anandapur Barrage Project||CCE,Anandapur||NA","CCE, A.B.Project, Salapada, Keonjhar, Odisha",758020.0,2.0,,ARSS Infrastructure Projects Limited,"762,458,001",Accepted-AOC,17-Nov-2021,"CCE,Anandapur Barrage Project||CCE,Anandapur||NA",C2_Irrigation,barrage|canal,Mitigation,False,False
2021_CEMIB_67814_14,EEMIDKHD 01 /2021-22.,Repair To Tamando MIP In Bhubaneswar Block Of Khordha District.,Repair To Tamando MIP In Bhubaneswar Block Of Khordha District.,Works,Open Tender,Percentage,Civil Works - Others,No,No,NA ,20-Apr-2021 11:00 AM,NA ,90.0,No ,No,Online,06-Jul-2021 11:30 AM,"CE,Minor Irrigation,BBSR||SECMIC-BHUBANESWAR||KHURDA",KHURDHA,752056.0,1.0,,AMARENDRA PRASAD SAHOO,"1,012,366.88",Accepted-AOC,16-Nov-2021,"CE,Minor Irrigation,BBSR||SECMIC-BHUBANESWAR||KHURDA",C1_WaterConservation|C2_Irrigation,irrigation|minor irrigation|mip,DamageResponse,False,False
2021_CEMIB_67814_25,EEMIDKHD 01 /2021-22.,Improvement To Kamaraganda MIP In Jatani Block Of Khordha District.,Improvement To Kamaraganda MIP In Jatani Block Of Khordha District.,Works,Open Tender,Percentage,Civil Works - Others,No,No,NA ,20-Apr-2021 11:00 AM,NA ,90.0,No ,No,Online,06-Jul-2021 11:30 AM,"CE,Minor Irrigation,BBSR||SECMIC-BHUBANESWAR||KHURDA",KHURDHA,752056.0,1.0,,BD BIRENDRA PRASAD PRADHAN,"841,557",Accepted-AOC,20-Nov-2021,"CE,Minor Irrigation,BBSR||SECMIC-BHUBANESWAR||KHURDA",C1_WaterConservation|C2_Irrigation,irrigation|minor irrigation|mip,Mitigation,False,False
2021_CEMIB_67814_27,EEMIDKHD 01 /2021-22.,Improvement To Bhaunribandha MIP In Khordha Block Of Khordha District.,Improvement To Bhaunribandha MIP In Khordha Block Of Khordha District.,Works,Open Tender,Percentage,Civil Works - Others,No,No,NA ,20-Apr-2021 11:00 AM,NA ,90.0,No ,No,Online,06-Jul-2021 11:30 AM,"CE,Minor Irrigation,BBSR||SECMIC-BHUBANESWAR||KHURDA",KHURDHA,752056.0,1.0,,PRAKASH KUMAR RANASINGHA,"840,253",Accepted-AOC,24-Nov-2021,"CE,Minor Irrigation,BBSR||SECMIC-BHUBANESWAR||KHURDA",C1_WaterConservation|C2_Irrigation,irrigation|minor irrigation|mip,Mitigation,False,False
2021_CEMIB_67814_28,EEMIDKHD 01 /2021-22.,Improvement To Kasiabandha MIP In Khordha Block Of Khordha District.,Improvement To Kasiabandha MIP In Khordha Block Of Khordha District.,Works,Open Tender,Percentage,Civil Works - Others,No,No,NA ,20-Apr-2021 11:00 AM,NA ,90.0,No ,No,Online,06-Jul-2021 11:30 AM,"CE,Minor Irrigation,BBSR||SECMIC-BHUBANESWAR||KHURDA",KHURDHA,752056.0,1.0,,PRAKASH KUMAR RANASINGHA,"673,992",Accepted-AOC,24-Nov-2021,"CE,Minor Irrigation,BBSR||SECMIC-BHUBANESWAR||KHURDA",C1_WaterConservation|C2_Irrigation,irrigation|minor irrigation|mip,Mitigation,False,False
2021_CEMIB_67814_5,EEMIDKHD 01 /2021-22.,Improvement To HalandabadabandhaMIP In Banapur Block Of Khordha District.,Improvement To HalandabadabandhaMIP In Banapur Block Of Khordha District.,Works,Open Tender,Percentage,Civil Works - Others,No,No,NA ,20-Apr-2021 11:00 AM,NA ,90.0,No ,No,Online,06-Jul-2021 11:30 AM,"CE,Minor Irrigation,BBSR||SECMIC-BHUBANESWAR||KHURDA",KHURDHA,752056.0,1.0,,Dak Sethy,"849,528",Accepted-AOC,12-Nov-2021,"CE,Minor Irrigation,BBSR||SECMIC-BHUBANESWAR||KHURDA",C1_WaterConservation|C2_Irrigation,irrigation|minor irrigation|mip,Mitigation,False,False
2021_CEMIB_67814_8,EEMIDKHD 01 /2021-22.,Improvement To Gobarabandha MIP In Begunia Block Of Khordha District..,Improvement To Gobarabandha MIP In Begunia Block Of Khordha District..,Works,Open Tender,Percentage,Civil Works - Others,No,No,NA ,20-Apr-2021 11:00 AM,NA ,90.0,No ,No,Online,06-Jul-2021 11:30 AM,"CE,Minor Irrigation,BBSR||SECMIC-BHUBANESWAR||KHURDA",KHURDHA,752056.0,1.0,,DIPAK KUMAR SRICHANDAN,"849,909",Accepted-AOC,12-Nov-2021,"CE,Minor Irrigation,BBSR||SECMIC-BHUBANESWAR||KHURDA",C1_WaterConservation|C2_Irrigation,irrigation|minor irrigation|mip,Mitigation,False,False
2021_EICCL_67796_2,Bid Identification No-EE-RANDB-JSG- 01 OF 2021-22,"External power supply to Community Center Beheramal, Jharsuguda for the year 2021-22","External power supply to Community Center Beheramal, Jharsuguda for the year 2021-22",Works,Open Tender,Percentage,Electrical Works,No,No,NA ,15-Apr-2021 05:35 PM,NA ,90.0,No ,No,Online,03-May-2021 11:30 AM,EIC-CIVIL||SERNB-CIRCLE-NORTHERN||EERNB-DIVN-JHARSUGUDA,Jharsuguda,768202.0,1.0,,DO INFRA AND POWER PRIVATE LIMITED,"1,513,337",Accepted-AOC,10-Nov-2021,EIC-CIVIL||SERNB-CIRCLE-NORTHERN||EERNB-DIVN-JHARSUGUDA,C8_Scheme,omm,Unknown,False,False
2021_EICCL_69192_1,Tender Call Notice-04-21-22,"Construction of ward at CHC -Bankoi, Khordha, For the year 2020-21 (Civil-EI-PH)","Construction of ward at CHC -Bankoi, Khordha, For the year 2020-21 (Civil-EI-PH)",Works,National Competitive Bid,Percentage,Civil Works - Buildings,No,No,NA ,18-Jun-2021 01:00 PM,NA ,90.0,No ,No,Online,09-Jul-2021 11:30 AM,EIC-CIVIL||SERNB-CIRCLE-CENTRAL||EERNB-DIVN-KHURDA,KHORDHA,752055.0,1.0,,ALOK KUMAR MOHAPATRA,"3,446,436",Accepted-AOC,23-Nov-2021,EIC-CIVIL||SERNB-CIRCLE-CENTRAL||EERNB-DIVN-KHURDA,C7_PostHarvestSupply,chc,Mitigation,False,False
2021_EICCL_69772_1,NIT-12-21-22,"Supply, Installation, testing and commissioning of Diesel Generating Set of rated capacity of 250KVA Three Phase Alternator with AMF Control panel in ARTO office, Khordha","Supply, Installation, testing and commissioning of Diesel Generating Set of rated capacity of 250KVA Three Phase Alternator with AMF Control panel in ARTO office, Khordha",Works,National Competitive Bid,Percentage,Electrical Works,No,No,NA ,15-Jul-2021 10:30 AM,NA ,90.0,No ,No,Online,26-Jul-2021 11:30 AM,EIC-CIVIL||SERNB-CIRCLE-CENTRAL||EERNB-DIVN-KHURDA,KHORDHA,752055.0,1.0,,ABC CONSTRUCTIONS,"1,968,265",Accepted-AOC,16-Nov-2021,EIC-CIVIL||SERNB-CIRCLE-CENTRAL||EERNB-DIVN-KHURDA,C8_Scheme,omm,Mitigation,False,False
2021_EICCL_69772_2,NIT-12-21-22,"Supply, installation, testing and commissioning of Diesel Generating Set of rated capacity of 250KVA Three Phase Alternator with AMF Control panel at Academic cum Workshop building at ITI, Krushnaprasad, Puri","Supply, installation, testing and commissioning of Diesel Generating Set of rated capacity of 250KVA Three Phase Alternator with AMF Control panel at Academic cum Workshop building at ITI, Krushnaprasad, Puri",Works,National Competitive Bid,Percentage,Electrical Works,No,No,NA ,15-Jul-2021 10:30 AM,NA ,90.0,No ,No,Online,26-Jul-2021 11:30 AM,EIC-CIVIL||SERNB-CIRCLE-CENTRAL||EERNB-DIVN-KHURDA,KHORDHA,752055.0,1.0,,ABC CONSTRUCTIONS,"2,106,156.75",Accepted-AOC,23-Nov-2021,EIC-CIVIL||SERNB-CIRCLE-CENTRAL||EERNB-DIVN-KHURDA,C8_Scheme,omm,Mitigation,False,False
2021_EICCL_69807_1,Bid Identification No-EE-RandB-JSG- 07 OF 2021-22,"Supply, installation, testing and commissioning of 320 KVA DG set at DHH for 1000 LPM PSA Plant by PM Care for the year 2021-22","Supply, installation, testing and commissioning of 320 KVA DG set at DHH for 1000 LPM PSA Plant by PM Care for the year 2021-22",Works,Open Tender,Percentage,Electrical Works,No,No,NA ,16-Jul-2021 11:50 AM,NA ,90.0,No ,No,Online,30-Jul-2021 11:30 AM,EIC-CIVIL||SERNB-CIRCLE-NORTHERN||EERNB-DIVN-JHARSUGUDA,Jharsuguda,768202.0,1.0,,GSP POWER PROJECTS RETAIL DIVISION,"1,888,951",Accepted-AOC,11-Nov-2021,EIC-CIVIL||SERNB-CIRCLE-NORTHERN||EERNB-DIVN-JHARSUGUDA,C8_Scheme,omm,Mitigation,False,False
2021_OCTDM_70009_5,OIIPCRA-W2-1/2021,Construction of Civil CADWM Works of BadaAgula (Tarapa) Minor Irrigation Projects in Ganjam District,Construction of Civil CADWM Works of BadaAgula (Tarapa) Minor Irrigation Projects inJagannath Prasad Block of Ganjam District,Works,National Competitive Bid,Item Rate,Civil Works - Others,No,No,NA ,31-Jul-2021 10:00 AM,10-Aug-2021 11:00 AM ,90.0,No ,No,Both(Online/Offline),01-Sep-2021 03:30 PM,Orissa Community Tank Development and Management Society,JahannathPrasad,761121.0,2.0,,Maheswar Naik,"2,024,301.92",Accepted-AOC,25-Nov-2021,Orissa Community Tank Development and Management Society,C2_Irrigation|C8_Scheme,irrigation|minor irrigation|omm,Mitigation,False,False
2021_ORULB_66213_12,MC(CMC)CTC_Div-II_No8/2020-21,Sinking of Production Well of Size 200mm x 150 mm at relocation sites Near Bali Sahi Rehabilitation and resettlement of Person affected by the redevelopment for expansion of Taladanda Canal Road (Both side) from Ranihat Bridge to NH-16.,Sinking of Production Well of Size 200mm x 150 mm at relocation sites Near Bali Sahi Rehabilitation and resettlement of Person affected by the redevelopment for expansion of Taladanda Canal Road (Both side) from Ranihat Bridge to NH-16.,Works,Open Tender,Percentage,Civil Works - Others,No,No,NA ,01-Mar-2021 11:00 AM,NA ,90.0,No ,No,Online,09-Mar-2021 10:00 AM,Municipal Bodies||Cuttack Municipal Corporation,CMC,753012.0,1.0,,Pabitra Mohanty,"1,083,228",Accepted-AOC,16-Nov-2021,Municipal Bodies||Cuttack Municipal Corporation,C2_Irrigation,canal,DamageResponse,False,False
2021_SERIF_70798_17,VI-38(06)/SERIFED/2021-22/734,"Construction of Common Facility Centre at Sadarthana WCS, Khordha.","Construction of Common Facility Centre at Sadarthana WCS, Khordha.",Works,Open Tender,Item Rate,Civil Works - Buildings,No,No,NA ,06-Sep-2021 06:55 PM,NA ,90.0,No ,No,Online,16-Sep-2021 11:30 AM,Odisha Cooperative Tasar and Silk Federation LTD,"Khordha WCS, Khordha",752055.0,1.0,,BISWAJIT BHARATI,"1,007,901.24",Accepted-AOC,05-Nov-2021,Odisha Cooperative Tasar and Silk Federation LTD,C8_Scheme,omm,Mitigation,False,False
2021_SERIF_70798_18,VI-38(06)/SERIFED/2021-22/734,"Construction of Common Facility Centre at Satabhaya WCS, Khordha.","Construction of Common Facility Centre at Satabhaya WCS, Khordha.",Works,Open Tender,Item Rate,Civil Works - Buildings,No,No,NA ,06-Sep-2021 06:55 PM,NA ,90.0,No ,No,Online,16-Sep-2021 11:30 AM,Odisha Cooperative Tasar and Silk Federation LTD,"Satabhaya WCS, Khordha",752055.0,1.0,,BISWAJIT BHARATI,"1,007,901",Accepted-AOC,18-Nov-2021,Odisha Cooperative Tasar and Silk Federation LTD,C8_Scheme,omm,Mitigation,False,False
2021_SERIF_70798_25,VI-38(06)/SERIFED/2021-22/734,"Construction of Common Facility Centre at Badabag WCS, Cuttack.","Construction of Common Facility Centre at Badabag WCS, Cuttack.",Works,Open Tender,Item Rate,Civil Works - Buildings,No,No,NA ,06-Sep-2021 06:55 PM,NA ,90.0,No ,No,Online,16-Sep-2021 11:30 AM,Odisha Cooperative Tasar and Silk Federation LTD,"Badabag WCS, Cuttack",753012.0,1.0,,BISWAJIT BHARATI,"1,007,901.24",Accepted-AOC,05-Nov-2021,Odisha Cooperative Tasar and Silk Federation LTD,C8_Scheme,omm,Mitigation,False,False
2020_CELBB_61696_49,e-PROCUREMENT NOTICE NO 03 OF 2020-21,"NID-100-M/R to Uchhupur Minor, Balibasta Minor from RD 00 to 2.92Km, Dipideuli Minor, Baku Minor from RD 1.10 Km to Tail and Kotakusanga Sub-Minor","M/R to Uchhupur Minor, Balibasta Minor from RD 00 to 2.92Km, Dipideuli Minor, Baku Minor from RD 1.10 Km to Tail and Kotakusanga Sub-Minor",Works,Open Tender,Percentage,Civil Works - Canal,No,No,NA ,26-Jun-2020 10:00 AM,NA ,90.0,No ,No,Online,07-Jul-2020 10:00 AM,"CE-BM,LMB Basin,BBSR||SE, Central Irr.Circle, BBSR||EE,Nimapada Irr Division, Nimapada",Nimapara,752106.0,1.0,"2,27,863",ASHOK KUMAR PANI,"193,706",Accepted-AOC,07-Aug-2020,"CE-BM,LMB Basin,BBSR||SE, Central Irr.Circle, BBSR||EE,Nimapada Irr Division, Nimapada",C2_Irrigation,irr |sub-minor,Unknown,False,False
2020_CELBB_61696_50,e-PROCUREMENT NOTICE NO 03 OF 2020-21,"NID-101-M/R to Chakrapada F.C., Jamarsuan Disty and Jamarsuan Minor","M/R to Chakrapada F.C., Jamarsuan Disty and Jamarsuan Minor",Works,Open Tender,Percentage,Civil Works - Canal,No,No,NA ,26-Jun-2020 10:00 AM,NA ,90.0,No ,No,Online,07-Jul-2020 10:00 AM,"CE-BM,LMB Basin,BBSR||SE, Central Irr.Circle, BBSR||EE,Nimapada Irr Division, Nimapada",Nimapara,752106.0,1.0,"2,20,388",ASHOK KUMAR PANI,"187,351",Accepted-AOC,12-Aug-2020,"CE-BM,LMB Basin,BBSR||SE, Central Irr.Circle, BBSR||EE,Nimapada Irr Division, Nimapada",C2_Irrigation,disty|irr ,Unknown,False,False
2018_OSAMB_51082_27,03/RMC-Junagarh/2018-19,Repair and Renovation of 18 nos of shop room at Dharmagarh RMC Market Complex RMC Junagarh.,Repair and Renovation of 18 nos of shop room at Dharmagarh RMC Market Complex RMC Junagarh.,Works,Open Tender,Percentage,Civil Works - Buildings,No,No,NA ,27-Nov-2018 10:00 AM,NA ,90.0,No ,No,Online,12-Dec-2018 11:00 AM,Odisha State Agricultural Marketing Board||RMC Junagarh,shop room at Dharmagarh,766014.0,1.0,"9,82,914",Danabir Sahu,"835,575",Accepted-AOC,31-May-2019,Odisha State Agricultural Marketing Board||RMC Junagarh,C2_Irrigation,rmc,DamageResponse,False,False
2019_ORULB_53137_15,BMC-EE-DD- 11/2018-19 Dt. 04.02.2019,Desilting of Internal Storm Water Drain in Ward no 4,Desilting of Internal Storm Water Drain in Ward no 4,Works,Open Tender,Percentage,Civil Works - Others,No,No,NA ,05-Feb-2019 05:00 PM,NA ,90.0,No ,No,Online,20-Feb-2019 11:00 AM,Municipal Bodies||Bhubaneswar Municipal Corporation,BMC Limited Bhubaneswar.,751014.0,1.0,"2,05,440",NARENDRA KUMAR MOHAPATRA,"183,376",Accepted-AOC,10-Feb-2022,Municipal Bodies||Bhubaneswar Municipal Corporation,C1_WaterConservation,desilt|desilting,Unknown,False,False
2020_OLIC_63697_18,OLIC-BOUDH-10/2020-21,REVIVAL OF BAGHIAPADA-II LIFT IRRIGATION PROJECT UNDER BOUDH BLOCK IN BOUDH DISTRICT,REVIVAL OF BAGHIAPADA-II LIFT IRRIGATION PROJECT UNDER BOUDH BLOCK IN BOUDH DISTRICT,Works,Open Tender,Percentage,Civil Works - Lift Irrigation Schemes,No,No,NA ,13-Nov-2020 11:00 AM,NA ,365.0,No ,No,Online,25-Nov-2020 11:00 AM,Orissa Lift Irrigation Corporation||LI Southern Circle Berhampur||LI Division Phulbani,Boudh,762014.0,1.0,"7,68,157",GHANASHYAM BAGH,"804,415",Accepted-AOC,11-Feb-2022,Orissa Lift Irrigation Corporation||LI Southern Circle Berhampur||LI Division Phulbani,C2_Irrigation|C3_Drought,irrigation|lift irrigation|revival,Unknown,False,False
2021_CEBBS_70202_1,CEBBS-MID-02/2021-22,"Construction of Under Ground Pipe line system (Gravity Flow) for distributary, Minor/Subminor for irrigation to 2013.5Ha CCA for Manjore Irrigation Project,Athmallik in Angul District, Odisha on EPC Mode of Contract.","Construction of Under Ground Pipe line system (Gravity Flow) for distributary, Minor/Subminor for irrigation to 2013.5Ha CCA for Manjore Irrigation Project,Athmallik in Angul District, Odisha on EPC Mode of Contract.",Works,National Competitive Bid,Turn-key,Civil Works - Others,No,No,NA ,10-Aug-2021 10:00 AM,23-Aug-2021 11:00 AM ,180.0,No ,No,Online,13-Sep-2021 11:00 AM,CE and BM Brahmani Basin Samal||SE Angul Irrigation Circle Angul||EE Manjore Irr.Divn. Athamalik,"O/O the CE and BM, Brahmani Basin,Samal",759037.0,2.0,,GURUMAHARAJ ENGICON PRIVATE LIMITED,"517,115,597",Accepted-AOC,08-Feb-2022,CE and BM Brahmani Basin Samal||SE Angul Irrigation Circle Angul||EE Manjore Irr.Divn. Athamalik,C2_Irrigation,distributary|irrigation,Mitigation,False,False
2021_CERWI_73470_14,BLGR-Online-18/2021-22,Improvement of road from MJ RD road to Bomraj road under MMSY for the year 2021-22 including 5 years maintenance (RIDF Grant),Improvement of road from MJ RD road to Bomraj road under MMSY for the year 2021-22 including 5 years maintenance (RIDF Grant),Works,National Competitive Bid,Percentage,Civil Works - Roads,No,No,NA ,04-Dec-2021 09:00 AM,NA ,90.0,No ,No,Online,18-Dec-2021 11:00 AM,CE RW I||RWCIRCLE-BALANGIR,Sonepur,767017.0,2.0,"6,01,78,000",Anil Kumar Mishra,"51,156,035",Accepted-AOC,10-Feb-2022,CE RW I||RWCIRCLE-BALANGIR,C8_Scheme,ridf,Mitigation,False,False
2021_CERWI_73470_9,BLGR-Online-18/2021-22,Improvement of road from PWD road to Bhuslad road under MMSY for the year 2021-22 including 5 years maintenance (RIDF Grant),Improvement of road from PWD road to Bhuslad road under MMSY for the year 2021-22 including 5 years maintenance (RIDF Grant),Works,National Competitive Bid,Percentage,Civil Works - Roads,No,No,NA ,03-Dec-2021 06:55 PM,NA ,90.0,No ,No,Online,18-Dec-2021 11:00 AM,CE RW I||RWCIRCLE-BALANGIR,Titilagarh,767033.0,2.0,"4,03,62,000",Akash Kumar Agrawal,"34,311,561.445",Accepted-AOC,16-Feb-2022,CE RW I||RWCIRCLE-BALANGIR,C8_Scheme,ridf,Mitigation,False,False
2021_CERWI_74858_2,Tender Online Divn. BBSR - 60 / 2021-22,RD Road to Laxmiprasad,RD Road to Laxmiprasad,Works,Open Tender,Percentage,Civil Works - Roads,No,No,NA ,24-Dec-2021 04:00 PM,NA ,90.0,No ,No,Online,31-Dec-2021 11:00 AM,CE RW I||RWCIRCLE-BHUBANESWAR||RWDIVISION-BHUBANESWAR,E.E. R.W. Divn. BBSR,751013.0,1.0,"19,65,000",JANHABI KUMAR PAIKARATHI,"1,670,367",Accepted-AOC,26-Feb-2022,CE RW I||RWCIRCLE-BHUBANESWAR||RWDIVISION-BHUBANESWAR,C1_WaterConservation,mip,Unknown,False,False
2021_DFORG_74576_3,DFO-RGDA-06/2021-22,Construction of Water Harvesting Structure of Size (40mx30mx3m) in Ladakhaman RF of Kashipur Range for the Year 2021-22,Construction of Water Harvesting Structure of Size (40mx30mx3m) in Ladakhaman RF of Kashipur Range for the Year 2021-22,Works,Open Tender,Percentage,Civil Works - Others,No,No,NA ,22-Dec-2021 11:00 AM,NA ,90.0,No ,No,Online,05-Jan-2022 11:00 AM,Forest Environment and Climate Change Department||RCCF Koraput||DFO Rayagada,LADAKHAMAN RF,765015.0,1.0,"5,50,000",ABHIMANYU NAIK,"467,555",Accepted-AOC,14-Feb-2022,Forest Environment and Climate Change Department||RCCF Koraput||DFO Rayagada,C1_WaterConservation,water harvesting,Mitigation,False,False
2021_OLIC_69903_2,4817/19.07.2021,Installation electrification energisation and commissioning of bore well BALANGIR PKG 01 BID ID 05,BID ID 05,Works,Open Tender,Percentage,Civil Works - Lift Irrigation Schemes,No,No,NA ,28-Jul-2021 10:00 AM,06-Aug-2021 11:30 AM ,730.0,No ,No,Online,24-Aug-2021 11:00 AM,Orissa Lift Irrigation Corporation,BALANGIR,751012.0,2.0,"13,82,76,033",Arihant Electricals and Engineers,"124,462,257.9",Accepted-AOC,22-Feb-2022,Orissa Lift Irrigation Corporation,C2_Irrigation,irrigation|lift irrigation,Unknown,False,False
2021_ORULB_72003_43,DHARAMGARH/NAC/03/2021-22,CONST.OF PAVER ROAD FROM CANAL ROAD TO BISWA PANDA HOUSE AT WARD NO.13,CONST.OF PAVER ROAD FROM CANAL ROAD TO BISWA PANDA HOUSE AT WARD NO.13,Works,Open Tender,Percentage,Civil Works - Others,No,No,NA ,30-Oct-2021 10:00 AM,NA ,90.0,No ,No,Online,12-Nov-2021 05:00 PM,Municipal Bodies||Dharmagarh NAC,ward No 13,766015.0,1.0,"2,67,857",ABHIMANYU DAS,"267,856.33",Accepted-AOC,06-Feb-2022,Municipal Bodies||Dharmagarh NAC,C2_Irrigation,canal,Unknown,False,False
2021_ORULB_72589_12,DHARAMGARH/NAC/04/2021-22,DETAILED ESTIMATE FOR IMPROVEMENT OF CEMENT CONCRETE ROAD FROM PWD ROAD TO CANAL ROAD VIA HIMANSHU PANDA RESS. AT WARD NO 09,DETAILED ESTIMATE FOR IMPROVEMENT OF CEMENT CONCRETE ROAD FROM PWD ROAD TO CANAL ROAD VIA HIMANSHU PANDA RESS. AT WARD NO 09,Works,Open Tender,Percentage,Civil Works - Others,No,No,NA ,16-Nov-2021 10:00 AM,NA ,90.0,No ,No,Online,26-Nov-2021 10:00 AM,Municipal Bodies||Dharmagarh NAC,WARD NO 09,766015.0,1.0,"7,14,286",Danabir Sahu,"703,714.76",Accepted-AOC,05-Feb-2022,Municipal Bodies||Dharmagarh NAC,C2_Irrigation,canal,Mitigation,False,False
2017_OMC_41601_1,NIT No.35/E-PROC/OMC/MAT/17,"Supply, installation and commissioning of DG Mounted Mobile Tower Lights to different locations of OMC.","Supply, installation and commissioning of DG Mounted Mobile Tower Lights to different locations of OMC.",Goods,Open Tender,Item Rate,Miscellaneous Goods,No,No,NA ,03-Nov-2017 06:00 PM,NA ,180.0,No ,No,Offline,24-Nov-2017 03:00 PM,Orissa Mining Corporation,Bhubaneswar,751001.0,2.0,0.0,AKSHAYPATRA EQUIPMENTS PVT. LTD.,"9,699,340.4",Accepted-AOC,06-Apr-2021,Orissa Mining Corporation,C8_Scheme,omm,Mitigation,False,False
2017_OSAMB_37564_1,RMC/Junagarh-01/2016-17,Construction of different developmental work at Banijora New Market Yard under RMC Junagarh,Construction of different developmental work at Banijora New Market Yard,Works,Open Tender,Percentage,Civil Works - Buildings,No,No,NA ,25-Mar-2017 10:00 AM,NA ,120.0,No ,No,Offline,19-Apr-2017 11:00 AM,Odisha State Agricultural Marketing Board||RMC Junagarh,Junagarh,766014.0,2.0,"2,81,71,911",GIRISH CHANDRA BEHERA,"28,022,599",Accepted-AOC,14-Apr-2021,Odisha State Agricultural Marketing Board||RMC Junagarh,C2_Irrigation,rmc,Mitigation,False,False
2018_OMC_50481_1,NIT No. OMC/MAT/E-PROC/65/2018,"Supply, Installation, Commissioning Testing of 11KV, 630A Out Door Type","Supply, Installation, Commissioning Testing of 11KV, 630A Out Door Type VCB at Daitari Mines, Odisha",Goods,Open Tender,Lump-sum,Miscellaneous Goods,No,No,NA ,31-Oct-2018 05:00 PM,NA ,180.0,No ,No,Online,27-Nov-2018 11:00 AM,Orissa Mining Corporation,"AT Daitari mines,Keonjhar,odisha",758026.0,2.0,0.0,SOUMIT PANDA,"3,766,560",Accepted-AOC,06-Apr-2021,Orissa Mining Corporation,C8_Scheme,omm,Mitigation,False,False
2018_OSAMB_51082_24,03/RMC-Junagarh/2018-19,"Construction of GCI Cover shed, Concrete Drying Platform Cum Threshing floor and Sinking of Tube well (125x100) mm at Mathura PPC under Junagarh Block RMC Junagarh.","Construction of GCI Cover shed, Concrete Drying Platform Cum Threshing floor and Sinking of Tube well (125x100) mm at Mathura PPC under Junagarh Block RMC Junagarh.",Works,Open Tender,Percentage,Civil Works - Buildings,No,No,NA ,27-Nov-2018 10:00 AM,NA ,90.0,No ,No,Online,12-Dec-2018 11:00 AM,Odisha State Agricultural Marketing Board||RMC Junagarh,Mathura PPC,766014.0,1.0,"18,46,322",Bhojraj Rana,"1,569,558",Accepted-AOC,14-Apr-2021,Odisha State Agricultural Marketing Board||RMC Junagarh,C2_Irrigation|C7_PostHarvestSupply,drying platform|rmc|tube well,Mitigation,False,False
2018_OSAMB_51082_25,03/RMC-Junagarh/2018-19,"Construction of GCI Cover shed, Concrete Drying Platform Cum Threshing floor and Sinking of Tube well (125x100) mm at Chhoriagad PPC under Junagarh Block RMC Junagarh.","Construction of GCI Cover shed, Concrete Drying Platform Cum Threshing floor and Sinking of Tube well (125x100) mm at Chhoriagad PPC under Junagarh Block RMC Junagarh.",Works,Open Tender,Percentage,Civil Works - Buildings,No,No,NA ,27-Nov-2018 10:00 AM,NA ,90.0,No ,No,Online,12-Dec-2018 11:00 AM,Odisha State Agricultural Marketing Board||RMC Junagarh,Chhoriagad PPC,766014.0,1.0,"18,53,976",Bhojraj Rana,"1,576,065",Accepted-AOC,14-Apr-2021,Odisha State Agricultural Marketing Board||RMC Junagarh,C2_Irrigation|C7_PostHarvestSupply,drying platform|rmc|tube well,Mitigation,False,False
2020_CERWI_63075_8,Online-04 Dt.30.09.2020,Routine Maintenance of Puri Balighai road to Balipatna road in the district of Puri for the year 2020-21. (Ch.0/00 to 0/500km),Routine Maintenance of Puri Balighai road to Balipatna road in the district of Puri for the year 2020-21. (Ch.0/00 to 0/500km),Works,National Competitive Bid,Percentage,Civil Works - Roads,No,No,NA ,07-Oct-2020 11:00 AM,NA ,90.0,No ,No,Online,21-Oct-2020 11:00 AM,CE RW I||RWCIRCLE-BHUBANESWAR||RWDIVISION-PURI,Puri,752001.0,1.0,"3,12,000",BRUNDABAN PATTANAYAK,"265,284",Accepted-AOC,07-Apr-2021,CE RW I||RWCIRCLE-BHUBANESWAR||RWDIVISION-PURI,C2_Irrigation,lip,Unknown,False,False
2020_EICCL_62357_1,TCN NO 19 OF 2020-21,"Supply,installation, testing and commissioning of (G plus 2) 8 passenger elevator at Old Collectorate Building, Puri","Supply, installation, testing and commissioning of (G plus 2) 8 passenger elevator at Old Collectorate Building, Puri",Works,National Competitive Bid,Percentage,Electrical Works,No,No,NA ,21-Aug-2020 11:30 AM,NA ,90.0,No ,No,Online,29-Aug-2020 11:30 AM,EIC-CIVIL||SERNB-CIRCLE-KHURDA||EERNB-DIVN-PURI,Puri,752001.0,1.0,"14,98,832",ASCENSOR LIFTS AND AUTOMATION PRIVATE LIMITED,"1,274,157",Accepted-AOC,23-Apr-2021,EIC-CIVIL||SERNB-CIRCLE-KHURDA||EERNB-DIVN-PURI,C8_Scheme,omm,Mitigation,False,False
2020_EICCL_63979_2,E.E.JSPR(RandB)-15/2021,Construction of fixed vision center under SUNETRA at,"Construction of fixed vision center under SUNETRA at CHC Kujanga in the district of Jagatsinghpur for 20-21 (CIVIL,E.I and P.H.)",Works,Open Tender,Percentage,Civil Works - Buildings,No,No,NA ,23-Nov-2020 12:30 PM,NA ,180.0,No ,No,Online,05-Dec-2020 11:30 AM,EIC-CIVIL||SERNB-CIRCLE-CUTTACK||EERNB-DIVN-JAGATSINGPUR,Kujanga,754141.0,1.0,,MINATI DAS,"759,018",Accepted-AOC,28-Apr-2021,EIC-CIVIL||SERNB-CIRCLE-CUTTACK||EERNB-DIVN-JAGATSINGPUR,C7_PostHarvestSupply,chc,Mitigation,False,False
2020_GWSI_64683_1,NHP/OD-GW/VES/2020-21/03,Supply and Testing of Single Channel DC Resistivity Meter (for VES Test) with Accessories and required attachments,Supply and Testing of Single Channel DC Resistivity Meter (for VES Test) with Accessories and required attachments complete as per the technical specifications including 3 year comprehensive warranty. ( 12Nos),Goods,Open Tender,Item Rate,Miscellaneous Goods,No,No,NA ,18-Dec-2020 12:30 PM,NA ,60.0,No ,No,Offline,06-Jan-2021 03:30 PM,Ground Water Survey and Investigation,Bhubaneswar,751012.0,1.0,,Aditi Infotech,"2,502,000",Accepted-AOC,07-Apr-2021,Ground Water Survey and Investigation,C3_Drought,ground water,Unknown,False,False
2020_OCTDM_63104_1,OIIPCRA-W2-1/2020,OIIPCRAW2-1/20,Improvement (Renovation) to Mayabati MIP in Balangir District package No-BGR-8,Works,National Competitive Bid,Item Rate,Civil Works - Others,No,No,NA ,16-Oct-2020 10:00 AM,22-Oct-2020 11:30 AM ,90.0,No ,No,Both(Online/Offline),17-Nov-2020 11:30 AM,Orissa Community Tank Development and Management Society,Bhubaneswar,751001.0,2.0,,MDSG CONSTRUCTION PRIVATE LIMITED,"47,563,749.54",Accepted-AOC,26-Apr-2021,Orissa Community Tank Development and Management Society,C1_WaterConservation|C8_Scheme,mip|omm,Mitigation,False,False
2020_OCTDM_63104_2,OIIPCRA-W2-1/2020,OIIPCRAW2-1/20,Construction of Civil CADWM Works Package ID GJP-11of Two Minor Irrigation Projects in Gajapati District,Works,National Competitive Bid,Item Rate,Civil Works - Others,No,No,NA ,16-Oct-2020 10:00 AM,22-Oct-2020 11:30 AM ,90.0,No ,No,Both(Online/Offline),17-Nov-2020 11:30 AM,Orissa Community Tank Development and Management Society,Bhubaneswar,751001.0,2.0,,ARUN KUMAR NAYAK,"34,787,339.3",Accepted-AOC,28-Apr-2021,Orissa Community Tank Development and Management Society,C2_Irrigation|C8_Scheme,irrigation|minor irrigation|omm,Mitigation,False,False
2020_OLIC_60590_1,08/2019-20 OLIC (BAM),Ankorada-I R/L Ankorada-II R/L and Ankorada-III R/L,Renovation Improvement of L.I. Projects,Works,Open Tender,Percentage,Civil Works - Lift Irrigation Schemes,No,No,NA ,11-Mar-2020 04:00 PM,NA ,180.0,No ,No,Online,19-Mar-2020 12:00 PM,Orissa Lift Irrigation Corporation||LI Southern Circle Berhampur||LI Division Berhampur,Ankorada under Hinjilicut Block,760006.0,1.0,"7,06,000",JYOTI SETHY,"705,590.28",Accepted-AOC,30-Apr-2021,Orissa Lift Irrigation Corporation||LI Southern Circle Berhampur||LI Division Berhampur,C2_Irrigation,irrigation|l.i.|l.i. project|lift irrigation,Mitigation,False,False
2020_OLIC_60590_10,08/2019-20 OLIC (BAM),Sheragada-I R/L and Sheragada-II R/L,Renovation Improvement of L.I. Projects,Works,Open Tender,Percentage,Civil Works - Lift Irrigation Schemes,No,No,NA ,12-Mar-2020 12:00 PM,NA ,180.0,No ,No,Online,19-Mar-2020 12:00 PM,Orissa Lift Irrigation Corporation||LI Southern Circle Berhampur||LI Division Berhampur,Sheragada under Sheragada Bloc,760006.0,1.0,"6,29,000",JAGANNATH PANIGRAHY,"628,936.62",Accepted-AOC,30-Apr-2021,Orissa Lift Irrigation Corporation||LI Southern Circle Berhampur||LI Division Berhampur,C2_Irrigation,irrigation|l.i.|l.i. project|lift irrigation,Mitigation,False,False
2020_OLIC_60590_12,08/2019-20 OLIC (BAM),Sherankuda-I T/W and Sherankuda-II R/L,Renovation Improvement of L.I. Projects,Works,Open Tender,Percentage,Civil Works - Lift Irrigation Schemes,No,No,NA ,12-Mar-2020 12:30 PM,NA ,180.0,No ,No,Online,19-Mar-2020 12:00 PM,Orissa Lift Irrigation Corporation||LI Southern Circle Berhampur||LI Division Berhampur,Sherankuda under Sheragada Bloc,760006.0,1.0,"2,91,000",Ramanath Sahu,"290,431.13",Accepted-AOC,30-Apr-2021,Orissa Lift Irrigation Corporation||LI Southern Circle Berhampur||LI Division Berhampur,C2_Irrigation,irrigation|l.i.|l.i. project|lift irrigation,Mitigation,False,False
2020_OLIC_60590_3,08/2019-20 OLIC (BAM),Giria-II R/L and Hinjili-II T/W,Renovation Improvement of L.I. Projects,Works,Open Tender,Percentage,Civil Works - Lift Irrigation Schemes,No,No,NA ,11-Mar-2020 06:00 PM,NA ,180.0,No ,No,Online,19-Mar-2020 12:00 PM,Orissa Lift Irrigation Corporation||LI Southern Circle Berhampur||LI Division Berhampur,Giria and Hinjili under Hinjilicut Block,760006.0,1.0,"5,72,000",JYOTI SETHY,"571,908.51",Accepted-AOC,30-Apr-2021,Orissa Lift Irrigation Corporation||LI Southern Circle Berhampur||LI Division Berhampur,C2_Irrigation,irrigation|l.i.|l.i. project|lift irrigation,Mitigation,False,False
2020_OLIC_60590_4,08/2019-20 OLIC (BAM),Nandika-III T/W Nandika-VIII T/W and Ralaba-VIII T/W,Renovation Improvement of L.I. Projects,Works,Open Tender,Percentage,Civil Works - Lift Irrigation Schemes,No,No,NA ,11-Mar-2020 06:00 PM,NA ,180.0,No ,No,Online,19-Mar-2020 12:00 PM,Orissa Lift Irrigation Corporation||LI Southern Circle Berhampur||LI Division Berhampur,Nandika and Ralaba under Hinjilicut Block,760006.0,1.0,"4,32,000",JYOTI SETHY,"431,978.45",Accepted-AOC,30-Apr-2021,Orissa Lift Irrigation Corporation||LI Southern Circle Berhampur||LI Division Berhampur,C2_Irrigation,irrigation|l.i.|l.i. project|lift irrigation,Mitigation,False,False
2020_OLIC_60590_5,08/2019-20 OLIC (BAM),Khandara-II T/W Khandara-IV R/L and Khandara-V T/W,Renovation Improvement of L.I. Projects,Works,Open Tender,Percentage,Civil Works - Lift Irrigation Schemes,No,No,NA ,11-Mar-2020 06:00 PM,NA ,180.0,No ,No,Online,19-Mar-2020 12:00 PM,Orissa Lift Irrigation Corporation||LI Southern Circle Berhampur||LI Division Berhampur,Khandara under Hinjilicut Block,760006.0,1.0,"5,08,000",Jagadish Behera,"507,869.34",Accepted-AOC,30-Apr-2021,Orissa Lift Irrigation Corporation||LI Southern Circle Berhampur||LI Division Berhampur,C2_Irrigation,irrigation|l.i.|l.i. project|lift irrigation,Mitigation,False,False
2020_OLIC_60590_6,08/2019-20 OLIC (BAM),Gudisara-IV T/W Santoshpur-I T/W and Tahara-I T/W,Renovation Improvement of L.I. Projects,Works,Open Tender,Percentage,Civil Works - Lift Irrigation Schemes,No,No,NA ,12-Mar-2020 12:00 PM,NA ,180.0,No ,No,Online,19-Mar-2020 12:00 PM,Orissa Lift Irrigation Corporation||LI Southern Circle Berhampur||LI Division Berhampur,Gudisara Santshpur and Tahara under Sheragada Bloc,760006.0,1.0,"5,95,000",Ramanath Sahu,"594,507.32",Accepted-AOC,30-Apr-2021,Orissa Lift Irrigation Corporation||LI Southern Circle Berhampur||LI Division Berhampur,C2_Irrigation,irrigation|l.i.|l.i. project|lift irrigation,Mitigation,False,False
2020_OLIC_60590_8,08/2019-20 OLIC (BAM),Brahmanachai-IX T/W and Brahamanchai-VI R/L,Renovation Improvement of L.I. Projects,Works,Open Tender,Percentage,Civil Works - Lift Irrigation Schemes,No,No,NA ,12-Mar-2020 12:00 PM,NA ,180.0,No ,No,Online,19-Mar-2020 12:00 PM,Orissa Lift Irrigation Corporation||LI Southern Circle Berhampur||LI Division Berhampur,Brahamanchai under Sheragada Bloc,760006.0,1.0,"6,26,000",Ramanath Sahu,"625,899.84",Accepted-AOC,30-Apr-2021,Orissa Lift Irrigation Corporation||LI Southern Circle Berhampur||LI Division Berhampur,C2_Irrigation,irrigation|l.i.|l.i. project|lift irrigation,Mitigation,False,False
2020_OLIC_60590_9,08/2019-20 OLIC (BAM),Pitala-I T/W,Renovation Improvement of L.I. Projects,Works,Open Tender,Percentage,Civil Works - Lift Irrigation Schemes,No,No,NA ,12-Mar-2020 12:00 PM,NA ,180.0,No ,No,Online,19-Mar-2020 12:00 PM,Orissa Lift Irrigation Corporation||LI Southern Circle Berhampur||LI Division Berhampur,Pitala under Sheragada Bloc,760006.0,1.0,"5,35,000",JAGANNATH PANIGRAHY,"534,994.77",Accepted-AOC,30-Apr-2021,Orissa Lift Irrigation Corporation||LI Southern Circle Berhampur||LI Division Berhampur,C2_Irrigation,irrigation|l.i.|l.i. project|lift irrigation,Mitigation,False,False
2020_OLIC_60759_2,09/2019-20 OLIC (BAM),Burupada-V T/W and Kharida-XI T/W,Renovation of L.I. Projects,Works,Open Tender,Percentage,Civil Works - Lift Irrigation Schemes,No,No,NA ,24-Mar-2020 11:00 AM,NA ,180.0,No ,No,Online,04-Apr-2020 12:00 PM,Orissa Lift Irrigation Corporation||LI Southern Circle Berhampur||LI Division Berhampur,Burupada and Kharida under Hinjilicut Block,760006.0,1.0,"5,12,000",GOPAL KRUSHNA PADHY,"511,538.14",Accepted-AOC,30-Apr-2021,Orissa Lift Irrigation Corporation||LI Southern Circle Berhampur||LI Division Berhampur,C2_Irrigation,irrigation|l.i.|l.i. project|lift irrigation,Unknown,False,False
2020_OLIC_62021_2,OLIC-BPT-01/2020-21,INSTALLATION AND ENERGISATION OF TILJODI-II LIFT IRRIGATION PROJECT UNDER BHAWANIPATNA BLOCK IN KALAHANDI DISTRICT,"Construction of Head works, Distribution System and energisation including power supply work",Works,Open Tender,Percentage,Civil Works - Lift Irrigation Schemes,No,No,NA ,17-Jul-2020 11:00 AM,NA ,365.0,No ,No,Online,04-Aug-2020 11:00 AM,Orissa Lift Irrigation Corporation||LI Western Circle Bhawanipatna||LI Division Bhawanipatna,Bhawanipatna,766001.0,1.0,"24,72,781",BUDU SIKARI,"2,102,111",Accepted-AOC,09-Apr-2021,Orissa Lift Irrigation Corporation||LI Western Circle Bhawanipatna||LI Division Bhawanipatna,C2_Irrigation,irrigation|lift irrigation,Mitigation,False,False
2020_OLIC_62026_31,OLIC-BPT-01/2020-21,INSTALLATION AND ENERGISATION OF KHAPRAMAL-II LIFT IRRIGATION PROJECT UNDER KOKSARA BLOCK IN KALAHANDI DISTRICT,"Construction of Head works, Distribution System and energisation including power supply work",Works,Open Tender,Percentage,Civil Works - Lift Irrigation Schemes,No,No,NA ,17-Jul-2020 11:00 AM,NA ,365.0,No ,No,Online,04-Aug-2020 11:00 AM,Orissa Lift Irrigation Corporation||LI Western Circle Bhawanipatna||LI Division Bhawanipatna,KOKSARA,766019.0,1.0,"24,87,781",M/s Jay Shiva Electricals,"2,114,863",Accepted-AOC,09-Apr-2021,Orissa Lift Irrigation Corporation||LI Western Circle Bhawanipatna||LI Division Bhawanipatna,C2_Irrigation,irrigation|lift irrigation,Mitigation,False,False
2020_OLIC_62145_15,03/2020-21 OLIC (BAM),Sahanapalli T/W,Installation and Energisation of L.I. Project,Works,Open Tender,Percentage,Civil Works - Lift Irrigation Schemes,No,No,NA ,06-Aug-2020 11:00 AM,NA ,180.0,No ,No,Online,21-Aug-2020 12:00 PM,Orissa Lift Irrigation Corporation||LI Southern Circle Berhampur||LI Division Berhampur,Sahanapalli under Bhanjanagar Block,760006.0,1.0,"11,57,000",UPENDRA JENA,"1,157,382.67",Accepted-AOC,08-Apr-2021,Orissa Lift Irrigation Corporation||LI Southern Circle Berhampur||LI Division Berhampur,C2_Irrigation,irrigation|l.i.|l.i. project|lift irrigation,Mitigation,False,False
2020_OLIC_62328_1,EEOLICSNG-02/20-21,"Installation and energisation of SARANGIJHARIA L.I.Project under HEMGIR Block under L.I.Division,Sundargarh",Lift Irrigation Work,Works,Open Tender,Percentage,Civil Works - Lift Irrigation Schemes,No,No,NA ,24-Aug-2020 10:00 AM,NA ,120.0,No ,No,Online,07-Sep-2020 11:00 AM,Orissa Lift Irrigation Corporation||LI Northern Circle Sambalpur||LI Division Sundargarh,Sundargarh,770001.0,1.0,"32,91,548",ms suresh chandra sa,"3,133,923",Accepted-AOC,07-Apr-2021,Orissa Lift Irrigation Corporation||LI Northern Circle Sambalpur||LI Division Sundargarh,C2_Irrigation,irrigation|lift irrigation,Unknown,False,False
2020_OLIC_62331_1,EEOLICSNG-02/20-21,"Installation and energisation of LUDHIAJHARAN (JAMJHARIA) L.I.Project under HEMGIR Block under L.I.Division,Sundargarh",Lift Irrigation Work,Works,Open Tender,Percentage,Civil Works - Lift Irrigation Schemes,No,No,NA ,24-Aug-2020 10:00 AM,NA ,120.0,No ,No,Online,07-Sep-2020 11:00 AM,Orissa Lift Irrigation Corporation||LI Northern Circle Sambalpur||LI Division Sundargarh,Sundargarh,770001.0,1.0,"32,91,564",ms suresh chandra sa,"3,133,936",Accepted-AOC,07-Apr-2021,Orissa Lift Irrigation Corporation||LI Northern Circle Sambalpur||LI Division Sundargarh,C2_Irrigation,irrigation|lift irrigation,Unknown,False,False
2020_OLIC_62335_1,EEOLICSNG-02/20-21,"Installation and energisation of DUMERMAL L.I.Project under HEMGIR Block under L.I.Division,Sundargarh",Lift Irrigation Works,Works,Open Tender,Percentage,Civil Works - Lift Irrigation Schemes,No,No,NA ,24-Aug-2020 10:00 AM,NA ,120.0,No ,No,Online,07-Sep-2020 11:00 AM,Orissa Lift Irrigation Corporation||LI Northern Circle Sambalpur||LI Division Sundargarh,Sundargarh,770001.0,1.0,"39,56,402",ms suresh chandra sa,"3,766,938",Accepted-AOC,07-Apr-2021,Orissa Lift Irrigation Corporation||LI Northern Circle Sambalpur||LI Division Sundargarh,C2_Irrigation,irrigation|lift irrigation,Unknown,False,False
2020_OLIC_62337_1,EEOLICSNG-02/20-21,"Installation and energisation of SALETIKRA (MAHULDHARA) L.I.Project under LEFRIPADA Block under L.I.Division,Sundargarh",Lift Irrigation Works,Works,Open Tender,Percentage,Civil Works - Lift Irrigation Schemes,No,No,NA ,24-Aug-2020 10:00 AM,NA ,120.0,No ,No,Online,07-Sep-2020 11:00 AM,Orissa Lift Irrigation Corporation||LI Northern Circle Sambalpur||LI Division Sundargarh,Sundargarh,770001.0,1.0,"39,56,280",AMIT KUMAR KISPOTTA,"3,766,822",Accepted-AOC,07-Apr-2021,Orissa Lift Irrigation Corporation||LI Northern Circle Sambalpur||LI Division Sundargarh,C2_Irrigation,irrigation|lift irrigation,Unknown,False,False
2020_OLIC_62338_1,EEOLICSNG-02/20-21,"Installation and energisation of BENDUJHARIA-V L.I.Project under LEFRIPADA Block under L.I.Division,Sundargarh",Lift Irrigation Works,Works,Open Tender,Percentage,Civil Works - Lift Irrigation Schemes,No,No,NA ,24-Aug-2020 10:00 AM,NA ,120.0,No ,No,Online,07-Sep-2020 11:00 AM,Orissa Lift Irrigation Corporation||LI Northern Circle Sambalpur||LI Division Sundargarh,Sundargarh,770001.0,1.0,"39,56,392",AMIT KUMAR KISPOTTA,"3,766,929",Accepted-AOC,07-Apr-2021,Orissa Lift Irrigation Corporation||LI Northern Circle Sambalpur||LI Division Sundargarh,C2_Irrigation,irrigation|lift irrigation,Unknown,False,False
2020_OLIC_62532_1,OLIC-BPT-03/2020-21,INSTALLATION AND ENERGISATION OF KAMTHANA-IV LIFT IRRIGATION PROJECT UNDER BHAWANIPATNA BLOCK IN KALAHANDI DISTRICT,"Construction of Head works, Distribution System and energisation including power supply work",Works,Open Tender,Percentage,Civil Works - Lift Irrigation Schemes,No,No,NA ,03-Sep-2020 11:00 AM,NA ,365.0,No ,No,Online,16-Sep-2020 11:00 AM,Orissa Lift Irrigation Corporation||LI Western Circle Bhawanipatna||LI Division Bhawanipatna,Bhawanipatna,766001.0,1.0,"20,45,165",PABITRA ELECTRICAL WORKSHOP,"1,738,595",Accepted-AOC,06-Apr-2021,Orissa Lift Irrigation Corporation||LI Western Circle Bhawanipatna||LI Division Bhawanipatna,C2_Irrigation,irrigation|lift irrigation,Mitigation,False,False
2020_OLIC_63546_32,1601_28_10_2020,Sango I RL,Installation Energisation and Revival of Lift Irrigation Projects on turnkey basis for the Sango I RL project at Bari Block in Jajpur District,Works,Open Tender,Percentage,Civil Works - Lift Irrigation Schemes,No,No,NA ,12-Nov-2020 10:00 AM,NA ,180.0,No ,No,Online,21-Nov-2020 11:00 AM,"Orissa Lift Irrigation Corporation||LI,Central Circle, Cuttack||LI Division Jajpur Road",Jajpur Road,755019.0,2.0,,ARABINDA MOHANTY,"1,117,600.39",Accepted-AOC,07-Apr-2021,"Orissa Lift Irrigation Corporation||LI,Central Circle, Cuttack||LI Division Jajpur Road",C2_Irrigation|C3_Drought,irrigation|lift irrigation|revival,Mitigation,False,False
2020_OLIC_63546_33,1601_28_10_2020,Erada I RL,Installation Energisation and Revival of Lift Irrigation Projects on turnkey basis for the Erada I RL project at Bari Block in Jajpur District,Works,Open Tender,Percentage,Civil Works - Lift Irrigation Schemes,No,No,NA ,12-Nov-2020 10:00 AM,NA ,180.0,No ,No,Online,21-Nov-2020 11:00 AM,"Orissa Lift Irrigation Corporation||LI,Central Circle, Cuttack||LI Division Jajpur Road",Jajpur Road,755019.0,2.0,,ARABINDA MOHANTY,"1,125,189.01",Accepted-AOC,07-Apr-2021,"Orissa Lift Irrigation Corporation||LI,Central Circle, Cuttack||LI Division Jajpur Road",C2_Irrigation|C3_Drought,irrigation|lift irrigation|revival,Mitigation,False,False
2020_OLIC_63546_34,1601_28_10_2020,Aurangabad II RL,Installation Energisation and Revival of Lift Irrigation Projects on turnkey basis for the Aurangabad II RL project at Bari Block in Jajpur District,Works,Open Tender,Percentage,Civil Works - Lift Irrigation Schemes,No,No,NA ,12-Nov-2020 10:00 AM,NA ,180.0,No ,No,Online,21-Nov-2020 11:00 AM,"Orissa Lift Irrigation Corporation||LI,Central Circle, Cuttack||LI Division Jajpur Road",Jajpur Road,755019.0,2.0,,ARABINDA MOHANTY,"1,125,188.96",Accepted-AOC,07-Apr-2021,"Orissa Lift Irrigation Corporation||LI,Central Circle, Cuttack||LI Division Jajpur Road",C2_Irrigation|C3_Drought,irrigation|lift irrigation|revival,Mitigation,False,False
2020_OLIC_63546_38,1601_28_10_2020,Ratalanga V RL,Installation Energisation and Revival of Lift Irrigation Projects on turnkey basis for the Ratalanga V RL project at Bari Block in Jajpur District,Works,Open Tender,Percentage,Civil Works - Lift Irrigation Schemes,No,No,NA ,12-Nov-2020 10:00 AM,NA ,180.0,No ,No,Online,21-Nov-2020 11:00 AM,"Orissa Lift Irrigation Corporation||LI,Central Circle, Cuttack||LI Division Jajpur Road",Jajpur Road,755019.0,2.0,,ARABINDA MOHANTY,"1,125,188.99",Accepted-AOC,07-Apr-2021,"Orissa Lift Irrigation Corporation||LI,Central Circle, Cuttack||LI Division Jajpur Road",C2_Irrigation|C3_Drought,irrigation|lift irrigation|revival,Mitigation,False,False
2020_OLIC_63569_10,OLIC/DKL/04/2020-21,Installation and Energisation of Naranpur-II and Balabhadrapur RL LI Project under Dhenkanal Block,Installation and Energisation of Naranpur-II and Balabhadrapur RL LI Project under Dhenkanal Block,Works,Open Tender,Percentage,Civil Works - Lift Irrigation Schemes,No,No,NA ,03-Nov-2020 06:00 PM,NA ,90.0,No ,No,Online,13-Nov-2020 11:00 AM,Orissa Lift Irrigation Corporation||LI Northern Circle Sambalpur||LI Division Dhenkanal,Dhenkanal,759001.0,1.0,"26,02,500",ABHIRAM DASH,"2,212,385.63",Accepted-AOC,08-Apr-2021,Orissa Lift Irrigation Corporation||LI Northern Circle Sambalpur||LI Division Dhenkanal,C2_Irrigation,irrigation|lift irrigation,Mitigation,False,False
2020_OLIC_63569_13,OLIC/DKL/04/2020-21,Installation and Energisation of Parikheda-I and II RL LI Project under Dhenkanal Block,Installation and Energisation of Parikheda-I and II RL LI Project under Dhenkanal Block,Works,Open Tender,Percentage,Civil Works - Lift Irrigation Schemes,No,No,NA ,03-Nov-2020 06:00 PM,NA ,90.0,No ,No,Online,13-Nov-2020 11:00 AM,Orissa Lift Irrigation Corporation||LI Northern Circle Sambalpur||LI Division Dhenkanal,Dhenkanal,759001.0,1.0,"23,71,593",ABHIRAM DASH,"2,016,090.78",Accepted-AOC,08-Apr-2021,Orissa Lift Irrigation Corporation||LI Northern Circle Sambalpur||LI Division Dhenkanal,C2_Irrigation,irrigation|lift irrigation,Mitigation,False,False
2020_OLIC_63569_7,OLIC/DKL/04/2020-21,Installation and Energisation of Kantapal-I RL LI Project under Bhuban Block,Installation and Energisation of Kantapal-I RL LI Project under Bhuban Block,Works,Open Tender,Percentage,Civil Works - Lift Irrigation Schemes,No,No,NA ,03-Nov-2020 06:00 PM,NA ,90.0,No ,No,Online,13-Nov-2020 11:00 AM,Orissa Lift Irrigation Corporation||LI Northern Circle Sambalpur||LI Division Dhenkanal,Dhenkanal,759001.0,1.0,"16,99,132",JITENDRA NAYAK,"1,444,432.13",Accepted-AOC,08-Apr-2021,Orissa Lift Irrigation Corporation||LI Northern Circle Sambalpur||LI Division Dhenkanal,C2_Irrigation,irrigation|lift irrigation,Mitigation,False,False
2020_OLIC_63852_15,OLIC-BPT-05/2020-21,INSTALLATION AND ENERGISATION OF GOBINDAPUR II OF NEW LIFT IRRIGATION PROJECT UNDER M RAMPUR BLOCK IN KALAHANDI DISTRICT,"Construction of Head works, Distribution System and energisation including power supply work",Works,Open Tender,Percentage,Civil Works - Lift Irrigation Schemes,No,No,NA ,16-Nov-2020 11:00 AM,NA ,365.0,No ,No,Online,27-Nov-2020 11:00 AM,Orissa Lift Irrigation Corporation||LI Western Circle Bhawanipatna||LI Division Bhawanipatna,M RAMPUR,766102.0,1.0,,JANARDAN PANDA,"1,750,307",Accepted-AOC,06-Apr-2021,Orissa Lift Irrigation Corporation||LI Western Circle Bhawanipatna||LI Division Bhawanipatna,C2_Irrigation,irrigation|lift irrigation,Mitigation,False,False
2020_OLIC_64355_13,08/2020-21 dt.03.12.220,JANKARAI-I,JANKARAI-I,Works,Open Tender,Turn-key,Civil Works - Lift Irrigation Schemes,No,No,NA ,07-Dec-2020 11:00 AM,NA ,365.0,No ,No,Online,17-Dec-2020 11:00 AM,Orissa Lift Irrigation Corporation||LI BALASORE||LI Division Balasore,BALASORE,756001.0,1.0,"14,57,161",AJAY KUMAR GIRI,"1,338,971",Accepted-AOC,06-Apr-2021,Orissa Lift Irrigation Corporation||LI BALASORE||LI Division Balasore,C2_Irrigation,irrigation|lift irrigation,Unknown,False,False
2020_OLIC_64355_18,08/2020-21 dt.03.12.220,BOITA-IV,BOITA-IV,Works,Open Tender,Turn-key,Civil Works - Lift Irrigation Schemes,No,No,NA ,07-Dec-2020 11:00 AM,NA ,365.0,No ,No,Online,17-Dec-2020 11:00 AM,Orissa Lift Irrigation Corporation||LI BALASORE||LI Division Balasore,BALASORE,756001.0,1.0,"14,34,800",GOPINATH DAS,"1,318,994",Accepted-AOC,06-Apr-2021,Orissa Lift Irrigation Corporation||LI BALASORE||LI Division Balasore,C2_Irrigation,irrigation|lift irrigation,Unknown,False,False
2020_OLIC_64355_19,08/2020-21 dt.03.12.220,JANKARAI-II,JANKARAI-II,Works,Open Tender,Turn-key,Civil Works - Lift Irrigation Schemes,No,No,NA ,07-Dec-2020 11:00 AM,NA ,365.0,No ,No,Online,17-Dec-2020 11:00 AM,Orissa Lift Irrigation Corporation||LI BALASORE||LI Division Balasore,BALASORE,756001.0,1.0,"14,36,723",PABITRA SANKHUA,"1,429,395",Accepted-AOC,06-Apr-2021,Orissa Lift Irrigation Corporation||LI BALASORE||LI Division Balasore,C2_Irrigation,irrigation|lift irrigation,Unknown,False,False
2020_OLIC_64355_2,08/2020-21 dt.03.12.220,CHELIAPADA,CHELIAPADA,Works,Open Tender,Turn-key,Civil Works - Lift Irrigation Schemes,No,No,NA ,07-Dec-2020 11:00 AM,NA ,365.0,No ,No,Online,17-Dec-2020 11:00 AM,Orissa Lift Irrigation Corporation||LI BALASORE||LI Division Balasore,BALASORE,756001.0,1.0,"14,77,486",MAHASWETA DHADA,"1,453,846",Accepted-AOC,06-Apr-2021,Orissa Lift Irrigation Corporation||LI BALASORE||LI Division Balasore,C2_Irrigation,irrigation|lift irrigation,Unknown,False,False
2020_OLIC_64355_23,08/2020-21 dt.03.12.220,JENABAREI,JENABAREI,Works,Open Tender,Turn-key,Civil Works - Lift Irrigation Schemes,No,No,NA ,07-Dec-2020 11:00 AM,NA ,365.0,No ,No,Online,17-Dec-2020 11:00 AM,Orissa Lift Irrigation Corporation||LI BALASORE||LI Division Balasore,BALASORE,756001.0,1.0,"14,36,452",PABITRA SANKHUA,"1,428,838",Accepted-AOC,06-Apr-2021,Orissa Lift Irrigation Corporation||LI BALASORE||LI Division Balasore,C2_Irrigation,irrigation|lift irrigation,Unknown,False,False
2020_OLIC_64355_24,08/2020-21 dt.03.12.220,KANSA-II,KANSA-II,Works,Open Tender,Turn-key,Civil Works - Lift Irrigation Schemes,No,No,NA ,07-Dec-2020 11:00 AM,NA ,365.0,No ,No,Online,17-Dec-2020 11:00 AM,Orissa Lift Irrigation Corporation||LI BALASORE||LI Division Balasore,BALASORE,756001.0,1.0,"15,63,710",AJAY KUMAR GIRI,"1,329,310",Accepted-AOC,06-Apr-2021,Orissa Lift Irrigation Corporation||LI BALASORE||LI Division Balasore,C2_Irrigation,irrigation|lift irrigation,Unknown,False,False
2020_OLIC_64355_25,08/2020-21 dt.03.12.220,KANSA-III,KANSA-III,Works,Open Tender,Turn-key,Civil Works - Lift Irrigation Schemes,No,No,NA ,07-Dec-2020 11:00 AM,NA ,365.0,No ,No,Online,17-Dec-2020 11:00 AM,Orissa Lift Irrigation Corporation||LI BALASORE||LI Division Balasore,BALASORE,756001.0,1.0,"14,70,178",AJAY KUMAR GIRI,"1,249,798",Accepted-AOC,06-Apr-2021,Orissa Lift Irrigation Corporation||LI BALASORE||LI Division Balasore,C2_Irrigation,irrigation|lift irrigation,Unknown,False,False
2020_OLIC_64355_26,08/2020-21 dt.03.12.220,AJODHYA-II,AJODHYA-II,Works,Open Tender,Turn-key,Civil Works - Lift Irrigation Schemes,No,No,NA ,07-Dec-2020 11:00 AM,NA ,365.0,No ,No,Online,17-Dec-2020 11:00 AM,Orissa Lift Irrigation Corporation||LI BALASORE||LI Division Balasore,BALASORE,756001.0,1.0,"14,15,934",AJAY KUMAR GIRI,"1,203,686",Accepted-AOC,06-Apr-2021,Orissa Lift Irrigation Corporation||LI BALASORE||LI Division Balasore,C2_Irrigation,irrigation|lift irrigation,Unknown,False,False
2020_OLIC_64355_27,08/2020-21 dt.03.12.220,KARANJBINDHA-I,KARANJBINDHA-I,Works,Open Tender,Turn-key,Civil Works - Lift Irrigation Schemes,No,No,NA ,07-Dec-2020 11:00 AM,NA ,365.0,No ,No,Online,17-Dec-2020 11:00 AM,Orissa Lift Irrigation Corporation||LI BALASORE||LI Division Balasore,BALASORE,756001.0,1.0,"14,48,971",DAYANIDHI KABI,"1,334,358",Accepted-AOC,06-Apr-2021,Orissa Lift Irrigation Corporation||LI BALASORE||LI Division Balasore,C2_Irrigation,irrigation|lift irrigation,Unknown,False,False
2020_OLIC_64355_28,08/2020-21 dt.03.12.220,MANJARIGAN-I,MANJARIGAN-I,Works,Open Tender,Turn-key,Civil Works - Lift Irrigation Schemes,No,No,NA ,07-Dec-2020 11:00 AM,NA ,365.0,No ,No,Online,17-Dec-2020 11:00 AM,Orissa Lift Irrigation Corporation||LI BALASORE||LI Division Balasore,BALASORE,756001.0,1.0,"14,29,876",DAYANIDHI KABI,"1,313,913",Accepted-AOC,06-Apr-2021,Orissa Lift Irrigation Corporation||LI BALASORE||LI Division Balasore,C2_Irrigation,irrigation|lift irrigation,Unknown,False,False
2020_OLIC_64355_3,08/2020-21 dt.03.12.220,SUSA,SUSA,Works,Open Tender,Turn-key,Civil Works - Lift Irrigation Schemes,No,No,NA ,07-Dec-2020 11:00 AM,NA ,365.0,No ,No,Online,17-Dec-2020 11:00 AM,Orissa Lift Irrigation Corporation||LI BALASORE||LI Division Balasore,BALASORE,756001.0,1.0,"14,32,851",GOPINATH DAS,"1,332,552",Accepted-AOC,06-Apr-2021,Orissa Lift Irrigation Corporation||LI BALASORE||LI Division Balasore,C2_Irrigation,irrigation|lift irrigation,Unknown,False,False
2020_OLIC_64355_4,08/2020-21 dt.03.12.220,TALAPADA,TALAPADA,Works,Open Tender,Turn-key,Civil Works - Lift Irrigation Schemes,No,No,NA ,07-Dec-2020 11:00 AM,NA ,365.0,No ,No,Online,17-Dec-2020 11:00 AM,Orissa Lift Irrigation Corporation||LI BALASORE||LI Division Balasore,BALASORE,756001.0,1.0,"14,77,443",MAHASWETA DHADA,"1,449,371",Accepted-AOC,06-Apr-2021,Orissa Lift Irrigation Corporation||LI BALASORE||LI Division Balasore,C2_Irrigation,irrigation|lift irrigation,Unknown,False,False
2020_OLIC_64355_41,08/2020-21 dt.03.12.220,MOBARAKPUR-I,MOBARAKPUR-I,Works,Open Tender,Turn-key,Civil Works - Lift Irrigation Schemes,No,No,NA ,07-Dec-2020 11:00 AM,NA ,365.0,No ,No,Online,17-Dec-2020 11:00 AM,Orissa Lift Irrigation Corporation||LI BALASORE||LI Division Balasore,BALASORE,756001.0,1.0,"13,94,546",GOPINATH DAS,"1,345,737",Accepted-AOC,06-Apr-2021,Orissa Lift Irrigation Corporation||LI BALASORE||LI Division Balasore,C2_Irrigation,irrigation|lift irrigation,Unknown,False,False
2020_OLIC_64355_42,08/2020-21 dt.03.12.220,TALANAGAR-I,TALANAGAR-I,Works,Open Tender,Turn-key,Civil Works - Lift Irrigation Schemes,No,No,NA ,07-Dec-2020 11:00 AM,NA ,365.0,No ,No,Online,17-Dec-2020 11:00 AM,Orissa Lift Irrigation Corporation||LI BALASORE||LI Division Balasore,BALASORE,756001.0,1.0,"13,67,144",DAYANIDHI KABI,"1,305,622",Accepted-AOC,06-Apr-2021,Orissa Lift Irrigation Corporation||LI BALASORE||LI Division Balasore,C2_Irrigation,irrigation|lift irrigation,Unknown,False,False
2020_OLIC_64355_43,08/2020-21 dt.03.12.220,MAHISAMUNDA,MAHISAMUNDA,Works,Open Tender,Turn-key,Civil Works - Lift Irrigation Schemes,No,No,NA ,07-Dec-2020 11:00 AM,NA ,365.0,No ,No,Online,17-Dec-2020 11:00 AM,Orissa Lift Irrigation Corporation||LI BALASORE||LI Division Balasore,BALASORE,756001.0,1.0,"14,20,980",MAHASWETA DHADA,"1,405,350",Accepted-AOC,06-Apr-2021,Orissa Lift Irrigation Corporation||LI BALASORE||LI Division Balasore,C2_Irrigation,irrigation|lift irrigation,Unknown,False,False
2020_OLIC_64355_44,08/2020-21 dt.03.12.220,KURUNTASASAN,KURUNTASASAN,Works,Open Tender,Turn-key,Civil Works - Lift Irrigation Schemes,No,No,NA ,07-Dec-2020 11:00 AM,NA ,365.0,No ,No,Online,17-Dec-2020 11:00 AM,Orissa Lift Irrigation Corporation||LI BALASORE||LI Division Balasore,BALASORE,756001.0,1.0,"14,52,854",GOPINATH DAS,"1,402,004",Accepted-AOC,06-Apr-2021,Orissa Lift Irrigation Corporation||LI BALASORE||LI Division Balasore,C2_Irrigation,irrigation|lift irrigation,Unknown,False,False
2020_OLIC_64355_45,08/2020-21 dt.03.12.220,BARBHAGIA-II,BARBHAGIA-II,Works,Open Tender,Turn-key,Civil Works - Lift Irrigation Schemes,No,No,NA ,07-Dec-2020 11:00 AM,NA ,365.0,No ,No,Online,17-Dec-2020 11:00 AM,Orissa Lift Irrigation Corporation||LI BALASORE||LI Division Balasore,BALASORE,756001.0,1.0,"14,84,590",DAYANIDHI KABI,"1,387,943",Accepted-AOC,06-Apr-2021,Orissa Lift Irrigation Corporation||LI BALASORE||LI Division Balasore,C2_Irrigation,irrigation|lift irrigation,Unknown,False,False
2020_OLIC_64355_46,08/2020-21 dt.03.12.220,PATRAJPUR,PATRAJPUR,Works,Open Tender,Turn-key,Civil Works - Lift Irrigation Schemes,No,No,NA ,07-Dec-2020 11:00 AM,NA ,365.0,No ,No,Online,17-Dec-2020 11:00 AM,Orissa Lift Irrigation Corporation||LI BALASORE||LI Division Balasore,BALASORE,756001.0,1.0,"14,96,823",GOPINATH DAS,"1,444,434",Accepted-AOC,06-Apr-2021,Orissa Lift Irrigation Corporation||LI BALASORE||LI Division Balasore,C2_Irrigation,irrigation|lift irrigation,Unknown,False,False
2020_OLIC_64355_50,08/2020-21 dt.03.12.220,NISCHINTTA-II,NISCHINTTA-II,Works,Open Tender,Turn-key,Civil Works - Lift Irrigation Schemes,No,No,NA ,07-Dec-2020 11:00 AM,NA ,365.0,No ,No,Online,17-Dec-2020 11:00 AM,Orissa Lift Irrigation Corporation||LI BALASORE||LI Division Balasore,BALASORE,756001.0,1.0,"13,97,360",AJAY KUMAR GIRI,"1,187,895",Accepted-AOC,06-Apr-2021,Orissa Lift Irrigation Corporation||LI BALASORE||LI Division Balasore,C2_Irrigation,irrigation|lift irrigation,Unknown,False,False
2020_OLIC_64355_51,08/2020-21 dt.03.12.220,TENTULIA,TENTULIA,Works,Open Tender,Turn-key,Civil Works - Lift Irrigation Schemes,No,No,NA ,07-Dec-2020 11:00 AM,NA ,365.0,No ,No,Online,17-Dec-2020 11:00 AM,Orissa Lift Irrigation Corporation||LI BALASORE||LI Division Balasore,BALASORE,756001.0,1.0,"15,61,742",AJAY KUMAR GIRI,"1,327,637",Accepted-AOC,06-Apr-2021,Orissa Lift Irrigation Corporation||LI BALASORE||LI Division Balasore,C2_Irrigation,irrigation|lift irrigation,Unknown,False,False
2020_OLIC_64355_52,08/2020-21 dt.03.12.220,MANAKAHANI-III,MANAKAHANI-III,Works,Open Tender,Turn-key,Civil Works - Lift Irrigation Schemes,No,No,NA ,07-Dec-2020 11:00 AM,NA ,365.0,No ,No,Online,17-Dec-2020 11:00 AM,Orissa Lift Irrigation Corporation||LI BALASORE||LI Division Balasore,BALASORE,756001.0,1.0,"11,14,817",DAYANIDHI KABI,"1,026,635",Accepted-AOC,06-Apr-2021,Orissa Lift Irrigation Corporation||LI BALASORE||LI Division Balasore,C2_Irrigation,irrigation|lift irrigation,Unknown,False,False
2020_OLIC_64355_9,08/2020-21 dt.03.12.220,DAHIGADIA,DAHIGADIA,Works,Open Tender,Turn-key,Civil Works - Lift Irrigation Schemes,No,No,NA ,07-Dec-2020 11:00 AM,NA ,365.0,No ,No,Online,17-Dec-2020 11:00 AM,Orissa Lift Irrigation Corporation||LI BALASORE||LI Division Balasore,BALASORE,756001.0,1.0,"15,18,819",AJAY KUMAR GIRI,"1,365,251",Accepted-AOC,06-Apr-2021,Orissa Lift Irrigation Corporation||LI BALASORE||LI Division Balasore,C2_Irrigation,irrigation|lift irrigation,Unknown,False,False
2020_ORULB_61813_4,MC(CMC)CTC_Div-I_No22/2020-21,"Renovation of culvert at Kesharpur Chhoti Moszid Lane, Canal road in Ward No.33.","Renovation of culvert at Kesharpur Chhoti Moszid Lane, Canal road in Ward No.33.",Works,Open Tender,Percentage,Civil Works - Others,No,No,NA ,03-Jul-2020 11:00 AM,NA ,45.0,No ,No,Online,16-Jul-2020 10:00 AM,Municipal Bodies||Cuttack Municipal Corporation,CMC,753012.0,1.0,"3,91,075",BASUDEV BEHERA,"363,697",Accepted-AOC,06-Apr-2021,Municipal Bodies||Cuttack Municipal Corporation,C2_Irrigation,canal,Unknown,False,False
2020_ORULB_62660_33,BM_08_2020_21,Construction of protection wall -Retaining Wall of Baneswar Temple road side pond,Construction of protection wall -Retaining Wall of Baneswar Temple road side pond,Works,Open Tender,Percentage,Civil Works - Others,No,No,NA ,15-Sep-2020 03:30 PM,NA ,30.0,No ,No,Online,29-Sep-2020 11:00 AM,Municipal Bodies||Balasore Municipality,Balasore Municipality,756003.0,1.0,"3,11,607",ASHUTOSH PADHI,"296,685",Accepted-AOC,28-Apr-2021,Municipal Bodies||Balasore Municipality,C1_WaterConservation,pond,Mitigation,False,False
2021_CCEJE_66819_1,EE-UKHWD- 06 /2020-21 (Sl No-05),"Reconstruction of damaged Head Regulator structures of Jogiput Sub-Minor , Bhattachinchi Sub-Minor and Bichalkatta Sub-Minor canals","Reconstruction of damaged Head Regulator structures of Jogiput Sub-Minor , Bhattachinchi Sub-Minor and Bichalkatta Sub-Minor canals",Works,Open Tender,Percentage,Civil Works - Others,No,No,NA ,09-Mar-2021 10:00 AM,NA ,90.0,No ,No,Online,20-Mar-2021 11:30 AM,"CCE,Upper Kolab Project,Jeypore||CCE,Upper Kolab Project, Bariniput||EE , Upper Kolab Headworks Division,Kolabnagar",KOLABNAGAR,764011.0,1.0,,Baby Satapathy,"481,726.91",Accepted-AOC,21-Apr-2021,"CCE,Upper Kolab Project,Jeypore||CCE,Upper Kolab Project, Bariniput||EE , Upper Kolab Headworks Division,Kolabnagar",C2_Irrigation,canal|head regulator|sub-minor,DamageResponse,False,False
2021_CEBMB_65816_1,EE- CHWD-02/2020-21,"Construction of Bridge (C.D.) of 2 Nos. C.D. at RD. 60 M., 280 M. of periphery road near village Kuanpada of Chheligada Irrigation Project.",Construction of structures,Works,Open Tender,Percentage,Civil Works - Others,No,No,NA ,27-Jan-2021 10:00 AM,NA ,90.0,No ,No,Online,09-Feb-2021 11:30 AM,"CE-BM,RVN Basin,Berhampur||SE Southern Irr Circle II Paralakhemundi||EE Chheligada Head Works Divn Mahendragada",Mahendragada,761217.0,2.0,"58,56,000",BABAJI DAS,"4,977,367",Accepted-AOC,28-Apr-2021,"CE-BM,RVN Basin,Berhampur||SE Southern Irr Circle II Paralakhemundi||EE Chheligada Head Works Divn Mahendragada",C2_Irrigation,irr ,Mitigation,False,False
2021_CEBMS_65419_1,e-Procurement Notice No.EE RDD-08/2020-21,Repair and Maintenance of Internal Colony Road of Rengali Dam,Repair and Maintenance of Road,Works,Open Tender,Percentage,Civil Works - Roads,No,No,NA ,13-Jan-2021 10:00 AM,NA ,90.0,No ,No,Online,27-Jan-2021 11:00 AM,"CE-BM,B Left Basin,Samal||SE,Rengali Canal Circle,Kamakshya Nagar||EE, Rengali Divn, Dam site",Rengali Dam Site,759105.0,1.0,,BIKRAM KUMAR PRADHAN,"1,449,198",Accepted-AOC,19-Apr-2021,"CE-BM,B Left Basin,Samal||SE,Rengali Canal Circle,Kamakshya Nagar||EE, Rengali Divn, Dam site",C2_Irrigation,canal,DamageResponse,False,False
2021_CEBMT_66618_2,e-Procurement Notice No. (NID)-01/2020-21,Construction of Retaining wall with strengthening of right embankment of Saipala Nallah on the DS of Spillway of Saipala Irrigation Project for the year 2020-21,Construction of Retaining wall with strengthening of right embankment of Saipala Nallah on the DS of Spillway of Saipala Irrigation Project for the year 2020-21,Works,Open Tender,Percentage,Civil Works - Others,No,No,NA ,23-Feb-2021 11:00 AM,NA ,90.0,No ,No,Online,03-Mar-2021 11:30 AM,"CE-BM, Tel Basin,Bhawanipatna||SE Western Irr Circle Bhawanipatna||EE Jonk Irr Divn. Nuapada",NUAPADA,766105.0,1.0,,M/S-RAMLAL RAUT,"880,979",Accepted-AOC,26-Apr-2021,"CE-BM, Tel Basin,Bhawanipatna||SE Western Irr Circle Bhawanipatna||EE Jonk Irr Divn. Nuapada",C2_Irrigation|C4_FloodCyclone,embankment|irr |irrigation,Mitigation,False,False
2021_CELBB_65117_16,MND- 05/2020-21,FDR to Karandia Branch. Canal from RD 24.50 Km to RD 28.070 Km with all system.(Construction of guard wall in Jamapada Minor from RD 600 m to 669.10 m),FDR to Karandia Branch. Canal from RD 24.50 Km to RD 28.070 Km with all system.(Construction of guard wall in Jamapada Minor from RD 600 m to 669.10 m),Works,National Competitive Bid,Percentage,Civil Works - Others,No,No,NA ,05-Jan-2021 10:00 AM,NA ,90.0,No ,No,Online,12-Jan-2021 11:30 AM,"CE-BM,LMB Basin,BBSR||SE, Eastern Circle,Cuttack||EE, Mahanadi North Division,Jagatpur",Nageshpur,754021.0,1.0,,BINODINI SWAIN,"533,799",Accepted-AOC,08-Apr-2021,"CE-BM,LMB Basin,BBSR||SE, Eastern Circle,Cuttack||EE, Mahanadi North Division,Jagatpur",C2_Irrigation,canal,Mitigation,False,False
2021_CELBB_65117_27,MND- 05/2020-21,"FDR to Bardia OAE on Gobari left embankment from RD 900 m to 1170 m, from RD 250 m to 700 m, Jankoti OAE on Sukanai left embankment near village Jankoti, Khartang OAE on Birupa right embkt. from RD 150 m to 600 m, near village Khartang Sethi Sahi,","FDR to Bardia OAE on Gobari left embankment from RD 900 m to 1170 m, from RD 250 m to 700 m, Jankoti OAE on Sukanai left embankment near village Jankoti, Khartang OAE on Birupa right embkt. from RD 150 m to 600 m, near village Khartang Sethi Sahi,",Works,National Competitive Bid,Percentage,Civil Works - Others,No,No,NA ,05-Jan-2021 10:00 AM,NA ,90.0,No ,No,Online,12-Jan-2021 11:30 AM,"CE-BM,LMB Basin,BBSR||SE, Eastern Circle,Cuttack||EE, Mahanadi North Division,Jagatpur",Nurtang,754021.0,1.0,,AMAR KUMAR MALLA,"792,206",Accepted-AOC,07-Apr-2021,"CE-BM,LMB Basin,BBSR||SE, Eastern Circle,Cuttack||EE, Mahanadi North Division,Jagatpur",C4_FloodCyclone,embankment,Unknown,False,False
2021_CELBB_65117_30,MND- 05/2020-21,"FDR to Genguti right embankment near Goudapatna Rice Mill, at RD 8.100 Km, near village Bandha, near village Kulaharipur, at RD 10.100 Km, near Khadianga School, near Gadjit, near RD 21.160 Km, at RD 21.600 Km, near Gadjit village, near village Achh","FDR to Genguti right embankment near Goudapatna Rice Mill, at RD 8.100 Km, near village Bandha, near village Kulaharipur, at RD 10.100 Km, near Khadianga School, near Gadjit, near RD 21.160 Km, at RD 21.600 Km, near Gadjit village, near village Achh",Works,National Competitive Bid,Percentage,Civil Works - Others,No,No,NA ,05-Jan-2021 10:00 AM,NA ,90.0,No ,No,Online,12-Jan-2021 11:30 AM,"CE-BM,LMB Basin,BBSR||SE, Eastern Circle,Cuttack||EE, Mahanadi North Division,Jagatpur",Nurtang,754021.0,1.0,,BINODINI SWAIN,"369,926",Accepted-AOC,09-Apr-2021,"CE-BM,LMB Basin,BBSR||SE, Eastern Circle,Cuttack||EE, Mahanadi North Division,Jagatpur",C4_FloodCyclone,embankment,Unknown,False,False
2021_CELBB_65117_35,MND- 05/2020-21,"F.D.R to Nuna right and Karandia left from RD 0.600 Km to 0.700 Km near village Ayitipur, Nuna right embankment from RD 0.00 Km to 5.00 Km from Sathilo to Nankar, from RD 3.200 Km to 5.550 Km, Karandia left TRE from RD 0.550 Km to 1.350 Km from Ayit","F.D.R to Nuna right and Karandia left from RD 0.600 Km to 0.700 Km near village Ayitipur, Nuna right embankment from RD 0.00 Km to 5.00 Km from Sathilo to Nankar, from RD 3.200 Km to 5.550 Km, Karandia left TRE from RD 0.550 Km to 1.350 Km from Ayit",Works,National Competitive Bid,Percentage,Civil Works - Others,No,No,NA ,05-Jan-2021 10:00 AM,NA ,90.0,No ,No,Online,12-Jan-2021 11:30 AM,"CE-BM,LMB Basin,BBSR||SE, Eastern Circle,Cuttack||EE, Mahanadi North Division,Jagatpur",Pundalo,754021.0,1.0,,Alekha Chandra Bastia,"1,561,349",Accepted-AOC,09-Apr-2021,"CE-BM,LMB Basin,BBSR||SE, Eastern Circle,Cuttack||EE, Mahanadi North Division,Jagatpur",C4_FloodCyclone,embankment,Unknown,False,False
2021_CELBB_65411_20,EPROC_PID03_OF2020-21,PID-36 Protection to Kalapadar saline embankment from RD 1.350 km to 1.450 km including river approach near village Kalapadar,Protection to Kalapadar saline embankment from RD 1.350 km to 1.450 km including river approach near village Kalapadar,Works,Open Tender,Percentage,Civil Works - Others,No,No,NA ,12-Jan-2021 12:00 PM,NA ,90.0,No ,No,Online,22-Jan-2021 11:30 AM,"CE-BM,LMB Basin,BBSR||SE, Central Irr.Circle, BBSR||EE,Puri Irr Division,Puri",PURI,752003.0,1.0,,AKHILA KUMAR SUNDARA,"2,578,972",Accepted-AOC,02-Apr-2021,"CE-BM,LMB Basin,BBSR||SE, Central Irr.Circle, BBSR||EE,Puri Irr Division,Puri",C2_Irrigation|C4_FloodCyclone,embankment|irr |saline embankment,Unknown,False,False
2021_CELBB_65573_1,e-Procurement Notice No.KID-04 of 2020-21,KID 72 of 2020-21 Protection to scoured bank of Paika left embankment from RD 8.60 Km to 8.80 Km. near village Pundilo.,Embankment protection,Works,Open Tender,Percentage,Civil Works - Others,No,No,NA ,19-Jan-2021 10:00 AM,NA ,90.0,No ,No,Online,29-Jan-2021 11:00 AM,"CE-BM,LMB Basin,BBSR||SE, Eastern Circle,Cuttack||EE,Kendrapada Irr Division,Kendrapada",Kendrapara,754211.0,1.0,,AKASH CHANDRA NAYAK,"4,126,535",Accepted-AOC,19-Apr-2021,"CE-BM,LMB Basin,BBSR||SE, Eastern Circle,Cuttack||EE,Kendrapada Irr Division,Kendrapada",C2_Irrigation|C4_FloodCyclone,embankment|irr ,Unknown,False,False
2021_CELBB_65573_12,e-Procurement Notice No.KID-04 of 2020-21,KID 83 of 2020-21 Improvement to Disty.no.16 and 16 (D) of Kendrapara Canal.,Canal improvement,Works,Open Tender,Percentage,Civil Works - Canal,No,No,NA ,19-Jan-2021 10:00 AM,NA ,90.0,No ,No,Online,29-Jan-2021 11:00 AM,"CE-BM,LMB Basin,BBSR||SE, Eastern Circle,Cuttack||EE,Kendrapada Irr Division,Kendrapada",Kendrapara,754211.0,1.0,,BITASHOK SWAIN,"1,037,620",Accepted-AOC,19-Apr-2021,"CE-BM,LMB Basin,BBSR||SE, Eastern Circle,Cuttack||EE,Kendrapada Irr Division,Kendrapada",C2_Irrigation,canal|irr ,Mitigation,False,False
2021_CELBB_65573_5,e-Procurement Notice No.KID-04 of 2020-21,KID 76 of 2020-21 Improvement to Chitrotpala right embankment from RD 34.200 Km to 34.300 Km near village Sasan.,Embankment protection,Works,Open Tender,Percentage,Civil Works - Others,No,No,NA ,19-Jan-2021 10:00 AM,NA ,90.0,No ,No,Online,29-Jan-2021 11:00 AM,"CE-BM,LMB Basin,BBSR||SE, Eastern Circle,Cuttack||EE,Kendrapada Irr Division,Kendrapada",Kendrapara,754211.0,1.0,,ADIT KUMAR ROUL,"1,540,264",Accepted-AOC,19-Apr-2021,"CE-BM,LMB Basin,BBSR||SE, Eastern Circle,Cuttack||EE,Kendrapada Irr Division,Kendrapada",C2_Irrigation|C4_FloodCyclone,embankment|irr ,Unknown,False,False
2021_CELBB_65573_9,e-Procurement Notice No.KID-04 of 2020-21,KID 80 of 2020-21 Renovation to Disty.no.16 of Pattamundai Canal from RD 00 to 2280 M.,Renovation of canal,Works,Open Tender,Percentage,Civil Works - Canal,No,No,NA ,19-Jan-2021 10:00 AM,NA ,90.0,No ,No,Online,29-Jan-2021 11:00 AM,"CE-BM,LMB Basin,BBSR||SE, Eastern Circle,Cuttack||EE,Kendrapada Irr Division,Kendrapada",Kendrapara,754211.0,1.0,,ABHAYA KUMAR DAS,"2,604,709",Accepted-AOC,19-Apr-2021,"CE-BM,LMB Basin,BBSR||SE, Eastern Circle,Cuttack||EE,Kendrapada Irr Division,Kendrapada",C2_Irrigation,canal|irr ,Unknown,False,False
2021_CELBB_65743_7,EPROC TENDER CALL NOTICE PID04 OF 2020-21,PID-63 Restoration to Sahajpur sub minor from RD 0.00 km to 2.200 km,Restoration to Sahajpur sub minor from RD 0.00 km to 2.200 km,Works,Open Tender,Percentage,Civil Works - Canal,No,No,NA ,25-Jan-2021 12:00 PM,NA ,90.0,No ,No,Online,04-Feb-2021 11:30 AM,"CE-BM,LMB Basin,BBSR||SE, Central Irr.Circle, BBSR||EE,Puri Irr Division,Puri",PURI,752003.0,1.0,,AMAR PRASAD PANI,"1,547,015",Accepted-AOC,06-Apr-2021,"CE-BM,LMB Basin,BBSR||SE, Central Irr.Circle, BBSR||EE,Puri Irr Division,Puri",C2_Irrigation,irr ,DamageResponse,False,False
2021_CELBB_66133_18,IFB No.06 MSD / (Online) 2020-21,(18) Restoration to saline embankment on Baragudipada to Khatikolada from RD.0.00 Km to RD.3.65 Km (Working RD.0.00 Km to RD.1.400 Km),Restoration to saline embankment on Baragudipada to Khatikolada from RD.0.00 Km to RD.3.65 Km (Working RD.0.00 Km to RD.1.400 Km),Works,National Competitive Bid,Percentage,Civil Works - Others,No,No,NA ,06-Feb-2021 04:30 PM,NA ,90.0,No ,No,Online,17-Feb-2021 11:00 AM,"CE-BM,LMB Basin,BBSR||SE, Eastern Circle,Cuttack||EE,Mahanadi South Division,Cuttack",Erasama,754139.0,1.0,,ASHOK KUMAR SAHOO,"582,957",Accepted-AOC,15-Apr-2021,"CE-BM,LMB Basin,BBSR||SE, Eastern Circle,Cuttack||EE,Mahanadi South Division,Cuttack",C4_FloodCyclone,embankment|saline embankment,DamageResponse,False,False
2021_CELBB_66164_24,EPROC TENDER CALL NOTICE PID05 OF 2020-21,"PID-105 FDR to piping of Daya left embankment at RD 15.200 km, 16.00km, 18.010km, 18.100km, 18.110 km, 18.110 km, 18.500 km, 18.500 km, 18.800 km and 19.00 km","FDR to piping of Daya left embankment at RD 15.200 km, 16.00km, 18.010km, 18.100km, 18.110 km, 18.110 km, 18.500 km, 18.500 km, 18.800 km and 19.00 km",Works,Open Tender,Percentage,Civil Works - Others,No,No,NA ,08-Feb-2021 12:00 PM,NA ,90.0,No ,No,Online,18-Feb-2021 11:30 AM,"CE-BM,LMB Basin,BBSR||SE, Central Irr.Circle, BBSR||EE,Puri Irr Division,Puri",PURI,752003.0,1.0,,ARAKHITA SAHOO,"2,217,635",Accepted-AOC,23-Apr-2021,"CE-BM,LMB Basin,BBSR||SE, Central Irr.Circle, BBSR||EE,Puri Irr Division,Puri",C2_Irrigation|C4_FloodCyclone,embankment|irr ,Unknown,False,False
2021_CELBB_66164_29,EPROC TENDER CALL NOTICE PID05 OF 2020-21,PID-110 FDR to Bhargovi left embankment from RD 57.200 klm to 62.200 km and RD 72.600 km to 75.00 km,FDR to Bhargovi left embankment from RD 57.200 klm to 62.200 km and RD 72.600 km to 75.00 km,Works,Open Tender,Percentage,Civil Works - Others,No,No,NA ,08-Feb-2021 12:00 PM,NA ,90.0,No ,No,Online,18-Feb-2021 11:30 AM,"CE-BM,LMB Basin,BBSR||SE, Central Irr.Circle, BBSR||EE,Puri Irr Division,Puri",PURI,752003.0,1.0,,ANUBHAB MOHANTY,"1,963,881",Accepted-AOC,23-Apr-2021,"CE-BM,LMB Basin,BBSR||SE, Central Irr.Circle, BBSR||EE,Puri Irr Division,Puri",C2_Irrigation|C4_FloodCyclone,embankment|irr ,Unknown,False,False
2021_CELBB_66206_4,e-Procurement Notice No.AED-10 OF 2020-21,AUL 04/ 2020-21 Improvement to Kanapur Gunthala saline Gherry and construction of Kanapur Sluice from RD 00m to 438m (Construction of Sluice at RD 370m),Gherry improvement,Works,Open Tender,Percentage,Civil Works - Others,No,No,NA ,09-Feb-2021 10:00 AM,NA ,90.0,No ,No,Online,19-Feb-2021 11:00 AM,"CE-BM,LMB Basin,BBSR||SE, Eastern Circle,Cuttack||EE,Aul Embankment Division,Aul",Aul,754219.0,1.0,,AMIYA RANJAN BEHERA,"3,722,444",Accepted-AOC,26-Apr-2021,"CE-BM,LMB Basin,BBSR||SE, Eastern Circle,Cuttack||EE,Aul Embankment Division,Aul",C4_FloodCyclone,embankment,Mitigation,False,False
2021_CEMIB_65520_1,MIDGJP-01/2020-21,"Improvement to Head work, Left main canal and Tatipeti canal of Krushnasagar MIP in Gosani block under Critical Grant. 2020-21","Improvement to Head work, Left main canal and Tatipeti canal of Krushnasagar MIP in Gosani block under Critical Grant. 2020-21",Works,Open Tender,Percentage,Civil Works - Others,No,No,NA ,15-Jan-2021 10:00 AM,NA ,90.0,No ,No,Online,22-Jan-2021 11:00 AM,"CE,Minor Irrigation,BBSR||SESMIC-BERHAMPUR||GAJAPATI",Gosani,761210.0,1.0,,Ashok Kumar Behera,"1,138,318",Accepted-AOC,03-Apr-2021,"CE,Minor Irrigation,BBSR||SESMIC-BERHAMPUR||GAJAPATI",C1_WaterConservation|C2_Irrigation,canal|irrigation|minor irrigation|mip,Mitigation,False,False
2021_CERWI_65283_2,Online-EESNG-08 of 2020-21,FDR to Mangaspur to Darlipali for the year 2020.21.,FDR to Mangaspur to Darlipali for the year 2020.21.,Works,National Competitive Bid,Percentage,Civil Works - Roads,No,No,NA ,08-Jan-2021 04:00 PM,NA ,90.0,No ,No,Online,20-Jan-2021 11:00 AM,CE RW I||RW-CIRCLE-SUNDARGARH||RW-Division-Sundargarh I,Sundargarh,770020.0,1.0,"4,42,422",buddhadeb naik,"442,422",Accepted-AOC,08-Apr-2021,CE RW I||RW-CIRCLE-SUNDARGARH||RW-Division-Sundargarh I,C2_Irrigation,lip,Unknown,False,False
2021_EICCL_65650_1,E.E. JSPR(R AND B)- 22/2020-21,PR with SDBC to Jagatsinghpur Alipingal road from 0.0km to 1.167km for the year 20-21,PR with SDBC to Jagatsinghpur Alipingal road from 0.0km to 1.167km for the year 20-21,Works,Open Tender,Percentage,Civil Works - Roads,No,No,NA ,20-Jan-2021 12:30 PM,NA ,90.0,No ,No,Online,04-Feb-2021 11:30 AM,EIC-CIVIL||SERNB-CIRCLE-CUTTACK||EERNB-DIVN-JAGATSINGPUR,Jagatsinghpur,754103.0,1.0,"15,10,047",ABHIMANYU SWAIN,"1,198,680",Accepted-AOC,29-Apr-2021,EIC-CIVIL||SERNB-CIRCLE-CUTTACK||EERNB-DIVN-JAGATSINGPUR,C2_Irrigation,lip,Unknown,False,False
2021_IDCO_65684_1,PC/EST/E-59/2020-21,"Provision of treated effluent distribution system for landscape Irrigation in sea Food Park, Deras.","Provision of treated effluent distribution system for landscape Irrigation in sea Food Park, Deras.",Works,National Competitive Bid,Percentage,Civil Works - Water Works,No,No,NA ,21-Jan-2021 05:00 PM,NA ,90.0,No ,No,Online,08-Feb-2021 11:30 AM,IDCO||IDCO||IDCO,KHORDHA,751010.0,2.0,,SAMBIT PARIDA,"14,168,042.88",Accepted-AOC,15-Apr-2021,IDCO||IDCO||IDCO,C2_Irrigation,irrigation,Mitigation,False,False
2021_OLIC_65245_10,07/2020-21 OLIC (BAM),Ustia-II T/W,Revival and Energisation of L.I. Projects,Works,Open Tender,Percentage,Civil Works - Lift Irrigation Schemes,No,No,NA ,07-Jan-2021 11:00 AM,NA ,180.0,No ,No,Online,18-Jan-2021 12:00 PM,Orissa Lift Irrigation Corporation||LI Southern Circle Berhampur||LI Division Berhampur,Ustia under Bellaguntha Block,760006.0,1.0,"11,71,000",Gourahari Sethi,"1,099,256.56",Accepted-AOC,24-Apr-2021,Orissa Lift Irrigation Corporation||LI Southern Circle Berhampur||LI Division Berhampur,C2_Irrigation|C3_Drought,irrigation|l.i.|l.i. project|lift irrigation|revival,Unknown,False,False
2021_OLIC_66201_14,08/2020-21 OLIC (BAM),Matha Sarasingi-I and Matha Sarasingi-II R/L,Revival and Energisation of L.I. Project.,Works,Open Tender,Percentage,Civil Works - Lift Irrigation Schemes,No,No,NA ,10-Feb-2021 11:00 AM,NA ,180.0,No ,No,Online,18-Feb-2021 12:00 PM,Orissa Lift Irrigation Corporation||LI Southern Circle Berhampur||LI Division Berhampur,Matha Sarasingi under Beguniapada Block,760006.0,1.0,,M/S RASHMITA BEHERA,"3,794,312.53",Accepted-AOC,24-Apr-2021,Orissa Lift Irrigation Corporation||LI Southern Circle Berhampur||LI Division Berhampur,C2_Irrigation|C3_Drought,irrigation|l.i.|l.i. project|lift irrigation|revival,Unknown,False,False
2021_OLIC_66201_15,08/2020-21 OLIC (BAM),Kanchana-IV and Kanchana-V R/L,Installation and Energisation of L.I. Project.,Works,Open Tender,Percentage,Civil Works - Lift Irrigation Schemes,No,No,NA ,10-Feb-2021 11:00 AM,NA ,180.0,No ,No,Online,18-Feb-2021 12:00 PM,Orissa Lift Irrigation Corporation||LI Southern Circle Berhampur||LI Division Berhampur,Kanchana under Khallikote Block,760006.0,1.0,,SUSANTA KUMAR BEHERA,"3,795,594.38",Accepted-AOC,24-Apr-2021,Orissa Lift Irrigation Corporation||LI Southern Circle Berhampur||LI Division Berhampur,C2_Irrigation,irrigation|l.i.|l.i. project|lift irrigation,Mitigation,False,False
2021_OLIC_66201_8,08/2020-21 OLIC (BAM),Gudipalli R/L,Revival and Energisation of L.I. Project.,Works,Open Tender,Percentage,Civil Works - Lift Irrigation Schemes,No,No,NA ,10-Feb-2021 11:00 AM,NA ,180.0,No ,No,Online,18-Feb-2021 12:00 PM,Orissa Lift Irrigation Corporation||LI Southern Circle Berhampur||LI Division Berhampur,Gudipalli under Sorada Block,760006.0,1.0,,Gourahari Sethi,"1,244,477.78",Accepted-AOC,24-Apr-2021,Orissa Lift Irrigation Corporation||LI Southern Circle Berhampur||LI Division Berhampur,C2_Irrigation|C3_Drought,irrigation|l.i.|l.i. project|lift irrigation|revival,Unknown,False,False
2021_OLIC_66883_2,09/2020-21 OLIC (BAM),T.T.Palli-IV R/L,Revival and Energisation of L.I. Projects.,Works,Open Tender,Percentage,Civil Works - Lift Irrigation Schemes,No,No,NA ,04-Mar-2021 11:00 AM,NA ,180.0,No ,No,Online,15-Mar-2021 12:00 PM,Orissa Lift Irrigation Corporation||LI Southern Circle Berhampur||LI Division Berhampur,T.T.Palli under Aska Block,760006.0,1.0,,JAGANNATH PANIGRAHY,"1,170,397.04",Accepted-AOC,24-Apr-2021,Orissa Lift Irrigation Corporation||LI Southern Circle Berhampur||LI Division Berhampur,C2_Irrigation|C3_Drought,irrigation|l.i.|l.i. project|lift irrigation|revival,Unknown,False,False
2021_OLIC_66883_7,09/2020-21 OLIC (BAM),Sidhipur-III R/L,Revival and Energisation of L.I. Projects.,Works,Open Tender,Percentage,Civil Works - Lift Irrigation Schemes,No,No,NA ,04-Mar-2021 11:00 AM,NA ,180.0,No ,No,Online,15-Mar-2021 12:00 PM,Orissa Lift Irrigation Corporation||LI Southern Circle Berhampur||LI Division Berhampur,Sidhipur under Sorada Block,760006.0,1.0,,PRAFULA KUMAR SETHY,"1,425,023.84",Accepted-AOC,24-Apr-2021,Orissa Lift Irrigation Corporation||LI Southern Circle Berhampur||LI Division Berhampur,C2_Irrigation|C3_Drought,irrigation|l.i.|l.i. project|lift irrigation|revival,Unknown,False,False
2021_OLIC_67380_1,EEOLICSBP-15/2020-21,Installation of Batlaga RL Project under Lakhanpur Block in Jharsuguda District,Installation of Batlaga RL Project under Lakhanpur Block in Jharsuguda District,Works,Open Tender,Percentage,Civil Works - Lift Irrigation Schemes,No,No,NA ,24-Mar-2021 10:00 AM,NA ,120.0,No ,No,Online,06-Apr-2021 10:00 AM,Orissa Lift Irrigation Corporation||LI Northern Circle Sambalpur||LI Division Sambalpur,Lakhanpur,768219.0,1.0,"37,70,218",DANSANA ELECTRICAL CONSTRUCTION,"3,569,265.58",Accepted-AOC,30-Apr-2021,Orissa Lift Irrigation Corporation||LI Northern Circle Sambalpur||LI Division Sambalpur,C2_Irrigation,irrigation|lift irrigation,Mitigation,False,False
2021_OLIC_67380_2,EEOLICSBP-15/2020-21,Installation of Sartang RL Project under Lakhanpur Block in Jharsuguda District,Installation of Sartang RL Project under Lakhanpur Block in Jharsuguda District,Works,Open Tender,Percentage,Civil Works - Lift Irrigation Schemes,No,No,NA ,24-Mar-2021 10:00 AM,NA ,120.0,No ,No,Online,06-Apr-2021 10:00 AM,Orissa Lift Irrigation Corporation||LI Northern Circle Sambalpur||LI Division Sambalpur,Lakhanpur,768219.0,1.0,"37,29,967",DANSANA ELECTRICAL CONSTRUCTION,"3,531,160.01",Accepted-AOC,30-Apr-2021,Orissa Lift Irrigation Corporation||LI Northern Circle Sambalpur||LI Division Sambalpur,C2_Irrigation,irrigation|lift irrigation,Mitigation,False,False
2021_OLIC_67380_3,EEOLICSBP-15/2020-21,Installation of Solpali RL Project under Lakhanpur Block in Jharsuguda District,Installation of Solpali RL Project under Lakhanpur Block in Jharsuguda District,Works,Open Tender,Percentage,Civil Works - Lift Irrigation Schemes,No,No,NA ,24-Mar-2021 10:00 AM,NA ,120.0,No ,No,Online,06-Apr-2021 10:00 AM,Orissa Lift Irrigation Corporation||LI Northern Circle Sambalpur||LI Division Sambalpur,Lakhanpur,768219.0,1.0,"38,06,324",DANSANA ELECTRICAL CONSTRUCTION,"3,437,110.59",Accepted-AOC,30-Apr-2021,Orissa Lift Irrigation Corporation||LI Northern Circle Sambalpur||LI Division Sambalpur,C2_Irrigation,irrigation|lift irrigation,Mitigation,False,False
2021_OLIC_67380_4,EEOLICSBP-15/2020-21,Revival of K.Gunderpur-I RL Project under Dhankauda Block in Sambalpur District,Revival of K.Gunderpur-I RL Project under Dhankauda Block in Sambalpur District,Works,Open Tender,Percentage,Civil Works - Lift Irrigation Schemes,No,No,NA ,24-Mar-2021 10:00 AM,NA ,120.0,No ,No,Online,06-Apr-2021 10:00 AM,Orissa Lift Irrigation Corporation||LI Northern Circle Sambalpur||LI Division Sambalpur,Dhankauda,768006.0,1.0,"12,09,732",NILADHRI POWER AND CONSTRUCTION,"1,208,521.89",Accepted-AOC,30-Apr-2021,Orissa Lift Irrigation Corporation||LI Northern Circle Sambalpur||LI Division Sambalpur,C2_Irrigation|C3_Drought,irrigation|lift irrigation|revival,Unknown,False,False
2021_ORULB_66213_4,MC(CMC)CTC_Div-II_No8/2020-21,Provision of Temporary Transit Shed at proposed relocation sites at Laxmanpur Jagatpur (Right Side) for rehabilitation and resettlement of person affected by the redevelopment for expansion of Taladanda Canal Road (Both side) from Ranihat Bridge to N,Provision of Temporary Transit Shed at proposed relocation sites at Laxmanpur Jagatpur (Right Side) for rehabilitation and resettlement of person affected by the redevelopment for expansion of Taladanda Canal Road (Both side) from Ranihat Bridge to N,Works,Open Tender,Percentage,Civil Works - Others,No,No,NA ,01-Mar-2021 11:00 AM,NA ,90.0,No ,No,Online,09-Mar-2021 10:00 AM,Municipal Bodies||Cuttack Municipal Corporation,CMC,753012.0,1.0,,CHITTA RANJAN SAHOO,"357,042",Accepted-AOC,12-Apr-2021,Municipal Bodies||Cuttack Municipal Corporation,C2_Irrigation,canal,DamageResponse,False,False
2021_OSAMB_66531_1,RMC Dunguripali- 02 /2020-21,Construction of Different type of Infrastructure at Silati Sub-Market Yard (Part-I) Under RMC Dunguripali,As per DTCN,Works,Open Tender,Percentage,Civil Works - Others,No,No,NA ,19-Feb-2021 10:00 AM,NA ,90.0,No ,No,Online,08-Mar-2021 10:00 AM,Odisha State Agricultural Marketing Board||RMC Dunguripalli,Silati,767017.0,2.0,"3,10,95,110",MUKTESWAR NAIK,"30,603,807.33",Accepted-AOC,05-Apr-2021,Odisha State Agricultural Marketing Board||RMC Dunguripalli,C2_Irrigation,rmc,Unknown,False,False
2021_OSAMB_66531_2,RMC Dunguripali- 02 /2020-21,Construction of Different type of Infrastructure at Kaintara Sub-Market Yard (Part-I) Under RMC Dunguripali,As per DTCN,Works,Open Tender,Percentage,Civil Works - Others,No,No,NA ,19-Feb-2021 10:00 AM,NA ,90.0,No ,No,Online,08-Mar-2021 10:00 AM,Odisha State Agricultural Marketing Board||RMC Dunguripalli,Kaintara,767017.0,2.0,"3,16,42,419",MUKTESWAR NAIK,"30,952,614.29",Accepted-AOC,05-Apr-2021,Odisha State Agricultural Marketing Board||RMC Dunguripalli,C2_Irrigation,rmc,Unknown,False,False
2021_OSAMB_66531_3,RMC Dunguripali- 02 /2020-21,Construction of Different type of Infrastructure at Digsira Sub-Market Yard (Part-I) Under RMC Dunguripali,As per DTCN,Works,Open Tender,Percentage,Civil Works - Others,No,No,NA ,19-Feb-2021 10:00 AM,NA ,90.0,No ,No,Online,08-Mar-2021 10:00 AM,Odisha State Agricultural Marketing Board||RMC Dunguripalli,Digsira,767017.0,2.0,"2,23,35,916",KISHOR KUMAR BISWAL,"21,985,242.93",Accepted-AOC,05-Apr-2021,Odisha State Agricultural Marketing Board||RMC Dunguripalli,C2_Irrigation,rmc,Unknown,False,False
2021_OSAMB_66531_5,RMC Dunguripali- 02 /2020-21,Construction of Different type of Infrastructure at Goramahul Sub-Market Yard (Part-IV) Under RMC Dunguripali,As per DTCN,Works,Open Tender,Percentage,Civil Works - Others,No,No,NA ,19-Feb-2021 10:00 AM,NA ,90.0,No ,No,Online,08-Mar-2021 10:00 AM,Odisha State Agricultural Marketing Board||RMC Dunguripalli,Gopramahul,767017.0,2.0,"52,12,533",KISHOR KUMAR BISWAL,"5,115,058.99",Accepted-AOC,05-Apr-2021,Odisha State Agricultural Marketing Board||RMC Dunguripalli,C2_Irrigation,rmc,Unknown,False,False
2021_OSAMB_66531_7,RMC Dunguripali- 02 /2020-21,Construction of 500 MT Godown at Binka sub-Market Yard under RMC Dunguripali,As per DTCN,Works,Open Tender,Percentage,Civil Works - Buildings,No,No,NA ,19-Feb-2021 10:00 AM,NA ,90.0,No ,No,Online,08-Mar-2021 10:00 AM,Odisha State Agricultural Marketing Board||RMC Dunguripalli,Binka,767017.0,2.0,"52,96,497",KISHOR KUMAR BISWAL,"5,217,050.03",Accepted-AOC,05-Apr-2021,Odisha State Agricultural Marketing Board||RMC Dunguripalli,C2_Irrigation,rmc,Unknown,False,False
2021_WATCO_66084_1,WATCO (W)-16/ 2020-21 Dt.02.02.2021,Procurement of DI K-7 Pipe for coverage of uncovered areas and missing links for conversion of source from ground water to surface water in connection with water supply to Cuttack Municipal Corporation,Procurement of DI K-7 Pipe for coverage of uncovered areas and missing links for conversion of source from ground water to surface water in connection with water supply to Cuttack Municipal Corporation,Works,National Competitive Bid,Item Rate,Civil Works - Water Works,No,No,NA ,08-Feb-2021 11:00 AM,NA ,120.0,No ,No,Online,23-Feb-2021 11:00 AM,WATCO Bhubaneswar,Cuttack,753001.0,2.0,,Electrosteel Castings Limited,"126,955,566",Accepted-AOC,09-Apr-2021,WATCO Bhubaneswar,C3_Drought,ground water,Unknown,False,False
2023_PRBLP_85784_1,BPS/02/2022-23,Construction of New Sub Centre Building at Pampalo GP in Balipatna Block,Construction of New Sub Centre Building at Pampalo GP in Balipatna Block,Works,Open Tender,Percentage,Civil Works - Buildings,No,No,NA ,06-Feb-2023 03:00 PM,NA ,90.0,No ,No,Online,22-Feb-2023 11:00 AM,Panchayati Raj and Drinking Water Department Odisha||Zilla Parisad Khordha||BALIPATNA Block,Pampalo,752102.0,1.0,"31,71,348",GANESH CHANDRA PARIDA,"2,695,963",Accepted-AOC,01-Apr-2023,Panchayati Raj and Drinking Water Department Odisha||Zilla Parisad Khordha||BALIPATNA Block,C2_Irrigation,lip,Mitigation,False,False
2018_OLIC_48980_11,04/18-19,Installation and energisation of River Lift Projects of Kasanda,Installation and energisation of River Lift Projects of Kasanda,Works,Open Tender,Item Rate,Civil Works - Lift Irrigation Schemes,No,No,NA ,30-Aug-2018 11:00 AM,NA ,90.0,No ,No,Online,15-Sep-2018 11:00 AM,"Orissa Lift Irrigation Corporation||LI,Central Circle, Cuttack||LI Division Nayagarh",Ranapur Block,752069.0,1.0,"12,09,000",M.C.C. ASSOCIATES,10.27,Accepted-AOC,17-Jul-2021,"Orissa Lift Irrigation Corporation||LI,Central Circle, Cuttack||LI Division Nayagarh",C2_Irrigation,irrigation|lift irrigation,Mitigation,False,False
2018_OLIC_50464_4,06/18-19,Installation and Energisation of River Lift RL Project of ODAPALLA-III,Installation and Energisation of River Lift RL Project of ODAPALLA-III,Works,Open Tender,Item Rate,Civil Works - Lift Irrigation Schemes,No,No,NA ,31-Oct-2018 10:00 AM,NA ,90.0,No ,No,Online,16-Nov-2018 11:00 AM,"Orissa Lift Irrigation Corporation||LI,Central Circle, Cuttack||LI Division Nayagarh",RANAPUR BLOCK,753007.0,1.0,"10,72,000",M.C.C. ASSOCIATES,9.11,Accepted-AOC,17-Jul-2021,"Orissa Lift Irrigation Corporation||LI,Central Circle, Cuttack||LI Division Nayagarh",C2_Irrigation,irrigation|lift irrigation,Mitigation,False,False
2018_OLIC_50816_13,17/18-19,Installation of new and revival of defunct LI Project of Panchupalli,Installation of new and revival of defunct LI Project of Panchupalli,Works,Open Tender,Item Rate,Civil Works - Lift Irrigation Schemes,No,No,NA ,19-Nov-2018 11:00 AM,NA ,90.0,No ,No,Online,01-Dec-2018 11:00 AM,"Orissa Lift Irrigation Corporation||LI,Central Circle, Cuttack||LI Division Cuttack",Baranga Block,753007.0,2.0,"10,50,000",BHARAT BHUSAN BEHERA,10.5,Accepted-AOC,01-Jul-2021,"Orissa Lift Irrigation Corporation||LI,Central Circle, Cuttack||LI Division Cuttack",C2_Irrigation|C3_Drought,defunct|irrigation|lift irrigation|revival,Mitigation,False,False
2020_CERWI_64037_1,Road Online NCB No.280,"Periodical Maintenance Work of Road(A)-Jajaposi to Bala, B-Silipunji to Bhuinpur, C-SH-10 to Kainta, D-NH-215 to Sarasposi, E-Urti to Sarei, F-Sananai to Gambharia, G-Badakalimati to Handibhanga, H-Jhargaon to Bhuiyanroida, I-Nijamsahi to Sanabadbil.","Periodical Maintenance Work of Road(A)-Jajaposi to Bala, B-Silipunji to Bhuinpur, C-SH-10 to Kainta, D-NH-215 to Sarasposi, E-Urti to Sarei, F-Sananai to Gambharia, G-Badakalimati to Handibhanga, H-Jhargaon to Bhuiyanroida, I-Nijamsahi to Sanabadbil.",Works,Open Tender,Percentage,Civil Works - Roads,No,No,NA ,23-Nov-2020 06:00 PM,NA ,90.0,No ,No,Online,08-Dec-2020 11:00 AM,CE RW I||RWCIRCLE-KEONJHAR,Keonjhar,758001.0,2.0,"2,92,42,000",ARUN KUMAR NAYAK,"26,022,263.24",Accepted-AOC,07-Jul-2021,CE RW I||RWCIRCLE-KEONJHAR,C2_Irrigation,lip,Unknown,False,False
2020_OCTDM_63104_11,OIIPCRA-W2-1/2020,OIIPCRA-W2-1/2020,Construction of Civil CADWM Works Package ID KEO-28B Two Minor Irrigation Projects in Keonjhar District,Works,National Competitive Bid,Item Rate,Civil Works - Others,No,No,NA ,16-Oct-2020 10:00 AM,22-Oct-2020 11:30 AM ,90.0,No ,No,Both(Online/Offline),17-Nov-2020 11:30 AM,Orissa Community Tank Development and Management Society,Bhubaneswar,751001.0,2.0,,ARUN KUMAR NAYAK,"17,571,336.61",Accepted-AOC,22-Jul-2021,Orissa Community Tank Development and Management Society,C2_Irrigation|C8_Scheme,irrigation|minor irrigation|omm,Mitigation,False,False
2020_OCTDM_63104_16,OIIPCRA-W2-1/2020,OIIPCRA-W2-1/2020,Construction of Civil CADWM Works Package ID MBJ35 One Minor Irrigation Projects in Mayurbhanja District,Works,National Competitive Bid,Item Rate,Civil Works - Others,No,No,NA ,16-Oct-2020 10:00 AM,22-Oct-2020 11:30 AM ,90.0,No ,No,Both(Online/Offline),17-Nov-2020 11:30 AM,Orissa Community Tank Development and Management Society,Bhubaneswar,751001.0,2.0,,ARUN KUMAR NAYAK,"25,391,382.61",Accepted-AOC,09-Jul-2021,Orissa Community Tank Development and Management Society,C2_Irrigation|C8_Scheme,irrigation|minor irrigation|omm,Mitigation,False,False
2020_OHPCL_64776_1,BHEP/10/2020-21 DATED 17.12.2020,e-Procurement notice no. BHEP/10/2020-21 DATED 17.12.2020,"Job Contract on Annual Cleaning of Power House, Valve House, Store and Switchyard area of BHEP, Balimela for one year",Works,Open Tender,Percentage,Civil Works - Others,No,No,NA ,19-Dec-2020 11:00 AM,NA ,120.0,No ,No,Online,06-Jan-2021 12:00 PM,Odisha Hydro Power Corporation Ltd||Balimela H.E. Project Balimela,Power House and Valve House premises of BHEP,764051.0,2.0,"23,31,525",B. Arun Patra,"1,982,029",Accepted-AOC,03-Jul-2021,Odisha Hydro Power Corporation Ltd||Balimela H.E. Project Balimela,C5_ClimateSmartFarming,swi,Unknown,False,False
2020_OLIC_62392_3,1570/2020-21,INSTALLATION OF B RAMACHANDRAPUR III RL PROJECT UNDER PURI SADAR BLOCK IN PURI DISTRICT,INSTALLATION OF B RAMACHANDRAPUR III RL PROJECT UNDER PURI SADAR BLOCK IN PURI DISTRICT,Works,Open Tender,Percentage,Civil Works - Lift Irrigation Schemes,No,No,NA ,24-Aug-2020 01:10 PM,NA ,360.0,No ,No,Online,14-Sep-2020 03:00 PM,"Orissa Lift Irrigation Corporation||LI,Central Circle, Cuttack||LI,Division, Bhubaneswar",PURI,751009.0,1.0,"35,23,948",ADARSH ENGINEERING AND CONSTRUCTIONS ARJUNA SAHOO,29.95,Accepted-AOC,07-Jul-2021,"Orissa Lift Irrigation Corporation||LI,Central Circle, Cuttack||LI,Division, Bhubaneswar",C2_Irrigation,irrigation|lift irrigation,Mitigation,False,False
2020_OLIC_62392_5,1570/2020-21,INSTALLATION OF BALISAHI RL PROJECT UNDER PURI SADAR BLOCK IN PURI DISTRICT,INSTALLATION OF BALISAHI RL PROJECT UNDER PURI SADAR BLOCK IN PURI DISTRICT,Works,Open Tender,Percentage,Civil Works - Lift Irrigation Schemes,No,No,NA ,24-Aug-2020 03:00 PM,NA ,360.0,No ,No,Online,14-Sep-2020 03:00 PM,"Orissa Lift Irrigation Corporation||LI,Central Circle, Cuttack||LI,Division, Bhubaneswar",PURI,751009.0,1.0,"36,54,117",ADARSH ENGINEERING AND CONSTRUCTIONS ARJUNA SAHOO,31.06,Accepted-AOC,07-Jul-2021,"Orissa Lift Irrigation Corporation||LI,Central Circle, Cuttack||LI,Division, Bhubaneswar",C2_Irrigation,irrigation|lift irrigation,Mitigation,False,False
2020_OLIC_62444_4,1597/2020-21,Installation and Energisation of CHURALI III L I Project in PURI SADAR Block of PURI District,Installation and Energisation of CHURALI III L I Project in PURI SADAR Block of PURI District,Works,Open Tender,Percentage,Civil Works - Lift Irrigation Schemes,No,No,NA ,31-Aug-2020 10:00 AM,NA ,360.0,No ,No,Online,21-Sep-2020 03:00 PM,"Orissa Lift Irrigation Corporation||LI,Central Circle, Cuttack||LI,Division, Bhubaneswar",PURI,751009.0,1.0,"21,71,390",ADARSH ENGINEERING AND CONSTRUCTIONS ARJUNA SAHOO,18.45,Accepted-AOC,07-Jul-2021,"Orissa Lift Irrigation Corporation||LI,Central Circle, Cuttack||LI,Division, Bhubaneswar",C2_Irrigation,irrigation|lift irrigation,Mitigation,False,False
2020_OLIC_63120_9,12 / OLIC (CTC) / Dt. 08/10/2020,DRILLING AND INSTALLATION OF NAUGAON BLOCK UNDER JAGATSINGHPUR DISTRICT,DRILLING AND INSTALLATION OF NAUGAON BLOCK UNDER JAGATSINGHPUR DISTRICT,Works,Open Tender,Percentage,Civil Works - Lift Irrigation Schemes,No,No,NA ,12-Oct-2020 11:00 AM,NA ,90.0,No ,No,Online,27-Oct-2020 11:00 AM,"Orissa Lift Irrigation Corporation||LI,Central Circle, Cuttack||LI Division Cuttack",NAUGAON BLOCK,754001.0,1.0,"13,91,000",AKSHAYA KUMAR MALLICK,11.82,Accepted-AOC,19-Jul-2021,"Orissa Lift Irrigation Corporation||LI,Central Circle, Cuttack||LI Division Cuttack",C2_Irrigation,irrigation|lift irrigation,Mitigation,False,False
2020_OLIC_63546_25,1601_28_10_2020,Angalo-I TW,Installation Energisation and Revival of Lift Irrigation Projects on turnkey basis for the Angalo-I TW project at Bari Block in Jajpur District,Works,Open Tender,Percentage,Civil Works - Lift Irrigation Schemes,No,No,NA ,12-Nov-2020 10:00 AM,NA ,180.0,No ,No,Online,21-Nov-2020 11:00 AM,"Orissa Lift Irrigation Corporation||LI,Central Circle, Cuttack||LI Division Jajpur Road",Jajpur Road,755019.0,2.0,,ARABINDA MOHANTY,"1,423,811.22",Accepted-AOC,22-Jul-2021,"Orissa Lift Irrigation Corporation||LI,Central Circle, Cuttack||LI Division Jajpur Road",C2_Irrigation|C3_Drought,irrigation|lift irrigation|revival|tw ,Mitigation,False,False
2020_OLIC_63546_26,1601_28_10_2020,Angalo-II TW,Installation Energisation and Revival of Lift Irrigation Projects on turnkey basis for the Angalo-II TW project at Bari Block in Jajpur District,Works,Open Tender,Percentage,Civil Works - Lift Irrigation Schemes,No,No,NA ,12-Nov-2020 10:00 AM,NA ,180.0,No ,No,Online,21-Nov-2020 11:00 AM,"Orissa Lift Irrigation Corporation||LI,Central Circle, Cuttack||LI Division Jajpur Road",Jajpur Road,755019.0,2.0,,ARABINDA MOHANTY,"1,425,091.25",Accepted-AOC,22-Jul-2021,"Orissa Lift Irrigation Corporation||LI,Central Circle, Cuttack||LI Division Jajpur Road",C2_Irrigation|C3_Drought,irrigation|lift irrigation|revival|tw ,Mitigation,False,False
2020_OLIC_63546_37,1601_28_10_2020,Erada IV RL,Installation Energisation and Revival of Lift Irrigation Projects on turnkey basis for the Erada IV RL project at Bari Block in Jajpur District,Works,Open Tender,Percentage,Civil Works - Lift Irrigation Schemes,No,No,NA ,12-Nov-2020 10:00 AM,NA ,180.0,No ,No,Online,21-Nov-2020 11:00 AM,"Orissa Lift Irrigation Corporation||LI,Central Circle, Cuttack||LI Division Jajpur Road",Jajpur Road,755019.0,2.0,,ARABINDA MOHANTY,"1,122,531.52",Accepted-AOC,22-Jul-2021,"Orissa Lift Irrigation Corporation||LI,Central Circle, Cuttack||LI Division Jajpur Road",C2_Irrigation|C3_Drought,irrigation|lift irrigation|revival,Mitigation,False,False
2020_OMC_63072_1,NIT No- OMC/e-Proc/CMC/19/2020,"Engagement of an agency to supply, install and commission weighbridges and provide AMC services","Engagement of an agency to supply, install and commission weighbridges and provide AMC services (through e-tendering)",Goods,Open Tender,Item Rate,Miscellaneous Goods,No,No,NA ,06-Oct-2020 06:00 PM,28-Oct-2020 11:00 AM ,180.0,No ,No,Online,13-Nov-2020 05:00 PM,Orissa Mining Corporation,All Mines of OMC,751001.0,2.0,0.0,LEOTRONIC SCALES PRIVATE LIMITED,"15,376,000",Accepted-AOC,19-Jul-2021,Orissa Mining Corporation,C8_Scheme,omm,Unknown,False,False
2021_CEBBU_66191_1,SID-11/2020-21,Repair of 02 Two nos High mast lighting system at Saraphgarh Dam,Repair of 02 Two nos High mast lighting system at Saraphgarh Dam,Works,Open Tender,Percentage,Electrical Works,No,No,NA ,09-Feb-2021 10:00 AM,NA ,90.0,No ,No,Online,22-Feb-2021 11:00 AM,"CE-BM,UM Basin,Burla||SE Sundargarh Irrigation Circle Sundargarh||EE Sundargarh Irrigation Divn. Sundargarh",SUNDARGARH,770020.0,1.0,,MARUTI CONSTRUCTIONS,"507,840",Accepted-AOC,17-Jul-2021,"CE-BM,UM Basin,Burla||SE Sundargarh Irrigation Circle Sundargarh||EE Sundargarh Irrigation Divn. Sundargarh",C2_Irrigation,irrigation,DamageResponse,False,False
2021_CEBBU_67871_15,BCDT 01-23 /2021-22 (On-line),Construction of bedlining and raising of wall from RD 3349.50m to 3962.40m of Babupali Minor Ex- Rampur Distributary,Construction of bedlining and raising of wall from RD 3349.50m to 3962.40m of Babupali Minor Ex- Rampur Distributary,Works,Open Tender,Percentage,Civil Works - Canal,No,No,NA ,19-Apr-2021 10:00 AM,NA ,90.0,No ,No,Online,04-May-2021 11:00 AM,"CE-BM,UM Basin,Burla||SE,Hirakud Dam Circle,Burla||EE Barpali Canal Division Barpali",Barpali,768029.0,1.0,"13,37,143",Badal Behera,"1,136,704.8",Accepted-AOC,08-Jul-2021,"CE-BM,UM Basin,Burla||SE,Hirakud Dam Circle,Burla||EE Barpali Canal Division Barpali",C2_Irrigation,canal|distributary,Mitigation,False,False
2021_CEBBU_67871_23,BCDT 01-23 /2021-22 (On-line),Improvement to Water course (L) from RD 105 m to RD 520 m offtaking at RD 4120 m of BhimtikraDisty.,Improvement to Water course (L) from RD 105 m to RD 520 m offtaking at RD 4120 m of BhimtikraDisty.,Works,Open Tender,Percentage,Civil Works - Canal,No,No,NA ,19-Apr-2021 10:00 AM,NA ,90.0,No ,No,Online,04-May-2021 11:00 AM,"CE-BM,UM Basin,Burla||SE,Hirakud Dam Circle,Burla||EE Barpali Canal Division Barpali",Barpali,768029.0,1.0,"13,38,087",DIBYA KUMAR MAJHI,"1,137,507.55",Accepted-AOC,08-Jul-2021,"CE-BM,UM Basin,Burla||SE,Hirakud Dam Circle,Burla||EE Barpali Canal Division Barpali",C2_Irrigation,canal|disty,Mitigation,False,False
2021_CEBBU_67871_3,BCDT 01-23 /2021-22 (On-line),Improvement of Cherupali Sub-Sub Minor within RD 1920 m to RD 2164 m and Repairing of outlet at RD 588 m and 1645 m of Cherupali Sub-Sub Minor Ex- Digsira Sub-Minor.,Improvement of Cherupali Sub-Sub Minor within RD 1920 m to RD 2164 m and Repairing of outlet at RD 588 m and 1645 m of Cherupali Sub-Sub Minor Ex- Digsira Sub-Minor.,Works,Open Tender,Percentage,Civil Works - Canal,No,No,NA ,19-Apr-2021 10:00 AM,NA ,90.0,No ,No,Online,04-May-2021 11:00 AM,"CE-BM,UM Basin,Burla||SE,Hirakud Dam Circle,Burla||EE Barpali Canal Division Barpali",Barpali,768029.0,1.0,"13,72,273",DIBYA KUMAR MAJHI,"1,136,815.62",Accepted-AOC,08-Jul-2021,"CE-BM,UM Basin,Burla||SE,Hirakud Dam Circle,Burla||EE Barpali Canal Division Barpali",C2_Irrigation,canal|sub-minor,DamageResponse,False,False
2021_CEBBU_67871_5,BCDT 01-23 /2021-22 (On-line),Repairing of Headwall at RD 3328m and Improvement of WC offtaking at RD 3328m of Beharamal Distributary Ex- Retamunda Branch Canal.,Repairing of Headwall at RD 3328m and Improvement of WC offtaking at RD 3328m of Beharamal Distributary Ex- Retamunda Branch Canal.,Works,Open Tender,Percentage,Civil Works - Canal,No,No,NA ,19-Apr-2021 10:00 AM,NA ,90.0,No ,No,Online,04-May-2021 11:00 AM,"CE-BM,UM Basin,Burla||SE,Hirakud Dam Circle,Burla||EE Barpali Canal Division Barpali",Barpali,768029.0,1.0,"10,69,643",DIBYA KUMAR MAJHI,"909,302.8",Accepted-AOC,08-Jul-2021,"CE-BM,UM Basin,Burla||SE,Hirakud Dam Circle,Burla||EE Barpali Canal Division Barpali",C2_Irrigation,canal|distributary,DamageResponse,False,False
2021_CEBMB_66785_1,EE-CHWD-03/2020-21,"Construction of Community Centre in Kakili Patch at RR Colony, Santarapur of Chheligada Irr. Project.",Construction of Community Centre,Works,Open Tender,Percentage,Civil Works - Buildings,No,No,NA ,01-Mar-2021 10:00 AM,NA ,90.0,No ,No,Online,15-Mar-2021 11:30 AM,"CE-BM,RVN Basin,Berhampur||SE Southern Irr Circle II Paralakhemundi||EE Chheligada Head Works Divn Mahendragada",Mahendragada,761017.0,1.0,,KRUSHNA CHANDRA SETHI,"773,133",Accepted-AOC,20-Jul-2021,"CE-BM,RVN Basin,Berhampur||SE Southern Irr Circle II Paralakhemundi||EE Chheligada Head Works Divn Mahendragada",C2_Irrigation|C8_Scheme,irr |omm,Mitigation,False,False
2021_CEBMT_68213_16,01(JID)/2021-22,Construction of C.C. Guard wall with bed lining from RD.00m to 267m of Bawankera SM 1L of Kharkhara Irrigation Project for the year 2021-22,Construction of C.C. Guard wall with bed lining from RD.00m to 267m of Bawankera SM 1L of Kharkhara Irrigation Project for the year 2021-22,Works,Open Tender,Percentage,Civil Works - Others,No,No,NA ,06-May-2021 12:00 PM,NA ,90.0,No ,No,Online,18-May-2021 11:30 AM,"CE-BM, Tel Basin,Bhawanipatna||SE Western Irr Circle Bhawanipatna||EE Jonk Irr Divn. Nuapada",Nuapada,766105.0,1.0,,Achutanand Mund,"726,169",Accepted-AOC,25-Jul-2021,"CE-BM, Tel Basin,Bhawanipatna||SE Western Irr Circle Bhawanipatna||EE Jonk Irr Divn. Nuapada",C2_Irrigation,irr |irrigation,Mitigation,False,False
2021_CELBB_66094_23,JKID-04 OF 2020-21,"Sl.No.23-FDR to Sahapada OAE, Serapur-Sahapada TRE, Kharipadia-Mayapada TRE and Mendha-Sunia TRE on Brahmani right",Earth work and turffing work,Works,National Competitive Bid,Percentage,Civil Works - Others,No,No,NA ,10-Feb-2021 10:00 AM,NA ,90.0,No ,No,Online,17-Feb-2021 11:00 AM,"CE-BM,LMB Basin,BBSR||SE, Eastern Circle,Cuttack||EE,Jaraka Irr Division, Jaraka",Jaraka,755050.0,1.0,,ASZAD HOSSAIN,"582,840",Accepted-AOC,01-Jul-2021,"CE-BM,LMB Basin,BBSR||SE, Eastern Circle,Cuttack||EE,Jaraka Irr Division, Jaraka",C2_Irrigation,irr ,Unknown,False,False
2021_CEMIB_68428_3,EE MID SNG 01/2021-22,Improvement to Alanda MIP in Rajgangpur Block of Sundargarh District under Critical Grant for the year 2021-22.,Improvement to Alanda MIP in Rajgangpur Block of Sundargarh District under Critical Grant for the year 2021-22.,Works,Open Tender,Percentage,Civil Works - Others,No,No,NA ,17-May-2021 10:00 AM,NA ,90.0,No ,No,Online,28-May-2021 11:00 AM,"CE,Minor Irrigation,BBSR||SENMIC-SAMBALPUR||SUNDARGARH",RAJGANGPUR BLOCK,770001.0,1.0,,DUBARAJ MUNDA,"1,518,260.92",Accepted-AOC,01-Jul-2021,"CE,Minor Irrigation,BBSR||SENMIC-SAMBALPUR||SUNDARGARH",C1_WaterConservation|C2_Irrigation,irrigation|minor irrigation|mip,Mitigation,False,False
2021_CEMWR_67943_1,01/W(6)/2021-22,"FABRICATION, SUPPLY AND ERECTION OF CHECKDAM-CUM-SLUICE-CUM FOOT BRIDGE OVER BAHAKANDIA PENTHA DC AT RD 2380M IN THE DISTRICT OF KENDRAPARA UNDER EXECUTIVE ENGINEER, DRAINAGE DIVISION, KENDRAPARA","FABRICATION, SUPPLY AND ERECTION OF CHECKDAM-CUM-SLUICE-CUM FOOT BRIDGE OVER BAHAKANDIA PENTHA DC AT RD 2380M IN THE DISTRICT OF KENDRAPARA UNDER EXECUTIVE ENGINEER, DRAINAGE DIVISION, KENDRAPARA",Works,Open Tender,Percentage,Mechanical Works,No,No,NA ,22-Apr-2021 03:00 PM,NA ,90.0,No ,No,Online,03-May-2021 11:00 AM,Chief Engineer Mech - WR Bhubaneswar||SE Mechanical Circle Bhubaneswar||EE Mechanical Division Bhubaneswar,"BAHAKANDIA, KENDRAPARA",754211.0,1.0,,ALBINO ENTERPRISERS,"756,246.88",Accepted-AOC,27-Jul-2021,Chief Engineer Mech - WR Bhubaneswar||SE Mechanical Circle Bhubaneswar||EE Mechanical Division Bhubaneswar,C1_WaterConservation,checkdam,Unknown,False,False
2021_CEQCR_66682_1,NHP/DDDAP BBSR 03/2020-21,Supply and Installation of 6 persons passenger Lift,"Renovation of Data Centre by supplying, installation, testing and commissioning 6 persons passenger Lift (OTIS, KONE, Johnson, ECE (Birla), Mitsubishi, Thyssen-Krupp or their authorized/ franchise) at H.P Administrative Building, Bhubaneswar.",Works,Open Tender,Item Rate,Civil Works - Others,No,No,NA ,25-Feb-2021 10:00 AM,NA ,45.0,No ,No,Online,08-Mar-2021 03:00 PM,CE Quality Control and Research||Director Hydrometry Bhubaneswar||DD Data Archiving and Publishing BBSR,"H.P Administrative Building, Delta Square, Unit-8,",751012.0,1.0,"13,83,800",ECE Industries Limited,"1,170,000",Accepted-AOC,27-Jul-2021,CE Quality Control and Research||Director Hydrometry Bhubaneswar||DD Data Archiving and Publishing BBSR,C1_WaterConservation|C8_Scheme,mit|omm,Mitigation,False,False
2021_EICCL_65537_4,EE CBT (R and B)-20/2020-21,Const of New Operation Theater at Jodumu CHC in the Narasinghpur block of Cuttack district for the year 20-21,Const of New Operation Theater at Jodumu CHC in the Narasinghpur block of Cuttack district for the year 20-21,Works,National Competitive Bid,Percentage,Civil Works - Buildings,No,No,NA ,18-Jan-2021 10:00 AM,NA ,90.0,No ,No,Online,29-Jan-2021 11:00 AM,EIC-CIVIL||SERNB-CIRCLE-CUTTACK||EERNB-DIVN-CHARBATIA,Narasinghpur,754032.0,1.0,,JAYKRISHNA BISWAL,"2,425,286",Accepted-AOC,07-Jul-2021,EIC-CIVIL||SERNB-CIRCLE-CUTTACK||EERNB-DIVN-CHARBATIA,C7_PostHarvestSupply,chc,Mitigation,False,False
2021_EICCL_65688_4,BID ID 47 of 2020-21,Impvtof Birmitrapur RaibogaSalangabahal road MDR28 from 0.385 Km to 0.805Km under DMF,Improvement of Birmitrapur-Raiboga-Salangabahal road MDR-28 from 0.385 Km to 0.805Km with provision of construction of RCC Drain and Box cell Culvert of Birmitrapur Municipality in the district of Sundargarh under DMF fund for the Year 2020-21,Works,Open Tender,Percentage,Civil Works - Roads,No,No,NA ,25-Jan-2021 05:00 PM,NA ,90.0,No ,No,Online,11-Feb-2021 11:00 AM,EIC-CIVIL||SERNB-CIRCLE-KEONJHAR||EERNB-DIVN-ROURKELA,Rourkela,769012.0,2.0,,ARUN KUMAR SUNANI,"7,990,388",Accepted-AOC,01-Jul-2021,EIC-CIVIL||SERNB-CIRCLE-KEONJHAR||EERNB-DIVN-ROURKELA,C1_WaterConservation,mit,Mitigation,False,False
2021_EICCL_66601_2,Bid id 59 of 2020-21,New Construction of Attendant rest shed at Kuarmunda CHC of Kuarmunda block(including EI and PH) under OMBADC of Sundergarh dist For the year 2020-21.,New Construction of Attendant rest shed at Kuarmunda CHC of Kuarmunda block(including EI and PH) under OMBADC of Sundergarh dist For the year 2020-21.,Works,Open Tender,Percentage,Civil Works - Buildings,No,No,NA ,22-Feb-2021 05:00 PM,NA ,90.0,No ,No,Online,10-Mar-2021 11:30 AM,EIC-CIVIL||SERNB-CIRCLE-KEONJHAR||EERNB-DIVN-ROURKELA,Rourkela,769012.0,1.0,"37,12,400",KALANDI CHARAN SWAIN,"3,155,850",Accepted-AOC,19-Jul-2021,EIC-CIVIL||SERNB-CIRCLE-KEONJHAR||EERNB-DIVN-ROURKELA,C7_PostHarvestSupply,chc,Mitigation,False,False
2021_EICCL_66601_3,Bid id 59 of 2020-21,New Construction of Asha gruha at Birkera CHC of Lathikata block(including EI and PH) under OMBADC of sundergarh dist For the year 2020-21.,New Construction of Asha gruha at Birkera CHC of Lathikata block(including EI and PH) under OMBADC of sundergarh dist For the year 2020-21.,Works,Open Tender,Percentage,Civil Works - Buildings,No,No,NA ,22-Feb-2021 05:00 PM,NA ,90.0,No ,No,Online,10-Mar-2021 11:30 AM,EIC-CIVIL||SERNB-CIRCLE-KEONJHAR||EERNB-DIVN-ROURKELA,Rourkela,769012.0,1.0,"23,99,700",KALANDI CHARAN SWAIN,"2,039,975",Accepted-AOC,08-Jul-2021,EIC-CIVIL||SERNB-CIRCLE-KEONJHAR||EERNB-DIVN-ROURKELA,C7_PostHarvestSupply,chc,Mitigation,False,False
2021_EICCL_66853_5,"S.E.K.C., Keonjhar No. 21 / 2020-21",Construction of New CHC Building at Birkera of Lathikata Block under OMBADC of Sundargarh dist for the year 2019-20,Construction of New CHC Building at Birkera of Lathikata Block under OMBADC of Sundargarh dist for the year 2019-20,Works,Open Tender,Percentage,Civil Works - Buildings,No,No,NA ,02-Mar-2021 06:55 PM,NA ,90.0,No ,No,Online,19-Mar-2021 12:00 PM,EIC-CIVIL||SERNB-CIRCLE-KEONJHAR,Rourkela,769001.0,2.0,,M/S GAYATRI ENTERPRISES,"32,416,550",Accepted-AOC,09-Jul-2021,EIC-CIVIL||SERNB-CIRCLE-KEONJHAR,C7_PostHarvestSupply,chc,Mitigation,False,False
2021_GWSI_65873_1,NHP-2020-2021-OD-OMPZM-06_01,R/M of 18Nos. Existing observation station (PZM) in Mayurbhanj District during the FY-2020-21 (PKG-BPD-01),RM of 18Nos Existing observation station PZM under NHP work in Mayurbhanj District,Works,Open Tender,Item Rate,Civil Works - Others,No,No,NA ,02-Feb-2021 10:00 AM,NA ,45.0,No ,No,Online,12-Feb-2021 03:00 PM,Ground Water Survey and Investigation,DIfferent locations in Mayurbhanj District,751012.0,1.0,"3,82,889",HRUSIKESH ROUT,"421,177",Accepted-AOC,05-Jul-2021,Ground Water Survey and Investigation,C3_Drought,ground water,Unknown,False,False
2021_GWSI_65888_1,NHP-2020-2021-OD-OMPZM-06_02,R/M of Piezometer stations,"R/M of 06Nos. Existing observation station (PZM) in Keonjhar District under GWD Division, Baripada (PKG-BPD-02)",Works,Open Tender,Item Rate,Civil Works - Others,No,No,NA ,02-Feb-2021 10:00 AM,NA ,45.0,No ,No,Online,12-Feb-2021 03:00 PM,Ground Water Survey and Investigation,DIfferent locations in Keonjhar District,751012.0,1.0,"1,27,317",HRUSIKESH ROUT,"143,934",Accepted-AOC,05-Jul-2021,Ground Water Survey and Investigation,C3_Drought,ground water,Unknown,False,False
2021_GWSI_65891_1,NHP-2020-2021-OD-OMPZM-06_03,R/M of Piezometer stations,"R/M of 8Nos. Existing observation station (PZM) in Bhadrak District under GWD Division, Baripada (PKG-BPD-03)",Works,Open Tender,Item Rate,Civil Works - Others,No,No,NA ,02-Feb-2021 10:00 AM,NA ,45.0,No ,No,Online,12-Feb-2021 03:00 PM,Ground Water Survey and Investigation,DIfferent locations in Bhadrak District,751012.0,1.0,"1,70,263",HRUSIKESH ROUT,"185,585",Accepted-AOC,05-Jul-2021,Ground Water Survey and Investigation,C3_Drought,ground water,Unknown,False,False
2021_GWSI_65895_1,NHP-2020-2021-OD-OMPZM-06_04,R/M of Piezometer stations,"R/M of 14Nos. Existing observation station (PZM) in Balasore District under GWD Division, Baripada (PKG-BPD-04)",Works,Open Tender,Item Rate,Civil Works - Others,No,No,NA ,02-Feb-2021 10:00 AM,NA ,45.0,No ,No,Online,12-Feb-2021 03:00 PM,Ground Water Survey and Investigation,DIfferent locations in Balasore District,751012.0,1.0,"2,97,180",HRUSIKESH ROUT,"329,844",Accepted-AOC,05-Jul-2021,Ground Water Survey and Investigation,C3_Drought,ground water,Unknown,False,False
2021_GWSI_65908_1,NHP-2020-2021-OD-OMPZM-06_12,R/M of Piezometer stations,R/M of 15 Nos. Existing observation station (PZM) in Bargarh District under GWD Division Bolangir (PKG- BLGR-05),Works,Open Tender,Item Rate,Civil Works - Others,No,No,NA ,02-Feb-2021 10:00 AM,NA ,45.0,No ,No,Online,12-Feb-2021 03:00 PM,Ground Water Survey and Investigation,DIfferent locations in Bargarh District,751012.0,1.0,"3,14,404",HRUSIKESH ROUT,"361,562",Accepted-AOC,05-Jul-2021,Ground Water Survey and Investigation,C3_Drought,ground water,Unknown,False,False
2021_GWSI_65909_1,NHP-2020-2021-OD-OMPZM-06_13,R/M of Piezometer stations,R/M of 15 Nos. Existing Piezometers in Barpali and Bheden Blocks of Bargarh District (PKG- BLGR-06),Works,Open Tender,Item Rate,Civil Works - Others,No,No,NA ,02-Feb-2021 10:00 AM,NA ,45.0,No ,No,Online,12-Feb-2021 03:00 PM,Ground Water Survey and Investigation,DIfferent locations in Bargarh District,751012.0,1.0,"3,14,651",HRUSIKESH ROUT,"361,846",Accepted-AOC,05-Jul-2021,Ground Water Survey and Investigation,C3_Drought,ground water,Unknown,False,False
2021_GWSI_65933_1,NHP-2020-2021-OD-OMPZM-06_14,R/M of Piezometer stations,"R/M of 11 Nos. Existing observation station (PZM) in Bargarh District under GWD Division, Bolangir (PKG- BLGR-07)",Works,Open Tender,Item Rate,Civil Works - Others,No,No,NA ,02-Feb-2021 10:00 AM,NA ,45.0,No ,No,Online,12-Feb-2021 03:00 PM,Ground Water Survey and Investigation,DIfferent locations in Bargarh District,751012.0,1.0,"2,30,783",HRUSIKESH ROUT,"265,398",Accepted-AOC,05-Jul-2021,Ground Water Survey and Investigation,C3_Drought,ground water,Unknown,False,False
2021_GWSI_65936_1,NHP-2020-2021-OD-OMPZM-06_15,R/M of Piezometer stations,"R/M of 10 Nos. Existing observation station (PZM) in Subarnapur District under GWD Division, Bolangir (PKG- BLGR-08)",Works,Open Tender,Item Rate,Civil Works - Others,No,No,NA ,02-Feb-2021 10:00 AM,NA ,45.0,No ,No,Online,12-Feb-2021 03:00 PM,Ground Water Survey and Investigation,DIfferent locations in Subarnapur District,751012.0,1.0,"2,09,242",HRUSIKESH ROUT,"240,594",Accepted-AOC,05-Jul-2021,Ground Water Survey and Investigation,C3_Drought,ground water,Unknown,False,False
2021_GWSI_65938_1,NHP-2020-2021-OD-OMPZM-06_16,R/M of Piezometer stations,"R/M of 09 Nos. Existing observation station (PZM) in Subarnapur District under GWD Division, Bolangir (PKG- BLGR-09)",Works,Open Tender,Item Rate,Civil Works - Others,No,No,NA ,02-Feb-2021 10:00 AM,NA ,45.0,No ,No,Online,12-Feb-2021 03:00 PM,Ground Water Survey and Investigation,DIfferent locations in Subarnapur District,751012.0,1.0,"1,88,303",HRUSIKESH ROUT,"216,514",Accepted-AOC,05-Jul-2021,Ground Water Survey and Investigation,C3_Drought,ground water,Unknown,False,False
2021_GWSI_65939_1,NHP-2020-2021-OD-OMPZM-06_17,R/M of Piezometer stations,"R/M of 05 Nos. Existing observation station (PZM) in Boudh District under GWD Division, Bolangir (PKG- BLGR-10)",Works,Open Tender,Item Rate,Civil Works - Others,No,No,NA ,02-Feb-2021 10:00 AM,NA ,45.0,No ,No,Online,12-Feb-2021 03:00 PM,Ground Water Survey and Investigation,DIfferent locations in Boudh District,751012.0,1.0,"1,05,581",HRUSIKESH ROUT,"121,414",Accepted-AOC,05-Jul-2021,Ground Water Survey and Investigation,C3_Drought,ground water,Unknown,False,False
2021_GWSI_65940_1,NHP-2020-2021-OD-OMPZM-06_18,R/M of existing Piezometer stations,R/M of 18 Nos. Existing piezometers in different blocks of Khurda District (PKG- HPD-02),Works,Open Tender,Item Rate,Civil Works - Others,No,No,NA ,02-Feb-2021 10:00 AM,NA ,45.0,No ,No,Online,12-Feb-2021 03:00 PM,Ground Water Survey and Investigation,DIfferent locations in Khurda District,751012.0,1.0,"3,49,635",HRUSIKESH ROUT,"346,006",Accepted-AOC,05-Jul-2021,Ground Water Survey and Investigation,C3_Drought,ground water,Unknown,False,False
2021_GWSI_65941_1,NHP-2020-2021-OD-OMPZM-06_19,R/M of existing Piezometer stations,R/M of 25 Nos. Govt. RRHS Shaft under Bhubaneswar urban area (PKG- HPD-01),Works,Open Tender,Item Rate,Civil Works - Others,No,No,NA ,02-Feb-2021 10:00 AM,NA ,45.0,No ,No,Online,12-Feb-2021 03:00 PM,Ground Water Survey and Investigation,DIfferent locations in Bhubaneswar Urban area,751012.0,1.0,"3,43,776",HRUSIKESH ROUT,"341,256",Accepted-AOC,05-Jul-2021,Ground Water Survey and Investigation,C3_Drought,ground water,Unknown,False,False
2021_GWSI_65942_1,NHP-2020-2021-OD-OMPZM-06_20,R/M of existing Piezometer stations,R/M of 9 Nos. Existing Piezometers in different blocks of Nayagarh district (PKG- RSD-01),Works,Open Tender,Item Rate,Civil Works - Others,No,No,NA ,02-Feb-2021 10:00 AM,NA ,45.0,No ,No,Online,12-Feb-2021 03:00 PM,Ground Water Survey and Investigation,DIfferent locations in Nayagarh District,751012.0,1.0,"1,94,581",HRUSIKESH ROUT,"193,175",Accepted-AOC,05-Jul-2021,Ground Water Survey and Investigation,C3_Drought,ground water,Unknown,False,False
2021_GWSI_65947_1,NHP-2020-2021-OD-OMPZM-06_21,R/M of existing Piezometer stations,R/M of 9 Nos. Existing Piezometers in different blocks of Puri district (PKG- RSD-02),Works,Open Tender,Item Rate,Civil Works - Others,No,No,NA ,02-Feb-2021 10:00 AM,NA ,45.0,No ,No,Online,12-Feb-2021 03:00 PM,Ground Water Survey and Investigation,DIfferent locations in Puri District,751012.0,1.0,"1,95,380",HRUSIKESH ROUT,"193,466",Accepted-AOC,05-Jul-2021,Ground Water Survey and Investigation,C3_Drought,ground water,Unknown,False,False
2021_GWSI_66251_1,NHP-2020-2021-OD-OMPZM-07_11,R/M of existing Piezometer stations,R/M Estimate of 16 Nos. Existing Piezometers in different blocks of Jajpur District under NHP (PKG- CTC-01),Works,Open Tender,Item Rate,Civil Works - Others,No,No,NA ,11-Feb-2021 10:00 AM,NA ,45.0,No ,No,Online,22-Feb-2021 03:00 PM,Ground Water Survey and Investigation,DIfferent locations in Jajpur District,755001.0,1.0,"3,38,911",HRUSIKESH ROUT,"389,697",Accepted-AOC,05-Jul-2021,Ground Water Survey and Investigation,C3_Drought,ground water,Unknown,False,False
2021_GWSI_66252_1,NHP-2020-2021-OD-OMPZM-07_12,R/M of existing Piezometer stations,R/M Estimate of 4 Nos. Existing Piezometers in different blocks of Jagatsinghpur District under NHP (PKG- CTC-02),Works,Open Tender,Item Rate,Civil Works - Others,No,No,NA ,11-Feb-2021 10:00 AM,NA ,45.0,No ,No,Online,22-Feb-2021 03:00 PM,Ground Water Survey and Investigation,DIfferent locations in Jagatsinghpur District,754103.0,1.0,"85,402",HRUSIKESH ROUT,"98,199",Accepted-AOC,05-Jul-2021,Ground Water Survey and Investigation,C3_Drought,ground water,Unknown,False,False
2021_GWSI_66253_1,NHP-2020-2021-OD-OMPZM-07_13,R/M of existing Piezometer stations,R/M Estimate of 6 Nos. Existing Piezometers in different blocks of Kendrapara District under NHP (PKG- CTC-03),Works,Open Tender,Item Rate,Civil Works - Others,No,No,NA ,11-Feb-2021 10:00 AM,NA ,45.0,No ,No,Online,22-Feb-2021 03:00 PM,Ground Water Survey and Investigation,DIfferent locations in Kendrapara District,754211.0,1.0,"1,27,091",HRUSIKESH ROUT,"146,113",Accepted-AOC,05-Jul-2021,Ground Water Survey and Investigation,C3_Drought,ground water,Unknown,False,False
2021_GWSI_66254_2,NHP-2020-2021-OD-OMPZM-07_14,R/M of existing Piezometer stations,R/M Estimate of 18 Nos. Existing Piezometers in different blocks of Cuttack District under NHP (PKG- CTC-04),Works,Open Tender,Item Rate,Civil Works - Others,No,No,NA ,16-Feb-2021 10:00 AM,NA ,45.0,No ,No,Online,22-Feb-2021 03:00 PM,Ground Water Survey and Investigation,DIfferent locations in Cuttack District,753001.0,1.0,"3,82,033",HRUSIKESH ROUT,"439,311",Accepted-AOC,05-Jul-2021,Ground Water Survey and Investigation,C3_Drought,ground water,Unknown,False,False
2021_GWSI_66270_1,NHP-2020-2021-OD-OMPZM-07_20,R/M of existing Piezometer stations,R/M Existing Piezometers 8Nos. in Dhenkanal District for installation of DWLRTelemetry System under NHP (PKG- ANG-01),Works,Open Tender,Item Rate,Civil Works - Others,No,No,NA ,11-Feb-2021 10:00 AM,NA ,45.0,No ,No,Online,22-Feb-2021 03:00 PM,Ground Water Survey and Investigation,DIfferent locations in Dhenkanal District,759001.0,1.0,"1,78,466",HRUSIKESH ROUT,"205,130",Accepted-AOC,05-Jul-2021,Ground Water Survey and Investigation,C3_Drought,ground water,Mitigation,False,False
2021_GWSI_66272_1,NHP-2020-2021-OD-OMPZM-07_21,R/M of existing Piezometer stations,R/M Existing Piezometers 13Nos. in Anugul District for installation of DWLR Telemetry System under NHP (PKG- ANG-02),Works,Open Tender,Item Rate,Civil Works - Others,No,No,NA ,11-Feb-2021 10:00 AM,NA ,45.0,No ,No,Online,22-Feb-2021 03:00 PM,Ground Water Survey and Investigation,DIfferent locations in Anugul District,759106.0,1.0,"2,90,000",HRUSIKESH ROUT,"333,336",Accepted-AOC,05-Jul-2021,Ground Water Survey and Investigation,C3_Drought,ground water,Mitigation,False,False
2021_GWSI_68969_1,NHP-2021-2022-OD-OMPZM-09/04,R/M of Piezometer stations,"R/M of 08Nos. Existing Piezometer stations at Boden, Khariar, Komna, Sunapali different blocks of Kalahandi District for installation of DWLR Telemetry System under NHP",Works,Open Tender,Percentage,Civil Works - Others,No,No,NA ,11-Jun-2021 10:00 AM,NA ,90.0,No ,No,Online,22-Jun-2021 11:00 AM,Ground Water Survey and Investigation,DIfferent locations in Kalahandi District,762110.0,1.0,"1,72,391",NILAMANI PANDA,"187,736",Accepted-AOC,30-Jul-2021,Ground Water Survey and Investigation,C3_Drought,ground water,Mitigation,False,False
2021_GWSI_68970_1,NHP-2021-2022-OD-OMPZM-09/05,R/M of Piezometer stations,"R/M of 12Nos. Existing Piezometer stations at Kesinga, Lanjigarh, M.rampur different blocks of Kalahandi District for installation of DWLR Telemetry System under NHP",Works,Open Tender,Percentage,Civil Works - Others,No,No,NA ,11-Jun-2021 10:00 AM,NA ,90.0,No ,No,Online,22-Jun-2021 11:00 AM,Ground Water Survey and Investigation,DIfferent locations in Kalahandi District,762110.0,1.0,"2,58,586",NILAMANI PANDA,"281,339",Accepted-AOC,30-Jul-2021,Ground Water Survey and Investigation,C3_Drought,ground water,Mitigation,False,False
2021_GWSI_68972_1,NHP-2021-2022-OD-OMPZM-09/06,R/M of Piezometer stations,"R/M of 10Nos. Existing Piezometer stations at Narla, Kasamunda, Golmunda Kalampur Blocks of Kalahandi District for installation of DWLR Telemetry System under NHP",Works,Open Tender,Percentage,Civil Works - Others,No,No,NA ,11-Jun-2021 10:00 AM,NA ,90.0,No ,No,Online,22-Jun-2021 11:00 AM,Ground Water Survey and Investigation,DIfferent locations in Kalahandi District,762110.0,1.0,"2,15,488",NILAMANI PANDA,"234,451",Accepted-AOC,30-Jul-2021,Ground Water Survey and Investigation,C3_Drought,ground water,Mitigation,False,False
2021_GWSI_68975_1,NHP-2021-2022-OD-OMPZM-09/07,R/M of Piezometer stations,"R/M of 12Nos. Existing Piezometer stations at Bhawanipatna, Dharmagarh, Junagarh Jaipatna Blocks of Kalahandi District for installation of DWLR Telemetry System under NHP",Works,Open Tender,Percentage,Civil Works - Others,No,No,NA ,11-Jun-2021 10:00 AM,NA ,90.0,No ,No,Online,22-Jun-2021 11:00 AM,Ground Water Survey and Investigation,DIfferent locations in Kalahandi District,762110.0,1.0,"2,57,444",NILAMANI PANDA,"279,841",Accepted-AOC,30-Jul-2021,Ground Water Survey and Investigation,C3_Drought,ground water,Mitigation,False,False
2021_GWSI_68977_1,NHP-2021-2022-OD-OMPZM-09/08,R/M of Piezometer stations,"R/M of 06Nos. Existing Piezometer stations at Chadahandi, Kasamunda, Nandahandi different Blocks of Nawarangpur District for installation of DWLR Telemetry System under NHP",Works,Open Tender,Percentage,Civil Works - Others,No,No,NA ,11-Jun-2021 10:00 AM,NA ,90.0,No ,No,Online,22-Jun-2021 11:00 AM,Ground Water Survey and Investigation,DIfferent locations in Nawarangpur District,764059.0,1.0,"1,29,292",NILAMANI PANDA,"140,411",Accepted-AOC,30-Jul-2021,Ground Water Survey and Investigation,C3_Drought,ground water,Mitigation,False,False
2021_OCCL_66836_1,e-procurement Notice No36/OCCL/2020-21 (on-line),OCCL-CGP/08/ 2020-21,Dredging of Hansua Drainage Channel Cut U/S of Nagari Creek.,Works,Open Tender,Percentage,Civil Works - Others,No,No,NA ,02-Mar-2021 10:00 AM,NA ,90.0,No ,No,Online,15-Mar-2021 12:00 PM,ODISHA CONSTRUCTION CORPORATION LTD||CIVIL,JAGATSINGHPUR,754103.0,2.0,"3,76,13,534",Ardeshir B. Cursetjee & Sons Ltd.,"31,975,266",Accepted-AOC,26-Jul-2021,ODISHA CONSTRUCTION CORPORATION LTD||CIVIL,C1_WaterConservation,dredging,Mitigation,False,False
2021_OLIC_65388_1,BID ID NO. 3933 (OLIC/2020-21) DATED 29.12.2020,Installation and Energisation of Anua III TW under Morada Block in Mayurbhanj District,Installation and Energisation of Anua III TW under Morada Block in Mayurbhanj District,Works,National Competitive Bid,Percentage,Civil Works - Lift Irrigation Schemes,No,No,NA ,11-Jan-2021 10:00 AM,NA ,365.0,No ,No,Online,25-Jan-2021 11:00 AM,Orissa Lift Irrigation Corporation||LI BALASORE||LI Division Baripada,Baripada,757002.0,1.0,,AJAY KUMAR GIRI,"1,215,368",Accepted-AOC,02-Jul-2021,Orissa Lift Irrigation Corporation||LI BALASORE||LI Division Baripada,C2_Irrigation,irrigation|lift irrigation|tw ,Mitigation,False,False
2021_OLIC_65388_10,BID ID NO. 3933 (OLIC/2020-21) DATED 29.12.2020,Installation and Energisation of Raghunathpur II TW under Betnoti Block in Mayurbhanj District,Installation and Energisation of Raghunathpur II TW under Betnoti Block in Mayurbhanj District,Works,National Competitive Bid,Percentage,Civil Works - Lift Irrigation Schemes,No,No,NA ,11-Jan-2021 10:00 AM,NA ,365.0,No ,No,Online,25-Jan-2021 11:00 AM,Orissa Lift Irrigation Corporation||LI BALASORE||LI Division Baripada,Baripada,757002.0,1.0,,AJAY KUMAR GIRI,"1,178,945",Accepted-AOC,02-Jul-2021,Orissa Lift Irrigation Corporation||LI BALASORE||LI Division Baripada,C2_Irrigation,irrigation|lift irrigation|tw ,Mitigation,False,False
2021_OLIC_66079_10,OLIC-BLGR-07/2020-21,Revival of Semelia Tulandi-I L.I. Project under Balangir Block (State Plan Fund 2020-21),Revival of Semelia Tulandi-I L.I. Project under Balangir Block (State Plan Fund 2020-21),Works,Open Tender,Percentage,Civil Works - Lift Irrigation Schemes,No,No,NA ,05-Feb-2021 11:00 AM,NA ,90.0,No ,No,Online,15-Feb-2021 11:00 AM,Orissa Lift Irrigation Corporation||LI Western Circle Bhawanipatna||LI Division Bolangir,Balangir,767002.0,1.0,"12,16,030",DURGA PRASAD JAISWAL,"1,173,347.25",Accepted-AOC,14-Jul-2021,Orissa Lift Irrigation Corporation||LI Western Circle Bhawanipatna||LI Division Bolangir,C2_Irrigation|C3_Drought,irrigation|l.i.|l.i. project|lift irrigation|revival,Unknown,False,False
2021_OLIC_66079_3,OLIC-BLGR-07/2020-21,Installation and energisation of Nagaon-VI L.I. Project under Agalpur Block (BKVY RIDF 2020-21),Installation and energisation of Nagaon-VI L.I. Project under Agalpur Block (BKVY RIDF 2020-21),Works,Open Tender,Percentage,Civil Works - Lift Irrigation Schemes,No,No,NA ,05-Feb-2021 11:00 AM,NA ,90.0,No ,No,Online,15-Feb-2021 11:00 AM,Orissa Lift Irrigation Corporation||LI Western Circle Bhawanipatna||LI Division Bolangir,Balangir,767002.0,1.0,"23,99,806",BINOD SAHU,"2,040,075",Accepted-AOC,22-Jul-2021,Orissa Lift Irrigation Corporation||LI Western Circle Bhawanipatna||LI Division Bolangir,C2_Irrigation|C8_Scheme,irrigation|l.i.|l.i. project|lift irrigation|ridf,Mitigation,False,False
2021_OLIC_66575_18,Bid Identification No.23/2020-21 OLIC/ Dt.19.02.20,INSTALLATION AND ENERGISATION OF KUHUNDA-IV LI PROJECT,INSTALLATION AND ENERGISATION OF KUHUNDA-IV LI PROJECT,Works,Open Tender,Percentage,Civil Works - Lift Irrigation Schemes,No,No,NA ,23-Feb-2021 10:00 AM,NA ,90.0,No ,No,Online,04-Mar-2021 10:00 AM,"Orissa Lift Irrigation Corporation||LI,Central Circle, Cuttack||LI Division Cuttack",Mahanga Block,754001.0,1.0,,RAJ KISHORE BAL,9.12,Accepted-AOC,05-Jul-2021,"Orissa Lift Irrigation Corporation||LI,Central Circle, Cuttack||LI Division Cuttack",C2_Irrigation,irrigation|lift irrigation,Mitigation,False,False
2021_OLIC_67191_2,"07/2020-21, Dt.02-03-2021",TEGHARI-II-TW,KHALAPAKH-TW,Works,Open Tender,Percentage,Civil Works - Lift Irrigation Schemes,No,No,NA ,17-Mar-2021 11:00 AM,NA ,365.0,No ,No,Online,31-Mar-2021 11:00 AM,Orissa Lift Irrigation Corporation||LI BALASORE||LI Division Jaleswar,JALESWAR BALASORE ODISHA,756032.0,1.0,"13,72,233",DAYANIDHI KABI,"1,166,535.14",Accepted-AOC,16-Jul-2021,Orissa Lift Irrigation Corporation||LI BALASORE||LI Division Jaleswar,C2_Irrigation,irrigation|lift irrigation|tw ,Unknown,False,False
2021_ORULB_65616_3,MC(CMC)CTC_Div-II_No5/2020-21,"Construction of RCC drain and cover slabs from Binod Jena to Mitu Jena house Debabrata Jena house to Sarbeswar Jena House, Paramananda Jena house to Tikina Jena house and from Lingraj Mallick house at Bisinabar in Ward No.37.","Construction of RCC drain and cover slabs from Binod Jena to Mitu Jena house Debabrata Jena house to Sarbeswar Jena House, Paramananda Jena house to Tikina Jena house and from Lingraj Mallick house at Bisinabar in Ward No.37.",Works,Open Tender,Percentage,Civil Works - Others,No,No,NA ,05-Feb-2021 12:00 PM,NA ,75.0,No ,No,Online,22-Feb-2021 10:00 AM,Municipal Bodies||Cuttack Municipal Corporation,CMC,753012.0,1.0,,Pabitra Mohanty,"489,693",Accepted-AOC,28-Jul-2021,Municipal Bodies||Cuttack Municipal Corporation,C1_WaterConservation,mit,Mitigation,False,False
2021_ORULB_67041_2,KNK_NAC_4(8)_2020-21,"Restoration/ Repairing of C.C road and Construction of R.C.C Drain from Maharana Samiti (Main road-Canara Bank Side lane) towards Dharmapada Colony ,W. No-10 ,","Restoration/ Repairing of C.C road and Construction of R.C.C Drain from Maharana Samiti (Main road-Canara Bank Side lane) towards Dharmapada Colony ,W. No-10 ,",Works,Open Tender,Percentage,Civil Works - Others,No,No,NA ,11-Mar-2021 10:00 AM,NA ,90.0,No ,No,Online,24-Mar-2021 01:00 PM,Municipal Bodies||Konark NAC,Maharana Samiti ward No 10,752111.0,1.0,,DEBASIS HARICHANDAN,"1,664,400",Accepted-AOC,01-Jul-2021,Municipal Bodies||Konark NAC,C1_WaterConservation,mit,DamageResponse,False,False
2021_ORULB_68226_3,KNK_NAC_1(5)_2021-22,"Construction of of M.S. Trusses Structure for GCI Sheet roofing of 2 TPD Micro Composting Centre over Plot No- 1599, 1602, Khat No- 415 near Helipad , Konark N.A.C, Konark","Construction of of M.S. Trusses Structure for GCI Sheet roofing of 2 TPD Micro Composting Centre over Plot No- 1599, 1602, Khat No- 415 near Helipad , Konark N.A.C, Konark",Works,Open Tender,Percentage,Civil Works - Buildings,No,No,NA ,10-May-2021 10:00 AM,NA ,90.0,No ,No,Online,21-May-2021 11:00 AM,Municipal Bodies||Konark NAC,Near Helipad,752111.0,1.0,,MADAN KUMAR ROUT,"1,183,300",Accepted-AOC,01-Jul-2021,Municipal Bodies||Konark NAC,C2_Irrigation,lip,Mitigation,False,False
2021_OSAMB_69101_1,RMC Jagatsinghpur-02/2021-22,Construction of 10 Nos. Small Godown Block A and B at Chatra Market Yard under RMC Jagatsinghpur Retender,Construction of 10 Nos. Small Godown Block A and B at Chatra Market Yard under RMC Jagatsinghpur Retender,Works,Open Tender,Percentage,Civil Works - Buildings,No,No,NA ,12-Jun-2021 12:00 PM,NA ,90.0,No ,No,Online,22-Jun-2021 11:30 AM,Odisha State Agricultural Marketing Board||RMC Jagatsinghpur,Chatra Jagatsinghpur,754103.0,1.0,,JAGADISH MALLICK,"2,726,403.73",Accepted-AOC,29-Jul-2021,Odisha State Agricultural Marketing Board||RMC Jagatsinghpur,C2_Irrigation,rmc,Mitigation,False,False
2021_PHEO_67765_1,02 OF 2021-22,"Creation of spot source, Construction of OGR and ancillary work for water supply to newly created area at Chandiasahi and East Kunjakanta, Sriram Nagar in Ward no-03 of Dhenkanal Municipality.","Creation of spot source, Construction of OGR and ancillary work for water supply to newly created area at Chandiasahi and East Kunjakanta, Sriram Nagar in Ward no-03 of Dhenkanal Municipality.",Works,Open Tender,Percentage,Civil Works - Water Works,No,No,NA ,15-Apr-2021 11:00 AM,NA ,90.0,No ,No,Online,27-Apr-2021 11:00 AM,PHEO||SEPH-CIRCLE-CUTTACK||PH Division Angul,DHENKANAL,759001.0,1.0,,Priyabrata Tripathy,"3,884,359",Accepted-AOC,08-Jul-2021,PHEO||SEPH-CIRCLE-CUTTACK||PH Division Angul,C5_ClimateSmartFarming,sri,Mitigation,False,False
2021_PHEO_67969_1,"SEPH-DIVISION, CTC-03 of 2021-22",Providing potable drinking water raising the platforms of hand pump tube wells during exigencies like flood Pattamundai Municipality,Providing potable drinking water raising the platforms of hand pump tube wells during exigencies like flood Pattamundai Municipality,Works,Open Tender,Percentage,Civil Works - Water Works,No,No,NA ,23-Apr-2021 11:00 AM,NA ,120.0,No ,No,Online,21-May-2021 11:00 AM,PHEO||SEPH-CIRCLE-CUTTACK||EEPH-DIVN-CUTTACK-II,"Mahanadivihar, Cuttack",753004.0,1.0,,ARPANA KUMAR BEHURA,"4,071,152",Accepted-AOC,02-Jul-2021,PHEO||SEPH-CIRCLE-CUTTACK||EEPH-DIVN-CUTTACK-II,C2_Irrigation,tube well,Mitigation,False,False
2018_OLIC_48655_1,Bid Identification No- 3414 Date. 07.08.2018,Revival of Pedagadi II RL under Kaptipada Block,Revival of Pedagadi II RL under Kaptipada Block,Works,National Competitive Bid,Item Rate,Civil Works - Lift Irrigation Schemes,No,No,NA ,16-Aug-2018 10:00 AM,NA ,365.0,No ,No,Offline,24-Aug-2018 11:00 AM,Orissa Lift Irrigation Corporation||LI BALASORE||LI Division Baripada,Baripada,757002.0,2.0,"13,41,315",MS AYUSH ENGINEERING AND COMPANY,"1,341,315",Accepted-AOC,25-Jan-2022,Orissa Lift Irrigation Corporation||LI BALASORE||LI Division Baripada,C2_Irrigation|C3_Drought,irrigation|lift irrigation|revival,Unknown,False,False
2018_OLIC_49622_16,Bid Identification No- 3734 Date. 06.09.2018,Installation and energisation of Singda III TW under Suliapada Block in Mayurbhanj District,Installation and energisation of Singda III TW under Suliapada Block in Mayurbhanj District,Works,National Competitive Bid,Item Rate,Civil Works - Lift Irrigation Schemes,No,No,NA ,24-Sep-2018 10:00 AM,NA ,365.0,No ,No,Offline,10-Oct-2018 11:00 AM,Orissa Lift Irrigation Corporation||LI BALASORE||LI Division Baripada,Baripada,757002.0,2.0,"9,88,343",M/S B.S.ENGINEERS AND CONSTRUCTION,"988,343",Accepted-AOC,24-Jan-2022,Orissa Lift Irrigation Corporation||LI BALASORE||LI Division Baripada,C2_Irrigation,irrigation|lift irrigation|tw ,Mitigation,False,False
2018_OLIC_49622_18,Bid Identification No- 3734 Date. 06.09.2018,Installation and energisation of Betanasia III TW under Rasgobindpur Block in Mayurbhanj District,Installation and energisation of Betanasia III TW under Rasgobindpur Block in Mayurbhanj District,Works,National Competitive Bid,Item Rate,Civil Works - Lift Irrigation Schemes,No,No,NA ,24-Sep-2018 10:00 AM,NA ,365.0,No ,No,Offline,10-Oct-2018 11:00 AM,Orissa Lift Irrigation Corporation||LI BALASORE||LI Division Baripada,Baripada,757002.0,2.0,"8,71,489",NABIN KUMAR PAL,"871,489",Accepted-AOC,25-Jan-2022,Orissa Lift Irrigation Corporation||LI BALASORE||LI Division Baripada,C2_Irrigation,irrigation|lift irrigation|tw ,Mitigation,False,False
2018_OLIC_49622_26,Bid Identification No- 3734 Date. 06.09.2018,Installation and energisation of Nahalamatha TW under Betnoti Block in Mayurbhanj District,Installation and energisation of Nahalamatha TW under Betnoti Block in Mayurbhanj District,Works,National Competitive Bid,Item Rate,Civil Works - Lift Irrigation Schemes,No,No,NA ,24-Sep-2018 10:00 AM,NA ,365.0,No ,No,Offline,10-Oct-2018 11:00 AM,Orissa Lift Irrigation Corporation||LI BALASORE||LI Division Baripada,Baripada,757002.0,2.0,"9,82,227",AMALENDU NAYAK,"982,227",Accepted-AOC,24-Jan-2022,Orissa Lift Irrigation Corporation||LI BALASORE||LI Division Baripada,C2_Irrigation,irrigation|lift irrigation|tw ,Mitigation,False,False
2018_OLIC_49622_30,Bid Identification No- 3734 Date. 06.09.2018,Installation and energisation of Tulosichoura I TW under Betnoti Block in Mayurbhanj District,Installation and energisation of Tulosichoura I TW under Betnoti Block in Mayurbhanj District,Works,National Competitive Bid,Item Rate,Civil Works - Lift Irrigation Schemes,No,No,NA ,24-Sep-2018 10:00 AM,NA ,365.0,No ,No,Offline,10-Oct-2018 11:00 AM,Orissa Lift Irrigation Corporation||LI BALASORE||LI Division Baripada,Baripada,757002.0,2.0,"8,07,172",AGARWALLA LIGHT HOUSE,"807,172",Accepted-AOC,24-Jan-2022,Orissa Lift Irrigation Corporation||LI BALASORE||LI Division Baripada,C2_Irrigation,irrigation|lift irrigation|tw ,Mitigation,False,False
2018_OLIC_49622_31,Bid Identification No- 3734 Date. 06.09.2018,Installation and energisation of Tulosichoura II TW under Betnoti Block in Mayurbhanj District,Installation and energisation of Tulosichoura II TW under Betnoti Block in Mayurbhanj District,Works,National Competitive Bid,Item Rate,Civil Works - Lift Irrigation Schemes,No,No,NA ,24-Sep-2018 10:00 AM,NA ,365.0,No ,No,Offline,10-Oct-2018 11:00 AM,Orissa Lift Irrigation Corporation||LI BALASORE||LI Division Baripada,Baripada,757002.0,2.0,"8,73,424",AGARWALLA LIGHT HOUSE,"873,424",Accepted-AOC,24-Jan-2022,Orissa Lift Irrigation Corporation||LI BALASORE||LI Division Baripada,C2_Irrigation,irrigation|lift irrigation|tw ,Mitigation,False,False
2018_OLIC_49622_33,Bid Identification No- 3734 Date. 06.09.2018,Installation and energisation of Bhramargula I RL under Betnoti Block in Mayurbhanj District,Installation and energisation of Bhramargula I RL under Betnoti Block in Mayurbhanj District,Works,National Competitive Bid,Item Rate,Civil Works - Lift Irrigation Schemes,No,No,NA ,24-Sep-2018 10:00 AM,NA ,365.0,No ,No,Offline,10-Oct-2018 11:00 AM,Orissa Lift Irrigation Corporation||LI BALASORE||LI Division Baripada,Baripada,757002.0,2.0,"15,22,462",Gopinath Das,"1,522,462",Accepted-AOC,24-Jan-2022,Orissa Lift Irrigation Corporation||LI BALASORE||LI Division Baripada,C2_Irrigation,irrigation|lift irrigation,Mitigation,False,False
2018_OLIC_49622_4,Bid Identification No- 3734 Date. 06.09.2018,Installation and energisation of Morada IV TW under Morada Block in Mayurbhanj District,Installation and energisation of Morada IV TW under Morada Block in Mayurbhanj District,Works,National Competitive Bid,Item Rate,Civil Works - Lift Irrigation Schemes,No,No,NA ,24-Sep-2018 10:00 AM,NA ,365.0,No ,No,Offline,10-Oct-2018 11:00 AM,Orissa Lift Irrigation Corporation||LI BALASORE||LI Division Baripada,Baripada,757002.0,2.0,"8,49,033",KARTIKA CHANDRA PUSTI,"849,033",Accepted-AOC,25-Jan-2022,Orissa Lift Irrigation Corporation||LI BALASORE||LI Division Baripada,C2_Irrigation,irrigation|lift irrigation|tw ,Mitigation,False,False
2018_OLIC_49622_6,Bid Identification No- 3734 Date. 06.09.2018,Installation and energisation of Ajan I TW under Morada Block in Mayurbhanj District,Installation and energisation of Ajan I TW under Morada Block in Mayurbhanj District,Works,National Competitive Bid,Item Rate,Civil Works - Lift Irrigation Schemes,No,No,NA ,24-Sep-2018 10:00 AM,NA ,365.0,No ,No,Offline,10-Oct-2018 11:00 AM,Orissa Lift Irrigation Corporation||LI BALASORE||LI Division Baripada,Baripada,757002.0,2.0,"8,69,848",MS MAA BHUDARCHANDI ELECTRICAL,"869,848",Accepted-AOC,25-Jan-2022,Orissa Lift Irrigation Corporation||LI BALASORE||LI Division Baripada,C2_Irrigation,irrigation|lift irrigation|tw ,Mitigation,False,False
2018_OLIC_50605_11,Bid Identification No- 4177 Date. 01.11.2018,Installation and Energisation of Agada II TW LIP under Betnoti Block in Mayurbhanj District,Installation and Energisation of Agada II TW LIP under Betnoti Block in Mayurbhanj District,Works,National Competitive Bid,Percentage,Civil Works - Lift Irrigation Schemes,No,No,NA ,13-Nov-2018 10:00 AM,NA ,365.0,No ,No,Offline,27-Nov-2018 11:00 AM,Orissa Lift Irrigation Corporation||LI BALASORE||LI Division Baripada,Baripada,757002.0,2.0,"7,86,577",DINESH KUMAR AGARWALA,"786,577",Accepted-AOC,24-Jan-2022,Orissa Lift Irrigation Corporation||LI BALASORE||LI Division Baripada,C2_Irrigation,irrigation|lift irrigation|lip|tw ,Mitigation,False,False
2018_OLIC_50605_3,Bid Identification No- 4177 Date. 01.11.2018,Installation and Energisation of Dhobanisole III TW LIP under Suliapada Block in Mayurbhanj District,Installation and Energisation of Dhobanisole III TW LIP under Suliapada Block in Mayurbhanj District,Works,National Competitive Bid,Percentage,Civil Works - Lift Irrigation Schemes,No,No,NA ,13-Nov-2018 10:00 AM,NA ,365.0,No ,No,Offline,27-Nov-2018 11:00 AM,Orissa Lift Irrigation Corporation||LI BALASORE||LI Division Baripada,Baripada,757002.0,2.0,"9,29,775",BAISAKHICONSTRUCTION P LDT,"929,775",Accepted-AOC,24-Jan-2022,Orissa Lift Irrigation Corporation||LI BALASORE||LI Division Baripada,C2_Irrigation,irrigation|lift irrigation|lip|tw ,Mitigation,False,False
2018_OLIC_50605_4,Bid Identification No- 4177 Date. 01.11.2018,Installation and Energisation of Banakati TW LIP under Suliapada Block in Mayurbhanj District,Installation and Energisation of Banakati TW LIP under Suliapada Block in Mayurbhanj District,Works,National Competitive Bid,Percentage,Civil Works - Lift Irrigation Schemes,No,No,NA ,13-Nov-2018 10:00 AM,NA ,365.0,No ,No,Offline,27-Nov-2018 11:00 AM,Orissa Lift Irrigation Corporation||LI BALASORE||LI Division Baripada,Baripada,757002.0,2.0,"8,72,741",BAISAKHICONSTRUCTION P LDT,"872,741",Accepted-AOC,24-Jan-2022,Orissa Lift Irrigation Corporation||LI BALASORE||LI Division Baripada,C2_Irrigation,irrigation|lift irrigation|lip|tw ,Mitigation,False,False
2018_ORULB_45907_11,NAC-Daspalla/01/2018-19,Construction of Dhoba Sahi Community Center in W.no-2. Sl. No. 11,Construction of Dhoba Sahi Community Center in W.no-2. Sl. No. 11,Works,Open Tender,Percentage,Civil Works - Others,No,No,NA ,17-Apr-2018 10:00 AM,NA ,60.0,No ,No,Online,24-Apr-2018 11:00 AM,Municipal Bodies||Daspalla NAC,"NAC, Daspalla",752084.0,1.0,"2,00,000",SARAT KUMAR BEHERA,"198,430",Accepted-AOC,12-Jan-2022,Municipal Bodies||Daspalla NAC,C8_Scheme,omm,Mitigation,False,False
2018_ORULB_45907_39,NAC-Daspalla/01/2018-19,Construction of Community Center at Panasapatna in W.no-13. Sl. No. 39,Construction of Community Center at Panasapatna in W.no-13. Sl. No. 39,Works,Open Tender,Percentage,Civil Works - Others,No,No,NA ,17-Apr-2018 10:00 AM,NA ,60.0,No ,No,Online,24-Apr-2018 11:00 AM,Municipal Bodies||Daspalla NAC,"NAC, Daspalla",752084.0,1.0,"3,00,000",SARAT KUMAR BEHERA,"297,361",Accepted-AOC,12-Jan-2022,Municipal Bodies||Daspalla NAC,C8_Scheme,omm,Mitigation,False,False
2018_ORULB_45907_8,NAC-Daspalla/01/2018-19,Construction of Community Center at Parida Sahi W.no-1. Sl. No. 08,Construction of Community Center at Parida Sahi W.no-1. Sl. No. 08,Works,Open Tender,Percentage,Civil Works - Others,No,No,NA ,17-Apr-2018 10:00 AM,NA ,60.0,No ,No,Online,24-Apr-2018 11:00 AM,Municipal Bodies||Daspalla NAC,"NAC, Daspalla",752084.0,1.0,"2,00,000",SARAT KUMAR BEHERA,"198,201",Accepted-AOC,19-Jan-2022,Municipal Bodies||Daspalla NAC,C8_Scheme,omm,Mitigation,False,False
2020_CELBB_64435_9,MND-04 OF 2020-21,Protection to scoured bank near Bhuasuni Chhaka near Kayalpada Gherry on Mahanadi left embankment for the year 2020-21,Protection to scoured bank near Bhuasuni Chhaka near Kayalpada Gherry on Mahanadi left embankment for the year 2020-21,Works,National Competitive Bid,Percentage,Civil Works - Others,No,No,NA ,08-Dec-2020 10:00 AM,NA ,90.0,No ,No,Online,15-Dec-2020 11:30 AM,"CE-BM,LMB Basin,BBSR||SE, Eastern Circle,Cuttack||EE, Mahanadi North Division,Jagatpur",NURTANG,754021.0,1.0,,Alekha Chandra Bastia,"1,463,163",Accepted-AOC,12-Jan-2022,"CE-BM,LMB Basin,BBSR||SE, Eastern Circle,Cuttack||EE, Mahanadi North Division,Jagatpur",C4_FloodCyclone,embankment,Unknown,False,False
2021_CCEAB_71382_1,CCEABP 06 OF 2021-22,Extended protection work to DS of Anandapur Barrage from RD 1600m to RD 2500m on the Right Bank of Baitarani river.,Extended protection work to DS of Anandapur Barrage from RD 1600m to RD 2500m on the Right Bank of Baitarani river.,Works,National Competitive Bid,Percentage,Civil Works - Others,No,No,NA ,28-Sep-2021 11:30 AM,NA ,90.0,No ,No,Online,18-Oct-2021 11:30 AM,"CCE,Anandapur Barrage Project||CCE,Anandapur||NA","CCE, A.B.Project, Salapada, Keonjhar, Odisha",758020.0,2.0,"53,19,16,205",BIJOY BUILDCONS PVT. LTD.,"478,777,776",Accepted-AOC,06-Jan-2022,"CCE,Anandapur Barrage Project||CCE,Anandapur||NA",C2_Irrigation,barrage,Unknown,False,False
2021_CEBMB_71926_4,ACEVNB-01/2021-22,Flood protection work on right flood bank of River Vansadhara near village Limapadar in Rayagada District.,Flood protection work,Works,Open Tender,Percentage,Civil Works - Others,No,No,NA ,26-Oct-2021 10:00 AM,NA ,90.0,No ,No,Online,10-Nov-2021 11:30 AM,"CE-BM,RVN Basin,Berhampur||SE Southern Irr Circle II Paralakhemundi",Limapadar,765024.0,2.0,"3,92,88,000",AKHIL KUMAR DAS,"33,399,029",Accepted-AOC,27-Jan-2022,"CE-BM,RVN Basin,Berhampur||SE Southern Irr Circle II Paralakhemundi",C2_Irrigation|C4_FloodCyclone,flood protection|irr ,Unknown,False,False
2021_CEBML_73721_1,03MBJ/2021-22(6),"Restoration to breach closing, raising and strengthening of TRE on right bank of river Gangahar near village Chengua Mangalpur",protection work,Works,National Competitive Bid,Percentage,Civil Works - Others,No,No,NA ,14-Dec-2021 10:00 AM,NA ,90.0,No ,No,Online,24-Dec-2021 11:00 AM,"CE-BM,BSB Basin,Laxmiposi||SE,Baripada Irr.Circle,Takatpur||EE Rairangpur Irr. Divn. Rairangpur",Baripada,757002.0,1.0,"23,56,858",BIKRAM KUMAR SENAPATI,"2,003,565.24",Accepted-AOC,27-Jan-2022,"CE-BM,BSB Basin,Laxmiposi||SE,Baripada Irr.Circle,Takatpur||EE Rairangpur Irr. Divn. Rairangpur",C1_WaterConservation,mip,Unknown,False,False
2021_CELBB_72498_1,e-Procurement Notice No.ACECIC-07/2021-22,Construction of Balance work of Right Main Canal from RD.965.00m to RD 12050.00m of Rajua Diversion Weir Project for the year 2021-22.,Canal work,Works,National Competitive Bid,Percentage,Civil Works - Canal,No,No,NA ,11-Nov-2021 10:00 AM,NA ,90.0,No ,No,Online,29-Nov-2021 11:00 AM,"CE-BM,LMB Basin,BBSR||SE, Central Irr.Circle, BBSR",Block-Kanas Dist-Puri,752017.0,2.0,,MANORANJAN RAUT,"13,465,083",Accepted-AOC,13-Jan-2022,"CE-BM,LMB Basin,BBSR||SE, Central Irr.Circle, BBSR",C2_Irrigation,canal,Unknown,False,False
2021_CEUK_73449_1,SE-NID-04/2021-22 (01-03)(3),3. Protection to right bank of Iver Potteru near Asharam School of Girkanpali of podia Block of Malkanagiri District,Protection work,Works,Open Tender,Percentage,Civil Works - Roads,No,No,NA ,06-Dec-2021 02:00 PM,NA ,90.0,No ,No,Online,14-Dec-2021 11:00 AM,"CE, U Indravati Irr.Project,Khatiguda||SE,Right Canal Circle,Mukhiguda||EE Nawarangapur Irr. Divn. Nawarangapur",NABARANGPUR,764059.0,2.0,"50,16,327",ABINASH PADHIARY,"4,264,379.17",Accepted-AOC,03-Jan-2022,"CE, U Indravati Irr.Project,Khatiguda||SE,Right Canal Circle,Mukhiguda||EE Nawarangapur Irr. Divn. Nawarangapur",C2_Irrigation,canal,Unknown,False,False
2021_OLIC_71563_19,e-Procurement BID ID No. 06/2021-22,Revival of Kaliahata-I L.I. Project under Telkoi block in Keonjhar district,Revival of Kaliahata-I L.I. Project under Telkoi block in Keonjhar district,Works,National Competitive Bid,Percentage,Civil Works - Lift Irrigation Schemes,No,No,NA ,05-Oct-2021 04:00 PM,NA ,180.0,No ,No,Online,21-Oct-2021 11:00 AM,Orissa Lift Irrigation Corporation||LI ANGUL||LI Division Keonjhar,Keonjhar,758001.0,1.0,,DUKHABANDHU SETHY,"1,233",Accepted-AOC,13-Jan-2022,Orissa Lift Irrigation Corporation||LI ANGUL||LI Division Keonjhar,C2_Irrigation|C3_Drought,irrigation|l.i.|l.i. project|lift irrigation|revival,Unknown,False,False
2021_OLIC_71764_3,e-Procurement BID ID No. 07 EELID (KJR/2021-22),"Revival of Dudugaon, Karagola-II, Gobindpur-I, Gobindpur-II and Adohoria TW L.I. Project under Hatadihi block in Keonjhar district","Drilling of Tubewell, Electrification and Energisation of Dudugaon, Karagola-II, Gobindpur-I, Gobindpur-II and Adohoria TW L.I. Projects under Hatadihi block in Keonjhar district",Works,National Competitive Bid,Percentage,Civil Works - Lift Irrigation Schemes,No,No,NA ,18-Oct-2021 10:00 AM,NA ,180.0,No ,No,Online,30-Oct-2021 11:00 AM,Orissa Lift Irrigation Corporation||LI ANGUL||LI Division Keonjhar,Keonjhar,758001.0,2.0,,DINESH KUMAR AGARWALA,1.0,Accepted-AOC,13-Jan-2022,Orissa Lift Irrigation Corporation||LI ANGUL||LI Division Keonjhar,C2_Irrigation,irrigation|l.i.|l.i. project|lift irrigation|tw ,Unknown,False,False
2021_OLIC_71764_4,e-Procurement BID ID No. 07 EELID (KJR/2021-22),"Revival of Balabhadrapur-I, Balabhadrapur-II, Balabhadrapur-III, Panchagochhia-II and Panchagochhia-III TW L.I. Project under Hatadihi block in Keonjhar district","Drilling of Tubewell, Electrification and Energisation of Balabhadrapur-I, Balabhadrapur-II, Balabhadrapur-III, Panchagochhia-II and Panchagochhia-III TW L.I. Projects under Hatadihi block in Keonjhar district",Works,National Competitive Bid,Percentage,Civil Works - Lift Irrigation Schemes,No,No,NA ,18-Oct-2021 10:00 AM,NA ,180.0,No ,No,Online,30-Oct-2021 11:00 AM,Orissa Lift Irrigation Corporation||LI ANGUL||LI Division Keonjhar,Keonjhar,758001.0,2.0,,DINESH KUMAR AGARWALA,0.0,Accepted-AOC,13-Jan-2022,Orissa Lift Irrigation Corporation||LI ANGUL||LI Division Keonjhar,C2_Irrigation,irrigation|l.i.|l.i. project|lift irrigation|tw ,Unknown,False,False
2021_OLIC_71764_6,e-Procurement BID ID No. 07 EELID (KJR/2021-22),"Revival of Gedama-I, Gedama-II, Gedama-III, Beitira and Jambhira-II TW L.I. Project under Hatadihi block in Keonjhar district","Drilling of Tubewell, Electrification and Energisation of Gedama-I, Gedama-II, Gedama-III, Beitira and Jambhira-II TW L.I. Projects under Hatadihi block in Keonjhar district",Works,National Competitive Bid,Percentage,Civil Works - Lift Irrigation Schemes,No,No,NA ,18-Oct-2021 10:00 AM,NA ,180.0,No ,No,Online,30-Oct-2021 11:00 AM,Orissa Lift Irrigation Corporation||LI ANGUL||LI Division Keonjhar,Keonjhar,758001.0,2.0,,DINESH KUMAR AGARWALA,"5,465,164",Accepted-AOC,13-Jan-2022,Orissa Lift Irrigation Corporation||LI ANGUL||LI Division Keonjhar,C2_Irrigation,irrigation|l.i.|l.i. project|lift irrigation|tw ,Unknown,False,False
2021_OLIC_72007_4,OLIC-BLGR-15/2021-22,Revival of Salepali-IV defunct L.I. Project under Deogaon Block (Sate Plan Fund).,Revival of Salepali-IV defunct L.I. Project under Deogaon Block (Sate Plan Fund).,Works,Open Tender,Percentage,Civil Works - Lift Irrigation Schemes,No,No,NA ,28-Oct-2021 11:00 AM,NA ,90.0,No ,No,Online,08-Nov-2021 11:00 AM,Orissa Lift Irrigation Corporation||LI Western Circle Bhawanipatna||LI Division Bolangir,Balangir,767001.0,1.0,"13,94,064",BANCHHA SETH,"1,254,797",Accepted-AOC,24-Jan-2022,Orissa Lift Irrigation Corporation||LI Western Circle Bhawanipatna||LI Division Bolangir,C2_Irrigation|C3_Drought,defunct|irrigation|l.i.|l.i. project|lift irrigation|revival,Unknown,False,False
2021_OLIC_74233_1,BID ID NO. 3647 (OLIC/2021-22) DATED 10.12.2021,Revival of Jhinkipahadi RL LIP under Bangriposi Block in Mayurbhanj District,Revival of Jhinkipahadi RL LIP under Bangriposi Block in Mayurbhanj District,Services,Open Tender,Percentage,Miscellaneous Services,No,No,NA ,20-Dec-2021 10:00 AM,NA ,365.0,No ,No,Online,28-Dec-2021 11:00 AM,Orissa Lift Irrigation Corporation||LI BALASORE||LI Division Baripada,Baripada,757002.0,1.0,"16,23,565",BIBEKANANDA PRADHAN,"1,623,565",Accepted-AOC,17-Jan-2022,Orissa Lift Irrigation Corporation||LI BALASORE||LI Division Baripada,C2_Irrigation|C3_Drought,irrigation|lift irrigation|lip|revival,Unknown,False,False
2021_OLIC_74233_11,BID ID NO. 3647 (OLIC/2021-22) DATED 10.12.2021,Revival of Adapal RL LIP under Udala Block in Mayurbhanj District,Revival of Adapal RL LIP under Udala Block in Mayurbhanj District,Services,Open Tender,Percentage,Miscellaneous Services,No,No,NA ,20-Dec-2021 10:00 AM,NA ,365.0,No ,No,Online,28-Dec-2021 11:00 AM,Orissa Lift Irrigation Corporation||LI BALASORE||LI Division Baripada,Baripada,757002.0,1.0,"16,25,518",GOPINATH DAS,"1,625,518",Accepted-AOC,17-Jan-2022,Orissa Lift Irrigation Corporation||LI BALASORE||LI Division Baripada,C2_Irrigation|C3_Drought,irrigation|lift irrigation|lip|revival,Unknown,False,False
2021_OLIC_74233_13,BID ID NO. 3647 (OLIC/2021-22) DATED 10.12.2021,Revival of Masundia-II RL LIP under Udala Block in Mayurbhanj District,Revival of Masundia-II RL LIP under Udala Block in Mayurbhanj District,Services,Open Tender,Percentage,Miscellaneous Services,No,No,NA ,20-Dec-2021 10:00 AM,NA ,365.0,No ,No,Online,28-Dec-2021 11:00 AM,Orissa Lift Irrigation Corporation||LI BALASORE||LI Division Baripada,Baripada,757002.0,1.0,"15,80,794",MS AYUSH ENGINEERING AND COMPANY,"1,580,794",Accepted-AOC,17-Jan-2022,Orissa Lift Irrigation Corporation||LI BALASORE||LI Division Baripada,C2_Irrigation|C3_Drought,irrigation|lift irrigation|lip|revival,Unknown,False,False
2021_OLIC_74233_15,BID ID NO. 3647 (OLIC/2021-22) DATED 10.12.2021,Revival of Badhi-III RL LIP under Rasgobindpur Block in Mayurbhanj District,Revival of Badhi-III RL LIP under Rasgobindpur Block in Mayurbhanj District,Services,Open Tender,Percentage,Miscellaneous Services,No,No,NA ,20-Dec-2021 10:00 AM,NA ,365.0,No ,No,Online,28-Dec-2021 11:00 AM,Orissa Lift Irrigation Corporation||LI BALASORE||LI Division Baripada,Baripada,757002.0,1.0,"15,33,609",AJAY KUMAR GIRI,"1,533,609",Accepted-AOC,17-Jan-2022,Orissa Lift Irrigation Corporation||LI BALASORE||LI Division Baripada,C2_Irrigation|C3_Drought,irrigation|lift irrigation|lip|revival,Unknown,False,False
2021_OLIC_74233_3,BID ID NO. 3647 (OLIC/2021-22) DATED 10.12.2021,Revival of Hatikote TW LIP under Baripada Block in Mayurbhanj District,Revival of Hatikote TW LIP under Baripada Block in Mayurbhanj District,Services,Open Tender,Percentage,Miscellaneous Services,No,No,NA ,20-Dec-2021 10:00 AM,NA ,365.0,No ,No,Online,28-Dec-2021 11:00 AM,Orissa Lift Irrigation Corporation||LI BALASORE||LI Division Baripada,Baripada,757002.0,1.0,"14,65,087",DINESH KUMAR AGARWALA,"1,465,087",Accepted-AOC,17-Jan-2022,Orissa Lift Irrigation Corporation||LI BALASORE||LI Division Baripada,C2_Irrigation|C3_Drought,irrigation|lift irrigation|lip|revival|tw ,Unknown,False,False
2021_OLIC_74233_4,BID ID NO. 3647 (OLIC/2021-22) DATED 10.12.2021,Revival of Khadikapada RL LIP under Badasahi Block in Mayurbhanj District,Revival of Khadikapada RL LIP under Badasahi Block in Mayurbhanj District,Services,Open Tender,Percentage,Miscellaneous Services,No,No,NA ,20-Dec-2021 10:00 AM,NA ,365.0,No ,No,Online,28-Dec-2021 11:00 AM,Orissa Lift Irrigation Corporation||LI BALASORE||LI Division Baripada,Baripada,757002.0,1.0,"15,66,939",BHAVANI SHANKAR SAHU,"1,566,939",Accepted-AOC,17-Jan-2022,Orissa Lift Irrigation Corporation||LI BALASORE||LI Division Baripada,C2_Irrigation|C3_Drought,irrigation|lift irrigation|lip|revival,Unknown,False,False
2021_OLIC_74233_5,BID ID NO. 3647 (OLIC/2021-22) DATED 10.12.2021,Revival of Manatri-I RL LIP under Badasahi Block in Mayurbhanj District,Revival of Manatri-I RL LIP under Badasahi Block in Mayurbhanj District,Services,Open Tender,Percentage,Miscellaneous Services,No,No,NA ,20-Dec-2021 10:00 AM,NA ,365.0,No ,No,Online,28-Dec-2021 11:00 AM,Orissa Lift Irrigation Corporation||LI BALASORE||LI Division Baripada,Baripada,757002.0,1.0,"15,68,442",BHAVANI SHANKAR SAHU,"1,568,442",Accepted-AOC,17-Jan-2022,Orissa Lift Irrigation Corporation||LI BALASORE||LI Division Baripada,C2_Irrigation|C3_Drought,irrigation|lift irrigation|lip|revival,Unknown,False,False
2021_OLIC_74233_7,BID ID NO. 3647 (OLIC/2021-22) DATED 10.12.2021,Revival of Jadipal -I TW LIP under Badasahi Block in Mayurbhanj District,Revival of Jadipal -I TW LIP under Badasahi Block in Mayurbhanj District,Services,Open Tender,Percentage,Miscellaneous Services,No,No,NA ,20-Dec-2021 10:00 AM,NA ,365.0,No ,No,Online,28-Dec-2021 11:00 AM,Orissa Lift Irrigation Corporation||LI BALASORE||LI Division Baripada,Baripada,757002.0,1.0,"12,83,286",M/S.BAISAKHI CONSTRUCTION PVT.LTD,"1,283,286",Accepted-AOC,17-Jan-2022,Orissa Lift Irrigation Corporation||LI BALASORE||LI Division Baripada,C2_Irrigation|C3_Drought,irrigation|lift irrigation|lip|revival|tw ,Unknown,False,False
2021_OLIC_74233_8,BID ID NO. 3647 (OLIC/2021-22) DATED 10.12.2021,Revival of Dighi RL LIP under G.B Nagar Block in Mayurbhanj District,Revival of Dighi RL LIP under G.B Nagar Block in Mayurbhanj District,Services,Open Tender,Percentage,Miscellaneous Services,No,No,NA ,20-Dec-2021 10:00 AM,NA ,365.0,No ,No,Online,28-Dec-2021 11:00 AM,Orissa Lift Irrigation Corporation||LI BALASORE||LI Division Baripada,Baripada,757002.0,1.0,"15,55,928",NABIN KUMAR PAL,"1,555,928",Accepted-AOC,17-Jan-2022,Orissa Lift Irrigation Corporation||LI BALASORE||LI Division Baripada,C2_Irrigation|C3_Drought,irrigation|lift irrigation|lip|revival,Unknown,False,False
2021_OLIC_74233_9,BID ID NO. 3647 (OLIC/2021-22) DATED 10.12.2021,Revival of Balijoda RL LIP under G.B Nagar Block in Mayurbhanj District,Revival of Balijoda RL LIP under G.B Nagar Block in Mayurbhanj District,Services,Open Tender,Percentage,Miscellaneous Services,No,No,NA ,20-Dec-2021 10:00 AM,NA ,365.0,No ,No,Online,28-Dec-2021 11:00 AM,Orissa Lift Irrigation Corporation||LI BALASORE||LI Division Baripada,Baripada,757002.0,1.0,"15,90,149",M/S.BAISAKHI CONSTRUCTION PVT.LTD,"1,590,149",Accepted-AOC,17-Jan-2022,Orissa Lift Irrigation Corporation||LI BALASORE||LI Division Baripada,C2_Irrigation|C3_Drought,irrigation|lift irrigation|lip|revival,Unknown,False,False
2021_OPEPA_71637_120,BID IDENTIFICATION NO DPC/SS/SNG/06 OF 2021-22,Improvement of Infrastructure Civil Electrical PH Repair Renovation in the School SRIKRISHNA HIGH SCHOOL RAJPUR UNDER SUBDEGA,Improvement of Infrastructure Civil Electrical PH Repair Renovation in the School SRIKRISHNA HIGH SCHOOL RAJPUR UNDER SUBDEGA,Works,Open Tender,Percentage,Civil Works - Buildings,No,No,NA ,11-Oct-2021 10:00 AM,NA ,90.0,No ,No,Online,27-Oct-2021 10:00 AM,OPEPA Bhubaneswar||Samagra Shiksha Sundargarh,SUNDARGARH,770001.0,2.0,"1,79,00,586",ANANTA BHOI,"16,112,317.92",Accepted-AOC,12-Jan-2022,OPEPA Bhubaneswar||Samagra Shiksha Sundargarh,C5_ClimateSmartFarming,sri,DamageResponse,False,False
2021_ORULB_72963_3,KNK_NAC_4(32)_2021-22,"Construction of C.C Road from (a) Nalini Jena house to Parbati Rao house (b) Suresh Mohapatra house to Basudev Swain house at Dharmapada Colony in Maharana Samiti road slum Ward No-10, Konark N.A.C","Construction of C.C Road from (a) Nalini Jena house to Parbati Rao house (b) Suresh Mohapatra house to Basudev Swain house at Dharmapada Colony in Maharana Samiti road slum Ward No-10, Konark N.A.C",Works,Open Tender,Percentage,Civil Works - Roads,No,No,NA ,24-Nov-2021 10:00 AM,29-Nov-2021 12:00 PM ,90.0,No ,No,Online,04-Dec-2021 11:00 AM,Municipal Bodies||Konark NAC,Dharmapada Colony Ward No 10,752111.0,1.0,"3,38,414",DEBENDRANATH MAHARI,"322,208",Accepted-AOC,13-Jan-2022,Municipal Bodies||Konark NAC,C1_WaterConservation,mit,Mitigation,False,False
2021_SERIF_71808_13,VI-38(06)/SERIFED/2021-22/ 1339,"Construction of Common Facility Centre at Chandimata WCS, Cuttack.","Construction of Common Facility Centre at Chandimata WCS, Cuttack.",Works,Open Tender,Item Rate,Civil Works - Buildings,No,No,NA ,21-Oct-2021 06:55 PM,NA ,90.0,No ,No,Online,29-Oct-2021 11:30 AM,Odisha Cooperative Tasar and Silk Federation LTD,"Chandimata WCS, Cuttack",753002.0,1.0,,BISWAJIT BHARATI,"1,009,971.81",Accepted-AOC,07-Jan-2022,Odisha Cooperative Tasar and Silk Federation LTD,C8_Scheme,omm,Mitigation,False,False
2021_SERIF_71912_7,VI-36(07)/SERIFED/2021-22/ 1142,"Renovation of Office room and Dormitory at Nilachal Urban Haat, Puri.","Renovation of Office room and Dormitory at Nilachal Urban Haat, Puri.",Works,Open Tender,Item Rate,Civil Works - Others,No,No,NA ,25-Oct-2021 06:55 PM,NA ,90.0,No ,No,Online,06-Nov-2021 11:30 AM,Odisha Cooperative Tasar and Silk Federation LTD,Puri,752001.0,1.0,,BISWAJIT BHARATI,"1,757,639.41",Accepted-AOC,31-Jan-2022,Odisha Cooperative Tasar and Silk Federation LTD,C1_WaterConservation,mit,Unknown,False,False
2021_WATCO_73362_1,WATCO (W)-25/ 2021-22 Dt.30.11.2021,"Supply, Installation, Testing and Commissioning of DG set (Fixed Type) for emergency to be used in Odisha Water Academy, Basuaghai, Bhubaneswar","Supply, Installation, Testing and Commissioning of DG set (Fixed Type) for emergency to be used in Odisha Water Academy, Basuaghai, Bhubaneswar",Works,National Competitive Bid,Percentage,Civil Works - Water Works,No,No,NA ,07-Dec-2021 11:00 AM,NA ,120.0,No ,No,Online,17-Dec-2021 12:30 PM,WATCO Bhubaneswar,Bhubaneswar,751022.0,1.0,"7,00,000",FORTUNE IMPEX,"734,930",Accepted-AOC,20-Jan-2022,WATCO Bhubaneswar,C8_Scheme,omm,DamageResponse,False,False
2019_OLIC_53814_5,04/2018-19,B.Nuagaon STW,Installation and Energisation of Lift Irrigation Project,Works,Open Tender,Item Rate,Civil Works - Lift Irrigation Schemes,No,No,NA ,18-Feb-2019 11:00 AM,NA ,270.0,No ,No,Online,27-Feb-2019 11:00 AM,Orissa Lift Irrigation Corporation||LI Southern Circle Berhampur||LI Division Berhampur,B.Nuagaon of Patrapur Block,760006.0,1.0,"8,99,000",P.N.Patro,"916,625.04",Accepted-AOC,02-Dec-2021,Orissa Lift Irrigation Corporation||LI Southern Circle Berhampur||LI Division Berhampur,C2_Irrigation,irrigation|lift irrigation,Mitigation,False,False
2020_CEBML_63413_1,"05 / 20-21 of CEBM, SBB, Laxmiposi","EXCAVATION OF HALADIA RIGHT MAIN DISTRIBUTARY FROM R.D. 7316M TO 8114M AND JAMDA DISTRIBUTARY FROM R.D.00 TO 2190M INCLUDING C.C.LINING, STRUCTURES AND SERVICE ROAD.",Earth work concrete work lining work structure work etc.,Works,National Competitive Bid,Percentage,Civil Works - Canal,No,No,NA ,21-Oct-2020 10:00 AM,03-Nov-2020 11:30 AM ,90.0,No ,No,Online,10-Nov-2020 11:00 AM,"CE-BM,BSB Basin,Laxmiposi",Block Kuliana Mayurbhanj,757030.0,2.0,"26,26,76,576",KASHIKANCHAN PVT LTD,"223,301,357.67",Accepted-AOC,20-Dec-2021,"CE-BM,BSB Basin,Laxmiposi",C1_WaterConservation,mip,Unknown,False,False
2021_CCEJE_72105_1,SEUKID 02 /2021-22 (SL 37 ),Construction of VRB at RD 15.850 Km and providing protection wall at scoured bank of PakhangudaDisty,CANAL STRUCTURAL WORKS,Works,Open Tender,Percentage,Civil Works - Canal,No,No,NA ,01-Nov-2021 11:00 AM,NA ,90.0,No ,No,Online,12-Nov-2021 11:00 AM,"CCE,Upper Kolab Project,Jeypore||CCE,Upper Kolab Project, Bariniput||EE, Upper Kolab Irrigation Divn IV, Boriguma",BORIGUMMA,764056.0,1.0,"7,36,765",D SEKHAR RAO,"626,324",Accepted-AOC,22-Dec-2021,"CCE,Upper Kolab Project,Jeypore||CCE,Upper Kolab Project, Bariniput||EE, Upper Kolab Irrigation Divn IV, Boriguma",C2_Irrigation,canal|irrigation,Unknown,False,False
2021_CCEJE_72106_1,SEUKID 02 /2021-22 (SL 36 ),"Construction of Fall No I at RD0.030 Km, providing Trough wall in between RD 00 to 0.45 Km and bank filling in between RD 0.100 Km to 0.600 Km of UmerapandiSubMinor.",CANAL STRUCTURAL WORKS,Works,Open Tender,Percentage,Civil Works - Canal,No,No,NA ,01-Nov-2021 11:00 AM,NA ,90.0,No ,No,Online,12-Nov-2021 11:00 AM,"CCE,Upper Kolab Project,Jeypore||CCE,Upper Kolab Project, Bariniput||EE, Upper Kolab Irrigation Divn IV, Boriguma",BORIGUMMA,764056.0,1.0,"7,09,110",ANUPAMA PANDA,"602,814",Accepted-AOC,22-Dec-2021,"CCE,Upper Kolab Project,Jeypore||CCE,Upper Kolab Project, Bariniput||EE, Upper Kolab Irrigation Divn IV, Boriguma",C2_Irrigation,canal|irrigation,Unknown,False,False
2021_CCEJE_72131_1,SEUKID 02 /2021-22 (SL 26),Construction of cattle passage at RD 4.700Km U/S of CD No-8 of Batasana Distributary.,CANAL STRUCTURAL WORK,Works,Open Tender,Percentage,Civil Works - Canal,No,No,NA ,01-Nov-2021 11:00 AM,NA ,90.0,No ,No,Online,12-Nov-2021 11:00 AM,"CCE,Upper Kolab Project,Jeypore||CCE,Upper Kolab Project, Bariniput||EE, Upper Kolab Irrigation Divn IV, Boriguma",BORIGUMMA,764056.0,1.0,"5,27,164",Asok Kumar Bhuyan,"448,142",Accepted-AOC,22-Dec-2021,"CCE,Upper Kolab Project,Jeypore||CCE,Upper Kolab Project, Bariniput||EE, Upper Kolab Irrigation Divn IV, Boriguma",C2_Irrigation,canal|irrigation,Unknown,False,False
2021_CEBMB_70052_8,SE-CHID-01/2021-22,Protection to Left Flood Bank of River Kanteijodi near D/S of Loachapada Bridge from RD 00m to 500m.,"Earth Work, Stone Work",Works,National Competitive Bid,Percentage,Civil Works - Others,No,No,NA ,05-Aug-2021 10:00 AM,NA ,90.0,No ,No,Online,17-Aug-2021 11:00 AM,"CE-BM,RVN Basin,Berhampur||S.E. Southern Irr. Circle I Berhampur||EE Chikiti Irrigation Divn Berhampur",Berhampur Luchapada,760004.0,1.0,"9,73,906",Chandra Chudeswar Sahu,"827,918",Accepted-AOC,18-Dec-2021,"CE-BM,RVN Basin,Berhampur||S.E. Southern Irr. Circle I Berhampur||EE Chikiti Irrigation Divn Berhampur",C2_Irrigation,irrigation,Unknown,False,False
2021_CEBMB_71907_4,SE-CHWD-02/2021-22,Construction of Church for Bidyadharpur DFs at RR colony Bidyadharapur of Chheligada Irrigation Project.,Construction of building,Works,Open Tender,Percentage,Civil Works - Buildings,No,No,NA ,25-Oct-2021 10:00 AM,NA ,90.0,No ,No,Online,06-Nov-2021 11:30 AM,"CE-BM,RVN Basin,Berhampur||SE Southern Irr Circle II Paralakhemundi||EE Chheligada Head Works Divn Mahendragada",Mahendragada,761017.0,1.0,"15,94,000",KAPILENDRA SAHU,"1,354,324",Accepted-AOC,31-Dec-2021,"CE-BM,RVN Basin,Berhampur||SE Southern Irr Circle II Paralakhemundi||EE Chheligada Head Works Divn Mahendragada",C2_Irrigation,irr ,Mitigation,False,False
2021_CEBMB_71907_7,SE-CHWD-02/2021-22,Construction of Multi-purpose utility building at Kandhadiha of Chheligada Irr. Project.,Construction of building,Works,Open Tender,Percentage,Civil Works - Buildings,No,No,NA ,25-Oct-2021 10:00 AM,NA ,90.0,No ,No,Online,06-Nov-2021 11:30 AM,"CE-BM,RVN Basin,Berhampur||SE Southern Irr Circle II Paralakhemundi||EE Chheligada Head Works Divn Mahendragada",Mahendragada,761017.0,1.0,"15,77,000",KAPILENDRA SAHU,"1,339,765",Accepted-AOC,31-Dec-2021,"CE-BM,RVN Basin,Berhampur||SE Southern Irr Circle II Paralakhemundi||EE Chheligada Head Works Divn Mahendragada",C2_Irrigation,irr ,Mitigation,False,False
2021_CEMIB_69048_12,EE-MID-PDP-02/2021-22,Improvement to Akalijharan MIP in Paikmal Block of Bargarh District.,Improvement to Akalijharan MIP in Paikmal Block of Bargarh District.,Works,Open Tender,Percentage,Civil Works - Others,No,No,NA ,17-Jun-2021 10:00 AM,NA ,90.0,No ,No,Online,28-Jun-2021 10:00 AM,"CE,Minor Irrigation,BBSR||SENMIC-SAMBALPUR||PADAMPUR",Padampur,768036.0,1.0,,NILAMANI PANDA,"401,497.08",Accepted-AOC,04-Dec-2021,"CE,Minor Irrigation,BBSR||SENMIC-SAMBALPUR||PADAMPUR",C1_WaterConservation|C2_Irrigation,irrigation|minor irrigation|mip,Mitigation,False,False
2021_CEMIB_69048_13,EE-MID-PDP-02/2021-22,Improvement to Nrusinghnath MIP in Paikmal Block of Bargarh District.,Improvement to Nrusinghnath MIP in Paikmal Block of Bargarh District.,Works,Open Tender,Percentage,Civil Works - Others,No,No,NA ,17-Jun-2021 10:00 AM,NA ,90.0,No ,No,Online,28-Jun-2021 10:00 AM,"CE,Minor Irrigation,BBSR||SENMIC-SAMBALPUR||PADAMPUR",Padampur,768036.0,1.0,,GUNANIDHI SAHU,"1,132,232.55",Accepted-AOC,04-Dec-2021,"CE,Minor Irrigation,BBSR||SENMIC-SAMBALPUR||PADAMPUR",C1_WaterConservation|C2_Irrigation,irrigation|minor irrigation|mip,Mitigation,False,False
2021_CEMIB_69048_14,EE-MID-PDP-02/2021-22,Improvement to Jhagadjhal MIP in Sohela Block of Bargarh District.,Improvement to Jhagadjhal MIP in Sohela Block of Bargarh District.,Works,Open Tender,Percentage,Civil Works - Others,No,No,NA ,17-Jun-2021 10:00 AM,NA ,90.0,No ,No,Online,28-Jun-2021 10:00 AM,"CE,Minor Irrigation,BBSR||SENMIC-SAMBALPUR||PADAMPUR",Padampur,768036.0,1.0,,GOURA BARIHA,"89,262,864.93",Accepted-AOC,04-Dec-2021,"CE,Minor Irrigation,BBSR||SENMIC-SAMBALPUR||PADAMPUR",C1_WaterConservation|C2_Irrigation,irrigation|minor irrigation|mip,Mitigation,False,False
2021_CEMIB_69048_2,EE-MID-PDP-02/2021-22,Improvement to Lakhanpur MIP in Ambabhona Block of Bargarh District.,Improvement to Lakhanpur MIP in Ambabhona Block of Bargarh District.,Works,Open Tender,Percentage,Civil Works - Others,No,No,NA ,17-Jun-2021 10:00 AM,NA ,90.0,No ,No,Online,28-Jun-2021 10:00 AM,"CE,Minor Irrigation,BBSR||SENMIC-SAMBALPUR||PADAMPUR",Padampur,768036.0,1.0,"17,80,000",ALOK AGRAWAL,"1,557,692.33",Accepted-AOC,03-Dec-2021,"CE,Minor Irrigation,BBSR||SENMIC-SAMBALPUR||PADAMPUR",C1_WaterConservation|C2_Irrigation,irrigation|minor irrigation|mip,Mitigation,False,False
2021_CEMIB_69048_4,EE-MID-PDP-02/2021-22,Improvement to Badopali kata MIP in Bhatli Block of Bargarh District .,Improvement to Badopali kata MIP in Bhatli Block of Bargarh District .,Works,Open Tender,Percentage,Civil Works - Others,No,No,NA ,17-Jun-2021 10:00 AM,NA ,90.0,No ,No,Online,28-Jun-2021 10:00 AM,"CE,Minor Irrigation,BBSR||SENMIC-SAMBALPUR||PADAMPUR",Padampur,768036.0,1.0,,GOURA BARIHA,"1,681,296.7",Accepted-AOC,03-Dec-2021,"CE,Minor Irrigation,BBSR||SENMIC-SAMBALPUR||PADAMPUR",C1_WaterConservation|C2_Irrigation,irrigation|minor irrigation|mip,Mitigation,False,False
2021_CEMIB_69125_1,EE-MID-PDP-03/2021-22,Repair to Dunguripali MIP in Jharbandh Block of Bargarh District under Green Climate Fund,Repair to Dunguripali MIP in Jharbandh Block of Bargarh District under Green Climate Fund,Works,Open Tender,Percentage,Civil Works - Water Works,No,No,NA ,21-Jun-2021 10:00 AM,NA ,90.0,No ,No,Online,29-Jun-2021 10:00 AM,"CE,Minor Irrigation,BBSR||SENMIC-SAMBALPUR||PADAMPUR",Padampur,768036.0,1.0,,JAMUNA SAHU,"294,810.3",Accepted-AOC,22-Dec-2021,"CE,Minor Irrigation,BBSR||SENMIC-SAMBALPUR||PADAMPUR",C1_WaterConservation|C2_Irrigation,irrigation|minor irrigation|mip,DamageResponse,False,False
2021_CEMIB_69125_14,EE-MID-PDP-03/2021-22,Repair to Victoriasagar MIP in Sohela Block of Bargarh District under Green Climate Fund,Repair to Victoriasagar MIP in Sohela Block of Bargarh District under Green Climate Fund,Works,Open Tender,Percentage,Civil Works - Water Works,No,No,NA ,21-Jun-2021 10:00 AM,NA ,90.0,No ,No,Online,29-Jun-2021 10:00 AM,"CE,Minor Irrigation,BBSR||SENMIC-SAMBALPUR||PADAMPUR",Padampur,768036.0,1.0,,GOURA BARIHA,"190,323.5",Accepted-AOC,23-Dec-2021,"CE,Minor Irrigation,BBSR||SENMIC-SAMBALPUR||PADAMPUR",C1_WaterConservation|C2_Irrigation,irrigation|minor irrigation|mip,DamageResponse,False,False
2021_CEMIB_69125_15,EE-MID-PDP-03/2021-22,Repair to Mulabandhan MIP in Sohela Block of Bargarh District under Green Climate Fund,Repair to Mulabandhan MIP in Sohela Block of Bargarh District under Green Climate Fund,Works,Open Tender,Percentage,Civil Works - Water Works,No,No,NA ,21-Jun-2021 10:00 AM,NA ,90.0,No ,No,Online,29-Jun-2021 10:00 AM,"CE,Minor Irrigation,BBSR||SENMIC-SAMBALPUR||PADAMPUR",Padampur,768036.0,1.0,,HAREKRUSHNA DEBATA,"269,188.67",Accepted-AOC,22-Dec-2021,"CE,Minor Irrigation,BBSR||SENMIC-SAMBALPUR||PADAMPUR",C1_WaterConservation|C2_Irrigation,irrigation|minor irrigation|mip,DamageResponse,False,False
2021_CEMIB_69125_2,EE-MID-PDP-03/2021-22,Repair to Laudhidhara MIP in Jharbandh Block of Bargarh District under Green Climate Fund,Repair to Laudhidhara MIP in Jharbandh Block of Bargarh District under Green Climate Fundunder Green Climate Fund,Works,Open Tender,Percentage,Civil Works - Water Works,No,No,NA ,21-Jun-2021 10:00 AM,NA ,90.0,No ,No,Online,29-Jun-2021 10:00 AM,"CE,Minor Irrigation,BBSR||SENMIC-SAMBALPUR||PADAMPUR",Padampur,768036.0,1.0,,JAMUNA SAHU,"255,064.11",Accepted-AOC,22-Dec-2021,"CE,Minor Irrigation,BBSR||SENMIC-SAMBALPUR||PADAMPUR",C1_WaterConservation|C2_Irrigation,irrigation|minor irrigation|mip,DamageResponse,False,False
2021_CEMIB_69125_22,EE-MID-PDP-03/2021-22,Repair to Mahadakata MIP in Bhatli Block of Bargarh District under Green Climate Fund,Repair to Mahadakata MIP in Bhatli Block of Bargarh District under Green Climate Fund,Works,Open Tender,Percentage,Civil Works - Water Works,No,No,NA ,21-Jun-2021 10:00 AM,NA ,90.0,No ,No,Online,29-Jun-2021 10:00 AM,"CE,Minor Irrigation,BBSR||SENMIC-SAMBALPUR||PADAMPUR",Padampur,768036.0,1.0,,KULAMANI DEWAN,"445,968.8",Accepted-AOC,23-Dec-2021,"CE,Minor Irrigation,BBSR||SENMIC-SAMBALPUR||PADAMPUR",C1_WaterConservation|C2_Irrigation,irrigation|minor irrigation|mip,DamageResponse,False,False
2021_CEMIB_69125_25,EE-MID-PDP-03/2021-22,Repair to Nangalkata MIP in Bhatli Block of Bargarh District under Green Climate Fund,Repair to Nangalkata MIP in Bhatli Block of Bargarh District under Green Climate Fund,Works,Open Tender,Percentage,Civil Works - Water Works,No,No,NA ,21-Jun-2021 10:00 AM,NA ,90.0,No ,No,Online,29-Jun-2021 10:00 AM,"CE,Minor Irrigation,BBSR||SENMIC-SAMBALPUR||PADAMPUR",Padampur,768036.0,1.0,,GITANJALI PRADHAN,"441,384.23",Accepted-AOC,22-Dec-2021,"CE,Minor Irrigation,BBSR||SENMIC-SAMBALPUR||PADAMPUR",C1_WaterConservation|C2_Irrigation,irrigation|minor irrigation|mip,DamageResponse,False,False
2021_CEMIB_69125_27,EE-MID-PDP-03/2021-22,Repair to Sambalpurikata MIP in Ambabhona Block of Bargarh District under Green Climate Fund,Repair to Sambalpurikata MIP in Ambabhona Block of Bargarh District under Green Climate Fund,Works,Open Tender,Percentage,Civil Works - Water Works,No,No,NA ,21-Jun-2021 10:00 AM,NA ,90.0,No ,No,Online,29-Jun-2021 10:00 AM,"CE,Minor Irrigation,BBSR||SENMIC-SAMBALPUR||PADAMPUR",Padampur,768036.0,1.0,,HAREKRUSHNA DEBATA,"445,972.59",Accepted-AOC,20-Dec-2021,"CE,Minor Irrigation,BBSR||SENMIC-SAMBALPUR||PADAMPUR",C1_WaterConservation|C2_Irrigation,irrigation|minor irrigation|mip,DamageResponse,False,False
2021_CEMIB_69125_28,EE-MID-PDP-03/2021-22,Repair to Kumbho MIP in Ambabhona Block of Bargarh District under Green Climate Fund,Repair to Kumbho MIP in Ambabhona Block of Bargarh District under Green Climate Fund,Works,Open Tender,Percentage,Civil Works - Water Works,No,No,NA ,21-Jun-2021 10:00 AM,NA ,90.0,No ,No,Online,29-Jun-2021 10:00 AM,"CE,Minor Irrigation,BBSR||SENMIC-SAMBALPUR||PADAMPUR",Padampur,768036.0,1.0,,GOURA BARIHA,"357,302.34",Accepted-AOC,22-Dec-2021,"CE,Minor Irrigation,BBSR||SENMIC-SAMBALPUR||PADAMPUR",C1_WaterConservation|C2_Irrigation,irrigation|minor irrigation|mip,DamageResponse,False,False
2021_CEMIB_69125_29,EE-MID-PDP-03/2021-22,Repair to Nuapalikata MIP in Bhatli Block of Bargarh District under Green Climate Fund,Repair to Nuapalikata MIP in Bhatli Block of Bargarh District under Green Climate Fund,Works,Open Tender,Percentage,Civil Works - Water Works,No,No,NA ,21-Jun-2021 10:00 AM,NA ,90.0,No ,No,Online,29-Jun-2021 10:00 AM,"CE,Minor Irrigation,BBSR||SENMIC-SAMBALPUR||PADAMPUR",Padampur,768036.0,1.0,,ALOK AGRAWAL,"355,255.05",Accepted-AOC,22-Dec-2021,"CE,Minor Irrigation,BBSR||SENMIC-SAMBALPUR||PADAMPUR",C1_WaterConservation|C2_Irrigation,irrigation|minor irrigation|mip,DamageResponse,False,False
2021_CEMIB_69125_30,EE-MID-PDP-03/2021-22,Repair to Karlajorikata MIP in Bhatli Block of Bargarh District under Green Climate Fund,Repair to Karlajorikata MIP in Bhatli Block of Bargarh District under Green Climate Fund,Works,Open Tender,Percentage,Civil Works - Water Works,No,No,NA ,21-Jun-2021 10:00 AM,NA ,90.0,No ,No,Online,29-Jun-2021 10:00 AM,"CE,Minor Irrigation,BBSR||SENMIC-SAMBALPUR||PADAMPUR",Padampur,768036.0,1.0,,AMIYA KUMAR DASH,"445,963.29",Accepted-AOC,23-Dec-2021,"CE,Minor Irrigation,BBSR||SENMIC-SAMBALPUR||PADAMPUR",C1_WaterConservation|C2_Irrigation,irrigation|minor irrigation|mip,DamageResponse,False,False
2021_CEMIB_69125_33,EE-MID-PDP-03/2021-22,Repair to Tarakanakata MIP in Bhatli Block of Bargarh District under Green Climate Fund,Repair to Tarakanakata MIP in Bhatli Block of Bargarh District under Green Climate Fund,Works,Open Tender,Percentage,Civil Works - Water Works,No,No,NA ,21-Jun-2021 10:00 AM,NA ,90.0,No ,No,Online,29-Jun-2021 10:00 AM,"CE,Minor Irrigation,BBSR||SENMIC-SAMBALPUR||PADAMPUR",Padampur,768036.0,1.0,,GITANJALI PRADHAN,"441,384.76",Accepted-AOC,22-Dec-2021,"CE,Minor Irrigation,BBSR||SENMIC-SAMBALPUR||PADAMPUR",C1_WaterConservation|C2_Irrigation,irrigation|minor irrigation|mip,DamageResponse,False,False
2021_CEMIB_69125_35,EE-MID-PDP-03/2021-22,Repair to Tukurlakata MIP in Bhatli Block of Bargarh District under Green Climate Fund,Repair to Tukurlakata MIP in Bhatli Block of Bargarh District under Green Climate Fund,Works,Open Tender,Percentage,Civil Works - Water Works,No,No,NA ,21-Jun-2021 10:00 AM,NA ,90.0,No ,No,Online,29-Jun-2021 10:00 AM,"CE,Minor Irrigation,BBSR||SENMIC-SAMBALPUR||PADAMPUR",Padampur,768036.0,1.0,,KULAMANI DEWAN,"447,128.19",Accepted-AOC,23-Dec-2021,"CE,Minor Irrigation,BBSR||SENMIC-SAMBALPUR||PADAMPUR",C1_WaterConservation|C2_Irrigation,irrigation|minor irrigation|mip,DamageResponse,False,False
2021_CEMIB_69125_36,EE-MID-PDP-03/2021-22,Repair to Gopalpurkata MIP in Bhatli Block of Bargarh District under Green Climate Fund,Repair to Gopalpurkata MIP in Bhatli Block of Bargarh District under Green Climate Fund,Works,Open Tender,Percentage,Civil Works - Water Works,No,No,NA ,21-Jun-2021 10:00 AM,NA ,90.0,No ,No,Online,29-Jun-2021 10:00 AM,"CE,Minor Irrigation,BBSR||SENMIC-SAMBALPUR||PADAMPUR",Padampur,768036.0,1.0,,GITANJALI PRADHAN,"441,613.19",Accepted-AOC,22-Dec-2021,"CE,Minor Irrigation,BBSR||SENMIC-SAMBALPUR||PADAMPUR",C1_WaterConservation|C2_Irrigation,irrigation|minor irrigation|mip,DamageResponse,False,False
2021_CEMIB_69125_38,EE-MID-PDP-03/2021-22,Repair to Lakhanpur MIP in Ambabhona Block of Bargarh District under Green Climate Fund,Repair to Lakhanpur MIP in Ambabhona Block of Bargarh District under Green Climate Fund,Works,Open Tender,Percentage,Civil Works - Water Works,No,No,NA ,21-Jun-2021 10:00 AM,NA ,90.0,No ,No,Online,29-Jun-2021 10:00 AM,"CE,Minor Irrigation,BBSR||SENMIC-SAMBALPUR||PADAMPUR",Padampur,768036.0,1.0,,KULAMANI DEWAN,"447,821.31",Accepted-AOC,22-Dec-2021,"CE,Minor Irrigation,BBSR||SENMIC-SAMBALPUR||PADAMPUR",C1_WaterConservation|C2_Irrigation,irrigation|minor irrigation|mip,DamageResponse,False,False
2021_CEMIB_69125_4,EE-MID-PDP-03/2021-22,Repair to Bagguda MIP in Jharbandh Block of Bargarh District under Green Climate Fund,Repair to Bagguda MIP in Jharbandh Block of Bargarh District under Green Climate Fund,Works,Open Tender,Percentage,Civil Works - Water Works,No,No,NA ,21-Jun-2021 10:00 AM,NA ,90.0,No ,No,Online,29-Jun-2021 10:00 AM,"CE,Minor Irrigation,BBSR||SENMIC-SAMBALPUR||PADAMPUR",Padampur,768036.0,1.0,,JAMUNA SAHU,"294,810.3",Accepted-AOC,22-Dec-2021,"CE,Minor Irrigation,BBSR||SENMIC-SAMBALPUR||PADAMPUR",C1_WaterConservation|C2_Irrigation,irrigation|minor irrigation|mip,DamageResponse,False,False
2021_GWSI_71065_1,NHP/OD-GW/MON/2021-22/12,Procurement of GW Monitoring unit,Procurement of GW Monitoring unit_ Comprising of ten items,Goods,Open Tender,Item Rate,Laboratory and scientific equipment,No,No,NA ,14-Sep-2021 11:00 AM,NA ,60.0,No ,No,Online,04-Oct-2021 03:00 PM,Ground Water Survey and Investigation,Bhubaneswar,751012.0,1.0,,Aditi Infotech,"2,889,360",Accepted-AOC,20-Dec-2021,Ground Water Survey and Investigation,C3_Drought,ground water,Unknown,False,False
2021_OCTDM_70009_18,OIIPCRA-W2-1/2021,Construction of Civil CADWM Works of Mushal Minor Irrigation Projects in Keonjhar District,Construction of Civil CADWM Works of Mushal Minor Irrigation Projects inHarichandanpur Block of Keonjhar District,Works,National Competitive Bid,Item Rate,Civil Works - Others,No,No,NA ,31-Jul-2021 10:00 AM,10-Aug-2021 11:00 AM ,90.0,No ,No,Both(Online/Offline),01-Sep-2021 03:30 PM,Orissa Community Tank Development and Management Society,Harichandanpur,758028.0,2.0,,SRI JITENDRA KUMAR NAYAK,"64,039,877.06",Accepted-AOC,08-Dec-2021,Orissa Community Tank Development and Management Society,C2_Irrigation|C8_Scheme,irrigation|minor irrigation|omm,Mitigation,False,False
2021_OLIC_66448_29,07/2020-21-459/OLIC (BDK) dt. 09.02.2021,SIRAPUR,SIRAPUR,Works,Open Tender,Turn-key,Civil Works - Lift Irrigation Schemes,No,No,NA ,17-Feb-2021 04:00 PM,NA ,180.0,No ,No,Online,26-Feb-2021 11:00 AM,Orissa Lift Irrigation Corporation||LI BALASORE||LI Division Bhadrak,BHADRAK,756100.0,1.0,"13,08,389",Khageswar Mahalik,"1,216,802",Accepted-AOC,06-Dec-2021,Orissa Lift Irrigation Corporation||LI BALASORE||LI Division Bhadrak,C2_Irrigation,irrigation|lift irrigation,Unknown,False,False
2021_OLIC_67162_11,08/2020-21 (697)/OLIC (BDK) dt. 10.03.2021,GUHALIA-II TW,GUHALIA-II TW,Works,Open Tender,Turn-key,Civil Works - Lift Irrigation Schemes,No,No,NA ,16-Mar-2021 11:00 AM,NA ,180.0,No ,No,Online,23-Mar-2021 11:00 AM,Orissa Lift Irrigation Corporation||LI BALASORE||LI Division Bhadrak,BHADRAK,756100.0,1.0,"21,32,573",Dipak Kumar Das,"2,030,448",Accepted-AOC,06-Dec-2021,Orissa Lift Irrigation Corporation||LI BALASORE||LI Division Bhadrak,C2_Irrigation,irrigation|lift irrigation|tw ,Unknown,False,False
2021_OLIC_67162_9,08/2020-21 (697)/OLIC (BDK) dt. 10.03.2021,SARSADA TW,SARSADA TW,Works,Open Tender,Turn-key,Civil Works - Lift Irrigation Schemes,No,No,NA ,16-Mar-2021 11:00 AM,NA ,180.0,No ,No,Online,23-Mar-2021 11:00 AM,Orissa Lift Irrigation Corporation||LI BALASORE||LI Division Bhadrak,BHADRAK,756100.0,1.0,"21,33,034",Dipak Kumar Das,"2,030,887",Accepted-AOC,06-Dec-2021,Orissa Lift Irrigation Corporation||LI BALASORE||LI Division Bhadrak,C2_Irrigation,irrigation|lift irrigation|tw ,Unknown,False,False
2021_OLIC_70876_10,No.01/2021-22 dt 27.08.2021,Pachhagan,Pachhagan,Works,Open Tender,Turn-key,Civil Works - Lift Irrigation Schemes,No,No,NA ,13-Sep-2021 11:00 AM,NA ,365.0,No ,No,Online,27-Sep-2021 11:00 AM,Orissa Lift Irrigation Corporation||LI BALASORE||LI Division Balasore,Balasore,756056.0,1.0,"14,90,544",MAHASWETA DHADA,"1,647,373",Accepted-AOC,26-Dec-2021,Orissa Lift Irrigation Corporation||LI BALASORE||LI Division Balasore,C2_Irrigation,irrigation|lift irrigation,Unknown,False,False
2021_OLIC_70876_13,No.01/2021-22 dt 27.08.2021,Rupsa-IV,Rupsa-IV,Works,Open Tender,Turn-key,Civil Works - Lift Irrigation Schemes,No,No,NA ,13-Sep-2021 11:00 AM,NA ,365.0,No ,No,Online,27-Sep-2021 11:00 AM,Orissa Lift Irrigation Corporation||LI BALASORE||LI Division Balasore,Balasore,756056.0,1.0,"14,74,108",AJAY KUMAR GIRI,"1,625,466",Accepted-AOC,26-Dec-2021,Orissa Lift Irrigation Corporation||LI BALASORE||LI Division Balasore,C2_Irrigation,irrigation|lift irrigation,Unknown,False,False
2021_OLIC_70876_14,No.01/2021-22 dt 27.08.2021,Chhachina,Chhachina,Works,Open Tender,Turn-key,Civil Works - Lift Irrigation Schemes,No,No,NA ,13-Sep-2021 11:00 AM,NA ,365.0,No ,No,Online,27-Sep-2021 11:00 AM,Orissa Lift Irrigation Corporation||LI BALASORE||LI Division Balasore,Balasore,756056.0,1.0,"14,90,544",MAHASWETA DHADA,"1,647,373",Accepted-AOC,26-Dec-2021,Orissa Lift Irrigation Corporation||LI BALASORE||LI Division Balasore,C2_Irrigation,irrigation|lift irrigation,Unknown,False,False
2021_OLIC_70876_16,No.01/2021-22 dt 27.08.2021,Parikul-I,Parikul-I,Works,Open Tender,Turn-key,Civil Works - Lift Irrigation Schemes,No,No,NA ,13-Sep-2021 11:00 AM,NA ,365.0,No ,No,Online,27-Sep-2021 11:00 AM,Orissa Lift Irrigation Corporation||LI BALASORE||LI Division Balasore,Balasore,756056.0,1.0,"14,92,224",AJAY KUMAR GIRI,"1,492,223.92",Accepted-AOC,26-Dec-2021,Orissa Lift Irrigation Corporation||LI BALASORE||LI Division Balasore,C2_Irrigation,irrigation|lift irrigation,Unknown,False,False
2021_OLIC_70876_18,No.01/2021-22 dt 27.08.2021,Bahadalpur,Bahadalpur,Works,Open Tender,Turn-key,Civil Works - Lift Irrigation Schemes,No,No,NA ,13-Sep-2021 11:00 AM,NA ,365.0,No ,No,Online,27-Sep-2021 11:00 AM,Orissa Lift Irrigation Corporation||LI BALASORE||LI Division Balasore,Balasore,756056.0,1.0,"14,85,896",AJAY KUMAR GIRI,"1,629,089",Accepted-AOC,26-Dec-2021,Orissa Lift Irrigation Corporation||LI BALASORE||LI Division Balasore,C2_Irrigation,irrigation|lift irrigation,Unknown,False,False
2021_OLIC_70876_21,No.01/2021-22 dt 27.08.2021,Kasmila-III,Kasmila-III,Works,Open Tender,Turn-key,Civil Works - Lift Irrigation Schemes,No,No,NA ,13-Sep-2021 11:00 AM,NA ,365.0,No ,No,Online,27-Sep-2021 11:00 AM,Orissa Lift Irrigation Corporation||LI BALASORE||LI Division Balasore,Balasore,756056.0,1.0,"14,52,405",GOPINATH DAS,"1,512,825",Accepted-AOC,26-Dec-2021,Orissa Lift Irrigation Corporation||LI BALASORE||LI Division Balasore,C2_Irrigation,irrigation|lift irrigation,Unknown,False,False
2021_OLIC_70876_4,No.01/2021-22 dt 27.08.2021,Gabagaon,Gabagaon,Works,Open Tender,Turn-key,Civil Works - Lift Irrigation Schemes,No,No,NA ,13-Sep-2021 11:00 AM,NA ,365.0,No ,No,Online,27-Sep-2021 11:00 AM,Orissa Lift Irrigation Corporation||LI BALASORE||LI Division Balasore,Balasore,756056.0,1.0,"14,78,283",AMALENDU NAYAK,"1,617,100",Accepted-AOC,26-Dec-2021,Orissa Lift Irrigation Corporation||LI BALASORE||LI Division Balasore,C2_Irrigation,irrigation|lift irrigation,Unknown,False,False
2021_OLIC_70876_41,No.01/2021-22 dt 27.08.2021,Bedmud,Bedmud,Works,Open Tender,Turn-key,Civil Works - Lift Irrigation Schemes,No,No,NA ,13-Sep-2021 11:00 AM,NA ,365.0,No ,No,Online,27-Sep-2021 11:00 AM,Orissa Lift Irrigation Corporation||LI BALASORE||LI Division Balasore,Balasore,756056.0,1.0,"16,19,617",PABITRA SANKHUA,"1,766,808",Accepted-AOC,27-Dec-2021,Orissa Lift Irrigation Corporation||LI BALASORE||LI Division Balasore,C2_Irrigation,irrigation|lift irrigation,Unknown,False,False
2021_OLIC_70876_42,No.01/2021-22 dt 27.08.2021,Saud-II,Saud-II,Works,Open Tender,Turn-key,Civil Works - Lift Irrigation Schemes,No,No,NA ,13-Sep-2021 11:00 AM,NA ,365.0,No ,No,Online,27-Sep-2021 11:00 AM,Orissa Lift Irrigation Corporation||LI BALASORE||LI Division Balasore,Balasore,756056.0,1.0,"13,82,547",MAHASWETA DHADA,"1,526,619",Accepted-AOC,27-Dec-2021,Orissa Lift Irrigation Corporation||LI BALASORE||LI Division Balasore,C2_Irrigation,irrigation|lift irrigation,Unknown,False,False
2021_OLIC_70876_43,No.01/2021-22 dt 27.08.2021,Talakurunia-II,Talakurunia-II,Works,Open Tender,Turn-key,Civil Works - Lift Irrigation Schemes,No,No,NA ,13-Sep-2021 11:00 AM,NA ,365.0,No ,No,Online,27-Sep-2021 11:00 AM,Orissa Lift Irrigation Corporation||LI BALASORE||LI Division Balasore,Balasore,756056.0,1.0,"16,09,833",MAHASWETA DHADA,"1,779,393",Accepted-AOC,27-Dec-2021,Orissa Lift Irrigation Corporation||LI BALASORE||LI Division Balasore,C2_Irrigation,irrigation|lift irrigation,Unknown,False,False
2021_OLIC_70876_46,No.01/2021-22 dt 27.08.2021,Athilabaj-II,Athilabaj-II,Works,Open Tender,Turn-key,Civil Works - Lift Irrigation Schemes,No,No,NA ,13-Sep-2021 11:00 AM,NA ,365.0,No ,No,Online,27-Sep-2021 11:00 AM,Orissa Lift Irrigation Corporation||LI BALASORE||LI Division Balasore,Balasore,756056.0,1.0,"16,05,997",AJAY KUMAR GIRI,"1,778,751",Accepted-AOC,27-Dec-2021,Orissa Lift Irrigation Corporation||LI BALASORE||LI Division Balasore,C2_Irrigation,irrigation|lift irrigation,Unknown,False,False
2021_OLIC_70876_50,No.01/2021-22 dt 27.08.2021,Atapur,Atapur,Works,Open Tender,Turn-key,Civil Works - Lift Irrigation Schemes,No,No,NA ,13-Sep-2021 11:00 AM,NA ,365.0,No ,No,Online,27-Sep-2021 11:00 AM,Orissa Lift Irrigation Corporation||LI BALASORE||LI Division Balasore,Balasore,756056.0,1.0,"13,67,805",NABIN KUMAR PAL,"1,378,901",Accepted-AOC,27-Dec-2021,Orissa Lift Irrigation Corporation||LI BALASORE||LI Division Balasore,C2_Irrigation,irrigation|lift irrigation,Unknown,False,False
2021_OLIC_70876_51,No.01/2021-22 dt 27.08.2021,Champo-II,Champo-II,Works,Open Tender,Turn-key,Civil Works - Lift Irrigation Schemes,No,No,NA ,13-Sep-2021 11:00 AM,NA ,365.0,No ,No,Online,27-Sep-2021 11:00 AM,Orissa Lift Irrigation Corporation||LI BALASORE||LI Division Balasore,Balasore,756056.0,1.0,"14,87,048",NABIN KUMAR PAL,"1,499,111",Accepted-AOC,27-Dec-2021,Orissa Lift Irrigation Corporation||LI BALASORE||LI Division Balasore,C2_Irrigation,irrigation|lift irrigation,Unknown,False,False
2021_OLIC_70876_62,No.01/2021-22 dt 27.08.2021,P.Hatasahi,P.Hatasahi,Works,Open Tender,Turn-key,Civil Works - Lift Irrigation Schemes,No,No,NA ,13-Sep-2021 11:00 AM,NA ,365.0,No ,No,Online,27-Sep-2021 11:00 AM,Orissa Lift Irrigation Corporation||LI BALASORE||LI Division Balasore,Balasore,756056.0,1.0,"15,58,948",AJAY KUMAR GIRI,"1,726,641",Accepted-AOC,27-Dec-2021,Orissa Lift Irrigation Corporation||LI BALASORE||LI Division Balasore,C2_Irrigation,irrigation|lift irrigation,Unknown,False,False
2021_OLIC_70876_64,No.01/2021-22 dt 27.08.2021,Solagan-I,Solagan-I,Works,Open Tender,Turn-key,Civil Works - Lift Irrigation Schemes,No,No,NA ,13-Sep-2021 11:00 AM,NA ,365.0,No ,No,Online,27-Sep-2021 11:00 AM,Orissa Lift Irrigation Corporation||LI BALASORE||LI Division Balasore,Balasore,756056.0,1.0,"14,56,504",KARTIKA CHANDRA PUSTI,"1,508,775",Accepted-AOC,27-Dec-2021,Orissa Lift Irrigation Corporation||LI BALASORE||LI Division Balasore,C2_Irrigation,irrigation|lift irrigation,Unknown,False,False
2021_OLIC_70876_71,No.01/2021-22 dt 27.08.2021,Nischinta-I,Nischinta-I,Works,Open Tender,Turn-key,Civil Works - Lift Irrigation Schemes,No,No,NA ,13-Sep-2021 11:00 AM,NA ,365.0,No ,No,Online,27-Sep-2021 11:00 AM,Orissa Lift Irrigation Corporation||LI BALASORE||LI Division Balasore,Balasore,756056.0,1.0,"14,51,641",LAXMAN KUMAR SAHOO,"1,544,709",Accepted-AOC,27-Dec-2021,Orissa Lift Irrigation Corporation||LI BALASORE||LI Division Balasore,C2_Irrigation,irrigation|lift irrigation,Unknown,False,False
2021_OLIC_70990_1,03/21-22(7),Revival of Churamula I L.I.Project under Boriguma Block of Koraput District,Revival of Churamula I L.I.Project under Boriguma Block of Koraput District,Works,Open Tender,Percentage,Civil Works - Lift Irrigation Schemes,No,No,NA ,20-Sep-2021 10:00 AM,NA ,270.0,No ,No,Online,28-Sep-2021 11:00 AM,Orissa Lift Irrigation Corporation||LI KORAPUT||LI Division Koraput,Koraput,764020.0,1.0,"10,96,100",DAITARI SIA,"1,233,232",Accepted-AOC,08-Dec-2021,Orissa Lift Irrigation Corporation||LI KORAPUT||LI Division Koraput,C2_Irrigation|C3_Drought,irrigation|l.i.|lift irrigation|revival,Unknown,False,False
2021_OLIC_70991_1,03/21-22(8),Revival of Kumudaguda L.I.Project under Boriguma Block of Koraput District,Revival of Kumudaguda L.I.Project under Boriguma Block of Koraput District,Works,Open Tender,Percentage,Civil Works - Lift Irrigation Schemes,No,No,NA ,20-Sep-2021 10:00 AM,NA ,270.0,No ,No,Online,28-Sep-2021 11:00 AM,Orissa Lift Irrigation Corporation||LI KORAPUT||LI Division Koraput,Koraput,764020.0,1.0,"11,84,700",CHANDAN NAYAK,"1,332,464",Accepted-AOC,08-Dec-2021,Orissa Lift Irrigation Corporation||LI KORAPUT||LI Division Koraput,C2_Irrigation|C3_Drought,irrigation|l.i.|lift irrigation|revival,Unknown,False,False
2021_OLIC_70992_1,03/21-22(9),Revival of Munjarimunda II L.I.Project under Jeypore Block of Koraput District,Revival of Munjarimunda II L.I.Project under Jeypore Block of Koraput District,Works,Open Tender,Percentage,Civil Works - Lift Irrigation Schemes,No,No,NA ,20-Sep-2021 10:00 AM,NA ,270.0,No ,No,Online,28-Sep-2021 11:00 AM,Orissa Lift Irrigation Corporation||LI KORAPUT||LI Division Koraput,Koraput,764020.0,1.0,"11,72,100",DAITARI SIA,"1,318,352",Accepted-AOC,08-Dec-2021,Orissa Lift Irrigation Corporation||LI KORAPUT||LI Division Koraput,C2_Irrigation|C3_Drought,irrigation|l.i.|lift irrigation|revival,Unknown,False,False
2021_OLIC_70993_1,03/21-22(10),Revival of Balia II III L.I.Project under Jeypore Block of Koraput District,Revival of Balia II III L.I.Project under Jeypore Block of Koraput District,Works,Open Tender,Percentage,Civil Works - Lift Irrigation Schemes,No,No,NA ,20-Sep-2021 10:00 AM,NA ,270.0,No ,No,Online,28-Sep-2021 11:00 AM,Orissa Lift Irrigation Corporation||LI KORAPUT||LI Division Koraput,Koraput,764020.0,1.0,"25,13,000",ANUP KUMAR GANTAYAT,"2,825,760",Accepted-AOC,08-Dec-2021,Orissa Lift Irrigation Corporation||LI KORAPUT||LI Division Koraput,C2_Irrigation|C3_Drought,irrigation|l.i.|lift irrigation|revival,Unknown,False,False
2021_OLIC_71000_1,03/21-22(15),Revival of Dudhari L.I.Project under Semiliguda Block of Koraput District,Revival of Dudhari L.I.Project under Semiliguda Block of Koraput District,Works,Open Tender,Percentage,Civil Works - Lift Irrigation Schemes,No,No,NA ,20-Sep-2021 10:00 AM,NA ,270.0,No ,No,Online,28-Sep-2021 11:00 AM,Orissa Lift Irrigation Corporation||LI KORAPUT||LI Division Koraput,Koraput,764020.0,1.0,"14,08,300",DAITARI SIA,"1,579,872",Accepted-AOC,08-Dec-2021,Orissa Lift Irrigation Corporation||LI KORAPUT||LI Division Koraput,C2_Irrigation|C3_Drought,irrigation|l.i.|lift irrigation|revival,Unknown,False,False
2021_OLIC_71005_1,03/21-22(20),Revival of Lenjiguda I L.I.Project under Semiliguda Block of Koraput District,Revival of Lenjiguda I L.I.Project under Semiliguda Block of Koraput District,Works,Open Tender,Percentage,Civil Works - Lift Irrigation Schemes,No,No,NA ,20-Sep-2021 10:00 AM,NA ,270.0,No ,No,Online,28-Sep-2021 11:00 AM,Orissa Lift Irrigation Corporation||LI KORAPUT||LI Division Koraput,Koraput,764020.0,1.0,"13,89,600",MANOJ KUMAR PANDA,"1,560,048",Accepted-AOC,08-Dec-2021,Orissa Lift Irrigation Corporation||LI KORAPUT||LI Division Koraput,C2_Irrigation|C3_Drought,irrigation|l.i.|lift irrigation|revival,Unknown,False,False
2021_OLIC_71006_1,03/21-22(21),Revival of Subai II L.I.Project under Semiliguda Block of Koraput District,Revival of Subai II L.I.Project under Semiliguda Block of Koraput District,Works,Open Tender,Percentage,Civil Works - Lift Irrigation Schemes,No,No,NA ,20-Sep-2021 10:00 AM,NA ,270.0,No ,No,Online,28-Sep-2021 11:00 AM,Orissa Lift Irrigation Corporation||LI KORAPUT||LI Division Koraput,Koraput,764020.0,1.0,"14,12,000",MANOJ KUMAR PANDA,"1,579,872",Accepted-AOC,08-Dec-2021,Orissa Lift Irrigation Corporation||LI KORAPUT||LI Division Koraput,C2_Irrigation|C3_Drought,irrigation|l.i.|lift irrigation|revival,Unknown,False,False
2021_OLIC_71007_1,03/21-22(22),Revival of Kabataguda I L.I.Project under Pottangi Block of Koraput District,Revival of Kabataguda I L.I.Project under Pottangi Block of Koraput District,Works,Open Tender,Percentage,Civil Works - Lift Irrigation Schemes,No,No,NA ,20-Sep-2021 10:00 AM,NA ,270.0,No ,No,Online,28-Sep-2021 11:00 AM,Orissa Lift Irrigation Corporation||LI KORAPUT||LI Division Koraput,Koraput,764020.0,1.0,"14,13,700",M/S MAHAMAYEE ENTERPRISES,"1,582,896",Accepted-AOC,08-Dec-2021,Orissa Lift Irrigation Corporation||LI KORAPUT||LI Division Koraput,C2_Irrigation|C3_Drought,irrigation|l.i.|lift irrigation|revival,Unknown,False,False
2021_OLIC_71008_1,03/21-22(23),Revival of Kabataguda II L.I.Project under Pottangi Block of Koraput District,Revival of Kabataguda II L.I.Project under Pottangi Block of Koraput District,Works,Open Tender,Percentage,Civil Works - Lift Irrigation Schemes,No,No,NA ,20-Sep-2021 10:00 AM,NA ,270.0,No ,No,Online,28-Sep-2021 11:00 AM,Orissa Lift Irrigation Corporation||LI KORAPUT||LI Division Koraput,Koraput,764020.0,1.0,"14,14,000",M/S MAHAMAYEE ENTERPRISES,"1,582,224",Accepted-AOC,08-Dec-2021,Orissa Lift Irrigation Corporation||LI KORAPUT||LI Division Koraput,C2_Irrigation|C3_Drought,irrigation|l.i.|lift irrigation|revival,Unknown,False,False
2021_OLIC_71012_1,03/21-22(27),Revival of Machhaput L.I.Project under Dasmantpur Block of Koraput District,Revival of Machhaput L.I.Project under Dasmantpur Block of Koraput District,Works,Open Tender,Percentage,Civil Works - Lift Irrigation Schemes,No,No,NA ,20-Sep-2021 10:00 AM,NA ,270.0,No ,No,Online,28-Sep-2021 11:00 AM,Orissa Lift Irrigation Corporation||LI KORAPUT||LI Division Koraput,Koraput,764020.0,1.0,"13,96,000",ANUP KUMAR GANTAYAT,"1,561,952",Accepted-AOC,08-Dec-2021,Orissa Lift Irrigation Corporation||LI KORAPUT||LI Division Koraput,C2_Irrigation|C3_Drought,irrigation|l.i.|lift irrigation|revival,Unknown,False,False
2021_OLIC_71013_1,03/21-22(28),Revival of Biriguda L.I.Project under Dasmantpur Block of Koraput District,Revival of Biriguda L.I.Project under Dasmantpur Block of Koraput District,Works,Open Tender,Percentage,Civil Works - Lift Irrigation Schemes,No,No,NA ,20-Sep-2021 10:00 AM,NA ,270.0,No ,No,Online,28-Sep-2021 11:00 AM,Orissa Lift Irrigation Corporation||LI KORAPUT||LI Division Koraput,Koraput,764020.0,1.0,"14,13,100",ANUP KUMAR GANTAYAT,"1,581,328",Accepted-AOC,08-Dec-2021,Orissa Lift Irrigation Corporation||LI KORAPUT||LI Division Koraput,C2_Irrigation|C3_Drought,irrigation|l.i.|lift irrigation|revival,Unknown,False,False
2021_OLIC_71014_1,03/21-22(29),Revival of Malibisali I L.I.Project under Dasmantpur Block of Koraput District,Revival of Malibisali I L.I.Project under Dasmantpur Block of Koraput District,Works,Open Tender,Percentage,Civil Works - Lift Irrigation Schemes,No,No,NA ,20-Sep-2021 10:00 AM,NA ,270.0,No ,No,Online,28-Sep-2021 11:00 AM,Orissa Lift Irrigation Corporation||LI KORAPUT||LI Division Koraput,Koraput,764020.0,1.0,"13,41,000",M/S. PADHI ELECTRICALS,"1,500,800",Accepted-AOC,08-Dec-2021,Orissa Lift Irrigation Corporation||LI KORAPUT||LI Division Koraput,C2_Irrigation|C3_Drought,irrigation|l.i.|lift irrigation|revival,Unknown,False,False
2021_OLIC_71015_1,03/21-22(30),Revival of Nandigam III L.I.Project under Dasmantpur Block of Koraput District,Revival of Nandigam III L.I.Project under Dasmantpur Block of Koraput District,Works,Open Tender,Percentage,Civil Works - Lift Irrigation Schemes,No,No,NA ,20-Sep-2021 10:00 AM,NA ,270.0,No ,No,Online,28-Sep-2021 11:00 AM,Orissa Lift Irrigation Corporation||LI KORAPUT||LI Division Koraput,Koraput,764020.0,1.0,"13,94,400",M/S. PADHI ELECTRICALS,"1,559,936",Accepted-AOC,08-Dec-2021,Orissa Lift Irrigation Corporation||LI KORAPUT||LI Division Koraput,C2_Irrigation|C3_Drought,irrigation|l.i.|lift irrigation|revival,Unknown,False,False
2021_OLIC_71018_1,03/21-22(33),Revival of Kakiriguma I L.I.Project under Laxmipur Block of Koraput District,Revival of Kakiriguma I L.I.Project under Laxmipur Block of Koraput District,Works,Open Tender,Percentage,Civil Works - Lift Irrigation Schemes,No,No,NA ,20-Sep-2021 10:00 AM,NA ,270.0,No ,No,Online,28-Sep-2021 11:00 AM,Orissa Lift Irrigation Corporation||LI KORAPUT||LI Division Koraput,Koraput,764020.0,1.0,"13,71,400",ARUN KUMAR MAHALIK,"1,536,304",Accepted-AOC,08-Dec-2021,Orissa Lift Irrigation Corporation||LI KORAPUT||LI Division Koraput,C1_WaterConservation|C2_Irrigation|C3_Drought,irrigation|l.i.|lift irrigation|mip|revival,Unknown,False,False
2021_OLIC_71026_1,03/21-22(40),Installation and Energisation of Anlaguda I L.I.Project under Baipariguda Block of Koraput District,Installation and Energisation of Anlaguda I L.I.Project under Baipariguda Block of Koraput District,Works,Open Tender,Percentage,Civil Works - Lift Irrigation Schemes,No,No,NA ,20-Sep-2021 10:00 AM,NA ,270.0,No ,No,Online,28-Sep-2021 11:00 AM,Orissa Lift Irrigation Corporation||LI KORAPUT||LI Division Koraput,Koraput,764020.0,1.0,"16,99,500",BADAL PATTNAIK,"1,907,024",Accepted-AOC,08-Dec-2021,Orissa Lift Irrigation Corporation||LI KORAPUT||LI Division Koraput,C2_Irrigation,irrigation|l.i.|lift irrigation,Mitigation,False,False
2021_OLIC_71563_3,e-Procurement BID ID No. 06/2021-22,Revival of Banajodi-II l.I. Project under Keonjhar block in Keonjhar district,Revival of Banajodi-II l.I. Project under Keonjhar block in Keonjhar district,Works,National Competitive Bid,Percentage,Civil Works - Lift Irrigation Schemes,No,No,NA ,05-Oct-2021 04:00 PM,NA ,180.0,No ,No,Online,21-Oct-2021 11:00 AM,Orissa Lift Irrigation Corporation||LI ANGUL||LI Division Keonjhar,Keonjhar,758001.0,1.0,,DUKHABANDHU SETHY,"1,249,414",Accepted-AOC,19-Dec-2021,Orissa Lift Irrigation Corporation||LI ANGUL||LI Division Keonjhar,C2_Irrigation|C3_Drought,irrigation|l.i.|l.i. project|lift irrigation|revival,Unknown,False,False
2021_ORULB_66213_5,MC(CMC)CTC_Div-II_No8/2020-21,Provision of Temporary Transit Shed at proposed relocation sites at Laxmanpur Jagatpur (Left Side) for rehabilitation and resettlement of person affected by the redevelopment for expansion of Taladanda Canal Road (Both side) from Ranihat Bridge to NH,Provision of Temporary Transit Shed at proposed relocation sites at Laxmanpur Jagatpur (Left Side) for rehabilitation and resettlement of person affected by the redevelopment for expansion of Taladanda Canal Road (Both side) from Ranihat Bridge to NH,Works,Open Tender,Percentage,Civil Works - Others,No,No,NA ,01-Mar-2021 11:00 AM,NA ,90.0,No ,No,Online,09-Mar-2021 10:00 AM,Municipal Bodies||Cuttack Municipal Corporation,CMC,753012.0,1.0,,CHITTA RANJAN SAHOO,"357,042",Accepted-AOC,09-Dec-2021,Municipal Bodies||Cuttack Municipal Corporation,C2_Irrigation,canal,DamageResponse,False,False
2021_ORULB_66215_3,MC(CMC)CTC_Div-II_No10/2020-21,Provision of Additional Temporary Transit Shed at proposed relocation sites at Laxmanpur Jagatpur (Right Side) for rehabilitation and resettlement of person affected by the redevelopment for expansion of Taladanda Canal Road (Both side) from Ranihat,Provision of Additional Temporary Transit Shed at proposed relocation sites at Laxmanpur Jagatpur (Right Side) for rehabilitation and resettlement of person affected by the redevelopment for expansion of Taladanda Canal Road (Both side) from Ranihat,Works,Open Tender,Percentage,Civil Works - Others,No,No,NA ,13-Mar-2021 11:00 AM,NA ,90.0,No ,No,Online,22-Mar-2021 04:00 PM,Municipal Bodies||Cuttack Municipal Corporation,CMC,753012.0,1.0,,CHITTA RANJAN SAHOO,"357,042",Accepted-AOC,09-Dec-2021,Municipal Bodies||Cuttack Municipal Corporation,C2_Irrigation,canal,DamageResponse,False,False
2021_ORULB_66215_4,MC(CMC)CTC_Div-II_No10/2020-21,Provision of Additional Temporary Transit Shed at proposed relocation sites at Laxmanpur Jagatpur (Left Side) for rehabilitation and resettlement of person affected by the redevelopment for expansion of Taladanda Canal Road (Both side) from Ranihat B,Provision of Additional Temporary Transit Shed at proposed relocation sites at Laxmanpur Jagatpur (Left Side) for rehabilitation and resettlement of person affected by the redevelopment for expansion of Taladanda Canal Road (Both side) from Ranihat B,Works,Open Tender,Percentage,Civil Works - Others,No,No,NA ,13-Mar-2021 11:00 AM,NA ,90.0,No ,No,Online,22-Mar-2021 04:00 PM,Municipal Bodies||Cuttack Municipal Corporation,CMC,753012.0,1.0,,CHITTA RANJAN SAHOO,"357,042",Accepted-AOC,09-Dec-2021,Municipal Bodies||Cuttack Municipal Corporation,C2_Irrigation,canal,DamageResponse,False,False
2021_ORULB_66839_13,11/SMC_SBP/2020-21,Construction of Road near Nanakram School at Daldalipada Ward No-17,Construction of Road near Nanakram School at Daldalipada Ward No-17,Works,Open Tender,Percentage,Civil Works - Others,No,No,NA ,04-Mar-2021 11:00 AM,NA ,120.0,No ,No,Online,18-Mar-2021 11:00 AM,Municipal Bodies||Sambalpur Municipal Corporation,Sambalpur,768001.0,1.0,"4,01,440",JAYANTA KUMAR MEHER,"401,440.35",Accepted-AOC,04-Dec-2021,Municipal Bodies||Sambalpur Municipal Corporation,C2_Irrigation,lip,Mitigation,False,False
2021_ORULB_72767_8,NAC-ODG-03/2021-22,RCC Drain,"Construction of RCC Drain from the house of Sribatchha Sahoo to Radhamadhab Tarun Seba sangha house at Puspa Bhandar Sahi ,Ward-13",Works,Open Tender,Percentage,Civil Works - Others,No,No,NA ,20-Nov-2021 10:00 AM,NA ,30.0,No ,No,Offline,01-Dec-2021 11:00 AM,Municipal Bodies,NAC Odagaon,751028.0,1.0,"4,46,428",SUDIPTA KUMAR MOHAPATRA,"446,428.55",Accepted-AOC,10-Dec-2021,Municipal Bodies,C5_ClimateSmartFarming,sri,Mitigation,False,False
2021_ORULB_73059_14,SNP-MUN-08/2021-22,Construction of Paver Road from Prasanta Pradhan house to Aswini Hota Ward No.2 in Sonepur Municipality,Construction of Paver Road from Prasanta Pradhan house to Aswini Hota Ward No.2 in Sonepur Municipality,Works,Open Tender,Percentage,Civil Works - Roads,No,No,NA ,25-Nov-2021 11:00 AM,NA ,120.0,No ,No,Online,06-Dec-2021 11:00 AM,Municipal Bodies||Sonepur Municipal Council,SONEPUR MUNICIPALITY,767017.0,1.0,"3,85,841",Saswat Kumar Mishra,"354,973.62",Accepted-AOC,30-Dec-2021,Municipal Bodies||Sonepur Municipal Council,C5_ClimateSmartFarming,swi,Mitigation,False,False
2021_OSAMB_71807_1,RMC Boudh- 03/2020-21,Construction of Different Type of Infrastructure at Khuntabandh and Model Market Yard Under RMC Boudh,As per DTCN,Works,Open Tender,Percentage,Civil Works - Buildings,No,No,NA ,21-Oct-2021 10:00 AM,NA ,90.0,No ,No,Online,03-Nov-2021 10:00 AM,Odisha State Agricultural Marketing Board||RMC Boudh,Khuntabandh,762014.0,2.0,"74,74,027",Basanta Kumar Swain,"7,361,916",Accepted-AOC,03-Dec-2021,Odisha State Agricultural Marketing Board||RMC Boudh,C2_Irrigation,rmc,Unknown,False,False
2021_SERIF_71808_14,VI-38(06)/SERIFED/2021-22/ 1339,"Construction of Common Facility Centre at Tara Tarini Mahila WCS, Cuttack.","Construction of Common Facility Centre at Tara Tarini Mahila WCS, Cuttack.",Works,Open Tender,Item Rate,Civil Works - Buildings,No,No,NA ,21-Oct-2021 06:55 PM,NA ,90.0,No ,No,Online,29-Oct-2021 11:30 AM,Odisha Cooperative Tasar and Silk Federation LTD,"Tara Tarini Mahila WCS, Cuttack",753002.0,1.0,,BISWAJIT BHARATI,"1,009,971.81",Accepted-AOC,31-Dec-2021,Odisha Cooperative Tasar and Silk Federation LTD,C8_Scheme,omm,Mitigation,False,False
2021_SERIF_71808_15,VI-38(06)/SERIFED/2021-22/ 1339,"Construction of Common Facility Centre at Nilagiri Adivasi WCS, Balesore.","Construction of Common Facility Centre at Nilagiri Adivasi WCS, Balesore.",Works,Open Tender,Item Rate,Civil Works - Buildings,No,No,NA ,21-Oct-2021 06:55 PM,NA ,90.0,No ,No,Online,29-Oct-2021 11:30 AM,Odisha Cooperative Tasar and Silk Federation LTD,"Nilagiri Adivasi WCS, Balesore",756040.0,1.0,,BISWAJIT BHARATI,"1,009,971.81",Accepted-AOC,30-Dec-2021,Odisha Cooperative Tasar and Silk Federation LTD,C8_Scheme,omm,Mitigation,False,False
2021_WCUTT_72031_1,WATCO (W) - 08 /2021-22 Dtd.21.10.2021_1,"Shifting Utility Water Supply pipelines (Widening and Strengthening of Taladanda Canal Embankment road on Left sides (NH-16 Junction to Nayabazar Junction) from 3/520km to 5/063km Under WATCO Section, Nayabazar, Cuttack","Shifting Utility Water Supply pipelines (Widening and Strengthening of Taladanda Canal Embankment road on Left sides (NH-16 Junction to Nayabazar Junction) from 3/520km to 5/063km Under WATCO Section, Nayabazar, Cuttack",Works,National Competitive Bid,Percentage,Civil Works - Water Works,No,No,NA ,29-Oct-2021 09:00 AM,NA ,120.0,No ,No,Online,16-Nov-2021 12:30 PM,WATCO Bhubaneswar||Director (Operation) Watco||WATCO Division Cuttack,Cuttack,753003.0,1.0,"25,87,278",BHARAT DAS,"2,199,445",Accepted-AOC,08-Dec-2021,WATCO Bhubaneswar||Director (Operation) Watco||WATCO Division Cuttack,C2_Irrigation|C4_FloodCyclone,canal|embankment,Mitigation,False,False
2021_WCUTT_72035_1,WATCO (W) - 08 /2021-22 Dtd.21.10.2021_2,"Widening and Strengthening of Taladanda Canal Embankment road on 3/625Km to 5/200Km on RHS, Shifting of PHD Pipelines","Widening and Strengthening of Taladanda Canal Embankment road on 3/625Km to 5/200Km on RHS, Shifting of PHD Pipelines",Works,National Competitive Bid,Percentage,Civil Works - Water Works,No,No,NA ,29-Oct-2021 09:00 AM,NA ,120.0,No ,No,Online,16-Nov-2021 12:30 PM,WATCO Bhubaneswar||Director (Operation) Watco||WATCO Division Cuttack,Cuttack,753003.0,2.0,"52,53,123",ARATA RANJAN BISWAL,"4,465,680",Accepted-AOC,13-Dec-2021,WATCO Bhubaneswar||Director (Operation) Watco||WATCO Division Cuttack,C2_Irrigation|C4_FloodCyclone,canal|embankment,Mitigation,False,False
2020_OLIC_63605_4,14/2020-21 OLIC/ Dt 02.11.2020,INSTALATION AND ENERGISATION OF PATAPUR-VI LI PROJECT,INSTALATION AND ENERGISATION OF PATAPUR-VI LI PROJECT,Works,Open Tender,Percentage,Civil Works - Lift Irrigation Schemes,No,No,NA ,06-Nov-2020 11:00 AM,NA ,90.0,No ,No,Online,19-Nov-2020 11:00 AM,"Orissa Lift Irrigation Corporation||LI,Central Circle, Cuttack||LI Division Cuttack",BANKI-II BLOCK,754001.0,1.0,"20,75,000",AKSHAYA KUMAR MALLICK,17.64,Accepted-AOC,25-Aug-2022,"Orissa Lift Irrigation Corporation||LI,Central Circle, Cuttack||LI Division Cuttack",C2_Irrigation,irrigation|lift irrigation,Unknown,False,False
2021_CEBBS_71979_12,e-Procurement Notice No. SE-AID-7/2021-22,Improvement to Kusupangi Minor from RD 2820m to RD 3100m of Derjang Irrigation Project. (Working RD 2820m to 3134m and construction of VRC at RD 1275m and 1810m).,Improvement to Kusupangi Minor from RD 2820m to RD 3100m of Derjang Irrigation Project. (Working RD 2820m to 3134m and construction of VRC at RD 1275m and 1810m).,Works,Open Tender,Percentage,Civil Works - Canal,No,No,NA ,28-Oct-2021 10:00 AM,NA ,90.0,No ,No,Online,08-Nov-2021 10:00 AM,CE and BM Brahmani Basin Samal||SE Angul Irrigation Circle Angul||EE Angul Irrigation Division Angul,Angul,759143.0,1.0,,AMARENDRA SAMAL,"1,338,398",Accepted-AOC,17-Aug-2022,CE and BM Brahmani Basin Samal||SE Angul Irrigation Circle Angul||EE Angul Irrigation Division Angul,C2_Irrigation,irrigation,Mitigation,False,False
2021_CEBBS_71979_13,e-Procurement Notice No. SE-AID-7/2021-22,Improvement to Paniola Minor from RD 110m to RD 350m of Derjang Irrigation Project.,Improvement to Paniola Minor from RD 110m to RD 350m of Derjang Irrigation Project.,Works,Open Tender,Percentage,Civil Works - Canal,No,No,NA ,28-Oct-2021 10:00 AM,NA ,90.0,No ,No,Online,08-Nov-2021 10:00 AM,CE and BM Brahmani Basin Samal||SE Angul Irrigation Circle Angul||EE Angul Irrigation Division Angul,Angul,759143.0,1.0,,AMARENDRA SAMAL,"892,191",Accepted-AOC,17-Aug-2022,CE and BM Brahmani Basin Samal||SE Angul Irrigation Circle Angul||EE Angul Irrigation Division Angul,C2_Irrigation,irrigation,Mitigation,False,False
2021_CEBBS_71979_14,e-Procurement Notice No. SE-AID-7/2021-22,"Strengthening of Right Bank of Angul Main Canal from RD 500m to 710m, 2140m to 3470m of Derjang Irrigation Project.","Strengthening of Right Bank of Angul Main Canal from RD 500m to 710m, 2140m to 3470m of Derjang Irrigation Project.",Works,Open Tender,Percentage,Civil Works - Canal,No,No,NA ,28-Oct-2021 10:00 AM,NA ,90.0,No ,No,Online,08-Nov-2021 10:00 AM,CE and BM Brahmani Basin Samal||SE Angul Irrigation Circle Angul||EE Angul Irrigation Division Angul,Angul,759143.0,1.0,,ABHISHEK MISHRA,"805,373",Accepted-AOC,17-Aug-2022,CE and BM Brahmani Basin Samal||SE Angul Irrigation Circle Angul||EE Angul Irrigation Division Angul,C2_Irrigation,canal|irrigation,Mitigation,False,False
2021_CEBBS_71979_5,e-Procurement Notice No. SE-AID-7/2021-22,Protection to scoured bank on Ramial Right near village Koriapala at check dam of Kamakhyanagar Block.,Protection to scoured bank on Ramial Right near village Koriapala at check dam of Kamakhyanagar Block.,Works,Open Tender,Percentage,Civil Works - Others,No,No,NA ,28-Oct-2021 10:00 AM,NA ,90.0,No ,No,Online,08-Nov-2021 10:00 AM,CE and BM Brahmani Basin Samal||SE Angul Irrigation Circle Angul||EE Angul Irrigation Division Angul,Angul,759143.0,1.0,,ABHIRAM MALLIK,"968,591",Accepted-AOC,17-Aug-2022,CE and BM Brahmani Basin Samal||SE Angul Irrigation Circle Angul||EE Angul Irrigation Division Angul,C1_WaterConservation|C2_Irrigation,check dam|irrigation,Unknown,False,False
2021_CEBBS_73409_1,e-Procurement Notice No. SE-AID-10-2021-22,Improvement to Dadaraghati Dam of Dadaraghati Irrigation Project (Electrical Part).,Improvement to Dadaraghati Dam of Dadaraghati Irrigation Project (Electrical Part).,Works,Open Tender,Percentage,Electrical Works,No,No,NA ,03-Dec-2021 10:00 AM,NA ,90.0,No ,No,Online,15-Dec-2021 10:00 AM,CE and BM Brahmani Basin Samal||SE Angul Irrigation Circle Angul||EE Manjore Irr.Divn. Athamalik,Angul,759143.0,1.0,,M/s. EASTERN ENGINEERING,"1,380,727",Accepted-AOC,30-Aug-2022,CE and BM Brahmani Basin Samal||SE Angul Irrigation Circle Angul||EE Manjore Irr.Divn. Athamalik,C2_Irrigation,irrigation,Mitigation,False,False
2021_OCTDM_74405_1,GCF-W2-2/2021,GCF-W2-2/2021,Construction of Ground Water Recharge Well in Minor Irrigation tanks and Panchayati Raj and Drinking Water Department tanks Package ID- SNP-1,Works,National Competitive Bid,Item Rate,Civil Works - Others,No,No,NA ,21-Dec-2021 10:00 AM,28-Dec-2021 11:00 AM ,90.0,No ,No,Both(Online/Offline),20-Jan-2022 03:30 PM,Orissa Community Tank Development and Management Society,Bhubaneswar,751001.0,2.0,,PM CONTRACTORS PRIVATE LIMITED,"44,141,270",Accepted-AOC,05-Aug-2022,Orissa Community Tank Development and Management Society,C1_WaterConservation|C2_Irrigation|C3_Drought|C8_Scheme,ground water|ground water recharge|irrigation|minor irrigation|omm|recharge,Mitigation,False,False
2021_OCTDM_74405_3,GCF-W2-2/2021,GCF-W2-2/2021,Construction of Ground Water Recharge Well in Minor Irrigation tanks and Panchayati Raj and Drinking Water Department tanks Package ID-BOU-1,Works,National Competitive Bid,Item Rate,Civil Works - Others,No,No,NA ,21-Dec-2021 10:00 AM,28-Dec-2021 11:00 AM ,90.0,No ,No,Both(Online/Offline),20-Jan-2022 03:30 PM,Orissa Community Tank Development and Management Society,Bhubaneswar,751001.0,2.0,,PM CONTRACTORS PRIVATE LIMITED,"68,717,440",Accepted-AOC,10-Aug-2022,Orissa Community Tank Development and Management Society,C1_WaterConservation|C2_Irrigation|C3_Drought|C8_Scheme,ground water|ground water recharge|irrigation|minor irrigation|omm|recharge,Mitigation,False,False
2021_ORULB_66025_20,KM_03/2020-21,Construction of Road with paver block from Sribatsa Rout house to Laxmi Panda house at Ward No. 20,Construction of Road with paver block from Sribatsa Rout house to Laxmi Panda house at Ward No. 20,Works,Open Tender,Percentage,Civil Works - Others,No,No,NA ,04-Feb-2021 12:00 PM,NA ,90.0,No ,No,Online,17-Feb-2021 11:00 AM,Municipal Bodies||Kendrapara Municipality,Kendrapara,754211.0,1.0,"1,94,017",mir salim,"192,853",Accepted-AOC,10-Aug-2022,Municipal Bodies||Kendrapara Municipality,C5_ClimateSmartFarming,sri,Mitigation,False,False
2022_IDCL_76496_1,IDCOL/E-PROC/GEO/790/2022,DIAMOND CORE DRILLING WORK FOR THAKURANI BLOCK A IRON ORE PL AREA IN BARBIL REGION OF IDCOL IN KEONJHAR DISTRICT OF ODISHA,DIAMOND CORE DRILLING WORK FOR THAKURANI BLOCK A IRON ORE PL AREA IN BARBIL REGION OF IDCOL IN KEONJHAR DISTRICT OF ODISHA,Services,Open Tender,Item Rate,Miscellaneous Services,No,No,NA ,26-Mar-2022 11:30 AM,05-Apr-2022 11:30 AM ,180.0,No ,No,Online,19-Apr-2022 11:30 AM,Industrial Development Corporation of Odisha Limited,"Thakurani Block-A,Barbil",758035.0,2.0,,KARTIKAY EXPLORATION AND MINING SERVICES PVT LTD,"65,559,375",Accepted-AOC,05-Aug-2022,Industrial Development Corporation of Odisha Limited,C1_WaterConservation,mit,Mitigation,False,False
2022_OMC_76031_1,OMC/E-PROC/CnP/37/2022 Date 11/02/2022,"SUPPLY, INSTALLATION, ERECTION ,COMMISSIONING AND TWO YEARS AMC OF ONE 80MT ELECTRONIC WEIGH BRIDGE ALONGWITH BUNK HOUSE CONTROL ROOM AT AMPAVALLI LIMESTONE MINE, POTTANGI, OF IDCOL, DIST-KORAPUT OF ODISHA","SUPPLY, INSTALLATION, ERECTION ,COMMISSIONING AND TWO YEARS AMC OF ONE 80MT ELECTRONIC WEIGH BRIDGE ALONGWITH BUNK HOUSE CONTROL ROOM AT AMPAVALLI LIMESTONE MINE, POTTANGI, OF IDCOL, DIST-KORAPUT OF ODISHA",Goods,Open Tender,Item Rate,Miscellaneous Goods,No,No,NA ,14-Feb-2022 05:45 PM,23-Feb-2022 04:00 PM ,180.0,No ,No,Online,15-Mar-2022 05:00 PM,Orissa Mining Corporation,AMPAVALLI LIMESTONE MINE,764039.0,2.0,,LEOTRONIC SCALES PRIVATE LIMITED,"4,012,000",Accepted-AOC,05-Aug-2022,Orissa Mining Corporation,C8_Scheme,omm,Mitigation,False,False
2022_SERIF_78224_2,VI-30(14)/SERIFED/2022-23/ 656,"Construction of the common weaving centre with office room, raw material Godown, Guest room, Drum house at Mundahanapatna, Banamalipur, Khordha","Construction of the common weaving centre with office room, raw material Godown, Guest room, Drum house at Mundahanapatna, Banamalipur, Khordha",Works,Open Tender,Item Rate,Civil Works - Buildings,No,No,NA ,08-Jun-2022 02:00 PM,NA ,90.0,No ,No,Online,17-Jun-2022 11:30 AM,Odisha Cooperative Tasar and Silk Federation LTD,Mundahanapatna WCS Banamalipur Khordha,752103.0,2.0,,PARIKSHITA BARIK,"5,773,435.01",Accepted-AOC,05-Aug-2022,Odisha Cooperative Tasar and Silk Federation LTD,C2_Irrigation|C8_Scheme,lip|omm,Mitigation,False,False
2022_WATCO_76588_1,WATCO (W)-40(7)/ 2021-22 Dt.28.03.2022,"Design, Construction, Testing and Commissioning of RCC ESR of capacity 21.35 lakh litre at Kimbhiria , GGP Colony in Bhubaneswar","Design, Construction, Testing and Commissioning of RCC ESR of capacity 21.35 lakh litre at Kimbhiria , GGP Colony in Bhubaneswar",Works,National Competitive Bid,Percentage,Civil Works - Water Works,No,No,NA ,06-Apr-2022 11:00 AM,NA ,120.0,No ,No,Online,21-Apr-2022 12:30 PM,WATCO Bhubaneswar,GGP Colony in Bhubaneswar,751025.0,2.0,"6,61,85,000",Kariwala Brothers Aquastructure Private Limited,"68,038,180",Accepted-AOC,03-Aug-2022,WATCO Bhubaneswar,C8_Scheme,omm,Mitigation,False,False
2020_OLIC_63876_6,1952 /2020-21 Dt. 02.11.2020,INSTALATION AND ENERGISATION OF BALINASI LI PROJECT,INSTALATION AND ENERGISATION OF BALINASI LI PROJECT,Works,Open Tender,Percentage,Civil Works - Lift Irrigation Schemes,No,No,NA ,17-Nov-2020 02:00 PM,NA ,90.0,No ,No,Online,04-Dec-2020 11:00 AM,"Orissa Lift Irrigation Corporation||LI,Central Circle, Cuttack||LI,Division, Bhubaneswar",CHILIKA BLOCK,754001.0,1.0,,ABINASH BISWAL,"1,115,801",Accepted-AOC,29-Nov-2022,"Orissa Lift Irrigation Corporation||LI,Central Circle, Cuttack||LI,Division, Bhubaneswar",C2_Irrigation,irrigation|lift irrigation,Unknown,False,False
2020_OLIC_65103_2,Bid Identification No.21/2020-21 OLIC/ Dt.29.12.20,INSTALATION AND ENERGISATION OF M.BERHAMPUR-I LI PROJECT,INSTALATION AND ENERGISATION OF M.BERHAMPUR-I LI PROJECT,Works,Open Tender,Percentage,Civil Works - Lift Irrigation Schemes,No,No,NA ,02-Jan-2021 11:00 AM,NA ,90.0,No ,No,Online,14-Jan-2021 11:00 AM,"Orissa Lift Irrigation Corporation||LI,Central Circle, Cuttack||LI Division Cuttack",JAGASINGHPUR BLOCK,754001.0,1.0,,BIPIN BIHARI RAY,"1,078,112",Accepted-AOC,10-Nov-2022,"Orissa Lift Irrigation Corporation||LI,Central Circle, Cuttack||LI Division Cuttack",C2_Irrigation,irrigation|lift irrigation,Unknown,False,False
2020_OLIC_65103_3,Bid Identification No.21/2020-21 OLIC/ Dt.29.12.20,INSTALATION AND ENERGISATION OF M.BERHAMPUR-II LI PROJECT,INSTALATION AND ENERGISATION OF M.BERHAMPUR-II LI PROJECT,Works,Open Tender,Percentage,Civil Works - Lift Irrigation Schemes,No,No,NA ,02-Jan-2021 11:00 AM,NA ,90.0,No ,No,Online,14-Jan-2021 11:00 AM,"Orissa Lift Irrigation Corporation||LI,Central Circle, Cuttack||LI Division Cuttack",JAGASINGHPUR BLOCK,754001.0,1.0,,BIPIN BIHARI RAY,"1,075,381",Accepted-AOC,10-Nov-2022,"Orissa Lift Irrigation Corporation||LI,Central Circle, Cuttack||LI Division Cuttack",C2_Irrigation,irrigation|lift irrigation,Unknown,False,False
2021_OLIC_67654_2,"Bid Identification No.24 / 2020-21, OLIC (CTC) / D",INSTALLATION AND ENERGISATION OF SARAN-II TW LI PROJECT,INSTALLATION AND ENERGISATION OF SARAN-II TW LI PROJECT,Works,Open Tender,Percentage,Civil Works - Lift Irrigation Schemes,No,No,NA ,08-Apr-2021 10:00 AM,NA ,90.0,No ,No,Online,16-Apr-2021 10:00 AM,"Orissa Lift Irrigation Corporation||LI,Central Circle, Cuttack||LI Division Cuttack",BALIKUDA BLOCK,754001.0,1.0,,AVIJIT MOHANTY,"1,504,225",Accepted-AOC,03-Nov-2022,"Orissa Lift Irrigation Corporation||LI,Central Circle, Cuttack||LI Division Cuttack",C2_Irrigation,irrigation|lift irrigation|tw ,Mitigation,False,False
2021_OLIC_71348_2,e-Procurement BID ID No. 05 EELID (KJR/2021-22),Installation of 29 nos. Shallow Tubewell under Ghasipura and Hatadihi block in Keonjhar district,"Installation, Electrification and Energisation of 29 nos. Shallow Tubewell in cluster basis under Ghasipura and Hatadihi block in Keonjhar district",Works,National Competitive Bid,Percentage,Civil Works - Lift Irrigation Schemes,No,No,NA ,27-Sep-2021 10:00 AM,NA ,180.0,No ,No,Online,07-Oct-2021 11:00 AM,Orissa Lift Irrigation Corporation||LI ANGUL||LI Division Keonjhar,Keonjhar,758001.0,2.0,,"m s mahabir borewell and equipments, prop.padmalava mallick","8,015,495",Accepted-AOC,28-Nov-2022,Orissa Lift Irrigation Corporation||LI ANGUL||LI Division Keonjhar,C2_Irrigation,irrigation|lift irrigation,Mitigation,False,False
2021_OLIC_71481_10,1859/22.09.2021,Binjili-III L.I.P,"Re-installation, electrification and Commissioning of defunct Binjili-III L.I.P under Kosagumuda Block of Nabarangpur District",Works,Open Tender,Percentage,Civil Works - Lift Irrigation Schemes,No,No,NA ,07-Oct-2021 10:00 AM,NA ,180.0,No ,No,Online,25-Oct-2021 11:00 AM,Orissa Lift Irrigation Corporation||LI KORAPUT||LI Division Nawarangpur,Nabarangpur,764059.0,1.0,"15,42,000",CHANDAN NAYAK,"1,684,933",Accepted-AOC,04-Nov-2022,Orissa Lift Irrigation Corporation||LI KORAPUT||LI Division Nawarangpur,C2_Irrigation|C3_Drought|C8_Scheme,defunct|irrigation|l.i.|lift irrigation|omm,Mitigation,False,False
2021_OLIC_71481_16,1859/22.09.2021,Bairagiguda-III L.I.P,"Re-installation, electrification and Commissioning of defunct Bairagiguda-III L.I.P under Nanadahandi Block of Nabarangpur District",Works,Open Tender,Percentage,Civil Works - Lift Irrigation Schemes,No,No,NA ,07-Oct-2021 10:00 AM,NA ,180.0,No ,No,Online,25-Oct-2021 11:00 AM,Orissa Lift Irrigation Corporation||LI KORAPUT||LI Division Nawarangpur,Nabarangpur,764059.0,1.0,"14,47,500",CHANDAN NAYAK,"1,590,203",Accepted-AOC,04-Nov-2022,Orissa Lift Irrigation Corporation||LI KORAPUT||LI Division Nawarangpur,C2_Irrigation|C3_Drought|C8_Scheme,defunct|irrigation|l.i.|lift irrigation|omm,Mitigation,False,False
2021_OLIC_71481_19,1859/22.09.2021,Dohana-III L.I.P,"Re-installation, electrification and Commissioning of defunct Dohana-III L.I.P under Nanadahandi Block of Nabarangpur District",Works,Open Tender,Percentage,Civil Works - Lift Irrigation Schemes,No,No,NA ,07-Oct-2021 10:00 AM,NA ,180.0,No ,No,Online,25-Oct-2021 11:00 AM,Orissa Lift Irrigation Corporation||LI KORAPUT||LI Division Nawarangpur,Nabarangpur,764059.0,1.0,"14,30,500",CHANDAN NAYAK,"1,596,045",Accepted-AOC,04-Nov-2022,Orissa Lift Irrigation Corporation||LI KORAPUT||LI Division Nawarangpur,C2_Irrigation|C3_Drought|C8_Scheme,defunct|irrigation|l.i.|lift irrigation|omm,Mitigation,False,False
2021_OLIC_71481_23,1859/22.09.2021,Taladahibhata-I L.I.P,"Re-installation, electrification and Commissioning of defunct Taladahibhata-I L.I.P under Nanadahandi Block of Nabarangpur District",Works,Open Tender,Percentage,Civil Works - Lift Irrigation Schemes,No,No,NA ,07-Oct-2021 10:00 AM,NA ,180.0,No ,No,Online,25-Oct-2021 11:00 AM,Orissa Lift Irrigation Corporation||LI KORAPUT||LI Division Nawarangpur,Nabarangpur,764059.0,1.0,"14,26,000",M/S MAHAMAYEE ENTERPRISES,"1,591,489",Accepted-AOC,04-Nov-2022,Orissa Lift Irrigation Corporation||LI KORAPUT||LI Division Nawarangpur,C2_Irrigation|C3_Drought|C8_Scheme,defunct|irrigation|l.i.|lift irrigation|omm,Mitigation,False,False
2021_OLIC_71481_24,1859/22.09.2021,Doleiguda-II,"Re-installation, electrification and Commissioning of defunct Doleiguda-II L.I.P under Papadahandi Block of Nabarangpur District",Works,Open Tender,Percentage,Civil Works - Lift Irrigation Schemes,No,No,NA ,07-Oct-2021 10:00 AM,NA ,180.0,No ,No,Online,25-Oct-2021 11:00 AM,Orissa Lift Irrigation Corporation||LI KORAPUT||LI Division Nawarangpur,Nabarangpur,764059.0,1.0,"14,28,000",CHANDAN NAYAK,"1,593,247",Accepted-AOC,04-Nov-2022,Orissa Lift Irrigation Corporation||LI KORAPUT||LI Division Nawarangpur,C2_Irrigation|C3_Drought|C8_Scheme,defunct|irrigation|l.i.|lift irrigation|omm,Mitigation,False,False
2021_OLIC_71481_25,1859/22.09.2021,Musapala L.I.P,"Re-installation, electrification and Commissioning of defunct Musapala L.I.P under Papadahandi Block of Nabarangpur District",Works,Open Tender,Percentage,Civil Works - Lift Irrigation Schemes,No,No,NA ,07-Oct-2021 10:00 AM,NA ,180.0,No ,No,Online,25-Oct-2021 11:00 AM,Orissa Lift Irrigation Corporation||LI KORAPUT||LI Division Nawarangpur,Nabarangpur,764059.0,1.0,"14,21,500",CHANDAN NAYAK,"1,578,174",Accepted-AOC,04-Nov-2022,Orissa Lift Irrigation Corporation||LI KORAPUT||LI Division Nawarangpur,C2_Irrigation|C3_Drought|C8_Scheme,defunct|irrigation|l.i.|lift irrigation|omm,Mitigation,False,False
2021_OLIC_71481_5,1859/22.09.2021,Sandhimunda-II L.I.P,"Re-installation, electrification and Commissioning of defunct Sandhimunda-II L.I.P under Chandahandi Block of Nabarangpur District",Works,Open Tender,Percentage,Civil Works - Lift Irrigation Schemes,No,No,NA ,07-Oct-2021 10:00 AM,NA ,180.0,No ,No,Online,25-Oct-2021 11:00 AM,Orissa Lift Irrigation Corporation||LI KORAPUT||LI Division Nawarangpur,Nabarangpur,764059.0,1.0,"13,82,500",DHARITRI PADHY,"1,524,774",Accepted-AOC,04-Nov-2022,Orissa Lift Irrigation Corporation||LI KORAPUT||LI Division Nawarangpur,C2_Irrigation|C3_Drought|C8_Scheme,defunct|irrigation|l.i.|lift irrigation|omm,Mitigation,False,False
2021_OLIC_71481_8,1859/22.09.2021,Ekamba-I L.I.P,"Re-installation, electrification and Commissioning of defunct Ekamba-I L.I.P under Jharigam Block of Nabarangpur District",Works,Open Tender,Percentage,Civil Works - Lift Irrigation Schemes,No,No,NA ,07-Oct-2021 10:00 AM,NA ,180.0,No ,No,Online,25-Oct-2021 11:00 AM,Orissa Lift Irrigation Corporation||LI KORAPUT||LI Division Nawarangpur,Nabarangpur,764059.0,1.0,"13,95,000",CHANDAN NAYAK,"1,536,740",Accepted-AOC,04-Nov-2022,Orissa Lift Irrigation Corporation||LI KORAPUT||LI Division Nawarangpur,C2_Irrigation|C3_Drought|C8_Scheme,defunct|irrigation|l.i.|lift irrigation|omm,Mitigation,False,False
2021_OLIC_71563_1,e-Procurement BID ID No. 06/2021-22,Revival of Sankarpur-VI l.I. Project under Keonjhar block in Keonjhar district,Revival of Sankarpur-VI l.I. Project under Keonjhar block in Keonjhar district,Works,National Competitive Bid,Percentage,Civil Works - Lift Irrigation Schemes,No,No,NA ,05-Oct-2021 04:00 PM,NA ,180.0,No ,No,Online,21-Oct-2021 11:00 AM,Orissa Lift Irrigation Corporation||LI ANGUL||LI Division Keonjhar,Keonjhar,758001.0,1.0,,DUKHABANDHU SETHY,"1,250,360",Accepted-AOC,30-Nov-2022,Orissa Lift Irrigation Corporation||LI ANGUL||LI Division Keonjhar,C2_Irrigation|C3_Drought,irrigation|l.i.|l.i. project|lift irrigation|revival,Unknown,False,False
2021_OLIC_71563_2,e-Procurement BID ID No. 06/2021-22,Revival of Jogimatha-I l.I. Project under Keonjhar block in Keonjhar district,Revival of Jogimatha-I l.I. Project under Keonjhar block in Keonjhar district,Works,National Competitive Bid,Percentage,Civil Works - Lift Irrigation Schemes,No,No,NA ,05-Oct-2021 04:00 PM,NA ,180.0,No ,No,Online,21-Oct-2021 11:00 AM,Orissa Lift Irrigation Corporation||LI ANGUL||LI Division Keonjhar,Keonjhar,758001.0,1.0,,DUKHABANDHU SETHY,"1,247,304",Accepted-AOC,30-Nov-2022,Orissa Lift Irrigation Corporation||LI ANGUL||LI Division Keonjhar,C2_Irrigation|C3_Drought,irrigation|l.i.|l.i. project|lift irrigation|revival,Unknown,False,False
2021_OLIC_71563_4,e-Procurement BID ID No. 06/2021-22,Revival of Anara-II l.I. Project under Banspal block in Keonjhar district,Revival of Anara-II l.I. Project under Banspal block in Keonjhar district,Works,National Competitive Bid,Percentage,Civil Works - Lift Irrigation Schemes,No,No,NA ,05-Oct-2021 04:00 PM,NA ,180.0,No ,No,Online,21-Oct-2021 11:00 AM,Orissa Lift Irrigation Corporation||LI ANGUL||LI Division Keonjhar,Keonjhar,758001.0,1.0,,ALOKA KUMAR BHUYAN,"1,242,514",Accepted-AOC,30-Nov-2022,Orissa Lift Irrigation Corporation||LI ANGUL||LI Division Keonjhar,C2_Irrigation|C3_Drought,irrigation|l.i.|l.i. project|lift irrigation|revival,Unknown,False,False
2021_OLIC_74613_10,06/21-22 dt 18.12.2021,Berhampur-Huja,Berhampur-Huja,Works,Open Tender,Turn-key,Civil Works - Lift Irrigation Schemes,No,No,NA ,23-Dec-2021 11:00 AM,NA ,365.0,No ,No,Online,07-Jan-2022 11:00 AM,Orissa Lift Irrigation Corporation||LI BALASORE||LI Division Balasore,"BALIA,BALASORE,ODISHA",756056.0,1.0,"21,22,060",GOPINATH DAS,"2,258,109",Accepted-AOC,16-Nov-2022,Orissa Lift Irrigation Corporation||LI BALASORE||LI Division Balasore,C2_Irrigation,irrigation|lift irrigation,Unknown,False,False
2021_OLIC_74613_109,06/21-22 dt 18.12.2021,Jenabarei-III,Jenabarei-III,Works,Open Tender,Turn-key,Civil Works - Lift Irrigation Schemes,No,No,NA ,23-Dec-2021 11:00 AM,NA ,365.0,No ,No,Online,07-Jan-2022 11:00 AM,Orissa Lift Irrigation Corporation||LI BALASORE||LI Division Balasore,"BALIA,BALASORE,ODISHA",756056.0,1.0,"20,62,819",MS AYUSH ENGINEERING AND COMPANY,"2,266,461",Accepted-AOC,18-Nov-2022,Orissa Lift Irrigation Corporation||LI BALASORE||LI Division Balasore,C2_Irrigation,irrigation|lift irrigation,Unknown,False,False
2021_OLIC_74613_110,06/21-22 dt 18.12.2021,Mahadia-II,Mahadia-II,Works,Open Tender,Turn-key,Civil Works - Lift Irrigation Schemes,No,No,NA ,23-Dec-2021 11:00 AM,NA ,365.0,No ,No,Online,07-Jan-2022 11:00 AM,Orissa Lift Irrigation Corporation||LI BALASORE||LI Division Balasore,"BALIA,BALASORE,ODISHA",756056.0,1.0,"19,75,168",MS AYUSH ENGINEERING AND COMPANY,"2,156,883",Accepted-AOC,18-Nov-2022,Orissa Lift Irrigation Corporation||LI BALASORE||LI Division Balasore,C2_Irrigation,irrigation|lift irrigation,Unknown,False,False
2021_OLIC_74613_112,06/21-22 dt 18.12.2021,Tadaf-IV,Tadaf-IV,Works,Open Tender,Turn-key,Civil Works - Lift Irrigation Schemes,No,No,NA ,23-Dec-2021 11:00 AM,NA ,365.0,No ,No,Online,07-Jan-2022 11:00 AM,Orissa Lift Irrigation Corporation||LI BALASORE||LI Division Balasore,"BALIA,BALASORE,ODISHA",756056.0,1.0,"19,56,054",MS AYUSH ENGINEERING AND COMPANY,"2,142,583",Accepted-AOC,18-Nov-2022,Orissa Lift Irrigation Corporation||LI BALASORE||LI Division Balasore,C2_Irrigation,irrigation|lift irrigation,Unknown,False,False
2021_OLIC_74613_113,06/21-22 dt 18.12.2021,Tadaf-V,Tadaf-V,Works,Open Tender,Turn-key,Civil Works - Lift Irrigation Schemes,No,No,NA ,23-Dec-2021 11:00 AM,NA ,365.0,No ,No,Online,07-Jan-2022 11:00 AM,Orissa Lift Irrigation Corporation||LI BALASORE||LI Division Balasore,"BALIA,BALASORE,ODISHA",756056.0,1.0,"19,98,731",MS AYUSH ENGINEERING AND COMPANY,"2,187,092",Accepted-AOC,18-Nov-2022,Orissa Lift Irrigation Corporation||LI BALASORE||LI Division Balasore,C2_Irrigation,irrigation|lift irrigation,Unknown,False,False
2021_OLIC_74613_114,06/21-22 dt 18.12.2021,Tadaf-VI,Tadaf-VI,Works,Open Tender,Turn-key,Civil Works - Lift Irrigation Schemes,No,No,NA ,23-Dec-2021 11:00 AM,NA ,365.0,No ,No,Online,07-Jan-2022 11:00 AM,Orissa Lift Irrigation Corporation||LI BALASORE||LI Division Balasore,"BALIA,BALASORE,ODISHA",756056.0,1.0,"19,93,458",MS AYUSH ENGINEERING AND COMPANY,"2,183,554",Accepted-AOC,18-Nov-2022,Orissa Lift Irrigation Corporation||LI BALASORE||LI Division Balasore,C2_Irrigation,irrigation|lift irrigation,Unknown,False,False
2021_OLIC_74613_116,06/21-22 dt 18.12.2021,Birasahapura,Birasahapura,Works,Open Tender,Turn-key,Civil Works - Lift Irrigation Schemes,No,No,NA ,23-Dec-2021 11:00 AM,NA ,365.0,No ,No,Online,07-Jan-2022 11:00 AM,Orissa Lift Irrigation Corporation||LI BALASORE||LI Division Balasore,"BALIA,BALASORE,ODISHA",756056.0,1.0,"25,01,618",AMALENDU NAYAK,"2,714,676",Accepted-AOC,18-Nov-2022,Orissa Lift Irrigation Corporation||LI BALASORE||LI Division Balasore,C2_Irrigation,irrigation|lift irrigation,Unknown,False,False
2021_OLIC_74613_119,06/21-22 dt 18.12.2021,Dhobasila-VI,Dhobasila-VI,Works,Open Tender,Turn-key,Civil Works - Lift Irrigation Schemes,No,No,NA ,23-Dec-2021 11:00 AM,NA ,365.0,No ,No,Online,07-Jan-2022 11:00 AM,Orissa Lift Irrigation Corporation||LI BALASORE||LI Division Balasore,"BALIA,BALASORE,ODISHA",756056.0,1.0,"25,00,926",MS AYUSH ENGINEERING AND COMPANY,"2,747,818",Accepted-AOC,18-Nov-2022,Orissa Lift Irrigation Corporation||LI BALASORE||LI Division Balasore,C2_Irrigation,irrigation|lift irrigation,Unknown,False,False
2021_OLIC_74613_121,06/21-22 dt 18.12.2021,Kantabania-I,Kantabania-I,Works,Open Tender,Turn-key,Civil Works - Lift Irrigation Schemes,No,No,NA ,23-Dec-2021 11:00 AM,NA ,365.0,No ,No,Online,07-Jan-2022 11:00 AM,Orissa Lift Irrigation Corporation||LI BALASORE||LI Division Balasore,"BALIA,BALASORE,ODISHA",756056.0,1.0,"25,11,753",MS AYUSH ENGINEERING AND COMPANY,"2,759,714",Accepted-AOC,18-Nov-2022,Orissa Lift Irrigation Corporation||LI BALASORE||LI Division Balasore,C2_Irrigation,irrigation|lift irrigation,Unknown,False,False
2021_OLIC_74613_122,06/21-22 dt 18.12.2021,Kantabania-II,Kantabania-II,Works,Open Tender,Turn-key,Civil Works - Lift Irrigation Schemes,No,No,NA ,23-Dec-2021 11:00 AM,NA ,365.0,No ,No,Online,07-Jan-2022 11:00 AM,Orissa Lift Irrigation Corporation||LI BALASORE||LI Division Balasore,"BALIA,BALASORE,ODISHA",756056.0,1.0,"25,15,902",MS AYUSH ENGINEERING AND COMPANY,"2,764,272",Accepted-AOC,19-Nov-2022,Orissa Lift Irrigation Corporation||LI BALASORE||LI Division Balasore,C2_Irrigation,irrigation|lift irrigation,Unknown,False,False
2021_OLIC_74613_123,06/21-22 dt 18.12.2021,Kantabania-III,Kantabania-III,Works,Open Tender,Turn-key,Civil Works - Lift Irrigation Schemes,No,No,NA ,23-Dec-2021 11:00 AM,NA ,365.0,No ,No,Online,07-Jan-2022 11:00 AM,Orissa Lift Irrigation Corporation||LI BALASORE||LI Division Balasore,"BALIA,BALASORE,ODISHA",756056.0,1.0,"24,75,600",MS AYUSH ENGINEERING AND COMPANY,"2,719,991",Accepted-AOC,18-Nov-2022,Orissa Lift Irrigation Corporation||LI BALASORE||LI Division Balasore,C2_Irrigation,irrigation|lift irrigation,Unknown,False,False
2021_OLIC_74613_124,06/21-22 dt 18.12.2021,Kantabania-IV,Kantabania-IV,Works,Open Tender,Turn-key,Civil Works - Lift Irrigation Schemes,No,No,NA ,23-Dec-2021 11:00 AM,NA ,365.0,No ,No,Online,07-Jan-2022 11:00 AM,Orissa Lift Irrigation Corporation||LI BALASORE||LI Division Balasore,"BALIA,BALASORE,ODISHA",756056.0,1.0,"25,75,873",MS AYUSH ENGINEERING AND COMPANY,"2,830,163",Accepted-AOC,19-Nov-2022,Orissa Lift Irrigation Corporation||LI BALASORE||LI Division Balasore,C2_Irrigation,irrigation|lift irrigation,Unknown,False,False
2021_OLIC_74613_129,06/21-22 dt 18.12.2021,Sarupal,Sarupal,Works,Open Tender,Turn-key,Civil Works - Lift Irrigation Schemes,No,No,NA ,23-Dec-2021 11:00 AM,NA ,365.0,No ,No,Online,07-Jan-2022 11:00 AM,Orissa Lift Irrigation Corporation||LI BALASORE||LI Division Balasore,"BALIA,BALASORE,ODISHA",756056.0,1.0,"24,43,016",MS AYUSH ENGINEERING AND COMPANY,"2,686,926",Accepted-AOC,18-Nov-2022,Orissa Lift Irrigation Corporation||LI BALASORE||LI Division Balasore,C2_Irrigation,irrigation|lift irrigation,Unknown,False,False
2021_OLIC_74613_13,06/21-22 dt 18.12.2021,Chasakhanda,Chasakhanda,Works,Open Tender,Turn-key,Civil Works - Lift Irrigation Schemes,No,No,NA ,23-Dec-2021 11:00 AM,NA ,365.0,No ,No,Online,07-Jan-2022 11:00 AM,Orissa Lift Irrigation Corporation||LI BALASORE||LI Division Balasore,"BALIA,BALASORE,ODISHA",756056.0,1.0,"21,38,912",M/S.BAISAKHI CONSTRUCTION PVT.LTD,"2,036,483",Accepted-AOC,16-Nov-2022,Orissa Lift Irrigation Corporation||LI BALASORE||LI Division Balasore,C2_Irrigation,irrigation|lift irrigation,Unknown,False,False
2021_OLIC_74613_138,06/21-22 dt 18.12.2021,Dhimpura,Dhimpura,Works,Open Tender,Turn-key,Civil Works - Lift Irrigation Schemes,No,No,NA ,23-Dec-2021 11:00 AM,NA ,365.0,No ,No,Online,07-Jan-2022 11:00 AM,Orissa Lift Irrigation Corporation||LI BALASORE||LI Division Balasore,"BALIA,BALASORE,ODISHA",756056.0,1.0,"21,16,100",MS AYUSH ENGINEERING AND COMPANY,"2,325,002",Accepted-AOC,18-Nov-2022,Orissa Lift Irrigation Corporation||LI BALASORE||LI Division Balasore,C2_Irrigation,irrigation|lift irrigation,Unknown,False,False
2021_OLIC_74613_140,06/21-22 dt 18.12.2021,Garudahata-II,Garudahata-II,Works,Open Tender,Turn-key,Civil Works - Lift Irrigation Schemes,No,No,NA ,23-Dec-2021 11:00 AM,NA ,365.0,No ,No,Online,07-Jan-2022 11:00 AM,Orissa Lift Irrigation Corporation||LI BALASORE||LI Division Balasore,"BALIA,BALASORE,ODISHA",756056.0,1.0,"20,88,057",AMALENDU NAYAK,"2,263,554",Accepted-AOC,18-Nov-2022,Orissa Lift Irrigation Corporation||LI BALASORE||LI Division Balasore,C2_Irrigation,irrigation|lift irrigation,Unknown,False,False
2021_OLIC_74613_141,06/21-22 dt 18.12.2021,Garudahata-III,Garudahata-III,Works,Open Tender,Turn-key,Civil Works - Lift Irrigation Schemes,No,No,NA ,23-Dec-2021 11:00 AM,NA ,365.0,No ,No,Online,07-Jan-2022 11:00 AM,Orissa Lift Irrigation Corporation||LI BALASORE||LI Division Balasore,"BALIA,BALASORE,ODISHA",756056.0,1.0,"20,36,622",AJAY KUMAR GIRI,"2,207,569",Accepted-AOC,18-Nov-2022,Orissa Lift Irrigation Corporation||LI BALASORE||LI Division Balasore,C2_Irrigation,irrigation|lift irrigation,Unknown,False,False
2021_OLIC_74613_142,06/21-22 dt 18.12.2021,Garudahata-IV,Garudahata-IV,Works,Open Tender,Turn-key,Civil Works - Lift Irrigation Schemes,No,No,NA ,23-Dec-2021 11:00 AM,NA ,365.0,No ,No,Online,07-Jan-2022 11:00 AM,Orissa Lift Irrigation Corporation||LI BALASORE||LI Division Balasore,"BALIA,BALASORE,ODISHA",756056.0,1.0,"21,27,574",AJAY KUMAR GIRI,"2,329,984",Accepted-AOC,18-Nov-2022,Orissa Lift Irrigation Corporation||LI BALASORE||LI Division Balasore,C2_Irrigation,irrigation|lift irrigation,Unknown,False,False
2021_OLIC_74613_144,06/21-22 dt 18.12.2021,Iswarpur-IV,Iswarpur-IV,Works,Open Tender,Turn-key,Civil Works - Lift Irrigation Schemes,No,No,NA ,23-Dec-2021 11:00 AM,NA ,365.0,No ,No,Online,07-Jan-2022 11:00 AM,Orissa Lift Irrigation Corporation||LI BALASORE||LI Division Balasore,"BALIA,BALASORE,ODISHA",756056.0,1.0,"20,63,454",MAHASWETA DHADA,"2,080,193",Accepted-AOC,18-Nov-2022,Orissa Lift Irrigation Corporation||LI BALASORE||LI Division Balasore,C2_Irrigation,irrigation|lift irrigation,Unknown,False,False
2021_OLIC_74613_15,06/21-22 dt 18.12.2021,Genguti-IV,Genguti-IV,Works,Open Tender,Turn-key,Civil Works - Lift Irrigation Schemes,No,No,NA ,23-Dec-2021 11:00 AM,NA ,365.0,No ,No,Online,07-Jan-2022 11:00 AM,Orissa Lift Irrigation Corporation||LI BALASORE||LI Division Balasore,"BALIA,BALASORE,ODISHA",756056.0,1.0,"20,54,307",GOPINATH DAS,"2,186,013",Accepted-AOC,16-Nov-2022,Orissa Lift Irrigation Corporation||LI BALASORE||LI Division Balasore,C2_Irrigation,irrigation|lift irrigation,Unknown,False,False
2021_OLIC_74613_151,06/21-22 dt 18.12.2021,Ramachandrapur,Ramachandrapur,Works,Open Tender,Turn-key,Civil Works - Lift Irrigation Schemes,No,No,NA ,23-Dec-2021 11:00 AM,NA ,365.0,No ,No,Online,07-Jan-2022 11:00 AM,Orissa Lift Irrigation Corporation||LI BALASORE||LI Division Balasore,"BALIA,BALASORE,ODISHA",756056.0,1.0,"21,50,336",AMALENDU NAYAK,"2,333,235",Accepted-AOC,19-Nov-2022,Orissa Lift Irrigation Corporation||LI BALASORE||LI Division Balasore,C2_Irrigation,irrigation|lift irrigation,Unknown,False,False
2021_OLIC_74613_17,06/21-22 dt 18.12.2021,Gudu-VI,Gudu-VI,Works,Open Tender,Turn-key,Civil Works - Lift Irrigation Schemes,No,No,NA ,23-Dec-2021 11:00 AM,NA ,365.0,No ,No,Online,07-Jan-2022 11:00 AM,Orissa Lift Irrigation Corporation||LI BALASORE||LI Division Balasore,"BALIA,BALASORE,ODISHA",756056.0,1.0,"20,80,874",AMALENDU NAYAK,"2,253,203",Accepted-AOC,16-Nov-2022,Orissa Lift Irrigation Corporation||LI BALASORE||LI Division Balasore,C2_Irrigation,irrigation|lift irrigation,Unknown,False,False
2021_OLIC_74613_18,06/21-22 dt 18.12.2021,Hatiadiha-Kada,Hatiadiha-Kada,Works,Open Tender,Turn-key,Civil Works - Lift Irrigation Schemes,No,No,NA ,23-Dec-2021 11:00 AM,NA ,365.0,No ,No,Online,07-Jan-2022 11:00 AM,Orissa Lift Irrigation Corporation||LI BALASORE||LI Division Balasore,"BALIA,BALASORE,ODISHA",756056.0,1.0,"21,87,488",GOPINATH DAS,"2,327,732",Accepted-AOC,16-Nov-2022,Orissa Lift Irrigation Corporation||LI BALASORE||LI Division Balasore,C2_Irrigation,irrigation|lift irrigation,Unknown,False,False
2021_OLIC_74613_188,06/21-22 dt 18.12.2021,Parikul-I,Parikul-I,Works,Open Tender,Turn-key,Civil Works - Lift Irrigation Schemes,No,No,NA ,23-Dec-2021 11:00 AM,NA ,365.0,No ,No,Online,07-Jan-2022 11:00 AM,Orissa Lift Irrigation Corporation||LI BALASORE||LI Division Balasore,"BALIA,BALASORE,ODISHA",756056.0,1.0,"14,91,615",AJAY KUMAR GIRI,"1,600,109",Accepted-AOC,19-Nov-2022,Orissa Lift Irrigation Corporation||LI BALASORE||LI Division Balasore,C2_Irrigation,irrigation|lift irrigation,Unknown,False,False
2021_OLIC_74613_19,06/21-22 dt 18.12.2021,Hatiadiha-Kada-G,Hatiadiha-Kada-G,Works,Open Tender,Turn-key,Civil Works - Lift Irrigation Schemes,No,No,NA ,23-Dec-2021 11:00 AM,NA ,365.0,No ,No,Online,07-Jan-2022 11:00 AM,Orissa Lift Irrigation Corporation||LI BALASORE||LI Division Balasore,"BALIA,BALASORE,ODISHA",756056.0,1.0,"20,24,235",GOPINATH DAS,"2,154,014",Accepted-AOC,16-Nov-2022,Orissa Lift Irrigation Corporation||LI BALASORE||LI Division Balasore,C2_Irrigation,irrigation|lift irrigation,Unknown,False,False
2021_OLIC_74613_20,06/21-22 dt 18.12.2021,Hatiadiha-Karanji,Hatiadiha-Karanji,Works,Open Tender,Turn-key,Civil Works - Lift Irrigation Schemes,No,No,NA ,23-Dec-2021 11:00 AM,NA ,365.0,No ,No,Online,07-Jan-2022 11:00 AM,Orissa Lift Irrigation Corporation||LI BALASORE||LI Division Balasore,"BALIA,BALASORE,ODISHA",756056.0,1.0,"22,16,558",GOPINATH DAS,"2,358,666",Accepted-AOC,16-Nov-2022,Orissa Lift Irrigation Corporation||LI BALASORE||LI Division Balasore,C2_Irrigation,irrigation|lift irrigation,Unknown,False,False
2021_OLIC_74613_22,06/21-22 dt 18.12.2021,Hidigan-VI,Hidigan-VI,Works,Open Tender,Turn-key,Civil Works - Lift Irrigation Schemes,No,No,NA ,23-Dec-2021 11:00 AM,NA ,365.0,No ,No,Online,07-Jan-2022 11:00 AM,Orissa Lift Irrigation Corporation||LI BALASORE||LI Division Balasore,"BALIA,BALASORE,ODISHA",756056.0,1.0,"23,38,405",KAMALAKANTA DAS,"2,409,231",Accepted-AOC,17-Nov-2022,Orissa Lift Irrigation Corporation||LI BALASORE||LI Division Balasore,C2_Irrigation,irrigation|lift irrigation,Unknown,False,False
2021_OLIC_74613_23,06/21-22 dt 18.12.2021,Jamapare,Jamapare,Works,Open Tender,Turn-key,Civil Works - Lift Irrigation Schemes,No,No,NA ,23-Dec-2021 11:00 AM,NA ,365.0,No ,No,Online,07-Jan-2022 11:00 AM,Orissa Lift Irrigation Corporation||LI BALASORE||LI Division Balasore,"BALIA,BALASORE,ODISHA",756056.0,1.0,"17,63,052",NABIN KUMAR PAL,"1,856,141",Accepted-AOC,17-Nov-2022,Orissa Lift Irrigation Corporation||LI BALASORE||LI Division Balasore,C2_Irrigation,irrigation|lift irrigation,Unknown,False,False
2021_OLIC_74613_24,06/21-22 dt 18.12.2021,Jambeswarpur-V,Jambeswarpur-V,Works,Open Tender,Turn-key,Civil Works - Lift Irrigation Schemes,No,No,NA ,23-Dec-2021 11:00 AM,NA ,365.0,No ,No,Online,07-Jan-2022 11:00 AM,Orissa Lift Irrigation Corporation||LI BALASORE||LI Division Balasore,"BALIA,BALASORE,ODISHA",756056.0,1.0,"20,64,248",GOPINATH DAS,"2,237,948",Accepted-AOC,17-Nov-2022,Orissa Lift Irrigation Corporation||LI BALASORE||LI Division Balasore,C2_Irrigation,irrigation|lift irrigation,Unknown,False,False
2021_OLIC_74613_25,06/21-22 dt 18.12.2021,Jambeswarpur-VI,Jambeswarpur-VI,Works,Open Tender,Turn-key,Civil Works - Lift Irrigation Schemes,No,No,NA ,23-Dec-2021 11:00 AM,NA ,365.0,No ,No,Online,07-Jan-2022 11:00 AM,Orissa Lift Irrigation Corporation||LI BALASORE||LI Division Balasore,"BALIA,BALASORE,ODISHA",756056.0,1.0,"21,03,113",GOPINATH DAS,"2,196,592",Accepted-AOC,17-Nov-2022,Orissa Lift Irrigation Corporation||LI BALASORE||LI Division Balasore,C2_Irrigation,irrigation|lift irrigation,Unknown,False,False
2021_OLIC_74613_29,06/21-22 dt 18.12.2021,Junagadia-I,Junagadia-I,Works,Open Tender,Turn-key,Civil Works - Lift Irrigation Schemes,No,No,NA ,23-Dec-2021 11:00 AM,NA ,365.0,No ,No,Online,07-Jan-2022 11:00 AM,Orissa Lift Irrigation Corporation||LI BALASORE||LI Division Balasore,"BALIA,BALASORE,ODISHA",756056.0,1.0,"19,62,747",KARTIKA CHANDRA PUSTI,"2,088,582",Accepted-AOC,17-Nov-2022,Orissa Lift Irrigation Corporation||LI BALASORE||LI Division Balasore,C2_Irrigation,irrigation|lift irrigation,Unknown,False,False
2021_OLIC_74613_30,06/21-22 dt 18.12.2021,Junagadia-II,Junagadia-II,Works,Open Tender,Turn-key,Civil Works - Lift Irrigation Schemes,No,No,NA ,23-Dec-2021 11:00 AM,NA ,365.0,No ,No,Online,07-Jan-2022 11:00 AM,Orissa Lift Irrigation Corporation||LI BALASORE||LI Division Balasore,"BALIA,BALASORE,ODISHA",756056.0,1.0,"19,82,642",KARTIKA CHANDRA PUSTI,"2,109,752",Accepted-AOC,17-Nov-2022,Orissa Lift Irrigation Corporation||LI BALASORE||LI Division Balasore,C2_Irrigation,irrigation|lift irrigation,Unknown,False,False
2021_OLIC_74613_31,06/21-22 dt 18.12.2021,Khannagar-VII,Khannagar-VII,Works,Open Tender,Turn-key,Civil Works - Lift Irrigation Schemes,No,No,NA ,23-Dec-2021 11:00 AM,NA ,365.0,No ,No,Online,07-Jan-2022 11:00 AM,Orissa Lift Irrigation Corporation||LI BALASORE||LI Division Balasore,"BALIA,BALASORE,ODISHA",756056.0,1.0,"20,04,592",GOPINATH DAS,"2,133,111",Accepted-AOC,17-Nov-2022,Orissa Lift Irrigation Corporation||LI BALASORE||LI Division Balasore,C2_Irrigation,irrigation|lift irrigation,Unknown,False,False
2021_OLIC_74613_40,06/21-22 dt 18.12.2021,Mirigimundi-II,Mirigimundi-II,Works,Open Tender,Turn-key,Civil Works - Lift Irrigation Schemes,No,No,NA ,23-Dec-2021 11:00 AM,NA ,365.0,No ,No,Online,07-Jan-2022 11:00 AM,Orissa Lift Irrigation Corporation||LI BALASORE||LI Division Balasore,"BALIA,BALASORE,ODISHA",756056.0,1.0,"21,78,025",AJAY KUMAR GIRI,"2,339,128",Accepted-AOC,17-Nov-2022,Orissa Lift Irrigation Corporation||LI BALASORE||LI Division Balasore,C2_Irrigation,irrigation|lift irrigation,Unknown,False,False
2021_OLIC_74613_41,06/21-22 dt 18.12.2021,Mundideuli,Mundideuli,Works,Open Tender,Turn-key,Civil Works - Lift Irrigation Schemes,No,No,NA ,23-Dec-2021 11:00 AM,NA ,365.0,No ,No,Online,07-Jan-2022 11:00 AM,Orissa Lift Irrigation Corporation||LI BALASORE||LI Division Balasore,"BALIA,BALASORE,ODISHA",756056.0,1.0,"23,27,858",MAHASWETA DHADA,"2,385,327",Accepted-AOC,17-Nov-2022,Orissa Lift Irrigation Corporation||LI BALASORE||LI Division Balasore,C2_Irrigation,irrigation|lift irrigation,Unknown,False,False
2021_OLIC_74613_44,06/21-22 dt 18.12.2021,Narasinghapur,Narasinghapur,Works,Open Tender,Turn-key,Civil Works - Lift Irrigation Schemes,No,No,NA ,23-Dec-2021 11:00 AM,NA ,365.0,No ,No,Online,07-Jan-2022 11:00 AM,Orissa Lift Irrigation Corporation||LI BALASORE||LI Division Balasore,"BALIA,BALASORE,ODISHA",756056.0,1.0,"20,19,715",AMALENDU NAYAK,"2,187,206",Accepted-AOC,17-Nov-2022,Orissa Lift Irrigation Corporation||LI BALASORE||LI Division Balasore,C2_Irrigation,irrigation|lift irrigation,Unknown,False,False
2021_OLIC_74613_45,06/21-22 dt 18.12.2021,Odangi-Kulabania,Odangi-Kulabania,Works,Open Tender,Turn-key,Civil Works - Lift Irrigation Schemes,No,No,NA ,23-Dec-2021 11:00 AM,NA ,365.0,No ,No,Online,07-Jan-2022 11:00 AM,Orissa Lift Irrigation Corporation||LI BALASORE||LI Division Balasore,"BALIA,BALASORE,ODISHA",756056.0,1.0,"18,86,360",KARTIKA CHANDRA PUSTI,"2,007,299",Accepted-AOC,17-Nov-2022,Orissa Lift Irrigation Corporation||LI BALASORE||LI Division Balasore,C2_Irrigation,irrigation|lift irrigation,Unknown,False,False
2021_OLIC_74613_5,06/21-22 dt 18.12.2021,Aghiria-III,Aghiria-III,Works,Open Tender,Turn-key,Civil Works - Lift Irrigation Schemes,No,No,NA ,23-Dec-2021 11:00 AM,NA ,365.0,No ,No,Online,07-Jan-2022 11:00 AM,Orissa Lift Irrigation Corporation||LI BALASORE||LI Division Balasore,"BALIA,BALASORE,ODISHA",756056.0,1.0,"21,89,777",AMALENDU NAYAK,"2,376,275",Accepted-AOC,15-Nov-2022,Orissa Lift Irrigation Corporation||LI BALASORE||LI Division Balasore,C2_Irrigation,irrigation|lift irrigation,Unknown,False,False
2021_OLIC_75071_1,BID ID NO. 3764 (OLIC/2021-22) DATED 18.12.2021,Installation and Energisation of Srirampur Nuasahi TW LIP under Badasahi Block in Mayurbhanj district.,Installation and Energisation of Srirampur Nuasahi TW LIP under Badasahi Block in Mayurbhanj district.,Works,Open Tender,Percentage,Civil Works - Lift Irrigation Schemes,No,No,NA ,31-Dec-2021 10:00 AM,NA ,365.0,No ,No,Online,12-Jan-2022 11:00 AM,Orissa Lift Irrigation Corporation||LI BALASORE||LI Division Baripada,Baripada,757002.0,2.0,"19,36,500",BHAVANI SHANKAR SAHU,"1,936,500",Accepted-AOC,03-Nov-2022,Orissa Lift Irrigation Corporation||LI BALASORE||LI Division Baripada,C2_Irrigation|C5_ClimateSmartFarming,irrigation|lift irrigation|lip|sri|tw ,Mitigation,False,False
2021_OLIC_75071_100,BID ID NO. 3764 (OLIC/2021-22) DATED 18.12.2021,Installation and Energisation of Jugalkunda II TW LIP under Morada Block in Mayurbhanj district.,Installation and Energisation of Jugalkunda II TW LIP under Morada Block in Mayurbhanj district.,Works,Open Tender,Percentage,Civil Works - Lift Irrigation Schemes,No,No,NA ,31-Dec-2021 10:00 AM,NA ,365.0,No ,No,Online,12-Jan-2022 11:00 AM,Orissa Lift Irrigation Corporation||LI BALASORE||LI Division Baripada,Baripada,757002.0,2.0,"19,45,912",MS AYUSH ENGINEERING AND COMPANY,"1,945,912",Accepted-AOC,07-Nov-2022,Orissa Lift Irrigation Corporation||LI BALASORE||LI Division Baripada,C2_Irrigation,irrigation|lift irrigation|lip|tw ,Mitigation,False,False
2021_OLIC_75071_101,BID ID NO. 3764 (OLIC/2021-22) DATED 18.12.2021,Installation and Energisation of Palasmunduli II TW LIP under Morada Block in Mayurbhanj district.,Installation and Energisation of Palasmunduli II TW LIP under Morada Block in Mayurbhanj district.,Works,Open Tender,Percentage,Civil Works - Lift Irrigation Schemes,No,No,NA ,31-Dec-2021 10:00 AM,NA ,365.0,No ,No,Online,12-Jan-2022 11:00 AM,Orissa Lift Irrigation Corporation||LI BALASORE||LI Division Baripada,Baripada,757002.0,2.0,"19,80,101",ISHWAR CHANDRA NAYAK,"1,972,922",Accepted-AOC,07-Nov-2022,Orissa Lift Irrigation Corporation||LI BALASORE||LI Division Baripada,C2_Irrigation,irrigation|lift irrigation|lip|tw ,Mitigation,False,False
2021_OLIC_75071_102,BID ID NO. 3764 (OLIC/2021-22) DATED 18.12.2021,Installation and Energisation of Baladia IV TW LIP under Morada Block in Mayurbhanj district.,Installation and Energisation of Baladia IV TW LIP under Morada Block in Mayurbhanj district.,Works,Open Tender,Percentage,Civil Works - Lift Irrigation Schemes,No,No,NA ,31-Dec-2021 10:00 AM,NA ,365.0,No ,No,Online,12-Jan-2022 11:00 AM,Orissa Lift Irrigation Corporation||LI BALASORE||LI Division Baripada,Baripada,757002.0,2.0,"20,08,457",M/S.BAISAKHI CONSTRUCTION PVT.LTD,"1,984,584",Accepted-AOC,01-Nov-2022,Orissa Lift Irrigation Corporation||LI BALASORE||LI Division Baripada,C2_Irrigation,irrigation|lift irrigation|lip|tw ,Mitigation,False,False
2021_OLIC_75071_105,BID ID NO. 3764 (OLIC/2021-22) DATED 18.12.2021,Installation and Energisation of Palasabadha III TW LIP under Morada Block in Mayurbhanj district.,Installation and Energisation of Palasabadha III TW LIP under Morada Block in Mayurbhanj district.,Works,Open Tender,Percentage,Civil Works - Lift Irrigation Schemes,No,No,NA ,31-Dec-2021 10:00 AM,NA ,365.0,No ,No,Online,12-Jan-2022 11:00 AM,Orissa Lift Irrigation Corporation||LI BALASORE||LI Division Baripada,Baripada,757002.0,2.0,"19,80,934",GOUTAM PRADHAN,"1,980,934",Accepted-AOC,07-Nov-2022,Orissa Lift Irrigation Corporation||LI BALASORE||LI Division Baripada,C2_Irrigation,irrigation|lift irrigation|lip|tw ,Mitigation,False,False
2021_OLIC_75071_109,BID ID NO. 3764 (OLIC/2021-22) DATED 18.12.2021,Installation and Energisation of Dhadasahi III TW LIP under Morada Block in Mayurbhanj district.,Installation and Energisation of Dhadasahi III TW LIP under Morada Block in Mayurbhanj district.,Works,Open Tender,Percentage,Civil Works - Lift Irrigation Schemes,No,No,NA ,31-Dec-2021 10:00 AM,NA ,365.0,No ,No,Online,12-Jan-2022 11:00 AM,Orissa Lift Irrigation Corporation||LI BALASORE||LI Division Baripada,Baripada,757002.0,2.0,"19,49,245",ISHWAR CHANDRA NAYAK,"1,949,245",Accepted-AOC,07-Nov-2022,Orissa Lift Irrigation Corporation||LI BALASORE||LI Division Baripada,C2_Irrigation,irrigation|lift irrigation|lip|tw ,Mitigation,False,False
2021_OLIC_75071_121,BID ID NO. 3764 (OLIC/2021-22) DATED 18.12.2021,Installation and Energisation of Khuruntia XI TW LIP under Morada Block in Mayurbhanj district.,Installation and Energisation of Khuruntia XI TW LIP under Morada Block in Mayurbhanj district.,Works,Open Tender,Percentage,Civil Works - Lift Irrigation Schemes,No,No,NA ,31-Dec-2021 10:00 AM,NA ,365.0,No ,No,Online,12-Jan-2022 11:00 AM,Orissa Lift Irrigation Corporation||LI BALASORE||LI Division Baripada,Baripada,757002.0,2.0,"19,16,723",AJAY KUMAR GIRI,"1,897,172",Accepted-AOC,23-Nov-2022,Orissa Lift Irrigation Corporation||LI BALASORE||LI Division Baripada,C2_Irrigation,irrigation|lift irrigation|lip|tw ,Mitigation,False,False
2021_OLIC_75071_122,BID ID NO. 3764 (OLIC/2021-22) DATED 18.12.2021,Installation and Energisation of Chitrada II TW LIP under Morada Block in Mayurbhanj district.,Installation and Energisation of Chitrada II TW LIP under Morada Block in Mayurbhanj district.,Works,Open Tender,Percentage,Civil Works - Lift Irrigation Schemes,No,No,NA ,31-Dec-2021 10:00 AM,NA ,365.0,No ,No,Online,12-Jan-2022 11:00 AM,Orissa Lift Irrigation Corporation||LI BALASORE||LI Division Baripada,Baripada,757002.0,2.0,"19,80,101",MS AYUSH ENGINEERING AND COMPANY,"1,977,019",Accepted-AOC,07-Nov-2022,Orissa Lift Irrigation Corporation||LI BALASORE||LI Division Baripada,C2_Irrigation,irrigation|lift irrigation|lip|tw ,Mitigation,False,False
2021_OLIC_75071_124,BID ID NO. 3764 (OLIC/2021-22) DATED 18.12.2021,Installation and Energisation of Dalgaon TW LIP under Morada Block in Mayurbhanj district.,Installation and Energisation of Dalgaon TW LIP under Morada Block in Mayurbhanj district.,Works,Open Tender,Percentage,Civil Works - Lift Irrigation Schemes,No,No,NA ,31-Dec-2021 10:00 AM,NA ,365.0,No ,No,Online,12-Jan-2022 11:00 AM,Orissa Lift Irrigation Corporation||LI BALASORE||LI Division Baripada,Baripada,757002.0,2.0,"19,49,245",GOPINATH DAS,"1,944,934",Accepted-AOC,07-Nov-2022,Orissa Lift Irrigation Corporation||LI BALASORE||LI Division Baripada,C2_Irrigation,irrigation|lift irrigation|lip|tw ,Mitigation,False,False
2021_OLIC_75071_127,BID ID NO. 3764 (OLIC/2021-22) DATED 18.12.2021,Installation and Energisation of Bhrudubani I and Bhurudubani II TW LIP under Rasgobindpur Block in Mayurbhanj district.,Installation and Energisation of Bhrudubani I and Bhurudubani II TW LIP under Rasgobindpur Block in Mayurbhanj district.,Works,Open Tender,Percentage,Civil Works - Lift Irrigation Schemes,No,No,NA ,31-Dec-2021 10:00 AM,NA ,365.0,No ,No,Online,12-Jan-2022 11:00 AM,Orissa Lift Irrigation Corporation||LI BALASORE||LI Division Baripada,Baripada,757002.0,2.0,"41,06,013",MS AYUSH ENGINEERING AND COMPANY,"4,092,287",Accepted-AOC,01-Nov-2022,Orissa Lift Irrigation Corporation||LI BALASORE||LI Division Baripada,C2_Irrigation,irrigation|lift irrigation|lip|tw ,Mitigation,False,False
2021_OLIC_75071_128,BID ID NO. 3764 (OLIC/2021-22) DATED 18.12.2021,Installation and Energisation of Ketakisole I and Ketakisole II TW LIP under Rasgobindpur Block in Mayurbhanj district.,Installation and Energisation of Ketakisole I and Ketakisole II TW LIP under Rasgobindpur Block in Mayurbhanj district.,Works,Open Tender,Percentage,Civil Works - Lift Irrigation Schemes,No,No,NA ,31-Dec-2021 10:00 AM,NA ,365.0,No ,No,Online,12-Jan-2022 11:00 AM,Orissa Lift Irrigation Corporation||LI BALASORE||LI Division Baripada,Baripada,757002.0,2.0,"39,94,188",AJAY KUMAR GIRI,"3,990,944",Accepted-AOC,01-Nov-2022,Orissa Lift Irrigation Corporation||LI BALASORE||LI Division Baripada,C2_Irrigation,irrigation|lift irrigation|lip|tw ,Mitigation,False,False
2021_OLIC_75071_129,BID ID NO. 3764 (OLIC/2021-22) DATED 18.12.2021,Installation and Energisation of Ektali II and Bhairangi IV TW LIP under Rasgobindpur Block in Mayurbhanj district.,Installation and Energisation of Ektali II and Bhairangi IV TW LIP under Rasgobindpur Block in Mayurbhanj district.,Works,Open Tender,Percentage,Civil Works - Lift Irrigation Schemes,No,No,NA ,31-Dec-2021 10:00 AM,NA ,365.0,No ,No,Online,12-Jan-2022 11:00 AM,Orissa Lift Irrigation Corporation||LI BALASORE||LI Division Baripada,Baripada,757002.0,2.0,"39,91,013",AJAY KUMAR GIRI,"3,994,477",Accepted-AOC,01-Nov-2022,Orissa Lift Irrigation Corporation||LI BALASORE||LI Division Baripada,C2_Irrigation,irrigation|lift irrigation|lip|tw ,Mitigation,False,False
2021_OLIC_75071_130,BID ID NO. 3764 (OLIC/2021-22) DATED 18.12.2021,Installation and Energisation of Raghabpur TW LIP under Rasgobindpur Block in Mayurbhanj district.,Installation and Energisation of Raghabpur TW LIP under Rasgobindpur Block in Mayurbhanj district.,Works,Open Tender,Percentage,Civil Works - Lift Irrigation Schemes,No,No,NA ,31-Dec-2021 10:00 AM,NA ,365.0,No ,No,Online,12-Jan-2022 11:00 AM,Orissa Lift Irrigation Corporation||LI BALASORE||LI Division Baripada,Baripada,757002.0,2.0,"20,29,200",AJAY KUMAR GIRI,"2,043,064",Accepted-AOC,01-Nov-2022,Orissa Lift Irrigation Corporation||LI BALASORE||LI Division Baripada,C2_Irrigation,irrigation|lift irrigation|lip|tw ,Mitigation,False,False
2021_OLIC_75071_131,BID ID NO. 3764 (OLIC/2021-22) DATED 18.12.2021,Installation and Energisation of Satasagadia TW LIP under Rasgobindpur Block in Mayurbhanj district.,Installation and Energisation of Satasagadia TW LIP under Rasgobindpur Block in Mayurbhanj district.,Works,Open Tender,Percentage,Civil Works - Lift Irrigation Schemes,No,No,NA ,31-Dec-2021 10:00 AM,NA ,365.0,No ,No,Online,12-Jan-2022 11:00 AM,Orissa Lift Irrigation Corporation||LI BALASORE||LI Division Baripada,Baripada,757002.0,2.0,"18,84,087",MS PRADIP KUMAR JENA,"1,885,564",Accepted-AOC,01-Nov-2022,Orissa Lift Irrigation Corporation||LI BALASORE||LI Division Baripada,C2_Irrigation,irrigation|lift irrigation|lip|tw ,Mitigation,False,False
2021_OLIC_75071_132,BID ID NO. 3764 (OLIC/2021-22) DATED 18.12.2021,Installation and Energisation of Baunsatofa III TW LIP under Rasgobindpur Block in Mayurbhanj district.,Installation and Energisation of Baunsatofa III TW LIP under Rasgobindpur Block in Mayurbhanj district.,Works,Open Tender,Percentage,Civil Works - Lift Irrigation Schemes,No,No,NA ,31-Dec-2021 10:00 AM,NA ,365.0,No ,No,Online,12-Jan-2022 11:00 AM,Orissa Lift Irrigation Corporation||LI BALASORE||LI Division Baripada,Baripada,757002.0,2.0,"19,06,858",MS PRADIP KUMAR JENA,"1,903,244",Accepted-AOC,23-Nov-2022,Orissa Lift Irrigation Corporation||LI BALASORE||LI Division Baripada,C2_Irrigation,irrigation|lift irrigation|lip|tw ,Mitigation,False,False
2021_OLIC_75071_137,BID ID NO. 3764 (OLIC/2021-22) DATED 18.12.2021,Installation and Energisation of Brahmanaputuka TW LIP under Rasgobindpur Block in Mayurbhanj district.,Installation and Energisation of Brahmanaputuka TW LIP under Rasgobindpur Block in Mayurbhanj district.,Works,Open Tender,Percentage,Civil Works - Lift Irrigation Schemes,No,No,NA ,31-Dec-2021 10:00 AM,NA ,365.0,No ,No,Online,12-Jan-2022 11:00 AM,Orissa Lift Irrigation Corporation||LI BALASORE||LI Division Baripada,Baripada,757002.0,2.0,"20,69,110",AJAY KUMAR GIRI,"2,062,482",Accepted-AOC,01-Nov-2022,Orissa Lift Irrigation Corporation||LI BALASORE||LI Division Baripada,C2_Irrigation,irrigation|lift irrigation|lip|tw ,Mitigation,False,False
2021_OLIC_75071_147,BID ID NO. 3764 (OLIC/2021-22) DATED 18.12.2021,Installation and Energisation of Denganalia II TW LIP under Rasgobindpur Block in Mayurbhanj district.,Installation and Energisation of Denganalia II TW LIP under Rasgobindpur Block in Mayurbhanj district.,Works,Open Tender,Percentage,Civil Works - Lift Irrigation Schemes,No,No,NA ,31-Dec-2021 10:00 AM,NA ,365.0,No ,No,Online,12-Jan-2022 11:00 AM,Orissa Lift Irrigation Corporation||LI BALASORE||LI Division Baripada,Baripada,757002.0,2.0,"19,64,155",ASIT KUMAR SARANGI,"1,963,259",Accepted-AOC,01-Nov-2022,Orissa Lift Irrigation Corporation||LI BALASORE||LI Division Baripada,C2_Irrigation,irrigation|lift irrigation|lip|tw ,Mitigation,False,False
2021_OLIC_75071_148,BID ID NO. 3764 (OLIC/2021-22) DATED 18.12.2021,Installation and Energisation of Madansahi TW LIP under Rasgobindpur Block in Mayurbhanj district.,Installation and Energisation of Madansahi TW LIP under Rasgobindpur Block in Mayurbhanj district.,Works,Open Tender,Percentage,Civil Works - Lift Irrigation Schemes,No,No,NA ,31-Dec-2021 10:00 AM,NA ,365.0,No ,No,Online,12-Jan-2022 11:00 AM,Orissa Lift Irrigation Corporation||LI BALASORE||LI Division Baripada,Baripada,757002.0,2.0,"18,88,254",ASIT KUMAR SARANGI,"1,887,575",Accepted-AOC,01-Nov-2022,Orissa Lift Irrigation Corporation||LI BALASORE||LI Division Baripada,C2_Irrigation,irrigation|lift irrigation|lip|tw ,Mitigation,False,False
2021_OLIC_75071_149,BID ID NO. 3764 (OLIC/2021-22) DATED 18.12.2021,Installation and Energisation of Bandhasahi TW LIP under Rasgobindpur Block in Mayurbhanj district.,Installation and Energisation of Bandhasahi TW LIP under Rasgobindpur Block in Mayurbhanj district.,Works,Open Tender,Percentage,Civil Works - Lift Irrigation Schemes,No,No,NA ,31-Dec-2021 10:00 AM,NA ,365.0,No ,No,Online,12-Jan-2022 11:00 AM,Orissa Lift Irrigation Corporation||LI BALASORE||LI Division Baripada,Baripada,757002.0,2.0,"19,60,867",ASIT KUMAR SARANGI,"1,960,582",Accepted-AOC,01-Nov-2022,Orissa Lift Irrigation Corporation||LI BALASORE||LI Division Baripada,C2_Irrigation,irrigation|lift irrigation|lip|tw ,Mitigation,False,False
2021_OLIC_75071_151,BID ID NO. 3764 (OLIC/2021-22) DATED 18.12.2021,Installation and Energisation of Raisole TW LIP under Rasgobindpur Block in Mayurbhanj district.,Installation and Energisation of Raisole TW LIP under Rasgobindpur Block in Mayurbhanj district.,Works,Open Tender,Percentage,Civil Works - Lift Irrigation Schemes,No,No,NA ,31-Dec-2021 10:00 AM,NA ,365.0,No ,No,Online,12-Jan-2022 11:00 AM,Orissa Lift Irrigation Corporation||LI BALASORE||LI Division Baripada,Baripada,757002.0,2.0,"19,56,700",GOPINATH DAS,"1,955,765",Accepted-AOC,01-Nov-2022,Orissa Lift Irrigation Corporation||LI BALASORE||LI Division Baripada,C2_Irrigation,irrigation|lift irrigation|lip|tw ,Mitigation,False,False
2021_OLIC_75071_152,BID ID NO. 3764 (OLIC/2021-22) DATED 18.12.2021,Installation and Energisation of Andharia II TW LIP under Rasgobindpur Block in Mayurbhanj district.,Installation and Energisation of Andharia II TW LIP under Rasgobindpur Block in Mayurbhanj district.,Works,Open Tender,Percentage,Civil Works - Lift Irrigation Schemes,No,No,NA ,31-Dec-2021 10:00 AM,NA ,365.0,No ,No,Online,12-Jan-2022 11:00 AM,Orissa Lift Irrigation Corporation||LI BALASORE||LI Division Baripada,Baripada,757002.0,2.0,"19,00,776",GOPINATH DAS,"1,900,012",Accepted-AOC,01-Nov-2022,Orissa Lift Irrigation Corporation||LI BALASORE||LI Division Baripada,C2_Irrigation,irrigation|lift irrigation|lip|tw ,Mitigation,False,False
2021_OLIC_75071_153,BID ID NO. 3764 (OLIC/2021-22) DATED 18.12.2021,Installation and Energisation of Rangiam IV TW LIP under Rasgobindpur Block in Mayurbhanj district.,Installation and Energisation of Rangiam IV TW LIP under Rasgobindpur Block in Mayurbhanj district.,Works,Open Tender,Percentage,Civil Works - Lift Irrigation Schemes,No,No,NA ,31-Dec-2021 10:00 AM,NA ,365.0,No ,No,Online,12-Jan-2022 11:00 AM,Orissa Lift Irrigation Corporation||LI BALASORE||LI Division Baripada,Baripada,757002.0,2.0,"19,54,245",NABIN KUMAR PAL,"1,943,995",Accepted-AOC,01-Nov-2022,Orissa Lift Irrigation Corporation||LI BALASORE||LI Division Baripada,C2_Irrigation,irrigation|lift irrigation|lip|tw ,Mitigation,False,False
2021_OLIC_75071_154,BID ID NO. 3764 (OLIC/2021-22) DATED 18.12.2021,Installation and Energisation of Dhansole III TW LIP under Rasgobindpur Block in Mayurbhanj district.,Installation and Energisation of Dhansole III TW LIP under Rasgobindpur Block in Mayurbhanj district.,Works,Open Tender,Percentage,Civil Works - Lift Irrigation Schemes,No,No,NA ,31-Dec-2021 10:00 AM,NA ,365.0,No ,No,Online,12-Jan-2022 11:00 AM,Orissa Lift Irrigation Corporation||LI BALASORE||LI Division Baripada,Baripada,757002.0,2.0,"19,22,556",NABIN KUMAR PAL,"1,912,751",Accepted-AOC,01-Nov-2022,Orissa Lift Irrigation Corporation||LI BALASORE||LI Division Baripada,C2_Irrigation,irrigation|lift irrigation|lip|tw ,Mitigation,False,False
2021_OLIC_75071_158,BID ID NO. 3764 (OLIC/2021-22) DATED 18.12.2021,Installation and Energisation of Belbaria III RL LIP under Saraskana Block in Mayurbhanj district.,Installation and Energisation of Belbaria III RL LIP under Saraskana Block in Mayurbhanj district.,Works,Open Tender,Percentage,Civil Works - Lift Irrigation Schemes,No,No,NA ,31-Dec-2021 10:00 AM,NA ,365.0,No ,No,Online,12-Jan-2022 11:00 AM,Orissa Lift Irrigation Corporation||LI BALASORE||LI Division Baripada,Baripada,757002.0,2.0,"23,20,737",GOPINATH DAS,"2,320,608",Accepted-AOC,05-Nov-2022,Orissa Lift Irrigation Corporation||LI BALASORE||LI Division Baripada,C2_Irrigation,irrigation|lift irrigation|lip,Mitigation,False,False
2021_OLIC_75071_160,BID ID NO. 3764 (OLIC/2021-22) DATED 18.12.2021,Installation and Energisation of Badakundalbani II RL LIP under Saraskana Block in Mayurbhanj district.,Installation and Energisation of Badakundalbani II RL LIP under Saraskana Block in Mayurbhanj district.,Works,Open Tender,Percentage,Civil Works - Lift Irrigation Schemes,No,No,NA ,31-Dec-2021 10:00 AM,NA ,365.0,No ,No,Online,12-Jan-2022 11:00 AM,Orissa Lift Irrigation Corporation||LI BALASORE||LI Division Baripada,Baripada,757002.0,2.0,"26,97,517",MS AYUSH ENGINEERING AND COMPANY,"2,679,709",Accepted-AOC,05-Nov-2022,Orissa Lift Irrigation Corporation||LI BALASORE||LI Division Baripada,C2_Irrigation,irrigation|lift irrigation|lip,Mitigation,False,False
2021_OLIC_75071_162,BID ID NO. 3764 (OLIC/2021-22) DATED 18.12.2021,Installation and Energisation of Guhalmunda TW LIP under Saraskana Block in Mayurbhanj district.,Installation and Energisation of Guhalmunda TW LIP under Saraskana Block in Mayurbhanj district.,Works,Open Tender,Percentage,Civil Works - Lift Irrigation Schemes,No,No,NA ,31-Dec-2021 10:00 AM,NA ,365.0,No ,No,Online,12-Jan-2022 11:00 AM,Orissa Lift Irrigation Corporation||LI BALASORE||LI Division Baripada,Baripada,757002.0,2.0,"18,84,763",BHAVANI SHANKAR SAHU,"1,884,367",Accepted-AOC,05-Nov-2022,Orissa Lift Irrigation Corporation||LI BALASORE||LI Division Baripada,C2_Irrigation,irrigation|lift irrigation|lip|tw ,Mitigation,False,False
2021_OLIC_75071_163,BID ID NO. 3764 (OLIC/2021-22) DATED 18.12.2021,Installation and Energisation of Jharbeda II TW LIP under Saraskana Block in Mayurbhanj district.,Installation and Energisation of Jharbeda II TW LIP under Saraskana Block in Mayurbhanj district.,Works,Open Tender,Percentage,Civil Works - Lift Irrigation Schemes,No,No,NA ,31-Dec-2021 10:00 AM,NA ,365.0,No ,No,Online,12-Jan-2022 11:00 AM,Orissa Lift Irrigation Corporation||LI BALASORE||LI Division Baripada,Baripada,757002.0,2.0,"19,67,511",BHAVANI SHANKAR SAHU,"1,964,515",Accepted-AOC,05-Nov-2022,Orissa Lift Irrigation Corporation||LI BALASORE||LI Division Baripada,C2_Irrigation,irrigation|lift irrigation|lip|tw ,Mitigation,False,False
2021_OLIC_75071_164,BID ID NO. 3764 (OLIC/2021-22) DATED 18.12.2021,Installation and Energisation of Jharbeda III TW LIP under Saraskana Block in Mayurbhanj district.,Installation and Energisation of Jharbeda III TW LIP under Saraskana Block in Mayurbhanj district.,Works,Open Tender,Percentage,Civil Works - Lift Irrigation Schemes,No,No,NA ,31-Dec-2021 10:00 AM,NA ,365.0,No ,No,Online,12-Jan-2022 11:00 AM,Orissa Lift Irrigation Corporation||LI BALASORE||LI Division Baripada,Baripada,757002.0,2.0,"20,02,533",BHAVANI SHANKAR SAHU,"2,002,533",Accepted-AOC,05-Nov-2022,Orissa Lift Irrigation Corporation||LI BALASORE||LI Division Baripada,C2_Irrigation,irrigation|lift irrigation|lip|tw ,Mitigation,False,False
2021_OLIC_75071_165,BID ID NO. 3764 (OLIC/2021-22) DATED 18.12.2021,Installation and Energisation of Rasika TW LIP under Saraskana Block in Mayurbhanj district.,Installation and Energisation of Rasika TW LIP under Saraskana Block in Mayurbhanj district.,Works,Open Tender,Percentage,Civil Works - Lift Irrigation Schemes,No,No,NA ,31-Dec-2021 10:00 AM,NA ,365.0,No ,No,Online,12-Jan-2022 11:00 AM,Orissa Lift Irrigation Corporation||LI BALASORE||LI Division Baripada,Baripada,757002.0,2.0,"19,18,299",BHAVANI SHANKAR SAHU,"1,914,325",Accepted-AOC,05-Nov-2022,Orissa Lift Irrigation Corporation||LI BALASORE||LI Division Baripada,C2_Irrigation,irrigation|lift irrigation|lip|tw ,Mitigation,False,False
2021_OLIC_75071_166,BID ID NO. 3764 (OLIC/2021-22) DATED 18.12.2021,Installation and Energisation of Tolaka RL LIP under Saraskana Block in Mayurbhanj district.,Installation and Energisation of Tolaka RL LIP under Saraskana Block in Mayurbhanj district.,Works,Open Tender,Percentage,Civil Works - Lift Irrigation Schemes,No,No,NA ,31-Dec-2021 10:00 AM,NA ,365.0,No ,No,Online,12-Jan-2022 11:00 AM,Orissa Lift Irrigation Corporation||LI BALASORE||LI Division Baripada,Baripada,757002.0,2.0,"26,55,760",BHAVANI SHANKAR SAHU,"2,650,464",Accepted-AOC,23-Nov-2022,Orissa Lift Irrigation Corporation||LI BALASORE||LI Division Baripada,C2_Irrigation,irrigation|lift irrigation|lip,Mitigation,False,False
2021_OLIC_75071_169,BID ID NO. 3764 (OLIC/2021-22) DATED 18.12.2021,Installation and Energisation of Badajogibandha TW LIP under Suliapada Block in Mayurbhanj district.,Installation and Energisation of Badajogibandha TW LIP under Suliapada Block in Mayurbhanj district.,Works,Open Tender,Percentage,Civil Works - Lift Irrigation Schemes,No,No,NA ,31-Dec-2021 10:00 AM,NA ,365.0,No ,No,Online,12-Jan-2022 11:00 AM,Orissa Lift Irrigation Corporation||LI BALASORE||LI Division Baripada,Baripada,757002.0,2.0,"18,56,993",BIBEKANANDA PRADHAN,"1,864,434",Accepted-AOC,01-Nov-2022,Orissa Lift Irrigation Corporation||LI BALASORE||LI Division Baripada,C2_Irrigation,irrigation|lift irrigation|lip|tw ,Mitigation,False,False
2021_OLIC_75071_179,BID ID NO. 3764 (OLIC/2021-22) DATED 18.12.2021,Installation and Energisation of Badanachhana VII TW LIP under Suliapada Block in Mayurbhanj district.,Installation and Energisation of Badanachhana VII TW LIP under Suliapada Block in Mayurbhanj district.,Works,Open Tender,Percentage,Civil Works - Lift Irrigation Schemes,No,No,NA ,31-Dec-2021 10:00 AM,NA ,365.0,No ,No,Online,12-Jan-2022 11:00 AM,Orissa Lift Irrigation Corporation||LI BALASORE||LI Division Baripada,Baripada,757002.0,2.0,"19,33,885",M/S.BAISAKHI CONSTRUCTION PVT.LTD,"1,933,885",Accepted-AOC,01-Nov-2022,Orissa Lift Irrigation Corporation||LI BALASORE||LI Division Baripada,C2_Irrigation,irrigation|lift irrigation|lip|tw ,Mitigation,False,False
2021_OLIC_75071_180,BID ID NO. 3764 (OLIC/2021-22) DATED 18.12.2021,Installation and Energisation of Badanachhana VIII TW LIP under Suliapada Block in Mayurbhanj district.,Installation and Energisation of Badanachhana VIII TW LIP under Suliapada Block in Mayurbhanj district.,Works,Open Tender,Percentage,Civil Works - Lift Irrigation Schemes,No,No,NA ,31-Dec-2021 10:00 AM,NA ,365.0,No ,No,Online,12-Jan-2022 11:00 AM,Orissa Lift Irrigation Corporation||LI BALASORE||LI Division Baripada,Baripada,757002.0,2.0,"19,45,394",M/S.BAISAKHI CONSTRUCTION PVT.LTD,"1,942,734",Accepted-AOC,01-Nov-2022,Orissa Lift Irrigation Corporation||LI BALASORE||LI Division Baripada,C2_Irrigation,irrigation|lift irrigation|lip|tw ,Mitigation,False,False
2021_OLIC_75071_182,BID ID NO. 3764 (OLIC/2021-22) DATED 18.12.2021,Installation and Energisation of Chinaposi II TW LIP under Suliapada Block in Mayurbhanj district.,Installation and Energisation of Chinaposi II TW LIP under Suliapada Block in Mayurbhanj district.,Works,Open Tender,Percentage,Civil Works - Lift Irrigation Schemes,No,No,NA ,31-Dec-2021 10:00 AM,NA ,365.0,No ,No,Online,12-Jan-2022 11:00 AM,Orissa Lift Irrigation Corporation||LI BALASORE||LI Division Baripada,Baripada,757002.0,2.0,"19,33,389",M/S.BAISAKHI CONSTRUCTION PVT.LTD,"1,935,520",Accepted-AOC,01-Nov-2022,Orissa Lift Irrigation Corporation||LI BALASORE||LI Division Baripada,C2_Irrigation,irrigation|lift irrigation|lip|tw ,Mitigation,False,False
2021_OLIC_75071_185,BID ID NO. 3764 (OLIC/2021-22) DATED 18.12.2021,Installation and Energisation of Sananachhana III TW LIP under Suliapada Block in Mayurbhanj district.,Installation and Energisation of Sananachhana III TW LIP under Suliapada Block in Mayurbhanj district.,Works,Open Tender,Percentage,Civil Works - Lift Irrigation Schemes,No,No,NA ,31-Dec-2021 10:00 AM,NA ,365.0,No ,No,Online,12-Jan-2022 11:00 AM,Orissa Lift Irrigation Corporation||LI BALASORE||LI Division Baripada,Baripada,757002.0,2.0,"18,97,691",M/S.BAISAKHI CONSTRUCTION PVT.LTD,"1,896,814",Accepted-AOC,01-Nov-2022,Orissa Lift Irrigation Corporation||LI BALASORE||LI Division Baripada,C2_Irrigation,irrigation|lift irrigation|lip|tw ,Mitigation,False,False
2021_OLIC_75071_186,BID ID NO. 3764 (OLIC/2021-22) DATED 18.12.2021,Installation and Energisation of Sananachhana IV TW LIP under Suliapada Block in Mayurbhanj district.,Installation and Energisation of Sananachhana IV TW LIP under Suliapada Block in Mayurbhanj district.,Works,Open Tender,Percentage,Civil Works - Lift Irrigation Schemes,No,No,NA ,31-Dec-2021 10:00 AM,NA ,365.0,No ,No,Online,12-Jan-2022 11:00 AM,Orissa Lift Irrigation Corporation||LI BALASORE||LI Division Baripada,Baripada,757002.0,2.0,"21,36,768",M/S.BAISAKHI CONSTRUCTION PVT.LTD,"2,140,038",Accepted-AOC,01-Nov-2022,Orissa Lift Irrigation Corporation||LI BALASORE||LI Division Baripada,C2_Irrigation,irrigation|lift irrigation|lip|tw ,Mitigation,False,False
2021_OLIC_75071_187,BID ID NO. 3764 (OLIC/2021-22) DATED 18.12.2021,Installation and Energisation of Tadki I RL LIP under Suliapada Block in Mayurbhanj district.,Installation and Energisation of Tadki I RL LIP under Suliapada Block in Mayurbhanj district.,Works,Open Tender,Percentage,Civil Works - Lift Irrigation Schemes,No,No,NA ,31-Dec-2021 10:00 AM,NA ,365.0,No ,No,Online,12-Jan-2022 11:00 AM,Orissa Lift Irrigation Corporation||LI BALASORE||LI Division Baripada,Baripada,757002.0,2.0,"23,47,427",M/S.BAISAKHI CONSTRUCTION PVT.LTD,"2,349,350",Accepted-AOC,01-Nov-2022,Orissa Lift Irrigation Corporation||LI BALASORE||LI Division Baripada,C2_Irrigation,irrigation|lift irrigation|lip,Mitigation,False,False
2021_OLIC_75071_188,BID ID NO. 3764 (OLIC/2021-22) DATED 18.12.2021,Installation and Energisation of Tadki II RL LIP under Suliapada Block in Mayurbhanj district.,Installation and Energisation of Tadki II RL LIP under Suliapada Block in Mayurbhanj district.,Works,Open Tender,Percentage,Civil Works - Lift Irrigation Schemes,No,No,NA ,31-Dec-2021 10:00 AM,NA ,365.0,No ,No,Online,12-Jan-2022 11:00 AM,Orissa Lift Irrigation Corporation||LI BALASORE||LI Division Baripada,Baripada,757002.0,2.0,"26,95,850",M/S.BAISAKHI CONSTRUCTION PVT.LTD,"2,705,438",Accepted-AOC,01-Nov-2022,Orissa Lift Irrigation Corporation||LI BALASORE||LI Division Baripada,C2_Irrigation,irrigation|lift irrigation|lip,Mitigation,False,False
2021_OLIC_75071_189,BID ID NO. 3764 (OLIC/2021-22) DATED 18.12.2021,Installation and Energisation of Patharanesa II K TW LIP under Suliapada Block in Mayurbhanj district.,Installation and Energisation of Patharanesa II K TW LIP under Suliapada Block in Mayurbhanj district.,Works,Open Tender,Percentage,Civil Works - Lift Irrigation Schemes,No,No,NA ,31-Dec-2021 10:00 AM,NA ,365.0,No ,No,Online,12-Jan-2022 11:00 AM,Orissa Lift Irrigation Corporation||LI BALASORE||LI Division Baripada,Baripada,757002.0,2.0,"18,01,632",AJAY KUMAR GIRI,"1,783,255",Accepted-AOC,01-Nov-2022,Orissa Lift Irrigation Corporation||LI BALASORE||LI Division Baripada,C2_Irrigation,irrigation|lift irrigation|lip|tw ,Mitigation,False,False
2021_OLIC_75071_195,BID ID NO. 3764 (OLIC/2021-22) DATED 18.12.2021,Installation and Energisation of Bhola IV TW LIP under Suliapada Block in Mayurbhanj district.,Installation and Energisation of Bhola IV TW LIP under Suliapada Block in Mayurbhanj district.,Works,Open Tender,Percentage,Civil Works - Lift Irrigation Schemes,No,No,NA ,31-Dec-2021 10:00 AM,NA ,365.0,No ,No,Online,12-Jan-2022 11:00 AM,Orissa Lift Irrigation Corporation||LI BALASORE||LI Division Baripada,Baripada,757002.0,2.0,"18,18,299",DINESH KUMAR AGARWALA,"1,824,973",Accepted-AOC,01-Nov-2022,Orissa Lift Irrigation Corporation||LI BALASORE||LI Division Baripada,C2_Irrigation,irrigation|lift irrigation|lip|tw ,Mitigation,False,False
2021_OLIC_75071_196,BID ID NO. 3764 (OLIC/2021-22) DATED 18.12.2021,Installation and Energisation of Bhola V TW LIP under Suliapada Block in Mayurbhanj district.,Installation and Energisation of Bhola V TW LIP under Suliapada Block in Mayurbhanj district.,Works,Open Tender,Percentage,Civil Works - Lift Irrigation Schemes,No,No,NA ,31-Dec-2021 10:00 AM,NA ,365.0,No ,No,Online,12-Jan-2022 11:00 AM,Orissa Lift Irrigation Corporation||LI BALASORE||LI Division Baripada,Baripada,757002.0,2.0,"19,80,912",DINESH KUMAR AGARWALA,"1,993,122",Accepted-AOC,01-Nov-2022,Orissa Lift Irrigation Corporation||LI BALASORE||LI Division Baripada,C2_Irrigation,irrigation|lift irrigation|lip|tw ,Mitigation,False,False
2021_OLIC_75071_197,BID ID NO. 3764 (OLIC/2021-22) DATED 18.12.2021,Installation and Energisation of Majhianitofa II Majhianitofa III and Jalaghati TW LIP under Suliapada Block in Mayurbhanj district.,Installation and Energisation of Majhianitofa II Majhianitofa III and Jalaghati TW LIP under Suliapada Block in Mayurbhanj district.,Works,Open Tender,Percentage,Civil Works - Lift Irrigation Schemes,No,No,NA ,31-Dec-2021 10:00 AM,NA ,365.0,No ,No,Online,12-Jan-2022 11:00 AM,Orissa Lift Irrigation Corporation||LI BALASORE||LI Division Baripada,Baripada,757002.0,2.0,"59,12,196",M/S.BAISAKHI CONSTRUCTION PVT.LTD,"5,908,230",Accepted-AOC,01-Nov-2022,Orissa Lift Irrigation Corporation||LI BALASORE||LI Division Baripada,C2_Irrigation,irrigation|lift irrigation|lip|tw ,Mitigation,False,False
2021_OLIC_75071_200,BID ID NO. 3764 (OLIC/2021-22) DATED 18.12.2021,Installation and Energisation of Masinakati III TW LIP under Suliapada Block in Mayurbhanj district.,Installation and Energisation of Masinakati III TW LIP under Suliapada Block in Mayurbhanj district.,Works,Open Tender,Percentage,Civil Works - Lift Irrigation Schemes,No,No,NA ,31-Dec-2021 10:00 AM,NA ,365.0,No ,No,Online,12-Jan-2022 11:00 AM,Orissa Lift Irrigation Corporation||LI BALASORE||LI Division Baripada,Baripada,757002.0,2.0,"19,66,723",M/S.BAISAKHI CONSTRUCTION PVT.LTD,"1,963,283",Accepted-AOC,01-Nov-2022,Orissa Lift Irrigation Corporation||LI BALASORE||LI Division Baripada,C2_Irrigation,irrigation|lift irrigation|lip|tw ,Mitigation,False,False
2021_OLIC_75071_201,BID ID NO. 3764 (OLIC/2021-22) DATED 18.12.2021,Installation and Energisation of Badanachhana IX TW LIP under Suliapada Block in Mayurbhanj district.,Installation and Energisation of Badanachhana IX TW LIP under Suliapada Block in Mayurbhanj district.,Works,Open Tender,Percentage,Civil Works - Lift Irrigation Schemes,No,No,NA ,31-Dec-2021 10:00 AM,NA ,365.0,No ,No,Online,12-Jan-2022 11:00 AM,Orissa Lift Irrigation Corporation||LI BALASORE||LI Division Baripada,Baripada,757002.0,2.0,"19,15,033",M/S.BAISAKHI CONSTRUCTION PVT.LTD,"1,906,886",Accepted-AOC,01-Nov-2022,Orissa Lift Irrigation Corporation||LI BALASORE||LI Division Baripada,C2_Irrigation,irrigation|lift irrigation|lip|tw ,Mitigation,False,False
2021_OLIC_75071_202,BID ID NO. 3764 (OLIC/2021-22) DATED 18.12.2021,Installation and Energisation of Manikpur RL LIP under Udala Block in Mayurbhanj district.,Installation and Energisation of Manikpur RL LIP under Udala Block in Mayurbhanj district.,Works,Open Tender,Percentage,Civil Works - Lift Irrigation Schemes,No,No,NA ,31-Dec-2021 10:00 AM,NA ,365.0,No ,No,Online,12-Jan-2022 11:00 AM,Orissa Lift Irrigation Corporation||LI BALASORE||LI Division Baripada,Baripada,757002.0,2.0,"27,81,887",MS AYUSH ENGINEERING AND COMPANY,"2,806,386",Accepted-AOC,05-Nov-2022,Orissa Lift Irrigation Corporation||LI BALASORE||LI Division Baripada,C2_Irrigation,irrigation|lift irrigation|lip,Mitigation,False,False
2021_OLIC_75071_205,BID ID NO. 3764 (OLIC/2021-22) DATED 18.12.2021,Installation and Energisation of Baledihi Chandrapur RL LIP under Udala Block in Mayurbhanj district.,Installation and Energisation of Baledihi Chandrapur RL LIP under Udala Block in Mayurbhanj district.,Works,Open Tender,Percentage,Civil Works - Lift Irrigation Schemes,No,No,NA ,31-Dec-2021 10:00 AM,NA ,365.0,No ,No,Online,12-Jan-2022 11:00 AM,Orissa Lift Irrigation Corporation||LI BALASORE||LI Division Baripada,Baripada,757002.0,2.0,"30,41,910",AMALENDU NAYAK,"3,070,230",Accepted-AOC,05-Nov-2022,Orissa Lift Irrigation Corporation||LI BALASORE||LI Division Baripada,C2_Irrigation,irrigation|lift irrigation|lip,Mitigation,False,False
2021_OLIC_75071_207,BID ID NO. 3764 (OLIC/2021-22) DATED 18.12.2021,Installation and Energisation of NIzakainsari II RL LIP under Udala Block in Mayurbhanj district.,Installation and Energisation of NIzakainsari II RL LIP under Udala Block in Mayurbhanj district.,Works,Open Tender,Percentage,Civil Works - Lift Irrigation Schemes,No,No,NA ,31-Dec-2021 10:00 AM,NA ,365.0,No ,No,Online,12-Jan-2022 11:00 AM,Orissa Lift Irrigation Corporation||LI BALASORE||LI Division Baripada,Baripada,757002.0,2.0,"27,46,729",AMALENDU NAYAK,"2,710,472",Accepted-AOC,05-Nov-2022,Orissa Lift Irrigation Corporation||LI BALASORE||LI Division Baripada,C2_Irrigation,irrigation|lift irrigation|lip,Mitigation,False,False
2021_OLIC_75071_22,BID ID NO. 3764 (OLIC/2021-22) DATED 18.12.2021,Installation and Energisation of Bholagadia III RL LIP under Bangriposi Block in Mayurbhanj district.,Installation and Energisation of Bholagadia III RL LIP under Bangriposi Block in Mayurbhanj district.,Works,Open Tender,Percentage,Civil Works - Lift Irrigation Schemes,No,No,NA ,31-Dec-2021 10:00 AM,NA ,365.0,No ,No,Online,12-Jan-2022 11:00 AM,Orissa Lift Irrigation Corporation||LI BALASORE||LI Division Baripada,Baripada,757002.0,2.0,"23,22,404",AJAY KUMAR GIRI,"2,294,070",Accepted-AOC,03-Nov-2022,Orissa Lift Irrigation Corporation||LI BALASORE||LI Division Baripada,C2_Irrigation,irrigation|lift irrigation|lip,Mitigation,False,False
2021_OLIC_75071_23,BID ID NO. 3764 (OLIC/2021-22) DATED 18.12.2021,Installation and Energisation of Gohirapal III RL LIP under Bangriposi Block in Mayurbhanj district.,Installation and Energisation of Gohirapal III RL LIP under Bangriposi Block in Mayurbhanj district.,Works,Open Tender,Percentage,Civil Works - Lift Irrigation Schemes,No,No,NA ,31-Dec-2021 10:00 AM,NA ,365.0,No ,No,Online,12-Jan-2022 11:00 AM,Orissa Lift Irrigation Corporation||LI BALASORE||LI Division Baripada,Baripada,757002.0,2.0,"23,24,904",NABIN KUMAR PAL,"2,324,904",Accepted-AOC,03-Nov-2022,Orissa Lift Irrigation Corporation||LI BALASORE||LI Division Baripada,C2_Irrigation,irrigation|lift irrigation|lip,Mitigation,False,False
2021_OLIC_75071_24,BID ID NO. 3764 (OLIC/2021-22) DATED 18.12.2021,Installation and Energisation of Majhigaon Bidaghati RL LIP under Bangriposi Block in Mayurbhanj district.,Installation and Energisation of Majhigaon Bidaghati RL LIP under Bangriposi Block in Mayurbhanj district.,Works,Open Tender,Percentage,Civil Works - Lift Irrigation Schemes,No,No,NA ,31-Dec-2021 10:00 AM,NA ,365.0,No ,No,Online,12-Jan-2022 11:00 AM,Orissa Lift Irrigation Corporation||LI BALASORE||LI Division Baripada,Baripada,757002.0,2.0,"25,28,283",NABIN KUMAR PAL,"2,528,283",Accepted-AOC,03-Nov-2022,Orissa Lift Irrigation Corporation||LI BALASORE||LI Division Baripada,C2_Irrigation,irrigation|lift irrigation|lip,Mitigation,False,False
2021_OLIC_75071_25,BID ID NO. 3764 (OLIC/2021-22) DATED 18.12.2021,Installation and Energisation of Mohanpur RL LIP under Bangriposi Block in Mayurbhanj district.,Installation and Energisation of Mohanpur RL LIP under Bangriposi Block in Mayurbhanj district.,Works,Open Tender,Percentage,Civil Works - Lift Irrigation Schemes,No,No,NA ,31-Dec-2021 10:00 AM,NA ,365.0,No ,No,Online,12-Jan-2022 11:00 AM,Orissa Lift Irrigation Corporation||LI BALASORE||LI Division Baripada,Baripada,757002.0,2.0,"25,84,927",M/A OOMKAR TECNICAL SERVICE (P) LTD,"2,584,727",Accepted-AOC,03-Nov-2022,Orissa Lift Irrigation Corporation||LI BALASORE||LI Division Baripada,C2_Irrigation,irrigation|lift irrigation|lip,Mitigation,False,False
2021_OLIC_75071_27,BID ID NO. 3764 (OLIC/2021-22) DATED 18.12.2021,Installation and Energisation of Brahmangaon Papaldhar RL LIP under Bangriposi Block in Mayurbhanj district.,Installation and Energisation of Brahmangaon Papaldhar RL LIP under Bangriposi Block in Mayurbhanj district.,Works,Open Tender,Percentage,Civil Works - Lift Irrigation Schemes,No,No,NA ,31-Dec-2021 10:00 AM,NA ,365.0,No ,No,Online,12-Jan-2022 11:00 AM,Orissa Lift Irrigation Corporation||LI BALASORE||LI Division Baripada,Baripada,757002.0,2.0,"25,49,904",M/A OOMKAR TECNICAL SERVICE (P) LTD,"2,549,472",Accepted-AOC,03-Nov-2022,Orissa Lift Irrigation Corporation||LI BALASORE||LI Division Baripada,C2_Irrigation,irrigation|lift irrigation|lip,Mitigation,False,False
2021_OLIC_75071_28,BID ID NO. 3764 (OLIC/2021-22) DATED 18.12.2021,Installation and Energisation of Rengalbeda RL LIP under Bangriposi Block in Mayurbhanj district.,Installation and Energisation of Rengalbeda RL LIP under Bangriposi Block in Mayurbhanj district.,Works,Open Tender,Percentage,Civil Works - Lift Irrigation Schemes,No,No,NA ,31-Dec-2021 10:00 AM,NA ,365.0,No ,No,Online,12-Jan-2022 11:00 AM,Orissa Lift Irrigation Corporation||LI BALASORE||LI Division Baripada,Baripada,757002.0,2.0,"25,84,927",DINESH KUMAR AGARWALA,"2,580,914",Accepted-AOC,03-Nov-2022,Orissa Lift Irrigation Corporation||LI BALASORE||LI Division Baripada,C2_Irrigation,irrigation|lift irrigation|lip,Mitigation,False,False
2021_OLIC_75071_29,BID ID NO. 3764 (OLIC/2021-22) DATED 18.12.2021,Installation and Energisation of Baliadhipa RL LIP under Bangriposi Block in Mayurbhanj district.,Installation and Energisation of Baliadhipa RL LIP under Bangriposi Block in Mayurbhanj district.,Works,Open Tender,Percentage,Civil Works - Lift Irrigation Schemes,No,No,NA ,31-Dec-2021 10:00 AM,NA ,365.0,No ,No,Online,12-Jan-2022 11:00 AM,Orissa Lift Irrigation Corporation||LI BALASORE||LI Division Baripada,Baripada,757002.0,2.0,"26,05,265",M/A OOMKAR TECNICAL SERVICE (P) LTD,"2,605,247",Accepted-AOC,03-Nov-2022,Orissa Lift Irrigation Corporation||LI BALASORE||LI Division Baripada,C2_Irrigation,irrigation|lift irrigation|lip,Mitigation,False,False
2021_OLIC_75071_4,BID ID NO. 3764 (OLIC/2021-22) DATED 18.12.2021,Installation and Energisation of Jadida IV and Jadida V TW LIP under Badasahi Block in Mayurbhanj district.,Installation and Energisation of Jadida IV and Jadida V TW LIP under Badasahi Block in Mayurbhanj district.,Works,Open Tender,Percentage,Civil Works - Lift Irrigation Schemes,No,No,NA ,31-Dec-2021 10:00 AM,NA ,365.0,No ,No,Online,12-Jan-2022 11:00 AM,Orissa Lift Irrigation Corporation||LI BALASORE||LI Division Baripada,Baripada,757002.0,2.0,"38,50,590",ISHWAR CHANDRA NAYAK,"3,852,545",Accepted-AOC,03-Nov-2022,Orissa Lift Irrigation Corporation||LI BALASORE||LI Division Baripada,C2_Irrigation,irrigation|lift irrigation|lip|tw ,Mitigation,False,False
2021_OLIC_75071_42,BID ID NO. 3764 (OLIC/2021-22) DATED 18.12.2021,Installation and Energisation of Bhagabatpur I RL LIP under Baripada Block in Mayurbhanj district.,Installation and Energisation of Bhagabatpur I RL LIP under Baripada Block in Mayurbhanj district.,Works,Open Tender,Percentage,Civil Works - Lift Irrigation Schemes,No,No,NA ,31-Dec-2021 10:00 AM,NA ,365.0,No ,No,Online,12-Jan-2022 11:00 AM,Orissa Lift Irrigation Corporation||LI BALASORE||LI Division Baripada,Baripada,757002.0,2.0,"25,44,274",BIBEKANANDA PRADHAN,"2,544,399",Accepted-AOC,01-Nov-2022,Orissa Lift Irrigation Corporation||LI BALASORE||LI Division Baripada,C2_Irrigation,irrigation|lift irrigation|lip,Mitigation,False,False
2021_OLIC_75071_43,BID ID NO. 3764 (OLIC/2021-22) DATED 18.12.2021,Installation and Energisation of Bhagabatpur II RL LIP under Baripada Block in Mayurbhanj district.,Installation and Energisation of Bhagabatpur II RL LIP under Baripada Block in Mayurbhanj district.,Works,Open Tender,Percentage,Civil Works - Lift Irrigation Schemes,No,No,NA ,31-Dec-2021 10:00 AM,NA ,365.0,No ,No,Online,12-Jan-2022 11:00 AM,Orissa Lift Irrigation Corporation||LI BALASORE||LI Division Baripada,Baripada,757002.0,2.0,"25,44,274",BIBEKANANDA PRADHAN,"2,555,669",Accepted-AOC,01-Nov-2022,Orissa Lift Irrigation Corporation||LI BALASORE||LI Division Baripada,C2_Irrigation,irrigation|lift irrigation|lip,Mitigation,False,False
2021_OLIC_75071_44,BID ID NO. 3764 (OLIC/2021-22) DATED 18.12.2021,Installation and Energisation of Kainfulia and Bishnupur I TW LIP under Betnoti Block in Mayurbhanj district.,Installation and Energisation of Kainfulia and Bishnupur I TW LIP under Betnoti Block in Mayurbhanj district.,Works,Open Tender,Percentage,Civil Works - Lift Irrigation Schemes,No,No,NA ,31-Dec-2021 10:00 AM,NA ,365.0,No ,No,Online,12-Jan-2022 11:00 AM,Orissa Lift Irrigation Corporation||LI BALASORE||LI Division Baripada,Baripada,757002.0,2.0,"40,12,725",KARTIK CHANDRA BISWAL,"4,007,724",Accepted-AOC,03-Nov-2022,Orissa Lift Irrigation Corporation||LI BALASORE||LI Division Baripada,C2_Irrigation,irrigation|lift irrigation|lip|tw ,Mitigation,False,False
2021_OLIC_75071_45,BID ID NO. 3764 (OLIC/2021-22) DATED 18.12.2021,Installation and Energisation of Bishnupur II TW LIP under Betnoti Block in Mayurbhanj district.,Installation and Energisation of Bishnupur II TW LIP under Betnoti Block in Mayurbhanj district.,Works,Open Tender,Percentage,Civil Works - Lift Irrigation Schemes,No,No,NA ,31-Dec-2021 10:00 AM,NA ,365.0,No ,No,Online,12-Jan-2022 11:00 AM,Orissa Lift Irrigation Corporation||LI BALASORE||LI Division Baripada,Baripada,757002.0,2.0,"19,97,691",KARTIK CHANDRA BISWAL,"1,994,113",Accepted-AOC,03-Nov-2022,Orissa Lift Irrigation Corporation||LI BALASORE||LI Division Baripada,C2_Irrigation,irrigation|lift irrigation|lip|tw ,Mitigation,False,False
2021_OLIC_75071_46,BID ID NO. 3764 (OLIC/2021-22) DATED 18.12.2021,Installation and Energisation of Singhadiha I and Singhadiha II TW LIP under Betnoti Block in Mayurbhanj district.,Installation and Energisation of Singhadiha I and Singhadiha II TW LIP under Betnoti Block in Mayurbhanj district.,Works,Open Tender,Percentage,Civil Works - Lift Irrigation Schemes,No,No,NA ,31-Dec-2021 10:00 AM,NA ,365.0,No ,No,Online,12-Jan-2022 11:00 AM,Orissa Lift Irrigation Corporation||LI BALASORE||LI Division Baripada,Baripada,757002.0,2.0,"40,17,612",BRAJA MOHAN BEHERA,"4,006,876",Accepted-AOC,03-Nov-2022,Orissa Lift Irrigation Corporation||LI BALASORE||LI Division Baripada,C2_Irrigation,irrigation|lift irrigation|lip|tw ,Mitigation,False,False
2021_OLIC_75071_47,BID ID NO. 3764 (OLIC/2021-22) DATED 18.12.2021,Installation and Energisation of Purunianuagaon I and Purunianuagaon II TW LIP under Betnoti Block in Mayurbhanj district.,Installation and Energisation of Purunianuagaon I and Purunianuagaon II TW LIP under Betnoti Block in Mayurbhanj district.,Works,Open Tender,Percentage,Civil Works - Lift Irrigation Schemes,No,No,NA ,31-Dec-2021 10:00 AM,NA ,365.0,No ,No,Online,12-Jan-2022 11:00 AM,Orissa Lift Irrigation Corporation||LI BALASORE||LI Division Baripada,Baripada,757002.0,2.0,"41,58,400",BRAJA MOHAN BEHERA,"4,154,448",Accepted-AOC,03-Nov-2022,Orissa Lift Irrigation Corporation||LI BALASORE||LI Division Baripada,C2_Irrigation,irrigation|lift irrigation|lip|tw ,Mitigation,False,False
2021_OLIC_75071_49,BID ID NO. 3764 (OLIC/2021-22) DATED 18.12.2021,Installation and Energisation of Bainchapurunia TW LIP under Betnoti Block in Mayurbhanj district.,Installation and Energisation of Bainchapurunia TW LIP under Betnoti Block in Mayurbhanj district.,Works,Open Tender,Percentage,Civil Works - Lift Irrigation Schemes,No,No,NA ,31-Dec-2021 10:00 AM,NA ,365.0,No ,No,Online,12-Jan-2022 11:00 AM,Orissa Lift Irrigation Corporation||LI BALASORE||LI Division Baripada,Baripada,757002.0,2.0,"20,36,768",DINESH KUMAR AGARWALA,"2,035,408",Accepted-AOC,03-Nov-2022,Orissa Lift Irrigation Corporation||LI BALASORE||LI Division Baripada,C2_Irrigation,irrigation|lift irrigation|lip|tw ,Mitigation,False,False
2021_OLIC_75071_5,BID ID NO. 3764 (OLIC/2021-22) DATED 18.12.2021,Installation and Energisation of Manogobindpur IV TW LIP under Badasahi Block in Mayurbhanj district.,Installation and Energisation of Manogobindpur IV TW LIP under Badasahi Block in Mayurbhanj district.,Works,Open Tender,Percentage,Civil Works - Lift Irrigation Schemes,No,No,NA ,31-Dec-2021 10:00 AM,NA ,365.0,No ,No,Online,12-Jan-2022 11:00 AM,Orissa Lift Irrigation Corporation||LI BALASORE||LI Division Baripada,Baripada,757002.0,2.0,"17,25,576",BHAVANI SHANKAR SAHU,"1,725,576",Accepted-AOC,03-Nov-2022,Orissa Lift Irrigation Corporation||LI BALASORE||LI Division Baripada,C2_Irrigation,irrigation|lift irrigation|lip|tw ,Mitigation,False,False
2021_OLIC_75071_50,BID ID NO. 3764 (OLIC/2021-22) DATED 18.12.2021,Installation and Energisation of Bengachua TW LIP under Betnoti Block in Mayurbhanj district.,Installation and Energisation of Bengachua TW LIP under Betnoti Block in Mayurbhanj district.,Works,Open Tender,Percentage,Civil Works - Lift Irrigation Schemes,No,No,NA ,31-Dec-2021 10:00 AM,NA ,365.0,No ,No,Online,12-Jan-2022 11:00 AM,Orissa Lift Irrigation Corporation||LI BALASORE||LI Division Baripada,Baripada,757002.0,2.0,"20,25,821",DINESH KUMAR AGARWALA,"2,024,925",Accepted-AOC,03-Nov-2022,Orissa Lift Irrigation Corporation||LI BALASORE||LI Division Baripada,C2_Irrigation,irrigation|lift irrigation|lip|tw ,Mitigation,False,False
2021_OLIC_75071_51,BID ID NO. 3764 (OLIC/2021-22) DATED 18.12.2021,Installation and Energisation of Madhukhunta II RL LIP under Betnoti Block in Mayurbhanj district.,Installation and Energisation of Madhukhunta II RL LIP under Betnoti Block in Mayurbhanj district.,Works,Open Tender,Percentage,Civil Works - Lift Irrigation Schemes,No,No,NA ,31-Dec-2021 10:00 AM,NA ,365.0,No ,No,Online,12-Jan-2022 11:00 AM,Orissa Lift Irrigation Corporation||LI BALASORE||LI Division Baripada,Baripada,757002.0,2.0,"25,79,904",AJAY KUMAR GIRI,"2,577,993",Accepted-AOC,03-Nov-2022,Orissa Lift Irrigation Corporation||LI BALASORE||LI Division Baripada,C2_Irrigation,irrigation|lift irrigation|lip,Mitigation,False,False
2021_OLIC_75071_52,BID ID NO. 3764 (OLIC/2021-22) DATED 18.12.2021,Installation and Energisation of Haripur I TW LIP under Betnoti Block in Mayurbhanj district.,Installation and Energisation of Haripur I TW LIP under Betnoti Block in Mayurbhanj district.,Works,Open Tender,Percentage,Civil Works - Lift Irrigation Schemes,No,No,NA ,31-Dec-2021 10:00 AM,NA ,365.0,No ,No,Online,12-Jan-2022 11:00 AM,Orissa Lift Irrigation Corporation||LI BALASORE||LI Division Baripada,Baripada,757002.0,2.0,"19,19,087",DINESH KUMAR AGARWALA,"1,918,409",Accepted-AOC,03-Nov-2022,Orissa Lift Irrigation Corporation||LI BALASORE||LI Division Baripada,C2_Irrigation,irrigation|lift irrigation|lip|tw ,Mitigation,False,False
2021_OLIC_75071_53,BID ID NO. 3764 (OLIC/2021-22) DATED 18.12.2021,Installation and Energisation of Haripur Nuagaon and Krushnachandrapur TW LIP under Betnoti Block in Mayurbhanj district.,Installation and Energisation of Haripur Nuagaon and Krushnachandrapur TW LIP under Betnoti Block in Mayurbhanj district.,Works,Open Tender,Percentage,Civil Works - Lift Irrigation Schemes,No,No,NA ,31-Dec-2021 10:00 AM,NA ,365.0,No ,No,Online,12-Jan-2022 11:00 AM,Orissa Lift Irrigation Corporation||LI BALASORE||LI Division Baripada,Baripada,757002.0,2.0,"41,63,535",BRAJA MOHAN BEHERA,"4,160,857",Accepted-AOC,03-Nov-2022,Orissa Lift Irrigation Corporation||LI BALASORE||LI Division Baripada,C2_Irrigation,irrigation|lift irrigation|lip|tw ,Mitigation,False,False
2021_OLIC_75071_54,BID ID NO. 3764 (OLIC/2021-22) DATED 18.12.2021,Installation and Energisation of Tentuligaon TW LIP under Betnoti Block in Mayurbhanj district.,Installation and Energisation of Tentuligaon TW LIP under Betnoti Block in Mayurbhanj district.,Works,Open Tender,Percentage,Civil Works - Lift Irrigation Schemes,No,No,NA ,31-Dec-2021 10:00 AM,NA ,365.0,No ,No,Online,12-Jan-2022 11:00 AM,Orissa Lift Irrigation Corporation||LI BALASORE||LI Division Baripada,Baripada,757002.0,2.0,"18,67,443",DINESH KUMAR AGARWALA,"1,866,679",Accepted-AOC,03-Nov-2022,Orissa Lift Irrigation Corporation||LI BALASORE||LI Division Baripada,C2_Irrigation,irrigation|lift irrigation|lip|tw ,Mitigation,False,False
2021_OLIC_75071_55,BID ID NO. 3764 (OLIC/2021-22) DATED 18.12.2021,Installation and Energisation of Anla III TW LIP under Betnoti Block in Mayurbhanj district.,Installation and Energisation of Anla III TW LIP under Betnoti Block in Mayurbhanj district.,Works,Open Tender,Percentage,Civil Works - Lift Irrigation Schemes,No,No,NA ,31-Dec-2021 10:00 AM,NA ,365.0,No ,No,Online,12-Jan-2022 11:00 AM,Orissa Lift Irrigation Corporation||LI BALASORE||LI Division Baripada,Baripada,757002.0,2.0,"18,67,443",AJAY KUMAR GIRI,"1,869,074",Accepted-AOC,03-Nov-2022,Orissa Lift Irrigation Corporation||LI BALASORE||LI Division Baripada,C2_Irrigation,irrigation|lift irrigation|lip|tw ,Mitigation,False,False
2021_OLIC_75071_56,BID ID NO. 3764 (OLIC/2021-22) DATED 18.12.2021,Installation and Energisation of Benapura II TW LIP under Betnoti Block in Mayurbhanj district.,Installation and Energisation of Benapura II TW LIP under Betnoti Block in Mayurbhanj district.,Works,Open Tender,Percentage,Civil Works - Lift Irrigation Schemes,No,No,NA ,31-Dec-2021 10:00 AM,NA ,365.0,No ,No,Online,12-Jan-2022 11:00 AM,Orissa Lift Irrigation Corporation||LI BALASORE||LI Division Baripada,Baripada,757002.0,2.0,"20,24,943",DINESH KUMAR AGARWALA,"2,024,179",Accepted-AOC,03-Nov-2022,Orissa Lift Irrigation Corporation||LI BALASORE||LI Division Baripada,C2_Irrigation,irrigation|lift irrigation|lip|tw ,Mitigation,False,False
2021_OLIC_75071_57,BID ID NO. 3764 (OLIC/2021-22) DATED 18.12.2021,Installation and Energisation of Panasia II TW LIP under Betnoti Block in Mayurbhanj district.,Installation and Energisation of Panasia II TW LIP under Betnoti Block in Mayurbhanj district.,Works,Open Tender,Percentage,Civil Works - Lift Irrigation Schemes,No,No,NA ,31-Dec-2021 10:00 AM,NA ,365.0,No ,No,Online,12-Jan-2022 11:00 AM,Orissa Lift Irrigation Corporation||LI BALASORE||LI Division Baripada,Baripada,757002.0,2.0,"19,56,587",AJAY KUMAR GIRI,"1,955,897",Accepted-AOC,03-Nov-2022,Orissa Lift Irrigation Corporation||LI BALASORE||LI Division Baripada,C2_Irrigation,irrigation|lift irrigation|lip|tw ,Mitigation,False,False
2021_OLIC_75071_58,BID ID NO. 3764 (OLIC/2021-22) DATED 18.12.2021,Installation and Energisation of Santara III TW LIP under Betnoti Block in Mayurbhanj district.,Installation and Energisation of Santara III TW LIP under Betnoti Block in Mayurbhanj district.,Works,Open Tender,Percentage,Civil Works - Lift Irrigation Schemes,No,No,NA ,31-Dec-2021 10:00 AM,NA ,365.0,No ,No,Online,12-Jan-2022 11:00 AM,Orissa Lift Irrigation Corporation||LI BALASORE||LI Division Baripada,Baripada,757002.0,2.0,"18,67,443",MS AYUSH ENGINEERING AND COMPANY,"1,866,679",Accepted-AOC,03-Nov-2022,Orissa Lift Irrigation Corporation||LI BALASORE||LI Division Baripada,C2_Irrigation,irrigation|lift irrigation|lip|tw ,Mitigation,False,False
2021_OLIC_75071_59,BID ID NO. 3764 (OLIC/2021-22) DATED 18.12.2021,Installation and Energisation of Padmanavopur TW LIP under Betnoti Block in Mayurbhanj district.,Installation and Energisation of Padmanavopur TW LIP under Betnoti Block in Mayurbhanj district.,Works,Open Tender,Percentage,Civil Works - Lift Irrigation Schemes,No,No,NA ,31-Dec-2021 10:00 AM,NA ,365.0,No ,No,Online,12-Jan-2022 11:00 AM,Orissa Lift Irrigation Corporation||LI BALASORE||LI Division Baripada,Baripada,757002.0,2.0,"19,61,587",M/A OOMKAR TECNICAL SERVICE (P) LTD,"1,960,909",Accepted-AOC,03-Nov-2022,Orissa Lift Irrigation Corporation||LI BALASORE||LI Division Baripada,C2_Irrigation,irrigation|lift irrigation|lip|tw ,Mitigation,False,False
2021_OLIC_75071_6,BID ID NO. 3764 (OLIC/2021-22) DATED 18.12.2021,Installation and Energisation of Mirigidari III TW LIP under Badasahi Block in Mayurbhanj district.,Installation and Energisation of Mirigidari III TW LIP under Badasahi Block in Mayurbhanj district.,Works,Open Tender,Percentage,Civil Works - Lift Irrigation Schemes,No,No,NA ,31-Dec-2021 10:00 AM,NA ,365.0,No ,No,Online,12-Jan-2022 11:00 AM,Orissa Lift Irrigation Corporation||LI BALASORE||LI Division Baripada,Baripada,757002.0,2.0,"19,26,568",BHAVANI SHANKAR SAHU,"1,926,568",Accepted-AOC,03-Nov-2022,Orissa Lift Irrigation Corporation||LI BALASORE||LI Division Baripada,C2_Irrigation,irrigation|lift irrigation|lip|tw ,Mitigation,False,False
2021_OLIC_75071_62,BID ID NO. 3764 (OLIC/2021-22) DATED 18.12.2021,Installation and Energisation of Daripal RL LIP under GB Nagar Block in Mayurbhanj district.,Installation and Energisation of Daripal RL LIP under GB Nagar Block in Mayurbhanj district.,Works,Open Tender,Percentage,Civil Works - Lift Irrigation Schemes,No,No,NA ,31-Dec-2021 10:00 AM,NA ,365.0,No ,No,Online,12-Jan-2022 11:00 AM,Orissa Lift Irrigation Corporation||LI BALASORE||LI Division Baripada,Baripada,757002.0,2.0,"28,73,463",BHAVANI SHANKAR SAHU,"2,871,289",Accepted-AOC,04-Nov-2022,Orissa Lift Irrigation Corporation||LI BALASORE||LI Division Baripada,C2_Irrigation,irrigation|lift irrigation|lip,Mitigation,False,False
2021_OLIC_75071_63,BID ID NO. 3764 (OLIC/2021-22) DATED 18.12.2021,Installation and Energisation of Balijoda RL LIP under GB Nagar Block in Mayurbhanj district.,Installation and Energisation of Balijoda RL LIP under GB Nagar Block in Mayurbhanj district.,Works,Open Tender,Percentage,Civil Works - Lift Irrigation Schemes,No,No,NA ,31-Dec-2021 10:00 AM,NA ,365.0,No ,No,Online,12-Jan-2022 11:00 AM,Orissa Lift Irrigation Corporation||LI BALASORE||LI Division Baripada,Baripada,757002.0,2.0,"21,49,184",BHAVANI SHANKAR SAHU,"2,149,184",Accepted-AOC,04-Nov-2022,Orissa Lift Irrigation Corporation||LI BALASORE||LI Division Baripada,C2_Irrigation,irrigation|lift irrigation|lip,Mitigation,False,False
2021_OLIC_75071_65,BID ID NO. 3764 (OLIC/2021-22) DATED 18.12.2021,Installation and Energisation of Ambasola TW LIP under GB Nagar Block in Mayurbhanj district.,Installation and Energisation of Ambasola TW LIP under GB Nagar Block in Mayurbhanj district.,Works,Open Tender,Percentage,Civil Works - Lift Irrigation Schemes,No,No,NA ,31-Dec-2021 10:00 AM,NA ,365.0,No ,No,Online,12-Jan-2022 11:00 AM,Orissa Lift Irrigation Corporation||LI BALASORE||LI Division Baripada,Baripada,757002.0,2.0,"19,71,745",BHAVANI SHANKAR SAHU,"1,967,979",Accepted-AOC,04-Nov-2022,Orissa Lift Irrigation Corporation||LI BALASORE||LI Division Baripada,C2_Irrigation,irrigation|lift irrigation|lip|tw ,Mitigation,False,False
2021_OLIC_75071_66,BID ID NO. 3764 (OLIC/2021-22) DATED 18.12.2021,Installation and Energisation of Astapura TW LIP under Khunta Block in Mayurbhanj district.,Installation and Energisation of Astapura TW LIP under Khunta Block in Mayurbhanj district.,Works,Open Tender,Percentage,Civil Works - Lift Irrigation Schemes,No,No,NA ,31-Dec-2021 10:00 AM,NA ,365.0,No ,No,Online,12-Jan-2022 11:00 AM,Orissa Lift Irrigation Corporation||LI BALASORE||LI Division Baripada,Baripada,757002.0,2.0,"19,89,245",BHAVANI SHANKAR SAHU,"1,970,256",Accepted-AOC,04-Nov-2022,Orissa Lift Irrigation Corporation||LI BALASORE||LI Division Baripada,C2_Irrigation,irrigation|lift irrigation|lip|tw ,Mitigation,False,False
2021_OLIC_75071_7,BID ID NO. 3764 (OLIC/2021-22) DATED 18.12.2021,Installation and Energisation of Nunkua TW LIP under Badasahi Block in Mayurbhanj district.,Installation and Energisation of Nunkua TW LIP under Badasahi Block in Mayurbhanj district.,Works,Open Tender,Percentage,Civil Works - Lift Irrigation Schemes,No,No,NA ,31-Dec-2021 10:00 AM,NA ,365.0,No ,No,Online,12-Jan-2022 11:00 AM,Orissa Lift Irrigation Corporation||LI BALASORE||LI Division Baripada,Baripada,757002.0,2.0,"16,85,667",BHAVANI SHANKAR SAHU,"1,685,431",Accepted-AOC,03-Nov-2022,Orissa Lift Irrigation Corporation||LI BALASORE||LI Division Baripada,C2_Irrigation,irrigation|lift irrigation|lip|tw ,Mitigation,False,False
2021_OLIC_75071_70,BID ID NO. 3764 (OLIC/2021-22) DATED 18.12.2021,Installation and Energisation of Gayalmara Mahalisahi TW LIP under Khunta Block in Mayurbhanj district.,Installation and Energisation of Gayalmara Mahalisahi TW LIP under Khunta Block in Mayurbhanj district.,Works,Open Tender,Percentage,Civil Works - Lift Irrigation Schemes,No,No,NA ,31-Dec-2021 10:00 AM,NA ,365.0,No ,No,Online,12-Jan-2022 11:00 AM,Orissa Lift Irrigation Corporation||LI BALASORE||LI Division Baripada,Baripada,757002.0,2.0,"19,23,321",M/A OOMKAR TECNICAL SERVICE (P) LTD,"1,923,321",Accepted-AOC,04-Nov-2022,Orissa Lift Irrigation Corporation||LI BALASORE||LI Division Baripada,C2_Irrigation,irrigation|lift irrigation|lip|tw ,Mitigation,False,False
2021_OLIC_75071_71,BID ID NO. 3764 (OLIC/2021-22) DATED 18.12.2021,Installation and Energisation of Gayalmara II TW LIP under Khunta Block in Mayurbhanj district.,Installation and Energisation of Gayalmara II TW LIP under Khunta Block in Mayurbhanj district.,Works,Open Tender,Percentage,Civil Works - Lift Irrigation Schemes,No,No,NA ,31-Dec-2021 10:00 AM,NA ,365.0,No ,No,Online,12-Jan-2022 11:00 AM,Orissa Lift Irrigation Corporation||LI BALASORE||LI Division Baripada,Baripada,757002.0,2.0,"17,92,488",M/A OOMKAR TECNICAL SERVICE (P) LTD,"1,792,488",Accepted-AOC,04-Nov-2022,Orissa Lift Irrigation Corporation||LI BALASORE||LI Division Baripada,C2_Irrigation,irrigation|lift irrigation|lip|tw ,Mitigation,False,False
2021_OLIC_75071_73,BID ID NO. 3764 (OLIC/2021-22) DATED 18.12.2021,Installation and Energisation of Sanatanpur TW LIP under Khunta Block in Mayurbhanj district.,Installation and Energisation of Sanatanpur TW LIP under Khunta Block in Mayurbhanj district.,Works,Open Tender,Percentage,Civil Works - Lift Irrigation Schemes,No,No,NA ,31-Dec-2021 10:00 AM,NA ,365.0,No ,No,Online,12-Jan-2022 11:00 AM,Orissa Lift Irrigation Corporation||LI BALASORE||LI Division Baripada,Baripada,757002.0,2.0,"20,18,669",M/A OOMKAR TECNICAL SERVICE (P) LTD,"2,018,669",Accepted-AOC,04-Nov-2022,Orissa Lift Irrigation Corporation||LI BALASORE||LI Division Baripada,C2_Irrigation,irrigation|lift irrigation|lip|tw ,Mitigation,False,False
2021_OLIC_75071_74,BID ID NO. 3764 (OLIC/2021-22) DATED 18.12.2021,Installation and Energisation of Sampanda II TW LIP under Khunta Block in Mayurbhanj district.,Installation and Energisation of Sampanda II TW LIP under Khunta Block in Mayurbhanj district.,Works,Open Tender,Percentage,Civil Works - Lift Irrigation Schemes,No,No,NA ,31-Dec-2021 10:00 AM,NA ,365.0,No ,No,Online,12-Jan-2022 11:00 AM,Orissa Lift Irrigation Corporation||LI BALASORE||LI Division Baripada,Baripada,757002.0,2.0,"19,88,412",M/A OOMKAR TECNICAL SERVICE (P) LTD,"1,988,412",Accepted-AOC,04-Nov-2022,Orissa Lift Irrigation Corporation||LI BALASORE||LI Division Baripada,C2_Irrigation,irrigation|lift irrigation|lip|tw ,Mitigation,False,False
2021_OLIC_75071_75,BID ID NO. 3764 (OLIC/2021-22) DATED 18.12.2021,Installation and Energisation of Jamugadia II TW LIP under Khunta Block in Mayurbhanj district.,Installation and Energisation of Jamugadia II TW LIP under Khunta Block in Mayurbhanj district.,Works,Open Tender,Percentage,Civil Works - Lift Irrigation Schemes,No,No,NA ,31-Dec-2021 10:00 AM,NA ,365.0,No ,No,Online,12-Jan-2022 11:00 AM,Orissa Lift Irrigation Corporation||LI BALASORE||LI Division Baripada,Baripada,757002.0,2.0,"18,20,912",M/A OOMKAR TECNICAL SERVICE (P) LTD,"1,820,912",Accepted-AOC,04-Nov-2022,Orissa Lift Irrigation Corporation||LI BALASORE||LI Division Baripada,C2_Irrigation,irrigation|lift irrigation|lip|tw ,Mitigation,False,False
2021_OLIC_75071_76,BID ID NO. 3764 (OLIC/2021-22) DATED 18.12.2021,Installation and Energisation of Gaudagaon II TW LIP under Khunta Block in Mayurbhanj district.,Installation and Energisation of Gaudagaon II TW LIP under Khunta Block in Mayurbhanj district.,Works,Open Tender,Percentage,Civil Works - Lift Irrigation Schemes,No,No,NA ,31-Dec-2021 10:00 AM,NA ,365.0,No ,No,Online,12-Jan-2022 11:00 AM,Orissa Lift Irrigation Corporation||LI BALASORE||LI Division Baripada,Baripada,757002.0,2.0,"19,95,889",M/A OOMKAR TECNICAL SERVICE (P) LTD,"1,995,889",Accepted-AOC,04-Nov-2022,Orissa Lift Irrigation Corporation||LI BALASORE||LI Division Baripada,C2_Irrigation,irrigation|lift irrigation|lip|tw ,Mitigation,False,False
2021_OLIC_75071_79,BID ID NO. 3764 (OLIC/2021-22) DATED 18.12.2021,Installation and Energisation of Kalajamuna IV TW LIP under Khunta Block in Mayurbhanj district.,Installation and Energisation of Kalajamuna IV TW LIP under Khunta Block in Mayurbhanj district.,Works,Open Tender,Percentage,Civil Works - Lift Irrigation Schemes,No,No,NA ,31-Dec-2021 10:00 AM,NA ,365.0,No ,No,Online,12-Jan-2022 11:00 AM,Orissa Lift Irrigation Corporation||LI BALASORE||LI Division Baripada,Baripada,757002.0,2.0,"19,05,056",DINESH KUMAR AGARWALA,"1,905,056",Accepted-AOC,04-Nov-2022,Orissa Lift Irrigation Corporation||LI BALASORE||LI Division Baripada,C2_Irrigation,irrigation|lift irrigation|lip|tw ,Mitigation,False,False
2021_OLIC_75071_8,BID ID NO. 3764 (OLIC/2021-22) DATED 18.12.2021,Installation and Energisation of Patisari TW LIP under Badasahi Block in Mayurbhanj district.,Installation and Energisation of Patisari TW LIP under Badasahi Block in Mayurbhanj district.,Works,Open Tender,Percentage,Civil Works - Lift Irrigation Schemes,No,No,NA ,31-Dec-2021 10:00 AM,NA ,365.0,No ,No,Online,12-Jan-2022 11:00 AM,Orissa Lift Irrigation Corporation||LI BALASORE||LI Division Baripada,Baripada,757002.0,2.0,"15,74,743",BHAVANI SHANKAR SAHU,"1,574,743",Accepted-AOC,04-Nov-2022,Orissa Lift Irrigation Corporation||LI BALASORE||LI Division Baripada,C2_Irrigation,irrigation|lift irrigation|lip|tw ,Mitigation,False,False
2021_OLIC_75071_80,BID ID NO. 3764 (OLIC/2021-22) DATED 18.12.2021,Installation and Energisation of Sanopokhari I TW LIP under Khunta Block in Mayurbhanj district.,Installation and Energisation of Sanopokhari I TW LIP under Khunta Block in Mayurbhanj district.,Works,Open Tender,Percentage,Civil Works - Lift Irrigation Schemes,No,No,NA ,31-Dec-2021 10:00 AM,NA ,365.0,No ,No,Online,12-Jan-2022 11:00 AM,Orissa Lift Irrigation Corporation||LI BALASORE||LI Division Baripada,Baripada,757002.0,2.0,"19,52,578",DINESH KUMAR AGARWALA,"1,952,578",Accepted-AOC,04-Nov-2022,Orissa Lift Irrigation Corporation||LI BALASORE||LI Division Baripada,C2_Irrigation,irrigation|lift irrigation|lip|tw ,Mitigation,False,False
2021_OLIC_75071_81,BID ID NO. 3764 (OLIC/2021-22) DATED 18.12.2021,Installation and Energisation of Sanopokhari II TW LIP under Khunta Block in Mayurbhanj district.,Installation and Energisation of Sanopokhari II TW LIP under Khunta Block in Mayurbhanj district.,Works,Open Tender,Percentage,Civil Works - Lift Irrigation Schemes,No,No,NA ,31-Dec-2021 10:00 AM,NA ,365.0,No ,No,Online,12-Jan-2022 11:00 AM,Orissa Lift Irrigation Corporation||LI BALASORE||LI Division Baripada,Baripada,757002.0,2.0,"19,10,867",DINESH KUMAR AGARWALA,"1,910,867",Accepted-AOC,04-Nov-2022,Orissa Lift Irrigation Corporation||LI BALASORE||LI Division Baripada,C2_Irrigation,irrigation|lift irrigation|lip|tw ,Mitigation,False,False
2021_OLIC_75071_82,BID ID NO. 3764 (OLIC/2021-22) DATED 18.12.2021,Installation and Energisation of Sanopokhari III TW LIP under Khunta Block in Mayurbhanj district.,Installation and Energisation of Sanopokhari III TW LIP under Khunta Block in Mayurbhanj district.,Works,Open Tender,Percentage,Civil Works - Lift Irrigation Schemes,No,No,NA ,31-Dec-2021 10:00 AM,NA ,365.0,No ,No,Online,12-Jan-2022 11:00 AM,Orissa Lift Irrigation Corporation||LI BALASORE||LI Division Baripada,Baripada,757002.0,2.0,"21,71,002",DINESH KUMAR AGARWALA,"2,171,002",Accepted-AOC,04-Nov-2022,Orissa Lift Irrigation Corporation||LI BALASORE||LI Division Baripada,C2_Irrigation,irrigation|lift irrigation|lip|tw ,Mitigation,False,False
2021_OLIC_75071_83,BID ID NO. 3764 (OLIC/2021-22) DATED 18.12.2021,Installation and Energisation of Bandhagada I TW LIP under Khunta Block in Mayurbhanj district.,Installation and Energisation of Bandhagada I TW LIP under Khunta Block in Mayurbhanj district.,Works,Open Tender,Percentage,Civil Works - Lift Irrigation Schemes,No,No,NA ,31-Dec-2021 10:00 AM,NA ,365.0,No ,No,Online,12-Jan-2022 11:00 AM,Orissa Lift Irrigation Corporation||LI BALASORE||LI Division Baripada,Baripada,757002.0,2.0,"19,40,821",DINESH KUMAR AGARWALA,"1,940,709",Accepted-AOC,04-Nov-2022,Orissa Lift Irrigation Corporation||LI BALASORE||LI Division Baripada,C2_Irrigation,irrigation|lift irrigation|lip|tw ,Mitigation,False,False
2021_OLIC_75071_84,BID ID NO. 3764 (OLIC/2021-22) DATED 18.12.2021,Installation and Energisation of Bandhagada II TW LIP under Khunta Block in Mayurbhanj district.,Installation and Energisation of Bandhagada II TW LIP under Khunta Block in Mayurbhanj district.,Works,Open Tender,Percentage,Civil Works - Lift Irrigation Schemes,No,No,NA ,31-Dec-2021 10:00 AM,NA ,365.0,No ,No,Online,12-Jan-2022 11:00 AM,Orissa Lift Irrigation Corporation||LI BALASORE||LI Division Baripada,Baripada,757002.0,2.0,"18,38,321",DINESH KUMAR AGARWALA,"1,838,209",Accepted-AOC,04-Nov-2022,Orissa Lift Irrigation Corporation||LI BALASORE||LI Division Baripada,C2_Irrigation,irrigation|lift irrigation|lip|tw ,Mitigation,False,False
2021_OLIC_75071_85,BID ID NO. 3764 (OLIC/2021-22) DATED 18.12.2021,Installation and Energisation of Sirisghote TW LIP under Khunta Block in Mayurbhanj district.,Installation and Energisation of Sirisghote TW LIP under Khunta Block in Mayurbhanj district.,Works,Open Tender,Percentage,Civil Works - Lift Irrigation Schemes,No,No,NA ,31-Dec-2021 10:00 AM,NA ,365.0,No ,No,Online,12-Jan-2022 11:00 AM,Orissa Lift Irrigation Corporation||LI BALASORE||LI Division Baripada,Baripada,757002.0,2.0,"17,69,155",DINESH KUMAR AGARWALA,"1,769,042",Accepted-AOC,04-Nov-2022,Orissa Lift Irrigation Corporation||LI BALASORE||LI Division Baripada,C2_Irrigation,irrigation|lift irrigation|lip|tw ,Mitigation,False,False
2021_OLIC_75071_86,BID ID NO. 3764 (OLIC/2021-22) DATED 18.12.2021,Installation and Energisation of Kadapalasa TW LIP under Khunta Block in Mayurbhanj district.,Installation and Energisation of Kadapalasa TW LIP under Khunta Block in Mayurbhanj district.,Works,Open Tender,Percentage,Civil Works - Lift Irrigation Schemes,No,No,NA ,31-Dec-2021 10:00 AM,NA ,365.0,No ,No,Online,12-Jan-2022 11:00 AM,Orissa Lift Irrigation Corporation||LI BALASORE||LI Division Baripada,Baripada,757002.0,2.0,"18,42,488",DINESH KUMAR AGARWALA,"1,842,376",Accepted-AOC,04-Nov-2022,Orissa Lift Irrigation Corporation||LI BALASORE||LI Division Baripada,C2_Irrigation,irrigation|lift irrigation|lip|tw ,Mitigation,False,False
2021_OLIC_75071_87,BID ID NO. 3764 (OLIC/2021-22) DATED 18.12.2021,Installation and Energisation of Gayalmara V TW LIP under Khunta Block in Mayurbhanj district.,Installation and Energisation of Gayalmara V TW LIP under Khunta Block in Mayurbhanj district.,Works,Open Tender,Percentage,Civil Works - Lift Irrigation Schemes,No,No,NA ,31-Dec-2021 10:00 AM,NA ,365.0,No ,No,Online,12-Jan-2022 11:00 AM,Orissa Lift Irrigation Corporation||LI BALASORE||LI Division Baripada,Baripada,757002.0,2.0,"18,55,821",DINESH KUMAR AGARWALA,"1,855,709",Accepted-AOC,04-Nov-2022,Orissa Lift Irrigation Corporation||LI BALASORE||LI Division Baripada,C2_Irrigation,irrigation|lift irrigation|lip|tw ,Mitigation,False,False
2021_OLIC_75071_89,BID ID NO. 3764 (OLIC/2021-22) DATED 18.12.2021,Installation and Energisation of Sanapathara TW LIP under Khunta Block in Mayurbhanj district.,Installation and Energisation of Sanapathara TW LIP under Khunta Block in Mayurbhanj district.,Works,Open Tender,Percentage,Civil Works - Lift Irrigation Schemes,No,No,NA ,31-Dec-2021 10:00 AM,NA ,365.0,No ,No,Online,12-Jan-2022 11:00 AM,Orissa Lift Irrigation Corporation||LI BALASORE||LI Division Baripada,Baripada,757002.0,2.0,"17,34,110",M/A OOMKAR TECNICAL SERVICE (P) LTD,"1,729,042",Accepted-AOC,04-Nov-2022,Orissa Lift Irrigation Corporation||LI BALASORE||LI Division Baripada,C2_Irrigation,irrigation|lift irrigation|lip|tw ,Mitigation,False,False
2021_OLIC_75071_9,BID ID NO. 3764 (OLIC/2021-22) DATED 18.12.2021,Installation and Energisation of Sananuagaon TW LIP under Badasahi Block in Mayurbhanj district.,Installation and Energisation of Sananuagaon TW LIP under Badasahi Block in Mayurbhanj district.,Works,Open Tender,Percentage,Civil Works - Lift Irrigation Schemes,No,No,NA ,31-Dec-2021 10:00 AM,NA ,365.0,No ,No,Online,12-Jan-2022 11:00 AM,Orissa Lift Irrigation Corporation||LI BALASORE||LI Division Baripada,Baripada,757002.0,2.0,"20,02,469",BHAVANI SHANKAR SAHU,"1,996,652",Accepted-AOC,02-Nov-2022,Orissa Lift Irrigation Corporation||LI BALASORE||LI Division Baripada,C2_Irrigation,irrigation|lift irrigation|lip|tw ,Mitigation,False,False
2021_OLIC_75071_90,BID ID NO. 3764 (OLIC/2021-22) DATED 18.12.2021,Installation and Energisation of Kadadiha II TW LIP under Khunta Block in Mayurbhanj district.,Installation and Energisation of Kadadiha II TW LIP under Khunta Block in Mayurbhanj district.,Works,Open Tender,Percentage,Civil Works - Lift Irrigation Schemes,No,No,NA ,31-Dec-2021 10:00 AM,NA ,365.0,No ,No,Online,12-Jan-2022 11:00 AM,Orissa Lift Irrigation Corporation||LI BALASORE||LI Division Baripada,Baripada,757002.0,2.0,"18,23,321",DINESH KUMAR AGARWALA,"1,823,209",Accepted-AOC,04-Nov-2022,Orissa Lift Irrigation Corporation||LI BALASORE||LI Division Baripada,C2_Irrigation,irrigation|lift irrigation|lip|tw ,Mitigation,False,False
2021_OLIC_75071_91,BID ID NO. 3764 (OLIC/2021-22) DATED 18.12.2021,Installation and Energisation of Ghuntabani TW LIP under Kuliana Block in Mayurbhanj district.,Installation and Energisation of Ghuntabani TW LIP under Kuliana Block in Mayurbhanj district.,Works,Open Tender,Percentage,Civil Works - Lift Irrigation Schemes,No,No,NA ,31-Dec-2021 10:00 AM,NA ,365.0,No ,No,Online,12-Jan-2022 11:00 AM,Orissa Lift Irrigation Corporation||LI BALASORE||LI Division Baripada,Baripada,757002.0,2.0,"18,87,533",BHAVANI SHANKAR SAHU,"1,887,533",Accepted-AOC,05-Nov-2022,Orissa Lift Irrigation Corporation||LI BALASORE||LI Division Baripada,C2_Irrigation,irrigation|lift irrigation|lip|tw ,Mitigation,False,False
2021_OLIC_75071_92,BID ID NO. 3764 (OLIC/2021-22) DATED 18.12.2021,Installation and Energisation of Hatibari TW LIP under Kuliana Block in Mayurbhanj district.,Installation and Energisation of Hatibari TW LIP under Kuliana Block in Mayurbhanj district.,Works,Open Tender,Percentage,Civil Works - Lift Irrigation Schemes,No,No,NA ,31-Dec-2021 10:00 AM,NA ,365.0,No ,No,Online,12-Jan-2022 11:00 AM,Orissa Lift Irrigation Corporation||LI BALASORE||LI Division Baripada,Baripada,757002.0,2.0,"18,25,821",M/A OOMKAR TECNICAL SERVICE (P) LTD,"1,808,441",Accepted-AOC,05-Nov-2022,Orissa Lift Irrigation Corporation||LI BALASORE||LI Division Baripada,C2_Irrigation,irrigation|lift irrigation|lip|tw ,Mitigation,False,False
2021_OLIC_75071_93,BID ID NO. 3764 (OLIC/2021-22) DATED 18.12.2021,Installation and Energisation of Sunaria TW LIP under Kuliana Block in Mayurbhanj district.,Installation and Energisation of Sunaria TW LIP under Kuliana Block in Mayurbhanj district.,Works,Open Tender,Percentage,Civil Works - Lift Irrigation Schemes,No,No,NA ,31-Dec-2021 10:00 AM,NA ,365.0,No ,No,Online,12-Jan-2022 11:00 AM,Orissa Lift Irrigation Corporation||LI BALASORE||LI Division Baripada,Baripada,757002.0,2.0,"18,13,479",AMALENDU NAYAK,"1,799,334",Accepted-AOC,05-Nov-2022,Orissa Lift Irrigation Corporation||LI BALASORE||LI Division Baripada,C2_Irrigation,irrigation|lift irrigation|lip|tw ,Mitigation,False,False
2021_OLIC_75071_96,BID ID NO. 3764 (OLIC/2021-22) DATED 18.12.2021,Installation and Energisation of Dahigaon TW LIP under Kuliana Block in Mayurbhanj district.,Installation and Energisation of Dahigaon TW LIP under Kuliana Block in Mayurbhanj district.,Works,Open Tender,Percentage,Civil Works - Lift Irrigation Schemes,No,No,NA ,31-Dec-2021 10:00 AM,NA ,365.0,No ,No,Online,12-Jan-2022 11:00 AM,Orissa Lift Irrigation Corporation||LI BALASORE||LI Division Baripada,Baripada,757002.0,2.0,"18,23,659",M/A OOMKAR TECNICAL SERVICE (P) LTD,"1,823,659",Accepted-AOC,05-Nov-2022,Orissa Lift Irrigation Corporation||LI BALASORE||LI Division Baripada,C2_Irrigation,irrigation|lift irrigation|lip|tw ,Mitigation,False,False
2021_OLIC_75071_97,BID ID NO. 3764 (OLIC/2021-22) DATED 18.12.2021,Installation and Energisation of Nuagaon TW LIP under Morada Block in Mayurbhanj district.,Installation and Energisation of Nuagaon TW LIP under Morada Block in Mayurbhanj district.,Works,Open Tender,Percentage,Civil Works - Lift Irrigation Schemes,No,No,NA ,31-Dec-2021 10:00 AM,NA ,365.0,No ,No,Online,12-Jan-2022 11:00 AM,Orissa Lift Irrigation Corporation||LI BALASORE||LI Division Baripada,Baripada,757002.0,2.0,"18,85,867",M/S.BAISAKHI CONSTRUCTION PVT.LTD,"1,885,867",Accepted-AOC,07-Nov-2022,Orissa Lift Irrigation Corporation||LI BALASORE||LI Division Baripada,C2_Irrigation,irrigation|lift irrigation|lip|tw ,Mitigation,False,False
2021_PHEO_72653_2,SEPHBGR30/2021-22,"Design, Drawing, Construction, Testing and commissioning of 5.00 lakh ltr. UGR with piping and pumping arrangement near Block Chowk area including 11KVA Electric supply and installation work at Subarnapur Municipality.","Design, Drawing, Construction, Testing and commissioning of 5.00 lakh ltr. UGR with piping and pumping arrangement near Block Chowk area including 11KVA Electric supply and installation work at Subarnapur Municipality.",Works,National Competitive Bid,Percentage,Civil Works - Water Works,No,No,NA ,17-Nov-2021 11:00 AM,NA ,120.0,No ,No,Online,02-Dec-2021 11:00 AM,PHEO||PH Circle Bhawanipatna||PH Division Balangir,Subarnapur Municipality,767017.0,2.0,"92,05,474",CHANDRA SEKHAR BISWAL,"9,646,417",Accepted-AOC,16-Nov-2022,PHEO||PH Circle Bhawanipatna||PH Division Balangir,C8_Scheme,omm,Mitigation,False,False
2022_CADSP_81753_3,JDSP-02/2022-23,Survey and Planning for Command Area Development and water management of Masinanalla MIP in Sundargarh District.,Survey and Planning for Command Area Development and water management,Works,Open Tender,Percentage,Civil Works - Water Works,No,No,NA ,26-Sep-2022 11:00 AM,NA ,90.0,No ,No,Online,17-Oct-2022 11:00 AM,Command Area Development-CAD (DOWR)||Jt. Director Survey and Planning,"Birkaldihi, Balisankar Sundergarh",770001.0,1.0,"4,78,088",ASIAN GEOTECH RESEARCH SERVICES,"406,423",Accepted-AOC,11-Nov-2022,Command Area Development-CAD (DOWR)||Jt. Director Survey and Planning,C2_Irrigation|C8_Scheme,command area|omm,Mitigation,False,False
2022_CADSP_81753_5,JDSP-02/2022-23,Survey and Planning for Command Area Development and water management of Lankagada MIP in Ganjam District.,Survey and Planning for Command Area Development and water management,Works,Open Tender,Percentage,Civil Works - Water Works,No,No,NA ,26-Sep-2022 11:00 AM,NA ,90.0,No ,No,Online,17-Oct-2022 11:00 AM,Command Area Development-CAD (DOWR)||Jt. Director Survey and Planning,"JagannathPrasad, Ganjam",761121.0,1.0,"7,21,586",ASIAN GEOTECH RESEARCH SERVICES,"613,420",Accepted-AOC,11-Nov-2022,Command Area Development-CAD (DOWR)||Jt. Director Survey and Planning,C2_Irrigation|C8_Scheme,command area|omm,Mitigation,False,False
2022_CCEJE_82163_1,SEUKID 01/2022-23 (SL 5),Construction of Protection wall on both banks near CD No 1 from RD 0.500 km to 0.840 km of Kusumi Sub Minor II.,Canal Structural work,Works,Open Tender,Percentage,Civil Works - Canal,No,No,NA ,15-Oct-2022 11:00 AM,NA ,90.0,No ,No,Online,26-Oct-2022 11:00 AM,"CCE,Upper Kolab Project,Jeypore||CCE,Upper Kolab Project, Bariniput||EE, Upper Kolab Irrigation Divn IV, Boriguma",BORIGUMMA,764056.0,1.0,"7,07,825",BALARAM SETHI,"601,722",Accepted-AOC,28-Nov-2022,"CCE,Upper Kolab Project,Jeypore||CCE,Upper Kolab Project, Bariniput||EE, Upper Kolab Irrigation Divn IV, Boriguma",C2_Irrigation,canal|irrigation,Unknown,False,False
2022_CCEJE_82210_1,SEUKID 01/2022-23 (SL 28),Construction of VRB at RD-7.50km of Pakhanaguda Disty.,ROAD STRUCTURAL WORK,Works,Open Tender,Percentage,Civil Works - Roads,No,No,NA ,15-Oct-2022 11:00 AM,NA ,90.0,No ,No,Online,26-Oct-2022 11:00 AM,"CCE,Upper Kolab Project,Jeypore||CCE,Upper Kolab Project, Bariniput||EE, Upper Kolab Irrigation Divn IV, Boriguma",BORIGUMMA,764056.0,1.0,"7,53,814",BALARAM SETHI,"640,818",Accepted-AOC,28-Nov-2022,"CCE,Upper Kolab Project,Jeypore||CCE,Upper Kolab Project, Bariniput||EE, Upper Kolab Irrigation Divn IV, Boriguma",C2_Irrigation,irrigation,Unknown,False,False
2022_CEBBS_82419_3,SERID-RKL-01/2022-23,Construction of wall lining from RD 525 to 920m of Alekhpur Sub-Minor-II of Rukura Irrigation Project,Construction of wall lining from RD 525 to 920m of Alekhpur Sub-Minor-II of Rukura Irrigation Project,Works,Open Tender,Percentage,Civil Works - Canal,No,No,NA ,20-Oct-2022 10:00 AM,NA ,60.0,No ,No,Online,04-Nov-2022 11:00 AM,CE and BM Brahmani Basin Samal,Bonai,770038.0,1.0,"15,68,417",CHITRASEN BISWAL,"1,333,311.25",Accepted-AOC,17-Nov-2022,CE and BM Brahmani Basin Samal,C2_Irrigation,irrigation|sub-minor,Mitigation,False,False
2022_CEBBS_82419_4,SERID-RKL-01/2022-23,Improvement to Jamerposh Distributary of Rukura Irrigation Project,Improvement to Jamerposh Distributary of Rukura Irrigation Project,Works,Open Tender,Percentage,Civil Works - Canal,No,No,NA ,20-Oct-2022 10:00 AM,NA ,90.0,No ,No,Online,04-Nov-2022 11:00 AM,CE and BM Brahmani Basin Samal,Bonai,770038.0,1.0,"44,17,825",Nirmal Kumar Muduli,"3,755,593.41",Accepted-AOC,23-Nov-2022,CE and BM Brahmani Basin Samal,C2_Irrigation,distributary|irrigation,Mitigation,False,False
2022_CEBMB_78428_1,"ACE,RBB-07/2022-23",Construction of CD-14 (Aqueduct) at RD 6095 M of Nuagaon Disrtibutary under Rushikulya Irrigation System,Construction of CD-14 (Aqueduct) at RD 6095 M of Nuagaon Disrtibutary under Rushikulya Irrigation System,Works,National Competitive Bid,Percentage,Civil Works - Others,No,No,NA ,16-Jun-2022 10:00 AM,NA ,90.0,No ,No,Online,02-Jul-2022 11:30 AM,"CE-BM,RVN Basin,Berhampur||S.E. Southern Irr. Circle I Berhampur",Bhanjanagar,761126.0,2.0,"3,53,51,043",BINAPANI PRADHAN,"31,819,474.03",Accepted-AOC,01-Nov-2022,"CE-BM,RVN Basin,Berhampur||S.E. Southern Irr. Circle I Berhampur",C2_Irrigation,aqueduct|irrigation,Mitigation,False,False
2022_CEBMB_81622_4,"ACE,RBB-22/2022-23",Renovation of Service Bank Road on Kendubadi Minor from RD 00 to 8.73 km of Baghua Irrigation Project.,Renovation of Service Bank Road on Kendubadi Minor from RD 00 to 8.73 km of Baghua Irrigation Project.,Works,National Competitive Bid,Percentage,Civil Works - Others,No,No,NA ,23-Sep-2022 10:00 AM,NA ,90.0,No ,No,Online,14-Oct-2022 11:30 AM,"CE-BM,RVN Basin,Berhampur||S.E. Southern Irr. Circle I Berhampur",Buguda,761118.0,2.0,"2,36,23,763",Abhimanyu Sethi,"20,082,560.57",Accepted-AOC,23-Nov-2022,"CE-BM,RVN Basin,Berhampur||S.E. Southern Irr. Circle I Berhampur",C2_Irrigation,irrigation,Unknown,False,False
2022_CEBMT_81546_7,"EE,TID,SNP-05/2022-23",Stone pitching work to existing flood protection embankment near village Hikudi from RD 00 m to RD 155 m,Flood Protection Embankment work,Works,Open Tender,Percentage,Civil Works - Others,No,No,NA ,19-Sep-2022 10:00 AM,NA ,90.0,No ,No,Online,30-Sep-2022 11:00 AM,"CE-BM, Tel Basin,Bhawanipatna||SE Balangir Irr Circle Balangir",Sonepur,767017.0,1.0,"8,88,308",DANIEL BHAINA,"750,155.79",Accepted-AOC,04-Nov-2022,"CE-BM, Tel Basin,Bhawanipatna||SE Balangir Irr Circle Balangir",C2_Irrigation|C4_FloodCyclone,embankment|flood protection|irr ,Unknown,False,False
2022_DFOPU_80495_1,TCN No 01 of 2022-23,Construction of proposed forest Gurad Quarter Building at Kurujanga of Konark Range under Puri Wildlife Division under CAMPA APO 2022-23,Construction of proposed forest Gurad Quarter Building at Kurujanga of Konark Range under Puri Wildlife Division under CAMPA APO 2022-23,Works,National Competitive Bid,Percentage,Civil Works - Buildings,No,No,NA ,12-Aug-2022 05:00 PM,NA ,90.0,No ,No,Online,26-Aug-2022 11:00 AM,Forest Environment and Climate Change Department||RCCF Bhubaneswar||DFO Puri WL,Puri,752002.0,1.0,"10,65,487",DIPAK KUMAR SAHOO,"905,771",Accepted-AOC,10-Nov-2022,Forest Environment and Climate Change Department||RCCF Bhubaneswar||DFO Puri WL,C6_Agroforestry,campa,Mitigation,False,False
2022_EICCL_76262_2,"C.C.E.K.C., Keonjhar No. 20 / 2021-22",Construction of Mini MCH at Non FRU CHCs (Expansion of IPD) at CHC Salania under NHM PIP 2021-22,Construction of Mini MCH at Non FRU CHCs (Expansion of IPD) at CHC Salania under NHM PIP 2021-22,Works,Open Tender,Percentage,Civil Works - Buildings,No,No,NA ,11-Mar-2022 11:00 AM,NA ,90.0,No ,No,Online,29-Mar-2022 11:30 AM,EIC-CIVIL||SERNB-CIRCLE-KEONJHAR,Ghatagaon,758027.0,2.0,,AMRIT SUNDAR NAYAK,"13,837,844",Accepted-AOC,30-Nov-2022,EIC-CIVIL||SERNB-CIRCLE-KEONJHAR,C7_PostHarvestSupply,chc,Mitigation,False,False
2022_OCTDM_76102_47,OIIPCRA-W2-1/2022,Gudvelipadar MIP in Kantamal Block ID BOU-113 in Boudh District,Construction of Civil CADWM Works of Gudvelipadar Minor Irrigation Project Package ID BOU-113 in Boudh District,Works,National Competitive Bid,Item Rate,Civil Works - Others,No,No,NA ,07-Mar-2022 10:00 AM,22-Mar-2022 11:30 AM ,90.0,No ,No,Both(Online/Offline),07-Apr-2022 03:30 PM,Orissa Community Tank Development and Management Society,Kantamal,762017.0,2.0,,M/S SAHEB CONSTRUCTION,"5,922,052",Accepted-AOC,29-Nov-2022,Orissa Community Tank Development and Management Society,C2_Irrigation|C8_Scheme,irrigation|lip|minor irrigation|omm,Mitigation,False,False
2022_OCTDM_76102_49,OIIPCRA-W2-1/2022,Luisinga MIP in Kantamal Block Package ID BOU-115 in Boudh District,Construction of Civil CADWM Works of Luisinga Minor Irrigation Project Package ID BOU-115 in Boudh District,Works,National Competitive Bid,Item Rate,Civil Works - Others,No,No,NA ,07-Mar-2022 10:00 AM,22-Mar-2022 11:30 AM ,90.0,No ,No,Both(Online/Offline),07-Apr-2022 03:30 PM,Orissa Community Tank Development and Management Society,Kantamal,762017.0,2.0,,MUKTESWAR NAIK,"4,041,135",Accepted-AOC,28-Nov-2022,Orissa Community Tank Development and Management Society,C2_Irrigation|C8_Scheme,irrigation|minor irrigation|omm,Mitigation,False,False
2022_OCTDM_76102_50,OIIPCRA-W2-1/2022,Kultajore MIP in Kantamal block Package ID BOU-116 in Boudh District,Construction of Civil CAD-WM Works of Kultajore Minor Irrigation Project Package ID BOU-116 in Boudh District,Works,National Competitive Bid,Item Rate,Civil Works - Others,No,No,NA ,07-Mar-2022 10:00 AM,22-Mar-2022 11:30 AM ,90.0,No ,No,Both(Online/Offline),07-Apr-2022 03:30 PM,Orissa Community Tank Development and Management Society,Kantamal,762017.0,2.0,,MUKTESWAR NAIK,"6,619,183",Accepted-AOC,28-Nov-2022,Orissa Community Tank Development and Management Society,C2_Irrigation|C8_Scheme,irrigation|minor irrigation|omm,Mitigation,False,False
2022_OCTDM_76272_5,GCF-W2-1/2022,KEO-2 Keonjhar District Installation of 1666 Nos Recharge wells in 435 Nos of Tanks,Installation of Recharge wells in 435 Nos of Tanks in Keonjhar District-KEO-2,Works,National Competitive Bid,Item Rate,Civil Works - Others,No,No,NA ,11-Mar-2022 10:00 AM,24-Mar-2022 11:30 AM ,90.0,No ,No,Both(Online/Offline),11-Apr-2022 03:30 PM,Orissa Community Tank Development and Management Society,Anadapur,758015.0,2.0,,PM CONTRACTORS PRIVATE LIMITED,"44,672,692",Accepted-AOC,25-Nov-2022,Orissa Community Tank Development and Management Society,C1_WaterConservation|C8_Scheme,omm|recharge,Mitigation,False,False
2022_OLIC_75561_10,08 /2021-22 / OLIC (BLS) / Dt. 06.01.2022,PARAMANANDAPUR-II,PARAMANANDAPUR-II,Works,Open Tender,Turn-key,Civil Works - Lift Irrigation Schemes,No,No,NA ,10-Jan-2022 11:00 AM,NA ,365.0,No ,No,Online,24-Jan-2022 11:00 AM,Orissa Lift Irrigation Corporation||LI BALASORE||LI Division Balasore,BALASORE,756001.0,1.0,"23,23,461",AJAY KUMAR GIRI,"2,472,422",Accepted-AOC,20-Nov-2022,Orissa Lift Irrigation Corporation||LI BALASORE||LI Division Balasore,C2_Irrigation,irrigation|lift irrigation,Unknown,False,False
2022_OLIC_75561_13,08 /2021-22 / OLIC (BLS) / Dt. 06.01.2022,R.S.HASANPUR-III,R.S.HASANPUR-III,Works,Open Tender,Turn-key,Civil Works - Lift Irrigation Schemes,No,No,NA ,10-Jan-2022 11:00 AM,NA ,365.0,No ,No,Online,24-Jan-2022 11:00 AM,Orissa Lift Irrigation Corporation||LI BALASORE||LI Division Balasore,BALASORE,756001.0,1.0,"19,94,780",AJAY KUMAR GIRI,"2,122,668",Accepted-AOC,20-Nov-2022,Orissa Lift Irrigation Corporation||LI BALASORE||LI Division Balasore,C2_Irrigation,irrigation|lift irrigation,Unknown,False,False
2022_OLIC_75561_14,08 /2021-22 / OLIC (BLS) / Dt. 06.01.2022,R.S.HASANPUR-IV,R.S.HASANPUR-IV,Works,Open Tender,Turn-key,Civil Works - Lift Irrigation Schemes,No,No,NA ,10-Jan-2022 11:00 AM,NA ,365.0,No ,No,Online,24-Jan-2022 11:00 AM,Orissa Lift Irrigation Corporation||LI BALASORE||LI Division Balasore,BALASORE,756001.0,1.0,"21,16,738",AJAY KUMAR GIRI,"2,252,447",Accepted-AOC,20-Nov-2022,Orissa Lift Irrigation Corporation||LI BALASORE||LI Division Balasore,C2_Irrigation,irrigation|lift irrigation,Unknown,False,False
2022_OLIC_75561_16,08 /2021-22 / OLIC (BLS) / Dt. 06.01.2022,RASALPUR-IX,RASALPUR-IX,Works,Open Tender,Turn-key,Civil Works - Lift Irrigation Schemes,No,No,NA ,10-Jan-2022 11:00 AM,NA ,365.0,No ,No,Online,24-Jan-2022 11:00 AM,Orissa Lift Irrigation Corporation||LI BALASORE||LI Division Balasore,BALASORE,756001.0,1.0,"20,79,149",MAHASWETA DHADA,"2,096,016",Accepted-AOC,20-Nov-2022,Orissa Lift Irrigation Corporation||LI BALASORE||LI Division Balasore,C2_Irrigation,irrigation|lift irrigation,Unknown,False,False
2022_OLIC_75561_17,08 /2021-22 / OLIC (BLS) / Dt. 06.01.2022,RASALPUR-VIII,RASALPUR-VIII,Works,Open Tender,Turn-key,Civil Works - Lift Irrigation Schemes,No,No,NA ,10-Jan-2022 11:00 AM,NA ,365.0,No ,No,Online,24-Jan-2022 11:00 AM,Orissa Lift Irrigation Corporation||LI BALASORE||LI Division Balasore,BALASORE,756001.0,1.0,"21,63,449",KAMALAKANTA DAS,"2,180,998",Accepted-AOC,20-Nov-2022,Orissa Lift Irrigation Corporation||LI BALASORE||LI Division Balasore,C2_Irrigation,irrigation|lift irrigation,Unknown,False,False
2022_OLIC_75561_18,08 /2021-22 / OLIC (BLS) / Dt. 06.01.2022,RASALPUR-X,RASALPUR-X,Works,Open Tender,Turn-key,Civil Works - Lift Irrigation Schemes,No,No,NA ,10-Jan-2022 11:00 AM,NA ,365.0,No ,No,Online,24-Jan-2022 11:00 AM,Orissa Lift Irrigation Corporation||LI BALASORE||LI Division Balasore,BALASORE,756001.0,1.0,"20,42,224",MAHASWETA DHADA,"2,058,790",Accepted-AOC,20-Nov-2022,Orissa Lift Irrigation Corporation||LI BALASORE||LI Division Balasore,C2_Irrigation,irrigation|lift irrigation,Unknown,False,False
2022_OLIC_75561_19,08 /2021-22 / OLIC (BLS) / Dt. 06.01.2022,RASALPUR-XI,RASALPUR-XI,Works,Open Tender,Turn-key,Civil Works - Lift Irrigation Schemes,No,No,NA ,10-Jan-2022 11:00 AM,NA ,365.0,No ,No,Online,24-Jan-2022 11:00 AM,Orissa Lift Irrigation Corporation||LI BALASORE||LI Division Balasore,BALASORE,756001.0,1.0,"20,03,289",MAHASWETA DHADA,"2,019,540",Accepted-AOC,20-Nov-2022,Orissa Lift Irrigation Corporation||LI BALASORE||LI Division Balasore,C2_Irrigation,irrigation|lift irrigation,Unknown,False,False
2022_OLIC_75561_2,08 /2021-22 / OLIC (BLS) / Dt. 06.01.2022,JAYADEVKASABA-XI,JAYADEVKASABA-XI,Works,Open Tender,Turn-key,Civil Works - Lift Irrigation Schemes,No,No,NA ,10-Jan-2022 11:00 AM,NA ,365.0,No ,No,Online,24-Jan-2022 11:00 AM,Orissa Lift Irrigation Corporation||LI BALASORE||LI Division Balasore,BALASORE,756001.0,1.0,"21,43,555",MAHASWETA DHADA,"2,316,754",Accepted-AOC,20-Nov-2022,Orissa Lift Irrigation Corporation||LI BALASORE||LI Division Balasore,C2_Irrigation,irrigation|lift irrigation,Unknown,False,False
2022_OLIC_75561_20,08 /2021-22 / OLIC (BLS) / Dt. 06.01.2022,RASALPUR-XII,RASALPUR-XII,Works,Open Tender,Turn-key,Civil Works - Lift Irrigation Schemes,No,No,NA ,10-Jan-2022 11:00 AM,NA ,365.0,No ,No,Online,24-Jan-2022 11:00 AM,Orissa Lift Irrigation Corporation||LI BALASORE||LI Division Balasore,BALASORE,756001.0,1.0,"20,32,456",MAHASWETA DHADA,"2,048,944",Accepted-AOC,20-Nov-2022,Orissa Lift Irrigation Corporation||LI BALASORE||LI Division Balasore,C2_Irrigation,irrigation|lift irrigation,Unknown,False,False
2022_OLIC_75561_21,08 /2021-22 / OLIC (BLS) / Dt. 06.01.2022,RASALPUR-XIII,RASALPUR-XIII,Works,Open Tender,Turn-key,Civil Works - Lift Irrigation Schemes,No,No,NA ,10-Jan-2022 11:00 AM,NA ,365.0,No ,No,Online,24-Jan-2022 11:00 AM,Orissa Lift Irrigation Corporation||LI BALASORE||LI Division Balasore,BALASORE,756001.0,1.0,"21,23,573",KAMALAKANTA DAS,"2,140,800",Accepted-AOC,22-Nov-2022,Orissa Lift Irrigation Corporation||LI BALASORE||LI Division Balasore,C2_Irrigation,irrigation|lift irrigation,Unknown,False,False
2022_OLIC_75561_32,08 /2021-22 / OLIC (BLS) / Dt. 06.01.2022,DIHUDIA-II,DIHUDIA-II,Works,Open Tender,Turn-key,Civil Works - Lift Irrigation Schemes,No,No,NA ,10-Jan-2022 11:00 AM,NA ,365.0,No ,No,Online,24-Jan-2022 11:00 AM,Orissa Lift Irrigation Corporation||LI BALASORE||LI Division Balasore,BALASORE,756001.0,1.0,"21,29,063",PABITRA SANKHUA,"2,307,530",Accepted-AOC,22-Nov-2022,Orissa Lift Irrigation Corporation||LI BALASORE||LI Division Balasore,C2_Irrigation,irrigation|lift irrigation,Unknown,False,False
2022_OLIC_75561_34,08 /2021-22 / OLIC (BLS) / Dt. 06.01.2022,GOPALPUR-VI,GOPALPUR-VI,Works,Open Tender,Turn-key,Civil Works - Lift Irrigation Schemes,No,No,NA ,10-Jan-2022 11:00 AM,NA ,365.0,No ,No,Online,24-Jan-2022 11:00 AM,Orissa Lift Irrigation Corporation||LI BALASORE||LI Division Balasore,BALASORE,756001.0,1.0,"21,40,754",KAMALAKANTA DAS,"2,158,121",Accepted-AOC,22-Nov-2022,Orissa Lift Irrigation Corporation||LI BALASORE||LI Division Balasore,C2_Irrigation,irrigation|lift irrigation,Unknown,False,False
2022_OLIC_75561_36,08 /2021-22 / OLIC (BLS) / Dt. 06.01.2022,GOPALPUR-VIII,GOPALPUR-VIII,Works,Open Tender,Turn-key,Civil Works - Lift Irrigation Schemes,No,No,NA ,10-Jan-2022 11:00 AM,NA ,365.0,No ,No,Online,24-Jan-2022 11:00 AM,Orissa Lift Irrigation Corporation||LI BALASORE||LI Division Balasore,BALASORE,756001.0,1.0,"20,97,224",AMALENDU NAYAK,"2,179,300",Accepted-AOC,22-Nov-2022,Orissa Lift Irrigation Corporation||LI BALASORE||LI Division Balasore,C2_Irrigation,irrigation|lift irrigation,Unknown,False,False
2022_OLIC_75561_38,08 /2021-22 / OLIC (BLS) / Dt. 06.01.2022,INCHUDI-VI,INCHUDI-VI,Works,Open Tender,Turn-key,Civil Works - Lift Irrigation Schemes,No,No,NA ,10-Jan-2022 11:00 AM,NA ,365.0,No ,No,Online,24-Jan-2022 11:00 AM,Orissa Lift Irrigation Corporation||LI BALASORE||LI Division Balasore,BALASORE,756001.0,1.0,"21,00,014",MAHASWETA DHADA,"2,269,695",Accepted-AOC,22-Nov-2022,Orissa Lift Irrigation Corporation||LI BALASORE||LI Division Balasore,C2_Irrigation,irrigation|lift irrigation,Unknown,False,False
2022_OLIC_75561_39,08 /2021-22 / OLIC (BLS) / Dt. 06.01.2022,INCHUDI-VII,INCHUDI-VII,Works,Open Tender,Turn-key,Civil Works - Lift Irrigation Schemes,No,No,NA ,10-Jan-2022 11:00 AM,NA ,365.0,No ,No,Online,24-Jan-2022 11:00 AM,Orissa Lift Irrigation Corporation||LI BALASORE||LI Division Balasore,BALASORE,756001.0,1.0,"22,20,287",MAHASWETA DHADA,"2,399,687",Accepted-AOC,22-Nov-2022,Orissa Lift Irrigation Corporation||LI BALASORE||LI Division Balasore,C2_Irrigation,irrigation|lift irrigation,Unknown,False,False
2022_OLIC_75561_42,08 /2021-22 / OLIC (BLS) / Dt. 06.01.2022,MEDINIPUR-III,MEDINIPUR-III,Works,Open Tender,Turn-key,Civil Works - Lift Irrigation Schemes,No,No,NA ,10-Jan-2022 11:00 AM,NA ,365.0,No ,No,Online,24-Jan-2022 11:00 AM,Orissa Lift Irrigation Corporation||LI BALASORE||LI Division Balasore,BALASORE,756001.0,1.0,"21,15,482",AJAY KUMAR GIRI,"2,251,109",Accepted-AOC,22-Nov-2022,Orissa Lift Irrigation Corporation||LI BALASORE||LI Division Balasore,C2_Irrigation,irrigation|lift irrigation,Unknown,False,False
2022_OLIC_75561_44,08 /2021-22 / OLIC (BLS) / Dt. 06.01.2022,MAHAMMADABAD-II,MAHAMMADABAD-II,Works,Open Tender,Turn-key,Civil Works - Lift Irrigation Schemes,No,No,NA ,10-Jan-2022 11:00 AM,NA ,365.0,No ,No,Online,24-Jan-2022 11:00 AM,Orissa Lift Irrigation Corporation||LI BALASORE||LI Division Balasore,BALASORE,756001.0,1.0,"21,63,741",MAHASWETA DHADA,"2,338,572",Accepted-AOC,22-Nov-2022,Orissa Lift Irrigation Corporation||LI BALASORE||LI Division Balasore,C2_Irrigation,irrigation|lift irrigation,Unknown,False,False
2022_OLIC_75561_45,08 /2021-22 / OLIC (BLS) / Dt. 06.01.2022,MAHAMMADABAD-III,MAHAMMADABAD-III,Works,Open Tender,Turn-key,Civil Works - Lift Irrigation Schemes,No,No,NA ,10-Jan-2022 11:00 AM,NA ,365.0,No ,No,Online,24-Jan-2022 11:00 AM,Orissa Lift Irrigation Corporation||LI BALASORE||LI Division Balasore,BALASORE,756001.0,1.0,"21,37,422",MAHASWETA DHADA,"2,310,126",Accepted-AOC,22-Nov-2022,Orissa Lift Irrigation Corporation||LI BALASORE||LI Division Balasore,C2_Irrigation,irrigation|lift irrigation,Unknown,False,False
2022_OLIC_75561_48,08 /2021-22 / OLIC (BLS) / Dt. 06.01.2022,PADABADAGAN-M.GADIA,PADABADAGAN-M.GADIA,Works,Open Tender,Turn-key,Civil Works - Lift Irrigation Schemes,No,No,NA ,10-Jan-2022 11:00 AM,NA ,365.0,No ,No,Online,24-Jan-2022 11:00 AM,Orissa Lift Irrigation Corporation||LI BALASORE||LI Division Balasore,BALASORE,756001.0,1.0,"20,08,669",AJAY KUMAR GIRI,"2,137,448",Accepted-AOC,22-Nov-2022,Orissa Lift Irrigation Corporation||LI BALASORE||LI Division Balasore,C2_Irrigation,irrigation|lift irrigation,Unknown,False,False
2022_OLIC_75561_52,08 /2021-22 / OLIC (BLS) / Dt. 06.01.2022,REHENGA-TENTULIA,REHENGA-TENTULIA,Works,Open Tender,Turn-key,Civil Works - Lift Irrigation Schemes,No,No,NA ,10-Jan-2022 11:00 AM,NA ,365.0,No ,No,Online,24-Jan-2022 11:00 AM,Orissa Lift Irrigation Corporation||LI BALASORE||LI Division Balasore,BALASORE,756001.0,1.0,"20,89,645",MAHASWETA DHADA,"2,258,487",Accepted-AOC,23-Nov-2022,Orissa Lift Irrigation Corporation||LI BALASORE||LI Division Balasore,C2_Irrigation,irrigation|lift irrigation,Unknown,False,False
2022_OLIC_75561_53,08 /2021-22 / OLIC (BLS) / Dt. 06.01.2022,SALAPADHI-II,SALAPADHI-II,Works,Open Tender,Turn-key,Civil Works - Lift Irrigation Schemes,No,No,NA ,10-Jan-2022 11:00 AM,NA ,365.0,No ,No,Online,24-Jan-2022 11:00 AM,Orissa Lift Irrigation Corporation||LI BALASORE||LI Division Balasore,BALASORE,756001.0,1.0,"21,55,297",MAHASWETA DHADA,"2,329,445",Accepted-AOC,23-Nov-2022,Orissa Lift Irrigation Corporation||LI BALASORE||LI Division Balasore,C2_Irrigation,irrigation|lift irrigation,Unknown,False,False
2022_OLIC_75561_58,08 /2021-22 / OLIC (BLS) / Dt. 06.01.2022,TUNDRA-VI,TUNDRA-VI,Works,Open Tender,Turn-key,Civil Works - Lift Irrigation Schemes,No,No,NA ,10-Jan-2022 11:00 AM,NA ,365.0,No ,No,Online,24-Jan-2022 11:00 AM,Orissa Lift Irrigation Corporation||LI BALASORE||LI Division Balasore,BALASORE,756001.0,1.0,"21,19,649",MAHASWETA DHADA,"2,290,917",Accepted-AOC,23-Nov-2022,Orissa Lift Irrigation Corporation||LI BALASORE||LI Division Balasore,C2_Irrigation,irrigation|lift irrigation,Unknown,False,False
2022_OLIC_75561_59,08 /2021-22 / OLIC (BLS) / Dt. 06.01.2022,TUNDRA-VII,TUNDRA-VII,Works,Open Tender,Turn-key,Civil Works - Lift Irrigation Schemes,No,No,NA ,10-Jan-2022 11:00 AM,NA ,365.0,No ,No,Online,24-Jan-2022 11:00 AM,Orissa Lift Irrigation Corporation||LI BALASORE||LI Division Balasore,BALASORE,756001.0,1.0,"21,72,600",MAHASWETA DHADA,"2,348,147",Accepted-AOC,23-Nov-2022,Orissa Lift Irrigation Corporation||LI BALASORE||LI Division Balasore,C2_Irrigation,irrigation|lift irrigation,Unknown,False,False
2022_OLIC_75561_64,08 /2021-22 / OLIC (BLS) / Dt. 06.01.2022,CHHAKANPUR-II,CHHAKANPUR-II,Works,Open Tender,Turn-key,Civil Works - Lift Irrigation Schemes,No,No,NA ,10-Jan-2022 11:00 AM,NA ,365.0,No ,No,Online,24-Jan-2022 11:00 AM,Orissa Lift Irrigation Corporation||LI BALASORE||LI Division Balasore,BALASORE,756001.0,1.0,"19,40,548",MS AYUSH ENGINEERING AND COMPANY,"2,086,478",Accepted-AOC,23-Nov-2022,Orissa Lift Irrigation Corporation||LI BALASORE||LI Division Balasore,C2_Irrigation,irrigation|lift irrigation,Unknown,False,False
2022_OLIC_75561_66,08 /2021-22 / OLIC (BLS) / Dt. 06.01.2022,B.SABIRA-III,B.SABIRA-III,Works,Open Tender,Turn-key,Civil Works - Lift Irrigation Schemes,No,No,NA ,10-Jan-2022 11:00 AM,NA ,365.0,No ,No,Online,24-Jan-2022 11:00 AM,Orissa Lift Irrigation Corporation||LI BALASORE||LI Division Balasore,BALASORE,756001.0,1.0,"21,20,460",MAHASWETA DHADA,"2,287,043",Accepted-AOC,23-Nov-2022,Orissa Lift Irrigation Corporation||LI BALASORE||LI Division Balasore,C2_Irrigation,irrigation|lift irrigation,Unknown,False,False
2022_OLIC_75561_67,08 /2021-22 / OLIC (BLS) / Dt. 06.01.2022,BALIPUR-III,BALIPUR-III,Works,Open Tender,Turn-key,Civil Works - Lift Irrigation Schemes,No,No,NA ,10-Jan-2022 11:00 AM,NA ,365.0,No ,No,Online,24-Jan-2022 11:00 AM,Orissa Lift Irrigation Corporation||LI BALASORE||LI Division Balasore,BALASORE,756001.0,1.0,"22,35,804",KAMALAKANTA DAS,"2,253,941",Accepted-AOC,23-Nov-2022,Orissa Lift Irrigation Corporation||LI BALASORE||LI Division Balasore,C2_Irrigation,irrigation|lift irrigation|lip,Unknown,False,False
2022_OLIC_75561_68,08 /2021-22 / OLIC (BLS) / Dt. 06.01.2022,BODEI-II,BODEI-II,Works,Open Tender,Turn-key,Civil Works - Lift Irrigation Schemes,No,No,NA ,10-Jan-2022 11:00 AM,NA ,365.0,No ,No,Online,24-Jan-2022 11:00 AM,Orissa Lift Irrigation Corporation||LI BALASORE||LI Division Balasore,BALASORE,756001.0,1.0,"22,46,772",MAHASWETA DHADA,"2,413,212",Accepted-AOC,23-Nov-2022,Orissa Lift Irrigation Corporation||LI BALASORE||LI Division Balasore,C2_Irrigation,irrigation|lift irrigation,Unknown,False,False
2022_OLIC_75561_69,08 /2021-22 / OLIC (BLS) / Dt. 06.01.2022,GOBINDPUR-II,GOBINDPUR-II,Works,Open Tender,Turn-key,Civil Works - Lift Irrigation Schemes,No,No,NA ,10-Jan-2022 11:00 AM,NA ,365.0,No ,No,Online,24-Jan-2022 11:00 AM,Orissa Lift Irrigation Corporation||LI BALASORE||LI Division Balasore,BALASORE,756001.0,1.0,"22,70,002",MAHASWETA DHADA,"2,448,334",Accepted-AOC,23-Nov-2022,Orissa Lift Irrigation Corporation||LI BALASORE||LI Division Balasore,C2_Irrigation,irrigation|lift irrigation,Unknown,False,False
2022_OLIC_75561_75,08 /2021-22 / OLIC (BLS) / Dt. 06.01.2022,SABIRA-RN-II,SABIRA-RN-II,Works,Open Tender,Turn-key,Civil Works - Lift Irrigation Schemes,No,No,NA ,10-Jan-2022 11:00 AM,NA ,365.0,No ,No,Online,24-Jan-2022 11:00 AM,Orissa Lift Irrigation Corporation||LI BALASORE||LI Division Balasore,BALASORE,756001.0,1.0,"22,18,592",MAHASWETA DHADA,"2,363,067",Accepted-AOC,23-Nov-2022,Orissa Lift Irrigation Corporation||LI BALASORE||LI Division Balasore,C2_Irrigation,irrigation|lift irrigation,Unknown,False,False
2022_OLIC_75561_76,08 /2021-22 / OLIC (BLS) / Dt. 06.01.2022,SABIRA-VI,SABIRA-VI,Works,Open Tender,Turn-key,Civil Works - Lift Irrigation Schemes,No,No,NA ,10-Jan-2022 11:00 AM,NA ,365.0,No ,No,Online,24-Jan-2022 11:00 AM,Orissa Lift Irrigation Corporation||LI BALASORE||LI Division Balasore,BALASORE,756001.0,1.0,"22,23,713",MAHASWETA DHADA,"2,400,899",Accepted-AOC,23-Nov-2022,Orissa Lift Irrigation Corporation||LI BALASORE||LI Division Balasore,C2_Irrigation,irrigation|lift irrigation,Unknown,False,False
2022_OLIC_75561_78,08 /2021-22 / OLIC (BLS) / Dt. 06.01.2022,TILDA-II,TILDA-II,Works,Open Tender,Turn-key,Civil Works - Lift Irrigation Schemes,No,No,NA ,10-Jan-2022 11:00 AM,NA ,365.0,No ,No,Online,24-Jan-2022 11:00 AM,Orissa Lift Irrigation Corporation||LI BALASORE||LI Division Balasore,BALASORE,756001.0,1.0,"21,68,957",MAHASWETA DHADA,"2,308,014",Accepted-AOC,23-Nov-2022,Orissa Lift Irrigation Corporation||LI BALASORE||LI Division Balasore,C2_Irrigation,irrigation|lift irrigation,Unknown,False,False
2022_OLIC_75561_81,08 /2021-22 / OLIC (BLS) / Dt. 06.01.2022,ALIHA-III,ALIHA-III,Works,Open Tender,Turn-key,Civil Works - Lift Irrigation Schemes,No,No,NA ,10-Jan-2022 11:00 AM,NA ,365.0,No ,No,Online,24-Jan-2022 11:00 AM,Orissa Lift Irrigation Corporation||LI BALASORE||LI Division Balasore,BALASORE,756001.0,1.0,"22,60,933",BENUDHARA SETHI,"2,405,886",Accepted-AOC,24-Nov-2022,Orissa Lift Irrigation Corporation||LI BALASORE||LI Division Balasore,C2_Irrigation,irrigation|lift irrigation,Unknown,False,False
2022_OLIC_75561_86,08 /2021-22 / OLIC (BLS) / Dt. 06.01.2022,GOLIHA-I,GOLIHA-I,Works,Open Tender,Turn-key,Civil Works - Lift Irrigation Schemes,No,No,NA ,10-Jan-2022 11:00 AM,NA ,365.0,No ,No,Online,24-Jan-2022 11:00 AM,Orissa Lift Irrigation Corporation||LI BALASORE||LI Division Balasore,BALASORE,756001.0,1.0,"21,16,415",AMALENDU NAYAK,"2,246,650",Accepted-AOC,24-Nov-2022,Orissa Lift Irrigation Corporation||LI BALASORE||LI Division Balasore,C2_Irrigation,irrigation|lift irrigation,Unknown,False,False
2022_OLIC_75561_9,08 /2021-22 / OLIC (BLS) / Dt. 06.01.2022,PARAMANANDAPUR-I,PARAMANANDAPUR-I,Works,Open Tender,Turn-key,Civil Works - Lift Irrigation Schemes,No,No,NA ,10-Jan-2022 11:00 AM,NA ,365.0,No ,No,Online,24-Jan-2022 11:00 AM,Orissa Lift Irrigation Corporation||LI BALASORE||LI Division Balasore,BALASORE,756001.0,1.0,"22,38,011",AJAY KUMAR GIRI,"2,381,494",Accepted-AOC,20-Nov-2022,Orissa Lift Irrigation Corporation||LI BALASORE||LI Division Balasore,C2_Irrigation,irrigation|lift irrigation,Unknown,False,False
2022_OLIC_75561_93,08 /2021-22 / OLIC (BLS) / Dt. 06.01.2022,KUSUNPUR-II,KUSUNPUR-II,Works,Open Tender,Turn-key,Civil Works - Lift Irrigation Schemes,No,No,NA ,10-Jan-2022 11:00 AM,NA ,365.0,No ,No,Online,24-Jan-2022 11:00 AM,Orissa Lift Irrigation Corporation||LI BALASORE||LI Division Balasore,BALASORE,756001.0,1.0,"20,90,372",LAXMAN KUMAR SAHOO,"2,341,216",Accepted-AOC,24-Nov-2022,Orissa Lift Irrigation Corporation||LI BALASORE||LI Division Balasore,C2_Irrigation,irrigation|lift irrigation,Unknown,False,False
2022_OLIC_75561_94,08 /2021-22 / OLIC (BLS) / Dt. 06.01.2022,MACHHADA-II,MACHHADA-II,Works,Open Tender,Turn-key,Civil Works - Lift Irrigation Schemes,No,No,NA ,10-Jan-2022 11:00 AM,NA ,365.0,No ,No,Online,24-Jan-2022 11:00 AM,Orissa Lift Irrigation Corporation||LI BALASORE||LI Division Balasore,BALASORE,756001.0,1.0,"20,88,714",DAYANIDHI KABI,"2,100,510",Accepted-AOC,24-Nov-2022,Orissa Lift Irrigation Corporation||LI BALASORE||LI Division Balasore,C2_Irrigation,irrigation|lift irrigation,Unknown,False,False
2022_OLIC_75561_96,08 /2021-22 / OLIC (BLS) / Dt. 06.01.2022,MANOHARPUR-I,MANOHARPUR-I,Works,Open Tender,Turn-key,Civil Works - Lift Irrigation Schemes,No,No,NA ,10-Jan-2022 11:00 AM,NA ,365.0,No ,No,Online,24-Jan-2022 11:00 AM,Orissa Lift Irrigation Corporation||LI BALASORE||LI Division Balasore,BALASORE,756001.0,1.0,"21,98,436",DAYANIDHI KABI,"2,210,606",Accepted-AOC,24-Nov-2022,Orissa Lift Irrigation Corporation||LI BALASORE||LI Division Balasore,C2_Irrigation,irrigation|lift irrigation,Unknown,False,False
2022_OLIC_75561_97,08 /2021-22 / OLIC (BLS) / Dt. 06.01.2022,MUNIDA-I,MUNIDA-I,Works,Open Tender,Turn-key,Civil Works - Lift Irrigation Schemes,No,No,NA ,10-Jan-2022 11:00 AM,NA ,365.0,No ,No,Online,24-Jan-2022 11:00 AM,Orissa Lift Irrigation Corporation||LI BALASORE||LI Division Balasore,BALASORE,756001.0,1.0,"21,58,158",DAYANIDHI KABI,"2,210,230",Accepted-AOC,24-Nov-2022,Orissa Lift Irrigation Corporation||LI BALASORE||LI Division Balasore,C2_Irrigation,irrigation|lift irrigation,Unknown,False,False
2022_OLIC_75561_98,08 /2021-22 / OLIC (BLS) / Dt. 06.01.2022,Parthi-I,Parthi-I,Works,Open Tender,Turn-key,Civil Works - Lift Irrigation Schemes,No,No,NA ,10-Jan-2022 11:00 AM,NA ,365.0,No ,No,Online,24-Jan-2022 11:00 AM,Orissa Lift Irrigation Corporation||LI BALASORE||LI Division Balasore,BALASORE,756001.0,1.0,"21,62,528",LAXMAN KUMAR SAHOO,"2,422,032",Accepted-AOC,24-Nov-2022,Orissa Lift Irrigation Corporation||LI BALASORE||LI Division Balasore,C2_Irrigation,irrigation|lift irrigation,Unknown,False,False
2022_OLIC_77471_1,"02/2022-23, dt.30.04.2022",JAYADEVKASABA-X T.W.,JAYADEVKASABA-X T.W.,Works,Open Tender,Turn-key,Civil Works - Lift Irrigation Schemes,No,No,NA ,06-May-2022 05:00 PM,NA ,365.0,No ,No,Online,20-May-2022 11:00 AM,Orissa Lift Irrigation Corporation||LI BALASORE||LI Division Balasore,BALASORE,756056.0,1.0,"20,66,649",ASIT KUMAR SARANGI,"2,199,145",Accepted-AOC,11-Nov-2022,Orissa Lift Irrigation Corporation||LI BALASORE||LI Division Balasore,C2_Irrigation,irrigation|lift irrigation,Unknown,False,False
2022_OLIC_77471_2,"02/2022-23, dt.30.04.2022",KOILISAHI - I T.W.,KOILISAHI - I T.W.,Works,Open Tender,Turn-key,Civil Works - Lift Irrigation Schemes,No,No,NA ,06-May-2022 05:00 PM,NA ,365.0,No ,No,Online,20-May-2022 11:00 AM,Orissa Lift Irrigation Corporation||LI BALASORE||LI Division Balasore,BALASORE,756056.0,1.0,"22,44,745",ASIT KUMAR SARANGI,"2,388,660",Accepted-AOC,11-Nov-2022,Orissa Lift Irrigation Corporation||LI BALASORE||LI Division Balasore,C2_Irrigation,irrigation|lift irrigation,Unknown,False,False
2022_OLIC_77471_3,"02/2022-23, dt.30.04.2022",MADHUSUDANPUR(K) T.W.,MADHUSUDANPUR(K) T.W.,Works,Open Tender,Turn-key,Civil Works - Lift Irrigation Schemes,No,No,NA ,06-May-2022 05:00 PM,NA ,365.0,No ,No,Online,20-May-2022 11:00 AM,Orissa Lift Irrigation Corporation||LI BALASORE||LI Division Balasore,BALASORE,756056.0,1.0,"20,23,792",ASIT KUMAR SARANGI,"2,153,541",Accepted-AOC,11-Nov-2022,Orissa Lift Irrigation Corporation||LI BALASORE||LI Division Balasore,C2_Irrigation,irrigation|lift irrigation,Unknown,False,False
2022_OLIC_77471_4,"02/2022-23, dt.30.04.2022",MADHUSUDANPUR-II T.W.,MADHUSUDANPUR-II T.W.,Works,Open Tender,Turn-key,Civil Works - Lift Irrigation Schemes,No,No,NA ,06-May-2022 05:00 PM,NA ,365.0,No ,No,Online,20-May-2022 11:00 AM,Orissa Lift Irrigation Corporation||LI BALASORE||LI Division Balasore,BALASORE,756056.0,1.0,"20,10,952",ASIT KUMAR SARANGI,"2,139,877",Accepted-AOC,11-Nov-2022,Orissa Lift Irrigation Corporation||LI BALASORE||LI Division Balasore,C2_Irrigation,irrigation|lift irrigation,Unknown,False,False
2022_OLIC_77471_5,"02/2022-23, dt.30.04.2022",MADHUSUDANPUR-III T.W.,MADHUSUDANPUR-III T.W.,Works,Open Tender,Turn-key,Civil Works - Lift Irrigation Schemes,No,No,NA ,06-May-2022 05:00 PM,NA ,365.0,No ,No,Online,20-May-2022 11:00 AM,Orissa Lift Irrigation Corporation||LI BALASORE||LI Division Balasore,BALASORE,756056.0,1.0,"20,80,892",ASIT KUMAR SARANGI,"2,214,301",Accepted-AOC,11-Nov-2022,Orissa Lift Irrigation Corporation||LI BALASORE||LI Division Balasore,C2_Irrigation,irrigation|lift irrigation,Unknown,False,False
2022_OLIC_77471_6,"02/2022-23, dt.30.04.2022",PANJIBAG-CHAKASIMULIA T.W.,PANJIBAG-CHAKASIMULIA T.W.,Works,Open Tender,Turn-key,Civil Works - Lift Irrigation Schemes,No,No,NA ,06-May-2022 05:00 PM,NA ,365.0,No ,No,Online,20-May-2022 11:00 AM,Orissa Lift Irrigation Corporation||LI BALASORE||LI Division Balasore,BALASORE,756056.0,1.0,"20,49,990",ASIT KUMAR SARANGI,"2,181,419",Accepted-AOC,11-Nov-2022,Orissa Lift Irrigation Corporation||LI BALASORE||LI Division Balasore,C2_Irrigation,irrigation|lift irrigation,Unknown,False,False
2022_OLIC_77471_7,"02/2022-23, dt.30.04.2022",GOPALPUR-V T.W.,GOPALPUR-V T.W.,Works,Open Tender,Turn-key,Civil Works - Lift Irrigation Schemes,No,No,NA ,06-May-2022 05:00 PM,NA ,365.0,No ,No,Online,20-May-2022 11:00 AM,Orissa Lift Irrigation Corporation||LI BALASORE||LI Division Balasore,BALASORE,756056.0,1.0,"20,87,139",ASIT KUMAR SARANGI,"2,220,949",Accepted-AOC,11-Nov-2022,Orissa Lift Irrigation Corporation||LI BALASORE||LI Division Balasore,C2_Irrigation,irrigation|lift irrigation,Unknown,False,False
2022_OLIC_77471_8,"02/2022-23, dt.30.04.2022",BANKESWAR-II T.W.,BANKESWAR-II T.W.,Works,Open Tender,Turn-key,Civil Works - Lift Irrigation Schemes,No,No,NA ,06-May-2022 05:00 PM,NA ,365.0,No ,No,Online,20-May-2022 11:00 AM,Orissa Lift Irrigation Corporation||LI BALASORE||LI Division Balasore,BALASORE,756056.0,1.0,"13,60,850",ASIT KUMAR SARANGI,"1,448,097",Accepted-AOC,11-Nov-2022,Orissa Lift Irrigation Corporation||LI BALASORE||LI Division Balasore,C2_Irrigation,irrigation|lift irrigation,Unknown,False,False
2022_OLIC_77471_9,"02/2022-23, dt.30.04.2022",B.SAHI-II T.W.,B.SAHI-II T.W.,Works,Open Tender,Turn-key,Civil Works - Lift Irrigation Schemes,No,No,NA ,06-May-2022 05:00 PM,NA ,365.0,No ,No,Online,20-May-2022 11:00 AM,Orissa Lift Irrigation Corporation||LI BALASORE||LI Division Balasore,BALASORE,756056.0,1.0,"14,73,325",ASIT KUMAR SARANGI,"1,567,782",Accepted-AOC,11-Nov-2022,Orissa Lift Irrigation Corporation||LI BALASORE||LI Division Balasore,C2_Irrigation,irrigation|lift irrigation,Unknown,False,False
2022_OLIC_80638_17,02/2022-23,Revival of Santeiput I L.I.Project under Baipariguda Block of Koraput District,Revival of Santeiput I L.I.Project under Baipariguda Block of Koraput District,Works,Open Tender,Percentage,Civil Works - Lift Irrigation Schemes,No,No,NA ,25-Aug-2022 10:00 AM,NA ,270.0,No ,No,Online,05-Sep-2022 11:00 AM,Orissa Lift Irrigation Corporation||LI KORAPUT||LI Division Koraput,Koraput,764020.0,1.0,"14,59,500",BADAL PATTNAIK,"1,636,188",Accepted-AOC,21-Nov-2022,Orissa Lift Irrigation Corporation||LI KORAPUT||LI Division Koraput,C2_Irrigation|C3_Drought,irrigation|l.i.|lift irrigation|revival,Unknown,False,False
2022_OLIC_80638_19,02/2022-23,Revival of Kumuliput I II L.I.Project under Jeypore Block of Koraput District,Revival of Kumuliput I II L.I.Project under Jeypore Block of Koraput District,Works,Open Tender,Percentage,Civil Works - Lift Irrigation Schemes,No,No,NA ,25-Aug-2022 10:00 AM,NA ,270.0,No ,No,Online,05-Sep-2022 11:00 AM,Orissa Lift Irrigation Corporation||LI KORAPUT||LI Division Koraput,Koraput,764020.0,1.0,"29,32,900",ANUP KUMAR GANTAYAT,"3,286,064",Accepted-AOC,21-Nov-2022,Orissa Lift Irrigation Corporation||LI KORAPUT||LI Division Koraput,C2_Irrigation|C3_Drought,irrigation|l.i.|lift irrigation|lip|revival,Unknown,False,False
2022_OLIC_80638_41,02/2022-23,Revival of Muliaput L.I.Project under Nandapur Block of Koraput District,Revival of Muliaput L.I.Project under Nandapur Block of Koraput District,Works,Open Tender,Percentage,Civil Works - Lift Irrigation Schemes,No,No,NA ,25-Aug-2022 10:00 AM,NA ,270.0,No ,No,Online,05-Sep-2022 11:00 AM,Orissa Lift Irrigation Corporation||LI KORAPUT||LI Division Koraput,Koraput,764020.0,1.0,"14,76,600",ARUN KUMAR MAHALIK,"1,632,058",Accepted-AOC,21-Nov-2022,Orissa Lift Irrigation Corporation||LI KORAPUT||LI Division Koraput,C2_Irrigation|C3_Drought,irrigation|l.i.|lift irrigation|revival,Unknown,False,False
2022_OLIC_80638_55,02/2022-23,Revival of Premaguda I L.I.Project under Kalimela Block of Malkangiri District,Revival of Premaguda I L.I.Project under Kalimela Block of Malkangiri District,Works,Open Tender,Percentage,Civil Works - Lift Irrigation Schemes,No,No,NA ,25-Aug-2022 10:00 AM,NA ,270.0,No ,No,Online,05-Sep-2022 11:00 AM,Orissa Lift Irrigation Corporation||LI KORAPUT||LI Division Koraput,Koraput,764020.0,1.0,"14,92,800",BADAL PATTNAIK,"1,668,992",Accepted-AOC,21-Nov-2022,Orissa Lift Irrigation Corporation||LI KORAPUT||LI Division Koraput,C2_Irrigation|C3_Drought,irrigation|l.i.|lift irrigation|revival,Unknown,False,False
2022_OLIC_80638_58,02/2022-23,Revival of Tigal III L.I.Project under Kalimela Block of Malkangiri District,Revival of Tigal III L.I.Project under Kalimela Block of Malkangiri District,Works,Open Tender,Percentage,Civil Works - Lift Irrigation Schemes,No,No,NA ,25-Aug-2022 10:00 AM,NA ,270.0,No ,No,Online,05-Sep-2022 11:00 AM,Orissa Lift Irrigation Corporation||LI KORAPUT||LI Division Koraput,Koraput,764020.0,1.0,"14,95,600",DHARITRI PADHY,"1,672,296",Accepted-AOC,21-Nov-2022,Orissa Lift Irrigation Corporation||LI KORAPUT||LI Division Koraput,C2_Irrigation|C3_Drought,irrigation|l.i.|lift irrigation|revival,Unknown,False,False
2022_OLIC_80638_66,02/2022-23,Revival of Pangam I L.I.Project under Mathili Block of Malkangiri District,Revival of Pangam I L.I.Project under Mathili Block of Malkangiri District,Works,Open Tender,Percentage,Civil Works - Lift Irrigation Schemes,No,No,NA ,25-Aug-2022 10:00 AM,NA ,270.0,No ,No,Online,05-Sep-2022 11:00 AM,Orissa Lift Irrigation Corporation||LI KORAPUT||LI Division Koraput,Koraput,764020.0,1.0,"14,88,400",DHARITRI PADHY,"1,663,800",Accepted-AOC,21-Nov-2022,Orissa Lift Irrigation Corporation||LI KORAPUT||LI Division Koraput,C2_Irrigation|C3_Drought,irrigation|l.i.|lift irrigation|revival,Unknown,False,False
2022_OLIC_81899_3,1159 dated 21.09.2022,Bhataguda,"Re-installation, electrification and energisation of Bhataguda L.I.P under Kosagumuda Block",Works,Open Tender,Percentage,Civil Works - Lift Irrigation Schemes,No,No,NA ,07-Oct-2022 10:00 AM,NA ,180.0,No ,No,Online,18-Oct-2022 11:00 AM,Orissa Lift Irrigation Corporation||LI KORAPUT||LI Division Nawarangpur,Nabarangpur,764059.0,1.0,"14,12,000",CHANDAN NAYAK,"1,416,403",Accepted-AOC,17-Nov-2022,Orissa Lift Irrigation Corporation||LI KORAPUT||LI Division Nawarangpur,C2_Irrigation,irrigation|l.i.|lift irrigation,Mitigation,False,False
2022_OLIC_81899_4,1159 dated 21.09.2022,Kantasaruguda-I,"Re-installation, electrification and energisation of Kantasarguda-I L.I.P under Kosagumuda Block",Works,Open Tender,Percentage,Civil Works - Lift Irrigation Schemes,No,No,NA ,07-Oct-2022 10:00 AM,NA ,180.0,No ,No,Online,18-Oct-2022 11:00 AM,Orissa Lift Irrigation Corporation||LI KORAPUT||LI Division Nawarangpur,Nabarangpur,764059.0,1.0,"14,13,000",CHANDAN NAYAK,"1,417,406",Accepted-AOC,17-Nov-2022,Orissa Lift Irrigation Corporation||LI KORAPUT||LI Division Nawarangpur,C2_Irrigation,irrigation|l.i.|lift irrigation,Mitigation,False,False
2022_OLIC_81899_8,1159 dated 21.09.2022,Bagnaguda,"Re-installation, electrification and energisation of Bagnaguda L.I.P under Tentulikhunti Block",Works,Open Tender,Percentage,Civil Works - Lift Irrigation Schemes,No,No,NA ,07-Oct-2022 10:00 AM,NA ,180.0,No ,No,Online,18-Oct-2022 11:00 AM,Orissa Lift Irrigation Corporation||LI KORAPUT||LI Division Nawarangpur,Nabarangpur,764059.0,1.0,"14,11,000",CHANDAN NAYAK,"1,415,400",Accepted-AOC,17-Nov-2022,Orissa Lift Irrigation Corporation||LI KORAPUT||LI Division Nawarangpur,C2_Irrigation,irrigation|l.i.|lift irrigation,Mitigation,False,False
2022_OSAMB_81151_3,RMCBARGARH 04 OF 2022-23,"Construction of Development work at Kuruan Market Yard under RMC, Bargarh",Civil works,Works,Open Tender,Percentage,Civil Works - Buildings,No,No,NA ,09-Sep-2022 10:00 AM,NA ,90.0,No ,No,Online,28-Sep-2022 11:00 AM,Odisha State Agricultural Marketing Board||RMC Bargarh,"Kuruan Market Yard under RMC, Bargarh",768103.0,2.0,"99,39,078",SITANSU SEKHAR PANIGRAHI,"9,740,297",Accepted-AOC,04-Nov-2022,Odisha State Agricultural Marketing Board||RMC Bargarh,C2_Irrigation,rmc,Unknown,False,False
2022_RCCKO_80562_3,"DFO, KPT-1F/2022-23",Construction of Forest Guard Quarter at Kaliajholla in Laxmipur Range of Koraput Division during the year 2022-23,Construction of Forest Guard Quarter at Kaliajholla in Laxmipur Range of Koraput Division during the year 2022-23,Works,Open Tender,Percentage,Civil Works - Buildings,No,No,NA ,22-Aug-2022 10:00 AM,NA ,90.0,No ,No,Online,07-Sep-2022 11:00 AM,Forest Environment and Climate Change Department||RCCF Koraput,"DFO, Koraput",764020.0,1.0,"14,37,268",DHANA JANI,"1,408,523.49",Accepted-AOC,15-Nov-2022,Forest Environment and Climate Change Department||RCCF Koraput,C1_WaterConservation,mip,Mitigation,False,False
2022_WATCO_80957_1,WATCO (W)-22(7)/ 2022-23 Dt.26.08.2022,"GIS based asset and consumer database mapping system for Rourkela, Biramitrapur, Sundergarh and Rajgangpur ULB","GIS based asset and consumer database mapping system for Rourkela, Biramitrapur, Sundergarh and Rajgangpur ULB",Works,National Competitive Bid,Percentage,Civil Works - Water Works,No,No,NA ,06-Sep-2022 11:00 AM,NA ,120.0,No ,No,Online,21-Sep-2022 12:30 PM,WATCO Bhubaneswar,"Rourkela, Biramitrapur, Sundergarh and Rajgangpur",769001.0,2.0,"66,13,000",Ecometrix Consultants Pvt. Ltd.,"5,621,559",Accepted-AOC,15-Nov-2022,WATCO Bhubaneswar,C1_WaterConservation,mit,Unknown,False,False
2020_CEBBU_63471_10,EERCD-RKL-03/2020-21,Improvement to Canal system of Jamerposh Distributary of Rukura Irrigation Project.,Improvement to Canal system of Jamerposh Distributary of Rukura Irrigation Project.,Works,Open Tender,Percentage,Civil Works - Canal,No,No,NA ,28-Oct-2020 10:00 AM,NA ,90.0,No ,No,Online,10-Nov-2020 10:30 AM,"CE-BM,UM Basin,Burla||SE Sundargarh Irrigation Circle Sundargarh||EE Sundargarh Irrigation Divn. Sundargarh",Bonai,770038.0,1.0,"2,02,813",GURUDEV NAIK,"172,411.3",Accepted-AOC,17-Dec-2020,"CE-BM,UM Basin,Burla||SE Sundargarh Irrigation Circle Sundargarh||EE Sundargarh Irrigation Divn. Sundargarh",C2_Irrigation,canal|distributary|irrigation,Mitigation,False,False
2020_CEBBU_63471_3,EERCD-RKL-03/2020-21,Improvement to Main Canal from RD 5.00 KM to 7.85 KM of Rukura Irrigation Project,Improvement to Main Canal from RD 5.00 KM to 7.85 KM of Rukura Irrigation Project,Works,Open Tender,Percentage,Civil Works - Canal,No,No,NA ,28-Oct-2020 10:00 AM,NA ,90.0,No ,No,Online,10-Nov-2020 10:30 AM,"CE-BM,UM Basin,Burla||SE Sundargarh Irrigation Circle Sundargarh||EE Sundargarh Irrigation Divn. Sundargarh",Bonai,770038.0,1.0,"4,45,312",GURUDEV NAIK,"378,559.94",Accepted-AOC,17-Dec-2020,"CE-BM,UM Basin,Burla||SE Sundargarh Irrigation Circle Sundargarh||EE Sundargarh Irrigation Divn. Sundargarh",C2_Irrigation,canal|irrigation,Mitigation,False,False
2020_CEBBU_63471_8,EERCD-RKL-03/2020-21,Improvement to Canal system of Kenaveta Sub-Minor and Laxmi Narayanpur Minor of Rukura Irrigation Project,Improvement to Canal system of Kenaveta Sub-Minor and Laxmi Narayanpur Minor of Rukura Irrigation Project,Works,Open Tender,Percentage,Civil Works - Canal,No,No,NA ,28-Oct-2020 10:00 AM,NA ,90.0,No ,No,Online,10-Nov-2020 10:30 AM,"CE-BM,UM Basin,Burla||SE Sundargarh Irrigation Circle Sundargarh||EE Sundargarh Irrigation Divn. Sundargarh",Bonai,770038.0,1.0,"1,89,344",GURUDEV NAIK,"160,961",Accepted-AOC,17-Dec-2020,"CE-BM,UM Basin,Burla||SE Sundargarh Irrigation Circle Sundargarh||EE Sundargarh Irrigation Divn. Sundargarh",C2_Irrigation,canal|irrigation|sub-minor,Mitigation,False,False
2020_CEBBU_63472_1,EERCD-RKL-03/2020-21,"Barricading of wing wall , return wall and stair arrangement in downstream side of Spillway with M.S angle and colouring parapet wall of dam top road.","Barricading of wing wall , return wall and stair arrangement in downstream side of Spillway with M.S angle and colouring parapet wall of dam top road.",Works,Open Tender,Percentage,Civil Works - Others,No,No,NA ,28-Oct-2020 10:00 AM,NA ,90.0,No ,No,Online,10-Nov-2020 10:30 AM,"CE-BM,UM Basin,Burla||SE Sundargarh Irrigation Circle Sundargarh||EE Sundargarh Irrigation Divn. Sundargarh",Bonai,770038.0,1.0,"5,99,350",GURUDEV NAIK,"509,507.41",Accepted-AOC,17-Dec-2020,"CE-BM,UM Basin,Burla||SE Sundargarh Irrigation Circle Sundargarh||EE Sundargarh Irrigation Divn. Sundargarh",C2_Irrigation,irrigation,Unknown,False,False
2020_CELBB_61000_17,IFB No.01 MSD / (Online) 2020-21,17. Construction of spur No. CE No. 78(A) on Mahanadi right embankment near RD 38.00Km,Construction of spur No. CE No. 78(A) on Mahanadi right embankment near RD 38.00Km,Works,National Competitive Bid,Percentage,Civil Works - Others,No,No,NA ,09-May-2020 05:30 PM,NA ,90.0,No ,No,Online,19-May-2020 11:00 AM,"CE-BM,LMB Basin,BBSR||SE, Eastern Circle,Cuttack||EE,Mahanadi South Division,Cuttack",Kissannagar,754131.0,1.0,"17,51,041",HAREKRUSHNA NAYAK,"1,488,560",Accepted-AOC,15-Jul-2020,"CE-BM,LMB Basin,BBSR||SE, Eastern Circle,Cuttack||EE,Mahanadi South Division,Cuttack",C4_FloodCyclone,embankment,Mitigation,False,False
2020_OLIC_62142_11,"08 / 2020-21, OLIC (CTC) / Dt. 27/07/2020",INSTALATION AND ENERGISATION OF BANGURISINGHA-VII LI PROJECT,INSTALATION AND ENERGISATION OF BANGURISINGHA-VII LI PROJECT,Works,Open Tender,Item Rate,Civil Works - Lift Irrigation Schemes,No,No,NA ,07-Aug-2020 11:00 AM,NA ,90.0,No ,No,Online,25-Aug-2020 11:00 AM,"Orissa Lift Irrigation Corporation||LI,Central Circle, Cuttack||LI Division Cuttack",BADAMBA BLOCK,754001.0,2.0,"29,84,000",BIJAY KUMAR BEHERA,"2,926,916",Accepted-AOC,13-Jan-2023,"Orissa Lift Irrigation Corporation||LI,Central Circle, Cuttack||LI Division Cuttack",C2_Irrigation,irrigation|lift irrigation,Unknown,False,False
2021_CEBMB_68091_1,e-BNID-01/ 2021-22,Restoration to LFB of Paikianalla near village Baniasahi from RD 800 M to 1050 M.,Restoration of Embankment,Works,Open Tender,Percentage,Civil Works - Others,No,No,NA ,30-Apr-2021 10:00 AM,NA ,90.0,No ,No,Online,11-May-2021 11:00 AM,"CE-BM,RVN Basin,Berhampur||S.E. Southern Irr. Circle I Berhampur||EE Bhanjanagar Irrigation Divn Bhanjanagar",Bhanjanagar,761126.0,1.0,"7,46,000",Laxmi Behera,"745,356",Accepted-AOC,31-Jan-2023,"CE-BM,RVN Basin,Berhampur||S.E. Southern Irr. Circle I Berhampur||EE Bhanjanagar Irrigation Divn Bhanjanagar",C2_Irrigation|C4_FloodCyclone,embankment|irrigation,DamageResponse,False,False
2021_OLIC_65922_13,Bid Identification No.22/2020-21 OLIC/ Dt.29.01.20,INSTALATION AND ENERGISATION OF BANGURISINGA-III LI PROJECT,INSTALATION AND ENERGISATION OF BANGURISINGA-III LI PROJECT,Works,Open Tender,Percentage,Civil Works - Lift Irrigation Schemes,No,No,NA ,02-Feb-2021 11:00 AM,NA ,90.0,No ,No,Online,09-Feb-2021 11:00 AM,"Orissa Lift Irrigation Corporation||LI,Central Circle, Cuttack||LI Division Cuttack",BADAMBA,754001.0,1.0,,BIJAY KUMAR BEHERA,"1,126,476",Accepted-AOC,13-Jan-2023,"Orissa Lift Irrigation Corporation||LI,Central Circle, Cuttack||LI Division Cuttack",C2_Irrigation,irrigation|lift irrigation,Unknown,False,False
2021_OLIC_65922_6,Bid Identification No.22/2020-21 OLIC/ Dt.29.01.20,INSTALATION AND ENERGISATION OF MUGAGAHIRA-III LI PROJECT,INSTALATION AND ENERGISATION OF MUGAGAHIRA-III LI PROJECT,Works,Open Tender,Percentage,Civil Works - Lift Irrigation Schemes,No,No,NA ,02-Feb-2021 11:00 AM,NA ,90.0,No ,No,Online,09-Feb-2021 11:00 AM,"Orissa Lift Irrigation Corporation||LI,Central Circle, Cuttack||LI Division Cuttack",BADAMBA,754001.0,1.0,,BIJAY KUMAR BEHERA,"1,119,791",Accepted-AOC,13-Jan-2023,"Orissa Lift Irrigation Corporation||LI,Central Circle, Cuttack||LI Division Cuttack",C2_Irrigation,irrigation|lift irrigation,Unknown,False,False
2022_CCEJE_83294_1,SEUKID 02/2022-23 (SL 07),Improvement to service bank from RD 0.00km to 1.550km including protection to scoured bank of Malda Minor.,CANAL WORK,Works,Open Tender,Percentage,Civil Works - Canal,No,No,NA ,19-Nov-2022 11:00 AM,NA ,90.0,No ,No,Online,30-Nov-2022 11:00 AM,"CCE,Upper Kolab Project,Jeypore||CCE,Upper Kolab Project, Bariniput||EE, Upper Kolab Irrigation Divn IV, Boriguma",BORIGUMMA,764056.0,1.0,"8,72,434",ANUPAMA PANDA,"741,656",Accepted-AOC,02-Jan-2023,"CCE,Upper Kolab Project,Jeypore||CCE,Upper Kolab Project, Bariniput||EE, Upper Kolab Irrigation Divn IV, Boriguma",C2_Irrigation,canal|irrigation,Unknown,False,False
2022_CCEJE_83304_1,SEUKID 02/2022-23 (SL 10),"Construction of trough wall from RD-1.440km to 1.470km,RD-2.710km to 2.740km and toe wall from RD-1.440km to 1.470km,RD-2.710km to 2.740km in right bank of Makaput Minor.",CANAL STRUCTURAL WORK,Works,Open Tender,Percentage,Civil Works - Canal,No,No,NA ,19-Nov-2022 11:00 AM,NA ,90.0,No ,No,Online,30-Nov-2022 11:00 AM,"CCE,Upper Kolab Project,Jeypore||CCE,Upper Kolab Project, Bariniput||EE, Upper Kolab Irrigation Divn IV, Boriguma",BORIGUMMA,764056.0,1.0,"6,92,732",ANUPAMA PANDA,"588,891",Accepted-AOC,02-Jan-2023,"CCE,Upper Kolab Project,Jeypore||CCE,Upper Kolab Project, Bariniput||EE, Upper Kolab Irrigation Divn IV, Boriguma",C2_Irrigation,canal|irrigation,Unknown,False,False
2022_CCEJE_83322_1,SEUKID 02/2022-23 (SL 24),Construction of protection wall from RD 400m to 560m of Ekama minor offtaking from RD 56.370km of JMC.,CANAL STRUCTURAL WORK,Works,Open Tender,Percentage,Civil Works - Canal,No,No,NA ,19-Nov-2022 11:00 AM,NA ,90.0,No ,No,Online,30-Nov-2022 11:00 AM,"CCE,Upper Kolab Project,Jeypore||CCE,Upper Kolab Project, Bariniput||EE, Upper Kolab Irrigation Divn IV, Boriguma",BORIGUMMA,764056.0,1.0,"7,24,693",ANUPAMA PANDA,"616,062",Accepted-AOC,02-Jan-2023,"CCE,Upper Kolab Project,Jeypore||CCE,Upper Kolab Project, Bariniput||EE, Upper Kolab Irrigation Divn IV, Boriguma",C2_Irrigation,canal|irrigation,Unknown,False,False
2022_CEBBS_80469_1,SE-AID-4/2022-23,"Engagement of different category of labour or Personnel on outsourcing basis for Operation and Maintenance of Derjang, Sapua-Badjore and Aunli Irr. Project under Angul Irr. Division, Angul for the year 2022-23- Period from August-2022 to March-2023","Engagement of different category of labour or Personnel on outsourcing basis for Operation and Maintenance of Derjang, Sapua-Badjore and Aunli Irr. Project under Angul Irr. Division, Angul for the year 2022-23- Period from August-2022 to March-2023",Services,Open Tender,Item Rate,Human Resources Supply,No,No,NA ,16-Aug-2022 10:00 AM,NA ,90.0,No ,No,Online,26-Aug-2022 11:00 AM,CE and BM Brahmani Basin Samal||SE Angul Irrigation Circle Angul||EE Manjore Irr.Divn. Athamalik,Angul,759143.0,1.0,,OM SARALA SECURITY SERVICES PVT.LTD,"833,884",Accepted-AOC,11-Jan-2023,CE and BM Brahmani Basin Samal||SE Angul Irrigation Circle Angul||EE Manjore Irr.Divn. Athamalik,C2_Irrigation,irrigation,Unknown,False,False
2022_CEBBS_84530_2,SE-AID-6/2022-23,Improvement to Canal Service Road from RD 10800m to 13200m of Angul Main Canal of Derjang Irrigation Project.,Improvement to Canal Service Road from RD 10800m to 13200m of Angul Main Canal of Derjang Irrigation Project.,Works,Open Tender,Percentage,Civil Works - Roads,No,No,NA ,22-Dec-2022 10:00 AM,NA ,90.0,No ,No,Online,02-Jan-2023 11:00 AM,CE and BM Brahmani Basin Samal||SE Angul Irrigation Circle Angul||EE Manjore Irr.Divn. Athamalik,Angul,759143.0,1.0,,BHAJAMAN DEHURY,"1,811,435",Accepted-AOC,13-Jan-2023,CE and BM Brahmani Basin Samal||SE Angul Irrigation Circle Angul||EE Manjore Irr.Divn. Athamalik,C2_Irrigation,canal|irrigation,Mitigation,False,False
2022_CEBBS_84530_5,SE-AID-6/2022-23,Protection to Scoured Bank on Right Bank of River Tikira near village Takua in Kaniha Block of Angul District.,Protection to Scoured Bank on Right Bank of River Tikira near village Takua in Kaniha Block of Angul District.,Works,Open Tender,Percentage,Civil Works - Others,No,No,NA ,22-Dec-2022 10:00 AM,NA ,90.0,No ,No,Online,02-Jan-2023 11:00 AM,CE and BM Brahmani Basin Samal||SE Angul Irrigation Circle Angul||EE Manjore Irr.Divn. Athamalik,Angul,759143.0,1.0,,DILLIP KUMAR BEHERA,"1,648,983",Accepted-AOC,13-Jan-2023,CE and BM Brahmani Basin Samal||SE Angul Irrigation Circle Angul||EE Manjore Irr.Divn. Athamalik,C2_Irrigation,irrigation,Unknown,False,False
2022_CEBMB_77815_10,SE-CHID-01/2022-23,Improvement to Right Flood Bank of river Bahuda near Mukundapur Khariaguda,"Earth Work, Concrete Work, Stone work",Works,National Competitive Bid,Percentage,Civil Works - Others,No,No,NA ,23-May-2022 10:00 AM,NA ,90.0,No ,No,Online,07-Jun-2022 11:00 AM,"CE-BM,RVN Basin,Berhampur||S.E. Southern Irr. Circle I Berhampur||EE Chikiti Irrigation Divn Berhampur",Berhampur_Khariaguda,760004.0,1.0,"13,27,109",BAPI SAHU,"1,128,176",Accepted-AOC,30-Jan-2023,"CE-BM,RVN Basin,Berhampur||S.E. Southern Irr. Circle I Berhampur||EE Chikiti Irrigation Divn Berhampur",C2_Irrigation,irrigation,Unknown,False,False
2022_CEBMB_77815_11,SE-CHID-01/2022-23,Improvement to Left Flood Bank of river Bahuda near Dhepapentha.,"Earth Work, Concrete Work, Stone work",Works,National Competitive Bid,Percentage,Civil Works - Others,No,No,NA ,23-May-2022 10:00 AM,NA ,90.0,No ,No,Online,07-Jun-2022 11:00 AM,"CE-BM,RVN Basin,Berhampur||S.E. Southern Irr. Circle I Berhampur||EE Chikiti Irrigation Divn Berhampur",Berhampur_Dhepapentha,760004.0,1.0,"13,27,092",BAPI SAHU,"1,128,161",Accepted-AOC,30-Jan-2023,"CE-BM,RVN Basin,Berhampur||S.E. Southern Irr. Circle I Berhampur||EE Chikiti Irrigation Divn Berhampur",C2_Irrigation,irrigation,Unknown,False,False
2022_CEBMB_79650_26,e-BNID-06/2022-23,Protection to LFB of River Ghodahada near village Mihirakana.,Restoration and protection of River Embankment,Works,Open Tender,Percentage,Civil Works - Others,No,No,NA ,12-Jul-2022 10:00 AM,NA ,90.0,No ,No,Online,22-Jul-2022 03:00 PM,"CE-BM,RVN Basin,Berhampur||S.E. Southern Irr. Circle I Berhampur||EE Bhanjanagar Irrigation Divn Bhanjanagar",Bhanjanagar,761126.0,1.0,"19,84,000",Amita Samantara,"1,686,099",Accepted-AOC,02-Jan-2023,"CE-BM,RVN Basin,Berhampur||S.E. Southern Irr. Circle I Berhampur||EE Bhanjanagar Irrigation Divn Bhanjanagar",C2_Irrigation|C4_FloodCyclone,embankment|irrigation,DamageResponse,False,False
2022_CEBMB_79650_45,e-BNID-06/2022-23,"Improvement to outlet No-50L and CD-29, at RD-13.316 Km of No-II Distributary.",Restoration and protection of canal,Works,Open Tender,Percentage,Civil Works - Canal,No,No,NA ,12-Jul-2022 10:00 AM,NA ,90.0,No ,No,Online,22-Jul-2022 03:00 PM,"CE-BM,RVN Basin,Berhampur||S.E. Southern Irr. Circle I Berhampur||EE Bhanjanagar Irrigation Divn Bhanjanagar",Bhanjanagar,761126.0,1.0,"8,30,000",BANAMALI SETHI,"701,128",Accepted-AOC,05-Jan-2023,"CE-BM,RVN Basin,Berhampur||S.E. Southern Irr. Circle I Berhampur||EE Bhanjanagar Irrigation Divn Bhanjanagar",C2_Irrigation,canal|irrigation,DamageResponse,False,False
2022_CEBMB_79650_46,e-BNID-06/2022-23,Water course in out let No-18L of RMC at RD 21.20 Km and including raising right side wall D/S Takarada Bridge.,Restoration and protection of canal,Works,Open Tender,Percentage,Civil Works - Canal,No,No,NA ,12-Jul-2022 10:00 AM,NA ,90.0,No ,No,Online,22-Jul-2022 03:00 PM,"CE-BM,RVN Basin,Berhampur||S.E. Southern Irr. Circle I Berhampur||EE Bhanjanagar Irrigation Divn Bhanjanagar",Bhanjanagar,761126.0,1.0,"10,50,000",BANAMALI SETHI,"891,449",Accepted-AOC,05-Jan-2023,"CE-BM,RVN Basin,Berhampur||S.E. Southern Irr. Circle I Berhampur||EE Bhanjanagar Irrigation Divn Bhanjanagar",C2_Irrigation,canal|irrigation,DamageResponse,False,False
2022_CEBMB_79650_54,e-BNID-06/2022-23,Improvement of 14PS channel off taking at RD 27005 M of RMC(canal lining).,Restoration and protection of canal,Works,Open Tender,Percentage,Civil Works - Canal,No,No,NA ,12-Jul-2022 10:00 AM,NA ,90.0,No ,No,Online,22-Jul-2022 03:00 PM,"CE-BM,RVN Basin,Berhampur||S.E. Southern Irr. Circle I Berhampur||EE Bhanjanagar Irrigation Divn Bhanjanagar",Bhanjanagar,761126.0,1.0,"9,99,000",Mochi Ram Pradhan,"848,906",Accepted-AOC,09-Jan-2023,"CE-BM,RVN Basin,Berhampur||S.E. Southern Irr. Circle I Berhampur||EE Bhanjanagar Irrigation Divn Bhanjanagar",C2_Irrigation,canal|irrigation,DamageResponse,False,False
2022_CEBMB_79650_55,e-BNID-06/2022-23,Improvement to No-I Distributary off taking at RD 13690 M of RMC(canal lining).,Restoration and protection of canal,Works,Open Tender,Percentage,Civil Works - Canal,No,No,NA ,12-Jul-2022 10:00 AM,NA ,90.0,No ,No,Online,22-Jul-2022 03:00 PM,"CE-BM,RVN Basin,Berhampur||S.E. Southern Irr. Circle I Berhampur||EE Bhanjanagar Irrigation Divn Bhanjanagar",Bhanjanagar,761126.0,1.0,"9,86,000",Bharati Kumari Patra,"837,542",Accepted-AOC,09-Jan-2023,"CE-BM,RVN Basin,Berhampur||S.E. Southern Irr. Circle I Berhampur||EE Bhanjanagar Irrigation Divn Bhanjanagar",C2_Irrigation,canal|irrigation,DamageResponse,False,False
2022_CEBMB_81071_2,e-BNID-07/2022-23,Improvement to oulet 15L at RD 6100 M of Gallery Canal (country side protection wall).,Protection wall,Works,Open Tender,Percentage,Civil Works - Canal,No,No,NA ,07-Sep-2022 10:00 AM,NA ,90.0,No ,No,Online,17-Sep-2022 11:00 AM,"CE-BM,RVN Basin,Berhampur||S.E. Southern Irr. Circle I Berhampur||EE Bhanjanagar Irrigation Divn Bhanjanagar",Bhanjanagar,761126.0,1.0,"6,22,000",Maheswar Gouda,"621,692",Accepted-AOC,10-Jan-2023,"CE-BM,RVN Basin,Berhampur||S.E. Southern Irr. Circle I Berhampur||EE Bhanjanagar Irrigation Divn Bhanjanagar",C2_Irrigation,irrigation,Unknown,False,False
2022_CEBMB_82808_1,e-BNID-08/2022-23,Improvement to RFB of River Loharakhandi near village Kushapalli D/S (construction of sluice),Improvement to RFB of River Loharakhandi near village Kushapalli D/S (construction of sluice),Works,Open Tender,Percentage,Civil Works - Others,No,No,NA ,05-Nov-2022 10:00 AM,NA ,90.0,No ,No,Online,15-Nov-2022 11:00 AM,"CE-BM,RVN Basin,Berhampur||S.E. Southern Irr. Circle I Berhampur||EE Bhanjanagar Irrigation Divn Bhanjanagar",Bhanjanagar,761126.0,1.0,"9,60,379",JAYADEB PRADHAN,"816,418",Accepted-AOC,22-Jan-2023,"CE-BM,RVN Basin,Berhampur||S.E. Southern Irr. Circle I Berhampur||EE Bhanjanagar Irrigation Divn Bhanjanagar",C2_Irrigation,irrigation,Mitigation,False,False
2022_CEBMB_82808_10,e-BNID-08/2022-23,Improvement to approach road to Sorisamuli Barrage,Improvement to approach road to Sorisamuli Barrage,Works,Open Tender,Percentage,Civil Works - Others,No,No,NA ,05-Nov-2022 10:00 AM,NA ,90.0,No ,No,Online,15-Nov-2022 11:00 AM,"CE-BM,RVN Basin,Berhampur||S.E. Southern Irr. Circle I Berhampur||EE Bhanjanagar Irrigation Divn Bhanjanagar",Bhanjanagar,761126.0,1.0,"5,49,803",Laxmi Behera,"549,803",Accepted-AOC,22-Jan-2023,"CE-BM,RVN Basin,Berhampur||S.E. Southern Irr. Circle I Berhampur||EE Bhanjanagar Irrigation Divn Bhanjanagar",C2_Irrigation,barrage|irrigation,Mitigation,False,False
2022_CEBMB_82808_16,e-BNID-08/2022-23,Improvement to LFB of river Badanadi near village Dhanija.,Improvement to LFB of river Badanadi near village Dhanija.,Works,Open Tender,Percentage,Civil Works - Others,No,No,NA ,05-Nov-2022 10:00 AM,NA ,90.0,No ,No,Online,15-Nov-2022 11:00 AM,"CE-BM,RVN Basin,Berhampur||S.E. Southern Irr. Circle I Berhampur||EE Bhanjanagar Irrigation Divn Bhanjanagar",Bhanjanagar,761126.0,1.0,"7,98,381",Dillip Kumar Tripathy,"678,703",Accepted-AOC,23-Jan-2023,"CE-BM,RVN Basin,Berhampur||S.E. Southern Irr. Circle I Berhampur||EE Bhanjanagar Irrigation Divn Bhanjanagar",C2_Irrigation,irrigation,Mitigation,False,False
2022_CEBMB_82808_19,e-BNID-08/2022-23,Protection to RFB of river Badanadi near village Ambapua,Protection to RFB of river Badanadi near village Ambapua,Works,Open Tender,Percentage,Civil Works - Others,No,No,NA ,05-Nov-2022 10:00 AM,NA ,90.0,No ,No,Online,15-Nov-2022 11:00 AM,"CE-BM,RVN Basin,Berhampur||S.E. Southern Irr. Circle I Berhampur||EE Bhanjanagar Irrigation Divn Bhanjanagar",Bhanjanagar,761126.0,1.0,"8,37,571",Pratap Chandra Pradhan,"712,019",Accepted-AOC,23-Jan-2023,"CE-BM,RVN Basin,Berhampur||S.E. Southern Irr. Circle I Berhampur||EE Bhanjanagar Irrigation Divn Bhanjanagar",C2_Irrigation,irrigation,Unknown,False,False
2022_CEBMB_82808_2,e-BNID-08/2022-23,Providing a bathing step on LFB of river Badanadi near village Kujiverada,Providing a bathing step on LFB of river Badanadi near village Kujiverada,Works,Open Tender,Percentage,Civil Works - Others,No,No,NA ,05-Nov-2022 10:00 AM,NA ,90.0,No ,No,Online,15-Nov-2022 11:00 AM,"CE-BM,RVN Basin,Berhampur||S.E. Southern Irr. Circle I Berhampur||EE Bhanjanagar Irrigation Divn Bhanjanagar",Bhanjanagar,761126.0,1.0,"6,08,161",Prasana Kumar Raula,"608,161",Accepted-AOC,22-Jan-2023,"CE-BM,RVN Basin,Berhampur||S.E. Southern Irr. Circle I Berhampur||EE Bhanjanagar Irrigation Divn Bhanjanagar",C2_Irrigation,irrigation,Mitigation,False,False
2022_CEBMB_82808_21,e-BNID-08/2022-23,Improvement to Benapata Minor from RD 7000 M to 7080 M near village Dahimundali,Improvement to Benapata Minor from RD 7000 M to 7080 M near village Dahimundali,Works,Open Tender,Percentage,Civil Works - Others,No,No,NA ,05-Nov-2022 10:00 AM,NA ,90.0,No ,No,Online,15-Nov-2022 11:00 AM,"CE-BM,RVN Basin,Berhampur||S.E. Southern Irr. Circle I Berhampur||EE Bhanjanagar Irrigation Divn Bhanjanagar",Bhanjanagar,761126.0,1.0,"8,30,669",Dibakar Behera,"706,151",Accepted-AOC,23-Jan-2023,"CE-BM,RVN Basin,Berhampur||S.E. Southern Irr. Circle I Berhampur||EE Bhanjanagar Irrigation Divn Bhanjanagar",C2_Irrigation,irrigation,Mitigation,False,False
2022_CEBMB_82808_22,e-BNID-08/2022-23,Protection to RFB of river Badanadi near village Panasapalli.,Protection to RFB of river Badanadi near village Panasapalli.,Works,Open Tender,Percentage,Civil Works - Others,No,No,NA ,05-Nov-2022 10:00 AM,NA ,90.0,No ,No,Online,15-Nov-2022 11:00 AM,"CE-BM,RVN Basin,Berhampur||S.E. Southern Irr. Circle I Berhampur||EE Bhanjanagar Irrigation Divn Bhanjanagar",Bhanjanagar,761126.0,1.0,"8,38,993",Dibakar Behera,"713,228",Accepted-AOC,23-Jan-2023,"CE-BM,RVN Basin,Berhampur||S.E. Southern Irr. Circle I Berhampur||EE Bhanjanagar Irrigation Divn Bhanjanagar",C2_Irrigation,irrigation,Unknown,False,False
2022_CEBMB_82808_41,e-BNID-08/2022-23,Improvement to RFB of river Baghua D/S of village Humuki.,Improvement to RFB of river Baghua D/S of village Humuki.,Works,Open Tender,Percentage,Civil Works - Others,No,No,NA ,05-Nov-2022 10:00 AM,NA ,90.0,No ,No,Online,15-Nov-2022 11:00 AM,"CE-BM,RVN Basin,Berhampur||S.E. Southern Irr. Circle I Berhampur||EE Bhanjanagar Irrigation Divn Bhanjanagar",Aska,761111.0,1.0,"5,79,137",DEEPAK KUMAR BEHERA,"492,324",Accepted-AOC,29-Jan-2023,"CE-BM,RVN Basin,Berhampur||S.E. Southern Irr. Circle I Berhampur||EE Bhanjanagar Irrigation Divn Bhanjanagar",C2_Irrigation,irrigation,Mitigation,False,False
2022_CEBMB_82808_46,e-BNID-08/2022-23,"Restoration to RFB of river Rushikulya near village Bharatapalli, D/S of School.","Restoration to RFB of river Rushikulya near village Bharatapalli, D/S of School.",Works,Open Tender,Percentage,Civil Works - Others,No,No,NA ,05-Nov-2022 10:00 AM,NA ,90.0,No ,No,Online,15-Nov-2022 11:00 AM,"CE-BM,RVN Basin,Berhampur||S.E. Southern Irr. Circle I Berhampur||EE Bhanjanagar Irrigation Divn Bhanjanagar",Aska,761111.0,1.0,"26,79,147",BAIDHARA SWAIN,"2,277,543",Accepted-AOC,29-Jan-2023,"CE-BM,RVN Basin,Berhampur||S.E. Southern Irr. Circle I Berhampur||EE Bhanjanagar Irrigation Divn Bhanjanagar",C2_Irrigation,irrigation,DamageResponse,False,False
2022_CEBMB_82808_58,e-BNID-08/2022-23,Providing of drainage sluice in RFB of river Baghua near village Brahamanachhai (Bolasara Road),Providing of drainage sluice in RFB of river Baghua near village Brahamanachhai (Bolasara Road),Works,Open Tender,Percentage,Civil Works - Others,No,No,NA ,05-Nov-2022 10:00 AM,NA ,90.0,No ,No,Online,15-Nov-2022 11:00 AM,"CE-BM,RVN Basin,Berhampur||S.E. Southern Irr. Circle I Berhampur||EE Bhanjanagar Irrigation Divn Bhanjanagar",Aska,761111.0,1.0,"11,88,303",AJAYA KUMAR GOUDA,"1,010,176",Accepted-AOC,29-Jan-2023,"CE-BM,RVN Basin,Berhampur||S.E. Southern Irr. Circle I Berhampur||EE Bhanjanagar Irrigation Divn Bhanjanagar",C2_Irrigation,irrigation,Mitigation,False,False
2022_CEBMB_82808_9,e-BNID-08/2022-23,Construction of bathing ghat on RFB of river Badanadi near village Dhepasahi,Construction of bathing ghat on RFB of river Badanadi near village Dhepasahi,Works,Open Tender,Percentage,Civil Works - Others,No,No,NA ,05-Nov-2022 10:00 AM,NA ,90.0,No ,No,Online,15-Nov-2022 11:00 AM,"CE-BM,RVN Basin,Berhampur||S.E. Southern Irr. Circle I Berhampur||EE Bhanjanagar Irrigation Divn Bhanjanagar",Bhanjanagar,761126.0,1.0,"4,23,160",Maheswar Gouda,"423,160",Accepted-AOC,22-Jan-2023,"CE-BM,RVN Basin,Berhampur||S.E. Southern Irr. Circle I Berhampur||EE Bhanjanagar Irrigation Divn Bhanjanagar",C2_Irrigation,irrigation,Mitigation,False,False
2022_CEBMB_83464_1,BNID-09/2022-23,Improvement to Bhanjanagar Dam at Bhanjanagar,Improvement to Bhanjanagar Dam at Bhanjanagar,Works,Open Tender,Percentage,Civil Works - Others,No,No,NA ,23-Nov-2022 10:00 AM,NA ,90.0,No ,No,Online,03-Dec-2022 11:00 AM,"CE-BM,RVN Basin,Berhampur||S.E. Southern Irr. Circle I Berhampur||EE Bhanjanagar Irrigation Divn Bhanjanagar",Bhanjanagar,761126.0,1.0,"14,38,380",PRAMOD KUMAR PATNAIK,"1,438,380",Accepted-AOC,31-Jan-2023,"CE-BM,RVN Basin,Berhampur||S.E. Southern Irr. Circle I Berhampur||EE Bhanjanagar Irrigation Divn Bhanjanagar",C2_Irrigation,irrigation,Mitigation,False,False
2022_CEMIB_82164_1,SEKBKMIC-II- 02/2022-23,Renovation to Distribution System of Hatimunda MIP (D/W) in K.Singhpur Block of Rayagada District under CLSRP Scheme 2022-23,Renovation to Distribution System of Hatimunda MIP (D/W) in K.Singhpur Block of Rayagada District under CLSRP Scheme 2022-23,Works,Open Tender,Percentage,Civil Works - Water Works,No,No,NA ,20-Oct-2022 10:00 AM,NA ,90.0,No ,No,Online,15-Nov-2022 11:00 AM,"CE,Minor Irrigation,BBSR||SE,KBK Minor Irr.CircleII,Jeypore",K.Singhpur,765016.0,2.0,"1,66,67,062",AKASH KUMAR SENAPATI,"14,168,669",Accepted-AOC,20-Jan-2023,"CE,Minor Irrigation,BBSR||SE,KBK Minor Irr.CircleII,Jeypore",C1_WaterConservation|C2_Irrigation,irrigation|minor irrigation|mip,Unknown,False,False
2022_CEMIB_83856_12,OIIPCRA-W2-GM-II-2/2022-23,AgulabandhaSubalaya MIP Pakage ID - GM-II-12 in K.S.Nagar Block Block under OIIPCRA,AgulabandhaSubalaya MIP Pakage ID - GM-II-12 in K.S.Nagar Block Block under OIIPCRA,Works,National Competitive Bid,Item Rate,Civil Works - Others,No,No,NA ,03-Dec-2022 05:50 PM,14-Dec-2022 11:30 AM ,90.0,No ,No,Online,03-Jan-2023 03:30 PM,"CE,Minor Irrigation,BBSR||SESMIC-BERHAMPUR||GANJAM II",Executive Engineer M I Divn Ganjam II Berhampur,760010.0,2.0,"42,35,000",Pandita Ballabha Mohanty,"4,655,367.68",Accepted-AOC,31-Jan-2023,"CE,Minor Irrigation,BBSR||SESMIC-BERHAMPUR||GANJAM II",C1_WaterConservation|C2_Irrigation|C5_ClimateSmartFarming,cra|irrigation|minor irrigation|mip,Unknown,False,False
2022_CEMIB_83856_13,OIIPCRA-W2-GM-II-2/2022-23,Kharibandha Mohanpalli MIP Pakage ID - GM-II-13 in KSNagar Block under OIIPCRA,Kharibandha Mohanpalli MIP Pakage ID - GM-II-13 in KSNagar Block under OIIPCRA,Works,National Competitive Bid,Item Rate,Civil Works - Others,No,No,NA ,03-Dec-2022 05:50 PM,14-Dec-2022 11:30 AM ,90.0,No ,No,Online,03-Jan-2023 03:30 PM,"CE,Minor Irrigation,BBSR||SESMIC-BERHAMPUR||GANJAM II",Executive Engineer M I Divn Ganjam II Berhampur,760010.0,2.0,"29,57,000",Maheswar Naik,"3,068,052.51",Accepted-AOC,31-Jan-2023,"CE,Minor Irrigation,BBSR||SESMIC-BERHAMPUR||GANJAM II",C1_WaterConservation|C2_Irrigation|C5_ClimateSmartFarming,cra|irrigation|minor irrigation|mip,Unknown,False,False
2022_CEMIB_83856_15,OIIPCRA-W2-GM-II-2/2022-23,AmbathatankBagalpur MIP Pakage ID - GM-II-15 in Khallikote Block under OIIPCRA,AmbathatankBagalpur MIP Pakage ID - GM-II-15 in Khallikote Block under OIIPCRA,Works,National Competitive Bid,Item Rate,Civil Works - Others,No,No,NA ,03-Dec-2022 05:50 PM,14-Dec-2022 11:30 AM ,90.0,No ,No,Online,03-Jan-2023 03:30 PM,"CE,Minor Irrigation,BBSR||SESMIC-BERHAMPUR||GANJAM II",Executive Engineer M I Divn Ganjam II Berhampur,760010.0,2.0,"21,48,000",Maheswar Naik,"2,297,630.13",Accepted-AOC,31-Jan-2023,"CE,Minor Irrigation,BBSR||SESMIC-BERHAMPUR||GANJAM II",C1_WaterConservation|C2_Irrigation|C5_ClimateSmartFarming,cra|irrigation|minor irrigation|mip,Unknown,False,False
2022_CEMIB_83856_17,OIIPCRA-W2-GM-II-2/2022-23,Gurunathbandha MIP Pakage ID - GM-II-17 in Chatrapur Block under OIIPCRA,Gurunathbandha MIP Pakage ID - GM-II-17 in Chatrapur Block under OIIPCRA,Works,National Competitive Bid,Item Rate,Civil Works - Others,No,No,NA ,03-Dec-2022 06:50 PM,14-Dec-2022 11:30 AM ,90.0,No ,No,Online,03-Jan-2023 03:30 PM,"CE,Minor Irrigation,BBSR||SESMIC-BERHAMPUR||GANJAM II",Executive Engineer M I Divn Ganjam II Berhampur,760010.0,2.0,"40,87,000",Subash Chandra Mohapatra,"3,828,433.37",Accepted-AOC,31-Jan-2023,"CE,Minor Irrigation,BBSR||SESMIC-BERHAMPUR||GANJAM II",C1_WaterConservation|C2_Irrigation|C5_ClimateSmartFarming,cra|irrigation|minor irrigation|mip,Unknown,False,False
2022_CEMIB_83856_18,OIIPCRA-W2-GM-II-2/2022-23,Haladikhandibandha MIP Pakage ID - GM-II-18 in Chatrapur Block under OIIPCRA,Haladikhandibandha MIP Pakage ID - GM-II-18 in Chatrapur Block under OIIPCRA,Works,National Competitive Bid,Item Rate,Civil Works - Others,No,No,NA ,03-Dec-2022 06:50 PM,14-Dec-2022 11:30 AM ,90.0,No ,No,Online,03-Jan-2023 03:30 PM,"CE,Minor Irrigation,BBSR||SESMIC-BERHAMPUR||GANJAM II",Executive Engineer M I Divn Ganjam II Berhampur,760010.0,2.0,"34,59,000",Subash Chandra Mohapatra,"3,275,488",Accepted-AOC,31-Jan-2023,"CE,Minor Irrigation,BBSR||SESMIC-BERHAMPUR||GANJAM II",C1_WaterConservation|C2_Irrigation|C5_ClimateSmartFarming,cra|irrigation|minor irrigation|mip,Unknown,False,False
2022_CEMIB_83856_2,OIIPCRA-W2-GM-II-2/2022-23,Chalapokharijhadakuda MIP Pakage ID - GM-II-2 in Ganjam Block under OIIPCRA,Chalapokharijhadakuda MIP Pakage ID - GM-II-2 in Ganjam Block under OIIPCRA,Works,National Competitive Bid,Item Rate,Civil Works - Others,No,No,NA ,03-Dec-2022 02:00 PM,14-Dec-2022 11:30 AM ,90.0,No ,No,Online,03-Jan-2023 03:30 PM,"CE,Minor Irrigation,BBSR||SESMIC-BERHAMPUR||GANJAM II",Executive Engineer M I Divn Ganjam II Berhampur,760010.0,2.0,"13,01,000",Maheswar Naik,"1,352,609.75",Accepted-AOC,31-Jan-2023,"CE,Minor Irrigation,BBSR||SESMIC-BERHAMPUR||GANJAM II",C1_WaterConservation|C2_Irrigation|C5_ClimateSmartFarming,cra|irrigation|minor irrigation|mip,Unknown,False,False
2022_CEMIB_83856_5,OIIPCRA-W2-GM-II-2/2022-23,Kujidhimirighai MIP Pakage ID - GM-II-5 in Beguniapada Block under OIIPCRA,Kujidhimirighai MIP Pakage ID - GM-II-5 in Beguniapada Block under OIIPCRA,Works,National Competitive Bid,Item Rate,Civil Works - Others,No,No,NA ,03-Dec-2022 02:00 PM,14-Dec-2022 11:30 AM ,90.0,No ,No,Online,03-Jan-2023 03:30 PM,"CE,Minor Irrigation,BBSR||SESMIC-BERHAMPUR||GANJAM II",Executive Engineer M I Divn Ganjam II Berhampur,760010.0,2.0,"23,22,000",Gouri Sankar Acharya,"2,211,026.26",Accepted-AOC,31-Jan-2023,"CE,Minor Irrigation,BBSR||SESMIC-BERHAMPUR||GANJAM II",C1_WaterConservation|C2_Irrigation|C5_ClimateSmartFarming,cra|irrigation|minor irrigation|mip,Unknown,False,False
2022_CEMIB_83856_8,OIIPCRA-W2-GM-II-2/2022-23,Hajajholaghai A Nuapalli MIP Pakage ID - GM-II-8 in Khallikote Block under OIIPCRA,Hajajholaghai A Nuapalli MIP Pakage ID - GM-II-8 in Khallikote Block under OIIPCRA,Works,National Competitive Bid,Item Rate,Civil Works - Others,No,No,NA ,03-Dec-2022 04:50 PM,14-Dec-2022 11:30 AM ,90.0,No ,No,Online,03-Jan-2023 03:30 PM,"CE,Minor Irrigation,BBSR||SESMIC-BERHAMPUR||GANJAM II",Executive Engineer M I Divn Ganjam II Berhampur,760010.0,2.0,"17,56,000",Maheswar Naik,"1,865,896.7",Accepted-AOC,31-Jan-2023,"CE,Minor Irrigation,BBSR||SESMIC-BERHAMPUR||GANJAM II",C1_WaterConservation|C2_Irrigation|C5_ClimateSmartFarming,cra|irrigation|minor irrigation|mip,Unknown,False,False
2022_GWSI_82224_1,02/GWHPD/ARUA/2022-23,Construction Of 20 Nos Recharge Shafts in Tanks Ponds in Bhubaneswar Block Of Khurdha District,Construction Of 20 Nos Recharge Shafts in Tanks Ponds in Bhubaneswar Block Of Khurdha District,Works,National Competitive Bid,Percentage,Civil Works - Others,No,No,NA ,18-Oct-2022 11:00 AM,NA ,90.0,No ,No,Both(Online/Offline),27-Oct-2022 03:30 PM,Ground Water Survey and Investigation,BLOCK AREA BHUBANESWAR,751012.0,1.0,"39,46,000",SIMASINI MOHANTY,"3,867,195",Accepted-AOC,30-Jan-2023,Ground Water Survey and Investigation,C1_WaterConservation|C3_Drought,ground water|pond|recharge|recharge shaft,Mitigation,False,False
2022_GWSI_83249_1,02/GWSBPD/ARUA/2022-23,Construction Of 8 Nos Recharge Shafts in Tanks Ponds in Bisra Block Of Sundergarh District,Construction Of 8 Nos Recharge Shafts in Tanks Ponds in Bisra Block Of Sundergarh District,Works,Open Tender,Percentage,Civil Works - Others,No,No,NA ,17-Nov-2022 11:00 AM,NA ,90.0,No ,No,Online,28-Nov-2022 01:00 PM,Ground Water Survey and Investigation,GWD Division Danipali Budharaja Sambalpur,768004.0,1.0,"13,76,656",JYOTI RANJAN PRADHAN,"1,294,056",Accepted-AOC,02-Jan-2023,Ground Water Survey and Investigation,C1_WaterConservation|C3_Drought,ground water|pond|recharge|recharge shaft,Mitigation,False,False
2022_GWSI_84144_1,01/GWBLG/CHATTA/2022-23,"Construction Of 8 Nos RRHS in Bolangir, Titlagarh,Sonepur and Tarava Urban Of Bolangir and Subarnapur District","Construction Of 8 Nos RRHS in Bolangir, Titlagarh,Sonepur and Tarava Urban Of Bolangir and Subarnapur District",Works,Open Tender,Percentage,Civil Works - Others,No,No,NA ,14-Dec-2022 11:00 AM,NA ,90.0,No ,No,Online,26-Dec-2022 03:00 PM,Ground Water Survey and Investigation,GWD Division Bolangir,767002.0,1.0,"27,19,504",Kunjabana Sahu,"2,705,906",Accepted-AOC,11-Jan-2023,Ground Water Survey and Investigation,C3_Drought,ground water,Mitigation,False,False
2022_GWSI_84244_1,01/GWRSD/CHHATA/2022-23,Construction Of 3 Nos RRHS in Puri Urban Of Puri District,Construction Of 3 Nos RRHS in Puri Urban Of Puri District,Works,Open Tender,Percentage,Civil Works - Others,No,No,NA ,17-Dec-2022 11:00 AM,NA ,90.0,No ,No,Online,26-Dec-2022 12:00 PM,Ground Water Survey and Investigation,"Geology GWD Division II, Bhubaneswar",751001.0,1.0,"8,89,572",KESHAB CHANDRA NAYAK,"845,005",Accepted-AOC,02-Jan-2023,Ground Water Survey and Investigation,C3_Drought,ground water,Mitigation,False,False
2022_GWSI_84421_1,02/GWBLG/ARUA/2022-23,"Construction of Recharge shaft in Tanks and ponds at 23 locations of Bargarh,Bhatli and Jharbandh Block of Bargarh District","Construction of Recharge shaft in Tanks and ponds at 23 locations of Bargarh,Bhatli and Jharbandh Block of Bargarh District",Works,Open Tender,Percentage,Civil Works - Others,No,No,NA ,22-Dec-2022 11:00 AM,NA ,90.0,No ,No,Online,03-Jan-2023 03:00 PM,Ground Water Survey and Investigation,"Deputy Director, Geology, GWD Division ,Bolangir",767002.0,1.0,"39,56,000",ABHISEK PANIGRAHI,"3,908,924",Accepted-AOC,12-Jan-2023,Ground Water Survey and Investigation,C1_WaterConservation|C3_Drought,ground water|pond|recharge|recharge shaft,Mitigation,False,False
2022_GWSI_84650_1,02/GWBLG/CHHATA/2022-23,"Construction Of 5 Nos RRHS in Bargarh,Padmapur,Barpalli Urban Of Bargarh District","Construction Of 5 Nos RRHS in Bargarh,Padmapur,Barpalli Urban Of Bargarh District",Works,Open Tender,Percentage,Civil Works - Others,No,No,NA ,29-Dec-2022 11:00 AM,NA ,90.0,No ,No,Online,16-Jan-2023 03:00 PM,Ground Water Survey and Investigation,"Deputy Director, Geology GWD Division, Bolangir",767002.0,1.0,"17,82,644",KESHAB CHANDRA NAYAK,"1,693,690",Accepted-AOC,24-Jan-2023,Ground Water Survey and Investigation,C3_Drought,ground water,Mitigation,False,False
2022_GWSI_84694_1,04/GWBLG/CHHATA/2022-23,Construction of 8 Nos RRHS in Sonepur and Tarabha block of Subarnapur district,Construction of 8 Nos RRHS in Sonepur and Tarabha block of Subarnapur district,Works,Open Tender,Percentage,Civil Works - Others,No,No,NA ,30-Dec-2022 11:00 AM,NA ,90.0,No ,No,Online,17-Jan-2023 03:00 PM,Ground Water Survey and Investigation,"Deputy Director, Geology GWD Division, Bolangir",767002.0,1.0,"20,58,645",ABHISEK PANIGRAHI,"1,931,215",Accepted-AOC,30-Jan-2023,Ground Water Survey and Investigation,C3_Drought,ground water,Mitigation,False,False
2022_GWSI_84698_1,05/GWBLG/CHHATA/2022-23,"Construction of 13 Nos RRHS in BargarhmBhatli, Jharbandha,Sohela and Padmapur block of Bargarh district","Construction of 13 Nos RRHS in BargarhmBhatli, Jharbandha,Sohela and Padmapur block of Bargarh district",Works,Open Tender,Percentage,Civil Works - Others,No,No,NA ,30-Dec-2022 11:00 AM,NA ,90.0,No ,No,Online,17-Jan-2023 03:30 PM,Ground Water Survey and Investigation,"Deputy Director, Geology GWD Division, Bolangir",767002.0,1.0,"33,26,022",ABHISEK PANIGRAHI,"3,120,141",Accepted-AOC,30-Jan-2023,Ground Water Survey and Investigation,C3_Drought,ground water,Mitigation,False,False
2022_HCOR_82233_1,XXXIV01/16-22PFI15642/14.10.22,"Shifting, Commissioning, Installation and Testing of 10 nos. of Diesel Generator sets at 10 different Court Complexes of the State","Shifting, Commissioning, Installation and Testing of 10 nos. of Diesel Generator sets at 10 different Court Complexes of the State",Works,Open Tender,Item Rate,Mechanical Works,No,No,NA ,14-Oct-2022 03:20 PM,NA ,270.0,No ,No,Offline,14-Nov-2022 11:30 AM,HIGH COURT OF ORISSA,HIGH COURT OF ORISSA,753002.0,2.0,,Gangpur Sales and Services,"790,000",Accepted-AOC,27-Jan-2023,HIGH COURT OF ORISSA,C8_Scheme,omm,Mitigation,False,False
2022_JIRR_83086_17,JKID-04 OF 2022-23,Sl.No.17-Restoration to Disty No.14 including construction of Outlets at RD.5370m 6453m 8262m 8767m 9121m 9773m and Guard wall at RD.5370m to5668m 3060m to 3637m,Earth work and Cement Concrete work,Works,National Competitive Bid,Percentage,Civil Works - Others,No,No,NA ,14-Nov-2022 11:00 AM,NA ,90.0,No ,No,Online,24-Nov-2022 11:00 AM,CE AND BM MBBS CHANDIKOLE||EASTERN CIRCLE II CHANDIKOLE||Jaraka Irr Div Jaraka,Jaraka,755050.0,1.0,"9,98,331",MADHULITA ROUTRAY,"848,681",Accepted-AOC,05-Jan-2023,CE AND BM MBBS CHANDIKOLE||EASTERN CIRCLE II CHANDIKOLE||Jaraka Irr Div Jaraka,C2_Irrigation,irr ,Unknown,False,False
2022_OLIC_79807_1,EEOLICRKL-08/22-23,REVIVAL OF FALSAGHAT - II DEFUNCT L.I.P UNDER BONAI BLOCK,Lift Irrigation Works,Works,Open Tender,Percentage,Civil Works - Lift Irrigation Schemes,No,No,NA ,18-Jul-2022 10:00 AM,NA ,90.0,No ,No,Online,28-Jul-2022 11:00 AM,Orissa Lift Irrigation Corporation||LI Northern Circle Sambalpur||LI Division Rourkella,ROURKELA,769015.0,1.0,"16,05,502",Amaresh Kumar Biswal,"1,388,242",Accepted-AOC,07-Jan-2023,Orissa Lift Irrigation Corporation||LI Northern Circle Sambalpur||LI Division Rourkella,C2_Irrigation,irrigation|lift irrigation,Unknown,False,False
2022_OLIC_79808_1,EEOLICRKL-08/22-23,REVIVAL OF KANTASARA - II DEFUNCT L.I.P UNDER BONAI BLOCK,Lift Irrigation Works,Works,Open Tender,Percentage,Civil Works - Lift Irrigation Schemes,No,No,NA ,18-Jul-2022 10:00 AM,NA ,90.0,No ,No,Online,28-Jul-2022 11:00 AM,Orissa Lift Irrigation Corporation||LI Northern Circle Sambalpur||LI Division Rourkella,ROURKELA,769015.0,1.0,"15,68,303",Amaresh Kumar Biswal,"1,355,233",Accepted-AOC,07-Jan-2023,Orissa Lift Irrigation Corporation||LI Northern Circle Sambalpur||LI Division Rourkella,C2_Irrigation,irrigation|lift irrigation,Unknown,False,False
2022_OLIC_79814_1,EEOLICRKL-08/22-23,REVIVAL OF RAMJODI - I DEFUNCT L.I.P UNDER LATHIKATA BLOCK,Lift Irrigation Works,Works,Open Tender,Percentage,Civil Works - Lift Irrigation Schemes,No,No,NA ,18-Jul-2022 10:00 AM,NA ,90.0,No ,No,Online,28-Jul-2022 11:00 AM,Orissa Lift Irrigation Corporation||LI Northern Circle Sambalpur||LI Division Rourkella,ROURKELA,769015.0,1.0,"15,70,273",Amaresh Kumar Biswal,"1,359,586",Accepted-AOC,07-Jan-2023,Orissa Lift Irrigation Corporation||LI Northern Circle Sambalpur||LI Division Rourkella,C2_Irrigation,irrigation|lift irrigation,Unknown,False,False
2022_OLIC_79815_1,EEOLICRKL-08/22-23,INSTALLATION AND ENERGISATION OF BADANUAGAON L.I.P UNDER LAHUNIPADA BLOCK,Lift Irrigation Works,Works,Open Tender,Percentage,Civil Works - Lift Irrigation Schemes,No,No,NA ,18-Jul-2022 10:00 AM,NA ,90.0,No ,No,Online,28-Jul-2022 11:00 AM,Orissa Lift Irrigation Corporation||LI Northern Circle Sambalpur||LI Division Rourkella,ROURKELA,769015.0,1.0,"27,75,866",Amaresh Kumar Biswal,"2,775,866",Accepted-AOC,13-Jan-2023,Orissa Lift Irrigation Corporation||LI Northern Circle Sambalpur||LI Division Rourkella,C2_Irrigation,irrigation|lift irrigation,Unknown,False,False
2022_OLIC_82583_1,BID OLIC-BPT-01/2022-23 Dt.13.10.2022,Revival of BILEIKUNI-I LIP under BHAWANIPATNA BLOCK in Kalahandi District.,Construction of Head works installation and Energisation of Bileikuni-I LIP under Bhawanipatna Block in Kalahandi District,Works,National Competitive Bid,Percentage,Civil Works - Lift Irrigation Schemes,No,No,NA ,27-Oct-2022 12:00 PM,NA ,365.0,No ,No,Online,15-Nov-2022 11:00 AM,Orissa Lift Irrigation Corporation||LI Western Circle Bhawanipatna||LI Division Bhawanipatna,Bhawanipatna,766001.0,1.0,"7,64,408",BUDU SIKARI,"688,044",Accepted-AOC,12-Jan-2023,Orissa Lift Irrigation Corporation||LI Western Circle Bhawanipatna||LI Division Bhawanipatna,C2_Irrigation,irrigation|lift irrigation|lip,Mitigation,False,False
2022_OLIC_82583_24,BID OLIC-BPT-01/2022-23 Dt.13.10.2022,Revival of PANIMUNDA LIP under LANJIGARH Block in Kalahandi District,Construction of Head works installation and Energisation of PANIMUNDA LIP under LANJIGARH Block in Kalahandi District,Works,National Competitive Bid,Percentage,Civil Works - Lift Irrigation Schemes,No,No,NA ,27-Oct-2022 05:00 PM,NA ,365.0,No ,No,Online,15-Nov-2022 11:00 AM,Orissa Lift Irrigation Corporation||LI Western Circle Bhawanipatna||LI Division Bhawanipatna,Bhawanipatna,766001.0,1.0,"21,51,156",AGRAWALLA POWER INFRASTRUCTURE,"1,828,697",Accepted-AOC,30-Jan-2023,Orissa Lift Irrigation Corporation||LI Western Circle Bhawanipatna||LI Division Bhawanipatna,C2_Irrigation,irrigation|lift irrigation|lip,Mitigation,False,False
2022_OLIC_82583_29,BID OLIC-BPT-01/2022-23 Dt.13.10.2022,Revival of DHOLPAS-I LIP under TH. RAMPUR Block in Kalahandi District,Construction of Head works installation and Energisation of DHOLPAS-I LIP under TH. RAMPUR Block in Kalahandi District,Works,National Competitive Bid,Percentage,Civil Works - Lift Irrigation Schemes,No,No,NA ,28-Oct-2022 10:00 AM,NA ,365.0,No ,No,Online,15-Nov-2022 11:00 AM,Orissa Lift Irrigation Corporation||LI Western Circle Bhawanipatna||LI Division Bhawanipatna,Bhawanipatna,766001.0,1.0,"6,48,845",DHARMENDRA KUMAR JOSHI,"580,716",Accepted-AOC,30-Jan-2023,Orissa Lift Irrigation Corporation||LI Western Circle Bhawanipatna||LI Division Bhawanipatna,C2_Irrigation,irrigation|lift irrigation|lip,Mitigation,False,False
2022_OLIC_82583_30,BID OLIC-BPT-01/2022-23 Dt.13.10.2022,Revival of DHOLPAS-II LIP under TH. RAMPUR Block in Kalahandi District,Construction of Head works installation and Energisation of DHOLPAS-II LIP under TH. RAMPUR Block in Kalahandi District,Works,National Competitive Bid,Percentage,Civil Works - Lift Irrigation Schemes,No,No,NA ,28-Oct-2022 10:00 AM,NA ,365.0,No ,No,Online,15-Nov-2022 11:00 AM,Orissa Lift Irrigation Corporation||LI Western Circle Bhawanipatna||LI Division Bhawanipatna,Bhawanipatna,766001.0,1.0,"6,10,324",DHARMENDRA KUMAR JOSHI,"546,240",Accepted-AOC,30-Jan-2023,Orissa Lift Irrigation Corporation||LI Western Circle Bhawanipatna||LI Division Bhawanipatna,C2_Irrigation,irrigation|lift irrigation|lip,Mitigation,False,False
2022_OLIC_82583_34,BID OLIC-BPT-01/2022-23 Dt.13.10.2022,Revival of RENGSAPALI LIP under GOLAMUNDA Block in Kalahandi District,Construction of Head works installation and Energisation of RENGSAPALI LIP under GOLAMUNDA Block in Kalahandi District,Works,National Competitive Bid,Percentage,Civil Works - Lift Irrigation Schemes,No,No,NA ,28-Oct-2022 10:00 AM,NA ,365.0,No ,No,Online,15-Nov-2022 11:00 AM,Orissa Lift Irrigation Corporation||LI Western Circle Bhawanipatna||LI Division Bhawanipatna,Bhawanipatna,766001.0,1.0,"13,88,530",CHANDAN NAYAK,"1,180,390",Accepted-AOC,30-Jan-2023,Orissa Lift Irrigation Corporation||LI Western Circle Bhawanipatna||LI Division Bhawanipatna,C2_Irrigation,irrigation|lift irrigation|lip,Mitigation,False,False
2022_OLIC_82583_35,BID OLIC-BPT-01/2022-23 Dt.13.10.2022,Revival of NUAMUNDA-II LIP under GOLAMUNDA Block in Kalahandi District,Construction of Head works installation and Energisation of NUAMUNDA-II LIP under GOLAMUNDA Block in Kalahandi District,Works,National Competitive Bid,Percentage,Civil Works - Lift Irrigation Schemes,No,No,NA ,28-Oct-2022 10:00 AM,NA ,365.0,No ,No,Online,15-Nov-2022 11:00 AM,Orissa Lift Irrigation Corporation||LI Western Circle Bhawanipatna||LI Division Bhawanipatna,Bhawanipatna,766001.0,1.0,"13,88,530",CHANDAN NAYAK,"1,180,389",Accepted-AOC,30-Jan-2023,Orissa Lift Irrigation Corporation||LI Western Circle Bhawanipatna||LI Division Bhawanipatna,C2_Irrigation,irrigation|lift irrigation|lip,Mitigation,False,False
2022_OLIC_82583_39,BID OLIC-BPT-01/2022-23 Dt.13.10.2022,Revival of LUHAGAON-III LIP under DHARAMGARH Block in Kalahandi District,Construction of Head works installation and Energisation of LUHAGAON-III LIP under DHARAMGARH Block in Kalahandi District,Works,National Competitive Bid,Percentage,Civil Works - Lift Irrigation Schemes,No,No,NA ,28-Oct-2022 10:00 AM,NA ,365.0,No ,No,Online,15-Nov-2022 11:00 AM,Orissa Lift Irrigation Corporation||LI Western Circle Bhawanipatna||LI Division Bhawanipatna,Bhawanipatna,766001.0,1.0,"17,75,948",Anup kumar agrawal,"1,509,733",Accepted-AOC,30-Jan-2023,Orissa Lift Irrigation Corporation||LI Western Circle Bhawanipatna||LI Division Bhawanipatna,C2_Irrigation,irrigation|lift irrigation|lip,Mitigation,False,False
2022_OLIC_82583_40,BID OLIC-BPT-01/2022-23 Dt.13.10.2022,Revival of GHODABANDHA-II LIP under NARLA Block in Kalahandi District,Construction of Head works installation and Energisation of GHODABANDHA-II LIP under NARLA Block in Kalahandi District,Works,National Competitive Bid,Percentage,Civil Works - Lift Irrigation Schemes,No,No,NA ,28-Oct-2022 10:00 AM,NA ,365.0,No ,No,Online,15-Nov-2022 11:00 AM,Orissa Lift Irrigation Corporation||LI Western Circle Bhawanipatna||LI Division Bhawanipatna,Bhawanipatna,766001.0,1.0,"13,06,489",AGRAWALLA POWER INFRASTRUCTURE,"1,110,646",Accepted-AOC,30-Jan-2023,Orissa Lift Irrigation Corporation||LI Western Circle Bhawanipatna||LI Division Bhawanipatna,C2_Irrigation,irrigation|lift irrigation|lip,Mitigation,False,False
2022_OLIC_82583_42,BID OLIC-BPT-01/2022-23 Dt.13.10.2022,Revival of JODABANDHA-IV LIP under NARLA Block in Kalahandi District,Construction of Head works installation and Energisation of JODABANDHA-IV LIP under NARLA Block in Kalahandi District,Works,National Competitive Bid,Percentage,Civil Works - Lift Irrigation Schemes,No,No,NA ,28-Oct-2022 10:00 AM,NA ,365.0,No ,No,Online,15-Nov-2022 11:00 AM,Orissa Lift Irrigation Corporation||LI Western Circle Bhawanipatna||LI Division Bhawanipatna,Bhawanipatna,766001.0,1.0,"13,83,530",AGRAWALLA POWER INFRASTRUCTURE,"1,176,139",Accepted-AOC,30-Jan-2023,Orissa Lift Irrigation Corporation||LI Western Circle Bhawanipatna||LI Division Bhawanipatna,C2_Irrigation,irrigation|lift irrigation|lip,Mitigation,False,False
2022_PHEO_76752_1,EEPHBLS-55 of 2021-22 dt.30.03.2022,Supply of ISI Marked DI(K-7) Pipes for Shifting of Water Supply Pipeline from the Seragarh-Nilagiri-Jharanaghati PWD road from 5/00 KM to 11/00 KM within Municipal limit of Nilagiri NAC,Supply of ISI Marked DI(K-7) Pipes for Shifting of Water Supply Pipeline from the Seragarh-Nilagiri-Jharanaghati PWD road from 5/00 KM to 11/00 KM within Municipal limit of Nilagiri NAC,Goods,National Competitive Bid,Item Rate,Miscellaneous Goods,No,No,NA ,06-Apr-2022 11:00 AM,NA ,120.0,No ,No,Online,22-Apr-2022 11:00 AM,PHEO||PH Circle Balasore||PH Division Balasore,NILAGIRI N.A.C.,756040.0,2.0,"1,19,10,000",Electrosteel Castings Limited,"15,299,800",Accepted-AOC,07-Jan-2023,PHEO||PH Circle Balasore||PH Division Balasore,C1_WaterConservation,mit,Unknown,False,False
2022_PHEO_79783_3,EEPH-BHPT 05 of 2022-23,"Provision of GSR and ESR at Madanmohan Pada, Bhawanipatna-Under Special Central Assistance for the FY 2022-23","Provision of GSR and ESR at Madanmohan Pada, Bhawanipatna-Under Special Central Assistance for the FY 2022-23",Works,National Competitive Bid,Percentage,Civil Works - Water Works,No,No,NA ,15-Jul-2022 02:00 PM,NA ,120.0,No ,No,Online,01-Aug-2022 11:00 AM,PHEO||PH Circle Bhawanipatna||PH Division Bhawanipatna,BHAWANIPATNA,766001.0,2.0,"2,79,01,869",Gupteswar Behera,"25,114,472",Accepted-AOC,12-Jan-2023,PHEO||PH Circle Bhawanipatna||PH Division Bhawanipatna,C2_Irrigation,gsr,Mitigation,False,False
2022_PHEO_79783_6,EEPH-BHPT 05 of 2022-23,Provision of 1Nos. ESR Sakhatora inside eixsting GSR pump house at Nuapada NAC- under Special Central Assistance for the FY 2022-23,Provision of 1Nos. ESR Sakhatora inside eixsting GSR pump house at Nuapada NAC- under Special Central Assistance for the FY 2022-23,Works,National Competitive Bid,Percentage,Civil Works - Water Works,No,No,NA ,15-Jul-2022 02:00 PM,NA ,120.0,No ,No,Online,01-Aug-2022 11:00 AM,PHEO||PH Circle Bhawanipatna||PH Division Bhawanipatna,NUAPADA,766105.0,2.0,"1,35,53,677",AMULYA KUMAR SAHOO,"11,521,981",Accepted-AOC,12-Jan-2023,PHEO||PH Circle Bhawanipatna||PH Division Bhawanipatna,C2_Irrigation,gsr,Mitigation,False,False
2020_OLIC_61237_10,01/2020-21 OLIC (PLB),01/10/20-21,Installation and Energisation of Depaketa-II RL Lift Irrigation Project under K.Nuagaon Block in Kandhamal District,Works,Open Tender,Percentage,Civil Works - Lift Irrigation Schemes,No,No,NA ,03-Jun-2020 11:00 AM,NA ,365.0,No ,No,Online,18-Jun-2020 11:00 AM,Orissa Lift Irrigation Corporation||LI Southern Circle Berhampur||LI Division Phulbani,Kandhamal,762001.0,1.0,"21,26,000",Bighnesh Kumar Agrawalla,"2,050,000",Accepted-AOC,27-Apr-2022,Orissa Lift Irrigation Corporation||LI Southern Circle Berhampur||LI Division Phulbani,C2_Irrigation,irrigation|lift irrigation,Mitigation,False,False
2020_OLIC_61237_15,01/2020-21 OLIC (PLB),01/15/20-21,Installation and Energisation of Tatamaha RL Lift Irrigation Project under Raikia Block in Kandhamal District,Works,Open Tender,Percentage,Civil Works - Lift Irrigation Schemes,No,No,NA ,03-Jun-2020 11:00 AM,NA ,365.0,No ,No,Online,18-Jun-2020 11:00 AM,Orissa Lift Irrigation Corporation||LI Southern Circle Berhampur||LI Division Phulbani,Kandhamal,762001.0,1.0,"21,02,000",MANOJ KUMAR PANDA,"1,278,000",Accepted-AOC,29-Apr-2022,Orissa Lift Irrigation Corporation||LI Southern Circle Berhampur||LI Division Phulbani,C2_Irrigation,irrigation|lift irrigation,Mitigation,False,False
2020_OLIC_61237_18,01/2020-21 OLIC (PLB),01/18/20-21,Installation and Energisation of Pisarama-II RL Lift Irrigation Project under Raikia Block in Kandhamal District,Works,Open Tender,Percentage,Civil Works - Lift Irrigation Schemes,No,No,NA ,03-Jun-2020 11:00 AM,NA ,365.0,No ,No,Online,18-Jun-2020 11:00 AM,Orissa Lift Irrigation Corporation||LI Southern Circle Berhampur||LI Division Phulbani,Kandhamal,762001.0,1.0,"18,08,000",Bhubuna Pradhan,"1,808,000",Accepted-AOC,27-Apr-2022,Orissa Lift Irrigation Corporation||LI Southern Circle Berhampur||LI Division Phulbani,C2_Irrigation,irrigation|lift irrigation,Mitigation,False,False
2020_OLIC_61237_19,01/2020-21 OLIC (PLB),01/19/20-21,Installation and Energisation of Berageda-III RL Lift Irrigation Project under Daringbadi Block in Kandhamal District,Works,Open Tender,Percentage,Civil Works - Lift Irrigation Schemes,No,No,NA ,03-Jun-2020 11:00 AM,NA ,365.0,No ,No,Online,18-Jun-2020 11:00 AM,Orissa Lift Irrigation Corporation||LI Southern Circle Berhampur||LI Division Phulbani,Kandhamal,762001.0,1.0,"19,00,000",Bhubuna Pradhan,"1,900,000",Accepted-AOC,27-Apr-2022,Orissa Lift Irrigation Corporation||LI Southern Circle Berhampur||LI Division Phulbani,C2_Irrigation,irrigation|lift irrigation,Mitigation,False,False
2020_OLIC_61237_21,01/2020-21 OLIC (PLB),01/21/20-21,Installation and Energisation of Orakamba RL Lift Irrigation Project under Daringbadi Block in Kandhamal District,Works,Open Tender,Percentage,Civil Works - Lift Irrigation Schemes,No,No,NA ,03-Jun-2020 11:00 AM,NA ,365.0,No ,No,Online,18-Jun-2020 11:00 AM,Orissa Lift Irrigation Corporation||LI Southern Circle Berhampur||LI Division Phulbani,Kandhamal,762001.0,1.0,"19,38,000",Bhubuna Pradhan,"19,380,000",Accepted-AOC,27-Apr-2022,Orissa Lift Irrigation Corporation||LI Southern Circle Berhampur||LI Division Phulbani,C2_Irrigation,irrigation|lift irrigation,Mitigation,False,False
2020_OLIC_61237_27,01/2020-21 OLIC (PLB),01/27/20-21,Installation and Energisation of Gasukia-I and Gasukia-II RL Lift Irrigation Project under K.Nuagaon Block in Kandhamal District,Works,Open Tender,Percentage,Civil Works - Lift Irrigation Schemes,No,No,NA ,03-Jun-2020 11:00 AM,NA ,365.0,No ,No,Online,18-Jun-2020 11:00 AM,Orissa Lift Irrigation Corporation||LI Southern Circle Berhampur||LI Division Phulbani,Kandhamal,762001.0,1.0,"39,35,000",Bighnesh Kumar Agrawalla,"3,680,000",Accepted-AOC,27-Apr-2022,Orissa Lift Irrigation Corporation||LI Southern Circle Berhampur||LI Division Phulbani,C2_Irrigation,irrigation|lift irrigation,Mitigation,False,False
2020_OLIC_62015_11,02/2020-21 OLIC (PLB),02/11/20-21,Installation and Energisation of Kotagarh-I RL Lift Irrigation Project under Kotagarh Block in Kandhamal District,Works,Open Tender,Percentage,Civil Works - Lift Irrigation Schemes,No,No,NA ,20-Jul-2020 11:00 AM,NA ,365.0,No ,No,Online,19-Aug-2020 11:00 AM,Orissa Lift Irrigation Corporation||LI Southern Circle Berhampur||LI Division Phulbani,Kandhamal,762001.0,1.0,"20,55,000",SIBA PRASAD BHOI,"2,030,000",Accepted-AOC,29-Apr-2022,Orissa Lift Irrigation Corporation||LI Southern Circle Berhampur||LI Division Phulbani,C2_Irrigation,irrigation|lift irrigation,Mitigation,False,False
2020_OLIC_62015_24,02/2020-21 OLIC (PLB),02/24/20-21,Installation and Energisation of Raikhol RL Lift Irrigation Project under Chakapad Block in Kandhamal District,Works,Open Tender,Percentage,Civil Works - Lift Irrigation Schemes,No,No,NA ,20-Jul-2020 11:00 AM,NA ,365.0,No ,No,Online,19-Aug-2020 11:00 AM,Orissa Lift Irrigation Corporation||LI Southern Circle Berhampur||LI Division Phulbani,Kandhamal,762001.0,1.0,"20,32,000",PALAU SETHI,"1,870,000",Accepted-AOC,29-Apr-2022,Orissa Lift Irrigation Corporation||LI Southern Circle Berhampur||LI Division Phulbani,C2_Irrigation,irrigation|lift irrigation,Mitigation,False,False
2020_OLIC_62015_3,02/2020-21 OLIC (PLB),02/03/20-21,Installation and Energisation of Bariguda-II RL Lift Irrigation Project under Baliguda Block in Kandhamal District,Works,Open Tender,Percentage,Civil Works - Lift Irrigation Schemes,No,No,NA ,20-Jul-2020 11:00 AM,NA ,365.0,No ,No,Online,19-Aug-2020 11:00 AM,Orissa Lift Irrigation Corporation||LI Southern Circle Berhampur||LI Division Phulbani,Kandhamal,762001.0,1.0,"17,50,000",Bighnesh Kumar Agrawalla,"1,750,000",Accepted-AOC,29-Apr-2022,Orissa Lift Irrigation Corporation||LI Southern Circle Berhampur||LI Division Phulbani,C2_Irrigation,irrigation|lift irrigation,Mitigation,False,False
2020_OLIC_62015_7,02/2020-21 OLIC (PLB),02/07/20-21,Installation and energisation of Nadapatanga RL Lift Irrigation Project under Baliguda Block in Kandhamal District,Works,Open Tender,Percentage,Civil Works - Lift Irrigation Schemes,No,No,NA ,20-Jul-2020 11:00 AM,NA ,365.0,No ,No,Online,19-Aug-2020 11:00 AM,Orissa Lift Irrigation Corporation||LI Southern Circle Berhampur||LI Division Phulbani,Kandhamal,762001.0,1.0,"17,77,000",Bighnesh Kumar Agrawalla,"1,727,000",Accepted-AOC,29-Apr-2022,Orissa Lift Irrigation Corporation||LI Southern Circle Berhampur||LI Division Phulbani,C2_Irrigation,irrigation|lift irrigation,Mitigation,False,False
2020_OLIC_65099_1,9453/30.12.2020,Procurement of Control Panel with DOL starter 3.00 HP,Procurement of Control Panel with DOL starter 3.00 HP,Goods,National Competitive Bid,Item Rate,Miscellaneous Goods,No,No,NA ,02-Jan-2021 10:00 AM,NA ,730.0,No ,No,Online,29-Jan-2021 11:00 AM,Orissa Lift Irrigation Corporation,BHUBANESWAR,751012.0,2.0,,BCH Electric Limited,"4,353.02",Accepted-AOC,07-Apr-2022,Orissa Lift Irrigation Corporation,C2_Irrigation,irrigation|lift irrigation,Unknown,False,False
2020_ORULB_61665_10,03/SMC_SBP/2020-21,Development of Open Space to Liveable Habitat under JAGA Mission at Kadam Mal,Development of Open Space to Liveable Habitat under JAGA Mission at Kadam Mal,Works,Open Tender,Percentage,Civil Works - Others,No,No,NA ,22-Jun-2020 11:00 AM,NA ,120.0,No ,No,Online,08-Jul-2020 11:00 AM,Municipal Bodies||Sambalpur Municipal Corporation,Sambalpur,768001.0,1.0,"4,48,618",BIBHUTIBHUSHAN PANDA,"448,617.84",Accepted-AOC,30-Apr-2022,Municipal Bodies||Sambalpur Municipal Corporation,C8_Scheme,jaga mission,Mitigation,False,False
2020_ORULB_61665_7,03/SMC_SBP/2020-21,Development of Open Space to Liveable Habitat under JAGA Mission at Nuabandha Pada,Development of Open Space to Liveable Habitat under JAGA Mission at Nuabandha Pada,Works,Open Tender,Percentage,Civil Works - Others,No,No,NA ,22-Jun-2020 11:00 AM,NA ,120.0,No ,No,Online,08-Jul-2020 11:00 AM,Municipal Bodies||Sambalpur Municipal Corporation,Sambalpur,768001.0,1.0,"7,06,214",BIBHUTIBHUSHAN PANDA,"706,213.87",Accepted-AOC,30-Apr-2022,Municipal Bodies||Sambalpur Municipal Corporation,C8_Scheme,jaga mission,Mitigation,False,False
2020_ORULB_61665_8,03/SMC_SBP/2020-21,Development of Open Space to Liveable Habitat under JAGA Mission at Remed village,Development of Open Space to Liveable Habitat under JAGA Mission at Remed village,Works,Open Tender,Percentage,Civil Works - Others,No,No,NA ,22-Jun-2020 11:00 AM,NA ,120.0,No ,No,Online,08-Jul-2020 11:00 AM,Municipal Bodies||Sambalpur Municipal Corporation,Sambalpur,768001.0,1.0,"6,06,213",BIBHUTIBHUSHAN PANDA,"606,213.28",Accepted-AOC,30-Apr-2022,Municipal Bodies||Sambalpur Municipal Corporation,C8_Scheme,jaga mission,Mitigation,False,False
2021_CEMIB_74897_1,NCB/OR/DRIP/SMIC-04 / 2021-22,IMPROVEMENT TO JAGATAGHAI MIP RESERVOIR AT MARIDI IN BEGUNIAPADA BLOCK UNDER DRIP PHASE II,IMPROVEMENT TO JAGATAGHAI MIP RESERVOIR AT MARIDI IN BEGUNIAPADA BLOCK UNDER DRIP PHASE II,Works,National Competitive Bid,Item Rate,Civil Works - Others,No,No,NA ,25-Dec-2021 03:00 PM,07-Jan-2022 11:30 AM ,90.0,No ,No,Online,27-Jan-2022 12:30 PM,"CE,Minor Irrigation,BBSR||SESMIC-BERHAMPUR",BEGUNIAPADA,761031.0,2.0,"2,75,00,000",G.Gopal Rao Dora,"25,539,299.93",Accepted-AOC,02-Apr-2022,"CE,Minor Irrigation,BBSR||SESMIC-BERHAMPUR",C1_WaterConservation|C2_Irrigation,irrigation|minor irrigation|mip,Mitigation,False,False
2021_CERWI_73377_29,RWD-CTC-10-2021-22,S/R to a.Construction of S.B. over Mendhakhai on N.H.5 (Govindpur) to Champapur via Anandabazar road b. Construction of Bridge over H.L. Canal at 1.500 Km. on Sanachancho Badachancho road in the District of Cuttack for the year 2021-22,S/R to a.Construction of S.B. over Mendhakhai on N.H.5 (Govindpur) to Champapur via Anandabazar road b. Construction of Bridge over H.L. Canal at 1.500 Km. on Sanachancho Badachancho road in the District of Cuttack for the year 2021-22,Works,Open Tender,Percentage,Civil Works - Bridges,No,No,NA ,03-Dec-2021 05:00 PM,NA ,90.0,No ,No,Online,10-Dec-2021 11:00 AM,CE RW I||RWCIRCLE-CUTTACK||RWDIVISION-CUTTACK,"O/O THE S.E., R.W.DIVISION, CUTTACK",753004.0,1.0,"3,63,206",Alekha Chandra Bastia,"308,761",Accepted-AOC,14-Apr-2022,CE RW I||RWCIRCLE-CUTTACK||RWDIVISION-CUTTACK,C2_Irrigation,canal,DamageResponse,False,False
2021_CERWI_73377_31,RWD-CTC-10-2021-22,S/R to (a). H.L. Bridge over river Kandal at 4th Km. on Patasundarpur Badamulei road (b). H.L. Bridge over river Prachi on Adaspur to Banamalipur Road (c). H.L. Bridge over river Chhinda on R.D. Road to Patrakana (d). Const. of Bridge over Telejodi N,S/R to (a). H.L. Bridge over river Kandal at 4th Km. on Patasundarpur Badamulei road (b). H.L. Bridge over river Prachi on Adaspur to Banamalipur Road (c). H.L. Bridge over river Chhinda on R.D. Road to Patrakana (d). Const. of Bridge over Telejodi N,Works,Open Tender,Percentage,Civil Works - Bridges,No,No,NA ,03-Dec-2021 05:00 PM,NA ,90.0,No ,No,Online,10-Dec-2021 11:00 AM,CE RW I||RWCIRCLE-CUTTACK||RWDIVISION-CUTTACK,"O/O THE S.E., R.W.DIVISION, CUTTACK",753004.0,1.0,"14,68,431",ARABINDA MOHANTY,"1,248,313",Accepted-AOC,13-Apr-2022,CE RW I||RWCIRCLE-CUTTACK||RWDIVISION-CUTTACK,C2_Irrigation,lip,DamageResponse,False,False
2021_DFBRG_73499_10,FOR DFO BGH No.06 of 2021-22.,Construction of Check Dam at C.A. Plantation Gundichadihi of Padampur Range,Check Dam,Works,Open Tender,Percentage,Civil Works - Others,No,No,NA ,06-Dec-2021 11:00 AM,NA ,90.0,No ,No,Online,21-Dec-2021 11:30 AM,Forest Environment and Climate Change Department||RCCF Sambalpur||DFO Baragarh,Bargarh,768028.0,1.0,"1,77,836",KUNALA DEBATA,"151,178",Accepted-AOC,28-Apr-2022,Forest Environment and Climate Change Department||RCCF Sambalpur||DFO Baragarh,C1_WaterConservation,check dam,Unknown,False,False
2021_DFBRG_73499_12,FOR DFO BGH No.06 of 2021-22.,Construction of Check Dam at C.A. Plantation Palsani of Padampur Range,Check Dam,Works,Open Tender,Percentage,Civil Works - Others,No,No,NA ,06-Dec-2021 11:00 AM,NA ,90.0,No ,No,Online,21-Dec-2021 11:30 AM,Forest Environment and Climate Change Department||RCCF Sambalpur||DFO Baragarh,Bargarh,768028.0,1.0,"1,06,602",KUNALA DEBATA,"90,622",Accepted-AOC,28-Apr-2022,Forest Environment and Climate Change Department||RCCF Sambalpur||DFO Baragarh,C1_WaterConservation,check dam,Unknown,False,False
2021_DFBRG_73499_15,FOR DFO BGH No.06 of 2021-22.,Construction of Check Dam at ANR Plantation Jaipur of Bhatli Range,Check Dam,Works,Open Tender,Percentage,Civil Works - Others,No,No,NA ,06-Dec-2021 11:00 AM,NA ,90.0,No ,No,Online,21-Dec-2021 11:30 AM,Forest Environment and Climate Change Department||RCCF Sambalpur||DFO Baragarh,Bargarh,768028.0,1.0,"2,18,046",DIPANJALI BEHERA,"185,360",Accepted-AOC,28-Apr-2022,Forest Environment and Climate Change Department||RCCF Sambalpur||DFO Baragarh,C1_WaterConservation,check dam,Unknown,False,False
2021_DFBRG_73499_37,FOR DFO BGH No.06 of 2021-22.,20. Construction of Check Dam (9.00)m at ANR Plantation Rangiatikira of Bhatli Range for the year 2021-22,Check Dam,Works,Open Tender,Percentage,Civil Works - Others,No,No,NA ,15-Dec-2021 11:00 AM,NA ,90.0,No ,No,Online,21-Dec-2021 11:30 AM,Forest Environment and Climate Change Department||RCCF Sambalpur||DFO Baragarh,Bargarh,768028.0,1.0,"5,45,202",GITANJALI PRADHAN,"463,476",Accepted-AOC,28-Apr-2022,Forest Environment and Climate Change Department||RCCF Sambalpur||DFO Baragarh,C1_WaterConservation,check dam,Unknown,False,False
2021_DFBRG_73499_38,FOR DFO BGH No.06 of 2021-22.,21. Construction of Check Dam (10.00)m at ANR Plantation Badmal of Bhatli Range for the year 2021-22,Check Dam,Works,Open Tender,Percentage,Civil Works - Others,No,No,NA ,15-Dec-2021 11:00 AM,NA ,90.0,No ,No,Online,21-Dec-2021 11:30 AM,Forest Environment and Climate Change Department||RCCF Sambalpur||DFO Baragarh,Bargarh,768028.0,1.0,"5,45,171",GITANJALI PRADHAN,"463,450",Accepted-AOC,29-Apr-2022,Forest Environment and Climate Change Department||RCCF Sambalpur||DFO Baragarh,C1_WaterConservation,check dam,Unknown,False,False
2021_DFBRG_73499_8,FOR DFO BGH No.06 of 2021-22.,Construction of Check Dam at C.A. Plantation Ambahal- 1 of Padampur Range,Check Dam,Works,Open Tender,Percentage,Civil Works - Others,No,No,NA ,06-Dec-2021 11:00 AM,NA ,90.0,No ,No,Online,21-Dec-2021 11:30 AM,Forest Environment and Climate Change Department||RCCF Sambalpur||DFO Baragarh,Bargarh,768028.0,1.0,"3,02,127",ASIT KUMAR PANIGRAHI,"256,837",Accepted-AOC,27-Apr-2022,Forest Environment and Climate Change Department||RCCF Sambalpur||DFO Baragarh,C1_WaterConservation,check dam,Unknown,False,False
2021_GWSI_67177_1,NHP/OD-GW/PZM/2020-21/08,Construction of Piezometer Bore Well,Construction Of Piezometers Bore Wells Three Hundred Nos With Platform and Protection Box,Works,Open Tender,Item Rate,Civil Works - Others,No,No,NA ,16-Mar-2021 11:00 AM,30-Mar-2021 11:30 AM ,90.0,No ,No,Offline,16-Apr-2021 03:00 PM,Ground Water Survey and Investigation,Different locations all over Odisha,751012.0,2.0,"2,95,82,000",Ajay Kumar Agrawal,"33,202,835",Accepted-AOC,26-Apr-2022,Ground Water Survey and Investigation,C2_Irrigation|C3_Drought,bore well|ground water,Mitigation,False,False
2021_OLIC_73387_1,3830_20_11_2021,Package_1_Drilling,Installation of 12NOs 200mm dia Medium Tube Wells and Deep Tubewells at Jajpur and Dasarathpur Block,Works,Open Tender,Percentage,Mechanical Works,No,No,NA ,03-Dec-2021 10:00 AM,NA ,180.0,No ,No,Online,10-Dec-2021 11:00 AM,"Orissa Lift Irrigation Corporation||LI,Central Circle, Cuttack||LI Division Jajpur Road",Jajpur Road,755019.0,2.0,"71,58,987",D SIVAKUMAR (Prop-Shree Saravana Bore Well),"8,178,427",Accepted-AOC,18-Apr-2022,"Orissa Lift Irrigation Corporation||LI,Central Circle, Cuttack||LI Division Jajpur Road",C2_Irrigation,irrigation|lift irrigation|tube well,Mitigation,False,False
2021_OLIC_73387_2,3830_20_11_2021,Package_2_Drilling,Installation of 19NOs 200mm dia Medium Tube Wells and Deep Tubewells at Bari Dharmasala Rasulpur Koei and Binjharpur Block,Works,Open Tender,Percentage,Mechanical Works,No,No,NA ,03-Dec-2021 10:00 AM,NA ,180.0,No ,No,Online,10-Dec-2021 11:00 AM,"Orissa Lift Irrigation Corporation||LI,Central Circle, Cuttack||LI Division Jajpur Road",Jajpur Road,755019.0,2.0,"72,84,098",D SIVAKUMAR (Prop-Shree Saravana Bore Well),"7,742,122",Accepted-AOC,18-Apr-2022,"Orissa Lift Irrigation Corporation||LI,Central Circle, Cuttack||LI Division Jajpur Road",C2_Irrigation,irrigation|lift irrigation|tube well,Mitigation,False,False
2021_OLIC_74829_10,4067_21_12_2021,Jajpur III 17,Installation of 200 mm dia Medium Deep Tube Wells and Deep Tube Wells 17Nos in Jajpur,Works,Open Tender,Percentage,Mechanical Works,No,No,NA ,24-Dec-2021 10:00 AM,NA ,180.0,No ,No,Online,07-Jan-2022 11:00 AM,"Orissa Lift Irrigation Corporation||LI,Central Circle, Cuttack||LI Division Jajpur Road",Jajpur Road,755019.0,2.0,"68,95,716",D SIVAKUMAR (Prop-Shree Saravana Bore Well),"7,337,814",Accepted-AOC,18-Apr-2022,"Orissa Lift Irrigation Corporation||LI,Central Circle, Cuttack||LI Division Jajpur Road",C2_Irrigation,irrigation|lift irrigation|tube well,Mitigation,False,False
2021_OLIC_74829_6,4067_21_12_2021,Dasarathpur and Bari 11,Installation of 200 mm dia Medium Deep Tube Wells and Deep Tube Wells 11Nos in Dasarathpur and Bari,Works,Open Tender,Percentage,Mechanical Works,No,No,NA ,24-Dec-2021 10:00 AM,NA ,180.0,No ,No,Online,07-Jan-2022 11:00 AM,"Orissa Lift Irrigation Corporation||LI,Central Circle, Cuttack||LI Division Jajpur Road",Jajpur Road,755019.0,2.0,"85,47,936",D SIVAKUMAR (Prop-Shree Saravana Bore Well),"9,765,162",Accepted-AOC,18-Apr-2022,"Orissa Lift Irrigation Corporation||LI,Central Circle, Cuttack||LI Division Jajpur Road",C2_Irrigation,irrigation|lift irrigation|tube well,Mitigation,False,False
2021_OLIC_74829_7,4067_21_12_2021,Bari and Binjharpur 9,Installation of 200 mm dia Medium Deep Tube Wells and Deep Tube Wells 9Nos in Bari and Binjharpur,Works,Open Tender,Percentage,Mechanical Works,No,No,NA ,24-Dec-2021 10:00 AM,NA ,180.0,No ,No,Online,07-Jan-2022 11:00 AM,"Orissa Lift Irrigation Corporation||LI,Central Circle, Cuttack||LI Division Jajpur Road",Jajpur Road,755019.0,2.0,"81,43,249",D SIVAKUMAR (Prop-Shree Saravana Bore Well),"9,302,848",Accepted-AOC,18-Apr-2022,"Orissa Lift Irrigation Corporation||LI,Central Circle, Cuttack||LI Division Jajpur Road",C2_Irrigation,irrigation|lift irrigation|tube well,Mitigation,False,False
2021_OLIC_74829_8,4067_21_12_2021,Jajpur I 12,Installation of 200 mm dia Medium Deep Tube Wells and Deep Tube Wells 12Nos in Jajpur,Works,Open Tender,Percentage,Mechanical Works,No,No,NA ,24-Dec-2021 10:00 AM,NA ,180.0,No ,No,Online,07-Jan-2022 11:00 AM,"Orissa Lift Irrigation Corporation||LI,Central Circle, Cuttack||LI Division Jajpur Road",Jajpur Road,755019.0,2.0,"57,21,309",D SIVAKUMAR (Prop-Shree Saravana Bore Well),"6,407,866",Accepted-AOC,18-Apr-2022,"Orissa Lift Irrigation Corporation||LI,Central Circle, Cuttack||LI Division Jajpur Road",C2_Irrigation,irrigation|lift irrigation|tube well,Mitigation,False,False
2021_OMECL_71105_1,11/OMECL/e-PROC/2021,Engagement of Strategic Technical Consultant (STC) for providing services related to Technical Supervision and Quality Assurance / Quality Control (QA / QC) for mineral resource mapping to OMECL,Engagement of Strategic Technical Consultant (STC) for providing services related to Technical Supervision and Quality Assurance / Quality Control (QA / QC) for mineral resource mapping to Odisha Mineral Exploration Corporation Ltd,Services,Open Tender,Item Rate,Human Resources Supply,No,No,NA ,15-Sep-2021 02:00 PM,04-Oct-2021 11:00 AM ,180.0,No ,No,Online,23-Nov-2021 03:30 PM,Odisha Mineral Exploration Corporation Limited,"Bhubaneswar, Odisha",751001.0,2.0,,IDPEX PVT LTD,"324,575,000",Accepted-AOC,19-Apr-2022,Odisha Mineral Exploration Corporation Limited,C1_WaterConservation,mit,Mitigation,False,False
2021_OPEPA_73500_102,DPCSNG/07/SS of 2021-22,Improvement of Infrastructure Civil Electrical PH Repair Renovation in the SchoolPANCHAYAT HIGH SCHOOL KULIPOSHunderLAHUNIPARA,Improvement of Infrastructure Civil Electrical PH Repair Renovation in the SchoolPANCHAYAT HIGH SCHOOL KULIPOSHunderLAHUNIPARA,Works,Open Tender,Percentage,Civil Works - Buildings,No,No,NA ,07-Dec-2021 09:00 AM,NA ,90.0,No ,No,Online,22-Dec-2021 09:00 AM,OPEPA Bhubaneswar||Samagra Shiksha Sundargarh,SUNDARGARH,770001.0,2.0,"2,45,77,216",ABHISHEK KALIPRASANNA PUHAN,"22,119,494.87",Accepted-AOC,25-Apr-2022,OPEPA Bhubaneswar||Samagra Shiksha Sundargarh,C2_Irrigation,lip,DamageResponse,False,False
2021_OPEPA_73500_55,DPCSNG/07/SS of 2021-22,Improvement of Infrastructure Civil Electrical PH Repair Renovation in the SchoolPATALKAND GOVT UPPER PRIMARY SCHOOL underBIRMITRAPUR MPL,Improvement of Infrastructure Civil Electrical PH Repair Renovation in the SchoolPATALKAND GOVT UPPER PRIMARY SCHOOL underBIRMITRAPUR MPL,Works,Open Tender,Percentage,Civil Works - Buildings,No,No,NA ,07-Dec-2021 09:00 AM,NA ,90.0,No ,No,Online,22-Dec-2021 09:00 AM,OPEPA Bhubaneswar||Samagra Shiksha Sundargarh,SUNDARGARH,770001.0,2.0,"49,00,274",ARUN KUMAR SUNANI,"4,410,737.22",Accepted-AOC,25-Apr-2022,OPEPA Bhubaneswar||Samagra Shiksha Sundargarh,C1_WaterConservation,mit,DamageResponse,False,False
2021_OPEPA_73500_99,DPCSNG/07/SS of 2021-22,Improvement of Infrastructure Civil Electrical PH Repair Renovation in the SchoolKULIPOSH NODAL UPPER PRIMARY SCHOOLunderLAHUNIPARA,Improvement of Infrastructure Civil Electrical PH Repair Renovation in the SchoolKULIPOSH NODAL UPPER PRIMARY SCHOOLunderLAHUNIPARA,Works,Open Tender,Percentage,Civil Works - Buildings,No,No,NA ,07-Dec-2021 09:00 AM,NA ,90.0,No ,No,Online,22-Dec-2021 09:00 AM,OPEPA Bhubaneswar||Samagra Shiksha Sundargarh,SUNDARGARH,770001.0,2.0,"2,83,60,261",ABHISHEK KALIPRASANNA PUHAN,"25,524,235.13",Accepted-AOC,25-Apr-2022,OPEPA Bhubaneswar||Samagra Shiksha Sundargarh,C2_Irrigation,lip,DamageResponse,False,False
2021_ORULB_69229_4,SNGM-07/2021-22,Improvement of Paver Block road and Drain near Tube Well at Bichhutunguri in ward no 11,Improvement of Paver Block road and Drain near Tube Well at Bichhutunguri in ward no 11,Works,Open Tender,Percentage,Civil Works - Others,No,No,NA ,22-Jun-2021 11:00 AM,NA ,120.0,No ,No,Online,02-Jul-2021 11:00 AM,Municipal Bodies||Sundargarh Municipality,SUNDARGARH MUNICIPALITY,770001.0,1.0,,MANISH KUMAR PUJARI,"641,946.7",Accepted-AOC,07-Apr-2022,Municipal Bodies||Sundargarh Municipality,C2_Irrigation,tube well,Mitigation,False,False
2021_PHEO_71373_1,EICPH-04/2021-22 Dt.22.09.2021,Water Supply to Bijepur Town,"Intake Well with Pump House, Raw Water Rising Main, WTP, Clear Water Rising Main, ESR, GSR, Pump House, Distribution Main with House Service Connection, External and Internal Electrification, Substation, etc.",Works,National Competitive Bid,Percentage,Civil Works - Water Works,No,No,NA ,29-Sep-2021 11:00 AM,NA ,120.0,No ,No,Online,29-Oct-2021 11:00 AM,PHEO,"Bijepur NAC, Baragarh District",768032.0,2.0,"12,52,64,000",BALDEV PANDA,"110,720,502",Accepted-AOC,13-Apr-2022,PHEO,C2_Irrigation,gsr,Unknown,False,False
2021_STSCD_73313_22,ITDAPAN-04/2021-22,Construction of Community Centre of Sarna Puja sthal Uditnagar under Rourkela RMC,Construction of Community Centre of Sarna Puja sthal Uditnagar under Rourkela RMC,Works,National Competitive Bid,Percentage,Civil Works - Others,No,No,NA ,14-Dec-2021 10:00 AM,NA ,90.0,No ,No,Online,22-Dec-2021 11:00 AM,ST and SC Development Deptt||ITDA Panposh,"ITDA, PANPOSH",769012.0,2.0,,BIKRANT SAHOO,"1,503,749",Accepted-AOC,22-Apr-2022,ST and SC Development Deptt||ITDA Panposh,C2_Irrigation|C8_Scheme,omm|rmc,Mitigation,False,False
2021_STSCD_73313_23,ITDAPAN-04/2021-22,"Construction of Community Centre of Oram Samaj, Orampara, Uditnagar under Rourkela Municipal Corporation , RMC","Construction of Community Centre of Oram Samaj, Orampara, Uditnagar under Rourkela Municipal Corporation , RMC",Works,National Competitive Bid,Percentage,Civil Works - Others,No,No,NA ,14-Dec-2021 10:00 AM,NA ,90.0,No ,No,Online,22-Dec-2021 11:00 AM,ST and SC Development Deptt||ITDA Panposh,"ITDA, PANPOSH",769012.0,2.0,,BIKRANT SAHOO,"796,736",Accepted-AOC,22-Apr-2022,ST and SC Development Deptt||ITDA Panposh,C2_Irrigation|C8_Scheme,omm|rmc,Mitigation,False,False
2022_EICCL_76214_1,Bid Identification No-SE-RandB-SNG-39 OF 2021-22,Construction of Eye Care Unit (Vision Centre ) under SUNETRA at CHC Mangaspur in the District of Sundargarh,Construction of Eye Care Unit (Vision Centre ) under SUNETRA at CHC Mangaspur in the District of Sundargarh,Works,Open Tender,Percentage,Civil Works - Buildings,No,No,NA ,08-Mar-2022 10:00 AM,NA ,90.0,No ,No,Online,22-Mar-2022 11:00 AM,EIC-CIVIL||SERNB-CIRCLE-KEONJHAR||EERNB-DIVN-SUNDERGARH,sundargarh,770001.0,1.0,"9,15,433",SUNIL KUMAR NAIK,"823,981",Accepted-AOC,07-Apr-2022,EIC-CIVIL||SERNB-CIRCLE-KEONJHAR||EERNB-DIVN-SUNDERGARH,C7_PostHarvestSupply,chc,Mitigation,False,False
2022_OLIC_75822_2,4180_31_12_2021,Package II,Installation of 75Nos Shallow Tube Wells and Yeild test under Jalanidhi II Scheme in Jajpur District,Works,Open Tender,Percentage,Mechanical Works,No,No,NA ,15-Jan-2022 10:00 AM,NA ,180.0,No ,No,Online,31-Jan-2022 11:00 AM,"Orissa Lift Irrigation Corporation||LI,Central Circle, Cuttack||LI Division Jajpur Road",Jajpur Road,755019.0,2.0,"98,59,950",D SIVAKUMAR (Prop-Shree Saravana Bore Well),"11,374,438",Accepted-AOC,18-Apr-2022,"Orissa Lift Irrigation Corporation||LI,Central Circle, Cuttack||LI Division Jajpur Road",C2_Irrigation,irrigation|lift irrigation|tube well,Mitigation,False,False
2022_ORULB_75480_12,SNP-MUN-10/2021-22,Construction of Paver road and drain from Laxman Naik house to community center in Ward No.5 Sonepur Municipality,Construction of Paver road and drain from Laxman Naik house to community center in Ward No.5 Sonepur Municipality,Works,Open Tender,Percentage,Civil Works - Roads,No,No,NA ,06-Jan-2022 11:00 AM,NA ,270.0,No ,No,Online,17-Jan-2022 11:00 AM,Municipal Bodies||Sonepur Municipal Council,SONEPUR MUNICIPALITY,767017.0,1.0,"2,68,143",Iswara Chandra Mallik,"268,116.65",Accepted-AOC,08-Apr-2022,Municipal Bodies||Sonepur Municipal Council,C8_Scheme,omm,Mitigation,False,False
2018_CERWI_50932_1,Road Online NCB No.239,"Periodical Maintenance of 5Yrs. Completed PMGSY Roads-A-Kusumita to Talakampadihi, B-Nuagan to Hatikucha, C- NH-215 to Jogimatha, D-Patung to Kalanda, E-P.W.D Road to Kanchandumuria in the District of Keonjhar.","Periodical Maintenance of 5Yrs. Completed PMGSY Roads-A-Kusumita to Talakampadihi, B-Nuagan to Hatikucha, C- NH-215 to Jogimatha, D-Patung to Kalanda, E-P.W.D Road to Kanchandumuria in the District of Keonjhar.",Works,National Competitive Bid,Percentage,Civil Works - Roads,No,No,NA ,20-Nov-2018 05:00 PM,NA ,90.0,No ,No,Online,10-Dec-2018 11:00 AM,CE RW I||RWCIRCLE-KEONJHAR,KEONJHAR,758001.0,2.0,"92,29,000",HAREKRISHNA NAYAK,"9,690,332.02",Accepted-AOC,15-Feb-2021,CE RW I||RWCIRCLE-KEONJHAR,C1_WaterConservation,mit,Unknown,False,False
2020_CERWI_58872_2,Tender Online Divn. BBSR-9/2019-20,Construction of Labour room at Malipada under Khordha Block for the year 2019-20.,Construction of Labour room at Malipada under Khordha Block for the year 2019-20.,Works,Open Tender,Percentage,Civil Works - Buildings,No,No,NA ,13-Jan-2020 04:00 PM,NA ,90.0,No ,No,Online,27-Jan-2020 11:00 AM,CE RW I||RWCIRCLE-BHUBANESWAR||RWDIVISION-BHUBANESWAR,E.E. R.W. Divn. Bhubaneswar,751013.0,1.0,"16,29,000",BICHITRA KUMAR SUBUDHI,"1,372,035",Accepted-AOC,01-Feb-2021,CE RW I||RWCIRCLE-BHUBANESWAR||RWDIVISION-BHUBANESWAR,C2_Irrigation,lip,Mitigation,False,False
2020_OLIC_63546_18,1601_28_10_2020,Bhuluka-IV TW,Installation Energisation and Revival of Lift Irrigation Projects on turnkey basis for the Bhuluka-IV TW project at Barachana Block in Jajpur District,Works,Open Tender,Percentage,Civil Works - Lift Irrigation Schemes,No,No,NA ,12-Nov-2020 10:00 AM,NA ,180.0,No ,No,Online,21-Nov-2020 11:00 AM,"Orissa Lift Irrigation Corporation||LI,Central Circle, Cuttack||LI Division Jajpur Road",Jajpur Road,755019.0,2.0,"16,88,176",ANIL KUMAR MOHANTY,"1,435,118.42",Accepted-AOC,24-Feb-2021,"Orissa Lift Irrigation Corporation||LI,Central Circle, Cuttack||LI Division Jajpur Road",C2_Irrigation|C3_Drought,irrigation|lift irrigation|revival|tw ,Mitigation,False,False
2020_OLIC_63546_40,1601_28_10_2020,Kalayanpur Extn RL,Installation Energisation and Revival of Lift Irrigation Projects on turnkey basis for the Kalayanpur Extn RL project at Binjharpur Block in Jajpur District,Works,Open Tender,Percentage,Civil Works - Lift Irrigation Schemes,No,No,NA ,12-Nov-2020 10:00 AM,NA ,180.0,No ,No,Online,21-Nov-2020 11:00 AM,"Orissa Lift Irrigation Corporation||LI,Central Circle, Cuttack||LI Division Jajpur Road",Jajpur Road,755019.0,2.0,,BHARAT KUMAR SAHOO,"1,498,866.15",Accepted-AOC,24-Feb-2021,"Orissa Lift Irrigation Corporation||LI,Central Circle, Cuttack||LI Division Jajpur Road",C2_Irrigation|C3_Drought,irrigation|lift irrigation|revival,Mitigation,False,False
2020_OMC_59443_2,NIT-4/OMC/Civil/2020,"Provision of wall panelling to community centre at OMC Colony, Unit-8, Bhubaneswar.","Provision of wall panelling to community centre at OMC Colony, Unit-8, Bhubaneswar.",Works,Open Tender,Percentage,Civil Works - Buildings,No,No,NA ,03-Feb-2020 05:00 PM,NA ,180.0,No ,No,Online,13-Feb-2020 11:00 AM,Orissa Mining Corporation,Bhubaneswar,751012.0,2.0,"8,78,000",CHITTARANJAN MUDULI,"745,933.95",Accepted-AOC,01-Feb-2021,Orissa Mining Corporation,C8_Scheme,omm,Mitigation,False,False
2018_OLIC_48589_17,12/2018-19,Installation and energisation of Rudrapur-III L.I Project,Installation and energisation of Rudrapur-III L.I Project,Works,Open Tender,Item Rate,Civil Works - Lift Irrigation Schemes,No,No,NA ,14-Aug-2018 04:00 PM,NA ,90.0,No ,No,Online,01-Sep-2018 11:00 AM,"Orissa Lift Irrigation Corporation||LI,Central Circle, Cuttack||LI Division Cuttack",Tangi Choudwar Block,753007.0,2.0,"7,85,000",DEBENDRA KUMAR BEHERA,7.15,Accepted-AOC,04-Mar-2022,"Orissa Lift Irrigation Corporation||LI,Central Circle, Cuttack||LI Division Cuttack",C2_Irrigation,irrigation|lift irrigation,Mitigation,False,False
2018_OLIC_48589_2,12/2018-19,Installation and energisation of Kurumchain(R) L.I Project,Installation and energisation of Kurumchain(R) L.I Project,Works,Open Tender,Item Rate,Civil Works - Lift Irrigation Schemes,No,No,NA ,14-Aug-2018 11:00 AM,NA ,90.0,No ,No,Online,01-Sep-2018 11:00 AM,"Orissa Lift Irrigation Corporation||LI,Central Circle, Cuttack||LI Division Cuttack",Banki-I Block,753007.0,2.0,"20,72,000",DEBENDRA KUMAR BEHERA,17.61,Accepted-AOC,04-Mar-2022,"Orissa Lift Irrigation Corporation||LI,Central Circle, Cuttack||LI Division Cuttack",C2_Irrigation,irrigation|lift irrigation,Mitigation,False,False
2018_OLIC_48589_3,12/2018-19,Installation and energisation of Bilitentulia L.I Project,Installation and energisation of Bilitentulia L.I Project,Works,Open Tender,Item Rate,Civil Works - Lift Irrigation Schemes,No,No,NA ,14-Aug-2018 11:00 AM,NA ,90.0,No ,No,Online,01-Sep-2018 11:00 AM,"Orissa Lift Irrigation Corporation||LI,Central Circle, Cuttack||LI Division Cuttack",Athagarh Block,753007.0,2.0,"24,05,000",DEBENDRA KUMAR BEHERA,20.44,Accepted-AOC,04-Mar-2022,"Orissa Lift Irrigation Corporation||LI,Central Circle, Cuttack||LI Division Cuttack",C2_Irrigation,irrigation|lift irrigation,Mitigation,False,False
2021_CEBBU_70556_7,BID-02/2021-22 (Online),Construction of of right side C.C. guard wall of Water Course offtaking at R.D. 33476.18 mt. right of Godbhaga Distributary from R.D. 570.00 mt. to R.D. 785mt.and both side C.C. guard wall with bed lining from RD.785M. to 1285M. under Critical Lump,Construction of of right side C.C. guard wall of Water Course offtaking at R.D. 33476.18 mt. right of Godbhaga Distributary from R.D. 570.00 mt. to R.D. 785mt.and both side C.C. guard wall with bed lining from RD.785M. to 1285M. under Critical Lump,Works,Open Tender,Percentage,Civil Works - Canal,No,No,NA ,25-Aug-2021 11:00 AM,NA ,90.0,No ,No,Online,09-Sep-2021 11:00 AM,"CE-BM,UM Basin,Burla||SE,Hirakud Dam Circle,Burla||EE Additional Spillway Division Hirakud",Godbhaga,768111.0,1.0,"8,28,221",Bikkina Narasimha murthy,"704,071",Accepted-AOC,19-Mar-2022,"CE-BM,UM Basin,Burla||SE,Hirakud Dam Circle,Burla||EE Additional Spillway Division Hirakud",C2_Irrigation,distributary,Mitigation,False,False
2021_CEBMB_70639_1,"ACE,RBB-07/2021-22","Improvement to Left Main Canal, Minor and Sub minors of Baghalati Irrigation Project under NABARD Assistance RIDF-XXVI.","Improvement to Left Main Canal, Minor and Sub minors of Baghalati Irrigation Project under NABARD Assistance RIDF-XXVI.",Works,National Competitive Bid,Percentage,Civil Works - Others,No,No,NA ,31-Aug-2021 10:00 AM,NA ,90.0,No ,No,Online,16-Sep-2021 11:30 AM,"CE-BM,RVN Basin,Berhampur||S.E. Southern Irr. Circle I Berhampur",Digapahandi,761012.0,2.0,"8,89,32,172",Anup Kumar Dash,"75,601,240",Accepted-AOC,21-Mar-2022,"CE-BM,RVN Basin,Berhampur||S.E. Southern Irr. Circle I Berhampur",C2_Irrigation|C8_Scheme,canal|irrigation|nabard|ridf,Mitigation,False,False
2021_CEBMB_74081_1,"ACE,RBB-16/2021-22",Construction of trough wall from RD9680m to 9850m of Nuagaon Distributary under Rushikulya Irrigation System.,Construction of trough wall from RD9680m to 9850m of Nuagaon Distributary under Rushikulya Irrigation System.,Works,National Competitive Bid,Percentage,Civil Works - Others,No,No,NA ,14-Dec-2021 10:00 AM,NA ,90.0,No ,No,Online,30-Dec-2021 11:30 AM,"CE-BM,RVN Basin,Berhampur||S.E. Southern Irr. Circle I Berhampur",Bhanjanagar,761126.0,2.0,"5,36,49,578",BIJAYA KUMAR MAHAPATRO,"48,289,985",Accepted-AOC,14-Mar-2022,"CE-BM,RVN Basin,Berhampur||S.E. Southern Irr. Circle I Berhampur",C2_Irrigation,distributary|irrigation,Mitigation,False,False
2021_CEBMB_74081_2,"ACE,RBB-16/2021-22",Construction of Nuagaon Distributary from RD9850m to 14942m ( Tail) under Rushikulya Irrigation System.,Construction of Nuagaon Distributary from RD9850m to 14942m ( Tail) under Rushikulya Irrigation System.,Works,National Competitive Bid,Percentage,Civil Works - Others,No,No,NA ,14-Dec-2021 10:00 AM,NA ,90.0,No ,No,Online,30-Dec-2021 11:30 AM,"CE-BM,RVN Basin,Berhampur||S.E. Southern Irr. Circle I Berhampur",Bhanjanagar,761126.0,2.0,"5,04,92,731",M/S PADMA CHARAN SAMANTARA AND SONS,"45,448,507",Accepted-AOC,14-Mar-2022,"CE-BM,RVN Basin,Berhampur||S.E. Southern Irr. Circle I Berhampur",C2_Irrigation,distributary|irrigation,Mitigation,False,False
2021_CELBB_74393_10,JKID-04 OF 2021-22,Sl.No.10-Breach closing to Hatasahi Ganeshpatana Gherry on Brahmani left for the year 2022-23,"Earth work, moorum work and turfing work",Works,National Competitive Bid,Percentage,Civil Works - Others,No,No,NA ,20-Dec-2021 10:00 AM,NA ,90.0,No ,No,Online,29-Dec-2021 11:00 AM,"CE-BM,LMB Basin,BBSR||SE, Eastern Circle,Cuttack||EE,Jaraka Irr Division, Jaraka",Jaraka,755050.0,1.0,"8,40,960",ANJUM NIGAR SULTANA,"714,900",Accepted-AOC,02-Mar-2022,"CE-BM,LMB Basin,BBSR||SE, Eastern Circle,Cuttack||EE,Jaraka Irr Division, Jaraka",C2_Irrigation,irr ,Unknown,False,False
2021_CEMIB_69390_11,EE-MID-PDP-05/2021-22,Repair to Khuntpalikata MIP in Gaisilat Block of Bargarh District under Green Climate Fund.,Repair to Khuntpalikata MIP in Gaisilat Block of Bargarh District under Green Climate Fund.,Works,Open Tender,Percentage,Civil Works - Water Works,No,No,NA ,28-Jun-2021 10:00 AM,NA ,90.0,No ,No,Online,07-Jul-2021 10:00 AM,"CE,Minor Irrigation,BBSR||SENMIC-SAMBALPUR||PADAMPUR",PADAMPUR,768036.0,1.0,,CHANDRAKANTI SAHU,"454,884.46",Accepted-AOC,23-Mar-2022,"CE,Minor Irrigation,BBSR||SENMIC-SAMBALPUR||PADAMPUR",C1_WaterConservation|C2_Irrigation,irrigation|minor irrigation|mip,DamageResponse,False,False
2021_CEMIB_69390_15,EE-MID-PDP-05/2021-22,Repair to Gheebandhkata MIP in Bargarh Block of Bargarh District under Green Climate Fund.,Repair to Gheebandhkata MIP in Bargarh Block of Bargarh District under Green Climate Fund.,Works,Open Tender,Percentage,Civil Works - Water Works,No,No,NA ,28-Jun-2021 10:00 AM,NA ,90.0,No ,No,Online,07-Jul-2021 10:00 AM,"CE,Minor Irrigation,BBSR||SENMIC-SAMBALPUR||PADAMPUR",PADAMPUR,768036.0,1.0,,JAGADISH SAHU,"341,262.95",Accepted-AOC,23-Mar-2022,"CE,Minor Irrigation,BBSR||SENMIC-SAMBALPUR||PADAMPUR",C1_WaterConservation|C2_Irrigation,irrigation|minor irrigation|mip,DamageResponse,False,False
2021_CEMIB_69390_2,EE-MID-PDP-05/2021-22,Repair to Darpaninalla MIP in Gaisilat Block of Bargarh District under Green Climate Fund.,Repair to Darpaninalla MIP in Gaisilat Block of Bargarh District under Green Climate Fund.,Works,Open Tender,Percentage,Civil Works - Water Works,No,No,NA ,28-Jun-2021 10:00 AM,NA ,90.0,No ,No,Online,07-Jul-2021 10:00 AM,"CE,Minor Irrigation,BBSR||SENMIC-SAMBALPUR||PADAMPUR",PADAMPUR,768036.0,1.0,,CHANDRAKANTI SAHU,"303,607.27",Accepted-AOC,21-Mar-2022,"CE,Minor Irrigation,BBSR||SENMIC-SAMBALPUR||PADAMPUR",C1_WaterConservation|C2_Irrigation,irrigation|minor irrigation|mip,DamageResponse,False,False
2021_CEMIB_69390_3,EE-MID-PDP-05/2021-22,Repair to Sarkarikata MIP in Gaisilat Block of Bargarh District under Green Climate Fund.,Repair to Sarkarikata MIP in Gaisilat Block of Bargarh District under Green Climate Fund.,Works,Open Tender,Percentage,Civil Works - Water Works,No,No,NA ,28-Jun-2021 10:00 AM,NA ,90.0,No ,No,Online,07-Jul-2021 10:00 AM,"CE,Minor Irrigation,BBSR||SENMIC-SAMBALPUR||PADAMPUR",PADAMPUR,768036.0,1.0,,CHANDRAKANTI SAHU,"303,583.28",Accepted-AOC,21-Mar-2022,"CE,Minor Irrigation,BBSR||SENMIC-SAMBALPUR||PADAMPUR",C1_WaterConservation|C2_Irrigation,irrigation|minor irrigation|mip,DamageResponse,False,False
2021_CEMIB_69390_4,EE-MID-PDP-05/2021-22,Repair to Malkennalla MIP in Gaisilat Block of Bargarh District under Green Climate Fund.,Repair to Malkennalla MIP in Gaisilat Block of Bargarh District under Green Climate Fund.,Works,Open Tender,Percentage,Civil Works - Water Works,No,No,NA ,28-Jun-2021 10:00 AM,NA ,90.0,No ,No,Online,07-Jul-2021 10:00 AM,"CE,Minor Irrigation,BBSR||SENMIC-SAMBALPUR||PADAMPUR",PADAMPUR,768036.0,1.0,,CHANDRAKANTI SAHU,"303,568.55",Accepted-AOC,21-Mar-2022,"CE,Minor Irrigation,BBSR||SENMIC-SAMBALPUR||PADAMPUR",C1_WaterConservation|C2_Irrigation,irrigation|minor irrigation|mip,DamageResponse,False,False
2021_CEMIB_69390_6,EE-MID-PDP-05/2021-22,Repair to Anilabhata MIP in Gaisilat Block of Bargarh District under Green Climate Fund.,Repair to Anilabhata MIP in Gaisilat Block of Bargarh District under Green Climate Fund.,Works,Open Tender,Percentage,Civil Works - Water Works,No,No,NA ,28-Jun-2021 10:00 AM,NA ,90.0,No ,No,Online,07-Jul-2021 10:00 AM,"CE,Minor Irrigation,BBSR||SENMIC-SAMBALPUR||PADAMPUR",PADAMPUR,768036.0,1.0,,CHANDRAKANTI SAHU,"455,054.35",Accepted-AOC,21-Mar-2022,"CE,Minor Irrigation,BBSR||SENMIC-SAMBALPUR||PADAMPUR",C1_WaterConservation|C2_Irrigation,irrigation|minor irrigation|mip,DamageResponse,False,False
2021_CEMIB_69390_8,EE-MID-PDP-05/2021-22,Repair to Kundakhaikata MIP in Gaisilat Block of Bargarh District under Green Climate Fund.,Repair to Kundakhaikata MIP in Gaisilat Block of Bargarh District under Green Climate Fund.,Works,Open Tender,Percentage,Civil Works - Water Works,No,No,NA ,28-Jun-2021 10:00 AM,NA ,90.0,No ,No,Online,07-Jul-2021 10:00 AM,"CE,Minor Irrigation,BBSR||SENMIC-SAMBALPUR||PADAMPUR",PADAMPUR,768036.0,1.0,,GOBARDHAN PADHAN,"441,543.7",Accepted-AOC,23-Mar-2022,"CE,Minor Irrigation,BBSR||SENMIC-SAMBALPUR||PADAMPUR",C1_WaterConservation|C2_Irrigation,irrigation|minor irrigation|mip,DamageResponse,False,False
2021_CEMIB_69390_9,EE-MID-PDP-05/2021-22,Repair to Talpalikata MIP in Gaisilat Block of Bargarh District under Green Climate Fund.,Repair to Talpalikata MIP in Gaisilat Block of Bargarh District under Green Climate Fund.,Works,Open Tender,Percentage,Civil Works - Water Works,No,No,NA ,28-Jun-2021 10:00 AM,NA ,90.0,No ,No,Online,07-Jul-2021 10:00 AM,"CE,Minor Irrigation,BBSR||SENMIC-SAMBALPUR||PADAMPUR",PADAMPUR,768036.0,1.0,,CHANDRAKANTI SAHU,"151,581.27",Accepted-AOC,23-Mar-2022,"CE,Minor Irrigation,BBSR||SENMIC-SAMBALPUR||PADAMPUR",C1_WaterConservation|C2_Irrigation,irrigation|minor irrigation|mip,DamageResponse,False,False
2021_CEMIB_70245_1,Online/02/BGR MID/2021-22,Improvement to Dunguripali MIP in Agalpur Block of Balangir District under G.C.F. Grant 2021-22.,Improvement to Dunguripali MIP in Agalpur Block of Balangir District under G.C.F. Grant 2021-22.,Works,Open Tender,Percentage,Civil Works - Water Works,No,No,NA ,10-Aug-2021 12:00 PM,NA ,90.0,No ,No,Online,23-Aug-2021 10:00 AM,"CE,Minor Irrigation,BBSR||SEKBKMIC-BHAWANIPATNA||BOLANGIR",BALANGIR,767001.0,1.0,,CHANDRAKANTA MISHRA,"382,443",Accepted-AOC,25-Mar-2022,"CE,Minor Irrigation,BBSR||SEKBKMIC-BHAWANIPATNA||BOLANGIR",C1_WaterConservation|C2_Irrigation,irrigation|minor irrigation|mip,Mitigation,False,False
2021_CEMIB_70245_12,Online/02/BGR MID/2021-22,Improvement to Arjunpur MIP in Deogaon Block of Balangir District under G.C.F. Grant 2021-22.,Improvement to Arjunpur MIP in Deogaon Block of Balangir District under G.C.F. Grant 2021-22.,Works,Open Tender,Percentage,Civil Works - Water Works,No,No,NA ,10-Aug-2021 12:00 PM,NA ,90.0,No ,No,Online,23-Aug-2021 10:00 AM,"CE,Minor Irrigation,BBSR||SEKBKMIC-BHAWANIPATNA||BOLANGIR",BALANGIR,767001.0,1.0,,GANGADHAR SAHU,"306,643",Accepted-AOC,25-Mar-2022,"CE,Minor Irrigation,BBSR||SEKBKMIC-BHAWANIPATNA||BOLANGIR",C1_WaterConservation|C2_Irrigation,irrigation|minor irrigation|mip,Mitigation,False,False
2021_CEMIB_70245_15,Online/02/BGR MID/2021-22,Improvement to Dangarmunda MIP in Deogaon Block of Balangir District under G.C.F. Grant 2021-22.,Improvement to Dangarmunda MIP in Deogaon Block of Balangir District under G.C.F. Grant 2021-22.,Works,Open Tender,Percentage,Civil Works - Water Works,No,No,NA ,10-Aug-2021 12:00 PM,NA ,90.0,No ,No,Online,23-Aug-2021 10:00 AM,"CE,Minor Irrigation,BBSR||SEKBKMIC-BHAWANIPATNA||BOLANGIR",BALANGIR,767001.0,1.0,,BIKASH PATEL,"305,911",Accepted-AOC,25-Mar-2022,"CE,Minor Irrigation,BBSR||SEKBKMIC-BHAWANIPATNA||BOLANGIR",C1_WaterConservation|C2_Irrigation,irrigation|minor irrigation|mip,Mitigation,False,False
2021_CEMIB_70245_22,Online/02/BGR MID/2021-22,Improvement to Pipirda MIP in Puintala Block of Balangir District under G.C.F. Grant 2021-22.,Improvement to Pipirda MIP in Puintala Block of Balangir District under G.C.F. Grant 2021-22.,Works,Open Tender,Percentage,Civil Works - Water Works,No,No,NA ,10-Aug-2021 12:00 PM,NA ,90.0,No ,No,Online,23-Aug-2021 10:00 AM,"CE,Minor Irrigation,BBSR||SEKBKMIC-BHAWANIPATNA||BOLANGIR",BALANGIR,767001.0,1.0,,BIBEKA NANDA MISHRA,"358,817",Accepted-AOC,25-Mar-2022,"CE,Minor Irrigation,BBSR||SEKBKMIC-BHAWANIPATNA||BOLANGIR",C1_WaterConservation|C2_Irrigation,irrigation|minor irrigation|mip,Mitigation,False,False
2021_CEMIB_70245_23,Online/02/BGR MID/2021-22,Improvement to Nuapali MIP in Puintala Block of Balangir District under G.C.F. Grant 2021-22.,Improvement to Nuapali MIP in Puintala Block of Balangir District under G.C.F. Grant 2021-22.,Works,Open Tender,Percentage,Civil Works - Water Works,No,No,NA ,10-Aug-2021 12:00 PM,NA ,90.0,No ,No,Online,23-Aug-2021 10:00 AM,"CE,Minor Irrigation,BBSR||SEKBKMIC-BHAWANIPATNA||BOLANGIR",BALANGIR,767001.0,1.0,,BIBEKA NANDA MISHRA,"358,660",Accepted-AOC,25-Mar-2022,"CE,Minor Irrigation,BBSR||SEKBKMIC-BHAWANIPATNA||BOLANGIR",C1_WaterConservation|C2_Irrigation,irrigation|minor irrigation|mip,Mitigation,False,False
2021_CEMIB_70245_29,Online/02/BGR MID/2021-22,Improvement to Junapadar MIP in Puintala Block of Balangir District under G.C.F. Grant 2021-22.,Improvement to Junapadar MIP in Puintala Block of Balangir District under G.C.F. Grant 2021-22.,Works,Open Tender,Percentage,Civil Works - Water Works,No,No,NA ,10-Aug-2021 12:00 PM,NA ,90.0,No ,No,Online,23-Aug-2021 10:00 AM,"CE,Minor Irrigation,BBSR||SEKBKMIC-BHAWANIPATNA||BOLANGIR",BALANGIR,767001.0,1.0,,JANMENJAYA SATAPATHY,"358,648",Accepted-AOC,25-Mar-2022,"CE,Minor Irrigation,BBSR||SEKBKMIC-BHAWANIPATNA||BOLANGIR",C1_WaterConservation|C2_Irrigation,irrigation|minor irrigation|mip,Mitigation,False,False
2021_CEMIB_70245_7,Online/02/BGR MID/2021-22,Improvement to Mursingh MIP in Deogaon Block of Balangir District under G.C.F. Grant 2021-22.,Improvement to Mursingh MIP in Deogaon Block of Balangir District under G.C.F. Grant 2021-22.,Works,Open Tender,Percentage,Civil Works - Water Works,No,No,NA ,10-Aug-2021 12:00 PM,NA ,90.0,No ,No,Online,23-Aug-2021 10:00 AM,"CE,Minor Irrigation,BBSR||SEKBKMIC-BHAWANIPATNA||BOLANGIR",BALANGIR,767001.0,1.0,,BIBEKA NANDA MISHRA,"382,541",Accepted-AOC,25-Mar-2022,"CE,Minor Irrigation,BBSR||SEKBKMIC-BHAWANIPATNA||BOLANGIR",C1_WaterConservation|C2_Irrigation,irrigation|minor irrigation|mip,Mitigation,False,False
2021_CEMIB_74767_1,EE MID SNG 07/2021-22,Balance work of Renovation of Sidarkanta at Tapria in Hemgir Block of Sundargarh District under DMF Grant.,Balance work of Renovation of Sidarkanta at Tapria in Hemgir Block of Sundargarh District under DMF Grant.,Works,Open Tender,Percentage,Civil Works - Others,No,No,NA ,27-Dec-2021 10:00 AM,NA ,90.0,No ,No,Online,06-Jan-2022 11:00 AM,"CE,Minor Irrigation,BBSR||SENMIC-SAMBALPUR||SUNDARGARH",HEMGIR BLOCK,770001.0,1.0,,FIROJ KUMAR SINIANI,"1,894,443.96",Accepted-AOC,08-Mar-2022,"CE,Minor Irrigation,BBSR||SENMIC-SAMBALPUR||SUNDARGARH",C2_Irrigation,irrigation|minor irrigation,Unknown,False,False
2021_CERWI_73997_17,Tender Online Divn. BBSR - 38 / 2021-22,Construction of Bridge over river Prachi at 0/800Km on KBC Right Embankment at Niali to Meladanda road.,Construction of Bridge over river Prachi at 0/800Km on KBC Right Embankment at Niali to Meladanda road.,Works,Open Tender,Percentage,Civil Works - Bridges,No,No,NA ,11-Dec-2021 06:30 PM,NA ,90.0,No ,No,Online,18-Dec-2021 11:00 AM,CE RW I||RWCIRCLE-BHUBANESWAR||RWDIVISION-BHUBANESWAR,E.E. R.W. Divn. BBSR,751013.0,1.0,"4,46,000",HRUDANANDA MISHRA,"378,331",Accepted-AOC,04-Mar-2022,CE RW I||RWCIRCLE-BHUBANESWAR||RWDIVISION-BHUBANESWAR,C4_FloodCyclone,embankment,Mitigation,False,False
2021_EICCL_75117_3,Bid Identification No-SE-RandB-SNG-35 OF 2021-22,Construction of Eye Care Unit (Vision Centre ) under SUNETRA at CHC Kutra in the District of Sundargarh,Construction of Eye Care Unit (Vision Centre ) under SUNETRA at CHC Kutra in the District of Sundargarh,Works,Open Tender,Percentage,Civil Works - Buildings,No,No,NA ,29-Dec-2021 10:00 AM,NA ,90.0,No ,No,Online,07-Jan-2022 11:00 AM,EIC-CIVIL||SERNB-CIRCLE-KEONJHAR||EERNB-DIVN-SUNDERGARH,Sundargarh,770001.0,1.0,"11,72,332",ALOK KUMAR AGRAWAL,"1,090,151.33",Accepted-AOC,21-Mar-2022,EIC-CIVIL||SERNB-CIRCLE-KEONJHAR||EERNB-DIVN-SUNDERGARH,C7_PostHarvestSupply,chc,Mitigation,False,False
2021_OCTDM_70009_10,OIIPCRA-W2-1/2021,Construction of Civil CADWM Works of Satabandha Manykyapur Minor Irrigation Projects in GanajamDistrict,Construction of Civil CADWM Works of Satabandha Manykyapur Minor Irrigation Projects in Khallikote Block of GanajamDistrict,Works,National Competitive Bid,Item Rate,Civil Works - Others,No,No,NA ,31-Jul-2021 10:00 AM,10-Aug-2021 11:00 AM ,90.0,No ,No,Both(Online/Offline),01-Sep-2021 03:30 PM,Orissa Community Tank Development and Management Society,Khallikote,761030.0,2.0,,DEBASIS PATI,"6,996,182.1",Accepted-AOC,11-Mar-2022,Orissa Community Tank Development and Management Society,C2_Irrigation|C8_Scheme,irrigation|minor irrigation|omm,Mitigation,False,False
2021_OCTDM_70009_11,OIIPCRA-W2-1/2021,Construction of Civil CADWM Works of Singibandha Minor Irrigation Projects in Ganjam District,Construction of Civil CADWM Works of Singibandha Minor Irrigation Projects in Khallikote Block of Ganjam District,Works,National Competitive Bid,Item Rate,Civil Works - Others,No,No,NA ,31-Jul-2021 10:00 AM,10-Aug-2021 11:00 AM ,90.0,No ,No,Both(Online/Offline),01-Sep-2021 03:30 PM,Orissa Community Tank Development and Management Society,Khallikote,761030.0,2.0,,BALARAM DALAI,"4,956,925.61",Accepted-AOC,11-Mar-2022,Orissa Community Tank Development and Management Society,C2_Irrigation|C8_Scheme,irrigation|minor irrigation|omm,Mitigation,False,False
2021_OCTDM_70009_17,OIIPCRA-W2-1/2021,Construction of Civil CADWM Works of Chakratirtha Minor Irrigation Projects in KeonjharDistrict,Construction of Civil CADWM Works of Chakratirtha Minor Irrigation Projects in Anandapur Block of KeonjharDistrict,Works,National Competitive Bid,Item Rate,Civil Works - Others,No,No,NA ,31-Jul-2021 10:00 AM,10-Aug-2021 11:00 AM ,90.0,No ,No,Both(Online/Offline),01-Sep-2021 03:30 PM,Orissa Community Tank Development and Management Society,Anandapur,758021.0,2.0,,SHASADHAR BISWAL,"17,593,546.29",Accepted-AOC,11-Mar-2022,Orissa Community Tank Development and Management Society,C2_Irrigation|C8_Scheme,irrigation|minor irrigation|omm,Mitigation,False,False
2021_OCTDM_70009_19,OIIPCRA-W2-1/2021,Construction of Civil CADWM Works of Baiganbadia Minor Irrigation Projects in Mayurbhanja District,Construction of Civil CADWM Works of Baiganbadia Minor Irrigation Projects in Barasahi Block of Mayurbhanja District,Works,National Competitive Bid,Item Rate,Civil Works - Others,No,No,NA ,31-Jul-2021 10:00 AM,10-Aug-2021 11:00 AM ,90.0,No ,No,Both(Online/Offline),01-Sep-2021 03:30 PM,Orissa Community Tank Development and Management Society,Barasahi,757026.0,2.0,,SRI BANSHIDHAR PANDA,"17,136,670.28",Accepted-AOC,11-Mar-2022,Orissa Community Tank Development and Management Society,C2_Irrigation|C8_Scheme,irrigation|minor irrigation|omm,Mitigation,False,False
2021_OCTDM_70009_20,OIIPCRA-W2-1/2021,Construction of Civil CADWM Works of Kathapal Minor Irrigation Projects in Mayurbhanja District,Construction of Civil CADWM Works of Kathapal Minor Irrigation Projects inBaripada Mayurbhanja District,Works,National Competitive Bid,Item Rate,Civil Works - Others,No,No,NA ,31-Jul-2021 10:00 AM,10-Aug-2021 11:00 AM ,90.0,No ,No,Both(Online/Offline),01-Sep-2021 03:30 PM,Orissa Community Tank Development and Management Society,Baripada,757001.0,2.0,,KISHORE CHANDRA ROUT,"14,895,627.62",Accepted-AOC,11-Mar-2022,Orissa Community Tank Development and Management Society,C2_Irrigation|C8_Scheme,irrigation|minor irrigation|omm,Mitigation,False,False
2021_OCTDM_70009_9,OIIPCRA-W2-1/2021,"Construction of Civil CADWM Works of Kalangighai, Kalanjipalli Minor Irrigation Projects in Ganjam District","Construction of Civil CADWM Works of Kalangighai, Kalanjipalli Minor Irrigation Projects inKhallikote Block of Ganjam District",Works,National Competitive Bid,Item Rate,Civil Works - Others,No,No,NA ,31-Jul-2021 10:00 AM,10-Aug-2021 11:00 AM ,90.0,No ,No,Both(Online/Offline),01-Sep-2021 03:30 PM,Orissa Community Tank Development and Management Society,Khallikote,761030.0,2.0,,DEBASIS PATI,"8,614,123.45",Accepted-AOC,11-Mar-2022,Orissa Community Tank Development and Management Society,C2_Irrigation|C8_Scheme,irrigation|minor irrigation|omm,Mitigation,False,False
2021_OLIC_66026_10,203/LID/KDP/2021,BADAMOHANPUR-II RL,Installation and Energisation of L.I.Projects,Works,Open Tender,Percentage,Civil Works - Lift Irrigation Schemes,No,No,NA ,10-Feb-2021 11:00 AM,NA ,90.0,No ,No,Online,22-Feb-2021 11:00 AM,"Orissa Lift Irrigation Corporation||LI,Central Circle, Cuttack||LI Division Kendrapara",Pattamundai,754211.0,1.0,,HEMANTA KUMAR SAMAL,"1,635,325",Accepted-AOC,04-Mar-2022,"Orissa Lift Irrigation Corporation||LI,Central Circle, Cuttack||LI Division Kendrapara",C2_Irrigation,irrigation|l.i.|lift irrigation,Mitigation,False,False
2021_OLIC_74544_14,e-Procurement Notice Bid ID 15 EELID (KJA/2020-21),New Installation and Energisation including power supply work of NB Pokharia-II LIP under Bisoi block in Mayurbhanj District,New Construction of Head works Distribution System and energization including Power supply work of NB Pokharia-II LIP under Bisoi block in Mayurbhanj District,Works,National Competitive Bid,Percentage,Civil Works - Lift Irrigation Schemes,No,No,NA ,21-Dec-2021 10:00 AM,NA ,365.0,No ,No,Online,31-Dec-2021 11:00 AM,Orissa Lift Irrigation Corporation||LI BALASORE||LI Division Karanjia,Karanjia,757037.0,1.0,"23,41,645",ALOKA KUMAR BHUYAN,"2,341,645.04",Accepted-AOC,17-Mar-2022,Orissa Lift Irrigation Corporation||LI BALASORE||LI Division Karanjia,C2_Irrigation,irrigation|lift irrigation|lip,Mitigation,False,False
2021_OLIC_74544_36,e-Procurement Notice Bid ID 15 EELID (KJA/2020-21),New Installation and Energisation including power supply work of Bhadusole-II LIP under Jashipur block in Mayurbhanj District,New Construction of Head works Distribution System and energization including Power supply work of Bhadusole-II LIP under Jashipur block in Mayurbhanj District,Works,National Competitive Bid,Percentage,Civil Works - Lift Irrigation Schemes,No,No,NA ,21-Dec-2021 10:00 AM,NA ,365.0,No ,No,Online,31-Dec-2021 11:00 AM,Orissa Lift Irrigation Corporation||LI BALASORE||LI Division Karanjia,Karanjia,757037.0,1.0,"24,32,653",GIRISH DWIBEDY,"2,432,653.31",Accepted-AOC,17-Mar-2022,Orissa Lift Irrigation Corporation||LI BALASORE||LI Division Karanjia,C2_Irrigation,irrigation|lift irrigation|lip,Mitigation,False,False
2021_OLIC_74544_38,e-Procurement Notice Bid ID 15 EELID (KJA/2020-21),New Installation and Energisation including power supply work of Podagarh-III LIP under Jashipur block in Mayurbhanj District,New Construction of Head works Distribution System and energization including Power supply work of Podagarh-III LIP under Jashipur block in Mayurbhanj District,Works,National Competitive Bid,Percentage,Civil Works - Lift Irrigation Schemes,No,No,NA ,21-Dec-2021 10:00 AM,NA ,365.0,No ,No,Online,31-Dec-2021 11:00 AM,Orissa Lift Irrigation Corporation||LI BALASORE||LI Division Karanjia,Karanjia,757037.0,1.0,"25,12,191",MADHUMITA NAYAK,"2,512,191.1",Accepted-AOC,21-Mar-2022,Orissa Lift Irrigation Corporation||LI BALASORE||LI Division Karanjia,C2_Irrigation,irrigation|lift irrigation|lip,Mitigation,False,False
2021_OLIC_74544_41,e-Procurement Notice Bid ID 15 EELID (KJA/2020-21),New Installation and Energisation including power supply work of Kankadani-III LIP under Jashipur block in Mayurbhanj District,New Construction of Head works Distribution System and energization including Power supply work of Kankadani-III LIP under Jashipur block in Mayurbhanj District,Works,National Competitive Bid,Percentage,Civil Works - Lift Irrigation Schemes,No,No,NA ,21-Dec-2021 10:00 AM,NA ,365.0,No ,No,Online,31-Dec-2021 11:00 AM,Orissa Lift Irrigation Corporation||LI BALASORE||LI Division Karanjia,Karanjia,757037.0,1.0,"24,87,931",DAYANIDHI KABI,"2,487,930.7",Accepted-AOC,21-Mar-2022,Orissa Lift Irrigation Corporation||LI BALASORE||LI Division Karanjia,C2_Irrigation,irrigation|lift irrigation|lip,Mitigation,False,False
2021_OLIC_74544_48,e-Procurement Notice Bid ID 15 EELID (KJA/2020-21),New Installation and Energisation including power supply work of Uttarash-III LIP under Jashipur block in Mayurbhanj District,New Construction of Head works Distribution System and energization including Power supply work of Uttarash-III LIP under Jashipur block in Mayurbhanj District,Works,National Competitive Bid,Percentage,Civil Works - Lift Irrigation Schemes,No,No,NA ,21-Dec-2021 10:00 AM,NA ,365.0,No ,No,Online,31-Dec-2021 11:00 AM,Orissa Lift Irrigation Corporation||LI BALASORE||LI Division Karanjia,Karanjia,757037.0,1.0,"25,18,703",KAMALAKANTA DAS,"2,518,703.12",Accepted-AOC,21-Mar-2022,Orissa Lift Irrigation Corporation||LI BALASORE||LI Division Karanjia,C2_Irrigation,irrigation|lift irrigation|lip,Mitigation,False,False
2021_OLIC_74544_49,e-Procurement Notice Bid ID 15 EELID (KJA/2020-21),New Installation and Energisation including power supply work of Khadikudar-I LIP under Karanjia block in Mayurbhanj District,New Construction of Head works Distribution System and energization including Power supply work of Khadikudar-I LIP under Karanjia block in Mayurbhanj District,Works,National Competitive Bid,Percentage,Civil Works - Lift Irrigation Schemes,No,No,NA ,21-Dec-2021 10:00 AM,NA ,365.0,No ,No,Online,31-Dec-2021 11:00 AM,Orissa Lift Irrigation Corporation||LI BALASORE||LI Division Karanjia,Karanjia,757037.0,1.0,"30,05,175",AMALENDU NAYAK,"3,005,174.66",Accepted-AOC,21-Mar-2022,Orissa Lift Irrigation Corporation||LI BALASORE||LI Division Karanjia,C2_Irrigation,irrigation|lift irrigation|lip,Mitigation,False,False
2021_OLIC_74544_51,e-Procurement Notice Bid ID 15 EELID (KJA/2020-21),New Installation and Energisation including power supply work of Palasia-V LIP under Karanjia block in Mayurbhanj District,New Construction of Head works Distribution System and energization including Power supply work of Palasia-V LIP under Karanjia block in Mayurbhanj District,Works,National Competitive Bid,Percentage,Civil Works - Lift Irrigation Schemes,No,No,NA ,21-Dec-2021 10:00 AM,NA ,365.0,No ,No,Online,31-Dec-2021 11:00 AM,Orissa Lift Irrigation Corporation||LI BALASORE||LI Division Karanjia,Karanjia,757037.0,1.0,"30,09,247",BINOD BIHARI SAHU,"3,009,246.84",Accepted-AOC,21-Mar-2022,Orissa Lift Irrigation Corporation||LI BALASORE||LI Division Karanjia,C2_Irrigation,irrigation|lift irrigation|lip,Mitigation,False,False
2021_OLIC_74544_6,e-Procurement Notice Bid ID 15 EELID (KJA/2020-21),New Installation and Energisation including power supply work of Khandabandha LIP under Bahalda block in Mayurbhanj District,New Construction of Head works Distribution System and energization including Power supply work of Khandabandha LIP under Bahalda block in Mayurbhanj District,Works,National Competitive Bid,Percentage,Civil Works - Lift Irrigation Schemes,No,No,NA ,21-Dec-2021 10:00 AM,NA ,365.0,No ,No,Online,31-Dec-2021 11:00 AM,Orissa Lift Irrigation Corporation||LI BALASORE||LI Division Karanjia,Karanjia,757037.0,1.0,"25,45,778",AJAY KUMAR GIRI,"2,545,777.56",Accepted-AOC,17-Mar-2022,Orissa Lift Irrigation Corporation||LI BALASORE||LI Division Karanjia,C2_Irrigation,irrigation|lift irrigation|lip,Mitigation,False,False
2021_OLIC_74544_60,e-Procurement Notice Bid ID 15 EELID (KJA/2020-21),New Installation and Energisation including power supply work of Bakedihi LIP under Kusumi block in Mayurbhanj District,New Construction of Head works Distribution System and energization including Power supply work of Bakedihi LIP under Kusumi block in Mayurbhanj District,Works,National Competitive Bid,Percentage,Civil Works - Lift Irrigation Schemes,No,No,NA ,21-Dec-2021 10:00 AM,NA ,365.0,No ,No,Online,31-Dec-2021 11:00 AM,Orissa Lift Irrigation Corporation||LI BALASORE||LI Division Karanjia,Karanjia,757037.0,1.0,"29,88,560",BARENDRA KRISHNA MATAGAJSINGH,"2,988,559.99",Accepted-AOC,21-Mar-2022,Orissa Lift Irrigation Corporation||LI BALASORE||LI Division Karanjia,C2_Irrigation,irrigation|lift irrigation|lip,Mitigation,False,False
2021_OLIC_74544_64,e-Procurement Notice Bid ID 15 EELID (KJA/2020-21),New Installation and Energisation including power supply work of Aharbandha-II and Aharbandha-III LIP under Kusumi block in Mayurbhanj District,New Construction of Head works Distribution System and energization including Power supply work of Aharbandha-II and Aharbandha-III LIP under Kusumi block in Mayurbhanj District,Works,National Competitive Bid,Percentage,Civil Works - Lift Irrigation Schemes,No,No,NA ,21-Dec-2021 10:00 AM,NA ,365.0,No ,No,Online,31-Dec-2021 11:00 AM,Orissa Lift Irrigation Corporation||LI BALASORE||LI Division Karanjia,Karanjia,757037.0,1.0,"46,66,413",AMALENDU NAYAK,"4,666,413.24",Accepted-AOC,21-Mar-2022,Orissa Lift Irrigation Corporation||LI BALASORE||LI Division Karanjia,C2_Irrigation,irrigation|lift irrigation|lip,Mitigation,False,False
2021_OLIC_74544_66,e-Procurement Notice Bid ID 15 EELID (KJA/2020-21),New Installation and Energisation including power supply work of Jhipabandha-I LIP under Kusumi block in Mayurbhanj District,New Construction of Head works Distribution System and energization including Power supply work of Jhipabandha-I LIP under Kusumi block in Mayurbhanj District,Works,National Competitive Bid,Percentage,Civil Works - Lift Irrigation Schemes,No,No,NA ,21-Dec-2021 10:00 AM,NA ,365.0,No ,No,Online,31-Dec-2021 11:00 AM,Orissa Lift Irrigation Corporation||LI BALASORE||LI Division Karanjia,Karanjia,757037.0,1.0,"44,79,985",KAMALAKANTA DAS,"4,256,433.939",Accepted-AOC,21-Mar-2022,Orissa Lift Irrigation Corporation||LI BALASORE||LI Division Karanjia,C2_Irrigation,irrigation|lift irrigation|lip,Mitigation,False,False
2021_OLIC_74544_67,e-Procurement Notice Bid ID 15 EELID (KJA/2020-21),New Installation and Energisation including power supply work of Jhipabandha-II LIP under Kusumi block in Mayurbhanj District,New Construction of Head works Distribution System and energization including Power supply work of Jhipabandha-II LIP under Kusumi block in Mayurbhanj District,Works,National Competitive Bid,Percentage,Civil Works - Lift Irrigation Schemes,No,No,NA ,21-Dec-2021 10:00 AM,NA ,365.0,No ,No,Online,31-Dec-2021 11:00 AM,Orissa Lift Irrigation Corporation||LI BALASORE||LI Division Karanjia,Karanjia,757037.0,1.0,"23,15,941",GIRISH DWIBEDY,"2,315,940.92",Accepted-AOC,17-Mar-2022,Orissa Lift Irrigation Corporation||LI BALASORE||LI Division Karanjia,C2_Irrigation,irrigation|lift irrigation|lip,Mitigation,False,False
2021_OLIC_74544_85,e-Procurement Notice Bid ID 15 EELID (KJA/2020-21),New Installation and Energisation including power supply work of Righa-IV LIP under Raruan block in Mayurbhanj District,New Construction of Head works Distribution System and energisation including Power supply work of Righa-IV LIP under Raruan block in Mayurbhanj District,Works,National Competitive Bid,Percentage,Civil Works - Lift Irrigation Schemes,No,No,NA ,21-Dec-2021 10:00 AM,NA ,365.0,No ,No,Online,31-Dec-2021 11:00 AM,Orissa Lift Irrigation Corporation||LI BALASORE||LI Division Karanjia,Karanjia,757037.0,1.0,"25,03,853",AJAY KUMAR GIRI,"2,503,852.73",Accepted-AOC,21-Mar-2022,Orissa Lift Irrigation Corporation||LI BALASORE||LI Division Karanjia,C2_Irrigation,irrigation|lift irrigation|lip,Mitigation,False,False
2021_OLIC_74544_88,e-Procurement Notice Bid ID 15 EELID (KJA/2020-21),New Installation and Energisation including power supply work of Tilusahi-II LIP under Raruan block in Mayurbhanj District,New Construction of Head works Distribution System and energisation including Power supply work of Tilusahi-II LIP under Raruan block in Mayurbhanj District,Works,National Competitive Bid,Percentage,Civil Works - Lift Irrigation Schemes,No,No,NA ,21-Dec-2021 11:00 AM,NA ,365.0,No ,No,Online,31-Dec-2021 11:00 AM,Orissa Lift Irrigation Corporation||LI BALASORE||LI Division Karanjia,Karanjia,757037.0,1.0,"25,06,054",MANO RANJAN BEHERA,"2,506,053.79",Accepted-AOC,17-Mar-2022,Orissa Lift Irrigation Corporation||LI BALASORE||LI Division Karanjia,C2_Irrigation,irrigation|lift irrigation|lip,Mitigation,False,False
2021_OLIC_74544_89,e-Procurement Notice Bid ID 15 EELID (KJA/2020-21),New Installation and Energisation including power supply work of Bharadaposi-I LIP under Raruan block in Mayurbhanj District,New Construction of Head works Distribution System and energisation including Power supply work of Bharadaposi-I LIP under Raruan block in Mayurbhanj District,Works,National Competitive Bid,Percentage,Civil Works - Lift Irrigation Schemes,No,No,NA ,21-Dec-2021 11:00 AM,NA ,365.0,No ,No,Online,31-Dec-2021 11:00 AM,Orissa Lift Irrigation Corporation||LI BALASORE||LI Division Karanjia,Karanjia,757037.0,1.0,"24,79,938",GIRISH DWIBEDY,"2,479,938.24",Accepted-AOC,17-Mar-2022,Orissa Lift Irrigation Corporation||LI BALASORE||LI Division Karanjia,C2_Irrigation,irrigation|lift irrigation|lip,Mitigation,False,False
2021_OLIC_74544_92,e-Procurement Notice Bid ID 15 EELID (KJA/2020-21),New Installation and Energisation including power supply work of Kashipal-I LIP under Sukruli block in Mayurbhanj District,New Construction of Head works Distribution System and energisation including Power supply work of Kashipal-I LIP under Sukruli block in Mayurbhanj District,Works,National Competitive Bid,Percentage,Civil Works - Lift Irrigation Schemes,No,No,NA ,21-Dec-2021 11:00 AM,NA ,365.0,No ,No,Online,31-Dec-2021 11:00 AM,Orissa Lift Irrigation Corporation||LI BALASORE||LI Division Karanjia,Karanjia,757037.0,1.0,"30,13,028",MANORANJAN BHOL,"3,013,027.63",Accepted-AOC,17-Mar-2022,Orissa Lift Irrigation Corporation||LI BALASORE||LI Division Karanjia,C2_Irrigation,irrigation|lift irrigation|lip,Mitigation,False,False
2021_OLIC_74544_98,e-Procurement Notice Bid ID 15 EELID (KJA/2020-21),New Installation and Energisation including power supply work of Goudiabahali-II LIP under Thakurmunda block in Mayurbhanj District,New Construction of Head works Distribution System and energisation including Power supply work of Goudiabahali-II LIP under Thakurmunda block in Mayurbhanj District,Works,National Competitive Bid,Percentage,Civil Works - Lift Irrigation Schemes,No,No,NA ,21-Dec-2021 11:00 AM,NA ,365.0,No ,No,Online,31-Dec-2021 11:00 AM,Orissa Lift Irrigation Corporation||LI BALASORE||LI Division Karanjia,Karanjia,757037.0,1.0,"30,14,526",AMALENDU NAYAK,"3,014,526.37",Accepted-AOC,21-Mar-2022,Orissa Lift Irrigation Corporation||LI BALASORE||LI Division Karanjia,C2_Irrigation,irrigation|lift irrigation|lip,Mitigation,False,False
2021_OMC_68106_1,OMC/E-PROC/C and P/24/2021,For Supply and Installation of Porta,For Supply and Installation of Porta Cabins to GDMN and Kurmitar,Goods,Limited,Item Rate,Miscellaneous Goods,No,No,NA ,30-Apr-2021 03:30 PM,NA ,180.0,No ,No,Not Applicable,06-May-2021 04:00 PM,Orissa Mining Corporation,GIOM ans Kurmitar,758018.0,2.0,,LEOTRONIC SCALES PRIVATE LIMITED,"2,186,540",Accepted-AOC,28-Mar-2022,Orissa Mining Corporation,C1_WaterConservation,mit,Mitigation,False,False
2018_OLIC_49318_4,2996/04.08.2018,Installation and Energisation of GHATAKULI VI L I Project in BRAHMAGIRI Block of PURI District under BKVY 2018 19,Installation and Energisation of GHATAKULI VI L I Project in BRAHMAGIRI Block of PURI District under BKVY 2018 19,Works,Open Tender,Item Rate,Civil Works - Lift Irrigation Schemes,No,No,NA ,10-Sep-2018 11:00 AM,NA ,365.0,No ,No,Offline,27-Sep-2018 03:00 PM,"Orissa Lift Irrigation Corporation||LI,Central Circle, Cuttack||LI,Division, Bhubaneswar",PURI,751012.0,1.0,"22,30,619",M/s SHREE SAI ENTERPRISES,"2,230,618",Accepted-AOC,07-May-2021,"Orissa Lift Irrigation Corporation||LI,Central Circle, Cuttack||LI,Division, Bhubaneswar",C2_Irrigation,irrigation|lift irrigation,Mitigation,False,False
2018_OMC_51070_1,NIT No- 03/e-PROC/OMC/Proj/18,To carry out Geotechnical investigation work within the lease area of Gandhamardan B ML of OMC limited,To carry out Geotechnical investigation work within the lease area of Gandhamardan B ML of OMC limited,Services,Open Tender,Item Wise,Miscellaneous Services,No,No,NA ,24-Nov-2018 05:00 PM,NA ,180.0,No ,No,Online,17-Dec-2018 11:00 AM,Orissa Mining Corporation,"OMC House, Bbubaneswar",751001.0,2.0,0.0,C. E. Testing Company Pvt. Ltd.,"5,824,178",Accepted-AOC,25-May-2021,Orissa Mining Corporation,C1_WaterConservation,mit,Unknown,False,False
2019_ORULB_57372_1,MC(CMC)CTC_DivII_No.20/2019-20,Construction of approach road to AHRCC AAHAR Centre in Ward No.35 of CMC (To avoid water logging in side Aahar Centre),Construction of approach road to AHRCC AAHAR Centre in Ward No.35 of CMC (To avoid water logging in side Aahar Centre),Works,Open Tender,Percentage,Civil Works - Others,No,No,NA ,21-Dec-2019 11:00 AM,NA ,45.0,No ,No,Online,09-Jan-2020 10:00 AM,Municipal Bodies||Cuttack Municipal Corporation,CMC,753012.0,1.0,"2,61,696",CHINTAMANI SHUKLA,"222,468",Accepted-AOC,16-May-2021,Municipal Bodies||Cuttack Municipal Corporation,C4_FloodCyclone,water logging,Mitigation,False,False
2020_CERWI_64651_10,Online Tender/03/RWDBNJ/2020-2021,S/R to Kendupadar Pailipada Road for 2020-2021,S/R to Kendupadar Pailipada Road for 2020-2021 in Ganjam District,Works,National Competitive Bid,Percentage,Civil Works - Roads,No,No,NA ,16-Dec-2020 12:00 PM,NA ,90.0,No ,No,Online,24-Dec-2020 12:00 PM,CE RW I||RWCIRCLE-BERHAMPUR||RW Division Bhanjanagar,Bhanjanagar,761126.0,1.0,,Archana Nayak,"2,482,941",Accepted-AOC,17-May-2021,CE RW I||RWCIRCLE-BERHAMPUR||RW Division Bhanjanagar,C2_Irrigation,lip,DamageResponse,False,False
2020_EICCL_62016_1,TENDER CALL NOTICE No.01 of 2020-21,Renovation of Urban Community Health Care Hospital UCHC at Unit-IV Bhubaneswar for the year 2020 21 Composite work.,Renovation of Urban Community Health Care Hospital UCHC at Unit-IV Bhubaneswar for the year 2020 21 Composite work.,Works,Open Tender,Percentage,Civil Works - Buildings,No,No,NA ,15-Jul-2020 05:00 PM,NA ,90.0,No ,No,Online,30-Jul-2020 11:00 AM,EIC-CIVIL||SERNB-CIRCLE-CENTRAL,Bhubaneswar,751001.0,2.0,"2,12,27,000",ABHIPSHA MOHANTY,"18,045,060",Accepted-AOC,09-May-2021,EIC-CIVIL||SERNB-CIRCLE-CENTRAL,C7_PostHarvestSupply|C8_Scheme,chc|omm,Unknown,False,False
2020_EICCL_63786_1,CE-WBP(O)-10/2020-21,Construction of H.L. Bridge over river Birupa on 23rd km on Baruan - Balichandrapur road in the District of Jajpur under NABARD Assistance RIDF-XXVI,Construction of H.L. Bridge over river Birupa on 23rd km on Baruan - Balichandrapur road in the District of Jajpur under NABARD Assistance RIDF-XXVI,Works,Open Tender,Percentage,Civil Works - Bridges,No,No,NA ,18-Nov-2020 06:30 PM,NA ,90.0,No ,No,Online,03-Dec-2020 11:30 AM,EIC-CIVIL||EIC-CIVIL,In the District of Jajpur,751001.0,2.0,,MESSERS BIRAJA CONSTRUCTION,"155,239,094",Accepted-AOC,13-May-2021,EIC-CIVIL||EIC-CIVIL,C8_Scheme,nabard|ridf,Mitigation,False,False
2020_IDCO_63573_1,CIVIL/EST/03/2020-21,"Supply, installation, testing and commissioning of 2nos. 750KVA and 1no. 250KVA Silent type DG Sets with GI exhaust stack structure at Shakti bhawan, Bhubaneswar.","Supply, installation, testing and commissioning of 2nos. 750KVA and 1no. 250KVA Silent type DG Sets with GI exhaust stack structure at Shakti bhawan, Bhubaneswar.",Works,National Competitive Bid,Percentage,Electrical Works,No,No,NA ,10-Nov-2020 12:00 PM,17-Nov-2020 11:00 AM ,90.0,No ,No,Online,02-Dec-2020 11:30 AM,IDCO||IDCO,Bhubaneswar,751020.0,2.0,,ABC CONSTRUCTIONS,"12,470,814",Accepted-AOC,07-May-2021,IDCO||IDCO,C8_Scheme,omm,Mitigation,False,False
2020_OCCL_63722_1,e-procurement Notice No-20/OCCL/2020-21(on-line),OCCL-HQP/03/2020-21,Slope protection work with launching apron (CC guard wall) to Right bank of river Pillasalki to protect OMM Shanti Vidyalaya (Nadi khandi sahi) and Phulbani sahi of Phulbani town.,Works,Open Tender,Percentage,Civil Works - Others,No,No,NA ,12-Nov-2020 10:00 AM,NA ,90.0,No ,No,Online,27-Nov-2020 12:00 PM,ODISHA CONSTRUCTION CORPORATION LTD||CIVIL,Phulbani,762001.0,2.0,"2,62,69,708",Ajit Kumar Sahoo,"22,331,878.76",Accepted-AOC,05-May-2021,ODISHA CONSTRUCTION CORPORATION LTD||CIVIL,C8_Scheme,omm,Mitigation,False,False
2020_OCTDM_63104_15,OIIPCRA-W2-1/2020,OIIPCRA-W2-1/2020,Construction of Civil CADWM Works Package ID MBJ34OneMinor Irrigation Projects in Mayurbhanja District,Works,National Competitive Bid,Item Rate,Civil Works - Others,No,No,NA ,16-Oct-2020 10:00 AM,22-Oct-2020 11:30 AM ,90.0,No ,No,Both(Online/Offline),17-Nov-2020 11:30 AM,Orissa Community Tank Development and Management Society,Bhubaneswar,751001.0,2.0,,M/s BABA BAJRANGBALI INFRA,"48,029,155.96",Accepted-AOC,24-May-2021,Orissa Community Tank Development and Management Society,C2_Irrigation|C8_Scheme,irrigation|minor irrigation|omm,Mitigation,False,False
2020_OLIC_63084_32,EEOLICSBP-04/2020-21,Installation of Kuleimura-III RL Project under Laikera Block in Jharsuguda District,Installation of Kuleimura-III RL Project under Laikera Block in Jharsuguda District,Works,Open Tender,Percentage,Civil Works - Lift Irrigation Schemes,No,No,NA ,08-Oct-2020 10:00 AM,NA ,120.0,No ,No,Online,19-Oct-2020 10:00 AM,Orissa Lift Irrigation Corporation||LI Northern Circle Sambalpur||LI Division Sambalpur,Laikera,768215.0,1.0,"37,59,264",ASHIS KUMAR PATEL,"3,195,750.24",Accepted-AOC,01-May-2021,Orissa Lift Irrigation Corporation||LI Northern Circle Sambalpur||LI Division Sambalpur,C2_Irrigation,irrigation|lift irrigation,Mitigation,False,False
2020_OLIC_63084_34,EEOLICSBP-04/2020-21,Installation of Mundrajore-IV RL Project under Laikera Block in Jharsuguda District,Installation of Mundrajore-IV RL Project under Laikera Block in Jharsuguda District,Works,Open Tender,Percentage,Civil Works - Lift Irrigation Schemes,No,No,NA ,08-Oct-2020 10:00 AM,NA ,120.0,No ,No,Online,19-Oct-2020 10:00 AM,Orissa Lift Irrigation Corporation||LI Northern Circle Sambalpur||LI Division Sambalpur,Laikera,768215.0,1.0,"35,72,674",ASHIS KUMAR PATEL,"3,037,129.99",Accepted-AOC,01-May-2021,Orissa Lift Irrigation Corporation||LI Northern Circle Sambalpur||LI Division Sambalpur,C2_Irrigation,irrigation|lift irrigation,Mitigation,False,False
2020_OLIC_63084_36,EEOLICSBP-04/2020-21,Installation of Salhetikira-II RL Project under Laikera Block in Jharsuguda District,Installation of Salhetikira-II RL Project under Laikera Block in Jharsuguda District,Works,Open Tender,Percentage,Civil Works - Lift Irrigation Schemes,No,No,NA ,08-Oct-2020 10:00 AM,NA ,120.0,No ,No,Online,19-Oct-2020 10:00 AM,Orissa Lift Irrigation Corporation||LI Northern Circle Sambalpur||LI Division Sambalpur,Laikera,768215.0,1.0,"37,30,269",ASHIS KUMAR PATEL,"3,171,101.55",Accepted-AOC,01-May-2021,Orissa Lift Irrigation Corporation||LI Northern Circle Sambalpur||LI Division Sambalpur,C2_Irrigation,irrigation|lift irrigation,Mitigation,False,False
2020_OLIC_63393_11,EEOLICSBP-05/2020-21,Revival of Bansara-II RL Project under Maneswar Block in Sambalpur District,Revival of Bansara-II RL Project under Maneswar Block in Sambalpur District,Works,Open Tender,Percentage,Civil Works - Lift Irrigation Schemes,No,No,NA ,20-Oct-2020 10:00 AM,NA ,90.0,No ,No,Online,04-Nov-2020 10:00 AM,Orissa Lift Irrigation Corporation||LI Northern Circle Sambalpur||LI Division Sambalpur,Maneswar,768005.0,1.0,"13,83,989",BHISHMA BERIHA,"1,176,529.16",Accepted-AOC,28-May-2021,Orissa Lift Irrigation Corporation||LI Northern Circle Sambalpur||LI Division Sambalpur,C2_Irrigation|C3_Drought,irrigation|lift irrigation|revival,Unknown,False,False
2020_OLIC_63393_9,EEOLICSBP-05/2020-21,Revival of Deogaon-III RL Project under Maneswar Block in Sambalpur District,Revival of Deogaon-III RL Project under Maneswar Block in Sambalpur District,Works,Open Tender,Percentage,Civil Works - Lift Irrigation Schemes,No,No,NA ,20-Oct-2020 10:00 AM,NA ,90.0,No ,No,Online,04-Nov-2020 10:00 AM,Orissa Lift Irrigation Corporation||LI Northern Circle Sambalpur||LI Division Sambalpur,Maneswar,768005.0,1.0,"13,42,596",JANMEJAYA PADHAN,"1,141,340.89",Accepted-AOC,28-May-2021,Orissa Lift Irrigation Corporation||LI Northern Circle Sambalpur||LI Division Sambalpur,C2_Irrigation|C3_Drought,irrigation|lift irrigation|revival,Unknown,False,False
2020_OLIC_64783_1,Bid Identification No.04/2020-21 OLIC (Nayagarh) /,INSTALATON AND ENERGISATION OF BETAKHOLI-I LI PROJECT,INSTALATON AND ENERGISATION OF BETAKHOLI-I LI PROJECT,Works,Open Tender,Percentage,Civil Works - Lift Irrigation Schemes,No,No,NA ,21-Dec-2020 10:00 AM,NA ,180.0,No ,No,Online,05-Jan-2021 11:00 AM,"Orissa Lift Irrigation Corporation||LI,Central Circle, Cuttack||LI Division Nayagarh",BHAPUR,754001.0,1.0,,MODERN WINDING AND ELECTRICALS,"1,076,745",Accepted-AOC,19-May-2021,"Orissa Lift Irrigation Corporation||LI,Central Circle, Cuttack||LI Division Nayagarh",C2_Irrigation,irrigation|lift irrigation,Unknown,False,False
2020_OLIC_64783_16,Bid Identification No.04/2020-21 OLIC (Nayagarh) /,INSTALATON AND ENERGISATION OF SAHASPUR-II LI PROJECT,INSTALATON AND ENERGISATION OF SAHASPUR-II LI PROJECT,Works,Open Tender,Percentage,Civil Works - Lift Irrigation Schemes,No,No,NA ,21-Dec-2020 10:00 AM,NA ,180.0,No ,No,Online,05-Jan-2021 11:00 AM,"Orissa Lift Irrigation Corporation||LI,Central Circle, Cuttack||LI Division Nayagarh",KHANDAPADA,754001.0,1.0,,CHANDAN ELECTRICAL WORKS,"943,603",Accepted-AOC,18-May-2021,"Orissa Lift Irrigation Corporation||LI,Central Circle, Cuttack||LI Division Nayagarh",C2_Irrigation,irrigation|lift irrigation,Unknown,False,False
2020_OLIC_64783_40,Bid Identification No.04/2020-21 OLIC (Nayagarh) /,INSTALATON AND ENERGISATION OF CHHAMUNDIA LI PROJECT,INSTALATON AND ENERGISATION OF CHHAMUNDIA LI PROJECT,Works,Open Tender,Percentage,Civil Works - Lift Irrigation Schemes,No,No,NA ,22-Dec-2020 10:00 AM,NA ,180.0,No ,No,Online,05-Jan-2021 11:00 AM,"Orissa Lift Irrigation Corporation||LI,Central Circle, Cuttack||LI Division Nayagarh",GANIA,754001.0,1.0,,CHANDAN ELECTRICAL WORKS,"1,119,160",Accepted-AOC,19-May-2021,"Orissa Lift Irrigation Corporation||LI,Central Circle, Cuttack||LI Division Nayagarh",C2_Irrigation,irrigation|lift irrigation,Unknown,False,False
2020_OLIC_64783_8,Bid Identification No.04/2020-21 OLIC (Nayagarh) /,INSTALATON AND ENERGISATION OF KANDHAJILINDA LI PROJECT,INSTALATON AND ENERGISATION OF KANDHAJILINDA LI PROJECT,Works,Open Tender,Percentage,Civil Works - Lift Irrigation Schemes,No,No,NA ,21-Dec-2020 10:00 AM,NA ,180.0,No ,No,Online,05-Jan-2021 11:00 AM,"Orissa Lift Irrigation Corporation||LI,Central Circle, Cuttack||LI Division Nayagarh",GANIA,754001.0,1.0,,CHANDAN ELECTRICAL WORKS,"1,088,690",Accepted-AOC,19-May-2021,"Orissa Lift Irrigation Corporation||LI,Central Circle, Cuttack||LI Division Nayagarh",C2_Irrigation,irrigation|lift irrigation,Unknown,False,False
2020_OLIC_65103_1,Bid Identification No.21/2020-21 OLIC/ Dt.29.12.20,INSTALATION AND ENERGISATION OF SADEIPUR LI PROJECT,INSTALATION AND ENERGISATION OF SADEIPUR LI PROJECT,Works,Open Tender,Percentage,Civil Works - Lift Irrigation Schemes,No,No,NA ,02-Jan-2021 11:00 AM,NA ,90.0,No ,No,Online,14-Jan-2021 11:00 AM,"Orissa Lift Irrigation Corporation||LI,Central Circle, Cuttack||LI Division Cuttack",BALIKUDA,754001.0,1.0,,TRILOCHAN NAYAK,"1,158,999",Accepted-AOC,21-May-2021,"Orissa Lift Irrigation Corporation||LI,Central Circle, Cuttack||LI Division Cuttack",C2_Irrigation,irrigation|lift irrigation,Unknown,False,False
2020_OMC_64913_1,NIT NO-OMC/E-PROC/CP/19/2020,"Supply, installation, commissioning of 02 nos. of Telemetry based Multilevel Grouted-in Vibrating Wire Piezometers with operation and maintenance for 03 years in South Kaliapani Mines of OMC in the state of Odisha.","Supply, installation, commissioning of 02 nos. of Telemetry based Multilevel Grouted-in Vibrating Wire Piezometers with operation and maintenance for 03 years in South Kaliapani Mines of OMC in the state of Odisha.",Goods,Open Tender,Item Rate,Miscellaneous Goods,No,No,NA ,24-Dec-2020 10:00 AM,NA ,120.0,No ,No,Online,08-Jan-2021 11:00 AM,Orissa Mining Corporation,"OMC HOUSE,BHUBANESWAR",751001.0,2.0,,Encardio-rite Electronics Pvt Ltd,"1,062,000",Accepted-AOC,07-May-2021,Orissa Mining Corporation,C8_Scheme,omm,Mitigation,False,False
2020_ORULB_63643_8,BMC-DD-CE-02/20-21 dtd 6.11.2020,Reclamation of Water body- Nayapalli Haza,Reclamation of Water body- Nayapalli Haza,Works,Open Tender,Percentage,Civil Works - Others,No,No,NA ,09-Nov-2020 11:00 AM,NA ,90.0,No ,No,Online,25-Nov-2020 11:00 AM,Municipal Bodies||Bhubaneswar Municipal Corporation,BMC Area Limited,751014.0,2.0,"3,53,37,311",ABHIPSHA MOHANTY,"33,645,078",Accepted-AOC,01-May-2021,Municipal Bodies||Bhubaneswar Municipal Corporation,C1_WaterConservation,water body,Unknown,False,False
2021_CCEDI_66248_1,02/CCEDIP of 2020-21,Construction of Dudhiani Panchayat High School and Purunapani-II Primary School at Purunapani (Partial Submerged Village) of Deo Irrigation Project,Construction of Dudhiani Panchayat High School and Purunapani-II Primary School at Purunapani (Partial Submerged Village) of Deo Irrigation Project,Works,Open Tender,Percentage,Civil Works - Buildings,No,No,NA ,10-Feb-2021 10:00 AM,NA ,90.0,No ,No,Online,26-Feb-2021 11:30 AM,CCE Deo Irr Project Karanjia||CCE Deo Irr Project Karanjia||E.E Deo Head Works Divn Karanjia,PURUNAPANI,757036.0,2.0,,ABHISHEK KALIPRASANNA PUHAN,"19,266,646.142",Accepted-AOC,01-May-2021,CCE Deo Irr Project Karanjia||CCE Deo Irr Project Karanjia||E.E Deo Head Works Divn Karanjia,C2_Irrigation,irr |irrigation,Mitigation,False,False
2021_CEBBS_65546_19,Bid Identification No. EE-AID-12-2020-21,Protection to scoured bank on Sapua Left near village Similipatana of Dhenkanal Sadar Block.,Protection to scoured bank on Sapua Left near village Similipatana of Dhenkanal Sadar Block.,Works,Open Tender,Percentage,Civil Works - Others,No,No,NA ,19-Jan-2021 10:00 AM,NA ,90.0,No ,No,Online,29-Jan-2021 11:00 AM,CE and BM Brahmani Basin Samal||APD cum CCE RIP Samal||Headworks Division Samal,Angul,759143.0,1.0,,Ahalya Rout,"891,443",Accepted-AOC,22-May-2021,CE and BM Brahmani Basin Samal||APD cum CCE RIP Samal||Headworks Division Samal,C2_Irrigation,lip,Unknown,False,False
2021_CEBBS_65546_4,Bid Identification No. EE-AID-12-2020-21,Improvement to Jaripal Minor from RD 2400m to RD 2630m of Aunli Irrigation Project.,Improvement to Jaripal Minor from RD 2400m to RD 2630m of Aunli Irrigation Project.,Works,Open Tender,Percentage,Civil Works - Canal,No,No,NA ,19-Jan-2021 10:00 AM,NA ,90.0,No ,No,Online,29-Jan-2021 11:00 AM,CE and BM Brahmani Basin Samal||APD cum CCE RIP Samal||Headworks Division Samal,Angul,759143.0,1.0,,AJAY KUMAR BEHERA,"796,994",Accepted-AOC,21-May-2021,CE and BM Brahmani Basin Samal||APD cum CCE RIP Samal||Headworks Division Samal,C2_Irrigation,irrigation,Mitigation,False,False
2021_CEBBS_65546_5,Bid Identification No. EE-AID-12-2020-21,Improvement to Rangathali Branch canal from RD 3750m to 3925m of Dadaraghati Irrigation Project.,Improvement to Rangathali Branch canal from RD 3750m to 3925m of Dadaraghati Irrigation Project.,Works,Open Tender,Percentage,Civil Works - Canal,No,No,NA ,19-Jan-2021 10:00 AM,NA ,90.0,No ,No,Online,29-Jan-2021 11:00 AM,CE and BM Brahmani Basin Samal||APD cum CCE RIP Samal||Headworks Division Samal,Angul,759143.0,1.0,,ABHISEK SAMANT,"1,854,274",Accepted-AOC,21-May-2021,CE and BM Brahmani Basin Samal||APD cum CCE RIP Samal||Headworks Division Samal,C2_Irrigation,canal|irrigation,Mitigation,False,False
2021_CEBBU_67808_11,CDT-01 of 2021-22,Repair to H.R (Right WC) at RD 16200.00m and Improvement to Bargarh Distributary within RD 15900.0m to RD 16500.0m .,Improvement of canal,Works,Open Tender,Percentage,Civil Works - Canal,No,No,NA ,17-Apr-2021 10:00 AM,NA ,90.0,No ,No,Online,28-Apr-2021 10:00 AM,"CE-BM,UM Basin,Burla||SE,Hirakud Dam Circle,Burla||EE Rukura Irrigation Division , Panposh",Bargarh,768028.0,1.0,,BIJAYALAXMI SAHU,"779,592",Accepted-AOC,21-May-2021,"CE-BM,UM Basin,Burla||SE,Hirakud Dam Circle,Burla||EE Rukura Irrigation Division , Panposh",C2_Irrigation,canal|irrigation,Mitigation,False,False
2021_CEBMD_66157_1,Bid Id No. CCERRIP- 02/2020-21,"Excavation of Narasighpur Branch Canal from RD 17.975 km to 19.565 km including construction of its structures, Cement concrete lining and Service road of Rengali Right Irrigation Project","Excavation of Canal, Construction of Structures, Lining and Service Road",Works,Open Tender,Percentage,Civil Works - Canal,No,No,NA ,08-Feb-2021 10:00 AM,NA ,90.0,No ,No,Online,25-Feb-2021 11:00 AM,"CE-BM,B Right Basin,Dhenkanal||SE, Irr.Circle, Dhenkanal||EE,Rengali Right Canal Divn No. II",Tigiria,754030.0,2.0,,ANNADA SANKAR SAHOO,"59,491,948",Accepted-AOC,10-May-2021,"CE-BM,B Right Basin,Dhenkanal||SE, Irr.Circle, Dhenkanal||EE,Rengali Right Canal Divn No. II",C2_Irrigation,canal,Mitigation,False,False
2021_CEBMT_65855_1,e-Procurement Notice No. (JID)-02/2020-21,Construction of C.C. Guard wall with bed lining from RD.6424m to 6724m of RMC of Sundar Irrigation Project for the year 2020-21 Working RD.6424m to 6535m 110m,Construction of C.C. Guard wall with bed lining from RD.6424m to 6724m of RMC of Sundar Irrigation Project for the year 2020-21 Working RD.6424m to 6535m 110m,Works,Open Tender,Percentage,Civil Works - Others,No,No,NA ,28-Jan-2021 04:00 PM,NA ,90.0,No ,No,Online,05-Feb-2021 11:30 AM,"CE-BM, Tel Basin,Bhawanipatna||SE Western Irr Circle Bhawanipatna||EE Jonk Irr Divn. Nuapada",NUAPADA,766105.0,1.0,,KARTIK DEEP,"887,000",Accepted-AOC,11-May-2021,"CE-BM, Tel Basin,Bhawanipatna||SE Western Irr Circle Bhawanipatna||EE Jonk Irr Divn. Nuapada",C2_Irrigation,irr |irrigation|rmc,Mitigation,False,False
2021_CEBMT_65855_4,e-Procurement Notice No. (JID)-02/2020-21,Construction of C.C. Guard wall with bed lining from RD.4496m to 4940m of Bhella disty of Sundar Irrigation Project for the year 2020-21 Working RD.4496m to 4675m 179m,Construction of C.C. Guard wall with bed lining from RD.6424m to 6724m of RMC of Sundar Irrigation Project for the year 2020-21 Working RD.6424m to 6535m 110m,Works,Open Tender,Percentage,Civil Works - Others,No,No,NA ,28-Jan-2021 04:00 PM,NA ,90.0,No ,No,Online,05-Feb-2021 11:30 AM,"CE-BM, Tel Basin,Bhawanipatna||SE Western Irr Circle Bhawanipatna||EE Jonk Irr Divn. Nuapada",NUAPADA,766105.0,1.0,,DIGAMBAR SAHU,"887,723",Accepted-AOC,11-May-2021,"CE-BM, Tel Basin,Bhawanipatna||SE Western Irr Circle Bhawanipatna||EE Jonk Irr Divn. Nuapada",C2_Irrigation,irr |irrigation|rmc,Mitigation,False,False
2021_CEBMT_65855_6,e-Procurement Notice No. (JID)-02/2020-21,Construction of inside C.C. Guard wall with bed lining from RD.19544m to 19639m and Grouting with lining from RD.21778m to 21818m of LMC of Upper Jonk Irrigation Project for the year 2020-21,Construction of inside C.C. Guard wall with bed lining from RD.19544m to 19639m and Grouting with lining from RD.21778m to 21818m of LMC of Upper Jonk Irrigation Project for the year 2020-21,Works,Open Tender,Percentage,Civil Works - Others,No,No,NA ,29-Jan-2021 09:00 AM,NA ,90.0,No ,No,Online,05-Feb-2021 11:30 AM,"CE-BM, Tel Basin,Bhawanipatna||SE Western Irr Circle Bhawanipatna||EE Jonk Irr Divn. Nuapada",NUAPADA,766105.0,1.0,,DAMBARU DHAR BISWAL,"970,555",Accepted-AOC,11-May-2021,"CE-BM, Tel Basin,Bhawanipatna||SE Western Irr Circle Bhawanipatna||EE Jonk Irr Divn. Nuapada",C2_Irrigation,irr |irrigation|lmc,Mitigation,False,False
2021_CEBMT_65855_8,e-Procurement Notice No. (JID)-02/2020-21,Construction of C.C. Guard wall with bed lining from RD.3450m to 3827m of Sarbong Minor canal of Upper Jonk Irrigation Project for the year 2020-21 Working RD.3450m to 3926.30m 476.30m,Construction of C.C. Guard wall with bed lining from RD.3450m to 3827m of Sarbong Minor canal of Upper Jonk Irrigation Project for the year 2020-21 Working RD.3450m to 3926.30m 476.30m,Works,Open Tender,Percentage,Civil Works - Others,No,No,NA ,29-Jan-2021 09:00 AM,NA ,90.0,No ,No,Online,05-Feb-2021 11:30 AM,"CE-BM, Tel Basin,Bhawanipatna||SE Western Irr Circle Bhawanipatna||EE Jonk Irr Divn. Nuapada",NUAPADA,766105.0,1.0,,GANGARAM SAHU,"975,448",Accepted-AOC,11-May-2021,"CE-BM, Tel Basin,Bhawanipatna||SE Western Irr Circle Bhawanipatna||EE Jonk Irr Divn. Nuapada",C2_Irrigation,canal|irr |irrigation,Mitigation,False,False
2021_CEBMT_65855_9,e-Procurement Notice No. (JID)-02/2020-21,Construction of C.C. Guard wall with bed lining from RD.1689m to 1980m of Panchampur Minor of RMC of Upper Jonk Irrigation Project for the year 2020-21,Construction of C.C. Guard wall with bed lining from RD.1689m to 1980m of Panchampur Minor of RMC of Upper Jonk Irrigation Project for the year 2020-21,Works,Open Tender,Percentage,Civil Works - Others,No,No,NA ,29-Jan-2021 09:00 AM,NA ,90.0,No ,No,Online,05-Feb-2021 11:30 AM,"CE-BM, Tel Basin,Bhawanipatna||SE Western Irr Circle Bhawanipatna||EE Jonk Irr Divn. Nuapada",NUAPADA,766105.0,1.0,,ANJU GUPTA,"971,169",Accepted-AOC,11-May-2021,"CE-BM, Tel Basin,Bhawanipatna||SE Western Irr Circle Bhawanipatna||EE Jonk Irr Divn. Nuapada",C2_Irrigation,irr |irrigation|rmc,Mitigation,False,False
2021_CELBB_66736_1,e-Procurement Notice No.03/2020-21,JJPR-01/ 20-21 Construction of sluice across the Kamdevmahara on Nuamahara left TRE near village Naubanka.,Construction of sluice,Works,National Competitive Bid,Percentage,Civil Works - Others,No,No,NA ,26-Feb-2021 10:00 AM,NA ,90.0,No ,No,Online,09-Mar-2021 11:30 AM,"CE-BM,LMB Basin,BBSR||SE, Eastern Circle,Cuttack||EE, Jajpur Irr Division,Jajpur",Binjharpur,755004.0,2.0,,BINAYA KUMAR NATH,"7,510,954",Accepted-AOC,24-May-2021,"CE-BM,LMB Basin,BBSR||SE, Eastern Circle,Cuttack||EE, Jajpur Irr Division,Jajpur",C2_Irrigation,irr ,Mitigation,False,False
2021_CELBB_67051_5,e-Procurement Notice No.KID-06 of 2020-21,KID 112 of 2020-21 Strengthening to Paika left (Kujang Estate) embankment including embankment packing from RD 5.70 Km to 5.85 Km near village Tikhiri for 21-22.,Strengthening of embankment,Works,Open Tender,Percentage,Civil Works - Others,No,No,NA ,10-Mar-2021 10:00 AM,NA ,90.0,No ,No,Online,19-Mar-2021 11:00 AM,"CE-BM,LMB Basin,BBSR||SE, Eastern Circle,Cuttack||EE,Kendrapada Irr Division,Kendrapada",Kendrapara,754211.0,1.0,,AMIT DAS,"1,692,036",Accepted-AOC,12-May-2021,"CE-BM,LMB Basin,BBSR||SE, Eastern Circle,Cuttack||EE,Kendrapada Irr Division,Kendrapada",C2_Irrigation|C4_FloodCyclone,embankment|irr ,Mitigation,False,False
2021_CELBB_67051_6,e-Procurement Notice No.KID-06 of 2020-21,KID 113 of 2020-21 Permanent restoration of Benipur breach on Birupa right embankment for 21-22.,Permanent restoration of breach,Works,Open Tender,Percentage,Civil Works - Others,No,No,NA ,10-Mar-2021 10:00 AM,NA ,90.0,No ,No,Online,19-Mar-2021 11:00 AM,"CE-BM,LMB Basin,BBSR||SE, Eastern Circle,Cuttack||EE,Kendrapada Irr Division,Kendrapada",Kendrapara,754211.0,1.0,,ABHAYA KUMAR DAS,"3,722,274",Accepted-AOC,12-May-2021,"CE-BM,LMB Basin,BBSR||SE, Eastern Circle,Cuttack||EE,Kendrapada Irr Division,Kendrapada",C2_Irrigation,irr ,DamageResponse,False,False
2021_CELBB_67200_29,IFB No.07 MSD / (Online) 2020-21,(29) Restoration to sliped bank of C.E No.78(A) Mahanadi right embankment from RD34.150Km to 34.210Km. near village Bankal (Working RD 34.260Km to 34.310Km),Restoration to sliped bank of C.E No.78(A) Mahanadi right embankment from RD34.150Km to 34.210Km. near village Bankal (Working RD 34.260Km to 34.310Km),Works,National Competitive Bid,Percentage,Civil Works - Others,No,No,NA ,16-Mar-2021 01:00 PM,NA ,90.0,No ,No,Online,26-Mar-2021 11:00 AM,"CE-BM,LMB Basin,BBSR||SE, Eastern Circle,Cuttack||EE,Mahanadi South Division,Cuttack",Kissannagar,754131.0,1.0,,AMULYA KUMAR SWAIN,"1,127,577",Accepted-AOC,26-May-2021,"CE-BM,LMB Basin,BBSR||SE, Eastern Circle,Cuttack||EE,Mahanadi South Division,Cuttack",C2_Irrigation|C4_FloodCyclone,embankment|lip,DamageResponse,False,False
2021_CELBB_67419_8,MND- 06/2020-21,Construction of Construction of VRB at RD 1200 m of K.B canal near Demando village for the year 2021-22,Construction of VRB at RD 1200 m of K.B canal near Demando village for the year 2021-22,Works,National Competitive Bid,Percentage,Civil Works - Others,No,No,NA ,26-Mar-2021 10:00 AM,NA ,90.0,No ,No,Online,05-Apr-2021 11:30 AM,"CE-BM,LMB Basin,BBSR||SE, Eastern Circle,Cuttack||EE, Mahanadi North Division,Jagatpur",Nageshpur,754021.0,1.0,,BHABAGRAHI PARIDA,"1,179,115",Accepted-AOC,30-May-2021,"CE-BM,LMB Basin,BBSR||SE, Eastern Circle,Cuttack||EE, Mahanadi North Division,Jagatpur",C2_Irrigation,canal,Mitigation,False,False
2021_CELBB_67419_9,MND- 06/2020-21,Construction of VRB on K.B canal at RD 24.50 Km near village Jamapada for the year 2021-22,Construction of VRB on K.B canal at RD 24.50 Km near village Jamapada for the year 2021-22,Works,National Competitive Bid,Percentage,Civil Works - Others,No,No,NA ,26-Mar-2021 10:00 AM,NA ,90.0,No ,No,Online,05-Apr-2021 11:30 AM,"CE-BM,LMB Basin,BBSR||SE, Eastern Circle,Cuttack||EE, Mahanadi North Division,Jagatpur",Nageshpur,754021.0,1.0,,bijaya kumar senapati,"820,688",Accepted-AOC,30-May-2021,"CE-BM,LMB Basin,BBSR||SE, Eastern Circle,Cuttack||EE, Mahanadi North Division,Jagatpur",C2_Irrigation,canal,Mitigation,False,False
2021_CEMIB_66187_2,EEMIDBNJ-05-2020-21,Imp. to Kumbhipalli MIP in Bhanjanagar Block under Critical Grant 2020-21,Imp. to Kumbhipalli MIP in Bhanjanagar Block under Critical Grant 2020-21,Works,Open Tender,Percentage,Civil Works - Others,No,No,NA ,09-Feb-2021 10:00 AM,NA ,90.0,No ,No,Online,17-Feb-2021 11:00 AM,"CE,Minor Irrigation,BBSR||SESMIC-BERHAMPUR||EE,MI Divn, Bhanjanagar",Bhanjanagar,761126.0,1.0,,Jalandhar Naik,"1,121,798",Accepted-AOC,02-May-2021,"CE,Minor Irrigation,BBSR||SESMIC-BERHAMPUR||EE,MI Divn, Bhanjanagar",C1_WaterConservation|C2_Irrigation,irrigation|minor irrigation|mip,Unknown,False,False
2021_CERWI_66885_4,SE-BLS-NCB-285,Construction of Cyclone Shelter at Fulbani (G.P.-Tukurihazira) and Kusuti(G.P.-Daruha) of Bhograi Block in the District of Balasore,Construction of Cyclone Shelter at Fulbani (G.P.-Tukurihazira) and Kusuti(G.P.-Daruha) of Bhograi Block in the District of Balasore,Works,National Competitive Bid,Percentage,Civil Works - Buildings,No,No,NA ,04-Mar-2021 11:00 AM,NA ,90.0,No ,No,Online,24-Mar-2021 11:00 AM,CE RW I||RWCIRCLE-BALASORE,JALESWAR,756032.0,2.0,"4,03,06,000",Amresh Behera,"35,596,671.38",Accepted-AOC,21-May-2021,CE RW I||RWCIRCLE-BALASORE,C4_FloodCyclone,cyclone|cyclone shelter,Mitigation,False,False
2021_EICCL_65114_3,EE CTC (RnB)-II - 12 of 2020-21,Construction of Class Rooms in Arts Block of Salipur Autonomous College (Core House) for the year 2020-21.,Construction of Class Rooms in Arts Block of Salipur Autonomous College (Core House) for the year 2020-21.,Works,Open Tender,Percentage,Civil Works - Buildings,No,No,NA ,01-Jan-2021 02:00 PM,NA ,90.0,No ,No,Online,13-Jan-2021 11:00 AM,EIC-CIVIL||SERNB-CIRCLE-CUTTACK||EE RnB Division Cuttack-II,Salipur,754202.0,1.0,,BIRENDRA KUMAR BHUYAN,"2,701,397",Accepted-AOC,24-May-2021,EIC-CIVIL||SERNB-CIRCLE-CUTTACK||EE RnB Division Cuttack-II,C2_Irrigation,lip,Mitigation,False,False
2021_EICCL_67956_2,EE/R AND B/ SNPR / 01 / 2021-22,"Supplying, Installation, Testing and Commissioning of DG set 82.5 KVA 3 Phase Liquid Cooled with AMF Pannel for Govt. ITI at Birmaharajpur in the District of Subarnapur","Supplying, Installation, Testing and Commissioning of DG set 82.5 KVA 3 Phase Liquid Cooled with AMF Pannel for Govt. ITI at Birmaharajpur in the District of Subarnapur",Works,National Competitive Bid,Percentage,Civil Works - Buildings,No,No,NA ,23-Apr-2021 10:00 AM,30-Apr-2021 11:00 AM ,90.0,No ,No,Online,04-May-2021 11:30 AM,EIC-CIVIL||SERNB-CIRCLE-BOLANGIR||EERNB-DIVISION-SONEPUR,Sonepur,767017.0,1.0,,FORTUNE IMPEX,"706,014.85",Accepted-AOC,31-May-2021,EIC-CIVIL||SERNB-CIRCLE-BOLANGIR||EERNB-DIVISION-SONEPUR,C8_Scheme,omm,Mitigation,False,False
2021_OLIC_66427_10,Bid Identification No.06/2020-21 OLIC (Nayagarh) /,INSTALLATION AND ENERGISATION OF DHENKANA LI PROJECT,INSTALLATION AND ENERGISATION OF DHENKANA LI PROJECT,Works,Open Tender,Percentage,Civil Works - Lift Irrigation Schemes,No,No,NA ,16-Feb-2021 02:00 PM,NA ,180.0,No ,No,Online,26-Feb-2021 10:00 AM,"Orissa Lift Irrigation Corporation||LI,Central Circle, Cuttack||LI Division Nayagarh",NUAGAON,751012.0,1.0,,PRAMODA KUMAR SWAIN,13.16,Accepted-AOC,16-May-2021,"Orissa Lift Irrigation Corporation||LI,Central Circle, Cuttack||LI Division Nayagarh",C2_Irrigation,irrigation|lift irrigation,Mitigation,False,False
2021_OLIC_66427_11,Bid Identification No.06/2020-21 OLIC (Nayagarh) /,INSTALLATION AND ENERGISATION OF MALISAHI-I LI PROJECT,INSTALLATION AND ENERGISATION OF MALISAHI-I LI PROJECT,Works,Open Tender,Percentage,Civil Works - Lift Irrigation Schemes,No,No,NA ,16-Feb-2021 02:00 PM,NA ,180.0,No ,No,Online,26-Feb-2021 10:00 AM,"Orissa Lift Irrigation Corporation||LI,Central Circle, Cuttack||LI Division Nayagarh",NUAGAON,751012.0,1.0,,PRAMODA KUMAR SWAIN,"911,365",Accepted-AOC,16-May-2021,"Orissa Lift Irrigation Corporation||LI,Central Circle, Cuttack||LI Division Nayagarh",C2_Irrigation,irrigation|lift irrigation,Mitigation,False,False
2021_OLIC_66427_12,Bid Identification No.06/2020-21 OLIC (Nayagarh) /,INSTALLATION AND ENERGISATION OF UDAYAPUR-II LI PROJECT,INSTALLATION AND ENERGISATION OF UDAYAPUR-II LI PROJECT,Works,Open Tender,Percentage,Civil Works - Lift Irrigation Schemes,No,No,NA ,17-Feb-2021 02:00 PM,NA ,180.0,No ,No,Online,26-Feb-2021 10:00 AM,"Orissa Lift Irrigation Corporation||LI,Central Circle, Cuttack||LI Division Nayagarh",NUAGAON,751012.0,1.0,,PRAMODA KUMAR SWAIN,"1,316,086",Accepted-AOC,16-May-2021,"Orissa Lift Irrigation Corporation||LI,Central Circle, Cuttack||LI Division Nayagarh",C2_Irrigation,irrigation|lift irrigation,Mitigation,False,False
2021_OLIC_66427_9,Bid Identification No.06/2020-21 OLIC (Nayagarh) /,INSTALLATION AND ENERGISATION OF TIPURA-II LI PROJECT,INSTALLATION AND ENERGISATION OF TIPURA-II LI PROJECT,Works,Open Tender,Percentage,Civil Works - Lift Irrigation Schemes,No,No,NA ,16-Feb-2021 02:00 PM,NA ,180.0,No ,No,Online,26-Feb-2021 10:00 AM,"Orissa Lift Irrigation Corporation||LI,Central Circle, Cuttack||LI Division Nayagarh",NAYAGARH,751012.0,1.0,,AGRAWALLA POWER INFRASTRUCTURE,"1,943,117",Accepted-AOC,16-May-2021,"Orissa Lift Irrigation Corporation||LI,Central Circle, Cuttack||LI Division Nayagarh",C2_Irrigation,irrigation|lift irrigation,Mitigation,False,False
2021_OLIC_67439_1,e-Procurement Notice Bid ID 13 EELID (KJA/2020-21),Revival of Dhalabeni-I LIP Under Jashipur Block in Mayurbhanj District,Construction of Head works and Installation work of of Dhalabeni-I LIP Under Jashipur block in Mayurbhanj District,Works,National Competitive Bid,Percentage,Civil Works - Lift Irrigation Schemes,No,No,NA ,26-Mar-2021 02:00 PM,NA ,365.0,No ,No,Online,06-Apr-2021 11:00 AM,Orissa Lift Irrigation Corporation||LI BALASORE||LI Division Karanjia,Karanjia,757037.0,1.0,,DUKHABANDHU SETHY,"787,130.005",Accepted-AOC,19-May-2021,Orissa Lift Irrigation Corporation||LI BALASORE||LI Division Karanjia,C2_Irrigation,irrigation|lift irrigation|lip,Mitigation,False,False
2021_OLIC_67439_2,e-Procurement Notice Bid ID 13 EELID (KJA/2020-21),Revival of Kendua-I LIP Under Raruan Block in Mayurbhanj District,Construction of Head works and Installation work of of Kendua-I LIP Under Raruan block in Mayurbhanj District,Works,National Competitive Bid,Percentage,Civil Works - Lift Irrigation Schemes,No,No,NA ,26-Mar-2021 02:00 PM,NA ,365.0,No ,No,Online,06-Apr-2021 11:00 AM,Orissa Lift Irrigation Corporation||LI BALASORE||LI Division Karanjia,Karanjia,757037.0,1.0,,DUKHABANDHU SETHY,"786,342.747",Accepted-AOC,19-May-2021,Orissa Lift Irrigation Corporation||LI BALASORE||LI Division Karanjia,C2_Irrigation,irrigation|lift irrigation|lip,Mitigation,False,False
2021_ORULB_66779_4,JNG/NAC/03/2020-21,CONSTRUCTION OF CEMENT CONCRETE ROAD FROM RABINDRA PUNJI HOUSE TO SANANDA DASH HOUSE NEAR IRRIGATION CANAL AT MATI COLONY IN WARD NO 12,CONSTRUCTION OF CEMENT CONCRETE ROAD FROM RABINDRA PUNJI HOUSE TO SANANDA DASH HOUSE NEAR IRRIGATION CANAL AT MATI COLONY IN WARD NO 12,Works,Open Tender,Percentage,Civil Works - Roads,No,No,NA ,01-Mar-2021 10:00 AM,NA ,90.0,No ,No,Online,10-Mar-2021 11:00 AM,Municipal Bodies||Junagarh NAC,"Ward No 12, Junagrh",766014.0,1.0,"2,54,464",ANANDA DURGA,"237,949.286",Accepted-AOC,20-May-2021,Municipal Bodies||Junagarh NAC,C2_Irrigation,canal|irrigation,Mitigation,False,False
2021_OSAMB_67659_1,02/RMC/122/PANPOSH/06.04.2021 OF 2020-21,Construction of E-NAM Building at Phuljhar Market Yard under RMC Panposh.,Construction of E-NAM Building at Phuljhar Market Yard under RMC Panposh.,Works,Open Tender,Percentage,Civil Works - Buildings,No,No,NA ,08-Apr-2021 11:00 AM,NA ,90.0,No ,No,Online,27-Apr-2021 04:00 PM,Odisha State Agricultural Marketing Board||RMC Panposh,Phuljhar,770044.0,2.0,"52,19,214",ABAKASH MISHRA,"5,193,117.92",Accepted-AOC,17-May-2021,Odisha State Agricultural Marketing Board||RMC Panposh,C2_Irrigation,rmc,Mitigation,False,False
2021_OWSSB_66556_1,01(3)/CESEPTAGE/2020-21,"Construction, Testing, Commissioning and trial run of Septage Treatment Facility 10 KLD in Banapur town of Khurda District, Odisha","Construction, Testing, Commissioning and trial run of Septage Treatment Facility 10 KLD in Banapur town of Khurda District, Odisha",Works,National Competitive Bid,Lump-sum,Civil Works - Others,No,No,NA ,19-Feb-2021 03:00 PM,NA ,120.0,No ,No,Online,09-Mar-2021 11:30 AM,Orissa Water Supply and Sewerage Board||Chief Engineer Septage OWSSB Bhubaneswar,Banapur,751007.0,2.0,,ARYA PRAKASH CHAMPATIRAY,"24,120,963",Accepted-AOC,31-May-2021,Orissa Water Supply and Sewerage Board||Chief Engineer Septage OWSSB Bhubaneswar,C8_Scheme,omm,Mitigation,False,False
2021_OWSSB_66920_1,02(01)/CESEPTAGE/2020-21,"Construction, Testing, Commissioning and Trial run of Septage Treatment Facility 10 KLD for Udala town in Mayurbhanj District, Odisha","Construction, Testing, Commissioning and Trial run of Septage Treatment Facility 10 KLD for Udala town in Mayurbhanj District, Odisha",Works,National Competitive Bid,Lump-sum,Civil Works - Others,No,No,NA ,09-Mar-2021 10:00 AM,NA ,120.0,No ,No,Online,26-Mar-2021 11:30 AM,Orissa Water Supply and Sewerage Board||Chief Engineer Septage OWSSB Bhubaneswar,"Udala, Mayurbhanj",751007.0,2.0,,ABHILASH BISWAL,"22,491,091",Accepted-AOC,31-May-2021,Orissa Water Supply and Sewerage Board||Chief Engineer Septage OWSSB Bhubaneswar,C8_Scheme,omm,Mitigation,False,False
2021_OWSSB_66921_1,02(2)/CESEPTAGE/2020-21,"Construction, Testing, Commissioning and Trial run of Septage Treatment Facility 10 KLD for Attabira town in Bargarh District, Odisha","Construction, Testing, Commissioning and Trial run of Septage Treatment Facility 10 KLD for Attabira town in Bargarh District, Odisha",Works,National Competitive Bid,Lump-sum,Civil Works - Others,No,No,NA ,09-Mar-2021 10:00 AM,NA ,120.0,No ,No,Online,26-Mar-2021 11:30 AM,Orissa Water Supply and Sewerage Board||Chief Engineer Septage OWSSB Bhubaneswar,Attabira,751007.0,2.0,,AMREEN BANU,"22,493,086",Accepted-AOC,31-May-2021,Orissa Water Supply and Sewerage Board||Chief Engineer Septage OWSSB Bhubaneswar,C8_Scheme,omm,Mitigation,False,False
2020_ORULB_63739_1,BMC(BAM)/230/2020-21,"Pilgrim Amenities and Community Center at Odia Baptist Church CNI ( Church of North India), Giri Road, BeMC, Berhampur","Pilgrim Amenities and Community Center at Odia Baptist Church CNI ( Church of North India), Giri Road, BeMC, Berhampur",Works,National Competitive Bid,Percentage,Civil Works - Buildings,No,No,NA ,12-Nov-2020 03:00 PM,NA ,120.0,No ,No,Online,14-Dec-2020 11:30 AM,Municipal Bodies||Brahmapur Municipal Corporation,BERHAMPUR,760002.0,2.0,,BELIEVE REALTY INFRA PRIVATE LIMITED,"8,501,028.94",Accepted-AOC,28-Oct-2021,Municipal Bodies||Brahmapur Municipal Corporation,C8_Scheme,omm,Unknown,False,False
2021_CEBBS_67763_19,Bid Identification No. EE-AID-1-2021-22,Protection to scoured bank on Sapua left near village Kasipur of Dhenkanal Sadar Block.,Protection to scoured bank on Sapua left near village Kasipur of Dhenkanal Sadar Block.,Works,Open Tender,Percentage,Civil Works - Others,No,No,NA ,16-Apr-2021 10:00 AM,NA ,90.0,No ,No,Online,27-Apr-2021 10:00 AM,CE and BM Brahmani Basin Samal||SE Angul Irrigation Circle Angul||EE Angul Irrigation Division Angul,Angul,759143.0,1.0,,ABHIRAM MALLIK,"1,069,268",Accepted-AOC,18-Oct-2021,CE and BM Brahmani Basin Samal||SE Angul Irrigation Circle Angul||EE Angul Irrigation Division Angul,C2_Irrigation,irrigation,Unknown,False,False
2021_CEBBS_67763_5,Bid Identification No. EE-AID-1-2021-22,Protection to scoured bank on Ramial left at Purapanda Tota near Rameswar Temple of Kamakhyanagar Block.,Protection to scoured bank on Ramial left at Purapanda Tota near Rameswar Temple of Kamakhyanagar Block.,Works,Open Tender,Percentage,Civil Works - Others,No,No,NA ,16-Apr-2021 10:00 AM,NA ,90.0,No ,No,Online,27-Apr-2021 10:00 AM,CE and BM Brahmani Basin Samal||SE Angul Irrigation Circle Angul||EE Angul Irrigation Division Angul,Angul,759143.0,1.0,,ANIL KUMAR SAHOO,"1,069,712",Accepted-AOC,16-Oct-2021,CE and BM Brahmani Basin Samal||SE Angul Irrigation Circle Angul||EE Angul Irrigation Division Angul,C2_Irrigation,irrigation,Unknown,False,False
2021_CELBB_69653_10,JKID-02 OF 2021-22,Sl.10-Improvement to Disty.No.7 1/4 from RD.600 M. to tail end.,Earth work and Cement Concrete work,Works,National Competitive Bid,Percentage,Civil Works - Others,No,No,NA ,16-Jul-2021 10:00 AM,NA ,90.0,No ,No,Online,27-Jul-2021 11:00 AM,"CE-BM,LMB Basin,BBSR||SE, Eastern Circle,Cuttack||EE,Jaraka Irr Division, Jaraka",Jaraka,755050.0,1.0,,ABHAYA KUMAR TARAI,"1,389,595",Accepted-AOC,11-Oct-2021,"CE-BM,LMB Basin,BBSR||SE, Eastern Circle,Cuttack||EE,Jaraka Irr Division, Jaraka",C2_Irrigation,irr ,Unknown,False,False
2021_CEMIB_68697_7,DMID/01/2021-22,Repair to Jhumpan MIP in Gondia Block of Dhenkanal District under Critical grant for the year 2021-22,Repair to Jhumpan MIP in Gondia Block of Dhenkanal District under Critical grant for the year 2021-22,Works,Open Tender,Percentage,Civil Works - Others,No,No,NA ,28-May-2021 10:00 AM,NA ,90.0,No ,No,Online,09-Jun-2021 11:00 AM,"CE,Minor Irrigation,BBSR||SENMIC-SAMBALPUR||DHENKANAL",Dhenkanal,759001.0,1.0,,AJIT KUMAR SETHY,"1,418,316",Accepted-AOC,28-Oct-2021,"CE,Minor Irrigation,BBSR||SENMIC-SAMBALPUR||DHENKANAL",C1_WaterConservation|C2_Irrigation,irrigation|minor irrigation|mip,DamageResponse,False,False
2021_CEMIB_69720_1,04/MID RGD/2021-22,Improvement to Indupur MIP in Padampur Block of Rayagada District under Green climate Fund 2021-22,Improvement to Indupur MIP in Padampur Block of Rayagada District under Green climate Fund 2021-22,Works,National Competitive Bid,Percentage,Civil Works - Others,No,No,NA ,13-Jul-2021 06:00 PM,NA ,90.0,No ,No,Online,26-Jul-2021 11:00 AM,"CE,Minor Irrigation,BBSR||SE,KBK Minor Irr.CircleII,Jeypore||EE M.I. Division Rayagada",Rayagada,765001.0,1.0,"1,56,005",ALPA SATISH KUMAR,"132,619.73",Accepted-AOC,05-Oct-2021,"CE,Minor Irrigation,BBSR||SE,KBK Minor Irr.CircleII,Jeypore||EE M.I. Division Rayagada",C1_WaterConservation|C2_Irrigation,irrigation|minor irrigation|mip,Mitigation,False,False
2021_OLIC_66620_14,OLIC-BPT-08/2020-21,NEW REVIVAL DEFUNCT LIPs WORK INSTALLATION AND ENERGISATION OF KUSUMEL IST UNIT AND 2ND UNIT OF LIPs UNDER M. RAMPUR BLOCK IN KALAHANDI DISTRICT,"Construction of Head works, Distribution System and energisation including power supply work",Works,Open Tender,Percentage,Civil Works - Lift Irrigation Schemes,No,No,NA ,23-Feb-2021 01:00 PM,NA ,365.0,No ,No,Online,09-Mar-2021 11:00 AM,Orissa Lift Irrigation Corporation||LI Western Circle Bhawanipatna||LI Division Bhawanipatna,"M. RAMPUR, Dist. Kalahandi",766001.0,1.0,,"M/S SHIVANI INFRASTRUCTURE AND SUPPLIERS, PROP. YASH AGRAWAL","1,318,146",Accepted-AOC,02-Oct-2021,Orissa Lift Irrigation Corporation||LI Western Circle Bhawanipatna||LI Division Bhawanipatna,C2_Irrigation,irrigation|lift irrigation,Mitigation,False,False
2021_OLIC_66620_15,OLIC-BPT-08/2020-21,NEW REVIVAL DEFUNCT LIPs WORK INSTALLATION AND ENERGISATION OF BHATEL-V OF LIPs UNDER NARLA BLOCK IN KALAHANDI DISTRICT,"Construction of Head works, Distribution System and energisation including power supply work",Works,Open Tender,Percentage,Civil Works - Lift Irrigation Schemes,No,No,NA ,23-Feb-2021 02:00 PM,NA ,365.0,No ,No,Online,09-Mar-2021 11:00 AM,Orissa Lift Irrigation Corporation||LI Western Circle Bhawanipatna||LI Division Bhawanipatna,"NARLA, Dist. Kalahandi",766001.0,1.0,,"M/S SHIVANI INFRASTRUCTURE AND SUPPLIERS, PROP. YASH AGRAWAL","968,886",Accepted-AOC,02-Oct-2021,Orissa Lift Irrigation Corporation||LI Western Circle Bhawanipatna||LI Division Bhawanipatna,C2_Irrigation,irrigation|lift irrigation,Mitigation,False,False
2021_OLIC_66620_16,OLIC-BPT-08/2020-21,NEW REVIVAL DEFUNCT LIPs WORK INSTALLATION AND ENERGISATION OF DUDALO-I OF LIPs UNDER NARLA BLOCK IN KALAHANDI DISTRICT,"Construction of Head works, Distribution System and energisation including power supply work",Works,Open Tender,Percentage,Civil Works - Lift Irrigation Schemes,No,No,NA ,23-Feb-2021 02:00 PM,NA ,365.0,No ,No,Online,09-Mar-2021 11:00 AM,Orissa Lift Irrigation Corporation||LI Western Circle Bhawanipatna||LI Division Bhawanipatna,"NARLA, Dist. Kalahandi",766001.0,1.0,,"M/S SHIVANI INFRASTRUCTURE AND SUPPLIERS, PROP. YASH AGRAWAL","1,092,707",Accepted-AOC,02-Oct-2021,Orissa Lift Irrigation Corporation||LI Western Circle Bhawanipatna||LI Division Bhawanipatna,C2_Irrigation,irrigation|lift irrigation,Mitigation,False,False
2021_OLIC_66620_17,OLIC-BPT-08/2020-21,NEW REVIVAL DEFUNCT LIPs WORK INSTALLATION AND ENERGISATION OF LAMSINGA-I OF LIPs UNDER NARLA BLOCK IN KALAHANDI DISTRICT,"Construction of Head works, Distribution System and energisation including power supply work",Works,Open Tender,Percentage,Civil Works - Lift Irrigation Schemes,No,No,NA ,23-Feb-2021 02:00 PM,NA ,365.0,No ,No,Online,09-Mar-2021 11:00 AM,Orissa Lift Irrigation Corporation||LI Western Circle Bhawanipatna||LI Division Bhawanipatna,"NARLA, Dist. Kalahandi",766001.0,1.0,,"M/S SHIVANI INFRASTRUCTURE AND SUPPLIERS, PROP. YASH AGRAWAL","1,629,047",Accepted-AOC,02-Oct-2021,Orissa Lift Irrigation Corporation||LI Western Circle Bhawanipatna||LI Division Bhawanipatna,C2_Irrigation,irrigation|lift irrigation,Mitigation,False,False
2021_OLIC_66620_18,OLIC-BPT-08/2020-21,NEW REVIVAL DEFUNCT LIPs WORK INSTALLATION AND ENERGISATION OF REKHAPUR OF LIPs UNDER NARLA BLOCK IN KALAHANDI DISTRICT,"Construction of Head works, Distribution System and energisation including power supply work",Works,Open Tender,Percentage,Civil Works - Lift Irrigation Schemes,No,No,NA ,23-Feb-2021 02:00 PM,NA ,365.0,No ,No,Online,09-Mar-2021 11:00 AM,Orissa Lift Irrigation Corporation||LI Western Circle Bhawanipatna||LI Division Bhawanipatna,"NARLA, Dist. Kalahandi",766001.0,1.0,,"M/S SHIVANI INFRASTRUCTURE AND SUPPLIERS, PROP. YASH AGRAWAL","1,550,283",Accepted-AOC,02-Oct-2021,Orissa Lift Irrigation Corporation||LI Western Circle Bhawanipatna||LI Division Bhawanipatna,C2_Irrigation,irrigation|lift irrigation,Mitigation,False,False
2021_OLIC_66648_5,OLIC-BPT-08/2020-21,NEW REVIVAL DEFUNCT LIPs WORK INSTALLATION AND ENERGISATION OF KACHHARPALI-IV OF LIPs UNDER M. RAMPUR BLOCK IN KALAHANDI DISTRICT,"Construction of Head works, Distribution System and energisation including power supply work",Works,Open Tender,Percentage,Civil Works - Lift Irrigation Schemes,No,No,NA ,24-Feb-2021 09:00 AM,NA ,365.0,No ,No,Online,09-Mar-2021 11:00 AM,Orissa Lift Irrigation Corporation||LI Western Circle Bhawanipatna||LI Division Bhawanipatna,"M. RAMPUR, Dist. Kalahandi",766001.0,1.0,,"M/S SHIVANI INFRASTRUCTURE AND SUPPLIERS, PROP. YASH AGRAWAL","877,701",Accepted-AOC,02-Oct-2021,Orissa Lift Irrigation Corporation||LI Western Circle Bhawanipatna||LI Division Bhawanipatna,C2_Irrigation,irrigation|lift irrigation,Mitigation,False,False
2021_OLIC_66648_6,OLIC-BPT-08/2020-21,NEW REVIVAL DEFUNCT LIPs WORK INSTALLATION AND ENERGISATION OF DHANRAMAL OF LIPs UNDER NARLA BLOCK IN KALAHANDI DISTRICT,"Construction of Head works, Distribution System and energisation including power supply work",Works,Open Tender,Percentage,Civil Works - Lift Irrigation Schemes,No,No,NA ,24-Feb-2021 09:00 AM,NA ,365.0,No ,No,Online,09-Mar-2021 11:00 AM,Orissa Lift Irrigation Corporation||LI Western Circle Bhawanipatna||LI Division Bhawanipatna,"NARLA, Dist. Kalahandi",766001.0,1.0,,"M/S SHIVANI INFRASTRUCTURE AND SUPPLIERS, PROP. YASH AGRAWAL","888,163",Accepted-AOC,02-Oct-2021,Orissa Lift Irrigation Corporation||LI Western Circle Bhawanipatna||LI Division Bhawanipatna,C2_Irrigation,irrigation|lift irrigation,Mitigation,False,False
2021_OPEPA_69938_150,DPC/SS/5OF2021-21,Improvement of Infrastructure Civil Electrical PH Repair Renovation in the School ALEXANDER NODAL UP SCHOOL UNDER BIRAMITRAPUR MPL,Improvement of Infrastructure Civil Electrical PH Repair Renovation in the School ALEXANDER NODAL UP SCHOOL UNDER BIRAMITRAPUR MPL,Works,Open Tender,Percentage,Civil Works - Buildings,No,No,NA ,28-Jul-2021 03:00 PM,NA ,90.0,No ,No,Online,13-Aug-2021 10:00 AM,OPEPA Bhubaneswar||Samagra Shiksha Sundargarh,SUNDARGARH,770001.0,2.0,"1,11,16,255",ETWA BECK,"9,982,397.55",Accepted-AOC,22-Oct-2021,OPEPA Bhubaneswar||Samagra Shiksha Sundargarh,C1_WaterConservation,mit,DamageResponse,False,False
2021_OSAMB_70753_1,Bid Identification No. 01 of 2021-22,Construction of PGCI covershed in various PPPC and Market yards under Gaisilat Block,covershed and building works,Works,Open Tender,Percentage,Civil Works - Buildings,No,No,NA ,02-Sep-2021 02:00 PM,NA ,90.0,No ,No,Online,18-Sep-2021 11:00 AM,Odisha State Agricultural Marketing Board||RMC Padampur,Different Makret yards and PPC under Gaisilat Bloc,768037.0,2.0,"1,08,57,884",ABAKASH MISHRA,"9,772,107",Accepted-AOC,04-Oct-2021,Odisha State Agricultural Marketing Board||RMC Padampur,C2_Irrigation,rmc,Unknown,False,False
2021_OSAMB_70754_1,Bid Identification No.01 of 2021-22,Construciton of PGCI covershed in various PPC and Market yards under Jharbandh Block,Covershed and building works,Works,Open Tender,Percentage,Civil Works - Buildings,No,No,NA ,02-Sep-2021 02:00 PM,NA ,90.0,No ,No,Online,18-Sep-2021 11:00 AM,Odisha State Agricultural Marketing Board||RMC Padampur,Different market yards and PPC under Jharbandh,768042.0,2.0,"2,70,72,818",ABAKASH MISHRA,"26,739,823",Accepted-AOC,04-Oct-2021,Odisha State Agricultural Marketing Board||RMC Padampur,C2_Irrigation,rmc,Unknown,False,False
2021_OSAMB_70755_1,Bid Identification No. 01 of 2021-22,Construction of PGCI covershed in various PPC and market yards under Paikmal Block,Covershed and Building works,Works,Open Tender,Percentage,Civil Works - Buildings,No,No,NA ,02-Sep-2021 02:00 PM,NA ,90.0,No ,No,Online,18-Sep-2021 11:00 AM,Odisha State Agricultural Marketing Board||RMC Padampur,Different PPC and MY under Paikmal Block,768039.0,2.0,"1,72,70,498",ABAKASH MISHRA,"16,982,081",Accepted-AOC,04-Oct-2021,Odisha State Agricultural Marketing Board||RMC Padampur,C2_Irrigation,rmc,Unknown,False,False
2021_OSAMB_70756_1,Bid Identification No.01 of 2021-22,Construction of PGCI covershed in various PPC and Market Yards under Rajborasambar Block,Covershed and Building works,Works,Open Tender,Percentage,Civil Works - Buildings,No,No,NA ,02-Sep-2021 02:00 PM,NA ,90.0,No ,No,Online,18-Sep-2021 11:00 AM,Odisha State Agricultural Marketing Board||RMC Padampur,Different MY and PPC under Rajborasambar block,768036.0,2.0,"1,27,10,496",ABAKASH MISHRA,"11,439,574",Accepted-AOC,04-Oct-2021,Odisha State Agricultural Marketing Board||RMC Padampur,C2_Irrigation,rmc,Unknown,False,False
2021_PHEO_69561_1,SEPHSBP-03(2)/2021-22 Dt. 25.06.2021,Improvement of Water Supply with construction of GSR and ancillary arrangement for water supply to Rairakhol Town under State Plan 2020-21,Improvement of Water Supply with construction of GSR and ancillary arrangement for water supply to Rairakhol Town under State Plan 2020-21,Works,National Competitive Bid,Percentage,Civil Works - Water Works,No,No,NA ,17-Jul-2021 11:00 AM,NA ,180.0,No ,No,Online,03-Aug-2021 11:30 AM,PHEO||SEPH-CIRCLE-SAMBALPUR||EEPH-DIVN-SAMBALPUR,Rairakhol,768106.0,2.0,,DILLIP KUMAR BEHERA,"5,680,211",Accepted-AOC,28-Oct-2021,PHEO||SEPH-CIRCLE-SAMBALPUR||EEPH-DIVN-SAMBALPUR,C2_Irrigation,gsr,Mitigation,False,False
2021_PHEO_69805_1,10-2/03/SPH(C)/ 2021 -22 dt. 08.07.2021,Providing potable drinking water by raising of platform of hand pump tube well during exigency like flood in Aska NAC under 13-4215,Providing potable drinking water by raising of platform of hand pump tube well during exigency like flood in Aska NAC under 13-4215,Works,National Competitive Bid,Percentage,Civil Works - Water Works,No,No,NA ,16-Jul-2021 12:00 PM,NA ,120.0,No ,No,Online,02-Aug-2021 11:30 AM,PHEO||SEPH-CIRCLE-BERHAMPUR||EEPH-DIVN-CHHATRAPUR,Aska,761110.0,1.0,,KUNA SETHI,"1,868,472",Accepted-AOC,26-Oct-2021,PHEO||SEPH-CIRCLE-BERHAMPUR||EEPH-DIVN-CHHATRAPUR,C2_Irrigation,tube well,Mitigation,False,False
2021_PHEO_69809_1,10-1/03/SPH(C)/ 2021 -22 dt. 08.07.2021,Providing potable drinking water by raising of platform of hand pump tube well during exigency like flood in Purusottampur NAC under 13-4215,Providing potable drinking water by raising of platform of hand pump tube well during exigency like flood in Purusottampur NAC under 13-4215,Works,National Competitive Bid,Percentage,Civil Works - Water Works,No,No,NA ,16-Jul-2021 01:00 PM,NA ,120.0,No ,No,Online,02-Aug-2021 11:30 AM,PHEO||SEPH-CIRCLE-BERHAMPUR||EEPH-DIVN-CHHATRAPUR,Purusottampur,761018.0,1.0,,Baburam Behera,"1,908,235",Accepted-AOC,26-Oct-2021,PHEO||SEPH-CIRCLE-BERHAMPUR||EEPH-DIVN-CHHATRAPUR,C2_Irrigation,tube well,Mitigation,False,False
2018_OLIC_49506_2,EEOLICSBP-14/2018-19,"Installation Rajpur-III, Purunacharmal and Lakhanpur L.I.P. under Lakhanpur Block in Jharsuguda District","Installation Rajpur-III, Purunacharmal and Lakhanpur L.I.P. under Lakhanpur Block in Jharsuguda District",Works,Open Tender,Percentage,Civil Works - Lift Irrigation Schemes,No,No,NA ,19-Sep-2018 10:00 AM,NA ,120.0,No ,No,Online,11-Oct-2018 11:00 AM,Orissa Lift Irrigation Corporation||LI Northern Circle Sambalpur||LI Division Sambalpur,Lakhanpur,768001.0,2.0,"62,74,963",SUDHIR KUMAR SAIDEO,"6,275,062.08",Accepted-AOC,15-Sep-2021,Orissa Lift Irrigation Corporation||LI Northern Circle Sambalpur||LI Division Sambalpur,C2_Irrigation,irrigation|l.i.|lift irrigation,Mitigation,False,False
2019_IDCO_56692_1,PC/EST/E-22/2019-20,"Supply installationtesting and commissioning of LED Screen in the Conference hall of Director of EPM at Raptani Bhawan,Nayapalli,Bhubaneswar",Supply installation testing and commissioning of LED Screen in the Conference hall of Director of EPM at Raptani Bhawan Nayapalli Bhubaneswar,Works,National Competitive Bid,Percentage,Electrical Works,No,No,NA ,14-Oct-2019 12:00 PM,21-Oct-2019 03:30 PM ,105.0,No ,No,Online,07-Nov-2019 11:30 AM,IDCO||IDCO,"Raptani Bhawan,Nayapalli",751012.0,2.0,"23,99,120",Addsoft Technologies Private Limited,"2,039,492.13",Accepted-AOC,22-Sep-2021,IDCO||IDCO,C8_Scheme,omm,Mitigation,False,False
2019_OLIC_52407_5,19/18-19,Installation of new and revival of defunct LI Project of Silda KFW TW,Installation of new and revival of defunct LI Project of Silda KFW TW,Works,Open Tender,Item Rate,Civil Works - Lift Irrigation Schemes,No,No,NA ,14-Jan-2019 04:00 PM,NA ,60.0,No ,No,Online,25-Jan-2019 11:00 AM,"Orissa Lift Irrigation Corporation||LI,Central Circle, Cuttack||LI Division Cuttack",Niali Block,753007.0,2.0,"6,58,000",SANTOSH OJHA,6.31,Accepted-AOC,06-Sep-2021,"Orissa Lift Irrigation Corporation||LI,Central Circle, Cuttack||LI Division Cuttack",C2_Irrigation|C3_Drought,defunct|irrigation|lift irrigation|revival|tw ,Mitigation,False,False
2020_EICCL_63787_1,CE-WBP(O)-11/2020-21,Construction of H.L. Bridge over Haripur Nallah including release vents at 3rd km of Haripur- Udayapur road in the District of Angul under NABARD Assistance RIDF-XXVI,Construction of H.L. Bridge over Haripur Nallah including release vents at 3rd km of Haripur- Udayapur road in the District of Angul under NABARD Assistance RIDF-XXVI,Works,Open Tender,Percentage,Civil Works - Bridges,No,No,NA ,19-Nov-2020 02:40 PM,20-Nov-2020 11:30 AM ,90.0,No ,No,Online,12-Jan-2021 11:30 AM,EIC-CIVIL||EIC-CIVIL,In the District of Angul,751001.0,2.0,,BKD INFRASTRUCTURE PRIVATE LIMITED,"356,127,903",Accepted-AOC,22-Sep-2021,EIC-CIVIL||EIC-CIVIL,C8_Scheme,nabard|ridf,Mitigation,False,False
2020_OLIC_63546_52,1601_28_10_2020,Sathiatikiri TW,Installation Energisation and Revival of Lift Irrigation Projects on turnkey basis for the Sathiatikiri TW project at Jajpur Block in Jajpur District,Works,Open Tender,Percentage,Civil Works - Lift Irrigation Schemes,No,No,NA ,12-Nov-2020 10:00 AM,NA ,180.0,No ,No,Online,21-Nov-2020 11:00 AM,"Orissa Lift Irrigation Corporation||LI,Central Circle, Cuttack||LI Division Jajpur Road",Jajpur Road,755019.0,2.0,,Anushka Infrastructure Prop -Hrushi Kesha Pati,"751,207.16",Accepted-AOC,01-Sep-2021,"Orissa Lift Irrigation Corporation||LI,Central Circle, Cuttack||LI Division Jajpur Road",C2_Irrigation|C3_Drought,irrigation|lift irrigation|revival|tw ,Mitigation,False,False
2020_OLIC_64725_14,EEOLICSBP-07/2020-21,Installation of Dalpatpali-III RL Project under Rengali Block in Sambalpur District,Installation of Dalpatpali-III RL Project under Rengali Block in Sambalpur District,Works,Open Tender,Percentage,Civil Works - Lift Irrigation Schemes,No,No,NA ,18-Dec-2020 10:00 AM,NA ,120.0,No ,No,Online,31-Dec-2020 10:00 AM,Orissa Lift Irrigation Corporation||LI Northern Circle Sambalpur||LI Division Sambalpur,Rengali,768212.0,1.0,"38,24,489",BHISHMA BERIHA,"3,535,358",Accepted-AOC,15-Sep-2021,Orissa Lift Irrigation Corporation||LI Northern Circle Sambalpur||LI Division Sambalpur,C2_Irrigation,irrigation|lift irrigation,Mitigation,False,False
2020_OLIC_64725_15,EEOLICSBP-07/2020-21,Installation of Deheripali-III RL Project under Rengali Block in Sambalpur District,Installation of Deheripali-III RL Project under Rengali Block in Sambalpur District,Works,Open Tender,Percentage,Civil Works - Lift Irrigation Schemes,No,No,NA ,18-Dec-2020 10:00 AM,NA ,120.0,No ,No,Online,31-Dec-2020 10:00 AM,Orissa Lift Irrigation Corporation||LI Northern Circle Sambalpur||LI Division Sambalpur,Rengali,768212.0,1.0,"38,15,131",DIPAK RANJAN BEHERA,"3,243,243",Accepted-AOC,15-Sep-2021,Orissa Lift Irrigation Corporation||LI Northern Circle Sambalpur||LI Division Sambalpur,C2_Irrigation,irrigation|lift irrigation,Mitigation,False,False
2021_CEMWR_67263_1,EE/MDA-23(5)/ 2020-21,"Fabrication, Supply and Erection of Gate and Hoist of Malbeda Check Dam of Chandahandi Block Under Minor Irrigation Sub-Division, Chandahandi",Mechanical Works,Works,Open Tender,Percentage,Mechanical Works,No,No,NA ,19-Mar-2021 10:00 AM,NA ,90.0,No ,No,Online,31-Mar-2021 12:00 PM,"Chief Engineer Mech - WR Bhubaneswar||SE, Mechanical, MIP, Hirakud||EE, Mech Divn, Ambaguda",AMBAGUDA,764055.0,1.0,,Md Yousuf Hussain,"686,516.04",Accepted-AOC,01-Sep-2021,"Chief Engineer Mech - WR Bhubaneswar||SE, Mechanical, MIP, Hirakud||EE, Mech Divn, Ambaguda",C1_WaterConservation,mip,Unknown,False,False
2021_CERWI_68721_2,RWDKNJ 01/2021-22,"Periodical maintenance such as GSB, WBM renewal coat with SDBC of","Periodical maintenance such as GSB, WBM renewal coat with SDBC of A Rasamtala to Hatibari Road for 2021 22 B Sunaposi- Baliposi- Bishipur Road for 2021 22",Works,Open Tender,Percentage,Civil Works - Roads,No,No,NA ,26-May-2021 09:00 AM,NA ,90.0,No ,No,Online,07-Jun-2021 11:00 AM,CE RW I||RWCIRCLE-BARIPADA||RW Division Karanjia,"Karanjia, Mayurbhanj",757037.0,2.0,"41,07,000",Purna Chandra Behera,"4,306,793",Accepted-AOC,23-Sep-2021,CE RW I||RWCIRCLE-BARIPADA||RW Division Karanjia,C2_Irrigation,lip,Unknown,False,False
2021_CEUIP_69662_3,"EE-RCD-I-06(01-04)/21-22, Dt.02.07.2021",Maintenance of Minors and Sub-Minors of RMC from RD 21.432KM to 41.00KM for Khariff Irrigation 2021,Repair of Minors,Works,National Competitive Bid,Percentage,Civil Works - Canal,No,No,NA ,09-Jul-2021 10:00 AM,NA ,90.0,No ,No,Online,22-Jul-2021 10:00 AM,"CCE Upper Indravati Irrigation Project Mukhiguda||CCE Upper Indravati Irrigation Project Mukhiguda||EE, Right Canal Divn-I, Mukhiguda",MUKHIGUDA,766026.0,1.0,"3,66,986",Achutanand Mund,"311,975",Accepted-AOC,11-Sep-2021,"CCE Upper Indravati Irrigation Project Mukhiguda||CCE Upper Indravati Irrigation Project Mukhiguda||EE, Right Canal Divn-I, Mukhiguda",C2_Irrigation,canal|irrigation,DamageResponse,False,False
2021_EICCL_65960_1,EE-35/2020-21,Construction of Fixed Vision Centre (FVC) under UEH SUNETRA at CHC Badasahi in the District of Mayurbhanj for the year 2020-21 (Composite Tender),Construction of Fixed Vision Centre (FVC) under UEH SUNETRA at CHC Badasahi in the District of Mayurbhanj for the year 2020-21 (Composite Tender),Works,Open Tender,Percentage,Civil Works - Buildings,No,No,NA ,02-Feb-2021 10:15 AM,NA ,90.0,No ,No,Online,10-Feb-2021 11:00 AM,EIC-CIVIL||SERNB-CIRCLE-EASTERN||EERNB-DIVN-BARIPADA,Baripada,757001.0,1.0,,ABINASH KUMAR MOHANTY,"86,749",Accepted-AOC,13-Sep-2021,EIC-CIVIL||SERNB-CIRCLE-EASTERN||EERNB-DIVN-BARIPADA,C7_PostHarvestSupply,chc,Mitigation,False,False
2021_EICCL_68220_1,BID01 of 2021-22,Widening of Rajamunda bypass Chowk -Rajamunda Tumkela Ghat (Original Defunct NH-23) from Ch 286/700Km to 287/450Km in the district of Sundargarh under DMF fund.for the Year 2020-21,Widening of Rajamunda bypass Chowk -Rajamunda Tumkela Ghat (Original Defunct NH-23) from Ch 286/700Km to 287/450Km in the district of Sundargarh under DMF fund.for the Year 2020-21,Works,Open Tender,Percentage,Civil Works - Roads,No,No,NA ,06-May-2021 05:00 PM,NA ,90.0,No ,No,Online,03-Jun-2021 11:00 AM,EIC-CIVIL||SERNB-CIRCLE-KEONJHAR||EERNB-DIVN-ROURKELA,Rourkela,769012.0,2.0,"86,96,511",Lingaraj Pradhan,"7,827,730",Accepted-AOC,06-Sep-2021,EIC-CIVIL||SERNB-CIRCLE-KEONJHAR||EERNB-DIVN-ROURKELA,C3_Drought,defunct,Mitigation,False,False
2021_EICCL_68220_2,BID01 of 2021-22,Widening of Lahangapada-Rajamunda Chowk(Original defunctNH-215) road from Ch 1/450Km to 2/162Km in the district of Sundargarh under DMF fund.for the Year 2020-21,Widening of Lahangapada-Rajamunda Chowk(Original defunctNH-215) road from Ch 1/450Km to 2/162Km in the district of Sundargarh under DMF fund.for the Year 2020-21,Works,Open Tender,Percentage,Civil Works - Roads,No,No,NA ,06-May-2021 05:00 PM,NA ,90.0,No ,No,Online,03-Jun-2021 11:00 AM,EIC-CIVIL||SERNB-CIRCLE-KEONJHAR||EERNB-DIVN-ROURKELA,Rourkela,769012.0,2.0,"79,49,953",Lingaraj Pradhan,"7,162,908",Accepted-AOC,06-Sep-2021,EIC-CIVIL||SERNB-CIRCLE-KEONJHAR||EERNB-DIVN-ROURKELA,C3_Drought,defunct,Mitigation,False,False
2021_OBCC_69274_1,03/SPM(OBCC INFRA)/2021-22,"Supplying, installation, testing and commissioning of 100 KVA, 415V, 50HZ Silent type DG Set, AMF Panel, Bus Ducting/ Cables from DG Sets to Essential Panel etc. complete in all respect for OBCC Building at Vikash Bhavan, Nayapali, Bhubaneswar","Supplying, installation, testing and commissioning of 100 KVA, 415V, 50HZ Silent type DG Set, AMF Panel, Bus Ducting/ Cables from DG Sets to Essential Panel etc. complete in all respect for OBCC Building at Vikash Bhavan, Nayapali, Bhubaneswar",Works,Open Tender,Percentage,Electrical Works,No,No,NA ,22-Jun-2021 06:30 PM,NA ,90.0,No ,No,Online,01-Jul-2021 11:30 AM,Orissa Bridge and Construction Corporation Ltd,"Vikash Bhavan, Nayapali, Bhubaneswar",751012.0,2.0,"9,82,143",GSP POWER PROJECTS RETAIL DIVISION,"834,919.76",Accepted-AOC,15-Sep-2021,Orissa Bridge and Construction Corporation Ltd,C8_Scheme,omm,Mitigation,False,False
2021_OLIC_66448_27,07/2020-21-459/OLIC (BDK) dt. 09.02.2021,BANGALISAHI,BANGALISAHI,Works,Open Tender,Turn-key,Civil Works - Lift Irrigation Schemes,No,No,NA ,17-Feb-2021 04:00 PM,NA ,180.0,No ,No,Online,26-Feb-2021 11:00 AM,Orissa Lift Irrigation Corporation||LI BALASORE||LI Division Bhadrak,BHADRAK,756100.0,1.0,"13,32,376",Khageswar Mahalik,"1,239,110",Accepted-AOC,13-Sep-2021,Orissa Lift Irrigation Corporation||LI BALASORE||LI Division Bhadrak,C2_Irrigation,irrigation|lift irrigation,Unknown,False,False
2021_OLIC_67184_1,OLIC-BPT-09/2020-21,NEW REVIVAL DEFUNCT LIPs WORK INSTALLATION AND ENERGISATION OF KUTINGAPADAR-II OF LIPs UNDER KESINGA BLOCK IN KALAHANDI DISTRICT,"Construction of Head works, Distribution System and energisation including power supply work",Works,Open Tender,Percentage,Civil Works - Lift Irrigation Schemes,No,No,NA ,15-Mar-2021 06:00 PM,NA ,365.0,No ,No,Online,26-Mar-2021 11:00 AM,Orissa Lift Irrigation Corporation||LI Western Circle Bhawanipatna||LI Division Bhawanipatna,"Kesinga, Dist. Kalahandi",766001.0,1.0,,"M/S SHIVANI INFRASTRUCTURE AND SUPPLIERS, PROP. YASH AGRAWAL","2,305,206",Accepted-AOC,28-Sep-2021,Orissa Lift Irrigation Corporation||LI Western Circle Bhawanipatna||LI Division Bhawanipatna,C2_Irrigation,irrigation|lift irrigation,Mitigation,False,False
2021_OLIC_67184_12,OLIC-BPT-09/2020-21,NEW REVIVAL DEFUNCT LIPs WORK INSTALLATION AND ENERGISATION OF CHHATIGUDA II OF LIPs UNDER BHAWANIPATNA BLOCK IN KALAHANDI DISTRICT,"Construction of Head works, Distribution System and energisation including power supply work",Works,Open Tender,Percentage,Civil Works - Lift Irrigation Schemes,No,No,NA ,15-Mar-2021 06:00 PM,NA ,365.0,No ,No,Online,26-Mar-2021 11:00 AM,Orissa Lift Irrigation Corporation||LI Western Circle Bhawanipatna||LI Division Bhawanipatna,"Bhawanipatna, Dist. Kalahandi",766001.0,1.0,,"M/S SHIVANI INFRASTRUCTURE AND SUPPLIERS, PROP. YASH AGRAWAL","1,229,511",Accepted-AOC,28-Sep-2021,Orissa Lift Irrigation Corporation||LI Western Circle Bhawanipatna||LI Division Bhawanipatna,C2_Irrigation,irrigation|lift irrigation,Mitigation,False,False
2021_OLIC_67184_4,OLIC-BPT-09/2020-21,NEW REVIVAL DEFUNCT LIPs WORK INSTALLATION AND ENERGISATION OF ASURGADA VIII OF LIPs UNDER NARLA BLOCK IN KALAHANDI DISTRICT,"Construction of Head works, Distribution System and energisation including power supply work",Works,Open Tender,Percentage,Civil Works - Lift Irrigation Schemes,No,No,NA ,15-Mar-2021 06:00 PM,NA ,365.0,No ,No,Online,26-Mar-2021 11:00 AM,Orissa Lift Irrigation Corporation||LI Western Circle Bhawanipatna||LI Division Bhawanipatna,"NARLA, Dist. Kalahandi",766001.0,1.0,,"M/S SHIVANI INFRASTRUCTURE AND SUPPLIERS, PROP. YASH AGRAWAL","2,304,022",Accepted-AOC,28-Sep-2021,Orissa Lift Irrigation Corporation||LI Western Circle Bhawanipatna||LI Division Bhawanipatna,C2_Irrigation,irrigation|lift irrigation,Mitigation,False,False
2021_OLIC_67184_5,OLIC-BPT-09/2020-21,NEW REVIVAL DEFUNCT LIPs WORK INSTALLATION AND ENERGISATION OF KERNAPALA III OF LIPs UNDER KARLAMUNDA BLOCK IN KALAHANDI DISTRICT,"Construction of Head works, Distribution System and energisation including power supply work",Works,Open Tender,Percentage,Civil Works - Lift Irrigation Schemes,No,No,NA ,15-Mar-2021 06:00 PM,NA ,365.0,No ,No,Online,26-Mar-2021 11:00 AM,Orissa Lift Irrigation Corporation||LI Western Circle Bhawanipatna||LI Division Bhawanipatna,"KARLAMUNDA, Dist. Kalahandi",766001.0,1.0,,"M/S SHIVANI INFRASTRUCTURE AND SUPPLIERS, PROP. YASH AGRAWAL","2,299,051",Accepted-AOC,28-Sep-2021,Orissa Lift Irrigation Corporation||LI Western Circle Bhawanipatna||LI Division Bhawanipatna,C2_Irrigation,irrigation|lift irrigation,Mitigation,False,False
2021_OSAMB_67879_11,01/219/13.04.2021/2020-21,Repair and Renovation of CAP Storage and Construction of CC Road at Kutra LAMPCS at Kutra Block under RMC Sargipali out of DMF 2020-21.,Repair and Renovation of CAP Storage and Construction of CC Road at Kutra LAMPCS at Kutra Block under RMC Sargipali out of DMF 2020-21.,Works,Open Tender,Percentage,Civil Works - Buildings,No,No,NA ,19-Apr-2021 11:00 AM,NA ,90.0,No ,No,Online,29-Apr-2021 10:00 AM,Odisha State Agricultural Marketing Board||RMC Sargipali,Kutra Block,770018.0,1.0,"12,04,324",Dillip Kumar Gidhi,"1,023,795.86",Accepted-AOC,22-Sep-2021,Odisha State Agricultural Marketing Board||RMC Sargipali,C2_Irrigation|C4_FloodCyclone,mpcs|rmc,DamageResponse,False,False
2021_OSAMB_67879_13,01/219/13.04.2021/2020-21,Repair and Renovation of CAP Storage at Subdega LAMPCS at Subdega Block under RMC Sargipali out of DMF 2020-21.,Repair and Renovation of CAP Storage at Subdega LAMPCS at Subdega Block under RMC Sargipali out of DMF 2020-21.,Works,Open Tender,Percentage,Civil Works - Buildings,No,No,NA ,19-Apr-2021 11:00 AM,NA ,90.0,No ,No,Online,29-Apr-2021 10:00 AM,Odisha State Agricultural Marketing Board||RMC Sargipali,Subdega Block,770014.0,1.0,"12,60,809",Dillip Kumar Gidhi,"1,071,813.94",Accepted-AOC,22-Sep-2021,Odisha State Agricultural Marketing Board||RMC Sargipali,C2_Irrigation|C4_FloodCyclone,mpcs|rmc,DamageResponse,False,False
2021_OSAMB_67879_14,01/219/13.04.2021/2020-21,Construction of Godown cum Storage Room and Paveyard at Laikera PPC under Hemgir LAMPCS at Hemgir Block under RMC Sargipali out of DMF 2020-21.,Construction of Godown cum Storage Room and Paveyard at Laikera PPC under Hemgir LAMPCS at Hemgir Block under RMC Sargipali out of DMF 2020-21.,Works,Open Tender,Percentage,Civil Works - Buildings,No,No,NA ,19-Apr-2021 11:00 AM,NA ,90.0,No ,No,Online,29-Apr-2021 10:00 AM,Odisha State Agricultural Marketing Board||RMC Sargipali,Hemgir Block,770013.0,1.0,,Dillip Kumar Gidhi,"1,450,313.67",Accepted-AOC,22-Sep-2021,Odisha State Agricultural Marketing Board||RMC Sargipali,C2_Irrigation|C4_FloodCyclone,mpcs|rmc,Mitigation,False,False
2021_OSAMB_67879_16,01/219/13.04.2021/2020-21,Construction of Grading laboratory Room at Ujalpur Market Yard Under RMC sargipali out of DMF 2020-21.,Construction of Grading laboratory Room at Ujalpur Market Yard Under RMC Sargipali out of DMF 2020-21.,Works,Open Tender,Percentage,Civil Works - Buildings,No,No,NA ,19-Apr-2021 11:00 AM,NA ,90.0,No ,No,Online,29-Apr-2021 10:00 AM,Odisha State Agricultural Marketing Board||RMC Sargipali,Ujalpur,770011.0,1.0,"15,94,375",Dillip Kumar Gidhi,"1,355,378.49",Accepted-AOC,22-Sep-2021,Odisha State Agricultural Marketing Board||RMC Sargipali,C2_Irrigation,rmc,Mitigation,False,False
2021_OSAMB_67879_6,01/219/13.04.2021/2020-21,Construction of 500 MT Godown at Bargaon LAMPCS at Bargaon Block Under RMC Sargipali out of DMF 2020-21.,Construction of 500 MT Godown at Bargaon LAMPCS at Bargaon Block Under RMC Sargipali out of DMF 2020-21.,Works,Open Tender,Percentage,Civil Works - Buildings,No,No,NA ,19-Apr-2021 11:00 AM,NA ,90.0,No ,No,Online,29-Apr-2021 10:00 AM,Odisha State Agricultural Marketing Board||RMC Sargipali,Bargaon Block,770016.0,1.0,"38,99,964",RAJIB LOCHAN ACHARYA,"3,315,359.04",Accepted-AOC,02-Sep-2021,Odisha State Agricultural Marketing Board||RMC Sargipali,C2_Irrigation|C4_FloodCyclone,mpcs|rmc,Mitigation,False,False
2021_OSAMB_67879_8,01/219/13.04.2021/2020-21,"Construction of Watchmenshed , Bore Well and Paveyard at Raidihi PPC at Lephripara Block Under RMC Sargipali out of DMF 2020-21.","Construction of Watchmenshed , Bore Well and Paveyard at Raidihi PPC at Lephripara Block Under RMC Sargipali out of DMF 2020-21.",Works,Open Tender,Percentage,Civil Works - Buildings,No,No,NA ,19-Apr-2021 11:00 AM,NA ,90.0,No ,No,Online,29-Apr-2021 10:00 AM,Odisha State Agricultural Marketing Board||RMC Sargipali,Lephripara Block,770021.0,1.0,"16,61,750",Dillip Kumar Gidhi,"1,412,654.09",Accepted-AOC,22-Sep-2021,Odisha State Agricultural Marketing Board||RMC Sargipali,C2_Irrigation,bore well|rmc,Mitigation,False,False
2021_OSAMB_67903_1,02/223/13.04.2021 OF 2020-21.,"Construction of 500 MT Godown , Bore well , CC Road and Paveyard at Biribira LAMPCS at Sadar Block under RMC Sargipali out of DMF 2020-21.","Construction of 500 MT Godown , Bore well , CC Road and Paveyard at Biribira LAMPCS at Sadar Block under RMC Sargipali out of DMF 2020-21.",Works,Open Tender,Percentage,Civil Works - Buildings,No,No,NA ,20-Apr-2021 11:00 AM,NA ,90.0,No ,No,Online,05-May-2021 10:00 AM,Odisha State Agricultural Marketing Board||RMC Sargipali,Sadar Block,770022.0,2.0,,RAJIB LOCHAN ACHARYA,"5,266,397",Accepted-AOC,22-Sep-2021,Odisha State Agricultural Marketing Board||RMC Sargipali,C2_Irrigation|C4_FloodCyclone,bore well|mpcs|rmc,Mitigation,False,False
2021_OSAMB_67903_2,02/223/13.04.2021 OF 2020-21.,Construction of 500 MT Godown and CC Road at Raidhi PPC Under Lephripara Block underRMC Sargipali out of DMF 2020-21.,Construction of 500 MT Godown and CC Road at Raidhi PPC Under Lephripara Block underRMC Sargipali out of DMF 2020-21.,Works,Open Tender,Percentage,Civil Works - Buildings,No,No,NA ,20-Apr-2021 11:00 AM,NA ,90.0,No ,No,Online,05-May-2021 10:00 AM,Odisha State Agricultural Marketing Board||RMC Sargipali,Lephripara Block,770021.0,2.0,"78,61,289",RAJIB LOCHAN ACHARYA,"6,682,881.72",Accepted-AOC,22-Sep-2021,Odisha State Agricultural Marketing Board||RMC Sargipali,C2_Irrigation,rmc,Mitigation,False,False
2021_OSAMB_67903_5,02/223/13.04.2021 OF 2020-21.,Construction of 1000 MT Godown and FIC cum FRS at Bhasma Market Yard under RMC Sargipali out of DMF 2020-21.,Construction of 1000 MT Godown and FIC cum FRS at Bhasma Market Yard under RMC Sargipali out of DMF 2020-21.,Works,Open Tender,Percentage,Civil Works - Buildings,No,No,NA ,20-Apr-2021 11:00 AM,NA ,90.0,No ,No,Online,05-May-2021 10:00 AM,Odisha State Agricultural Marketing Board||RMC Sargipali,Bhasma,770019.0,2.0,"69,47,287",RAJIB LOCHAN ACHARYA,"5,905,888.27",Accepted-AOC,22-Sep-2021,Odisha State Agricultural Marketing Board||RMC Sargipali,C2_Irrigation,rmc,Mitigation,False,False
2021_OSAMB_69791_1,445/ RMCCHANDBALI/2021-22,"Construction of infrastructural developmental work(Small Godown, Office quarter, Small godown 1st floor and Stair way) at Main Market Yard, RMC, Chandbali","Construction of infrastructural developmental work(Small Godown, Office quarter, Small godown 1st floor and Stair way) at Main Market Yard, RMC, Chandbali",Works,Open Tender,Percentage,Civil Works - Others,No,No,NA ,15-Jul-2021 04:00 PM,NA ,360.0,No ,No,Online,30-Jul-2021 11:00 AM,Odisha State Agricultural Marketing Board||RMC Chandbali,Chandbali,756133.0,2.0,,Abhimanyu Das,"7,034,651.7",Accepted-AOC,27-Sep-2021,Odisha State Agricultural Marketing Board||RMC Chandbali,C2_Irrigation,rmc,Mitigation,False,False
2021_OSAMB_69791_2,445/ RMCCHANDBALI/2021-22,"Construction of infrastructural developmental work(Small Godown Block- A and B, Guard wall, Sand Filling, Convertion of Cover pindi to small godown and Balance work of e-NAM mandi.) at Simulia Market Yard under RMC, Chandbali","Construction of infrastructural developmental work(Small Godown Block- A and B, Guard wall, Sand Filling, Convertion of Cover pindi to small godown and Balance work of e-NAM mandi.) at Simulia Market Yard under RMC, Chandbali",Works,Open Tender,Percentage,Civil Works - Others,No,No,NA ,15-Jul-2021 04:00 PM,NA ,360.0,No ,No,Online,30-Jul-2021 11:00 AM,Odisha State Agricultural Marketing Board||RMC Chandbali,Chandbali,756133.0,2.0,,Abhimanyu Das,"9,435,560.5",Accepted-AOC,27-Sep-2021,Odisha State Agricultural Marketing Board||RMC Chandbali,C2_Irrigation,rmc,Mitigation,False,False
2020_OLIC_63120_2,12 / OLIC (CTC) / Dt. 08/10/2020,DRILLING AND INSTALLATION OF JAGATSINGHPUR BLOCK UNDEER JAGATSINGHPUR DISTRICT,DRILLING AND INSTALLATION OF JAGATSINGHPUR BLOCK UNDEER JAGATSINGHPUR DISTRICT,Works,Open Tender,Percentage,Civil Works - Lift Irrigation Schemes,No,No,NA ,12-Oct-2020 11:00 AM,NA ,60.0,No ,No,Online,27-Oct-2020 11:00 AM,"Orissa Lift Irrigation Corporation||LI,Central Circle, Cuttack||LI Division Cuttack",JAGASINGHPUR BLOCK,754001.0,1.0,"7,37,000",HUIKA MANMATHA,"626,172.61",Accepted-AOC,15-Mar-2023,"Orissa Lift Irrigation Corporation||LI,Central Circle, Cuttack||LI Division Cuttack",C2_Irrigation,irrigation|lift irrigation,Mitigation,False,False
2021_CEBMB_68091_26,e-BNID-01/ 2021-22,Improvement to RFB of river Badanadi from RD 5400 M to 6000 M near village Dahimunduli.,Restoration of Embankment,Works,Open Tender,Percentage,Civil Works - Others,No,No,NA ,30-Apr-2021 10:00 AM,NA ,90.0,No ,No,Online,11-May-2021 11:00 AM,"CE-BM,RVN Basin,Berhampur||S.E. Southern Irr. Circle I Berhampur||EE Bhanjanagar Irrigation Divn Bhanjanagar",Bhanjanagar,761126.0,1.0,"11,40,000",Dibakar Behera,"884,252",Accepted-AOC,16-Mar-2023,"CE-BM,RVN Basin,Berhampur||S.E. Southern Irr. Circle I Berhampur||EE Bhanjanagar Irrigation Divn Bhanjanagar",C2_Irrigation|C4_FloodCyclone,embankment|irrigation,DamageResponse,False,False
2021_CEBMB_68091_29,e-BNID-01/ 2021-22,Improvement to RFB of river Badanadi from RD 11000 M to 11500 M near village Bangarada.,Restoration of Embankment,Works,Open Tender,Percentage,Civil Works - Others,No,No,NA ,30-Apr-2021 10:00 AM,NA ,90.0,No ,No,Online,11-May-2021 11:00 AM,"CE-BM,RVN Basin,Berhampur||S.E. Southern Irr. Circle I Berhampur||EE Bhanjanagar Irrigation Divn Bhanjanagar",Bhanjanagar,761126.0,1.0,"10,69,000",Dibakar Behera,"908,349",Accepted-AOC,16-Mar-2023,"CE-BM,RVN Basin,Berhampur||S.E. Southern Irr. Circle I Berhampur||EE Bhanjanagar Irrigation Divn Bhanjanagar",C2_Irrigation|C4_FloodCyclone,embankment|irrigation,DamageResponse,False,False
2021_CEBMB_68091_3,e-BNID-01/ 2021-22,Restoration to RFB of river Badanadi from RD 4700 M to 5200 M between village Sanadodanga to Kaliamba confluence.,Restoration of Embankment,Works,Open Tender,Percentage,Civil Works - Others,No,No,NA ,30-Apr-2021 10:00 AM,NA ,90.0,No ,No,Online,11-May-2021 11:00 AM,"CE-BM,RVN Basin,Berhampur||S.E. Southern Irr. Circle I Berhampur||EE Bhanjanagar Irrigation Divn Bhanjanagar",Bhanjanagar,761126.0,1.0,"14,25,000",Koresu Rana,"1,210,572",Accepted-AOC,10-Mar-2023,"CE-BM,RVN Basin,Berhampur||S.E. Southern Irr. Circle I Berhampur||EE Bhanjanagar Irrigation Divn Bhanjanagar",C2_Irrigation|C4_FloodCyclone,embankment|irrigation,DamageResponse,False,False
2021_CEBMB_68091_37,e-BNID-01/ 2021-22,Improvement to LFB of Loharakhandi near village Baladi from RD 3330 M to 3522.70 M.,Restoration of Embankment,Works,Open Tender,Percentage,Civil Works - Others,No,No,NA ,30-Apr-2021 10:00 AM,NA ,90.0,No ,No,Online,11-May-2021 11:00 AM,"CE-BM,RVN Basin,Berhampur||S.E. Southern Irr. Circle I Berhampur||EE Bhanjanagar Irrigation Divn Bhanjanagar",Bhanjanagar,761126.0,1.0,"6,67,000",PRAMOD KUMAR PATNAIK,"633,205",Accepted-AOC,13-Mar-2023,"CE-BM,RVN Basin,Berhampur||S.E. Southern Irr. Circle I Berhampur||EE Bhanjanagar Irrigation Divn Bhanjanagar",C2_Irrigation|C4_FloodCyclone,embankment|irrigation,DamageResponse,False,False
2021_CEBMB_68091_39,e-BNID-01/ 2021-22,Improvement to RFB of Badanadi from RD 16000 M to 17500 M between village Benapata to Nuapalli.,Restoration of Embankment,Works,Open Tender,Percentage,Civil Works - Others,No,No,NA ,30-Apr-2021 10:00 AM,NA ,90.0,No ,No,Online,11-May-2021 11:00 AM,"CE-BM,RVN Basin,Berhampur||S.E. Southern Irr. Circle I Berhampur||EE Bhanjanagar Irrigation Divn Bhanjanagar",Bhanjanagar,761126.0,1.0,"21,41,000",Chinmaya Kumar Rana,"1,819,906",Accepted-AOC,10-Mar-2023,"CE-BM,RVN Basin,Berhampur||S.E. Southern Irr. Circle I Berhampur||EE Bhanjanagar Irrigation Divn Bhanjanagar",C2_Irrigation|C4_FloodCyclone,embankment|irrigation,DamageResponse,False,False
2021_CEBMB_68091_55,e-BNID-01/ 2021-22,Improvement to RFB of river Badanadi between RD 7500 M to 8000 M near village Nuagada.,Restoration of Embankment,Works,Open Tender,Percentage,Civil Works - Others,No,No,NA ,30-Apr-2021 10:00 AM,NA ,90.0,No ,No,Online,11-May-2021 11:00 AM,"CE-BM,RVN Basin,Berhampur||S.E. Southern Irr. Circle I Berhampur||EE Bhanjanagar Irrigation Divn Bhanjanagar",Bhanjanagar,761126.0,1.0,"10,45,000",Dibakar Behera,"888,270",Accepted-AOC,17-Mar-2023,"CE-BM,RVN Basin,Berhampur||S.E. Southern Irr. Circle I Berhampur||EE Bhanjanagar Irrigation Divn Bhanjanagar",C2_Irrigation|C4_FloodCyclone,embankment|irrigation,DamageResponse,False,False
2021_CEBMB_68091_57,e-BNID-01/ 2021-22,Improvement to RFB of river Badanadi form RD 8800 M to 10400 M near village Khukundia.,Restoration of Embankment,Works,Open Tender,Percentage,Civil Works - Others,No,No,NA ,30-Apr-2021 10:00 AM,NA ,90.0,No ,No,Online,11-May-2021 11:00 AM,"CE-BM,RVN Basin,Berhampur||S.E. Southern Irr. Circle I Berhampur||EE Bhanjanagar Irrigation Divn Bhanjanagar",Bhanjanagar,761126.0,1.0,"11,40,000",Kiranabala Nayak,"968,342",Accepted-AOC,10-Mar-2023,"CE-BM,RVN Basin,Berhampur||S.E. Southern Irr. Circle I Berhampur||EE Bhanjanagar Irrigation Divn Bhanjanagar",C2_Irrigation|C4_FloodCyclone,embankment|irrigation,DamageResponse,False,False
2021_CEBMB_68091_64,e-BNID-01/ 2021-22,Improvement to 3 nos Aqueducts of Daha Right Distributary from RD 8300 M to 14200 m and renovation of 5 ns O/L and 6 nos falls from RD 2050 M to 4650 M of Khamareddy Minor of Daha Irrigation Project.,Restoration of Embankment,Works,Open Tender,Percentage,Civil Works - Others,No,No,NA ,30-Apr-2021 10:00 AM,NA ,90.0,No ,No,Online,11-May-2021 11:00 AM,"CE-BM,RVN Basin,Berhampur||S.E. Southern Irr. Circle I Berhampur||EE Bhanjanagar Irrigation Divn Bhanjanagar",Bhanjanagar,761126.0,1.0,"9,32,000",Ramesh Chandra Bisoyi,"931,743",Accepted-AOC,02-Mar-2023,"CE-BM,RVN Basin,Berhampur||S.E. Southern Irr. Circle I Berhampur||EE Bhanjanagar Irrigation Divn Bhanjanagar",C2_Irrigation|C4_FloodCyclone,embankment|irrigation,DamageResponse,False,False
2021_CEBMB_68091_66,e-BNID-01/ 2021-22,Improvement to Daha Left Distributary from RD 7000 M to 8300 m and from RD 450 M to 1650 m of Binjigiri Minor of Daha Irrigation Project.,Restoration of Embankment,Works,Open Tender,Percentage,Civil Works - Others,No,No,NA ,30-Apr-2021 10:00 AM,NA ,90.0,No ,No,Online,11-May-2021 11:00 AM,"CE-BM,RVN Basin,Berhampur||S.E. Southern Irr. Circle I Berhampur||EE Bhanjanagar Irrigation Divn Bhanjanagar",Bhanjanagar,761126.0,1.0,"7,50,000",JAYARAM PRADHAN,"749,888",Accepted-AOC,02-Mar-2023,"CE-BM,RVN Basin,Berhampur||S.E. Southern Irr. Circle I Berhampur||EE Bhanjanagar Irrigation Divn Bhanjanagar",C2_Irrigation|C4_FloodCyclone,embankment|irrigation,DamageResponse,False,False
2021_CEBMB_68114_1,e- BNID-02/2021-22 1.,Improvement to RFB of river Loharakhandi near village Bhaliakhai from RD 6210 M to 6375.00 M.,Improvement to river embankment,Works,Open Tender,Percentage,Civil Works - Others,No,No,NA ,30-Apr-2021 10:00 AM,NA ,90.0,No ,No,Online,11-May-2021 11:00 AM,"CE-BM,RVN Basin,Berhampur||S.E. Southern Irr. Circle I Berhampur||EE Bhanjanagar Irrigation Divn Bhanjanagar",Bhanjanagar,761126.0,1.0,,JAYADEB PRADHAN,"570,651",Accepted-AOC,03-Mar-2023,"CE-BM,RVN Basin,Berhampur||S.E. Southern Irr. Circle I Berhampur||EE Bhanjanagar Irrigation Divn Bhanjanagar",C2_Irrigation|C4_FloodCyclone,embankment|irrigation,Mitigation,False,False
2021_CEBMB_68114_10,e- BNID-02/2021-22 1.,Improvement to LFB of Narigochhanalla near village Narigochha from RD 1835 M to 2150 M.,Improvement to river embankment,Works,Open Tender,Percentage,Civil Works - Others,No,No,NA ,30-Apr-2021 10:00 AM,NA ,90.0,No ,No,Online,11-May-2021 11:00 AM,"CE-BM,RVN Basin,Berhampur||S.E. Southern Irr. Circle I Berhampur||EE Bhanjanagar Irrigation Divn Bhanjanagar",Bhanjanagar,761126.0,1.0,,Gangadhara Panigrahi,"659,779",Accepted-AOC,04-Mar-2023,"CE-BM,RVN Basin,Berhampur||S.E. Southern Irr. Circle I Berhampur||EE Bhanjanagar Irrigation Divn Bhanjanagar",C2_Irrigation|C4_FloodCyclone,embankment|irrigation,Mitigation,False,False
2021_CEBMB_68114_11,e- BNID-02/2021-22 1.,Restoration to LFB and RFB of Baranganalla near village Buduli from RD 1100 M to 1363.60 M.,Improvement to river embankment,Works,Open Tender,Percentage,Civil Works - Others,No,No,NA ,30-Apr-2021 10:00 AM,NA ,90.0,No ,No,Online,11-May-2021 11:00 AM,"CE-BM,RVN Basin,Berhampur||S.E. Southern Irr. Circle I Berhampur||EE Bhanjanagar Irrigation Divn Bhanjanagar",Bhanjanagar,761126.0,1.0,,Pratima Manjari Gouda,"571,377",Accepted-AOC,04-Mar-2023,"CE-BM,RVN Basin,Berhampur||S.E. Southern Irr. Circle I Berhampur||EE Bhanjanagar Irrigation Divn Bhanjanagar",C2_Irrigation|C4_FloodCyclone,embankment|irrigation,Mitigation,False,False
2021_CEBMB_68114_12,e- BNID-02/2021-22 1.,Improvement to LFB of Rarikiarinalla near Ranikiari from RD 2200 M to 2500 M.,Improvement to river embankment,Works,Open Tender,Percentage,Civil Works - Others,No,No,NA ,30-Apr-2021 10:00 AM,NA ,90.0,No ,No,Online,11-May-2021 11:00 AM,"CE-BM,RVN Basin,Berhampur||S.E. Southern Irr. Circle I Berhampur||EE Bhanjanagar Irrigation Divn Bhanjanagar",Bhanjanagar,761126.0,1.0,,Pratima Manjari Gouda,"689,598",Accepted-AOC,06-Mar-2023,"CE-BM,RVN Basin,Berhampur||S.E. Southern Irr. Circle I Berhampur||EE Bhanjanagar Irrigation Divn Bhanjanagar",C2_Irrigation|C4_FloodCyclone,embankment|irrigation,Mitigation,False,False
2021_CEBMB_68114_13,e- BNID-02/2021-22 1.,Restoration to LFB and RFB of Baranganalla near village Biripadar from RD 1500 M to 1763.50 M,Improvement to river embankment,Works,Open Tender,Percentage,Civil Works - Others,No,No,NA ,30-Apr-2021 10:00 AM,NA ,90.0,No ,No,Online,11-May-2021 11:00 AM,"CE-BM,RVN Basin,Berhampur||S.E. Southern Irr. Circle I Berhampur||EE Bhanjanagar Irrigation Divn Bhanjanagar",Bhanjanagar,761126.0,1.0,,PRATAP CHANDRA MISHRA,"571,140",Accepted-AOC,06-Mar-2023,"CE-BM,RVN Basin,Berhampur||S.E. Southern Irr. Circle I Berhampur||EE Bhanjanagar Irrigation Divn Bhanjanagar",C2_Irrigation|C4_FloodCyclone,embankment|irrigation,Mitigation,False,False
2021_CEBMB_68114_14,e- BNID-02/2021-22 1.,Improvement to RFB of Kupatinalla near Chancharasahi from RD 770 M to 1100 M.,Improvement to river embankment,Works,Open Tender,Percentage,Civil Works - Others,No,No,NA ,30-Apr-2021 10:00 AM,NA ,90.0,No ,No,Online,11-May-2021 11:00 AM,"CE-BM,RVN Basin,Berhampur||S.E. Southern Irr. Circle I Berhampur||EE Bhanjanagar Irrigation Divn Bhanjanagar",Bhanjanagar,761126.0,1.0,,Laxmi Behera,"659,237",Accepted-AOC,06-Mar-2023,"CE-BM,RVN Basin,Berhampur||S.E. Southern Irr. Circle I Berhampur||EE Bhanjanagar Irrigation Divn Bhanjanagar",C2_Irrigation|C4_FloodCyclone,embankment|irrigation,Mitigation,False,False
2021_CEBMB_68114_15,e- BNID-02/2021-22 1.,Restoration to RFB of Badanadi near village Sahanapalli from RD 4510 M to 4675.20 M.,Improvement to river embankment,Works,Open Tender,Percentage,Civil Works - Others,No,No,NA ,30-Apr-2021 10:00 AM,NA ,90.0,No ,No,Online,11-May-2021 11:00 AM,"CE-BM,RVN Basin,Berhampur||S.E. Southern Irr. Circle I Berhampur||EE Bhanjanagar Irrigation Divn Bhanjanagar",Bhanjanagar,761126.0,1.0,,Dinabandhu Pradhan,"570,869",Accepted-AOC,06-Mar-2023,"CE-BM,RVN Basin,Berhampur||S.E. Southern Irr. Circle I Berhampur||EE Bhanjanagar Irrigation Divn Bhanjanagar",C2_Irrigation|C4_FloodCyclone,embankment|irrigation,Mitigation,False,False
2021_CEBMB_68114_16,e- BNID-02/2021-22 1.,Improvement to Kanteipalli feeding channel from RD 00 to 250 M of Daha Irrigation Project.,Improvement to river embankment,Works,Open Tender,Percentage,Civil Works - Others,No,No,NA ,30-Apr-2021 10:00 AM,NA ,90.0,No ,No,Online,11-May-2021 11:00 AM,"CE-BM,RVN Basin,Berhampur||S.E. Southern Irr. Circle I Berhampur||EE Bhanjanagar Irrigation Divn Bhanjanagar",Bhanjanagar,761126.0,1.0,,Purna Chandra Patro,"628,007",Accepted-AOC,17-Mar-2023,"CE-BM,RVN Basin,Berhampur||S.E. Southern Irr. Circle I Berhampur||EE Bhanjanagar Irrigation Divn Bhanjanagar",C2_Irrigation|C4_FloodCyclone,embankment|irrigation,Mitigation,False,False
2021_CEBMB_68114_2,e- BNID-02/2021-22 1.,Improvement to LFB of Kupatinalla near village Talajibika from RD 830 M to 1100 M.,Improvement to river embankment,Works,Open Tender,Percentage,Civil Works - Others,No,No,NA ,30-Apr-2021 10:00 AM,NA ,90.0,No ,No,Online,11-May-2021 11:00 AM,"CE-BM,RVN Basin,Berhampur||S.E. Southern Irr. Circle I Berhampur||EE Bhanjanagar Irrigation Divn Bhanjanagar",Bhanjanagar,761126.0,1.0,,Prafulla Kumar Pradhan,"649,288",Accepted-AOC,03-Mar-2023,"CE-BM,RVN Basin,Berhampur||S.E. Southern Irr. Circle I Berhampur||EE Bhanjanagar Irrigation Divn Bhanjanagar",C2_Irrigation|C4_FloodCyclone,embankment|irrigation,Mitigation,False,False
2021_CEBMB_68114_3,e- BNID-02/2021-22 1.,Improvement to LFB of Hatimundanalla near village Gamundi from RD 3010 M to 3273.50 M.,Improvement to river embankment,Works,Open Tender,Percentage,Civil Works - Others,No,No,NA ,30-Apr-2021 10:00 AM,NA ,90.0,No ,No,Online,11-May-2021 11:00 AM,"CE-BM,RVN Basin,Berhampur||S.E. Southern Irr. Circle I Berhampur||EE Bhanjanagar Irrigation Divn Bhanjanagar",Bhanjanagar,761126.0,1.0,,Purna Chandra Patro,"571,140",Accepted-AOC,04-Mar-2023,"CE-BM,RVN Basin,Berhampur||S.E. Southern Irr. Circle I Berhampur||EE Bhanjanagar Irrigation Divn Bhanjanagar",C2_Irrigation|C4_FloodCyclone,embankment|irrigation,Mitigation,False,False
2021_CEBMB_68114_4,e- BNID-02/2021-22 1.,Improvement to RFB of Dayapallinalla near village Barhamanpadar from RD 3650 M to 3980 M.,Improvement to river embankment,Works,Open Tender,Percentage,Civil Works - Others,No,No,NA ,30-Apr-2021 10:00 AM,NA ,90.0,No ,No,Online,11-May-2021 11:00 AM,"CE-BM,RVN Basin,Berhampur||S.E. Southern Irr. Circle I Berhampur||EE Bhanjanagar Irrigation Divn Bhanjanagar",Bhanjanagar,761126.0,1.0,,Pratima Manjari Gouda,"679,076",Accepted-AOC,04-Mar-2023,"CE-BM,RVN Basin,Berhampur||S.E. Southern Irr. Circle I Berhampur||EE Bhanjanagar Irrigation Divn Bhanjanagar",C2_Irrigation|C4_FloodCyclone,embankment|irrigation,Mitigation,False,False
2021_CEBMB_68114_5,e- BNID-02/2021-22 1.,Improvement to Lalsingi Sub-minor from RD 120 M 165.50 M.,Improvement to river embankment,Works,Open Tender,Percentage,Civil Works - Others,No,No,NA ,30-Apr-2021 10:00 AM,NA ,90.0,No ,No,Online,11-May-2021 11:00 AM,"CE-BM,RVN Basin,Berhampur||S.E. Southern Irr. Circle I Berhampur||EE Bhanjanagar Irrigation Divn Bhanjanagar",Bhanjanagar,761126.0,1.0,,RINA SWAIN,"500,526",Accepted-AOC,04-Mar-2023,"CE-BM,RVN Basin,Berhampur||S.E. Southern Irr. Circle I Berhampur||EE Bhanjanagar Irrigation Divn Bhanjanagar",C2_Irrigation|C4_FloodCyclone,embankment|irrigation,Mitigation,False,False
2021_CEBMB_68114_6,e- BNID-02/2021-22 1.,Improvement to RFB of Nuapallinalla near Jhaliagochha from RD 4130 M to 4450 M.,Improvement to river embankment,Works,Open Tender,Percentage,Civil Works - Others,No,No,NA ,30-Apr-2021 10:00 AM,NA ,90.0,No ,No,Online,11-May-2021 11:00 AM,"CE-BM,RVN Basin,Berhampur||S.E. Southern Irr. Circle I Berhampur||EE Bhanjanagar Irrigation Divn Bhanjanagar",Bhanjanagar,761126.0,1.0,,Laxmi Behera,"693,845",Accepted-AOC,04-Mar-2023,"CE-BM,RVN Basin,Berhampur||S.E. Southern Irr. Circle I Berhampur||EE Bhanjanagar Irrigation Divn Bhanjanagar",C2_Irrigation|C4_FloodCyclone,embankment|irrigation,Mitigation,False,False
2021_CEBMB_68114_8,e- BNID-02/2021-22 1.,Improvement to RFB of Bhurudupallinalla near Bhurudupalli from RD 2910 M to 3210 M.,Improvement to river embankment,Works,Open Tender,Percentage,Civil Works - Others,No,No,NA ,30-Apr-2021 10:00 AM,NA ,90.0,No ,No,Online,11-May-2021 11:00 AM,"CE-BM,RVN Basin,Berhampur||S.E. Southern Irr. Circle I Berhampur||EE Bhanjanagar Irrigation Divn Bhanjanagar",Bhanjanagar,761126.0,1.0,,Pratima Manjari Gouda,"684,743",Accepted-AOC,04-Mar-2023,"CE-BM,RVN Basin,Berhampur||S.E. Southern Irr. Circle I Berhampur||EE Bhanjanagar Irrigation Divn Bhanjanagar",C2_Irrigation|C4_FloodCyclone,embankment|irrigation,Mitigation,False,False
2021_CEBMB_68232_10,e-BNID-03/ 2021-22,Construction of protection wall at feeder channel from RD 1080 M to 1200 m with repair of structures of Baghua Irrigation Project.,Construction of protection wall and fall,Works,Open Tender,Percentage,Civil Works - Others,No,No,NA ,07-May-2021 10:00 AM,NA ,90.0,No ,No,Online,18-May-2021 11:00 AM,"CE-BM,RVN Basin,Berhampur||S.E. Southern Irr. Circle I Berhampur||EE Bhanjanagar Irrigation Divn Bhanjanagar",Bhanjanagar,761126.0,1.0,,Dibakar Behera,"601,962",Accepted-AOC,23-Mar-2023,"CE-BM,RVN Basin,Berhampur||S.E. Southern Irr. Circle I Berhampur||EE Bhanjanagar Irrigation Divn Bhanjanagar",C2_Irrigation,irrigation,Mitigation,False,False
2021_CEBMB_68232_14,e-BNID-03/ 2021-22,"Renovation of 41L, 45L Sub-minor with repair of structures and strengthening of Canal Banks of Baghua Irrigation Project.",Construction of canal,Works,Open Tender,Percentage,Civil Works - Others,No,No,NA ,07-May-2021 10:00 AM,NA ,90.0,No ,No,Online,18-May-2021 11:00 AM,"CE-BM,RVN Basin,Berhampur||S.E. Southern Irr. Circle I Berhampur||EE Bhanjanagar Irrigation Divn Bhanjanagar",Bhanjanagar,761126.0,1.0,,Dibakar Behera,"602,059",Accepted-AOC,24-Mar-2023,"CE-BM,RVN Basin,Berhampur||S.E. Southern Irr. Circle I Berhampur||EE Bhanjanagar Irrigation Divn Bhanjanagar",C2_Irrigation,canal|irrigation,Mitigation,False,False
2021_CEBMB_68232_17,e-BNID-03/ 2021-22,Strengthening of Banks of Kendubadi minor with lining from RD 3200 M to 3400 M and repair structures of Baghua Irrigation Project.,Renovation of canal,Works,Open Tender,Percentage,Civil Works - Others,No,No,NA ,07-May-2021 10:00 AM,NA ,90.0,No ,No,Online,18-May-2021 11:00 AM,"CE-BM,RVN Basin,Berhampur||S.E. Southern Irr. Circle I Berhampur||EE Bhanjanagar Irrigation Divn Bhanjanagar",Bhanjanagar,761126.0,1.0,,Jhunu Behera,"601,948",Accepted-AOC,24-Mar-2023,"CE-BM,RVN Basin,Berhampur||S.E. Southern Irr. Circle I Berhampur||EE Bhanjanagar Irrigation Divn Bhanjanagar",C2_Irrigation,canal|irrigation,Unknown,False,False
2021_CEBMB_68232_5,e-BNID-03/ 2021-22,"Construction of protection wall at RD 16072 M, 16490 M including repair of the CD at RD 15118 M of Baghua Left Distributary.",Construction of protection wall,Works,Open Tender,Percentage,Civil Works - Others,No,No,NA ,07-May-2021 10:00 AM,NA ,90.0,No ,No,Online,18-May-2021 11:00 AM,"CE-BM,RVN Basin,Berhampur||S.E. Southern Irr. Circle I Berhampur||EE Bhanjanagar Irrigation Divn Bhanjanagar",Bhanjanagar,761126.0,1.0,,BINAPANI PRADHAN,"834,376",Accepted-AOC,20-Mar-2023,"CE-BM,RVN Basin,Berhampur||S.E. Southern Irr. Circle I Berhampur||EE Bhanjanagar Irrigation Divn Bhanjanagar",C2_Irrigation,irrigation,Mitigation,False,False
2021_CEBMB_68232_7,e-BNID-03/ 2021-22,Renovation of Jakara Sub-minor from RD 400 M to tail of Baghua Left Distributary.,Renovation of canal,Works,Open Tender,Percentage,Civil Works - Canal,No,No,NA ,07-May-2021 10:00 AM,NA ,90.0,No ,No,Online,18-May-2021 11:00 AM,"CE-BM,RVN Basin,Berhampur||S.E. Southern Irr. Circle I Berhampur||EE Bhanjanagar Irrigation Divn Bhanjanagar",Bhanjanagar,761126.0,1.0,,NIKUNJA KUMAR BISOYI,"530,792",Accepted-AOC,22-Mar-2023,"CE-BM,RVN Basin,Berhampur||S.E. Southern Irr. Circle I Berhampur||EE Bhanjanagar Irrigation Divn Bhanjanagar",C2_Irrigation,canal|irrigation,Unknown,False,False
2021_CEBMB_68232_8,e-BNID-03/ 2021-22,Renovation of Hatiota Minor including Structure in between RD 00 to 1380 M of Baghua Left Distributary.,Renovation of canal,Works,Open Tender,Percentage,Civil Works - Canal,No,No,NA ,07-May-2021 10:00 AM,NA ,90.0,No ,No,Online,18-May-2021 11:00 AM,"CE-BM,RVN Basin,Berhampur||S.E. Southern Irr. Circle I Berhampur||EE Bhanjanagar Irrigation Divn Bhanjanagar",Bhanjanagar,761126.0,1.0,,Jhunu Behera,"530,359",Accepted-AOC,23-Mar-2023,"CE-BM,RVN Basin,Berhampur||S.E. Southern Irr. Circle I Berhampur||EE Bhanjanagar Irrigation Divn Bhanjanagar",C2_Irrigation,canal|irrigation,Unknown,False,False
2021_CEBMB_68232_9,e-BNID-03/ 2021-22,Construction of protection wall at Heavy Cutting Zone from RD 3200 M to 3320 M of Baghua Right Main Canal.,Construction of protection wall,Works,Open Tender,Percentage,Civil Works - Canal,No,No,NA ,07-May-2021 10:00 AM,NA ,90.0,No ,No,Online,18-May-2021 11:00 AM,"CE-BM,RVN Basin,Berhampur||S.E. Southern Irr. Circle I Berhampur||EE Bhanjanagar Irrigation Divn Bhanjanagar",Bhanjanagar,761126.0,1.0,,Dibakar Behera,"753,300",Accepted-AOC,23-Mar-2023,"CE-BM,RVN Basin,Berhampur||S.E. Southern Irr. Circle I Berhampur||EE Bhanjanagar Irrigation Divn Bhanjanagar",C2_Irrigation,irrigation,Mitigation,False,False
2021_OLIC_71289_12,"No.01/2021-22,Dt.15-09-2021",TRAILOKI-III-TW,TRAILOKI-III-TW,Works,Open Tender,Turn-key,Civil Works - Lift Irrigation Schemes,No,No,NA ,27-Sep-2021 11:00 AM,NA ,365.0,No ,No,Online,16-Oct-2021 11:00 AM,Orissa Lift Irrigation Corporation||LI BALASORE||LI Division Jaleswar,JALESWAR BALSORE ODISHA,756032.0,1.0,"18,04,793",AJAY KUMAR GIRI,"1,776,581",Accepted-AOC,07-Mar-2023,Orissa Lift Irrigation Corporation||LI BALASORE||LI Division Jaleswar,C2_Irrigation,irrigation|lift irrigation|tw ,Unknown,False,False
2021_OLIC_71289_19,"No.01/2021-22,Dt.15-09-2021",MECHAK-II-TW,MECHAK-II-TW,Works,Open Tender,Turn-key,Civil Works - Lift Irrigation Schemes,No,No,NA ,27-Sep-2021 11:00 AM,NA ,365.0,No ,No,Online,16-Oct-2021 11:00 AM,Orissa Lift Irrigation Corporation||LI BALASORE||LI Division Jaleswar,JALESWAR BALSORE ODISHA,756032.0,1.0,"18,33,201",PABITRA SANKHUA,"1,858,133",Accepted-AOC,07-Mar-2023,Orissa Lift Irrigation Corporation||LI BALASORE||LI Division Jaleswar,C2_Irrigation,irrigation|lift irrigation|tw ,Unknown,False,False
2021_OLIC_71289_32,"No.01/2021-22,Dt.15-09-2021",SAHADA-VII-TW,SAHADA-VII-TW,Works,Open Tender,Turn-key,Civil Works - Lift Irrigation Schemes,No,No,NA ,27-Sep-2021 11:00 AM,NA ,365.0,No ,No,Online,16-Oct-2021 11:00 AM,Orissa Lift Irrigation Corporation||LI BALASORE||LI Division Jaleswar,JALESWAR BALSORE ODISHA,756032.0,1.0,"14,04,932",AJAY KUMAR GIRI,"1,408,147",Accepted-AOC,07-Mar-2023,Orissa Lift Irrigation Corporation||LI BALASORE||LI Division Jaleswar,C2_Irrigation,irrigation|lift irrigation|tw ,Unknown,False,False
2021_OLIC_71289_6,"No.01/2021-22,Dt.15-09-2021",SARISA-II-TW,SARISA-II-TW,Works,Open Tender,Turn-key,Civil Works - Lift Irrigation Schemes,No,No,NA ,27-Sep-2021 11:00 AM,NA ,365.0,No ,No,Online,16-Oct-2021 11:00 AM,Orissa Lift Irrigation Corporation||LI BALASORE||LI Division Jaleswar,JALESWAR BALSORE ODISHA,756032.0,1.0,"18,30,358",MAHASWETA DHADA,"1,875,341",Accepted-AOC,07-Mar-2023,Orissa Lift Irrigation Corporation||LI BALASORE||LI Division Jaleswar,C2_Irrigation,irrigation|lift irrigation|tw ,Unknown,False,False
2021_OLIC_71289_9,"No.01/2021-22,Dt.15-09-2021",MELAK-II-TW,MELAK-II-TW,Works,Open Tender,Turn-key,Civil Works - Lift Irrigation Schemes,No,No,NA ,27-Sep-2021 11:00 AM,NA ,365.0,No ,No,Online,16-Oct-2021 11:00 AM,Orissa Lift Irrigation Corporation||LI BALASORE||LI Division Jaleswar,JALESWAR BALSORE ODISHA,756032.0,1.0,"18,30,358",M/S SHUBHADRANI PRADHAN,"1,845,206",Accepted-AOC,07-Mar-2023,Orissa Lift Irrigation Corporation||LI BALASORE||LI Division Jaleswar,C2_Irrigation,irrigation|lift irrigation|tw ,Unknown,False,False
2021_OLIC_71352_12,"No.02/2021-22,Dt.15-09-2021",CHALANTI-II-TW,CHALANTI-II-TW,Works,Open Tender,Percentage,Civil Works - Lift Irrigation Schemes,No,No,NA ,28-Sep-2021 11:00 AM,NA ,365.0,No ,No,Online,18-Oct-2021 11:00 AM,Orissa Lift Irrigation Corporation||LI BALASORE||LI Division Jaleswar,JALESWAR BALASORE ODISHA,756032.0,1.0,"14,95,499",M/S SHUBHADRANI PRADHAN,"1,540,460",Accepted-AOC,05-Mar-2023,Orissa Lift Irrigation Corporation||LI BALASORE||LI Division Jaleswar,C2_Irrigation,irrigation|lift irrigation|tw ,Unknown,False,False
2021_OLIC_71352_15,"No.02/2021-22,Dt.15-09-2021",MANGALPUR-TW,MANGALPUR-TW,Works,Open Tender,Percentage,Civil Works - Lift Irrigation Schemes,No,No,NA ,28-Sep-2021 11:00 AM,NA ,365.0,No ,No,Online,18-Oct-2021 11:00 AM,Orissa Lift Irrigation Corporation||LI BALASORE||LI Division Jaleswar,JALESWAR BALASORE ODISHA,756032.0,1.0,"14,92,279",RITA JENA,"1,504,384",Accepted-AOC,05-Mar-2023,Orissa Lift Irrigation Corporation||LI BALASORE||LI Division Jaleswar,C2_Irrigation,irrigation|lift irrigation|tw ,Unknown,False,False
2021_OLIC_71352_16,"No.02/2021-22,Dt.15-09-2021",MAHADEVSARAI-I-TW,MAHADEVSARAI-I-TW,Works,Open Tender,Percentage,Civil Works - Lift Irrigation Schemes,No,No,NA ,28-Sep-2021 11:00 AM,NA ,365.0,No ,No,Online,18-Oct-2021 11:00 AM,Orissa Lift Irrigation Corporation||LI BALASORE||LI Division Jaleswar,JALESWAR BALASORE ODISHA,756032.0,1.0,"14,94,256",AJU KUMAR BEHERA,"1,494,495",Accepted-AOC,05-Mar-2023,Orissa Lift Irrigation Corporation||LI BALASORE||LI Division Jaleswar,C2_Irrigation,irrigation|lift irrigation|tw ,Unknown,False,False
2021_OLIC_71352_5,"No.02/2021-22,Dt.15-09-2021",BHURKUNDA-I-TW,BHURKUNDA-I-TW,Works,Open Tender,Percentage,Civil Works - Lift Irrigation Schemes,No,No,NA ,28-Sep-2021 11:00 AM,NA ,365.0,No ,No,Online,18-Oct-2021 11:00 AM,Orissa Lift Irrigation Corporation||LI BALASORE||LI Division Jaleswar,JALESWAR BALASORE ODISHA,756032.0,1.0,"14,76,051",DIBYA SUNDAR PARIDA,"1,522,246",Accepted-AOC,05-Mar-2023,Orissa Lift Irrigation Corporation||LI BALASORE||LI Division Jaleswar,C2_Irrigation,irrigation|lift irrigation|tw ,Unknown,False,False
2021_OLIC_74615_1,"No.05/2021-22,Dt.18.12.2021",PINCHHABANI-II-TW,PINCHHABANI-II-TW,Works,Open Tender,Percentage,Civil Works - Lift Irrigation Schemes,No,No,NA ,23-Dec-2021 05:00 PM,NA ,365.0,No ,No,Online,07-Jan-2022 11:00 AM,Orissa Lift Irrigation Corporation||LI BALASORE||LI Division Jaleswar,JALESWAR BALASORE ODISHA,756032.0,1.0,"15,63,029",PABITRA SANKHUA,"1,483,549",Accepted-AOC,03-Mar-2023,Orissa Lift Irrigation Corporation||LI BALASORE||LI Division Jaleswar,C2_Irrigation,irrigation|lift irrigation|tw ,Unknown,False,False
2021_OLIC_74615_38,"No.05/2021-22,Dt.18.12.2021",KUDIABATIA-I-TW,KUDIABATIA-I-TW,Works,Open Tender,Percentage,Civil Works - Lift Irrigation Schemes,No,No,NA ,23-Dec-2021 05:00 PM,NA ,365.0,No ,No,Online,07-Jan-2022 11:00 AM,Orissa Lift Irrigation Corporation||LI BALASORE||LI Division Jaleswar,JALESWAR BALASORE ODISHA,756032.0,1.0,"17,12,735",PRATIVA ROUT,"1,712,735",Accepted-AOC,05-Mar-2023,Orissa Lift Irrigation Corporation||LI BALASORE||LI Division Jaleswar,C2_Irrigation,irrigation|lift irrigation|tw ,Unknown,False,False
2021_OLIC_74615_40,"No.05/2021-22,Dt.18.12.2021",KANTIADOVA-I-TW,KANTIADOVA-I-TW,Works,Open Tender,Percentage,Civil Works - Lift Irrigation Schemes,No,No,NA ,23-Dec-2021 05:00 PM,NA ,365.0,No ,No,Online,07-Jan-2022 11:00 AM,Orissa Lift Irrigation Corporation||LI BALASORE||LI Division Jaleswar,JALESWAR BALASORE ODISHA,756032.0,1.0,"19,24,695",Gagan Bihari Barik,"1,924,695",Accepted-AOC,05-Mar-2023,Orissa Lift Irrigation Corporation||LI BALASORE||LI Division Jaleswar,C2_Irrigation,irrigation|lift irrigation|tw ,Unknown,False,False
2021_OLIC_74615_56,"No.05/2021-22,Dt.18.12.2021",KARUA-IV-TW,KARUA-IV-TW,Works,Open Tender,Percentage,Civil Works - Lift Irrigation Schemes,No,No,NA ,23-Dec-2021 05:00 PM,NA ,365.0,No ,No,Online,07-Jan-2022 11:00 AM,Orissa Lift Irrigation Corporation||LI BALASORE||LI Division Jaleswar,JALESWAR BALASORE ODISHA,756032.0,1.0,"16,24,360",BHAJAHARI PARIDA,"1,543,142",Accepted-AOC,07-Mar-2023,Orissa Lift Irrigation Corporation||LI BALASORE||LI Division Jaleswar,C2_Irrigation,irrigation|lift irrigation|tw ,Unknown,False,False
2021_OLIC_74615_64,"No.05/2021-22,Dt.18.12.2021",MAHISAMARI-I-TW,MAHISAMARI-I-TW,Works,Open Tender,Percentage,Civil Works - Lift Irrigation Schemes,No,No,NA ,23-Dec-2021 05:00 PM,NA ,365.0,No ,No,Online,07-Jan-2022 11:00 AM,Orissa Lift Irrigation Corporation||LI BALASORE||LI Division Jaleswar,JALESWAR BALASORE ODISHA,756032.0,1.0,"18,54,813",M/S SIMONS ENGINEERING WORKS,"1,752,613",Accepted-AOC,03-Mar-2023,Orissa Lift Irrigation Corporation||LI BALASORE||LI Division Jaleswar,C2_Irrigation,irrigation|lift irrigation|tw ,Unknown,False,False
2021_OLIC_74615_70,"No.05/2021-22,Dt.18.12.2021",AGRADA-TW,AGRADA-TW,Works,Open Tender,Percentage,Civil Works - Lift Irrigation Schemes,No,No,NA ,23-Dec-2021 05:00 PM,NA ,365.0,No ,No,Online,07-Jan-2022 11:00 AM,Orissa Lift Irrigation Corporation||LI BALASORE||LI Division Jaleswar,JALESWAR BALASORE ODISHA,756032.0,1.0,"18,57,235",Gagan Bihari Barik,"1,857,235",Accepted-AOC,02-Mar-2023,Orissa Lift Irrigation Corporation||LI BALASORE||LI Division Jaleswar,C2_Irrigation,irrigation|lift irrigation|tw ,Unknown,False,False
2021_OLIC_74615_72,"No.05/2021-22,Dt.18.12.2021",CHHACHINA-IV-TW,CHHACHINA-IV-TW,Works,Open Tender,Percentage,Civil Works - Lift Irrigation Schemes,No,No,NA ,23-Dec-2021 05:00 PM,NA ,365.0,No ,No,Online,07-Jan-2022 11:00 AM,Orissa Lift Irrigation Corporation||LI BALASORE||LI Division Jaleswar,JALESWAR BALASORE ODISHA,756032.0,1.0,"16,96,198",BHAJAHARI PARIDA,"1,696,198",Accepted-AOC,02-Mar-2023,Orissa Lift Irrigation Corporation||LI BALASORE||LI Division Jaleswar,C2_Irrigation,irrigation|lift irrigation|tw ,Unknown,False,False
2021_OLIC_74615_73,"No.05/2021-22,Dt.18.12.2021",NAIKUDI-VII-TW,NAIKUDI-VII-TW,Works,Open Tender,Percentage,Civil Works - Lift Irrigation Schemes,No,No,NA ,23-Dec-2021 05:00 PM,NA ,365.0,No ,No,Online,07-Jan-2022 11:00 AM,Orissa Lift Irrigation Corporation||LI BALASORE||LI Division Jaleswar,JALESWAR BALASORE ODISHA,756032.0,1.0,"18,26,842",M/S SIMONS ENGINEERING WORKS,"1,725,270",Accepted-AOC,03-Mar-2023,Orissa Lift Irrigation Corporation||LI BALASORE||LI Division Jaleswar,C2_Irrigation,irrigation|lift irrigation|tw ,Unknown,False,False
2021_OLIC_74615_74,"No.05/2021-22,Dt.18.12.2021",NAIKUDI-VI-TW,NAIKUDI-VI-TW,Works,Open Tender,Percentage,Civil Works - Lift Irrigation Schemes,No,No,NA ,23-Dec-2021 05:00 PM,NA ,365.0,No ,No,Online,07-Jan-2022 11:00 AM,Orissa Lift Irrigation Corporation||LI BALASORE||LI Division Jaleswar,JALESWAR BALASORE ODISHA,756032.0,1.0,"19,47,520",M/S SIMONS ENGINEERING WORKS,"1,839,238",Accepted-AOC,03-Mar-2023,Orissa Lift Irrigation Corporation||LI BALASORE||LI Division Jaleswar,C2_Irrigation,irrigation|lift irrigation|tw ,Unknown,False,False
2021_OLIC_74615_77,"No.05/2021-22,Dt.18.12.2021",GAMBHARIA-III-TW,GAMBHARIA-III-TW,Works,Open Tender,Percentage,Civil Works - Lift Irrigation Schemes,No,No,NA ,23-Dec-2021 05:00 PM,NA ,365.0,No ,No,Online,07-Jan-2022 11:00 AM,Orissa Lift Irrigation Corporation||LI BALASORE||LI Division Jaleswar,JALESWAR BALASORE ODISHA,756032.0,1.0,"18,83,029",M/S SIMONS ENGINEERING WORKS,"1,782,287",Accepted-AOC,03-Mar-2023,Orissa Lift Irrigation Corporation||LI BALASORE||LI Division Jaleswar,C2_Irrigation,irrigation|lift irrigation|tw ,Unknown,False,False
2022_CCEJE_83477_1,SE-UKHWD-05/2022-23(Sl.No.12),Construction of new protection walls of Padmapur Distributary between RD 7.150 Km to 7.300 Km and RD 9.200 Km to 9.250 Km for leakage control.,Canal structural work.,Works,Open Tender,Percentage,Civil Works - Canal,No,No,NA ,22-Nov-2022 11:00 AM,NA ,90.0,No ,No,Online,02-Dec-2022 11:30 AM,"CCE,Upper Kolab Project,Jeypore||CCE,Upper Kolab Project, Bariniput||EE , Upper Kolab Headworks Division,Kolabnagar",Jeypore,764004.0,1.0,"10,87,897",DHABALU SANTA,"924,821.4",Accepted-AOC,22-Mar-2023,"CCE,Upper Kolab Project,Jeypore||CCE,Upper Kolab Project, Bariniput||EE , Upper Kolab Headworks Division,Kolabnagar",C2_Irrigation,canal,Unknown,False,False
2022_CCEJE_83479_1,SE-UKHWD-05/2022-23(Sl.No.14),Protection to Left bank of Jeypore Distributary within RD 0.10 km to 0.205 km.,Canal structural work.,Works,Open Tender,Percentage,Civil Works - Canal,No,No,NA ,22-Nov-2022 11:00 AM,NA ,90.0,No ,No,Online,02-Dec-2022 11:30 AM,"CCE,Upper Kolab Project,Jeypore||CCE,Upper Kolab Project, Bariniput||EE , Upper Kolab Headworks Division,Kolabnagar",Jeypore,764004.0,1.0,"11,52,548",B TEJESWAR RAO,"979,781.04",Accepted-AOC,22-Mar-2023,"CCE,Upper Kolab Project,Jeypore||CCE,Upper Kolab Project, Bariniput||EE , Upper Kolab Headworks Division,Kolabnagar",C2_Irrigation,canal,Unknown,False,False
2022_OLIC_82821_63,1_2022_23_19_10_2022,Pkg63,Installation and Energisation of Rahasoi II TW andjaleswarpur V TW TWon Turnkey basis under Dasarthpur Block,Works,Open Tender,Percentage,Civil Works - Lift Irrigation Schemes,No,No,NA ,09-Nov-2022 10:00 AM,NA ,180.0,No ,No,Online,21-Nov-2022 11:00 AM,"Orissa Lift Irrigation Corporation||LI,Central Circle, Cuttack||LI Division Jajpur Road",Jajpur Road,755019.0,2.0,"31,87,862",AMIT BARAN DAS,"3,197,802",Accepted-AOC,06-Mar-2023,"Orissa Lift Irrigation Corporation||LI,Central Circle, Cuttack||LI Division Jajpur Road",C2_Irrigation,irrigation|lift irrigation|tw ,Mitigation,False,False
2022_OLIC_82821_82,1_2022_23_19_10_2022,Pkg82,Revival and restoration of Anikana TW on Turnkey basis under Bari Block,Works,Open Tender,Percentage,Civil Works - Lift Irrigation Schemes,No,No,NA ,09-Nov-2022 10:00 AM,NA ,180.0,No ,No,Online,21-Nov-2022 11:00 AM,"Orissa Lift Irrigation Corporation||LI,Central Circle, Cuttack||LI Division Jajpur Road",Jajpur Road,755019.0,2.0,"8,05,838",NALINI PRAVA MALLICK,"903,439",Accepted-AOC,06-Mar-2023,"Orissa Lift Irrigation Corporation||LI,Central Circle, Cuttack||LI Division Jajpur Road",C2_Irrigation|C3_Drought,irrigation|lift irrigation|revival|tw ,DamageResponse,False,False
2022_OLIC_82821_87,1_2022_23_19_10_2022,Pkg87,Revival and restoration of Baliposi TW on Turnkey basis under Korai Block,Works,Open Tender,Percentage,Civil Works - Lift Irrigation Schemes,No,No,NA ,09-Nov-2022 10:00 AM,NA ,180.0,No ,No,Online,21-Nov-2022 11:00 AM,"Orissa Lift Irrigation Corporation||LI,Central Circle, Cuttack||LI Division Jajpur Road",Jajpur Road,755019.0,2.0,"9,82,689",BIPIN BEHARI MAJHI,"1,159,573",Accepted-AOC,06-Mar-2023,"Orissa Lift Irrigation Corporation||LI,Central Circle, Cuttack||LI Division Jajpur Road",C2_Irrigation|C3_Drought,irrigation|lift irrigation|lip|revival|tw ,DamageResponse,False,False
2022_OLIC_83043_2,"No.02/2022-23,dt.02-11-2022",DHULIUDA-II-TW,DHULIUDA-II-TW,Works,Open Tender,Percentage,Civil Works - Lift Irrigation Schemes,No,No,NA ,14-Nov-2022 11:00 AM,NA ,365.0,No ,No,Online,25-Nov-2022 11:00 AM,Orissa Lift Irrigation Corporation||LI BALASORE||LI Division Jaleswar,JALESWAR BALASORE ODISHA,756032.0,1.0,"17,70,136",AJU KUMAR BEHERA,0.0,Accepted-AOC,02-Mar-2023,Orissa Lift Irrigation Corporation||LI BALASORE||LI Division Jaleswar,C2_Irrigation,irrigation|lift irrigation|tw ,Unknown,False,False
2022_OLIC_83043_8,"No.02/2022-23,dt.02-11-2022",GHOLEI-II-TW,GHOLEI-II-TW,Works,Open Tender,Percentage,Civil Works - Lift Irrigation Schemes,No,No,NA ,14-Nov-2022 11:00 AM,NA ,365.0,No ,No,Online,25-Nov-2022 11:00 AM,Orissa Lift Irrigation Corporation||LI BALASORE||LI Division Jaleswar,JALESWAR BALASORE ODISHA,756032.0,1.0,"16,73,282",AJU KUMAR BEHERA,0.0,Accepted-AOC,02-Mar-2023,Orissa Lift Irrigation Corporation||LI BALASORE||LI Division Jaleswar,C2_Irrigation,irrigation|lift irrigation|tw ,Unknown,False,False
2022_OMC_78461_1,OMC/E-PROC/CMC/70/2022 dated 09-Jun-2022,"Engagement of an external agency for Supply, Installation, Commissioning and Three Years AMC of 80MT Electronic Weigh Bridges at different Mines of OMC","Engagement of an external agency for Supply, Installation, Commissioning and Three Years AMC of 80MT Electronic Weigh Bridges at different Mines of OMC",Services,Open Tender,Item Rate,Miscellaneous Services,No,No,NA ,10-Jun-2022 06:00 PM,28-Jun-2022 03:30 PM ,180.0,No ,No,Online,17-Aug-2022 05:00 PM,Orissa Mining Corporation,Different Mines of OMC,751001.0,2.0,,LEOTRONIC SCALES PRIVATE LIMITED,"56,946,800",Accepted-AOC,27-Mar-2023,Orissa Mining Corporation,C8_Scheme,omm,Mitigation,False,False
2022_ORULB_80803_21,EO/AGLM-07/2022-23,Const. of c.c. road and drain from Madhab Behera house to Choukini pond in ward No.7,Const. of c.c. road and drain from Madhab Behera house to Choukini pond in ward No.7,Works,Open Tender,Percentage,Civil Works - Others,No,No,NA ,30-Aug-2022 10:00 AM,NA ,90.0,No ,No,Online,09-Sep-2022 11:00 AM,Municipal Bodies||Angul Municipality,Angul,759122.0,1.0,"2,58,928",Nilanchala Pradhan,"220,115",Accepted-AOC,02-Mar-2023,Municipal Bodies||Angul Municipality,C1_WaterConservation,pond,Unknown,False,False
2023_CEBMB_85329_5,SE-CHWD-05/2022-23,"Construction of RCC layer over dry stone wall and base of internal drain of RR colony, Bidyadharapur of Chheligada Irrigation Project.",Construction of RCC layer,Works,Open Tender,Percentage,Civil Works - Others,No,No,NA ,17-Jan-2023 10:00 AM,NA ,90.0,No ,No,Online,01-Feb-2023 11:30 AM,"CE-BM,RVN Basin,Berhampur||SE Southern Irr Circle II Paralakhemundi||EE Chheligada Head Works Divn Mahendragada",Mahendragada,761017.0,1.0,"12,31,000",KAPILENDRA SAHU,"1,046,345",Accepted-AOC,23-Mar-2023,"CE-BM,RVN Basin,Berhampur||SE Southern Irr Circle II Paralakhemundi||EE Chheligada Head Works Divn Mahendragada",C2_Irrigation,irr ,Mitigation,False,False
2023_CEBMB_86030_10,e- BNID-13/2022-23,Construction of bathing ghat in RFB of river Badanadi near village Nahada.,Construction of bathing ghat in RFB of river Badanadi near village Nahada.,Works,Open Tender,Percentage,Civil Works - Others,No,No,NA ,10-Feb-2023 10:00 AM,NA ,90.0,No ,No,Online,21-Feb-2023 11:00 AM,"CE-BM,RVN Basin,Berhampur||S.E. Southern Irr. Circle I Berhampur||EE Bhanjanagar Irrigation Divn Bhanjanagar",Bhanjanagar,761126.0,1.0,"4,98,160",BILASA BEHERA,"423,486",Accepted-AOC,26-Mar-2023,"CE-BM,RVN Basin,Berhampur||S.E. Southern Irr. Circle I Berhampur||EE Bhanjanagar Irrigation Divn Bhanjanagar",C2_Irrigation,irrigation,Mitigation,False,False
2023_CEBMB_86030_11,e- BNID-13/2022-23,Construction of bathing ghat in RFB of river Badanadi near village Khukundia.,Construction of bathing ghat in RFB of river Badanadi near village Khukundia.,Works,Open Tender,Percentage,Civil Works - Others,No,No,NA ,10-Feb-2023 10:00 AM,NA ,90.0,No ,No,Online,21-Feb-2023 11:00 AM,"CE-BM,RVN Basin,Berhampur||S.E. Southern Irr. Circle I Berhampur||EE Bhanjanagar Irrigation Divn Bhanjanagar",Bhanjanagar,761126.0,1.0,"4,98,160",BILASA BEHERA,"423,486",Accepted-AOC,27-Mar-2023,"CE-BM,RVN Basin,Berhampur||S.E. Southern Irr. Circle I Berhampur||EE Bhanjanagar Irrigation Divn Bhanjanagar",C2_Irrigation,irrigation,Mitigation,False,False
2023_CEBMB_86030_2,e- BNID-13/2022-23,Construction of bathing ghat in LFB of river Badanadi near village Golapada,Construction of bathing ghat in LFB of river Badanadi near village Golapada,Works,Open Tender,Percentage,Civil Works - Others,No,No,NA ,10-Feb-2023 10:00 AM,NA ,90.0,No ,No,Online,21-Feb-2023 11:00 AM,"CE-BM,RVN Basin,Berhampur||S.E. Southern Irr. Circle I Berhampur||EE Bhanjanagar Irrigation Divn Bhanjanagar",Bhanjanagar,761126.0,1.0,"4,92,605",ARUN NAIK,"418,764",Accepted-AOC,25-Mar-2023,"CE-BM,RVN Basin,Berhampur||S.E. Southern Irr. Circle I Berhampur||EE Bhanjanagar Irrigation Divn Bhanjanagar",C2_Irrigation,irrigation,Mitigation,False,False
2023_CEBMB_86030_7,e- BNID-13/2022-23,Restoration to LFB of river Loharakhandi near U/S of Jamapalli Kandhasahi.,Restoration to LFB of river Loharakhandi near U/S of Jamapalli Kandhasahi.,Works,Open Tender,Percentage,Civil Works - Others,No,No,NA ,10-Feb-2023 10:00 AM,NA ,90.0,No ,No,Online,21-Feb-2023 11:00 AM,"CE-BM,RVN Basin,Berhampur||S.E. Southern Irr. Circle I Berhampur||EE Bhanjanagar Irrigation Divn Bhanjanagar",Bhanjanagar,761126.0,1.0,"25,05,699",AKASH CHANDRA DASH,"2,130,094",Accepted-AOC,26-Mar-2023,"CE-BM,RVN Basin,Berhampur||S.E. Southern Irr. Circle I Berhampur||EE Bhanjanagar Irrigation Divn Bhanjanagar",C2_Irrigation,irrigation,DamageResponse,False,False
2023_CEBMB_86344_1,Quatation Call Notice,"Supply and Installation of 25 KVA (3-phase) KIRLOSKAR i-Green silent Diesel Generator for Bhanjanagar Dam, Bhanjanagar.","Supply and Installation of 25 KVA (3-phase) KIRLOSKAR i-Green silent Diesel Generator for Bhanjanagar Dam, Bhanjanagar.",Goods,Open Tender,Item Rate,Miscellaneous Goods,No,No,NA ,20-Feb-2023 10:00 AM,NA ,90.0,No ,No,Online,02-Mar-2023 11:00 AM,"CE-BM,RVN Basin,Berhampur||S.E. Southern Irr. Circle I Berhampur||EE Bhanjanagar Irrigation Divn Bhanjanagar",Bhanjanagar,761126.0,1.0,,M/s RAJEEV BAJPAI,"529,000",Accepted-AOC,09-Mar-2023,"CE-BM,RVN Basin,Berhampur||S.E. Southern Irr. Circle I Berhampur||EE Bhanjanagar Irrigation Divn Bhanjanagar",C2_Irrigation,irrigation,Mitigation,False,False
2023_CELBB_85168_16,e-Procurement Notice No.SEPRD-23/2022-23,(16) Restoration to Kathajodi Sirua Devi Right Embankment from RD 31.00 to 33.90 Km.,Restoration to Kathajodi Sirua Devi Right Embankment from RD 31.00 to 33.90 Km.,Works,Open Tender,Percentage,Civil Works - Others,No,No,NA ,11-Jan-2023 06:00 PM,NA ,90.0,No ,No,Online,19-Jan-2023 11:00 AM,"CE-BM,LMB Basin,BBSR||SE, Central Irr.Circle, BBSR||EE,Prachi Division,Bhubaneswar","Delta, BBSR-12",751012.0,1.0,"4,85,046",BHOLANATH DASH,"412,338",Accepted-AOC,04-Mar-2023,"CE-BM,LMB Basin,BBSR||SE, Central Irr.Circle, BBSR||EE,Prachi Division,Bhubaneswar",C4_FloodCyclone,embankment,DamageResponse,False,False
2023_CELBB_85168_22,e-Procurement Notice No.SEPRD-23/2022-23,(22) Restoration to Right afflux bandha of Mundali weir from RD 00 to 2.50 Km,Restoration to Right afflux bandha of Mundali weir from RD 00 to 2.50 Km,Works,Open Tender,Percentage,Civil Works - Others,No,No,NA ,11-Jan-2023 06:55 PM,NA ,90.0,No ,No,Online,19-Jan-2023 11:00 AM,"CE-BM,LMB Basin,BBSR||SE, Central Irr.Circle, BBSR||EE,Prachi Division,Bhubaneswar","Delta, BBSR-12",751012.0,1.0,"4,16,072",Alok Kumar Mohapatra,"353,703",Accepted-AOC,04-Mar-2023,"CE-BM,LMB Basin,BBSR||SE, Central Irr.Circle, BBSR||EE,Prachi Division,Bhubaneswar",C2_Irrigation,weir,DamageResponse,False,False
2023_CELBB_85168_26,e-Procurement Notice No.SEPRD-23/2022-23,(26) Restoration to Kuakhai left embankment from RD. 3.50 to RD. 5.50 Km,Restoration to Kuakhai left embankment from RD. 3.50 to RD. 5.50 Km,Works,Open Tender,Percentage,Civil Works - Others,No,No,NA ,11-Jan-2023 06:55 PM,NA ,90.0,No ,No,Online,19-Jan-2023 11:00 AM,"CE-BM,LMB Basin,BBSR||SE, Central Irr.Circle, BBSR||EE,Prachi Division,Bhubaneswar","Delta, BBSR-12",751012.0,1.0,"3,33,919",Alok Kumar Mohapatra,"283,864",Accepted-AOC,04-Mar-2023,"CE-BM,LMB Basin,BBSR||SE, Central Irr.Circle, BBSR||EE,Prachi Division,Bhubaneswar",C4_FloodCyclone,embankment,DamageResponse,False,False
2023_CELBB_85168_27,e-Procurement Notice No.SEPRD-23/2022-23,(27) Restoration to KSDR Embankment from RD 2.500 Km. to RD 5.400 Km.,Restoration to KSDR Embankment from RD 2.500 Km. to RD 5.400 Km.,Works,Open Tender,Percentage,Civil Works - Others,No,No,NA ,11-Jan-2023 06:55 PM,NA ,90.0,No ,No,Online,19-Jan-2023 11:00 AM,"CE-BM,LMB Basin,BBSR||SE, Central Irr.Circle, BBSR||EE,Prachi Division,Bhubaneswar","Delta, BBSR-12",751012.0,1.0,"4,84,686",KAMADEV KAR,"412,031",Accepted-AOC,04-Mar-2023,"CE-BM,LMB Basin,BBSR||SE, Central Irr.Circle, BBSR||EE,Prachi Division,Bhubaneswar",C4_FloodCyclone,embankment,DamageResponse,False,False
2023_CELBB_85168_9,e-Procurement Notice No.SEPRD-23/2022-23,(9) Improvement to Daya right embankment from R.D. 28.0 k.m. To 31.20 k.m,Improvement to Daya right embankment from R.D. 28.0 k.m. To 31.20 k.m,Works,Open Tender,Percentage,Civil Works - Others,No,No,NA ,11-Jan-2023 06:00 PM,NA ,90.0,No ,No,Online,19-Jan-2023 11:00 AM,"CE-BM,LMB Basin,BBSR||SE, Central Irr.Circle, BBSR||EE,Prachi Division,Bhubaneswar","Delta, BBSR-12",751012.0,1.0,"4,92,996",BRUNDABAN PATTANAYAK,"419,096",Accepted-AOC,04-Mar-2023,"CE-BM,LMB Basin,BBSR||SE, Central Irr.Circle, BBSR||EE,Prachi Division,Bhubaneswar",C4_FloodCyclone,embankment,Mitigation,False,False
2023_CEMIB_85256_1,MIDGJP-07/2022-23,Construction of Routana Nalla Check Dam in R.Udayagiri block of Gajapati District under MATY Scheme.2022-23,Construction of Routana Nalla Check Dam in R.Udayagiri block of Gajapati District under MATY Scheme.2022-23,Works,Open Tender,Percentage,Civil Works - Others,No,No,NA ,16-Jan-2023 05:30 PM,NA ,90.0,No ,No,Online,25-Jan-2023 11:00 AM,"CE,Minor Irrigation,BBSR||SESMIC-BERHAMPUR||GAJAPATI",R.UDAYAGIRI,761016.0,2.0,"53,10,212",Ashok Kumar Behera,"4,514,211",Accepted-AOC,01-Mar-2023,"CE,Minor Irrigation,BBSR||SESMIC-BERHAMPUR||GAJAPATI",C1_WaterConservation|C2_Irrigation,check dam|irrigation|minor irrigation,Mitigation,False,False
2023_CEMIB_85269_2,BID IDENTIFICATION NO-07/2022-23,Construction of Barebata Check Dam over Kateni nalla near village Barebata in Majhipada GP of Phiringia Block of Kandhamal District under MATY scheme for 2022-23.,Construction of Barebata Check Dam over Kateni nalla near village Barebata in Majhipada GP of Phiringia Block of Kandhamal District under MATY scheme for 2022-23.,Works,National Competitive Bid,Percentage,Civil Works - Others,No,No,NA ,16-Jan-2023 10:00 AM,NA ,90.0,No ,No,Online,31-Jan-2023 11:00 AM,"CE,Minor Irrigation,BBSR||SESMIC-BERHAMPUR||EE Kandhamal MI Divn. Phulbani",Phulbani,762001.0,2.0,"66,75,000",Ashok kumar jena,"5,673,993",Accepted-AOC,28-Mar-2023,"CE,Minor Irrigation,BBSR||SESMIC-BERHAMPUR||EE Kandhamal MI Divn. Phulbani",C1_WaterConservation|C2_Irrigation,check dam|irrigation|minor irrigation,Mitigation,False,False
2023_CEMIB_85766_2,Online Tender/11/GMID-I/2022-23,Construction of Luchanabada Check Dam over Arakha nalla near village Buguda in Sanakhemundi Block,Construction of Luchanabada Check Dam over Arakha nalla near village Buguda in Sanakhemundi Block of Ganjam District,Works,Open Tender,Percentage,Civil Works - Others,No,No,NA ,07-Feb-2023 02:30 PM,NA ,90.0,No ,No,Online,14-Feb-2023 11:00 AM,"CE,Minor Irrigation,BBSR||SESMIC-BERHAMPUR||GANJAM I",Sanakhemundi,761013.0,1.0,"38,40,000",Amit kumar raulo,"3,264,119.48",Accepted-AOC,20-Mar-2023,"CE,Minor Irrigation,BBSR||SESMIC-BERHAMPUR||GANJAM I",C1_WaterConservation|C2_Irrigation,check dam|irrigation|minor irrigation,Mitigation,False,False
2023_CEMIB_85979_2,SE-09/MID JSP/2022-23,Construction of Dadekudar Check Dam over Local nalla near village Dharichua in Kusumi Block of Mayurbhanj District.,Construction of Dadekudar Check Dam over Local nalla near village Dharichua in Kusumi Block of Mayurbhanj District.,Works,Open Tender,Percentage,Civil Works - Others,No,No,NA ,10-Feb-2023 10:00 AM,NA ,90.0,No ,No,Online,21-Feb-2023 11:00 AM,"CE,Minor Irrigation,BBSR||SE,Eastern Minor Irr.Circle,Keonjhar||EE,MI Divn, Jashipur",KUSUMI,757047.0,2.0,"60,44,330",BIKRAM TUDU,"5,138,285.33",Accepted-AOC,21-Mar-2023,"CE,Minor Irrigation,BBSR||SE,Eastern Minor Irr.Circle,Keonjhar||EE,MI Divn, Jashipur",C1_WaterConservation|C2_Irrigation,check dam|irrigation|minor irrigation,Mitigation,False,False
2023_OCCL_85294_1,E-procurement Notice No.34/OCCL/2022-23 (on-line),OCCL-UGPL-GMP/01/ 2022-23,DISTRIBUTION SYSTEM OF GHATAKESWAR MULTI PURPOSE PROJECT THROUGH UGPL (GRAVITY FLOW) ALONG WITH MICRO IRRIGATION SYSTEM.,Works,Open Tender,Percentage,Civil Works - Others,No,No,NA ,16-Jan-2023 01:00 PM,24-Jan-2023 11:30 AM ,90.0,No ,No,Online,31-Jan-2023 12:00 PM,ODISHA CONSTRUCTION CORPORATION LTD||CIVIL,"GHATAKESWAR, GANJAM",761111.0,2.0,"22,13,87,105",Gaja Engineering Private Limited,"231,902,992",Accepted-AOC,21-Mar-2023,ODISHA CONSTRUCTION CORPORATION LTD||CIVIL,C2_Irrigation,irrigation|micro irrigation,Mitigation,False,False
2023_OLIC_84931_13,BID ID NO. 5069 (OLIC/2022-23) DATED 26.12.2022,Revival of Kainsari TW LIP under Badasahi Block in Mayurbhanj District,Revival of Kainsari TW LIP under Badasahi Block in Mayurbhanj District,Works,Open Tender,Percentage,Civil Works - Lift Irrigation Schemes,No,No,NA ,10-Jan-2023 10:00 AM,NA ,365.0,No ,No,Online,19-Jan-2023 10:00 AM,Orissa Lift Irrigation Corporation||LI BALASORE||LI Division Baripada,Baripada,757002.0,2.0,"15,22,796",AJAY KUMAR GIRI,"1,446,808",Accepted-AOC,09-Mar-2023,Orissa Lift Irrigation Corporation||LI BALASORE||LI Division Baripada,C2_Irrigation|C3_Drought,irrigation|lift irrigation|lip|revival|tw ,Unknown,False,False
2023_OLIC_84931_20,BID ID NO. 5069 (OLIC/2022-23) DATED 26.12.2022,Revival of Astia I RL LIP under G B Nagar Block in Mayurbhanj District,Revival of Astia I RL LIP under G B Nagar Block in Mayurbhanj District,Works,Open Tender,Percentage,Civil Works - Lift Irrigation Schemes,No,No,NA ,10-Jan-2023 10:00 AM,NA ,365.0,No ,No,Online,19-Jan-2023 10:00 AM,Orissa Lift Irrigation Corporation||LI BALASORE||LI Division Baripada,Baripada,757002.0,2.0,"14,06,784",M/S.BAISAKHI CONSTRUCTION PVT.LTD,"1,406,784",Accepted-AOC,09-Mar-2023,Orissa Lift Irrigation Corporation||LI BALASORE||LI Division Baripada,C2_Irrigation|C3_Drought,irrigation|lift irrigation|lip|revival,Unknown,False,False
2023_OLIC_84931_24,BID ID NO. 5069 (OLIC/2022-23) DATED 26.12.2022,Revival of Athapada I TW LIP under Khunta Block in Mayurbhanj District,Revival of Athapada I TW LIP under Khunta Block in Mayurbhanj District,Works,Open Tender,Percentage,Civil Works - Lift Irrigation Schemes,No,No,NA ,10-Jan-2023 10:00 AM,NA ,365.0,No ,No,Online,19-Jan-2023 10:00 AM,Orissa Lift Irrigation Corporation||LI BALASORE||LI Division Baripada,Baripada,757002.0,2.0,"15,23,411",ISHWAR CHANDRA NAYAK,"1,447,393",Accepted-AOC,09-Mar-2023,Orissa Lift Irrigation Corporation||LI BALASORE||LI Division Baripada,C2_Irrigation|C3_Drought,irrigation|lift irrigation|lip|revival|tw ,Unknown,False,False
2023_OLIC_84931_26,BID ID NO. 5069 (OLIC/2022-23) DATED 26.12.2022,Revival of Dukura II TW LIP under Khunta Block in Mayurbhanj District,Revival of Dukura II TW LIP under Khunta Block in Mayurbhanj District,Works,Open Tender,Percentage,Civil Works - Lift Irrigation Schemes,No,No,NA ,10-Jan-2023 10:00 AM,NA ,365.0,No ,No,Online,19-Jan-2023 10:00 AM,Orissa Lift Irrigation Corporation||LI BALASORE||LI Division Baripada,Baripada,757002.0,2.0,"15,00,299",AMIT KUMAR DAS,"1,425,434",Accepted-AOC,09-Mar-2023,Orissa Lift Irrigation Corporation||LI BALASORE||LI Division Baripada,C2_Irrigation|C3_Drought,irrigation|lift irrigation|lip|revival|tw ,Unknown,False,False
2023_OLIC_84931_27,BID ID NO. 5069 (OLIC/2022-23) DATED 26.12.2022,Revival of Chitrada RL LIP under Morada Block in Mayurbhanj District,Revival of Chitrada RL LIP under Morada Block in Mayurbhanj District,Works,Open Tender,Percentage,Civil Works - Lift Irrigation Schemes,No,No,NA ,10-Jan-2023 10:00 AM,NA ,365.0,No ,No,Online,19-Jan-2023 10:00 AM,Orissa Lift Irrigation Corporation||LI BALASORE||LI Division Baripada,Baripada,757002.0,2.0,"14,64,566",Gouri Shankar Sur,"1,318,256",Accepted-AOC,09-Mar-2023,Orissa Lift Irrigation Corporation||LI BALASORE||LI Division Baripada,C2_Irrigation|C3_Drought,irrigation|lift irrigation|lip|revival,Unknown,False,False
2023_OLIC_84931_28,BID ID NO. 5069 (OLIC/2022-23) DATED 26.12.2022,Revival of Silda II TW LIP under Morada Block in Mayurbhanj District,Revival of Silda II TW LIP under Morada Block in Mayurbhanj District,Works,Open Tender,Percentage,Civil Works - Lift Irrigation Schemes,No,No,NA ,10-Jan-2023 10:00 AM,NA ,365.0,No ,No,Online,19-Jan-2023 10:00 AM,Orissa Lift Irrigation Corporation||LI BALASORE||LI Division Baripada,Baripada,757002.0,2.0,"15,36,245",Gouri Shankar Sur,"1,382,774",Accepted-AOC,09-Mar-2023,Orissa Lift Irrigation Corporation||LI BALASORE||LI Division Baripada,C2_Irrigation|C3_Drought,irrigation|lift irrigation|lip|revival|tw ,Unknown,False,False
2023_OLIC_84931_30,BID ID NO. 5069 (OLIC/2022-23) DATED 26.12.2022,Revival of Jualibhanga TW LIP under Morada Block in Mayurbhanj District,Revival of Jualibhanga TW LIP under Morada Block in Mayurbhanj District,Works,Open Tender,Percentage,Civil Works - Lift Irrigation Schemes,No,No,NA ,10-Jan-2023 10:00 AM,NA ,365.0,No ,No,Online,19-Jan-2023 10:00 AM,Orissa Lift Irrigation Corporation||LI BALASORE||LI Division Baripada,Baripada,757002.0,2.0,"15,11,272",Gouri Shankar Sur,"1,360,296",Accepted-AOC,09-Mar-2023,Orissa Lift Irrigation Corporation||LI BALASORE||LI Division Baripada,C2_Irrigation|C3_Drought,irrigation|lift irrigation|lip|revival|tw ,Unknown,False,False
2023_OLIC_84931_37,BID ID NO. 5069 (OLIC/2022-23) DATED 26.12.2022,Revival of Kadamsole TW LIP under Rasgobindpur Block in Mayurbhanj District,Revival of Kadamsole TW LIP under Rasgobindpur Block in Mayurbhanj District,Works,Open Tender,Percentage,Civil Works - Lift Irrigation Schemes,No,No,NA ,10-Jan-2023 10:00 AM,NA ,365.0,No ,No,Online,19-Jan-2023 10:00 AM,Orissa Lift Irrigation Corporation||LI BALASORE||LI Division Baripada,Baripada,757002.0,2.0,"13,04,061",Gouri Shankar Sur,"1,173,785",Accepted-AOC,09-Mar-2023,Orissa Lift Irrigation Corporation||LI BALASORE||LI Division Baripada,C2_Irrigation|C3_Drought,irrigation|lift irrigation|lip|revival|tw ,Unknown,False,False
2023_OLIC_84931_39,BID ID NO. 5069 (OLIC/2022-23) DATED 26.12.2022,Installation and Energisation of Kanpur III TW LIP under Rasgobindpur Block in Mayurbhanj District,Installation and Energisation of Kanpur III TW LIP under Rasgobindpur Block in Mayurbhanj District,Works,Open Tender,Percentage,Civil Works - Lift Irrigation Schemes,No,No,NA ,10-Jan-2023 10:00 AM,NA ,365.0,No ,No,Online,19-Jan-2023 10:00 AM,Orissa Lift Irrigation Corporation||LI BALASORE||LI Division Baripada,Baripada,757002.0,2.0,"16,83,147",ASIT KUMAR SARANGI,"1,634,504",Accepted-AOC,06-Mar-2023,Orissa Lift Irrigation Corporation||LI BALASORE||LI Division Baripada,C2_Irrigation,irrigation|lift irrigation|lip|tw ,Mitigation,False,False
2023_OLIC_84931_40,BID ID NO. 5069 (OLIC/2022-23) DATED 26.12.2022,Revival of Kuldiha RL and Nuagaon RL LIP under Saraskana Block in Mayurbhanj District,Revival of Kuldiha RL and Nuagaon RL LIP under Saraskana Block in Mayurbhanj District,Works,Open Tender,Percentage,Civil Works - Lift Irrigation Schemes,No,No,NA ,10-Jan-2023 10:00 AM,NA ,365.0,No ,No,Online,19-Jan-2023 10:00 AM,Orissa Lift Irrigation Corporation||LI BALASORE||LI Division Baripada,Baripada,757002.0,2.0,"29,89,998",M/S Raja Engineerings,"2,989,185",Accepted-AOC,09-Mar-2023,Orissa Lift Irrigation Corporation||LI BALASORE||LI Division Baripada,C2_Irrigation|C3_Drought,irrigation|lift irrigation|lip|revival,Unknown,False,False
2023_OLIC_84931_42,BID ID NO. 5069 (OLIC/2022-23) DATED 26.12.2022,Revival of Padugirisole I TW LIP under Suliapada Block in Mayurbhanj District,Revival of Padugirisole I TW LIP under Suliapada Block in Mayurbhanj District,Works,Open Tender,Percentage,Civil Works - Lift Irrigation Schemes,No,No,NA ,10-Jan-2023 10:00 AM,NA ,365.0,No ,No,Online,19-Jan-2023 10:00 AM,Orissa Lift Irrigation Corporation||LI BALASORE||LI Division Baripada,Baripada,757002.0,2.0,"16,37,994",M/S.BAISAKHI CONSTRUCTION PVT.LTD,"1,636,408",Accepted-AOC,09-Mar-2023,Orissa Lift Irrigation Corporation||LI BALASORE||LI Division Baripada,C2_Irrigation|C3_Drought,irrigation|lift irrigation|lip|revival|tw ,Unknown,False,False
2023_OLIC_84931_43,BID ID NO. 5069 (OLIC/2022-23) DATED 26.12.2022,Revival of Bhaliasole I TW LIP under Suliapada Block in Mayurbhanj District,Revival of Bhaliasole I TW LIP under Suliapada Block in Mayurbhanj District,Works,Open Tender,Percentage,Civil Works - Lift Irrigation Schemes,No,No,NA ,10-Jan-2023 10:00 AM,NA ,365.0,No ,No,Online,19-Jan-2023 10:00 AM,Orissa Lift Irrigation Corporation||LI BALASORE||LI Division Baripada,Baripada,757002.0,2.0,"16,38,554",M.G.ENGINEERING,"1,638,554",Accepted-AOC,09-Mar-2023,Orissa Lift Irrigation Corporation||LI BALASORE||LI Division Baripada,C2_Irrigation|C3_Drought,irrigation|lift irrigation|lip|revival|tw ,Unknown,False,False
2023_OLIC_84931_47,BID ID NO. 5069 (OLIC/2022-23) DATED 26.12.2022,Revival of Tilajadia II TW LIP under Suliapada Block in Mayurbhanj District,Revival of Tilajadia II TW LIP under Suliapada Block in Mayurbhanj District,Works,Open Tender,Percentage,Civil Works - Lift Irrigation Schemes,No,No,NA ,10-Jan-2023 10:00 AM,NA ,365.0,No ,No,Online,19-Jan-2023 10:00 AM,Orissa Lift Irrigation Corporation||LI BALASORE||LI Division Baripada,Baripada,757002.0,2.0,"15,33,311",M/S.BAISAKHI CONSTRUCTION PVT.LTD,"1,533,311",Accepted-AOC,09-Mar-2023,Orissa Lift Irrigation Corporation||LI BALASORE||LI Division Baripada,C2_Irrigation|C3_Drought,irrigation|lift irrigation|lip|revival|tw ,Unknown,False,False
2023_OLIC_84931_48,BID ID NO. 5069 (OLIC/2022-23) DATED 26.12.2022,Revival of Sunapal RL LIP under Udala Block in Mayurbhanj District,Revival of Sunapal RL LIP under Udala Block in Mayurbhanj District,Works,Open Tender,Percentage,Civil Works - Lift Irrigation Schemes,No,No,NA ,10-Jan-2023 10:00 AM,NA ,365.0,No ,No,Online,19-Jan-2023 10:00 AM,Orissa Lift Irrigation Corporation||LI BALASORE||LI Division Baripada,Baripada,757002.0,2.0,"14,11,550",AMALENDU NAYAK,"1,395,882",Accepted-AOC,09-Mar-2023,Orissa Lift Irrigation Corporation||LI BALASORE||LI Division Baripada,C2_Irrigation|C3_Drought,irrigation|lift irrigation|lip|revival,Unknown,False,False
2023_OLIC_84931_7,BID ID NO. 5069 (OLIC/2022-23) DATED 26.12.2022,Revival of Golamundhakata RL LIP under Bangriposi Block in Mayurbhanj District,Revival of Golamundhakata RL LIP under Bangriposi Block in Mayurbhanj District,Works,Open Tender,Percentage,Civil Works - Lift Irrigation Schemes,No,No,NA ,10-Jan-2023 10:00 AM,NA ,365.0,No ,No,Online,19-Jan-2023 10:00 AM,Orissa Lift Irrigation Corporation||LI BALASORE||LI Division Baripada,Baripada,757002.0,2.0,"14,02,131",BIBEKANANDA PRADHAN,"1,401,851",Accepted-AOC,09-Mar-2023,Orissa Lift Irrigation Corporation||LI BALASORE||LI Division Baripada,C2_Irrigation|C3_Drought,irrigation|lift irrigation|lip|revival,Unknown,False,False
2023_OLIC_84931_8,BID ID NO. 5069 (OLIC/2022-23) DATED 26.12.2022,Revival of Bhagirathipur RL LIP under Bangriposi Block in Mayurbhanj District,Revival of Bhagirathipur RL LIP under Bangriposi Block in Mayurbhanj District,Works,Open Tender,Percentage,Civil Works - Lift Irrigation Schemes,No,No,NA ,10-Jan-2023 10:00 AM,NA ,365.0,No ,No,Online,19-Jan-2023 10:00 AM,Orissa Lift Irrigation Corporation||LI BALASORE||LI Division Baripada,Baripada,757002.0,2.0,"16,43,452",AJAY KUMAR GIRI,"1,612,555",Accepted-AOC,09-Mar-2023,Orissa Lift Irrigation Corporation||LI BALASORE||LI Division Baripada,C2_Irrigation|C3_Drought,irrigation|lift irrigation|lip|revival,Unknown,False,False
2023_OLIC_85416_2,3_2022_23_18_01_2023,Pkg2,Installation and energisation work of Lift Irrigation Projects on turnkey basis at Banamalipur-VI-TW under Badachana Block in Jajpur District.,Works,Open Tender,Percentage,Civil Works - Lift Irrigation Schemes,No,No,NA ,24-Jan-2023 10:00 AM,NA ,180.0,No ,No,Online,01-Feb-2023 11:00 AM,"Orissa Lift Irrigation Corporation||LI,Central Circle, Cuttack||LI Division Jajpur Road",Jajpur Road,755019.0,2.0,"18,68,894",GIRISH DWIBEDY,"1,874,722",Accepted-AOC,09-Mar-2023,"Orissa Lift Irrigation Corporation||LI,Central Circle, Cuttack||LI Division Jajpur Road",C2_Irrigation,irrigation|lift irrigation|lip|tw ,Mitigation,False,False
2023_OLIC_85416_5,3_2022_23_18_01_2023,Pkg5,Installation and energisation work of Lift Irrigation Projects on turnkey basis at Bhuluka-IV-TW under Badachana Block in Jajpur District.,Works,Open Tender,Percentage,Civil Works - Lift Irrigation Schemes,No,No,NA ,24-Jan-2023 10:00 AM,NA ,180.0,No ,No,Online,01-Feb-2023 11:00 AM,"Orissa Lift Irrigation Corporation||LI,Central Circle, Cuttack||LI Division Jajpur Road",Jajpur Road,755019.0,2.0,"15,33,143",SABITRI SWAIN,"1,654,501",Accepted-AOC,09-Mar-2023,"Orissa Lift Irrigation Corporation||LI,Central Circle, Cuttack||LI Division Jajpur Road",C2_Irrigation,irrigation|lift irrigation|tw ,Mitigation,False,False
2023_OLIC_85416_6,3_2022_23_18_01_2023,Pkg6,Installation and energisation work of Lift Irrigation Projects on turnkey basis at Rahala-V-TW under Badachana Block in Jajpur District.,Works,Open Tender,Percentage,Civil Works - Lift Irrigation Schemes,No,No,NA ,24-Jan-2023 10:00 AM,NA ,180.0,No ,No,Online,01-Feb-2023 11:00 AM,"Orissa Lift Irrigation Corporation||LI,Central Circle, Cuttack||LI Division Jajpur Road",Jajpur Road,755019.0,2.0,"15,37,366",GIRISH DWIBEDY,"1,542,160",Accepted-AOC,09-Mar-2023,"Orissa Lift Irrigation Corporation||LI,Central Circle, Cuttack||LI Division Jajpur Road",C2_Irrigation,irrigation|lift irrigation|tw ,Mitigation,False,False
2023_OLIC_85644_1,04/2022-23,Installation and Energisation of Durgabhata VII L.I.Project under Jeypore Block of Koraput District,Installation and Energisation of Durgabhata VII L.I.Project under Jeypore Block of Koraput District,Works,Open Tender,Percentage,Civil Works - Lift Irrigation Schemes,No,No,NA ,30-Jan-2023 10:00 AM,NA ,270.0,No ,No,Online,14-Feb-2023 11:00 AM,Orissa Lift Irrigation Corporation||LI KORAPUT||LI Division Koraput,Koraput,764020.0,1.0,"18,53,600",HARA PRASAD NAYAK,"1,853,600",Accepted-AOC,25-Mar-2023,Orissa Lift Irrigation Corporation||LI KORAPUT||LI Division Koraput,C2_Irrigation,irrigation|l.i.|lift irrigation,Mitigation,False,False
2023_OLIC_85959_10,BID ID NO. 264 (OLIC/2022-23) DATED 01.02.2023,Revival of Darkholi_I TW LIP under Kuliana Block in Mayurbhanj District,Revival of Darkholi_I TW LIP under Kuliana Block in Mayurbhanj District,Works,Open Tender,Percentage,Civil Works - Lift Irrigation Schemes,No,No,NA ,10-Feb-2023 10:00 AM,NA ,365.0,No ,No,Online,20-Feb-2023 10:00 AM,Orissa Lift Irrigation Corporation||LI BALASORE||LI Division Baripada,Baripada,757002.0,2.0,"15,26,387",BIBEKANANDA PRADHAN,"1,526,387",Accepted-AOC,03-Mar-2023,Orissa Lift Irrigation Corporation||LI BALASORE||LI Division Baripada,C2_Irrigation|C3_Drought,irrigation|lift irrigation|lip|revival|tw ,Unknown,False,False
2023_OLIC_85959_7,BID ID NO. 264 (OLIC/2022-23) DATED 01.02.2023,Revival of Purunabaripada I TW LIP under G B Nagar Block in Mayurbhanj District,Revival of Purunabaripada I TW LIP under G B Nagar Block in Mayurbhanj District,Works,Open Tender,Percentage,Civil Works - Lift Irrigation Schemes,No,No,NA ,10-Feb-2023 10:00 AM,NA ,365.0,No ,No,Online,20-Feb-2023 10:00 AM,Orissa Lift Irrigation Corporation||LI BALASORE||LI Division Baripada,Baripada,757002.0,2.0,"15,23,123",BHAVANI SHANKAR SAHU,"1,504,998",Accepted-AOC,03-Mar-2023,Orissa Lift Irrigation Corporation||LI BALASORE||LI Division Baripada,C2_Irrigation|C3_Drought,irrigation|lift irrigation|lip|revival|tw ,Unknown,False,False
2023_OLIC_85959_8,BID ID NO. 264 (OLIC/2022-23) DATED 01.02.2023,Revival of Purunabaripada II TW LIP under G B Nagar Block in Mayurbhanj District,Revival of Purunabaripada II TW LIP under G B Nagar Block in Mayurbhanj District,Works,Open Tender,Percentage,Civil Works - Lift Irrigation Schemes,No,No,NA ,10-Feb-2023 10:00 AM,NA ,365.0,No ,No,Online,20-Feb-2023 10:00 AM,Orissa Lift Irrigation Corporation||LI BALASORE||LI Division Baripada,Baripada,757002.0,2.0,"15,23,123",BHAVANI SHANKAR SAHU,"1,504,998",Accepted-AOC,03-Mar-2023,Orissa Lift Irrigation Corporation||LI BALASORE||LI Division Baripada,C2_Irrigation|C3_Drought,irrigation|lift irrigation|lip|revival|tw ,Unknown,False,False
2023_SCDBH_85148_10,e-Procurement Notice No.5/ 2022-23,(10) RESTORATION TO INAYATPUR SUB-MINOR AT RD.00KM. TO 2.00KM.,Canal improvement,Works,Open Tender,Percentage,Civil Works - Canal,No,No,NA ,11-Jan-2023 11:00 AM,NA ,90.0,No ,No,Online,27-Jan-2023 11:00 AM,CE BM Baitarani Basin Kenojhar||Addl CE Salapada Irrigation Circle Salapada||SE Salandi Canal Division Bhadrak,Bhadrak,756100.0,1.0,,BASANTA KUMAR SAHOO,"118,140",Accepted-AOC,16-Mar-2023,CE BM Baitarani Basin Kenojhar||Addl CE Salapada Irrigation Circle Salapada||SE Salandi Canal Division Bhadrak,C2_Irrigation,canal|irrigation,Mitigation,False,False
2023_SCDBH_85148_13,e-Procurement Notice No.5/ 2022-23,(13) RESTORATION TO ISWARPUR MINOR FROM RD.210M. TO RD.4105M.(BOTH SIDE),Canal improvement,Works,Open Tender,Percentage,Civil Works - Canal,No,No,NA ,11-Jan-2023 11:00 AM,NA ,90.0,No ,No,Online,27-Jan-2023 11:00 AM,CE BM Baitarani Basin Kenojhar||Addl CE Salapada Irrigation Circle Salapada||SE Salandi Canal Division Bhadrak,Bhadrak,756100.0,1.0,,ABINASH ROUT,"135,424",Accepted-AOC,16-Mar-2023,CE BM Baitarani Basin Kenojhar||Addl CE Salapada Irrigation Circle Salapada||SE Salandi Canal Division Bhadrak,C2_Irrigation,canal|irrigation,Mitigation,False,False
2023_SCDBH_85148_15,e-Procurement Notice No.5/ 2022-23,(15) RESTORATION TO KANDADA MINOR RIGHT BANK AT RD.1150M.,Canal improvement,Works,Open Tender,Percentage,Civil Works - Canal,No,No,NA ,11-Jan-2023 11:00 AM,NA ,90.0,No ,No,Online,27-Jan-2023 11:00 AM,CE BM Baitarani Basin Kenojhar||Addl CE Salapada Irrigation Circle Salapada||SE Salandi Canal Division Bhadrak,Bhadrak,756100.0,1.0,,BHARATI MOHAPATRA,"84,288",Accepted-AOC,16-Mar-2023,CE BM Baitarani Basin Kenojhar||Addl CE Salapada Irrigation Circle Salapada||SE Salandi Canal Division Bhadrak,C2_Irrigation,canal|irrigation,Mitigation,False,False
2023_SCDBH_85148_16,e-Procurement Notice No.5/ 2022-23,(16) RESTORATION TO MADHAPUR SUB-MINOR RIGHT BANK AT RD.1500M.,Canal improvement,Works,Open Tender,Percentage,Civil Works - Canal,No,No,NA ,11-Jan-2023 11:00 AM,NA ,90.0,No ,No,Online,27-Jan-2023 11:00 AM,CE BM Baitarani Basin Kenojhar||Addl CE Salapada Irrigation Circle Salapada||SE Salandi Canal Division Bhadrak,Bhadrak,756100.0,1.0,,BHARATI MOHAPATRA,"74,920",Accepted-AOC,16-Mar-2023,CE BM Baitarani Basin Kenojhar||Addl CE Salapada Irrigation Circle Salapada||SE Salandi Canal Division Bhadrak,C2_Irrigation,canal|irrigation,Mitigation,False,False
2023_SCDBH_85148_22,e-Procurement Notice No.5/ 2022-23,(22) RESTORATION TO RANITAL DISTRIBUTARY AT RD.8500MTR.,Canal improvement,Works,Open Tender,Percentage,Civil Works - Canal,No,No,NA ,11-Jan-2023 11:00 AM,NA ,90.0,No ,No,Online,27-Jan-2023 11:00 AM,CE BM Baitarani Basin Kenojhar||Addl CE Salapada Irrigation Circle Salapada||SE Salandi Canal Division Bhadrak,Bhadrak,756100.0,1.0,,BHARATI MOHAPATRA,"67,720",Accepted-AOC,16-Mar-2023,CE BM Baitarani Basin Kenojhar||Addl CE Salapada Irrigation Circle Salapada||SE Salandi Canal Division Bhadrak,C2_Irrigation,canal|irrigation,Mitigation,False,False
2023_SCDBH_85148_8,e-Procurement Notice No.5/ 2022-23,(8) RESTORATION TO KELASAHI BARASAR ROAD NEAR VILLAGE BARSAR AT RD.4.30KM.,Road improvement work,Works,Open Tender,Percentage,Civil Works - Roads,No,No,NA ,11-Jan-2023 11:00 AM,NA ,90.0,No ,No,Online,27-Jan-2023 11:00 AM,CE BM Baitarani Basin Kenojhar||Addl CE Salapada Irrigation Circle Salapada||SE Salandi Canal Division Bhadrak,Bhadrak,756100.0,1.0,,Dilip Kumar Das,"440,145",Accepted-AOC,16-Mar-2023,CE BM Baitarani Basin Kenojhar||Addl CE Salapada Irrigation Circle Salapada||SE Salandi Canal Division Bhadrak,C2_Irrigation,canal|irrigation,Mitigation,False,False
2022_CADSP_77463_8,JDSP- 01/2022-23,Survey and Planning for Command Area Development and water management of Kuliarijore MIP and Uttalijore MIP in Bargarh District.,Survey and Planning for Command Area Development and water management of Kuliarijore MIP and Uttalijore MIP in Bargarh District.,Works,Open Tender,Percentage,Civil Works - Others,No,No,NA ,07-May-2022 11:00 AM,NA ,90.0,No ,No,Online,18-May-2022 11:00 AM,Command Area Development-CAD (DOWR)||Jt. Director Survey and Planning,Bhatil,768030.0,1.0,"24,10,236",A D Engineers,"2,048,941.67",Accepted-AOC,09-Jun-2022,Command Area Development-CAD (DOWR)||Jt. Director Survey and Planning,C1_WaterConservation|C2_Irrigation|C8_Scheme,command area|mip|omm,Mitigation,False,False
2022_CADSP_77463_9,JDSP- 01/2022-23,Survey and Planning for Command Area Development and water management of Porpetta MIP in Sambalpur District.,Survey and Planning for Command Area Development and water management of Porpetta MIP in Sambalpur District.,Works,Open Tender,Percentage,Civil Works - Others,No,No,NA ,07-May-2022 11:00 AM,NA ,90.0,No ,No,Online,18-May-2022 11:00 AM,Command Area Development-CAD (DOWR)||Jt. Director Survey and Planning,Bamra,768211.0,1.0,"9,63,105",ASIAN GEOTECH RESEARCH SERVICES,"818,735.21",Accepted-AOC,09-Jun-2022,Command Area Development-CAD (DOWR)||Jt. Director Survey and Planning,C1_WaterConservation|C2_Irrigation|C8_Scheme,command area|mip|omm,Mitigation,False,False
2022_CELBB_77227_21,JKID-02 OF 2022-23,Sl.No.21-Bank protection to Rudrapur breach on Brahmani left,Earth work and Stone work,Works,National Competitive Bid,Percentage,Civil Works - Others,No,No,NA ,28-Apr-2022 10:00 AM,NA ,90.0,No ,No,Online,10-May-2022 10:00 AM,"CE-BM,LMB Basin,BBSR||SE, Eastern Circle,Cuttack||EE,Jaraka Irr Division, Jaraka",Jaraka,755050.0,1.0,"14,89,931",AKSHAYA KUMAR SATHPATHY,"1,266,590",Accepted-AOC,22-Jun-2022,"CE-BM,LMB Basin,BBSR||SE, Eastern Circle,Cuttack||EE,Jaraka Irr Division, Jaraka",C2_Irrigation,irr ,Unknown,False,False
2022_CEMIB_77507_1,01/MID RGD/2022-23,Rennovation to Distribution System of Siltiguda MIP in Rayagada block of Rayagada District under the Scheme Canal Lining and System Rehabilitation Programme (CLSRP) for the year 2022-23,Rennovation to Distribution System of Siltiguda MIP in Rayagada block of Rayagada District under the Scheme Canal Lining and System Rehabilitation Programme (CLSRP) for the year 2022-23,Works,National Competitive Bid,Percentage,Civil Works - Others,No,No,NA ,09-May-2022 10:00 AM,NA ,90.0,No ,No,Online,23-May-2022 10:00 AM,"CE,Minor Irrigation,BBSR||SE,KBK Minor Irr.CircleII,Jeypore||EE M.I. Division Rayagada",Rayagada,765001.0,1.0,"87,72,070",AKASH KUMAR SENAPATI,"7,457,136.97",Accepted-AOC,16-Jun-2022,"CE,Minor Irrigation,BBSR||SE,KBK Minor Irr.CircleII,Jeypore||EE M.I. Division Rayagada",C1_WaterConservation|C2_Irrigation,canal|irrigation|minor irrigation|mip,DamageResponse,False,False
2022_EICCL_76332_2,SE (R and B) Angul-32/ 2021-22,Construction of Fixed Vision Centre at Kishorenagar CHC for the year 2021-22 under NHM,Construction of Fixed Vision Centre at Kishorenagar CHC for the year 2021-22 under NHM,Works,Open Tender,Percentage,Civil Works - Buildings,No,No,NA ,15-Mar-2022 10:00 AM,NA ,90.0,No ,No,Online,02-Apr-2022 11:00 AM,EIC-CIVIL||SERNB-CIRCLE-DHENKANAL||EERNB Angul Division,ANGUL,759122.0,1.0,"7,24,351",PRADEEP KUMAR SAHOO,"709,864",Accepted-AOC,30-Jun-2022,EIC-CIVIL||SERNB-CIRCLE-DHENKANAL||EERNB Angul Division,C7_PostHarvestSupply,chc,Mitigation,False,False
2022_WCUTT_76631_1,WATCO (P) - 16 /2021-22 Dtd.28.03.2022,"Supply, testing and commissioning of DG set for 8.00 MLD Water Treatment Plant and Intake Site at Pratapnagari, Cuttack","Supply, testing and commissioning of DG set for 8.00 MLD Water Treatment Plant and Intake Site at Pratapnagari, Cuttack",Goods,National Competitive Bid,Percentage,Miscellaneous Goods,No,No,NA ,31-Mar-2022 05:40 PM,NA ,120.0,No ,No,Online,12-Apr-2022 12:30 PM,WATCO Bhubaneswar||Director (Operation) Watco||WATCO Division Cuttack,Cuttack,753003.0,2.0,,FORTUNE IMPEX,"2,730,000",Accepted-AOC,28-Jun-2022,WATCO Bhubaneswar||Director (Operation) Watco||WATCO Division Cuttack,C8_Scheme,omm,Unknown,False,False
2020_OLIC_64049_1,04/2020-21 OLIC (PLB),Renovation of Pundali RL Lift Irrigation Project under Phulbani Block in Kandhamal District,Renovation of Pundali RL Lift Irrigation Project under Phulbani Block in Kandhamal District,Works,Open Tender,Percentage,Civil Works - Lift Irrigation Schemes,No,No,NA ,25-Nov-2020 11:00 AM,NA ,365.0,No ,No,Online,05-Dec-2020 11:00 AM,Orissa Lift Irrigation Corporation||LI Southern Circle Berhampur||LI Division Phulbani,Kandhamal,762001.0,1.0,,PABITRA ELECTRICAL WORKSHOP,"1,578,000",Accepted-AOC,02-May-2022,Orissa Lift Irrigation Corporation||LI Southern Circle Berhampur||LI Division Phulbani,C2_Irrigation,irrigation|lift irrigation,Unknown,False,False
2020_OLIC_64049_10,04/2020-21 OLIC (PLB),Renovation of Tibirikuti-I RL Lift Irrigation Project under Phiringia Block in Kandhamal District,Renovation of Tibirikuti-I RL Lift Irrigation Project under Phiringia Block in Kandhamal District,Works,Open Tender,Percentage,Civil Works - Lift Irrigation Schemes,No,No,NA ,25-Nov-2020 11:00 AM,NA ,365.0,No ,No,Online,05-Dec-2020 11:00 AM,Orissa Lift Irrigation Corporation||LI Southern Circle Berhampur||LI Division Phulbani,Kandhamal,762001.0,1.0,"13,25,000",PABITRA ELECTRICAL WORKSHOP,"1,325,000",Accepted-AOC,02-May-2022,Orissa Lift Irrigation Corporation||LI Southern Circle Berhampur||LI Division Phulbani,C2_Irrigation,irrigation|lift irrigation,Unknown,False,False
2020_OLIC_64049_11,04/2020-21 OLIC (PLB),Renovation of Sapaganda RL Lift Irrigation Project under Tikabali Block in Kandhamal District,Renovation of Sapaganda RL Lift Irrigation Project under Tikabali Block in Kandhamal District,Works,Open Tender,Percentage,Civil Works - Lift Irrigation Schemes,No,No,NA ,25-Nov-2020 11:00 AM,NA ,365.0,No ,No,Online,05-Dec-2020 11:00 AM,Orissa Lift Irrigation Corporation||LI Southern Circle Berhampur||LI Division Phulbani,Kandhamal,762001.0,1.0,"15,90,000",PABITRA ELECTRICAL WORKSHOP,"1,588,000",Accepted-AOC,02-May-2022,Orissa Lift Irrigation Corporation||LI Southern Circle Berhampur||LI Division Phulbani,C2_Irrigation,irrigation|lift irrigation,Unknown,False,False
2020_OLIC_64049_12,04/2020-21 OLIC (PLB),Renovation of Sitapadi RL Lift Irrigation Project under Baliguda Block in Kandhamal District,Renovation of Sitapadi RL Lift Irrigation Project under Baliguda Block in Kandhamal District,Works,Open Tender,Percentage,Civil Works - Lift Irrigation Schemes,No,No,NA ,25-Nov-2020 11:00 AM,NA ,365.0,No ,No,Online,05-Dec-2020 11:00 AM,Orissa Lift Irrigation Corporation||LI Southern Circle Berhampur||LI Division Phulbani,Kandhamal,762001.0,1.0,"13,05,000",PABITRA ELECTRICAL WORKSHOP,"1,305,000",Accepted-AOC,02-May-2022,Orissa Lift Irrigation Corporation||LI Southern Circle Berhampur||LI Division Phulbani,C2_Irrigation,irrigation|lift irrigation,Unknown,False,False
2020_OLIC_64049_13,04/2020-21 OLIC (PLB),Renovation of Ganjulipadi RL Lift Irrigation Project under Baliguda Block in Kandhamal District,Renovation of Ganjulipadi RL Lift Irrigation Project under Baliguda Block in Kandhamal District,Works,Open Tender,Percentage,Civil Works - Lift Irrigation Schemes,No,No,NA ,25-Nov-2020 11:00 AM,NA ,365.0,No ,No,Online,05-Dec-2020 11:00 AM,Orissa Lift Irrigation Corporation||LI Southern Circle Berhampur||LI Division Phulbani,Kandhamal,762001.0,1.0,"13,12,000",PABITRA ELECTRICAL WORKSHOP,"1,312,000",Accepted-AOC,02-May-2022,Orissa Lift Irrigation Corporation||LI Southern Circle Berhampur||LI Division Phulbani,C2_Irrigation,irrigation|lift irrigation|lip,Unknown,False,False
2020_OLIC_64049_14,04/2020-21 OLIC (PLB),Renovation of Ghodabali-I RL Lift Irrigation Project under Baliguda Block in Kandhamal District,Renovation of Ghodabali-I RL Lift Irrigation Project under Baliguda Block in Kandhamal District,Works,Open Tender,Percentage,Civil Works - Lift Irrigation Schemes,No,No,NA ,25-Nov-2020 11:00 AM,NA ,365.0,No ,No,Online,05-Dec-2020 11:00 AM,Orissa Lift Irrigation Corporation||LI Southern Circle Berhampur||LI Division Phulbani,Kandhamal,762001.0,1.0,"13,44,000",PABITRA ELECTRICAL WORKSHOP,"1,344,000",Accepted-AOC,02-May-2022,Orissa Lift Irrigation Corporation||LI Southern Circle Berhampur||LI Division Phulbani,C2_Irrigation,irrigation|lift irrigation,Unknown,False,False
2020_OLIC_64049_15,04/2020-21 OLIC (PLB),Renovation of Anjanapadar RL Lift Irrigation Project under Baliguda Block in Kandhamal District,Renovation of Anjanapadar RL Lift Irrigation Project under Baliguda Block in Kandhamal District,Works,Open Tender,Percentage,Civil Works - Lift Irrigation Schemes,No,No,NA ,25-Nov-2020 11:00 AM,NA ,365.0,No ,No,Online,05-Dec-2020 11:00 AM,Orissa Lift Irrigation Corporation||LI Southern Circle Berhampur||LI Division Phulbani,Kandhamal,762001.0,1.0,"13,27,000",PABITRA ELECTRICAL WORKSHOP,"1,327,000",Accepted-AOC,02-May-2022,Orissa Lift Irrigation Corporation||LI Southern Circle Berhampur||LI Division Phulbani,C2_Irrigation,irrigation|lift irrigation,Unknown,False,False
2020_OLIC_64049_2,04/2020-21 OLIC (PLB),Renovation of Asirisahi RL Lift Irrigation Project under Phulbani Block in Kandhamal District,Renovation of Asirisahi RL Lift Irrigation Project under Phulbani Block in Kandhamal District,Works,Open Tender,Percentage,Civil Works - Lift Irrigation Schemes,No,No,NA ,25-Nov-2020 11:00 AM,NA ,365.0,No ,No,Online,05-Dec-2020 11:00 AM,Orissa Lift Irrigation Corporation||LI Southern Circle Berhampur||LI Division Phulbani,Kandhamal,762001.0,1.0,"7,22,000",PABITRA ELECTRICAL WORKSHOP,"722,000",Accepted-AOC,02-May-2022,Orissa Lift Irrigation Corporation||LI Southern Circle Berhampur||LI Division Phulbani,C2_Irrigation,irrigation|lift irrigation,Unknown,False,False
2020_OLIC_64049_3,04/2020-21 OLIC (PLB),Renovation of Batapada-I RL Lift Irrigation Project under Phulbani Block in Kandhamal District,Renovation of Batapada-I RL Lift Irrigation Project under Phulbani Block in Kandhamal District,Works,Open Tender,Percentage,Civil Works - Lift Irrigation Schemes,No,No,NA ,25-Nov-2020 11:00 AM,NA ,365.0,No ,No,Online,05-Dec-2020 11:00 AM,Orissa Lift Irrigation Corporation||LI Southern Circle Berhampur||LI Division Phulbani,Kandhamal,762001.0,1.0,"6,18,000",PABITRA ELECTRICAL WORKSHOP,"618,000",Accepted-AOC,02-May-2022,Orissa Lift Irrigation Corporation||LI Southern Circle Berhampur||LI Division Phulbani,C2_Irrigation,irrigation|lift irrigation,Unknown,False,False
2020_OLIC_64049_4,04/2020-21 OLIC (PLB),Renovation of Batapada-II RL Lift Irrigation Project under Phulbani Block in Kandhamal District,Renovation of Batapada-II RL Lift Irrigation Project under Phulbani Block in Kandhamal District,Works,Open Tender,Percentage,Civil Works - Lift Irrigation Schemes,No,No,NA ,25-Nov-2020 11:00 AM,NA ,365.0,No ,No,Online,05-Dec-2020 11:00 AM,Orissa Lift Irrigation Corporation||LI Southern Circle Berhampur||LI Division Phulbani,Kandhamal,762001.0,1.0,"7,36,000",PABITRA ELECTRICAL WORKSHOP,"736,000",Accepted-AOC,02-May-2022,Orissa Lift Irrigation Corporation||LI Southern Circle Berhampur||LI Division Phulbani,C2_Irrigation,irrigation|lift irrigation,Unknown,False,False
2020_OLIC_64049_8,04/2020-21 OLIC (PLB),Renovation of Bailikia-I RL Lift Irrigation Project under Phiringia Block in Kandhamal District,Renovation of Bailikia-I RL Lift Irrigation Project under Phiringia Block in Kandhamal District,Works,Open Tender,Percentage,Civil Works - Lift Irrigation Schemes,No,No,NA ,25-Nov-2020 11:00 AM,NA ,365.0,No ,No,Online,05-Dec-2020 11:00 AM,Orissa Lift Irrigation Corporation||LI Southern Circle Berhampur||LI Division Phulbani,Kandhamal,762001.0,1.0,"16,26,000",PABITRA ELECTRICAL WORKSHOP,"1,626,000",Accepted-AOC,02-May-2022,Orissa Lift Irrigation Corporation||LI Southern Circle Berhampur||LI Division Phulbani,C2_Irrigation,irrigation|lift irrigation,Unknown,False,False
2020_OLIC_64049_9,04/2020-21 OLIC (PLB),Renovation of Jampakhal-I RL Lift Irrigation Project under Phiringia Block in Kandhamal District,Renovation of Jampakhal-I RL Lift Irrigation Project under Phiringia Block in Kandhamal District,Works,Open Tender,Percentage,Civil Works - Lift Irrigation Schemes,No,No,NA ,25-Nov-2020 11:00 AM,NA ,365.0,No ,No,Online,05-Dec-2020 11:00 AM,Orissa Lift Irrigation Corporation||LI Southern Circle Berhampur||LI Division Phulbani,Kandhamal,762001.0,1.0,"13,22,000",PABITRA ELECTRICAL WORKSHOP,"1,322,000",Accepted-AOC,02-May-2022,Orissa Lift Irrigation Corporation||LI Southern Circle Berhampur||LI Division Phulbani,C2_Irrigation,irrigation|lift irrigation,Unknown,False,False
2021_CERWI_69630_43,Tender Online Divn. BBSR-06/2021-22,Govindpur-Kantabada Malipadar road,Govindpur-Kantabada Malipadar road,Works,Open Tender,Percentage,Civil Works - Roads,No,No,NA ,07-Jul-2021 06:50 PM,NA ,90.0,No ,No,Online,19-Jul-2021 11:00 AM,CE RW I||RWCIRCLE-BHUBANESWAR||RWDIVISION-BHUBANESWAR,E.E. R.W. Divn. Bhubaneswar,751013.0,1.0,,DIBAKAR PANDA,"2,052,253",Accepted-AOC,23-May-2022,CE RW I||RWCIRCLE-BHUBANESWAR||RWDIVISION-BHUBANESWAR,C2_Irrigation,lip,Unknown,False,False
2021_DFBRG_73499_28,FOR DFO BGH No.06 of 2021-22.,Construction of Check Dam-3 at ANR Plantation Adwal PRF Chheliamal of Paikmal Range,Check Dam,Works,Open Tender,Percentage,Civil Works - Others,No,No,NA ,06-Dec-2021 11:00 AM,NA ,90.0,No ,No,Online,21-Dec-2021 11:30 AM,Forest Environment and Climate Change Department||RCCF Sambalpur||DFO Baragarh,Bargarh,768028.0,1.0,"3,36,301",KRISHNA KUMAR AGRAWAL,"285,889",Accepted-AOC,05-May-2022,Forest Environment and Climate Change Department||RCCF Sambalpur||DFO Baragarh,C1_WaterConservation,check dam,Unknown,False,False
2021_DFBRG_73499_40,FOR DFO BGH No.06 of 2021-22.,25. Construction of Check Dam (SMC) at ANR Plantation Maleikhaman of Ghess Range for the year 2021-22,Check Dam,Works,Open Tender,Percentage,Civil Works - Others,No,No,NA ,15-Dec-2021 11:00 AM,NA ,90.0,No ,No,Online,21-Dec-2021 11:30 AM,Forest Environment and Climate Change Department||RCCF Sambalpur||DFO Baragarh,Bargarh,768028.0,1.0,"5,33,099",DIBYA KUMAR MAJHI,"498,500",Accepted-AOC,05-May-2022,Forest Environment and Climate Change Department||RCCF Sambalpur||DFO Baragarh,C1_WaterConservation,check dam,Unknown,False,False
2021_DFBRG_73499_41,FOR DFO BGH No.06 of 2021-22.,31. Digging of Water body inside SDBR RF of Bhatli Range for the year 2021-22,Water Body,Works,Open Tender,Percentage,Civil Works - Roads,No,No,NA ,15-Dec-2021 11:00 AM,NA ,90.0,No ,No,Online,21-Dec-2021 11:30 AM,Forest Environment and Climate Change Department||RCCF Sambalpur||DFO Baragarh,Bargarh,768028.0,1.0,"5,45,144",GITANJALI PRADHAN,"463,426",Accepted-AOC,07-May-2022,Forest Environment and Climate Change Department||RCCF Sambalpur||DFO Baragarh,C1_WaterConservation,water body,Unknown,False,False
2021_EICCL_68716_1,EE (R and B) BLS-II-02 /2021-22,"Supply Installation, Testing and commissioning of (Gplus2) 1020 Kg or 15 Persons Lift at Medicine Ward, DHH, Balasore for 2020-21","Supply Installation, Testing and commissioning of (G plus2) 1020 Kg or 15 Persons Lift at Medicine Ward, DHH, Balasore for 2020-21",Works,Open Tender,Percentage,Electrical Works,No,No,NA ,01-Jun-2021 12:00 PM,NA ,90.0,No ,No,Online,29-Jun-2021 11:00 AM,EIC-CIVIL||SERNB-CIRCLE-EASTERN||EERNB-DIVISION-BALASORE II,Balasore,756001.0,1.0,,ASCENSOR LIFTS AND AUTOMATION PRIVATE LIMITED,"1,494,880",Accepted-AOC,10-May-2022,EIC-CIVIL||SERNB-CIRCLE-EASTERN||EERNB-DIVISION-BALASORE II,C8_Scheme,omm,Mitigation,False,False
2021_OLIC_65669_12,OLIC/DKL/06/2020-21,Installation and Energisation of Mugupada and Barada CLP under Gondia block in the district of Dhenkanal,Installation and Energisation of Mugupada and Barada CLP under Gondia block in the district of Dhenkanal,Works,Open Tender,Percentage,Civil Works - Lift Irrigation Schemes,No,No,NA ,22-Jan-2021 10:00 AM,NA ,90.0,No ,No,Online,04-Feb-2021 11:00 AM,Orissa Lift Irrigation Corporation||LI Northern Circle Sambalpur||LI Division Dhenkanal,Dhenkanal,759001.0,1.0,,BIMAL KUMAR SETHY,"2,343,903.41",Accepted-AOC,28-May-2022,Orissa Lift Irrigation Corporation||LI Northern Circle Sambalpur||LI Division Dhenkanal,C2_Irrigation,irrigation|lift irrigation,Mitigation,False,False
2021_OLIC_65669_14,OLIC/DKL/06/2020-21,Installation and Energisation of Karamul-II CLP under Gondia block in the district of Dhenkanal,Installation and Energisation of Karamul-II CLP under Gondia block in the district of Dhenkanal,Works,Open Tender,Percentage,Civil Works - Lift Irrigation Schemes,No,No,NA ,22-Jan-2021 10:00 AM,NA ,90.0,No ,No,Online,04-Feb-2021 11:00 AM,Orissa Lift Irrigation Corporation||LI Northern Circle Sambalpur||LI Division Dhenkanal,Dhenkanal,759001.0,1.0,,ABHIRAM DASH,"1,593,153.31",Accepted-AOC,28-May-2022,Orissa Lift Irrigation Corporation||LI Northern Circle Sambalpur||LI Division Dhenkanal,C2_Irrigation,irrigation|lift irrigation,Mitigation,False,False
2021_OLIC_65669_16,OLIC/DKL/06/2020-21,Installation and Energisation of Ostapal CLP under Odapada block in the district of Dhenkanal,Installation and Energisation of Ostapal CLP under Odapada block in the district of Dhenkanal,Works,Open Tender,Percentage,Civil Works - Lift Irrigation Schemes,No,No,NA ,22-Jan-2021 10:00 AM,NA ,90.0,No ,No,Online,04-Feb-2021 11:00 AM,Orissa Lift Irrigation Corporation||LI Northern Circle Sambalpur||LI Division Dhenkanal,Dhenkanal,759001.0,1.0,,MAMATA KANDI,"959,660.75",Accepted-AOC,28-May-2022,Orissa Lift Irrigation Corporation||LI Northern Circle Sambalpur||LI Division Dhenkanal,C2_Irrigation,irrigation|lift irrigation,Mitigation,False,False
2021_OLIC_65669_4,OLIC/DKL/06/2020-21,Installation and Energisation of Baghua CLP under Kankadahada block in the district of Dhenkanal,Installation and Energisation of Baghua CLP under Kankadahada block in the district of Dhenkanal,Works,Open Tender,Percentage,Civil Works - Lift Irrigation Schemes,No,No,NA ,22-Jan-2021 10:00 AM,NA ,90.0,No ,No,Online,04-Feb-2021 11:00 AM,Orissa Lift Irrigation Corporation||LI Northern Circle Sambalpur||LI Division Dhenkanal,Dhenkanal,759001.0,1.0,,Gita Construction,"899,769.64",Accepted-AOC,28-May-2022,Orissa Lift Irrigation Corporation||LI Northern Circle Sambalpur||LI Division Dhenkanal,C2_Irrigation,irrigation|lift irrigation,Mitigation,False,False
2021_OLIC_65669_5,OLIC/DKL/06/2020-21,Installation and Energisation of Kantoor-I CLP under Parjang block in the district of Dhenkanal,Installation and Energisation of Kantoor-I CLP under Parjang block in the district of Dhenkanal,Works,Open Tender,Percentage,Civil Works - Lift Irrigation Schemes,No,No,NA ,22-Jan-2021 10:00 AM,NA ,90.0,No ,No,Online,04-Feb-2021 11:00 AM,Orissa Lift Irrigation Corporation||LI Northern Circle Sambalpur||LI Division Dhenkanal,Dhenkanal,759001.0,1.0,,Gita Construction,"2,742,955.61",Accepted-AOC,28-May-2022,Orissa Lift Irrigation Corporation||LI Northern Circle Sambalpur||LI Division Dhenkanal,C2_Irrigation,irrigation|lift irrigation,Mitigation,False,False
2021_OLIC_65669_7,OLIC/DKL/06/2020-21,Installation and Energisation of Chudakhaikateni CLP under Gondia block in the district of Dhenkanal,Installation and Energisation of Chudakhaikateni CLP under Gondia block in the district of Dhenkanal,Works,Open Tender,Percentage,Civil Works - Lift Irrigation Schemes,No,No,NA ,22-Jan-2021 10:00 AM,NA ,90.0,No ,No,Online,04-Feb-2021 11:00 AM,Orissa Lift Irrigation Corporation||LI Northern Circle Sambalpur||LI Division Dhenkanal,Dhenkanal,759001.0,1.0,,Golekha Bihari Aich,"1,349,910.1",Accepted-AOC,28-May-2022,Orissa Lift Irrigation Corporation||LI Northern Circle Sambalpur||LI Division Dhenkanal,C2_Irrigation,irrigation|lift irrigation,Mitigation,False,False
2021_OLIC_65669_8,OLIC/DKL/06/2020-21,Installation and Energisation of Dadhisinga-I CLP under Gondia block in the district of Dhenkanal,Installation and Energisation of Dadhisinga-I CLP under Gondia block in the district of Dhenkanal,Works,Open Tender,Percentage,Civil Works - Lift Irrigation Schemes,No,No,NA ,22-Jan-2021 10:00 AM,NA ,90.0,No ,No,Online,04-Feb-2021 11:00 AM,Orissa Lift Irrigation Corporation||LI Northern Circle Sambalpur||LI Division Dhenkanal,Dhenkanal,759001.0,1.0,,Golekha Bihari Aich,"1,339,525.76",Accepted-AOC,28-May-2022,Orissa Lift Irrigation Corporation||LI Northern Circle Sambalpur||LI Division Dhenkanal,C2_Irrigation,irrigation|lift irrigation,Mitigation,False,False
2021_OLIC_65669_9,OLIC/DKL/06/2020-21,Installation and Energisation of Thakurpal-I and II CLP under Gondia block in the district of Dhenkanal,Installation and Energisation of Thakurpal-I and II CLP under Gondia block in the district of Dhenkanal,Works,Open Tender,Percentage,Civil Works - Lift Irrigation Schemes,No,No,NA ,22-Jan-2021 10:00 AM,NA ,90.0,No ,No,Online,04-Feb-2021 11:00 AM,Orissa Lift Irrigation Corporation||LI Northern Circle Sambalpur||LI Division Dhenkanal,Dhenkanal,759001.0,1.0,,BIKRAM SATAPATHY,"2,685,027.42",Accepted-AOC,28-May-2022,Orissa Lift Irrigation Corporation||LI Northern Circle Sambalpur||LI Division Dhenkanal,C2_Irrigation,irrigation|lift irrigation,Mitigation,False,False
2021_OLIC_66774_6,OLIC/DKL/07/2020-21,Installation and energisation of Gobindaprasad LI Project under Odapada Block of Dhenkanal District,Installation and energisation of Gobindaprasad LI Project under Odapada Block of Dhenkanal District,Works,Open Tender,Percentage,Civil Works - Lift Irrigation Schemes,No,No,NA ,27-Feb-2021 09:00 AM,NA ,90.0,No ,No,Online,08-Mar-2021 11:00 AM,Orissa Lift Irrigation Corporation||LI Northern Circle Sambalpur||LI Division Dhenkanal,Dhenkanal,759001.0,1.0,,ABHIRAM DASH,"999,251.8",Accepted-AOC,28-May-2022,Orissa Lift Irrigation Corporation||LI Northern Circle Sambalpur||LI Division Dhenkanal,C2_Irrigation,irrigation|lift irrigation,Mitigation,False,False
2021_OMECL_69325_1,03/OMECL/e-PROC/2021-22,Engagement of agency to provide professional manpower at various locations of OMECL,Engagement of agency to provide professional manpower at various locations of OMECL,Services,Open Tender,Item Rate,Miscellaneous Services,No,No,NA ,24-Jun-2021 04:00 PM,15-Jul-2021 11:30 AM ,180.0,No ,No,Online,21-Aug-2021 02:30 PM,Odisha Mineral Exploration Corporation Limited,"OMECL, Boyan Bhawan, Bhubaneswar",751001.0,2.0,,Randstad India Pvt Ltd,5.9,Accepted-AOC,11-May-2022,Odisha Mineral Exploration Corporation Limited,C1_WaterConservation,mit,Unknown,False,False
2022_CEMIB_76407_1,EE MID KHD 07 /2021-22,Repair to Jaragarnalla MIP in Khordha Block of Khordha District under Critical Grant 2022-23.,Repair to Jaragarnalla MIP in Khordha Block of Khordha District under Critical Grant 2022-23.,Works,Open Tender,Percentage,Civil Works - Others,No,No,NA ,22-Mar-2022 10:00 AM,NA ,90.0,No ,No,Online,11-Apr-2022 11:00 AM,"CE,Minor Irrigation,BBSR||SECMIC-BHUBANESWAR||KHURDA",Khordha,752056.0,1.0,"18,01,000",AJIT KUMAR SAHOO,"1,531,180",Accepted-AOC,17-May-2022,"CE,Minor Irrigation,BBSR||SECMIC-BHUBANESWAR||KHURDA",C1_WaterConservation|C2_Irrigation,irrigation|minor irrigation|mip,DamageResponse,False,False
2022_CEMIB_76407_9,EE MID KHD 07 /2021-22,Construction of US protection wall in leading channel and guard wall DS of Nandunalla MIP (Head work ) in Tangi Block of Khordha District under Critical Grant 2022-23.,Construction of US protection wall in leading channel and guard wall DS of Nandunalla MIP (Head work ) in Tangi Block of Khordha District under Critical Grant 2022-23.,Works,Open Tender,Percentage,Civil Works - Others,No,No,NA ,22-Mar-2022 10:00 AM,NA ,90.0,No ,No,Online,11-Apr-2022 11:00 AM,"CE,Minor Irrigation,BBSR||SECMIC-BHUBANESWAR||KHURDA",Khordha,752056.0,1.0,"13,36,000",ALOK KUMAR MOHAPATRA,"1,136,111",Accepted-AOC,17-May-2022,"CE,Minor Irrigation,BBSR||SECMIC-BHUBANESWAR||KHURDA",C1_WaterConservation|C2_Irrigation,irrigation|minor irrigation|mip,Mitigation,False,False
2022_CEMIB_76514_1,15/MID RGD/2021-22,Improvement to Puhundi MIP in Kasipur Block of Rayagada District under Critical Grant 2022-23,Improvement to Puhundi MIP in Kasipur Block of Rayagada District under Critical Grant 2022-23,Works,National Competitive Bid,Percentage,Civil Works - Others,No,No,NA ,28-Mar-2022 10:00 AM,NA ,90.0,No ,No,Online,11-Apr-2022 11:00 AM,"CE,Minor Irrigation,BBSR||SE,KBK Minor Irr.CircleII,Jeypore||EE M.I. Division Rayagada",Kasipur,765015.0,1.0,"17,40,000",ABHIMANYU NAIK,"1,479,174.28",Accepted-AOC,11-May-2022,"CE,Minor Irrigation,BBSR||SE,KBK Minor Irr.CircleII,Jeypore||EE M.I. Division Rayagada",C1_WaterConservation|C2_Irrigation,irrigation|minor irrigation|mip,Mitigation,False,False
2022_OLIC_75930_10,21_06_01_2022,Paikarapur II RL,Installation and Energisation of L I Projects at Paikarapur II RL under Barachana block in Jajpur District,Works,Open Tender,Percentage,Civil Works - Lift Irrigation Schemes,No,No,NA ,24-Jan-2022 10:00 AM,NA ,180.0,No ,No,Online,03-Feb-2022 11:00 AM,"Orissa Lift Irrigation Corporation||LI,Central Circle, Cuttack||LI Division Jajpur Road",Jajpur Road,755019.0,2.0,"20,70,267",Akshaya Kumar Patra,"2,318,698",Accepted-AOC,10-May-2022,"Orissa Lift Irrigation Corporation||LI,Central Circle, Cuttack||LI Division Jajpur Road",C2_Irrigation,irrigation|lift irrigation,Mitigation,False,False
2022_OLIC_75930_65,21_06_01_2022,Jagadihi RL,Revival of L I Projects at Jagadihi RL under Danagadi Block in Jajpur District,Works,Open Tender,Percentage,Civil Works - Lift Irrigation Schemes,No,No,NA ,24-Jan-2022 10:00 AM,NA ,180.0,No ,No,Online,03-Feb-2022 11:00 AM,"Orissa Lift Irrigation Corporation||LI,Central Circle, Cuttack||LI Division Jajpur Road",Jajpur Road,755019.0,2.0,"11,76,040",Akshaya Kumar Patra,"1,317,165",Accepted-AOC,10-May-2022,"Orissa Lift Irrigation Corporation||LI,Central Circle, Cuttack||LI Division Jajpur Road",C2_Irrigation|C3_Drought,irrigation|lift irrigation|revival,Unknown,False,False
2022_OLIC_76901_5,871_08_04_2022,Areikana V,Execution of Lift Irrigation Project at Areikana V RL under Dharmasala Block of Jajpur District,Works,Open Tender,Percentage,Civil Works - Lift Irrigation Schemes,No,No,NA ,16-Apr-2022 10:00 AM,NA ,180.0,No ,No,Online,22-Apr-2022 11:00 AM,"Orissa Lift Irrigation Corporation||LI,Central Circle, Cuttack||LI Division Jajpur Road",Jajpur Road,755019.0,2.0,"20,95,080",DEEPTI RANJAN PANDA,"2,229,400",Accepted-AOC,17-May-2022,"Orissa Lift Irrigation Corporation||LI,Central Circle, Cuttack||LI Division Jajpur Road",C2_Irrigation,irrigation|lift irrigation,Unknown,False,False
2022_SERIF_76049_10,VI-38(06)/SERIFED/2021-22/216,"Construction of Common Facility Centre at Sri Satya Sai PWCS, Anandapur, Dist-Keonjhar","Construction of Common Facility Centre at Sri Satya Sai PWCS, Anandapur, Dist-Keonjhar",Works,Open Tender,Item Rate,Civil Works - Buildings,No,No,NA ,23-Feb-2022 10:00 AM,NA ,90.0,No ,No,Online,08-Mar-2022 11:30 AM,Odisha Cooperative Tasar and Silk Federation LTD,"SRI SATYA SAI PWCS, ANANDAPUR, KEONJHAR",758021.0,1.0,,AJAYA KUMAR SAHOO,"1,034,772.68",Accepted-AOC,04-May-2022,Odisha Cooperative Tasar and Silk Federation LTD,C5_ClimateSmartFarming|C8_Scheme,omm|sri,Mitigation,False,False
2020_OLIC_63546_15,1601_28_10_2020,Kundal-II TW,Installation Energisation and Revival of Lift Irrigation Projects on turnkey basis for the Kundal-II TW project at Barachana Block in Jajpur District,Works,Open Tender,Percentage,Civil Works - Lift Irrigation Schemes,No,No,NA ,12-Nov-2020 10:00 AM,NA ,180.0,No ,No,Online,21-Nov-2020 11:00 AM,"Orissa Lift Irrigation Corporation||LI,Central Circle, Cuttack||LI Division Jajpur Road",Jajpur Road,755019.0,2.0,"16,88,558",ANIL KUMAR MOHANTY,"1,435,443.16",Accepted-AOC,04-Mar-2021,"Orissa Lift Irrigation Corporation||LI,Central Circle, Cuttack||LI Division Jajpur Road",C2_Irrigation|C3_Drought,irrigation|lift irrigation|revival|tw ,Mitigation,False,False
2020_OMC_63694_1,NIT No. 28/OMC/CIVIL/2020,Environmental protection work at New OB dump and waste dump including check dam at Kurmitar Iron Ore Mines in the dist of Sundargarh.,Environmental protection work at New OB dump and waste dump including check dam at Kurmitar Iron Ore Mines in the dist of Sundargarh.,Works,Open Tender,Percentage,Civil Works - Others,No,No,NA ,10-Nov-2020 03:00 PM,NA ,180.0,No ,No,Online,25-Nov-2020 11:00 AM,Orissa Mining Corporation,KURMITAR,770041.0,2.0,,SMRUTI RANJAN BAL,"30,591,122",Accepted-AOC,01-Mar-2021,Orissa Mining Corporation,C1_WaterConservation,check dam|mit,Mitigation,False,False
2020_OMC_63694_4,NIT No. 28/OMC/CIVIL/2020,Construction of security related infrastructure at Kurmitar Iron Ore Mines in the dist of Sundargarh.,Construction of security related infrastructure at Kurmitar Iron Ore Mines in the dist of Sundargarh.,Works,Open Tender,Percentage,Civil Works - Others,No,No,NA ,10-Nov-2020 03:00 PM,NA ,180.0,No ,No,Online,25-Nov-2020 11:00 AM,Orissa Mining Corporation,KURMITAR,770041.0,2.0,,M S AMBICA ENTERPRISES,"7,979,662.71",Accepted-AOC,01-Mar-2021,Orissa Mining Corporation,C1_WaterConservation,mit,Mitigation,False,False
2021_CELBB_65533_11,e-PROCUREMENT NOTICE NO 05 OF 2020-21,NID-126 Improvement to Bhargavi Left Embankment from RD 9.00 Km to 9.30 Km,Improvement to Bhargavi Left Embankment from RD 9.00 Km to 9.30 Km,Works,Open Tender,Percentage,Civil Works - Others,No,No,NA ,19-Jan-2021 10:00 AM,NA ,90.0,No ,No,Online,29-Jan-2021 10:00 AM,"CE-BM,LMB Basin,BBSR||SE, Central Irr.Circle, BBSR||EE,Nimapada Irr Division, Nimapada",Nimapara,752106.0,1.0,"24,97,983",ASHOK KUMAR PANI,"2,123,535",Accepted-AOC,12-Mar-2021,"CE-BM,LMB Basin,BBSR||SE, Central Irr.Circle, BBSR||EE,Nimapada Irr Division, Nimapada",C2_Irrigation|C4_FloodCyclone,embankment|irr ,Mitigation,False,False
2021_CERWI_65664_12,07(Online)/RWD/BPD/2020-21,FDR to RD road to Silipuria Road under Betnoti Block for 20-21,FDR to RD road to Silipuria Road under Betnoti Block for 20-21,Works,Open Tender,Percentage,Civil Works - Roads,No,No,NA ,21-Jan-2021 11:00 AM,NA ,90.0,No ,No,Online,30-Jan-2021 11:00 AM,CE RW I||RWCIRCLE-BARIPADA||RW Division Baripada,"Baripada, Mayurbhanj",757002.0,1.0,"1,77,000",JNANA RANJAN BEHERA,"141,902.49",Accepted-AOC,16-Mar-2021,CE RW I||RWCIRCLE-BARIPADA||RW Division Baripada,C2_Irrigation,lip,Unknown,False,False
2018_CERWI_50391_1,Online Tender/17-2018-19/BPR,Improvement to SH-7 to Ghodadandi via Kaliapalli road under RIDF-XXIV,Improvement to SH-7 to Ghodadandi via Kaliapalli road under RIDF-XXIV,Works,National Competitive Bid,Percentage,Civil Works - Roads,No,No,NA ,27-Oct-2018 02:00 PM,NA ,90.0,No ,No,Online,06-Nov-2018 03:00 PM,CE RW I||RWCIRCLE-BERHAMPUR,Bhanjanagar,760011.0,2.0,"1,97,12,045",Subala Pradhan,"21,584,662",Accepted-AOC,19-Feb-2019,CE RW I||RWCIRCLE-BERHAMPUR,C8_Scheme,ridf,Mitigation,False,False
2018_CERWI_50391_2,Online Tender/17-2018-19/BPR,Improvement to Sanakodanda Lalsingh extended to Mujagada road under RIDF-XXIV,Improvement to Sanakodanda Lalsingh extended to Mujagada road under RIDF-XXIV,Works,National Competitive Bid,Percentage,Civil Works - Roads,No,No,NA ,27-Oct-2018 02:00 PM,NA ,90.0,No ,No,Online,06-Nov-2018 03:00 PM,CE RW I||RWCIRCLE-BERHAMPUR,Bhanjanagar,760011.0,2.0,"3,16,30,295",Nilamadhab Sahu,"34,761,471",Accepted-AOC,12-Feb-2019,CE RW I||RWCIRCLE-BERHAMPUR,C8_Scheme,ridf,Mitigation,False,False
2020_EICCL_64544_1,Bid Identification No. CC (RandB)-01,Bid Identification No. CC (RandB)-01,"Supply, Installation , Testing and commissioning of 1 No. 8 passenger OTIS make Electric Traction Elevator(Gplus5) including all electrical works at BOYAN BHAWAN, Kharavelnagar, Bhubaneswar.",Works,National Competitive Bid,Percentage,Electrical Works,No,No,NA ,11-Dec-2020 02:00 PM,NA ,90.0,No ,No,Online,17-Dec-2020 11:30 AM,EIC-CIVIL||SERNB-CIRCLE-CENTRAL||EERNB-DIVN-I-BBSR,Bhubaneswar,751001.0,1.0,,AJANTA ENTERPRISES,"2,116,161.04",Accepted-AOC,28-Oct-2022,EIC-CIVIL||SERNB-CIRCLE-CENTRAL||EERNB-DIVN-I-BBSR,C8_Scheme,omm,Mitigation,False,False
2020_OLIC_59264_16,02/2019-20 OLIC (PKD),Gandahati-II R/L,Installation and Energisation of L.I. Project.,Works,Open Tender,Item Rate,Civil Works - Lift Irrigation Schemes,No,No,NA ,24-Jan-2020 03:00 PM,NA ,180.0,No ,No,Online,07-Feb-2020 12:00 PM,Orissa Lift Irrigation Corporation||LI Southern Circle Berhampur||LI Division Paralakhemundi,Gandahati under Rayagada Block,761200.0,1.0,"10,71,000",ARJUN CHOUDHURY,"1,199,520",Accepted-AOC,10-Oct-2022,Orissa Lift Irrigation Corporation||LI Southern Circle Berhampur||LI Division Paralakhemundi,C2_Irrigation,irrigation|l.i.|l.i. project|lift irrigation,Mitigation,False,False
2020_OLIC_59264_8,02/2019-20 OLIC (PKD),Talasing R/L,Revival and Energisation of L.I. Project.,Works,Open Tender,Item Rate,Civil Works - Lift Irrigation Schemes,No,No,NA ,24-Jan-2020 02:00 PM,NA ,180.0,No ,No,Online,07-Feb-2020 12:00 PM,Orissa Lift Irrigation Corporation||LI Southern Circle Berhampur||LI Division Paralakhemundi,Talasing under Rayagada Block,761200.0,1.0,"11,83,000",ARJUN CHOUDHURY,"1,324,960",Accepted-AOC,22-Oct-2022,Orissa Lift Irrigation Corporation||LI Southern Circle Berhampur||LI Division Paralakhemundi,C2_Irrigation|C3_Drought,irrigation|l.i.|l.i. project|lift irrigation|revival,Unknown,False,False
2020_OLIC_62273_18,904_05_08_2020,Rahalapatana TW,Installation Energisation and commissioning of L I Projects at Rahalapatana TW in Barachana Blcok,Works,Open Tender,Percentage,Civil Works - Lift Irrigation Schemes,No,No,NA ,20-Aug-2020 10:00 AM,NA ,180.0,No ,No,Online,29-Aug-2020 11:00 AM,"Orissa Lift Irrigation Corporation||LI,Central Circle, Cuttack||LI Division Jajpur Road",Jajpur Road,755019.0,2.0,"17,24,725",Akshaya Kumar Patra,"1,642,132",Accepted-AOC,10-Oct-2022,"Orissa Lift Irrigation Corporation||LI,Central Circle, Cuttack||LI Division Jajpur Road",C2_Irrigation|C8_Scheme,irrigation|lift irrigation|omm|tw ,Mitigation,False,False
2021_CERWI_73849_41,SE/RW/Jls- 10/2021-22,S/R to Kalipada to Jogadiha Road for the year 2021-22,S/R to Kalipada to Jogadiha Road for the year 2021-22,Works,Open Tender,Percentage,Civil Works - Roads,No,No,NA ,09-Dec-2021 05:00 PM,NA ,60.0,No ,No,Online,16-Dec-2021 11:00 AM,CE RW I||RWCIRCLE-BALASORE||RWDIVISION-JALESWAR,Jaleswar,756086.0,1.0,,HARAMOHAN SAHU,"884,407",Accepted-AOC,19-Oct-2022,CE RW I||RWCIRCLE-BALASORE||RWDIVISION-JALESWAR,C2_Irrigation,lip,DamageResponse,False,False
2021_EICCL_69608_1,Bid Identification No.C.C (RandB) 10/2020-21,"Supply, Installation, Testing and Commissioning of 10 Passenger lift (Gplus2) (Conference Hall of Central Circle (RandB) Bhubaneswar), Nirmansaudha, BBSR (Lift-2)","Supply, Installation, Testing and Commissioning of 10 Passenger lift (Gplus2) (Conference Hall of Central Circle (RandB) Bhubaneswar), Nirmansaudha, BBSR (Lift-2)",Works,National Competitive Bid,Percentage,Electrical Works,No,No,NA ,06-Jul-2021 05:00 PM,NA ,90.0,No ,No,Online,14-Jul-2021 11:00 AM,EIC-CIVIL||SERNB-CIRCLE-CENTRAL||EERNB-DIVN-I-BBSR,"Nirmansoudha, Bhubaneswar",751001.0,2.0,,AJANTA ENTERPRISES,"1,871,510.5",Accepted-AOC,28-Oct-2022,EIC-CIVIL||SERNB-CIRCLE-CENTRAL||EERNB-DIVN-I-BBSR,C8_Scheme,omm,Mitigation,False,False
2021_OLIC_66026_7,203/LID/KDP/2021,MADHYAPADA-IV RL,Installation and Energisation of L.I.Projects,Works,Open Tender,Percentage,Civil Works - Lift Irrigation Schemes,No,No,NA ,10-Feb-2021 11:00 AM,NA ,90.0,No ,No,Online,22-Feb-2021 11:00 AM,"Orissa Lift Irrigation Corporation||LI,Central Circle, Cuttack||LI Division Kendrapara",Rajnagar,754211.0,1.0,,Ranjan Kumar Sethi,"1,876,171.043",Accepted-AOC,31-Oct-2022,"Orissa Lift Irrigation Corporation||LI,Central Circle, Cuttack||LI Division Kendrapara",C2_Irrigation,irrigation|l.i.|lift irrigation,Mitigation,False,False
2021_ORULB_66551_6,KCDA/NAC-4/2020-21,"Construction of drain from Bhanja house towards Community Center, Ward No-10,Kuchinda NAC","Construction of drain from Bhanja house towards Community Center, Ward No-10,Kuchinda NAC",Works,Open Tender,Percentage,Civil Works - Others,No,No,NA ,20-Feb-2021 10:00 AM,NA ,120.0,No ,No,Online,02-Mar-2021 11:00 AM,Municipal Bodies||Kuchinda NAC,Ward No-10 Kuchinda,768222.0,1.0,,BISHAL AGRAWAL,"192,933.48",Accepted-AOC,28-Oct-2022,Municipal Bodies||Kuchinda NAC,C8_Scheme,omm,Mitigation,False,False
2022_CEMLP_77913_1,1ML/2022-23,Execution of 14 nos Lift irrigation schemes in Cluster-XIX including power system connectivity and operation and maintenance of complete commissioned schemes for 15 years,Lift Irrigation projects,Works,Open Tender,Turn-key,Civil Works - Lift Irrigation Schemes,No,No,NA ,24-May-2022 10:00 AM,03-Jun-2022 11:00 AM ,180.0,No ,No,Online,23-Jun-2022 11:00 AM,CE Megalift Projects Bhubaneswar,Keonjhar,758001.0,2.0,,LARSEN AND TOUBRO LIMITED,"5,529,500,000",Accepted-AOC,12-Oct-2022,CE Megalift Projects Bhubaneswar,C2_Irrigation,irrigation|lift irrigation,Unknown,False,False
2022_CEMLP_78174_1,3ML/2022-23,EXECUTION OF 9 NOS LIFT IRRIGATION SCHEMES IN CLUSTER-XX INCLUDING POWER SYSTEM CONNECTIVITY AND OPERATION AND MAINTENANCE OF COMPLETE COMMISSIONED SCHEMES FOR 15 YEARS,LIFT IRRIGATION PROJECTS,Works,Open Tender,Turn-key,Civil Works - Lift Irrigation Schemes,No,No,NA ,04-Jun-2022 10:00 AM,23-Jun-2022 12:30 PM ,180.0,No ,No,Online,19-Jul-2022 11:00 AM,CE Megalift Projects Bhubaneswar,"JAJPUR,KENDRAPARA",755001.0,2.0,,LARSEN AND TOUBRO LIMITED,"3,962,700,000",Accepted-AOC,12-Oct-2022,CE Megalift Projects Bhubaneswar,C2_Irrigation,irrigation|lift irrigation,Unknown,False,False
2022_CENH_80647_1,NH KSNG 03 2223,RCC barrier Kesinga paved shoulder,"S/R to NH 26 such as Providing safety concrete crash barrier in the kesinga town from Km. 144.100 to Km.145.550 (R.H.S.) , Concrete Paved Shoulder",Works,Open Tender,Percentage,Civil Works - Roads,No,No,NA ,29-Aug-2022 11:00 AM,NA ,90.0,No ,No,Online,13-Sep-2022 11:00 AM,CE-NH||NHCIRCLE-SAMBALPUR||EENH-DIVN-KESINGA,Kesinga,766012.0,2.0,"94,77,010",ADONIS PARAS VIRDII,"8,056,407",Accepted-AOC,20-Oct-2022,CE-NH||NHCIRCLE-SAMBALPUR||EENH-DIVN-KESINGA,C5_ClimateSmartFarming,cra,DamageResponse,False,False
2022_CERWI_79771_2,RWDKNJ 06/2022-23,Special Repair to Sunaposi Baliposi Bishipur Road for the year 2022 23,Special Repair to Sunaposi Baliposi Bishipur Road for the year 2022 23,Works,Open Tender,Percentage,Civil Works - Roads,No,No,NA ,15-Jul-2022 11:00 AM,NA ,90.0,No ,No,Online,25-Jul-2022 11:00 AM,CE RW I||RWCIRCLE-BARIPADA||RW Division Karanjia,"KARANJIA,MAYURBHANJ",757037.0,1.0,"22,32,279",DAMBARUDHAR SETHI,"1,897,660.28",Accepted-AOC,18-Oct-2022,CE RW I||RWCIRCLE-BARIPADA||RW Division Karanjia,C2_Irrigation,lip,DamageResponse,False,False
2022_OCCL_76551_1,e-procurement Notice No - 21/OCCL/2021-22,e-procurement Notice No - 21/OCCL/2021-22,"Engagement of Project Management Consultant (PMC) for irrigation projects (ISS/MMIPs/UGPL) under Water Resources Department, Govt. of Odisha",Services,Limited,Item Rate,Human Resources Supply,No,No,NA ,29-Mar-2022 10:00 AM,05-Apr-2022 12:00 PM ,120.0,No ,No,Online,05-May-2022 12:00 PM,ODISHA CONSTRUCTION CORPORATION LTD||CIVIL,BHUBANESWAR,751012.0,2.0,,Aarvee Associates Architects Engineers and Consultants Private Limited,"1,157,688,000",Accepted-AOC,12-Oct-2022,ODISHA CONSTRUCTION CORPORATION LTD||CIVIL,C1_WaterConservation|C2_Irrigation,irrigation|mip,Mitigation,False,False
2022_OLIC_80227_19,01/2022-23,P19,"Re-installation, electrification and energisation of Desikodabhata-II L.I.P under Jharigam Block in Nabarangpur District",Works,Open Tender,Percentage,Civil Works - Lift Irrigation Schemes,No,No,NA ,16-Aug-2022 10:00 AM,NA ,180.0,No ,No,Online,26-Aug-2022 11:00 AM,Orissa Lift Irrigation Corporation||LI KORAPUT||LI Division Nawarangpur,Nabarangpur,764059.0,1.0,"14,91,000",HELIOUS ETERNAL ENERGY SOLUTION AND CONSTRUCTION PRIVATE LIMITED,"1,664,939",Accepted-AOC,24-Oct-2022,Orissa Lift Irrigation Corporation||LI KORAPUT||LI Division Nawarangpur,C2_Irrigation,irrigation|l.i.|lift irrigation,Mitigation,False,False
2022_OLIC_80227_28,01/2022-23,P28,"Re-installation, electrification and energisation of Churahandi-II L.I.P under Kosagumuda Block in Nabarangpur District",Works,Open Tender,Percentage,Civil Works - Lift Irrigation Schemes,No,No,NA ,16-Aug-2022 10:00 AM,NA ,180.0,No ,No,Online,26-Aug-2022 11:00 AM,Orissa Lift Irrigation Corporation||LI KORAPUT||LI Division Nawarangpur,Nabarangpur,764059.0,1.0,"14,82,000",M/A OOMKAR TECNICAL SERVICE (P) LTD,"1,658,413",Accepted-AOC,24-Oct-2022,Orissa Lift Irrigation Corporation||LI KORAPUT||LI Division Nawarangpur,C2_Irrigation,irrigation|l.i.|lift irrigation,Mitigation,False,False
2022_OLIC_80227_29,01/2022-23,P29,"Re-installation, electrification and energisation of Churahandi-III L.I.P under Kosagumuda Block in Nabarangpur District",Works,Open Tender,Percentage,Civil Works - Lift Irrigation Schemes,No,No,NA ,16-Aug-2022 10:00 AM,NA ,180.0,No ,No,Online,26-Aug-2022 11:00 AM,Orissa Lift Irrigation Corporation||LI KORAPUT||LI Division Nawarangpur,Nabarangpur,764059.0,1.0,"14,82,000",M/A OOMKAR TECNICAL SERVICE (P) LTD,"1,658,413",Accepted-AOC,24-Oct-2022,Orissa Lift Irrigation Corporation||LI KORAPUT||LI Division Nawarangpur,C2_Irrigation,irrigation|l.i.|lift irrigation,Mitigation,False,False
2022_OLIC_80227_32,01/2022-23,P32,"Re-installation, electrification and energisation of Dugulahandi -II L.I.P under Kosagumuda Block",Works,Open Tender,Percentage,Civil Works - Lift Irrigation Schemes,No,No,NA ,16-Aug-2022 10:00 AM,NA ,180.0,No ,No,Online,26-Aug-2022 11:00 AM,Orissa Lift Irrigation Corporation||LI KORAPUT||LI Division Nawarangpur,Nabarangpur,764059.0,1.0,"14,90,000",HARA PRASAD NAYAK,"1,664,148",Accepted-AOC,24-Oct-2022,Orissa Lift Irrigation Corporation||LI KORAPUT||LI Division Nawarangpur,C2_Irrigation,irrigation|l.i.|lift irrigation,Mitigation,False,False
2022_OLIC_80227_35,01/2022-23,P35,"Re-installation, electrification and energisation of Gumunduli -II L.I.P under Kosagumuda Block in Nabarangpur District",Works,Open Tender,Percentage,Civil Works - Lift Irrigation Schemes,No,No,NA ,16-Aug-2022 10:00 AM,NA ,180.0,No ,No,Online,26-Aug-2022 11:00 AM,Orissa Lift Irrigation Corporation||LI KORAPUT||LI Division Nawarangpur,Nabarangpur,764059.0,1.0,"14,85,000",HARA PRASAD NAYAK,"1,663,127",Accepted-AOC,24-Oct-2022,Orissa Lift Irrigation Corporation||LI KORAPUT||LI Division Nawarangpur,C2_Irrigation,irrigation|l.i.|lift irrigation,Mitigation,False,False
2022_OLIC_80227_41,01/2022-23,P40,"Re-installation, electrification and energisation of Khandibagdari L.I.P under Kosagumuda Block in Nabarangpur District",Works,Open Tender,Percentage,Civil Works - Lift Irrigation Schemes,No,No,NA ,16-Aug-2022 10:00 AM,NA ,180.0,No ,No,Online,26-Aug-2022 11:00 AM,Orissa Lift Irrigation Corporation||LI KORAPUT||LI Division Nawarangpur,Nabarangpur,764059.0,1.0,"14,85,000",BADAL PATTNAIK,"1,663,008",Accepted-AOC,24-Oct-2022,Orissa Lift Irrigation Corporation||LI KORAPUT||LI Division Nawarangpur,C2_Irrigation,irrigation|l.i.|lift irrigation,Mitigation,False,False
2022_OLIC_80227_47,01/2022-23,P46,"Re-installation, electrification and energisation of Umergam-III L.I.P under Kosagumuda Block in Nabarangpur District",Works,Open Tender,Percentage,Civil Works - Lift Irrigation Schemes,No,No,NA ,16-Aug-2022 10:00 AM,NA ,180.0,No ,No,Online,26-Aug-2022 11:00 AM,Orissa Lift Irrigation Corporation||LI KORAPUT||LI Division Nawarangpur,Nabarangpur,764059.0,1.0,"14,91,000",M/A OOMKAR TECNICAL SERVICE (P) LTD,"1,669,033",Accepted-AOC,24-Oct-2022,Orissa Lift Irrigation Corporation||LI KORAPUT||LI Division Nawarangpur,C2_Irrigation,irrigation|l.i.|lift irrigation,Mitigation,False,False
2022_OLIC_80227_48,01/2022-23,P47,"Re-installation, electrification and energisation of Umergam -IV L.I.P under Kosagumuda Block in Nabarangpur District",Works,Open Tender,Percentage,Civil Works - Lift Irrigation Schemes,No,No,NA ,16-Aug-2022 10:00 AM,NA ,180.0,No ,No,Online,26-Aug-2022 11:00 AM,Orissa Lift Irrigation Corporation||LI KORAPUT||LI Division Nawarangpur,Nabarangpur,764059.0,1.0,"14,91,000",HARA PRASAD NAYAK,"1,665,364",Accepted-AOC,24-Oct-2022,Orissa Lift Irrigation Corporation||LI KORAPUT||LI Division Nawarangpur,C2_Irrigation,irrigation|l.i.|lift irrigation,Mitigation,False,False
2022_OLIC_80227_49,01/2022-23,P48,"Re-installation, electrification and energisation of Chirmapondi-I L.I.P under Nabarangpur Block in Nabarangpur District",Works,Open Tender,Percentage,Civil Works - Lift Irrigation Schemes,No,No,NA ,16-Aug-2022 10:00 AM,NA ,180.0,No ,No,Online,26-Aug-2022 11:00 AM,Orissa Lift Irrigation Corporation||LI KORAPUT||LI Division Nawarangpur,Nabarangpur,764059.0,1.0,"14,92,000",DAITARI SIA,"1,669,776",Accepted-AOC,24-Oct-2022,Orissa Lift Irrigation Corporation||LI KORAPUT||LI Division Nawarangpur,C1_WaterConservation|C2_Irrigation,irrigation|l.i.|lift irrigation|pond,Mitigation,False,False
2022_OLIC_80227_51,01/2022-23,P50,"Re-installation, electrification and energisation of Mantriguda-II L.I.P under Nabarangpur Block in Nabarangpur District",Works,Open Tender,Percentage,Civil Works - Lift Irrigation Schemes,No,No,NA ,16-Aug-2022 10:00 AM,NA ,180.0,No ,No,Online,26-Aug-2022 11:00 AM,Orissa Lift Irrigation Corporation||LI KORAPUT||LI Division Nawarangpur,Nabarangpur,764059.0,1.0,"14,88,000",M/A OOMKAR TECNICAL SERVICE (P) LTD,"1,666,494",Accepted-AOC,24-Oct-2022,Orissa Lift Irrigation Corporation||LI KORAPUT||LI Division Nawarangpur,C2_Irrigation,irrigation|l.i.|lift irrigation,Mitigation,False,False
2022_OLIC_80227_52,01/2022-23,P51,"Re-installation, electrification and energisation of Nabarangpur -I L.I.P under Nabarangpur Block in Nabarangpur District",Works,Open Tender,Percentage,Civil Works - Lift Irrigation Schemes,No,No,NA ,16-Aug-2022 10:00 AM,NA ,180.0,No ,No,Online,26-Aug-2022 11:00 AM,Orissa Lift Irrigation Corporation||LI KORAPUT||LI Division Nawarangpur,Nabarangpur,764059.0,1.0,"14,92,000",DHARITRI PADHY,"1,665,562",Accepted-AOC,24-Oct-2022,Orissa Lift Irrigation Corporation||LI KORAPUT||LI Division Nawarangpur,C2_Irrigation,irrigation|l.i.|lift irrigation,Mitigation,False,False
2022_OLIC_80227_54,01/2022-23,P53,"Re-installation, electrification and energisation of Dahibhata-I L.I.P under Nandahandi Block in Nabarangpur District",Works,Open Tender,Percentage,Civil Works - Lift Irrigation Schemes,No,No,NA ,16-Aug-2022 10:00 AM,NA ,180.0,No ,No,Online,26-Aug-2022 11:00 AM,Orissa Lift Irrigation Corporation||LI KORAPUT||LI Division Nawarangpur,Nabarangpur,764059.0,1.0,"14,87,000",ANUP KUMAR GANTAYAT,"1,665,364",Accepted-AOC,24-Oct-2022,Orissa Lift Irrigation Corporation||LI KORAPUT||LI Division Nawarangpur,C2_Irrigation,irrigation|l.i.|lift irrigation,Mitigation,False,False
2022_OLIC_80227_55,01/2022-23,P54,"Re-installation, electrification and energisation of Kadalipadar L.I.P under Nandahandi Block in Nabarangpur District",Works,Open Tender,Percentage,Civil Works - Lift Irrigation Schemes,No,No,NA ,16-Aug-2022 10:00 AM,NA ,180.0,No ,No,Online,26-Aug-2022 11:00 AM,Orissa Lift Irrigation Corporation||LI KORAPUT||LI Division Nawarangpur,Nabarangpur,764059.0,1.0,"14,91,000",ANUP KUMAR GANTAYAT,"1,669,776",Accepted-AOC,28-Oct-2022,Orissa Lift Irrigation Corporation||LI KORAPUT||LI Division Nawarangpur,C2_Irrigation,irrigation|l.i.|lift irrigation|lip,Mitigation,False,False
2022_OLIC_80227_64,01/2022-23,P63,"Re-installation, electrification and energisation of Mokia-I L.I.P under Papadahandi Block in Nabarangpur District",Works,Open Tender,Percentage,Civil Works - Lift Irrigation Schemes,No,No,NA ,16-Aug-2022 10:00 AM,NA ,180.0,No ,No,Online,26-Aug-2022 11:00 AM,Orissa Lift Irrigation Corporation||LI KORAPUT||LI Division Nawarangpur,Nabarangpur,764059.0,1.0,"14,85,000",M/S. PADHI ELECTRICALS,"1,658,072",Accepted-AOC,24-Oct-2022,Orissa Lift Irrigation Corporation||LI KORAPUT||LI Division Nawarangpur,C2_Irrigation,irrigation|l.i.|lift irrigation,Mitigation,False,False
2022_OLIC_80227_65,01/2022-23,P64,"Re-installation, electrification and energisation of Tumbrella-I L.I.P under Papadahandi Block in Nabarangpur District",Works,Open Tender,Percentage,Civil Works - Lift Irrigation Schemes,No,No,NA ,16-Aug-2022 10:00 AM,NA ,180.0,No ,No,Online,26-Aug-2022 11:00 AM,Orissa Lift Irrigation Corporation||LI KORAPUT||LI Division Nawarangpur,Nabarangpur,764059.0,1.0,"14,88,000",M/S. PADHI ELECTRICALS,"1,661,718",Accepted-AOC,24-Oct-2022,Orissa Lift Irrigation Corporation||LI KORAPUT||LI Division Nawarangpur,C2_Irrigation,irrigation|l.i.|lift irrigation,Mitigation,False,False
2022_OLIC_80227_67,01/2022-23,P66,"Re-installation, electrification and energisation of Tumbrella -III L.I.P under Papadahandi Block in Nabarangpur District",Works,Open Tender,Percentage,Civil Works - Lift Irrigation Schemes,No,No,NA ,16-Aug-2022 10:00 AM,NA ,180.0,No ,No,Online,26-Aug-2022 11:00 AM,Orissa Lift Irrigation Corporation||LI KORAPUT||LI Division Nawarangpur,Nabarangpur,764059.0,1.0,"14,82,000",M/S. PADHI ELECTRICALS,"1,656,299",Accepted-AOC,24-Oct-2022,Orissa Lift Irrigation Corporation||LI KORAPUT||LI Division Nawarangpur,C2_Irrigation,irrigation|l.i.|lift irrigation,Mitigation,False,False
2022_OLIC_80227_71,01/2022-23,P70,"Re-installation, electrification and energisation of Anchalaguma L.I.P under Tentulikhunti Block in Nabarangpur District",Works,Open Tender,Percentage,Civil Works - Lift Irrigation Schemes,No,No,NA ,16-Aug-2022 10:00 AM,NA ,180.0,No ,No,Online,26-Aug-2022 11:00 AM,Orissa Lift Irrigation Corporation||LI KORAPUT||LI Division Nawarangpur,Nabarangpur,764059.0,1.0,"14,90,000",DAITARI SIA,"1,668,742",Accepted-AOC,24-Oct-2022,Orissa Lift Irrigation Corporation||LI KORAPUT||LI Division Nawarangpur,C2_Irrigation,irrigation|l.i.|lift irrigation,Mitigation,False,False
2022_OLIC_80227_73,01/2022-23,P72,"Re-installation, electrification and energisation of Badabasini-I L.I.P under Umerkote Block in Nabarangpur District",Works,Open Tender,Percentage,Civil Works - Lift Irrigation Schemes,No,No,NA ,16-Aug-2022 10:00 AM,NA ,180.0,No ,No,Online,26-Aug-2022 11:00 AM,Orissa Lift Irrigation Corporation||LI KORAPUT||LI Division Nawarangpur,Nabarangpur,764059.0,1.0,"14,86,000",M/S ENGINEERS ENTERPRISES,"1,664,316",Accepted-AOC,24-Oct-2022,Orissa Lift Irrigation Corporation||LI KORAPUT||LI Division Nawarangpur,C2_Irrigation,irrigation|l.i.|lift irrigation,Mitigation,False,False
2022_OLIC_80227_74,01/2022-23,P73,"Re-installation, electrification and energisation of Badabasini-II L.I.P under Umerkote Block in Nabarangpur District",Works,Open Tender,Percentage,Civil Works - Lift Irrigation Schemes,No,No,NA ,16-Aug-2022 10:00 AM,NA ,180.0,No ,No,Online,26-Aug-2022 11:00 AM,Orissa Lift Irrigation Corporation||LI KORAPUT||LI Division Nawarangpur,Nabarangpur,764059.0,1.0,"14,91,000",M/S ENGINEERS ENTERPRISES,"1,668,604",Accepted-AOC,24-Oct-2022,Orissa Lift Irrigation Corporation||LI KORAPUT||LI Division Nawarangpur,C2_Irrigation,irrigation|l.i.|lift irrigation,Mitigation,False,False
2022_OLIC_80227_76,01/2022-23,P75,"Re-installation, electrification and energisation of Sanabasini-II L.I.P under Umerkote Block in Nabarangpur District",Works,Open Tender,Percentage,Civil Works - Lift Irrigation Schemes,No,No,NA ,16-Aug-2022 10:00 AM,NA ,180.0,No ,No,Online,26-Aug-2022 11:00 AM,Orissa Lift Irrigation Corporation||LI KORAPUT||LI Division Nawarangpur,Nabarangpur,764059.0,1.0,"14,83,000",DHARITRI PADHY,"1,657,293",Accepted-AOC,24-Oct-2022,Orissa Lift Irrigation Corporation||LI KORAPUT||LI Division Nawarangpur,C2_Irrigation,irrigation|l.i.|lift irrigation,Mitigation,False,False
2022_OSAMB_79901_1,01/RMC MUKHIGUDA/22-23,Const. E-Nam lab at Koksara MY,Const. E-Nam lab at Koksara MY,Works,Open Tender,Percentage,Civil Works - Buildings,No,No,NA ,19-Jul-2022 06:00 PM,NA ,90.0,No ,No,Online,02-Aug-2022 10:30 AM,Odisha State Agricultural Marketing Board||RMC Mukhiguda,Koksara,766019.0,1.0,"15,79,602",RAMA CHANDRA SAHU,"1,561,910.46",Accepted-AOC,20-Oct-2022,Odisha State Agricultural Marketing Board||RMC Mukhiguda,C2_Irrigation,rmc,Unknown,False,False
2022_OSAMB_81119_1,04/RMC MUKHIGUDA/22-23,"Construction of GCI Cover Shed, FIC, Watchman Shed, threshing Floor, CC Road etc at Bimala Market Yard under HIRMC Mukhiguda","Construction of GCI Cover Shed, FIC, Watchman Shed, threshing Floor, CC Road etc at Bimala Market Yard under HIRMC Mukhiguda .",Works,Open Tender,Percentage,Civil Works - Buildings,No,No,NA ,08-Sep-2022 11:30 AM,NA ,90.0,No ,No,Online,17-Sep-2022 05:00 PM,Odisha State Agricultural Marketing Board||RMC Mukhiguda,BIMLA,766019.0,2.0,"88,09,922",MANOJ KUMAR MOHANTY,"7,489,314.69",Accepted-AOC,20-Oct-2022,Odisha State Agricultural Marketing Board||RMC Mukhiguda,C2_Irrigation,rmc,Mitigation,False,False
2022_OSAMB_81141_1,RMCBARGARH 03 OF 2022-23,"Costruction of developmental work at Kalapani Market Yard under RMC, Bargarh",civil works,Works,Open Tender,Percentage,Civil Works - Buildings,No,No,NA ,09-Sep-2022 09:55 AM,NA ,90.0,No ,No,Online,27-Sep-2022 11:00 AM,Odisha State Agricultural Marketing Board||RMC Bargarh,"Kalapani Market Yard under RMC, Bargarh",768040.0,1.0,"33,51,933",Bolli Shyam Babu,"2,849,480",Accepted-AOC,28-Oct-2022,Odisha State Agricultural Marketing Board||RMC Bargarh,C2_Irrigation,rmc,Unknown,False,False
2022_OSAMB_81845_1,TCN No.310/RMC-JLS of 2022-23,Construction of MODEL MONDI of Agricultural Marketing Infrastructures at Chalanti Market Yard of RMC Jaleswar.,Building Works,Works,Open Tender,Percentage,Civil Works - Buildings,No,No,NA ,29-Sep-2022 10:00 AM,NA ,90.0,No ,No,Online,17-Oct-2022 11:00 AM,Odisha State Agricultural Marketing Board||RMC Jaleswar,Jaleswar,756032.0,2.0,"2,73,10,629",BISWANATH HANSDAH,"24,582,296",Accepted-AOC,28-Oct-2022,Odisha State Agricultural Marketing Board||RMC Jaleswar,C2_Irrigation,rmc,Unknown,False,False
2020_OLIC_64226_5,Bid Identification No.17/2020-21 OLIC/ Dt.27.11.20,INSTALATION AND ENERGISATION OF BIANLO TW LI PROJECT,INSTALATION AND ENERGISATION OF BIANLO TW LI PROJECT,Works,Open Tender,Percentage,Civil Works - Lift Irrigation Schemes,No,No,NA ,03-Dec-2020 11:00 AM,NA ,90.0,No ,No,Online,15-Dec-2020 11:00 AM,"Orissa Lift Irrigation Corporation||LI,Central Circle, Cuttack||LI Division Cuttack",JAGATSINGHPUR BLOCK,754001.0,1.0,,BIPIN BIHARI RAY,9.97,Accepted-AOC,07-Sep-2022,"Orissa Lift Irrigation Corporation||LI,Central Circle, Cuttack||LI Division Cuttack",C2_Irrigation,irrigation|lift irrigation|tw ,Unknown,False,False
2020_OLIC_65103_8,Bid Identification No.21/2020-21 OLIC/ Dt.29.12.20,INSTALATION AND ENERGISATION OF ODAPANGA LI PROJECT,INSTALATION AND ENERGISATION OF ODAPANGA LI PROJECT,Works,Open Tender,Percentage,Civil Works - Lift Irrigation Schemes,No,No,NA ,02-Jan-2021 11:00 AM,NA ,90.0,No ,No,Online,14-Jan-2021 11:00 AM,"Orissa Lift Irrigation Corporation||LI,Central Circle, Cuttack||LI Division Cuttack",NAUGAON BLOCK,754001.0,1.0,,AKSHAYA KUMAR MALLICK,11.59,Accepted-AOC,28-Sep-2022,"Orissa Lift Irrigation Corporation||LI,Central Circle, Cuttack||LI Division Cuttack",C2_Irrigation,irrigation|lift irrigation,Unknown,False,False
2021_CEBBS_73409_2,e-Procurement Notice No. SE-AID-10-2021-22,Restoration of Ramial Dam including observatory and watchman room at Dam site of Ramial Irrigation Project (Electrical items),Restoration of Ramial Dam including observatory and watchman room at Dam site of Ramial Irrigation Project (Electrical items),Works,Open Tender,Percentage,Electrical Works,No,No,NA ,03-Dec-2021 10:00 AM,NA ,90.0,No ,No,Online,15-Dec-2021 10:00 AM,CE and BM Brahmani Basin Samal||SE Angul Irrigation Circle Angul||EE Manjore Irr.Divn. Athamalik,Angul,759143.0,1.0,,M/s. EASTERN ENGINEERING,"1,008,593",Accepted-AOC,09-Sep-2022,CE and BM Brahmani Basin Samal||SE Angul Irrigation Circle Angul||EE Manjore Irr.Divn. Athamalik,C2_Irrigation,irrigation,DamageResponse,False,False
2021_OCTDM_74405_2,GCF-W2-2/2021,GCF-W2-2/2021,Construction of Ground Water Recharge Well in Minor Irrigation tanks and Panchayati Raj and Drinking Water Department tanks Package ID- SNP-2,Works,National Competitive Bid,Item Rate,Civil Works - Others,No,No,NA ,21-Dec-2021 10:00 AM,28-Dec-2021 11:00 AM ,90.0,No ,No,Both(Online/Offline),20-Jan-2022 03:30 PM,Orissa Community Tank Development and Management Society,Bhubaneswar,751001.0,2.0,,KANHAIYA LAL AGRAWAL,"35,949,400",Accepted-AOC,15-Sep-2022,Orissa Community Tank Development and Management Society,C1_WaterConservation|C2_Irrigation|C3_Drought|C8_Scheme,ground water|ground water recharge|irrigation|minor irrigation|omm|recharge,Mitigation,False,False
2021_OCTDM_74405_5,GCF-W2-2/2021,GCF-W2-2/2021,Construction of Ground Water Recharge Well in Minor Irrigation tanks and Panchayati Raj and Drinking Water Department tanks Package ID-RGD-1,Works,National Competitive Bid,Item Rate,Civil Works - Others,No,No,NA ,21-Dec-2021 10:00 AM,28-Dec-2021 11:00 AM ,90.0,No ,No,Both(Online/Offline),20-Jan-2022 03:30 PM,Orissa Community Tank Development and Management Society,Bhubaneswar,751001.0,2.0,,PM CONTRACTORS PRIVATE LIMITED,"36,834,906",Accepted-AOC,15-Sep-2022,Orissa Community Tank Development and Management Society,C1_WaterConservation|C2_Irrigation|C3_Drought|C8_Scheme,ground water|ground water recharge|irrigation|minor irrigation|omm|recharge,Mitigation,False,False
2021_OLIC_74615_117,"No.05/2021-22,Dt.18.12.2021",RAIBANIA-VII-TW,RAIBANIA-VII-TW,Works,Open Tender,Percentage,Civil Works - Lift Irrigation Schemes,No,No,NA ,23-Dec-2021 05:00 PM,NA ,365.0,No ,No,Online,07-Jan-2022 11:00 AM,Orissa Lift Irrigation Corporation||LI BALASORE||LI Division Jaleswar,JALESWAR BALASORE ODISHA,756032.0,1.0,"18,89,567",BIDYUT LATA KAR,"2,116,315",Accepted-AOC,06-Sep-2022,Orissa Lift Irrigation Corporation||LI BALASORE||LI Division Jaleswar,C2_Irrigation,irrigation|lift irrigation|tw ,Unknown,False,False
2021_OLIC_74615_120,"No.05/2021-22,Dt.18.12.2021",PATAPUR-II-TW,PATAPUR-II-TW,Works,Open Tender,Percentage,Civil Works - Lift Irrigation Schemes,No,No,NA ,23-Dec-2021 05:00 PM,NA ,365.0,No ,No,Online,07-Jan-2022 11:00 AM,Orissa Lift Irrigation Corporation||LI BALASORE||LI Division Jaleswar,JALESWAR BALASORE ODISHA,756032.0,1.0,"18,91,015",BIDYUT LATA KAR,"2,117,937",Accepted-AOC,06-Sep-2022,Orissa Lift Irrigation Corporation||LI BALASORE||LI Division Jaleswar,C2_Irrigation,irrigation|lift irrigation|tw ,Unknown,False,False
2021_OLIC_74615_130,"No.05/2021-22,Dt.18.12.2021",PINCHHABANI-I-TW,PINCHHABANI-I-TW,Works,Open Tender,Percentage,Civil Works - Lift Irrigation Schemes,No,No,NA ,23-Dec-2021 05:00 PM,NA ,365.0,No ,No,Online,07-Jan-2022 11:00 AM,Orissa Lift Irrigation Corporation||LI BALASORE||LI Division Jaleswar,JALESWAR BALASORE ODISHA,756032.0,1.0,"18,94,903",BIDYUT LATA KAR,"2,122,291",Accepted-AOC,06-Sep-2022,Orissa Lift Irrigation Corporation||LI BALASORE||LI Division Jaleswar,C2_Irrigation,irrigation|lift irrigation|tw ,Unknown,False,False
2021_OLIC_74615_134,"No.05/2021-22,Dt.18.12.2021",KALIKAPUR-III-TW,KALIKAPUR-III-TW,Works,Open Tender,Percentage,Civil Works - Lift Irrigation Schemes,No,No,NA ,23-Dec-2021 05:00 PM,NA ,365.0,No ,No,Online,07-Jan-2022 11:00 AM,Orissa Lift Irrigation Corporation||LI BALASORE||LI Division Jaleswar,JALESWAR BALASORE ODISHA,756032.0,1.0,"21,89,514",PRAKASH RANJAN BHADRA,"2,452,256",Accepted-AOC,05-Sep-2022,Orissa Lift Irrigation Corporation||LI BALASORE||LI Division Jaleswar,C2_Irrigation,irrigation|lift irrigation|tw ,Unknown,False,False
2021_OLIC_74615_141,"No.05/2021-22,Dt.18.12.2021",AMBLIATHA-II-KFW-TW,AMBLIATHA-II-KFW-TW,Works,Open Tender,Percentage,Civil Works - Lift Irrigation Schemes,No,No,NA ,23-Dec-2021 05:00 PM,NA ,365.0,No ,No,Online,07-Jan-2022 11:00 AM,Orissa Lift Irrigation Corporation||LI BALASORE||LI Division Jaleswar,JALESWAR BALASORE ODISHA,756032.0,1.0,"14,95,077",DIBYA SUNDAR PARIDA,"1,673,894",Accepted-AOC,05-Sep-2022,Orissa Lift Irrigation Corporation||LI BALASORE||LI Division Jaleswar,C2_Irrigation,irrigation|lift irrigation|tw ,Unknown,False,False
2021_OLIC_74615_143,"No.05/2021-22,Dt.18.12.2021",KALIKO-IV-TW,KALIKO-IV-TW,Works,Open Tender,Percentage,Civil Works - Lift Irrigation Schemes,No,No,NA ,23-Dec-2021 05:00 PM,NA ,365.0,No ,No,Online,07-Jan-2022 11:00 AM,Orissa Lift Irrigation Corporation||LI BALASORE||LI Division Jaleswar,JALESWAR BALASORE ODISHA,756032.0,1.0,"15,21,301",BIDYUT LATA KAR,"173,857",Accepted-AOC,05-Sep-2022,Orissa Lift Irrigation Corporation||LI BALASORE||LI Division Jaleswar,C2_Irrigation,irrigation|lift irrigation|tw ,Unknown,False,False
2021_OLIC_74615_144,"No.05/2021-22,Dt.18.12.2021",SARISA-I-TW,SARISA-I-TW,Works,Open Tender,Percentage,Civil Works - Lift Irrigation Schemes,No,No,NA ,23-Dec-2021 05:00 PM,NA ,365.0,No ,No,Online,07-Jan-2022 11:00 AM,Orissa Lift Irrigation Corporation||LI BALASORE||LI Division Jaleswar,JALESWAR BALASORE ODISHA,756032.0,1.0,"14,64,346",BIDYUT LATA KAR,"1,640,067",Accepted-AOC,05-Sep-2022,Orissa Lift Irrigation Corporation||LI BALASORE||LI Division Jaleswar,C2_Irrigation,irrigation|lift irrigation|tw ,Unknown,False,False
2021_OLIC_74615_23,"No.05/2021-22,Dt.18.12.2021",RASALPUR-V-RL,RASALPUR-V-RL,Works,Open Tender,Percentage,Civil Works - Lift Irrigation Schemes,No,No,NA ,23-Dec-2021 05:00 PM,NA ,365.0,No ,No,Online,07-Jan-2022 11:00 AM,Orissa Lift Irrigation Corporation||LI BALASORE||LI Division Jaleswar,JALESWAR BALASORE ODISHA,756032.0,1.0,"16,25,240",NABIN KUMAR PAL,"1,692,850",Accepted-AOC,07-Sep-2022,Orissa Lift Irrigation Corporation||LI BALASORE||LI Division Jaleswar,C2_Irrigation,irrigation|lift irrigation,Unknown,False,False
2021_OLIC_74615_26,"No.05/2021-22,Dt.18.12.2021",BARABATIA-V-RL,BARABATIA-V-RL,Works,Open Tender,Percentage,Civil Works - Lift Irrigation Schemes,No,No,NA ,23-Dec-2021 05:00 PM,NA ,365.0,No ,No,Online,07-Jan-2022 11:00 AM,Orissa Lift Irrigation Corporation||LI BALASORE||LI Division Jaleswar,JALESWAR BALASORE ODISHA,756032.0,1.0,"16,61,556",NABIN KUMAR PAL,"1,730,677",Accepted-AOC,07-Sep-2022,Orissa Lift Irrigation Corporation||LI BALASORE||LI Division Jaleswar,C2_Irrigation,irrigation|lift irrigation,Unknown,False,False
2021_OLIC_74615_28,"No.05/2021-22,Dt.18.12.2021",KHALINA-IX-RL,KHALINA-IX-RL,Works,Open Tender,Percentage,Civil Works - Lift Irrigation Schemes,No,No,NA ,23-Dec-2021 05:00 PM,NA ,365.0,No ,No,Online,07-Jan-2022 11:00 AM,Orissa Lift Irrigation Corporation||LI BALASORE||LI Division Jaleswar,JALESWAR BALASORE ODISHA,756032.0,1.0,"18,85,162",DIBYA SUNDAR PARIDA,"2,111,170",Accepted-AOC,07-Sep-2022,Orissa Lift Irrigation Corporation||LI BALASORE||LI Division Jaleswar,C2_Irrigation,irrigation|lift irrigation,Unknown,False,False
2021_OLIC_74615_3,"No.05/2021-22,Dt.18.12.2021",KENDUKHUNTA-III-TW,KENDUKHUNTA-III-TW,Works,Open Tender,Percentage,Civil Works - Lift Irrigation Schemes,No,No,NA ,23-Dec-2021 05:00 PM,NA ,365.0,No ,No,Online,07-Jan-2022 11:00 AM,Orissa Lift Irrigation Corporation||LI BALASORE||LI Division Jaleswar,JALESWAR BALASORE ODISHA,756032.0,1.0,"15,74,646",RITA JENA,"1,763,604",Accepted-AOC,07-Sep-2022,Orissa Lift Irrigation Corporation||LI BALASORE||LI Division Jaleswar,C2_Irrigation,irrigation|lift irrigation|tw ,Unknown,False,False
2021_OLIC_74615_30,"No.05/2021-22,Dt.18.12.2021",PAIKAPADA-IV-TW,PAIKAPADA-IV-TW,Works,Open Tender,Percentage,Civil Works - Lift Irrigation Schemes,No,No,NA ,23-Dec-2021 05:00 PM,NA ,365.0,No ,No,Online,07-Jan-2022 11:00 AM,Orissa Lift Irrigation Corporation||LI BALASORE||LI Division Jaleswar,JALESWAR BALASORE ODISHA,756032.0,1.0,"17,28,858",AJAY KUMAR GIRI,"1,876,102",Accepted-AOC,07-Sep-2022,Orissa Lift Irrigation Corporation||LI BALASORE||LI Division Jaleswar,C2_Irrigation,irrigation|lift irrigation|tw ,Unknown,False,False
2021_OLIC_74615_32,"No.05/2021-22,Dt.18.12.2021",BRAHMANDA-IV-TW,BRAHMANDA-IV-TW,Works,Open Tender,Percentage,Civil Works - Lift Irrigation Schemes,No,No,NA ,23-Dec-2021 05:00 PM,NA ,365.0,No ,No,Online,07-Jan-2022 11:00 AM,Orissa Lift Irrigation Corporation||LI BALASORE||LI Division Jaleswar,JALESWAR BALASORE ODISHA,756032.0,1.0,"18,02,682",PRIYABRATA MOHAPATRA,"2,019,004",Accepted-AOC,07-Sep-2022,Orissa Lift Irrigation Corporation||LI BALASORE||LI Division Jaleswar,C2_Irrigation,irrigation|lift irrigation|tw ,Unknown,False,False
2021_OLIC_74615_35,"No.05/2021-22,Dt.18.12.2021",AKHUADI-I-TW,AKHUADI-I-TW,Works,Open Tender,Percentage,Civil Works - Lift Irrigation Schemes,No,No,NA ,23-Dec-2021 05:00 PM,NA ,365.0,No ,No,Online,07-Jan-2022 11:00 AM,Orissa Lift Irrigation Corporation||LI BALASORE||LI Division Jaleswar,JALESWAR BALASORE ODISHA,756032.0,1.0,"18,83,125",AJAY KUMAR GIRI,"2,062,489",Accepted-AOC,07-Sep-2022,Orissa Lift Irrigation Corporation||LI BALASORE||LI Division Jaleswar,C2_Irrigation,irrigation|lift irrigation|tw ,Unknown,False,False
2021_OLIC_74615_45,"No.05/2021-22,Dt.18.12.2021",NUAGAN-I-TW,NUAGAN-I-TW,Works,Open Tender,Percentage,Civil Works - Lift Irrigation Schemes,No,No,NA ,23-Dec-2021 05:00 PM,NA ,365.0,No ,No,Online,07-Jan-2022 11:00 AM,Orissa Lift Irrigation Corporation||LI BALASORE||LI Division Jaleswar,JALESWAR BALASORE ODISHA,756032.0,1.0,"18,43,376",AJAY KUMAR GIRI,"2,158,182",Accepted-AOC,07-Sep-2022,Orissa Lift Irrigation Corporation||LI BALASORE||LI Division Jaleswar,C2_Irrigation,irrigation|lift irrigation|tw ,Unknown,False,False
2021_OLIC_74615_48,"No.05/2021-22,Dt.18.12.2021",SAHADA-VIII-TW,SAHADA-VIII-TW,Works,Open Tender,Percentage,Civil Works - Lift Irrigation Schemes,No,No,NA ,23-Dec-2021 05:00 PM,NA ,365.0,No ,No,Online,07-Jan-2022 11:00 AM,Orissa Lift Irrigation Corporation||LI BALASORE||LI Division Jaleswar,JALESWAR BALASORE ODISHA,756032.0,1.0,"17,05,700",RAJESH KUMAR GHARAI,"1,910,384",Accepted-AOC,07-Sep-2022,Orissa Lift Irrigation Corporation||LI BALASORE||LI Division Jaleswar,C2_Irrigation,irrigation|lift irrigation|tw ,Unknown,False,False
2021_OLIC_74615_52,"No.05/2021-22,Dt.18.12.2021",CHASIPADA-III-TW,CHASIPADA-III-TW,Works,Open Tender,Percentage,Civil Works - Lift Irrigation Schemes,No,No,NA ,23-Dec-2021 05:00 PM,NA ,365.0,No ,No,Online,07-Jan-2022 11:00 AM,Orissa Lift Irrigation Corporation||LI BALASORE||LI Division Jaleswar,JALESWAR BALASORE ODISHA,756032.0,1.0,"18,63,775",KARTIKA CHANDRA PUSTI,"2,043,384",Accepted-AOC,07-Sep-2022,Orissa Lift Irrigation Corporation||LI BALASORE||LI Division Jaleswar,C2_Irrigation,irrigation|lift irrigation|tw ,Unknown,False,False
2021_OLIC_74615_54,"No.05/2021-22,Dt.18.12.2021",HADMUD-II-TW,HADMUD-II-TW,Works,Open Tender,Percentage,Civil Works - Lift Irrigation Schemes,No,No,NA ,23-Dec-2021 05:00 PM,NA ,365.0,No ,No,Online,07-Jan-2022 11:00 AM,Orissa Lift Irrigation Corporation||LI BALASORE||LI Division Jaleswar,JALESWAR BALASORE ODISHA,756032.0,1.0,"18,50,548",MS AYUSH ENGINEERING AND COMPANY,"2,072,614",Accepted-AOC,07-Sep-2022,Orissa Lift Irrigation Corporation||LI BALASORE||LI Division Jaleswar,C2_Irrigation,irrigation|lift irrigation|tw ,Unknown,False,False
2021_OLIC_74615_57,"No.05/2021-22,Dt.18.12.2021",BHITARBRAHMOTTAR-VI-TW,BHITARBRAHMOTTAR-VI-TW,Works,Open Tender,Percentage,Civil Works - Lift Irrigation Schemes,No,No,NA ,23-Dec-2021 05:00 PM,NA ,365.0,No ,No,Online,07-Jan-2022 11:00 AM,Orissa Lift Irrigation Corporation||LI BALASORE||LI Division Jaleswar,JALESWAR BALASORE ODISHA,756032.0,1.0,"17,40,885",MS AYUSH ENGINEERING AND COMPANY,"1,949,791",Accepted-AOC,07-Sep-2022,Orissa Lift Irrigation Corporation||LI BALASORE||LI Division Jaleswar,C2_Irrigation,irrigation|lift irrigation|tw ,Unknown,False,False
2021_OLIC_74615_58,"No.05/2021-22,Dt.18.12.2021",BHITARBRAHMOTTAR-V-TW,BHITARBRAHMOTTAR-V-TW,Works,Open Tender,Percentage,Civil Works - Lift Irrigation Schemes,No,No,NA ,23-Dec-2021 05:00 PM,NA ,365.0,No ,No,Online,07-Jan-2022 11:00 AM,Orissa Lift Irrigation Corporation||LI BALASORE||LI Division Jaleswar,JALESWAR BALASORE ODISHA,756032.0,1.0,"18,74,769",MS AYUSH ENGINEERING AND COMPANY,"2,099,741",Accepted-AOC,07-Sep-2022,Orissa Lift Irrigation Corporation||LI BALASORE||LI Division Jaleswar,C2_Irrigation,irrigation|lift irrigation|tw ,Unknown,False,False
2021_OLIC_74615_62,"No.05/2021-22,Dt.18.12.2021",DARADA-IX-TW,DARADA-IX-TW,Works,Open Tender,Percentage,Civil Works - Lift Irrigation Schemes,No,No,NA ,23-Dec-2021 05:00 PM,NA ,365.0,No ,No,Online,07-Jan-2022 11:00 AM,Orissa Lift Irrigation Corporation||LI BALASORE||LI Division Jaleswar,JALESWAR BALASORE ODISHA,756032.0,1.0,"16,84,646",PRIYABRATA MOHAPATRA,"1,886,804",Accepted-AOC,07-Sep-2022,Orissa Lift Irrigation Corporation||LI BALASORE||LI Division Jaleswar,C2_Irrigation,irrigation|lift irrigation|tw ,Unknown,False,False
2021_OLIC_74615_69,"No.05/2021-22,Dt.18.12.2021",DARADA-XI-TW,DARADA-XI-TW,Works,Open Tender,Percentage,Civil Works - Lift Irrigation Schemes,No,No,NA ,23-Dec-2021 05:00 PM,NA ,365.0,No ,No,Online,07-Jan-2022 11:00 AM,Orissa Lift Irrigation Corporation||LI BALASORE||LI Division Jaleswar,JALESWAR BALASORE ODISHA,756032.0,1.0,"17,90,436",PRIYABRATA MOHAPATRA,"2,005,288",Accepted-AOC,07-Sep-2022,Orissa Lift Irrigation Corporation||LI BALASORE||LI Division Jaleswar,C2_Irrigation,irrigation|lift irrigation|tw ,Unknown,False,False
2021_OLIC_74615_71,"No.05/2021-22,Dt.18.12.2021",GHOLEI-III-TW,GHOLEI-III-TW,Works,Open Tender,Percentage,Civil Works - Lift Irrigation Schemes,No,No,NA ,23-Dec-2021 05:00 PM,NA ,365.0,No ,No,Online,07-Jan-2022 11:00 AM,Orissa Lift Irrigation Corporation||LI BALASORE||LI Division Jaleswar,JALESWAR BALASORE ODISHA,756032.0,1.0,"16,77,261",AMALENDU NAYAK,"1,833,260",Accepted-AOC,06-Sep-2022,Orissa Lift Irrigation Corporation||LI BALASORE||LI Division Jaleswar,C2_Irrigation,irrigation|lift irrigation|tw ,Unknown,False,False
2021_OLIC_74615_87,"No.05/2021-22,Dt.18.12.2021",PRAHARAJPUR-III-TW,PRAHARAJPUR-III-TW,Works,Open Tender,Percentage,Civil Works - Lift Irrigation Schemes,No,No,NA ,23-Dec-2021 05:00 PM,NA ,365.0,No ,No,Online,07-Jan-2022 11:00 AM,Orissa Lift Irrigation Corporation||LI BALASORE||LI Division Jaleswar,JALESWAR BALASORE ODISHA,756032.0,1.0,"21,57,532",PRAKASH RANJAN BHADRA,"2,416,436",Accepted-AOC,06-Sep-2022,Orissa Lift Irrigation Corporation||LI BALASORE||LI Division Jaleswar,C2_Irrigation,irrigation|lift irrigation|tw ,Unknown,False,False
2021_OLIC_74615_88,"No.05/2021-22,Dt.18.12.2021",GADASAHIBALIAPAL-II-TW,GADASAHIBALIAPAL-II-TW,Works,Open Tender,Percentage,Civil Works - Lift Irrigation Schemes,No,No,NA ,23-Dec-2021 05:00 PM,NA ,365.0,No ,No,Online,07-Jan-2022 11:00 AM,Orissa Lift Irrigation Corporation||LI BALASORE||LI Division Jaleswar,JALESWAR BALASORE ODISHA,756032.0,1.0,"22,38,521",PRAKASH RANJAN BHADRA,"2,507,143",Accepted-AOC,06-Sep-2022,Orissa Lift Irrigation Corporation||LI BALASORE||LI Division Jaleswar,C2_Irrigation,irrigation|lift irrigation|tw ,Unknown,False,False
2021_OLIC_74615_97,"No.05/2021-22,Dt.18.12.2021",GHANTIADI-IV-TW,GHANTIADI-IV-TW,Works,Open Tender,Percentage,Civil Works - Lift Irrigation Schemes,No,No,NA ,23-Dec-2021 05:00 PM,NA ,365.0,No ,No,Online,07-Jan-2022 11:00 AM,Orissa Lift Irrigation Corporation||LI BALASORE||LI Division Jaleswar,JALESWAR BALASORE ODISHA,756032.0,1.0,"22,22,338",MS PRADIP KUMAR JENA,"2,489,019",Accepted-AOC,06-Sep-2022,Orissa Lift Irrigation Corporation||LI BALASORE||LI Division Jaleswar,C2_Irrigation,irrigation|lift irrigation|tw ,Unknown,False,False
2021_OLIC_74615_98,"No.05/2021-22,Dt.18.12.2021",DEVKUMAR-II-TW,DEVKUMAR-II-TW,Works,Open Tender,Percentage,Civil Works - Lift Irrigation Schemes,No,No,NA ,23-Dec-2021 05:00 PM,NA ,365.0,No ,No,Online,07-Jan-2022 11:00 AM,Orissa Lift Irrigation Corporation||LI BALASORE||LI Division Jaleswar,JALESWAR BALASORE ODISHA,756032.0,1.0,"20,78,996",MS PRADIP KUMAR JENA,"2,328,476",Accepted-AOC,06-Sep-2022,Orissa Lift Irrigation Corporation||LI BALASORE||LI Division Jaleswar,C2_Irrigation,irrigation|lift irrigation|tw ,Unknown,False,False
2021_PHEO_67611_1,EEPHBBSR-52/2020-21 DTD.25.03.2021,"Provision for procurement, installation and commissioning of D.G. set at WTP Salia Dam, Banapur","Provision for procurement, installation and commissioning of D.G. set at WTP Salia Dam, Banapur",Works,National Competitive Bid,Percentage,Civil Works - Water Works,No,No,NA ,06-Apr-2021 11:00 AM,NA ,120.0,No ,No,Online,23-Apr-2021 12:30 PM,PHEO||SEPH-CIRCLE-BBSR||EE P.H. Division Bhubaneswar,Banapur,752031.0,2.0,,FORTUNE IMPEX,"4,567,162",Accepted-AOC,12-Sep-2022,PHEO||SEPH-CIRCLE-BBSR||EE P.H. Division Bhubaneswar,C8_Scheme,omm,Mitigation,False,False
2021_WATCO_71708_1,WATCO (W)-15/ 2021-22 Dt.05.10.2021,"Improvement of Water Supply to provide safe and clean drinking water conforming to Drink from Tap Quality to Karanjia, Udala, Rairangpur, Baripada, Rourkela, Sundergarh, Biramitrapur and Rajgangpur on EPC Contract (Package-II)","Improvement of Water Supply to provide safe and clean drinking water conforming to Drink from Tap Quality to Karanjia, Udala, Rairangpur, Baripada, Rourkela, Sundergarh, Biramitrapur and Rajgangpur on EPC Contract (Package-II)",Works,National Competitive Bid,Item Rate,Civil Works - Water Works,No,No,NA ,22-Oct-2021 11:00 AM,NA ,120.0,No ,No,Online,10-Nov-2021 11:00 AM,WATCO Bhubaneswar,"Karanjia, Udala, Rairangpur, Baripada, Rourkela",758001.0,2.0,"3,07,41,00,000","MSV International Inc., USA","52,082,120",Accepted-AOC,12-Sep-2022,WATCO Bhubaneswar,C1_WaterConservation,mit,Mitigation,False,False
2022_CEBBU_77535_1,SESID-02(04)/2022-23,CANAL WORKS,Construction of guard wall with bed lining in between RD 986m to RD 2615m of Rengalbeda Distributary of G.I.P. for the year 2022-23.,Works,Open Tender,Percentage,Civil Works - Others,No,No,NA ,10-May-2022 11:00 AM,NA ,90.0,No ,No,Online,21-May-2022 11:00 AM,"CE-BM,UM Basin,Burla||SE,Hirakud Dam Circle,Burla||EE Sambalpur Irrigation Division Sambalpur",DEOGARH,768018.0,1.0,"10,05,474",ABINASH SWAIN,"854,754",Accepted-AOC,06-Sep-2022,"CE-BM,UM Basin,Burla||SE,Hirakud Dam Circle,Burla||EE Sambalpur Irrigation Division Sambalpur",C2_Irrigation,distributary|irrigation,Mitigation,False,False
2022_CEBBU_77538_1,SESID-02(07)/2022-23,CANAL WORKS,Construction of guard wall from RD 6545m to RD 6625m and foot bridge at RD 7355m of Bijaberni Distry. of G.I.P. for the year 2022-23.,Works,Open Tender,Percentage,Civil Works - Others,No,No,NA ,10-May-2022 11:00 AM,NA ,90.0,No ,No,Online,21-May-2022 11:00 AM,"CE-BM,UM Basin,Burla||SE,Hirakud Dam Circle,Burla||EE Sambalpur Irrigation Division Sambalpur",DEOGARH,768018.0,1.0,"13,25,516",ANIL KUMAR SAHU,"1,126,821",Accepted-AOC,06-Sep-2022,"CE-BM,UM Basin,Burla||SE,Hirakud Dam Circle,Burla||EE Sambalpur Irrigation Division Sambalpur",C2_Irrigation,irrigation,Mitigation,False,False
2022_CEEBO_76064_1,"05/2021-22 of CCE,LSP,Balangir",Execution of Pressurized UGPL Irrigation Network system for Right command of Lower Suktel Irrigation Project with Distribution network up to 1 Ha sub-chak compatible with micro irrigation having total planned CCA of 27000 Ha on EPC mode of contract,Execution of Pressurized UGPL Irrigation Network system for Right command of Lower Suktel Irrigation Project with Distribution network up to 1 Ha sub-chak compatible with micro irrigation having total planned CCA of 27000 Ha on EPC mode of contract,Works,Open Tender,Turn-key,Civil Works - Water Works,No,No,NA ,04-Apr-2022 10:00 AM,19-Apr-2022 11:00 AM ,180.0,No ,No,Online,19-May-2022 11:00 AM,"CCE, L Suktel Irr.Project,Bolangir||CCE,L Sukhtel,Bolangir",BALANGIR,767002.0,2.0,,LARSEN AND TOUBRO LIMITED,"10,069,200,000",Accepted-AOC,15-Sep-2022,"CCE, L Suktel Irr.Project,Bolangir||CCE,L Sukhtel,Bolangir",C2_Irrigation|C8_Scheme,irrigation|micro irrigation|omm,Unknown,False,False
2022_CEMIB_76792_5,"EE,MID,DGR /05 / 2021-22",Improvement to Tusula MIP in Barkote Block of Deogarh Dist under Critical Grant for the year 2022-23.,Improvement to Tusula MIP in Barkote Block of Deogarh Dist under Critical Grant for the year 2022-23.,Works,Open Tender,Item Rate,Civil Works - Others,No,No,NA ,08-Apr-2022 10:00 AM,NA ,90.0,No ,No,Online,26-Apr-2022 11:00 AM,"CE,Minor Irrigation,BBSR||SENMIC-SAMBALPUR||EE M.I. Division Jharsuguda",DEOGARH,768119.0,1.0,"16,59,264",BISESWAR DWIBEDY,"1,410,541",Accepted-AOC,15-Sep-2022,"CE,Minor Irrigation,BBSR||SENMIC-SAMBALPUR||EE M.I. Division Jharsuguda",C1_WaterConservation|C2_Irrigation,irrigation|minor irrigation|mip,Mitigation,False,False
2022_CERWI_78371_1,01 2022-23,SR to Salipur Chhatia PWD road Dharmagatpur road for the year 2022 23,SR to Salipur Chhatia PWD road Dharmagatpur road for the year 2022 23,Works,Open Tender,Percentage,Civil Works - Roads,No,No,NA ,08-Jun-2022 06:55 PM,NA ,90.0,No ,No,Online,21-Jun-2022 11:00 AM,CE RW I||RWCIRCLE-CUTTACK||RWDIVISION-CUTTACK,"O/O THE S.E., R.W.DIVISION, CUTTACK",753004.0,1.0,"10,61,005",ABHAY CHARAN SETHI,"901,960",Accepted-AOC,07-Sep-2022,CE RW I||RWCIRCLE-CUTTACK||RWDIVISION-CUTTACK,C2_Irrigation,lip,Unknown,False,False
2022_CERWI_78389_1,ONLINE-BGH-02,S/R to Hirlipali Chhak to Tangarpali road for the year 2022-23.,S/R to Hirlipali Chhak to Tangarpali road for the year 2022-23.,Works,Open Tender,Percentage,Miscellaneous Works,No,No,NA ,10-Jun-2022 11:00 AM,NA ,90.0,No ,No,Online,20-Jun-2022 11:00 AM,CE RW I||RWCIRCLE-SAMBALPUR||RWDIVISION-BARGARH,Bargarh,768028.0,1.0,"12,49,309",DEBASIS NANDA,"1,062,038",Accepted-AOC,14-Sep-2022,CE RW I||RWCIRCLE-SAMBALPUR||RWDIVISION-BARGARH,C2_Irrigation,lip,DamageResponse,False,False
2022_CERWI_79732_1,01 of 2022-23,S/R to Sripura Bridge approach road for the year 2022-23,S/R to Sripura Bridge approach road for the year 2022-23,Works,Open Tender,Percentage,Miscellaneous Works,No,No,NA ,13-Jul-2022 05:00 PM,NA ,90.0,No ,No,Online,25-Jul-2022 11:00 AM,CE RW I||RW-CIRCLE-SUNDARGARH||RW-Division-Jharsuguda,Jharsuguda,768204.0,1.0,"15,90,914",MAHESH AGRAWAL,"1,352,436",Accepted-AOC,19-Sep-2022,CE RW I||RW-CIRCLE-SUNDARGARH||RW-Division-Jharsuguda,C5_ClimateSmartFarming,sri,DamageResponse,False,False
2022_IDCL_79501_1,IDCOL/E-PROC/MIN/1688/2022 dated 30.06.2022,"Preparation, Submission and obtaining approval of Final Mine Closure Plan (FMCP) for total area of 65.683 ha. of Talangi Chromite Mines of the Industrial Development Corporation of Odisha Limited(IDCOL) in the district of Jajpur, Odisha","Preparation, Submission and obtaining approval of Final Mine Closure Plan (FMCP) for total area of 65.683 ha. of Talangi Chromite Mines of the Industrial Development Corporation of Odisha Limited(IDCOL) in the district of Jajpur, Odisha",Services,Open Tender,Item Rate,Miscellaneous Services,No,No,NA ,05-Jul-2022 11:00 AM,NA ,90.0,No ,No,Online,19-Jul-2022 05:30 PM,Industrial Development Corporation of Odisha Limited,Talangi Chromite Mines Jajpur Road of IDCOL,755028.0,2.0,,CRACKERS INDIA MINING PVT LTD,"655,844",Accepted-AOC,02-Sep-2022,Industrial Development Corporation of Odisha Limited,C1_WaterConservation,mit,Mitigation,False,False
2022_OCTDM_76102_13,OIIPCRA-W2-1/2022,Mahadevbandha MIP inAska block package ID GAM-79 in Ganjam District,Construction of Civil CAD-WM Works of Mahadevbandha Minor Irrigation Project Package ID GAM-79 in Ganjam District,Works,National Competitive Bid,Item Rate,Civil Works - Others,No,No,NA ,07-Mar-2022 10:00 AM,22-Mar-2022 11:30 AM ,90.0,No ,No,Both(Online/Offline),07-Apr-2022 03:30 PM,Orissa Community Tank Development and Management Society,Aska,761110.0,2.0,,Girish Kumar Tripathy,"6,400,436",Accepted-AOC,19-Sep-2022,Orissa Community Tank Development and Management Society,C2_Irrigation|C8_Scheme,irrigation|minor irrigation|omm,Mitigation,False,False
2022_OCTDM_76102_14,OIIPCRA-W2-1/2022,Badaghai Jogimari MIP in Bhanjanagar block package ID GAM-80 in Ganjam District,Construction of Civil Works of Badaghai Jogimari Minor Irrigation Project Package ID GAM-80 in Ganjam District,Works,National Competitive Bid,Item Rate,Civil Works - Others,No,No,NA ,07-Mar-2022 10:00 AM,22-Mar-2022 11:30 AM ,90.0,No ,No,Both(Online/Offline),07-Apr-2022 03:30 PM,Orissa Community Tank Development and Management Society,Bhanjanagar,761126.0,2.0,,Lambodar Samantra,"3,319,151",Accepted-AOC,20-Sep-2022,Orissa Community Tank Development and Management Society,C2_Irrigation|C8_Scheme,irrigation|minor irrigation|omm,Mitigation,False,False
2022_OCTDM_76102_21,OIIPCRA-W2-1/2022,Samarbandha MIP in JNPrasad Block Package ID GAM-87 in Ganjam District,Construction of Civil Works of Samarbandha Minor Irrigation Project Package ID GAM-87 in Ganjam District,Works,National Competitive Bid,Item Rate,Civil Works - Others,No,No,NA ,07-Mar-2022 10:00 AM,22-Mar-2022 11:30 AM ,90.0,No ,No,Both(Online/Offline),07-Apr-2022 03:30 PM,Orissa Community Tank Development and Management Society,JNPrasad,761121.0,2.0,,Prakash Chandra Sahu,"5,714,398",Accepted-AOC,20-Sep-2022,Orissa Community Tank Development and Management Society,C2_Irrigation|C8_Scheme,irrigation|minor irrigation|omm,Mitigation,False,False
2022_OCTDM_76102_24,OIIPCRA-W2-1/2022,Banaghai Kunjaban MIP in Buguda Block Package ID GAM-90 in Ganjam District,Construction of Civil Works of Banaghai Kunjaban Minor Irrigation Project Package ID GAM-90 in Ganjam District,Works,National Competitive Bid,Item Rate,Civil Works - Others,No,No,NA ,07-Mar-2022 10:00 AM,22-Mar-2022 11:30 AM ,90.0,No ,No,Both(Online/Offline),07-Apr-2022 03:30 PM,Orissa Community Tank Development and Management Society,Buguda,761118.0,2.0,,Girish Kumar Tripathy,"1,137,991",Accepted-AOC,20-Sep-2022,Orissa Community Tank Development and Management Society,C2_Irrigation|C8_Scheme,irrigation|minor irrigation|omm,Mitigation,False,False
2022_OCTDM_76102_27,OIIPCRA-W2-1/2022,Bagadghai Bananai MIP in Purushottampur Block Package ID GAM-93 in Ganjam District,Construction of Civil CADWM Works of Bagadghai Banana iMinor Irrigation Project Package ID GAM-93 in Ganjam District,Works,National Competitive Bid,Item Rate,Civil Works - Roads,No,No,NA ,07-Mar-2022 10:00 AM,22-Mar-2022 11:30 AM ,90.0,No ,No,Both(Online/Offline),07-Apr-2022 03:30 PM,Orissa Community Tank Development and Management Society,Purushottampur,761018.0,2.0,,G.Gopal Rao Dora,"12,976,699",Accepted-AOC,20-Sep-2022,Orissa Community Tank Development and Management Society,C2_Irrigation|C8_Scheme,irrigation|minor irrigation|omm,Mitigation,False,False
2022_OCTDM_76102_29,OIIPCRA-W2-1/2022,Gramabandha MIP at SRatanpalli MIP in Purushottampur block Package ID GAM-95 in Ganjam District,Construction of Civil CAD-WM Works of Gramabandha MIP at SRatanpalli Minor Irrigation Project Package ID GAM-95 in Ganjam District,Works,National Competitive Bid,Item Rate,Civil Works - Others,No,No,NA ,07-Mar-2022 10:00 AM,22-Mar-2022 11:30 AM ,90.0,No ,No,Both(Online/Offline),07-Apr-2022 03:30 PM,Orissa Community Tank Development and Management Society,Purushottampur,761108.0,2.0,,Prakash Chandra Sahu,"7,475,663.23",Accepted-AOC,20-Sep-2022,Orissa Community Tank Development and Management Society,C1_WaterConservation|C2_Irrigation|C8_Scheme,irrigation|minor irrigation|mip|omm,Mitigation,False,False
2022_OCTDM_76102_3,OIIPCRA-W2-1/2022,Bananalla Sorisballi MIP package ID GAM-58 in Ganjam District,Construction of Civil CADWM Works of Bananalla Sorisballi Minor Irrigation Project Package ID GAM-58 in Ganjam District,Works,National Competitive Bid,Item Rate,Civil Works - Others,No,No,NA ,07-Mar-2022 10:00 AM,22-Mar-2022 11:30 AM ,90.0,No ,No,Both(Online/Offline),07-Apr-2022 03:30 PM,Orissa Community Tank Development and Management Society,Soroda,761108.0,2.0,,Surendranath Gouda,"9,026,926.24",Accepted-AOC,13-Sep-2022,Orissa Community Tank Development and Management Society,C2_Irrigation|C8_Scheme,irrigation|minor irrigation|omm,Mitigation,False,False
2022_OCTDM_76102_30,OIIPCRA-W2-1/2022,Pattapokhari/Etapokhari MIP in Purushottampur block Package ID GAM-96 in Ganjam District,Construction of Civil CAD-WM Works of Pattapokhari/Etapokhari Minor Irrigation Project Package ID GAM-96 in Ganjam District,Works,National Competitive Bid,Item Rate,Civil Works - Others,No,No,NA ,07-Mar-2022 09:00 AM,22-Mar-2022 11:30 AM ,90.0,No ,No,Both(Online/Offline),07-Apr-2022 03:30 PM,Orissa Community Tank Development and Management Society,Purushottampur,761108.0,2.0,,Prakash Chandra Sahu,"12,779,953",Accepted-AOC,20-Sep-2022,Orissa Community Tank Development and Management Society,C2_Irrigation|C8_Scheme,irrigation|minor irrigation|omm,Mitigation,False,False
2022_OCTDM_76102_42,OIIPCRA-W2-1/2022,Bangeibandha MIP in Sheragada block Package ID GAM-108 in Ganjam District,Construction of Civil Works of Bangeibandha Minor Irrigation Project Package ID GAM-108 in Ganjam District,Works,National Competitive Bid,Item Rate,Civil Works - Others,No,No,NA ,07-Mar-2022 10:00 AM,22-Mar-2022 11:30 AM ,90.0,No ,No,Both(Online/Offline),07-Apr-2022 03:30 PM,Orissa Community Tank Development and Management Society,Sheragada,761106.0,2.0,,Surendranath Gouda,"3,151,899",Accepted-AOC,21-Sep-2022,Orissa Community Tank Development and Management Society,C2_Irrigation|C8_Scheme,irrigation|minor irrigation|omm,Mitigation,False,False
2022_OCTDM_76272_6,GCF-W2-1/2022,NPD-1 Nuapada District Installation of 2466 Nos Recharge wells in 537 Nos of Tanks,Installation of Recharge wells in 537 Nos of Tanks in Nuapada District-NPD-1,Works,National Competitive Bid,Item Rate,Civil Works - Others,No,No,NA ,11-Mar-2022 10:00 AM,24-Mar-2022 11:30 AM ,90.0,No ,No,Both(Online/Offline),11-Apr-2022 03:30 PM,Orissa Community Tank Development and Management Society,Nuapada,766105.0,2.0,,Haresh Kumar Agrawal,"54,742,657",Accepted-AOC,22-Sep-2022,Orissa Community Tank Development and Management Society,C1_WaterConservation|C8_Scheme,omm|recharge,Mitigation,False,False
2022_OLIC_78930_4,01/2022-23(1),Installation and energisation of Khudi - VII L.I.Project under Semiliguda Block of Koraput District,Installation and energisation of Khudi - VII L.I.Project under Semiliguda Block of Koraput District,Works,Open Tender,Percentage,Civil Works - Lift Irrigation Schemes,No,No,NA ,28-Jun-2022 10:00 AM,NA ,270.0,No ,No,Online,11-Jul-2022 11:00 AM,Orissa Lift Irrigation Corporation||LI KORAPUT||LI Division Koraput,Koraput,764020.0,1.0,"17,91,500",CHANDAN NAYAK,"1,983,344",Accepted-AOC,28-Sep-2022,Orissa Lift Irrigation Corporation||LI KORAPUT||LI Division Koraput,C2_Irrigation,irrigation|l.i.|lift irrigation,Mitigation,False,False
2022_ORULB_79787_11,BBLM-2/2022-23,Construction of Community centre at Sedding basti in ward No.3,Construction of Community centre at Sedding basti in ward No.3,Works,Open Tender,Percentage,Civil Works - Others,No,No,NA ,20-Jul-2022 10:00 AM,NA ,30.0,No ,No,Online,04-Aug-2022 11:00 AM,Municipal Bodies||Barbil Municipality,Barbil,758035.0,2.0,"4,99,500",AJAYA KUMAR ROUT,"508,202.81",Accepted-AOC,22-Sep-2022,Municipal Bodies||Barbil Municipality,C8_Scheme,omm,Mitigation,False,False
2022_ORULB_79787_17,BBLM-2/2022-23,"Construction of Road from Bapi Babu house to Mamata Sahu house, Sriram Nagar, Ward No.4","Construction of Road from Bapi Babu house to Mamata Sahu house, Sriram Nagar, Ward No.4",Works,Open Tender,Percentage,Civil Works - Roads,No,No,NA ,20-Jul-2022 10:00 AM,NA ,30.0,No ,No,Online,04-Aug-2022 11:00 AM,Municipal Bodies||Barbil Municipality,Barbil,758035.0,2.0,"2,15,200",SARAT CHANDRA BARIK,"215,180",Accepted-AOC,22-Sep-2022,Municipal Bodies||Barbil Municipality,C5_ClimateSmartFarming,sri,Mitigation,False,False
2022_ORULB_79787_18,BBLM-2/2022-23,"Construction of Road from Biranchi Patra house to Rajindar Kaur house, Sriram Nagar, Ward No.4","Construction of Road from Biranchi Patra house to Rajindar Kaur house, Sriram Nagar, Ward No.4",Works,Open Tender,Percentage,Civil Works - Roads,No,No,NA ,20-Jul-2022 10:00 AM,NA ,30.0,No ,No,Online,04-Aug-2022 11:00 AM,Municipal Bodies||Barbil Municipality,Barbil,758035.0,2.0,"4,97,000",GOBINDA CHANDRA MALLICK,"509,798.22",Accepted-AOC,22-Sep-2022,Municipal Bodies||Barbil Municipality,C5_ClimateSmartFarming,sri,Mitigation,False,False
2022_ORULB_79787_19,BBLM-2/2022-23,"Construction of Road from Hrudananda Mahanta house to Jagadamba house, Sriram Nagar, Ward No.4","Construction of Road from Hrudananda Mahanta house to Jagadamba house, Sriram Nagar, Ward No.4",Works,Open Tender,Percentage,Civil Works - Roads,No,No,NA ,20-Jul-2022 10:00 AM,NA ,30.0,No ,No,Online,04-Aug-2022 11:00 AM,Municipal Bodies||Barbil Municipality,Barbil,758035.0,2.0,"5,00,000",SARAT CHANDRA BARIK,"499,871.77",Accepted-AOC,22-Sep-2022,Municipal Bodies||Barbil Municipality,C5_ClimateSmartFarming,sri,Mitigation,False,False
2022_ORULB_79787_20,BBLM-2/2022-23,"Construction of Road from Kranti house to Kundan house, Sriram Nagar, Ward No.4","Construction of Road from Kranti house to Kundan house, Sriram Nagar, Ward No.4",Works,Open Tender,Percentage,Civil Works - Roads,No,No,NA ,20-Jul-2022 10:00 AM,NA ,30.0,No ,No,Online,04-Aug-2022 11:00 AM,Municipal Bodies||Barbil Municipality,Barbil,758035.0,2.0,"5,00,000",GOBINDA CHANDRA MALLICK,"513,293.68",Accepted-AOC,22-Sep-2022,Municipal Bodies||Barbil Municipality,C5_ClimateSmartFarming,sri,Mitigation,False,False
2022_ORULB_79787_22,BBLM-2/2022-23,"Construction of Road from Ratha Karua house to Yushuf Khan house, Sriram Nagar, Ward No.4","Construction of Road from Ratha Karua house to Yushuf Khan house, Sriram Nagar, Ward No.4",Works,Open Tender,Percentage,Civil Works - Roads,No,No,NA ,20-Jul-2022 10:00 AM,NA ,30.0,No ,No,Online,04-Aug-2022 11:00 AM,Municipal Bodies||Barbil Municipality,Barbil,758035.0,2.0,"5,00,000",BIKRAM KUMAR MOHANTY,"490,932.85",Accepted-AOC,15-Sep-2022,Municipal Bodies||Barbil Municipality,C5_ClimateSmartFarming,sri,Mitigation,False,False
2022_ORULB_79787_28,BBLM-2/2022-23,"Construction of drain from Sri Sudhir Mahanta house to existing drain, Santabahal, Ward No.8","Construction of drain from Sri Sudhir Mahanta house to existing drain, Santabahal, Ward No.8",Works,Open Tender,Percentage,Civil Works - Others,No,No,NA ,20-Jul-2022 10:00 AM,NA ,30.0,No ,No,Online,04-Aug-2022 11:00 AM,Municipal Bodies||Barbil Municipality,Barbil,758035.0,2.0,"4,87,000",RAJAT KUMAR DAS,"495,515.22",Accepted-AOC,08-Sep-2022,Municipal Bodies||Barbil Municipality,C5_ClimateSmartFarming,sri,Mitigation,False,False
2018_KPRIP_43853_4,EE KRC AND BD-09/2017-18,Construction of Road and CD work for Cluster No. 3 at Mundasahi of Balabhadrapur for the DPs of village Dhobakuchuda of KIP,Construction of Road and CD work for Cluster No. 3 at Mundasahi of Balabhadrapur for the DPs of village Dhobakuchuda of KIP,Works,Open Tender,Percentage,Civil Works - Roads,No,No,NA ,26-Jan-2018 06:00 PM,NA ,90.0,No ,No,Online,09-Feb-2018 11:00 AM,Kanupur Irrigation Project||CCE-Kanupur||Kanupur R C AND B,Basudevpur,758047.0,1.0,"8,55,000",DAMODAR BEHERA,"726,456",Accepted-AOC,23-Jun-2021,Kanupur Irrigation Project||CCE-Kanupur||Kanupur R C AND B,C2_Irrigation,irrigation,Mitigation,False,False
2020_IDCO_60510_1,PC/EST/E-63/2019-20,"Supplay,Installation,Testing and Commissioning of 250-KVA,415V,50Hz, Radiator Cooled Silent DG sets of Administrative Building at Paradeep Plastic Park,Paradeep","Supplay,Installation,Testing and Commissioning of 250-KVA,415V,50Hz, Radiator Cooled Silent DG sets of Administrative Building at Paradeep Plastic Park,Paradeep",Works,National Competitive Bid,Percentage,Electrical Works,No,No,NA ,06-Mar-2020 06:00 PM,NA ,120.0,No ,No,Online,21-Mar-2020 11:30 AM,IDCO||IDCO,Paradeep,751022.0,2.0,"22,78,935",ABC CONSTRUCTIONS,"1,937,322.64",Accepted-AOC,30-Jun-2021,IDCO||IDCO,C8_Scheme,omm,Mitigation,False,False
2020_OLIC_63050_31,05-2020-21 OLIC (BAM),Agastinuagam-III and IV T/W,Installation and Energisation of L.I. Projects,Works,Open Tender,Percentage,Civil Works - Lift Irrigation Schemes,No,No,NA ,05-Oct-2020 11:00 AM,NA ,180.0,No ,No,Online,15-Oct-2020 12:00 PM,Orissa Lift Irrigation Corporation||LI Southern Circle Berhampur||LI Division Berhampur,Agastinuagam under Chatrapur Block,760006.0,1.0,"21,56,000",M/S SHREE ASSOCIATES,"2,112,862.67",Accepted-AOC,18-Jun-2021,Orissa Lift Irrigation Corporation||LI Southern Circle Berhampur||LI Division Berhampur,C2_Irrigation,irrigation|l.i.|l.i. project|lift irrigation,Mitigation,False,False
2020_OLIC_63092_1,EEOLICSNG-03/20-21,"Installation and energisation of SARAFGARH-II L.I.Project under LEFRIPADA Block under L.I.Division,Sundargarh",Lift Irrigation Work,Works,Open Tender,Percentage,Civil Works - Lift Irrigation Schemes,No,No,NA ,08-Oct-2020 10:30 AM,NA ,90.0,No ,No,Online,19-Oct-2020 11:00 AM,Orissa Lift Irrigation Corporation||LI Northern Circle Sambalpur||LI Division Sundargarh,Sundargarh,770001.0,1.0,"24,28,781",MANOJ KUMAR NAIK,"2,312,471",Accepted-AOC,07-Jun-2021,Orissa Lift Irrigation Corporation||LI Northern Circle Sambalpur||LI Division Sundargarh,C2_Irrigation,irrigation|lift irrigation,Unknown,False,False
2020_OLIC_63393_37,EEOLICSBP-05/2020-21,Revival of Kolabira RL Project under Kolabira Block in Jharsuguda District,Revival of Kolabira RL Project under Kolabira Block in Sambalpur District,Works,Open Tender,Percentage,Civil Works - Lift Irrigation Schemes,No,No,NA ,20-Oct-2020 10:00 AM,NA ,90.0,No ,No,Online,04-Nov-2020 10:00 AM,Orissa Lift Irrigation Corporation||LI Northern Circle Sambalpur||LI Division Sambalpur,Kolabira,768213.0,1.0,"9,60,676",PABITRA MOHAN DAS,"816,670.77",Accepted-AOC,02-Jun-2021,Orissa Lift Irrigation Corporation||LI Northern Circle Sambalpur||LI Division Sambalpur,C2_Irrigation|C3_Drought,irrigation|lift irrigation|revival,Unknown,False,False
2020_OLIC_63393_38,EEOLICSBP-05/2020-21,Revival of Kanakkumar RL Project under Laikera Block in Jharsuguda District,Revival of Kanakkumar RL Project under Laikera Block in Sambalpur District,Works,Open Tender,Percentage,Civil Works - Lift Irrigation Schemes,No,No,NA ,20-Oct-2020 10:00 AM,NA ,90.0,No ,No,Online,04-Nov-2020 10:00 AM,Orissa Lift Irrigation Corporation||LI Northern Circle Sambalpur||LI Division Sambalpur,Laikera,768215.0,1.0,"14,36,819",PABITRA MOHAN DAS,"1,221,439.85",Accepted-AOC,02-Jun-2021,Orissa Lift Irrigation Corporation||LI Northern Circle Sambalpur||LI Division Sambalpur,C2_Irrigation|C3_Drought,irrigation|lift irrigation|revival,Unknown,False,False
2020_OLIC_63393_43,EEOLICSBP-05/2020-21,Revival of Kuradposi-I RL Project under Reamal Block in Deogarh District,Revival of Kuradposi-I RL Project under Reamal Block in Deogarh District,Works,Open Tender,Percentage,Civil Works - Lift Irrigation Schemes,No,No,NA ,20-Oct-2020 10:00 AM,NA ,90.0,No ,No,Online,04-Nov-2020 10:00 AM,Orissa Lift Irrigation Corporation||LI Northern Circle Sambalpur||LI Division Sambalpur,Reamal,768109.0,1.0,"11,62,410",BICHITRA NANDA BEHERA,"988,164.66",Accepted-AOC,02-Jun-2021,Orissa Lift Irrigation Corporation||LI Northern Circle Sambalpur||LI Division Sambalpur,C2_Irrigation|C3_Drought,irrigation|lift irrigation|revival,Unknown,False,False
2020_OLIC_63393_46,EEOLICSBP-05/2020-21,Revival of Sarapal-II RL Project under Reamal Block in Deogarh District,Revival of Sarapal-II RL Project under Reamal Block in Deogarh District,Works,Open Tender,Percentage,Civil Works - Lift Irrigation Schemes,No,No,NA ,20-Oct-2020 10:00 AM,NA ,90.0,No ,No,Online,04-Nov-2020 10:00 AM,Orissa Lift Irrigation Corporation||LI Northern Circle Sambalpur||LI Division Sambalpur,Reamal,768109.0,1.0,"13,63,578",BICHITRA NANDA BEHERA,"1,159,177.32",Accepted-AOC,02-Jun-2021,Orissa Lift Irrigation Corporation||LI Northern Circle Sambalpur||LI Division Sambalpur,C2_Irrigation|C3_Drought,irrigation|lift irrigation|revival,Unknown,False,False
2020_OLIC_63393_48,EEOLICSBP-05/2020-21,Revival of Basudevpur-II RL Project under Tileibani Block in Deogarh District,Revival of Basudevpur-II RL Project under Tileibani Block in Deogarh District,Works,Open Tender,Percentage,Civil Works - Lift Irrigation Schemes,No,No,NA ,20-Oct-2020 10:00 AM,NA ,90.0,No ,No,Online,04-Nov-2020 10:00 AM,Orissa Lift Irrigation Corporation||LI Northern Circle Sambalpur||LI Division Sambalpur,TIleibani,768119.0,1.0,"11,31,661",BICHITRA NANDA BEHERA,"962,025.06",Accepted-AOC,02-Jun-2021,Orissa Lift Irrigation Corporation||LI Northern Circle Sambalpur||LI Division Sambalpur,C2_Irrigation|C3_Drought,irrigation|lift irrigation|revival,Unknown,False,False
2020_OLIC_63997_4,Bid Identification No. 2161 /2020-21 Dt. 08.11.20,"INSTALATION AND ENERGISATION OF SANKARAPUR-I,II,III AND GOPINATHPUR AND BARABATI LI PROJECT","INSTALATION AND ENERGISATION OF SANKARAPUR-I,II,III AND GOPINATHPUR AND BARABATI LI PROJECT",Works,Open Tender,Percentage,Civil Works - Lift Irrigation Schemes,No,No,NA ,20-Nov-2020 02:00 PM,NA ,90.0,No ,No,Online,07-Dec-2020 11:00 AM,"Orissa Lift Irrigation Corporation||LI,Central Circle, Cuttack||LI,Division, Bhubaneswar",BOLAGARHBLOCK,754001.0,2.0,,ABHISEK SINGH SAMANTA,78.71,Accepted-AOC,18-Jun-2021,"Orissa Lift Irrigation Corporation||LI,Central Circle, Cuttack||LI,Division, Bhubaneswar",C2_Irrigation,irrigation|lift irrigation,Unknown,False,False
2020_OLIC_64005_5,EEOLICSBP-06/2020-21,Revival of Laikera RL Project under Laikera Block in Jharsuguda District,Revival of Laikera RL Project under Laikera Block in Jharsuguda District,Works,Open Tender,Percentage,Civil Works - Lift Irrigation Schemes,No,No,NA ,23-Nov-2020 10:00 AM,NA ,90.0,No ,No,Online,08-Dec-2020 10:00 AM,Orissa Lift Irrigation Corporation||LI Northern Circle Sambalpur||LI Division Sambalpur,Laikea,768215.0,1.0,"12,65,243",GOLAKA BIHARI SETHI,"1,183,129",Accepted-AOC,23-Jun-2021,Orissa Lift Irrigation Corporation||LI Northern Circle Sambalpur||LI Division Sambalpur,C2_Irrigation|C3_Drought,irrigation|lift irrigation|revival,Unknown,False,False
2020_OLIC_64005_6,EEOLICSBP-06/2020-21,Revival of Brahamanipali RL Project under Rairakhol Block in Sambalpur District,Revival of Brahamanipali RL Project under Rairakhol Block in Sambalpur District,Works,Open Tender,Percentage,Civil Works - Lift Irrigation Schemes,No,No,NA ,23-Nov-2020 10:00 AM,NA ,90.0,No ,No,Online,08-Dec-2020 10:00 AM,Orissa Lift Irrigation Corporation||LI Northern Circle Sambalpur||LI Division Sambalpur,Rairakhol,768106.0,1.0,"12,47,117",NILADHRI POWER AND CONSTRUCTION,"1,247,117",Accepted-AOC,23-Jun-2021,Orissa Lift Irrigation Corporation||LI Northern Circle Sambalpur||LI Division Sambalpur,C2_Irrigation|C3_Drought,irrigation|lift irrigation|revival,Unknown,False,False
2020_OLIC_64038_1,EEOLICSBP-06/2020-21,Installation of Khandual-IV RL Project under Maneswar Block in Sambalpur District,Installation of Khandual-IV RL Project under Maneswar Block in Sambalpur District,Works,Open Tender,Percentage,Civil Works - Lift Irrigation Schemes,No,No,NA ,23-Nov-2020 10:00 AM,NA ,120.0,No ,No,Online,08-Dec-2020 10:00 AM,Orissa Lift Irrigation Corporation||LI Northern Circle Sambalpur||LI Division Sambalpur,Maneswar,768005.0,2.0,"40,67,988",JAYAJIT KUMAR SAHOO,"4,067,988",Accepted-AOC,23-Jun-2021,Orissa Lift Irrigation Corporation||LI Northern Circle Sambalpur||LI Division Sambalpur,C2_Irrigation,irrigation|lift irrigation,Mitigation,False,False
2020_OLIC_64469_26,Bid Identification No.03/2020-21 OLIC (Nayagarh) /,INSTALATION AND ENERGISATION OF BALARAMPUR-II L.I PROJECT,INSTALATION AND ENERGISATION OF BALARAMPUR-II L.I PROJECT,Works,Open Tender,Percentage,Civil Works - Lift Irrigation Schemes,No,No,NA ,11-Dec-2020 10:00 AM,NA ,180.0,No ,No,Online,23-Dec-2020 11:00 AM,"Orissa Lift Irrigation Corporation||LI,Central Circle, Cuttack||LI Division Nayagarh",RANAPUR,754001.0,2.0,,M/S. M.C.C. ASSOCIATES,16.34,Accepted-AOC,19-Jun-2021,"Orissa Lift Irrigation Corporation||LI,Central Circle, Cuttack||LI Division Nayagarh",C2_Irrigation,irrigation|lift irrigation,Unknown,False,False
2020_OLIC_64469_27,Bid Identification No.03/2020-21 OLIC (Nayagarh) /,INSTALATION AND ENERGISATION OF BALARAMPUR-III L.I PROJECT,INSTALATION AND ENERGISATION OF BALARAMPUR-III L.I PROJECT,Works,Open Tender,Percentage,Civil Works - Lift Irrigation Schemes,No,No,NA ,11-Dec-2020 10:00 AM,NA ,180.0,No ,No,Online,23-Dec-2020 11:00 AM,"Orissa Lift Irrigation Corporation||LI,Central Circle, Cuttack||LI Division Nayagarh",RANAPUR,754001.0,2.0,,M/S. M.C.C. ASSOCIATES,16.37,Accepted-AOC,19-Jun-2021,"Orissa Lift Irrigation Corporation||LI,Central Circle, Cuttack||LI Division Nayagarh",C2_Irrigation,irrigation|lift irrigation,Unknown,False,False
2020_OLIC_64469_28,Bid Identification No.03/2020-21 OLIC (Nayagarh) /,INSTALATION AND ENERGISATION OF LATAR-I L.I PROJECT,INSTALATION AND ENERGISATION OF LATAR-I L.I PROJECT,Works,Open Tender,Percentage,Civil Works - Lift Irrigation Schemes,No,No,NA ,11-Dec-2020 10:00 AM,NA ,180.0,No ,No,Online,23-Dec-2020 11:00 AM,"Orissa Lift Irrigation Corporation||LI,Central Circle, Cuttack||LI Division Nayagarh",RANAPUR,754001.0,2.0,,M/S. M.C.C. ASSOCIATES,14.94,Accepted-AOC,13-Jun-2021,"Orissa Lift Irrigation Corporation||LI,Central Circle, Cuttack||LI Division Nayagarh",C2_Irrigation,irrigation|lift irrigation,Unknown,False,False
2020_OLIC_64469_29,Bid Identification No.03/2020-21 OLIC (Nayagarh) /,INSTALATION AND ENERGISATION OF LATAR-II L.I PROJECT,INSTALATION AND ENERGISATION OF LATAR-II L.I PROJECT,Works,Open Tender,Percentage,Civil Works - Lift Irrigation Schemes,No,No,NA ,11-Dec-2020 10:00 AM,NA ,180.0,No ,No,Online,23-Dec-2020 11:00 AM,"Orissa Lift Irrigation Corporation||LI,Central Circle, Cuttack||LI Division Nayagarh",RANAPUR,754001.0,2.0,,M/S. M.C.C. ASSOCIATES,16.21,Accepted-AOC,13-Jun-2021,"Orissa Lift Irrigation Corporation||LI,Central Circle, Cuttack||LI Division Nayagarh",C2_Irrigation,irrigation|lift irrigation,Unknown,False,False
2020_OLIC_64469_30,Bid Identification No.03/2020-21 OLIC (Nayagarh) /,INSTALATION AND ENERGISATION OF PANANAGAR L.I PROJECT,INSTALATION AND ENERGISATION OF PANANAGAR L.I PROJECT,Works,Open Tender,Percentage,Civil Works - Lift Irrigation Schemes,No,No,NA ,11-Dec-2020 10:00 AM,NA ,180.0,No ,No,Online,23-Dec-2020 11:00 AM,"Orissa Lift Irrigation Corporation||LI,Central Circle, Cuttack||LI Division Nayagarh",RANAPUR,754001.0,2.0,,M/S. M.C.C. ASSOCIATES,15.99,Accepted-AOC,13-Jun-2021,"Orissa Lift Irrigation Corporation||LI,Central Circle, Cuttack||LI Division Nayagarh",C2_Irrigation,irrigation|lift irrigation,Unknown,False,False
2020_OLIC_64469_8,Bid Identification No.03/2020-21 OLIC (Nayagarh) /,INSTALATION AND ENERGISATION OF RANICHHELI-I L.I PROJECT,INSTALATION AND ENERGISATION OF RANICHHELI-I L.I PROJECT,Works,Open Tender,Percentage,Civil Works - Lift Irrigation Schemes,No,No,NA ,11-Dec-2020 10:00 AM,NA ,180.0,No ,No,Online,23-Dec-2020 11:00 AM,"Orissa Lift Irrigation Corporation||LI,Central Circle, Cuttack||LI Division Nayagarh",KHANDAPADA,754001.0,2.0,,AGRAWALLA POWER INFRASTRUCTURE,16.78,Accepted-AOC,13-Jun-2021,"Orissa Lift Irrigation Corporation||LI,Central Circle, Cuttack||LI Division Nayagarh",C2_Irrigation,irrigation|lift irrigation,Unknown,False,False
2020_OLIC_64469_9,Bid Identification No.03/2020-21 OLIC (Nayagarh) /,INSTALATION AND ENERGISATION OF RANICHHELI-II L.I PROJECT,INSTALATION AND ENERGISATION OF RANICHHELI-II L.I PROJECT,Works,Open Tender,Percentage,Civil Works - Lift Irrigation Schemes,No,No,NA ,11-Dec-2020 10:00 AM,NA ,180.0,No ,No,Online,23-Dec-2020 11:00 AM,"Orissa Lift Irrigation Corporation||LI,Central Circle, Cuttack||LI Division Nayagarh",KHANDAPADA,754001.0,2.0,,AGRAWALLA POWER INFRASTRUCTURE,16.94,Accepted-AOC,13-Jun-2021,"Orissa Lift Irrigation Corporation||LI,Central Circle, Cuttack||LI Division Nayagarh",C2_Irrigation,irrigation|lift irrigation,Unknown,False,False
2020_OLIC_64783_10,Bid Identification No.04/2020-21 OLIC (Nayagarh) /,INSTALATON AND ENERGISATION OF PATHARDWAR-I LI PROJECT,INSTALATON AND ENERGISATION OF PATHARDWAR-I LI PROJECT,Works,Open Tender,Percentage,Civil Works - Lift Irrigation Schemes,No,No,NA ,21-Dec-2020 10:00 AM,NA ,180.0,No ,No,Online,05-Jan-2021 11:00 AM,"Orissa Lift Irrigation Corporation||LI,Central Circle, Cuttack||LI Division Nayagarh",KHANDAPADA,754001.0,1.0,,CHANDAN ELECTRICAL WORKS,10.95,Accepted-AOC,12-Jun-2021,"Orissa Lift Irrigation Corporation||LI,Central Circle, Cuttack||LI Division Nayagarh",C2_Irrigation,irrigation|lift irrigation,Unknown,False,False
2020_OLIC_64783_2,Bid Identification No.04/2020-21 OLIC (Nayagarh) /,INSTALATON AND ENERGISATION OF BETAKHOLI-II LI PROJECT,INSTALATON AND ENERGISATION OF BETAKHOLI-II LI PROJECT,Works,Open Tender,Percentage,Civil Works - Lift Irrigation Schemes,No,No,NA ,21-Dec-2020 10:00 AM,NA ,180.0,No ,No,Online,05-Jan-2021 11:00 AM,"Orissa Lift Irrigation Corporation||LI,Central Circle, Cuttack||LI Division Nayagarh",BHAPUR,754001.0,1.0,,MODERN WINDING AND ELECTRICALS,11.32,Accepted-AOC,12-Jun-2021,"Orissa Lift Irrigation Corporation||LI,Central Circle, Cuttack||LI Division Nayagarh",C2_Irrigation,irrigation|lift irrigation,Unknown,False,False
2020_OLIC_64783_3,Bid Identification No.04/2020-21 OLIC (Nayagarh) /,INSTALATON AND ENERGISATION OF TELERA LI PROJECT,INSTALATON AND ENERGISATION OF TELERA LI PROJECT,Works,Open Tender,Percentage,Civil Works - Lift Irrigation Schemes,No,No,NA ,21-Dec-2020 10:00 AM,NA ,180.0,No ,No,Online,05-Jan-2021 11:00 AM,"Orissa Lift Irrigation Corporation||LI,Central Circle, Cuttack||LI Division Nayagarh",DASAPALLA,754001.0,1.0,,CHANDAN ELECTRICAL WORKS,11.55,Accepted-AOC,12-Jun-2021,"Orissa Lift Irrigation Corporation||LI,Central Circle, Cuttack||LI Division Nayagarh",C2_Irrigation,irrigation|lift irrigation,Unknown,False,False
2020_OLIC_64783_30,Bid Identification No.04/2020-21 OLIC (Nayagarh) /,INSTALATON AND ENERGISATION OF HARIHARAPUR LI PROJECT,INSTALATON AND ENERGISATION OF HARIHARAPUR LI PROJECT,Works,Open Tender,Percentage,Civil Works - Lift Irrigation Schemes,No,No,NA ,21-Dec-2020 10:00 AM,NA ,180.0,No ,No,Online,05-Jan-2021 11:00 AM,"Orissa Lift Irrigation Corporation||LI,Central Circle, Cuttack||LI Division Nayagarh",ODAGAON,754001.0,1.0,,M/s SHIVOM ELECTRICALS AND ENGINEERING,11.97,Accepted-AOC,12-Jun-2021,"Orissa Lift Irrigation Corporation||LI,Central Circle, Cuttack||LI Division Nayagarh",C2_Irrigation,irrigation|lift irrigation,Unknown,False,False
2020_OLIC_64783_31,Bid Identification No.04/2020-21 OLIC (Nayagarh) /,INSTALATON AND ENERGISATION OF MASABARI LI PROJECT,INSTALATON AND ENERGISATION OF MASABARI LI PROJECT,Works,Open Tender,Percentage,Civil Works - Lift Irrigation Schemes,No,No,NA ,21-Dec-2020 10:00 AM,NA ,180.0,No ,No,Online,05-Jan-2021 11:00 AM,"Orissa Lift Irrigation Corporation||LI,Central Circle, Cuttack||LI Division Nayagarh",ODAGAON,754001.0,1.0,,M/s SHIVOM ELECTRICALS AND ENGINEERING,11.11,Accepted-AOC,12-Jun-2021,"Orissa Lift Irrigation Corporation||LI,Central Circle, Cuttack||LI Division Nayagarh",C2_Irrigation,irrigation|lift irrigation,Unknown,False,False
2020_OLIC_64783_35,Bid Identification No.04/2020-21 OLIC (Nayagarh) /,INSTALATON AND ENERGISATION OF GUNDURIBARI LI PROJECT,INSTALATON AND ENERGISATION OF GUNDURIBARI LI PROJECT,Works,Open Tender,Percentage,Civil Works - Lift Irrigation Schemes,No,No,NA ,21-Dec-2020 10:00 AM,NA ,180.0,No ,No,Online,05-Jan-2021 11:00 AM,"Orissa Lift Irrigation Corporation||LI,Central Circle, Cuttack||LI Division Nayagarh",ODAGAON,754001.0,1.0,,M/s SHIVOM ELECTRICALS AND ENGINEERING,12.45,Accepted-AOC,12-Jun-2021,"Orissa Lift Irrigation Corporation||LI,Central Circle, Cuttack||LI Division Nayagarh",C2_Irrigation,irrigation|lift irrigation,Unknown,False,False
2020_OLIC_64783_36,Bid Identification No.04/2020-21 OLIC (Nayagarh) /,INSTALATON AND ENERGISATION OF BHADIKILA LI PROJECT,INSTALATON AND ENERGISATION OF BHADIKILA LI PROJECT,Works,Open Tender,Percentage,Civil Works - Lift Irrigation Schemes,No,No,NA ,21-Dec-2020 10:00 AM,NA ,180.0,No ,No,Online,05-Jan-2021 11:00 AM,"Orissa Lift Irrigation Corporation||LI,Central Circle, Cuttack||LI Division Nayagarh",ODAGAON,754001.0,1.0,,M/s SHIVOM ELECTRICALS AND ENGINEERING,17.88,Accepted-AOC,12-Jun-2021,"Orissa Lift Irrigation Corporation||LI,Central Circle, Cuttack||LI Division Nayagarh",C2_Irrigation,irrigation|lift irrigation,Unknown,False,False
2020_OLIC_64783_37,Bid Identification No.04/2020-21 OLIC (Nayagarh) /,INSTALATON AND ENERGISATION OF BANKAPUR LI PROJECT,INSTALATON AND ENERGISATION OF BANKAPUR LI PROJECT,Works,Open Tender,Percentage,Civil Works - Lift Irrigation Schemes,No,No,NA ,21-Dec-2020 10:00 AM,NA ,180.0,No ,No,Online,05-Jan-2021 11:00 AM,"Orissa Lift Irrigation Corporation||LI,Central Circle, Cuttack||LI Division Nayagarh",RANAPUR,754001.0,1.0,,M/S. M.C.C. ASSOCIATES,11.98,Accepted-AOC,12-Jun-2021,"Orissa Lift Irrigation Corporation||LI,Central Circle, Cuttack||LI Division Nayagarh",C2_Irrigation,irrigation|lift irrigation,Unknown,False,False
2020_OLIC_64783_38,Bid Identification No.04/2020-21 OLIC (Nayagarh) /,INSTALATON AND ENERGISATION OF NATIMI-I LI PROJECT,INSTALATON AND ENERGISATION OF NATIMI-I LI PROJECT,Works,Open Tender,Percentage,Civil Works - Lift Irrigation Schemes,No,No,NA ,21-Dec-2020 10:00 AM,NA ,180.0,No ,No,Online,05-Jan-2021 11:00 AM,"Orissa Lift Irrigation Corporation||LI,Central Circle, Cuttack||LI Division Nayagarh",RANAPUR,754001.0,1.0,,M/S. M.C.C. ASSOCIATES,13.15,Accepted-AOC,12-Jun-2021,"Orissa Lift Irrigation Corporation||LI,Central Circle, Cuttack||LI Division Nayagarh",C2_Irrigation,irrigation|lift irrigation,Unknown,False,False
2020_OLIC_64783_39,Bid Identification No.04/2020-21 OLIC (Nayagarh) /,INSTALATON AND ENERGISATION OF NARASINGHPUR-II LI PROJECT,INSTALATON AND ENERGISATION OF NARASINGHPUR-II LI PROJECT,Works,Open Tender,Percentage,Civil Works - Lift Irrigation Schemes,No,No,NA ,21-Dec-2020 10:00 AM,NA ,180.0,No ,No,Online,05-Jan-2021 11:00 AM,"Orissa Lift Irrigation Corporation||LI,Central Circle, Cuttack||LI Division Nayagarh",RANAPUR,754001.0,1.0,,M/S. M.C.C. ASSOCIATES,12.39,Accepted-AOC,12-Jun-2021,"Orissa Lift Irrigation Corporation||LI,Central Circle, Cuttack||LI Division Nayagarh",C2_Irrigation,irrigation|lift irrigation,Unknown,False,False
2020_OLIC_64783_4,Bid Identification No.04/2020-21 OLIC (Nayagarh) /,INSTALATON AND ENERGISATION OF DINDABHIN-I LI PROJECT,INSTALATON AND ENERGISATION OF DINDABHIN-I LI PROJECT,Works,Open Tender,Percentage,Civil Works - Lift Irrigation Schemes,No,No,NA ,21-Dec-2020 10:00 AM,NA ,180.0,No ,No,Online,05-Jan-2021 11:00 AM,"Orissa Lift Irrigation Corporation||LI,Central Circle, Cuttack||LI Division Nayagarh",DASAPALLA,754001.0,1.0,,CHANDAN ELECTRICAL WORKS,9.4,Accepted-AOC,12-Jun-2021,"Orissa Lift Irrigation Corporation||LI,Central Circle, Cuttack||LI Division Nayagarh",C2_Irrigation,irrigation|lift irrigation,Unknown,False,False
2020_OLIC_64783_5,Bid Identification No.04/2020-21 OLIC (Nayagarh) /,INSTALATON AND ENERGISATION OF GHOLAHANDI LI PROJECT,INSTALATON AND ENERGISATION OF GHOLAHANDI LI PROJECT,Works,Open Tender,Percentage,Civil Works - Lift Irrigation Schemes,No,No,NA ,21-Dec-2020 10:00 AM,NA ,180.0,No ,No,Online,05-Jan-2021 11:00 AM,"Orissa Lift Irrigation Corporation||LI,Central Circle, Cuttack||LI Division Nayagarh",DASAPALLA,754001.0,1.0,,CHANDAN ELECTRICAL WORKS,11.18,Accepted-AOC,12-Jun-2021,"Orissa Lift Irrigation Corporation||LI,Central Circle, Cuttack||LI Division Nayagarh",C2_Irrigation,irrigation|lift irrigation,Unknown,False,False
2020_OLIC_64783_6,Bid Identification No.04/2020-21 OLIC (Nayagarh) /,INSTALATON AND ENERGISATION OF PATURIA-III LI PROJECT,INSTALATON AND ENERGISATION OF PATURIA-III LI PROJECT,Works,Open Tender,Percentage,Civil Works - Lift Irrigation Schemes,No,No,NA ,21-Dec-2020 10:00 AM,NA ,180.0,No ,No,Online,05-Jan-2021 11:00 AM,"Orissa Lift Irrigation Corporation||LI,Central Circle, Cuttack||LI Division Nayagarh",GANIA,754001.0,1.0,,CHANDAN ELECTRICAL WORKS,10.84,Accepted-AOC,12-Jun-2021,"Orissa Lift Irrigation Corporation||LI,Central Circle, Cuttack||LI Division Nayagarh",C2_Irrigation,irrigation|lift irrigation,Unknown,False,False
2020_OLIC_64783_7,Bid Identification No.04/2020-21 OLIC (Nayagarh) /,INSTALATON AND ENERGISATION OF KHALISARA-I LI PROJECT,INSTALATON AND ENERGISATION OF KHALISARA-I LI PROJECT,Works,Open Tender,Percentage,Civil Works - Lift Irrigation Schemes,No,No,NA ,21-Dec-2020 10:00 AM,NA ,180.0,No ,No,Online,05-Jan-2021 11:00 AM,"Orissa Lift Irrigation Corporation||LI,Central Circle, Cuttack||LI Division Nayagarh",GANIA,754001.0,1.0,,CHANDAN ELECTRICAL WORKS,9.3,Accepted-AOC,12-Jun-2021,"Orissa Lift Irrigation Corporation||LI,Central Circle, Cuttack||LI Division Nayagarh",C2_Irrigation,irrigation|lift irrigation,Unknown,False,False
2020_ORULB_59913_17,429/BM/2019-20,Construction of C.C Drain from Nazir house to Gaffur house at Mistri Daffai in ward No-10 of Biramitrapur Municipality.,Construction of C.C Drain from Nazir house to Gaffur house at Mistri Daffai in ward No-10 of Biramitrapur Municipality.,Works,Open Tender,Percentage,Civil Works - Others,No,No,NA ,25-Feb-2020 10:00 AM,NA ,90.0,No ,No,Online,13-Mar-2020 11:30 AM,Municipal Bodies||Birmitrapur Municipality,Birmitrapur,770033.0,1.0,"1,83,835",BUDHILAL GANJHU,"156,275",Accepted-AOC,18-Jun-2021,Municipal Bodies||Birmitrapur Municipality,C1_WaterConservation,mit,Mitigation,False,False
2020_ORULB_59913_27,429/BM/2019-20,Repair of road from Sanjay Goswami house to Mahuatoli chowck in ward No. 01 of Birmitrapur Municipality,Repair of road from Sanjay Goswami house to Mahuatoli chowck in ward No. 01 of Birmitrapur Municipality,Works,Open Tender,Percentage,Civil Works - Others,No,No,NA ,25-Feb-2020 10:00 AM,NA ,90.0,No ,No,Online,13-Mar-2020 11:30 AM,Municipal Bodies||Birmitrapur Municipality,Birmitrapur,770033.0,1.0,"17,83,622",AMAR GLADSON BARLA,"1,516,267",Accepted-AOC,25-Jun-2021,Municipal Bodies||Birmitrapur Municipality,C1_WaterConservation,mit,DamageResponse,False,False
2020_ORULB_59913_28,429/BM/2019-20,Construction of c.c drain from Sanjay Goswami house to Rambatar Sunari house Pandey house in Ward No. 01 of Birmitrapur Municipality,Construction of c.c drain from Sanjay Goswami house to Rambatar Sunari house Pandey house in Ward No. 01 of Birmitrapur Municipality,Works,Open Tender,Percentage,Civil Works - Others,No,No,NA ,25-Feb-2020 10:00 AM,NA ,90.0,No ,No,Online,13-Mar-2020 11:30 AM,Municipal Bodies||Birmitrapur Municipality,Birmitrapur,770033.0,1.0,"3,15,263",ARUN BEHERA,"268,116",Accepted-AOC,25-Jun-2021,Municipal Bodies||Birmitrapur Municipality,C1_WaterConservation,mit,Mitigation,False,False
2020_ORULB_59913_31,429/BM/2019-20,Construction of c.c. road with drain from mata gali tube well towards Gowala basti Rautia Pada in Ward No. 02 of Birmitrapur Municipality,Construction of c.c. road with drain from mata gali tube well towards Gowala basti Rautia Pada in Ward No. 02 of Birmitrapur Municipality,Works,Open Tender,Percentage,Civil Works - Roads,No,No,NA ,25-Feb-2020 10:00 AM,NA ,90.0,No ,No,Online,13-Mar-2020 11:30 AM,Municipal Bodies||Birmitrapur Municipality,Birmitrapur,770033.0,1.0,"1,49,260",ARUN BEHERA,"128,807",Accepted-AOC,25-Jun-2021,Municipal Bodies||Birmitrapur Municipality,C1_WaterConservation|C2_Irrigation,mit|tube well,Mitigation,False,False
2020_ORULB_59913_43,429/BM/2019-20,Construction of guard wall from NH - 143 to Kiran Kumbhar house Kumbharpada in Ward No. 03 of Birmitrapur Municipality,Construction of guard wall from NH - 143 to Kiran Kumbhar house Kumbharpada in Ward No. 03 of Birmitrapur Municipality,Works,Open Tender,Percentage,Civil Works - Others,No,No,NA ,25-Feb-2020 10:00 AM,NA ,90.0,No ,No,Online,13-Mar-2020 11:30 AM,Municipal Bodies||Birmitrapur Municipality,Birmitrapur,770033.0,1.0,"8,94,115",ARUN BEHERA,"760,087",Accepted-AOC,25-Jun-2021,Municipal Bodies||Birmitrapur Municipality,C1_WaterConservation,mit,Mitigation,False,False
2020_ORULB_59913_44,429/BM/2019-20,Construction of gali (2nos) road from Suraj Behera house to Babusingh Ray house Sunday market in Ward No. 03 of Birmitrapur Municipality,Construction of gali (2nos) road from Suraj Behera house to Babusingh Ray house Sunday market in Ward No. 03 of Birmitrapur Municipality,Works,Open Tender,Percentage,Civil Works - Others,No,No,NA ,25-Feb-2020 10:00 AM,NA ,90.0,No ,No,Online,13-Mar-2020 11:30 AM,Municipal Bodies||Birmitrapur Municipality,Birmitrapur,770033.0,1.0,"85,992",AMARJIT SINGH,"73,101",Accepted-AOC,25-Jun-2021,Municipal Bodies||Birmitrapur Municipality,C1_WaterConservation,mit,Mitigation,False,False
2020_ORULB_59913_49,429/BM/2019-20,Repair of c.c drain from Arakhita Bihar house to main drain contractor pada in Ward No. 04 of Birmitrapur Municipality,Repair of c.c drain from Arakhita Bihar house to main drain contractor pada in Ward No. 04 of Birmitrapur Municipality,Works,Open Tender,Percentage,Civil Works - Others,No,No,NA ,25-Feb-2020 10:00 AM,NA ,90.0,No ,No,Online,13-Mar-2020 11:30 AM,Municipal Bodies||Birmitrapur Municipality,Birmitrapur,770033.0,1.0,"1,79,864",ASHOK SUNANI,"179,864",Accepted-AOC,25-Jun-2021,Municipal Bodies||Birmitrapur Municipality,C1_WaterConservation,mit,DamageResponse,False,False
2020_ORULB_61618_11,MC(CMC)CTC_Div-I_No19/2020-21,Repair of retaining wall and de-silting of Chandan Pokhari at Samant Sahi in Ward No.24.,Repair of retaining wall and de-silting of Chandan Pokhari at Samant Sahi in Ward No.24.,Works,Open Tender,Percentage,Civil Works - Others,No,No,NA ,19-Jun-2020 03:00 PM,NA ,90.0,No ,No,Online,02-Jul-2020 11:00 AM,Municipal Bodies||Cuttack Municipal Corporation,CMC,753012.0,1.0,"14,39,700",SUBRAT KUMAR NAYAK,"1,511,693",Accepted-AOC,03-Jun-2021,Municipal Bodies||Cuttack Municipal Corporation,C1_WaterConservation,de-silting,DamageResponse,False,False
2021_CEBBU_67994_1,EESID-01(06)/2021-22,CANAL WORKS,Raising and strengthening of old existing guard wall and its embankment in between RD 50m to RD 350m of Sambalpur Distributary for 2021-22.,Works,Open Tender,Percentage,Civil Works - Others,No,No,NA ,26-Apr-2021 11:00 AM,NA ,90.0,No ,No,Online,06-May-2021 11:00 AM,"CE-BM,UM Basin,Burla||SE,Hirakud Dam Circle,Burla||EE Sambalpur Irrigation Division Sambalpur",SAMBALPUR,768004.0,1.0,,BADRINATH BHOI,"759,358",Accepted-AOC,25-Jun-2021,"CE-BM,UM Basin,Burla||SE,Hirakud Dam Circle,Burla||EE Sambalpur Irrigation Division Sambalpur",C2_Irrigation|C4_FloodCyclone,distributary|embankment|irrigation,Mitigation,False,False
2021_CEBBU_68032_1,CDT-02 of 2021-22,Improvement to water course left within RD 615 m to 1200 m oftaking at RD 7056 m of Bargarh Main Canal,Improvement of canal works,Works,Open Tender,Percentage,Civil Works - Canal,No,No,NA ,27-Apr-2021 10:00 AM,NA ,90.0,No ,No,Online,07-May-2021 10:00 AM,"CE-BM,UM Basin,Burla||SE,Hirakud Dam Circle,Burla||EE Rukura Irrigation Division , Panposh",Bargarh,768028.0,1.0,,M/S PRATIBHA CONSTRUCTION,"760,499",Accepted-AOC,08-Jun-2021,"CE-BM,UM Basin,Burla||SE,Hirakud Dam Circle,Burla||EE Rukura Irrigation Division , Panposh",C2_Irrigation,canal|irrigation,Mitigation,False,False
2021_CEBBU_68032_14,CDT-02 of 2021-22,Reconstruction of VRB at RD 2844 m of Patrapali Minor and improvement to water course at RD 00 to 300 m of 1620 ft Right water course and from RD 1000 m to 1300m and 2850 m to 3100 m of Patrapali Minor,Improvement of canal works,Works,Open Tender,Percentage,Civil Works - Canal,No,No,NA ,27-Apr-2021 10:00 AM,NA ,90.0,No ,No,Online,07-May-2021 10:00 AM,"CE-BM,UM Basin,Burla||SE,Hirakud Dam Circle,Burla||EE Rukura Irrigation Division , Panposh",Bargarh,768028.0,1.0,,BIJAYALAXMI SAHU,"897,327",Accepted-AOC,08-Jun-2021,"CE-BM,UM Basin,Burla||SE,Hirakud Dam Circle,Burla||EE Rukura Irrigation Division , Panposh",C2_Irrigation,canal|irrigation,Mitigation,False,False
2021_CEBBU_68032_15,CDT-02 of 2021-22,Repair of canal Syphon at RD 15926 m and improvement to Bargarh Distributary from RD 18000 m to RD 18670 m .,Improvement of canal works,Works,Open Tender,Percentage,Civil Works - Canal,No,No,NA ,27-Apr-2021 10:00 AM,NA ,90.0,No ,No,Online,07-May-2021 10:00 AM,"CE-BM,UM Basin,Burla||SE,Hirakud Dam Circle,Burla||EE Rukura Irrigation Division , Panposh",Bargarh,768028.0,1.0,,BIJAYALAXMI SAHU,"852,627",Accepted-AOC,08-Jun-2021,"CE-BM,UM Basin,Burla||SE,Hirakud Dam Circle,Burla||EE Rukura Irrigation Division , Panposh",C2_Irrigation,canal|irrigation,Mitigation,False,False
2021_CEBBU_68032_16,CDT-02 of 2021-22,Repair of H/R (Water course) at MDR 24400.00m of Bargarh Distributary and Fall at RD 50.00m and Improvement to MDR within RD 00 m to 400.0m Offtaking at RD 24400.0 m of Bargarh Distributary.,Improvement of canal works,Works,Open Tender,Percentage,Civil Works - Canal,No,No,NA ,27-Apr-2021 10:00 AM,NA ,90.0,No ,No,Online,07-May-2021 10:00 AM,"CE-BM,UM Basin,Burla||SE,Hirakud Dam Circle,Burla||EE Rukura Irrigation Division , Panposh",Bargarh,768028.0,1.0,,BIJAYALAXMI SAHU,"750,857",Accepted-AOC,08-Jun-2021,"CE-BM,UM Basin,Burla||SE,Hirakud Dam Circle,Burla||EE Rukura Irrigation Division , Panposh",C2_Irrigation,canal|irrigation,Mitigation,False,False
2021_CEBBU_68032_17,CDT-02 of 2021-22,Renovation of Fall at RD 24536.00m. of Bargarh Distributary and Improvement to MDL within RD 600.0 m to RD 1100.0m Offtaking at RD 24384.0 m of Bargarh Distributary.,Improvement of canal works,Works,Open Tender,Percentage,Civil Works - Canal,No,No,NA ,27-Apr-2021 10:00 AM,NA ,90.0,No ,No,Online,07-May-2021 10:00 AM,"CE-BM,UM Basin,Burla||SE,Hirakud Dam Circle,Burla||EE Rukura Irrigation Division , Panposh",Bargarh,768028.0,1.0,,BIJAYALAXMI SAHU,"753,098",Accepted-AOC,08-Jun-2021,"CE-BM,UM Basin,Burla||SE,Hirakud Dam Circle,Burla||EE Rukura Irrigation Division , Panposh",C2_Irrigation,canal|irrigation,Mitigation,False,False
2021_CEBBU_68032_2,CDT-02 of 2021-22,Improvement to water course right within RD 400 m to 1050 m oftaking at RD 10971.90 m of Bargarh Main Canal.,Improvement of canal works,Works,Open Tender,Percentage,Civil Works - Canal,No,No,NA ,27-Apr-2021 10:00 AM,NA ,90.0,No ,No,Online,07-May-2021 10:00 AM,"CE-BM,UM Basin,Burla||SE,Hirakud Dam Circle,Burla||EE Rukura Irrigation Division , Panposh",Bargarh,768028.0,1.0,,M/S PRATIBHA CONSTRUCTION,"762,548",Accepted-AOC,08-Jun-2021,"CE-BM,UM Basin,Burla||SE,Hirakud Dam Circle,Burla||EE Rukura Irrigation Division , Panposh",C2_Irrigation,canal|irrigation,Mitigation,False,False
2021_CEBBU_68032_3,CDT-02 of 2021-22,Improvement to Tail front water course within RD 1850 m to 2300 m of Telkani Distributary,Improvement of canal works,Works,Open Tender,Percentage,Civil Works - Canal,No,No,NA ,27-Apr-2021 10:00 AM,NA ,90.0,No ,No,Online,07-May-2021 10:00 AM,"CE-BM,UM Basin,Burla||SE,Hirakud Dam Circle,Burla||EE Rukura Irrigation Division , Panposh",Bargarh,768028.0,1.0,,M/S PRATIBHA CONSTRUCTION,"759,080",Accepted-AOC,08-Jun-2021,"CE-BM,UM Basin,Burla||SE,Hirakud Dam Circle,Burla||EE Rukura Irrigation Division , Panposh",C2_Irrigation,canal|irrigation,Mitigation,False,False
2021_CELBB_67905_21,JKID-01 OF 2021-22,SL.No.-21-Improvement to Paikarapur gherry,Earth work and Cement Concrete work,Works,National Competitive Bid,Percentage,Civil Works - Others,No,No,NA ,23-Apr-2021 10:00 AM,NA ,90.0,No ,No,Online,30-Apr-2021 09:00 AM,"CE-BM,LMB Basin,BBSR||SE, Eastern Circle,Cuttack||EE,Jaraka Irr Division, Jaraka",Jaraka,755050.0,1.0,,AJITAV PAUL,"869,827",Accepted-AOC,18-Jun-2021,"CE-BM,LMB Basin,BBSR||SE, Eastern Circle,Cuttack||EE,Jaraka Irr Division, Jaraka",C2_Irrigation,irr ,Unknown,False,False
2021_CELBB_67905_5,JKID-01 OF 2021-22,SL.No.-5-Repair of flood protection embankment from Harikansa to Majhipal,Earth work and road work,Works,National Competitive Bid,Percentage,Civil Works - Others,No,No,NA ,23-Apr-2021 10:00 AM,NA ,90.0,No ,No,Online,30-Apr-2021 09:00 AM,"CE-BM,LMB Basin,BBSR||SE, Eastern Circle,Cuttack||EE,Jaraka Irr Division, Jaraka",Jaraka,755050.0,1.0,,BISWAJIT PANDA,"3,051,984",Accepted-AOC,11-Jun-2021,"CE-BM,LMB Basin,BBSR||SE, Eastern Circle,Cuttack||EE,Jaraka Irr Division, Jaraka",C2_Irrigation,irr ,Unknown,False,False
2021_CEMIB_68428_4,EE MID SNG 01/2021-22,"Resectioning of main canal and CC walling of branch canal no. I,II and III of Rangamatia MIP in Lathikata Block of Sundargarh District under Critical Grant for the year 2021-22.","Resectioning of main canal and CC walling of branch canal no. I,II and III of Rangamatia MIP in Lathikata Block of Sundargarh District under Critical Grant for the year 2021-22.",Works,Open Tender,Percentage,Civil Works - Others,No,No,NA ,17-May-2021 10:00 AM,NA ,90.0,No ,No,Online,28-May-2021 11:00 AM,"CE,Minor Irrigation,BBSR||SENMIC-SAMBALPUR||SUNDARGARH",LATHIKATA BLOCK,770001.0,1.0,,DILLIP KUMAR KISAN,"2,656,630.43",Accepted-AOC,24-Jun-2021,"CE,Minor Irrigation,BBSR||SENMIC-SAMBALPUR||SUNDARGARH",C1_WaterConservation|C2_Irrigation,canal|irrigation|minor irrigation|mip,Unknown,False,False
2021_CEMIB_68428_5,EE MID SNG 01/2021-22,Improvement to Sihidia MIP in Bonai Block of Sundargarh District under Critical Grant for the year 2021-22.,Improvement to Sihidia MIP in Bonai Block of Sundargarh District under Critical Grant for the year 2021-22.,Works,Open Tender,Percentage,Civil Works - Others,No,No,NA ,17-May-2021 10:00 AM,NA ,90.0,No ,No,Online,28-May-2021 11:00 AM,"CE,Minor Irrigation,BBSR||SENMIC-SAMBALPUR||SUNDARGARH",BONAI BLOCK,770001.0,1.0,,BIJAY KETAN SAHU,"1,518,039.25",Accepted-AOC,29-Jun-2021,"CE,Minor Irrigation,BBSR||SENMIC-SAMBALPUR||SUNDARGARH",C1_WaterConservation|C2_Irrigation,irrigation|minor irrigation|mip,Mitigation,False,False
2021_CERWI_65793_4,Online Tender/19-2020-21/BPR,Construction of road from Srirampur to Gadapur road under Inter District Inter Block Connectivity for the year 2020-21 In the district of Kandhamal,Construction of road from Srirampur to Gadapur road under Inter District Inter Block Connectivity for the year 2020-21 In the district of Kandhamal,Works,National Competitive Bid,Percentage,Civil Works - Roads,No,No,NA ,26-Jan-2021 02:00 PM,NA ,90.0,No ,No,Online,06-Feb-2021 03:00 PM,CE RW I||RWCIRCLE-BERHAMPUR,Balliguda,760011.0,2.0,,Ashis Kumar Padhy,"36,578,435",Accepted-AOC,03-Jun-2021,CE RW I||RWCIRCLE-BERHAMPUR,C5_ClimateSmartFarming,sri,Mitigation,False,False
2021_EICCL_65505_3,TENDER CALL NOTICE NO.04 OF 2020-21,"Construction of Pilgrim Amenities and community Centre at Capital Masjid, Unit-IV, Bhubaneswar.","Construction of Pilgrim Amenities and community Centre at Capital Masjid, Unit-IV, Bhubaneswar.",Works,Open Tender,Percentage,Civil Works - Buildings,No,No,NA ,14-Jan-2021 09:00 AM,NA ,90.0,No ,No,Online,28-Jan-2021 11:00 AM,EIC-CIVIL||SERNB-CIRCLE-CENTRAL,Bhubaneswar,751001.0,2.0,"1,64,43,875",AADYA URJA SOLUTIONS PRIVATE LIMITED,"13,978,932",Accepted-AOC,07-Jun-2021,EIC-CIVIL||SERNB-CIRCLE-CENTRAL,C8_Scheme,omm,Mitigation,False,False
2021_KPRIP_65693_1,"Bid ID No. EE, KRC and BD-09/2020-21","Power supply to village electrification for R and R Colony, Daduan (Dhoblabeda) for the DPs of village Daduan under KIP","Power supply to village electrification for R and R Colony, Daduan (Dhoblabeda) for the DPs of village Daduan under KIP",Works,National Competitive Bid,Percentage,Electrical Works,No,No,NA ,22-Jan-2021 01:30 PM,NA ,90.0,No ,No,Online,05-Feb-2021 11:00 AM,Kanupur Irrigation Project||CCE-Kanupur||Kanupur R C AND B,Joda Block of Keonjhar District,758001.0,1.0,,Ananta Charan Routray,"2,317,363",Accepted-AOC,23-Jun-2021,Kanupur Irrigation Project||CCE-Kanupur||Kanupur R C AND B,C2_Irrigation,irrigation,Unknown,False,False
2021_KPRIP_67180_1,EE KRCB D- 17/2020-21,Const of catch water drain with structure along the Hilly side of R and R Colony at Birkala for the DPs of village Birkala and Gobindapur,Const of catch water drain with structure along the Hilly side of R and R Colony at Birkala for the DPs of village Birkala and Gobindapur,Works,National Competitive Bid,Percentage,Civil Works - Others,No,No,NA ,15-Mar-2021 06:00 PM,NA ,90.0,No ,No,Online,31-Mar-2021 11:00 AM,Kanupur Irrigation Project||CCE-Kanupur||Kanupur R C AND B,Basudevpur,758047.0,1.0,"33,82,000",ASHOK KUMAR MANDAL,"2,874,586",Accepted-AOC,23-Jun-2021,Kanupur Irrigation Project||CCE-Kanupur||Kanupur R C AND B,C2_Irrigation,irrigation,Unknown,False,False
2021_OBCC_65665_1,11/2020-21,"Maintenance of Plantation in front of Shree Jagannath Temple , Puri for one year","Maintenance of Plantation in front of Shree Jagannath Temple , Puri for one year",Works,Open Tender,Percentage,Miscellaneous Works,No,No,NA ,20-Jan-2021 06:00 PM,NA ,90.0,No ,No,Online,30-Jan-2021 11:00 AM,Orissa Bridge and Construction Corporation Ltd,Puri,752001.0,2.0,,AKHILA KUMAR SETHI,"2,507,472",Accepted-AOC,04-Jun-2021,Orissa Bridge and Construction Corporation Ltd,C6_Agroforestry,plantation,Mitigation,False,False
2021_OLIC_65369_1,EEOLICSBP-12/2020-21,Installation of Khamardihi RL Project under Lakhanpur Block in Jharsuguda District,Installation of Khamardihi RL Project under Lakhanpur Block in Jharsuguda District,Works,Open Tender,Percentage,Civil Works - Lift Irrigation Schemes,No,No,NA ,11-Jan-2021 10:00 AM,NA ,120.0,No ,No,Online,22-Jan-2021 10:00 AM,Orissa Lift Irrigation Corporation||LI Northern Circle Sambalpur||LI Division Sambalpur,Lakhanpur,768219.0,1.0,"37,92,551",NILADHRI POWER AND CONSTRUCTION,"3,792,511",Accepted-AOC,24-Jun-2021,Orissa Lift Irrigation Corporation||LI Northern Circle Sambalpur||LI Division Sambalpur,C2_Irrigation,irrigation|lift irrigation,Mitigation,False,False
2021_OLIC_65369_2,EEOLICSBP-12/2020-21,Installation of Nuapali RL Project under Lakhanpur Block in Jharsuguda District,Installation of Nuapali RL Project under Lakhanpur Block in Jharsuguda District,Works,Open Tender,Percentage,Civil Works - Lift Irrigation Schemes,No,No,NA ,11-Jan-2021 10:00 AM,NA ,120.0,No ,No,Online,22-Jan-2021 10:00 AM,Orissa Lift Irrigation Corporation||LI Northern Circle Sambalpur||LI Division Sambalpur,Lakhanpur,768219.0,1.0,"36,19,587",NILADHRI POWER AND CONSTRUCTION,"3,619,225",Accepted-AOC,24-Jun-2021,Orissa Lift Irrigation Corporation||LI Northern Circle Sambalpur||LI Division Sambalpur,C2_Irrigation,irrigation|lift irrigation,Mitigation,False,False
2021_OLIC_65473_11,Bid Identification No. 01 /2020-21 Dt. 01.01.2021,INSTALATION AND ENERGISATION OF BADAGOAN LI PROJECT,INSTALATION AND ENERGISATION OF BADAGOAN LI PROJECT,Works,Open Tender,Percentage,Civil Works - Lift Irrigation Schemes,No,No,NA ,13-Jan-2021 03:10 PM,NA ,90.0,No ,No,Online,22-Jan-2021 11:00 AM,"Orissa Lift Irrigation Corporation||LI,Central Circle, Cuttack||LI,Division, Bhubaneswar",NIMAPARA,754001.0,1.0,,AGRAWALLA POWER INFRASTRUCTURE,30.23,Accepted-AOC,25-Jun-2021,"Orissa Lift Irrigation Corporation||LI,Central Circle, Cuttack||LI,Division, Bhubaneswar",C2_Irrigation,irrigation|lift irrigation,Unknown,False,False
2021_OLIC_65473_12,Bid Identification No. 01 /2020-21 Dt. 01.01.2021,INSTALATION AND ENERGISATION OF GABANALIA LI PROJECT,INSTALATION AND ENERGISATION OF GABANALIA LI PROJECT,Works,Open Tender,Percentage,Civil Works - Lift Irrigation Schemes,No,No,NA ,13-Jan-2021 03:15 PM,NA ,90.0,No ,No,Online,22-Jan-2021 11:00 AM,"Orissa Lift Irrigation Corporation||LI,Central Circle, Cuttack||LI,Division, Bhubaneswar",NIMAPARA,754001.0,1.0,,AGRAWALLA POWER INFRASTRUCTURE,30.3,Accepted-AOC,25-Jun-2021,"Orissa Lift Irrigation Corporation||LI,Central Circle, Cuttack||LI,Division, Bhubaneswar",C2_Irrigation,irrigation|lift irrigation,Unknown,False,False
2021_OLIC_65564_4,Bid Identification No. 40 /2020-21 Dt. 06.01.2021,INSTALATION AND ENERGIATION OF SARADHAPUR-VI LI PROJECT,INSTALATION AND ENERGIATION OF SARADHAPUR-VI LI PROJECT,Works,Open Tender,Percentage,Civil Works - Lift Irrigation Schemes,No,No,NA ,19-Jan-2021 10:00 AM,NA ,90.0,No ,No,Online,29-Jan-2021 11:00 AM,"Orissa Lift Irrigation Corporation||LI,Central Circle, Cuttack||LI,Division, Bhubaneswar",KHORDHA,750282.0,1.0,,ABHILASH PRADHAN,"1,127,050",Accepted-AOC,11-Jun-2021,"Orissa Lift Irrigation Corporation||LI,Central Circle, Cuttack||LI,Division, Bhubaneswar",C2_Irrigation,irrigation|lift irrigation,Unknown,False,False
2021_OLIC_65564_6,Bid Identification No. 40 /2020-21 Dt. 06.01.2021,INSTALATION AND ENERGIATION OF KALARAJHAR-III LI PROJECT,INSTALATION AND ENERGIATION OF KALARAJHAR-III LI PROJECT,Works,Open Tender,Percentage,Civil Works - Lift Irrigation Schemes,No,No,NA ,19-Jan-2021 10:00 AM,NA ,90.0,No ,No,Online,29-Jan-2021 11:00 AM,"Orissa Lift Irrigation Corporation||LI,Central Circle, Cuttack||LI,Division, Bhubaneswar",BEGUNIA,750282.0,1.0,,AGRAWALLA POWER INFRASTRUCTURE,"1,131,094",Accepted-AOC,11-Jun-2021,"Orissa Lift Irrigation Corporation||LI,Central Circle, Cuttack||LI,Division, Bhubaneswar",C2_Irrigation,irrigation|lift irrigation,Unknown,False,False
2021_OLIC_66028_1,EEOLICSBP-13/2020-21,Revival of Jamgaon-III RL Project under Lakhanpur Block in Jharsuguda District,Revival of Jamgaon-III RL Project under Lakhanpur Block in Jharsuguda District,Works,Open Tender,Percentage,Civil Works - Lift Irrigation Schemes,No,No,NA ,05-Feb-2021 10:00 AM,NA ,90.0,No ,No,Online,17-Feb-2021 10:00 AM,Orissa Lift Irrigation Corporation||LI Northern Circle Sambalpur||LI Division Sambalpur,Lakhanpur,768219.0,1.0,"13,15,390",NILADHRI POWER AND CONSTRUCTION,"1,315,258",Accepted-AOC,24-Jun-2021,Orissa Lift Irrigation Corporation||LI Northern Circle Sambalpur||LI Division Sambalpur,C2_Irrigation|C3_Drought,irrigation|lift irrigation|revival,Unknown,False,False
2021_OLIC_66028_2,EEOLICSBP-13/2020-21,Revival of Tileimal RL Project under Jharsuguda Block in Jharsuguda District,Revival of Tileimal RL Project under Jharsuguda Block in Jharsuguda District,Works,Open Tender,Percentage,Civil Works - Lift Irrigation Schemes,No,No,NA ,05-Feb-2021 10:00 AM,NA ,90.0,No ,No,Online,17-Feb-2021 10:00 AM,Orissa Lift Irrigation Corporation||LI Northern Circle Sambalpur||LI Division Sambalpur,Jharsuguda,768201.0,1.0,"8,16,675",NILADHRI POWER AND CONSTRUCTION,"816,594",Accepted-AOC,24-Jun-2021,Orissa Lift Irrigation Corporation||LI Northern Circle Sambalpur||LI Division Sambalpur,C2_Irrigation|C3_Drought,irrigation|lift irrigation|revival,Unknown,False,False
2021_OLIC_67191_12,"07/2020-21, Dt.02-03-2021",LUHAPADA-I-TW,LUHAPADA-I-TW,Works,Open Tender,Percentage,Civil Works - Lift Irrigation Schemes,No,No,NA ,17-Mar-2021 11:00 AM,NA ,365.0,No ,No,Online,31-Mar-2021 11:00 AM,Orissa Lift Irrigation Corporation||LI BALASORE||LI Division Jaleswar,JALESWAR BALASORE ODISHA,756032.0,1.0,"13,69,499",PABITRA SANKHUA,"1,561,228.89",Accepted-AOC,28-Jun-2021,Orissa Lift Irrigation Corporation||LI BALASORE||LI Division Jaleswar,C2_Irrigation,irrigation|lift irrigation|tw ,Unknown,False,False
2021_OLIC_67191_13,"07/2020-21, Dt.02-03-2021",MAHESPUR-I-RL,MAHESPUR-I-RL,Works,Open Tender,Percentage,Civil Works - Lift Irrigation Schemes,No,No,NA ,17-Mar-2021 11:00 AM,NA ,365.0,No ,No,Online,31-Mar-2021 11:00 AM,Orissa Lift Irrigation Corporation||LI BALASORE||LI Division Jaleswar,JALESWAR BALASORE ODISHA,756032.0,1.0,"13,81,089",JAY CHANDRA DEY,"1,314,952",Accepted-AOC,07-Jun-2021,Orissa Lift Irrigation Corporation||LI BALASORE||LI Division Jaleswar,C2_Irrigation,irrigation|lift irrigation,Unknown,False,False
2021_OLIC_67191_14,"07/2020-21, Dt.02-03-2021",KUKULESWAR-III-RL,KUKULESWAR-III-RL,Works,Open Tender,Percentage,Civil Works - Lift Irrigation Schemes,No,No,NA ,17-Mar-2021 11:00 AM,NA ,365.0,No ,No,Online,31-Mar-2021 11:00 AM,Orissa Lift Irrigation Corporation||LI BALASORE||LI Division Jaleswar,JALESWAR BALASORE ODISHA,756032.0,1.0,"16,50,618",RAMESH NAYAK,"1,788,240",Accepted-AOC,07-Jun-2021,Orissa Lift Irrigation Corporation||LI BALASORE||LI Division Jaleswar,C2_Irrigation,irrigation|lift irrigation,Unknown,False,False
2021_OLIC_67191_5,"07/2020-21, Dt.02-03-2021",KALAJODI-TW,KALAJODI-TW,Works,Open Tender,Percentage,Civil Works - Lift Irrigation Schemes,No,No,NA ,17-Mar-2021 11:00 AM,NA ,365.0,No ,No,Online,31-Mar-2021 11:00 AM,Orissa Lift Irrigation Corporation||LI BALASORE||LI Division Jaleswar,JALESWAR BALASORE ODISHA,756032.0,1.0,"14,83,766",BIDYUT LATA KAR,"1,661,818",Accepted-AOC,07-Jun-2021,Orissa Lift Irrigation Corporation||LI BALASORE||LI Division Jaleswar,C2_Irrigation,irrigation|lift irrigation|tw ,Unknown,False,False
2021_OLIC_67191_8,"07/2020-21, Dt.02-03-2021",KHUARD-IV-TW,KHUARD-IV-TW,Works,Open Tender,Percentage,Civil Works - Lift Irrigation Schemes,No,No,NA ,17-Mar-2021 11:00 AM,NA ,365.0,No ,No,Online,31-Mar-2021 11:00 AM,Orissa Lift Irrigation Corporation||LI BALASORE||LI Division Jaleswar,JALESWAR BALASORE ODISHA,756032.0,1.0,"15,01,196",PABITRA SANKHUA,"1,711,363.86",Accepted-AOC,28-Jun-2021,Orissa Lift Irrigation Corporation||LI BALASORE||LI Division Jaleswar,C2_Irrigation,irrigation|lift irrigation|tw ,Unknown,False,False
2021_OMC_66708_4,NIT No. 06/ OMC/CIVIL/2021,Construction of 4 units of D type quarter at Baliparrbat of Daitari in the district of Keonjhar.,Construction of 4 units of D type quarter at Baliparrbat of Daitari in the district of Keonjhar.,Works,Open Tender,Percentage,Civil Works - Buildings,No,No,NA ,25-Feb-2021 05:00 PM,NA ,180.0,No ,No,Online,15-Mar-2021 11:00 AM,Orissa Mining Corporation,DAITARI,758026.0,2.0,,AMIT KUMAR KARAN,"5,944,487.99",Accepted-AOC,07-Jun-2021,Orissa Mining Corporation,C2_Irrigation,lip,Mitigation,False,False
2021_OMC_67219_1,OMC/E-PROC/CMC/29/2021,Selection of Service Provider for Installation and Commissioning of MPLS (Multiprotocol Label Switching) and ILL (Internet Lease Line) Links and for providing associated Managed Services,Selection of Service Provider for Installation and Commissioning of MPLS (Multiprotocol Label Switching) and ILL (Internet Lease Line) Links and for providing associated Managed Services,Services,Open Tender,Item Rate,Miscellaneous Services,No,No,NA ,16-Mar-2021 05:30 PM,24-Mar-2021 11:00 AM ,180.0,No ,No,Online,10-May-2021 11:00 AM,Orissa Mining Corporation,OMC,751001.0,2.0,,BHARTI AIRTEL LTD,"2,757,500",Accepted-AOC,29-Jun-2021,Orissa Mining Corporation,C5_ClimateSmartFarming|C8_Scheme,omm|swi,Mitigation,False,False
2021_OMC_67818_4,NIT No. 11/OMC/CIVIL/2021,Construction of additional class room at Kuliposh High School under Kuliposh GP in the dist of Sundargarh Under PD Scheme,Construction of additional class room at Kuliposh High School under Kuliposh GP in the dist of Sundargarh Under PD Scheme,Works,Open Tender,Percentage,Civil Works - Others,No,No,NA ,16-Apr-2021 10:00 AM,NA ,180.0,No ,No,Online,03-May-2021 11:00 AM,Orissa Mining Corporation,KULIPOSH,765015.0,2.0,,MANORANJAN MUNDA,"1,738,832.65",Accepted-AOC,26-Jun-2021,Orissa Mining Corporation,C2_Irrigation,lip,Mitigation,False,False
2021_ORULB_66213_13,MC(CMC)CTC_Div-II_No8/2020-21,Sinking of Production Well of Size 200mm x 150 mm at relocation sites Near Laxmanpur (Muslim Sahi ) for Rehabilitation and resettlement of Person affected by the redevelopment for expansion of Taladanda Canal Road (Both,Sinking of Production Well of Size 200mm x 150 mm at relocation sites Near Laxmanpur (Muslim Sahi ) for Rehabilitation and resettlement of Person affected by the redevelopment for expansion of Taladanda Canal Road (Both,Works,Open Tender,Percentage,Civil Works - Others,No,No,NA ,01-Mar-2021 11:00 AM,NA ,90.0,No ,No,Online,09-Mar-2021 10:00 AM,Municipal Bodies||Cuttack Municipal Corporation,CMC,753012.0,1.0,,Pabitra Mohanty,"1,083,228",Accepted-AOC,26-Jun-2021,Municipal Bodies||Cuttack Municipal Corporation,C2_Irrigation,canal,DamageResponse,False,False
2021_ORULB_66214_8,MC(CMC)CTC_Div-II_No9/2020-21,Development of available land at proposed relocation sites near Laxmanpur at Jagatpur for rehabilitation and resettlement of person affected by the redevelopment for expansion of Taladanda Canal road (both side) from Ranihat Bridge to N.H.-16.,Development of available land at proposed relocation sites near Laxmanpur at Jagatpur for rehabilitation and resettlement of person affected by the redevelopment for expansion of Taladanda Canal road (both side) from Ranihat Bridge to N.H.-16.,Works,Open Tender,Percentage,Civil Works - Others,No,No,NA ,10-Mar-2021 12:15 PM,NA ,90.0,No ,No,Online,19-Mar-2021 10:00 AM,Municipal Bodies||Cuttack Municipal Corporation,CMC,753012.0,1.0,,CHITTA RANJAN SAHOO,"922,543",Accepted-AOC,26-Jun-2021,Municipal Bodies||Cuttack Municipal Corporation,C2_Irrigation,canal,DamageResponse,False,False
2021_ORULB_66350_2,EO/AGLM-11/2020-21,Formation of road with paver Block from Kuio road towards canal road of Sweeper Colony in ward No.19,Formation of road with paver Block from Kuio road towards canal road of Sweeper Colony in ward No.19,Works,Open Tender,Percentage,Civil Works - Others,No,No,NA ,12-Feb-2021 12:30 PM,NA ,90.0,No ,No,Online,23-Feb-2021 11:00 AM,Municipal Bodies||Angul Municipality,Angul,759122.0,1.0,,DEBABRATA NAIK,"676,200",Accepted-AOC,28-Jun-2021,Municipal Bodies||Angul Municipality,C2_Irrigation,canal,Unknown,False,False
2021_ORULB_67265_2,07/2020-21,Construction of drain and culvert in front of Baunsapatana Community Centre in ward no. 10 (At Reserve Line),Construction of drain and culvert in front of Baunsapatana Community Centre in ward no. 10 (At Reserve Line),Works,Open Tender,Percentage,Civil Works - Others,No,No,NA ,18-Mar-2021 11:00 AM,NA ,60.0,No ,No,Online,31-Mar-2021 11:00 AM,Municipal Bodies||Dhenkanal Municipality,Dhenkanal Municipality,759001.0,1.0,"8,00,000",Rakesh Kumar Mallik,"799,920",Accepted-AOC,17-Jun-2021,Municipal Bodies||Dhenkanal Municipality,C8_Scheme,omm,Mitigation,False,False
2021_OSAMB_67133_1,02 RMC 02/2020-21,"Construction of infrastructural Development work in Suanpada Haat under RMC,Anandapur","Construction of infrastructural Development work in Suanpada Haat under RMC,Anandapur",Works,Open Tender,Percentage,Civil Works - Buildings,No,No,NA ,13-Mar-2021 09:00 AM,NA ,60.0,No ,No,Online,24-Mar-2021 11:00 AM,Odisha State Agricultural Marketing Board||RMC Anandapur,ANANDAPUR,758021.0,1.0,,MANAMOHAN BARAL,"4,662,008",Accepted-AOC,01-Jun-2021,Odisha State Agricultural Marketing Board||RMC Anandapur,C2_Irrigation,rmc,Mitigation,False,False
2021_OWSSB_66924_1,02(4)/CESEPTAGE/2020-21,"Construction, Testing, Commissioning and Trial run of Septage Treatment Facility 10 KLD for Champua town in Keonjhar District, Odisha","Construction, Testing, Commissioning and Trial run of Septage Treatment Facility 10 KLD for Champua town in Keonjhar District, Odisha",Works,National Competitive Bid,Lump-sum,Civil Works - Others,No,No,NA ,09-Mar-2021 10:00 AM,NA ,120.0,No ,No,Online,26-Mar-2021 11:30 AM,Orissa Water Supply and Sewerage Board||Chief Engineer Septage OWSSB Bhubaneswar,"Champua, Keonjhar",751007.0,2.0,,ABHILASH BISWAL,"23,087,400",Accepted-AOC,29-Jun-2021,Orissa Water Supply and Sewerage Board||Chief Engineer Septage OWSSB Bhubaneswar,C8_Scheme,omm,Mitigation,False,False
2019_ORULB_56493_12,BBLM-3/2019-20,"Improvement of road from Dillip Mahanta house to Munda sahi, Nalda in Ward No.1","Improvement of road from Dillip Mahanta house to Munda sahi, Nalda in Ward No.1",Works,Open Tender,Percentage,Civil Works - Others,No,No,NA ,25-Sep-2019 10:00 AM,NA ,90.0,No ,No,Online,01-Oct-2019 10:00 AM,Municipal Bodies||Barbil Municipality,Barbil,758035.0,2.0,"10,00,000",RASHMI RANJAN JENA,"1,144,609",Accepted-AOC,30-Dec-2019,Municipal Bodies||Barbil Municipality,C2_Irrigation,lip,Mitigation,False,False
