{"type":"FeatureCollection", "features": [
{"type":"Feature","geometry":{"type":"Polygon","coordinates":[[[90.18541866620383,26.64047548366383],[90.19628654290159,26.670396008675496],[90.1797982066101,26.70688828218163],[90.12789904448825,26.75024232458383],[90.04920523770227,26.7304019206385],[90.00814895216385,26.732264882159516],[89.96668047286069,26.723496730839187],[89.8976477109855,26.724305320293254],[89.86237854588222,26.736973813779496],[89.86485692858082,26.649436529567172],[89.84974148124981,26.628105125081593],[89.86953041204983,26.6139859571237],[89.85755182060552,26.575965956422163],[89.86234263303379,26.55490932668696],[89.85198133878261,26.522818792922468],[89.85403086935783,26.499597113902748],[89.86878011666663,26.45224476707287],[89.84776010046528,26.42223951184736],[89.85641625037339,26.384995521028053],[89.84121245463253,26.379383937910347],[89.87567824649574,26.36282032849631],[89.87171002766136,26.34805125375306],[89.90266252012647,26.338786660789292],[89.90561250756944,26.327907630828953],[89.90561260458753,26.327905197715488],[89.93269321265102,26.339114468605803],[89.94873814770482,26.33301571340237],[89.98230636269906,26.34406835647434],[89.97631317772088,26.3550220634018],[89.98542328317298,26.392047121590437],[90.0522545913921,26.426981802289287],[90.066074886374,26.45184593841009],[90.0972103836288,26.465493253569424],[90.10954795982694,26.4902857481661],[90.09944951532283,26.51872158960541],[90.10835533489617,26.54789273032062],[90.1272971570782,26.554559051231536],[90.1370256564837,26.585886617268528],[90.15796996626615,26.598284444085877],[90.18541866620383,26.64047548366383]]]},"properties":{"revenue_ci":"Gossaigaon (Pt)","district_3":"KOKRAJHAR","object_id":101,"district_1":"Kokrajhar","revenue_cr":"Gossaigaon (Pt)","HQ":null,"area":1068571780,"are_new":1069}},
{"type":"Feature","geometry":{"type":"Polygon","coordinates":[[[90.10500293993516,26.331344274458672],[90.11649979274036,26.356701257164964],[90.10914290587208,26.385137422478085],[90.11370726559362,26.43941049431783],[90.0972103836288,26.465493253569424],[90.066074886374,26.45184593841009],[90.0522545913921,26.426981802289287],[89.98542328317298,26.392047121590437],[89.97631317772088,26.3550220634018],[89.98230636269906,26.34406835647434],[90.02188387036284,26.32434551889911],[90.05090716158504,26.29691640835325],[90.10500293993516,26.331344274458672]]]},"properties":{"revenue_ci":"Bhowraguri","district_3":"KOKRAJHAR","object_id":102,"district_1":"Kokrajhar","revenue_cr":"Bhawraguri","HQ":null,"area":158892607.3,"are_new":159}},
{"type":"Feature","geometry":{"type":"Polygon","coordinates":[[[90.20515067076427,26.371233634539827],[90.18616045813452,26.407962480541347],[90.19912160348039,26.43838811067358],[90.2375191865949,26.43017080984778],[90.26323344633147,26.439594258292264],[90.24056680294296,26.456556615176495],[90.22177217511015,26.48607895220468],[90.20956039359451,26.54667253115059],[90.231893327228,26.62074884989132],[90.18541866620383,26.64047548366383],[90.15796996626615,26.598284444085877],[90.1370256564837,26.585886617268528],[90.1272971570782,26.554559051231536],[90.10835533489617,26.54789273032062],[90.09944951532283,26.51872158960541],[90.10954795982694,26.4902857481661],[90.0972103836288,26.465493253569424],[90.11370726559362,26.43941049431783],[90.10914290587208,26.385137422478085],[90.11649979274036,26.356701257164964],[90.10500293993516,26.331344274458672],[90.11678640741826,26.338942432935625],[90.14869411715257,26.352642418238606],[90.18790091165818,26.345652574814807],[90.20515067076427,26.371233634539827]]]},"properties":{"revenue_ci":"Dotoma","district_3":"KOKRAJHAR","object_id":103,"district_1":"Kokrajhar","revenue_cr":"Dotoma","HQ":null,"area":303966231.6,"are_new":304}},
{"type":"Feature","geometry":{"type":"Polygon","coordinates":[[[90.3615654591892,26.595861598595977],[90.35399617465515,26.60979475255905],[90.35686393840184,26.657351915843645],[90.37705506920908,26.71760109460609],[90.35399204060822,26.776326923610394],[90.33639187116762,26.845130753125925],[90.33640989227058,26.86900109814437],[90.29993683107463,26.84838548504813],[90.23076915302357,26.858801563726477],[90.20118819036794,26.835393234176337],[90.1876879211043,26.807114888973743],[90.19466618604663,26.773712364326474],[90.12789904448825,26.75024232458383],[90.1797982066101,26.70688828218163],[90.19628654290159,26.670396008675496],[90.18541866620383,26.64047548366383],[90.231893327228,26.62074884989132],[90.20956039359451,26.54667253115059],[90.22177217511015,26.48607895220468],[90.24056680294296,26.456556615176495],[90.26323344633147,26.439594258292264],[90.2375191865949,26.43017080984778],[90.19912160348039,26.43838811067358],[90.18616045813452,26.407962480541347],[90.20515067076427,26.371233634539827],[90.22671623114273,26.385087821811844],[90.23427900019604,26.365515441808014],[90.22510886033348,26.343722848150207],[90.27350289862463,26.306259210419146],[90.29126236092466,26.340544699735077],[90.32808447959219,26.36296344922193],[90.35443710103428,26.350718124222837],[90.36244810965141,26.31628282620359],[90.37946634056945,26.304451228297705],[90.40410951024666,26.316039227680804],[90.39605406466738,26.34753316046308],[90.402022508246,26.363892055462635],[90.42500503701763,26.36302777758958],[90.42577317743392,26.396077435511543],[90.40527098429831,26.41316245421407],[90.40393125215496,26.44214277051467],[90.40164976938682,26.49056884225476],[90.3907468763593,26.516139954492047],[90.36262345360835,26.552639520162934],[90.3615654591892,26.595861598595977]]]},"properties":{"revenue_ci":"Kokrajhar (Pt)","district_3":"KOKRAJHAR","object_id":104,"district_1":"Kokrajhar","revenue_cr":"Kokrajhar (Pt)","HQ":"y","area":990246710.7,"are_new":990}},
{"type":"Feature","geometry":{"type":"Polygon","coordinates":[[[90.10500293993516,26.331344274458672],[90.05090716158504,26.29691640835325],[90.02188387036284,26.32434551889911],[89.98230636269906,26.34406835647434],[89.94873814770482,26.33301571340237],[89.93269321265102,26.339114468605803],[89.93196781766919,26.30878770848957],[89.91573477180161,26.282348880029886],[89.92991911084906,26.271544607429536],[89.90808336597925,26.23591613455254],[89.91993996530964,26.207308497943206],[89.9521583789445,26.222798939273474],[89.98878743618276,26.223020672273535],[90.0438249822256,26.20419695800655],[90.03193316713943,26.180770284771214],[90.05251859906755,26.156516377133435],[90.08726674220438,26.186220838403557],[90.10135903537622,26.184996355871732],[90.15210832518828,26.208999358984514],[90.121807683531,26.236365727136103],[90.11972498176557,26.25979912963364],[90.13993612973229,26.274639956400772],[90.11987344094268,26.308148250308204],[90.11678640741826,26.338942432935625],[90.10500293993516,26.331344274458672]]]},"properties":{"revenue_ci":"Bagribari (Pt)","district_3":"KOKRAJHAR","object_id":105,"district_1":"Kokrajhar","revenue_cr":"Bagribari (Pt)","HQ":null,"area":281011470.5,"are_new":281}},
{"type":"Feature","geometry":{"type":"Polygon","coordinates":[[[89.93269321265102,26.339114468605803],[89.90561260458753,26.327905197715488],[89.88221612045484,26.308344344062935],[89.86857730312663,26.271765221999825],[89.87421331525289,26.24736237307709],[89.85997493984618,26.219960182020337],[89.86030749167277,26.191411866444767],[89.8720185495541,26.17383913523115],[89.86817739831497,26.151857321178838],[89.88367213591849,26.13528767834117],[89.90857520886865,26.132496436272817],[89.9161602444629,26.116355369941697],[89.94038631287897,26.128458499100613],[89.91517497585255,26.14676417010571],[89.91739028512359,26.177182559795824],[89.90336281887419,26.18747875428041],[89.91993996530964,26.207308497943206],[89.90808336597925,26.23591613455254],[89.92991911084906,26.271544607429536],[89.91573477180161,26.282348880029886],[89.93196781766919,26.30878770848957],[89.93269321265102,26.339114468605803]]]},"properties":{"revenue_ci":"Golokganj (Pt)","district_3":"KOKRAJHAR","object_id":106,"district_1":"Kokrajhar","revenue_cr":"Golokganj (Pt)","HQ":null,"area":102804109.1,"are_new":103}},
{"type":"Feature","geometry":{"type":"Polygon","coordinates":[[[90.05251859906755,26.156516377133435],[90.03193316713943,26.180770284771214],[90.0438249822256,26.20419695800655],[89.98878743618276,26.223020672273535],[89.9521583789445,26.222798939273474],[89.91993996530964,26.207308497943206],[89.90336281887419,26.18747875428041],[89.91739028512359,26.177182559795824],[89.91517497585255,26.14676417010571],[89.94038631287897,26.128458499100613],[90.02503298196498,26.12679198342518],[90.05257918953518,26.15557810036693],[90.05251859906755,26.156516377133435]]]},"properties":{"revenue_ci":"Dhubri (Pt)","district_3":"KOKRAJHAR","object_id":107,"district_1":"Kokrajhar","revenue_cr":"Dhubri (Pt)","HQ":null,"area":124091385.6,"are_new":124}},
{"type":"Feature","geometry":{"type":"Polygon","coordinates":[[[90.37946634056945,26.304451228297705],[90.36244810965141,26.31628282620359],[90.35443710103428,26.350718124222837],[90.32808447959219,26.36296344922193],[90.29126236092466,26.340544699735077],[90.27350289862463,26.306259210419146],[90.28048994190392,26.297407661271777],[90.27264332408544,26.25261517629406],[90.31812423999625,26.267862177516324],[90.36283862706834,26.273120031323465],[90.37946634056945,26.304451228297705]]]},"properties":{"revenue_ci":"Chapar (Pt)","district_3":"KOKRAJHAR","object_id":108,"district_1":"Kokrajhar","revenue_cr":"Chapar (Pt)","HQ":null,"area":101233159.3,"are_new":101}},
{"type":"Feature","geometry":{"type":"Polygon","coordinates":[[[90.21468561107382,26.127263196685703],[90.1998519921969,26.13612226364005],[90.19084503759392,26.176036358985627],[90.1628388360044,26.188460115166787],[90.15210832518828,26.208999358984514],[90.10135903537622,26.184996355871732],[90.08726674220438,26.186220838403557],[90.05251859906755,26.156516377133435],[90.05257918953518,26.15557810036693],[90.06225119479073,26.131339370012103],[90.03270289847208,26.103550478142903],[90.05412098961686,26.080965317985086],[90.06258751325332,26.05970213298851],[90.05864694905497,26.037770655316383],[90.0709035690797,26.02637536949095],[90.12535876876487,26.054762659042144],[90.18032598121253,26.048011604231707],[90.16878964745062,26.077517899978247],[90.17370492864804,26.10307952582704],[90.19547762975121,26.12729193715615],[90.21468561107382,26.127263196685703]]]},"properties":{"revenue_ci":"Bagribari (Pt)","district_3":"DHUBRI","object_id":109,"district_1":"Dhubri","revenue_cr":"Bagribari (Pt)","HQ":null,"area":212860104.4,"are_new":213}},
{"type":"Feature","geometry":{"type":"Polygon","coordinates":[[[89.76054170024796,26.3163005505798],[89.73380158781312,26.292769976168255],[89.7308991419099,26.2582195814787],[89.71658616231716,26.24690896535708],[89.71927087995171,26.191881017159112],[89.70348736093378,26.17739672018838],[89.7420155357344,26.15950300922132],[89.7633504913929,26.136873768214915],[89.75505475006834,26.11292060777064],[89.7857367229705,26.10142085078886],[89.81879758835692,26.089161585912688],[89.82788397469226,26.118728586907384],[89.81889766606945,26.164676983829256],[89.8093096802424,26.178681399376757],[89.8204511173004,26.207843384552284],[89.84849207201331,26.224456706971004],[89.84250624872891,26.244946376639437],[89.85310648047259,26.280587388495228],[89.84813555313492,26.298474241409874],[89.83672992065358,26.306998912929316],[89.79493807389927,26.29998732404015],[89.76054170024796,26.3163005505798]]]},"properties":{"revenue_ci":"Agamoni","district_3":"DHUBRI","object_id":110,"district_1":"Dhubri","revenue_cr":"Agamoni","HQ":null,"area":220975059.2,"are_new":221}},
{"type":"Feature","geometry":{"type":"Polygon","coordinates":[[[89.90561250756944,26.327907630828953],[89.88426362982071,26.326261644458295],[89.84813555313492,26.298474241409874],[89.85310648047259,26.280587388495228],[89.84250624872891,26.244946376639437],[89.84849207201331,26.224456706971004],[89.8204511173004,26.207843384552284],[89.8093096802424,26.178681399376757],[89.81889766606945,26.164676983829256],[89.82788397469226,26.118728586907384],[89.81879758835692,26.089161585912688],[89.7857367229705,26.10142085078886],[89.78167760091756,26.089120060596876],[89.81191539464098,26.04038998797454],[89.81684807351046,26.023239358204577],[89.84579133112905,26.026304083953676],[89.86316366625401,26.04849940610662],[89.8867019638273,26.05882580269666],[89.91561745452047,26.059097024757932],[89.9295947902854,26.074628163275868],[89.92553059454775,26.090741980717315],[89.94038631287897,26.128458499100613],[89.9161602444629,26.116355369941697],[89.90857520886865,26.132496436272817],[89.88367213591849,26.13528767834117],[89.86817739831497,26.151857321178838],[89.8720185495541,26.17383913523115],[89.86030749167277,26.191411866444767],[89.85997493984618,26.219960182020337],[89.87421331525289,26.24736237307709],[89.86857730312663,26.271765221999825],[89.88221612045484,26.308344344062935],[89.90561260458753,26.327905197715488],[89.90561250756944,26.327907630828953]]]},"properties":{"revenue_ci":"Golokganj (Pt)","district_3":"DHUBRI","object_id":111,"district_1":"Dhubri","revenue_cr":"Golakganj (Pt)","HQ":null,"area":199162500.1,"are_new":199}},
{"type":"Feature","geometry":{"type":"Polygon","coordinates":[[[90.0709035690797,26.02637536949095],[90.05864694905497,26.037770655316383],[90.06258751325332,26.05970213298851],[90.05412098961686,26.080965317985086],[90.03270289847208,26.103550478142903],[90.06225119479073,26.131339370012103],[90.05257918953518,26.15557810036693],[90.02503298196498,26.12679198342518],[89.94038631287897,26.128458499100613],[89.92553059454775,26.090741980717315],[89.9295947902854,26.074628163275868],[89.91561745452047,26.059097024757932],[89.8867019638273,26.05882580269666],[89.86316366625401,26.04849940610662],[89.84579133112905,26.026304083953676],[89.81684807351046,26.023239358204577],[89.8308984243417,26.00194486643867],[89.87317113208108,25.97596318608221],[89.84190305966001,25.97041634450481],[89.84839996145904,25.94274883833646],[89.887246515366,25.945143431432157],[89.8783251809894,25.92419802905869],[89.84311755587302,25.882881951016234],[89.87937599068289,25.8803067725926],[89.888922201256,25.895727931156234],[89.9303222594772,25.906346696438632],[89.94723547194867,25.924680955403304],[89.94517460912614,25.950001098282424],[89.97558078935457,25.978610367510203],[90.01942848723044,26.002321286638722],[90.06350842296347,26.005582510277343],[90.0709035690797,26.02637536949095]]]},"properties":{"revenue_ci":"Dhubri (Pt)","district_3":"DHUBRI","object_id":112,"district_1":"Dhubri","revenue_cr":"Dhubri (Pt)","HQ":"y","area":357274694.3,"are_new":357}},
{"type":"Feature","geometry":{"type":"Polygon","coordinates":[[[90.27350289862463,26.306259210419146],[90.22510886033348,26.343722848150207],[90.23427900019604,26.365515441808014],[90.22671623114273,26.385087821811844],[90.20515067076427,26.371233634539827],[90.18790091165818,26.345652574814807],[90.14869411715257,26.352642418238606],[90.11678640741826,26.338942432935625],[90.11987344094268,26.308148250308204],[90.13993612973229,26.274639956400772],[90.11972498176557,26.25979912963364],[90.121807683531,26.236365727136103],[90.15210832518828,26.208999358984514],[90.1628388360044,26.188460115166787],[90.19084503759392,26.176036358985627],[90.1998519921969,26.13612226364005],[90.21468561107382,26.127263196685703],[90.24798334782757,26.140442254563713],[90.26108651681989,26.15458264126981],[90.26478085459549,26.183244126589756],[90.30996818580005,26.192925772227614],[90.2711238363588,26.21854493622547],[90.26013572375348,26.23730662383615],[90.27264332408544,26.25261517629406],[90.28048994190392,26.297407661271777],[90.27350289862463,26.306259210419146]]]},"properties":{"revenue_ci":"Bilasipara (Pt)","district_3":"DHUBRI","object_id":113,"district_1":"Dhubri","revenue_cr":"Bilasipara (Pt)","HQ":null,"area":294886928.3,"are_new":295}},
{"type":"Feature","geometry":{"type":"Polygon","coordinates":[[[90.42500503701763,26.36302777758958],[90.402022508246,26.363892055462635],[90.39605406466738,26.34753316046308],[90.40410951024666,26.316039227680804],[90.37946634056945,26.304451228297705],[90.36283862706834,26.273120031323465],[90.31812423999625,26.267862177516324],[90.27264332408544,26.25261517629406],[90.26013572375348,26.23730662383615],[90.2711238363588,26.21854493622547],[90.30996818580005,26.192925772227614],[90.35757680098715,26.19002797948499],[90.39016840533375,26.20402451189191],[90.41048669356776,26.21184884715828],[90.44287122186832,26.238536765256953],[90.45801944063923,26.266014983767406],[90.48248490918017,26.294026111296265],[90.45390985752185,26.349730151864772],[90.43243678858337,26.344838054707516],[90.42500503701763,26.36302777758958]]]},"properties":{"revenue_ci":"Chapar (Pt)","district_3":"DHUBRI","object_id":114,"district_1":"Dhubri","revenue_cr":"Chapar (Pt)","HQ":null,"area":195049812.7,"are_new":195}},
{"type":"Feature","geometry":{"type":"Polygon","coordinates":[[[90.39114440782197,26.191478363217925],[90.39016840533375,26.20402451189191],[90.35757680098715,26.19002797948499],[90.30996818580005,26.192925772227614],[90.26478085459549,26.183244126589756],[90.26108651681989,26.15458264126981],[90.24798334782757,26.140442254563713],[90.21468561107382,26.127263196685703],[90.19547762975121,26.12729193715615],[90.17370492864804,26.10307952582704],[90.16878964745062,26.077517899978247],[90.18032598121253,26.048011604231707],[90.19736565491644,26.024187930735792],[90.17389400245574,25.9928923636062],[90.1222127626387,25.970125990443922],[90.11787053562564,25.95754143724236],[90.17701272045855,25.958905991087125],[90.18669537434349,25.947496986013864],[90.28352366131452,25.963132126844226],[90.32736036920122,25.974467134709915],[90.34965163537856,26.00422084187067],[90.39968427081655,26.01260872845697],[90.41677620670701,25.991596935720384],[90.44374996376072,25.99608672112831],[90.4829928022688,26.039635912671958],[90.46890803158914,26.061881471406018],[90.40703950298806,26.056964088387414],[90.38437062369283,26.044292238260173],[90.35499466826312,26.048231724340624],[90.3451807902781,26.06167440717791],[90.38460962316911,26.08997518626605],[90.36074295632515,26.107412796544057],[90.35320820213234,26.125498869903307],[90.37542870891308,26.1409448513976],[90.39114440782197,26.191478363217925]]]},"properties":{"revenue_ci":"Lakhipur","district_3":"GOALPARA","object_id":115,"district_1":"Goalpara","revenue_cr":"Lakhipur","HQ":null,"area":486513089.8,"are_new":487}},
{"type":"Feature","geometry":{"type":"Polygon","coordinates":[[[90.60474712223032,26.21357664073773],[90.57732363890099,26.20351527631123],[90.54970769691191,26.20586651221678],[90.49714683215852,26.189107038259788],[90.46927861628824,26.168240320321125],[90.44477461541148,26.165723097838754],[90.44576916092376,26.185812958175358],[90.42466981809292,26.193654095187767],[90.39114440782197,26.191478363217925],[90.37542870891308,26.1409448513976],[90.35320820213234,26.125498869903307],[90.36074295632515,26.107412796544057],[90.38460962316911,26.08997518626605],[90.3451807902781,26.06167440717791],[90.35499466826312,26.048231724340624],[90.38437062369283,26.044292238260173],[90.40703950298806,26.056964088387414],[90.46890803158914,26.061881471406018],[90.4829928022688,26.039635912671958],[90.44374996376072,25.99608672112831],[90.47607117969841,26.009679538854265],[90.49705284771858,25.99682053624066],[90.53494013654772,25.949681263626623],[90.50848871389913,25.901596706507583],[90.52635433101459,25.904937480366687],[90.57666667847583,25.936843040328785],[90.58924917584461,25.958319526399194],[90.60638089093253,25.994788690563844],[90.61124010018818,26.024199539568983],[90.59769139466276,26.07408727432059],[90.61880217304714,26.098866629813106],[90.63433781723374,26.129141085048907],[90.64037412044723,26.20868744049815],[90.6224089807781,26.202049451089223],[90.60474712223032,26.21357664073773]]]},"properties":{"revenue_ci":"Balijana","district_3":"GOALPARA","object_id":116,"district_1":"Goalpara","revenue_cr":"Balijana","HQ":null,"area":541158544.1,"are_new":541}},
{"type":"Feature","geometry":{"type":"Polygon","coordinates":[[[90.66893873997022,26.20136271924837],[90.64037412044723,26.20868744049815],[90.63433781723374,26.129141085048907],[90.61880217304714,26.098866629813106],[90.59769139466276,26.07408727432059],[90.61124010018818,26.024199539568983],[90.60638089093253,25.994788690563844],[90.58924917584461,25.958319526399194],[90.62405908983528,25.93926882054093],[90.62847352253253,25.917685819194183],[90.70412610448372,25.951084427120282],[90.71285225650864,25.992036725874446],[90.74335334823843,25.995900786617216],[90.75512876771491,26.018810148670557],[90.78497946211105,26.02199555523841],[90.81124321861195,26.01064673298089],[90.83080265141642,26.018449968777233],[90.86144694538231,26.04881343941401],[90.89336864547882,26.057035456970663],[90.9224372504189,26.093112661577287],[90.86914296603325,26.097170385247406],[90.86094438199828,26.111512536023245],[90.83911990290044,26.10927476448187],[90.79078281779832,26.129198140834202],[90.74553806358584,26.13618202814712],[90.71352882985141,26.13093642556119],[90.6940239679038,26.15083688153295],[90.67105643291256,26.19965690114592],[90.66893873997022,26.20136271924837]]]},"properties":{"revenue_ci":"Matia","district_3":"GOALPARA","object_id":117,"district_1":"Goalpara","revenue_cr":"Matia","HQ":null,"area":477602971.1,"are_new":478}},
{"type":"Feature","geometry":{"type":"Polygon","coordinates":[[[90.92385753000222,25.942965306604673],[90.92365002545979,25.99261342588625],[90.8914225127894,26.032440616407378],[90.89336864547882,26.057035456970663],[90.86144694538231,26.04881343941401],[90.83080265141642,26.018449968777233],[90.81124321861195,26.01064673298089],[90.78497946211105,26.02199555523841],[90.75512876771491,26.018810148670557],[90.74335334823843,25.995900786617216],[90.71285225650864,25.992036725874446],[90.70412610448372,25.951084427120282],[90.7403309763465,25.939488309166176],[90.76382006510683,25.907809271116697],[90.77803652880716,25.908708513084573],[90.79631527303694,25.940614533212287],[90.80908019039214,25.947503496566885],[90.87475879660835,25.942644124824405],[90.89435432461926,25.93127401684963],[90.92385753000222,25.942965306604673]]]},"properties":{"revenue_ci":"Dudhnai","district_3":"GOALPARA","object_id":118,"district_1":"Goalpara","revenue_cr":"Dudhnoi","HQ":null,"area":196278296.1,"are_new":196}},
{"type":"Feature","geometry":{"type":"Polygon","coordinates":[[[90.94025562154027,26.092996308258883],[90.9224372504189,26.093112661577287],[90.89336864547882,26.057035456970663],[90.8914225127894,26.032440616407378],[90.92365002545979,25.99261342588625],[90.92385753000222,25.942965306604673],[90.93992344790443,25.947395468997836],[90.95939011707941,25.93130482505211],[90.96591013881888,25.888533476727662],[91.0304077209479,25.88595446792805],[91.04756561563812,25.941508979432786],[91.08592889568519,25.98195359602983],[91.0894685318908,26.031141803576634],[91.05464593368829,26.049637215468017],[91.02622656545857,26.04674658514463],[90.98125894420617,26.06280961930114],[90.94025562154027,26.092996308258883]]]},"properties":{"revenue_ci":"Rangjuli","district_3":"GOALPARA","object_id":119,"district_1":"Goalpara","revenue_cr":"Rangjuli","HQ":null,"area":277190398.1,"are_new":277}},
{"type":"Feature","geometry":{"type":"Polygon","coordinates":[[[90.91844572659107,26.363955629138548],[90.93166142035251,26.397611497065302],[90.91845735528244,26.429065221826896],[90.8967563675867,26.41960429115789],[90.85155296821665,26.41462043441125],[90.84496410408536,26.403304597629205],[90.86029975005208,26.378792463620528],[90.84094491035019,26.357713704126738],[90.81792188193228,26.366867802063435],[90.78947424192393,26.3294050535176],[90.80291266757015,26.305669616229565],[90.77309232994244,26.303981833684958],[90.75907851359382,26.31220287835444],[90.72983619334241,26.29302097426702],[90.71766354872875,26.26371492521265],[90.68382109694288,26.25775299992447],[90.65333357067217,26.23737115814208],[90.66893873997022,26.20136271924837],[90.67105643291256,26.19965690114592],[90.68999947860001,26.192698361961696],[90.75707661079664,26.20182994704219],[90.75918553438518,26.21923121371354],[90.80091154990055,26.243367618372087],[90.83726562654208,26.306784124732502],[90.8904409371532,26.32450592000276],[90.89739860282772,26.352747061567317],[90.91844572659107,26.363955629138548]]]},"properties":{"revenue_ci":"Kalgachia","district_3":"BARPETA","object_id":120,"district_1":"Barpeta","revenue_cr":"Kalgachia","HQ":null,"area":232225684.6,"are_new":232}},
{"type":"Feature","geometry":{"type":"Polygon","coordinates":[[[91.01785504944317,26.224337303887015],[91.02917015330347,26.233647263564247],[91.02553741031195,26.25933075227602],[90.9986951234967,26.259223267769794],[91.00217969746694,26.289841196135534],[90.99351565855403,26.302456636563576],[90.94970337855486,26.30697607924563],[90.95359193389154,26.332140551685264],[90.91844572659107,26.363955629138548],[90.89739860282772,26.352747061567317],[90.8904409371532,26.32450592000276],[90.83726562654208,26.306784124732502],[90.80091154990055,26.243367618372087],[90.75918553438518,26.21923121371354],[90.75707661079664,26.20182994704219],[90.68999947860001,26.192698361961696],[90.67105643291256,26.19965690114592],[90.6940239679038,26.15083688153295],[90.71352882985141,26.13093642556119],[90.74553806358584,26.13618202814712],[90.79078281779832,26.129198140834202],[90.83911990290044,26.10927476448187],[90.86094438199828,26.111512536023245],[90.86914296603325,26.097170385247406],[90.9224372504189,26.093112661577287],[90.94025562154027,26.092996308258883],[90.95344279379142,26.09598010346201],[91.00638658699424,26.128110144373093],[90.99092432618315,26.14992761815286],[90.94103498281282,26.140243370338876],[90.89554242293933,26.1708537377706],[90.92308759834526,26.18813462734238],[90.97692374740856,26.207630697024236],[91.00516546570603,26.210553985522584],[91.01785504944317,26.224337303887015]]]},"properties":{"revenue_ci":"Baghbor","district_3":"BARPETA","object_id":121,"district_1":"Barpeta","revenue_cr":"Baghbor","HQ":null,"area":512830660.7,"are_new":513}},
{"type":"Feature","geometry":{"type":"Polygon","coordinates":[[[91.0955272642403,26.411902988578383],[91.08475336479599,26.425830040359862],[91.05652847643537,26.428889585113417],[90.98072883578061,26.416610080939112],[90.91699934645717,26.4680845101617],[90.91845735528244,26.429065221826896],[90.93166142035251,26.397611497065302],[90.91844572659107,26.363955629138548],[90.95359193389154,26.332140551685264],[90.94970337855486,26.30697607924563],[90.99351565855403,26.302456636563576],[91.00217969746694,26.289841196135534],[90.9986951234967,26.259223267769794],[91.02553741031195,26.25933075227602],[91.02917015330347,26.233647263564247],[91.01785504944317,26.224337303887015],[91.04298993085577,26.228653946858874],[91.06967248104382,26.220098362613793],[91.09547228554827,26.228653563287374],[91.10061466174783,26.246093046314677],[91.08640709316546,26.28077635945545],[91.14622114955891,26.299604035812155],[91.14185662007232,26.32167625240672],[91.1263358933093,26.334341989594165],[91.13387863711827,26.353440900193217],[91.10352731430929,26.361060026633606],[91.09444590194568,26.34364674683888],[91.06525342741277,26.347584887947825],[91.07162641290655,26.373916765995475],[91.0955272642403,26.411902988578383]]]},"properties":{"revenue_ci":"Barpeta","district_3":"BARPETA","object_id":122,"district_1":"Barpeta","revenue_cr":"Barpeta","HQ":"y","area":315725333.4,"are_new":316}},
{"type":"Feature","geometry":{"type":"Polygon","coordinates":[[[91.230497357015,26.433277836522024],[91.20148414668691,26.427169672647288],[91.19802473901933,26.44655121367568],[91.1794959945443,26.46748572090948],[91.13936233809149,26.461806224252143],[91.12927307257296,26.47256111169891],[91.10465322855042,26.45426616992905],[91.11853043090728,26.422495084083938],[91.0955272642403,26.411902988578383],[91.07162641290655,26.373916765995475],[91.06525342741277,26.347584887947825],[91.09444590194568,26.34364674683888],[91.10352731430929,26.361060026633606],[91.13387863711827,26.353440900193217],[91.1263358933093,26.334341989594165],[91.14185662007232,26.32167625240672],[91.14622114955891,26.299604035812155],[91.18365829439583,26.290480456501108],[91.21881198825584,26.27346110401967],[91.26032756263609,26.288780888822455],[91.26238795833468,26.317543835690294],[91.27551496861463,26.34062668313566],[91.27127993936107,26.36523443173914],[91.25257524995617,26.36358603849474],[91.23543211099282,26.379877828219136],[91.23663129901504,26.414196325040177],[91.230497357015,26.433277836522024]]]},"properties":{"revenue_ci":"Sarthebari","district_3":"BARPETA","object_id":123,"district_1":"Barpeta","revenue_cr":"Sarthebari","HQ":null,"area":261719921.4,"are_new":262}},
{"type":"Feature","geometry":{"type":"Polygon","coordinates":[[[91.23758008704172,26.59162328689672],[91.22964540198605,26.58205190088009],[91.1784717731866,26.58011976430044],[91.14286446693902,26.587704859266754],[91.15796309241802,26.529329117531137],[91.1384143971761,26.51023537546167],[91.12927307257296,26.47256111169891],[91.13936233809149,26.461806224252143],[91.1794959945443,26.46748572090948],[91.19802473901933,26.44655121367568],[91.20148414668691,26.427169672647288],[91.230497357015,26.433277836522024],[91.2647392231324,26.498810292581467],[91.24956358328747,26.523283313596423],[91.25035247568515,26.5372530226716],[91.28992953958117,26.56353393815402],[91.26909822618337,26.58439678598049],[91.23758008704172,26.59162328689672]]]},"properties":{"revenue_ci":"Bajali (Pt)","district_3":"BAJALI","object_id":124,"district_1":"Barpeta","revenue_cr":"Bajali (Pt)","HQ":null,"area":167129509.3,"are_new":167}},
{"type":"Feature","geometry":{"type":"Polygon","coordinates":[[[91.23569084465925,26.616826675799484],[91.16848903708099,26.627625863142313],[91.15137182798829,26.638897940769795],[91.14416757027671,26.625443045041983],[91.14286446693902,26.587704859266754],[91.1784717731866,26.58011976430044],[91.22964540198605,26.58205190088009],[91.23758008704172,26.59162328689672],[91.23569084465925,26.616826675799484]]]},"properties":{"revenue_ci":"Jalah (Pt)","district_3":"BAJALI","object_id":125,"district_1":"Barpeta","revenue_cr":"Jalah (Pt)","HQ":null,"area":41272560.57,"are_new":41}},
{"type":"Feature","geometry":{"type":"Polygon","coordinates":[[[92.29858775657316,26.333515080786853],[92.3071438862609,26.416747568574156],[92.28319891776522,26.455487526838972],[92.25573180955074,26.45179412894618],[92.22087049755278,26.416836103782536],[92.18190126611734,26.42445678454412],[92.15972354968683,26.4146332883802],[92.12291669429429,26.37065163491006],[92.08582253162274,26.34036890581731],[92.07219339903159,26.314570456053357],[92.0888863050695,26.328195796606643],[92.11452241227465,26.31408772837088],[92.12648154980315,26.329211971958177],[92.14907586892978,26.32278652312418],[92.18878042712086,26.29924064850658],[92.20653297149487,26.325682107727665],[92.24479027369462,26.324411578895567],[92.29858775657316,26.333515080786853]]]},"properties":{"revenue_ci":"Bhuragaon","district_3":"MORIGAON","object_id":126,"district_1":"Morigaon","revenue_cr":"Bhuragaon","HQ":null,"area":218905955.5,"are_new":219}},
{"type":"Feature","geometry":{"type":"Polygon","coordinates":[[[92.44187464538602,26.37025430920298],[92.42814527967379,26.42780469103099],[92.44193110180669,26.43632154567724],[92.4198268648715,26.47893195315861],[92.41902918335708,26.51703222368087],[92.38291557942884,26.516451107271255],[92.34418479770073,26.504668603515846],[92.30802940594211,26.48259079836271],[92.28319891776522,26.455487526838972],[92.3071438862609,26.416747568574156],[92.29858775657316,26.333515080786853],[92.36790886507814,26.32830013838108],[92.40274732663023,26.363028701602296],[92.44187464538602,26.37025430920298]]]},"properties":{"revenue_ci":"Laharighat","district_3":"MORIGAON","object_id":127,"district_1":"Morigaon","revenue_cr":"Laharighat","HQ":null,"area":232534594.4,"are_new":233}},
{"type":"Feature","geometry":{"type":"Polygon","coordinates":[[[92.36790886507814,26.32830013838108],[92.29858775657316,26.333515080786853],[92.24479027369462,26.324411578895567],[92.23948014789556,26.307430913619584],[92.25672790375859,26.29436475878374],[92.2544222536144,26.239651983022945],[92.27484028808259,26.23531484568901],[92.2685792147069,26.214607423131056],[92.25049951288958,26.19665693089688],[92.25326754657176,26.16982764413053],[92.29739283644686,26.154027337164017],[92.2831265764354,26.139407097586123],[92.27563242878834,26.1097624111673],[92.27750319013045,26.067635691156735],[92.30282118413056,26.085306527220506],[92.32987722147442,26.076769555963214],[92.37955214237635,26.09125450889655],[92.39541667416155,26.11357133112123],[92.39847918727196,26.13561650082867],[92.41771079338822,26.15372755852964],[92.4275709426952,26.183469983347194],[92.42937815811243,26.217714351444563],[92.41110530862755,26.2470548929114],[92.41857091410309,26.268090688632316],[92.40851099295163,26.269021250277092],[92.36790886507814,26.32830013838108]]]},"properties":{"revenue_ci":"Marigaon","district_3":"MORIGAON","object_id":128,"district_1":"Morigaon","revenue_cr":"Morigaon","HQ":"y","area":389659479.6,"are_new":390}},
{"type":"Feature","geometry":{"type":"Polygon","coordinates":[[[92.56019797768066,26.373620895317536],[92.55148873464431,26.38211419977881],[92.44187464538602,26.37025430920298],[92.40274732663023,26.363028701602296],[92.36790886507814,26.32830013838108],[92.40851099295163,26.269021250277092],[92.41857091410309,26.268090688632316],[92.50414100009719,26.27302178111591],[92.5293902325539,26.28775559760049],[92.55264064433312,26.308314322807277],[92.56820441656791,26.337813587315157],[92.56019797768066,26.373620895317536]]]},"properties":{"revenue_ci":"Mikirbheta","district_3":"MORIGAON","object_id":129,"district_1":"Morigaon","revenue_cr":"Mikirbheta","HQ":null,"area":183812069.7,"are_new":184}},
{"type":"Feature","geometry":{"type":"Polygon","coordinates":[[[93.29768419967978,26.576553817134887],[93.29141574574575,26.59059867713631],[93.29781686377925,26.63490433109375],[93.3179579620184,26.655672561023113],[93.30670050664318,26.66847935697599],[93.31508974462247,26.68655211085959],[93.30395902716077,26.700333453358997],[93.28392610404813,26.688706337829437],[93.24171646792318,26.68378537174747],[93.22658432091104,26.660488583371713],[93.22038196321894,26.631507447871165],[93.16758548653625,26.611970276490116],[93.145180305896,26.59168327827554],[93.09499025328093,26.577609986814398],[93.06793198182699,26.598016176989724],[93.01380080715974,26.597644832389495],[92.9931171992525,26.61362445540411],[92.95201887255878,26.620300118693567],[92.93427802963967,26.615116001528403],[92.9197505637981,26.59649553400345],[92.89391369660166,26.595815457641457],[92.86921704123243,26.581623934202117],[92.85112407129834,26.584976258341854],[92.85041150156384,26.566972355897647],[92.82816829615253,26.536468163936796],[92.85311067937951,26.517128243245278],[92.87538980752075,26.516876790861133],[92.87352722084772,26.478909225819702],[92.89824097654667,26.479361348255186],[92.95370104877668,26.454892777744384],[92.93323111054968,26.421120780529353],[92.94167314970476,26.400758104242115],[93.00410263308162,26.42461226583404],[93.01802571150172,26.420232299045523],[93.04827473955605,26.43442664190202],[93.07628628522319,26.420606698648626],[93.08661583391056,26.438192111991135],[93.12360109112525,26.461298672262824],[93.12716183145182,26.486164591077884],[93.09036197124038,26.46866869932698],[93.07048037023569,26.49137133274577],[93.01363153940738,26.477204192208255],[93.01607187486046,26.510834696932175],[93.04633312269759,26.52684352501841],[93.05995388838018,26.544653542203204],[93.08909561618437,26.544582577661718],[93.11799183981132,26.5316394206638],[93.18261242645555,26.565139976183044],[93.2110074862737,26.559786825493173],[93.1998693801688,26.5331043568158],[93.24394329000289,26.532708590211477],[93.23502324830199,26.554123134339225],[93.2699329812904,26.57288973258368],[93.29768419967978,26.576553817134887]]]},"properties":{"revenue_ci":"Kaliabor","district_3":"NAGAON","object_id":130,"district_1":"Nagaon","revenue_cr":"Kaliabor","HQ":null,"area":580444524.8,"are_new":580}},
{"type":"Feature","geometry":{"type":"Polygon","coordinates":[[[92.94167314970476,26.400758104242115],[92.93323111054968,26.421120780529353],[92.95370104877668,26.454892777744384],[92.89824097654667,26.479361348255186],[92.87352722084772,26.478909225819702],[92.86157710869287,26.484695109962637],[92.83044282955359,26.46499847933842],[92.81067464444676,26.472803115299122],[92.79372771640605,26.462849043659542],[92.79004927791266,26.438379577177994],[92.76179303206044,26.430747744061254],[92.75428457065763,26.411575984176565],[92.69780827117764,26.39448596210773],[92.70582766646626,26.38320744626135],[92.74264152602312,26.380843254983283],[92.77407175064116,26.35464680312995],[92.7912214769505,26.31207528597199],[92.77544168324606,26.296127793549736],[92.80297621271757,26.244270663152605],[92.79362086898955,26.219448812064627],[92.82706184211537,26.225050857376576],[92.81271662468201,26.243770047659684],[92.84365848378913,26.304691688789404],[92.87973444112043,26.283664360159666],[92.91121938122411,26.316771537924655],[92.94599313263473,26.333673045856568],[92.94099037259666,26.35179044714259],[92.90066323699793,26.349601476273815],[92.87000480265117,26.366386721926656],[92.89325834416087,26.386391922115354],[92.94167314970476,26.400758104242115]]]},"properties":{"revenue_ci":"Samaguri","district_3":"NAGAON","object_id":131,"district_1":"Nagaon","revenue_cr":"Samaguri","HQ":null,"area":342479635.6,"are_new":342}},
{"type":"Feature","geometry":{"type":"Polygon","coordinates":[[[92.85112407129834,26.584976258341854],[92.7946095934188,26.556966081973258],[92.77129687718639,26.555660487189535],[92.7645443669598,26.532558712127702],[92.74733467091872,26.510765491219704],[92.70517330127399,26.52896888530335],[92.68964944567884,26.510343911999538],[92.662348454825,26.522117090067276],[92.60452784987852,26.5090256634958],[92.6038465343294,26.48415248121083],[92.62099045842032,26.434223034165235],[92.59954650747346,26.40863157852538],[92.61779845675494,26.38618074722803],[92.64567346568545,26.406440344568583],[92.69780827117764,26.39448596210773],[92.75428457065763,26.411575984176565],[92.76179303206044,26.430747744061254],[92.79004927791266,26.438379577177994],[92.79372771640605,26.462849043659542],[92.81067464444676,26.472803115299122],[92.83044282955359,26.46499847933842],[92.86157710869287,26.484695109962637],[92.87352722084772,26.478909225819702],[92.87538980752075,26.516876790861133],[92.85311067937951,26.517128243245278],[92.82816829615253,26.536468163936796],[92.85041150156384,26.566972355897647],[92.85112407129834,26.584976258341854]]]},"properties":{"revenue_ci":"Rupahi","district_3":"NAGAON","object_id":132,"district_1":"Nagaon","revenue_cr":"Rupahi","HQ":null,"area":305559066.5,"are_new":306}},
{"type":"Feature","geometry":{"type":"Polygon","coordinates":[[[92.5923367044616,26.50677452712038],[92.52262981086459,26.50805080613254],[92.47795051108916,26.495727987628953],[92.45810341527284,26.499479741593685],[92.44209683917995,26.519707237374533],[92.41902918335708,26.51703222368087],[92.4198268648715,26.47893195315861],[92.44193110180669,26.43632154567724],[92.42814527967379,26.42780469103099],[92.44187464538602,26.37025430920298],[92.55148873464431,26.38211419977881],[92.56019797768066,26.373620895317536],[92.57758804195605,26.40002565866222],[92.59954650747346,26.40863157852538],[92.62099045842032,26.434223034165235],[92.6038465343294,26.48415248121083],[92.60452784987852,26.5090256634958],[92.5923367044616,26.50677452712038]]]},"properties":{"revenue_ci":"Dhing","district_3":"NAGAON","object_id":133,"district_1":"Nagaon","revenue_cr":"Dhing","HQ":null,"area":247888462.7,"are_new":248}},
{"type":"Feature","geometry":{"type":"Polygon","coordinates":[[[92.59954650747346,26.40863157852538],[92.57758804195605,26.40002565866222],[92.56019797768066,26.373620895317536],[92.56820441656791,26.337813587315157],[92.55264064433312,26.308314322807277],[92.5293902325539,26.28775559760049],[92.53508972412969,26.280358891511597],[92.57962375554388,26.298674122117653],[92.6277139566565,26.278854166533566],[92.64167675229024,26.265046740851023],[92.64403533566255,26.212655883336847],[92.67949910011089,26.208530224849973],[92.70771770385777,26.22572672851151],[92.77623692134291,26.19952035427366],[92.80197654501153,26.201766714066615],[92.79362086898955,26.219448812064627],[92.80297621271757,26.244270663152605],[92.77544168324606,26.296127793549736],[92.7912214769505,26.31207528597199],[92.77407175064116,26.35464680312995],[92.74264152602312,26.380843254983283],[92.70582766646626,26.38320744626135],[92.69780827117764,26.39448596210773],[92.64567346568545,26.406440344568583],[92.61779845675494,26.38618074722803],[92.59954650747346,26.40863157852538]]]},"properties":{"revenue_ci":"Nagaon","district_3":"NAGAON","object_id":134,"district_1":"Nagaon","revenue_cr":"Nagaon","HQ":"y","area":372041429.1,"are_new":372}},
{"type":"Feature","geometry":{"type":"Polygon","coordinates":[[[92.64403533566255,26.212655883336847],[92.64167675229024,26.265046740851023],[92.6277139566565,26.278854166533566],[92.57962375554388,26.298674122117653],[92.53508972412969,26.280358891511597],[92.5293902325539,26.28775559760049],[92.50414100009719,26.27302178111591],[92.41857091410309,26.268090688632316],[92.41110530862755,26.2470548929114],[92.42937815811243,26.217714351444563],[92.4275709426952,26.183469983347194],[92.41771079338822,26.15372755852964],[92.39847918727196,26.13561650082867],[92.39541667416155,26.11357133112123],[92.44943501953077,26.100031205401407],[92.45389924314927,26.115576568538728],[92.47933725656293,26.129731406709364],[92.48664574669529,26.149357882042228],[92.52664576168158,26.140563266991663],[92.51774723732667,26.11638482693532],[92.53268464036503,26.09660971041169],[92.56377673012697,26.115804302590682],[92.57600568383758,26.17744042547059],[92.61254369143188,26.220334108570153],[92.64403533566255,26.212655883336847]]]},"properties":{"revenue_ci":"Raha","district_3":"NAGAON","object_id":135,"district_1":"Nagaon","revenue_cr":"Raha","HQ":null,"area":340889151.3,"are_new":341}},
{"type":"Feature","geometry":{"type":"Polygon","coordinates":[[[92.77623692134291,26.19952035427366],[92.70771770385777,26.22572672851151],[92.67949910011089,26.208530224849973],[92.64403533566255,26.212655883336847],[92.61254369143188,26.220334108570153],[92.57600568383758,26.17744042547059],[92.56377673012697,26.115804302590682],[92.59603310207416,26.070875141802443],[92.57100729679829,26.01438143236563],[92.54599154995869,25.971512814794888],[92.56561363396602,25.96162465506137],[92.58924244129578,25.964367367668242],[92.65372643999937,25.999422709126616],[92.65649478988855,26.020563216807496],[92.68368067691009,26.027652447679166],[92.7124527147372,26.019762380811844],[92.71736865170475,26.058242908258293],[92.75359088530703,26.05645072735771],[92.7406532695334,26.094098339921256],[92.73207771018437,26.11532821719195],[92.7038154950271,26.12517961350845],[92.72254578551927,26.150878429272275],[92.751427933444,26.141981693065357],[92.76171272626728,26.157100731502616],[92.7555489287588,26.180585488337073],[92.77623692134291,26.19952035427366]]]},"properties":{"revenue_ci":"Kampur","district_3":"NAGAON","object_id":136,"district_1":"Nagaon","revenue_cr":"Kampur","HQ":null,"area":375122906.9,"are_new":375}},
{"type":"Feature","geometry":{"type":"Polygon","coordinates":[[[92.58788222037738,26.961246788710724],[92.55412109666744,26.957536773204396],[92.50257058687706,26.963403456069738],[92.44739993117037,26.95890848050924],[92.39826127844191,26.9247872708898],[92.36484227361635,26.93206189642904],[92.34966755184963,26.911801278455606],[92.34296543711048,26.852067145869366],[92.33294221124007,26.84200128000396],[92.33899040455466,26.786167675207036],[92.32847763188872,26.770821537396984],[92.33775104836451,26.71232703065049],[92.33148510881493,26.662735627786194],[92.3488504918779,26.66415011760386],[92.35076104140057,26.698557194855155],[92.3640673895472,26.69816294190874],[92.36296241503535,26.66018464894394],[92.38831547297595,26.648653061999774],[92.39535449906577,26.62702400918257],[92.35742515291165,26.6118407639239],[92.3605866262304,26.582343836122135],[92.36955214154929,26.549371360190726],[92.33176675580933,26.515134221416567],[92.34418479770073,26.504668603515846],[92.38291557942884,26.516451107271255],[92.41902918335708,26.51703222368087],[92.44209683917995,26.519707237374533],[92.45810341527284,26.499479741593685],[92.47795051108916,26.495727987628953],[92.52262981086459,26.50805080613254],[92.5923367044616,26.50677452712038],[92.5938775334645,26.53378632363458],[92.57801905362936,26.572241874831533],[92.58333182406864,26.60892498085279],[92.60032496144753,26.617270684684758],[92.63525689270494,26.660218127699345],[92.64098543939029,26.697357080841112],[92.6374378216534,26.71242041162672],[92.61516061141532,26.731448633477108],[92.61935729877591,26.75450699071171],[92.6050442994202,26.7966337130269],[92.61778987514903,26.81230642144077],[92.59265746410345,26.83775087348046],[92.59148972520103,26.861753644755275],[92.57137848516528,26.8879812916903],[92.5797708501801,26.944175203837116],[92.58788222037738,26.961246788710724]]]},"properties":{"revenue_ci":"Dhekiajuli (Pt)","district_3":"SONITPUR","object_id":137,"district_1":"Sonitpur","revenue_cr":"Dhekiajuli (Pt)","HQ":null,"area":1231160620,"are_new":1231}},
{"type":"Feature","geometry":{"type":"Polygon","coordinates":[[[92.9829628184523,26.935518691407246],[92.91707319258597,26.96302748312468],[92.91833856219013,26.98240276574647],[92.88376835375156,27.000460383845716],[92.8236680482945,27.00944014109526],[92.79340482775697,27.022942835922304],[92.76315275710878,27.027410503668435],[92.7228490926918,27.01830983558118],[92.67744911768305,27.03175737164939],[92.66738050892451,27.027220101639195],[92.644729510595,26.98676012065653],[92.58788222037738,26.961246788710724],[92.5797708501801,26.944175203837116],[92.57137848516528,26.8879812916903],[92.59148972520103,26.861753644755275],[92.59265746410345,26.83775087348046],[92.61778987514903,26.81230642144077],[92.6050442994202,26.7966337130269],[92.61935729877591,26.75450699071171],[92.61516061141532,26.731448633477108],[92.6374378216534,26.71242041162672],[92.64098543939029,26.697357080841112],[92.68296222949867,26.695781495284532],[92.74965767741253,26.723547593457404],[92.80005082384199,26.708952520537828],[92.82036049363917,26.718502789799576],[92.84113908850624,26.706579879626425],[92.84573339356777,26.682193775025297],[92.8813038455325,26.698307436314494],[92.86108186298516,26.71465427333545],[92.87771155098325,26.765743877677224],[92.86789035891519,26.790448570021702],[92.86221365580151,26.850880124556255],[92.89572155072106,26.876593401410375],[92.93345000842486,26.89010059719622],[92.9829628184523,26.935518691407246]]]},"properties":{"revenue_ci":"Chariduar","district_3":"SONITPUR","object_id":138,"district_1":"Sonitpur","revenue_cr":"Chariduar","HQ":null,"area":999613694.8,"are_new":1000}},
{"type":"Feature","geometry":{"type":"Polygon","coordinates":[[[92.8813038455325,26.698307436314494],[92.84573339356777,26.682193775025297],[92.84113908850624,26.706579879626425],[92.82036049363917,26.718502789799576],[92.80005082384199,26.708952520537828],[92.74965767741253,26.723547593457404],[92.68296222949867,26.695781495284532],[92.64098543939029,26.697357080841112],[92.63525689270494,26.660218127699345],[92.60032496144753,26.617270684684758],[92.58333182406864,26.60892498085279],[92.57801905362936,26.572241874831533],[92.5938775334645,26.53378632363458],[92.5923367044616,26.50677452712038],[92.60452784987852,26.5090256634958],[92.662348454825,26.522117090067276],[92.68964944567884,26.510343911999538],[92.70517330127399,26.52896888530335],[92.74733467091872,26.510765491219704],[92.7645443669598,26.532558712127702],[92.77129687718639,26.555660487189535],[92.7946095934188,26.556966081973258],[92.85112407129834,26.584976258341854],[92.86921704123243,26.581623934202117],[92.89391369660166,26.595815457641457],[92.9197505637981,26.59649553400345],[92.93427802963967,26.615116001528403],[92.91760615316255,26.65787779598292],[92.8948689075826,26.696135164781438],[92.8813038455325,26.698307436314494]]]},"properties":{"revenue_ci":"Tezpur","district_3":"SONITPUR","object_id":139,"district_1":"Sonitpur","revenue_cr":"Tezpur","HQ":"y","area":546146490.7,"are_new":546}},
{"type":"Feature","geometry":{"type":"Polygon","coordinates":[[[93.06168219129127,26.92216650650882],[93.02140474779914,26.913644309005143],[92.9829628184523,26.935518691407246],[92.93345000842486,26.89010059719622],[92.89572155072106,26.876593401410375],[92.86221365580151,26.850880124556255],[92.86789035891519,26.790448570021702],[92.87771155098325,26.765743877677224],[92.86108186298516,26.71465427333545],[92.8813038455325,26.698307436314494],[92.8948689075826,26.696135164781438],[92.91760615316255,26.65787779598292],[92.93427802963967,26.615116001528403],[92.95201887255878,26.620300118693567],[92.9931171992525,26.61362445540411],[93.01380080715974,26.597644832389495],[93.06793198182699,26.598016176989724],[93.09499025328093,26.577609986814398],[93.145180305896,26.59168327827554],[93.12338462229461,26.659538482635245],[93.10480451664321,26.694108006462766],[93.08408765849408,26.70170554607145],[93.05787306050044,26.803079744518364],[93.06343680855198,26.823379512766735],[93.04330102025448,26.850790419116663],[93.06042961549339,26.86974971415933],[93.06168219129127,26.92216650650882]]]},"properties":{"revenue_ci":"Na-Duar","district_3":"SONITPUR","object_id":140,"district_1":"Sonitpur","revenue_cr":"Naduar","HQ":null,"area":668195595.7,"are_new":668}},
{"type":"Feature","geometry":{"type":"Polygon","coordinates":[[[93.9085134804773,26.900532107579956],[93.90090616935895,26.917514730593417],[93.92739310330904,26.935389784385745],[93.93006095687076,26.949494418393833],[93.90956246569245,26.964524131035432],[93.87898202397696,27.015154984725072],[93.87816564133497,27.048196883341866],[93.88582166539622,27.065094566746986],[93.87422138955235,27.09402071432142],[93.82658721729543,27.09707815183258],[93.83559211026481,27.074394822961462],[93.71491747274833,27.014280907478383],[93.69768446273068,26.99427884202052],[93.74389248401557,26.95843397922643],[93.74897560733899,26.913703904768933],[93.73956199349173,26.89852698120609],[93.77596164615925,26.888088670945756],[93.78952928188265,26.86087724671514],[93.76995155488743,26.844776579888407],[93.80097525680512,26.82153338724642],[93.82388372127821,26.825194087520494],[93.83493576877888,26.85069408228639],[93.87852910778375,26.857084974550702],[93.89684586242815,26.871726707360324],[93.89171680734596,26.892187695147435],[93.9085134804773,26.900532107579956]]]},"properties":{"revenue_ci":"Narayanpur","district_3":"LAKHIMPUR","object_id":141,"district_1":"Lakhimpur","revenue_cr":"Narayanpur","HQ":null,"area":380387815.9,"are_new":380}},
{"type":"Feature","geometry":{"type":"Polygon","coordinates":[[[94.06133123124827,27.00800051266016],[94.0483821754295,27.0133841002481],[94.0320897051076,27.054009981541498],[94.0366488186679,27.064991397518536],[94.01760765808679,27.08929614330706],[94.01977669962913,27.103401952831838],[93.9688299610159,27.122371697724436],[93.94608304686857,27.145483231772467],[93.92573748937578,27.150259127286454],[93.91163840314378,27.16866273574828],[93.92159030637387,27.18260265696738],[93.88414677631194,27.20025553551512],[93.87988449666422,27.215297178398075],[93.83719970655122,27.171675214528765],[93.8052673632152,27.148162278624135],[93.8265180955276,27.112157074389696],[93.82658721729543,27.09707815183258],[93.87422138955235,27.09402071432142],[93.88582166539622,27.065094566746986],[93.87816564133497,27.048196883341866],[93.87898202397696,27.015154984725072],[93.90956246569245,26.964524131035432],[93.93006095687076,26.949494418393833],[93.92739310330904,26.935389784385745],[93.90090616935895,26.917514730593417],[93.9085134804773,26.900532107579956],[93.92617394483975,26.93026112989718],[93.9623143095803,26.92680657974927],[93.96321952572242,26.92655584265648],[93.96796450879982,26.923723386816256],[93.97124569700321,26.922525312719035],[93.97639652365464,26.923505472955473],[93.97894494170774,26.924694891297086],[93.98059324874446,26.92544108787997],[93.98801922324463,26.932237454901284],[93.99088263285716,26.93585424299711],[93.99486959593825,26.940106226252826],[93.99813688900086,26.94202269783754],[93.99924515673654,26.941836627843184],[94.00526161077553,26.937427174813955],[94.00652965017271,26.93626403234409],[94.00840496866826,26.931319739299614],[94.01070888955553,26.929940777218672],[94.01405590720128,26.930782761646775],[94.01758452826485,26.930947916072743],[94.01921307236533,26.931057439308045],[94.02150529179774,26.931544210981574],[94.02460290118798,26.93271298829499],[94.02484376107525,26.9332817340442],[94.02680156108352,26.936699113603705],[94.02695088893152,26.938405021659303],[94.02483364514683,26.946079479110065],[94.02497997801164,26.951747374909413],[94.02636221933258,26.958539706063934],[94.02790003269105,26.9593530786844],[94.03900428308953,26.97247821225888],[94.04087286422046,26.975624655880548],[94.04292355272408,26.977060846396785],[94.04648314230879,26.978362435138752],[94.0520197765101,26.979476040455268],[94.06133123124827,27.00800051266016]]]},"properties":{"revenue_ci":"Bihpuria","district_3":"LAKHIMPUR","object_id":142,"district_1":"Lakhimpur","revenue_cr":"Bihpuria","HQ":null,"area":406987947.4,"are_new":407}},
{"type":"Feature","geometry":{"type":"Polygon","coordinates":[[[94.06133123124827,27.00800051266016],[94.09656209039123,27.02790199051791],[94.1035019325922,27.04831711810993],[94.05120898947399,27.096627344115312],[94.06388113421654,27.128570081091745],[94.06077504922159,27.16585531348502],[94.06711322859137,27.19793796686936],[94.05267715824513,27.219431860572886],[94.05175621799225,27.257139872436557],[94.0431007355324,27.267188831381617],[94.04393709131644,27.297923494271014],[94.01931991169701,27.299544606422167],[93.9858050835801,27.322768247467383],[93.87988449666422,27.215297178398075],[93.88414677631194,27.20025553551512],[93.92159030637387,27.18260265696738],[93.91163840314378,27.16866273574828],[93.92573748937578,27.150259127286454],[93.94608304686857,27.145483231772467],[93.9688299610159,27.122371697724436],[94.01977669962913,27.103401952831838],[94.01760765808679,27.08929614330706],[94.0366488186679,27.064991397518536],[94.0320897051076,27.054009981541498],[94.0483821754295,27.0133841002481],[94.06133123124827,27.00800051266016]]]},"properties":{"revenue_ci":"Naobaicha","district_3":"LAKHIMPUR","object_id":143,"district_1":"Lakhimpur","revenue_cr":"Nowboicha","HQ":null,"area":329777873.3,"are_new":330}},
{"type":"Feature","geometry":{"type":"Polygon","coordinates":[[[94.32926641121949,27.319555664849386],[94.30514016180118,27.32010154174256],[94.3019782698675,27.343076791681725],[94.25027543544932,27.385144797535897],[94.26378245914557,27.400213736622124],[94.28341541546283,27.384949280145538],[94.30538677449948,27.397005175639592],[94.30592826907129,27.438225073371793],[94.27822125048883,27.465607253889466],[94.2789499764237,27.49520351653889],[94.26817903602992,27.520937848706453],[94.22074734044477,27.505376375212048],[94.16446889041455,27.476880373749466],[94.15934838639555,27.461714469302308],[94.08952130450176,27.407145503096014],[94.06803402870703,27.371733732001616],[94.05310779532097,27.35992474976987],[94.07378374688702,27.341895301410627],[94.10782814084709,27.29483686829442],[94.12452900056853,27.28997361625538],[94.13359995474559,27.25993420970907],[94.15852289124331,27.251624356017082],[94.18038087211137,27.255000696048015],[94.2081470330772,27.233461739775095],[94.23693361462875,27.248530577145704],[94.25850622498555,27.246601870047336],[94.27717482457392,27.212063335987327],[94.30366053771355,27.225603287092937],[94.31606555582995,27.244166298915797],[94.29407040311635,27.29352816676216],[94.30297055701519,27.30788778418557],[94.32926641121949,27.319555664849386]]]},"properties":{"revenue_ci":"Kadam","district_3":"LAKHIMPUR","object_id":144,"district_1":"Lakhimpur","revenue_cr":"Kadam","HQ":null,"area":523299066.2,"are_new":523}},
{"type":"Feature","geometry":{"type":"Polygon","coordinates":[[[94.27717482457392,27.212063335987327],[94.25850622498555,27.246601870047336],[94.23693361462875,27.248530577145704],[94.2081470330772,27.233461739775095],[94.18038087211137,27.255000696048015],[94.15852289124331,27.251624356017082],[94.13359995474559,27.25993420970907],[94.12452900056853,27.28997361625538],[94.10782814084709,27.29483686829442],[94.07378374688702,27.341895301410627],[94.05310779532097,27.35992474976987],[93.9858050835801,27.322768247467383],[94.01931991169701,27.299544606422167],[94.04393709131644,27.297923494271014],[94.0431007355324,27.267188831381617],[94.05175621799225,27.257139872436557],[94.05267715824513,27.219431860572886],[94.06711322859137,27.19793796686936],[94.06077504922159,27.16585531348502],[94.06388113421654,27.128570081091745],[94.05120898947399,27.096627344115312],[94.1035019325922,27.04831711810993],[94.09656209039123,27.02790199051791],[94.06133123124827,27.00800051266016],[94.0520197765101,26.979476040455268],[94.05209370067148,26.979502617938643],[94.05529119014489,26.980858006031717],[94.05995229033772,26.9828998649575],[94.0667140469235,26.977433602246002],[94.08286175104243,26.959783772710637],[94.08450918401842,26.959969990826195],[94.09988688281851,26.968729387248995],[94.10275287418918,26.969812878887982],[94.11095686518387,26.970869823818486],[94.11804710602465,26.970058113989513],[94.12284024778445,26.970328988282994],[94.1268831426701,26.968893965665682],[94.130884664747,26.968904055955598],[94.13436140091639,26.96902902079476],[94.13751824701313,26.974529297845802],[94.13795388231522,26.97730475198092],[94.1371999828911,26.980662143902705],[94.13394242576958,26.98823002413765],[94.13810686091652,26.989772932003877],[94.14634600478489,26.99315633727886],[94.14869987918848,26.9936703721243],[94.15051445360454,26.99429274015483],[94.15510223510049,26.99713470164629],[94.15818174703102,27.000184557946234],[94.16487155395247,27.00015562815967],[94.17082513400639,27.001426376265055],[94.18372049123244,27.000125488955383],[94.18476769778333,27.000527074079482],[94.18513843789096,27.00058360799063],[94.18691058667277,27.00220383609665],[94.18913032733307,27.004791530683818],[94.19163542323328,27.009715055915375],[94.1919236171495,27.011497369994032],[94.19158797691492,27.01469233774907],[94.18696588606333,27.028660893797724],[94.18695217328055,27.03104797026211],[94.18846656127133,27.035731281971255],[94.19240228444865,27.036018253906068],[94.20055177914661,27.03035535075114],[94.20418357261887,27.028620503661468],[94.20635524712328,27.02849737587195],[94.21231644219587,27.028782569045315],[94.21637289804904,27.029068885772357],[94.21987576531173,27.03002316796644],[94.22377574093062,27.03186122998384],[94.22444610242317,27.035755416901893],[94.22398801822216,27.036351455945063],[94.2224454455893,27.035621413281017],[94.22190162078765,27.03613625730692],[94.22366913066932,27.040336211684288],[94.22515465040016,27.04467165488556],[94.22556468192003,27.046665848934857],[94.22638418800426,27.055505408931047],[94.22730348434014,27.057724797633185],[94.22820750212972,27.059628421194375],[94.23165996132853,27.06475205791798],[94.23229031994322,27.06620110996908],[94.2386867757204,27.074890660910096],[94.24020020700544,27.07580208864639],[94.24655143620134,27.080988002295722],[94.25164537793572,27.08541568794525],[94.2540575503063,27.087886159084103],[94.25579139492437,27.08837045737113],[94.25721437843671,27.08848532017121],[94.26161782024647,27.089927544929],[94.26764596046898,27.092660585653462],[94.2668557987518,27.119306758848296],[94.25322923893563,27.123038905923355],[94.27746342722357,27.182070896359836],[94.27717482457392,27.212063335987327]]]},"properties":{"revenue_ci":"North Lakhimpur","district_3":"LAKHIMPUR","object_id":145,"district_1":"Lakhimpur","revenue_cr":"North Lakhimpur","HQ":"y","area":615562945.6,"are_new":616}},
{"type":"Feature","geometry":{"type":"Polygon","coordinates":[[[94.62204758339111,27.33295766586349],[94.6120302468757,27.35486770782163],[94.59322010962948,27.358357307631703],[94.59238638141764,27.377717307584746],[94.55906644100499,27.358496306947487],[94.50589108008823,27.335676914870326],[94.45630693394577,27.321757243687774],[94.43914683928143,27.310003420807206],[94.42633805988582,27.275383461465417],[94.39323811868287,27.22029936703271],[94.3662971770865,27.207822944507875],[94.36912663038132,27.19530393455807],[94.33636271389183,27.17216430874104],[94.31061857259567,27.171700697154396],[94.32999381034273,27.14584167120578],[94.3819318901776,27.177618244460064],[94.39816689347417,27.15651960133897],[94.3717034468755,27.140632727079268],[94.37035013579828,27.098823822142002],[94.37645007207324,27.098478655822788],[94.37940467955174,27.09771598961861],[94.38628163878452,27.096415942228216],[94.3931339949583,27.09863080634287],[94.39418771698996,27.09850437505625],[94.40487601327588,27.09631381587494],[94.4102825678308,27.09394867581666],[94.41036589286165,27.09392096979443],[94.41570460395135,27.092597265889967],[94.41712630377114,27.092646581332218],[94.41931304661611,27.09317205208014],[94.42264306723838,27.095397316794614],[94.42418220471357,27.098244161972666],[94.42478959430474,27.100046456262877],[94.42517701972046,27.101632741748325],[94.42563897476208,27.108044784251803],[94.4257559147508,27.110106966945196],[94.42592320980279,27.112119429783295],[94.42952579724856,27.116716646997528],[94.42990922156801,27.11697782939605],[94.43576539909232,27.119574708204695],[94.43707665823443,27.11972743770743],[94.43750001356659,27.11968552124774],[94.4406566808986,27.118886515764867],[94.4434144962444,27.11799166896808],[94.45124052377822,27.11730170614129],[94.4581155543281,27.112947827289393],[94.45897245188776,27.112410228221787],[94.46323804901378,27.11189767665541],[94.4657116248273,27.11256644577322],[94.47066468197904,27.116423274726316],[94.47228662256386,27.120036678751912],[94.47394223020889,27.127440517713573],[94.479610287038,27.138879840398566],[94.47971797797257,27.138890141645533],[94.48239486858604,27.13789869303764],[94.48703186787806,27.134659598833895],[94.4883367561682,27.13328223694944],[94.49216623469853,27.125161057122696],[94.49554655379018,27.12192282601051],[94.49659554619184,27.121948974803914],[94.49737106087831,27.12196657096759],[94.49873986789416,27.121840919203112],[94.50519621524968,27.12075623260966],[94.51043191922074,27.129835170343306],[94.51020311202963,27.13164893186255],[94.50951419493656,27.134658198207866],[94.50903910113564,27.135573848131823],[94.50899645092258,27.13792029738566],[94.51064654919998,27.142185985098575],[94.51320798833314,27.143140041295688],[94.51561853744802,27.143602263020355],[94.52114166727566,27.143565715355425],[94.52968569126662,27.14421711333918],[94.53021499210676,27.144605491755545],[94.53180743022104,27.14637546129467],[94.53281556634525,27.14722450898174],[94.53274214703707,27.150762173270817],[94.53112615599437,27.153003747175177],[94.5271485794097,27.15594323269196],[94.52483216565176,27.157164412840512],[94.52408894809469,27.15908627568233],[94.52430035042713,27.159645909878208],[94.52788370673929,27.16367805872394],[94.52963851444285,27.164699053067867],[94.53329961634957,27.166465866219113],[94.53591699896538,27.167812243012875],[94.53908428887557,27.169208534204795],[94.54113112001339,27.171231315143814],[94.54247758862309,27.172116588350477],[94.5441675316749,27.172379279609057],[94.54536309499498,27.172601011063396],[94.54815748614593,27.173793872871947],[94.55362664519129,27.17360720237913],[94.55609324917991,27.17446131191115],[94.55903770389907,27.17835240490168],[94.55953141977584,27.179440158889125],[94.55990937605016,27.180360795841036],[94.56015571296568,27.181886140785732],[94.56123951598293,27.183741247771113],[94.56372785920142,27.182316445803806],[94.56755479460118,27.179143785122843],[94.58770022721158,27.247001151236997],[94.58664099311734,27.267312284912816],[94.60652519384648,27.294526153662677],[94.62204758339111,27.33295766586349]]]},"properties":{"revenue_ci":"Dhakuakhana (Pt-I)","district_3":"LAKHIMPUR","object_id":146,"district_1":"Lakhimpur","revenue_cr":"Dhakuakhana (Pt-I)","HQ":null,"area":462433414.6,"are_new":462}},
{"type":"Feature","geometry":{"type":"Polygon","coordinates":[[[94.40399136765548,27.34068272257033],[94.39177346501948,27.34721637117839],[94.33945810174842,27.336782835220347],[94.32926641121949,27.319555664849386],[94.30297055701519,27.30788778418557],[94.29407040311635,27.29352816676216],[94.31606555582995,27.244166298915797],[94.30366053771355,27.225603287092937],[94.27717482457392,27.212063335987327],[94.27746342722357,27.182070896359836],[94.25322923893563,27.123038905923355],[94.2668557987518,27.119306758848296],[94.26764596046898,27.092660585653462],[94.26880913772641,27.093195605235998],[94.27045693362174,27.094058761682337],[94.27605713800249,27.095439060813565],[94.27759016513713,27.09525963771549],[94.28023262422404,27.094548533829098],[94.2870617679309,27.091069189791416],[94.29257897696253,27.088703446318952],[94.29582126811412,27.087915691692658],[94.29821155662606,27.086924223238093],[94.30071456484156,27.0830809130005],[94.30216375310906,27.079390441826718],[94.30643210087649,27.07328711519181],[94.3086509477131,27.071812566948594],[94.30995669389434,27.071402517852768],[94.31214448597156,27.071101267845577],[94.31517976395921,27.072228060995847],[94.31683515600861,27.075633797823713],[94.31771492557368,27.08069711984821],[94.31847980780043,27.08349972367494],[94.32043968561202,27.085995895185093],[94.32163394457825,27.087192069361244],[94.32646306296687,27.08877320884728],[94.32711859057916,27.08851618904377],[94.32919624381266,27.087095477899783],[94.33101662763364,27.08569269531592],[94.33550941138996,27.08284207111529],[94.33807079392926,27.082003476302013],[94.33878155894837,27.08187734377534],[94.3417484005827,27.082751292157806],[94.34233535529779,27.082947557771156],[94.34898422239847,27.08524123312679],[94.35163063497097,27.08694746179267],[94.35475598164224,27.09000291703369],[94.36575612897741,27.097639132847387],[94.37035013579828,27.098823822142002],[94.3717034468755,27.140632727079268],[94.39816689347417,27.15651960133897],[94.3819318901776,27.177618244460064],[94.32999381034273,27.14584167120578],[94.31061857259567,27.171700697154396],[94.33636271389183,27.17216430874104],[94.36912663038132,27.19530393455807],[94.3662971770865,27.207822944507875],[94.39323811868287,27.22029936703271],[94.42633805988582,27.275383461465417],[94.43914683928143,27.310003420807206],[94.40399136765548,27.34068272257033]]]},"properties":{"revenue_ci":"Subansiri (Pt-I)","district_3":"LAKHIMPUR","object_id":147,"district_1":"Lakhimpur","revenue_cr":"Subansiri (Pt-I)","HQ":null,"area":279641275.4,"are_new":280}},
{"type":"Feature","geometry":{"type":"Polygon","coordinates":[[[94.59238638141764,27.377717307584746],[94.57259029643473,27.407905567384315],[94.5494014228457,27.379318150751494],[94.55906644100499,27.358496306947487],[94.59238638141764,27.377717307584746]]]},"properties":{"revenue_ci":"Dhakuakhana (Pt-II)","district_3":"DHEMAJI","object_id":148,"district_1":"Dhemaji","revenue_cr":"Dhakuakhana (Pt-II)","HQ":null,"area":8932180.563,"are_new":9}},
{"type":"Feature","geometry":{"type":"Polygon","coordinates":[[[94.46347894752857,27.556479650119616],[94.41837926225134,27.597613459327295],[94.3698090355869,27.574850518532298],[94.30840865141973,27.591289746056997],[94.27641813588086,27.590419903529007],[94.25632894589211,27.61060555852857],[94.2616316048945,27.63596933503904],[94.2369754518665,27.632455905432696],[94.22230536589714,27.611109159878836],[94.2238501483856,27.576554112699377],[94.24664049158534,27.569563240714793],[94.26817903602992,27.520937848706453],[94.35514325075113,27.51898285671467],[94.3828166974948,27.53286447472259],[94.43896307361871,27.544290103102437],[94.46347894752857,27.556479650119616]]]},"properties":{"revenue_ci":"Subansiri (Pt-II)","district_3":"DHEMAJI","object_id":149,"district_1":"Dhemaji","revenue_cr":"Subansiri (Pt-II)","HQ":null,"area":155210841,"are_new":155}},
{"type":"Feature","geometry":{"type":"Polygon","coordinates":[[[94.6057969152726,27.618907861037254],[94.58674236889549,27.618246476360188],[94.5710012279011,27.60263094290104],[94.5445086929552,27.601131560573233],[94.49888166247021,27.57226496552197],[94.47835984024732,27.576264658900133],[94.46347894752857,27.556479650119616],[94.43896307361871,27.544290103102437],[94.44947041507045,27.515809119359492],[94.44943449144223,27.487715876615066],[94.43667673006657,27.467493060647364],[94.4395442359968,27.442679472052383],[94.45269972107461,27.422499378851175],[94.45216893352271,27.401199835969408],[94.42857662833619,27.374234193286455],[94.4093296969612,27.36518380130385],[94.40399136765548,27.34068272257033],[94.43914683928143,27.310003420807206],[94.45630693394577,27.321757243687774],[94.50589108008823,27.335676914870326],[94.55906644100499,27.358496306947487],[94.5494014228457,27.379318150751494],[94.57259029643473,27.407905567384315],[94.57959184570922,27.440337310722175],[94.59342053814241,27.45410533026375],[94.60712828769397,27.535184529513327],[94.58598063885704,27.568242643024625],[94.60594725282701,27.602593415306494],[94.6057969152726,27.618907861037254]]]},"properties":{"revenue_ci":"Dhemaji","district_3":"DHEMAJI","object_id":150,"district_1":"Dhemaji","revenue_cr":"Dhemaji","HQ":"y","area":396211702.6,"are_new":396}},
{"type":"Feature","geometry":{"type":"Polygon","coordinates":[[[94.94415615076309,27.609106460450047],[94.9188509945867,27.64158430821558],[94.88403661237578,27.64908801608547],[94.87007705516864,27.6289627606382],[94.85363553278154,27.632797138590423],[94.87100625812549,27.67078876170802],[94.89414410111817,27.68513756221328],[94.89060596150586,27.724715478465097],[94.869099199456,27.732992924159706],[94.85226768157314,27.727699479745972],[94.84775476567295,27.705661606420733],[94.8293766291452,27.694954200916758],[94.79689847123919,27.695725014183406],[94.76908411925163,27.67961651402637],[94.75422881324712,27.660644607294152],[94.71669977434989,27.658335520428952],[94.64621155755978,27.63784213494275],[94.63311208693152,27.62425691787184],[94.6057969152726,27.618907861037254],[94.60594725282701,27.602593415306494],[94.58598063885704,27.568242643024625],[94.60712828769397,27.535184529513327],[94.59342053814241,27.45410533026375],[94.57959184570922,27.440337310722175],[94.57259029643473,27.407905567384315],[94.59238638141764,27.377717307584746],[94.59322010962948,27.358357307631703],[94.6120302468757,27.35486770782163],[94.62204758339111,27.33295766586349],[94.66645017151629,27.352499161592252],[94.66464690688967,27.376996921759446],[94.69087610250668,27.39334925847513],[94.6873857963866,27.413764776673858],[94.71667302880894,27.4264048010904],[94.74894078510575,27.450999849817133],[94.75991106076275,27.470315191774613],[94.79862111656061,27.491507935427624],[94.82978321742256,27.51848394480063],[94.92523993415993,27.601008694800566],[94.94415615076309,27.609106460450047]]]},"properties":{"revenue_ci":"Sissibargaon","district_3":"DHEMAJI","object_id":151,"district_1":"Dhemaji","revenue_cr":"Sissiborgaon","HQ":null,"area":745985547,"are_new":746}},
{"type":"Feature","geometry":{"type":"Polygon","coordinates":[[[95.51451342735096,27.876484638461125],[95.49116777708362,27.87324145358113],[95.37949599964901,27.839274127086966],[95.30868061643241,27.86810607324963],[94.869099199456,27.732992924159706],[94.89060596150586,27.724715478465097],[94.89414410111817,27.68513756221328],[94.87100625812549,27.67078876170802],[94.85363553278154,27.632797138590423],[94.87007705516864,27.6289627606382],[94.88403661237578,27.64908801608547],[94.9188509945867,27.64158430821558],[94.94415615076309,27.609106460450047],[94.95792186770161,27.617641809549976],[94.99652408703781,27.65917002295657],[95.01679285025192,27.656395293781785],[95.03525605184717,27.66832501428259],[95.09304997682972,27.660299959337824],[95.11786093473401,27.685722577005297],[95.19640329005469,27.704367206865957],[95.18886993992864,27.677256689882004],[95.2048146328782,27.658122849025474],[95.24651666607039,27.656626361451707],[95.26980925734549,27.681268837812947],[95.29167954243799,27.697838541912983],[95.35893143917818,27.706132963741364],[95.39817213610259,27.736304379832127],[95.40977270030567,27.77352606185772],[95.436139725335,27.800490471579824],[95.45145509542742,27.804730244063375],[95.48260363891511,27.83575203765045],[95.4932663278256,27.858115933110867],[95.51451342735096,27.876484638461125]]]},"properties":{"revenue_ci":"Jonai","district_3":"DHEMAJI","object_id":152,"district_1":"Dhemaji","revenue_cr":"Jonai","HQ":null,"area":852661889.7,"are_new":853}},
{"type":"Feature","geometry":{"type":"Polygon","coordinates":[[[94.43896307361871,27.544290103102437],[94.3828166974948,27.53286447472259],[94.35514325075113,27.51898285671467],[94.26817903602992,27.520937848706453],[94.2789499764237,27.49520351653889],[94.27822125048883,27.465607253889466],[94.30592826907129,27.438225073371793],[94.30538677449948,27.397005175639592],[94.28341541546283,27.384949280145538],[94.26378245914557,27.400213736622124],[94.25027543544932,27.385144797535897],[94.3019782698675,27.343076791681725],[94.30514016180118,27.32010154174256],[94.32926641121949,27.319555664849386],[94.33945810174842,27.336782835220347],[94.39177346501948,27.34721637117839],[94.40399136765548,27.34068272257033],[94.4093296969612,27.36518380130385],[94.42857662833619,27.374234193286455],[94.45216893352271,27.401199835969408],[94.45269972107461,27.422499378851175],[94.4395442359968,27.442679472052383],[94.43667673006657,27.467493060647364],[94.44943449144223,27.487715876615066],[94.44947041507045,27.515809119359492],[94.43896307361871,27.544290103102437]]]},"properties":{"revenue_ci":"Gogamukh","district_3":"DHEMAJI","object_id":153,"district_1":"Dhemaji","revenue_cr":"Gogamukh","HQ":null,"area":323763379.2,"are_new":324}},
{"type":"Feature","geometry":{"type":"Polygon","coordinates":[[[95.7778406595464,27.742840157899597],[95.77591586992985,27.75371797865387],[95.8002625677155,27.773789208593797],[95.81656160921375,27.802782260023534],[95.83767318709874,27.82421253441565],[95.87032099364278,27.83276307858358],[95.88836783508702,27.856666999532955],[95.90429974950167,27.861893811851374],[95.94846626576008,27.924485179301715],[95.94898400618084,27.938268925411148],[95.97025757546436,27.96288183389715],[95.8237980948845,27.971569273279467],[95.6051971901679,27.95471009010859],[95.56368372323529,27.919722883373026],[95.542581384523,27.908183936424273],[95.51451342735096,27.876484638461125],[95.4932663278256,27.858115933110867],[95.48260363891511,27.83575203765045],[95.45145509542742,27.804730244063375],[95.436139725335,27.800490471579824],[95.40977270030567,27.77352606185772],[95.40783865175345,27.69719720417132],[95.43189628515543,27.707926941271737],[95.45871401831901,27.73092242339605],[95.49770327140553,27.765750636863334],[95.5318939021107,27.787785869335433],[95.56744005464701,27.770094144115205],[95.61227720189257,27.77646580572882],[95.65691478839777,27.790233399289082],[95.69492896336249,27.786337263644],[95.7196884585808,27.750633701157387],[95.7778406595464,27.742840157899597]]]},"properties":{"revenue_ci":"Sadiya","district_3":"TINSUKIA","object_id":154,"district_1":"Tinsukia","revenue_cr":"Sadiya","HQ":null,"area":851463185,"are_new":851}},
{"type":"Feature","geometry":{"type":"Polygon","coordinates":[[[95.7778406595464,27.742840157899597],[95.7196884585808,27.750633701157387],[95.69492896336249,27.786337263644],[95.65691478839777,27.790233399289082],[95.61227720189257,27.77646580572882],[95.56744005464701,27.770094144115205],[95.5318939021107,27.787785869335433],[95.49770327140553,27.765750636863334],[95.45871401831901,27.73092242339605],[95.47081352210226,27.70067937618859],[95.4651759585855,27.681743133232636],[95.44265602984582,27.663756995706006],[95.43372338388316,27.638273372007955],[95.41560363696709,27.62241802044912],[95.35597795459377,27.58677916197377],[95.37390097854745,27.558775084371877],[95.39587712829956,27.552023769444],[95.38045949219857,27.52448517983781],[95.38132605832557,27.506943953213465],[95.44067435441391,27.491089128826175],[95.46826004024588,27.521476143528083],[95.49645582768287,27.532644435148953],[95.50979347223566,27.549423931868173],[95.51609992041469,27.57809414287533],[95.54781228610054,27.566784957012654],[95.54910987917225,27.542717971786132],[95.60608669208077,27.511397745780815],[95.6162592475958,27.475961224910716],[95.66534181131455,27.467565288551647],[95.66551853777871,27.51281487423381],[95.70348374827226,27.50080786293837],[95.73671867931296,27.544166761875843],[95.73107576273541,27.56098614109063],[95.76122028887443,27.568762679076112],[95.7625505410966,27.591027375752002],[95.74025869640424,27.590376603573738],[95.74733139943571,27.617883770598016],[95.77247328052104,27.654824186497855],[95.76780918265011,27.70256480458173],[95.75406084272245,27.725797504061724],[95.7778406595464,27.742840157899597]]]},"properties":{"revenue_ci":"Doom Dooma","district_3":"TINSUKIA","object_id":155,"district_1":"Tinsukia","revenue_cr":"Doom Dooma","HQ":null,"area":936656924.2,"are_new":937}},
{"type":"Feature","geometry":{"type":"Polygon","coordinates":[[[95.45871401831901,27.73092242339605],[95.43189628515543,27.707926941271737],[95.40783865175345,27.69719720417132],[95.40977270030567,27.77352606185772],[95.39817213610259,27.736304379832127],[95.35893143917818,27.706132963741364],[95.29167954243799,27.697838541912983],[95.26980925734549,27.681268837812947],[95.28919937748185,27.663644178977233],[95.31844677231626,27.587408198249236],[95.27249413937172,27.565768886855647],[95.26577516145805,27.544930994965004],[95.2666895296363,27.509953077171428],[95.22907299483042,27.498711932698072],[95.2172088828893,27.459301476072568],[95.22192194343475,27.44099645095459],[95.24442026140362,27.43433233002456],[95.2437164825825,27.41604087877685],[95.29621169396333,27.40147956110268],[95.31962101142811,27.38728798504895],[95.34842289937383,27.393821043212476],[95.35709918232408,27.383633631465266],[95.39076048254469,27.390799178777677],[95.44244268355914,27.36412466008292],[95.46714714888141,27.364307941784546],[95.46937125625234,27.348144366617387],[95.44834116903836,27.335314964632094],[95.46959660582787,27.316837595186005],[95.44593583194876,27.2943722337571],[95.45453592518649,27.26546962721896],[95.48197923163919,27.28179250828749],[95.52098683281541,27.334658194739163],[95.51101996365267,27.34962113222155],[95.56145257307256,27.360572734258998],[95.59214360907761,27.379535816269474],[95.58861739549899,27.406834825019875],[95.6318575151375,27.415822500460724],[95.63364976372381,27.44066240280947],[95.6162592475958,27.475961224910716],[95.60608669208077,27.511397745780815],[95.54910987917225,27.542717971786132],[95.54781228610054,27.566784957012654],[95.51609992041469,27.57809414287533],[95.50979347223566,27.549423931868173],[95.49645582768287,27.532644435148953],[95.46826004024588,27.521476143528083],[95.44067435441391,27.491089128826175],[95.38132605832557,27.506943953213465],[95.38045949219857,27.52448517983781],[95.39587712829956,27.552023769444],[95.37390097854745,27.558775084371877],[95.35597795459377,27.58677916197377],[95.41560363696709,27.62241802044912],[95.43372338388316,27.638273372007955],[95.44265602984582,27.663756995706006],[95.4651759585855,27.681743133232636],[95.47081352210226,27.70067937618859],[95.45871401831901,27.73092242339605]]]},"properties":{"revenue_ci":"Tinsukia","district_3":"TINSUKIA","object_id":156,"district_1":"Tinsukia","revenue_cr":"Tinsukia","HQ":"y","area":890346165.2,"are_new":890}},
{"type":"Feature","geometry":{"type":"Polygon","coordinates":[[[95.48417127993426,27.241345524582425],[95.52516745829871,27.263706846036055],[95.57504902225872,27.243271027496974],[95.58747961900451,27.223036667706346],[95.63154016370382,27.22959330842342],[95.69227048192414,27.253307562006057],[95.7201120816109,27.24957297457762],[95.74201793010717,27.26675377093553],[95.80818745125312,27.274966749272426],[95.85168000377467,27.28687509258347],[95.86927646407145,27.260118413439166],[95.8940877660305,27.257012515393164],[95.90707890253046,27.289065904347808],[95.95834297640766,27.310248032770982],[95.98910966223774,27.35659027778418],[96.01778097556532,27.369521588928524],[95.97398815217686,27.421786607170635],[95.94121615803638,27.43738716919905],[95.88452885956751,27.433842723348747],[95.85650956323607,27.419204239874446],[95.84217747198568,27.42689516474414],[95.87060110811132,27.466746587557246],[95.8791114614488,27.496798020389225],[95.87570853535469,27.54658282844862],[95.86160166252581,27.54353803049941],[95.83041425971557,27.56315981366588],[95.7924431050698,27.598033323259187],[95.79018185685344,27.644812950540565],[95.77247328052104,27.654824186497855],[95.74733139943571,27.617883770598016],[95.74025869640424,27.590376603573738],[95.7625505410966,27.591027375752002],[95.76122028887443,27.568762679076112],[95.73107576273541,27.56098614109063],[95.73671867931296,27.544166761875843],[95.70348374827226,27.50080786293837],[95.66551853777871,27.51281487423381],[95.66534181131455,27.467565288551647],[95.6162592475958,27.475961224910716],[95.63364976372381,27.44066240280947],[95.6318575151375,27.415822500460724],[95.58861739549899,27.406834825019875],[95.59214360907761,27.379535816269474],[95.56145257307256,27.360572734258998],[95.51101996365267,27.34962113222155],[95.52098683281541,27.334658194739163],[95.48197923163919,27.28179250828749],[95.45453592518649,27.26546962721896],[95.48417127993426,27.241345524582425]]]},"properties":{"revenue_ci":"Margherita","district_3":"TINSUKIA","object_id":157,"district_1":"Tinsukia","revenue_cr":"Margherita","HQ":null,"area":1132319376,"are_new":1132}},
{"type":"Feature","geometry":{"type":"Polygon","coordinates":[[[95.0037961262309,27.37971244528741],[94.98023802170391,27.42809230566423],[94.98946660955208,27.454660823414766],[94.97147875328602,27.460545971910904],[94.9172836050958,27.456540324800315],[94.90196507293359,27.440544784462706],[94.87568765934539,27.472696940109447],[94.85955545116512,27.480012570854964],[94.82978321742256,27.51848394480063],[94.79862111656061,27.491507935427624],[94.75991106076275,27.470315191774613],[94.74894078510575,27.450999849817133],[94.71667302880894,27.4264048010904],[94.6873857963866,27.413764776673858],[94.69087610250668,27.39334925847513],[94.66464690688967,27.376996921759446],[94.66645017151629,27.352499161592252],[94.62204758339111,27.33295766586349],[94.60652519384648,27.294526153662677],[94.58664099311734,27.267312284912816],[94.58770022721158,27.247001151236997],[94.56755479460118,27.179143785122843],[94.57225435256963,27.17411264297232],[94.57696782184854,27.16797036198487],[94.58091007487965,27.162362677188657],[94.58209057884228,27.160840475855828],[94.59228292873459,27.146627225926014],[94.5930818490258,27.14557460174271],[94.59308581957936,27.145569370691437],[94.61483060104348,27.176586874715916],[94.64195504240128,27.24661073816865],[94.67705754845977,27.24262657326105],[94.6931044777735,27.271771296251412],[94.71658713010486,27.25945506489088],[94.72729359212246,27.272447736264898],[94.74992697808251,27.268192141273087],[94.74042789312925,27.248333965082825],[94.76925861789388,27.243959385997666],[94.77319105862713,27.21719148365863],[94.78830723898339,27.251351283532227],[94.80530067100973,27.258687870697372],[94.80053496110376,27.27901065509484],[94.84006136361104,27.27454381086769],[94.85597061981926,27.300679141264798],[94.88224640027026,27.279505137630284],[94.91867120217246,27.296977133960286],[94.93820816631506,27.316281899458463],[94.93244236559656,27.33215449121192],[94.98235719956142,27.35727933895698],[95.0037961262309,27.37971244528741]]]},"properties":{"revenue_ci":"Dibrugarh West","district_3":"DIBRUGARH","object_id":158,"district_1":"Dibrugarh","revenue_cr":"Dibrugarh West","HQ":null,"area":723055766,"are_new":723}},
{"type":"Feature","geometry":{"type":"Polygon","coordinates":[[[95.12441995772988,27.44353986717867],[95.07012506150882,27.46322748692334],[95.08385056626197,27.500778844724707],[95.06518750478733,27.507024606529097],[95.04998423366257,27.548157363146643],[95.02155730880469,27.544956967699903],[95.01343399460734,27.55925232131377],[94.9702712199148,27.55415989052107],[94.96779111694241,27.608341573382845],[94.95792186770161,27.617641809549976],[94.94415615076309,27.609106460450047],[94.92523993415993,27.601008694800566],[94.82978321742256,27.51848394480063],[94.85955545116512,27.480012570854964],[94.87568765934539,27.472696940109447],[94.90196507293359,27.440544784462706],[94.9172836050958,27.456540324800315],[94.97147875328602,27.460545971910904],[94.98946660955208,27.454660823414766],[94.98023802170391,27.42809230566423],[95.0037961262309,27.37971244528741],[94.9995007454616,27.3615206676957],[95.02454281743064,27.35009657426631],[95.04686394450634,27.340876844312326],[95.07960671106076,27.375064642347553],[95.0852671663459,27.402300811150067],[95.11697267069962,27.428011700613204],[95.12441995772988,27.44353986717867]]]},"properties":{"revenue_ci":"Dibrugarh East","district_3":"DIBRUGARH","object_id":159,"district_1":"Dibrugarh","revenue_cr":"Dibrugarh East","HQ":null,"area":392607310.5,"are_new":393}},
{"type":"Feature","geometry":{"type":"Polygon","coordinates":[[[95.26980925734549,27.681268837812947],[95.24651666607039,27.656626361451707],[95.2048146328782,27.658122849025474],[95.18886993992864,27.677256689882004],[95.19640329005469,27.704367206865957],[95.11786093473401,27.685722577005297],[95.09304997682972,27.660299959337824],[95.03525605184717,27.66832501428259],[95.01679285025192,27.656395293781785],[94.99652408703781,27.65917002295657],[94.95792186770161,27.617641809549976],[94.96779111694241,27.608341573382845],[94.9702712199148,27.55415989052107],[95.01343399460734,27.55925232131377],[95.02155730880469,27.544956967699903],[95.04998423366257,27.548157363146643],[95.06518750478733,27.507024606529097],[95.08385056626197,27.500778844724707],[95.07012506150882,27.46322748692334],[95.12441995772988,27.44353986717867],[95.12676253671707,27.41988844721177],[95.17172779360364,27.407279101952398],[95.18422592748914,27.414098841619133],[95.2437164825825,27.41604087877685],[95.24442026140362,27.43433233002456],[95.22192194343475,27.44099645095459],[95.2172088828893,27.459301476072568],[95.22907299483042,27.498711932698072],[95.2666895296363,27.509953077171428],[95.26577516145805,27.544930994965004],[95.27249413937172,27.565768886855647],[95.31844677231626,27.587408198249236],[95.28919937748185,27.663644178977233],[95.26980925734549,27.681268837812947]]]},"properties":{"revenue_ci":"Chabua","district_3":"DIBRUGARH","object_id":160,"district_1":"Dibrugarh","revenue_cr":"Chabua","HQ":null,"area":658137348.7,"are_new":658}},
{"type":"Feature","geometry":{"type":"Polygon","coordinates":[[[95.2437164825825,27.41604087877685],[95.18422592748914,27.414098841619133],[95.17172779360364,27.407279101952398],[95.12676253671707,27.41988844721177],[95.12441995772988,27.44353986717867],[95.11697267069962,27.428011700613204],[95.0852671663459,27.402300811150067],[95.07960671106076,27.375064642347553],[95.04686394450634,27.340876844312326],[95.02454281743064,27.35009657426631],[95.06503248790864,27.313926588930418],[95.06716753540398,27.30511457328625],[95.08088505862582,27.316721631358472],[95.11863085111965,27.31483633477923],[95.14584197720738,27.335689662149303],[95.18233014806636,27.343143289494005],[95.19650116330152,27.36037629105732],[95.23332205127711,27.36197287901953],[95.25071247308199,27.349048157004827],[95.2398244525623,27.334049195636506],[95.27766906512724,27.30829098068103],[95.29429191065785,27.303900502631848],[95.31687544281456,27.324742264348455],[95.35203204541946,27.314957922752313],[95.37024789410464,27.323563802922212],[95.40507317826984,27.29845942338592],[95.44593583194876,27.2943722337571],[95.46959660582787,27.316837595186005],[95.44834116903836,27.335314964632094],[95.46937125625234,27.348144366617387],[95.46714714888141,27.364307941784546],[95.44244268355914,27.36412466008292],[95.39076048254469,27.390799178777677],[95.35709918232408,27.383633631465266],[95.34842289937383,27.393821043212476],[95.31962101142811,27.38728798504895],[95.29621169396333,27.40147956110268],[95.2437164825825,27.41604087877685]]]},"properties":{"revenue_ci":"Tengakhat","district_3":"DIBRUGARH","object_id":161,"district_1":"Dibrugarh","revenue_cr":"Tengakhat","HQ":null,"area":355331353.1,"are_new":355}},
{"type":"Feature","geometry":{"type":"Polygon","coordinates":[[[95.02454281743064,27.35009657426631],[94.9995007454616,27.3615206676957],[95.0037961262309,27.37971244528741],[94.98235719956142,27.35727933895698],[94.93244236559656,27.33215449121192],[94.93820816631506,27.316281899458463],[94.91867120217246,27.296977133960286],[94.88224640027026,27.279505137630284],[94.85597061981926,27.300679141264798],[94.84006136361104,27.27454381086769],[94.80053496110376,27.27901065509484],[94.80530067100973,27.258687870697372],[94.78830723898339,27.251351283532227],[94.77319105862713,27.21719148365863],[94.77932221495148,27.190305242494386],[94.76064380845516,27.12984048207879],[94.81738887219005,27.11404032563465],[94.83683442287101,27.091874674288338],[94.8372466184324,27.098031849873827],[94.89143251217854,27.16219050910261],[94.96785022878308,27.226941715417777],[95.00007719078616,27.255213176097485],[95.06716753540398,27.30511457328625],[95.06503248790864,27.313926588930418],[95.02454281743064,27.35009657426631]]]},"properties":{"revenue_ci":"Moran","district_3":"DIBRUGARH","object_id":162,"district_1":"Dibrugarh","revenue_cr":"Moran","HQ":null,"area":394752534,"are_new":395}},
{"type":"Feature","geometry":{"type":"Polygon","coordinates":[[[95.11863085111965,27.31483633477923],[95.08088505862582,27.316721631358472],[95.06716753540398,27.30511457328625],[95.00007719078616,27.255213176097485],[94.96785022878308,27.226941715417777],[94.9879683993212,27.14669451909993],[95.03193417624964,27.147264780439393],[95.04929012520547,27.15524853803161],[95.0613813114875,27.136726607131802],[95.10799091743364,27.13572201738539],[95.11211940379954,27.136348940907048],[95.11270849291171,27.136306953132024],[95.11325821335657,27.135986673715298],[95.11333390360578,27.13563016609372],[95.11298651340732,27.1286268926671],[95.11420705977375,27.127322891049015],[95.11585607378461,27.12732306933675],[95.11602249208087,27.127932261646183],[95.11439330837993,27.1312397022609],[95.11572957122966,27.135612308265607],[95.11667769719797,27.13618989060118],[95.11707608655173,27.13618995215753],[95.11779731963887,27.135648477999176],[95.1189119725996,27.132358994967838],[95.11908353015761,27.13200257731017],[95.12016278230962,27.13077971990272],[95.12530679344296,27.13120389405987],[95.1254783447128,27.131763500820686],[95.12553376717256,27.132341052673862],[95.12596256539703,27.134813845865313],[95.12683005589048,27.136546540335285],[95.12798005037114,27.137764854708145],[95.12875675173207,27.138342448305824],[95.12998744007805,27.138852311778354],[95.13051703376898,27.138919919006934],[95.13123820936389,27.138545416287794],[95.13138950631901,27.138175410644376],[95.13142475171915,27.137665467339737],[95.13175224782735,27.13371259016207],[95.13239784995405,27.133762251238114],[95.13292769607156,27.13718707505748],[95.13457698856016,27.138509050835083],[95.13686681398234,27.13837352726484],[95.14181927195774,27.13682978782406],[95.1468877859797,27.136183783731322],[95.14800710479001,27.13492911828724],[95.14844999758128,27.130759605190043],[95.14967500498142,27.128895807061312],[95.150073288334,27.12818273266966],[95.15229625035292,27.124297125121647],[95.15280553672852,27.124112041311687],[95.15347113535344,27.12417955431544],[95.1540764273784,27.12454943278027],[95.15420774490327,27.125298525928233],[95.15123822179781,27.128453271892983],[95.15070401435959,27.12962206832826],[95.15066920284569,27.131557919862047],[95.15136056605127,27.133525216314915],[95.1542763716994,27.1361507847239],[95.15666116072516,27.133826403923717],[95.15765839040355,27.12938594563111],[95.16294310915144,27.12802631226693],[95.16398218415237,27.12854954305255],[95.16388658993142,27.12936623200764],[95.16064989169075,27.13216484581109],[95.15959150740281,27.134317490609252],[95.16040361316574,27.134673737800867],[95.16239500567409,27.132538871842065],[95.16302014597525,27.132028826078123],[95.16375656957383,27.13211431900739],[95.16402389472763,27.132434655886215],[95.16428235620457,27.13580980506923],[95.16515014224376,27.13645487518912],[95.16631021222861,27.136675588342147],[95.16782326891618,27.136675159847865],[95.1682216492868,27.136675000761347],[95.16948761177902,27.136891275055003],[95.17018908013328,27.137910784278247],[95.16964027237672,27.140045366188467],[95.16895059171566,27.14328542826183],[95.16923836701693,27.143795215627687],[95.1703686686299,27.144927530671367],[95.17097401006222,27.145265731885676],[95.17182665679394,27.145757307885727],[95.17309303161288,27.146672898862075],[95.17438396098183,27.145977515058043],[95.1721572961073,27.140757472791968],[95.17206121410112,27.139994911695293],[95.17232287986864,27.13872234136116],[95.17243884788027,27.138550837928936],[95.17279675375745,27.138180670820823],[95.173724727819,27.13816227379231],[95.17410312606442,27.13836517734861],[95.17653017723109,27.140873205934334],[95.17827555981069,27.141278655898336],[95.17923900834278,27.141567109844654],[95.18001984464898,27.14240744395632],[95.17982978089779,27.14282126911461],[95.17948700085338,27.143195995723147],[95.17708158201711,27.144130978973518],[95.17675887213275,27.144352158192817],[95.17660766680581,27.144586879953785],[95.1765523719068,27.144875642711867],[95.17657258130573,27.14507871393899],[95.17691081767147,27.145620120831445],[95.17826902636362,27.14855717477422],[95.17883971258887,27.149897114607985],[95.17917779085111,27.150266967938634],[95.18017178839108,27.150844196375445],[95.18072160765061,27.150911625293322],[95.1844694212368,27.15104541031033],[95.18469643539055,27.15107695893811],[95.18627059099218,27.151757637057127],[95.18634657858374,27.152195275262542],[95.18574151203589,27.152741542675347],[95.18477320002485,27.153026242234688],[95.1827864625863,27.154286075035824],[95.18217155499454,27.155233898909827],[95.1826741821589,27.161117835196865],[95.18267432499105,27.161573531784743],[95.18269468081542,27.161812728329732],[95.1835276670188,27.163012638833045],[95.18426431789113,27.163165785336417],[95.18502578202822,27.162795372885558],[95.18556203223542,27.162386298098987],[95.18787531087301,27.16074034891813],[95.18890326113747,27.159689202875523],[95.18921091166439,27.15953555366146],[95.18987172137055,27.15948562989012],[95.19347241876093,27.16042939336083],[95.19376159094249,27.160363726162938],[95.19425566884031,27.159975340983635],[95.19431081282232,27.159415840317607],[95.19397245698069,27.15888806790184],[95.18957307196276,27.157703425673077],[95.18924999915903,27.157297475810836],[95.19331461620654,27.155580766849315],[95.19452492806694,27.155106375812334],[95.19490323917582,27.15512427528612],[95.19511520924351,27.155209864049446],[95.19539778599425,27.15536311876712],[95.19632678144023,27.156630679894004],[95.19784085771566,27.157834720796934],[95.1984229435619,27.16068170498263],[95.19808020394164,27.161173671921958],[95.1978810321718,27.161478304121243],[95.19777788761087,27.161683722141188],[95.19767774701624,27.16276680235003],[95.19786455167959,27.163109582756007],[95.19809178592058,27.163312563292912],[95.19884862912389,27.163564814851405],[95.20034676299794,27.163478290189378],[95.20304715623418,27.16292146215547],[95.20540613576352,27.162866323243584],[95.20876543517585,27.16235890634652],[95.20937604971886,27.162575181281],[95.20961831007962,27.162782607379032],[95.209941416121,27.16312076013435],[95.21378490836976,27.168578369683903],[95.21386184997219,27.170207239722302],[95.21382146980183,27.17022539011873],[95.21342308044807,27.170410622933314],[95.21316073824912,27.170325041025233],[95.21042989931128,27.168481196343098],[95.21012721826449,27.168481420119686],[95.20993568307289,27.168630416063845],[95.20984398035372,27.168767424608497],[95.2097845172718,27.168851573946945],[95.20965371717655,27.1693977087407],[95.20971040536256,27.170940907067767],[95.21051984492571,27.173706454679955],[95.21171598406586,27.174296813645096],[95.21385329531573,27.172107010225012],[95.21423146628739,27.17180440097541],[95.21582519797569,27.171275399634432],[95.21935547822758,27.169797518372548],[95.21935528598812,27.169630594073364],[95.21927934960053,27.169341880124254],[95.21668061601004,27.16851332426229],[95.21609511117583,27.168256462888202],[95.21623527081803,27.166952345053314],[95.21666878070617,27.166491744047566],[95.21750076438973,27.165967814157455],[95.22051174294891,27.165185097628672],[95.22153644670193,27.16581161127938],[95.2217483449044,27.16591076261687],[95.22269203678847,27.16621687882848],[95.22407471828392,27.16665815594791],[95.22519029201779,27.167437968211953],[95.2256045033987,27.168064903988093],[95.22598399309719,27.169269436187065],[95.22694587317083,27.172865123705737],[95.22724882640712,27.173085955129668],[95.22831364083589,27.173441667134366],[95.229998592848,27.173336647806803],[95.23638680478585,27.169464562225425],[95.23892566296772,27.17068538831815],[95.23291764770252,27.17630352264997],[95.23238885800376,27.177305672904506],[95.23240173086181,27.180121376927858],[95.2324573266964,27.180256670844482],[95.23350247161373,27.18101849198454],[95.23469304928395,27.180864087396813],[95.23636191516428,27.179743752729763],[95.23685115563433,27.17957635664027],[95.23812293112476,27.179927349131603],[95.23842608738033,27.180337639025574],[95.24124385718653,27.1826095508112],[95.24164301639651,27.183132713762607],[95.241759571008,27.18360641596062],[95.24175975695924,27.18382750980664],[95.24164413030748,27.184220139868223],[95.23970395793997,27.1864779720319],[95.24294096160783,27.188997638744375],[95.24352626342275,27.188965560670482],[95.24420755471739,27.18906420001911],[95.24435892802929,27.189131764866204],[95.24490975430025,27.18989392812156],[95.24489087800119,27.1910309878542],[95.24609796490972,27.19206328039473],[95.24636528916524,27.191743334260384],[95.25003202800038,27.191061066135074],[95.2518127601847,27.191577050057525],[95.25510145560894,27.192874980904154],[95.25601149570413,27.191255740965843],[95.25818346575429,27.184186546944687],[95.25863159572367,27.18504887797993],[95.25859949622361,27.186858258313745],[95.25859473155934,27.191614416202444],[95.25983581880307,27.19180489113824],[95.26032091264975,27.191209653187002],[95.2664511410144,27.186702139009782],[95.26672322005271,27.187108379879696],[95.2650861293806,27.18947619265049],[95.26607775985983,27.191990395759102],[95.25893625575901,27.216684932164885],[95.240920990097,27.225188148932748],[95.22364534603595,27.2571043793476],[95.17781037891889,27.26298288375536],[95.13851489644026,27.28047930576281],[95.15303330456878,27.296113812942988],[95.11863085111965,27.31483633477923]]]},"properties":{"revenue_ci":"Tingkhong","district_3":"DIBRUGARH","object_id":163,"district_1":"Dibrugarh","revenue_cr":"Tingkhong","HQ":null,"area":391326093.4,"are_new":391}},
{"type":"Feature","geometry":{"type":"Polygon","coordinates":[[[95.44593583194876,27.2943722337571],[95.40507317826984,27.29845942338592],[95.37024789410464,27.323563802922212],[95.35203204541946,27.314957922752313],[95.31687544281456,27.324742264348455],[95.29429191065785,27.303900502631848],[95.27766906512724,27.30829098068103],[95.2398244525623,27.334049195636506],[95.25071247308199,27.349048157004827],[95.23332205127711,27.36197287901953],[95.19650116330152,27.36037629105732],[95.18233014806636,27.343143289494005],[95.14584197720738,27.335689662149303],[95.11863085111965,27.31483633477923],[95.15303330456878,27.296113812942988],[95.13851489644026,27.28047930576281],[95.17781037891889,27.26298288375536],[95.22364534603595,27.2571043793476],[95.240920990097,27.225188148932748],[95.25893625575901,27.216684932164885],[95.26607775985983,27.191990395759102],[95.2693419672094,27.192719339051546],[95.27048926135433,27.19074829172945],[95.27198955477832,27.188921838748282],[95.2728934000913,27.18824559026574],[95.27407384386684,27.18857136277883],[95.27561184137991,27.189840430197744],[95.27869097601805,27.18854750369715],[95.27905404541148,27.18879141680063],[95.27974911686256,27.190357715019985],[95.28038719559876,27.193832710183912],[95.28149700304687,27.19423057215195],[95.28618442208088,27.193033808257205],[95.28596817333747,27.193953673035235],[95.2827613009609,27.197141887647508],[95.28388172739395,27.197429640382225],[95.29009482085198,27.195553565768886],[95.29356708790287,27.195018614123253],[95.29732619870204,27.195589318183444],[95.29784099893683,27.195427192165628],[95.29968341304188,27.194728717803784],[95.30315503779731,27.19510508237141],[95.3036398908955,27.194405906852587],[95.30246532479687,27.192379219270205],[95.30231514983757,27.190515448870208],[95.30487846105974,27.190570908123018],[95.30708380801428,27.19038243668332],[95.30951675931571,27.18903894189781],[95.3125109968713,27.185335571970548],[95.3136572750216,27.183770230863587],[95.31399037392222,27.183580848153227],[95.31468123407124,27.184285049080593],[95.31633505137393,27.18676307619346],[95.3171776693138,27.18687172664592],[95.3192914438049,27.187766020263833],[95.3201694167394,27.18798296832071],[95.32336884926879,27.18729831514966],[95.32460476401312,27.187984659136806],[95.32617414956057,27.187876875153815],[95.3283693293827,27.18723232575274],[95.32948456984164,27.187124402004848],[95.3329611532974,27.187233747294368],[95.33492446087673,27.186124204981525],[95.33573701130574,27.185370876978965],[95.33856828099405,27.183706555950437],[95.34237293907306,27.183193075149152],[95.34406363491311,27.18195252730414],[95.34457360580495,27.18036870709929],[95.35431350123814,27.16919766192994],[95.35884444183446,27.165768757829856],[95.35934917375158,27.16399545985047],[95.3590520164455,27.159126430966356],[95.35902235497312,27.154532758263926],[95.36149682461034,27.150336321196917],[95.36312396733899,27.14846846986207],[95.36481393644198,27.146122038219133],[95.36608525468993,27.142146642301213],[95.36695806141324,27.13854123134347],[95.36720026068858,27.137219109651525],[95.36586897540383,27.131948488024005],[95.36445190999257,27.129895267131143],[95.3617992792817,27.12830208132978],[95.3634587990898,27.125490944075352],[95.36373126889524,27.123248341065562],[95.3649066551557,27.117941749026407],[95.36499256194465,27.115644823938172],[95.36752901264154,27.115184750258013],[95.3716892526561,27.113876226157664],[95.3720221503341,27.1125766878747],[95.3709682666057,27.11060466105271],[95.36966726263084,27.10987817716134],[95.39790482172855,27.10854497358156],[95.42091569953392,27.12590775484988],[95.45807303622782,27.13805152942045],[95.46635185778399,27.182687992926883],[95.45580165232013,27.203677318963994],[95.48417127993426,27.241345524582425],[95.45453592518649,27.26546962721896],[95.44593583194876,27.2943722337571]]]},"properties":{"revenue_ci":"Naharkatiya","district_3":"DIBRUGARH","object_id":164,"district_1":"Dibrugarh","revenue_cr":"Naharkatia","HQ":null,"area":464307367.8,"are_new":464}},
{"type":"Feature","geometry":{"type":"Polygon","coordinates":[[[94.77319105862713,27.21719148365863],[94.76925861789388,27.243959385997666],[94.74042789312925,27.248333965082825],[94.74992697808251,27.268192141273087],[94.72729359212246,27.272447736264898],[94.71658713010486,27.25945506489088],[94.6931044777735,27.271771296251412],[94.67705754845977,27.24262657326105],[94.64195504240128,27.24661073816865],[94.61483060104348,27.176586874715916],[94.59308581957936,27.145569370691437],[94.58245975408472,27.136617062881058],[94.58122396600284,27.134857538612906],[94.57940827228596,27.128015981237258],[94.57882983719304,27.126791499621163],[94.55560992860761,27.09904241117312],[94.55103329700096,27.09265518498088],[94.54951064989942,27.08626942203556],[94.5443659003509,27.07687734696943],[94.54291313589026,27.07531282484576],[94.5389758640174,27.07216602150797],[94.5910619960926,27.077187525428428],[94.64832491792754,27.06019471274722],[94.66091188621148,27.044996716785406],[94.68106471375329,27.053254302519395],[94.69698847595674,27.035807116189464],[94.7196436200113,27.031116218706313],[94.75249468655802,26.98869494531992],[94.78200691282308,26.989349308874964],[94.78241649428698,26.98961228484782],[94.78377623730162,26.990265824982664],[94.78492614105242,26.992025707056964],[94.7850161531422,26.992438488302177],[94.79336243458295,26.994816780931274],[94.7938345980794,26.991414834781445],[94.79534054370318,26.98851316538325],[94.80098288086735,26.99198151917038],[94.80367814741827,26.991772929826386],[94.8095066909678,26.991590107055035],[94.8097442522413,26.992331009874942],[94.8132749358368,26.998568545345094],[94.8142064744134,27.003861457699955],[94.81572951767195,27.004591360202063],[94.81845643276864,27.002907752087616],[94.82047073231674,27.003286517208164],[94.82088480176381,27.004400920304768],[94.81985728179237,27.00878160780466],[94.82086625424813,27.010819291148692],[94.82151624464498,27.011705924351055],[94.82349124918765,27.01387053530662],[94.82728577606687,27.01593314269816],[94.82986333097624,27.016362945541445],[94.82494318360493,27.057130991291725],[94.83683442287101,27.091874674288338],[94.81738887219005,27.11404032563465],[94.76064380845516,27.12984048207879],[94.77932221495148,27.190305242494386],[94.77319105862713,27.21719148365863]]]},"properties":{"revenue_ci":"Dimow","district_3":"SIVSAGAR","object_id":165,"district_1":"SIVSAGAR","revenue_cr":"Demow","HQ":null,"area":478427786.7,"are_new":478}},
{"type":"Feature","geometry":{"type":"Polygon","coordinates":[[[94.78200691282308,26.989349308874964],[94.75249468655802,26.98869494531992],[94.7196436200113,27.031116218706313],[94.69698847595674,27.035807116189464],[94.68106471375329,27.053254302519395],[94.66091188621148,27.044996716785406],[94.64832491792754,27.06019471274722],[94.5910619960926,27.077187525428428],[94.5389758640174,27.07216602150797],[94.5378408687071,27.071616305831554],[94.53435248677835,27.07057165808202],[94.5263626254013,27.06333439811935],[94.5175915126964,27.05312781203632],[94.51279958276393,27.048107373232956],[94.50897242727693,27.044818101835066],[94.49981456918096,27.038704601080553],[94.49981303036687,27.038703663329258],[94.4985147887115,27.038033237149378],[94.49185998464512,27.036047980209627],[94.48826048560733,27.035388924344876],[94.48593275217851,27.03488468136438],[94.47990050216356,27.033475842086563],[94.47931788361637,27.033273795897028],[94.47301365607274,27.02752039719674],[94.47195939595026,27.02610992590818],[94.47173636312984,27.025686814997176],[94.46905794987195,27.0225948776147],[94.4674394282751,27.020454200017234],[94.46595830579759,27.017677119245043],[94.46487818856795,27.01467618288859],[94.46162992182308,27.003389023606104],[94.46055780229442,27.000484314247263],[94.45824770728618,26.993725265359217],[94.45805866941107,26.993572160889812],[94.45260612291024,26.990533291062874],[94.44952385135514,26.989357180800663],[94.44324975420447,26.98730937369832],[94.44258097195015,26.9867335256752],[94.43709184784758,26.980378068679506],[94.42792167744234,26.973352812961046],[94.42411050567918,26.97202040869953],[94.41889361422682,26.969623677921188],[94.41292900735279,26.965868985201954],[94.40884262322761,26.963909078953034],[94.39532404001028,26.95480960006475],[94.39663572046229,26.952725373786887],[94.40719677667644,26.937612484873096],[94.46439884393907,26.94111212994207],[94.47774627653524,26.928402586342656],[94.47437604911748,26.892009592343456],[94.4933482972382,26.87916615824647],[94.49256506782007,26.846447057423855],[94.52215229622482,26.911564282588195],[94.5315436309547,26.948825346086533],[94.5514234550918,26.95218540320716],[94.6637060114611,26.95673397929542],[94.67218440992731,26.95157967253928],[94.69785127993937,26.961269462377075],[94.7082075948289,26.943861245067723],[94.73373862789194,26.932608435351316],[94.74193871211344,26.94414073972671],[94.7457852379729,26.947402354277504],[94.74781302213175,26.948974393869946],[94.75224767500771,26.952468490175036],[94.76879511685169,26.97096726706607],[94.77184416870756,26.973379391890244],[94.77759405307587,26.979944264041123],[94.78014146591416,26.98488278435102],[94.78200691282308,26.989349308874964]]]},"properties":{"revenue_ci":"Sibsagar","district_3":"SIVSAGAR","object_id":166,"district_1":"SIVSAGAR","revenue_cr":"Sivsagar","HQ":"y","area":388026773.7,"are_new":388}},
{"type":"Feature","geometry":{"type":"Polygon","coordinates":[[[94.67218440992731,26.95157967253928],[94.6637060114611,26.95673397929542],[94.5514234550918,26.95218540320716],[94.5315436309547,26.948825346086533],[94.52215229622482,26.911564282588195],[94.49256506782007,26.846447057423855],[94.48620050762533,26.8332641357302],[94.51727535242878,26.811665687878673],[94.51168502771955,26.773285590353545],[94.52877110389944,26.75796400585656],[94.55569589109209,26.756129339501413],[94.5903487328587,26.725069616560354],[94.59205773366926,26.724973941602357],[94.6245315832552,26.715514477884813],[94.68232277107104,26.728452801072066],[94.64885705385072,26.766956360039238],[94.6271465637759,26.84065982873107],[94.60008565935985,26.86167338667279],[94.61944133629159,26.876601635376897],[94.67826345049042,26.884755163396257],[94.65892779071818,26.913919726078568],[94.64405104821604,26.92200039970082],[94.67218440992731,26.95157967253928]]]},"properties":{"revenue_ci":"Amguri","district_3":"SIVSAGAR","object_id":167,"district_1":"SIVSAGAR","revenue_cr":"Amguri","HQ":null,"area":314868728.7,"are_new":315}},
{"type":"Feature","geometry":{"type":"Polygon","coordinates":[[[94.68232277107104,26.728452801072066],[94.76806576568933,26.786878344407782],[94.79968434905618,26.79987694485772],[94.81436804809533,26.81964046458717],[94.81752811555066,26.847814219097113],[94.84401487612591,26.86935218495518],[94.8659157946679,26.908831575663434],[94.89054798603404,26.929638497654924],[94.92373297972809,26.94707741137421],[94.92530312884351,26.949816980070043],[94.92775924679782,26.950764925756143],[94.92937112175989,26.95323785887467],[94.93475496959937,26.956631813136507],[94.93966773012407,26.958527164704137],[94.94182672400994,26.9594375230341],[94.94104725404128,26.96089088729514],[94.93878272607584,26.970162070959535],[94.93693665582761,26.972505038780067],[94.93720021434547,26.972873877979616],[94.93847184969871,26.974328500290742],[94.9401583800508,26.978041821315507],[94.93848963364641,26.98187810596936],[94.93461355141747,26.983166933876777],[94.92660043984424,26.980537654690732],[94.90845437229035,26.968658691040766],[94.86987506807868,26.946742286372892],[94.85596748919052,26.936335274242325],[94.84804868006088,26.92922184608042],[94.83984658630807,26.92758169799139],[94.82688963429796,26.92551414993018],[94.81734654537051,26.92418645898063],[94.80175998916513,26.922705852751232],[94.79416040625318,26.922833081855078],[94.77239896732873,26.92311664380376],[94.76146960633965,26.92276259794085],[94.75546061011416,26.922767647954572],[94.75320547493332,26.923021992945202],[94.73777947911027,26.930437251802015],[94.73650350399588,26.93121540931456],[94.73375548477823,26.932602689809983],[94.73373862789194,26.932608435351316],[94.7082075948289,26.943861245067723],[94.69785127993937,26.961269462377075],[94.67218440992731,26.95157967253928],[94.64405104821604,26.92200039970082],[94.65892779071818,26.913919726078568],[94.67826345049042,26.884755163396257],[94.61944133629159,26.876601635376897],[94.60008565935985,26.86167338667279],[94.6271465637759,26.84065982873107],[94.64885705385072,26.766956360039238],[94.68232277107104,26.728452801072066]]]},"properties":{"revenue_ci":"Nazira","district_3":"SIVSAGAR","object_id":168,"district_1":"SIVSAGAR","revenue_cr":"Nazira","HQ":null,"area":386224425.1,"are_new":386}},
{"type":"Feature","geometry":{"type":"Polygon","coordinates":[[[94.49256506782007,26.846447057423855],[94.4933482972382,26.87916615824647],[94.47437604911748,26.892009592343456],[94.47774627653524,26.928402586342656],[94.46439884393907,26.94111212994207],[94.40719677667644,26.937612484873096],[94.39663572046229,26.952725373786887],[94.39663568991955,26.95272533615208],[94.39082055642059,26.94688261799143],[94.38943065516524,26.945336965801285],[94.38437868002597,26.938884103190457],[94.38197046473422,26.93469656865357],[94.37860954206619,26.92519692264037],[94.37596522077168,26.92070707620835],[94.37137680596344,26.91607697369824],[94.36426968308349,26.91155294075706],[94.36137504713341,26.90953235921829],[94.35835101335816,26.90657221517146],[94.35574792383686,26.903933563289154],[94.33609277643717,26.885784422387335],[94.33536581209854,26.885128231653965],[94.34056558435654,26.86835832377753],[94.3417309031976,26.864054342623216],[94.34304534237585,26.86118312506629],[94.34627694627052,26.852770301905466],[94.34930720626897,26.840344463209213],[94.34966454710585,26.839286872851762],[94.35076252014838,26.83588104889109],[94.35184484903024,26.83321720994565],[94.35304482218002,26.83180924861256],[94.35599493628547,26.8302213333857],[94.35610732900226,26.829881668387248],[94.35652020638494,26.829146361616292],[94.3566500901986,26.82896015777934],[94.35660546908181,26.82477974516354],[94.3569388608332,26.822211425094384],[94.35884455855502,26.821881599012514],[94.35940710065393,26.822081805182094],[94.36824442009359,26.827624855233225],[94.37157489167015,26.829372543334443],[94.37567170793068,26.829131834705926],[94.37789876986056,26.827454913153645],[94.37815749634052,26.82669497724255],[94.38010655574111,26.82182773808369],[94.38085652773077,26.818562209710745],[94.37938386019671,26.817060053806276],[94.36672501770687,26.812866222927333],[94.36250782540161,26.81161918208066],[94.35685139636557,26.809887490163423],[94.35366461301369,26.808786819072225],[94.34895904890928,26.80702082490513],[94.3418926969668,26.804537321662036],[94.33362142125902,26.801363062837957],[94.32857787321547,26.799371141702565],[94.31380688308353,26.793799372009214],[94.31003870289325,26.792687692202936],[94.30702444997485,26.79165219560207],[94.30437878839392,26.790864772334384],[94.30123329071417,26.789675543670434],[94.29794392424841,26.788695585886057],[94.29025118424487,26.785827499706382],[94.28945645908605,26.78556657991569],[94.28308587389073,26.783439681978653],[94.2810424437746,26.782796200678597],[94.2718070898157,26.78029088222188],[94.2694579243808,26.779622198890138],[94.26760180917107,26.776357983104383],[94.26729503899315,26.775385339243904],[94.26707648876597,26.77422795884901],[94.26745018882248,26.76903373027268],[94.26802384128482,26.767921815935242],[94.26978398228621,26.76397559181394],[94.27102356036025,26.76121258964928],[94.27209996036126,26.74524094430791],[94.27194785761735,26.737228746355417],[94.2742786381316,26.73491153492762],[94.27777801813438,26.734547236850982],[94.2780516027491,26.732999899707654],[94.27932978502417,26.727554681286126],[94.27902769057727,26.724447794892352],[94.27950534637337,26.723822043070484],[94.28097299322333,26.721903520890752],[94.28102183103206,26.72180286533336],[94.27979799323843,26.71936237470705],[94.2835010186212,26.717277720863077],[94.28533600186215,26.714109924751412],[94.28565956155275,26.713005727917324],[94.28803576537936,26.71153475091922],[94.29000552555736,26.71175775418139],[94.29193425518478,26.711178412940836],[94.29136428761174,26.707469089706716],[94.29225394403484,26.70564141464035],[94.29450697895452,26.70440550119098],[94.29341187513103,26.702221958271366],[94.29401519625222,26.700939931697924],[94.29622090792279,26.70017391171733],[94.29706617229948,26.698394976661056],[94.29665177586564,26.696059536656808],[94.29960391028216,26.692143461844484],[94.32957159497266,26.655687845512944],[94.37210130712155,26.66968742195371],[94.36385077620864,26.71152826794247],[94.37367561813171,26.72614945673103],[94.4112690428786,26.725698853340887],[94.48273366190722,26.74324478630598],[94.52936571854895,26.743513613757298],[94.55747803722466,26.727768409480614],[94.5903487328587,26.725069616560354],[94.55569589109209,26.756129339501413],[94.52877110389944,26.75796400585656],[94.51168502771955,26.773285590353545],[94.51727535242878,26.811665687878673],[94.48620050762533,26.8332641357302],[94.49256506782007,26.846447057423855]]]},"properties":{"revenue_ci":"Teok","district_3":"JORHAT","object_id":169,"district_1":"Jorhat","revenue_cr":"Teok","HQ":null,"area":449551926.2,"are_new":450}},
{"type":"Feature","geometry":{"type":"Polygon","coordinates":[[[94.28461376445857,26.561209277625895],[94.27356325936522,26.607086459110498],[94.25635091419235,26.622203281252578],[94.23809867655166,26.676858491136713],[94.23597733644924,26.66913669665366],[94.2348137630348,26.669003956024298],[94.2333135360861,26.669509619145153],[94.23229498489447,26.6699082819176],[94.22667617101433,26.673119928178895],[94.2260193058106,26.673205226614478],[94.22285389787088,26.673467626749044],[94.21900214920636,26.673639732140124],[94.21696368767205,26.673622225731982],[94.20541661275428,26.67491429161138],[94.20322112570831,26.674886294031776],[94.1983956149539,26.67431916476911],[94.1972850089035,26.67415241769788],[94.18779098505854,26.670773252186045],[94.18552918258166,26.66891807807383],[94.18289479216261,26.66679948035426],[94.17976543361527,26.666386446040427],[94.1777880170961,26.665444393237365],[94.17698068767554,26.66532642496065],[94.17087448565147,26.666580716811634],[94.16434149583255,26.670700921729424],[94.16391891394984,26.670599028062515],[94.16070521168218,26.670010925158294],[94.16027000936806,26.670050355756292],[94.15639513177987,26.66957474412991],[94.15433213905182,26.668477330029425],[94.15063908766368,26.66751381028427],[94.15043113576026,26.667303177655953],[94.14955339369276,26.665292731757948],[94.1493453591443,26.664954760391534],[94.1485786111167,26.664565439102365],[94.14822631611678,26.664584578949185],[94.14669633966085,26.66459564123649],[94.14337035966076,26.664998045257324],[94.14297298360663,26.664868310224385],[94.14239333668638,26.664882505720584],[94.14179066864037,26.66595653362282],[94.14163516307815,26.666340160961514],[94.1412816032503,26.668245439078287],[94.14118965079952,26.669069387144372],[94.14117439111779,26.669792967304996],[94.14114552016288,26.670547441815255],[94.14095343160903,26.670730516174174],[94.14033027568635,26.67086332061857],[94.1392060296167,26.671689352924037],[94.1359450014049,26.672277455201723],[94.13537237661525,26.672482185053454],[94.1349428336874,26.672444607981262],[94.13484871719507,26.672363849985288],[94.13440210717519,26.672174875007737],[94.13405155670355,26.672588881330483],[94.13356662455361,26.67292539883036],[94.13108936205417,26.672691772608058],[94.13038014573063,26.672309917370818],[94.12961481614285,26.671933039366873],[94.1293017353,26.67192317706498],[94.12789904472994,26.672037222019597],[94.12743150216728,26.67191379077934],[94.12467776427452,26.672519470724893],[94.12312570543229,26.67322047022534],[94.12071382501414,26.674177023200976],[94.11844687968227,26.674445573865228],[94.1154006853673,26.675447043809143],[94.11473131291987,26.67580052274868],[94.11452489533893,26.675729987909516],[94.11419332267602,26.675301208001766],[94.11386013933375,26.67447742937202],[94.11337124291846,26.67378248283495],[94.10946766236036,26.672711992357094],[94.1092149590844,26.67260737203448],[94.10882714379984,26.672056225754908],[94.10845618360494,26.671274104721597],[94.1094182657995,26.669369187851682],[94.10879073597968,26.66680074791689],[94.10862020070446,26.666539559070145],[94.10803441200264,26.66586609605595],[94.10689849322416,26.665216781329317],[94.10634634822637,26.664707907336584],[94.10626154367029,26.66382352713137],[94.10699689917197,26.663425861831854],[94.11157396017333,26.66291404806159],[94.11200193823592,26.662684298890547],[94.1122090466213,26.66174805186506],[94.11150741297709,26.65978520878999],[94.11059078823082,26.658343689232392],[94.11036257213121,26.658031491238535],[94.11018516204913,26.656823774911775],[94.11028291222677,26.656178173237134],[94.10978575400584,26.655662311148983],[94.10870743969494,26.65498110310991],[94.10790940604095,26.654689973894527],[94.10753634288997,26.6545028820305],[94.10698682366777,26.65446959588819],[94.10585126780866,26.65439374664081],[94.10518106531792,26.65423125285615],[94.10501599988446,26.65408683506248],[94.10403892031623,26.65313234960889],[94.10356507697013,26.65282469279528],[94.10298193829841,26.65153930231255],[94.10289455018759,26.650884509144404],[94.10263982390563,26.650000482671544],[94.10278581630894,26.648706581067035],[94.10291472904382,26.648338147007703],[94.10276636868139,26.647771747294808],[94.1024091221676,26.647619166296455],[94.10203072482048,26.64745860427871],[94.10018876705963,26.646180340209412],[94.0997505787455,26.64589214968278],[94.09812121717809,26.64597968691057],[94.09783251212053,26.646028096715003],[94.09743149878781,26.64608654687169],[94.09734313420826,26.646088142251106],[94.09683618524903,26.645579501726292],[94.09663783992923,26.645326630676863],[94.09630449938179,26.64490032512112],[94.07214560338943,26.588397843270645],[94.08834664048676,26.57687632512081],[94.1147928286522,26.55433528692239],[94.1053161333091,26.50647111288031],[94.09695755033886,26.492282155765235],[94.10355529162176,26.462749469250248],[94.12700786835738,26.450572139304423],[94.11454737028905,26.423870915027507],[94.11631535807444,26.39756430363322],[94.13755533485794,26.348735591091796],[94.16121715976595,26.347724559608093],[94.17748936589169,26.382110559061626],[94.17181382250303,26.41593973797459],[94.18513671132898,26.458533182505068],[94.20653072313256,26.4855608023746],[94.23653160236944,26.5062347125067],[94.25624635298823,26.541321533380493],[94.28461376445857,26.561209277625895]]]},"properties":{"revenue_ci":"Titabor","district_3":"JORHAT","object_id":170,"district_1":"Jorhat","revenue_cr":"Titabor","HQ":null,"area":419204313.3,"are_new":419}},
{"type":"Feature","geometry":{"type":"Polygon","coordinates":[[[94.5903487328587,26.725069616560354],[94.55747803722466,26.727768409480614],[94.52936571854895,26.743513613757298],[94.48273366190722,26.74324478630598],[94.4112690428786,26.725698853340887],[94.37367561813171,26.72614945673103],[94.36385077620864,26.71152826794247],[94.37210130712155,26.66968742195371],[94.32957159497266,26.655687845512944],[94.29960391028216,26.692143461844484],[94.3004803390127,26.690694045192945],[94.286373124824,26.691581002007347],[94.27959170411661,26.691126003260095],[94.27783046178067,26.69142117362418],[94.26439998981797,26.698335575006926],[94.25592797478016,26.702286254833844],[94.25542103210915,26.703093718148473],[94.25007950390271,26.705237544267998],[94.24619833990421,26.707068904381085],[94.23636860306114,26.70886741335936],[94.23417434041892,26.709641743741724],[94.23389838964171,26.709757729825107],[94.2337003937666,26.705828892868414],[94.23809867655166,26.676858491136713],[94.25635091419235,26.622203281252578],[94.27356325936522,26.607086459110498],[94.28461376445857,26.561209277625895],[94.283142366244,26.505071501688203],[94.29334266353165,26.471195731379375],[94.3208280075464,26.475617274715194],[94.37425345853993,26.507496512389302],[94.40344091867689,26.545329238063612],[94.41220925648588,26.58252188786374],[94.40417741144574,26.611916138655413],[94.42565225815015,26.617248652131703],[94.44977882197887,26.635609407917006],[94.45985097009962,26.660875232387014],[94.49258343207941,26.665987229894217],[94.51748953594536,26.68203006387576],[94.53917337120903,26.706282654048923],[94.5903212318346,26.696723505318882],[94.59205773366926,26.724973941602357],[94.5903487328587,26.725069616560354]]]},"properties":{"revenue_ci":"Mariani","district_3":"JORHAT","object_id":171,"district_1":"Jorhat","revenue_cr":"Mariani","HQ":null,"area":436514584.8,"are_new":437}},
{"type":"Feature","geometry":{"type":"Polygon","coordinates":[[[93.75385634831369,26.806976338474573],[93.7142297755674,26.816022700089515],[93.6890568612823,26.797408195424996],[93.66992444803802,26.80080465184026],[93.6487205161553,26.788061512697123],[93.64909474801448,26.76354995550054],[93.67054101841138,26.711986471215774],[93.65094777930781,26.706120422781797],[93.56162674820045,26.724011080836842],[93.55684529981073,26.736757262843042],[93.50414573877075,26.756990100752976],[93.47100836117662,26.756473272114356],[93.43891953670804,26.748270470874605],[93.3963663713437,26.750639087630148],[93.37211346306356,26.74578054892608],[93.34205085699024,26.728041904569736],[93.33093646191728,26.708747052118657],[93.30395902716077,26.700333453358997],[93.31508974462247,26.68655211085959],[93.30670050664318,26.66847935697599],[93.3179579620184,26.655672561023113],[93.29781686377925,26.63490433109375],[93.29141574574575,26.59059867713631],[93.29768419967978,26.576553817134887],[93.33716168981816,26.58020691164441],[93.40310195910693,26.580041872544864],[93.4086600540604,26.570487047054055],[93.4733344794346,26.581197319593656],[93.47798216059367,26.603130688790195],[93.49558390927253,26.606625967058022],[93.52368743164497,26.593602272484567],[93.55226844272694,26.60658762376008],[93.58136920645589,26.60574232904297],[93.59425665042258,26.570960938793082],[93.63593197849801,26.597418797108364],[93.66865903441644,26.604750193745737],[93.71165709132354,26.60575473193472],[93.75166301273283,26.58144725079751],[93.76266267587606,26.606779082298853],[93.75856249542475,26.62614998630543],[93.785179605141,26.644495406153712],[93.81421935978739,26.652790444335583],[93.82409706666662,26.68357867002431],[93.78524789866212,26.68015083950063],[93.78474712651881,26.71048479596578],[93.76322926758024,26.77248153654883],[93.74668698386267,26.77788971937176],[93.75385634831369,26.806976338474573]]]},"properties":{"revenue_ci":"Bokakhat","district_3":"GOLAGHAT","object_id":172,"district_1":"Golaghat","revenue_cr":"Bokakhat","HQ":null,"area":850138736.1,"are_new":850}},
{"type":"Feature","geometry":{"type":"Polygon","coordinates":[[[93.9623143095803,26.92680657974927],[93.92617394483975,26.93026112989718],[93.9085134804773,26.900532107579956],[93.89171680734596,26.892187695147435],[93.89684586242815,26.871726707360324],[93.87852910778375,26.857084974550702],[93.83493576877888,26.85069408228639],[93.82388372127821,26.825194087520494],[93.80097525680512,26.82153338724642],[93.76995155488743,26.844776579888407],[93.75385634831369,26.806976338474573],[93.74668698386267,26.77788971937176],[93.76322926758024,26.77248153654883],[93.78474712651881,26.71048479596578],[93.78524789866212,26.68015083950063],[93.82409706666662,26.68357867002431],[93.81421935978739,26.652790444335583],[93.785179605141,26.644495406153712],[93.75856249542475,26.62614998630543],[93.76266267587606,26.606779082298853],[93.79979850690205,26.604959716865718],[93.8539313209947,26.568230297451873],[93.87247036195953,26.560786285533244],[93.91039169693795,26.578417626649628],[93.93592287642633,26.61779952170487],[93.9115406808139,26.635500805315484],[93.89792522597128,26.655759095229545],[93.90052065196488,26.681783041492743],[93.8739308168973,26.678265365773008],[93.84836588680535,26.7026832236503],[93.89425691328776,26.747788307833513],[93.88928583593145,26.763795821932906],[93.93124410727022,26.7800349331121],[93.95277917433634,26.80256771439351],[93.97980317057062,26.809883514267394],[93.98016099829438,26.810646277630838],[93.98242234712203,26.813974883686903],[93.98488477304625,26.817145428713825],[93.98640491923804,26.818434863234696],[93.98936375598488,26.819862975936605],[93.99341952911843,26.821664703318664],[93.99870254016896,26.824428003817168],[93.99946180612855,26.825211269984663],[94.00165002400723,26.82757451137367],[94.00287377107102,26.828881259237058],[94.0061049159266,26.832358744652186],[94.00709088612119,26.83309609867116],[94.00838322494683,26.833959209963865],[94.008388656161,26.834293261287694],[94.00755197698346,26.837461008657325],[94.00730565623762,26.83859752392806],[94.00482163122072,26.846965464728356],[94.0040963763761,26.849844624181625],[94.00334192358977,26.852613393093883],[94.00264431080475,26.855462889764254],[94.00156360697522,26.85913421862796],[93.99984536339868,26.865784659890384],[93.99955761594518,26.86690634705708],[93.99396794431118,26.869328806073057],[93.98698452483575,26.869729571129827],[93.98494260209267,26.87067439530932],[93.98169340020156,26.87212996802178],[93.97811114522395,26.87258383637674],[93.97371387394188,26.87324135077202],[93.97163311882572,26.8761083158767],[93.9710501652069,26.876961647269223],[93.97186429577249,26.881541347096746],[93.97078451990265,26.881898562941366],[93.96996285606511,26.882395526051347],[93.96854446114725,26.88330359435291],[93.96567784634577,26.88546248926756],[93.96262995421493,26.88780191715776],[93.95735870300979,26.891613807062352],[93.95691644981899,26.89251659689745],[93.95780308700441,26.893599067199094],[93.96359023079576,26.899123529946227],[93.966240489056,26.902664152185203],[93.96672529184853,26.90450499113732],[93.96753885018727,26.908344684371986],[93.96677264833535,26.913065359353645],[93.96417318890614,26.916830557188916],[93.9623143095803,26.92680657974927]]]},"properties":{"revenue_ci":"Khumtai","district_3":"GOLAGHAT","object_id":173,"district_1":"Golaghat","revenue_cr":"Khumtai","HQ":null,"area":473079404.2,"are_new":473}},
{"type":"Feature","geometry":{"type":"Polygon","coordinates":[[[93.97980317057062,26.809883514267394],[93.95277917433634,26.80256771439351],[93.93124410727022,26.7800349331121],[93.88928583593145,26.763795821932906],[93.89425691328776,26.747788307833513],[93.84836588680535,26.7026832236503],[93.8739308168973,26.678265365773008],[93.90052065196488,26.681783041492743],[93.89792522597128,26.655759095229545],[93.9115406808139,26.635500805315484],[93.93592287642633,26.61779952170487],[93.9717373377717,26.62846927919947],[93.97777478094729,26.592621160615977],[94.03090041292651,26.58244393427702],[94.05200096488974,26.594928193718278],[94.07053313014939,26.571533842790217],[94.08834664048676,26.57687632512081],[94.07214560338943,26.588397843270645],[94.09630449938179,26.64490032512112],[94.09600970913648,26.645310936116545],[94.0942315829648,26.646853978001154],[94.09363398141697,26.646989198867495],[94.09273484237771,26.647498983666665],[94.09168502083106,26.648649448992142],[94.09110230885906,26.648974236243614],[94.0908463177492,26.64866279383598],[94.09053534704897,26.647060713350555],[94.08808469534317,26.647046579066913],[94.08699476940897,26.647416339669007],[94.08657284958463,26.647714047103836],[94.08581422861538,26.648548695812323],[94.08488968072837,26.64997899917713],[94.08595862291587,26.652402668006943],[94.08630416977137,26.655503008060315],[94.08507763074367,26.659027159612624],[94.08391735863786,26.659261561240076],[94.0829881143585,26.65943271906566],[94.08264133860771,26.66008246088703],[94.08216867924119,26.661657281814765],[94.0815709447427,26.661639060682038],[94.08022011571063,26.660875954108366],[94.0803013305988,26.658565532934876],[94.07954306985403,26.65836669330358],[94.07896025367747,26.658835869692478],[94.07863351934066,26.659657062217082],[94.078582952275,26.660604739899092],[94.07831648860554,26.661073968099963],[94.07694504772923,26.661948968060305],[94.07587520632813,26.661849328057805],[94.07383146180163,26.66084224273255],[94.0723295020028,26.661279479916637],[94.07210827659273,26.66178934700789],[94.07325777071176,26.663373767387903],[94.07299126032989,26.66419496900115],[94.07217245044002,26.664447412919497],[94.07146442168926,26.6640499537011],[94.07116313213285,26.663725006241886],[94.0699536512141,26.661648634062484],[94.06957718165158,26.661237858651685],[94.06757810944586,26.66133630783089],[94.06718600201086,26.662107814191373],[94.06711997134587,26.66358350092583],[94.06800359468353,26.66434201113694],[94.0685709993631,26.6646129772354],[94.06992179695413,26.665502502709828],[94.06997157709559,26.66626971660397],[94.06857019806584,26.666422572905375],[94.06701820929219,26.66629567084966],[94.06665573278686,26.667938120829135],[94.0664798417559,26.668109565066946],[94.06574171674819,26.667698618649606],[94.06572710205681,26.666818554802518],[94.06567734706817,26.665843792708984],[94.06513551472986,26.66458452917691],[94.06437740130873,26.663988528799123],[94.06389033116844,26.663717526697933],[94.06192538057046,26.665756428860128],[94.06045846584747,26.66608070102528],[94.05912227126969,26.66645021613467],[94.0583032080549,26.666946190000992],[94.05764010674645,26.667225668000405],[94.05673168900863,26.665997784695787],[94.05739494033574,26.665573864306168],[94.05792732599055,26.665533556336825],[94.0587312049821,26.665222561302397],[94.05839983533842,26.66483875520045],[94.05791318021977,26.66395855208625],[94.05777275916783,26.663520791315133],[94.05752190731965,26.66302421170504],[94.0571754091483,26.66289773134834],[94.05665801457891,26.663037412774614],[94.05606023426637,26.664070540247817],[94.05593390688291,26.66442700465788],[94.05624954702598,26.665898286305286],[94.05640490885773,26.666448918063054],[94.05613823857576,26.667166319943668],[94.053415904887,26.667092784664224],[94.0527973860678,26.66823417164014],[94.05283245360155,26.668518494296585],[94.0538060899273,26.669778048346554],[94.05421775188938,26.670134775079486],[94.05483051340596,26.670162101932704],[94.05571021380075,26.669088518208092],[94.05649916818216,26.668506742826604],[94.05672010074147,26.66863324506153],[94.05676453411037,26.669937446298885],[94.05668891482807,26.670515040955276],[94.0560805146322,26.67144438078948],[94.05549784577937,26.671471182343527],[94.05250842768531,26.67258881871814],[94.05232223926627,26.673238630107278],[94.05362754886626,26.674371984680644],[94.05397369669468,26.67505358667202],[94.05412854019853,26.67665565386546],[94.05414283778461,26.67778836925586],[94.05392127191304,26.67883519167373],[94.05307186360791,26.679457581848457],[94.05134547680333,26.6790221152103],[94.05093227423053,26.678919461617895],[94.05006334373766,26.678806197327493],[94.04986750022591,26.678639082768477],[94.0515364038355,26.676753601702288],[94.05166234943495,26.67617601937436],[94.049116479004,26.674816417649208],[94.04806185865706,26.674405194378735],[94.046277015782,26.676836546334425],[94.04506516690414,26.678686163127878],[94.04490877919633,26.67956152003606],[94.04499881823558,26.68017984072899],[94.04544028180723,26.68114128614802],[94.04492266265905,26.68141178371793],[94.04405384625221,26.681054804102573],[94.04339576472961,26.681027344209337],[94.04336021390225,26.68159586884229],[94.04358086079725,26.682146550833732],[94.04430373420807,26.682968318003926],[94.04745413309602,26.681936670027948],[94.04903110671266,26.682573732605885],[94.04897981290993,26.684193853080696],[94.04853740880218,26.684730564671433],[94.04805443587787,26.685799841916122],[94.04833512257325,26.686734144206433],[94.04866594514293,26.687853460945234],[94.04665160427233,26.687685463928535],[94.04507844400405,26.688632205653775],[94.04495287390037,26.688618631122925],[94.04382356402745,26.687228043377168],[94.04342654280786,26.687399359893174],[94.04391694479956,26.690179441164553],[94.04424808716946,26.690734699818616],[94.04623969707015,26.6951853698366],[94.04564683233882,26.695176079365915],[94.04463740174225,26.694534654642837],[94.04278396261377,26.69389733628116],[94.04223104506481,26.69426708629302],[94.0419640783388,26.695354440861355],[94.041189742242,26.696233994743576],[94.04129905194071,26.69784963625969],[94.042435309384,26.696744639727957],[94.04292294725961,26.696361349828916],[94.04393193139344,26.697643546704498],[94.04369685306337,26.698616968771763],[94.04345310060093,26.699764238921688],[94.04274813780023,26.702033766288164],[94.04246621322642,26.70294070075409],[94.04206928094005,26.702899842633784],[94.04055723934874,26.702402497187105],[94.04054113435235,26.703900768068262],[94.04003801580947,26.704794016357862],[94.04158499467879,26.70554852725381],[94.04156958677503,26.706085565992325],[94.04069911567146,26.707727643344704],[94.04041690812832,26.709000040162675],[94.04000431820656,26.709735370065733],[94.03857747104017,26.709445740008203],[94.03804004224335,26.709147579816822],[94.03596455305133,26.70951631015404],[94.03648111128919,26.710920086207235],[94.03665685858967,26.711073680275078],[94.03700341604987,26.71125888023206],[94.03753093463247,26.711340421143543],[94.0393247723385,26.711341527721093],[94.04007818307907,26.711833830079932],[94.04142930406364,26.712642430165175],[94.04177599357618,26.712629129719897],[94.04286659324686,26.712304801391337],[94.04335393288179,26.712372837258325],[94.04388629967198,26.712842378801785],[94.04415718484925,26.713406646667625],[94.04162376776308,26.71467332212258],[94.04112108041154,26.71499788523353],[94.04207949119156,26.716975045962545],[94.04207931063017,26.71720070577283],[94.04178182723564,26.71864457518131],[94.04158934342308,26.72073385781438],[94.04127248336785,26.721171369173277],[94.04076967743873,26.721496029299402],[94.03955878436834,26.72128319761747],[94.03857902871887,26.72110209006063],[94.03834275832442,26.721183176996337],[94.03832725340261,26.72171116019343],[94.03845280284506,26.72186473087631],[94.04144218770145,26.72268323637301],[94.04308019914671,26.723031687982733],[94.04457228286732,26.723781682685978],[94.04587819074531,26.724743629905646],[94.04603876370402,26.725041521382174],[94.04394232130804,26.726407735264736],[94.04532798700681,26.728281260674066],[94.04550273088917,26.730054898060043],[94.04421102627411,26.73021211684716],[94.04279492924678,26.728595694909533],[94.04249851305079,26.728455622861837],[94.04166409672943,26.728748519765958],[94.0410349014331,26.730079395212613],[94.04180288644083,26.731492348797797],[94.04221454480968,26.732029557987627],[94.04355058218229,26.733262320984107],[94.04378588958278,26.73461628313788],[94.04400649335865,26.735338441791594],[94.04568931007533,26.736643533784108],[94.0463315237568,26.738290997111047],[94.04617553310435,26.7385571647563],[94.0449440120201,26.73876857381694],[94.04227552604442,26.73833838976383],[94.04308044887837,26.73719262027845],[94.04220164769715,26.736104523616074],[94.04164880560668,26.73610426608591],[94.03741550022015,26.7381730721611],[94.03799768218613,26.739333183254168],[94.03847486906169,26.739653847697625],[94.03916697786897,26.74166690685893],[94.03894544703167,26.74223092831089],[94.03840769933296,26.74223059538485],[94.03707138617752,26.741236948769345],[94.03656903030435,26.740898211095878],[94.0342899029189,26.737435532826144],[94.03338168101384,26.737746953329438],[94.0328819320516,26.738310117354036],[94.03277094609658,26.738932770606485],[94.03267445535694,26.740092436725625],[94.03194990389316,26.74108475520627],[94.03092390117627,26.741964128279644],[94.02716656185484,26.739384799327077],[94.02517072627907,26.739974593066133],[94.02331102858801,26.740045442718223],[94.02044654728535,26.73964632580482],[94.02176745702855,26.740721315245604],[94.02235026871354,26.74090671003516],[94.02471129370679,26.74239309607423],[94.02485099969978,26.743525838021604],[94.02377136396713,26.74449270032335],[94.02317908942896,26.744852929806996],[94.0226781978097,26.745288829027743],[94.02231575094876,26.745825535850308],[94.02160628758847,26.746754623883376],[94.01947973096922,26.747150186181155],[94.01820831839815,26.746864988035135],[94.01610245896303,26.74670999671234],[94.0117894379765,26.747090152167644],[94.0110055689579,26.746918109624325],[94.00091244607356,26.746636657974072],[94.0006137930725,26.74907547414956],[94.00120536692476,26.752425929637774],[94.00107248183973,26.758976870887082],[93.99994100612867,26.76345855833495],[93.99851194910671,26.765205096118414],[93.9969061683155,26.76659147567968],[93.99207979338178,26.76712560114576],[93.98762594530481,26.767381978777024],[93.98426780741417,26.76738460470156],[93.98104002674935,26.767102765012336],[93.97528899613074,26.767251402717477],[93.9723881519237,26.767181231718542],[93.97169116795935,26.76928460320337],[93.97133806717062,26.773729868176552],[93.97127926614709,26.775449255211726],[93.97132043503822,26.776577370613396],[93.9718450466726,26.778549081928286],[93.97318364604037,26.7799650747589],[93.98089879990859,26.78253624267141],[93.98251880192903,26.783609099805712],[93.98317231462015,26.788626659062015],[93.98063979225599,26.79050582903356],[93.98021777990517,26.790795020882715],[93.9772737590723,26.79316517418208],[93.97602715976602,26.794164477645964],[93.97571672176674,26.80117296784995],[93.97980317057062,26.809883514267394]]]},"properties":{"revenue_ci":"Dergaon","district_3":"GOLAGHAT","object_id":174,"district_1":"Golaghat","revenue_cr":"Dergaon","HQ":null,"area":322577977.5,"are_new":323}},
{"type":"Feature","geometry":{"type":"Polygon","coordinates":[[[94.08834664048676,26.57687632512081],[94.07053313014939,26.571533842790217],[94.05200096488974,26.594928193718278],[94.03090041292651,26.58244393427702],[93.97777478094729,26.592621160615977],[93.9717373377717,26.62846927919947],[93.93592287642633,26.61779952170487],[93.91039169693795,26.578417626649628],[93.87247036195953,26.560786285533244],[93.89667613922997,26.518134367190694],[93.94413291847279,26.51491731966511],[93.9583471732158,26.486755634409846],[93.94720807447253,26.47450420001675],[93.94830291059807,26.441834667796208],[93.94934317317181,26.40244718106985],[93.9688870246977,26.35356621646065],[93.96638560111036,26.33602669076337],[93.98092043942547,26.303979623136975],[93.97626586369658,26.264388493942967],[93.98469038929686,26.250702832069674],[93.98324834712749,26.213366827150068],[93.97008434063088,26.197113802215007],[93.97941725881614,26.17993508288358],[94.00198466082362,26.17382786694646],[94.03176988959508,26.19752705944956],[94.04737962053815,26.24907522624339],[94.07453087121725,26.264478509629512],[94.07463389720056,26.283694200130608],[94.11965342041512,26.328901707986827],[94.16121715976595,26.347724559608093],[94.13755533485794,26.348735591091796],[94.11631535807444,26.39756430363322],[94.11454737028905,26.423870915027507],[94.12700786835738,26.450572139304423],[94.10355529162176,26.462749469250248],[94.09695755033886,26.492282155765235],[94.1053161333091,26.50647111288031],[94.1147928286522,26.55433528692239],[94.08834664048676,26.57687632512081]]]},"properties":{"revenue_ci":"Golaghat","district_3":"GOLAGHAT","object_id":175,"district_1":"Golaghat","revenue_cr":"Golaghat","HQ":"y","area":658333420.5,"are_new":658}},
{"type":"Feature","geometry":{"type":"Polygon","coordinates":[[[93.87247036195953,26.560786285533244],[93.8539313209947,26.568230297451873],[93.79979850690205,26.604959716865718],[93.76266267587606,26.606779082298853],[93.75166301273283,26.58144725079751],[93.73988097177437,26.566730399646055],[93.73596903329087,26.53348526407599],[93.7576211804829,26.513692806115063],[93.77814938882914,26.481782236236008],[93.77694846975336,26.466559480238754],[93.79441040553972,26.440156356527726],[93.78125836190776,26.424903755079047],[93.79477576833206,26.403714820924765],[93.81657276796535,26.3986437072495],[93.8290140762226,26.415765651693526],[93.88340526645221,26.39224904393635],[93.89918194749418,26.413287318721054],[93.94830291059807,26.441834667796208],[93.94720807447253,26.47450420001675],[93.9583471732158,26.486755634409846],[93.94413291847279,26.51491731966511],[93.89667613922997,26.518134367190694],[93.87247036195953,26.560786285533244]]]},"properties":{"revenue_ci":"Morangi","district_3":"GOLAGHAT","object_id":176,"district_1":"Golaghat","revenue_cr":"Morangi","HQ":null,"area":318699785.4,"are_new":319}},
{"type":"Feature","geometry":{"type":"Polygon","coordinates":[[[93.94830291059807,26.441834667796208],[93.89918194749418,26.413287318721054],[93.88340526645221,26.39224904393635],[93.89032774691373,26.369288802814808],[93.88506533872423,26.302528842281834],[93.86532040830515,26.25806690639191],[93.85699600443485,26.221330115698734],[93.83381746955642,26.20710067025355],[93.83327840313083,26.1807169995937],[93.82160904055343,26.172295664349594],[93.83022915723886,26.149645182051472],[93.80401052580959,26.092273683655563],[93.80660511367505,26.074656982848968],[93.79047655265482,26.052669654310954],[93.78591251632677,26.01432386932841],[93.79560658420574,25.98749458255417],[93.77663052004172,25.968750731750944],[93.78724684779866,25.946681417658446],[93.79601558445965,25.903490411551807],[93.78435774008078,25.884852941333513],[93.7775115131122,25.848607099103067],[93.78995701290857,25.8113261445086],[93.81629372339034,25.822712527295952],[93.82516625229755,25.844496974280737],[93.8450934463962,25.858389605959534],[93.87600969633118,25.842578082712897],[93.91589979525595,25.883800803923233],[93.96660801948315,25.905991599777686],[93.97859914961218,25.916828776536974],[93.96861078915457,25.957355270544618],[93.95405637475278,25.969360050719253],[93.96237553425847,26.036637740764128],[93.98494336206741,26.065203874478],[93.98168623973044,26.082306645881268],[93.99705855672369,26.10700375590391],[93.98888328307203,26.133402971614764],[94.00198466082362,26.17382786694646],[93.97941725881614,26.17993508288358],[93.97008434063088,26.197113802215007],[93.98324834712749,26.213366827150068],[93.98469038929686,26.250702832069674],[93.97626586369658,26.264388493942967],[93.98092043942547,26.303979623136975],[93.96638560111036,26.33602669076337],[93.9688870246977,26.35356621646065],[93.94934317317181,26.40244718106985],[93.94830291059807,26.441834667796208]]]},"properties":{"revenue_ci":"Sarupathar","district_3":"GOLAGHAT","object_id":177,"district_1":"Golaghat","revenue_cr":"Sarupathar","HQ":null,"area":900371843.1,"are_new":900}},
{"type":"Feature","geometry":{"type":"Polygon","coordinates":[[[93.82160904055343,26.172295664349594],[93.79616360346226,26.15998137616155],[93.75458883010481,26.159637477579736],[93.73137828645618,26.179412858682472],[93.692867541667,26.16859366602901],[93.70144571331687,26.15177587215189],[93.68599750215687,26.129417294504652],[93.6476259243715,26.13627618337354],[93.59700482954034,26.14015251179112],[93.5688381888411,26.152943342552227],[93.56803434847708,26.1205747287502],[93.54668500629933,26.10953893088836],[93.55187836907776,26.080972472263046],[93.53886936418849,26.050939339772196],[93.5004452816714,26.032173157892714],[93.45975663166303,25.99367777577201],[93.43448073631039,25.976006367412513],[93.38949524666867,25.99600209867724],[93.36388575924033,25.997215201166174],[93.34073771138601,25.986099101375313],[93.3249199261316,25.99926444887679],[93.29097947892801,25.98661443285385],[93.2595966530176,26.000238752338287],[93.24700989493942,26.02003139415066],[93.18973315791374,26.03264726653779],[93.1796502677388,25.996984707683385],[93.15801939894088,25.995593620997575],[93.1586001975013,25.961596850417124],[93.17307993046191,25.95307630098992],[93.18367748163283,25.90258172469337],[93.19689801372036,25.897985986197998],[93.22189035046368,25.860024877151943],[93.2392268311307,25.851041531892566],[93.2478556210502,25.797597284904654],[93.23100014779364,25.75917012156408],[93.22649619887662,25.726764409838836],[93.18240765728319,25.728896730889215],[93.17048896909527,25.71830579976172],[93.14263543528999,25.71850185334133],[93.1315854682875,25.686533339923795],[93.13657943561556,25.669332518118765],[93.16810206902859,25.662678308899864],[93.1899128353436,25.624143747669066],[93.17701476071386,25.593214032456547],[93.20762432850574,25.544152225675845],[93.26007719689738,25.548373928113687],[93.26903202855259,25.531852389582564],[93.29423018100563,25.544194600642225],[93.30145223883456,25.530342043088098],[93.33020077134398,25.54240903178491],[93.34235534005748,25.55986572390462],[93.36380563311026,25.56148470660273],[93.37954539249571,25.584070230565736],[93.42220586790896,25.62008866756793],[93.42481388828284,25.630400974440786],[93.46355107949051,25.644564889738714],[93.48128471792107,25.644569781908316],[93.50636084142926,25.664253120173406],[93.5203861211792,25.69171410850394],[93.58399753324676,25.764406519253203],[93.61769046404687,25.776593436561978],[93.63906549085522,25.816323484084457],[93.67753598303484,25.827891043665005],[93.70198255910707,25.85164245108194],[93.68141165293707,25.90390199994155],[93.70833546366099,25.918937909166544],[93.73504613291405,25.92370965209571],[93.76745550322549,25.950612713811],[93.77663052004172,25.968750731750944],[93.79560658420574,25.98749458255417],[93.78591251632677,26.01432386932841],[93.79047655265482,26.052669654310954],[93.80660511367505,26.074656982848968],[93.80401052580959,26.092273683655563],[93.83022915723886,26.149645182051472],[93.82160904055343,26.172295664349594]]]},"properties":{"revenue_ci":"Diphu","district_3":"K.ANGLONG","object_id":178,"district_1":"Karbi Anglong","revenue_cr":"Diphu","HQ":"y","area":2467568183,"are_new":2468}},
{"type":"Feature","geometry":{"type":"Polygon","coordinates":[[[93.75166301273283,26.58144725079751],[93.71165709132354,26.60575473193472],[93.66865903441644,26.604750193745737],[93.63593197849801,26.597418797108364],[93.59425665042258,26.570960938793082],[93.58136920645589,26.60574232904297],[93.55226844272694,26.60658762376008],[93.52368743164497,26.593602272484567],[93.49558390927253,26.606625967058022],[93.49229294739881,26.562867494936032],[93.4756790499868,26.548930925074764],[93.48146227442854,26.496630308051383],[93.44245436692685,26.488889695388195],[93.4194718013243,26.46241711403531],[93.42050201893653,26.428784945607354],[93.43578210140798,26.404359920564914],[93.47425552658696,26.38781594994286],[93.52068879773444,26.39659658578754],[93.51598099682494,26.37250132732343],[93.49632936004139,26.35795399445098],[93.48770055305391,26.31958959209998],[93.48849376005987,26.252060421755512],[93.507684396711,26.242228752679317],[93.53812544774215,26.247994866776818],[93.5689743869129,26.24319528833131],[93.58094107028977,26.22317093875078],[93.56652840105669,26.205445794578925],[93.56959328212618,26.1893205455656],[93.61931006901195,26.19122633400793],[93.6476259243715,26.13627618337354],[93.68599750215687,26.129417294504652],[93.70144571331687,26.15177587215189],[93.692867541667,26.16859366602901],[93.73137828645618,26.179412858682472],[93.75458883010481,26.159637477579736],[93.79616360346226,26.15998137616155],[93.82160904055343,26.172295664349594],[93.83327840313083,26.1807169995937],[93.83381746955642,26.20710067025355],[93.85699600443485,26.221330115698734],[93.86532040830515,26.25806690639191],[93.88506533872423,26.302528842281834],[93.89032774691373,26.369288802814808],[93.88340526645221,26.39224904393635],[93.8290140762226,26.415765651693526],[93.81657276796535,26.3986437072495],[93.79477576833206,26.403714820924765],[93.78125836190776,26.424903755079047],[93.79441040553972,26.440156356527726],[93.77694846975336,26.466559480238754],[93.77814938882914,26.481782236236008],[93.7576211804829,26.513692806115063],[93.73596903329087,26.53348526407599],[93.73988097177437,26.566730399646055],[93.75166301273283,26.58144725079751]]]},"properties":{"revenue_ci":"Silonijan","district_3":"K.ANGLONG","object_id":179,"district_1":"K.ANGLONG","revenue_cr":"Silonijan","HQ":null,"area":1566331644,"are_new":1566}},
{"type":"Feature","geometry":{"type":"Polygon","coordinates":[[[93.06366486744643,25.77670240582301],[93.03508344313943,25.795368280683444],[93.00323489105988,25.786440495550824],[92.95848580476328,25.799236845573922],[92.93256458216842,25.799160629798322],[92.92154652691806,25.77159833490867],[92.88360873929523,25.75648741985268],[92.84251454664846,25.750882261300106],[92.82052709609009,25.739943433432412],[92.81341496240748,25.701879546176713],[92.77713725514147,25.678900319500105],[92.78909826026747,25.66121991872495],[92.75852545423191,25.62558357155079],[92.74866551243574,25.599165273776705],[92.72257602909995,25.58899736846442],[92.69561699363712,25.59890634686839],[92.66134437998419,25.57245676255394],[92.64275183086944,25.534908284525915],[92.6183665729002,25.515158402045113],[92.57356672729848,25.490577102756134],[92.5642756679105,25.47371119108729],[92.60036054281764,25.46485257061228],[92.59781302577476,25.450165141123087],[92.61849424595994,25.42309984792168],[92.65222298360727,25.429326011889916],[92.688059624357,25.402179551728953],[92.70047678230614,25.384940961703904],[92.74632440129571,25.35842462396233],[92.77418499585912,25.33654998982487],[92.79553345409467,25.363198944675077],[92.8240869866104,25.341783795264494],[92.87262799107862,25.320368646564887],[92.8904739485641,25.319654808071576],[92.91284088163445,25.363674836680715],[92.94710512029403,25.363198944675077],[92.971375622079,25.39032479956572],[93.00897110666283,25.406505134908453],[93.03086214732994,25.43553455934629],[93.03181393213642,25.492641623458454],[93.0186079231121,25.511796284376654],[92.97577762568596,25.545703603940368],[92.96863924233247,25.574257136013735],[92.97220843400922,25.622441221184264],[92.99183898733305,25.672409902453285],[93.0313975261713,25.691371232166475],[93.08106877476035,25.706837728746123],[93.09385837781957,25.721114494639025],[93.09471146562409,25.76968035032316],[93.06366486744643,25.77670240582301]]]},"properties":{"revenue_ci":"Umrangso","district_3":"DIMA HASAO","object_id":180,"district_1":"Dima Hasao","revenue_cr":"Umrangso","HQ":null,"area":1459647329,"are_new":1460}},
{"type":"Feature","geometry":{"type":"Polygon","coordinates":[[[92.94710512029403,25.363198944675077],[92.91284088163445,25.363674836680715],[92.8904739485641,25.319654808071576],[92.87262799107862,25.320368646564887],[92.8240869866104,25.341783795264494],[92.79553345409467,25.363198944675077],[92.77418499585912,25.33654998982487],[92.79179644544472,25.284370229861352],[92.76179590217777,25.24662830680573],[92.77157582474335,25.230079907355343],[92.80142523544693,25.220338646083775],[92.77484133734505,25.199736361852423],[92.74278245282655,25.206751865486613],[92.69380820167657,25.179336314300308],[92.65833438957179,25.17204535194631],[92.65330619283812,25.153055294721007],[92.62781391219816,25.13747616512701],[92.62243511738212,25.115978232020947],[92.58799004516096,25.128883473675376],[92.52480805385036,25.135288592835597],[92.53933182492116,25.099153949871194],[92.60256759207961,25.110415075118674],[92.60997346677527,25.10475468421666],[92.64861905587512,25.117591410115217],[92.66505510842047,25.109093217338923],[92.70116798561163,25.11128969456365],[92.75274621022515,25.138971104105394],[92.7802821356786,25.086798355619628],[92.82229999137189,25.073860868726424],[92.83577494700913,25.052657130753293],[92.85688937884176,25.064839571262386],[92.89745825288007,25.079280204828454],[92.9321994807858,25.07838848590159],[92.95168862760585,25.070418985437662],[92.95901229746987,25.090088697012717],[93.01689220020823,25.097754781322443],[93.03765475655419,25.082144066129423],[93.01424679554547,25.061830342464766],[93.03649297348207,25.0369026050082],[93.0591817531558,25.022695945989284],[93.06930751812263,25.00066727602935],[93.0992147102619,25.000669539354426],[93.13538219514086,25.049553266276074],[93.15251431447066,25.088576426738985],[93.15249028004521,25.12938418284894],[93.13328441605174,25.165585329631526],[93.10434702353362,25.176915079804342],[93.09104768943274,25.21718479582844],[93.05742288147388,25.211761123267774],[93.0110233914727,25.229607080787204],[92.95320248918388,25.298135557775783],[92.94463642951901,25.315981515074544],[92.94710512029403,25.363198944675077]]]},"properties":{"revenue_ci":"Haflong","district_3":"DIMA HASAO","object_id":181,"district_1":"Dima Hasao","revenue_cr":"Haflong","HQ":"y","area":1023944193,"are_new":1024}},
{"type":"Feature","geometry":{"type":"Polygon","coordinates":[[[93.24951757888597,24.97323566406445],[93.2416845777306,25.004026636312258],[93.26600775313057,25.044183433229414],[93.30538017361837,25.058344032273666],[93.31482248774061,25.08471747009918],[93.33230552674961,25.09386377725143],[93.34729195893784,25.13847855921957],[93.34393346261938,25.159076199852944],[93.35395698223888,25.18745099841826],[93.38122235489172,25.222473759897014],[93.3863998336593,25.242784899961805],[93.42059205528082,25.27771985698588],[93.4635052699026,25.301690078815735],[93.46769368557607,25.310085097728958],[93.4373276250065,25.307177509628612],[93.35652112979263,25.26672667245662],[93.32939527358828,25.246739199530598],[93.26372215068857,25.246739199530598],[93.22803023481931,25.22746556591527],[93.16307095007531,25.232462433518275],[93.09104768943274,25.21718479582844],[93.10434702353362,25.176915079804342],[93.13328441605174,25.165585329631526],[93.15249028004521,25.12938418284894],[93.15251431447066,25.088576426738985],[93.13538219514086,25.049553266276074],[93.0992147102619,25.000669539354426],[93.17971721019377,25.00065923226943],[93.24951757888597,24.97323566406445]]]},"properties":{"revenue_ci":"Mahur","district_3":"DIMA HASAO","object_id":182,"district_1":"Dima Hasao","revenue_cr":"Mahur","HQ":null,"area":568176425.1,"are_new":568}},
{"type":"Feature","geometry":{"type":"Polygon","coordinates":[[[93.14263543528999,25.71850185334133],[93.14844574483588,25.731448427573675],[93.11776004751856,25.761279405593047],[93.09471146562409,25.76968035032316],[93.09385837781957,25.721114494639025],[93.08106877476035,25.706837728746123],[93.0313975261713,25.691371232166475],[92.99183898733305,25.672409902453285],[92.97220843400922,25.622441221184264],[92.96863924233247,25.574257136013735],[92.97577762568596,25.545703603940368],[93.0186079231121,25.511796284376654],[93.03181393213642,25.492641623458454],[93.03086214732994,25.43553455934629],[93.00897110666283,25.406505134908453],[92.971375622079,25.39032479956572],[92.94710512029403,25.363198944675077],[92.94463642951901,25.315981515074544],[92.95320248918388,25.298135557775783],[93.0110233914727,25.229607080787204],[93.05742288147388,25.211761123267774],[93.09104768943274,25.21718479582844],[93.16307095007531,25.232462433518275],[93.22803023481931,25.22746556591527],[93.26372215068857,25.246739199530598],[93.32939527358828,25.246739199530598],[93.35652112979263,25.26672667245662],[93.4373276250065,25.307177509628612],[93.46769368557607,25.310085097728958],[93.45314142623265,25.32190331528489],[93.45148367341072,25.354054457540606],[93.47288932917702,25.386092538728334],[93.46165410530844,25.39798823255768],[93.45532843767393,25.43449734704944],[93.4362982886416,25.448281859367476],[93.41545319239236,25.445084576826257],[93.3843966363898,25.46953965310818],[93.35286432183294,25.528119990231048],[93.33020077134398,25.54240903178491],[93.30145223883456,25.530342043088098],[93.29423018100563,25.544194600642225],[93.26903202855259,25.531852389582564],[93.26007719689738,25.548373928113687],[93.20762432850574,25.544152225675845],[93.17701476071386,25.593214032456547],[93.1899128353436,25.624143747669066],[93.16810206902859,25.662678308899864],[93.13657943561556,25.669332518118765],[93.1315854682875,25.686533339923795],[93.14263543528999,25.71850185334133]]]},"properties":{"revenue_ci":"Maibong","district_3":"DIMA HASAO","object_id":183,"district_1":"Dima Hasao","revenue_cr":"Maibong","HQ":null,"area":1831786745,"are_new":1832}},
{"type":"Feature","geometry":{"type":"Polygon","coordinates":[[[92.82229999137189,25.073860868726424],[92.7802821356786,25.086798355619628],[92.75274621022515,25.138971104105394],[92.70116798561163,25.11128969456365],[92.66505510842047,25.109093217338923],[92.64861905587512,25.117591410115217],[92.60997346677527,25.10475468421666],[92.60256759207961,25.110415075118674],[92.53933182492116,25.099153949871194],[92.48087515705798,25.108675351654448],[92.47913404506926,25.086487312025376],[92.45688668045817,25.054167553793093],[92.42592914664768,25.029284260658596],[92.41842039778396,24.966450244629844],[92.45860447936865,24.970517876641026],[92.45135016034288,24.93854525730599],[92.48781638356284,24.944169609908794],[92.49450680044036,24.9159755826311],[92.49236765752565,24.87434523311097],[92.5150433397625,24.87951623741053],[92.52732385138054,24.86123459246916],[92.55561932666124,24.877193285072963],[92.5797540346163,24.873631686045027],[92.60517067441438,24.86604064640499],[92.63016810370704,24.84830918597023],[92.64773987380825,24.828025914554484],[92.68171517564485,24.851519352206797],[92.70499894995542,24.876286158147376],[92.70341895979604,24.890647442832044],[92.66853036596291,24.915458686431016],[92.6578889976674,24.952076394746307],[92.68428146657884,24.970350001669583],[92.71513371244816,25.009445985989903],[92.78780020546168,25.015871996117507],[92.82229999137189,25.073860868726424]]]},"properties":{"revenue_ci":"Katigora","district_3":"CACHAR","object_id":184,"district_1":"Cachar","revenue_cr":"Katigorah","HQ":null,"area":744022581.1,"are_new":744}},
{"type":"Feature","geometry":{"type":"Polygon","coordinates":[[[92.85688937884176,25.064839571262386],[92.83577494700913,25.052657130753293],[92.82229999137189,25.073860868726424],[92.78780020546168,25.015871996117507],[92.71513371244816,25.009445985989903],[92.68428146657884,24.970350001669583],[92.6578889976674,24.952076394746307],[92.66853036596291,24.915458686431016],[92.70341895979604,24.890647442832044],[92.70499894995542,24.876286158147376],[92.68171517564485,24.851519352206797],[92.64773987380825,24.828025914554484],[92.63016810370704,24.84830918597023],[92.64712623643426,24.814527770013854],[92.67148442816404,24.817772192810285],[92.65477131452377,24.74082889505225],[92.65706045453136,24.700582144609847],[92.66508552178271,24.67356859167686],[92.66546022076581,24.627616921119078],[92.66951962848303,24.588180295148884],[92.70100208025339,24.56686586966797],[92.7330987227599,24.5828665337264],[92.75164393065914,24.584205396192893],[92.75231999465714,24.615274652654595],[92.7922266890585,24.618166252156296],[92.83238733000411,24.612476344849842],[92.82683930965656,24.66813450634897],[92.8502264288524,24.676873229315856],[92.83117209627429,24.707163230425348],[92.82623575856663,24.750624558481217],[92.83878457989202,24.759851535392883],[92.83167461923414,24.793425394532118],[92.84593831635205,24.81074305216327],[92.86717044455493,24.810931415878315],[92.87010078584265,24.84402285948234],[92.84399536190213,24.849623945615463],[92.82014431945595,24.866027599315508],[92.82298499181032,24.887924654894064],[92.84731147570547,24.887620824782775],[92.8550828766869,24.909201613944095],[92.87560884193984,24.93292757689762],[92.87837326888615,24.97255646917258],[92.8648478899137,24.988235725814636],[92.85355245646319,25.03152527511036],[92.85688937884176,25.064839571262386]]]},"properties":{"revenue_ci":"Silchar","district_3":"CACHAR","object_id":185,"district_1":"Cachar","revenue_cr":"Silchar","HQ":"y","area":837931796,"are_new":838}},
{"type":"Feature","geometry":{"type":"Polygon","coordinates":[[[93.06930751812263,25.00066727602935],[93.0591817531558,25.022695945989284],[93.03649297348207,25.0369026050082],[93.01424679554547,25.061830342464766],[93.03765475655419,25.082144066129423],[93.01689220020823,25.097754781322443],[92.95901229746987,25.090088697012717],[92.95168862760585,25.070418985437662],[92.9321994807858,25.07838848590159],[92.89745825288007,25.079280204828454],[92.85688937884176,25.064839571262386],[92.85355245646319,25.03152527511036],[92.8648478899137,24.988235725814636],[92.87837326888615,24.97255646917258],[92.87560884193984,24.93292757689762],[92.8550828766869,24.909201613944095],[92.84731147570547,24.887620824782775],[92.82298499181032,24.887924654894064],[92.82014431945595,24.866027599315508],[92.84399536190213,24.849623945615463],[92.87010078584265,24.84402285948234],[92.86717044455493,24.810931415878315],[92.8940556456879,24.821267082771126],[92.90427497737812,24.835027376269846],[92.94457550218317,24.842566330994853],[92.95771091799922,24.864391609061776],[92.95170093272858,24.889850528467374],[92.96837555266058,24.90429348877898],[92.98679175799346,24.903823147787175],[93.02445144966224,24.917814142868497],[93.03777911123728,24.96181050797456],[93.05603402945077,24.96587588035074],[93.06930751812263,25.00066727602935]]]},"properties":{"revenue_ci":"Udarbond","district_3":"CACHAR","object_id":186,"district_1":"Cachar","revenue_cr":"Udharbond","HQ":null,"area":447088875.6,"are_new":447}},
{"type":"Feature","geometry":{"type":"Polygon","coordinates":[[[93.07588274672621,24.7118054671338],[93.04393640763807,24.73938462517862],[93.0122817506244,24.724310143548976],[93.00520629605317,24.700475842915722],[92.97085679649336,24.700347320510915],[92.95501836885205,24.719310702012955],[92.92539957095326,24.724862347472033],[92.91338132787232,24.747466837776212],[92.87123003822339,24.771358815334477],[92.83878457989202,24.759851535392883],[92.82623575856663,24.750624558481217],[92.83117209627429,24.707163230425348],[92.8502264288524,24.676873229315856],[92.82683930965656,24.66813450634897],[92.83238733000411,24.612476344849842],[92.7922266890585,24.618166252156296],[92.75231999465714,24.615274652654595],[92.75164393065914,24.584205396192893],[92.78052622860255,24.568318533870805],[92.7599581395493,24.5302644107585],[92.76335590392374,24.521235434764975],[92.8018136274499,24.420889325609906],[92.82006208947148,24.40381546837312],[92.82607628155256,24.37647978638857],[92.84512366925519,24.379807184135974],[92.86167191509134,24.398669613297752],[92.90697008672386,24.411388163872942],[92.93389704514453,24.39238388502186],[92.9763535580725,24.40833689033165],[92.99942856930095,24.400792304176434],[93.03345711518277,24.42710700176142],[93.03556049347107,24.458404599331555],[93.0455409442626,24.47620927368552],[93.03274415288448,24.493630938884134],[93.04875183570176,24.518308664339248],[93.0491126772733,24.54246365174992],[93.07078925235287,24.559581187779663],[93.06205522659448,24.57634295783864],[93.0836888172877,24.613099111591865],[93.08284283246213,24.649278693587128],[93.096367676937,24.664358633382776],[93.07588274672621,24.7118054671338]]]},"properties":{"revenue_ci":"Sonai","district_3":"CACHAR","object_id":187,"district_1":"Cachar","revenue_cr":"Sonai","HQ":null,"area":999733880.6,"are_new":1000}},
{"type":"Feature","geometry":{"type":"Polygon","coordinates":[[[93.0992147102619,25.000669539354426],[93.06930751812263,25.00066727602935],[93.05603402945077,24.96587588035074],[93.03777911123728,24.96181050797456],[93.02445144966224,24.917814142868497],[92.98679175799346,24.903823147787175],[92.96837555266058,24.90429348877898],[92.95170093272858,24.889850528467374],[92.95771091799922,24.864391609061776],[92.94457550218317,24.842566330994853],[92.90427497737812,24.835027376269846],[92.8940556456879,24.821267082771126],[92.86717044455493,24.810931415878315],[92.84593831635205,24.81074305216327],[92.83167461923414,24.793425394532118],[92.83878457989202,24.759851535392883],[92.87123003822339,24.771358815334477],[92.91338132787232,24.747466837776212],[92.92539957095326,24.724862347472033],[92.95501836885205,24.719310702012955],[92.97085679649336,24.700347320510915],[93.00520629605317,24.700475842915722],[93.0122817506244,24.724310143548976],[93.04393640763807,24.73938462517862],[93.07588274672621,24.7118054671338],[93.10710760748718,24.740569962322443],[93.09814949159124,24.754210823042758],[93.10500853841728,24.791728711744295],[93.13387708944191,24.80972668975517],[93.15080668718414,24.79513120323335],[93.19143326630135,24.80449846026468],[93.19532854013802,24.844431059694763],[93.221670747411,24.870343985190235],[93.22695909445433,24.892963827008792],[93.24883047189819,24.915602230001163],[93.24481694114257,24.94129366045933],[93.24951757888597,24.97323566406445],[93.17971721019377,25.00065923226943],[93.0992147102619,25.000669539354426]]]},"properties":{"revenue_ci":"Lakhipur","district_3":"CACHAR","object_id":188,"district_1":"Cachar","revenue_cr":"Lakhipur","HQ":null,"area":754436388.7,"are_new":754}},
{"type":"Feature","geometry":{"type":"Polygon","coordinates":[[[92.42234585142096,24.854031663888822],[92.38686775704723,24.851358774508462],[92.37436242855459,24.874145262746893],[92.35030157559063,24.88928529322986],[92.3155615406476,24.89530438403688],[92.2994689400865,24.915618299310108],[92.28214622699953,24.90613130079738],[92.24689519798352,24.908537020783065],[92.23803061826827,24.86852644718316],[92.24218452965165,24.840406350702942],[92.26821666184476,24.829872061262368],[92.27343232619846,24.799379934654976],[92.28862430550008,24.781526459880606],[92.31720823790334,24.784215488394842],[92.33343965153203,24.7947652712722],[92.37909450733295,24.790929236371706],[92.4253995215157,24.814781510320195],[92.42234585142096,24.854031663888822]]]},"properties":{"revenue_ci":"Karimganj","district_3":"KARIMGANJ","object_id":189,"district_1":"Karimganj","revenue_cr":"Karimganj","HQ":"y","area":178166572.6,"are_new":178}},
{"type":"Feature","geometry":{"type":"Polygon","coordinates":[[[92.5797540346163,24.873631686045027],[92.55561932666124,24.877193285072963],[92.52732385138054,24.86123459246916],[92.5150433397625,24.87951623741053],[92.49236765752565,24.87434523311097],[92.47576032859497,24.86750370884576],[92.44278000795354,24.871177963716846],[92.42234585142096,24.854031663888822],[92.4253995215157,24.814781510320195],[92.45786512277068,24.800075872470387],[92.46034506224967,24.783251484967064],[92.49678774242268,24.776433713554162],[92.53894951810591,24.75977314331001],[92.54662047486214,24.810058383590466],[92.58289361239831,24.844495879367006],[92.5797540346163,24.873631686045027]]]},"properties":{"revenue_ci":"Badarpur","district_3":"KARIMGANJ","object_id":190,"district_1":"Karimganj","revenue_cr":"Badarpur","HQ":null,"area":134391085.3,"are_new":134}},
{"type":"Feature","geometry":{"type":"Polygon","coordinates":[[[92.53894951810591,24.75977314331001],[92.49678774242268,24.776433713554162],[92.46034506224967,24.783251484967064],[92.45786512277068,24.800075872470387],[92.4253995215157,24.814781510320195],[92.37909450733295,24.790929236371706],[92.33343965153203,24.7947652712722],[92.31720823790334,24.784215488394842],[92.28862430550008,24.781526459880606],[92.28116385276101,24.742355590540797],[92.29587194914498,24.73655908361292],[92.25477727769614,24.67700650462403],[92.28024091645159,24.668707420662617],[92.30851786667446,24.669202887290762],[92.3689768631363,24.645147539848924],[92.38739573556724,24.657157795388212],[92.39957842693903,24.680624714985978],[92.40693189122608,24.702851013534495],[92.43671127286338,24.712266468102694],[92.45841934287678,24.72985671443206],[92.50467487875201,24.70249785531042],[92.53424687083123,24.75483721712959],[92.53894951810591,24.75977314331001]]]},"properties":{"revenue_ci":"Nilambazar","district_3":"KARIMGANJ","object_id":191,"district_1":"Karimganj","revenue_cr":"Nilambazar","HQ":null,"area":280417099,"are_new":280}},
{"type":"Feature","geometry":{"type":"Polygon","coordinates":[[[92.36852892899965,24.253960207215066],[92.37340610456101,24.292065759293074],[92.3594447632997,24.319092756162508],[92.37089437909398,24.33700669356993],[92.37625740668014,24.386720322593195],[92.39016251969288,24.426599773441783],[92.38610345962371,24.44953511623429],[92.39213672653152,24.49956962362591],[92.37008503026067,24.521855528898083],[92.38166451280065,24.55587566558583],[92.39453970913678,24.63140072937478],[92.40894813742338,24.65431953152588],[92.39957842693903,24.680624714985978],[92.38739573556724,24.657157795388212],[92.3689768631363,24.645147539848924],[92.30851786667446,24.669202887290762],[92.28024091645159,24.668707420662617],[92.25477727769614,24.67700650462403],[92.23373927273123,24.584825483759655],[92.23121547121187,24.54700029127551],[92.21373752115895,24.506920928668908],[92.23648263508247,24.488815106074185],[92.22997289366309,24.452256480622957],[92.24645086249791,24.442468671902272],[92.25379606228432,24.416463302916718],[92.25983908220122,24.358549943473474],[92.21883725612858,24.285726366776107],[92.20595789071122,24.238461239282255],[92.22124076873983,24.23493990726633],[92.28190364234695,24.252042801237717],[92.36852892899965,24.253960207215066]]]},"properties":{"revenue_ci":"Patharkandi","district_3":"KARIMGANJ","object_id":192,"district_1":"Karimganj","revenue_cr":"Patherkandi","HQ":null,"area":672170922.1,"are_new":672}},
{"type":"Feature","geometry":{"type":"Polygon","coordinates":[[[92.50467487875201,24.70249785531042],[92.45841934287678,24.72985671443206],[92.43671127286338,24.712266468102694],[92.40693189122608,24.702851013534495],[92.39957842693903,24.680624714985978],[92.40894813742338,24.65431953152588],[92.39453970913678,24.63140072937478],[92.38166451280065,24.55587566558583],[92.37008503026067,24.521855528898083],[92.39213672653152,24.49956962362591],[92.38610345962371,24.44953511623429],[92.39016251969288,24.426599773441783],[92.37625740668014,24.386720322593195],[92.37089437909398,24.33700669356993],[92.3594447632997,24.319092756162508],[92.37340610456101,24.292065759293074],[92.36852892899965,24.253960207215066],[92.42243290805344,24.254958510347983],[92.46373071913072,24.30061192352183],[92.47633084683527,24.32603253433368],[92.49546822955969,24.385641591746396],[92.50574210964889,24.43334839052875],[92.51014979240512,24.483359202552247],[92.50729596332509,24.51321304575555],[92.50551544224484,24.534767868167194],[92.51684989312139,24.576356375995708],[92.50274653989177,24.600886134309963],[92.50703687572239,24.62892868225867],[92.5060229643292,24.6644004824451],[92.49339040115471,24.674559422308576],[92.50467487875201,24.70249785531042]]]},"properties":{"revenue_ci":"Ramkrishna\nNagar","district_3":"KARIMGANJ","object_id":193,"district_1":"Karimganj","revenue_cr":"RK Nagar","HQ":null,"area":575000985.9,"are_new":575}},
{"type":"Feature","geometry":{"type":"Polygon","coordinates":[[[92.63016810370704,24.84830918597023],[92.60517067441438,24.86604064640499],[92.5797540346163,24.873631686045027],[92.58289361239831,24.844495879367006],[92.54662047486214,24.810058383590466],[92.53894951810591,24.75977314331001],[92.53424687083123,24.75483721712959],[92.53975125641217,24.735599598317688],[92.56828322486948,24.74238060120718],[92.57419400289506,24.72927012307334],[92.61041855504908,24.712805185679414],[92.65477131452377,24.74082889505225],[92.67148442816404,24.817772192810285],[92.64712623643426,24.814527770013854],[92.63016810370704,24.84830918597023]]]},"properties":{"revenue_ci":"Algapur","district_3":"HAILAKANDI","object_id":194,"district_1":"Hailakandi","revenue_cr":"Algapur","HQ":null,"area":156280173,"are_new":156}},
{"type":"Feature","geometry":{"type":"Polygon","coordinates":[[[92.53424687083123,24.75483721712959],[92.50467487875201,24.70249785531042],[92.49339040115471,24.674559422308576],[92.5060229643292,24.6644004824451],[92.50703687572239,24.62892868225867],[92.54459452775808,24.656625621645848],[92.58659299062099,24.649463756076],[92.60073880541745,24.623811819136034],[92.62949117822468,24.636106636331192],[92.66546022076581,24.627616921119078],[92.66508552178271,24.67356859167686],[92.65706045453136,24.700582144609847],[92.65477131452377,24.74082889505225],[92.61041855504908,24.712805185679414],[92.57419400289506,24.72927012307334],[92.56828322486948,24.74238060120718],[92.53975125641217,24.735599598317688],[92.53424687083123,24.75483721712959]]]},"properties":{"revenue_ci":"Hailakandi","district_3":"HAILAKANDI","object_id":195,"district_1":"Hailakandi","revenue_cr":"Hailakandi","HQ":"y","area":160989094.7,"are_new":161}},
{"type":"Feature","geometry":{"type":"Polygon","coordinates":[[[92.66546022076581,24.627616921119078],[92.62949117822468,24.636106636331192],[92.60073880541745,24.623811819136034],[92.58659299062099,24.649463756076],[92.54459452775808,24.656625621645848],[92.50703687572239,24.62892868225867],[92.50274653989177,24.600886134309963],[92.51684989312139,24.576356375995708],[92.50551544224484,24.534767868167194],[92.50729596332509,24.51321304575555],[92.54647109401353,24.508784971878764],[92.54625358942538,24.527594803407233],[92.58777461208784,24.513787409138217],[92.60999147799672,24.514682394299804],[92.6287623579667,24.540056535264128],[92.64319203140981,24.533490441340092],[92.67346627607247,24.54151782711502],[92.7521067471851,24.505277337167346],[92.76335590392374,24.521235434764975],[92.7599581395493,24.5302644107585],[92.78052622860255,24.568318533870805],[92.75164393065914,24.584205396192893],[92.7330987227599,24.5828665337264],[92.70100208025339,24.56686586966797],[92.66951962848303,24.588180295148884],[92.66546022076581,24.627616921119078]]]},"properties":{"revenue_ci":"Lala","district_3":"HAILAKANDI","object_id":196,"district_1":"Hailakandi","revenue_cr":"Lala","HQ":null,"area":270081600.3,"are_new":270}},
{"type":"Feature","geometry":{"type":"Polygon","coordinates":[[[92.7521067471851,24.505277337167346],[92.67346627607247,24.54151782711502],[92.64319203140981,24.533490441340092],[92.6287623579667,24.540056535264128],[92.60999147799672,24.514682394299804],[92.58777461208784,24.513787409138217],[92.54625358942538,24.527594803407233],[92.54647109401353,24.508784971878764],[92.50729596332509,24.51321304575555],[92.51014979240512,24.483359202552247],[92.50574210964889,24.43334839052875],[92.49546822955969,24.385641591746396],[92.47633084683527,24.32603253433368],[92.46373071913072,24.30061192352183],[92.42243290805344,24.254958510347983],[92.41879676943013,24.19279985357517],[92.42939442750057,24.186593837647344],[92.43679864749946,24.15285572511946],[92.46487860167213,24.136238161061026],[92.48070550213176,24.150470604331183],[92.52433143111682,24.171596903136926],[92.54761302252125,24.223021408294894],[92.55055412921934,24.247103909590333],[92.61220191660226,24.25357050340129],[92.6225288970062,24.331639032576202],[92.64913199749562,24.32870546536725],[92.66126692185048,24.348258446238408],[92.6896607922992,24.35370661411126],[92.74040529319248,24.46865128160285],[92.7521067471851,24.505277337167346]]]},"properties":{"revenue_ci":"Katlichara","district_3":"HAILAKANDI","object_id":197,"district_1":"Hailakandi","revenue_cr":"Katlicherra","HQ":null,"area":741771269.3,"are_new":742}},
{"type":"Feature","geometry":{"type":"Polygon","coordinates":[[[90.62409364263436,26.493914850824865],[90.62360756872572,26.507783600360344],[90.59981750481931,26.51621710111679],[90.57526728741782,26.49894431518529],[90.5429175391901,26.50052764197634],[90.53522191469617,26.502133821645447],[90.51205566607588,26.412130264475056],[90.49620453805306,26.3976358087039],[90.49734189683092,26.379741509454536],[90.5355123741635,26.38197637070976],[90.55900723639617,26.35496797431378],[90.57282532511577,26.325217861118606],[90.59525038098164,26.322325934077412],[90.62326582264218,26.330662063632392],[90.60616428735455,26.353058316108214],[90.58463571510794,26.347573898938368],[90.60057270410563,26.389549110354203],[90.63077678764968,26.39387339096078],[90.65385574966874,26.42928247693679],[90.64132719972602,26.45576437717542],[90.63461137939059,26.488617413550013],[90.62409364263436,26.493914850824865]]]},"properties":{"revenue_ci":"Bongaigaon\n(Pt)","district_3":"BONGAIGAON","object_id":198,"district_1":"Bongaigaon","revenue_cr":"Bongaigaon\n(Pt)","HQ":"y","area":189396060.5,"are_new":189}},
{"type":"Feature","geometry":{"type":"Polygon","coordinates":[[[90.62326582264218,26.330662063632392],[90.59525038098164,26.322325934077412],[90.57282532511577,26.325217861118606],[90.55900723639617,26.35496797431378],[90.5355123741635,26.38197637070976],[90.49734189683092,26.379741509454536],[90.47294229725816,26.372572541275],[90.45390985752185,26.349730151864772],[90.48248490918017,26.294026111296265],[90.45801944063923,26.266014983767406],[90.44287122186832,26.238536765256953],[90.41048669356776,26.21184884715828],[90.39016840533375,26.20402451189191],[90.39114440782197,26.191478363217925],[90.42466981809292,26.193654095187767],[90.44576916092376,26.185812958175358],[90.44477461541148,26.165723097838754],[90.46927861628824,26.168240320321125],[90.49714683215852,26.189107038259788],[90.54970769691191,26.20586651221678],[90.57732363890099,26.20351527631123],[90.60474712223032,26.21357664073773],[90.62194918438813,26.231232393005975],[90.60030453633208,26.244453703552963],[90.59760595050616,26.271508803447297],[90.61321927830363,26.273689869932262],[90.62876684223576,26.324199219133884],[90.62326582264218,26.330662063632392]]]},"properties":{"revenue_ci":"Boitamari","district_3":"BONGAIGAON","object_id":199,"district_1":"Bongaigaon","revenue_cr":"Boitamari","HQ":null,"area":297089853,"are_new":297}},
{"type":"Feature","geometry":{"type":"Polygon","coordinates":[[[90.84496410408536,26.403304597629205],[90.82475095736717,26.396361223070944],[90.8004977472531,26.415688621940024],[90.7701054459958,26.397633600749646],[90.73065702623835,26.413609380025843],[90.71065576334958,26.406644155845147],[90.6614987616331,26.44512864277286],[90.64132719972602,26.45576437717542],[90.65385574966874,26.42928247693679],[90.63077678764968,26.39387339096078],[90.60057270410563,26.389549110354203],[90.58463571510794,26.347573898938368],[90.60616428735455,26.353058316108214],[90.62326582264218,26.330662063632392],[90.62876684223576,26.324199219133884],[90.61321927830363,26.273689869932262],[90.59760595050616,26.271508803447297],[90.60030453633208,26.244453703552963],[90.62194918438813,26.231232393005975],[90.60474712223032,26.21357664073773],[90.6224089807781,26.202049451089223],[90.64037412044723,26.20868744049815],[90.66893873997022,26.20136271924837],[90.65333357067217,26.23737115814208],[90.68382109694288,26.25775299992447],[90.71766354872875,26.26371492521265],[90.72983619334241,26.29302097426702],[90.75907851359382,26.31220287835444],[90.77309232994244,26.303981833684958],[90.80291266757015,26.305669616229565],[90.78947424192393,26.3294050535176],[90.81792188193228,26.366867802063435],[90.84094491035019,26.357713704126738],[90.86029975005208,26.378792463620528],[90.84496410408536,26.403304597629205]]]},"properties":{"revenue_ci":"Srijangram","district_3":"BONGAIGAON","object_id":200,"district_1":"Bongaigaon","revenue_cr":"Srijangram","HQ":null,"area":347583760.8,"are_new":348}},
{"type":"Feature","geometry":{"type":"Polygon","coordinates":[[[90.53522191469617,26.502133821645447],[90.5142780405966,26.502608544060347],[90.49824623531902,26.45948410885487],[90.50354036122457,26.42967395485148],[90.46008454710318,26.410736051755453],[90.46247211910969,26.451999645526953],[90.43722879756756,26.46107564784291],[90.41671997486516,26.44791346966373],[90.40393125215496,26.44214277051467],[90.40527098429831,26.41316245421407],[90.42577317743392,26.396077435511543],[90.42500503701763,26.36302777758958],[90.43243678858337,26.344838054707516],[90.45390985752185,26.349730151864772],[90.47294229725816,26.372572541275],[90.49734189683092,26.379741509454536],[90.49620453805306,26.3976358087039],[90.51205566607588,26.412130264475056],[90.53522191469617,26.502133821645447]]]},"properties":{"revenue_ci":"Sidli (Pt-II)","district_3":"BONGAIGAON","object_id":201,"district_1":"Bongaigaon","revenue_cr":"Sidli (Pt-II)","HQ":null,"area":85041947.25,"are_new":85}},
{"type":"Feature","geometry":{"type":"Polygon","coordinates":[[[90.85160956836776,26.52733578583181],[90.79808719364665,26.521900349401477],[90.77468778010784,26.53054145112441],[90.7616094450416,26.5193940059564],[90.76634571625739,26.48555035314562],[90.73107751863965,26.482910428261743],[90.74478548738017,26.465632853347653],[90.73573475158517,26.441855771255263],[90.71632061588802,26.445564018586445],[90.71030390403256,26.482688136411955],[90.68568284369111,26.481808937478046],[90.68233874557004,26.499085327084053],[90.64976127082454,26.500716738103772],[90.62409364263436,26.493914850824865],[90.63461137939059,26.488617413550013],[90.64132719972602,26.45576437717542],[90.6614987616331,26.44512864277286],[90.71065576334958,26.406644155845147],[90.73065702623835,26.413609380025843],[90.7701054459958,26.397633600749646],[90.8004977472531,26.415688621940024],[90.82475095736717,26.396361223070944],[90.84496410408536,26.403304597629205],[90.85155296821665,26.41462043441125],[90.86164073983684,26.431074888769196],[90.82771910515193,26.453253221812787],[90.80796382883574,26.499956138311628],[90.84813034925492,26.50627685399926],[90.85160956836776,26.52733578583181]]]},"properties":{"revenue_ci":"Manikpur","district_3":"BONGAIGAON","object_id":202,"district_1":"Bongaigaon","revenue_cr":"Manikpur","HQ":null,"area":169010249.7,"are_new":169}},
{"type":"Feature","geometry":{"type":"Polygon","coordinates":[[[90.40164976938682,26.49056884225476],[90.40393125215496,26.44214277051467],[90.41671997486516,26.44791346966373],[90.42670449951652,26.47916965681263],[90.40164976938682,26.49056884225476]]]},"properties":{"revenue_ci":"Kokrajhar (Pt)","district_3":"CHIRANG","object_id":203,"district_1":"Chirang","revenue_cr":"Kokrajhar (Pt)","HQ":null,"area":12538462.77,"are_new":13}},
{"type":"Feature","geometry":{"type":"Polygon","coordinates":[[[90.90101932097089,26.638841035039924],[90.84893480137164,26.64133705252599],[90.84430834740269,26.607635207449782],[90.8569802846344,26.599174935101118],[90.84410628665088,26.571599424528088],[90.8231550930784,26.560902190630586],[90.85732244484129,26.56724767300123],[90.87635361615642,26.56328814922648],[90.86999988335583,26.57976962374883],[90.8964189127553,26.597543972390593],[90.90101932097089,26.638841035039924]]]},"properties":{"revenue_ci":"Barnagar (Pt)","district_3":"CHIRANG","object_id":204,"district_1":"Chirang","revenue_cr":"Barnagar (Pt)","HQ":null,"area":34321102.47,"are_new":34}},
{"type":"Feature","geometry":{"type":"Polygon","coordinates":[[[90.6950957604457,26.770557917165007],[90.6757919190008,26.784429184049305],[90.64638157157046,26.77681026156228],[90.63420624997725,26.79413582781737],[90.58431081333428,26.804017602489083],[90.54638448551951,26.81683569704217],[90.41805778461384,26.904413943967615],[90.3567021823619,26.90102144149305],[90.33640989227058,26.86900109814437],[90.33639187116762,26.845130753125925],[90.35399204060822,26.776326923610394],[90.37705506920908,26.71760109460609],[90.35686393840184,26.657351915843645],[90.35399617465515,26.60979475255905],[90.3615654591892,26.595861598595977],[90.38241778148658,26.602126682582067],[90.3964862037264,26.588112412650705],[90.4254839477602,26.580324096948953],[90.45876267077269,26.592243611594043],[90.47491388460942,26.57233647673736],[90.5150264252632,26.57805391169791],[90.5571776313688,26.577392390157893],[90.55326853874811,26.632955013172236],[90.55911754681814,26.67612333354614],[90.58316461872731,26.69695335364468],[90.5831194550281,26.736112731687914],[90.6950957604457,26.770557917165007]]]},"properties":{"revenue_ci":"Bengtal","district_3":"CHIRANG","object_id":205,"district_1":"Chirang","revenue_cr":"Bengtal","HQ":null,"area":715955682.4,"are_new":716}},
{"type":"Feature","geometry":{"type":"Polygon","coordinates":[[[90.5571776313688,26.577392390157893],[90.5150264252632,26.57805391169791],[90.47491388460942,26.57233647673736],[90.45876267077269,26.592243611594043],[90.4254839477602,26.580324096948953],[90.3964862037264,26.588112412650705],[90.38241778148658,26.602126682582067],[90.3615654591892,26.595861598595977],[90.36262345360835,26.552639520162934],[90.3907468763593,26.516139954492047],[90.40164976938682,26.49056884225476],[90.42670449951652,26.47916965681263],[90.41671997486516,26.44791346966373],[90.43722879756756,26.46107564784291],[90.46247211910969,26.451999645526953],[90.46008454710318,26.410736051755453],[90.50354036122457,26.42967395485148],[90.49824623531902,26.45948410885487],[90.5142780405966,26.502608544060347],[90.53522191469617,26.502133821645447],[90.5429175391901,26.50052764197634],[90.55672438279893,26.528658821750046],[90.5571776313688,26.577392390157893]]]},"properties":{"revenue_ci":"Sidli (Pt)","district_3":"CHIRANG","object_id":206,"district_1":"Chirang","revenue_cr":"Sidli (Pt)","HQ":null,"area":228893704.6,"are_new":229}},
{"type":"Feature","geometry":{"type":"Polygon","coordinates":[[[90.95713775589617,26.78168434571891],[90.95670487033716,26.787830882960282],[90.8110984083915,26.776073813439712],[90.74216200250864,26.775098035337237],[90.6950957604457,26.770557917165007],[90.5831194550281,26.736112731687914],[90.58316461872731,26.69695335364468],[90.55911754681814,26.67612333354614],[90.55326853874811,26.632955013172236],[90.5571776313688,26.577392390157893],[90.55672438279893,26.528658821750046],[90.5429175391901,26.50052764197634],[90.57526728741782,26.49894431518529],[90.59981750481931,26.51621710111679],[90.62360756872572,26.507783600360344],[90.62409364263436,26.493914850824865],[90.64976127082454,26.500716738103772],[90.68233874557004,26.499085327084053],[90.68568284369111,26.481808937478046],[90.71030390403256,26.482688136411955],[90.71632061588802,26.445564018586445],[90.73573475158517,26.441855771255263],[90.74478548738017,26.465632853347653],[90.73107751863965,26.482910428261743],[90.76634571625739,26.48555035314562],[90.7616094450416,26.5193940059564],[90.77468778010784,26.53054145112441],[90.79808719364665,26.521900349401477],[90.85160956836776,26.52733578583181],[90.83220847081861,26.53899568389973],[90.8231550930784,26.560902190630586],[90.84410628665088,26.571599424528088],[90.8569802846344,26.599174935101118],[90.84430834740269,26.607635207449782],[90.84893480137164,26.64133705252599],[90.90101932097089,26.638841035039924],[90.89510875584601,26.664433904548503],[90.91627741717573,26.711962079301177],[90.91429843848628,26.727919638004447],[90.94027519044045,26.771235879592233],[90.95713775589617,26.78168434571891]]]},"properties":{"revenue_ci":"Bijni (Pt)","district_3":"CHIRANG","object_id":207,"district_1":"Chirang","revenue_cr":"Bijni (Pt)","HQ":null,"area":934195919.7,"are_new":934}},
{"type":"Feature","geometry":{"type":"Polygon","coordinates":[[[91.61433942631938,26.51276884596692],[91.58960233777921,26.514492577333343],[91.57811019663768,26.528932899874107],[91.55624382370823,26.5254943919623],[91.5593983431684,26.4908198087176],[91.54966141756553,26.470935732651075],[91.56422193601968,26.433639062786472],[91.55470507161029,26.4205856701386],[91.58758035763543,26.401306251374795],[91.60184980217456,26.372060608533616],[91.57369530310467,26.35588656049498],[91.5748857801636,26.330284484516074],[91.59722346588494,26.321589894744417],[91.61418581171084,26.342312392499508],[91.6132874784604,26.36230238346529],[91.64317534873625,26.395129432382994],[91.6685928329507,26.382532442091257],[91.66114011650288,26.361361631382803],[91.69654627199202,26.357936083270488],[91.69541795026592,26.383029961236648],[91.72326977637388,26.382184075934752],[91.71917845151464,26.410144060630042],[91.71036857470861,26.427513494696495],[91.7125204988532,26.457702415441265],[91.68757147348296,26.459889006196153],[91.67671346927017,26.448434642657652],[91.63385206049081,26.44963089694198],[91.61747602349129,26.51271744496313],[91.61433942631938,26.51276884596692]]]},"properties":{"revenue_ci":"Rangia\n(Pt)","district_3":"KAMRUP","object_id":208,"district_1":"Kamrup","revenue_cr":"Rangia\n(Pt)","HQ":null,"area":186407362.6,"are_new":186}},
{"type":"Feature","geometry":{"type":"Polygon","coordinates":[[[91.5748857801636,26.330284484516074],[91.57369530310467,26.35588656049498],[91.60184980217456,26.372060608533616],[91.58758035763543,26.401306251374795],[91.55470507161029,26.4205856701386],[91.54852688039598,26.411442638646342],[91.52537064349956,26.371569201511623],[91.52482098324182,26.336584539373423],[91.55561077014772,26.32490517017653],[91.5748857801636,26.330284484516074]]]},"properties":{"revenue_ci":"Koya","district_3":"KAMRUP","object_id":209,"district_1":"Kamrup","revenue_cr":"Kayan","HQ":null,"area":53612722.14,"are_new":54}},
{"type":"Feature","geometry":{"type":"Polygon","coordinates":[[[91.78210376630078,26.41519542627178],[91.75458138025527,26.400139846259524],[91.71917845151464,26.410144060630042],[91.72326977637388,26.382184075934752],[91.69541795026592,26.383029961236648],[91.69654627199202,26.357936083270488],[91.66114011650288,26.361361631382803],[91.6685928329507,26.382532442091257],[91.64317534873625,26.395129432382994],[91.6132874784604,26.36230238346529],[91.61418581171084,26.342312392499508],[91.59722346588494,26.321589894744417],[91.62255299335499,26.263568514293407],[91.64220491220954,26.254275608480974],[91.66494068634903,26.28068039679719],[91.69170584561063,26.278435460099278],[91.71509816066204,26.252435565544193],[91.75225581895279,26.289824811922458],[91.78292489114916,26.29904756901669],[91.82159380500535,26.33143308848015],[91.81828583263344,26.379269159200206],[91.7946566740624,26.403395042833544],[91.78210376630078,26.41519542627178]]]},"properties":{"revenue_ci":"Kamalpur","district_3":"KAMRUP","object_id":210,"district_1":"Kamrup","revenue_cr":"Kamalpur","HQ":null,"area":250170012.1,"are_new":250}},
{"type":"Feature","geometry":{"type":"Polygon","coordinates":[[[91.5748857801636,26.330284484516074],[91.55561077014772,26.32490517017653],[91.52482098324182,26.336584539373423],[91.45526711765348,26.32053871554579],[91.45143090984334,26.26988739458455],[91.4358180877974,26.260214493977557],[91.41247532022378,26.26497024549809],[91.42228559237127,26.232358372959478],[91.41109964379095,26.201139254770776],[91.42048017538121,26.174642456235777],[91.41386488191596,26.13604110525017],[91.43250090320224,26.149511983498353],[91.44793081298498,26.14294254992199],[91.46885038496113,26.154190142514416],[91.5177296787957,26.13870887500188],[91.56192360714503,26.141824170496825],[91.56368907605436,26.147484454757567],[91.56476603301084,26.149288238164676],[91.57913397961754,26.15245938616529],[91.60436858031485,26.15470229890954],[91.64089705139412,26.164928269028994],[91.64827052206087,26.165111718831717],[91.64900405667747,26.16563173103004],[91.65071828119144,26.203986917146185],[91.66669141210795,26.218635908558156],[91.6701924962148,26.226892805316897],[91.64220491220954,26.254275608480974],[91.62255299335499,26.263568514293407],[91.59722346588494,26.321589894744417],[91.5748857801636,26.330284484516074]]]},"properties":{"revenue_ci":"Hajo","district_3":"KAMRUP","object_id":211,"district_1":"Kamrup","revenue_cr":"Hajo","HQ":null,"area":412841145.7,"are_new":413}},
{"type":"Feature","geometry":{"type":"Polygon","coordinates":[[[91.42810114718009,25.98930985358987],[91.42809757188527,26.02596623948127],[91.44829365690128,26.049000278764574],[91.43205300050663,26.071484480330927],[91.4043609703147,26.06590854701603],[91.39696328016957,26.089081382418392],[91.37150636440573,26.085670175123745],[91.3356015505091,26.0814363318951],[91.30523226588598,26.05806743733865],[91.22408186683522,26.064140614683595],[91.22015294300631,26.050045326722447],[91.22347330673928,26.021158911926886],[91.2450773114186,26.0194183629036],[91.25707566310422,26.002494387320272],[91.27874475252254,25.998031902413278],[91.26518353975338,25.95783330689414],[91.22906634346235,25.898084370751604],[91.25374726483938,25.846303898674346],[91.26762989391888,25.798630376569328],[91.26445726891417,25.74594944467726],[91.28855394579335,25.765594910288268],[91.32224880347974,25.82162558193827],[91.35873127542654,25.84117829673861],[91.35873130417264,25.84117835009888],[91.3609106350182,25.845627287134334],[91.3616405350512,25.84936986610988],[91.36408191165165,25.852342670237785],[91.3699821066249,25.854571653761603],[91.37292510517497,25.855077572807563],[91.37873215383637,25.8576360511918],[91.38305894869114,25.862269987009483],[91.38417553302975,25.86387376195692],[91.38858255013432,25.865354099546707],[91.39049087722499,25.867247073230242],[91.39068926835887,25.868248860944238],[91.38950834398464,25.87043380398831],[91.38508906128321,25.875235007823694],[91.38374162069636,25.877989443548163],[91.3868298840144,25.882943467424624],[91.39092340705115,25.887790986525744],[91.39193056041847,25.890554728611946],[91.39298419980508,25.895034847834463],[91.39503999343448,25.899375854759864],[91.39578140717445,25.90037067091855],[91.40017374940055,25.90980921263202],[91.40019122612442,25.91930274228626],[91.40250956048041,25.922951452516237],[91.41056738120533,25.93929750047796],[91.41224828181552,25.950761005817416],[91.41382732964216,25.960268663385197],[91.4145148992623,25.962677106009547],[91.41636474512966,25.964705129242326],[91.42338455535723,25.97633584711946],[91.42494346565014,25.981171893639708],[91.4272114674008,25.987037716381167],[91.42810114718009,25.98930985358987]]]},"properties":{"revenue_ci":"Chhaygaon","district_3":"KAMRUP","object_id":212,"district_1":"Kamrup","revenue_cr":"Chhaygaon","HQ":null,"area":470741379.3,"are_new":471}},
{"type":"Feature","geometry":{"type":"Polygon","coordinates":[[[91.22210213805252,26.179396358129598],[91.22004828119088,26.179533712181893],[91.20102174248768,26.136996177091994],[91.17171232347442,26.137934343574887],[91.14674217422032,26.128663703078985],[91.16518446752735,26.07199000095096],[91.17811808400137,26.062204163982713],[91.22408186683522,26.064140614683595],[91.30523226588598,26.05806743733865],[91.3356015505091,26.0814363318951],[91.37150636440573,26.085670175123745],[91.3188577701817,26.11889990010171],[91.32263599892674,26.160443659596652],[91.29464365924036,26.157237188588194],[91.25568671855464,26.163081418297427],[91.22210213805252,26.179396358129598]]]},"properties":{"revenue_ci":"Goroimari","district_3":"KAMRUP","object_id":213,"district_1":"Kamrup","revenue_cr":"Goroimari","HQ":null,"area":176568213.2,"are_new":177}},
{"type":"Feature","geometry":{"type":"Polygon","coordinates":[[[91.22004828119088,26.179533712181893],[91.17832982410036,26.17501733290834],[91.14477303567651,26.159690972354134],[91.11699313408008,26.15468248888887],[91.0813764179799,26.161775959363926],[91.07260362093386,26.134190050412318],[91.09527687771948,26.08153817683078],[91.11109456326089,26.073321235746832],[91.09732344475259,26.028149113426082],[91.18455788798258,26.026157398346058],[91.17952836533557,26.04740118158302],[91.22015294300631,26.050045326722447],[91.22408186683522,26.064140614683595],[91.17811808400137,26.062204163982713],[91.16518446752735,26.07199000095096],[91.14674217422032,26.128663703078985],[91.17171232347442,26.137934343574887],[91.20102174248768,26.136996177091994],[91.22004828119088,26.179533712181893]]]},"properties":{"revenue_ci":"Chamaria","district_3":"KAMRUP","object_id":214,"district_1":"Kamrup","revenue_cr":"Chamaria","HQ":null,"area":140144616.8,"are_new":140}},
{"type":"Feature","geometry":{"type":"Polygon","coordinates":[[[91.09732344475259,26.028149113426082],[91.11109456326089,26.073321235746832],[91.09527687771948,26.08153817683078],[91.07260362093386,26.134190050412318],[91.0813764179799,26.161775959363926],[91.02972701176157,26.11918213794883],[91.00638658699424,26.128110144373093],[90.95344279379142,26.09598010346201],[90.94025562154027,26.092996308258883],[90.98125894420617,26.06280961930114],[91.02622656545857,26.04674658514463],[91.05464593368829,26.049637215468017],[91.0894685318908,26.031141803576634],[91.09732344475259,26.028149113426082]]]},"properties":{"revenue_ci":"Nagarbera","district_3":"KAMRUP","object_id":215,"district_1":"Kamrup","revenue_cr":"Nagarbera","HQ":null,"area":114577593,"are_new":115}},
{"type":"Feature","geometry":{"type":"Polygon","coordinates":[[[91.22015294300631,26.050045326722447],[91.17952836533557,26.04740118158302],[91.18455788798258,26.026157398346058],[91.09732344475259,26.028149113426082],[91.0894685318908,26.031141803576634],[91.08592889568519,25.98195359602983],[91.04756561563812,25.941508979432786],[91.0304077209479,25.88595446792805],[91.02766304436142,25.869189881274586],[91.00152042926985,25.824652027200628],[91.02238414130669,25.82386066455474],[91.04721802781029,25.848952674372654],[91.08311351629595,25.83022733967211],[91.1195644340201,25.832796540843965],[91.14747965603428,25.850586575652652],[91.20336113425226,25.84423918403208],[91.17819075770785,25.77744678725619],[91.18887227979825,25.750540653447715],[91.22238172790492,25.72265861284828],[91.26445726891417,25.74594944467726],[91.26762989391888,25.798630376569328],[91.25374726483938,25.846303898674346],[91.22906634346235,25.898084370751604],[91.26518353975338,25.95783330689414],[91.27874475252254,25.998031902413278],[91.25707566310422,26.002494387320272],[91.2450773114186,26.0194183629036],[91.22347330673928,26.021158911926886],[91.22015294300631,26.050045326722447]]]},"properties":{"revenue_ci":"Boko","district_3":"KAMRUP","object_id":216,"district_1":"Kamrup","revenue_cr":"Boko","HQ":null,"area":514044709.4,"are_new":514}},
{"type":"Feature","geometry":{"type":"Polygon","coordinates":[[[91.78292489114916,26.29904756901669],[91.75225581895279,26.289824811922458],[91.71509816066204,26.252435565544193],[91.69170584561063,26.278435460099278],[91.66494068634903,26.28068039679719],[91.64220491220954,26.254275608480974],[91.6701924962148,26.226892805316897],[91.66669141210795,26.218635908558156],[91.71182218897549,26.19138029469156],[91.73320793627846,26.211068399129566],[91.7487331501263,26.208966411392197],[91.74719069247783,26.222065385636327],[91.78003520940783,26.243407612718315],[91.79040708042317,26.268055804327524],[91.78292489114916,26.29904756901669]]]},"properties":{"revenue_ci":"North\nGuwahati","district_3":"KAMRUP","object_id":217,"district_1":"Kamrup","revenue_cr":"North\nGuwahati","HQ":null,"area":90721866.31,"are_new":91}},
{"type":"Feature","geometry":{"type":"Polygon","coordinates":[[[91.77987784972287,26.48175685203941],[91.75425395870727,26.494443076974733],[91.72031386903316,26.49348533319724],[91.7201433247748,26.476967804815402],[91.68757147348296,26.459889006196153],[91.7125204988532,26.457702415441265],[91.71036857470861,26.427513494696495],[91.71917845151464,26.410144060630042],[91.75458138025527,26.400139846259524],[91.78210376630078,26.41519542627178],[91.7655554054803,26.467556343071227],[91.7791240212657,26.479611962067548],[91.77987784972287,26.48175685203941]]]},"properties":{"revenue_ci":"Jalah (Pt)","district_3":"KAMRUP","object_id":218,"district_1":"Kamrup","revenue_cr":"Jalah (Pt)","HQ":null,"area":55787602.64,"are_new":56}},
{"type":"Feature","geometry":{"type":"Polygon","coordinates":[[[91.85393489796532,26.157107167529823],[91.84560799318525,26.179010543774062],[91.85257240161432,26.19962974702439],[91.82395126458526,26.209538767290024],[91.82115516214368,26.207688447846664],[91.8042125011006,26.177591182085617],[91.77485878256745,26.18119588089202],[91.76605663576441,26.160878003201507],[91.73215250834609,26.1554138874897],[91.7211484102203,26.12424263100449],[91.70639469199637,26.110051253283512],[91.70623161094136,26.10932863403038],[91.70898114292194,26.104462048298448],[91.70898760899539,26.104420207354796],[91.71115504434994,26.098740865368914],[91.71283895072307,26.097925442270085],[91.71412426472315,26.09765537987346],[91.7150849006301,26.098561686943448],[91.7154994884051,26.098937259716223],[91.71625813183222,26.105711610032266],[91.71701608355657,26.10665651333626],[91.71912326171854,26.10852488120453],[91.71990248824373,26.10858272305646],[91.72461400728018,26.10848433800673],[91.73093176614694,26.10749537599016],[91.73104270988115,26.107021027376586],[91.7313563503744,26.10594891831979],[91.73156546829108,26.105420646127477],[91.7321405832107,26.10503355869276],[91.73217375889246,26.105025316065102],[91.73438161933315,26.107421777904584],[91.73662176432681,26.110724585730665],[91.73730711061664,26.11116217387753],[91.7400662491809,26.11138873884576],[91.74993530079236,26.10976776728698],[91.75016123606943,26.10886534639037],[91.74679239115896,26.10449109930191],[91.74505858157517,26.103037545637854],[91.7407640793582,26.09732689668402],[91.73838096569044,26.093592262920676],[91.73904015393751,26.09207468517283],[91.7410366201306,26.09441712939028],[91.74302439781822,26.09638753772471],[91.74489489595398,26.098203560798872],[91.74862298702807,26.10141723192319],[91.7526182559323,26.102556868977416],[91.75751985578789,26.10339828839794],[91.7616483987477,26.103412675685664],[91.76410544286504,26.10417426203581],[91.76488042664715,26.104465199194873],[91.76586003766786,26.103901905336222],[91.77505474825007,26.108281434662832],[91.77815913363249,26.108931999115146],[91.78436730791604,26.109114605235785],[91.78554552207302,26.10874589184159],[91.79084020223907,26.10930775073033],[91.79033523316674,26.113873745629878],[91.79170832334988,26.11364975132922],[91.79984069166694,26.11009514592324],[91.79923505109566,26.104305698066533],[91.7976470102347,26.103286596681137],[91.79781867109898,26.101564363810382],[91.79810371911505,26.10070324270406],[91.79626950303533,26.097393873030644],[91.79540751921455,26.097759029863234],[91.79372645780593,26.09716679287235],[91.7952306103924,26.096213218711082],[91.79646069866375,26.093927225956154],[91.82122704084117,26.117602389619474],[91.8496778842418,26.10850863682355],[91.85393489796532,26.157107167529823]]]},"properties":{"revenue_ci":"Guwahati","district_3":"KAMRUP METRO","object_id":219,"district_1":"KAMRUP METRO","revenue_cr":"Guwahati","HQ":"y","area":101319635.1,"are_new":101}},
{"type":"Feature","geometry":{"type":"Polygon","coordinates":[[[92.05125330055117,26.209879705042376],[92.0194803156516,26.202274020465005],[91.99681727810066,26.205994134290485],[91.9696906502435,26.226798006888632],[91.96050435867217,26.212653464731055],[91.98953882583481,26.197850371330926],[91.95307873182001,26.167172469873744],[91.90306065627618,26.15862909496029],[91.85393489796532,26.157107167529823],[91.8496778842418,26.10850863682355],[91.87909669829372,26.098072609205595],[91.87022082046714,26.0534828496994],[91.87445002953594,26.036826036239543],[91.90967956815543,26.012771013747404],[91.93365786504646,26.01042989921596],[91.98349329692336,26.025899169010575],[91.98854995408186,26.03757532146525],[92.03432143815611,26.039013760757587],[92.06372910411535,26.03414142196754],[92.10784295035201,26.050757135179705],[92.13193454995321,26.044394406854504],[92.15260382344346,26.067237394623646],[92.17611706969842,26.078053435684716],[92.16348107406122,26.121766923358113],[92.16654836800559,26.156079131452273],[92.12950913821197,26.180523407110766],[92.10477147115672,26.17206463261681],[92.08016748239896,26.17724019511561],[92.05125330055117,26.209879705042376]]]},"properties":{"revenue_ci":"Sonapur","district_3":"KAMRUP METRO","object_id":220,"district_1":"KAMRUP METRO","revenue_cr":"Sonapur","HQ":null,"area":493242088.4,"are_new":493}},
{"type":"Feature","geometry":{"type":"Polygon","coordinates":[[[91.97864382001548,26.27422162623736],[91.94166610236094,26.247998080667802],[91.92407444625431,26.24782483981324],[91.90856196422897,26.23098776820241],[91.87264852920056,26.217078077726796],[91.82395126458526,26.209538767290024],[91.85257240161432,26.19962974702439],[91.84560799318525,26.179010543774062],[91.85393489796532,26.157107167529823],[91.90306065627618,26.15862909496029],[91.95307873182001,26.167172469873744],[91.98953882583481,26.197850371330926],[91.96050435867217,26.212653464731055],[91.9696906502435,26.226798006888632],[91.99681727810066,26.205994134290485],[92.0194803156516,26.202274020465005],[92.05125330055117,26.209879705042376],[92.03073233172782,26.231813512845267],[91.98005007779551,26.239231048340766],[91.97864382001548,26.27422162623736]]]},"properties":{"revenue_ci":"Chandrapur","district_3":"KAMRUP METRO","object_id":221,"district_1":"KAMRUP METRO","revenue_cr":"Chandrapur","HQ":null,"area":124600101.5,"are_new":125}},
{"type":"Feature","geometry":{"type":"Polygon","coordinates":[[[91.32255408425094,26.490477689615318],[91.29464053130654,26.488799901804995],[91.28943507630606,26.515371752945494],[91.31147961839403,26.516905907452337],[91.29487690231231,26.546970047566063],[91.24956358328747,26.523283313596423],[91.2647392231324,26.498810292581467],[91.230497357015,26.433277836522024],[91.23663129901504,26.414196325040177],[91.30040035283851,26.407211918874044],[91.28675147617574,26.42839802661601],[91.33327558047314,26.461746168171686],[91.36419316260972,26.459434916532377],[91.37091560173214,26.472067959226322],[91.34696415368836,26.48837722411459],[91.32798073232213,26.490446373014063],[91.32255408425094,26.490477689615318]]]},"properties":{"revenue_ci":"Tihu\n(Pt)","district_3":"NALBARI","object_id":222,"district_1":"Nalbari","revenue_cr":"Tihu\n(Pt)","HQ":null,"area":94935581.15,"are_new":95}},
{"type":"Feature","geometry":{"type":"Polygon","coordinates":[[[91.39310350775291,26.441977658395174],[91.35695037525723,26.427389014830542],[91.33079580718247,26.437108980978625],[91.28675147617574,26.42839802661601],[91.30040035283851,26.407211918874044],[91.23663129901504,26.414196325040177],[91.23543211099282,26.379877828219136],[91.25257524995617,26.36358603849474],[91.27127993936107,26.36523443173914],[91.27551496861463,26.34062668313566],[91.30265878753137,26.33385865757729],[91.32171625792478,26.363769855627883],[91.36336748150622,26.343916975378708],[91.37346100503916,26.322681500844073],[91.41159986706366,26.32102255165225],[91.42687545885698,26.341210427870756],[91.39525550555936,26.334787613412427],[91.38137536930478,26.3596158102323],[91.40569683880403,26.379003182025208],[91.4169267958501,26.432692290962766],[91.39310350775291,26.441977658395174]]]},"properties":{"revenue_ci":"Pachim\nNalbari","district_3":"NALBARI","object_id":223,"district_1":"Nalbari","revenue_cr":"Pachim Nalbari","HQ":null,"area":148606921.2,"are_new":149}},
{"type":"Feature","geometry":{"type":"Polygon","coordinates":[[[91.41159986706366,26.32102255165225],[91.37346100503916,26.322681500844073],[91.36336748150622,26.343916975378708],[91.32171625792478,26.363769855627883],[91.30265878753137,26.33385865757729],[91.27551496861463,26.34062668313566],[91.26238795833468,26.317543835690294],[91.26032756263609,26.288780888822455],[91.21881198825584,26.27346110401967],[91.2408667414936,26.261136273290564],[91.21564214802855,26.239204784944114],[91.21869994767866,26.217209558252804],[91.24063462580736,26.203959815618074],[91.22210213805252,26.179396358129598],[91.25568671855464,26.163081418297427],[91.29464365924036,26.157237188588194],[91.32263599892674,26.160443659596652],[91.35364515622166,26.167290791547096],[91.3876961824435,26.14064887373915],[91.41386488191596,26.13604110525017],[91.42048017538121,26.174642456235777],[91.41109964379095,26.201139254770776],[91.42228559237127,26.232358372959478],[91.41247532022378,26.26497024549809],[91.4358180877974,26.260214493977557],[91.45143090984334,26.26988739458455],[91.45526711765348,26.32053871554579],[91.41159986706366,26.32102255165225]]]},"properties":{"revenue_ci":"Barkhetri","district_3":"NALBARI","object_id":224,"district_1":"Nalbari","revenue_cr":"Barkhetri","HQ":null,"area":370577388.2,"are_new":371}},
{"type":"Feature","geometry":{"type":"Polygon","coordinates":[[[91.54852688039598,26.411442638646342],[91.52171026114335,26.40967824953949],[91.48899948898612,26.417890516944205],[91.47762039812814,26.393415956067727],[91.44454320765807,26.378734044672594],[91.44678170514152,26.36387407195766],[91.42687545885698,26.341210427870756],[91.41159986706366,26.32102255165225],[91.45526711765348,26.32053871554579],[91.52482098324182,26.336584539373423],[91.52537064349956,26.371569201511623],[91.54852688039598,26.411442638646342]]]},"properties":{"revenue_ci":"Barbhag","district_3":"NALBARI","object_id":225,"district_1":"Nalbari","revenue_cr":"Barbhag","HQ":null,"area":82281261.7,"are_new":82}},
{"type":"Feature","geometry":{"type":"Polygon","coordinates":[[[91.48899948898612,26.417890516944205],[91.50339206829618,26.45505599584551],[91.47675356879472,26.50647683093509],[91.43235578216473,26.506466097423345],[91.4216754054263,26.472152249555702],[91.39843217208451,26.467376578579927],[91.39310350775291,26.441977658395174],[91.4169267958501,26.432692290962766],[91.40569683880403,26.379003182025208],[91.38137536930478,26.3596158102323],[91.39525550555936,26.334787613412427],[91.42687545885698,26.341210427870756],[91.44678170514152,26.36387407195766],[91.44454320765807,26.378734044672594],[91.47762039812814,26.393415956067727],[91.48899948898612,26.417890516944205]]]},"properties":{"revenue_ci":"Nalbari","district_3":"NALBARI","object_id":226,"district_1":"Nalbari","revenue_cr":"Nalbari","HQ":"y","area":128136913.3,"are_new":128}},
{"type":"Feature","geometry":{"type":"Polygon","coordinates":[[[91.42832407130436,26.534499242198578],[91.38525963698258,26.526449414245906],[91.38625451127828,26.495250841775],[91.37091560173214,26.472067959226322],[91.36419316260972,26.459434916532377],[91.33327558047314,26.461746168171686],[91.28675147617574,26.42839802661601],[91.33079580718247,26.437108980978625],[91.35695037525723,26.427389014830542],[91.39310350775291,26.441977658395174],[91.39843217208451,26.467376578579927],[91.4216754054263,26.472152249555702],[91.43235578216473,26.506466097423345],[91.42832407130436,26.534499242198578]]]},"properties":{"revenue_ci":"Banekuchi","district_3":"NALBARI","object_id":227,"district_1":"Nalbari","revenue_cr":"Banekuchi","HQ":null,"area":61110319.4,"are_new":61}},
{"type":"Feature","geometry":{"type":"Polygon","coordinates":[[[91.58480058566741,26.55588255825995],[91.55997811405612,26.566166612705654],[91.52879032676694,26.558761701095953],[91.51648355559652,26.536711114714343],[91.4947023294813,26.5538607398351],[91.4598365654328,26.542696042365616],[91.42832407130436,26.534499242198578],[91.43235578216473,26.506466097423345],[91.47675356879472,26.50647683093509],[91.50339206829618,26.45505599584551],[91.48899948898612,26.417890516944205],[91.52171026114335,26.40967824953949],[91.54852688039598,26.411442638646342],[91.55470507161029,26.4205856701386],[91.56422193601968,26.433639062786472],[91.54966141756553,26.470935732651075],[91.5593983431684,26.4908198087176],[91.55624382370823,26.5254943919623],[91.57811019663768,26.528932899874107],[91.58480058566741,26.55588255825995]]]},"properties":{"revenue_ci":"Ghograpar (Pt)","district_3":"NALBARI","object_id":228,"district_1":"Nalbari","revenue_cr":"Ghograpar (Pt)","HQ":null,"area":131160984.6,"are_new":131}},
{"type":"Feature","geometry":{"type":"Polygon","coordinates":[[[91.4598365654328,26.542696042365616],[91.4947023294813,26.5538607398351],[91.51648355559652,26.536711114714343],[91.52879032676694,26.558761701095953],[91.50148460538482,26.571979854428907],[91.50229189707615,26.601619000614058],[91.50855998000598,26.627400238042952],[91.49000972896474,26.696197813921707],[91.46014398599098,26.72559187221311],[91.43821158958313,26.788183941507913],[91.42074380217102,26.807611288113172],[91.40686119644774,26.83835115189944],[91.37616546315209,26.79535045664754],[91.35932893626315,26.78893273172281],[91.41358484200762,26.75856055969904],[91.41514216677406,26.728872000963925],[91.39211812325989,26.707523021735327],[91.38956447252026,26.672289800299218],[91.41525367914186,26.669363219443643],[91.4236743644443,26.614099286532625],[91.44646187256103,26.57397643127796],[91.43008337058434,26.55242138832049],[91.4598365654328,26.542696042365616]]]},"properties":{"revenue_ci":"Baganpara (Pt)","district_3":"BAKSA","object_id":260,"district_1":"Baksa","revenue_cr":"Baganpara (Pt)","HQ":null,"area":211742690.1,"are_new":212}},
{"type":"Feature","geometry":{"type":"Polygon","coordinates":[[[91.37091560173214,26.472067959226322],[91.38625451127828,26.495250841775],[91.38525963698258,26.526449414245906],[91.35284785379632,26.523854782383403],[91.32798073232213,26.490446373014063],[91.34696415368836,26.48837722411459],[91.37091560173214,26.472067959226322]]]},"properties":{"revenue_ci":"Baganpara (Pt)","district_3":"NALBARI","object_id":230,"district_1":"Nalbari","revenue_cr":"Baganpara (Pt)","HQ":null,"area":18943498.07,"are_new":19}},
{"type":"Feature","geometry":{"type":"Polygon","coordinates":[[[90.97736678752352,26.503868298435144],[90.99565234637308,26.502890043383868],[91.00187310335878,26.530942332821965],[91.0278799560615,26.530712564473287],[91.05838369692307,26.583895930114778],[91.0303136646427,26.59042289763758],[91.02899303158061,26.618797470678594],[91.05782981638015,26.668992077770227],[91.10362679015057,26.708887851381785],[91.15247212227753,26.74413714422282],[91.15154852570636,26.76116615461182],[91.13281775910708,26.778249849399362],[91.14338301135196,26.811782766056513],[91.097619491741,26.822082401622584],[91.05411452270556,26.780804668125985],[90.99142729201242,26.790798360748468],[90.95713775589617,26.78168434571891],[90.94027519044045,26.771235879592233],[90.91429843848628,26.727919638004447],[90.91627741717573,26.711962079301177],[90.89510875584601,26.664433904548503],[90.90101932097089,26.638841035039924],[90.8964189127553,26.597543972390593],[90.86999988335583,26.57976962374883],[90.87635361615642,26.56328814922648],[90.90318147782483,26.573317724669444],[90.93341217934906,26.555688772719034],[90.93441059031203,26.583256969059555],[90.98908598683629,26.59057465610156],[90.98576408339096,26.554441440207768],[90.97674025483369,26.539790902936716],[90.97736678752352,26.503868298435144]]]},"properties":{"revenue_ci":"Barnagar (Pt)","district_3":"BAKSA","object_id":231,"district_1":"Baksa","revenue_cr":"Barnagar (Pt)","HQ":null,"area":460073385.7,"are_new":460}},
{"type":"Feature","geometry":{"type":"Polygon","coordinates":[[[91.32478657649672,26.560251568513383],[91.28992953958117,26.56353393815402],[91.25035247568515,26.5372530226716],[91.24956358328747,26.523283313596423],[91.29487690231231,26.546970047566063],[91.31147961839403,26.516905907452337],[91.28943507630606,26.515371752945494],[91.29464053130654,26.488799901804995],[91.32255408425094,26.490477689615318],[91.32845273142692,26.52037056913819],[91.32478657649672,26.560251568513383]]]},"properties":{"revenue_ci":"Ghograpar (Pt)","district_3":"BAKSA","object_id":232,"district_1":"Baksa","revenue_cr":"Ghograpar (Pt)","HQ":null,"area":35444716.72,"are_new":35}},
{"type":"Feature","geometry":{"type":"Polygon","coordinates":[[[91.29664325336728,26.787207311616395],[91.27746219545205,26.80026300177926],[91.23677430182512,26.811961456963594],[91.14338301135196,26.811782766056513],[91.13281775910708,26.778249849399362],[91.15154852570636,26.76116615461182],[91.15247212227753,26.74413714422282],[91.10362679015057,26.708887851381785],[91.15011292805082,26.695268039422544],[91.14506146315468,26.663101065125197],[91.15137182798829,26.638897940769795],[91.16848903708099,26.627625863142313],[91.23569084465925,26.616826675799484],[91.25709142224923,26.66387833959486],[91.27958553610259,26.67076999468753],[91.29825488039431,26.718317975544704],[91.29664325336728,26.787207311616395]]]},"properties":{"revenue_ci":"Jalah (Pt)","district_3":"BAKSA","object_id":233,"district_1":"Baksa","revenue_cr":"Jalah (Pt)","HQ":null,"area":291646466.4,"are_new":292}},
{"type":"Feature","geometry":{"type":"Polygon","coordinates":[[[91.4236743644443,26.614099286532625],[91.3758624946444,26.617035701352656],[91.35825231168334,26.57464406320148],[91.32478657649672,26.560251568513383],[91.32845273142692,26.52037056913819],[91.32255408425094,26.490477689615318],[91.32798073232213,26.490446373014063],[91.35284785379632,26.523854782383403],[91.38525963698258,26.526449414245906],[91.42832407130436,26.534499242198578],[91.4598365654328,26.542696042365616],[91.43008337058434,26.55242138832049],[91.44646187256103,26.57397643127796],[91.4236743644443,26.614099286532625]]]},"properties":{"revenue_ci":"Barama","district_3":"BAKSA","object_id":234,"district_1":"Baksa","revenue_cr":"Barama","HQ":null,"area":95546762.3,"are_new":96}},
{"type":"Feature","geometry":{"type":"Polygon","coordinates":[[[91.50229189707615,26.601619000614058],[91.50148460538482,26.571979854428907],[91.52879032676694,26.558761701095953],[91.55997811405612,26.566166612705654],[91.55619490736417,26.58751768535087],[91.53159361383264,26.609196545081335],[91.50229189707615,26.601619000614058]]]},"properties":{"revenue_ci":"Rangia (Pt)","district_3":"TAMULPUR","object_id":235,"district_1":"Baksa","revenue_cr":"Rangia (Pt)","HQ":null,"area":23451991.6,"are_new":23}},
{"type":"Feature","geometry":{"type":"Polygon","coordinates":[[[91.7791240212657,26.479611962067548],[91.78487557021222,26.493421857446684],[91.77987784972287,26.48175685203941],[91.7791240212657,26.479611962067548]]]},"properties":{"revenue_ci":"Pathorighat (Pt)","district_3":"TAMULPUR","object_id":236,"district_1":"Baksa","revenue_cr":"Pathorighat (Pt)","HQ":null,"area":3754506.217,"are_new":4}},
{"type":"Feature","geometry":{"type":"Polygon","coordinates":[[[92.01241251652324,26.536243189349385],[91.99025503644116,26.55506291367122],[91.96589956031852,26.55528893211397],[91.92598339587747,26.540249313868735],[91.9219347284178,26.567614944632403],[91.8966673059749,26.569603494],[91.88431954198315,26.538487350804015],[91.86994462444986,26.531833008942687],[91.8998186966029,26.525637244818626],[91.89262337443346,26.501373873567847],[91.93795955288734,26.50225042671815],[91.94450032121829,26.516555379310965],[92.00930607220218,26.519870052427695],[92.01241251652324,26.536243189349385]]]},"properties":{"revenue_ci":"Khoirabari (Pt)","district_3":"DARRANG","object_id":237,"district_1":"Darrang","revenue_cr":"Khoirabari (Pt)","HQ":null,"area":52738276.5,"are_new":53}},
{"type":"Feature","geometry":{"type":"Polygon","coordinates":[[[91.8628183270302,26.53806821446016],[91.83266517436951,26.525550589679266],[91.81817629566096,26.51182427650368],[91.78057055950309,26.511804056446962],[91.78487557021222,26.493421857446684],[91.7791240212657,26.479611962067548],[91.7655554054803,26.467556343071227],[91.78210376630078,26.41519542627178],[91.7946566740624,26.403395042833544],[91.82640411536686,26.397198967672267],[91.8445898938462,26.415859290732293],[91.88109967637429,26.42091290965102],[91.90330977707077,26.41490843071371],[91.92328812034337,26.433707680236513],[91.9155700002381,26.457884293271604],[91.9342052992789,26.460119145366324],[91.9450190237347,26.478878254234896],[91.93795955288734,26.50225042671815],[91.89262337443346,26.501373873567847],[91.8998186966029,26.525637244818626],[91.86994462444986,26.531833008942687],[91.8628183270302,26.53806821446016]]]},"properties":{"revenue_ci":"Pathorighat (Pt)","district_3":"DARRANG","object_id":238,"district_1":"Darrang","revenue_cr":"Patharighat (Pt)","HQ":null,"area":176482635.2,"are_new":176}},
{"type":"Feature","geometry":{"type":"Polygon","coordinates":[[[91.94166610236094,26.247998080667802],[91.91052575330527,26.311451682743964],[91.92084841640597,26.355896882225426],[91.94026234369399,26.375844623063745],[91.93727874398799,26.410917966710734],[91.95105386628757,26.436224987273707],[91.92328812034337,26.433707680236513],[91.90330977707077,26.41490843071371],[91.88109967637429,26.42091290965102],[91.8445898938462,26.415859290732293],[91.82640411536686,26.397198967672267],[91.7946566740624,26.403395042833544],[91.81828583263344,26.379269159200206],[91.82159380500535,26.33143308848015],[91.78292489114916,26.29904756901669],[91.79040708042317,26.268055804327524],[91.78003520940783,26.243407612718315],[91.74719069247783,26.222065385636327],[91.7487331501263,26.208966411392197],[91.77095127547324,26.198456042778847],[91.82115516214368,26.207688447846664],[91.82395126458526,26.209538767290024],[91.87264852920056,26.217078077726796],[91.90856196422897,26.23098776820241],[91.92407444625431,26.24782483981324],[91.94166610236094,26.247998080667802]]]},"properties":{"revenue_ci":"Sipajhar","district_3":"DARRANG","object_id":239,"district_1":"Darrang","revenue_cr":"Sipajhar","HQ":null,"area":293007191.6,"are_new":293}},
{"type":"Feature","geometry":{"type":"Polygon","coordinates":[[[92.3605866262304,26.582343836122135],[92.35742515291165,26.6118407639239],[92.39535449906577,26.62702400918257],[92.38831547297595,26.648653061999774],[92.36296241503535,26.66018464894394],[92.3640673895472,26.69816294190874],[92.35076104140057,26.698557194855155],[92.3488504918779,26.66415011760386],[92.33148510881493,26.662735627786194],[92.33281671300162,26.623556208972595],[92.32723321638686,26.587399979326076],[92.3605866262304,26.582343836122135]]]},"properties":{"revenue_ci":"Dhekiajuli (Pt)","district_3":"UDALGURI","object_id":240,"district_1":"Udalguri","revenue_cr":"Dhekiajuli (Pt)","HQ":null,"area":41104085.9,"are_new":41}},
{"type":"Feature","geometry":{"type":"Polygon","coordinates":[[[92.0563656316977,26.646484079083958],[92.01428735981003,26.6447651194453],[92.01664097729544,26.67961130341644],[91.9781456323252,26.67706335163043],[91.97586722988018,26.654845564950485],[91.95341600968332,26.638369308171562],[91.90111337284492,26.642867937128695],[91.8959692709817,26.617138937439304],[91.88017470538077,26.59974589949291],[91.8628183270302,26.53806821446016],[91.86994462444986,26.531833008942687],[91.88431954198315,26.538487350804015],[91.8966673059749,26.569603494],[91.9219347284178,26.567614944632403],[91.92598339587747,26.540249313868735],[91.96589956031852,26.55528893211397],[91.99025503644116,26.55506291367122],[92.01241251652324,26.536243189349385],[92.0331047599353,26.525192743199423],[92.02846679944591,26.54586592281505],[92.00943042688529,26.555115512280473],[91.99849241242508,26.589994187866704],[92.02156098003798,26.588225552402914],[92.0248267405747,26.610877797541892],[92.0563656316977,26.646484079083958]]]},"properties":{"revenue_ci":"Khoirabari (Pt)","district_3":"UDALGURI","object_id":241,"district_1":"Udalguri","revenue_cr":"Khoirabari (Pt)","HQ":null,"area":162764836.4,"are_new":163}},
{"type":"Feature","geometry":null,"properties":{"revenue_ci":"Pathorighat (Pt)","district_3":"UDALGURI","object_id":242,"district_1":"Udalguri","revenue_cr":"Pathorighat (Pt)","HQ":null,"area":2314177.101,"are_new":2}},
{"type":"Feature","geometry":{"type":"Polygon","coordinates":[[[92.0408596229323,26.509995519791342],[92.05427894590403,26.543836510296963],[92.02846679944591,26.54586592281505],[92.0331047599353,26.525192743199423],[92.0408596229323,26.509995519791342]]]},"properties":{"revenue_ci":"Mangaldoi (Pt)","district_3":"UDALGURI","object_id":243,"district_1":"Udalguri","revenue_cr":"Mangaldoi (Pt)","HQ":null,"area":6293734.554,"are_new":6}},
{"type":"Feature","geometry":{"type":"Polygon","coordinates":[[[92.27583788427359,26.657521083913622],[92.226421255067,26.68126095014422],[92.18124812173546,26.67022876619798],[92.18295435753161,26.64507045346335],[92.20723567772757,26.625194932491542],[92.2203185205399,26.628191297933704],[92.22706358013954,26.593857009113176],[92.22474777903263,26.553598898381797],[92.25266497105224,26.57386115321502],[92.24753427384971,26.6101544881864],[92.2731733814279,26.616261805598548],[92.27583788427359,26.657521083913622]]]},"properties":{"revenue_ci":"Dalgaon (Pt)","district_3":"UDALGURI","object_id":244,"district_1":"Udalguri","revenue_cr":"Dalgaon (Pt)","HQ":null,"area":62698740.91,"are_new":63}},
{"type":"Feature","geometry":{"type":"Polygon","coordinates":[[[91.96663835007955,26.877872353745097],[91.94374780969133,26.89484485568421],[91.89299124801703,26.91870491374793],[91.8593657483554,26.913178333128734],[91.8241559906385,26.863912833383736],[91.72074775262044,26.811910419054897],[91.70433787788079,26.81280527600726],[91.70538223138234,26.809625947422656],[91.71615410692233,26.758403205244036],[91.7315784408621,26.734710229889682],[91.7443335144784,26.683693989960858],[91.79330094292384,26.679263183711868],[91.80113080716222,26.658163897813647],[91.82096909140397,26.641305480038742],[91.8715469287609,26.651396630569746],[91.90111337284492,26.642867937128695],[91.95341600968332,26.638369308171562],[91.97586722988018,26.654845564950485],[91.9781456323252,26.67706335163043],[91.9835845352135,26.70921599954328],[91.9999735187329,26.71709813552152],[92.00214713090337,26.7644477701321],[91.98809187437239,26.79812251394709],[91.97632023051501,26.807007490603507],[91.9591446372171,26.856884347003867],[91.96663835007955,26.877872353745097]]]},"properties":{"revenue_ci":"Harisinga","district_3":"UDALGURI","object_id":245,"district_1":"Udalguri","revenue_cr":"Harisinga","HQ":null,"area":625700293.5,"are_new":626}},
{"type":"Feature","geometry":{"type":"Polygon","coordinates":[[[92.226421255067,26.68126095014422],[92.20969797429437,26.709989888610345],[92.21567494288504,26.735725582183793],[92.21485042240488,26.790162156650823],[92.23715277289452,26.836839209168968],[92.24130894713413,26.882317054162264],[92.24931462874163,26.908338290341618],[92.19473385356288,26.89005985049362],[92.11995202478626,26.88907997912545],[92.10237426292215,26.86733540263912],[92.0561884381096,26.846669817478254],[91.98359411484768,26.85785898129719],[91.96663835007955,26.877872353745097],[91.9591446372171,26.856884347003867],[91.97632023051501,26.807007490603507],[91.98809187437239,26.79812251394709],[92.00214713090337,26.7644477701321],[91.9999735187329,26.71709813552152],[91.9835845352135,26.70921599954328],[91.9781456323252,26.67706335163043],[92.01664097729544,26.67961130341644],[92.01428735981003,26.6447651194453],[92.0563656316977,26.646484079083958],[92.10397741164955,26.64710050836694],[92.18124812173546,26.67022876619798],[92.226421255067,26.68126095014422]]]},"properties":{"revenue_ci":"Udalguri","district_3":"UDALGURI","object_id":246,"district_1":"Udalguri","revenue_cr":"Udalguri","HQ":"y","area":569395304.7,"are_new":569}},
{"type":"Feature","geometry":{"type":"Polygon","coordinates":[[[92.36484227361635,26.93206189642904],[92.30259430023251,26.92273934704999],[92.302897111535,26.907236120554767],[92.27602252669206,26.902092891263553],[92.24931462874163,26.908338290341618],[92.24130894713413,26.882317054162264],[92.23715277289452,26.836839209168968],[92.21485042240488,26.790162156650823],[92.21567494288504,26.735725582183793],[92.20969797429437,26.709989888610345],[92.226421255067,26.68126095014422],[92.27583788427359,26.657521083913622],[92.28744584610303,26.654173539069966],[92.29591096297774,26.620836501149757],[92.31190467339908,26.60715085265598],[92.33281671300162,26.623556208972595],[92.33148510881493,26.662735627786194],[92.33775104836451,26.71232703065049],[92.32847763188872,26.770821537396984],[92.33899040455466,26.786167675207036],[92.33294221124007,26.84200128000396],[92.34296543711048,26.852067145869366],[92.34966755184963,26.911801278455606],[92.36484227361635,26.93206189642904]]]},"properties":{"revenue_ci":"Mazbat","district_3":"UDALGURI","object_id":247,"district_1":"Udalguri","revenue_cr":"Mazbat","HQ":null,"area":325141745.3,"are_new":325}},
{"type":"Feature","geometry":{"type":"Polygon","coordinates":[[[95.10799091743364,27.13572201738539],[95.0613813114875,27.136726607131802],[95.04929012520547,27.15524853803161],[95.03193417624964,27.147264780439393],[94.9879683993212,27.14669451909993],[94.96785022878308,27.226941715417777],[94.89143251217854,27.16219050910261],[94.8372466184324,27.098031849873827],[94.83683442287101,27.091874674288338],[94.82494318360493,27.057130991291725],[94.82986333097624,27.016362945541445],[94.83473628894734,27.017715366968794],[94.83696993373162,27.022745044880445],[94.83969010517548,27.02652680714538],[94.85496054423236,27.029581252033367],[94.86782017725615,27.031772791890308],[94.86988771635788,27.038219944235557],[94.88446568009485,27.044213990834876],[94.8929810738794,27.046543304186343],[94.89512913706488,27.042333207115774],[94.89397888297111,27.040806710975666],[94.89383130773624,27.038617337366723],[94.89577509043283,27.03803204815044],[94.90520460176569,27.037370884365366],[94.9071389395754,27.04049046782575],[94.90649827189456,27.04388973876152],[94.9062185679561,27.045373750253948],[94.91001418808504,27.047127451327896],[94.91260655711179,27.04698096018774],[94.91912868629889,27.046612331282535],[94.92215672476365,27.045771755721503],[94.9238661396976,27.042270547813445],[94.92416102606266,27.04138204115861],[94.92539568316556,27.041023241649786],[94.9260511910149,27.041802206145597],[94.92658094101267,27.044281031141743],[94.92999828506706,27.048697339854566],[94.93230217541162,27.048945223909648],[94.93807255124989,27.036344578691097],[94.93948497686266,27.037544399088763],[94.93831814795361,27.041528293973286],[94.938353647577,27.044963526885592],[94.94116825621175,27.0485678488141],[94.94340743371984,27.045449953196304],[94.94597609620621,27.04353584384824],[94.94680524301008,27.04392411791545],[94.94848454731402,27.048638165159005],[94.94986055881844,27.05017624987539],[94.95835029761678,27.04694826371807],[94.95301297622083,27.05755400289248],[94.9532634489799,27.05903238497498],[94.95552426420828,27.058916923200773],[94.9574574386997,27.056362197241157],[94.96222393642816,27.053804070608823],[94.96116488918352,27.056809615744303],[94.95741744211,27.063543620157468],[94.96084187926186,27.064118257796522],[94.96863256437747,27.057832815902504],[94.96892702404278,27.05873946079009],[94.96579292957725,27.064046316059926],[94.96666160494857,27.064764674624058],[94.97158411219411,27.063827256375472],[94.97498233381106,27.06060950267199],[94.97612754206784,27.065029166757675],[94.97696681019005,27.066751776915734],[94.98038472557296,27.067894156246474],[94.99240778003056,27.06177055175592],[95.00255012610087,27.064788433736847],[95.0063867273731,27.07044207630736],[95.007960635938,27.071718129142212],[95.00982369781984,27.06459904464614],[95.01189094407079,27.062434577235635],[95.0127779863964,27.061968437233464],[95.01461309719814,27.0628679826724],[95.01504419421143,27.064926246251037],[95.01563152711722,27.065623887207504],[95.01621895793939,27.066321424631973],[95.02694052872177,27.065465793117575],[95.0296445529484,27.065746411113818],[95.03260249676984,27.067429374012644],[95.03260166223498,27.067431025856227],[95.03387844583312,27.07197286778976],[95.03572030208434,27.072605973202723],[95.04067914169157,27.072713330829608],[95.04144505428596,27.07437051717033],[95.03961060105098,27.077556077843447],[95.03988773041782,27.078992826799002],[95.05246356677875,27.080408140244952],[95.05101881529048,27.082012203140586],[95.05695148525952,27.086965705686204],[95.07017278630492,27.091933412696292],[95.0712685207458,27.093524753893053],[95.0728251448263,27.096004550865484],[95.08083490388688,27.101435398916735],[95.09099839989227,27.10462229311596],[95.09212994028202,27.10572874587574],[95.08822405195193,27.109853180999732],[95.08703956485934,27.11506738416334],[95.08915029585825,27.11613678284128],[95.09063296613299,27.11449031961377],[95.09239042476496,27.111544843213014],[95.09626548560946,27.118286884112973],[95.0964373818323,27.121323537645093],[95.09829299308717,27.123007570850774],[95.10001347975697,27.122263497017038],[95.10667110992324,27.115992660686487],[95.10788675058991,27.118574773718567],[95.10771885366667,27.120403322360726],[95.10935789278463,27.12363873037319],[95.10662396094723,27.12957041390757],[95.10799091743364,27.13572201738539]]]},"properties":{"revenue_ci":"Mahmora","district_3":"CHARAIDEO","object_id":248,"district_1":"Charaideo","revenue_cr":"Mahmora","HQ":null,"area":294481483.3,"are_new":294}},
{"type":"Feature","geometry":{"type":"Polygon","coordinates":[[[93.40706259256707,26.956095517352075],[93.32402609254244,26.96017656532857],[93.26158462563967,26.953624968281137],[93.10687055825336,26.925756594080045],[93.08815154071969,26.91448958065668],[93.06168219129127,26.92216650650882],[93.06042961549339,26.86974971415933],[93.04330102025448,26.850790419116663],[93.06343680855198,26.823379512766735],[93.05787306050044,26.803079744518364],[93.08408765849408,26.70170554607145],[93.10480451664321,26.694108006462766],[93.12338462229461,26.659538482635245],[93.145180305896,26.59168327827554],[93.16758548653625,26.611970276490116],[93.22038196321894,26.631507447871165],[93.22658432091104,26.660488583371713],[93.24171646792318,26.68378537174747],[93.28392610404813,26.688706337829437],[93.30395902716077,26.700333453358997],[93.33093646191728,26.708747052118657],[93.34205085699024,26.728041904569736],[93.37211346306356,26.74578054892608],[93.3963663713437,26.750639087630148],[93.43891953670804,26.748270470874605],[93.47100836117662,26.756473272114356],[93.46591931436224,26.776421553668946],[93.44165189290038,26.77461074664862],[93.436059105909,26.80474254479738],[93.42193260848435,26.816951548084045],[93.43162211381998,26.838221612975136],[93.42348894779893,26.859583349958722],[93.40769336800004,26.86453279326328],[93.41110311320541,26.90782035345389],[93.40706259256707,26.956095517352075]]]},"properties":{"revenue_ci":"Biswanath","district_3":"BISWANATH","object_id":249,"district_1":"Biswanath","revenue_cr":"Biswanath","HQ":"y","area":1042300607,"are_new":1042}},
{"type":"Feature","geometry":{"type":"Polygon","coordinates":[[[93.53444493593706,26.9487501602851],[93.4624127532271,26.937977877758218],[93.44869359686807,26.950879222254496],[93.40706259256707,26.956095517352075],[93.41110311320541,26.90782035345389],[93.40769336800004,26.86453279326328],[93.42348894779893,26.859583349958722],[93.43162211381998,26.838221612975136],[93.42193260848435,26.816951548084045],[93.436059105909,26.80474254479738],[93.44165189290038,26.77461074664862],[93.46591931436224,26.776421553668946],[93.47100836117662,26.756473272114356],[93.50414573877075,26.756990100752976],[93.55684529981073,26.736757262843042],[93.56162674820045,26.724011080836842],[93.65094777930781,26.706120422781797],[93.67054101841138,26.711986471215774],[93.64909474801448,26.76354995550054],[93.64394547544848,26.79587773049766],[93.62520171561694,26.801579686272756],[93.62466841368051,26.868085171592273],[93.59859411816123,26.897744525336087],[93.54254606084854,26.875554371943416],[93.5470028859424,26.895830037513054],[93.53444493593706,26.9487501602851]]]},"properties":{"revenue_ci":"Helem","district_3":"BISWANATH","object_id":250,"district_1":"Biswanath","revenue_cr":"Halem","HQ":null,"area":427087304.2,"are_new":427}},
{"type":"Feature","geometry":{"type":"Polygon","coordinates":[[[93.76995155488743,26.844776579888407],[93.78952928188265,26.86087724671514],[93.77596164615925,26.888088670945756],[93.73956199349173,26.89852698120609],[93.74897560733899,26.913703904768933],[93.74389248401557,26.95843397922643],[93.69768446273068,26.99427884202052],[93.65735784456156,26.966412489888143],[93.62737812334457,26.963252982171703],[93.58659118506768,26.95056758193198],[93.53444493593706,26.9487501602851],[93.5470028859424,26.895830037513054],[93.54254606084854,26.875554371943416],[93.59859411816123,26.897744525336087],[93.62466841368051,26.868085171592273],[93.62520171561694,26.801579686272756],[93.64394547544848,26.79587773049766],[93.64909474801448,26.76354995550054],[93.6487205161553,26.788061512697123],[93.66992444803802,26.80080465184026],[93.6890568612823,26.797408195424996],[93.7142297755674,26.816022700089515],[93.75385634831369,26.806976338474573],[93.76995155488743,26.844776579888407]]]},"properties":{"revenue_ci":"Gohpur","district_3":"BISWANATH","object_id":251,"district_1":"Biswanath","revenue_cr":"Gohpur","HQ":null,"area":313635939.7,"are_new":314}},
{"type":"Feature","geometry":{"type":"Polygon","coordinates":[[[92.9093788293267,26.057435515988875],[92.8868298814101,26.06956111908298],[92.8626093780572,26.099766988472847],[92.82623027435181,26.093326586544038],[92.80500418192936,26.078409219865698],[92.76248314391285,26.098989168860086],[92.7406532695334,26.094098339921256],[92.75359088530703,26.05645072735771],[92.75329191520069,26.03869365092299],[92.77259351355232,26.01758700548614],[92.76201946859747,26.006824316172107],[92.76955327506766,25.97575214397649],[92.76357177806966,25.95930164992749],[92.79007682385253,25.93736729678139],[92.84801097585091,25.910153479261837],[92.85496852294784,25.929484550173466],[92.90023633871029,25.931916281579927],[92.89867299612975,25.948719763336165],[92.92296401094424,26.00032446414757],[92.9093788293267,26.057435515988875]]]},"properties":{"revenue_ci":"Hojai","district_3":"HOJAI","object_id":252,"district_1":"Hojai","revenue_cr":"Hojai","HQ":"y","area":264542999.3,"are_new":265}},
{"type":"Feature","geometry":{"type":"Polygon","coordinates":[[[93.03513014295781,26.108459858494466],[92.96633367573159,26.129158316957138],[92.95394256712903,26.14056125816977],[92.95579106103187,26.173826083627638],[92.93942737766415,26.202505870038035],[92.88211130341216,26.207881892018452],[92.80197654501153,26.201766714066615],[92.77623692134291,26.19952035427366],[92.7555489287588,26.180585488337073],[92.76171272626728,26.157100731502616],[92.751427933444,26.141981693065357],[92.72254578551927,26.150878429272275],[92.7038154950271,26.12517961350845],[92.73207771018437,26.11532821719195],[92.7406532695334,26.094098339921256],[92.76248314391285,26.098989168860086],[92.80500418192936,26.078409219865698],[92.82623027435181,26.093326586544038],[92.8626093780572,26.099766988472847],[92.8868298814101,26.06956111908298],[92.9093788293267,26.057435515988875],[92.92710929311103,26.051889073174348],[92.97152339584154,26.05359454132848],[92.98444320071802,26.07864989569515],[93.02746699076475,26.0915741620977],[93.03513014295781,26.108459858494466]]]},"properties":{"revenue_ci":"Doboka","district_3":"HOJAI","object_id":253,"district_1":"Hojai","revenue_cr":"Doboka","HQ":null,"area":317748519.3,"are_new":318}},
{"type":"Feature","geometry":{"type":"Polygon","coordinates":[[[93.15801939894088,25.995593620997575],[93.12730332509223,26.030737619691525],[93.09340379165825,26.03306307601472],[93.10209367689852,26.074544991773283],[93.04054834237375,26.086906338151746],[93.03513014295781,26.108459858494466],[93.02746699076475,26.0915741620977],[92.98444320071802,26.07864989569515],[92.97152339584154,26.05359454132848],[92.92710929311103,26.051889073174348],[92.9093788293267,26.057435515988875],[92.92296401094424,26.00032446414757],[92.89867299612975,25.948719763336165],[92.90023633871029,25.931916281579927],[92.85496852294784,25.929484550173466],[92.84801097585091,25.910153479261837],[92.86807670364108,25.868316574961007],[92.88918798418375,25.865012287283182],[92.98231696030575,25.875407654418],[93.01316122913532,25.83964651564524],[93.02568375767066,25.816096246730737],[93.06366486744643,25.77670240582301],[93.09471146562409,25.76968035032316],[93.11776004751856,25.761279405593047],[93.14844574483588,25.731448427573675],[93.14263543528999,25.71850185334133],[93.17048896909527,25.71830579976172],[93.18240765728319,25.728896730889215],[93.22649619887662,25.726764409838836],[93.23100014779364,25.75917012156408],[93.2478556210502,25.797597284904654],[93.2392268311307,25.851041531892566],[93.22189035046368,25.860024877151943],[93.19689801372036,25.897985986197998],[93.18367748163283,25.90258172469337],[93.17307993046191,25.95307630098992],[93.1586001975013,25.961596850417124],[93.15801939894088,25.995593620997575]]]},"properties":{"revenue_ci":"Lanka","district_3":"HOJAI","object_id":254,"district_1":"Hojai","revenue_cr":"Lanka","HQ":null,"area":873440623.1,"are_new":873}},
{"type":"Feature","geometry":{"type":"Polygon","coordinates":[[[92.56377673012697,26.115804302590682],[92.53268464036503,26.09660971041169],[92.51774723732667,26.11638482693532],[92.52664576168158,26.140563266991663],[92.48664574669529,26.149357882042228],[92.47933725656293,26.129731406709364],[92.45389924314927,26.115576568538728],[92.44943501953077,26.100031205401407],[92.39541667416155,26.11357133112123],[92.37955214237635,26.09125450889655],[92.32987722147442,26.076769555963214],[92.30282118413056,26.085306527220506],[92.27750319013045,26.067635691156735],[92.27481511189843,26.06574799513614],[92.26271845667299,26.03272547297871],[92.22767156082213,26.008654211457102],[92.20433716914023,26.001411780655214],[92.16413303715844,25.970373115896262],[92.15235833992743,25.944415855474304],[92.1567427266734,25.914731472255532],[92.18599830516008,25.916730469022134],[92.22029023528657,25.90009415719166],[92.17716479367891,25.872847173115066],[92.1774244535084,25.851598655061892],[92.15102013761499,25.8158335701412],[92.14773520343685,25.773047970615067],[92.16274412135496,25.74396904530761],[92.15436707081908,25.72511016064652],[92.16375933889856,25.66710660691852],[92.19614730954329,25.686307803514882],[92.22495289046313,25.716187355167815],[92.26428867945026,25.709189049830226],[92.36418435468877,25.737452439727605],[92.37297461228901,25.750266121401275],[92.41456471539679,25.740520877882496],[92.44405327374905,25.719937938407792],[92.4402909541677,25.692227728628477],[92.47024922451399,25.675249899205607],[92.50554444615042,25.616409840213795],[92.55257825813327,25.614991731179966],[92.55656473792075,25.57142556642889],[92.58495073643263,25.550588333386695],[92.62268873604137,25.565817591899766],[92.64162101631842,25.588609504323937],[92.66134437998419,25.57245676255394],[92.69561699363712,25.59890634686839],[92.72257602909995,25.58899736846442],[92.74866551243574,25.599165273776705],[92.75852545423191,25.62558357155079],[92.78909826026747,25.66121991872495],[92.77713725514147,25.678900319500105],[92.81341496240748,25.701879546176713],[92.82052709609009,25.739943433432412],[92.84251454664846,25.750882261300106],[92.88360873929523,25.75648741985268],[92.92154652691806,25.77159833490867],[92.93256458216842,25.799160629798322],[92.95848580476328,25.799236845573922],[93.00323489105988,25.786440495550824],[93.03508344313943,25.795368280683444],[93.06366486744643,25.77670240582301],[93.02568375767066,25.816096246730737],[93.01316122913532,25.83964651564524],[92.98231696030575,25.875407654418],[92.88918798418375,25.865012287283182],[92.86807670364108,25.868316574961007],[92.84801097585091,25.910153479261837],[92.79007682385253,25.93736729678139],[92.76357177806966,25.95930164992749],[92.76955327506766,25.97575214397649],[92.76201946859747,26.006824316172107],[92.77259351355232,26.01758700548614],[92.75329191520069,26.03869365092299],[92.75359088530703,26.05645072735771],[92.71736865170475,26.058242908258293],[92.7124527147372,26.019762380811844],[92.68368067691009,26.027652447679166],[92.65649478988855,26.020563216807496],[92.65372643999937,25.999422709126616],[92.58924244129578,25.964367367668242],[92.56561363396602,25.96162465506137],[92.54599154995869,25.971512814794888],[92.57100729679829,26.01438143236563],[92.59603310207416,26.070875141802443],[92.56377673012697,26.115804302590682]]]},"properties":{"revenue_ci":"Donka","district_3":"WEST KARBI ANGLONG","object_id":255,"district_1":"West Karbi Anglong","revenue_cr":"Donkamokam","HQ":null,"area":3072801622,"are_new":3073}},
{"type":"Feature","geometry":{"type":"Polygon","coordinates":[[[90.18032598121253,26.048011604231707],[90.12535876876487,26.054762659042144],[90.0709035690797,26.02637536949095],[90.06350842296347,26.005582510277343],[90.01942848723044,26.002321286638722],[89.97558078935457,25.978610367510203],[89.94517460912614,25.950001098282424],[89.94723547194867,25.924680955403304],[89.9303222594772,25.906346696438632],[89.888922201256,25.895727931156234],[89.87937599068289,25.8803067725926],[89.84311755587302,25.882881951016234],[89.83285118390296,25.870236194975234],[89.83560371895155,25.84236756258881],[89.8167540073238,25.81489332778077],[89.83266221519811,25.789642052712356],[89.84533626347076,25.79190216202306],[89.91673710301248,25.776241660797343],[89.94335289669684,25.757424190107606],[89.95497862271101,25.76756298488387],[89.95818500730239,25.801671828725336],[89.95100047659444,25.8211520815823],[90.00352460025266,25.839326763410508],[90.02375963082952,25.867309052051663],[90.00566383479556,25.879080949075828],[90.02449493602553,25.895630465082725],[90.04248303304011,25.894990920820153],[90.0861758074621,25.919558129080453],[90.11787053562564,25.95754143724236],[90.1222127626387,25.970125990443922],[90.17389400245574,25.9928923636062],[90.19736565491644,26.024187930735792],[90.18032598121253,26.048011604231707]]]},"properties":{"revenue_ci":"South Salmara","district_3":"SOUTH SALMARA MANCACHAR","object_id":256,"district_1":"South Salmara Mancachar","revenue_cr":"South Salmara","HQ":null,"area":435496775.1,"are_new":435}},
{"type":"Feature","geometry":{"type":"Polygon","coordinates":[[[89.94335289669684,25.757424190107606],[89.91673710301248,25.776241660797343],[89.84533626347076,25.79190216202306],[89.83266221519811,25.789642052712356],[89.84124164448937,25.760664609242525],[89.8271244778656,25.74058038625595],[89.83319160856472,25.71817795034547],[89.87091383824863,25.662701060794124],[89.88122019423196,25.6293876120144],[89.87577253366796,25.580958712384014],[89.86605040241955,25.54612366942217],[89.85136496154703,25.538918524167993],[89.86019266272494,25.517417526131126],[89.84810512629794,25.47872280825929],[89.87082209241034,25.47593781086762],[89.87763270117794,25.54981142214601],[89.9121907500208,25.563256696999574],[89.93724000402055,25.564651870866992],[89.97847532918497,25.587055842739655],[90.00304635965331,25.58692303989727],[90.02018693572315,25.607578558398927],[89.98271304350291,25.62794876460987],[89.95307788279123,25.653730113655808],[89.94435381755272,25.679348012365157],[89.923521054274,25.694584510918794],[89.89563247898612,25.731641296992933],[89.9231010272,25.738585344143385],[89.94335289669684,25.757424190107606]]]},"properties":{"revenue_ci":"Mankachar","district_3":"SOUTH SALMARA MANCACHAR","object_id":257,"district_1":"South Salmara Mancachar","revenue_cr":"Mankachar","HQ":null,"area":248678182.6,"are_new":249}},
{"type":"Feature","geometry":{"type":"Polygon","coordinates":[[[91.61612007855366,26.516463799558267],[91.60597197967222,26.55611303071764],[91.58480058566741,26.55588255825995],[91.57811019663768,26.528932899874107],[91.58960233777921,26.514492577333343],[91.61433942631938,26.51276884596692],[91.6155924262244,26.51274831242669],[91.61612007855366,26.516463799558267]]]},"properties":{"revenue_ci":"Bajali (Pt)","district_3":"TAMULPUR","object_id":258,"district_1":"Baksa","revenue_cr":"Bajali (Pt)","HQ":null,"area":17844174.95,"are_new":18}},
{"type":"Feature","geometry":{"type":"Polygon","coordinates":[[[91.6155924262244,26.51274831242669],[91.61747602349129,26.51271744496313],[91.63385206049081,26.44963089694198],[91.67671346927017,26.448434642657652],[91.68757147348296,26.459889006196153],[91.7201433247748,26.476967804815402],[91.72031386903316,26.49348533319724],[91.75425395870727,26.494443076974733],[91.77987784972287,26.48175685203941],[91.78487557021222,26.493421857446684],[91.78057055950309,26.511804056446962],[91.78343248420046,26.536642029077544],[91.74334684988611,26.59339554727154],[91.74037012049543,26.613553971298227],[91.75009571924083,26.637051585495403],[91.73565614546499,26.670129867130353],[91.7443335144784,26.683693989960858],[91.7315784408621,26.734710229889682],[91.71615410692233,26.758403205244036],[91.70538223138234,26.809625947422656],[91.69837820994418,26.75048753475422],[91.70693058736899,26.70898645521899],[91.69148831227636,26.691733815552734],[91.66017477881371,26.610073546383454],[91.66573288544528,26.560151039567682],[91.65491423552676,26.539539554846172],[91.62745668269194,26.532856446785903],[91.61612007855366,26.516463799558267],[91.6155924262244,26.51274831242669]]]},"properties":{"revenue_ci":"Goreswar (Pt)","district_3":"TAMULPUR","object_id":259,"district_1":"Baksa","revenue_cr":"Goreswar (Pt)","HQ":null,"area":283216711.9,"are_new":283}},
{"type":"Feature","geometry":{"type":"Polygon","coordinates":[[[91.55997811405612,26.566166612705654],[91.58480058566741,26.55588255825995],[91.60597197967222,26.55611303071764],[91.61612007855366,26.516463799558267],[91.62745668269194,26.532856446785903],[91.65491423552676,26.539539554846172],[91.66573288544528,26.560151039567682],[91.66017477881371,26.610073546383454],[91.69148831227636,26.691733815552734],[91.70693058736899,26.70898645521899],[91.69837820994418,26.75048753475422],[91.70538223138234,26.809625947422656],[91.70433787788079,26.81280527600726],[91.69011310835737,26.806801466584634],[91.62593958987382,26.8210302965636],[91.59296507145085,26.80520717310645],[91.49520035188156,26.791210631736835],[91.46426008548745,26.80240242691496],[91.40686119644774,26.83835115189944],[91.42074380217102,26.807611288113172],[91.43821158958313,26.788183941507913],[91.46014398599098,26.72559187221311],[91.49000972896474,26.696197813921707],[91.50855998000598,26.627400238042952],[91.50229189707615,26.601619000614058],[91.53159361383264,26.609196545081335],[91.55619490736417,26.58751768535087],[91.55997811405612,26.566166612705654]]]},"properties":{"revenue_ci":"Tamulpur","district_3":"TAMULPUR","object_id":261,"district_1":"Baksa","revenue_cr":"Tamulpur","HQ":null,"area":549366262.9,"are_new":549}},
{"type":"Feature","geometry":{"type":"Polygon","coordinates":[[[91.23758008704172,26.59162328689672],[91.26909822618337,26.58439678598049],[91.28992953958117,26.56353393815402],[91.32478657649672,26.560251568513383],[91.35825231168334,26.57464406320148],[91.3758624946444,26.617035701352656],[91.4236743644443,26.614099286532625],[91.41525367914186,26.669363219443643],[91.38956447252026,26.672289800299218],[91.39211812325989,26.707523021735327],[91.41514216677406,26.728872000963925],[91.41358484200762,26.75856055969904],[91.35932893626315,26.78893273172281],[91.3373048694755,26.780616092091236],[91.29664325336728,26.787207311616395],[91.29825488039431,26.718317975544704],[91.27958553610259,26.67076999468753],[91.25709142224923,26.66387833959486],[91.23569084465925,26.616826675799484],[91.23758008704172,26.59162328689672]]]},"properties":{"revenue_ci":"Baksa","district_3":"BAKSA","object_id":262,"district_1":"Baksa","revenue_cr":"Baska","HQ":null,"area":295501945.5,"are_new":296}},
{"type":"Feature","geometry":{"type":"Polygon","coordinates":[[[91.0278799560615,26.530712564473287],[91.08157750226302,26.53345474441278],[91.0817643698084,26.557290201537835],[91.10473083400781,26.561203767995053],[91.12563087121981,26.59355996064689],[91.11274894021399,26.651462289364034],[91.14506146315468,26.663101065125197],[91.15011292805082,26.695268039422544],[91.10362679015057,26.708887851381785],[91.05782981638015,26.668992077770227],[91.02899303158061,26.618797470678594],[91.0303136646427,26.59042289763758],[91.05838369692307,26.583895930114778],[91.0278799560615,26.530712564473287]]]},"properties":{"revenue_ci":"Sarupeta (Pt)","district_3":"BAKSA","object_id":263,"district_1":"Baksa","revenue_cr":"Sarupeta (Pt)","HQ":null,"area":134708247.8,"are_new":135}},
{"type":"Feature","geometry":{"type":"Polygon","coordinates":[[[90.91699934645717,26.4680845101617],[90.96898131707854,26.490821944938723],[90.97736678752352,26.503868298435144],[90.97674025483369,26.539790902936716],[90.98576408339096,26.554441440207768],[90.98908598683629,26.59057465610156],[90.93441059031203,26.583256969059555],[90.93341217934906,26.555688772719034],[90.90318147782483,26.573317724669444],[90.87635361615642,26.56328814922648],[90.85732244484129,26.56724767300123],[90.8231550930784,26.560902190630586],[90.83220847081861,26.53899568389973],[90.85160956836776,26.52733578583181],[90.84813034925492,26.50627685399926],[90.80796382883574,26.499956138311628],[90.82771910515193,26.453253221812787],[90.86164073983684,26.431074888769196],[90.85155296821665,26.41462043441125],[90.8967563675867,26.41960429115789],[90.91845735528244,26.429065221826896],[90.91699934645717,26.4680845101617]]]},"properties":{"revenue_ci":"Barnagar (Pt)","district_3":"BARPETA","object_id":264,"district_1":"Barpeta","revenue_cr":"Barnagar (Pt)","HQ":null,"area":207191146.6,"are_new":207}},
{"type":"Feature","geometry":{"type":"Polygon","coordinates":[[[91.14506146315468,26.663101065125197],[91.11274894021399,26.651462289364034],[91.12563087121981,26.59355996064689],[91.10473083400781,26.561203767995053],[91.0817643698084,26.557290201537835],[91.08157750226302,26.53345474441278],[91.0278799560615,26.530712564473287],[91.00187310335878,26.530942332821965],[90.99565234637308,26.502890043383868],[90.97736678752352,26.503868298435144],[90.96898131707854,26.490821944938723],[90.91699934645717,26.4680845101617],[90.98072883578061,26.416610080939112],[91.05652847643537,26.428889585113417],[91.08475336479599,26.425830040359862],[91.0955272642403,26.411902988578383],[91.11853043090728,26.422495084083938],[91.10465322855042,26.45426616992905],[91.12927307257296,26.47256111169891],[91.1384143971761,26.51023537546167],[91.15796309241802,26.529329117531137],[91.14286446693902,26.587704859266754],[91.14416757027671,26.625443045041983],[91.15137182798829,26.638897940769795],[91.14506146315468,26.663101065125197]]]},"properties":{"revenue_ci":"Sarupeta (Pt)","district_3":"BAJALI","object_id":265,"district_1":"Barpeta","revenue_cr":"Sarupeta (Pt)","HQ":null,"area":261584874.2,"are_new":262}},
{"type":"Feature","geometry":{"type":"Polygon","coordinates":[[[91.01785504944317,26.224337303887015],[91.00516546570603,26.210553985522584],[90.97692374740856,26.207630697024236],[90.92308759834526,26.18813462734238],[90.89554242293933,26.1708537377706],[90.94103498281282,26.140243370338876],[90.99092432618315,26.14992761815286],[91.00638658699424,26.128110144373093],[91.02972701176157,26.11918213794883],[91.0813764179799,26.161775959363926],[91.11699313408008,26.15468248888887],[91.14477303567651,26.159690972354134],[91.17832982410036,26.17501733290834],[91.22004828119088,26.179533712181893],[91.22210213805252,26.179396358129598],[91.24063462580736,26.203959815618074],[91.21869994767866,26.217209558252804],[91.21564214802855,26.239204784944114],[91.2408667414936,26.261136273290564],[91.21881198825584,26.27346110401967],[91.18365829439583,26.290480456501108],[91.14622114955891,26.299604035812155],[91.08640709316546,26.28077635945545],[91.10061466174783,26.246093046314677],[91.09547228554827,26.228653563287374],[91.06967248104382,26.220098362613793],[91.04298993085577,26.228653946858874],[91.01785504944317,26.224337303887015]]]},"properties":{"revenue_ci":"Chenga","district_3":"BARPETA","object_id":266,"district_1":"Barpeta","revenue_cr":"Chenga","HQ":null,"area":317522242.4,"are_new":318}},
{"type":"Feature","geometry":{"type":"Polygon","coordinates":[[[91.7487331501263,26.208966411392197],[91.73320793627846,26.211068399129566],[91.71182218897549,26.19138029469156],[91.66669141210795,26.218635908558156],[91.65071828119144,26.203986917146185],[91.64900405667747,26.16563173103004],[91.64880228697982,26.164976789958068],[91.64892252378566,26.163930498324685],[91.64839992707249,26.16121045365716],[91.64656909404812,26.15684627592399],[91.64535904898737,26.154803246265114],[91.64402798738313,26.152487635011415],[91.64279931575494,26.150882573159535],[91.63873451185785,26.14620141723633],[91.6380843939002,26.145306375684665],[91.63601574537908,26.142568507216357],[91.63543704438486,26.141709101914437],[91.63523173263005,26.14095130283155],[91.63570427791053,26.139910807726373],[91.63610484028898,26.139819314253867],[91.63700737226505,26.13975187916233],[91.63734415066506,26.13946004761091],[91.63873138033077,26.138253070753382],[91.63972662113908,26.137214478222557],[91.6397157667955,26.13412133138513],[91.63064568488258,26.13349462334636],[91.62597757423728,26.12510842601094],[91.62630563718243,26.121529810915852],[91.6284844272422,26.122385632779494],[91.63060834820443,26.12374865929515],[91.63078601969625,26.123960151318606],[91.63238930856087,26.12489016919459],[91.6319889096758,26.12523955460107],[91.63138241390834,26.12528485700982],[91.63029663369915,26.125529518264848],[91.63012977882167,26.125930214203827],[91.63044268359468,26.126383229176724],[91.63051110198167,26.131323799806843],[91.63201963924503,26.131742525986954],[91.63238869590984,26.13132663463926],[91.63463030156416,26.12962645997625],[91.63761828684534,26.129035266752936],[91.64051117916551,26.130410389833024],[91.64105456558931,26.130390262766774],[91.64243993304741,26.130881603820143],[91.64392089472652,26.131919708293847],[91.64484206404975,26.1320559319044],[91.64643115414299,26.13009533019886],[91.64702780167995,26.12946909091306],[91.64922907297802,26.12722386896775],[91.6531088760289,26.124205108123647],[91.65642576597666,26.12297213083296],[91.65715828280206,26.12261360682065],[91.65969829711564,26.122320791996785],[91.661606623308,26.121829153609422],[91.66378979714635,26.12037324902156],[91.6657586823653,26.11963545170962],[91.66775528240734,26.119362718063186],[91.67046807059789,26.118974804880814],[91.67104364275998,26.118070065955116],[91.67115780695451,26.111442113760734],[91.67300412603603,26.11003178980368],[91.67354382397728,26.109232275102],[91.67586290213833,26.10856813232173],[91.67719187875282,26.108694159652167],[91.68121706604757,26.106838660792068],[91.68240531258965,26.10568269001303],[91.68305017540287,26.10528555711036],[91.68467805115678,26.104958281974685],[91.68904827865722,26.105553419835378],[91.6902531287607,26.106057892242024],[91.69114786874998,26.106154833782007],[91.69267074582024,26.106714147186157],[91.69526654371634,26.10850909822918],[91.69706084944464,26.109538976867185],[91.69927700582699,26.110911085106217],[91.70639469199637,26.110051253283512],[91.7211484102203,26.12424263100449],[91.73215250834609,26.1554138874897],[91.76605663576441,26.160878003201507],[91.77485878256745,26.18119588089202],[91.8042125011006,26.177591182085617],[91.82115516214368,26.207688447846664],[91.77095127547324,26.198456042778847],[91.7487331501263,26.208966411392197]]]},"properties":{"revenue_ci":"North Guwahati (Pt)","district_3":"KAMRUP METRO","object_id":267,"district_1":"KAMRUP METRO","revenue_cr":"North Guwahati (Pt)","HQ":null,"area":114789346.1,"are_new":115}},
{"type":"Feature","geometry":{"type":"Polygon","coordinates":[[[91.90111337284492,26.642867937128695],[91.8715469287609,26.651396630569746],[91.82096909140397,26.641305480038742],[91.80113080716222,26.658163897813647],[91.79330094292384,26.679263183711868],[91.7443335144784,26.683693989960858],[91.73565614546499,26.670129867130353],[91.75009571924083,26.637051585495403],[91.74037012049543,26.613553971298227],[91.74334684988611,26.59339554727154],[91.78343248420046,26.536642029077544],[91.78057055950309,26.511804056446962],[91.81817629566096,26.51182427650368],[91.83266517436951,26.525550589679266],[91.8628183270302,26.53806821446016],[91.88017470538077,26.59974589949291],[91.8959692709817,26.617138937439304],[91.90111337284492,26.642867937128695]]]},"properties":{"revenue_ci":"Kalaigaon (Pt)","district_3":"UDALGURI","object_id":268,"district_1":"Udalguri","revenue_cr":"Kalaigaon (Pt)","HQ":null,"area":191989620.2,"are_new":192}},
{"type":"Feature","geometry":{"type":"Polygon","coordinates":[[[92.15972354968683,26.4146332883802],[92.14343674773437,26.446706413411558],[92.117659700251,26.443570276645307],[92.08533312676097,26.42702842781808],[92.06843078839607,26.43409804753738],[92.05865983550856,26.488153473091227],[92.0408596229323,26.509995519791342],[92.0331047599353,26.525192743199423],[92.01241251652324,26.536243189349385],[92.00930607220218,26.519870052427695],[91.94450032121829,26.516555379310965],[91.93795955288734,26.50225042671815],[91.9450190237347,26.478878254234896],[91.9342052992789,26.460119145366324],[91.9155700002381,26.457884293271604],[91.92328812034337,26.433707680236513],[91.95105386628757,26.436224987273707],[91.93727874398799,26.410917966710734],[91.94026234369399,26.375844623063745],[91.92084841640597,26.355896882225426],[91.91052575330527,26.311451682743964],[91.94166610236094,26.247998080667802],[91.97864382001548,26.27422162623736],[92.01411349088677,26.28143267618458],[92.03222433280344,26.270311930895065],[92.04789132865089,26.279121507979188],[92.06154625367046,26.310552122334492],[92.07219339903159,26.314570456053357],[92.08582253162274,26.34036890581731],[92.12291669429429,26.37065163491006],[92.15972354968683,26.4146332883802]]]},"properties":{"revenue_ci":"Mangaldoi (Pt)","district_3":"DARRANG","object_id":269,"district_1":"Darrang","revenue_cr":"Mangaldoi (Pt)","HQ":"y","area":439678093.9,"are_new":440}},
{"type":"Feature","geometry":{"type":"Polygon","coordinates":[[[92.02846679944591,26.54586592281505],[92.05427894590403,26.543836510296963],[92.0408596229323,26.509995519791342],[92.05865983550856,26.488153473091227],[92.06843078839607,26.43409804753738],[92.08533312676097,26.42702842781808],[92.117659700251,26.443570276645307],[92.14343674773437,26.446706413411558],[92.15972354968683,26.4146332883802],[92.18190126611734,26.42445678454412],[92.22087049755278,26.416836103782536],[92.25573180955074,26.45179412894618],[92.28319891776522,26.455487526838972],[92.30802940594211,26.48259079836271],[92.34418479770073,26.504668603515846],[92.33176675580933,26.515134221416567],[92.36955214154929,26.549371360190726],[92.3605866262304,26.582343836122135],[92.32723321638686,26.587399979326076],[92.33281671300162,26.623556208972595],[92.31190467339908,26.60715085265598],[92.29591096297774,26.620836501149757],[92.28744584610303,26.654173539069966],[92.27583788427359,26.657521083913622],[92.2731733814279,26.616261805598548],[92.24753427384971,26.6101544881864],[92.25266497105224,26.57386115321502],[92.22474777903263,26.553598898381797],[92.22706358013954,26.593857009113176],[92.2203185205399,26.628191297933704],[92.20723567772757,26.625194932491542],[92.18295435753161,26.64507045346335],[92.18124812173546,26.67022876619798],[92.10397741164955,26.64710050836694],[92.0563656316977,26.646484079083958],[92.0248267405747,26.610877797541892],[92.02156098003798,26.588225552402914],[91.99849241242508,26.589994187866704],[92.00943042688529,26.555115512280473],[92.02846679944591,26.54586592281505]]]},"properties":{"revenue_ci":"Dalgaon (Pt)","district_3":"DARRANG","object_id":270,"district_1":"Darrang","revenue_cr":"Dalgaon (Pt)","HQ":null,"area":649172827.9,"are_new":649}},
{"type":"Feature","geometry":{"type":"Polygon","coordinates":[[[92.24479027369462,26.324411578895567],[92.20653297149487,26.325682107727665],[92.18878042712086,26.29924064850658],[92.14907586892978,26.32278652312418],[92.12648154980315,26.329211971958177],[92.11452241227465,26.31408772837088],[92.0888863050695,26.328195796606643],[92.07219339903159,26.314570456053357],[92.06154625367046,26.310552122334492],[92.04789132865089,26.279121507979188],[92.03222433280344,26.270311930895065],[92.01411349088677,26.28143267618458],[91.97864382001548,26.27422162623736],[91.98005007779551,26.239231048340766],[92.03073233172782,26.231813512845267],[92.05125330055117,26.209879705042376],[92.08016748239896,26.17724019511561],[92.10477147115672,26.17206463261681],[92.12950913821197,26.180523407110766],[92.16654836800559,26.156079131452273],[92.16348107406122,26.121766923358113],[92.17611706969842,26.078053435684716],[92.23746901041726,26.063450122776967],[92.27481511189843,26.06574799513614],[92.27750319013045,26.067635691156735],[92.27563242878834,26.1097624111673],[92.2831265764354,26.139407097586123],[92.29739283644686,26.154027337164017],[92.25326754657176,26.16982764413053],[92.25049951288958,26.19665693089688],[92.2685792147069,26.214607423131056],[92.27484028808259,26.23531484568901],[92.2544222536144,26.239651983022945],[92.25672790375859,26.29436475878374],[92.23948014789556,26.307430913619584],[92.24479027369462,26.324411578895567]]]},"properties":{"revenue_ci":"Mayong","district_3":"MORIGAON","object_id":271,"district_1":"Morigaon","revenue_cr":"Mayong","HQ":null,"area":486035918.5,"are_new":486}},
{"type":"Feature","geometry":{"type":"Polygon","coordinates":[[[91.47639846655954,25.857407947359057],[91.47672250505218,25.923803182195204],[91.47224023068637,25.938472236396883],[91.47936810644602,25.95742328637808],[91.48075911083254,25.958694516961202],[91.49694220841735,26.010852479198395],[91.52367989471713,25.998959831562818],[91.52854595064876,26.045966843177936],[91.56835746966898,26.059798962023407],[91.57937013143437,26.082317836666945],[91.57934274539463,26.08261598801037],[91.57942739005055,26.083543819888266],[91.5796800807501,26.083849845124462],[91.58357086031542,26.08473062091328],[91.5847981988437,26.085370346935623],[91.58710025662509,26.089412656839432],[91.58674434141459,26.09191652090314],[91.58585814081036,26.09255107339949],[91.5752099623867,26.095034253095655],[91.57293512086346,26.096218714210288],[91.57337804868902,26.09959724292099],[91.57343856190153,26.10223262664383],[91.57247758014319,26.103035099750894],[91.57241420579652,26.103035194940414],[91.56758020775929,26.10307412503298],[91.56449839075174,26.10675509191047],[91.5644053782889,26.108607497777825],[91.56489319403087,26.114947416199737],[91.5645220640544,26.11728982088566],[91.56136845458767,26.12166649105879],[91.561151321902,26.12273853902943],[91.56155107400009,26.12465817011316],[91.56209593635586,26.126688954393643],[91.561381792773,26.130132371317856],[91.56097448584337,26.131584038748322],[91.56117269641588,26.137214328221937],[91.56162643456757,26.140882711167286],[91.56191122476716,26.14176684830921],[91.56192360714503,26.141824170496825],[91.5177296787957,26.13870887500188],[91.46885038496113,26.154190142514416],[91.44793081298498,26.14294254992199],[91.43250090320224,26.149511983498353],[91.41386488191596,26.13604110525017],[91.3876961824435,26.14064887373915],[91.35364515622166,26.167290791547096],[91.32263599892674,26.160443659596652],[91.3188577701817,26.11889990010171],[91.37150636440573,26.085670175123745],[91.39696328016957,26.089081382418392],[91.4043609703147,26.06590854701603],[91.43205300050663,26.071484480330927],[91.44829365690128,26.049000278764574],[91.42809757188527,26.02596623948127],[91.42810114718009,25.98930985358987],[91.4272114674008,25.987037716381167],[91.42494346565014,25.981171893639708],[91.42338455535723,25.97633584711946],[91.41636474512966,25.964705129242326],[91.4145148992623,25.962677106009547],[91.41382732964216,25.960268663385197],[91.41224828181552,25.950761005817416],[91.41056738120533,25.93929750047796],[91.40250956048041,25.922951452516237],[91.40019122612442,25.91930274228626],[91.40017374940055,25.90980921263202],[91.39578140717445,25.90037067091855],[91.39503999343448,25.899375854759864],[91.39298419980508,25.895034847834463],[91.39193056041847,25.890554728611946],[91.39092340705115,25.887790986525744],[91.3868298840144,25.882943467424624],[91.38374162069636,25.877989443548163],[91.38508906128321,25.875235007823694],[91.38950834398464,25.87043380398831],[91.39068926835887,25.868248860944238],[91.39049087722499,25.867247073230242],[91.38858255013432,25.865354099546707],[91.38417553302975,25.86387376195692],[91.38305894869114,25.862269987009483],[91.37873215383637,25.8576360511918],[91.37292510517497,25.855077572807563],[91.3699821066249,25.854571653761603],[91.36408191165165,25.852342670237785],[91.3616405350512,25.84936986610988],[91.3609106350182,25.845627287134334],[91.35873130417264,25.84117835009888],[91.35873127542654,25.84117829673861],[91.42345645381764,25.85444752670695],[91.43658891058313,25.843150254289135],[91.47639846655954,25.857407947359057]]]},"properties":{"revenue_ci":"Palasbari","district_3":"KAMRUP","object_id":272,"district_1":"Kamrup","revenue_cr":"Palasbari","HQ":null,"area":392624055.8,"are_new":393}},
{"type":"Feature","geometry":{"type":"Polygon","coordinates":[[[91.47224023068637,25.938472236396883],[91.47672250505218,25.923803182195204],[91.47639846655954,25.857407947359057],[91.47829274938906,25.88756659869355],[91.5079393752987,25.90888829326613],[91.50284128694098,25.92663912489839],[91.51974337916755,25.939972954073408],[91.55137643619021,25.984129599032585],[91.57075046929646,26.025920976927313],[91.6200735138134,26.02588126078158],[91.63469822138617,26.01287860828933],[91.6281790584361,25.976245089116173],[91.63555761626229,25.961726158191134],[91.6210340760585,25.93240405822217],[91.65111549465051,25.90666268124307],[91.67052640988737,25.904247795687542],[91.7200338048703,25.95369226706816],[91.72527579615002,26.046272823241225],[91.73342297319452,26.060659357612902],[91.76283774931926,26.072716041331677],[91.77798947690962,26.090980569071775],[91.79646069866375,26.093927225956154],[91.7952306103924,26.096213218711082],[91.79372645780593,26.09716679287235],[91.79540751921455,26.097759029863234],[91.79626950303533,26.097393873030644],[91.79810371911505,26.10070324270406],[91.79781867109898,26.101564363810382],[91.7976470102347,26.103286596681137],[91.79923505109566,26.104305698066533],[91.79984069166694,26.11009514592324],[91.79170832334988,26.11364975132922],[91.79033523316674,26.113873745629878],[91.79084020223907,26.10930775073033],[91.78554552207302,26.10874589184159],[91.78436730791604,26.109114605235785],[91.77815913363249,26.108931999115146],[91.77505474825007,26.108281434662832],[91.76586003766786,26.103901905336222],[91.76488042664715,26.104465199194873],[91.76410544286504,26.10417426203581],[91.7616483987477,26.103412675685664],[91.75751985578789,26.10339828839794],[91.7526182559323,26.102556868977416],[91.74862298702807,26.10141723192319],[91.74489489595398,26.098203560798872],[91.74302439781822,26.09638753772471],[91.7410366201306,26.09441712939028],[91.73904015393751,26.09207468517283],[91.73838096569044,26.093592262920676],[91.7407640793582,26.09732689668402],[91.74505858157517,26.103037545637854],[91.74679239115896,26.10449109930191],[91.75016123606943,26.10886534639037],[91.74993530079236,26.10976776728698],[91.7400662491809,26.11138873884576],[91.73730711061664,26.11116217387753],[91.73662176432681,26.110724585730665],[91.73438161933315,26.107421777904584],[91.73217375889246,26.105025316065102],[91.7321405832107,26.10503355869276],[91.73156546829108,26.105420646127477],[91.7313563503744,26.10594891831979],[91.73104270988115,26.107021027376586],[91.73093176614694,26.10749537599016],[91.72461400728018,26.10848433800673],[91.71990248824373,26.10858272305646],[91.71912326171854,26.10852488120453],[91.71701608355657,26.10665651333626],[91.71625813183222,26.105711610032266],[91.7154994884051,26.098937259716223],[91.7150849006301,26.098561686943448],[91.71412426472315,26.09765537987346],[91.71283895072307,26.097925442270085],[91.71115504434994,26.098740865368914],[91.70898760899539,26.104420207354796],[91.70898114292194,26.104462048298448],[91.70623161094136,26.10932863403038],[91.70639469199637,26.110051253283512],[91.69927700582699,26.110911085106217],[91.69706084944464,26.109538976867185],[91.69526654371634,26.10850909822918],[91.69267074582024,26.106714147186157],[91.69114786874998,26.106154833782007],[91.6902531287607,26.106057892242024],[91.68904827865722,26.105553419835378],[91.68467805115678,26.104958281974685],[91.68305017540287,26.10528555711036],[91.68240531258965,26.10568269001303],[91.68121706604757,26.106838660792068],[91.67719187875282,26.108694159652167],[91.67586290213833,26.10856813232173],[91.67354382397728,26.109232275102],[91.67300412603603,26.11003178980368],[91.67115780695451,26.111442113760734],[91.67104364275998,26.118070065955116],[91.67046807059789,26.118974804880814],[91.66775528240734,26.119362718063186],[91.6657586823653,26.11963545170962],[91.66378979714635,26.12037324902156],[91.661606623308,26.121829153609422],[91.65969829711564,26.122320791996785],[91.65715828280206,26.12261360682065],[91.65642576597666,26.12297213083296],[91.6531088760289,26.124205108123647],[91.64922907297802,26.12722386896775],[91.64702780167995,26.12946909091306],[91.64643115414299,26.13009533019886],[91.64484206404975,26.1320559319044],[91.64392089472652,26.131919708293847],[91.64243993304741,26.130881603820143],[91.64105456558931,26.130390262766774],[91.64051117916551,26.130410389833024],[91.63761828684534,26.129035266752936],[91.63463030156416,26.12962645997625],[91.63238869590984,26.13132663463926],[91.63201963924503,26.131742525986954],[91.63051110198167,26.131323799806843],[91.63044268359468,26.126383229176724],[91.63012977882167,26.125930214203827],[91.63029663369915,26.125529518264848],[91.63138241390834,26.12528485700982],[91.6319889096758,26.12523955460107],[91.63238930856087,26.12489016919459],[91.63078601969625,26.123960151318606],[91.63060834820443,26.12374865929515],[91.6284844272422,26.122385632779494],[91.62630563718243,26.121529810915852],[91.62597757423728,26.12510842601094],[91.63064568488258,26.13349462334636],[91.6397157667955,26.13412133138513],[91.63972662113908,26.137214478222557],[91.63873138033077,26.138253070753382],[91.63734415066506,26.13946004761091],[91.63700737226505,26.13975187916233],[91.63610484028898,26.139819314253867],[91.63570427791053,26.139910807726373],[91.63523173263005,26.14095130283155],[91.63543704438486,26.141709101914437],[91.63601574537908,26.142568507216357],[91.6380843939002,26.145306375684665],[91.63873451185785,26.14620141723633],[91.64279931575494,26.150882573159535],[91.64402798738313,26.152487635011415],[91.64535904898737,26.154803246265114],[91.64656909404812,26.15684627592399],[91.64839992707249,26.16121045365716],[91.64892252378566,26.163930498324685],[91.64880228697982,26.164976789958068],[91.64827052206087,26.165111718831717],[91.64089705139412,26.164928269028994],[91.60436858031485,26.15470229890954],[91.57913397961754,26.15245938616529],[91.56476603301084,26.149288238164676],[91.56368907605436,26.147484454757567],[91.56191122476716,26.14176684830921],[91.56162643456757,26.140882711167286],[91.56117269641588,26.137214328221937],[91.56097448584337,26.131584038748322],[91.561381792773,26.130132371317856],[91.56209593635586,26.126688954393643],[91.56155107400009,26.12465817011316],[91.561151321902,26.12273853902943],[91.56136845458767,26.12166649105879],[91.5645220640544,26.11728982088566],[91.56489319403087,26.114947416199737],[91.5644053782889,26.108607497777825],[91.56449839075174,26.10675509191047],[91.56758020775929,26.10307412503298],[91.57241420579652,26.103035194940414],[91.57247758014319,26.103035099750894],[91.57343856190153,26.10223262664383],[91.57337804868902,26.09959724292099],[91.57293512086346,26.096218714210288],[91.5752099623867,26.095034253095655],[91.58585814081036,26.09255107339949],[91.58674434141459,26.09191652090314],[91.58710025662509,26.089412656839432],[91.5847981988437,26.085370346935623],[91.58357086031542,26.08473062091328],[91.5796800807501,26.083849845124462],[91.57942739005055,26.083543819888266],[91.57934274539463,26.08261598801037],[91.57937013143437,26.082317836666945],[91.53871101982915,26.06855504312405],[91.52894346257341,26.051722868911654],[91.52244600381893,26.008543875348465],[91.48879905687993,26.013744095117165],[91.48075911083254,25.958694516961202],[91.47936810644602,25.95742328637808],[91.47224023068637,25.938472236396883]]]},"properties":{"revenue_ci":"Azara","district_3":"KAMRUP","object_id":273,"district_1":"Kamrup","revenue_cr":"Azara","HQ":null,"area":423124288.2,"are_new":423}},
{"type":"Feature","geometry":{"type":"Polygon","coordinates":[[[89.84121245463253,26.379383937910347],[89.82488663705061,26.381602582931986],[89.78100575989971,26.352831121168045],[89.78260933712353,26.33271025238577],[89.76054170024796,26.3163005505798],[89.79493807389927,26.29998732404015],[89.83672992065358,26.306998912929316],[89.84813555313492,26.298474241409874],[89.88426362982071,26.326261644458295],[89.90561250756944,26.327907630828953],[89.90266252012647,26.338786660789292],[89.87171002766136,26.34805125375306],[89.87567824649574,26.36282032849631],[89.84121245463253,26.379383937910347]]]},"properties":{"revenue_ci":"Gossaigaon (Pt)","district_3":"DHUBRI","object_id":274,"district_1":"Dhubri","revenue_cr":"Gossaigaon (Pt)","HQ":null,"area":76783222.03,"are_new":77}},
{"type":"Feature","geometry":{"type":"Polygon","coordinates":[[[94.06711997134587,26.66358350092583],[94.06718600201086,26.662107814191373],[94.06757810944586,26.66133630783089],[94.06957718165158,26.661237858651685],[94.0699536512141,26.661648634062484],[94.07116313213285,26.663725006241886],[94.07146442168926,26.6640499537011],[94.07217245044002,26.664447412919497],[94.07299126032989,26.66419496900115],[94.07325777071176,26.663373767387903],[94.07210827659273,26.66178934700789],[94.0723295020028,26.661279479916637],[94.07383146180163,26.66084224273255],[94.07587520632813,26.661849328057805],[94.07694504772923,26.661948968060305],[94.07831648860554,26.661073968099963],[94.078582952275,26.660604739899092],[94.07863351934066,26.659657062217082],[94.07896025367747,26.658835869692478],[94.07954306985403,26.65836669330358],[94.0803013305988,26.658565532934876],[94.08022011571063,26.660875954108366],[94.0815709447427,26.661639060682038],[94.08216867924119,26.661657281814765],[94.08264133860771,26.66008246088703],[94.0829881143585,26.65943271906566],[94.08391735863786,26.659261561240076],[94.08507763074367,26.659027159612624],[94.08630416977137,26.655503008060315],[94.08595862291587,26.652402668006943],[94.08488968072837,26.64997899917713],[94.08581422861538,26.648548695812323],[94.08657284958463,26.647714047103836],[94.08699476940897,26.647416339669007],[94.08808469534317,26.647046579066913],[94.09053534704897,26.647060713350555],[94.0908463177492,26.64866279383598],[94.09110230885906,26.648974236243614],[94.09168502083106,26.648649448992142],[94.09273484237771,26.647498983666665],[94.09363398141697,26.646989198867495],[94.0942315829648,26.646853978001154],[94.09600970913648,26.645310936116545],[94.09630449938179,26.64490032512112],[94.09663783992923,26.645326630676863],[94.09683618524903,26.645579501726292],[94.09734313420826,26.646088142251106],[94.09743149878781,26.64608654687169],[94.09783251212053,26.646028096715003],[94.09812121717809,26.64597968691057],[94.0997505787455,26.64589214968278],[94.10018876705963,26.646180340209412],[94.10203072482048,26.64745860427871],[94.1024091221676,26.647619166296455],[94.10276636868139,26.647771747294808],[94.10291472904382,26.648338147007703],[94.10278581630894,26.648706581067035],[94.10263982390563,26.650000482671544],[94.10289455018759,26.650884509144404],[94.10298193829841,26.65153930231255],[94.10356507697013,26.65282469279528],[94.10403892031623,26.65313234960889],[94.10501599988446,26.65408683506248],[94.10518106531792,26.65423125285615],[94.10585126780866,26.65439374664081],[94.10698682366777,26.65446959588819],[94.10753634288997,26.6545028820305],[94.10790940604095,26.654689973894527],[94.10870743969494,26.65498110310991],[94.10978575400584,26.655662311148983],[94.11028291222677,26.656178173237134],[94.11018516204913,26.656823774911775],[94.11036257213121,26.658031491238535],[94.11059078823082,26.658343689232392],[94.11150741297709,26.65978520878999],[94.1122090466213,26.66174805186506],[94.11200193823592,26.662684298890547],[94.11157396017333,26.66291404806159],[94.10699689917197,26.663425861831854],[94.10626154367029,26.66382352713137],[94.10634634822637,26.664707907336584],[94.10689849322416,26.665216781329317],[94.10803441200264,26.66586609605595],[94.10862020070446,26.666539559070145],[94.10879073597968,26.66680074791689],[94.1094182657995,26.669369187851682],[94.10845618360494,26.671274104721597],[94.10882714379984,26.672056225754908],[94.1092149590844,26.67260737203448],[94.10946766236036,26.672711992357094],[94.11337124291846,26.67378248283495],[94.11386013933375,26.67447742937202],[94.11419332267602,26.675301208001766],[94.11452489533893,26.675729987909516],[94.11473131291987,26.67580052274868],[94.1154006853673,26.675447043809143],[94.11844687968227,26.674445573865228],[94.12071382501414,26.674177023200976],[94.12312570543229,26.67322047022534],[94.12467776427452,26.672519470724893],[94.12743150216728,26.67191379077934],[94.12789904472994,26.672037222019597],[94.1293017353,26.67192317706498],[94.12961481614285,26.671933039366873],[94.13038014573063,26.672309917370818],[94.13108936205417,26.672691772608058],[94.13356662455361,26.67292539883036],[94.13405155670355,26.672588881330483],[94.13440210717519,26.672174875007737],[94.13484871719507,26.672363849985288],[94.1349428336874,26.672444607981262],[94.13537237661525,26.672482185053454],[94.1359450014049,26.672277455201723],[94.1392060296167,26.671689352924037],[94.14033027568635,26.67086332061857],[94.14095343160903,26.670730516174174],[94.14114552016288,26.670547441815255],[94.14117439111779,26.669792967304996],[94.14118965079952,26.669069387144372],[94.1412816032503,26.668245439078287],[94.14163516307815,26.666340160961514],[94.14179066864037,26.66595653362282],[94.14239333668638,26.664882505720584],[94.14297298360663,26.664868310224385],[94.14337035966076,26.664998045257324],[94.14669633966085,26.66459564123649],[94.14822631611678,26.664584578949185],[94.1485786111167,26.664565439102365],[94.1493453591443,26.664954760391534],[94.14955339369276,26.665292731757948],[94.15043113576026,26.667303177655953],[94.15063908766368,26.66751381028427],[94.15433213905182,26.668477330029425],[94.15639513177987,26.66957474412991],[94.16027000936806,26.670050355756292],[94.16070521168218,26.670010925158294],[94.16391891394984,26.670599028062515],[94.16434149583255,26.670700921729424],[94.17087448565147,26.666580716811634],[94.17698068767554,26.66532642496065],[94.1777880170961,26.665444393237365],[94.17976543361527,26.666386446040427],[94.18289479216261,26.66679948035426],[94.18552918258166,26.66891807807383],[94.18779098505854,26.670773252186045],[94.1972850089035,26.67415241769788],[94.1983956149539,26.67431916476911],[94.20322112570831,26.674886294031776],[94.20541661275428,26.67491429161138],[94.21696368767205,26.673622225731982],[94.21900214920636,26.673639732140124],[94.22285389787088,26.673467626749044],[94.2260193058106,26.673205226614478],[94.22667617101433,26.673119928178895],[94.23229498489447,26.6699082819176],[94.2333135360861,26.669509619145153],[94.2348137630348,26.669003956024298],[94.23597733644924,26.66913669665366],[94.2337003937666,26.705828892868414],[94.23389838964171,26.709757729825107],[94.22299688810456,26.745842406243128],[94.19128638642292,26.753389733040784],[94.2008150762547,26.768981472394522],[94.18824847367657,26.814553479688524],[94.20280124416136,26.822493106269988],[94.20413572475358,26.84784954294881],[94.23906752934853,26.86615885735687],[94.22976073057845,26.871505386120702],[94.18457773464345,26.85532628015197],[94.13305672462866,26.848580456391876],[94.05198236886504,26.806701307956008],[93.97898252542261,26.808035689662425],[93.97571672176674,26.80117296784995],[93.97602715976602,26.794164477645964],[93.9772737590723,26.79316517418208],[93.98021777990517,26.790795020882715],[93.98063979225599,26.79050582903356],[93.98317231462015,26.788626659062015],[93.98251880192903,26.783609099805712],[93.98089879990859,26.78253624267141],[93.97318364604037,26.7799650747589],[93.9718450466726,26.778549081928286],[93.97132043503822,26.776577370613396],[93.97127926614709,26.775449255211726],[93.97133806717062,26.773729868176552],[93.97169116795935,26.76928460320337],[93.9723881519237,26.767181231718542],[93.97528899613074,26.767251402717477],[93.98104002674935,26.767102765012336],[93.98426780741417,26.76738460470156],[93.98762594530481,26.767381978777024],[93.99207979338178,26.76712560114576],[93.9969061683155,26.76659147567968],[93.99851194910671,26.765205096118414],[93.99994100612867,26.76345855833495],[94.00107248183973,26.758976870887082],[94.00120536692476,26.752425929637774],[94.0006137930725,26.74907547414956],[94.00091244607356,26.746636657974072],[94.0110055689579,26.746918109624325],[94.0117894379765,26.747090152167644],[94.01610245896303,26.74670999671234],[94.01820831839815,26.746864988035135],[94.01947973096922,26.747150186181155],[94.02160628758847,26.746754623883376],[94.02231575094876,26.745825535850308],[94.0226781978097,26.745288829027743],[94.02317908942896,26.744852929806996],[94.02377136396713,26.74449270032335],[94.02485099969978,26.743525838021604],[94.02471129370679,26.74239309607423],[94.02235026871354,26.74090671003516],[94.02176745702855,26.740721315245604],[94.02044654728535,26.73964632580482],[94.02331102858801,26.740045442718223],[94.02517072627907,26.739974593066133],[94.02716656185484,26.739384799327077],[94.03092390117627,26.741964128279644],[94.03194990389316,26.74108475520627],[94.03267445535694,26.740092436725625],[94.03277094609658,26.738932770606485],[94.0328819320516,26.738310117354036],[94.03338168101384,26.737746953329438],[94.0342899029189,26.737435532826144],[94.03656903030435,26.740898211095878],[94.03707138617752,26.741236948769345],[94.03840769933296,26.74223059538485],[94.03894544703167,26.74223092831089],[94.03916697786897,26.74166690685893],[94.03847486906169,26.739653847697625],[94.03799768218613,26.739333183254168],[94.03741550022015,26.7381730721611],[94.04164880560668,26.73610426608591],[94.04220164769715,26.736104523616074],[94.04308044887837,26.73719262027845],[94.04227552604442,26.73833838976383],[94.0449440120201,26.73876857381694],[94.04617553310435,26.7385571647563],[94.0463315237568,26.738290997111047],[94.04568931007533,26.736643533784108],[94.04400649335865,26.735338441791594],[94.04378588958278,26.73461628313788],[94.04355058218229,26.733262320984107],[94.04221454480968,26.732029557987627],[94.04180288644083,26.731492348797797],[94.0410349014331,26.730079395212613],[94.04166409672943,26.728748519765958],[94.04249851305079,26.728455622861837],[94.04279492924678,26.728595694909533],[94.04421102627411,26.73021211684716],[94.04550273088917,26.730054898060043],[94.04532798700681,26.728281260674066],[94.04394232130804,26.726407735264736],[94.04603876370402,26.725041521382174],[94.04587819074531,26.724743629905646],[94.04457228286732,26.723781682685978],[94.04308019914671,26.723031687982733],[94.04144218770145,26.72268323637301],[94.03845280284506,26.72186473087631],[94.03832725340261,26.72171116019343],[94.03834275832442,26.721183176996337],[94.03857902871887,26.72110209006063],[94.03955878436834,26.72128319761747],[94.04076967743873,26.721496029299402],[94.04127248336785,26.721171369173277],[94.04158934342308,26.72073385781438],[94.04178182723564,26.71864457518131],[94.04207931063017,26.71720070577283],[94.04207949119156,26.716975045962545],[94.04112108041154,26.71499788523353],[94.04162376776308,26.71467332212258],[94.04415718484925,26.713406646667625],[94.04388629967198,26.712842378801785],[94.04335393288179,26.712372837258325],[94.04286659324686,26.712304801391337],[94.04177599357618,26.712629129719897],[94.04142930406364,26.712642430165175],[94.04007818307907,26.711833830079932],[94.0393247723385,26.711341527721093],[94.03753093463247,26.711340421143543],[94.03700341604987,26.71125888023206],[94.03665685858967,26.711073680275078],[94.03648111128919,26.710920086207235],[94.03596455305133,26.70951631015404],[94.03804004224335,26.709147579816822],[94.03857747104017,26.709445740008203],[94.04000431820656,26.709735370065733],[94.04041690812832,26.709000040162675],[94.04069911567146,26.707727643344704],[94.04156958677503,26.706085565992325],[94.04158499467879,26.70554852725381],[94.04003801580947,26.704794016357862],[94.04054113435235,26.703900768068262],[94.04055723934874,26.702402497187105],[94.04206928094005,26.702899842633784],[94.04246621322642,26.70294070075409],[94.04274813780023,26.702033766288164],[94.04345310060093,26.699764238921688],[94.04369685306337,26.698616968771763],[94.04393193139344,26.697643546704498],[94.04292294725961,26.696361349828916],[94.042435309384,26.696744639727957],[94.04129905194071,26.69784963625969],[94.041189742242,26.696233994743576],[94.0419640783388,26.695354440861355],[94.04223104506481,26.69426708629302],[94.04278396261377,26.69389733628116],[94.04463740174225,26.694534654642837],[94.04564683233882,26.695176079365915],[94.04623969707015,26.6951853698366],[94.04424808716946,26.690734699818616],[94.04391694479956,26.690179441164553],[94.04342654280786,26.687399359893174],[94.04382356402745,26.687228043377168],[94.04495287390037,26.688618631122925],[94.04507844400405,26.688632205653775],[94.04665160427233,26.687685463928535],[94.04866594514293,26.687853460945234],[94.04833512257325,26.686734144206433],[94.04805443587787,26.685799841916122],[94.04853740880218,26.684730564671433],[94.04897981290993,26.684193853080696],[94.04903110671266,26.682573732605885],[94.04745413309602,26.681936670027948],[94.04430373420807,26.682968318003926],[94.04358086079725,26.682146550833732],[94.04336021390225,26.68159586884229],[94.04339576472961,26.681027344209337],[94.04405384625221,26.681054804102573],[94.04492266265905,26.68141178371793],[94.04544028180723,26.68114128614802],[94.04499881823558,26.68017984072899],[94.04490877919633,26.67956152003606],[94.04506516690414,26.678686163127878],[94.046277015782,26.676836546334425],[94.04806185865706,26.674405194378735],[94.049116479004,26.674816417649208],[94.05166234943495,26.67617601937436],[94.0515364038355,26.676753601702288],[94.04986750022591,26.678639082768477],[94.05006334373766,26.678806197327493],[94.05093227423053,26.678919461617895],[94.05134547680333,26.6790221152103],[94.05307186360791,26.679457581848457],[94.05392127191304,26.67883519167373],[94.05414283778461,26.67778836925586],[94.05412854019853,26.67665565386546],[94.05397369669468,26.67505358667202],[94.05362754886626,26.674371984680644],[94.05232223926627,26.673238630107278],[94.05250842768531,26.67258881871814],[94.05549784577937,26.671471182343527],[94.0560805146322,26.67144438078948],[94.05668891482807,26.670515040955276],[94.05676453411037,26.669937446298885],[94.05672010074147,26.66863324506153],[94.05649916818216,26.668506742826604],[94.05571021380075,26.669088518208092],[94.05483051340596,26.670162101932704],[94.05421775188938,26.670134775079486],[94.0538060899273,26.669778048346554],[94.05283245360155,26.668518494296585],[94.0527973860678,26.66823417164014],[94.053415904887,26.667092784664224],[94.05613823857576,26.667166319943668],[94.05640490885773,26.666448918063054],[94.05624954702598,26.665898286305286],[94.05593390688291,26.66442700465788],[94.05606023426637,26.664070540247817],[94.05665801457891,26.663037412774614],[94.0571754091483,26.66289773134834],[94.05752190731965,26.66302421170504],[94.05777275916783,26.663520791315133],[94.05791318021977,26.66395855208625],[94.05839983533842,26.66483875520045],[94.0587312049821,26.665222561302397],[94.05792732599055,26.665533556336825],[94.05739494033574,26.665573864306168],[94.05673168900863,26.665997784695787],[94.05764010674645,26.667225668000405],[94.0583032080549,26.666946190000992],[94.05912227126969,26.66645021613467],[94.06045846584747,26.66608070102528],[94.06192538057046,26.665756428860128],[94.06389033116844,26.663717526697933],[94.06437740130873,26.663988528799123],[94.06513551472986,26.66458452917691],[94.06567734706817,26.665843792708984],[94.06572710205681,26.666818554802518],[94.06574171674819,26.667698618649606],[94.0664798417559,26.668109565066946],[94.06665573278686,26.667938120829135],[94.06701820929219,26.66629567084966],[94.06857019806584,26.666422572905375],[94.06997157709559,26.66626971660397],[94.06992179695413,26.665502502709828],[94.0685709993631,26.6646129772354],[94.06800359468353,26.66434201113694],[94.06711997134587,26.66358350092583]]]},"properties":{"revenue_ci":"Jorhat West","district_3":"JORHAT","object_id":276,"district_1":"Jorhat","revenue_cr":"Jorhat West","HQ":null,"area":363550691.9,"are_new":364}},
{"type":"Feature","geometry":{"type":"Polygon","coordinates":[[[94.23906752934853,26.86615885735687],[94.20413572475358,26.84784954294881],[94.20280124416136,26.822493106269988],[94.18824847367657,26.814553479688524],[94.2008150762547,26.768981472394522],[94.19128638642292,26.753389733040784],[94.22299688810456,26.745842406243128],[94.23389838964171,26.709757729825107],[94.23417434041892,26.709641743741724],[94.23636860306114,26.70886741335936],[94.24619833990421,26.707068904381085],[94.25007950390271,26.705237544267998],[94.25542103210915,26.703093718148473],[94.25592797478016,26.702286254833844],[94.26439998981797,26.698335575006926],[94.27783046178067,26.69142117362418],[94.27959170411661,26.691126003260095],[94.286373124824,26.691581002007347],[94.3004803390127,26.690694045192945],[94.29665177586564,26.696059536656808],[94.29706617229948,26.698394976661056],[94.29622090792279,26.70017391171733],[94.29401519625222,26.700939931697924],[94.29341187513103,26.702221958271366],[94.29450697895452,26.70440550119098],[94.29225394403484,26.70564141464035],[94.29136428761174,26.707469089706716],[94.29193425518478,26.711178412940836],[94.29000552555736,26.71175775418139],[94.28803576537936,26.71153475091922],[94.28565956155275,26.713005727917324],[94.28533600186215,26.714109924751412],[94.2835010186212,26.717277720863077],[94.27979799323843,26.71936237470705],[94.28102183103206,26.72180286533336],[94.28097299322333,26.721903520890752],[94.27950534637337,26.723822043070484],[94.27902769057727,26.724447794892352],[94.27932978502417,26.727554681286126],[94.2780516027491,26.732999899707654],[94.27777801813438,26.734547236850982],[94.2742786381316,26.73491153492762],[94.27194785761735,26.737228746355417],[94.27209996036126,26.74524094430791],[94.27102356036025,26.76121258964928],[94.26978398228621,26.76397559181394],[94.26802384128482,26.767921815935242],[94.26745018882248,26.76903373027268],[94.26707648876597,26.77422795884901],[94.26729503899315,26.775385339243904],[94.26760180917107,26.776357983104383],[94.2694579243808,26.779622198890138],[94.2718070898157,26.78029088222188],[94.2810424437746,26.782796200678597],[94.28308587389073,26.783439681978653],[94.28945645908605,26.78556657991569],[94.29025118424487,26.785827499706382],[94.29794392424841,26.788695585886057],[94.30123329071417,26.789675543670434],[94.30437878839392,26.790864772334384],[94.30702444997485,26.79165219560207],[94.31003870289325,26.792687692202936],[94.31380688308353,26.793799372009214],[94.32857787321547,26.799371141702565],[94.33362142125902,26.801363062837957],[94.3418926969668,26.804537321662036],[94.34895904890928,26.80702082490513],[94.35366461301369,26.808786819072225],[94.35685139636557,26.809887490163423],[94.36250782540161,26.81161918208066],[94.36672501770687,26.812866222927333],[94.37938386019671,26.817060053806276],[94.38085652773077,26.818562209710745],[94.38010655574111,26.82182773808369],[94.37815749634052,26.82669497724255],[94.37789876986056,26.827454913153645],[94.37567170793068,26.829131834705926],[94.37157489167015,26.829372543334443],[94.36824442009359,26.827624855233225],[94.35940710065393,26.822081805182094],[94.35884455855502,26.821881599012514],[94.3569388608332,26.822211425094384],[94.35660546908181,26.82477974516354],[94.3566500901986,26.82896015777934],[94.35652020638494,26.829146361616292],[94.35610732900226,26.829881668387248],[94.35599493628547,26.8302213333857],[94.35304482218002,26.83180924861256],[94.35184484903024,26.83321720994565],[94.35076252014838,26.83588104889109],[94.34966454710585,26.839286872851762],[94.34930720626897,26.840344463209213],[94.34627694627052,26.852770301905466],[94.34304534237585,26.86118312506629],[94.3417309031976,26.864054342623216],[94.34056558435654,26.86835832377753],[94.33536581209854,26.885128231653965],[94.27129693836247,26.868868267153296],[94.23906752934853,26.86615885735687]]]},"properties":{"revenue_ci":"Jorhat East","district_3":"JORHAT","object_id":277,"district_1":"Jorhat","revenue_cr":"Jorhat East","HQ":null,"area":195465666.5,"are_new":195}},
{"type":"Feature","geometry":{"type":"Polygon","coordinates":[[[95.10935789278463,27.12363873037319],[95.10771885366667,27.120403322360726],[95.10788675058991,27.118574773718567],[95.10667110992324,27.115992660686487],[95.10001347975697,27.122263497017038],[95.09829299308717,27.123007570850774],[95.0964373818323,27.121323537645093],[95.09626548560946,27.118286884112973],[95.09239042476496,27.111544843213014],[95.09063296613299,27.11449031961377],[95.08915029585825,27.11613678284128],[95.08703956485934,27.11506738416334],[95.08822405195193,27.109853180999732],[95.09212994028202,27.10572874587574],[95.09099839989227,27.10462229311596],[95.08083490388688,27.101435398916735],[95.0728251448263,27.096004550865484],[95.0712685207458,27.093524753893053],[95.07017278630492,27.091933412696292],[95.05695148525952,27.086965705686204],[95.05101881529048,27.082012203140586],[95.05246356677875,27.080408140244952],[95.05193797598074,27.078907902768744],[95.07074680168665,27.06995527522012],[95.06176920582381,27.037455186137084],[95.07864037444499,27.03628339871723],[95.09379751258837,27.0064560636512],[95.12653475001218,27.008475510086758],[95.14231675087728,26.995640698137887],[95.19170141622945,27.034139177242867],[95.23336065098657,27.037194967353923],[95.24634302711584,27.023901568254054],[95.27540662574485,27.04182212080759],[95.2779757589484,27.054986923292265],[95.31671454107246,27.082908909975075],[95.36966726263084,27.10987817716134],[95.3709682666057,27.11060466105271],[95.3720221503341,27.1125766878747],[95.3716892526561,27.113876226157664],[95.36752901264154,27.115184750258013],[95.36499256194465,27.115644823938172],[95.3649066551557,27.117941749026407],[95.36373126889524,27.123248341065562],[95.3634587990898,27.125490944075352],[95.3617992792817,27.12830208132978],[95.36445190999257,27.129895267131143],[95.36586897540383,27.131948488024005],[95.36720026068858,27.137219109651525],[95.36695806141324,27.13854123134347],[95.36608525468993,27.142146642301213],[95.36481393644198,27.146122038219133],[95.36312396733899,27.14846846986207],[95.36149682461034,27.150336321196917],[95.35902235497312,27.154532758263926],[95.3590520164455,27.159126430966356],[95.35934917375158,27.16399545985047],[95.35884444183446,27.165768757829856],[95.35431350123814,27.16919766192994],[95.34457360580495,27.18036870709929],[95.34406363491311,27.18195252730414],[95.34237293907306,27.183193075149152],[95.33856828099405,27.183706555950437],[95.33573701130574,27.185370876978965],[95.33492446087673,27.186124204981525],[95.3329611532974,27.187233747294368],[95.32948456984164,27.187124402004848],[95.3283693293827,27.18723232575274],[95.32617414956057,27.187876875153815],[95.32460476401312,27.187984659136806],[95.32336884926879,27.18729831514966],[95.3201694167394,27.18798296832071],[95.3192914438049,27.187766020263833],[95.3171776693138,27.18687172664592],[95.31633505137393,27.18676307619346],[95.31468123407124,27.184285049080593],[95.31399037392222,27.183580848153227],[95.3136572750216,27.183770230863587],[95.3125109968713,27.185335571970548],[95.30951675931571,27.18903894189781],[95.30708380801428,27.19038243668332],[95.30487846105974,27.190570908123018],[95.30231514983757,27.190515448870208],[95.30246532479687,27.192379219270205],[95.3036398908955,27.194405906852587],[95.30315503779731,27.19510508237141],[95.29968341304188,27.194728717803784],[95.29784099893683,27.195427192165628],[95.29732619870204,27.195589318183444],[95.29356708790287,27.195018614123253],[95.29009482085198,27.195553565768886],[95.28388172739395,27.197429640382225],[95.2827613009609,27.197141887647508],[95.28596817333747,27.193953673035235],[95.28618442208088,27.193033808257205],[95.28149700304687,27.19423057215195],[95.28038719559876,27.193832710183912],[95.27974911686256,27.190357715019985],[95.27905404541148,27.18879141680063],[95.27869097601805,27.18854750369715],[95.27561184137991,27.189840430197744],[95.27407384386684,27.18857136277883],[95.2728934000913,27.18824559026574],[95.27198955477832,27.188921838748282],[95.27048926135433,27.19074829172945],[95.2693419672094,27.192719339051546],[95.2650861293806,27.18947619265049],[95.26672322005271,27.187108379879696],[95.2664511410144,27.186702139009782],[95.26032091264975,27.191209653187002],[95.25983581880307,27.19180489113824],[95.25859473155934,27.191614416202444],[95.25859949622361,27.186858258313745],[95.25863159572367,27.18504887797993],[95.25818346575429,27.184186546944687],[95.25601149570413,27.191255740965843],[95.25510145560894,27.192874980904154],[95.2518127601847,27.191577050057525],[95.25003202800038,27.191061066135074],[95.24636528916524,27.191743334260384],[95.24609796490972,27.19206328039473],[95.24489087800119,27.1910309878542],[95.24490975430025,27.18989392812156],[95.24435892802929,27.189131764866204],[95.24420755471739,27.18906420001911],[95.24352626342275,27.188965560670482],[95.24294096160783,27.188997638744375],[95.23970395793997,27.1864779720319],[95.24164413030748,27.184220139868223],[95.24175975695924,27.18382750980664],[95.241759571008,27.18360641596062],[95.24164301639651,27.183132713762607],[95.24124385718653,27.1826095508112],[95.23842608738033,27.180337639025574],[95.23812293112476,27.179927349131603],[95.23685115563433,27.17957635664027],[95.23636191516428,27.179743752729763],[95.23469304928395,27.180864087396813],[95.23350247161373,27.18101849198454],[95.2324573266964,27.180256670844482],[95.23240173086181,27.180121376927858],[95.23238885800376,27.177305672904506],[95.23291764770252,27.17630352264997],[95.23892566296772,27.17068538831815],[95.23638680478585,27.169464562225425],[95.229998592848,27.173336647806803],[95.22831364083589,27.173441667134366],[95.22724882640712,27.173085955129668],[95.22694587317083,27.172865123705737],[95.22598399309719,27.169269436187065],[95.2256045033987,27.168064903988093],[95.22519029201779,27.167437968211953],[95.22407471828392,27.16665815594791],[95.22269203678847,27.16621687882848],[95.2217483449044,27.16591076261687],[95.22153644670193,27.16581161127938],[95.22051174294891,27.165185097628672],[95.21750076438973,27.165967814157455],[95.21666878070617,27.166491744047566],[95.21623527081803,27.166952345053314],[95.21609511117583,27.168256462888202],[95.21668061601004,27.16851332426229],[95.21927934960053,27.169341880124254],[95.21935528598812,27.169630594073364],[95.21935547822758,27.169797518372548],[95.21582519797569,27.171275399634432],[95.21423146628739,27.17180440097541],[95.21385329531573,27.172107010225012],[95.21171598406586,27.174296813645096],[95.21051984492571,27.173706454679955],[95.20971040536256,27.170940907067767],[95.20965371717655,27.1693977087407],[95.2097845172718,27.168851573946945],[95.20984398035372,27.168767424608497],[95.20993568307289,27.168630416063845],[95.21012721826449,27.168481420119686],[95.21042989931128,27.168481196343098],[95.21316073824912,27.170325041025233],[95.21342308044807,27.170410622933314],[95.21382146980183,27.17022539011873],[95.21386184997219,27.170207239722302],[95.21378490836976,27.168578369683903],[95.209941416121,27.16312076013435],[95.20961831007962,27.162782607379032],[95.20937604971886,27.162575181281],[95.20876543517585,27.16235890634652],[95.20540613576352,27.162866323243584],[95.20304715623418,27.16292146215547],[95.20034676299794,27.163478290189378],[95.19884862912389,27.163564814851405],[95.19809178592058,27.163312563292912],[95.19786455167959,27.163109582756007],[95.19767774701624,27.16276680235003],[95.19777788761087,27.161683722141188],[95.1978810321718,27.161478304121243],[95.19808020394164,27.161173671921958],[95.1984229435619,27.16068170498263],[95.19784085771566,27.157834720796934],[95.19632678144023,27.156630679894004],[95.19539778599425,27.15536311876712],[95.19511520924351,27.155209864049446],[95.19490323917582,27.15512427528612],[95.19452492806694,27.155106375812334],[95.19331461620654,27.155580766849315],[95.18924999915903,27.157297475810836],[95.18957307196276,27.157703425673077],[95.19397245698069,27.15888806790184],[95.19431081282232,27.159415840317607],[95.19425566884031,27.159975340983635],[95.19376159094249,27.160363726162938],[95.19347241876093,27.16042939336083],[95.18987172137055,27.15948562989012],[95.18921091166439,27.15953555366146],[95.18890326113747,27.159689202875523],[95.18787531087301,27.16074034891813],[95.18556203223542,27.162386298098987],[95.18502578202822,27.162795372885558],[95.18426431789113,27.163165785336417],[95.1835276670188,27.163012638833045],[95.18269468081542,27.161812728329732],[95.18267432499105,27.161573531784743],[95.1826741821589,27.161117835196865],[95.18217155499454,27.155233898909827],[95.1827864625863,27.154286075035824],[95.18477320002485,27.153026242234688],[95.18574151203589,27.152741542675347],[95.18634657858374,27.152195275262542],[95.18627059099218,27.151757637057127],[95.18469643539055,27.15107695893811],[95.1844694212368,27.15104541031033],[95.18072160765061,27.150911625293322],[95.18017178839108,27.150844196375445],[95.17917779085111,27.150266967938634],[95.17883971258887,27.149897114607985],[95.17826902636362,27.14855717477422],[95.17691081767147,27.145620120831445],[95.17657258130573,27.14507871393899],[95.1765523719068,27.144875642711867],[95.17660766680581,27.144586879953785],[95.17675887213275,27.144352158192817],[95.17708158201711,27.144130978973518],[95.17948700085338,27.143195995723147],[95.17982978089779,27.14282126911461],[95.18001984464898,27.14240744395632],[95.17923900834278,27.141567109844654],[95.17827555981069,27.141278655898336],[95.17653017723109,27.140873205934334],[95.17410312606442,27.13836517734861],[95.173724727819,27.13816227379231],[95.17279675375745,27.138180670820823],[95.17243884788027,27.138550837928936],[95.17232287986864,27.13872234136116],[95.17206121410112,27.139994911695293],[95.1721572961073,27.140757472791968],[95.17438396098183,27.145977515058043],[95.17309303161288,27.146672898862075],[95.17182665679394,27.145757307885727],[95.17097401006222,27.145265731885676],[95.1703686686299,27.144927530671367],[95.16923836701693,27.143795215627687],[95.16895059171566,27.14328542826183],[95.16964027237672,27.140045366188467],[95.17018908013328,27.137910784278247],[95.16948761177902,27.136891275055003],[95.1682216492868,27.136675000761347],[95.16782326891618,27.136675159847865],[95.16631021222861,27.136675588342147],[95.16515014224376,27.13645487518912],[95.16428235620457,27.13580980506923],[95.16402389472763,27.132434655886215],[95.16375656957383,27.13211431900739],[95.16302014597525,27.132028826078123],[95.16239500567409,27.132538871842065],[95.16040361316574,27.134673737800867],[95.15959150740281,27.134317490609252],[95.16064989169075,27.13216484581109],[95.16388658993142,27.12936623200764],[95.16398218415237,27.12854954305255],[95.16294310915144,27.12802631226693],[95.15765839040355,27.12938594563111],[95.15666116072516,27.133826403923717],[95.1542763716994,27.1361507847239],[95.15136056605127,27.133525216314915],[95.15066920284569,27.131557919862047],[95.15070401435959,27.12962206832826],[95.15123822179781,27.128453271892983],[95.15420774490327,27.125298525928233],[95.1540764273784,27.12454943278027],[95.15347113535344,27.12417955431544],[95.15280553672852,27.124112041311687],[95.15229625035292,27.124297125121647],[95.150073288334,27.12818273266966],[95.14967500498142,27.128895807061312],[95.14844999758128,27.130759605190043],[95.14800710479001,27.13492911828724],[95.1468877859797,27.136183783731322],[95.14181927195774,27.13682978782406],[95.13686681398234,27.13837352726484],[95.13457698856016,27.138509050835083],[95.13292769607156,27.13718707505748],[95.13239784995405,27.133762251238114],[95.13175224782735,27.13371259016207],[95.13142475171915,27.137665467339737],[95.13138950631901,27.138175410644376],[95.13123820936389,27.138545416287794],[95.13051703376898,27.138919919006934],[95.12998744007805,27.138852311778354],[95.12875675173207,27.138342448305824],[95.12798005037114,27.137764854708145],[95.12683005589048,27.136546540335285],[95.12596256539703,27.134813845865313],[95.12553376717256,27.132341052673862],[95.1254783447128,27.131763500820686],[95.12530679344296,27.13120389405987],[95.12016278230962,27.13077971990272],[95.11908353015761,27.13200257731017],[95.1189119725996,27.132358994967838],[95.11779731963887,27.135648477999176],[95.11707608655173,27.13618995215753],[95.11667769719797,27.13618989060118],[95.11572957122966,27.135612308265607],[95.11439330837993,27.1312397022609],[95.11602249208087,27.127932261646183],[95.11585607378461,27.12732306933675],[95.11420705977375,27.127322891049015],[95.11298651340732,27.1286268926671],[95.11333390360578,27.13563016609372],[95.11325821335657,27.135986673715298],[95.11270849291171,27.136306953132024],[95.11211940379954,27.136348940907048],[95.10799091743364,27.13572201738539],[95.10662396094723,27.12957041390757],[95.10935789278463,27.12363873037319]]]},"properties":{"revenue_ci":"Sapekhati","district_3":"CHARAIDEO","object_id":278,"district_1":"Charaideo","revenue_cr":"Sapekhati","HQ":null,"area":394328380.8,"are_new":394}},
{"type":"Feature","geometry":{"type":"Polygon","coordinates":[[[94.95741744211,27.063543620157468],[94.96116488918352,27.056809615744303],[94.96222393642816,27.053804070608823],[94.9574574386997,27.056362197241157],[94.95552426420828,27.058916923200773],[94.9532634489799,27.05903238497498],[94.95301297622083,27.05755400289248],[94.95835029761678,27.04694826371807],[94.94986055881844,27.05017624987539],[94.94848454731402,27.048638165159005],[94.94680524301008,27.04392411791545],[94.94597609620621,27.04353584384824],[94.94340743371984,27.045449953196304],[94.94116825621175,27.0485678488141],[94.938353647577,27.044963526885592],[94.93831814795361,27.041528293973286],[94.93948497686266,27.037544399088763],[94.93807255124989,27.036344578691097],[94.93230217541162,27.048945223909648],[94.92999828506706,27.048697339854566],[94.92658094101267,27.044281031141743],[94.9260511910149,27.041802206145597],[94.92539568316556,27.041023241649786],[94.92416102606266,27.04138204115861],[94.9238661396976,27.042270547813445],[94.92215672476365,27.045771755721503],[94.91912868629889,27.046612331282535],[94.91260655711179,27.04698096018774],[94.91001418808504,27.047127451327896],[94.9062185679561,27.045373750253948],[94.90649827189456,27.04388973876152],[94.9071389395754,27.04049046782575],[94.90520460176569,27.037370884365366],[94.89577509043283,27.03803204815044],[94.89383130773624,27.038617337366723],[94.89397888297111,27.040806710975666],[94.89512913706488,27.042333207115774],[94.8929810738794,27.046543304186343],[94.88446568009485,27.044213990834876],[94.86988771635788,27.038219944235557],[94.86782017725615,27.031772791890308],[94.85496054423236,27.029581252033367],[94.83969010517548,27.02652680714538],[94.83696993373162,27.022745044880445],[94.83473628894734,27.017715366968794],[94.82728577606687,27.01593314269816],[94.82349124918765,27.01387053530662],[94.82151624464498,27.011705924351055],[94.82086625424813,27.010819291148692],[94.81985728179237,27.00878160780466],[94.82088480176381,27.004400920304768],[94.82047073231674,27.003286517208164],[94.81845643276864,27.002907752087616],[94.81572951767195,27.004591360202063],[94.8142064744134,27.003861457699955],[94.8132749358368,26.998568545345094],[94.8097442522413,26.992331009874942],[94.8095066909678,26.991590107055035],[94.80367814741827,26.991772929826386],[94.80098288086735,26.99198151917038],[94.79534054370318,26.98851316538325],[94.7938345980794,26.991414834781445],[94.79336243458295,26.994816780931274],[94.7850161531422,26.992438488302177],[94.78492614105242,26.992025707056964],[94.78377623730162,26.990265824982664],[94.78241649428698,26.98961228484782],[94.78200691282308,26.989349308874964],[94.78014146591416,26.98488278435102],[94.77759405307587,26.979944264041123],[94.77184416870756,26.973379391890244],[94.76879511685169,26.97096726706607],[94.75224767500771,26.952468490175036],[94.74781302213175,26.948974393869946],[94.7457852379729,26.947402354277504],[94.74193871211344,26.94414073972671],[94.73373862789194,26.932608435351316],[94.73375548477823,26.932602689809983],[94.73650350399588,26.93121540931456],[94.73777947911027,26.930437251802015],[94.75320547493332,26.923021992945202],[94.75546061011416,26.922767647954572],[94.76146960633965,26.92276259794085],[94.77239896732873,26.92311664380376],[94.79416040625318,26.922833081855078],[94.80175998916513,26.922705852751232],[94.81734654537051,26.92418645898063],[94.82688963429796,26.92551414993018],[94.83984658630807,26.92758169799139],[94.84804868006088,26.92922184608042],[94.85596748919052,26.936335274242325],[94.86987506807868,26.946742286372892],[94.90845437229035,26.968658691040766],[94.92660043984424,26.980537654690732],[94.93461355141747,26.983166933876777],[94.93848963364641,26.98187810596936],[94.9401583800508,26.978041821315507],[94.93847184969871,26.974328500290742],[94.93720021434547,26.972873877979616],[94.93693665582761,26.972505038780067],[94.93878272607584,26.970162070959535],[94.94104725404128,26.96089088729514],[94.94182672400994,26.9594375230341],[94.93966773012407,26.958527164704137],[94.93475496959937,26.956631813136507],[94.92937112175989,26.95323785887467],[94.92775924679782,26.950764925756143],[94.92530312884351,26.949816980070043],[94.92373297972809,26.94707741137421],[94.93075954079502,26.932656062305757],[94.9552329549347,26.940148555751104],[94.98202797509461,26.913352897282273],[95.01730191923522,26.92141795986721],[95.03533181575825,26.936200038970494],[95.0808656208797,26.950201260936694],[95.108274689842,26.977034336385117],[95.14231675087728,26.995640698137887],[95.12653475001218,27.008475510086758],[95.09379751258837,27.0064560636512],[95.07864037444499,27.03628339871723],[95.06176920582381,27.037455186137084],[95.07074680168665,27.06995527522012],[95.05193797598074,27.078907902768744],[95.03988773041782,27.078992826799002],[95.03961060105098,27.077556077843447],[95.04144505428596,27.07437051717033],[95.04067914169157,27.072713330829608],[95.03572030208434,27.072605973202723],[95.03387844583312,27.07197286778976],[95.03260166223498,27.067431025856227],[95.03260249676984,27.067429374012644],[95.0296445529484,27.065746411113818],[95.02694052872177,27.065465793117575],[95.01621895793939,27.066321424631973],[95.01563152711722,27.065623887207504],[95.01504419421143,27.064926246251037],[95.01461309719814,27.0628679826724],[95.0127779863964,27.061968437233464],[95.01189094407079,27.062434577235635],[95.00982369781984,27.06459904464614],[95.007960635938,27.071718129142212],[95.0063867273731,27.07044207630736],[95.00255012610087,27.064788433736847],[94.99240778003056,27.06177055175592],[94.98038472557296,27.067894156246474],[94.97696681019005,27.066751776915734],[94.97612754206784,27.065029166757675],[94.97498233381106,27.06060950267199],[94.97158411219411,27.063827256375472],[94.96666160494857,27.064764674624058],[94.96579292957725,27.064046316059926],[94.96892702404278,27.05873946079009],[94.96863256437747,27.057832815902504],[94.96084187926186,27.064118257796522],[94.95741744211,27.063543620157468]]]},"properties":{"revenue_ci":"Sonari","district_3":"CHARAIDEO","object_id":279,"district_1":"Charaideo","revenue_cr":"Sonari","HQ":"y","area":384542831.4,"are_new":385}},
{"type":"Feature","geometry":{"type":"MultiPolygon","coordinates":[[[[94.22459130700403,27.035135395665876],[94.22794091089946,27.005922159822024],[94.21069536129876,26.97714030434326],[94.29195268322451,26.972867410750645],[94.31955885244163,26.955104861055162],[94.38028358134424,26.985731232989217],[94.40158727832579,27.02997951594036],[94.43673479536993,27.048985581932236],[94.47641696844241,27.056747883725826],[94.49081518827415,27.077078253233744],[94.47263546084656,27.101104111166144],[94.52271109773888,27.111112563197985],[94.55456879017646,27.128527395640436],[94.53377943528892,27.13786600391243],[94.5099368199384,27.125321733331653],[94.50519621524968,27.12075623260966],[94.49873986789416,27.121840919203112],[94.49737106087831,27.12196657096759],[94.49659554619184,27.121948974803914],[94.49554655379018,27.12192282601051],[94.49216623469853,27.125161057122696],[94.4883367561682,27.13328223694944],[94.48703186787806,27.134659598833895],[94.48239486858604,27.13789869303764],[94.47971797797257,27.138890141645533],[94.479610287038,27.138879840398566],[94.47394223020889,27.127440517713573],[94.47228662256386,27.120036678751912],[94.47066468197904,27.116423274726316],[94.4657116248273,27.11256644577322],[94.46323804901378,27.11189767665541],[94.45897245188776,27.112410228221787],[94.4581155543281,27.112947827289393],[94.45124052377822,27.11730170614129],[94.4434144962444,27.11799166896808],[94.4406566808986,27.118886515764867],[94.43750001356659,27.11968552124774],[94.43707665823443,27.11972743770743],[94.43576539909232,27.119574708204695],[94.42990922156801,27.11697782939605],[94.42952579724856,27.116716646997528],[94.42592320980279,27.112119429783295],[94.4257559147508,27.110106966945196],[94.42563897476208,27.108044784251803],[94.42517701972046,27.101632741748325],[94.42478959430474,27.100046456262877],[94.42418220471357,27.098244161972666],[94.42264306723838,27.095397316794614],[94.41931304661611,27.09317205208014],[94.41712630377114,27.092646581332218],[94.41570460395135,27.092597265889967],[94.41036589286165,27.09392096979443],[94.4102825678308,27.09394867581666],[94.40487601327588,27.09631381587494],[94.39418771698996,27.09850437505625],[94.3931339949583,27.09863080634287],[94.38628163878452,27.096415942228216],[94.37940467955174,27.09771598961861],[94.37645007207324,27.098478655822788],[94.36575612897741,27.097639132847387],[94.35475598164224,27.09000291703369],[94.35163063497097,27.08694746179267],[94.34898422239847,27.08524123312679],[94.34233535529779,27.082947557771156],[94.3417484005827,27.082751292157806],[94.33878155894837,27.08187734377534],[94.33807079392926,27.082003476302013],[94.33550941138996,27.08284207111529],[94.33101662763364,27.08569269531592],[94.32919624381266,27.087095477899783],[94.32711859057916,27.08851618904377],[94.32646306296687,27.08877320884728],[94.32163394457825,27.087192069361244],[94.32043968561202,27.085995895185093],[94.31847980780043,27.08349972367494],[94.31771492557368,27.08069711984821],[94.31683515600861,27.075633797823713],[94.31517976395921,27.072228060995847],[94.31214448597156,27.071101267845577],[94.30995669389434,27.071402517852768],[94.3086509477131,27.071812566948594],[94.30643210087649,27.07328711519181],[94.30216375310906,27.079390441826718],[94.30071456484156,27.0830809130005],[94.29821155662606,27.086924223238093],[94.29582126811412,27.087915691692658],[94.29257897696253,27.088703446318952],[94.2870617679309,27.091069189791416],[94.28023262422404,27.094548533829098],[94.27759016513713,27.09525963771549],[94.27605713800249,27.095439060813565],[94.27045693362174,27.094058761682337],[94.26880913772641,27.093195605235998],[94.26161782024647,27.089927544929],[94.25721437843671,27.08848532017121],[94.25579139492437,27.08837045737113],[94.2540575503063,27.087886159084103],[94.25164537793572,27.08541568794525],[94.24655143620134,27.080988002295722],[94.24020020700544,27.07580208864639],[94.2386867757204,27.074890660910096],[94.23229031994322,27.06620110996908],[94.23165996132853,27.06475205791798],[94.22820750212972,27.059628421194375],[94.22730348434014,27.057724797633185],[94.22638418800426,27.055505408931047],[94.22556468192003,27.046665848934857],[94.22515465040016,27.04467165488556],[94.22366913066932,27.040336211684288],[94.22190162078765,27.03613625730692],[94.2224454455893,27.035621413281017],[94.22398801822216,27.036351455945063],[94.22444610242317,27.035755416901893],[94.22459130700403,27.035135395665876]]],[[[94.54094468635428,27.10319221185315],[94.51114347835055,27.09977178270942],[94.52160559411931,27.062863554911374],[94.54328024321089,27.091465455966784],[94.54094468635428,27.10319221185315]]]]},"properties":{"revenue_ci":"Ujani Majuli","district_3":"MAJULI","object_id":280,"district_1":"Majuli","revenue_cr":"Ujani Majuli","HQ":null,"area":322168126.6,"are_new":322}},
{"type":"Feature","geometry":{"type":"Polygon","coordinates":[[[94.56755479460118,27.179143785122843],[94.56372785920142,27.182316445803806],[94.56123951598293,27.183741247771113],[94.56015571296568,27.181886140785732],[94.55990937605016,27.180360795841036],[94.55953141977584,27.179440158889125],[94.55903770389907,27.17835240490168],[94.55609324917991,27.17446131191115],[94.55362664519129,27.17360720237913],[94.54815748614593,27.173793872871947],[94.54536309499498,27.172601011063396],[94.5441675316749,27.172379279609057],[94.54247758862309,27.172116588350477],[94.54113112001339,27.171231315143814],[94.53908428887557,27.169208534204795],[94.53591699896538,27.167812243012875],[94.53329961634957,27.166465866219113],[94.52963851444285,27.164699053067867],[94.52788370673929,27.16367805872394],[94.52430035042713,27.159645909878208],[94.52408894809469,27.15908627568233],[94.52483216565176,27.157164412840512],[94.5271485794097,27.15594323269196],[94.53112615599437,27.153003747175177],[94.53274214703707,27.150762173270817],[94.53281556634525,27.14722450898174],[94.53180743022104,27.14637546129467],[94.53021499210676,27.144605491755545],[94.52968569126662,27.14421711333918],[94.52114166727566,27.143565715355425],[94.51561853744802,27.143602263020355],[94.51320798833314,27.143140041295688],[94.51064654919998,27.142185985098575],[94.50899645092258,27.13792029738566],[94.50903910113564,27.135573848131823],[94.50951419493656,27.134658198207866],[94.51020311202963,27.13164893186255],[94.51043191922074,27.129835170343306],[94.5099368199384,27.125321733331653],[94.53377943528892,27.13786600391243],[94.55456879017646,27.128527395640436],[94.52271109773888,27.111112563197985],[94.47263546084656,27.101104111166144],[94.49081518827415,27.077078253233744],[94.47641696844241,27.056747883725826],[94.43673479536993,27.048985581932236],[94.40158727832579,27.02997951594036],[94.38028358134424,26.985731232989217],[94.31955885244163,26.955104861055162],[94.29195268322451,26.972867410750645],[94.21069536129876,26.97714030434326],[94.22794091089946,27.005922159822024],[94.22459130700403,27.035135395665876],[94.22377574093062,27.03186122998384],[94.21987576531173,27.03002316796644],[94.21637289804904,27.029068885772357],[94.21231644219587,27.028782569045315],[94.20635524712328,27.02849737587195],[94.20418357261887,27.028620503661468],[94.20055177914661,27.03035535075114],[94.19240228444865,27.036018253906068],[94.18846656127133,27.035731281971255],[94.18695217328055,27.03104797026211],[94.18696588606333,27.028660893797724],[94.19158797691492,27.01469233774907],[94.1919236171495,27.011497369994032],[94.19163542323328,27.009715055915375],[94.18913032733307,27.004791530683818],[94.18691058667277,27.00220383609665],[94.18513843789096,27.00058360799063],[94.18476769778333,27.000527074079482],[94.18372049123244,27.000125488955383],[94.17082513400639,27.001426376265055],[94.16487155395247,27.00015562815967],[94.15818174703102,27.000184557946234],[94.15510223510049,26.99713470164629],[94.15051445360454,26.99429274015483],[94.14869987918848,26.9936703721243],[94.14634600478489,26.99315633727886],[94.13810686091652,26.989772932003877],[94.13394242576958,26.98823002413765],[94.1371999828911,26.980662143902705],[94.13795388231522,26.97730475198092],[94.13751824701313,26.974529297845802],[94.13436140091639,26.96902902079476],[94.130884664747,26.968904055955598],[94.1268831426701,26.968893965665682],[94.12284024778445,26.970328988282994],[94.11804710602465,26.970058113989513],[94.11095686518387,26.970869823818486],[94.10275287418918,26.969812878887982],[94.09988688281851,26.968729387248995],[94.08450918401842,26.959969990826195],[94.08286175104243,26.959783772710637],[94.0667140469235,26.977433602246002],[94.05995229033772,26.9828998649575],[94.05529119014489,26.980858006031717],[94.05209370067148,26.979502617938643],[94.04648314230879,26.978362435138752],[94.04292355272408,26.977060846396785],[94.04087286422046,26.975624655880548],[94.03900428308953,26.97247821225888],[94.02790003269105,26.9593530786844],[94.02636221933258,26.958539706063934],[94.02497997801164,26.951747374909413],[94.02483364514683,26.946079479110065],[94.02695088893152,26.938405021659303],[94.02680156108352,26.936699113603705],[94.02484376107525,26.9332817340442],[94.02460290118798,26.93271298829499],[94.02150529179774,26.931544210981574],[94.01921307236533,26.931057439308045],[94.01758452826485,26.930947916072743],[94.01405590720128,26.930782761646775],[94.01070888955553,26.929940777218672],[94.00840496866826,26.931319739299614],[94.00652965017271,26.93626403234409],[94.00526161077553,26.937427174813955],[93.99924515673654,26.941836627843184],[93.99813688900086,26.94202269783754],[93.99486959593825,26.940106226252826],[93.99088263285716,26.93585424299711],[93.98801922324463,26.932237454901284],[93.98059324874446,26.92544108787997],[93.97894494170774,26.924694891297086],[93.97639652365464,26.923505472955473],[93.97124569700321,26.922525312719035],[93.96796450879982,26.923723386816256],[93.96321952572242,26.92655584265648],[93.9623143095803,26.92680657974927],[93.96417318890614,26.916830557188916],[93.96677264833535,26.913065359353645],[93.96753885018727,26.908344684371986],[93.96672529184853,26.90450499113732],[93.966240489056,26.902664152185203],[93.96359023079576,26.899123529946227],[93.95780308700441,26.893599067199094],[93.95691644981899,26.89251659689745],[93.95735870300979,26.891613807062352],[93.96262995421493,26.88780191715776],[93.96567784634577,26.88546248926756],[93.96854446114725,26.88330359435291],[93.96996285606511,26.882395526051347],[93.97078451990265,26.881898562941366],[93.97186429577249,26.881541347096746],[93.9710501652069,26.876961647269223],[93.97163311882572,26.8761083158767],[93.97371387394188,26.87324135077202],[93.97811114522395,26.87258383637674],[93.98169340020156,26.87212996802178],[93.98494260209267,26.87067439530932],[93.98698452483575,26.869729571129827],[93.99396794431118,26.869328806073057],[93.99955761594518,26.86690634705708],[93.99984536339868,26.865784659890384],[94.00156360697522,26.85913421862796],[94.00264431080475,26.855462889764254],[94.00334192358977,26.852613393093883],[94.0040963763761,26.849844624181625],[94.00482163122072,26.846965464728356],[94.00730565623762,26.83859752392806],[94.00755197698346,26.837461008657325],[94.008388656161,26.834293261287694],[94.00838322494683,26.833959209963865],[94.00709088612119,26.83309609867116],[94.0061049159266,26.832358744652186],[94.00287377107102,26.828881259237058],[94.00165002400723,26.82757451137367],[93.99946180612855,26.825211269984663],[93.99870254016896,26.824428003817168],[93.99341952911843,26.821664703318664],[93.98936375598488,26.819862975936605],[93.98640491923804,26.818434863234696],[93.98488477304625,26.817145428713825],[93.98242234712203,26.813974883686903],[93.98016099829438,26.810646277630838],[93.97898252542261,26.808035689662425],[94.05198236886504,26.806701307956008],[94.13305672462866,26.848580456391876],[94.18457773464345,26.85532628015197],[94.22976073057845,26.871505386120702],[94.23906752934853,26.86615885735687],[94.27129693836247,26.868868267153296],[94.33536581209854,26.885128231653965],[94.33609277643717,26.885784422387335],[94.35574792383686,26.903933563289154],[94.35835101335816,26.90657221517146],[94.36137504713341,26.90953235921829],[94.36426968308349,26.91155294075706],[94.37137680596344,26.91607697369824],[94.37596522077168,26.92070707620835],[94.37860954206619,26.92519692264037],[94.38197046473422,26.93469656865357],[94.38437868002597,26.938884103190457],[94.38943065516524,26.945336965801285],[94.39082055642059,26.94688261799143],[94.39663568991955,26.95272533615208],[94.39532404001028,26.95480960006475],[94.40884262322761,26.963909078953034],[94.41292900735279,26.965868985201954],[94.41889361422682,26.969623677921188],[94.42411050567918,26.97202040869953],[94.42792167744234,26.973352812961046],[94.43709184784758,26.980378068679506],[94.44258097195015,26.9867335256752],[94.44324975420447,26.98730937369832],[94.44952385135514,26.989357180800663],[94.45260612291024,26.990533291062874],[94.45805866941107,26.993572160889812],[94.45824770728618,26.993725265359217],[94.46055780229442,27.000484314247263],[94.46162992182308,27.003389023606104],[94.46487818856795,27.01467618288859],[94.46595830579759,27.017677119245043],[94.4674394282751,27.020454200017234],[94.46905794987195,27.0225948776147],[94.47173636312984,27.025686814997176],[94.47195939595026,27.02610992590818],[94.47301365607274,27.02752039719674],[94.47931788361637,27.033273795897028],[94.47990050216356,27.033475842086563],[94.48593275217851,27.03488468136438],[94.48826048560733,27.035388924344876],[94.49185998464512,27.036047980209627],[94.4985147887115,27.038033237149378],[94.49981303036687,27.038703663329258],[94.49981456918096,27.038704601080553],[94.50897242727693,27.044818101835066],[94.51279958276393,27.048107373232956],[94.5175915126964,27.05312781203632],[94.5263626254013,27.06333439811935],[94.53435248677835,27.07057165808202],[94.5378408687071,27.071616305831554],[94.54291313589026,27.07531282484576],[94.5443659003509,27.07687734696943],[94.54951064989942,27.08626942203556],[94.55103329700096,27.09265518498088],[94.55560992860761,27.09904241117312],[94.57882983719304,27.126791499621163],[94.57940827228596,27.128015981237258],[94.58122396600284,27.134857538612906],[94.58245975408472,27.136617062881058],[94.5930818490258,27.14557460174271],[94.59228292873459,27.146627225926014],[94.58209057884228,27.160840475855828],[94.58091007487965,27.162362677188657],[94.57696782184854,27.16797036198487],[94.57225435256963,27.17411264297232],[94.56755479460118,27.179143785122843]],[[94.54094468635428,27.10319221185315],[94.54328024321089,27.091465455966784],[94.52160559411931,27.062863554911374],[94.51114347835055,27.09977178270942],[94.54094468635428,27.10319221185315]]]},"properties":{"revenue_ci":"Majuli","district_3":"MAJULI","object_id":281,"district_1":"Majuli","revenue_cr":"Majuli","HQ":null,"area":648466675.6,"are_new":648}},
{"type":"Feature","geometry":{"type":"Polygon","coordinates":[[[92.94167314970476,26.400758104242115],[92.89325834416087,26.386391922115354],[92.87000480265117,26.366386721926656],[92.90066323699793,26.349601476273815],[92.94099037259666,26.35179044714259],[92.94599313263473,26.333673045856568],[92.91121938122411,26.316771537924655],[92.87973444112043,26.283664360159666],[92.84365848378913,26.304691688789404],[92.81271662468201,26.243770047659684],[92.82706184211537,26.225050857376576],[92.79362086898955,26.219448812064627],[92.80197654501153,26.201766714066615],[92.88211130341216,26.207881892018452],[92.93942737766415,26.202505870038035],[92.95579106103187,26.173826083627638],[92.95394256712903,26.14056125816977],[92.96633367573159,26.129158316957138],[93.03513014295781,26.108459858494466],[93.04054834237375,26.086906338151746],[93.10209367689852,26.074544991773283],[93.09340379165825,26.03306307601472],[93.12730332509223,26.030737619691525],[93.15801939894088,25.995593620997575],[93.1796502677388,25.996984707683385],[93.18973315791374,26.03264726653779],[93.24700989493942,26.02003139415066],[93.2595966530176,26.000238752338287],[93.29097947892801,25.98661443285385],[93.3249199261316,25.99926444887679],[93.34073771138601,25.986099101375313],[93.36388575924033,25.997215201166174],[93.38949524666867,25.99600209867724],[93.43448073631039,25.976006367412513],[93.45975663166303,25.99367777577201],[93.5004452816714,26.032173157892714],[93.53886936418849,26.050939339772196],[93.55187836907776,26.080972472263046],[93.54668500629933,26.10953893088836],[93.56803434847708,26.1205747287502],[93.5688381888411,26.152943342552227],[93.59700482954034,26.14015251179112],[93.6476259243715,26.13627618337354],[93.61931006901195,26.19122633400793],[93.56959328212618,26.1893205455656],[93.56652840105669,26.205445794578925],[93.58094107028977,26.22317093875078],[93.5689743869129,26.24319528833131],[93.53812544774215,26.247994866776818],[93.507684396711,26.242228752679317],[93.48849376005987,26.252060421755512],[93.48770055305391,26.31958959209998],[93.49632936004139,26.35795399445098],[93.51598099682494,26.37250132732343],[93.52068879773444,26.39659658578754],[93.47425552658696,26.38781594994286],[93.43578210140798,26.404359920564914],[93.42050201893653,26.428784945607354],[93.4194718013243,26.46241711403531],[93.44245436692685,26.488889695388195],[93.48146227442854,26.496630308051383],[93.4756790499868,26.548930925074764],[93.49229294739881,26.562867494936032],[93.49558390927253,26.606625967058022],[93.47798216059367,26.603130688790195],[93.4733344794346,26.581197319593656],[93.4086600540604,26.570487047054055],[93.40310195910693,26.580041872544864],[93.33716168981816,26.58020691164441],[93.29768419967978,26.576553817134887],[93.2699329812904,26.57288973258368],[93.23502324830199,26.554123134339225],[93.24394329000289,26.532708590211477],[93.1998693801688,26.5331043568158],[93.2110074862737,26.559786825493173],[93.18261242645555,26.565139976183044],[93.11799183981132,26.5316394206638],[93.08909561618437,26.544582577661718],[93.05995388838018,26.544653542203204],[93.04633312269759,26.52684352501841],[93.01607187486046,26.510834696932175],[93.01363153940738,26.477204192208255],[93.07048037023569,26.49137133274577],[93.09036197124038,26.46866869932698],[93.12716183145182,26.486164591077884],[93.12360109112525,26.461298672262824],[93.08661583391056,26.438192111991135],[93.07628628522319,26.420606698648626],[93.04827473955605,26.43442664190202],[93.01802571150172,26.420232299045523],[93.00410263308162,26.42461226583404],[92.94167314970476,26.400758104242115]]]},"properties":{"revenue_ci":"Phuloni","district_3":"K.ANGLONG","object_id":275,"district_1":"K.ANGLONG","revenue_cr":"Phuloni","HQ":null,"area":3303172433,"are_new":3303}}
]}